team,date,is_home,total_min,n_passes,long_ball_pct,deep_circ_pct,wing_pct,territory,cross_pct,ppda,low_block,counters_per90,gk_short_pct,gk_passes_per90,sp_pct,sp_shots_pct
Fortuna Sittard,2025-08-08,True,101,277,0.056451612903225805,0.39919354838709675,0.43548387096774194,41.28225806451613,0.03225806451612903,23.8,0.7466666666666667,26.73267326732673,0.125,7.128712871287129,0.05415162454873646,0.5714285714285714
Go Ahead Eagles,2025-08-08,False,101,553,0.028846153846153848,0.4076923076923077,0.47692307692307695,42.73076923076923,0.038461538461538464,10.166666666666666,0.3559322033898305,74.85148514851485,0.42857142857142855,12.475247524752476,0.03074141048824593,0.21621621621621623
Feyenoord Rotterdam,2025-08-09,True,95,516,0.05030181086519115,0.3118712273641851,0.45472837022132795,46.877062374245476,0.012072434607645875,9.916666666666666,0.28378378378378377,58.73684210526316,0.5,3.789473684210526,0.029069767441860465,0.0
NAC Breda,2025-08-09,False,95,353,0.06363636363636363,0.403030303030303,0.5272727272727272,40.124242424242425,0.012121212121212121,19.266666666666666,0.6857142857142857,61.57894736842105,0.5,7.578947368421052,0.042492917847025496,0.0
Nijmegen Eendracht Combinatie,2025-08-09,True,94,321,0.07560137457044673,0.4261168384879725,0.5120274914089347,40.60171821305842,0.010309278350515464,10.107142857142858,0.4588235294117647,64.14893617021276,0.5714285714285714,6.702127659574468,0.056074766355140186,0.2222222222222222
SBV Excelsior,2025-08-09,False,94,515,0.05702647657841141,0.31568228105906315,0.45417515274949083,46.269450101833,0.008146639511201629,8.115384615384615,0.4430379746835443,88.08510638297872,0.2857142857142857,6.702127659574468,0.038834951456310676,0.0
PSV Eindhoven,2025-08-09,True,96,720,0.018439716312056736,0.3375886524822695,0.475177304964539,45.56879432624113,0.009929078014184398,9.8,0.1320754716981132,120.9375,0.0,3.75,0.013888888888888888,0.21739130434782608
Sparta Rotterdam,2025-08-09,False,96,364,0.02023121387283237,0.34971098265895956,0.43352601156069365,44.94942196531792,0.02601156069364162,45.2,0.7857142857142857,39.375,0.0,0.9375,0.04120879120879121,0.0
SC Heerenveen,2025-08-09,True,97,514,0.033542976939203356,0.28721174004192873,0.42348008385744235,48.22662473794549,0.018867924528301886,14.333333333333334,0.12962962962962962,69.58762886597938,0.3684210526315789,17.628865979381445,0.038910505836575876,0.11764705882352941
FC Volendam,2025-08-09,False,97,383,0.058011049723756904,0.3314917127071823,0.5193370165745856,45.61629834254144,0.024861878453038673,41.0,0.76,55.670103092783506,0.5,1.8556701030927836,0.031331592689295036,0.16666666666666666
AFC Ajax,2025-08-10,True,96,394,0.02425876010781671,0.46630727762803237,0.38274932614555257,39.31832884097035,0.01078167115902965,30.5,0.6818181818181818,68.4375,0.16666666666666666,5.625,0.048223350253807105,0.3333333333333333
SC Telstar,2025-08-10,False,96,648,0.02576489533011272,0.2463768115942029,0.4557165861513688,48.314653784219004,0.00966183574879227,14.0,0.4027777777777778,71.25,0.625,7.5,0.032407407407407406,0.14285714285714285
Alkmaar Zaanstreek,2025-08-10,True,94,437,0.043583535108958835,0.2784503631961259,0.5205811138014528,46.69661016949153,0.007263922518159807,9.217391304347826,0.5783132530120482,45.0,0.0,2.872340425531915,0.038901601830663615,0.2
FC Groningen,2025-08-10,False,94,426,0.044009779951100246,0.2176039119804401,0.4572127139364303,49.33691931540342,0.029339853300733496,8.483870967741936,0.25396825396825395,43.08510638297872,0.5,3.829787234042553,0.03051643192488263,0.16666666666666666
FC Utrecht,2025-08-10,True,93,384,0.06515580736543909,0.29745042492917845,0.5297450424929179,45.640509915014164,0.019830028328611898,12.090909090909092,0.47368421052631576,49.354838709677416,0.4666666666666667,14.516129032258062,0.046875,0.16666666666666666
Heracles Almelo,2025-08-10,False,93,408,0.05370843989769821,0.38107416879795397,0.45524296675191817,41.55754475703325,0.017902813299232736,13.5,0.4931506849315068,59.99999999999999,0.0,1.9354838709677418,0.031862745098039214,0.2222222222222222
PEC Zwolle,2025-08-10,True,99,381,0.059490084985835696,0.29745042492917845,0.5297450424929179,46.5014164305949,0.0084985835694051,11.178571428571429,0.5684210526315789,40.0,0.6,4.545454545454545,0.047244094488188976,0.14285714285714285
FC Twente,2025-08-10,False,99,503,0.0613107822410148,0.38054968287526425,0.5496828752642706,44.24186046511628,0.02536997885835095,9.904761904761905,0.4794520547945205,80.0,0.46153846153846156,11.818181818181817,0.03777335984095427,0.125
SC Telstar,2025-08-15,True,95,433,0.033816425120772944,0.2898550724637681,0.3961352657004831,43.84444444444444,0.004830917874396135,18.266666666666666,0.6804123711340206,67.26315789473684,0.0,0.9473684210526315,0.03002309468822171,0.1
PEC Zwolle,2025-08-15,False,95,490,0.06493506493506493,0.2727272727272727,0.5194805194805194,47.031601731601725,0.023809523809523808,10.538461538461538,0.34615384615384615,69.15789473684211,0.2727272727272727,10.421052631578947,0.04081632653061224,0.18181818181818182
FC Groningen,2025-08-16,True,99,487,0.058315334773218146,0.37365010799136067,0.37365010799136067,42.03606911447084,0.008639308855291577,15.0,0.5285714285714286,55.45454545454545,0.2857142857142857,6.363636363636363,0.04106776180698152,0.0
SC Heerenveen,2025-08-16,False,99,414,0.07216494845360824,0.3711340206185567,0.5309278350515464,42.45541237113403,0.01288659793814433,12.56,0.4935064935064935,56.36363636363636,0.1111111111111111,8.181818181818182,0.043478260869565216,0.1875
Heracles Almelo,2025-08-16,True,95,166,0.06716417910447761,0.35074626865671643,0.3656716417910448,47.67164179104478,0.05223880597014925,28.11111111111111,0.41975308641975306,19.894736842105264,0.25,7.578947368421052,0.10240963855421686,0.14285714285714285
Nijmegen Eendracht Combinatie,2025-08-16,False,95,709,0.023529411764705882,0.4,0.3264705882352941,41.17088235294118,0.030882352941176472,5.555555555555555,0.14754098360655737,119.36842105263158,0.16666666666666666,11.368421052631579,0.023977433004231313,0.08
SBV Excelsior,2025-08-16,True,98,505,0.04201680672268908,0.33613445378151263,0.49369747899159666,43.765756302521005,0.0063025210084033615,15.294117647058824,0.5675675675675675,72.55102040816327,0.25,7.346938775510205,0.04554455445544554,0.25
Feyenoord Rotterdam,2025-08-16,False,98,448,0.03309692671394799,0.3120567375886525,0.47754137115839246,45.43451536643026,0.0070921985815602835,15.421052631578947,0.5679012345679012,45.00000000000001,0.5,7.346938775510205,0.026785714285714284,0.0
FC Twente,2025-08-17,True,100,497,0.047311827956989246,0.3053763440860215,0.5010752688172043,47.01569892473119,0.02795698924731183,11.608695652173912,0.36065573770491804,66.6,0.3076923076923077,11.7,0.04627766599597585,0.15
PSV Eindhoven,2025-08-17,False,100,495,0.05063291139240506,0.25738396624472576,0.5021097046413502,46.551898734177215,0.010548523206751054,16.875,0.6764705882352942,54.0,1.0,2.6999999999999997,0.03232323232323232,0.15384615384615385
FC Volendam,2025-08-17,True,97,643,0.02090032154340836,0.29260450160771706,0.4212218649517685,47.01913183279743,0.014469453376205787,10.277777777777779,0.39705882352941174,76.08247422680412,0.6666666666666666,5.567010309278351,0.024883359253499222,0.15789473684210525
Alkmaar Zaanstreek,2025-08-17,False,97,335,0.035256410256410256,0.34294871794871795,0.4519230769230769,47.33429487179487,0.05128205128205128,23.466666666666665,0.6666666666666666,26.90721649484536,0.6666666666666666,2.7835051546391756,0.03582089552238806,0.25
Go Ahead Eagles,2025-08-17,True,96,501,0.03368421052631579,0.2905263157894737,0.4336842105263158,47.09621052631579,0.01263157894736842,14.26086956521739,0.4426229508196721,59.0625,0.35714285714285715,13.125,0.03792415169660679,0.1111111111111111
AFC Ajax,2025-08-17,False,96,527,0.013972055888223553,0.35129740518962077,0.499001996007984,45.17904191616766,0.017964071856287425,13.68421052631579,0.33766233766233766,79.6875,0.3333333333333333,8.4375,0.03795066413662239,0.09090909090909091
NAC Breda,2025-08-17,True,96,555,0.03932584269662921,0.3052434456928839,0.449438202247191,46.53014981273408,0.020599250936329586,6.724137931034483,0.22033898305084745,76.875,0.5555555555555556,8.4375,0.02702702702702703,0.1
Fortuna Sittard,2025-08-17,False,96,352,0.052307692307692305,0.3076923076923077,0.4461538461538462,46.02830769230769,0.015384615384615385,22.857142857142858,0.6774193548387096,27.1875,0.3,9.375,0.05113636363636364,0.15384615384615385
Sparta Rotterdam,2025-08-17,True,100,433,0.0413625304136253,0.46715328467153283,0.4257907542579075,38.489781021897805,0.004866180048661801,13.090909090909092,0.6391752577319587,57.599999999999994,0.0,1.7999999999999998,0.04387990762124711,0.13333333333333333
FC Utrecht,2025-08-17,False,100,538,0.047619047619047616,0.2837301587301587,0.5535714285714286,47.49900793650794,0.015873015873015872,16.61111111111111,0.45454545454545453,45.9,0.2727272727272727,19.8,0.027881040892193308,0.15
Go Ahead Eagles,2025-08-23,True,100,293,0.01824817518248175,0.39416058394160586,0.4233576642335766,43.69671532846716,0.014598540145985401,28.142857142857142,0.7469879518072289,36.0,0.0,1.7999999999999998,0.034129692832764506,0.07692307692307693
Sparta Rotterdam,2025-08-23,False,100,613,0.024054982817869417,0.3333333333333333,0.4793814432989691,43.26202749140893,0.03436426116838488,12.923076923076923,0.2702702702702703,75.6,0.35294117647058826,15.299999999999999,0.03099510603588907,0.3157894736842105
PSV Eindhoven,2025-08-23,True,94,603,0.04130808950086059,0.3459552495697074,0.47332185886402756,45.037349397590354,0.0068846815834767644,8.666666666666666,0.5147058823529411,85.2127659574468,0.3333333333333333,5.74468085106383,0.029850746268656716,0.09090909090909091
FC Groningen,2025-08-23,False,94,315,0.07432432432432433,0.32432432432432434,0.40202702702702703,45.63108108108108,0.013513513513513514,13.653846153846153,0.44155844155844154,31.595744680851062,0.4,4.787234042553191,0.044444444444444446,0.11764705882352941
SC Telstar,2025-08-23,True,96,451,0.04,0.4023529411764706,0.548235294117647,44.520235294117654,0.021176470588235293,14.941176470588236,0.43209876543209874,67.5,0.3333333333333333,11.25,0.03325942350332594,0.0
FC Volendam,2025-08-23,False,96,479,0.053811659192825115,0.2982062780269058,0.4349775784753363,46.47982062780269,0.020179372197309416,20.153846153846153,0.6623376623376623,60.9375,0.25,11.25,0.03966597077244259,0.2
AFC Ajax,2025-08-24,True,98,687,0.02900763358778626,0.2916030534351145,0.45038167938931295,47.555419847328245,0.012213740458015267,8.916666666666666,0.47058823529411764,63.36734693877552,0.6,9.183673469387756,0.03784570596797671,0.10714285714285714
Heracles Almelo,2025-08-24,False,98,366,0.04678362573099415,0.3654970760233918,0.4590643274853801,43.86520467836258,0.017543859649122806,24.0,0.5652173913043478,45.00000000000001,0.3333333333333333,5.510204081632653,0.040983606557377046,0.0
FC Utrecht,2025-08-24,True,94,451,0.05250596658711217,0.45346062052505964,0.4510739856801909,36.55489260143198,0.007159904534606206,24.0,0.6774193548387096,68.93617021276596,0.15384615384615385,12.446808510638297,0.050997782705099776,0.3125
SBV Excelsior,2025-08-24,False,94,444,0.03294117647058824,0.24941176470588236,0.46588235294117647,48.46682352941177,0.01647058823529412,14.954545454545455,0.3225806451612903,49.78723404255319,0.8,4.787234042553191,0.024774774774774775,0.09090909090909091
Nijmegen Eendracht Combinatie,2025-08-24,True,97,453,0.04047619047619048,0.2904761904761905,0.42857142857142855,48.55142857142857,0.016666666666666666,10.75,0.29333333333333333,55.670103092783506,0.5,9.278350515463918,0.046357615894039736,0.05263157894736842
NAC Breda,2025-08-24,False,97,432,0.04656862745098039,0.48284313725490197,0.4485294117647059,37.59117647058824,0.004901960784313725,13.166666666666666,0.4875,71.44329896907217,0.375,7.422680412371134,0.03935185185185185,0.14285714285714285
SC Heerenveen,2025-08-24,True,97,438,0.05060240963855422,0.38072289156626504,0.4987951807228916,41.88843373493976,0.007228915662650603,11.72,0.5161290322580645,51.95876288659794,0.16666666666666666,5.567010309278351,0.0365296803652968,0.0
FC Twente,2025-08-24,False,97,526,0.0326530612244898,0.32857142857142857,0.3979591836734694,45.65897959183674,0.02040816326530612,10.461538461538462,0.4166666666666667,59.381443298969074,0.35714285714285715,12.989690721649485,0.049429657794676805,0.2222222222222222
FC Groningen,2025-08-29,True,93,392,0.06521739130434782,0.2907608695652174,0.5353260869565217,44.24483695652174,0.016304347826086956,12.421052631578947,0.5058823529411764,52.258064516129025,0.125,7.741935483870967,0.04336734693877551,0.375
Heracles Almelo,2025-08-29,False,93,392,0.04657534246575343,0.2602739726027397,0.4465753424657534,46.339999999999996,0.019178082191780823,11.136363636363637,0.3670886075949367,61.93548387096774,0.4444444444444444,8.709677419354838,0.04336734693877551,0.0
FC Volendam,2025-08-30,True,98,703,0.02225519287833828,0.26409495548961426,0.4807121661721068,46.9753709198813,0.019287833827893175,8.416666666666666,0.09090909090909091,85.40816326530613,0.3076923076923077,11.938775510204083,0.02702702702702703,0.23076923076923078
AFC Ajax,2025-08-30,False,98,320,0.03436426116838488,0.4020618556701031,0.3848797250859107,42.5360824742268,0.020618556701030927,21.2,0.6,39.48979591836735,1.0,4.591836734693878,0.05625,0.18181818181818182
PSV Eindhoven,2025-08-30,True,94,271,0.051587301587301584,0.373015873015873,0.5198412698412699,45.51309523809523,0.023809523809523808,29.428571428571427,0.7788461538461539,26.80851063829787,0.0,2.872340425531915,0.05166051660516605,0.1111111111111111
SC Telstar,2025-08-30,False,94,643,0.03859060402684564,0.34395973154362414,0.5570469798657718,45.93607382550336,0.020134228187919462,8.470588235294118,0.26666666666666666,92.8723404255319,0.5185185185185185,25.851063829787233,0.03732503888024884,0.30434782608695654
SBV Excelsior,2025-08-30,True,100,275,0.08713692946058091,0.3360995850622407,0.5435684647302904,45.84647302904564,0.016597510373443983,32.666666666666664,0.7634408602150538,25.2,0.6666666666666666,2.6999999999999997,0.05454545454545454,0.3333333333333333
FC Twente,2025-08-30,False,100,607,0.044673539518900345,0.38316151202749144,0.5549828178694158,44.732817869415804,0.041237113402061855,5.814814814814815,0.17142857142857143,87.3,0.46153846153846156,11.7,0.02800658978583196,0.14814814814814814
SC Heerenveen,2025-08-30,True,98,420,0.06818181818181818,0.4015151515151515,0.44696969696969696,41.91616161616162,0.017676767676767676,14.666666666666666,0.5753424657534246,34.89795918367347,0.3,9.183673469387756,0.0380952380952381,0.08333333333333333
Go Ahead Eagles,2025-08-30,False,98,523,0.04208416833667335,0.3046092184368738,0.48296593186372744,48.22605210420842,0.014028056112224449,16.9375,0.3466666666666667,54.18367346938776,0.42857142857142855,6.428571428571429,0.028680688336520075,0.15789473684210525
Fortuna Sittard,2025-08-31,True,105,306,0.05263157894736842,0.3824561403508772,0.44912280701754387,44.64280701754386,0.014035087719298246,22.071428571428573,0.7368421052631579,38.57142857142857,0.5,5.142857142857142,0.032679738562091505,0.1
Nijmegen Eendracht Combinatie,2025-08-31,False,105,500,0.05970149253731343,0.3091684434968017,0.4861407249466951,44.91663113006397,0.031982942430703626,8.75,0.17391304347826086,52.285714285714285,0.4,8.571428571428571,0.046,0.07142857142857142
NAC Breda,2025-08-31,True,97,315,0.05714285714285714,0.21071428571428572,0.45714285714285713,49.73892857142857,0.007142857142857143,20.533333333333335,0.68,28.762886597938145,0.4166666666666667,11.134020618556702,0.050793650793650794,0.25
Alkmaar Zaanstreek,2025-08-31,False,97,492,0.02531645569620253,0.350210970464135,0.4345991561181435,44.83565400843882,0.0189873417721519,8.1,0.2318840579710145,60.30927835051547,0.25,3.711340206185567,0.032520325203252036,0.041666666666666664
PEC Zwolle,2025-08-31,True,102,486,0.032467532467532464,0.3658008658008658,0.4069264069264069,41.48831168831168,0.0021645021645021645,13.421052631578947,0.4794520547945205,54.70588235294118,0.25,7.0588235294117645,0.037037037037037035,0.15384615384615385
FC Utrecht,2025-08-31,False,102,456,0.04576659038901602,0.3157894736842105,0.43478260869565216,45.35972540045767,0.004576659038901602,14.666666666666666,0.5416666666666666,59.11764705882353,0.5,5.294117647058823,0.02850877192982456,0.16666666666666666
Sparta Rotterdam,2025-08-31,True,96,523,0.029940119760479042,0.3652694610778443,0.4031936127744511,43.46027944111776,0.017964071856287425,15.615384615384615,0.12280701754385964,85.3125,0.2,9.375,0.028680688336520075,0.08333333333333333
Feyenoord Rotterdam,2025-08-31,False,96,322,0.03986710963455149,0.4119601328903654,0.42857142857142855,42.71528239202657,0.016611295681063124,56.833333333333336,0.8,45.9375,0.6666666666666666,2.8125,0.037267080745341616,0.2857142857142857
AFC Ajax,2025-09-13,True,96,582,0.026929982046678635,0.30341113105924594,0.41831238779174146,46.628186714542196,0.02333931777378815,8.923076923076923,0.3698630136986301,61.875,0.6,4.6875,0.030927835051546393,0.08333333333333333
PEC Zwolle,2025-09-13,False,96,403,0.02666666666666667,0.34933333333333333,0.376,45.607466666666674,0.005333333333333333,13.125,0.475,52.5,0.2857142857142857,6.5625,0.052109181141439205,0.125
FC Twente,2025-09-13,True,102,327,0.09698996655518395,0.3076923076923077,0.5150501672240803,45.230434782608704,0.006688963210702341,13.55,0.6336633663366337,50.294117647058826,0.14285714285714285,6.176470588235294,0.05198776758409786,0.2
NAC Breda,2025-09-13,False,102,469,0.05668934240362812,0.272108843537415,0.4897959183673469,47.03628117913832,0.015873015873015872,5.026315789473684,0.13043478260869565,42.35294117647059,0.2857142857142857,6.176470588235294,0.04904051172707889,0.13333333333333333
Feyenoord Rotterdam,2025-09-13,True,107,379,0.05157593123209169,0.3209169054441261,0.4813753581661891,47.02120343839542,0.011461318051575931,13.294117647058824,0.6590909090909091,47.10280373831776,0.4,8.411214953271028,0.047493403693931395,0.09090909090909091
SC Heerenveen,2025-09-13,False,107,436,0.05623471882640587,0.3374083129584352,0.44987775061124696,47.07897310513447,0.014669926650366748,11.058823529411764,0.5645161290322581,54.67289719626168,0.2857142857142857,5.88785046728972,0.03669724770642202,0.0
Go Ahead Eagles,2025-09-13,True,99,478,0.036036036036036036,0.2905405405405405,0.40765765765765766,48.460585585585584,0.033783783783783786,13.894736842105264,0.5423728813559322,36.36363636363636,0.5,16.363636363636363,0.043933054393305436,0.10526315789473684
FC Volendam,2025-09-13,False,99,417,0.04336734693877551,0.3979591836734694,0.4413265306122449,42.30969387755103,0.017857142857142856,15.4375,0.6585365853658537,52.72727272727272,0.2727272727272727,10.0,0.0407673860911271,0.15789473684210525
Nijmegen Eendracht Combinatie,2025-09-13,True,100,462,0.05336426914153132,0.31786542923433875,0.46635730858468677,47.3877030162413,0.02088167053364269,8.521739130434783,0.38596491228070173,59.4,0.5,7.199999999999999,0.05194805194805195,0.10526315789473684
PSV Eindhoven,2025-09-13,False,100,345,0.039755351681957186,0.3211009174311927,0.4954128440366973,45.22232415902141,0.012232415902140673,12.45,0.6666666666666666,43.199999999999996,0.6666666666666666,2.6999999999999997,0.0463768115942029,0.1111111111111111
FC Utrecht,2025-09-14,True,98,398,0.051630434782608696,0.40217391304347827,0.4891304347826087,39.80625,0.010869565217391304,17.58823529411765,0.5070422535211268,73.46938775510205,0.26666666666666666,13.775510204081634,0.04773869346733668,0.14285714285714285
FC Groningen,2025-09-14,False,98,485,0.04782608695652174,0.35434782608695653,0.43478260869565216,43.36978260869565,0.006521739130434782,11.478260869565217,0.46153846153846156,58.77551020408164,0.5555555555555556,8.26530612244898,0.0288659793814433,0.07142857142857142
Heracles Almelo,2025-09-14,True,96,440,0.0387409200968523,0.30024213075060535,0.4552058111380145,45.708474576271186,0.031476997578692496,7.666666666666667,0.3055555555555556,67.5,0.2727272727272727,10.3125,0.038636363636363635,0.1111111111111111
Alkmaar Zaanstreek,2025-09-14,False,96,406,0.02666666666666667,0.3253333333333333,0.44533333333333336,46.840266666666665,0.016,13.35,0.5952380952380952,54.375,0.7272727272727273,10.3125,0.04433497536945813,0.16
SBV Excelsior,2025-09-14,True,98,488,0.03938730853391685,0.3150984682713348,0.5361050328227571,47.62450765864333,0.019693654266958426,20.384615384615383,0.45901639344262296,74.38775510204083,0.6,9.183673469387756,0.03278688524590164,0.1875
Sparta Rotterdam,2025-09-14,False,98,430,0.031862745098039214,0.25980392156862747,0.4362745098039216,46.84583333333333,0.024509803921568627,16.6875,0.4148936170212766,39.48979591836735,0.16666666666666666,5.510204081632653,0.03255813953488372,0.05263157894736842
SC Telstar,2025-09-14,True,97,517,0.04583333333333333,0.28541666666666665,0.5229166666666667,46.06020833333333,0.014583333333333334,12.5,0.3220338983050847,69.58762886597938,0.15384615384615385,12.061855670103093,0.05415860735009671,0.2777777777777778
Fortuna Sittard,2025-09-14,False,97,396,0.02956989247311828,0.3763440860215054,0.4489247311827957,40.96693548387097,0.016129032258064516,16.38888888888889,0.6595744680851063,57.52577319587629,0.0,1.8556701030927836,0.04292929292929293,0.0
Feyenoord Rotterdam,2025-09-17,True,94,472,0.05251141552511415,0.3127853881278539,0.5091324200913242,45.104337899543374,0.02054794520547945,9.4,0.203125,88.08510638297872,0.6428571428571429,13.404255319148936,0.048728813559322036,0.2631578947368421
Fortuna Sittard,2025-09-17,False,94,355,0.055384615384615386,0.39384615384615385,0.5876923076923077,40.94707692307692,0.003076923076923077,21.428571428571427,0.7419354838709677,62.234042553191486,0.5,3.829787234042553,0.03943661971830986,0.0
Sparta Rotterdam,2025-09-19,True,94,412,0.04871794871794872,0.32051282051282054,0.41794871794871796,44.814871794871806,0.007692307692307693,25.636363636363637,0.6491228070175439,46.91489361702127,0.6,9.574468085106382,0.01699029126213592,0.14285714285714285
FC Twente,2025-09-19,False,94,492,0.035864978902953586,0.29957805907172996,0.5210970464135021,47.60105485232068,0.010548523206751054,9.791666666666666,0.32142857142857145,69.8936170212766,1.0,2.872340425531915,0.03048780487804878,0.13043478260869565
FC Groningen,2025-09-20,True,97,477,0.03524229074889868,0.34801762114537443,0.4977973568281938,45.016079295154185,0.011013215859030838,18.76923076923077,0.6285714285714286,68.65979381443299,0.3333333333333333,5.567010309278351,0.03563941299790356,0.17647058823529413
SC Telstar,2025-09-20,False,97,405,0.06476683937823834,0.36528497409326427,0.5440414507772021,43.34170984455959,0.018134715025906734,13.947368421052632,0.5074626865671642,64.02061855670104,0.2,4.639175257731959,0.0345679012345679,0.0
FC Volendam,2025-09-20,True,95,438,0.04466501240694789,0.3771712158808933,0.48883374689826303,46.09429280397023,0.019851116625310174,12.35,0.5245901639344263,55.89473684210526,0.4,14.210526315789473,0.0365296803652968,0.26666666666666666
SBV Excelsior,2025-09-20,False,95,417,0.03636363636363636,0.2987012987012987,0.38181818181818183,45.20025974025974,0.015584415584415584,11.090909090909092,0.654320987654321,62.526315789473685,0.16666666666666666,11.368421052631579,0.05755395683453238,0.3076923076923077
Fortuna Sittard,2025-09-20,True,100,361,0.03197674418604651,0.37209302325581395,0.4883720930232558,42.28662790697675,0.005813953488372093,19.38095238095238,0.6732673267326733,38.699999999999996,0.0,1.7999999999999998,0.027700831024930747,0.16666666666666666
FC Utrecht,2025-09-20,False,100,658,0.035541195476575124,0.2245557350565428,0.4378029079159935,48.901938610662356,0.008077544426494346,10.130434782608695,0.21568627450980393,60.3,0.3076923076923077,23.4,0.03951367781155015,0.35714285714285715
NAC Breda,2025-09-20,True,100,338,0.056962025316455694,0.27531645569620256,0.4778481012658228,46.88607594936709,0.015822784810126583,20.733333333333334,0.7142857142857143,30.599999999999998,0.3333333333333333,8.1,0.038461538461538464,0.21428571428571427
Heracles Almelo,2025-09-20,False,100,565,0.046065259117082535,0.2437619961612284,0.4856046065259117,47.959884836852204,0.007677543186180422,10.941176470588236,0.3148148148148148,44.1,0.37037037037037035,24.299999999999997,0.04424778761061947,0.4375
Alkmaar Zaanstreek,2025-09-21,True,99,442,0.044226044226044224,0.25061425061425063,0.3538083538083538,49.75110565110565,0.004914004914004914,16.38888888888889,0.5945945945945946,37.272727272727266,0.25,14.545454545454545,0.04524886877828054,0.05263157894736842
Feyenoord Rotterdam,2025-09-21,False,99,499,0.035269709543568464,0.3651452282157676,0.4315352697095436,44.85311203319503,0.012448132780082987,19.454545454545453,0.6060606060606061,85.45454545454545,0.14285714285714285,6.363636363636363,0.02404809619238477,0.0
PEC Zwolle,2025-09-21,True,97,693,0.0377643504531722,0.43051359516616317,0.47129909365558914,40.820694864048335,0.028700906344410877,10.5625,0.1568627450980392,92.78350515463919,0.4444444444444444,16.701030927835053,0.017316017316017316,0.05
Go Ahead Eagles,2025-09-21,False,97,276,0.05622489959839357,0.357429718875502,0.4538152610441767,44.82329317269076,0.028112449799196786,34.266666666666666,0.7236842105263158,33.402061855670105,0.5,3.711340206185567,0.028985507246376812,0.0
PSV Eindhoven,2025-09-21,True,99,535,0.019801980198019802,0.2633663366336634,0.46732673267326735,47.83029702970297,0.013861386138613862,6.7272727272727275,0.14814814814814814,87.27272727272727,0.6666666666666666,5.454545454545454,0.04299065420560748,0.1875
AFC Ajax,2025-09-21,False,99,347,0.059006211180124224,0.42857142857142855,0.484472049689441,40.35900621118012,0.009316770186335404,17.157894736842106,0.5384615384615384,56.36363636363636,0.3333333333333333,5.454545454545454,0.06051873198847262,0.0
SC Heerenveen,2025-09-21,True,99,521,0.04838709677419355,0.35685483870967744,0.3709677419354839,43.54516129032258,0.010080645161290322,8.956521739130435,0.4666666666666667,42.72727272727273,0.16666666666666666,10.909090909090908,0.0345489443378119,0.2727272727272727
Nijmegen Eendracht Combinatie,2025-09-21,False,99,341,0.06430868167202572,0.4340836012861736,0.4565916398713826,41.473633440514476,0.006430868167202572,26.083333333333332,0.5671641791044776,43.63636363636363,0.5,5.454545454545454,0.06451612903225806,0.2857142857142857
Alkmaar Zaanstreek,2025-09-24,True,97,340,0.038461538461538464,0.391025641025641,0.40064102564102566,39.23461538461539,0.003205128205128205,35.45454545454545,0.7261904761904762,42.680412371134025,0.5,1.8556701030927836,0.041176470588235294,0.0
PEC Zwolle,2025-09-24,False,97,642,0.04241435562805873,0.30505709624796085,0.4535073409461664,45.01174551386623,0.01468189233278956,11.714285714285714,0.3181818181818182,93.71134020618557,0.46153846153846156,12.061855670103093,0.028037383177570093,0.07407407407407407
FC Twente,2025-09-26,True,95,433,0.05236907730673317,0.2892768079800499,0.44389027431421446,45.35960099750625,0.014962593516209476,12.416666666666666,0.4418604651162791,46.421052631578945,0.5555555555555556,8.526315789473683,0.04387990762124711,0.125
Fortuna Sittard,2025-09-26,False,95,532,0.048828125,0.275390625,0.580078125,48.080078125,0.009765625,11.043478260869565,0.30985915492957744,74.84210526315789,0.3333333333333333,2.8421052631578947,0.03195488721804511,0.05555555555555555
AFC Ajax,2025-09-27,True,102,479,0.026143790849673203,0.42483660130718953,0.4095860566448802,40.22222222222222,0.006535947712418301,15.529411764705882,0.6521739130434783,66.17647058823529,0.5,1.7647058823529411,0.03966597077244259,0.07692307692307693
NAC Breda,2025-09-27,False,102,477,0.051111111111111114,0.27555555555555555,0.4,47.403777777777776,0.006666666666666667,12.074074074074074,0.25,33.529411764705884,0.26666666666666666,13.23529411764706,0.039832285115303984,0.15789473684210525
FC Volendam,2025-09-27,True,96,539,0.03913894324853229,0.30724070450097846,0.43052837573385516,47.55401174168297,0.003913894324853229,10.38888888888889,0.3333333333333333,60.0,0.5454545454545454,10.3125,0.03153988868274583,0.06666666666666667
PEC Zwolle,2025-09-27,False,96,310,0.036101083032490974,0.3140794223826715,0.3898916967509025,44.73393501805054,0.018050541516245487,16.555555555555557,0.5633802816901409,38.4375,0.21428571428571427,13.125,0.05161290322580645,0.21428571428571427
Heracles Almelo,2025-09-27,True,96,452,0.03058823529411765,0.30823529411764705,0.4611764705882353,45.59388235294118,0.021176470588235293,13.8,0.2777777777777778,74.0625,0.4444444444444444,8.4375,0.03761061946902655,0.16666666666666666
Sparta Rotterdam,2025-09-27,False,96,497,0.027600849256900213,0.35456475583864117,0.5201698513800425,44.79087048832272,0.016985138004246284,18.133333333333333,0.5555555555555556,72.1875,0.5,7.5,0.03822937625754527,0.10526315789473684
SBV Excelsior,2025-09-27,True,97,378,0.049132947976878616,0.315028901734104,0.45375722543352603,46.269653179190755,0.011560693641618497,12.071428571428571,0.2876712328767123,51.95876288659794,0.6666666666666666,13.917525773195877,0.021164021164021163,0.11764705882352941
PSV Eindhoven,2025-09-27,False,97,646,0.027070063694267517,0.2929936305732484,0.5302547770700637,47.10238853503185,0.0031847133757961785,18.083333333333332,0.7101449275362319,82.57731958762886,0.6666666666666666,5.567010309278351,0.01393188854489164,0.0
FC Groningen,2025-09-28,True,106,443,0.052132701421800945,0.3696682464454976,0.45734597156398105,43.189810426540284,0.018957345971563982,13.409090909090908,0.44776119402985076,45.84905660377358,0.3333333333333333,7.641509433962264,0.022573363431151242,0.08333333333333333
Feyenoord Rotterdam,2025-09-28,False,106,478,0.035634743875278395,0.32516703786191536,0.46770601336302897,43.89198218262806,0.008908685968819599,16.176470588235293,0.686046511627907,67.0754716981132,0.125,6.792452830188679,0.04811715481171548,0.18181818181818182
FC Utrecht,2025-09-28,True,95,487,0.028199566160520606,0.39045553145336226,0.4837310195227766,42.88633405639913,0.013015184381778741,16.375,0.5975609756097561,58.73684210526316,0.42857142857142855,13.263157894736842,0.03285420944558522,0.23076923076923078
SC Heerenveen,2025-09-28,False,95,457,0.03233256351039261,0.325635103926097,0.4133949191685912,44.36882217090069,0.013856812933025405,14.19047619047619,0.4714285714285714,53.05263157894737,0.7142857142857143,6.631578947368421,0.037199124726477024,0.0
Nijmegen Eendracht Combinatie,2025-09-28,True,96,459,0.04408352668213457,0.43387470997679817,0.45011600928074247,38.41531322505801,0.004640371229698376,13.533333333333333,0.5647058823529412,70.3125,0.16666666666666666,5.625,0.0457516339869281,0.14285714285714285
Alkmaar Zaanstreek,2025-09-28,False,96,371,0.06158357771260997,0.2903225806451613,0.44574780058651026,47.2108504398827,0.02932551319648094,10.15625,0.32967032967032966,32.8125,0.3,9.375,0.05390835579514825,0.2857142857142857
SC Telstar,2025-09-28,True,95,329,0.04276315789473684,0.4868421052631579,0.45394736842105265,38.49375,0.013157894736842105,20.6,0.5897435897435898,51.1578947368421,0.14285714285714285,6.631578947368421,0.06382978723404255,0.25
Go Ahead Eagles,2025-09-28,False,95,516,0.03278688524590164,0.27049180327868855,0.4364754098360656,45.94795081967213,0.028688524590163935,10.181818181818182,0.2459016393442623,60.63157894736842,0.23076923076923078,12.31578947368421,0.031007751937984496,0.21428571428571427
NAC Breda,2025-10-03,True,100,571,0.037243947858473,0.26629422718808193,0.49162011173184356,46.806890130353814,0.0148975791433892,14.571428571428571,0.618421052631579,63.9,0.4,13.5,0.040280210157618214,0.3
FC Groningen,2025-10-03,False,100,373,0.04093567251461988,0.28362573099415206,0.4853801169590643,47.3187134502924,0.017543859649122806,9.06060606060606,0.42168674698795183,48.599999999999994,0.5,7.199999999999999,0.058981233243967826,0.07142857142857142
Fortuna Sittard,2025-10-04,True,98,452,0.04481132075471698,0.29009433962264153,0.5636792452830188,46.61108490566038,0.030660377358490566,7.67741935483871,0.23170731707317074,54.18367346938776,0.2,4.591836734693878,0.04424778761061947,0.125
FC Volendam,2025-10-04,False,98,413,0.05526315789473684,0.27631578947368424,0.5026315789473684,46.015,0.015789473684210527,14.833333333333334,0.6494845360824743,51.42857142857143,0.2857142857142857,6.428571428571429,0.04600484261501211,0.25
PEC Zwolle,2025-10-04,True,94,304,0.03202846975088968,0.45907473309608543,0.43416370106761565,39.79430604982207,0.014234875444839857,41.916666666666664,0.7837837837837838,43.08510638297872,0.625,7.659574468085106,0.046052631578947366,0.25
PSV Eindhoven,2025-10-04,False,94,782,0.026420079260237782,0.3394980184940555,0.42536327608982827,44.676750330251,0.007926023778071334,8.478260869565217,0.19298245614035087,142.6595744680851,0.7777777777777778,8.617021276595745,0.020460358056265986,0.0
SC Heerenveen,2025-10-04,True,100,646,0.02287581699346405,0.28594771241830064,0.4542483660130719,46.91388888888889,0.029411764705882353,10.043478260869565,0.31746031746031744,62.099999999999994,0.21428571428571427,12.6,0.03560371517027864,0.16666666666666666
SBV Excelsior,2025-10-04,False,100,338,0.06369426751592357,0.3853503184713376,0.589171974522293,40.91528662420382,0.01910828025477707,34.18181818181818,0.7058823529411765,43.199999999999996,0.3333333333333333,2.6999999999999997,0.03254437869822485,0.0
Sparta Rotterdam,2025-10-04,True,103,314,0.0726643598615917,0.30103806228373703,0.4809688581314879,46.02491349480969,0.02422145328719723,9.89655172413793,0.31958762886597936,42.81553398058253,0.8333333333333334,5.242718446601942,0.044585987261146494,0.2
AFC Ajax,2025-10-04,False,103,630,0.04262295081967213,0.2442622950819672,0.4459016393442623,49.53213114754098,0.022950819672131147,14.0,0.6363636363636364,70.77669902912622,0.5714285714285714,6.116504854368932,0.020634920634920634,0.125
Alkmaar Zaanstreek,2025-10-05,True,98,500,0.03389830508474576,0.2860169491525424,0.451271186440678,48.12097457627118,0.014830508474576272,9.916666666666666,0.16393442622950818,56.02040816326531,0.2857142857142857,6.428571428571429,0.04,0.17857142857142858
SC Telstar,2025-10-05,False,98,348,0.039755351681957186,0.4434250764525994,0.46788990825688076,38.84617737003058,0.01529051987767584,17.0625,0.6190476190476191,43.163265306122454,0.0,3.6734693877551026,0.034482758620689655,0.07142857142857142
FC Twente,2025-10-05,True,101,380,0.04143646408839779,0.3011049723756906,0.4143646408839779,45.32403314917127,0.019337016574585635,21.846153846153847,0.6304347826086957,31.18811881188119,0.25,7.128712871287129,0.018421052631578946,0.14285714285714285
Heracles Almelo,2025-10-05,False,101,542,0.038535645472061654,0.2658959537572254,0.47591522157996147,48.473795761079,0.011560693641618497,8.652173913043478,0.13114754098360656,71.2871287128713,0.3333333333333333,5.346534653465347,0.023985239852398525,0.09523809523809523
Feyenoord Rotterdam,2025-10-05,True,96,497,0.042735042735042736,0.25854700854700857,0.3974358974358974,48.5491452991453,0.017094017094017096,11.80952380952381,0.11864406779661017,69.375,0.4166666666666667,11.25,0.04627766599597585,0.09090909090909091
FC Utrecht,2025-10-05,False,96,413,0.05569620253164557,0.29620253164556964,0.4962025316455696,44.48708860759494,0.002531645569620253,21.307692307692307,0.7222222222222222,61.875,0.2857142857142857,6.5625,0.024213075060532687,0.0
Go Ahead Eagles,2025-10-05,True,99,439,0.05459057071960298,0.3573200992555831,0.47642679900744417,45.35037220843672,0.04714640198511166,9.368421052631579,0.5454545454545454,60.90909090909091,0.4166666666666667,10.909090909090908,0.06378132118451026,0.2857142857142857
Nijmegen Eendracht Combinatie,2025-10-05,False,99,376,0.04046242774566474,0.29190751445086704,0.476878612716763,48.34335260115608,0.011560693641618497,11.045454545454545,0.6185567010309279,34.54545454545454,0.3,9.09090909090909,0.04521276595744681,0.17647058823529413
AFC Ajax,2025-10-18,True,96,374,0.03954802259887006,0.3644067796610169,0.5056497175141242,43.239548022598875,0.005649717514124294,14.142857142857142,0.5540540540540541,71.25,0.0,0.0,0.045454545454545456,0.07692307692307693
Alkmaar Zaanstreek,2025-10-18,False,96,584,0.03052064631956912,0.24057450628366248,0.473967684021544,48.70843806104129,0.012567324955116697,7.225806451612903,0.29577464788732394,52.5,0.25,3.75,0.039383561643835614,0.16666666666666666
FC Utrecht,2025-10-18,True,94,533,0.04183266932270916,0.23306772908366533,0.49203187250996017,49.01912350597609,0.01195219123505976,10.304347826086957,0.43859649122807015,57.44680851063829,0.3333333333333333,17.23404255319149,0.043151969981238276,0.09523809523809523
FC Volendam,2025-10-18,False,94,380,0.03314917127071823,0.3287292817679558,0.3812154696132597,42.98646408839779,0.008287292817679558,15.11111111111111,0.6382978723404256,48.82978723404255,0.16666666666666666,5.74468085106383,0.031578947368421054,0.0
NAC Breda,2025-10-18,True,95,479,0.033112582781456956,0.2671081677704194,0.3708609271523179,48.87395143487859,0.008830022075055188,14.25,0.39473684210526316,29.36842105263158,0.18181818181818182,10.421052631578947,0.031315240083507306,0.15789473684210525
PEC Zwolle,2025-10-18,False,95,546,0.023076923076923078,0.22884615384615384,0.4461538461538462,47.12903846153846,0.011538461538461539,18.692307692307693,0.5125,84.3157894736842,0.16666666666666666,5.684210526315789,0.02564102564102564,0.0
Nijmegen Eendracht Combinatie,2025-10-18,True,96,310,0.09278350515463918,0.4020618556701031,0.49140893470790376,41.605841924398625,0.01718213058419244,10.863636363636363,0.6020408163265306,56.25,0.0,0.0,0.05806451612903226,0.09090909090909091
FC Twente,2025-10-18,False,96,446,0.04096385542168675,0.2987951807228916,0.44096385542168676,47.654939759036154,0.016867469879518072,9.227272727272727,0.5121951219512195,54.375,0.2727272727272727,10.3125,0.05605381165919283,0.375
PSV Eindhoven,2025-10-18,True,95,448,0.041379310344827586,0.4068965517241379,0.41839080459770117,40.93655172413793,0.009195402298850575,24.846153846153847,0.5892857142857143,66.3157894736842,0.16666666666666666,5.684210526315789,0.017857142857142856,0.0
Go Ahead Eagles,2025-10-18,False,95,593,0.02972027972027972,0.33916083916083917,0.4143356643356643,47.48776223776224,0.012237762237762238,13.142857142857142,0.423728813559322,71.05263157894737,0.5,3.789473684210526,0.026981450252951095,0.08333333333333333
FC Groningen,2025-10-19,True,98,558,0.05363984674329502,0.23563218390804597,0.48084291187739464,48.76513409961686,0.017241379310344827,10.36,0.41379310344827586,58.77551020408164,0.15789473684210525,17.448979591836736,0.03225806451612903,0.16666666666666666
Sparta Rotterdam,2025-10-19,False,98,358,0.041791044776119404,0.43582089552238806,0.5074626865671642,38.31701492537314,0.008955223880597015,19.0625,0.6914893617021277,57.85714285714286,0.4,4.591836734693878,0.0446927374301676,0.2857142857142857
Heracles Almelo,2025-10-19,True,92,336,0.04823151125401929,0.3633440514469453,0.4565916398713826,41.44083601286174,0.012861736334405145,17.25,0.6666666666666666,45.97826086956522,0.4444444444444444,8.804347826086957,0.050595238095238096,0.5
Feyenoord Rotterdam,2025-10-19,False,92,582,0.03763440860215054,0.2974910394265233,0.45698924731182794,47.99372759856631,0.017921146953405017,13.1875,0.3898305084745763,89.0217391304348,0.3333333333333333,5.869565217391305,0.03264604810996564,0.05263157894736842
SBV Excelsior,2025-10-19,True,96,448,0.05515587529976019,0.27577937649880097,0.5035971223021583,45.92326139088729,0.016786570743405275,11.363636363636363,0.5172413793103449,52.5,0.5,1.875,0.05580357142857143,0.2
Fortuna Sittard,2025-10-19,False,96,448,0.06398104265402843,0.24881516587677724,0.542654028436019,47.345497630331764,0.018957345971563982,9.785714285714286,0.43529411764705883,50.625,0.6,4.6875,0.029017857142857144,0.0
SC Telstar,2025-10-19,True,98,377,0.056818181818181816,0.3352272727272727,0.4971590909090909,45.29659090909091,0.028409090909090908,12.85,0.6162790697674418,37.6530612244898,0.5555555555555556,8.26530612244898,0.042440318302387266,0.29411764705882354
SC Heerenveen,2025-10-19,False,98,433,0.032418952618453865,0.3566084788029925,0.5112219451371571,44.7351620947631,0.017456359102244388,12.625,0.569620253164557,64.28571428571429,0.3333333333333333,11.020408163265307,0.046189376443418015,0.14285714285714285
SC Heerenveen,2025-10-24,True,98,468,0.024774774774774775,0.32882882882882886,0.4752252252252252,45.73040540540539,0.0045045045045045045,11.88888888888889,0.6666666666666666,50.51020408163266,0.2727272727272727,10.102040816326532,0.03418803418803419,0.1
NAC Breda,2025-10-24,False,98,411,0.05361930294906166,0.289544235924933,0.5281501340482574,47.876407506702414,0.010723860589812333,17.0,0.5652173913043478,56.93877551020409,0.2777777777777778,16.53061224489796,0.038929440389294405,0.25
FC Volendam,2025-10-25,True,93,501,0.02109704641350211,0.24050632911392406,0.4810126582278481,48.617932489451476,0.016877637130801686,12.705882352941176,0.676056338028169,61.93548387096774,0.25,11.61290322580645,0.03792415169660679,0.23076923076923078
Heracles Almelo,2025-10-25,False,93,396,0.056,0.32266666666666666,0.47733333333333333,46.36506666666667,0.010666666666666666,18.214285714285715,0.5846153846153846,65.80645161290322,0.5454545454545454,10.64516129032258,0.027777777777777776,0.08333333333333333
Fortuna Sittard,2025-10-25,True,98,465,0.05542725173210162,0.3441108545034642,0.5311778290993071,45.86674364896074,0.03002309468822171,13.4375,0.5844155844155844,45.00000000000001,0.42857142857142855,12.857142857142858,0.03870967741935484,0.1111111111111111
FC Groningen,2025-10-25,False,98,359,0.08181818181818182,0.3424242424242424,0.47575757575757577,44.21636363636364,0.006060606060606061,11.26086956521739,0.5694444444444444,39.48979591836735,0.2,4.591836734693878,0.055710306406685235,0.11764705882352941
PEC Zwolle,2025-10-25,True,99,288,0.08239700374531835,0.41947565543071164,0.5168539325842697,39.12134831460674,0.018726591760299626,13.695652173913043,0.5697674418604651,55.45454545454545,0.4,4.545454545454545,0.04861111111111111,0.1
Nijmegen Eendracht Combinatie,2025-10-25,False,99,531,0.06732673267326733,0.3603960396039604,0.4792079207920792,45.10693069306931,0.009900990099009901,10.68421052631579,0.4067796610169492,59.99999999999999,0.5,7.2727272727272725,0.03389830508474576,0.0
Sparta Rotterdam,2025-10-25,True,99,433,0.034912718204488775,0.29177057356608477,0.44139650872817954,46.73142144638404,0.0199501246882793,11.91304347826087,0.6292134831460674,40.90909090909091,0.3333333333333333,5.454545454545454,0.04849884526558892,0.14285714285714285
SC Telstar,2025-10-25,False,99,495,0.05150214592274678,0.26394849785407726,0.5364806866952789,48.1587982832618,0.034334763948497854,9.608695652173912,0.23529411764705882,53.63636363636363,0.3076923076923077,11.818181818181817,0.03232323232323232,0.14285714285714285
Alkmaar Zaanstreek,2025-10-26,True,97,521,0.028397565922920892,0.3002028397565923,0.45841784989858014,47.64056795131847,0.012170385395537525,18.764705882352942,0.25757575757575757,75.15463917525774,0.3,9.278350515463918,0.04030710172744722,0.0
FC Utrecht,2025-10-26,False,97,533,0.047151277013752456,0.33398821218074654,0.47544204322200395,43.49882121807466,0.021611001964636542,10.346153846153847,0.49230769230769234,54.74226804123712,0.5,12.989690721649485,0.01125703564727955,0.0
FC Twente,2025-10-26,True,95,394,0.0374331550802139,0.3663101604278075,0.44919786096256686,43.790641711229945,0.0213903743315508,17.55,0.632183908045977,43.578947368421055,0.0,1.894736842105263,0.04060913705583756,0.1111111111111111
AFC Ajax,2025-10-26,False,95,620,0.021885521885521887,0.29797979797979796,0.46464646464646464,46.8513468013468,0.016835016835016835,6.848484848484849,0.17567567567567569,88.10526315789474,0.16666666666666666,5.684210526315789,0.03064516129032258,0.13636363636363635
Feyenoord Rotterdam,2025-10-26,True,97,493,0.031982942430703626,0.302771855010661,0.44776119402985076,45.57611940298508,0.006396588486140725,17.933333333333334,0.6428571428571429,46.39175257731959,0.6666666666666666,2.7835051546391756,0.02434077079107505,0.0
PSV Eindhoven,2025-10-26,False,97,464,0.05215419501133787,0.3287981859410431,0.41723356009070295,44.50975056689343,0.006802721088435374,14.105263157894736,0.4931506849315068,50.103092783505154,0.6666666666666666,8.350515463917526,0.034482758620689655,0.25
Go Ahead Eagles,2025-10-26,True,96,476,0.038288288288288286,0.27927927927927926,0.4774774774774775,46.530855855855854,0.024774774774774775,22.75,0.6285714285714286,53.4375,0.45454545454545453,10.3125,0.037815126050420166,0.09090909090909091
SBV Excelsior,2025-10-26,False,96,507,0.039337474120082816,0.3002070393374741,0.5424430641821946,47.570807453416144,0.024844720496894408,12.85,0.6438356164383562,62.8125,0.25,7.5,0.03353057199211045,0.08333333333333333
PSV Eindhoven,2025-10-31,True,99,668,0.034108527131782945,0.2558139534883721,0.5364341085271318,48.06077519379845,0.010852713178294573,38.5,0.5294117647058824,89.99999999999999,0.75,3.6363636363636362,0.02844311377245509,0.05
Fortuna Sittard,2025-10-31,False,99,400,0.031914893617021274,0.28191489361702127,0.4867021276595745,43.860372340425535,0.0,19.0,0.4626865671641791,50.90909090909091,0.5555555555555556,8.181818181818182,0.04,0.09090909090909091
AFC Ajax,2025-11-01,True,99,439,0.04513064133016627,0.32779097387173395,0.4584323040380047,42.00926365795724,0.0023752969121140144,11.387096774193548,0.4823529411764706,57.272727272727266,0.4,9.09090909090909,0.02733485193621868,0.11764705882352941
SC Heerenveen,2025-11-01,False,99,588,0.04804270462633452,0.36476868327402134,0.44483985765124556,44.38825622775801,0.017793594306049824,18.5625,0.5142857142857142,56.36363636363636,0.5,3.6363636363636362,0.034013605442176874,0.1
Feyenoord Rotterdam,2025-11-01,True,97,429,0.024154589371980676,0.427536231884058,0.3309178743961353,39.03961352657005,0.01932367149758454,41.375,0.78125,58.453608247422686,0.4,4.639175257731959,0.018648018648018648,0.0
FC Volendam,2025-11-01,False,97,513,0.03285420944558522,0.3162217659137577,0.43121149897330596,44.96221765913757,0.01642710472279261,14.8,0.2,96.49484536082474,0.3076923076923077,12.061855670103093,0.03313840155945419,0.10810810810810811
NAC Breda,2025-11-01,True,97,428,0.04580152671755725,0.21628498727735368,0.3994910941475827,47.811959287531806,0.007633587786259542,17.11764705882353,0.6582278481012658,33.402061855670105,0.3333333333333333,19.48453608247423,0.028037383177570093,0.14285714285714285
Go Ahead Eagles,2025-11-01,False,97,548,0.03598484848484849,0.3068181818181818,0.3693181818181818,46.22234848484849,0.020833333333333332,11.789473684210526,0.5909090909090909,44.53608247422681,0.25,7.422680412371134,0.021897810218978103,0.2857142857142857
SC Telstar,2025-11-01,True,100,380,0.04261363636363636,0.3693181818181818,0.48579545454545453,45.35397727272727,0.022727272727272728,17.333333333333332,0.5692307692307692,55.8,0.625,7.199999999999999,0.04473684210526316,0.058823529411764705
SBV Excelsior,2025-11-01,False,100,454,0.046948356807511735,0.3028169014084507,0.4765258215962441,45.08239436619718,0.028169014084507043,11.421052631578947,0.49019607843137253,54.9,0.625,7.199999999999999,0.028634361233480177,0.14285714285714285
FC Groningen,2025-11-02,True,94,436,0.03836930455635491,0.37889688249400477,0.5251798561151079,42.971942446043165,0.011990407673860911,17.214285714285715,0.5633802816901409,58.40425531914893,1.0,1.9148936170212765,0.027522935779816515,0.2
FC Twente,2025-11-02,False,94,527,0.04208416833667335,0.21042084168336672,0.45090180360721444,48.84869739478958,0.018036072144288578,12.714285714285714,0.5373134328358209,40.212765957446805,0.3333333333333333,11.48936170212766,0.036053130929791274,0.16666666666666666
FC Utrecht,2025-11-02,True,97,334,0.06291390728476821,0.33112582781456956,0.45364238410596025,44.596688741721856,0.013245033112582781,15.263157894736842,0.6172839506172839,50.103092783505154,0.3333333333333333,5.567010309278351,0.05688622754491018,0.18181818181818182
Nijmegen Eendracht Combinatie,2025-11-02,False,97,518,0.036290322580645164,0.36693548387096775,0.39314516129032256,44.49778225806452,0.006048387096774193,9.428571428571429,0.4603174603174603,68.65979381443299,0.3333333333333333,8.350515463917526,0.025096525096525095,0.06666666666666667
Heracles Almelo,2025-11-02,True,94,481,0.03508771929824561,0.27850877192982454,0.40789473684210525,47.47609649122807,0.017543859649122806,7.9393939393939394,0.20833333333333334,60.31914893617021,0.16666666666666666,17.23404255319149,0.029106029106029108,0.13043478260869565
PEC Zwolle,2025-11-02,False,94,369,0.05813953488372093,0.4069767441860465,0.438953488372093,40.056976744186045,0.00872093023255814,24.363636363636363,0.6666666666666666,58.40425531914893,0.3333333333333333,2.872340425531915,0.04878048780487805,0.0
Sparta Rotterdam,2025-11-02,True,94,380,0.017045454545454544,0.34375,0.39488636363636365,45.52613636363637,0.036931818181818184,17.11111111111111,0.5522388059701493,38.29787234042553,0.4,4.787234042553191,0.05,0.2
Alkmaar Zaanstreek,2025-11-02,False,94,526,0.02,0.332,0.44,45.5088,0.018,15.23076923076923,0.5873015873015873,71.80851063829786,0.4,9.574468085106382,0.03231939163498099,0.2
FC Twente,2025-11-07,True,100,684,0.030441400304414,0.3744292237442922,0.5296803652968036,43.62648401826484,0.0258751902587519,10.272727272727273,0.1320754716981132,110.69999999999999,0.2222222222222222,8.1,0.02631578947368421,0.14285714285714285
SC Telstar,2025-11-07,False,100,357,0.060240963855421686,0.3855421686746988,0.5391566265060241,42.36987951807229,0.006024096385542169,40.90909090909091,0.7195121951219512,72.89999999999999,0.42857142857142855,6.3,0.04201680672268908,0.0
FC Volendam,2025-11-08,True,99,434,0.03209876543209877,0.3728395061728395,0.47901234567901235,41.53629629629629,0.019753086419753086,11.523809523809524,0.4262295081967213,82.72727272727272,0.06666666666666667,13.636363636363635,0.041474654377880185,0.15384615384615385
NAC Breda,2025-11-08,False,99,428,0.055,0.3175,0.4925,47.103,0.02,15.368421052631579,0.47435897435897434,66.36363636363636,0.0,11.818181818181817,0.04439252336448598,0.08333333333333333
Fortuna Sittard,2025-11-08,True,95,327,0.06312292358803986,0.43521594684385384,0.4485049833887043,39.63255813953488,0.016611295681063124,15.5,0.6962025316455697,53.05263157894737,0.1111111111111111,8.526315789473683,0.05504587155963303,0.18181818181818182
SC Heerenveen,2025-11-08,False,95,500,0.04883227176220807,0.23991507430997877,0.45222929936305734,49.98980891719744,0.021231422505307854,9.166666666666666,0.391304347826087,52.10526315789473,0.2857142857142857,13.263157894736842,0.042,0.0
PEC Zwolle,2025-11-08,True,97,357,0.05389221556886228,0.4041916167664671,0.5029940119760479,42.61556886227545,0.0029940119760479044,25.357142857142858,0.7450980392156863,60.30927835051547,0.5,3.711340206185567,0.05322128851540616,0.09090909090909091
Sparta Rotterdam,2025-11-08,False,97,628,0.04643449419568822,0.26865671641791045,0.49087893864013266,46.708955223880594,0.02155887230514096,7.366666666666666,0.3142857142857143,72.37113402061856,0.42857142857142855,6.494845360824742,0.027070063694267517,0.14285714285714285
SBV Excelsior,2025-11-08,True,96,366,0.050445103857566766,0.26409495548961426,0.5875370919881305,47.452522255192875,0.02373887240356083,11.347826086956522,0.3411764705882353,46.875,0.6,4.6875,0.05191256830601093,0.25
Heracles Almelo,2025-11-08,False,96,456,0.06937799043062201,0.39952153110047844,0.49521531100478466,44.461722488038276,0.014354066985645933,8.869565217391305,0.56,65.625,0.09090909090909091,20.625,0.05921052631578947,0.2
Alkmaar Zaanstreek,2025-11-09,True,94,537,0.01949317738791423,0.3216374269005848,0.43859649122807015,44.43528265107212,0.007797270955165692,11.565217391304348,0.4307692307692308,70.85106382978724,0.5,5.74468085106383,0.0297951582867784,0.0625
PSV Eindhoven,2025-11-09,False,94,482,0.039301310043668124,0.26419213973799127,0.3930131004366812,46.41222707423581,0.004366812227074236,15.666666666666666,0.5151515151515151,61.27659574468085,0.5,5.74468085106383,0.029045643153526972,0.0
FC Utrecht,2025-11-09,True,95,328,0.06,0.2866666666666667,0.49,45.77966666666667,0.016666666666666666,15.0,0.5510204081632653,40.73684210526316,0.125,15.157894736842104,0.04878048780487805,0.125
AFC Ajax,2025-11-09,False,95,675,0.019969278033794162,0.3302611367127496,0.3655913978494624,44.08509984639017,0.021505376344086023,7.185185185185185,0.3333333333333333,113.68421052631578,0.3333333333333333,5.684210526315789,0.028148148148148148,0.09090909090909091
Go Ahead Eagles,2025-11-09,True,97,587,0.032490974729241874,0.26353790613718414,0.3592057761732852,47.27924187725632,0.007220216606498195,10.857142857142858,0.14814814814814814,69.58762886597938,0.3333333333333333,19.48453608247423,0.02555366269165247,0.2857142857142857
Feyenoord Rotterdam,2025-11-09,False,97,384,0.016901408450704224,0.4225352112676056,0.37464788732394366,41.38478873239437,0.01971830985915493,32.54545454545455,0.7384615384615385,57.52577319587629,0.375,7.422680412371134,0.036458333333333336,0.0
Nijmegen Eendracht Combinatie,2025-11-09,True,94,439,0.037037037037037035,0.32592592592592595,0.45185185185185184,46.440987654320985,0.022222222222222223,13.444444444444445,0.5675675675675675,53.61702127659574,0.13333333333333333,14.361702127659573,0.05011389521640091,0.15384615384615385
FC Groningen,2025-11-09,False,94,366,0.0659025787965616,0.42406876790830944,0.40114613180515757,40.52521489971347,0.011461318051575931,8.392857142857142,0.5543478260869565,43.08510638297872,0.3333333333333333,5.74468085106383,0.0273224043715847,0.1
AFC Ajax,2025-11-22,True,97,699,0.03903903903903904,0.23723723723723725,0.46546546546546547,47.63093093093093,0.03153153153153153,10.565217391304348,0.40298507462686567,86.28865979381443,0.6666666666666666,11.134020618556702,0.030042918454935622,0.2
SBV Excelsior,2025-11-22,False,97,385,0.02981029810298103,0.35772357723577236,0.5230352303523035,43.288075880758804,0.02168021680216802,31.23076923076923,0.7472527472527473,51.95876288659794,1.0,0.9278350515463918,0.02077922077922078,0.125
FC Volendam,2025-11-22,True,94,453,0.029953917050691243,0.315668202764977,0.532258064516129,48.56244239631336,0.01152073732718894,13.476190476190476,0.1875,68.93617021276596,0.625,7.659574468085106,0.02207505518763797,0.0
FC Twente,2025-11-22,False,94,498,0.03411513859275053,0.34541577825159914,0.34541577825159914,43.97974413646055,0.019189765458422176,20.583333333333332,0.5833333333333334,68.93617021276596,0.4166666666666667,11.48936170212766,0.028112449799196786,0.0
Heracles Almelo,2025-11-22,True,97,413,0.03626943005181347,0.22538860103626943,0.4430051813471503,47.93445595854922,0.018134715025906734,23.166666666666668,0.5975609756097561,46.39175257731959,0.07692307692307693,12.061855670103093,0.05084745762711865,0.36363636363636365
Go Ahead Eagles,2025-11-22,False,97,486,0.04525862068965517,0.3448275862068966,0.4331896551724138,45.04094827586207,0.017241379310344827,10.136363636363637,0.5128205128205128,57.52577319587629,0.5454545454545454,10.20618556701031,0.0205761316872428,0.0
NAC Breda,2025-11-22,True,96,457,0.04672897196261682,0.32710280373831774,0.530373831775701,46.93785046728972,0.009345794392523364,9.782608695652174,0.6,75.9375,0.6,4.6875,0.0350109409190372,0.3333333333333333
PSV Eindhoven,2025-11-22,False,96,411,0.058823529411764705,0.2647058823529412,0.35294117647058826,48.43021390374332,0.0213903743315508,9.92,0.373134328358209,28.125,0.7272727272727273,10.3125,0.051094890510948905,0.375
Sparta Rotterdam,2025-11-22,True,96,584,0.021739130434782608,0.2554347826086957,0.4855072463768116,46.48677536231884,0.021739130434782608,10.285714285714286,0.3974358974358974,55.3125,0.5,9.375,0.03595890410958904,0.3076923076923077
Fortuna Sittard,2025-11-22,False,96,396,0.06199460916442048,0.2884097035040431,0.5175202156334232,47.053099730458214,0.0026954177897574125,16.142857142857142,0.4,54.375,0.38461538461538464,12.1875,0.03535353535353535,0.08333333333333333
FC Groningen,2025-11-23,True,93,636,0.04297520661157025,0.38016528925619836,0.45950413223140496,42.162809917355375,0.03801652892561983,18.285714285714285,0.3,92.9032258064516,0.4666666666666667,14.516129032258062,0.03459119496855346,0.1891891891891892
PEC Zwolle,2025-11-23,False,93,355,0.04398826979472141,0.4398826979472141,0.5131964809384164,38.58240469208211,0.002932551319648094,53.125,0.8403361344537815,69.6774193548387,0.0,0.9677419354838709,0.02535211267605634,0.0
Feyenoord Rotterdam,2025-11-23,True,99,471,0.052873563218390804,0.2988505747126437,0.4804597701149425,47.33793103448276,0.009195402298850575,10.090909090909092,0.40298507462686567,66.36363636363636,0.4666666666666667,13.636363636363635,0.055201698513800426,0.1111111111111111
Nijmegen Eendracht Combinatie,2025-11-23,False,99,386,0.04945054945054945,0.32967032967032966,0.38461538461538464,44.2260989010989,0.016483516483516484,19.615384615384617,0.6486486486486487,44.54545454545454,0.75,3.6363636363636362,0.03626943005181347,0.13636363636363635
SC Heerenveen,2025-11-23,True,95,567,0.04036697247706422,0.42201834862385323,0.42935779816513764,40.96587155963303,0.003669724770642202,21.166666666666668,0.625,75.78947368421052,0.14285714285714285,6.631578947368421,0.026455026455026454,0.1111111111111111
Alkmaar Zaanstreek,2025-11-23,False,95,500,0.023060796645702306,0.2851153039832285,0.4863731656184486,49.495597484276736,0.010482180293501049,15.041666666666666,0.265625,54.0,0.4166666666666667,11.368421052631579,0.024,0.05263157894736842
SC Telstar,2025-11-23,True,95,400,0.05483028720626632,0.34464751958224543,0.4595300261096606,45.639947780678845,0.010443864229765013,17.058823529411764,0.6818181818181818,44.526315789473685,1.0,2.8421052631578947,0.025,0.0
FC Utrecht,2025-11-23,False,95,542,0.037848605577689244,0.2549800796812749,0.4581673306772908,47.007768924302795,0.013944223107569721,11.947368421052632,0.4090909090909091,77.6842105263158,0.45,18.94736842105263,0.03874538745387454,0.11764705882352941
PEC Zwolle,2025-11-28,True,100,377,0.04843304843304843,0.3418803418803419,0.5384615384615384,44.08319088319089,0.014245014245014245,12.521739130434783,0.5794392523364486,43.199999999999996,0.5,1.7999999999999998,0.05305039787798409,0.09090909090909091
SC Heerenveen,2025-11-28,False,100,483,0.035555555555555556,0.38,0.47555555555555556,43.98244444444445,0.02,7.655172413793103,0.3,57.599999999999994,0.6153846153846154,11.7,0.047619047619047616,0.0
Fortuna Sittard,2025-11-29,True,95,376,0.05120481927710843,0.2560240963855422,0.5602409638554217,47.03855421686747,0.024096385542168676,4.513513513513513,0.12359550561797752,34.10526315789473,0.45454545454545453,10.421052631578947,0.09042553191489362,0.17391304347826086
Heracles Almelo,2025-11-29,False,95,290,0.06563706563706563,0.3088803088803089,0.4671814671814672,46.31042471042471,0.02702702702702703,8.04,0.62,29.36842105263158,0.1111111111111111,8.526315789473683,0.07586206896551724,0.16666666666666666
Nijmegen Eendracht Combinatie,2025-11-29,True,100,426,0.05063291139240506,0.28354430379746837,0.4835443037974684,48.63569620253164,0.012658227848101266,11.136363636363637,0.5189873417721519,54.9,0.45454545454545453,9.9,0.04460093896713615,0.1
Sparta Rotterdam,2025-11-29,False,100,402,0.05305039787798409,0.4270557029177719,0.4482758620689655,41.57771883289125,0.015915119363395226,14.533333333333333,0.5774647887323944,63.0,0.4444444444444444,8.1,0.03731343283582089,0.15384615384615385
SBV Excelsior,2025-11-29,True,96,512,0.06553911205073996,0.27061310782241016,0.48625792811839325,47.66194503171247,0.006342494714587738,10.565217391304348,0.3972602739726027,66.5625,0.3333333333333333,14.0625,0.052734375,0.23809523809523808
NAC Breda,2025-11-29,False,96,377,0.045714285714285714,0.39714285714285713,0.56,41.28485714285714,0.011428571428571429,12.863636363636363,0.6022727272727273,41.25,0.3333333333333333,2.8125,0.03183023872679045,0.0
FC Twente,2025-11-30,True,102,466,0.0481651376146789,0.23394495412844038,0.44724770642201833,49.017660550458714,0.011467889908256881,10.0,0.2463768115942029,48.529411764705884,0.6666666666666666,5.294117647058823,0.03862660944206009,0.14285714285714285
Alkmaar Zaanstreek,2025-11-30,False,102,480,0.0391304347826087,0.30217391304347824,0.5282608695652173,44.94456521739131,0.015217391304347827,12.842105263157896,0.323943661971831,69.70588235294117,0.0,0.0,0.027083333333333334,0.0
Go Ahead Eagles,2025-11-30,True,97,408,0.057291666666666664,0.359375,0.5546875,43.68697916666667,0.018229166666666668,17.88235294117647,0.6119402985074627,55.670103092783506,0.1111111111111111,8.350515463917526,0.029411764705882353,0.11764705882352941
FC Utrecht,2025-11-30,False,97,581,0.035842293906810034,0.31362007168458783,0.4767025089605735,45.84820788530467,0.026881720430107527,17.357142857142858,0.5263157894736842,56.5979381443299,0.5,7.422680412371134,0.027538726333907058,0.0
PSV Eindhoven,2025-11-30,True,92,684,0.02694610778443114,0.33682634730538924,0.5374251497005988,45.34805389221557,0.014970059880239521,14.0,0.25,144.7826086956522,1.0,4.891304347826087,0.014619883040935672,0.0
FC Volendam,2025-11-30,False,92,419,0.03291139240506329,0.41265822784810124,0.4151898734177215,41.190632911392406,0.002531645569620253,47.22222222222222,0.7567567567567568,57.71739130434783,0.16666666666666666,5.869565217391305,0.0405727923627685,0.1
SC Telstar,2025-11-30,True,99,479,0.03736263736263736,0.34945054945054943,0.5164835164835165,45.324175824175825,0.015384615384615385,17.526315789473685,0.6363636363636364,75.45454545454545,0.38461538461538464,11.818181818181817,0.022964509394572025,0.08333333333333333
Feyenoord Rotterdam,2025-11-30,False,99,516,0.05273833671399594,0.30831643002028397,0.5010141987829615,44.29858012170385,0.010141987829614604,12.318181818181818,0.5384615384615384,85.45454545454545,0.2,9.09090909090909,0.027131782945736434,0.18181818181818182
AFC Ajax,2025-12-02,True,94,576,0.038112522686025406,0.23774954627949182,0.3956442831215971,48.24627949183303,0.014519056261343012,15.181818181818182,0.2641509433962264,55.53191489361702,0.125,7.659574468085106,0.03298611111111111,0.11764705882352941
FC Groningen,2025-12-02,False,94,529,0.021484375,0.39453125,0.4921875,41.33046875,0.0,21.266666666666666,0.5633802816901409,83.29787234042553,0.75,3.829787234042553,0.026465028355387523,0.16666666666666666
SBV Excelsior,2025-12-05,True,98,447,0.02619047619047619,0.3904761904761905,0.47619047619047616,42.156190476190474,0.016666666666666666,17.0,0.582089552238806,58.77551020408164,1.0,0.9183673469387756,0.03355704697986577,0.23529411764705882
FC Groningen,2025-12-05,False,98,542,0.03868471953578337,0.27079303675048355,0.44874274661508706,46.94177949709865,0.013539651837524178,28.2,0.49122807017543857,44.08163265306123,0.3,9.183673469387756,0.03136531365313653,0.09523809523809523
Feyenoord Rotterdam,2025-12-06,True,96,468,0.015873015873015872,0.2199546485260771,0.48072562358276644,47.88843537414966,0.006802721088435374,9.096774193548388,0.14925373134328357,49.6875,0.5,9.375,0.04487179487179487,0.16666666666666666
PEC Zwolle,2025-12-06,False,96,362,0.041916167664670656,0.5,0.32335329341317365,35.01227544910179,0.0,19.307692307692307,0.532258064516129,64.6875,0.3333333333333333,2.8125,0.058011049723756904,0.16666666666666666
Fortuna Sittard,2025-12-06,True,104,334,0.03536977491961415,0.3504823151125402,0.4437299035369775,44.97620578778135,0.04180064308681672,21.0,0.44285714285714284,38.07692307692308,0.5,8.653846153846155,0.038922155688622756,0.17857142857142858
AFC Ajax,2025-12-06,False,104,586,0.028469750889679714,0.3274021352313167,0.4181494661921708,45.79483985765125,0.010676156583629894,14.857142857142858,0.5303030303030303,56.25000000000001,1.0,3.4615384615384617,0.027303754266211604,0.07692307692307693
Heracles Almelo,2025-12-06,True,97,387,0.0782122905027933,0.3547486033519553,0.5139664804469274,45.69217877094972,0.030726256983240222,9.884615384615385,0.5617977528089888,48.24742268041237,0.21428571428571427,12.989690721649485,0.046511627906976744,0.06666666666666667
SC Telstar,2025-12-06,False,97,433,0.04691358024691358,0.345679012345679,0.49135802469135803,45.14345679012345,0.014814814814814815,12.470588235294118,0.5569620253164557,65.87628865979381,0.14285714285714285,6.494845360824742,0.050808314087759814,0.18181818181818182
SC Heerenveen,2025-12-06,True,94,395,0.034666666666666665,0.368,0.408,42.36853333333333,0.018666666666666668,17.75,0.5492957746478874,56.48936170212765,0.7142857142857143,6.702127659574468,0.03291139240506329,0.16666666666666666
PSV Eindhoven,2025-12-06,False,94,646,0.03210272873194221,0.3563402889245586,0.5008025682182986,45.62664526484751,0.011235955056179775,16.533333333333335,0.5636363636363636,95.74468085106382,0.75,3.829787234042553,0.02476780185758514,0.18181818181818182
Alkmaar Zaanstreek,2025-12-07,True,95,447,0.038461538461538464,0.30528846153846156,0.46153846153846156,48.41586538461539,0.004807692307692308,20.2,0.6,62.526315789473685,0.6363636363636364,10.421052631578947,0.0447427293064877,0.043478260869565216
Go Ahead Eagles,2025-12-07,False,95,477,0.039735099337748346,0.34216335540838855,0.44370860927152317,41.56136865342163,0.013245033112582781,12.529411764705882,0.6307692307692307,58.73684210526316,0.25,11.368421052631579,0.025157232704402517,0.15384615384615385
FC Utrecht,2025-12-07,True,97,331,0.08552631578947369,0.3519736842105263,0.5888157894736842,44.294736842105266,0.01644736842105263,10.625,0.2,61.23711340206186,0.3333333333333333,11.134020618556702,0.03927492447129909,0.16666666666666666
FC Twente,2025-12-07,False,97,549,0.040152963671128104,0.30210325047801145,0.4225621414913958,44.41931166347993,0.011472275334608031,12.3125,0.41379310344827586,77.01030927835052,0.4444444444444444,8.350515463917526,0.03278688524590164,0.14285714285714285
FC Volendam,2025-12-07,True,103,446,0.06398104265402843,0.28672985781990523,0.47393364928909953,49.06895734597156,0.026066350710900472,15.5,0.3620689655172414,72.5242718446602,0.3333333333333333,10.485436893203884,0.02914798206278027,0.25
Nijmegen Eendracht Combinatie,2025-12-07,False,103,330,0.043478260869565216,0.41471571906354515,0.43812709030100333,41.431103678929766,0.026755852842809364,13.222222222222221,0.6351351351351351,38.44660194174757,0.4,8.737864077669903,0.06363636363636363,0.14285714285714285
Sparta Rotterdam,2025-12-07,True,98,374,0.05056179775280899,0.4297752808988764,0.43820224719101125,40.53904494382022,0.008426966292134831,17.1,0.6,57.85714285714286,0.0,0.9183673469387756,0.03208556149732621,0.0
NAC Breda,2025-12-07,False,98,531,0.04338842975206612,0.3181818181818182,0.5289256198347108,44.69814049586777,0.01859504132231405,11.409090909090908,0.25862068965517243,93.6734693877551,0.2857142857142857,25.714285714285715,0.054613935969868174,0.09090909090909091
FC Groningen,2025-12-13,True,94,532,0.02834008097165992,0.3259109311740891,0.451417004048583,44.839878542510114,0.010121457489878543,11.4,0.3584905660377358,91.91489361702128,0.5,13.404255319148936,0.05263157894736842,0.18518518518518517
FC Volendam,2025-12-13,False,94,259,0.06172839506172839,0.45267489711934156,0.4609053497942387,39.06995884773662,0.00411522633744856,42.375,0.8181818181818182,46.91489361702127,1.0,0.9574468085106382,0.03474903474903475,0.0
PEC Zwolle,2025-12-13,True,96,566,0.04780114722753346,0.248565965583174,0.4378585086042065,48.80248565965583,0.036328871892925434,5.9655172413793105,0.30158730158730157,60.9375,0.6,9.375,0.053003533568904596,0.3
Fortuna Sittard,2025-12-13,False,96,316,0.06896551724137931,0.2655172413793103,0.5655172413793104,48.06413793103448,0.006896551724137931,10.535714285714286,0.32989690721649484,43.125,0.0,3.75,0.04746835443037975,0.125
PSV Eindhoven,2025-12-13,True,102,314,0.04152249134948097,0.3460207612456747,0.4913494809688581,41.727335640138406,0.01384083044982699,22.533333333333335,0.6875,38.82352941176471,0.2,8.823529411764707,0.04777070063694268,0.0
Heracles Almelo,2025-12-13,False,102,599,0.03333333333333333,0.28771929824561404,0.5298245614035088,46.94842105263157,0.017543859649122806,18.181818181818183,0.41304347826086957,95.29411764705883,0.5,10.588235294117647,0.025041736227045076,0.25
SC Telstar,2025-12-13,True,102,546,0.03898635477582846,0.2884990253411306,0.5185185185185185,48.59122807017544,0.021442495126705652,7.24,0.1111111111111111,50.294117647058826,0.375,14.117647058823529,0.03296703296703297,0.058823529411764705
Nijmegen Eendracht Combinatie,2025-12-13,False,102,270,0.07317073170731707,0.45528455284552843,0.46747967479674796,39.28821138211383,0.016260162601626018,20.266666666666666,0.6739130434782609,40.588235294117645,0.2857142857142857,6.176470588235294,0.05925925925925926,0.0
AFC Ajax,2025-12-14,True,98,422,0.0175,0.515,0.3975,36.84775,0.005,23.705882352941178,0.68,79.89795918367348,1.0,1.8367346938775513,0.035545023696682464,0.0
Feyenoord Rotterdam,2025-12-14,False,98,584,0.040293040293040296,0.3443223443223443,0.4908424908424908,43.51446886446887,0.02197802197802198,17.055555555555557,0.19230769230769232,82.6530612244898,0.29411764705882354,15.612244897959185,0.04280821917808219,0.1111111111111111
FC Twente,2025-12-14,True,96,521,0.041666666666666664,0.2777777777777778,0.5138888888888888,48.700992063492066,0.003968253968253968,17.785714285714285,0.6571428571428571,51.5625,0.6666666666666666,2.8125,0.02495201535508637,0.0
Go Ahead Eagles,2025-12-14,False,96,450,0.05938242280285035,0.3681710213776722,0.4418052256532066,43.27672209026128,0.019002375296912115,17.4,0.47058823529411764,60.9375,0.35714285714285715,13.125,0.028888888888888888,0.16666666666666666
NAC Breda,2025-12-14,True,95,570,0.023985239852398525,0.21217712177121772,0.44649446494464945,47.944280442804434,0.007380073800738007,10.73076923076923,0.34285714285714286,60.63157894736842,0.5,11.368421052631579,0.031578947368421054,0.25
FC Utrecht,2025-12-14,False,95,448,0.03755868544600939,0.2981220657276995,0.43661971830985913,42.5349765258216,0.004694835680751174,11.846153846153847,0.5172413793103449,73.89473684210526,0.46153846153846156,12.31578947368421,0.03125,0.45454545454545453
Sparta Rotterdam,2025-12-14,True,94,435,0.06862745098039216,0.35049019607843135,0.5269607843137255,45.62769607843138,0.00980392156862745,18.125,0.5606060606060606,43.08510638297872,0.2857142857142857,6.702127659574468,0.04827586206896552,0.3
SC Heerenveen,2025-12-14,False,94,475,0.04697986577181208,0.37583892617449666,0.5055928411633109,42.881879194630876,0.011185682326621925,6.555555555555555,0.46511627906976744,64.14893617021276,0.5,7.659574468085106,0.037894736842105266,0.2727272727272727
Heracles Almelo,2025-12-20,True,100,384,0.03125,0.40625,0.5056818181818182,42.167897727272724,0.017045454545454544,15.2,0.5692307692307692,45.0,0.4,13.5,0.046875,0.375
SC Heerenveen,2025-12-20,False,100,539,0.03333333333333333,0.31176470588235294,0.40588235294117647,45.3921568627451,0.00392156862745098,14.625,0.6,61.199999999999996,0.45454545454545453,9.9,0.03525046382189239,0.17647058823529413
NAC Breda,2025-12-20,True,96,613,0.02280701754385965,0.25087719298245614,0.519298245614035,48.284912280701754,0.015789473684210527,14.5,0.4603174603174603,87.1875,0.65,18.75,0.040783034257748776,0.45454545454545453
SC Telstar,2025-12-20,False,96,376,0.04519774011299435,0.3502824858757062,0.4632768361581921,43.25875706214689,0.002824858757062147,13.652173913043478,0.6111111111111112,44.0625,0.75,3.75,0.03723404255319149,0.0
Nijmegen Eendracht Combinatie,2025-12-20,True,97,373,0.048295454545454544,0.3153409090909091,0.45738636363636365,47.68551136363636,0.019886363636363636,25.375,0.2222222222222222,42.680412371134025,0.2857142857142857,6.494845360824742,0.024128686327077747,0.0
AFC Ajax,2025-12-20,False,97,570,0.03460837887067395,0.48816029143898,0.4408014571948998,38.23788706739526,0.030965391621129327,16.307692307692307,0.43333333333333335,117.83505154639175,1.0,0.9278350515463918,0.031578947368421054,0.14285714285714285
SBV Excelsior,2025-12-20,True,96,489,0.03455723542116631,0.3434125269978402,0.5205183585313174,42.846868250539956,0.012958963282937365,17.875,0.5652173913043478,73.125,0.5,7.5,0.022494887525562373,0.15384615384615385
PEC Zwolle,2025-12-20,False,96,522,0.0321285140562249,0.29116465863453816,0.5100401606425703,46.3363453815261,0.008032128514056224,18.41176470588235,0.46938775510204084,58.125,0.3333333333333333,5.625,0.03065134099616858,0.0
FC Utrecht,2025-12-21,True,99,547,0.0311284046692607,0.2840466926070039,0.4396887159533074,48.681712062256814,0.011673151750972763,9.041666666666666,0.30864197530864196,68.18181818181817,0.625,7.2727272727272725,0.038391224862888484,0.14285714285714285
PSV Eindhoven,2025-12-21,False,99,416,0.05804749340369393,0.3113456464379947,0.5171503957783641,46.94696569920845,0.023746701846965697,12.818181818181818,0.5769230769230769,54.54545454545454,0.21739130434782608,20.909090909090907,0.038461538461538464,0.11764705882352941
FC Volendam,2025-12-21,True,96,324,0.06291390728476821,0.39403973509933776,0.4304635761589404,42.76523178807947,0.026490066225165563,34.625,0.7391304347826086,44.0625,0.5714285714285714,6.5625,0.037037037037037035,0.08333333333333333
Sparta Rotterdam,2025-12-21,False,96,483,0.03794642857142857,0.29910714285714285,0.43080357142857145,46.61183035714286,0.015625,11.222222222222221,0.4067796610169492,74.0625,0.75,7.5,0.043478260869565216,0.043478260869565216
Feyenoord Rotterdam,2025-12-21,True,96,441,0.03836930455635491,0.2997601918465228,0.40047961630695444,43.60983213429257,0.014388489208633094,8.176470588235293,0.27906976744186046,71.25,0.25,3.75,0.04081632653061224,0.2
FC Twente,2025-12-21,False,96,515,0.022964509394572025,0.33194154488517746,0.48643006263048016,47.57870563674321,0.018789144050104383,14.05,0.234375,75.9375,0.21428571428571427,13.125,0.05436893203883495,0.10344827586206896
Fortuna Sittard,2025-12-21,True,102,266,0.05063291139240506,0.3333333333333333,0.46835443037974683,44.85316455696203,0.012658227848101266,10.115384615384615,0.3409090909090909,26.47058823529412,0.375,7.0588235294117645,0.05639097744360902,0.4
Alkmaar Zaanstreek,2025-12-21,False,102,509,0.03368421052631579,0.25894736842105265,0.4378947368421053,49.10989473684211,0.016842105263157894,7.090909090909091,0.43478260869565216,63.529411764705884,0.21428571428571427,12.352941176470589,0.05108055009823183,0.19047619047619047
Go Ahead Eagles,2025-12-21,True,94,425,0.053164556962025315,0.3240506329113924,0.5139240506329114,43.22683544303797,0.012658227848101266,20.666666666666668,0.5822784810126582,56.48936170212765,0.5,5.74468085106383,0.04,0.0
FC Groningen,2025-12-21,False,94,472,0.04597701149425287,0.25287356321839083,0.36551724137931035,47.94275862068965,0.020689655172413793,12.318181818181818,0.46551724137931033,43.08510638297872,0.5714285714285714,13.404255319148936,0.04449152542372881,0.15384615384615385
Alkmaar Zaanstreek,2026-01-10,True,96,470,0.03837471783295711,0.3002257336343115,0.4762979683972912,48.042889390519186,0.002257336343115124,10.241379310344827,0.29213483146067415,57.1875,0.36363636363636365,10.3125,0.04042553191489362,0.17647058823529413
FC Volendam,2026-01-10,False,96,495,0.04680851063829787,0.33617021276595743,0.44680851063829785,44.212765957446805,0.010638297872340425,13.944444444444445,0.5405405405405406,70.3125,0.3333333333333333,8.4375,0.024242424242424242,0.2857142857142857
FC Groningen,2026-01-10,True,93,437,0.05741626794258373,0.2942583732057416,0.5,45.39497607655503,0.02631578947368421,33.666666666666664,0.7066666666666667,60.967741935483865,0.14285714285714285,6.774193548387096,0.02745995423340961,0.3
NAC Breda,2026-01-10,False,93,534,0.04826254826254826,0.22393822393822393,0.47297297297297297,47.84401544401545,0.02702702702702703,14.941176470588236,0.3333333333333333,76.4516129032258,0.42857142857142855,6.774193548387096,0.0149812734082397,0.1875
FC Twente,2026-01-10,True,95,637,0.04071661237785016,0.2752442996742671,0.43973941368078173,47.960586319218244,0.014657980456026058,12.882352941176471,0.20689655172413793,65.36842105263158,0.45454545454545453,10.421052631578947,0.0282574568288854,0.11538461538461539
PEC Zwolle,2026-01-10,False,95,358,0.04927536231884058,0.34782608695652173,0.4492753623188406,43.072463768115945,0.005797101449275362,29.916666666666668,0.8058252427184466,57.78947368421053,0.25,3.789473684210526,0.0223463687150838,0.0
PSV Eindhoven,2026-01-10,True,97,520,0.034274193548387094,0.38306451612903225,0.4475806451612903,41.162298387096776,0.012096774193548387,16.6875,0.5,66.80412371134021,0.5714285714285714,6.494845360824742,0.032692307692307694,0.125
SBV Excelsior,2026-01-10,False,97,525,0.03564356435643564,0.25544554455445545,0.502970297029703,47.46118811881188,0.0019801980198019802,14.25,0.375,72.37113402061856,0.5,3.711340206185567,0.02666666666666667,0.13333333333333333
Go Ahead Eagles,2026-01-11,True,95,599,0.03466204506065858,0.29116117850953205,0.43847487001733104,47.423223570190636,0.02772963604852686,12.5625,0.2692307692307692,77.6842105263158,0.1,9.473684210526315,0.028380634390651086,0.08695652173913043
Fortuna Sittard,2026-01-11,False,95,367,0.03560830860534125,0.2818991097922849,0.47181008902077154,46.47715133531157,0.017804154302670624,40.25,0.640625,34.10526315789473,0.5714285714285714,6.631578947368421,0.035422343324250684,0.0
SC Heerenveen,2026-01-11,True,94,462,0.04308390022675737,0.38095238095238093,0.47165532879818595,44.00113378684807,0.009070294784580499,20.071428571428573,0.609375,60.31914893617021,1.0,1.9148936170212765,0.02813852813852814,0.14285714285714285
Feyenoord Rotterdam,2026-01-11,False,94,595,0.03125,0.2569444444444444,0.4184027777777778,48.69618055555555,0.006944444444444444,14.578947368421053,0.47058823529411764,62.234042553191486,0.42857142857142855,6.702127659574468,0.020168067226890758,0.0625
SC Telstar,2026-01-11,True,100,672,0.025796661608497723,0.30045523520485584,0.40667678300455234,45.59013657056146,0.007587253414264037,14.2,0.6428571428571429,59.4,0.0,0.0,0.019345238095238096,0.11764705882352941
AFC Ajax,2026-01-11,False,100,374,0.04815864022662889,0.3314447592067989,0.5184135977337111,46.12011331444759,0.0226628895184136,31.666666666666668,0.671875,69.3,0.4,9.0,0.0374331550802139,0.625
Sparta Rotterdam,2026-01-11,True,96,439,0.05596107055961071,0.35279805352798055,0.46958637469586373,43.97372262773723,0.031630170316301706,18.46153846153846,0.6338028169014085,69.375,0.5,13.125,0.029612756264236904,0.16666666666666666
Heracles Almelo,2026-01-11,False,96,448,0.0412621359223301,0.28883495145631066,0.44902912621359226,47.48713592233009,0.019417475728155338,14.473684210526315,0.5526315789473685,49.6875,0.45454545454545453,10.3125,0.05580357142857143,0.09090909090909091
AFC Ajax,2026-01-17,True,93,529,0.01968503937007874,0.32086614173228345,0.4094488188976378,44.33464566929134,0.007874015748031496,14.882352941176471,0.6,58.06451612903225,1.0,0.9677419354838709,0.035916824196597356,0.0
Go Ahead Eagles,2026-01-17,False,93,513,0.028629856850715747,0.2331288343558282,0.3824130879345603,48.39222903885481,0.022494887525562373,14.045454545454545,0.5,51.29032258064515,0.625,7.741935483870967,0.031189083820662766,0.1111111111111111
Fortuna Sittard,2026-01-17,True,95,302,0.03308823529411765,0.40441176470588236,0.4632352941176471,41.22941176470588,0.007352941176470588,38.916666666666664,0.6979166666666666,41.68421052631579,0.8,4.7368421052631575,0.04966887417218543,0.16666666666666666
PSV Eindhoven,2026-01-17,False,95,697,0.03770739064856712,0.37104072398190047,0.5098039215686274,43.578129713423834,0.024132730015082957,9.7,0.16129032258064516,128.8421052631579,0.16666666666666666,5.684210526315789,0.03730272596843615,0.2222222222222222
NAC Breda,2026-01-17,True,99,371,0.07964601769911504,0.25958702064896755,0.5103244837758112,46.87197640117994,0.017699115044247787,10.125,0.4943820224719101,48.18181818181818,0.38461538461538464,11.818181818181817,0.05121293800539083,0.21428571428571427
Nijmegen Eendracht Combinatie,2026-01-17,False,99,435,0.06097560975609756,0.3097560975609756,0.45365853658536587,44.7619512195122,0.012195121951219513,8.28,0.4666666666666667,46.36363636363636,0.3333333333333333,5.454545454545454,0.04367816091954023,0.18181818181818182
PEC Zwolle,2026-01-17,True,97,413,0.03350515463917526,0.21649484536082475,0.4845360824742268,47.39149484536083,0.005154639175257732,11.045454545454545,0.6179775280898876,52.886597938144334,0.3333333333333333,5.567010309278351,0.043583535108958835,0.18181818181818182
Alkmaar Zaanstreek,2026-01-17,False,97,466,0.04081632653061224,0.272108843537415,0.4603174603174603,48.085941043083906,0.013605442176870748,10.857142857142858,0.4264705882352941,43.608247422680414,0.25,3.711340206185567,0.03862660944206009,0.09090909090909091
SBV Excelsior,2026-01-17,True,96,563,0.046468401486988845,0.24907063197026022,0.533457249070632,47.233643122676575,0.024163568773234202,13.0,0.5689655172413793,78.75,0.45454545454545453,10.3125,0.023090586145648313,0.0
SC Telstar,2026-01-17,False,96,354,0.055900621118012424,0.2981366459627329,0.5093167701863354,47.73136645962733,0.021739130434782608,20.666666666666668,0.6266666666666667,35.625,0.5,5.625,0.05367231638418079,0.1875
FC Volendam,2026-01-18,True,96,408,0.03116883116883117,0.3974025974025974,0.44415584415584414,42.72441558441559,0.015584415584415584,12.26086956521739,0.4875,60.0,1.0,1.875,0.03431372549019608,0.0
FC Utrecht,2026-01-18,False,96,491,0.041666666666666664,0.3333333333333333,0.4342105263157895,44.338815789473685,0.017543859649122806,11.363636363636363,0.5476190476190477,70.3125,0.3125,15.0,0.05091649694501019,0.25
Feyenoord Rotterdam,2026-01-18,True,94,544,0.03131115459882583,0.2896281800391389,0.40117416829745595,46.225440313111555,0.0136986301369863,17.933333333333334,0.3793103448275862,53.61702127659574,0.625,15.319148936170212,0.034926470588235295,0.14285714285714285
Sparta Rotterdam,2026-01-18,False,94,428,0.036057692307692304,0.3701923076923077,0.41586538461538464,41.65552884615385,0.01201923076923077,25.0,0.7272727272727273,59.36170212765957,0.5,1.9148936170212765,0.016355140186915886,0.0
Heracles Almelo,2026-01-18,True,98,419,0.05128205128205128,0.30512820512820515,0.46923076923076923,44.03435897435898,0.023076923076923078,9.296296296296296,0.29411764705882354,65.20408163265307,0.3076923076923077,11.938775510204083,0.04295942720763723,0.0
FC Twente,2026-01-18,False,98,447,0.05952380952380952,0.2833333333333333,0.5880952380952381,46.94880952380952,0.004761904761904762,11.25,0.525,48.673469387755105,0.8,4.591836734693878,0.035794183445190156,0.05263157894736842
SC Heerenveen,2026-01-18,True,100,539,0.058027079303675046,0.3230174081237911,0.4951644100580271,45.72050290135397,0.017408123791102514,13.444444444444445,0.5,59.4,0.2,4.5,0.03339517625231911,0.058823529411764705
FC Groningen,2026-01-18,False,100,419,0.05822784810126582,0.3468354430379747,0.44556962025316454,45.435696202531645,0.010126582278481013,17.470588235294116,0.64,46.8,0.3333333333333333,5.3999999999999995,0.045346062052505964,0.25
Alkmaar Zaanstreek,2026-01-21,True,97,440,0.043689320388349516,0.2354368932038835,0.5412621359223301,47.338106796116506,0.009708737864077669,23.25,0.654320987654321,46.39175257731959,0.6666666666666666,5.567010309278351,0.03409090909090909,0.0
SBV Excelsior,2026-01-21,False,97,656,0.03459119496855346,0.24528301886792453,0.4779874213836478,47.903773584905665,0.009433962264150943,11.181818181818182,0.47435897435897434,88.14432989690722,0.5,3.711340206185567,0.022865853658536585,0.0
AFC Ajax,2026-01-24,True,94,664,0.026856240126382307,0.2843601895734597,0.3902053712480253,46.61611374407583,0.01579778830963665,10.347826086956522,0.2459016393442623,99.57446808510637,0.75,3.829787234042553,0.0391566265060241,0.12903225806451613
FC Volendam,2026-01-24,False,94,369,0.03735632183908046,0.4109195402298851,0.3735632183908046,41.415804597701154,0.011494252873563218,21.333333333333332,0.6265060240963856,54.57446808510638,0.5,1.9148936170212765,0.032520325203252036,0.0
FC Twente,2026-01-24,True,97,658,0.04552590266875981,0.22135007849293564,0.4772370486656201,48.92684458398744,0.01726844583987441,12.117647058823529,0.10344827586206896,84.43298969072166,0.0,2.7835051546391756,0.02735562310030395,0.08333333333333333
SBV Excelsior,2026-01-24,False,97,350,0.03773584905660377,0.27044025157232704,0.48427672955974843,44.81383647798742,0.012578616352201259,15.4,0.41304347826086957,47.31958762886598,0.16666666666666666,5.567010309278351,0.04857142857142857,0.375
Nijmegen Eendracht Combinatie,2026-01-24,True,97,406,0.06631299734748011,0.2917771883289125,0.4509283819628647,48.07559681697613,0.023872679045092837,13.904761904761905,0.5526315789473685,41.75257731958763,0.09090909090909091,10.20618556701031,0.05665024630541872,0.36363636363636365
PEC Zwolle,2026-01-24,False,97,485,0.04925053533190578,0.3875802997858672,0.49036402569593146,42.27066381156317,0.010706638115631691,15.0,0.6666666666666666,80.72164948453609,0.5,7.422680412371134,0.0288659793814433,0.09090909090909091
PSV Eindhoven,2026-01-24,True,98,727,0.03473227206946455,0.3458755426917511,0.5151953690303908,44.576266280752534,0.017366136034732273,6.818181818181818,0.39344262295081966,97.34693877551021,0.21428571428571427,12.857142857142858,0.0343878954607978,0.13333333333333333
NAC Breda,2026-01-24,False,98,273,0.05327868852459016,0.28688524590163933,0.45491803278688525,45.924180327868854,0.00819672131147541,29.533333333333335,0.6631578947368421,44.08163265306123,0.6,4.591836734693878,0.06593406593406594,0.4
FC Groningen,2026-01-25,True,100,570,0.04247104247104247,0.3185328185328185,0.4266409266409266,44.89903474903474,0.025096525096525095,8.333333333333334,0.24615384615384617,67.5,0.3333333333333333,27.0,0.056140350877192984,0.24
Fortuna Sittard,2026-01-25,False,100,379,0.0345821325648415,0.25936599423631124,0.521613832853026,48.62824207492796,0.008645533141210375,36.7,0.8348623853211009,35.1,0.4,4.5,0.04221635883905013,0.09090909090909091
FC Utrecht,2026-01-25,True,104,557,0.051923076923076926,0.3423076923076923,0.46923076923076923,45.75769230769231,0.011538461538461539,14.588235294117647,0.38181818181818183,61.4423076923077,0.45454545454545453,19.03846153846154,0.04129263913824058,0.13636363636363635
Sparta Rotterdam,2026-01-25,False,104,389,0.037940379403794036,0.3685636856368564,0.34417344173441733,41.796476964769646,0.005420054200542005,15.631578947368421,0.6666666666666666,33.75,1.0,0.8653846153846154,0.030848329048843187,0.0
Feyenoord Rotterdam,2026-01-25,True,97,577,0.024208566108007448,0.260707635009311,0.5418994413407822,46.01303538175046,0.0074487895716946,7.178571428571429,0.375,74.22680412371135,0.3333333333333333,16.701030927835053,0.043327556325823226,0.11764705882352941
Heracles Almelo,2026-01-25,False,97,305,0.056338028169014086,0.3767605633802817,0.5387323943661971,39.47676056338028,0.0035211267605633804,16.523809523809526,0.6276595744680851,60.30927835051547,0.3333333333333333,2.7835051546391756,0.04918032786885246,0.14285714285714285
SC Telstar,2026-01-25,True,95,417,0.05641025641025641,0.34102564102564104,0.558974358974359,44.81666666666667,0.03076923076923077,10.11111111111111,0.532608695652174,72.0,0.25,7.578947368421052,0.050359712230215826,0.0
Alkmaar Zaanstreek,2026-01-25,False,95,436,0.04914004914004914,0.33906633906633904,0.47911547911547914,44.20786240786241,0.012285012285012284,8.571428571428571,0.5625,62.526315789473685,0.75,3.789473684210526,0.0389908256880734,0.0
NAC Breda,2026-01-30,True,99,582,0.03290676416819013,0.26691042047531993,0.39488117001828155,46.90767824497258,0.009140767824497258,10.823529411764707,0.48717948717948717,49.090909090909086,0.45454545454545453,20.0,0.029209621993127148,0.2
FC Twente,2026-01-30,False,99,353,0.056716417910447764,0.2865671641791045,0.48059701492537316,48.48597014925373,0.014925373134328358,30.09090909090909,0.7373737373737373,35.45454545454545,0.4,4.545454545454545,0.0339943342776204,0.0
Alkmaar Zaanstreek,2026-01-31,True,95,424,0.042821158690176324,0.35516372795969775,0.4005037783375315,41.840050377833755,0.007556675062972292,11.789473684210526,0.5555555555555556,40.73684210526316,0.6666666666666666,2.8421052631578947,0.049528301886792456,0.18181818181818182
Nijmegen Eendracht Combinatie,2026-01-31,False,95,448,0.028708133971291867,0.2631578947368421,0.40669856459330145,49.13612440191388,0.014354066985645933,10.653846153846153,0.38461538461538464,44.526315789473685,0.7142857142857143,6.631578947368421,0.04241071428571429,0.10526315789473684
PEC Zwolle,2026-01-31,True,103,504,0.04008438818565401,0.3227848101265823,0.48523206751054854,44.301476793248945,0.010548523206751054,10.523809523809524,0.5955056179775281,77.76699029126215,0.18181818181818182,9.611650485436893,0.04365079365079365,0.17647058823529413
SC Telstar,2026-01-31,False,103,379,0.0603448275862069,0.3103448275862069,0.46839080459770116,46.49051724137931,0.022988505747126436,17.0,0.33766233766233766,32.33009708737864,0.2222222222222222,7.864077669902913,0.05804749340369393,0.21428571428571427
Sparta Rotterdam,2026-01-31,True,100,452,0.0498812351543943,0.2992874109263658,0.49406175771971494,44.974109263657965,0.007125890736342043,14.25,0.651685393258427,48.599999999999994,0.6,4.5,0.048672566371681415,0.1111111111111111
FC Groningen,2026-01-31,False,100,518,0.022044088176352707,0.2785571142284569,0.3807615230460922,48.311022044088176,0.02004008016032064,9.206896551724139,0.10294117647058823,42.3,0.4444444444444444,8.1,0.025096525096525095,0.1111111111111111
FC Volendam,2026-02-01,True,97,558,0.03816793893129771,0.3244274809160305,0.4484732824427481,45.68664122137405,0.019083969465648856,9.2,0.4142857142857143,83.50515463917526,0.375,14.845360824742269,0.03942652329749104,0.15
Go Ahead Eagles,2026-02-01,False,97,348,0.04878048780487805,0.32621951219512196,0.4878048780487805,47.04085365853659,0.024390243902439025,22.066666666666666,0.6511627906976745,41.75257731958763,0.16666666666666666,5.567010309278351,0.03735632183908046,0.15384615384615385
Heracles Almelo,2026-02-01,True,99,470,0.055944055944055944,0.31934731934731936,0.5291375291375291,44.628438228438235,0.011655011655011656,9.708333333333334,0.375,84.54545454545453,0.42857142857142855,12.727272727272727,0.04893617021276596,0.3333333333333333
Fortuna Sittard,2026-02-01,False,99,409,0.06527415143603134,0.26109660574412535,0.5900783289817232,46.89738903394255,0.005221932114882507,15.833333333333334,0.375,52.72727272727272,0.3,9.09090909090909,0.044009779951100246,0.25
PSV Eindhoven,2026-02-01,True,93,412,0.03535353535353535,0.3484848484848485,0.4898989898989899,45.97651515151515,0.017676767676767676,28.166666666666668,0.6935483870967742,53.2258064516129,0.3333333333333333,2.9032258064516125,0.02912621359223301,0.25
Feyenoord Rotterdam,2026-02-01,False,93,625,0.028333333333333332,0.25,0.49833333333333335,48.626333333333335,0.005,8.222222222222221,0.3392857142857143,91.93548387096773,0.6666666666666666,5.806451612903225,0.0256,0.21428571428571427
SBV Excelsior,2026-02-01,True,95,520,0.044,0.372,0.426,41.013,0.006,19.692307692307693,0.631578947368421,101.36842105263158,0.5,1.894736842105263,0.03076923076923077,0.0
AFC Ajax,2026-02-01,False,95,481,0.039301310043668124,0.29912663755458513,0.43231441048034935,46.67401746724891,0.017467248908296942,18.05263157894737,0.4666666666666667,56.84210526315789,1.0,3.789473684210526,0.02286902286902287,0.09090909090909091
SC Heerenveen,2026-02-01,True,96,635,0.024350649350649352,0.38961038961038963,0.4074675324675325,41.878246753246756,0.00974025974025974,13.55,0.2909090909090909,82.5,0.4,4.6875,0.02204724409448819,0.0
FC Utrecht,2026-02-01,False,96,427,0.017587939698492462,0.40703517587939697,0.4648241206030151,41.62286432160804,0.022613065326633167,35.666666666666664,0.5522388059701493,73.125,0.0,2.8125,0.04215456674473068,0.0
NAC Breda,2026-02-06,True,98,472,0.07289293849658314,0.23690205011389523,0.510250569476082,47.323462414578586,0.022779043280182234,16.736842105263158,0.1076923076923077,52.34693877551021,0.45454545454545453,10.102040816326532,0.048728813559322036,0.25
SBV Excelsior,2026-02-06,False,98,479,0.02850877192982456,0.3157894736842105,0.5460526315789473,43.829166666666666,0.021929824561403508,19.266666666666666,0.651685393258427,66.12244897959184,0.6666666666666666,2.7551020408163267,0.022964509394572025,0.3333333333333333
FC Twente,2026-02-07,True,94,567,0.025735294117647058,0.2922794117647059,0.47794117647058826,49.32867647058824,0.016544117647058824,10.666666666666666,0.4927536231884058,54.57446808510638,0.5,7.659574468085106,0.02821869488536155,0.0
SC Heerenveen,2026-02-07,False,94,385,0.03814713896457766,0.35967302452316074,0.40599455040871935,43.908174386920976,0.013623978201634877,15.352941176470589,0.5454545454545454,48.82978723404255,0.3333333333333333,2.872340425531915,0.023376623376623377,0.0
Fortuna Sittard,2026-02-07,True,99,360,0.03857566765578635,0.2997032640949555,0.44510385756676557,46.039465875370915,0.01483679525222552,16.692307692307693,0.3137254901960784,40.0,0.0,2.727272727272727,0.041666666666666664,0.09090909090909091
Sparta Rotterdam,2026-02-07,False,99,647,0.026490066225165563,0.3294701986754967,0.4304635761589404,44.03576158940397,0.033112582781456956,7.92,0.16363636363636364,90.9090909090909,0.4666666666666667,13.636363636363635,0.04482225656877898,0.1875
Nijmegen Eendracht Combinatie,2026-02-07,True,95,535,0.02584493041749503,0.30218687872763417,0.4870775347912525,46.159443339960234,0.02584493041749503,6.535714285714286,0.12121212121212122,65.36842105263158,0.3333333333333333,5.684210526315789,0.041121495327102804,0.06666666666666667
Heracles Almelo,2026-02-07,False,95,256,0.05508474576271186,0.4915254237288136,0.4745762711864407,37.31016949152543,0.01694915254237288,15.8,0.5581395348837209,32.21052631578947,0.0,6.631578947368421,0.0625,0.4444444444444444
PEC Zwolle,2026-02-07,True,95,465,0.0387243735763098,0.31890660592255127,0.43735763097949887,46.57129840546697,0.015945330296127564,9.0,0.42168674698795183,47.368421052631575,0.45454545454545453,10.421052631578947,0.043010752688172046,0.2857142857142857
FC Volendam,2026-02-07,False,95,352,0.0660377358490566,0.3805031446540881,0.4528301886792453,42.28176100628931,0.0031446540880503146,13.777777777777779,0.5609756097560976,46.421052631578945,0.25,7.578947368421052,0.07102272727272728,0.07142857142857142
Alkmaar Zaanstreek,2026-02-08,True,95,369,0.0463768115942029,0.2898550724637681,0.4289855072463768,44.78202898550725,0.014492753623188406,16.75,0.5875,51.1578947368421,0.2857142857142857,6.631578947368421,0.037940379403794036,0.06666666666666667
AFC Ajax,2026-02-08,False,95,590,0.02491103202846975,0.3185053380782918,0.4875444839857651,46.40160142348755,0.017793594306049824,9.521739130434783,0.23728813559322035,86.21052631578947,0.14285714285714285,6.631578947368421,0.03220338983050847,0.0
FC Groningen,2026-02-08,True,95,363,0.05389221556886228,0.3473053892215569,0.44011976047904194,46.855389221556884,0.038922155688622756,17.470588235294116,0.5921052631578947,39.78947368421053,0.6666666666666666,8.526315789473683,0.049586776859504134,0.125
PSV Eindhoven,2026-02-08,False,95,611,0.03620689655172414,0.2603448275862069,0.5482758620689655,48.53706896551724,0.008620689655172414,11.9375,0.6575342465753424,50.21052631578947,0.3333333333333333,11.368421052631579,0.03273322422258593,0.14285714285714285
FC Utrecht,2026-02-08,True,97,515,0.04294478527607362,0.2556237218813906,0.44785276073619634,48.682617586912066,0.0081799591002045,9.615384615384615,0.32926829268292684,73.29896907216495,0.5,5.567010309278351,0.036893203883495145,0.1
Feyenoord Rotterdam,2026-02-08,False,97,453,0.04739336492890995,0.2914691943127962,0.4194312796208531,45.70995260663507,0.0071090047393364926,19.066666666666666,0.5949367088607594,60.30927835051547,0.6363636363636364,10.20618556701031,0.03532008830022075,0.0
Go Ahead Eagles,2026-02-08,True,98,454,0.05867970660146699,0.2860635696821516,0.5452322738386308,48.479951100244506,0.029339853300733496,8.56,0.14492753623188406,56.02040816326531,0.7777777777777778,16.53061224489796,0.06167400881057269,0.2916666666666667
SC Telstar,2026-02-08,False,98,338,0.06153846153846154,0.4153846153846154,0.5415384615384615,41.726769230769236,0.018461538461538463,16.0,0.6774193548387096,65.20408163265307,0.3333333333333333,2.7551020408163267,0.026627218934911243,0.0
Go Ahead Eagles,2026-02-11,True,98,430,0.035443037974683546,0.38734177215189874,0.4759493670886076,43.14455696202531,0.020253164556962026,17.941176470588236,0.5573770491803278,56.02040816326531,0.6923076923076923,11.938775510204083,0.05116279069767442,0.15384615384615385
SC Heerenveen,2026-02-11,False,98,508,0.0430327868852459,0.3319672131147541,0.48770491803278687,45.06331967213114,0.010245901639344262,12.25,0.52,77.14285714285715,0.25,3.6734693877551026,0.025590551181102362,0.10526315789473684
Nijmegen Eendracht Combinatie,2026-02-11,True,99,706,0.03698224852071006,0.39644970414201186,0.378698224852071,43.65340236686391,0.023668639053254437,11.214285714285714,0.23255813953488372,99.09090909090908,0.5,9.09090909090909,0.031161473087818695,0.2
FC Utrecht,2026-02-11,False,99,240,0.05909090909090909,0.42272727272727273,0.45,41.81590909090909,0.00909090909090909,35.38461538461539,0.7352941176470589,33.63636363636363,0.3333333333333333,2.727272727272727,0.025,0.0
FC Volendam,2026-02-13,True,94,315,0.052083333333333336,0.4201388888888889,0.4409722222222222,41.04201388888888,0.017361111111111112,38.7,0.6867469879518072,60.31914893617021,0.0,3.829787234042553,0.06031746031746032,0.08333333333333333
PSV Eindhoven,2026-02-13,False,94,641,0.03902439024390244,0.3300813008130081,0.5138211382113821,45.19365853658536,0.00975609756097561,11.61111111111111,0.3484848484848485,110.1063829787234,0.2727272727272727,10.53191489361702,0.028081123244929798,0.15789473684210525
AFC Ajax,2026-02-14,True,95,487,0.017167381974248927,0.3111587982832618,0.44635193133047213,43.76502145922747,0.017167381974248927,23.642857142857142,0.6025641025641025,69.15789473684211,1.0,2.8421052631578947,0.024640657084188913,0.0
Fortuna Sittard,2026-02-14,False,95,608,0.025466893039049237,0.2801358234295416,0.4397283531409168,46.58353140916808,0.010186757215619695,11.555555555555555,0.38095238095238093,55.89473684210526,0.5,3.789473684210526,0.024671052631578948,0.1
FC Groningen,2026-02-14,True,95,491,0.03282275711159737,0.31072210065645517,0.5010940919037199,46.54201312910285,0.01312910284463895,12.0,0.6338028169014085,64.42105263157895,0.625,15.157894736842104,0.04480651731160896,0.07142857142857142
FC Utrecht,2026-02-14,False,95,461,0.049773755656108594,0.27601809954751133,0.4072398190045249,49.01968325791855,0.011312217194570135,24.90909090909091,0.6463414634146342,33.1578947368421,0.25,7.578947368421052,0.02386117136659436,0.09090909090909091
Heracles Almelo,2026-02-14,True,100,418,0.0583756345177665,0.2563451776649746,0.5076142131979695,48.3007614213198,0.025380710659898477,8.384615384615385,0.49382716049382713,35.1,0.375,7.199999999999999,0.04784688995215311,0.15384615384615385
NAC Breda,2026-02-14,False,100,372,0.061224489795918366,0.29737609329446063,0.5510204081632653,45.803790087463554,0.0029154518950437317,14.928571428571429,0.5443037974683544,60.3,0.42857142857142855,6.3,0.0456989247311828,0.07692307692307693
SBV Excelsior,2026-02-14,True,97,485,0.037037037037037035,0.2657952069716776,0.5098039215686274,46.438562091503265,0.008714596949891068,14.95,0.509090909090909,45.4639175257732,0.5,5.567010309278351,0.026804123711340205,0.0
Alkmaar Zaanstreek,2026-02-14,False,97,586,0.02831858407079646,0.23008849557522124,0.4194690265486726,48.2929203539823,0.007079646017699115,27.8,0.6,57.52577319587629,0.2857142857142857,6.494845360824742,0.02218430034129693,0.0625
Feyenoord Rotterdam,2026-02-15,True,100,568,0.033268101761252444,0.461839530332681,0.461839530332681,40.43953033268102,0.025440313111545987,4.909090909090909,0.22950819672131148,90.0,0.3333333333333333,32.4,0.05457746478873239,0.25
Go Ahead Eagles,2026-02-15,False,100,207,0.10588235294117647,0.23529411764705882,0.5,48.09411764705883,0.01764705882352941,29.714285714285715,0.7378640776699029,21.599999999999998,0.3333333333333333,2.6999999999999997,0.07246376811594203,0.6
SC Heerenveen,2026-02-15,True,95,429,0.057692307692307696,0.27884615384615385,0.47115384615384615,47.57932692307692,0.014423076923076924,23.46153846153846,0.6,45.473684210526315,0.5,1.894736842105263,0.018648018648018648,0.09090909090909091
PEC Zwolle,2026-02-15,False,95,534,0.03550295857988166,0.3530571992110454,0.5009861932938856,43.49092702169625,0.009861932938856016,20.727272727272727,0.64,80.52631578947368,0.25,15.157894736842104,0.026217228464419477,0.08333333333333333
SC Telstar,2026-02-15,True,95,525,0.03048780487804878,0.29878048780487804,0.5203252032520326,49.75873983739838,0.012195121951219513,15.88888888888889,0.5128205128205128,85.26315789473684,0.5,15.157894736842104,0.0380952380952381,0.0
FC Twente,2026-02-15,False,95,465,0.04484304932735426,0.39461883408071746,0.5179372197309418,43.435874439461884,0.011210762331838564,11.5,0.6635514018691588,79.57894736842105,0.5,3.789473684210526,0.030107526881720432,0.0
Sparta Rotterdam,2026-02-17,True,95,504,0.0613107822410148,0.39957716701902746,0.5623678646934461,43.96448202959831,0.02748414376321353,13.3125,0.36764705882352944,107.05263157894737,0.8,4.7368421052631575,0.04365079365079365,0.3333333333333333
Nijmegen Eendracht Combinatie,2026-02-17,False,95,356,0.06363636363636363,0.4121212121212121,0.47575757575757577,41.582424242424246,0.021212121212121213,14.380952380952381,0.5957446808510638,48.31578947368421,1.0,2.8421052631578947,0.06179775280898876,0.5384615384615384
Fortuna Sittard,2026-02-20,True,99,426,0.03571428571428571,0.24489795918367346,0.5229591836734694,48.442091836734704,0.015306122448979591,19.733333333333334,0.5733333333333334,35.45454545454545,0.5,7.2727272727272725,0.04929577464788732,0.058823529411764705
SBV Excelsior,2026-02-20,False,99,516,0.056338028169014086,0.27364185110663986,0.5814889336016097,47.67706237424547,0.01609657947686117,12.444444444444445,0.3698630136986301,60.90909090909091,0.3333333333333333,5.454545454545454,0.01937984496124031,0.0
AFC Ajax,2026-02-21,True,99,441,0.03170731707317073,0.4292682926829268,0.48048780487804876,40.26804878048781,0.012195121951219513,23.083333333333332,0.6493506493506493,74.54545454545453,0.0,1.8181818181818181,0.061224489795918366,0.1111111111111111
Nijmegen Eendracht Combinatie,2026-02-21,False,99,474,0.028761061946902654,0.2809734513274336,0.3915929203539823,46.73407079646018,0.01991150442477876,13.818181818181818,0.25806451612903225,57.272727272727266,0.08333333333333333,10.909090909090908,0.029535864978902954,0.29411764705882354
NAC Breda,2026-02-21,True,95,381,0.045454545454545456,0.3465909090909091,0.45738636363636365,42.6,0.002840909090909091,14.9375,0.651685393258427,42.63157894736842,0.2857142857142857,6.631578947368421,0.04461942257217848,0.25
FC Volendam,2026-02-21,False,95,422,0.043701799485861184,0.2596401028277635,0.4832904884318766,47.94652956298201,0.02313624678663239,11.666666666666666,0.34523809523809523,62.526315789473685,0.21428571428571427,13.263157894736842,0.045023696682464455,0.058823529411764705
PSV Eindhoven,2026-02-21,True,94,362,0.044642857142857144,0.35714285714285715,0.43452380952380953,43.54404761904762,0.01488095238095238,31.928571428571427,0.640625,46.91489361702127,0.0,1.9148936170212765,0.04419889502762431,0.21428571428571427
SC Heerenveen,2026-02-21,False,94,667,0.025,0.3828125,0.4875,43.1084375,0.0171875,8.73076923076923,0.12903225806451613,126.38297872340425,0.4,9.574468085106382,0.020989505247376312,0.18518518518518517
Alkmaar Zaanstreek,2026-02-22,True,99,399,0.045454545454545456,0.2994652406417112,0.4919786096256685,47.393048128342244,0.008021390374331552,13.894736842105264,0.6288659793814433,60.90909090909091,0.4,4.545454545454545,0.03759398496240601,0.0
Sparta Rotterdam,2026-02-22,False,99,483,0.0525164113785558,0.24507658643326038,0.4201312910284464,47.443107221006564,0.019693654266958426,10.9,0.5675675675675675,60.90909090909091,0.7142857142857143,6.363636363636363,0.035196687370600416,0.16666666666666666
FC Twente,2026-02-22,True,94,489,0.043010752688172046,0.34408602150537637,0.5290322580645161,43.96344086021505,0.017204301075268817,20.357142857142858,0.2982456140350877,70.85106382978724,0.14285714285714285,6.702127659574468,0.024539877300613498,0.0
FC Groningen,2026-02-22,False,94,507,0.028925619834710745,0.3140495867768595,0.35330578512396693,45.0555785123967,0.012396694214876033,26.727272727272727,0.5942028985507246,57.44680851063829,0.0,8.617021276595745,0.023668639053254437,0.09090909090909091
FC Utrecht,2026-02-22,True,98,491,0.042222222222222223,0.26666666666666666,0.4622222222222222,47.757777777777775,0.02666666666666667,9.592592592592593,0.34210526315789475,47.75510204081633,0.1875,14.69387755102041,0.05091649694501019,0.08
PEC Zwolle,2026-02-22,False,98,424,0.03508771929824561,0.3333333333333333,0.45112781954887216,43.78696741854637,0.005012531328320802,12.5,0.54,68.87755102040816,0.0,3.6734693877551026,0.03773584905660377,0.1111111111111111
Feyenoord Rotterdam,2026-02-22,True,96,487,0.05077262693156733,0.2847682119205298,0.5275938189845475,47.395805739514344,0.008830022075055188,14.526315789473685,0.4909090909090909,63.75,0.3333333333333333,11.25,0.045174537987679675,0.05
SC Telstar,2026-02-22,False,96,430,0.04096385542168675,0.39759036144578314,0.491566265060241,41.04048192771085,0.007228915662650603,15.625,0.5074626865671642,63.75,0.5,5.625,0.020930232558139535,0.0
Go Ahead Eagles,2026-02-22,True,93,459,0.035211267605633804,0.29107981220657275,0.5657276995305164,46.766666666666666,0.01643192488262911,16.4,0.5588235294117647,38.70967741935483,0.5454545454545454,10.64516129032258,0.034858387799564274,0.18181818181818182
Heracles Almelo,2026-02-22,False,93,449,0.04728132387706856,0.29550827423167847,0.4397163120567376,46.01631205673759,0.01182033096926714,10.583333333333334,0.46835443037974683,53.2258064516129,0.3333333333333333,14.516129032258062,0.026726057906458798,0.1111111111111111
SC Telstar,2026-02-27,True,95,311,0.04529616724738676,0.36585365853658536,0.49825783972125437,44.712195121951225,0.0313588850174216,29.9,0.75,60.63157894736842,0.125,7.578947368421052,0.05144694533762058,0.4
NAC Breda,2026-02-27,False,95,507,0.02959830866807611,0.3023255813953488,0.5750528541226215,47.53720930232558,0.02536997885835095,6.846153846153846,0.19736842105263158,57.78947368421053,0.5333333333333333,14.210526315789473,0.04339250493096647,0.21428571428571427
Heracles Almelo,2026-02-28,True,96,362,0.04477611940298507,0.2835820895522388,0.4626865671641791,48.730746268656716,0.029850746268656716,10.633333333333333,0.32432432432432434,36.5625,0.2222222222222222,8.4375,0.049723756906077346,0.2
PSV Eindhoven,2026-02-28,False,96,579,0.02376599634369287,0.2413162705667276,0.4789762340036563,48.95338208409506,0.009140767824497258,6.366666666666666,0.13580246913580246,64.6875,0.6,9.375,0.03281519861830743,0.041666666666666664
Nijmegen Eendracht Combinatie,2026-02-28,True,99,564,0.06049149338374291,0.39697542533081287,0.5179584120982986,43.32835538752363,0.02835538752362949,5.482758620689655,0.15873015873015872,80.9090909090909,0.6153846153846154,11.818181818181817,0.03900709219858156,0.06666666666666667
Fortuna Sittard,2026-02-28,False,99,272,0.08267716535433071,0.3188976377952756,0.547244094488189,46.34763779527559,0.007874015748031496,16.363636363636363,0.6693548387096774,36.36363636363636,0.16666666666666666,5.454545454545454,0.05514705882352941,0.46153846153846156
SC Heerenveen,2026-02-28,True,95,568,0.02578268876611418,0.281767955801105,0.35911602209944754,46.64806629834254,0.02394106813996317,15.529411764705882,0.5362318840579711,45.473684210526315,0.7777777777777778,8.526315789473683,0.028169014084507043,0.0
Sparta Rotterdam,2026-02-28,False,95,462,0.03854875283446712,0.3356009070294785,0.4467120181405896,44.93628117913833,0.009070294784580499,21.428571428571427,0.6923076923076923,64.42105263157895,0.5,5.684210526315789,0.02813852813852814,0.1875
FC Twente,2026-03-01,True,98,446,0.042352941176470586,0.28941176470588237,0.4588235294117647,48.07670588235294,0.01647058823529412,13.266666666666667,0.5,41.3265306122449,0.8,4.591836734693878,0.02914798206278027,0.0
Feyenoord Rotterdam,2026-03-01,False,98,402,0.06349206349206349,0.29365079365079366,0.43386243386243384,47.229365079365074,0.007936507936507936,10.954545454545455,0.589041095890411,45.91836734693878,0.6,4.591836734693878,0.03980099502487562,0.2857142857142857
FC Utrecht,2026-03-01,True,97,378,0.056818181818181816,0.29829545454545453,0.5,44.35369318181818,0.005681818181818182,11.11111111111111,0.43037974683544306,53.81443298969072,0.1111111111111111,8.350515463917526,0.04497354497354497,0.18181818181818182
Alkmaar Zaanstreek,2026-03-01,False,97,522,0.03232323232323232,0.30303030303030304,0.4303030303030303,45.61838383838384,0.006060606060606061,6.75,0.3763440860215054,62.164948453608254,0.375,7.422680412371134,0.03639846743295019,0.0
FC Volendam,2026-03-01,True,105,378,0.020289855072463767,0.3826086956521739,0.4405797101449275,43.28695652173913,0.014492753623188406,10.761904761904763,0.44,52.285714285714285,0.7142857142857143,6.0,0.042328042328042326,0.0
FC Groningen,2026-03-01,False,105,421,0.05555555555555555,0.3409090909090909,0.39141414141414144,46.052020202020195,0.020202020202020204,16.357142857142858,0.4666666666666667,57.42857142857142,0.42857142857142855,12.0,0.03800475059382423,0.1111111111111111
PEC Zwolle,2026-03-01,True,95,360,0.045317220543806644,0.3413897280966767,0.43202416918429004,44.375830815709975,0.01812688821752266,11.444444444444445,0.4189189189189189,47.368421052631575,0.38461538461538464,12.31578947368421,0.06111111111111111,0.3333333333333333
AFC Ajax,2026-03-01,False,95,543,0.044145873320537425,0.345489443378119,0.491362763915547,44.82648752399232,0.013435700575815739,12.375,0.5797101449275363,76.73684210526315,0.2,4.7368421052631575,0.03130755064456722,0.14285714285714285
SBV Excelsior,2026-03-01,True,96,574,0.03832116788321168,0.25,0.5018248175182481,49.27974452554745,0.016423357664233577,19.666666666666668,0.4074074074074074,60.0,0.36363636363636365,10.3125,0.02264808362369338,0.0
Go Ahead Eagles,2026-03-01,False,96,410,0.04497354497354497,0.30423280423280424,0.455026455026455,45.607407407407415,0.010582010582010581,37.375,0.7662337662337663,45.0,0.14285714285714285,6.5625,0.03902439024390244,0.14285714285714285
Heracles Almelo,2026-03-06,True,97,485,0.04,0.2,0.4222222222222222,48.44711111111111,0.028888888888888888,10.91304347826087,0.3787878787878788,60.30927835051547,0.25,11.134020618556702,0.049484536082474224,0.125
FC Utrecht,2026-03-06,False,97,430,0.04738154613466334,0.341645885286783,0.43640897755610975,44.795511221945134,0.012468827930174564,12.095238095238095,0.625,57.52577319587629,0.1111111111111111,8.350515463917526,0.05116279069767442,0.2
FC Groningen,2026-03-07,True,97,597,0.029668411867364748,0.3699825479930192,0.5095986038394416,42.53246073298429,0.015706806282722512,19.23076923076923,0.41935483870967744,110.41237113402062,0.2727272727272727,10.20618556701031,0.020100502512562814,0.07692307692307693
AFC Ajax,2026-03-07,False,97,400,0.05263157894736842,0.3736842105263158,0.39473684210526316,42.665,0.013157894736842105,16.347826086956523,0.36619718309859156,42.680412371134025,0.5,1.8556701030927836,0.0375,0.16666666666666666
PSV Eindhoven,2026-03-07,True,96,636,0.021487603305785124,0.32231404958677684,0.4413223140495868,46.15735537190083,0.021487603305785124,10.31578947368421,0.07575757575757576,64.6875,0.4090909090909091,20.625,0.015723270440251572,0.05263157894736842
Alkmaar Zaanstreek,2026-03-07,False,96,373,0.05113636363636364,0.32386363636363635,0.4460227272727273,47.292897727272724,0.017045454545454544,27.533333333333335,0.4805194805194805,41.25,0.0,3.75,0.03485254691689008,0.07142857142857142
SBV Excelsior,2026-03-07,True,97,454,0.06976744186046512,0.313953488372093,0.5116279069767442,46.766744186046516,0.03255813953488372,16.5625,0.2545454545454545,55.670103092783506,0.3333333333333333,8.350515463917526,0.028634361233480177,0.19047619047619047
SC Heerenveen,2026-03-07,False,97,421,0.04,0.345,0.4275,42.925,0.0,35.0,0.8023255813953488,72.37113402061856,0.25,3.711340206185567,0.030878859857482184,0.0
Fortuna Sittard,2026-03-08,True,95,446,0.0535279805352798,0.2871046228710462,0.4720194647201946,47.85060827250608,0.0267639902676399,7.84,0.5058823529411764,52.10526315789473,0.6153846153846154,12.31578947368421,0.0515695067264574,0.05263157894736842
SC Telstar,2026-03-08,False,95,322,0.06666666666666667,0.39666666666666667,0.5433333333333333,43.385,0.023333333333333334,12.05,0.6704545454545454,51.1578947368421,0.2,9.473684210526315,0.040372670807453416,0.2857142857142857
Go Ahead Eagles,2026-03-08,True,95,485,0.05274725274725275,0.3274725274725275,0.4197802197802198,44.00615384615384,0.017582417582417582,17.571428571428573,0.640625,64.42105263157895,0.5,15.157894736842104,0.0288659793814433,0.125
FC Twente,2026-03-08,False,95,461,0.0576036866359447,0.26497695852534564,0.4423963133640553,47.38202764976958,0.009216589861751152,16.41176470588235,0.4878048780487805,62.526315789473685,0.75,7.578947368421052,0.026030368763557483,0.18181818181818182
NAC Breda,2026-03-08,True,106,336,0.04560260586319218,0.2736156351791531,0.4788273615635179,47.08436482084691,0.009771986970684038,21.25,0.6388888888888888,32.264150943396224,0.06666666666666667,12.735849056603774,0.044642857142857144,0.23076923076923078
Feyenoord Rotterdam,2026-03-08,False,106,455,0.06323185011709602,0.30210772833723654,0.5737704918032787,45.90281030444965,0.00234192037470726,7.12,0.40217391304347827,49.24528301886792,0.4444444444444444,7.641509433962264,0.04835164835164835,0.35714285714285715
Nijmegen Eendracht Combinatie,2026-03-08,True,95,387,0.05080213903743316,0.4946524064171123,0.42245989304812837,36.7024064171123,0.008021390374331552,32.3,0.7380952380952381,55.89473684210526,0.5,1.894736842105263,0.028423772609819122,0.14285714285714285
FC Volendam,2026-03-08,False,95,493,0.03837953091684435,0.4157782515991471,0.4115138592750533,43.20298507462686,0.014925373134328358,13.285714285714286,0.16666666666666666,54.94736842105263,0.2,9.473684210526315,0.038539553752535496,0.11538461538461539
Sparta Rotterdam,2026-03-08,True,96,443,0.03271028037383177,0.3691588785046729,0.4672897196261682,43.3981308411215,0.002336448598130841,12.05,0.6344086021505376,65.625,0.0,4.6875,0.020316027088036117,0.0
PEC Zwolle,2026-03-08,False,96,466,0.06264501160092807,0.29466357308584684,0.4385150812064965,48.43248259860788,0.025522041763341066,17.666666666666668,0.5833333333333334,43.125,0.5,13.125,0.034334763948497854,0.10526315789473684
PEC Zwolle,2026-03-13,True,96,444,0.05463182897862233,0.2826603325415677,0.3990498812351544,47.10593824228028,0.009501187648456057,14.0,0.5573770491803278,35.625,0.3,9.375,0.038288288288288286,0.1875
FC Groningen,2026-03-13,False,96,450,0.05411764705882353,0.3058823529411765,0.56,45.07976470588235,0.011764705882352941,13.352941176470589,0.5157894736842106,49.6875,0.3333333333333333,8.4375,0.04,0.14285714285714285
AFC Ajax,2026-03-14,True,94,536,0.03732809430255403,0.26719056974459726,0.44597249508840864,48.844990176817284,0.0137524557956778,9.956521739130435,0.35714285714285715,73.72340425531914,0.2,4.787234042553191,0.04477611940298507,0.13636363636363635
Sparta Rotterdam,2026-03-14,False,94,393,0.0427807486631016,0.3315508021390374,0.4732620320855615,44.9,0.0374331550802139,15.444444444444445,0.573170731707317,56.48936170212765,0.2,4.787234042553191,0.03307888040712468,0.0
FC Volendam,2026-03-14,True,98,315,0.058419243986254296,0.30584192439862545,0.5498281786941581,48.40996563573883,0.010309278350515464,17.05,0.6666666666666666,40.40816326530613,0.0,2.7551020408163267,0.05396825396825397,0.16666666666666666
Fortuna Sittard,2026-03-14,False,98,521,0.09236947791164658,0.3614457831325301,0.5401606425702812,43.572891566265056,0.02208835341365462,7.636363636363637,0.5441176470588235,104.69387755102042,0.75,3.6734693877551026,0.030710172744721688,0.0625
PSV Eindhoven,2026-03-14,True,101,624,0.06565656565656566,0.31986531986531985,0.5168350168350169,45.77946127946128,0.016835016835016835,11.0,0.5797101449275363,73.06930693069307,0.5384615384615384,11.584158415841584,0.028846153846153848,0.25
Nijmegen Eendracht Combinatie,2026-03-14,False,101,267,0.07659574468085106,0.31063829787234043,0.502127659574468,47.69063829787235,0.01702127659574468,13.92,0.48484848484848486,28.514851485148515,0.0,6.237623762376238,0.06741573033707865,0.058823529411764705
SC Heerenveen,2026-03-14,True,95,536,0.02729044834307992,0.290448343079922,0.52046783625731,48.70331384015594,0.025341130604288498,10.608695652173912,0.35384615384615387,57.78947368421053,0.6666666666666666,5.684210526315789,0.029850746268656716,0.1
SC Telstar,2026-03-14,False,95,420,0.03535353535353535,0.37373737373737376,0.3787878787878788,44.56060606060606,0.012626262626262626,13.45,0.618421052631579,56.84210526315789,0.25,3.789473684210526,0.0380952380952381,0.16666666666666666
Alkmaar Zaanstreek,2026-03-15,True,98,458,0.04439252336448598,0.3037383177570093,0.42757009345794394,46.440887850467284,0.011682242990654205,9.48,0.379746835443038,59.693877551020414,0.6666666666666666,2.7551020408163267,0.05458515283842795,0.06666666666666667
Heracles Almelo,2026-03-15,False,98,415,0.030534351145038167,0.2900763358778626,0.4402035623409669,47.30407124681934,0.005089058524173028,13.210526315789474,0.5875,37.6530612244898,0.2,4.591836734693878,0.03614457831325301,0.0
FC Twente,2026-03-15,True,96,375,0.05747126436781609,0.3563218390804598,0.45689655172413796,43.05747126436781,0.005747126436781609,21.0625,0.6881720430107527,55.3125,0.5,5.625,0.032,0.1
FC Utrecht,2026-03-15,False,96,587,0.030303030303030304,0.26916221033868093,0.4563279857397504,47.69340463458111,0.0142602495543672,8.178571428571429,0.09090909090909091,78.75,0.45454545454545453,10.3125,0.02555366269165247,0.13333333333333333
Feyenoord Rotterdam,2026-03-15,True,96,398,0.043478260869565216,0.28532608695652173,0.483695652173913,46.60733695652174,0.016304347826086956,12.045454545454545,0.6049382716049383,50.625,0.3076923076923077,12.1875,0.052763819095477386,0.058823529411764705
SBV Excelsior,2026-03-15,False,96,424,0.065,0.345,0.455,44.55625,0.0075,12.235294117647058,0.654320987654321,75.0,0.14285714285714285,6.5625,0.04009433962264151,0.0
Go Ahead Eagles,2026-03-15,True,92,490,0.06387665198237885,0.30176211453744495,0.4955947136563877,44.152202643171805,0.024229074889867842,13.11111111111111,0.3333333333333333,67.5,0.2222222222222222,17.608695652173914,0.036734693877551024,0.35
NAC Breda,2026-03-15,False,92,386,0.02981029810298103,0.3252032520325203,0.5474254742547425,43.51463414634146,0.01084010840108401,31.2,0.7777777777777778,51.84782608695652,0.16666666666666666,5.869565217391305,0.018134715025906734,0.09090909090909091
Heracles Almelo,2026-03-20,True,97,419,0.056847545219638244,0.24289405684754523,0.5788113695090439,47.56511627906977,0.028423772609819122,13.15,0.410958904109589,57.52577319587629,0.08333333333333333,11.134020618556702,0.05489260143198091,0.08333333333333333
SBV Excelsior,2026-03-20,False,97,417,0.06282722513089005,0.3193717277486911,0.5759162303664922,43.551570680628274,0.010471204188481676,11.047619047619047,0.5581395348837209,53.81443298969072,0.0,2.7835051546391756,0.047961630695443645,0.06666666666666667
Fortuna Sittard,2026-03-21,True,100,521,0.06237424547283702,0.2595573440643863,0.5492957746478874,47.60965794768612,0.012072434607645875,12.466666666666667,0.5185185185185185,53.099999999999994,0.8,4.5,0.030710172744721688,0.0
FC Twente,2026-03-21,False,100,345,0.06430868167202572,0.28938906752411575,0.5530546623794212,46.878456591639875,0.03215434083601286,9.428571428571429,0.2804878048780488,48.599999999999994,0.75,3.5999999999999996,0.06666666666666667,0.18181818181818182
PEC Zwolle,2026-03-21,True,95,386,0.03899721448467967,0.34540389972144847,0.4373259052924791,43.96768802228412,0.008356545961002786,13.565217391304348,0.5370370370370371,71.05263157894737,0.4,4.7368421052631575,0.046632124352331605,0.25
NAC Breda,2026-03-21,False,95,508,0.048625792811839326,0.28964059196617337,0.47357293868921774,46.153911205074,0.03171247357293869,8.25,0.24,57.78947368421053,0.375,15.157894736842104,0.045275590551181105,0.15
Sparta Rotterdam,2026-03-21,True,94,451,0.03579952267303103,0.46539379474940334,0.3221957040572792,38.34749403341289,0.00954653937947494,14.263157894736842,0.5294117647058824,71.80851063829786,0.375,7.659574468085106,0.05543237250554324,0.25
FC Volendam,2026-03-21,False,94,460,0.038461538461538464,0.31221719457013575,0.4072398190045249,45.06719457013575,0.024886877828054297,17.22222222222222,0.5571428571428572,52.659574468085104,1.0,2.872340425531915,0.030434782608695653,0.1875
FC Groningen,2026-03-22,True,93,429,0.0412621359223301,0.3179611650485437,0.47572815533980584,45.38373786407767,0.012135922330097087,17.705882352941178,0.475,42.58064516129032,0.3333333333333333,2.9032258064516125,0.023310023310023312,0.07692307692307693
Alkmaar Zaanstreek,2026-03-22,False,93,490,0.03896103896103896,0.37445887445887444,0.461038961038961,43.67554112554113,0.012987012987012988,21.416666666666668,0.5652173913043478,80.32258064516128,0.2,4.838709677419354,0.04897959183673469,0.1875
FC Utrecht,2026-03-22,True,95,403,0.06266318537859007,0.3681462140992167,0.48825065274151436,43.56710182767624,0.020887728459530026,18.0625,0.5555555555555556,58.73684210526316,0.16666666666666666,5.684210526315789,0.02481389578163772,0.09523809523809523
Go Ahead Eagles,2026-03-22,False,95,522,0.038,0.276,0.41,46.31379999999999,0.01,16.857142857142858,0.5714285714285714,54.0,0.125,7.578947368421052,0.028735632183908046,0.3333333333333333
Feyenoord Rotterdam,2026-03-22,True,98,454,0.03935185185185185,0.34953703703703703,0.44212962962962965,42.02592592592592,0.006944444444444444,17.1875,0.5529411764705883,56.93877551020409,0.2,4.591836734693878,0.028634361233480177,0.0
AFC Ajax,2026-03-22,False,98,520,0.036511156186612576,0.2434077079107505,0.4462474645030426,48.132048681541576,0.006085192697768763,9.310344827586206,0.3870967741935484,61.530612244897966,0.5,9.183673469387756,0.038461538461538464,0.13333333333333333
Nijmegen Eendracht Combinatie,2026-03-22,True,98,485,0.04565217391304348,0.3804347826086957,0.4652173913043478,45.16413043478261,0.021739130434782608,10.25925925925926,0.11538461538461539,65.20408163265307,0.16666666666666666,5.510204081632653,0.03505154639175258,0.0
SC Heerenveen,2026-03-22,False,98,405,0.05235602094240838,0.4816753926701571,0.468586387434555,39.62434554973822,0.015706806282722512,18.625,0.6428571428571429,63.36734693877552,1.0,3.6734693877551026,0.02962962962962963,0.0
SC Telstar,2026-03-22,True,97,420,0.04914004914004914,0.36609336609336607,0.5307125307125307,44.09557739557739,0.009828009828009828,13.9375,0.38181818181818183,54.74226804123712,0.6,4.639175257731959,0.016666666666666666,0.15384615384615385
PSV Eindhoven,2026-03-22,False,97,450,0.03110047846889952,0.2799043062200957,0.4904306220095694,49.31291866028708,0.0215311004784689,15.6875,0.14,33.402061855670105,0.3333333333333333,11.134020618556702,0.042222222222222223,0.2777777777777778
AFC Ajax,2026-04-04,True,97,538,0.034220532319391636,0.33460076045627374,0.4220532319391635,43.909125475285165,0.011406844106463879,19.846153846153847,0.6268656716417911,58.453608247422686,0.0,1.8556701030927836,0.020446096654275093,0.1
FC Twente,2026-04-04,False,97,517,0.030181086519114688,0.2776659959758551,0.47484909456740443,49.02414486921529,0.014084507042253521,11.25,0.4852941176470588,59.381443298969074,0.2857142857142857,6.494845360824742,0.029013539651837523,0.125
Alkmaar Zaanstreek,2026-04-04,True,96,490,0.03282275711159737,0.29321663019693656,0.487964989059081,47.67024070021882,0.0087527352297593,10.571428571428571,0.5,65.625,0.4,9.375,0.053061224489795916,0.26666666666666666
Fortuna Sittard,2026-04-04,False,96,419,0.07435897435897436,0.2717948717948718,0.5230769230769231,47.14692307692307,0.017948717948717947,13.0,0.5633802816901409,32.8125,0.6666666666666666,2.8125,0.0477326968973747,0.3
PSV Eindhoven,2026-04-04,True,98,578,0.02872531418312388,0.23877917414721722,0.4398563734290844,47.69569120287253,0.01436265709156194,8.363636363636363,0.43209876543209874,57.85714285714286,0.2857142857142857,6.428571428571429,0.029411764705882353,0.16666666666666666
FC Utrecht,2026-04-04,False,98,342,0.056782334384858045,0.34069400630914826,0.4353312302839117,45.43438485804417,0.022082018927444796,23.642857142857142,0.6842105263157895,49.591836734693885,0.4,9.183673469387756,0.029239766081871343,0.0
SBV Excelsior,2026-04-04,True,94,403,0.04736842105263158,0.3815789473684211,0.5078947368421053,43.96157894736842,0.013157894736842105,18.923076923076923,0.6301369863013698,48.82978723404255,0.5,3.829787234042553,0.02977667493796526,0.0
Nijmegen Eendracht Combinatie,2026-04-04,False,94,493,0.05508474576271186,0.2584745762711864,0.4766949152542373,48.825423728813554,0.01694915254237288,10.727272727272727,0.28,56.48936170212765,0.2,4.787234042553191,0.030425963488843813,0.08333333333333333
SC Telstar,2026-04-04,True,100,442,0.0430622009569378,0.3133971291866029,0.48086124401913877,45.37727272727273,0.004784688995215311,22.2,0.671875,51.3,0.0,2.6999999999999997,0.03619909502262444,0.14285714285714285
FC Groningen,2026-04-04,False,100,442,0.03194103194103194,0.3071253071253071,0.40786240786240785,48.56044226044226,0.022113022113022112,11.904761904761905,0.5223880597014925,36.0,0.0,7.199999999999999,0.06108597285067873,0.125
FC Volendam,2026-04-05,True,96,391,0.03856749311294766,0.35537190082644626,0.43526170798898073,45.40137741046832,0.008264462809917356,14.944444444444445,0.6666666666666666,44.0625,0.07142857142857142,13.125,0.030690537084398978,0.3076923076923077
Feyenoord Rotterdam,2026-04-05,False,96,495,0.06779661016949153,0.298728813559322,0.548728813559322,49.52902542372882,0.019067796610169493,13.5,0.3090909090909091,59.0625,0.5555555555555556,8.4375,0.030303030303030304,0.11764705882352941
Go Ahead Eagles,2026-04-05,True,92,440,0.07598039215686274,0.38480392156862747,0.4730392156862745,42.51691176470589,0.012254901960784314,12.88888888888889,0.532258064516129,66.52173913043478,0.3333333333333333,8.804347826086957,0.045454545454545456,0.2
PEC Zwolle,2026-04-05,False,92,398,0.058981233243967826,0.3485254691689008,0.5120643431635389,44.16353887399464,0.005361930294906166,12.318181818181818,0.48863636363636365,61.6304347826087,0.25,7.82608695652174,0.04522613065326633,0.125
NAC Breda,2026-04-05,True,95,498,0.06331877729257641,0.3384279475982533,0.47161572052401746,44.827510917030565,0.008733624454148471,10.571428571428571,0.4794520547945205,90.0,0.3333333333333333,19.894736842105264,0.060240963855421686,0.4166666666666667
Sparta Rotterdam,2026-04-05,False,95,391,0.043596730245231606,0.28065395095367845,0.5258855585831063,46.15013623978202,0.021798365122615803,10.73076923076923,0.5894736842105263,49.26315789473684,0.5,5.684210526315789,0.03836317135549872,0.0
SC Heerenveen,2026-04-05,True,97,625,0.02823920265780731,0.31561461794019935,0.39368770764119604,46.54767441860464,0.009966777408637873,10.647058823529411,0.48,77.01030927835052,0.7142857142857143,6.494845360824742,0.0288,0.16
Heracles Almelo,2026-04-05,False,97,324,0.033444816053511704,0.35451505016722407,0.47491638795986624,45.56287625418061,0.016722408026755852,19.941176470588236,0.6111111111111112,51.03092783505155,0.25,7.422680412371134,0.043209876543209874,0.0
FC Twente,2026-04-10,True,95,573,0.04847396768402154,0.236983842010772,0.4865350089766607,48.87791741472172,0.0017953321364452424,11.727272727272727,0.4838709677419355,52.10526315789473,0.6666666666666666,2.8421052631578947,0.02268760907504363,0.22727272727272727
FC Volendam,2026-04-10,False,95,415,0.040100250626566414,0.3634085213032581,0.42105263157894735,42.69147869674185,0.012531328320802004,57.2,0.7619047619047619,72.94736842105263,0.3333333333333333,2.8421052631578947,0.02650602409638554,0.0
FC Groningen,2026-04-11,True,94,521,0.05241935483870968,0.27419354838709675,0.4637096774193548,48.024193548387096,0.014112903225806451,21.307692307692307,0.44642857142857145,44.04255319148936,0.4444444444444444,8.617021276595745,0.03262955854126679,0.08695652173913043
Go Ahead Eagles,2026-04-11,False,94,442,0.04645476772616137,0.3643031784841076,0.44987775061124696,43.55501222493888,0.017114914425427872,58.0,0.7627118644067796,67.97872340425532,0.4375,15.319148936170212,0.027149321266968326,0.0
FC Utrecht,2026-04-11,True,95,339,0.062111801242236024,0.3385093167701863,0.45962732919254656,44.33478260869565,0.024844720496894408,21.545454545454547,0.6666666666666666,55.89473684210526,0.2857142857142857,6.631578947368421,0.032448377581120944,0.1111111111111111
SC Telstar,2026-04-11,False,95,487,0.0425531914893617,0.28297872340425534,0.425531914893617,49.50404255319149,0.014893617021276596,9.333333333333334,0.3709677419354839,54.94736842105263,0.3333333333333333,5.684210526315789,0.028747433264887063,0.23076923076923078
Heracles Almelo,2026-04-11,True,97,351,0.0375,0.31875,0.51875,44.376250000000006,0.0375,13.363636363636363,0.35384615384615387,47.31958762886598,0.47058823529411764,15.77319587628866,0.03418803418803419,0.21428571428571427
AFC Ajax,2026-04-11,False,97,537,0.0546875,0.310546875,0.521484375,46.4287109375,0.0078125,14.1875,0.631578947368421,68.65979381443299,0.5,3.711340206185567,0.027932960893854747,0.1111111111111111
Sparta Rotterdam,2026-04-11,True,95,619,0.026755852842809364,0.2692307692307692,0.391304347826087,49.243143812709036,0.020066889632107024,10.863636363636363,0.3125,70.10526315789474,0.5,7.578947368421052,0.017770597738287562,0.058823529411764705
PSV Eindhoven,2026-04-11,False,95,388,0.030054644808743168,0.38524590163934425,0.4426229508196721,43.55573770491804,0.02185792349726776,20.666666666666668,0.6521739130434783,64.42105263157895,0.6,4.7368421052631575,0.03350515463917526,0.0
Alkmaar Zaanstreek,2026-04-12,True,96,562,0.025925925925925925,0.29814814814814816,0.46296296296296297,46.19925925925926,0.001851851851851852,18.071428571428573,0.5849056603773585,53.4375,0.25,3.75,0.030249110320284697,0.08333333333333333
SC Heerenveen,2026-04-12,False,96,409,0.017994858611825194,0.34190231362467866,0.37017994858611825,43.21053984575836,0.002570694087403599,21.533333333333335,0.5535714285714286,58.125,0.42857142857142855,6.5625,0.03178484107579462,0.16666666666666666
Fortuna Sittard,2026-04-12,True,97,372,0.04335260115606936,0.2138728323699422,0.5289017341040463,48.45144508670519,0.017341040462427744,12.136363636363637,0.5806451612903226,25.97938144329897,0.2857142857142857,6.494845360824742,0.0456989247311828,0.1
NAC Breda,2026-04-12,False,97,499,0.0755939524838013,0.2526997840172786,0.5377969762419006,46.665874730021606,0.023758099352051837,13.142857142857142,0.5737704918032787,65.87628865979381,0.2777777777777778,16.701030927835053,0.04408817635270541,0.07142857142857142
Nijmegen Eendracht Combinatie,2026-04-12,True,101,305,0.06007067137809187,0.3957597173144876,0.47703180212014135,41.7696113074205,0.0035335689045936395,8.592592592592593,0.5053763440860215,49.9009900990099,0.0,3.5643564356435644,0.06229508196721312,0.15384615384615385
Feyenoord Rotterdam,2026-04-12,False,101,422,0.046153846153846156,0.32564102564102565,0.3384615384615385,47.53282051282052,0.005128205128205128,5.757575757575758,0.17142857142857143,44.554455445544555,0.46153846153846156,11.584158415841584,0.04265402843601896,0.1875
PEC Zwolle,2026-04-12,True,94,442,0.043689320388349516,0.23058252427184467,0.49029126213592233,46.08131067961165,0.012135922330097087,15.777777777777779,0.5512820512820513,57.44680851063829,0.42857142857142855,6.702127659574468,0.042986425339366516,0.26666666666666666
SBV Excelsior,2026-04-12,False,94,472,0.04708520179372197,0.3430493273542601,0.5044843049327354,44.719730941704036,0.01569506726457399,12.136363636363637,0.4782608695652174,63.191489361702125,0.3333333333333333,5.74468085106383,0.029661016949152543,0.0
SC Telstar,2026-04-22,True,94,412,0.06426735218508997,0.3393316195372751,0.5372750642673522,47.33907455012853,0.028277634961439587,13.894736842105264,0.4576271186440678,49.78723404255319,0.375,7.659574468085106,0.0412621359223301,0.0
Sparta Rotterdam,2026-04-22,False,94,470,0.04966139954853273,0.21896162528216703,0.4582392776523702,47.071783295711064,0.02708803611738149,8.6,0.37209302325581395,52.659574468085104,0.0,2.872340425531915,0.04042553191489362,0.0
Go Ahead Eagles,2026-04-23,True,95,416,0.037037037037037035,0.37566137566137564,0.48148148148148145,42.88994708994709,0.021164021164021163,17.384615384615383,0.6746987951807228,51.1578947368421,0.4,18.94736842105263,0.040865384615384616,0.06666666666666667
Alkmaar Zaanstreek,2026-04-23,False,95,415,0.04415584415584416,0.36103896103896105,0.3974025974025974,44.684935064935054,0.01818181818181818,11.08695652173913,0.5633802816901409,65.36842105263158,0.5625,15.157894736842104,0.04578313253012048,0.08695652173913043
PSV Eindhoven,2026-04-23,True,91,740,0.030303030303030304,0.22865013774104684,0.48484848484848486,49.88333333333334,0.004132231404958678,12.444444444444445,0.39622641509433965,88.02197802197803,0.5,7.912087912087912,0.00945945945945946,0.0
PEC Zwolle,2026-04-23,False,91,360,0.029239766081871343,0.3362573099415205,0.5263157894736842,42.00497076023392,0.005847953216374269,39.44444444444444,0.6527777777777778,68.24175824175825,0.25,3.956043956043956,0.044444444444444446,0.0
FC Twente,2026-04-25,True,95,424,0.05037783375314862,0.3047858942065491,0.5062972292191436,45.26649874055416,0.007556675062972292,11.0,0.6470588235294118,50.21052631578947,0.5,1.894736842105263,0.04481132075471698,0.15384615384615385
Nijmegen Eendracht Combinatie,2026-04-25,False,95,428,0.04207920792079208,0.2995049504950495,0.42326732673267325,47.80222772277227,0.017326732673267328,16.928571428571427,0.4307692307692308,58.73684210526316,0.375,15.157894736842104,0.037383177570093455,0.15789473684210525
Feyenoord Rotterdam,2026-04-25,True,94,491,0.03164556962025317,0.27848101265822783,0.3691983122362869,48.266877637130804,0.0189873417721519,7.896551724137931,0.5263157894736842,48.82978723404255,0.0,2.872340425531915,0.026476578411405296,0.1
FC Groningen,2026-04-25,False,94,448,0.03317535545023697,0.28672985781990523,0.47393364928909953,47.55,0.011848341232227487,15.933333333333334,0.5396825396825397,45.0,0.5,5.74468085106383,0.04017857142857143,0.1
NAC Breda,2026-04-25,True,96,578,0.04428044280442804,0.2988929889298893,0.496309963099631,45.15719557195572,0.027675276752767528,10.875,0.2807017543859649,74.0625,0.2,23.4375,0.03806228373702422,0.19047619047619047
AFC Ajax,2026-04-25,False,96,424,0.03217821782178218,0.39851485148514854,0.4504950495049505,43.70247524752475,0.009900990099009901,20.176470588235293,0.6979166666666666,68.4375,0.0,4.6875,0.02122641509433962,0.0
SC Heerenveen,2026-04-25,True,98,587,0.033628318584070796,0.27256637168141595,0.431858407079646,46.33805309734513,0.012389380530973451,9.909090909090908,0.23076923076923078,56.93877551020409,0.42857142857142855,6.428571428571429,0.022146507666098807,0.07142857142857142
Fortuna Sittard,2026-04-25,False,98,423,0.05025125628140704,0.2638190954773869,0.4798994974874372,48.40678391959799,0.02512562814070352,13.791666666666666,0.5632183908045977,47.75510204081633,0.25,3.6734693877551026,0.028368794326241134,0.06666666666666667
Heracles Almelo,2026-04-26,True,91,420,0.05612244897959184,0.27040816326530615,0.4744897959183674,46.836479591836735,0.0,7.565217391304348,0.5131578947368421,47.472527472527474,0.42857142857142855,13.846153846153847,0.04047619047619048,0.21428571428571427
FC Volendam,2026-04-26,False,91,331,0.05802047781569966,0.27303754266211605,0.48464163822525597,50.4542662116041,0.013651877133105802,16.285714285714285,0.5616438356164384,37.582417582417584,0.4,4.945054945054945,0.0755287009063444,0.1111111111111111
SBV Excelsior,2026-04-26,True,95,392,0.05420054200542006,0.42276422764227645,0.4742547425474255,37.800000000000004,0.0027100271002710027,18.5,0.45588235294117646,94.73684210526315,0.2,4.7368421052631575,0.04336734693877551,0.1111111111111111
FC Utrecht,2026-04-26,False,95,564,0.03130755064456722,0.23204419889502761,0.5248618784530387,48.7121546961326,0.011049723756906077,15.88888888888889,0.4262295081967213,84.3157894736842,0.4,4.7368421052631575,0.02127659574468085,0.10526315789473684
AFC Ajax,2026-05-02,True,95,536,0.03313840155945419,0.30994152046783624,0.45614035087719296,47.38752436647173,0.005847953216374269,17.235294117647058,0.5942028985507246,60.63157894736842,0.5,9.473684210526315,0.022388059701492536,0.125
PSV Eindhoven,2026-05-02,False,95,519,0.030303030303030304,0.3515151515151515,0.46464646464646464,45.26121212121212,0.014141414141414142,13.238095238095237,0.46774193548387094,65.36842105263158,0.4,4.7368421052631575,0.036608863198458574,0.23076923076923078
FC Groningen,2026-05-02,True,99,500,0.0546218487394958,0.25,0.4495798319327731,47.254621848739504,0.01050420168067227,14.266666666666667,0.5694444444444444,57.272727272727266,0.5,5.454545454545454,0.032,0.2727272727272727
SBV Excelsior,2026-05-02,False,99,396,0.0431266846361186,0.2884097035040431,0.5363881401617251,46.86684636118598,0.008086253369272238,23.09090909090909,0.5454545454545454,42.72727272727273,0.3333333333333333,5.454545454545454,0.03787878787878788,0.2222222222222222
FC Utrecht,2026-05-02,True,104,562,0.02702702702702703,0.37258687258687256,0.3745173745173745,41.38030888030888,0.025096525096525095,7.782608695652174,0.32432432432432434,66.63461538461539,0.391304347826087,19.903846153846157,0.037366548042704624,0.20689655172413793
NAC Breda,2026-05-02,False,104,306,0.07063197026022305,0.3828996282527881,0.550185873605948,42.94460966542751,0.01858736059479554,22.176470588235293,0.581081081081081,52.78846153846154,0.3076923076923077,11.250000000000002,0.05555555555555555,0.2
Nijmegen Eendracht Combinatie,2026-05-02,True,100,272,0.06504065040650407,0.5040650406504065,0.44308943089430897,37.800406504065045,0.0040650406504065045,30.083333333333332,0.8144329896907216,52.199999999999996,0.4,4.5,0.04044117647058824,0.1
SC Telstar,2026-05-02,False,100,594,0.03052064631956912,0.2872531418312388,0.4506283662477558,46.626211849192096,0.017953321364452424,10.944444444444445,0.26,59.4,0.4166666666666667,21.599999999999998,0.037037037037037035,0.05
Alkmaar Zaanstreek,2026-05-03,True,95,423,0.0575,0.305,0.5075,47.220749999999995,0.02,10.692307692307692,0.35555555555555557,47.368421052631575,0.5,3.789473684210526,0.026004728132387706,0.1111111111111111
FC Twente,2026-05-03,False,95,578,0.030797101449275364,0.3079710144927536,0.38405797101449274,47.569021739130434,0.007246376811594203,10.95,0.5428571428571428,72.94736842105263,0.2222222222222222,8.526315789473683,0.031141868512110725,0.05263157894736842
FC Volendam,2026-05-03,True,99,430,0.07633587786259542,0.4223918575063613,0.49872773536895676,44.251145038167934,0.015267175572519083,7.888888888888889,0.4117647058823529,68.18181818181817,0.0625,14.545454545454545,0.05116279069767442,0.13333333333333333
SC Heerenveen,2026-05-03,False,99,428,0.03209876543209877,0.291358024691358,0.4,48.53259259259259,0.019753086419753086,14.210526315789474,0.45,65.45454545454545,0.6,4.545454545454545,0.030373831775700934,0.0
Fortuna Sittard,2026-05-03,True,101,388,0.052924791086350974,0.28690807799442897,0.4568245125348189,45.43844011142062,0.008356545961002786,15.058823529411764,0.6222222222222222,49.9009900990099,0.4444444444444444,8.01980198019802,0.03865979381443299,0.125
Feyenoord Rotterdam,2026-05-03,False,101,442,0.04656862745098039,0.3382352941176471,0.44362745098039214,46.21838235294117,0.031862745098039214,9.0,0.1518987341772152,71.2871287128713,0.26666666666666666,13.366336633663366,0.05429864253393665,0.05263157894736842
PEC Zwolle,2026-05-03,True,94,391,0.04594594594594595,0.22432432432432434,0.4783783783783784,47.793243243243246,0.005405405405405406,11.28,0.5280898876404494,53.61702127659574,0.0,1.9148936170212765,0.05370843989769821,0.3
Heracles Almelo,2026-05-03,False,94,475,0.03881278538812785,0.365296803652968,0.4954337899543379,43.32671232876712,0.0228310502283105,10.05,0.3181818181818182,56.48936170212765,0.5384615384615384,12.446808510638297,0.05052631578947368,0.07142857142857142
Sparta Rotterdam,2026-05-03,True,96,422,0.02278481012658228,0.29873417721518986,0.4379746835443038,45.30278481012658,0.027848101265822784,16.0,0.5540540540540541,45.9375,0.3,9.375,0.035545023696682464,0.16
Go Ahead Eagles,2026-05-03,False,96,480,0.031042128603104215,0.30598669623059865,0.401330376940133,46.8940133037694,0.028824833702882482,11.0,0.5333333333333333,52.5,0.08333333333333333,11.25,0.03958333333333333,0.3125
AFC Ajax,2026-05-10,True,97,398,0.02956989247311828,0.4274193548387097,0.3844086021505376,41.65913978494624,0.021505376344086023,19.68421052631579,0.5540540540540541,54.74226804123712,0.2222222222222222,8.350515463917526,0.04020100502512563,0.21428571428571427
FC Utrecht,2026-05-10,False,97,694,0.013235294117647059,0.2838235294117647,0.3911764705882353,47.12338235294118,0.014705882352941176,9.615384615384615,0.44285714285714284,73.29896907216495,0.5,1.8556701030927836,0.01729106628242075,0.14285714285714285
FC Groningen,2026-05-10,True,99,391,0.055248618784530384,0.3314917127071823,0.4585635359116022,45.73977900552486,0.008287292817679558,9.32,0.5681818181818182,42.72727272727273,0.0,4.545454545454545,0.05370843989769821,0.0
Nijmegen Eendracht Combinatie,2026-05-10,False,99,401,0.05434782608695652,0.3233695652173913,0.39945652173913043,45.62065217391304,0.01358695652173913,13.823529411764707,0.4659090909090909,34.54545454545454,0.5,9.09090909090909,0.06483790523690773,0.15384615384615385
FC Twente,2026-05-10,True,95,562,0.048507462686567165,0.30783582089552236,0.45149253731343286,46.71809701492538,0.009328358208955223,11.0,0.3333333333333333,60.63157894736842,0.4,9.473684210526315,0.030249110320284697,0.125
Sparta Rotterdam,2026-05-10,False,95,410,0.017994858611825194,0.3444730077120823,0.3676092544987147,43.06786632390745,0.012853470437017995,26.416666666666668,0.6625,49.26315789473684,0.14285714285714285,6.631578947368421,0.02926829268292683,0.1111111111111111
Feyenoord Rotterdam,2026-05-10,True,95,397,0.03773584905660377,0.2560646900269542,0.41778975741239893,48.63908355795148,0.008086253369272238,15.952380952380953,0.39436619718309857,43.578947368421055,0.2857142857142857,13.263157894736842,0.042821158690176324,0.2
Alkmaar Zaanstreek,2026-05-10,False,95,587,0.013986013986013986,0.3374125874125874,0.3548951048951049,44.217832167832164,0.0034965034965034965,13.235294117647058,0.5588235294117647,65.36842105263158,0.5,1.894736842105263,0.022146507666098807,0.15384615384615385
Fortuna Sittard,2026-05-10,True,96,501,0.03991596638655462,0.25630252100840334,0.4369747899159664,48.88865546218487,0.01050420168067227,14.647058823529411,0.6231884057971014,43.125,0.4444444444444444,8.4375,0.027944111776447105,0.375
PEC Zwolle,2026-05-10,False,96,422,0.05764411027568922,0.3007518796992481,0.506265664160401,46.00751879699248,0.017543859649122806,22.727272727272727,0.6229508196721312,38.4375,0.25,3.75,0.04265402843601896,0.2727272727272727
Go Ahead Eagles,2026-05-10,True,94,349,0.034055727554179564,0.34674922600619196,0.5541795665634675,45.23715170278638,0.021671826625386997,17.3125,0.6865671641791045,49.78723404255319,0.5,13.404255319148936,0.04011461318051576,0.2727272727272727
PSV Eindhoven,2026-05-10,False,94,506,0.03138075313807531,0.30962343096234307,0.4665271966527197,46.87719665271966,0.01882845188284519,10.157894736842104,0.4782608695652174,53.61702127659574,0.5,11.48936170212766,0.029644268774703556,0.0
SBV Excelsior,2026-05-10,True,95,567,0.04007285974499089,0.3825136612021858,0.4080145719489982,41.33132969034609,0.012750455373406194,22.875,0.6805555555555556,97.57894736842105,0.0,2.8421052631578947,0.02292768959435626,0.0
FC Volendam,2026-05-10,False,95,280,0.07450980392156863,0.396078431372549,0.4627450980392157,41.9964705882353,0.00392156862745098,25.6875,0.6190476190476191,47.368421052631575,0.6666666666666666,2.8421052631578947,0.03214285714285714,0.1111111111111111
SC Telstar,2026-05-10,True,95,319,0.0472972972972973,0.30067567567567566,0.47297297297297297,47.61689189189189,0.02027027027027027,9.28,0.5866666666666667,46.421052631578945,0.2727272727272727,10.421052631578947,0.05329153605015674,0.3333333333333333
Heracles Almelo,2026-05-10,False,95,372,0.06804733727810651,0.3727810650887574,0.5,43.15147928994083,0.03254437869822485,16.7,0.6557377049180327,56.84210526315789,0.15384615384615385,12.31578947368421,0.056451612903225805,0.0
NAC Breda,2026-05-11,True,97,410,0.043596730245231606,0.31607629427792916,0.4604904632152589,46.241144414168936,0.02452316076294278,18.1875,0.5168539325842697,56.5979381443299,0.391304347826087,21.340206185567013,0.05121951219512195,0.25
SC Heerenveen,2026-05-11,False,97,452,0.053864168618266976,0.4707259953161593,0.5526932084309133,40.681030444964875,0.03044496487119438,13.625,0.7184466019417476,73.29896907216495,0.35714285714285715,12.989690721649485,0.028761061946902654,0.07142857142857142
Alkmaar Zaanstreek,2026-05-17,True,95,392,0.03064066852367688,0.2841225626740947,0.4233983286908078,49.00222841225627,0.008356545961002786,12.6,0.3176470588235294,49.26315789473684,0.4,14.210526315789473,0.04336734693877551,0.0
NAC Breda,2026-05-17,False,95,478,0.04856512141280353,0.3090507726269316,0.4392935982339956,47.28167770419426,0.02207505518763797,9.75,0.5294117647058824,51.1578947368421,0.5454545454545454,10.421052631578947,0.03347280334728033,0.13333333333333333
FC Utrecht,2026-05-17,True,92,528,0.041584158415841586,0.21584158415841584,0.44554455445544555,47.42990099009901,0.015841584158415842,14.071428571428571,0.6764705882352942,70.43478260869566,0.5454545454545454,10.760869565217392,0.01893939393939394,0.1875
Fortuna Sittard,2026-05-17,False,92,381,0.02857142857142857,0.2257142857142857,0.48,49.80685714285715,0.005714285714285714,12.91304347826087,0.4153846153846154,37.173913043478265,0.5454545454545454,10.760869565217392,0.04199475065616798,0.15384615384615385
FC Volendam,2026-05-17,True,102,410,0.08776595744680851,0.3696808510638298,0.4920212765957447,43.23882978723404,0.02925531914893617,14.125,0.4594594594594595,44.11764705882353,0.375,14.117647058823529,0.06097560975609756,0.23529411764705882
SC Telstar,2026-05-17,False,102,389,0.062162162162162166,0.3108108108108108,0.5054054054054054,46.14756756756756,0.016216216216216217,12.095238095238095,0.5957446808510638,53.82352941176471,0.0,1.7647058823529411,0.033419023136246784,0.125
Heracles Almelo,2026-05-17,True,95,390,0.06027397260273973,0.2547945205479452,0.473972602739726,46.92739726027397,0.01643835616438356,14.4,0.4461538461538462,40.73684210526316,0.2857142857142857,6.631578947368421,0.038461538461538464,0.0
FC Groningen,2026-05-17,False,95,437,0.041463414634146344,0.4121951219512195,0.5048780487804878,40.634390243902445,0.02195121951219512,16.214285714285715,0.45454545454545453,62.526315789473685,0.42857142857142855,6.631578947368421,0.034324942791762014,0.36363636363636365
Nijmegen Eendracht Combinatie,2026-05-17,True,98,459,0.050119331742243436,0.4343675417661098,0.5393794749403341,40.87780429594272,0.021479713603818614,16.5,0.19402985074626866,63.36734693877552,0.29411764705882354,15.612244897959185,0.0457516339869281,0.08823529411764706
Go Ahead Eagles,2026-05-17,False,98,345,0.0694006309148265,0.41009463722397477,0.45110410094637227,41.190220820189275,0.01892744479495268,29.363636363636363,0.7526881720430108,60.61224489795919,0.6,4.591836734693878,0.0463768115942029,0.0
PEC Zwolle,2026-05-17,True,92,473,0.04504504504504504,0.2905405405405405,0.4346846846846847,47.182882882882886,0.0045045045045045045,12.75,0.2033898305084746,58.69565217391305,0.17647058823529413,16.630434782608695,0.048625792811839326,0.18181818181818182
Feyenoord Rotterdam,2026-05-17,False,92,460,0.027210884353741496,0.35600907029478457,0.4444444444444444,41.08866213151927,0.013605442176870748,15.705882352941176,0.64,75.32608695652175,0.0,1.956521739130435,0.02826086956521739,0.0
PSV Eindhoven,2026-05-17,True,93,425,0.0525,0.255,0.525,49.0475,0.0025,17.153846153846153,0.5208333333333334,52.258064516129025,0.5833333333333334,11.61290322580645,0.03529411764705882,0.15384615384615385
FC Twente,2026-05-17,False,93,401,0.05263157894736842,0.3394736842105263,0.48947368421052634,45.053157894736835,0.02368421052631579,22.0,0.6440677966101694,63.87096774193548,0.5,5.806451612903225,0.0399002493765586,0.1111111111111111
SC Heerenveen,2026-05-17,True,96,608,0.018998272884283247,0.2970639032815199,0.44559585492227977,49.082901554404145,0.017271157167530225,12.115384615384615,0.22727272727272727,76.875,0.5555555555555556,8.4375,0.029605263157894735,0.3125
AFC Ajax,2026-05-17,False,96,535,0.021400778210116732,0.33852140077821014,0.40077821011673154,44.45,0.02529182879377432,19.235294117647058,0.6666666666666666,76.875,0.16666666666666666,5.625,0.029906542056074768,0.17391304347826086
Sparta Rotterdam,2026-05-17,True,97,422,0.04871794871794872,0.2948717948717949,0.4666666666666667,46.46076923076922,0.01282051282051282,12.047619047619047,0.37681159420289856,52.886597938144334,0.75,7.422680412371134,0.035545023696682464,0.125
SBV Excelsior,2026-05-17,False,97,465,0.030303030303030304,0.24242424242424243,0.38694638694638694,47.77855477855478,0.023310023310023312,8.925925925925926,0.4520547945205479,42.680412371134025,0.2857142857142857,6.494845360824742,0.03870967741935484,0.16666666666666666
AFC Ajax,2026-05-21,True,97,583,0.03411131059245961,0.4488330341113106,0.5421903052064632,37.997666068222614,0.010771992818671455,10.578947368421053,0.5131578947368421,119.69072164948454,0.3333333333333333,2.7835051546391756,0.03945111492281304,0.16666666666666666
FC Groningen,2026-05-21,False,97,362,0.041666666666666664,0.25595238095238093,0.4255952380952381,46.52291666666667,0.008928571428571428,12.666666666666666,0.24050632911392406,42.680412371134025,0.5,1.8556701030927836,0.04696132596685083,0.0
FC Utrecht,2026-05-21,True,96,401,0.03208556149732621,0.34759358288770054,0.5347593582887701,44.21310160427808,0.026737967914438502,21.6,0.6666666666666666,49.6875,0.2727272727272727,10.3125,0.03740648379052369,0.13043478260869565
SC Heerenveen,2026-05-21,False,96,577,0.02531645569620253,0.29475587703435807,0.37251356238698013,45.43960216998192,0.012658227848101266,20.083333333333332,0.3958333333333333,75.0,0.125,7.5,0.03119584055459272,0.3076923076923077
AFC Ajax,2026-05-24,True,131,775,0.02834008097165992,0.24561403508771928,0.4399460188933873,49.10539811066128,0.02564102564102564,7.682926829268292,0.30864197530864196,57.70992366412214,0.2727272727272727,7.557251908396947,0.03096774193548387,0.15384615384615385
FC Utrecht,2026-05-24,False,131,453,0.03357314148681055,0.36930455635491605,0.4028776978417266,40.111031175059956,0.016786570743405275,16.75,0.6761904761904762,51.526717557251914,0.25,5.4961832061068705,0.046357615894039736,0.17647058823529413
