player_id,player,team,position_group,interception_interception_transitions,interception_interception_transition_threat,interception_interception_chain_reached_shot,interception_interception_chain_duration_sec,interception_interception_transitions_per90,interception_interception_transition_threat_per90,interception_interception_chain_reached_shot_per90,interception_interception_chain_duration_sec_per90,interception_interception_transitions__home,interception_interception_transition_threat__home,interception_interception_chain_reached_shot__home,interception_interception_chain_duration_sec__home,interception_interception_transitions__home_per90,interception_interception_transition_threat__home_per90,interception_interception_chain_reached_shot__home_per90,interception_interception_chain_duration_sec__home_per90,interception_interception_transitions__away,interception_interception_transition_threat__away,interception_interception_chain_reached_shot__away,interception_interception_chain_duration_sec__away,interception_interception_transitions__away_per90,interception_interception_transition_threat__away_per90,interception_interception_chain_reached_shot__away_per90,interception_interception_chain_duration_sec__away_per90,interception_interception_transitions__H1,interception_interception_transition_threat__H1,interception_interception_chain_reached_shot__H1,interception_interception_chain_duration_sec__H1,interception_interception_transitions__H1_per90,interception_interception_transition_threat__H1_per90,interception_interception_chain_reached_shot__H1_per90,interception_interception_chain_duration_sec__H1_per90,interception_interception_transitions__H2,interception_interception_transition_threat__H2,interception_interception_chain_reached_shot__H2,interception_interception_chain_duration_sec__H2,interception_interception_transitions__H2_per90,interception_interception_transition_threat__H2_per90,interception_interception_chain_reached_shot__H2_per90,interception_interception_chain_duration_sec__H2_per90,interception_interception_transitions__last5,interception_interception_transition_threat__last5,interception_interception_chain_reached_shot__last5,interception_interception_chain_duration_sec__last5,interception_interception_transitions__last5_per90,interception_interception_transition_threat__last5_per90,interception_interception_chain_reached_shot__last5_per90,interception_interception_chain_duration_sec__last5_per90,interception_interception_transitions_percentile,interception_interception_transitions_zscore,interception_interception_transition_threat_percentile,interception_interception_transition_threat_zscore,interception_interception_chain_reached_shot_percentile,interception_interception_chain_reached_shot_zscore,interception_interception_chain_duration_sec_percentile,interception_interception_chain_duration_sec_zscore,interception_interception_transitions_per90_percentile,interception_interception_transitions_per90_zscore,interception_interception_transition_threat_per90_percentile,interception_interception_transition_threat_per90_zscore,interception_interception_chain_reached_shot_per90_percentile,interception_interception_chain_reached_shot_per90_zscore,interception_interception_chain_duration_sec_per90_percentile,interception_interception_chain_duration_sec_per90_zscore,interception_interception_transitions__home_percentile,interception_interception_transitions__home_zscore,interception_interception_transition_threat__home_percentile,interception_interception_transition_threat__home_zscore,interception_interception_chain_reached_shot__home_percentile,interception_interception_chain_reached_shot__home_zscore,interception_interception_chain_duration_sec__home_percentile,interception_interception_chain_duration_sec__home_zscore,interception_interception_transitions__home_per90_percentile,interception_interception_transitions__home_per90_zscore,interception_interception_transition_threat__home_per90_percentile,interception_interception_transition_threat__home_per90_zscore,interception_interception_chain_reached_shot__home_per90_percentile,interception_interception_chain_reached_shot__home_per90_zscore,interception_interception_chain_duration_sec__home_per90_percentile,interception_interception_chain_duration_sec__home_per90_zscore,interception_interception_transitions__away_percentile,interception_interception_transitions__away_zscore,interception_interception_transition_threat__away_percentile,interception_interception_transition_threat__away_zscore,interception_interception_chain_reached_shot__away_percentile,interception_interception_chain_reached_shot__away_zscore,interception_interception_chain_duration_sec__away_percentile,interception_interception_chain_duration_sec__away_zscore,interception_interception_transitions__away_per90_percentile,interception_interception_transitions__away_per90_zscore,interception_interception_transition_threat__away_per90_percentile,interception_interception_transition_threat__away_per90_zscore,interception_interception_chain_reached_shot__away_per90_percentile,interception_interception_chain_reached_shot__away_per90_zscore,interception_interception_chain_duration_sec__away_per90_percentile,interception_interception_chain_duration_sec__away_per90_zscore,interception_interception_transitions__H1_percentile,interception_interception_transitions__H1_zscore,interception_interception_transition_threat__H1_percentile,interception_interception_transition_threat__H1_zscore,interception_interception_chain_reached_shot__H1_percentile,interception_interception_chain_reached_shot__H1_zscore,interception_interception_chain_duration_sec__H1_percentile,interception_interception_chain_duration_sec__H1_zscore,interception_interception_transitions__H1_per90_percentile,interception_interception_transitions__H1_per90_zscore,interception_interception_transition_threat__H1_per90_percentile,interception_interception_transition_threat__H1_per90_zscore,interception_interception_chain_reached_shot__H1_per90_percentile,interception_interception_chain_reached_shot__H1_per90_zscore,interception_interception_chain_duration_sec__H1_per90_percentile,interception_interception_chain_duration_sec__H1_per90_zscore,interception_interception_transitions__H2_percentile,interception_interception_transitions__H2_zscore,interception_interception_transition_threat__H2_percentile,interception_interception_transition_threat__H2_zscore,interception_interception_chain_reached_shot__H2_percentile,interception_interception_chain_reached_shot__H2_zscore,interception_interception_chain_duration_sec__H2_percentile,interception_interception_chain_duration_sec__H2_zscore,interception_interception_transitions__H2_per90_percentile,interception_interception_transitions__H2_per90_zscore,interception_interception_transition_threat__H2_per90_percentile,interception_interception_transition_threat__H2_per90_zscore,interception_interception_chain_reached_shot__H2_per90_percentile,interception_interception_chain_reached_shot__H2_per90_zscore,interception_interception_chain_duration_sec__H2_per90_percentile,interception_interception_chain_duration_sec__H2_per90_zscore,interception_interception_transitions__last5_percentile,interception_interception_transitions__last5_zscore,interception_interception_transition_threat__last5_percentile,interception_interception_transition_threat__last5_zscore,interception_interception_chain_reached_shot__last5_percentile,interception_interception_chain_reached_shot__last5_zscore,interception_interception_chain_duration_sec__last5_percentile,interception_interception_chain_duration_sec__last5_zscore,interception_interception_transitions__last5_per90_percentile,interception_interception_transitions__last5_per90_zscore,interception_interception_transition_threat__last5_per90_percentile,interception_interception_transition_threat__last5_per90_zscore,interception_interception_chain_reached_shot__last5_per90_percentile,interception_interception_chain_reached_shot__last5_per90_zscore,interception_interception_chain_duration_sec__last5_per90_percentile,interception_interception_chain_duration_sec__last5_per90_zscore
10k3fz1ibikbugv4c45ewy87o,J. Pereira da Gama,PEC Zwolle,Midfielder,4,0.0,0,3,1.2384,0.0,0.0,0.9288,1,0.0,0,2,0.9288,0.0,0.0,1.8576,3,0.0,0,1,1.3932,0.0,0.0,0.4644,0,0.0,0,0,0.0,0.0,0.0,0.0,4,0.0,0,3,1.2384,0.0,0.0,0.9288,4,0.0,0,3,1.2384,0.0,0.0,0.9288,34.8,-0.629,15.7,-0.434,40.5,-0.443,17.5,-0.809,57.2,0.002,22.7,-0.395,40.5,-0.316,13.9,-1.128,21.9,-0.77,22.7,-0.289,44.8,-0.348,32.2,-0.727,29.1,-0.313,28.6,-0.256,44.8,-0.301,39.9,-0.38,45.4,-0.434,24.5,-0.395,44.6,-0.337,21.4,-0.763,72.2,0.475,30.9,-0.399,44.6,-0.265,20.6,-1.008,8.2,-0.913,25.8,-0.289,45.9,-0.296,12.6,-0.828,8.2,-1.945,30.7,-0.282,45.9,-0.239,12.6,-1.151,52.6,-0.273,24.5,-0.368,44.1,-0.344,33.2,-0.678,84.5,0.74,31.2,-0.375,44.1,-0.269,27.3,-0.717,34.8,-0.453,23.2,-0.245,44.3,-0.353,19.6,-0.977,54.6,-0.013,30.4,-0.267,44.3,-0.298,16.5,-0.999
14csdlb8p0tnj6zqrs148ct1w,J. Ritmeester van de Kamp,SC Telstar,Forward,26,0.02381224729620528,0,59,1.6018,0.0015,0.0,3.6348,12,0.01618318776807384,0,25,1.5842,0.0021,0.0,3.3003,14,0.007629059528131446,0,34,1.6172,0.0009,0.0,3.9274,18,0.01630492030610974,0,45,1.5122,0.0014,0.0,3.7804,8,0.007507326990095546,0,14,1.0561,0.001,0.0,1.8482,10,0.0231001253926079,0,35,1.8482,0.0043,0.0,6.4686,100.0,4.068,96.6,2.292,44.1,-0.374,100.0,3.424,94.9,2.193,84.7,0.525,44.1,-0.34,72.9,0.413,99.2,3.307,98.3,4.088,49.2,-0.186,98.3,2.669,93.2,1.463,98.3,2.577,49.2,-0.186,74.6,0.463,100.0,3.951,88.1,0.615,45.8,-0.316,98.3,3.224,94.9,1.389,79.7,-0.021,45.8,-0.258,79.7,0.702,100.0,4.776,96.6,1.908,47.5,-0.267,100.0,3.783,98.3,1.671,87.3,0.418,47.5,-0.225,76.3,0.707,96.6,2.33,91.5,1.339,46.6,-0.302,93.2,1.255,89.8,0.529,89.8,0.535,46.6,-0.282,57.6,-0.061,100.0,2.941,100.0,4.047,46.6,-0.302,100.0,3.318,94.9,2.925,94.9,2.628,46.6,-0.291,91.5,1.634
16mtjri8tz6vmxtxwr34y2tp1,M. Branderhorst,Fortuna Sittard,Goalkeeper,1,0.0,0,1,0.9211,0.0,0.0,0.9211,1,0.0,0,1,0.9211,0.0,0.0,0.9211,0,0.0,0,0,0.0,0.0,0.0,0.0,0,0.0,0,0,0.0,0.0,0.0,0.0,1,0.0,0,1,0.9211,0.0,0.0,0.9211,1,0.0,0,1,0.9211,0.0,0.0,0.9211,22.7,-0.966,22.7,-0.687,40.9,-0.584,18.2,-1.077,9.1,-0.995,27.3,-0.677,40.9,-0.369,18.2,-1.452,27.3,-0.905,22.7,-0.566,45.5,-0.449,18.2,-1.067,9.1,-0.925,27.3,-0.538,45.5,-0.446,18.2,-1.524,22.7,-1.002,31.8,-0.502,50.0,-0.302,22.7,-0.882,22.7,-1.192,40.9,-0.484,50.0,-0.302,22.7,-1.097,13.6,-0.961,22.7,-0.655,54.5,0.0,13.6,-1.064,13.6,-1.872,27.3,-0.62,54.5,0.0,13.6,-1.551,36.4,-0.924,31.8,-0.345,40.9,-0.584,36.4,-0.976,27.3,0.0,31.8,-0.357,40.9,-0.36,36.4,-0.612,22.7,-1.041,27.3,-0.396,50.0,-0.302,18.2,-1.268,9.1,-0.923,36.4,-0.397,50.0,-0.302,18.2,-1.542
16tmkyjtx7rr2rbb6ey9vasmi,O. Sivertsen,Go Ahead Eagles,Midfielder,1,0.0,0,0,0.9333,0.0,0.0,0.0,1,0.0,0,0,0.9333,0.0,0.0,0.0,0,0.0,0,0,0.0,0.0,0.0,0.0,0,0.0,0,0,0.0,0.0,0.0,0.0,1,0.0,0,0,0.9333,0.0,0.0,0.0,1,0.0,0,0,0.9333,0.0,0.0,0.0,6.7,-0.889,15.7,-0.434,40.5,-0.443,4.9,-0.903,22.7,-0.986,22.7,-0.395,40.5,-0.316,4.9,-1.612,21.9,-0.77,22.7,-0.289,44.8,-0.348,12.6,-0.843,39.2,-0.306,28.6,-0.256,44.8,-0.301,12.6,-1.188,4.1,-0.919,24.5,-0.395,44.6,-0.337,9.5,-0.82,4.1,-2.276,30.9,-0.399,44.6,-0.265,9.5,-1.203,8.2,-0.913,25.8,-0.289,45.9,-0.296,12.6,-0.828,8.2,-1.945,30.7,-0.282,45.9,-0.239,12.6,-1.151,18.6,-0.776,24.5,-0.368,44.1,-0.344,10.6,-0.861,43.3,-0.188,31.2,-0.375,44.1,-0.269,10.6,-1.174,6.7,-1.476,23.2,-0.245,44.3,-0.353,5.2,-1.269,25.8,-0.899,30.4,-0.267,44.3,-0.298,5.2,-1.436
1asrguqxyo7rmoyamggwd9oq2,A. Kaplan,Nijmegen Eendracht Combinatie,Defender,23,0.0256587660769764,1,39,1.5112,0.0017,0.0657,2.5625,14,0.0057813844773471,1,24,1.2878,0.0005,0.092,2.2077,9,0.0198773815996293,0,15,2.0697,0.0046,0.0,3.4495,13,0.0049575260410613,1,11,1.3287,0.0005,0.1022,1.1243,10,0.0207012400359151,0,28,1.1498,0.0024,0.0,3.2195,8,0.0198773815996293,1,16,1.4718,0.0037,0.184,2.9436,65.4,0.428,85.3,0.553,91.3,1.867,55.6,-0.083,65.0,0.348,87.8,0.356,92.3,1.229,32.9,-0.399,75.2,0.75,76.9,-0.038,96.9,3.634,61.2,0.114,39.9,-0.135,73.8,-0.146,94.4,1.528,37.1,-0.442,59.4,0.059,92.3,1.474,45.8,-0.297,49.7,-0.277,96.5,1.457,98.6,2.471,45.8,-0.258,57.3,0.183,70.6,0.678,78.3,-0.057,95.5,3.025,41.3,-0.497,74.8,0.608,77.3,-0.11,96.5,1.903,25.9,-0.667,61.9,0.144,90.9,1.44,46.2,-0.302,71.3,0.322,53.8,-0.003,94.8,0.628,46.2,-0.239,68.5,0.301,68.9,0.419,92.3,1.458,96.5,3.452,54.9,-0.079,56.3,0.122,92.3,1.136,94.1,3.069,47.6,-0.231
1bzrc169lsg8khaqy7a89oqok,G. Büyükhan,Fortuna Sittard,Forward,1,0.0,0,8,0.9375,0.0,0.0,7.5,1,0.0,0,8,0.9375,0.0,0.0,7.5,0,0.0,0,0,0.0,0.0,0.0,0.0,0,0.0,0,0,0.0,0.0,0.0,0.0,1,0.0,0,8,0.9375,0.0,0.0,7.5,1,0.0,0,8,0.9375,0.0,0.0,7.5,13.6,-0.732,22.0,-0.478,44.1,-0.374,50.8,-0.285,65.3,-0.486,24.6,-0.526,44.1,-0.34,98.3,2.177,43.2,-0.445,33.9,-0.333,49.2,-0.186,71.2,0.347,78.8,0.316,34.7,-0.393,49.2,-0.186,94.9,1.985,11.9,-0.862,30.5,-0.376,45.8,-0.316,16.1,-0.756,11.9,-1.546,34.7,-0.39,45.8,-0.258,16.1,-0.94,14.4,-0.737,33.1,-0.344,47.5,-0.267,22.9,-0.626,14.4,-1.541,34.7,-0.406,47.5,-0.225,22.9,-0.782,28.8,-0.586,33.1,-0.368,46.6,-0.302,66.9,0.366,85.6,0.237,33.9,-0.391,46.6,-0.282,98.3,2.576,13.6,-1.094,25.4,-0.459,46.6,-0.302,55.9,-0.072,68.6,-0.469,27.1,-0.464,46.6,-0.291,98.3,2.085
1c4fzmrwmlwaqmqomge14rqc4,D. Janse,FC Groningen,Defender,34,0.0009678565316278206,1,67,1.7571,0.0001,0.0517,3.4625,20,0.0009502337029074,0,35,1.8605,0.0001,0.0,3.2558,14,1.762282872042054e-05,1,32,1.6279,0.0,0.1163,3.7209,13,0.0004929361628939206,1,40,1.3437,0.0001,0.1034,4.1344,21,0.0004749203687339,0,27,1.3953,0.0,0.0,1.794,12,0.0004929361628939206,0,30,2.2326,0.0001,0.0,5.5814,87.4,1.275,42.7,-0.411,91.3,1.867,75.2,0.684,86.0,1.164,42.3,-0.368,90.9,0.895,60.8,0.107,94.1,1.624,59.4,-0.261,46.9,-0.273,79.0,0.652,88.8,1.117,52.4,-0.262,46.9,-0.224,51.0,0.053,78.0,0.78,42.0,-0.477,94.8,2.354,76.2,0.603,72.0,0.584,25.5,-0.411,95.8,1.744,64.3,0.318,70.6,0.678,56.6,-0.263,95.5,3.025,81.8,0.995,77.6,0.641,57.0,-0.23,97.2,1.928,86.7,0.773,93.0,1.72,55.9,-0.452,46.2,-0.302,68.2,0.273,85.3,0.873,25.9,-0.281,46.2,-0.239,31.5,-0.48,95.8,1.836,68.5,-0.359,46.5,-0.288,88.5,1.127,96.5,2.0,64.7,-0.33,46.5,-0.282,86.0,0.951
1fs2iimaa97nzlw80yypcd6ju,S. Mitrović,SBV Excelsior,Midfielder,2,2.166960568196485e-05,0,7,0.9257,0.0,0.0,3.24,1,2.166960568196485e-05,0,7,0.9257,0.0,0.0,6.48,1,0.0,0,0,0.9257,0.0,0.0,0.0,1,0.0,0,0,0.9257,0.0,0.0,0.0,1,2.166960568196485e-05,0,7,0.9257,0.0,0.0,6.48,2,2.166960568196485e-05,0,7,0.9257,0.0,0.0,3.24,18.8,-0.803,31.4,-0.433,40.5,-0.443,27.8,-0.685,10.8,-1.01,22.7,-0.395,40.5,-0.316,55.2,0.077,21.9,-0.77,45.4,-0.288,44.8,-0.348,46.1,-0.438,23.2,-0.319,28.6,-0.256,44.8,-0.301,93.8,1.631,17.5,-0.757,24.5,-0.395,44.6,-0.337,9.5,-0.82,21.1,-0.448,30.9,-0.399,44.6,-0.265,9.5,-1.203,24.2,-0.751,25.8,-0.289,45.9,-0.296,12.6,-0.828,26.3,-0.098,30.7,-0.282,45.9,-0.239,12.6,-1.151,18.6,-0.776,49.5,-0.366,44.1,-0.344,46.1,-0.434,23.2,-0.211,31.2,-0.375,44.1,-0.269,94.8,2.014,18.8,-1.135,46.4,-0.244,44.3,-0.353,33.2,-0.589,12.4,-0.921,30.4,-0.267,44.3,-0.298,55.7,0.089
1gl82ymzh9vpitix6v645awa,D. Nejašmić,Nijmegen Eendracht Combinatie,Midfielder,28,0.03515057575019155,0,70,1.4281,0.0018,0.0,3.5702,10,0.0004750440999227348,0,20,1.3115,0.0001,0.0,2.623,18,0.03467553165026881,0,50,1.5023,0.0029,0.0,4.1729,13,0.01203092610805514,0,41,1.3261,0.0012,0.0,4.1822,15,0.02311964964213642,0,29,1.1476,0.0018,0.0,2.2186,11,0.006189791689085,0,27,2.0197,0.0011,0.0,4.9574,89.7,1.45,93.3,1.311,40.5,-0.443,88.9,1.277,73.2,0.615,85.3,0.466,40.5,-0.316,60.8,0.249,81.2,0.744,61.3,-0.262,44.8,-0.348,72.2,0.315,65.5,0.346,61.6,-0.229,44.8,-0.301,50.5,-0.047,95.4,1.99,97.9,3.313,44.6,-0.337,95.6,2.019,80.4,0.69,94.6,1.62,44.6,-0.265,74.7,0.548,86.9,1.194,88.7,0.422,45.9,-0.296,90.7,1.456,79.9,0.701,86.6,0.173,45.9,-0.239,82.0,0.785,92.3,1.57,95.9,1.842,44.1,-0.344,81.2,0.905,72.2,0.464,91.8,0.898,44.1,-0.269,48.5,-0.083,96.9,1.933,86.6,0.144,44.3,-0.353,90.5,1.354,95.9,2.258,84.5,0.089,44.3,-0.298,84.0,0.898
1k60tee702idfrp0ibca1s57u,G. Offerhaus,SC Telstar,Defender,30,0.006214401986627897,0,76,1.3887,0.0003,0.0,3.5181,18,0.00598005643479166,0,56,1.515,0.0005,0.0,4.7132,12,0.0002343455518362364,0,20,1.2344,0.0,0.0,2.0574,15,0.005028714733838166,0,41,1.3887,0.0005,0.0,3.7958,15,0.001185687252789732,0,35,1.0682,0.0001,0.0,2.4926,8,0.0,0,11,1.4813,0.0,0.0,2.0368,82.9,0.967,62.9,-0.206,42.3,-0.415,83.9,0.93,51.7,-0.058,55.6,-0.277,42.3,-0.336,62.2,0.138,89.2,1.333,77.6,-0.029,46.9,-0.273,93.7,1.678,65.0,0.361,73.8,-0.146,46.9,-0.224,79.7,0.74,69.6,0.492,51.0,-0.456,45.8,-0.297,59.4,-0.018,38.5,-0.193,25.5,-0.411,45.8,-0.258,32.9,-0.509,79.7,0.975,79.0,-0.053,45.5,-0.328,83.2,1.047,85.3,0.743,77.3,-0.11,45.5,-0.243,78.3,0.611,82.5,0.861,61.5,-0.385,46.2,-0.302,80.8,0.661,42.0,-0.295,57.3,-0.243,46.2,-0.239,50.3,-0.097,68.9,0.419,21.3,-0.405,46.5,-0.288,35.0,-0.51,58.7,0.145,29.7,-0.371,46.5,-0.282,27.3,-0.637
1m0qpbce7dob7mdbo7titbqp5,V. Edvardsen,Go Ahead Eagles,Forward,1,0.0,0,0,0.9383,0.0,0.0,0.0,0,0.0,0,0,0.0,0.0,0.0,0.0,1,0.0,0,0,0.9383,0.0,0.0,0.0,1,0.0,0,0,0.9383,0.0,0.0,0.0,0,0.0,0,0,0.0,0.0,0.0,0.0,1,0.0,0,0,0.9383,0.0,0.0,0.0,13.6,-0.732,22.0,-0.478,44.1,-0.374,6.8,-0.866,67.8,-0.483,24.6,-0.526,44.1,-0.34,6.8,-1.246,16.1,-0.786,33.9,-0.333,49.2,-0.186,23.7,-0.745,16.1,-1.346,34.7,-0.393,49.2,-0.186,23.7,-0.733,33.9,-0.519,30.5,-0.376,45.8,-0.316,16.1,-0.756,76.3,0.157,34.7,-0.39,45.8,-0.258,16.1,-0.94,39.0,-0.431,33.1,-0.344,47.5,-0.267,22.9,-0.626,84.7,0.452,34.7,-0.406,47.5,-0.225,22.9,-0.782,8.5,-1.003,33.1,-0.368,46.6,-0.302,15.3,-0.818,8.5,-2.074,33.9,-0.391,46.6,-0.282,15.3,-0.923,13.6,-1.094,25.4,-0.459,46.6,-0.302,6.8,-1.077,71.2,-0.466,27.1,-0.464,46.6,-0.291,6.8,-1.194
1mroid71v9bwpx0iaospei9gq,R. Margaret,Go Ahead Eagles,Midfielder,7,0.0006536957827356,0,12,1.3031,0.0001,0.0,2.2338,0,0.0,0,0,0.0,0.0,0.0,0.0,7,0.0006536957827356,0,12,1.3031,0.0001,0.0,2.2338,6,0.0006536957827356,0,10,1.3961,0.0002,0.0,2.3269,1,0.0,0,2,0.9308,0.0,0.0,1.8615,7,0.0006536957827356,0,12,1.3031,0.0001,0.0,2.2338,46.6,-0.369,50.0,-0.402,40.5,-0.443,42.3,-0.529,62.9,0.211,48.5,-0.347,40.5,-0.316,30.9,-0.448,7.0,-0.939,22.7,-0.289,44.8,-0.348,12.6,-0.843,7.0,-1.913,28.6,-0.256,44.8,-0.301,12.6,-1.188,74.0,0.212,71.1,-0.325,44.6,-0.337,59.5,-0.138,66.0,0.297,66.8,-0.33,44.6,-0.265,45.4,-0.266,67.0,0.059,68.0,-0.251,45.9,-0.296,54.9,-0.271,85.3,0.841,71.1,-0.206,45.9,-0.239,47.9,-0.074,18.6,-0.776,24.5,-0.368,44.1,-0.344,30.2,-0.739,35.3,-0.196,31.2,-0.375,44.1,-0.269,41.8,-0.258,69.8,0.569,66.5,-0.204,44.3,-0.353,54.9,-0.103,63.9,0.175,63.7,-0.234,44.3,-0.298,37.6,-0.384
1nk0hcaa9o4jnyxc9ndz1lams,D. van der Werff,FC Groningen,Midfielder,12,6.668539752424651e-05,0,31,1.117,0.0,0.0,2.8856,7,6.668539752424651e-05,0,22,1.086,0.0,0.0,3.4131,5,0.0,0,9,1.1636,0.0,0.0,2.0944,5,0.0,0,14,0.9309,0.0,0.0,2.6064,7,6.668539752424651e-05,0,17,1.086,0.0,0.0,2.6374,6,6.668539752424651e-05,0,15,1.117,0.0,0.0,2.7926,69.3,0.064,36.1,-0.431,40.5,-0.443,68.3,0.062,42.3,-0.391,22.7,-0.395,40.5,-0.316,47.9,-0.108,71.1,0.239,50.5,-0.286,44.8,-0.348,75.8,0.431,52.6,-0.043,28.6,-0.256,44.8,-0.301,60.3,0.297,60.8,-0.111,24.5,-0.395,44.6,-0.337,52.8,-0.309,55.4,0.021,30.9,-0.399,44.6,-0.265,42.8,-0.324,58.8,-0.103,25.8,-0.289,45.9,-0.296,62.9,-0.048,35.6,-0.088,30.7,-0.282,45.9,-0.239,51.5,0.056,73.2,0.23,54.1,-0.362,44.1,-0.344,70.1,0.175,68.6,0.276,31.2,-0.375,44.1,-0.269,58.2,0.124,55.7,0.228,51.0,-0.241,44.3,-0.353,61.3,0.188,44.3,-0.366,30.4,-0.267,44.3,-0.298,48.5,-0.121
1pezvbb0n8z7hu5063jysg2s4,L. Sauer,Feyenoord Rotterdam,Midfielder,5,0.0008242912326551,0,11,1.1592,0.0002,0.0,2.5502,4,0.0008242912326551,0,10,1.2365,0.0003,0.0,3.0912,1,0.0,0,1,0.9274,0.0,0.0,0.9274,3,0.0008242912326551,0,10,0.9274,0.0003,0.0,3.0912,2,0.0,0,1,0.9274,0.0,0.0,0.4637,5,0.0008242912326551,0,11,1.1592,0.0002,0.0,2.5502,39.9,-0.543,51.5,-0.393,40.5,-0.443,41.0,-0.56,50.0,-0.255,54.6,-0.299,40.5,-0.316,37.6,-0.283,53.1,-0.265,66.0,-0.242,44.8,-0.348,54.1,-0.264,60.8,0.217,72.4,-0.176,44.8,-0.301,54.1,0.157,17.5,-0.757,24.5,-0.395,44.6,-0.337,21.4,-0.763,22.9,-0.445,30.9,-0.399,44.6,-0.265,24.7,-0.814,42.8,-0.427,70.1,-0.24,45.9,-0.296,54.9,-0.271,28.6,-0.095,73.7,-0.168,45.9,-0.239,61.9,0.28,35.8,-0.608,24.5,-0.368,44.1,-0.344,24.7,-0.8,26.0,-0.206,31.2,-0.375,44.1,-0.269,22.2,-0.946,43.0,-0.112,68.6,-0.193,44.3,-0.353,52.3,-0.2,53.1,-0.243,68.3,-0.202,44.3,-0.298,44.3,-0.236
1q0v3qpciql8rkyz4qrlvbuju,J. Breum,Go Ahead Eagles,Midfielder,9,0.0170460685405542,0,21,1.0547,0.002,0.0,2.4609,5,0.0001793338094048,0,6,1.1719,0.0,0.0,1.4062,4,0.0168667347311494,0,15,0.9375,0.004,0.0,3.5156,5,0.0170460685405542,0,19,1.1719,0.004,0.0,4.4531,4,0.0,0,2,0.9375,0.0,0.0,0.4688,6,0.0170460685405542,0,20,1.125,0.0032,0.0,3.75,55.2,-0.196,84.5,0.412,40.5,-0.443,55.4,-0.249,38.1,-0.593,87.6,0.562,40.5,-0.316,36.1,-0.329,62.4,-0.097,53.6,-0.279,44.8,-0.348,43.3,-0.496,54.6,0.105,28.6,-0.256,44.8,-0.301,35.6,-0.576,53.9,-0.272,92.3,1.409,44.6,-0.337,68.0,0.032,41.8,-0.425,96.9,2.386,44.6,-0.265,64.9,0.272,58.8,-0.103,91.2,0.719,45.9,-0.296,70.1,0.231,68.0,0.393,95.4,1.234,45.9,-0.239,86.1,0.91,52.6,-0.273,24.5,-0.368,44.1,-0.344,30.2,-0.739,55.2,-0.175,31.2,-0.375,44.1,-0.269,24.2,-0.943,55.7,0.228,95.4,0.825,44.3,-0.353,73.5,0.674,51.3,-0.342,94.3,0.768,44.3,-0.298,64.2,0.329
1rd0zzpp3dn0y7qtxwc57g7h1,R. Thomas,PEC Zwolle,Midfielder,49,0.01086648732709435,0,115,2.0905,0.0005,0.0,4.9062,26,0.000714573821765944,0,47,2.4403,0.0001,0.0,4.4114,23,0.01015191350532841,0,68,1.799,0.0008,0.0,5.3187,34,0.0009952471232804521,0,75,1.6796,0.0,0.0,3.7049,15,0.009871240203813901,0,40,1.4079,0.0009,0.0,3.7543,9,2.784004172753929e-05,0,18,1.6895,0.0,0.0,3.3789,99.0,3.27,78.4,0.105,40.5,-0.443,95.9,2.677,100.0,2.759,67.0,-0.156,40.5,-0.316,84.0,0.946,99.5,3.437,64.9,-0.248,44.8,-0.348,93.8,1.879,98.5,2.289,61.6,-0.229,44.8,-0.301,72.7,0.731,97.4,2.799,88.7,0.691,44.6,-0.337,97.9,3.041,88.7,1.276,80.4,0.158,44.6,-0.265,85.1,1.028,100.0,4.596,71.1,-0.23,45.9,-0.296,99.0,3.35,95.9,1.406,30.7,-0.282,45.9,-0.239,73.2,0.564,92.3,1.57,89.7,0.575,44.1,-0.344,92.0,1.575,95.9,1.255,85.3,0.261,44.1,-0.269,78.4,0.673,90.7,1.251,46.9,-0.243,44.3,-0.353,69.1,0.48,90.2,1.298,30.4,-0.267,44.3,-0.298,59.3,0.155
1rmox6tf7r283dca2vi844kr8,A. Adelgaard,Go Ahead Eagles,Defender,17,0.004216318112317251,0,32,1.4505,0.0004,0.0,2.7304,5,5.226869595555128e-05,0,5,0.9386,0.0,0.0,0.9386,12,0.0041640494163617,0,27,1.8772,0.0007,0.0,4.2236,7,0.0,0,9,1.314,0.0,0.0,1.6895,10,0.004216318112317251,0,23,1.1732,0.0005,0.0,2.6984,9,0.004216318112317251,0,31,1.6895,0.0008,0.0,5.8192,55.9,-0.034,56.6,-0.284,42.3,-0.415,51.7,-0.274,60.1,0.147,62.2,-0.232,42.3,-0.336,36.4,-0.305,37.4,-0.561,37.1,-0.302,46.9,-0.273,26.9,-0.815,19.6,-0.899,22.7,-0.292,46.9,-0.224,19.6,-1.041,69.6,0.492,73.4,-0.07,45.8,-0.297,69.9,0.344,90.9,1.077,78.3,0.028,45.8,-0.258,73.4,0.568,49.0,-0.215,18.2,-0.285,45.5,-0.328,37.8,-0.6,73.4,0.574,25.5,-0.26,45.5,-0.243,34.3,-0.396,61.9,0.144,72.7,-0.102,46.2,-0.302,65.4,0.079,60.8,0.08,74.1,-0.091,46.2,-0.239,56.6,0.016,80.1,0.773,79.7,-0.01,46.5,-0.288,91.3,1.213,75.5,0.659,80.1,-0.045,46.5,-0.282,89.5,1.057
1s1c0w7we8oouklrwshie0iz8,R. El Arguioui,FC Utrecht,Midfielder,1,0.0,0,9,0.8072,0.0,0.0,7.2646,0,0.0,0,0,0.0,0.0,0.0,0.0,1,0.0,0,9,0.8072,0.0,0.0,7.2646,0,0.0,0,0,0.0,0.0,0.0,0.0,1,0.0,0,9,0.8072,0.0,0.0,7.2646,1,0.0,0,9,0.8072,0.0,0.0,7.2646,6.7,-0.889,15.7,-0.434,40.5,-0.443,33.5,-0.622,0.5,-1.394,22.7,-0.395,40.5,-0.316,97.4,2.175,7.0,-0.939,22.7,-0.289,44.8,-0.348,12.6,-0.843,7.0,-1.913,28.6,-0.256,44.8,-0.301,12.6,-1.188,17.5,-0.757,24.5,-0.395,44.6,-0.337,52.8,-0.309,8.2,-0.682,30.9,-0.399,44.6,-0.265,94.3,1.845,8.2,-0.913,25.8,-0.289,45.9,-0.296,12.6,-0.828,8.2,-1.945,30.7,-0.282,45.9,-0.239,12.6,-1.151,18.6,-0.776,24.5,-0.368,44.1,-0.344,52.1,-0.313,6.7,-0.571,31.2,-0.375,44.1,-0.269,96.9,2.4,6.7,-1.476,23.2,-0.245,44.3,-0.353,42.5,-0.394,0.5,-1.266,30.4,-0.267,44.3,-0.298,96.4,1.984
1tmihr54maqj0h7785cg9ez56,M. Suray,Go Ahead Eagles,Midfielder,10,0.198150597129479,1,27,1.1711,0.0232,0.1171,3.162,5,0.1975546155050511,1,20,1.1711,0.0463,0.2342,4.6845,5,0.0005959816244279,0,7,1.1711,0.0001,0.0,1.6396,6,0.198150597129479,1,26,0.9369,0.0309,0.1561,4.0599,4,0.0,0,1,0.9369,0.0,0.0,0.2342,6,0.1978717544239248,1,17,1.1243,0.0371,0.1874,3.1854,59.5,-0.109,100.0,9.403,88.7,1.387,62.9,-0.062,53.1,-0.216,100.0,10.697,92.8,1.084,53.6,0.036,62.4,-0.097,100.0,11.03,94.8,2.863,72.2,0.315,54.1,0.104,100.0,12.175,97.4,2.919,79.9,0.85,60.8,-0.111,70.1,-0.331,44.6,-0.337,44.3,-0.422,58.8,0.036,66.8,-0.33,44.6,-0.265,35.6,-0.515,67.0,0.059,100.0,11.428,95.4,2.726,79.6,0.62,47.9,-0.076,100.0,11.427,97.4,2.416,77.8,0.728,52.6,-0.273,24.5,-0.368,44.1,-0.344,24.7,-0.8,53.6,-0.177,31.2,-0.375,44.1,-0.269,21.1,-1.059,55.7,0.228,100.0,12.18,93.8,2.384,65.7,0.382,50.0,-0.344,100.0,11.736,97.7,1.692,55.2,0.064
1ueqcjuatzazpmz765tru4zdg,L. Martes,Sparta Rotterdam,Defender,10,0.0036732215806904,0,41,1.3308,0.0005,0.0,5.4561,1,0.0,0,2,0.9315,0.0,0.0,1.8631,9,0.0036732215806904,0,39,1.3973,0.0006,0.0,6.0549,8,0.0033730757732479,0,27,1.4904,0.0006,0.0,5.0303,2,0.0003001458074425,0,14,0.9315,0.0001,0.0,6.5207,8,0.0036732215806904,0,30,1.4904,0.0007,0.0,5.5892,40.2,-0.573,55.9,-0.305,42.3,-0.415,57.3,-0.028,44.1,-0.25,66.4,-0.187,42.3,-0.336,89.5,1.228,10.1,-1.144,16.8,-0.305,46.9,-0.273,17.8,-0.962,15.4,-0.915,22.7,-0.292,46.9,-0.224,30.1,-0.605,59.4,0.059,72.7,-0.118,45.8,-0.297,82.9,0.965,56.6,0.129,76.2,-0.035,45.8,-0.258,93.7,1.478,54.5,-0.067,74.1,-0.13,45.5,-0.328,68.5,0.326,92.3,0.973,80.4,-0.08,45.5,-0.243,94.4,1.201,16.1,-1.002,49.7,-0.468,46.2,-0.302,45.1,-0.357,19.6,-0.782,57.3,-0.243,46.2,-0.239,96.5,2.109,68.9,0.419,79.0,-0.061,46.5,-0.288,88.5,1.127,63.6,0.168,79.0,-0.085,46.5,-0.282,86.7,0.954
1vn6w1mjdztfks75bxn0hk7x0,S. Hetli,SC Telstar,Forward,6,0.01891924204139029,0,21,0.9254,0.0029,0.0,3.2388,4,0.0188596194608966,0,10,0.9254,0.0044,0.0,2.3134,2,5.962258049369007e-05,0,11,0.9254,0.0,0.0,5.0896,3,0.01891924204139029,0,16,0.9254,0.0058,0.0,4.9353,3,0.0,0,5,0.9254,0.0,0.0,1.5423,5,0.01891924204139029,0,20,0.9254,0.0035,0.0,3.7015,78.8,0.228,94.9,1.723,44.1,-0.374,81.4,0.661,28.8,-0.535,91.5,1.506,44.1,-0.34,64.4,0.232,81.4,0.578,100.0,4.819,49.2,-0.186,83.9,0.62,59.3,0.295,100.0,5.829,49.2,-0.186,66.1,0.105,55.1,-0.175,62.7,-0.368,45.8,-0.316,82.2,0.532,42.4,0.133,34.7,-0.39,45.8,-0.258,89.8,1.188,77.1,0.182,98.3,2.269,47.5,-0.267,89.8,0.942,49.2,0.425,94.9,3.008,47.5,-0.225,84.7,1.162,77.1,0.247,33.1,-0.368,46.6,-0.302,59.3,-0.078,47.5,0.207,33.9,-0.391,46.6,-0.282,54.2,-0.204,74.6,0.699,98.3,3.231,46.6,-0.302,89.0,1.434,30.5,-0.514,93.2,2.053,46.6,-0.291,71.2,0.424
1wse4b1hxu37e7t5ty5ykn7c9,J. Šutalo,AFC Ajax,Defender,37,0.01792540681358853,0,108,2.1512,0.001,0.0,6.2791,16,0.0170521685871458,0,65,2.1262,0.0023,0.0,8.6379,21,0.0008732382264427271,0,43,2.1705,0.0001,0.0,4.4444,13,0.0168057392105647,0,45,1.2093,0.0016,0.0,4.186,24,0.001119667603023827,0,63,1.5947,0.0001,0.0,4.186,10,0.0166709350052719,0,36,1.8605,0.0031,0.0,6.6977,92.7,1.506,79.0,0.251,42.3,-0.415,95.1,1.806,99.3,2.471,76.6,0.039,42.3,-0.336,96.5,1.691,83.9,1.041,88.8,0.48,46.9,-0.273,96.5,2.118,97.9,1.698,90.9,0.38,46.9,-0.224,100.0,2.592,94.4,1.789,60.1,-0.393,45.8,-0.297,85.3,1.172,97.2,1.656,55.9,-0.348,45.8,-0.258,77.6,0.677,70.6,0.678,89.5,0.49,45.5,-0.328,87.8,1.253,61.5,0.338,89.2,0.22,45.5,-0.243,88.1,0.797,95.8,2.15,60.8,-0.392,46.2,-0.302,95.5,2.019,94.4,1.584,57.3,-0.243,46.2,-0.239,86.7,0.83,86.4,1.127,90.2,1.157,46.5,-0.288,94.4,1.644,84.6,1.081,90.2,0.892,46.5,-0.282,92.3,1.45
1x6fhuy49w4rpnyavwotbf504,T. Gooijer,PEC Zwolle,Defender,12,0.0003769386430511832,0,30,1.2517,0.0,0.0,3.1293,8,0.0003602529184624168,0,21,1.502,0.0001,0.0,3.9429,4,1.668572458876638e-05,0,9,0.9388,0.0,0.0,2.1122,5,5.754361454239632e-05,0,15,0.9388,0.0,0.0,2.8163,7,0.0003193950285087868,0,15,1.0952,0.0,0.0,2.3469,7,0.0003769386430511832,0,20,1.3143,0.0001,0.0,3.7551,45.8,-0.419,37.1,-0.434,42.3,-0.415,48.3,-0.329,36.4,-0.513,18.9,-0.413,42.3,-0.336,51.7,-0.08,53.8,-0.124,51.0,-0.288,46.9,-0.273,56.6,-0.033,63.6,0.333,52.4,-0.262,46.9,-0.224,65.0,0.377,35.0,-0.661,41.3,-0.477,45.8,-0.297,34.6,-0.587,22.4,-0.776,25.5,-0.411,45.8,-0.258,35.0,-0.481,41.6,-0.513,42.0,-0.283,45.5,-0.328,49.3,-0.291,34.3,-0.273,25.5,-0.26,45.5,-0.243,58.0,0.142,46.2,-0.286,52.4,-0.466,46.2,-0.302,48.3,-0.309,46.2,-0.198,25.9,-0.281,46.2,-0.239,45.5,-0.177,54.9,0.064,65.0,-0.37,46.5,-0.288,64.7,0.266,51.0,-0.267,64.7,-0.33,46.5,-0.282,60.8,0.133
1xsy3m0bzicto5ogxsd026bmy,E. Ahlstrand,Heracles Almelo,Midfielder,7,0.0,0,6,1.3125,0.0,0.0,1.125,3,0.0,0,0,1.4062,0.0,0.0,0.0,4,0.0,0,6,1.25,0.0,0.0,1.875,3,0.0,0,5,0.9375,0.0,0.0,1.5625,4,0.0,0,1,0.9375,0.0,0.0,0.2344,7,0.0,0,6,1.3125,0.0,0.0,1.125,46.6,-0.369,15.7,-0.434,40.5,-0.443,25.8,-0.716,63.4,0.241,22.7,-0.395,40.5,-0.316,18.6,-1.026,44.3,-0.434,22.7,-0.289,44.8,-0.348,12.6,-0.843,71.9,0.509,28.6,-0.256,44.8,-0.301,12.6,-1.188,53.9,-0.272,24.5,-0.395,44.6,-0.337,41.2,-0.479,63.4,0.192,30.9,-0.399,44.6,-0.265,40.2,-0.416,42.8,-0.427,25.8,-0.289,45.9,-0.296,41.5,-0.549,49.2,-0.074,30.7,-0.282,45.9,-0.239,38.1,-0.428,52.6,-0.273,24.5,-0.368,44.1,-0.344,24.7,-0.8,55.2,-0.175,31.2,-0.375,44.1,-0.269,21.6,-1.059,69.8,0.569,23.2,-0.245,44.3,-0.353,29.6,-0.686,70.1,0.203,30.4,-0.267,44.3,-0.298,21.1,-0.907
1xwmx2ydxa5zeqo12778h83ro,N. Martens,SBV Excelsior,Defender,5,0.0,0,2,1.1625,0.0,0.0,0.465,1,0.0,0,2,0.93,0.0,0.0,1.8599,4,0.0,0,0,1.24,0.0,0.0,0.0,2,0.0,0,2,0.93,0.0,0.0,0.93,3,0.0,0,0,0.93,0.0,0.0,0.0,5,0.0,0,2,1.1625,0.0,0.0,0.465,19.9,-0.958,12.2,-0.449,42.3,-0.415,7.3,-1.095,22.4,-0.808,18.9,-0.413,42.3,-0.336,5.2,-1.579,10.1,-1.144,16.8,-0.305,46.9,-0.273,17.8,-0.962,12.9,-0.918,22.7,-0.292,46.9,-0.224,29.4,-0.606,35.0,-0.661,19.2,-0.479,45.8,-0.297,5.9,-1.053,39.9,-0.182,25.5,-0.411,45.8,-0.258,5.9,-1.531,19.6,-0.96,18.2,-0.285,45.5,-0.328,20.3,-0.96,23.4,-0.293,25.5,-0.26,45.5,-0.243,22.7,-0.76,25.5,-0.859,18.2,-0.496,46.2,-0.302,4.9,-1.036,16.1,-0.788,25.9,-0.281,46.2,-0.239,4.9,-1.462,23.8,-0.644,21.3,-0.405,46.5,-0.288,7.3,-1.285,36.4,-0.642,29.7,-0.371,46.5,-0.282,5.2,-1.34
1zybkcmp40td92a6yg8sw9uga,T. Owusu,SC Telstar,Midfielder,12,0.0055783421714104,0,36,1.0117,0.0005,0.0,3.0351,8,0.0055783421714104,0,28,1.0599,0.0007,0.0,3.7096,4,0.0,0,8,0.9274,0.0,0.0,1.8548,6,0.0034604477192185,0,13,0.9274,0.0005,0.0,2.0094,6,0.0021178944521919,0,23,0.9274,0.0003,0.0,3.555,5,0.0,0,8,0.9274,0.0,0.0,1.4838,69.3,0.064,69.6,-0.157,40.5,-0.443,71.4,0.218,34.5,-0.732,67.0,-0.156,40.5,-0.316,50.0,-0.03,75.3,0.408,83.0,0.03,44.8,-0.348,79.9,0.779,51.0,-0.088,79.6,-0.068,44.8,-0.301,62.9,0.426,53.9,-0.272,24.5,-0.395,44.6,-0.337,48.7,-0.365,22.9,-0.445,30.9,-0.399,44.6,-0.265,38.7,-0.425,67.0,0.059,79.9,-0.085,45.9,-0.296,60.8,-0.104,28.6,-0.095,78.4,-0.092,45.9,-0.239,44.8,-0.221,69.3,0.062,73.2,-0.166,44.1,-0.344,76.3,0.54,26.0,-0.206,74.5,-0.163,44.1,-0.269,74.2,0.575,43.0,-0.112,23.2,-0.245,44.3,-0.353,37.4,-0.492,14.9,-0.916,30.4,-0.267,44.3,-0.298,27.8,-0.738
200chcevwu3znwew6xjyaof6d,F. Oldrup Jensen,NAC Breda,Defender,12,0.002170923724108772,0,31,1.5981,0.0003,0.0,4.1283,6,0.0018701276998223,0,20,1.3983,0.0004,0.0,4.661,6,0.0003007960242864715,0,11,1.8644,0.0001,0.0,3.4181,7,0.0018701276998223,0,17,1.0876,0.0003,0.0,2.6412,5,0.0003007960242864715,0,14,1.5537,0.0001,0.0,4.3503,7,0.0018701276998223,0,26,1.3051,0.0003,0.0,4.8475,45.8,-0.419,48.3,-0.364,42.3,-0.415,50.3,-0.302,72.7,0.636,55.6,-0.277,42.3,-0.336,69.9,0.482,45.1,-0.416,64.3,-0.219,46.9,-0.273,54.9,-0.082,51.0,0.106,69.2,-0.175,46.9,-0.224,76.2,0.716,49.7,-0.373,52.4,-0.45,45.8,-0.297,42.0,-0.484,89.5,1.051,55.9,-0.348,45.8,-0.258,55.2,0.167,49.0,-0.215,66.4,-0.199,45.5,-0.328,53.1,-0.188,46.2,0.063,71.3,-0.17,45.5,-0.243,54.5,0.059,37.8,-0.572,51.0,-0.468,46.2,-0.302,45.1,-0.357,93.7,1.438,57.3,-0.243,46.2,-0.239,88.1,0.92,54.9,0.064,74.8,-0.23,46.5,-0.288,82.5,0.783,49.0,-0.29,74.1,-0.248,46.5,-0.282,81.1,0.622
2072f0p9ful9u577gdvo89yw9,K. Kostons,PEC Zwolle,Forward,4,0.0147982872747077,0,2,1.2504,0.0046,0.0,0.6252,3,0.0,0,0,1.4067,0.0,0.0,0.0,1,0.0147982872747077,0,2,0.9378,0.0139,0.0,1.8756,2,0.0147982872747077,0,2,0.9378,0.0069,0.0,0.9378,2,0.0,0,0,1.8756,0.0,0.0,0.0,4,0.0147982872747077,0,2,1.2504,0.0046,0.0,0.6252,61.9,-0.156,91.5,1.243,44.1,-0.374,22.9,-0.721,86.4,0.776,94.9,2.698,44.1,-0.34,18.6,-0.96,73.7,0.237,33.9,-0.333,49.2,-0.186,23.7,-0.745,89.8,1.148,34.7,-0.393,49.2,-0.186,23.7,-0.733,33.9,-0.519,94.9,1.546,45.8,-0.316,44.9,-0.522,74.6,0.156,100.0,5.295,45.8,-0.258,52.5,-0.156,60.2,-0.125,94.9,1.7,47.5,-0.267,49.2,-0.43,83.1,0.451,98.3,3.656,47.5,-0.225,52.5,-0.412,55.9,-0.169,33.1,-0.368,46.6,-0.302,15.3,-0.818,98.3,2.55,33.9,-0.391,46.6,-0.282,15.3,-0.923,61.9,0.251,94.9,2.427,46.6,-0.302,24.6,-0.826,83.1,0.697,96.6,2.844,46.6,-0.291,22.0,-0.921
21k54i5a6d9bi4f6gplgzxiw9,G. Til,PSV Eindhoven,Midfielder,2,0.0,0,0,0.9392,0.0,0.0,0.0,0,0.0,0,0,0.0,0.0,0.0,0.0,2,0.0,0,0,0.9392,0.0,0.0,0.0,2,0.0,0,0,0.9392,0.0,0.0,0.0,0,0.0,0,0,0.0,0.0,0.0,0.0,2,0.0,0,0,0.9392,0.0,0.0,0.0,18.8,-0.803,15.7,-0.434,40.5,-0.443,4.9,-0.903,29.9,-0.967,22.7,-0.395,40.5,-0.316,4.9,-1.612,7.0,-0.939,22.7,-0.289,44.8,-0.348,12.6,-0.843,7.0,-1.913,28.6,-0.256,44.8,-0.301,12.6,-1.188,33.5,-0.596,24.5,-0.395,44.6,-0.337,9.5,-0.82,43.8,-0.422,30.9,-0.399,44.6,-0.265,9.5,-1.203,34.8,-0.589,25.8,-0.289,45.9,-0.296,12.6,-0.828,50.5,-0.071,30.7,-0.282,45.9,-0.239,12.6,-1.151,3.4,-0.943,24.5,-0.368,44.1,-0.344,10.6,-0.861,3.4,-3.025,31.2,-0.375,44.1,-0.269,10.6,-1.174,18.8,-1.135,23.2,-0.245,44.3,-0.353,5.2,-1.269,34.0,-0.882,30.4,-0.267,44.3,-0.298,5.2,-1.436
22alh32lu88yabxd4pl0opg5w,K. Boogaard,Alkmaar Zaanstreek,Midfielder,11,0.0062013431657081,1,19,1.4704,0.0008,0.1337,2.5398,8,0.0062013431657081,1,15,1.4972,0.0012,0.1871,2.8072,3,0.0,0,4,1.4036,0.0,0.0,1.8715,6,0.0062013431657081,1,12,1.1229,0.0012,0.1871,2.2457,5,0.0,0,7,0.9357,0.0,0.0,1.31,7,0.0,0,8,1.31,0.0,0.0,1.4972,64.7,-0.023,71.1,-0.126,88.7,1.387,53.4,-0.311,78.9,0.752,74.2,-0.012,93.8,1.282,37.1,-0.288,75.3,0.408,84.5,0.066,94.8,2.863,63.9,0.026,75.8,0.665,85.6,0.066,95.6,2.272,52.6,0.033,45.4,-0.434,24.5,-0.395,44.6,-0.337,35.3,-0.593,75.8,0.495,30.9,-0.399,44.6,-0.265,39.2,-0.418,67.0,0.059,83.5,0.077,95.4,2.726,59.3,-0.159,62.4,0.295,86.6,0.173,97.9,2.943,46.9,-0.111,62.4,-0.105,24.5,-0.368,44.1,-0.344,46.1,-0.434,50.5,-0.181,31.2,-0.375,44.1,-0.269,35.6,-0.53,69.8,0.569,23.2,-0.245,44.3,-0.353,37.4,-0.492,68.6,0.195,30.4,-0.267,44.3,-0.298,28.9,-0.731
247ipjjd0cak2sggwbuorx4yy,B. Pereira,Nijmegen Eendracht Combinatie,Defender,10,0.0,0,24,1.3198,0.0,0.0,3.1675,6,0.0,0,17,1.3858,0.0,0.0,3.9264,4,0.0,0,7,1.2318,0.0,0.0,2.1557,3,0.0,0,10,0.9239,0.0,0.0,3.0796,7,0.0,0,14,1.0778,0.0,0.0,2.1557,8,0.0,0,21,1.4782,0.0,0.0,3.8802,40.2,-0.573,12.2,-0.449,42.3,-0.415,42.3,-0.493,42.7,-0.287,18.9,-0.413,42.3,-0.336,53.1,-0.059,45.1,-0.416,16.8,-0.305,46.9,-0.273,50.3,-0.228,47.6,0.079,22.7,-0.292,46.9,-0.224,63.6,0.369,35.0,-0.661,19.2,-0.479,45.8,-0.297,29.4,-0.691,36.4,-0.198,25.5,-0.411,45.8,-0.258,36.4,-0.46,28.3,-0.811,18.2,-0.285,45.5,-0.328,39.5,-0.548,19.6,-0.307,25.5,-0.26,45.5,-0.243,63.6,0.268,46.2,-0.286,18.2,-0.496,46.2,-0.302,45.1,-0.357,43.4,-0.26,25.9,-0.281,46.2,-0.239,40.6,-0.282,68.9,0.419,21.3,-0.405,46.5,-0.288,68.5,0.352,57.3,0.138,29.7,-0.371,46.5,-0.282,63.6,0.189
24sgu58uugxgy49el075dz21g,E. Bajraktarević,PSV Eindhoven,Midfielder,4,0.00015085858987,0,17,0.9417,0.0,0.0,4.0022,2,0.0,0,8,0.9417,0.0,0.0,3.7668,2,0.00015085858987,0,9,0.9417,0.0001,0.0,4.2377,1,0.0,0,4,0.9417,0.0,0.0,3.7668,3,0.00015085858987,0,13,0.9417,0.0,0.0,4.0807,4,0.00015085858987,0,17,0.9417,0.0,0.0,4.0022,34.8,-0.629,39.7,-0.427,40.5,-0.443,50.0,-0.373,30.9,-0.959,22.7,-0.395,40.5,-0.316,69.1,0.474,35.3,-0.602,22.7,-0.289,44.8,-0.348,49.2,-0.38,47.9,-0.291,28.6,-0.256,44.8,-0.301,64.9,0.451,33.5,-0.596,61.3,-0.379,44.6,-0.337,52.8,-0.309,45.9,-0.417,66.8,-0.33,44.6,-0.265,75.8,0.575,24.2,-0.751,25.8,-0.289,45.9,-0.296,38.4,-0.605,51.5,-0.066,30.7,-0.282,45.9,-0.239,75.3,0.593,44.1,-0.441,58.2,-0.354,44.1,-0.344,62.6,-0.069,58.8,-0.162,31.2,-0.375,44.1,-0.269,85.6,0.834,34.8,-0.453,56.2,-0.235,44.3,-0.353,65.7,0.382,35.1,-0.875,30.4,-0.267,44.3,-0.298,67.0,0.448
264gu641hrd38wqf28xolwhlg,R. Bounida,AFC Ajax,Forward,2,0.0,0,5,0.9335,0.0,0.0,2.3338,0,0.0,0,0,0.0,0.0,0.0,0.0,2,0.0,0,5,0.9335,0.0,0.0,2.3338,0,0.0,0,0,0.0,0.0,0.0,0.0,2,0.0,0,5,0.9335,0.0,0.0,2.3338,2,0.0,0,5,0.9335,0.0,0.0,2.3338,35.6,-0.54,22.0,-0.478,44.1,-0.374,37.3,-0.503,48.3,-0.502,24.6,-0.526,44.1,-0.34,45.8,-0.181,16.1,-0.786,33.9,-0.333,49.2,-0.186,23.7,-0.745,16.1,-1.346,34.7,-0.393,49.2,-0.186,23.7,-0.733,55.1,-0.175,30.5,-0.376,45.8,-0.316,55.9,-0.171,60.2,0.148,34.7,-0.39,45.8,-0.258,57.6,0.036,14.4,-0.737,33.1,-0.344,47.5,-0.267,22.9,-0.626,14.4,-1.541,34.7,-0.406,47.5,-0.225,22.9,-0.782,55.9,-0.169,33.1,-0.368,46.6,-0.302,59.3,-0.078,72.0,0.227,33.9,-0.391,46.6,-0.282,67.8,0.165,35.6,-0.646,25.4,-0.459,46.6,-0.302,41.5,-0.449,51.7,-0.484,27.1,-0.464,46.6,-0.291,49.2,-0.174
28o7vv0jud22hmg4h649yozqh,T. Booth,FC Twente,Midfielder,1,0.0,0,2,0.9202,0.0,0.0,1.8405,0,0.0,0,0,0.0,0.0,0.0,0.0,1,0.0,0,2,0.9202,0.0,0.0,1.8405,1,0.0,0,2,0.9202,0.0,0.0,1.8405,0,0.0,0,0,0.0,0.0,0.0,0.0,1,0.0,0,2,0.9202,0.0,0.0,1.8405,6.7,-0.889,15.7,-0.434,40.5,-0.443,14.4,-0.84,5.7,-1.028,22.7,-0.395,40.5,-0.316,24.7,-0.653,7.0,-0.939,22.7,-0.289,44.8,-0.348,12.6,-0.843,7.0,-1.913,28.6,-0.256,44.8,-0.301,12.6,-1.188,17.5,-0.757,24.5,-0.395,44.6,-0.337,25.5,-0.706,13.9,-0.459,30.9,-0.399,44.6,-0.265,37.6,-0.431,24.2,-0.751,25.8,-0.289,45.9,-0.296,29.9,-0.716,20.1,-0.109,30.7,-0.282,45.9,-0.239,41.8,-0.299,3.4,-0.943,24.5,-0.368,44.1,-0.344,10.6,-0.861,3.4,-3.025,31.2,-0.375,44.1,-0.269,10.6,-1.174,6.7,-1.476,23.2,-0.245,44.3,-0.353,16.2,-1.074,6.2,-0.937,30.4,-0.267,44.3,-0.298,32.0,-0.57
28rtnolu3a2au3on0jtwzhu6s,P. Ugwu,FC Volendam,Defender,10,0.0020187078060295,1,29,1.3402,0.0003,0.134,3.8867,6,0.0001522829193488,1,20,1.4073,0.0,0.2345,4.6909,4,0.0018664248866807,0,9,1.2509,0.0006,0.0,2.8145,7,0.0020187078060295,1,21,1.0945,0.0003,0.1564,3.2836,3,0.0,0,8,0.9382,0.0,0.0,2.5018,8,0.0001522829193488,0,23,1.5011,0.0,0.0,4.3156,40.2,-0.573,45.5,-0.37,91.3,1.867,46.2,-0.356,45.5,-0.219,55.6,-0.277,97.9,2.856,67.8,0.346,45.1,-0.416,42.0,-0.298,96.9,3.634,54.9,-0.082,54.5,0.126,22.7,-0.292,99.3,4.242,78.3,0.73,35.0,-0.661,67.8,-0.296,45.8,-0.297,34.6,-0.587,44.1,-0.16,76.2,-0.035,45.8,-0.258,46.9,-0.132,49.0,-0.215,69.2,-0.192,95.5,3.025,57.3,0.018,47.6,0.079,71.3,-0.17,99.3,3.041,66.4,0.366,25.5,-0.859,18.2,-0.496,46.2,-0.302,30.8,-0.648,28.3,-0.758,25.9,-0.281,46.2,-0.239,51.0,-0.092,68.9,0.419,54.5,-0.391,46.5,-0.288,73.4,0.524,70.6,0.194,29.7,-0.371,46.5,-0.282,71.3,0.384
2922aevmtpw4qvcwohmxmqtbd,T. Tomiyasu,AFC Ajax,Defender,8,0.0,0,12,1.4352,0.0,0.0,2.1528,5,0.0,0,12,1.495,0.0,0.0,3.588,3,0.0,0,0,1.3455,0.0,0.0,0.0,3,0.0,0,0,1.3455,0.0,0.0,0.0,5,0.0,0,12,1.1213,0.0,0.0,2.691,8,0.0,0,12,1.4352,0.0,0.0,2.1528,32.5,-0.727,12.2,-0.449,42.3,-0.415,26.2,-0.822,57.3,0.096,18.9,-0.413,42.3,-0.336,24.5,-0.63,37.4,-0.561,16.8,-0.305,46.9,-0.273,40.9,-0.473,62.9,0.318,22.7,-0.292,46.9,-0.224,58.7,0.209,24.8,-0.805,19.2,-0.479,45.8,-0.297,5.9,-1.053,49.0,0.027,25.5,-0.411,45.8,-0.258,5.9,-1.531,28.3,-0.811,18.2,-0.285,45.5,-0.328,8.7,-1.063,78.3,0.645,25.5,-0.26,45.5,-0.243,8.7,-1.204,37.8,-0.572,18.2,-0.496,46.2,-0.302,39.9,-0.454,49.7,-0.105,25.9,-0.281,46.2,-0.239,55.9,0.012,68.9,0.419,21.3,-0.405,46.5,-0.288,38.1,-0.424,53.8,0.031,29.7,-0.371,46.5,-0.282,31.5,-0.585
29fr98or3mqippn84z3p9ihhw,L. Valente,Feyenoord Rotterdam,Midfielder,33,0.01799830569292126,0,66,1.4524,0.0008,0.0,2.9048,16,0.006772111633244532,0,33,1.6431,0.0007,0.0,3.389,17,0.01122619405967673,0,33,1.3094,0.0009,0.0,2.5417,11,0.002101579107671732,0,26,1.2709,0.0002,0.0,3.0039,22,0.01589672658524953,0,40,1.2709,0.0009,0.0,2.3107,9,0.005755084299639801,0,24,1.6637,0.0011,0.0,4.4365,94.1,1.884,85.6,0.459,40.5,-0.443,86.1,1.152,76.8,0.694,74.2,-0.012,40.5,-0.316,48.5,-0.098,92.8,1.754,85.6,0.099,44.8,-0.348,85.1,1.068,84.5,0.917,79.6,-0.068,44.8,-0.301,59.3,0.286,94.1,1.829,89.7,0.806,44.6,-0.337,86.6,1.054,67.5,0.309,82.0,0.227,44.6,-0.265,48.5,-0.136,82.7,0.869,74.7,-0.165,45.9,-0.296,79.6,0.62,75.3,0.591,71.1,-0.206,45.9,-0.239,59.8,0.239,96.6,2.743,94.3,1.152,44.1,-0.344,92.0,1.575,87.1,0.838,85.3,0.261,44.1,-0.269,51.0,-0.037,90.7,1.251,85.6,0.116,44.3,-0.353,83.0,1.062,87.6,1.223,84.5,0.089,44.3,-0.298,74.2,0.653
29q4j9r2lgdsdkkq2fgh8l7o4,Ayoni Santos,Sparta Rotterdam,Midfielder,14,0.03789620591066801,0,62,1.0876,0.0029,0.0,4.8167,5,0.0013349593341836,0,25,0.9323,0.0002,0.0,4.6614,9,0.03656124657648441,0,37,1.1986,0.0049,0.0,4.9277,7,0.03615903526529061,0,31,0.9323,0.0048,0.0,4.1286,7,0.0017371706453774,0,31,1.0876,0.0003,0.0,4.8167,7,0.0,0,18,1.3052,0.0,0.0,3.3562,72.9,0.237,93.8,1.447,40.5,-0.443,84.0,1.027,40.2,-0.486,93.8,0.992,40.5,-0.316,83.0,0.899,62.4,-0.097,68.6,-0.213,44.8,-0.348,78.1,0.605,37.1,-0.307,68.0,-0.202,44.8,-0.301,77.3,0.84,79.6,0.536,98.5,3.515,44.6,-0.337,87.9,1.281,60.3,0.09,97.4,3.012,44.6,-0.265,81.4,0.864,73.7,0.221,97.4,1.849,45.9,-0.296,83.0,0.899,40.2,-0.085,96.9,1.537,45.9,-0.239,79.4,0.76,73.2,0.23,71.1,-0.202,44.1,-0.344,84.8,1.027,69.1,0.281,74.5,-0.163,44.1,-0.269,91.2,1.196,69.8,0.569,23.2,-0.245,44.3,-0.353,69.1,0.48,65.5,0.181,30.4,-0.267,44.3,-0.298,58.2,0.144
29s8wk0a2m66rebsfx1jfuuh,D. van den Berg,FC Utrecht,Midfielder,2,0.0,0,1,0.9165,0.0,0.0,0.4582,1,0.0,0,1,0.9165,0.0,0.0,0.9165,1,0.0,0,0,0.9165,0.0,0.0,0.0,1,0.0,0,0,0.9165,0.0,0.0,0.0,1,0.0,0,1,0.9165,0.0,0.0,0.9165,2,0.0,0,1,0.9165,0.0,0.0,0.4582,18.8,-0.803,15.7,-0.434,40.5,-0.443,11.3,-0.871,3.4,-1.04,22.7,-0.395,40.5,-0.316,10.3,-1.373,21.9,-0.77,22.7,-0.289,44.8,-0.348,27.8,-0.785,15.2,-0.334,28.6,-0.256,44.8,-0.301,29.4,-0.789,17.5,-0.757,24.5,-0.395,44.6,-0.337,9.5,-0.82,10.6,-0.467,30.9,-0.399,44.6,-0.265,9.5,-1.203,24.2,-0.751,25.8,-0.289,45.9,-0.296,12.6,-0.828,17.8,-0.116,30.7,-0.282,45.9,-0.239,12.6,-1.151,18.6,-0.776,24.5,-0.368,44.1,-0.344,24.7,-0.8,10.1,-0.239,31.2,-0.375,44.1,-0.269,25.8,-0.723,18.8,-1.135,23.2,-0.245,44.3,-0.353,12.4,-1.171,3.4,-0.948,30.4,-0.267,44.3,-0.298,12.4,-1.22
2ekx0fvuf0dsat062oj430d05,G. Nauber,Go Ahead Eagles,Defender,5,0.0347968579674447,0,26,1.1506,0.008,0.0,5.983,3,0.0305898234970071,0,15,1.3807,0.0141,0.0,6.9034,2,0.0042070344704376,0,11,0.9205,0.0019,0.0,5.0625,3,0.0305898234970071,0,15,1.3807,0.0141,0.0,6.9034,2,0.0042070344704376,0,11,0.9205,0.0019,0.0,5.0625,5,0.0347968579674447,0,26,1.1506,0.008,0.0,5.983,19.9,-0.958,93.0,0.91,42.3,-0.415,43.4,-0.438,20.3,-0.848,97.9,3.206,42.3,-0.336,95.1,1.525,24.1,-0.853,96.5,1.104,46.9,-0.273,46.9,-0.326,46.9,0.068,98.6,3.824,46.9,-0.224,96.5,1.774,15.7,-0.95,74.1,-0.066,45.8,-0.297,42.0,-0.484,10.8,-0.813,90.6,0.779,45.8,-0.258,84.6,0.985,28.3,-0.811,96.5,1.126,45.5,-0.328,49.3,-0.291,81.8,0.725,99.3,3.965,45.5,-0.243,97.9,2.097,16.1,-1.002,72.0,-0.103,46.2,-0.302,37.8,-0.502,7.0,-0.822,91.6,0.439,46.2,-0.239,92.3,1.31,23.8,-0.644,97.9,2.857,46.5,-0.288,82.5,0.783,35.0,-0.671,97.2,2.888,46.5,-0.282,90.2,1.13
2f8lk6lxav7hl7xlqt9an18x6,H. Petrov,SC Heerenveen,Defender,9,3.258337037155556e-05,0,23,1.19,0.0,0.0,3.0411,3,2.477699849613713e-05,0,5,1.3883,0.0,0.0,2.3139,6,7.806371875418439e-06,0,18,1.1107,0.0,0.0,3.332,1,2.477699849613713e-05,0,5,0.9256,0.0,0.0,4.6278,8,7.806371875418439e-06,0,18,1.0578,0.0,0.0,2.38,7,2.477699849613713e-05,0,17,1.2958,0.0,0.0,3.1469,36.0,-0.65,25.9,-0.447,42.3,-0.415,40.2,-0.521,28.0,-0.717,18.9,-0.413,42.3,-0.336,47.6,-0.13,24.1,-0.853,35.0,-0.303,46.9,-0.273,26.9,-0.815,49.0,0.084,22.7,-0.292,46.9,-0.224,37.8,-0.392,49.7,-0.373,39.2,-0.478,45.8,-0.297,55.6,-0.122,28.7,-0.437,25.5,-0.411,45.8,-0.258,53.8,0.125,13.3,-1.108,37.8,-0.284,45.5,-0.328,28.0,-0.806,21.0,-0.303,25.5,-0.26,45.5,-0.243,93.7,1.009,51.4,-0.142,36.4,-0.495,46.2,-0.302,54.9,-0.163,39.9,-0.332,25.9,-0.281,46.2,-0.239,46.9,-0.159,54.9,0.064,46.9,-0.403,46.5,-0.288,57.7,0.007,44.8,-0.313,29.7,-0.371,46.5,-0.282,51.0,-0.14
2fbolmn7pyvn5oto4zoeqguwa,N. Kasanwirjo,Fortuna Sittard,Defender,22,0.0482985310781009,0,57,1.8509,0.0041,0.0,4.7955,13,0.0469440382037132,0,37,2.0051,0.0072,0.0,5.7069,9,0.001354492874387699,0,20,1.6658,0.0003,0.0,3.7018,11,0.0013362519303967,0,25,1.2725,0.0002,0.0,2.892,11,0.0469622791477042,0,32,1.2725,0.0054,0.0,3.7018,11,0.0481025161867385,0,37,2.036,0.0089,0.0,6.8483,63.3,0.351,94.4,1.437,42.3,-0.415,67.1,0.41,90.9,1.475,96.5,1.442,42.3,-0.336,83.9,0.857,71.3,0.604,98.6,1.857,46.9,-0.273,80.8,0.749,95.8,1.433,97.9,1.81,46.9,-0.224,90.2,1.209,59.4,0.059,62.9,-0.346,45.8,-0.297,59.4,-0.018,75.5,0.659,67.5,-0.223,45.8,-0.258,62.9,0.308,64.3,0.38,62.9,-0.224,45.5,-0.328,63.6,0.223,69.9,0.481,66.1,-0.2,45.5,-0.243,60.8,0.179,67.1,0.288,97.9,3.895,46.2,-0.302,76.6,0.516,70.6,0.434,97.9,1.764,46.2,-0.239,76.2,0.565,91.6,1.482,98.6,4.104,46.5,-0.288,95.1,1.73,90.9,1.515,97.9,3.254,46.5,-0.282,93.0,1.518
2gsq05yyxwe4f8t79j6d49q6t,I. Perišić,PSV Eindhoven,Midfielder,26,0.0006464595758363709,0,60,1.5187,0.0,0.0,3.5047,9,0.0005459762144312722,0,29,1.2016,0.0001,0.0,3.8718,17,0.0001004833614050987,0,31,1.7653,0.0,0.0,3.2191,16,0.0002186630422152693,0,37,1.4953,0.0,0.0,3.4579,10,0.0004277965336211017,0,23,0.9346,0.0,0.0,2.1495,9,0.000430564412328945,0,34,1.6822,0.0001,0.0,6.3551,88.4,1.277,49.5,-0.402,40.5,-0.443,82.7,0.965,80.4,0.909,22.7,-0.395,40.5,-0.316,59.8,0.215,78.6,0.576,62.9,-0.258,44.8,-0.348,81.2,0.837,57.7,0.156,61.6,-0.229,44.8,-0.301,67.5,0.496,94.1,1.829,59.3,-0.384,44.6,-0.337,85.1,0.94,87.6,1.209,30.9,-0.399,44.6,-0.265,58.8,0.148,93.0,1.68,59.3,-0.276,45.9,-0.296,87.1,1.233,91.2,1.038,30.7,-0.282,45.9,-0.239,68.6,0.45,82.0,0.732,64.4,-0.327,44.1,-0.344,76.3,0.54,47.9,-0.184,31.2,-0.375,44.1,-0.269,46.9,-0.117,90.7,1.251,64.9,-0.218,44.3,-0.353,96.9,2.033,89.7,1.277,63.7,-0.234,44.3,-0.298,92.8,1.556
2hbduprkyabq8g1nhe6b4g3bp,M. Pjaca,FC Twente,Midfielder,11,0.0003596317467604,1,25,1.7102,0.0001,0.1555,3.8868,5,0.0,0,5,1.5547,0.0,0.0,1.5547,6,0.0003596317467604,1,20,1.8656,0.0001,0.3109,6.2188,3,0.0,0,4,1.3992,0.0,0.0,1.8656,8,0.0003596317467604,1,21,1.4925,0.0001,0.1866,3.9179,8,0.0,0,12,1.4925,0.0,0.0,2.2388,64.7,-0.023,46.4,-0.416,88.7,1.387,60.6,-0.124,90.7,1.528,48.5,-0.347,94.3,1.543,68.6,0.414,62.4,-0.097,22.7,-0.289,44.8,-0.348,40.7,-0.554,79.9,0.764,28.6,-0.256,44.8,-0.301,37.1,-0.511,68.0,0.051,67.0,-0.356,93.6,2.178,76.0,0.316,93.8,1.407,66.8,-0.33,97.9,2.914,91.8,1.406,42.8,-0.427,25.8,-0.289,45.9,-0.296,38.4,-0.605,86.6,0.847,30.7,-0.282,45.9,-0.239,43.8,-0.287,76.0,0.397,63.9,-0.334,93.3,2.04,74.5,0.418,96.9,1.512,64.9,-0.305,95.4,1.736,82.0,0.754,82.7,0.91,23.2,-0.245,44.3,-0.353,54.9,-0.103,80.4,0.726,30.4,-0.267,44.3,-0.298,38.4,-0.382
2ifp36vdm0d6rb3xc7muuvv11,D. Limnios,Fortuna Sittard,Midfielder,10,0.00684588664214293,0,28,1.0238,0.0007,0.0,2.8666,2,0.0068116076685982,0,12,0.9214,0.0031,0.0,5.5285,8,3.427897354472964e-05,0,16,1.053,0.0,0.0,2.1061,6,0.00684588664214293,0,21,0.9214,0.0011,0.0,3.2249,4,0.0,0,7,0.9214,0.0,0.0,1.6125,5,0.00684588664214293,0,18,0.9214,0.0013,0.0,3.3171,59.5,-0.109,72.7,-0.094,40.5,-0.443,65.2,-0.031,35.8,-0.693,72.2,-0.06,40.5,-0.316,46.4,-0.118,35.3,-0.602,86.1,0.101,44.8,-0.348,60.1,-0.148,18.8,-0.326,92.3,0.576,44.8,-0.301,89.2,1.217,77.3,0.374,51.0,-0.391,44.6,-0.337,70.4,0.089,49.0,-0.197,30.9,-0.399,44.6,-0.265,43.3,-0.319,67.0,0.059,85.1,0.116,45.9,-0.296,74.5,0.342,21.4,-0.107,85.3,0.135,45.9,-0.239,63.4,0.342,52.6,-0.273,24.5,-0.368,44.1,-0.344,46.1,-0.434,16.5,-0.224,31.2,-0.375,44.1,-0.269,39.2,-0.381,43.0,-0.112,88.7,0.185,44.3,-0.353,69.1,0.48,7.5,-0.934,86.6,0.154,44.3,-0.298,56.2,0.126
2nwthqvbk70e2qo35dgp35979,V. van Crooij,Sparta Rotterdam,Midfielder,3,5.449049888127389e-05,0,15,0.9273,0.0,0.0,4.6365,1,0.0,0,2,0.9273,0.0,0.0,1.8546,2,5.449049888127389e-05,0,13,0.9273,0.0,0.0,6.0275,1,5.449049888127389e-05,0,5,0.9273,0.0001,0.0,4.6365,2,0.0,0,10,0.9273,0.0,0.0,4.6365,3,5.449049888127389e-05,0,15,0.9273,0.0,0.0,4.6365,28.4,-0.716,35.6,-0.431,40.5,-0.443,46.9,-0.436,12.9,-1.005,22.7,-0.395,40.5,-0.316,79.9,0.805,21.9,-0.77,22.7,-0.289,44.8,-0.348,32.2,-0.727,26.3,-0.316,28.6,-0.256,44.8,-0.301,38.7,-0.381,33.5,-0.596,54.1,-0.389,44.6,-0.337,62.6,-0.082,22.2,-0.445,30.9,-0.399,44.6,-0.265,90.7,1.326,24.2,-0.751,53.1,-0.286,45.9,-0.296,41.5,-0.549,27.8,-0.095,65.5,-0.244,45.9,-0.239,87.1,0.995,35.8,-0.608,24.5,-0.368,44.1,-0.344,55.4,-0.252,25.3,-0.206,31.2,-0.375,44.1,-0.269,90.2,1.107,28.4,-0.794,50.5,-0.242,44.3,-0.353,61.3,0.188,14.4,-0.917,30.4,-0.267,44.3,-0.298,77.8,0.747
2t2mq9pun2hrdvadnpixxvlzo,A. Blake,FC Utrecht,Midfielder,3,0.0146858953389544,0,10,1.372,0.0067,0.0,4.5732,0,0.0,0,0,0.0,0.0,0.0,0.0,3,0.0146858953389544,0,10,1.372,0.0067,0.0,4.5732,1,0.0,0,0,0.9146,0.0,0.0,0.0,2,0.0146858953389544,0,10,0.9146,0.0067,0.0,4.5732,3,0.0146858953389544,0,10,1.372,0.0067,0.0,4.5732,28.4,-0.716,83.0,0.295,40.5,-0.443,38.1,-0.591,67.0,0.434,99.0,2.809,40.5,-0.316,78.9,0.772,7.0,-0.939,22.7,-0.289,44.8,-0.348,12.6,-0.843,7.0,-1.913,28.6,-0.256,44.8,-0.301,12.6,-1.188,45.4,-0.434,91.2,1.175,44.6,-0.337,55.2,-0.252,69.6,0.433,99.0,4.266,44.6,-0.265,77.8,0.716,24.2,-0.751,25.8,-0.289,45.9,-0.296,12.6,-0.828,17.0,-0.12,30.7,-0.282,45.9,-0.239,12.6,-1.151,35.8,-0.608,92.3,1.036,44.1,-0.344,55.4,-0.252,8.8,-0.245,99.0,4.363,44.1,-0.269,89.2,1.076,28.4,-0.794,93.8,0.677,44.3,-0.353,48.5,-0.297,71.6,0.375,97.4,1.901,44.3,-0.298,76.3,0.717
2tc8y9du64tjno62zll2jhy7e,Y. Cathline,FC Utrecht,Midfielder,11,0.007795687933168066,0,17,1.1229,0.0008,0.0,1.7353,2,0.0077803630320019,0,6,0.9187,0.0036,0.0,2.7561,9,1.532490116616658e-05,0,11,1.1812,0.0,0.0,1.4437,6,0.0,0,5,1.1024,0.0,0.0,0.9187,5,0.007795687933168066,0,12,1.1484,0.0018,0.0,2.7561,6,0.0077803630320019,0,9,1.1024,0.0014,0.0,1.6537,64.7,-0.023,75.3,-0.047,40.5,-0.443,50.0,-0.373,44.3,-0.372,74.2,-0.012,40.5,-0.316,23.7,-0.708,35.3,-0.602,87.6,0.156,44.8,-0.348,43.3,-0.496,16.5,-0.331,93.3,0.71,44.8,-0.301,51.0,0.011,79.6,0.536,49.0,-0.393,44.6,-0.337,57.0,-0.195,59.3,0.056,30.9,-0.399,44.6,-0.265,33.0,-0.597,67.0,0.059,25.8,-0.289,45.9,-0.296,41.5,-0.549,59.3,0.255,30.7,-0.282,45.9,-0.239,30.4,-0.726,62.4,-0.105,88.1,0.377,44.1,-0.344,59.5,-0.13,72.7,0.466,91.8,0.898,44.1,-0.269,59.3,0.182,55.7,0.228,89.7,0.244,44.3,-0.353,42.5,-0.394,38.1,-0.408,88.1,0.186,44.3,-0.298,29.9,-0.658
2teefpvijsbzag4yi7fm1pyol,A. Sampsted,Go Ahead Eagles,Defender,8,0.0,0,5,1.0752,0.0,0.0,0.672,5,0.0,0,0,0.9408,0.0,0.0,0.0,3,0.0,0,5,1.4111,0.0,0.0,2.3519,5,0.0,0,5,1.176,0.0,0.0,1.176,3,0.0,0,0,0.9408,0.0,0.0,0.0,6,0.0,0,5,1.1289,0.0,0.0,0.9408,32.5,-0.727,12.2,-0.449,42.3,-0.415,12.6,-1.013,12.6,-1.098,18.9,-0.413,42.3,-0.336,7.0,-1.463,37.4,-0.561,16.8,-0.305,46.9,-0.273,6.6,-1.059,21.3,-0.894,22.7,-0.292,46.9,-0.224,6.6,-1.484,24.8,-0.805,19.2,-0.479,45.8,-0.297,26.2,-0.794,60.8,0.156,25.5,-0.411,45.8,-0.258,37.8,-0.362,41.6,-0.513,18.2,-0.285,45.5,-0.328,28.0,-0.806,55.9,0.263,25.5,-0.26,45.5,-0.243,26.6,-0.642,25.5,-0.859,18.2,-0.496,46.2,-0.302,4.9,-1.036,31.1,-0.749,25.9,-0.281,46.2,-0.239,4.9,-1.462,40.2,-0.29,21.3,-0.405,46.5,-0.288,15.4,-1.027,34.3,-0.725,29.7,-0.371,46.5,-0.282,11.2,-1.127
2tox45zgi16bvmn2xzdlvblsk,J. Plug,Feyenoord Rotterdam,Defender,4,0.0002892091838858,0,12,1.8828,0.0001,0.0,5.6485,3,0.0002892091838858,0,5,2.8243,0.0003,0.0,4.7071,1,0.0,0,7,0.9414,0.0,0.0,6.59,2,0.0002892091838858,0,4,1.8828,0.0003,0.0,3.7657,2,0.0,0,8,0.9414,0.0,0.0,3.7657,4,0.0002892091838858,0,12,1.8828,0.0001,0.0,5.6485,14.0,-1.035,33.6,-0.437,42.3,-0.415,26.2,-0.822,95.1,1.581,42.3,-0.368,42.3,-0.336,92.3,1.337,24.1,-0.853,48.3,-0.291,46.9,-0.273,26.9,-0.815,100.0,3.225,65.4,-0.204,46.9,-0.224,79.0,0.737,8.0,-1.094,19.2,-0.479,45.8,-0.297,29.4,-0.691,23.8,-0.771,25.5,-0.411,45.8,-0.258,97.2,1.743,19.6,-0.96,50.3,-0.272,45.5,-0.328,25.5,-0.857,99.3,1.859,71.3,-0.17,45.5,-0.243,77.6,0.596,16.1,-1.002,18.2,-0.496,46.2,-0.302,30.8,-0.648,32.2,-0.747,25.9,-0.281,46.2,-0.239,76.9,0.6,14.0,-0.998,60.8,-0.378,46.5,-0.288,38.1,-0.424,88.1,1.137,64.7,-0.33,46.5,-0.282,87.4,0.981
2vfhae70oyyzm0qttlckworqi,A. Carlén,SBV Excelsior,Midfielder,9,0.0010438581808887,0,20,1.1958,0.0001,0.0,2.6573,3,0.0,0,0,1.3951,0.0,0.0,0.0,6,0.0010438581808887,0,20,1.1161,0.0002,0.0,3.7202,5,0.0005672547510913,0,6,0.93,0.0001,0.0,1.1161,4,0.0004766034297974,0,14,0.93,0.0001,0.0,3.2552,7,0.0010438581808887,0,19,1.3021,0.0002,0.0,3.5342,55.2,-0.196,53.6,-0.382,40.5,-0.443,54.6,-0.28,54.6,-0.136,48.5,-0.347,40.5,-0.316,39.7,-0.227,44.3,-0.434,22.7,-0.289,44.8,-0.348,12.6,-0.843,68.6,0.49,28.6,-0.256,44.8,-0.301,12.6,-1.188,68.0,0.051,74.7,-0.283,44.6,-0.337,76.0,0.316,52.1,-0.072,72.9,-0.26,44.6,-0.265,68.0,0.358,58.8,-0.103,66.0,-0.256,45.9,-0.296,45.1,-0.494,34.3,-0.089,65.5,-0.244,45.9,-0.239,36.6,-0.634,52.6,-0.273,64.9,-0.323,44.1,-0.344,65.2,-0.008,33.8,-0.198,64.9,-0.305,44.1,-0.269,70.1,0.427,69.8,0.569,70.6,-0.179,44.3,-0.353,71.9,0.577,63.4,0.172,68.3,-0.202,44.3,-0.298,61.3,0.228
2wesmq2wuhnuwh2yhgkuaxqfo,A. Bouwman,AFC Ajax,Defender,5,0.029642028259475,0,21,1.1261,0.0067,0.0,4.7297,5,0.029642028259475,0,21,1.1261,0.0067,0.0,4.7297,0,0.0,0,0,0.0,0.0,0.0,0.0,3,0.0002787168303809,0,11,0.9009,0.0001,0.0,3.3033,2,0.0293633114290941,0,10,1.8018,0.0265,0.0,9.009,5,0.029642028259475,0,21,1.1261,0.0067,0.0,4.7297,19.9,-0.958,89.5,0.708,42.3,-0.415,36.7,-0.575,18.9,-0.929,97.2,2.618,42.3,-0.336,81.8,0.82,37.4,-0.561,95.8,1.06,46.9,-0.273,56.6,-0.033,30.1,-0.489,97.2,1.664,46.9,-0.224,80.4,0.748,3.1,-1.238,19.2,-0.479,45.8,-0.297,5.9,-1.053,3.1,-2.63,25.5,-0.411,45.8,-0.258,5.9,-1.531,28.3,-0.811,49.0,-0.273,45.5,-0.328,41.3,-0.497,11.9,-0.359,57.0,-0.23,45.5,-0.243,67.1,0.375,16.1,-1.002,95.1,2.25,46.2,-0.302,36.0,-0.551,96.5,2.323,100.0,9.751,46.2,-0.239,99.3,3.472,23.8,-0.644,96.5,2.373,46.5,-0.288,68.5,0.352,33.2,-0.732,96.5,2.358,46.5,-0.282,78.3,0.569
2wkew38juoofry6oo3t1vcwyd,E. Mahmutović,NAC Breda,Defender,7,0.0002669490302716,0,14,1.2901,0.0,0.0,2.5802,2,0.0002669490302716,0,14,0.9215,0.0001,0.0,6.4505,5,0.0,0,0,1.5358,0.0,0.0,0.0,4,0.0,0,10,0.9215,0.0,0.0,2.3038,3,0.0002669490302716,0,4,0.9215,0.0001,0.0,1.2287,7,0.0002669490302716,0,14,1.2901,0.0,0.0,2.5802,29.0,-0.804,31.8,-0.438,42.3,-0.415,29.0,-0.767,38.5,-0.385,18.9,-0.413,42.3,-0.336,33.6,-0.389,18.2,-0.999,47.2,-0.292,46.9,-0.273,44.4,-0.375,9.1,-0.936,52.4,-0.262,46.9,-0.224,93.7,1.56,44.1,-0.517,19.2,-0.479,45.8,-0.297,5.9,-1.053,67.8,0.402,25.5,-0.411,45.8,-0.258,5.9,-1.531,35.7,-0.662,18.2,-0.285,45.5,-0.328,39.5,-0.548,18.2,-0.312,25.5,-0.26,45.5,-0.243,49.0,-0.103,25.5,-0.859,47.9,-0.471,46.2,-0.302,19.6,-0.842,8.4,-0.818,57.3,-0.243,46.2,-0.239,21.0,-0.789,54.9,0.064,59.1,-0.38,46.5,-0.288,45.8,-0.251,42.7,-0.327,29.7,-0.371,46.5,-0.282,39.2,-0.393
2wkkk6gwgpyozr60341o90y6s,I. Ahmed,SC Heerenveen,Forward,1,0.0,0,1,0.9278,0.0,0.0,0.9278,1,0.0,0,1,0.9278,0.0,0.0,0.9278,0,0.0,0,0,0.0,0.0,0.0,0.0,0,0.0,0,0,0.0,0.0,0.0,0.0,1,0.0,0,1,0.9278,0.0,0.0,0.9278,1,0.0,0,1,0.9278,0.0,0.0,0.9278,13.6,-0.732,22.0,-0.478,44.1,-0.374,16.1,-0.794,34.7,-0.525,24.6,-0.526,44.1,-0.34,28.8,-0.822,43.2,-0.445,33.9,-0.333,49.2,-0.186,48.3,-0.609,62.7,0.299,34.7,-0.393,49.2,-0.186,49.2,-0.397,11.9,-0.862,30.5,-0.376,45.8,-0.316,16.1,-0.756,11.9,-1.546,34.7,-0.39,45.8,-0.258,16.1,-0.94,14.4,-0.737,33.1,-0.344,47.5,-0.267,22.9,-0.626,14.4,-1.541,34.7,-0.406,47.5,-0.225,22.9,-0.782,28.8,-0.586,33.1,-0.368,46.6,-0.302,35.6,-0.67,56.8,0.213,33.9,-0.391,46.6,-0.282,43.2,-0.491,13.6,-1.094,25.4,-0.459,46.6,-0.302,16.9,-0.951,36.4,-0.505,27.1,-0.464,46.6,-0.291,32.2,-0.789
2yc1t7u26zctwjizi283g6q6s,P. Wanner,PSV Eindhoven,Midfielder,5,0.0,0,0,0.9438,0.0,0.0,0.0,4,0.0,0,0,0.9438,0.0,0.0,0.0,1,0.0,0,0,0.9438,0.0,0.0,0.0,2,0.0,0,0,0.9438,0.0,0.0,0.0,3,0.0,0,0,0.9438,0.0,0.0,0.0,5,0.0,0,0,0.9438,0.0,0.0,0.0,39.9,-0.543,15.7,-0.434,40.5,-0.443,4.9,-0.903,32.0,-0.952,22.7,-0.395,40.5,-0.316,4.9,-1.612,53.1,-0.265,22.7,-0.289,44.8,-0.348,12.6,-0.843,48.5,-0.287,28.6,-0.256,44.8,-0.301,12.6,-1.188,17.5,-0.757,24.5,-0.395,44.6,-0.337,9.5,-0.82,46.9,-0.413,30.9,-0.399,44.6,-0.265,9.5,-1.203,34.8,-0.589,25.8,-0.289,45.9,-0.296,12.6,-0.828,52.1,-0.062,30.7,-0.282,45.9,-0.239,12.6,-1.151,44.1,-0.441,24.5,-0.368,44.1,-0.344,10.6,-0.861,59.8,-0.156,31.2,-0.375,44.1,-0.269,10.6,-1.174,43.0,-0.112,23.2,-0.245,44.3,-0.353,5.2,-1.269,36.1,-0.869,30.4,-0.267,44.3,-0.298,5.2,-1.436
2yivr64anye4c0p62m16l78yc,S. Ouaissa,Nijmegen Eendracht Combinatie,Midfielder,13,0.0129517017714257,0,42,1.192,0.0012,0.0,3.851,8,0.0037441992892559,0,36,1.0479,0.0005,0.0,4.7155,5,0.0092075024821698,0,6,1.5282,0.0028,0.0,1.8338,7,0.0042487479289851,0,27,1.2837,0.0008,0.0,4.9513,6,0.0087029538424406,0,15,0.9169,0.0013,0.0,2.2923,7,0.0041964647142348,0,28,1.2837,0.0008,0.0,5.1347,71.4,0.151,80.9,0.209,40.5,-0.443,76.8,0.405,54.1,-0.149,80.2,0.179,40.5,-0.316,67.0,0.395,75.3,0.408,78.9,-0.075,44.8,-0.348,87.9,1.242,50.5,-0.108,76.5,-0.122,44.8,-0.301,81.4,0.863,60.8,-0.111,86.6,0.59,44.6,-0.337,41.2,-0.479,83.0,0.741,93.8,1.55,44.6,-0.265,36.1,-0.433,73.7,0.221,81.4,-0.038,45.9,-0.296,80.7,0.676,77.3,0.616,82.7,0.021,45.9,-0.239,88.7,1.141,69.3,0.062,89.2,0.464,44.1,-0.344,66.8,0.053,11.9,-0.238,89.4,0.544,44.1,-0.269,50.5,-0.046,69.8,0.569,82.5,0.019,44.3,-0.353,92.3,1.451,57.7,0.119,81.4,-0.008,44.3,-0.298,86.1,0.981
2zkaf848fjcdhuii8783pkm7e,Y. Regeer,AFC Ajax,Midfielder,23,0.004326306925129598,0,68,1.9239,0.0004,0.0,5.6879,14,0.0001402369865402987,0,38,1.8402,0.0,0.0,4.9949,9,0.004186069938589301,0,30,2.0702,0.001,0.0,6.9008,16,0.0004811886053120987,0,41,1.6357,0.0,0.0,4.1916,7,0.0038451183198175,0,27,1.2881,0.0007,0.0,4.9686,10,0.0039554910274989,0,42,1.8402,0.0007,0.0,7.7289,85.3,1.017,66.5,-0.219,40.5,-0.443,87.1,1.214,98.5,2.22,64.2,-0.203,40.5,-0.316,93.3,1.353,89.4,1.418,52.6,-0.281,44.8,-0.348,90.5,1.358,92.3,1.256,28.6,-0.256,44.8,-0.301,85.6,0.985,79.6,0.536,81.4,0.053,44.6,-0.337,84.0,0.883,97.4,1.811,83.2,0.297,44.6,-0.265,93.3,1.692,93.0,1.68,64.4,-0.261,45.9,-0.296,90.7,1.456,94.3,1.319,30.7,-0.282,45.9,-0.239,82.5,0.789,73.2,0.23,80.4,-0.001,44.1,-0.344,79.9,0.783,88.1,0.891,82.7,0.12,44.1,-0.269,92.3,1.27,94.3,1.592,82.0,0.003,44.3,-0.353,99.0,2.81,92.3,1.736,79.6,-0.04,44.3,-0.298,96.9,2.203
2zwe056wfzof0v5jv01dv9uc5,A. Hrustić,Heracles Almelo,Midfielder,8,9.48767351487273e-05,0,16,1.0661,0.0,0.0,2.1322,4,0.0,0,3,1.2438,0.0,0.0,0.9328,4,9.48767351487273e-05,0,13,0.9328,0.0,0.0,3.0317,3,9.48767351487273e-05,0,9,0.9328,0.0,0.0,2.7985,5,0.0,0,7,0.9328,0.0,0.0,1.306,6,9.48767351487273e-05,0,12,1.1194,0.0,0.0,2.2388,50.8,-0.283,36.6,-0.429,40.5,-0.443,48.7,-0.405,38.7,-0.556,22.7,-0.395,40.5,-0.316,28.9,-0.501,53.1,-0.265,22.7,-0.289,44.8,-0.348,35.3,-0.669,61.6,0.229,28.6,-0.256,44.8,-0.301,32.0,-0.782,53.9,-0.272,58.2,-0.385,44.6,-0.337,62.6,-0.082,34.0,-0.434,30.9,-0.399,44.6,-0.265,56.7,0.069,42.8,-0.427,54.1,-0.284,45.9,-0.296,52.6,-0.326,41.8,-0.084,30.7,-0.282,45.9,-0.239,55.7,0.144,62.4,-0.105,24.5,-0.368,44.1,-0.344,46.1,-0.434,42.3,-0.189,31.2,-0.375,44.1,-0.269,35.1,-0.532,55.7,0.228,53.6,-0.239,44.3,-0.353,54.9,-0.103,47.9,-0.359,30.4,-0.267,44.3,-0.298,38.4,-0.382
30oqkmhal9o3ktfnt06u17spg,L. Tunjić,Fortuna Sittard,Midfielder,1,0.0022156397147013,0,9,0.9213,0.002,0.0,8.2917,1,0.0022156397147013,0,9,0.9213,0.002,0.0,8.2917,0,0.0,0,0,0.0,0.0,0.0,0.0,0,0.0,0,0,0.0,0.0,0.0,0.0,1,0.0022156397147013,0,9,0.9213,0.002,0.0,8.2917,1,0.0022156397147013,0,9,0.9213,0.002,0.0,8.2917,6.7,-0.889,58.2,-0.324,40.5,-0.443,33.5,-0.622,6.2,-1.025,87.6,0.562,40.5,-0.316,98.5,2.711,21.9,-0.77,73.2,-0.162,44.8,-0.348,50.8,-0.322,18.0,-0.326,87.6,0.281,44.8,-0.301,99.0,2.419,4.1,-0.919,24.5,-0.395,44.6,-0.337,9.5,-0.82,4.1,-2.276,30.9,-0.399,44.6,-0.265,9.5,-1.203,8.2,-0.913,25.8,-0.289,45.9,-0.296,12.6,-0.828,8.2,-1.945,30.7,-0.282,45.9,-0.239,12.6,-1.151,18.6,-0.776,74.2,-0.156,44.1,-0.344,52.1,-0.313,15.5,-0.224,92.8,1.039,44.1,-0.269,97.9,2.905,6.7,-1.476,76.8,-0.106,44.3,-0.353,42.5,-0.394,6.7,-0.934,90.7,0.38,44.3,-0.298,97.9,2.468
30t0ph1icrggc0x62om801ses,G. de Regt,SBV Excelsior,Midfielder,10,0.000143924395425,0,8,1.1637,0.0,0.0,0.9309,3,0.0,0,3,0.9309,0.0,0.0,0.9309,7,0.000143924395425,0,5,1.3033,0.0,0.0,0.9309,6,0.000143924395425,0,5,1.1171,0.0,0.0,0.9309,4,0.0,0,3,0.9309,0.0,0.0,0.6982,7,0.000143924395425,0,5,1.3033,0.0,0.0,0.9309,59.5,-0.109,39.2,-0.427,40.5,-0.443,29.9,-0.654,50.5,-0.24,22.7,-0.395,40.5,-0.316,14.9,-1.127,44.3,-0.434,22.7,-0.289,44.8,-0.348,35.3,-0.669,33.5,-0.31,28.6,-0.256,44.8,-0.301,30.9,-0.783,74.0,0.212,60.8,-0.379,44.6,-0.337,38.4,-0.536,66.5,0.297,30.9,-0.399,44.6,-0.265,26.3,-0.812,67.0,0.059,55.2,-0.281,45.9,-0.296,41.5,-0.549,61.1,0.284,30.7,-0.282,45.9,-0.239,33.0,-0.72,52.6,-0.273,24.5,-0.368,44.1,-0.344,33.2,-0.678,36.1,-0.195,31.2,-0.375,44.1,-0.269,24.7,-0.831,69.8,0.569,55.7,-0.236,44.3,-0.353,26.3,-0.783,64.4,0.176,30.4,-0.267,44.3,-0.298,17.3,-0.998
33yauarx84sam5u05vgyqxfxl,J. Karlsson,FC Utrecht,Midfielder,3,0.0,0,8,1.3636,0.0,0.0,3.6364,0,0.0,0,0,0.0,0.0,0.0,0.0,3,0.0,0,8,1.3636,0.0,0.0,3.6364,3,0.0,0,8,1.3636,0.0,0.0,3.6364,0,0.0,0,0,0.0,0.0,0.0,0.0,3,0.0,0,8,1.3636,0.0,0.0,3.6364,28.4,-0.716,15.7,-0.434,40.5,-0.443,29.9,-0.654,66.0,0.407,22.7,-0.395,40.5,-0.316,61.9,0.284,7.0,-0.939,22.7,-0.289,44.8,-0.348,12.6,-0.843,7.0,-1.913,28.6,-0.256,44.8,-0.301,12.6,-1.188,45.4,-0.434,24.5,-0.395,44.6,-0.337,48.7,-0.365,69.1,0.416,30.9,-0.399,44.6,-0.265,66.5,0.323,42.8,-0.427,25.8,-0.289,45.9,-0.296,49.7,-0.382,80.9,0.776,30.7,-0.282,45.9,-0.239,71.1,0.532,3.4,-0.943,24.5,-0.368,44.1,-0.344,10.6,-0.861,3.4,-3.025,31.2,-0.375,44.1,-0.269,10.6,-1.174,28.4,-0.794,23.2,-0.245,44.3,-0.353,37.4,-0.492,71.1,0.351,30.4,-0.267,44.3,-0.298,61.9,0.276
34258m1cvslz8r6d17nv4b90q,S. van Ottele,Fortuna Sittard,Defender,6,0.0192717108263897,0,9,1.1043,0.0035,0.0,1.6564,3,0.0192717108263897,0,5,0.9202,0.0059,0.0,1.5337,3,0.0,0,4,1.3804,0.0,0.0,1.8405,2,0.0192717108263897,0,6,0.9202,0.0089,0.0,2.7607,4,0.0,0,3,0.9202,0.0,0.0,0.6902,6,0.0192717108263897,0,9,1.1043,0.0035,0.0,1.6564,25.2,-0.881,80.4,0.304,42.3,-0.415,20.3,-0.904,15.4,-1.002,95.8,1.17,42.3,-0.336,18.2,-0.909,24.1,-0.853,90.9,0.583,46.9,-0.273,26.9,-0.815,7.7,-0.939,96.5,1.43,46.9,-0.224,23.8,-0.76,24.8,-0.805,19.2,-0.479,45.8,-0.297,22.7,-0.846,52.4,0.096,25.5,-0.411,45.8,-0.258,28.0,-0.616,19.6,-0.96,90.9,0.604,45.5,-0.328,30.1,-0.754,16.8,-0.315,97.9,2.407,45.5,-0.243,55.2,0.116,31.8,-0.715,18.2,-0.496,46.2,-0.302,16.8,-0.89,6.3,-0.823,25.9,-0.281,46.2,-0.239,11.9,-1.084,40.2,-0.29,91.6,1.401,46.5,-0.288,26.2,-0.682,19.6,-0.786,91.6,1.055,46.5,-0.282,21.7,-0.807
35qg0rrwtl00pycx468s62m3u,K. Taylor,AFC Ajax,Midfielder,16,0.00323725960803486,1,28,1.6427,0.0003,0.1027,2.8747,4,0.0032080498716977,0,7,0.924,0.0007,0.0,1.617,12,2.920973633716017e-05,1,21,2.2177,0.0,0.1848,3.8809,5,0.0,0,3,0.924,0.0,0.0,0.5544,11,0.00323725960803486,1,25,1.694,0.0005,0.154,3.8501,5,0.0032080498716977,0,13,0.924,0.0006,0.0,2.4025,76.8,0.41,62.4,-0.273,88.7,1.387,65.2,-0.031,86.1,1.31,60.3,-0.251,90.7,0.911,47.4,-0.114,53.1,-0.265,76.8,-0.106,44.8,-0.348,46.1,-0.438,22.7,-0.322,79.6,-0.068,44.8,-0.301,37.6,-0.484,86.1,1.021,50.5,-0.392,93.6,2.178,78.1,0.372,97.9,2.103,30.9,-0.399,95.4,1.625,72.7,0.425,58.8,-0.103,25.8,-0.289,45.9,-0.296,34.8,-0.661,25.3,-0.101,30.7,-0.282,45.9,-0.239,26.8,-0.894,83.5,0.9,78.4,-0.059,93.3,2.04,78.4,0.662,98.5,2.125,79.6,-0.022,94.3,1.386,80.4,0.72,43.0,-0.112,78.9,-0.043,44.3,-0.353,57.7,-0.006,11.3,-0.926,78.1,-0.073,44.3,-0.298,42.3,-0.305
36veg0wk1z3om89daf0clbl5h,R. van Wolfswinkel,FC Twente,Forward,10,0.0016953741753954,0,13,1.0313,0.0002,0.0,1.3407,6,0.0016953741753954,0,6,1.1138,0.0003,0.0,1.1138,4,0.0,0,7,0.9281,0.0,0.0,1.6243,3,0.0,0,4,0.9281,0.0,0.0,1.2375,7,0.0016953741753954,0,9,0.9281,0.0002,0.0,1.1933,5,0.0,0,3,0.9281,0.0,0.0,0.5569,88.1,0.996,69.5,-0.281,44.1,-0.374,74.6,0.079,72.9,-0.108,60.2,-0.386,44.1,-0.34,33.9,-0.634,91.5,1.26,88.1,0.13,49.2,-0.186,62.7,0.074,81.4,0.629,78.8,0.031,49.2,-0.186,54.2,-0.329,83.9,0.513,30.5,-0.376,45.8,-0.316,62.7,0.063,49.2,0.138,34.7,-0.39,45.8,-0.258,47.5,-0.261,77.1,0.182,33.1,-0.344,47.5,-0.267,61.0,-0.234,55.9,0.43,34.7,-0.406,47.5,-0.225,57.6,-0.294,94.1,1.913,84.7,0.018,46.6,-0.302,73.7,0.514,59.3,0.214,73.7,-0.206,46.6,-0.282,49.2,-0.367,74.6,0.699,25.4,-0.459,46.6,-0.302,29.7,-0.7,39.0,-0.504,27.1,-0.464,46.6,-0.291,20.3,-0.951
37c696bwovmn1x8lc8z4wp53o,C. Valerius,NAC Breda,Defender,25,0.0191568038982701,1,71,1.6457,0.0013,0.0658,4.6739,19,0.0184968744640031,1,45,1.7511,0.0017,0.0922,4.1472,6,0.000659929434267,0,26,1.3824,0.0002,0.0,5.9905,9,0.0003929804039955,0,22,1.1849,0.0001,0.0,2.8965,16,0.0187638234942746,1,49,1.3405,0.0016,0.0838,4.1054,12,0.0046591179489516,0,34,2.2119,0.0009,0.0,6.2669,68.9,0.582,79.7,0.299,91.3,1.867,80.4,0.793,75.5,0.794,80.8,0.175,93.0,1.231,79.7,0.788,92.0,1.479,89.5,0.547,96.9,3.634,87.8,1.14,83.9,0.878,87.1,0.205,95.1,1.532,67.1,0.473,49.7,-0.373,58.0,-0.414,45.8,-0.297,67.8,0.292,53.8,0.1,63.6,-0.286,45.8,-0.258,92.3,1.446,59.8,0.082,53.8,-0.267,45.5,-0.328,60.1,0.069,57.3,0.283,57.0,-0.23,45.5,-0.243,61.5,0.181,86.0,1.004,90.2,1.258,96.2,3.292,90.2,1.34,81.1,0.677,88.1,0.325,95.1,1.729,85.3,0.786,95.8,1.836,81.1,0.031,46.5,-0.288,93.7,1.472,94.4,1.949,81.5,-0.004,46.5,-0.282,91.6,1.257
3aly8eihwfvtwde7dg0k18w7o,J. Schreuders,FC Groningen,Midfielder,11,0.003150046035333648,0,37,1.0239,0.0003,0.0,3.4441,4,0.00306661050501334,0,22,0.9309,0.0007,0.0,5.1197,7,8.343553032030826e-05,0,15,1.086,0.0,0.0,2.3271,6,0.003150046035333648,0,21,0.9309,0.0005,0.0,3.258,5,0.0,0,16,1.1636,0.0,0.0,3.7234,5,8.343553032030826e-05,0,24,0.9309,0.0,0.0,4.4681,64.7,-0.023,61.9,-0.278,40.5,-0.443,73.2,0.249,36.6,-0.693,60.3,-0.251,40.5,-0.316,58.2,0.183,53.1,-0.265,75.8,-0.114,44.8,-0.348,75.8,0.431,33.5,-0.31,79.6,-0.068,44.8,-0.301,87.1,1.039,74.0,0.212,57.2,-0.386,44.6,-0.337,68.0,0.032,50.5,-0.132,30.9,-0.399,44.6,-0.265,46.9,-0.227,67.0,0.059,78.9,-0.103,45.9,-0.296,74.5,0.342,35.6,-0.088,78.4,-0.092,45.9,-0.239,64.9,0.357,62.4,-0.105,24.5,-0.368,44.1,-0.344,68.0,0.114,75.8,0.512,31.2,-0.375,44.1,-0.269,75.8,0.658,43.0,-0.112,52.6,-0.24,44.3,-0.353,83.0,1.062,21.1,-0.906,30.4,-0.267,44.3,-0.298,75.3,0.667
3c2wqlde0kovi9hii52egaimt,L. Holtby,NAC Breda,Midfielder,8,0.0015657905847608,0,18,1.0528,0.0002,0.0,2.3688,5,0.0015657905847608,0,16,1.1515,0.0004,0.0,3.6847,3,0.0,0,2,0.9212,0.0,0.0,0.6141,6,0.0001626790415284,0,11,0.9212,0.0,0.0,1.6888,2,0.0014031115432324,0,7,0.9212,0.0006,0.0,3.2242,6,0.0015657905847608,0,16,1.1054,0.0003,0.0,2.9478,50.8,-0.283,55.2,-0.356,40.5,-0.443,51.5,-0.342,37.6,-0.599,54.6,-0.299,40.5,-0.316,34.0,-0.377,62.4,-0.097,70.6,-0.2,44.8,-0.348,65.5,0.084,53.1,0.07,75.3,-0.149,44.8,-0.301,61.9,0.415,45.4,-0.434,24.5,-0.395,44.6,-0.337,25.5,-0.706,14.4,-0.457,30.9,-0.399,44.6,-0.265,22.2,-0.945,67.0,0.059,56.2,-0.28,45.9,-0.296,57.2,-0.215,20.6,-0.107,30.7,-0.282,45.9,-0.239,39.7,-0.369,35.8,-0.608,69.6,-0.234,44.1,-0.344,46.1,-0.434,14.9,-0.225,81.4,0.049,44.1,-0.269,69.6,0.412,55.7,0.228,73.2,-0.147,44.3,-0.353,63.1,0.285,39.2,-0.399,71.6,-0.17,44.3,-0.298,50.0,-0.048
3c3vzihvua5ap17aa27v1ve38,J. van den Berg,PSV Eindhoven,Midfielder,3,0.0,0,10,1.4392,0.0,0.0,4.7974,3,0.0,0,10,1.4392,0.0,0.0,4.7974,0,0.0,0,0,0.0,0.0,0.0,0.0,1,0.0,0,8,0.9595,0.0,0.0,7.6759,2,0.0,0,2,0.9595,0.0,0.0,0.9595,3,0.0,0,10,1.4392,0.0,0.0,4.7974,28.4,-0.716,15.7,-0.434,40.5,-0.443,38.1,-0.591,75.3,0.651,22.7,-0.395,40.5,-0.316,82.5,0.889,44.3,-0.434,22.7,-0.289,44.8,-0.348,54.1,-0.264,73.7,0.566,28.6,-0.256,44.8,-0.301,82.5,0.899,4.1,-0.919,24.5,-0.395,44.6,-0.337,9.5,-0.82,4.1,-2.276,30.9,-0.399,44.6,-0.265,9.5,-1.203,24.2,-0.751,25.8,-0.289,45.9,-0.296,49.7,-0.382,53.6,-0.031,30.7,-0.282,45.9,-0.239,97.9,2.402,35.8,-0.608,24.5,-0.368,44.1,-0.344,30.2,-0.739,62.4,-0.108,31.2,-0.375,44.1,-0.269,32.5,-0.702,28.4,-0.794,23.2,-0.245,44.3,-0.353,48.5,-0.297,73.2,0.571,30.4,-0.267,44.3,-0.298,82.0,0.823
3c4l2e3gzgpqrc2ygkbmp0jpx,V. Misidjan,Nijmegen Eendracht Combinatie,Midfielder,1,0.0,0,0,0.9195,0.0,0.0,0.0,0,0.0,0,0,0.0,0.0,0.0,0.0,1,0.0,0,0,0.9195,0.0,0.0,0.0,0,0.0,0,0,0.0,0.0,0.0,0.0,1,0.0,0,0,0.9195,0.0,0.0,0.0,1,0.0,0,0,0.9195,0.0,0.0,0.0,6.7,-0.889,15.7,-0.434,40.5,-0.443,4.9,-0.903,5.2,-1.03,22.7,-0.395,40.5,-0.316,4.9,-1.612,7.0,-0.939,22.7,-0.289,44.8,-0.348,12.6,-0.843,7.0,-1.913,28.6,-0.256,44.8,-0.301,12.6,-1.188,17.5,-0.757,24.5,-0.395,44.6,-0.337,9.5,-0.82,13.4,-0.461,30.9,-0.399,44.6,-0.265,9.5,-1.203,8.2,-0.913,25.8,-0.289,45.9,-0.296,12.6,-0.828,8.2,-1.945,30.7,-0.282,45.9,-0.239,12.6,-1.151,18.6,-0.776,24.5,-0.368,44.1,-0.344,10.6,-0.861,13.9,-0.23,31.2,-0.375,44.1,-0.269,10.6,-1.174,6.7,-1.476,23.2,-0.245,44.3,-0.353,5.2,-1.269,5.7,-0.939,30.4,-0.267,44.3,-0.298,5.2,-1.436
3dc82sro077by40u3qdmhw0r9,B. Ould-Chikh,FC Volendam,Midfielder,3,0.0,0,3,0.931,0.0,0.0,0.931,1,0.0,0,1,0.931,0.0,0.0,0.931,2,0.0,0,2,0.931,0.0,0.0,0.931,2,0.0,0,2,0.931,0.0,0.0,0.931,1,0.0,0,1,0.931,0.0,0.0,0.931,3,0.0,0,3,0.931,0.0,0.0,0.931,28.4,-0.716,15.7,-0.434,40.5,-0.443,17.5,-0.809,19.1,-0.993,22.7,-0.395,40.5,-0.316,15.5,-1.127,21.9,-0.77,22.7,-0.289,44.8,-0.348,27.8,-0.785,34.5,-0.309,28.6,-0.256,44.8,-0.301,31.4,-0.783,33.5,-0.596,24.5,-0.395,44.6,-0.337,25.5,-0.706,29.1,-0.438,30.9,-0.399,44.6,-0.265,26.8,-0.812,34.8,-0.589,25.8,-0.289,45.9,-0.296,29.9,-0.716,36.6,-0.087,30.7,-0.282,45.9,-0.239,33.5,-0.72,18.6,-0.776,24.5,-0.368,44.1,-0.344,24.7,-0.8,36.9,-0.195,31.2,-0.375,44.1,-0.269,29.4,-0.716,28.4,-0.794,23.2,-0.245,44.3,-0.353,19.6,-0.977,21.6,-0.906,30.4,-0.267,44.3,-0.298,18.0,-0.998
3dx91sb6ktg8z1xmoti25kru,P. Koopmeiners,Alkmaar Zaanstreek,Midfielder,25,0.0277048244176412,0,65,1.5547,0.0017,0.0,4.0422,11,0.0001074894691303202,0,30,1.7102,0.0,0.0,4.664,14,0.02759733494851088,0,35,1.451,0.0029,0.0,3.6276,11,0.02764314367188347,0,34,1.1401,0.0029,0.0,3.5239,14,6.168074575772786e-05,0,31,1.1872,0.0,0.0,2.6288,9,0.0001608684965367776,0,28,1.6791,0.0,0.0,5.2237,86.6,1.19,90.7,0.941,40.5,-0.443,85.3,1.121,83.5,1.025,84.5,0.418,40.5,-0.316,69.6,0.495,83.2,0.913,51.5,-0.283,44.8,-0.348,82.5,0.894,87.6,1.032,28.6,-0.256,44.8,-0.301,78.4,0.841,89.9,1.344,96.4,2.556,44.6,-0.337,87.1,1.167,78.4,0.589,94.6,1.62,44.6,-0.265,66.0,0.319,82.7,0.869,95.4,1.345,45.9,-0.296,85.6,1.066,63.9,0.33,93.8,0.817,45.9,-0.239,69.6,0.48,89.2,1.403,53.6,-0.362,44.1,-0.344,84.8,1.027,79.9,0.584,31.2,-0.375,44.1,-0.269,57.7,0.119,90.7,1.251,57.2,-0.235,44.3,-0.353,92.3,1.451,89.2,1.268,30.4,-0.267,44.3,-0.298,87.1,1.023
3g0xd9rds9relghxanr1f5vc9,S. Sigurðarson,Go Ahead Eagles,Forward,2,7.71675196020033e-05,0,2,1.8862,0.0001,0.0,1.8862,2,7.71675196020033e-05,0,2,1.8862,0.0001,0.0,1.8862,0,0.0,0,0,0.0,0.0,0.0,0.0,0,0.0,0,0,0.0,0.0,0.0,0.0,2,7.71675196020033e-05,0,2,1.8862,0.0001,0.0,1.8862,2,7.71675196020033e-05,0,2,1.8862,0.0001,0.0,1.8862,35.6,-0.54,45.8,-0.469,44.1,-0.374,22.9,-0.721,100.0,3.34,51.7,-0.456,44.1,-0.34,39.0,-0.385,62.7,-0.104,67.8,-0.312,49.2,-0.186,51.7,-0.472,100.0,1.999,70.3,-0.252,49.2,-0.186,62.7,-0.05,11.9,-0.862,30.5,-0.376,45.8,-0.316,16.1,-0.756,11.9,-1.546,34.7,-0.39,45.8,-0.258,16.1,-0.94,14.4,-0.737,33.1,-0.344,47.5,-0.267,22.9,-0.626,14.4,-1.541,34.7,-0.406,47.5,-0.225,22.9,-0.782,55.9,-0.169,66.1,-0.35,46.6,-0.302,46.6,-0.522,100.0,2.576,68.6,-0.298,46.6,-0.282,61.0,-0.043,35.6,-0.646,54.2,-0.444,46.6,-0.302,24.6,-0.826,100.0,3.066,56.8,-0.392,46.6,-0.291,39.0,-0.37
3gczyjwrkpu7ht35di1g09s0k,E. Demircan,FC Utrecht,Midfielder,1,0.0,0,0,0.9168,0.0,0.0,0.0,0,0.0,0,0,0.0,0.0,0.0,0.0,1,0.0,0,0,0.9168,0.0,0.0,0.0,0,0.0,0,0,0.0,0.0,0.0,0.0,1,0.0,0,0,0.9168,0.0,0.0,0.0,1,0.0,0,0,0.9168,0.0,0.0,0.0,6.7,-0.889,15.7,-0.434,40.5,-0.443,4.9,-0.903,4.4,-1.039,22.7,-0.395,40.5,-0.316,4.9,-1.612,7.0,-0.939,22.7,-0.289,44.8,-0.348,12.6,-0.843,7.0,-1.913,28.6,-0.256,44.8,-0.301,12.6,-1.188,17.5,-0.757,24.5,-0.395,44.6,-0.337,9.5,-0.82,11.6,-0.466,30.9,-0.399,44.6,-0.265,9.5,-1.203,8.2,-0.913,25.8,-0.289,45.9,-0.296,12.6,-0.828,8.2,-1.945,30.7,-0.282,45.9,-0.239,12.6,-1.151,18.6,-0.776,24.5,-0.368,44.1,-0.344,10.6,-0.861,11.1,-0.238,31.2,-0.375,44.1,-0.269,10.6,-1.174,6.7,-1.476,23.2,-0.245,44.3,-0.353,5.2,-1.269,4.4,-0.947,30.4,-0.267,44.3,-0.298,5.2,-1.436
3hu6e9wa0nt4ekubxye6l4pas,I. Yegoian,SBV Excelsior,Midfielder,33,0.05140628497627432,1,115,1.536,0.0024,0.0465,5.3529,23,0.04419799099999226,0,70,1.7843,0.0034,0.0,5.4304,10,0.00720829397628206,1,45,1.1637,0.0008,0.1164,5.2365,19,0.03628491253348556,1,55,1.1792,0.0023,0.0621,3.4134,14,0.01512137244278876,0,60,1.3033,0.0014,0.0,5.5856,6,0.0,1,28,1.1171,0.0,0.1862,5.2132,94.1,1.884,95.9,2.118,88.7,1.387,95.9,2.677,81.4,0.965,91.2,0.753,82.5,0.24,91.2,1.178,98.2,2.932,97.9,2.243,44.8,-0.348,98.5,3.211,90.7,1.16,92.8,0.657,44.8,-0.301,88.7,1.174,82.5,0.697,85.6,0.376,93.6,2.178,93.6,1.735,56.2,0.022,80.4,0.158,92.5,0.925,84.0,0.994,96.4,2.166,97.9,1.856,95.4,2.726,96.4,2.236,69.6,0.408,90.7,0.59,92.3,0.817,67.5,0.429,89.2,1.403,93.3,1.077,44.1,-0.344,97.2,2.793,88.7,0.937,90.5,0.615,44.1,-0.269,93.8,1.574,55.7,0.228,23.2,-0.245,93.8,2.384,92.3,1.451,45.1,-0.365,30.4,-0.267,93.0,1.679,86.6,1.018
3mctpepmqunc1a8zro2nq1wtm,V. Jaroš,AFC Ajax,Goalkeeper,2,0.0,1,12,0.9248,0.0,0.4624,5.5489,1,0.0,0,9,0.9248,0.0,0.0,8.3234,1,0.0,1,3,0.9248,0.0,0.9248,2.7745,1,0.0,0,9,0.9248,0.0,0.0,8.3234,1,0.0,1,3,0.9248,0.0,0.9248,2.7745,2,0.0,1,12,0.9248,0.0,0.4624,5.5489,45.5,-0.912,22.7,-0.687,90.9,1.557,45.5,-0.835,18.2,-0.987,27.3,-0.677,100.0,2.985,81.8,0.453,27.3,-0.905,22.7,-0.566,45.5,-0.449,40.9,-0.793,18.2,-0.917,27.3,-0.538,45.5,-0.446,90.9,1.044,45.5,-0.889,31.8,-0.502,100.0,3.015,45.5,-0.734,45.5,-0.089,40.9,-0.484,100.0,3.015,63.6,0.417,36.4,-0.871,22.7,-0.655,54.5,0.0,40.9,-0.779,27.3,-0.12,27.3,-0.62,54.5,0.0,90.9,1.329,36.4,-0.924,31.8,-0.345,90.9,1.557,45.5,-0.85,36.4,0.007,31.8,-0.357,100.0,2.991,81.8,0.794,45.5,-0.812,27.3,-0.396,100.0,3.015,45.5,-0.509,18.2,-0.915,36.4,-0.397,100.0,3.015,54.5,0.152
3o4tq8qooplx2izq9rucgu7d,C. Tengstedt,Feyenoord Rotterdam,Forward,2,0.0,0,5,0.9243,0.0,0.0,2.3108,1,0.0,0,0,0.9243,0.0,0.0,0.0,1,0.0,0,5,0.9243,0.0,0.0,4.6216,0,0.0,0,0,0.0,0.0,0.0,0.0,2,0.0,0,5,0.9243,0.0,0.0,2.3108,2,0.0,0,5,0.9243,0.0,0.0,2.3108,35.6,-0.54,22.0,-0.478,44.1,-0.374,37.3,-0.503,22.9,-0.539,24.6,-0.526,44.1,-0.34,44.1,-0.191,43.2,-0.445,33.9,-0.333,49.2,-0.186,23.7,-0.745,54.2,0.293,34.7,-0.393,49.2,-0.186,23.7,-0.733,33.9,-0.519,30.5,-0.376,45.8,-0.316,55.9,-0.171,37.3,0.131,34.7,-0.39,45.8,-0.258,86.4,0.992,14.4,-0.737,33.1,-0.344,47.5,-0.267,22.9,-0.626,14.4,-1.541,34.7,-0.406,47.5,-0.225,22.9,-0.782,55.9,-0.169,33.1,-0.368,46.6,-0.302,59.3,-0.078,41.5,0.205,33.9,-0.391,46.6,-0.282,66.1,0.155,35.6,-0.646,25.4,-0.459,46.6,-0.302,41.5,-0.449,24.6,-0.518,27.1,-0.464,46.6,-0.291,47.5,-0.184
3ojwbw6v83g9b0u2wssnkzzzd,A. Obispo,PSV Eindhoven,Defender,6,0.00669690595136127,0,19,1.125,0.0013,0.0,3.5625,2,0.0008996305502135,0,4,0.9375,0.0004,0.0,1.875,4,0.00579727540114777,0,15,1.25,0.0018,0.0,4.6875,1,0.0,0,0,0.9375,0.0,0.0,0.0,5,0.00669690595136127,0,19,1.1719,0.0016,0.0,4.4531,6,0.00669690595136127,0,19,1.125,0.0013,0.0,3.5625,25.2,-0.881,64.3,-0.187,42.3,-0.415,33.2,-0.63,18.2,-0.933,80.8,0.175,42.3,-0.336,65.0,0.163,18.2,-0.999,58.7,-0.263,46.9,-0.273,23.1,-0.864,18.2,-0.901,69.2,-0.175,46.9,-0.224,32.2,-0.599,35.0,-0.661,78.3,0.091,45.8,-0.297,49.7,-0.277,43.4,-0.162,89.2,0.717,45.8,-0.258,81.1,0.798,13.3,-1.108,18.2,-0.285,45.5,-0.328,8.7,-1.063,31.8,-0.276,25.5,-0.26,45.5,-0.243,8.7,-1.204,37.8,-0.572,79.0,0.13,46.2,-0.302,57.0,-0.115,59.4,0.075,88.1,0.325,46.2,-0.239,89.5,0.977,40.2,-0.29,84.6,0.222,46.5,-0.288,60.8,0.18,30.8,-0.735,84.6,0.159,46.5,-0.282,58.0,0.047
3r6elcuru7no13hrfczmwbmy1,S. Horemans,FC Utrecht,Defender,26,0.0118244310818156,0,72,1.5907,0.0007,0.0,4.4051,14,0.0073367969553237,0,39,1.8354,0.001,0.0,5.113,12,0.0044876341264919,0,33,1.3766,0.0005,0.0,3.7856,6,0.0038240501649067,0,13,0.9177,0.0006,0.0,1.9884,20,0.0080003809169089,0,59,1.5295,0.0006,0.0,4.5121,5,0.0,0,9,0.9177,0.0,0.0,1.6519,70.6,0.659,74.1,0.013,42.3,-0.415,81.8,0.82,72.0,0.612,71.3,-0.096,42.3,-0.336,76.2,0.637,75.2,0.75,81.1,0.033,46.9,-0.273,82.2,0.847,86.7,1.062,84.3,0.0,46.9,-0.224,82.5,0.929,69.6,0.492,74.8,-0.038,45.8,-0.297,78.0,0.655,51.7,0.088,72.7,-0.098,45.8,-0.258,66.4,0.35,45.5,-0.364,75.5,-0.109,45.5,-0.328,46.5,-0.394,14.0,-0.321,80.4,-0.08,45.5,-0.243,41.3,-0.254,90.6,1.577,81.1,0.252,46.2,-0.302,94.1,1.825,91.6,1.352,76.6,-0.053,46.2,-0.239,90.2,1.009,23.8,-0.644,21.3,-0.405,46.5,-0.288,26.2,-0.682,2.8,-1.246,29.7,-0.371,46.5,-0.282,21.0,-0.809
3rve12v22lh39aaqgjlwlmhas,D. Konadu,AFC Ajax,Forward,1,0.000132380065771,0,10,0.9173,0.0001,0.0,9.1733,0,0.0,0,0,0.0,0.0,0.0,0.0,1,0.000132380065771,0,10,0.9173,0.0001,0.0,9.1733,0,0.0,0,0,0.0,0.0,0.0,0.0,1,0.000132380065771,0,10,0.9173,0.0001,0.0,9.1733,1,0.000132380065771,0,10,0.9173,0.0001,0.0,9.1733,13.6,-0.732,50.8,-0.463,44.1,-0.374,63.6,-0.139,6.8,-0.567,51.7,-0.456,44.1,-0.34,100.0,2.941,16.1,-0.786,33.9,-0.333,49.2,-0.186,23.7,-0.745,16.1,-1.346,34.7,-0.393,49.2,-0.186,23.7,-0.733,33.9,-0.519,71.2,-0.358,45.8,-0.316,78.0,0.415,27.1,0.119,70.3,-0.349,45.8,-0.258,98.3,2.895,14.4,-0.737,33.1,-0.344,47.5,-0.267,22.9,-0.626,14.4,-1.541,34.7,-0.406,47.5,-0.225,22.9,-0.782,28.8,-0.586,67.8,-0.338,46.6,-0.302,83.1,0.662,23.7,0.187,68.6,-0.298,46.6,-0.282,100.0,3.356,13.6,-1.094,57.6,-0.434,46.6,-0.302,66.9,0.179,6.8,-0.544,56.8,-0.392,46.6,-0.291,100.0,2.817
3uq3lrjyj4mnvq6162b0jyhnt,M. de Wit,Alkmaar Zaanstreek,Defender,28,0.009220916735322795,2,77,1.743,0.0006,0.1245,4.7932,15,0.0007889401173148315,0,32,1.7508,0.0001,0.0,3.7349,13,0.008431976618007965,2,45,1.7341,0.0011,0.2668,6.0026,15,0.0003012584857169955,1,42,1.2733,0.0,0.0849,3.5652,13,0.0089196582496058,1,35,1.5173,0.001,0.1167,4.0851,12,0.0004022834167907955,0,33,2.241,0.0001,0.0,6.1627,78.7,0.813,69.2,-0.089,99.3,4.149,85.3,0.957,85.3,1.117,69.2,-0.142,97.2,2.629,83.2,0.856,79.7,0.896,58.0,-0.268,46.9,-0.273,73.4,0.505,83.2,0.877,52.4,-0.262,46.9,-0.224,61.5,0.279,74.8,0.636,83.2,0.35,99.3,5.005,87.4,1.276,81.8,0.794,81.5,0.278,99.3,4.334,93.0,1.452,79.7,0.975,51.7,-0.272,95.5,3.025,83.9,1.098,70.6,0.482,25.5,-0.26,95.8,1.54,72.7,0.5,74.5,0.574,82.5,0.338,96.2,3.292,80.8,0.661,90.9,1.308,83.6,0.098,97.9,2.502,84.6,0.775,95.8,1.836,65.7,-0.368,46.5,-0.288,93.0,1.386,97.9,2.021,64.7,-0.33,46.5,-0.282,90.9,1.211
3xlkchrk28u0cb620cajre1hw,R. Nijstad,FC Twente,Defender,13,0.009592840111728743,0,45,1.2175,0.0009,0.0,4.2146,7,2.015042791224386e-05,0,15,1.3112,0.0,0.0,2.8097,6,0.009572689683816499,0,30,1.1239,0.0018,0.0,5.6194,8,0.0012130218555792,0,27,0.9366,0.0001,0.0,3.1609,5,0.008379818256149543,0,18,0.9366,0.0016,0.0,3.3717,8,2.015042791224386e-05,0,15,1.4985,0.0,0.0,2.8097,49.3,-0.342,70.6,-0.074,42.3,-0.415,60.8,0.082,29.4,-0.626,74.8,-0.006,42.3,-0.336,72.0,0.53,49.3,-0.27,34.3,-0.304,46.9,-0.273,46.9,-0.326,42.7,-0.084,22.7,-0.292,46.9,-0.224,44.1,-0.158,49.7,-0.373,84.6,0.462,45.8,-0.297,74.1,0.499,30.1,-0.411,89.2,0.717,45.8,-0.258,90.2,1.261,54.5,-0.067,62.2,-0.229,45.5,-0.328,68.5,0.326,30.8,-0.278,57.0,-0.23,45.5,-0.243,64.3,0.307,37.8,-0.572,81.8,0.287,46.2,-0.302,54.9,-0.163,26.6,-0.764,88.1,0.325,46.2,-0.239,69.9,0.384,68.9,0.419,46.2,-0.403,46.5,-0.288,49.7,-0.165,68.5,0.188,29.7,-0.371,46.5,-0.282,44.8,-0.291
3ypxn1nvgv8e321sq5394w3my,M. Didden,FC Utrecht,Defender,26,0.002128611957466523,0,37,1.5097,0.0001,0.0,2.1484,9,4.389681016009339e-05,0,18,1.6723,0.0,0.0,3.3445,17,0.00208471514730643,0,19,1.4358,0.0002,0.0,1.6047,16,0.00208471514730643,0,17,1.3513,0.0002,0.0,1.4358,10,4.389681016009339e-05,0,20,1.1613,0.0,0.0,2.3226,12,4.389681016009339e-05,0,19,2.2297,0.0,0.0,3.5303,70.6,0.659,46.9,-0.366,42.3,-0.415,54.5,-0.137,64.3,0.343,42.3,-0.368,42.3,-0.336,23.8,-0.632,58.0,0.021,35.7,-0.303,46.9,-0.273,52.8,-0.179,77.6,0.705,22.7,-0.292,46.9,-0.224,54.5,0.094,85.0,1.213,69.2,-0.274,45.8,-0.297,57.0,-0.07,62.2,0.205,63.6,-0.286,45.8,-0.258,23.1,-0.733,85.3,1.124,69.9,-0.189,45.5,-0.328,53.1,-0.188,79.0,0.659,66.1,-0.2,45.5,-0.243,30.8,-0.518,61.9,0.144,39.9,-0.492,46.2,-0.302,59.1,-0.066,55.9,0.038,25.9,-0.281,46.2,-0.239,44.1,-0.19,95.8,1.836,49.0,-0.401,46.5,-0.288,60.8,0.18,95.1,1.993,29.7,-0.371,46.5,-0.282,55.9,0.032
412l28fqhx21ivpcxzn1kpilm,V. Zagaritis,SC Heerenveen,Defender,47,0.0546281293594626,1,96,1.7418,0.002,0.0371,3.5576,22,0.0077427447966124,0,58,1.6985,0.0006,0.0,4.4779,25,0.0468853845628502,1,38,1.7817,0.0033,0.0713,2.7081,22,0.005708783549952599,0,33,1.4559,0.0004,0.0,2.1838,25,0.04891934580951,1,63,1.219,0.0024,0.0488,3.072,6,0.0,0,10,1.1118,0.0,0.0,1.8529,97.2,2.276,95.8,1.684,91.3,1.867,93.7,1.477,83.9,1.113,89.2,0.492,85.3,0.547,64.3,0.161,96.5,1.916,82.5,0.052,46.9,-0.273,94.4,1.776,80.4,0.763,77.6,-0.117,46.9,-0.224,72.0,0.629,98.6,2.366,98.6,4.129,94.8,2.354,81.8,0.913,83.9,0.888,95.1,1.657,92.3,0.969,42.7,-0.185,96.2,2.017,81.1,-0.022,45.5,-0.328,76.6,0.635,90.9,0.895,74.8,-0.14,45.5,-0.243,44.1,-0.16,96.5,2.293,98.6,4.078,96.2,3.292,95.5,2.019,63.6,0.244,94.8,0.628,92.3,0.907,65.7,0.22,40.2,-0.29,21.3,-0.405,46.5,-0.288,31.1,-0.596,24.1,-0.767,29.7,-0.371,46.5,-0.282,23.4,-0.719
424ohpqxpz31dlopxxamyk9as,Yoon Do-Young,SBV Excelsior,Midfielder,2,9.748511096153988e-05,0,5,0.9343,0.0,0.0,2.3356,1,0.0,0,0,0.9343,0.0,0.0,0.0,1,9.748511096153988e-05,0,5,0.9343,0.0001,0.0,4.6713,0,0.0,0,0,0.0,0.0,0.0,0.0,2,9.748511096153988e-05,0,5,0.9343,0.0,0.0,2.3356,2,9.748511096153988e-05,0,5,0.9343,0.0,0.0,2.3356,18.8,-0.803,37.1,-0.429,40.5,-0.443,23.2,-0.747,24.7,-0.983,22.7,-0.395,40.5,-0.316,33.5,-0.395,21.9,-0.77,22.7,-0.289,44.8,-0.348,12.6,-0.843,42.8,-0.304,28.6,-0.256,44.8,-0.301,12.6,-1.188,17.5,-0.757,58.8,-0.384,44.6,-0.337,38.4,-0.536,36.1,-0.431,66.8,-0.33,44.6,-0.265,79.9,0.757,8.2,-0.913,25.8,-0.289,45.9,-0.296,12.6,-0.828,8.2,-1.945,30.7,-0.282,45.9,-0.239,12.6,-1.151,35.8,-0.608,55.2,-0.359,44.1,-0.344,39.7,-0.556,46.4,-0.185,31.2,-0.375,44.1,-0.269,53.1,-0.025,18.8,-1.135,54.1,-0.239,44.3,-0.353,26.3,-0.783,28.4,-0.896,30.4,-0.267,44.3,-0.298,41.8,-0.337
434aulbxf50clnx57fxsqge8k,T. van den Elshout,Feyenoord Rotterdam,Midfielder,2,0.0,0,9,0.9226,0.0,0.0,4.1519,1,0.0,0,0,0.9226,0.0,0.0,0.0,1,0.0,0,9,0.9226,0.0,0.0,8.3038,1,0.0,0,9,0.9226,0.0,0.0,8.3038,1,0.0,0,0,0.9226,0.0,0.0,0.0,2,0.0,0,9,0.9226,0.0,0.0,4.1519,18.8,-0.803,15.7,-0.434,40.5,-0.443,33.5,-0.622,8.2,-1.02,22.7,-0.395,40.5,-0.316,73.2,0.552,21.9,-0.77,22.7,-0.289,44.8,-0.348,12.6,-0.843,20.6,-0.324,28.6,-0.256,44.8,-0.301,12.6,-1.188,17.5,-0.757,24.5,-0.395,44.6,-0.337,52.8,-0.309,17.0,-0.455,30.9,-0.399,44.6,-0.265,97.4,2.28,24.2,-0.751,25.8,-0.289,45.9,-0.296,52.6,-0.326,23.2,-0.104,30.7,-0.282,45.9,-0.239,98.5,2.692,18.6,-0.776,24.5,-0.368,44.1,-0.344,10.6,-0.861,18.6,-0.22,31.2,-0.375,44.1,-0.269,10.6,-1.174,18.8,-1.135,23.2,-0.245,44.3,-0.353,42.5,-0.394,9.3,-0.93,30.4,-0.267,44.3,-0.298,70.6,0.519
43ib46nh45n9oajf5rmaz4f6x,Hwang In-Beom,Feyenoord Rotterdam,Midfielder,12,0.007756174849665818,1,31,1.1067,0.0007,0.0922,2.859,7,0.004172431441696118,1,15,1.0759,0.0006,0.1537,2.3056,5,0.0035837434079697,0,16,1.1528,0.0008,0.0,3.689,4,0.0,0,2,1.2297,0.0,0.0,0.6148,8,0.007756174849665818,1,29,1.054,0.001,0.1317,3.8207,6,0.003591549779845118,0,17,1.1067,0.0007,0.0,3.1356,69.3,0.064,74.7,-0.049,88.7,1.387,68.3,0.062,41.2,-0.425,72.2,-0.06,89.7,0.786,45.9,-0.122,71.1,0.239,80.4,-0.05,94.8,2.863,63.9,0.026,51.5,-0.06,77.8,-0.095,94.8,1.813,48.5,-0.185,60.8,-0.111,80.4,-0.012,44.6,-0.337,70.4,0.089,53.1,0.0,80.4,0.158,44.6,-0.265,67.5,0.345,51.5,-0.265,25.8,-0.289,45.9,-0.296,29.9,-0.716,73.2,0.509,30.7,-0.282,45.9,-0.239,27.3,-0.866,76.0,0.397,87.6,0.373,93.3,2.04,81.2,0.905,67.0,0.179,87.1,0.332,92.8,1.146,79.9,0.706,55.7,0.228,80.4,-0.019,44.3,-0.353,65.7,0.382,40.2,-0.395,79.6,-0.04,44.3,-0.298,53.6,0.04
447abno2j0ux8fsxzs6fel7th,A. Ahmedhodžić,Feyenoord Rotterdam,Goalkeeper,36,0.0579237715094516,0,78,1.8505,0.003,0.0,4.0095,18,0.0009197787392245,0,25,1.8505,0.0001,0.0,2.5702,18,0.05700399277022711,0,53,1.8505,0.0059,0.0,5.4488,18,0.0572179469881779,0,44,1.2811,0.0041,0.0,3.1317,18,0.0007058245212737056,0,34,1.2811,0.0001,0.0,2.4199,12,0.05696676439666727,0,39,2.2206,0.0105,0.0,7.2171,86.4,0.922,72.7,0.222,40.9,-0.584,72.7,0.615,90.9,1.168,72.7,0.258,40.9,-0.369,27.3,-0.181,77.3,0.805,54.5,-0.551,45.5,-0.449,54.5,-0.243,90.9,1.032,54.5,-0.523,45.5,-0.446,27.3,-0.952,81.8,1.022,100.0,2.274,50.0,-0.302,100.0,1.728,90.9,1.014,100.0,2.534,50.0,-0.302,100.0,1.877,72.7,0.665,72.7,0.374,54.5,0.0,68.2,0.332,63.6,0.555,72.7,0.368,54.5,0.0,27.3,-0.468,90.9,1.235,63.6,-0.312,40.9,-0.584,90.9,1.108,90.9,0.744,63.6,-0.287,40.9,-0.36,63.6,0.525,100.0,1.478,90.9,0.69,50.0,-0.302,90.9,1.356,100.0,1.848,90.9,0.686,50.0,-0.302,72.7,0.762
44m4s9f1ckgdavmqjo0icx016,R. Fosso,Fortuna Sittard,Midfielder,26,0.002872219821346359,3,69,1.9886,0.0002,0.2295,5.2774,16,0.0019266326276385,1,32,2.4475,0.0003,0.153,4.895,10,0.0009455871937078593,2,37,1.5297,0.0001,0.3059,5.6599,12,0.001936380607554888,1,38,1.2238,0.0002,0.102,3.8752,14,0.0009358392137914708,2,31,1.8356,0.0001,0.2622,4.0646,10,0.0010215368675172,1,26,1.8356,0.0002,0.1836,4.7726,88.4,1.277,60.3,-0.291,99.7,5.047,88.1,1.245,99.5,2.429,54.6,-0.299,98.5,2.427,90.7,1.139,92.8,1.754,72.7,-0.179,94.8,2.863,84.0,1.01,99.0,2.302,72.4,-0.176,94.3,1.803,83.5,0.941,82.5,0.697,74.2,-0.294,99.2,4.693,87.9,1.281,83.5,0.744,66.8,-0.33,96.9,2.863,88.7,1.171,84.8,1.032,74.2,-0.175,95.4,2.726,87.9,1.289,70.6,0.497,71.1,-0.206,95.9,1.496,76.8,0.643,89.2,1.403,67.5,-0.279,99.2,4.424,84.8,1.027,99.0,2.555,64.9,-0.305,97.4,2.549,84.5,0.826,94.3,1.592,70.1,-0.181,93.8,2.384,88.4,1.257,90.7,1.723,68.3,-0.202,88.7,1.652,81.4,0.811
47l204bkq2qqjhtazusr0019m,Y. Baas,AFC Ajax,Defender,37,0.005265603306425931,0,85,1.3604,0.0002,0.0,3.1253,16,0.003649564130528608,0,31,1.4708,0.0003,0.0,2.8496,21,0.001616039175897323,0,54,1.2869,0.0001,0.0,3.3092,17,0.0025484492575651,0,31,0.9767,0.0001,0.0,1.781,20,0.002717154048860831,0,54,1.3132,0.0002,0.0,3.5456,8,0.0,0,28,1.4708,0.0,0.0,5.1476,92.7,1.506,60.1,-0.243,42.3,-0.415,89.5,1.176,48.3,-0.152,49.3,-0.323,42.3,-0.336,51.0,-0.083,83.9,1.041,70.6,-0.137,46.9,-0.273,71.0,0.456,59.4,0.265,65.4,-0.204,46.9,-0.224,45.5,-0.139,94.4,1.789,65.7,-0.32,45.8,-0.297,94.4,1.741,47.6,-0.089,55.9,-0.348,45.8,-0.258,52.4,0.113,89.9,1.273,70.6,-0.168,45.5,-0.328,73.4,0.532,35.7,-0.187,57.0,-0.23,45.5,-0.243,35.0,-0.353,90.6,1.577,67.8,-0.242,46.2,-0.302,90.9,1.582,77.6,0.58,65.4,-0.205,46.2,-0.239,72.7,0.48,68.9,0.419,21.3,-0.405,46.5,-0.288,86.0,0.955,55.2,0.119,29.7,-0.371,46.5,-0.282,82.5,0.756
49xsd6e4oyjrhtwsdbdm4rj84,L. Hartjes,SBV Excelsior,Midfielder,21,0.02847357153095258,1,68,1.3993,0.0019,0.0666,4.5311,8,4.98985297558846e-05,0,29,1.2438,0.0,0.0,4.5089,13,0.0284236730011967,1,39,1.5159,0.0033,0.1166,4.5478,16,0.02830209647340218,1,52,1.3569,0.0024,0.0848,4.4099,5,0.0001714750575504,0,16,1.1661,0.0,0.0,3.7315,7,0.0,1,24,1.306,0.0,0.1866,4.4778,83.2,0.844,91.8,0.979,88.7,1.387,87.1,1.214,69.1,0.522,86.3,0.514,85.6,0.48,78.4,0.75,75.3,0.408,48.5,-0.287,44.8,-0.348,81.2,0.837,61.6,0.229,28.6,-0.256,44.8,-0.301,73.7,0.773,88.1,1.182,96.9,2.644,93.6,2.178,89.2,1.394,81.4,0.717,95.4,1.898,93.3,0.927,77.3,0.705,93.0,1.68,95.9,1.384,95.4,2.726,94.3,2.069,80.4,0.762,91.8,0.628,94.3,1.203,85.1,0.89,62.4,-0.105,59.3,-0.352,44.1,-0.344,68.0,0.114,76.8,0.52,31.2,-0.375,44.1,-0.269,76.8,0.662,69.8,0.569,23.2,-0.245,93.8,2.384,83.0,1.062,66.0,0.184,30.4,-0.267,94.6,1.683,75.8,0.672
4bkb8qjb5n33wxfopju8r1mtx,D. Bakker,SC Telstar,Defender,27,0.05937500508887035,1,64,1.3884,0.0031,0.0514,3.2911,15,0.004268717427442854,0,32,1.5427,0.0004,0.0,3.2911,12,0.0551062876614275,1,32,1.2341,0.0057,0.1028,3.2911,15,0.004916426852072154,0,21,0.9917,0.0003,0.0,1.3884,12,0.0544585782367982,1,43,1.2341,0.0056,0.1028,4.4224,6,0.0519558326187506,1,15,1.1107,0.0096,0.1851,2.7768,73.8,0.736,97.2,1.869,91.3,1.867,71.7,0.601,51.0,-0.059,95.1,0.989,89.5,0.888,55.2,0.011,79.7,0.896,72.7,-0.108,46.9,-0.273,73.4,0.505,67.1,0.422,69.2,-0.175,46.9,-0.224,53.1,0.069,69.6,0.492,99.3,4.936,94.8,2.354,76.2,0.603,37.8,-0.193,99.3,3.16,95.1,1.511,51.7,0.104,79.7,0.975,77.6,-0.059,45.5,-0.328,57.3,0.018,36.4,-0.153,71.3,-0.17,45.5,-0.243,28.7,-0.54,71.0,0.431,100.0,4.596,96.2,3.292,88.8,1.049,64.3,0.297,98.6,1.839,97.2,2.175,88.8,0.96,40.2,-0.29,99.3,4.465,96.5,3.452,49.7,-0.165,23.1,-0.77,98.6,3.539,95.8,3.089,40.6,-0.305
4cbhx91p3l265b2cejzd07gbu,P. Brouwer,SC Telstar,Forward,18,0.004805229680187662,1,52,1.1913,0.0003,0.0662,3.4415,10,0.0018900416312687,0,27,1.3237,0.0003,0.0,3.5739,8,0.002915188048918962,1,25,1.0589,0.0004,0.1324,3.3091,13,0.003255621989431162,1,43,1.2045,0.0003,0.0927,3.9842,5,0.0015496076907565,0,9,0.9266,0.0003,0.0,1.6678,7,0.0014074974447472,0,11,1.2972,0.0003,0.0,2.0384,95.8,2.532,79.7,0.081,93.2,2.08,98.3,2.915,81.4,0.538,67.8,-0.316,88.1,0.287,67.8,0.325,95.8,2.625,89.8,0.183,49.2,-0.186,100.0,2.943,86.4,1.001,78.8,0.031,49.2,-0.186,76.3,0.562,94.9,1.888,79.7,0.003,94.9,2.348,94.9,2.171,78.0,0.376,75.4,-0.226,93.2,0.674,71.2,0.444,98.3,3.245,84.7,0.105,97.5,3.677,98.3,3.587,94.9,1.017,76.3,-0.229,94.9,1.111,79.7,0.788,87.3,1.08,83.1,-0.016,46.6,-0.302,73.7,0.514,52.5,0.21,80.5,-0.113,46.6,-0.282,55.9,-0.145,94.9,1.596,76.3,-0.185,46.6,-0.302,73.7,0.304,86.4,0.871,73.7,-0.249,46.6,-0.291,40.7,-0.303
4dk7h575fifmw2lhslevhmhux,M. Rente,FC Groningen,Defender,29,0.0201871521298703,0,67,1.2888,0.0009,0.0,2.9776,11,0.0143976758296088,0,32,1.2833,0.0017,0.0,3.7331,18,0.0057894763002615,0,35,1.2922,0.0004,0.0,2.5127,15,0.0143976758296088,0,32,1.1666,0.0011,0.0,2.4888,14,0.0057894763002615,0,35,1.1878,0.0005,0.0,2.9696,6,0.0013076118115327,0,13,1.1199,0.0002,0.0,2.4265,81.8,0.89,81.8,0.339,42.3,-0.415,75.2,0.684,37.8,-0.39,74.8,-0.006,42.3,-0.336,45.5,-0.166,65.0,0.313,87.4,0.358,46.9,-0.273,73.4,0.505,39.2,-0.145,87.1,0.205,46.9,-0.224,60.8,0.278,88.8,1.357,77.6,0.09,45.8,-0.297,79.4,0.758,48.3,-0.079,69.9,-0.16,45.8,-0.258,39.9,-0.282,79.7,0.975,88.1,0.379,45.5,-0.328,74.5,0.584,55.2,0.241,85.7,0.07,45.5,-0.243,51.7,-0.014,78.3,0.717,77.6,0.045,46.2,-0.302,80.8,0.661,62.2,0.132,74.1,-0.091,46.2,-0.239,65.0,0.164,40.2,-0.29,72.7,-0.283,46.5,-0.288,42.3,-0.337,28.7,-0.747,71.7,-0.289,46.5,-0.282,37.1,-0.462
4ej8uchqe3rt1s5h6phjo3310,G. Zechiël,FC Utrecht,Midfielder,42,0.006612707368916546,0,106,1.6099,0.0003,0.0,4.063,25,0.0006074809720515514,0,66,1.7691,0.0,0.0,4.6704,17,0.006005226396864995,0,40,1.4217,0.0005,0.0,3.3452,17,0.001212084112899446,0,54,1.1171,0.0001,0.0,3.5483,25,0.0054006232560171,0,52,1.3528,0.0003,0.0,2.8139,8,0.0,0,32,1.4719,0.0,0.0,5.8876,97.2,2.664,72.2,-0.106,40.5,-0.443,94.8,2.397,85.1,1.204,60.3,-0.251,40.5,-0.316,70.1,0.506,99.0,3.269,63.4,-0.255,44.8,-0.348,97.9,2.98,90.2,1.134,28.6,-0.256,44.8,-0.301,78.9,0.844,94.1,1.829,83.5,0.247,44.6,-0.337,89.7,1.451,77.3,0.531,78.1,-0.051,44.6,-0.265,61.9,0.201,94.6,1.842,72.2,-0.218,45.9,-0.296,95.9,2.18,61.1,0.284,65.5,-0.244,45.9,-0.239,70.1,0.491,99.0,3.246,84.0,0.148,44.1,-0.344,95.4,2.306,90.7,1.087,74.5,-0.163,44.1,-0.269,63.9,0.21,82.7,0.91,23.2,-0.245,44.3,-0.353,95.6,1.839,74.2,0.666,30.4,-0.267,44.3,-0.298,90.7,1.336
4ezldqmn62ggasx6pniqbfwno,J. Ideho,FC Volendam,Midfielder,7,2.208649141806352e-05,0,15,1.0861,0.0,0.0,2.3273,2,0.0,0,1,0.9309,0.0,0.0,0.4655,5,2.208649141806352e-05,0,14,1.1636,0.0,0.0,3.2582,3,0.0,0,1,0.9309,0.0,0.0,0.3103,4,2.208649141806352e-05,0,14,1.2412,0.0,0.0,4.3442,6,0.0,0,5,1.1171,0.0,0.0,0.9309,46.6,-0.369,32.0,-0.433,40.5,-0.443,46.9,-0.436,39.7,-0.491,22.7,-0.395,40.5,-0.316,33.0,-0.399,35.3,-0.602,22.7,-0.289,44.8,-0.348,27.8,-0.785,33.5,-0.31,28.6,-0.256,44.8,-0.301,27.3,-0.985,60.8,-0.111,49.5,-0.392,44.6,-0.337,65.2,-0.025,55.4,0.021,30.9,-0.399,44.6,-0.265,60.8,0.164,42.8,-0.427,25.8,-0.289,45.9,-0.296,26.3,-0.772,35.6,-0.088,30.7,-0.282,45.9,-0.239,25.3,-1.007,52.6,-0.273,50.0,-0.366,44.1,-0.344,65.2,-0.008,85.6,0.748,31.2,-0.375,44.1,-0.269,87.1,0.963,55.7,0.228,23.2,-0.245,44.3,-0.353,26.3,-0.783,45.1,-0.365,30.4,-0.267,44.3,-0.298,17.3,-0.998
4f8xb5sbyksacxmifi375h7qi,K. Sowah,NAC Breda,Midfielder,30,0.0291943170511721,2,68,1.5382,0.0015,0.1025,3.4866,18,0.0282929527022465,1,38,1.6613,0.0026,0.0923,3.5071,12,0.0009013643489255996,1,30,1.3844,0.0001,0.1154,3.461,14,0.0052865464856754,0,36,1.1746,0.0004,0.0,3.0205,16,0.0239077705654967,2,32,1.2306,0.0018,0.1538,2.4612,9,0.0,1,26,1.6613,0.0,0.1846,4.7993,91.5,1.624,92.3,1.015,97.9,3.217,87.1,1.214,82.0,0.972,83.5,0.323,90.2,0.909,59.3,0.205,95.4,2.091,94.3,1.332,94.8,2.863,90.5,1.358,86.1,0.948,89.4,0.442,89.7,0.968,60.8,0.338,86.1,1.021,73.7,-0.298,93.6,2.178,84.0,0.883,70.6,0.457,66.8,-0.33,91.8,0.915,63.9,0.249,89.4,1.356,82.5,0.023,45.9,-0.296,86.3,1.177,68.6,0.399,76.3,-0.13,45.9,-0.239,60.3,0.247,94.6,1.738,96.4,1.918,99.2,4.424,86.9,1.088,83.0,0.716,91.8,0.898,93.8,1.384,55.2,0.037,90.7,1.251,23.2,-0.245,93.8,2.384,88.4,1.257,86.6,1.216,30.4,-0.267,89.7,1.662,82.5,0.823
4fcmk1x7n95o7owons6mc5a1g,S. Henderikx,SBV Excelsior,Defender,12,0.0004652935345239,0,13,2.2314,0.0001,0.0,2.4174,5,0.0,0,3,1.5496,0.0,0.0,0.9298,7,0.0004652935345239,0,10,3.2541,0.0002,0.0,4.6488,4,0.0,0,3,1.2397,0.0,0.0,0.9298,8,0.0004652935345239,0,10,1.8595,0.0001,0.0,2.3244,12,0.0004652935345239,0,13,2.2314,0.0001,0.0,2.4174,45.8,-0.419,39.2,-0.43,42.3,-0.415,28.0,-0.794,100.0,2.737,42.3,-0.368,42.3,-0.336,29.4,-0.481,37.4,-0.561,16.8,-0.305,46.9,-0.273,20.6,-0.913,68.2,0.437,22.7,-0.292,46.9,-0.224,18.2,-1.045,54.5,-0.229,55.9,-0.433,45.8,-0.297,38.1,-0.536,100.0,3.796,63.6,-0.286,45.8,-0.258,79.0,0.779,35.7,-0.662,18.2,-0.285,45.5,-0.328,23.1,-0.909,67.1,0.407,25.5,-0.26,45.5,-0.243,21.7,-0.76,51.4,-0.142,55.2,-0.453,46.2,-0.302,36.0,-0.551,98.6,2.529,57.3,-0.243,46.2,-0.239,44.8,-0.189,95.8,1.836,67.1,-0.362,46.5,-0.288,42.3,-0.337,95.8,1.997,64.7,-0.33,46.5,-0.282,34.3,-0.466
4fsu74aeogf53l2g1tx89vuok,M. Šín,Alkmaar Zaanstreek,Midfielder,5,0.0017119143504695,0,22,1.1645,0.0004,0.0,5.1236,3,0.0013999596728651,0,10,1.3974,0.0007,0.0,4.6578,2,0.0003119546776044,0,12,0.9316,0.0001,0.0,5.5894,2,0.0,0,4,0.9316,0.0,0.0,1.8631,3,0.0017119143504695,0,18,1.3974,0.0008,0.0,8.3841,5,0.0017119143504695,0,22,1.1645,0.0004,0.0,5.1236,39.9,-0.543,56.2,-0.349,40.5,-0.443,57.0,-0.218,51.5,-0.238,64.2,-0.203,40.5,-0.316,88.7,1.059,44.3,-0.434,69.1,-0.209,44.8,-0.348,54.1,-0.264,70.1,0.494,79.6,-0.068,44.8,-0.301,76.3,0.838,33.5,-0.596,65.5,-0.361,44.6,-0.337,59.5,-0.138,31.7,-0.437,66.8,-0.33,44.6,-0.265,88.1,1.142,34.8,-0.589,25.8,-0.289,45.9,-0.296,38.4,-0.605,38.4,-0.086,30.7,-0.282,45.9,-0.239,43.3,-0.289,44.1,-0.441,70.6,-0.205,44.1,-0.344,71.9,0.235,93.8,1.223,84.0,0.19,44.1,-0.269,98.5,2.951,43.0,-0.112,74.2,-0.137,44.3,-0.353,77.8,0.868,53.6,-0.227,75.0,-0.137,44.3,-0.298,85.6,0.976
4fu2agdclsyxx1boxxibauzo4,G. Alders,SC Telstar,Defender,6,0.0717312889253926,1,9,1.3975,0.0167,0.2329,2.0963,4,0.0717312889253926,1,6,1.8634,0.0334,0.4658,2.795,2,0.0,0,3,0.9317,0.0,0.0,1.3975,4,0.0717312889253926,1,6,1.8634,0.0334,0.4658,2.795,2,0.0,0,3,0.9317,0.0,0.0,1.3975,6,0.0717312889253926,1,9,1.3975,0.0167,0.2329,2.0963,25.2,-0.881,98.6,2.351,91.3,1.867,20.3,-0.904,53.1,-0.029,100.0,7.142,99.3,5.212,22.4,-0.661,29.7,-0.707,99.3,2.998,96.9,3.634,30.8,-0.766,89.5,1.123,100.0,9.457,100.0,8.648,43.4,-0.165,15.7,-0.95,19.2,-0.479,45.8,-0.297,18.9,-0.898,16.8,-0.79,25.5,-0.411,45.8,-0.258,19.9,-0.836,35.7,-0.662,99.3,3.024,95.5,3.025,30.1,-0.754,98.3,1.815,100.0,9.748,100.0,9.537,55.9,0.132,16.1,-1.002,18.2,-0.496,46.2,-0.302,16.8,-0.89,20.6,-0.782,25.9,-0.281,46.2,-0.239,22.4,-0.697,40.2,-0.29,100.0,6.319,96.5,3.452,26.2,-0.682,51.7,-0.062,100.0,6.431,99.3,3.96,30.1,-0.61
4i5i204kbg1we22h8cabtb1n8,J. Bawuah,PSV Eindhoven,Midfielder,1,0.0,0,1,0.989,0.0,0.0,0.989,1,0.0,0,1,0.989,0.0,0.0,0.989,0,0.0,0,0,0.0,0.0,0.0,0.0,0,0.0,0,0,0.0,0.0,0.0,0.0,1,0.0,0,1,0.989,0.0,0.0,0.989,1,0.0,0,1,0.989,0.0,0.0,0.989,6.7,-0.889,15.7,-0.434,40.5,-0.443,11.3,-0.871,33.5,-0.806,22.7,-0.395,40.5,-0.316,17.0,-1.097,21.9,-0.77,22.7,-0.289,44.8,-0.348,27.8,-0.785,49.5,-0.21,28.6,-0.256,44.8,-0.301,33.5,-0.757,4.1,-0.919,24.5,-0.395,44.6,-0.337,9.5,-0.82,4.1,-2.276,30.9,-0.399,44.6,-0.265,9.5,-1.203,8.2,-0.913,25.8,-0.289,45.9,-0.296,12.6,-0.828,8.2,-1.945,30.7,-0.282,45.9,-0.239,12.6,-1.151,18.6,-0.776,24.5,-0.368,44.1,-0.344,24.7,-0.8,62.9,-0.019,31.2,-0.375,44.1,-0.269,33.0,-0.687,6.7,-1.476,23.2,-0.245,44.3,-0.353,12.4,-1.171,37.6,-0.737,30.4,-0.267,44.3,-0.298,19.6,-0.971
4j5hfebi948ggjwexpndrub1m,Danilo,Nijmegen Eendracht Combinatie,Forward,1,0.0,0,0,0.9218,0.0,0.0,0.0,1,0.0,0,0,0.9218,0.0,0.0,0.0,0,0.0,0,0,0.0,0.0,0.0,0.0,0,0.0,0,0,0.0,0.0,0.0,0.0,1,0.0,0,0,0.9218,0.0,0.0,0.0,1,0.0,0,0,0.9218,0.0,0.0,0.0,13.6,-0.732,22.0,-0.478,44.1,-0.374,6.8,-0.866,18.6,-0.549,24.6,-0.526,44.1,-0.34,6.8,-1.246,43.2,-0.445,33.9,-0.333,49.2,-0.186,23.7,-0.745,49.2,0.289,34.7,-0.393,49.2,-0.186,23.7,-0.733,11.9,-0.862,30.5,-0.376,45.8,-0.316,16.1,-0.756,11.9,-1.546,34.7,-0.39,45.8,-0.258,16.1,-0.94,14.4,-0.737,33.1,-0.344,47.5,-0.267,22.9,-0.626,14.4,-1.541,34.7,-0.406,47.5,-0.225,22.9,-0.782,28.8,-0.586,33.1,-0.368,46.6,-0.302,15.3,-0.818,35.6,0.198,33.9,-0.391,46.6,-0.282,15.3,-0.923,13.6,-1.094,25.4,-0.459,46.6,-0.302,6.8,-1.077,20.3,-0.527,27.1,-0.464,46.6,-0.291,6.8,-1.194
4jauu6ue076rbeq56exa4bcyy,M. Aïko,Fortuna Sittard,Forward,3,0.0015642090730858,0,16,1.3929,0.0007,0.0,7.4286,1,0.0004585786527174,0,10,0.9286,0.0004,0.0,9.2857,2,0.0011056304203684,0,6,1.8571,0.001,0.0,5.5714,1,0.0011056304203684,0,6,0.9286,0.001,0.0,5.5714,2,0.0004585786527174,0,10,0.9286,0.0002,0.0,4.6429,3,0.0015642090730858,0,16,1.3929,0.0007,0.0,7.4286,50.8,-0.348,67.8,-0.296,44.1,-0.374,78.0,0.297,89.8,1.351,73.7,-0.036,44.1,-0.34,93.2,2.145,43.2,-0.445,74.6,-0.208,49.2,-0.186,83.9,0.62,64.4,0.301,84.7,0.173,49.2,-0.186,98.3,2.632,55.1,-0.175,74.6,-0.232,45.8,-0.316,60.2,-0.054,96.6,1.825,83.1,0.019,45.8,-0.258,91.5,1.389,39.0,-0.431,78.0,-0.192,47.5,-0.267,66.1,-0.038,57.6,0.431,83.9,0.183,47.5,-0.225,91.5,1.413,55.9,-0.169,74.6,-0.264,46.6,-0.302,83.1,0.662,61.0,0.215,73.7,-0.206,46.6,-0.282,91.5,1.243,50.8,-0.198,78.0,-0.154,46.6,-0.302,83.1,0.932,89.8,1.228,78.8,0.039,46.6,-0.291,93.2,2.054
4kns22wbu3emy5oxbpr52rdud,E. Dasa,Nijmegen Eendracht Combinatie,Defender,18,0.0004807204055579,0,42,1.6546,0.0,0.0,3.8607,11,0.0004807204055579,0,27,1.6852,0.0001,0.0,4.1365,7,0.0,0,15,1.6086,0.0,0.0,3.4471,9,0.0004807204055579,0,28,1.3788,0.0001,0.0,4.2897,9,0.0,0,14,1.3788,0.0,0.0,2.1448,6,0.0004807204055579,0,30,1.1031,0.0001,0.0,5.5153,57.7,0.043,39.9,-0.43,42.3,-0.415,59.1,-0.001,77.6,0.824,18.9,-0.413,42.3,-0.336,66.4,0.331,65.0,0.313,53.8,-0.283,46.9,-0.273,64.0,0.26,79.0,0.734,52.4,-0.262,46.9,-0.224,66.4,0.468,54.5,-0.229,19.2,-0.479,45.8,-0.297,49.7,-0.277,70.6,0.546,25.5,-0.411,45.8,-0.258,56.6,0.182,59.8,0.082,55.9,-0.263,45.5,-0.328,70.6,0.378,81.1,0.721,57.0,-0.23,45.5,-0.243,90.9,0.847,56.6,0.001,18.2,-0.496,46.2,-0.302,45.1,-0.357,83.6,0.814,25.9,-0.281,46.2,-0.239,39.9,-0.287,40.2,-0.29,67.8,-0.36,46.5,-0.288,88.5,1.127,18.2,-0.789,64.7,-0.33,46.5,-0.282,84.6,0.921
4mhahoh3a6rir882ug9hdb5nu,T. Velthuis,PEC Zwolle,Defender,9,0.0,0,27,1.7053,0.0,0.0,5.1158,5,0.0,0,17,2.3684,0.0,0.0,8.0526,4,0.0,0,10,1.2632,0.0,0.0,3.1579,4,0.0,0,7,1.2632,0.0,0.0,2.2105,5,0.0,0,20,1.1842,0.0,0.0,4.7368,9,0.0,0,27,1.7053,0.0,0.0,5.1158,36.0,-0.65,12.2,-0.449,42.3,-0.415,44.1,-0.411,80.4,0.992,18.9,-0.413,42.3,-0.336,85.3,1.037,37.4,-0.561,16.8,-0.305,46.9,-0.273,50.3,-0.228,99.3,2.228,22.7,-0.292,46.9,-0.224,97.9,2.316,35.0,-0.661,19.2,-0.479,45.8,-0.297,38.1,-0.536,44.8,-0.136,25.5,-0.411,45.8,-0.258,51.0,0.038,35.7,-0.662,18.2,-0.285,45.5,-0.328,31.8,-0.703,69.2,0.46,25.5,-0.26,45.5,-0.243,46.9,-0.147,37.8,-0.572,18.2,-0.496,46.2,-0.302,59.1,-0.066,61.5,0.119,25.9,-0.281,46.2,-0.239,90.9,1.132,80.1,0.773,21.3,-0.405,46.5,-0.288,84.6,0.869,77.6,0.698,29.7,-0.371,46.5,-0.282,81.8,0.742
4mz9mhuv21kti5x38fb36q2g9,Y. El Kachati,Nijmegen Eendracht Combinatie,Forward,1,0.0,0,7,0.9189,0.0,0.0,6.432,1,0.0,0,7,0.9189,0.0,0.0,6.432,0,0.0,0,0,0.0,0.0,0.0,0.0,0,0.0,0,0,0.0,0.0,0.0,0.0,1,0.0,0,7,0.9189,0.0,0.0,6.432,1,0.0,0,7,0.9189,0.0,0.0,6.432,13.6,-0.732,22.0,-0.478,44.1,-0.374,47.5,-0.357,14.4,-0.561,24.6,-0.526,44.1,-0.34,91.5,1.69,43.2,-0.445,33.9,-0.333,49.2,-0.186,67.8,0.211,42.4,0.283,34.7,-0.393,49.2,-0.186,93.2,1.598,11.9,-0.862,30.5,-0.376,45.8,-0.316,16.1,-0.756,11.9,-1.546,34.7,-0.39,45.8,-0.258,16.1,-0.94,14.4,-0.737,33.1,-0.344,47.5,-0.267,22.9,-0.626,14.4,-1.541,34.7,-0.406,47.5,-0.225,22.9,-0.782,28.8,-0.586,33.1,-0.368,46.6,-0.302,63.6,0.218,28.8,0.191,33.9,-0.391,46.6,-0.282,96.6,2.077,13.6,-1.094,25.4,-0.459,46.6,-0.302,52.5,-0.198,14.4,-0.538,27.1,-0.464,46.6,-0.291,89.8,1.618
4n18t6bixl6ba3bx76hym51qs,A. Gaaei,AFC Ajax,Defender,22,0.002698362883031947,0,41,1.3435,0.0002,0.0,2.5038,13,0.002698362883031947,0,26,1.1908,0.0002,0.0,2.3817,9,0.0,0,15,1.6489,0.0,0.0,2.7481,12,5.310662014104683e-05,0,28,1.0992,0.0,0.0,2.5649,10,0.0026452562628909,0,13,1.3086,0.0003,0.0,1.7012,6,0.0026452562628909,0,22,1.0992,0.0005,0.0,4.0305,63.3,0.351,49.7,-0.343,42.3,-0.415,57.3,-0.028,46.2,-0.208,49.3,-0.323,42.3,-0.336,30.8,-0.432,71.3,0.604,66.4,-0.18,46.9,-0.273,62.2,0.212,34.3,-0.348,61.9,-0.233,46.9,-0.224,39.2,-0.36,59.4,0.059,19.2,-0.479,45.8,-0.297,49.7,-0.277,74.1,0.626,25.5,-0.411,45.8,-0.258,44.1,-0.165,67.5,0.529,40.6,-0.283,45.5,-0.328,70.6,0.378,49.0,0.089,25.5,-0.26,45.5,-0.243,53.8,0.022,61.9,0.144,67.1,-0.249,46.2,-0.302,42.0,-0.405,75.5,0.563,69.2,-0.167,46.2,-0.239,29.4,-0.53,40.2,-0.29,76.9,-0.157,46.5,-0.288,71.3,0.438,17.5,-0.798,76.6,-0.167,46.5,-0.282,65.7,0.256
4phgw75cred5p93hjq8hiou6t,S. Floranus,PEC Zwolle,Defender,50,0.01037712295236678,2,151,1.8756,0.0004,0.075,5.6643,32,0.009414712235542884,0,91,2.0007,0.0006,0.0,5.6894,18,0.0009624107168239,2,60,1.688,0.0001,0.1876,5.6268,24,0.0007405329101628,1,63,1.2504,0.0,0.0521,3.2823,26,0.009636590042203984,1,88,1.7416,0.0006,0.067,5.8948,8,0.0,0,31,1.5005,0.0,0.0,5.8144,98.6,2.507,72.0,-0.044,99.3,4.149,98.6,2.982,94.4,1.557,62.2,-0.232,94.4,1.45,93.0,1.346,100.0,3.373,84.6,0.129,46.9,-0.273,100.0,3.389,95.1,1.423,77.6,-0.117,46.9,-0.224,89.5,1.201,88.8,1.357,60.8,-0.385,99.3,5.005,97.2,2.052,77.6,0.703,55.9,-0.348,97.2,2.971,90.9,1.265,98.6,2.315,58.0,-0.251,95.5,3.025,97.2,2.179,68.5,0.431,25.5,-0.26,90.9,0.851,65.7,0.365,97.2,2.437,83.9,0.405,96.2,3.292,99.3,3.23,95.8,2.108,76.6,-0.053,94.4,1.334,95.8,1.766,68.9,0.419,21.3,-0.405,46.5,-0.288,91.3,1.213,69.9,0.193,29.7,-0.371,46.5,-0.282,88.8,1.055
4ported2opjp4xbp87bpqb6z8,M. Soumano,NAC Breda,Forward,2,0.0,1,6,0.9243,0.0,0.4621,2.7728,2,0.0,1,6,0.9243,0.0,0.4621,2.7728,0,0.0,0,0,0.0,0.0,0.0,0.0,2,0.0,1,6,0.9243,0.0,0.4621,2.7728,0,0.0,0,0,0.0,0.0,0.0,0.0,2,0.0,1,6,0.9243,0.0,0.4621,2.7728,35.6,-0.54,22.0,-0.478,93.2,2.08,43.2,-0.43,22.9,-0.539,24.6,-0.526,98.3,4.034,54.2,0.02,62.7,-0.104,33.9,-0.333,99.2,5.293,62.7,0.074,54.2,0.293,34.7,-0.393,98.3,5.293,71.2,0.272,11.9,-0.862,30.5,-0.376,45.8,-0.316,16.1,-0.756,11.9,-1.546,34.7,-0.39,45.8,-0.258,16.1,-0.94,60.2,-0.125,33.1,-0.344,97.5,3.677,66.1,-0.038,44.1,0.422,34.7,-0.406,100.0,6.435,69.5,0.311,8.5,-1.003,33.1,-0.368,46.6,-0.302,15.3,-0.818,8.5,-2.074,33.9,-0.391,46.6,-0.282,15.3,-0.923,35.6,-0.646,25.4,-0.459,96.6,3.258,48.3,-0.324,24.6,-0.518,27.1,-0.464,98.3,4.184,55.9,0.018
4pqi5vt820333t5zsj2refc2d,B. Linssen,Nijmegen Eendracht Combinatie,Forward,10,0.0463222010087138,0,31,1.0214,0.0047,0.0,3.1663,4,0.0013423438889754,0,9,0.9192,0.0003,0.0,2.0683,6,0.0449798571197384,0,22,1.1031,0.0083,0.0,4.0447,7,0.0463222010087138,0,30,1.0725,0.0071,0.0,4.5962,3,0.0,0,1,0.9192,0.0,0.0,0.3064,5,0.0013423438889754,0,18,0.9192,0.0002,0.0,3.3093,88.1,0.996,100.0,4.911,44.1,-0.374,91.5,1.388,69.5,-0.147,96.6,2.768,44.1,-0.34,62.7,0.199,81.4,0.578,86.4,0.034,49.2,-0.186,77.1,0.484,44.1,0.284,78.8,0.031,49.2,-0.186,64.4,0.016,91.5,1.2,100.0,5.465,45.8,-0.316,93.2,1.819,79.7,0.456,98.3,3.005,45.8,-0.258,81.4,0.751,91.5,1.407,100.0,6.054,47.5,-0.267,96.6,2.313,88.1,0.737,100.0,3.773,47.5,-0.225,83.1,1.029,77.1,0.247,33.1,-0.368,46.6,-0.302,35.6,-0.67,30.5,0.192,33.9,-0.391,46.6,-0.282,32.2,-0.78,74.6,0.699,74.6,-0.197,46.6,-0.302,86.4,1.183,16.9,-0.537,66.1,-0.321,46.6,-0.291,64.4,0.253
4qr07cfbwquppkww057mb9tk9,J. Moder,Feyenoord Rotterdam,Midfielder,8,0.0025893045891685,0,6,1.4679,0.0005,0.0,1.1009,4,0.0025893045891685,0,5,1.2232,0.0008,0.0,1.5291,4,0.0,0,1,1.8349,0.0,0.0,0.4587,6,0.0025893045891685,0,6,1.1009,0.0005,0.0,1.1009,2,0.0,0,0,0.9174,0.0,0.0,0.0,8,0.0025893045891685,0,6,1.4679,0.0005,0.0,1.1009,50.8,-0.283,59.8,-0.306,40.5,-0.443,25.8,-0.716,78.4,0.744,67.0,-0.156,40.5,-0.316,18.0,-1.038,53.1,-0.265,74.2,-0.141,44.8,-0.348,40.7,-0.554,58.2,0.194,81.7,-0.041,44.8,-0.301,36.6,-0.523,53.9,-0.272,24.5,-0.395,44.6,-0.337,21.4,-0.763,89.2,1.347,30.9,-0.399,44.6,-0.265,19.6,-1.01,67.0,0.059,75.3,-0.136,45.9,-0.296,45.1,-0.494,58.8,0.252,78.4,-0.092,45.9,-0.239,36.1,-0.641,35.8,-0.608,24.5,-0.368,44.1,-0.344,10.6,-0.861,12.4,-0.236,31.2,-0.375,44.1,-0.269,10.6,-1.174,82.7,0.91,77.8,-0.082,44.3,-0.353,29.6,-0.686,73.7,0.654,77.1,-0.105,44.3,-0.298,20.1,-0.918
4utx4h5jz14whtjawxn7ox0r8,N. Verschuren,FC Volendam,Defender,40,0.01950631160615856,0,66,1.7791,0.0009,0.0,2.9356,18,9.970240347176308e-05,0,22,1.6813,0.0,0.0,2.0549,22,0.0194066092026868,0,44,1.8681,0.0016,0.0,3.7362,18,0.001669914564720363,0,39,1.1209,0.0001,0.0,2.4285,22,0.0178363970414382,0,27,1.4678,0.0012,0.0,1.8014,10,0.0001883192103047,0,24,1.8681,0.0,0.0,4.4834,95.5,1.737,81.1,0.313,42.3,-0.415,74.1,0.656,88.1,1.237,74.8,-0.006,42.3,-0.336,42.7,-0.189,89.2,1.333,40.6,-0.3,46.9,-0.273,58.4,0.016,78.3,0.725,22.7,-0.292,46.9,-0.224,36.4,-0.514,96.2,1.934,91.6,1.428,45.8,-0.297,86.4,1.224,90.2,1.059,87.4,0.592,45.8,-0.258,65.0,0.326,92.0,1.422,65.0,-0.208,45.5,-0.328,80.1,0.944,51.7,0.138,57.0,-0.23,45.5,-0.243,50.3,-0.043,94.4,1.864,89.5,1.172,46.2,-0.302,68.2,0.273,88.8,1.131,85.3,0.174,46.2,-0.239,32.2,-0.476,86.4,1.127,56.6,-0.388,46.5,-0.288,77.3,0.61,85.3,1.1,29.7,-0.371,46.5,-0.282,74.1,0.459
50130ztne7nsfs9fxf0am6vv9,D. Mertens,SC Telstar,Midfielder,3,0.0010126945014298,0,10,0.9317,0.0003,0.0,3.1056,3,0.0010126945014298,0,10,0.9317,0.0003,0.0,3.1056,0,0.0,0,0,0.0,0.0,0.0,0.0,0,0.0,0,0,0.0,0.0,0.0,0.0,3,0.0010126945014298,0,10,0.9317,0.0003,0.0,3.1056,3,0.0010126945014298,0,10,0.9317,0.0003,0.0,3.1056,28.4,-0.716,52.6,-0.384,40.5,-0.443,38.1,-0.591,20.6,-0.991,60.3,-0.251,40.5,-0.316,52.1,0.007,44.3,-0.434,67.0,-0.231,44.8,-0.348,54.1,-0.264,35.8,-0.308,72.4,-0.176,44.8,-0.301,54.6,0.163,4.1,-0.919,24.5,-0.395,44.6,-0.337,9.5,-0.82,4.1,-2.276,30.9,-0.399,44.6,-0.265,9.5,-1.203,8.2,-0.913,25.8,-0.289,45.9,-0.296,12.6,-0.828,8.2,-1.945,30.7,-0.282,45.9,-0.239,12.6,-1.151,44.1,-0.441,68.0,-0.272,44.1,-0.344,55.4,-0.252,38.9,-0.193,74.5,-0.163,44.1,-0.269,66.5,0.354,28.4,-0.794,69.1,-0.181,44.3,-0.353,48.5,-0.297,23.2,-0.904,71.6,-0.17,44.3,-0.298,52.1,0.026
50zbw9cb2gon7eb7w08ndfyms,M. Zonneveld,SC Telstar,Forward,2,0.0,0,1,0.9278,0.0,0.0,0.4639,0,0.0,0,0,0.0,0.0,0.0,0.0,2,0.0,0,1,0.9278,0.0,0.0,0.4639,1,0.0,0,0,0.9278,0.0,0.0,0.0,1,0.0,0,1,0.9278,0.0,0.0,0.9278,2,0.0,0,1,0.9278,0.0,0.0,0.4639,35.6,-0.54,22.0,-0.478,44.1,-0.374,16.1,-0.794,34.7,-0.525,24.6,-0.526,44.1,-0.34,15.3,-1.034,16.1,-0.786,33.9,-0.333,49.2,-0.186,23.7,-0.745,16.1,-1.346,34.7,-0.393,49.2,-0.186,23.7,-0.733,55.1,-0.175,30.5,-0.376,45.8,-0.316,35.6,-0.639,47.5,0.138,34.7,-0.39,45.8,-0.258,35.6,-0.746,39.0,-0.431,33.1,-0.344,47.5,-0.267,22.9,-0.626,54.2,0.43,34.7,-0.406,47.5,-0.225,22.9,-0.782,28.8,-0.586,33.1,-0.368,46.6,-0.302,35.6,-0.67,56.8,0.213,33.9,-0.391,46.6,-0.282,43.2,-0.491,35.6,-0.646,25.4,-0.459,46.6,-0.302,16.9,-0.951,36.4,-0.505,27.1,-0.464,46.6,-0.291,16.9,-0.992
52cqyvn8cfh83i5zwm3181pbe,T. Noslin,SC Telstar,Midfielder,35,0.0570591174701943,0,76,1.4089,0.0023,0.0,3.0594,14,0.0352811293937214,0,31,1.1784,0.003,0.0,2.6093,21,0.0217779880764729,0,45,1.6203,0.0017,0.0,3.472,16,0.0178929693783165,0,29,1.1395,0.0013,0.0,2.0654,19,0.0391661480918778,0,47,1.2565,0.0026,0.0,3.1083,8,0.003347705170747,0,15,1.4814,0.0006,0.0,2.7776,95.4,2.057,96.4,2.399,40.5,-0.443,91.2,1.463,70.6,0.553,90.2,0.705,40.5,-0.316,50.5,-0.017,89.4,1.418,96.4,1.732,44.8,-0.348,83.2,0.952,55.2,0.116,91.2,0.549,44.8,-0.301,50.0,-0.053,96.4,2.475,94.8,1.934,44.6,-0.337,93.6,1.735,85.1,0.923,89.7,0.784,44.6,-0.265,64.4,0.254,93.0,1.68,92.3,0.769,45.9,-0.296,82.5,0.788,63.4,0.329,87.6,0.211,45.9,-0.239,45.9,-0.195,95.9,2.241,97.9,3.377,44.1,-0.344,94.8,2.001,86.6,0.795,94.8,1.463,44.1,-0.269,67.0,0.355,82.7,0.91,79.4,-0.035,44.3,-0.353,61.3,0.188,77.8,0.693,78.1,-0.073,44.3,-0.298,45.9,-0.128
536qjh4gcmpo5q68ti87e60kq,S. Mito,Sparta Rotterdam,Midfielder,10,0.0002846831236675,1,29,1.1646,0.0,0.1165,3.3773,5,0.0002846831236675,1,17,1.1646,0.0001,0.2329,3.9596,5,0.0,0,12,1.1646,0.0,0.0,2.795,4,0.0002846831236675,1,17,1.2422,0.0001,0.3106,5.2795,6,0.0,0,12,1.118,0.0,0.0,2.236,7,0.0,1,21,1.3043,0.0,0.1863,3.913,59.5,-0.109,45.4,-0.42,88.7,1.387,66.5,0.0,52.1,-0.237,22.7,-0.395,92.3,1.076,57.2,0.148,62.4,-0.097,59.3,-0.273,94.8,2.863,68.0,0.142,53.6,0.093,61.6,-0.229,96.9,2.901,68.0,0.534,60.8,-0.111,24.5,-0.395,44.6,-0.337,59.5,-0.138,56.7,0.023,30.9,-0.399,44.6,-0.265,52.6,-0.03,51.5,-0.265,61.3,-0.272,95.4,2.726,65.7,0.119,73.7,0.533,65.5,-0.244,99.0,5.043,90.2,1.293,69.3,0.062,24.5,-0.368,44.1,-0.344,59.5,-0.13,70.6,0.374,31.2,-0.375,44.1,-0.269,49.0,-0.074,69.8,0.569,23.2,-0.245,93.8,2.384,75.3,0.771,64.9,0.179,30.4,-0.267,93.8,1.68,66.0,0.406
56nbghr9snc79dt8h99wleej8,S. Steur,AFC Ajax,Midfielder,7,0.0015774177778702,0,8,1.2876,0.0003,0.0,1.4715,4,0.0,0,4,0.9197,0.0,0.0,0.9197,3,0.0015774177778702,0,4,2.7591,0.0015,0.0,3.6788,6,0.0015774177778702,0,8,1.3796,0.0004,0.0,1.8394,1,0.0,0,0,0.9197,0.0,0.0,0.0,7,0.0015774177778702,0,8,1.2876,0.0003,0.0,1.4715,46.6,-0.369,55.7,-0.356,40.5,-0.443,29.9,-0.654,60.3,0.161,60.3,-0.251,40.5,-0.316,21.6,-0.845,53.1,-0.265,22.7,-0.289,44.8,-0.348,37.9,-0.611,17.5,-0.329,28.6,-0.256,44.8,-0.301,29.9,-0.788,45.4,-0.434,76.3,-0.226,44.6,-0.337,35.3,-0.593,99.0,3.172,87.6,0.645,44.6,-0.265,67.0,0.34,67.0,0.059,73.7,-0.196,45.9,-0.296,49.7,-0.382,82.0,0.808,76.3,-0.13,45.9,-0.239,41.2,-0.299,18.6,-0.776,24.5,-0.368,44.1,-0.344,10.6,-0.861,14.4,-0.229,31.2,-0.375,44.1,-0.269,10.6,-1.174,69.8,0.569,73.7,-0.146,44.3,-0.353,37.4,-0.492,59.3,0.13,71.6,-0.17,44.3,-0.298,26.8,-0.743
570htztcvfsu947xw6fvtzmc5,Iván Márquez,Fortuna Sittard,Defender,28,0.003413815771322,0,77,1.2257,0.0001,0.0,3.3706,12,0.0009714730403903999,0,41,1.0028,0.0001,0.0,3.4263,16,0.0024423427309316,0,36,1.4708,0.0002,0.0,3.3093,14,0.0004222846039529,0,39,1.0725,0.0,0.0,2.9876,14,0.0029915311673691,0,38,0.99,0.0002,0.0,2.687,5,0.0,0,16,0.9192,0.0,0.0,2.9416,78.7,0.813,53.1,-0.315,42.3,-0.415,85.3,0.957,30.8,-0.599,42.3,-0.368,42.3,-0.336,58.7,0.055,68.9,0.459,60.1,-0.26,46.9,-0.273,85.3,0.945,24.5,-0.759,52.4,-0.262,46.9,-0.224,55.9,0.133,82.2,1.069,69.9,-0.239,45.8,-0.297,80.8,0.81,64.3,0.274,63.6,-0.286,45.8,-0.258,53.1,0.113,74.8,0.826,54.5,-0.266,45.5,-0.328,80.1,0.944,43.4,0.029,25.5,-0.26,45.5,-0.243,62.9,0.224,78.3,0.717,69.2,-0.216,46.2,-0.302,83.9,0.807,37.1,-0.574,65.4,-0.205,46.2,-0.239,55.2,0.009,23.8,-0.644,21.3,-0.405,46.5,-0.288,54.9,-0.079,4.2,-1.243,29.7,-0.371,46.5,-0.282,46.9,-0.231
57btqxe5sy3ygzxpp55p4umdx,W. Weghorst,AFC Ajax,Forward,3,0.0,0,3,0.9164,0.0,0.0,0.9164,1,0.0,0,0,0.9164,0.0,0.0,0.0,2,0.0,0,3,0.9164,0.0,0.0,1.3746,3,0.0,0,3,0.9164,0.0,0.0,0.9164,0,0.0,0,0,0.0,0.0,0.0,0.0,3,0.0,0,3,0.9164,0.0,0.0,0.9164,50.8,-0.348,22.0,-0.478,44.1,-0.374,27.1,-0.648,3.4,-0.571,24.6,-0.526,44.1,-0.34,22.0,-0.827,43.2,-0.445,33.9,-0.333,49.2,-0.186,23.7,-0.745,33.9,0.279,34.7,-0.393,49.2,-0.186,23.7,-0.733,55.1,-0.175,30.5,-0.376,45.8,-0.316,50.8,-0.405,23.7,0.117,34.7,-0.39,45.8,-0.258,45.8,-0.365,77.1,0.182,33.1,-0.344,47.5,-0.267,55.1,-0.332,28.8,0.405,34.7,-0.406,47.5,-0.225,47.5,-0.421,8.5,-1.003,33.1,-0.368,46.6,-0.302,15.3,-0.818,8.5,-2.074,33.9,-0.391,46.6,-0.282,15.3,-0.923,50.8,-0.198,25.4,-0.459,46.6,-0.302,29.7,-0.7,3.4,-0.548,27.1,-0.464,46.6,-0.291,25.4,-0.794
59ynmlwky3h6m9g2r7a8igi96,T. Parrott,Alkmaar Zaanstreek,Forward,5,0.0004409358594982164,0,11,0.9347,0.0001,0.0,2.0564,4,0.0004125114505712,0,7,0.9347,0.0001,0.0,1.6358,1,2.842440892701636e-05,0,4,0.9347,0.0,0.0,3.7389,3,0.0,0,0,0.9347,0.0,0.0,0.0,2,0.0004409358594982164,0,11,0.9347,0.0002,0.0,5.1409,5,0.0004409358594982164,0,11,0.9347,0.0001,0.0,2.0564,71.2,0.036,55.9,-0.427,44.1,-0.374,68.6,-0.067,55.1,-0.497,51.7,-0.456,44.1,-0.34,40.7,-0.307,81.4,0.578,72.9,-0.22,49.2,-0.186,67.8,0.211,72.9,0.311,70.3,-0.252,49.2,-0.186,61.0,-0.14,33.9,-0.519,61.0,-0.372,45.8,-0.316,52.5,-0.288,66.9,0.15,34.7,-0.39,45.8,-0.258,77.1,0.623,77.1,0.182,33.1,-0.344,47.5,-0.267,22.9,-0.626,75.4,0.444,34.7,-0.406,47.5,-0.225,22.9,-0.782,55.9,-0.169,72.9,-0.268,46.6,-0.302,89.0,0.81,77.1,0.23,73.7,-0.206,46.6,-0.282,94.9,1.475,74.6,0.699,61.0,-0.373,46.6,-0.302,73.7,0.304,58.5,-0.479,56.8,-0.392,46.6,-0.291,44.1,-0.295
5bjdj7hrhuxjbsa8wc1kw42c5,G. Trauner,Feyenoord Rotterdam,Defender,5,0.0,0,7,1.1646,0.0,0.0,1.6304,2,0.0,0,4,0.9317,0.0,0.0,1.8634,3,0.0,0,3,1.3975,0.0,0.0,1.3975,2,0.0,0,2,0.9317,0.0,0.0,0.9317,3,0.0,0,5,0.9317,0.0,0.0,1.5528,5,0.0,0,7,1.1646,0.0,0.0,1.6304,19.9,-0.958,12.2,-0.449,42.3,-0.415,15.7,-0.958,24.5,-0.801,18.9,-0.413,42.3,-0.336,17.5,-0.923,18.2,-0.999,16.8,-0.305,46.9,-0.273,23.1,-0.864,16.1,-0.914,22.7,-0.292,46.9,-0.224,30.8,-0.605,24.8,-0.805,19.2,-0.479,45.8,-0.297,18.9,-0.898,57.3,0.129,25.5,-0.411,45.8,-0.258,19.9,-0.836,19.6,-0.96,18.2,-0.285,45.5,-0.328,20.3,-0.96,26.6,-0.289,25.5,-0.26,45.5,-0.243,23.8,-0.759,25.5,-0.859,18.2,-0.496,46.2,-0.302,22.4,-0.793,20.6,-0.782,25.9,-0.281,46.2,-0.239,24.5,-0.612,23.8,-0.644,21.3,-0.405,46.5,-0.288,19.2,-0.854,38.5,-0.637,29.7,-0.371,46.5,-0.282,19.6,-0.819
5bm516z74pbsyfemsathj3umt,M. Engels,Heracles Almelo,Midfielder,2,0.0,0,9,0.9334,0.0,0.0,4.2005,1,0.0,0,1,0.9334,0.0,0.0,0.9334,1,0.0,0,8,0.9334,0.0,0.0,7.4676,1,0.0,0,8,0.9334,0.0,0.0,7.4676,1,0.0,0,1,0.9334,0.0,0.0,0.9334,2,0.0,0,9,0.9334,0.0,0.0,4.2005,18.8,-0.803,15.7,-0.434,40.5,-0.443,33.5,-0.622,23.2,-0.985,22.7,-0.395,40.5,-0.316,74.7,0.578,21.9,-0.77,22.7,-0.289,44.8,-0.348,27.8,-0.785,39.7,-0.305,28.6,-0.256,44.8,-0.301,32.5,-0.782,17.5,-0.757,24.5,-0.395,44.6,-0.337,48.7,-0.365,34.5,-0.433,30.9,-0.399,44.6,-0.265,96.4,1.93,24.2,-0.751,25.8,-0.289,45.9,-0.296,49.7,-0.382,42.3,-0.083,30.7,-0.282,45.9,-0.239,97.4,2.305,18.6,-0.776,24.5,-0.368,44.1,-0.344,24.7,-0.8,43.8,-0.188,31.2,-0.375,44.1,-0.269,30.4,-0.715,18.8,-1.135,23.2,-0.245,44.3,-0.353,42.5,-0.394,26.3,-0.899,30.4,-0.267,44.3,-0.298,71.1,0.541
5ghvrbmlh0tqos9iohj8f7zzd,K. Sierhuis,Fortuna Sittard,Forward,5,0.0036187512579338,1,16,1.1554,0.0008,0.2311,3.6974,2,0.0,1,7,0.9243,0.0,0.4622,3.2352,3,0.0036187512579338,0,9,1.3865,0.0017,0.0,4.1595,2,0.0036187512579338,0,9,1.8487,0.0033,0.0,8.3191,3,0.0,1,7,0.9243,0.0,0.3081,2.1568,5,0.0036187512579338,1,16,1.1554,0.0008,0.2311,3.6974,71.2,0.036,74.6,-0.057,93.2,2.08,78.0,0.297,76.3,0.393,78.0,0.034,93.2,1.848,74.6,0.442,62.7,-0.104,33.9,-0.333,99.2,5.293,67.8,0.211,54.2,0.293,34.7,-0.393,100.0,5.294,72.9,0.439,71.2,0.169,83.1,0.094,45.8,-0.316,72.9,0.298,93.2,0.971,86.4,0.306,45.8,-0.258,83.1,0.799,60.2,-0.125,88.1,0.155,47.5,-0.267,78.0,0.256,100.0,2.385,93.2,1.536,47.5,-0.225,98.3,2.495,77.1,0.247,33.1,-0.368,96.6,3.258,63.6,0.218,41.5,0.205,33.9,-0.391,96.6,2.777,64.4,0.083,74.6,0.699,83.1,0.247,96.6,3.258,83.1,0.932,79.7,0.343,83.9,0.111,93.2,1.947,69.5,0.422
5i0e7e59vav8ynqzt7qrvitt6,J. Hornkamp,Heracles Almelo,Forward,4,0.0,0,5,1.8688,0.0,0.0,2.336,0,0.0,0,0,0.0,0.0,0.0,0.0,4,0.0,0,5,1.8688,0.0,0.0,2.336,2,0.0,0,3,0.9344,0.0,0.0,1.4016,2,0.0,0,2,0.9344,0.0,0.0,0.9344,4,0.0,0,5,1.8688,0.0,0.0,2.336,61.9,-0.156,22.0,-0.478,44.1,-0.374,37.3,-0.503,98.3,3.269,24.6,-0.526,44.1,-0.34,49.2,-0.18,16.1,-0.786,33.9,-0.333,49.2,-0.186,23.7,-0.745,16.1,-1.346,34.7,-0.393,49.2,-0.186,23.7,-0.733,83.9,0.513,30.5,-0.376,45.8,-0.316,55.9,-0.171,98.3,1.846,34.7,-0.39,45.8,-0.258,59.3,0.037,60.2,-0.125,33.1,-0.344,47.5,-0.267,55.1,-0.332,72.9,0.444,34.7,-0.406,47.5,-0.225,59.3,-0.23,55.9,-0.169,33.1,-0.368,46.6,-0.302,46.6,-0.522,74.6,0.229,33.9,-0.391,46.6,-0.282,47.5,-0.488,61.9,0.251,25.4,-0.459,46.6,-0.302,41.5,-0.449,98.3,3.001,27.1,-0.464,46.6,-0.291,50.8,-0.173
5lad0u653zzdmexdpvtkcaqui,S. Ltaief,Sparta Rotterdam,Forward,2,0.0,1,10,0.9268,0.0,0.4634,4.6339,0,0.0,0,0,0.0,0.0,0.0,0.0,2,0.0,1,10,0.9268,0.0,0.4634,4.6339,0,0.0,0,0,0.0,0.0,0.0,0.0,2,0.0,1,10,0.9268,0.0,0.4634,4.6339,2,0.0,1,10,0.9268,0.0,0.4634,4.6339,35.6,-0.54,22.0,-0.478,93.2,2.08,63.6,-0.139,32.2,-0.529,24.6,-0.526,100.0,4.046,86.4,0.869,16.1,-0.786,33.9,-0.333,49.2,-0.186,23.7,-0.745,16.1,-1.346,34.7,-0.393,49.2,-0.186,23.7,-0.733,55.1,-0.175,30.5,-0.376,94.9,2.348,78.0,0.415,45.8,0.136,34.7,-0.39,98.3,3.005,88.1,0.997,14.4,-0.737,33.1,-0.344,47.5,-0.267,22.9,-0.626,14.4,-1.541,34.7,-0.406,47.5,-0.225,22.9,-0.782,55.9,-0.169,33.1,-0.368,96.6,3.258,83.1,0.662,54.2,0.211,33.9,-0.391,100.0,4.318,89.8,1.238,35.6,-0.646,25.4,-0.459,96.6,3.258,66.9,0.179,33.9,-0.509,27.1,-0.464,100.0,4.197,84.7,0.832
5lvdnoyknuoyr6kdruposgctl,J. Schouten,PSV Eindhoven,Defender,50,0.07466656901650527,1,191,1.9452,0.0029,0.0389,7.4305,19,0.01911360712536525,0,78,1.6127,0.0016,0.0,6.6206,31,0.05555296189114002,1,113,2.2265,0.004,0.0718,8.1158,23,0.02376563098400755,0,71,1.3422,0.0014,0.0,4.1432,27,0.05090093803249772,1,120,1.4829,0.0028,0.0549,6.5907,13,0.0247148832638087,0,46,2.4276,0.0046,0.0,8.5898,98.6,2.507,99.3,2.466,91.3,1.867,100.0,4.077,97.2,1.788,94.4,0.899,86.0,0.59,98.6,2.339,92.0,1.479,90.2,0.575,46.9,-0.273,97.9,2.753,74.8,0.575,86.0,0.175,46.9,-0.224,94.4,1.64,100.0,3.231,100.0,4.98,94.8,2.354,100.0,4.794,97.9,1.766,97.6,2.095,93.0,0.978,99.3,2.502,97.2,2.166,94.4,0.811,45.5,-0.328,98.6,2.591,76.2,0.638,87.4,0.16,45.5,-0.243,87.4,0.777,98.3,2.58,99.3,4.264,96.2,3.292,100.0,4.782,89.5,1.185,96.9,0.779,93.7,1.05,97.2,2.147,98.6,2.19,94.4,1.912,46.5,-0.288,97.9,2.506,98.6,2.482,94.8,1.503,46.5,-0.282,97.2,2.298
5m8pflpgynidzk7d9507oujje,D. Rots,FC Twente,Midfielder,11,0.0,0,10,1.0229,0.0,0.0,0.9299,5,0.0,0,3,0.9299,0.0,0.0,0.5579,6,0.0,0,7,1.1158,0.0,0.0,1.3018,10,0.0,0,9,0.9299,0.0,0.0,0.8369,1,0.0,0,1,0.9299,0.0,0.0,0.9299,6,0.0,0,4,1.1158,0.0,0.0,0.7439,64.7,-0.023,15.7,-0.434,40.5,-0.443,38.1,-0.591,35.1,-0.696,22.7,-0.395,40.5,-0.316,14.4,-1.128,62.4,-0.097,22.7,-0.289,44.8,-0.348,35.3,-0.669,31.4,-0.311,28.6,-0.256,44.8,-0.301,28.4,-0.945,68.0,0.051,24.5,-0.395,44.6,-0.337,44.3,-0.422,51.5,-0.073,30.9,-0.399,44.6,-0.265,29.4,-0.657,81.2,0.707,25.8,-0.289,45.9,-0.296,52.6,-0.326,33.5,-0.09,30.7,-0.282,45.9,-0.239,29.9,-0.763,18.6,-0.776,24.5,-0.368,44.1,-0.344,24.7,-0.8,33.0,-0.198,31.2,-0.375,44.1,-0.269,28.4,-0.717,55.7,0.228,23.2,-0.245,44.3,-0.353,22.9,-0.88,43.8,-0.369,30.4,-0.267,44.3,-0.298,15.5,-1.086
5mqog8k9eyi248jvrrp9fo8wk,N. Fichtinger,PEC Zwolle,Midfielder,18,0.000211652186560248,1,39,1.2947,0.0,0.0719,2.8052,12,0.000211652186560248,1,25,1.603,0.0,0.1336,3.3395,6,0.0,0,14,0.9351,0.0,0.0,2.1818,3,0.0,0,3,0.9351,0.0,0.0,0.9351,15,0.000211652186560248,1,36,1.1688,0.0,0.0779,2.8052,5,0.0,0,9,0.9351,0.0,0.0,1.6831,80.2,0.584,41.8,-0.424,88.7,1.387,74.7,0.311,61.3,0.184,22.7,-0.395,86.6,0.543,44.8,-0.15,85.3,1.081,56.7,-0.277,94.8,2.863,78.1,0.605,82.5,0.848,28.6,-0.256,93.3,1.536,58.2,0.265,68.0,0.051,24.5,-0.395,44.6,-0.337,65.2,-0.025,38.7,-0.43,30.9,-0.399,44.6,-0.265,44.3,-0.287,42.8,-0.427,25.8,-0.289,45.9,-0.296,34.8,-0.661,45.9,-0.079,30.7,-0.282,45.9,-0.239,34.0,-0.718,92.3,1.57,60.8,-0.348,93.3,2.04,88.9,1.332,77.6,0.528,31.2,-0.375,90.7,0.568,61.9,0.206,43.0,-0.112,23.2,-0.245,44.3,-0.353,42.5,-0.394,29.4,-0.894,30.4,-0.267,44.3,-0.298,30.9,-0.644
5nhideyjwp2347ryi1n9wfq50,D. Sanches Fernandes,SBV Excelsior,Midfielder,11,0.0009229658710319,1,37,1.1383,0.0001,0.1035,3.8288,6,0.0009229658710319,1,34,1.397,0.0002,0.2328,7.9163,5,0.0,0,3,0.9313,0.0,0.0,0.5588,3,0.0,0,7,0.9313,0.0,0.0,2.1731,8,0.0009229658710319,1,30,1.0644,0.0001,0.133,3.9914,6,0.0,0,13,1.1176,0.0,0.0,2.4214,64.7,-0.023,52.1,-0.388,88.7,1.387,73.2,0.249,46.9,-0.322,48.5,-0.347,91.2,0.921,66.5,0.384,67.8,0.071,66.5,-0.237,94.8,2.863,86.1,1.126,69.6,0.493,68.0,-0.202,96.4,2.9,97.9,2.255,60.8,-0.111,24.5,-0.395,44.6,-0.337,30.4,-0.649,29.9,-0.437,30.9,-0.399,44.6,-0.265,21.6,-0.968,42.8,-0.427,25.8,-0.289,45.9,-0.296,47.4,-0.438,37.1,-0.087,30.7,-0.282,45.9,-0.239,46.4,-0.145,76.0,0.397,67.0,-0.28,93.3,2.04,82.5,0.966,68.0,0.211,64.9,-0.305,93.3,1.16,83.0,0.79,55.7,0.228,23.2,-0.245,44.3,-0.353,57.7,-0.006,46.4,-0.364,30.4,-0.267,44.3,-0.298,43.3,-0.296
5oghztk07za2yuqq4jnav22y2,M. Rivera,SC Heerenveen,Midfielder,11,0.0004225191645667,0,5,1.1325,0.0,0.0,0.5148,3,0.0,0,0,0.9266,0.0,0.0,0.0,8,0.0004225191645667,0,5,1.2354,0.0001,0.0,0.7721,8,0.0004225191645667,0,5,1.0589,0.0001,0.0,0.6618,3,0.0,0,0,0.9266,0.0,0.0,0.0,6,0.0,0,1,1.1119,0.0,0.0,0.1853,64.7,-0.023,46.9,-0.413,40.5,-0.443,23.2,-0.747,45.9,-0.341,22.7,-0.395,40.5,-0.316,12.4,-1.344,44.3,-0.434,22.7,-0.289,44.8,-0.348,12.6,-0.843,25.0,-0.317,28.6,-0.256,44.8,-0.301,12.6,-1.188,77.3,0.374,68.0,-0.35,44.6,-0.337,38.4,-0.536,61.9,0.163,66.8,-0.33,44.6,-0.265,22.7,-0.879,77.6,0.383,63.9,-0.264,45.9,-0.296,41.5,-0.549,54.6,0.168,65.5,-0.244,45.9,-0.239,28.4,-0.845,44.1,-0.441,24.5,-0.368,44.1,-0.344,10.6,-0.861,24.7,-0.208,31.2,-0.375,44.1,-0.269,10.6,-1.174,55.7,0.228,23.2,-0.245,44.3,-0.353,12.4,-1.171,41.8,-0.38,30.4,-0.267,44.3,-0.298,10.3,-1.349
5oqqifi0wo6xbjz0xjgwf89re,C. Terho,Sparta Rotterdam,Midfielder,1,0.0,0,1,0.9397,0.0,0.0,0.9397,0,0.0,0,0,0.0,0.0,0.0,0.0,1,0.0,0,1,0.9397,0.0,0.0,0.9397,0,0.0,0,0,0.0,0.0,0.0,0.0,1,0.0,0,1,0.9397,0.0,0.0,0.9397,1,0.0,0,1,0.9397,0.0,0.0,0.9397,6.7,-0.889,15.7,-0.434,40.5,-0.443,11.3,-0.871,30.4,-0.965,22.7,-0.395,40.5,-0.316,16.0,-1.122,7.0,-0.939,22.7,-0.289,44.8,-0.348,12.6,-0.843,7.0,-1.913,28.6,-0.256,44.8,-0.301,12.6,-1.188,17.5,-0.757,24.5,-0.395,44.6,-0.337,21.4,-0.763,45.4,-0.421,30.9,-0.399,44.6,-0.265,28.9,-0.808,8.2,-0.913,25.8,-0.289,45.9,-0.296,12.6,-0.828,8.2,-1.945,30.7,-0.282,45.9,-0.239,12.6,-1.151,18.6,-0.776,24.5,-0.368,44.1,-0.344,24.7,-0.8,58.2,-0.168,31.2,-0.375,44.1,-0.269,32.0,-0.712,6.7,-1.476,23.2,-0.245,44.3,-0.353,12.4,-1.171,34.5,-0.881,30.4,-0.267,44.3,-0.298,18.6,-0.994
5pg02unrm16jaa8vt5ego9z6y,S. Janssen,SBV Excelsior,Defender,5,0.0,0,2,1.1626,0.0,0.0,0.465,3,0.0,0,1,0.93,0.0,0.0,0.31,2,0.0,0,1,1.8601,0.0,0.0,0.93,2,0.0,0,1,1.8601,0.0,0.0,0.93,3,0.0,0,1,0.93,0.0,0.0,0.31,5,0.0,0,2,1.1626,0.0,0.0,0.465,19.9,-0.958,12.2,-0.449,42.3,-0.415,7.3,-1.095,23.1,-0.808,18.9,-0.413,42.3,-0.336,5.2,-1.579,24.1,-0.853,16.8,-0.305,46.9,-0.273,14.3,-1.01,12.9,-0.918,22.7,-0.292,46.9,-0.224,14.0,-1.337,15.7,-0.95,19.2,-0.479,45.8,-0.297,13.6,-1.001,87.4,1.043,25.5,-0.411,45.8,-0.258,16.8,-1.069,19.6,-0.96,18.2,-0.285,45.5,-0.328,17.8,-1.012,96.5,1.808,25.5,-0.26,45.5,-0.243,22.7,-0.76,25.5,-0.859,18.2,-0.496,46.2,-0.302,10.8,-0.987,16.1,-0.788,25.9,-0.281,46.2,-0.239,9.8,-1.292,23.8,-0.644,21.3,-0.405,46.5,-0.288,7.3,-1.285,37.1,-0.642,29.7,-0.371,46.5,-0.282,5.2,-1.34
5q8rvam8iv65g4wjb8rarw15,B. Willumsson,FC Groningen,Forward,2,0.0,0,8,0.9347,0.0,0.0,3.7389,0,0.0,0,0,0.0,0.0,0.0,0.0,2,0.0,0,8,0.9347,0.0,0.0,3.7389,1,0.0,0,8,0.9347,0.0,0.0,7.4777,1,0.0,0,0,0.9347,0.0,0.0,0.0,2,0.0,0,8,0.9347,0.0,0.0,3.7389,35.6,-0.54,22.0,-0.478,44.1,-0.374,50.8,-0.285,55.1,-0.497,24.6,-0.526,44.1,-0.34,81.4,0.461,16.1,-0.786,33.9,-0.333,49.2,-0.186,23.7,-0.745,16.1,-1.346,34.7,-0.393,49.2,-0.186,23.7,-0.733,55.1,-0.175,30.5,-0.376,45.8,-0.316,66.9,0.181,66.9,0.15,34.7,-0.39,45.8,-0.258,77.1,0.623,39.0,-0.431,33.1,-0.344,47.5,-0.267,72.9,0.158,75.4,0.444,34.7,-0.406,47.5,-0.225,96.6,2.164,28.8,-0.586,33.1,-0.368,46.6,-0.302,15.3,-0.818,77.1,0.23,33.9,-0.391,46.6,-0.282,15.3,-0.923,35.6,-0.646,25.4,-0.459,46.6,-0.302,55.9,-0.072,58.5,-0.479,27.1,-0.464,46.6,-0.291,78.0,0.441
5qvkwsnygz3zekwsdd1r994wk,G. Diarra,Feyenoord Rotterdam,Midfielder,1,0.0,0,6,0.9168,0.0,0.0,5.5008,0,0.0,0,0,0.0,0.0,0.0,0.0,1,0.0,0,6,0.9168,0.0,0.0,5.5008,0,0.0,0,0,0.0,0.0,0.0,0.0,1,0.0,0,6,0.9168,0.0,0.0,5.5008,1,0.0,0,6,0.9168,0.0,0.0,5.5008,6.7,-0.889,15.7,-0.434,40.5,-0.443,25.8,-0.716,4.4,-1.039,22.7,-0.395,40.5,-0.316,92.3,1.256,7.0,-0.939,22.7,-0.289,44.8,-0.348,12.6,-0.843,7.0,-1.913,28.6,-0.256,44.8,-0.301,12.6,-1.188,17.5,-0.757,24.5,-0.395,44.6,-0.337,41.2,-0.479,11.6,-0.466,30.9,-0.399,44.6,-0.265,86.6,1.105,8.2,-0.913,25.8,-0.289,45.9,-0.296,12.6,-0.828,8.2,-1.945,30.7,-0.282,45.9,-0.239,12.6,-1.151,18.6,-0.776,24.5,-0.368,44.1,-0.344,42.5,-0.495,11.1,-0.238,31.2,-0.375,44.1,-0.269,92.8,1.532,6.7,-1.476,23.2,-0.245,44.3,-0.353,29.6,-0.686,4.4,-0.947,30.4,-0.267,44.3,-0.298,89.2,1.154
5r47vtvu418kae5j2rpv6w2dw,M. Rots,FC Twente,Defender,39,0.03717574217181775,0,70,1.6493,0.0016,0.0,2.9603,16,0.0312032756385542,0,50,1.654,0.0032,0.0,5.1687,23,0.00597246653326355,0,20,1.646,0.0004,0.0,1.4313,24,0.03536787635098515,0,49,1.3956,0.0021,0.0,2.8493,15,0.0018078658208326,0,21,1.163,0.0001,0.0,1.6282,11,0.01813945837745545,0,21,2.0468,0.0034,0.0,3.9076,94.4,1.66,93.7,1.002,42.3,-0.415,79.4,0.766,76.9,0.806,86.4,0.311,42.3,-0.336,43.4,-0.175,83.9,1.041,97.2,1.132,46.9,-0.273,89.5,1.385,76.9,0.665,93.4,0.642,46.9,-0.224,83.9,0.955,97.2,2.078,79.7,0.108,45.8,-0.297,59.4,-0.018,73.4,0.62,69.9,-0.16,45.8,-0.258,21.7,-0.82,98.6,2.315,97.2,1.346,45.5,-0.328,88.8,1.459,86.7,0.759,93.4,0.37,45.5,-0.243,58.7,0.158,82.5,0.861,65.0,-0.327,46.2,-0.302,61.9,-0.018,57.0,0.044,57.3,-0.243,46.2,-0.239,26.6,-0.57,91.6,1.482,90.9,1.295,46.5,-0.288,68.5,0.352,92.3,1.542,90.9,1.014,46.5,-0.282,64.3,0.201
5shfqpd5fj05qrp1jlzd08ftg,C. Twigt,Go Ahead Eagles,Midfielder,8,0.0060013573054144,0,27,1.8557,0.0014,0.0,6.2629,5,0.0003684284146472,0,14,1.5464,0.0001,0.0,4.3299,3,0.0056329288907672,0,13,2.7835,0.0052,0.0,12.0619,3,0.0,0,3,0.9278,0.0,0.0,0.9278,5,0.0060013573054144,0,24,1.1598,0.0014,0.0,5.567,8,0.0060013573054144,0,27,1.8557,0.0014,0.0,6.2629,50.8,-0.283,70.6,-0.136,40.5,-0.443,62.9,-0.062,95.1,1.999,82.0,0.275,40.5,-0.316,95.4,1.653,62.4,-0.097,60.3,-0.268,44.8,-0.348,62.6,-0.032,78.9,0.75,61.6,-0.229,44.8,-0.301,71.1,0.696,45.4,-0.434,83.0,0.207,44.6,-0.337,62.6,-0.082,99.5,3.22,97.9,3.221,44.6,-0.265,100.0,3.857,42.8,-0.427,25.8,-0.289,45.9,-0.296,34.8,-0.661,29.9,-0.094,30.7,-0.282,45.9,-0.239,32.2,-0.721,62.4,-0.105,84.5,0.205,44.1,-0.344,77.3,0.601,74.7,0.501,90.5,0.615,44.1,-0.269,93.3,1.565,82.7,0.91,86.1,0.132,44.3,-0.353,90.5,1.354,93.6,1.781,88.1,0.186,44.3,-0.298,92.3,1.513
5wwqe546ohp130rvi8x8pt0tm,A. Zagré,SBV Excelsior,Defender,31,0.001658617746159521,0,61,1.3734,0.0001,0.0,2.7026,19,0.001658617746159521,0,45,1.4731,0.0001,0.0,3.489,12,0.0,0,16,1.2405,0.0,0.0,1.654,16,6.005532136212077e-05,0,33,1.0633,0.0,0.0,2.1931,15,0.0015985624247974,0,28,1.163,0.0001,0.0,2.1709,7,0.0,0,25,1.3025,0.0,0.0,4.652,83.9,1.044,44.8,-0.384,42.3,-0.415,70.6,0.519,49.7,-0.109,42.3,-0.368,42.3,-0.336,35.7,-0.32,92.0,1.479,62.9,-0.228,46.9,-0.273,87.8,1.14,60.1,0.27,52.4,-0.262,46.9,-0.224,56.6,0.163,69.6,0.492,19.2,-0.479,45.8,-0.297,52.8,-0.225,40.6,-0.181,25.5,-0.411,45.8,-0.258,24.5,-0.709,85.3,1.124,42.7,-0.283,45.5,-0.328,76.6,0.635,42.0,0.008,25.5,-0.26,45.5,-0.243,44.8,-0.156,82.5,0.861,62.9,-0.347,46.2,-0.302,71.3,0.322,57.0,0.044,57.3,-0.243,46.2,-0.239,41.3,-0.273,54.9,0.064,21.3,-0.405,46.5,-0.288,80.1,0.696,46.5,-0.296,29.7,-0.371,46.5,-0.282,76.2,0.534
5ylwgfqvaobru2lxqvlhpxul0,E. Dijkstra,Alkmaar Zaanstreek,Defender,21,0.01403169891707572,0,69,1.7787,0.0012,0.0,5.8442,9,0.0005285264553279,0,40,1.3975,0.0001,0.0,6.2112,12,0.01350317246174782,0,29,2.236,0.0025,0.0,5.4037,12,0.0005771560600353175,0,50,1.8634,0.0001,0.0,7.764,9,0.0134545428570404,0,19,1.0481,0.0016,0.0,2.2127,14,0.01387296394823642,0,64,2.6087,0.0026,0.0,11.9255,61.2,0.274,76.2,0.099,42.3,-0.415,78.0,0.738,87.4,1.236,79.0,0.13,42.3,-0.336,94.4,1.447,58.0,0.021,55.9,-0.28,46.9,-0.273,83.6,0.896,50.3,0.104,52.4,-0.262,46.9,-0.224,91.6,1.447,69.6,0.492,87.4,0.848,45.8,-0.297,72.7,0.448,98.6,1.785,92.3,1.155,45.8,-0.258,88.8,1.154,67.5,0.529,57.3,-0.259,45.5,-0.328,90.6,1.51,98.3,1.815,57.0,-0.23,45.5,-0.243,99.3,2.508,56.6,0.001,86.7,0.762,46.2,-0.302,57.0,-0.115,37.8,-0.366,88.1,0.325,46.2,-0.239,42.0,-0.25,99.7,2.544,88.8,0.895,46.5,-0.288,100.0,4.057,99.3,2.929,88.8,0.688,46.5,-0.282,100.0,3.791
60jptu288hf6gcljkbzcdie39,K. Peterson,Fortuna Sittard,Midfielder,6,0.0002133821574214,0,17,0.9214,0.0,0.0,2.6107,5,0.0002133821574214,0,16,0.9214,0.0,0.0,2.9485,1,0.0,0,1,0.9214,0.0,0.0,0.9214,5,0.0002133821574214,0,17,0.9214,0.0,0.0,3.1328,1,0.0,0,0,0.9214,0.0,0.0,0.0,5,0.0002133821574214,0,16,0.9214,0.0,0.0,2.9485,43.6,-0.456,42.3,-0.423,40.5,-0.443,50.0,-0.373,6.7,-1.024,22.7,-0.395,40.5,-0.316,39.2,-0.251,62.4,-0.097,57.2,-0.277,44.8,-0.348,65.5,0.084,18.8,-0.326,28.6,-0.256,44.8,-0.301,53.1,0.095,17.5,-0.757,24.5,-0.395,44.6,-0.337,21.4,-0.763,15.2,-0.457,30.9,-0.399,44.6,-0.265,23.2,-0.816,58.8,-0.103,58.2,-0.277,45.9,-0.296,65.7,0.119,21.4,-0.107,30.7,-0.282,45.9,-0.239,62.9,0.299,18.6,-0.776,24.5,-0.368,44.1,-0.344,10.6,-0.861,16.5,-0.224,31.2,-0.375,44.1,-0.269,10.6,-1.174,43.0,-0.112,60.8,-0.232,44.3,-0.353,63.1,0.285,7.5,-0.934,30.4,-0.267,44.3,-0.298,50.5,-0.048
619vlbweueymdkq1vu3jm2mwa,I. Sadiq,Alkmaar Zaanstreek,Midfielder,3,0.0,0,0,0.9336,0.0,0.0,0.0,1,0.0,0,0,0.9336,0.0,0.0,0.0,2,0.0,0,0,0.9336,0.0,0.0,0.0,1,0.0,0,0,0.9336,0.0,0.0,0.0,2,0.0,0,0,0.9336,0.0,0.0,0.0,3,0.0,0,0,0.9336,0.0,0.0,0.0,28.4,-0.716,15.7,-0.434,40.5,-0.443,4.9,-0.903,23.7,-0.985,22.7,-0.395,40.5,-0.316,4.9,-1.612,21.9,-0.77,22.7,-0.289,44.8,-0.348,12.6,-0.843,40.5,-0.305,28.6,-0.256,44.8,-0.301,12.6,-1.188,33.5,-0.596,24.5,-0.395,44.6,-0.337,9.5,-0.82,35.1,-0.433,30.9,-0.399,44.6,-0.265,9.5,-1.203,24.2,-0.751,25.8,-0.289,45.9,-0.296,12.6,-0.828,42.8,-0.082,30.7,-0.282,45.9,-0.239,12.6,-1.151,35.8,-0.608,24.5,-0.368,44.1,-0.344,10.6,-0.861,44.6,-0.187,31.2,-0.375,44.1,-0.269,10.6,-1.174,28.4,-0.794,23.2,-0.245,44.3,-0.353,5.2,-1.269,26.8,-0.898,30.4,-0.267,44.3,-0.298,5.2,-1.436
61a5bh5xw947nv4mxx62gqaqx,J. Kramer,Go Ahead Eagles,Defender,36,0.04903578532176819,1,83,1.5313,0.0021,0.0425,3.5304,14,0.009594056394800897,0,32,1.3101,0.0009,0.0,2.9945,22,0.0394417289269673,1,51,1.7156,0.0031,0.078,3.9771,18,0.03995171848830218,1,50,1.2031,0.0027,0.0668,3.3421,18,0.009084066833466015,0,33,1.2957,0.0007,0.0,2.3754,8,0.0094791813474226,1,16,1.4972,0.0018,0.1872,2.9945,90.6,1.429,95.1,1.465,91.3,1.867,87.8,1.121,67.1,0.415,90.9,0.537,86.7,0.676,63.6,0.145,75.2,0.75,85.3,0.137,46.9,-0.273,73.4,0.505,42.0,-0.087,82.9,-0.029,46.9,-0.224,48.3,-0.071,96.2,1.934,97.9,3.397,94.8,2.354,93.0,1.586,79.7,0.757,94.4,1.531,93.7,1.085,69.9,0.445,92.0,1.422,97.9,1.558,95.5,3.025,90.6,1.51,59.4,0.324,95.1,0.549,93.0,1.16,67.8,0.394,88.5,1.291,83.2,0.353,46.2,-0.302,78.3,0.564,72.7,0.517,79.0,-0.016,46.2,-0.239,46.2,-0.161,68.9,0.419,86.7,0.483,96.5,3.452,54.9,-0.079,67.8,0.184,86.7,0.363,97.9,3.128,49.7,-0.208
64kb0lmkr24rmh59hb01m268k,R. van Cruijsen,FC Volendam,Midfielder,11,0.002092874812242992,0,31,1.1448,0.0002,0.0,3.2264,5,0.001477650127104492,0,19,0.9367,0.0003,0.0,3.5594,6,0.0006152246851385,0,12,1.405,0.0001,0.0,2.8101,7,0.000615500323946792,0,22,1.0928,0.0001,0.0,3.4345,4,0.0014773744882962,0,9,0.9367,0.0003,0.0,2.1075,6,0.002092874812242992,0,25,1.124,0.0004,0.0,4.6834,64.7,-0.023,57.2,-0.33,40.5,-0.443,68.3,0.062,47.4,-0.301,54.6,-0.299,40.5,-0.316,54.6,0.07,62.4,-0.097,69.6,-0.205,44.8,-0.348,70.6,0.257,45.9,-0.3,72.4,-0.176,44.8,-0.301,61.3,0.36,68.0,0.051,70.6,-0.329,44.6,-0.337,59.5,-0.138,76.8,0.498,66.8,-0.33,44.6,-0.265,54.6,-0.024,73.7,0.221,67.5,-0.253,45.9,-0.296,76.0,0.398,57.2,0.235,65.5,-0.244,45.9,-0.239,68.0,0.439,52.6,-0.273,70.1,-0.227,44.1,-0.344,52.1,-0.313,52.8,-0.178,74.5,-0.163,44.1,-0.269,45.9,-0.137,55.7,0.228,75.3,-0.114,44.3,-0.353,85.8,1.159,49.5,-0.345,75.0,-0.137,44.3,-0.298,80.9,0.769
64oi87vu8r3cxx2fvtr442gwk,J. Candelaria,NAC Breda,Midfielder,2,0.0,0,1,0.9231,0.0,0.0,0.4615,2,0.0,0,1,0.9231,0.0,0.0,0.4615,0,0.0,0,0,0.0,0.0,0.0,0.0,1,0.0,0,1,0.9231,0.0,0.0,0.9231,1,0.0,0,0,0.9231,0.0,0.0,0.0,2,0.0,0,1,0.9231,0.0,0.0,0.4615,18.8,-0.803,15.7,-0.434,40.5,-0.443,11.3,-0.871,9.0,-1.019,22.7,-0.395,40.5,-0.316,10.8,-1.372,35.3,-0.602,22.7,-0.289,44.8,-0.348,27.8,-0.785,21.4,-0.323,28.6,-0.256,44.8,-0.301,25.8,-0.987,4.1,-0.919,24.5,-0.395,44.6,-0.337,9.5,-0.82,4.1,-2.276,30.9,-0.399,44.6,-0.265,9.5,-1.203,24.2,-0.751,25.8,-0.289,45.9,-0.296,26.3,-0.772,24.0,-0.103,30.7,-0.282,45.9,-0.239,30.9,-0.724,18.6,-0.776,24.5,-0.368,44.1,-0.344,10.6,-0.861,19.1,-0.219,31.2,-0.375,44.1,-0.269,10.6,-1.174,18.8,-1.135,23.2,-0.245,44.3,-0.353,12.4,-1.171,10.1,-0.929,30.4,-0.267,44.3,-0.298,12.9,-1.219
64x38pccgfsuz4ywoveh2ksbu,L. Greiml,NAC Breda,Defender,11,0.0,0,12,1.2455,0.0,0.0,1.3587,5,0.0,0,9,1.1323,0.0,0.0,2.0381,6,0.0,0,3,1.3587,0.0,0.0,0.6794,8,0.0,0,4,1.2078,0.0,0.0,0.6039,3,0.0,0,8,0.9058,0.0,0.0,2.4155,8,0.0,0,9,1.4493,0.0,0.0,1.6305,43.0,-0.496,12.2,-0.449,42.3,-0.415,26.2,-0.822,35.0,-0.533,18.9,-0.413,42.3,-0.336,16.1,-1.076,37.4,-0.561,16.8,-0.305,46.9,-0.273,37.1,-0.619,30.8,-0.476,22.7,-0.292,46.9,-0.224,35.0,-0.522,49.7,-0.373,19.2,-0.479,45.8,-0.297,18.9,-0.898,51.0,0.053,25.5,-0.411,45.8,-0.258,15.4,-1.193,54.5,-0.067,18.2,-0.285,45.5,-0.328,25.5,-0.857,60.1,0.335,25.5,-0.26,45.5,-0.243,18.9,-0.916,25.5,-0.859,18.2,-0.496,46.2,-0.302,30.8,-0.648,3.5,-0.874,25.9,-0.281,46.2,-0.239,48.3,-0.139,68.9,0.419,21.3,-0.405,46.5,-0.288,26.2,-0.682,54.5,0.066,29.7,-0.371,46.5,-0.282,20.3,-0.819
66kplyn4wfzukepup1ws0f1ed,A. Halilović,Fortuna Sittard,Midfielder,1,0.0,0,0,0.9434,0.0,0.0,0.0,0,0.0,0,0,0.0,0.0,0.0,0.0,1,0.0,0,0,0.9434,0.0,0.0,0.0,0,0.0,0,0,0.0,0.0,0.0,0.0,1,0.0,0,0,0.9434,0.0,0.0,0.0,1,0.0,0,0,0.9434,0.0,0.0,0.0,6.7,-0.889,15.7,-0.434,40.5,-0.443,4.9,-0.903,31.4,-0.953,22.7,-0.395,40.5,-0.316,4.9,-1.612,7.0,-0.939,22.7,-0.289,44.8,-0.348,12.6,-0.843,7.0,-1.913,28.6,-0.256,44.8,-0.301,12.6,-1.188,17.5,-0.757,24.5,-0.395,44.6,-0.337,9.5,-0.82,46.4,-0.413,30.9,-0.399,44.6,-0.265,9.5,-1.203,8.2,-0.913,25.8,-0.289,45.9,-0.296,12.6,-0.828,8.2,-1.945,30.7,-0.282,45.9,-0.239,12.6,-1.151,18.6,-0.776,24.5,-0.368,44.1,-0.344,10.6,-0.861,59.3,-0.157,31.2,-0.375,44.1,-0.269,10.6,-1.174,6.7,-1.476,23.2,-0.245,44.3,-0.353,5.2,-1.269,35.6,-0.87,30.4,-0.267,44.3,-0.298,5.2,-1.436
679ax4aocvzlvj4i7a1bb8rv8,T. Mercera,FC Groningen,Defender,5,0.0,0,14,1.156,0.0,0.0,3.2368,1,0.0,0,2,0.9248,0.0,0.0,1.8496,4,0.0,0,12,1.2331,0.0,0.0,3.6992,3,0.0,0,8,1.3872,0.0,0.0,3.6992,2,0.0,0,6,0.9248,0.0,0.0,2.7744,5,0.0,0,14,1.156,0.0,0.0,3.2368,19.9,-0.958,12.2,-0.449,42.3,-0.415,29.0,-0.767,21.0,-0.83,18.9,-0.413,42.3,-0.336,53.8,-0.02,10.1,-1.144,16.8,-0.305,46.9,-0.273,17.8,-0.962,10.5,-0.929,22.7,-0.292,46.9,-0.224,28.7,-0.611,35.0,-0.661,19.2,-0.479,45.8,-0.297,45.5,-0.432,37.1,-0.195,25.5,-0.411,45.8,-0.258,62.2,0.307,28.3,-0.811,18.2,-0.285,45.5,-0.328,34.6,-0.651,84.3,0.74,25.5,-0.26,45.5,-0.243,74.1,0.565,16.1,-1.002,18.2,-0.496,46.2,-0.302,25.9,-0.745,10.5,-0.806,25.9,-0.281,46.2,-0.239,58.7,0.057,23.8,-0.644,21.3,-0.405,46.5,-0.288,45.8,-0.251,35.7,-0.658,29.7,-0.371,46.5,-0.282,52.4,-0.099
684nd3xjli51z43pbla0mwa21,T. Oosting,PEC Zwolle,Midfielder,29,0.003875465667624941,0,56,1.4314,0.0002,0.0,2.764,16,0.003662775636461084,0,36,1.5005,0.0003,0.0,3.376,13,0.0002126900311638573,0,20,1.3546,0.0,0.0,2.084,14,0.000191452652708,0,20,1.0941,0.0,0.0,1.563,15,0.003684013014916941,0,36,1.2788,0.0003,0.0,3.0691,7,4.081196505248408e-05,0,13,1.3129,0.0,0.0,2.4382,90.2,1.537,64.9,-0.242,40.5,-0.443,80.9,0.841,73.7,0.626,54.6,-0.299,40.5,-0.316,40.7,-0.171,92.8,1.754,78.4,-0.08,44.8,-0.348,87.9,1.242,76.3,0.671,72.4,-0.176,44.8,-0.301,58.8,0.281,88.1,1.182,62.4,-0.372,44.6,-0.337,76.0,0.316,68.6,0.398,30.9,-0.399,44.6,-0.265,42.3,-0.328,89.4,1.356,57.2,-0.278,45.9,-0.296,72.4,0.286,57.7,0.238,30.7,-0.282,45.9,-0.239,38.7,-0.427,92.3,1.57,79.9,-0.016,44.1,-0.344,88.9,1.332,87.6,0.862,74.5,-0.163,44.1,-0.269,65.5,0.336,69.8,0.569,47.7,-0.242,44.3,-0.353,57.7,-0.006,70.6,0.204,30.4,-0.267,44.3,-0.298,43.8,-0.288
69gzswoym4jqnrag1wdqfdkyy,J. Wieckhoff,Heracles Almelo,Defender,11,0.0151229622376573,0,33,1.4668,0.002,0.0,4.4003,7,0.0144876840390961,0,23,1.6335,0.0034,0.0,5.3671,4,0.0006352781985612,0,10,1.2445,0.0002,0.0,3.1114,3,0.0,0,3,1.4001,0.0,0.0,1.4001,8,0.0151229622376573,0,30,1.4934,0.0028,0.0,5.6004,7,0.0006352781985612,0,23,1.3068,0.0001,0.0,4.2937,43.0,-0.496,77.6,0.142,42.3,-0.415,52.8,-0.247,60.8,0.201,89.2,0.492,42.3,-0.336,75.5,0.635,49.3,-0.27,88.1,0.362,46.9,-0.273,59.8,0.065,75.5,0.621,94.4,0.701,46.9,-0.224,86.7,1.049,35.0,-0.661,57.3,-0.417,45.8,-0.297,38.1,-0.536,42.7,-0.173,63.6,-0.286,45.8,-0.258,50.3,0.015,28.3,-0.811,18.2,-0.285,45.5,-0.328,23.1,-0.909,88.1,0.769,25.5,-0.26,45.5,-0.243,30.1,-0.535,51.4,-0.142,88.1,0.918,46.2,-0.302,74.1,0.419,90.2,1.223,96.9,0.779,46.2,-0.239,94.4,1.605,54.9,0.064,69.9,-0.346,46.5,-0.288,73.4,0.524,49.7,-0.286,64.7,-0.33,46.5,-0.282,69.9,0.374
6ab5gq2owk86qs5zjottfhwmi,T. Quintero,Sparta Rotterdam,Defender,36,0.001225377161425547,0,52,1.669,0.0001,0.0,2.4108,25,0.001076269663727947,0,39,1.9317,0.0001,0.0,3.0135,11,0.0001491074976976,0,13,1.2749,0.0,0.0,1.5067,13,0.0011774161904086,0,22,1.0958,0.0001,0.0,1.8544,23,4.796097101694707e-05,0,30,1.4217,0.0,0.0,1.8544,11,0.0,0,10,2.0399,0.0,0.0,1.8544,90.6,1.429,44.1,-0.401,42.3,-0.415,65.0,0.273,78.3,0.872,42.3,-0.368,42.3,-0.336,28.7,-0.484,97.9,2.353,61.5,-0.255,46.9,-0.273,82.2,0.847,93.7,1.273,52.4,-0.262,46.9,-0.224,49.0,-0.062,64.7,0.348,48.3,-0.464,45.8,-0.297,47.2,-0.38,46.2,-0.113,25.5,-0.411,45.8,-0.258,22.4,-0.782,70.6,0.678,61.5,-0.231,45.5,-0.328,60.1,0.069,48.3,0.082,57.0,-0.23,45.5,-0.243,37.8,-0.318,95.1,2.007,40.6,-0.492,46.2,-0.302,74.1,0.419,88.1,0.967,25.9,-0.281,46.2,-0.239,35.0,-0.447,91.6,1.482,21.3,-0.405,46.5,-0.288,31.1,-0.596,91.6,1.524,29.7,-0.371,46.5,-0.282,24.5,-0.718
6bklt91zc5vietmdc8r31zl2i,D. Payne,FC Volendam,Defender,9,0.0002808935494610737,0,20,1.4024,0.0,0.0,3.1163,3,9.960707013237367e-05,0,7,1.4024,0.0,0.0,3.2722,6,0.0001812864793287,0,13,1.4024,0.0,0.0,3.0384,7,0.0002808935494610737,0,17,1.3089,0.0001,0.0,3.1787,2,0.0,0,3,0.9349,0.0,0.0,1.4024,8,0.0002808935494610737,0,19,1.4958,0.0001,0.0,3.5526,36.0,-0.65,32.9,-0.438,42.3,-0.415,34.6,-0.603,54.5,-0.013,18.9,-0.413,42.3,-0.336,50.3,-0.088,24.1,-0.853,39.9,-0.3,46.9,-0.273,33.2,-0.717,53.8,0.115,22.7,-0.292,46.9,-0.224,52.4,0.06,49.7,-0.373,49.7,-0.461,45.8,-0.297,47.2,-0.38,58.7,0.139,25.5,-0.411,45.8,-0.258,49.7,-0.021,49.0,-0.215,49.7,-0.272,45.5,-0.328,53.1,-0.188,72.0,0.563,57.0,-0.23,45.5,-0.243,65.0,0.316,16.1,-1.002,18.2,-0.496,46.2,-0.302,16.8,-0.89,25.2,-0.77,25.9,-0.281,46.2,-0.239,23.1,-0.694,68.9,0.419,60.1,-0.379,46.5,-0.288,60.8,0.18,67.1,0.181,64.7,-0.33,46.5,-0.282,57.3,0.042
6coor7jll29drx4kgvyt499wq,N. Naujoks,SBV Excelsior,Midfielder,21,0.007114443867733447,0,61,1.7784,0.0006,0.0,5.1659,11,0.0002946746439579467,0,36,1.7078,0.0,0.0,5.5893,10,0.0068197692237755,0,25,1.8631,0.0013,0.0,4.6578,11,0.006890393282445046,0,40,1.1386,0.0007,0.0,4.1402,10,0.0002240505852884,0,21,1.5526,0.0,0.0,3.2604,8,7.062405866954669e-05,0,25,1.4905,0.0,0.0,4.6578,83.2,0.844,73.2,-0.081,40.5,-0.443,83.5,0.996,92.3,1.749,70.1,-0.108,40.5,-0.316,89.7,1.081,83.2,0.913,59.8,-0.273,44.8,-0.348,87.9,1.242,87.1,1.028,28.6,-0.256,44.8,-0.301,90.2,1.243,82.5,0.697,85.1,0.334,44.6,-0.337,81.2,0.6,92.8,1.403,86.1,0.506,44.6,-0.265,78.9,0.751,82.7,0.869,85.6,0.118,45.9,-0.296,89.7,1.4,62.9,0.327,81.4,-0.016,45.9,-0.239,79.9,0.765,82.0,0.732,61.9,-0.347,44.1,-0.344,74.5,0.418,97.4,1.695,31.2,-0.375,44.1,-0.269,70.6,0.43,82.7,0.91,51.5,-0.241,44.3,-0.353,85.8,1.159,79.9,0.72,30.4,-0.267,44.3,-0.298,78.9,0.757
6dd248q0adq6su677bw2kk2c5,C. Verdonk,Nijmegen Eendracht Combinatie,Defender,4,0.0,0,4,1.2276,0.0,0.0,1.2276,1,0.0,0,0,0.9207,0.0,0.0,0.0,3,0.0,0,4,1.3811,0.0,0.0,1.8414,3,0.0,0,4,1.3811,0.0,0.0,1.8414,1,0.0,0,0,0.9207,0.0,0.0,0.0,4,0.0,0,4,1.2276,0.0,0.0,1.2276,14.0,-1.035,12.2,-0.449,42.3,-0.415,10.1,-1.041,31.5,-0.593,18.9,-0.413,42.3,-0.336,14.0,-1.15,10.1,-1.144,16.8,-0.305,46.9,-0.273,6.6,-1.059,8.4,-0.938,22.7,-0.292,46.9,-0.224,6.6,-1.484,24.8,-0.805,19.2,-0.479,45.8,-0.297,22.7,-0.846,53.1,0.097,25.5,-0.411,45.8,-0.258,28.7,-0.616,28.3,-0.811,18.2,-0.285,45.5,-0.328,25.5,-0.857,82.5,0.726,25.5,-0.26,45.5,-0.243,37.1,-0.324,5.9,-1.145,18.2,-0.496,46.2,-0.302,4.9,-1.036,7.7,-0.821,25.9,-0.281,46.2,-0.239,4.9,-1.462,14.0,-0.998,21.3,-0.405,46.5,-0.288,11.5,-1.113,40.6,-0.481,29.7,-0.371,46.5,-0.282,14.7,-0.999
6eg8vaxpqsd6cyh736h7bq4x6,D. Mbayo,PEC Zwolle,Forward,1,0.0,0,1,0.9292,0.0,0.0,0.9292,1,0.0,0,1,0.9292,0.0,0.0,0.9292,0,0.0,0,0,0.0,0.0,0.0,0.0,0,0.0,0,0,0.0,0.0,0.0,0.0,1,0.0,0,1,0.9292,0.0,0.0,0.9292,1,0.0,0,1,0.9292,0.0,0.0,0.9292,13.6,-0.732,22.0,-0.478,44.1,-0.374,16.1,-0.794,39.8,-0.519,24.6,-0.526,44.1,-0.34,30.5,-0.822,43.2,-0.445,33.9,-0.333,49.2,-0.186,48.3,-0.609,68.6,0.302,34.7,-0.393,49.2,-0.186,50.8,-0.396,11.9,-0.862,30.5,-0.376,45.8,-0.316,16.1,-0.756,11.9,-1.546,34.7,-0.39,45.8,-0.258,16.1,-0.94,14.4,-0.737,33.1,-0.344,47.5,-0.267,22.9,-0.626,14.4,-1.541,34.7,-0.406,47.5,-0.225,22.9,-0.782,28.8,-0.586,33.1,-0.368,46.6,-0.302,35.6,-0.67,65.3,0.217,33.9,-0.391,46.6,-0.282,45.8,-0.49,13.6,-1.094,25.4,-0.459,46.6,-0.302,16.9,-0.951,43.2,-0.5,27.1,-0.464,46.6,-0.291,33.9,-0.788
6fdwd71dx2qu7uzzs3ozm9x7u,T. Watanabe,Feyenoord Rotterdam,Defender,27,0.0053120112769584,0,73,1.5513,0.0003,0.0,4.1943,11,0.0003002897429892,0,27,1.4446,0.0,0.0,3.5459,16,0.0050117215339692,0,46,1.6343,0.0005,0.0,4.6987,16,0.005197577352826535,0,50,1.2257,0.0004,0.0,3.8304,11,0.0001144339241318654,0,23,1.264,0.0,0.0,2.643,10,0.0044823298546008,0,19,1.8386,0.0008,0.0,3.4934,73.8,0.736,61.5,-0.241,42.3,-0.415,83.2,0.848,69.2,0.481,55.6,-0.277,42.3,-0.336,71.3,0.519,65.0,0.313,49.7,-0.291,46.9,-0.273,64.0,0.26,56.3,0.207,22.7,-0.292,46.9,-0.224,58.0,0.189,82.2,1.069,76.9,0.013,45.8,-0.297,89.2,1.327,72.7,0.597,72.7,-0.098,45.8,-0.258,81.8,0.804,85.3,1.124,79.7,-0.046,45.5,-0.328,90.6,1.51,63.6,0.375,74.8,-0.14,45.5,-0.243,79.7,0.627,67.1,0.288,42.0,-0.486,46.2,-0.302,65.4,0.079,69.9,0.404,25.9,-0.281,46.2,-0.239,53.8,-0.015,86.4,1.127,80.4,0.015,46.5,-0.288,60.8,0.18,79.0,1.027,80.1,-0.045,46.5,-0.282,53.8,0.016
6feheukom1kdo8w1hwrztpvro,B. Ghalidi,NAC Breda,Midfielder,3,0.0002144952042916,0,10,1.399,0.0001,0.0,4.6632,1,0.0002144952042916,0,7,0.9326,0.0002,0.0,6.5285,2,0.0,0,3,1.8653,0.0,0.0,2.7979,2,0.0,0,3,1.8653,0.0,0.0,2.7979,1,0.0002144952042916,0,7,0.9326,0.0002,0.0,6.5285,3,0.0002144952042916,0,10,1.399,0.0001,0.0,4.6632,28.4,-0.716,42.8,-0.423,40.5,-0.443,38.1,-0.591,68.6,0.521,48.5,-0.347,40.5,-0.316,80.9,0.819,21.9,-0.77,57.7,-0.277,44.8,-0.348,46.1,-0.438,38.1,-0.307,68.0,-0.202,44.8,-0.301,94.8,1.652,33.5,-0.596,24.5,-0.395,44.6,-0.337,30.4,-0.649,93.3,1.407,30.9,-0.399,44.6,-0.265,53.1,-0.029,34.8,-0.589,25.8,-0.289,45.9,-0.296,34.8,-0.661,97.9,1.777,30.7,-0.282,45.9,-0.239,55.2,0.144,18.6,-0.776,61.3,-0.348,44.1,-0.344,46.1,-0.434,41.8,-0.19,69.8,-0.234,44.1,-0.269,96.4,2.038,28.4,-0.794,61.3,-0.231,44.3,-0.353,48.5,-0.297,72.2,0.454,63.7,-0.234,44.3,-0.298,79.9,0.759
6hnzgiw8h1itz9l2j3sb6oeeh,J. St. Juste,Feyenoord Rotterdam,Defender,4,0.0,0,9,1.8557,0.0,0.0,4.1753,4,0.0,0,9,1.8557,0.0,0.0,4.1753,0,0.0,0,0,0.0,0.0,0.0,0.0,0,0.0,0,0,0.0,0.0,0.0,0.0,4,0.0,0,9,1.8557,0.0,0.0,4.1753,4,0.0,0,9,1.8557,0.0,0.0,4.1753,14.0,-1.035,12.2,-0.449,42.3,-0.415,20.3,-0.904,91.6,1.491,18.9,-0.413,42.3,-0.336,70.6,0.508,29.7,-0.707,16.8,-0.305,46.9,-0.273,37.1,-0.619,88.1,1.106,22.7,-0.292,46.9,-0.224,68.5,0.486,3.1,-1.238,19.2,-0.479,45.8,-0.297,5.9,-1.053,3.1,-2.63,25.5,-0.411,45.8,-0.258,5.9,-1.531,5.9,-1.257,18.2,-0.285,45.5,-0.328,8.7,-1.063,5.9,-2.393,25.5,-0.26,45.5,-0.243,8.7,-1.204,31.8,-0.715,18.2,-0.496,46.2,-0.302,33.9,-0.599,97.9,2.516,25.9,-0.281,46.2,-0.239,86.0,0.824,14.0,-0.998,21.3,-0.405,46.5,-0.288,26.2,-0.682,81.8,1.07,29.7,-0.371,46.5,-0.282,66.4,0.321
6hpvm6ktb7nulhdph4497649g,D. van der Haar,PEC Zwolle,Defender,1,0.0,0,1,0.9343,0.0,0.0,0.9343,1,0.0,0,1,0.9343,0.0,0.0,0.9343,0,0.0,0,0,0.0,0.0,0.0,0.0,0,0.0,0,0,0.0,0.0,0.0,0.0,1,0.0,0,1,0.9343,0.0,0.0,0.9343,1,0.0,0,1,0.9343,0.0,0.0,0.9343,2.1,-1.266,12.2,-0.449,42.3,-0.415,4.9,-1.123,6.3,-1.565,18.9,-0.413,42.3,-0.336,9.8,-1.315,10.1,-1.144,16.8,-0.305,46.9,-0.273,14.3,-1.01,17.5,-0.908,22.7,-0.292,46.9,-0.224,18.9,-1.043,3.1,-1.238,19.2,-0.479,45.8,-0.297,5.9,-1.053,3.1,-2.63,25.5,-0.411,45.8,-0.258,5.9,-1.531,5.9,-1.257,18.2,-0.285,45.5,-0.328,8.7,-1.063,5.9,-2.393,25.5,-0.26,45.5,-0.243,8.7,-1.204,5.9,-1.145,18.2,-0.496,46.2,-0.302,10.8,-0.987,23.8,-0.772,25.9,-0.281,46.2,-0.239,17.5,-0.95,2.1,-2.061,21.3,-0.405,46.5,-0.288,4.9,-1.371,11.9,-1.205,29.7,-0.371,46.5,-0.282,10.5,-1.13
6jhavdnaitqn6ydme8a526aui,C. Driouech,PSV Eindhoven,Midfielder,1,0.0,0,0,0.9382,0.0,0.0,0.0,1,0.0,0,0,0.9382,0.0,0.0,0.0,0,0.0,0,0,0.0,0.0,0.0,0.0,0,0.0,0,0,0.0,0.0,0.0,0.0,1,0.0,0,0,0.9382,0.0,0.0,0.0,1,0.0,0,0,0.9382,0.0,0.0,0.0,6.7,-0.889,15.7,-0.434,40.5,-0.443,4.9,-0.903,28.4,-0.97,22.7,-0.395,40.5,-0.316,4.9,-1.612,21.9,-0.77,22.7,-0.289,44.8,-0.348,12.6,-0.843,46.4,-0.297,28.6,-0.256,44.8,-0.301,12.6,-1.188,4.1,-0.919,24.5,-0.395,44.6,-0.337,9.5,-0.82,4.1,-2.276,30.9,-0.399,44.6,-0.265,9.5,-1.203,8.2,-0.913,25.8,-0.289,45.9,-0.296,12.6,-0.828,8.2,-1.945,30.7,-0.282,45.9,-0.239,12.6,-1.151,18.6,-0.776,24.5,-0.368,44.1,-0.344,10.6,-0.861,56.7,-0.173,31.2,-0.375,44.1,-0.269,10.6,-1.174,6.7,-1.476,23.2,-0.245,44.3,-0.353,5.2,-1.269,32.5,-0.885,30.4,-0.267,44.3,-0.298,5.2,-1.436
6jqn5grsuhuo5at81pzahr6xh,R. Mühren,FC Volendam,Midfielder,2,0.0063584658481308,0,10,0.9325,0.003,0.0,4.6624,2,0.0063584658481308,0,10,0.9325,0.003,0.0,4.6624,0,0.0,0,0,0.0,0.0,0.0,0.0,1,0.0063584658481308,0,3,0.9325,0.0059,0.0,2.7975,1,0.0,0,7,0.9325,0.0,0.0,6.5274,2,0.0063584658481308,0,10,0.9325,0.003,0.0,4.6624,18.8,-0.803,71.6,-0.118,40.5,-0.443,38.1,-0.591,21.9,-0.988,94.8,1.04,40.5,-0.316,80.4,0.818,35.3,-0.602,85.1,0.075,44.8,-0.348,54.1,-0.264,37.6,-0.307,91.2,0.549,44.8,-0.301,77.8,0.84,4.1,-0.919,24.5,-0.395,44.6,-0.337,9.5,-0.82,4.1,-2.276,30.9,-0.399,44.6,-0.265,9.5,-1.203,24.2,-0.751,84.0,0.087,45.9,-0.296,34.8,-0.661,41.2,-0.084,97.4,1.954,45.9,-0.239,54.6,0.144,18.6,-0.776,24.5,-0.368,44.1,-0.344,46.1,-0.434,41.0,-0.19,31.2,-0.375,44.1,-0.269,95.9,2.037,18.8,-1.135,87.6,0.154,44.3,-0.353,48.5,-0.297,25.0,-0.902,93.3,0.704,44.3,-0.298,79.4,0.759
6k6qt155b79yf36833pamwbxm,K. Tejan,SC Telstar,Forward,3,0.0177537944203286,1,9,0.9231,0.0055,0.3077,2.7692,0,0.0,0,0,0.0,0.0,0.0,0.0,3,0.0177537944203286,1,9,0.9231,0.0055,0.3077,2.7692,0,0.0,0,0,0.0,0.0,0.0,0.0,3,0.0177537944203286,1,9,0.9231,0.0055,0.3077,2.7692,3,0.0177537944203286,1,9,0.9231,0.0055,0.3077,2.7692,50.8,-0.348,93.2,1.587,93.2,2.08,56.8,-0.212,20.3,-0.544,98.3,3.329,94.9,2.573,52.5,0.018,16.1,-0.786,33.9,-0.333,49.2,-0.186,23.7,-0.745,16.1,-1.346,34.7,-0.393,49.2,-0.186,23.7,-0.733,71.2,0.169,96.6,1.93,94.9,2.348,72.9,0.298,35.6,0.129,93.2,1.86,96.6,1.908,66.1,0.218,14.4,-0.737,33.1,-0.344,47.5,-0.267,22.9,-0.626,14.4,-1.541,34.7,-0.406,47.5,-0.225,22.9,-0.782,77.1,0.247,98.3,3.669,96.6,3.258,73.7,0.514,37.3,0.202,100.0,4.701,94.9,2.773,71.2,0.369,50.8,-0.198,96.6,3.004,96.6,3.258,61.0,0.053,22.0,-0.523,98.3,3.491,94.9,2.689,54.2,0.017
6km3r9cspyz7g6343o9mri63u,Raúl Moro,AFC Ajax,Midfielder,4,0.001392017430838119,0,23,1.2254,0.0004,0.0,7.046,2,3.093401630321901e-05,0,10,1.8381,0.0,0.0,9.1904,2,0.0013610834145349,0,13,0.919,0.0006,0.0,5.9737,4,0.001392017430838119,0,23,1.2254,0.0004,0.0,7.046,0,0.0,0,0,0.0,0.0,0.0,0.0,4,0.001392017430838119,0,23,1.2254,0.0004,0.0,7.046,34.8,-0.629,54.1,-0.365,40.5,-0.443,58.2,-0.187,56.2,-0.041,64.2,-0.203,40.5,-0.316,96.9,2.061,35.3,-0.602,46.9,-0.288,44.8,-0.348,54.1,-0.264,91.8,1.252,28.6,-0.256,44.8,-0.301,99.5,2.809,33.5,-0.596,75.8,-0.249,44.6,-0.337,62.6,-0.082,12.9,-0.462,79.4,0.018,44.6,-0.265,90.2,1.303,51.5,-0.265,72.7,-0.207,45.9,-0.296,77.3,0.453,71.6,0.5,76.3,-0.13,45.9,-0.239,95.9,2.11,3.4,-0.943,24.5,-0.368,44.1,-0.344,10.6,-0.861,3.4,-3.025,31.2,-0.375,44.1,-0.269,10.6,-1.174,34.8,-0.453,72.2,-0.158,44.3,-0.353,80.4,0.965,54.1,-0.051,75.0,-0.137,44.3,-0.298,95.9,1.881
6lyedmu2vuf7jig3jmhz9b4ve,D. van der Kust,Heracles Almelo,Defender,15,0.003014173503063794,0,33,1.5633,0.0003,0.0,3.4392,6,0.001339749318963394,0,17,1.8759,0.0004,0.0,5.3151,9,0.0016744241841004,0,16,1.4069,0.0003,0.0,2.5012,9,0.001339749318963394,0,21,1.6883,0.0003,0.0,3.9395,6,0.0016744241841004,0,12,1.4069,0.0004,0.0,2.8139,10,0.003014173503063794,0,28,1.8759,0.0006,0.0,5.2526,51.4,-0.188,50.3,-0.331,42.3,-0.415,52.8,-0.247,70.6,0.521,55.6,-0.277,42.3,-0.336,60.1,0.094,45.1,-0.416,62.2,-0.243,46.9,-0.273,50.3,-0.228,91.6,1.151,69.2,-0.175,46.9,-0.224,84.6,1.024,59.4,0.059,66.4,-0.315,45.8,-0.297,52.8,-0.225,59.4,0.148,67.5,-0.223,45.8,-0.258,39.2,-0.288,59.8,0.082,63.6,-0.224,45.5,-0.328,57.3,0.018,95.1,1.42,71.3,-0.17,45.5,-0.243,81.8,0.679,42.3,-0.429,63.6,-0.34,46.2,-0.302,39.9,-0.454,87.4,0.914,72.0,-0.129,46.2,-0.239,61.5,0.079,86.4,1.127,77.6,-0.123,46.5,-0.288,86.0,0.955,86.7,1.12,78.0,-0.126,46.5,-0.282,83.9,0.803
6narzhg4hjarzdm235jkcclxw,A. Stepanov,FC Utrecht,Forward,1,0.0,0,4,0.9066,0.0,0.0,3.6266,1,0.0,0,4,0.9066,0.0,0.0,3.6266,0,0.0,0,0,0.0,0.0,0.0,0.0,0,0.0,0,0,0.0,0.0,0.0,0.0,1,0.0,0,4,0.9066,0.0,0.0,3.6266,1,0.0,0,4,0.9066,0.0,0.0,3.6266,13.6,-0.732,22.0,-0.478,44.1,-0.374,31.4,-0.576,1.7,-0.61,24.6,-0.526,44.1,-0.34,71.2,0.409,43.2,-0.445,33.9,-0.333,49.2,-0.186,56.8,-0.199,32.2,0.262,34.7,-0.393,49.2,-0.186,78.0,0.581,11.9,-0.862,30.5,-0.376,45.8,-0.316,16.1,-0.756,11.9,-1.546,34.7,-0.39,45.8,-0.258,16.1,-0.94,14.4,-0.737,33.1,-0.344,47.5,-0.267,22.9,-0.626,14.4,-1.541,34.7,-0.406,47.5,-0.225,22.9,-0.782,28.8,-0.586,33.1,-0.368,46.6,-0.302,55.1,-0.226,16.9,0.161,33.9,-0.391,46.6,-0.282,74.6,0.769,13.6,-1.094,25.4,-0.459,46.6,-0.302,34.7,-0.575,1.7,-0.584,27.1,-0.464,46.6,-0.291,67.8,0.391
6nd0ifv6ljza9nauxcpejqzft,O. Velanas,PEC Zwolle,Midfielder,2,0.0,0,2,0.9481,0.0,0.0,0.9481,1,0.0,0,2,0.9481,0.0,0.0,1.8963,1,0.0,0,0,0.9481,0.0,0.0,0.0,1,0.0,0,0,0.9481,0.0,0.0,0.0,1,0.0,0,2,0.9481,0.0,0.0,1.8963,2,0.0,0,2,0.9481,0.0,0.0,0.9481,18.8,-0.803,15.7,-0.434,40.5,-0.443,14.4,-0.84,32.5,-0.938,22.7,-0.395,40.5,-0.316,16.5,-1.118,21.9,-0.77,22.7,-0.289,44.8,-0.348,32.2,-0.727,49.0,-0.28,28.6,-0.256,44.8,-0.301,41.8,-0.363,17.5,-0.757,24.5,-0.395,44.6,-0.337,9.5,-0.82,47.9,-0.404,30.9,-0.399,44.6,-0.265,9.5,-1.203,24.2,-0.751,25.8,-0.289,45.9,-0.296,12.6,-0.828,52.6,-0.053,30.7,-0.282,45.9,-0.239,12.6,-1.151,18.6,-0.776,24.5,-0.368,44.1,-0.344,30.2,-0.739,60.8,-0.143,31.2,-0.375,44.1,-0.269,43.8,-0.241,18.8,-1.135,23.2,-0.245,44.3,-0.353,16.2,-1.074,36.6,-0.856,30.4,-0.267,44.3,-0.298,19.1,-0.99
6ok4k757utbtswx5618xffsru,I. Mesík,Heracles Almelo,Defender,27,0.0166545503678085,1,64,1.3281,0.0008,0.0492,3.1481,15,0.0089798938248857,1,28,1.2744,0.0008,0.085,2.3789,12,0.007674656542922801,0,36,1.4019,0.0009,0.0,4.2056,11,0.0166545503678085,0,44,1.028,0.0016,0.0,4.1121,16,0.0,1,20,1.3594,0.0,0.085,1.6992,8,0.0,1,24,1.4953,0.0,0.1869,4.486,73.8,0.736,78.3,0.201,91.3,1.867,71.7,0.601,43.4,-0.259,73.1,-0.051,88.1,0.836,52.4,-0.07,79.7,0.896,83.9,0.109,96.9,3.634,66.8,0.309,38.5,-0.165,81.5,-0.058,93.7,1.395,38.5,-0.361,69.6,0.492,81.1,0.275,45.8,-0.297,80.8,0.81,58.0,0.138,79.7,0.153,45.8,-0.258,71.3,0.559,64.3,0.38,88.8,0.483,45.5,-0.328,86.7,1.201,39.9,-0.072,89.2,0.22,45.5,-0.243,86.0,0.762,86.0,1.004,18.2,-0.496,96.2,3.292,59.1,-0.066,81.8,0.745,25.9,-0.281,95.8,1.757,28.7,-0.532,68.9,0.419,21.3,-0.405,96.5,3.452,77.3,0.61,65.7,0.18,29.7,-0.371,97.2,3.122,74.8,0.46
6p6sdikmka45csxfw0i0q0l3p,E. Hansson,SBV Excelsior,Midfielder,1,0.0,0,9,0.9367,0.0,0.0,8.4302,0,0.0,0,0,0.0,0.0,0.0,0.0,1,0.0,0,9,0.9367,0.0,0.0,8.4302,1,0.0,0,9,0.9367,0.0,0.0,8.4302,0,0.0,0,0,0.0,0.0,0.0,0.0,1,0.0,0,9,0.9367,0.0,0.0,8.4302,6.7,-0.889,15.7,-0.434,40.5,-0.443,33.5,-0.622,27.3,-0.975,22.7,-0.395,40.5,-0.316,99.0,2.783,7.0,-0.939,22.7,-0.289,44.8,-0.348,12.6,-0.843,7.0,-1.913,28.6,-0.256,44.8,-0.301,12.6,-1.188,17.5,-0.757,24.5,-0.395,44.6,-0.337,52.8,-0.309,40.2,-0.427,30.9,-0.399,44.6,-0.265,97.9,2.333,24.2,-0.751,25.8,-0.289,45.9,-0.296,52.6,-0.326,47.4,-0.076,30.7,-0.282,45.9,-0.239,99.5,2.751,3.4,-0.943,24.5,-0.368,44.1,-0.344,10.6,-0.861,3.4,-3.025,31.2,-0.375,44.1,-0.269,10.6,-1.174,6.7,-1.476,23.2,-0.245,44.3,-0.353,42.5,-0.394,31.4,-0.889,30.4,-0.267,44.3,-0.298,98.5,2.533
6q77vt9bp8dsq48pa97mfzsa1,T. Lauritsen,Sparta Rotterdam,Forward,8,0.009315382177124378,0,32,0.9292,0.0011,0.0,3.717,5,0.006154865726651079,0,24,0.9292,0.0011,0.0,4.4604,3,0.0031605164504733,0,8,0.9292,0.001,0.0,2.478,3,0.0008785295126748,0,9,0.9292,0.0003,0.0,2.7877,5,0.008436852664449579,0,23,0.9292,0.0016,0.0,4.2745,5,0.004097936401567379,0,20,0.9292,0.0008,0.0,3.717,83.9,0.612,86.4,0.606,44.1,-0.374,93.2,1.461,39.8,-0.519,81.4,0.245,44.1,-0.34,78.0,0.451,87.3,0.919,94.9,1.348,49.2,-0.186,96.6,2.533,68.6,0.302,93.2,1.163,49.2,-0.186,84.7,0.883,71.2,0.169,81.4,0.035,45.8,-0.316,66.9,0.181,52.5,0.14,83.1,0.019,45.8,-0.258,62.7,0.096,77.1,0.182,74.6,-0.223,47.5,-0.267,78.0,0.256,61.0,0.433,76.3,-0.229,47.5,-0.225,71.2,0.316,87.3,1.08,94.9,1.551,46.6,-0.302,97.5,2.587,65.3,0.217,91.5,1.091,46.6,-0.282,86.4,1.071,74.6,0.699,84.7,0.34,46.6,-0.302,89.0,1.434,43.2,-0.5,83.9,0.111,46.6,-0.291,74.6,0.431
6svx5u21jrcch3ewpqqbxukmh,J. Bacuna,FC Volendam,Midfielder,12,0.0021079053792614,0,49,1.866,0.0003,0.0,7.6196,7,0.0,0,17,3.2656,0.0,0.0,7.9306,5,0.0021079053792614,0,32,1.1663,0.0005,0.0,7.4641,6,0.0,0,18,1.866,0.0,0.0,5.5981,6,0.0021079053792614,0,31,1.1196,0.0004,0.0,5.7847,11,0.0021079053792614,0,43,2.0526,0.0004,0.0,8.0239,69.3,0.064,57.7,-0.329,40.5,-0.443,79.1,0.623,95.9,2.032,60.3,-0.251,40.5,-0.316,97.9,2.36,71.1,0.239,22.7,-0.289,44.8,-0.348,68.0,0.142,100.0,3.71,28.6,-0.256,44.8,-0.301,98.5,2.262,60.8,-0.111,77.8,-0.169,44.6,-0.337,85.8,0.997,57.2,0.027,78.1,-0.051,44.6,-0.265,95.9,1.928,67.0,0.059,25.8,-0.289,45.9,-0.296,67.8,0.175,99.0,1.778,30.7,-0.282,45.9,-0.239,91.8,1.44,69.3,0.062,72.7,-0.167,44.1,-0.344,84.8,1.027,71.1,0.378,77.8,-0.093,44.1,-0.269,94.3,1.672,96.9,1.933,75.8,-0.113,44.3,-0.353,99.5,2.907,97.4,2.353,75.0,-0.137,44.3,-0.298,97.4,2.342
6sya8p154c3vtvr0dk0etg8wk,T. Schenkhuizen,Fortuna Sittard,Midfielder,1,0.0,1,4,0.9375,0.0,0.9375,3.75,0,0.0,0,0,0.0,0.0,0.0,0.0,1,0.0,1,4,0.9375,0.0,0.9375,3.75,0,0.0,0,0,0.0,0.0,0.0,0.0,1,0.0,1,4,0.9375,0.0,0.9375,3.75,1,0.0,1,4,0.9375,0.0,0.9375,3.75,6.7,-0.889,15.7,-0.434,88.7,1.387,20.6,-0.778,27.8,-0.972,22.7,-0.395,100.0,10.891,64.9,0.343,7.0,-0.939,22.7,-0.289,44.8,-0.348,12.6,-0.843,7.0,-1.913,28.6,-0.256,44.8,-0.301,12.6,-1.188,17.5,-0.757,24.5,-0.395,93.6,2.178,35.3,-0.593,41.8,-0.425,30.9,-0.399,100.0,9.32,70.6,0.37,8.2,-0.913,25.8,-0.289,45.9,-0.296,12.6,-0.828,8.2,-1.945,30.7,-0.282,45.9,-0.239,12.6,-1.151,18.6,-0.776,24.5,-0.368,93.3,2.04,36.3,-0.617,55.2,-0.175,31.2,-0.375,100.0,9.807,77.8,0.671,6.7,-1.476,23.2,-0.245,93.8,2.384,22.9,-0.88,32.0,-0.887,30.4,-0.267,100.0,9.658,64.2,0.329
6ta1z3xjdmq81gwglcm9ghno4,M. de Haan,FC Volendam,Midfielder,1,0.0,0,3,0.9278,0.0,0.0,2.7835,0,0.0,0,0,0.0,0.0,0.0,0.0,1,0.0,0,3,0.9278,0.0,0.0,2.7835,0,0.0,0,0,0.0,0.0,0.0,0.0,1,0.0,0,3,0.9278,0.0,0.0,2.7835,1,0.0,0,3,0.9278,0.0,0.0,2.7835,6.7,-0.889,15.7,-0.434,40.5,-0.443,17.5,-0.809,14.7,-1.004,22.7,-0.395,40.5,-0.316,42.0,-0.161,7.0,-0.939,22.7,-0.289,44.8,-0.348,12.6,-0.843,7.0,-1.913,28.6,-0.256,44.8,-0.301,12.6,-1.188,17.5,-0.757,24.5,-0.395,44.6,-0.337,30.4,-0.649,24.7,-0.444,30.9,-0.399,44.6,-0.265,50.8,-0.035,8.2,-0.913,25.8,-0.289,45.9,-0.296,12.6,-0.828,8.2,-1.945,30.7,-0.282,45.9,-0.239,12.6,-1.151,18.6,-0.776,24.5,-0.368,44.1,-0.344,33.2,-0.678,28.6,-0.205,31.2,-0.375,44.1,-0.269,60.3,0.195,6.7,-1.476,23.2,-0.245,44.3,-0.353,19.6,-0.977,16.8,-0.915,30.4,-0.267,44.3,-0.298,46.6,-0.126
6u7z5qrlwzl9aug8awejq37xl,Jamiro Monteiro,PEC Zwolle,Midfielder,12,0.0002446136479118616,0,27,1.1189,0.0,0.0,2.5175,7,0.0001851763159288,0,10,1.3054,0.0,0.0,1.8648,5,5.943733198306157e-05,0,17,0.9324,0.0,0.0,3.1702,8,0.0002446136479118616,0,25,0.9324,0.0,0.0,2.9138,4,0.0,0,2,0.9324,0.0,0.0,0.4662,5,0.0002446136479118616,0,22,0.9324,0.0,0.0,4.1026,69.3,0.064,44.3,-0.422,40.5,-0.443,62.9,-0.062,43.3,-0.385,22.7,-0.395,40.5,-0.316,36.6,-0.3,71.1,0.239,54.1,-0.279,44.8,-0.348,54.1,-0.264,64.4,0.335,28.6,-0.256,44.8,-0.301,41.2,-0.377,60.8,-0.111,55.2,-0.388,44.6,-0.337,71.9,0.145,33.0,-0.435,30.9,-0.399,44.6,-0.265,58.2,0.127,77.6,0.383,60.8,-0.275,45.9,-0.296,78.6,0.565,40.7,-0.085,30.7,-0.282,45.9,-0.239,57.7,0.198,52.6,-0.273,24.5,-0.368,44.1,-0.344,30.2,-0.739,40.2,-0.191,31.2,-0.375,44.1,-0.269,23.7,-0.945,43.0,-0.112,62.9,-0.23,44.3,-0.353,77.8,0.868,24.2,-0.902,30.4,-0.267,44.3,-0.298,69.1,0.495
6w59kdfilru1152bjutstu2fp,J. de Guzmán,Sparta Rotterdam,Midfielder,1,0.0,0,7,0.9262,0.0,0.0,6.4837,1,0.0,0,7,0.9262,0.0,0.0,6.4837,0,0.0,0,0,0.0,0.0,0.0,0.0,0,0.0,0,0,0.0,0.0,0.0,0.0,1,0.0,0,7,0.9262,0.0,0.0,6.4837,1,0.0,0,7,0.9262,0.0,0.0,6.4837,6.7,-0.889,15.7,-0.434,40.5,-0.443,27.8,-0.685,11.3,-1.009,22.7,-0.395,40.5,-0.316,95.9,1.768,21.9,-0.77,22.7,-0.289,44.8,-0.348,46.1,-0.438,24.2,-0.318,28.6,-0.256,44.8,-0.301,94.3,1.632,4.1,-0.919,24.5,-0.395,44.6,-0.337,9.5,-0.82,4.1,-2.276,30.9,-0.399,44.6,-0.265,9.5,-1.203,8.2,-0.913,25.8,-0.289,45.9,-0.296,12.6,-0.828,8.2,-1.945,30.7,-0.282,45.9,-0.239,12.6,-1.151,18.6,-0.776,24.5,-0.368,44.1,-0.344,46.1,-0.434,24.2,-0.21,31.2,-0.375,44.1,-0.269,95.4,2.016,6.7,-1.476,23.2,-0.245,44.3,-0.353,33.2,-0.589,12.9,-0.92,30.4,-0.267,44.3,-0.298,94.3,1.616
6wwk8y9mklkh8x606ynhe1lp0,S. Ørjasæter,FC Twente,Midfielder,6,4.655485929137837e-05,0,18,1.118,0.0,0.0,3.354,3,4.655485929137837e-05,0,15,0.9317,0.0,0.0,4.6584,3,0.0,0,3,1.3975,0.0,0.0,1.3975,2,0.0,0,1,0.9317,0.0,0.0,0.4658,4,4.655485929137837e-05,0,17,0.9317,0.0,0.0,3.9596,6,4.655485929137837e-05,0,18,1.118,0.0,0.0,3.354,43.6,-0.456,34.0,-0.432,40.5,-0.443,51.5,-0.342,42.8,-0.388,22.7,-0.395,40.5,-0.316,56.2,0.136,44.3,-0.434,47.9,-0.287,44.8,-0.348,63.9,0.026,35.8,-0.308,28.6,-0.256,44.8,-0.301,76.8,0.838,45.4,-0.434,24.5,-0.395,44.6,-0.337,30.4,-0.649,73.7,0.483,30.9,-0.399,44.6,-0.265,31.4,-0.616,34.8,-0.589,25.8,-0.289,45.9,-0.296,26.3,-0.772,39.2,-0.086,30.7,-0.282,45.9,-0.239,26.3,-0.935,52.6,-0.273,51.5,-0.364,44.1,-0.344,70.1,0.175,38.9,-0.193,31.2,-0.375,44.1,-0.269,82.5,0.774,55.7,0.228,49.0,-0.242,44.3,-0.353,69.1,0.48,47.4,-0.363,30.4,-0.267,44.3,-0.298,57.7,0.143
6ybcevijvdov8qj1hxcbw3dd6,A. Roaldsøy,Sparta Rotterdam,Midfielder,2,0.0,0,9,0.9045,0.0,0.0,4.0704,0,0.0,0,0,0.0,0.0,0.0,0.0,2,0.0,0,9,0.9045,0.0,0.0,4.0704,0,0.0,0,0,0.0,0.0,0.0,0.0,2,0.0,0,9,0.9045,0.0,0.0,4.0704,2,0.0,0,9,0.9045,0.0,0.0,4.0704,18.8,-0.803,15.7,-0.434,40.5,-0.443,33.5,-0.622,1.3,-1.079,22.7,-0.395,40.5,-0.316,71.1,0.51,7.0,-0.939,22.7,-0.289,44.8,-0.348,12.6,-0.843,7.0,-1.913,28.6,-0.256,44.8,-0.301,12.6,-1.188,33.5,-0.596,24.5,-0.395,44.6,-0.337,52.8,-0.309,9.0,-0.49,30.9,-0.399,44.6,-0.265,74.2,0.505,8.2,-0.913,25.8,-0.289,45.9,-0.296,12.6,-0.828,8.2,-1.945,30.7,-0.282,45.9,-0.239,12.6,-1.151,35.8,-0.608,24.5,-0.368,44.1,-0.344,52.1,-0.313,7.5,-0.275,31.2,-0.375,44.1,-0.269,85.1,0.829,18.8,-1.135,23.2,-0.245,44.3,-0.353,42.5,-0.394,1.3,-0.983,30.4,-0.267,44.3,-0.298,68.0,0.48
6ydojoa3581jgszpjqj7i8zpx,B. Kuipers,FC Twente,Defender,2,0.0,0,4,0.9265,0.0,0.0,1.8529,1,0.0,0,0,0.9265,0.0,0.0,0.0,1,0.0,0,4,0.9265,0.0,0.0,3.7059,0,0.0,0,0,0.0,0.0,0.0,0.0,2,0.0,0,4,0.9265,0.0,0.0,1.8529,2,0.0,0,4,0.9265,0.0,0.0,1.8529,6.6,-1.189,12.2,-0.449,42.3,-0.415,10.1,-1.041,4.2,-1.591,18.9,-0.413,42.3,-0.336,19.6,-0.798,10.1,-1.144,16.8,-0.305,46.9,-0.273,6.6,-1.059,11.9,-0.926,22.7,-0.292,46.9,-0.224,6.6,-1.484,8.0,-1.094,19.2,-0.479,45.8,-0.297,22.7,-0.846,14.0,-0.801,25.5,-0.411,45.8,-0.258,63.6,0.31,5.9,-1.257,18.2,-0.285,45.5,-0.328,8.7,-1.063,5.9,-2.393,25.5,-0.26,45.5,-0.243,8.7,-1.204,16.1,-1.002,18.2,-0.496,46.2,-0.302,19.6,-0.842,12.6,-0.8,25.9,-0.281,46.2,-0.239,33.6,-0.447,6.6,-1.707,21.3,-0.405,46.5,-0.288,11.5,-1.113,6.3,-1.225,29.7,-0.371,46.5,-0.282,23.4,-0.719
6yush35gfp1sgyyzicye73rp,P. van Aanholt,Sparta Rotterdam,Defender,6,5.41518564363408e-05,0,23,1.1073,0.0,0.0,4.2445,4,5.41518564363408e-05,0,18,1.2303,0.0,0.0,5.5363,2,0.0,0,5,0.9227,0.0,0.0,2.3068,4,5.41518564363408e-05,0,21,1.2303,0.0,0.0,6.459,2,0.0,0,2,0.9227,0.0,0.0,0.9227,6,5.41518564363408e-05,0,23,1.1073,0.0,0.0,4.2445,25.2,-0.881,27.3,-0.446,42.3,-0.415,40.2,-0.521,16.8,-0.992,18.9,-0.413,42.3,-0.336,73.4,0.547,29.7,-0.707,37.8,-0.302,46.9,-0.273,52.8,-0.179,36.4,-0.261,22.7,-0.292,46.9,-0.224,88.1,1.129,15.7,-0.95,19.2,-0.479,45.8,-0.297,26.2,-0.794,12.6,-0.808,25.5,-0.411,45.8,-0.258,37.1,-0.385,35.7,-0.662,41.3,-0.283,45.5,-0.328,57.3,0.018,66.4,0.385,25.5,-0.26,45.5,-0.243,97.2,1.884,16.1,-1.002,18.2,-0.496,46.2,-0.302,13.6,-0.939,9.1,-0.814,25.9,-0.281,46.2,-0.239,16.1,-0.957,40.2,-0.29,51.0,-0.4,46.5,-0.288,73.4,0.524,20.3,-0.778,29.7,-0.371,46.5,-0.282,67.8,0.352
7053nqhl9wu2u1kegzo9aopg5,B. Kuwas,FC Volendam,Midfielder,3,0.0,0,9,0.9345,0.0,0.0,2.8034,2,0.0,0,9,0.9345,0.0,0.0,4.2051,1,0.0,0,0,0.9345,0.0,0.0,0.0,1,0.0,0,0,0.9345,0.0,0.0,0.0,2,0.0,0,9,0.9345,0.0,0.0,4.2051,3,0.0,0,9,0.9345,0.0,0.0,2.8034,28.4,-0.716,15.7,-0.434,40.5,-0.443,33.5,-0.622,25.3,-0.982,22.7,-0.395,40.5,-0.316,44.3,-0.151,35.3,-0.602,22.7,-0.289,44.8,-0.348,50.8,-0.322,43.3,-0.303,28.6,-0.256,44.8,-0.301,70.6,0.641,17.5,-0.757,24.5,-0.395,44.6,-0.337,9.5,-0.82,36.9,-0.431,30.9,-0.399,44.6,-0.265,9.5,-1.203,24.2,-0.751,25.8,-0.289,45.9,-0.296,12.6,-0.828,44.8,-0.08,30.7,-0.282,45.9,-0.239,12.6,-1.151,35.8,-0.608,24.5,-0.368,44.1,-0.344,52.1,-0.313,47.2,-0.184,31.2,-0.375,44.1,-0.269,86.1,0.895,28.4,-0.794,23.2,-0.245,44.3,-0.353,42.5,-0.394,28.9,-0.896,30.4,-0.267,44.3,-0.298,49.0,-0.116
70tsvrcmklvp4ecdhxlugf8ix,K. Itakura,AFC Ajax,Defender,15,0.0,0,17,1.7055,0.0,0.0,1.9328,9,0.0,0,7,1.6372,0.0,0.0,1.2734,6,0.0,0,10,1.8191,0.0,0.0,3.0319,9,0.0,0,12,1.3644,0.0,0.0,1.8191,6,0.0,0,5,1.0915,0.0,0.0,0.9096,7,0.0,0,4,1.2734,0.0,0.0,0.7277,51.4,-0.188,12.2,-0.449,42.3,-0.415,31.8,-0.685,81.1,0.993,18.9,-0.413,42.3,-0.336,20.3,-0.753,58.0,0.021,16.8,-0.305,46.9,-0.273,33.2,-0.717,76.2,0.629,22.7,-0.292,46.9,-0.224,21.7,-0.883,49.7,-0.373,19.2,-0.479,45.8,-0.297,38.1,-0.536,84.6,0.962,25.5,-0.411,45.8,-0.258,49.0,-0.024,59.8,0.082,18.2,-0.285,45.5,-0.328,44.1,-0.446,80.4,0.688,25.5,-0.26,45.5,-0.243,36.4,-0.334,42.3,-0.429,18.2,-0.496,46.2,-0.302,22.4,-0.793,45.5,-0.211,25.9,-0.281,46.2,-0.239,15.4,-0.964,54.9,0.064,21.3,-0.405,46.5,-0.288,11.5,-1.113,41.3,-0.368,29.7,-0.371,46.5,-0.282,7.0,-1.223
723av2redj2ej6livx0g81wwl,A. Verschueren,FC Twente,Midfielder,6,9.775257810035187e-05,0,19,1.1146,0.0,0.0,3.5294,1,5.137190912853085e-05,0,2,0.9288,0.0,0.0,1.8576,5,4.638066897182103e-05,0,17,1.161,0.0,0.0,3.9474,2,4.638066897182103e-05,0,7,1.8576,0.0,0.0,6.5015,4,5.137190912853085e-05,0,12,0.9288,0.0,0.0,2.7864,6,9.775257810035187e-05,0,19,1.1146,0.0,0.0,3.5294,43.6,-0.456,37.6,-0.429,40.5,-0.443,53.4,-0.311,41.8,-0.399,22.7,-0.395,40.5,-0.316,60.3,0.228,21.9,-0.77,49.0,-0.286,44.8,-0.348,32.2,-0.727,29.1,-0.313,28.6,-0.256,44.8,-0.301,39.9,-0.38,60.8,-0.111,53.1,-0.39,44.6,-0.337,71.9,0.145,54.1,0.016,30.9,-0.399,44.6,-0.265,73.7,0.453,34.8,-0.589,52.6,-0.286,45.9,-0.296,47.4,-0.438,97.4,1.761,30.7,-0.282,45.9,-0.239,94.8,1.858,52.6,-0.273,52.6,-0.363,44.1,-0.344,59.5,-0.13,30.4,-0.202,31.2,-0.375,44.1,-0.269,60.8,0.197,55.7,0.228,54.6,-0.239,44.3,-0.353,71.9,0.577,42.3,-0.372,30.4,-0.267,44.3,-0.298,60.8,0.226
73lwz4he5erpp25zi8crjvztg,I. Jensen,Alkmaar Zaanstreek,Midfielder,9,2.685998814043467e-05,0,12,1.0504,0.0,0.0,1.4005,4,0.0,0,5,0.9337,0.0,0.0,1.1671,5,2.685998814043467e-05,0,7,1.1671,0.0,0.0,1.6339,3,0.0,0,2,0.9337,0.0,0.0,0.6224,6,2.685998814043467e-05,0,10,1.1204,0.0,0.0,1.8673,5,0.0,0,6,0.9337,0.0,0.0,1.1204,55.2,-0.196,32.5,-0.433,40.5,-0.443,42.3,-0.529,37.1,-0.607,22.7,-0.395,40.5,-0.316,21.1,-0.882,53.1,-0.265,22.7,-0.289,44.8,-0.348,40.7,-0.554,41.2,-0.305,28.6,-0.256,44.8,-0.301,34.0,-0.68,60.8,-0.111,50.0,-0.392,44.6,-0.337,44.3,-0.422,57.7,0.028,30.9,-0.399,44.6,-0.265,35.1,-0.517,42.8,-0.427,25.8,-0.289,45.9,-0.296,29.9,-0.716,43.3,-0.082,30.7,-0.282,45.9,-0.239,27.8,-0.863,69.3,0.062,50.5,-0.366,44.1,-0.344,55.4,-0.252,71.6,0.381,31.2,-0.375,44.1,-0.269,42.3,-0.255,43.0,-0.112,23.2,-0.245,44.3,-0.353,29.6,-0.686,27.3,-0.898,30.4,-0.267,44.3,-0.298,20.6,-0.909
792zq4joba1qgt0lusvrjantg,L. Zeefuik,Heracles Almelo,Forward,2,0.0126349515305523,0,16,0.9337,0.0059,0.0,7.4696,0,0.0,0,0,0.0,0.0,0.0,0.0,2,0.0126349515305523,0,16,0.9337,0.0059,0.0,7.4696,2,0.0126349515305523,0,16,0.9337,0.0059,0.0,7.4696,0,0.0,0,0,0.0,0.0,0.0,0.0,2,0.0126349515305523,0,16,0.9337,0.0059,0.0,7.4696,35.6,-0.54,88.1,0.992,44.1,-0.374,78.0,0.297,50.8,-0.501,100.0,3.609,44.1,-0.34,94.9,2.163,16.1,-0.786,33.9,-0.333,49.2,-0.186,23.7,-0.745,16.1,-1.346,34.7,-0.393,49.2,-0.186,23.7,-0.733,55.1,-0.175,93.2,1.265,45.8,-0.316,91.5,1.117,62.7,0.149,94.9,2.023,45.8,-0.258,94.9,2.183,60.2,-0.125,91.5,1.401,47.5,-0.267,89.8,0.942,69.5,0.442,96.6,3.067,47.5,-0.225,93.2,2.16,8.5,-1.003,33.1,-0.368,46.6,-0.302,15.3,-0.818,8.5,-2.074,33.9,-0.391,46.6,-0.282,15.3,-0.923,35.6,-0.646,93.2,2.005,46.6,-0.302,83.1,0.932,54.2,-0.483,100.0,3.779,46.6,-0.291,94.9,2.072
7b4jmfu1ejoeci2zmvwuejnys,P. Brittijn,Fortuna Sittard,Midfielder,45,0.003246157609129259,1,126,1.7252,0.0001,0.0383,4.8307,18,0.001555189418313704,0,41,1.6562,0.0001,0.0,3.7725,27,0.001690968190815554,1,85,1.7745,0.0001,0.0657,5.5865,20,0.001024984450574154,0,46,1.2268,0.0001,0.0,2.8217,25,0.002221173158555104,1,80,1.1502,0.0001,0.046,3.6805,11,0.0007566973983346042,1,29,2.0243,0.0001,0.184,5.3367,97.9,2.924,62.9,-0.273,88.7,1.387,99.0,3.02,91.2,1.577,48.5,-0.347,81.4,0.142,83.5,0.906,95.4,2.091,70.1,-0.2,44.8,-0.348,92.3,1.532,85.6,0.939,61.6,-0.229,44.8,-0.301,65.5,0.453,98.5,3.445,76.8,-0.214,93.6,2.178,99.0,4.006,88.1,1.228,66.8,-0.33,89.2,0.407,87.6,1.141,96.9,2.328,71.6,-0.229,45.9,-0.296,92.8,1.734,72.2,0.503,65.5,-0.244,45.9,-0.239,56.7,0.155,99.0,3.246,74.7,-0.156,93.3,2.04,100.0,4.011,73.7,0.472,64.9,-0.305,88.7,0.225,74.7,0.637,96.9,1.933,68.0,-0.197,93.8,2.384,93.8,1.548,96.4,2.271,63.7,-0.234,89.2,1.656,87.6,1.076
7bqajkmno3ox004kdbusxv9ey,R. Paula,NAC Breda,Midfielder,2,0.0002197460600132,0,8,0.922,0.0001,0.0,3.6878,1,0.0,0,0,0.922,0.0,0.0,0.0,1,0.0002197460600132,0,8,0.922,0.0002,0.0,7.3756,1,0.0002197460600132,0,8,0.922,0.0002,0.0,7.3756,1,0.0,0,0,0.922,0.0,0.0,0.0,2,0.0002197460600132,0,8,0.922,0.0001,0.0,3.6878,18.8,-0.803,43.8,-0.423,40.5,-0.443,29.9,-0.654,7.7,-1.022,48.5,-0.347,40.5,-0.316,62.4,0.31,21.9,-0.77,22.7,-0.289,44.8,-0.348,12.6,-0.843,20.1,-0.325,28.6,-0.256,44.8,-0.301,12.6,-1.188,17.5,-0.757,62.9,-0.371,44.6,-0.337,48.7,-0.365,16.5,-0.456,72.9,-0.26,44.6,-0.265,95.4,1.891,24.2,-0.751,59.8,-0.276,45.9,-0.296,49.7,-0.382,22.7,-0.105,71.1,-0.206,45.9,-0.239,96.9,2.263,18.6,-0.776,24.5,-0.368,44.1,-0.344,10.6,-0.861,18.0,-0.222,31.2,-0.375,44.1,-0.269,10.6,-1.174,18.8,-1.135,62.4,-0.231,44.3,-0.353,37.4,-0.492,8.8,-0.932,63.7,-0.234,44.3,-0.298,62.4,0.3
7ckkvggtampx9s3nklr1u62vo,M. Jeng,Feyenoord Rotterdam,Defender,2,4.752088506659869e-05,0,5,1.6981,0.0,0.0,4.2453,0,0.0,0,0,0.0,0.0,0.0,0.0,2,4.752088506659869e-05,0,5,1.6981,0.0,0.0,4.2453,2,4.752088506659869e-05,0,5,1.6981,0.0,0.0,4.2453,0,0.0,0,0,0.0,0.0,0.0,0.0,2,4.752088506659869e-05,0,5,1.6981,0.0,0.0,4.2453,6.6,-1.189,26.6,-0.447,42.3,-0.415,12.6,-1.013,79.7,0.968,18.9,-0.413,42.3,-0.336,74.1,0.547,2.4,-1.29,16.8,-0.305,46.9,-0.273,6.6,-1.059,2.4,-2.952,22.7,-0.292,46.9,-0.224,6.6,-1.484,15.7,-0.95,42.7,-0.474,45.8,-0.297,26.2,-0.794,79.0,0.723,25.5,-0.411,45.8,-0.258,74.8,0.578,19.6,-0.96,39.2,-0.283,45.5,-0.328,28.0,-0.806,95.8,1.442,25.5,-0.26,45.5,-0.243,89.5,0.826,1.0,-1.289,18.2,-0.496,46.2,-0.302,4.9,-1.036,1.0,-4.106,25.9,-0.281,46.2,-0.239,4.9,-1.462,6.6,-1.707,49.7,-0.401,46.5,-0.288,15.4,-1.027,76.9,0.681,29.7,-0.371,46.5,-0.282,68.5,0.352
7d8qc47gy4mb9mo67e1ic448a,M. Benita,Heracles Almelo,Defender,22,0.006888012555103826,0,81,1.5734,0.0005,0.0,5.7931,10,0.0,0,29,1.5496,0.0,0.0,4.4938,12,0.006888012555103826,0,52,1.5939,0.0009,0.0,6.9067,13,0.0011509398230885,0,43,1.2087,0.0001,0.0,3.9979,9,0.005737072732015326,0,38,1.3946,0.0009,0.0,5.8884,8,0.0,0,39,1.4876,0.0,0.0,7.2521,63.3,0.351,65.0,-0.18,42.3,-0.415,86.7,1.067,71.3,0.555,66.4,-0.187,42.3,-0.336,93.7,1.418,60.8,0.167,16.8,-0.305,46.9,-0.273,69.2,0.358,68.2,0.437,22.7,-0.292,46.9,-0.224,74.1,0.637,69.6,0.492,80.4,0.198,45.8,-0.297,93.7,1.638,69.9,0.517,79.7,0.153,45.8,-0.258,98.6,1.901,70.6,0.678,60.8,-0.232,45.5,-0.328,85.3,1.15,60.8,0.337,57.0,-0.23,45.5,-0.243,85.3,0.707,56.6,0.001,76.2,0.04,46.2,-0.302,83.9,0.807,84.6,0.87,81.8,0.06,46.2,-0.239,95.1,1.763,68.9,0.419,21.3,-0.405,46.5,-0.288,95.8,1.903,62.2,0.161,29.7,-0.371,46.5,-0.282,94.4,1.699
7dkhv2l8y6jq20l1dc2ye17je,O. Edvardsen,AFC Ajax,Midfielder,4,4.991459910658192e-05,0,3,0.93,0.0,0.0,0.6975,2,0.0,0,0,0.93,0.0,0.0,0.0,2,4.991459910658192e-05,0,3,0.93,0.0,0.0,1.3949,1,0.0,0,0,0.93,0.0,0.0,0.0,3,4.991459910658192e-05,0,3,0.93,0.0,0.0,0.93,4,4.991459910658192e-05,0,3,0.93,0.0,0.0,0.6975,34.8,-0.629,34.5,-0.432,40.5,-0.443,17.5,-0.809,17.5,-0.996,22.7,-0.395,40.5,-0.316,13.4,-1.249,35.3,-0.602,22.7,-0.289,44.8,-0.348,12.6,-0.843,32.0,-0.311,28.6,-0.256,44.8,-0.301,12.6,-1.188,33.5,-0.596,53.6,-0.39,44.6,-0.337,30.4,-0.649,27.8,-0.44,30.9,-0.399,44.6,-0.265,30.4,-0.618,24.2,-0.751,25.8,-0.289,45.9,-0.296,12.6,-0.828,34.3,-0.089,30.7,-0.282,45.9,-0.239,12.6,-1.151,44.1,-0.441,52.1,-0.364,44.1,-0.344,33.2,-0.678,33.8,-0.198,31.2,-0.375,44.1,-0.269,28.9,-0.717,34.8,-0.453,49.5,-0.242,44.3,-0.353,19.6,-0.977,19.6,-0.909,30.4,-0.267,44.3,-0.298,14.9,-1.108
7h6w0i7ebl5pew0v1j8ipin10,G. Reiziger,PEC Zwolle,Midfielder,5,0.0,0,7,1.5477,0.0,0.0,2.1668,3,0.0,0,4,1.3929,0.0,0.0,1.8573,2,0.0,0,3,1.8573,0.0,0.0,2.7859,1,0.0,0,0,0.9286,0.0,0.0,0.0,4,0.0,0,7,1.2382,0.0,0.0,2.1668,5,0.0,0,7,1.5477,0.0,0.0,2.1668,39.9,-0.543,15.7,-0.434,40.5,-0.443,27.8,-0.685,82.5,1.002,22.7,-0.395,40.5,-0.316,29.4,-0.483,44.3,-0.434,22.7,-0.289,44.8,-0.348,37.9,-0.611,68.0,0.486,28.6,-0.256,44.8,-0.301,39.2,-0.38,33.5,-0.596,24.5,-0.395,44.6,-0.337,30.4,-0.649,91.2,1.391,30.9,-0.399,44.6,-0.265,51.5,-0.034,24.2,-0.751,25.8,-0.289,45.9,-0.296,12.6,-0.828,31.2,-0.092,30.7,-0.282,45.9,-0.239,12.6,-1.151,52.6,-0.273,24.5,-0.368,44.1,-0.344,46.1,-0.434,84.0,0.739,31.2,-0.375,44.1,-0.269,47.4,-0.108,43.0,-0.112,23.2,-0.245,44.3,-0.353,33.2,-0.589,84.5,0.886,30.4,-0.267,44.3,-0.298,37.1,-0.416
7jgtmmk4b2bgn0syidj6ve7kl,J. Clasie,Alkmaar Zaanstreek,Midfielder,9,0.0001000691304369,0,14,1.405,0.0,0.0,2.1856,5,0.0001000691304369,0,7,1.5611,0.0,0.0,2.1856,4,0.0,0,7,1.2489,0.0,0.0,2.1856,4,0.0,0,3,1.2489,0.0,0.0,0.9367,5,0.0001000691304369,0,11,0.9367,0.0,0.0,2.0607,8,0.0,0,7,1.4987,0.0,0.0,1.3114,55.2,-0.196,38.1,-0.429,40.5,-0.443,44.8,-0.467,70.1,0.541,22.7,-0.395,40.5,-0.316,29.9,-0.473,62.4,-0.097,51.0,-0.284,44.8,-0.348,46.1,-0.438,81.4,0.775,28.6,-0.256,44.8,-0.301,45.9,-0.237,53.9,-0.272,24.5,-0.395,44.6,-0.337,44.3,-0.422,62.9,0.19,30.9,-0.399,44.6,-0.265,44.8,-0.286,51.5,-0.265,25.8,-0.289,45.9,-0.296,34.8,-0.661,74.7,0.547,30.7,-0.282,45.9,-0.239,35.1,-0.717,62.4,-0.105,55.7,-0.359,44.1,-0.344,57.5,-0.191,52.8,-0.178,31.2,-0.375,44.1,-0.269,45.4,-0.16,82.7,0.91,23.2,-0.245,44.3,-0.353,33.2,-0.589,83.5,0.744,30.4,-0.267,44.3,-0.298,24.2,-0.819
7joybllup4h9oe6zfhcepjy6t,S. Berghuis,AFC Ajax,Forward,8,0.0010184696111006,0,29,1.2133,0.0002,0.0,4.3982,4,0.0010184696111006,0,17,1.2133,0.0003,0.0,5.1565,4,0.0,0,12,1.2133,0.0,0.0,3.6399,6,0.0010184696111006,0,29,1.092,0.0002,0.0,5.2778,2,0.0,0,0,0.91,0.0,0.0,0.0,6,0.0010184696111006,0,27,1.092,0.0002,0.0,4.9138,83.9,0.612,62.7,-0.36,44.1,-0.374,88.1,1.242,83.1,0.626,60.2,-0.386,44.1,-0.34,83.1,0.762,81.4,0.578,83.1,-0.055,49.2,-0.186,89.8,1.577,83.1,0.805,78.8,0.031,49.2,-0.186,91.5,1.136,83.9,0.513,30.5,-0.376,45.8,-0.316,87.3,0.649,81.4,0.656,34.7,-0.39,45.8,-0.258,72.9,0.582,89.8,1.101,76.3,-0.204,47.5,-0.267,94.1,2.215,91.5,0.778,72.9,-0.288,47.5,-0.225,89.8,1.297,55.9,-0.169,33.1,-0.368,46.6,-0.302,15.3,-0.818,18.6,0.169,33.9,-0.391,46.6,-0.282,15.3,-0.923,87.3,1.147,69.5,-0.261,46.6,-0.302,98.3,2.313,72.9,0.107,66.1,-0.321,46.6,-0.291,86.4,0.954
7jpreaads35pnnfqbn7hmrmy,S. Mijnans,Alkmaar Zaanstreek,Midfielder,17,0.0136139496740921,1,49,1.4419,0.0012,0.0848,4.1559,9,0.0136139496740921,0,31,1.6793,0.0025,0.0,5.7844,8,0.0,1,18,1.244,0.0,0.1555,2.7989,8,0.0,1,21,1.0662,0.0,0.1333,2.7989,9,0.0136139496740921,0,28,1.3994,0.0021,0.0,4.3538,6,0.013162838324011,1,26,1.1196,0.0025,0.1866,4.8514,78.9,0.497,82.0,0.242,88.7,1.387,79.1,0.623,75.8,0.66,80.2,0.179,88.1,0.697,74.2,0.554,78.6,0.576,91.8,0.491,44.8,-0.348,83.2,0.952,86.6,0.979,88.7,0.415,44.8,-0.301,91.2,1.328,77.3,0.374,24.5,-0.395,93.6,2.178,73.7,0.202,62.4,0.18,30.9,-0.399,94.3,1.325,53.6,-0.029,77.6,0.383,25.8,-0.289,95.4,2.726,74.5,0.342,55.2,0.182,30.7,-0.282,96.9,2.028,56.2,0.145,79.1,0.565,91.8,0.933,44.1,-0.344,80.4,0.844,94.6,1.229,93.6,1.11,44.1,-0.269,87.6,0.968,55.7,0.228,92.8,0.582,93.8,2.384,88.4,1.257,48.5,-0.358,92.0,0.542,94.6,1.683,83.0,0.848
7o8auo4uu5mzh7f4a44ucdf8q,D. Min,FC Utrecht,Forward,4,0.0001029720986079,0,12,0.9316,0.0,0.0,2.7948,0,0.0,0,0,0.0,0.0,0.0,0.0,4,0.0001029720986079,0,12,0.9316,0.0,0.0,2.7948,1,0.0001029720986079,0,10,0.9316,0.0001,0.0,9.3159,3,0.0,0,2,0.9316,0.0,0.0,0.6211,4,0.0001029720986079,0,12,0.9316,0.0,0.0,2.7948,61.9,-0.156,49.2,-0.466,44.1,-0.374,72.0,0.006,45.8,-0.51,24.6,-0.526,44.1,-0.34,57.6,0.03,16.1,-0.786,33.9,-0.333,49.2,-0.186,23.7,-0.745,16.1,-1.346,34.7,-0.393,49.2,-0.186,23.7,-0.733,83.9,0.513,69.5,-0.362,45.8,-0.316,87.3,0.649,57.6,0.145,34.7,-0.39,45.8,-0.258,67.8,0.229,39.0,-0.431,71.2,-0.33,47.5,-0.267,81.4,0.354,66.1,0.438,70.3,-0.347,47.5,-0.225,100.0,2.887,77.1,0.247,33.1,-0.368,46.6,-0.302,46.6,-0.522,69.5,0.223,33.9,-0.391,46.6,-0.282,39.0,-0.634,61.9,0.251,55.9,-0.439,46.6,-0.302,78.8,0.43,49.2,-0.491,27.1,-0.464,46.6,-0.291,59.3,0.028
7qwmlcxsxlxmq01g7dkt7v14a,M. Balard,NAC Breda,Goalkeeper,32,0.1728886724378211,1,76,1.7398,0.0094,0.0544,4.132,13,0.1727825824589466,1,55,1.5019,0.02,0.1155,6.3543,19,0.0001060899788745129,0,21,1.9512,0.0,0.0,2.1566,18,0.1707429364808753,0,44,1.3864,0.0132,0.0,3.389,14,0.002145735956945813,1,32,1.4377,0.0002,0.1027,3.2863,8,0.1703271538066052,0,22,1.4788,0.0315,0.0,4.0668,63.6,0.706,100.0,2.028,90.9,1.557,63.6,0.571,81.8,0.911,100.0,2.251,90.9,0.026,36.4,-0.13,63.6,0.302,100.0,2.358,95.5,2.023,72.7,0.786,63.6,0.298,100.0,2.553,100.0,2.269,54.5,0.361,90.9,1.135,63.6,-0.497,50.0,-0.302,63.6,0.152,100.0,1.134,40.9,-0.484,50.0,-0.302,54.5,0.08,72.7,0.665,100.0,2.416,54.5,0.0,68.2,0.332,90.9,0.754,100.0,2.562,54.5,0.0,36.4,-0.379,72.7,0.727,81.8,-0.244,90.9,1.557,81.8,0.982,100.0,1.068,77.3,-0.217,90.9,0.012,90.9,1.182,68.2,0.562,100.0,2.851,50.0,-0.302,63.6,0.182,54.5,0.266,100.0,2.853,50.0,-0.302,36.4,-0.391
7tj7eobo7kmk8egcbfrabe8d1,A. Pléa,PSV Eindhoven,Forward,1,0.0,0,0,0.9184,0.0,0.0,0.0,0,0.0,0,0,0.0,0.0,0.0,0.0,1,0.0,0,0,0.9184,0.0,0.0,0.0,1,0.0,0,0,0.9184,0.0,0.0,0.0,0,0.0,0,0,0.0,0.0,0.0,0.0,1,0.0,0,0,0.9184,0.0,0.0,0.0,13.6,-0.732,22.0,-0.478,44.1,-0.374,6.8,-0.866,11.0,-0.563,24.6,-0.526,44.1,-0.34,6.8,-1.246,16.1,-0.786,33.9,-0.333,49.2,-0.186,23.7,-0.745,16.1,-1.346,34.7,-0.393,49.2,-0.186,23.7,-0.733,33.9,-0.519,30.5,-0.376,45.8,-0.316,16.1,-0.756,30.5,0.121,34.7,-0.39,45.8,-0.258,16.1,-0.94,39.0,-0.431,33.1,-0.344,47.5,-0.267,22.9,-0.626,36.4,0.41,34.7,-0.406,47.5,-0.225,22.9,-0.782,8.5,-1.003,33.1,-0.368,46.6,-0.302,15.3,-0.818,8.5,-2.074,33.9,-0.391,46.6,-0.282,15.3,-0.923,13.6,-1.094,25.4,-0.459,46.6,-0.302,6.8,-1.077,11.0,-0.54,27.1,-0.464,46.6,-0.291,6.8,-1.194
7ty1wdxxnusgkl34k5raipbl5,M. van Bergen,Sparta Rotterdam,Midfielder,7,0.009795610935586799,0,15,1.084,0.0015,0.0,2.3228,2,0.0,0,1,0.9291,0.0,0.0,0.4646,5,0.009795610935586799,0,14,1.1614,0.0023,0.0,3.2519,5,0.009795610935586799,0,14,1.1614,0.0023,0.0,3.2519,2,0.0,0,1,0.9291,0.0,0.0,0.4646,6,0.009795610935586799,0,14,1.1149,0.0018,0.0,2.6015,46.6,-0.369,76.8,0.052,40.5,-0.443,46.9,-0.436,39.2,-0.498,83.5,0.323,40.5,-0.316,32.0,-0.401,35.3,-0.602,22.7,-0.289,44.8,-0.348,27.8,-0.785,29.9,-0.313,28.6,-0.256,44.8,-0.301,26.8,-0.986,60.8,-0.111,87.1,0.653,44.6,-0.337,65.2,-0.025,54.6,0.017,92.5,1.202,44.6,-0.265,59.8,0.161,58.8,-0.103,87.6,0.29,45.9,-0.296,62.9,-0.048,67.0,0.372,90.7,0.59,45.9,-0.239,64.4,0.354,35.8,-0.608,24.5,-0.368,44.1,-0.344,24.7,-0.8,31.4,-0.201,31.2,-0.375,44.1,-0.269,23.2,-0.945,55.7,0.228,91.2,0.37,44.3,-0.353,59.8,0.091,42.8,-0.372,89.9,0.316,44.3,-0.298,45.4,-0.211
7wjzrrcy3fp8nq6dlanfxvqhh,B. Nuytinck,Nijmegen Eendracht Combinatie,Defender,4,0.0,0,4,1.2192,0.0,0.0,1.2192,2,0.0,0,0,1.8287,0.0,0.0,0.0,2,0.0,0,4,0.9144,0.0,0.0,1.8287,3,0.0,0,4,0.9144,0.0,0.0,1.2192,1,0.0,0,0,0.9144,0.0,0.0,0.0,4,0.0,0,4,1.2192,0.0,0.0,1.2192,14.0,-1.035,12.2,-0.449,42.3,-0.415,10.1,-1.041,30.1,-0.62,18.9,-0.413,42.3,-0.336,13.3,-1.155,18.2,-0.999,16.8,-0.305,46.9,-0.273,6.6,-1.059,85.3,1.047,22.7,-0.292,46.9,-0.224,6.6,-1.484,15.7,-0.95,19.2,-0.479,45.8,-0.297,22.7,-0.846,7.7,-0.825,25.5,-0.411,45.8,-0.258,26.6,-0.622,28.3,-0.811,18.2,-0.285,45.5,-0.328,25.5,-0.857,13.3,-0.328,25.5,-0.26,45.5,-0.243,27.3,-0.621,5.9,-1.145,18.2,-0.496,46.2,-0.302,4.9,-1.036,4.2,-0.843,25.9,-0.281,46.2,-0.239,4.9,-1.462,14.0,-0.998,21.3,-0.405,46.5,-0.288,11.5,-1.113,39.9,-0.502,29.7,-0.371,46.5,-0.282,14.0,-1.003
7wz2sc3d07aaduyhmihffa2hg,J. McConnell,AFC Ajax,Midfielder,1,0.0,0,2,0.9231,0.0,0.0,1.8462,0,0.0,0,0,0.0,0.0,0.0,0.0,1,0.0,0,2,0.9231,0.0,0.0,1.8462,1,0.0,0,2,0.9231,0.0,0.0,1.8462,0,0.0,0,0,0.0,0.0,0.0,0.0,1,0.0,0,2,0.9231,0.0,0.0,1.8462,6.7,-0.889,15.7,-0.434,40.5,-0.443,14.4,-0.84,9.0,-1.019,22.7,-0.395,40.5,-0.316,25.8,-0.65,7.0,-0.939,22.7,-0.289,44.8,-0.348,12.6,-0.843,7.0,-1.913,28.6,-0.256,44.8,-0.301,12.6,-1.188,17.5,-0.757,24.5,-0.395,44.6,-0.337,25.5,-0.706,17.5,-0.454,30.9,-0.399,44.6,-0.265,38.1,-0.428,24.2,-0.751,25.8,-0.289,45.9,-0.296,29.9,-0.716,24.0,-0.103,30.7,-0.282,45.9,-0.239,42.8,-0.296,3.4,-0.943,24.5,-0.368,44.1,-0.344,10.6,-0.861,3.4,-3.025,31.2,-0.375,44.1,-0.269,10.6,-1.174,6.7,-1.476,23.2,-0.245,44.3,-0.353,16.2,-1.074,10.1,-0.929,30.4,-0.267,44.3,-0.298,33.0,-0.567
7xovmwq2h4rcr9nuou4gi3g2c,W. Prins,FC Groningen,Defender,5,0.002071007317191106,0,31,1.1642,0.0005,0.0,7.2178,1,7.729107955800618e-05,0,9,0.9313,0.0001,0.0,8.3819,4,0.0019937162376331,0,22,1.2418,0.0006,0.0,6.8297,2,0.0019937162376331,0,18,1.8627,0.0019,0.0,16.7639,3,7.729107955800618e-05,0,13,0.9313,0.0,0.0,4.0357,5,0.002071007317191106,0,31,1.1642,0.0005,0.0,7.2178,19.9,-0.958,46.2,-0.368,42.3,-0.415,50.3,-0.302,23.8,-0.803,66.4,-0.187,42.3,-0.336,97.9,2.219,10.1,-1.144,39.2,-0.301,46.9,-0.273,37.1,-0.619,14.7,-0.915,52.4,-0.262,46.9,-0.224,99.3,2.471,35.0,-0.661,68.5,-0.283,45.8,-0.297,63.6,0.085,42.0,-0.178,76.2,-0.035,45.8,-0.258,97.9,1.863,19.6,-0.96,68.5,-0.193,45.5,-0.328,54.5,-0.137,97.2,1.813,92.0,0.31,45.5,-0.243,100.0,6.812,25.5,-0.859,41.3,-0.489,46.2,-0.302,42.0,-0.405,18.5,-0.783,25.9,-0.281,46.2,-0.239,82.5,0.748,23.8,-0.644,76.2,-0.211,46.5,-0.288,91.3,1.213,37.8,-0.638,76.6,-0.167,46.5,-0.282,93.7,1.683
7y0acvcg9km8dz51t5ndy23md,M. van Duinen,SBV Excelsior,Forward,2,0.00174296169918,0,1,0.9302,0.0008,0.0,0.4651,0,0.0,0,0,0.0,0.0,0.0,0.0,2,0.00174296169918,0,1,0.9302,0.0008,0.0,0.4651,0,0.0,0,0,0.0,0.0,0.0,0.0,2,0.00174296169918,0,1,0.9302,0.0008,0.0,0.4651,2,0.00174296169918,0,1,0.9302,0.0008,0.0,0.4651,35.6,-0.54,71.2,-0.276,44.1,-0.374,16.1,-0.794,42.4,-0.515,78.0,0.034,44.1,-0.34,16.9,-1.033,16.1,-0.786,33.9,-0.333,49.2,-0.186,23.7,-0.745,16.1,-1.346,34.7,-0.393,49.2,-0.186,23.7,-0.733,55.1,-0.175,78.0,-0.149,45.8,-0.316,35.6,-0.639,54.2,0.142,78.0,-0.062,45.8,-0.258,37.3,-0.745,14.4,-0.737,33.1,-0.344,47.5,-0.267,22.9,-0.626,14.4,-1.541,34.7,-0.406,47.5,-0.225,22.9,-0.782,55.9,-0.169,86.4,0.028,46.6,-0.302,35.6,-0.67,67.8,0.219,88.1,0.35,46.6,-0.282,35.6,-0.706,35.6,-0.646,79.7,-0.119,46.6,-0.302,16.9,-0.951,45.8,-0.496,83.9,0.111,46.6,-0.291,18.6,-0.991
80dk8iv6p0202z10qcqy8bfca,S. Scheperman,Heracles Almelo,Midfielder,10,0.0036629537694952,0,37,1.3419,0.0005,0.0,4.9651,7,0.0,0,17,1.6438,0.0,0.0,3.9922,3,0.0036629537694952,0,20,0.9393,0.0011,0.0,6.2622,4,0.0,0,12,1.8787,0.0,0.0,5.636,6,0.0036629537694952,0,25,0.9393,0.0006,0.0,3.9139,8,0.0001518405139138,0,23,1.5029,0.0,0.0,4.3209,59.5,-0.109,63.9,-0.252,40.5,-0.443,73.2,0.249,65.5,0.336,67.0,-0.156,40.5,-0.316,86.1,0.976,71.1,0.239,22.7,-0.289,44.8,-0.348,68.0,0.142,85.1,0.918,28.6,-0.256,44.8,-0.301,68.6,0.549,45.4,-0.434,80.9,-0.003,44.6,-0.337,76.0,0.316,44.3,-0.422,84.3,0.366,44.6,-0.265,92.8,1.424,51.5,-0.265,25.8,-0.289,45.9,-0.296,59.3,-0.159,99.5,1.803,30.7,-0.282,45.9,-0.239,92.3,1.458,69.3,0.062,79.4,-0.018,44.1,-0.344,78.4,0.662,57.7,-0.17,81.4,0.049,44.1,-0.269,81.4,0.752,82.7,0.91,56.7,-0.235,44.3,-0.353,80.4,0.965,84.0,0.756,30.4,-0.267,44.3,-0.298,73.2,0.598
8624hqd4nlbzcoqsetvsvla8k,D. Fonville,Nijmegen Eendracht Combinatie,Defender,21,0.0212631604144069,0,42,1.484,0.0015,0.0,2.9681,3,0.0,0,0,0.9187,0.0,0.0,0.0,18,0.0212631604144069,0,42,1.6536,0.002,0.0,3.8585,8,0.0039767583036083,0,25,1.2249,0.0006,0.0,3.8279,13,0.0172864021107986,0,17,1.327,0.0018,0.0,1.7353,9,0.0,0,19,1.6536,0.0,0.0,3.491,61.2,0.274,83.9,0.381,42.3,-0.415,59.1,-0.001,63.6,0.258,84.6,0.265,42.3,-0.336,44.1,-0.171,24.1,-0.853,16.8,-0.305,46.9,-0.273,6.6,-1.059,7.0,-0.943,22.7,-0.292,46.9,-0.224,6.6,-1.484,88.8,1.357,95.1,1.611,45.8,-0.297,84.6,1.12,74.8,0.635,91.6,0.842,45.8,-0.258,67.8,0.386,54.5,-0.067,76.2,-0.102,45.5,-0.328,63.6,0.223,62.9,0.373,80.4,-0.08,45.5,-0.243,79.0,0.626,74.5,0.574,88.8,1.12,46.2,-0.302,52.8,-0.212,79.7,0.629,90.6,0.401,46.2,-0.239,30.1,-0.512,80.1,0.773,21.3,-0.405,46.5,-0.288,60.8,0.18,72.7,0.571,29.7,-0.371,46.5,-0.282,53.1,0.015
88523fv89ozrqwnbhgphxual0,M. Egbring,SC Heerenveen,Defender,4,0.0,0,6,1.8462,0.0,0.0,2.7692,1,0.0,0,0,0.9231,0.0,0.0,0.0,3,0.0,0,6,2.7692,0.0,0.0,5.5385,0,0.0,0,0,0.0,0.0,0.0,0.0,4,0.0,0,6,1.8462,0.0,0.0,2.7692,4,0.0,0,6,1.8462,0.0,0.0,2.7692,14.0,-1.035,12.2,-0.449,42.3,-0.415,14.3,-0.986,90.2,1.459,18.9,-0.413,42.3,-0.336,38.5,-0.283,10.1,-1.144,16.8,-0.305,46.9,-0.273,6.6,-1.059,9.8,-0.933,22.7,-0.292,46.9,-0.224,6.6,-1.484,24.8,-0.805,19.2,-0.479,45.8,-0.297,28.0,-0.743,99.3,2.838,25.5,-0.411,45.8,-0.258,89.5,1.221,5.9,-1.257,18.2,-0.285,45.5,-0.328,8.7,-1.063,5.9,-2.393,25.5,-0.26,45.5,-0.243,8.7,-1.204,31.8,-0.715,18.2,-0.496,46.2,-0.302,25.9,-0.745,97.2,2.482,25.9,-0.281,46.2,-0.239,57.7,0.054,14.0,-0.998,21.3,-0.405,46.5,-0.288,17.5,-0.941,80.4,1.046,29.7,-0.371,46.5,-0.282,39.9,-0.309
891zjrm0zjc2e3ebjx11p2y38,J. Slory,Go Ahead Eagles,Midfielder,7,0.0,0,12,1.0908,0.0,0.0,1.8699,4,0.0,0,7,1.2466,0.0,0.0,2.1815,3,0.0,0,5,0.9349,0.0,0.0,1.5582,4,0.0,0,6,1.2466,0.0,0.0,1.8699,3,0.0,0,6,0.9349,0.0,0.0,1.8699,6,0.0,0,7,1.1219,0.0,0.0,1.3089,46.6,-0.369,15.7,-0.434,40.5,-0.443,42.3,-0.529,40.7,-0.476,22.7,-0.395,40.5,-0.316,26.8,-0.637,53.1,-0.265,22.7,-0.289,44.8,-0.348,46.1,-0.438,62.4,0.234,28.6,-0.256,44.8,-0.301,45.4,-0.239,45.4,-0.434,24.5,-0.395,44.6,-0.337,38.4,-0.536,37.6,-0.43,30.9,-0.399,44.6,-0.265,33.5,-0.549,51.5,-0.265,25.8,-0.289,45.9,-0.296,45.1,-0.494,74.2,0.542,30.7,-0.282,45.9,-0.239,44.3,-0.285,44.1,-0.441,24.5,-0.368,44.1,-0.344,42.5,-0.495,48.5,-0.183,31.2,-0.375,44.1,-0.269,42.8,-0.254,55.7,0.228,23.2,-0.245,44.3,-0.353,33.2,-0.589,49.0,-0.351,30.4,-0.267,44.3,-0.298,23.2,-0.82
89plvrt8pzppcclh4axvii0ru,A. Plat,FC Volendam,Midfielder,14,0.01879105759704068,0,59,1.4512,0.0019,0.0,6.1159,7,0.0042614235986584,0,21,1.6326,0.001,0.0,4.8979,7,0.01452963399838228,0,38,1.3061,0.0027,0.0,7.0902,8,0.01459716272756804,0,39,1.4927,0.0027,0.0,7.2768,6,0.004193894869472635,0,20,1.3994,0.001,0.0,4.6646,8,0.004608466655075834,0,22,1.4927,0.0009,0.0,4.1049,72.9,0.237,86.1,0.499,40.5,-0.443,82.0,0.934,76.3,0.69,86.3,0.514,40.5,-0.316,94.8,1.576,71.1,0.239,81.4,-0.045,44.8,-0.348,74.0,0.373,84.0,0.899,84.0,0.012,44.8,-0.301,84.0,0.943,74.0,0.212,90.7,1.159,44.6,-0.337,88.7,1.338,67.0,0.303,93.3,1.481,44.6,-0.265,93.8,1.771,77.6,0.383,90.2,0.574,45.9,-0.296,88.9,1.344,90.7,1.033,92.8,0.741,45.9,-0.239,96.4,2.217,69.3,0.062,81.4,0.033,44.1,-0.344,73.5,0.357,94.6,1.229,87.1,0.332,44.1,-0.269,90.7,1.121,82.7,0.91,84.5,0.044,44.3,-0.353,77.8,0.868,80.9,0.726,82.7,0.024,44.3,-0.298,69.6,0.496
8d0ffyx2qnnp0limf5aou92ei,A. Ueda,Feyenoord Rotterdam,Forward,3,0.0022227483341478,0,9,0.9217,0.0007,0.0,2.7651,3,0.0022227483341478,0,9,0.9217,0.0007,0.0,2.7651,0,0.0,0,0,0.0,0.0,0.0,0.0,2,0.0022227483341478,0,9,0.9217,0.001,0.0,4.1477,1,0.0,0,0,0.9217,0.0,0.0,0.0,3,0.0022227483341478,0,9,0.9217,0.0007,0.0,2.7651,50.8,-0.348,72.9,-0.22,44.1,-0.374,56.8,-0.212,16.9,-0.549,73.7,-0.036,44.1,-0.34,50.8,0.016,73.7,0.237,91.5,0.274,49.2,-0.186,77.1,0.484,47.5,0.288,88.1,0.597,49.2,-0.186,69.5,0.269,11.9,-0.862,30.5,-0.376,45.8,-0.316,16.1,-0.756,11.9,-1.546,34.7,-0.39,45.8,-0.258,16.1,-0.94,60.2,-0.125,83.1,-0.037,47.5,-0.267,78.0,0.256,42.4,0.417,83.9,0.183,47.5,-0.225,81.4,0.852,28.8,-0.586,33.1,-0.368,46.6,-0.302,15.3,-0.818,33.9,0.198,33.9,-0.391,46.6,-0.282,15.3,-0.923,50.8,-0.198,81.4,-0.026,46.6,-0.302,61.0,0.053,18.6,-0.528,78.8,0.039,46.6,-0.291,52.5,0.015
8f3bhiy6r5eei1n25exhbwr8p,J. Lotomba,Feyenoord Rotterdam,Defender,8,0.0002669490302716,0,17,1.0642,0.0,0.0,2.2615,5,0.0002669490302716,0,16,1.164,0.0001,0.0,3.7248,3,0.0,0,1,0.9312,0.0,0.0,0.3104,0,0.0,0,0,0.0,0.0,0.0,0.0,8,0.0002669490302716,0,17,1.0642,0.0,0.0,2.2615,5,0.0002669490302716,0,11,0.9312,0.0,0.0,2.0486,32.5,-0.727,31.8,-0.438,42.3,-0.415,31.8,-0.685,11.9,-1.135,18.9,-0.413,42.3,-0.336,25.9,-0.568,37.4,-0.561,47.2,-0.292,46.9,-0.273,49.0,-0.277,32.2,-0.406,52.4,-0.262,46.9,-0.224,59.4,0.274,24.8,-0.805,19.2,-0.479,45.8,-0.297,13.6,-1.001,16.1,-0.791,25.5,-0.411,45.8,-0.258,12.6,-1.377,5.9,-1.257,18.2,-0.285,45.5,-0.328,8.7,-1.063,5.9,-2.393,25.5,-0.26,45.5,-0.243,8.7,-1.204,51.4,-0.142,47.9,-0.471,46.2,-0.302,52.8,-0.212,41.3,-0.309,25.9,-0.281,46.2,-0.239,42.7,-0.224,23.8,-0.644,59.1,-0.38,46.5,-0.288,35.0,-0.51,8.4,-1.213,29.7,-0.371,46.5,-0.282,29.4,-0.631
8gde39dg3u3kqhd8pa2mdcn2t,T. Chery,Nijmegen Eendracht Combinatie,Forward,5,0.0042280782218123,0,24,0.9181,0.0008,0.0,4.4068,4,0.0042280782218123,0,22,0.9181,0.001,0.0,5.0495,1,0.0,0,2,0.9181,0.0,0.0,1.8362,2,0.0033730757732479,0,11,0.9181,0.0015,0.0,5.0495,3,0.0008550024485644,0,13,0.9181,0.0003,0.0,3.9784,5,0.0042280782218123,0,24,0.9181,0.0008,0.0,4.4068,71.2,0.036,78.0,0.014,44.1,-0.374,86.4,0.879,8.5,-0.564,78.0,0.034,44.1,-0.34,84.7,0.766,81.4,0.578,93.2,0.822,49.2,-0.186,94.9,2.26,39.0,0.282,91.5,1.021,49.2,-0.186,89.8,1.097,33.9,-0.519,30.5,-0.376,45.8,-0.316,44.9,-0.522,28.8,0.12,34.7,-0.39,45.8,-0.258,49.2,-0.172,60.2,-0.125,86.4,0.122,47.5,-0.267,83.9,0.452,33.9,0.409,89.8,0.477,47.5,-0.225,86.4,1.207,77.1,0.247,81.4,-0.173,46.6,-0.302,91.5,1.106,25.4,0.189,80.5,-0.113,46.6,-0.282,78.0,0.933,74.6,0.699,86.4,0.365,46.6,-0.302,94.9,1.937,8.5,-0.541,83.9,0.111,46.6,-0.291,81.4,0.733
8hgpvnzy2mra3ps209tniq7f8,O. Gloukh,AFC Ajax,Midfielder,2,0.0,0,0,0.9268,0.0,0.0,0.0,1,0.0,0,0,0.9268,0.0,0.0,0.0,1,0.0,0,0,0.9268,0.0,0.0,0.0,2,0.0,0,0,0.9268,0.0,0.0,0.0,0,0.0,0,0,0.0,0.0,0.0,0.0,2,0.0,0,0,0.9268,0.0,0.0,0.0,18.8,-0.803,15.7,-0.434,40.5,-0.443,4.9,-0.903,12.4,-1.007,22.7,-0.395,40.5,-0.316,4.9,-1.612,21.9,-0.77,22.7,-0.289,44.8,-0.348,12.6,-0.843,25.8,-0.317,28.6,-0.256,44.8,-0.301,12.6,-1.188,17.5,-0.757,24.5,-0.395,44.6,-0.337,9.5,-0.82,21.6,-0.446,30.9,-0.399,44.6,-0.265,9.5,-1.203,34.8,-0.589,25.8,-0.289,45.9,-0.296,12.6,-0.828,27.3,-0.096,30.7,-0.282,45.9,-0.239,12.6,-1.151,3.4,-0.943,24.5,-0.368,44.1,-0.344,10.6,-0.861,3.4,-3.025,31.2,-0.375,44.1,-0.269,10.6,-1.174,18.8,-1.135,23.2,-0.245,44.3,-0.353,5.2,-1.269,13.9,-0.918,30.4,-0.267,44.3,-0.298,5.2,-1.436
8jm8a7w3a5b5nzikcom7cvf2s,M. Willemsen,SC Heerenveen,Defender,25,0.01083749393058516,0,83,1.3636,0.0006,0.0,4.527,7,0.0001382172591824216,0,27,1.0818,0.0,0.0,4.1725,18,0.01069927667140274,0,56,1.5173,0.0009,0.0,4.7204,16,0.009895755421146811,0,55,1.1412,0.0007,0.0,3.9228,9,0.0009417385094383493,0,28,0.9272,0.0001,0.0,2.8847,9,0.0009014939961373,0,30,1.669,0.0002,0.0,5.5633,68.9,0.582,72.7,-0.026,42.3,-0.415,87.8,1.121,49.0,-0.141,69.2,-0.142,42.3,-0.336,78.3,0.706,49.3,-0.27,41.3,-0.298,46.9,-0.273,64.0,0.26,27.3,-0.586,22.7,-0.292,46.9,-0.224,67.8,0.485,88.8,1.357,85.3,0.572,45.8,-0.297,95.8,1.845,67.1,0.366,79.7,0.153,45.8,-0.258,82.5,0.815,85.3,1.124,86.7,0.171,45.5,-0.328,94.8,1.767,53.8,0.184,83.2,-0.05,45.5,-0.243,81.1,0.671,56.6,0.001,59.4,-0.408,46.2,-0.302,71.3,0.322,13.3,-0.798,57.3,-0.243,46.2,-0.239,64.3,0.118,80.1,0.773,71.3,-0.321,46.5,-0.288,88.5,1.127,74.8,0.609,71.7,-0.289,46.5,-0.282,85.3,0.942
8kydif03gk6apce8xwl9w3ht5,T. Ouwejan,Nijmegen Eendracht Combinatie,Defender,3,0.0,0,1,0.9251,0.0,0.0,0.3084,1,0.0,0,0,0.9251,0.0,0.0,0.0,2,0.0,0,1,0.9251,0.0,0.0,0.4626,2,0.0,0,0,0.9251,0.0,0.0,0.0,1,0.0,0,1,0.9251,0.0,0.0,0.9251,3,0.0,0,1,0.9251,0.0,0.0,0.3084,10.5,-1.112,12.2,-0.449,42.3,-0.415,4.9,-1.123,3.5,-1.596,18.9,-0.413,42.3,-0.336,4.2,-1.667,10.1,-1.144,16.8,-0.305,46.9,-0.273,6.6,-1.059,11.2,-0.929,22.7,-0.292,46.9,-0.224,6.6,-1.484,15.7,-0.95,19.2,-0.479,45.8,-0.297,13.6,-1.001,13.3,-0.804,25.5,-0.411,45.8,-0.258,13.3,-1.301,19.6,-0.96,18.2,-0.285,45.5,-0.328,8.7,-1.063,20.3,-0.304,25.5,-0.26,45.5,-0.243,8.7,-1.204,5.9,-1.145,18.2,-0.496,46.2,-0.302,10.8,-0.987,11.5,-0.805,25.9,-0.281,46.2,-0.239,16.8,-0.955,10.5,-1.353,21.3,-0.405,46.5,-0.288,4.9,-1.371,5.6,-1.228,29.7,-0.371,46.5,-0.282,4.2,-1.41
8ledzu9tb7knxqbj7izpk6b6c,N. Emeran,FC Groningen,Midfielder,1,0.0,0,0,0.9278,0.0,0.0,0.0,0,0.0,0,0,0.0,0.0,0.0,0.0,1,0.0,0,0,0.9278,0.0,0.0,0.0,0,0.0,0,0,0.0,0.0,0.0,0.0,1,0.0,0,0,0.9278,0.0,0.0,0.0,1,0.0,0,0,0.9278,0.0,0.0,0.0,6.7,-0.889,15.7,-0.434,40.5,-0.443,4.9,-0.903,14.7,-1.004,22.7,-0.395,40.5,-0.316,4.9,-1.612,7.0,-0.939,22.7,-0.289,44.8,-0.348,12.6,-0.843,7.0,-1.913,28.6,-0.256,44.8,-0.301,12.6,-1.188,17.5,-0.757,24.5,-0.395,44.6,-0.337,9.5,-0.82,24.7,-0.444,30.9,-0.399,44.6,-0.265,9.5,-1.203,8.2,-0.913,25.8,-0.289,45.9,-0.296,12.6,-0.828,8.2,-1.945,30.7,-0.282,45.9,-0.239,12.6,-1.151,18.6,-0.776,24.5,-0.368,44.1,-0.344,10.6,-0.861,28.6,-0.205,31.2,-0.375,44.1,-0.269,10.6,-1.174,6.7,-1.476,23.2,-0.245,44.3,-0.353,5.2,-1.269,16.8,-0.915,30.4,-0.267,44.3,-0.298,5.2,-1.436
8lt54ei6pcu25u8uerigmx5yi,A. Engwanda,FC Utrecht,Midfielder,57,0.005323175834004667,1,117,1.891,0.0002,0.0332,3.8816,31,0.004969900001712792,0,71,2.0569,0.0003,0.0,4.711,26,0.0003532758322918752,1,46,1.7252,0.0,0.0664,3.0522,26,0.000572669830376292,0,61,1.2712,0.0,0.0,2.9824,31,0.004750506003628375,1,56,1.3713,0.0002,0.0442,2.4771,12,0.0,0,23,2.2294,0.0,0.0,4.2731,100.0,3.963,67.5,-0.17,88.7,1.387,97.7,2.74,96.9,2.113,54.6,-0.299,80.9,0.081,68.0,0.411,100.0,4.279,82.5,-0.005,44.8,-0.348,99.0,3.269,96.4,1.629,72.4,-0.176,44.8,-0.301,80.9,0.861,97.9,3.283,66.5,-0.357,93.6,2.178,94.8,1.792,87.1,1.13,30.9,-0.399,89.7,0.414,57.2,0.078,99.0,3.3,66.5,-0.255,45.9,-0.296,97.7,2.57,75.8,0.591,30.7,-0.282,45.9,-0.239,59.3,0.23,100.0,4.251,83.0,0.086,93.3,2.04,95.9,2.549,91.8,1.144,69.8,-0.234,88.1,0.206,55.7,0.045,99.0,2.274,23.2,-0.245,44.3,-0.353,80.4,0.965,99.0,2.867,30.4,-0.267,44.3,-0.298,71.6,0.576
8n9t52eeli3s39r8ujjhjt7je,J. Kitolano,Sparta Rotterdam,Midfielder,23,0.0037352962840363,1,48,1.3372,0.0002,0.0581,2.7907,13,0.0032539615278322,1,36,1.3437,0.0003,0.1034,3.7209,10,0.0004813347562041,0,12,1.3289,0.0001,0.0,1.5947,13,0.0030202440015349,0,14,1.0994,0.0003,0.0,1.1839,10,0.0007150522825014,1,34,1.0336,0.0001,0.1034,3.5142,8,0.0,1,17,1.4884,0.0,0.186,3.1628,85.3,1.017,64.4,-0.249,88.7,1.387,78.4,0.592,64.9,0.321,54.6,-0.299,84.5,0.378,43.3,-0.157,87.1,1.249,77.3,-0.103,94.8,2.863,87.9,1.242,66.5,0.401,72.4,-0.176,91.8,1.121,63.4,0.431,82.5,0.697,68.6,-0.343,44.6,-0.337,59.5,-0.138,68.0,0.348,66.8,-0.33,44.6,-0.265,34.0,-0.534,86.9,1.194,78.4,-0.111,45.9,-0.296,62.9,-0.048,58.2,0.249,73.7,-0.168,45.9,-0.239,37.1,-0.603,82.0,0.732,66.0,-0.3,93.3,2.04,88.1,1.21,64.9,0.117,64.9,-0.305,91.8,0.842,73.2,0.555,82.7,0.91,23.2,-0.245,93.8,2.384,65.7,0.382,79.1,0.714,30.4,-0.267,91.5,1.677,54.1,0.053
8nnxi9lw3hso096kk81h0azh0,J. Talvitie,NAC Breda,Midfielder,8,5.226869595555128e-05,0,19,0.9233,0.0,0.0,2.1927,5,5.226869595555128e-05,0,11,0.9233,0.0,0.0,2.0312,3,0.0,0,8,0.9233,0.0,0.0,2.462,4,0.0,0,11,0.9233,0.0,0.0,2.5389,4,5.226869595555128e-05,0,8,0.9233,0.0,0.0,1.8465,5,0.0,0,7,0.9233,0.0,0.0,1.2926,50.8,-0.283,35.1,-0.431,40.5,-0.443,53.4,-0.311,9.8,-1.018,22.7,-0.395,40.5,-0.316,30.4,-0.469,62.4,-0.097,49.7,-0.286,44.8,-0.348,58.0,-0.206,22.2,-0.323,28.6,-0.256,44.8,-0.301,42.8,-0.304,45.4,-0.434,24.5,-0.395,44.6,-0.337,48.7,-0.365,18.0,-0.453,30.9,-0.399,44.6,-0.265,47.9,-0.17,51.5,-0.265,25.8,-0.289,45.9,-0.296,57.2,-0.215,24.7,-0.103,30.7,-0.282,45.9,-0.239,49.5,0.024,52.6,-0.273,53.1,-0.363,44.1,-0.344,49.5,-0.374,19.6,-0.218,31.2,-0.375,44.1,-0.269,41.2,-0.266,43.0,-0.112,23.2,-0.245,44.3,-0.353,33.2,-0.589,10.8,-0.928,30.4,-0.267,44.3,-0.298,22.2,-0.828
8oetnmi8kejwwy37rhlelw2ne,W. Ould-Chikh,Heracles Almelo,Midfielder,17,0.01170152656864042,3,34,1.437,0.001,0.2536,2.874,5,0.0005292193363264,1,11,1.5497,0.0002,0.3099,3.4094,12,0.01117230723231402,2,23,1.3947,0.0013,0.2325,2.6733,4,0.0005663920891141231,0,11,0.9298,0.0001,0.0,2.557,13,0.0111351344795263,3,23,1.2088,0.001,0.2789,2.1386,9,0.0,1,10,1.6737,0.0,0.186,1.8597,78.9,0.497,79.4,0.147,99.7,5.047,70.4,0.156,74.7,0.644,77.6,0.084,99.5,2.715,46.9,-0.114,62.4,-0.097,62.4,-0.259,94.8,2.863,58.0,-0.206,79.4,0.756,68.0,-0.202,97.9,3.96,59.8,0.295,86.1,1.021,89.2,0.8,99.2,4.693,80.2,0.486,72.7,0.478,86.1,0.506,96.4,2.112,49.0,-0.081,51.5,-0.265,65.5,-0.256,45.9,-0.296,57.2,-0.215,33.0,-0.09,65.5,-0.244,45.9,-0.239,50.5,0.033,86.3,1.235,90.7,0.696,100.0,6.808,76.3,0.54,81.4,0.65,87.1,0.332,97.9,2.728,46.4,-0.122,90.7,1.251,23.2,-0.245,93.8,2.384,48.5,-0.297,88.1,1.252,30.4,-0.267,91.5,1.677,34.0,-0.561
8p3x0sm735fru6nthc87pjrbo,Neville Ogidi Nwankwo,SC Telstar,Defender,33,0.02798849547248846,1,117,1.696,0.0014,0.0514,6.0132,21,0.02650746680828267,1,61,1.9427,0.0025,0.0925,5.6432,12,0.001481028664205788,0,56,1.3877,0.0002,0.0,6.4758,22,0.02677053729759796,1,77,1.5656,0.0019,0.0712,5.4795,11,0.0012179581748905,0,40,0.9251,0.0001,0.0,3.364,11,0.02501666347648916,1,42,2.0352,0.0046,0.185,7.7709,86.0,1.198,88.1,0.644,91.3,1.867,96.5,2.052,79.0,0.961,82.5,0.22,89.5,0.888,95.8,1.542,95.5,1.77,93.7,0.916,96.9,3.634,95.1,1.922,94.4,1.297,91.6,0.438,95.8,1.538,88.8,1.179,69.6,0.492,65.0,-0.334,45.8,-0.297,95.8,1.845,55.2,0.11,63.6,-0.286,45.8,-0.258,95.8,1.687,96.2,2.017,95.1,0.95,95.5,3.025,99.3,2.9,94.4,1.143,92.0,0.31,94.4,1.252,95.8,1.416,67.1,0.288,62.2,-0.382,46.2,-0.302,86.0,0.903,11.5,-0.805,57.3,-0.243,46.2,-0.239,69.2,0.38,91.6,1.482,95.1,1.94,96.5,3.452,96.9,2.161,90.2,1.513,94.8,1.503,95.1,3.088,96.5,1.931
8przxwwothu3crflys7ahl4dm,S. Adewoye,Fortuna Sittard,Defender,36,0.02415473615914096,0,93,1.742,0.0012,0.0,4.5001,15,0.0073309067961146,0,29,1.7238,0.0008,0.0,3.3327,21,0.01682382936302636,0,64,1.7552,0.0014,0.0,5.3491,19,0.002665015820690457,0,45,1.4557,0.0002,0.0,3.4476,17,0.0214897203384505,0,48,1.3024,0.0016,0.0,3.6775,12,0.0080221408355109,0,31,2.2065,0.0015,0.0,5.7001,90.6,1.429,84.6,0.494,42.3,-0.415,91.6,1.395,84.6,1.114,79.0,0.13,42.3,-0.336,77.6,0.691,79.7,0.896,80.4,0.033,46.9,-0.273,69.2,0.358,81.8,0.818,81.5,-0.058,46.9,-0.224,53.8,0.089,94.4,1.789,88.8,1.174,45.8,-0.297,97.9,2.259,82.5,0.836,85.0,0.466,45.8,-0.258,88.1,1.127,93.4,1.57,71.3,-0.162,45.5,-0.328,87.8,1.253,90.2,0.894,66.1,-0.2,45.5,-0.243,70.6,0.444,87.4,1.147,92.3,1.513,46.2,-0.302,89.5,1.291,74.1,0.541,88.1,0.325,46.2,-0.239,75.5,0.552,95.8,1.836,85.3,0.347,46.5,-0.288,91.3,1.213,93.7,1.936,85.3,0.24,46.5,-0.282,88.1,1.004
8q43q98due672rcbps12ih0d0,T. Codinha,FC Volendam,Midfielder,1,0.0005686058113811,0,10,0.9574,0.0005,0.0,9.5745,0,0.0,0,0,0.0,0.0,0.0,0.0,1,0.0005686058113811,0,10,0.9574,0.0005,0.0,9.5745,0,0.0,0,0,0.0,0.0,0.0,0.0,1,0.0005686058113811,0,10,0.9574,0.0005,0.0,9.5745,1,0.0005686058113811,0,10,0.9574,0.0005,0.0,9.5745,6.7,-0.889,48.5,-0.406,40.5,-0.443,38.1,-0.591,33.0,-0.908,67.0,-0.156,40.5,-0.316,100.0,3.379,7.0,-0.939,22.7,-0.289,44.8,-0.348,12.6,-0.843,7.0,-1.913,28.6,-0.256,44.8,-0.301,12.6,-1.188,17.5,-0.757,69.6,-0.334,44.6,-0.337,55.2,-0.252,48.5,-0.386,78.1,-0.051,44.6,-0.265,99.0,2.813,8.2,-0.913,25.8,-0.289,45.9,-0.296,12.6,-0.828,8.2,-1.945,30.7,-0.282,45.9,-0.239,12.6,-1.151,18.6,-0.776,65.5,-0.314,44.1,-0.344,55.4,-0.252,61.6,-0.115,79.6,-0.022,44.1,-0.269,100.0,3.537,6.7,-1.476,66.0,-0.209,44.3,-0.353,48.5,-0.297,37.1,-0.829,77.1,-0.105,44.3,-0.298,100.0,3.072
8r3k1iuul274c0ha0vy90jys,A. Oehlers,FC Volendam,Midfielder,5,0.01325064300162632,0,22,0.934,0.0025,0.0,4.1094,4,0.01297749390540182,0,12,0.934,0.003,0.0,2.8019,1,0.0002731490962245,0,10,0.934,0.0003,0.0,9.3396,3,0.0132363970160461,0,17,0.934,0.0041,0.0,5.2925,2,1.424598558022461e-05,0,5,0.934,0.0,0.0,2.3349,5,0.01325064300162632,0,22,0.934,0.0025,0.0,4.1094,39.9,-0.543,81.4,0.224,40.5,-0.443,57.0,-0.218,24.2,-0.984,91.8,0.801,40.5,-0.316,72.7,0.53,53.1,-0.265,91.2,0.454,44.8,-0.348,60.1,-0.148,42.3,-0.304,91.2,0.549,44.8,-0.301,52.1,0.031,17.5,-0.757,63.4,-0.366,44.6,-0.337,55.2,-0.252,35.6,-0.432,75.5,-0.191,44.6,-0.265,98.5,2.715,42.8,-0.427,89.2,0.493,45.9,-0.296,65.7,0.119,44.3,-0.081,95.9,1.272,45.9,-0.239,90.7,1.299,35.8,-0.608,49.0,-0.367,44.1,-0.344,39.7,-0.556,45.9,-0.186,31.2,-0.375,44.1,-0.269,52.6,-0.025,43.0,-0.112,93.3,0.587,44.3,-0.353,77.8,0.868,27.8,-0.897,92.0,0.542,44.3,-0.298,70.1,0.499
8tqsvu5sw6kn014hdv88zppm1,N. Vesterlund,FC Utrecht,Defender,5,0.0,0,11,0.9132,0.0,0.0,2.0091,1,0.0,0,3,0.9132,0.0,0.0,2.7397,4,0.0,0,8,0.9132,0.0,0.0,1.8265,5,0.0,0,11,0.9132,0.0,0.0,2.0091,0,0.0,0,0,0.0,0.0,0.0,0.0,5,0.0,0,11,0.9132,0.0,0.0,2.0091,19.9,-0.958,12.2,-0.449,42.3,-0.415,24.1,-0.849,1.4,-1.635,18.9,-0.413,42.3,-0.336,21.0,-0.71,10.1,-1.144,16.8,-0.305,46.9,-0.273,20.6,-0.913,5.6,-0.955,22.7,-0.292,46.9,-0.224,41.3,-0.191,35.0,-0.661,19.2,-0.479,45.8,-0.297,31.5,-0.639,7.0,-0.827,25.5,-0.411,45.8,-0.258,25.9,-0.623,41.6,-0.513,18.2,-0.285,45.5,-0.328,41.3,-0.497,12.6,-0.331,25.5,-0.26,45.5,-0.243,42.7,-0.244,1.0,-1.289,18.2,-0.496,46.2,-0.302,4.9,-1.036,1.0,-4.106,25.9,-0.281,46.2,-0.239,4.9,-1.462,23.8,-0.644,21.3,-0.405,46.5,-0.288,35.0,-0.51,1.4,-1.258,29.7,-0.371,46.5,-0.282,26.6,-0.649
8u19xeh9ugvh8f1mh7jnbbhuc,K. Smit,Alkmaar Zaanstreek,Midfielder,15,0.057156667412689,1,40,1.1644,0.0044,0.0776,3.1051,10,0.0004227923882029,0,25,1.3308,0.0001,0.0,3.3269,5,0.0567338750244861,1,15,0.9315,0.0106,0.1863,2.7946,6,0.0002045629601797,0,18,1.1178,0.0,0.0,3.3535,9,0.0569521044525093,1,22,1.048,0.0066,0.1164,2.5617,6,0.0002045629601797,0,18,1.1178,0.0,0.0,3.3535,74.7,0.324,96.9,2.403,88.7,1.387,75.5,0.343,51.0,-0.238,97.2,1.709,87.4,0.611,51.5,0.007,81.2,0.744,60.8,-0.265,44.8,-0.348,78.1,0.605,66.0,0.379,61.6,-0.229,44.8,-0.301,57.7,0.259,60.8,-0.111,99.5,5.672,93.6,2.178,68.0,0.032,30.7,-0.437,100.0,6.981,95.9,1.64,52.1,-0.03,67.0,0.059,57.7,-0.277,45.9,-0.296,67.8,0.175,61.9,0.285,30.7,-0.282,45.9,-0.239,66.5,0.401,79.1,0.565,99.0,5.077,93.3,2.04,75.3,0.479,66.0,0.161,98.5,4.292,92.3,0.982,56.2,0.086,55.7,0.228,59.8,-0.232,44.3,-0.353,69.1,0.48,46.9,-0.363,30.4,-0.267,44.3,-0.298,57.2,0.143
8y6kxc66t4hurxuz4m4cm388a,L. Oyen,SC Heerenveen,Midfielder,2,0.0,0,4,0.9356,0.0,0.0,1.8711,1,0.0,0,4,0.9356,0.0,0.0,3.7422,1,0.0,0,0,0.9356,0.0,0.0,0.0,1,0.0,0,0,0.9356,0.0,0.0,0.0,1,0.0,0,4,0.9356,0.0,0.0,3.7422,2,0.0,0,4,0.9356,0.0,0.0,1.8711,18.8,-0.803,15.7,-0.434,40.5,-0.443,20.6,-0.778,25.8,-0.978,22.7,-0.395,40.5,-0.316,27.3,-0.637,21.9,-0.77,22.7,-0.289,44.8,-0.348,37.9,-0.611,43.8,-0.302,28.6,-0.256,44.8,-0.301,64.4,0.44,17.5,-0.757,24.5,-0.395,44.6,-0.337,9.5,-0.82,39.2,-0.429,30.9,-0.399,44.6,-0.265,9.5,-1.203,24.2,-0.751,25.8,-0.289,45.9,-0.296,12.6,-0.828,46.4,-0.078,30.7,-0.282,45.9,-0.239,12.6,-1.151,18.6,-0.776,24.5,-0.368,44.1,-0.344,36.3,-0.617,50.0,-0.181,31.2,-0.375,44.1,-0.269,77.3,0.667,18.8,-1.135,23.2,-0.245,44.3,-0.353,22.9,-0.88,29.9,-0.893,30.4,-0.267,44.3,-0.298,35.1,-0.555
8ymqihdfqc7esda7y407lebx1,D. de Wit,FC Utrecht,Midfielder,20,0.0006449649831441096,0,58,1.3133,0.0,0.0,3.8087,9,0.0005177578632126096,0,17,1.182,0.0001,0.0,2.2327,11,0.0001272071199315,0,41,1.4447,0.0,0.0,5.3847,10,0.0004090450471696096,0,20,1.1492,0.0,0.0,2.2983,10,0.0002359199359745,0,38,1.1492,0.0,0.0,4.3669,7,0.0,0,27,1.2871,0.0,0.0,4.9644,82.0,0.757,49.0,-0.402,40.5,-0.443,81.4,0.903,63.9,0.244,22.7,-0.395,40.5,-0.316,66.0,0.373,78.6,0.576,61.9,-0.26,44.8,-0.348,68.0,0.142,55.7,0.123,61.6,-0.229,44.8,-0.301,47.4,-0.217,84.5,0.859,60.3,-0.381,44.6,-0.337,91.0,1.508,77.8,0.576,30.9,-0.399,44.6,-0.265,85.6,1.056,81.2,0.707,63.4,-0.265,45.9,-0.296,72.4,0.286,64.4,0.348,30.7,-0.282,45.9,-0.239,47.4,-0.087,82.0,0.732,62.4,-0.346,44.1,-0.344,90.5,1.453,73.2,0.468,31.2,-0.375,44.1,-0.269,88.1,0.974,69.8,0.569,23.2,-0.245,44.3,-0.353,90.5,1.354,58.8,0.129,30.4,-0.267,44.3,-0.298,84.5,0.901
8z4wdv767cv7ddqgrkz5txsrt,B. Kemper,NAC Breda,Defender,23,0.00481605412535012,0,55,1.2489,0.0003,0.0,2.9864,11,0.002969090750173491,0,34,1.2692,0.0003,0.0,3.9231,12,0.001846963375176629,0,21,1.2308,0.0002,0.0,2.1538,12,0.001902778216716635,0,28,1.007,0.0002,0.0,2.3497,11,0.002913275908633486,0,27,1.1282,0.0003,0.0,2.7692,6,0.0,0,8,1.1077,0.0,0.0,1.4769,65.4,0.428,58.7,-0.261,42.3,-0.415,66.4,0.355,35.7,-0.522,55.6,-0.277,42.3,-0.336,46.2,-0.161,65.0,0.313,67.8,-0.168,46.9,-0.273,77.3,0.603,37.8,-0.176,65.4,-0.204,46.9,-0.224,62.9,0.367,69.6,0.492,67.1,-0.298,45.8,-0.297,62.2,0.034,35.7,-0.2,63.6,-0.286,45.8,-0.258,35.7,-0.461,67.5,0.529,67.8,-0.198,45.5,-0.328,70.6,0.378,38.5,-0.119,66.1,-0.2,45.5,-0.243,49.7,-0.081,67.1,0.288,68.5,-0.224,46.2,-0.302,68.2,0.273,51.0,-0.08,69.2,-0.167,46.2,-0.239,57.7,0.054,40.2,-0.29,21.3,-0.405,46.5,-0.288,21.7,-0.768,21.0,-0.777,29.7,-0.371,46.5,-0.282,16.8,-0.887
913pg8qqcjp99h5fjybbenob9,P. Sandler,Nijmegen Eendracht Combinatie,Defender,19,0.001000766789323002,0,69,1.253,0.0001,0.0,4.5504,14,0.0005105006533800023,0,53,1.2926,0.0,0.0,4.8933,5,0.000490266135943,0,16,1.1541,0.0001,0.0,3.6931,9,1.662028545271199e-05,0,14,0.9233,0.0,0.0,1.4362,10,0.0009841465038702903,0,55,1.319,0.0001,0.0,7.2542,6,0.000371773252266412,0,26,1.1079,0.0001,0.0,4.801,59.1,0.12,43.4,-0.41,42.3,-0.415,78.0,0.738,37.1,-0.508,42.3,-0.368,42.3,-0.336,79.0,0.719,75.2,0.75,55.2,-0.281,46.9,-0.273,92.0,1.531,40.6,-0.125,22.7,-0.292,46.9,-0.224,81.8,0.825,44.1,-0.517,56.6,-0.431,45.8,-0.297,52.8,-0.225,31.5,-0.351,55.9,-0.348,45.8,-0.258,61.5,0.304,59.8,0.082,36.4,-0.285,45.5,-0.328,47.9,-0.343,18.9,-0.308,25.5,-0.26,45.5,-0.243,31.5,-0.518,61.9,0.144,60.1,-0.404,46.2,-0.302,92.0,1.631,79.0,0.6,57.3,-0.243,46.2,-0.239,97.9,2.511,40.2,-0.29,63.6,-0.371,46.5,-0.288,82.5,0.783,21.7,-0.777,64.7,-0.33,46.5,-0.282,80.4,0.601
9229789015kq0j5c85ug3ajv8,A. Lechkar,SC Telstar,Midfielder,5,0.0002000596638515,0,6,1.1538,0.0,0.0,1.3846,2,0.0002000596638515,0,3,0.9231,0.0001,0.0,1.3846,3,0.0,0,3,1.3846,0.0,0.0,1.3846,0,0.0,0,0,0.0,0.0,0.0,0.0,5,0.0002000596638515,0,6,1.1538,0.0,0.0,1.3846,5,0.0002000596638515,0,6,1.1538,0.0,0.0,1.3846,39.9,-0.543,40.7,-0.424,40.5,-0.443,25.8,-0.716,47.9,-0.272,22.7,-0.395,40.5,-0.316,19.6,-0.89,35.3,-0.602,55.7,-0.278,44.8,-0.348,35.3,-0.669,21.4,-0.323,61.6,-0.229,44.8,-0.301,34.5,-0.585,45.4,-0.434,24.5,-0.395,44.6,-0.337,30.4,-0.649,71.1,0.458,30.9,-0.399,44.6,-0.265,29.9,-0.622,8.2,-0.913,25.8,-0.289,45.9,-0.296,12.6,-0.828,8.2,-1.945,30.7,-0.282,45.9,-0.239,12.6,-1.151,62.4,-0.105,59.8,-0.349,44.1,-0.344,42.5,-0.495,74.2,0.482,31.2,-0.375,44.1,-0.269,36.6,-0.493,43.0,-0.112,59.3,-0.232,44.3,-0.353,29.6,-0.686,52.1,-0.259,30.4,-0.267,44.3,-0.298,24.7,-0.784
94b7i139jyk6hs6ioqlztg1jp,F. Stokkers,Go Ahead Eagles,Forward,1,0.0,0,0,0.9349,0.0,0.0,0.0,1,0.0,0,0,0.9349,0.0,0.0,0.0,0,0.0,0,0,0.0,0.0,0.0,0.0,0,0.0,0,0,0.0,0.0,0.0,0.0,1,0.0,0,0,0.9349,0.0,0.0,0.0,1,0.0,0,0,0.9349,0.0,0.0,0.0,13.6,-0.732,22.0,-0.478,44.1,-0.374,6.8,-0.866,57.6,-0.496,24.6,-0.526,44.1,-0.34,6.8,-1.246,43.2,-0.445,33.9,-0.333,49.2,-0.186,23.7,-0.745,74.6,0.312,34.7,-0.393,49.2,-0.186,23.7,-0.733,11.9,-0.862,30.5,-0.376,45.8,-0.316,16.1,-0.756,11.9,-1.546,34.7,-0.39,45.8,-0.258,16.1,-0.94,14.4,-0.737,33.1,-0.344,47.5,-0.267,22.9,-0.626,14.4,-1.541,34.7,-0.406,47.5,-0.225,22.9,-0.782,28.8,-0.586,33.1,-0.368,46.6,-0.302,15.3,-0.818,79.7,0.231,33.9,-0.391,46.6,-0.282,15.3,-0.923,13.6,-1.094,25.4,-0.459,46.6,-0.302,6.8,-1.077,61.0,-0.479,27.1,-0.464,46.6,-0.291,6.8,-1.194
969cpy2geokwer9gjapk7zj3e,R. Hillen,NAC Breda,Defender,26,0.0272454484129348,0,84,1.6021,0.0017,0.0,5.1761,11,0.0046846374967392,0,34,1.4525,0.0006,0.0,4.4895,15,0.0225608109161956,0,50,1.7331,0.0026,0.0,5.7769,16,0.022414739144799,0,43,1.4789,0.0021,0.0,3.9745,10,0.0048307092681358,0,41,1.1554,0.0006,0.0,4.7371,8,0.0001460717713966,0,24,1.4789,0.0,0.0,4.4367,70.6,0.659,87.4,0.615,42.3,-0.415,88.8,1.149,73.4,0.65,87.8,0.356,42.3,-0.336,86.0,1.071,65.0,0.313,74.1,-0.089,46.9,-0.273,77.3,0.603,58.7,0.225,77.6,-0.117,46.9,-0.224,73.4,0.635,80.1,0.924,95.8,1.738,45.8,-0.297,92.3,1.534,81.1,0.792,93.0,1.218,45.8,-0.258,91.6,1.339,85.3,1.124,93.7,0.749,45.5,-0.328,85.3,1.15,91.6,0.947,93.4,0.37,45.5,-0.243,82.5,0.696,61.9,0.144,74.8,-0.044,46.2,-0.302,87.1,0.952,54.5,0.017,76.6,-0.053,46.2,-0.239,91.6,1.132,68.9,0.419,53.8,-0.392,46.5,-0.288,77.3,0.61,58.0,0.139,29.7,-0.371,46.5,-0.282,72.7,0.438
96om2im2vd1621ajcexlyekno,T. van Gilst,Heracles Almelo,Midfielder,9,0.0,0,15,0.9315,0.0,0.0,1.5525,5,0.0,0,11,0.9315,0.0,0.0,2.0493,4,0.0,0,4,0.9315,0.0,0.0,0.9315,4,0.0,0,2,0.9315,0.0,0.0,0.4657,5,0.0,0,13,0.9315,0.0,0.0,2.4218,5,0.0,0,8,0.9315,0.0,0.0,1.4904,55.2,-0.196,15.7,-0.434,40.5,-0.443,46.9,-0.436,19.6,-0.992,22.7,-0.395,40.5,-0.316,23.2,-0.803,62.4,-0.097,22.7,-0.289,44.8,-0.348,58.0,-0.206,35.1,-0.309,28.6,-0.256,44.8,-0.301,43.3,-0.296,53.9,-0.272,24.5,-0.395,44.6,-0.337,35.3,-0.593,30.7,-0.437,30.9,-0.399,44.6,-0.265,27.3,-0.812,51.5,-0.265,25.8,-0.289,45.9,-0.296,29.9,-0.716,37.6,-0.086,30.7,-0.282,45.9,-0.239,25.8,-0.935,62.4,-0.105,24.5,-0.368,44.1,-0.344,62.6,-0.069,37.6,-0.193,31.2,-0.375,44.1,-0.269,54.6,0.017,43.0,-0.112,23.2,-0.245,44.3,-0.353,37.4,-0.492,22.2,-0.905,30.4,-0.267,44.3,-0.298,28.4,-0.734
987w8p2dsxd9tm1phv18g6pec,A. Sliti,Feyenoord Rotterdam,Midfielder,2,0.0,0,5,0.9114,0.0,0.0,2.2785,0,0.0,0,0,0.0,0.0,0.0,0.0,2,0.0,0,5,0.9114,0.0,0.0,2.2785,0,0.0,0,0,0.0,0.0,0.0,0.0,2,0.0,0,5,0.9114,0.0,0.0,2.2785,2,0.0,0,5,0.9114,0.0,0.0,2.2785,18.8,-0.803,15.7,-0.434,40.5,-0.443,23.2,-0.747,2.1,-1.057,22.7,-0.395,40.5,-0.316,31.4,-0.424,7.0,-0.939,22.7,-0.289,44.8,-0.348,12.6,-0.843,7.0,-1.913,28.6,-0.256,44.8,-0.301,12.6,-1.188,33.5,-0.596,24.5,-0.395,44.6,-0.337,38.4,-0.536,9.8,-0.477,30.9,-0.399,44.6,-0.265,45.9,-0.247,8.2,-0.913,25.8,-0.289,45.9,-0.296,12.6,-0.828,8.2,-1.945,30.7,-0.282,45.9,-0.239,12.6,-1.151,35.8,-0.608,24.5,-0.368,44.1,-0.344,39.7,-0.556,8.2,-0.254,31.2,-0.375,44.1,-0.269,50.0,-0.053,18.8,-1.135,23.2,-0.245,44.3,-0.353,26.3,-0.783,2.1,-0.963,30.4,-0.267,44.3,-0.298,40.7,-0.363
98qi4clazqen9kimkxt3jb6j9,M. Peersman,FC Groningen,Defender,30,0.01289680741848358,0,68,1.2135,0.0005,0.0,2.7507,16,0.007075468936432277,0,33,1.3533,0.0006,0.0,2.7911,14,0.0058213384820513,0,35,1.0854,0.0005,0.0,2.7136,15,0.00586324688107941,0,40,1.0735,0.0004,0.0,2.8627,15,0.007033560537404168,0,28,1.0735,0.0005,0.0,2.0039,7,0.0,0,13,1.3025,0.0,0.0,2.419,82.9,0.967,75.5,0.055,42.3,-0.415,76.6,0.711,28.7,-0.639,66.4,-0.187,42.3,-0.336,37.1,-0.293,83.9,1.041,79.0,0.021,46.9,-0.273,75.9,0.554,45.5,0.008,77.6,-0.117,46.9,-0.224,42.7,-0.167,78.0,0.78,79.0,0.093,45.8,-0.297,79.4,0.758,27.3,-0.487,72.7,-0.098,45.8,-0.258,43.4,-0.183,79.7,0.975,82.5,-0.015,45.5,-0.328,81.8,0.995,44.1,0.031,74.8,-0.14,45.5,-0.243,59.4,0.165,82.5,0.861,79.7,0.162,46.2,-0.302,71.3,0.322,42.7,-0.276,74.1,-0.091,46.2,-0.239,37.1,-0.365,54.9,0.064,21.3,-0.405,46.5,-0.288,42.3,-0.337,46.5,-0.296,29.7,-0.371,46.5,-0.282,35.0,-0.465
9ano8w4jrlk6zq92rxchzaru2,Miguel Rodríguez,FC Utrecht,Midfielder,16,0.007427347397098475,0,43,1.2382,0.0006,0.0,3.3276,7,0.0006390009543321,0,21,1.0834,0.0001,0.0,3.2502,9,0.006788346442766375,0,22,1.3929,0.0011,0.0,3.405,7,8.635653748817473e-05,0,23,0.9286,0.0,0.0,3.0512,9,0.0073409908596103,0,20,1.194,0.001,0.0,2.6532,8,0.006788346442766375,0,20,1.4858,0.0013,0.0,3.7145,76.8,0.41,73.7,-0.065,40.5,-0.443,77.3,0.436,56.7,0.001,70.1,-0.108,40.5,-0.316,55.7,0.123,71.1,0.239,63.9,-0.253,44.8,-0.348,74.0,0.373,52.1,-0.047,61.6,-0.229,44.8,-0.301,56.2,0.226,79.6,0.536,84.5,0.331,44.6,-0.337,79.4,0.429,71.6,0.474,84.3,0.366,44.6,-0.265,62.9,0.226,73.7,0.221,53.6,-0.284,45.9,-0.296,77.3,0.453,31.2,-0.092,30.7,-0.282,45.9,-0.239,60.8,0.261,79.1,0.565,87.1,0.334,44.1,-0.344,73.5,0.357,80.4,0.605,87.1,0.332,44.1,-0.269,58.8,0.131,82.7,0.91,88.1,0.181,44.3,-0.353,73.5,0.674,78.4,0.706,86.6,0.154,44.3,-0.298,62.9,0.313
9bgq1tfyfzc3wg9pfr8q510k4,D. Kwakman,FC Volendam,Midfielder,11,0.0005018011078880027,0,37,1.4599,0.0001,0.0,4.9106,4,0.0,0,5,1.8581,0.0,0.0,2.3226,7,0.0005018011078880027,0,32,1.3006,0.0001,0.0,5.9458,7,0.0005018011078880027,0,33,1.3006,0.0001,0.0,6.1316,4,0.0,0,4,0.929,0.0,0.0,0.929,7,0.0004046615513353,0,23,1.3006,0.0001,0.0,4.2735,64.7,-0.023,47.9,-0.409,40.5,-0.443,73.2,0.249,77.8,0.718,48.5,-0.347,40.5,-0.316,84.5,0.948,53.1,-0.265,22.7,-0.289,44.8,-0.348,40.7,-0.554,93.3,1.287,28.6,-0.256,44.8,-0.301,49.0,-0.177,74.0,0.212,69.1,-0.341,44.6,-0.337,85.8,0.997,65.5,0.292,66.8,-0.33,44.6,-0.265,89.7,1.291,73.7,0.221,64.9,-0.26,45.9,-0.296,84.5,1.01,78.9,0.65,65.5,-0.244,45.9,-0.239,93.3,1.687,52.6,-0.273,24.5,-0.368,44.1,-0.344,36.3,-0.617,30.9,-0.201,31.2,-0.375,44.1,-0.269,27.8,-0.717,69.8,0.569,64.4,-0.22,44.3,-0.353,80.4,0.965,62.9,0.168,63.7,-0.234,44.3,-0.298,72.2,0.576
9d4ald4f0m2imaastzen4j8mi,O. Targhalline,Feyenoord Rotterdam,Midfielder,42,0.02111289834669677,2,135,1.848,0.0009,0.088,5.9402,14,0.001607124679534574,0,48,1.2936,0.0001,0.0,4.4353,28,0.0195057736671622,2,87,2.3521,0.0016,0.168,7.3082,18,0.00614984246172819,1,74,1.2794,0.0004,0.0711,5.2598,24,0.01496305588496858,1,61,1.584,0.001,0.066,4.0261,10,0.005623963992192,2,35,1.848,0.001,0.3696,6.4682,97.2,2.664,87.6,0.614,97.9,3.217,99.5,3.3,94.3,1.974,76.0,0.036,88.7,0.736,94.3,1.485,89.4,1.418,71.1,-0.197,44.8,-0.348,94.3,1.937,63.9,0.315,61.6,-0.229,44.8,-0.301,73.2,0.741,99.0,3.607,93.8,1.691,99.2,4.693,99.5,4.119,98.5,2.368,88.7,0.715,94.8,1.453,94.8,1.863,95.6,2.004,83.0,0.074,95.4,2.726,98.5,3.294,76.8,0.608,76.3,-0.13,92.8,0.97,89.7,1.284,97.9,3.078,92.8,1.062,93.3,2.04,98.2,2.854,97.9,1.79,87.1,0.332,89.2,0.44,83.5,0.807,94.3,1.592,85.1,0.108,99.7,5.12,97.9,2.131,92.8,1.759,83.5,0.057,99.5,3.627,93.8,1.609
9d4lofwg9ooaoldw2vpt4h36y,E. Linthorst,Go Ahead Eagles,Midfielder,16,0.06102320326488802,1,31,1.6631,0.0063,0.1039,3.2222,11,0.0609643110625117,1,25,2.0581,0.0114,0.1871,4.6774,5,5.889220237631498e-05,0,6,1.1694,0.0,0.0,1.4032,11,0.002708904798006615,0,22,1.47,0.0004,0.0,2.9401,5,0.0583142984668814,1,9,0.9355,0.0109,0.1871,1.6839,8,0.05837319066925772,1,11,1.4968,0.0109,0.1871,2.0581,76.8,0.41,97.4,2.595,88.7,1.387,68.3,0.062,88.7,1.376,98.5,2.617,91.8,0.926,54.1,0.068,83.2,0.913,98.5,3.204,94.8,2.863,78.1,0.605,96.9,1.631,99.5,2.805,95.6,2.272,79.4,0.847,60.8,-0.111,54.6,-0.389,44.6,-0.337,41.2,-0.479,58.2,0.033,30.9,-0.399,44.6,-0.265,32.0,-0.614,82.7,0.869,76.3,-0.129,45.9,-0.296,76.0,0.398,89.2,0.988,76.3,-0.13,45.9,-0.239,58.2,0.21,62.4,-0.105,99.5,5.207,93.3,2.04,52.1,-0.313,49.5,-0.181,100.0,7.333,95.9,1.742,39.7,-0.346,82.7,0.91,99.5,3.421,93.8,2.384,52.3,-0.2,83.0,0.738,99.5,3.26,96.6,1.689,36.6,-0.467
9lctm8txbd4n87mk61lwa0rf9,S. Bakari,Sparta Rotterdam,Defender,10,0.0,0,8,1.1581,0.0,0.0,0.9265,8,0.0,0,5,1.0588,0.0,0.0,0.6618,2,0.0,0,3,1.8529,0.0,0.0,2.7794,2,0.0,0,3,0.9265,0.0,0.0,1.3897,8,0.0,0,5,1.0588,0.0,0.0,0.6618,6,0.0,0,4,1.1118,0.0,0.0,0.7412,40.2,-0.573,12.2,-0.449,42.3,-0.415,17.1,-0.931,21.7,-0.823,18.9,-0.413,42.3,-0.336,9.1,-1.319,53.8,-0.124,16.8,-0.305,46.9,-0.273,26.9,-0.815,25.9,-0.636,22.7,-0.292,46.9,-0.224,16.8,-1.171,15.7,-0.95,19.2,-0.479,45.8,-0.297,18.9,-0.898,86.0,1.029,25.5,-0.411,45.8,-0.258,44.8,-0.15,19.6,-0.96,18.2,-0.285,45.5,-0.328,23.1,-0.909,21.7,-0.301,25.5,-0.26,45.5,-0.243,29.4,-0.54,51.4,-0.142,18.2,-0.496,46.2,-0.302,22.4,-0.793,40.6,-0.328,25.9,-0.281,46.2,-0.239,10.5,-1.1,40.2,-0.29,21.3,-0.405,46.5,-0.288,11.5,-1.113,24.1,-0.767,29.7,-0.371,46.5,-0.282,7.7,-1.217
9lixevzo8exxiia17altfw8ic,W. Goes,Alkmaar Zaanstreek,Goalkeeper,36,0.1417604404401769,1,110,1.5278,0.006,0.0424,4.6683,19,0.09694765672801436,1,61,1.774,0.0091,0.0934,5.6954,17,0.0448127837121625,0,49,1.3227,0.0035,0.0,3.8125,18,0.07041108983989885,0,73,1.2004,0.0047,0.0,4.8684,18,0.071349350600278,1,37,1.2004,0.0048,0.0667,2.4676,8,1.695124440879991e-05,0,21,1.4939,0.0,0.0,3.9214,86.4,0.922,90.9,1.539,90.9,1.557,90.9,1.318,63.6,0.417,90.9,1.192,81.8,-0.061,63.6,0.09,90.9,0.905,90.9,1.075,95.5,2.023,90.9,0.992,81.8,0.871,90.9,0.868,90.9,1.749,45.5,0.132,72.7,0.91,90.9,1.681,50.0,-0.302,90.9,1.531,54.5,0.385,90.9,1.307,50.0,-0.302,90.9,0.984,72.7,0.665,81.8,0.611,54.5,0.0,90.9,1.252,54.5,0.402,81.8,0.513,54.5,0.0,63.6,0.133,90.9,1.235,100.0,3.007,90.9,1.557,100.0,1.298,72.7,0.577,100.0,3.007,81.8,-0.119,72.7,0.561,68.2,0.562,54.5,-0.396,50.0,-0.302,54.5,0.113,63.6,0.298,36.4,-0.397,50.0,-0.302,27.3,-0.444
9m3115fhbxgjwfr9stchwvytw,L. Blondeau,FC Volendam,Defender,1,0.0,0,1,0.9474,0.0,0.0,0.9474,0,0.0,0,0,0.0,0.0,0.0,0.0,1,0.0,0,1,0.9474,0.0,0.0,0.9474,0,0.0,0,0,0.0,0.0,0.0,0.0,1,0.0,0,1,0.9474,0.0,0.0,0.9474,1,0.0,0,1,0.9474,0.0,0.0,0.9474,2.1,-1.266,12.2,-0.449,42.3,-0.415,4.9,-1.123,9.1,-1.522,18.9,-0.413,42.3,-0.336,10.5,-1.308,2.4,-1.29,16.8,-0.305,46.9,-0.273,6.6,-1.059,2.4,-2.952,22.7,-0.292,46.9,-0.224,6.6,-1.484,8.0,-1.094,19.2,-0.479,45.8,-0.297,13.6,-1.001,25.2,-0.759,25.5,-0.411,45.8,-0.258,17.5,-1.06,5.9,-1.257,18.2,-0.285,45.5,-0.328,8.7,-1.063,5.9,-2.393,25.5,-0.26,45.5,-0.243,8.7,-1.204,5.9,-1.145,18.2,-0.496,46.2,-0.302,10.8,-0.987,35.0,-0.726,25.9,-0.281,46.2,-0.239,18.9,-0.943,2.1,-2.061,21.3,-0.405,46.5,-0.288,4.9,-1.371,15.4,-1.173,29.7,-0.371,46.5,-0.282,11.9,-1.124
9najgqcaamqj0qtiicuq9hey,R. Meerveld,SC Heerenveen,Midfielder,9,0.0159825221330437,0,28,1.1917,0.0021,0.0,3.7076,4,0.0155875737856726,0,7,1.2359,0.0048,0.0,2.1628,5,0.0003949483473711,0,21,1.1586,0.0001,0.0,4.8663,5,0.0002318544136174,0,14,1.1586,0.0001,0.0,3.2442,4,0.0157506677194263,0,14,1.2359,0.0049,0.0,4.3256,7,0.0157506677194263,0,19,1.2977,0.0029,0.0,3.5223,55.2,-0.196,84.0,0.359,40.5,-0.443,65.2,-0.031,53.6,-0.15,88.7,0.609,40.5,-0.316,63.9,0.321,53.1,-0.265,92.8,0.604,44.8,-0.348,46.1,-0.438,60.3,0.216,95.9,1.033,44.8,-0.301,44.3,-0.247,60.8,-0.111,67.5,-0.353,44.6,-0.337,78.1,0.372,53.6,0.011,66.8,-0.33,44.6,-0.265,80.9,0.839,58.8,-0.103,60.3,-0.276,45.9,-0.296,62.9,-0.048,66.0,0.367,65.5,-0.244,45.9,-0.239,63.9,0.351,52.6,-0.273,93.8,1.138,44.1,-0.344,65.2,-0.008,83.5,0.732,97.4,3.09,44.1,-0.269,86.6,0.954,69.8,0.569,94.3,0.744,44.3,-0.353,71.9,0.577,61.9,0.16,92.8,0.671,44.3,-0.298,60.3,0.222
9nix5y8xcj34ps62r34udtqwa,K. Hlynsson,FC Twente,Midfielder,16,0.0100008839944536,0,34,0.9915,0.0006,0.0,2.107,10,0.0098965830534596,0,21,1.0329,0.001,0.0,2.169,6,0.000104300940994,0,13,0.9296,0.0,0.0,2.0141,9,0.000104300940994,0,16,0.9296,0.0,0.0,1.6526,7,0.0098965830534596,0,18,0.9296,0.0013,0.0,2.3903,6,0.0062066367642283,0,7,1.1155,0.0012,0.0,1.3014,76.8,0.41,77.3,0.062,40.5,-0.443,70.4,0.156,34.0,-0.797,70.1,-0.108,40.5,-0.316,28.4,-0.514,81.2,0.744,89.2,0.278,44.8,-0.348,74.0,0.373,50.0,-0.134,84.0,0.012,44.8,-0.301,44.8,-0.244,68.0,0.051,59.8,-0.384,44.6,-0.337,62.6,-0.082,27.3,-0.441,30.9,-0.399,44.6,-0.265,41.2,-0.358,79.9,0.545,54.6,-0.283,45.9,-0.296,64.4,0.063,32.5,-0.09,30.7,-0.282,45.9,-0.239,39.2,-0.386,73.2,0.23,90.2,0.578,44.1,-0.344,71.9,0.235,32.5,-0.199,89.4,0.544,44.1,-0.269,53.6,0.002,55.7,0.228,87.1,0.145,44.3,-0.353,33.2,-0.589,43.3,-0.37,85.6,0.121,44.3,-0.298,22.7,-0.823
9o10vhew3jar8tqnkabw0qoyx,J. Lonwijk,Fortuna Sittard,Midfielder,11,0.0006844090465171,0,24,1.1217,0.0001,0.0,2.4473,5,0.0006844090465171,0,12,0.9177,0.0001,0.0,2.2026,6,0.0,0,12,1.3766,0.0,0.0,2.7532,7,0.0006844090465171,0,17,1.0707,0.0001,0.0,2.6003,4,0.0,0,7,0.9177,0.0,0.0,1.6061,7,0.0006844090465171,0,19,1.2848,0.0001,0.0,3.4874,64.7,-0.023,50.5,-0.4,40.5,-0.443,59.3,-0.155,43.8,-0.376,48.5,-0.347,40.5,-0.316,35.6,-0.336,62.4,-0.097,64.4,-0.25,44.8,-0.348,60.1,-0.148,16.0,-0.332,61.6,-0.229,44.8,-0.301,46.9,-0.23,68.0,0.051,24.5,-0.395,44.6,-0.337,59.5,-0.138,70.1,0.442,30.9,-0.399,44.6,-0.265,50.0,-0.048,73.7,0.221,68.6,-0.249,45.9,-0.296,65.7,0.119,56.2,0.191,65.5,-0.244,45.9,-0.239,51.0,0.053,52.6,-0.273,24.5,-0.368,44.1,-0.344,46.1,-0.434,12.9,-0.235,31.2,-0.375,44.1,-0.269,38.7,-0.384,69.8,0.569,67.0,-0.202,44.3,-0.353,71.9,0.577,58.2,0.122,63.7,-0.234,44.3,-0.298,59.8,0.206
9tp35qqu1heburu0g5wa6jv56,Lucas Rosa,AFC Ajax,Defender,43,0.06390315232772908,0,136,1.6431,0.0024,0.0,5.1968,26,0.04472526493636921,0,87,1.8342,0.0032,0.0,6.1374,17,0.01917788739135988,0,49,1.4173,0.0016,0.0,4.0852,16,0.05815604661227537,0,50,1.1287,0.0041,0.0,3.5272,27,0.005747105715453716,0,86,1.2381,0.0003,0.0,3.9434,9,0.0,0,50,1.6507,0.0,0.0,9.1708,96.5,1.968,97.9,2.046,42.3,-0.415,97.9,2.572,74.8,0.786,92.3,0.673,42.3,-0.336,86.7,1.083,99.0,2.499,97.9,1.754,46.9,-0.273,99.3,3.193,86.0,1.059,93.4,0.642,46.9,-0.224,90.9,1.412,85.0,1.213,90.2,1.406,45.8,-0.297,91.6,1.483,61.5,0.168,87.4,0.592,45.8,-0.258,70.6,0.499,85.3,1.124,98.6,2.398,45.5,-0.328,90.6,1.51,52.4,0.156,96.5,0.969,45.5,-0.243,72.0,0.482,98.3,2.58,76.9,0.041,46.2,-0.302,98.6,3.134,65.7,0.312,69.2,-0.167,46.2,-0.239,80.4,0.697,80.1,0.773,21.3,-0.405,46.5,-0.288,98.6,2.85,72.0,0.563,29.7,-0.371,46.5,-0.282,97.9,2.558
9ugpnnovqttl8lguv7wdyiezu,S. Graves,PEC Zwolle,Goalkeeper,33,0.08927048018778326,0,83,1.7188,0.0046,0.0,4.3229,18,0.08900579409330249,0,59,1.6875,0.0083,0.0,5.5312,15,0.0002646860944807659,0,24,1.7578,0.0,0.0,2.8125,22,0.08927048018778326,0,66,1.375,0.0056,0.0,4.125,11,0.0,0,17,1.0312,0.0,0.0,1.5938,8,0.0008790285513509,0,27,1.5,0.0002,0.0,5.0625,72.7,0.76,81.8,0.715,40.9,-0.584,81.8,0.725,72.7,0.862,81.8,0.756,40.9,-0.369,45.5,-0.052,77.3,0.805,81.8,0.94,45.5,-0.449,81.8,0.924,72.7,0.689,81.8,0.745,45.5,-0.446,36.4,0.075,63.6,0.685,72.7,-0.489,50.0,-0.302,72.7,0.3,81.8,0.903,40.9,-0.484,50.0,-0.302,72.7,0.438,90.9,1.027,90.9,0.95,54.5,0.0,81.8,1.03,81.8,0.733,90.9,0.73,54.5,0.0,45.5,-0.124,63.6,0.346,31.8,-0.345,40.9,-0.584,54.5,0.034,54.5,0.227,31.8,-0.357,40.9,-0.36,45.5,-0.102,68.2,0.562,81.8,-0.379,50.0,-0.302,72.7,0.527,72.7,0.311,81.8,-0.376,50.0,-0.302,45.5,-0.026
9uo88sreasbyj41lg34hxy28l,B. Traoré,AFC Ajax,Forward,1,0.0,0,0,0.9375,0.0,0.0,0.0,1,0.0,0,0,0.9375,0.0,0.0,0.0,0,0.0,0,0,0.0,0.0,0.0,0.0,0,0.0,0,0,0.0,0.0,0.0,0.0,1,0.0,0,0,0.9375,0.0,0.0,0.0,1,0.0,0,0,0.9375,0.0,0.0,0.0,13.6,-0.732,22.0,-0.478,44.1,-0.374,6.8,-0.866,65.3,-0.486,24.6,-0.526,44.1,-0.34,6.8,-1.246,43.2,-0.445,33.9,-0.333,49.2,-0.186,23.7,-0.745,78.8,0.316,34.7,-0.393,49.2,-0.186,23.7,-0.733,11.9,-0.862,30.5,-0.376,45.8,-0.316,16.1,-0.756,11.9,-1.546,34.7,-0.39,45.8,-0.258,16.1,-0.94,14.4,-0.737,33.1,-0.344,47.5,-0.267,22.9,-0.626,14.4,-1.541,34.7,-0.406,47.5,-0.225,22.9,-0.782,28.8,-0.586,33.1,-0.368,46.6,-0.302,15.3,-0.818,85.6,0.237,33.9,-0.391,46.6,-0.282,15.3,-0.923,13.6,-1.094,25.4,-0.459,46.6,-0.302,6.8,-1.077,68.6,-0.469,27.1,-0.464,46.6,-0.291,6.8,-1.194
9vf02r3geinhsy732oxyrcacq,I. Saibari,PSV Eindhoven,Midfielder,9,0.01271269797116491,1,22,1.4025,0.002,0.1558,3.4282,6,0.01271269797116491,1,21,1.8699,0.004,0.3117,6.5448,3,0.0,0,1,0.935,0.0,0.0,0.3117,4,0.0,0,3,0.935,0.0,0.0,0.7012,5,0.01271269797116491,1,19,2.3374,0.0059,0.4675,8.8823,7,0.0126415864940804,1,12,1.309,0.0024,0.187,2.2439,55.2,-0.196,80.4,0.197,88.7,1.387,57.0,-0.218,69.6,0.533,87.6,0.562,95.4,1.546,57.7,0.175,67.8,0.071,90.7,0.439,94.8,2.863,74.0,0.373,93.8,1.307,94.3,0.818,98.5,3.985,95.4,1.659,45.4,-0.434,24.5,-0.395,44.6,-0.337,21.4,-0.763,38.1,-0.43,30.9,-0.399,44.6,-0.265,19.1,-1.072,51.5,-0.265,25.8,-0.289,45.9,-0.296,34.8,-0.661,45.4,-0.079,30.7,-0.282,45.9,-0.239,29.4,-0.826,62.4,-0.105,91.2,0.847,93.3,2.04,72.7,0.296,100.0,4.081,97.9,3.797,99.5,4.755,99.5,3.196,69.8,0.569,92.3,0.549,93.8,2.384,54.9,-0.103,67.0,0.192,91.2,0.51,95.9,1.688,39.2,-0.38
9vyizhfym4y8vc07xrvba7skq,O. Pettersson,Go Ahead Eagles,Midfielder,2,0.0,0,0,0.9165,0.0,0.0,0.0,1,0.0,0,0,0.9165,0.0,0.0,0.0,1,0.0,0,0,0.9165,0.0,0.0,0.0,1,0.0,0,0,0.9165,0.0,0.0,0.0,1,0.0,0,0,0.9165,0.0,0.0,0.0,2,0.0,0,0,0.9165,0.0,0.0,0.0,18.8,-0.803,15.7,-0.434,40.5,-0.443,4.9,-0.903,3.4,-1.04,22.7,-0.395,40.5,-0.316,4.9,-1.612,21.9,-0.77,22.7,-0.289,44.8,-0.348,12.6,-0.843,15.2,-0.334,28.6,-0.256,44.8,-0.301,12.6,-1.188,17.5,-0.757,24.5,-0.395,44.6,-0.337,9.5,-0.82,10.6,-0.467,30.9,-0.399,44.6,-0.265,9.5,-1.203,24.2,-0.751,25.8,-0.289,45.9,-0.296,12.6,-0.828,17.8,-0.116,30.7,-0.282,45.9,-0.239,12.6,-1.151,18.6,-0.776,24.5,-0.368,44.1,-0.344,10.6,-0.861,10.1,-0.239,31.2,-0.375,44.1,-0.269,10.6,-1.174,18.8,-1.135,23.2,-0.245,44.3,-0.353,5.2,-1.269,3.4,-0.948,30.4,-0.267,44.3,-0.298,5.2,-1.436
9wwud2tglhtdocmjgl2u5ib6c,T. Blokzijl,FC Groningen,Defender,34,0.009756571911855264,0,72,1.4386,0.0004,0.0,3.0464,16,0.0017861117298539,0,28,1.4894,0.0002,0.0,2.6064,18,0.007970460182001362,0,44,1.3963,0.0006,0.0,3.4131,14,0.0,0,8,1.086,0.0,0.0,0.6206,20,0.009756571911855264,0,64,1.2411,0.0006,0.0,3.9716,7,0.0,0,15,1.3032,0.0,0.0,2.7926,87.4,1.275,71.3,-0.068,42.3,-0.415,81.8,0.82,58.0,0.107,62.2,-0.232,42.3,-0.336,48.3,-0.127,83.9,1.041,63.6,-0.222,46.9,-0.273,66.8,0.309,62.2,0.305,61.9,-0.233,46.9,-0.224,40.6,-0.254,88.8,1.357,81.8,0.304,45.8,-0.297,86.4,1.224,55.9,0.127,76.2,-0.035,45.8,-0.258,54.5,0.165,74.8,0.826,18.2,-0.285,45.5,-0.328,34.6,-0.651,45.5,0.059,25.5,-0.26,45.5,-0.243,19.6,-0.908,90.6,1.577,84.6,0.416,46.2,-0.302,96.5,2.067,67.1,0.322,76.6,-0.053,46.2,-0.239,81.8,0.713,54.9,0.064,21.3,-0.405,46.5,-0.288,49.7,-0.165,47.6,-0.295,29.7,-0.371,46.5,-0.282,41.3,-0.298
9y5kirmp6gcrsy2s1pinhkqy2,L. Kulenović,Heracles Almelo,Forward,4,0.0007876380554688,0,9,0.9358,0.0002,0.0,2.1056,0,0.0,0,0,0.0,0.0,0.0,0.0,4,0.0007876380554688,0,9,0.9358,0.0002,0.0,2.1056,2,0.0,0,0,0.9358,0.0,0.0,0.0,2,0.0007876380554688,0,9,0.9358,0.0004,0.0,4.2112,4,0.0007876380554688,0,9,0.9358,0.0002,0.0,2.1056,61.9,-0.156,61.0,-0.387,44.1,-0.374,56.8,-0.212,59.3,-0.493,60.2,-0.386,44.1,-0.34,42.4,-0.285,16.1,-0.786,33.9,-0.333,49.2,-0.186,23.7,-0.745,16.1,-1.346,34.7,-0.393,49.2,-0.186,23.7,-0.733,83.9,0.513,72.9,-0.273,45.8,-0.316,72.9,0.298,69.5,0.152,72.9,-0.308,45.8,-0.258,54.2,-0.06,60.2,-0.125,33.1,-0.344,47.5,-0.267,22.9,-0.626,78.0,0.447,34.7,-0.406,47.5,-0.225,22.9,-0.782,55.9,-0.169,79.7,-0.189,46.6,-0.302,73.7,0.514,81.4,0.233,85.6,-0.02,46.6,-0.282,81.4,1.041,61.9,0.251,66.1,-0.306,46.6,-0.302,61.0,0.053,62.7,-0.475,66.1,-0.321,46.6,-0.291,45.8,-0.274
9zryne6aa951ltubvjo0gk12i,M. Ihattaren,Fortuna Sittard,Midfielder,10,0.0220608206516707,2,40,1.0238,0.0023,0.2048,4.0951,4,0.0001901822090349,0,17,1.2285,0.0001,0.0,5.2212,6,0.0218706384426358,2,23,0.9214,0.0034,0.3071,3.532,5,0.0,2,23,1.1517,0.0,0.4607,5.298,5,0.0220608206516707,0,17,0.9214,0.0041,0.0,3.1327,6,0.0001901822090349,2,30,1.1057,0.0,0.3686,5.5283,59.5,-0.109,88.1,0.661,97.9,3.217,75.5,0.343,35.8,-0.693,90.2,0.705,97.9,2.132,72.2,0.523,53.1,-0.265,55.2,-0.279,44.8,-0.348,68.0,0.142,58.8,0.203,61.6,-0.229,44.8,-0.301,87.6,1.083,68.0,0.051,95.4,1.944,99.2,4.693,80.2,0.486,15.2,-0.457,95.9,1.968,97.4,2.875,65.5,0.279,58.8,-0.103,25.8,-0.289,99.7,5.747,77.3,0.453,64.9,0.353,30.7,-0.282,99.5,7.595,91.2,1.301,62.4,-0.105,95.4,1.741,44.1,-0.344,70.1,0.175,16.5,-0.224,95.9,2.524,44.1,-0.269,67.5,0.367,55.7,0.228,58.2,-0.233,99.7,5.12,94.8,1.645,39.7,-0.398,30.4,-0.267,99.0,3.616,89.7,1.167
a02jtmvlc1tlstvt96pa1hisq,D. Murkin,FC Utrecht,Defender,2,0.0,0,0,1.8599,0.0,0.0,0.0,0,0.0,0,0,0.0,0.0,0.0,0.0,2,0.0,0,0,1.8599,0.0,0.0,0.0,1,0.0,0,0,0.93,0.0,0.0,0.0,1,0.0,0,0,0.93,0.0,0.0,0.0,2,0.0,0,0,1.8599,0.0,0.0,0.0,6.6,-1.189,12.2,-0.449,42.3,-0.415,2.1,-1.15,92.3,1.505,18.9,-0.413,42.3,-0.336,2.1,-1.841,2.4,-1.29,16.8,-0.305,46.9,-0.273,6.6,-1.059,2.4,-2.952,22.7,-0.292,46.9,-0.224,6.6,-1.484,15.7,-0.95,19.2,-0.479,45.8,-0.297,5.9,-1.053,86.7,1.042,25.5,-0.411,45.8,-0.258,5.9,-1.531,13.3,-1.108,18.2,-0.285,45.5,-0.328,8.7,-1.063,23.4,-0.293,25.5,-0.26,45.5,-0.243,8.7,-1.204,5.9,-1.145,18.2,-0.496,46.2,-0.302,4.9,-1.036,16.1,-0.788,25.9,-0.281,46.2,-0.239,4.9,-1.462,6.6,-1.707,21.3,-0.405,46.5,-0.288,2.1,-1.457,83.9,1.08,29.7,-0.371,46.5,-0.282,2.1,-1.549
a185wef6iz1nun1wry40jcgoa,N. Ünüvar,FC Twente,Midfielder,3,0.0,0,9,0.9294,0.0,0.0,2.7883,1,0.0,0,2,0.9294,0.0,0.0,1.8589,2,0.0,0,7,0.9294,0.0,0.0,3.253,3,0.0,0,9,0.9294,0.0,0.0,2.7883,0,0.0,0,0,0.0,0.0,0.0,0.0,3,0.0,0,9,0.9294,0.0,0.0,2.7883,28.4,-0.716,15.7,-0.434,40.5,-0.443,33.5,-0.622,17.0,-0.998,22.7,-0.395,40.5,-0.316,42.8,-0.159,21.9,-0.77,22.7,-0.289,44.8,-0.348,32.2,-0.727,30.9,-0.312,28.6,-0.256,44.8,-0.301,40.7,-0.379,33.5,-0.596,24.5,-0.395,44.6,-0.337,44.3,-0.422,26.8,-0.441,30.9,-0.399,44.6,-0.265,60.3,0.162,42.8,-0.427,25.8,-0.289,45.9,-0.296,52.6,-0.326,32.0,-0.091,30.7,-0.282,45.9,-0.239,53.6,0.14,3.4,-0.943,24.5,-0.368,44.1,-0.344,10.6,-0.861,3.4,-3.025,31.2,-0.375,44.1,-0.269,10.6,-1.174,28.4,-0.794,23.2,-0.245,44.3,-0.353,42.5,-0.394,19.1,-0.911,30.4,-0.267,44.3,-0.298,47.4,-0.123
a2psnkhu3h7m0ng8e7qdietey,S. Tengstedt,Go Ahead Eagles,Midfielder,4,0.0002162884925901,0,14,1.2621,0.0001,0.0,4.4175,3,0.0002162884925901,0,14,1.4199,0.0001,0.0,6.6262,1,0.0,0,0,0.9466,0.0,0.0,0.0,3,0.0002162884925901,0,5,1.4199,0.0001,0.0,2.3665,1,0.0,0,9,0.9466,0.0,0.0,8.5194,4,0.0002162884925901,0,14,1.2621,0.0001,0.0,4.4175,34.8,-0.629,43.3,-0.423,40.5,-0.443,44.8,-0.467,59.8,0.078,48.5,-0.347,40.5,-0.316,77.8,0.691,44.3,-0.434,58.2,-0.277,44.8,-0.348,62.6,-0.032,72.7,0.532,61.6,-0.229,44.8,-0.301,95.9,1.694,17.5,-0.757,24.5,-0.395,44.6,-0.337,9.5,-0.82,47.4,-0.407,30.9,-0.399,44.6,-0.265,9.5,-1.203,42.8,-0.427,58.8,-0.276,45.9,-0.296,41.5,-0.549,88.7,0.888,65.5,-0.244,45.9,-0.239,48.5,-0.056,18.6,-0.776,24.5,-0.368,44.1,-0.344,52.1,-0.313,60.3,-0.147,31.2,-0.375,44.1,-0.269,99.0,3.017,34.8,-0.453,61.9,-0.231,44.3,-0.353,59.8,0.091,56.7,0.056,63.7,-0.234,44.3,-0.298,73.7,0.644
a339o11ut8s1o9odm6ybc4pka,T. van den Belt,FC Twente,Midfielder,30,0.02396778753403549,0,88,1.3953,0.0011,0.0,4.093,14,0.01396775090501039,0,45,1.1839,0.0012,0.0,3.8055,16,0.0100000366290251,0,43,1.6537,0.001,0.0,4.4444,14,0.0216902314558879,0,44,1.0853,0.0017,0.0,3.4109,16,0.002277556078147593,0,44,1.2403,0.0002,0.0,3.4109,8,8.414914810990493e-05,0,18,1.4884,0.0,0.0,3.3488,91.5,1.624,89.2,0.756,40.5,-0.443,93.6,1.837,68.0,0.509,79.1,0.131,40.5,-0.316,71.6,0.522,89.4,1.418,92.3,0.511,44.8,-0.348,93.0,1.763,56.2,0.126,85.6,0.066,44.8,-0.301,66.5,0.467,92.0,1.667,88.1,0.674,44.6,-0.337,92.3,1.621,86.6,0.989,83.2,0.297,44.6,-0.265,76.8,0.662,89.4,1.356,93.8,0.993,45.9,-0.296,92.3,1.623,56.7,0.22,88.7,0.363,45.9,-0.239,67.0,0.428,94.6,1.738,75.8,-0.151,44.1,-0.344,94.3,1.819,85.1,0.745,69.8,-0.234,44.1,-0.269,72.7,0.504,82.7,0.91,53.1,-0.24,44.3,-0.353,69.1,0.48,79.1,0.714,30.4,-0.267,44.3,-0.298,56.7,0.14
a3m4r77behilkcznll07b7d1x,C. Leemans,NAC Breda,Midfielder,19,0.0004712433609176,0,37,1.9516,0.0,0.0,3.8005,8,0.0001895642176495,0,19,1.8489,0.0,0.0,4.3912,11,0.0002816791432681,0,18,2.0338,0.0001,0.0,3.328,14,0.0003382901440682,0,32,1.6178,0.0,0.0,3.6978,5,0.0001329532168494,0,5,0.9245,0.0,0.0,0.9245,12,0.0003382901440682,0,29,2.2187,0.0001,0.0,5.3618,80.9,0.67,47.4,-0.411,40.5,-0.443,73.2,0.249,99.0,2.309,22.7,-0.395,40.5,-0.316,65.5,0.369,75.3,0.408,54.6,-0.279,44.8,-0.348,70.6,0.257,92.8,1.271,28.6,-0.256,44.8,-0.301,72.2,0.722,84.5,0.859,64.4,-0.365,44.6,-0.337,73.7,0.202,96.9,1.74,66.8,-0.33,44.6,-0.265,61.3,0.193,89.4,1.356,62.9,-0.269,45.9,-0.296,83.5,0.955,93.6,1.283,30.7,-0.282,45.9,-0.239,72.2,0.561,62.4,-0.105,57.7,-0.356,44.1,-0.344,39.7,-0.556,21.1,-0.215,31.2,-0.375,44.1,-0.269,26.3,-0.719,99.0,2.274,63.9,-0.224,44.3,-0.353,93.8,1.548,98.5,2.836,63.7,-0.234,44.3,-0.298,88.1,1.088
a46irqckxabod18j2c0qfixre,K. Goudmijn,Go Ahead Eagles,Midfielder,3,0.003375853729969151,0,13,0.9387,0.0011,0.0,4.0678,1,5.226869595555128e-05,0,5,0.9387,0.0,0.0,4.6936,2,0.0033235850340136,0,8,0.9387,0.0016,0.0,3.7549,3,0.003375853729969151,0,13,0.9387,0.0011,0.0,4.0678,0,0.0,0,0,0.0,0.0,0.0,0.0,3,0.003375853729969151,0,13,0.9387,0.0011,0.0,4.0678,28.4,-0.716,63.4,-0.266,40.5,-0.443,43.6,-0.498,29.4,-0.968,79.1,0.131,40.5,-0.316,70.6,0.508,21.9,-0.77,49.7,-0.286,44.8,-0.348,40.7,-0.554,47.4,-0.296,28.6,-0.256,44.8,-0.301,80.4,0.854,33.5,-0.596,79.9,-0.039,44.6,-0.337,48.7,-0.365,43.3,-0.423,88.7,0.715,44.6,-0.265,71.1,0.372,42.8,-0.427,79.4,-0.09,45.9,-0.296,60.8,-0.104,50.0,-0.072,85.3,0.135,45.9,-0.239,78.4,0.732,3.4,-0.943,24.5,-0.368,44.1,-0.344,10.6,-0.861,3.4,-3.025,31.2,-0.375,44.1,-0.269,10.6,-1.174,28.4,-0.794,79.9,-0.033,44.3,-0.353,57.7,-0.006,33.5,-0.884,84.5,0.089,44.3,-0.298,67.5,0.479
a48j66n8bzz6ffcsyiodbfwq2,S. Maikuma,Alkmaar Zaanstreek,Defender,2,0.0,0,0,1.8834,0.0,0.0,0.0,2,0.0,0,0,1.8834,0.0,0.0,0.0,0,0.0,0,0,0.0,0.0,0.0,0.0,0,0.0,0,0,0.0,0.0,0.0,0.0,2,0.0,0,0,1.8834,0.0,0.0,0.0,2,0.0,0,0,1.8834,0.0,0.0,0.0,6.6,-1.189,12.2,-0.449,42.3,-0.415,2.1,-1.15,95.8,1.583,18.9,-0.413,42.3,-0.336,2.1,-1.841,18.2,-0.999,16.8,-0.305,46.9,-0.273,6.6,-1.059,93.0,1.167,22.7,-0.292,46.9,-0.224,6.6,-1.484,3.1,-1.238,19.2,-0.479,45.8,-0.297,5.9,-1.053,3.1,-2.63,25.5,-0.411,45.8,-0.258,5.9,-1.531,5.9,-1.257,18.2,-0.285,45.5,-0.328,8.7,-1.063,5.9,-2.393,25.5,-0.26,45.5,-0.243,8.7,-1.204,16.1,-1.002,18.2,-0.496,46.2,-0.302,4.9,-1.036,99.3,2.614,25.9,-0.281,46.2,-0.239,4.9,-1.462,6.6,-1.707,21.3,-0.405,46.5,-0.288,2.1,-1.457,88.8,1.138,29.7,-0.371,46.5,-0.282,2.1,-1.549
a4qjllaut1bo0ng3x4xu5lq6t,A. Ayew,NAC Breda,Forward,2,0.0,0,2,0.925,0.0,0.0,0.925,0,0.0,0,0,0.0,0.0,0.0,0.0,2,0.0,0,2,0.925,0.0,0.0,0.925,1,0.0,0,0,0.925,0.0,0.0,0.0,1,0.0,0,2,0.925,0.0,0.0,1.8501,2,0.0,0,2,0.925,0.0,0.0,0.925,35.6,-0.54,22.0,-0.478,44.1,-0.374,22.9,-0.721,25.4,-0.536,24.6,-0.526,44.1,-0.34,25.4,-0.823,16.1,-0.786,33.9,-0.333,49.2,-0.186,23.7,-0.745,16.1,-1.346,34.7,-0.393,49.2,-0.186,23.7,-0.733,55.1,-0.175,30.5,-0.376,45.8,-0.316,44.9,-0.522,39.0,0.133,34.7,-0.39,45.8,-0.258,42.4,-0.553,39.0,-0.431,33.1,-0.344,47.5,-0.267,22.9,-0.626,45.8,0.424,34.7,-0.406,47.5,-0.225,22.9,-0.782,28.8,-0.586,33.1,-0.368,46.6,-0.302,46.6,-0.522,44.1,0.206,33.9,-0.391,46.6,-0.282,59.3,-0.06,35.6,-0.646,25.4,-0.459,46.6,-0.302,24.6,-0.826,27.1,-0.516,27.1,-0.464,46.6,-0.291,28.8,-0.79
a76yp8gkkg6frtuhh3d6l46i,D. Proper,Nijmegen Eendracht Combinatie,Midfielder,12,0.0002832007942501841,0,16,1.3808,0.0,0.0,1.841,8,0.0002423888291977,0,8,1.4728,0.0,0.0,1.4728,4,4.081196505248408e-05,0,8,1.2273,0.0,0.0,2.4547,4,0.0,0,6,1.2273,0.0,0.0,1.841,8,0.0002832007942501841,0,10,1.2273,0.0,0.0,1.5342,8,4.081196505248408e-05,0,8,1.4728,0.0,0.0,1.4728,69.3,0.064,44.8,-0.42,40.5,-0.443,48.7,-0.405,67.5,0.462,22.7,-0.395,40.5,-0.316,25.3,-0.653,75.3,0.408,58.8,-0.276,44.8,-0.348,49.2,-0.38,74.7,0.623,28.6,-0.256,44.8,-0.301,36.1,-0.547,53.9,-0.272,52.3,-0.39,44.6,-0.337,48.7,-0.365,60.8,0.147,30.9,-0.399,44.6,-0.265,47.4,-0.173,51.5,-0.265,25.8,-0.289,45.9,-0.296,45.1,-0.494,72.7,0.504,30.7,-0.282,45.9,-0.239,42.3,-0.299,76.0,0.397,62.9,-0.341,44.1,-0.344,55.4,-0.252,82.5,0.706,31.2,-0.375,44.1,-0.269,37.1,-0.419,82.7,0.91,47.7,-0.242,44.3,-0.353,37.4,-0.492,74.7,0.668,30.4,-0.267,44.3,-0.298,27.3,-0.743
a7vlgirln231n3dqjhb72o0es,O. Aertssen,PEC Zwolle,Defender,27,0.02114447840199842,0,50,1.8148,0.0014,0.0,3.3607,18,0.0001643114380699246,0,31,1.882,0.0,0.0,3.2412,9,0.0209801669639285,0,19,1.6938,0.0039,0.0,3.5758,14,0.0003236888384754246,0,23,1.3174,0.0,0.0,2.1643,13,0.020820789563523,0,27,1.1121,0.0018,0.0,2.3097,9,0.020820789563523,0,25,1.6938,0.0039,0.0,4.705,73.8,0.736,83.2,0.377,42.3,-0.415,63.6,0.218,89.5,1.355,82.5,0.22,42.3,-0.336,58.0,0.05,89.2,1.333,42.7,-0.297,46.9,-0.273,71.0,0.456,92.3,1.164,22.7,-0.292,46.9,-0.224,50.3,0.046,59.4,0.059,94.4,1.583,45.8,-0.297,57.0,-0.07,78.3,0.714,96.5,2.033,45.8,-0.258,59.4,0.246,74.8,0.826,52.4,-0.27,45.5,-0.328,61.9,0.121,74.1,0.582,25.5,-0.26,45.5,-0.243,43.4,-0.169,74.5,0.574,91.6,1.451,46.2,-0.302,68.2,0.273,48.3,-0.138,90.6,0.401,46.2,-0.239,43.4,-0.197,80.1,0.773,93.0,1.546,46.5,-0.288,80.1,0.696,76.2,0.67,93.0,1.218,46.5,-0.282,77.6,0.558
aafz6q5ggn9e6m5hprc71lgph,M. van der Hoorn,FC Utrecht,Defender,28,0.01225152210253287,0,93,1.6098,0.0007,0.0,5.3468,12,0.0007840184109186,0,37,1.3798,0.0001,0.0,4.2545,16,0.01146750369161427,0,56,1.8398,0.0013,0.0,6.4392,8,0.0009940332111034794,0,26,1.2265,0.0002,0.0,3.9862,20,0.01125748889142939,0,67,1.5331,0.0009,0.0,5.136,8,0.0057025729837625,0,23,1.4718,0.001,0.0,4.2315,78.7,0.813,74.8,0.03,42.3,-0.415,91.6,1.395,74.1,0.675,71.3,-0.096,42.3,-0.336,88.1,1.167,68.9,0.459,56.6,-0.269,46.9,-0.273,80.8,0.749,46.2,0.066,52.4,-0.262,46.9,-0.224,70.6,0.524,82.2,1.069,86.0,0.648,45.8,-0.297,95.8,1.845,85.3,1.003,83.2,0.404,45.8,-0.258,94.4,1.669,54.5,-0.067,60.1,-0.24,45.5,-0.328,66.1,0.275,65.0,0.377,66.1,-0.2,45.5,-0.243,83.9,0.702,90.6,1.577,86.0,0.556,46.2,-0.302,97.2,2.212,92.3,1.364,81.8,0.06,46.2,-0.239,93.7,1.351,68.9,0.419,83.2,0.129,46.5,-0.288,73.4,0.524,56.3,0.122,82.9,0.037,46.5,-0.282,67.1,0.346
aajft01g5yggw0is5fbfh3105,B. Nieuwkoop,Feyenoord Rotterdam,Defender,9,0.0048180226278039,0,22,1.1822,0.0006,0.0,2.8898,5,0.0,0,14,1.5325,0.0,0.0,4.2909,4,0.0048180226278039,0,8,0.9195,0.0011,0.0,1.8389,3,0.0,0,0,0.9195,0.0,0.0,0.0,6,0.0048180226278039,0,22,1.1034,0.0009,0.0,4.0457,7,0.0048180226278039,0,21,1.2873,0.0009,0.0,3.8618,36.0,-0.65,59.4,-0.261,42.3,-0.415,38.5,-0.548,26.6,-0.743,69.2,-0.142,42.3,-0.336,40.6,-0.215,37.4,-0.561,16.8,-0.305,46.9,-0.273,44.4,-0.375,65.7,0.4,22.7,-0.292,46.9,-0.224,71.3,0.541,35.0,-0.661,76.2,-0.006,45.8,-0.297,31.5,-0.639,9.8,-0.815,81.5,0.278,45.8,-0.258,27.3,-0.617,28.3,-0.811,18.2,-0.285,45.5,-0.328,8.7,-1.063,15.4,-0.317,25.5,-0.26,45.5,-0.243,8.7,-1.204,42.3,-0.429,74.1,-0.046,46.2,-0.302,64.0,0.031,47.6,-0.169,81.8,0.06,46.2,-0.239,83.2,0.754,54.9,0.064,81.8,0.046,46.5,-0.288,68.5,0.352,42.0,-0.334,81.5,-0.004,46.5,-0.282,61.5,0.181
ac3lkaa1lkbsa82tfylq5zcb8,N. Lebreton,Nijmegen Eendracht Combinatie,Forward,10,0.0131714191626018,0,9,1.0233,0.0013,0.0,0.9209,6,0.0131714191626018,0,9,0.9209,0.002,0.0,1.3814,4,0.0,0,0,1.2279,0.0,0.0,0.0,4,0.0131714191626018,0,8,0.9209,0.003,0.0,1.8419,6,0.0,0,1,0.9209,0.0,0.0,0.1535,6,0.0,0,1,1.1051,0.0,0.0,0.1842,88.1,0.996,89.8,1.054,44.1,-0.374,56.8,-0.212,71.2,-0.14,83.1,0.385,44.1,-0.34,23.7,-0.825,91.5,1.26,96.6,3.265,49.2,-0.186,77.1,0.484,45.8,0.287,96.6,2.435,49.2,-0.186,55.9,-0.232,83.9,0.513,30.5,-0.376,45.8,-0.316,16.1,-0.756,83.1,0.683,34.7,-0.39,45.8,-0.258,16.1,-0.94,85.6,0.488,93.2,1.475,47.5,-0.267,72.9,0.158,40.7,0.415,91.5,1.36,47.5,-0.225,62.7,-0.056,90.7,1.497,33.1,-0.368,46.6,-0.302,35.6,-0.67,32.2,0.196,33.9,-0.391,46.6,-0.282,30.5,-0.852,87.3,1.147,25.4,-0.459,46.6,-0.302,16.9,-0.951,76.3,0.156,27.1,-0.464,46.6,-0.291,13.6,-1.114
aeqj9ogm0dntus0wl352w9z6y,C. Widell,SBV Excelsior,Defender,32,0.006655222672864241,0,87,1.986,0.0004,0.0,5.3995,18,0.006279304705859841,0,54,2.0946,0.0007,0.0,6.2838,14,0.0003759179670044,0,33,1.8619,0.0,0.0,4.3887,16,0.0057544725882082,0,52,1.3541,0.0005,0.0,4.4008,16,0.0009007500846560404,0,35,1.655,0.0001,0.0,3.6203,12,2.753542981140389e-06,0,24,2.2343,0.0,0.0,4.4685,85.0,1.121,63.6,-0.189,42.3,-0.415,90.2,1.231,97.9,1.923,62.2,-0.232,42.3,-0.336,88.8,1.197,89.2,1.333,78.3,-0.016,46.9,-0.273,93.0,1.58,97.2,1.629,80.1,-0.087,46.9,-0.224,93.0,1.481,78.0,0.78,53.1,-0.442,45.8,-0.297,78.0,0.655,88.1,1.046,25.5,-0.411,45.8,-0.258,76.2,0.65,85.3,1.124,81.8,-0.02,45.5,-0.328,92.3,1.613,79.7,0.665,77.3,-0.11,45.5,-0.243,91.6,0.9,86.0,1.004,58.7,-0.412,46.2,-0.302,80.8,0.661,95.1,1.799,57.3,-0.243,46.2,-0.239,74.1,0.521,95.8,1.836,42.7,-0.405,46.5,-0.288,77.3,0.61,97.2,2.004,29.7,-0.371,46.5,-0.282,73.4,0.452
afdwdm1rkz1ir3c0tukfh3jhm,S. Čestić,Heracles Almelo,Defender,4,0.0,0,2,0.9417,0.0,0.0,0.4709,2,0.0,0,2,0.9417,0.0,0.0,0.9417,2,0.0,0,0,0.9417,0.0,0.0,0.0,2,0.0,0,2,0.9417,0.0,0.0,0.9417,2,0.0,0,0,0.9417,0.0,0.0,0.0,4,0.0,0,2,0.9417,0.0,0.0,0.4709,14.0,-1.035,12.2,-0.449,42.3,-0.415,7.3,-1.095,8.4,-1.541,18.9,-0.413,42.3,-0.336,6.3,-1.576,18.2,-0.999,16.8,-0.305,46.9,-0.273,17.8,-0.962,22.4,-0.892,22.7,-0.292,46.9,-0.224,20.3,-1.039,15.7,-0.95,19.2,-0.479,45.8,-0.297,5.9,-1.053,24.5,-0.771,25.5,-0.411,45.8,-0.258,5.9,-1.531,19.6,-0.96,18.2,-0.285,45.5,-0.328,20.3,-0.96,35.0,-0.266,25.5,-0.26,45.5,-0.243,24.5,-0.754,16.1,-1.002,18.2,-0.496,46.2,-0.302,4.9,-1.036,33.6,-0.746,25.9,-0.281,46.2,-0.239,4.9,-1.462,14.0,-0.998,21.3,-0.405,46.5,-0.288,7.3,-1.285,14.7,-1.187,29.7,-0.371,46.5,-0.282,6.3,-1.338
ahwtdhrerarmljk9bh0tcpk6i,S. Steijn,Feyenoord Rotterdam,Midfielder,1,0.0,0,0,0.9306,0.0,0.0,0.0,0,0.0,0,0,0.0,0.0,0.0,0.0,1,0.0,0,0,0.9306,0.0,0.0,0.0,0,0.0,0,0,0.0,0.0,0.0,0.0,1,0.0,0,0,0.9306,0.0,0.0,0.0,1,0.0,0,0,0.9306,0.0,0.0,0.0,6.7,-0.889,15.7,-0.434,40.5,-0.443,4.9,-0.903,18.0,-0.995,22.7,-0.395,40.5,-0.316,4.9,-1.612,7.0,-0.939,22.7,-0.289,44.8,-0.348,12.6,-0.843,7.0,-1.913,28.6,-0.256,44.8,-0.301,12.6,-1.188,17.5,-0.757,24.5,-0.395,44.6,-0.337,9.5,-0.82,28.4,-0.439,30.9,-0.399,44.6,-0.265,9.5,-1.203,8.2,-0.913,25.8,-0.289,45.9,-0.296,12.6,-0.828,8.2,-1.945,30.7,-0.282,45.9,-0.239,12.6,-1.151,18.6,-0.776,24.5,-0.368,44.1,-0.344,10.6,-0.861,34.5,-0.196,31.2,-0.375,44.1,-0.269,10.6,-1.174,6.7,-1.476,23.2,-0.245,44.3,-0.353,5.2,-1.269,20.1,-0.907,30.4,-0.267,44.3,-0.298,5.2,-1.436
ait187bpr8we72jvfxxt6ttjp,M. te Wierik,Heracles Almelo,Defender,12,0.003353518608963183,0,41,1.1176,0.0003,0.0,3.8184,7,0.0032631487271169,0,21,1.0865,0.0005,0.0,3.2596,5,9.036988184628336e-05,0,20,1.1642,0.0,0.0,4.6566,5,0.003353518608963183,0,20,0.9313,0.0006,0.0,3.7253,7,0.0,0,21,0.9313,0.0,0.0,2.794,7,9.036988184628336e-05,0,28,1.3039,0.0,0.0,5.2154,45.8,-0.419,51.7,-0.318,42.3,-0.415,57.3,-0.028,17.5,-0.957,55.6,-0.277,42.3,-0.336,65.7,0.307,49.3,-0.27,68.5,-0.154,46.9,-0.273,56.6,-0.033,28.7,-0.576,73.8,-0.146,46.9,-0.224,51.7,0.054,44.1,-0.517,44.1,-0.47,45.8,-0.297,59.4,-0.018,32.2,-0.331,25.5,-0.411,45.8,-0.258,79.7,0.783,41.6,-0.513,73.4,-0.131,45.5,-0.328,55.2,-0.034,25.9,-0.29,80.4,-0.08,45.5,-0.243,76.2,0.577,46.2,-0.286,18.2,-0.496,46.2,-0.302,61.9,-0.018,18.5,-0.783,25.9,-0.281,46.2,-0.239,59.4,0.068,54.9,0.064,51.7,-0.397,46.5,-0.288,86.0,0.955,48.3,-0.293,29.7,-0.371,46.5,-0.282,83.2,0.787
al7bdbzd91zkuh6ilsvw3fsru,V. Sejk,SC Heerenveen,Forward,1,0.0,0,0,0.9189,0.0,0.0,0.0,0,0.0,0,0,0.0,0.0,0.0,0.0,1,0.0,0,0,0.9189,0.0,0.0,0.0,1,0.0,0,0,0.9189,0.0,0.0,0.0,0,0.0,0,0,0.0,0.0,0.0,0.0,1,0.0,0,0,0.9189,0.0,0.0,0.0,13.6,-0.732,22.0,-0.478,44.1,-0.374,6.8,-0.866,14.4,-0.561,24.6,-0.526,44.1,-0.34,6.8,-1.246,16.1,-0.786,33.9,-0.333,49.2,-0.186,23.7,-0.745,16.1,-1.346,34.7,-0.393,49.2,-0.186,23.7,-0.733,33.9,-0.519,30.5,-0.376,45.8,-0.316,16.1,-0.756,33.1,0.122,34.7,-0.39,45.8,-0.258,16.1,-0.94,39.0,-0.431,33.1,-0.344,47.5,-0.267,22.9,-0.626,39.0,0.411,34.7,-0.406,47.5,-0.225,22.9,-0.782,8.5,-1.003,33.1,-0.368,46.6,-0.302,15.3,-0.818,8.5,-2.074,33.9,-0.391,46.6,-0.282,15.3,-0.923,13.6,-1.094,25.4,-0.459,46.6,-0.302,6.8,-1.077,14.4,-0.538,27.1,-0.464,46.6,-0.291,6.8,-1.194
amd4x99ed8bsx9kl01j0k12c4,S. de Laat,Nijmegen Eendracht Combinatie,Defender,1,0.0001830704997852,0,8,0.9574,0.0002,0.0,7.6596,1,0.0001830704997852,0,8,0.9574,0.0002,0.0,7.6596,0,0.0,0,0,0.0,0.0,0.0,0.0,0,0.0,0,0,0.0,0.0,0.0,0.0,1,0.0001830704997852,0,8,0.9574,0.0002,0.0,7.6596,1,0.0001830704997852,0,8,0.9574,0.0002,0.0,7.6596,2.1,-1.266,30.1,-0.441,42.3,-0.415,17.1,-0.931,10.1,-1.489,49.3,-0.323,42.3,-0.336,99.3,2.468,10.1,-1.144,43.4,-0.296,46.9,-0.273,34.6,-0.668,23.8,-0.858,61.9,-0.233,46.9,-0.224,97.2,2.13,3.1,-1.238,19.2,-0.479,45.8,-0.297,5.9,-1.053,3.1,-2.63,25.5,-0.411,45.8,-0.258,5.9,-1.531,5.9,-1.257,18.2,-0.285,45.5,-0.328,8.7,-1.063,5.9,-2.393,25.5,-0.26,45.5,-0.243,8.7,-1.204,5.9,-1.145,45.5,-0.479,46.2,-0.302,30.8,-0.648,36.0,-0.69,65.4,-0.205,46.2,-0.239,98.6,2.733,2.1,-2.061,55.9,-0.388,46.5,-0.288,21.7,-0.768,16.4,-1.148,71.7,-0.289,46.5,-0.282,95.1,1.881
aqnr6l3f02hx0soadunxbjcpg,J. Trenskow,SC Heerenveen,Midfielder,20,0.0087516070307806,0,73,1.4244,0.0006,0.0,5.1991,4,0.0,0,13,0.9259,0.0,0.0,3.0091,16,0.0087516070307806,0,60,1.646,0.0009,0.0,6.1725,14,0.006602564861494401,0,48,1.2962,0.0006,0.0,4.4442,6,0.0021490421692862,0,25,0.9259,0.0003,0.0,3.8578,7,0.001179674837958,0,29,1.2962,0.0002,0.0,5.37,82.0,0.757,76.3,0.0,40.5,-0.443,89.9,1.37,72.7,0.603,70.1,-0.108,40.5,-0.316,90.2,1.098,53.1,-0.265,22.7,-0.289,44.8,-0.348,61.6,-0.09,23.7,-0.318,28.6,-0.256,44.8,-0.301,53.6,0.121,92.0,1.667,86.1,0.541,44.6,-0.337,97.4,2.586,86.1,0.974,82.0,0.227,44.6,-0.265,91.2,1.386,89.4,1.356,84.5,0.101,45.9,-0.296,93.3,1.846,78.4,0.641,79.9,-0.054,45.9,-0.239,85.6,0.906,69.3,0.062,73.7,-0.163,44.1,-0.344,78.4,0.662,23.7,-0.21,74.5,-0.163,44.1,-0.269,80.9,0.724,69.8,0.569,71.1,-0.171,44.3,-0.353,93.8,1.548,61.1,0.155,68.3,-0.202,44.3,-0.298,88.7,1.092
ar7llmzju08n8yrqu8xm1thck,O. Braude,SC Heerenveen,Defender,24,0.0005128200910358566,0,31,1.3082,0.0,0.0,1.6898,13,5.178625293225658e-05,0,15,1.3385,0.0,0.0,1.5445,11,0.0004610338381035999,0,16,1.2742,0.0001,0.0,1.8534,11,5.178625293225658e-05,0,16,1.1326,0.0,0.0,1.6474,13,0.0004610338381035999,0,15,1.3385,0.0,0.0,1.5445,8,5.178625293225658e-05,0,11,1.4827,0.0,0.0,2.0387,67.1,0.505,41.3,-0.429,42.3,-0.415,50.3,-0.302,39.9,-0.325,18.9,-0.413,42.3,-0.336,18.9,-0.89,71.3,0.604,36.4,-0.302,46.9,-0.273,46.9,-0.326,44.8,-0.025,22.7,-0.292,46.9,-0.224,24.5,-0.755,64.7,0.348,54.5,-0.434,45.8,-0.297,52.8,-0.225,45.5,-0.114,55.9,-0.348,45.8,-0.258,29.4,-0.61,64.3,0.38,39.9,-0.283,45.5,-0.328,51.0,-0.24,53.1,0.165,25.5,-0.26,45.5,-0.243,32.2,-0.417,74.5,0.574,54.5,-0.453,46.2,-0.302,48.3,-0.309,80.4,0.67,25.9,-0.281,46.2,-0.239,23.8,-0.616,68.9,0.419,50.3,-0.401,46.5,-0.288,35.0,-0.51,60.5,0.149,29.7,-0.371,46.5,-0.282,28.0,-0.636
ass524umdrpsq324wksaqef4k,M. Young,Sparta Rotterdam,Goalkeeper,49,0.0175555104450044,0,119,1.9792,0.0007,0.0,4.8065,29,0.0062987783128567,0,83,2.2451,0.0005,0.0,6.4256,20,0.0112567321321477,0,36,1.6891,0.001,0.0,3.0404,31,0.0126499426356425,0,88,1.5157,0.0006,0.0,4.3027,18,0.0049055678093619,0,31,1.1944,0.0003,0.0,2.0571,11,0.0,0,34,2.0438,0.0,0.0,6.3172,100.0,1.623,63.6,-0.412,40.9,-0.584,100.0,1.516,100.0,1.468,63.6,-0.459,40.9,-0.369,72.7,0.147,100.0,1.912,72.7,-0.46,45.5,-0.449,100.0,1.747,100.0,1.863,72.7,-0.461,45.5,-0.446,63.6,0.385,100.0,1.247,81.8,0.046,50.0,-0.302,81.8,0.891,72.7,0.822,81.8,0.028,50.0,-0.302,81.8,0.563,100.0,1.84,63.6,-0.428,54.5,0.0,100.0,1.728,100.0,0.999,63.6,-0.476,54.5,0.0,54.5,-0.062,90.9,1.235,90.9,-0.115,40.9,-0.584,72.7,0.919,63.6,0.565,90.9,-0.147,40.9,-0.36,54.5,0.25,90.9,1.249,27.3,-0.396,50.0,-0.302,81.8,1.011,90.9,1.471,36.4,-0.397,50.0,-0.302,63.6,0.433
avv12sgcucblnbfb790xovf8,R. van Bommel,PSV Eindhoven,Forward,6,0.0068197692237755,1,10,1.8525,0.0021,0.3087,3.0875,3,0.0,0,0,1.3894,0.0,0.0,0.0,3,0.0068197692237755,1,10,2.7787,0.0063,0.9262,9.2624,3,0.0,0,0,0.9262,0.0,0.0,0.0,3,0.0068197692237755,1,10,1.3894,0.0032,0.4631,4.6312,6,0.0068197692237755,1,10,1.8525,0.0021,0.3087,3.0875,78.8,0.228,81.4,0.315,93.2,2.08,63.6,-0.139,96.6,3.204,86.4,0.946,96.6,2.582,59.3,0.163,73.7,0.237,33.9,-0.333,49.2,-0.186,23.7,-0.745,88.1,1.118,34.7,-0.393,49.2,-0.186,23.7,-0.733,71.2,0.169,86.4,0.51,94.9,2.348,78.0,0.415,100.0,3.498,96.6,2.187,100.0,6.264,100.0,2.932,77.1,0.182,33.1,-0.344,47.5,-0.267,22.9,-0.626,50.8,0.426,34.7,-0.406,47.5,-0.225,22.9,-0.782,77.1,0.247,89.8,1.183,96.6,3.258,83.1,0.662,96.6,1.351,94.9,2.572,98.3,4.315,88.1,1.237,87.3,1.147,88.1,0.871,96.6,3.258,66.9,0.179,96.6,2.941,88.1,1.046,96.6,2.699,61.0,0.156
avyhrrfkeizd3za28ni67x82c,C. Hatenboer,SC Telstar,Midfielder,15,0.002380141740350741,0,30,1.5485,0.0002,0.0,3.097,8,0.0001543321080241,0,17,1.4866,0.0,0.0,3.159,7,0.002225809632326641,0,13,1.6259,0.0005,0.0,3.0196,6,0.0001543321080241,0,18,1.3937,0.0,0.0,4.181,9,0.002225809632326641,0,12,1.1946,0.0003,0.0,1.5928,10,0.002380141740350741,0,25,1.8582,0.0004,0.0,4.6456,74.7,0.324,58.8,-0.316,40.5,-0.443,67.0,0.031,83.0,1.005,54.6,-0.299,40.5,-0.316,51.0,0.002,75.3,0.408,53.1,-0.281,44.8,-0.348,68.0,0.142,75.3,0.647,28.6,-0.256,44.8,-0.301,55.7,0.186,74.0,0.212,78.9,-0.157,44.6,-0.337,62.6,-0.082,85.6,0.934,78.1,-0.051,44.6,-0.265,55.7,0.064,67.0,0.059,55.7,-0.28,45.9,-0.296,67.8,0.175,84.5,0.836,30.7,-0.282,45.9,-0.239,81.4,0.784,79.1,0.565,75.3,-0.156,44.1,-0.344,59.5,-0.13,80.9,0.607,74.5,-0.163,44.1,-0.269,38.1,-0.39,94.3,1.592,77.3,-0.095,44.3,-0.353,85.8,1.159,94.3,1.788,75.0,-0.137,44.3,-0.298,78.4,0.751
awsbedog2zaz7zpjucbcba82y,S. Shoretire,PEC Zwolle,Forward,19,0.0001542041557822671,0,30,1.4786,0.0,0.0,2.3346,12,8.390025089426156e-05,0,18,1.6009,0.0,0.0,2.4013,7,7.030390488800553e-05,0,12,1.3074,0.0,0.0,2.2412,8,0.0,0,7,1.2451,0.0,0.0,1.0895,11,0.0001542041557822671,0,23,1.1414,0.0,0.0,2.3865,9,1.362771652502204e-05,0,11,1.6809,0.0,0.0,2.0545,98.3,2.724,52.5,-0.46,44.1,-0.374,89.8,1.315,93.2,1.696,24.6,-0.526,44.1,-0.34,47.5,-0.18,99.2,3.307,69.5,-0.31,49.2,-0.186,91.5,1.713,94.9,1.493,34.7,-0.393,49.2,-0.186,67.8,0.137,93.2,1.544,66.1,-0.366,45.8,-0.316,87.3,0.649,89.8,0.827,34.7,-0.39,45.8,-0.258,55.9,-0.003,94.9,1.713,33.1,-0.344,47.5,-0.267,69.5,0.06,96.6,1.103,34.7,-0.406,47.5,-0.225,54.2,-0.352,100.0,3.58,69.5,-0.333,46.6,-0.302,97.5,2.587,93.2,0.74,33.9,-0.391,46.6,-0.282,69.5,0.19,98.3,2.492,50.8,-0.457,46.6,-0.302,73.7,0.304,93.2,2.301,27.1,-0.464,46.6,-0.291,42.4,-0.296
b0me6l44boibnwpbtasxoy02x,S. Dest,PSV Eindhoven,Defender,13,0.0004526957714259752,0,30,1.0164,0.0,0.0,2.3456,6,0.0004467755511453,0,18,1.1259,0.0001,0.0,3.3776,7,5.920220280675181e-06,0,12,0.9382,0.0,0.0,1.6084,7,0.0001072327225820752,0,25,0.9382,0.0,0.0,3.3508,6,0.0003454630488439,0,5,0.9382,0.0001,0.0,0.7819,6,0.0001013125023014,0,16,1.1259,0.0,0.0,3.0023,49.3,-0.342,38.5,-0.431,42.3,-0.415,48.3,-0.329,11.2,-1.293,18.9,-0.413,42.3,-0.336,27.3,-0.521,45.1,-0.416,53.1,-0.284,46.9,-0.273,52.8,-0.179,29.4,-0.489,52.4,-0.262,46.9,-0.224,55.2,0.11,54.5,-0.229,38.5,-0.479,45.8,-0.297,45.5,-0.432,21.7,-0.778,25.5,-0.411,45.8,-0.258,23.8,-0.732,49.0,-0.215,44.1,-0.28,45.5,-0.328,63.6,0.223,32.9,-0.274,25.5,-0.26,45.5,-0.243,68.5,0.398,42.3,-0.429,53.1,-0.464,46.2,-0.302,22.4,-0.793,28.3,-0.758,57.3,-0.243,46.2,-0.239,14.0,-1.034,40.2,-0.29,52.4,-0.396,46.5,-0.288,54.9,-0.079,32.2,-0.732,29.7,-0.371,46.5,-0.282,50.3,-0.204
b157xbo2jovsxkgr3wie3rip6,T. Baeten,Go Ahead Eagles,Midfielder,3,0.0,0,1,1.4092,0.0,0.0,0.4697,2,0.0,0,0,1.8789,0.0,0.0,0.0,1,0.0,0,1,0.9395,0.0,0.0,0.9395,1,0.0,0,1,0.9395,0.0,0.0,0.9395,2,0.0,0,0,1.8789,0.0,0.0,0.0,3,0.0,0,1,1.4092,0.0,0.0,0.4697,28.4,-0.716,15.7,-0.434,40.5,-0.443,11.3,-0.871,71.1,0.554,22.7,-0.395,40.5,-0.316,11.9,-1.367,35.3,-0.602,22.7,-0.289,44.8,-0.348,12.6,-0.843,95.4,1.323,28.6,-0.256,44.8,-0.301,12.6,-1.188,17.5,-0.757,24.5,-0.395,44.6,-0.337,21.4,-0.763,44.8,-0.421,30.9,-0.399,44.6,-0.265,28.4,-0.809,24.2,-0.751,25.8,-0.289,45.9,-0.296,26.3,-0.772,51.0,-0.07,30.7,-0.282,45.9,-0.239,35.6,-0.716,35.8,-0.608,24.5,-0.368,44.1,-0.344,10.6,-0.861,99.5,2.687,31.2,-0.375,44.1,-0.269,10.6,-1.174,28.4,-0.794,23.2,-0.245,44.3,-0.353,12.4,-1.171,72.7,0.484,30.4,-0.267,44.3,-0.298,13.9,-1.215
b23be312oxcbusvpjnnriukq2,Y. Oukili,Fortuna Sittard,Midfielder,7,0.0,1,14,1.2949,0.0,0.185,2.5897,3,0.0,1,3,1.3874,0.0,0.4625,1.3874,4,0.0,0,11,1.2332,0.0,0.0,3.3913,3,0.0,1,2,1.3874,0.0,0.4625,0.9249,4,0.0,0,12,0.9249,0.0,0.0,2.7747,7,0.0,1,14,1.2949,0.0,0.185,2.5897,46.6,-0.369,15.7,-0.434,88.7,1.387,44.8,-0.467,61.9,0.184,22.7,-0.395,95.9,1.895,38.1,-0.262,44.3,-0.434,22.7,-0.289,94.8,2.863,35.3,-0.669,67.0,0.476,28.6,-0.256,99.5,6.058,35.1,-0.584,53.9,-0.272,24.5,-0.395,44.6,-0.337,57.0,-0.195,61.3,0.159,30.9,-0.399,44.6,-0.265,62.4,0.22,42.8,-0.427,25.8,-0.289,95.4,2.726,29.9,-0.716,83.5,0.823,30.7,-0.282,100.0,7.625,31.4,-0.723,52.6,-0.273,24.5,-0.368,44.1,-0.344,59.5,-0.13,21.6,-0.213,31.2,-0.375,44.1,-0.269,59.8,0.191,69.8,0.569,23.2,-0.245,93.8,2.384,59.8,0.091,59.8,0.151,30.4,-0.267,90.2,1.666,44.8,-0.217
b2a5syitl1nb5ky04j7pdq09h,J. Willems,Nijmegen Eendracht Combinatie,Defender,2,0.0,0,2,0.8985,0.0,0.0,0.8985,1,0.0,0,1,0.8985,0.0,0.0,0.8985,1,0.0,0,1,0.8985,0.0,0.0,0.8985,0,0.0,0,0,0.0,0.0,0.0,0.0,2,0.0,0,2,0.8985,0.0,0.0,0.8985,2,0.0,0,2,0.8985,0.0,0.0,0.8985,6.6,-1.189,12.2,-0.449,42.3,-0.415,7.3,-1.095,0.7,-1.684,18.9,-0.413,42.3,-0.336,8.4,-1.335,10.1,-1.144,16.8,-0.305,46.9,-0.273,14.3,-1.01,4.9,-0.987,22.7,-0.292,46.9,-0.224,17.5,-1.06,8.0,-1.094,19.2,-0.479,45.8,-0.297,13.6,-1.001,6.3,-0.856,25.5,-0.411,45.8,-0.258,16.1,-1.084,5.9,-1.257,18.2,-0.285,45.5,-0.328,8.7,-1.063,5.9,-2.393,25.5,-0.26,45.5,-0.243,8.7,-1.204,16.1,-1.002,18.2,-0.496,46.2,-0.302,13.6,-0.939,2.8,-0.9,25.9,-0.281,46.2,-0.239,14.7,-0.97,6.6,-1.707,21.3,-0.405,46.5,-0.288,7.3,-1.285,0.7,-1.294,29.7,-0.371,46.5,-0.282,9.8,-1.146
b33sm106xc7g3h4bcqtawja7e,C. Bozdoğan,FC Utrecht,Midfielder,5,0.0,0,6,1.1545,0.0,0.0,1.3854,4,0.0,0,6,1.2315,0.0,0.0,1.8472,1,0.0,0,0,0.9236,0.0,0.0,0.0,3,0.0,0,6,1.3854,0.0,0.0,2.7708,2,0.0,0,0,0.9236,0.0,0.0,0.0,5,0.0,0,6,1.1545,0.0,0.0,1.3854,39.9,-0.543,15.7,-0.434,40.5,-0.443,25.8,-0.716,48.5,-0.27,22.7,-0.395,40.5,-0.316,20.1,-0.89,53.1,-0.265,22.7,-0.289,44.8,-0.348,43.3,-0.496,59.3,0.208,28.6,-0.256,44.8,-0.301,38.1,-0.384,17.5,-0.757,24.5,-0.395,44.6,-0.337,9.5,-0.82,18.6,-0.453,30.9,-0.399,44.6,-0.265,9.5,-1.203,42.8,-0.427,25.8,-0.289,45.9,-0.296,45.1,-0.494,82.5,0.819,30.7,-0.282,45.9,-0.239,52.1,0.132,35.8,-0.608,24.5,-0.368,44.1,-0.344,10.6,-0.861,20.1,-0.217,31.2,-0.375,44.1,-0.269,10.6,-1.174,43.0,-0.112,23.2,-0.245,44.3,-0.353,29.6,-0.686,52.6,-0.257,30.4,-0.267,44.3,-0.298,25.3,-0.784
b486fhu2s7pyi92yk1iczglp1,T. Kongolo,NAC Breda,Defender,1,0.0,0,0,0.9165,0.0,0.0,0.0,0,0.0,0,0,0.0,0.0,0.0,0.0,1,0.0,0,0,0.9165,0.0,0.0,0.0,0,0.0,0,0,0.0,0.0,0.0,0.0,1,0.0,0,0,0.9165,0.0,0.0,0.0,1,0.0,0,0,0.9165,0.0,0.0,0.0,2.1,-1.266,12.2,-0.449,42.3,-0.415,2.1,-1.15,2.1,-1.624,18.9,-0.413,42.3,-0.336,2.1,-1.841,2.4,-1.29,16.8,-0.305,46.9,-0.273,6.6,-1.059,2.4,-2.952,22.7,-0.292,46.9,-0.224,6.6,-1.484,8.0,-1.094,19.2,-0.479,45.8,-0.297,5.9,-1.053,8.4,-0.821,25.5,-0.411,45.8,-0.258,5.9,-1.531,5.9,-1.257,18.2,-0.285,45.5,-0.328,8.7,-1.063,5.9,-2.393,25.5,-0.26,45.5,-0.243,8.7,-1.204,5.9,-1.145,18.2,-0.496,46.2,-0.302,4.9,-1.036,4.9,-0.836,25.9,-0.281,46.2,-0.239,4.9,-1.462,2.1,-2.061,21.3,-0.405,46.5,-0.288,2.1,-1.457,2.1,-1.249,29.7,-0.371,46.5,-0.282,2.1,-1.549
b4efh7m2z28zc5gx250vvdzze,L. Nordås,SC Heerenveen,Forward,3,0.0080689594969739,0,12,0.9335,0.0025,0.0,3.734,0,0.0,0,0,0.0,0.0,0.0,0.0,3,0.0080689594969739,0,12,0.9335,0.0025,0.0,3.734,1,0.0,0,2,0.9335,0.0,0.0,1.867,2,0.0080689594969739,0,10,0.9335,0.0038,0.0,4.6675,3,0.0080689594969739,0,12,0.9335,0.0025,0.0,3.734,50.8,-0.348,83.1,0.46,44.1,-0.374,72.0,0.006,48.3,-0.502,89.8,1.226,44.1,-0.34,79.7,0.458,16.1,-0.786,33.9,-0.333,49.2,-0.186,23.7,-0.745,16.1,-1.346,34.7,-0.393,49.2,-0.186,23.7,-0.733,71.2,0.169,89.8,0.672,45.8,-0.316,87.3,0.649,60.2,0.148,88.1,0.633,45.8,-0.258,74.6,0.621,39.0,-0.431,33.1,-0.344,47.5,-0.267,49.2,-0.43,67.8,0.442,34.7,-0.406,47.5,-0.225,67.8,-0.046,55.9,-0.169,93.2,1.467,46.6,-0.302,83.1,0.662,72.0,0.227,98.3,3.128,46.6,-0.282,93.2,1.254,50.8,-0.198,89.8,1.115,46.6,-0.302,78.8,0.43,51.7,-0.484,91.5,1.333,46.6,-0.291,76.3,0.438
b5sf6wcogrvlwuwbd8xsyyfh1,J. van Overeem,SC Heerenveen,Midfielder,36,0.06229315679355351,1,117,1.6676,0.0029,0.0463,5.4196,17,0.06222882905153074,0,76,1.7499,0.0064,0.0,7.8232,19,6.432774202276559e-05,1,41,1.6002,0.0,0.0842,3.4531,23,0.06216556718903251,1,87,1.6391,0.0044,0.0713,6.2,13,0.000127589604521,0,30,1.0036,0.0,0.0,2.3161,14,0.0482656377835825,0,35,2.594,0.0089,0.0,6.485,95.9,2.144,97.9,2.658,88.7,1.387,97.7,2.74,89.2,1.39,93.8,0.992,82.0,0.237,91.8,1.213,94.1,1.923,99.0,3.276,44.8,-0.348,100.0,3.559,89.2,1.101,97.4,1.462,44.8,-0.301,97.4,2.215,95.9,2.152,55.7,-0.388,93.6,2.178,91.0,1.508,84.5,0.883,30.9,-0.399,90.2,0.596,63.4,0.246,97.4,2.814,99.5,3.387,95.4,2.726,100.0,4.018,94.8,1.325,96.4,1.386,93.3,0.974,93.8,1.719,86.3,1.235,57.2,-0.356,44.1,-0.344,82.5,0.966,63.9,0.026,31.2,-0.375,44.1,-0.269,51.5,-0.035,100.0,2.956,99.0,2.786,44.3,-0.353,97.9,2.131,100.0,3.926,98.5,2.613,44.3,-0.298,94.8,1.617
b8ixf31bdyfqqcwoy4ulai73e,K. Fitz-Jim,AFC Ajax,Midfielder,16,0.02844643735893066,0,36,1.6435,0.0029,0.0,3.6979,12,0.02838150984652968,0,29,2.2187,0.0052,0.0,5.3619,4,6.492751240097516e-05,0,7,0.9245,0.0,0.0,1.6178,7,0.02833458286175402,0,19,1.6178,0.0065,0.0,4.3912,9,0.0001118544971766416,0,17,1.3867,0.0,0.0,2.6193,8,0.02830483923993308,0,21,1.4792,0.0052,0.0,3.8828,76.8,0.41,91.2,0.978,40.5,-0.443,71.4,0.218,86.6,1.312,93.8,0.992,40.5,-0.316,62.9,0.316,85.3,1.081,94.8,1.337,44.8,-0.348,81.2,0.837,97.9,1.908,96.4,1.14,44.8,-0.301,88.1,1.144,53.9,-0.272,56.2,-0.388,44.6,-0.337,44.3,-0.422,19.6,-0.451,30.9,-0.399,44.6,-0.265,34.5,-0.524,73.7,0.221,96.4,1.386,45.9,-0.296,70.1,0.231,93.6,1.283,98.5,2.181,45.9,-0.239,84.0,0.882,79.1,0.565,56.7,-0.358,44.1,-0.344,70.1,0.175,93.3,1.191,31.2,-0.375,44.1,-0.269,57.2,0.115,82.7,0.91,97.4,1.532,44.3,-0.353,75.3,0.771,75.8,0.687,96.4,1.416,44.3,-0.298,65.5,0.392
b94d67jluhh4076wp2se5fqsq,D. Kasius,Alkmaar Zaanstreek,Defender,7,0.0003643507901142,1,21,1.0924,0.0001,0.1561,3.2772,5,0.0002186520950454,1,18,1.1704,0.0001,0.2341,4.2136,2,0.0001456986950688,0,3,0.9364,0.0001,0.0,1.4045,4,0.0002186520950454,0,16,0.9364,0.0001,0.0,3.7454,3,0.0001456986950688,1,5,0.9364,0.0,0.3121,1.5606,5,0.0003643507901142,1,15,0.9364,0.0001,0.1873,2.8091,29.0,-0.804,36.4,-0.434,91.3,1.867,36.7,-0.575,14.0,-1.041,42.3,-0.368,98.6,3.382,54.5,0.003,37.4,-0.561,44.1,-0.295,96.9,3.634,52.8,-0.179,32.9,-0.392,52.4,-0.262,98.6,4.235,69.2,0.504,15.7,-0.95,47.6,-0.465,45.8,-0.297,18.9,-0.898,21.0,-0.781,55.9,-0.348,45.8,-0.258,21.0,-0.833,35.7,-0.662,47.6,-0.275,45.5,-0.328,51.0,-0.24,30.1,-0.278,57.0,-0.23,45.5,-0.243,76.9,0.587,25.5,-0.859,44.8,-0.483,96.2,3.292,22.4,-0.793,25.9,-0.765,25.9,-0.281,99.3,7.091,25.2,-0.607,23.8,-0.644,62.9,-0.371,96.5,3.452,49.7,-0.165,12.6,-1.2,64.7,-0.33,98.6,3.13,44.1,-0.291
baakmd4ndnulbl9npvmq90mvp,D. Klaassen,AFC Ajax,Midfielder,14,3.039691956482904e-05,0,32,1.1681,0.0,0.0,2.6699,11,3.039691956482904e-05,0,17,1.2619,0.0,0.0,1.9502,3,0.0,0,15,0.9178,0.0,0.0,4.5888,6,0.0,0,19,0.9178,0.0,0.0,2.9063,8,3.039691956482904e-05,0,13,1.0489,0.0,0.0,1.7044,5,0.0,0,17,0.9178,0.0,0.0,3.1204,72.9,0.237,33.0,-0.433,40.5,-0.443,69.6,0.094,52.6,-0.226,22.7,-0.395,40.5,-0.316,40.2,-0.22,83.2,0.913,46.4,-0.288,44.8,-0.348,68.0,0.142,63.4,0.26,28.6,-0.256,44.8,-0.301,42.3,-0.339,45.4,-0.434,24.5,-0.395,44.6,-0.337,68.0,0.032,12.4,-0.464,30.9,-0.399,44.6,-0.265,78.4,0.722,67.0,0.059,25.8,-0.289,45.9,-0.296,70.1,0.231,18.6,-0.114,30.7,-0.282,45.9,-0.239,57.2,0.194,76.0,0.397,51.0,-0.365,44.1,-0.344,62.6,-0.069,66.5,0.164,31.2,-0.375,44.1,-0.269,40.2,-0.335,43.0,-0.112,23.2,-0.245,44.3,-0.353,65.7,0.382,5.2,-0.944,30.4,-0.267,44.3,-0.298,53.1,0.033
badyafxn00m21tzbdff95o4k4,Y. Salah Rahmouni,Go Ahead Eagles,Midfielder,2,0.0,0,5,0.9293,0.0,0.0,2.3232,1,0.0,0,5,0.9293,0.0,0.0,4.6464,1,0.0,0,0,0.9293,0.0,0.0,0.0,0,0.0,0,0,0.0,0.0,0.0,0.0,2,0.0,0,5,0.9293,0.0,0.0,2.3232,2,0.0,0,5,0.9293,0.0,0.0,2.3232,18.8,-0.803,15.7,-0.434,40.5,-0.443,23.2,-0.747,16.5,-0.999,22.7,-0.395,40.5,-0.316,32.5,-0.401,21.9,-0.77,22.7,-0.289,44.8,-0.348,40.7,-0.554,30.4,-0.312,28.6,-0.256,44.8,-0.301,75.3,0.833,17.5,-0.757,24.5,-0.395,44.6,-0.337,9.5,-0.82,26.3,-0.441,30.9,-0.399,44.6,-0.265,9.5,-1.203,8.2,-0.913,25.8,-0.289,45.9,-0.296,12.6,-0.828,8.2,-1.945,30.7,-0.282,45.9,-0.239,12.6,-1.151,35.8,-0.608,24.5,-0.368,44.1,-0.344,39.7,-0.556,32.0,-0.2,31.2,-0.375,44.1,-0.269,52.1,-0.031,18.8,-1.135,23.2,-0.245,44.3,-0.353,26.3,-0.783,18.6,-0.911,30.4,-0.267,44.3,-0.298,41.2,-0.342
bdb33nwcpd2jufn9ggtl7gvzd,B. Lucassen,NAC Breda,Defender,9,0.0003165895899253771,0,20,0.9184,0.0,0.0,2.0408,5,1.87399185735404e-05,0,9,0.9184,0.0,0.0,1.6531,4,0.0002978496713518367,0,11,0.9184,0.0001,0.0,2.5255,5,0.0002978496713518367,0,12,0.9184,0.0001,0.0,2.2041,4,1.87399185735404e-05,0,8,0.9184,0.0,0.0,1.8367,5,0.0002978496713518367,0,10,0.9184,0.0001,0.0,1.8367,36.0,-0.65,35.0,-0.436,42.3,-0.415,34.6,-0.603,2.8,-1.618,18.9,-0.413,42.3,-0.336,21.7,-0.693,37.4,-0.561,33.6,-0.304,46.9,-0.273,37.1,-0.619,6.3,-0.943,22.7,-0.292,46.9,-0.224,25.9,-0.704,35.0,-0.661,51.7,-0.45,45.8,-0.297,42.0,-0.484,9.1,-0.817,55.9,-0.348,45.8,-0.258,40.6,-0.276,41.6,-0.513,51.0,-0.272,45.5,-0.328,44.1,-0.446,14.7,-0.319,57.0,-0.23,45.5,-0.243,45.5,-0.15,31.8,-0.715,38.5,-0.494,46.2,-0.302,30.8,-0.648,5.6,-0.829,25.9,-0.281,46.2,-0.239,32.9,-0.456,23.8,-0.644,61.5,-0.377,46.5,-0.288,31.1,-0.596,3.5,-1.245,64.7,-0.33,46.5,-0.282,22.4,-0.726
bgzvhtk50gvmq6noheadmc34l,D. Odoi,NAC Breda,Defender,16,0.003342083610266,0,30,1.2331,0.0003,0.0,2.3121,9,0.003342083610266,0,23,1.3872,0.0005,0.0,3.5452,7,0.0,0,7,1.079,0.0,0.0,1.079,6,0.0001066827606251,0,16,1.3872,0.0,0.0,3.6993,10,0.0032354008496409,0,14,1.156,0.0004,0.0,1.6184,6,0.0,0,16,1.1098,0.0,0.0,2.9594,53.5,-0.111,51.0,-0.318,42.3,-0.415,48.3,-0.329,32.2,-0.574,55.6,-0.277,42.3,-0.336,26.6,-0.54,58.0,0.021,69.2,-0.151,46.9,-0.273,59.8,0.065,48.3,0.082,73.8,-0.146,46.9,-0.224,57.3,0.189,54.5,-0.229,19.2,-0.479,45.8,-0.297,29.4,-0.691,26.6,-0.5,25.5,-0.411,45.8,-0.258,18.2,-0.995,45.5,-0.364,43.4,-0.28,45.5,-0.328,51.0,-0.24,84.3,0.74,25.5,-0.26,45.5,-0.243,74.8,0.565,61.9,0.144,69.9,-0.194,46.2,-0.302,45.1,-0.357,55.2,0.019,72.0,-0.129,46.2,-0.239,25.9,-0.576,40.2,-0.29,21.3,-0.405,46.5,-0.288,54.9,-0.079,22.4,-0.772,29.7,-0.371,46.5,-0.282,48.3,-0.223
bhyyi1zzlmc1f7xo3wnh3etxw,E. Waayers,Go Ahead Eagles,Defender,1,0.0,0,0,0.9399,0.0,0.0,0.0,1,0.0,0,0,0.9399,0.0,0.0,0.0,0,0.0,0,0,0.0,0.0,0.0,0.0,0,0.0,0,0,0.0,0.0,0.0,0.0,1,0.0,0,0,0.9399,0.0,0.0,0.0,1,0.0,0,0,0.9399,0.0,0.0,0.0,2.1,-1.266,12.2,-0.449,42.3,-0.415,2.1,-1.15,7.0,-1.547,18.9,-0.413,42.3,-0.336,2.1,-1.841,10.1,-1.144,16.8,-0.305,46.9,-0.273,6.6,-1.059,20.3,-0.896,22.7,-0.292,46.9,-0.224,6.6,-1.484,3.1,-1.238,19.2,-0.479,45.8,-0.297,5.9,-1.053,3.1,-2.63,25.5,-0.411,45.8,-0.258,5.9,-1.531,5.9,-1.257,18.2,-0.285,45.5,-0.328,8.7,-1.063,5.9,-2.393,25.5,-0.26,45.5,-0.243,8.7,-1.204,5.9,-1.145,18.2,-0.496,46.2,-0.302,4.9,-1.036,30.1,-0.752,25.9,-0.281,46.2,-0.239,4.9,-1.462,2.1,-2.061,21.3,-0.405,46.5,-0.288,2.1,-1.457,13.3,-1.192,29.7,-0.371,46.5,-0.282,2.1,-1.549
biee6dvb524juzai7iryyskix,D. Man,PSV Eindhoven,Midfielder,5,0.0042323938302792,0,27,0.9359,0.0008,0.0,5.0541,3,0.0039573231820237,0,16,0.9359,0.0012,0.0,4.9917,2,0.0002750706482555,0,11,0.9359,0.0001,0.0,5.1477,4,0.0042323938302792,0,25,0.9359,0.001,0.0,5.8496,1,0.0,0,2,0.9359,0.0,0.0,1.8719,5,0.0042323938302792,0,27,0.9359,0.0008,0.0,5.0541,39.9,-0.543,65.5,-0.224,40.5,-0.443,62.9,-0.062,26.3,-0.977,74.2,-0.012,40.5,-0.316,88.1,1.023,44.3,-0.434,79.9,-0.063,44.8,-0.348,65.5,0.084,44.6,-0.301,85.6,0.066,44.8,-0.301,85.1,0.983,33.5,-0.596,63.9,-0.365,44.6,-0.337,57.0,-0.195,39.7,-0.428,66.8,-0.33,44.6,-0.265,83.0,0.957,51.5,-0.265,80.9,-0.039,45.9,-0.296,78.6,0.565,46.9,-0.078,84.3,0.097,45.9,-0.239,92.8,1.557,18.6,-0.776,24.5,-0.368,44.1,-0.344,30.2,-0.739,51.3,-0.18,31.2,-0.375,44.1,-0.269,43.3,-0.253,43.0,-0.112,83.5,0.021,44.3,-0.353,90.5,1.354,30.4,-0.892,81.4,-0.008,44.3,-0.298,85.1,0.943
bjr31p4bny8vtlm8dc237boyc,R. Metu,FC Groningen,Midfielder,1,0.0,0,0,0.9254,0.0,0.0,0.0,0,0.0,0,0,0.0,0.0,0.0,0.0,1,0.0,0,0,0.9254,0.0,0.0,0.0,0,0.0,0,0,0.0,0.0,0.0,0.0,1,0.0,0,0,0.9254,0.0,0.0,0.0,1,0.0,0,0,0.9254,0.0,0.0,0.0,6.7,-0.889,15.7,-0.434,40.5,-0.443,4.9,-0.903,10.3,-1.011,22.7,-0.395,40.5,-0.316,4.9,-1.612,7.0,-0.939,22.7,-0.289,44.8,-0.348,12.6,-0.843,7.0,-1.913,28.6,-0.256,44.8,-0.301,12.6,-1.188,17.5,-0.757,24.5,-0.395,44.6,-0.337,9.5,-0.82,20.4,-0.449,30.9,-0.399,44.6,-0.265,9.5,-1.203,8.2,-0.913,25.8,-0.289,45.9,-0.296,12.6,-0.828,8.2,-1.945,30.7,-0.282,45.9,-0.239,12.6,-1.151,18.6,-0.776,24.5,-0.368,44.1,-0.344,10.6,-0.861,22.4,-0.212,31.2,-0.375,44.1,-0.269,10.6,-1.174,6.7,-1.476,23.2,-0.245,44.3,-0.353,5.2,-1.269,11.9,-0.922,30.4,-0.267,44.3,-0.298,5.2,-1.436
bm3k1knugkwa8z319dscr2yhg,T. Hernes,FC Groningen,Midfielder,7,0.0189632869373689,1,24,1.6406,0.0044,0.2344,5.625,3,0.0,0,7,1.4062,0.0,0.0,3.2812,4,0.0189632869373689,1,17,1.875,0.0089,0.4688,7.9688,3,0.0,0,12,0.9375,0.0,0.0,3.75,4,0.0189632869373689,1,12,0.9375,0.0044,0.2344,2.8125,7,0.0189632869373689,1,24,1.6406,0.0044,0.2344,5.625,46.6,-0.369,86.6,0.507,88.7,1.387,59.3,-0.155,85.6,1.303,97.2,1.709,99.0,2.486,92.8,1.32,44.3,-0.434,22.7,-0.289,44.8,-0.348,46.1,-0.438,71.9,0.509,28.6,-0.256,44.8,-0.301,57.2,0.239,53.9,-0.272,93.3,1.633,93.6,2.178,71.9,0.145,94.8,1.426,99.5,5.798,99.5,4.528,96.9,2.14,42.8,-0.427,25.8,-0.289,45.9,-0.296,59.3,-0.159,49.2,-0.074,30.7,-0.282,45.9,-0.239,74.5,0.585,52.6,-0.273,94.8,1.445,93.3,2.04,59.5,-0.13,55.2,-0.175,96.4,2.736,96.9,2.25,63.1,0.21,69.8,0.569,96.4,0.946,93.8,2.384,83.0,1.062,85.6,1.156,95.9,1.157,98.5,2.191,90.2,1.212
bn8dwm2y9a8i9a10rba3dmm3u,D. James,Go Ahead Eagles,Defender,18,0.004695744977179867,0,60,1.4057,0.0004,0.0,4.6856,11,0.0045632846684293,0,33,1.7181,0.0007,0.0,5.1542,7,0.0001324603087505677,0,27,1.0933,0.0,0.0,4.2171,9,0.004308573212501693,0,27,1.4057,0.0007,0.0,4.2171,9,0.0003871717646781747,0,33,1.0543,0.0,0.0,3.8656,6,0.0003296279674676755,0,20,1.1245,0.0001,0.0,3.7485,57.7,0.043,57.3,-0.265,42.3,-0.415,69.9,0.492,55.2,-0.002,62.2,-0.232,42.3,-0.336,80.4,0.795,65.0,0.313,73.4,-0.095,46.9,-0.273,75.9,0.554,81.1,0.806,80.1,-0.087,46.9,-0.224,83.2,0.948,54.5,-0.229,45.5,-0.466,45.8,-0.297,69.9,0.344,28.0,-0.471,25.5,-0.411,45.8,-0.258,72.7,0.564,59.8,0.082,76.9,-0.087,45.5,-0.328,68.5,0.326,88.8,0.781,83.2,-0.05,45.5,-0.243,88.8,0.812,56.6,0.001,53.8,-0.46,46.2,-0.302,78.3,0.564,39.2,-0.344,25.9,-0.281,46.2,-0.239,78.3,0.655,40.2,-0.29,62.2,-0.374,46.5,-0.288,64.7,0.266,30.1,-0.736,64.7,-0.33,46.5,-0.282,60.1,0.13
bner5siqnwn1fqusfrgujt0fe,M. Bruns,FC Twente,Defender,9,0.0114883634906206,0,36,1.1835,0.0015,0.0,4.7342,5,0.0100770465147998,0,27,1.5342,0.0031,0.0,8.2848,4,0.0014113169758208,0,9,0.9205,0.0003,0.0,2.0712,2,0.0113624421471362,0,14,0.9205,0.0052,0.0,6.4437,7,0.0001259213434844,0,22,1.2887,0.0,0.0,4.0504,5,0.0102029678582842,0,20,0.9205,0.0019,0.0,3.6821,36.0,-0.65,73.4,0.0,42.3,-0.415,53.8,-0.165,27.3,-0.739,84.6,0.265,42.3,-0.336,82.5,0.822,37.4,-0.561,86.0,0.159,46.9,-0.273,64.0,0.26,66.4,0.403,92.3,0.613,46.9,-0.224,98.6,2.425,35.0,-0.661,64.3,-0.34,45.8,-0.297,34.6,-0.587,10.8,-0.813,67.5,-0.223,45.8,-0.258,33.6,-0.502,19.6,-0.96,87.4,0.239,45.5,-0.328,47.9,-0.343,17.5,-0.314,97.2,1.298,45.5,-0.243,96.5,1.877,46.2,-0.286,42.7,-0.484,46.2,-0.302,64.0,0.031,71.3,0.492,25.9,-0.281,46.2,-0.239,83.9,0.756,23.8,-0.644,87.4,0.551,46.5,-0.288,64.7,0.266,4.9,-1.24,87.4,0.403,46.5,-0.282,58.7,0.1
bnkzwpd607re6s01oa77wcodm,J. Dahlhaus,Fortuna Sittard,Defender,50,0.0003317074362326096,0,93,2.0946,0.0,0.0,3.896,26,0.0002415712766291912,0,47,2.1784,0.0,0.0,3.9378,24,9.013615960341836e-05,0,46,2.0108,0.0,0.0,3.8541,21,4.262356526782418e-05,0,34,1.3824,0.0,0.0,2.2382,29,0.0002890838709647854,0,59,1.4067,0.0,0.0,2.8619,9,1.83988771816912e-05,0,26,1.6589,0.0,0.0,4.7924,98.6,2.507,35.7,-0.436,42.3,-0.415,91.6,1.395,98.6,2.283,18.9,-0.413,42.3,-0.336,68.5,0.351,99.0,2.499,45.5,-0.294,46.9,-0.273,88.8,1.238,98.6,1.812,22.7,-0.292,46.9,-0.224,64.3,0.374,97.9,2.222,43.4,-0.47,45.8,-0.297,89.2,1.327,95.8,1.34,25.5,-0.411,45.8,-0.258,67.1,0.384,95.1,1.868,38.5,-0.283,45.5,-0.328,78.3,0.687,83.2,0.729,25.5,-0.26,45.5,-0.243,47.6,-0.134,100.0,2.867,49.0,-0.469,46.2,-0.302,94.1,1.825,86.7,0.913,25.9,-0.281,46.2,-0.239,63.6,0.105,80.1,0.773,45.5,-0.404,46.5,-0.288,82.5,0.783,74.1,0.584,29.7,-0.371,46.5,-0.282,79.7,0.597
bpprd2haoafk6y0rjans4iytx,K. Dolberg,AFC Ajax,Forward,5,0.0,0,6,0.9184,0.0,0.0,1.102,5,0.0,0,6,0.9184,0.0,0.0,1.102,0,0.0,0,0,0.0,0.0,0.0,0.0,3,0.0,0,3,0.9184,0.0,0.0,0.9184,2,0.0,0,3,0.9184,0.0,0.0,1.3776,5,0.0,0,6,0.9184,0.0,0.0,1.102,71.2,0.036,22.0,-0.478,44.1,-0.374,43.2,-0.43,11.0,-0.563,24.6,-0.526,44.1,-0.34,32.2,-0.743,87.3,0.919,33.9,-0.333,49.2,-0.186,62.7,0.074,40.7,0.282,34.7,-0.393,49.2,-0.186,52.5,-0.334,11.9,-0.862,30.5,-0.376,45.8,-0.316,16.1,-0.756,11.9,-1.546,34.7,-0.39,45.8,-0.258,16.1,-0.94,77.1,0.182,33.1,-0.344,47.5,-0.267,55.1,-0.332,36.4,0.41,34.7,-0.406,47.5,-0.225,49.2,-0.42,55.9,-0.169,33.1,-0.368,46.6,-0.302,52.5,-0.374,27.1,0.19,33.9,-0.391,46.6,-0.282,50.8,-0.281,74.6,0.699,25.4,-0.459,46.6,-0.302,48.3,-0.324,11.0,-0.54,27.1,-0.464,46.6,-0.291,35.6,-0.713
brfa9yhy2llgt9l75unddogk,J. Mokio,AFC Ajax,Midfielder,22,0.002915552275158717,0,88,1.4369,0.0002,0.0,5.7475,15,0.0022478155809058,0,58,1.5239,0.0002,0.0,5.8926,7,0.0006677366942529172,0,30,1.2801,0.0001,0.0,5.4862,9,0.0,0,28,1.3716,0.0,0.0,4.2671,13,0.002915552275158717,0,60,0.9906,0.0002,0.0,4.5718,7,0.0,0,33,1.2801,0.0,0.0,6.0348,84.3,0.93,60.8,-0.289,40.5,-0.443,93.6,1.837,74.2,0.644,54.6,-0.299,40.5,-0.316,93.8,1.384,91.5,1.586,73.7,-0.161,44.8,-0.348,96.6,2.516,77.8,0.711,68.0,-0.202,44.8,-0.301,91.8,1.375,74.0,0.212,71.6,-0.323,44.6,-0.337,84.0,0.883,64.4,0.251,66.8,-0.33,44.6,-0.265,86.1,1.099,79.9,0.545,25.8,-0.289,45.9,-0.296,81.7,0.732,81.4,0.792,30.7,-0.282,45.9,-0.239,83.0,0.824,86.3,1.235,77.8,-0.09,44.1,-0.344,97.2,2.793,63.4,-0.014,69.8,-0.234,44.1,-0.269,88.7,1.075,69.8,0.569,23.2,-0.245,44.3,-0.353,96.4,1.936,57.2,0.108,30.4,-0.267,44.3,-0.298,91.8,1.405
btrg844mxkl6kbn89s7aecj8q,G. Yah,FC Volendam,Midfielder,30,0.00555796982125042,1,80,1.5584,0.0003,0.0519,4.1558,17,0.00340866338417512,1,53,1.5896,0.0003,0.0935,4.9558,13,0.0021493064370753,0,27,1.5195,0.0003,0.0,3.1558,15,0.002713331266201982,1,38,1.4026,0.0003,0.0935,3.5532,15,0.002844638555048439,0,42,1.1688,0.0002,0.0,3.2727,7,0.0021493064370753,0,12,1.3091,0.0004,0.0,2.2442,91.5,1.624,68.6,-0.158,88.7,1.387,92.5,1.588,84.5,1.037,60.3,-0.251,83.0,0.304,73.7,0.554,94.1,1.923,77.8,-0.094,94.8,2.863,95.6,2.227,82.0,0.825,72.4,-0.176,90.7,0.985,84.5,0.968,88.1,1.182,78.4,-0.165,44.6,-0.337,82.2,0.713,82.5,0.724,75.5,-0.191,44.6,-0.265,57.7,0.121,91.5,1.518,76.8,-0.129,95.4,2.726,87.9,1.289,87.6,0.853,73.7,-0.168,95.4,1.351,70.6,0.494,92.3,1.57,77.3,-0.096,44.1,-0.344,93.8,1.697,77.6,0.528,69.8,-0.234,44.1,-0.269,71.4,0.436,69.8,0.569,76.3,-0.11,44.3,-0.353,54.9,-0.103,67.5,0.193,75.0,-0.137,44.3,-0.298,39.7,-0.38
buhlcdwtnxeiqgy079kas7dw4,J. Bergraaf,SBV Excelsior,Forward,3,0.0005444617942373,0,11,0.929,0.0002,0.0,3.4063,2,0.0005444617942373,0,9,0.929,0.0003,0.0,4.1804,1,0.0,0,2,0.929,0.0,0.0,1.858,1,0.0,0,2,0.929,0.0,0.0,1.858,2,0.0005444617942373,0,9,0.929,0.0003,0.0,4.1804,3,0.0005444617942373,0,11,0.929,0.0002,0.0,3.4063,50.8,-0.348,57.6,-0.415,44.1,-0.374,68.6,-0.067,37.3,-0.52,60.2,-0.386,44.1,-0.34,66.1,0.309,62.7,-0.104,76.3,-0.184,49.2,-0.186,77.1,0.484,66.1,0.301,78.8,0.031,49.2,-0.186,81.4,0.782,33.9,-0.519,30.5,-0.376,45.8,-0.316,44.9,-0.522,50.8,0.14,34.7,-0.39,45.8,-0.258,50.8,-0.163,39.0,-0.431,33.1,-0.344,47.5,-0.267,49.2,-0.43,59.3,0.432,34.7,-0.406,47.5,-0.225,64.4,-0.05,55.9,-0.169,76.3,-0.244,46.6,-0.302,73.7,0.514,62.7,0.216,80.5,-0.113,46.6,-0.282,79.7,1.027,50.8,-0.198,62.7,-0.353,46.6,-0.302,73.7,0.304,40.7,-0.501,66.1,-0.321,46.6,-0.291,66.1,0.295
bvwaamcj0bpdrcuoffl6b9rf8,D. Weidmann,FC Twente,Midfielder,8,0.0017589678912273,1,19,1.2459,0.0003,0.1557,2.9591,5,0.0017589678912273,0,12,1.5574,0.0005,0.0,3.7378,3,0.0,1,7,0.9345,0.0,0.3115,2.1804,5,0.0,0,6,1.1681,0.0,0.0,1.4017,3,0.0017589678912273,1,13,0.9345,0.0005,0.3115,4.0493,7,0.0017589678912273,1,17,1.3082,0.0003,0.1869,3.1772,50.8,-0.283,56.7,-0.347,88.7,1.387,53.4,-0.311,58.8,0.026,60.3,-0.251,94.8,1.545,49.5,-0.07,62.4,-0.097,71.6,-0.189,44.8,-0.348,60.1,-0.148,80.4,0.769,76.5,-0.122,44.8,-0.301,63.9,0.438,45.4,-0.434,24.5,-0.395,93.6,2.178,44.3,-0.422,36.9,-0.431,30.9,-0.399,98.5,2.92,43.8,-0.288,58.8,-0.103,25.8,-0.289,45.9,-0.296,45.1,-0.494,67.5,0.386,30.7,-0.282,45.9,-0.239,37.6,-0.502,44.1,-0.441,71.6,-0.2,93.3,2.04,62.6,-0.069,47.2,-0.184,79.6,-0.022,98.5,3.079,84.0,0.818,69.8,0.569,74.7,-0.134,93.8,2.384,65.7,0.382,66.5,0.19,71.6,-0.17,95.4,1.687,54.6,0.06
bw2pkqwfuxonrsgdpxr5f3384,E. Adiele,FC Utrecht,Defender,2,0.0,0,12,1.8947,0.0,0.0,11.3684,0,0.0,0,0,0.0,0.0,0.0,0.0,2,0.0,0,12,1.8947,0.0,0.0,11.3684,0,0.0,0,0,0.0,0.0,0.0,0.0,2,0.0,0,12,1.8947,0.0,0.0,11.3684,2,0.0,0,12,1.8947,0.0,0.0,11.3684,6.6,-1.189,12.2,-0.449,42.3,-0.415,26.2,-0.822,96.5,1.62,18.9,-0.413,42.3,-0.336,100.0,4.554,2.4,-1.29,16.8,-0.305,46.9,-0.273,6.6,-1.059,2.4,-2.952,22.7,-0.292,46.9,-0.224,6.6,-1.484,15.7,-0.95,19.2,-0.479,45.8,-0.297,45.5,-0.432,93.7,1.111,25.5,-0.411,45.8,-0.258,100.0,4.118,5.9,-1.257,18.2,-0.285,45.5,-0.328,8.7,-1.063,5.9,-2.393,25.5,-0.26,45.5,-0.243,8.7,-1.204,16.1,-1.002,18.2,-0.496,46.2,-0.302,39.9,-0.454,100.0,2.655,25.9,-0.281,46.2,-0.239,100.0,4.764,6.6,-1.707,21.3,-0.405,46.5,-0.288,38.1,-0.424,89.5,1.166,29.7,-0.371,46.5,-0.282,99.3,3.542
bwxn7o8ved1xo5bmfkfgzekiy,J. Bos,Feyenoord Rotterdam,Defender,24,0.02047248813832213,0,51,1.3113,0.0011,0.0,2.7866,8,0.0035909604874543,0,12,1.0616,0.0005,0.0,1.5923,16,0.01688152765086783,0,39,1.4862,0.0016,0.0,3.6226,14,0.0204318990842272,0,33,1.0837,0.0016,0.0,2.5544,10,4.058905409493052e-05,0,18,0.9289,0.0,0.0,1.6719,6,0.0,0,8,1.1146,0.0,0.0,1.4862,67.1,0.505,82.5,0.351,42.3,-0.415,64.3,0.246,41.3,-0.315,77.6,0.084,42.3,-0.336,39.2,-0.273,53.8,-0.124,69.9,-0.139,46.9,-0.273,40.9,-0.473,26.6,-0.63,73.8,-0.146,46.9,-0.224,25.2,-0.732,82.2,1.069,89.5,1.18,45.8,-0.297,82.9,0.965,65.0,0.304,87.4,0.592,45.8,-0.258,60.1,0.269,74.8,0.826,91.6,0.657,45.5,-0.328,76.6,0.635,44.8,0.054,89.2,0.22,45.5,-0.243,53.1,0.017,61.9,0.144,39.2,-0.492,46.2,-0.302,54.9,-0.163,14.7,-0.792,25.9,-0.281,46.2,-0.239,28.0,-0.546,40.2,-0.29,21.3,-0.405,46.5,-0.288,21.7,-0.768,25.2,-0.76,29.7,-0.371,46.5,-0.282,18.2,-0.883
by85t8ssyumcjcks1jx3v96vo,Y. Taha,FC Groningen,Midfielder,11,0.0317089836313172,0,41,1.1379,0.0033,0.0,4.2414,9,0.0317089836313172,0,33,1.197,0.0042,0.0,4.3892,2,0.0,0,8,0.931,0.0,0.0,3.7241,5,0.0317089836313172,0,27,1.5517,0.0098,0.0,8.3793,6,0.0,0,14,0.931,0.0,0.0,2.1724,6,0.0012810125260276,0,22,1.1172,0.0002,0.0,4.0966,64.7,-0.023,92.8,1.14,40.5,-0.443,76.3,0.374,46.4,-0.324,95.9,1.183,40.5,-0.316,76.3,0.599,78.6,0.576,95.9,1.528,44.8,-0.348,85.1,1.068,57.2,0.149,94.8,0.871,44.8,-0.301,71.6,0.721,33.5,-0.596,24.5,-0.395,44.6,-0.337,48.7,-0.365,29.1,-0.438,30.9,-0.399,44.6,-0.265,68.6,0.359,58.8,-0.103,96.9,1.586,45.9,-0.296,80.7,0.676,91.8,1.151,99.0,3.432,45.9,-0.239,99.0,2.727,69.3,0.062,24.5,-0.368,44.1,-0.344,65.2,-0.008,36.9,-0.195,31.2,-0.375,44.1,-0.269,47.9,-0.105,55.7,0.228,71.6,-0.164,44.3,-0.353,77.8,0.868,45.9,-0.365,68.3,-0.202,44.3,-0.298,68.6,0.493
byirjks50zw1eefkcy8p4hd5h,B. Martins Indi,Sparta Rotterdam,Defender,28,0.00214281260547297,0,49,1.5294,0.0001,0.0,2.6764,11,0.00098378760776957,0,28,1.1349,0.0001,0.0,2.8888,17,0.0011590249977034,0,21,1.9732,0.0001,0.0,2.4374,15,0.0001742130756402744,0,33,1.1607,0.0,0.0,2.5535,13,0.001968599529832696,0,16,1.0974,0.0002,0.0,1.3506,10,0.0012408902750984,0,19,1.8571,0.0002,0.0,3.5285,78.7,0.813,47.6,-0.365,42.3,-0.415,62.9,0.191,65.7,0.409,42.3,-0.368,42.3,-0.336,35.0,-0.335,65.0,0.313,60.8,-0.259,46.9,-0.273,66.8,0.309,31.5,-0.47,52.4,-0.262,46.9,-0.224,46.2,-0.121,85.0,1.213,62.2,-0.365,45.8,-0.297,62.2,0.034,95.1,1.266,55.9,-0.348,45.8,-0.258,38.5,-0.32,79.7,0.975,46.9,-0.277,45.5,-0.328,76.6,0.635,54.5,0.228,25.5,-0.26,45.5,-0.243,52.4,0.017,74.5,0.574,65.7,-0.312,46.2,-0.302,50.7,-0.26,46.9,-0.19,65.4,-0.205,46.2,-0.239,21.7,-0.722,86.4,1.127,72.0,-0.289,46.5,-0.288,60.8,0.18,82.5,1.073,71.7,-0.289,46.5,-0.282,55.2,0.031
bzsoq42nf6sgdh9oe64n7rnfu,B. Limbombe,Heracles Almelo,Midfielder,4,0.0,0,1,0.9318,0.0,0.0,0.2329,2,0.0,0,1,0.9318,0.0,0.0,0.4659,2,0.0,0,0,0.9318,0.0,0.0,0.0,3,0.0,0,0,0.9318,0.0,0.0,0.0,1,0.0,0,1,0.9318,0.0,0.0,0.9318,4,0.0,0,1,0.9318,0.0,0.0,0.2329,34.8,-0.629,15.7,-0.434,40.5,-0.443,11.3,-0.871,21.1,-0.991,22.7,-0.395,40.5,-0.316,9.8,-1.491,35.3,-0.602,22.7,-0.289,44.8,-0.348,27.8,-0.785,36.6,-0.308,28.6,-0.256,44.8,-0.301,27.8,-0.985,33.5,-0.596,24.5,-0.395,44.6,-0.337,9.5,-0.82,32.5,-0.436,30.9,-0.399,44.6,-0.265,9.5,-1.203,42.8,-0.427,25.8,-0.289,45.9,-0.296,12.6,-0.828,39.7,-0.086,30.7,-0.282,45.9,-0.239,12.6,-1.151,18.6,-0.776,24.5,-0.368,44.1,-0.344,24.7,-0.8,39.7,-0.192,31.2,-0.375,44.1,-0.269,29.9,-0.716,34.8,-0.453,23.2,-0.245,44.3,-0.353,12.4,-1.171,23.7,-0.904,30.4,-0.267,44.3,-0.298,11.3,-1.327
c0os20ujhb2hujvtp21093l04,A. Oufkir,Sparta Rotterdam,Midfielder,5,0.0,1,13,0.9278,0.0,0.1856,2.4124,2,0.0,1,10,0.9278,0.0,0.4639,4.6392,3,0.0,0,3,0.9278,0.0,0.0,0.9278,0,0.0,0,0,0.0,0.0,0.0,0.0,5,0.0,1,13,0.9278,0.0,0.1856,2.4124,5,0.0,1,13,0.9278,0.0,0.1856,2.4124,39.9,-0.543,15.7,-0.434,88.7,1.387,43.6,-0.498,14.7,-1.004,22.7,-0.395,96.4,1.902,34.5,-0.355,35.3,-0.602,22.7,-0.289,94.8,2.863,54.1,-0.264,27.8,-0.315,28.6,-0.256,100.0,6.077,74.7,0.83,45.4,-0.434,24.5,-0.395,44.6,-0.337,30.4,-0.649,24.7,-0.444,30.9,-0.399,44.6,-0.265,25.5,-0.813,8.2,-0.913,25.8,-0.289,45.9,-0.296,12.6,-0.828,8.2,-1.945,30.7,-0.282,45.9,-0.239,12.6,-1.151,62.4,-0.105,24.5,-0.368,93.3,2.04,62.6,-0.069,28.6,-0.205,31.2,-0.375,94.8,1.725,54.1,0.013,43.0,-0.112,23.2,-0.245,93.8,2.384,57.7,-0.006,16.8,-0.915,30.4,-0.267,90.7,1.673,42.8,-0.3
c2an5ksdu6jbap3x3jp3z9c5x,N. Viergever,FC Utrecht,Defender,22,0.0299028205348406,1,58,1.5565,0.0021,0.0708,4.1035,11,0.029485451256679,1,35,1.6862,0.0045,0.1533,5.3653,11,0.0004173692781616,0,23,1.4453,0.0001,0.0,3.0221,8,0.00590109583182,1,26,1.2263,0.0009,0.1533,3.9856,14,0.0240017247030206,0,32,1.1706,0.002,0.0,2.6757,10,0.005926030440773698,1,26,1.8395,0.0011,0.184,4.7827,63.3,0.351,90.2,0.719,91.3,1.867,67.8,0.437,69.9,0.498,90.9,0.537,93.7,1.35,69.2,0.468,65.0,0.313,95.1,1.053,96.9,3.634,79.0,0.652,79.7,0.736,95.8,1.022,97.9,2.696,86.0,1.048,64.7,0.348,53.8,-0.438,45.8,-0.297,64.7,0.137,62.9,0.224,55.9,-0.348,45.8,-0.258,48.3,-0.029,54.5,-0.067,83.2,-0.013,95.5,3.025,66.1,0.275,64.3,0.376,84.6,0.01,98.6,2.976,83.2,0.701,78.3,0.717,93.7,1.748,46.2,-0.302,76.6,0.516,58.7,0.071,92.7,0.476,46.2,-0.239,54.5,0.003,86.4,1.127,83.9,0.15,96.5,3.452,82.5,0.783,79.7,1.03,83.9,0.077,94.1,3.069,79.0,0.593
c3j7ddqg0yzporam6gieibgiy,C. Brym,NAC Breda,Forward,12,0.03115317264741203,2,48,1.2313,0.0032,0.2052,4.9252,1,0.0008638804111324,0,9,0.9235,0.0008,0.0,8.3112,11,0.03028929223627963,2,39,1.2698,0.0035,0.2309,4.5019,5,0.006267756299038,1,16,1.1543,0.0014,0.2309,3.6939,7,0.02488541634837403,1,32,0.9235,0.0033,0.1319,4.2216,6,0.0008638804111324,0,25,1.1082,0.0002,0.0,4.6174,91.5,1.38,98.3,3.146,100.0,4.535,94.9,2.624,84.7,0.699,93.2,1.717,91.5,1.603,88.1,1.002,43.2,-0.445,81.4,-0.097,49.2,-0.186,77.1,0.484,50.8,0.292,89.8,0.738,49.2,-0.186,96.6,2.279,96.6,2.919,98.3,3.557,100.0,5.013,100.0,3.809,88.1,0.759,91.5,1.042,94.9,1.368,84.7,0.942,88.1,0.794,89.8,0.521,97.5,3.677,89.8,0.942,93.2,0.911,87.3,0.418,98.3,3.103,74.6,0.673,94.1,1.913,100.0,5.291,96.6,3.258,100.0,3.919,39.0,0.203,96.6,2.665,93.2,1.028,84.7,1.046,87.3,1.147,67.8,-0.291,46.6,-0.302,96.6,2.062,78.0,0.167,66.1,-0.321,46.6,-0.291,83.1,0.825
c3j7m8kaoius8i6jihubgy6p6,Ángel Alarcón,FC Utrecht,Midfielder,3,4.227058985079024e-05,0,5,0.9045,0.0,0.0,1.5075,2,4.227058985079024e-05,0,2,0.9045,0.0,0.0,0.9045,1,0.0,0,3,0.9045,0.0,0.0,2.7136,1,4.227058985079024e-05,0,2,0.9045,0.0,0.0,1.809,2,0.0,0,3,0.9045,0.0,0.0,1.3568,3,4.227058985079024e-05,0,5,0.9045,0.0,0.0,1.5075,28.4,-0.716,33.5,-0.432,40.5,-0.443,23.2,-0.747,1.3,-1.079,22.7,-0.395,40.5,-0.316,22.2,-0.826,35.3,-0.602,47.4,-0.287,44.8,-0.348,32.2,-0.727,13.9,-0.355,28.6,-0.256,44.8,-0.301,28.9,-0.794,17.5,-0.757,24.5,-0.395,44.6,-0.337,30.4,-0.649,9.0,-0.49,30.9,-0.399,44.6,-0.265,49.5,-0.064,24.2,-0.751,52.1,-0.287,45.9,-0.296,29.9,-0.716,16.5,-0.14,30.7,-0.282,45.9,-0.239,40.2,-0.314,35.8,-0.608,24.5,-0.368,44.1,-0.344,33.2,-0.678,7.5,-0.275,31.2,-0.375,44.1,-0.269,36.1,-0.507,28.4,-0.794,48.5,-0.242,44.3,-0.353,26.3,-0.783,1.3,-0.983,30.4,-0.267,44.3,-0.298,29.4,-0.726
c5jk0pvcvqddy0xiqv6qkesph,H. Veerman,FC Volendam,Forward,1,6.107021326658137e-05,0,8,0.9343,0.0001,0.0,7.474,0,0.0,0,0,0.0,0.0,0.0,0.0,1,6.107021326658137e-05,0,8,0.9343,0.0001,0.0,7.474,1,6.107021326658137e-05,0,8,0.9343,0.0001,0.0,7.474,0,0.0,0,0,0.0,0.0,0.0,0.0,1,6.107021326658137e-05,0,8,0.9343,0.0001,0.0,7.474,13.6,-0.732,44.1,-0.471,44.1,-0.374,50.8,-0.285,52.5,-0.499,51.7,-0.456,44.1,-0.34,96.6,2.165,16.1,-0.786,33.9,-0.333,49.2,-0.186,23.7,-0.745,16.1,-1.346,34.7,-0.393,49.2,-0.186,23.7,-0.733,33.9,-0.519,64.4,-0.368,45.8,-0.316,66.9,0.181,64.4,0.15,70.3,-0.349,45.8,-0.258,96.6,2.184,39.0,-0.431,67.8,-0.336,47.5,-0.267,72.9,0.158,71.2,0.443,70.3,-0.347,47.5,-0.225,94.9,2.162,8.5,-1.003,33.1,-0.368,46.6,-0.302,15.3,-0.818,8.5,-2.074,33.9,-0.391,46.6,-0.282,15.3,-0.923,13.6,-1.094,52.5,-0.447,46.6,-0.302,55.9,-0.072,55.9,-0.481,56.8,-0.392,46.6,-0.291,96.6,2.074
c6i4usq34m3389rtbqptahrai,R. Meissen,SBV Excelsior,Defender,52,0.2535966533906946,1,158,1.7291,0.0084,0.0333,5.2537,24,0.2328093828684095,0,83,1.5961,0.0155,0.0,5.5197,28,0.02078727052228511,1,75,1.8621,0.0014,0.0665,4.9877,24,0.2315279718643599,0,87,1.3966,0.0135,0.0,5.0625,28,0.02206868152633466,1,71,1.3721,0.0011,0.049,3.4791,11,0.0,0,20,2.0483,0.0,0.0,3.7241,100.0,2.661,100.0,9.45,91.3,1.867,99.3,3.174,81.8,1.071,98.6,3.387,84.6,0.457,87.4,1.115,97.2,2.207,100.0,10.413,46.9,-0.273,98.6,2.998,74.1,0.539,99.3,4.232,46.9,-0.224,87.4,1.121,99.3,2.799,93.7,1.564,94.8,2.354,99.3,2.828,88.8,1.047,85.0,0.466,91.6,0.887,83.2,0.947,98.6,2.315,100.0,10.397,45.5,-0.328,100.0,3.414,87.4,0.761,98.6,3.785,45.5,-0.243,95.1,1.216,99.3,2.723,93.0,1.567,96.2,3.292,97.9,2.406,82.5,0.79,84.6,0.136,93.0,0.912,71.3,0.443,91.6,1.482,21.3,-0.405,46.5,-0.288,64.7,0.266,93.0,1.545,29.7,-0.371,46.5,-0.282,59.4,0.119
c6ip6gwp8yvchd1n3dv42go9,Mauro Júnior,PSV Eindhoven,Defender,38,0.03141780499432333,1,119,1.7798,0.0015,0.0468,5.5737,20,0.01088549955084903,0,72,1.8735,0.001,0.0,6.7446,18,0.0205323054434743,1,47,1.6861,0.0019,0.0937,4.4027,20,0.0207253274416711,1,64,1.1021,0.0011,0.0551,3.5266,18,0.01069247755265223,0,55,1.297,0.0008,0.0,3.9632,8,0.0241739680478588,0,21,1.4988,0.0045,0.0,3.9343,93.7,1.583,91.6,0.778,91.3,1.867,97.2,2.107,88.8,1.239,84.6,0.265,87.4,0.778,91.6,1.295,94.1,1.624,86.7,0.197,46.9,-0.273,97.2,2.46,90.2,1.145,84.3,0.0,46.9,-0.224,95.8,1.699,88.8,1.357,93.0,1.539,94.8,2.354,90.9,1.379,76.9,0.699,90.6,0.779,94.4,1.355,76.9,0.657,94.4,1.719,92.3,0.671,95.5,3.025,97.9,2.231,49.7,0.096,85.7,0.07,91.6,0.914,71.3,0.482,88.5,1.291,85.3,0.504,46.2,-0.302,92.0,1.631,73.4,0.522,80.4,0.022,46.2,-0.239,81.1,0.708,68.9,0.419,93.7,1.861,46.5,-0.288,68.5,0.352,69.2,0.188,93.7,1.462,46.5,-0.282,65.0,0.213
c6ufljjgl050g9xn7e9ma7hg4,M. Smit,Go Ahead Eagles,Forward,2,0.0011155797810201,0,6,0.9309,0.0005,0.0,2.7926,1,0.0,0,0,0.9309,0.0,0.0,0.0,1,0.0011155797810201,0,6,0.9309,0.001,0.0,5.5852,2,0.0011155797810201,0,6,0.9309,0.0005,0.0,2.7926,0,0.0,0,0,0.0,0.0,0.0,0.0,2,0.0011155797810201,0,6,0.9309,0.0005,0.0,2.7926,35.6,-0.54,64.4,-0.349,44.1,-0.374,43.2,-0.43,44.1,-0.512,71.2,-0.176,44.1,-0.34,55.9,0.029,43.2,-0.445,33.9,-0.333,49.2,-0.186,23.7,-0.745,71.2,0.305,34.7,-0.393,49.2,-0.186,23.7,-0.733,33.9,-0.519,76.3,-0.231,45.8,-0.316,60.2,-0.054,55.9,0.143,83.1,0.019,45.8,-0.258,93.2,1.395,60.2,-0.125,79.7,-0.19,47.5,-0.267,66.1,-0.038,63.6,0.436,79.7,-0.112,47.5,-0.225,72.9,0.318,8.5,-1.003,33.1,-0.368,46.6,-0.302,15.3,-0.818,8.5,-2.074,33.9,-0.391,46.6,-0.282,15.3,-0.923,35.6,-0.646,71.2,-0.242,46.6,-0.302,48.3,-0.324,47.5,-0.494,76.3,-0.105,46.6,-0.291,57.6,0.027
c7n2b2gq381k0o0jizqueii5m,M. Kjølø,FC Twente,Midfielder,4,0.0,0,0,1.2439,0.0,0.0,0.0,1,0.0,0,0,0.9329,0.0,0.0,0.0,3,0.0,0,0,1.3993,0.0,0.0,0.0,2,0.0,0,0,1.8658,0.0,0.0,0.0,2,0.0,0,0,0.9329,0.0,0.0,0.0,4,0.0,0,0,1.2439,0.0,0.0,0.0,34.8,-0.629,15.7,-0.434,40.5,-0.443,4.9,-0.903,57.7,0.019,22.7,-0.395,40.5,-0.316,4.9,-1.612,21.9,-0.77,22.7,-0.289,44.8,-0.348,12.6,-0.843,38.7,-0.306,28.6,-0.256,44.8,-0.301,12.6,-1.188,45.4,-0.434,24.5,-0.395,44.6,-0.337,9.5,-0.82,74.2,0.487,30.9,-0.399,44.6,-0.265,9.5,-1.203,34.8,-0.589,25.8,-0.289,45.9,-0.296,12.6,-0.828,98.5,1.778,30.7,-0.282,45.9,-0.239,12.6,-1.151,35.8,-0.608,24.5,-0.368,44.1,-0.344,10.6,-0.861,42.8,-0.189,31.2,-0.375,44.1,-0.269,10.6,-1.174,34.8,-0.453,23.2,-0.245,44.3,-0.353,5.2,-1.269,55.2,0.003,30.4,-0.267,44.3,-0.298,5.2,-1.436
c9epkro6fot3km9zak1kswfhm,X. Mbuyamba,FC Volendam,Defender,7,0.0,0,23,0.9308,0.0,0.0,3.0585,3,0.0,0,15,0.9308,0.0,0.0,4.6542,4,0.0,0,8,0.9308,0.0,0.0,1.8617,3,0.0,0,12,0.9308,0.0,0.0,3.7233,4,0.0,0,11,0.9308,0.0,0.0,2.5598,5,0.0,0,13,0.9308,0.0,0.0,2.4202,29.0,-0.804,12.2,-0.449,42.3,-0.415,40.2,-0.521,4.9,-1.577,18.9,-0.413,42.3,-0.336,49.0,-0.12,24.1,-0.853,16.8,-0.305,46.9,-0.273,46.9,-0.326,14.0,-0.916,22.7,-0.292,46.9,-0.224,74.8,0.712,35.0,-0.661,19.2,-0.479,45.8,-0.297,31.5,-0.639,15.4,-0.792,25.5,-0.411,45.8,-0.258,30.8,-0.606,28.3,-0.811,18.2,-0.285,45.5,-0.328,44.1,-0.446,24.5,-0.291,25.5,-0.26,45.5,-0.243,75.5,0.576,31.8,-0.715,18.2,-0.496,46.2,-0.302,37.8,-0.502,17.5,-0.785,25.9,-0.281,46.2,-0.239,51.7,-0.06,23.8,-0.644,21.3,-0.405,46.5,-0.288,42.3,-0.337,7.7,-1.214,29.7,-0.371,46.5,-0.282,35.7,-0.465
c9shc6t28oroqthopifjvg9ux,D. Vente,SC Heerenveen,Forward,4,0.0,0,4,0.9251,0.0,0.0,0.9251,2,0.0,0,3,0.9251,0.0,0.0,1.3876,2,0.0,0,1,0.9251,0.0,0.0,0.4625,3,0.0,0,4,0.9251,0.0,0.0,1.2334,1,0.0,0,0,0.9251,0.0,0.0,0.0,4,0.0,0,4,0.9251,0.0,0.0,0.9251,61.9,-0.156,22.0,-0.478,44.1,-0.374,31.4,-0.576,27.1,-0.536,24.6,-0.526,44.1,-0.34,27.1,-0.823,62.7,-0.104,33.9,-0.333,49.2,-0.186,54.2,-0.336,57.6,0.294,34.7,-0.393,49.2,-0.186,57.6,-0.23,55.1,-0.175,30.5,-0.376,45.8,-0.316,35.6,-0.639,40.7,0.133,34.7,-0.39,45.8,-0.258,33.9,-0.746,77.1,0.182,33.1,-0.344,47.5,-0.267,61.0,-0.234,47.5,0.424,34.7,-0.406,47.5,-0.225,55.9,-0.296,28.8,-0.586,33.1,-0.368,46.6,-0.302,15.3,-0.818,45.8,0.206,33.9,-0.391,46.6,-0.282,15.3,-0.923,61.9,0.251,25.4,-0.459,46.6,-0.302,34.7,-0.575,28.8,-0.515,27.1,-0.464,46.6,-0.291,30.5,-0.79
ccmmsnrfn58gwi1petlp08f3e,L. Duijvestijn,Fortuna Sittard,Midfielder,15,0.001521136093008186,0,45,1.1568,0.0001,0.0,3.4704,9,0.0007878719467677861,0,26,1.3882,0.0001,0.0,4.0103,6,0.0007332641462404001,0,19,0.9254,0.0001,0.0,2.9306,7,0.0007618719471009862,0,28,0.9254,0.0001,0.0,3.7018,8,0.0007592641459072,0,17,1.0577,0.0001,0.0,2.2475,7,0.0001967660703573,0,9,1.2956,0.0,0.0,1.6658,74.7,0.324,54.6,-0.359,40.5,-0.443,77.8,0.498,49.5,-0.263,48.5,-0.347,40.5,-0.316,58.8,0.197,78.6,0.576,65.5,-0.244,44.8,-0.348,79.4,0.663,67.5,0.478,61.6,-0.229,44.8,-0.301,69.6,0.557,68.0,0.051,72.7,-0.316,44.6,-0.337,74.7,0.259,20.4,-0.449,66.8,-0.33,44.6,-0.265,55.2,0.027,73.7,0.221,69.6,-0.244,45.9,-0.296,81.7,0.732,25.8,-0.099,65.5,-0.244,45.9,-0.239,72.7,0.563,76.0,0.397,66.5,-0.296,44.1,-0.344,70.1,0.175,67.5,0.19,64.9,-0.305,44.1,-0.269,49.5,-0.068,69.8,0.569,58.8,-0.233,44.3,-0.353,42.5,-0.394,60.3,0.153,30.4,-0.267,44.3,-0.298,30.4,-0.652
cczptju66ofuymrlsol11fpxw,D. Voute,PEC Zwolle,Defender,3,0.0,1,9,0.9408,0.0,0.3136,2.8223,1,0.0,0,0,0.9408,0.0,0.0,0.0,2,0.0,1,9,0.9408,0.0,0.4704,4.2334,0,0.0,0,0,0.0,0.0,0.0,0.0,3,0.0,1,9,0.9408,0.0,0.3136,2.8223,3,0.0,1,9,0.9408,0.0,0.3136,2.8223,10.5,-1.112,12.2,-0.449,91.3,1.867,20.3,-0.904,7.7,-1.544,18.9,-0.413,100.0,7.134,39.9,-0.253,10.1,-1.144,16.8,-0.305,46.9,-0.273,6.6,-1.059,21.3,-0.894,22.7,-0.292,46.9,-0.224,6.6,-1.484,15.7,-0.95,19.2,-0.479,94.8,2.354,34.6,-0.587,23.1,-0.773,25.5,-0.411,100.0,7.837,74.1,0.573,5.9,-1.257,18.2,-0.285,45.5,-0.328,8.7,-1.063,5.9,-2.393,25.5,-0.26,45.5,-0.243,8.7,-1.204,25.5,-0.859,18.2,-0.496,96.2,3.292,33.9,-0.599,31.1,-0.749,25.9,-0.281,100.0,7.126,62.9,0.084,10.5,-1.353,21.3,-0.405,96.5,3.452,26.2,-0.682,14.0,-1.189,29.7,-0.371,100.0,5.43,46.2,-0.285
cdhqb1a4h246hu0u13pm0tqay,I. Bronkhorst,SBV Excelsior,Defender,27,0.007159572643494851,0,68,1.3974,0.0004,0.0,3.5194,14,0.003886277710068651,0,41,1.4492,0.0004,0.0,4.244,13,0.0032732949334262,0,27,1.3457,0.0003,0.0,2.7949,14,0.003325563629381751,0,40,1.0033,0.0002,0.0,2.8665,13,0.0038340090141131,0,28,1.2111,0.0004,0.0,2.6085,5,0.0032732949334262,0,19,0.9316,0.0006,0.0,3.5402,73.8,0.736,65.7,-0.169,42.3,-0.415,76.6,0.711,52.4,-0.029,62.2,-0.232,42.3,-0.336,62.9,0.139,75.2,0.75,71.3,-0.126,46.9,-0.273,85.3,0.945,57.3,0.217,69.2,-0.175,46.9,-0.224,69.9,0.519,74.8,0.636,72.0,-0.157,45.8,-0.297,69.9,0.344,49.7,0.027,67.5,-0.223,45.8,-0.258,45.5,-0.142,74.8,0.826,72.7,-0.132,45.5,-0.328,81.8,0.995,37.1,-0.127,66.1,-0.2,45.5,-0.243,60.1,0.166,74.5,0.574,71.3,-0.138,46.2,-0.302,71.3,0.322,62.9,0.215,72.0,-0.129,46.2,-0.239,53.1,-0.034,23.8,-0.644,78.3,-0.099,46.5,-0.288,60.8,0.18,9.1,-1.212,78.0,-0.126,46.5,-0.282,56.6,0.037
cdir3jevzi4o8edgtfwu6jfca,Gonçalo Borges,Feyenoord Rotterdam,Midfielder,1,0.0,0,0,0.9366,0.0,0.0,0.0,1,0.0,0,0,0.9366,0.0,0.0,0.0,0,0.0,0,0,0.0,0.0,0.0,0.0,0,0.0,0,0,0.0,0.0,0.0,0.0,1,0.0,0,0,0.9366,0.0,0.0,0.0,1,0.0,0,0,0.9366,0.0,0.0,0.0,6.7,-0.889,15.7,-0.434,40.5,-0.443,4.9,-0.903,26.8,-0.975,22.7,-0.395,40.5,-0.316,4.9,-1.612,21.9,-0.77,22.7,-0.289,44.8,-0.348,12.6,-0.843,45.4,-0.3,28.6,-0.256,44.8,-0.301,12.6,-1.188,4.1,-0.919,24.5,-0.395,44.6,-0.337,9.5,-0.82,4.1,-2.276,30.9,-0.399,44.6,-0.265,9.5,-1.203,8.2,-0.913,25.8,-0.289,45.9,-0.296,12.6,-0.828,8.2,-1.945,30.7,-0.282,45.9,-0.239,12.6,-1.151,18.6,-0.776,24.5,-0.368,44.1,-0.344,10.6,-0.861,52.1,-0.178,31.2,-0.375,44.1,-0.269,10.6,-1.174,6.7,-1.476,23.2,-0.245,44.3,-0.353,5.2,-1.269,30.9,-0.89,30.4,-0.267,44.3,-0.298,5.2,-1.436
cdlnfuy9piyga0wud4nrucvtg,E. Poku,Alkmaar Zaanstreek,Midfielder,2,0.0,0,0,1.9149,0.0,0.0,0.0,2,0.0,0,0,1.9149,0.0,0.0,0.0,0,0.0,0,0,0.0,0.0,0.0,0.0,1,0.0,0,0,0.9574,0.0,0.0,0.0,1,0.0,0,0,0.9574,0.0,0.0,0.0,2,0.0,0,0,1.9149,0.0,0.0,0.0,18.8,-0.803,15.7,-0.434,40.5,-0.443,4.9,-0.903,97.9,2.191,22.7,-0.395,40.5,-0.316,4.9,-1.612,35.3,-0.602,22.7,-0.289,44.8,-0.348,12.6,-0.843,95.9,1.385,28.6,-0.256,44.8,-0.301,12.6,-1.188,4.1,-0.919,24.5,-0.395,44.6,-0.337,9.5,-0.82,4.1,-2.276,30.9,-0.399,44.6,-0.265,9.5,-1.203,24.2,-0.751,25.8,-0.289,45.9,-0.296,12.6,-0.828,53.1,-0.035,30.7,-0.282,45.9,-0.239,12.6,-1.151,18.6,-0.776,24.5,-0.368,44.1,-0.344,10.6,-0.861,61.6,-0.115,31.2,-0.375,44.1,-0.269,10.6,-1.174,18.8,-1.135,23.2,-0.245,44.3,-0.353,5.2,-1.269,95.4,1.953,30.4,-0.267,44.3,-0.298,5.2,-1.436
cf70r39m2wgbijtw0co5t6yfp,H. Jurjus,FC Groningen,Goalkeeper,1,0.0,0,9,0.9375,0.0,0.0,8.4375,1,0.0,0,9,0.9375,0.0,0.0,8.4375,0,0.0,0,0,0.0,0.0,0.0,0.0,1,0.0,0,9,0.9375,0.0,0.0,8.4375,0,0.0,0,0,0.0,0.0,0.0,0.0,1,0.0,0,9,0.9375,0.0,0.0,8.4375,22.7,-0.966,22.7,-0.687,40.9,-0.584,36.4,-0.901,45.5,-0.957,27.3,-0.677,40.9,-0.369,100.0,1.641,27.3,-0.905,22.7,-0.566,45.5,-0.449,40.9,-0.793,45.5,-0.89,27.3,-0.538,45.5,-0.446,100.0,1.083,22.7,-1.002,31.8,-0.502,50.0,-0.302,22.7,-0.882,22.7,-1.192,40.9,-0.484,50.0,-0.302,22.7,-1.097,36.4,-0.871,22.7,-0.655,54.5,0.0,40.9,-0.779,45.5,-0.096,27.3,-0.62,54.5,0.0,100.0,1.369,13.6,-1.05,31.8,-0.345,40.9,-0.584,18.2,-1.039,13.6,-1.904,31.8,-0.357,40.9,-0.36,18.2,-1.311,22.7,-1.041,27.3,-0.396,50.0,-0.302,36.4,-0.716,45.5,-0.888,36.4,-0.397,50.0,-0.302,100.0,1.209
cgsmk5437f466uoqvol7devze,R. Flamingo,PSV Eindhoven,Defender,24,0.02638975973174549,1,70,1.8738,0.0021,0.0781,5.4653,13,0.0071167548790993,0,40,2.03,0.0011,0.0,6.2461,11,0.01927300485264619,1,30,1.7177,0.003,0.1562,4.6845,10,0.01896255354265179,1,32,1.3384,0.0025,0.1338,4.283,14,0.007427206189093699,0,38,1.3117,0.0007,0.0,3.5603,14,0.0,0,24,2.6233,0.0,0.0,4.4972,67.1,0.505,86.0,0.581,91.3,1.867,79.4,0.766,93.0,1.551,90.9,0.537,95.1,1.524,90.2,1.234,71.3,0.604,79.7,0.023,46.9,-0.273,83.6,0.896,96.5,1.488,85.3,0.029,46.9,-0.224,92.3,1.464,64.7,0.348,90.9,1.415,94.8,2.354,74.1,0.499,80.4,0.762,93.7,1.469,96.5,2.43,80.4,0.797,62.2,0.231,90.2,0.589,95.5,3.025,74.5,0.584,75.5,0.629,94.4,0.489,97.9,2.566,90.2,0.844,78.3,0.717,80.4,0.198,46.2,-0.302,83.9,0.807,76.9,0.574,79.0,-0.016,46.2,-0.239,73.4,0.488,99.7,2.544,21.3,-0.405,46.5,-0.288,77.3,0.61,100.0,2.965,29.7,-0.371,46.5,-0.282,75.5,0.465
ciguyr553yqapqfudim9af46h,M. Deijl,Go Ahead Eagles,Defender,17,0.0034111897140979,0,43,1.3153,0.0003,0.0,3.3268,7,0.0004955935741411,0,13,1.0832,0.0001,0.0,2.0116,10,0.0029155961399568,0,30,1.5474,0.0005,0.0,4.6421,12,0.0034111897140979,0,43,1.1141,0.0003,0.0,3.9922,5,0.0,0,0,0.9284,0.0,0.0,0.0,8,0.0,0,13,1.4855,0.0,0.0,2.4139,55.9,-0.034,52.4,-0.315,42.3,-0.415,60.1,0.027,42.0,-0.302,55.6,-0.277,42.3,-0.336,57.3,0.031,49.3,-0.27,54.5,-0.282,46.9,-0.273,42.7,-0.424,28.0,-0.583,52.4,-0.262,46.9,-0.224,34.3,-0.535,62.6,0.204,70.6,-0.193,45.8,-0.297,74.1,0.499,69.2,0.425,72.7,-0.098,45.8,-0.258,78.3,0.776,67.5,0.529,74.8,-0.128,45.5,-0.328,85.3,1.15,50.3,0.123,71.3,-0.17,45.5,-0.243,84.6,0.705,37.8,-0.572,18.2,-0.496,46.2,-0.302,4.9,-1.036,14.0,-0.793,25.9,-0.281,46.2,-0.239,4.9,-1.462,68.9,0.419,21.3,-0.405,46.5,-0.288,42.3,-0.337,61.5,0.156,29.7,-0.371,46.5,-0.282,33.6,-0.468
ck3l6a262hves3v6nywarx9pm,Alexandre Penetra,Alkmaar Zaanstreek,Defender,28,0.003430666207036383,0,59,1.3772,0.0002,0.0,2.902,15,0.0023515024052814,0,32,1.4018,0.0002,0.0,2.9906,13,0.001079163801754983,0,27,1.3499,0.0001,0.0,2.8037,16,0.001632384716943144,0,38,1.2461,0.0001,0.0,2.9594,12,0.001798281490093239,0,21,1.1215,0.0002,0.0,1.9626,7,3.661358248044366e-05,0,13,1.3084,0.0,0.0,2.4298,78.7,0.813,53.8,-0.315,42.3,-0.415,68.9,0.465,50.3,-0.096,49.3,-0.323,42.3,-0.336,41.3,-0.208,79.7,0.896,65.7,-0.196,46.9,-0.273,73.4,0.505,52.4,0.114,61.9,-0.233,46.9,-0.224,47.6,-0.073,74.8,0.636,61.5,-0.373,45.8,-0.297,69.9,0.344,50.3,0.035,55.9,-0.348,45.8,-0.258,46.2,-0.138,85.3,1.124,64.3,-0.21,45.5,-0.328,79.0,0.893,67.8,0.421,57.0,-0.23,45.5,-0.243,62.2,0.211,71.0,0.431,64.3,-0.328,46.2,-0.302,61.9,-0.018,50.3,-0.104,65.4,-0.205,46.2,-0.239,36.4,-0.387,54.9,0.064,48.3,-0.402,46.5,-0.288,42.3,-0.337,50.3,-0.282,29.7,-0.371,46.5,-0.282,37.8,-0.461
cla6c6izphee9prb80c15baei,M. Tielemans,SBV Excelsior,Midfielder,2,0.0002939018302979,0,2,1.8367,0.0003,0.0,1.8367,0,0.0,0,0,0.0,0.0,0.0,0.0,2,0.0002939018302979,0,2,1.8367,0.0003,0.0,1.8367,1,0.0002939018302979,0,2,0.9184,0.0003,0.0,1.8367,1,0.0,0,0,0.9184,0.0,0.0,0.0,2,0.0002939018302979,0,2,1.8367,0.0003,0.0,1.8367,18.8,-0.803,45.9,-0.419,40.5,-0.443,14.4,-0.84,93.8,1.938,60.3,-0.251,40.5,-0.316,24.2,-0.655,7.0,-0.939,22.7,-0.289,44.8,-0.348,12.6,-0.843,7.0,-1.913,28.6,-0.256,44.8,-0.301,12.6,-1.188,33.5,-0.596,64.9,-0.363,44.6,-0.337,25.5,-0.706,89.7,1.35,75.5,-0.191,44.6,-0.265,36.6,-0.432,24.2,-0.751,61.9,-0.272,45.9,-0.296,29.9,-0.716,19.1,-0.113,73.7,-0.168,45.9,-0.239,40.7,-0.301,18.6,-0.776,24.5,-0.368,44.1,-0.344,10.6,-0.861,13.4,-0.233,31.2,-0.375,44.1,-0.269,10.6,-1.174,18.8,-1.135,63.4,-0.226,44.3,-0.353,16.2,-1.074,91.2,1.726,71.6,-0.17,44.3,-0.298,31.4,-0.571
cmdeqxibr6holfqg17ap9uihg,Yarek Gąsiorowski,PSV Eindhoven,Defender,35,0.05542082516181124,0,112,1.7307,0.0027,0.0,5.5383,15,0.0194204951003611,0,43,1.5659,0.002,0.0,4.4888,20,0.03600033006145015,0,69,1.879,0.0034,0.0,6.4827,14,0.0211574589316348,0,54,1.1958,0.0018,0.0,4.6122,21,0.03426336623017645,0,58,1.3153,0.0021,0.0,3.6328,10,0.0003719712078804,0,17,1.879,0.0001,0.0,3.1944,88.8,1.352,96.5,1.715,42.3,-0.415,95.8,1.915,82.5,1.076,93.7,0.808,42.3,-0.336,90.9,1.275,79.7,0.896,91.6,0.589,46.9,-0.273,86.7,1.043,72.7,0.473,89.2,0.292,46.9,-0.224,72.7,0.634,93.0,1.645,97.2,3.059,45.8,-0.297,98.6,2.517,91.6,1.08,95.8,1.719,45.8,-0.258,96.5,1.69,74.8,0.826,93.0,0.691,45.5,-0.328,93.4,1.716,58.7,0.307,90.9,0.28,45.5,-0.243,93.0,1.001,93.0,1.72,96.5,2.708,46.2,-0.302,93.0,1.776,78.3,0.587,93.7,0.514,46.2,-0.239,74.8,0.527,86.4,1.127,64.3,-0.37,46.5,-0.288,57.7,0.007,87.4,1.127,64.7,-0.33,46.5,-0.282,51.7,-0.118
cocgd3hh74fq9c30x9bps4idw,S. Lemkin,FC Twente,Defender,16,0.009265994588290615,0,29,1.2453,0.0007,0.0,2.2572,6,0.0084754411945644,0,6,1.401,0.002,0.0,1.401,10,0.0007905533937262155,0,23,1.1675,0.0001,0.0,2.6852,7,0.008481976177372015,0,22,1.0897,0.0013,0.0,3.4247,9,0.0007840184109186,0,7,0.934,0.0001,0.0,0.7264,5,0.0,0,4,0.934,0.0,0.0,0.7472,53.5,-0.111,69.9,-0.087,42.3,-0.415,46.2,-0.356,34.3,-0.534,71.3,-0.096,42.3,-0.336,25.2,-0.571,45.1,-0.416,83.2,0.086,46.9,-0.273,30.8,-0.766,51.7,0.112,89.2,0.292,46.9,-0.224,23.1,-0.823,62.6,0.204,58.7,-0.401,45.8,-0.297,64.7,0.137,33.6,-0.325,55.9,-0.348,45.8,-0.258,42.0,-0.197,49.0,-0.215,85.3,0.106,45.5,-0.328,60.1,0.069,46.9,0.068,86.7,0.13,45.5,-0.243,69.9,0.433,56.6,0.001,57.3,-0.423,46.2,-0.302,28.3,-0.696,23.1,-0.773,57.3,-0.243,46.2,-0.239,12.6,-1.064,23.8,-0.644,21.3,-0.405,46.5,-0.288,11.5,-1.113,11.2,-1.206,29.7,-0.371,46.5,-0.282,9.1,-1.214
cp866ucakmwqiwxrstkaxwgt0,N. Rossen,SC Telstar,Midfielder,26,0.005488150757018978,1,64,1.5033,0.0003,0.0578,3.7004,13,0.0046481159230481,1,19,1.5033,0.0005,0.1156,2.1971,13,0.0008400348339708777,0,45,1.5033,0.0001,0.0,5.2037,14,0.0009355891950611987,0,33,1.1774,0.0001,0.0,2.7753,12,0.004552561561957779,1,31,1.0092,0.0004,0.0841,2.6071,8,0.000481409602985979,0,10,1.4802,0.0001,0.0,1.8502,88.4,1.277,68.0,-0.162,88.7,1.387,84.5,1.09,79.9,0.859,60.3,-0.251,84.0,0.375,63.4,0.317,87.1,1.249,82.0,-0.023,94.8,2.863,70.6,0.257,77.3,0.676,76.5,-0.122,92.3,1.289,46.4,-0.232,88.1,1.182,73.2,-0.305,44.6,-0.337,93.6,1.735,80.9,0.692,66.8,-0.33,44.6,-0.265,83.5,0.98,89.4,1.356,70.6,-0.234,45.9,-0.296,84.5,1.01,69.1,0.404,65.5,-0.244,45.9,-0.239,52.6,0.134,84.3,1.068,82.5,0.067,93.3,2.04,84.8,1.027,64.4,0.043,77.8,-0.093,91.2,0.634,56.7,0.109,82.7,0.91,65.5,-0.215,44.3,-0.353,48.5,-0.297,76.3,0.69,63.7,-0.234,44.3,-0.298,33.5,-0.565
cs49ec8y6cubrlo5nmu3j3jtg,L. Schouten,SBV Excelsior,Defender,16,0.0047860374120331,0,46,1.1469,0.0003,0.0,3.2973,10,0.0047860374120331,0,35,1.3312,0.0006,0.0,4.6592,6,0.0,0,11,0.9318,0.0,0.0,1.7084,7,0.0,0,21,0.9318,0.0,0.0,2.7955,9,0.0047860374120331,0,25,1.3978,0.0007,0.0,3.8827,5,0.0,0,16,0.9318,0.0,0.0,2.9819,53.5,-0.111,58.0,-0.262,42.3,-0.415,61.9,0.109,19.6,-0.86,55.6,-0.277,42.3,-0.336,55.9,0.014,60.8,0.167,74.8,-0.084,46.9,-0.273,79.0,0.652,44.1,-0.041,77.6,-0.117,46.9,-0.224,75.5,0.715,49.7,-0.373,19.2,-0.479,45.8,-0.297,42.0,-0.484,17.8,-0.79,25.5,-0.411,45.8,-0.258,25.2,-0.682,49.0,-0.215,18.2,-0.285,45.5,-0.328,57.3,0.018,27.6,-0.289,25.5,-0.26,45.5,-0.243,57.3,0.132,56.6,0.001,73.4,-0.049,46.2,-0.302,66.4,0.176,86.0,0.882,79.0,-0.016,46.2,-0.239,79.7,0.664,23.8,-0.644,21.3,-0.405,46.5,-0.288,54.9,-0.079,9.8,-1.212,29.7,-0.371,46.5,-0.282,49.0,-0.213
cs4aca71qkt1ru20ppmi6djl6,M. Kovář,PSV Eindhoven,Goalkeeper,1,4.162007955298141e-05,0,8,0.935,0.0,0.0,7.4799,1,4.162007955298141e-05,0,8,0.935,0.0,0.0,7.4799,0,0.0,0,0,0.0,0.0,0.0,0.0,1,4.162007955298141e-05,0,8,0.935,0.0,0.0,7.4799,0,0.0,0,0,0.0,0.0,0.0,0.0,1,4.162007955298141e-05,0,8,0.935,0.0,0.0,7.4799,22.7,-0.966,45.5,-0.687,40.9,-0.584,27.3,-0.923,27.3,-0.963,27.3,-0.677,40.9,-0.369,90.9,1.247,27.3,-0.905,45.5,-0.566,45.5,-0.449,27.3,-0.827,27.3,-0.896,27.3,-0.538,45.5,-0.446,81.8,0.751,22.7,-1.002,31.8,-0.502,50.0,-0.302,22.7,-0.882,22.7,-1.192,40.9,-0.484,50.0,-0.302,22.7,-1.097,36.4,-0.871,45.5,-0.654,54.5,0.0,27.3,-0.811,36.4,-0.101,27.3,-0.62,54.5,0.0,81.8,1.037,13.6,-1.05,31.8,-0.345,40.9,-0.584,18.2,-1.039,13.6,-1.904,31.8,-0.357,40.9,-0.36,18.2,-1.311,22.7,-1.041,63.6,-0.395,50.0,-0.302,27.3,-0.785,27.3,-0.893,36.4,-0.397,50.0,-0.302,81.8,0.858
cstlool8c2aoty5vhx77t4q38,J. Faberski,PEC Zwolle,Midfielder,2,0.0006897012206814,0,3,0.9316,0.0003,0.0,1.3974,0,0.0,0,0,0.0,0.0,0.0,0.0,2,0.0006897012206814,0,3,0.9316,0.0003,0.0,1.3974,1,0.0006897012206814,0,3,0.9316,0.0006,0.0,2.7947,1,0.0,0,0,0.9316,0.0,0.0,0.0,2,0.0006897012206814,0,3,0.9316,0.0003,0.0,1.3974,18.8,-0.803,51.0,-0.4,40.5,-0.443,17.5,-0.809,20.1,-0.991,60.3,-0.251,40.5,-0.316,20.6,-0.884,7.0,-0.939,22.7,-0.289,44.8,-0.348,12.6,-0.843,7.0,-1.913,28.6,-0.256,44.8,-0.301,12.6,-1.188,33.5,-0.596,72.2,-0.321,44.6,-0.337,30.4,-0.649,31.7,-0.437,75.5,-0.191,44.6,-0.265,30.9,-0.616,24.2,-0.751,69.1,-0.248,45.9,-0.296,34.8,-0.661,38.4,-0.086,79.9,-0.054,45.9,-0.239,54.1,0.143,18.6,-0.776,24.5,-0.368,44.1,-0.344,10.6,-0.861,38.1,-0.193,31.2,-0.375,44.1,-0.269,10.6,-1.174,18.8,-1.135,67.5,-0.202,44.3,-0.353,19.6,-0.977,22.7,-0.904,71.6,-0.17,44.3,-0.298,25.8,-0.778
cvoxwqoj3ak99w6wsp1yfbl04,G. Vianello,Sparta Rotterdam,Defender,3,0.0,0,0,1.4151,0.0,0.0,0.0,1,0.0,0,0,0.9434,0.0,0.0,0.0,2,0.0,0,0,1.8868,0.0,0.0,0.0,2,0.0,0,0,1.8868,0.0,0.0,0.0,1,0.0,0,0,0.9434,0.0,0.0,0.0,3,0.0,0,0,1.4151,0.0,0.0,0.0,10.5,-1.112,12.2,-0.449,42.3,-0.415,2.1,-1.15,55.9,0.029,18.9,-0.413,42.3,-0.336,2.1,-1.841,10.1,-1.144,16.8,-0.305,46.9,-0.273,6.6,-1.059,23.1,-0.889,22.7,-0.292,46.9,-0.224,6.6,-1.484,15.7,-0.95,19.2,-0.479,45.8,-0.297,5.9,-1.053,93.0,1.096,25.5,-0.411,45.8,-0.258,5.9,-1.531,19.6,-0.96,18.2,-0.285,45.5,-0.328,8.7,-1.063,100.0,1.868,25.5,-0.26,45.5,-0.243,8.7,-1.204,5.9,-1.145,18.2,-0.496,46.2,-0.302,4.9,-1.036,34.3,-0.74,25.9,-0.281,46.2,-0.239,4.9,-1.462,10.5,-1.353,21.3,-0.405,46.5,-0.288,2.1,-1.457,53.1,-0.018,29.7,-0.371,46.5,-0.282,2.1,-1.549
cx6fxszjvjam6zb3c3p0dd1jo,M. Godts,AFC Ajax,Forward,14,8.239054738228002e-05,0,22,1.1695,0.0,0.0,1.8378,10,0.0,0,11,1.3127,0.0,0.0,1.444,4,8.239054738228002e-05,0,11,0.9189,0.0,0.0,2.527,8,8.239054738228002e-05,0,14,1.0502,0.0,0.0,1.8378,6,0.0,0,8,1.1027,0.0,0.0,1.4703,7,0.0,0,5,1.2865,0.0,0.0,0.9189,93.2,1.764,47.5,-0.469,44.1,-0.374,83.9,0.733,79.7,0.45,24.6,-0.526,44.1,-0.34,37.3,-0.407,95.8,2.625,33.9,-0.333,49.2,-0.186,86.4,0.757,84.7,0.982,34.7,-0.393,49.2,-0.186,59.3,-0.21,83.9,0.513,67.8,-0.365,45.8,-0.316,82.2,0.532,33.1,0.122,34.7,-0.39,45.8,-0.258,64.4,0.117,94.9,1.713,69.5,-0.333,47.5,-0.267,86.4,0.746,86.4,0.69,34.7,-0.406,47.5,-0.225,61.0,-0.058,90.7,1.497,33.1,-0.368,46.6,-0.302,66.9,0.366,91.5,0.644,33.9,-0.391,46.6,-0.282,52.5,-0.237,94.9,1.596,25.4,-0.459,46.6,-0.302,41.5,-0.449,84.7,0.832,27.1,-0.464,46.6,-0.291,27.1,-0.793
cy0lv5u16obr2ne4xiins43x1,S. Haller,FC Utrecht,Forward,6,0.0,0,4,1.1006,0.0,0.0,0.7337,3,0.0,0,2,0.9171,0.0,0.0,0.6114,3,0.0,0,2,1.3757,0.0,0.0,0.9171,4,0.0,0,3,0.9171,0.0,0.0,0.6879,2,0.0,0,1,0.9171,0.0,0.0,0.4586,6,0.0,0,4,1.1006,0.0,0.0,0.7337,78.8,0.228,22.0,-0.478,44.1,-0.374,31.4,-0.576,74.6,0.172,24.6,-0.526,44.1,-0.34,20.3,-0.911,73.7,0.237,33.9,-0.333,49.2,-0.186,51.7,-0.472,37.3,0.28,34.7,-0.393,49.2,-0.186,47.5,-0.512,71.2,0.169,30.5,-0.376,45.8,-0.316,44.9,-0.522,91.5,0.951,34.7,-0.39,45.8,-0.258,40.7,-0.556,85.6,0.488,33.1,-0.344,47.5,-0.267,55.1,-0.332,32.2,0.407,34.7,-0.406,47.5,-0.225,45.8,-0.511,55.9,-0.169,33.1,-0.368,46.6,-0.302,35.6,-0.67,22.0,0.187,33.9,-0.391,46.6,-0.282,33.9,-0.709,87.3,1.147,25.4,-0.459,46.6,-0.302,34.7,-0.575,74.6,0.139,27.1,-0.464,46.6,-0.291,23.7,-0.874
cyn9r9vb8vea1gkyqzwruck4,E. Gürbüz,SC Heerenveen,Midfielder,1,0.0,0,3,0.9308,0.0,0.0,2.7925,1,0.0,0,3,0.9308,0.0,0.0,2.7925,0,0.0,0,0,0.0,0.0,0.0,0.0,0,0.0,0,0,0.0,0.0,0.0,0.0,1,0.0,0,3,0.9308,0.0,0.0,2.7925,1,0.0,0,3,0.9308,0.0,0.0,2.7925,6.7,-0.889,15.7,-0.434,40.5,-0.443,17.5,-0.809,18.6,-0.994,22.7,-0.395,40.5,-0.316,43.8,-0.156,21.9,-0.77,22.7,-0.289,44.8,-0.348,35.3,-0.669,32.5,-0.31,28.6,-0.256,44.8,-0.301,51.5,0.027,4.1,-0.919,24.5,-0.395,44.6,-0.337,9.5,-0.82,4.1,-2.276,30.9,-0.399,44.6,-0.265,9.5,-1.203,8.2,-0.913,25.8,-0.289,45.9,-0.296,12.6,-0.828,8.2,-1.945,30.7,-0.282,45.9,-0.239,12.6,-1.151,18.6,-0.776,24.5,-0.368,44.1,-0.344,33.2,-0.678,35.3,-0.196,31.2,-0.375,44.1,-0.269,61.3,0.2,6.7,-1.476,23.2,-0.245,44.3,-0.353,19.6,-0.977,20.6,-0.907,30.4,-0.267,44.3,-0.298,47.9,-0.121
czlf1kiqdfepc61hwfutoydqs,Weslley Patati,Alkmaar Zaanstreek,Midfielder,1,0.0,0,4,0.9325,0.0,0.0,3.7299,0,0.0,0,0,0.0,0.0,0.0,0.0,1,0.0,0,4,0.9325,0.0,0.0,3.7299,0,0.0,0,0,0.0,0.0,0.0,0.0,1,0.0,0,4,0.9325,0.0,0.0,3.7299,1,0.0,0,4,0.9325,0.0,0.0,3.7299,6.7,-0.889,15.7,-0.434,40.5,-0.443,20.6,-0.778,21.9,-0.988,22.7,-0.395,40.5,-0.316,64.4,0.332,7.0,-0.939,22.7,-0.289,44.8,-0.348,12.6,-0.843,7.0,-1.913,28.6,-0.256,44.8,-0.301,12.6,-1.188,17.5,-0.757,24.5,-0.395,44.6,-0.337,35.3,-0.593,33.5,-0.435,30.9,-0.399,44.6,-0.265,69.1,0.362,8.2,-0.913,25.8,-0.289,45.9,-0.296,12.6,-0.828,8.2,-1.945,30.7,-0.282,45.9,-0.239,12.6,-1.151,18.6,-0.776,24.5,-0.368,44.1,-0.344,36.3,-0.617,41.0,-0.19,31.2,-0.375,44.1,-0.269,76.3,0.661,6.7,-1.476,23.2,-0.245,44.3,-0.353,22.9,-0.88,25.0,-0.902,30.4,-0.267,44.3,-0.298,63.4,0.32
d1dq7upxtawnps3wljz6wf9jo,S. Resink,FC Groningen,Midfielder,22,0.04019774371395227,1,65,1.7069,0.0031,0.0776,5.0431,6,0.0378946228596089,0,20,1.3966,0.0088,0.0,4.6552,16,0.002303120854343362,1,45,1.8621,0.0003,0.1164,5.2371,12,0.001515482798874562,1,39,1.3966,0.0002,0.1164,4.5388,10,0.0386822609150777,0,26,1.1638,0.0045,0.0,3.0259,12,0.04019774371395227,1,49,2.2345,0.0075,0.1862,9.1241,84.3,0.93,94.8,1.562,88.7,1.387,85.3,1.121,90.2,1.518,95.4,1.088,87.4,0.611,87.6,1.017,67.8,0.071,97.4,1.882,44.8,-0.348,72.2,0.315,69.1,0.492,97.9,2.106,44.8,-0.301,75.8,0.837,92.0,1.667,79.4,-0.149,93.6,2.178,93.6,1.735,92.3,1.401,75.5,-0.191,92.5,0.925,84.5,0.994,84.8,1.032,73.2,-0.2,95.4,2.726,88.9,1.344,86.1,0.842,71.1,-0.206,96.4,1.741,86.6,0.95,82.0,0.732,97.4,3.33,44.1,-0.344,79.4,0.723,76.3,0.513,96.9,2.807,44.1,-0.269,64.4,0.315,99.0,2.274,98.5,2.279,93.8,2.384,100.0,3.49,99.5,2.882,97.9,2.16,93.0,1.679,99.0,2.86
d2698ncsatg6jtvb0l9ijhj4k,N. Hopland,SC Heerenveen,Defender,7,0.0005031710864151001,0,21,1.2916,0.0001,0.0,3.8747,4,0.0002910070646051,0,10,1.2301,0.0001,0.0,3.0752,3,0.00021216402181,0,11,1.3838,0.0001,0.0,5.074,0,0.0,0,0,0.0,0.0,0.0,0.0,7,0.0005031710864151001,0,21,1.2916,0.0001,0.0,3.8747,7,0.0005031710864151,0,21,1.2916,0.0001,0.0,3.8747,29.0,-0.804,40.6,-0.429,42.3,-0.415,36.7,-0.575,39.2,-0.38,42.3,-0.368,42.3,-0.336,67.1,0.339,29.7,-0.707,49.0,-0.291,46.9,-0.273,39.2,-0.571,35.7,-0.262,52.4,-0.262,46.9,-0.224,49.7,-0.033,24.8,-0.805,50.3,-0.458,45.8,-0.297,42.0,-0.484,54.5,0.102,55.9,-0.348,45.8,-0.258,85.3,0.99,5.9,-1.257,18.2,-0.285,45.5,-0.328,8.7,-1.063,5.9,-2.393,25.5,-0.26,45.5,-0.243,8.7,-1.204,46.2,-0.286,56.6,-0.449,46.2,-0.302,61.9,-0.018,72.0,0.503,57.3,-0.243,46.2,-0.239,79.0,0.66,54.9,0.064,69.2,-0.358,46.5,-0.288,68.5,0.352,44.1,-0.323,64.7,-0.33,46.5,-0.282,62.9,0.186
d29ahwtvs7ls75wdtkf7xr8tm,Z. Buurmeester,PEC Zwolle,Forward,18,0.003936985783644225,1,49,1.3064,0.0003,0.0726,3.5562,6,0.0,0,21,1.4152,0.0,0.0,4.9533,12,0.003936985783644225,1,28,1.258,0.0004,0.1048,2.9353,8,2.777001086902431e-05,1,29,1.0783,0.0,0.1348,3.9087,10,0.0039092157727752,0,20,1.0483,0.0004,0.0,2.0966,7,0.0,0,22,1.3209,0.0,0.0,4.1513,95.8,2.532,76.3,-0.02,93.2,2.08,96.6,2.697,88.1,1.002,67.8,-0.316,89.8,0.348,69.5,0.377,91.5,1.26,33.9,-0.333,49.2,-0.186,93.2,2.123,91.5,1.163,34.7,-0.393,49.2,-0.186,88.1,1.062,98.3,3.263,84.7,0.136,94.9,2.348,96.6,2.522,86.4,0.737,75.4,-0.226,91.5,0.48,69.5,0.287,94.9,1.713,66.1,-0.341,97.5,3.677,94.1,2.215,89.8,0.749,34.7,-0.406,96.6,1.718,78.0,0.758,98.3,3.163,88.1,0.521,46.6,-0.302,94.9,2.143,88.1,0.51,85.6,-0.02,46.6,-0.282,62.7,0.055,94.9,1.596,25.4,-0.459,46.6,-0.302,92.4,1.686,88.1,0.96,27.1,-0.464,46.6,-0.291,79.7,0.621
d36na8jr6xcc8eronhy8mcz1m,K. Sildillia,PSV Eindhoven,Defender,7,0.0088480675508132,0,19,1.0948,0.0014,0.0,2.9717,4,0.0002191155119932,0,8,0.9384,0.0001,0.0,1.8769,3,0.00862895203882,0,11,1.4076,0.004,0.0,5.1614,5,0.00862895203882,0,13,0.9384,0.0016,0.0,2.4399,2,0.0002191155119932,0,6,0.9384,0.0001,0.0,2.8153,6,0.00862895203882,0,13,1.1261,0.0016,0.0,2.4399,29.0,-0.804,68.5,-0.103,42.3,-0.415,33.2,-0.63,14.7,-1.033,82.5,0.22,42.3,-0.336,44.8,-0.169,29.7,-0.707,44.8,-0.295,46.9,-0.273,34.6,-0.668,18.9,-0.9,52.4,-0.262,46.9,-0.224,32.9,-0.598,24.8,-0.805,83.9,0.369,45.8,-0.297,42.0,-0.484,60.1,0.149,97.6,2.095,45.8,-0.258,86.0,1.034,41.6,-0.513,86.0,0.113,45.5,-0.328,46.5,-0.394,33.6,-0.274,89.2,0.22,45.5,-0.243,51.0,-0.038,16.1,-1.002,46.2,-0.476,46.2,-0.302,25.9,-0.745,29.4,-0.758,57.3,-0.243,46.2,-0.239,62.2,0.08,40.2,-0.29,86.0,0.404,46.5,-0.288,42.3,-0.337,33.2,-0.732,86.0,0.281,46.5,-0.282,38.5,-0.456
d4j19ipiaeuetyij08fofgs15,J. Veerman,PSV Eindhoven,Midfielder,26,0.0880522143630924,2,74,1.5234,0.0052,0.1172,4.3359,12,0.06851675304806919,1,45,1.6071,0.0092,0.1339,6.0268,14,0.0195354613150232,1,29,1.4583,0.002,0.1042,3.0208,13,0.006955012815401697,2,41,1.2188,0.0007,0.1875,3.8438,13,0.08109720154769069,0,33,1.108,0.0069,0.0,2.8125,6,0.0,0,12,1.125,0.0,0.0,2.25,88.4,1.277,99.5,3.937,97.9,3.217,90.7,1.401,80.9,0.924,97.9,2.092,93.3,1.085,77.3,0.648,85.3,1.081,99.5,3.637,94.8,2.863,93.0,1.763,83.0,0.855,98.5,2.214,93.8,1.54,92.8,1.434,89.9,1.344,94.3,1.694,93.6,2.178,83.0,0.827,78.9,0.603,90.7,0.993,91.2,0.801,56.2,0.064,86.9,1.194,86.1,0.122,99.7,5.747,90.7,1.456,70.1,0.487,81.4,-0.016,98.5,2.949,76.3,0.628,86.3,1.235,100.0,7.386,44.1,-0.344,87.6,1.149,70.1,0.343,99.5,4.504,44.1,-0.269,63.1,0.21,55.7,0.228,23.2,-0.245,44.3,-0.353,54.9,-0.103,51.3,-0.342,30.4,-0.267,44.3,-0.298,40.2,-0.377
d4klz2gxqb1diw57z8c9ttixg,G. van Zwam,Go Ahead Eagles,Defender,7,0.0004383012432956,0,10,1.6478,0.0001,0.0,2.354,3,0.0004383012432956,0,6,1.4124,0.0002,0.0,2.8248,4,0.0,0,4,1.8832,0.0,0.0,1.8832,5,0.0004383012432956,0,8,1.177,0.0001,0.0,1.8832,2,0.0,0,2,0.9416,0.0,0.0,0.9416,7,0.0004383012432956,0,10,1.6478,0.0001,0.0,2.354,29.0,-0.804,37.8,-0.431,42.3,-0.415,23.1,-0.876,76.2,0.801,42.3,-0.368,42.3,-0.336,28.0,-0.516,24.1,-0.853,52.4,-0.284,46.9,-0.273,30.8,-0.766,55.2,0.137,61.9,-0.233,46.9,-0.224,44.8,-0.151,35.0,-0.661,19.2,-0.479,45.8,-0.297,22.7,-0.846,92.3,1.088,25.5,-0.411,45.8,-0.258,31.5,-0.595,41.6,-0.513,55.2,-0.265,45.5,-0.328,34.6,-0.651,56.6,0.265,57.0,-0.23,45.5,-0.243,40.6,-0.304,16.1,-1.002,18.2,-0.496,46.2,-0.302,13.6,-0.939,32.9,-0.746,25.9,-0.281,46.2,-0.239,18.2,-0.946,54.9,0.064,66.4,-0.364,46.5,-0.288,31.1,-0.596,71.3,0.556,64.7,-0.33,46.5,-0.282,32.9,-0.495
d5g7rl9a83vu3cyyzvu5yveqy,A. MacNulty,PEC Zwolle,Defender,32,0.005608371737327028,0,65,1.429,0.0003,0.0,2.9027,17,0.005492389048127737,0,41,1.5943,0.0005,0.0,3.845,15,0.0001159826891992913,0,24,1.2788,0.0,0.0,2.0461,17,0.0054676120496316,0,29,1.0628,0.0003,0.0,1.8131,15,0.0001407596876954284,0,36,1.1723,0.0,0.0,2.8134,6,0.0001670974215589,0,15,1.1254,0.0,0.0,2.8134,85.0,1.121,62.2,-0.23,42.3,-0.415,73.1,0.629,56.6,0.076,55.6,-0.277,42.3,-0.336,42.0,-0.208,86.7,1.187,76.2,-0.052,46.9,-0.273,85.3,0.945,73.4,0.535,73.8,-0.146,46.9,-0.224,62.2,0.331,80.1,0.924,44.8,-0.468,45.8,-0.297,66.1,0.189,46.9,-0.105,25.5,-0.411,45.8,-0.258,32.2,-0.514,89.9,1.273,80.4,-0.033,45.5,-0.328,72.0,0.429,41.3,0.007,71.3,-0.17,45.5,-0.243,35.7,-0.337,82.5,0.861,43.4,-0.483,46.2,-0.302,82.5,0.71,60.1,0.077,25.9,-0.281,46.2,-0.239,60.8,0.079,40.2,-0.29,55.2,-0.39,46.5,-0.288,49.7,-0.165,31.5,-0.734,29.7,-0.371,46.5,-0.282,45.5,-0.289
d5wx8rvjfaw1arn69fdd64d90,R. Bozinovski,Heracles Almelo,Midfielder,5,0.0001854154143433,0,10,1.5564,0.0001,0.0,3.1128,3,0.0,0,5,1.4008,0.0,0.0,2.3346,2,0.0001854154143433,0,5,1.8677,0.0002,0.0,4.6693,5,0.0001854154143433,0,10,1.5564,0.0001,0.0,3.1128,0,0.0,0,0,0.0,0.0,0.0,0.0,5,0.0001854154143433,0,10,1.5564,0.0001,0.0,3.1128,39.9,-0.543,40.2,-0.425,40.5,-0.443,38.1,-0.591,84.0,1.031,48.5,-0.347,40.5,-0.316,53.1,0.011,44.3,-0.434,22.7,-0.289,44.8,-0.348,40.7,-0.554,71.1,0.499,28.6,-0.256,44.8,-0.301,49.5,-0.172,33.5,-0.596,61.9,-0.375,44.6,-0.337,38.4,-0.536,94.3,1.412,72.9,-0.26,44.6,-0.265,79.4,0.756,58.8,-0.103,56.7,-0.278,45.9,-0.296,54.9,-0.271,92.3,1.16,65.5,-0.244,45.9,-0.239,62.4,0.29,3.4,-0.943,24.5,-0.368,44.1,-0.344,10.6,-0.861,3.4,-3.025,31.2,-0.375,44.1,-0.269,10.6,-1.174,43.0,-0.112,57.7,-0.233,44.3,-0.353,48.5,-0.297,85.1,0.911,63.7,-0.234,44.3,-0.298,52.6,0.029
d785q9rpqlyuyswv8f9fx4cno,M. Nassoh,NAC Breda,Midfielder,10,0.005879892833256928,0,24,1.1555,0.0007,0.0,2.7733,4,0.0058403420897303,0,13,1.2326,0.0018,0.0,4.0059,6,3.955074352662846e-05,0,11,1.1093,0.0,0.0,2.0337,5,0.002600887023407128,0,18,1.1555,0.0006,0.0,4.1599,5,0.0032790058098498,0,6,0.9244,0.0006,0.0,1.1093,6,0.0,0,2,1.1093,0.0,0.0,0.3698,59.5,-0.109,70.1,-0.142,40.5,-0.443,59.3,-0.155,49.0,-0.267,72.2,-0.06,40.5,-0.316,41.2,-0.166,53.1,-0.265,84.0,0.045,44.8,-0.348,61.6,-0.09,59.8,0.21,87.1,0.227,44.8,-0.301,69.1,0.555,68.0,0.051,51.5,-0.391,44.6,-0.337,57.0,-0.195,51.0,-0.086,30.9,-0.399,44.6,-0.265,41.8,-0.35,58.8,-0.103,75.8,-0.135,45.9,-0.296,67.8,0.175,65.5,0.36,79.9,-0.054,45.9,-0.239,80.9,0.775,62.4,-0.105,78.9,-0.055,44.1,-0.344,42.5,-0.495,20.6,-0.215,81.4,0.049,44.1,-0.269,33.5,-0.628,55.7,0.228,23.2,-0.245,44.3,-0.353,16.2,-1.074,40.7,-0.388,30.4,-0.267,44.3,-0.298,11.9,-1.262
d8cxurdt9g5gezqlfwae7ooru,M. Meulensteen,Go Ahead Eagles,Midfielder,55,0.06369987542675701,0,144,1.9062,0.0022,0.0,4.9908,23,0.002813319287440501,0,53,1.7936,0.0002,0.0,4.133,32,0.0608865561393165,0,91,1.9963,0.0038,0.0,5.6771,30,0.0215827058606671,0,80,1.6514,0.0012,0.0,4.4037,25,0.0421171695660899,0,64,1.3761,0.0023,0.0,3.5229,11,0.0182697477091512,0,26,2.0587,0.0034,0.0,4.8661,99.5,3.79,99.0,2.728,40.5,-0.443,100.0,3.58,97.4,2.163,89.2,0.657,40.5,-0.316,86.6,0.99,98.2,2.932,74.7,-0.128,44.8,-0.348,95.6,2.227,91.2,1.176,68.0,-0.202,44.8,-0.301,70.1,0.61,100.0,4.253,100.0,6.116,44.6,-0.337,100.0,4.346,96.4,1.666,96.4,2.246,44.6,-0.265,89.2,1.179,99.5,3.948,93.3,0.987,45.9,-0.296,99.5,3.628,95.4,1.35,86.6,0.173,45.9,-0.239,84.5,0.887,99.0,3.246,98.5,3.659,44.1,-0.344,99.5,3.037,92.3,1.158,94.3,1.251,44.1,-0.269,73.7,0.559,96.9,1.933,95.9,0.902,44.3,-0.353,88.4,1.257,97.9,2.371,94.8,0.833,44.3,-0.298,83.5,0.855
dafbvyorudvujxw7zswicykmh,O. Wijndal,AFC Ajax,Defender,16,0.02836957144030133,0,72,1.4781,0.0026,0.0,6.6515,11,0.02696226675997654,0,51,1.4517,0.0036,0.0,6.7307,5,0.0014073046803248,0,21,1.5397,0.0004,0.0,6.4668,11,0.02812444710115214,0,58,1.4517,0.0037,0.0,7.6545,5,0.0002451243391492,0,14,0.9238,0.0,0.0,2.5867,10,0.02832180557252463,0,58,1.8476,0.0052,0.0,10.7164,53.5,-0.111,88.8,0.659,42.3,-0.415,81.8,0.82,61.5,0.238,93.0,0.763,42.3,-0.336,97.2,1.901,65.0,0.313,94.4,0.937,46.9,-0.273,90.6,1.434,58.0,0.223,95.1,0.759,46.9,-0.224,95.1,1.692,44.1,-0.517,63.6,-0.341,45.8,-0.297,62.2,0.034,68.5,0.41,69.9,-0.16,45.8,-0.258,95.1,1.682,64.3,0.38,95.8,1.012,45.5,-0.328,95.8,1.922,89.5,0.885,95.8,0.849,45.5,-0.243,98.6,2.456,37.8,-0.572,46.9,-0.473,46.2,-0.302,45.1,-0.357,9.8,-0.81,25.9,-0.281,46.2,-0.239,52.4,-0.045,86.4,1.127,95.8,2.25,46.5,-0.288,99.3,3.54,81.1,1.05,95.8,1.747,46.5,-0.282,98.6,3.25
dbg4ducw8j747foxiexle1iad,P. Clement,Sparta Rotterdam,Midfielder,10,0.0100882546528569,0,22,1.325,0.0013,0.0,2.9149,4,0.0097535405312789,0,4,0.9275,0.0023,0.0,0.9275,6,0.000334714121578,0,18,1.8549,0.0001,0.0,5.5648,5,0.0097535405312789,0,11,1.1593,0.0023,0.0,2.5505,5,0.000334714121578,0,11,0.9275,0.0001,0.0,2.0404,7,0.0097535405312789,0,11,1.2985,0.0018,0.0,2.0404,59.5,-0.109,77.8,0.067,40.5,-0.443,57.0,-0.218,64.4,0.282,80.9,0.227,40.5,-0.316,49.0,-0.093,53.1,-0.265,88.7,0.269,44.8,-0.348,37.9,-0.611,26.8,-0.316,88.1,0.361,44.8,-0.301,30.4,-0.784,68.0,0.051,66.0,-0.359,44.6,-0.337,73.7,0.202,90.2,1.386,66.8,-0.33,44.6,-0.265,87.1,1.132,58.8,-0.103,87.1,0.288,45.9,-0.296,57.2,-0.215,66.5,0.368,90.7,0.59,45.9,-0.239,50.0,0.03,62.4,-0.105,63.4,-0.336,44.1,-0.344,57.5,-0.191,26.8,-0.206,64.9,-0.305,44.1,-0.269,44.8,-0.17,69.8,0.569,90.7,0.368,44.3,-0.353,52.3,-0.2,62.4,0.162,89.9,0.316,44.3,-0.298,36.1,-0.476
dc119ejc7lls2rd3ywigl2smi,R. Zerrouki,FC Twente,Midfielder,41,0.02318732199389202,2,116,1.815,0.001,0.0885,5.1351,19,0.007013167934931625,1,64,1.7663,0.0007,0.093,5.9496,22,0.0161741540589604,1,52,1.8593,0.0014,0.0845,4.3946,24,0.016208753050377,1,53,1.4874,0.001,0.062,3.2847,17,0.006978568943515025,1,63,1.317,0.0005,0.0775,4.8806,11,0.0038189124917018,0,32,2.0452,0.0007,0.0,5.9496,96.4,2.577,88.7,0.717,97.9,3.217,96.9,2.709,93.0,1.867,77.6,0.084,89.2,0.742,89.2,1.065,96.6,2.259,86.6,0.112,94.8,2.863,97.4,2.864,89.7,1.129,79.6,-0.068,90.2,0.978,92.3,1.4,96.9,2.637,91.8,1.335,93.6,2.178,96.4,2.132,91.8,1.395,87.1,0.575,90.7,0.599,76.3,0.641,98.2,2.976,90.7,0.669,95.4,2.726,95.1,2.124,90.2,1.023,84.3,0.097,91.8,0.816,66.0,0.369,95.4,1.905,85.1,0.299,93.3,2.04,99.0,2.976,89.2,0.979,79.6,-0.022,89.7,0.564,91.8,1.227,96.9,1.933,81.4,-0.005,44.3,-0.353,95.6,1.839,96.9,2.332,79.6,-0.04,44.3,-0.298,91.2,1.365
dc4n5ylytswddlvd82snkb90q,S. van Hooijdonk,NAC Breda,Forward,1,0.0002669490302716,0,4,0.9262,0.0002,0.0,3.705,1,0.0002669490302716,0,4,0.9262,0.0002,0.0,3.705,0,0.0,0,0,0.0,0.0,0.0,0.0,0,0.0,0,0,0.0,0.0,0.0,0.0,1,0.0002669490302716,0,4,0.9262,0.0002,0.0,3.705,1,0.0002669490302716,0,4,0.9262,0.0002,0.0,3.705,13.6,-0.732,54.2,-0.447,44.1,-0.374,31.4,-0.576,30.5,-0.531,60.2,-0.386,44.1,-0.34,76.3,0.445,43.2,-0.445,71.2,-0.26,49.2,-0.186,56.8,-0.199,61.0,0.296,72.9,-0.11,49.2,-0.186,79.7,0.61,11.9,-0.862,30.5,-0.376,45.8,-0.316,16.1,-0.756,11.9,-1.546,34.7,-0.39,45.8,-0.258,16.1,-0.94,14.4,-0.737,33.1,-0.344,47.5,-0.267,22.9,-0.626,14.4,-1.541,34.7,-0.406,47.5,-0.225,22.9,-0.782,28.8,-0.586,71.2,-0.307,46.6,-0.302,55.1,-0.226,49.2,0.209,73.7,-0.206,46.6,-0.282,76.3,0.805,13.6,-1.094,59.3,-0.407,46.6,-0.302,34.7,-0.575,32.2,-0.511,66.1,-0.321,46.6,-0.291,72.9,0.426
dej8tywq0npvbm25sfgtqur1m,O. Kökçü,FC Volendam,Midfielder,13,0.00429797558639644,0,26,1.2138,0.0004,0.0,2.4276,7,0.0042217151550753,0,11,1.3072,0.0008,0.0,2.0541,6,7.626043132114013e-05,0,15,1.1204,0.0,0.0,2.801,9,0.0042217151550753,0,21,1.4005,0.0007,0.0,3.2679,4,7.626043132114013e-05,0,5,0.9337,0.0,0.0,1.1671,8,0.0042217151550753,0,21,1.4939,0.0008,0.0,3.9215,71.4,0.151,66.0,-0.221,40.5,-0.443,61.3,-0.093,55.7,-0.078,64.2,-0.203,40.5,-0.316,35.1,-0.347,71.1,0.239,80.9,-0.048,44.8,-0.348,58.0,-0.206,64.9,0.338,81.7,-0.041,44.8,-0.301,43.8,-0.294,68.0,0.051,56.7,-0.387,44.6,-0.337,68.0,0.032,52.6,-0.064,30.9,-0.399,44.6,-0.265,54.1,-0.028,79.9,0.545,80.4,-0.04,45.9,-0.296,74.5,0.342,87.1,0.849,81.4,-0.016,45.9,-0.239,65.5,0.362,52.6,-0.273,54.6,-0.361,44.1,-0.344,39.7,-0.556,45.4,-0.187,31.2,-0.375,44.1,-0.269,34.0,-0.6,82.7,0.91,83.0,0.02,44.3,-0.353,75.3,0.771,81.4,0.73,81.4,-0.008,44.3,-0.298,66.5,0.41
devvpv4u2vs2cofnwp4678mvp,D. Malone,SC Telstar,Defender,4,1.360092816619918e-05,0,15,0.9331,0.0,0.0,3.4991,1,0.0,0,4,0.9331,0.0,0.0,3.7323,3,1.360092816619918e-05,0,11,0.9331,0.0,0.0,3.4213,0,0.0,0,0,0.0,0.0,0.0,0.0,4,1.360092816619918e-05,0,15,0.9331,0.0,0.0,3.4991,4,1.360092816619918e-05,0,15,0.9331,0.0,0.0,3.4991,14.0,-1.035,24.5,-0.448,42.3,-0.415,30.4,-0.739,5.6,-1.569,18.9,-0.413,42.3,-0.336,61.5,0.128,10.1,-1.144,16.8,-0.305,46.9,-0.273,23.1,-0.864,16.8,-0.911,22.7,-0.292,46.9,-0.224,60.1,0.277,24.8,-0.805,39.9,-0.478,45.8,-0.297,42.0,-0.484,18.9,-0.788,25.5,-0.411,45.8,-0.258,55.9,0.169,5.9,-1.257,18.2,-0.285,45.5,-0.328,8.7,-1.063,5.9,-2.393,25.5,-0.26,45.5,-0.243,8.7,-1.204,31.8,-0.715,37.1,-0.495,46.2,-0.302,48.3,-0.309,21.7,-0.777,25.9,-0.281,46.2,-0.239,72.0,0.454,14.0,-0.998,43.4,-0.404,46.5,-0.288,49.7,-0.165,10.5,-1.208,29.7,-0.371,46.5,-0.282,54.5,0.018
dficbkp6sp4kw7xihaxneozpx,Y. Namli,PEC Zwolle,Midfielder,4,0.003008278916138,0,9,1.25,0.0009,0.0,2.8125,2,0.003008278916138,0,8,1.875,0.0028,0.0,7.5,2,0.0,0,1,0.9375,0.0,0.0,0.4688,3,0.003008278916138,0,8,1.4062,0.0014,0.0,3.75,1,0.0,0,1,0.9375,0.0,0.0,0.9375,4,0.003008278916138,0,9,1.25,0.0009,0.0,2.8125,34.8,-0.629,61.3,-0.285,40.5,-0.443,33.5,-0.622,59.3,0.039,76.0,0.036,40.5,-0.316,45.4,-0.146,35.3,-0.602,75.3,-0.117,44.8,-0.348,49.2,-0.38,94.8,1.316,90.2,0.496,44.8,-0.301,96.9,2.074,33.5,-0.596,24.5,-0.395,44.6,-0.337,21.4,-0.763,41.8,-0.425,30.9,-0.399,44.6,-0.265,21.1,-1.006,42.8,-0.427,77.8,-0.111,45.9,-0.296,49.7,-0.382,88.1,0.861,88.1,0.249,45.9,-0.239,74.5,0.585,18.6,-0.776,24.5,-0.368,44.1,-0.344,24.7,-0.8,55.2,-0.175,31.2,-0.375,44.1,-0.269,31.4,-0.713,34.8,-0.453,78.4,-0.056,44.3,-0.353,42.5,-0.394,56.2,0.021,82.7,0.024,44.3,-0.298,49.5,-0.112
dgex06nxjy9fdvc12o8keg99l,K. Ogawa,Nijmegen Eendracht Combinatie,Forward,4,0.0,0,2,0.9169,0.0,0.0,0.4585,2,0.0,0,0,0.9169,0.0,0.0,0.0,2,0.0,0,2,0.9169,0.0,0.0,0.9169,2,0.0,0,0,0.9169,0.0,0.0,0.0,2,0.0,0,2,0.9169,0.0,0.0,0.9169,4,0.0,0,2,0.9169,0.0,0.0,0.4585,61.9,-0.156,22.0,-0.478,44.1,-0.374,22.9,-0.721,5.1,-0.569,24.6,-0.526,44.1,-0.34,13.6,-1.036,62.7,-0.104,33.9,-0.333,49.2,-0.186,23.7,-0.745,35.6,0.28,34.7,-0.393,49.2,-0.186,23.7,-0.733,55.1,-0.175,30.5,-0.376,45.8,-0.316,44.9,-0.522,25.4,0.118,34.7,-0.39,45.8,-0.258,39.0,-0.556,60.2,-0.125,33.1,-0.344,47.5,-0.267,22.9,-0.626,30.5,0.406,34.7,-0.406,47.5,-0.225,22.9,-0.782,55.9,-0.169,33.1,-0.368,46.6,-0.302,46.6,-0.522,20.3,0.186,33.9,-0.391,46.6,-0.282,40.7,-0.496,61.9,0.251,25.4,-0.459,46.6,-0.302,24.6,-0.826,5.1,-0.546,27.1,-0.464,46.6,-0.291,15.3,-0.994
djekc2mhsntvqyvsq26ru115g,D. Bisschops,Fortuna Sittard,Defender,2,0.0,0,5,1.875,0.0,0.0,4.6875,2,0.0,0,5,1.875,0.0,0.0,4.6875,0,0.0,0,0,0.0,0.0,0.0,0.0,1,0.0,0,2,0.9375,0.0,0.0,1.875,1,0.0,0,3,0.9375,0.0,0.0,2.8125,2,0.0,0,5,1.875,0.0,0.0,4.6875,6.6,-1.189,12.2,-0.449,42.3,-0.415,12.6,-1.013,93.7,1.555,18.9,-0.413,42.3,-0.336,81.1,0.796,18.2,-0.999,16.8,-0.305,46.9,-0.273,26.9,-0.815,90.9,1.149,22.7,-0.292,46.9,-0.224,76.9,0.728,3.1,-1.238,19.2,-0.479,45.8,-0.297,5.9,-1.053,3.1,-2.63,25.5,-0.411,45.8,-0.258,5.9,-1.531,13.3,-1.108,18.2,-0.285,45.5,-0.328,20.3,-0.96,31.8,-0.276,25.5,-0.26,45.5,-0.243,39.9,-0.308,5.9,-1.145,18.2,-0.496,46.2,-0.302,16.8,-0.89,27.3,-0.761,25.9,-0.281,46.2,-0.239,60.1,0.078,6.6,-1.707,21.3,-0.405,46.5,-0.288,15.4,-1.027,86.0,1.117,29.7,-0.371,46.5,-0.282,76.9,0.55
dk7zyk16nsnh0czeky7vi0x78,S. van Duijn,SC Telstar,Forward,5,0.0092896049721154,0,22,1.1581,0.0022,0.0,5.0956,2,0.0005520259445678,0,14,1.8529,0.0005,0.0,12.9706,3,0.0087375790275476,0,8,0.9265,0.0027,0.0,2.4706,2,0.0005520259445678,0,11,0.9265,0.0003,0.0,5.0956,3,0.0087375790275476,0,11,0.9265,0.0027,0.0,3.3971,5,0.0092896049721154,0,22,1.1581,0.0022,0.0,5.0956,71.2,0.036,84.7,0.603,44.1,-0.374,83.9,0.733,78.0,0.404,88.1,1.016,44.1,-0.34,89.8,1.08,62.7,-0.104,78.0,-0.182,49.2,-0.186,88.1,1.167,96.6,1.939,86.4,0.314,49.2,-0.186,100.0,3.968,71.2,0.169,91.5,0.759,45.8,-0.316,66.9,0.181,44.1,0.135,89.8,0.715,45.8,-0.258,61.0,0.093,60.2,-0.125,72.9,-0.268,47.5,-0.267,83.9,0.452,52.5,0.427,76.3,-0.229,47.5,-0.225,88.1,1.225,77.1,0.247,96.6,1.619,46.6,-0.302,89.0,0.81,50.8,0.21,93.2,2.109,46.6,-0.282,72.9,0.661,74.6,0.699,91.5,1.353,46.6,-0.302,92.4,1.686,81.4,0.353,89.8,1.118,46.6,-0.291,88.1,1.034
dmnk8dz6w8n4fcso88fuvusfe,Zidane Iqbal,FC Utrecht,Midfielder,4,0.0,0,4,1.8672,0.0,0.0,1.8672,1,0.0,0,0,0.9336,0.0,0.0,0.0,3,0.0,0,4,2.8008,0.0,0.0,3.7344,3,0.0,0,4,2.8008,0.0,0.0,3.7344,1,0.0,0,0,0.9336,0.0,0.0,0.0,4,0.0,0,4,1.8672,0.0,0.0,1.8672,34.8,-0.629,15.7,-0.434,40.5,-0.443,20.6,-0.778,96.4,2.036,22.7,-0.395,40.5,-0.316,26.3,-0.639,21.9,-0.77,22.7,-0.289,44.8,-0.348,12.6,-0.843,40.5,-0.305,28.6,-0.256,44.8,-0.301,12.6,-1.188,45.4,-0.434,24.5,-0.395,44.6,-0.337,35.3,-0.593,100.0,3.254,30.9,-0.399,44.6,-0.265,69.6,0.364,42.8,-0.427,25.8,-0.289,45.9,-0.296,38.4,-0.605,100.0,3.643,30.7,-0.282,45.9,-0.239,73.7,0.578,18.6,-0.776,24.5,-0.368,44.1,-0.344,10.6,-0.861,44.6,-0.187,31.2,-0.375,44.1,-0.269,10.6,-1.174,34.8,-0.453,23.2,-0.245,44.3,-0.353,22.9,-0.88,94.8,1.814,30.4,-0.267,44.3,-0.298,34.5,-0.557
do5gstk4ks97daehnudehyjxm,J. Žambůrek,Heracles Almelo,Midfielder,31,0.008548135490179952,0,73,1.815,0.0005,0.0,4.2739,20,0.008507323525127468,0,58,2.0817,0.0009,0.0,6.0368,11,4.081196505248408e-05,0,15,1.472,0.0,0.0,2.0073,18,1.324191152186904e-05,0,43,1.6861,0.0,0.0,4.028,13,0.008534893578658083,0,30,1.2178,0.0008,0.0,2.8102,7,0.0084940816136056,0,16,1.3114,0.0016,0.0,2.9976,93.0,1.71,75.8,-0.01,40.5,-0.443,89.9,1.37,93.0,1.867,67.0,-0.156,40.5,-0.316,76.8,0.616,97.4,2.427,88.1,0.198,44.8,-0.348,96.6,2.516,97.4,1.672,82.7,-0.015,44.8,-0.301,93.3,1.438,84.5,0.859,52.3,-0.39,44.6,-0.337,68.0,0.032,79.4,0.63,30.9,-0.399,44.6,-0.265,40.7,-0.361,95.6,2.004,51.5,-0.288,45.9,-0.296,91.8,1.567,96.4,1.419,30.7,-0.282,45.9,-0.239,77.3,0.713,86.3,1.235,88.7,0.448,44.1,-0.344,82.5,0.966,82.0,0.677,84.0,0.19,44.1,-0.269,62.4,0.209,69.8,0.569,90.2,0.288,44.3,-0.353,63.1,0.285,69.6,0.199,89.2,0.251,44.3,-0.298,51.5,-0.025
dp0q4f4gbj2buhcu1lb5dzxed,Ivo Pinto,Fortuna Sittard,Defender,13,0.0,0,9,1.0869,0.0,0.0,0.7525,8,0.0,0,4,1.0511,0.0,0.0,0.5255,5,0.0,0,5,1.1496,0.0,0.0,1.1496,8,0.0,0,6,0.9197,0.0,0.0,0.6898,5,0.0,0,3,1.1496,0.0,0.0,0.6898,6,0.0,0,6,1.1036,0.0,0.0,1.1036,49.3,-0.342,12.2,-0.449,42.3,-0.415,20.3,-0.904,13.3,-1.059,18.9,-0.413,42.3,-0.336,7.7,-1.417,53.8,-0.124,16.8,-0.305,46.9,-0.273,23.1,-0.864,25.2,-0.653,22.7,-0.292,46.9,-0.224,14.7,-1.236,44.1,-0.517,19.2,-0.479,45.8,-0.297,26.2,-0.794,30.8,-0.36,25.5,-0.411,45.8,-0.258,18.9,-0.96,54.5,-0.067,18.2,-0.285,45.5,-0.328,30.1,-0.754,16.1,-0.316,25.5,-0.26,45.5,-0.243,20.3,-0.874,37.8,-0.572,18.2,-0.496,46.2,-0.302,16.8,-0.89,53.1,-0.004,25.9,-0.281,46.2,-0.239,11.2,-1.084,40.2,-0.29,21.3,-0.405,46.5,-0.288,17.5,-0.941,18.9,-0.787,29.7,-0.371,46.5,-0.282,12.6,-1.054
ds0hd4ezvb5rw6l95rhbxtq1g,B. Önal,Nijmegen Eendracht Combinatie,Midfielder,11,0.0171645197283528,0,15,1.1232,0.0018,0.0,1.5317,2,0.0,0,1,0.919,0.0,0.0,0.4595,9,0.0171645197283528,0,14,1.1816,0.0023,0.0,1.838,5,0.0171645197283528,0,11,0.919,0.0032,0.0,2.0218,6,0.0,0,4,1.1028,0.0,0.0,0.7352,6,0.0,0,0,1.1028,0.0,0.0,0.0,64.7,-0.023,85.1,0.418,40.5,-0.443,46.9,-0.436,44.8,-0.371,85.3,0.466,40.5,-0.316,22.7,-0.814,35.3,-0.602,22.7,-0.289,44.8,-0.348,27.8,-0.785,17.0,-0.33,28.6,-0.256,44.8,-0.301,25.3,-0.988,79.6,0.536,92.8,1.441,44.6,-0.337,65.2,-0.025,59.8,0.057,92.5,1.202,44.6,-0.265,37.1,-0.432,58.8,-0.103,91.8,0.726,45.9,-0.296,57.2,-0.215,19.6,-0.111,94.3,0.931,45.9,-0.239,45.4,-0.215,69.3,0.062,24.5,-0.368,44.1,-0.344,36.3,-0.617,69.6,0.327,31.2,-0.375,44.1,-0.269,25.3,-0.812,55.7,0.228,23.2,-0.245,44.3,-0.353,5.2,-1.269,38.7,-0.407,30.4,-0.267,44.3,-0.298,5.2,-1.436
dse071e8zbzm8l37m64g6e1p0,K. Sano,Nijmegen Eendracht Combinatie,Midfielder,47,0.06263911722884621,0,115,1.727,0.0023,0.0,4.2258,18,0.0310507208635583,0,39,1.5032,0.0026,0.0,3.257,29,0.03158839636528791,0,76,1.9029,0.0021,0.0,4.9869,24,0.05555281349083306,0,58,1.2249,0.0028,0.0,2.9601,23,0.007086303738013148,0,57,1.3205,0.0004,0.0,3.2727,10,5.408565526884845e-05,0,8,1.8373,0.0,0.0,1.4698,98.5,3.097,98.5,2.676,40.5,-0.443,95.9,2.677,91.8,1.583,90.2,0.705,40.5,-0.316,75.3,0.591,95.4,2.091,95.4,1.49,44.8,-0.348,91.5,1.416,76.8,0.676,89.4,0.442,44.8,-0.301,56.7,0.229,99.5,3.768,97.4,2.983,44.6,-0.337,98.5,3.495,95.4,1.481,91.5,1.063,44.6,-0.265,82.5,0.889,98.2,2.976,99.0,2.996,45.9,-0.296,96.9,2.403,71.1,0.499,93.3,0.779,45.9,-0.239,58.8,0.219,97.4,2.911,85.6,0.309,44.1,-0.344,96.4,2.61,89.7,0.989,77.8,-0.093,44.1,-0.269,71.4,0.436,94.3,1.592,50.0,-0.242,44.3,-0.353,37.4,-0.492,91.8,1.728,30.4,-0.267,44.3,-0.298,26.3,-0.744
dsh8ta4q6v5ews2e19p9xh6y2,J. Hubner,Fortuna Sittard,Defender,27,0.003630714846617778,0,77,1.5485,0.0002,0.0,4.416,19,0.002774827645647978,0,53,1.7435,0.0003,0.0,4.8634,8,0.0008558872009698,0,24,1.2235,0.0001,0.0,3.6705,16,0.002774827645647978,0,59,1.2235,0.0002,0.0,4.5116,11,0.0008558872009698,0,18,1.2617,0.0001,0.0,2.0646,10,2.700800487227817e-05,0,42,1.8352,0.0,0.0,7.708,73.8,0.736,55.2,-0.307,42.3,-0.415,85.3,0.957,68.5,0.472,49.3,-0.323,42.3,-0.336,76.9,0.643,92.0,1.479,67.1,-0.177,46.9,-0.273,92.0,1.531,82.5,0.861,65.4,-0.204,46.9,-0.224,81.1,0.811,56.6,-0.085,59.4,-0.395,45.8,-0.297,66.1,0.189,35.0,-0.214,55.9,-0.348,45.8,-0.258,60.8,0.293,85.3,1.124,72.0,-0.157,45.5,-0.328,96.5,1.973,62.2,0.37,66.1,-0.2,45.5,-0.243,92.3,0.953,67.1,0.288,58.0,-0.416,46.2,-0.302,54.9,-0.163,69.2,0.396,57.3,-0.243,46.2,-0.239,37.8,-0.331,86.4,1.127,47.6,-0.403,46.5,-0.288,96.9,2.161,78.3,1.019,29.7,-0.371,46.5,-0.282,95.8,1.903
dtcvzfse83ztj96kiizwp6jqi,G. Smal,Feyenoord Rotterdam,Defender,12,0.0007850567300061,1,28,1.106,0.0001,0.0922,2.5807,8,0.0007850567300061,0,13,1.2289,0.0001,0.0,1.997,4,0.0,1,15,0.9217,0.0,0.2304,3.4563,4,0.0007850567300061,0,12,1.2289,0.0002,0.0,3.6867,8,0.0,1,16,1.0534,0.0,0.1317,2.1067,7,0.0007850567300061,0,21,1.2904,0.0001,0.0,3.8711,45.8,-0.419,42.0,-0.418,91.3,1.867,44.8,-0.384,16.1,-0.996,42.3,-0.368,95.8,1.86,34.3,-0.389,53.8,-0.124,57.3,-0.268,46.9,-0.273,42.7,-0.424,35.0,-0.264,52.4,-0.262,46.9,-0.224,33.6,-0.541,35.0,-0.661,19.2,-0.479,94.8,2.354,49.7,-0.277,11.9,-0.81,25.5,-0.411,98.6,3.707,58.0,0.186,35.7,-0.662,58.7,-0.249,45.5,-0.328,44.1,-0.446,65.7,0.382,66.1,-0.2,45.5,-0.243,73.4,0.559,51.4,-0.142,18.2,-0.496,96.2,3.292,50.7,-0.26,38.5,-0.347,25.9,-0.281,98.6,2.854,39.2,-0.308,54.9,0.064,70.6,-0.332,46.5,-0.288,68.5,0.352,43.4,-0.326,64.7,-0.33,46.5,-0.282,62.2,0.185
dwyl0yii553i57u7azfa7d15g,A. Hadj Moussa,Feyenoord Rotterdam,Midfielder,8,0.0055771529741271,0,27,0.9215,0.0006,0.0,3.1101,4,2.456020107390045e-05,0,10,0.9215,0.0,0.0,2.3038,4,0.0055525927730532,0,17,0.9215,0.0013,0.0,3.9164,4,0.0003247060085164004,0,19,0.9215,0.0001,0.0,4.3771,4,0.0052524469656107,0,8,0.9215,0.0012,0.0,1.843,5,0.0037202904467061,0,10,0.9215,0.0007,0.0,1.843,50.8,-0.283,69.1,-0.157,40.5,-0.443,62.9,-0.062,7.2,-1.024,70.1,-0.108,40.5,-0.316,52.6,0.009,53.1,-0.265,45.9,-0.288,44.8,-0.348,54.1,-0.264,19.6,-0.326,28.6,-0.256,44.8,-0.301,47.9,-0.186,53.9,-0.272,82.5,0.199,44.6,-0.337,71.9,0.145,16.0,-0.457,86.1,0.506,44.6,-0.265,73.2,0.44,51.5,-0.265,62.4,-0.27,45.9,-0.296,70.1,0.231,22.2,-0.106,65.5,-0.244,45.9,-0.239,83.5,0.875,52.6,-0.273,83.5,0.134,44.1,-0.344,49.5,-0.374,17.5,-0.224,88.7,0.473,44.1,-0.269,40.7,-0.267,43.0,-0.112,80.9,-0.011,44.3,-0.353,48.5,-0.297,8.2,-0.934,79.6,-0.04,44.3,-0.298,32.5,-0.568
dxmulnxbs11kpi1goq5hl9cve,A. Salah-Eddine,PSV Eindhoven,Defender,10,0.008271561983201026,0,29,1.1647,0.001,0.0,3.3777,5,7.551248782902698e-05,0,2,1.553,0.0,0.0,0.6212,5,0.008196049495371999,0,27,0.9318,0.0015,0.0,5.0317,3,0.0018781266550168,0,9,0.9318,0.0006,0.0,2.7954,7,0.006393435328184227,0,20,1.0871,0.001,0.0,3.106,6,0.001953639142845827,0,13,1.1181,0.0004,0.0,2.4227,40.2,-0.573,67.1,-0.126,42.3,-0.415,46.2,-0.356,25.2,-0.801,76.6,0.039,42.3,-0.336,59.4,0.059,37.4,-0.561,38.5,-0.301,46.9,-0.273,17.8,-0.962,69.9,0.444,22.7,-0.292,46.9,-0.224,15.4,-1.191,44.1,-0.517,82.5,0.326,45.8,-0.297,69.9,0.344,17.8,-0.79,86.0,0.529,45.8,-0.258,83.9,0.969,28.3,-0.811,67.1,-0.199,45.5,-0.328,37.8,-0.6,27.6,-0.289,80.4,-0.08,45.5,-0.243,56.6,0.132,46.2,-0.286,78.3,0.102,46.2,-0.302,59.1,-0.066,44.1,-0.227,83.6,0.098,46.2,-0.239,67.1,0.239,40.2,-0.29,75.5,-0.222,46.5,-0.288,42.3,-0.337,28.0,-0.752,75.5,-0.208,46.5,-0.282,36.4,-0.464
e3akocgpppdty3ayxty1gf6xh,D. Mirani,Heracles Almelo,Defender,28,0.0346015962979313,0,54,1.3088,0.0016,0.0,2.5241,14,0.022460208164331,0,29,1.1898,0.0019,0.0,2.4646,14,0.0121413881336003,0,25,1.4542,0.0013,0.0,2.5968,14,0.0001159478112992,0,23,1.0068,0.0,0.0,1.654,14,0.0344856484866321,0,31,1.0907,0.0027,0.0,2.415,6,0.0120254403223011,0,12,1.1218,0.0022,0.0,2.2436,78.7,0.813,92.3,0.902,42.3,-0.415,65.7,0.328,40.6,-0.323,86.4,0.311,42.3,-0.336,32.2,-0.421,75.2,0.75,92.3,0.729,46.9,-0.273,69.2,0.358,33.6,-0.35,88.1,0.263,46.9,-0.224,39.9,-0.321,78.0,0.78,86.7,0.714,45.8,-0.297,67.1,0.241,63.6,0.241,83.2,0.404,45.8,-0.258,41.3,-0.241,74.8,0.826,44.8,-0.28,45.5,-0.328,61.9,0.121,37.8,-0.119,25.5,-0.26,45.5,-0.243,32.9,-0.413,78.3,0.717,97.2,2.729,46.2,-0.302,75.5,0.467,44.8,-0.214,95.8,0.741,46.2,-0.239,47.6,-0.14,40.2,-0.29,88.1,0.722,46.5,-0.288,38.1,-0.424,29.4,-0.742,88.1,0.525,46.5,-0.282,32.2,-0.544
e5hzt8nmhu2ktn69dsv67ga38,M. Linday,SC Heerenveen,Midfielder,25,0.03915023806668999,0,70,1.6532,0.0026,0.0,4.6291,15,0.03732003513410244,0,49,1.7359,0.0043,0.0,5.6706,10,0.001830202932587552,0,21,1.543,0.0003,0.0,3.2403,12,0.002939080875501627,0,33,1.3887,0.0003,0.0,3.819,13,0.03621115719118836,0,37,1.3373,0.0037,0.0,3.8061,8,0.0299107365159352,0,25,1.4813,0.0055,0.0,4.6291,86.6,1.19,94.3,1.51,40.5,-0.443,88.9,1.277,87.6,1.344,92.3,0.849,40.5,-0.316,79.4,0.801,91.5,1.586,96.9,1.849,44.8,-0.348,94.8,1.995,88.7,1.076,95.4,0.898,44.8,-0.301,90.7,1.279,82.5,0.697,77.3,-0.199,44.6,-0.337,78.1,0.372,84.0,0.77,75.5,-0.191,44.6,-0.265,59.3,0.157,84.8,1.032,77.3,-0.115,45.9,-0.296,84.5,1.01,84.0,0.826,73.7,-0.168,45.9,-0.239,75.8,0.617,86.3,1.235,96.9,3.094,44.1,-0.344,89.7,1.392,90.2,1.04,95.4,2.241,44.1,-0.269,79.4,0.699,82.7,0.91,97.9,1.633,44.3,-0.353,85.8,1.159,77.3,0.693,96.9,1.513,44.3,-0.298,77.3,0.743
e5xuwwa4qs6zxjd7y52tslih,Q. Timber,Feyenoord Rotterdam,Midfielder,17,0.01213590766617366,0,60,1.4227,0.001,0.0,5.0213,10,0.0058012057673137,0,33,1.5343,0.0009,0.0,5.0632,7,0.006334701898859961,0,27,1.2888,0.0012,0.0,4.9711,8,0.0048941627982839,0,20,1.4729,0.0009,0.0,3.6823,9,0.007241744867889761,0,40,1.0356,0.0008,0.0,4.6029,9,0.001440539100576061,0,35,1.657,0.0003,0.0,6.444,78.9,0.497,79.9,0.168,40.5,-0.443,82.7,0.965,71.6,0.598,77.6,0.084,40.5,-0.316,87.1,1.006,81.2,0.744,83.5,0.043,44.8,-0.348,85.1,1.068,78.4,0.729,82.7,-0.015,44.8,-0.301,86.1,1.014,74.0,0.212,84.0,0.283,44.6,-0.337,82.2,0.713,64.9,0.269,85.1,0.436,44.6,-0.265,82.0,0.883,77.6,0.383,82.0,0.0,45.9,-0.296,72.4,0.286,89.7,0.994,83.5,0.059,45.9,-0.239,71.6,0.553,79.1,0.565,86.6,0.324,44.1,-0.344,92.0,1.575,65.5,0.123,84.0,0.19,44.1,-0.269,89.7,1.091,90.7,1.251,72.7,-0.154,44.3,-0.353,97.9,2.131,86.1,1.204,71.6,-0.17,44.3,-0.298,93.3,1.598
e6x3hs6v8cq74ojgluyny72fo,T. Land,FC Groningen,Midfielder,18,0.002481279117777,1,54,1.2887,0.0002,0.0716,3.866,9,0.0012073497417882,1,29,1.1966,0.0002,0.133,3.8558,9,0.0012739293759888,0,25,1.3961,0.0002,0.0,3.878,3,0.0,0,14,1.3961,0.0,0.0,6.515,15,0.002481279117777,1,40,1.1634,0.0002,0.0776,3.1024,9,0.0,1,16,1.6753,0.0,0.1861,2.9783,80.2,0.584,59.3,-0.311,88.7,1.387,80.4,0.778,60.8,0.164,54.6,-0.299,86.1,0.54,67.5,0.403,78.6,0.576,68.0,-0.22,94.8,2.863,81.2,0.837,56.7,0.148,68.0,-0.202,92.8,1.528,67.0,0.489,79.6,0.536,75.3,-0.259,44.6,-0.337,81.2,0.6,73.2,0.48,72.9,-0.26,44.6,-0.265,72.2,0.424,42.8,-0.427,25.8,-0.289,45.9,-0.296,62.9,-0.048,85.3,0.841,30.7,-0.282,45.9,-0.239,95.4,1.865,92.3,1.57,76.8,-0.131,93.3,2.04,92.0,1.575,75.3,0.512,69.8,-0.234,90.2,0.565,66.0,0.352,90.7,1.251,23.2,-0.245,93.8,2.384,63.1,0.285,88.7,1.257,30.4,-0.267,92.3,1.678,51.0,-0.034
e8ppjprlbi0yiofmb7mj72wwk,R. Robbemond,Alkmaar Zaanstreek,Midfielder,2,0.0,0,3,1.8557,0.0,0.0,2.7835,0,0.0,0,0,0.0,0.0,0.0,0.0,2,0.0,0,3,1.8557,0.0,0.0,2.7835,2,0.0,0,3,1.8557,0.0,0.0,2.7835,0,0.0,0,0,0.0,0.0,0.0,0.0,2,0.0,0,3,1.8557,0.0,0.0,2.7835,18.8,-0.803,15.7,-0.434,40.5,-0.443,17.5,-0.809,95.1,1.999,22.7,-0.395,40.5,-0.316,42.0,-0.161,7.0,-0.939,22.7,-0.289,44.8,-0.348,12.6,-0.843,7.0,-1.913,28.6,-0.256,44.8,-0.301,12.6,-1.188,33.5,-0.596,24.5,-0.395,44.6,-0.337,30.4,-0.649,90.7,1.388,30.9,-0.399,44.6,-0.265,50.8,-0.035,34.8,-0.589,25.8,-0.289,45.9,-0.296,34.8,-0.661,96.9,1.758,30.7,-0.282,45.9,-0.239,53.1,0.137,3.4,-0.943,24.5,-0.368,44.1,-0.344,10.6,-0.861,3.4,-3.025,31.2,-0.375,44.1,-0.269,10.6,-1.174,18.8,-1.135,23.2,-0.245,44.3,-0.353,19.6,-0.977,93.6,1.781,30.4,-0.267,44.3,-0.298,46.6,-0.126
e9l5r0txzrjbenli05rn3k4wl,R. Sterling,Feyenoord Rotterdam,Midfielder,2,0.0,0,1,0.9278,0.0,0.0,0.4639,0,0.0,0,0,0.0,0.0,0.0,0.0,2,0.0,0,1,0.9278,0.0,0.0,0.4639,1,0.0,0,0,0.9278,0.0,0.0,0.0,1,0.0,0,1,0.9278,0.0,0.0,0.9278,2,0.0,0,1,0.9278,0.0,0.0,0.4639,18.8,-0.803,15.7,-0.434,40.5,-0.443,11.3,-0.871,14.7,-1.004,22.7,-0.395,40.5,-0.316,11.3,-1.37,7.0,-0.939,22.7,-0.289,44.8,-0.348,12.6,-0.843,7.0,-1.913,28.6,-0.256,44.8,-0.301,12.6,-1.188,33.5,-0.596,24.5,-0.395,44.6,-0.337,21.4,-0.763,24.7,-0.444,30.9,-0.399,44.6,-0.265,20.1,-1.008,24.2,-0.751,25.8,-0.289,45.9,-0.296,12.6,-0.828,29.9,-0.094,30.7,-0.282,45.9,-0.239,12.6,-1.151,18.6,-0.776,24.5,-0.368,44.1,-0.344,24.7,-0.8,28.6,-0.205,31.2,-0.375,44.1,-0.269,26.8,-0.718,18.8,-1.135,23.2,-0.245,44.3,-0.353,12.4,-1.171,16.8,-0.915,30.4,-0.267,44.3,-0.298,13.4,-1.218
ealh7n21gctxxw5ol3l3yxzze,Y. Leliendal,FC Volendam,Defender,40,0.02687320385960312,0,95,1.7759,0.0012,0.0,4.2177,21,0.02641207753222962,0,63,1.7799,0.0022,0.0,5.3398,19,0.0004611263273735,0,32,1.7714,0.0,0.0,2.9835,25,0.0008413923140202999,0,54,1.5539,0.0001,0.0,3.3564,15,0.02603181154558282,0,41,1.1654,0.002,0.0,3.1855,8,0.0,0,15,1.4917,0.0,0.0,2.797,95.5,1.737,86.7,0.6,42.3,-0.415,93.0,1.45,86.7,1.226,79.0,0.13,42.3,-0.336,72.7,0.532,95.5,1.77,93.0,0.911,46.9,-0.273,95.8,2.02,84.6,0.941,90.2,0.35,46.9,-0.224,85.3,1.036,92.0,1.501,55.2,-0.434,45.8,-0.297,76.2,0.603,83.2,0.868,25.5,-0.411,45.8,-0.258,47.6,-0.048,100.0,2.463,59.4,-0.247,45.5,-0.328,93.4,1.716,93.7,1.116,57.0,-0.23,45.5,-0.243,69.2,0.401,82.5,0.861,94.4,1.938,46.2,-0.302,87.1,0.952,58.0,0.052,92.7,0.476,46.2,-0.239,67.8,0.282,68.9,0.419,21.3,-0.405,46.5,-0.288,49.7,-0.165,64.3,0.171,29.7,-0.371,46.5,-0.282,42.7,-0.296
ecmzlwu35vg4y64kidte9v0no,M. Kleijn,Sparta Rotterdam,Defender,6,1.374920701012472e-05,0,6,1.4023,0.0,0.0,1.4023,5,0.0,0,2,1.5581,0.0,0.0,0.6232,1,1.374920701012472e-05,0,4,0.9348,0.0,0.0,3.7394,2,0.0,0,0,0.9348,0.0,0.0,0.0,4,1.374920701012472e-05,0,6,1.2465,0.0,0.0,1.8697,6,1.374920701012472e-05,0,6,1.4023,0.0,0.0,1.4023,25.2,-0.881,25.2,-0.448,42.3,-0.415,14.3,-0.986,53.8,-0.013,18.9,-0.413,42.3,-0.336,16.8,-1.052,37.4,-0.561,16.8,-0.305,46.9,-0.273,17.8,-0.962,71.3,0.456,22.7,-0.292,46.9,-0.224,16.1,-1.19,8.0,-1.094,40.6,-0.478,45.8,-0.297,22.7,-0.846,20.3,-0.784,25.5,-0.411,45.8,-0.258,65.7,0.327,19.6,-0.96,18.2,-0.285,45.5,-0.328,8.7,-1.063,29.4,-0.282,25.5,-0.26,45.5,-0.243,8.7,-1.204,31.8,-0.715,37.8,-0.495,46.2,-0.302,25.9,-0.745,68.5,0.342,25.9,-0.281,46.2,-0.239,35.7,-0.438,40.2,-0.29,44.1,-0.404,46.5,-0.288,17.5,-0.941,52.4,-0.05,29.7,-0.371,46.5,-0.282,16.1,-0.921
ecqjg6wtntf1guejvm10redck,G. Read,Feyenoord Rotterdam,Defender,12,0.0003007736857753119,0,24,1.2371,0.0,0.0,2.4742,8,0.0003007736857753119,0,22,1.4845,0.0001,0.0,4.0825,4,0.0,0,2,0.9278,0.0,0.0,0.4639,4,0.0,0,8,0.9278,0.0,0.0,1.8557,8,0.0003007736857753119,0,16,1.2371,0.0,0.0,2.4742,5,0.0002300533953099,0,8,0.9278,0.0,0.0,1.4845,45.8,-0.419,34.3,-0.437,42.3,-0.415,42.3,-0.493,32.9,-0.561,18.9,-0.413,42.3,-0.336,30.1,-0.449,53.8,-0.124,50.3,-0.291,46.9,-0.273,58.4,0.016,61.5,0.295,52.4,-0.262,46.9,-0.224,65.7,0.443,35.0,-0.661,19.2,-0.479,45.8,-0.297,16.4,-0.949,14.7,-0.798,25.5,-0.411,45.8,-0.258,14.0,-1.3,35.7,-0.662,18.2,-0.285,45.5,-0.328,34.6,-0.651,22.4,-0.298,25.5,-0.26,45.5,-0.243,38.5,-0.317,51.4,-0.142,50.3,-0.468,46.2,-0.302,50.7,-0.26,65.0,0.308,25.9,-0.281,46.2,-0.239,49.7,-0.107,23.8,-0.644,57.3,-0.384,46.5,-0.288,21.7,-0.768,7.0,-1.222,29.7,-0.371,46.5,-0.282,17.5,-0.884
egcs7b6ixb62ep08t7jznf9ih,V. Jensen,FC Utrecht,Midfielder,4,0.0045012774646203,0,21,1.2451,0.0014,0.0,6.537,1,0.0,0,0,0.9339,0.0,0.0,0.0,3,0.0045012774646203,0,21,1.4008,0.0021,0.0,9.8054,1,0.0,0,5,0.9339,0.0,0.0,4.6693,3,0.0045012774646203,0,16,1.4008,0.0021,0.0,7.4708,4,0.0045012774646203,0,21,1.2451,0.0014,0.0,6.537,34.8,-0.629,67.0,-0.211,40.5,-0.443,55.4,-0.249,58.2,0.023,82.0,0.275,40.5,-0.316,96.4,1.796,21.9,-0.77,22.7,-0.289,44.8,-0.348,12.6,-0.843,41.8,-0.304,28.6,-0.256,44.8,-0.301,12.6,-1.188,45.4,-0.434,82.0,0.086,44.6,-0.337,78.1,0.372,74.7,0.49,91.5,1.063,44.6,-0.265,99.5,2.91,24.2,-0.751,25.8,-0.289,45.9,-0.296,41.5,-0.549,43.8,-0.082,30.7,-0.282,45.9,-0.239,87.6,1.01,44.1,-0.441,82.0,0.062,44.1,-0.344,68.0,0.114,95.4,1.233,93.6,1.11,44.1,-0.269,97.4,2.502,34.8,-0.453,84.0,0.038,44.3,-0.353,75.3,0.771,55.7,0.007,88.1,0.186,44.3,-0.298,95.4,1.642
ei9h1loyggj8fnf1q4jfdm710,T. van Bergen,FC Groningen,Forward,6,0.0012691833161952,0,6,1.3963,0.0003,0.0,1.3963,2,0.0012691833161952,0,5,1.8617,0.0012,0.0,4.6543,4,0.0,0,1,1.2411,0.0,0.0,0.3103,2,0.0012691833161952,0,4,0.9309,0.0006,0.0,1.8617,4,0.0,0,2,1.2411,0.0,0.0,0.6206,6,0.0012691833161952,0,6,1.3963,0.0003,0.0,1.3963,78.8,0.228,66.1,-0.331,44.1,-0.374,43.2,-0.43,91.5,1.364,67.8,-0.316,44.1,-0.34,35.6,-0.608,62.7,-0.104,84.7,0.014,49.2,-0.186,59.3,-0.063,98.3,1.955,94.9,1.304,49.2,-0.186,86.4,0.954,83.9,0.513,30.5,-0.376,45.8,-0.316,35.6,-0.639,84.7,0.707,34.7,-0.39,45.8,-0.258,32.2,-0.81,60.2,-0.125,81.4,-0.169,47.5,-0.267,61.0,-0.234,63.6,0.436,81.4,-0.053,47.5,-0.225,66.1,-0.048,84.7,0.664,33.1,-0.368,46.6,-0.302,46.6,-0.522,94.9,0.985,33.9,-0.391,46.6,-0.282,37.3,-0.634,87.3,1.147,72.9,-0.212,46.6,-0.302,48.3,-0.324,91.5,1.241,73.7,-0.249,46.6,-0.291,37.3,-0.584
ekur9x1kzp8wq0lwfwev0b0bu,K. de Rooij,PEC Zwolle,Midfielder,6,0.001015249100153,1,18,1.1246,0.0002,0.1874,3.3739,4,0.001015249100153,0,10,1.2496,0.0003,0.0,3.124,2,0.0,1,8,0.9372,0.0,0.4686,3.7488,1,0.0,0,5,0.9372,0.0,0.0,4.686,5,0.001015249100153,1,13,1.1715,0.0002,0.2343,3.0459,6,0.001015249100153,1,18,1.1246,0.0002,0.1874,3.3739,43.6,-0.456,53.1,-0.384,88.7,1.387,51.5,-0.342,45.4,-0.367,54.6,-0.299,97.4,1.924,56.7,0.147,53.1,-0.265,67.5,-0.231,44.8,-0.348,54.1,-0.264,62.9,0.239,72.4,-0.176,44.8,-0.301,55.2,0.171,33.5,-0.596,24.5,-0.395,93.6,2.178,48.7,-0.365,40.7,-0.426,30.9,-0.399,99.0,4.526,70.1,0.37,24.2,-0.751,25.8,-0.289,45.9,-0.296,41.5,-0.549,48.5,-0.075,30.7,-0.282,45.9,-0.239,88.1,1.018,62.4,-0.105,68.6,-0.271,93.3,2.04,62.6,-0.069,78.9,0.536,69.8,-0.234,96.4,2.249,64.9,0.325,55.7,0.228,69.6,-0.181,93.8,2.384,69.1,0.48,50.5,-0.343,68.3,-0.202,97.7,1.692,58.8,0.152
ely6vpyueden4b6ozfmspwgk5,J. Toornstra,Sparta Rotterdam,Midfielder,9,0.000110075855504,0,11,1.663,0.0,0.0,2.0326,6,0.000110075855504,0,8,2.7717,0.0001,0.0,3.6957,3,0.0,0,3,0.9239,0.0,0.0,0.9239,6,0.0,0,3,1.3859,0.0,0.0,0.6929,3,0.000110075855504,0,8,1.3859,0.0001,0.0,3.6957,9,0.000110075855504,0,11,1.663,0.0,0.0,2.0326,55.2,-0.196,38.7,-0.429,40.5,-0.443,41.0,-0.56,88.1,1.376,22.7,-0.395,40.5,-0.316,27.8,-0.553,67.8,0.071,52.1,-0.283,44.8,-0.348,49.2,-0.38,99.5,2.86,61.6,-0.229,44.8,-0.301,62.4,0.42,45.4,-0.434,24.5,-0.395,44.6,-0.337,30.4,-0.649,19.1,-0.452,30.9,-0.399,44.6,-0.265,23.7,-0.815,67.0,0.059,25.8,-0.289,45.9,-0.296,34.8,-0.661,83.0,0.82,30.7,-0.282,45.9,-0.239,28.9,-0.83,44.1,-0.441,56.2,-0.358,44.1,-0.344,49.5,-0.374,92.8,1.188,64.9,-0.305,44.1,-0.269,75.3,0.644,90.7,1.251,55.2,-0.238,44.3,-0.353,52.3,-0.2,87.1,1.221,30.4,-0.267,44.3,-0.298,35.6,-0.479
emglxnqrlqskt8krglv7sziwa,R. Pepi,PSV Eindhoven,Forward,3,0.0006280204749236,0,10,0.9364,0.0002,0.0,3.1212,2,0.0006280204749236,0,9,0.9364,0.0003,0.0,4.2137,1,0.0,0,1,0.9364,0.0,0.0,0.9364,1,0.0,0,1,0.9364,0.0,0.0,0.9364,2,0.0006280204749236,0,9,0.9364,0.0003,0.0,4.2137,3,0.0006280204749236,0,10,0.9364,0.0002,0.0,3.1212,50.8,-0.348,59.3,-0.405,44.1,-0.374,63.6,-0.139,62.7,-0.49,60.2,-0.386,44.1,-0.34,61.0,0.179,62.7,-0.104,79.7,-0.161,49.2,-0.186,77.1,0.484,76.3,0.314,78.8,0.031,49.2,-0.186,83.1,0.794,33.9,-0.519,30.5,-0.376,45.8,-0.316,35.6,-0.639,72.9,0.153,34.7,-0.39,45.8,-0.258,44.1,-0.548,39.0,-0.431,33.1,-0.344,47.5,-0.267,45.8,-0.528,81.4,0.448,34.7,-0.406,47.5,-0.225,50.8,-0.413,55.9,-0.169,78.0,-0.225,46.6,-0.302,73.7,0.514,83.1,0.234,80.5,-0.113,46.6,-0.282,83.1,1.042,50.8,-0.198,64.4,-0.337,46.6,-0.302,66.9,0.179,66.1,-0.473,66.1,-0.321,46.6,-0.291,62.7,0.17
enimk3ibb10vk3f8vrmmhq7oq,S. El Karouani,FC Utrecht,Defender,34,0.008640738831650754,2,97,1.7363,0.0004,0.1021,4.9534,17,0.003918973598907794,0,51,1.5626,0.0004,0.0,4.6879,17,0.00472176523274296,2,46,1.9533,0.0005,0.2298,5.2854,19,0.006575950850732055,1,55,1.3434,0.0005,0.0707,3.8889,15,0.0020647879809187,1,42,1.3788,0.0002,0.0919,3.8606,9,0.0,1,24,1.6546,0.0,0.1838,4.4121,87.4,1.275,67.8,-0.111,99.3,4.149,94.4,1.505,83.2,1.095,62.2,-0.232,96.5,2.096,84.6,0.946,86.7,1.187,72.0,-0.124,46.9,-0.273,90.6,1.434,72.0,0.465,69.2,-0.175,46.9,-0.224,77.6,0.728,85.0,1.213,75.5,-0.015,99.3,5.005,89.2,1.327,94.4,1.227,72.7,-0.098,97.9,3.697,87.4,1.095,93.4,1.57,83.9,0.018,95.5,3.025,94.8,1.767,76.9,0.641,77.3,-0.11,93.7,1.241,80.4,0.655,82.5,0.861,66.4,-0.303,96.2,3.292,88.1,1.0,83.6,0.814,65.4,-0.205,96.5,1.919,77.6,0.652,80.1,0.773,21.3,-0.405,96.5,3.452,77.3,0.61,73.4,0.573,29.7,-0.371,93.0,3.066,72.0,0.427
eoodvdqfvhql03i8kv9l14qvo,T. Kraaijeveld,Feyenoord Rotterdam,Defender,10,0.0001426340629048594,0,23,1.3337,0.0,0.0,3.0676,5,0.0,0,6,1.556,0.0,0.0,1.8672,5,0.0001426340629048594,0,17,1.167,0.0,0.0,3.9678,8,0.0001426340629048594,0,12,1.4938,0.0,0.0,2.2407,2,0.0,0,11,0.9336,0.0,0.0,5.1349,8,1.562603777235938e-05,0,10,1.4938,0.0,0.0,1.8672,40.2,-0.573,28.7,-0.443,42.3,-0.415,40.2,-0.521,44.8,-0.241,18.9,-0.413,42.3,-0.336,49.7,-0.115,37.4,-0.561,16.8,-0.305,46.9,-0.273,30.8,-0.766,70.6,0.451,22.7,-0.292,46.9,-0.224,31.5,-0.603,44.1,-0.517,46.9,-0.465,45.8,-0.297,54.5,-0.173,32.9,-0.326,25.5,-0.411,45.8,-0.258,69.2,0.441,54.5,-0.067,45.5,-0.279,45.5,-0.328,44.1,-0.446,93.0,0.98,25.5,-0.26,45.5,-0.243,48.3,-0.133,16.1,-1.002,18.2,-0.496,46.2,-0.302,37.8,-0.502,22.4,-0.775,25.9,-0.281,46.2,-0.239,93.0,1.35,68.9,0.419,44.8,-0.404,46.5,-0.288,31.1,-0.596,65.0,0.176,29.7,-0.371,46.5,-0.282,25.9,-0.713
es363spp9pgd4hralx6ni2xw4,M. Chávez,Alkmaar Zaanstreek,Defender,13,0.0002468997779136,0,11,1.3444,0.0,0.0,1.1375,9,0.0002468997779136,0,9,1.3961,0.0,0.0,1.3961,4,0.0,0,2,1.241,0.0,0.0,0.6205,6,0.0002468997779136,0,7,1.1169,0.0,0.0,1.303,7,0.0,0,4,1.303,0.0,0.0,0.7446,6,0.0002468997779136,0,8,1.1169,0.0,0.0,1.4891,49.3,-0.342,30.8,-0.439,42.3,-0.415,24.1,-0.849,46.9,-0.205,18.9,-0.413,42.3,-0.336,11.9,-1.201,58.0,0.021,46.2,-0.293,46.9,-0.273,37.1,-0.619,49.7,0.101,22.7,-0.292,46.9,-0.224,22.4,-0.825,35.0,-0.661,19.2,-0.479,45.8,-0.297,16.4,-0.949,41.3,-0.18,25.5,-0.411,45.8,-0.258,14.7,-1.222,45.5,-0.364,48.3,-0.274,45.5,-0.328,31.8,-0.703,51.0,0.129,25.5,-0.26,45.5,-0.243,28.0,-0.581,46.2,-0.286,18.2,-0.496,46.2,-0.302,19.6,-0.842,74.8,0.543,25.9,-0.281,46.2,-0.239,13.3,-1.054,40.2,-0.29,58.0,-0.382,46.5,-0.288,21.7,-0.768,26.6,-0.755,29.7,-0.371,46.5,-0.282,18.9,-0.882
eu6pfkiah7otafyryg6ll7y09,L. Brouwers,SC Heerenveen,Midfielder,14,0.01588883470363524,0,28,1.2955,0.0015,0.0,2.591,7,0.01579916043683043,0,22,1.6194,0.0037,0.0,5.0896,7,8.967426680481227e-05,0,6,1.0796,0.0,0.0,0.9254,7,0.01355331500452553,0,13,1.2955,0.0025,0.0,2.406,7,0.002335519699109712,0,15,0.9254,0.0003,0.0,1.9829,6,7.51624949840296e-05,0,5,1.1104,0.0,0.0,0.9254,72.9,0.237,83.5,0.355,40.5,-0.443,65.2,-0.031,62.4,0.186,83.5,0.323,40.5,-0.316,38.7,-0.261,71.1,0.239,93.3,0.616,44.8,-0.348,75.8,0.431,83.5,0.876,93.8,0.737,44.8,-0.301,86.6,1.026,74.0,0.212,57.7,-0.385,44.6,-0.337,41.2,-0.479,49.5,-0.145,30.9,-0.399,44.6,-0.265,24.2,-0.814,73.7,0.221,89.7,0.512,45.9,-0.296,60.8,-0.104,77.8,0.64,92.3,0.666,45.9,-0.239,49.0,-0.037,73.2,0.23,76.3,-0.145,44.1,-0.344,66.8,0.053,22.4,-0.212,74.5,-0.163,44.1,-0.269,44.3,-0.198,55.7,0.228,52.1,-0.24,44.3,-0.353,26.3,-0.783,41.2,-0.385,30.4,-0.267,44.3,-0.298,16.0,-1.001
eu901b75l2ly5p48jdw6kwmad,M. Amevor,FC Volendam,Defender,36,0.00527134458493107,0,65,1.5296,0.0002,0.0,2.7618,17,0.00527134458493107,0,24,1.4446,0.0004,0.0,2.0395,19,0.0,0,41,1.6146,0.0,0.0,3.4841,15,0.0,0,26,1.2747,0.0,0.0,2.2094,21,0.00527134458493107,0,39,1.3087,0.0003,0.0,2.4304,8,0.0051464680525662,0,15,1.4956,0.001,0.0,2.8043,90.6,1.429,60.8,-0.243,42.3,-0.415,73.1,0.629,66.4,0.409,49.3,-0.323,42.3,-0.336,37.8,-0.287,86.7,1.187,75.5,-0.062,46.9,-0.273,61.2,0.114,56.3,0.207,69.2,-0.175,46.9,-0.224,35.7,-0.521,92.0,1.501,19.2,-0.479,45.8,-0.297,83.9,1.069,71.3,0.558,25.5,-0.411,45.8,-0.258,58.7,0.2,79.7,0.975,18.2,-0.285,45.5,-0.328,66.1,0.275,71.3,0.486,25.5,-0.26,45.5,-0.243,46.2,-0.148,93.0,1.72,75.5,-0.003,46.2,-0.302,85.3,0.855,76.2,0.564,69.2,-0.167,46.2,-0.239,49.0,-0.131,68.9,0.419,82.5,0.077,46.5,-0.288,49.7,-0.165,66.4,0.18,82.9,0.037,46.5,-0.282,43.4,-0.293
ewwo2c7kw1b1okrngjl4j4dm1,S. Lammers,FC Twente,Forward,1,0.0,0,0,0.9363,0.0,0.0,0.0,0,0.0,0,0,0.0,0.0,0.0,0.0,1,0.0,0,0,0.9363,0.0,0.0,0.0,1,0.0,0,0,0.9363,0.0,0.0,0.0,0,0.0,0,0,0.0,0.0,0.0,0.0,1,0.0,0,0,0.9363,0.0,0.0,0.0,13.6,-0.732,22.0,-0.478,44.1,-0.374,6.8,-0.866,61.0,-0.491,24.6,-0.526,44.1,-0.34,6.8,-1.246,16.1,-0.786,33.9,-0.333,49.2,-0.186,23.7,-0.745,16.1,-1.346,34.7,-0.393,49.2,-0.186,23.7,-0.733,33.9,-0.519,30.5,-0.376,45.8,-0.316,16.1,-0.756,71.2,0.153,34.7,-0.39,45.8,-0.258,16.1,-0.94,39.0,-0.431,33.1,-0.344,47.5,-0.267,22.9,-0.626,79.7,0.448,34.7,-0.406,47.5,-0.225,22.9,-0.782,8.5,-1.003,33.1,-0.368,46.6,-0.302,15.3,-0.818,8.5,-2.074,33.9,-0.391,46.6,-0.282,15.3,-0.923,13.6,-1.094,25.4,-0.459,46.6,-0.302,6.8,-1.077,64.4,-0.473,27.1,-0.464,46.6,-0.291,6.8,-1.194
eytcfp4cu6qkar65kf0p5rm96,J. Dirksen,Go Ahead Eagles,Goalkeeper,16,0.002036864923480191,0,54,1.3652,0.0002,0.0,4.6076,8,0.002036864923480191,0,43,1.2514,0.0003,0.0,6.7265,8,0.0,0,11,1.5017,0.0,0.0,2.0649,7,0.000369790829351491,0,28,1.314,0.0001,0.0,5.2561,9,0.0016670740941287,0,26,1.2068,0.0002,0.0,3.4862,8,0.000369790829351491,0,40,1.5017,0.0001,0.0,7.5087,54.5,-0.157,54.5,-0.655,40.9,-0.584,54.5,0.088,54.5,0.038,54.5,-0.614,40.9,-0.369,54.5,0.065,54.5,-0.201,63.6,-0.532,45.5,-0.449,63.6,0.374,54.5,-0.23,63.6,-0.492,45.5,-0.446,72.7,0.49,54.5,-0.102,31.8,-0.502,50.0,-0.302,54.5,-0.34,63.6,0.598,40.9,-0.484,50.0,-0.302,45.5,0.03,54.5,-0.329,54.5,-0.648,54.5,0.0,54.5,-0.176,72.7,0.617,54.5,-0.596,54.5,0.0,72.7,0.268,54.5,0.092,72.7,-0.267,40.9,-0.584,63.6,0.603,81.8,0.59,77.3,-0.217,40.9,-0.36,100.0,1.334,68.2,0.562,72.7,-0.389,50.0,-0.302,100.0,1.425,81.8,0.315,72.7,-0.386,50.0,-0.302,90.9,0.869
eyzcfyn1crjcgmm98uk9u8oyy,É. Michut,Fortuna Sittard,Midfielder,31,0.05050524345328302,1,91,1.6824,0.0027,0.0543,4.9386,14,0.003101322079420122,1,37,1.4352,0.0003,0.1025,3.7929,17,0.0474039213738629,0,54,1.9605,0.0055,0.0,6.2276,17,0.0484103576896258,1,53,1.307,0.0037,0.0769,4.0748,14,0.002094885763657222,0,38,1.1742,0.0002,0.0,3.1872,8,0.0,0,21,1.4762,0.0,0.0,3.8749,93.0,1.71,95.4,2.073,88.7,1.387,94.3,1.93,89.7,1.438,92.8,0.896,83.5,0.333,85.6,0.962,89.4,1.418,76.3,-0.112,94.8,2.863,89.7,1.3,73.2,0.559,72.4,-0.176,91.2,1.109,66.0,0.462,94.1,1.829,99.0,4.674,44.6,-0.337,96.9,2.246,95.9,1.595,98.5,3.43,44.6,-0.265,92.3,1.41,94.6,1.842,98.5,2.574,95.4,2.726,95.1,2.124,79.4,0.663,94.8,1.12,93.8,1.069,78.9,0.735,89.2,1.403,72.2,-0.168,44.1,-0.344,90.5,1.453,79.4,0.544,69.8,-0.234,44.1,-0.269,68.0,0.394,82.7,0.91,23.2,-0.245,44.3,-0.353,75.3,0.771,75.3,0.678,30.4,-0.267,44.3,-0.298,64.9,0.388
f07qmqesi1rpw7eapoz9rb0gk,J. Baas,Sparta Rotterdam,Midfielder,20,0.007697252230272246,0,51,1.4242,0.0005,0.0,3.6318,13,0.007697252230272246,0,36,1.7193,0.001,0.0,4.7611,7,0.0,0,15,1.0801,0.0,0.0,2.3144,6,0.0005791140389559001,0,19,1.1109,0.0001,0.0,3.5179,14,0.007118138191316347,0,32,1.4401,0.0007,0.0,3.2916,8,0.007118138191316347,0,25,1.4812,0.0013,0.0,4.6288,82.0,0.757,74.2,-0.052,40.5,-0.443,79.9,0.685,72.2,0.603,67.0,-0.156,40.5,-0.316,61.3,0.281,87.1,1.249,87.1,0.152,44.8,-0.348,87.9,1.242,88.1,1.048,84.0,0.012,44.8,-0.301,82.0,0.883,74.0,0.212,24.5,-0.395,44.6,-0.337,68.0,0.032,50.0,-0.144,30.9,-0.399,44.6,-0.265,46.4,-0.232,67.0,0.059,67.0,-0.255,45.9,-0.296,70.1,0.231,60.3,0.271,65.5,-0.244,45.9,-0.239,69.1,0.477,89.2,1.403,86.1,0.312,44.1,-0.344,86.9,1.088,96.4,1.353,82.7,0.12,44.1,-0.269,72.2,0.445,82.7,0.91,89.2,0.202,44.3,-0.353,85.8,1.159,76.8,0.693,86.6,0.154,44.3,-0.298,76.8,0.743
f2snk84xy67ergwrwoblgt2ad,T. Bruns,Heracles Almelo,Midfielder,8,0.0198427300226527,1,25,1.4967,0.0037,0.1871,4.6771,5,0.0198427300226527,1,23,1.559,0.0062,0.3118,7.1715,3,0.0,0,2,1.4031,0.0,0.0,0.9354,5,0.0198427300226527,0,20,1.559,0.0062,0.0,6.2361,3,0.0,1,5,0.9354,0.0,0.3118,1.559,8,0.0198427300226527,1,25,1.4967,0.0037,0.1871,4.6771,50.8,-0.283,87.1,0.551,88.7,1.387,60.6,-0.124,79.4,0.837,96.4,1.374,96.9,1.92,82.0,0.826,62.4,-0.097,93.8,0.848,94.8,2.863,76.8,0.489,80.9,0.772,96.9,1.408,99.0,3.986,96.4,1.931,45.4,-0.434,24.5,-0.395,44.6,-0.337,25.5,-0.706,75.3,0.494,30.9,-0.399,44.6,-0.265,27.8,-0.81,58.8,-0.103,92.8,0.884,45.9,-0.296,72.4,0.286,92.8,1.166,97.9,2.068,45.9,-0.239,94.3,1.735,44.1,-0.441,24.5,-0.368,93.3,2.04,39.7,-0.556,49.0,-0.182,31.2,-0.375,99.0,3.082,37.6,-0.407,82.7,0.91,96.9,1.001,93.8,2.384,85.8,1.159,82.5,0.738,95.4,0.93,96.6,1.689,80.4,0.766
f314a9y83ou7l9imhnbp4f6dw,S. Middendorp,SBV Excelsior,Midfielder,3,0.0002051386524621,0,2,0.9278,0.0001,0.0,0.6186,2,0.0002051386524621,0,1,0.9278,0.0001,0.0,0.4639,1,0.0,0,1,0.9278,0.0,0.0,0.9278,1,0.0,0,1,0.9278,0.0,0.0,0.9278,2,0.0002051386524621,0,1,0.9278,0.0001,0.0,0.4639,3,0.0002051386524621,0,2,0.9278,0.0001,0.0,0.6186,28.4,-0.716,41.2,-0.424,40.5,-0.443,14.4,-0.84,14.7,-1.004,48.5,-0.347,40.5,-0.316,12.9,-1.29,35.3,-0.602,56.2,-0.278,44.8,-0.348,27.8,-0.785,27.8,-0.315,61.6,-0.229,44.8,-0.301,26.3,-0.986,17.5,-0.757,24.5,-0.395,44.6,-0.337,21.4,-0.763,24.7,-0.444,30.9,-0.399,44.6,-0.265,25.5,-0.813,24.2,-0.751,25.8,-0.289,45.9,-0.296,26.3,-0.772,29.9,-0.094,30.7,-0.282,45.9,-0.239,32.2,-0.721,35.8,-0.608,60.3,-0.349,44.1,-0.344,24.7,-0.8,28.6,-0.205,64.9,-0.305,44.1,-0.269,22.7,-0.946,28.4,-0.794,60.3,-0.232,44.3,-0.353,16.2,-1.074,16.8,-0.915,63.7,-0.234,44.3,-0.298,14.4,-1.145
f3saw9c9wzs4qda0rtkv9gidw,R. Ichihara,Alkmaar Zaanstreek,Defender,2,0.0311708470185612,0,9,0.9574,0.0149,0.0,4.3085,0,0.0,0,0,0.0,0.0,0.0,0.0,2,0.0311708470185612,0,9,0.9574,0.0149,0.0,4.3085,0,0.0,0,0,0.0,0.0,0.0,0.0,2,0.0311708470185612,0,9,0.9574,0.0149,0.0,4.3085,2,0.0311708470185612,0,9,0.9574,0.0149,0.0,4.3085,6.6,-1.189,90.9,0.768,42.3,-0.415,20.3,-0.904,10.1,-1.489,99.3,6.328,42.3,-0.336,74.8,0.583,2.4,-1.29,16.8,-0.305,46.9,-0.273,6.6,-1.059,2.4,-2.952,22.7,-0.292,46.9,-0.224,6.6,-1.484,15.7,-0.95,96.5,2.584,45.8,-0.297,34.6,-0.587,25.9,-0.74,100.0,8.925,45.8,-0.258,75.5,0.61,5.9,-1.257,18.2,-0.285,45.5,-0.328,8.7,-1.063,5.9,-2.393,25.5,-0.26,45.5,-0.243,8.7,-1.204,16.1,-1.002,95.8,2.419,46.2,-0.302,33.9,-0.599,36.0,-0.69,99.3,5.36,46.2,-0.239,87.4,0.897,6.6,-1.707,97.2,2.517,46.5,-0.288,26.2,-0.682,16.4,-1.148,99.3,5.698,46.5,-0.282,70.6,0.381
f4liap69r76gyc8pnxsergbqi,T. de Jonge,FC Groningen,Midfielder,25,0.024682286080628,1,80,1.4591,0.0014,0.0584,4.6691,12,0.0109828789964081,0,39,1.4007,0.0013,0.0,4.5523,13,0.0136994070842199,1,41,1.5174,0.0016,0.1167,4.7858,13,0.0245209771964569,1,49,1.1036,0.0021,0.0849,4.1597,12,0.0001613088841711,0,31,1.2451,0.0,0.0,3.2165,8,0.0,0,23,1.4941,0.0,0.0,4.2955,86.6,1.19,90.2,0.791,88.7,1.387,92.5,1.588,77.3,0.716,82.0,0.275,85.1,0.382,81.4,0.822,85.3,1.081,90.2,0.34,44.8,-0.348,91.5,1.416,70.6,0.499,86.6,0.093,44.8,-0.301,74.2,0.792,88.1,1.182,90.2,1.07,93.6,2.178,91.0,1.508,82.0,0.72,88.7,0.715,93.8,0.928,80.4,0.805,86.9,1.194,94.8,1.161,95.4,2.726,93.8,1.901,59.8,0.257,89.7,0.514,94.8,1.205,80.4,0.774,84.3,1.068,58.8,-0.353,44.1,-0.344,84.8,1.027,86.1,0.76,31.2,-0.375,44.1,-0.269,69.1,0.408,82.7,0.91,23.2,-0.245,44.3,-0.353,80.4,0.965,82.0,0.73,30.4,-0.267,44.3,-0.298,72.7,0.586
f57vs3qmmob743hdk2dxf56cq,S. Sambo,Sparta Rotterdam,Defender,19,0.0073726423120859,0,15,1.3589,0.0005,0.0,1.0728,13,0.0073726423120859,0,15,1.5108,0.0009,0.0,1.7433,6,0.0,0,0,1.1157,0.0,0.0,0.0,11,0.0073726423120859,0,8,1.0227,0.0007,0.0,0.7438,8,0.0,0,7,1.2397,0.0,0.0,1.0847,10,0.0,0,10,1.8595,0.0,0.0,1.8595,59.1,0.12,66.4,-0.161,42.3,-0.415,30.4,-0.739,47.6,-0.157,66.4,-0.187,42.3,-0.336,11.2,-1.237,71.3,0.604,81.8,0.035,46.9,-0.273,46.9,-0.326,64.3,0.352,82.9,-0.029,46.9,-0.224,28.0,-0.661,49.7,-0.373,19.2,-0.479,45.8,-0.297,5.9,-1.053,29.4,-0.427,25.5,-0.411,45.8,-0.258,5.9,-1.531,64.3,0.38,84.6,0.055,45.5,-0.328,34.6,-0.651,39.2,-0.083,83.2,-0.05,45.5,-0.243,21.0,-0.849,51.4,-0.142,18.2,-0.496,46.2,-0.302,28.3,-0.696,66.4,0.317,25.9,-0.281,46.2,-0.239,19.6,-0.868,86.4,1.127,21.3,-0.405,46.5,-0.288,31.1,-0.596,83.2,1.079,29.7,-0.371,46.5,-0.282,25.2,-0.716
f593mnttzie8gicqlig2zvzvu,A. van Axel Dongen,SC Heerenveen,Midfielder,1,0.0,0,0,0.9157,0.0,0.0,0.0,1,0.0,0,0,0.9157,0.0,0.0,0.0,0,0.0,0,0,0.0,0.0,0.0,0.0,0,0.0,0,0,0.0,0.0,0.0,0.0,1,0.0,0,0,0.9157,0.0,0.0,0.0,1,0.0,0,0,0.9157,0.0,0.0,0.0,6.7,-0.889,15.7,-0.434,40.5,-0.443,4.9,-0.903,2.6,-1.043,22.7,-0.395,40.5,-0.316,4.9,-1.612,21.9,-0.77,22.7,-0.289,44.8,-0.348,12.6,-0.843,14.4,-0.336,28.6,-0.256,44.8,-0.301,12.6,-1.188,4.1,-0.919,24.5,-0.395,44.6,-0.337,9.5,-0.82,4.1,-2.276,30.9,-0.399,44.6,-0.265,9.5,-1.203,8.2,-0.913,25.8,-0.289,45.9,-0.296,12.6,-0.828,8.2,-1.945,30.7,-0.282,45.9,-0.239,12.6,-1.151,18.6,-0.776,24.5,-0.368,44.1,-0.344,10.6,-0.861,9.3,-0.241,31.2,-0.375,44.1,-0.269,10.6,-1.174,6.7,-1.476,23.2,-0.245,44.3,-0.353,5.2,-1.269,2.6,-0.95,30.4,-0.267,44.3,-0.298,5.2,-1.436
f5pgdha5h37xytbk1zq8q710,D. Koswal,SC Telstar,Defender,8,0.0,0,7,1.4827,0.0,0.0,1.2974,4,0.0,0,6,1.8534,0.0,0.0,2.7801,4,0.0,0,1,1.2356,0.0,0.0,0.3089,3,0.0,0,1,1.39,0.0,0.0,0.4633,5,0.0,0,6,1.5445,0.0,0.0,1.8534,8,0.0,0,7,1.4827,0.0,0.0,1.2974,32.5,-0.727,12.2,-0.449,42.3,-0.415,15.7,-0.958,62.9,0.254,18.9,-0.413,42.3,-0.336,14.7,-1.111,29.7,-0.707,16.8,-0.305,46.9,-0.273,30.8,-0.766,87.4,1.101,22.7,-0.292,46.9,-0.224,42.0,-0.172,35.0,-0.661,19.2,-0.479,45.8,-0.297,13.6,-1.001,39.2,-0.19,25.5,-0.411,45.8,-0.258,11.9,-1.377,28.3,-0.811,18.2,-0.285,45.5,-0.328,17.8,-1.012,86.0,0.746,25.5,-0.26,45.5,-0.243,17.5,-0.983,37.8,-0.572,18.2,-0.496,46.2,-0.302,25.9,-0.745,93.0,1.405,25.9,-0.281,46.2,-0.239,34.3,-0.447,68.9,0.419,21.3,-0.405,46.5,-0.288,19.2,-0.854,60.5,0.149,29.7,-0.371,46.5,-0.282,15.4,-0.968
idvh0ac1f8wv39640pyl4esp,S. Kersten,SC Heerenveen,Defender,28,0.01499835042154044,1,59,1.4405,0.0008,0.0514,3.0354,10,0.0,1,13,1.3229,0.0,0.1323,1.7198,18,0.01499835042154044,0,46,1.5153,0.0013,0.0,3.8726,17,1.851821057553826e-05,1,26,1.3119,0.0,0.0772,2.0064,11,0.0149798322109649,0,33,1.1318,0.0015,0.0,3.3955,7,0.0149798322109649,0,23,1.2965,0.0028,0.0,4.2598,78.7,0.813,76.9,0.137,91.3,1.867,68.9,0.465,59.4,0.114,73.1,-0.051,89.5,0.888,46.9,-0.133,60.8,0.167,16.8,-0.305,96.9,3.634,42.7,-0.424,43.4,-0.059,22.7,-0.292,97.2,2.296,27.3,-0.672,88.8,1.357,88.1,0.995,45.8,-0.297,89.2,1.327,66.4,0.362,83.2,0.404,45.8,-0.258,68.5,0.393,89.9,1.273,37.1,-0.285,95.5,3.025,66.1,0.275,72.7,0.57,25.5,-0.26,95.1,1.378,42.0,-0.245,67.1,0.288,87.4,0.905,46.2,-0.302,78.3,0.564,51.7,-0.068,86.0,0.287,46.2,-0.239,70.6,0.397,54.9,0.064,89.5,0.999,46.5,-0.288,73.4,0.524,45.5,-0.311,89.5,0.77,46.5,-0.282,69.2,0.359
lduqoe45t2fnbn9s9rbvlnf9,R. Pröpper,FC Twente,Defender,17,0.0036071714543142,0,39,1.4387,0.0003,0.0,3.3005,8,0.0003621311427136,0,11,1.2412,0.0001,0.0,1.7067,9,0.0032450403116006,0,28,1.6757,0.0006,0.0,5.2132,5,0.0003621311427136,0,9,0.9309,0.0001,0.0,1.6757,12,0.0032450403116006,0,30,1.2412,0.0003,0.0,3.1031,6,0.0018455080609342,0,15,1.1171,0.0003,0.0,2.7928,55.9,-0.034,54.5,-0.308,42.3,-0.415,55.6,-0.083,58.7,0.108,55.6,-0.277,42.3,-0.336,56.6,0.016,53.8,-0.124,51.7,-0.288,46.9,-0.273,39.9,-0.522,37.1,-0.237,52.4,-0.262,46.9,-0.224,26.6,-0.678,59.4,0.059,71.3,-0.16,45.8,-0.297,72.0,0.396,76.2,0.679,76.2,-0.035,45.8,-0.258,86.7,1.059,41.6,-0.513,53.1,-0.269,45.5,-0.328,37.8,-0.6,25.2,-0.291,57.0,-0.23,45.5,-0.243,33.6,-0.403,71.0,0.431,70.6,-0.193,46.2,-0.302,74.1,0.419,67.8,0.323,69.2,-0.167,46.2,-0.239,66.4,0.237,40.2,-0.29,73.4,-0.232,46.5,-0.288,49.7,-0.165,27.3,-0.754,74.1,-0.248,46.5,-0.282,42.0,-0.298
lp9kyx4408kpoey40zv9mga1,J. De Busser,Go Ahead Eagles,Goalkeeper,1,0.0,0,0,0.9358,0.0,0.0,0.0,1,0.0,0,0,0.9358,0.0,0.0,0.0,0,0.0,0,0,0.0,0.0,0.0,0.0,0,0.0,0,0,0.0,0.0,0.0,0.0,1,0.0,0,0,0.9358,0.0,0.0,0.0,1,0.0,0,0,0.9358,0.0,0.0,0.0,22.7,-0.966,22.7,-0.687,40.9,-0.584,9.1,-1.099,36.4,-0.961,27.3,-0.677,40.9,-0.369,9.1,-1.831,27.3,-0.905,22.7,-0.566,45.5,-0.449,9.1,-1.101,36.4,-0.894,27.3,-0.538,45.5,-0.446,9.1,-1.844,22.7,-1.002,31.8,-0.502,50.0,-0.302,22.7,-0.882,22.7,-1.192,40.9,-0.484,50.0,-0.302,22.7,-1.097,13.6,-0.961,22.7,-0.655,54.5,0.0,13.6,-1.064,13.6,-1.872,27.3,-0.62,54.5,0.0,13.6,-1.551,36.4,-0.924,31.8,-0.345,40.9,-0.584,18.2,-1.039,45.5,0.03,31.8,-0.357,40.9,-0.36,18.2,-1.311,22.7,-1.041,27.3,-0.396,50.0,-0.302,9.1,-1.337,36.4,-0.891,36.4,-0.397,50.0,-0.302,9.1,-1.879
mlqit2c8my1ewqy6avrfhf8q,A. Van Hoorenbeeck,Heracles Almelo,Defender,28,0.0021714891156461,1,46,1.5335,0.0001,0.0548,2.5193,15,0.0021714891156461,1,28,1.5517,0.0002,0.1034,2.8966,13,0.0,0,18,1.5129,0.0,0.0,2.0948,17,0.0018540859348913,1,30,1.0552,0.0001,0.0621,1.8621,11,0.0003174031807548,0,16,1.1379,0.0,0.0,1.6552,8,0.0018540859348913,1,11,1.4897,0.0003,0.1862,2.0483,78.7,0.813,49.0,-0.364,91.3,1.867,61.9,0.109,67.8,0.422,42.3,-0.368,91.6,0.969,31.5,-0.423,79.7,0.896,65.0,-0.205,96.9,3.634,66.8,0.309,69.2,0.442,61.9,-0.233,96.5,1.745,46.9,-0.117,74.8,0.636,19.2,-0.479,45.8,-0.297,55.6,-0.122,65.7,0.357,25.5,-0.411,45.8,-0.258,34.3,-0.49,89.9,1.273,65.7,-0.2,95.5,3.025,72.7,0.481,40.6,-0.01,57.0,-0.23,92.3,1.061,39.2,-0.314,67.1,0.288,51.7,-0.467,46.2,-0.302,50.7,-0.26,52.4,-0.046,25.9,-0.281,46.2,-0.239,27.3,-0.556,68.9,0.419,74.1,-0.232,96.5,3.452,35.0,-0.51,62.9,0.166,74.1,-0.248,96.5,3.109,28.7,-0.631
nw48ayorxrpxwcxbdhxy44k4,B. van Duijl,Alkmaar Zaanstreek,Defender,5,0.000141573226651,0,9,1.1684,0.0,0.0,2.1031,3,0.0,0,0,1.4021,0.0,0.0,0.0,2,0.000141573226651,0,9,0.9347,0.0001,0.0,4.2062,1,0.0,0,0,0.9347,0.0,0.0,0.0,4,0.000141573226651,0,9,0.9347,0.0,0.0,2.1031,5,0.000141573226651,0,9,1.1684,0.0,0.0,2.1031,19.9,-0.958,28.0,-0.443,42.3,-0.415,20.3,-0.904,25.9,-0.789,18.9,-0.413,42.3,-0.336,23.1,-0.658,24.1,-0.853,16.8,-0.305,46.9,-0.273,6.6,-1.059,53.1,0.114,22.7,-0.292,46.9,-0.224,6.6,-1.484,15.7,-0.95,46.2,-0.465,45.8,-0.297,34.6,-0.587,19.6,-0.785,55.9,-0.348,45.8,-0.258,72.0,0.559,13.3,-1.108,18.2,-0.285,45.5,-0.328,8.7,-1.063,28.7,-0.282,25.5,-0.26,45.5,-0.243,8.7,-1.204,31.8,-0.715,44.1,-0.483,46.2,-0.302,33.9,-0.599,24.5,-0.771,25.9,-0.281,46.2,-0.239,38.5,-0.31,23.8,-0.644,53.1,-0.392,46.5,-0.288,26.2,-0.682,39.2,-0.627,29.7,-0.371,46.5,-0.282,30.8,-0.607
oi8kw43rorvqooiencbnhxck,N. Fernandez,PSV Eindhoven,Midfielder,3,0.0,0,4,0.9385,0.0,0.0,1.2513,1,0.0,0,1,0.9385,0.0,0.0,0.9385,2,0.0,0,3,0.9385,0.0,0.0,1.4077,0,0.0,0,0,0.0,0.0,0.0,0.0,3,0.0,0,4,0.9385,0.0,0.0,1.2513,3,0.0,0,4,0.9385,0.0,0.0,1.2513,28.4,-0.716,15.7,-0.434,40.5,-0.443,20.6,-0.778,28.9,-0.969,22.7,-0.395,40.5,-0.316,19.1,-0.96,21.9,-0.77,22.7,-0.289,44.8,-0.348,27.8,-0.785,46.9,-0.297,28.6,-0.256,44.8,-0.301,33.0,-0.779,33.5,-0.596,24.5,-0.395,44.6,-0.337,30.4,-0.649,42.8,-0.423,30.9,-0.399,44.6,-0.265,32.5,-0.612,8.2,-0.913,25.8,-0.289,45.9,-0.296,12.6,-0.828,8.2,-1.945,30.7,-0.282,45.9,-0.239,12.6,-1.151,44.1,-0.441,24.5,-0.368,44.1,-0.344,36.3,-0.617,57.2,-0.172,31.2,-0.375,44.1,-0.269,34.5,-0.558,28.4,-0.794,23.2,-0.245,44.3,-0.353,22.9,-0.88,33.0,-0.884,30.4,-0.267,44.3,-0.298,21.6,-0.847
qobf1v5kwuz6hj2ooixfw4mi,B. van Rooij,FC Twente,Defender,20,0.0001677758412666,0,21,1.2406,0.0,0.0,1.3026,7,0.0,0,1,1.3026,0.0,0.0,0.1861,13,0.0001677758412666,0,20,1.2096,0.0,0.0,1.8609,8,0.0001677758412666,0,8,1.0634,0.0,0.0,1.0634,12,0.0,0,13,1.1165,0.0,0.0,1.2096,6,0.0,0,4,1.1165,0.0,0.0,0.7444,60.1,0.197,29.4,-0.442,42.3,-0.415,36.7,-0.575,33.6,-0.549,18.9,-0.413,42.3,-0.336,15.4,-1.108,49.3,-0.27,16.8,-0.305,46.9,-0.273,14.3,-1.01,41.3,-0.103,22.7,-0.292,46.9,-0.224,13.3,-1.396,74.8,0.636,49.0,-0.463,45.8,-0.297,59.4,-0.018,34.3,-0.242,25.5,-0.411,45.8,-0.258,30.1,-0.606,54.5,-0.067,46.2,-0.278,45.5,-0.328,34.6,-0.651,42.7,0.008,25.5,-0.26,45.5,-0.243,25.2,-0.696,71.0,0.431,18.2,-0.496,46.2,-0.302,42.0,-0.405,49.0,-0.122,25.9,-0.281,46.2,-0.239,20.3,-0.8,40.2,-0.29,21.3,-0.405,46.5,-0.288,11.5,-1.113,25.9,-0.756,29.7,-0.371,46.5,-0.282,8.4,-1.215
qx44xpf889ysyh0yh20uketw,B. Pauwels,FC Volendam,Midfielder,1,0.0109688890302157,0,10,0.9266,0.0102,0.0,9.2664,1,0.0109688890302157,0,10,0.9266,0.0102,0.0,9.2664,0,0.0,0,0,0.0,0.0,0.0,0.0,1,0.0109688890302157,0,10,0.9266,0.0102,0.0,9.2664,0,0.0,0,0,0.0,0.0,0.0,0.0,1,0.0109688890302157,0,10,0.9266,0.0102,0.0,9.2664,6.7,-0.889,78.9,0.11,40.5,-0.443,38.1,-0.591,11.9,-1.007,99.5,4.482,40.5,-0.316,99.5,3.219,21.9,-0.77,89.7,0.339,44.8,-0.348,54.1,-0.264,25.0,-0.317,99.0,2.482,44.8,-0.301,100.0,2.843,4.1,-0.919,24.5,-0.395,44.6,-0.337,9.5,-0.82,4.1,-2.276,30.9,-0.399,44.6,-0.265,9.5,-1.203,24.2,-0.751,88.1,0.359,45.9,-0.296,54.9,-0.271,26.8,-0.096,99.5,3.583,45.9,-0.239,100.0,3.138,3.4,-0.943,24.5,-0.368,44.1,-0.344,10.6,-0.861,3.4,-3.025,31.2,-0.375,44.1,-0.269,10.6,-1.174,6.7,-1.476,91.8,0.444,44.3,-0.353,48.5,-0.297,13.4,-0.919,99.0,3.033,44.3,-0.298,99.5,2.927
ubuh5wgnl0o5bn3wirdmectm,M. Eerdhuijzen,FC Utrecht,Defender,5,0.0,0,4,1.4825,0.0,0.0,1.186,5,0.0,0,4,1.4825,0.0,0.0,1.186,0,0.0,0,0,0.0,0.0,0.0,0.0,4,0.0,0,2,1.186,0.0,0.0,0.593,1,0.0,0,2,0.8895,0.0,0.0,1.779,5,0.0,0,4,1.4825,0.0,0.0,1.186,19.9,-0.958,12.2,-0.449,42.3,-0.415,10.1,-1.041,62.2,0.253,18.9,-0.413,42.3,-0.336,12.6,-1.173,37.4,-0.561,16.8,-0.305,46.9,-0.273,23.1,-0.864,60.8,0.29,22.7,-0.292,46.9,-0.224,21.0,-0.924,3.1,-1.238,19.2,-0.479,45.8,-0.297,5.9,-1.053,3.1,-2.63,25.5,-0.411,45.8,-0.258,5.9,-1.531,35.7,-0.662,18.2,-0.285,45.5,-0.328,20.3,-0.96,58.0,0.285,25.5,-0.26,45.5,-0.243,18.2,-0.921,5.9,-1.145,18.2,-0.496,46.2,-0.302,13.6,-0.939,2.1,-0.932,25.9,-0.281,46.2,-0.239,30.8,-0.488,23.8,-0.644,21.3,-0.405,46.5,-0.288,11.5,-1.113,59.4,0.148,29.7,-0.371,46.5,-0.282,13.3,-1.018
ucqemxwd5n13up4t16o6qot0,C. Nadje,SBV Excelsior,Midfielder,2,0.0,0,0,0.9278,0.0,0.0,0.0,2,0.0,0,0,0.9278,0.0,0.0,0.0,0,0.0,0,0,0.0,0.0,0.0,0.0,0,0.0,0,0,0.0,0.0,0.0,0.0,2,0.0,0,0,0.9278,0.0,0.0,0.0,2,0.0,0,0,0.9278,0.0,0.0,0.0,18.8,-0.803,15.7,-0.434,40.5,-0.443,4.9,-0.903,14.7,-1.004,22.7,-0.395,40.5,-0.316,4.9,-1.612,35.3,-0.602,22.7,-0.289,44.8,-0.348,12.6,-0.843,27.8,-0.315,28.6,-0.256,44.8,-0.301,12.6,-1.188,4.1,-0.919,24.5,-0.395,44.6,-0.337,9.5,-0.82,4.1,-2.276,30.9,-0.399,44.6,-0.265,9.5,-1.203,8.2,-0.913,25.8,-0.289,45.9,-0.296,12.6,-0.828,8.2,-1.945,30.7,-0.282,45.9,-0.239,12.6,-1.151,35.8,-0.608,24.5,-0.368,44.1,-0.344,10.6,-0.861,28.6,-0.205,31.2,-0.375,44.1,-0.269,10.6,-1.174,18.8,-1.135,23.2,-0.245,44.3,-0.353,5.2,-1.269,16.8,-0.915,30.4,-0.267,44.3,-0.298,5.2,-1.436
wuh8s4gfo9ro3nel3rormg44,R. Daal,Alkmaar Zaanstreek,Midfielder,9,0.0,0,8,1.2033,0.0,0.0,1.0696,3,0.0,0,0,0.9359,0.0,0.0,0.0,6,0.0,0,8,1.4038,0.0,0.0,1.8718,8,0.0,0,7,1.0696,0.0,0.0,0.9359,1,0.0,0,1,0.9359,0.0,0.0,0.9359,7,0.0,0,1,1.3102,0.0,0.0,0.1872,55.2,-0.196,15.7,-0.434,40.5,-0.443,29.9,-0.654,55.2,-0.112,22.7,-0.395,40.5,-0.316,17.5,-1.055,44.3,-0.434,22.7,-0.289,44.8,-0.348,12.6,-0.843,44.6,-0.301,28.6,-0.256,44.8,-0.301,12.6,-1.188,68.0,0.051,24.5,-0.395,44.6,-0.337,48.7,-0.365,76.3,0.496,30.9,-0.399,44.6,-0.265,39.7,-0.417,77.6,0.383,25.8,-0.289,45.9,-0.296,47.4,-0.438,55.7,0.189,30.7,-0.282,45.9,-0.239,34.5,-0.718,18.6,-0.776,24.5,-0.368,44.1,-0.344,24.7,-0.8,51.3,-0.18,31.2,-0.375,44.1,-0.269,30.9,-0.714,69.8,0.569,23.2,-0.245,44.3,-0.353,12.4,-1.171,69.1,0.196,30.4,-0.267,44.3,-0.298,10.8,-1.348
xvher4f1mb6otoui5k5gs3ro,N. Bukala,FC Volendam,Midfielder,30,0.01363594279638457,0,77,1.6503,0.0008,0.0,4.2357,14,0.0038029512849719,0,36,1.8703,0.0005,0.0,4.8094,16,0.009832991511412672,0,41,1.4963,0.0009,0.0,3.8342,15,0.009624081758089233,0,36,1.2752,0.0008,0.0,3.0605,15,0.004011861038295339,0,41,1.169,0.0003,0.0,3.1951,7,0.0,0,7,1.3092,0.0,0.0,1.3092,91.5,1.624,82.5,0.243,40.5,-0.443,91.8,1.494,87.1,1.334,74.2,-0.012,40.5,-0.316,75.8,0.596,89.4,1.418,79.4,-0.072,44.8,-0.348,87.9,1.242,94.3,1.308,76.5,-0.122,44.8,-0.301,83.0,0.904,92.0,1.667,87.6,0.657,44.6,-0.337,91.0,1.508,79.9,0.678,82.0,0.227,44.6,-0.265,71.6,0.406,91.5,1.518,86.6,0.28,45.9,-0.296,86.3,1.177,76.3,0.599,82.7,0.021,45.9,-0.239,61.3,0.266,92.3,1.57,80.9,0.015,44.1,-0.344,93.3,1.636,78.4,0.529,74.5,-0.163,44.1,-0.269,68.6,0.398,69.8,0.569,23.2,-0.245,44.3,-0.353,33.2,-0.589,68.0,0.193,30.4,-0.267,44.3,-0.298,23.7,-0.82
y1ky8sp8scl05mmfr7byy3md,J. Hardeveld,SC Telstar,Midfielder,34,0.02444576048479019,0,122,1.3687,0.001,0.0,4.9111,19,0.001852879757934506,0,72,1.466,0.0001,0.0,5.5552,15,0.02259288072685568,0,50,1.2625,0.0019,0.0,4.2085,12,0.02311470918097074,0,61,1.01,0.0019,0.0,5.1344,22,0.001331051303819442,0,61,1.3579,0.0001,0.0,3.7652,7,0.0169943604259028,0,24,1.2962,0.0031,0.0,4.4442,94.8,1.97,89.7,0.78,40.5,-0.443,98.5,2.895,66.5,0.423,77.6,0.084,40.5,-0.316,85.1,0.948,96.6,2.259,72.2,-0.183,44.8,-0.348,99.5,3.327,74.2,0.612,61.6,-0.229,44.8,-0.301,89.7,1.228,90.7,1.505,95.9,2.021,44.6,-0.337,95.6,2.019,63.9,0.217,90.2,0.923,44.6,-0.265,75.3,0.563,84.8,1.032,94.3,1.078,45.9,-0.296,97.7,2.57,54.1,0.07,89.2,0.438,45.9,-0.239,89.2,1.226,96.6,2.743,69.1,-0.241,44.1,-0.344,98.2,2.854,91.2,1.103,64.9,-0.305,44.1,-0.269,78.9,0.678,69.8,0.569,94.8,0.822,44.3,-0.353,83.0,1.062,61.1,0.155,93.8,0.736,44.3,-0.298,74.7,0.656
