player_id,player,team,position_group,disruption_disruption_actions,disruption_disruption_score,disruption_disruption_positive_xt_added,disruption_disruption_value,disruption_disruption_actions_per90,disruption_disruption_score_per90,disruption_disruption_positive_xt_added_per90,disruption_disruption_value_per90,disruption_disruption_actions__home,disruption_disruption_score__home,disruption_disruption_positive_xt_added__home,disruption_disruption_value__home,disruption_disruption_actions__home_per90,disruption_disruption_score__home_per90,disruption_disruption_positive_xt_added__home_per90,disruption_disruption_value__home_per90,disruption_disruption_actions__away,disruption_disruption_score__away,disruption_disruption_positive_xt_added__away,disruption_disruption_value__away,disruption_disruption_actions__away_per90,disruption_disruption_score__away_per90,disruption_disruption_positive_xt_added__away_per90,disruption_disruption_value__away_per90,disruption_disruption_actions__H1,disruption_disruption_score__H1,disruption_disruption_positive_xt_added__H1,disruption_disruption_value__H1,disruption_disruption_actions__H1_per90,disruption_disruption_score__H1_per90,disruption_disruption_positive_xt_added__H1_per90,disruption_disruption_value__H1_per90,disruption_disruption_actions__H2,disruption_disruption_score__H2,disruption_disruption_positive_xt_added__H2,disruption_disruption_value__H2,disruption_disruption_actions__H2_per90,disruption_disruption_score__H2_per90,disruption_disruption_positive_xt_added__H2_per90,disruption_disruption_value__H2_per90,disruption_disruption_actions__last5,disruption_disruption_score__last5,disruption_disruption_positive_xt_added__last5,disruption_disruption_value__last5,disruption_disruption_actions__last5_per90,disruption_disruption_score__last5_per90,disruption_disruption_positive_xt_added__last5_per90,disruption_disruption_value__last5_per90,disruption_disruption_actions_percentile,disruption_disruption_actions_zscore,disruption_disruption_score_percentile,disruption_disruption_score_zscore,disruption_disruption_positive_xt_added_percentile,disruption_disruption_positive_xt_added_zscore,disruption_disruption_value_percentile,disruption_disruption_value_zscore,disruption_disruption_actions_per90_percentile,disruption_disruption_actions_per90_zscore,disruption_disruption_score_per90_percentile,disruption_disruption_score_per90_zscore,disruption_disruption_positive_xt_added_per90_percentile,disruption_disruption_positive_xt_added_per90_zscore,disruption_disruption_value_per90_percentile,disruption_disruption_value_per90_zscore,disruption_disruption_actions__home_percentile,disruption_disruption_actions__home_zscore,disruption_disruption_score__home_percentile,disruption_disruption_score__home_zscore,disruption_disruption_positive_xt_added__home_percentile,disruption_disruption_positive_xt_added__home_zscore,disruption_disruption_value__home_percentile,disruption_disruption_value__home_zscore,disruption_disruption_actions__home_per90_percentile,disruption_disruption_actions__home_per90_zscore,disruption_disruption_score__home_per90_percentile,disruption_disruption_score__home_per90_zscore,disruption_disruption_positive_xt_added__home_per90_percentile,disruption_disruption_positive_xt_added__home_per90_zscore,disruption_disruption_value__home_per90_percentile,disruption_disruption_value__home_per90_zscore,disruption_disruption_actions__away_percentile,disruption_disruption_actions__away_zscore,disruption_disruption_score__away_percentile,disruption_disruption_score__away_zscore,disruption_disruption_positive_xt_added__away_percentile,disruption_disruption_positive_xt_added__away_zscore,disruption_disruption_value__away_percentile,disruption_disruption_value__away_zscore,disruption_disruption_actions__away_per90_percentile,disruption_disruption_actions__away_per90_zscore,disruption_disruption_score__away_per90_percentile,disruption_disruption_score__away_per90_zscore,disruption_disruption_positive_xt_added__away_per90_percentile,disruption_disruption_positive_xt_added__away_per90_zscore,disruption_disruption_value__away_per90_percentile,disruption_disruption_value__away_per90_zscore,disruption_disruption_actions__H1_percentile,disruption_disruption_actions__H1_zscore,disruption_disruption_score__H1_percentile,disruption_disruption_score__H1_zscore,disruption_disruption_positive_xt_added__H1_percentile,disruption_disruption_positive_xt_added__H1_zscore,disruption_disruption_value__H1_percentile,disruption_disruption_value__H1_zscore,disruption_disruption_actions__H1_per90_percentile,disruption_disruption_actions__H1_per90_zscore,disruption_disruption_score__H1_per90_percentile,disruption_disruption_score__H1_per90_zscore,disruption_disruption_positive_xt_added__H1_per90_percentile,disruption_disruption_positive_xt_added__H1_per90_zscore,disruption_disruption_value__H1_per90_percentile,disruption_disruption_value__H1_per90_zscore,disruption_disruption_actions__H2_percentile,disruption_disruption_actions__H2_zscore,disruption_disruption_score__H2_percentile,disruption_disruption_score__H2_zscore,disruption_disruption_positive_xt_added__H2_percentile,disruption_disruption_positive_xt_added__H2_zscore,disruption_disruption_value__H2_percentile,disruption_disruption_value__H2_zscore,disruption_disruption_actions__H2_per90_percentile,disruption_disruption_actions__H2_per90_zscore,disruption_disruption_score__H2_per90_percentile,disruption_disruption_score__H2_per90_zscore,disruption_disruption_positive_xt_added__H2_per90_percentile,disruption_disruption_positive_xt_added__H2_per90_zscore,disruption_disruption_value__H2_per90_percentile,disruption_disruption_value__H2_per90_zscore,disruption_disruption_actions__last5_percentile,disruption_disruption_actions__last5_zscore,disruption_disruption_score__last5_percentile,disruption_disruption_score__last5_zscore,disruption_disruption_positive_xt_added__last5_percentile,disruption_disruption_positive_xt_added__last5_zscore,disruption_disruption_value__last5_percentile,disruption_disruption_value__last5_zscore,disruption_disruption_actions__last5_per90_percentile,disruption_disruption_actions__last5_per90_zscore,disruption_disruption_score__last5_per90_percentile,disruption_disruption_score__last5_per90_zscore,disruption_disruption_positive_xt_added__last5_per90_percentile,disruption_disruption_positive_xt_added__last5_per90_zscore,disruption_disruption_value__last5_per90_percentile,disruption_disruption_value__last5_per90_zscore
10k3fz1ibikbugv4c45ewy87o,J. Pereira da Gama,PEC Zwolle,Midfielder,1,0.4114262964529679,0.0,0.0,0.9288,0.3821,0.0,0.0,0,0.0,0.0,0.0,0.0,0.0,0.0,0.0,1,0.4114262964529679,0.0,0.0,0.9288,0.3821,0.0,0.0,0,0.0,0.0,0.0,0.0,0.0,0.0,0.0,1,0.4114262964529679,0.0,0.0,0.9288,0.3821,0.0,0.0,1,0.4114262964529679,0.0,0.0,0.9288,0.3821,0.0,0.0,12.8,-0.744,12.8,-0.848,16.5,-0.489,16.5,-0.504,29.9,-0.531,20.7,-0.887,23.2,-0.398,24.4,-0.421,9.5,-0.932,9.5,-0.966,30.5,-0.323,30.5,-0.323,9.5,-1.85,9.5,-1.564,34.8,-0.357,34.8,-0.336,40.5,-0.449,40.9,-0.518,27.1,-0.399,27.1,-0.413,49.4,0.295,49.4,-0.025,31.1,-0.337,31.7,-0.363,12.5,-0.82,12.5,-0.837,30.2,-0.322,30.2,-0.352,12.5,-1.672,12.5,-1.397,34.5,-0.289,35.1,-0.331,34.8,-0.494,34.1,-0.609,27.7,-0.387,27.7,-0.385,48.8,0.262,41.5,-0.172,32.0,-0.317,32.9,-0.295,12.8,-1.11,12.8,-1.164,17.4,-0.502,17.4,-0.516,31.7,-0.503,23.2,-0.848,23.8,-0.402,25.3,-0.421
11ceernyer8po8soj8dmygatx,T. Wellenreuther,Feyenoord Rotterdam,Goalkeeper,9,2.14669269424512,0.0,0.0,1.1896,0.2837,0.0,0.0,1,0.2682000896716544,0.0,0.0,0.9252,0.2481,0.0,0.0,8,1.878492604573466,0.0,0.0,1.2336,0.2897,0.0,0.0,3,0.834013930401015,0.0,0.0,0.9252,0.2572,0.0,0.0,6,1.312678763844105,0.0,0.0,1.3879,0.3036,0.0,0.0,6,1.517581131901334,0.0,0.0,1.1103,0.2808,0.0,0.0,84.4,0.302,84.4,0.033,25.0,-0.573,25.0,-0.638,78.1,0.352,68.8,0.084,26.6,-0.505,26.6,-0.572,26.6,-0.573,43.8,-0.459,32.8,-0.467,32.8,-0.48,31.2,-0.222,62.5,-0.076,34.4,-0.408,34.4,-0.488,90.6,1.12,84.4,0.531,35.9,-0.527,35.9,-0.534,90.6,0.967,75.0,0.631,35.9,-0.37,35.9,-0.477,70.3,-0.099,81.2,-0.155,37.5,-0.292,37.5,-0.426,40.6,0.362,68.8,0.33,37.5,-0.285,37.5,-0.386,85.9,0.893,84.4,0.361,31.2,-0.538,31.2,-0.601,87.5,1.219,78.1,0.59,32.8,-0.482,32.8,-0.519,79.7,0.748,78.1,0.32,26.6,-0.472,26.6,-0.677,68.8,-0.065,65.6,-0.061,28.1,-0.496,28.1,-0.555
14csdlb8p0tnj6zqrs148ct1w,J. Ritmeester van de Kamp,SC Telstar,Forward,7,4.354720031362469,0.0075144971543148,0.0034644293412856,1.0781,0.6707,0.0012,0.0005,0,0.0,0.0,0.0,0.0,0.0,0.0,0.0,7,4.354720031362469,0.0075144971543148,0.0034644293412856,1.0781,0.6707,0.0012,0.0005,4,1.716318018468425,0.0056330894303543,0.0019962505924645,1.2321,0.5287,0.0017,0.0006,3,2.638402012894045,0.0018814077239605,0.0014681787488211,0.9241,0.8127,0.0006,0.0005,5,3.421298133934963,0.0018814077239605,0.0014681787488211,0.9241,0.6323,0.0003,0.0003,88.8,1.098,91.4,1.587,98.3,2.097,94.8,2.628,81.0,0.227,82.8,0.855,95.7,1.346,91.4,1.495,12.9,-0.966,12.9,-0.969,30.2,-0.292,30.2,-0.429,12.9,-1.615,12.9,-1.388,31.9,-0.338,35.3,-0.477,97.4,2.61,98.3,3.217,100.0,6.637,100.0,6.135,87.9,0.568,84.5,0.934,100.0,4.664,98.3,3.009,91.4,1.366,87.9,0.91,98.3,4.205,96.6,2.548,91.4,1.151,67.2,0.576,100.0,4.109,95.7,2.53,81.9,0.556,94.8,1.761,94.8,0.409,94.8,1.37,36.2,0.219,93.1,1.598,89.7,0.036,89.7,0.454,82.8,1.084,98.3,2.119,93.1,0.356,94.8,1.179,20.7,-0.418,77.6,0.687,76.7,0.059,84.5,0.687
16mtjri8tz6vmxtxwr34y2tp1,M. Branderhorst,Fortuna Sittard,Goalkeeper,2,0.1691100664870591,0.0772262771868084,0.0072148517567046,0.9211,0.0779,0.0356,0.0033,2,0.1691100664870591,0.0772262771868084,0.0072148517567046,0.9211,0.0779,0.0356,0.0033,0,0.0,0.0,0.0,0.0,0.0,0.0,0.0,0,0.0,0.0,0.0,0.0,0.0,0.0,0.0,2,0.1691100664870591,0.0772262771868084,0.0072148517567046,0.9211,0.0779,0.0356,0.0033,2,0.1691100664870591,0.0772262771868084,0.0072148517567046,0.9211,0.0779,0.0356,0.0033,34.4,-0.514,9.4,-0.538,96.9,2.264,90.6,1.252,15.6,-0.623,9.4,-1.248,100.0,3.622,96.9,2.677,53.1,-0.346,18.8,-0.514,96.9,3.158,93.8,2.141,25.0,-0.229,18.8,-0.901,96.9,3.21,100.0,3.735,20.3,-0.628,20.3,-0.536,35.9,-0.527,35.9,-0.534,20.3,-1.19,20.3,-0.982,35.9,-0.37,35.9,-0.477,15.6,-0.661,15.6,-0.524,37.5,-0.292,37.5,-0.426,15.6,-1.481,15.6,-1.056,37.5,-0.285,37.5,-0.386,56.2,-0.25,25.0,-0.531,100.0,3.976,96.9,2.197,25.0,0.11,25.0,-0.916,100.0,3.767,93.8,2.155,34.4,-0.62,9.4,-0.702,96.9,2.552,100.0,2.508,15.6,-0.59,9.4,-1.013,100.0,3.613,96.9,2.65
1ab5am767rpppcrwnlfjo0mad,M. Hamdaoui,SC Telstar,Midfielder,1,0.9836411120077754,0.0,0.0,0.9157,0.9007,0.0,0.0,0,0.0,0.0,0.0,0.0,0.0,0.0,0.0,1,0.9836411120077754,0.0,0.0,0.9157,0.9007,0.0,0.0,0,0.0,0.0,0.0,0.0,0.0,0.0,0.0,1,0.9836411120077754,0.0,0.0,0.9157,0.9007,0.0,0.0,1,0.9836411120077754,0.0,0.0,0.9157,0.9007,0.0,0.0,12.8,-0.744,31.1,-0.602,16.5,-0.489,16.5,-0.504,4.3,-0.592,98.2,1.806,23.2,-0.398,24.4,-0.421,9.5,-0.932,9.5,-0.966,30.5,-0.323,30.5,-0.323,9.5,-1.85,9.5,-1.564,34.8,-0.357,34.8,-0.336,40.5,-0.449,59.8,-0.123,27.1,-0.399,27.1,-0.413,29.3,0.27,96.3,1.681,31.1,-0.337,31.7,-0.363,12.5,-0.82,12.5,-0.837,30.2,-0.322,30.2,-0.352,12.5,-1.672,12.5,-1.397,34.5,-0.289,35.1,-0.331,34.8,-0.494,56.7,-0.166,27.7,-0.387,27.7,-0.385,22.0,0.232,98.2,1.499,32.0,-0.317,32.9,-0.295,12.8,-1.11,31.1,-0.684,17.4,-0.502,17.4,-0.516,4.3,-0.563,97.0,1.731,23.8,-0.402,25.3,-0.421
1asrguqxyo7rmoyamggwd9oq2,A. Kaplan,Nijmegen Eendracht Combinatie,Defender,32,11.9950261791036,0.005773672593128808,0.002019157177485422,1.8397,0.6896,0.0003,0.0001,23,8.429413606934096,0.005709437305054401,0.00199587574486087,1.9234,0.7049,0.0005,0.0002,9,3.5656125721695,6.423528807440737e-05,2.328143262455151e-05,1.6558,0.656,0.0,0.0,15,5.64348527052025,0.0001182562737282,9.938270808037052e-05,1.5331,0.5768,0.0,0.0,17,6.351540908583347,0.005655416319400607,0.001919774469405051,1.3031,0.4869,0.0004,0.0001,10,4.431359462057188,0.0,0.0,1.8397,0.8153,0.0,0.0,95.2,2.058,95.6,1.985,55.6,-0.418,55.6,-0.402,92.6,1.968,91.9,1.243,39.3,-0.55,35.9,-0.523,98.5,2.968,98.5,2.838,77.0,-0.006,76.3,0.009,94.1,1.474,85.9,0.993,65.2,-0.263,64.1,-0.251,81.5,0.77,82.2,0.775,43.0,-0.629,43.0,-0.627,85.9,1.032,83.0,0.889,22.6,-0.475,23.7,-0.501,94.4,1.818,93.3,1.736,61.5,-0.403,60.7,-0.398,93.3,1.332,83.0,1.017,32.6,-0.301,33.0,-0.354,96.3,2.148,94.8,2.047,61.5,-0.299,61.5,-0.283,83.7,0.846,64.4,0.245,48.5,-0.474,40.4,-0.477,91.9,1.618,98.5,2.112,13.7,-0.681,13.7,-0.667,88.1,1.669,96.3,1.923,16.3,-0.662,18.1,-0.615
1bzrc169lsg8khaqy7a89oqok,G. Büyükhan,Fortuna Sittard,Forward,1,0.436784666455222,0.0,0.0,0.9375,0.4095,0.0,0.0,1,0.436784666455222,0.0,0.0,0.9375,0.4095,0.0,0.0,0,0.0,0.0,0.0,0.0,0.0,0.0,0.0,0,0.0,0.0,0.0,0.0,0.0,0.0,0.0,1,0.436784666455222,0.0,0.0,0.9375,0.4095,0.0,0.0,1,0.436784666455222,0.0,0.0,0.9375,0.4095,0.0,0.0,14.7,-0.822,13.8,-0.839,23.3,-0.389,23.3,-0.523,69.0,-0.393,27.6,-0.676,27.6,-0.405,29.3,-0.589,43.1,-0.4,37.9,-0.479,30.2,-0.292,30.2,-0.429,82.8,0.384,48.3,0.034,31.9,-0.338,35.3,-0.477,12.9,-0.946,12.9,-0.87,36.2,-0.332,36.2,-0.372,12.9,-1.557,12.9,-1.318,37.1,-0.48,37.9,-0.495,16.4,-0.897,16.4,-0.862,34.5,-0.345,34.5,-0.359,16.4,-1.43,16.4,-1.224,35.3,-0.423,37.9,-0.405,31.9,-0.537,34.5,-0.544,32.8,-0.27,32.8,-0.394,84.5,0.258,51.7,-0.038,33.6,-0.202,36.2,-0.294,14.7,-1.084,13.8,-1.158,23.3,-0.332,23.3,-0.519,72.4,-0.359,27.6,-0.659,26.7,-0.388,29.3,-0.584
1c4fzmrwmlwaqmqomge14rqc4,D. Janse,FC Groningen,Defender,26,10.02670762254395,0.001045645311337507,0.0006576377475156622,1.2729,0.4909,0.0001,0.0,11,4.555365990455297,5.876430097370711e-05,2.550314964176212e-05,1.2791,0.5297,0.0,0.0,15,5.471341632088651,0.0009868810103638,0.0006321345978739,1.2685,0.4627,0.0001,0.0001,11,4.469203924609007,0.0,0.0,1.0233,0.4157,0.0,0.0,15,5.557503697934941,0.001045645311337507,0.0006576377475156622,1.1628,0.4308,0.0001,0.0001,8,2.696257897464495,0.0,0.0,1.4884,0.5016,0.0,0.0,90.7,1.48,90.4,1.481,35.6,-0.649,38.5,-0.605,64.4,0.158,47.4,-0.112,27.4,-0.626,14.1,-0.631,85.6,0.931,85.9,1.075,46.7,-0.49,45.2,-0.514,63.0,0.268,60.0,0.261,25.9,-0.451,26.7,-0.506,93.7,1.965,92.6,1.747,53.3,-0.56,55.6,-0.487,69.6,0.281,52.6,0.032,46.7,-0.454,49.6,-0.43,86.3,1.099,88.9,1.188,28.1,-0.417,28.1,-0.435,68.9,0.274,56.3,0.273,32.6,-0.301,33.0,-0.354,93.0,1.766,92.6,1.644,47.4,-0.567,47.4,-0.503,74.1,0.352,47.4,-0.108,35.6,-0.565,40.4,-0.477,83.3,0.892,66.7,0.46,13.7,-0.681,13.7,-0.667,81.5,0.702,54.8,-0.008,16.3,-0.662,18.1,-0.615
1gl82ymzh9vpitix6v645awa,D. Nejašmić,Nijmegen Eendracht Combinatie,Midfielder,33,13.71415162566829,0.0003493866072831,0.0002123894087412064,1.8935,0.7869,0.0,0.0,11,4.508752186301186,0.0001555660098695,6.704316126020638e-05,1.4426,0.5913,0.0,0.0,22,9.205399439367104,0.0001938205974136,0.000145346247481,2.2441,0.939,0.0,0.0,10,4.064549523808387,0.0,0.0,1.5301,0.6219,0.0,0.0,23,9.649602101859905,0.0003493866072831,0.0002123894087412064,1.5082,0.6328,0.0,0.0,10,3.01173766245096,0.0001555660098695,6.704316126020638e-05,1.8361,0.553,0.0,0.0,100.0,5.722,100.0,4.85,49.4,-0.443,49.4,-0.432,100.0,3.947,86.6,1.215,23.2,-0.398,24.4,-0.421,98.2,3.446,97.6,2.578,68.9,-0.286,66.5,-0.284,93.9,1.245,61.6,0.424,34.8,-0.357,34.8,-0.336,100.0,6.576,100.0,5.553,63.4,-0.367,64.0,-0.348,100.0,2.859,98.8,1.807,31.1,-0.337,31.7,-0.363,97.6,2.719,95.1,2.015,30.2,-0.322,30.2,-0.352,98.8,1.727,75.6,0.784,34.5,-0.289,35.1,-0.331,100.0,7.463,100.0,6.545,67.7,-0.328,70.1,-0.298,98.2,1.596,77.4,0.636,32.0,-0.317,32.9,-0.295,100.0,2.987,81.1,1.015,48.2,-0.477,46.3,-0.487,98.2,3.624,54.3,0.002,23.8,-0.402,25.3,-0.421
1k60tee702idfrp0ibca1s57u,G. Offerhaus,SC Telstar,Defender,21,8.502107739982847,0.05064441232800401,0.02087059276520325,1.2151,0.492,0.0029,0.0012,12,4.689606282652192,0.0283706832534991,0.0081464055163255,1.2344,0.4824,0.0029,0.0008,9,3.812501457330655,0.02227372907450491,0.01272418724887775,1.1903,0.5042,0.0029,0.0017,9,3.167063619298359,0.0367866233530747,0.0168480706017947,0.9258,0.3258,0.0038,0.0017,12,5.335044120684488,0.01385778897492931,0.004022522163408549,1.111,0.4939,0.0013,0.0004,7,2.058198690549645,0.0173467823517514,0.0048374221524662,1.2961,0.3811,0.0032,0.0009,85.2,0.998,85.9,1.091,92.6,1.781,97.0,2.414,59.3,-0.027,48.1,-0.104,80.7,0.434,87.0,0.658,87.4,1.101,86.7,1.136,95.6,1.935,92.6,1.643,59.3,0.184,49.6,0.064,86.3,0.638,84.1,0.513,81.5,0.77,83.7,0.901,82.2,1.023,95.6,2.293,63.7,0.129,60.0,0.216,79.3,0.144,85.9,0.707,81.1,0.739,76.3,0.581,98.5,3.959,100.0,5.853,34.8,0.072,39.3,-0.142,96.3,1.192,97.0,2.243,86.3,1.192,91.1,1.532,70.4,0.178,67.4,0.083,65.9,0.17,66.7,0.29,62.6,-0.201,59.3,-0.227,74.4,0.53,45.9,-0.147,77.0,0.703,77.0,0.567,66.7,0.172,25.2,-0.75,74.8,0.454,75.6,0.309
1l6pokz0idh52sh8seqkznms4,T. Holla,SBV Excelsior,Goalkeeper,1,0.047154472784107,0.0,0.0,0.9574,0.0451,0.0,0.0,0,0.0,0.0,0.0,0.0,0.0,0.0,0.0,1,0.047154472784107,0.0,0.0,0.9574,0.0451,0.0,0.0,0,0.0,0.0,0.0,0.0,0.0,0.0,0.0,1,0.047154472784107,0.0,0.0,0.9574,0.0451,0.0,0.0,1,0.047154472784107,0.0,0.0,0.9574,0.0451,0.0,0.0,12.5,-0.63,3.1,-0.573,25.0,-0.573,25.0,-0.638,65.6,-0.492,3.1,-1.46,26.6,-0.505,26.6,-0.572,6.2,-0.799,6.2,-0.609,32.8,-0.467,32.8,-0.48,6.2,-1.974,6.2,-1.279,34.4,-0.408,34.4,-0.488,50.0,-0.41,40.6,-0.509,35.9,-0.527,35.9,-0.534,75.0,0.484,40.6,-0.731,35.9,-0.37,35.9,-0.477,15.6,-0.661,15.6,-0.524,37.5,-0.292,37.5,-0.426,15.6,-1.481,15.6,-1.056,37.5,-0.285,37.5,-0.386,31.2,-0.536,21.9,-0.626,31.2,-0.538,31.2,-0.601,78.1,0.196,21.9,-1.135,32.8,-0.482,32.8,-0.519,12.5,-0.962,3.1,-0.795,26.6,-0.472,26.6,-0.677,65.6,-0.489,3.1,-1.167,28.1,-0.496,28.1,-0.555
1m0qpbce7dob7mdbo7titbqp5,V. Edvardsen,Go Ahead Eagles,Forward,4,1.674571520834149,0.0203127322560516,0.0052350630672844,0.9383,0.3928,0.0048,0.0012,3,1.548456879534613,0.0203127322560516,0.0052350630672844,0.9383,0.4843,0.0064,0.0016,1,0.1261146412995367,0.0,0.0,0.9383,0.1183,0.0,0.0,3,1.416848285904748,0.0,0.0,0.9383,0.4431,0.0,0.0,1,0.2577232349294011,0.0203127322560516,0.0052350630672844,0.9383,0.2418,0.0191,0.0049,4,1.674571520834149,0.0203127322560516,0.0052350630672844,0.9383,0.3928,0.0048,0.0012,69.0,0.138,63.8,-0.072,100.0,6.331,100.0,4.238,70.7,-0.389,22.4,-0.774,100.0,6.598,100.0,4.413,81.9,0.732,82.8,0.767,100.0,6.95,100.0,5.531,84.5,0.385,60.3,0.294,100.0,6.825,100.0,4.445,38.8,-0.438,25.9,-0.752,36.2,-0.332,36.2,-0.372,82.8,0.292,25.9,-0.921,37.1,-0.48,37.9,-0.495,81.9,0.8,79.3,0.6,34.5,-0.345,34.5,-0.359,86.2,0.535,53.4,0.285,35.3,-0.423,37.9,-0.405,31.9,-0.537,17.2,-0.731,100.0,7.064,100.0,5.897,86.2,0.26,22.4,-0.719,100.0,7.397,100.0,7.04,69.0,0.542,63.8,0.201,100.0,7.103,100.0,5.536,74.1,-0.355,22.4,-0.76,100.0,6.771,100.0,4.499
1nk0hcaa9o4jnyxc9ndz1lams,D. van der Werff,FC Groningen,Midfielder,3,1.911195397497284,0.0,0.0,0.9309,0.593,0.0,0.0,2,1.40194013388766,0.0,0.0,0.9309,0.6525,0.0,0.0,1,0.5092552636096238,0.0,0.0,0.9309,0.474,0.0,0.0,2,0.9301076086502784,0.0,0.0,0.9309,0.4329,0.0,0.0,1,0.9810877888470056,0.0,0.0,0.9309,0.9132,0.0,0.0,3,1.911195397497284,0.0,0.0,0.9309,0.593,0.0,0.0,51.2,-0.34,60.4,-0.205,16.5,-0.489,16.5,-0.504,38.7,-0.521,61.0,0.208,23.2,-0.398,24.4,-0.421,59.1,-0.136,70.1,0.136,30.5,-0.323,30.5,-0.323,51.5,0.147,72.6,0.629,34.8,-0.357,34.8,-0.336,40.5,-0.449,45.1,-0.45,27.1,-0.399,27.1,-0.413,57.6,0.299,57.9,0.277,31.1,-0.337,31.7,-0.363,61.6,-0.112,56.7,-0.184,30.2,-0.322,30.2,-0.352,54.9,0.396,49.4,0.121,34.5,-0.289,35.1,-0.331,34.8,-0.494,56.1,-0.168,27.7,-0.387,27.7,-0.385,56.7,0.267,98.8,1.539,32.0,-0.317,32.9,-0.295,51.2,-0.2,62.2,0.093,17.4,-0.502,17.4,-0.516,40.5,-0.493,64.0,0.201,23.8,-0.402,25.3,-0.421
1pezvbb0n8z7hu5063jysg2s4,L. Sauer,Feyenoord Rotterdam,Midfielder,2,1.180493915972251,6.299543626109294e-05,5.881635828308633e-05,0.9274,0.5474,0.0,0.0,1,0.9336606232761708,6.299543626109294e-05,5.881635828308633e-05,0.9274,0.8658,0.0001,0.0001,1,0.2468332926960799,0.0,0.0,0.9274,0.2289,0.0,0.0,1,0.9336606232761708,6.299543626109294e-05,5.881635828308633e-05,0.9274,0.8658,0.0001,0.0001,1,0.2468332926960799,0.0,0.0,0.9274,0.2289,0.0,0.0,2,1.180493915972251,6.299543626109294e-05,5.881635828308633e-05,0.9274,0.5474,0.0,0.0,35.7,-0.542,37.2,-0.518,37.8,-0.481,41.5,-0.484,24.7,-0.538,51.8,-0.029,23.2,-0.398,24.4,-0.421,34.5,-0.534,51.8,-0.232,63.4,-0.308,65.2,-0.289,39.9,0.14,95.7,1.347,71.6,-0.284,73.2,-0.174,40.5,-0.449,30.5,-0.631,27.1,-0.399,27.1,-0.413,46.6,0.292,31.1,-0.529,31.1,-0.337,31.7,-0.363,38.7,-0.466,57.3,-0.182,63.4,-0.307,66.5,-0.314,44.8,0.388,96.3,1.64,72.3,-0.235,74.7,-0.17,34.8,-0.494,22.0,-0.736,27.7,-0.387,27.7,-0.385,43.0,0.259,22.6,-0.666,32.0,-0.317,32.9,-0.295,35.7,-0.655,37.2,-0.519,40.2,-0.492,44.5,-0.491,26.5,-0.509,53.0,-0.026,23.8,-0.402,25.3,-0.421
1q0v3qpciql8rkyz4qrlvbuju,J. Breum,Go Ahead Eagles,Midfielder,4,2.240947412241531,2.097692072230984e-05,1.276191691575841e-05,0.9375,0.5252,0.0,0.0,0,0.0,0.0,0.0,0.0,0.0,0.0,0.0,4,2.240947412241531,2.097692072230984e-05,1.276191691575841e-05,0.9375,0.5252,0.0,0.0,1,0.3590038327212623,0.0,0.0,0.9375,0.3366,0.0,0.0,3,1.881943579520269,2.097692072230984e-05,1.276191691575841e-05,0.9375,0.5881,0.0,0.0,4,2.240947412241531,2.097692072230984e-05,1.276191691575841e-05,0.9375,0.5252,0.0,0.0,61.0,-0.138,64.0,-0.064,33.8,-0.486,34.1,-0.5,61.6,-0.491,45.7,-0.144,23.2,-0.398,24.4,-0.421,9.5,-0.932,9.5,-0.966,30.5,-0.323,30.5,-0.323,9.5,-1.85,9.5,-1.564,34.8,-0.357,34.8,-0.336,80.5,0.555,80.5,0.745,55.8,-0.396,56.7,-0.407,76.2,0.312,62.2,0.446,31.1,-0.337,31.7,-0.363,38.7,-0.466,32.9,-0.585,30.2,-0.322,30.2,-0.352,80.2,0.411,37.8,-0.216,34.5,-0.289,35.1,-0.331,72.6,0.229,76.8,0.53,57.3,-0.383,57.9,-0.38,79.6,0.282,69.5,0.492,32.0,-0.317,32.9,-0.295,61.0,0.255,67.1,0.369,35.7,-0.499,36.0,-0.511,64.6,-0.463,47.0,-0.136,23.8,-0.402,25.3,-0.421
1rd0zzpp3dn0y7qtxwc57g7h1,R. Thomas,PEC Zwolle,Midfielder,10,5.365554450120404,0.0090511132165823,0.005998960452420599,1.1732,0.6295,0.0011,0.0007,5,2.870583587667544,0.0001419277479417,0.0001275901171252,1.1732,0.6736,0.0,0.0,5,2.494970862452861,0.0089091854686406,0.0058713703352954,1.1732,0.5854,0.0021,0.0014,6,3.358892345236596,0.0001419277479417,0.0001275901171252,1.1263,0.6305,0.0,0.0,4,2.006662104883808,0.0089091854686406,0.0058713703352954,1.2514,0.6278,0.0028,0.0018,6,3.211466844053692,0.0089091854686406,0.0058713703352954,1.1263,0.6028,0.0017,0.0011,89.6,1.074,90.2,1.274,85.4,0.702,93.3,1.531,82.3,0.603,68.3,0.398,80.5,0.021,83.5,0.306,87.8,1.058,90.2,1.291,68.3,-0.289,68.9,-0.25,84.1,0.667,73.8,0.7,34.8,-0.357,34.8,-0.336,86.6,0.889,86.6,0.921,90.2,1.099,95.7,2.208,83.5,0.771,76.2,0.644,87.5,0.348,92.1,0.957,90.2,1.303,91.5,1.52,68.9,-0.289,69.5,-0.27,89.6,0.83,79.3,0.815,34.5,-0.289,35.1,-0.331,83.2,0.591,80.5,0.627,89.6,1.1,95.1,2.018,95.1,1.005,75.9,0.62,90.9,0.69,96.0,1.136,85.4,1.166,87.8,1.182,86.6,0.982,94.5,2.023,81.1,0.395,67.1,0.25,83.5,0.241,91.2,0.714
1rmox6tf7r283dca2vi844kr8,A. Adelgaard,Go Ahead Eagles,Defender,9,4.730053975841683,0.0346367175210651,0.01732107352445732,1.0559,0.5549,0.0041,0.002,2,1.229383166794177,5.813191590969824e-05,5.417044174706596e-05,0.9386,0.5769,0.0,0.0,7,3.500670809047506,0.0345785856051554,0.01726690308271026,1.095,0.5476,0.0054,0.0027,3,1.371575428989487,0.0117422470404621,0.0029905457136765,0.9386,0.4291,0.0037,0.0009,6,3.358478546852195,0.022894470480603,0.01433052781078082,1.1263,0.6304,0.0043,0.0027,6,2.613397170605692,0.0228363385646933,0.01427635736903376,1.1263,0.4906,0.0043,0.0027,60.0,-0.159,68.1,0.126,85.9,0.996,92.6,1.884,40.0,-0.535,67.4,0.325,88.5,0.888,91.9,1.517,31.9,-0.597,44.4,-0.439,45.9,-0.49,48.9,-0.506,45.9,-0.37,68.9,0.458,25.9,-0.451,26.7,-0.506,76.7,0.372,80.7,0.742,92.6,1.939,99.3,3.338,56.3,-0.056,66.7,0.408,87.0,0.678,93.7,1.418,50.7,-0.34,52.6,-0.256,88.9,0.98,88.1,0.681,63.7,0.099,60.7,0.335,95.6,1.153,93.0,1.021,67.0,0.045,75.6,0.529,83.0,0.704,94.8,1.88,67.4,0.224,91.9,1.149,85.9,0.708,95.6,1.692,60.4,0.167,61.5,0.381,88.1,1.141,98.5,2.975,55.6,-0.296,50.4,-0.076,85.2,0.838,95.6,2.158
1s1c0w7we8oouklrwshie0iz8,R. El Arguioui,FC Utrecht,Midfielder,1,0.205844929873274,0.0158118092818723,0.0032547807727966,0.8072,0.1662,0.0128,0.0026,0,0.0,0.0,0.0,0.0,0.0,0.0,0.0,1,0.205844929873274,0.0158118092818723,0.0032547807727966,0.8072,0.1662,0.0128,0.0026,0,0.0,0.0,0.0,0.0,0.0,0.0,0.0,1,0.205844929873274,0.0158118092818723,0.0032547807727966,0.8072,0.1662,0.0128,0.0026,1,0.205844929873274,0.0158118092818723,0.0032547807727966,0.8072,0.1662,0.0128,0.0026,12.8,-0.744,1.2,-0.936,91.2,1.591,86.0,0.6,0.6,-1.095,1.2,-2.009,99.4,4.479,97.0,2.279,9.5,-0.932,9.5,-0.966,30.5,-0.323,30.5,-0.323,9.5,-1.85,9.5,-1.564,34.8,-0.357,34.8,-0.336,40.5,-0.449,28.7,-0.66,94.2,2.26,90.9,1.04,26.8,0.058,29.3,-0.735,98.8,3.837,97.6,2.088,12.5,-0.82,12.5,-0.837,30.2,-0.322,30.2,-0.352,12.5,-1.672,12.5,-1.397,34.5,-0.289,35.1,-0.331,34.8,-0.494,19.5,-0.768,95.1,2.252,89.6,0.947,18.9,-0.018,19.5,-0.868,98.8,4.285,97.6,1.771,12.8,-1.11,1.2,-1.336,93.0,2.133,87.2,0.891,0.6,-1.056,1.2,-1.922,99.4,4.434,97.0,2.261
1tmihr54maqj0h7785cg9ez56,M. Suray,Go Ahead Eagles,Midfielder,2,1.031180349823896,0.0013706747373831,0.0010109523430095,0.9369,0.4831,0.0006,0.0005,2,1.031180349823896,0.0013706747373831,0.0010109523430095,0.9369,0.4831,0.0006,0.0005,0,0.0,0.0,0.0,0.0,0.0,0.0,0.0,2,1.031180349823896,0.0013706747373831,0.0010109523430095,0.9369,0.4831,0.0006,0.0005,0,0.0,0.0,0.0,0.0,0.0,0.0,0.0,2,1.031180349823896,0.0013706747373831,0.0010109523430095,0.9369,0.4831,0.0006,0.0005,35.7,-0.542,34.8,-0.582,67.1,-0.309,70.7,-0.161,59.8,-0.493,37.8,-0.363,70.4,-0.169,77.4,0.098,59.1,-0.136,57.3,-0.155,86.0,0.007,90.2,0.259,68.9,0.16,47.0,0.06,83.8,0.082,88.7,0.472,13.4,-0.783,13.4,-0.802,27.1,-0.399,27.1,-0.413,13.4,-1.515,13.4,-1.282,31.1,-0.337,31.7,-0.363,61.6,-0.112,61.6,-0.113,84.1,-0.007,87.2,0.301,78.7,0.409,56.7,0.298,86.6,0.03,89.3,0.474,9.5,-0.856,9.5,-0.927,27.7,-0.387,27.7,-0.385,9.5,-1.876,9.5,-1.403,32.0,-0.317,32.9,-0.295,35.7,-0.655,34.8,-0.645,70.1,-0.274,73.2,-0.079,62.8,-0.466,39.0,-0.346,71.6,-0.175,76.8,0.095
1ueqcjuatzazpmz765tru4zdg,L. Martes,Sparta Rotterdam,Defender,6,3.12841586705674,0.0,0.0,1.1178,0.5828,0.0,0.0,2,1.747574041616902,0.0,0.0,0.9315,0.814,0.0,0.0,4,1.380841825439838,0.0,0.0,1.242,0.4288,0.0,0.0,4,1.993712591097199,0.0,0.0,0.9315,0.4643,0.0,0.0,2,1.134703275959541,0.0,0.0,0.9315,0.5285,0.0,0.0,6,3.12841586705674,0.0,0.0,1.1178,0.5828,0.0,0.0,45.2,-0.448,57.8,-0.284,10.4,-0.701,10.4,-0.703,47.4,-0.338,74.1,0.515,11.9,-0.664,14.1,-0.631,31.9,-0.597,53.3,-0.203,21.9,-0.495,21.9,-0.521,32.6,-0.383,93.3,1.448,25.9,-0.451,26.7,-0.506,55.2,-0.226,52.6,-0.339,21.1,-0.634,21.1,-0.632,67.4,0.229,45.6,-0.118,22.6,-0.475,23.7,-0.501,60.4,-0.16,66.7,0.034,28.1,-0.417,28.1,-0.435,49.6,0.084,70.4,0.497,32.6,-0.301,33.0,-0.354,24.8,-0.719,32.6,-0.6,15.2,-0.628,15.2,-0.618,35.6,-0.463,75.6,0.507,17.0,-0.595,17.4,-0.561,60.4,0.167,82.2,0.872,13.7,-0.681,13.7,-0.667,51.9,-0.319,74.8,0.492,16.3,-0.662,18.1,-0.615
1vn6w1mjdztfks75bxn0hk7x0,S. Hetli,SC Telstar,Forward,2,1.220040146115106,0.0,0.0,0.9254,0.5645,0.0,0.0,0,0.0,0.0,0.0,0.0,0.0,0.0,0.0,2,1.220040146115106,0.0,0.0,0.9254,0.5645,0.0,0.0,2,1.220040146115106,0.0,0.0,0.9254,0.5645,0.0,0.0,0,0.0,0.0,0.0,0.0,0.0,0.0,0.0,2,1.220040146115106,0.0,0.0,0.9254,0.5645,0.0,0.0,39.7,-0.502,48.3,-0.354,23.3,-0.389,23.3,-0.523,27.6,-0.446,67.2,0.232,27.6,-0.405,29.3,-0.589,12.9,-0.966,12.9,-0.969,30.2,-0.292,30.2,-0.429,12.9,-1.615,12.9,-1.388,31.9,-0.338,35.3,-0.477,64.7,0.07,75.9,0.275,36.2,-0.332,36.2,-0.372,46.6,0.267,70.7,0.577,37.1,-0.48,37.9,-0.495,69.8,0.234,74.1,0.397,34.5,-0.345,34.5,-0.359,55.2,0.508,74.1,0.698,35.3,-0.423,37.9,-0.405,6.9,-1.083,6.9,-1.001,32.8,-0.27,32.8,-0.394,6.9,-2.461,6.9,-1.7,33.6,-0.202,36.2,-0.294,39.7,-0.542,48.3,-0.298,23.3,-0.332,23.3,-0.519,31.0,-0.412,70.7,0.278,26.7,-0.388,29.3,-0.584
1wse4b1hxu37e7t5ty5ykn7c9,J. Šutalo,AFC Ajax,Defender,24,8.951514755095214,0.1110745460064864,0.0385228048764899,1.5947,0.5948,0.0074,0.0026,14,5.422117899281048,0.0589083351583548,0.0191458224075597,1.8605,0.7205,0.0078,0.0025,10,3.529396855814167,0.0521662108481316,0.0193769824689302,1.3289,0.469,0.0069,0.0026,11,3.926887115770764,0.0,0.0,1.4618,0.5218,0.0,0.0,13,5.024627639324451,0.1110745460064864,0.0385228048764899,1.3437,0.5193,0.0115,0.004,7,2.701037454046391,0.0,0.0,1.3023,0.5025,0.0,0.0,88.1,1.287,88.1,1.206,100.0,4.741,100.0,5.05,85.2,1.186,78.5,0.597,94.1,2.137,96.3,2.162,89.3,1.44,91.1,1.47,100.0,4.551,100.0,4.564,91.1,1.356,88.9,1.058,97.0,2.477,96.3,2.679,84.4,0.969,81.5,0.757,99.3,3.247,100.0,3.823,74.1,0.398,53.3,0.06,90.7,0.998,92.6,1.347,86.3,1.099,85.9,0.935,28.1,-0.417,28.1,-0.435,91.1,1.184,77.8,0.763,32.6,-0.301,33.0,-0.354,89.3,1.384,89.6,1.374,100.0,5.834,100.0,6.097,86.7,0.989,73.3,0.449,97.8,2.889,97.0,2.777,74.4,0.53,67.4,0.465,13.7,-0.681,13.7,-0.667,68.9,0.189,55.6,-0.002,16.3,-0.662,18.1,-0.615
1x6fhuy49w4rpnyavwotbf504,T. Gooijer,PEC Zwolle,Defender,6,2.773199866218873,0.0202708238570235,0.0070273918903219,1.1265,0.5207,0.0038,0.0013,4,2.183175987084667,0.0,0.0,1.2517,0.6832,0.0,0.0,2,0.5900238791342064,0.0202708238570235,0.0070273918903219,0.9388,0.2769,0.0095,0.0033,4,2.237724810216164,0.0202708238570235,0.0070273918903219,1.2517,0.7002,0.0063,0.0022,2,0.5354750560027094,0.0,0.0,0.9388,0.2513,0.0,0.0,6,2.773199866218873,0.0202708238570235,0.0070273918903219,1.1265,0.5207,0.0038,0.0013,45.2,-0.448,47.4,-0.375,71.9,0.293,76.3,0.346,49.6,-0.31,53.3,0.091,86.7,0.774,90.4,0.765,54.4,-0.258,60.7,-0.004,21.9,-0.495,21.9,-0.521,61.5,0.216,82.2,0.902,25.9,-0.451,26.7,-0.506,31.1,-0.624,23.7,-0.742,78.5,0.874,84.4,0.984,50.4,-0.359,17.8,-0.791,94.8,1.553,96.3,1.845,60.4,-0.16,68.9,0.148,94.1,1.995,94.1,2.188,82.2,0.748,97.0,1.586,97.8,2.174,97.8,3.007,24.8,-0.719,13.3,-0.904,15.2,-0.628,15.2,-0.618,54.8,-0.437,5.9,-1.238,17.0,-0.595,17.4,-0.561,60.4,0.167,71.1,0.533,82.2,0.936,88.9,1.126,56.3,-0.295,60.0,0.11,79.6,0.664,86.7,0.72
1xwmx2ydxa5zeqo12778h83ro,N. Martens,SBV Excelsior,Defender,3,1.494305625109057,0.0,0.0,0.93,0.4632,0.0,0.0,1,0.6243572664171114,0.0,0.0,0.93,0.5806,0.0,0.0,2,0.8699483586919451,0.0,0.0,0.93,0.4045,0.0,0.0,3,1.494305625109057,0.0,0.0,0.93,0.4632,0.0,0.0,0,0.0,0.0,0.0,0.0,0.0,0.0,0.0,3,1.494305625109057,0.0,0.0,0.93,0.4632,0.0,0.0,20.4,-0.738,25.9,-0.702,10.4,-0.701,10.4,-0.703,15.6,-0.938,40.0,-0.301,11.9,-0.664,14.1,-0.631,17.8,-0.767,25.2,-0.714,21.9,-0.495,21.9,-0.521,27.8,-0.386,69.6,0.474,25.9,-0.451,26.7,-0.506,31.1,-0.624,31.1,-0.599,21.1,-0.634,21.1,-0.632,29.3,-0.376,40.0,-0.226,22.6,-0.475,23.7,-0.501,50.7,-0.34,55.6,-0.199,28.1,-0.417,28.1,-0.435,42.2,0.081,69.6,0.492,32.6,-0.301,33.0,-0.354,1.5,-1.102,1.5,-1.176,15.2,-0.628,15.2,-0.618,1.5,-3.743,1.5,-2.82,17.0,-0.595,17.4,-0.561,20.4,-0.922,25.9,-0.684,13.7,-0.681,13.7,-0.667,17.0,-0.836,45.9,-0.244,16.3,-0.662,18.1,-0.615
1zybkcmp40td92a6yg8sw9uga,T. Owusu,SC Telstar,Midfielder,4,1.958944496566259,0.0005110801667345,0.0004009596666627,0.9274,0.4542,0.0001,0.0001,3,1.668698992744496,0.0005110801667345,0.0004009596666627,0.9274,0.5159,0.0002,0.0001,1,0.2902455038217632,0.0,0.0,0.9274,0.2692,0.0,0.0,2,0.8841651901033568,0.0,0.0,0.9274,0.41,0.0,0.0,2,1.074779306462903,0.0005110801667345,0.0004009596666627,0.9274,0.4984,0.0002,0.0002,4,1.958944496566259,0.0005110801667345,0.0004009596666627,0.9274,0.4542,0.0001,0.0001,61.0,-0.138,61.0,-0.185,54.9,-0.422,57.3,-0.368,24.7,-0.538,31.7,-0.513,50.6,-0.36,55.2,-0.317,72.3,0.262,74.4,0.346,75.6,-0.2,76.8,-0.092,39.9,0.14,52.4,0.17,75.6,-0.211,73.2,-0.174,40.5,-0.449,34.1,-0.601,27.1,-0.399,27.1,-0.413,46.6,0.292,36.6,-0.396,31.1,-0.337,31.7,-0.363,61.6,-0.112,51.8,-0.217,30.2,-0.322,30.2,-0.352,44.8,0.388,47.6,0.041,34.5,-0.289,35.1,-0.331,58.5,-0.132,60.4,-0.095,72.3,-0.301,74.4,-0.221,43.0,0.259,60.4,0.203,73.2,-0.245,76.8,-0.136,61.0,0.255,63.4,0.133,57.3,-0.417,60.4,-0.343,26.5,-0.509,33.5,-0.49,51.2,-0.364,57.0,-0.318
200chcevwu3znwew6xjyaof6d,F. Oldrup Jensen,NAC Breda,Defender,12,4.85845260085365,0.0003480446097064,0.0002670182350884,2.2373,0.9058,0.0001,0.0,5,2.333337285948481,0.0003480446097064,0.0002670182350884,2.3305,1.0876,0.0002,0.0001,7,2.525115314905169,0.0,0.0,2.1751,0.7846,0.0,0.0,6,2.967774633038378,0.0003480446097064,0.0002670182350884,1.3983,0.6916,0.0001,0.0001,6,1.890677967815273,0.0,0.0,1.3983,0.4406,0.0,0.0,12,4.85845260085365,0.0003480446097064,0.0002670182350884,2.2373,0.9058,0.0001,0.0,72.2,0.13,70.4,0.159,25.2,-0.684,27.4,-0.664,100.0,3.238,98.5,2.718,27.4,-0.626,14.1,-0.631,62.6,-0.088,68.1,0.064,52.6,-0.465,54.8,-0.45,100.0,2.236,100.0,2.59,58.1,-0.376,57.0,-0.378,76.7,0.372,70.4,0.245,21.1,-0.634,21.1,-0.632,97.0,2.04,92.6,1.458,22.6,-0.475,23.7,-0.501,71.5,0.2,74.8,0.488,64.4,-0.375,65.9,-0.335,88.9,1.052,96.3,1.547,65.9,-0.262,70.4,-0.201,67.0,0.045,54.1,-0.216,15.2,-0.628,15.2,-0.618,88.1,1.182,50.4,-0.046,17.0,-0.595,17.4,-0.561,98.9,2.344,100.0,2.519,34.1,-0.653,37.8,-0.598,99.3,2.765,98.5,2.48,35.6,-0.627,18.1,-0.615
2072f0p9ful9u577gdvo89yw9,K. Kostons,PEC Zwolle,Forward,11,4.90809457367965,0.0004113727092669,0.0001326015680897,1.2895,0.5753,0.0,0.0,8,3.355381809132172,0.0004113727092669,0.0001326015680897,1.5005,0.6293,0.0001,0.0,3,1.552712764547477,0.0,0.0,0.9378,0.4854,0.0,0.0,4,1.589557070858755,0.0,0.0,1.2504,0.4969,0.0,0.0,7,3.318537502820895,0.0004113727092669,0.0001326015680897,1.3129,0.6224,0.0001,0.0,7,2.789633527288609,0.0004113727092669,0.0001326015680897,1.3129,0.5232,0.0001,0.0,98.3,2.379,94.8,1.93,63.8,-0.253,53.4,-0.402,89.7,1.158,69.0,0.296,27.6,-0.405,29.3,-0.589,100.0,3.561,98.3,2.792,75.9,-0.145,69.0,-0.278,96.6,1.584,79.3,0.798,68.1,-0.226,35.3,-0.477,81.9,0.578,82.8,0.587,36.2,-0.332,36.2,-0.372,81.0,0.291,63.8,0.312,37.1,-0.48,37.9,-0.495,91.4,1.366,84.5,0.779,34.5,-0.345,34.5,-0.359,94.8,1.189,60.3,0.468,35.3,-0.423,37.9,-0.405,96.6,2.741,96.6,2.473,75.9,-0.122,69.0,-0.235,98.3,1.347,82.8,0.826,69.0,-0.163,36.2,-0.294,98.3,2.168,86.2,1.426,63.8,-0.182,53.4,-0.365,91.4,1.304,55.2,0.028,57.8,-0.239,29.3,-0.584
21k54i5a6d9bi4f6gplgzxiw9,G. Til,PSV Eindhoven,Midfielder,3,1.522231132079864,0.0037179165918568,0.0018595954680691,0.9392,0.4766,0.0012,0.0006,2,1.164667128483161,0.0009868810103638,0.0008830754515854,0.9392,0.5469,0.0005,0.0004,1,0.3575640035967024,0.002731035581493,0.0009765200164837,0.9392,0.3358,0.0026,0.0009,2,1.164667128483161,0.0009868810103638,0.0008830754515854,0.9392,0.5469,0.0005,0.0004,1,0.3575640035967024,0.002731035581493,0.0009765200164837,0.9392,0.3358,0.0026,0.0009,3,1.522231132079864,0.0037179165918568,0.0018595954680691,0.9392,0.4766,0.0012,0.0006,51.2,-0.34,49.4,-0.372,81.7,0.0,79.9,0.127,65.2,-0.483,36.6,-0.397,81.7,0.059,80.5,0.202,59.1,-0.136,62.8,-0.05,82.0,-0.086,87.8,0.185,74.4,0.165,56.1,0.274,81.7,0.008,86.3,0.31,40.5,-0.449,37.8,-0.555,84.1,0.06,79.3,0.023,78.0,0.315,42.7,-0.177,89.0,0.511,87.5,0.486,61.6,-0.112,64.0,-0.02,81.4,-0.095,85.4,0.218,84.1,0.414,66.5,0.521,84.5,-0.023,87.2,0.313,34.8,-0.494,28.7,-0.65,84.8,0.069,82.9,0.014,82.9,0.286,34.8,-0.321,90.2,0.618,89.6,0.421,51.2,-0.2,49.4,-0.233,83.5,0.117,81.7,0.288,68.3,-0.456,37.8,-0.378,81.4,0.052,79.6,0.198
22alh32lu88yabxd4pl0opg5w,K. Boogaard,Alkmaar Zaanstreek,Midfielder,4,1.859961937657743,0.0013004455549781,0.0006672392845491,0.9357,0.4351,0.0003,0.0002,4,1.859961937657743,0.0013004455549781,0.0006672392845491,0.9357,0.4351,0.0003,0.0002,0,0.0,0.0,0.0,0.0,0.0,0.0,0.0,4,1.859961937657743,0.0013004455549781,0.0006672392845491,0.9357,0.4351,0.0003,0.0002,0,0.0,0.0,0.0,0.0,0.0,0.0,0.0,4,1.859961937657743,0.0013004455549781,0.0006672392845491,0.9357,0.4351,0.0003,0.0002,61.0,-0.138,56.7,-0.227,66.5,-0.318,64.6,-0.278,56.7,-0.499,28.7,-0.612,63.7,-0.284,65.5,-0.213,80.5,0.66,77.4,0.496,84.5,-0.01,83.5,0.061,67.1,0.158,40.9,-0.101,78.0,-0.138,79.3,-0.013,13.4,-0.783,13.4,-0.802,27.1,-0.399,27.1,-0.413,13.4,-1.515,13.4,-1.282,31.1,-0.337,31.7,-0.363,81.1,0.596,78.0,0.468,83.5,-0.023,82.9,0.079,74.4,0.407,50.6,0.129,80.5,-0.129,81.4,-0.009,9.5,-0.856,9.5,-0.927,27.7,-0.387,27.7,-0.385,9.5,-1.876,9.5,-1.403,32.0,-0.317,32.9,-0.295,61.0,0.255,57.9,0.05,68.9,-0.286,67.7,-0.228,59.1,-0.472,31.1,-0.585,66.2,-0.288,66.8,-0.214
247ipjjd0cak2sggwbuorx4yy,B. Pereira,Nijmegen Eendracht Combinatie,Defender,5,2.615446912487084,0.0008520125670932999,0.0003448417199578,1.1548,0.6041,0.0002,0.0001,3,1.433186186196708,0.0006949032973331,0.0001900392893203,1.3858,0.662,0.0003,0.0001,2,1.182260726290376,0.0001571092697602,0.0001548024306375,0.9239,0.5461,0.0001,0.0001,0,0.0,0.0,0.0,0.0,0.0,0.0,0.0,5,2.615446912487084,0.0008520125670932999,0.0003448417199578,1.1548,0.6041,0.0002,0.0001,5,2.615446912487084,0.0008520125670932999,0.0003448417199578,1.1548,0.6041,0.0002,0.0001,36.7,-0.545,45.2,-0.415,33.3,-0.659,32.6,-0.652,50.4,-0.22,81.5,0.66,34.4,-0.588,35.9,-0.523,44.8,-0.428,47.4,-0.346,56.3,-0.436,51.9,-0.47,69.6,0.467,80.7,0.814,61.9,-0.338,57.0,-0.378,31.1,-0.624,45.2,-0.44,45.9,-0.622,46.7,-0.596,21.5,-0.388,65.9,0.401,46.7,-0.454,49.6,-0.43,9.6,-0.879,9.6,-0.896,28.1,-0.417,28.1,-0.435,9.6,-1.849,9.6,-1.647,32.6,-0.301,33.0,-0.354,60.0,-0.146,68.9,0.151,45.2,-0.579,42.2,-0.558,71.1,0.324,88.1,0.983,39.6,-0.534,40.4,-0.477,42.2,-0.196,62.2,0.383,44.4,-0.613,43.7,-0.579,57.0,-0.217,78.5,0.623,41.9,-0.592,42.6,-0.513
24sgu58uugxgy49el075dz21g,E. Bajraktarević,PSV Eindhoven,Midfielder,1,0.9176857280804432,0.0,0.0,0.9417,0.8642,0.0,0.0,1,0.9176857280804432,0.0,0.0,0.9417,0.8642,0.0,0.0,0,0.0,0.0,0.0,0.0,0.0,0.0,0.0,1,0.9176857280804432,0.0,0.0,0.9417,0.8642,0.0,0.0,0,0.0,0.0,0.0,0.0,0.0,0.0,0.0,1,0.9176857280804432,0.0,0.0,0.9417,0.8642,0.0,0.0,12.8,-0.744,28.0,-0.631,16.5,-0.489,16.5,-0.504,67.1,-0.471,95.7,1.616,23.2,-0.398,24.4,-0.421,34.5,-0.534,50.0,-0.245,30.5,-0.323,30.5,-0.323,75.6,0.171,95.1,1.341,34.8,-0.357,34.8,-0.336,13.4,-0.783,13.4,-0.802,27.1,-0.399,27.1,-0.413,13.4,-1.515,13.4,-1.282,31.1,-0.337,31.7,-0.363,38.7,-0.466,55.5,-0.193,30.2,-0.322,30.2,-0.352,84.8,0.42,95.7,1.634,34.5,-0.289,35.1,-0.331,9.5,-0.856,9.5,-0.927,27.7,-0.387,27.7,-0.385,9.5,-1.876,9.5,-1.403,32.0,-0.317,32.9,-0.295,12.8,-1.11,28.0,-0.74,17.4,-0.502,17.4,-0.516,70.1,-0.444,94.5,1.55,23.8,-0.402,25.3,-0.421
264gu641hrd38wqf28xolwhlg,R. Bounida,AFC Ajax,Forward,2,1.473486178791537,0.0,0.0,0.9335,0.6878,0.0,0.0,1,0.9907133701438178,0.0,0.0,0.9335,0.9249,0.0,0.0,1,0.4827728086477187,0.0,0.0,0.9335,0.4507,0.0,0.0,0,0.0,0.0,0.0,0.0,0.0,0.0,0.0,2,1.473486178791537,0.0,0.0,0.9335,0.6878,0.0,0.0,2,1.473486178791537,0.0,0.0,0.9335,0.6878,0.0,0.0,39.7,-0.502,60.3,-0.197,23.3,-0.389,23.3,-0.523,47.4,-0.41,86.2,0.955,27.6,-0.405,29.3,-0.589,43.1,-0.4,77.6,0.142,30.2,-0.292,30.2,-0.429,63.8,0.375,100.0,1.825,31.9,-0.338,35.3,-0.477,38.8,-0.438,43.1,-0.417,36.2,-0.332,36.2,-0.372,66.4,0.283,56.9,0.195,37.1,-0.48,37.9,-0.495,16.4,-0.897,16.4,-0.862,34.5,-0.345,34.5,-0.359,16.4,-1.43,16.4,-1.224,35.3,-0.423,37.9,-0.405,63.8,0.009,82.8,0.541,32.8,-0.27,32.8,-0.394,64.7,0.246,86.2,1.091,33.6,-0.202,36.2,-0.294,39.7,-0.542,60.3,-0.019,23.3,-0.332,23.3,-0.519,50.9,-0.376,87.9,1.023,26.7,-0.388,29.3,-0.584
28rtnolu3a2au3on0jtwzhu6s,P. Ugwu,FC Volendam,Defender,8,2.596422332703681,0.020243963868883,0.0056363848245479,0.9382,0.3045,0.0024,0.0007,4,1.142483306484728,0.020243963868883,0.0056363848245479,0.9382,0.268,0.0047,0.0013,4,1.453939026218953,0.0,0.0,0.9382,0.341,0.0,0.0,4,0.8633859443566815,0.020243963868883,0.0056363848245479,0.9382,0.2025,0.0047,0.0013,4,1.733036388346999,0.0,0.0,0.9382,0.4065,0.0,0.0,5,1.502037992820397,0.020243963868883,0.0056363848245479,0.9382,0.2818,0.0038,0.0011,56.3,-0.256,44.4,-0.42,71.1,0.291,71.1,0.138,30.4,-0.911,4.4,-1.383,75.2,0.244,72.6,0.121,54.4,-0.258,43.0,-0.478,87.4,1.239,87.4,0.976,45.2,-0.371,17.8,-0.831,93.3,1.313,92.2,1.15,55.2,-0.226,54.1,-0.301,21.1,-0.634,21.1,-0.632,48.5,-0.36,28.9,-0.507,22.6,-0.475,23.7,-0.501,60.4,-0.16,43.7,-0.493,93.3,1.991,91.9,1.669,61.9,0.098,20.0,-0.712,97.0,1.545,95.6,1.632,50.7,-0.337,51.1,-0.296,15.2,-0.628,15.2,-0.618,53.3,-0.439,39.3,-0.261,17.0,-0.595,17.4,-0.561,42.2,-0.196,27.4,-0.677,81.5,0.934,83.0,0.771,35.2,-0.814,3.7,-1.361,79.6,0.664,81.5,0.514
2922aevmtpw4qvcwohmxmqtbd,T. Tomiyasu,AFC Ajax,Defender,1,0.2657877151620094,0.0,0.0,0.897,0.2384,0.0,0.0,1,0.2657877151620094,0.0,0.0,0.897,0.2384,0.0,0.0,0,0.0,0.0,0.0,0.0,0.0,0.0,0.0,0,0.0,0.0,0.0,0.0,0.0,0.0,0.0,1,0.2657877151620094,0.0,0.0,0.897,0.2384,0.0,0.0,1,0.2657877151620094,0.0,0.0,0.897,0.2384,0.0,0.0,4.1,-0.93,1.5,-1.017,10.4,-0.701,10.4,-0.703,0.7,-1.043,0.7,-1.834,11.9,-0.664,14.1,-0.631,17.8,-0.767,15.6,-0.877,21.9,-0.495,21.9,-0.521,11.1,-0.448,14.1,-0.955,25.9,-0.451,26.7,-0.506,4.4,-1.022,4.4,-1.043,21.1,-0.634,21.1,-0.632,4.4,-2.18,4.4,-2.019,22.6,-0.475,23.7,-0.501,9.6,-0.879,9.6,-0.896,28.1,-0.417,28.1,-0.435,9.6,-1.849,9.6,-1.647,32.6,-0.301,33.0,-0.354,9.3,-0.911,3.7,-1.041,15.2,-0.628,15.2,-0.618,3.7,-0.584,3.7,-1.319,17.0,-0.595,17.4,-0.561,4.1,-1.648,1.5,-1.854,13.7,-0.681,13.7,-0.667,0.7,-0.927,0.7,-1.628,16.3,-0.662,18.1,-0.615
29fr98or3mqippn84z3p9ihhw,L. Valente,Feyenoord Rotterdam,Midfielder,14,7.634161925338159,0.0004925725737491018,0.0004288263339197768,1.1763,0.6415,0.0,0.0,5,3.211773409384335,0.0,0.0,1.1553,0.7421,0.0,0.0,9,4.422388515953824,0.0004925725737491018,0.0004288263339197768,1.1883,0.5839,0.0001,0.0001,7,3.689620974676818,6.271164458360179e-05,2.534314971737681e-05,0.9243,0.4872,0.0,0.0,7,3.944540950661341,0.0004298609291655,0.0004034831842024,1.294,0.7292,0.0001,0.0001,5,3.004485725717529,6.271164458360179e-05,2.534314971737681e-05,0.9243,0.5554,0.0,0.0,95.7,1.883,97.0,2.246,54.3,-0.424,59.1,-0.359,82.9,0.618,70.7,0.46,23.2,-0.398,24.4,-0.421,87.8,1.058,92.7,1.559,30.5,-0.323,30.5,-0.323,81.1,0.629,79.3,0.931,34.8,-0.357,34.8,-0.336,96.6,2.227,97.6,2.251,69.5,-0.316,72.6,-0.221,84.1,0.801,75.6,0.639,64.6,-0.304,68.0,-0.268,93.9,1.657,93.3,1.752,62.8,-0.307,62.8,-0.336,37.8,0.381,57.3,0.312,34.5,-0.289,35.1,-0.331,94.2,1.676,97.0,2.127,69.8,-0.315,75.0,-0.22,96.3,1.103,86.0,0.946,66.8,-0.281,70.4,-0.215,72.9,0.711,79.9,1.008,39.6,-0.492,39.6,-0.505,17.7,-0.523,56.7,0.014,23.8,-0.402,25.3,-0.421
29q4j9r2lgdsdkkq2fgh8l7o4,Ayoni Santos,Sparta Rotterdam,Midfielder,4,2.80982790421851,2.805699356039915e-07,1.876284345510816e-07,0.9323,0.6549,0.0,0.0,1,0.22602767367237,0.0,0.0,0.9323,0.2107,0.0,0.0,3,2.58380023054614,2.805699356039915e-07,1.876284345510816e-07,0.9323,0.8029,0.0,0.0,2,1.174118685073856,0.0,0.0,0.9323,0.5473,0.0,0.0,2,1.635709219144654,2.805699356039915e-07,1.876284345510816e-07,0.9323,0.7625,0.0,0.0,4,2.80982790421851,2.805699356039915e-07,1.876284345510816e-07,0.9323,0.6549,0.0,0.0,61.0,-0.138,71.3,0.18,32.9,-0.489,32.9,-0.504,46.3,-0.515,73.2,0.529,23.2,-0.398,24.4,-0.421,34.5,-0.534,22.0,-0.788,30.5,-0.323,30.5,-0.323,57.3,0.15,22.6,-0.856,34.8,-0.357,34.8,-0.336,72.3,0.22,87.2,0.982,54.3,-0.399,54.3,-0.413,64.6,0.302,89.6,1.36,31.1,-0.337,31.7,-0.363,61.6,-0.112,65.2,-0.013,30.2,-0.322,30.2,-0.352,61.0,0.399,67.1,0.523,34.5,-0.289,35.1,-0.331,58.5,-0.132,73.2,0.339,55.5,-0.387,55.5,-0.385,62.8,0.27,87.2,1.054,32.0,-0.317,32.9,-0.295,61.0,0.255,78.0,0.845,34.8,-0.502,34.8,-0.516,48.2,-0.487,73.8,0.509,23.8,-0.402,25.3,-0.421
2by23cpjtr9tsw1m4ak1w73oq,G. Crettaz,Nijmegen Eendracht Combinatie,Goalkeeper,7,1.570579103979037,0.0,0.0,0.9187,0.2061,0.0,0.0,3,0.7461701290605796,0.0,0.0,0.9187,0.2285,0.0,0.0,4,0.8244089749184577,0.0,0.0,0.9187,0.1893,0.0,0.0,4,0.6620235957183895,0.0,0.0,0.9187,0.152,0.0,0.0,3,0.9085555082606478,0.0,0.0,0.9187,0.2782,0.0,0.0,5,0.9991492038736958,0.0,0.0,0.9187,0.1836,0.0,0.0,78.1,0.069,75.0,-0.134,25.0,-0.573,25.0,-0.638,6.2,-0.632,34.4,-0.418,26.6,-0.505,26.6,-0.572,70.3,-0.12,71.9,-0.192,32.8,-0.467,32.8,-0.48,15.6,-0.234,53.1,-0.171,34.4,-0.408,34.4,-0.488,81.2,0.246,78.1,-0.068,35.9,-0.527,35.9,-0.534,40.6,0.416,53.1,0.072,35.9,-0.37,35.9,-0.477,79.7,0.088,71.9,-0.231,37.5,-0.292,37.5,-0.426,34.4,0.349,50.0,-0.237,37.5,-0.285,37.5,-0.386,75.0,0.036,78.1,0.046,31.2,-0.538,31.2,-0.601,18.8,0.104,68.8,0.421,32.8,-0.482,32.8,-0.519,73.4,0.406,71.9,-0.073,26.6,-0.472,26.6,-0.677,6.2,-0.597,31.2,-0.517,28.1,-0.496,28.1,-0.555
2ekx0fvuf0dsat062oj430d05,G. Nauber,Go Ahead Eagles,Defender,8,2.363417050360576,0.0044598387495096,0.001123326525484,1.0519,0.3108,0.0006,0.0001,5,1.400770664061802,0.0009433334691576,0.0002537488544197,1.1506,0.3223,0.0002,0.0001,3,0.9626463862987747,0.003516505280352,0.0008695776710643,0.9205,0.2954,0.0011,0.0003,7,2.094425370624708,0.003516505280352,0.0008695776710643,0.9205,0.2754,0.0005,0.0001,1,0.2689916797358686,0.0009433334691576,0.0002537488544197,0.9205,0.2476,0.0009,0.0002,6,1.766926200108962,0.0009433334691576,0.0002537488544197,1.1045,0.3253,0.0002,0.0,56.3,-0.256,42.2,-0.48,52.6,-0.482,46.7,-0.536,38.5,-0.548,6.7,-1.34,51.1,-0.437,35.9,-0.523,62.6,-0.088,46.7,-0.361,62.2,-0.414,54.1,-0.453,53.3,0.027,25.9,-0.605,58.1,-0.376,57.0,-0.378,44.8,-0.425,35.6,-0.552,62.2,-0.372,59.3,-0.432,18.1,-0.394,22.2,-0.71,66.3,-0.24,63.0,-0.288,75.9,0.38,67.4,0.081,81.5,0.002,76.3,-0.11,27.8,0.061,32.6,-0.375,78.1,-0.104,70.4,-0.201,9.3,-0.911,4.4,-1.039,46.7,-0.573,37.0,-0.574,15.2,-0.501,4.4,-1.261,58.1,-0.322,48.9,-0.394,60.4,0.167,37.8,-0.425,45.9,-0.606,37.0,-0.602,43.0,-0.356,11.1,-1.093,41.9,-0.592,18.1,-0.615
2f8lk6lxav7hl7xlqt9an18x6,H. Petrov,SC Heerenveen,Defender,5,1.459082584643887,0.0223761247412486,0.0056229119812255,1.157,0.3376,0.0052,0.0013,1,0.3405966987121768,0.0,0.0,0.9256,0.3152,0.0,0.0,4,1.11848588593171,0.0223761247412486,0.0056229119812255,1.2341,0.3451,0.0069,0.0017,1,0.3405966987121768,0.0,0.0,0.9256,0.3152,0.0,0.0,4,1.11848588593171,0.0223761247412486,0.0056229119812255,1.2341,0.3451,0.0069,0.0017,5,1.459082584643887,0.0223761247412486,0.0056229119812255,1.157,0.3376,0.0052,0.0013,36.7,-0.545,25.2,-0.711,76.3,0.396,70.4,0.136,51.1,-0.212,10.4,-1.157,92.6,1.304,90.4,0.765,17.8,-0.767,17.8,-0.843,21.9,-0.495,21.9,-0.521,20.7,-0.394,25.2,-0.634,25.9,-0.451,26.7,-0.506,55.2,-0.226,41.5,-0.472,83.7,1.031,78.5,0.661,65.9,0.214,30.7,-0.489,90.7,0.998,85.9,0.707,26.3,-0.699,25.9,-0.737,28.1,-0.417,28.1,-0.435,34.1,0.072,36.3,-0.191,32.6,-0.301,33.0,-0.354,50.7,-0.337,30.4,-0.608,80.7,0.674,77.0,0.362,79.3,0.603,25.2,-0.647,93.3,1.495,90.0,0.858,42.2,-0.196,25.2,-0.718,86.7,1.104,82.2,0.768,57.8,-0.211,13.3,-1.017,90.4,1.152,86.7,0.72
2fadtqb0v2zreactvdosbxy50,Y. Borges Sanches,Heracles Almelo,Midfielder,1,0.3645226031155756,0.0,0.0,0.9384,0.3421,0.0,0.0,1,0.3645226031155756,0.0,0.0,0.9384,0.3421,0.0,0.0,0,0.0,0.0,0.0,0.0,0.0,0.0,0.0,1,0.3645226031155756,0.0,0.0,0.9384,0.3421,0.0,0.0,0,0.0,0.0,0.0,0.0,0.0,0.0,0.0,1,0.3645226031155756,0.0,0.0,0.9384,0.3421,0.0,0.0,12.8,-0.744,7.9,-0.868,16.5,-0.489,16.5,-0.504,63.4,-0.486,11.6,-1.095,23.2,-0.398,24.4,-0.421,34.5,-0.534,28.0,-0.679,30.5,-0.323,30.5,-0.323,73.2,0.163,31.1,-0.414,34.8,-0.357,34.8,-0.336,13.4,-0.783,13.4,-0.802,27.1,-0.399,27.1,-0.413,13.4,-1.515,13.4,-1.282,31.1,-0.337,31.7,-0.363,38.7,-0.466,34.1,-0.581,30.2,-0.322,30.2,-0.352,82.9,0.413,39.0,-0.197,34.5,-0.289,35.1,-0.331,9.5,-0.856,9.5,-0.927,27.7,-0.387,27.7,-0.385,9.5,-1.876,9.5,-1.403,32.0,-0.317,32.9,-0.295,12.8,-1.11,7.9,-1.203,17.4,-0.502,17.4,-0.516,66.5,-0.459,12.8,-1.047,23.8,-0.402,25.3,-0.421
2fbolmn7pyvn5oto4zoeqguwa,N. Kasanwirjo,Fortuna Sittard,Defender,2,0.8465875166843715,0.0012837108735219,0.0004158849860069,0.9254,0.3917,0.0006,0.0002,0,0.0,0.0,0.0,0.0,0.0,0.0,0.0,2,0.8465875166843715,0.0012837108735219,0.0004158849860069,0.9254,0.3917,0.0006,0.0002,1,0.3239709147792256,0.0012837108735219,0.0004158849860069,0.9254,0.2998,0.0012,0.0004,1,0.5226166019051459,0.0,0.0,0.9254,0.4837,0.0,0.0,2,0.8465875166843715,0.0012837108735219,0.0004158849860069,0.9254,0.3917,0.0006,0.0002,11.9,-0.834,10.4,-0.868,37.0,-0.638,34.8,-0.641,10.4,-0.952,22.2,-0.789,51.1,-0.437,48.1,-0.416,5.6,-0.937,5.6,-0.998,21.9,-0.495,21.9,-0.521,5.6,-2.127,5.6,-1.95,25.9,-0.451,26.7,-0.506,31.1,-0.624,29.6,-0.611,54.1,-0.538,53.3,-0.536,23.0,-0.385,37.8,-0.283,59.3,-0.347,56.7,-0.359,26.3,-0.699,25.2,-0.745,70.4,-0.264,71.1,-0.28,33.3,0.071,34.8,-0.262,87.8,0.171,86.7,0.257,9.3,-0.911,12.6,-0.911,15.2,-0.628,15.2,-0.618,20.7,-0.484,63.0,0.225,17.0,-0.595,17.4,-0.561,11.9,-1.285,10.4,-1.301,47.4,-0.578,45.9,-0.56,11.9,-0.849,27.4,-0.684,55.6,-0.453,54.1,-0.41
2gsq05yyxwe4f8t79j6d49q6t,I. Perišić,PSV Eindhoven,Midfielder,7,4.727037292777871,0.003567828062004489,0.001967901685456213,1.0903,0.7363,0.0006,0.0003,4,2.439667514658166,0.0007950504241177,0.0007229974409044,1.2461,0.76,0.0002,0.0002,3,2.287369778119706,0.002772777637886789,0.001244904244551813,0.9346,0.7126,0.0009,0.0004,5,2.930328457052252,0.002772777637886789,0.001244904244551813,0.9346,0.5477,0.0005,0.0002,2,1.796708835725619,0.0007950504241177,0.0007229974409044,0.9346,0.8396,0.0004,0.0003,6,4.388959299519493,0.003567828062004489,0.001967901685456213,1.1215,0.8204,0.0007,0.0004,78.7,0.468,87.2,1.001,79.9,-0.02,81.1,0.163,73.2,0.219,82.3,0.952,70.4,-0.169,71.6,-0.11,80.5,0.66,85.4,0.952,78.7,-0.132,86.0,0.093,89.0,0.824,81.1,0.991,75.6,-0.211,79.3,-0.013,72.3,0.22,82.9,0.777,84.8,0.067,80.5,0.143,70.7,0.306,85.4,1.062,82.9,-0.044,81.1,0.014,86.6,0.949,89.0,1.219,92.1,0.315,89.0,0.452,69.5,0.404,67.7,0.524,84.5,-0.023,81.4,-0.009,58.5,-0.132,75.6,0.464,77.4,-0.254,79.9,-0.089,73.2,0.275,93.9,1.302,78.0,-0.173,79.9,-0.056,85.4,1.166,97.6,2.168,81.7,0.092,82.9,0.335,78.0,0.374,89.0,1.332,73.8,-0.137,74.1,-0.008
2hbduprkyabq8g1nhe6b4g3bp,M. Pjaca,FC Twente,Midfielder,2,1.239747104590395,0.0,0.0,0.9328,0.5782,0.0,0.0,1,0.9076305687431704,0.0,0.0,0.9328,0.8467,0.0,0.0,1,0.3321165358472245,0.0,0.0,0.9328,0.3098,0.0,0.0,1,0.9076305687431704,0.0,0.0,0.9328,0.8467,0.0,0.0,1,0.3321165358472245,0.0,0.0,0.9328,0.3098,0.0,0.0,2,1.239747104590395,0.0,0.0,0.9328,0.5782,0.0,0.0,35.7,-0.542,40.2,-0.493,16.5,-0.489,16.5,-0.504,49.1,-0.512,59.1,0.131,23.2,-0.398,24.4,-0.421,34.5,-0.534,49.4,-0.253,30.5,-0.323,30.5,-0.323,58.8,0.151,93.3,1.282,34.8,-0.357,34.8,-0.336,40.5,-0.449,35.4,-0.572,27.1,-0.399,27.1,-0.413,66.5,0.303,38.4,-0.263,31.1,-0.337,31.7,-0.363,38.7,-0.466,53.7,-0.2,30.2,-0.322,30.2,-0.352,62.8,0.4,93.9,1.573,34.5,-0.289,35.1,-0.331,34.8,-0.494,27.4,-0.67,27.7,-0.387,27.7,-0.385,65.5,0.271,29.9,-0.405,32.0,-0.317,32.9,-0.295,35.7,-0.655,40.2,-0.47,17.4,-0.502,17.4,-0.516,50.9,-0.485,60.4,0.127,23.8,-0.402,25.3,-0.421
2ifp36vdm0d6rb3xc7muuvv11,D. Limnios,Fortuna Sittard,Midfielder,4,2.751422493629393,0.0004298609291655933,0.0002443673478434149,0.9214,0.6338,0.0001,0.0001,3,2.397459387930453,0.0004298609291655933,0.0002443673478434149,0.9214,0.7363,0.0001,0.0001,1,0.3539631056989398,0.0,0.0,0.9214,0.3261,0.0,0.0,3,2.256048300415032,7.558321744219332e-05,6.886731222461495e-05,0.9214,0.6929,0.0,0.0,1,0.4953741932143612,0.0003542777117234,0.0001755000356188,0.9214,0.4564,0.0003,0.0002,4,2.751422493629393,0.0004298609291655933,0.0002443673478434149,0.9214,0.6338,0.0001,0.0001,61.0,-0.138,70.1,0.155,51.2,-0.433,51.2,-0.421,11.6,-0.565,69.5,0.42,50.6,-0.36,55.2,-0.317,72.3,0.262,84.8,0.919,74.4,-0.22,72.0,-0.182,26.2,0.127,77.4,0.911,71.6,-0.284,73.2,-0.174,40.5,-0.449,37.2,-0.557,27.1,-0.399,27.1,-0.413,36.3,0.281,41.5,-0.209,31.1,-0.337,31.7,-0.363,74.1,0.242,84.1,0.746,66.2,-0.304,67.7,-0.308,32.3,0.375,84.8,1.033,34.5,-0.289,35.1,-0.331,34.8,-0.494,36.0,-0.544,68.3,-0.328,68.9,-0.313,30.2,0.245,51.8,0.067,76.8,-0.209,76.8,-0.136,61.0,0.255,76.8,0.796,54.3,-0.431,53.7,-0.411,12.2,-0.537,72.3,0.404,51.2,-0.364,57.0,-0.318
2nwthqvbk70e2qo35dgp35979,V. van Crooij,Sparta Rotterdam,Midfielder,1,0.8521294108057672,0.0,0.0,0.9273,0.7902,0.0,0.0,1,0.8521294108057672,0.0,0.0,0.9273,0.7902,0.0,0.0,0,0.0,0.0,0.0,0.0,0.0,0.0,0.0,0,0.0,0.0,0.0,0.0,0.0,0.0,0.0,1,0.8521294108057672,0.0,0.0,0.9273,0.7902,0.0,0.0,1,0.8521294108057672,0.0,0.0,0.9273,0.7902,0.0,0.0,12.8,-0.744,23.8,-0.659,16.5,-0.489,16.5,-0.504,23.8,-0.538,87.8,1.232,23.2,-0.398,24.4,-0.421,34.5,-0.534,42.1,-0.296,30.5,-0.323,30.5,-0.323,39.0,0.14,83.5,1.092,34.8,-0.357,34.8,-0.336,13.4,-0.783,13.4,-0.802,27.1,-0.399,27.1,-0.413,13.4,-1.515,13.4,-1.282,31.1,-0.337,31.7,-0.363,12.5,-0.82,12.5,-0.837,30.2,-0.322,30.2,-0.352,12.5,-1.672,12.5,-1.397,34.5,-0.289,35.1,-0.331,34.8,-0.494,47.6,-0.267,27.7,-0.387,27.7,-0.385,42.1,0.259,89.0,1.143,32.0,-0.317,32.9,-0.295,12.8,-1.11,23.8,-0.795,17.4,-0.502,17.4,-0.516,25.6,-0.51,84.8,1.182,23.8,-0.402,25.3,-0.421
2t2mq9pun2hrdvadnpixxvlzo,A. Blake,FC Utrecht,Midfielder,1,0.5900968554572257,0.0,0.0,0.9146,0.5397,0.0,0.0,1,0.5900968554572257,0.0,0.0,0.9146,0.5397,0.0,0.0,0,0.0,0.0,0.0,0.0,0.0,0.0,0.0,0,0.0,0.0,0.0,0.0,0.0,0.0,0.0,1,0.5900968554572257,0.0,0.0,0.9146,0.5397,0.0,0.0,1,0.5900968554572257,0.0,0.0,0.9146,0.5397,0.0,0.0,12.8,-0.744,17.1,-0.771,16.5,-0.489,16.5,-0.504,3.7,-0.597,50.0,-0.069,23.2,-0.398,24.4,-0.421,34.5,-0.534,36.6,-0.502,30.5,-0.323,30.5,-0.323,20.1,0.112,55.5,0.25,34.8,-0.357,34.8,-0.336,13.4,-0.783,13.4,-0.802,27.1,-0.399,27.1,-0.413,13.4,-1.515,13.4,-1.282,31.1,-0.337,31.7,-0.363,12.5,-0.82,12.5,-0.837,30.2,-0.322,30.2,-0.352,12.5,-1.672,12.5,-1.397,34.5,-0.289,35.1,-0.331,34.8,-0.494,38.4,-0.47,27.7,-0.387,27.7,-0.385,21.3,0.229,65.9,0.336,32.0,-0.317,32.9,-0.295,12.8,-1.11,17.1,-1.014,17.4,-0.502,17.4,-0.516,3.7,-0.568,51.2,-0.064,23.8,-0.402,25.3,-0.421
2tc8y9du64tjno62zll2jhy7e,Y. Cathline,FC Utrecht,Midfielder,2,1.208948185428148,0.0222449762958256,0.007843048531469301,0.9187,0.5553,0.0102,0.0036,1,0.865374678612747,0.0003837937270193,0.0003321253731729,0.9187,0.795,0.0004,0.0003,1,0.343573506815401,0.0218611825688063,0.0075109231582964,0.9187,0.3156,0.0201,0.0069,2,1.208948185428148,0.0222449762958256,0.007843048531469301,0.9187,0.5553,0.0102,0.0036,0,0.0,0.0,0.0,0.0,0.0,0.0,0.0,2,1.208948185428148,0.0222449762958256,0.007843048531469301,0.9187,0.5553,0.0102,0.0036,35.7,-0.542,39.0,-0.506,95.7,2.438,95.1,2.157,6.7,-0.578,55.5,0.012,98.2,3.488,98.2,3.317,34.5,-0.534,44.5,-0.286,72.6,-0.231,75.6,-0.132,22.0,0.121,84.8,1.108,79.9,-0.065,83.2,0.149,40.5,-0.449,36.0,-0.565,97.6,3.277,97.0,2.94,31.7,0.275,39.6,-0.244,99.4,6.218,99.4,6.142,61.6,-0.112,66.5,0.011,98.8,4.789,99.4,4.716,26.8,0.369,68.9,0.551,99.4,5.13,98.8,5.468,9.5,-0.856,9.5,-0.927,27.7,-0.387,27.7,-0.385,9.5,-1.876,9.5,-1.403,32.0,-0.317,32.9,-0.295,35.7,-0.655,39.0,-0.496,97.6,3.205,97.6,2.876,6.7,-0.549,55.8,0.013,98.2,3.452,98.2,3.292
2teefpvijsbzag4yi7fm1pyol,A. Sampsted,Go Ahead Eagles,Defender,4,1.785843857620515,0.04126931588175541,0.0090280940532325,0.9408,0.42,0.0097,0.0021,1,0.8869506334599137,0.0,0.0,0.9408,0.8344,0.0,0.0,3,0.8988932241606011,0.04126931588175541,0.0090280940532325,0.9408,0.2819,0.0129,0.0028,2,0.4283072848848259,0.0405291646472508,0.0086797892893371,0.9408,0.2015,0.0191,0.0041,2,1.357536572735689,0.0007401512345046,0.0003483047638954,0.9408,0.6386,0.0003,0.0002,4,1.785843857620515,0.04126931588175541,0.0090280940532325,0.9408,0.42,0.0097,0.0021,28.9,-0.641,32.6,-0.628,88.9,1.321,82.2,0.645,31.9,-0.903,28.9,-0.596,96.3,3.007,93.3,1.625,17.8,-0.767,32.6,-0.594,21.9,-0.495,21.9,-0.521,47.4,-0.366,94.8,1.533,25.9,-0.451,26.7,-0.506,44.8,-0.425,31.9,-0.584,97.8,2.436,89.6,1.444,51.1,-0.355,18.5,-0.769,96.3,2.278,94.8,1.489,39.3,-0.519,28.9,-0.696,100.0,4.404,97.0,2.805,65.2,0.103,19.3,-0.716,100.0,7.202,99.3,5.911,24.8,-0.719,43.0,-0.487,39.3,-0.585,43.0,-0.557,55.6,-0.43,92.6,1.201,44.1,-0.504,48.9,-0.394,28.9,-0.559,38.5,-0.407,97.0,2.611,91.9,1.636,37.0,-0.807,37.0,-0.51,95.6,2.722,93.0,1.541
2uw0batubkzwe3gcexxwa22cq,T. Jansink,Heracles Almelo,Goalkeeper,1,0.4199486509477745,0.0,0.0,0.9368,0.3934,0.0,0.0,1,0.4199486509477745,0.0,0.0,0.9368,0.3934,0.0,0.0,0,0.0,0.0,0.0,0.0,0.0,0.0,0.0,1,0.4199486509477745,0.0,0.0,0.9368,0.3934,0.0,0.0,0,0.0,0.0,0.0,0.0,0.0,0.0,0.0,1,0.4199486509477745,0.0,0.0,0.9368,0.3934,0.0,0.0,12.5,-0.63,34.4,-0.466,25.0,-0.573,25.0,-0.638,50.0,-0.566,81.2,0.793,26.6,-0.505,26.6,-0.572,26.6,-0.573,59.4,-0.374,32.8,-0.467,32.8,-0.48,59.4,-0.2,78.1,0.628,34.4,-0.408,34.4,-0.488,20.3,-0.628,20.3,-0.536,35.9,-0.527,35.9,-0.534,20.3,-1.19,20.3,-0.982,35.9,-0.37,35.9,-0.477,42.2,-0.474,62.5,-0.338,37.5,-0.292,37.5,-0.426,68.8,0.385,87.5,1.064,37.5,-0.285,37.5,-0.386,9.4,-0.822,9.4,-0.662,31.2,-0.538,31.2,-0.601,9.4,-2.078,9.4,-1.436,32.8,-0.482,32.8,-0.519,12.5,-0.962,34.4,-0.512,26.6,-0.472,26.6,-0.677,50.0,-0.546,81.2,0.467,28.1,-0.496,28.1,-0.555
2vfhae70oyyzm0qttlckworqi,A. Carlén,SBV Excelsior,Midfielder,6,2.888116530282889,0.0010263687754506,0.0003606712458263,1.1161,0.5372,0.0002,0.0001,5,2.614544516133162,0.000129668872711,0.000115359247346,1.1626,0.6079,0.0,0.0,1,0.2735720141497276,0.0008966999027396,0.0002453119984803,0.93,0.2544,0.0008,0.0002,3,2.012875178390352,0.0010263687754506,0.0003606712458263,0.93,0.624,0.0003,0.0001,3,0.8752413518925366,0.0,0.0,1.3951,0.407,0.0,0.0,6,2.888116530282889,0.0010263687754506,0.0003606712458263,1.1161,0.5372,0.0002,0.0001,74.4,0.266,72.0,0.213,65.2,-0.354,55.5,-0.382,76.8,0.338,49.4,-0.082,58.8,-0.322,55.2,-0.317,87.8,1.058,86.6,1.089,67.4,-0.292,68.3,-0.257,82.3,0.644,66.5,0.479,34.8,-0.357,34.8,-0.336,40.5,-0.449,31.7,-0.613,76.8,-0.248,67.7,-0.303,53.4,0.297,34.8,-0.445,81.4,-0.076,73.8,-0.174,74.1,0.242,82.9,0.576,82.3,-0.086,77.4,-0.119,51.5,0.394,76.8,0.792,80.5,-0.129,74.7,-0.17,72.6,0.229,50.6,-0.25,27.7,-0.387,27.7,-0.385,97.0,1.336,45.7,-0.092,32.0,-0.317,32.9,-0.295,85.4,1.166,79.3,0.911,67.7,-0.331,58.5,-0.36,76.2,0.349,50.6,-0.077,60.1,-0.326,57.0,-0.318
2wesmq2wuhnuwh2yhgkuaxqfo,A. Bouwman,AFC Ajax,Defender,9,3.050887592310515,0.0581539985961405,0.0240672591459323,1.6216,0.5497,0.0105,0.0043,6,2.284059304629551,0.0203746982557001,0.0144829787862143,1.3514,0.5144,0.0046,0.0033,3,0.7668282876809631,0.0377793003404404,0.009584280359718,2.7027,0.6908,0.034,0.0086,2,0.5638741295644991,0.0,0.0,0.9009,0.254,0.0,0.0,7,2.487013462746015,0.0581539985961405,0.0240672591459323,1.5766,0.5601,0.0131,0.0054,9,3.050887592310515,0.0581539985961405,0.0240672591459323,1.6216,0.5497,0.0105,0.0043,60.0,-0.159,54.8,-0.304,94.1,2.149,99.3,2.891,85.9,1.271,64.4,0.289,97.8,3.31,99.3,3.987,69.6,0.082,65.2,0.041,88.9,1.25,97.8,3.326,65.9,0.403,57.8,0.197,92.6,1.276,97.8,3.698,44.8,-0.425,28.9,-0.652,94.1,2.177,91.9,1.571,99.3,3.063,88.1,1.043,100.0,6.781,100.0,5.612,39.3,-0.519,34.1,-0.633,28.1,-0.417,28.1,-0.435,20.0,0.02,28.9,-0.474,32.6,-0.301,33.0,-0.354,72.2,0.236,65.2,0.086,97.0,2.755,99.3,3.577,95.6,1.81,83.0,0.706,98.5,3.373,98.5,3.945,88.9,1.255,77.8,0.798,100.0,3.958,100.0,5.473,84.4,1.069,69.6,0.288,97.8,3.002,99.3,3.801
2wkew38juoofry6oo3t1vcwyd,E. Mahmutović,NAC Breda,Defender,15,4.564595439186311,0.05903744355266891,0.0158888014906104,1.9746,0.6009,0.0078,0.0021,9,2.326715400863504,0.0,0.0,2.0734,0.536,0.0,0.0,6,2.237880038322807,0.05903744355266891,0.0158888014906104,1.843,0.6874,0.0181,0.0049,3,0.8216040853909583,0.0363436444061992,0.010006041139869,1.3823,0.3786,0.0167,0.0046,12,3.742991353795353,0.0226937991464697,0.005882760350741399,1.843,0.5749,0.0035,0.0009,11,3.379836498824521,0.0226937991464697,0.0058827603507414,2.0273,0.6229,0.0042,0.0011,76.3,0.419,66.7,0.084,94.8,2.192,90.4,1.67,99.3,2.399,80.7,0.638,94.8,2.288,93.3,1.625,80.7,0.591,65.9,0.061,21.9,-0.495,21.9,-0.521,96.3,1.755,60.7,0.288,25.9,-0.451,26.7,-0.506,72.2,0.173,65.9,0.098,100.0,3.758,98.5,3.021,90.4,1.395,87.4,1.028,98.5,3.388,97.8,2.982,50.7,-0.34,43.0,-0.513,97.8,3.906,98.5,3.3,86.7,1.019,50.4,0.102,99.3,6.259,100.0,6.675,86.3,1.192,80.7,0.724,82.2,0.692,78.5,0.407,97.8,2.748,84.4,0.8,80.7,0.465,78.1,0.19,95.6,1.981,87.4,1.111,87.4,1.129,84.4,0.834,95.6,2.186,80.7,0.739,83.7,0.803,81.5,0.514
2yc1t7u26zctwjizi283g6q6s,P. Wanner,PSV Eindhoven,Midfielder,8,4.462841324773394,0.0,0.0,1.2583,0.702,0.0,0.0,2,0.9689370751545727,0.0,0.0,0.9438,0.4572,0.0,0.0,6,3.493904249618821,0.0,0.0,1.4156,0.8243,0.0,0.0,8,4.462841324773394,0.0,0.0,1.2583,0.702,0.0,0.0,0,0.0,0.0,0.0,0.0,0.0,0.0,0.0,5,3.097910375246299,0.0,0.0,0.9438,0.5847,0.0,0.0,82.6,0.67,85.4,0.888,16.5,-0.489,16.5,-0.504,87.8,0.998,79.3,0.774,23.2,-0.398,24.4,-0.421,59.1,-0.136,53.7,-0.204,30.5,-0.323,30.5,-0.323,76.2,0.175,43.9,-0.027,34.8,-0.357,34.8,-0.336,91.2,1.224,93.9,1.61,27.1,-0.399,27.1,-0.413,94.5,1.244,90.9,1.43,31.1,-0.337,31.7,-0.363,96.6,2.011,97.0,2.295,30.2,-0.322,30.2,-0.352,95.1,1.123,85.4,1.065,34.5,-0.289,35.1,-0.331,9.5,-0.856,9.5,-0.927,27.7,-0.387,27.7,-0.385,9.5,-1.876,9.5,-1.403,32.0,-0.317,32.9,-0.295,72.9,0.711,84.1,1.087,17.4,-0.502,17.4,-0.516,70.7,-0.435,61.6,0.16,23.8,-0.402,25.3,-0.421
2yivr64anye4c0p62m16l78yc,S. Ouaissa,Nijmegen Eendracht Combinatie,Midfielder,11,5.004846683471094,0.0128803081413943,0.0122631748988314,1.4409,0.6556,0.0017,0.0016,5,2.720416240181188,0.0128803081413943,0.0122631748988314,1.1461,0.6236,0.003,0.0028,6,2.284430443289906,0.0,0.0,1.8338,0.6982,0.0,0.0,7,3.055152610856364,0.0,0.0,1.0697,0.4669,0.0,0.0,4,1.949694072614729,0.0128803081413943,0.0122631748988314,1.2225,0.5959,0.0039,0.0037,7,3.657490274566981,0.0128803081413943,0.0122631748988314,1.2837,0.6707,0.0024,0.0022,93.0,1.277,88.4,1.12,86.6,1.206,98.2,3.657,93.9,1.846,73.8,0.533,84.8,0.25,95.4,1.24,87.8,1.058,87.8,1.172,96.3,2.779,99.4,6.731,79.9,0.609,68.9,0.532,94.8,1.835,99.4,4.187,91.2,1.224,82.3,0.775,27.1,-0.399,27.1,-0.413,97.6,2.059,82.9,1.015,31.1,-0.337,31.7,-0.363,93.9,1.657,90.9,1.307,30.2,-0.322,30.2,-0.352,86.0,0.704,54.3,0.241,34.5,-0.289,35.1,-0.331,83.2,0.591,78.7,0.583,90.9,1.763,98.8,4.634,93.3,0.938,71.3,0.517,93.9,1.085,98.2,2.645,93.6,1.621,92.7,1.555,88.4,1.644,99.4,4.788,86.0,1.111,75.0,0.587,85.7,0.505,95.7,1.848
2zkaf848fjcdhuii8783pkm7e,Y. Regeer,AFC Ajax,Midfielder,12,6.302165999754505,0.0001568024550111,7.408687567103889e-05,1.3802,0.7248,0.0,0.0,6,4.174343448176081,0.0,0.0,1.1041,0.7682,0.0,0.0,6,2.127822551578425,0.0001568024550111,7.408687567103889e-05,1.8402,0.6526,0.0,0.0,7,4.428878501267358,0.0001568024550111,7.408687567103889e-05,1.0735,0.6792,0.0,0.0,5,1.873287498487147,0.0,0.0,1.1501,0.4309,0.0,0.0,7,3.998599588386211,0.0,0.0,1.2881,0.7358,0.0,0.0,94.2,1.479,93.3,1.676,45.1,-0.468,43.3,-0.479,90.9,1.564,81.7,0.892,23.2,-0.398,24.4,-0.421,92.7,1.456,96.3,2.315,30.5,-0.323,30.5,-0.323,78.7,0.519,81.7,1.018,34.8,-0.357,34.8,-0.336,91.2,1.224,79.9,0.667,62.8,-0.373,62.2,-0.38,98.2,2.071,80.5,0.865,31.1,-0.337,31.7,-0.363,93.9,1.657,96.3,2.271,69.5,-0.286,68.3,-0.304,86.6,0.713,84.1,0.985,34.5,-0.289,35.1,-0.331,88.1,0.953,76.2,0.523,27.7,-0.387,27.7,-0.385,91.5,0.772,48.2,-0.015,32.0,-0.317,32.9,-0.295,93.6,1.621,93.9,1.841,17.4,-0.502,17.4,-0.516,87.2,1.131,79.9,0.911,23.8,-0.402,25.3,-0.421
2zwe056wfzof0v5jv01dv9uc5,A. Hrustić,Heracles Almelo,Midfielder,2,1.282656218414162,0.0004298609291655,0.0004077580380783,0.9328,0.5982,0.0002,0.0002,2,1.282656218414162,0.0004298609291655,0.0004077580380783,0.9328,0.5982,0.0002,0.0002,0,0.0,0.0,0.0,0.0,0.0,0.0,0.0,0,0.0,0.0,0.0,0.0,0.0,0.0,0.0,2,1.282656218414162,0.0004298609291655,0.0004077580380783,0.9328,0.5982,0.0002,0.0002,2,1.282656218414162,0.0004298609291655,0.0004077580380783,0.9328,0.5982,0.0002,0.0002,35.7,-0.542,42.7,-0.474,50.6,-0.433,58.5,-0.366,49.1,-0.512,62.2,0.235,58.8,-0.322,65.5,-0.213,59.1,-0.136,66.5,0.042,73.5,-0.22,78.0,-0.088,58.8,0.151,64.0,0.447,75.6,-0.211,79.3,-0.013,13.4,-0.783,13.4,-0.802,27.1,-0.399,27.1,-0.413,13.4,-1.515,13.4,-1.282,31.1,-0.337,31.7,-0.363,12.5,-0.82,12.5,-0.837,30.2,-0.322,30.2,-0.352,12.5,-1.672,12.5,-1.397,34.5,-0.289,35.1,-0.331,58.5,-0.132,65.2,0.066,69.8,-0.315,75.6,-0.218,65.5,0.271,72.6,0.524,73.2,-0.245,76.8,-0.136,35.7,-0.655,42.7,-0.434,53.4,-0.431,61.6,-0.34,50.9,-0.485,65.9,0.227,60.1,-0.326,66.8,-0.214
30t0ph1icrggc0x62om801ses,G. de Regt,SBV Excelsior,Midfielder,2,0.7597535785039148,0.0,0.0,0.9309,0.3536,0.0,0.0,0,0.0,0.0,0.0,0.0,0.0,0.0,0.0,2,0.7597535785039148,0.0,0.0,0.9309,0.3536,0.0,0.0,2,0.7597535785039148,0.0,0.0,0.9309,0.3536,0.0,0.0,0,0.0,0.0,0.0,0.0,0.0,0.0,0.0,2,0.7597535785039148,0.0,0.0,0.9309,0.3536,0.0,0.0,35.7,-0.542,19.5,-0.698,16.5,-0.489,16.5,-0.504,38.7,-0.521,15.2,-1.035,23.2,-0.398,24.4,-0.421,9.5,-0.932,9.5,-0.966,30.5,-0.323,30.5,-0.323,9.5,-1.85,9.5,-1.564,34.8,-0.357,34.8,-0.336,61.0,-0.114,53.0,-0.277,27.1,-0.399,27.1,-0.413,57.6,0.299,47.0,-0.119,31.1,-0.337,31.7,-0.363,61.6,-0.112,48.8,-0.304,30.2,-0.322,30.2,-0.352,54.9,0.396,42.1,-0.157,34.5,-0.289,35.1,-0.331,9.5,-0.856,9.5,-0.927,27.7,-0.387,27.7,-0.385,9.5,-1.876,9.5,-1.403,32.0,-0.317,32.9,-0.295,35.7,-0.655,19.5,-0.872,17.4,-0.502,17.4,-0.516,40.5,-0.493,17.1,-0.99,23.8,-0.402,25.3,-0.421
32ko5zzk7805mp4q4n3iwiihg,K. Shiogai,Nijmegen Eendracht Combinatie,Forward,2,0.4014557778802501,0.0,0.0,1.8182,0.365,0.0,0.0,2,0.4014557778802501,0.0,0.0,1.8182,0.365,0.0,0.0,0,0.0,0.0,0.0,0.0,0.0,0.0,0.0,0,0.0,0.0,0.0,0.0,0.0,0.0,0.0,2,0.4014557778802501,0.0,0.0,1.8182,0.365,0.0,0.0,2,0.4014557778802501,0.0,0.0,1.8182,0.365,0.0,0.0,39.7,-0.502,6.9,-0.861,23.3,-0.389,23.3,-0.523,98.3,3.488,17.2,-0.937,27.6,-0.405,29.3,-0.589,69.0,0.166,34.5,-0.519,30.2,-0.292,30.2,-0.429,98.3,2.262,41.4,-0.12,31.9,-0.338,35.3,-0.477,12.9,-0.946,12.9,-0.87,36.2,-0.332,36.2,-0.372,12.9,-1.557,12.9,-1.318,37.1,-0.48,37.9,-0.495,16.4,-0.897,16.4,-0.862,34.5,-0.345,34.5,-0.359,16.4,-1.43,16.4,-1.224,35.3,-0.423,37.9,-0.405,63.8,0.009,25.9,-0.581,32.8,-0.27,32.8,-0.394,100.0,2.812,37.9,-0.219,33.6,-0.202,36.2,-0.294,39.7,-0.542,6.9,-1.196,23.3,-0.332,23.3,-0.519,98.3,3.541,17.2,-0.928,26.7,-0.388,29.3,-0.584
33yauarx84sam5u05vgyqxfxl,J. Karlsson,FC Utrecht,Midfielder,1,0.6572650920790319,0.0002000596638514,0.0001314922333826,0.9091,0.5975,0.0002,0.0001,1,0.6572650920790319,0.0002000596638514,0.0001314922333826,0.9091,0.5975,0.0002,0.0001,0,0.0,0.0,0.0,0.0,0.0,0.0,0.0,0,0.0,0.0,0.0,0.0,0.0,0.0,0.0,1,0.6572650920790319,0.0002000596638514,0.0001314922333826,0.9091,0.5975,0.0002,0.0001,1,0.6572650920790319,0.0002000596638514,0.0001314922333826,0.9091,0.5975,0.0002,0.0001,12.8,-0.744,17.7,-0.742,46.0,-0.463,45.7,-0.46,2.4,-0.622,61.6,0.231,58.8,-0.322,55.2,-0.317,34.5,-0.534,38.4,-0.449,69.5,-0.275,69.5,-0.247,19.5,0.101,63.4,0.445,75.6,-0.211,73.2,-0.174,13.4,-0.783,13.4,-0.802,27.1,-0.399,27.1,-0.413,13.4,-1.515,13.4,-1.282,31.1,-0.337,31.7,-0.363,12.5,-0.82,12.5,-0.837,30.2,-0.322,30.2,-0.352,12.5,-1.672,12.5,-1.397,34.5,-0.289,35.1,-0.331,34.8,-0.494,40.2,-0.418,66.5,-0.353,65.9,-0.331,20.7,0.217,72.0,0.522,73.2,-0.245,70.4,-0.215,12.8,-1.11,17.7,-0.958,49.1,-0.469,48.8,-0.459,2.4,-0.593,65.2,0.223,60.1,-0.326,57.0,-0.318
34258m1cvslz8r6d17nv4b90q,S. van Ottele,Fortuna Sittard,Defender,6,2.878425223527272,0.0025490611243784,0.0015350376609689,1.1043,0.5298,0.0005,0.0003,4,2.35474761709634,0.0025490611243784,0.0015350376609689,0.9202,0.5417,0.0006,0.0004,2,0.5236776064309316,0.0,0.0,1.8405,0.4819,0.0,0.0,3,1.742356204665557,0.0017966510146432,0.001257829316476,0.9202,0.5345,0.0006,0.0004,3,1.136069018861715,0.0007524101097352,0.0002772083444929,0.9202,0.3485,0.0002,0.0001,6,2.878425223527272,0.0025490611243784,0.0015350376609689,1.1043,0.5298,0.0005,0.0003,45.2,-0.448,51.1,-0.348,45.2,-0.576,51.1,-0.474,43.7,-0.381,57.0,0.153,47.8,-0.475,55.2,-0.309,54.4,-0.258,68.9,0.074,68.1,-0.277,71.9,-0.113,17.8,-0.404,64.4,0.311,67.4,-0.226,75.2,0.004,31.1,-0.624,20.0,-0.776,21.1,-0.634,21.1,-0.632,88.9,1.391,56.3,0.117,22.6,-0.475,23.7,-0.501,50.7,-0.34,61.5,-0.083,76.3,-0.203,81.5,0.035,26.7,0.06,80.7,0.821,80.0,-0.065,86.7,0.257,39.6,-0.528,33.3,-0.599,40.0,-0.584,37.8,-0.57,14.1,-0.502,26.7,-0.626,39.6,-0.534,40.4,-0.477,60.4,0.167,73.3,0.634,56.3,-0.477,62.2,-0.275,42.2,-0.356,64.4,0.166,53.3,-0.488,60.4,-0.307
35qg0rrwtl00pycx468s62m3u,K. Taylor,AFC Ajax,Midfielder,3,1.55932783389867,9.656013816450316e-05,9.356388998188596e-05,0.924,0.4803,0.0,0.0,1,0.9689701336434224,9.656013816450316e-05,9.356388998188596e-05,0.924,0.8954,0.0001,0.0001,2,0.5903577002552477,0.0,0.0,0.924,0.2728,0.0,0.0,1,0.2343134976155296,0.0,0.0,0.924,0.2165,0.0,0.0,2,1.325014336283141,9.656013816450316e-05,9.356388998188596e-05,0.924,0.6122,0.0,0.0,3,1.55932783389867,9.656013816450316e-05,9.356388998188596e-05,0.924,0.4803,0.0,0.0,51.2,-0.34,51.2,-0.356,40.9,-0.476,44.5,-0.473,16.5,-0.553,37.2,-0.377,23.2,-0.398,24.4,-0.421,34.5,-0.534,54.3,-0.204,65.9,-0.3,67.7,-0.269,31.7,0.133,97.6,1.446,71.6,-0.284,73.2,-0.174,61.0,-0.114,48.8,-0.394,27.1,-0.399,27.1,-0.413,40.2,0.286,37.8,-0.385,31.1,-0.337,31.7,-0.363,38.7,-0.466,27.4,-0.673,30.2,-0.322,30.2,-0.352,37.2,0.381,28.7,-0.637,34.5,-0.289,35.1,-0.331,58.5,-0.132,65.9,0.099,62.2,-0.371,64.6,-0.347,34.1,0.251,74.4,0.569,32.0,-0.317,32.9,-0.295,51.2,-0.2,51.2,-0.202,43.9,-0.486,47.6,-0.476,17.1,-0.525,38.4,-0.36,23.8,-0.402,25.3,-0.421
36veg0wk1z3om89daf0clbl5h,R. van Wolfswinkel,FC Twente,Forward,3,1.731118010008193,0.0003874233911935,0.0003299550701838,0.9281,0.5356,0.0001,0.0001,1,0.336518657896965,0.0,0.0,0.9281,0.3123,0.0,0.0,2,1.394599352111228,0.0003874233911935,0.0003299550701838,0.9281,0.6472,0.0002,0.0002,1,0.5429340224381046,0.0,0.0,0.9281,0.5039,0.0,0.0,2,1.188183987570088,0.0003874233911935,0.0003299550701838,0.9281,0.5514,0.0002,0.0002,3,1.731118010008193,0.0003874233911935,0.0003299550701838,0.9281,0.5356,0.0001,0.0001,57.8,-0.182,69.0,-0.037,62.1,-0.261,69.0,-0.223,36.2,-0.434,56.9,0.063,59.5,-0.259,65.5,-0.172,43.1,-0.4,32.8,-0.592,30.2,-0.292,30.2,-0.429,55.2,0.364,37.9,-0.303,31.9,-0.338,35.3,-0.477,64.7,0.07,81.0,0.439,81.0,0.027,86.2,0.248,56.9,0.272,82.8,0.855,78.4,0.377,85.3,0.906,48.3,-0.332,48.3,-0.302,34.5,-0.345,34.5,-0.359,63.8,0.514,62.1,0.492,35.3,-0.423,37.9,-0.405,63.8,0.009,74.1,0.243,72.4,-0.13,79.3,0.002,51.7,0.231,74.1,0.538,75.9,-0.123,79.3,0.005,57.8,0.0,69.0,0.264,62.1,-0.19,70.7,-0.137,39.7,-0.4,60.3,0.103,57.8,-0.239,64.7,-0.161
37c696bwovmn1x8lc8z4wp53o,C. Valerius,NAC Breda,Defender,6,3.105281724549664,0.0,0.0,1.1059,0.5724,0.0,0.0,3,1.74502195741448,0.0,0.0,0.9216,0.5361,0.0,0.0,3,1.360259767135185,0.0,0.0,1.3824,0.6268,0.0,0.0,1,0.4684895597528063,0.0,0.0,0.9216,0.4318,0.0,0.0,5,2.636792164796859,0.0,0.0,1.152,0.6075,0.0,0.0,6,3.105281724549664,0.0,0.0,1.1059,0.5724,0.0,0.0,45.2,-0.448,57.0,-0.29,10.4,-0.701,10.4,-0.703,44.4,-0.376,69.6,0.444,11.9,-0.664,14.1,-0.631,44.8,-0.428,52.6,-0.204,21.9,-0.495,21.9,-0.521,19.3,-0.402,61.5,0.288,25.9,-0.451,26.7,-0.506,44.8,-0.425,51.9,-0.349,21.1,-0.634,21.1,-0.632,77.0,0.502,80.0,0.759,22.6,-0.475,23.7,-0.501,26.3,-0.699,30.4,-0.677,28.1,-0.417,28.1,-0.435,30.0,0.063,63.7,0.347,32.6,-0.301,33.0,-0.354,60.0,-0.146,70.4,0.162,15.2,-0.628,15.2,-0.618,70.4,0.314,90.4,1.005,17.0,-0.595,17.4,-0.561,60.4,0.167,80.7,0.85,13.7,-0.681,13.7,-0.667,44.8,-0.352,72.6,0.428,16.3,-0.662,18.1,-0.615
3aly8eihwfvtwde7dg0k18w7o,J. Schreuders,FC Groningen,Midfielder,9,6.063856418378335,0.00040416743703,0.0003904955227563,1.1968,0.8064,0.0001,0.0001,2,1.183392721961224,0.0,0.0,0.9309,0.5508,0.0,0.0,7,4.880463696417111,0.00040416743703,0.0003904955227563,1.3032,0.9086,0.0001,0.0001,6,4.356263529959846,0.00040416743703,0.0003904955227563,1.117,0.811,0.0001,0.0001,3,1.707592888418489,0.0,0.0,1.3963,0.7948,0.0,0.0,7,4.236099268943354,0.00040416743703,0.0003904955227563,1.3032,0.7886,0.0001,0.0001,85.7,0.872,92.7,1.573,50.0,-0.436,56.7,-0.372,84.1,0.713,90.9,1.316,50.6,-0.36,55.2,-0.317,59.1,-0.136,64.0,-0.036,30.5,-0.323,30.5,-0.323,51.5,0.147,57.9,0.288,34.8,-0.357,34.8,-0.336,94.2,1.558,98.2,2.567,67.1,-0.331,72.0,-0.239,91.5,1.025,97.0,1.707,64.6,-0.304,68.0,-0.268,90.2,1.303,95.7,2.22,74.4,-0.229,78.7,-0.1,88.4,0.81,91.5,1.448,72.3,-0.235,74.7,-0.17,72.6,0.229,74.4,0.395,27.7,-0.387,27.7,-0.385,97.6,1.338,90.2,1.158,32.0,-0.317,32.9,-0.295,93.6,1.621,95.1,2.04,52.4,-0.435,59.8,-0.347,90.9,1.2,84.1,1.174,51.2,-0.364,57.0,-0.318
3c2wqlde0kovi9hii52egaimt,L. Holtby,NAC Breda,Midfielder,5,4.35571737954471,0.0003291874302995098,0.0003178889838715819,0.9212,0.8025,0.0001,0.0001,3,2.83808095773979,0.0003291874302995098,0.0003178889838715819,0.9212,0.8715,0.0001,0.0001,2,1.517636421804919,0.0,0.0,0.9212,0.699,0.0,0.0,3,2.444846318376812,0.0003082105095772,0.0002984601000945,0.9212,0.7507,0.0001,0.0001,2,1.910871061167898,2.097692072230984e-05,1.942888377708195e-05,0.9212,0.8801,0.0,0.0,5,4.35571737954471,0.0003291874302995098,0.0003178889838715819,0.9212,0.8025,0.0001,0.0001,68.9,0.064,84.1,0.842,48.8,-0.446,53.7,-0.397,10.4,-0.566,90.2,1.296,50.6,-0.36,55.2,-0.317,72.3,0.262,89.6,1.265,71.3,-0.244,74.4,-0.14,25.0,0.127,96.3,1.366,71.6,-0.284,73.2,-0.174,61.0,-0.114,72.0,0.246,27.1,-0.399,27.1,-0.413,35.4,0.28,83.5,1.018,31.1,-0.337,31.7,-0.363,74.1,0.242,84.8,0.879,73.8,-0.251,76.2,-0.159,31.1,0.374,89.0,1.236,72.3,-0.235,74.7,-0.17,58.5,-0.132,78.0,0.552,57.3,-0.383,59.1,-0.377,29.3,0.245,97.6,1.433,32.0,-0.317,32.9,-0.295,72.9,0.711,96.3,2.14,51.8,-0.448,56.7,-0.379,11.0,-0.538,87.8,1.243,51.2,-0.364,57.0,-0.318
3dc82sro077by40u3qdmhw0r9,B. Ould-Chikh,FC Volendam,Midfielder,1,0.7958178641444718,0.0,0.0,0.931,0.7409,0.0,0.0,1,0.7958178641444718,0.0,0.0,0.931,0.7409,0.0,0.0,0,0.0,0.0,0.0,0.0,0.0,0.0,0.0,1,0.7958178641444718,0.0,0.0,0.931,0.7409,0.0,0.0,0,0.0,0.0,0.0,0.0,0.0,0.0,0.0,1,0.7958178641444718,0.0,0.0,0.931,0.7409,0.0,0.0,12.8,-0.744,22.6,-0.683,16.5,-0.489,16.5,-0.504,40.5,-0.521,82.9,0.976,23.2,-0.398,24.4,-0.421,34.5,-0.534,40.2,-0.34,30.5,-0.323,30.5,-0.323,53.4,0.148,78.0,0.927,34.8,-0.357,34.8,-0.336,13.4,-0.783,13.4,-0.802,27.1,-0.399,27.1,-0.413,13.4,-1.515,13.4,-1.282,31.1,-0.337,31.7,-0.363,38.7,-0.466,50.6,-0.279,30.2,-0.322,30.2,-0.352,56.4,0.396,88.4,1.202,34.5,-0.289,35.1,-0.331,9.5,-0.856,9.5,-0.927,27.7,-0.387,27.7,-0.385,9.5,-1.876,9.5,-1.403,32.0,-0.317,32.9,-0.295,12.8,-1.11,22.6,-0.842,17.4,-0.502,17.4,-0.516,42.4,-0.493,80.5,0.936,23.8,-0.402,25.3,-0.421
3dx91sb6ktg8z1xmoti25kru,P. Koopmeiners,Alkmaar Zaanstreek,Midfielder,16,6.516613795570892,0.01865583648194109,0.003896445357812597,1.3568,0.5526,0.0016,0.0003,7,2.776958473695402,7.558321744219332e-05,1.588253173430423e-05,1.3059,0.5181,0.0,0.0,9,3.739655321875492,0.0185802532644989,0.003880562826078293,1.3992,0.5814,0.0029,0.0006,8,2.93718361704448,7.558321744219332e-05,1.588253173430423e-05,1.2437,0.4566,0.0,0.0,8,3.579430178526413,0.0185802532644989,0.003880562826078293,1.0661,0.477,0.0025,0.0005,8,3.080075252167381,0.01865583648194109,0.003896445357812597,1.4925,0.5746,0.0035,0.0007,97.0,2.287,95.1,1.767,93.9,1.965,87.2,0.818,90.2,1.456,54.3,-0.002,84.1,0.212,71.6,-0.11,95.4,1.854,89.0,1.217,64.6,-0.305,61.0,-0.314,90.9,0.952,53.0,0.178,34.8,-0.357,34.8,-0.336,96.6,2.227,94.5,1.78,97.0,2.725,92.1,1.319,92.7,1.212,75.0,0.631,89.6,0.609,85.4,0.203,96.6,2.011,89.6,1.224,66.2,-0.304,61.0,-0.342,94.5,1.091,51.8,0.205,34.5,-0.289,35.1,-0.331,96.0,2.038,95.1,1.845,96.3,2.714,91.5,1.203,87.2,0.578,56.1,0.134,89.6,0.582,83.2,0.103,97.6,2.077,82.9,1.072,95.7,2.607,89.0,1.169,94.5,2.061,59.8,0.109,90.9,0.921,82.6,0.301
3hu6e9wa0nt4ekubxye6l4pas,I. Yegoian,SBV Excelsior,Midfielder,9,4.412706279165635,0.0208486164304898,0.004874935214575488,0.9309,0.4564,0.0022,0.0005,4,1.478327855403816,0.020311822233323,0.004537843214847,0.9309,0.3441,0.0047,0.0011,5,2.934378423761818,0.0005367941971668036,0.0003370919997284881,0.9309,0.5463,0.0001,0.0001,5,2.79781003654085,0.0004378793822883,0.0002946652911325,0.9309,0.5209,0.0001,0.0001,4,1.614896242624784,0.0204107370482015,0.004580269923442988,0.9309,0.3758,0.0048,0.0011,5,2.523837342725967,0.0204107370482015,0.004580269923442988,0.9309,0.4699,0.0038,0.0009,85.7,0.872,84.8,0.866,95.1,2.254,90.9,1.15,38.7,-0.521,32.3,-0.501,87.2,0.44,77.4,0.098,80.5,0.66,71.3,0.196,98.8,4.568,97.0,2.287,51.5,0.147,31.7,-0.407,98.2,3.078,94.5,1.441,86.6,0.889,89.6,1.224,70.7,-0.309,69.5,-0.262,57.6,0.299,66.5,0.515,64.6,-0.304,68.0,-0.268,86.6,0.949,88.4,1.126,75.6,-0.221,75.0,-0.162,54.9,0.396,60.4,0.43,72.3,-0.235,74.7,-0.17,83.2,0.591,72.6,0.323,97.6,3.02,93.9,1.489,56.7,0.267,40.2,-0.192,96.0,1.409,92.1,0.579,72.9,0.711,72.6,0.606,97.0,2.899,91.5,1.465,40.5,-0.493,36.0,-0.411,92.7,1.034,87.8,0.507
3jkzywsfc2vjq3h1kqdhhl2hh,P. Gladon,Fortuna Sittard,Forward,2,0.8865660663963909,0.0,0.0,0.9187,0.4072,0.0,0.0,1,0.4574380565583909,0.0,0.0,0.9187,0.4202,0.0,0.0,1,0.429128009838,0.0,0.0,0.9187,0.3942,0.0,0.0,0,0.0,0.0,0.0,0.0,0.0,0.0,0.0,2,0.8865660663963909,0.0,0.0,0.9187,0.4072,0.0,0.0,2,0.8865660663963909,0.0,0.0,0.9187,0.4072,0.0,0.0,39.7,-0.502,29.3,-0.56,23.3,-0.389,23.3,-0.523,10.3,-0.476,25.9,-0.689,27.6,-0.405,29.3,-0.589,43.1,-0.4,39.7,-0.456,30.2,-0.292,30.2,-0.429,34.5,0.344,53.4,0.072,31.9,-0.338,35.3,-0.477,38.8,-0.438,37.9,-0.468,36.2,-0.332,36.2,-0.372,34.5,0.254,46.6,0.006,37.1,-0.48,37.9,-0.495,16.4,-0.897,16.4,-0.862,34.5,-0.345,34.5,-0.359,16.4,-1.43,16.4,-1.224,35.3,-0.423,37.9,-0.405,63.8,0.009,58.6,-0.073,32.8,-0.27,32.8,-0.394,24.1,0.203,50.0,-0.047,33.6,-0.202,36.2,-0.294,39.7,-0.542,29.3,-0.664,23.3,-0.332,23.3,-0.519,10.3,-0.442,25.9,-0.673,26.7,-0.388,29.3,-0.584
3mctpepmqunc1a8zro2nq1wtm,V. Jaroš,AFC Ajax,Goalkeeper,4,0.8881842591263567,0.0,0.0,1.8496,0.4107,0.0,0.0,4,0.8881842591263567,0.0,0.0,1.8496,0.4107,0.0,0.0,0,0.0,0.0,0.0,0.0,0.0,0.0,0.0,3,0.6295460750311374,0.0,0.0,1.3872,0.2911,0.0,0.0,1,0.2586381840952193,0.0,0.0,0.9248,0.2392,0.0,0.0,4,0.8881842591263567,0.0,0.0,1.8496,0.4107,0.0,0.0,65.6,-0.28,68.8,-0.331,25.0,-0.573,25.0,-0.638,96.9,2.751,84.4,0.905,26.6,-0.505,26.6,-0.572,79.7,0.106,81.2,-0.113,32.8,-0.467,32.8,-0.48,93.8,1.53,84.4,0.712,34.4,-0.408,34.4,-0.488,20.3,-0.628,20.3,-0.536,35.9,-0.527,35.9,-0.534,20.3,-1.19,20.3,-0.982,35.9,-0.37,35.9,-0.477,70.3,-0.099,68.8,-0.246,37.5,-0.292,37.5,-0.426,93.8,1.283,71.9,0.513,37.5,-0.285,37.5,-0.386,31.2,-0.536,40.6,-0.461,31.2,-0.538,31.2,-0.601,34.4,0.119,59.4,0.16,32.8,-0.482,32.8,-0.519,65.6,0.064,68.8,-0.157,26.6,-0.472,26.6,-0.677,93.8,1.985,84.4,0.548,28.1,-0.496,28.1,-0.555
3o4tq8qooplx2izq9rucgu7d,C. Tengstedt,Feyenoord Rotterdam,Forward,1,0.421307692034789,0.0,0.0,0.9243,0.3894,0.0,0.0,1,0.421307692034789,0.0,0.0,0.9243,0.3894,0.0,0.0,0,0.0,0.0,0.0,0.0,0.0,0.0,0.0,0,0.0,0.0,0.0,0.0,0.0,0.0,0.0,1,0.421307692034789,0.0,0.0,0.9243,0.3894,0.0,0.0,1,0.421307692034789,0.0,0.0,0.9243,0.3894,0.0,0.0,14.7,-0.822,10.3,-0.849,23.3,-0.389,23.3,-0.523,22.4,-0.451,20.7,-0.794,27.6,-0.405,29.3,-0.589,43.1,-0.4,36.2,-0.496,30.2,-0.292,30.2,-0.429,44.8,0.356,44.8,-0.035,31.9,-0.338,35.3,-0.477,12.9,-0.946,12.9,-0.87,36.2,-0.332,36.2,-0.372,12.9,-1.557,12.9,-1.318,37.1,-0.48,37.9,-0.495,16.4,-0.897,16.4,-0.862,34.5,-0.345,34.5,-0.359,16.4,-1.43,16.4,-1.224,35.3,-0.423,37.9,-0.405,31.9,-0.537,31.0,-0.56,32.8,-0.27,32.8,-0.394,38.8,0.22,44.8,-0.12,33.6,-0.202,36.2,-0.294,14.7,-1.084,10.3,-1.175,23.3,-0.332,23.3,-0.519,24.1,-0.417,20.7,-0.78,26.7,-0.388,29.3,-0.584
3ojwbw6v83g9b0u2wssnkzzzd,A. Obispo,PSV Eindhoven,Defender,6,1.985069687923706,0.0,0.0,0.9375,0.3102,0.0,0.0,1,0.2222594806809849,0.0,0.0,0.9375,0.2084,0.0,0.0,5,1.762810207242721,0.0,0.0,0.9375,0.3305,0.0,0.0,4,1.356511586763999,0.0,0.0,0.9375,0.3179,0.0,0.0,2,0.6285581011597066,0.0,0.0,0.9375,0.2946,0.0,0.0,5,1.725373380653123,0.0,0.0,0.9375,0.3235,0.0,0.0,45.2,-0.448,34.8,-0.577,10.4,-0.701,10.4,-0.703,27.8,-0.914,5.9,-1.344,11.9,-0.664,14.1,-0.631,17.8,-0.767,11.9,-0.897,21.9,-0.495,21.9,-0.521,42.6,-0.372,11.9,-1.08,25.9,-0.451,26.7,-0.506,64.8,-0.027,59.3,-0.144,21.1,-0.634,21.1,-0.632,45.2,-0.361,27.4,-0.554,22.6,-0.475,23.7,-0.501,60.4,-0.16,51.1,-0.263,28.1,-0.417,28.1,-0.435,58.5,0.096,37.8,-0.179,32.6,-0.301,33.0,-0.354,24.8,-0.719,15.6,-0.857,15.2,-0.628,15.2,-0.618,50.7,-0.441,11.9,-0.965,17.0,-0.595,17.4,-0.561,42.2,-0.196,34.8,-0.464,13.7,-0.681,13.7,-0.667,32.2,-0.816,10.4,-1.104,16.3,-0.662,18.1,-0.615
3r6elcuru7no13hrfczmwbmy1,S. Horemans,FC Utrecht,Defender,7,2.804237969182047,0.002812262942073,0.000736880125984,0.9177,0.3676,0.0004,0.0001,2,0.4789732762930619,0.0,0.0,0.9177,0.2198,0.0,0.0,5,2.325264692888986,0.002812262942073,0.000736880125984,0.9177,0.4268,0.0005,0.0001,3,1.098470561128644,0.002812262942073,0.000736880125984,0.9177,0.336,0.0009,0.0002,4,1.705767408053403,0.0,0.0,0.9177,0.3914,0.0,0.0,5,1.997467230158471,0.002812262942073,0.000736880125984,0.9177,0.3666,0.0005,0.0001,52.6,-0.352,48.9,-0.367,46.7,-0.563,41.5,-0.593,4.4,-0.977,16.3,-0.953,43.7,-0.512,35.9,-0.523,31.9,-0.597,21.5,-0.78,21.9,-0.495,21.9,-0.521,14.8,-0.409,13.3,-1.032,25.9,-0.451,26.7,-0.506,64.8,-0.027,67.4,0.143,60.0,-0.425,57.0,-0.463,13.3,-0.4,44.4,-0.127,56.7,-0.368,49.6,-0.43,50.7,-0.34,46.7,-0.384,79.3,-0.082,74.8,-0.16,23.7,0.055,40.7,-0.095,85.2,0.053,79.3,-0.049,50.7,-0.337,48.9,-0.31,15.2,-0.628,15.2,-0.618,9.6,-0.511,34.8,-0.356,17.0,-0.595,17.4,-0.561,42.2,-0.196,44.4,-0.205,57.8,-0.457,51.9,-0.479,4.4,-0.87,20.7,-0.839,53.3,-0.488,42.6,-0.513
3rrges782prcprsn207dk4zit,C. Larin,Feyenoord Rotterdam,Forward,1,0.5229692675436488,0.0013706747373831,0.0007168207634498,0.9326,0.4877,0.0013,0.0007,1,0.5229692675436488,0.0013706747373831,0.0007168207634498,0.9326,0.4877,0.0013,0.0007,0,0.0,0.0,0.0,0.0,0.0,0.0,0.0,0,0.0,0.0,0.0,0.0,0.0,0.0,0.0,1,0.5229692675436488,0.0013706747373831,0.0007168207634498,0.9326,0.4877,0.0013,0.0007,1,0.5229692675436488,0.0013706747373831,0.0007168207634498,0.9326,0.4877,0.0013,0.0007,14.7,-0.822,17.2,-0.786,79.3,0.064,77.6,0.129,44.8,-0.414,48.3,-0.218,98.3,1.492,97.4,2.328,43.1,-0.4,44.8,-0.383,86.2,0.197,82.8,0.387,62.1,0.373,62.1,0.306,97.4,1.117,94.0,1.676,12.9,-0.946,12.9,-0.87,36.2,-0.332,36.2,-0.372,12.9,-1.557,12.9,-1.318,37.1,-0.48,37.9,-0.495,16.4,-0.897,16.4,-0.862,34.5,-0.345,34.5,-0.359,16.4,-1.43,16.4,-1.224,35.3,-0.423,37.9,-0.405,31.9,-0.537,37.9,-0.454,87.9,0.225,86.2,0.467,62.1,0.244,62.1,0.279,94.8,0.315,94.0,0.754,14.7,-1.084,17.2,-1.063,81.0,0.169,77.6,0.31,48.3,-0.38,46.6,-0.186,98.3,1.551,97.4,2.381
3uq3lrjyj4mnvq6162b0jyhnt,M. de Wit,Alkmaar Zaanstreek,Defender,2,1.251927400169702,0.0015106484098239,0.0013147309745265,0.9337,0.5845,0.0007,0.0006,0,0.0,0.0,0.0,0.0,0.0,0.0,0.0,2,1.251927400169702,0.0015106484098239,0.0013147309745265,0.9337,0.5845,0.0007,0.0006,0,0.0,0.0,0.0,0.0,0.0,0.0,0.0,2,1.251927400169702,0.0015106484098239,0.0013147309745265,0.9337,0.5845,0.0007,0.0006,2,1.251927400169702,0.0015106484098239,0.0013147309745265,0.9337,0.5845,0.0007,0.0006,11.9,-0.834,22.2,-0.764,39.6,-0.627,48.1,-0.507,22.2,-0.926,75.6,0.526,53.7,-0.399,69.3,0.014,5.6,-0.937,5.6,-0.998,21.9,-0.495,21.9,-0.521,5.6,-2.127,5.6,-1.95,25.9,-0.451,26.7,-0.506,31.1,-0.624,48.9,-0.404,56.3,-0.521,65.2,-0.33,39.3,-0.369,73.3,0.572,61.5,-0.325,71.9,-0.075,9.6,-0.879,9.6,-0.896,28.1,-0.417,28.1,-0.435,9.6,-1.849,9.6,-1.647,32.6,-0.301,33.0,-0.354,24.8,-0.719,39.3,-0.54,50.0,-0.54,54.8,-0.389,42.6,-0.455,85.9,0.86,54.4,-0.383,70.0,-0.06,11.9,-1.285,22.2,-0.915,49.3,-0.56,60.0,-0.331,25.2,-0.826,77.0,0.502,58.1,-0.418,68.5,0.001
3xlkchrk28u0cb620cajre1hw,R. Nijstad,FC Twente,Defender,15,6.460358497725109,0.019446162597407,0.00490788425178553,1.4049,0.6051,0.0018,0.0005,9,3.87702058586884,0.019446162597407,0.00490788425178553,1.4049,0.6052,0.003,0.0008,6,2.583337911856268,0.0,0.0,1.4049,0.6049,0.0,0.0,11,5.300985599965228,0.0002848401063069002,0.0001907113044257295,1.4718,0.7092,0.0,0.0,4,1.159372897759881,0.0191613224911001,0.0047171729473598,0.9366,0.2715,0.0045,0.0011,6,2.227362773642799,0.0193551430885137,0.0048647768742683,1.1239,0.4172,0.0036,0.0009,76.3,0.419,77.8,0.569,70.4,0.252,65.9,0.03,75.6,0.579,82.2,0.667,67.4,0.017,65.2,-0.094,80.7,0.591,83.7,0.766,86.7,1.171,85.2,0.783,75.6,0.503,73.3,0.576,87.4,0.675,84.1,0.513,72.2,0.173,71.1,0.274,21.1,-0.634,21.1,-0.632,80.7,0.546,76.3,0.662,22.6,-0.475,23.7,-0.501,86.3,1.099,91.9,1.576,63.7,-0.383,63.7,-0.364,92.6,1.205,97.8,1.628,32.6,-0.301,33.0,-0.354,50.7,-0.337,34.8,-0.587,75.2,0.487,70.4,0.204,48.1,-0.445,6.7,-1.111,88.1,0.768,80.7,0.357,60.4,0.167,52.6,0.014,79.3,0.863,77.8,0.574,54.8,-0.302,36.3,-0.527,77.4,0.594,75.6,0.309
3ypxn1nvgv8e321sq5394w3my,M. Didden,FC Utrecht,Defender,26,9.027137482145896,0.0263882190058241,0.007470556581828593,1.7253,0.599,0.0018,0.0005,16,6.056946183914298,0.0056371619675367,0.0023376196456489,2.1235,0.8039,0.0007,0.0003,10,2.970191298231599,0.0207510570382874,0.005132936936179693,1.3272,0.3942,0.0028,0.0007,15,4.90248712650744,0.0056371619675367,0.0023376196456489,1.5484,0.5061,0.0006,0.0002,11,4.124650355638457,0.0207510570382874,0.005132936936179693,1.1355,0.4258,0.0021,0.0005,8,2.943959281258095,0.0203131776559991,0.004978839598631493,1.4865,0.547,0.0038,0.0009,90.7,1.48,88.9,1.226,82.2,0.592,79.3,0.412,91.1,1.603,80.0,0.625,67.4,0.017,65.2,-0.094,92.2,1.78,92.6,1.759,75.6,-0.012,77.8,0.1,97.0,1.849,91.9,1.406,70.0,-0.188,70.7,-0.124,84.4,0.969,74.8,0.472,80.0,0.91,75.6,0.548,73.3,0.395,38.5,-0.272,77.8,0.123,74.8,-0.004,94.4,1.818,89.6,1.39,85.2,0.254,84.4,0.438,94.1,1.364,74.1,0.69,80.0,-0.065,79.3,-0.049,83.3,1.001,83.0,0.917,77.8,0.579,72.6,0.277,68.1,0.256,43.7,-0.139,70.7,0.041,64.8,-0.143,83.3,0.892,74.8,0.696,83.7,0.939,78.5,0.604,80.7,0.697,68.9,0.271,79.6,0.664,75.6,0.309
412l28fqhx21ivpcxzn1kpilm,V. Zagaritis,SC Heerenveen,Defender,9,4.102188217253671,0.0055749606250869,0.0033122265826727,0.9265,0.4223,0.0006,0.0003,4,2.329521323737803,0.0039432786027277,0.0028631050233131,0.9265,0.5396,0.0009,0.0007,5,1.772666893515869,0.0016316820223592,0.0004491215593596,0.9265,0.3285,0.0003,0.0001,4,1.151895910031348,0.0016316820223592,0.0004491215593596,0.9265,0.2668,0.0004,0.0001,5,2.950292307222324,0.0039432786027277,0.0028631050233131,0.9265,0.5467,0.0007,0.0005,5,2.447417780276531,0.0016316820223592,0.0004491215593596,0.9265,0.4535,0.0003,0.0001,60.0,-0.159,63.0,-0.035,54.1,-0.427,61.5,-0.209,11.1,-0.949,30.4,-0.58,51.1,-0.437,55.2,-0.309,54.4,-0.258,67.4,0.062,74.1,-0.157,80.0,0.24,21.5,-0.393,62.2,0.303,74.4,-0.113,81.1,0.386,64.8,-0.027,60.0,-0.139,58.5,-0.512,54.1,-0.529,24.1,-0.383,25.9,-0.563,52.2,-0.411,49.6,-0.43,60.4,-0.16,48.9,-0.359,75.6,-0.223,71.9,-0.267,35.9,0.073,30.0,-0.415,75.9,-0.144,70.4,-0.201,60.0,-0.146,73.3,0.321,58.5,-0.399,65.9,-0.119,21.9,-0.48,80.0,0.622,54.4,-0.383,64.8,-0.143,42.2,-0.196,58.5,0.223,52.6,-0.551,46.7,-0.552,12.6,-0.846,43.0,-0.304,46.7,-0.557,42.6,-0.513
434aulbxf50clnx57fxsqge8k,T. van den Elshout,Feyenoord Rotterdam,Midfielder,1,0.9283348071070052,0.0,0.0,0.9226,0.8565,0.0,0.0,0,0.0,0.0,0.0,0.0,0.0,0.0,0.0,1,0.9283348071070052,0.0,0.0,0.9226,0.8565,0.0,0.0,1,0.9283348071070052,0.0,0.0,0.9226,0.8565,0.0,0.0,0,0.0,0.0,0.0,0.0,0.0,0.0,0.0,1,0.9283348071070052,0.0,0.0,0.9226,0.8565,0.0,0.0,12.8,-0.744,29.3,-0.626,16.5,-0.489,16.5,-0.504,13.4,-0.56,93.9,1.576,23.2,-0.398,24.4,-0.421,9.5,-0.932,9.5,-0.966,30.5,-0.323,30.5,-0.323,9.5,-1.85,9.5,-1.564,34.8,-0.357,34.8,-0.336,40.5,-0.449,57.9,-0.161,27.1,-0.399,27.1,-0.413,37.8,0.283,92.7,1.536,31.1,-0.337,31.7,-0.363,38.7,-0.466,56.1,-0.186,30.2,-0.322,30.2,-0.352,34.5,0.378,95.1,1.607,34.5,-0.289,35.1,-0.331,9.5,-0.856,9.5,-0.927,27.7,-0.387,27.7,-0.385,9.5,-1.876,9.5,-1.403,32.0,-0.317,32.9,-0.295,12.8,-1.11,29.3,-0.731,17.4,-0.502,17.4,-0.516,14.0,-0.531,92.7,1.511,23.8,-0.402,25.3,-0.421
43ib46nh45n9oajf5rmaz4f6x,Hwang In-Beom,Feyenoord Rotterdam,Midfielder,6,3.618421365078554,0.0015519586969645,0.0015215543596506,1.3834,0.8343,0.0004,0.0004,1,0.3056683815480878,0.0,0.0,0.9222,0.2819,0.0,0.0,5,3.312752983530467,0.0015519586969645,0.0015215543596506,1.5371,1.0184,0.0005,0.0005,3,1.958049271613343,0.0011678844000095,0.0011492522731112,1.3834,0.9029,0.0005,0.0005,3,1.660372093465211,0.000384074296955,0.0003723020865394,0.9222,0.5104,0.0001,0.0001,6,3.618421365078554,0.0015519586969645,0.0015215543596506,1.3834,0.8343,0.0004,0.0004,74.4,0.266,76.8,0.526,67.7,-0.285,76.8,0.012,91.5,1.579,91.5,1.461,66.2,-0.246,75.0,-0.006,34.5,-0.534,26.2,-0.726,30.5,-0.323,30.5,-0.323,28.0,0.129,26.8,-0.616,34.8,-0.357,34.8,-0.336,86.6,0.889,92.7,1.485,79.3,-0.138,84.1,0.266,95.7,1.481,99.4,2.069,77.7,-0.174,83.2,0.109,74.1,0.242,81.7,0.537,82.9,-0.053,87.8,0.39,96.3,1.401,98.8,1.77,84.5,-0.023,89.3,0.474,72.6,0.229,73.8,0.358,68.9,-0.323,73.2,-0.233,31.1,0.247,63.4,0.241,66.8,-0.281,70.4,-0.215,85.4,1.166,92.1,1.523,70.7,-0.244,79.3,0.142,92.1,1.565,89.6,1.401,68.3,-0.251,74.1,-0.008
447abno2j0ux8fsxzs6fel7th,A. Ahmedhodžić,Feyenoord Rotterdam,Goalkeeper,22,9.025318513569474,0.0008242912326551,0.0007450553264361,1.8505,0.7592,0.0001,0.0001,15,5.601054180301039,0.0008242912326551,0.0007450553264361,2.7758,1.0365,0.0002,0.0001,7,3.424264333268435,0.0,0.0,1.0795,0.5281,0.0,0.0,14,5.400977299062728,0.0008242912326551,0.0007450553264361,1.6192,0.6247,0.0001,0.0001,8,3.624341214506746,0.0,0.0,1.4804,0.6707,0.0,0.0,13,5.940453991867431,0.0008242912326551,0.0007450553264361,2.4057,1.0993,0.0002,0.0001,95.3,1.818,96.9,2.018,53.1,-0.543,59.4,-0.443,100.0,2.754,100.0,3.16,53.1,-0.493,53.1,-0.474,96.9,2.594,96.9,2.519,71.9,-0.428,75.0,-0.21,100.0,3.285,100.0,3.746,70.3,-0.388,70.3,-0.36,85.9,0.901,90.6,1.409,35.9,-0.527,35.9,-0.534,81.2,0.697,96.9,1.958,35.9,-0.37,35.9,-0.477,93.8,1.96,93.8,1.866,78.1,-0.255,84.4,-0.068,100.0,1.745,96.9,2.31,76.6,-0.266,78.1,-0.177,93.8,1.465,93.8,2.164,31.2,-0.538,31.2,-0.601,100.0,1.439,100.0,3.04,32.8,-0.482,32.8,-0.519,100.0,3.143,100.0,3.675,56.2,-0.44,62.5,-0.348,100.0,3.527,100.0,3.78,56.2,-0.473,56.2,-0.458
44m4s9f1ckgdavmqjo0icx016,R. Fosso,Fortuna Sittard,Midfielder,5,2.322852628268015,0.0246250131929526,0.0071236078801909,1.1473,0.533,0.0057,0.0016,4,1.835637031590565,0.0246250131929526,0.0071236078801909,1.2238,0.5616,0.0075,0.0022,1,0.4872155966774493,0.0,0.0,0.9178,0.4472,0.0,0.0,1,0.3261895800989409,0.0,0.0,0.9178,0.2994,0.0,0.0,4,1.996663048169073,0.0246250131929526,0.0071236078801909,0.9178,0.4581,0.0057,0.0016,5,2.322852628268014,0.0246250131929526,0.0071236078801909,1.1473,0.533,0.0057,0.0016,68.9,0.064,65.9,-0.029,97.6,2.751,94.5,1.913,77.4,0.483,47.9,-0.104,95.7,1.774,95.4,1.24,80.5,0.66,76.8,0.477,99.4,5.607,98.8,3.775,85.4,0.776,58.5,0.324,98.8,5.124,98.8,3.218,40.5,-0.449,43.9,-0.465,27.1,-0.399,27.1,-0.413,30.5,0.274,56.1,0.189,31.1,-0.337,31.7,-0.363,38.7,-0.466,32.3,-0.608,30.2,-0.322,30.2,-0.352,25.6,0.367,35.4,-0.347,34.5,-0.289,35.1,-0.331,83.2,0.591,79.9,0.619,99.4,3.723,96.3,2.531,23.5,0.237,52.4,0.073,97.0,1.732,94.8,0.977,72.9,0.711,69.5,0.437,99.4,3.602,97.0,2.565,81.7,0.491,49.1,-0.098,95.7,1.752,95.1,1.229
47l204bkq2qqjhtazusr0019m,Y. Baas,AFC Ajax,Defender,21,8.139585855177478,0.04517196063679629,0.0203486830560796,1.2869,0.4988,0.0028,0.0012,14,4.832517759802622,0.0278047999724822,0.007172275318680501,1.4299,0.4936,0.0028,0.0007,7,3.307068095374856,0.0173671606643141,0.0131764077373991,1.0724,0.5067,0.0027,0.002,9,3.161392424939509,0.0,0.0,1.1819,0.4151,0.0,0.0,12,4.978193430237969,0.04517196063679629,0.0203486830560796,1.0028,0.416,0.0038,0.0017,5,1.602186273067785,0.0081352984407058,0.0021092408011362,0.9192,0.2946,0.0015,0.0004,85.2,0.998,84.4,0.999,90.4,1.513,96.3,2.336,65.2,0.202,49.6,-0.058,78.9,0.396,87.0,0.658,89.3,1.44,88.1,1.201,94.8,1.887,91.1,1.384,77.0,0.55,53.3,0.111,85.2,0.6,81.1,0.386,76.7,0.372,79.3,0.643,74.8,0.658,96.3,2.397,54.8,-0.1,60.7,0.227,76.3,0.101,88.9,0.92,81.1,0.739,75.6,0.578,28.1,-0.417,28.1,-0.435,77.0,0.603,55.6,0.27,32.6,-0.301,33.0,-0.354,86.3,1.192,88.9,1.35,95.6,2.0,98.5,2.929,60.0,-0.211,41.5,-0.201,82.6,0.556,90.0,0.858,42.2,-0.196,30.4,-0.581,67.4,-0.032,65.2,-0.128,6.7,-0.866,5.2,-1.282,64.4,-0.139,63.3,-0.205
49xsd6e4oyjrhtwsdbdm4rj84,L. Hartjes,SBV Excelsior,Midfielder,5,1.557690936979846,0.0164271136355014,0.005441605863451,0.9329,0.2906,0.0031,0.001,3,1.032862969908971,0.0095140560142579,0.0033731220669993,0.9329,0.3212,0.003,0.001,2,0.5248279670708752,0.0069130576212435,0.0020684837964517,0.9329,0.2448,0.0032,0.001,2,0.9534737222640142,0.0069130576212435,0.0020684837964517,0.9329,0.4447,0.0032,0.001,3,0.6042172147158318,0.0095140560142579,0.0033731220669993,0.9329,0.1879,0.003,0.001,5,1.557690936979846,0.0164271136355014,0.005441605863451,0.9329,0.2906,0.0031,0.001,68.9,0.064,50.6,-0.357,92.1,1.672,91.5,1.342,50.3,-0.512,6.7,-1.363,89.6,0.783,89.0,0.617,72.3,0.262,57.9,-0.154,95.1,1.968,94.5,1.617,59.8,0.152,29.3,-0.484,94.8,1.835,93.3,1.279,61.0,-0.114,45.7,-0.439,89.0,0.763,87.8,0.51,67.7,0.303,32.9,-0.477,90.9,0.707,88.4,0.58,61.6,-0.112,58.5,-0.168,94.5,1.267,93.3,0.984,64.0,0.4,51.2,0.163,95.4,1.411,94.5,1.28,72.6,0.229,39.0,-0.459,90.2,1.201,90.2,0.995,66.8,0.272,20.1,-0.798,91.5,0.762,91.2,0.5,72.9,0.711,50.6,-0.204,93.9,2.235,93.9,1.837,52.1,-0.484,6.1,-1.303,89.0,0.769,89.6,0.611
4bkb8qjb5n33wxfopju8r1mtx,D. Bakker,SC Telstar,Defender,29,12.14578371719185,0.07537033297258279,0.0215256452001284,1.4128,0.5917,0.0037,0.001,18,7.73860831243944,0.034203632648168,0.01275418611965273,1.3884,0.5969,0.0026,0.001,11,4.407175404752405,0.0411667003244148,0.008771459080475668,1.4545,0.5828,0.0054,0.0012,14,5.587663796319042,0.01564560287197778,0.005388237706597501,1.0799,0.431,0.0012,0.0004,15,6.558119920872803,0.05972473010060501,0.0161374074935309,1.157,0.5059,0.0046,0.0012,6,2.902561091114266,0.01386246498897959,0.00417497666368942,1.1107,0.5373,0.0026,0.0008,92.2,1.769,96.3,2.024,99.3,2.992,97.8,2.512,77.0,0.605,77.8,0.576,85.6,0.737,82.2,0.443,95.9,2.119,97.0,2.524,96.3,2.435,97.0,2.867,70.4,0.472,71.9,0.542,84.1,0.525,87.8,0.768,87.0,1.168,88.1,1.204,97.0,2.429,88.9,1.385,83.7,0.642,72.6,0.564,87.0,0.678,82.2,0.352,91.9,1.638,92.6,1.71,92.6,1.444,91.1,1.576,70.4,0.392,62.2,0.343,87.8,0.171,86.7,0.257,93.0,1.766,97.0,2.152,97.8,2.847,96.3,2.195,72.6,0.332,70.4,0.365,88.9,0.798,81.9,0.441,60.4,0.167,74.1,0.657,74.8,0.425,74.8,0.398,45.9,-0.339,66.7,0.212,72.2,0.245,72.6,0.206
4cbhx91p3l265b2cejzd07gbu,P. Brouwer,SC Telstar,Forward,6,2.817595365023144,0.0,0.0,1.1119,0.5221,0.0,0.0,4,2.409931475870491,0.0,0.0,1.2354,0.7443,0.0,0.0,2,0.4076638891526535,0.0,0.0,0.9266,0.1889,0.0,0.0,3,2.073689011528365,0.0,0.0,0.9266,0.6405,0.0,0.0,3,0.7439063534947795,0.0,0.0,0.9266,0.2298,0.0,0.0,6,2.817595365023144,0.0,0.0,1.1119,0.5221,0.0,0.0,85.3,0.778,82.8,0.635,23.3,-0.389,23.3,-0.523,82.8,0.376,51.7,-0.016,27.6,-0.405,29.3,-0.589,89.7,1.298,91.4,1.732,30.2,-0.292,30.2,-0.429,94.8,1.019,84.5,1.197,31.9,-0.338,35.3,-0.477,64.7,0.07,32.8,-0.488,36.2,-0.332,36.2,-0.372,51.7,0.269,29.3,-0.684,37.1,-0.48,37.9,-0.495,81.9,0.8,89.7,1.279,34.5,-0.345,34.5,-0.359,58.6,0.511,82.8,0.957,35.3,-0.423,37.9,-0.405,81.9,0.556,46.6,-0.222,32.8,-0.27,32.8,-0.394,48.3,0.226,19.0,-0.767,33.6,-0.202,36.2,-0.294,94.8,1.626,91.4,1.456,23.3,-0.332,23.3,-0.519,82.8,0.414,53.4,0.022,26.7,-0.388,29.3,-0.584
4dk7h575fifmw2lhslevhmhux,M. Rente,FC Groningen,Defender,10,4.961460775141022,0.0008562277444254101,0.0003176576177486444,1.1666,0.5788,0.0001,0.0,3,1.343470737583446,0.0,0.0,1.3999,0.6269,0.0,0.0,7,3.617990037557576,0.0008562277444254101,0.0003176576177486444,1.0888,0.5628,0.0001,0.0,7,3.515950959457937,4.367698979571011e-05,2.335501021044438e-05,0.9333,0.4688,0.0,0.0,3,1.445509815683084,0.0008125507546297,0.0002943026075382,0.9333,0.4497,0.0003,0.0001,5,2.151991556887416,0.0008125507546297,0.0002943026075382,0.9333,0.4017,0.0002,0.0001,65.9,-0.063,71.1,0.185,34.1,-0.659,31.1,-0.656,55.6,-0.182,73.3,0.488,27.4,-0.626,14.1,-0.631,44.8,-0.428,45.9,-0.387,21.9,-0.495,21.9,-0.521,74.1,0.494,75.6,0.667,25.9,-0.451,26.7,-0.506,76.7,0.372,83.0,0.802,51.9,-0.57,52.6,-0.559,55.6,-0.068,69.6,0.476,46.7,-0.454,23.7,-0.501,75.9,0.38,81.5,0.744,57.8,-0.412,58.5,-0.426,53.3,0.088,71.1,0.518,32.6,-0.301,33.0,-0.354,39.6,-0.528,45.9,-0.442,43.0,-0.581,40.7,-0.567,40.7,-0.456,54.1,0.011,44.1,-0.504,40.4,-0.477,42.2,-0.196,48.9,-0.058,43.0,-0.616,41.5,-0.591,23.7,-0.827,29.6,-0.623,41.9,-0.592,42.6,-0.513
4ej8uchqe3rt1s5h6phjo3310,G. Zechiël,FC Utrecht,Midfielder,10,6.357590738789594,0.0005615546226202091,0.0004952620139762352,1.0221,0.6498,0.0001,0.0001,4,2.233770187882129,0.0,0.0,1.2266,0.685,0.0,0.0,6,4.123820550907466,0.0005615546226202091,0.0004952620139762352,0.9199,0.6323,0.0001,0.0001,7,4.743430045542228,0.0005615546226202091,0.0004952620139762352,0.9199,0.6234,0.0001,0.0001,3,1.614160693247367,0.0,0.0,0.9199,0.495,0.0,0.0,5,2.719135479438921,0.0005615546226202091,0.0004952620139762352,0.9199,0.5003,0.0001,0.0001,89.6,1.074,93.9,1.699,56.1,-0.415,62.2,-0.336,68.9,-0.098,72.0,0.503,50.6,-0.36,55.2,-0.317,80.5,0.66,83.5,0.79,30.5,-0.323,30.5,-0.323,86.0,0.782,75.0,0.739,34.8,-0.357,34.8,-0.336,91.2,1.224,95.7,2.045,71.3,-0.305,75.6,-0.192,32.9,0.278,78.7,0.798,64.6,-0.304,68.0,-0.268,93.9,1.657,97.6,2.492,78.0,-0.193,81.7,-0.032,29.3,0.372,76.2,0.79,72.3,-0.235,74.7,-0.17,72.6,0.229,72.0,0.323,27.7,-0.387,27.7,-0.385,26.8,0.242,57.9,0.192,32.0,-0.317,32.9,-0.295,72.9,0.711,75.0,0.769,58.5,-0.409,65.2,-0.302,9.1,-0.543,42.1,-0.26,51.2,-0.364,57.0,-0.318
4ezldqmn62ggasx6pniqbfwno,J. Ideho,FC Volendam,Midfielder,2,1.465017269223176,0.0018327173584648,0.0010684354516484,0.9309,0.6819,0.0009,0.0005,1,0.4735917540040481,0.0014455745372069,0.0006846121806194,0.9309,0.4409,0.0013,0.0006,1,0.9914255152191276,0.0003871428212579,0.000383823271029,0.9309,0.9229,0.0004,0.0004,0,0.0,0.0,0.0,0.0,0.0,0.0,0.0,2,1.465017269223176,0.0018327173584648,0.0010684354516484,0.9309,0.6819,0.0009,0.0005,2,1.465017269223176,0.0018327173584648,0.0010684354516484,0.9309,0.6819,0.0009,0.0005,35.7,-0.542,47.6,-0.396,69.5,-0.248,71.3,-0.142,38.7,-0.521,76.8,0.67,77.7,-0.055,77.4,0.098,34.5,-0.534,34.8,-0.594,86.6,0.025,84.1,0.071,51.5,0.147,42.1,-0.082,90.2,0.593,90.2,0.633,40.5,-0.449,61.0,-0.117,66.5,-0.334,71.3,-0.242,57.6,0.299,97.6,1.754,75.6,-0.207,81.1,0.014,12.5,-0.82,12.5,-0.837,30.2,-0.322,30.2,-0.352,12.5,-1.672,12.5,-1.397,34.5,-0.289,35.1,-0.331,58.5,-0.132,70.1,0.207,81.7,-0.081,83.5,0.052,56.7,0.267,82.3,0.794,83.5,0.007,83.2,0.103,35.7,-0.655,47.6,-0.281,72.6,-0.197,73.8,-0.054,40.5,-0.493,75.6,0.643,78.0,-0.062,76.8,0.095
4f8xb5sbyksacxmifi375h7qi,K. Sowah,NAC Breda,Midfielder,6,4.016766166197861,0.017630136976612,0.007001955512576099,0.9229,0.6179,0.0027,0.0011,3,2.208625813182897,0.0011369822940322,0.0010774779911837,0.9229,0.6795,0.0003,0.0003,3,1.808140353014965,0.0164931546825798,0.0059244775213924,0.9229,0.5563,0.0051,0.0018,2,1.417311701030426,0.0,0.0,0.9229,0.654,0.0,0.0,4,2.599454465167435,0.017630136976612,0.007001955512576099,0.9229,0.5998,0.0041,0.0016,5,3.069101460389219,0.0164931546825798,0.0059244775213924,0.9229,0.5665,0.003,0.0011,74.4,0.266,81.1,0.697,92.7,1.831,93.9,1.871,14.0,-0.558,65.2,0.337,88.4,0.631,90.5,0.721,72.3,0.262,82.9,0.77,82.9,-0.05,90.9,0.297,29.3,0.13,74.4,0.72,78.0,-0.138,83.2,0.149,72.3,0.22,75.6,0.446,95.7,2.374,96.3,2.231,38.4,0.284,68.9,0.548,93.9,1.326,94.8,1.334,61.6,-0.112,70.1,0.158,30.2,-0.322,30.2,-0.352,35.4,0.378,82.3,0.897,34.5,-0.289,35.1,-0.331,83.2,0.591,87.8,1.086,95.7,2.555,95.7,2.481,31.7,0.249,73.8,0.529,94.5,1.157,94.8,0.977,72.9,0.711,82.3,1.063,94.5,2.246,95.1,2.046,14.6,-0.53,58.5,0.069,88.4,0.732,91.2,0.714
4fcmk1x7n95o7owons6mc5a1g,S. Henderikx,SBV Excelsior,Defender,5,1.74447409271752,0.0014370192678827,0.0006026768293397,1.1622,0.4055,0.0003,0.0001,2,0.6801403437440513,0.0,0.0,1.8595,0.6324,0.0,0.0,3,1.064333748973469,0.0014370192678827,0.0006026768293397,0.9298,0.3299,0.0004,0.0002,0,0.0,0.0,0.0,0.0,0.0,0.0,0.0,5,1.74447409271752,0.0014370192678827,0.0006026768293397,1.1622,0.4055,0.0003,0.0001,5,1.74447409271752,0.0014370192678827,0.0006026768293397,1.1622,0.4055,0.0003,0.0001,36.7,-0.545,31.1,-0.638,38.5,-0.63,37.0,-0.613,52.6,-0.196,24.4,-0.694,39.3,-0.55,35.9,-0.523,31.9,-0.597,28.9,-0.689,21.9,-0.495,21.9,-0.521,90.4,1.354,76.3,0.69,25.9,-0.451,26.7,-0.506,44.8,-0.425,40.0,-0.5,55.6,-0.527,54.8,-0.493,27.4,-0.376,26.7,-0.557,54.4,-0.39,56.7,-0.359,9.6,-0.879,9.6,-0.896,28.1,-0.417,28.1,-0.435,9.6,-1.849,9.6,-1.647,32.6,-0.301,33.0,-0.354,60.0,-0.146,51.9,-0.291,48.9,-0.545,45.9,-0.513,73.3,0.35,38.5,-0.267,44.1,-0.504,40.4,-0.477,42.2,-0.196,36.3,-0.446,48.1,-0.566,48.9,-0.513,58.5,-0.197,31.1,-0.599,46.7,-0.557,42.6,-0.513
4fu2agdclsyxx1boxxibauzo4,G. Alders,SC Telstar,Defender,2,1.239293050516334,0.0005824629958357,0.0001669689594162,1.8634,1.1546,0.0005,0.0002,0,0.0,0.0,0.0,0.0,0.0,0.0,0.0,2,1.239293050516334,0.0005824629958357,0.0001669689594162,1.8634,1.1546,0.0005,0.0002,0,0.0,0.0,0.0,0.0,0.0,0.0,0.0,2,1.239293050516334,0.0005824629958357,0.0001669689594162,1.8634,1.1546,0.0005,0.0002,2,1.239293050516334,0.0005824629958357,0.0001669689594162,1.8634,1.1546,0.0005,0.0002,11.9,-0.834,20.7,-0.768,28.1,-0.672,25.2,-0.679,95.9,2.044,100.0,4.415,47.8,-0.475,48.1,-0.416,5.6,-0.937,5.6,-0.998,21.9,-0.495,21.9,-0.521,5.6,-2.127,5.6,-1.95,25.9,-0.451,26.7,-0.506,31.1,-0.624,46.7,-0.411,49.6,-0.59,47.4,-0.594,93.3,1.435,100.0,3.098,56.7,-0.368,56.7,-0.359,9.6,-0.879,9.6,-0.896,28.1,-0.417,28.1,-0.435,9.6,-1.849,9.6,-1.647,32.6,-0.301,33.0,-0.354,24.8,-0.719,38.5,-0.547,37.0,-0.594,35.6,-0.589,99.3,2.82,100.0,4.449,51.9,-0.444,48.9,-0.394,11.9,-1.285,20.7,-0.927,37.8,-0.634,34.1,-0.624,90.7,1.735,100.0,4.011,53.3,-0.488,54.1,-0.41
4jauu6ue076rbeq56exa4bcyy,M. Aïko,Fortuna Sittard,Forward,1,0.9319758402956584,0.0001814079438215,0.0001690678208794,0.9286,0.8654,0.0002,0.0002,1,0.9319758402956584,0.0001814079438215,0.0001690678208794,0.9286,0.8654,0.0002,0.0002,0,0.0,0.0,0.0,0.0,0.0,0.0,0.0,0,0.0,0.0,0.0,0.0,0.0,0.0,0.0,1,0.9319758402956584,0.0001814079438215,0.0001690678208794,0.9286,0.8654,0.0002,0.0002,1,0.9319758402956584,0.0001814079438215,0.0001690678208794,0.9286,0.8654,0.0002,0.0002,14.7,-0.822,32.8,-0.532,53.4,-0.329,55.2,-0.369,37.9,-0.432,96.6,1.996,69.8,-0.113,76.7,0.244,43.1,-0.4,67.2,0.076,67.2,-0.227,70.7,-0.237,56.9,0.365,94.8,1.618,75.0,-0.114,78.4,0.138,12.9,-0.946,12.9,-0.87,36.2,-0.332,36.2,-0.372,12.9,-1.557,12.9,-1.318,37.1,-0.48,37.9,-0.495,16.4,-0.897,16.4,-0.862,34.5,-0.345,34.5,-0.359,16.4,-1.43,16.4,-1.224,35.3,-0.423,37.9,-0.405,31.9,-0.537,62.1,-0.025,69.0,-0.205,72.4,-0.191,53.4,0.232,98.3,1.812,75.9,-0.123,79.3,0.005,14.7,-1.084,32.8,-0.614,53.4,-0.266,55.2,-0.323,41.4,-0.398,96.6,2.096,67.2,-0.09,76.7,0.263
4kns22wbu3emy5oxbpr52rdud,E. Dasa,Nijmegen Eendracht Combinatie,Defender,10,5.515426067683352,0.002434255308069699,0.001896258390199602,1.0214,0.5633,0.0002,0.0002,5,2.465023457048171,0.0008596738904322994,0.0007555748500652019,1.149,0.5665,0.0002,0.0002,5,3.050402610635181,0.0015745814176374,0.0011406835401344,0.9192,0.5608,0.0003,0.0002,6,3.367626057114293,0.001620648619783599,0.001147975444079102,1.1031,0.6191,0.0003,0.0002,4,2.147800010569058,0.0008136066882861,0.0007482829461205,0.9192,0.4936,0.0002,0.0002,5,2.755366609459579,0.0015745814176374,0.0011406835401344,0.9192,0.5066,0.0003,0.0002,65.9,-0.063,74.8,0.327,44.4,-0.581,54.8,-0.42,35.6,-0.646,68.1,0.382,34.4,-0.588,48.1,-0.416,62.6,-0.088,70.4,0.124,61.5,-0.422,67.4,-0.32,52.6,0.024,68.1,0.415,58.1,-0.376,64.1,-0.251,64.8,-0.027,75.6,0.512,57.0,-0.517,63.0,-0.37,15.2,-0.397,68.9,0.467,52.2,-0.411,56.7,-0.359,71.5,0.2,78.5,0.674,74.8,-0.224,80.0,-0.006,72.6,0.44,90.4,1.212,73.0,-0.183,79.3,-0.049,50.7,-0.337,60.0,-0.086,43.7,-0.581,51.1,-0.488,11.5,-0.506,65.9,0.288,39.6,-0.534,48.9,-0.394,42.2,-0.196,70.4,0.516,50.4,-0.555,57.8,-0.376,6.7,-0.866,57.8,0.023,46.7,-0.557,54.1,-0.41
4mhahoh3a6rir882ug9hdb5nu,T. Velthuis,PEC Zwolle,Defender,7,1.852299694035894,0.0255685677898228,0.005609527949674,1.3263,0.351,0.0048,0.0011,2,0.6187711110506628,0.0,0.0,1.8947,0.5862,0.0,0.0,5,1.233528582985231,0.0255685677898228,0.005609527949674,1.1842,0.2922,0.0061,0.0013,2,0.4971134507951053,0.0,0.0,0.9474,0.2355,0.0,0.0,5,1.355186243240789,0.0255685677898228,0.005609527949674,1.5789,0.428,0.0081,0.0018,7,1.852299694035894,0.0255685677898228,0.005609527949674,1.3263,0.351,0.0048,0.0011,52.6,-0.352,34.1,-0.611,80.7,0.552,69.6,0.134,68.1,0.328,14.8,-1.066,91.9,1.153,84.4,0.551,31.9,-0.597,24.4,-0.716,21.9,-0.495,21.9,-0.521,93.3,1.42,70.4,0.497,25.9,-0.451,26.7,-0.506,64.8,-0.027,45.9,-0.414,89.6,1.268,77.0,0.658,62.2,0.117,20.7,-0.724,89.3,0.827,83.0,0.423,39.3,-0.519,31.1,-0.664,28.1,-0.417,28.1,-0.435,67.4,0.117,24.4,-0.559,32.6,-0.301,33.0,-0.354,60.0,-0.146,42.2,-0.488,88.1,0.859,76.3,0.36,96.3,1.818,45.9,-0.125,94.8,1.859,91.5,0.941,74.4,0.53,40.0,-0.343,91.9,1.359,81.5,0.764,72.6,0.255,17.0,-0.935,88.9,1.013,81.5,0.514
4n18t6bixl6ba3bx76hym51qs,A. Gaaei,AFC Ajax,Defender,4,1.800123158997355,0.00076161457814,0.0002414127347503,0.916,0.4122,0.0002,0.0001,3,0.8978860810787206,0.00076161457814,0.0002414127347503,0.916,0.2742,0.0002,0.0001,1,0.9022370779186344,0.0,0.0,0.916,0.8265,0.0,0.0,3,0.8978860810787206,0.00076161457814,0.0002414127347503,0.916,0.2742,0.0002,0.0001,1,0.9022370779186344,0.0,0.0,0.916,0.8265,0.0,0.0,4,1.800123158997355,0.00076161457814,0.0002414127347503,0.916,0.4122,0.0002,0.0001,28.9,-0.641,33.3,-0.624,31.1,-0.663,26.7,-0.667,3.7,-0.982,26.7,-0.649,34.4,-0.588,35.9,-0.523,44.8,-0.428,34.8,-0.589,58.5,-0.43,53.3,-0.457,13.3,-0.412,19.3,-0.805,58.1,-0.376,57.0,-0.378,15.6,-0.823,32.6,-0.583,21.1,-0.634,21.1,-0.632,11.9,-0.403,95.6,1.644,22.6,-0.475,23.7,-0.501,50.7,-0.34,44.4,-0.477,68.9,-0.326,64.4,-0.345,21.5,0.052,31.9,-0.381,69.3,-0.222,70.4,-0.201,9.3,-0.911,24.4,-0.718,15.2,-0.628,15.2,-0.618,8.1,-0.517,98.5,2.384,17.0,-0.595,17.4,-0.561,28.9,-0.559,39.3,-0.393,40.7,-0.62,36.3,-0.605,3.7,-0.875,34.1,-0.558,41.9,-0.592,42.6,-0.513
4phgw75cred5p93hjq8hiou6t,S. Floranus,PEC Zwolle,Defender,5,2.240061098012153,0.000788241733985,0.0007409522661767,0.9378,0.4201,0.0001,0.0001,2,1.25160611301278,0.000788241733985,0.0007409522661767,0.9378,0.5869,0.0004,0.0003,3,0.9884549849993731,0.0,0.0,0.9378,0.309,0.0,0.0,2,0.5306550039116859,0.0,0.0,0.9378,0.2488,0.0,0.0,3,1.709406094100467,0.000788241733985,0.0007409522661767,0.9378,0.5344,0.0002,0.0002,5,2.240061098012153,0.000788241733985,0.0007409522661767,0.9378,0.4201,0.0001,0.0001,36.7,-0.545,39.3,-0.511,31.9,-0.662,42.2,-0.593,28.9,-0.913,29.6,-0.595,27.4,-0.626,35.9,-0.523,31.9,-0.597,45.2,-0.428,60.0,-0.428,66.7,-0.324,43.7,-0.371,71.1,0.5,63.7,-0.301,70.7,-0.124,44.8,-0.425,37.8,-0.539,21.1,-0.634,21.1,-0.632,46.3,-0.361,24.4,-0.649,22.6,-0.475,23.7,-0.501,39.3,-0.519,32.6,-0.648,28.1,-0.417,28.1,-0.435,59.6,0.097,27.4,-0.498,32.6,-0.301,33.0,-0.354,39.6,-0.528,49.6,-0.308,41.5,-0.582,50.4,-0.489,51.9,-0.44,77.8,0.545,39.6,-0.534,48.9,-0.394,42.2,-0.196,53.3,0.026,41.5,-0.618,52.6,-0.478,33.3,-0.815,37.8,-0.51,35.6,-0.627,42.6,-0.513
4ported2opjp4xbp87bpqb6z8,M. Soumano,NAC Breda,Forward,1,0.3274703732319461,0.0,0.0,0.9243,0.3027,0.0,0.0,1,0.3274703732319461,0.0,0.0,0.9243,0.3027,0.0,0.0,0,0.0,0.0,0.0,0.0,0.0,0.0,0.0,1,0.3274703732319461,0.0,0.0,0.9243,0.3027,0.0,0.0,0,0.0,0.0,0.0,0.0,0.0,0.0,0.0,1,0.3274703732319461,0.0,0.0,0.9243,0.3027,0.0,0.0,14.7,-0.822,5.2,-0.907,23.3,-0.389,23.3,-0.523,22.4,-0.451,8.6,-1.302,27.6,-0.405,29.3,-0.589,43.1,-0.4,31.0,-0.602,30.2,-0.292,30.2,-0.429,44.8,0.356,36.2,-0.337,31.9,-0.338,35.3,-0.477,12.9,-0.946,12.9,-0.87,36.2,-0.332,36.2,-0.372,12.9,-1.557,12.9,-1.318,37.1,-0.48,37.9,-0.495,48.3,-0.332,41.4,-0.524,34.5,-0.345,34.5,-0.359,49.1,0.506,41.4,-0.193,35.3,-0.423,37.9,-0.405,6.9,-1.083,6.9,-1.001,32.8,-0.27,32.8,-0.394,6.9,-2.461,6.9,-1.7,33.6,-0.202,36.2,-0.294,14.7,-1.084,5.2,-1.278,23.3,-0.332,23.3,-0.519,24.1,-0.417,8.6,-1.304,26.7,-0.388,29.3,-0.584
4pqi5vt820333t5zsj2refc2d,B. Linssen,Nijmegen Eendracht Combinatie,Forward,2,0.6710042305131059,0.0,0.0,0.9192,0.3084,0.0,0.0,0,0.0,0.0,0.0,0.0,0.0,0.0,0.0,2,0.6710042305131059,0.0,0.0,0.9192,0.3084,0.0,0.0,2,0.6710042305131059,0.0,0.0,0.9192,0.3084,0.0,0.0,0,0.0,0.0,0.0,0.0,0.0,0.0,0.0,2,0.6710042305131059,0.0,0.0,0.9192,0.3084,0.0,0.0,39.7,-0.502,22.4,-0.694,23.3,-0.389,23.3,-0.523,15.5,-0.473,10.3,-1.268,27.6,-0.405,29.3,-0.589,12.9,-0.966,12.9,-0.969,30.2,-0.292,30.2,-0.429,12.9,-1.615,12.9,-1.388,31.9,-0.338,35.3,-0.477,64.7,0.07,48.3,-0.24,36.2,-0.332,36.2,-0.372,39.7,0.255,39.7,-0.282,37.1,-0.48,37.9,-0.495,69.8,0.234,55.2,-0.169,34.5,-0.345,34.5,-0.359,46.6,0.495,43.1,-0.174,35.3,-0.423,37.9,-0.405,6.9,-1.083,6.9,-1.001,32.8,-0.27,32.8,-0.394,6.9,-2.461,6.9,-1.7,33.6,-0.202,36.2,-0.294,39.7,-0.542,22.4,-0.9,23.3,-0.332,23.3,-0.519,15.5,-0.44,10.3,-1.27,26.7,-0.388,29.3,-0.584
4qr07cfbwquppkww057mb9tk9,J. Moder,Feyenoord Rotterdam,Midfielder,3,0.9986319860327703,0.0005636222814665,0.0001560170917412,0.9174,0.3054,0.0002,0.0,1,0.3094434814466562,0.0,0.0,0.9174,0.2839,0.0,0.0,2,0.6891885045861141,0.0005636222814665,0.0001560170917412,0.9174,0.3161,0.0003,0.0001,0,0.0,0.0,0.0,0.0,0.0,0.0,0.0,3,0.9986319860327703,0.0005636222814665,0.0001560170917412,0.9174,0.3054,0.0002,0.0,3,0.9986319860327703,0.0005636222814665,0.0001560170917412,0.9174,0.3054,0.0002,0.0,51.2,-0.34,32.9,-0.596,56.7,-0.415,48.2,-0.451,4.9,-0.584,7.3,-1.286,58.8,-0.322,24.4,-0.421,34.5,-0.534,26.8,-0.723,30.5,-0.323,30.5,-0.323,20.7,0.118,27.4,-0.61,34.8,-0.357,34.8,-0.336,61.0,-0.114,51.8,-0.326,72.0,-0.305,65.2,-0.343,29.9,0.273,40.2,-0.242,73.8,-0.239,68.0,-0.268,12.5,-0.82,12.5,-0.837,30.2,-0.322,30.2,-0.352,12.5,-1.672,12.5,-1.397,34.5,-0.289,35.1,-0.331,72.6,0.229,57.9,-0.154,73.2,-0.293,68.3,-0.321,22.6,0.236,28.0,-0.419,73.2,-0.245,32.9,-0.295,51.2,-0.2,32.9,-0.672,59.1,-0.409,51.2,-0.449,4.9,-0.555,6.7,-1.23,60.1,-0.326,25.3,-0.421
4u12cln8rmtkwlu5q36ypjl2i,N. Schiks,PSV Eindhoven,Goalkeeper,1,0.2069564486618468,0.0217161538686982,0.00449429808326,0.9524,0.1971,0.0207,0.0043,0,0.0,0.0,0.0,0.0,0.0,0.0,0.0,1,0.2069564486618468,0.0217161538686982,0.00449429808326,0.9524,0.1971,0.0207,0.0043,0,0.0,0.0,0.0,0.0,0.0,0.0,0.0,1,0.2069564486618468,0.0217161538686982,0.00449429808326,0.9524,0.1971,0.0207,0.0043,1,0.2069564486618468,0.0217161538686982,0.00449429808326,0.9524,0.1971,0.0207,0.0043,12.5,-0.63,12.5,-0.527,75.0,0.225,78.1,0.539,62.5,-0.51,31.2,-0.476,93.8,1.895,100.0,3.662,6.2,-0.799,6.2,-0.609,32.8,-0.467,32.8,-0.48,6.2,-1.974,6.2,-1.279,34.4,-0.408,34.4,-0.488,50.0,-0.41,50.0,-0.418,90.6,1.494,93.8,1.619,71.9,0.475,59.4,0.115,96.9,2.392,100.0,4.176,15.6,-0.661,15.6,-0.524,37.5,-0.292,37.5,-0.426,15.6,-1.481,15.6,-1.056,37.5,-0.285,37.5,-0.386,31.2,-0.536,31.2,-0.501,84.4,0.732,84.4,1.142,75.0,0.184,37.5,-0.121,93.8,1.988,96.9,2.966,12.5,-0.962,12.5,-0.674,81.2,0.378,84.4,1.307,62.5,-0.503,34.4,-0.454,93.8,1.893,100.0,3.621
4utx4h5jz14whtjawxn7ox0r8,N. Verschuren,FC Volendam,Defender,18,8.11791990113118,0.02900450972455589,0.0089023626881914,1.1209,0.5055,0.0018,0.0006,7,2.985623066075526,0.0220643185210123,0.0069306077003765,0.934,0.3984,0.0029,0.0009,11,5.132296835055653,0.006940191203543594,0.001971754987814899,1.2843,0.5992,0.0008,0.0002,9,3.955386620955021,0.02822934134002589,0.0081898901930302,1.0508,0.4618,0.0033,0.001,9,4.162533280176159,0.00077516838453,0.0007124724951612,1.0508,0.486,0.0001,0.0001,7,2.37928755822524,0.0022175019121869,0.0008848292903177,1.3077,0.4445,0.0004,0.0002,80.0,0.708,83.7,0.993,83.0,0.72,81.5,0.626,48.9,-0.328,51.9,-0.012,67.4,0.017,69.3,0.014,74.4,0.252,74.1,0.361,91.1,1.395,90.4,1.32,37.0,-0.378,35.6,-0.287,86.3,0.638,86.3,0.641,87.0,1.168,91.1,1.574,70.4,-0.117,68.1,-0.179,71.9,0.312,75.6,0.637,63.7,-0.304,56.7,-0.359,81.1,0.739,86.7,0.948,96.3,2.941,95.6,2.622,69.6,0.331,68.9,0.486,94.1,0.995,94.1,1.174,79.3,0.619,84.4,0.937,40.7,-0.583,49.6,-0.494,61.5,-0.042,63.7,0.24,35.6,-0.565,40.4,-0.477,74.4,0.53,57.0,0.158,55.6,-0.504,54.8,-0.441,70.4,0.204,40.7,-0.359,50.4,-0.523,54.1,-0.41
50130ztne7nsfs9fxf0am6vv9,D. Mertens,SC Telstar,Midfielder,1,0.3621387941416824,0.0133663870724644,0.0048404872964532,0.9317,0.3374,0.0125,0.0045,0,0.0,0.0,0.0,0.0,0.0,0.0,0.0,1,0.3621387941416824,0.0133663870724644,0.0048404872964532,0.9317,0.3374,0.0125,0.0045,0,0.0,0.0,0.0,0.0,0.0,0.0,0.0,1,0.3621387941416824,0.0133663870724644,0.0048404872964532,0.9317,0.3374,0.0125,0.0045,1,0.3621387941416824,0.0133663870724644,0.0048404872964532,0.9317,0.3374,0.0125,0.0045,12.8,-0.744,7.3,-0.869,87.8,1.27,89.6,1.138,44.5,-0.518,11.0,-1.12,98.8,4.365,98.8,4.251,9.5,-0.932,9.5,-0.966,30.5,-0.323,30.5,-0.323,9.5,-1.85,9.5,-1.564,34.8,-0.357,34.8,-0.336,40.5,-0.449,38.4,-0.552,92.7,1.848,94.5,1.748,63.1,0.301,43.3,-0.172,98.2,3.739,98.2,3.88,12.5,-0.82,12.5,-0.837,30.2,-0.322,30.2,-0.352,12.5,-1.672,12.5,-1.397,34.5,-0.289,35.1,-0.331,34.8,-0.494,29.9,-0.647,93.3,1.844,94.5,1.596,61.6,0.269,36.0,-0.316,98.2,4.177,98.8,3.281,12.8,-1.11,7.3,-1.205,90.9,1.725,92.7,1.577,46.3,-0.49,12.2,-1.07,98.8,4.321,98.8,4.22
50zbw9cb2gon7eb7w08ndfyms,M. Zonneveld,SC Telstar,Forward,3,1.606883832833807,0.0005135647840538036,0.0003290211787399469,0.9278,0.497,0.0002,0.0001,2,0.8437467964109424,0.0001843511116992037,7.778603246934689e-05,0.9278,0.3914,0.0001,0.0,1,0.7631370364228647,0.0003292136723546,0.0002512351462706,0.9278,0.7081,0.0003,0.0002,2,1.185831940386951,0.0004294247859033,0.0002935938732882024,0.9278,0.5501,0.0002,0.0001,1,0.4210518924468561,8.413999815050366e-05,3.542730545174454e-05,0.9278,0.3907,0.0001,0.0,3,1.606883832833807,0.0005135647840538036,0.0003290211787399469,0.9278,0.497,0.0002,0.0001,57.8,-0.182,62.1,-0.114,67.2,-0.219,65.5,-0.224,33.6,-0.436,50.0,-0.163,69.8,-0.113,65.5,-0.172,69.0,0.166,55.2,-0.023,69.0,-0.226,65.5,-0.34,53.4,0.363,46.6,-0.029,68.1,-0.226,35.3,-0.477,38.8,-0.438,56.9,-0.154,79.3,-0.027,81.0,0.1,54.3,0.272,87.9,1.06,85.3,0.806,85.3,0.906,69.8,0.234,72.4,0.362,84.5,0.001,84.5,0.068,61.2,0.513,69.0,0.649,82.8,0.11,80.2,0.084,31.9,-0.537,29.3,-0.56,67.2,-0.24,67.2,-0.352,50.0,0.23,46.6,-0.114,69.0,-0.163,36.2,-0.294,57.8,0.0,62.1,0.127,67.2,-0.144,67.2,-0.138,37.1,-0.402,50.0,-0.13,67.2,-0.09,64.7,-0.161
52cqyvn8cfh83i5zwm3181pbe,T. Noslin,SC Telstar,Midfielder,6,2.763261233772613,0.0267341511622489,0.0059320324362404,1.111,0.5117,0.005,0.0011,4,1.612230574444052,0.0267341511622489,0.0059320324362404,1.2345,0.4976,0.0083,0.0018,2,1.151030659328561,0.0,0.0,0.9259,0.5329,0.0,0.0,4,1.389170958263549,0.0267341511622489,0.0059320324362404,1.2345,0.4287,0.0083,0.0018,2,1.374090275509064,0.0,0.0,0.9259,0.6361,0.0,0.0,6,2.763261233772613,0.0267341511622489,0.0059320324362404,1.111,0.5117,0.005,0.0011,74.4,0.266,70.7,0.16,98.2,3.028,92.7,1.508,76.2,0.315,42.7,-0.214,95.1,1.507,90.5,0.721,80.5,0.66,73.8,0.301,100.0,6.115,98.2,3.089,88.4,0.799,49.4,0.109,99.4,5.708,98.2,2.572,61.0,-0.114,64.6,-0.007,27.1,-0.399,27.1,-0.413,42.7,0.289,63.4,0.471,31.1,-0.337,31.7,-0.363,81.1,0.596,69.5,0.138,100.0,5.82,98.2,3.481,93.3,1.071,48.2,0.107,98.8,4.12,98.2,2.568,58.5,-0.132,67.1,0.137,27.7,-0.387,27.7,-0.385,39.0,0.255,78.0,0.646,32.0,-0.317,32.9,-0.295,85.4,1.166,77.4,0.806,100.0,3.953,95.7,2.049,75.0,0.326,45.1,-0.204,95.1,1.487,91.2,0.714
536qjh4gcmpo5q68ti87e60kq,S. Mito,Sparta Rotterdam,Midfielder,1,0.370372769492633,0.0,0.0,0.9317,0.3451,0.0,0.0,1,0.370372769492633,0.0,0.0,0.9317,0.3451,0.0,0.0,0,0.0,0.0,0.0,0.0,0.0,0.0,0.0,1,0.370372769492633,0.0,0.0,0.9317,0.3451,0.0,0.0,0,0.0,0.0,0.0,0.0,0.0,0.0,0.0,1,0.370372769492633,0.0,0.0,0.9317,0.3451,0.0,0.0,12.8,-0.744,9.1,-0.865,16.5,-0.489,16.5,-0.504,44.5,-0.518,12.2,-1.08,23.2,-0.398,24.4,-0.421,34.5,-0.534,29.3,-0.675,30.5,-0.323,30.5,-0.323,55.8,0.149,32.3,-0.404,34.8,-0.357,34.8,-0.336,13.4,-0.783,13.4,-0.802,27.1,-0.399,27.1,-0.413,13.4,-1.515,13.4,-1.282,31.1,-0.337,31.7,-0.363,38.7,-0.466,34.8,-0.577,30.2,-0.322,30.2,-0.352,59.5,0.398,40.2,-0.186,34.5,-0.289,35.1,-0.331,9.5,-0.856,9.5,-0.927,27.7,-0.387,27.7,-0.385,9.5,-1.876,9.5,-1.403,32.0,-0.317,32.9,-0.295,12.8,-1.11,9.1,-1.198,17.4,-0.502,17.4,-0.516,46.3,-0.49,13.4,-1.032,23.8,-0.402,25.3,-0.421
56nbghr9snc79dt8h99wleej8,S. Steur,AFC Ajax,Midfielder,2,1.358271925271615,0.0198477192914632,0.0132643156906117,0.9197,0.6246,0.0091,0.0061,2,1.358271925271615,0.0198477192914632,0.0132643156906117,0.9197,0.6246,0.0091,0.0061,0,0.0,0.0,0.0,0.0,0.0,0.0,0.0,1,0.6899676483002628,0.0,0.0,0.9197,0.6346,0.0,0.0,1,0.668304276971352,0.0198477192914632,0.0132643156906117,0.9197,0.6146,0.0183,0.0122,2,1.358271925271615,0.0198477192914632,0.0132643156906117,0.9197,0.6246,0.0091,0.0061,35.7,-0.542,45.1,-0.442,94.5,2.122,98.8,3.996,8.5,-0.573,67.1,0.372,97.6,3.069,99.4,5.913,59.1,-0.136,68.9,0.102,98.2,4.457,100.0,7.307,23.8,0.123,69.5,0.536,100.0,6.293,100.0,9.517,13.4,-0.783,13.4,-0.802,27.1,-0.399,27.1,-0.413,13.4,-1.515,13.4,-1.282,31.1,-0.337,31.7,-0.363,38.7,-0.466,47.0,-0.353,30.2,-0.322,30.2,-0.352,28.7,0.371,81.1,0.829,34.5,-0.289,35.1,-0.331,34.8,-0.494,40.9,-0.41,97.0,2.926,99.4,5.044,26.2,0.241,75.0,0.577,99.4,6.262,100.0,9.4,35.7,-0.655,45.1,-0.371,96.3,2.805,100.0,5.221,8.5,-0.544,70.7,0.358,97.6,3.037,99.4,5.87
570htztcvfsu947xw6fvtzmc5,Iván Márquez,Fortuna Sittard,Defender,31,11.37300950882799,0.07327989269933691,0.0235898274936537,1.6763,0.615,0.004,0.0013,17,5.562875095379583,0.0522836233834276,0.0152121097598323,1.9534,0.6392,0.006,0.0017,14,5.810134413448409,0.0209962693159093,0.0083777177338214,1.4299,0.5934,0.0021,0.0009,14,5.91180407790715,0.0088928240386592,0.003958416971567499,1.4299,0.6038,0.0009,0.0004,17,5.461205430920844,0.0643870686606777,0.0196314105220862,1.4207,0.4564,0.0054,0.0016,7,2.637970778961769,0.0277215278381173,0.0100768670221856,1.2869,0.485,0.0051,0.0019,94.1,1.962,94.1,1.826,98.5,2.89,98.5,2.82,88.9,1.446,84.4,0.734,87.4,0.85,90.4,0.765,94.1,1.95,91.9,1.534,98.5,3.983,98.5,3.519,94.8,1.53,77.0,0.718,94.8,1.801,94.4,1.66,91.9,1.766,95.6,1.919,80.7,0.928,85.9,1.294,82.2,0.594,74.8,0.611,72.6,-0.027,78.9,0.138,91.9,1.638,94.8,1.861,87.4,0.641,90.4,1.043,90.4,1.118,87.4,1.141,85.2,0.053,86.7,0.257,96.3,2.148,91.9,1.596,99.3,3.118,97.8,2.804,89.6,1.261,57.8,0.053,91.1,1.041,88.1,0.774,74.4,0.53,63.7,0.405,92.6,1.53,95.6,1.904,63.7,0.147,48.9,-0.11,89.6,1.117,91.1,1.336
57btqxe5sy3ygzxpp55p4umdx,W. Weghorst,AFC Ajax,Forward,3,1.426634017561517,0.0009662611822604,0.000322142410659,0.9164,0.4358,0.0003,0.0001,1,0.741360176871407,0.0,0.0,0.9164,0.6794,0.0,0.0,2,0.6852738406901095,0.0009662611822604,0.000322142410659,0.9164,0.314,0.0004,0.0001,1,0.2863522519762956,0.0005624980755498,0.000161072590666,0.9164,0.2624,0.0005,0.0001,2,1.140281765585221,0.0004037631067106,0.000161069819993,0.9164,0.5225,0.0002,0.0001,3,1.426634017561517,0.0009662611822604,0.000322142410659,0.9164,0.4358,0.0003,0.0001,57.8,-0.182,58.6,-0.226,74.1,-0.069,63.8,-0.23,3.4,-0.486,36.2,-0.522,76.7,0.033,65.5,-0.172,43.1,-0.4,51.7,-0.138,30.2,-0.292,30.2,-0.429,27.6,0.339,82.8,0.972,31.9,-0.338,35.3,-0.477,64.7,0.07,51.7,-0.227,87.9,0.564,84.5,0.233,27.6,0.249,41.4,-0.264,91.4,1.234,78.4,0.205,48.3,-0.332,37.9,-0.567,86.2,0.109,75.9,-0.125,36.2,0.49,37.9,-0.331,90.5,0.91,80.2,0.084,63.8,0.009,72.4,0.193,74.1,-0.125,70.7,-0.201,15.5,0.197,67.2,0.421,75.9,-0.123,74.1,-0.145,57.8,0.0,58.6,-0.071,74.1,0.021,65.5,-0.146,3.4,-0.452,32.8,-0.5,76.7,0.059,64.7,-0.161
59ynmlwky3h6m9g2r7a8igi96,T. Parrott,Alkmaar Zaanstreek,Forward,9,4.188103916874387,0.0019400178866928,0.0004505531907753,0.9347,0.435,0.0002,0.0,4,2.195966148427062,0.0004904815672421,0.0002714657669462,0.9347,0.5132,0.0001,0.0001,5,1.992137768447326,0.0014495363194507,0.0001790874238291,0.9347,0.3724,0.0003,0.0,1,0.1235480763234488,0.0014495363194507,0.0001790874238291,0.9347,0.1155,0.0014,0.0002,8,4.064555840550939,0.0004904815672421,0.0002714657669462,0.9347,0.4749,0.0001,0.0,5,2.448441444219185,0.0014495363194507,0.0001790874238291,0.9347,0.4577,0.0003,0.0,93.1,1.739,89.7,1.484,89.7,0.253,72.4,-0.113,57.8,-0.405,34.5,-0.526,69.8,-0.113,29.3,-0.589,89.7,1.298,89.7,1.493,79.3,-0.117,75.9,-0.12,73.3,0.378,63.8,0.395,68.1,-0.226,72.4,-0.17,94.0,1.594,89.7,1.0,94.8,1.012,75.9,-0.035,73.3,0.285,43.1,-0.068,85.3,0.806,37.9,-0.495,48.3,-0.332,34.5,-0.735,93.1,0.826,79.3,-0.098,80.2,0.528,34.5,-0.831,98.3,3.309,87.9,0.573,98.3,3.287,98.3,3.254,79.3,-0.093,74.1,-0.068,71.6,0.25,60.3,0.227,69.0,-0.163,36.2,-0.294,82.8,1.084,82.8,1.051,84.5,0.198,58.6,-0.312,61.2,-0.371,39.7,-0.368,76.7,0.059,29.3,-0.584
5bjdj7hrhuxjbsa8wc1kw42c5,G. Trauner,Feyenoord Rotterdam,Defender,8,3.079374582614208,8.455029235798772e-06,7.834435806297127e-06,1.8634,0.7172,0.0,0.0,5,2.135132603324808,8.455029235798772e-06,7.834435806297127e-06,2.3292,0.9946,0.0,0.0,3,0.9442419792893992,0.0,0.0,1.3975,0.4399,0.0,0.0,6,1.877965839535651,0.0,0.0,1.8634,0.5832,0.0,0.0,2,1.201408743078557,8.455029235798772e-06,7.834435806297127e-06,0.9317,0.5597,0.0,0.0,8,3.079374582614208,8.455029235798772e-06,7.834435806297127e-06,1.8634,0.7172,0.0,0.0,56.3,-0.256,55.6,-0.297,20.7,-0.7,20.7,-0.702,95.9,2.044,94.1,1.431,11.9,-0.664,14.1,-0.631,62.6,-0.088,59.3,-0.026,43.7,-0.494,44.4,-0.519,99.3,2.234,98.5,2.202,25.9,-0.451,26.7,-0.506,44.8,-0.425,34.8,-0.561,21.1,-0.634,21.1,-0.632,79.3,0.531,48.1,-0.069,22.6,-0.475,23.7,-0.501,71.5,0.2,63.0,-0.02,28.1,-0.417,28.1,-0.435,99.3,2.017,83.7,1.046,32.6,-0.301,33.0,-0.354,24.8,-0.719,36.3,-0.566,30.4,-0.628,30.4,-0.617,37.4,-0.462,82.2,0.704,17.0,-0.595,17.4,-0.561,83.3,0.892,79.3,0.825,27.4,-0.68,27.4,-0.665,90.7,1.735,90.4,1.319,16.3,-0.662,18.1,-0.615
5dbx86ca2t7dae8b3t69atii1,W. Willumsson,Nijmegen Eendracht Combinatie,Forward,1,0.6847044823432005,0.0,0.0,0.9278,0.6353,0.0,0.0,0,0.0,0.0,0.0,0.0,0.0,0.0,0.0,1,0.6847044823432005,0.0,0.0,0.9278,0.6353,0.0,0.0,1,0.6847044823432005,0.0,0.0,0.9278,0.6353,0.0,0.0,0,0.0,0.0,0.0,0.0,0.0,0.0,0.0,1,0.6847044823432005,0.0,0.0,0.9278,0.6353,0.0,0.0,14.7,-0.822,24.1,-0.685,23.3,-0.389,23.3,-0.523,33.6,-0.436,74.1,0.647,27.6,-0.405,29.3,-0.589,12.9,-0.966,12.9,-0.969,30.2,-0.292,30.2,-0.429,12.9,-1.615,12.9,-1.388,31.9,-0.338,35.3,-0.477,38.8,-0.438,50.0,-0.228,36.2,-0.332,36.2,-0.372,54.3,0.272,79.3,0.815,37.1,-0.48,37.9,-0.495,48.3,-0.332,56.9,-0.155,34.5,-0.345,34.5,-0.359,61.2,0.513,81.0,0.939,35.3,-0.423,37.9,-0.405,6.9,-1.083,6.9,-1.001,32.8,-0.27,32.8,-0.394,6.9,-2.461,6.9,-1.7,33.6,-0.202,36.2,-0.294,14.7,-1.084,24.1,-0.885,23.3,-0.332,23.3,-0.519,37.1,-0.402,79.3,0.705,26.7,-0.388,29.3,-0.584
5ghvrbmlh0tqos9iohj8f7zzd,K. Sierhuis,Fortuna Sittard,Forward,2,1.695218398833328,0.0003756192677192,0.0003294413052091,0.9243,0.7835,0.0002,0.0002,2,1.695218398833328,0.0003756192677192,0.0003294413052091,0.9243,0.7835,0.0002,0.0002,0,0.0,0.0,0.0,0.0,0.0,0.0,0.0,1,0.8181566144111747,0.0,0.0,0.9243,0.7563,0.0,0.0,1,0.8770617844221531,0.0003756192677192,0.0003294413052091,0.9243,0.8107,0.0003,0.0003,2,1.695218398833328,0.0003756192677192,0.0003294413052091,0.9243,0.7835,0.0002,0.0002,39.7,-0.502,65.5,-0.06,60.3,-0.265,67.2,-0.223,22.4,-0.451,91.4,1.516,69.8,-0.113,76.7,0.244,69.0,0.166,84.5,0.931,74.1,-0.158,79.3,-0.054,44.8,0.356,87.9,1.334,75.0,-0.114,78.4,0.138,12.9,-0.946,12.9,-0.87,36.2,-0.332,36.2,-0.372,12.9,-1.557,12.9,-1.318,37.1,-0.48,37.9,-0.495,48.3,-0.332,60.3,-0.018,34.5,-0.345,34.5,-0.359,49.1,0.506,91.4,1.351,35.3,-0.423,37.9,-0.405,31.9,-0.537,56.9,-0.083,70.7,-0.135,77.6,0.001,38.8,0.22,91.4,1.59,82.8,-0.083,83.6,0.155,39.7,-0.542,65.5,0.224,60.3,-0.195,69.0,-0.138,24.1,-0.417,91.4,1.601,67.2,-0.09,76.7,0.263
5i0e7e59vav8ynqzt7qrvitt6,J. Hornkamp,Heracles Almelo,Forward,3,1.078772365443515,0.0,0.0,0.9344,0.336,0.0,0.0,2,0.8935585185205501,0.0,0.0,0.9344,0.4175,0.0,0.0,1,0.1852138469229653,0.0,0.0,0.9344,0.1731,0.0,0.0,2,0.7586742842042272,0.0,0.0,0.9344,0.3545,0.0,0.0,1,0.3200980812392882,0.0,0.0,0.9344,0.2991,0.0,0.0,3,1.078772365443515,0.0,0.0,0.9344,0.336,0.0,0.0,57.8,-0.182,44.8,-0.441,23.3,-0.389,23.3,-0.523,55.2,-0.406,13.8,-1.107,27.6,-0.405,29.3,-0.589,69.0,0.166,62.1,0.033,30.2,-0.292,30.2,-0.429,70.7,0.377,51.7,0.062,31.9,-0.338,35.3,-0.477,38.8,-0.438,27.6,-0.696,36.2,-0.332,36.2,-0.372,70.7,0.285,27.6,-0.737,37.1,-0.48,37.9,-0.495,69.8,0.234,58.6,-0.079,34.5,-0.345,34.5,-0.359,77.6,0.527,44.8,-0.017,35.3,-0.423,37.9,-0.405,31.9,-0.537,24.1,-0.666,32.8,-0.27,32.8,-0.394,69.0,0.249,31.0,-0.486,33.6,-0.202,36.2,-0.294,57.8,0.0,44.8,-0.453,23.3,-0.332,23.3,-0.519,58.6,-0.372,13.8,-1.103,26.7,-0.388,29.3,-0.584
5lvdnoyknuoyr6kdruposgctl,J. Schouten,PSV Eindhoven,Defender,18,8.859881995345976,0.0113512402929906,0.0027729816874665,1.5278,0.752,0.001,0.0002,9,4.951010364686593,0.0,0.0,1.6806,0.9245,0.0,0.0,9,3.908871630659384,0.0113512402929906,0.0027729816874665,1.4005,0.6083,0.0018,0.0004,12,6.009738942527272,0.0,0.0,1.6006,0.8016,0.0,0.0,6,2.850143052818705,0.0113512402929906,0.0027729816874665,0.9337,0.4435,0.0018,0.0004,8,3.522236164373723,0.0113512402929906,0.0027729816874665,1.4939,0.6577,0.0021,0.0005,80.0,0.708,87.4,1.183,63.0,-0.144,59.3,-0.289,83.0,0.972,96.3,1.669,57.8,-0.285,48.1,-0.416,80.7,0.591,88.9,1.255,21.9,-0.495,21.9,-0.521,85.2,1.019,97.8,1.909,25.9,-0.451,26.7,-0.506,81.5,0.77,84.4,0.95,73.3,0.211,71.1,0.006,80.0,0.537,77.8,0.677,71.1,-0.091,66.3,-0.217,88.9,1.279,95.6,1.906,28.1,-0.417,28.1,-0.435,95.6,1.472,99.3,2.055,32.6,-0.301,33.0,-0.354,67.0,0.045,71.9,0.271,67.4,0.032,65.2,-0.135,42.6,-0.455,52.6,-0.028,68.5,-0.05,59.3,-0.227,83.3,0.892,88.9,1.247,71.1,0.225,68.1,0.041,83.0,0.717,84.4,0.953,69.3,0.071,65.9,-0.102
5m8pflpgynidzk7d9507oujje,D. Rots,FC Twente,Midfielder,2,0.7876162299812108,0.0027124309747796,0.0004034776803864,0.9299,0.3662,0.0013,0.0002,1,0.148751317227263,0.0027124309747796,0.0004034776803864,0.9299,0.1383,0.0025,0.0004,1,0.6388649127539479,0.0,0.0,0.9299,0.5941,0.0,0.0,1,0.148751317227263,0.0027124309747796,0.0004034776803864,0.9299,0.1383,0.0025,0.0004,1,0.6388649127539479,0.0,0.0,0.9299,0.5941,0.0,0.0,2,0.7876162299812108,0.0027124309747796,0.0004034776803864,0.9299,0.3662,0.0013,0.0002,35.7,-0.542,21.3,-0.686,76.8,-0.132,57.9,-0.367,33.5,-0.526,17.7,-0.97,82.6,0.097,65.5,-0.213,34.5,-0.534,19.5,-0.849,90.9,0.33,77.4,-0.091,47.0,0.145,20.1,-1.099,92.4,1.47,86.3,0.31,40.5,-0.449,50.6,-0.361,27.1,-0.399,27.1,-0.413,52.4,0.297,76.8,0.673,31.1,-0.337,31.7,-0.363,38.7,-0.466,25.6,-0.733,91.5,0.302,79.3,-0.092,50.6,0.394,25.6,-0.912,93.6,1.039,87.2,0.313,34.8,-0.494,39.6,-0.433,27.7,-0.387,27.7,-0.385,51.8,0.265,70.7,0.511,32.0,-0.317,32.9,-0.295,35.7,-0.655,21.3,-0.849,79.3,-0.05,61.0,-0.342,35.4,-0.498,20.1,-0.927,82.6,0.089,66.8,-0.214
5mqog8k9eyi248jvrrp9fo8wk,N. Fichtinger,PEC Zwolle,Midfielder,10,4.059065047025562,0.03163629673169669,0.00929348546699926,1.1688,0.4744,0.0037,0.0011,7,3.188419179358471,0.01317926831704349,0.003986719082764458,1.3091,0.5963,0.0025,0.0007,3,0.8706458676670918,0.0184570284146532,0.0053067663842348,0.9351,0.2714,0.0058,0.0017,1,0.2875200853037521,0.0184570284146532,0.0053067663842348,0.9351,0.2688,0.0173,0.005,9,3.771544961721811,0.01317926831704349,0.003986719082764458,1.2022,0.5038,0.0018,0.0005,7,3.17462952156275,0.0131463277410682,0.003976505123339123,1.3091,0.5937,0.0025,0.0007,89.6,1.074,81.7,0.715,98.8,3.673,97.0,2.649,81.1,0.583,34.8,-0.408,93.0,1.012,90.5,0.721,95.4,1.854,92.1,1.54,97.0,2.851,95.7,1.97,91.5,0.959,62.8,0.44,92.4,1.47,91.2,0.795,72.3,0.22,56.7,-0.201,96.3,2.704,95.1,1.956,72.0,0.307,37.2,-0.389,95.1,1.554,93.6,1.24,38.7,-0.466,31.7,-0.635,98.2,3.919,97.0,3.077,71.3,0.405,33.5,-0.454,100.0,8.901,100.0,7.723,97.6,2.399,96.3,1.993,92.1,1.813,92.7,1.247,92.7,0.892,62.2,0.22,87.5,0.33,83.2,0.103,93.6,1.621,86.0,1.151,89.0,1.689,90.2,1.204,91.5,1.227,64.6,0.204,86.9,0.543,82.6,0.301
5nhideyjwp2347ryi1n9wfq50,D. Sanches Fernandes,SBV Excelsior,Midfielder,4,3.007732315422539,0.0,0.0,0.9313,0.7003,0.0,0.0,2,1.766074289691495,0.0,0.0,0.9313,0.8224,0.0,0.0,2,1.241658025731043,0.0,0.0,0.9313,0.5782,0.0,0.0,0,0.0,0.0,0.0,0.0,0.0,0.0,0.0,4,3.007732315422539,0.0,0.0,0.9313,0.7003,0.0,0.0,4,3.007732315422539,0.0,0.0,0.9313,0.7003,0.0,0.0,61.0,-0.138,72.6,0.264,16.5,-0.489,16.5,-0.504,41.5,-0.519,78.7,0.765,23.2,-0.398,24.4,-0.421,59.1,-0.136,75.6,0.422,30.5,-0.323,30.5,-0.323,54.3,0.148,89.6,1.201,34.8,-0.357,34.8,-0.336,61.0,-0.114,66.5,0.055,27.1,-0.399,27.1,-0.413,59.8,0.3,74.4,0.62,31.1,-0.337,31.7,-0.363,12.5,-0.82,12.5,-0.837,30.2,-0.322,30.2,-0.352,12.5,-1.672,12.5,-1.397,34.5,-0.289,35.1,-0.331,83.2,0.591,92.7,1.402,27.7,-0.387,27.7,-0.385,59.1,0.268,83.5,0.853,32.0,-0.317,32.9,-0.295,61.0,0.255,80.5,1.011,17.4,-0.502,17.4,-0.516,43.3,-0.492,77.4,0.734,23.8,-0.402,25.3,-0.421
5oghztk07za2yuqq4jnav22y2,M. Rivera,SC Heerenveen,Midfielder,2,1.824454039259047,0.0,0.0,0.9266,0.8452,0.0,0.0,0,0.0,0.0,0.0,0.0,0.0,0.0,0.0,2,1.824454039259047,0.0,0.0,0.9266,0.8452,0.0,0.0,1,0.9864527735861148,0.0,0.0,0.9266,0.914,0.0,0.0,1,0.8380012656729326,0.0,0.0,0.9266,0.7765,0.0,0.0,2,1.824454039259047,0.0,0.0,0.9266,0.8452,0.0,0.0,35.7,-0.542,56.1,-0.242,16.5,-0.489,16.5,-0.504,21.6,-0.541,93.3,1.518,23.2,-0.398,24.4,-0.421,9.5,-0.932,9.5,-0.966,30.5,-0.323,30.5,-0.323,9.5,-1.85,9.5,-1.564,34.8,-0.357,34.8,-0.336,61.0,-0.114,76.2,0.458,27.1,-0.399,27.1,-0.413,44.2,0.291,91.5,1.499,31.1,-0.337,31.7,-0.363,38.7,-0.466,59.8,-0.145,30.2,-0.322,30.2,-0.352,42.4,0.386,99.4,1.809,34.5,-0.289,35.1,-0.331,34.8,-0.494,45.1,-0.278,27.7,-0.387,27.7,-0.385,40.9,0.257,88.4,1.099,32.0,-0.317,32.9,-0.295,35.7,-0.655,57.3,0.02,17.4,-0.502,17.4,-0.516,23.5,-0.513,91.5,1.455,23.8,-0.402,25.3,-0.421
5pg02unrm16jaa8vt5ego9z6y,S. Janssen,SBV Excelsior,Defender,1,0.3645872553835126,0.0112556876958572,0.0041036802844865,0.93,0.3391,0.0105,0.0038,1,0.3645872553835126,0.0112556876958572,0.0041036802844865,0.93,0.3391,0.0105,0.0038,0,0.0,0.0,0.0,0.0,0.0,0.0,0.0,0,0.0,0.0,0.0,0.0,0.0,0.0,0.0,1,0.3645872553835126,0.0112556876958572,0.0041036802844865,0.93,0.3391,0.0105,0.0038,1,0.3645872553835126,0.0112556876958572,0.0041036802844865,0.93,0.3391,0.0105,0.0038,4.1,-0.93,3.7,-0.991,62.2,-0.149,63.0,-0.091,15.6,-0.938,11.1,-1.147,97.8,3.31,97.8,3.45,17.8,-0.767,18.5,-0.832,81.5,0.469,83.7,0.569,27.8,-0.386,28.9,-0.534,98.5,3.491,98.9,4.335,4.4,-1.022,4.4,-1.043,21.1,-0.634,21.1,-0.632,4.4,-2.18,4.4,-2.019,22.6,-0.475,23.7,-0.501,9.6,-0.879,9.6,-0.896,28.1,-0.417,28.1,-0.435,9.6,-1.849,9.6,-1.647,32.6,-0.301,33.0,-0.354,9.3,-0.911,9.6,-0.991,66.7,0.027,68.1,0.097,28.5,-0.468,23.7,-0.685,96.7,2.586,96.3,2.61,4.1,-1.648,3.7,-1.76,70.4,0.217,74.1,0.38,17.0,-0.836,14.1,-1.008,97.8,3.002,97.8,3.287
5q8rvam8iv65g4wjb8rarw15,B. Willumsson,FC Groningen,Forward,5,1.8487577403292,0.0006536957827357,0.0004063868774141,0.9347,0.3456,0.0001,0.0001,3,0.8724518506283642,0.0,0.0,0.9347,0.2718,0.0,0.0,2,0.9763058897008363,0.0006536957827357,0.0004063868774141,0.9347,0.4563,0.0003,0.0002,3,1.256414106633252,0.0006536957827357,0.0004063868774141,0.9347,0.3915,0.0002,0.0001,2,0.5923436336959482,0.0,0.0,0.9347,0.2768,0.0,0.0,5,1.8487577403292,0.0006536957827357,0.0004063868774141,0.9347,0.3456,0.0001,0.0001,78.4,0.458,70.7,0.035,72.4,-0.173,70.7,-0.153,57.8,-0.405,15.5,-1.05,59.5,-0.259,65.5,-0.172,81.9,0.732,58.6,0.009,30.2,-0.292,30.2,-0.429,73.3,0.378,29.3,-0.444,31.9,-0.338,35.3,-0.477,64.7,0.07,63.8,0.046,86.2,0.274,87.9,0.392,73.3,0.285,58.6,0.214,85.3,0.806,85.3,0.906,81.9,0.8,75.9,0.435,87.9,0.183,89.7,0.233,80.2,0.528,46.6,0.109,82.8,0.11,80.2,0.084,63.8,0.009,43.1,-0.381,32.8,-0.27,32.8,-0.394,71.6,0.25,25.9,-0.577,33.6,-0.202,36.2,-0.294,82.8,1.084,70.7,0.393,72.4,-0.093,72.4,-0.049,61.2,-0.371,15.5,-1.045,57.8,-0.239,64.7,-0.161
5r47vtvu418kae5j2rpv6w2dw,M. Rots,FC Twente,Defender,6,3.014290276483142,0.007696621534862,0.003876177887344,1.3956,0.7011,0.0018,0.0009,3,1.590612784366671,0.0023463375664044,0.0014438054320315,1.3956,0.7399,0.0011,0.0007,3,1.42367749211647,0.0053502839684576,0.0024323724553125,1.3956,0.6623,0.0025,0.0011,3,1.712015959791009,0.004258849251117,0.002452650174774,1.3956,0.7964,0.002,0.0011,3,1.302274316692133,0.003437772283745,0.00142352771257,0.9304,0.4039,0.0011,0.0004,6,3.014290276483142,0.007696621534862,0.003876177887344,1.3956,0.7011,0.0018,0.0009,45.2,-0.448,53.3,-0.313,59.3,-0.324,62.2,-0.125,74.8,0.55,92.6,1.322,67.4,0.017,78.1,0.336,44.8,-0.428,49.6,-0.274,67.4,-0.294,71.1,-0.137,72.6,0.486,89.6,1.139,76.3,-0.038,81.1,0.386,44.8,-0.425,53.3,-0.317,67.4,-0.236,69.6,-0.073,78.5,0.527,83.7,0.916,74.1,0.059,81.5,0.281,50.7,-0.34,60.0,-0.098,83.7,0.09,85.9,0.481,87.4,1.047,98.5,2.031,91.1,0.485,94.8,1.327,39.6,-0.528,40.0,-0.515,56.3,-0.428,55.6,-0.37,30.4,-0.466,37.8,-0.277,59.3,-0.262,59.3,-0.227,60.4,0.167,76.3,0.763,66.7,-0.067,72.6,0.322,75.6,0.446,86.7,1.22,66.7,-0.034,75.6,0.309
5shfqpd5fj05qrp1jlzd08ftg,C. Twigt,Go Ahead Eagles,Midfielder,2,0.991461081147833,0.0,0.0,0.9278,0.46,0.0,0.0,2,0.991461081147833,0.0,0.0,0.9278,0.46,0.0,0.0,0,0.0,0.0,0.0,0.0,0.0,0.0,0.0,1,0.2288281434242651,0.0,0.0,0.9278,0.2123,0.0,0.0,1,0.7626329377235679,0.0,0.0,0.9278,0.7076,0.0,0.0,2,0.991461081147833,0.0,0.0,0.9278,0.46,0.0,0.0,35.7,-0.542,31.7,-0.599,16.5,-0.489,16.5,-0.504,26.8,-0.536,33.5,-0.483,23.2,-0.398,24.4,-0.421,59.1,-0.136,55.5,-0.187,30.5,-0.323,30.5,-0.323,41.8,0.141,44.5,-0.018,34.8,-0.357,34.8,-0.336,13.4,-0.783,13.4,-0.802,27.1,-0.399,27.1,-0.413,13.4,-1.515,13.4,-1.282,31.1,-0.337,31.7,-0.363,38.7,-0.466,26.8,-0.676,30.2,-0.322,30.2,-0.352,45.7,0.389,28.0,-0.652,34.5,-0.289,35.1,-0.331,34.8,-0.494,43.3,-0.337,27.7,-0.387,27.7,-0.385,45.7,0.26,85.4,0.877,32.0,-0.317,32.9,-0.295,35.7,-0.655,31.7,-0.678,17.4,-0.502,17.4,-0.516,28.7,-0.508,34.8,-0.461,23.8,-0.402,25.3,-0.421
5wwqe546ohp130rvi8x8pt0tm,A. Zagré,SBV Excelsior,Defender,5,2.165831314666827,0.0083632625500431,0.002230039262956977,0.9304,0.403,0.0016,0.0004,3,1.132263783438097,0.0027151201719304,0.0009654617248372773,0.9304,0.3512,0.0008,0.0003,2,1.03356753122873,0.0056481423781127,0.0012645775381197,0.9304,0.4808,0.0026,0.0006,2,1.196826224394884,0.0,0.0,0.9304,0.5568,0.0,0.0,3,0.9690050902719427,0.0083632625500431,0.002230039262956977,0.9304,0.3005,0.0026,0.0007,5,2.165831314666827,0.0083632625500431,0.002230039262956977,0.9304,0.403,0.0016,0.0004,36.7,-0.545,37.0,-0.53,60.7,-0.291,57.8,-0.37,17.0,-0.936,23.7,-0.711,64.1,-0.058,60.7,-0.201,44.8,-0.428,42.2,-0.483,69.6,-0.263,68.1,-0.264,28.9,-0.385,30.4,-0.484,72.6,-0.151,70.7,-0.124,31.1,-0.624,39.3,-0.516,68.1,-0.214,64.4,-0.341,30.7,-0.375,55.6,0.112,75.2,0.08,71.9,-0.075,39.3,-0.519,49.6,-0.338,28.1,-0.417,28.1,-0.435,43.0,0.081,81.5,0.924,32.6,-0.301,33.0,-0.354,39.6,-0.528,27.4,-0.684,65.9,-0.142,63.0,-0.229,30.4,-0.466,14.1,-0.928,74.4,0.193,73.3,0.023,42.2,-0.196,49.6,-0.045,68.1,-0.014,66.7,-0.098,18.5,-0.835,30.4,-0.615,65.6,-0.104,63.3,-0.205
5ylwgfqvaobru2lxqvlhpxul0,E. Dijkstra,Alkmaar Zaanstreek,Defender,6,3.095662481470815,0.0007253764177766,0.0004553867278588,0.9317,0.4807,0.0001,0.0001,2,0.8823489587963248,0.0007253764177766,0.0004553867278588,0.9317,0.411,0.0003,0.0002,4,2.213313522674491,0.0,0.0,0.9317,0.5155,0.0,0.0,1,0.5445214944077816,0.0,0.0,0.9317,0.5073,0.0,0.0,5,2.551140987063034,0.0007253764177766,0.0004553867278588,0.9317,0.4754,0.0001,0.0001,5,2.754982028058638,0.0007253764177766,0.0004553867278588,0.9317,0.5134,0.0001,0.0001,45.2,-0.448,56.3,-0.292,29.6,-0.665,35.6,-0.635,19.3,-0.932,44.4,-0.182,27.4,-0.626,35.9,-0.523,31.9,-0.597,31.9,-0.597,57.8,-0.433,60.7,-0.4,33.3,-0.383,36.7,-0.234,61.9,-0.338,64.1,-0.251,55.2,-0.226,65.2,0.086,21.1,-0.634,21.1,-0.632,36.3,-0.372,61.5,0.266,22.6,-0.475,23.7,-0.501,26.3,-0.699,33.3,-0.642,28.1,-0.417,28.1,-0.435,51.1,0.084,74.8,0.696,32.6,-0.301,33.0,-0.354,60.0,-0.146,68.1,0.119,38.5,-0.586,44.4,-0.539,37.4,-0.462,60.7,0.173,35.6,-0.565,40.4,-0.477,42.2,-0.196,69.6,0.516,39.3,-0.623,47.4,-0.55,21.5,-0.832,59.3,0.065,35.6,-0.627,42.6,-0.513
60jptu288hf6gcljkbzcdie39,K. Peterson,Fortuna Sittard,Midfielder,1,0.2681836426269931,0.0034586225288927,0.0009275459882702,0.9214,0.2471,0.0032,0.0009,1,0.2681836426269931,0.0034586225288927,0.0009275459882702,0.9214,0.2471,0.0032,0.0009,0,0.0,0.0,0.0,0.0,0.0,0.0,0.0,1,0.2681836426269931,0.0034586225288927,0.0009275459882702,0.9214,0.2471,0.0032,0.0009,0,0.0,0.0,0.0,0.0,0.0,0.0,0.0,1,0.2681836426269931,0.0034586225288927,0.0009275459882702,0.9214,0.2471,0.0032,0.0009,12.8,-0.744,3.7,-0.909,79.3,-0.034,68.9,-0.19,11.6,-0.565,4.3,-1.588,90.5,0.821,87.8,0.513,34.5,-0.534,23.8,-0.755,92.7,0.51,88.4,0.211,26.2,0.127,24.4,-0.733,95.7,1.981,92.4,1.118,13.4,-0.783,13.4,-0.802,27.1,-0.399,27.1,-0.413,13.4,-1.515,13.4,-1.282,31.1,-0.337,31.7,-0.363,38.7,-0.466,29.9,-0.649,92.7,0.473,86.0,0.247,32.3,0.375,30.5,-0.53,95.4,1.411,93.6,1.119,9.5,-0.856,9.5,-0.927,27.7,-0.387,27.7,-0.385,9.5,-1.876,9.5,-1.403,32.0,-0.317,32.9,-0.295,12.8,-1.11,3.7,-1.284,81.1,0.074,71.3,-0.115,12.2,-0.537,4.3,-1.52,89.6,0.807,87.8,0.507
619vlbweueymdkq1vu3jm2mwa,I. Sadiq,Alkmaar Zaanstreek,Midfielder,2,1.902358703559206,0.0016476350544817,0.0015030974629846,0.9336,0.888,0.0008,0.0007,1,0.990082979092106,0.0,0.0,0.9336,0.9244,0.0,0.0,1,0.9122757244671,0.0016476350544817,0.0015030974629846,0.9336,0.8517,0.0015,0.0014,1,0.9122757244671,0.0016476350544817,0.0015030974629846,0.9336,0.8517,0.0015,0.0014,1,0.990082979092106,0.0,0.0,0.9336,0.9244,0.0,0.0,2,1.902358703559206,0.0016476350544817,0.0015030974629846,0.9336,0.888,0.0008,0.0007,35.7,-0.542,59.8,-0.209,68.3,-0.272,76.2,0.006,51.2,-0.509,97.0,1.74,75.3,-0.093,83.5,0.306,34.5,-0.534,54.9,-0.188,30.5,-0.323,30.5,-0.323,61.0,0.153,98.2,1.544,34.8,-0.357,34.8,-0.336,40.5,-0.449,57.3,-0.172,79.9,-0.122,83.5,0.258,69.5,0.304,92.1,1.52,86.0,0.152,92.1,0.957,38.7,-0.466,54.3,-0.197,84.8,0.057,91.5,0.619,65.9,0.402,94.5,1.59,91.5,0.508,97.6,1.924,34.8,-0.494,57.3,-0.161,27.7,-0.387,27.7,-0.385,68.3,0.273,99.4,1.575,32.0,-0.317,32.9,-0.295,35.7,-0.655,61.6,0.085,71.3,-0.228,78.7,0.134,53.0,-0.481,95.7,1.668,76.2,-0.1,82.6,0.301
61a5bh5xw947nv4mxx62gqaqx,J. Kramer,Go Ahead Eagles,Defender,29,10.10758916798646,0.04614071093583789,0.0170010733510985,1.2335,0.4299,0.002,0.0007,15,5.22142243521248,0.0130601464738061,0.008268770512328,1.2761,0.4442,0.0011,0.0007,14,4.886166732773978,0.0330805644620318,0.0087323028387705,1.191,0.4157,0.0028,0.0007,13,5.043145069862634,0.0130601464738061,0.008268770512328,1.1059,0.429,0.0011,0.0007,16,5.064444098123825,0.0330805644620318,0.0087323028387705,1.1517,0.3646,0.0024,0.0006,5,1.650960152577989,0.0217492935487325,0.0043098140006858,0.9358,0.309,0.0041,0.0008,92.2,1.769,91.1,1.502,91.1,1.56,91.1,1.836,60.7,0.032,31.9,-0.528,71.1,0.093,72.6,0.121,90.7,1.61,89.6,1.378,83.0,0.624,93.3,1.675,62.2,0.262,42.2,-0.096,76.3,-0.038,81.1,0.386,91.9,1.766,89.6,1.448,91.9,1.827,88.1,1.376,64.4,0.131,43.0,-0.176,77.8,0.123,74.8,-0.004,89.6,1.458,90.4,1.456,90.4,1.137,96.3,2.651,73.3,0.446,60.0,0.334,86.7,0.131,91.1,0.715,94.4,1.957,90.4,1.394,91.9,1.296,88.1,0.904,69.6,0.313,29.6,-0.524,72.2,0.132,70.0,-0.06,42.2,-0.196,32.6,-0.535,85.2,1.054,75.6,0.433,29.6,-0.82,8.1,-1.193,81.9,0.768,72.6,0.206
64kb0lmkr24rmh59hb01m268k,R. van Cruijsen,FC Volendam,Midfielder,3,1.730391787487361,0.0024298916512316,0.000951551389922,0.9367,0.5403,0.0008,0.0003,2,0.9616475878379971,0.0024298916512316,0.000951551389922,0.9367,0.4504,0.0011,0.0004,1,0.7687441996493635,0.0,0.0,0.9367,0.7201,0.0,0.0,1,0.7687441996493635,0.0,0.0,0.9367,0.7201,0.0,0.0,2,0.9616475878379971,0.0024298916512316,0.000951551389922,0.9367,0.4504,0.0011,0.0004,3,1.730391787487361,0.0024298916512316,0.000951551389922,0.9367,0.5403,0.0008,0.0003,51.2,-0.34,53.7,-0.283,72.6,-0.169,69.5,-0.182,58.8,-0.494,50.6,-0.066,75.3,-0.093,71.6,-0.11,59.1,-0.136,53.0,-0.21,89.6,0.262,89.0,0.224,68.3,0.16,43.3,-0.05,88.4,0.447,86.3,0.31,40.5,-0.449,53.7,-0.271,27.1,-0.399,27.1,-0.413,75.3,0.31,86.0,1.087,31.1,-0.337,31.7,-0.363,38.7,-0.466,50.0,-0.298,30.2,-0.322,30.2,-0.352,77.1,0.409,87.2,1.129,34.5,-0.289,35.1,-0.331,58.5,-0.132,54.9,-0.183,84.1,0.019,82.3,0.004,77.1,0.28,50.6,0.048,85.4,0.079,81.7,0.023,51.2,-0.2,54.9,-0.059,75.6,-0.098,72.0,-0.105,61.9,-0.467,51.8,-0.061,76.2,-0.1,71.3,-0.111
64x38pccgfsuz4ywoveh2ksbu,L. Greiml,NAC Breda,Defender,22,7.413617666981667,0.017017556702542,0.004463357638185289,1.4234,0.4797,0.0011,0.0003,16,4.769487587124037,0.0133616123964151,0.002877547271622189,1.8116,0.54,0.0015,0.0003,6,2.644130079857629,0.0036559443061269,0.0015858103665631,0.9058,0.3992,0.0006,0.0002,14,3.640182286571789,0.0133616123964151,0.002877547271622189,1.4091,0.3664,0.0013,0.0003,8,3.773435380409877,0.0036559443061269,0.0015858103665631,0.9058,0.4273,0.0004,0.0002,11,4.067924020459038,0.0134989604156829,0.0030401113418932,1.9928,0.737,0.0024,0.0006,86.7,1.094,80.7,0.813,67.4,0.133,63.7,-0.037,78.5,0.638,43.7,-0.188,59.6,-0.248,55.2,-0.309,92.2,1.78,87.4,1.173,85.2,0.649,80.7,0.243,86.7,1.265,63.0,0.304,80.0,0.112,70.7,-0.124,72.2,0.173,71.9,0.305,65.9,-0.362,67.4,-0.267,9.6,-0.423,39.3,-0.25,59.3,-0.347,56.7,-0.359,91.9,1.638,83.7,0.801,91.9,1.173,87.4,0.639,89.6,1.075,48.1,0.045,88.9,0.21,84.1,0.104,76.3,0.428,82.2,0.739,57.8,-0.415,57.8,-0.342,5.2,-0.553,44.4,-0.13,48.5,-0.474,48.9,-0.394,95.6,1.981,95.6,1.766,73.3,0.396,70.4,0.109,93.3,2.091,91.9,1.441,70.4,0.175,68.5,0.001
679ax4aocvzlvj4i7a1bb8rv8,T. Mercera,FC Groningen,Defender,4,1.336065512744518,0.0,0.0,0.9248,0.3089,0.0,0.0,0,0.0,0.0,0.0,0.0,0.0,0.0,0.0,4,1.336065512744518,0.0,0.0,0.9248,0.3089,0.0,0.0,0,0.0,0.0,0.0,0.0,0.0,0.0,0.0,4,1.336065512744518,0.0,0.0,0.9248,0.3089,0.0,0.0,4,1.336065512744519,0.0,0.0,0.9248,0.3089,0.0,0.0,28.9,-0.641,23.0,-0.743,10.4,-0.701,10.4,-0.703,9.6,-0.954,5.2,-1.353,11.9,-0.664,14.1,-0.631,5.6,-0.937,5.6,-0.998,21.9,-0.495,21.9,-0.521,5.6,-2.127,5.6,-1.95,25.9,-0.451,26.7,-0.506,55.2,-0.226,51.1,-0.362,21.1,-0.634,21.1,-0.632,22.2,-0.386,23.7,-0.65,22.6,-0.475,23.7,-0.501,9.6,-0.879,9.6,-0.896,28.1,-0.417,28.1,-0.435,9.6,-1.849,9.6,-1.647,32.6,-0.301,33.0,-0.354,50.7,-0.337,40.7,-0.498,15.2,-0.628,15.2,-0.618,20.0,-0.486,14.8,-0.875,17.0,-0.595,17.4,-0.561,28.9,-0.559,23.0,-0.835,13.7,-0.681,13.7,-0.667,11.1,-0.851,7.4,-1.194,16.3,-0.662,18.1,-0.615
684nd3xjli51z43pbla0mwa21,T. Oosting,PEC Zwolle,Midfielder,10,7.368186589002986,0.0009406125580655997,0.0008911821405292454,1.042,0.7678,0.0001,0.0001,6,4.59090199488304,0.0009257378509961986,0.0008801588882227254,0.9378,0.7175,0.0001,0.0001,4,2.777284594119946,1.487470706940108e-05,1.102325230651994e-05,1.2504,0.8682,0.0,0.0,7,5.355887060713355,0.0009257378509961986,0.0008801588882227254,0.9378,0.7175,0.0001,0.0001,3,2.01229952828963,1.487470706940108e-05,1.102325230651994e-05,0.9378,0.629,0.0,0.0,6,5.113103565599705,0.0009406125580655997,0.0008911821405292454,1.1253,0.959,0.0002,0.0002,89.6,1.074,96.3,2.132,63.4,-0.365,68.3,-0.202,70.1,-0.006,85.4,1.116,50.6,-0.36,55.2,-0.317,92.7,1.456,98.2,2.643,80.5,-0.1,87.2,0.183,72.0,0.162,76.8,0.848,71.6,-0.284,73.2,-0.174,80.5,0.555,88.4,1.115,54.9,-0.397,56.1,-0.408,88.4,0.922,93.6,1.574,31.1,-0.337,31.7,-0.363,93.9,1.657,98.2,2.922,79.9,-0.109,84.8,0.217,81.7,0.411,86.0,1.12,72.3,-0.235,74.7,-0.17,72.6,0.229,81.1,0.631,56.1,-0.384,56.7,-0.381,81.1,0.283,76.8,0.623,32.0,-0.317,32.9,-0.295,85.4,1.166,99.4,2.775,65.9,-0.346,70.7,-0.131,80.5,0.391,97.6,2.021,60.1,-0.326,66.8,-0.214
68hoounwudpjrr2wmovkyvswk,T. de Graaff,PEC Zwolle,Goalkeeper,3,0.4848679740150663,0.0,0.0,0.9372,0.1515,0.0,0.0,1,0.0550190304653513,0.0,0.0,0.9372,0.0516,0.0,0.0,2,0.429848943549715,0.0,0.0,0.9372,0.2014,0.0,0.0,1,0.0550190304653513,0.0,0.0,0.9372,0.0516,0.0,0.0,2,0.429848943549715,0.0,0.0,0.9372,0.2014,0.0,0.0,3,0.4848679740150663,0.0,0.0,0.9372,0.1515,0.0,0.0,53.1,-0.397,43.8,-0.447,25.0,-0.573,25.0,-0.638,53.1,-0.565,21.9,-0.771,26.6,-0.505,26.6,-0.572,26.6,-0.573,12.5,-0.578,32.8,-0.467,32.8,-0.48,62.5,-0.199,12.5,-1.029,34.4,-0.408,34.4,-0.488,65.6,-0.191,65.6,-0.292,35.9,-0.527,35.9,-0.534,68.8,0.449,62.5,0.139,35.9,-0.37,35.9,-0.477,42.2,-0.474,31.2,-0.5,37.5,-0.292,37.5,-0.426,71.9,0.386,31.2,-0.778,37.5,-0.285,37.5,-0.386,56.2,-0.25,56.2,-0.327,31.2,-0.538,31.2,-0.601,65.6,0.148,43.8,-0.092,32.8,-0.482,32.8,-0.519,53.1,-0.278,43.8,-0.463,26.6,-0.472,26.6,-0.677,53.1,-0.545,21.9,-0.668,28.1,-0.496,28.1,-0.555
69gzswoym4jqnrag1wdqfdkyy,J. Wieckhoff,Heracles Almelo,Defender,2,0.7183409711898647,0.0,0.0,0.9334,0.3353,0.0,0.0,2,0.7183409711898647,0.0,0.0,0.9334,0.3353,0.0,0.0,0,0.0,0.0,0.0,0.0,0.0,0.0,0.0,0,0.0,0.0,0.0,0.0,0.0,0.0,0.0,2,0.7183409711898647,0.0,0.0,0.9334,0.3353,0.0,0.0,2,0.7183409711898647,0.0,0.0,0.9334,0.3353,0.0,0.0,11.9,-0.834,8.1,-0.901,10.4,-0.701,10.4,-0.703,21.5,-0.927,9.6,-1.173,11.9,-0.664,14.1,-0.631,31.9,-0.597,29.6,-0.671,21.9,-0.495,21.9,-0.521,35.6,-0.38,27.4,-0.55,25.9,-0.451,26.7,-0.506,4.4,-1.022,4.4,-1.043,21.1,-0.634,21.1,-0.632,4.4,-2.18,4.4,-2.019,22.6,-0.475,23.7,-0.501,9.6,-0.879,9.6,-0.896,28.1,-0.417,28.1,-0.435,9.6,-1.849,9.6,-1.647,32.6,-0.301,33.0,-0.354,24.8,-0.719,19.3,-0.811,15.2,-0.628,15.2,-0.618,41.5,-0.456,20.0,-0.709,17.0,-0.595,17.4,-0.561,11.9,-1.285,8.1,-1.423,13.7,-0.681,13.7,-0.667,24.4,-0.827,12.6,-1.031,16.3,-0.662,18.1,-0.615
6ab5gq2owk86qs5zjottfhwmi,T. Quintero,Sparta Rotterdam,Defender,11,4.500288259620371,0.0239014037026499,0.0074098265152873,0.9272,0.3793,0.002,0.0006,5,2.441960729708498,0.003656768499304,0.0013412353162945,0.9272,0.4528,0.0007,0.0002,6,2.058327529911872,0.0202446352033459,0.0060685911989928,0.9272,0.3181,0.0031,0.0009,4,1.486331001328173,0.0008717972295367,0.0002664868566524,0.9272,0.3445,0.0002,0.0001,7,3.013957258292197,0.0230296064731132,0.0071433396586349,0.9272,0.3992,0.0031,0.0009,5,1.742894073493823,0.0193728379738092,0.0058021043423404,0.9272,0.3232,0.0036,0.0011,70.0,0.034,65.2,0.067,78.5,0.47,78.5,0.403,11.9,-0.946,21.5,-0.873,71.1,0.093,69.3,0.014,62.6,-0.088,69.6,0.113,73.3,-0.182,69.6,-0.165,23.0,-0.391,44.4,-0.06,70.0,-0.188,64.1,-0.251,72.2,0.173,64.4,0.007,77.8,0.872,80.7,0.763,25.2,-0.381,25.2,-0.609,81.1,0.187,78.9,0.138,60.4,-0.16,54.8,-0.203,69.6,-0.313,65.2,-0.335,37.8,0.075,43.0,-0.056,69.3,-0.222,70.4,-0.201,72.2,0.236,74.1,0.354,83.7,0.712,85.2,0.627,24.4,-0.478,37.0,-0.307,78.5,0.344,78.1,0.19,42.2,-0.196,35.6,-0.447,80.0,0.864,83.7,0.814,13.3,-0.844,9.6,-1.106,77.4,0.594,81.5,0.514
6bklt91zc5vietmdc8r31zl2i,D. Payne,FC Volendam,Defender,3,1.144532445503337,0.000349619195308,0.0001158025210938,0.9349,0.3567,0.0001,0.0,1,0.3957528087940595,0.0,0.0,0.9349,0.37,0.0,0.0,2,0.7487796367092778,0.000349619195308,0.0001158025210938,0.9349,0.35,0.0002,0.0001,1,0.3957528087940595,0.0,0.0,0.9349,0.37,0.0,0.0,2,0.7487796367092778,0.000349619195308,0.0001158025210938,0.9349,0.35,0.0002,0.0001,3,1.144532445503337,0.000349619195308,0.0001158025210938,0.9349,0.3567,0.0001,0.0,20.4,-0.738,19.3,-0.792,25.9,-0.684,24.4,-0.686,25.2,-0.922,15.6,-1.027,27.4,-0.626,14.1,-0.631,17.8,-0.767,19.3,-0.818,21.9,-0.495,21.9,-0.521,40.0,-0.377,31.9,-0.405,25.9,-0.451,26.7,-0.506,31.1,-0.624,27.4,-0.661,48.1,-0.608,45.9,-0.605,43.0,-0.366,33.3,-0.468,49.6,-0.432,49.6,-0.43,26.3,-0.699,27.4,-0.711,28.1,-0.417,28.1,-0.435,56.3,0.091,49.6,0.062,32.6,-0.301,33.0,-0.354,24.8,-0.719,21.5,-0.796,35.6,-0.608,34.8,-0.598,46.7,-0.451,27.8,-0.616,39.6,-0.534,40.4,-0.477,20.4,-0.922,19.3,-1.017,34.8,-0.653,31.9,-0.637,28.9,-0.823,18.5,-0.9,35.6,-0.627,18.1,-0.615
6coor7jll29drx4kgvyt499wq,N. Naujoks,SBV Excelsior,Midfielder,5,2.38263459411169,0.0158118092818723,0.0117653659802821,1.1644,0.5549,0.0037,0.0027,3,1.300182362817877,0.0,0.0,1.3973,0.6056,0.0,0.0,2,1.082452231293814,0.0158118092818723,0.0117653659802821,0.9316,0.5042,0.0074,0.0055,4,1.870986773147766,0.0158118092818723,0.0117653659802821,1.2421,0.581,0.0049,0.0037,1,0.5116478209639241,0.0,0.0,0.9316,0.4766,0.0,0.0,5,2.38263459411169,0.0158118092818723,0.0117653659802821,1.1644,0.5549,0.0037,0.0027,68.9,0.064,67.1,-0.003,91.2,1.591,97.6,3.488,79.9,0.563,54.9,0.01,93.0,1.012,97.6,2.382,72.3,0.262,67.7,0.056,30.5,-0.323,30.5,-0.323,92.7,1.148,65.9,0.472,34.8,-0.357,34.8,-0.336,61.0,-0.114,62.8,-0.054,94.2,2.26,99.4,4.838,61.9,0.301,59.8,0.377,96.3,2.076,98.8,4.822,81.1,0.596,79.3,0.476,97.0,3.311,100.0,7.251,93.9,1.087,71.3,0.641,97.6,2.314,99.4,5.629,34.8,-0.494,37.2,-0.531,27.7,-0.387,27.7,-0.385,61.0,0.269,55.5,0.132,32.0,-0.317,32.9,-0.295,72.9,0.711,71.3,0.488,93.0,2.133,98.8,4.572,82.9,0.569,54.9,0.011,92.1,0.996,97.6,2.364
6dd248q0adq6su677bw2kk2c5,C. Verdonk,Nijmegen Eendracht Combinatie,Defender,4,1.206219820857211,0.0025972358283267,0.0006755897159008,1.2276,0.3702,0.0008,0.0002,2,0.6322736631847414,0.0025972358283267,0.0006755897159008,0.9207,0.2911,0.0012,0.0003,2,0.5739461576724696,0.0,0.0,1.8414,0.5284,0.0,0.0,3,0.997172551222063,0.0025972358283267,0.0006755897159008,0.9207,0.306,0.0008,0.0002,1,0.2090472696351479,0.0,0.0,0.9207,0.1925,0.0,0.0,4,1.206219820857211,0.0025972358283267,0.0006755897159008,1.2276,0.3702,0.0008,0.0002,28.9,-0.641,20.0,-0.776,45.9,-0.573,40.7,-0.603,60.0,0.013,18.5,-0.935,55.2,-0.361,48.1,-0.416,31.9,-0.597,25.9,-0.71,68.9,-0.273,65.2,-0.341,18.5,-0.403,20.7,-0.735,77.8,-0.001,70.7,-0.124,31.1,-0.624,23.0,-0.75,21.1,-0.634,21.1,-0.632,89.6,1.392,64.4,0.323,22.6,-0.475,23.7,-0.501,50.7,-0.34,45.9,-0.431,78.5,-0.108,72.6,-0.183,28.9,0.061,35.6,-0.234,83.0,0.013,79.3,-0.049,9.3,-0.911,3.0,-1.07,15.2,-0.628,15.2,-0.618,16.3,-0.501,3.0,-1.608,17.0,-0.595,17.4,-0.561,28.9,-0.559,20.0,-0.958,57.0,-0.474,51.1,-0.494,61.5,-0.017,23.0,-0.817,61.1,-0.383,54.1,-0.41
6fdwd71dx2qu7uzzs3ozm9x7u,T. Watanabe,Feyenoord Rotterdam,Defender,45,17.07701643153964,0.04108081741554759,0.009899161041210816,1.9699,0.7476,0.0018,0.0004,22,9.257417485121444,0.0003769907368616957,0.0003531865764810699,1.6854,0.7092,0.0,0.0,23,7.819598946418199,0.0407038266786859,0.009545974464729746,2.3493,0.7987,0.0042,0.001,22,8.56270979491884,0.0001738142649552957,0.0001558413142333699,1.5557,0.6055,0.0,0.0,23,8.514306636620802,0.0409070031505923,0.009743319726977446,1.5103,0.5591,0.0027,0.0006,11,3.174031332740854,0.0405655273945449,0.009490988029955402,2.0225,0.5836,0.0075,0.0017,98.5,3.311,99.3,3.286,88.1,1.312,84.4,0.775,98.5,2.384,95.6,1.639,67.4,0.017,60.7,-0.201,97.8,2.799,99.3,3.215,54.1,-0.463,58.5,-0.427,85.9,1.028,86.7,1.011,25.9,-0.451,26.7,-0.506,99.6,3.558,99.3,2.944,96.3,2.394,91.1,1.563,98.5,2.378,93.3,1.521,83.7,0.421,80.4,0.21,98.5,3.076,99.3,3.097,63.0,-0.396,63.0,-0.377,94.8,1.379,88.1,1.149,32.6,-0.301,33.0,-0.354,98.5,3.295,99.3,3.145,94.1,1.752,89.6,1.08,94.1,1.576,81.5,0.7,75.6,0.223,70.0,-0.06,95.6,1.981,83.7,0.915,96.3,2.555,93.3,1.755,94.8,2.173,75.9,0.497,94.1,1.955,90.0,1.131
6hnzgiw8h1itz9l2j3sb6oeeh,J. St. Juste,Feyenoord Rotterdam,Defender,6,1.724424586384622,0.0,0.0,1.8557,0.5333,0.0,0.0,1,0.2571421313976043,0.0,0.0,0.9278,0.2386,0.0,0.0,5,1.467282454987017,0.0,0.0,2.3196,0.6807,0.0,0.0,0,0.0,0.0,0.0,0.0,0.0,0.0,0.0,6,1.724424586384622,0.0,0.0,1.8557,0.5333,0.0,0.0,6,1.724424586384622,0.0,0.0,1.8557,0.5333,0.0,0.0,45.2,-0.448,30.4,-0.643,10.4,-0.701,10.4,-0.703,94.8,2.019,57.8,0.177,11.9,-0.664,14.1,-0.631,17.8,-0.767,14.1,-0.881,21.9,-0.495,21.9,-0.521,24.1,-0.39,14.8,-0.954,25.9,-0.451,26.7,-0.506,64.8,-0.027,55.6,-0.295,21.1,-0.634,21.1,-0.632,97.8,2.32,85.2,0.998,22.6,-0.475,23.7,-0.501,9.6,-0.879,9.6,-0.896,28.1,-0.417,28.1,-0.435,9.6,-1.849,9.6,-1.647,32.6,-0.301,33.0,-0.354,67.0,0.045,50.4,-0.301,15.2,-0.628,15.2,-0.618,98.5,2.793,77.0,0.538,17.0,-0.595,17.4,-0.561,60.4,0.167,34.1,-0.465,13.7,-0.681,13.7,-0.667,88.9,1.713,65.2,0.187,16.3,-0.662,18.1,-0.615
6jhavdnaitqn6ydme8a526aui,C. Driouech,PSV Eindhoven,Midfielder,3,1.716131443824759,0.0035767566090836,0.0019411699560243,0.9382,0.5367,0.0011,0.0006,2,1.173413510182175,0.0,0.0,0.9382,0.5504,0.0,0.0,1,0.5427179336425839,0.0035767566090836,0.0019411699560243,0.9382,0.5092,0.0034,0.0018,1,0.2651860023778309,0.0,0.0,0.9382,0.2488,0.0,0.0,2,1.450945441446928,0.0035767566090836,0.0019411699560243,0.9382,0.6806,0.0017,0.0009,3,1.716131443824759,0.0035767566090836,0.0019411699560243,0.9382,0.5367,0.0011,0.0006,51.2,-0.34,53.0,-0.289,80.5,-0.018,80.5,0.154,62.8,-0.487,48.8,-0.084,80.5,0.021,80.5,0.202,59.1,-0.136,63.4,-0.044,30.5,-0.323,30.5,-0.323,72.6,0.163,57.0,0.286,34.8,-0.357,34.8,-0.336,40.5,-0.449,46.3,-0.427,86.6,0.202,86.6,0.454,76.8,0.313,60.4,0.393,91.8,0.772,94.8,1.334,38.7,-0.466,29.3,-0.651,30.2,-0.322,30.2,-0.352,82.3,0.412,31.1,-0.524,34.5,-0.289,35.1,-0.331,58.5,-0.132,69.5,0.196,87.2,0.21,86.6,0.409,81.7,0.284,81.7,0.79,86.6,0.294,89.6,0.421,51.2,-0.2,53.7,-0.071,82.3,0.094,82.3,0.323,65.9,-0.46,50.0,-0.079,80.2,0.014,79.6,0.198
6jqn5grsuhuo5at81pzahr6xh,R. Mühren,FC Volendam,Midfielder,2,1.388555540921777,0.0,0.0,0.9325,0.6474,0.0,0.0,2,1.388555540921777,0.0,0.0,0.9325,0.6474,0.0,0.0,0,0.0,0.0,0.0,0.0,0.0,0.0,0.0,0,0.0,0.0,0.0,0.0,0.0,0.0,0.0,2,1.388555540921777,0.0,0.0,0.9325,0.6474,0.0,0.0,2,1.388555540921777,0.0,0.0,0.9325,0.6474,0.0,0.0,35.7,-0.542,46.3,-0.429,16.5,-0.489,16.5,-0.504,47.9,-0.514,71.3,0.49,23.2,-0.398,24.4,-0.421,59.1,-0.136,69.5,0.126,30.5,-0.323,30.5,-0.323,57.9,0.151,71.3,0.612,34.8,-0.357,34.8,-0.336,13.4,-0.783,13.4,-0.802,27.1,-0.399,27.1,-0.413,13.4,-1.515,13.4,-1.282,31.1,-0.337,31.7,-0.363,12.5,-0.82,12.5,-0.837,30.2,-0.322,30.2,-0.352,12.5,-1.672,12.5,-1.397,34.5,-0.289,35.1,-0.331,58.5,-0.132,68.3,0.148,27.7,-0.387,27.7,-0.385,64.3,0.271,79.3,0.683,32.0,-0.317,32.9,-0.295,35.7,-0.655,46.3,-0.345,17.4,-0.502,17.4,-0.516,49.7,-0.486,73.2,0.471,23.8,-0.402,25.3,-0.421
6k6qt155b79yf36833pamwbxm,K. Tejan,SC Telstar,Forward,1,0.3041026018018714,0.0,0.0,0.9231,0.2807,0.0,0.0,0,0.0,0.0,0.0,0.0,0.0,0.0,0.0,1,0.3041026018018714,0.0,0.0,0.9231,0.2807,0.0,0.0,0,0.0,0.0,0.0,0.0,0.0,0.0,0.0,1,0.3041026018018714,0.0,0.0,0.9231,0.2807,0.0,0.0,1,0.3041026018018714,0.0,0.0,0.9231,0.2807,0.0,0.0,14.7,-0.822,3.4,-0.921,23.3,-0.389,23.3,-0.523,19.0,-0.456,6.9,-1.431,27.6,-0.405,29.3,-0.589,12.9,-0.966,12.9,-0.969,30.2,-0.292,30.2,-0.429,12.9,-1.615,12.9,-1.388,31.9,-0.338,35.3,-0.477,38.8,-0.438,31.0,-0.585,36.2,-0.332,36.2,-0.372,43.1,0.262,37.9,-0.375,37.1,-0.48,37.9,-0.495,16.4,-0.897,16.4,-0.862,34.5,-0.345,34.5,-0.359,16.4,-1.43,16.4,-1.224,35.3,-0.423,37.9,-0.405,31.9,-0.537,20.7,-0.683,32.8,-0.27,32.8,-0.394,32.8,0.216,27.6,-0.561,33.6,-0.202,36.2,-0.294,14.7,-1.084,3.4,-1.303,23.3,-0.332,23.3,-0.519,19.0,-0.422,6.9,-1.437,26.7,-0.388,29.3,-0.584
6lyedmu2vuf7jig3jmhz9b4ve,D. van der Kust,Heracles Almelo,Defender,6,2.835586794755414,0.0013601938258147,0.0006707952883459,0.938,0.4433,0.0002,0.0001,4,2.327926799196729,0.0013601938258147,0.0006707952883459,0.938,0.5459,0.0003,0.0002,2,0.5076599955586845,0.0,0.0,0.938,0.2381,0.0,0.0,3,1.692521632258682,0.0005293573414873,0.0003469245814256,0.938,0.5292,0.0002,0.0001,3,1.143065162496732,0.0008308364843274,0.0003238707069203,0.938,0.3574,0.0003,0.0001,5,2.180217436032798,0.0008308364843274,0.0003238707069203,0.938,0.409,0.0002,0.0001,45.2,-0.448,49.6,-0.359,37.8,-0.634,40.0,-0.603,29.6,-0.912,35.6,-0.437,34.4,-0.588,35.9,-0.523,54.4,-0.258,66.7,0.061,63.7,-0.379,64.4,-0.343,44.4,-0.371,65.2,0.329,61.9,-0.338,64.1,-0.251,31.1,-0.624,18.5,-0.784,21.1,-0.634,21.1,-0.632,47.4,-0.36,12.6,-0.963,22.6,-0.475,23.7,-0.501,50.7,-0.34,58.5,-0.107,66.7,-0.354,68.9,-0.305,60.7,0.097,79.3,0.797,69.3,-0.222,70.4,-0.201,39.6,-0.528,34.1,-0.596,44.4,-0.58,41.5,-0.562,52.6,-0.44,28.9,-0.57,44.1,-0.504,40.4,-0.477,42.2,-0.196,51.1,-0.031,43.7,-0.615,43.0,-0.584,34.1,-0.814,32.6,-0.578,41.9,-0.592,42.6,-0.513
6narzhg4hjarzdm235jkcclxw,A. Stepanov,FC Utrecht,Forward,2,1.046094744968013,0.0,0.0,1.8133,0.9484,0.0,0.0,0,0.0,0.0,0.0,0.0,0.0,0.0,0.0,2,1.046094744968013,0.0,0.0,1.8133,0.9484,0.0,0.0,1,0.0995979956954909,0.0,0.0,0.9066,0.0903,0.0,0.0,1,0.9464967492725218,0.0,0.0,0.9066,0.8581,0.0,0.0,2,1.046094744968013,0.0,0.0,1.8133,0.9484,0.0,0.0,39.7,-0.502,43.1,-0.462,23.3,-0.389,23.3,-0.523,96.6,3.466,100.0,2.482,27.6,-0.405,29.3,-0.589,12.9,-0.966,12.9,-0.969,30.2,-0.292,30.2,-0.429,12.9,-1.615,12.9,-1.388,31.9,-0.338,35.3,-0.477,64.7,0.07,70.7,0.112,36.2,-0.332,36.2,-0.372,96.6,2.016,96.6,1.866,37.1,-0.48,37.9,-0.495,48.3,-0.332,32.8,-0.759,34.5,-0.345,34.5,-0.359,32.8,0.469,32.8,-0.917,35.3,-0.423,37.9,-0.405,31.9,-0.537,69.0,-0.01,32.8,-0.27,32.8,-0.394,13.8,0.168,96.6,1.782,33.6,-0.202,36.2,-0.294,39.7,-0.542,43.1,-0.489,23.3,-0.332,23.3,-0.519,96.6,3.52,100.0,2.597,26.7,-0.388,29.3,-0.584
6nd0ifv6ljza9nauxcpejqzft,O. Velanas,PEC Zwolle,Midfielder,1,0.3983364087918382,0.0034474296130397,0.0013732367316208,0.9481,0.3777,0.0033,0.0013,1,0.3983364087918382,0.0034474296130397,0.0013732367316208,0.9481,0.3777,0.0033,0.0013,0,0.0,0.0,0.0,0.0,0.0,0.0,0.0,0,0.0,0.0,0.0,0.0,0.0,0.0,0.0,1,0.3983364087918382,0.0034474296130397,0.0013732367316208,0.9481,0.3777,0.0033,0.0013,1,0.3983364087918382,0.0034474296130397,0.0013732367316208,0.9481,0.3777,0.0033,0.0013,12.8,-0.744,12.2,-0.853,78.7,-0.036,73.8,-0.038,68.3,-0.441,20.1,-0.91,91.5,0.859,94.5,0.929,34.5,-0.534,32.9,-0.653,92.1,0.507,92.7,0.467,76.8,0.184,37.8,-0.294,96.3,2.054,97.3,1.764,13.4,-0.783,13.4,-0.802,27.1,-0.399,27.1,-0.413,13.4,-1.515,13.4,-1.282,31.1,-0.337,31.7,-0.363,12.5,-0.82,12.5,-0.837,30.2,-0.322,30.2,-0.352,12.5,-1.672,12.5,-1.397,34.5,-0.289,35.1,-0.331,34.8,-0.494,33.5,-0.619,86.6,0.189,85.4,0.177,84.8,0.307,40.9,-0.186,92.7,0.87,93.3,0.738,12.8,-1.11,12.2,-1.175,80.5,0.072,76.8,0.078,72.0,-0.415,22.6,-0.87,90.2,0.845,94.5,0.92
6ok4k757utbtswx5618xffsru,I. Mesík,Heracles Almelo,Defender,3,0.7658652206561036,0.013139160491705,0.0030052114405582,0.9346,0.2386,0.0041,0.0009,1,0.2287217240747998,0.013139160491705,0.0030052114405582,0.9346,0.2138,0.0123,0.0028,2,0.5371434965813038,0.0,0.0,0.9346,0.251,0.0,0.0,1,0.2287217240747998,0.013139160491705,0.0030052114405582,0.9346,0.2138,0.0123,0.0028,2,0.5371434965813038,0.0,0.0,0.9346,0.251,0.0,0.0,3,0.7658652206561036,0.013139160491705,0.0030052114405582,0.9346,0.2386,0.0041,0.0009,20.4,-0.738,8.9,-0.889,64.4,-0.057,60.7,-0.255,23.0,-0.923,1.5,-1.833,88.5,0.888,78.1,0.336,17.8,-0.767,12.6,-0.894,84.4,0.63,81.5,0.277,37.8,-0.377,12.6,-1.057,99.3,4.166,97.0,3.061,31.1,-0.624,21.5,-0.769,21.1,-0.634,21.1,-0.632,40.7,-0.367,15.6,-0.906,22.6,-0.475,23.7,-0.501,26.3,-0.699,20.0,-0.789,91.1,1.146,88.9,0.687,54.1,0.09,21.5,-0.659,98.5,4.531,98.5,3.924,24.8,-0.719,14.1,-0.903,15.2,-0.628,15.2,-0.618,44.4,-0.452,5.2,-1.24,17.0,-0.595,17.4,-0.561,20.4,-0.922,8.9,-1.378,72.6,0.367,69.6,0.1,26.7,-0.824,1.5,-1.627,81.9,0.768,75.6,0.309
6p6sdikmka45csxfw0i0q0l3p,E. Hansson,SBV Excelsior,Midfielder,1,0.9488374834153416,0.0002569911612637,0.0002438428467135,0.9367,0.8888,0.0002,0.0002,0,0.0,0.0,0.0,0.0,0.0,0.0,0.0,1,0.9488374834153416,0.0002569911612637,0.0002438428467135,0.9367,0.8888,0.0002,0.0002,1,0.9488374834153416,0.0002569911612637,0.0002438428467135,0.9367,0.8888,0.0002,0.0002,0,0.0,0.0,0.0,0.0,0.0,0.0,0.0,1,0.9488374834153416,0.0002569911612637,0.0002438428467135,0.9367,0.8888,0.0002,0.0002,12.8,-0.744,30.5,-0.617,47.6,-0.455,50.6,-0.422,58.8,-0.494,97.6,1.744,58.8,-0.322,65.5,-0.213,9.5,-0.932,9.5,-0.966,30.5,-0.323,30.5,-0.323,9.5,-1.85,9.5,-1.564,34.8,-0.357,34.8,-0.336,40.5,-0.449,59.1,-0.147,65.2,-0.356,67.1,-0.304,75.3,0.31,95.7,1.642,70.1,-0.272,73.8,-0.174,38.7,-0.466,57.9,-0.171,72.0,-0.263,73.2,-0.195,77.1,0.409,98.2,1.72,77.4,-0.182,81.4,-0.009,9.5,-0.856,9.5,-0.927,27.7,-0.387,27.7,-0.385,9.5,-1.876,9.5,-1.403,32.0,-0.317,32.9,-0.295,12.8,-1.11,30.5,-0.714,50.6,-0.46,53.0,-0.411,61.9,-0.467,96.3,1.672,60.1,-0.326,66.8,-0.214
6q77vt9bp8dsq48pa97mfzsa1,T. Lauritsen,Sparta Rotterdam,Forward,10,4.706951900029154,0.006725670344760098,0.003490482923117069,1.1616,0.5467,0.0008,0.0004,5,2.805062979864349,0.0043366102938856,0.0022717258341691,0.9292,0.5213,0.0008,0.0004,5,1.901888920164804,0.002389060050874497,0.001218757088947968,1.5487,0.5891,0.0007,0.0004,6,3.029361394012018,0.006725670344760098,0.003490482923117069,1.1151,0.563,0.0012,0.0006,4,1.677590506017135,0.0,0.0,1.239,0.5196,0.0,0.0,6,2.893338158883188,0.004163885163413998,0.002682534978660268,1.1151,0.5377,0.0008,0.0005,95.7,2.059,93.1,1.805,96.6,1.836,96.6,2.652,86.2,0.595,58.6,0.128,93.1,0.762,86.2,1.078,94.8,1.863,94.8,2.175,96.6,1.254,96.6,2.157,58.6,0.366,65.5,0.423,89.7,0.558,85.3,0.753,94.0,1.594,86.2,0.915,98.3,1.884,98.3,1.917,93.1,1.495,72.4,0.66,97.4,2.52,94.0,2.308,97.4,2.497,94.8,2.265,100.0,5.088,100.0,4.724,89.7,0.906,72.4,0.693,94.8,2.776,95.7,2.53,90.5,1.102,84.5,0.755,32.8,-0.27,32.8,-0.394,96.6,1.132,65.5,0.409,33.6,-0.202,36.2,-0.294,94.8,1.626,93.1,1.54,98.3,1.192,98.3,2.584,84.5,0.428,62.1,0.116,94.8,0.805,91.4,1.534
6svx5u21jrcch3ewpqqbxukmh,J. Bacuna,FC Volendam,Midfielder,5,3.267220470166813,0.002615045791601,0.0012434226879426,1.555,1.0161,0.0008,0.0004,1,0.2824371953782286,0.0017502758638349,0.0004943430061197,0.933,0.2635,0.0016,0.0005,4,2.984783274788585,0.0008647699277661,0.0007490796818229,1.866,1.3924,0.0004,0.0003,2,0.6150208857766012,0.0017502758638349,0.0004943430061197,0.933,0.2869,0.0008,0.0002,3,2.652199584390212,0.0008647699277661,0.0007490796818229,2.799,2.4745,0.0008,0.0007,5,3.267220470166813,0.002615045791601,0.0012434226879426,1.555,1.0161,0.0008,0.0004,68.9,0.064,75.0,0.376,74.4,-0.145,72.0,-0.082,96.3,2.376,99.4,2.405,75.3,-0.093,75.0,-0.006,34.5,-0.534,25.0,-0.744,87.2,0.098,79.3,-0.039,60.4,0.152,26.2,-0.678,90.9,0.812,88.7,0.472,80.5,0.555,90.2,1.259,76.2,-0.254,78.0,-0.078,98.8,2.122,100.0,3.299,75.6,-0.207,77.4,-0.08,61.6,-0.112,43.9,-0.405,86.0,0.081,81.1,-0.033,65.2,0.401,34.1,-0.391,87.2,0.136,81.4,-0.009,72.6,0.229,89.0,1.127,79.3,-0.242,81.7,-0.079,100.0,4.568,100.0,6.57,82.0,-0.029,86.9,0.262,72.9,0.711,89.0,1.229,76.8,-0.067,75.0,0.021,95.1,2.346,99.4,2.305,76.2,-0.1,74.1,-0.008
6sya8p154c3vtvr0dk0etg8wk,T. Schenkhuizen,Fortuna Sittard,Midfielder,1,0.3261348561224544,0.0005928356993902,0.0001933443855249,0.9375,0.3058,0.0006,0.0002,1,0.3261348561224544,0.0005928356993902,0.0001933443855249,0.9375,0.3058,0.0006,0.0002,0,0.0,0.0,0.0,0.0,0.0,0.0,0.0,0,0.0,0.0,0.0,0.0,0.0,0.0,0.0,1,0.3261348561224544,0.0005928356993902,0.0001933443855249,0.9375,0.3058,0.0006,0.0002,1,0.3261348561224544,0.0005928356993902,0.0001933443855249,0.9375,0.3058,0.0006,0.0002,12.8,-0.744,5.5,-0.884,57.3,-0.411,48.8,-0.439,61.6,-0.491,7.9,-1.284,70.4,-0.169,65.5,-0.213,34.5,-0.534,27.4,-0.71,76.2,-0.181,71.3,-0.212,70.7,0.162,28.0,-0.536,83.8,0.082,79.3,-0.013,13.4,-0.783,13.4,-0.802,27.1,-0.399,27.1,-0.413,13.4,-1.515,13.4,-1.282,31.1,-0.337,31.7,-0.363,12.5,-0.82,12.5,-0.837,30.2,-0.322,30.2,-0.352,12.5,-1.672,12.5,-1.397,34.5,-0.289,35.1,-0.331,34.8,-0.494,26.2,-0.675,74.4,-0.288,69.5,-0.306,79.6,0.282,28.7,-0.418,79.9,-0.101,76.8,-0.136,12.8,-1.11,5.5,-1.235,59.8,-0.404,51.8,-0.433,64.6,-0.463,7.3,-1.228,71.6,-0.175,66.8,-0.214
6u7z5qrlwzl9aug8awejq37xl,Jamiro Monteiro,PEC Zwolle,Midfielder,3,1.270957028366054,6.681532845670413e-05,1.800631015784862e-05,0.9324,0.395,0.0,0.0,0,0.0,0.0,0.0,0.0,0.0,0.0,0.0,3,1.270957028366054,6.681532845670413e-05,1.800631015784862e-05,0.9324,0.395,0.0,0.0,2,1.034080671112319,6.681532845670413e-05,1.800631015784862e-05,0.9324,0.4821,0.0,0.0,1,0.2368763572537342,0.0,0.0,0.9324,0.2209,0.0,0.0,3,1.270957028366054,6.681532845670413e-05,1.800631015784862e-05,0.9324,0.395,0.0,0.0,51.2,-0.34,42.1,-0.479,39.0,-0.48,35.4,-0.498,47.0,-0.514,22.6,-0.82,23.2,-0.398,24.4,-0.421,9.5,-0.932,9.5,-0.966,30.5,-0.323,30.5,-0.323,9.5,-1.85,9.5,-1.564,34.8,-0.357,34.8,-0.336,72.3,0.22,67.7,0.076,58.5,-0.388,57.9,-0.405,65.2,0.302,50.6,0.017,31.1,-0.337,31.7,-0.363,61.6,-0.112,62.2,-0.111,64.6,-0.306,61.6,-0.341,61.6,0.399,56.1,0.294,34.5,-0.289,35.1,-0.331,34.8,-0.494,21.3,-0.744,27.7,-0.387,27.7,-0.385,63.4,0.27,22.0,-0.691,32.0,-0.317,32.9,-0.295,51.2,-0.2,42.1,-0.444,41.5,-0.491,37.2,-0.509,48.8,-0.487,25.0,-0.784,23.8,-0.402,25.3,-0.421
6w59kdfilru1152bjutstu2fp,J. de Guzmán,Sparta Rotterdam,Midfielder,1,0.2353508146570982,0.0,0.0,0.9262,0.218,0.0,0.0,0,0.0,0.0,0.0,0.0,0.0,0.0,0.0,1,0.2353508146570982,0.0,0.0,0.9262,0.218,0.0,0.0,0,0.0,0.0,0.0,0.0,0.0,0.0,0.0,1,0.2353508146570982,0.0,0.0,0.9262,0.218,0.0,0.0,1,0.2353508146570982,0.0,0.0,0.9262,0.218,0.0,0.0,12.8,-0.744,1.8,-0.923,16.5,-0.489,16.5,-0.504,20.7,-0.543,2.4,-1.74,23.2,-0.398,24.4,-0.421,9.5,-0.932,9.5,-0.966,30.5,-0.323,30.5,-0.323,9.5,-1.85,9.5,-1.564,34.8,-0.357,34.8,-0.336,40.5,-0.449,29.9,-0.639,27.1,-0.399,27.1,-0.413,43.3,0.29,30.5,-0.565,31.1,-0.337,31.7,-0.363,12.5,-0.82,12.5,-0.837,30.2,-0.322,30.2,-0.352,12.5,-1.672,12.5,-1.397,34.5,-0.289,35.1,-0.331,34.8,-0.494,20.7,-0.745,27.7,-0.387,27.7,-0.385,40.2,0.256,21.3,-0.701,32.0,-0.317,32.9,-0.295,12.8,-1.11,1.8,-1.311,17.4,-0.502,17.4,-0.516,22.6,-0.515,2.4,-1.664,23.8,-0.402,25.3,-0.421
6wwk8y9mklkh8x606ynhe1lp0,S. Ørjasæter,FC Twente,Midfielder,4,2.508687621100965,0.0004741590332823,0.0004624982907393,0.9317,0.5843,0.0001,0.0001,1,0.8676912891473895,0.0,0.0,0.9317,0.8084,0.0,0.0,3,1.640996331953576,0.0004741590332823,0.0004624982907393,0.9317,0.5096,0.0001,0.0001,4,2.508687621100965,0.0004741590332823,0.0004624982907393,0.9317,0.5843,0.0001,0.0001,0,0.0,0.0,0.0,0.0,0.0,0.0,0.0,4,2.508687621100965,0.0004741590332823,0.0004624982907393,0.9317,0.5843,0.0001,0.0001,61.0,-0.138,67.7,0.051,52.4,-0.427,61.0,-0.347,44.5,-0.518,60.4,0.163,50.6,-0.36,55.2,-0.317,34.5,-0.534,45.1,-0.284,30.5,-0.323,30.5,-0.323,55.8,0.149,87.8,1.154,34.8,-0.357,34.8,-0.336,72.3,0.22,73.2,0.331,67.7,-0.32,75.0,-0.206,63.1,0.301,61.0,0.395,64.6,-0.304,68.0,-0.268,81.1,0.596,85.4,0.924,76.2,-0.213,80.5,-0.053,59.5,0.398,72.0,0.652,72.3,-0.235,74.7,-0.17,9.5,-0.856,9.5,-0.927,27.7,-0.387,27.7,-0.385,9.5,-1.876,9.5,-1.403,32.0,-0.317,32.9,-0.295,61.0,0.255,72.0,0.593,55.5,-0.423,63.4,-0.316,46.3,-0.49,61.0,0.158,51.2,-0.364,57.0,-0.318
6ybcevijvdov8qj1hxcbw3dd6,A. Roaldsøy,Sparta Rotterdam,Midfielder,2,0.9036828265135846,0.0004650129645883,0.0001344629732794,0.9045,0.4087,0.0002,0.0001,1,0.2891596224601422,0.0004650129645883,0.0001344629732794,0.9045,0.2616,0.0004,0.0001,1,0.6145232040534424,0.0,0.0,0.9045,0.5559,0.0,0.0,0,0.0,0.0,0.0,0.0,0.0,0.0,0.0,2,0.9036828265135846,0.0004650129645883,0.0001344629732794,0.9045,0.4087,0.0002,0.0001,2,0.9036828265135846,0.0004650129645883,0.0001344629732794,0.9045,0.4087,0.0002,0.0001,35.7,-0.542,27.4,-0.637,51.8,-0.428,46.3,-0.459,1.5,-0.644,26.2,-0.749,58.8,-0.322,55.2,-0.317,34.5,-0.534,25.6,-0.739,75.0,-0.211,70.1,-0.246,18.9,0.091,25.6,-0.685,79.9,-0.065,73.2,-0.174,40.5,-0.449,50.0,-0.377,27.1,-0.399,27.1,-0.413,27.7,0.248,68.3,0.547,31.1,-0.337,31.7,-0.363,12.5,-0.82,12.5,-0.837,30.2,-0.322,30.2,-0.352,12.5,-1.672,12.5,-1.397,34.5,-0.289,35.1,-0.331,58.5,-0.132,51.8,-0.228,70.7,-0.309,66.5,-0.33,19.8,0.206,46.3,-0.086,73.2,-0.245,70.4,-0.215,35.7,-0.655,27.4,-0.751,54.9,-0.425,49.4,-0.458,1.5,-0.613,28.0,-0.716,60.1,-0.326,57.0,-0.318
6zzcoo9k4ebqtlux49rbb5fro,M. Dekker,Alkmaar Zaanstreek,Defender,1,0.2565975395583605,0.0,0.0,0.9403,0.2413,0.0,0.0,1,0.2565975395583605,0.0,0.0,0.9403,0.2413,0.0,0.0,0,0.0,0.0,0.0,0.0,0.0,0.0,0.0,1,0.2565975395583605,0.0,0.0,0.9403,0.2413,0.0,0.0,0,0.0,0.0,0.0,0.0,0.0,0.0,0.0,1,0.2565975395583605,0.0,0.0,0.9403,0.2413,0.0,0.0,4.1,-0.93,0.7,-1.019,10.4,-0.701,10.4,-0.703,31.1,-0.905,2.2,-1.814,11.9,-0.664,14.1,-0.631,17.8,-0.767,13.3,-0.881,21.9,-0.495,21.9,-0.521,46.7,-0.367,16.3,-0.943,25.9,-0.451,26.7,-0.506,4.4,-1.022,4.4,-1.043,21.1,-0.634,21.1,-0.632,4.4,-2.18,4.4,-2.019,22.6,-0.475,23.7,-0.501,26.3,-0.699,22.2,-0.776,28.1,-0.417,28.1,-0.435,64.4,0.102,25.2,-0.532,32.6,-0.301,33.0,-0.354,1.5,-1.102,1.5,-1.176,15.2,-0.628,15.2,-0.618,1.5,-3.743,1.5,-2.82,17.0,-0.595,17.4,-0.561,4.1,-1.648,0.7,-1.863,13.7,-0.681,13.7,-0.667,36.3,-0.808,2.2,-1.61,16.3,-0.662,18.1,-0.615
7053nqhl9wu2u1kegzo9aopg5,B. Kuwas,FC Volendam,Midfielder,3,1.200524237726561,0.001240887019380196,0.0006103824924596706,0.9345,0.3739,0.0004,0.0002,2,1.083971464852304,0.001195100387169601,0.000605045933514952,0.9345,0.5065,0.0006,0.0003,1,0.1165527728742568,4.578663221059542e-05,5.336558944718659e-06,0.9345,0.1089,0.0,0.0,1,0.1165527728742568,4.578663221059542e-05,5.336558944718659e-06,0.9345,0.1089,0.0,0.0,2,1.083971464852304,0.001195100387169601,0.000605045933514952,0.9345,0.5065,0.0006,0.0003,3,1.200524237726561,0.001240887019380196,0.0006103824924596706,0.9345,0.3739,0.0004,0.0002,51.2,-0.34,38.4,-0.51,65.9,-0.326,64.0,-0.297,54.3,-0.505,19.5,-0.93,66.2,-0.246,65.5,-0.213,59.1,-0.136,61.0,-0.114,83.5,-0.036,82.9,0.025,64.0,0.155,51.8,0.139,83.8,0.082,83.2,0.149,40.5,-0.449,26.8,-0.721,57.3,-0.392,54.9,-0.41,70.1,0.306,26.8,-0.924,31.1,-0.337,31.7,-0.363,38.7,-0.466,25.0,-0.755,61.0,-0.311,60.4,-0.349,68.6,0.404,25.0,-1.015,34.5,-0.289,35.1,-0.331,58.5,-0.132,61.6,-0.088,80.5,-0.187,78.7,-0.138,72.3,0.275,62.8,0.229,79.9,-0.101,79.9,-0.056,51.2,-0.2,38.4,-0.503,68.3,-0.296,67.1,-0.252,56.1,-0.477,22.0,-0.889,68.3,-0.251,66.8,-0.214
70tsvrcmklvp4ecdhxlugf8ix,K. Itakura,AFC Ajax,Defender,17,4.800602259024484,0.046345926313113,0.0115302173968176,1.7181,0.4852,0.0047,0.0012,5,1.619812140425261,0.0008125507546297,0.0003171023822069,0.9096,0.2947,0.0001,0.0001,12,3.180790118599223,0.0455333755584833,0.0112131150146107,2.7287,0.7233,0.0104,0.0025,11,2.892399668340945,0.0240238233859109,0.0057322187408842,1.6676,0.4385,0.0036,0.0009,6,1.908202590683538,0.0223221029272021,0.0057979986559334,0.9096,0.2893,0.0034,0.0009,11,3.17545050626635,0.0438918716042012,0.0108080892115649,2.0011,0.5777,0.008,0.002,78.5,0.612,69.6,0.144,91.9,1.57,85.9,1.019,90.4,1.58,45.9,-0.151,91.1,1.115,87.0,0.658,62.6,-0.088,50.4,-0.261,60.7,-0.426,56.3,-0.437,12.6,-0.424,21.5,-0.72,53.7,-0.413,57.0,-0.378,89.3,1.367,77.0,0.579,98.5,2.754,94.1,1.946,100.0,3.114,89.6,1.187,95.6,1.745,91.5,1.276,86.3,1.099,74.1,0.453,95.6,2.441,92.6,1.705,97.8,1.611,65.2,0.378,94.8,1.113,93.0,1.021,67.0,0.045,54.8,-0.207,79.3,0.671,77.8,0.393,5.9,-0.54,11.1,-0.999,80.0,0.435,78.1,0.19,95.6,1.981,84.4,0.916,97.8,2.82,96.3,2.09,94.1,2.114,74.1,0.46,94.8,2.129,91.9,1.439
73lwz4he5erpp25zi8crjvztg,I. Jensen,Alkmaar Zaanstreek,Midfielder,1,0.854514370476664,0.0006813454007074,0.0005822194361627,0.9337,0.7978,0.0006,0.0005,1,0.854514370476664,0.0006813454007074,0.0005822194361627,0.9337,0.7978,0.0006,0.0005,0,0.0,0.0,0.0,0.0,0.0,0.0,0.0,0,0.0,0.0,0.0,0.0,0.0,0.0,0.0,1,0.854514370476664,0.0006813454007074,0.0005822194361627,0.9337,0.7978,0.0006,0.0005,1,0.854514370476664,0.0006813454007074,0.0005822194361627,0.9337,0.7978,0.0006,0.0005,12.8,-0.744,24.4,-0.658,58.5,-0.399,63.4,-0.307,52.1,-0.508,89.0,1.272,70.4,-0.169,77.4,0.098,34.5,-0.534,42.7,-0.294,76.8,-0.159,82.3,0.012,61.9,0.153,86.0,1.118,83.8,0.082,88.7,0.472,13.4,-0.783,13.4,-0.802,27.1,-0.399,27.1,-0.413,13.4,-1.515,13.4,-1.282,31.1,-0.337,31.7,-0.363,12.5,-0.82,12.5,-0.837,30.2,-0.322,30.2,-0.352,12.5,-1.672,12.5,-1.397,34.5,-0.289,35.1,-0.331,34.8,-0.494,48.2,-0.266,75.6,-0.273,78.0,-0.147,69.2,0.273,90.9,1.167,79.9,-0.101,83.2,0.103,12.8,-1.11,24.4,-0.793,61.0,-0.389,66.5,-0.265,54.0,-0.481,86.6,1.219,71.6,-0.175,76.8,0.095
790v7fu7f2s40e160mlrb6dt6,C. Raatsie,SBV Excelsior,Goalkeeper,1,0.1337941190360154,0.0,0.0,0.931,0.1246,0.0,0.0,1,0.1337941190360154,0.0,0.0,0.931,0.1246,0.0,0.0,0,0.0,0.0,0.0,0.0,0.0,0.0,0.0,1,0.1337941190360154,0.0,0.0,0.931,0.1246,0.0,0.0,0,0.0,0.0,0.0,0.0,0.0,0.0,0.0,1,0.1337941190360154,0.0,0.0,0.931,0.1246,0.0,0.0,12.5,-0.63,6.2,-0.548,25.0,-0.573,25.0,-0.638,31.2,-0.587,15.6,-0.945,26.6,-0.505,26.6,-0.572,26.6,-0.573,15.6,-0.534,32.8,-0.467,32.8,-0.48,43.8,-0.211,25.0,-0.675,34.4,-0.408,34.4,-0.488,20.3,-0.628,20.3,-0.536,35.9,-0.527,35.9,-0.534,20.3,-1.19,20.3,-0.982,35.9,-0.37,35.9,-0.477,42.2,-0.474,34.4,-0.465,37.5,-0.292,37.5,-0.426,53.1,0.374,43.8,-0.384,37.5,-0.285,37.5,-0.386,9.4,-0.822,9.4,-0.662,31.2,-0.538,31.2,-0.601,9.4,-2.078,9.4,-1.436,32.8,-0.482,32.8,-0.519,12.5,-0.962,6.2,-0.729,26.6,-0.472,26.6,-0.677,31.2,-0.562,15.6,-0.794,28.1,-0.496,28.1,-0.555
792zq4joba1qgt0lusvrjantg,L. Zeefuik,Heracles Almelo,Forward,1,0.6262398951743596,0.0,0.0,0.9337,0.5847,0.0,0.0,1,0.6262398951743596,0.0,0.0,0.9337,0.5847,0.0,0.0,0,0.0,0.0,0.0,0.0,0.0,0.0,0.0,1,0.6262398951743596,0.0,0.0,0.9337,0.5847,0.0,0.0,0,0.0,0.0,0.0,0.0,0.0,0.0,0.0,1,0.6262398951743596,0.0,0.0,0.9337,0.5847,0.0,0.0,14.7,-0.822,20.7,-0.722,23.3,-0.389,23.3,-0.523,50.0,-0.41,70.7,0.351,27.6,-0.405,29.3,-0.589,43.1,-0.4,48.3,-0.267,30.2,-0.292,30.2,-0.429,65.5,0.376,77.6,0.643,31.9,-0.338,35.3,-0.477,12.9,-0.946,12.9,-0.87,36.2,-0.332,36.2,-0.372,12.9,-1.557,12.9,-1.318,37.1,-0.48,37.9,-0.495,48.3,-0.332,53.4,-0.216,34.5,-0.345,34.5,-0.359,72.4,0.526,79.3,0.767,35.3,-0.423,37.9,-0.405,6.9,-1.083,6.9,-1.001,32.8,-0.27,32.8,-0.394,6.9,-2.461,6.9,-1.7,33.6,-0.202,36.2,-0.294,14.7,-1.084,20.7,-0.95,23.3,-0.332,23.3,-0.519,53.4,-0.375,74.1,0.4,26.7,-0.388,29.3,-0.584
7a1f6wedz8jtcvn58d5pomm8k,S. Esajas,FC Volendam,Midfielder,1,0.4581046871244111,0.0001270080251326,5.818297161566009e-05,0.9474,0.434,0.0001,0.0001,0,0.0,0.0,0.0,0.0,0.0,0.0,0.0,1,0.4581046871244111,0.0001270080251326,5.818297161566009e-05,0.9474,0.434,0.0001,0.0001,1,0.4581046871244111,0.0001270080251326,5.818297161566009e-05,0.9474,0.434,0.0001,0.0001,0,0.0,0.0,0.0,0.0,0.0,0.0,0.0,1,0.4581046871244111,0.0001270080251326,5.818297161566009e-05,0.9474,0.434,0.0001,0.0001,12.8,-0.744,14.6,-0.828,44.5,-0.472,40.9,-0.485,67.7,-0.445,27.4,-0.618,50.6,-0.36,55.2,-0.317,9.5,-0.932,9.5,-0.966,30.5,-0.323,30.5,-0.323,9.5,-1.85,9.5,-1.564,34.8,-0.357,34.8,-0.336,40.5,-0.449,42.7,-0.485,62.2,-0.378,61.0,-0.387,80.5,0.331,53.0,0.146,64.6,-0.304,68.0,-0.268,38.7,-0.466,38.4,-0.516,68.3,-0.292,65.9,-0.315,85.4,0.433,50.0,0.125,72.3,-0.235,74.7,-0.17,9.5,-0.856,9.5,-0.927,27.7,-0.387,27.7,-0.385,9.5,-1.876,9.5,-1.403,32.0,-0.317,32.9,-0.295,12.8,-1.11,14.6,-1.125,47.0,-0.481,43.9,-0.491,71.3,-0.418,29.6,-0.59,51.2,-0.364,57.0,-0.318
7b4jmfu1ejoeci2zmvwuejnys,P. Brittijn,Fortuna Sittard,Midfielder,6,3.770501106775316,0.001914318769773695,0.00128885057476849,1.1042,0.6939,0.0004,0.0002,4,2.005766201442538,0.0013004455549781,0.0007021734274519,1.2268,0.6152,0.0004,0.0002,2,1.764734905332778,0.0006138732147955954,0.0005866771473165894,0.9201,0.8119,0.0003,0.0003,2,1.167575354216638,4.578663221059542e-05,3.645442710908937e-05,0.9201,0.5372,0.0,0.0,4,2.602925752558678,0.0018685321375631,0.0012523961476594,0.9201,0.5988,0.0004,0.0003,6,3.770501106775316,0.001914318769773695,0.00128885057476849,1.1042,0.6939,0.0004,0.0002,74.4,0.266,78.7,0.591,70.1,-0.237,73.2,-0.067,75.0,0.283,78.0,0.732,66.2,-0.246,65.5,-0.213,80.5,0.66,79.3,0.611,84.5,-0.01,84.8,0.081,86.6,0.782,67.1,0.504,79.9,-0.065,79.3,-0.013,61.0,-0.114,75.0,0.416,73.2,-0.296,76.8,-0.151,33.5,0.278,90.2,1.389,73.8,-0.239,77.4,-0.08,61.6,-0.112,64.6,-0.018,61.0,-0.311,63.4,-0.329,29.9,0.372,64.0,0.487,34.5,-0.289,35.1,-0.331,83.2,0.591,88.4,1.088,82.3,-0.075,84.1,0.127,27.4,0.242,73.2,0.526,78.0,-0.173,79.9,-0.056,85.4,1.166,93.3,1.65,73.8,-0.183,76.2,0.041,72.6,0.295,76.8,0.703,68.3,-0.251,66.8,-0.214
7d8qc47gy4mb9mo67e1ic448a,M. Benita,Heracles Almelo,Defender,7,2.345945023113128,0.0007098283252077,0.0003207414991675,1.3017,0.4362,0.0001,0.0001,6,2.085935097699191,0.0007098283252077,0.0003207414991675,1.3946,0.4849,0.0002,0.0001,1,0.2600099254139367,0.0,0.0,0.9298,0.2417,0.0,0.0,3,1.114030444356608,0.0007098283252077,0.0003207414991675,0.9298,0.3453,0.0002,0.0001,4,1.23191457875652,0.0,0.0,0.9298,0.2863,0.0,0.0,7,2.345945023113128,0.0007098283252077,0.0003207414991675,1.3017,0.4362,0.0001,0.0001,52.6,-0.352,40.7,-0.484,28.9,-0.666,31.9,-0.656,65.9,0.25,34.1,-0.485,27.4,-0.626,35.9,-0.523,69.6,0.082,57.0,-0.049,57.0,-0.434,57.8,-0.436,71.9,0.484,51.1,0.074,58.1,-0.376,57.0,-0.378,15.6,-0.823,11.1,-0.91,21.1,-0.634,21.1,-0.632,27.4,-0.376,13.3,-0.947,22.6,-0.475,23.7,-0.501,50.7,-0.34,48.1,-0.376,67.4,-0.332,68.1,-0.315,41.1,0.08,43.7,-0.052,69.3,-0.222,70.4,-0.201,50.7,-0.337,37.0,-0.551,15.2,-0.628,15.2,-0.618,27.0,-0.468,10.4,-1.017,17.0,-0.595,17.4,-0.561,74.4,0.53,55.6,0.127,38.5,-0.624,42.2,-0.585,68.1,0.187,40.0,-0.41,35.6,-0.627,42.6,-0.513
7dkhv2l8y6jq20l1dc2ye17je,O. Edvardsen,AFC Ajax,Midfielder,4,2.356262381492411,0.0007980297518206,0.0005506355231858391,0.93,0.5478,0.0002,0.0001,3,1.422634884907955,0.0007980297518206,0.0005506355231858391,0.93,0.441,0.0002,0.0002,1,0.9336274965844554,0.0,0.0,0.93,0.8682,0.0,0.0,1,0.2713016754934177,0.0,0.0,0.93,0.2523,0.0,0.0,3,2.084960705998993,0.0007980297518206,0.0005506355231858391,0.93,0.6463,0.0002,0.0002,4,2.356262381492411,0.0007980297518206,0.0005506355231858391,0.93,0.5478,0.0002,0.0001,61.0,-0.138,66.5,-0.015,60.4,-0.384,62.8,-0.318,34.1,-0.525,52.4,-0.027,58.8,-0.322,55.2,-0.317,72.3,0.262,70.7,0.152,79.3,-0.131,81.7,-0.006,47.6,0.145,42.7,-0.082,75.6,-0.211,79.3,-0.013,40.5,-0.449,58.5,-0.157,27.1,-0.399,27.1,-0.413,53.4,0.297,93.6,1.574,31.1,-0.337,31.7,-0.363,38.7,-0.466,31.1,-0.647,30.2,-0.322,30.2,-0.352,51.5,0.394,32.3,-0.512,34.5,-0.289,35.1,-0.331,72.6,0.229,82.9,0.687,78.0,-0.254,76.8,-0.16,52.4,0.265,78.7,0.679,73.2,-0.245,76.8,-0.136,61.0,0.255,70.1,0.465,62.8,-0.369,65.9,-0.278,36.0,-0.497,53.7,-0.024,60.1,-0.326,57.0,-0.318
7h6w0i7ebl5pew0v1j8ipin10,G. Reiziger,PEC Zwolle,Midfielder,1,0.1680766361931576,0.0,0.0,0.9286,0.1561,0.0,0.0,0,0.0,0.0,0.0,0.0,0.0,0.0,0.0,1,0.1680766361931576,0.0,0.0,0.9286,0.1561,0.0,0.0,0,0.0,0.0,0.0,0.0,0.0,0.0,0.0,1,0.1680766361931576,0.0,0.0,0.9286,0.1561,0.0,0.0,1,0.1680766361931576,0.0,0.0,0.9286,0.1561,0.0,0.0,12.8,-0.744,0.6,-0.952,16.5,-0.489,16.5,-0.504,29.0,-0.532,0.6,-2.061,23.2,-0.398,24.4,-0.421,9.5,-0.932,9.5,-0.966,30.5,-0.323,30.5,-0.323,9.5,-1.85,9.5,-1.564,34.8,-0.357,34.8,-0.336,40.5,-0.449,28.0,-0.686,27.1,-0.399,27.1,-0.413,48.8,0.295,28.7,-0.768,31.1,-0.337,31.7,-0.363,12.5,-0.82,12.5,-0.837,30.2,-0.322,30.2,-0.352,12.5,-1.672,12.5,-1.397,34.5,-0.289,35.1,-0.331,34.8,-0.494,18.9,-0.797,27.7,-0.387,27.7,-0.385,47.9,0.262,18.9,-0.9,32.0,-0.317,32.9,-0.295,12.8,-1.11,0.6,-1.368,17.4,-0.502,17.4,-0.516,30.8,-0.504,0.6,-1.972,23.8,-0.402,25.3,-0.421
7jgtmmk4b2bgn0syidj6ve7kl,J. Clasie,Alkmaar Zaanstreek,Midfielder,5,2.252229705029159,0.0,0.0,1.5611,0.7032,0.0,0.0,0,0.0,0.0,0.0,0.0,0.0,0.0,0.0,5,2.252229705029159,0.0,0.0,1.5611,0.7032,0.0,0.0,1,0.9860138187987026,0.0,0.0,0.9367,0.9236,0.0,0.0,4,1.266215886230456,0.0,0.0,1.8734,0.593,0.0,0.0,5,2.252229705029159,0.0,0.0,1.5611,0.7032,0.0,0.0,68.9,0.064,64.6,-0.059,16.5,-0.489,16.5,-0.504,97.0,2.404,79.9,0.78,23.2,-0.398,24.4,-0.421,9.5,-0.932,9.5,-0.966,30.5,-0.323,30.5,-0.323,9.5,-1.85,9.5,-1.564,34.8,-0.357,34.8,-0.336,86.6,0.889,81.1,0.753,27.1,-0.399,27.1,-0.413,96.3,1.527,84.1,1.031,31.1,-0.337,31.7,-0.363,38.7,-0.466,59.1,-0.145,30.2,-0.322,30.2,-0.352,77.1,0.409,100.0,1.842,34.5,-0.289,35.1,-0.331,83.2,0.591,64.6,0.053,27.7,-0.387,27.7,-0.385,99.4,2.437,70.1,0.508,32.0,-0.317,32.9,-0.295,72.9,0.711,68.3,0.378,17.4,-0.502,17.4,-0.516,95.7,2.373,78.0,0.749,23.8,-0.402,25.3,-0.421
7joybllup4h9oe6zfhcepjy6t,S. Berghuis,AFC Ajax,Forward,2,1.424346089945708,0.0003082105095772,0.0002976442549313,0.91,0.6481,0.0001,0.0001,1,0.4586286803101747,0.0,0.0,0.91,0.4173,0.0,0.0,1,0.9657174096355332,0.0003082105095772,0.0002976442549313,0.91,0.8788,0.0003,0.0003,2,1.424346089945708,0.0003082105095772,0.0002976442549313,0.91,0.6481,0.0001,0.0001,0,0.0,0.0,0.0,0.0,0.0,0.0,0.0,2,1.424346089945708,0.0003082105095772,0.0002976442549313,0.91,0.6481,0.0001,0.0001,39.7,-0.502,56.9,-0.227,56.9,-0.287,62.1,-0.252,1.7,-0.514,77.6,0.722,59.5,-0.259,65.5,-0.172,43.1,-0.4,41.4,-0.455,30.2,-0.292,30.2,-0.429,25.9,0.325,50.0,0.061,31.9,-0.338,35.3,-0.477,38.8,-0.438,62.1,0.036,77.6,-0.046,82.8,0.187,25.9,0.236,93.1,1.633,85.3,0.806,90.5,1.607,69.8,0.234,81.0,0.608,79.3,-0.096,87.9,0.074,34.5,0.476,86.2,0.983,75.0,-0.156,80.2,0.084,6.9,-1.083,6.9,-1.001,32.8,-0.27,32.8,-0.394,6.9,-2.461,6.9,-1.7,33.6,-0.202,36.2,-0.294,39.7,-0.542,56.9,-0.073,56.9,-0.219,63.8,-0.175,1.7,-0.48,81.0,0.783,57.8,-0.239,64.7,-0.161
7jpreaads35pnnfqbn7hmrmy,S. Mijnans,Alkmaar Zaanstreek,Midfielder,10,4.789319308229732,0.002442703127970003,0.001501000579913544,1.0366,0.4965,0.0003,0.0002,5,2.043659593653447,0.0,0.0,1.1662,0.4767,0.0,0.0,5,2.745659714576286,0.002442703127970003,0.001501000579913544,0.933,0.5123,0.0005,0.0003,5,2.722025692128986,0.002296693158315,0.0014317762767505,1.1662,0.6349,0.0005,0.0003,5,2.067293616100746,0.000146009969655003,6.922430316304396e-05,0.933,0.3857,0.0,0.0,6,2.060293960248464,0.001337391130198803,0.0004946625456504936,1.1196,0.3844,0.0002,0.0001,89.6,1.074,87.8,1.028,73.2,-0.168,75.0,0.005,69.5,-0.031,40.2,-0.293,63.7,-0.284,65.5,-0.213,87.8,1.058,80.5,0.64,30.5,-0.323,30.5,-0.323,82.9,0.652,46.3,0.038,34.8,-0.357,34.8,-0.336,86.6,0.889,87.8,1.094,81.7,0.011,82.3,0.257,68.9,0.303,61.6,0.403,77.7,-0.174,77.4,-0.08,86.6,0.949,87.8,1.073,88.4,0.206,90.9,0.573,91.5,0.919,81.7,0.83,84.5,-0.023,84.5,0.152,88.1,0.953,81.7,0.674,65.2,-0.362,63.4,-0.357,67.7,0.272,42.7,-0.16,32.0,-0.317,32.9,-0.295,85.4,1.166,64.6,0.218,69.5,-0.28,64.6,-0.302,76.8,0.365,23.8,-0.837,60.1,-0.326,57.0,-0.318
7o8auo4uu5mzh7f4a44ucdf8q,D. Min,FC Utrecht,Forward,2,1.007742658240977,0.0015221739423424,0.0008095046514638,0.9316,0.4694,0.0007,0.0004,0,0.0,0.0,0.0,0.0,0.0,0.0,0.0,2,1.007742658240977,0.0015221739423424,0.0008095046514638,0.9316,0.4694,0.0007,0.0004,1,0.4759344141594191,0.0,0.0,0.9316,0.4434,0.0,0.0,1,0.5318082440815578,0.0015221739423424,0.0008095046514638,0.9316,0.4954,0.0014,0.0008,2,1.007742658240977,0.0015221739423424,0.0008095046514638,0.9316,0.4694,0.0007,0.0004,39.7,-0.502,37.9,-0.485,82.8,0.114,81.0,0.213,43.1,-0.419,41.4,-0.325,90.5,0.616,86.2,1.078,12.9,-0.966,12.9,-0.969,30.2,-0.292,30.2,-0.429,12.9,-1.615,12.9,-1.388,31.9,-0.338,35.3,-0.477,64.7,0.07,67.2,0.076,96.6,1.08,91.4,1.149,63.8,0.279,60.3,0.258,97.4,2.52,94.0,2.308,48.3,-0.332,46.6,-0.371,34.5,-0.345,34.5,-0.359,69.0,0.521,55.2,0.286,35.3,-0.423,37.9,-0.405,31.9,-0.537,39.7,-0.444,89.7,0.279,89.7,0.578,60.3,0.241,63.8,0.311,96.6,0.355,96.6,0.903,39.7,-0.542,37.9,-0.531,86.2,0.225,82.8,0.417,46.6,-0.385,41.4,-0.297,93.1,0.656,87.9,1.11
7qwmlcxsxlxmq01g7dkt7v14a,M. Balard,NAC Breda,Goalkeeper,19,7.3160598954361,0.0001629046686641,6.732784029723402e-05,1.1707,0.4508,0.0,0.0,12,4.748956708676094,0.0001629046686641,6.732784029723402e-05,1.2323,0.4877,0.0,0.0,7,2.567103186760007,0.0,0.0,1.0783,0.3954,0.0,0.0,12,5.115433353466849,0.0,0.0,1.2323,0.5253,0.0,0.0,7,2.200626541969251,0.0001629046686641,6.732784029723402e-05,0.9243,0.2906,0.0,0.0,8,2.991285657273355,0.0,0.0,1.4788,0.5529,0.0,0.0,87.5,1.468,87.5,1.524,50.0,-0.567,50.0,-0.62,75.0,0.284,90.6,1.165,26.6,-0.505,26.6,-0.572,93.8,1.915,93.8,2.043,65.6,-0.459,65.6,-0.456,78.1,0.36,93.8,1.086,34.4,-0.408,34.4,-0.488,85.9,0.901,87.5,0.922,35.9,-0.527,35.9,-0.534,78.1,0.695,87.5,1.219,35.9,-0.37,35.9,-0.477,90.6,1.586,90.6,1.74,37.5,-0.292,37.5,-0.426,90.6,0.974,93.8,1.775,37.5,-0.285,37.5,-0.386,90.6,1.179,87.5,1.054,62.5,-0.528,62.5,-0.575,31.2,0.118,75.0,0.503,32.8,-0.482,32.8,-0.519,93.8,1.433,90.6,1.438,26.6,-0.472,26.6,-0.677,87.5,0.957,90.6,1.216,28.1,-0.496,28.1,-0.555
7qzban9gm72aznhn11qyxwtg4,K. van Oevelen,FC Volendam,Goalkeeper,2,0.3718484759253675,0.0016477250379633,0.0004160752616107,0.9357,0.174,0.0008,0.0002,2,0.3718484759253675,0.0016477250379633,0.0004160752616107,0.9357,0.174,0.0008,0.0002,0,0.0,0.0,0.0,0.0,0.0,0.0,0.0,2,0.3718484759253675,0.0016477250379633,0.0004160752616107,0.9357,0.174,0.0008,0.0002,0,0.0,0.0,0.0,0.0,0.0,0.0,0.0,2,0.3718484759253675,0.0016477250379633,0.0004160752616107,0.9357,0.174,0.0008,0.0002,34.4,-0.514,31.2,-0.48,56.2,-0.513,53.1,-0.529,43.8,-0.57,25.0,-0.626,56.2,-0.412,57.8,-0.375,53.1,-0.346,53.1,-0.401,75.0,-0.389,71.9,-0.329,53.1,-0.202,28.1,-0.435,78.1,-0.327,76.6,-0.232,20.3,-0.628,20.3,-0.536,35.9,-0.527,35.9,-0.534,20.3,-1.19,20.3,-0.982,35.9,-0.37,35.9,-0.477,59.4,-0.287,59.4,-0.36,81.2,-0.217,78.1,-0.226,62.5,0.383,53.1,-0.118,84.4,-0.13,84.4,0.033,9.4,-0.822,9.4,-0.662,31.2,-0.538,31.2,-0.601,9.4,-2.078,9.4,-1.436,32.8,-0.482,32.8,-0.519,34.4,-0.62,31.2,-0.549,59.4,-0.408,56.2,-0.494,43.8,-0.549,25.0,-0.562,62.5,-0.404,60.9,-0.361
7ty1wdxxnusgkl34k5raipbl5,M. van Bergen,Sparta Rotterdam,Midfielder,2,1.89997381571577,0.0,0.0,0.9291,0.8826,0.0,0.0,0,0.0,0.0,0.0,0.0,0.0,0.0,0.0,2,1.89997381571577,0.0,0.0,0.9291,0.8826,0.0,0.0,2,1.89997381571577,0.0,0.0,0.9291,0.8826,0.0,0.0,0,0.0,0.0,0.0,0.0,0.0,0.0,0.0,2,1.89997381571577,0.0,0.0,0.9291,0.8826,0.0,0.0,35.7,-0.542,59.1,-0.21,16.5,-0.489,16.5,-0.504,30.8,-0.53,96.3,1.712,23.2,-0.398,24.4,-0.421,9.5,-0.932,9.5,-0.966,30.5,-0.323,30.5,-0.323,9.5,-1.85,9.5,-1.564,34.8,-0.357,34.8,-0.336,61.0,-0.114,78.7,0.51,27.1,-0.399,27.1,-0.413,50.3,0.296,95.1,1.622,31.1,-0.337,31.7,-0.363,61.6,-0.112,79.9,0.496,30.2,-0.322,30.2,-0.352,48.5,0.392,97.6,1.699,34.5,-0.289,35.1,-0.331,9.5,-0.856,9.5,-0.927,27.7,-0.387,27.7,-0.385,9.5,-1.876,9.5,-1.403,32.0,-0.317,32.9,-0.295,35.7,-0.655,61.0,0.083,17.4,-0.502,17.4,-0.516,32.6,-0.502,95.1,1.641,23.8,-0.402,25.3,-0.421
7ugh0uvo5ieoqmzar9lgf1v1m,Róber González,Nijmegen Eendracht Combinatie,Midfielder,1,0.3885309895347461,0.0,0.0,0.9122,0.3544,0.0,0.0,0,0.0,0.0,0.0,0.0,0.0,0.0,0.0,1,0.3885309895347461,0.0,0.0,0.9122,0.3544,0.0,0.0,1,0.3885309895347461,0.0,0.0,0.9122,0.3544,0.0,0.0,0,0.0,0.0,0.0,0.0,0.0,0.0,0.0,1,0.3885309895347461,0.0,0.0,0.9122,0.3544,0.0,0.0,12.8,-0.744,11.6,-0.857,16.5,-0.489,16.5,-0.504,3.0,-0.608,16.5,-1.031,23.2,-0.398,24.4,-0.421,9.5,-0.932,9.5,-0.966,30.5,-0.323,30.5,-0.323,9.5,-1.85,9.5,-1.564,34.8,-0.357,34.8,-0.336,40.5,-0.449,40.2,-0.533,27.1,-0.399,27.1,-0.413,28.7,0.263,47.6,-0.116,31.1,-0.337,31.7,-0.363,38.7,-0.466,36.6,-0.564,30.2,-0.322,30.2,-0.352,25.0,0.354,43.3,-0.154,34.5,-0.289,35.1,-0.331,9.5,-0.856,9.5,-0.927,27.7,-0.387,27.7,-0.385,9.5,-1.876,9.5,-1.403,32.0,-0.317,32.9,-0.295,12.8,-1.11,11.6,-1.183,17.4,-0.502,17.4,-0.516,3.0,-0.578,18.3,-0.986,23.8,-0.402,25.3,-0.421
7w5ivtmbqzi4hfte330r1a505,R. Pasveer,Heracles Almelo,Goalkeeper,2,0.4955085934431691,0.0,0.0,0.9336,0.2313,0.0,0.0,1,0.1961086999986608,0.0,0.0,0.9336,0.1831,0.0,0.0,1,0.2993998934445083,0.0,0.0,0.9336,0.2795,0.0,0.0,0,0.0,0.0,0.0,0.0,0.0,0.0,0.0,2,0.4955085934431691,0.0,0.0,0.9336,0.2313,0.0,0.0,2,0.4955085934431691,0.0,0.0,0.9336,0.2313,0.0,0.0,34.4,-0.514,46.9,-0.444,25.0,-0.573,25.0,-0.638,37.5,-0.578,50.0,-0.255,26.6,-0.505,26.6,-0.572,26.6,-0.573,25.0,-0.499,32.8,-0.467,32.8,-0.48,46.9,-0.206,37.5,-0.391,34.4,-0.408,34.4,-0.488,50.0,-0.41,59.4,-0.366,35.9,-0.527,35.9,-0.534,59.4,0.442,71.9,0.574,35.9,-0.37,35.9,-0.477,15.6,-0.661,15.6,-0.524,37.5,-0.292,37.5,-0.426,15.6,-1.481,15.6,-1.056,37.5,-0.285,37.5,-0.386,56.2,-0.25,62.5,-0.276,31.2,-0.538,31.2,-0.601,56.2,0.14,53.1,0.108,32.8,-0.482,32.8,-0.519,34.4,-0.62,46.9,-0.455,26.6,-0.472,26.6,-0.677,37.5,-0.555,50.0,-0.293,28.1,-0.496,28.1,-0.555
7wjzrrcy3fp8nq6dlanfxvqhh,B. Nuytinck,Nijmegen Eendracht Combinatie,Defender,3,1.240108887673278,0.0001002111135487,4.157522715569967e-05,0.9144,0.378,0.0,0.0,0,0.0,0.0,0.0,0.0,0.0,0.0,0.0,3,1.240108887673278,0.0001002111135487,4.157522715569967e-05,0.9144,0.378,0.0,0.0,1,0.2722295092031018,0.0,0.0,0.9144,0.2489,0.0,0.0,2,0.9678793784701761,0.0001002111135487,4.157522715569967e-05,0.9144,0.4425,0.0,0.0,3,1.240108887673278,0.0001002111135487,4.157522715569967e-05,0.9144,0.378,0.0,0.0,20.4,-0.738,21.5,-0.767,23.0,-0.696,22.2,-0.697,3.0,-0.987,20.0,-0.882,11.9,-0.664,14.1,-0.631,5.6,-0.937,5.6,-0.998,21.9,-0.495,21.9,-0.521,5.6,-2.127,5.6,-1.95,25.9,-0.451,26.7,-0.506,44.8,-0.425,47.4,-0.41,43.7,-0.626,43.7,-0.622,11.1,-0.406,35.6,-0.343,22.6,-0.475,23.7,-0.501,26.3,-0.699,24.4,-0.769,28.1,-0.417,28.1,-0.435,20.7,0.048,28.1,-0.497,32.6,-0.301,33.0,-0.354,24.8,-0.719,26.7,-0.685,32.6,-0.622,32.6,-0.611,7.4,-0.523,51.9,-0.034,17.0,-0.595,17.4,-0.561,20.4,-0.922,21.5,-0.926,30.4,-0.673,28.9,-0.656,3.0,-0.879,23.7,-0.769,16.3,-0.662,18.1,-0.615
7wo4627xo1mx5k0vpwhe8hqll,E. Vaessen,FC Groningen,Goalkeeper,7,1.000828046254644,0.1202550337297696,0.005827673760042,1.6248,0.2323,0.0279,0.0014,5,0.793503565386773,0.0798125526476781,0.0035818754909708,1.5475,0.2456,0.0247,0.0011,2,0.2073244808678706,0.0404424810820915,0.0022457982690712,1.8569,0.1925,0.0375,0.0021,5,0.5150195689447629,0.1188697834320893,0.0055414562071207,1.1606,0.1195,0.0276,0.0013,2,0.4858084773098808,0.0013852502976803,0.0002862175529213,0.9285,0.2255,0.0006,0.0001,7,1.000828046254644,0.1202550337297696,0.005827673760042,1.6248,0.2323,0.0279,0.0014,78.1,0.069,71.9,-0.298,100.0,3.845,87.5,0.888,93.8,1.934,53.1,-0.249,96.9,2.73,87.5,0.806,84.4,0.332,75.0,-0.166,100.0,3.279,87.5,0.821,90.6,0.957,59.4,-0.088,93.8,2.102,84.4,0.92,65.6,-0.191,53.1,-0.418,100.0,3.236,78.1,0.542,100.0,2.057,56.2,0.09,100.0,4.634,96.9,1.796,84.4,0.275,65.6,-0.296,100.0,5.134,93.8,2.237,87.5,0.831,37.5,-0.412,100.0,5.048,96.9,2.337,56.2,-0.25,59.4,-0.284,65.6,-0.457,65.6,-0.49,40.6,0.128,46.9,0.069,65.6,-0.411,65.6,-0.438,87.5,1.09,75.0,-0.072,100.0,4.237,93.8,1.895,90.6,1.362,53.1,-0.289,96.9,2.725,87.5,0.804
7wrulbqqdeecd5vegsbb1905w,R. Owusu-Oduro,Alkmaar Zaanstreek,Goalkeeper,3,0.4361252057319331,0.0232002528003005,0.0049580018689646,0.9316,0.1354,0.0072,0.0015,0,0.0,0.0,0.0,0.0,0.0,0.0,0.0,3,0.4361252057319331,0.0232002528003005,0.0049580018689646,0.9316,0.1354,0.0072,0.0015,2,0.2622926903912821,0.0232002528003005,0.0049580018689646,0.9316,0.1222,0.0108,0.0023,1,0.173832515340651,0.0,0.0,0.9316,0.1619,0.0,0.0,3,0.4361252057319331,0.0232002528003005,0.0049580018689646,0.9316,0.1354,0.0072,0.0015,53.1,-0.397,37.5,-0.461,81.2,0.279,84.4,0.661,34.4,-0.585,18.8,-0.876,81.2,0.33,90.6,0.905,6.2,-0.799,6.2,-0.609,32.8,-0.467,32.8,-0.48,6.2,-1.974,6.2,-1.279,34.4,-0.408,34.4,-0.488,75.0,0.027,68.8,-0.288,93.8,1.632,96.9,1.841,56.2,0.439,46.9,-0.228,93.8,0.591,87.5,1.146,59.4,-0.287,50.0,-0.408,93.8,0.767,90.6,1.957,56.2,0.375,40.6,-0.397,96.9,1.802,100.0,4.433,31.2,-0.536,28.1,-0.527,31.2,-0.538,31.2,-0.601,53.1,0.135,31.2,-0.355,32.8,-0.482,32.8,-0.519,53.1,-0.278,37.5,-0.5,87.5,0.436,90.6,1.512,34.4,-0.561,18.8,-0.744,81.2,0.335,90.6,0.901
7xovmwq2h4rcr9nuou4gi3g2c,W. Prins,FC Groningen,Defender,5,1.581377148385065,0.006943973549993,0.0018335764476164,1.1642,0.3682,0.0016,0.0004,1,0.2640529135682364,0.006943973549993,0.0018335764476164,0.9313,0.2459,0.0065,0.0017,4,1.317324234816829,0.0,0.0,1.2418,0.409,0.0,0.0,0,0.0,0.0,0.0,0.0,0.0,0.0,0.0,5,1.581377148385065,0.006943973549993,0.0018335764476164,1.1642,0.3682,0.0016,0.0004,5,1.581377148385065,0.006943973549993,0.0018335764476164,1.1642,0.3682,0.0016,0.0004,36.7,-0.545,28.1,-0.68,58.5,-0.36,53.3,-0.43,54.8,-0.189,17.0,-0.949,64.1,-0.058,60.7,-0.201,17.8,-0.767,14.8,-0.878,80.0,0.1,74.8,-0.034,31.9,-0.384,17.0,-0.923,95.6,1.989,94.4,1.66,55.2,-0.226,50.4,-0.371,21.1,-0.634,21.1,-0.632,66.7,0.229,41.5,-0.206,22.6,-0.475,23.7,-0.501,9.6,-0.879,9.6,-0.896,28.1,-0.417,28.1,-0.435,9.6,-1.849,9.6,-1.647,32.6,-0.301,33.0,-0.354,60.0,-0.146,46.7,-0.373,64.4,-0.224,60.0,-0.298,74.8,0.357,30.4,-0.502,65.6,-0.11,59.3,-0.227,42.2,-0.196,29.6,-0.601,65.2,-0.127,64.4,-0.199,59.3,-0.191,21.5,-0.829,65.6,-0.104,63.3,-0.205
7y0acvcg9km8dz51t5ndy23md,M. van Duinen,SBV Excelsior,Forward,2,1.181191307321862,0.0013758145792407,0.0012333958267001,0.9302,0.5494,0.0006,0.0006,1,0.8964840504748866,0.0013758145792407,0.0012333958267001,0.9302,0.8339,0.0013,0.0011,1,0.2847072568469752,0.0,0.0,0.9302,0.2648,0.0,0.0,1,0.8964840504748866,0.0013758145792407,0.0012333958267001,0.9302,0.8339,0.0013,0.0011,1,0.2847072568469752,0.0,0.0,0.9302,0.2648,0.0,0.0,2,1.181191307321862,0.0013758145792407,0.0012333958267001,0.9302,0.5494,0.0006,0.0006,39.7,-0.502,46.6,-0.378,81.0,0.066,87.9,0.599,41.4,-0.425,60.3,0.144,87.1,0.47,94.8,1.912,43.1,-0.4,63.8,0.036,87.9,0.199,91.4,0.975,60.3,0.368,93.1,1.509,97.4,1.117,97.4,2.906,38.8,-0.438,29.3,-0.603,36.2,-0.332,36.2,-0.372,60.3,0.276,36.2,-0.429,37.1,-0.48,37.9,-0.495,48.3,-0.332,63.8,0.063,91.4,0.766,94.8,1.437,65.5,0.519,96.6,1.615,96.6,3.043,100.0,4.975,31.9,-0.537,19.0,-0.703,32.8,-0.27,32.8,-0.394,56.9,0.237,24.1,-0.625,33.6,-0.202,36.2,-0.294,39.7,-0.542,46.6,-0.34,82.8,0.171,91.4,0.908,44.8,-0.391,63.8,0.186,90.5,0.507,94.8,1.957
80dk8iv6p0202z10qcqy8bfca,S. Scheperman,Heracles Almelo,Midfielder,4,1.386597973210731,0.0,0.0,1.2524,0.4342,0.0,0.0,2,0.8925724730097155,0.0,0.0,1.8787,0.8384,0.0,0.0,2,0.4940255002010156,0.0,0.0,0.9393,0.232,0.0,0.0,0,0.0,0.0,0.0,0.0,0.0,0.0,0.0,4,1.386597973210731,0.0,0.0,1.2524,0.4342,0.0,0.0,4,1.386597973210731,0.0,0.0,1.2524,0.4342,0.0,0.0,61.0,-0.138,45.7,-0.43,16.5,-0.489,16.5,-0.504,87.2,0.971,28.0,-0.617,23.2,-0.398,24.4,-0.421,59.1,-0.136,48.2,-0.264,30.5,-0.323,30.5,-0.323,100.0,2.181,92.1,1.254,34.8,-0.357,34.8,-0.336,61.0,-0.114,44.5,-0.461,27.1,-0.399,27.1,-0.413,78.7,0.316,31.7,-0.519,31.1,-0.337,31.7,-0.363,12.5,-0.82,12.5,-0.837,30.2,-0.322,30.2,-0.352,12.5,-1.672,12.5,-1.397,34.5,-0.289,35.1,-0.331,83.2,0.591,67.7,0.146,27.7,-0.387,27.7,-0.385,95.7,1.007,48.8,-0.004,32.0,-0.317,32.9,-0.295,61.0,0.255,45.7,-0.347,17.4,-0.502,17.4,-0.516,85.4,0.969,30.5,-0.589,23.8,-0.402,25.3,-0.421
8624hqd4nlbzcoqsetvsvla8k,D. Fonville,Nijmegen Eendracht Combinatie,Defender,12,5.24331778885263,0.0029164509958364,0.0017656411548895,1.5749,0.6881,0.0004,0.0002,4,2.172509810749895,0.0029164509958364,0.0017656411548895,1.8374,0.9979,0.0013,0.0008,8,3.070807978102734,0.0,0.0,1.4699,0.5642,0.0,0.0,5,1.727769045946835,0.0,0.0,1.1484,0.3968,0.0,0.0,7,3.515548742905795,0.0029164509958364,0.0017656411548895,1.0718,0.5383,0.0004,0.0003,9,4.077474848285251,0.0,0.0,1.6536,0.7492,0.0,0.0,72.2,0.13,73.3,0.257,48.1,-0.558,52.6,-0.44,83.7,1.122,91.1,1.233,43.7,-0.512,48.1,-0.416,54.4,-0.258,60.0,-0.009,70.4,-0.245,73.3,-0.052,87.4,1.313,99.3,2.216,78.5,0.037,84.1,0.513,78.9,0.571,76.3,0.523,21.1,-0.634,21.1,-0.632,84.4,0.672,70.4,0.482,22.6,-0.475,23.7,-0.501,66.7,0.02,60.7,-0.09,28.1,-0.417,28.1,-0.435,74.8,0.534,52.6,0.186,32.6,-0.301,33.0,-0.354,72.2,0.236,78.5,0.608,54.1,-0.458,59.3,-0.31,62.2,0.032,78.5,0.569,48.5,-0.474,54.1,-0.31,88.9,1.255,96.3,1.775,13.7,-0.681,13.7,-0.667,85.2,1.157,93.3,1.516,16.3,-0.662,18.1,-0.615
88523fv89ozrqwnbhgphxual0,M. Egbring,SC Heerenveen,Defender,1,0.5372581318777263,0.0,0.0,0.9231,0.4959,0.0,0.0,0,0.0,0.0,0.0,0.0,0.0,0.0,0.0,1,0.5372581318777263,0.0,0.0,0.9231,0.4959,0.0,0.0,0,0.0,0.0,0.0,0.0,0.0,0.0,0.0,1,0.5372581318777263,0.0,0.0,0.9231,0.4959,0.0,0.0,1,0.5372581318777263,0.0,0.0,0.9231,0.4959,0.0,0.0,4.1,-0.93,5.2,-0.947,10.4,-0.701,10.4,-0.703,8.5,-0.96,48.9,-0.078,11.9,-0.664,14.1,-0.631,5.6,-0.937,5.6,-0.998,21.9,-0.495,21.9,-0.521,5.6,-2.127,5.6,-1.95,25.9,-0.451,26.7,-0.506,15.6,-0.823,22.2,-0.769,21.1,-0.634,21.1,-0.632,20.4,-0.389,59.3,0.179,22.6,-0.475,23.7,-0.501,9.6,-0.879,9.6,-0.896,28.1,-0.417,28.1,-0.435,9.6,-1.849,9.6,-1.647,32.6,-0.301,33.0,-0.354,9.3,-0.911,14.8,-0.903,15.2,-0.628,15.2,-0.618,18.1,-0.492,67.4,0.302,17.0,-0.595,17.4,-0.561,4.1,-1.648,5.2,-1.595,13.7,-0.681,13.7,-0.667,10.0,-0.855,51.1,-0.043,16.3,-0.662,18.1,-0.615
891zjrm0zjc2e3ebjx11p2y38,J. Slory,Go Ahead Eagles,Midfielder,2,0.3595486748162156,0.0131689882561914,0.0018173509740453,0.9349,0.1681,0.0062,0.0008,1,0.2215463515784456,0.0,0.0,0.9349,0.2071,0.0,0.0,1,0.13800232323777,0.0131689882561914,0.0018173509740453,0.9349,0.129,0.0123,0.0017,2,0.3595486748162156,0.0131689882561914,0.0018173509740453,0.9349,0.1681,0.0062,0.0008,0,0.0,0.0,0.0,0.0,0.0,0.0,0.0,2,0.3595486748162156,0.0131689882561914,0.0018173509740453,0.9349,0.1681,0.0062,0.0008,35.7,-0.542,6.7,-0.87,87.2,1.244,78.7,0.112,54.9,-0.503,1.8,-1.999,96.6,1.964,86.0,0.41,34.5,-0.534,20.7,-0.792,30.5,-0.323,30.5,-0.323,64.6,0.156,22.0,-0.868,34.8,-0.357,34.8,-0.336,40.5,-0.449,27.4,-0.706,91.5,1.815,85.4,0.398,71.3,0.307,27.4,-0.858,97.6,3.674,93.6,1.24,61.6,-0.112,33.5,-0.585,95.7,2.704,92.1,0.822,70.1,0.405,26.8,-0.807,98.2,3.005,91.8,0.958,9.5,-0.856,9.5,-0.927,27.7,-0.387,27.7,-0.385,9.5,-1.876,9.5,-1.403,32.0,-0.317,32.9,-0.295,35.7,-0.655,6.7,-1.207,89.6,1.692,80.5,0.27,56.7,-0.475,1.8,-1.912,96.6,1.941,85.4,0.404
89plvrt8pzppcclh4axvii0ru,A. Plat,FC Volendam,Midfielder,1,0.2594414410225325,0.0,0.0,0.9329,0.242,0.0,0.0,0,0.0,0.0,0.0,0.0,0.0,0.0,0.0,1,0.2594414410225325,0.0,0.0,0.9329,0.242,0.0,0.0,1,0.2594414410225325,0.0,0.0,0.9329,0.242,0.0,0.0,0,0.0,0.0,0.0,0.0,0.0,0.0,0.0,1,0.2594414410225325,0.0,0.0,0.9329,0.242,0.0,0.0,12.8,-0.744,3.0,-0.913,16.5,-0.489,16.5,-0.504,50.3,-0.512,3.7,-1.615,23.2,-0.398,24.4,-0.421,9.5,-0.932,9.5,-0.966,30.5,-0.323,30.5,-0.323,9.5,-1.85,9.5,-1.564,34.8,-0.357,34.8,-0.336,40.5,-0.449,31.1,-0.623,27.1,-0.399,27.1,-0.413,67.7,0.303,32.3,-0.486,31.1,-0.337,31.7,-0.363,38.7,-0.466,28.7,-0.655,30.2,-0.322,30.2,-0.352,64.0,0.4,29.9,-0.548,34.5,-0.289,35.1,-0.331,9.5,-0.856,9.5,-0.927,27.7,-0.387,27.7,-0.385,9.5,-1.876,9.5,-1.403,32.0,-0.317,32.9,-0.295,12.8,-1.11,3.0,-1.291,17.4,-0.502,17.4,-0.516,52.1,-0.484,3.7,-1.545,23.8,-0.402,25.3,-0.421
8d0ffyx2qnnp0limf5aou92ei,A. Ueda,Feyenoord Rotterdam,Forward,5,1.701422123572662,0.0,0.0,0.9217,0.3136,0.0,0.0,3,1.210128075013293,0.0,0.0,0.9217,0.3718,0.0,0.0,2,0.4912940485593697,0.0,0.0,0.9217,0.2264,0.0,0.0,0,0.0,0.0,0.0,0.0,0.0,0.0,0.0,5,1.701422123572662,0.0,0.0,0.9217,0.3136,0.0,0.0,5,1.701422123572663,0.0,0.0,0.9217,0.3136,0.0,0.0,78.4,0.458,67.2,-0.056,23.3,-0.389,23.3,-0.523,17.2,-0.462,12.1,-1.238,27.6,-0.405,29.3,-0.589,81.9,0.732,79.3,0.388,30.2,-0.292,30.2,-0.429,41.4,0.35,43.1,-0.097,31.9,-0.338,35.3,-0.477,64.7,0.07,46.6,-0.409,36.2,-0.332,36.2,-0.372,41.4,0.26,32.8,-0.558,37.1,-0.48,37.9,-0.495,16.4,-0.897,16.4,-0.862,34.5,-0.345,34.5,-0.359,16.4,-1.43,16.4,-1.224,35.3,-0.423,37.9,-0.405,94.8,1.648,87.9,0.78,32.8,-0.27,32.8,-0.394,31.0,0.212,34.5,-0.427,33.6,-0.202,36.2,-0.294,82.8,1.084,67.2,0.231,23.3,-0.332,23.3,-0.519,17.2,-0.429,12.1,-1.238,26.7,-0.388,29.3,-0.584
8f3bhiy6r5eei1n25exhbwr8p,J. Lotomba,Feyenoord Rotterdam,Defender,4,1.499427830127182,0.0,0.0,0.9312,0.3491,0.0,0.0,3,0.9034801247800077,0.0,0.0,0.9312,0.2804,0.0,0.0,1,0.5959477053471738,0.0,0.0,0.9312,0.5549,0.0,0.0,1,0.2643642081264678,0.0,0.0,0.9312,0.2462,0.0,0.0,3,1.235063622000714,0.0,0.0,0.9312,0.3834,0.0,0.0,4,1.499427830127182,0.0,0.0,0.9312,0.3491,0.0,0.0,28.9,-0.641,26.7,-0.701,10.4,-0.701,10.4,-0.703,18.5,-0.934,14.1,-1.079,11.9,-0.664,14.1,-0.631,44.8,-0.428,36.3,-0.587,21.9,-0.495,21.9,-0.521,31.1,-0.384,20.0,-0.779,25.9,-0.451,26.7,-0.506,15.6,-0.823,25.2,-0.739,21.1,-0.634,21.1,-0.632,34.1,-0.373,67.4,0.44,22.6,-0.475,23.7,-0.501,26.3,-0.699,23.0,-0.773,28.1,-0.417,28.1,-0.435,48.1,0.083,25.9,-0.51,32.6,-0.301,33.0,-0.354,39.6,-0.528,37.8,-0.549,15.2,-0.628,15.2,-0.618,34.1,-0.464,33.3,-0.406,17.0,-0.595,17.4,-0.561,28.9,-0.559,26.7,-0.679,13.7,-0.681,13.7,-0.667,20.7,-0.833,16.3,-0.947,16.3,-0.662,18.1,-0.615
8gde39dg3u3kqhd8pa2mdcn2t,T. Chery,Nijmegen Eendracht Combinatie,Forward,3,2.15319169843659,0.0003084910795128,0.0002973347409277,0.9181,0.6589,0.0001,0.0001,1,0.9638357822124674,0.0003084910795128,0.0002973347409277,0.9181,0.8849,0.0003,0.0003,2,1.189355916224123,0.0,0.0,0.9181,0.546,0.0,0.0,1,0.9638357822124674,0.0003084910795128,0.0002973347409277,0.9181,0.8849,0.0003,0.0003,2,1.189355916224123,0.0,0.0,0.9181,0.546,0.0,0.0,3,2.15319169843659,0.0003084910795128,0.0002973347409277,0.9181,0.6589,0.0001,0.0001,57.8,-0.182,74.1,0.224,58.6,-0.287,60.3,-0.252,8.6,-0.478,81.0,0.786,59.5,-0.259,65.5,-0.172,43.1,-0.4,74.1,0.112,72.4,-0.182,77.6,-0.091,32.8,0.342,96.6,1.686,78.4,-0.002,82.8,0.446,64.7,0.07,74.1,0.246,36.2,-0.332,36.2,-0.372,32.8,0.252,67.2,0.515,37.1,-0.48,37.9,-0.495,48.3,-0.332,67.2,0.133,81.0,-0.096,86.2,0.074,41.4,0.493,98.3,1.789,87.1,0.377,92.2,1.063,63.8,0.009,75.9,0.244,32.8,-0.27,32.8,-0.394,20.7,0.202,70.7,0.516,33.6,-0.202,36.2,-0.294,57.8,0.0,74.1,0.727,58.6,-0.219,62.1,-0.175,8.6,-0.445,84.5,0.848,57.8,-0.239,64.7,-0.161
8hgpvnzy2mra3ps209tniq7f8,O. Gloukh,AFC Ajax,Midfielder,3,1.80478348357718,0.0001095079298675,0.0001053608297718,0.9268,0.5576,0.0,0.0,1,0.1490430359862096,0.0,0.0,0.9268,0.1381,0.0,0.0,2,1.65574044759097,0.0001095079298675,0.0001053608297718,0.9268,0.7673,0.0001,0.0,3,1.80478348357718,0.0001095079298675,0.0001053608297718,0.9268,0.5576,0.0,0.0,0,0.0,0.0,0.0,0.0,0.0,0.0,0.0,3,1.80478348357718,0.0001095079298675,0.0001053608297718,0.9268,0.5576,0.0,0.0,51.2,-0.34,55.5,-0.251,43.9,-0.475,45.1,-0.469,22.6,-0.54,56.1,0.024,23.2,-0.398,24.4,-0.421,34.5,-0.534,20.1,-0.849,30.5,-0.323,30.5,-0.323,38.4,0.139,19.5,-1.1,34.8,-0.357,34.8,-0.336,61.0,-0.114,73.8,0.341,61.6,-0.381,62.8,-0.366,45.1,0.291,88.4,1.242,64.6,-0.304,31.7,-0.363,74.1,0.242,76.8,0.43,67.7,-0.296,68.9,-0.284,43.3,0.387,69.5,0.559,34.5,-0.289,35.1,-0.331,9.5,-0.856,9.5,-0.927,27.7,-0.387,27.7,-0.385,9.5,-1.876,9.5,-1.403,32.0,-0.317,32.9,-0.295,51.2,-0.2,56.1,0.003,46.3,-0.484,48.2,-0.471,24.4,-0.512,57.3,0.025,23.8,-0.402,25.3,-0.421
8jm8a7w3a5b5nzikcom7cvf2s,M. Willemsen,SC Heerenveen,Defender,24,7.451683827205237,0.0403517151453989,0.01193387639406661,1.8544,0.5758,0.0031,0.0009,8,2.594189535350582,0.0,0.0,1.4835,0.4811,0.0,0.0,16,4.857494291854655,0.0403517151453989,0.01193387639406661,2.1194,0.6434,0.0053,0.0016,11,3.692832816015854,0.0025595605239426,0.0009681164822524,1.2749,0.428,0.0003,0.0001,13,3.758851011189383,0.0377921546214563,0.01096575991181421,1.5067,0.4357,0.0044,0.0013,8,2.130208185585047,0.0401507778473959,0.0118531842543133,1.4835,0.395,0.0074,0.0022,88.1,1.287,81.5,0.822,87.4,1.276,86.7,1.079,94.1,2.015,71.1,0.467,83.0,0.509,78.1,0.336,77.8,0.421,72.6,0.183,21.9,-0.495,21.9,-0.521,79.3,0.65,48.9,0.058,25.9,-0.451,26.7,-0.506,95.6,2.164,88.9,1.434,95.6,2.368,94.8,2.112,95.6,1.932,82.2,0.833,85.9,0.656,84.4,0.636,86.3,1.099,84.4,0.826,77.8,-0.112,78.5,-0.073,83.7,0.796,59.3,0.33,73.0,-0.183,70.4,-0.201,89.3,1.384,81.5,0.732,92.6,1.571,91.1,1.294,93.3,1.563,48.1,-0.077,87.0,0.738,84.1,0.524,83.3,0.892,48.1,-0.079,95.6,2.522,97.0,2.357,80.0,0.688,28.9,-0.664,93.3,1.92,94.1,1.644
8kqetcv52r962hqpw7uaysljo,S. Hagedoorn,SC Telstar,Midfielder,1,0.8629528666155845,0.0,0.0,0.9254,0.7986,0.0,0.0,1,0.8629528666155845,0.0,0.0,0.9254,0.7986,0.0,0.0,0,0.0,0.0,0.0,0.0,0.0,0.0,0.0,0,0.0,0.0,0.0,0.0,0.0,0.0,0.0,1,0.8629528666155845,0.0,0.0,0.9254,0.7986,0.0,0.0,1,0.8629528666155845,0.0,0.0,0.9254,0.7986,0.0,0.0,12.8,-0.744,25.0,-0.654,16.5,-0.489,16.5,-0.504,19.2,-0.547,89.6,1.276,23.2,-0.398,24.4,-0.421,34.5,-0.534,43.3,-0.288,30.5,-0.323,30.5,-0.323,35.7,0.136,86.6,1.121,34.8,-0.357,34.8,-0.336,13.4,-0.783,13.4,-0.802,27.1,-0.399,27.1,-0.413,13.4,-1.515,13.4,-1.282,31.1,-0.337,31.7,-0.363,12.5,-0.82,12.5,-0.837,30.2,-0.322,30.2,-0.352,12.5,-1.672,12.5,-1.397,34.5,-0.289,35.1,-0.331,34.8,-0.494,49.4,-0.259,27.7,-0.387,27.7,-0.385,37.2,0.254,91.5,1.17,32.0,-0.317,32.9,-0.295,12.8,-1.11,25.0,-0.785,17.4,-0.502,17.4,-0.516,20.4,-0.518,87.2,1.223,23.8,-0.402,25.3,-0.421
8l31bne12p5cp51o46h92zjrp,R. Koeman,SC Telstar,Goalkeeper,3,0.5549584225374001,0.0190995207992551,0.0022382506673852,1.3891,0.257,0.0088,0.001,3,0.5549584225374001,0.0190995207992551,0.0022382506673852,1.3891,0.257,0.0088,0.001,0,0.0,0.0,0.0,0.0,0.0,0.0,0.0,0,0.0,0.0,0.0,0.0,0.0,0.0,0.0,3,0.5549584225374001,0.0190995207992551,0.0022382506673852,1.3891,0.257,0.0088,0.001,3,0.5549584225374,0.0190995207992551,0.0022382506673852,1.3891,0.257,0.0088,0.001,53.1,-0.397,56.2,-0.427,71.9,0.129,68.8,-0.052,87.5,1.077,62.5,-0.089,84.4,0.516,84.4,0.412,70.3,-0.12,65.6,-0.299,81.2,0.43,84.4,0.333,81.2,0.657,65.6,-0.033,87.5,0.486,81.2,0.792,20.3,-0.628,20.3,-0.536,35.9,-0.527,35.9,-0.534,20.3,-1.19,20.3,-0.982,35.9,-0.37,35.9,-0.477,15.6,-0.661,15.6,-0.524,37.5,-0.292,37.5,-0.426,15.6,-1.481,15.6,-1.056,37.5,-0.285,37.5,-0.386,75.0,0.036,71.9,-0.23,78.1,0.579,75.0,0.267,90.6,1.222,62.5,0.279,87.5,0.568,82.8,0.291,53.1,-0.278,56.2,-0.41,78.1,0.276,75.0,0.311,84.4,0.708,62.5,-0.173,84.4,0.52,81.2,0.416
8lt54ei6pcu25u8uerigmx5yi,A. Engwanda,FC Utrecht,Midfielder,8,3.899820687088402,2.097692072230984e-05,1.528808811871447e-05,1.0616,0.5175,0.0,0.0,3,1.906103342730621,0.0,0.0,0.9289,0.5902,0.0,0.0,5,1.993717344357781,2.097692072230984e-05,1.528808811871447e-05,1.1612,0.463,0.0,0.0,2,1.024071540117514,0.0,0.0,0.9289,0.4756,0.0,0.0,6,2.875749146970888,2.097692072230984e-05,1.528808811871447e-05,1.1147,0.5343,0.0,0.0,6,3.272941153973283,2.097692072230984e-05,1.528808811871447e-05,1.1147,0.6081,0.0,0.0,82.6,0.67,80.5,0.647,33.8,-0.486,34.8,-0.499,71.3,0.085,44.5,-0.184,23.2,-0.398,24.4,-0.421,72.3,0.262,78.7,0.532,30.5,-0.323,30.5,-0.323,43.9,0.143,61.0,0.42,34.8,-0.357,34.8,-0.336,86.6,0.889,79.3,0.575,55.8,-0.396,57.3,-0.406,82.3,0.748,57.3,0.241,31.1,-0.337,31.7,-0.363,61.6,-0.112,61.0,-0.118,30.2,-0.322,30.2,-0.352,47.0,0.392,55.5,0.271,34.5,-0.289,35.1,-0.331,90.9,1.314,90.9,1.3,57.3,-0.383,58.5,-0.379,90.9,0.69,65.2,0.318,32.0,-0.317,32.9,-0.295,85.4,1.166,89.6,1.233,35.7,-0.499,36.6,-0.51,75.6,0.343,68.3,0.276,23.8,-0.402,25.3,-0.421
8n9t52eeli3s39r8ujjhjt7je,J. Kitolano,Sparta Rotterdam,Midfielder,8,3.67013505633414,0.006452392340089401,0.0025882339338112,0.9302,0.4268,0.0008,0.0003,4,2.153295017802019,0.0030720909152561,0.001296037675109,0.9302,0.5008,0.0007,0.0003,4,1.516840038532121,0.0033803014248333,0.0012921962587022,0.9302,0.3528,0.0008,0.0003,6,1.912116810405302,0.006452392340089401,0.0025882339338112,0.9302,0.2965,0.001,0.0004,2,1.758018245928838,0.0,0.0,0.9302,0.8177,0.0,0.0,5,1.812791985029243,0.006452392340089401,0.0025882339338112,0.9302,0.3373,0.0012,0.0005,82.6,0.67,78.0,0.548,83.5,0.36,83.5,0.374,35.4,-0.525,26.8,-0.655,75.3,-0.093,71.6,-0.11,80.5,0.66,82.3,0.727,91.5,0.416,92.1,0.423,48.8,0.146,50.6,0.119,85.7,0.155,83.2,0.149,80.5,0.555,71.3,0.245,86.0,0.169,81.7,0.164,54.9,0.298,46.3,-0.121,81.4,-0.076,77.4,-0.08,90.2,1.303,80.5,0.505,93.9,1.161,94.5,1.32,52.7,0.394,34.8,-0.357,89.3,0.243,87.2,0.313,58.5,-0.132,75.0,0.434,27.7,-0.387,27.7,-0.385,53.7,0.265,92.7,1.231,32.0,-0.317,32.9,-0.295,72.9,0.711,56.7,0.01,84.8,0.573,84.8,0.603,37.2,-0.497,11.6,-1.071,81.4,0.052,76.8,0.095
8nnxi9lw3hso096kk81h0azh0,J. Talvitie,NAC Breda,Midfielder,2,0.9945378289918532,0.0004901458500752,0.0002979924635221,0.9233,0.4591,0.0002,0.0001,1,0.386570907561444,0.0,0.0,0.9233,0.3569,0.0,0.0,1,0.6079669214304091,0.0004901458500752,0.0002979924635221,0.9233,0.5613,0.0005,0.0003,1,0.6079669214304091,0.0004901458500752,0.0002979924635221,0.9233,0.5613,0.0005,0.0003,1,0.386570907561444,0.0,0.0,0.9233,0.3569,0.0,0.0,2,0.9945378289918532,0.0004901458500752,0.0002979924635221,0.9233,0.4591,0.0002,0.0001,35.7,-0.542,32.3,-0.598,53.7,-0.425,53.0,-0.403,15.2,-0.557,32.9,-0.487,58.8,-0.322,55.2,-0.317,34.5,-0.534,31.7,-0.662,30.5,-0.323,30.5,-0.323,30.5,0.131,34.8,-0.364,34.8,-0.357,34.8,-0.336,40.5,-0.449,49.4,-0.382,68.9,-0.317,68.3,-0.28,39.0,0.284,70.7,0.565,77.7,-0.174,77.4,-0.08,38.7,-0.466,43.3,-0.41,77.4,-0.209,75.6,-0.16,36.0,0.379,70.1,0.572,84.5,-0.023,84.5,0.152,34.8,-0.494,32.3,-0.628,27.7,-0.387,27.7,-0.385,32.9,0.249,38.4,-0.253,32.0,-0.317,32.9,-0.295,35.7,-0.655,32.3,-0.675,56.7,-0.421,56.1,-0.387,15.9,-0.528,34.1,-0.465,60.1,-0.326,57.0,-0.318
8p3x0sm735fru6nthc87pjrbo,Neville Ogidi Nwankwo,SC Telstar,Defender,12,4.05157504677703,0.0514365757576089,0.0145721540262483,1.8502,0.6247,0.0079,0.0022,6,2.21189565661033,0.0236894572051806,0.005977759328522,1.8502,0.6821,0.0073,0.0018,6,1.839679390166699,0.0277471185524283,0.0085943946977263,1.8502,0.5673,0.0086,0.0027,4,1.548439074841127,0.001295091519941,0.0007055716252833,1.2335,0.4775,0.0004,0.0002,8,2.503135971935902,0.0501414842376679,0.013866582400965,1.2335,0.3859,0.0077,0.0021,11,3.816150307476926,0.0290422100723693,0.0092999663230096,2.0352,0.7061,0.0054,0.0017,72.2,0.13,62.2,-0.048,93.3,1.819,89.6,1.473,93.3,2.002,85.9,0.801,95.6,2.326,94.8,1.732,69.6,0.082,63.0,0.009,93.3,1.534,88.1,1.067,89.6,1.337,81.5,0.898,96.3,2.289,95.6,1.787,72.2,0.173,62.2,-0.105,90.4,1.43,86.7,1.344,91.9,1.409,71.1,0.495,94.1,1.36,93.7,1.418,60.4,-0.16,57.0,-0.174,71.9,-0.263,73.3,-0.171,80.0,0.71,71.9,0.558,75.9,-0.144,79.3,-0.049,76.3,0.428,65.9,0.094,96.3,2.289,94.1,1.799,78.5,0.601,34.1,-0.39,94.1,1.737,93.7,1.192,95.6,1.981,92.6,1.526,93.3,1.636,92.6,1.706,96.3,2.208,87.4,1.251,91.1,1.222,90.0,1.131
8przxwwothu3crflys7ahl4dm,S. Adewoye,Fortuna Sittard,Defender,21,8.436685453699667,0.0204306973452614,0.007256522610888064,1.3791,0.554,0.0013,0.0005,12,4.240544096823617,0.0095147697480161,0.00326425723843,1.3791,0.4873,0.0011,0.0004,9,4.196141356876051,0.0109159275972453,0.003992265372458064,1.3791,0.643,0.0017,0.0006,10,3.529317484424391,0.0037156397813669,0.0017233902643775,1.0215,0.3605,0.0004,0.0002,11,4.907367969275277,0.0167150575638945,0.005533132346510564,1.2641,0.564,0.0019,0.0006,7,3.015990293468183,0.007630148745043898,0.002498114539828064,1.2871,0.5546,0.0014,0.0005,85.2,0.998,85.2,1.075,74.1,0.3,77.0,0.38,71.1,0.497,66.7,0.318,60.7,-0.172,65.2,-0.094,87.4,1.101,84.4,0.932,80.7,0.32,82.2,0.346,67.4,0.455,51.9,0.084,76.3,-0.038,75.2,0.004,81.5,0.77,85.9,1.096,72.6,0.178,73.3,0.286,76.3,0.495,81.5,0.831,69.6,-0.112,71.9,-0.075,83.3,0.919,82.2,0.75,83.0,0.025,83.7,0.208,68.1,0.271,46.7,0.018,75.9,-0.144,79.3,-0.049,83.3,1.001,87.4,1.315,72.6,0.344,75.6,0.347,80.7,0.709,83.7,0.731,69.6,-0.02,70.0,-0.06,74.4,0.53,77.0,0.765,65.9,-0.072,67.4,-0.029,64.4,0.147,71.1,0.318,63.3,-0.174,65.9,-0.102
8r3k1iuul274c0ha0vy90jys,A. Oehlers,FC Volendam,Midfielder,2,0.5706939618372856,0.0026243258658509,0.001277414655378,1.8679,0.533,0.0025,0.0012,0,0.0,0.0,0.0,0.0,0.0,0.0,0.0,2,0.5706939618372856,0.0026243258658509,0.001277414655378,1.8679,0.533,0.0025,0.0012,2,0.5706939618372856,0.0026243258658509,0.001277414655378,1.8679,0.533,0.0025,0.0012,0,0.0,0.0,0.0,0.0,0.0,0.0,0.0,2,0.5706939618372856,0.0026243258658509,0.001277414655378,1.8679,0.533,0.0025,0.0012,35.7,-0.542,16.5,-0.779,75.0,-0.144,72.6,-0.071,98.2,3.828,47.9,-0.104,87.8,0.555,93.0,0.825,9.5,-0.932,9.5,-0.966,30.5,-0.323,30.5,-0.323,9.5,-1.85,9.5,-1.564,34.8,-0.357,34.8,-0.336,61.0,-0.114,47.6,-0.408,82.9,0.042,81.1,0.157,99.4,2.125,64.0,0.472,88.4,0.478,89.9,0.769,61.6,-0.112,41.5,-0.437,89.6,0.281,89.6,0.473,100.0,2.478,62.8,0.473,93.6,1.039,96.6,1.602,9.5,-0.856,9.5,-0.927,27.7,-0.387,27.7,-0.385,9.5,-1.876,9.5,-1.403,32.0,-0.317,32.9,-0.295,35.7,-0.655,16.5,-1.03,77.4,-0.065,75.6,0.036,98.8,3.769,49.1,-0.098,86.9,0.543,93.3,0.817
8tqsvu5sw6kn014hdv88zppm1,N. Vesterlund,FC Utrecht,Defender,2,0.930590373674705,0.0305961095617285,0.013321545573019,0.9132,0.4249,0.014,0.0061,0,0.0,0.0,0.0,0.0,0.0,0.0,0.0,2,0.930590373674705,0.0305961095617285,0.013321545573019,0.9132,0.4249,0.014,0.0061,0,0.0,0.0,0.0,0.0,0.0,0.0,0.0,2,0.930590373674705,0.0305961095617285,0.013321545573019,0.9132,0.4249,0.014,0.0061,2,0.930590373674705,0.0305961095617285,0.013321545573019,0.9132,0.4249,0.014,0.0061,11.9,-0.834,13.3,-0.847,84.4,0.798,88.9,1.286,2.2,-0.991,31.1,-0.562,100.0,4.635,100.0,5.921,5.6,-0.937,5.6,-0.998,21.9,-0.495,21.9,-0.521,5.6,-2.127,5.6,-1.95,25.9,-0.451,26.7,-0.506,31.1,-0.624,34.1,-0.568,91.1,1.642,97.0,2.431,10.4,-0.408,43.7,-0.136,97.0,2.513,98.5,3.835,9.6,-0.879,9.6,-0.896,28.1,-0.417,28.1,-0.435,9.6,-1.849,9.6,-1.647,32.6,-0.301,33.0,-0.354,24.8,-0.719,25.9,-0.704,91.1,1.152,93.3,1.704,6.7,-0.527,43.0,-0.145,99.3,3.646,99.3,4.529,11.9,-1.285,13.3,-1.221,94.8,1.76,97.8,2.732,2.2,-0.883,38.5,-0.48,100.0,4.223,100.0,5.65
8u19xeh9ugvh8f1mh7jnbbhuc,K. Smit,Alkmaar Zaanstreek,Midfielder,3,1.994124088287614,0.0026752964904079,0.0025952281811102,0.9315,0.6192,0.0008,0.0008,2,1.716711055797699,0.0026752964904079,0.0025952281811102,0.9315,0.7996,0.0012,0.0012,1,0.277413032489915,0.0,0.0,0.9315,0.2584,0.0,0.0,2,1.716711055797699,0.0026752964904079,0.0025952281811102,0.9315,0.7996,0.0012,0.0012,1,0.277413032489915,0.0,0.0,0.9315,0.2584,0.0,0.0,3,1.994124088287614,0.0026752964904079,0.0025952281811102,0.9315,0.6192,0.0008,0.0008,51.2,-0.34,61.6,-0.17,75.6,-0.137,84.1,0.376,42.4,-0.519,66.5,0.344,75.3,-0.093,86.0,0.41,59.1,-0.136,75.0,0.383,90.2,0.321,93.9,1.17,54.9,0.149,87.2,1.124,89.3,0.52,96.0,1.602,40.5,-0.449,32.3,-0.61,27.1,-0.399,27.1,-0.413,60.7,0.3,35.4,-0.432,31.1,-0.337,31.7,-0.363,61.6,-0.112,76.2,0.368,90.2,0.293,95.1,1.325,57.6,0.397,90.2,1.408,90.9,0.349,96.6,1.602,34.8,-0.494,23.8,-0.713,27.7,-0.387,27.7,-0.385,60.1,0.268,25.0,-0.571,32.0,-0.317,32.9,-0.295,51.2,-0.2,64.0,0.162,78.0,-0.057,85.4,0.606,44.2,-0.491,69.5,0.331,76.2,-0.1,85.4,0.404
8y6kxc66t4hurxuz4m4cm388a,L. Oyen,SC Heerenveen,Midfielder,1,0.2548884468035003,0.0,0.0,0.9356,0.2385,0.0,0.0,1,0.2548884468035003,0.0,0.0,0.9356,0.2385,0.0,0.0,0,0.0,0.0,0.0,0.0,0.0,0.0,0.0,1,0.2548884468035003,0.0,0.0,0.9356,0.2385,0.0,0.0,0,0.0,0.0,0.0,0.0,0.0,0.0,0.0,1,0.2548884468035003,0.0,0.0,0.9356,0.2385,0.0,0.0,12.8,-0.744,2.4,-0.915,16.5,-0.489,16.5,-0.504,56.1,-0.499,3.0,-1.633,23.2,-0.398,24.4,-0.421,34.5,-0.534,22.6,-0.766,30.5,-0.323,30.5,-0.323,66.5,0.157,23.2,-0.762,34.8,-0.357,34.8,-0.336,13.4,-0.783,13.4,-0.802,27.1,-0.399,27.1,-0.413,13.4,-1.515,13.4,-1.282,31.1,-0.337,31.7,-0.363,38.7,-0.466,28.0,-0.658,30.2,-0.322,30.2,-0.352,73.8,0.406,29.3,-0.56,34.5,-0.289,35.1,-0.331,9.5,-0.856,9.5,-0.927,27.7,-0.387,27.7,-0.385,9.5,-1.876,9.5,-1.403,32.0,-0.317,32.9,-0.295,12.8,-1.11,2.4,-1.295,17.4,-0.502,17.4,-0.516,58.5,-0.472,3.0,-1.562,23.8,-0.402,25.3,-0.421
8ymqihdfqc7esda7y407lebx1,D. de Wit,FC Utrecht,Midfielder,7,3.61370237568151,0.0,0.0,0.9193,0.4746,0.0,0.0,2,1.197290513013438,0.0,0.0,0.9193,0.5504,0.0,0.0,5,2.416411862668073,0.0,0.0,0.9193,0.4443,0.0,0.0,1,0.9170062136752696,0.0,0.0,0.9193,0.843,0.0,0.0,6,2.696696162006241,0.0,0.0,0.9193,0.4132,0.0,0.0,5,3.019930144130648,0.0,0.0,0.9193,0.5553,0.0,0.0,78.7,0.468,76.2,0.524,16.5,-0.489,16.5,-0.504,7.9,-0.575,35.4,-0.407,23.2,-0.398,24.4,-0.421,59.1,-0.136,65.2,-0.025,30.5,-0.323,30.5,-0.323,23.2,0.123,57.0,0.286,34.8,-0.357,34.8,-0.336,86.6,0.889,85.4,0.866,27.1,-0.399,27.1,-0.413,32.3,0.277,55.5,0.18,31.1,-0.337,31.7,-0.363,38.7,-0.466,54.9,-0.194,30.2,-0.322,30.2,-0.352,28.0,0.37,93.3,1.56,34.5,-0.289,35.1,-0.331,90.9,1.314,89.6,1.161,27.7,-0.387,27.7,-0.385,25.6,0.24,47.0,-0.072,32.0,-0.317,32.9,-0.295,72.9,0.711,81.7,1.021,17.4,-0.502,17.4,-0.516,7.9,-0.546,55.8,0.013,23.8,-0.402,25.3,-0.421
8z4wdv767cv7ddqgrkz5txsrt,B. Kemper,NAC Breda,Defender,2,0.8206546608700407,0.02398312988654281,0.008661892667385773,0.9231,0.3788,0.0111,0.004,1,0.4595307447564586,1.027247916300655e-05,4.720520000271604e-06,0.9231,0.4242,0.0,0.0,1,0.361123916113582,0.0239728574073798,0.0086571721473855,0.9231,0.3333,0.0221,0.008,1,0.4595307447564586,1.027247916300655e-05,4.720520000271604e-06,0.9231,0.4242,0.0,0.0,1,0.361123916113582,0.0239728574073798,0.0086571721473855,0.9231,0.3333,0.0221,0.008,2,0.8206546608700407,0.02398312988654281,0.008661892667385773,0.9231,0.3788,0.0111,0.004,11.9,-0.834,9.6,-0.875,80.0,0.474,80.7,0.59,8.5,-0.96,20.7,-0.876,99.3,3.537,98.5,3.665,17.8,-0.767,20.7,-0.789,44.4,-0.494,43.7,-0.52,20.0,-0.399,39.3,-0.179,25.9,-0.451,26.7,-0.506,15.6,-0.823,14.8,-0.859,88.1,1.15,87.4,1.358,20.4,-0.389,28.1,-0.542,99.3,4.242,99.3,5.186,26.3,-0.699,29.6,-0.682,56.3,-0.415,56.3,-0.433,32.6,0.066,57.8,0.312,32.6,-0.301,33.0,-0.354,9.3,-0.911,8.1,-0.993,86.7,0.767,87.4,0.891,18.1,-0.492,18.5,-0.722,100.0,6.1,100.0,6.115,11.9,-1.285,9.6,-1.326,90.4,1.232,91.1,1.543,10.0,-0.855,24.4,-0.764,99.3,3.211,98.5,3.493
913pg8qqcjp99h5fjybbenob9,P. Sandler,Nijmegen Eendracht Combinatie,Defender,19,6.198524020861903,0.0141010667737364,0.0047130635957423,1.253,0.4088,0.0009,0.0003,10,3.300493541991896,0.0141010667737364,0.0047130635957423,1.319,0.4353,0.0019,0.0006,9,2.898030478870007,0.0,0.0,1.1871,0.3822,0.0,0.0,10,2.803045812607211,0.0,0.0,1.319,0.3697,0.0,0.0,9,3.395478208254692,0.0141010667737364,0.0047130635957423,1.0387,0.3919,0.0016,0.0005,7,1.935821174843755,0.0,0.0,1.2926,0.3575,0.0,0.0,82.6,0.805,77.0,0.502,65.9,-0.01,65.2,0.0,63.0,0.094,25.2,-0.672,56.3,-0.323,55.2,-0.309,83.7,0.761,77.8,0.504,85.9,0.713,84.4,0.731,64.4,0.342,40.7,-0.133,82.2,0.262,78.1,0.259,81.5,0.77,73.3,0.435,21.1,-0.634,21.1,-0.632,63.0,0.123,36.3,-0.325,22.6,-0.475,23.7,-0.501,83.3,0.919,73.3,0.411,28.1,-0.417,28.1,-0.435,85.9,0.888,48.9,0.06,32.6,-0.301,33.0,-0.354,79.3,0.619,76.3,0.547,71.1,0.192,69.6,0.204,60.7,-0.085,35.6,-0.353,65.6,-0.11,64.8,-0.143,74.4,0.53,42.2,-0.264,13.7,-0.681,13.7,-0.667,65.9,0.162,19.3,-0.895,16.3,-0.662,18.1,-0.615
9229789015kq0j5c85ug3ajv8,A. Lechkar,SC Telstar,Midfielder,1,0.7638843759754654,0.0,0.0,0.9231,0.7051,0.0,0.0,1,0.7638843759754654,0.0,0.0,0.9231,0.7051,0.0,0.0,0,0.0,0.0,0.0,0.0,0.0,0.0,0.0,0,0.0,0.0,0.0,0.0,0.0,0.0,0.0,1,0.7638843759754654,0.0,0.0,0.9231,0.7051,0.0,0.0,1,0.7638843759754654,0.0,0.0,0.9231,0.7051,0.0,0.0,12.8,-0.744,20.7,-0.697,16.5,-0.489,16.5,-0.504,14.6,-0.558,80.5,0.79,23.2,-0.398,24.4,-0.421,34.5,-0.534,39.0,-0.366,30.5,-0.323,30.5,-0.323,29.9,0.131,76.2,0.806,34.8,-0.357,34.8,-0.336,13.4,-0.783,13.4,-0.802,27.1,-0.399,27.1,-0.413,13.4,-1.515,13.4,-1.282,31.1,-0.337,31.7,-0.363,12.5,-0.82,12.5,-0.837,30.2,-0.322,30.2,-0.352,12.5,-1.672,12.5,-1.397,34.5,-0.289,35.1,-0.331,34.8,-0.494,43.9,-0.336,27.7,-0.387,27.7,-0.385,32.3,0.249,84.8,0.869,32.0,-0.317,32.9,-0.295,12.8,-1.11,20.7,-0.868,17.4,-0.502,17.4,-0.516,15.2,-0.529,78.7,0.758,23.8,-0.402,25.3,-0.421
94b7i139jyk6hs6ioqlztg1jp,F. Stokkers,Go Ahead Eagles,Forward,1,0.5894530339700396,0.0013213376804697,0.0007788665046517,0.9349,0.5511,0.0012,0.0007,1,0.5894530339700396,0.0013213376804697,0.0007788665046517,0.9349,0.5511,0.0012,0.0007,0,0.0,0.0,0.0,0.0,0.0,0.0,0.0,0,0.0,0.0,0.0,0.0,0.0,0.0,0.0,1,0.5894530339700396,0.0013213376804697,0.0007788665046517,0.9349,0.5511,0.0012,0.0007,1,0.5894530339700396,0.0013213376804697,0.0007788665046517,0.9349,0.5511,0.0012,0.0007,14.7,-0.822,19.0,-0.744,75.9,0.048,79.3,0.186,60.3,-0.404,62.1,0.154,95.7,1.346,97.4,2.328,43.1,-0.4,46.6,-0.308,84.5,0.179,84.5,0.458,75.9,0.378,72.4,0.526,94.0,1.005,94.0,1.676,12.9,-0.946,12.9,-0.87,36.2,-0.332,36.2,-0.372,12.9,-1.557,12.9,-1.318,37.1,-0.48,37.9,-0.495,16.4,-0.897,16.4,-0.862,34.5,-0.345,34.5,-0.359,16.4,-1.43,16.4,-1.224,35.3,-0.423,37.9,-0.405,31.9,-0.537,41.4,-0.384,86.2,0.207,87.9,0.542,74.1,0.25,72.4,0.537,93.1,0.275,94.0,0.754,14.7,-1.084,19.0,-0.99,77.6,0.151,81.0,0.382,63.8,-0.37,65.5,0.197,96.6,1.402,97.4,2.381
969cpy2geokwer9gjapk7zj3e,R. Hillen,NAC Breda,Defender,19,7.155582412174343,0.0,0.0,1.4635,0.5512,0.0,0.0,7,2.223786350145482,0.0,0.0,1.0784,0.3426,0.0,0.0,12,4.93179606202886,0.0,0.0,1.8486,0.7597,0.0,0.0,9,3.435711349150888,0.0,0.0,1.6638,0.6351,0.0,0.0,10,3.719871063023454,0.0,0.0,1.1554,0.4298,0.0,0.0,8,2.692058347847134,0.0,0.0,1.4789,0.4977,0.0,0.0,82.6,0.805,80.0,0.747,10.4,-0.701,10.4,-0.703,80.7,0.766,65.9,0.299,11.9,-0.664,14.1,-0.631,74.4,0.252,63.7,0.014,21.9,-0.495,21.9,-0.521,50.4,-0.108,29.6,-0.52,25.9,-0.451,26.7,-0.506,89.3,1.367,90.4,1.472,21.1,-0.634,21.1,-0.632,91.1,1.406,91.1,1.348,22.6,-0.475,23.7,-0.501,81.1,0.739,80.7,0.706,28.1,-0.417,28.1,-0.435,97.0,1.603,92.6,1.286,32.6,-0.301,33.0,-0.354,81.1,0.81,79.3,0.712,15.2,-0.628,15.2,-0.618,71.9,0.326,46.7,-0.114,17.0,-0.595,17.4,-0.561,83.3,0.892,65.9,0.456,13.7,-0.681,13.7,-0.667,77.8,0.676,52.6,-0.032,16.3,-0.662,18.1,-0.615
96om2im2vd1621ajcexlyekno,T. van Gilst,Heracles Almelo,Midfielder,3,1.488313988545143,0.0036957861607811,0.0015016657894117,0.9315,0.4621,0.0011,0.0005,0,0.0,0.0,0.0,0.0,0.0,0.0,0.0,3,1.488313988545143,0.0036957861607811,0.0015016657894117,0.9315,0.4621,0.0011,0.0005,1,0.5774031487911792,0.0002803384358686,0.0001618682955977,0.9315,0.5378,0.0003,0.0002,2,0.9109108397539636,0.0034154477249125,0.001339797493814,0.9315,0.4242,0.0016,0.0006,3,1.488313988545143,0.0036957861607811,0.0015016657894117,0.9315,0.4621,0.0011,0.0005,51.2,-0.34,48.8,-0.386,81.1,-0.003,75.6,0.005,42.4,-0.519,34.1,-0.472,80.5,0.021,77.4,0.098,9.5,-0.932,9.5,-0.966,30.5,-0.323,30.5,-0.323,9.5,-1.85,9.5,-1.564,34.8,-0.357,34.8,-0.336,72.3,0.22,70.7,0.226,87.2,0.222,82.9,0.257,60.7,0.3,56.7,0.238,84.8,0.022,83.2,0.109,38.7,-0.466,42.1,-0.432,72.9,-0.257,72.6,-0.248,57.6,0.397,64.6,0.489,80.5,-0.129,81.4,-0.009,58.5,-0.132,52.4,-0.222,86.0,0.183,84.8,0.163,60.1,0.268,47.6,-0.036,86.0,0.258,85.4,0.182,51.2,-0.2,48.8,-0.262,82.9,0.113,78.0,0.133,44.2,-0.491,35.4,-0.45,80.2,0.014,76.8,0.095
987w8p2dsxd9tm1phv18g6pec,A. Sliti,Feyenoord Rotterdam,Midfielder,2,0.8433883895083856,0.0008966999027396,0.0003281050576114,1.8228,0.7687,0.0008,0.0003,2,0.8433883895083856,0.0008966999027396,0.0003281050576114,1.8228,0.7687,0.0008,0.0003,0,0.0,0.0,0.0,0.0,0.0,0.0,0.0,0,0.0,0.0,0.0,0.0,0.0,0.0,0.0,2,0.8433883895083856,0.0008966999027396,0.0003281050576114,1.8228,0.7687,0.0008,0.0003,2,0.8433883895083856,0.0008966999027396,0.0003281050576114,1.8228,0.7687,0.0008,0.0003,35.7,-0.542,23.2,-0.663,62.2,-0.371,54.9,-0.393,97.6,3.619,86.0,1.12,75.3,-0.093,71.6,-0.11,59.1,-0.136,41.5,-0.303,79.9,-0.107,75.0,-0.134,96.3,2.061,82.3,1.02,86.9,0.228,83.2,0.149,13.4,-0.783,13.4,-0.802,27.1,-0.399,27.1,-0.413,13.4,-1.515,13.4,-1.282,31.1,-0.337,31.7,-0.363,12.5,-0.82,12.5,-0.837,30.2,-0.322,30.2,-0.352,12.5,-1.672,12.5,-1.397,34.5,-0.289,35.1,-0.331,58.5,-0.132,45.7,-0.274,79.9,-0.237,72.0,-0.251,98.8,2.32,87.8,1.074,82.0,-0.029,79.9,-0.056,35.7,-0.655,23.2,-0.802,64.6,-0.353,57.9,-0.374,97.6,3.564,82.3,1.075,76.2,-0.1,71.3,-0.111
98qi4clazqen9kimkxt3jb6j9,M. Peersman,FC Groningen,Defender,15,5.954758856137259,0.0001273222885526,5.463307307690546e-05,1.163,0.4617,0.0,0.0,7,2.987299907240102,0.0,0.0,1.6282,0.6948,0.0,0.0,8,2.967458948897157,0.0001273222885526,5.463307307690546e-05,0.9304,0.3451,0.0,0.0,7,2.544216382609575,0.0,0.0,1.0854,0.3945,0.0,0.0,8,3.410542473527684,0.0001273222885526,5.463307307690546e-05,0.9304,0.3966,0.0,0.0,6,2.800958992607757,0.0001273222885526,5.463307307690546e-05,1.1164,0.5212,0.0,0.0,76.3,0.419,75.6,0.439,23.7,-0.694,23.7,-0.695,53.3,-0.193,39.3,-0.311,11.9,-0.664,14.1,-0.631,74.4,0.252,74.8,0.362,21.9,-0.495,21.9,-0.521,83.7,0.921,83.7,0.951,25.9,-0.451,26.7,-0.506,78.9,0.571,74.1,0.47,45.2,-0.624,44.4,-0.619,30.7,-0.375,30.7,-0.489,22.6,-0.475,23.7,-0.501,75.9,0.38,71.1,0.29,28.1,-0.417,28.1,-0.435,71.1,0.403,51.9,0.175,32.6,-0.301,33.0,-0.354,76.3,0.428,77.0,0.555,33.3,-0.621,33.3,-0.608,30.4,-0.466,36.3,-0.323,17.0,-0.595,17.4,-0.561,60.4,0.167,71.9,0.56,31.1,-0.671,31.1,-0.653,48.1,-0.323,60.7,0.113,16.3,-0.662,18.1,-0.615
9ano8w4jrlk6zq92rxchzaru2,Miguel Rodríguez,FC Utrecht,Midfielder,2,1.483218540784208,8.413999815050366e-05,6.355148020950542e-05,0.9286,0.6887,0.0,0.0,2,1.483218540784208,8.413999815050366e-05,6.355148020950542e-05,0.9286,0.6887,0.0,0.0,0,0.0,0.0,0.0,0.0,0.0,0.0,0.0,1,0.7279121275866576,0.0,0.0,0.9286,0.676,0.0,0.0,1,0.7553064131975502,8.413999815050366e-05,6.355148020950542e-05,0.9286,0.7014,0.0001,0.0001,2,1.483218540784208,8.413999815050366e-05,6.355148020950542e-05,0.9286,0.6887,0.0,0.0,35.7,-0.542,48.2,-0.389,40.2,-0.478,42.7,-0.483,29.0,-0.532,77.4,0.705,23.2,-0.398,24.4,-0.421,59.1,-0.136,72.0,0.2,65.2,-0.303,65.9,-0.286,43.3,0.142,75.6,0.751,34.8,-0.357,34.8,-0.336,13.4,-0.783,13.4,-0.802,27.1,-0.399,27.1,-0.413,13.4,-1.515,13.4,-1.282,31.1,-0.337,31.7,-0.363,38.7,-0.466,48.2,-0.326,30.2,-0.322,30.2,-0.352,46.3,0.391,83.5,0.974,34.5,-0.289,35.1,-0.331,34.8,-0.494,42.7,-0.342,61.6,-0.373,62.8,-0.359,47.9,0.262,84.1,0.857,66.8,-0.281,70.4,-0.215,35.7,-0.655,48.2,-0.266,43.3,-0.488,45.7,-0.489,30.8,-0.504,76.2,0.677,23.8,-0.402,25.3,-0.421
9bgq1tfyfzc3wg9pfr8q510k4,D. Kwakman,FC Volendam,Midfielder,9,4.253861250443524,0.0136250727449284,0.0044207849429298,1.3935,0.6587,0.0021,0.0007,5,2.529017867359633,0.0004298609291655,0.0002502207483979,1.5484,0.7832,0.0001,0.0001,4,1.724843383083891,0.0131952118157629,0.0041705641945319,1.2387,0.5341,0.0041,0.0013,1,0.5820969793269085,0.0004298609291655,0.0002502207483979,0.929,0.5408,0.0004,0.0002,8,3.671764271116615,0.0131952118157629,0.0041705641945319,1.2387,0.5685,0.002,0.0006,7,3.177220246947019,0.0004298609291655,0.0002502207483979,1.3006,0.5903,0.0001,0.0,85.7,0.872,83.5,0.798,88.4,1.304,88.4,0.996,92.1,1.626,74.4,0.549,86.6,0.402,83.5,0.306,87.8,1.058,86.0,1.022,73.5,-0.22,73.2,-0.179,94.5,1.472,82.9,1.069,71.6,-0.284,73.2,-0.174,80.5,0.555,74.4,0.389,92.1,1.82,93.3,1.449,87.2,0.899,64.9,0.475,93.3,1.0,90.9,0.863,38.7,-0.466,42.7,-0.429,75.0,-0.223,73.8,-0.191,47.6,0.392,65.2,0.5,82.3,-0.076,81.4,-0.009,96.0,2.038,95.7,1.916,92.7,1.815,93.3,1.322,94.5,0.976,67.7,0.429,88.7,0.402,85.4,0.182,93.6,1.621,86.6,1.153,53.4,-0.431,54.9,-0.408,90.2,1.188,62.8,0.187,51.2,-0.364,25.3,-0.421
9d4ald4f0m2imaastzen4j8mi,O. Targhalline,Feyenoord Rotterdam,Midfielder,10,4.251519934446911,0.0008251322208045,0.0007368948866627,1.32,0.5612,0.0001,0.0001,3,1.133180054975882,0.0,0.0,1.386,0.5235,0.0,0.0,7,3.118339879471029,0.0008251322208045,0.0007368948866627,1.2936,0.5763,0.0002,0.0001,3,1.023540398558299,0.0,0.0,1.386,0.4729,0.0,0.0,7,3.227979535888612,0.0008251322208045,0.0007368948866627,1.078,0.4971,0.0001,0.0001,6,2.725463650387512,0.0008251322208045,0.0007368948866627,1.1088,0.5037,0.0002,0.0001,89.6,1.074,82.9,0.797,61.0,-0.381,66.5,-0.254,89.6,1.285,57.9,0.043,50.6,-0.36,55.2,-0.317,72.3,0.262,61.6,-0.075,30.5,-0.323,30.5,-0.323,92.1,1.124,53.7,0.196,34.8,-0.357,34.8,-0.336,94.2,1.558,91.5,1.351,75.0,-0.261,77.4,-0.084,90.9,1.006,73.8,0.614,70.1,-0.272,68.0,-0.268,74.1,0.242,60.4,-0.119,30.2,-0.322,30.2,-0.352,97.0,1.407,54.9,0.262,34.5,-0.289,35.1,-0.331,94.2,1.676,93.9,1.572,78.7,-0.249,80.5,-0.084,88.4,0.606,58.5,0.199,66.8,-0.281,70.4,-0.215,85.4,1.166,75.6,0.775,63.4,-0.365,69.5,-0.198,73.2,0.316,43.9,-0.243,60.1,-0.326,57.0,-0.318
9d4lofwg9ooaoldw2vpt4h36y,E. Linthorst,Go Ahead Eagles,Midfielder,8,3.85247867830145,4.606720214619942e-05,4.346189840100173e-05,1.0691,0.5148,0.0,0.0,5,2.74376488699489,4.606720214619942e-05,4.346189840100173e-05,1.1694,0.6417,0.0,0.0,3,1.10871379130656,0.0,0.0,0.9355,0.3457,0.0,0.0,5,1.661986220778472,0.0,0.0,0.9355,0.311,0.0,0.0,3,2.190492457522978,4.606720214619942e-05,4.346189840100173e-05,0.9355,0.6831,0.0,0.0,6,3.163904876775483,4.606720214619942e-05,4.346189840100173e-05,1.1226,0.592,0.0,0.0,82.6,0.67,79.3,0.626,36.0,-0.483,39.6,-0.49,72.0,0.12,43.9,-0.198,23.2,-0.398,24.4,-0.421,87.8,1.058,88.4,1.191,62.2,-0.312,64.0,-0.298,83.5,0.659,70.7,0.593,34.8,-0.357,34.8,-0.336,72.3,0.22,64.0,-0.036,27.1,-0.399,27.1,-0.413,73.2,0.308,44.5,-0.145,31.1,-0.337,31.7,-0.363,86.6,0.949,75.0,0.329,30.2,-0.322,30.2,-0.352,73.2,0.406,36.6,-0.306,34.5,-0.289,35.1,-0.331,72.6,0.229,84.8,0.769,60.4,-0.379,62.2,-0.368,75.6,0.278,82.9,0.798,32.0,-0.317,32.9,-0.295,85.4,1.166,85.4,1.142,37.8,-0.495,42.7,-0.498,79.3,0.379,63.4,0.196,23.8,-0.402,25.3,-0.421
9lctm8txbd4n87mk61lwa0rf9,S. Bakari,Sparta Rotterdam,Defender,4,1.760239623851418,0.0067840014461603,0.0003780117322522,1.2353,0.5436,0.0021,0.0001,3,0.8423938063866523,0.0067840014461603,0.0003780117322522,1.3897,0.3902,0.0031,0.0002,1,0.9178458174647656,0.0,0.0,0.9265,0.8504,0.0,0.0,3,1.396479305392442,0.0067840014461603,0.0003780117322522,0.9265,0.4313,0.0021,0.0001,1,0.3637603184589763,0.0,0.0,0.9265,0.337,0.0,0.0,4,1.760239623851418,0.0067840014461603,0.0003780117322522,1.2353,0.5436,0.0021,0.0001,28.9,-0.641,31.9,-0.634,57.8,-0.368,33.3,-0.647,61.5,0.038,60.7,0.247,73.3,0.131,35.9,-0.523,44.8,-0.428,31.1,-0.615,79.3,0.086,59.3,-0.42,71.1,0.475,33.3,-0.321,88.9,0.713,64.1,-0.251,15.6,-0.823,33.3,-0.575,21.1,-0.634,21.1,-0.632,24.1,-0.383,97.0,1.75,22.6,-0.475,23.7,-0.501,50.7,-0.34,53.3,-0.245,86.7,0.39,69.6,-0.294,35.9,0.073,63.0,0.345,91.9,0.524,70.4,-0.201,9.3,-0.911,8.9,-0.991,15.2,-0.628,15.2,-0.618,21.9,-0.48,23.0,-0.698,17.0,-0.595,17.4,-0.561,28.9,-0.559,37.0,-0.431,64.4,-0.14,44.4,-0.57,62.2,0.005,67.4,0.251,69.3,0.071,42.6,-0.513
9lixevzo8exxiia17altfw8ic,W. Goes,Alkmaar Zaanstreek,Goalkeeper,22,7.859260686394334,0.0504459754052314,0.0125897025594269,1.2838,0.4586,0.0029,0.0007,9,3.083514561353134,0.0348981965700961,0.008833167368832799,1.4005,0.4798,0.0054,0.0014,13,4.7757461250412,0.0155477788351353,0.0037565351905941,1.2138,0.4459,0.0015,0.0004,11,3.615797449886963,0.0311454907733697,0.0071772612001,1.027,0.3376,0.0029,0.0007,11,4.243463236507372,0.0193004846318617,0.005412441359326899,1.1412,0.4402,0.002,0.0006,7,3.618105927436467,0.0019457010235836,0.0013619016668729,1.3071,0.6756,0.0004,0.0003,95.3,1.818,90.6,1.681,93.8,1.28,96.9,2.659,84.4,0.695,93.8,1.215,78.1,-0.168,76.6,0.117,87.5,1.237,87.5,1.113,90.6,1.171,96.9,2.729,84.4,0.679,90.6,1.047,84.4,0.141,93.8,1.304,96.9,2.212,96.9,2.176,87.5,0.92,90.6,1.266,87.5,0.932,90.6,1.5,75.0,-0.17,75.0,-0.044,87.5,1.399,87.5,1.076,96.9,1.129,100.0,3.023,84.4,0.565,81.2,0.763,90.6,0.275,93.8,1.08,96.9,2.322,96.9,2.647,81.2,0.59,90.6,1.498,81.2,0.633,96.9,1.502,68.8,-0.244,68.8,-0.033,87.5,1.09,96.9,1.913,62.5,-0.396,65.6,-0.076,81.2,0.481,96.9,1.792,59.4,-0.45,65.6,-0.264
9najgqcaamqj0qtiicuq9hey,R. Meerveld,SC Heerenveen,Midfielder,4,3.258113469301476,0.002543150469354,0.002506591349967,0.9269,0.755,0.0006,0.0006,0,0.0,0.0,0.0,0.0,0.0,0.0,0.0,4,3.258113469301476,0.002543150469354,0.002506591349967,0.9269,0.755,0.0006,0.0006,2,1.362823788270438,0.0024298916512316,0.0023956499138613,0.9269,0.6316,0.0011,0.0011,2,1.895289681031038,0.0001132588181224,0.0001109414361057,0.9269,0.8784,0.0001,0.0001,4,3.258113469301476,0.002543150469354,0.002506591349967,0.9269,0.755,0.0006,0.0006,61.0,-0.138,74.4,0.372,73.8,-0.154,82.9,0.346,23.2,-0.54,84.8,1.049,70.4,-0.169,80.5,0.202,9.5,-0.932,9.5,-0.966,30.5,-0.323,30.5,-0.323,9.5,-1.85,9.5,-1.564,34.8,-0.357,34.8,-0.336,80.5,0.555,92.1,1.447,82.3,0.028,89.0,0.706,45.7,0.291,87.2,1.202,79.6,-0.141,85.4,0.203,61.6,-0.112,68.9,0.119,89.0,0.237,93.9,1.196,43.9,0.387,79.9,0.818,90.2,0.296,95.4,1.441,58.5,-0.132,77.4,0.54,64.6,-0.368,65.2,-0.34,41.5,0.258,97.0,1.427,66.8,-0.281,70.4,-0.215,61.0,0.255,88.4,1.221,76.2,-0.079,84.1,0.568,25.0,-0.512,81.7,1.007,71.6,-0.175,79.6,0.198
9nix5y8xcj34ps62r34udtqwa,K. Hlynsson,FC Twente,Midfielder,7,4.541740256569865,0.0,0.0,0.9296,0.6031,0.0,0.0,5,3.232381609733955,0.0,0.0,0.9296,0.6009,0.0,0.0,2,1.30935864683591,0.0,0.0,0.9296,0.6086,0.0,0.0,3,1.628955536095385,0.0,0.0,0.9296,0.5047,0.0,0.0,4,2.912784720474479,0.0,0.0,0.9296,0.6769,0.0,0.0,5,2.703386766991596,0.0,0.0,0.9296,0.5026,0.0,0.0,78.7,0.468,86.0,0.922,16.5,-0.489,16.5,-0.504,32.9,-0.527,63.4,0.26,23.2,-0.398,24.4,-0.421,87.8,1.058,93.3,1.575,30.5,-0.323,30.5,-0.323,46.3,0.145,64.6,0.456,34.8,-0.357,34.8,-0.336,61.0,-0.114,68.3,0.102,27.1,-0.399,27.1,-0.413,51.8,0.297,77.4,0.72,31.1,-0.337,31.7,-0.363,74.1,0.242,74.4,0.306,30.2,-0.322,30.2,-0.352,50.0,0.393,58.5,0.373,34.5,-0.289,35.1,-0.331,83.2,0.591,92.1,1.328,27.7,-0.387,27.7,-0.385,50.9,0.264,81.1,0.778,32.0,-0.317,32.9,-0.295,72.9,0.711,74.4,0.756,17.4,-0.502,17.4,-0.516,34.8,-0.499,43.3,-0.249,23.8,-0.402,25.3,-0.421
9q90ls3k1i2739wd6a20fku6t,V. Barkas,FC Utrecht,Goalkeeper,3,0.7088022489665314,0.0,0.0,0.9205,0.2175,0.0,0.0,3,0.7088022489665314,0.0,0.0,0.9205,0.2175,0.0,0.0,0,0.0,0.0,0.0,0.0,0.0,0.0,0.0,3,0.7088022489665314,0.0,0.0,0.9205,0.2175,0.0,0.0,0,0.0,0.0,0.0,0.0,0.0,0.0,0.0,3,0.7088022489665315,0.0,0.0,0.9205,0.2175,0.0,0.0,53.1,-0.397,62.5,-0.382,25.0,-0.573,25.0,-0.638,9.4,-0.626,37.5,-0.344,26.6,-0.505,26.6,-0.572,70.3,-0.12,68.8,-0.213,32.8,-0.467,32.8,-0.48,18.8,-0.23,40.6,-0.224,34.4,-0.408,34.4,-0.488,20.3,-0.628,20.3,-0.536,35.9,-0.527,35.9,-0.534,20.3,-1.19,20.3,-0.982,35.9,-0.37,35.9,-0.477,70.3,-0.099,75.0,-0.21,37.5,-0.292,37.5,-0.426,37.5,0.353,62.5,0.116,37.5,-0.285,37.5,-0.386,9.4,-0.822,9.4,-0.662,31.2,-0.538,31.2,-0.601,9.4,-2.078,9.4,-1.436,32.8,-0.482,32.8,-0.519,53.1,-0.278,62.5,-0.293,26.6,-0.472,26.6,-0.677,9.4,-0.592,37.5,-0.358,28.1,-0.496,28.1,-0.555
9tp35qqu1heburu0g5wa6jv56,Lucas Rosa,AFC Ajax,Defender,7,4.177057817915832,0.001587236769742,0.001326511558029069,1.0699,0.6384,0.0002,0.0002,2,0.6771165411752182,0.000187844308807,8.48371657350688e-05,0.9171,0.3105,0.0001,0.0,5,3.499941276740613,0.001399392460935,0.001241674392294,1.1463,0.8024,0.0003,0.0003,3,1.941040015027919,0.001399392460935,0.001241674392294,0.9171,0.5934,0.0004,0.0004,4,2.236017802887912,0.000187844308807,8.48371657350688e-05,0.9171,0.5126,0.0,0.0,6,3.862934826352193,0.001587236769742,0.001326511558029069,1.1005,0.7085,0.0003,0.0002,52.6,-0.352,63.7,-0.016,41.5,-0.623,48.9,-0.505,40.7,-0.491,88.9,0.894,34.4,-0.588,48.1,-0.416,31.9,-0.597,28.1,-0.69,51.1,-0.479,50.4,-0.498,14.1,-0.41,23.7,-0.654,53.7,-0.413,26.7,-0.506,64.8,-0.027,80.0,0.742,54.8,-0.53,63.7,-0.347,59.3,0.044,94.1,1.537,52.2,-0.411,63.0,-0.288,50.7,-0.34,65.2,0.009,73.3,-0.25,80.7,0.029,22.2,0.054,86.7,1.093,75.9,-0.144,86.7,0.257,50.7,-0.337,62.2,-0.041,34.1,-0.617,34.1,-0.603,8.9,-0.513,71.9,0.407,17.0,-0.595,17.4,-0.561,60.4,0.167,93.3,1.571,51.9,-0.554,60.7,-0.328,40.7,-0.367,89.6,1.265,46.7,-0.557,54.1,-0.41
9ugpnnovqttl8lguv7wdyiezu,S. Graves,PEC Zwolle,Goalkeeper,38,14.83357299480928,0.0421725703099274,0.01114001948772585,1.5489,0.6046,0.0017,0.0005,18,7.318906202901528,0.007035935357626808,0.002078563674101861,1.5341,0.6238,0.0006,0.0002,20,7.514666791907756,0.03513663495230059,0.009061455813623984,1.5625,0.5871,0.0027,0.0007,22,9.680632409063488,0.001986561132887108,0.001593858309381046,1.4732,0.6483,0.0001,0.0001,16,5.152940585745797,0.04018600917704029,0.0095461611783448,1.1538,0.3716,0.0029,0.0007,10,3.389709691616505,0.0001118890200737,6.054324660608493e-05,1.875,0.6356,0.0,0.0,100.0,3.683,100.0,3.694,87.5,0.976,93.8,2.28,90.6,1.658,96.9,2.16,64.1,-0.308,67.2,-0.08,100.0,3.273,100.0,3.479,78.1,-0.136,81.2,0.275,87.5,0.932,96.9,1.746,75.0,-0.347,76.6,-0.232,100.0,3.741,100.0,3.732,96.9,2.742,100.0,3.807,96.9,1.542,100.0,2.287,78.1,-0.01,81.2,0.281,100.0,3.459,100.0,3.76,84.4,-0.202,87.5,0.34,96.9,1.454,100.0,2.437,76.6,-0.266,78.1,-0.177,100.0,3.751,100.0,3.356,93.8,1.811,100.0,3.101,84.4,0.663,93.8,1.044,73.4,-0.136,73.4,0.048,96.9,2.117,93.8,1.74,53.1,-0.468,53.1,-0.651,96.9,2.055,93.8,1.604,28.1,-0.496,28.1,-0.555
9v212zfspaz9cmswudro21ous,O. Agougil,FC Utrecht,Midfielder,1,0.3835161072430522,0.0067711298733017,0.0025968373706458,0.9184,0.3522,0.0062,0.0024,0,0.0,0.0,0.0,0.0,0.0,0.0,0.0,1,0.3835161072430522,0.0067711298733017,0.0025968373706458,0.9184,0.3522,0.0062,0.0024,0,0.0,0.0,0.0,0.0,0.0,0.0,0.0,1,0.3835161072430522,0.0067711298733017,0.0025968373706458,0.9184,0.3522,0.0062,0.0024,1,0.3835161072430522,0.0067711298733017,0.0025968373706458,0.9184,0.3522,0.0062,0.0024,12.8,-0.744,10.4,-0.86,84.1,0.402,84.8,0.377,5.8,-0.579,14.6,-1.043,96.6,1.964,96.3,2.071,9.5,-0.932,9.5,-0.966,30.5,-0.323,30.5,-0.323,9.5,-1.85,9.5,-1.564,34.8,-0.357,34.8,-0.336,40.5,-0.449,39.6,-0.537,88.4,0.739,89.6,0.746,31.1,0.275,45.7,-0.123,95.7,1.685,97.0,1.9,12.5,-0.82,12.5,-0.837,30.2,-0.322,30.2,-0.352,12.5,-1.672,12.5,-1.397,34.5,-0.289,35.1,-0.331,34.8,-0.494,31.1,-0.63,88.4,0.743,88.4,0.678,24.7,0.238,37.8,-0.268,97.6,1.912,97.0,1.612,12.8,-1.11,10.4,-1.187,85.4,0.626,86.0,0.607,5.8,-0.55,16.5,-0.997,96.6,1.941,96.3,2.054
9vf02r3geinhsy732oxyrcacq,I. Saibari,PSV Eindhoven,Midfielder,3,2.115487666044841,0.0,0.0,0.935,0.6593,0.0,0.0,3,2.115487666044841,0.0,0.0,0.935,0.6593,0.0,0.0,0,0.0,0.0,0.0,0.0,0.0,0.0,0.0,2,1.18030953083183,0.0,0.0,0.935,0.5518,0.0,0.0,1,0.9351781352130102,0.0,0.0,0.935,0.8744,0.0,0.0,3,2.115487666044841,0.0,0.0,0.935,0.6593,0.0,0.0,51.2,-0.34,62.8,-0.118,16.5,-0.489,16.5,-0.504,55.5,-0.502,75.0,0.552,23.2,-0.398,24.4,-0.421,72.3,0.262,81.7,0.697,30.5,-0.323,30.5,-0.323,65.2,0.156,73.2,0.652,34.8,-0.357,34.8,-0.336,13.4,-0.783,13.4,-0.802,27.1,-0.399,27.1,-0.413,13.4,-1.515,13.4,-1.282,31.1,-0.337,31.7,-0.363,61.6,-0.112,65.9,-0.009,30.2,-0.322,30.2,-0.352,70.7,0.405,68.3,0.538,34.5,-0.289,35.1,-0.331,34.8,-0.494,54.3,-0.203,27.7,-0.387,27.7,-0.385,73.8,0.276,96.3,1.414,32.0,-0.317,32.9,-0.295,51.2,-0.2,65.9,0.264,17.4,-0.502,17.4,-0.516,57.3,-0.475,74.4,0.531,23.8,-0.402,25.3,-0.421
9wwud2tglhtdocmjgl2u5ib6c,T. Blokzijl,FC Groningen,Defender,55,22.88844006705543,0.0636112232776827,0.01940349505230491,1.7654,0.7347,0.002,0.0006,32,11.88227761326662,0.0564960140290054,0.0165706566295538,2.1277,0.79,0.0038,0.0011,23,11.00616245378881,0.007115209248677303,0.002832838422751107,1.4273,0.683,0.0004,0.0002,30,12.09531325680377,0.0013941486912297,0.0007324571312286,1.4698,0.5926,0.0001,0.0,25,10.79312681025166,0.062217074586453,0.01867103792107631,1.2248,0.5288,0.003,0.0009,12,4.112005848837297,0.0548246971941678,0.01482451101769265,2.234,0.7655,0.0102,0.0028,100.0,4.275,100.0,4.773,97.0,2.416,95.6,2.195,91.9,1.731,94.8,1.551,71.1,0.093,69.3,0.014,100.0,4.497,100.0,4.41,99.3,4.344,99.3,3.88,97.8,1.856,91.1,1.348,90.4,0.975,89.6,0.895,99.6,3.558,100.0,4.568,71.1,-0.104,71.9,0.019,81.5,0.589,85.9,1.008,54.4,-0.39,56.7,-0.359,100.0,4.515,100.0,4.744,72.6,-0.251,74.1,-0.161,91.9,1.201,85.9,1.09,65.9,-0.262,33.0,-0.354,100.0,3.678,100.0,4.301,98.5,2.992,97.0,2.637,77.8,0.571,76.3,0.509,77.0,0.314,78.1,0.19,98.9,2.344,97.0,1.808,99.3,3.692,99.3,3.115,98.5,2.755,94.1,1.616,96.3,2.897,96.3,2.26
9y5kirmp6gcrsy2s1pinhkqy2,L. Kulenović,Heracles Almelo,Forward,5,2.816132876493108,0.0,0.0,0.9358,0.5271,0.0,0.0,2,0.899455054383523,0.0,0.0,0.9358,0.4209,0.0,0.0,3,1.916677822109585,0.0,0.0,0.9358,0.5979,0.0,0.0,1,0.9890661135380976,0.0,0.0,0.9358,0.9256,0.0,0.0,4,1.827066762955011,0.0,0.0,0.9358,0.4275,0.0,0.0,5,2.816132876493108,0.0,0.0,0.9358,0.5271,0.0,0.0,78.4,0.458,81.0,0.635,23.3,-0.389,23.3,-0.523,63.8,-0.4,53.4,0.013,27.6,-0.405,29.3,-0.589,69.0,0.166,65.5,0.039,30.2,-0.292,30.2,-0.429,79.3,0.38,55.2,0.074,31.9,-0.338,35.3,-0.477,81.9,0.578,87.9,0.929,36.2,-0.332,36.2,-0.372,75.9,0.287,74.1,0.69,37.1,-0.48,37.9,-0.495,48.3,-0.332,70.7,0.159,34.5,-0.345,34.5,-0.359,82.8,0.53,100.0,1.928,35.3,-0.423,37.9,-0.405,90.5,1.102,89.7,0.911,32.8,-0.27,32.8,-0.394,77.6,0.253,55.2,0.035,33.6,-0.202,36.2,-0.294,82.8,1.084,89.7,1.455,23.3,-0.332,23.3,-0.519,67.2,-0.366,56.9,0.052,26.7,-0.388,29.3,-0.584
9zryne6aa951ltubvjo0gk12i,M. Ihattaren,Fortuna Sittard,Midfielder,4,1.898019793798478,0.0006860655792357,0.0003215887047569,0.9214,0.4372,0.0002,0.0001,1,0.0706333110471877,0.0,0.0,0.9214,0.0651,0.0,0.0,3,1.82738648275129,0.0006860655792357,0.0003215887047569,0.9214,0.5612,0.0002,0.0001,3,1.510086788172419,0.0006860655792357,0.0003215887047569,0.9214,0.4638,0.0002,0.0001,1,0.3879330056260583,0.0,0.0,0.9214,0.3574,0.0,0.0,4,1.898019793798478,0.0006860655792357,0.0003215887047569,0.9214,0.4372,0.0002,0.0001,61.0,-0.138,57.9,-0.211,59.1,-0.399,54.3,-0.395,11.6,-0.565,29.9,-0.601,58.8,-0.322,55.2,-0.317,34.5,-0.534,18.9,-0.91,30.5,-0.323,30.5,-0.323,26.2,0.127,18.9,-1.345,34.8,-0.357,34.8,-0.336,72.3,0.22,76.8,0.46,74.4,-0.284,68.9,-0.269,36.3,0.281,70.1,0.564,70.1,-0.272,68.0,-0.268,74.1,0.242,72.0,0.223,79.3,-0.164,76.8,-0.144,32.3,0.375,53.0,0.23,77.4,-0.182,74.7,-0.17,34.8,-0.494,32.9,-0.627,27.7,-0.387,27.7,-0.385,30.2,0.245,39.0,-0.252,32.0,-0.317,32.9,-0.295,61.0,0.255,59.8,0.082,61.6,-0.388,57.3,-0.377,12.2,-0.537,31.7,-0.574,60.1,-0.326,57.0,-0.318
a02jtmvlc1tlstvt96pa1hisq,D. Murkin,FC Utrecht,Defender,2,1.124263253020551,0.0,0.0,0.93,0.5228,0.0,0.0,0,0.0,0.0,0.0,0.0,0.0,0.0,0.0,2,1.124263253020551,0.0,0.0,0.93,0.5228,0.0,0.0,0,0.0,0.0,0.0,0.0,0.0,0.0,0.0,2,1.124263253020551,0.0,0.0,0.93,0.5228,0.0,0.0,2,1.124263253020551,0.0,0.0,0.93,0.5228,0.0,0.0,11.9,-0.834,18.5,-0.797,10.4,-0.701,10.4,-0.703,15.6,-0.938,54.1,0.106,11.9,-0.664,14.1,-0.631,5.6,-0.937,5.6,-0.998,21.9,-0.495,21.9,-0.521,5.6,-2.127,5.6,-1.95,25.9,-0.451,26.7,-0.506,31.1,-0.624,43.0,-0.47,21.1,-0.634,21.1,-0.632,29.3,-0.376,63.0,0.298,22.6,-0.475,23.7,-0.501,9.6,-0.879,9.6,-0.896,28.1,-0.417,28.1,-0.435,9.6,-1.849,9.6,-1.647,32.6,-0.301,33.0,-0.354,24.8,-0.719,31.9,-0.605,15.2,-0.628,15.2,-0.618,28.5,-0.468,74.1,0.471,17.0,-0.595,17.4,-0.561,11.9,-1.285,18.5,-1.036,13.7,-0.681,13.7,-0.667,17.0,-0.836,61.5,0.123,16.3,-0.662,18.1,-0.615
a185wef6iz1nun1wry40jcgoa,N. Ünüvar,FC Twente,Midfielder,1,0.5303970344803753,0.0,0.0,0.9294,0.493,0.0,0.0,1,0.5303970344803753,0.0,0.0,0.9294,0.493,0.0,0.0,0,0.0,0.0,0.0,0.0,0.0,0.0,0.0,0,0.0,0.0,0.0,0.0,0.0,0.0,0.0,1,0.5303970344803753,0.0,0.0,0.9294,0.493,0.0,0.0,1,0.5303970344803753,0.0,0.0,0.9294,0.493,0.0,0.0,12.8,-0.744,15.9,-0.797,16.5,-0.489,16.5,-0.504,32.3,-0.528,39.6,-0.311,23.2,-0.398,24.4,-0.421,34.5,-0.534,35.4,-0.549,30.5,-0.323,30.5,-0.323,45.7,0.144,48.2,0.093,34.8,-0.357,34.8,-0.336,13.4,-0.783,13.4,-0.802,27.1,-0.399,27.1,-0.413,13.4,-1.515,13.4,-1.282,31.1,-0.337,31.7,-0.363,12.5,-0.82,12.5,-0.837,30.2,-0.322,30.2,-0.352,12.5,-1.672,12.5,-1.397,34.5,-0.289,35.1,-0.331,34.8,-0.494,37.8,-0.517,27.7,-0.387,27.7,-0.385,50.0,0.263,57.3,0.185,32.0,-0.317,32.9,-0.295,12.8,-1.11,15.9,-1.064,17.4,-0.502,17.4,-0.516,34.1,-0.5,40.9,-0.297,23.8,-0.402,25.3,-0.421
a339o11ut8s1o9odm6ybc4pka,T. van den Belt,FC Twente,Midfielder,10,4.692039656672167,5.813191590969824e-05,4.221752256588085e-05,0.9302,0.4365,0.0,0.0,7,3.676078267241046,0.0,0.0,0.9302,0.4885,0.0,0.0,3,1.015961389431121,5.813191590969824e-05,4.221752256588085e-05,0.9302,0.315,0.0,0.0,4,1.483691026996092,0.0,0.0,0.9302,0.345,0.0,0.0,6,3.208348629676075,5.813191590969824e-05,4.221752256588085e-05,0.9302,0.4974,0.0,0.0,5,3.339050540989303,5.813191590969824e-05,4.221752256588085e-05,0.9302,0.6212,0.0,0.0,89.6,1.074,86.6,0.986,37.2,-0.481,37.8,-0.49,35.4,-0.525,29.3,-0.605,23.2,-0.398,24.4,-0.421,95.4,1.854,94.5,1.924,30.5,-0.323,30.5,-0.323,48.8,0.146,47.6,0.078,34.8,-0.357,34.8,-0.336,72.3,0.22,61.6,-0.1,57.9,-0.39,58.5,-0.394,54.9,0.298,39.0,-0.246,31.1,-0.337,31.7,-0.363,81.1,0.596,71.3,0.204,30.2,-0.322,30.2,-0.352,52.7,0.394,39.6,-0.187,34.5,-0.289,35.1,-0.331,90.9,1.314,93.3,1.557,61.0,-0.377,60.4,-0.368,53.7,0.265,59.5,0.199,32.0,-0.317,32.9,-0.295,72.9,0.711,90.9,1.289,39.0,-0.493,41.5,-0.498,37.2,-0.497,70.1,0.341,23.8,-0.402,25.3,-0.421
a3m4r77behilkcznll07b7d1x,C. Leemans,NAC Breda,Midfielder,5,1.893009629935193,0.0,0.0,0.9245,0.35,0.0,0.0,2,1.075337021428383,0.0,0.0,0.9245,0.497,0.0,0.0,3,0.8176726085068102,0.0,0.0,0.9245,0.252,0.0,0.0,4,1.625758796654539,0.0,0.0,0.9245,0.3757,0.0,0.0,1,0.267250833280654,0.0,0.0,0.9245,0.2471,0.0,0.0,5,1.893009629935193,0.0,0.0,0.9245,0.35,0.0,0.0,68.9,0.064,57.3,-0.213,16.5,-0.489,16.5,-0.504,17.4,-0.551,14.0,-1.054,23.2,-0.398,24.4,-0.421,59.1,-0.136,59.8,-0.121,30.5,-0.323,30.5,-0.323,33.2,0.134,48.8,0.107,34.8,-0.357,34.8,-0.336,72.3,0.22,56.1,-0.237,27.1,-0.399,27.1,-0.413,41.2,0.287,34.1,-0.453,31.1,-0.337,31.7,-0.363,81.1,0.596,73.8,0.304,30.2,-0.322,30.2,-0.352,39.3,0.382,45.1,-0.079,34.5,-0.289,35.1,-0.331,34.8,-0.494,23.2,-0.72,27.7,-0.387,27.7,-0.385,35.1,0.252,23.8,-0.607,32.0,-0.317,32.9,-0.295,72.9,0.711,59.1,0.077,17.4,-0.502,17.4,-0.516,18.6,-0.523,15.9,-1.008,23.8,-0.402,25.3,-0.421
a40zl71xh862o3qqxy89mp8q2,B. Klaverboer,SC Heerenveen,Goalkeeper,2,0.2611982376923928,0.0,0.0,0.9262,0.121,0.0,0.0,2,0.2611982376923928,0.0,0.0,0.9262,0.121,0.0,0.0,0,0.0,0.0,0.0,0.0,0.0,0.0,0.0,0,0.0,0.0,0.0,0.0,0.0,0.0,0.0,2,0.2611982376923928,0.0,0.0,0.9262,0.121,0.0,0.0,2,0.2611982376923928,0.0,0.0,0.9262,0.121,0.0,0.0,34.4,-0.514,18.8,-0.512,25.0,-0.573,25.0,-0.638,21.9,-0.605,12.5,-0.969,26.6,-0.505,26.6,-0.572,53.1,-0.346,40.6,-0.463,32.8,-0.467,32.8,-0.48,34.4,-0.22,21.9,-0.692,34.4,-0.408,34.4,-0.488,20.3,-0.628,20.3,-0.536,35.9,-0.527,35.9,-0.534,20.3,-1.19,20.3,-0.982,35.9,-0.37,35.9,-0.477,15.6,-0.661,15.6,-0.524,37.5,-0.292,37.5,-0.426,15.6,-1.481,15.6,-1.056,37.5,-0.285,37.5,-0.386,56.2,-0.25,43.8,-0.459,31.2,-0.538,31.2,-0.601,37.5,0.122,28.1,-0.628,32.8,-0.482,32.8,-0.519,34.4,-0.62,18.8,-0.633,26.6,-0.472,26.6,-0.677,21.9,-0.576,12.5,-0.811,28.1,-0.496,28.1,-0.555
a46irqckxabod18j2c0qfixre,K. Goudmijn,Go Ahead Eagles,Midfielder,1,0.4237872144797264,0.0,0.0,0.9387,0.3978,0.0,0.0,1,0.4237872144797264,0.0,0.0,0.9387,0.3978,0.0,0.0,0,0.0,0.0,0.0,0.0,0.0,0.0,0.0,1,0.4237872144797264,0.0,0.0,0.9387,0.3978,0.0,0.0,0,0.0,0.0,0.0,0.0,0.0,0.0,0.0,1,0.4237872144797264,0.0,0.0,0.9387,0.3978,0.0,0.0,12.8,-0.744,14.0,-0.842,16.5,-0.489,16.5,-0.504,64.6,-0.485,24.1,-0.806,23.2,-0.398,24.4,-0.421,34.5,-0.534,33.5,-0.633,30.5,-0.323,30.5,-0.323,73.8,0.164,39.0,-0.227,34.8,-0.357,34.8,-0.336,13.4,-0.783,13.4,-0.802,27.1,-0.399,27.1,-0.413,13.4,-1.515,13.4,-1.282,31.1,-0.337,31.7,-0.363,38.7,-0.466,37.8,-0.54,30.2,-0.322,30.2,-0.352,83.5,0.413,46.3,-0.002,34.5,-0.289,35.1,-0.331,9.5,-0.856,9.5,-0.927,27.7,-0.387,27.7,-0.385,9.5,-1.876,9.5,-1.403,32.0,-0.317,32.9,-0.295,12.8,-1.11,14.0,-1.153,17.4,-0.502,17.4,-0.516,67.7,-0.458,26.5,-0.77,23.8,-0.402,25.3,-0.421
a48j66n8bzz6ffcsyiodbfwq2,S. Maikuma,Alkmaar Zaanstreek,Defender,2,1.113875142368835,0.0016336200700269,0.0006414820936863,0.9417,0.5245,0.0008,0.0003,2,1.113875142368835,0.0016336200700269,0.0006414820936863,0.9417,0.5245,0.0008,0.0003,0,0.0,0.0,0.0,0.0,0.0,0.0,0.0,1,0.7211999387177563,0.0,0.0,0.9417,0.6792,0.0,0.0,1,0.3926752036510784,0.0016336200700269,0.0006414820936863,0.9417,0.3698,0.0015,0.0006,2,1.113875142368835,0.0016336200700269,0.0006414820936863,0.9417,0.5245,0.0008,0.0003,11.9,-0.834,15.6,-0.8,42.2,-0.621,37.8,-0.608,33.0,-0.9,54.8,0.117,55.2,-0.361,55.2,-0.309,31.9,-0.597,41.5,-0.491,65.2,-0.355,63.0,-0.35,48.9,-0.364,59.3,0.24,72.6,-0.151,70.7,-0.124,4.4,-1.022,4.4,-1.043,21.1,-0.634,21.1,-0.632,4.4,-2.18,4.4,-2.019,22.6,-0.475,23.7,-0.501,26.3,-0.699,39.3,-0.56,28.1,-0.417,28.1,-0.435,66.7,0.105,94.8,1.489,32.6,-0.301,33.0,-0.354,9.3,-0.911,11.1,-0.976,51.9,-0.533,46.7,-0.506,56.7,-0.427,31.1,-0.492,64.4,-0.141,70.0,-0.06,11.9,-1.285,15.6,-1.046,53.3,-0.551,49.6,-0.503,38.1,-0.804,62.2,0.133,61.1,-0.383,60.4,-0.307
a4qjllaut1bo0ng3x4xu5lq6t,A. Ayew,NAC Breda,Forward,5,1.420654460592803,0.0002872335888548,0.0001710406685397,0.925,0.2628,0.0001,0.0,3,0.9365848580973997,0.0002872335888548,0.0001710406685397,0.925,0.2888,0.0001,0.0001,2,0.4840696024954034,0.0,0.0,0.925,0.2239,0.0,0.0,1,0.5954758606805831,0.0002872335888548,0.0001710406685397,0.925,0.5508,0.0003,0.0002,4,0.8251785999122199,0.0,0.0,0.925,0.1908,0.0,0.0,5,1.420654460592803,0.0002872335888548,0.0001710406685397,0.925,0.2628,0.0001,0.0,78.4,0.458,55.2,-0.23,55.2,-0.294,56.9,-0.367,25.9,-0.448,5.2,-1.536,59.5,-0.259,29.3,-0.589,81.9,0.732,69.0,0.081,70.7,-0.189,72.4,-0.234,48.3,0.357,34.5,-0.385,68.1,-0.226,72.4,-0.17,64.7,0.07,44.8,-0.416,36.2,-0.332,36.2,-0.372,44.8,0.266,31.0,-0.566,37.1,-0.48,37.9,-0.495,48.3,-0.332,50.0,-0.247,77.6,-0.113,77.6,-0.11,51.7,0.508,70.7,0.651,87.1,0.377,87.9,0.573,90.5,1.102,51.7,-0.137,32.8,-0.27,32.8,-0.394,41.4,0.222,17.2,-0.926,33.6,-0.202,36.2,-0.294,82.8,1.084,55.2,-0.077,55.2,-0.227,56.9,-0.321,27.6,-0.414,5.2,-1.545,57.8,-0.239,29.3,-0.584
a76yp8gkkg6frtuhh3d6l46i,D. Proper,Nijmegen Eendracht Combinatie,Midfielder,2,1.215385638773719,0.0020756139395081,0.002040858007562,0.9205,0.5594,0.001,0.0009,0,0.0,0.0,0.0,0.0,0.0,0.0,0.0,2,1.215385638773719,0.0020756139395081,0.002040858007562,0.9205,0.5594,0.001,0.0009,0,0.0,0.0,0.0,0.0,0.0,0.0,0.0,2,1.215385638773719,0.0020756139395081,0.002040858007562,0.9205,0.5594,0.001,0.0009,2,1.215385638773719,0.0020756139395081,0.002040858007562,0.9205,0.5594,0.001,0.0009,35.7,-0.542,39.6,-0.503,70.7,-0.216,81.7,0.188,9.1,-0.57,57.3,0.033,79.0,-0.017,87.8,0.513,9.5,-0.932,9.5,-0.966,30.5,-0.323,30.5,-0.323,9.5,-1.85,9.5,-1.564,34.8,-0.357,34.8,-0.336,61.0,-0.114,65.2,0.037,80.5,-0.05,87.2,0.498,34.1,0.279,69.5,0.558,84.1,-0.011,87.5,0.486,12.5,-0.82,12.5,-0.837,30.2,-0.322,30.2,-0.352,12.5,-1.672,12.5,-1.397,34.5,-0.289,35.1,-0.331,58.5,-0.132,62.8,0.014,82.9,-0.04,87.2,0.45,28.0,0.243,66.5,0.399,84.8,0.043,89.6,0.421,35.7,-0.655,39.6,-0.49,74.4,-0.157,83.5,0.366,9.8,-0.541,57.9,0.034,79.0,-0.024,87.8,0.507
a7vlgirln231n3dqjhb72o0es,O. Aertssen,PEC Zwolle,Defender,7,3.141792130718532,0.0130894764130718,0.0055259912674423,1.3174,0.5913,0.0025,0.001,6,2.971235254889482,0.0130894764130718,0.0055259912674423,1.4115,0.699,0.0031,0.0013,1,0.17055687582905,0.0,0.0,0.941,0.1605,0.0,0.0,2,1.100191700744344,0.0,0.0,0.941,0.5176,0.0,0.0,5,2.041600429974189,0.0130894764130718,0.0055259912674423,1.1763,0.4803,0.0031,0.0013,7,3.141792130718532,0.0130894764130718,0.0055259912674423,1.3174,0.5913,0.0025,0.001,52.6,-0.352,58.5,-0.281,63.7,-0.059,68.9,0.122,67.4,0.3,77.0,0.573,76.3,0.282,82.2,0.443,69.6,0.082,73.3,0.354,83.7,0.626,86.7,0.947,76.3,0.516,84.4,0.968,88.9,0.713,92.2,1.15,15.6,-0.823,8.9,-0.956,21.1,-0.634,21.1,-0.632,51.9,-0.354,8.9,-1.307,22.6,-0.475,23.7,-0.501,39.3,-0.519,47.4,-0.383,28.1,-0.417,28.1,-0.435,65.9,0.103,76.3,0.743,32.6,-0.301,33.0,-0.354,60.0,-0.146,57.8,-0.14,68.9,0.133,74.8,0.345,75.6,0.4,61.5,0.204,78.5,0.344,84.1,0.524,74.4,0.53,83.0,0.884,71.9,0.363,80.7,0.743,71.9,0.231,77.8,0.544,71.1,0.21,78.5,0.412
aafz6q5ggn9e6m5hprc71lgph,M. van der Hoorn,FC Utrecht,Defender,32,10.74710496614336,0.06277852141230932,0.01784980382266371,1.6353,0.5492,0.0032,0.0009,18,6.440924581808495,0.04033816138298631,0.011466099581834,1.8398,0.6583,0.0041,0.0012,14,4.306180384334869,0.02244036002932301,0.006383704240829703,1.4309,0.4401,0.0023,0.0007,16,5.879552293289813,0.02246095862881541,0.006521190741393703,1.1322,0.416,0.0016,0.0005,16,4.867552672853551,0.0403175627834939,0.01132861308127,1.4718,0.4478,0.0037,0.001,9,2.999403794251065,0.01633348448135991,0.003953552498149603,1.6558,0.5518,0.003,0.0007,95.2,2.058,92.6,1.666,96.3,2.375,93.3,1.963,86.7,1.315,63.7,0.286,83.7,0.547,78.1,0.336,95.9,2.119,95.6,1.933,97.0,2.96,95.6,2.524,88.9,1.317,79.3,0.798,91.9,1.088,91.1,1.023,91.9,1.766,86.7,1.153,84.4,1.036,81.5,0.836,83.0,0.596,48.9,-0.068,73.3,0.016,74.8,-0.004,95.6,1.998,94.1,1.846,94.8,2.255,93.3,1.999,74.1,0.5,57.0,0.274,89.6,0.328,88.9,0.41,94.4,1.957,86.7,1.294,93.3,1.717,92.6,1.357,91.1,1.441,53.3,-0.001,81.5,0.526,80.0,0.274,88.9,1.255,75.6,0.749,76.3,0.622,73.3,0.342,85.9,1.163,70.4,0.301,74.1,0.385,70.7,0.103
aajft01g5yggw0is5fbfh3105,B. Nieuwkoop,Feyenoord Rotterdam,Defender,3,1.118439927738352,0.0007983047690495,0.0002919829115301,0.9195,0.3428,0.0002,0.0001,0,0.0,0.0,0.0,0.0,0.0,0.0,0.0,3,1.118439927738352,0.0007983047690495,0.0002919829115301,0.9195,0.3428,0.0002,0.0001,1,0.3872222161898238,0.0,0.0,0.9195,0.356,0.0,0.0,2,0.7312177115485285,0.0007983047690495,0.0002919829115301,0.9195,0.3362,0.0004,0.0001,3,1.118439927738352,0.0007983047690495,0.0002919829115301,0.9195,0.3428,0.0002,0.0001,20.4,-0.738,16.3,-0.798,32.6,-0.662,30.4,-0.66,6.7,-0.971,13.3,-1.122,34.4,-0.588,35.9,-0.523,5.6,-0.937,5.6,-0.998,21.9,-0.495,21.9,-0.521,5.6,-2.127,5.6,-1.95,25.9,-0.451,26.7,-0.506,44.8,-0.425,40.7,-0.472,51.1,-0.574,51.9,-0.565,16.3,-0.396,29.6,-0.499,49.6,-0.432,49.6,-0.43,26.3,-0.699,26.7,-0.715,28.1,-0.417,28.1,-0.435,25.2,0.059,45.9,-0.003,32.6,-0.301,33.0,-0.354,24.8,-0.719,20.7,-0.805,42.2,-0.582,40.0,-0.567,12.6,-0.505,21.9,-0.703,48.5,-0.474,40.4,-0.477,20.4,-0.922,16.3,-1.042,42.2,-0.617,40.7,-0.592,8.1,-0.865,14.8,-0.985,41.9,-0.592,42.6,-0.513
ab17bik4y8ilv3ahe50a81ixg,M. Meerdink,Alkmaar Zaanstreek,Forward,2,1.038979498661911,6.634453049959854e-05,1.937876001884787e-05,0.936,0.4862,0.0,0.0,1,0.2920928051328231,6.634453049959854e-05,1.937876001884787e-05,0.936,0.2734,0.0001,0.0,1,0.7468866935290875,0.0,0.0,0.936,0.6991,0.0,0.0,1,0.2920928051328231,6.634453049959854e-05,1.937876001884787e-05,0.936,0.2734,0.0001,0.0,1,0.7468866935290875,0.0,0.0,0.936,0.6991,0.0,0.0,2,1.038979498661911,6.634453049959854e-05,1.937876001884787e-05,0.936,0.4862,0.0,0.0,39.7,-0.502,41.4,-0.466,48.3,-0.367,48.3,-0.505,65.5,-0.399,44.8,-0.226,27.6,-0.405,29.3,-0.589,43.1,-0.4,27.6,-0.641,62.1,-0.268,63.8,-0.407,81.0,0.381,31.0,-0.438,68.1,-0.226,35.3,-0.477,38.8,-0.438,55.2,-0.169,36.2,-0.332,36.2,-0.372,77.6,0.288,86.2,1.029,37.1,-0.48,37.9,-0.495,48.3,-0.332,39.7,-0.561,69.0,-0.292,69.0,-0.331,84.5,0.531,39.7,-0.293,75.0,-0.156,37.9,-0.405,31.9,-0.537,48.3,-0.219,32.8,-0.27,32.8,-0.394,79.3,0.254,87.9,1.137,33.6,-0.202,36.2,-0.294,39.7,-0.542,41.4,-0.496,48.3,-0.308,48.3,-0.496,69.0,-0.365,44.8,-0.195,26.7,-0.388,29.3,-0.584
ac3lkaa1lkbsa82tfylq5zcb8,N. Lebreton,Nijmegen Eendracht Combinatie,Forward,10,4.917794523394808,0.003443187682692595,0.003207555094312127,1.3156,0.647,0.0005,0.0004,3,1.762813799185481,0.0020756139395081,0.0020365849330457,0.9209,0.5411,0.0006,0.0006,7,3.154980724209327,0.001367573743184495,0.001170970161266427,1.6116,0.7264,0.0003,0.0003,6,3.615389615055605,0.003443187682692595,0.003207555094312127,1.3814,0.8324,0.0008,0.0007,4,1.302404908339203,0.0,0.0,0.9209,0.2999,0.0,0.0,8,3.676858253940643,0.001367573743184495,0.001170970161266427,1.4735,0.6772,0.0003,0.0002,95.7,2.059,96.6,1.936,91.4,0.75,93.1,2.394,91.4,1.273,75.9,0.716,83.6,0.324,86.2,1.078,81.9,0.732,87.9,1.007,93.1,0.448,94.8,1.89,39.7,0.348,70.7,0.492,86.2,0.334,91.4,1.368,97.4,2.61,96.6,2.091,93.1,0.936,96.6,1.828,94.8,1.619,89.7,1.121,85.3,0.806,90.5,1.607,97.4,2.497,98.3,2.87,96.6,2.436,98.3,4.312,96.6,1.464,94.8,1.61,93.1,1.71,98.3,3.019,90.5,1.102,81.0,0.362,32.8,-0.27,32.8,-0.394,29.3,0.21,32.8,-0.483,33.6,-0.202,36.2,-0.294,100.0,2.71,100.0,2.4,79.3,0.168,89.7,0.836,94.8,2.015,86.2,0.959,76.7,0.059,76.7,0.263
aeqj9ogm0dntus0wl352w9z6y,C. Widell,SBV Excelsior,Defender,47,15.89832538637669,0.006714606880589595,0.002190089925313682,1.9024,0.6435,0.0003,0.0001,26,8.384484827881895,0.006412335028373295,0.001912721960975082,2.017,0.6505,0.0005,0.0001,21,7.513840558494794,0.0003022718522163,0.0002773679643386,1.7772,0.6359,0.0,0.0,23,7.839190926054815,0.0003491988369919942,0.0003081447367478817,1.2595,0.4293,0.0,0.0,24,8.059134460321873,0.006365408043597601,0.0018819451885658,1.4895,0.5002,0.0004,0.0001,13,3.798685756857179,0.0,0.0,2.4204,0.7073,0.0,0.0,99.3,3.504,98.5,2.984,57.0,-0.372,57.0,-0.376,97.8,2.168,89.6,0.929,39.3,-0.55,35.9,-0.523,99.3,3.478,97.8,2.818,77.8,0.054,75.6,-0.013,95.6,1.649,77.8,0.766,65.2,-0.263,57.0,-0.378,98.5,3.159,98.5,2.788,46.7,-0.611,48.9,-0.568,88.1,1.268,80.7,0.799,22.6,-0.475,23.7,-0.501,99.3,3.256,98.5,2.759,65.2,-0.375,67.4,-0.32,83.0,0.764,61.5,0.336,32.6,-0.301,33.0,-0.354,99.3,3.486,98.5,2.914,62.2,-0.258,60.7,-0.29,92.6,1.503,68.9,0.329,48.5,-0.474,40.4,-0.477,100.0,2.707,91.9,1.51,13.7,-0.681,13.7,-0.667,100.0,3.269,88.9,1.258,16.3,-0.662,18.1,-0.615
af5u44a3vud8ac2vjd8lcjp5g,J. van Ommeren,FC Utrecht,Midfielder,1,0.2830720987216001,0.0,0.0,0.9278,0.2626,0.0,0.0,0,0.0,0.0,0.0,0.0,0.0,0.0,0.0,1,0.2830720987216001,0.0,0.0,0.9278,0.2626,0.0,0.0,0,0.0,0.0,0.0,0.0,0.0,0.0,0.0,1,0.2830720987216001,0.0,0.0,0.9278,0.2626,0.0,0.0,1,0.2830720987216001,0.0,0.0,0.9278,0.2626,0.0,0.0,12.8,-0.744,4.9,-0.903,16.5,-0.489,16.5,-0.504,26.8,-0.536,5.5,-1.508,23.2,-0.398,24.4,-0.421,9.5,-0.932,9.5,-0.966,30.5,-0.323,30.5,-0.323,9.5,-1.85,9.5,-1.564,34.8,-0.357,34.8,-0.336,40.5,-0.449,33.5,-0.606,27.1,-0.399,27.1,-0.413,48.2,0.293,36.0,-0.418,31.1,-0.337,31.7,-0.363,12.5,-0.82,12.5,-0.837,30.2,-0.322,30.2,-0.352,12.5,-1.672,12.5,-1.397,34.5,-0.289,35.1,-0.331,34.8,-0.494,25.0,-0.708,27.7,-0.387,27.7,-0.385,45.7,0.26,25.6,-0.557,32.0,-0.317,32.9,-0.295,12.8,-1.11,4.9,-1.271,17.4,-0.502,17.4,-0.516,28.7,-0.508,5.5,-1.442,23.8,-0.402,25.3,-0.421
afdwdm1rkz1ir3c0tukfh3jhm,S. Čestić,Heracles Almelo,Defender,2,1.12160298219194,0.0,0.0,0.9417,0.5281,0.0,0.0,0,0.0,0.0,0.0,0.0,0.0,0.0,0.0,2,1.12160298219194,0.0,0.0,0.9417,0.5281,0.0,0.0,0,0.0,0.0,0.0,0.0,0.0,0.0,0.0,2,1.12160298219194,0.0,0.0,0.9417,0.5281,0.0,0.0,2,1.12160298219194,0.0,0.0,0.9417,0.5281,0.0,0.0,11.9,-0.834,17.8,-0.798,10.4,-0.701,10.4,-0.703,33.0,-0.9,56.3,0.142,11.9,-0.664,14.1,-0.631,5.6,-0.937,5.6,-0.998,21.9,-0.495,21.9,-0.521,5.6,-2.127,5.6,-1.95,25.9,-0.451,26.7,-0.506,31.1,-0.624,42.2,-0.471,21.1,-0.634,21.1,-0.632,52.6,-0.353,63.7,0.322,22.6,-0.475,23.7,-0.501,9.6,-0.879,9.6,-0.896,28.1,-0.417,28.1,-0.435,9.6,-1.849,9.6,-1.647,32.6,-0.301,33.0,-0.354,24.8,-0.719,31.1,-0.607,15.2,-0.628,15.2,-0.618,56.7,-0.427,74.8,0.505,17.0,-0.595,17.4,-0.561,11.9,-1.285,17.8,-1.039,13.7,-0.681,13.7,-0.667,38.1,-0.804,63.7,0.155,16.3,-0.662,18.1,-0.615
ahwtdhrerarmljk9bh0tcpk6i,S. Steijn,Feyenoord Rotterdam,Midfielder,2,0.8758554966652696,0.0,0.0,0.9306,0.4075,0.0,0.0,2,0.8758554966652696,0.0,0.0,0.9306,0.4075,0.0,0.0,0,0.0,0.0,0.0,0.0,0.0,0.0,0.0,1,0.3789390619797142,0.0,0.0,0.9306,0.3526,0.0,0.0,1,0.4969164346855554,0.0,0.0,0.9306,0.4624,0.0,0.0,2,0.8758554966652696,0.0,0.0,0.9306,0.4075,0.0,0.0,35.7,-0.542,26.2,-0.649,16.5,-0.489,16.5,-0.504,36.6,-0.523,25.6,-0.755,23.2,-0.398,24.4,-0.421,59.1,-0.136,46.3,-0.278,30.5,-0.323,30.5,-0.323,50.0,0.147,39.6,-0.194,34.8,-0.357,34.8,-0.336,13.4,-0.783,13.4,-0.802,27.1,-0.399,27.1,-0.413,13.4,-1.515,13.4,-1.282,31.1,-0.337,31.7,-0.363,38.7,-0.466,35.4,-0.571,30.2,-0.322,30.2,-0.352,53.7,0.395,41.5,-0.16,34.5,-0.289,35.1,-0.331,34.8,-0.494,36.6,-0.543,27.7,-0.387,27.7,-0.385,54.9,0.266,53.0,0.087,32.0,-0.317,32.9,-0.295,35.7,-0.655,26.2,-0.775,17.4,-0.502,17.4,-0.516,38.4,-0.495,27.4,-0.722,23.8,-0.402,25.3,-0.421
ait187bpr8we72jvfxxt6ttjp,M. te Wierik,Heracles Almelo,Defender,9,2.919101805420449,0.0238191260778917,0.0068790185493135,1.0477,0.3398,0.0028,0.0008,5,1.67250233592225,0.0238191260778917,0.0068790185493135,1.1642,0.3894,0.0055,0.0016,4,1.246599469498199,0.0,0.0,0.9313,0.2902,0.0,0.0,5,1.748719336047035,0.0014247603926521,0.000781039460618,0.9313,0.3257,0.0003,0.0001,4,1.170382469373414,0.0223943656852396,0.0060979790886955,0.9313,0.2725,0.0052,0.0014,6,1.863757176805039,0.0238191260778917,0.0068790185493135,1.1176,0.3472,0.0044,0.0013,60.0,-0.159,52.6,-0.338,77.0,0.466,75.6,0.324,37.8,-0.562,11.9,-1.142,78.9,0.396,74.8,0.228,62.6,-0.088,51.1,-0.237,94.1,1.545,89.6,1.306,55.6,0.053,32.6,-0.324,94.1,1.614,93.3,1.532,55.2,-0.226,48.1,-0.407,21.1,-0.634,21.1,-0.632,34.8,-0.373,20.0,-0.733,22.6,-0.475,23.7,-0.501,66.7,0.02,62.2,-0.08,74.1,-0.247,75.6,-0.143,48.9,0.083,38.5,-0.143,73.0,-0.183,70.4,-0.201,50.7,-0.337,35.6,-0.582,81.5,0.675,80.0,0.445,34.8,-0.463,7.4,-1.104,90.0,0.98,86.3,0.608,60.4,0.167,40.7,-0.332,88.9,1.219,88.1,1.088,51.1,-0.32,15.6,-0.958,86.3,0.873,86.7,0.72
ajs5py826pvol60tokraxrpey,D. Bielica,NAC Breda,Goalkeeper,2,0.5139414358004318,0.0,0.0,0.9238,0.2374,0.0,0.0,1,0.2503721927626869,0.0,0.0,0.9238,0.2313,0.0,0.0,1,0.2635692430377449,0.0,0.0,0.9238,0.2435,0.0,0.0,0,0.0,0.0,0.0,0.0,0.0,0.0,0.0,2,0.5139414358004318,0.0,0.0,0.9238,0.2374,0.0,0.0,2,0.5139414358004318,0.0,0.0,0.9238,0.2374,0.0,0.0,34.4,-0.514,50.0,-0.439,25.0,-0.573,25.0,-0.638,18.8,-0.614,56.2,-0.216,26.6,-0.505,26.6,-0.572,26.6,-0.573,37.5,-0.469,32.8,-0.467,32.8,-0.48,28.1,-0.224,56.2,-0.157,34.4,-0.408,34.4,-0.488,50.0,-0.41,56.2,-0.386,35.9,-0.527,35.9,-0.534,43.8,0.425,68.8,0.374,35.9,-0.37,35.9,-0.477,15.6,-0.661,15.6,-0.524,37.5,-0.292,37.5,-0.426,15.6,-1.481,15.6,-1.056,37.5,-0.285,37.5,-0.386,56.2,-0.25,65.6,-0.262,31.2,-0.538,31.2,-0.601,28.1,0.116,56.2,0.148,32.8,-0.482,32.8,-0.519,34.4,-0.62,50.0,-0.441,26.6,-0.472,26.6,-0.677,18.8,-0.582,56.2,-0.265,28.1,-0.496,28.1,-0.555
aklhi0hr28nidjlkw1sokp785,A. Meijers,FC Volendam,Defender,1,0.6587221268775588,0.0,0.0,0.9474,0.6241,0.0,0.0,1,0.6587221268775588,0.0,0.0,0.9474,0.6241,0.0,0.0,0,0.0,0.0,0.0,0.0,0.0,0.0,0.0,0,0.0,0.0,0.0,0.0,0.0,0.0,0.0,1,0.6587221268775588,0.0,0.0,0.9474,0.6241,0.0,0.0,1,0.6587221268775588,0.0,0.0,0.9474,0.6241,0.0,0.0,4.1,-0.93,6.7,-0.916,10.4,-0.701,10.4,-0.703,34.1,-0.882,85.2,0.797,11.9,-0.664,14.1,-0.631,17.8,-0.767,27.4,-0.698,21.9,-0.495,21.9,-0.521,49.6,-0.353,74.8,0.655,25.9,-0.451,26.7,-0.506,4.4,-1.022,4.4,-1.043,21.1,-0.634,21.1,-0.632,4.4,-2.18,4.4,-2.019,22.6,-0.475,23.7,-0.501,9.6,-0.879,9.6,-0.896,28.1,-0.417,28.1,-0.435,9.6,-1.849,9.6,-1.647,32.6,-0.301,33.0,-0.354,9.3,-0.911,17.0,-0.841,15.2,-0.628,15.2,-0.618,58.5,-0.406,91.1,1.109,17.0,-0.595,17.4,-0.561,4.1,-1.648,6.7,-1.48,13.7,-0.681,13.7,-0.667,39.3,-0.788,81.5,0.746,16.3,-0.662,18.1,-0.615
al7bdbzd91zkuh6ilsvw3fsru,V. Sejk,SC Heerenveen,Forward,2,1.296467174546247,0.0006512550893272,0.0005468620812593,0.9189,0.5957,0.0003,0.0003,1,0.8397048871038039,0.0006512550893272,0.0005468620812593,0.9189,0.7716,0.0006,0.0005,1,0.4567622874424427,0.0,0.0,0.9189,0.4197,0.0,0.0,0,0.0,0.0,0.0,0.0,0.0,0.0,0.0,2,1.296467174546247,0.0006512550893272,0.0005468620812593,0.9189,0.5957,0.0003,0.0003,2,1.296467174546247,0.0006512550893272,0.0005468620812593,0.9189,0.5957,0.0003,0.0003,39.7,-0.502,50.0,-0.307,70.7,-0.174,75.9,-0.025,12.9,-0.475,72.4,0.415,76.7,0.033,81.9,0.661,43.1,-0.4,53.4,-0.028,81.0,-0.06,81.0,0.194,37.1,0.344,86.2,1.292,86.2,0.334,88.8,1.061,38.8,-0.438,41.4,-0.442,36.2,-0.332,36.2,-0.372,37.1,0.254,51.7,0.091,37.1,-0.48,37.9,-0.495,16.4,-0.897,16.4,-0.862,34.5,-0.345,34.5,-0.359,16.4,-1.43,16.4,-1.224,35.3,-0.423,37.9,-0.405,63.8,0.009,79.3,0.356,82.8,-0.035,82.8,0.263,26.7,0.204,79.3,0.718,82.8,-0.083,83.6,0.155,39.7,-0.542,50.0,-0.214,70.7,-0.094,75.9,0.114,12.9,-0.441,75.9,0.466,76.7,0.059,84.5,0.687
am19rcub89k9bleldiqps7845,S. van Gassel,SBV Excelsior,Goalkeeper,4,0.7146421990739832,0.040190733375657,0.0014245821602559,1.2407,0.2217,0.0125,0.0004,2,0.2387563714333654,0.040190733375657,0.0014245821602559,1.8611,0.2222,0.0374,0.0013,2,0.4758858276406178,0.0,0.0,0.9305,0.2214,0.0,0.0,1,0.1608595494799616,0.0,0.0,0.9305,0.1497,0.0,0.0,3,0.5537826495940216,0.040190733375657,0.0014245821602559,1.3958,0.2577,0.0187,0.0007,4,0.7146421990739832,0.040190733375657,0.0014245821602559,1.2407,0.2217,0.0125,0.0004,65.6,-0.28,65.6,-0.381,84.4,0.904,62.5,-0.265,81.2,0.538,40.6,-0.317,90.6,0.944,62.5,-0.178,53.1,-0.346,31.2,-0.476,93.8,1.42,78.1,0.037,96.9,1.552,43.8,-0.202,100.0,3.393,90.6,1.176,65.6,-0.191,71.9,-0.266,35.9,-0.527,35.9,-0.534,53.1,0.437,65.6,0.251,35.9,-0.37,35.9,-0.477,42.2,-0.474,37.5,-0.453,37.5,-0.292,37.5,-0.426,50.0,0.373,46.9,-0.249,37.5,-0.285,37.5,-0.386,75.0,0.036,68.8,-0.231,96.9,1.811,68.8,-0.048,93.8,1.238,65.6,0.284,90.6,1.75,73.4,0.048,65.6,0.064,65.6,-0.289,93.8,1.102,68.8,-0.048,75.0,0.296,40.6,-0.339,90.6,0.947,68.8,-0.167
aqnr6l3f02hx0soadunxbjcpg,J. Trenskow,SC Heerenveen,Midfielder,1,0.3862261655440833,0.0,0.0,0.9259,0.3576,0.0,0.0,1,0.3862261655440833,0.0,0.0,0.9259,0.3576,0.0,0.0,0,0.0,0.0,0.0,0.0,0.0,0.0,0.0,0,0.0,0.0,0.0,0.0,0.0,0.0,0.0,1,0.3862261655440833,0.0,0.0,0.9259,0.3576,0.0,0.0,1,0.3862261655440833,0.0,0.0,0.9259,0.3576,0.0,0.0,12.8,-0.744,11.0,-0.858,16.5,-0.489,16.5,-0.504,20.1,-0.545,17.1,-1.015,23.2,-0.398,24.4,-0.421,34.5,-0.534,31.1,-0.662,30.5,-0.323,30.5,-0.323,37.2,0.137,35.4,-0.362,34.8,-0.357,34.8,-0.336,13.4,-0.783,13.4,-0.802,27.1,-0.399,27.1,-0.413,13.4,-1.515,13.4,-1.282,31.1,-0.337,31.7,-0.363,12.5,-0.82,12.5,-0.837,30.2,-0.322,30.2,-0.352,12.5,-1.672,12.5,-1.397,34.5,-0.289,35.1,-0.331,34.8,-0.494,31.7,-0.628,27.7,-0.387,27.7,-0.385,39.0,0.255,39.6,-0.251,32.0,-0.317,32.9,-0.295,12.8,-1.11,11.0,-1.185,17.4,-0.502,17.4,-0.516,21.6,-0.516,18.9,-0.97,23.8,-0.402,25.3,-0.421
ar7llmzju08n8yrqu8xm1thck,O. Braude,SC Heerenveen,Defender,10,4.992825099598668,0.0202921336565592,0.0044957167572535,1.1583,0.5783,0.0024,0.0005,5,3.072186849399788,0.0,0.0,1.1583,0.7117,0.0,0.0,5,1.92063825019888,0.0202921336565592,0.0044957167572535,1.1583,0.445,0.0047,0.001,5,2.624282052989251,0.0,0.0,1.1583,0.608,0.0,0.0,5,2.368543046609417,0.0202921336565592,0.0044957167572535,0.9267,0.439,0.0038,0.0008,7,3.605134364612843,0.0202921336565592,0.0044957167572535,1.2973,0.6682,0.0038,0.0008,65.9,-0.063,71.9,0.193,72.6,0.294,64.4,-0.032,51.9,-0.208,72.6,0.484,75.2,0.244,65.2,-0.094,62.6,-0.088,76.3,0.4,21.9,-0.495,21.9,-0.521,54.8,0.041,88.1,1.021,25.9,-0.451,26.7,-0.506,64.8,-0.027,63.0,-0.064,79.3,0.876,74.1,0.402,60.0,0.067,50.4,-0.047,84.4,0.528,80.4,0.21,66.7,0.02,71.9,0.328,28.1,-0.417,28.1,-0.435,75.6,0.554,89.6,1.161,32.6,-0.301,33.0,-0.354,60.0,-0.146,63.7,0.026,77.0,0.552,68.9,0.166,23.3,-0.479,48.9,-0.056,82.6,0.556,75.6,0.107,74.4,0.53,89.6,1.326,83.0,0.938,76.3,0.48,67.4,0.175,85.2,1.017,79.6,0.664,72.6,0.206
ass524umdrpsq324wksaqef4k,M. Young,Sparta Rotterdam,Goalkeeper,21,8.20311738635958,0.0461822484981122,0.0131603935496256,1.1476,0.4483,0.0025,0.0007,10,3.69906649479306,0.0334444031581086,0.0105967861597661,1.1612,0.4296,0.0039,0.0012,11,4.50405089156652,0.0127378453400036,0.0025636073898595,1.1354,0.4649,0.0013,0.0003,15,5.96403686737756,0.0230347259304044,0.0069837418090305,0.9954,0.3958,0.0015,0.0005,6,2.23908051898202,0.0231475225677078,0.0061766517405951,0.929,0.3467,0.0036,0.001,7,2.856974449121664,0.0243125723347088,0.0069609495411233,1.3006,0.5308,0.0045,0.0013,90.6,1.701,93.8,1.78,90.6,1.124,100.0,2.809,71.9,0.2,87.5,1.149,71.9,-0.215,76.6,0.117,90.6,1.463,90.6,1.457,87.5,1.103,100.0,3.37,75.0,0.226,87.5,0.804,81.2,-0.012,87.5,1.048,93.8,1.775,93.8,2.022,81.2,0.658,81.2,0.694,84.4,0.795,93.8,1.606,71.9,-0.197,71.9,-0.152,96.9,2.148,96.9,2.115,90.6,0.759,96.9,2.93,81.2,0.502,90.6,1.077,87.5,0.005,87.5,0.661,85.9,0.893,90.6,1.084,90.6,0.815,93.8,1.794,46.9,0.129,87.5,0.878,78.1,-0.053,82.8,0.291,87.5,1.09,87.5,1.336,90.6,0.48,96.9,2.396,78.1,0.462,87.5,1.112,78.1,0.023,84.4,0.707
atbvv2os8m7nfs0p128w5a6l1,M. Seuntjens,FC Groningen,Midfielder,1,0.9296808059723556,0.0007616731920728,0.0007081129470937,0.9278,0.8626,0.0007,0.0007,1,0.9296808059723556,0.0007616731920728,0.0007081129470937,0.9278,0.8626,0.0007,0.0007,0,0.0,0.0,0.0,0.0,0.0,0.0,0.0,0,0.0,0.0,0.0,0.0,0.0,0.0,0.0,1,0.9296808059723556,0.0007616731920728,0.0007081129470937,0.9278,0.8626,0.0007,0.0007,1,0.9296808059723556,0.0007616731920728,0.0007081129470937,0.9278,0.8626,0.0007,0.0007,12.8,-0.744,29.9,-0.626,59.8,-0.389,65.2,-0.264,26.8,-0.536,95.1,1.608,72.9,-0.131,83.5,0.306,34.5,-0.534,51.2,-0.235,77.4,-0.14,85.4,0.084,41.8,0.141,94.5,1.336,85.7,0.155,91.2,0.795,13.4,-0.783,13.4,-0.802,27.1,-0.399,27.1,-0.413,13.4,-1.515,13.4,-1.282,31.1,-0.337,31.7,-0.363,12.5,-0.82,12.5,-0.837,30.2,-0.322,30.2,-0.352,12.5,-1.672,12.5,-1.397,34.5,-0.289,35.1,-0.331,34.8,-0.494,53.7,-0.207,76.8,-0.26,79.3,-0.095,45.7,0.26,95.1,1.376,81.1,-0.065,86.9,0.262,12.8,-1.11,29.9,-0.73,62.2,-0.376,68.3,-0.21,28.7,-0.508,93.9,1.542,73.8,-0.137,82.6,0.301
avyhrrfkeizd3za28ni67x82c,C. Hatenboer,SC Telstar,Midfielder,2,1.125306665674817,0.0,0.0,0.9291,0.5228,0.0,0.0,1,0.3954007231043397,0.0,0.0,0.9291,0.3674,0.0,0.0,1,0.7299059425704771,0.0,0.0,0.9291,0.6782,0.0,0.0,2,1.125306665674817,0.0,0.0,0.9291,0.5228,0.0,0.0,0,0.0,0.0,0.0,0.0,0.0,0.0,0.0,2,1.125306665674817,0.0,0.0,0.9291,0.5228,0.0,0.0,35.7,-0.542,36.6,-0.542,16.5,-0.489,16.5,-0.504,30.8,-0.53,45.1,-0.157,23.2,-0.398,24.4,-0.421,34.5,-0.534,32.3,-0.655,30.5,-0.323,30.5,-0.323,44.5,0.144,36.6,-0.329,34.8,-0.357,34.8,-0.336,40.5,-0.449,52.4,-0.298,27.1,-0.399,27.1,-0.413,50.3,0.296,81.7,0.949,31.1,-0.337,31.7,-0.363,61.6,-0.112,63.4,-0.047,30.2,-0.322,30.2,-0.352,48.5,0.392,61.0,0.437,34.5,-0.289,35.1,-0.331,9.5,-0.856,9.5,-0.927,27.7,-0.387,27.7,-0.385,9.5,-1.876,9.5,-1.403,32.0,-0.317,32.9,-0.295,35.7,-0.655,36.6,-0.566,17.4,-0.502,17.4,-0.516,32.6,-0.502,45.7,-0.148,23.8,-0.402,25.3,-0.421
awih1xkabe5o6afn6d85ilxw5,A. Noppert,SC Heerenveen,Goalkeeper,1,0.3067438190691348,0.0,0.0,0.9207,0.2824,0.0,0.0,1,0.3067438190691348,0.0,0.0,0.9207,0.2824,0.0,0.0,0,0.0,0.0,0.0,0.0,0.0,0.0,0.0,0,0.0,0.0,0.0,0.0,0.0,0.0,0.0,1,0.3067438190691348,0.0,0.0,0.9207,0.2824,0.0,0.0,1,0.3067438190691348,0.0,0.0,0.9207,0.2824,0.0,0.0,12.5,-0.63,25.0,-0.498,25.0,-0.573,25.0,-0.638,12.5,-0.625,65.6,0.075,26.6,-0.505,26.6,-0.572,26.6,-0.573,46.9,-0.438,32.8,-0.467,32.8,-0.48,21.9,-0.23,68.8,0.09,34.4,-0.408,34.4,-0.488,20.3,-0.628,20.3,-0.536,35.9,-0.527,35.9,-0.534,20.3,-1.19,20.3,-0.982,35.9,-0.37,35.9,-0.477,15.6,-0.661,15.6,-0.524,37.5,-0.292,37.5,-0.426,15.6,-1.481,15.6,-1.056,37.5,-0.285,37.5,-0.386,31.2,-0.536,46.9,-0.423,31.2,-0.538,31.2,-0.601,21.9,0.109,71.9,0.449,32.8,-0.482,32.8,-0.519,12.5,-0.962,25.0,-0.598,26.6,-0.472,26.6,-0.677,12.5,-0.591,68.8,-0.054,28.1,-0.496,28.1,-0.555
awsbedog2zaz7zpjucbcba82y,S. Shoretire,PEC Zwolle,Forward,1,0.887101960592423,0.0,0.0,0.9339,0.8284,0.0,0.0,1,0.887101960592423,0.0,0.0,0.9339,0.8284,0.0,0.0,0,0.0,0.0,0.0,0.0,0.0,0.0,0.0,1,0.887101960592423,0.0,0.0,0.9339,0.8284,0.0,0.0,0,0.0,0.0,0.0,0.0,0.0,0.0,0.0,1,0.887101960592423,0.0,0.0,0.9339,0.8284,0.0,0.0,14.7,-0.822,31.0,-0.56,23.3,-0.389,23.3,-0.523,51.7,-0.409,94.8,1.779,27.6,-0.405,29.3,-0.589,43.1,-0.4,60.3,0.026,30.2,-0.292,30.2,-0.429,67.2,0.376,91.4,1.49,31.9,-0.338,35.3,-0.477,12.9,-0.946,12.9,-0.87,36.2,-0.332,36.2,-0.372,12.9,-1.557,12.9,-1.318,37.1,-0.48,37.9,-0.495,48.3,-0.332,62.1,0.054,34.5,-0.345,34.5,-0.359,74.1,0.526,93.1,1.597,35.3,-0.423,37.9,-0.405,6.9,-1.083,6.9,-1.001,32.8,-0.27,32.8,-0.394,6.9,-2.461,6.9,-1.7,33.6,-0.202,36.2,-0.294,14.7,-1.084,31.0,-0.663,23.3,-0.332,23.3,-0.519,55.2,-0.375,94.8,1.872,26.7,-0.388,29.3,-0.584
b0me6l44boibnwpbtasxoy02x,S. Dest,PSV Eindhoven,Defender,9,2.918885615922457,0.0011821607328302,0.0005351113036492,1.0555,0.3423,0.0001,0.0001,7,2.507374030489919,0.0011821607328302,0.0005351113036492,1.0946,0.3921,0.0002,0.0001,2,0.4115115854325388,0.0,0.0,0.9382,0.193,0.0,0.0,3,0.7218436885368166,0.0,0.0,0.9382,0.2258,0.0,0.0,6,2.197041927385641,0.0011821607328302,0.0005351113036492,1.1259,0.4123,0.0002,0.0001,5,1.62862162759177,0.0011821607328302,0.0005351113036492,0.9382,0.3056,0.0002,0.0001,60.0,-0.159,51.9,-0.338,36.3,-0.643,36.3,-0.624,39.3,-0.537,12.6,-1.125,27.4,-0.626,35.9,-0.523,74.4,0.252,71.1,0.143,63.0,-0.394,61.5,-0.379,51.9,-0.078,34.1,-0.313,58.1,-0.376,57.0,-0.378,31.1,-0.624,17.0,-0.833,21.1,-0.634,21.1,-0.632,48.5,-0.36,10.4,-1.163,22.6,-0.475,23.7,-0.501,50.7,-0.34,40.0,-0.559,28.1,-0.417,28.1,-0.435,61.9,0.098,23.7,-0.604,32.6,-0.301,33.0,-0.354,67.0,0.045,60.7,-0.061,48.1,-0.559,45.2,-0.525,66.7,0.222,40.7,-0.224,39.6,-0.534,40.4,-0.477,42.2,-0.196,31.1,-0.556,46.7,-0.587,48.1,-0.53,35.2,-0.814,6.7,-1.214,41.9,-0.592,42.6,-0.513
b157xbo2jovsxkgr3wie3rip6,T. Baeten,Go Ahead Eagles,Midfielder,2,1.33644845236885,0.0004813347562041,0.0002163565923841,0.9395,0.6278,0.0002,0.0001,1,0.8869554756091221,0.0,0.0,0.9395,0.8333,0.0,0.0,1,0.4494929767597279,0.0004813347562041,0.0002163565923841,0.9395,0.4223,0.0005,0.0002,0,0.0,0.0,0.0,0.0,0.0,0.0,0.0,2,1.33644845236885,0.0004813347562041,0.0002163565923841,0.9395,0.6278,0.0002,0.0001,2,1.33644845236885,0.0004813347562041,0.0002163565923841,0.9395,0.6278,0.0002,0.0001,35.7,-0.542,44.5,-0.451,53.0,-0.426,50.0,-0.431,65.9,-0.481,67.7,0.389,58.8,-0.322,55.2,-0.317,34.5,-0.534,47.0,-0.269,30.5,-0.323,30.5,-0.323,75.0,0.166,90.2,1.237,34.8,-0.357,34.8,-0.336,40.5,-0.449,42.1,-0.491,68.3,-0.318,66.5,-0.316,79.3,0.316,51.8,0.107,77.7,-0.174,73.8,-0.174,12.5,-0.82,12.5,-0.837,30.2,-0.322,30.2,-0.352,12.5,-1.672,12.5,-1.397,34.5,-0.289,35.1,-0.331,58.5,-0.132,66.5,0.108,71.3,-0.306,70.7,-0.297,83.5,0.287,75.9,0.62,73.2,-0.245,70.4,-0.215,35.7,-0.655,44.5,-0.389,56.1,-0.422,52.4,-0.423,68.9,-0.454,71.3,0.374,60.1,-0.326,57.0,-0.318
b23be312oxcbusvpjnnriukq2,Y. Oukili,Fortuna Sittard,Midfielder,3,1.045553783335899,0.0136318561868981,0.0039470621828213,0.9249,0.3223,0.0042,0.0012,3,1.045553783335899,0.0136318561868981,0.0039470621828213,0.9249,0.3223,0.0042,0.0012,0,0.0,0.0,0.0,0.0,0.0,0.0,0.0,0,0.0,0.0,0.0,0.0,0.0,0.0,0.0,3,1.045553783335899,0.0136318561868981,0.0039470621828213,0.9249,0.3223,0.0042,0.0012,3,1.045553783335899,0.0136318561868981,0.0039470621828213,0.9249,0.3223,0.0042,0.0012,51.2,-0.34,35.4,-0.576,89.0,1.304,87.8,0.835,18.3,-0.549,9.1,-1.198,93.9,1.202,93.0,0.825,72.3,0.262,58.5,-0.144,97.6,2.96,95.1,1.948,34.1,0.135,29.9,-0.481,97.6,2.712,96.0,1.602,13.4,-0.783,13.4,-0.802,27.1,-0.399,27.1,-0.413,13.4,-1.515,13.4,-1.282,31.1,-0.337,31.7,-0.363,12.5,-0.82,12.5,-0.837,30.2,-0.322,30.2,-0.352,12.5,-1.672,12.5,-1.397,34.5,-0.289,35.1,-0.331,72.6,0.229,59.1,-0.118,93.9,1.888,92.1,1.23,36.0,0.253,31.7,-0.365,95.1,1.193,92.7,0.659,51.2,-0.2,35.4,-0.633,91.5,1.769,89.6,1.191,19.5,-0.521,9.8,-1.146,93.3,1.185,93.3,0.817
b2a5syitl1nb5ky04j7pdq09h,J. Willems,Nijmegen Eendracht Combinatie,Defender,1,0.3329045070607516,0.0,0.0,0.8985,0.2991,0.0,0.0,1,0.3329045070607516,0.0,0.0,0.8985,0.2991,0.0,0.0,0,0.0,0.0,0.0,0.0,0.0,0.0,0.0,0,0.0,0.0,0.0,0.0,0.0,0.0,0.0,1,0.3329045070607516,0.0,0.0,0.8985,0.2991,0.0,0.0,1,0.3329045070607516,0.0,0.0,0.8985,0.2991,0.0,0.0,4.1,-0.93,3.0,-1.0,10.4,-0.701,10.4,-0.703,1.5,-1.038,3.7,-1.42,11.9,-0.664,14.1,-0.631,17.8,-0.767,17.0,-0.847,21.9,-0.495,21.9,-0.521,11.9,-0.445,22.2,-0.701,25.9,-0.451,26.7,-0.506,4.4,-1.022,4.4,-1.043,21.1,-0.634,21.1,-0.632,4.4,-2.18,4.4,-2.019,22.6,-0.475,23.7,-0.501,9.6,-0.879,9.6,-0.896,28.1,-0.417,28.1,-0.435,9.6,-1.849,9.6,-1.647,32.6,-0.301,33.0,-0.354,9.3,-0.911,6.7,-1.007,15.2,-0.628,15.2,-0.618,4.4,-0.579,12.6,-0.937,17.0,-0.595,17.4,-0.561,4.1,-1.648,3.0,-1.79,13.7,-0.681,13.7,-0.667,1.5,-0.923,5.9,-1.254,16.3,-0.662,18.1,-0.615
b486fhu2s7pyi92yk1iczglp1,T. Kongolo,NAC Breda,Defender,3,2.290931493344128,0.0,0.0,1.3747,1.0498,0.0,0.0,0,0.0,0.0,0.0,0.0,0.0,0.0,0.0,3,2.290931493344128,0.0,0.0,1.3747,1.0498,0.0,0.0,0,0.0,0.0,0.0,0.0,0.0,0.0,0.0,3,2.290931493344128,0.0,0.0,1.3747,1.0498,0.0,0.0,3,2.290931493344128,0.0,0.0,1.3747,1.0498,0.0,0.0,20.4,-0.738,40.0,-0.498,10.4,-0.701,10.4,-0.703,70.4,0.483,99.3,3.7,11.9,-0.664,14.1,-0.631,5.6,-0.937,5.6,-0.998,21.9,-0.495,21.9,-0.521,5.6,-2.127,5.6,-1.95,25.9,-0.451,26.7,-0.506,44.8,-0.425,66.7,0.125,21.1,-0.634,21.1,-0.632,75.6,0.487,99.3,2.634,22.6,-0.475,23.7,-0.501,9.6,-0.879,9.6,-0.896,28.1,-0.417,28.1,-0.435,9.6,-1.849,9.6,-1.647,32.6,-0.301,33.0,-0.354,39.6,-0.528,63.0,-0.013,15.2,-0.628,15.2,-0.618,87.4,1.099,99.3,3.789,17.0,-0.595,17.4,-0.561,20.4,-0.922,54.1,0.074,13.7,-0.681,13.7,-0.667,73.3,0.389,99.3,3.366,16.3,-0.662,18.1,-0.615
b4efh7m2z28zc5gx250vvdzze,L. Nordås,SC Heerenveen,Forward,3,0.7682826513218473,0.0,0.0,0.9335,0.2391,0.0,0.0,0,0.0,0.0,0.0,0.0,0.0,0.0,0.0,3,0.7682826513218473,0.0,0.0,0.9335,0.2391,0.0,0.0,1,0.4589266796937074,0.0,0.0,0.9335,0.4284,0.0,0.0,2,0.3093559716281398,0.0,0.0,0.9335,0.1444,0.0,0.0,3,0.7682826513218473,0.0,0.0,0.9335,0.2391,0.0,0.0,57.8,-0.182,25.9,-0.634,23.3,-0.389,23.3,-0.523,47.4,-0.41,3.4,-1.675,27.6,-0.405,29.3,-0.589,12.9,-0.966,12.9,-0.969,30.2,-0.292,30.2,-0.429,12.9,-1.615,12.9,-1.388,31.9,-0.338,35.3,-0.477,81.9,0.578,58.6,-0.149,36.2,-0.332,36.2,-0.372,66.4,0.283,34.5,-0.515,37.1,-0.48,37.9,-0.495,48.3,-0.332,43.1,-0.388,34.5,-0.345,34.5,-0.359,70.7,0.525,50.0,0.235,35.3,-0.423,37.9,-0.405,63.8,0.009,22.4,-0.677,32.8,-0.27,32.8,-0.394,64.7,0.246,15.5,-1.114,33.6,-0.202,36.2,-0.294,57.8,0.0,25.9,-0.794,23.3,-0.332,23.3,-0.519,50.9,-0.376,3.4,-1.688,26.7,-0.388,29.3,-0.584
b5sf6wcogrvlwuwbd8xsyyfh1,J. van Overeem,SC Heerenveen,Midfielder,23,10.95835156092512,0.0009916357060463,0.0004871814162749068,1.4205,0.6768,0.0001,0.0,14,6.800724895035236,0.000129668872711,5.124363399210679e-05,1.297,0.63,0.0,0.0,9,4.157626665889888,0.0008619668333353,0.0004359377822828,1.6676,0.7704,0.0002,0.0001,14,5.954419184043616,0.0002514844715418,0.0001288239639959,1.4411,0.6129,0.0,0.0,9,5.003932376881507,0.0007401512345045,0.0003583574522790068,1.0422,0.5795,0.0001,0.0,7,3.156339140765025,0.0009916357060463,0.0004871814162749068,1.297,0.5848,0.0002,0.0001,98.5,3.702,98.8,3.67,64.6,-0.359,61.6,-0.339,93.3,1.751,76.2,0.643,50.6,-0.36,24.4,-0.421,100.0,4.64,100.0,4.38,67.4,-0.292,64.6,-0.294,90.2,0.933,70.1,0.554,34.8,-0.357,34.8,-0.336,96.6,2.227,96.3,2.068,75.6,-0.254,73.2,-0.218,97.0,1.735,89.0,1.253,70.1,-0.272,68.0,-0.268,99.4,4.134,98.8,3.342,70.7,-0.264,70.1,-0.269,98.2,1.53,73.8,0.753,34.5,-0.289,35.1,-0.331,97.6,2.399,99.4,2.948,76.2,-0.263,72.6,-0.239,86.6,0.523,68.3,0.464,66.8,-0.281,32.9,-0.295,93.6,1.621,84.8,1.136,67.1,-0.337,64.0,-0.306,89.0,1.172,62.2,0.16,60.1,-0.326,57.0,-0.318
b8ixf31bdyfqqcwoy4ulai73e,K. Fitz-Jim,AFC Ajax,Midfielder,3,1.771394992470207,0.0001001887062525,4.89730699008274e-05,0.9245,0.5459,0.0,0.0,1,0.9573552340276787,0.0,0.0,0.9245,0.885,0.0,0.0,2,0.8140397584425278,0.0001001887062525,4.89730699008274e-05,0.9245,0.3763,0.0,0.0,2,1.44616352123477,0.0001001887062525,4.89730699008274e-05,0.9245,0.6685,0.0,0.0,1,0.3252314712354363,0.0,0.0,0.9245,0.3007,0.0,0.0,3,1.771394992470207,0.0001001887062525,4.89730699008274e-05,0.9245,0.5459,0.0,0.0,51.2,-0.34,54.9,-0.265,42.1,-0.476,40.2,-0.488,17.4,-0.551,51.2,-0.037,23.2,-0.398,24.4,-0.421,34.5,-0.534,52.4,-0.213,30.5,-0.323,30.5,-0.323,33.2,0.134,97.0,1.411,34.8,-0.357,34.8,-0.336,61.0,-0.114,55.5,-0.24,59.8,-0.382,60.4,-0.391,41.2,0.287,48.8,-0.044,31.1,-0.337,31.7,-0.363,61.6,-0.112,70.7,0.178,67.1,-0.299,65.2,-0.321,39.3,0.382,82.9,0.948,34.5,-0.289,35.1,-0.331,34.8,-0.494,25.6,-0.675,27.7,-0.387,27.7,-0.385,35.1,0.252,26.8,-0.434,32.0,-0.317,32.9,-0.295,51.2,-0.2,55.5,-0.025,45.1,-0.486,43.3,-0.495,18.6,-0.523,52.4,-0.033,23.8,-0.402,25.3,-0.421
b94d67jluhh4076wp2se5fqsq,D. Kasius,Alkmaar Zaanstreek,Defender,4,2.044201432822485,0.0194276246016493,0.0051927168414328,0.9364,0.4785,0.0045,0.0012,3,1.783970876160817,0.0003082105095772,0.000217261069208,0.9364,0.5568,0.0001,0.0001,1,0.260230556661667,0.0191194140920721,0.0049754557722248,0.9364,0.2437,0.0179,0.0047,1,0.6319429373910196,0.0,0.0,0.9364,0.5917,0.0,0.0,3,1.412258495431465,0.0194276246016493,0.0051927168414328,0.9364,0.4408,0.0061,0.0016,4,2.044201432822484,0.0194276246016493,0.0051927168414328,0.9364,0.4785,0.0045,0.0012,28.9,-0.641,36.3,-0.562,69.6,0.251,66.7,0.072,25.9,-0.917,43.0,-0.197,90.4,1.039,87.0,0.658,44.8,-0.428,54.1,-0.186,51.9,-0.469,52.6,-0.463,40.7,-0.374,66.7,0.374,53.7,-0.413,57.0,-0.378,15.6,-0.823,11.9,-0.91,76.3,0.789,74.8,0.512,43.7,-0.363,14.1,-0.939,97.8,3.345,97.0,2.84,26.3,-0.699,37.8,-0.601,28.1,-0.417,28.1,-0.435,57.0,0.094,85.2,1.085,32.6,-0.301,33.0,-0.354,39.6,-0.528,43.7,-0.459,76.3,0.502,73.3,0.287,47.4,-0.445,51.1,-0.045,92.6,1.253,88.1,0.774,28.9,-0.559,45.2,-0.161,80.7,0.869,79.3,0.658,30.4,-0.819,47.4,-0.15,87.4,0.908,84.4,0.617
baakmd4ndnulbl9npvmq90mvp,D. Klaassen,AFC Ajax,Midfielder,10,3.867705435674484,0.002368387777135593,0.0007475851450789631,1.3111,0.5071,0.0003,0.0001,5,2.020579484448773,0.001984594050116293,0.0005440089468618631,1.1472,0.4636,0.0005,0.0001,5,1.84712595122571,0.0003837937270193,0.0002035761982171,1.5296,0.5651,0.0001,0.0001,4,1.701870996962716,0.0,0.0,1.2237,0.5206,0.0,0.0,6,2.165834438711767,0.002368387777135593,0.0007475851450789631,0.9178,0.3313,0.0004,0.0001,7,2.729817990719254,7.558321744219332e-05,3.708546586626317e-05,1.2849,0.5011,0.0,0.0,89.6,1.074,79.9,0.633,72.0,-0.177,67.1,-0.251,89.0,1.243,42.1,-0.238,63.7,-0.284,55.2,-0.317,87.8,1.058,79.9,0.622,89.0,0.155,80.5,-0.01,80.5,0.611,45.1,-0.006,81.7,0.008,73.2,-0.174,86.6,0.889,77.4,0.473,65.9,-0.335,65.9,-0.322,95.1,1.466,71.6,0.577,64.6,-0.304,68.0,-0.268,81.1,0.596,75.6,0.357,30.2,-0.322,30.2,-0.352,92.1,1.047,59.8,0.429,34.5,-0.289,35.1,-0.331,90.9,1.314,84.1,0.75,83.5,0.008,81.1,-0.079,23.5,0.237,33.5,-0.336,78.0,-0.173,70.4,-0.215,93.6,1.621,76.2,0.778,42.7,-0.49,40.9,-0.5,86.6,1.117,42.7,-0.256,23.8,-0.402,25.3,-0.421
badyafxn00m21tzbdff95o4k4,Y. Salah Rahmouni,Go Ahead Eagles,Midfielder,3,1.707659879898799,0.0002562046500701,0.000145952512169,0.9293,0.529,0.0001,0.0,2,1.137988282880024,0.0,0.0,0.9293,0.5288,0.0,0.0,1,0.5696715970187751,0.0002562046500701,0.000145952512169,0.9293,0.5294,0.0002,0.0001,1,0.5696715970187751,0.0002562046500701,0.000145952512169,0.9293,0.5294,0.0002,0.0001,2,1.137988282880024,0.0,0.0,0.9293,0.5288,0.0,0.0,3,1.707659879898799,0.0002562046500701,0.000145952512169,0.9293,0.529,0.0001,0.0,51.2,-0.34,52.4,-0.292,47.0,-0.455,47.6,-0.455,31.7,-0.529,46.3,-0.124,50.6,-0.36,24.4,-0.421,59.1,-0.136,62.2,-0.071,30.5,-0.323,30.5,-0.323,45.1,0.144,54.3,0.214,34.8,-0.357,34.8,-0.336,40.5,-0.449,47.0,-0.408,64.6,-0.356,64.6,-0.348,51.2,0.296,62.8,0.46,70.1,-0.272,68.0,-0.268,38.7,-0.466,40.9,-0.437,71.3,-0.263,71.3,-0.258,49.4,0.392,62.2,0.46,77.4,-0.182,74.7,-0.17,58.5,-0.132,62.2,-0.046,27.7,-0.387,27.7,-0.385,49.4,0.263,64.6,0.301,32.0,-0.317,32.9,-0.295,51.2,-0.2,53.0,-0.078,50.0,-0.46,50.6,-0.453,33.5,-0.501,47.6,-0.117,51.2,-0.364,25.3,-0.421
bdb33nwcpd2jufn9ggtl7gvzd,B. Lucassen,NAC Breda,Defender,5,2.478300526031792,0.0,0.0,0.9184,0.4552,0.0,0.0,2,0.9000945533084097,0.0,0.0,0.9184,0.4133,0.0,0.0,3,1.578205972723383,0.0,0.0,0.9184,0.4831,0.0,0.0,2,1.500856230564035,0.0,0.0,0.9184,0.6892,0.0,0.0,3,0.9774442954677571,0.0,0.0,0.9184,0.2992,0.0,0.0,5,2.478300526031792,0.0,0.0,0.9184,0.4552,0.0,0.0,36.7,-0.545,43.7,-0.45,10.4,-0.701,10.4,-0.703,5.2,-0.975,38.5,-0.355,11.9,-0.664,14.1,-0.631,31.9,-0.597,35.6,-0.588,21.9,-0.495,21.9,-0.521,15.6,-0.408,38.5,-0.225,25.9,-0.451,26.7,-0.506,44.8,-0.425,57.0,-0.238,21.1,-0.634,21.1,-0.632,14.1,-0.398,57.0,0.122,22.6,-0.475,23.7,-0.501,39.3,-0.519,56.3,-0.196,28.1,-0.417,28.1,-0.435,24.4,0.057,95.6,1.536,32.6,-0.301,33.0,-0.354,39.6,-0.528,28.1,-0.68,15.2,-0.628,15.2,-0.618,10.4,-0.509,13.3,-0.936,17.0,-0.595,17.4,-0.561,42.2,-0.196,60.0,0.253,13.7,-0.681,13.7,-0.667,5.2,-0.868,45.2,-0.294,16.3,-0.662,18.1,-0.615
bgzvhtk50gvmq6noheadmc34l,D. Odoi,NAC Breda,Defender,18,6.767147905702087,0.0,0.0,1.6647,0.6258,0.0,0.0,7,2.592941077135759,0.0,0.0,1.2948,0.4796,0.0,0.0,11,4.174206828566327,0.0,0.0,2.0346,0.7721,0.0,0.0,8,3.435561313167287,0.0,0.0,1.2331,0.5295,0.0,0.0,10,3.3315865925348,0.0,0.0,1.5414,0.5135,0.0,0.0,8,3.287627856721521,0.0,0.0,1.4797,0.6081,0.0,0.0,80.0,0.708,78.5,0.647,10.4,-0.701,10.4,-0.703,87.4,1.409,86.7,0.808,11.9,-0.664,14.1,-0.631,74.4,0.252,71.9,0.182,21.9,-0.495,21.9,-0.521,63.7,0.297,48.1,0.052,25.9,-0.451,26.7,-0.506,87.0,1.168,85.2,1.085,21.1,-0.634,21.1,-0.632,94.8,1.767,91.9,1.403,22.6,-0.475,23.7,-0.501,78.9,0.559,80.0,0.706,28.1,-0.417,28.1,-0.435,79.3,0.71,80.0,0.798,32.6,-0.301,33.0,-0.354,81.1,0.81,74.8,0.515,15.2,-0.628,15.2,-0.618,94.8,1.686,72.6,0.413,17.0,-0.595,17.4,-0.561,83.3,0.892,85.2,1.023,13.7,-0.681,13.7,-0.667,78.5,0.678,80.0,0.648,16.3,-0.662,18.1,-0.615
bm3k1knugkwa8z319dscr2yhg,T. Hernes,FC Groningen,Midfielder,2,1.030623384124278,0.0038283003278987,0.0009628544497027001,1.875,0.9662,0.0036,0.0009,2,1.030623384124278,0.0038283003278987,0.0009628544497027001,1.875,0.9662,0.0036,0.0009,0,0.0,0.0,0.0,0.0,0.0,0.0,0.0,1,0.2224621379613632,0.0036384373548414,0.0008094145527965,0.9375,0.2086,0.0034,0.0008,1,0.8081612461629153,0.0001898629730573,0.0001534398969062,0.9375,0.7577,0.0002,0.0001,2,1.030623384124278,0.0038283003278987,0.0009628544497027001,1.875,0.9662,0.0036,0.0009,35.7,-0.542,34.1,-0.582,82.3,0.015,70.1,-0.178,99.4,3.861,98.8,2.146,92.1,0.974,87.8,0.513,59.1,-0.136,56.7,-0.156,93.3,0.599,89.6,0.231,99.4,2.173,98.8,1.684,97.0,2.274,92.4,1.118,13.4,-0.783,13.4,-0.802,27.1,-0.399,27.1,-0.413,13.4,-1.515,13.4,-1.282,31.1,-0.337,31.7,-0.363,38.7,-0.466,26.2,-0.681,93.3,0.514,83.5,0.171,80.2,0.411,27.4,-0.665,96.3,1.517,91.8,0.958,34.8,-0.494,44.5,-0.302,65.9,-0.355,67.1,-0.323,79.6,0.282,86.6,1.038,73.2,-0.245,70.4,-0.215,35.7,-0.655,34.1,-0.645,84.1,0.136,72.6,-0.1,100.0,3.801,98.2,2.057,91.5,0.958,87.8,0.507
bmqg7owjivu1f3grdigkid0b9,J. Zoet,Alkmaar Zaanstreek,Goalkeeper,2,0.4810847113804017,0.0230572319408765,0.0048290355075645,0.9429,0.2268,0.0109,0.0023,2,0.4810847113804017,0.0230572319408765,0.0048290355075645,0.9429,0.2268,0.0109,0.0023,0,0.0,0.0,0.0,0.0,0.0,0.0,0.0,1,0.2716477971858819,0.0,0.0,0.9429,0.2561,0.0,0.0,1,0.2094369141945198,0.0230572319408765,0.0048290355075645,0.9429,0.1975,0.0217,0.0046,2,0.4810847113804017,0.0230572319408765,0.0048290355075645,0.9429,0.2268,0.0109,0.0023,34.4,-0.514,40.6,-0.448,78.1,0.274,81.2,0.627,59.4,-0.544,43.8,-0.284,87.5,0.759,93.8,1.693,53.1,-0.346,62.5,-0.34,84.4,0.616,90.6,1.274,71.9,-0.188,46.9,-0.179,90.6,0.7,96.9,2.455,20.3,-0.628,20.3,-0.536,35.9,-0.527,35.9,-0.534,20.3,-1.19,20.3,-0.982,35.9,-0.37,35.9,-0.477,42.2,-0.474,53.1,-0.404,37.5,-0.292,37.5,-0.426,78.1,0.397,65.6,0.324,37.5,-0.285,37.5,-0.386,31.2,-0.536,34.4,-0.499,87.5,0.81,87.5,1.272,71.9,0.162,40.6,-0.118,96.9,2.108,100.0,3.209,34.4,-0.62,40.6,-0.466,84.4,0.431,87.5,1.455,59.4,-0.529,43.8,-0.315,87.5,0.762,93.8,1.678
bn8dwm2y9a8i9a10rba3dmm3u,D. James,Go Ahead Eagles,Defender,4,2.183261733114464,0.0015785060128519,0.0008404305784738999,0.9371,0.5115,0.0004,0.0002,2,0.7233203034163123,0.0,0.0,0.9371,0.3389,0.0,0.0,2,1.459941429698151,0.0015785060128519,0.0008404305784738999,0.9371,0.6841,0.0007,0.0004,1,0.4242026027280102,0.0,0.0,0.9371,0.3975,0.0,0.0,3,1.759059130386453,0.0015785060128519,0.0008404305784738999,0.9371,0.5495,0.0005,0.0003,4,2.183261733114463,0.0015785060128519,0.0008404305784738999,0.9371,0.5115,0.0004,0.0002,28.9,-0.641,38.5,-0.526,40.7,-0.623,43.7,-0.578,26.7,-0.915,52.6,0.029,43.7,-0.512,48.1,-0.416,31.9,-0.597,30.4,-0.669,21.9,-0.495,21.9,-0.521,41.5,-0.373,28.1,-0.535,25.9,-0.451,26.7,-0.506,31.1,-0.624,54.8,-0.298,57.8,-0.516,58.5,-0.439,44.4,-0.362,86.7,1.013,61.5,-0.325,66.3,-0.217,26.3,-0.699,28.1,-0.698,28.1,-0.417,28.1,-0.435,57.8,0.095,53.7,0.189,32.6,-0.301,33.0,-0.354,39.6,-0.528,52.6,-0.283,51.1,-0.536,52.6,-0.472,49.6,-0.443,80.7,0.64,51.9,-0.444,54.1,-0.31,28.9,-0.559,51.9,-0.028,51.1,-0.555,54.1,-0.452,31.1,-0.817,58.5,0.053,50.4,-0.523,54.1,-0.41
bner5siqnwn1fqusfrgujt0fe,M. Bruns,FC Twente,Defender,7,2.167420464172422,0.0191613224911001,0.0058934590993975,1.074,0.3325,0.0029,0.0009,4,1.437796381359465,0.0,0.0,1.2274,0.4412,0.0,0.0,3,0.7296240828129571,0.0191613224911001,0.0058934590993975,0.9205,0.2239,0.0059,0.0018,4,1.257419356319503,0.0,0.0,0.9205,0.2894,0.0,0.0,3,0.9100011078529192,0.0191613224911001,0.0058934590993975,0.9205,0.2792,0.0059,0.0018,6,1.950369750604712,0.0191613224911001,0.0058934590993975,1.1046,0.3591,0.0035,0.0011,52.6,-0.352,37.8,-0.53,68.9,0.238,71.9,0.177,41.5,-0.478,8.1,-1.192,80.7,0.434,78.1,0.336,54.4,-0.258,48.1,-0.344,21.9,-0.495,21.9,-0.521,58.5,0.171,41.5,-0.108,25.9,-0.451,26.7,-0.506,44.8,-0.425,26.7,-0.671,77.0,0.792,79.3,0.723,18.1,-0.394,11.9,-1.026,88.1,0.784,87.4,0.778,60.4,-0.16,50.4,-0.31,28.1,-0.417,28.1,-0.435,27.8,0.061,34.1,-0.31,32.6,-0.301,33.0,-0.354,39.6,-0.528,25.2,-0.714,75.2,0.487,79.3,0.409,15.2,-0.501,8.9,-1.062,91.9,1.192,91.5,0.941,60.4,0.167,43.0,-0.25,78.5,0.848,85.2,0.837,43.7,-0.355,20.0,-0.885,76.3,0.559,81.5,0.514
bnkzwpd607re6s01oa77wcodm,J. Dahlhaus,Fortuna Sittard,Defender,10,4.540587082054132,0.0096975171910418,0.0053062976283888,1.024,0.465,0.001,0.0005,5,2.207687895578353,0.0029775683426242,0.0027139973488425,1.152,0.5087,0.0007,0.0006,5,2.332899186475779,0.0067199488484176,0.0025923002795463,0.9216,0.43,0.0012,0.0005,4,1.920580280507109,0.0029775683426242,0.0027139973488425,0.9216,0.4425,0.0007,0.0006,6,2.620006801547023,0.0067199488484176,0.0025923002795463,1.1059,0.4829,0.0012,0.0005,6,2.461363700442954,0.0,0.0,1.1059,0.4537,0.0,0.0,65.9,-0.063,65.9,0.077,61.5,-0.226,67.4,0.089,36.3,-0.637,41.5,-0.289,57.8,-0.285,65.2,-0.094,62.6,-0.088,61.5,0.007,71.1,-0.24,79.3,0.2,54.1,0.03,55.6,0.174,70.0,-0.188,78.1,0.259,64.8,-0.027,68.1,0.147,69.6,-0.134,70.4,-0.036,19.3,-0.392,46.7,-0.113,67.8,-0.219,69.3,-0.146,60.4,-0.16,64.4,0.0,80.0,-0.063,86.7,0.578,30.0,0.063,65.9,0.397,81.5,-0.026,89.6,0.563,67.0,0.045,69.6,0.154,63.7,-0.237,64.4,-0.166,65.2,0.152,62.2,0.22,60.7,-0.232,64.8,-0.143,60.4,0.167,59.3,0.237,13.7,-0.681,13.7,-0.667,44.8,-0.352,43.7,-0.303,16.3,-0.662,18.1,-0.615
bpprd2haoafk6y0rjans4iytx,K. Dolberg,AFC Ajax,Forward,5,2.413921745585554,0.0016760648226973,0.0010214778861802,1.148,0.5542,0.0004,0.0002,5,2.413921745585554,0.0016760648226973,0.0010214778861802,1.148,0.5542,0.0004,0.0002,0,0.0,0.0,0.0,0.0,0.0,0.0,0.0,3,1.67491907422219,0.0016760648226973,0.0010214778861802,0.9184,0.5127,0.0005,0.0003,2,0.7390026713633633,0.0,0.0,0.9184,0.3393,0.0,0.0,5,2.413921745585554,0.0016760648226973,0.0010214778861802,1.148,0.5542,0.0004,0.0002,78.4,0.458,79.3,0.385,86.2,0.165,86.2,0.406,84.5,0.535,63.8,0.172,80.2,0.179,76.7,0.244,94.8,1.863,93.1,1.737,91.4,0.306,87.9,0.734,93.1,0.833,74.1,0.537,81.9,0.11,78.4,0.138,12.9,-0.946,12.9,-0.87,36.2,-0.332,36.2,-0.372,12.9,-1.557,12.9,-1.318,37.1,-0.48,37.9,-0.495,81.9,0.8,86.2,0.867,94.8,1.009,93.1,1.129,43.1,0.494,65.5,0.522,90.5,0.91,92.2,1.063,63.8,0.009,44.8,-0.227,32.8,-0.27,32.8,-0.394,22.4,0.202,36.2,-0.323,33.6,-0.202,36.2,-0.294,82.8,1.084,79.3,1.013,89.7,0.281,87.9,0.663,87.9,0.573,67.2,0.215,84.5,0.208,76.7,0.263
brfa9yhy2llgt9l75unddogk,J. Mokio,AFC Ajax,Midfielder,12,5.94300818816863,0.005940130457905,0.0022463832172718,1.2192,0.6038,0.0006,0.0002,6,3.54783102313306,0.0,0.0,1.0972,0.6488,0.0,0.0,6,2.39517716503557,0.005940130457905,0.0022463832172718,1.3716,0.5475,0.0014,0.0005,5,2.643226401919459,0.0,0.0,1.143,0.6042,0.0,0.0,7,3.29978178624917,0.005940130457905,0.0022463832172718,1.0668,0.5029,0.0009,0.0003,8,4.346740868109045,0.0,0.0,1.463,0.7949,0.0,0.0,94.2,1.479,92.1,1.522,82.9,0.292,82.3,0.258,84.8,0.817,64.0,0.264,70.4,-0.169,65.5,-0.213,92.7,1.456,93.9,1.823,30.5,-0.323,30.5,-0.323,78.0,0.504,72.0,0.617,34.8,-0.357,34.8,-0.336,91.2,1.224,84.1,0.852,87.8,0.6,88.4,0.59,92.1,1.158,67.1,0.519,85.4,0.12,83.2,0.109,86.6,0.949,87.2,1.018,30.2,-0.322,30.2,-0.352,90.2,0.867,72.6,0.722,34.5,-0.289,35.1,-0.331,94.2,1.676,94.5,1.628,87.8,0.605,87.8,0.534,87.8,0.58,61.6,0.217,83.5,0.007,79.9,-0.056,97.6,2.077,95.7,2.133,17.4,-0.502,17.4,-0.516,93.3,1.927,86.0,1.205,23.8,-0.402,25.3,-0.421
btrg844mxkl6kbn89s7aecj8q,G. Yah,FC Volendam,Midfielder,13,6.459436870070496,0.0231320208882159,0.009269727210779193,1.1051,0.5491,0.002,0.0008,6,3.016691765899467,0.0007772059465029,0.0005447061469094921,1.1221,0.5642,0.0001,0.0001,7,3.442745104171029,0.022354814941713,0.0087250210638697,1.0909,0.5365,0.0035,0.0014,6,3.934614766641119,0.0006352781985612,0.0005238767111816,1.1221,0.7358,0.0001,0.0001,7,2.524822103429377,0.0224967426896547,0.008745850499597594,1.0909,0.3935,0.0035,0.0014,5,1.951997860876123,0.0001419277479417,2.082943572789214e-05,0.9351,0.365,0.0,0.0,95.1,1.681,94.5,1.743,96.3,2.554,96.3,2.641,75.6,0.287,53.0,-0.02,86.0,0.364,86.0,0.41,92.7,1.456,90.9,1.405,78.0,-0.136,81.1,-0.01,79.3,0.558,59.1,0.333,71.6,-0.284,73.2,-0.174,94.2,1.558,93.3,1.575,98.2,3.36,98.2,3.481,81.1,0.611,65.9,0.483,92.7,0.804,92.1,0.957,90.2,1.303,94.5,1.924,78.7,-0.176,82.3,-0.014,89.0,0.821,87.8,1.184,72.3,-0.235,74.7,-0.17,94.2,1.676,86.6,1.028,98.2,3.368,98.2,3.195,89.0,0.635,43.9,-0.135,93.3,0.941,93.9,0.818,72.9,0.711,62.8,0.127,47.6,-0.479,37.8,-0.507,57.9,-0.474,19.5,-0.933,23.8,-0.402,25.3,-0.421
buappmrojgc4lrl7tngfl8pw4,R. Oudsten,SC Telstar,Midfielder,1,0.3477180228722443,0.0231592544240011,0.0080528901595089,0.9399,0.3268,0.0218,0.0076,0,0.0,0.0,0.0,0.0,0.0,0.0,0.0,1,0.3477180228722443,0.0231592544240011,0.0080528901595089,0.9399,0.3268,0.0218,0.0076,0,0.0,0.0,0.0,0.0,0.0,0.0,0.0,1,0.3477180228722443,0.0231592544240011,0.0080528901595089,0.9399,0.3268,0.0218,0.0076,1,0.3477180228722443,0.0231592544240011,0.0080528901595089,0.9399,0.3268,0.0218,0.0076,12.8,-0.744,6.1,-0.875,97.0,2.558,95.7,2.228,66.5,-0.48,9.8,-1.175,100.0,7.908,100.0,7.47,9.5,-0.932,9.5,-0.966,30.5,-0.323,30.5,-0.323,9.5,-1.85,9.5,-1.564,34.8,-0.357,34.8,-0.336,40.5,-0.449,36.6,-0.562,98.8,3.495,97.6,3.181,79.9,0.317,42.1,-0.207,100.0,6.772,100.0,6.802,12.5,-0.82,12.5,-0.837,30.2,-0.322,30.2,-0.352,12.5,-1.672,12.5,-1.397,34.5,-0.289,35.1,-0.331,34.8,-0.494,28.0,-0.658,98.8,3.478,97.0,2.911,84.1,0.288,32.3,-0.35,100.0,7.52,99.4,5.744,12.8,-1.11,6.1,-1.217,98.2,3.357,98.2,2.967,69.5,-0.452,10.4,-1.123,100.0,7.835,100.0,7.417
buhlcdwtnxeiqgy079kas7dw4,J. Bergraaf,SBV Excelsior,Forward,1,0.4288660951921784,0.0,0.0,0.929,0.3984,0.0,0.0,0,0.0,0.0,0.0,0.0,0.0,0.0,0.0,1,0.4288660951921784,0.0,0.0,0.929,0.3984,0.0,0.0,0,0.0,0.0,0.0,0.0,0.0,0.0,0.0,1,0.4288660951921784,0.0,0.0,0.929,0.3984,0.0,0.0,1,0.4288660951921784,0.0,0.0,0.929,0.3984,0.0,0.0,14.7,-0.822,12.1,-0.844,23.3,-0.389,23.3,-0.523,39.7,-0.43,24.1,-0.741,27.6,-0.405,29.3,-0.589,12.9,-0.966,12.9,-0.969,30.2,-0.292,30.2,-0.429,12.9,-1.615,12.9,-1.388,31.9,-0.338,35.3,-0.477,38.8,-0.438,36.2,-0.468,36.2,-0.332,36.2,-0.372,58.6,0.274,48.3,0.02,37.1,-0.48,37.9,-0.495,16.4,-0.897,16.4,-0.862,34.5,-0.345,34.5,-0.359,16.4,-1.43,16.4,-1.224,35.3,-0.423,37.9,-0.405,31.9,-0.537,32.8,-0.552,32.8,-0.27,32.8,-0.394,55.2,0.233,48.3,-0.083,33.6,-0.202,36.2,-0.294,14.7,-1.084,12.1,-1.166,23.3,-0.332,23.3,-0.519,43.1,-0.396,24.1,-0.726,26.7,-0.388,29.3,-0.584
bvwaamcj0bpdrcuoffl6b9rf8,D. Weidmann,FC Twente,Midfielder,2,1.531758242356741,0.0,0.0,1.8689,1.4314,0.0,0.0,2,1.531758242356741,0.0,0.0,1.8689,1.4314,0.0,0.0,0,0.0,0.0,0.0,0.0,0.0,0.0,0.0,1,0.6694168175526205,0.0,0.0,0.9345,0.6255,0.0,0.0,1,0.8623414248041209,0.0,0.0,0.9345,0.8058,0.0,0.0,2,1.531758242356741,0.0,0.0,1.8689,1.4314,0.0,0.0,35.7,-0.542,50.0,-0.368,16.5,-0.489,16.5,-0.504,98.8,3.833,100.0,4.562,23.2,-0.398,24.4,-0.421,59.1,-0.136,72.6,0.238,30.5,-0.323,30.5,-0.323,98.8,2.16,100.0,3.248,34.8,-0.357,34.8,-0.336,13.4,-0.783,13.4,-0.802,27.1,-0.399,27.1,-0.413,13.4,-1.515,13.4,-1.282,31.1,-0.337,31.7,-0.363,38.7,-0.466,45.7,-0.367,30.2,-0.322,30.2,-0.352,68.6,0.404,77.4,0.797,34.5,-0.289,35.1,-0.331,34.8,-0.494,48.8,-0.26,27.7,-0.387,27.7,-0.385,72.3,0.275,92.1,1.193,32.0,-0.317,32.9,-0.295,35.7,-0.655,50.0,-0.225,17.4,-0.502,17.4,-0.516,99.4,3.773,100.0,4.371,23.8,-0.402,25.3,-0.421
bwxn7o8ved1xo5bmfkfgzekiy,J. Bos,Feyenoord Rotterdam,Defender,9,4.744135633070449,8.522759383580714e-05,4.960616911558365e-05,1.045,0.5508,0.0,0.0,3,1.461590655302203,8.522759383580714e-05,4.960616911558365e-05,0.9289,0.4525,0.0,0.0,6,3.282544977768246,0.0,0.0,1.1146,0.6098,0.0,0.0,5,1.947216190942286,8.522759383580714e-05,4.960616911558365e-05,0.9289,0.3617,0.0,0.0,4,2.796919442128163,0.0,0.0,0.9289,0.6495,0.0,0.0,6,3.063706818527063,8.522759383580714e-05,4.960616911558365e-05,1.1146,0.5692,0.0,0.0,60.0,-0.159,68.9,0.129,22.2,-0.696,23.0,-0.696,37.0,-0.57,65.2,0.297,11.9,-0.664,14.1,-0.631,44.8,-0.428,48.9,-0.333,48.1,-0.488,48.1,-0.508,25.9,-0.388,43.7,-0.061,25.9,-0.451,26.7,-0.506,72.2,0.173,78.5,0.631,21.1,-0.634,21.1,-0.632,57.8,-0.018,78.5,0.684,22.6,-0.475,23.7,-0.501,66.7,0.02,65.9,0.012,59.3,-0.407,60.0,-0.416,40.0,0.078,47.4,0.023,32.6,-0.301,33.0,-0.354,50.7,-0.337,71.1,0.244,15.2,-0.628,15.2,-0.618,25.9,-0.472,93.3,1.269,17.0,-0.595,17.4,-0.561,60.4,0.167,78.5,0.81,28.9,-0.674,30.4,-0.654,47.4,-0.328,71.9,0.408,16.3,-0.662,18.1,-0.615
by85t8ssyumcjcks1jx3v96vo,Y. Taha,FC Groningen,Midfielder,5,2.136441340699034,5.414391140250163e-05,2.409868092876831e-05,0.931,0.3978,0.0,0.0,4,1.323316844714601,5.414391140250163e-05,2.409868092876831e-05,0.931,0.308,0.0,0.0,1,0.8131244959844335,0.0,0.0,0.931,0.757,0.0,0.0,3,1.28842123883787,5.414391140250163e-05,2.409868092876831e-05,0.931,0.3999,0.0,0.0,2,0.8480201018611648,0.0,0.0,0.931,0.3948,0.0,0.0,5,2.136441340699035,5.414391140250163e-05,2.409868092876831e-05,0.931,0.3978,0.0,0.0,68.9,0.064,63.4,-0.109,36.6,-0.482,36.6,-0.496,40.5,-0.521,24.1,-0.806,23.2,-0.398,24.4,-0.421,80.5,0.66,68.3,0.074,62.8,-0.31,62.2,-0.309,53.4,0.148,28.7,-0.529,34.8,-0.357,34.8,-0.336,40.5,-0.449,54.9,-0.24,27.1,-0.399,27.1,-0.413,59.1,0.299,87.8,1.208,31.1,-0.337,31.7,-0.363,74.1,0.242,67.7,0.067,62.2,-0.309,62.2,-0.337,56.4,0.396,47.0,0.006,34.5,-0.289,35.1,-0.331,58.5,-0.132,47.0,-0.271,27.7,-0.387,27.7,-0.385,58.2,0.267,44.5,-0.131,32.0,-0.317,32.9,-0.295,72.9,0.711,66.5,0.281,38.4,-0.493,39.0,-0.506,42.4,-0.493,26.5,-0.77,23.8,-0.402,25.3,-0.421
byirjks50zw1eefkcy8p4hd5h,B. Martins Indi,Sparta Rotterdam,Defender,24,10.35297950580997,0.03005584810539099,0.01799783041736724,1.5918,0.6867,0.002,0.0012,11,3.81759503154288,0.0064629193637245,0.0023738970314928,1.4591,0.5064,0.0009,0.0003,13,6.535384474267087,0.02359292874166649,0.01562393338587444,1.7244,0.8669,0.0031,0.0021,11,3.770585641842934,0.0064629193637245,0.0023738970314928,1.2767,0.4376,0.0008,0.0003,13,6.582393863967034,0.02359292874166649,0.01562393338587444,1.3412,0.6791,0.0024,0.0016,10,4.791788561569578,0.0001728436766913892,0.0001240363918257444,1.8571,0.8899,0.0,0.0,88.1,1.287,91.9,1.565,83.7,0.772,94.1,1.985,84.4,1.176,90.4,1.223,71.1,0.093,87.0,0.658,85.6,0.931,83.0,0.739,78.5,0.058,78.5,0.11,78.5,0.605,54.8,0.164,74.4,-0.113,70.7,-0.124,90.4,1.566,97.0,2.289,85.9,1.121,97.8,2.96,86.7,1.165,97.8,1.823,81.1,0.187,89.6,0.992,86.3,1.099,85.2,0.862,85.9,0.352,85.2,0.451,84.4,0.8,64.4,0.374,83.0,0.013,84.1,0.104,89.3,1.384,97.8,2.165,84.4,0.744,95.6,2.106,85.9,0.981,95.6,1.456,72.2,0.132,88.1,0.774,91.9,1.618,99.3,2.455,32.6,-0.667,33.3,-0.635,89.6,1.717,97.8,2.382,16.3,-0.662,18.1,-0.615
bzanwdo4ihqd6d7vr06bd3845,L. Unnerstall,FC Twente,Goalkeeper,5,1.83574793585326,0.0093741052112761,0.0025666065812801,0.9288,0.341,0.0017,0.0005,2,0.8629075394901646,0.0,0.0,0.9288,0.4007,0.0,0.0,3,0.9728403963630952,0.0093741052112761,0.0025666065812801,0.9288,0.3012,0.0029,0.0008,2,0.758367433476252,0.0,0.0,0.9288,0.3522,0.0,0.0,3,1.077380502377008,0.0093741052112761,0.0025666065812801,0.9288,0.3335,0.0029,0.0008,5,1.83574793585326,0.0093741052112761,0.0025666065812801,0.9288,0.341,0.0017,0.0005,71.9,-0.164,78.1,-0.057,65.6,-0.229,71.9,0.034,25.0,-0.595,78.1,0.454,64.1,-0.308,67.2,-0.08,53.1,-0.346,78.1,-0.127,32.8,-0.467,32.8,-0.48,37.5,-0.215,81.2,0.664,34.4,-0.408,34.4,-0.488,75.0,0.027,81.2,0.017,78.1,0.345,84.4,0.696,46.9,0.434,78.1,0.695,81.2,0.017,84.4,0.389,59.4,-0.287,78.1,-0.189,37.5,-0.292,37.5,-0.426,43.8,0.369,84.4,0.842,37.5,-0.285,37.5,-0.386,75.0,0.036,81.2,0.178,71.9,0.01,78.1,0.395,43.8,0.128,84.4,0.79,73.4,-0.136,78.1,0.129,73.4,0.406,84.4,0.562,71.9,-0.105,78.1,0.456,25.0,-0.569,78.1,0.221,68.8,-0.3,71.9,-0.07
bzsoq42nf6sgdh9oe64n7rnfu,B. Limbombe,Heracles Almelo,Midfielder,4,2.284615400589459,0.0005268408184790955,0.0003835999175659729,0.9318,0.5322,0.0001,0.0001,1,0.8724078851641026,0.0,0.0,0.9318,0.8129,0.0,0.0,3,1.412207515425357,0.0005268408184790955,0.0003835999175659729,0.9318,0.4386,0.0002,0.0001,3,2.028794702310139,0.0004810541862685,0.000371886749342,0.9318,0.6301,0.0001,0.0001,1,0.2558206982793195,4.578663221059542e-05,1.17131682239729e-05,0.9318,0.2384,0.0,0.0,4,2.284615400589459,0.0005268408184790955,0.0003835999175659729,0.9318,0.5322,0.0001,0.0001,61.0,-0.138,65.2,-0.045,55.5,-0.42,56.1,-0.374,45.7,-0.517,47.0,-0.108,50.6,-0.36,55.2,-0.317,34.5,-0.534,45.7,-0.28,30.5,-0.323,30.5,-0.323,56.7,0.149,88.4,1.169,34.8,-0.357,34.8,-0.336,72.3,0.22,69.5,0.173,70.1,-0.311,70.7,-0.242,64.0,0.301,54.3,0.161,70.1,-0.272,68.0,-0.268,74.1,0.242,83.5,0.587,76.8,-0.211,78.0,-0.112,60.4,0.398,78.7,0.813,72.3,-0.235,74.7,-0.17,34.8,-0.494,22.6,-0.729,59.8,-0.379,57.3,-0.381,62.2,0.269,23.2,-0.635,32.0,-0.317,32.9,-0.295,61.0,0.255,68.9,0.405,57.9,-0.415,59.1,-0.35,47.6,-0.489,48.2,-0.102,51.2,-0.364,57.0,-0.318
c0os20ujhb2hujvtp21093l04,A. Oufkir,Sparta Rotterdam,Midfielder,2,1.023227714881078,0.0,0.0,0.9278,0.4747,0.0,0.0,2,1.023227714881078,0.0,0.0,0.9278,0.4747,0.0,0.0,0,0.0,0.0,0.0,0.0,0.0,0.0,0.0,0,0.0,0.0,0.0,0.0,0.0,0.0,0.0,2,1.023227714881078,0.0,0.0,0.9278,0.4747,0.0,0.0,2,1.023227714881078,0.0,0.0,0.9278,0.4747,0.0,0.0,35.7,-0.542,33.5,-0.586,16.5,-0.489,16.5,-0.504,26.8,-0.536,36.0,-0.406,23.2,-0.398,24.4,-0.421,59.1,-0.136,56.1,-0.162,30.5,-0.323,30.5,-0.323,41.8,0.141,45.7,0.032,34.8,-0.357,34.8,-0.336,13.4,-0.783,13.4,-0.802,27.1,-0.399,27.1,-0.413,13.4,-1.515,13.4,-1.282,31.1,-0.337,31.7,-0.363,12.5,-0.82,12.5,-0.837,30.2,-0.322,30.2,-0.352,12.5,-1.672,12.5,-1.397,34.5,-0.289,35.1,-0.331,58.5,-0.132,58.5,-0.135,27.7,-0.387,27.7,-0.385,45.7,0.26,54.6,0.126,32.0,-0.317,32.9,-0.295,35.7,-0.655,33.5,-0.651,17.4,-0.502,17.4,-0.516,28.7,-0.508,37.2,-0.388,23.8,-0.402,25.3,-0.421
c2an5ksdu6jbap3x3jp3z9c5x,N. Viergever,FC Utrecht,Defender,14,6.134705436407171,0.006635044877309501,0.003002817465927475,1.4307,0.6269,0.0007,0.0003,8,3.726708319100606,0.0001721255135850003,0.0001286132044598751,1.8395,0.8569,0.0,0.0,6,2.407997117306565,0.0064629193637245,0.0028742042614676,1.1037,0.443,0.0012,0.0005,7,3.601562089890793,0.0001721255135850003,0.0001286132044598751,1.2877,0.6625,0.0,0.0,7,2.533143346516379,0.0064629193637245,0.0028742042614676,1.2877,0.466,0.0012,0.0005,6,2.746862736051491,0.0001571092697602,0.0001231089232108,1.1037,0.5053,0.0,0.0,74.4,0.323,76.3,0.485,56.3,-0.376,60.0,-0.255,79.3,0.662,87.4,0.816,53.7,-0.399,55.2,-0.309,77.8,0.421,81.5,0.698,50.4,-0.48,51.1,-0.487,88.1,1.317,97.0,1.627,25.9,-0.451,26.7,-0.506,72.2,0.173,68.9,0.185,68.9,-0.153,72.6,0.029,57.0,-0.039,49.6,-0.055,67.8,-0.219,69.3,-0.146,75.9,0.38,83.0,0.783,62.2,-0.396,62.2,-0.387,85.2,0.823,93.3,1.412,32.6,-0.301,33.0,-0.354,72.2,0.236,67.4,0.11,63.0,-0.252,66.7,-0.117,82.2,0.792,58.5,0.114,60.7,-0.232,64.8,-0.143,60.4,0.167,68.9,0.508,31.9,-0.668,32.6,-0.635,41.5,-0.358,57.0,0.015,16.3,-0.662,18.1,-0.615
c3j7ddqg0yzporam6gieibgiy,C. Brym,NAC Breda,Forward,4,2.382991814121317,0.0,0.0,1.2313,0.7335,0.0,0.0,0,0.0,0.0,0.0,0.0,0.0,0.0,0.0,4,2.382991814121317,0.0,0.0,1.2313,0.7335,0.0,0.0,3,1.488794183806341,0.0,0.0,1.3852,0.6874,0.0,0.0,1,0.8941976303149756,0.0,0.0,0.9235,0.8258,0.0,0.0,4,2.382991814121316,0.0,0.0,1.2313,0.7335,0.0,0.0,69.0,0.138,77.6,0.366,23.3,-0.389,23.3,-0.523,87.9,0.902,87.9,1.223,27.6,-0.405,29.3,-0.589,12.9,-0.966,12.9,-0.969,30.2,-0.292,30.2,-0.429,12.9,-1.615,12.9,-1.388,31.9,-0.338,35.3,-0.477,89.7,1.086,93.1,1.366,36.2,-0.332,36.2,-0.372,89.7,0.87,91.4,1.145,37.1,-0.48,37.9,-0.495,81.9,0.8,82.8,0.675,34.5,-0.345,34.5,-0.359,98.3,1.472,89.7,1.117,35.3,-0.423,37.9,-0.405,31.9,-0.537,60.3,-0.065,32.8,-0.27,32.8,-0.394,34.5,0.217,94.8,1.651,33.6,-0.202,36.2,-0.294,69.0,0.542,77.6,0.979,23.3,-0.332,23.3,-0.519,89.7,0.942,89.7,1.299,26.7,-0.388,29.3,-0.584
c3j7m8kaoius8i6jihubgy6p6,Ángel Alarcón,FC Utrecht,Midfielder,1,0.2778809792619998,0.0,0.0,0.9045,0.2513,0.0,0.0,0,0.0,0.0,0.0,0.0,0.0,0.0,0.0,1,0.2778809792619998,0.0,0.0,0.9045,0.2513,0.0,0.0,0,0.0,0.0,0.0,0.0,0.0,0.0,0.0,1,0.2778809792619998,0.0,0.0,0.9045,0.2513,0.0,0.0,1,0.2778809792619998,0.0,0.0,0.9045,0.2513,0.0,0.0,12.8,-0.744,4.3,-0.905,16.5,-0.489,16.5,-0.504,1.5,-0.644,4.9,-1.567,23.2,-0.398,24.4,-0.421,9.5,-0.932,9.5,-0.966,30.5,-0.323,30.5,-0.323,9.5,-1.85,9.5,-1.564,34.8,-0.357,34.8,-0.336,40.5,-0.449,32.9,-0.61,27.1,-0.399,27.1,-0.413,27.7,0.248,33.5,-0.455,31.1,-0.337,31.7,-0.363,12.5,-0.82,12.5,-0.837,30.2,-0.322,30.2,-0.352,12.5,-1.672,12.5,-1.397,34.5,-0.289,35.1,-0.331,34.8,-0.494,24.4,-0.712,27.7,-0.387,27.7,-0.385,19.8,0.206,24.4,-0.593,32.0,-0.317,32.9,-0.295,12.8,-1.11,4.3,-1.276,17.4,-0.502,17.4,-0.516,1.5,-0.613,4.9,-1.499,23.8,-0.402,25.3,-0.421
c5jk0pvcvqddy0xiqv6qkesph,H. Veerman,FC Volendam,Forward,3,1.420605586958617,7.558321744219332e-05,4.578938360514908e-05,0.9343,0.4424,0.0,0.0,1,0.2973828016452704,0.0,0.0,0.9343,0.2778,0.0,0.0,2,1.123222785313347,7.558321744219332e-05,4.578938360514908e-05,0.9343,0.5247,0.0,0.0,1,0.6058141629147924,7.558321744219332e-05,4.578938360514908e-05,0.9343,0.566,0.0001,0.0,2,0.8147914240438244,0.0,0.0,0.9343,0.3806,0.0,0.0,3,1.420605586958617,7.558321744219332e-05,4.578938360514908e-05,0.9343,0.4424,0.0,0.0,57.8,-0.182,53.4,-0.23,50.0,-0.364,50.0,-0.481,53.4,-0.407,39.7,-0.483,27.6,-0.405,29.3,-0.589,43.1,-0.4,29.3,-0.635,30.2,-0.292,30.2,-0.429,69.0,0.377,32.8,-0.423,31.9,-0.338,35.3,-0.477,64.7,0.07,72.4,0.184,72.4,-0.262,72.4,-0.286,69.0,0.284,65.5,0.444,37.1,-0.48,37.9,-0.495,48.3,-0.332,51.7,-0.237,70.7,-0.284,70.7,-0.292,75.9,0.527,75.9,0.703,75.0,-0.156,37.9,-0.405,63.8,0.009,50.0,-0.148,32.8,-0.27,32.8,-0.394,67.2,0.249,39.7,-0.155,33.6,-0.202,36.2,-0.294,57.8,0.0,53.4,-0.077,50.0,-0.305,50.0,-0.466,56.9,-0.373,36.2,-0.46,26.7,-0.388,29.3,-0.584
c6i4usq34m3389rtbqptahrai,R. Meissen,SBV Excelsior,Defender,12,4.718740605036968,0.0151347257940238,0.0059807829454338,1.1172,0.4393,0.0014,0.0006,7,3.063056348451118,0.0116247554964794,0.0049946325156876,1.0862,0.4753,0.0018,0.0008,5,1.65568425658585,0.0035099702975444,0.0009861504297462,1.1638,0.3854,0.0008,0.0002,6,2.519068324387662,0.0035099702975444,0.0009861504297462,0.931,0.3909,0.0005,0.0002,6,2.199672280649306,0.0116247554964794,0.0049946325156876,0.931,0.3413,0.0018,0.0008,5,1.550893568973114,0.0035099702975444,0.0009861504297462,0.931,0.2888,0.0007,0.0002,72.2,0.13,67.4,0.123,66.7,0.041,72.6,0.19,46.7,-0.34,34.8,-0.464,62.2,-0.134,69.3,0.014,74.4,0.252,75.6,0.396,82.2,0.501,85.9,0.806,51.1,-0.094,47.4,0.034,81.5,0.225,84.1,0.513,64.8,-0.027,57.8,-0.199,61.5,-0.373,61.5,-0.405,60.7,0.078,37.0,-0.311,63.7,-0.304,56.7,-0.359,71.5,0.2,70.4,0.279,80.7,0.001,79.3,-0.067,47.0,0.083,51.1,0.158,78.1,-0.104,79.3,-0.049,67.0,0.045,61.5,-0.06,68.1,0.048,71.9,0.253,33.3,-0.464,24.4,-0.671,68.5,-0.05,75.6,0.107,42.2,-0.196,28.9,-0.63,60.0,-0.401,56.3,-0.415,20.0,-0.834,4.4,-1.318,58.1,-0.418,54.1,-0.41
c6ip6gwp8yvchd1n3dv42go9,Mauro Júnior,PSV Eindhoven,Defender,10,5.047550785545359,0.00362087394525231,0.0008721986907136343,1.1709,0.591,0.0004,0.0001,4,2.27744310038511,8.612772090930976e-05,4.168201397913434e-05,1.249,0.7111,0.0,0.0,6,2.770107685160249,0.003534746224343,0.0008305166767345,1.1241,0.519,0.0007,0.0002,8,3.982183455046071,8.612772090930976e-05,4.168201397913434e-05,1.249,0.6217,0.0,0.0,2,1.065367330499288,0.003534746224343,0.0008305166767345,0.9367,0.499,0.0017,0.0004,7,3.115085802111846,8.612772090930976e-05,4.168201397913434e-05,1.3114,0.5836,0.0,0.0,65.9,-0.063,72.6,0.207,51.1,-0.523,44.4,-0.573,57.0,-0.168,76.3,0.571,43.7,-0.512,35.9,-0.523,54.4,-0.258,64.4,0.038,48.9,-0.488,47.4,-0.51,60.7,0.211,87.4,1.019,25.9,-0.451,26.7,-0.506,72.2,0.173,72.6,0.37,63.0,-0.371,57.8,-0.441,58.5,0.001,62.2,0.281,61.5,-0.325,56.7,-0.359,78.9,0.559,87.4,0.961,60.0,-0.406,59.3,-0.419,81.5,0.743,91.1,1.224,32.6,-0.301,33.0,-0.354,24.8,-0.719,29.6,-0.635,57.0,-0.423,51.9,-0.473,48.9,-0.444,68.1,0.322,67.0,-0.08,59.3,-0.227,74.4,0.53,81.5,0.859,29.6,-0.674,29.6,-0.656,71.1,0.214,75.9,0.497,16.3,-0.662,18.1,-0.615
c6ufljjgl050g9xn7e9ma7hg4,M. Smit,Go Ahead Eagles,Forward,3,1.411336559257962,0.0005179660380942032,0.0002866220831476394,1.3963,0.6569,0.0002,0.0001,2,0.7164682568873573,0.0004214058999297,0.0002195255038646,1.8617,0.6669,0.0004,0.0002,1,0.694868302370605,9.656013816450316e-05,6.709657928303938e-05,0.9309,0.6468,0.0001,0.0001,1,0.1955322569376724,0.0,0.0,0.9309,0.182,0.0,0.0,2,1.21580430232029,0.0005179660380942032,0.0002866220831476394,0.9309,0.5659,0.0002,0.0001,3,1.411336559257962,0.0005179660380942032,0.0002866220831476394,1.3963,0.6569,0.0002,0.0001,57.8,-0.182,51.7,-0.235,69.0,-0.218,58.6,-0.262,93.1,1.629,79.3,0.774,69.8,-0.113,65.5,-0.172,69.0,0.166,50.0,-0.166,77.6,-0.141,74.1,-0.179,100.0,2.355,81.0,0.929,81.9,0.11,78.4,0.138,38.8,-0.438,53.4,-0.218,74.1,-0.243,74.1,-0.246,62.1,0.278,81.0,0.854,75.0,-0.052,78.4,0.205,48.3,-0.332,36.2,-0.66,34.5,-0.345,34.5,-0.359,67.2,0.52,36.2,-0.604,35.3,-0.423,37.9,-0.405,63.8,0.009,77.6,0.272,81.0,-0.083,75.9,-0.05,58.6,0.239,75.9,0.597,75.9,-0.123,74.1,-0.145,57.8,0.0,51.7,-0.088,69.0,-0.143,60.3,-0.187,93.1,1.673,82.8,0.836,67.2,-0.09,64.7,-0.161
c7n2b2gq381k0o0jizqueii5m,M. Kjølø,FC Twente,Midfielder,5,2.110502842450168,0.0006269209193692954,0.0004373394902988047,1.1661,0.4922,0.0001,0.0001,2,0.5378382705348018,0.0,0.0,1.8658,0.5017,0.0,0.0,3,1.572664571915366,0.0006269209193692954,0.0004373394902988047,0.9329,0.489,0.0002,0.0001,2,1.053605060961218,4.578663221059542e-05,3.921446106190473e-05,0.9329,0.4915,0.0,0.0,3,1.05689778148895,0.0005811342871587,0.0003981250292369,0.9329,0.3287,0.0002,0.0001,5,2.110502842450168,0.0006269209193692954,0.0004373394902988047,1.1661,0.4922,0.0001,0.0001,68.9,0.064,62.2,-0.12,57.9,-0.407,59.8,-0.356,80.5,0.57,39.0,-0.316,50.6,-0.36,55.2,-0.317,59.1,-0.136,36.0,-0.543,30.5,-0.323,30.5,-0.323,98.2,2.153,51.2,0.122,34.8,-0.357,34.8,-0.336,72.3,0.22,72.6,0.284,73.8,-0.294,73.8,-0.218,67.7,0.303,58.5,0.327,70.1,-0.272,68.0,-0.268,61.6,-0.112,62.8,-0.098,61.0,-0.311,64.6,-0.327,64.0,0.4,57.9,0.327,34.5,-0.289,35.1,-0.331,72.6,0.229,59.8,-0.109,73.8,-0.29,73.8,-0.222,66.8,0.272,32.9,-0.344,73.2,-0.245,70.4,-0.215,72.9,0.711,65.2,0.26,60.4,-0.398,62.2,-0.327,83.5,0.576,40.2,-0.301,51.2,-0.364,57.0,-0.318
c9epkro6fot3km9zak1kswfhm,X. Mbuyamba,FC Volendam,Defender,6,2.691703539133886,0.0033813314493348,0.0012234621302732,1.117,0.5011,0.0006,0.0002,4,1.698880444913424,0.0033813314493348,0.0012234621302732,0.9308,0.3953,0.0008,0.0003,2,0.9928230942204621,0.0,0.0,1.8617,0.9242,0.0,0.0,2,0.7527098888069657,0.0,0.0,0.9308,0.3503,0.0,0.0,4,1.93899365032692,0.0033813314493348,0.0012234621302732,0.9308,0.4512,0.0008,0.0003,6,2.691703539133885,0.0033813314493348,0.0012234621302732,1.117,0.5011,0.0006,0.0002,45.2,-0.448,46.7,-0.396,48.9,-0.535,47.4,-0.521,45.9,-0.34,50.4,-0.042,51.1,-0.437,48.1,-0.416,54.4,-0.258,51.9,-0.225,72.6,-0.206,68.9,-0.196,30.4,-0.384,34.8,-0.3,72.6,-0.151,70.7,-0.124,31.1,-0.624,38.5,-0.537,21.1,-0.634,21.1,-0.632,92.6,1.432,98.5,2.077,22.6,-0.475,23.7,-0.501,39.3,-0.519,41.5,-0.545,28.1,-0.417,28.1,-0.435,45.2,0.082,44.4,-0.029,32.6,-0.301,33.0,-0.354,50.7,-0.337,56.3,-0.192,54.8,-0.431,54.1,-0.405,32.6,-0.465,56.3,0.021,56.3,-0.353,54.1,-0.31,60.4,0.167,65.2,0.456,58.5,-0.411,58.5,-0.354,48.9,-0.321,54.1,-0.011,55.6,-0.453,54.1,-0.41
c9shc6t28oroqthopifjvg9ux,D. Vente,SC Heerenveen,Forward,8,5.103790976768255,0.004516258879273904,0.003660463083150023,1.0572,0.6745,0.0006,0.0005,5,2.862107760134899,0.003325969387250404,0.002525596480614523,0.9251,0.5295,0.0006,0.0005,3,2.241683216633355,0.0011902894920235,0.0011348666025355,1.3876,1.0369,0.0006,0.0005,5,3.088544198055935,0.000931443009370504,0.0008611551204262225,0.9251,0.5714,0.0002,0.0002,3,2.01524677871232,0.0035848158699034,0.0027993079627238,0.9251,0.6214,0.0011,0.0009,5,2.655188686832474,0.003201492940841204,0.002455109212691266,0.9251,0.4912,0.0006,0.0005,91.4,1.418,98.3,2.051,93.1,1.105,98.3,2.806,79.3,0.135,84.5,0.877,87.1,0.47,91.4,1.495,94.8,1.863,96.6,2.239,94.8,0.894,98.3,2.446,50.0,0.357,67.2,0.451,86.2,0.334,88.8,1.061,81.9,0.578,91.4,1.234,89.7,0.772,94.8,1.76,91.4,1.178,100.0,2.164,94.8,2.092,98.3,3.009,94.8,1.931,96.6,2.326,89.7,0.407,91.4,0.895,53.4,0.508,77.6,0.722,82.8,0.11,87.9,0.573,81.9,0.556,93.1,1.108,96.6,1.024,98.3,2.97,43.1,0.222,81.0,0.822,91.4,0.235,98.3,1.053,82.8,1.084,84.5,1.278,96.6,0.84,96.6,2.321,29.3,-0.414,48.3,-0.165,90.5,0.507,91.4,1.534
ccmmsnrfn58gwi1petlp08f3e,L. Duijvestijn,Fortuna Sittard,Midfielder,2,1.24030243815387,0.0,0.0,0.9254,0.5739,0.0,0.0,2,1.24030243815387,0.0,0.0,0.9254,0.5739,0.0,0.0,0,0.0,0.0,0.0,0.0,0.0,0.0,0.0,2,1.24030243815387,0.0,0.0,0.9254,0.5739,0.0,0.0,0,0.0,0.0,0.0,0.0,0.0,0.0,0.0,2,1.24030243815387,0.0,0.0,0.9254,0.5739,0.0,0.0,35.7,-0.542,40.9,-0.493,16.5,-0.489,16.5,-0.504,19.2,-0.547,58.5,0.109,23.2,-0.398,24.4,-0.421,59.1,-0.136,65.9,0.009,30.5,-0.323,30.5,-0.323,35.7,0.136,59.8,0.365,34.8,-0.357,34.8,-0.336,13.4,-0.783,13.4,-0.802,27.1,-0.399,27.1,-0.413,13.4,-1.515,13.4,-1.282,31.1,-0.337,31.7,-0.363,61.6,-0.112,67.1,0.033,30.2,-0.322,30.2,-0.352,40.9,0.384,70.7,0.616,34.5,-0.289,35.1,-0.331,9.5,-0.856,9.5,-0.927,27.7,-0.387,27.7,-0.385,9.5,-1.876,9.5,-1.403,32.0,-0.317,32.9,-0.295,35.7,-0.655,40.9,-0.469,17.4,-0.502,17.4,-0.516,20.4,-0.518,59.1,0.106,23.8,-0.402,25.3,-0.421
cczptju66ofuymrlsol11fpxw,D. Voute,PEC Zwolle,Defender,2,0.6445664534035869,6.064752735930601e-05,2.169264312336548e-05,1.8815,0.6064,0.0001,0.0,0,0.0,0.0,0.0,0.0,0.0,0.0,0.0,2,0.6445664534035869,6.064752735930601e-05,2.169264312336548e-05,1.8815,0.6064,0.0001,0.0,0,0.0,0.0,0.0,0.0,0.0,0.0,0.0,2,0.6445664534035869,6.064752735930601e-05,2.169264312336548e-05,1.8815,0.6064,0.0001,0.0,2,0.6445664534035869,6.064752735930601e-05,2.169264312336548e-05,1.8815,0.6064,0.0001,0.0,11.9,-0.834,5.9,-0.92,21.5,-0.698,21.5,-0.7,97.0,2.102,83.0,0.676,27.4,-0.626,14.1,-0.631,5.6,-0.937,5.6,-0.998,21.9,-0.495,21.9,-0.521,5.6,-2.127,5.6,-1.95,25.9,-0.451,26.7,-0.506,31.1,-0.624,25.9,-0.714,42.2,-0.629,42.2,-0.627,94.1,1.47,77.0,0.669,46.7,-0.454,23.7,-0.501,9.6,-0.879,9.6,-0.896,28.1,-0.417,28.1,-0.435,9.6,-1.849,9.6,-1.647,32.6,-0.301,33.0,-0.354,24.8,-0.719,16.3,-0.849,31.9,-0.625,31.1,-0.614,100.0,2.884,89.6,0.998,35.6,-0.565,17.4,-0.561,11.9,-1.285,5.9,-1.493,28.1,-0.676,28.1,-0.661,92.6,1.785,79.3,0.637,35.6,-0.627,18.1,-0.615
cdhqb1a4h246hu0u13pm0tqay,I. Bronkhorst,SBV Excelsior,Defender,6,3.791365473390163,0.0004125114505712,0.0003968788168883,1.1179,0.7064,0.0001,0.0001,5,3.345567378251149,0.0004125114505712,0.0003968788168883,1.1645,0.7792,0.0001,0.0001,1,0.4457980951390139,0.0,0.0,0.9316,0.4153,0.0,0.0,3,1.881233900026055,0.0004125114505712,0.0003968788168883,0.9316,0.5842,0.0001,0.0001,3,1.910131573364108,0.0,0.0,0.9316,0.5932,0.0,0.0,6,3.791365473390163,0.0004125114505712,0.0003968788168883,1.1179,0.7064,0.0001,0.0001,45.2,-0.448,61.5,-0.114,26.7,-0.68,34.1,-0.644,48.1,-0.337,93.3,1.358,27.4,-0.626,35.9,-0.523,62.6,-0.088,80.0,0.525,54.8,-0.46,60.0,-0.415,56.3,0.053,90.4,1.303,53.7,-0.413,57.0,-0.378,15.6,-0.823,17.8,-0.815,21.1,-0.634,21.1,-0.632,35.6,-0.373,42.2,-0.178,22.6,-0.475,23.7,-0.501,50.7,-0.34,63.7,-0.019,65.9,-0.368,70.4,-0.287,50.4,0.084,84.4,1.051,65.9,-0.262,70.4,-0.201,39.6,-0.528,55.6,-0.206,15.2,-0.628,15.2,-0.618,36.3,-0.462,86.7,0.915,17.0,-0.595,17.4,-0.561,60.4,0.167,91.1,1.503,36.3,-0.648,45.2,-0.565,52.6,-0.319,88.1,1.253,35.6,-0.627,42.6,-0.513
cdkcv67vij1d10ur7fma5qtqs,B. Kovács,Alkmaar Zaanstreek,Forward,1,0.4464252335093721,0.0,0.0,0.9474,0.4229,0.0,0.0,0,0.0,0.0,0.0,0.0,0.0,0.0,0.0,1,0.4464252335093721,0.0,0.0,0.9474,0.4229,0.0,0.0,0,0.0,0.0,0.0,0.0,0.0,0.0,0.0,1,0.4464252335093721,0.0,0.0,0.9474,0.4229,0.0,0.0,1,0.4464252335093721,0.0,0.0,0.9474,0.4229,0.0,0.0,14.7,-0.822,15.5,-0.833,23.3,-0.389,23.3,-0.523,77.6,-0.349,31.0,-0.597,27.6,-0.405,29.3,-0.589,12.9,-0.966,12.9,-0.969,30.2,-0.292,30.2,-0.429,12.9,-1.615,12.9,-1.388,31.9,-0.338,35.3,-0.477,38.8,-0.438,39.7,-0.451,36.2,-0.332,36.2,-0.372,86.2,0.31,53.4,0.102,37.1,-0.48,37.9,-0.495,16.4,-0.897,16.4,-0.862,34.5,-0.345,34.5,-0.359,16.4,-1.43,16.4,-1.224,35.3,-0.423,37.9,-0.405,31.9,-0.537,36.2,-0.534,32.8,-0.27,32.8,-0.394,93.1,0.287,53.4,0.016,33.6,-0.202,36.2,-0.294,14.7,-1.084,15.5,-1.147,23.3,-0.332,23.3,-0.519,81.0,-0.315,29.3,-0.578,26.7,-0.388,29.3,-0.584
cf70r39m2wgbijtw0co5t6yfp,H. Jurjus,FC Groningen,Goalkeeper,1,0.243192637648431,0.0,0.0,0.9375,0.228,0.0,0.0,1,0.243192637648431,0.0,0.0,0.9375,0.228,0.0,0.0,0,0.0,0.0,0.0,0.0,0.0,0.0,0.0,0,0.0,0.0,0.0,0.0,0.0,0.0,0.0,1,0.243192637648431,0.0,0.0,0.9375,0.228,0.0,0.0,1,0.243192637648431,0.0,0.0,0.9375,0.228,0.0,0.0,12.5,-0.63,15.6,-0.517,25.0,-0.573,25.0,-0.638,56.2,-0.564,46.9,-0.277,26.6,-0.505,26.6,-0.572,26.6,-0.573,34.4,-0.473,32.8,-0.467,32.8,-0.48,65.6,-0.198,50.0,-0.173,34.4,-0.408,34.4,-0.488,20.3,-0.628,20.3,-0.536,35.9,-0.527,35.9,-0.534,20.3,-1.19,20.3,-0.982,35.9,-0.37,35.9,-0.477,15.6,-0.661,15.6,-0.524,37.5,-0.292,37.5,-0.426,15.6,-1.481,15.6,-1.056,37.5,-0.285,37.5,-0.386,31.2,-0.536,37.5,-0.473,31.2,-0.538,31.2,-0.601,68.8,0.149,50.0,0.086,32.8,-0.482,32.8,-0.519,12.5,-0.962,15.6,-0.646,26.6,-0.472,26.6,-0.677,56.2,-0.544,46.9,-0.309,28.1,-0.496,28.1,-0.555
cgsmk5437f466uoqvol7devze,R. Flamingo,PSV Eindhoven,Defender,33,10.84163276570848,0.0204282804725926,0.0073011425108421,1.7177,0.5643,0.0011,0.0004,17,5.34721391445645,0.0204282804725926,0.0073011425108421,1.4479,0.4554,0.0017,0.0006,16,5.494418851252033,0.0,0.0,2.1415,0.7354,0.0,0.0,14,4.446888603741368,0.0012940915637925,0.0009287655627323,1.6396,0.5208,0.0002,0.0001,19,6.394744161967115,0.0191341889088001,0.0063723769481098,1.2715,0.4279,0.0013,0.0004,11,3.646568448667781,0.0,0.0,2.0612,0.6833,0.0,0.0,96.3,2.154,93.3,1.69,73.3,0.3,77.8,0.387,89.6,1.578,68.9,0.389,59.6,-0.248,60.7,-0.201,94.1,1.95,90.4,1.436,89.6,1.255,91.9,1.418,77.8,0.584,45.9,-0.049,80.7,0.187,78.1,0.259,95.6,2.164,93.3,1.758,21.1,-0.634,21.1,-0.632,96.3,1.974,90.4,1.24,22.6,-0.475,23.7,-0.501,91.9,1.638,88.1,1.178,71.1,-0.263,77.0,-0.088,96.3,1.553,77.0,0.758,69.3,-0.222,70.4,-0.201,97.8,2.531,95.6,2.069,74.1,0.485,81.5,0.493,81.5,0.735,45.2,-0.126,62.6,-0.201,59.3,-0.227,95.6,1.981,90.4,1.365,13.7,-0.681,13.7,-0.667,97.8,2.279,85.9,1.11,16.3,-0.662,18.1,-0.615
ciguyr553yqapqfudim9af46h,M. Deijl,Go Ahead Eagles,Defender,6,3.015687471010485,0.0007466862173122,0.0002821168604444,0.9284,0.4666,0.0001,0.0,2,0.9779065616882743,0.0,0.0,0.9284,0.454,0.0,0.0,4,2.03778090932221,0.0007466862173122,0.0002821168604444,0.9284,0.473,0.0002,0.0001,4,1.360228617984601,0.0007466862173122,0.0002821168604444,0.9284,0.3157,0.0002,0.0001,2,1.655458853025884,0.0,0.0,0.9284,0.7685,0.0,0.0,5,2.067269109854765,0.0007466862173122,0.0002821168604444,0.9284,0.3839,0.0001,0.0001,45.2,-0.448,54.1,-0.313,30.4,-0.664,29.6,-0.661,13.3,-0.943,42.2,-0.278,27.4,-0.626,14.1,-0.631,31.9,-0.597,38.5,-0.553,21.9,-0.495,21.9,-0.521,25.2,-0.389,45.2,-0.055,25.9,-0.451,26.7,-0.506,55.2,-0.226,63.7,-0.004,50.4,-0.578,51.1,-0.567,25.9,-0.379,54.8,0.078,49.6,-0.432,49.6,-0.43,60.4,-0.16,51.9,-0.262,68.1,-0.328,66.7,-0.329,39.3,0.077,37.0,-0.189,69.3,-0.222,70.4,-0.201,24.8,-0.719,48.1,-0.336,15.2,-0.628,15.2,-0.618,25.2,-0.473,97.0,2.018,17.0,-0.595,17.4,-0.561,42.2,-0.196,46.7,-0.139,40.0,-0.621,40.0,-0.595,14.8,-0.841,25.9,-0.732,35.6,-0.627,42.6,-0.513
ck3l6a262hves3v6nywarx9pm,Alexandre Penetra,Alkmaar Zaanstreek,Defender,35,12.91597350785294,0.068101206820831,0.018133564800214,1.4868,0.5487,0.0029,0.0008,19,7.121728524135887,0.0462411207910647,0.0125228581889258,1.6142,0.6051,0.0039,0.0011,16,5.794244983717058,0.0218600860297663,0.005610706611288201,1.3593,0.4923,0.0019,0.0005,18,6.906722767772175,0.037558165223909,0.0099681968142658,1.2016,0.461,0.0025,0.0007,17,6.00925074008077,0.030543041596922,0.0081653679859482,1.4443,0.5105,0.0026,0.0007,9,4.203331209067656,0.030543041596922,0.0081653679859482,1.6822,0.7856,0.0057,0.0015,97.8,2.347,97.0,2.221,97.8,2.636,94.8,2.005,82.2,0.841,63.0,0.282,80.7,0.434,74.8,0.228,97.0,2.289,96.3,2.243,97.8,3.466,96.3,2.805,83.0,0.895,72.6,0.576,91.1,1.013,89.6,0.895,95.6,2.164,94.8,1.911,81.5,0.992,77.8,0.658,74.8,0.457,58.5,0.163,71.9,-0.069,69.3,-0.146,97.0,2.357,96.3,2.325,99.3,4.051,97.8,3.286,77.8,0.644,68.1,0.482,93.3,0.681,91.1,0.715,96.3,2.148,94.1,1.874,90.4,1.149,86.7,0.805,90.4,1.344,71.1,0.394,74.4,0.193,73.3,0.023,88.9,1.255,97.8,1.895,94.1,1.755,90.4,1.416,86.7,1.236,94.8,1.74,91.9,1.327,88.9,0.925
cmdeqxibr6holfqg17ap9uihg,Yarek Gąsiorowski,PSV Eindhoven,Defender,25,9.241485055781204,0.0239663029321603,0.006515864219151197,1.468,0.5427,0.0014,0.0004,10,3.124054759255984,0.0,0.0,1.1744,0.3669,0.0,0.0,15,6.11743029652522,0.0239663029321603,0.006515864219151197,1.7616,0.7184,0.0028,0.0008,14,5.086155355804296,6.271164458360179e-05,2.062218020579669e-05,1.0961,0.3982,0.0,0.0,11,4.155329699976908,0.0239035912875767,0.0064952420389454,1.2918,0.488,0.0028,0.0008,10,3.361655016582231,0.0102001092983852,0.0028056922151053,1.879,0.6317,0.0019,0.0005,89.6,1.383,89.6,1.281,79.3,0.474,74.1,0.27,81.5,0.781,60.0,0.241,62.2,-0.134,60.7,-0.201,83.7,0.761,77.0,0.424,21.9,-0.495,21.9,-0.521,57.8,0.072,31.1,-0.418,25.9,-0.451,26.7,-0.506,93.7,1.965,96.3,2.076,87.4,1.149,83.7,0.866,87.4,1.237,88.9,1.165,77.8,0.123,77.4,0.067,91.9,1.638,91.1,1.476,58.5,-0.409,57.8,-0.427,71.9,0.425,54.8,0.192,32.6,-0.301,33.0,-0.354,83.3,1.001,83.7,0.933,85.9,0.763,83.7,0.514,83.0,0.807,65.2,0.252,76.3,0.253,75.6,0.107,91.9,1.618,86.7,1.094,68.9,0.133,68.9,0.049,91.9,1.778,83.0,0.793,67.4,0.001,65.9,-0.102
cocgd3hh74fq9c30x9bps4idw,S. Lemkin,FC Twente,Defender,10,3.729576690711894,0.0223430830854197,0.0064183753683952,1.1675,0.4354,0.0026,0.0007,6,1.980820639591242,0.0,0.0,1.401,0.4625,0.0,0.0,4,1.748756051120652,0.0223430830854197,0.0064183753683952,0.934,0.4083,0.0052,0.0015,5,1.702216449340524,0.0,0.0,1.1675,0.3975,0.0,0.0,5,2.02736024137137,0.0223430830854197,0.0064183753683952,0.934,0.3787,0.0042,0.0012,5,1.901957612673461,0.0223430830854197,0.0064183753683952,0.934,0.3553,0.0042,0.0012,65.9,-0.063,60.7,-0.13,75.6,0.394,73.3,0.255,56.3,-0.179,33.3,-0.49,77.4,0.32,72.6,0.121,69.6,0.082,56.3,-0.097,21.9,-0.495,21.9,-0.521,74.8,0.496,46.7,-0.019,25.9,-0.451,26.7,-0.506,55.2,-0.226,58.5,-0.151,83.0,1.028,82.2,0.844,40.0,-0.368,40.7,-0.209,85.2,0.635,83.7,0.565,66.7,0.02,59.3,-0.102,28.1,-0.417,28.1,-0.435,76.3,0.573,53.7,0.189,32.6,-0.301,33.0,-0.354,60.0,-0.146,57.0,-0.147,80.0,0.672,83.0,0.501,43.7,-0.454,32.6,-0.436,84.4,0.677,81.9,0.441,42.2,-0.196,41.5,-0.296,85.9,1.101,86.7,0.971,25.9,-0.825,17.8,-0.908,83.7,0.803,84.4,0.617
cp866ucakmwqiwxrstkaxwgt0,N. Rossen,SC Telstar,Midfielder,8,5.101698000312029,0.001698266563941001,0.001401620688595834,1.0573,0.6742,0.0002,0.0002,4,2.688953661199164,0.0003753386977835,0.000347507528323,0.9251,0.6219,0.0001,0.0001,4,2.412744339112866,0.001322927866157501,0.001054113160272834,1.2335,0.744,0.0004,0.0003,5,2.942389141454313,0.001698266563941001,0.001401620688595834,0.9251,0.5444,0.0003,0.0003,3,2.159308858857717,0.0,0.0,0.9251,0.6659,0.0,0.0,6,4.359564970833135,0.001698266563941001,0.001401620688595834,1.1101,0.8066,0.0003,0.0003,82.6,0.67,89.0,1.161,68.9,-0.266,74.4,-0.029,70.7,0.065,75.6,0.63,58.8,-0.322,65.5,-0.213,80.5,0.66,87.2,1.148,72.0,-0.233,76.2,-0.123,34.8,0.135,68.3,0.527,71.6,-0.284,73.2,-0.174,80.5,0.555,84.8,0.864,78.7,-0.177,79.9,0.058,85.4,0.889,86.6,1.166,75.6,-0.207,77.4,-0.08,86.6,0.949,90.2,1.228,85.4,0.069,90.2,0.554,40.2,0.383,65.9,0.513,80.5,-0.129,84.5,0.152,72.6,0.229,83.5,0.745,27.7,-0.387,27.7,-0.385,36.6,0.254,79.9,0.742,32.0,-0.317,32.9,-0.295,85.4,1.166,97.0,2.144,72.0,-0.219,77.4,0.09,73.8,0.322,88.4,1.263,66.2,-0.288,71.3,-0.111
cs49ec8y6cubrlo5nmu3j3jtg,L. Schouten,SBV Excelsior,Defender,10,3.33108928192072,0.003595053500552792,0.0009779389562433356,1.3312,0.4434,0.0005,0.0001,6,1.856095888403277,5.794962070829191e-05,2.978693432543556e-05,1.3978,0.4324,0.0,0.0,4,1.474993393517443,0.0035371038798445,0.0009481520219179,1.2425,0.4582,0.0011,0.0003,6,1.445180729316041,0.0035371038798445,0.0009481520219179,1.3978,0.3367,0.0008,0.0002,4,1.885908552604679,5.794962070829191e-05,2.978693432543556e-05,0.9318,0.4393,0.0,0.0,8,2.549016114876101,0.0,0.0,1.4909,0.4751,0.0,0.0,65.9,-0.063,59.3,-0.232,50.4,-0.524,45.2,-0.557,68.9,0.344,36.3,-0.436,47.8,-0.475,35.9,-0.523,69.6,0.082,55.6,-0.153,45.2,-0.49,45.9,-0.513,73.3,0.49,40.0,-0.145,25.9,-0.451,26.7,-0.506,55.2,-0.226,56.3,-0.291,64.4,-0.371,60.7,-0.414,68.1,0.23,51.9,0.012,66.3,-0.24,63.0,-0.288,71.5,0.2,54.1,-0.222,82.2,0.004,77.8,-0.081,88.1,1.051,41.5,-0.092,83.0,0.013,79.3,-0.049,50.7,-0.337,53.3,-0.219,31.1,-0.625,31.9,-0.613,38.9,-0.461,49.6,-0.054,17.0,-0.595,17.4,-0.561,83.3,0.892,60.7,0.32,13.7,-0.681,13.7,-0.667,82.2,0.709,46.7,-0.171,16.3,-0.662,18.1,-0.615
cs4aca71qkt1ru20ppmi6djl6,M. Kovář,PSV Eindhoven,Goalkeeper,4,0.3032049842540066,0.0,0.0,0.935,0.0709,0.0,0.0,3,0.2298439246126916,0.0,0.0,0.935,0.0716,0.0,0.0,1,0.073361059641315,0.0,0.0,0.935,0.0686,0.0,0.0,3,0.261200028669969,0.0,0.0,0.935,0.0814,0.0,0.0,1,0.0420049555840376,0.0,0.0,0.935,0.0393,0.0,0.0,4,0.3032049842540066,0.0,0.0,0.935,0.0709,0.0,0.0,65.6,-0.28,21.9,-0.499,25.0,-0.573,25.0,-0.638,40.6,-0.573,6.2,-1.293,26.6,-0.505,26.6,-0.572,70.3,-0.12,28.1,-0.481,32.8,-0.467,32.8,-0.48,50.0,-0.203,15.6,-0.932,34.4,-0.408,34.4,-0.488,50.0,-0.41,43.8,-0.494,35.9,-0.527,35.9,-0.534,62.5,0.445,43.8,-0.6,35.9,-0.37,35.9,-0.477,70.3,-0.099,46.9,-0.409,37.5,-0.292,37.5,-0.426,59.4,0.382,34.4,-0.617,37.5,-0.285,37.5,-0.386,31.2,-0.536,18.8,-0.63,31.2,-0.538,31.2,-0.601,59.4,0.143,18.8,-1.174,32.8,-0.482,32.8,-0.519,65.6,0.064,21.9,-0.601,26.6,-0.472,26.6,-0.677,40.6,-0.551,6.2,-1.046,28.1,-0.496,28.1,-0.555
csecbdlw3sxstnebpiw91ezxm,S. Lagsir,PEC Zwolle,Midfielder,1,0.8638270909722822,2.607239954720286e-05,2.252204505552729e-05,0.9184,0.7933,0.0,0.0,1,0.8638270909722822,2.607239954720286e-05,2.252204505552729e-05,0.9184,0.7933,0.0,0.0,0,0.0,0.0,0.0,0.0,0.0,0.0,0.0,0,0.0,0.0,0.0,0.0,0.0,0.0,0.0,1,0.8638270909722822,2.607239954720286e-05,2.252204505552729e-05,0.9184,0.7933,0.0,0.0,1,0.8638270909722822,2.607239954720286e-05,2.252204505552729e-05,0.9184,0.7933,0.0,0.0,12.8,-0.744,25.6,-0.654,35.4,-0.486,36.0,-0.497,5.8,-0.579,88.4,1.248,23.2,-0.398,24.4,-0.421,34.5,-0.534,43.9,-0.287,61.0,-0.317,61.6,-0.31,21.3,0.121,84.1,1.103,34.8,-0.357,34.8,-0.336,13.4,-0.783,13.4,-0.802,27.1,-0.399,27.1,-0.413,13.4,-1.515,13.4,-1.282,31.1,-0.337,31.7,-0.363,12.5,-0.82,12.5,-0.837,30.2,-0.322,30.2,-0.352,12.5,-1.672,12.5,-1.397,34.5,-0.289,35.1,-0.331,34.8,-0.494,50.0,-0.258,59.1,-0.382,59.8,-0.376,24.7,0.238,89.6,1.153,32.0,-0.317,32.9,-0.295,12.8,-1.11,25.6,-0.785,37.2,-0.498,38.4,-0.507,5.8,-0.55,85.4,1.197,23.8,-0.402,25.3,-0.421
cstlool8c2aoty5vhx77t4q38,J. Faberski,PEC Zwolle,Midfielder,2,1.327656236292715,7.278012301140113e-05,6.322321849873477e-05,0.9316,0.6184,0.0,0.0,0,0.0,0.0,0.0,0.0,0.0,0.0,0.0,2,1.327656236292715,7.278012301140113e-05,6.322321849873477e-05,0.9316,0.6184,0.0,0.0,2,1.327656236292715,7.278012301140113e-05,6.322321849873477e-05,0.9316,0.6184,0.0,0.0,0,0.0,0.0,0.0,0.0,0.0,0.0,0.0,2,1.327656236292715,7.278012301140113e-05,6.322321849873477e-05,0.9316,0.6184,0.0,0.0,35.7,-0.542,43.9,-0.455,39.6,-0.48,42.1,-0.483,43.3,-0.518,65.9,0.34,23.2,-0.398,24.4,-0.421,9.5,-0.932,9.5,-0.966,30.5,-0.323,30.5,-0.323,9.5,-1.85,9.5,-1.564,34.8,-0.357,34.8,-0.336,61.0,-0.114,68.9,0.115,59.1,-0.387,61.6,-0.385,61.9,0.301,78.0,0.752,31.1,-0.337,31.7,-0.363,61.6,-0.112,68.3,0.095,65.2,-0.305,67.1,-0.311,58.5,0.398,74.4,0.772,34.5,-0.289,35.1,-0.331,9.5,-0.856,9.5,-0.927,27.7,-0.387,27.7,-0.385,9.5,-1.876,9.5,-1.403,32.0,-0.317,32.9,-0.295,35.7,-0.655,43.9,-0.396,42.1,-0.49,45.1,-0.489,45.1,-0.49,68.9,0.327,23.8,-0.402,25.3,-0.421
cvoxwqoj3ak99w6wsp1yfbl04,G. Vianello,Sparta Rotterdam,Defender,3,0.9448519353120928,0.0009273186417867,0.0002802017354733,1.4151,0.4457,0.0004,0.0001,2,0.6426885549518181,0.0,0.0,1.8868,0.6063,0.0,0.0,1,0.3021633803602747,0.0009273186417867,0.0002802017354733,0.9434,0.2851,0.0009,0.0003,2,0.6426885549518181,0.0,0.0,1.8868,0.6063,0.0,0.0,1,0.3021633803602747,0.0009273186417867,0.0002802017354733,0.9434,0.2851,0.0009,0.0003,3,0.9448519353120928,0.0009273186417867,0.0002802017354733,1.4151,0.4457,0.0004,0.0001,20.4,-0.738,14.1,-0.843,34.8,-0.655,28.9,-0.662,77.8,0.612,37.0,-0.42,43.7,-0.512,35.9,-0.523,31.9,-0.597,26.7,-0.706,21.9,-0.495,21.9,-0.521,92.6,1.405,74.1,0.581,25.9,-0.451,26.7,-0.506,15.6,-0.823,13.3,-0.889,52.6,-0.565,50.4,-0.568,53.3,-0.35,19.3,-0.755,65.2,-0.283,63.0,-0.288,39.3,-0.519,38.5,-0.596,28.1,-0.417,28.1,-0.435,100.0,2.066,88.9,1.153,32.6,-0.301,33.0,-0.354,9.3,-0.911,5.9,-1.022,45.9,-0.574,39.3,-0.569,57.8,-0.421,9.6,-1.025,58.1,-0.322,54.1,-0.31,20.4,-0.922,14.1,-1.207,45.2,-0.607,39.3,-0.595,77.0,0.5,41.5,-0.352,50.4,-0.523,42.6,-0.513
cx6fxszjvjam6zb3c3p0dd1jo,M. Godts,AFC Ajax,Forward,5,3.052510457789572,0.0001182562737282,0.0001044037028192,0.9189,0.561,0.0,0.0,3,1.729908396086578,0.0001182562737282,0.0001044037028192,0.9189,0.5299,0.0,0.0,2,1.322602061702994,0.0,0.0,0.9189,0.6077,0.0,0.0,3,2.205461799523388,0.0001182562737282,0.0001044037028192,0.9189,0.6755,0.0,0.0,2,0.8470486582661845,0.0,0.0,0.9189,0.3892,0.0,0.0,5,3.052510457789572,0.0001182562737282,0.0001044037028192,0.9189,0.561,0.0,0.0,78.4,0.458,84.5,0.781,51.7,-0.35,51.7,-0.428,12.9,-0.475,65.5,0.212,27.6,-0.405,29.3,-0.589,81.9,0.732,86.2,0.97,63.8,-0.25,67.2,-0.31,37.1,0.344,69.0,0.453,31.9,-0.338,35.3,-0.477,64.7,0.07,77.6,0.371,36.2,-0.332,36.2,-0.372,37.1,0.254,75.9,0.723,37.1,-0.48,37.9,-0.495,81.9,0.8,91.4,1.415,72.4,-0.25,74.1,-0.207,44.8,0.495,87.9,1.076,35.3,-0.423,37.9,-0.405,63.8,0.009,53.4,-0.114,32.8,-0.27,32.8,-0.394,26.7,0.204,43.1,-0.12,33.6,-0.202,36.2,-0.294,82.8,1.084,96.6,1.714,51.7,-0.289,51.7,-0.398,12.9,-0.441,69.0,0.257,26.7,-0.388,29.3,-0.584
cy0lv5u16obr2ne4xiins43x1,S. Haller,FC Utrecht,Forward,7,3.169629549864913,0.00537059463962471,0.001748603133250306,0.9171,0.4153,0.0007,0.0002,4,1.377178814147793,0.005149558055051,0.0015457433644734,0.9171,0.3158,0.0012,0.0004,3,1.79245073571712,0.0002210365845737098,0.0002028597687769058,0.9171,0.548,0.0001,0.0001,4,2.230217103377085,0.0002210365845737098,0.0002028597687769058,0.9171,0.5114,0.0001,0.0,3,0.939412446487828,0.005149558055051,0.0015457433644734,0.9171,0.2872,0.0016,0.0005,5,2.43585869778304,0.00201768759921691,0.0007561276134399059,0.9171,0.4468,0.0004,0.0001,88.8,1.098,87.9,0.853,94.8,1.388,91.4,1.068,6.9,-0.483,29.3,-0.642,90.5,0.616,76.7,0.244,89.7,1.298,81.0,0.575,98.3,1.544,93.1,1.331,31.0,0.34,39.7,-0.291,94.0,1.005,85.3,0.753,81.9,0.578,84.5,0.812,75.9,-0.127,77.6,0.009,31.0,0.25,69.0,0.522,75.0,-0.052,78.4,0.205,91.4,1.366,93.1,1.44,75.9,-0.167,81.0,-0.064,39.7,0.491,63.8,0.517,75.0,-0.156,37.9,-0.405,81.9,0.556,63.8,-0.018,98.3,1.589,96.6,1.463,19.0,0.199,29.3,-0.534,98.3,0.434,89.7,0.454,82.8,1.084,81.0,1.037,94.8,0.406,79.3,0.356,6.9,-0.449,37.9,-0.433,84.5,0.208,64.7,-0.161
czlf1kiqdfepc61hwfutoydqs,Weslley Patati,Alkmaar Zaanstreek,Midfielder,4,1.89843894358868,2.425789078250307e-05,5.61349852811965e-06,0.9325,0.4426,0.0,0.0,0,0.0,0.0,0.0,0.0,0.0,0.0,0.0,4,1.89843894358868,2.425789078250307e-05,5.61349852811965e-06,0.9325,0.4426,0.0,0.0,1,0.5000649990087691,0.0,0.0,0.9325,0.4663,0.0,0.0,3,1.398373944579911,2.425789078250307e-05,5.61349852811965e-06,0.9325,0.4346,0.0,0.0,4,1.89843894358868,2.425789078250307e-05,5.61349852811965e-06,0.9325,0.4426,0.0,0.0,61.0,-0.138,58.5,-0.211,34.8,-0.486,33.5,-0.502,47.9,-0.514,31.1,-0.573,23.2,-0.398,24.4,-0.421,9.5,-0.932,9.5,-0.966,30.5,-0.323,30.5,-0.323,9.5,-1.85,9.5,-1.564,34.8,-0.357,34.8,-0.336,80.5,0.555,78.0,0.509,56.7,-0.395,55.5,-0.41,65.9,0.302,54.9,0.174,31.1,-0.337,31.7,-0.363,38.7,-0.466,39.6,-0.486,30.2,-0.322,30.2,-0.352,62.2,0.4,53.7,0.239,34.5,-0.289,35.1,-0.331,72.6,0.229,68.9,0.156,58.5,-0.383,56.1,-0.383,64.3,0.271,49.4,-0.003,32.0,-0.317,32.9,-0.295,61.0,0.255,60.4,0.082,36.6,-0.498,35.4,-0.514,49.7,-0.486,32.9,-0.547,23.8,-0.402,25.3,-0.421
d1dq7upxtawnps3wljz6wf9jo,S. Resink,FC Groningen,Midfielder,11,5.611106818471424,0.0027053814346341,0.0018331446817911,1.4631,0.7463,0.0004,0.0002,6,3.183369226674854,0.0,0.0,1.8621,0.9879,0.0,0.0,5,2.427737591796571,0.0027053814346341,0.0018331446817911,1.1638,0.5651,0.0006,0.0004,7,3.368921945444332,0.0027053814346341,0.0018331446817911,1.3034,0.6273,0.0005,0.0003,4,2.242184873027093,0.0,0.0,0.931,0.5219,0.0,0.0,9,4.570717869513125,0.0027053814346341,0.0018331446817911,1.6759,0.8511,0.0005,0.0003,93.0,1.277,91.5,1.38,76.2,-0.133,79.3,0.118,94.5,1.949,83.5,1.004,66.2,-0.246,65.5,-0.213,92.7,1.456,91.5,1.536,30.5,-0.323,30.5,-0.323,97.6,2.145,99.4,1.757,34.8,-0.357,34.8,-0.336,86.6,0.889,86.0,0.874,83.5,0.056,86.0,0.405,82.9,0.753,71.6,0.577,79.6,-0.141,81.1,0.014,93.9,1.657,92.1,1.527,90.9,0.3,92.7,0.832,95.7,1.224,78.0,0.803,84.5,-0.023,84.5,0.152,83.2,0.591,86.0,0.809,27.7,-0.387,27.7,-0.385,58.2,0.267,64.0,0.278,32.0,-0.317,32.9,-0.295,99.1,2.532,98.8,2.32,78.7,-0.052,81.1,0.277,97.0,2.895,92.1,1.484,69.8,-0.213,71.3,-0.111
d2698ncsatg6jtvb0l9ijhj4k,N. Hopland,SC Heerenveen,Defender,9,2.798196524808055,0.0238383574133395,0.007638998995006645,1.3838,0.4302,0.0037,0.0012,5,1.822123112721637,0.0001261144235759,6.320134109704561e-05,1.5376,0.5603,0.0,0.0,4,0.9760734120864178,0.0237122429897636,0.0075757976539096,1.2301,0.3002,0.0073,0.0023,1,0.2673291509055403,0.0,0.0,0.9226,0.2466,0.0,0.0,8,2.530867373902514,0.0238383574133395,0.007638998995006645,1.4761,0.467,0.0044,0.0014,7,2.105982749465776,0.0238383574133395,0.007638998995006645,1.2916,0.3886,0.0044,0.0014,60.0,-0.159,48.1,-0.369,77.8,0.467,80.0,0.437,72.6,0.512,32.6,-0.526,85.6,0.737,87.0,0.658,62.6,-0.088,54.8,-0.169,49.6,-0.484,49.6,-0.504,80.0,0.752,67.4,0.389,25.9,-0.451,26.7,-0.506,55.2,-0.226,37.0,-0.545,86.7,1.13,85.2,1.11,65.2,0.206,23.0,-0.688,91.9,1.083,90.4,1.134,26.3,-0.699,23.7,-0.771,28.1,-0.417,28.1,-0.435,31.9,0.065,26.7,-0.508,32.6,-0.301,33.0,-0.354,76.3,0.428,66.7,0.109,85.2,0.759,85.9,0.714,91.9,1.456,59.3,0.12,87.0,0.738,86.3,0.608,74.4,0.53,47.4,-0.102,89.6,1.221,89.6,1.282,65.2,0.16,26.7,-0.703,86.3,0.873,88.1,0.822
d29ahwtvs7ls75wdtkf7xr8tm,Z. Buurmeester,PEC Zwolle,Forward,6,3.093902632996532,0.0013424076173437,0.0008604891502364635,0.9435,0.4865,0.0002,0.0001,2,0.4707138058588174,0.0001419277479417,9.917225090563616e-06,0.9435,0.2221,0.0001,0.0,4,2.623188827137715,0.001200479869402,0.0008505719251458999,0.9435,0.6187,0.0003,0.0002,3,1.411680621836769,0.0003934122194835001,0.0002465557675451636,0.9435,0.444,0.0001,0.0001,3,1.682222011159763,0.0009489953978602,0.0006139333826913,0.9435,0.529,0.0003,0.0002,5,3.024027465988098,0.001200479869402,0.0008505719251459,0.9435,0.5706,0.0002,0.0002,85.3,0.778,86.2,0.807,77.6,0.055,82.8,0.26,74.1,-0.366,46.6,-0.225,69.8,-0.113,65.5,-0.172,69.0,0.166,43.1,-0.441,65.5,-0.241,62.1,-0.418,87.9,0.397,25.9,-0.617,68.1,-0.226,35.3,-0.477,89.7,1.086,94.8,1.592,91.4,0.781,93.1,1.226,84.5,0.302,77.6,0.759,85.3,0.806,85.3,0.906,81.9,0.8,77.6,0.595,82.8,-0.028,82.8,0.0,87.9,0.546,56.9,0.288,75.0,-0.156,80.2,0.084,81.9,0.556,86.2,0.76,84.5,0.072,84.5,0.343,89.7,0.275,69.0,0.447,82.8,-0.083,79.3,0.005,82.8,1.084,94.8,1.683,75.9,0.107,84.5,0.465,77.6,-0.332,72.4,0.315,67.2,-0.09,76.7,0.263
d36na8jr6xcc8eronhy8mcz1m,K. Sildillia,PSV Eindhoven,Defender,3,1.121421174734309,0.0,0.0,1.4076,0.5262,0.0,0.0,2,0.5287299228882555,0.0,0.0,1.8769,0.4962,0.0,0.0,1,0.5926912518460541,0.0,0.0,0.9384,0.5562,0.0,0.0,1,0.2275505941237469,0.0,0.0,0.9384,0.2135,0.0,0.0,2,0.8938705806105627,0.0,0.0,0.9384,0.4194,0.0,0.0,3,1.121421174734309,0.0,0.0,1.4076,0.5262,0.0,0.0,20.4,-0.738,17.0,-0.798,10.4,-0.701,10.4,-0.703,76.3,0.588,55.6,0.129,11.9,-0.664,14.1,-0.631,31.9,-0.597,23.0,-0.757,21.9,-0.495,21.9,-0.521,91.9,1.387,54.1,0.121,25.9,-0.451,26.7,-0.506,15.6,-0.823,24.4,-0.74,21.1,-0.634,21.1,-0.632,49.6,-0.359,68.1,0.446,22.6,-0.475,23.7,-0.501,26.3,-0.699,19.3,-0.79,28.1,-0.417,28.1,-0.435,63.0,0.098,20.7,-0.661,32.6,-0.301,33.0,-0.354,24.8,-0.719,23.7,-0.722,15.2,-0.628,15.2,-0.618,54.1,-0.438,42.2,-0.179,17.0,-0.595,17.4,-0.561,20.4,-0.922,17.0,-1.039,13.7,-0.681,13.7,-0.667,76.3,0.479,63.0,0.143,16.3,-0.662,18.1,-0.615
d4j19ipiaeuetyij08fofgs15,J. Veerman,PSV Eindhoven,Midfielder,7,2.523675159327215,0.0,0.0,1.0938,0.3943,0.0,0.0,1,0.2574615584123886,0.0,0.0,0.9375,0.2414,0.0,0.0,6,2.266213600914826,0.0,0.0,1.125,0.4249,0.0,0.0,4,1.553617013658896,0.0,0.0,0.9375,0.3641,0.0,0.0,3,0.970058145668319,0.0,0.0,0.9375,0.3031,0.0,0.0,6,2.24967168405602,0.0,0.0,1.125,0.4218,0.0,0.0,78.7,0.468,68.3,0.057,16.5,-0.489,16.5,-0.504,74.4,0.235,22.0,-0.824,23.2,-0.398,24.4,-0.421,34.5,-0.534,23.2,-0.764,30.5,-0.323,30.5,-0.323,70.7,0.162,23.8,-0.753,34.8,-0.357,34.8,-0.336,91.2,1.224,81.7,0.763,27.1,-0.399,27.1,-0.413,81.7,0.677,52.4,0.116,31.1,-0.337,31.7,-0.363,81.1,0.596,72.6,0.253,30.2,-0.322,30.2,-0.352,80.2,0.411,43.9,-0.12,34.5,-0.289,35.1,-0.331,72.6,0.229,55.5,-0.176,27.7,-0.387,27.7,-0.385,79.6,0.282,27.4,-0.427,32.0,-0.317,32.9,-0.295,85.4,1.166,67.7,0.376,17.4,-0.502,17.4,-0.516,79.9,0.39,28.7,-0.651,23.8,-0.402,25.3,-0.421
d4klz2gxqb1diw57z8c9ttixg,G. van Zwam,Go Ahead Eagles,Defender,5,1.353828896641192,0.0443949288060112,0.0099477499511768,1.177,0.3187,0.0105,0.0023,1,0.1990904476325552,0.0203557268681318,0.0040526307740624,0.9416,0.1875,0.0192,0.0038,4,1.154738449008637,0.0240392019378794,0.0058951191771144,1.2554,0.3624,0.0075,0.0019,0,0.0,0.0,0.0,0.0,0.0,0.0,0.0,5,1.353828896641192,0.0443949288060112,0.0099477499511768,1.177,0.3187,0.0105,0.0023,5,1.353828896641192,0.0443949288060112,0.0099477499511768,1.177,0.3187,0.0105,0.0023,36.7,-0.545,24.4,-0.738,89.6,1.474,85.2,0.782,57.8,-0.149,7.4,-1.286,97.8,3.31,95.6,1.839,17.8,-0.767,11.1,-0.907,88.1,1.248,83.0,0.555,48.1,-0.364,11.1,-1.167,100.0,6.756,98.9,4.335,55.2,-0.226,43.7,-0.454,88.9,1.155,80.0,0.723,68.9,0.255,34.1,-0.413,92.6,1.126,88.1,0.849,9.6,-0.879,9.6,-0.896,28.1,-0.417,28.1,-0.435,9.6,-1.849,9.6,-1.647,32.6,-0.301,33.0,-0.354,60.0,-0.146,41.5,-0.489,94.8,1.955,90.4,1.116,76.3,0.402,17.0,-0.813,96.7,2.586,94.8,1.359,42.2,-0.196,24.4,-0.818,98.5,2.86,94.8,1.871,60.0,-0.156,8.9,-1.134,97.8,3.002,94.8,1.747
d5g7rl9a83vu3cyyzvu5yveqy,A. MacNulty,PEC Zwolle,Defender,19,7.582323079505149,0.03075633650056639,0.01261809045942078,1.3706,0.547,0.0022,0.0009,15,6.325195695202204,0.02364103502925069,0.01064497849653363,1.563,0.6591,0.0025,0.0011,4,1.257127384302945,0.0071153014713157,0.001973111962887159,0.9378,0.2947,0.0017,0.0005,7,2.652387795167169,0.004510001236621093,0.001410097512920364,0.9378,0.3553,0.0006,0.0002,12,4.929935284337979,0.0262463352639453,0.01120799294650042,1.4067,0.5779,0.0031,0.0013,9,3.358376167221734,0.0043325453653076,0.0015870539202049,1.688,0.6299,0.0008,0.0003,82.6,0.805,82.2,0.856,85.2,0.806,88.1,1.181,69.6,0.47,62.2,0.271,74.1,0.169,78.1,0.336,90.7,1.61,94.1,1.881,92.6,1.53,94.8,2.306,81.5,0.799,80.0,0.801,83.0,0.487,89.6,0.895,55.2,-0.226,49.6,-0.402,71.9,-0.104,68.9,-0.178,46.3,-0.361,21.5,-0.713,69.6,-0.112,69.3,-0.146,75.9,0.38,72.6,0.341,84.4,0.12,82.2,0.092,59.6,0.097,45.2,-0.006,80.0,-0.065,79.3,-0.049,86.3,1.192,88.1,1.326,88.9,0.899,91.9,1.336,88.9,1.211,85.2,0.818,78.5,0.344,84.1,0.524,88.9,1.255,85.9,1.091,63.0,-0.335,63.0,-0.262,87.4,1.252,82.2,0.782,61.1,-0.383,60.4,-0.307
d5v47kueisvcjjz4f69m83sut,J. Drommel,Sparta Rotterdam,Goalkeeper,3,0.5720115395915915,0.0034895602906978,0.0006851330624474,0.9292,0.1772,0.0011,0.0002,2,0.3756736043297206,0.0,0.0,0.9292,0.1745,0.0,0.0,1,0.1963379352618708,0.0034895602906978,0.0006851330624474,0.9292,0.1824,0.0032,0.0006,1,0.1963379352618708,0.0034895602906978,0.0006851330624474,0.9292,0.1824,0.0032,0.0006,2,0.3756736043297206,0.0,0.0,0.9292,0.1745,0.0,0.0,3,0.5720115395915913,0.0034895602906978,0.0006851330624474,0.9292,0.1772,0.0011,0.0002,53.1,-0.397,59.4,-0.422,59.4,-0.445,56.2,-0.458,28.1,-0.594,28.1,-0.605,59.4,-0.377,57.8,-0.375,53.1,-0.346,56.2,-0.399,32.8,-0.467,32.8,-0.48,40.6,-0.214,31.2,-0.433,34.4,-0.408,34.4,-0.488,50.0,-0.41,46.9,-0.424,71.9,-0.202,71.9,-0.205,50.0,0.435,50.0,0.033,84.4,0.057,78.1,0.172,42.2,-0.474,43.8,-0.437,87.5,-0.133,81.2,-0.097,46.9,0.37,59.4,-0.073,93.8,0.333,90.6,0.871,56.2,-0.25,53.1,-0.37,31.2,-0.538,31.2,-0.601,50.0,0.129,34.4,-0.271,32.8,-0.482,32.8,-0.519,53.1,-0.278,59.4,-0.397,65.6,-0.336,59.4,-0.375,28.1,-0.567,28.1,-0.547,65.6,-0.369,60.9,-0.361
d5wx8rvjfaw1arn69fdd64d90,R. Bozinovski,Heracles Almelo,Midfielder,2,0.7898760812686805,0.0009868810103638,0.0004531140672747,0.9339,0.3688,0.0005,0.0002,2,0.7898760812686805,0.0009868810103638,0.0004531140672747,0.9339,0.3688,0.0005,0.0002,0,0.0,0.0,0.0,0.0,0.0,0.0,0.0,1,0.459137487211069,0.0009868810103638,0.0004531140672747,0.9339,0.4288,0.0009,0.0004,1,0.3307385940576114,0.0,0.0,0.9339,0.3089,0.0,0.0,2,0.7898760812686805,0.0009868810103638,0.0004531140672747,0.9339,0.3688,0.0005,0.0002,35.7,-0.542,22.0,-0.685,64.0,-0.359,60.4,-0.351,53.4,-0.507,18.9,-0.956,68.0,-0.207,65.5,-0.213,59.1,-0.136,39.6,-0.345,82.0,-0.086,78.7,-0.062,63.1,0.154,37.2,-0.324,81.7,0.008,79.3,-0.013,13.4,-0.783,13.4,-0.802,27.1,-0.399,27.1,-0.413,13.4,-1.515,13.4,-1.282,31.1,-0.337,31.7,-0.363,38.7,-0.466,39.0,-0.515,81.4,-0.095,79.9,-0.059,67.7,0.403,48.8,0.107,88.1,0.189,87.2,0.313,34.8,-0.494,26.8,-0.671,27.7,-0.387,27.7,-0.385,71.0,0.274,29.3,-0.408,32.0,-0.317,32.9,-0.295,35.7,-0.655,22.0,-0.847,66.5,-0.338,62.8,-0.32,55.2,-0.48,21.3,-0.914,69.8,-0.213,66.8,-0.214
d785q9rpqlyuyswv8f9fx4cno,M. Nassoh,NAC Breda,Midfielder,5,3.096684455817177,0.0029775683426242,0.0026573694799199,1.1555,0.7157,0.0007,0.0006,1,0.2703850588117314,0.0,0.0,0.9244,0.25,0.0,0.0,4,2.826299397005445,0.0029775683426242,0.0026573694799199,1.2326,0.8709,0.0009,0.0008,1,0.2703850588117314,0.0,0.0,0.9244,0.25,0.0,0.0,4,2.826299397005445,0.0029775683426242,0.0026573694799199,1.2326,0.8709,0.0009,0.0008,5,3.096684455817177,0.0029775683426242,0.0026573694799199,1.1555,0.7157,0.0007,0.0006,68.9,0.064,73.2,0.303,77.4,-0.097,85.4,0.397,78.0,0.521,81.1,0.845,72.9,-0.131,80.5,0.202,34.5,-0.534,24.4,-0.753,30.5,-0.323,30.5,-0.323,32.3,0.133,25.0,-0.724,34.8,-0.357,34.8,-0.336,80.5,0.555,89.0,1.149,85.4,0.101,90.2,0.773,84.8,0.887,94.5,1.583,82.9,-0.044,86.6,0.391,38.7,-0.466,30.5,-0.647,30.2,-0.322,30.2,-0.352,38.4,0.382,31.7,-0.52,34.5,-0.289,35.1,-0.331,83.2,0.591,90.2,1.261,85.4,0.11,89.0,0.702,93.9,0.962,95.7,1.403,83.5,0.007,88.1,0.341,72.9,0.711,83.5,1.086,79.9,-0.006,86.6,0.633,82.3,0.528,79.3,0.811,73.8,-0.137,79.6,0.198
d7ml58kwwpetvnw46qja9ru5m,A. Descotte,FC Volendam,Midfielder,4,1.398041169388721,6.634453049959854e-05,3.653222826069853e-05,0.9361,0.3272,0.0,0.0,2,1.066971269183481,6.634453049959854e-05,3.653222826069853e-05,0.9361,0.4994,0.0,0.0,2,0.3310699002052395,0.0,0.0,0.9361,0.155,0.0,0.0,1,0.5506441598967919,6.634453049959854e-05,3.653222826069853e-05,0.9361,0.5155,0.0001,0.0,3,0.8473970094919288,0.0,0.0,0.9361,0.2644,0.0,0.0,4,1.398041169388721,6.634453049959854e-05,3.653222826069853e-05,0.9361,0.3272,0.0,0.0,61.0,-0.138,47.0,-0.425,38.4,-0.48,37.2,-0.492,57.9,-0.497,10.4,-1.172,23.2,-0.398,24.4,-0.421,59.1,-0.136,59.1,-0.127,64.0,-0.307,63.4,-0.302,67.7,0.159,50.0,0.115,34.8,-0.357,34.8,-0.336,61.0,-0.114,34.8,-0.573,27.1,-0.399,27.1,-0.413,74.4,0.309,28.0,-0.772,31.1,-0.337,31.7,-0.363,38.7,-0.466,40.2,-0.451,64.0,-0.306,64.0,-0.329,75.6,0.408,59.1,0.411,72.3,-0.235,35.1,-0.331,72.6,0.229,46.3,-0.271,27.7,-0.387,27.7,-0.385,76.2,0.279,26.2,-0.551,32.0,-0.317,32.9,-0.295,61.0,0.255,47.0,-0.337,40.9,-0.491,40.2,-0.501,61.0,-0.47,11.0,-1.121,23.8,-0.402,25.3,-0.421
d8cxurdt9g5gezqlfwae7ooru,M. Meulensteen,Go Ahead Eagles,Midfielder,21,8.040352126921727,0.0402145290012492,0.0162643542078089,1.5116,0.5788,0.0029,0.0012,12,3.959843489219018,0.006310705022022699,0.0021187959741183,1.6042,0.5294,0.0008,0.0003,9,4.080508637702709,0.0339038239792265,0.0141455582336906,1.4037,0.6364,0.0053,0.0022,11,3.765482683525354,0.0248706574135082,0.0076754240529926,1.1437,0.3915,0.0026,0.0008,10,4.274869443396373,0.015343871587741,0.0085889301548163,1.1697,0.5,0.0018,0.001,5,1.635536519581675,0.0231675526357988,0.0066269070969643,0.9358,0.3061,0.0043,0.0012,97.6,3.297,97.6,2.42,99.4,4.802,100.0,5.014,95.7,2.174,59.8,0.134,89.0,0.707,93.0,0.825,98.8,3.844,95.1,2.147,93.9,1.196,93.3,0.896,95.1,1.592,54.9,0.216,86.9,0.228,83.2,0.149,96.6,2.227,95.1,2.015,100.0,5.302,100.0,5.901,93.3,1.221,79.9,0.812,94.5,1.391,96.3,1.711,98.2,3.073,93.9,1.806,99.4,5.392,98.8,4.608,90.9,0.869,45.7,-0.024,94.5,1.093,91.8,0.958,99.1,2.761,97.6,2.383,94.5,2.174,97.6,3.13,92.1,0.817,61.0,0.208,87.5,0.33,91.2,0.5,72.9,0.711,52.4,-0.138,98.8,3.359,96.3,2.35,59.8,-0.471,7.9,-1.226,94.2,1.223,93.3,0.817
dafbvyorudvujxw7zswicykmh,O. Wijndal,AFC Ajax,Defender,3,0.8937914553425187,0.00566603000632959,0.002130188103334406,1.3857,0.4129,0.0026,0.001,3,0.8937914553425187,0.00566603000632959,0.002130188103334406,1.3857,0.4129,0.0026,0.001,0,0.0,0.0,0.0,0.0,0.0,0.0,0.0,2,0.5170659370481325,3.294057597529043e-05,8.059568085605653e-06,1.8476,0.4777,0.0,0.0,1,0.3767255182943861,0.0056330894303543,0.0021221285352488,0.9238,0.348,0.0052,0.002,3,0.8937914553425186,0.00566603000632959,0.002130188103334406,1.3857,0.4129,0.0026,0.001,20.4,-0.738,11.9,-0.856,54.8,-0.423,56.3,-0.385,73.3,0.518,27.4,-0.644,77.4,0.32,82.2,0.443,44.8,-0.428,34.1,-0.591,76.3,-0.01,77.0,0.045,68.9,0.467,37.8,-0.226,84.1,0.525,87.8,0.768,4.4,-1.022,4.4,-1.043,21.1,-0.634,21.1,-0.632,4.4,-2.18,4.4,-2.019,22.6,-0.475,23.7,-0.501,39.3,-0.519,31.9,-0.655,57.0,-0.413,57.0,-0.432,98.5,1.984,72.6,0.559,32.6,-0.301,33.0,-0.354,9.3,-0.911,10.4,-0.985,60.7,-0.3,62.2,-0.248,19.3,-0.49,25.9,-0.629,90.0,0.98,92.6,1.108,20.4,-0.922,11.9,-1.256,63.7,-0.229,65.9,-0.123,74.8,0.419,34.8,-0.554,72.2,0.245,78.5,0.412
dbg4ducw8j747foxiexle1iad,P. Clement,Sparta Rotterdam,Midfielder,7,2.641573249816865,0.0069279323283129,0.0017483914880725,1.2985,0.49,0.0013,0.0003,4,1.60541188611172,0.0,0.0,1.8549,0.7445,0.0,0.0,3,1.036161363705145,0.0069279323283129,0.0017483914880725,0.9275,0.3203,0.0021,0.0005,5,1.970852015110944,0.0,0.0,1.5458,0.6093,0.0,0.0,2,0.6707212347059208,0.0069279323283129,0.0017483914880725,0.9275,0.311,0.0032,0.0008,7,2.641573249816864,0.0069279323283129,0.0017483914880725,1.2985,0.49,0.0013,0.0003,78.7,0.468,68.9,0.108,84.8,0.422,78.0,0.089,88.4,1.185,38.4,-0.327,82.6,0.097,71.6,-0.11,80.5,0.66,73.2,0.296,30.5,-0.323,30.5,-0.323,97.0,2.13,79.9,0.939,34.8,-0.357,34.8,-0.336,72.3,0.22,62.2,-0.086,89.6,0.766,84.8,0.368,47.6,0.293,40.9,-0.228,87.5,0.348,83.2,0.109,86.6,0.949,82.3,0.546,30.2,-0.322,30.2,-0.352,99.4,1.762,73.2,0.74,34.5,-0.289,35.1,-0.331,58.5,-0.132,41.5,-0.408,89.0,0.769,86.0,0.33,43.9,0.259,30.5,-0.401,92.1,0.834,88.1,0.341,93.6,1.621,73.8,0.704,86.0,0.652,79.9,0.24,89.6,1.179,39.6,-0.311,82.6,0.089,71.3,-0.111
dc119ejc7lls2rd3ywigl2smi,R. Zerrouki,FC Twente,Midfielder,24,10.2269085413736,0.01529589612373919,0.004770276983366488,1.4874,0.6338,0.0009,0.0003,13,5.996740014689429,4.475894523209289e-05,3.418917511558779e-05,1.7265,0.7964,0.0,0.0,11,4.23016852668417,0.0152511371785071,0.0047360878082509,1.2782,0.4916,0.0018,0.0006,18,8.003095439169131,0.002120372884740193,0.001010684954218988,1.3944,0.62,0.0002,0.0001,6,2.223813102204467,0.013175523238999,0.0037595920291475,0.9296,0.3446,0.002,0.0006,9,4.179620839270616,0.0152671784001873,0.004750284319313586,1.6733,0.7771,0.0028,0.0009,99.4,3.904,98.2,3.357,90.2,1.523,89.0,1.114,95.1,2.062,69.5,0.42,77.7,-0.055,71.6,-0.11,99.4,4.242,99.4,3.748,61.6,-0.313,62.8,-0.303,95.7,1.854,85.4,1.113,34.8,-0.357,34.8,-0.336,98.2,2.896,97.0,2.118,93.3,2.165,93.9,1.701,89.0,0.976,59.1,0.335,86.6,0.25,85.4,0.203,100.0,5.55,100.0,4.779,87.2,0.166,86.6,0.301,97.6,1.426,75.0,0.778,77.4,-0.182,74.7,-0.17,90.9,1.314,85.4,0.795,91.5,1.812,90.9,1.154,50.9,0.264,36.6,-0.293,88.7,0.402,85.4,0.182,99.1,2.532,94.5,1.993,92.1,2.042,92.1,1.538,96.3,2.884,82.9,1.116,87.8,0.656,87.8,0.507
dc4n5ylytswddlvd82snkb90q,S. van Hooijdonk,NAC Breda,Forward,4,2.307659821348098,0.0018289913039708,0.001444976726984912,0.9262,0.5344,0.0004,0.0003,1,0.9825789020175202,0.0012220505914408,0.0012007611283478,0.9262,0.9101,0.0011,0.0011,3,1.325080919330577,0.00060694071253,0.0002442155986371119,0.9262,0.4091,0.0002,0.0001,1,0.4647950808665459,0.0001419277479417,6.596731908181189e-05,0.9262,0.4305,0.0001,0.0001,3,1.842864740481552,0.0016870635560291,0.0013790094079031,0.9262,0.569,0.0005,0.0004,4,2.307659821348098,0.0018289913039708,0.001444976726984912,0.9262,0.5344,0.0004,0.0003,69.0,0.138,75.9,0.32,87.9,0.216,89.7,0.791,29.3,-0.443,55.2,0.056,80.2,0.179,81.9,0.661,43.1,-0.4,75.9,0.133,82.8,0.144,89.7,0.938,51.7,0.36,98.3,1.773,91.4,0.893,97.4,2.906,81.9,0.578,79.3,0.373,84.5,0.231,79.3,0.087,48.3,0.268,50.0,0.056,78.4,0.377,78.4,0.205,48.3,-0.332,44.8,-0.382,74.1,-0.231,72.4,-0.263,56.9,0.51,51.7,0.242,75.0,-0.156,80.2,0.084,81.9,0.556,91.4,0.928,93.1,0.339,93.1,1.263,44.8,0.225,77.6,0.609,87.1,-0.003,86.2,0.305,69.0,0.542,75.9,0.897,91.4,0.337,93.1,1.153,32.8,-0.409,58.6,0.096,84.5,0.208,84.5,0.687
dej8tywq0npvbm25sfgtqur1m,O. Kökçü,FC Volendam,Midfielder,2,1.288700923772232,9.726045924919602e-05,8.630881556769082e-05,0.9337,0.6016,0.0,0.0,2,1.288700923772232,9.726045924919602e-05,8.630881556769082e-05,0.9337,0.6016,0.0,0.0,0,0.0,0.0,0.0,0.0,0.0,0.0,0.0,1,0.4013021161380364,0.0,0.0,0.9337,0.3747,0.0,0.0,1,0.8873988076341955,9.726045924919602e-05,8.630881556769082e-05,0.9337,0.8285,0.0001,0.0001,2,1.288700923772232,9.726045924919602e-05,8.630881556769082e-05,0.9337,0.6016,0.0,0.0,35.7,-0.542,43.3,-0.472,41.5,-0.476,43.9,-0.475,52.1,-0.508,62.8,0.253,23.2,-0.398,24.4,-0.421,59.1,-0.136,67.1,0.047,66.5,-0.3,67.1,-0.273,61.9,0.153,65.2,0.458,34.8,-0.357,34.8,-0.336,13.4,-0.783,13.4,-0.802,27.1,-0.399,27.1,-0.413,13.4,-1.515,13.4,-1.282,31.1,-0.337,31.7,-0.363,38.7,-0.466,37.2,-0.555,30.2,-0.322,30.2,-0.352,66.5,0.402,44.5,-0.083,34.5,-0.289,35.1,-0.331,34.8,-0.494,51.2,-0.24,62.8,-0.371,64.0,-0.35,69.2,0.273,93.3,1.266,66.8,-0.281,70.4,-0.215,35.7,-0.655,43.3,-0.429,44.5,-0.486,47.0,-0.479,54.0,-0.481,66.5,0.244,23.8,-0.402,25.3,-0.421
devvpv4u2vs2cofnwp4678mvp,D. Malone,SC Telstar,Defender,2,0.7167599535323315,0.0,0.0,0.9331,0.3344,0.0,0.0,1,0.3273229346397059,0.0,0.0,0.9331,0.3054,0.0,0.0,1,0.3894370188926256,0.0,0.0,0.9331,0.3634,0.0,0.0,0,0.0,0.0,0.0,0.0,0.0,0.0,0.0,2,0.7167599535323315,0.0,0.0,0.9331,0.3344,0.0,0.0,2,0.7167599535323315,0.0,0.0,0.9331,0.3344,0.0,0.0,11.9,-0.834,7.4,-0.901,10.4,-0.701,10.4,-0.703,20.7,-0.928,8.9,-1.179,11.9,-0.664,14.1,-0.631,17.8,-0.767,16.3,-0.849,21.9,-0.495,21.9,-0.521,34.8,-0.38,23.0,-0.675,25.9,-0.451,26.7,-0.506,15.6,-0.823,16.3,-0.844,21.1,-0.634,21.1,-0.632,38.5,-0.37,34.8,-0.408,22.6,-0.475,23.7,-0.501,9.6,-0.879,9.6,-0.896,28.1,-0.417,28.1,-0.435,9.6,-1.849,9.6,-1.647,32.6,-0.301,33.0,-0.354,24.8,-0.719,18.5,-0.812,15.2,-0.628,15.2,-0.618,40.0,-0.457,19.3,-0.715,17.0,-0.595,17.4,-0.561,11.9,-1.285,7.4,-1.424,13.7,-0.681,13.7,-0.667,23.0,-0.828,11.9,-1.037,16.3,-0.662,18.1,-0.615
dficbkp6sp4kw7xihaxneozpx,Y. Namli,PEC Zwolle,Midfielder,1,0.8927117258687282,0.0,0.0,0.9375,0.8369,0.0,0.0,1,0.8927117258687282,0.0,0.0,0.9375,0.8369,0.0,0.0,0,0.0,0.0,0.0,0.0,0.0,0.0,0.0,1,0.8927117258687282,0.0,0.0,0.9375,0.8369,0.0,0.0,0,0.0,0.0,0.0,0.0,0.0,0.0,0.0,1,0.8927117258687282,0.0,0.0,0.9375,0.8369,0.0,0.0,12.8,-0.744,26.8,-0.641,16.5,-0.489,16.5,-0.504,61.6,-0.491,92.1,1.475,23.2,-0.398,24.4,-0.421,34.5,-0.534,48.8,-0.264,30.5,-0.323,30.5,-0.323,70.7,0.162,91.5,1.249,34.8,-0.357,34.8,-0.336,13.4,-0.783,13.4,-0.802,27.1,-0.399,27.1,-0.413,13.4,-1.515,13.4,-1.282,31.1,-0.337,31.7,-0.363,38.7,-0.466,53.0,-0.211,30.2,-0.322,30.2,-0.352,80.2,0.411,92.7,1.538,34.5,-0.289,35.1,-0.331,9.5,-0.856,9.5,-0.927,27.7,-0.387,27.7,-0.385,9.5,-1.876,9.5,-1.403,32.0,-0.317,32.9,-0.295,12.8,-1.11,26.8,-0.761,17.4,-0.502,17.4,-0.516,64.6,-0.463,90.2,1.414,23.8,-0.402,25.3,-0.421
dgex06nxjy9fdvc12o8keg99l,K. Ogawa,Nijmegen Eendracht Combinatie,Forward,4,1.878040727619627,0.0,0.0,0.9169,0.4305,0.0,0.0,2,0.9456675183793763,0.0,0.0,0.9169,0.4336,0.0,0.0,2,0.9323732092402504,0.0,0.0,0.9169,0.4275,0.0,0.0,2,0.9323732092402504,0.0,0.0,0.9169,0.4275,0.0,0.0,2,0.9456675183793763,0.0,0.0,0.9169,0.4336,0.0,0.0,4,1.878040727619627,0.0,0.0,0.9169,0.4305,0.0,0.0,69.0,0.138,72.4,0.054,23.3,-0.389,23.3,-0.523,5.2,-0.484,32.8,-0.553,27.6,-0.405,29.3,-0.589,69.0,0.166,72.4,0.091,30.2,-0.292,30.2,-0.429,29.3,0.34,56.9,0.118,31.9,-0.338,35.3,-0.477,64.7,0.07,60.3,0.005,36.2,-0.332,36.2,-0.372,29.3,0.25,55.2,0.117,37.1,-0.48,37.9,-0.495,69.8,0.234,65.5,0.1,34.5,-0.345,34.5,-0.359,37.9,0.491,48.3,0.232,35.3,-0.423,37.9,-0.405,63.8,0.009,67.2,-0.011,32.8,-0.27,32.8,-0.394,17.2,0.198,56.9,0.06,33.6,-0.202,36.2,-0.294,69.0,0.542,72.4,0.425,23.3,-0.332,23.3,-0.519,5.2,-0.45,31.0,-0.532,26.7,-0.388,29.3,-0.584
djekc2mhsntvqyvsq26ru115g,D. Bisschops,Fortuna Sittard,Defender,1,0.4383722758564069,0.0015106484098239,0.0006622263814334,0.9375,0.411,0.0014,0.0006,1,0.4383722758564069,0.0015106484098239,0.0006622263814334,0.9375,0.411,0.0014,0.0006,0,0.0,0.0,0.0,0.0,0.0,0.0,0.0,0,0.0,0.0,0.0,0.0,0.0,0.0,0.0,1,0.4383722758564069,0.0015106484098239,0.0006622263814334,0.9375,0.411,0.0014,0.0006,1,0.4383722758564069,0.0015106484098239,0.0006622263814334,0.9375,0.411,0.0014,0.0006,4.1,-0.93,4.4,-0.973,39.6,-0.627,39.3,-0.605,27.8,-0.914,25.9,-0.657,62.2,-0.134,69.3,0.014,17.8,-0.767,20.0,-0.799,64.4,-0.366,63.7,-0.345,42.6,-0.372,36.7,-0.234,79.3,0.075,78.1,0.259,4.4,-1.022,4.4,-1.043,21.1,-0.634,21.1,-0.632,4.4,-2.18,4.4,-2.019,22.6,-0.475,23.7,-0.501,9.6,-0.879,9.6,-0.896,28.1,-0.417,28.1,-0.435,9.6,-1.849,9.6,-1.647,32.6,-0.301,33.0,-0.354,9.3,-0.911,11.9,-0.953,50.0,-0.54,48.1,-0.503,50.7,-0.441,40.0,-0.232,63.7,-0.171,70.0,-0.06,4.1,-1.648,4.4,-1.69,49.3,-0.56,50.4,-0.498,32.2,-0.816,33.3,-0.566,63.3,-0.174,68.5,0.001
dk7zyk16nsnh0czeky7vi0x78,S. van Duijn,SC Telstar,Forward,1,0.4111997469331453,0.0,0.0,0.9265,0.381,0.0,0.0,0,0.0,0.0,0.0,0.0,0.0,0.0,0.0,1,0.4111997469331453,0.0,0.0,0.9265,0.381,0.0,0.0,0,0.0,0.0,0.0,0.0,0.0,0.0,0.0,1,0.4111997469331453,0.0,0.0,0.9265,0.381,0.0,0.0,1,0.4111997469331453,0.0,0.0,0.9265,0.381,0.0,0.0,14.7,-0.822,8.6,-0.855,23.3,-0.389,23.3,-0.523,31.0,-0.441,19.0,-0.843,27.6,-0.405,29.3,-0.589,12.9,-0.966,12.9,-0.969,30.2,-0.292,30.2,-0.429,12.9,-1.615,12.9,-1.388,31.9,-0.338,35.3,-0.477,38.8,-0.438,34.5,-0.484,36.2,-0.332,36.2,-0.372,50.0,0.269,44.8,-0.039,37.1,-0.48,37.9,-0.495,16.4,-0.897,16.4,-0.862,34.5,-0.345,34.5,-0.359,16.4,-1.43,16.4,-1.224,35.3,-0.423,37.9,-0.405,31.9,-0.537,27.6,-0.571,32.8,-0.27,32.8,-0.394,46.6,0.226,41.4,-0.154,33.6,-0.202,36.2,-0.294,14.7,-1.084,8.6,-1.186,23.3,-0.332,23.3,-0.519,34.5,-0.407,19.0,-0.831,26.7,-0.388,29.3,-0.584
do5gstk4ks97daehnudehyjxm,J. Žambůrek,Heracles Almelo,Midfielder,6,3.202069476111131,0.0181899191724732,0.0048746710277495,1.4051,0.7499,0.0043,0.0011,3,1.785735937110526,0.0018814336329786,0.0007924480468687999,1.4051,0.8364,0.0009,0.0004,3,1.416333539000605,0.0163084855394946,0.0040822229808807,1.4051,0.6634,0.0076,0.0019,4,1.951877348455436,0.0181899191724732,0.0048746710277495,0.9367,0.4571,0.0043,0.0011,2,1.250192127655695,0.0,0.0,0.9367,0.5856,0.0,0.0,6,3.202069476111131,0.0181899191724732,0.0048746710277495,1.4051,0.7499,0.0043,0.0011,74.4,0.266,73.8,0.348,93.3,1.904,90.2,1.15,92.7,1.68,84.1,1.023,94.5,1.24,90.5,0.721,72.3,0.262,76.2,0.438,88.4,0.13,86.6,0.133,93.3,1.165,90.9,1.248,87.8,0.301,86.3,0.31,72.3,0.22,70.1,0.176,95.1,2.343,92.7,1.409,93.9,1.223,81.1,0.901,97.0,2.141,95.7,1.429,81.1,0.596,81.1,0.533,97.6,3.857,96.3,2.798,77.1,0.409,52.4,0.206,97.0,1.996,95.4,1.441,58.5,-0.132,63.4,0.041,27.7,-0.387,27.7,-0.385,77.1,0.28,68.9,0.484,32.0,-0.317,32.9,-0.295,85.4,1.166,87.2,1.174,95.1,2.529,93.3,1.592,92.7,1.664,81.1,0.981,94.2,1.223,91.2,0.714
dotvgi9g50m2axfw4isamd1ck,M. Jonathans,SBV Excelsior,Midfielder,3,1.604125627099514,0.0,0.0,0.9302,0.4974,0.0,0.0,1,0.8121072598753746,0.0,0.0,0.9302,0.7554,0.0,0.0,2,0.7920183672241394,0.0,0.0,0.9302,0.3684,0.0,0.0,0,0.0,0.0,0.0,0.0,0.0,0.0,0.0,3,1.604125627099514,0.0,0.0,0.9302,0.4974,0.0,0.0,3,1.604125627099514,0.0,0.0,0.9302,0.4974,0.0,0.0,51.2,-0.34,51.8,-0.337,16.5,-0.489,16.5,-0.504,35.4,-0.525,40.9,-0.289,23.2,-0.398,24.4,-0.421,34.5,-0.534,40.9,-0.328,30.5,-0.323,30.5,-0.323,48.8,0.146,80.5,0.975,34.8,-0.357,34.8,-0.336,61.0,-0.114,54.3,-0.255,27.1,-0.399,27.1,-0.413,54.9,0.298,48.2,-0.07,31.1,-0.337,31.7,-0.363,12.5,-0.82,12.5,-0.837,30.2,-0.322,30.2,-0.352,12.5,-1.672,12.5,-1.397,34.5,-0.289,35.1,-0.331,72.6,0.229,71.3,0.315,27.7,-0.387,27.7,-0.385,53.7,0.265,59.5,0.199,32.0,-0.317,32.9,-0.295,51.2,-0.2,51.8,-0.165,17.4,-0.502,17.4,-0.516,37.2,-0.497,41.5,-0.275,23.8,-0.402,25.3,-0.421
dp0q4f4gbj2buhcu1lb5dzxed,Ivo Pinto,Fortuna Sittard,Defender,5,2.619628480488878,0.0,0.0,0.9197,0.4819,0.0,0.0,4,2.108476307667075,0.0,0.0,0.9197,0.4848,0.0,0.0,1,0.5111521728218031,0.0,0.0,0.9197,0.4701,0.0,0.0,3,1.603232378340511,0.0,0.0,0.9197,0.4915,0.0,0.0,2,1.016396102148367,0.0,0.0,0.9197,0.4674,0.0,0.0,5,2.619628480488878,0.0,0.0,0.9197,0.4819,0.0,0.0,36.7,-0.545,45.9,-0.414,10.4,-0.701,10.4,-0.703,7.4,-0.97,45.2,-0.173,11.9,-0.664,14.1,-0.631,54.4,-0.258,57.8,-0.038,21.9,-0.495,21.9,-0.521,17.0,-0.405,50.4,0.074,25.9,-0.451,26.7,-0.506,15.6,-0.823,19.3,-0.782,21.1,-0.634,21.1,-0.632,17.0,-0.396,54.1,0.065,22.6,-0.475,23.7,-0.501,50.7,-0.34,57.8,-0.148,28.1,-0.417,28.1,-0.435,25.9,0.059,73.3,0.623,32.6,-0.301,33.0,-0.354,24.8,-0.719,28.9,-0.66,15.2,-0.628,15.2,-0.618,13.3,-0.504,60.0,0.123,17.0,-0.595,17.4,-0.561,42.2,-0.196,63.0,0.387,13.7,-0.681,13.7,-0.667,8.9,-0.865,48.1,-0.129,16.3,-0.662,18.1,-0.615
ds0hd4ezvb5rw6l95rhbxtq1g,B. Önal,Nijmegen Eendracht Combinatie,Midfielder,1,0.3795621462285334,0.0,0.0,0.919,0.3488,0.0,0.0,1,0.3795621462285334,0.0,0.0,0.919,0.3488,0.0,0.0,0,0.0,0.0,0.0,0.0,0.0,0.0,0.0,1,0.3795621462285334,0.0,0.0,0.919,0.3488,0.0,0.0,0,0.0,0.0,0.0,0.0,0.0,0.0,0.0,1,0.3795621462285334,0.0,0.0,0.919,0.3488,0.0,0.0,12.8,-0.744,9.8,-0.861,16.5,-0.489,16.5,-0.504,7.3,-0.577,13.4,-1.06,23.2,-0.398,24.4,-0.421,34.5,-0.534,29.9,-0.668,30.5,-0.323,30.5,-0.323,22.6,0.122,33.5,-0.392,34.8,-0.357,34.8,-0.336,13.4,-0.783,13.4,-0.802,27.1,-0.399,27.1,-0.413,13.4,-1.515,13.4,-1.282,31.1,-0.337,31.7,-0.363,38.7,-0.466,36.0,-0.571,30.2,-0.322,30.2,-0.352,27.4,0.37,40.9,-0.173,34.5,-0.289,35.1,-0.331,9.5,-0.856,9.5,-0.927,27.7,-0.387,27.7,-0.385,9.5,-1.876,9.5,-1.403,32.0,-0.317,32.9,-0.295,12.8,-1.11,9.8,-1.19,17.4,-0.502,17.4,-0.516,7.3,-0.548,15.2,-1.014,23.8,-0.402,25.3,-0.421
dse071e8zbzm8l37m64g6e1p0,K. Sano,Nijmegen Eendracht Combinatie,Midfielder,23,12.08881708884366,0.0001050589006853,4.337585454361087e-05,1.2429,0.6533,0.0,0.0,9,4.4965163853715,0.0,0.0,1.1811,0.5901,0.0,0.0,14,7.592300703472164,0.0001050589006853,4.337585454361087e-05,1.2861,0.6975,0.0,0.0,13,7.438473665008533,0.0,0.0,0.9186,0.5256,0.0,0.0,10,4.65034342383513,0.0001050589006853,4.337585454361087e-05,1.0207,0.4747,0.0,0.0,8,5.323928853787457,0.0,0.0,1.4698,0.9782,0.0,0.0,98.5,3.702,99.4,4.154,43.3,-0.475,38.4,-0.49,86.6,0.927,72.6,0.521,23.2,-0.398,24.4,-0.421,97.6,2.65,97.0,2.569,30.5,-0.323,30.5,-0.323,84.8,0.684,60.4,0.42,34.8,-0.357,34.8,-0.336,99.4,3.9,99.4,4.439,61.0,-0.382,59.1,-0.393,89.6,0.991,82.3,1.013,31.1,-0.337,31.7,-0.363,98.8,3.781,99.4,4.383,30.2,-0.322,30.2,-0.352,26.2,0.369,61.6,0.447,34.5,-0.289,35.1,-0.331,99.1,2.761,98.2,2.674,64.0,-0.369,61.0,-0.368,85.4,0.474,54.6,0.126,32.0,-0.317,32.9,-0.295,97.6,2.077,100.0,2.951,17.4,-0.502,17.4,-0.516,93.9,1.958,98.8,2.117,23.8,-0.402,25.3,-0.421
dsh8ta4q6v5ews2e19p9xh6y2,J. Hubner,Fortuna Sittard,Defender,10,3.545245187728855,0.0078595863137747,0.0025373844600181,1.3109,0.4647,0.001,0.0003,9,3.337218235483292,0.0043233924566589,0.0018017608293728,1.3764,0.5104,0.0007,0.0003,1,0.2080269522455628,0.0035361938571158,0.0007356236306453,0.9176,0.1909,0.0032,0.0007,2,0.6024797894965117,0.0,0.0,0.9176,0.2764,0.0,0.0,8,2.942765398232343,0.0078595863137747,0.0025373844600181,1.2235,0.4501,0.0012,0.0004,7,2.706765353553681,0.0043195198956006,0.0013267840741837,1.2847,0.4968,0.0008,0.0002,65.9,-0.063,60.0,-0.177,60.0,-0.316,58.5,-0.325,66.7,0.279,40.7,-0.291,57.8,-0.285,55.2,-0.309,80.7,0.591,79.3,0.521,74.8,-0.125,74.1,-0.042,66.7,0.45,56.3,0.181,70.0,-0.188,70.7,-0.124,15.6,-0.823,9.6,-0.937,63.7,-0.371,56.3,-0.463,12.6,-0.4,9.6,-1.173,82.2,0.208,74.8,-0.004,39.3,-0.519,36.3,-0.615,28.1,-0.417,28.1,-0.435,23.0,0.055,33.3,-0.37,32.6,-0.301,33.0,-0.354,76.3,0.428,72.6,0.318,65.2,-0.171,63.7,-0.176,77.0,0.566,55.2,0.014,60.7,-0.232,59.3,-0.227,74.4,0.53,68.1,0.47,62.2,-0.336,61.5,-0.328,63.0,0.141,51.9,-0.037,61.1,-0.383,54.1,-0.41
dtcvzfse83ztj96kiizwp6jqi,G. Smal,Feyenoord Rotterdam,Defender,3,1.064235745983587,0.0,0.0,1.3825,0.4904,0.0,0.0,3,1.064235745983587,0.0,0.0,1.3825,0.4904,0.0,0.0,0,0.0,0.0,0.0,0.0,0.0,0.0,0.0,2,0.7261818212819073,0.0,0.0,0.9217,0.3347,0.0,0.0,1,0.3380539247016797,0.0,0.0,0.9217,0.3116,0.0,0.0,3,1.064235745983587,0.0,0.0,1.3825,0.4904,0.0,0.0,20.4,-0.738,14.8,-0.812,10.4,-0.701,10.4,-0.703,71.9,0.508,46.7,-0.115,11.9,-0.664,14.1,-0.631,44.8,-0.428,40.0,-0.514,21.9,-0.495,21.9,-0.521,68.1,0.461,52.6,0.097,25.9,-0.451,26.7,-0.506,4.4,-1.022,4.4,-1.043,21.1,-0.634,21.1,-0.632,4.4,-2.18,4.4,-2.019,22.6,-0.475,23.7,-0.501,39.3,-0.519,40.7,-0.557,28.1,-0.417,28.1,-0.435,31.1,0.063,40.0,-0.101,32.6,-0.301,33.0,-0.354,9.3,-0.911,7.4,-1.004,15.2,-0.628,15.2,-0.618,17.0,-0.497,15.6,-0.858,17.0,-0.595,17.4,-0.561,20.4,-0.922,14.8,-1.094,13.7,-0.681,13.7,-0.667,74.1,0.41,49.6,-0.077,16.3,-0.662,18.1,-0.615
dwyl0yii553i57u7azfa7d15g,A. Hadj Moussa,Feyenoord Rotterdam,Midfielder,2,0.698012712135876,0.0,0.0,0.9215,0.3216,0.0,0.0,1,0.2223710156101741,0.0,0.0,0.9215,0.2049,0.0,0.0,1,0.4756416965257019,0.0,0.0,0.9215,0.4383,0.0,0.0,2,0.698012712135876,0.0,0.0,0.9215,0.3216,0.0,0.0,0,0.0,0.0,0.0,0.0,0.0,0.0,0.0,2,0.698012712135876,0.0,0.0,0.9215,0.3216,0.0,0.0,35.7,-0.542,18.9,-0.725,16.5,-0.489,16.5,-0.504,12.8,-0.565,8.5,-1.202,23.2,-0.398,24.4,-0.421,34.5,-0.534,21.3,-0.791,30.5,-0.323,30.5,-0.323,27.4,0.127,21.3,-0.875,34.8,-0.357,34.8,-0.336,40.5,-0.449,43.3,-0.473,27.1,-0.399,27.1,-0.413,37.2,0.281,53.7,0.16,31.1,-0.337,31.7,-0.363,61.6,-0.112,47.6,-0.347,30.2,-0.322,30.2,-0.352,33.5,0.375,37.2,-0.269,34.5,-0.289,35.1,-0.331,9.5,-0.856,9.5,-0.927,27.7,-0.387,27.7,-0.385,9.5,-1.876,9.5,-1.403,32.0,-0.317,32.9,-0.295,35.7,-0.655,18.9,-0.924,17.4,-0.502,17.4,-0.516,13.4,-0.536,9.1,-1.149,23.8,-0.402,25.3,-0.421
dxmulnxbs11kpi1goq5hl9cve,A. Salah-Eddine,PSV Eindhoven,Defender,5,2.865336316488761,0.0019201236288515,0.0007867848633976001,0.9318,0.534,0.0004,0.0001,3,1.064393892864343,0.001810615698984,0.0006817529437321,0.9318,0.3306,0.0006,0.0002,2,1.800942423624417,0.0001095079298675,0.0001050319196655,0.9318,0.8391,0.0001,0.0,3,2.185010403129302,0.0001095079298675,0.0001050319196655,0.9318,0.6787,0.0,0.0,2,0.680325913359459,0.001810615698984,0.0006817529437321,0.9318,0.317,0.0008,0.0003,5,2.865336316488761,0.0019201236288515,0.0007867848633976001,0.9318,0.534,0.0004,0.0001,36.7,-0.545,50.4,-0.351,43.7,-0.607,43.0,-0.586,20.0,-0.932,59.3,0.182,43.7,-0.512,35.9,-0.523,44.8,-0.428,40.7,-0.514,65.9,-0.34,65.9,-0.34,34.1,-0.383,26.7,-0.57,67.4,-0.226,64.1,-0.251,31.1,-0.624,60.7,-0.125,44.4,-0.626,45.2,-0.608,37.0,-0.372,96.3,1.7,46.7,-0.454,23.7,-0.501,50.7,-0.34,68.1,0.123,60.7,-0.404,61.5,-0.396,51.9,0.084,94.1,1.487,32.6,-0.301,33.0,-0.354,24.8,-0.719,17.8,-0.831,52.6,-0.523,48.9,-0.499,38.9,-0.461,16.3,-0.824,56.3,-0.353,54.1,-0.31,42.2,-0.196,72.6,0.621,54.8,-0.528,53.3,-0.466,22.2,-0.831,65.9,0.191,50.4,-0.523,42.6,-0.513
e3akocgpppdty3ayxty1gf6xh,D. Mirani,Heracles Almelo,Defender,34,11.73099441481917,0.0611400231161366,0.01704087364773966,1.6729,0.5772,0.003,0.0008,17,6.086215081603259,0.0230975687815534,0.006835258149028384,2.2703,0.8128,0.0031,0.0009,17,5.644779333215913,0.0380424543345832,0.01020561549871128,1.3244,0.4397,0.003,0.0008,20,7.23797728799186,0.0347976806838017,0.01072633168624156,1.2465,0.4511,0.0022,0.0007,14,4.493017126827313,0.0263423424323349,0.0063145419614981,1.0907,0.35,0.0021,0.0005,11,3.9243304686789,0.0153785282362063,0.003610159352940584,2.0567,0.7337,0.0029,0.0007,97.0,2.251,94.8,1.918,95.6,2.295,91.9,1.842,88.1,1.435,71.9,0.477,82.2,0.472,74.8,0.228,94.1,1.95,93.3,1.772,91.9,1.483,88.9,1.295,98.5,2.123,92.6,1.443,88.9,0.713,86.3,0.641,97.0,2.363,94.1,1.835,94.8,2.196,92.6,1.714,72.6,0.389,47.4,-0.07,80.0,0.165,77.4,0.067,97.8,2.717,97.0,2.479,97.0,3.723,99.3,3.569,80.7,0.737,66.7,0.436,92.6,0.563,91.1,0.715,91.5,1.575,85.9,1.104,89.6,0.904,80.7,0.483,64.4,0.098,27.8,-0.616,70.7,0.041,64.8,-0.143,95.6,1.981,94.1,1.629,75.6,0.546,71.9,0.254,97.0,2.267,91.1,1.421,73.3,0.35,70.7,0.103
e5hzt8nmhu2ktn69dsv67ga38,M. Linday,SC Heerenveen,Midfielder,15,6.667736782881584,0.0411684182175942,0.0159502802673543,1.1573,0.5144,0.0032,0.0012,3,1.081348417860501,0.008288441110124,0.0042024832252718,0.9258,0.3337,0.0026,0.0013,12,5.586388365021083,0.0328799771074702,0.0117477970420825,1.2344,0.5747,0.0034,0.0012,6,1.821976576578637,0.0,0.0,1.111,0.3374,0.0,0.0,9,4.845760206302947,0.0411684182175942,0.0159502802673543,1.0415,0.5608,0.0048,0.0018,7,2.546698871552727,0.013175523238999,0.0038663699370821,1.2961,0.4716,0.0024,0.0007,96.3,2.085,95.7,1.832,100.0,4.928,99.4,4.908,79.3,0.53,43.3,-0.2,90.5,0.821,93.0,0.825,72.3,0.262,60.4,-0.116,94.5,1.673,96.3,2.094,36.6,0.136,30.5,-0.442,93.3,1.543,97.3,1.764,98.8,3.231,98.8,3.055,99.4,5.13,98.8,4.831,86.0,0.891,73.2,0.609,91.8,0.772,89.9,0.769,90.2,1.303,77.4,0.442,30.2,-0.322,30.2,-0.352,87.8,0.796,38.4,-0.213,34.5,-0.289,35.1,-0.331,97.6,2.399,98.8,2.825,100.0,6.484,100.0,6.143,86.0,0.522,67.1,0.404,96.0,1.409,96.0,1.136,93.6,1.621,73.2,0.625,90.2,1.693,88.4,1.156,88.4,1.168,36.6,-0.403,85.7,0.505,82.6,0.301
e5xuwwa4qs6zxjd7y52tslih,Q. Timber,Feyenoord Rotterdam,Midfielder,6,2.643342432148193,0.0,0.0,0.9206,0.4056,0.0,0.0,5,2.063177644347121,0.0,0.0,0.9206,0.3799,0.0,0.0,1,0.5801647878010725,0.0,0.0,0.9206,0.5341,0.0,0.0,2,0.6643756038085673,0.0,0.0,0.9206,0.3058,0.0,0.0,4,1.978966828339626,0.0,0.0,0.9206,0.4554,0.0,0.0,5,2.35744653910925,0.0,0.0,0.9206,0.434,0.0,0.0,74.4,0.266,69.5,0.108,16.5,-0.489,16.5,-0.504,9.8,-0.569,25.0,-0.765,23.2,-0.398,24.4,-0.421,87.8,1.058,81.1,0.656,30.5,-0.323,30.5,-0.323,24.4,0.125,38.4,-0.287,34.8,-0.357,34.8,-0.336,40.5,-0.449,48.2,-0.401,27.1,-0.399,27.1,-0.413,34.8,0.279,64.9,0.475,31.1,-0.337,31.7,-0.363,61.6,-0.112,45.1,-0.371,30.2,-0.322,30.2,-0.352,30.5,0.373,36.0,-0.324,34.5,-0.289,35.1,-0.331,83.2,0.591,79.3,0.605,27.7,-0.387,27.7,-0.385,28.7,0.243,51.2,0.064,32.0,-0.317,32.9,-0.295,72.9,0.711,70.7,0.466,17.4,-0.502,17.4,-0.516,10.4,-0.54,29.6,-0.59,23.8,-0.402,25.3,-0.421
e6x3hs6v8cq74ojgluyny72fo,T. Land,FC Groningen,Midfielder,3,1.2632005809784,0.0,0.0,0.9307,0.3919,0.0,0.0,0,0.0,0.0,0.0,0.0,0.0,0.0,0.0,3,1.2632005809784,0.0,0.0,0.9307,0.3919,0.0,0.0,0,0.0,0.0,0.0,0.0,0.0,0.0,0.0,3,1.2632005809784,0.0,0.0,0.9307,0.3919,0.0,0.0,3,1.2632005809784,0.0,0.0,0.9307,0.3919,0.0,0.0,51.2,-0.34,41.5,-0.483,16.5,-0.489,16.5,-0.504,37.2,-0.522,21.3,-0.836,23.2,-0.398,24.4,-0.421,9.5,-0.932,9.5,-0.966,30.5,-0.323,30.5,-0.323,9.5,-1.85,9.5,-1.564,34.8,-0.357,34.8,-0.336,72.3,0.22,67.1,0.07,27.1,-0.399,27.1,-0.413,56.1,0.299,50.0,0.007,31.1,-0.337,31.7,-0.363,12.5,-0.82,12.5,-0.837,30.2,-0.322,30.2,-0.352,12.5,-1.672,12.5,-1.397,34.5,-0.289,35.1,-0.331,72.6,0.229,64.0,0.051,27.7,-0.387,27.7,-0.385,55.5,0.266,43.3,-0.14,32.0,-0.317,32.9,-0.295,51.2,-0.2,41.5,-0.45,17.4,-0.502,17.4,-0.516,39.0,-0.494,24.4,-0.799,23.8,-0.402,25.3,-0.421
ealh7n21gctxxw5ol3l3yxzze,Y. Leliendal,FC Volendam,Defender,14,6.866341690615869,0.002856833321437699,0.001873140851965815,1.0877,0.5335,0.0002,0.0001,10,4.408616775246206,0.0004865917122175,0.0003171197475352,1.1654,0.5138,0.0001,0.0,4,2.457724915369663,0.002370241609220199,0.001556021104430615,0.9323,0.5729,0.0006,0.0004,7,3.395908594381303,0.00222162804532,0.0014757355945694,0.9323,0.4523,0.0003,0.0002,7,3.470433096234566,0.0006352052761176995,0.0003974052573964149,1.0877,0.5393,0.0001,0.0001,6,2.685215838944904,0.0004110792243885,0.0002178754067298062,1.1188,0.5007,0.0001,0.0,74.4,0.323,79.3,0.673,47.4,-0.561,54.1,-0.424,42.2,-0.434,58.5,0.179,34.4,-0.588,35.9,-0.523,83.7,0.761,85.2,1.008,55.6,-0.454,57.0,-0.437,57.0,0.055,57.0,0.195,53.7,-0.413,26.7,-0.506,55.2,-0.226,69.6,0.21,59.3,-0.457,66.7,-0.274,37.8,-0.371,71.9,0.52,59.3,-0.347,66.3,-0.217,75.9,0.38,79.3,0.688,77.0,-0.152,83.0,0.116,52.6,0.085,67.4,0.442,73.0,-0.183,79.3,-0.049,72.2,0.236,77.8,0.585,37.8,-0.591,43.7,-0.549,63.0,0.088,79.3,0.575,35.6,-0.565,40.4,-0.477,60.4,0.167,64.4,0.45,35.6,-0.648,35.6,-0.611,53.3,-0.316,53.3,-0.013,35.6,-0.627,18.1,-0.615
ecmzlwu35vg4y64kidte9v0no,M. Kleijn,Sparta Rotterdam,Defender,1,0.8610963078749093,0.0003239449165082,0.0002789477715601,0.9348,0.805,0.0003,0.0003,0,0.0,0.0,0.0,0.0,0.0,0.0,0.0,1,0.8610963078749093,0.0003239449165082,0.0002789477715601,0.9348,0.805,0.0003,0.0003,0,0.0,0.0,0.0,0.0,0.0,0.0,0.0,1,0.8610963078749093,0.0003239449165082,0.0002789477715601,0.9348,0.805,0.0003,0.0003,1,0.8610963078749093,0.0003239449165082,0.0002789477715601,0.9348,0.805,0.0003,0.0003,4.1,-0.93,11.1,-0.864,24.4,-0.685,28.1,-0.662,24.4,-0.922,97.0,2.03,39.3,-0.55,55.2,-0.309,5.6,-0.937,5.6,-0.998,21.9,-0.495,21.9,-0.521,5.6,-2.127,5.6,-1.95,25.9,-0.451,26.7,-0.506,15.6,-0.823,30.4,-0.604,47.4,-0.61,49.6,-0.568,42.2,-0.366,94.8,1.549,52.2,-0.411,63.0,-0.288,9.6,-0.879,9.6,-0.896,28.1,-0.417,28.1,-0.435,9.6,-1.849,9.6,-1.647,32.6,-0.301,33.0,-0.354,9.3,-0.911,23.0,-0.739,34.8,-0.609,38.5,-0.569,45.9,-0.451,97.8,2.248,44.1,-0.504,54.1,-0.31,4.1,-1.648,11.1,-1.287,33.3,-0.655,38.5,-0.595,28.1,-0.823,95.6,1.859,46.7,-0.557,60.4,-0.307
ecqjg6wtntf1guejvm10redck,G. Read,Feyenoord Rotterdam,Defender,1,0.9071303135451968,0.0,0.0,0.9278,0.8417,0.0,0.0,1,0.9071303135451968,0.0,0.0,0.9278,0.8417,0.0,0.0,0,0.0,0.0,0.0,0.0,0.0,0.0,0.0,1,0.9071303135451968,0.0,0.0,0.9278,0.8417,0.0,0.0,0,0.0,0.0,0.0,0.0,0.0,0.0,0.0,1,0.9071303135451968,0.0,0.0,0.9278,0.8417,0.0,0.0,4.1,-0.93,12.6,-0.853,10.4,-0.701,10.4,-0.703,12.6,-0.945,97.8,2.281,11.9,-0.664,14.1,-0.631,17.8,-0.767,37.0,-0.585,21.9,-0.495,21.9,-0.521,24.1,-0.39,95.6,1.564,25.9,-0.451,26.7,-0.506,4.4,-1.022,4.4,-1.043,21.1,-0.634,21.1,-0.632,4.4,-2.18,4.4,-2.019,22.6,-0.475,23.7,-0.501,26.3,-0.699,45.2,-0.473,28.1,-0.417,28.1,-0.435,38.5,0.076,100.0,2.24,32.6,-0.301,33.0,-0.354,1.5,-1.102,1.5,-1.176,15.2,-0.628,15.2,-0.618,1.5,-3.743,1.5,-2.82,17.0,-0.595,17.4,-0.561,4.1,-1.648,12.6,-1.243,13.7,-0.681,13.7,-0.667,14.1,-0.842,97.0,2.085,16.3,-0.662,18.1,-0.615
egcs7b6ixb62ep08t7jznf9ih,V. Jensen,FC Utrecht,Midfielder,1,0.3700747465696073,0.0,0.0,0.9339,0.3456,0.0,0.0,1,0.3700747465696073,0.0,0.0,0.9339,0.3456,0.0,0.0,0,0.0,0.0,0.0,0.0,0.0,0.0,0.0,0,0.0,0.0,0.0,0.0,0.0,0.0,0.0,1,0.3700747465696073,0.0,0.0,0.9339,0.3456,0.0,0.0,1,0.3700747465696073,0.0,0.0,0.9339,0.3456,0.0,0.0,12.8,-0.744,8.5,-0.865,16.5,-0.489,16.5,-0.504,53.4,-0.507,12.8,-1.077,23.2,-0.398,24.4,-0.421,34.5,-0.534,28.7,-0.675,30.5,-0.323,30.5,-0.323,63.1,0.154,32.9,-0.402,34.8,-0.357,34.8,-0.336,13.4,-0.783,13.4,-0.802,27.1,-0.399,27.1,-0.413,13.4,-1.515,13.4,-1.282,31.1,-0.337,31.7,-0.363,12.5,-0.82,12.5,-0.837,30.2,-0.322,30.2,-0.352,12.5,-1.672,12.5,-1.397,34.5,-0.289,35.1,-0.331,34.8,-0.494,30.5,-0.641,27.7,-0.387,27.7,-0.385,71.0,0.274,37.2,-0.29,32.0,-0.317,32.9,-0.295,12.8,-1.11,8.5,-1.198,17.4,-0.502,17.4,-0.516,55.2,-0.48,14.0,-1.03,23.8,-0.402,25.3,-0.421
ei9h1loyggj8fnf1q4jfdm710,T. van Bergen,FC Groningen,Forward,17,9.125485389956944,0.00164823826519321,0.0009419014097132101,1.4386,0.7722,0.0001,0.0001,7,3.739667239037707,0.00164823826519321,0.0009419014097132101,1.086,0.5802,0.0003,0.0001,10,5.385818150919237,0.0,0.0,1.8617,1.0027,0.0,0.0,8,4.139511056997934,0.0,0.0,1.2411,0.6422,0.0,0.0,9,4.98597433295901,0.00164823826519321,0.0009419014097132101,1.1968,0.663,0.0002,0.0001,6,2.799697680920528,0.00164823826519321,0.0009419014097132101,1.117,0.5212,0.0003,0.0002,100.0,4.3,100.0,4.542,84.5,0.156,84.5,0.334,94.8,1.815,89.7,1.45,59.5,-0.259,65.5,-0.172,98.3,2.995,100.0,3.223,89.7,0.296,86.2,0.643,91.4,0.7,75.9,0.627,78.4,-0.002,72.4,-0.17,100.0,4.134,100.0,4.185,36.2,-0.332,36.2,-0.372,98.3,2.112,98.3,2.049,37.1,-0.48,37.9,-0.495,100.0,3.629,100.0,3.411,34.5,-0.345,34.5,-0.359,93.1,1.17,84.5,0.963,35.3,-0.423,37.9,-0.405,100.0,3.834,100.0,4.218,91.4,0.325,91.4,0.738,94.8,1.01,84.5,0.991,75.9,-0.123,74.1,-0.145,94.8,1.626,87.9,1.437,87.9,0.271,86.2,0.571,86.2,0.436,51.7,0.016,76.7,0.059,76.7,0.263
ekjy3o3ymld0zkjdaynb4itat,O. Zawada,FC Groningen,Forward,2,0.9400014080517103,2.805699356039915e-07,1.74508181584263e-07,0.9351,0.4395,0.0,0.0,2,0.9400014080517103,2.805699356039915e-07,1.74508181584263e-07,0.9351,0.4395,0.0,0.0,0,0.0,0.0,0.0,0.0,0.0,0.0,0.0,0,0.0,0.0,0.0,0.0,0.0,0.0,0.0,2,0.9400014080517103,2.805699356039915e-07,1.74508181584263e-07,0.9351,0.4395,0.0,0.0,2,0.9400014080517103,2.805699356039915e-07,1.74508181584263e-07,0.9351,0.4395,0.0,0.0,39.7,-0.502,34.5,-0.527,46.6,-0.389,46.6,-0.523,62.1,-0.403,37.9,-0.5,27.6,-0.405,29.3,-0.589,69.0,0.166,70.7,0.085,60.3,-0.292,60.3,-0.429,77.6,0.379,58.6,0.139,31.9,-0.338,35.3,-0.477,12.9,-0.946,12.9,-0.87,36.2,-0.332,36.2,-0.372,12.9,-1.557,12.9,-1.318,37.1,-0.48,37.9,-0.495,16.4,-0.897,16.4,-0.862,34.5,-0.345,34.5,-0.359,16.4,-1.43,16.4,-1.224,35.3,-0.423,37.9,-0.405,63.8,0.009,65.5,-0.017,65.5,-0.27,65.5,-0.394,75.9,0.251,58.6,0.084,33.6,-0.202,36.2,-0.294,39.7,-0.542,34.5,-0.605,46.6,-0.332,46.6,-0.519,65.5,-0.369,34.5,-0.478,26.7,-0.388,29.3,-0.584
ekur9x1kzp8wq0lwfwev0b0bu,K. de Rooij,PEC Zwolle,Midfielder,1,0.4667610850823341,0.0,0.0,0.9372,0.4374,0.0,0.0,1,0.4667610850823341,0.0,0.0,0.9372,0.4374,0.0,0.0,0,0.0,0.0,0.0,0.0,0.0,0.0,0.0,0,0.0,0.0,0.0,0.0,0.0,0.0,0.0,1,0.4667610850823341,0.0,0.0,0.9372,0.4374,0.0,0.0,1,0.4667610850823341,0.0,0.0,0.9372,0.4374,0.0,0.0,12.8,-0.744,15.2,-0.824,16.5,-0.489,16.5,-0.504,60.4,-0.492,30.5,-0.6,23.2,-0.398,24.4,-0.421,34.5,-0.534,34.1,-0.599,30.5,-0.323,30.5,-0.323,69.5,0.161,41.5,-0.094,34.8,-0.357,34.8,-0.336,13.4,-0.783,13.4,-0.802,27.1,-0.399,27.1,-0.413,13.4,-1.515,13.4,-1.282,31.1,-0.337,31.7,-0.363,12.5,-0.82,12.5,-0.837,30.2,-0.322,30.2,-0.352,12.5,-1.672,12.5,-1.397,34.5,-0.289,35.1,-0.331,34.8,-0.494,35.4,-0.566,27.7,-0.387,27.7,-0.385,78.0,0.281,50.0,0.006,32.0,-0.317,32.9,-0.295,12.8,-1.11,15.2,-1.117,17.4,-0.502,17.4,-0.516,63.4,-0.465,32.3,-0.573,23.8,-0.402,25.3,-0.421
ely6vpyueden4b6ozfmspwgk5,J. Toornstra,Sparta Rotterdam,Midfielder,2,1.094720836340926,0.0,0.0,0.9239,0.5057,0.0,0.0,1,0.8879817990311359,0.0,0.0,0.9239,0.8204,0.0,0.0,1,0.2067390373097905,0.0,0.0,0.9239,0.191,0.0,0.0,1,0.8879817990311359,0.0,0.0,0.9239,0.8204,0.0,0.0,1,0.2067390373097905,0.0,0.0,0.9239,0.191,0.0,0.0,2,1.094720836340926,0.0,0.0,0.9239,0.5057,0.0,0.0,35.7,-0.542,36.0,-0.555,16.5,-0.489,16.5,-0.504,15.9,-0.554,41.5,-0.245,23.2,-0.398,24.4,-0.421,34.5,-0.534,47.6,-0.268,30.5,-0.323,30.5,-0.323,31.1,0.132,89.0,1.194,34.8,-0.357,34.8,-0.336,40.5,-0.449,29.3,-0.659,27.1,-0.399,27.1,-0.413,39.6,0.286,29.9,-0.654,31.1,-0.337,31.7,-0.363,38.7,-0.466,52.4,-0.214,30.2,-0.322,30.2,-0.352,36.6,0.38,92.1,1.481,34.5,-0.289,35.1,-0.331,34.8,-0.494,20.1,-0.767,27.7,-0.387,27.7,-0.385,33.5,0.251,20.7,-0.788,32.0,-0.317,32.9,-0.295,35.7,-0.655,36.0,-0.591,17.4,-0.502,17.4,-0.516,16.5,-0.525,44.5,-0.233,23.8,-0.402,25.3,-0.421
emglxnqrlqskt8krglv7sziwa,R. Pepi,PSV Eindhoven,Forward,1,0.9897053744939908,0.0004896734997004,0.0004846324944008,0.9364,0.9267,0.0005,0.0005,0,0.0,0.0,0.0,0.0,0.0,0.0,0.0,1,0.9897053744939908,0.0004896734997004,0.0004846324944008,0.9364,0.9267,0.0005,0.0005,0,0.0,0.0,0.0,0.0,0.0,0.0,0.0,1,0.9897053744939908,0.0004896734997004,0.0004846324944008,0.9364,0.9267,0.0005,0.0005,1,0.9897053744939908,0.0004896734997004,0.0004846324944008,0.9364,0.9267,0.0005,0.0005,14.7,-0.822,36.2,-0.497,65.5,-0.227,74.1,-0.082,67.2,-0.398,98.3,2.355,83.6,0.324,91.4,1.495,12.9,-0.966,12.9,-0.969,30.2,-0.292,30.2,-0.429,12.9,-1.615,12.9,-1.388,31.9,-0.338,35.3,-0.477,38.8,-0.438,65.5,0.059,82.8,0.122,89.7,0.538,79.3,0.288,94.8,1.794,93.1,1.663,98.3,3.009,16.4,-0.897,16.4,-0.862,34.5,-0.345,34.5,-0.359,16.4,-1.43,16.4,-1.224,35.3,-0.423,37.9,-0.405,31.9,-0.537,70.7,0.035,77.6,-0.093,81.0,0.188,82.8,0.255,100.0,2.061,87.1,-0.003,89.7,0.454,14.7,-1.084,36.2,-0.55,65.5,-0.153,74.1,0.042,70.7,-0.364,98.3,2.466,87.9,0.357,91.4,1.534
enimk3ibb10vk3f8vrmmhq7oq,S. El Karouani,FC Utrecht,Defender,3,1.645779285489835,0.0136869828897896,0.006752857296194801,0.9192,0.5043,0.0042,0.0021,1,0.8885120034021052,0.0003566857494271,0.0003169195698085,0.9192,0.8167,0.0003,0.0003,2,0.7572672820877301,0.0133302971403625,0.0064359377263863,0.9192,0.348,0.0061,0.003,0,0.0,0.0,0.0,0.0,0.0,0.0,0.0,3,1.645779285489835,0.0136869828897896,0.006752857296194801,0.9192,0.5043,0.0042,0.0021,3,1.645779285489835,0.0136869828897896,0.006752857296194801,0.9192,0.5043,0.0042,0.0021,20.4,-0.738,28.9,-0.664,65.2,-0.03,74.8,0.305,5.9,-0.972,51.1,-0.021,89.6,0.926,93.3,1.625,17.8,-0.767,33.3,-0.594,53.3,-0.465,55.6,-0.437,16.3,-0.406,94.1,1.459,61.9,-0.338,70.7,-0.124,31.1,-0.624,28.1,-0.657,74.1,0.358,83.0,0.848,15.2,-0.397,31.9,-0.476,89.3,0.827,95.6,1.631,9.6,-0.879,9.6,-0.896,28.1,-0.417,28.1,-0.435,9.6,-1.849,9.6,-1.647,32.6,-0.301,33.0,-0.354,39.6,-0.528,47.4,-0.341,69.6,0.168,84.4,0.559,11.5,-0.506,69.6,0.355,84.4,0.677,93.7,1.192,20.4,-0.922,31.9,-0.54,74.1,0.411,87.4,1.056,6.7,-0.866,56.3,0.009,83.7,0.803,93.0,1.541
eoodvdqfvhql03i8kv9l14qvo,T. Kraaijeveld,Feyenoord Rotterdam,Defender,7,2.41172687540374,0.0034281773981003,0.0010635442504855,1.0892,0.3753,0.0005,0.0002,2,0.5747129727015441,0.0,0.0,0.9336,0.2683,0.0,0.0,5,1.837013902702195,0.0034281773981003,0.0010635442504855,1.167,0.4288,0.0008,0.0002,0,0.0,0.0,0.0,0.0,0.0,0.0,0.0,7,2.41172687540374,0.0034281773981003,0.0010635442504855,1.0892,0.3753,0.0005,0.0002,6,2.172514722658762,0.0034281773981003,0.0010635442504855,1.1203,0.4057,0.0006,0.0002,52.6,-0.352,43.0,-0.467,49.6,-0.533,45.9,-0.545,43.0,-0.429,19.3,-0.9,47.8,-0.475,48.1,-0.416,31.9,-0.597,23.7,-0.737,21.9,-0.495,21.9,-0.521,36.3,-0.379,18.5,-0.83,25.9,-0.451,26.7,-0.506,64.8,-0.027,61.5,-0.106,60.7,-0.379,62.2,-0.387,61.5,0.084,45.6,-0.118,63.7,-0.304,56.7,-0.359,9.6,-0.879,9.6,-0.896,28.1,-0.417,28.1,-0.435,9.6,-1.849,9.6,-1.647,32.6,-0.301,33.0,-0.354,72.2,0.236,64.4,0.048,55.6,-0.429,53.3,-0.433,63.7,0.093,31.9,-0.457,51.9,-0.444,48.9,-0.394,60.4,0.167,50.4,-0.038,59.3,-0.407,57.0,-0.395,54.1,-0.312,31.9,-0.598,55.6,-0.453,54.1,-0.41
es363spp9pgd4hralx6ni2xw4,M. Chávez,Alkmaar Zaanstreek,Defender,4,2.348092759754642,0.0018304025654005,0.0016089156957251,0.9307,0.5464,0.0004,0.0004,3,2.114288668011225,0.0018304025654005,0.0016089156957251,0.9307,0.6559,0.0006,0.0005,1,0.2338040917434173,0.0,0.0,0.9307,0.2176,0.0,0.0,1,0.2338040917434173,0.0,0.0,0.9307,0.2176,0.0,0.0,3,2.114288668011225,0.0018304025654005,0.0016089156957251,0.9307,0.6559,0.0006,0.0005,4,2.348092759754642,0.0018304025654005,0.0016089156957251,0.9307,0.5464,0.0004,0.0004,28.9,-0.641,41.5,-0.484,43.0,-0.611,51.9,-0.463,17.8,-0.935,61.5,0.267,43.7,-0.512,60.7,-0.201,44.8,-0.428,58.5,-0.036,66.7,-0.338,72.6,-0.094,29.6,-0.385,78.5,0.788,67.4,-0.226,76.3,0.131,15.6,-0.823,10.4,-0.923,21.1,-0.634,21.1,-0.632,32.6,-0.374,11.1,-1.054,22.6,-0.475,23.7,-0.501,26.3,-0.699,20.7,-0.787,28.1,-0.417,28.1,-0.435,44.4,0.082,22.2,-0.642,32.6,-0.301,33.0,-0.354,39.6,-0.528,58.5,-0.103,53.3,-0.522,58.5,-0.338,31.9,-0.465,94.1,1.309,53.3,-0.413,64.8,-0.143,28.9,-0.559,56.3,0.129,54.1,-0.535,63.7,-0.256,19.3,-0.834,68.1,0.268,50.4,-0.523,63.3,-0.205
eu6pfkiah7otafyryg6ll7y09,L. Brouwers,SC Heerenveen,Midfielder,10,5.220399742972534,0.0008908207976621,0.0007113249935914001,1.1567,0.6039,0.0001,0.0001,8,3.990311837020069,0.0002803384358686,0.0001569983277472,1.2338,0.6154,0.0,0.0,2,1.230087905952465,0.0006104823617935,0.0005543266658442,0.9254,0.5691,0.0003,0.0003,4,2.628725887100682,0.0002803384358686,0.0001569983277472,1.2338,0.8109,0.0001,0.0,6,2.591673855871851,0.0006104823617935,0.0005543266658442,1.1104,0.4797,0.0001,0.0001,6,2.829631574060657,0.0008908207976621,0.0007113249935914001,1.1104,0.5237,0.0002,0.0001,89.6,1.074,89.6,1.212,61.6,-0.372,65.9,-0.263,78.7,0.527,64.6,0.265,50.6,-0.36,55.2,-0.317,97.0,2.252,95.7,2.171,70.1,-0.256,70.7,-0.233,87.2,0.797,67.7,0.505,34.8,-0.357,34.8,-0.336,61.0,-0.114,65.9,0.047,72.6,-0.297,76.2,-0.165,42.1,0.288,72.6,0.59,73.8,-0.239,77.4,-0.08,81.1,0.596,86.6,1.008,72.9,-0.257,72.0,-0.251,92.7,1.069,90.9,1.447,72.3,-0.235,35.1,-0.331,90.9,1.314,87.2,1.08,75.0,-0.285,77.4,-0.158,90.2,0.68,56.7,0.142,66.8,-0.281,70.4,-0.215,85.4,1.166,78.7,0.862,64.0,-0.354,68.9,-0.209,74.4,0.323,46.3,-0.144,60.1,-0.326,57.0,-0.318
eu901b75l2ly5p48jdw6kwmad,M. Amevor,FC Volendam,Defender,16,7.685673828919162,0.0259183013275665,0.0121964116948815,1.2463,0.5987,0.002,0.001,6,3.335509450311409,0.0031614195010869,0.0013866921450406,0.9348,0.5197,0.0005,0.0002,10,4.350164378607754,0.0227568818264796,0.0108097195498409,1.5579,0.6777,0.0035,0.0017,5,3.328072868411684,0.0094980791234918,0.0073787916040857,0.9348,0.6222,0.0018,0.0014,11,4.357600960507479,0.0164202222040747,0.0048176200907958,1.1425,0.4526,0.0017,0.0005,8,3.986951599920546,0.0105868953823134,0.0031937284408399,1.4956,0.7454,0.002,0.0006,77.8,0.516,83.0,0.882,81.5,0.569,87.4,1.118,62.2,0.073,79.3,0.623,71.1,0.093,82.2,0.443,69.6,0.082,78.5,0.52,71.9,-0.224,70.4,-0.153,39.3,-0.377,58.5,0.22,65.2,-0.263,64.1,-0.251,84.4,0.969,87.4,1.175,85.2,1.059,93.3,1.853,85.2,0.842,84.4,0.985,83.0,0.272,85.9,0.707,66.7,0.02,77.8,0.656,88.1,0.713,94.8,2.319,55.6,0.091,91.9,1.226,90.4,0.406,96.3,1.785,83.3,1.001,85.2,1.036,71.9,0.327,71.1,0.222,68.9,0.281,57.0,0.03,67.0,-0.08,64.8,-0.143,83.3,0.892,94.8,1.689,69.6,0.164,71.1,0.148,83.7,0.722,92.6,1.493,68.1,0.036,68.5,0.001
ewwo2c7kw1b1okrngjl4j4dm1,S. Lammers,FC Twente,Forward,4,1.033932701941046,0.0,0.0,1.8727,0.4841,0.0,0.0,0,0.0,0.0,0.0,0.0,0.0,0.0,0.0,4,1.033932701941046,0.0,0.0,1.8727,0.4841,0.0,0.0,3,0.9761122177127284,0.0,0.0,1.4045,0.457,0.0,0.0,1,0.0578204842283172,0.0,0.0,0.9363,0.0541,0.0,0.0,4,1.033932701941046,0.0,0.0,1.8727,0.4841,0.0,0.0,69.0,0.138,39.7,-0.469,23.3,-0.389,23.3,-0.523,100.0,3.728,43.1,-0.239,27.6,-0.405,29.3,-0.589,12.9,-0.966,12.9,-0.969,30.2,-0.292,30.2,-0.429,12.9,-1.615,12.9,-1.388,31.9,-0.338,35.3,-0.477,89.7,1.086,69.0,0.1,36.2,-0.332,36.2,-0.372,100.0,2.133,62.1,0.308,37.1,-0.48,37.9,-0.495,81.9,0.8,69.0,0.146,34.5,-0.345,34.5,-0.359,100.0,1.512,58.6,0.332,35.3,-0.423,37.9,-0.405,31.9,-0.537,13.8,-0.941,32.8,-0.27,32.8,-0.394,81.0,0.254,13.8,-1.48,33.6,-0.202,36.2,-0.294,69.0,0.542,39.7,-0.502,23.3,-0.332,23.3,-0.519,100.0,3.783,43.1,-0.208,26.7,-0.388,29.3,-0.584
eytcfp4cu6qkar65kf0p5rm96,J. Dirksen,Go Ahead Eagles,Goalkeeper,7,2.097087533785408,0.0145323534018213,0.0036351098880765,1.095,0.328,0.0023,0.0006,4,1.342977537048107,0.0006813454007074,0.000268039099923,0.9386,0.3151,0.0002,0.0001,3,0.7541099967373008,0.0138510080011139,0.0033670707881535,1.4079,0.3539,0.0065,0.0016,4,1.342977537048107,0.0006813454007074,0.000268039099923,0.9386,0.3151,0.0002,0.0001,3,0.7541099967373008,0.0138510080011139,0.0033670707881535,1.4079,0.3539,0.0065,0.0016,6,1.703690734387207,0.0138510080011139,0.0033670707881535,1.1263,0.3198,0.0026,0.0006,78.1,0.069,81.2,0.018,68.8,-0.039,75.0,0.314,68.8,0.009,75.0,0.37,68.8,-0.238,71.9,0.018,79.7,0.106,84.4,0.141,68.8,-0.435,68.8,-0.383,68.8,-0.196,71.9,0.249,70.3,-0.388,70.3,-0.36,75.0,0.027,75.0,-0.108,84.4,0.762,87.5,1.079,93.8,1.272,84.4,0.988,90.6,0.497,90.6,1.254,79.7,0.088,84.4,0.07,75.0,-0.261,75.0,-0.297,75.0,0.389,75.0,0.642,81.2,-0.246,78.1,-0.177,75.0,0.036,75.0,-0.074,75.0,0.272,81.2,0.705,96.9,1.266,90.6,0.926,84.4,0.294,87.5,0.778,79.7,0.748,81.2,0.461,75.0,0.07,81.2,0.809,71.9,-0.021,71.9,0.122,73.4,-0.196,75.0,0.027
eyzcfyn1crjcgmm98uk9u8oyy,É. Michut,Fortuna Sittard,Midfielder,8,3.630594937331678,0.0031041455016923,0.001640866416884,1.2301,0.5583,0.0005,0.0003,1,0.6455170045953901,0.0018573287900021,0.0011989373170709,0.9226,0.5956,0.0017,0.0011,7,2.985077932736288,0.0012468167116902,0.0004419290998131,1.2916,0.5508,0.0002,0.0001,2,1.558593274304488,0.0018573287900021,0.0011989373170709,0.9226,0.719,0.0009,0.0006,6,2.07200166302719,0.0012468167116902,0.0004419290998131,1.1071,0.3823,0.0002,0.0001,7,3.276149014631422,0.0018573287900021,0.0011989373170709,1.2916,0.6045,0.0003,0.0002,82.6,0.67,77.4,0.531,78.0,-0.081,77.4,0.052,85.4,0.867,56.7,0.028,68.0,-0.207,71.6,-0.11,34.5,-0.534,37.8,-0.459,87.8,0.124,91.5,0.367,28.7,0.13,62.2,0.438,91.5,0.885,94.5,1.441,94.2,1.558,90.9,1.259,78.0,-0.19,74.4,-0.216,90.2,1.002,67.7,0.53,70.1,-0.272,68.0,-0.268,61.6,-0.112,73.2,0.257,86.6,0.105,88.4,0.423,34.5,0.378,86.6,1.125,88.1,0.189,90.2,0.635,90.9,1.314,82.3,0.677,81.1,-0.179,76.2,-0.204,89.6,0.673,42.1,-0.171,73.2,-0.245,70.4,-0.215,93.6,1.621,90.2,1.236,73.2,-0.193,74.4,0.002,87.8,1.147,67.7,0.258,66.2,-0.288,66.8,-0.214
f07qmqesi1rpw7eapoz9rb0gk,J. Baas,Sparta Rotterdam,Midfielder,4,1.189125648827191,0.0009351283980769,0.0002583386801896,1.2343,0.3669,0.0003,0.0001,4,1.189125648827191,0.0009351283980769,0.0002583386801896,1.2343,0.3669,0.0003,0.0001,0,0.0,0.0,0.0,0.0,0.0,0.0,0.0,3,0.8280159350780412,0.0009351283980769,0.0002583386801896,0.9258,0.2555,0.0003,0.0001,1,0.3611097137491494,0.0,0.0,0.9258,0.3343,0.0,0.0,4,1.189125648827191,0.0009351283980769,0.0002583386801896,1.2343,0.3669,0.0003,0.0001,61.0,-0.138,37.8,-0.514,62.8,-0.366,52.4,-0.417,86.0,0.887,18.3,-0.966,63.7,-0.284,55.2,-0.317,80.5,0.66,64.6,-0.031,81.1,-0.098,73.8,-0.174,87.8,0.798,36.0,-0.331,78.0,-0.138,73.2,-0.174,13.4,-0.783,13.4,-0.802,27.1,-0.399,27.1,-0.413,13.4,-1.515,13.4,-1.282,31.1,-0.337,31.7,-0.363,74.1,0.242,51.2,-0.256,80.5,-0.107,74.4,-0.185,41.5,0.385,32.9,-0.501,80.5,-0.129,74.7,-0.17,34.8,-0.494,29.3,-0.648,27.7,-0.387,27.7,-0.385,37.8,0.255,34.1,-0.326,32.0,-0.317,32.9,-0.295,61.0,0.255,37.8,-0.512,65.2,-0.347,55.5,-0.405,84.8,0.887,20.7,-0.924,66.2,-0.288,57.0,-0.318
f2snk84xy67ergwrwoblgt2ad,T. Bruns,Heracles Almelo,Midfielder,5,3.366857075094807,0.0,0.0,1.1693,0.7873,0.0,0.0,4,2.377161784709351,0.0,0.0,1.2472,0.7412,0.0,0.0,1,0.989695290385456,0.0,0.0,0.9354,0.9258,0.0,0.0,2,1.86537107563095,0.0,0.0,0.9354,0.8724,0.0,0.0,3,1.501485999463857,0.0,0.0,0.9354,0.4682,0.0,0.0,5,3.366857075094807,0.0,0.0,1.1693,0.7873,0.0,0.0,68.9,0.064,75.6,0.418,16.5,-0.489,16.5,-0.504,81.7,0.585,87.2,1.217,23.2,-0.398,24.4,-0.421,80.5,0.66,84.1,0.903,30.5,-0.323,30.5,-0.323,89.6,0.826,78.7,0.928,34.8,-0.357,34.8,-0.336,40.5,-0.449,60.4,-0.119,27.1,-0.399,27.1,-0.413,72.6,0.308,98.2,1.764,31.1,-0.337,31.7,-0.363,61.6,-0.112,78.7,0.472,30.2,-0.322,30.2,-0.352,72.6,0.406,97.0,1.663,34.5,-0.289,35.1,-0.331,72.6,0.229,70.7,0.235,27.7,-0.387,27.7,-0.385,75.0,0.277,53.7,0.105,32.0,-0.317,32.9,-0.295,72.9,0.711,91.5,1.312,17.4,-0.502,17.4,-0.516,84.1,0.591,83.5,1.167,23.8,-0.402,25.3,-0.421
f3saw9c9wzs4qda0rtkv9gidw,R. Ichihara,Alkmaar Zaanstreek,Defender,1,0.2875407973800161,0.0,0.0,0.9574,0.2753,0.0,0.0,0,0.0,0.0,0.0,0.0,0.0,0.0,0.0,1,0.2875407973800161,0.0,0.0,0.9574,0.2753,0.0,0.0,0,0.0,0.0,0.0,0.0,0.0,0.0,0.0,1,0.2875407973800161,0.0,0.0,0.9574,0.2753,0.0,0.0,1,0.2875407973800161,0.0,0.0,0.9574,0.2753,0.0,0.0,4.1,-0.93,2.2,-1.011,10.4,-0.701,10.4,-0.703,34.8,-0.85,3.0,-1.582,11.9,-0.664,14.1,-0.631,5.6,-0.937,5.6,-0.998,21.9,-0.495,21.9,-0.521,5.6,-2.127,5.6,-1.95,25.9,-0.451,26.7,-0.506,15.6,-0.823,12.6,-0.896,21.1,-0.634,21.1,-0.632,54.1,-0.323,17.0,-0.799,22.6,-0.475,23.7,-0.501,9.6,-0.879,9.6,-0.896,28.1,-0.417,28.1,-0.435,9.6,-1.849,9.6,-1.647,32.6,-0.301,33.0,-0.354,9.3,-0.911,5.2,-1.03,15.2,-0.628,15.2,-0.618,59.3,-0.371,8.1,-1.087,17.0,-0.595,17.4,-0.561,4.1,-1.648,2.2,-1.833,13.7,-0.681,13.7,-0.667,40.0,-0.761,3.0,-1.401,16.3,-0.662,18.1,-0.615
f4liap69r76gyc8pnxsergbqi,T. de Jonge,FC Groningen,Midfielder,7,5.405219911127952,0.0003082105095772,0.0002446399543849,1.0894,0.8412,0.0,0.0,7,5.405219911127952,0.0003082105095772,0.0002446399543849,1.0894,0.8412,0.0,0.0,0,0.0,0.0,0.0,0.0,0.0,0.0,0.0,3,2.526351795161351,0.0,0.0,0.9338,0.7864,0.0,0.0,4,2.878868115966602,0.0003082105095772,0.0002446399543849,0.9338,0.6721,0.0001,0.0001,6,4.496588526026302,0.0003082105095772,0.0002446399543849,1.1206,0.8398,0.0001,0.0,78.7,0.468,90.9,1.291,48.2,-0.449,51.8,-0.421,72.6,0.214,92.7,1.497,23.2,-0.398,24.4,-0.421,95.4,1.854,98.8,3.283,70.7,-0.249,72.6,-0.182,77.4,0.487,92.7,1.264,34.8,-0.357,34.8,-0.336,13.4,-0.783,13.4,-0.802,27.1,-0.399,27.1,-0.413,13.4,-1.515,13.4,-1.282,31.1,-0.337,31.7,-0.363,74.1,0.242,86.0,0.936,30.2,-0.322,30.2,-0.352,67.1,0.402,89.6,1.361,34.5,-0.289,35.1,-0.331,83.2,0.591,91.5,1.302,67.1,-0.335,71.3,-0.285,70.1,0.274,80.5,0.762,66.8,-0.281,70.4,-0.215,85.4,1.166,98.2,2.258,51.2,-0.451,54.3,-0.411,77.4,0.37,90.9,1.428,51.2,-0.364,25.3,-0.421
f4pqxviuwzd6a803jfx9bh4o9,M. Boadu,PSV Eindhoven,Forward,1,0.2501293140919177,0.0,0.0,0.9451,0.2364,0.0,0.0,1,0.2501293140919177,0.0,0.0,0.9451,0.2364,0.0,0.0,0,0.0,0.0,0.0,0.0,0.0,0.0,0.0,0,0.0,0.0,0.0,0.0,0.0,0.0,0.0,1,0.2501293140919177,0.0,0.0,0.9451,0.2364,0.0,0.0,1,0.2501293140919177,0.0,0.0,0.9451,0.2364,0.0,0.0,14.7,-0.822,1.7,-0.955,23.3,-0.389,23.3,-0.523,75.9,-0.359,1.7,-1.69,27.6,-0.405,29.3,-0.589,43.1,-0.4,25.9,-0.688,30.2,-0.292,30.2,-0.429,89.7,0.4,27.6,-0.567,31.9,-0.338,35.3,-0.477,12.9,-0.946,12.9,-0.87,36.2,-0.332,36.2,-0.372,12.9,-1.557,12.9,-1.318,37.1,-0.48,37.9,-0.495,16.4,-0.897,16.4,-0.862,34.5,-0.345,34.5,-0.359,16.4,-1.43,16.4,-1.224,35.3,-0.423,37.9,-0.405,31.9,-0.537,15.5,-0.739,32.8,-0.27,32.8,-0.394,91.4,0.28,20.7,-0.741,33.6,-0.202,36.2,-0.294,14.7,-1.084,1.7,-1.362,23.3,-0.332,23.3,-0.519,79.3,-0.325,1.7,-1.705,26.7,-0.388,29.3,-0.584
f57vs3qmmob743hdk2dxf56cq,S. Sambo,Sparta Rotterdam,Defender,3,1.338741540818153,0.0005423124819309,0.0002040791561877,0.9298,0.4149,0.0002,0.0001,2,0.962428689856188,0.0,0.0,0.9298,0.4474,0.0,0.0,1,0.376312850961965,0.0005423124819309,0.0002040791561877,0.9298,0.3499,0.0005,0.0002,1,0.6155305040723577,0.0,0.0,0.9298,0.5723,0.0,0.0,2,0.7232110367457953,0.0005423124819309,0.0002040791561877,0.9298,0.3362,0.0003,0.0001,3,1.338741540818153,0.0005423124819309,0.0002040791561877,0.9298,0.4149,0.0002,0.0001,20.4,-0.738,23.7,-0.742,27.4,-0.674,25.9,-0.673,14.1,-0.938,28.1,-0.63,34.4,-0.588,35.9,-0.523,31.9,-0.597,37.8,-0.56,21.9,-0.495,21.9,-0.521,26.7,-0.386,43.0,-0.082,25.9,-0.451,26.7,-0.506,15.6,-0.823,15.6,-0.851,48.9,-0.593,48.1,-0.585,27.4,-0.376,32.6,-0.468,56.7,-0.368,56.7,-0.359,26.3,-0.699,37.0,-0.609,28.1,-0.417,28.1,-0.435,41.1,0.08,82.2,0.996,32.6,-0.301,33.0,-0.354,24.8,-0.719,20.0,-0.809,36.3,-0.597,36.3,-0.582,27.0,-0.468,21.9,-0.703,44.1,-0.504,40.4,-0.477,20.4,-0.922,23.7,-0.832,37.0,-0.638,34.8,-0.614,15.6,-0.837,35.6,-0.542,41.9,-0.592,42.6,-0.513
f5pgdha5h37xytbk1zq8q710,D. Koswal,SC Telstar,Defender,6,1.988066454645604,0.0179687558056512,0.0054786234395729,1.112,0.3685,0.0033,0.001,3,1.016898119824465,0.0,0.0,0.9267,0.3141,0.0,0.0,3,0.9711683348211384,0.0179687558056512,0.0054786234395729,1.39,0.45,0.0083,0.0025,2,0.5757504269158658,0.0,0.0,0.9267,0.2668,0.0,0.0,4,1.412316027729738,0.0179687558056512,0.0054786234395729,0.9267,0.3272,0.0042,0.0013,6,1.988066454645604,0.0179687558056512,0.0054786234395729,1.112,0.3685,0.0033,0.001,45.2,-0.448,35.6,-0.576,68.1,0.18,68.1,0.115,45.2,-0.356,17.8,-0.947,84.4,0.585,82.2,0.443,44.8,-0.428,39.3,-0.535,21.9,-0.495,21.9,-0.521,22.2,-0.392,24.4,-0.639,25.9,-0.451,26.7,-0.506,44.8,-0.425,36.3,-0.548,75.6,0.703,76.3,0.628,77.8,0.517,51.1,-0.024,93.3,1.296,91.5,1.276,39.3,-0.519,34.8,-0.627,28.1,-0.417,28.1,-0.435,37.0,0.074,30.0,-0.415,32.6,-0.301,33.0,-0.354,50.7,-0.337,44.4,-0.459,73.3,0.417,74.1,0.337,23.3,-0.479,17.8,-0.76,84.4,0.677,84.1,0.524,60.4,0.167,43.7,-0.214,77.8,0.752,80.0,0.731,46.7,-0.335,22.2,-0.827,75.6,0.489,78.5,0.412
hjb0mn4fgmfiimwn5odvl8fd,T. Buitink,PEC Zwolle,Forward,1,0.8515577641162548,0.0,0.0,0.9399,0.8004,0.0,0.0,1,0.8515577641162548,0.0,0.0,0.9399,0.8004,0.0,0.0,0,0.0,0.0,0.0,0.0,0.0,0.0,0.0,0,0.0,0.0,0.0,0.0,0.0,0.0,0.0,1,0.8515577641162548,0.0,0.0,0.9399,0.8004,0.0,0.0,1,0.8515577641162548,0.0,0.0,0.9399,0.8004,0.0,0.0,14.7,-0.822,27.6,-0.582,23.3,-0.389,23.3,-0.523,72.4,-0.382,93.1,1.615,27.6,-0.405,29.3,-0.589,43.1,-0.4,56.9,-0.014,30.2,-0.292,30.2,-0.429,86.2,0.389,89.7,1.392,31.9,-0.338,35.3,-0.477,12.9,-0.946,12.9,-0.87,36.2,-0.332,36.2,-0.372,12.9,-1.557,12.9,-1.318,37.1,-0.48,37.9,-0.495,16.4,-0.897,16.4,-0.862,34.5,-0.345,34.5,-0.359,16.4,-1.43,16.4,-1.224,35.3,-0.423,37.9,-0.405,31.9,-0.537,55.2,-0.11,32.8,-0.27,32.8,-0.394,87.9,0.265,89.7,1.548,33.6,-0.202,36.2,-0.294,14.7,-1.084,27.6,-0.702,23.3,-0.332,23.3,-0.519,75.9,-0.348,93.1,1.703,26.7,-0.388,29.3,-0.584
idvh0ac1f8wv39640pyl4esp,S. Kersten,SC Heerenveen,Defender,30,13.18934265530119,0.03675186931355029,0.009464750133970568,1.3891,0.6107,0.0017,0.0004,12,6.386589894349153,8.259572690628991e-05,2.984462157766902e-05,1.5875,0.8449,0.0,0.0,18,6.802752760952039,0.036669273586644,0.0094349055123929,1.2822,0.4846,0.0026,0.0007,17,7.403839003845561,0.01220567562040649,0.003077691075377769,1.211,0.5274,0.0009,0.0002,13,5.785503651455631,0.0245461936931438,0.0063870590585928,1.3376,0.5953,0.0025,0.0007,8,3.495611152756737,0.0252716581428451,0.0062766647690824,1.4817,0.6474,0.0047,0.0012,93.3,1.865,97.8,2.291,86.7,1.1,83.0,0.71,74.1,0.529,83.7,0.705,65.2,-0.02,60.7,-0.201,87.4,1.101,94.8,1.909,47.4,-0.488,46.7,-0.513,82.2,0.845,96.3,1.577,25.9,-0.451,26.7,-0.506,97.8,2.562,97.8,2.425,93.3,2.094,90.4,1.537,71.1,0.307,57.8,0.129,75.2,0.08,74.8,-0.004,96.3,2.177,97.8,2.556,89.6,1.035,89.6,0.714,78.5,0.664,78.5,0.789,85.2,0.053,79.3,-0.049,89.3,1.384,93.3,1.76,87.4,0.8,82.2,0.495,85.2,0.968,87.4,0.928,73.3,0.162,73.3,0.023,83.3,0.892,88.1,1.221,91.1,1.335,85.9,0.935,79.3,0.683,83.7,0.889,88.1,0.978,84.4,0.617
lduqoe45t2fnbn9s9rbvlnf9,R. Pröpper,FC Twente,Defender,19,8.788054135833248,0.0044633388906478,0.0015222874569,1.2634,0.5844,0.0003,0.0001,8,3.538721465717364,0.0,0.0,1.2412,0.549,0.0,0.0,11,5.249332670115884,0.0044633388906478,0.0015222874569,1.28,0.6108,0.0005,0.0002,5,2.281036289163479,0.0,0.0,0.9309,0.4247,0.0,0.0,14,6.507017846669768,0.0044633388906478,0.0015222874569,1.3033,0.6058,0.0004,0.0001,6,2.442675714111771,0.0035531451015246,0.0012341176175932,1.1171,0.4548,0.0007,0.0002,82.6,0.805,86.7,1.164,53.3,-0.482,50.4,-0.476,63.7,0.127,74.8,0.526,39.3,-0.55,35.9,-0.523,77.8,0.421,80.7,0.612,21.9,-0.495,21.9,-0.521,60.0,0.197,65.9,0.342,25.9,-0.451,26.7,-0.506,87.0,1.168,91.9,1.633,66.7,-0.302,65.9,-0.282,70.4,0.303,79.3,0.688,56.7,-0.368,56.7,-0.359,66.7,0.02,69.6,0.168,28.1,-0.417,28.1,-0.435,45.9,0.083,58.5,0.314,32.6,-0.301,33.0,-0.354,91.5,1.575,96.3,2.126,60.0,-0.368,57.0,-0.353,84.4,0.847,88.9,0.994,48.5,-0.474,40.4,-0.477,60.4,0.167,57.8,0.219,61.1,-0.397,59.3,-0.352,49.6,-0.321,44.4,-0.296,58.1,-0.418,54.1,-0.41
lp9kyx4408kpoey40zv9mga1,J. De Busser,Go Ahead Eagles,Goalkeeper,2,0.5337873263532795,0.0056446245173285,0.0019446073089451,0.9358,0.2498,0.0026,0.0009,1,0.1892812740950047,0.0,0.0,0.9358,0.1771,0.0,0.0,1,0.3445060522582748,0.0056446245173285,0.0019446073089451,0.9358,0.3224,0.0053,0.0018,1,0.1892812740950047,0.0,0.0,0.9358,0.1771,0.0,0.0,1,0.3445060522582748,0.0056446245173285,0.0019446073089451,0.9358,0.3224,0.0053,0.0018,2,0.5337873263532795,0.0056446245173285,0.0019446073089451,0.9358,0.2498,0.0026,0.0009,34.4,-0.514,53.1,-0.433,62.5,-0.366,65.6,-0.129,46.9,-0.57,59.4,-0.135,75.0,-0.203,81.2,0.314,26.6,-0.573,21.9,-0.503,32.8,-0.467,32.8,-0.48,56.2,-0.201,34.4,-0.42,34.4,-0.408,34.4,-0.488,50.0,-0.41,62.5,-0.34,75.0,-0.001,75.0,0.398,65.6,0.446,81.2,0.813,87.5,0.337,93.8,1.471,42.2,-0.474,40.6,-0.44,37.5,-0.292,37.5,-0.426,65.6,0.383,56.2,-0.101,37.5,-0.285,37.5,-0.386,31.2,-0.536,50.0,-0.394,68.8,-0.208,71.9,0.153,62.5,0.145,81.2,0.715,81.2,0.15,90.6,0.94,34.4,-0.62,53.1,-0.426,68.8,-0.251,71.9,0.181,46.9,-0.549,59.4,-0.207,73.4,-0.196,78.1,0.319
mlqit2c8my1ewqy6avrfhf8q,A. Van Hoorenbeeck,Heracles Almelo,Defender,11,4.317199861689373,0.0043148182935974,0.0014671223558016,1.4631,0.5742,0.0006,0.0002,9,3.783366507846705,0.0007616731920728,0.0005644514174414,1.6759,0.7045,0.0001,0.0001,2,0.533833353842667,0.0035531451015246,0.0009026709383602,0.931,0.2485,0.0017,0.0004,2,0.5808142687494511,0.0,0.0,0.931,0.2704,0.0,0.0,9,3.736385592939921,0.0043148182935974,0.0014671223558016,1.6759,0.6957,0.0008,0.0003,6,2.325528576171877,0.0035531451015246,0.0009026709383602,1.1172,0.433,0.0007,0.0002,70.0,0.034,64.4,0.02,51.9,-0.489,49.6,-0.484,80.0,0.765,70.4,0.456,51.1,-0.437,48.1,-0.416,80.7,0.591,82.2,0.724,59.3,-0.43,62.2,-0.371,84.4,1.011,85.2,0.991,53.7,-0.413,57.0,-0.378,31.1,-0.624,20.7,-0.77,65.2,-0.369,60.0,-0.424,33.3,-0.374,14.8,-0.917,69.6,-0.112,66.3,-0.217,39.3,-0.519,35.6,-0.625,28.1,-0.417,28.1,-0.435,47.0,0.083,31.1,-0.398,32.6,-0.301,33.0,-0.354,79.3,0.619,80.0,0.72,59.3,-0.377,56.3,-0.362,97.0,2.159,96.3,1.56,56.3,-0.353,54.1,-0.31,60.4,0.167,54.8,0.107,61.1,-0.397,55.6,-0.436,50.4,-0.321,39.3,-0.43,58.1,-0.418,54.1,-0.41
nw48ayorxrpxwcxbdhxy44k4,B. van Duijl,Alkmaar Zaanstreek,Defender,4,1.68022821712101,0.0,0.0,0.9347,0.3926,0.0,0.0,2,0.5119137629132859,0.0,0.0,0.9347,0.2392,0.0,0.0,2,1.168314454207724,0.0,0.0,0.9347,0.546,0.0,0.0,1,0.2356185715326899,0.0,0.0,0.9347,0.2202,0.0,0.0,3,1.44460964558832,0.0,0.0,0.9347,0.4501,0.0,0.0,4,1.68022821712101,0.0,0.0,0.9347,0.3926,0.0,0.0,28.9,-0.641,29.6,-0.655,10.4,-0.701,10.4,-0.703,23.7,-0.923,23.0,-0.782,11.9,-0.664,14.1,-0.631,31.9,-0.597,22.2,-0.765,21.9,-0.495,21.9,-0.521,38.5,-0.377,15.6,-0.951,25.9,-0.451,26.7,-0.506,31.1,-0.624,44.4,-0.447,21.1,-0.634,21.1,-0.632,41.5,-0.367,65.2,0.401,22.6,-0.475,23.7,-0.501,26.3,-0.699,21.5,-0.786,28.1,-0.417,28.1,-0.435,54.8,0.09,23.0,-0.63,32.6,-0.301,33.0,-0.354,39.6,-0.528,45.2,-0.443,15.2,-0.628,15.2,-0.618,45.2,-0.451,55.2,0.014,17.0,-0.595,17.4,-0.561,28.9,-0.559,33.3,-0.507,13.7,-0.681,13.7,-0.667,27.4,-0.823,28.1,-0.679,16.3,-0.662,18.1,-0.615
oi8kw43rorvqooiencbnhxck,N. Fernandez,PSV Eindhoven,Midfielder,1,0.4230612543626988,0.000102546361754,4.338339243401806e-05,0.9385,0.397,0.0001,0.0,0,0.0,0.0,0.0,0.0,0.0,0.0,0.0,1,0.4230612543626988,0.000102546361754,4.338339243401806e-05,0.9385,0.397,0.0001,0.0,0,0.0,0.0,0.0,0.0,0.0,0.0,0.0,1,0.4230612543626988,0.000102546361754,4.338339243401806e-05,0.9385,0.397,0.0001,0.0,1,0.4230612543626988,0.000102546361754,4.338339243401806e-05,0.9385,0.397,0.0001,0.0,12.8,-0.744,13.4,-0.843,42.7,-0.476,39.0,-0.49,64.0,-0.486,23.2,-0.81,50.6,-0.36,24.4,-0.421,9.5,-0.932,9.5,-0.966,30.5,-0.323,30.5,-0.323,9.5,-1.85,9.5,-1.564,34.8,-0.357,34.8,-0.336,40.5,-0.449,41.5,-0.51,60.4,-0.382,59.8,-0.393,77.4,0.314,51.2,0.024,64.6,-0.304,31.7,-0.363,12.5,-0.82,12.5,-0.837,30.2,-0.322,30.2,-0.352,12.5,-1.672,12.5,-1.397,34.5,-0.289,35.1,-0.331,34.8,-0.494,34.8,-0.6,63.4,-0.37,61.6,-0.368,82.3,0.284,45.1,-0.124,66.8,-0.281,32.9,-0.295,12.8,-1.11,13.4,-1.154,45.7,-0.485,42.1,-0.498,67.1,-0.459,25.6,-0.774,51.2,-0.364,25.3,-0.421
qobf1v5kwuz6hj2ooixfw4mi,B. van Rooij,FC Twente,Defender,10,5.396316868749119,0.0,0.0,1.1631,0.6276,0.0,0.0,5,2.208552355398302,0.0,0.0,1.5508,0.685,0.0,0.0,5,3.187764513350817,0.0,0.0,0.9305,0.5932,0.0,0.0,6,3.27409727472375,0.0,0.0,0.9305,0.5077,0.0,0.0,4,2.122219594025369,0.0,0.0,1.2406,0.6582,0.0,0.0,7,3.095028211410618,0.0,0.0,1.3026,0.576,0.0,0.0,65.9,-0.063,74.1,0.296,10.4,-0.701,10.4,-0.703,54.1,-0.193,88.1,0.82,11.9,-0.664,14.1,-0.631,62.6,-0.088,62.2,0.007,21.9,-0.495,21.9,-0.521,80.7,0.776,83.0,0.91,25.9,-0.451,26.7,-0.506,64.8,-0.027,77.8,0.582,21.1,-0.634,21.1,-0.632,31.9,-0.375,74.1,0.61,22.6,-0.475,23.7,-0.501,71.5,0.2,77.0,0.631,28.1,-0.417,28.1,-0.435,43.7,0.082,75.6,0.698,32.6,-0.301,33.0,-0.354,50.7,-0.337,59.3,-0.099,15.2,-0.628,15.2,-0.618,80.0,0.626,94.8,1.324,17.0,-0.595,17.4,-0.561,74.4,0.53,80.0,0.84,13.7,-0.681,13.7,-0.667,69.6,0.19,73.3,0.45,16.3,-0.662,18.1,-0.615
qx44xpf889ysyh0yh20uketw,B. Pauwels,FC Volendam,Midfielder,2,0.7638128440774266,0.0022412319579816,0.0008570480897968,0.9266,0.3539,0.001,0.0004,1,0.3848325166087054,0.0013098121479512,0.0005040583051807,0.9266,0.3566,0.0012,0.0005,1,0.3789803274687211,0.0009314198100304,0.0003529897846161,0.9266,0.3512,0.0009,0.0003,2,0.7638128440774266,0.0022412319579816,0.0008570480897968,0.9266,0.3539,0.001,0.0004,0,0.0,0.0,0.0,0.0,0.0,0.0,0.0,2,0.7638128440774266,0.0022412319579816,0.0008570480897968,0.9266,0.3539,0.001,0.0004,35.7,-0.542,20.1,-0.697,71.3,-0.194,67.7,-0.214,21.6,-0.541,15.9,-1.034,79.0,-0.017,75.0,-0.006,34.5,-0.534,30.5,-0.664,85.4,-0.008,79.9,-0.033,37.8,0.138,34.1,-0.365,89.3,0.52,88.7,0.472,40.5,-0.449,39.0,-0.54,77.4,-0.243,70.1,-0.255,44.2,0.291,45.1,-0.127,82.9,-0.044,77.4,-0.08,61.6,-0.112,49.4,-0.301,87.8,0.193,84.1,0.202,42.4,0.386,42.7,-0.156,89.3,0.243,87.2,0.313,9.5,-0.856,9.5,-0.927,27.7,-0.387,27.7,-0.385,9.5,-1.876,9.5,-1.403,32.0,-0.317,32.9,-0.295,35.7,-0.655,20.1,-0.869,75.0,-0.129,70.1,-0.146,23.5,-0.513,17.7,-0.988,79.0,-0.024,74.1,-0.008
ubuh5wgnl0o5bn3wirdmectm,M. Eerdhuijzen,FC Utrecht,Defender,4,1.523790173823556,0.0216824782202758,0.0096550080384775,1.186,0.4518,0.0064,0.0029,3,1.214841487186455,0.0216824782202758,0.0096550080384775,1.3342,0.5403,0.0096,0.0043,1,0.308948686637101,0.0,0.0,0.8895,0.2748,0.0,0.0,2,0.7695506887643019,0.0,0.0,0.8895,0.3423,0.0,0.0,2,0.7542394850592542,0.0216824782202758,0.0096550080384775,0.8895,0.3354,0.0096,0.0043,4,1.523790173823556,0.0216824782202758,0.0096550080384775,1.186,0.4518,0.0064,0.0029,28.9,-0.641,27.4,-0.695,74.8,0.362,83.7,0.739,58.5,-0.12,37.8,-0.379,93.3,1.758,97.0,2.484,44.8,-0.428,43.7,-0.445,90.4,1.362,94.1,2.043,65.2,0.371,63.7,0.306,97.8,3.153,100.0,4.972,15.6,-0.823,14.1,-0.885,21.1,-0.634,21.1,-0.632,8.9,-0.454,16.3,-0.801,22.6,-0.475,23.7,-0.501,39.3,-0.519,42.2,-0.537,28.1,-0.417,28.1,-0.435,19.3,-0.003,42.2,-0.066,32.6,-0.301,33.0,-0.354,24.8,-0.719,22.2,-0.793,78.5,0.633,88.9,1.065,3.0,-0.61,20.7,-0.708,95.6,2.313,97.8,3.027,28.9,-0.559,28.1,-0.656,84.4,1.049,94.1,1.796,60.7,-0.131,42.2,-0.314,92.6,1.571,97.0,2.363
ucqemxwd5n13up4t16o6qot0,C. Nadje,SBV Excelsior,Midfielder,1,0.9261555495142418,0.0,0.0,0.9278,0.8593,0.0,0.0,1,0.9261555495142418,0.0,0.0,0.9278,0.8593,0.0,0.0,0,0.0,0.0,0.0,0.0,0.0,0.0,0.0,0,0.0,0.0,0.0,0.0,0.0,0.0,0.0,1,0.9261555495142418,0.0,0.0,0.9278,0.8593,0.0,0.0,1,0.9261555495142418,0.0,0.0,0.9278,0.8593,0.0,0.0,12.8,-0.744,28.7,-0.627,16.5,-0.489,16.5,-0.504,26.8,-0.536,94.5,1.591,23.2,-0.398,24.4,-0.421,34.5,-0.534,50.6,-0.238,30.5,-0.323,30.5,-0.323,41.8,0.141,93.9,1.325,34.8,-0.357,34.8,-0.336,13.4,-0.783,13.4,-0.802,27.1,-0.399,27.1,-0.413,13.4,-1.515,13.4,-1.282,31.1,-0.337,31.7,-0.363,12.5,-0.82,12.5,-0.837,30.2,-0.322,30.2,-0.352,12.5,-1.672,12.5,-1.397,34.5,-0.289,35.1,-0.331,34.8,-0.494,53.0,-0.21,27.7,-0.387,27.7,-0.385,45.7,0.26,94.5,1.366,32.0,-0.317,32.9,-0.295,12.8,-1.11,28.7,-0.733,17.4,-0.502,17.4,-0.516,28.7,-0.508,93.3,1.525,23.8,-0.402,25.3,-0.421
uru1h5pzgwy9cvbele1piei,R. Janse,Nijmegen Eendracht Combinatie,Goalkeeper,1,0.3489891706408093,0.0,0.0,0.9184,0.3205,0.0,0.0,1,0.3489891706408093,0.0,0.0,0.9184,0.3205,0.0,0.0,0,0.0,0.0,0.0,0.0,0.0,0.0,0.0,1,0.3489891706408093,0.0,0.0,0.9184,0.3205,0.0,0.0,0,0.0,0.0,0.0,0.0,0.0,0.0,0.0,1,0.3489891706408093,0.0,0.0,0.9184,0.3205,0.0,0.0,12.5,-0.63,28.1,-0.486,25.0,-0.573,25.0,-0.638,3.1,-0.633,71.9,0.322,26.6,-0.505,26.6,-0.572,26.6,-0.573,50.0,-0.414,32.8,-0.467,32.8,-0.48,12.5,-0.234,75.0,0.275,34.4,-0.408,34.4,-0.488,20.3,-0.628,20.3,-0.536,35.9,-0.527,35.9,-0.534,20.3,-1.19,20.3,-0.982,35.9,-0.37,35.9,-0.477,42.2,-0.474,56.2,-0.37,37.5,-0.292,37.5,-0.426,31.2,0.349,78.1,0.671,37.5,-0.285,37.5,-0.386,9.4,-0.822,9.4,-0.662,31.2,-0.538,31.2,-0.601,9.4,-2.078,9.4,-1.436,32.8,-0.482,32.8,-0.519,12.5,-0.962,28.1,-0.566,26.6,-0.472,26.6,-0.677,3.1,-0.597,75.0,0.125,28.1,-0.496,28.1,-0.555
wuh8s4gfo9ro3nel3rormg44,R. Daal,Alkmaar Zaanstreek,Midfielder,1,0.6772043146644864,0.0002000596638514,0.0001354812675505,0.9359,0.6338,0.0002,0.0001,0,0.0,0.0,0.0,0.0,0.0,0.0,0.0,1,0.6772043146644864,0.0002000596638514,0.0001354812675505,0.9359,0.6338,0.0002,0.0001,1,0.6772043146644864,0.0002000596638514,0.0001354812675505,0.9359,0.6338,0.0002,0.0001,0,0.0,0.0,0.0,0.0,0.0,0.0,0.0,1,0.6772043146644864,0.0002000596638514,0.0001354812675505,0.9359,0.6338,0.0002,0.0001,12.8,-0.744,18.3,-0.734,46.0,-0.463,47.0,-0.458,57.3,-0.498,69.5,0.42,58.8,-0.322,55.2,-0.317,9.5,-0.932,9.5,-0.966,30.5,-0.323,30.5,-0.323,9.5,-1.85,9.5,-1.564,34.8,-0.357,34.8,-0.336,40.5,-0.449,51.2,-0.334,64.0,-0.366,63.4,-0.352,73.8,0.309,79.3,0.803,70.1,-0.272,68.0,-0.268,38.7,-0.466,46.3,-0.362,70.1,-0.276,70.7,-0.265,75.0,0.407,80.5,0.826,77.4,-0.182,74.7,-0.17,9.5,-0.856,9.5,-0.927,27.7,-0.387,27.7,-0.385,9.5,-1.876,9.5,-1.403,32.0,-0.317,32.9,-0.295,12.8,-1.11,18.3,-0.941,49.1,-0.469,50.0,-0.458,60.4,-0.471,72.3,0.404,60.1,-0.326,57.0,-0.318
xvher4f1mb6otoui5k5gs3ro,N. Bukala,FC Volendam,Midfielder,7,1.744560113511826,0.0094983596934275,0.00364839618341,1.091,0.2719,0.0015,0.0006,3,0.644336536315745,0.0,0.0,0.9352,0.2009,0.0,0.0,4,1.100223577196081,0.0094983596934275,0.00364839618341,1.2469,0.343,0.003,0.0011,4,0.6642814739657893,0.0094983596934275,0.00364839618341,0.9352,0.1553,0.0022,0.0009,3,1.080278639546036,0.0,0.0,0.9352,0.3367,0.0,0.0,6,1.718671449082233,0.0094983596934275,0.00364839618341,1.1222,0.3214,0.0018,0.0007,78.7,0.468,54.3,-0.277,86.0,0.761,86.6,0.734,73.8,0.222,6.1,-1.46,83.5,0.174,80.5,0.202,72.3,0.262,37.2,-0.46,30.5,-0.323,30.5,-0.323,65.9,0.157,20.7,-0.889,34.8,-0.357,34.8,-0.336,80.5,0.555,63.4,-0.042,90.9,1.198,91.5,1.216,87.8,0.915,43.9,-0.154,90.2,0.641,89.0,0.674,81.1,0.596,44.5,-0.371,95.1,1.86,95.7,2.006,72.0,0.406,26.2,-0.852,92.4,0.88,93.6,1.119,72.6,0.229,61.0,-0.091,27.7,-0.387,27.7,-0.385,74.4,0.277,35.4,-0.318,32.0,-0.317,32.9,-0.295,85.4,1.166,54.3,-0.069,87.2,1.081,87.8,1.062,78.7,0.377,8.5,-1.15,84.1,0.278,82.6,0.301
y1ky8sp8scl05mmfr7byy3md,J. Hardeveld,SC Telstar,Midfielder,9,4.157565750640221,0.014656114147734,0.005503049080544773,1.1904,0.5499,0.0019,0.0007,5,1.869890243582576,0.0122568463995301,0.0046424473508579,1.1573,0.4328,0.0028,0.0011,4,2.287675507057645,0.002399267748203896,0.0008606017296868722,1.2345,0.706,0.0007,0.0003,7,3.472940031121042,0.0141450339809995,0.005349314377722973,1.0802,0.5359,0.0022,0.0008,2,0.6846257195191789,0.0005110801667345,0.0001537347028218,0.9259,0.3169,0.0002,0.0001,5,1.873007534882615,0.0124030164555861,0.0045492710945915,0.9259,0.3468,0.0023,0.0008,85.7,0.872,82.3,0.757,89.6,1.439,92.1,1.363,83.5,0.683,53.7,-0.016,85.4,0.326,83.5,0.306,87.8,1.058,78.0,0.504,95.7,2.628,97.6,2.348,81.7,0.633,40.2,-0.109,93.9,1.689,94.5,1.441,80.5,0.555,83.5,0.777,81.1,0.004,78.7,-0.029,86.6,0.891,84.8,1.041,80.5,-0.109,77.4,-0.08,93.9,1.657,92.7,1.6,96.3,2.928,97.6,3.105,87.2,0.728,63.4,0.483,92.4,0.88,91.8,0.958,58.5,-0.132,42.1,-0.397,72.3,-0.301,67.7,-0.322,39.0,0.255,31.1,-0.382,73.2,-0.245,70.4,-0.215,72.9,0.711,58.5,0.061,87.8,1.565,90.9,1.451,21.6,-0.516,14.6,-1.024,84.8,0.467,85.4,0.404
