player_id,player,team,position_group,boxentry_box_entry_attempts,boxentry_box_entry_completed,boxentry_box_entry_pred_xbe,boxentry_box_entry_via_cross,boxentry_box_entry_via_through_ball,boxentry_box_entry_via_cutback,boxentry_box_entry_attempts_per90,boxentry_box_entry_completed_per90,boxentry_box_entry_pred_xbe_per90,boxentry_box_entry_via_cross_per90,boxentry_box_entry_via_through_ball_per90,boxentry_box_entry_via_cutback_per90,boxentry_box_entry_attempts__home,boxentry_box_entry_completed__home,boxentry_box_entry_pred_xbe__home,boxentry_box_entry_via_cross__home,boxentry_box_entry_via_through_ball__home,boxentry_box_entry_via_cutback__home,boxentry_box_entry_attempts__home_per90,boxentry_box_entry_completed__home_per90,boxentry_box_entry_pred_xbe__home_per90,boxentry_box_entry_via_cross__home_per90,boxentry_box_entry_via_through_ball__home_per90,boxentry_box_entry_via_cutback__home_per90,boxentry_box_entry_attempts__away,boxentry_box_entry_completed__away,boxentry_box_entry_pred_xbe__away,boxentry_box_entry_via_cross__away,boxentry_box_entry_via_through_ball__away,boxentry_box_entry_via_cutback__away,boxentry_box_entry_attempts__away_per90,boxentry_box_entry_completed__away_per90,boxentry_box_entry_pred_xbe__away_per90,boxentry_box_entry_via_cross__away_per90,boxentry_box_entry_via_through_ball__away_per90,boxentry_box_entry_via_cutback__away_per90,boxentry_box_entry_attempts__H1,boxentry_box_entry_completed__H1,boxentry_box_entry_pred_xbe__H1,boxentry_box_entry_via_cross__H1,boxentry_box_entry_via_through_ball__H1,boxentry_box_entry_via_cutback__H1,boxentry_box_entry_attempts__H1_per90,boxentry_box_entry_completed__H1_per90,boxentry_box_entry_pred_xbe__H1_per90,boxentry_box_entry_via_cross__H1_per90,boxentry_box_entry_via_through_ball__H1_per90,boxentry_box_entry_via_cutback__H1_per90,boxentry_box_entry_attempts__H2,boxentry_box_entry_completed__H2,boxentry_box_entry_pred_xbe__H2,boxentry_box_entry_via_cross__H2,boxentry_box_entry_via_through_ball__H2,boxentry_box_entry_via_cutback__H2,boxentry_box_entry_attempts__H2_per90,boxentry_box_entry_completed__H2_per90,boxentry_box_entry_pred_xbe__H2_per90,boxentry_box_entry_via_cross__H2_per90,boxentry_box_entry_via_through_ball__H2_per90,boxentry_box_entry_via_cutback__H2_per90,boxentry_box_entry_attempts__last5,boxentry_box_entry_completed__last5,boxentry_box_entry_pred_xbe__last5,boxentry_box_entry_via_cross__last5,boxentry_box_entry_via_through_ball__last5,boxentry_box_entry_via_cutback__last5,boxentry_box_entry_attempts__last5_per90,boxentry_box_entry_completed__last5_per90,boxentry_box_entry_pred_xbe__last5_per90,boxentry_box_entry_via_cross__last5_per90,boxentry_box_entry_via_through_ball__last5_per90,boxentry_box_entry_via_cutback__last5_per90,boxentry_box_entry_attempts_percentile,boxentry_box_entry_attempts_zscore,boxentry_box_entry_completed_percentile,boxentry_box_entry_completed_zscore,boxentry_box_entry_pred_xbe_percentile,boxentry_box_entry_pred_xbe_zscore,boxentry_box_entry_via_cross_percentile,boxentry_box_entry_via_cross_zscore,boxentry_box_entry_via_through_ball_percentile,boxentry_box_entry_via_through_ball_zscore,boxentry_box_entry_via_cutback_percentile,boxentry_box_entry_via_cutback_zscore,boxentry_box_entry_attempts_per90_percentile,boxentry_box_entry_attempts_per90_zscore,boxentry_box_entry_completed_per90_percentile,boxentry_box_entry_completed_per90_zscore,boxentry_box_entry_pred_xbe_per90_percentile,boxentry_box_entry_pred_xbe_per90_zscore,boxentry_box_entry_via_cross_per90_percentile,boxentry_box_entry_via_cross_per90_zscore,boxentry_box_entry_via_through_ball_per90_percentile,boxentry_box_entry_via_through_ball_per90_zscore,boxentry_box_entry_via_cutback_per90_percentile,boxentry_box_entry_via_cutback_per90_zscore,boxentry_box_entry_attempts__home_percentile,boxentry_box_entry_attempts__home_zscore,boxentry_box_entry_completed__home_percentile,boxentry_box_entry_completed__home_zscore,boxentry_box_entry_pred_xbe__home_percentile,boxentry_box_entry_pred_xbe__home_zscore,boxentry_box_entry_via_cross__home_percentile,boxentry_box_entry_via_cross__home_zscore,boxentry_box_entry_via_through_ball__home_percentile,boxentry_box_entry_via_through_ball__home_zscore,boxentry_box_entry_via_cutback__home_percentile,boxentry_box_entry_via_cutback__home_zscore,boxentry_box_entry_attempts__home_per90_percentile,boxentry_box_entry_attempts__home_per90_zscore,boxentry_box_entry_completed__home_per90_percentile,boxentry_box_entry_completed__home_per90_zscore,boxentry_box_entry_pred_xbe__home_per90_percentile,boxentry_box_entry_pred_xbe__home_per90_zscore,boxentry_box_entry_via_cross__home_per90_percentile,boxentry_box_entry_via_cross__home_per90_zscore,boxentry_box_entry_via_through_ball__home_per90_percentile,boxentry_box_entry_via_through_ball__home_per90_zscore,boxentry_box_entry_via_cutback__home_per90_percentile,boxentry_box_entry_via_cutback__home_per90_zscore,boxentry_box_entry_attempts__away_percentile,boxentry_box_entry_attempts__away_zscore,boxentry_box_entry_completed__away_percentile,boxentry_box_entry_completed__away_zscore,boxentry_box_entry_pred_xbe__away_percentile,boxentry_box_entry_pred_xbe__away_zscore,boxentry_box_entry_via_cross__away_percentile,boxentry_box_entry_via_cross__away_zscore,boxentry_box_entry_via_through_ball__away_percentile,boxentry_box_entry_via_through_ball__away_zscore,boxentry_box_entry_via_cutback__away_percentile,boxentry_box_entry_via_cutback__away_zscore,boxentry_box_entry_attempts__away_per90_percentile,boxentry_box_entry_attempts__away_per90_zscore,boxentry_box_entry_completed__away_per90_percentile,boxentry_box_entry_completed__away_per90_zscore,boxentry_box_entry_pred_xbe__away_per90_percentile,boxentry_box_entry_pred_xbe__away_per90_zscore,boxentry_box_entry_via_cross__away_per90_percentile,boxentry_box_entry_via_cross__away_per90_zscore,boxentry_box_entry_via_through_ball__away_per90_percentile,boxentry_box_entry_via_through_ball__away_per90_zscore,boxentry_box_entry_via_cutback__away_per90_percentile,boxentry_box_entry_via_cutback__away_per90_zscore,boxentry_box_entry_attempts__H1_percentile,boxentry_box_entry_attempts__H1_zscore,boxentry_box_entry_completed__H1_percentile,boxentry_box_entry_completed__H1_zscore,boxentry_box_entry_pred_xbe__H1_percentile,boxentry_box_entry_pred_xbe__H1_zscore,boxentry_box_entry_via_cross__H1_percentile,boxentry_box_entry_via_cross__H1_zscore,boxentry_box_entry_via_through_ball__H1_percentile,boxentry_box_entry_via_through_ball__H1_zscore,boxentry_box_entry_via_cutback__H1_percentile,boxentry_box_entry_via_cutback__H1_zscore,boxentry_box_entry_attempts__H1_per90_percentile,boxentry_box_entry_attempts__H1_per90_zscore,boxentry_box_entry_completed__H1_per90_percentile,boxentry_box_entry_completed__H1_per90_zscore,boxentry_box_entry_pred_xbe__H1_per90_percentile,boxentry_box_entry_pred_xbe__H1_per90_zscore,boxentry_box_entry_via_cross__H1_per90_percentile,boxentry_box_entry_via_cross__H1_per90_zscore,boxentry_box_entry_via_through_ball__H1_per90_percentile,boxentry_box_entry_via_through_ball__H1_per90_zscore,boxentry_box_entry_via_cutback__H1_per90_percentile,boxentry_box_entry_via_cutback__H1_per90_zscore,boxentry_box_entry_attempts__H2_percentile,boxentry_box_entry_attempts__H2_zscore,boxentry_box_entry_completed__H2_percentile,boxentry_box_entry_completed__H2_zscore,boxentry_box_entry_pred_xbe__H2_percentile,boxentry_box_entry_pred_xbe__H2_zscore,boxentry_box_entry_via_cross__H2_percentile,boxentry_box_entry_via_cross__H2_zscore,boxentry_box_entry_via_through_ball__H2_percentile,boxentry_box_entry_via_through_ball__H2_zscore,boxentry_box_entry_via_cutback__H2_percentile,boxentry_box_entry_via_cutback__H2_zscore,boxentry_box_entry_attempts__H2_per90_percentile,boxentry_box_entry_attempts__H2_per90_zscore,boxentry_box_entry_completed__H2_per90_percentile,boxentry_box_entry_completed__H2_per90_zscore,boxentry_box_entry_pred_xbe__H2_per90_percentile,boxentry_box_entry_pred_xbe__H2_per90_zscore,boxentry_box_entry_via_cross__H2_per90_percentile,boxentry_box_entry_via_cross__H2_per90_zscore,boxentry_box_entry_via_through_ball__H2_per90_percentile,boxentry_box_entry_via_through_ball__H2_per90_zscore,boxentry_box_entry_via_cutback__H2_per90_percentile,boxentry_box_entry_via_cutback__H2_per90_zscore,boxentry_box_entry_attempts__last5_percentile,boxentry_box_entry_attempts__last5_zscore,boxentry_box_entry_completed__last5_percentile,boxentry_box_entry_completed__last5_zscore,boxentry_box_entry_pred_xbe__last5_percentile,boxentry_box_entry_pred_xbe__last5_zscore,boxentry_box_entry_via_cross__last5_percentile,boxentry_box_entry_via_cross__last5_zscore,boxentry_box_entry_via_through_ball__last5_percentile,boxentry_box_entry_via_through_ball__last5_zscore,boxentry_box_entry_via_cutback__last5_percentile,boxentry_box_entry_via_cutback__last5_zscore,boxentry_box_entry_attempts__last5_per90_percentile,boxentry_box_entry_attempts__last5_per90_zscore,boxentry_box_entry_completed__last5_per90_percentile,boxentry_box_entry_completed__last5_per90_zscore,boxentry_box_entry_pred_xbe__last5_per90_percentile,boxentry_box_entry_pred_xbe__last5_per90_zscore,boxentry_box_entry_via_cross__last5_per90_percentile,boxentry_box_entry_via_cross__last5_per90_zscore,boxentry_box_entry_via_through_ball__last5_per90_percentile,boxentry_box_entry_via_through_ball__last5_per90_zscore,boxentry_box_entry_via_cutback__last5_per90_percentile,boxentry_box_entry_via_cutback__last5_per90_zscore
10k3fz1ibikbugv4c45ewy87o,J. Pereira da Gama,PEC Zwolle,Midfielder,2,1,0.9139863646781589,0,0,0,0.9288,0.4644,0.4245,0.0,0.0,0.0,2,1,0.9139863646781589,0,0,0,0.9288,0.4644,0.4245,0.0,0.0,0.0,0,0,0.0,0,0,0,0.0,0.0,0.0,0.0,0.0,0.0,1,0,0.2629389008522973,0,0,0,0.9288,0.0,0.2442,0.0,0.0,0.0,1,1,0.6510474638258615,0,0,0,0.9288,0.9288,0.6047,0.0,0.0,0.0,2,1,0.9139863646781589,0,0,0,0.9288,0.4644,0.4245,0.0,0.0,0.0,6.7,-1.011,11.1,-0.961,8.2,-0.999,5.3,-0.79,25.0,-0.653,46.2,-0.298,3.8,-1.336,24.5,-0.763,12.5,-1.1,5.3,-1.212,25.0,-0.494,46.2,-0.273,13.9,-0.927,20.0,-0.863,16.8,-0.91,9.1,-0.777,33.7,-0.532,48.6,-0.186,11.1,-1.014,24.5,-0.682,23.1,-0.849,9.1,-1.066,33.7,-0.441,48.6,-0.162,1.7,-1.055,6.7,-0.994,1.7,-1.038,8.2,-0.754,35.1,-0.551,47.8,-0.224,1.7,-2.171,6.7,-1.42,1.7,-1.909,8.2,-1.15,35.1,-0.393,47.8,-0.216,15.1,-0.858,11.3,-0.843,14.9,-0.863,13.9,-0.676,34.9,-0.508,48.8,-0.172,18.3,-0.727,11.3,-1.333,16.8,-1.036,13.9,-0.976,34.9,-0.4,48.8,-0.128,4.3,-1.107,14.9,-0.976,9.1,-1.076,6.7,-0.845,33.4,-0.57,47.6,-0.236,6.7,-1.113,79.8,0.646,46.6,-0.205,6.7,-1.224,33.4,-0.387,47.6,-0.219,6.7,-1.444,12.5,-1.104,8.2,-1.285,8.4,-1.058,36.3,-0.519,48.8,-0.172,4.8,-1.174,27.9,-0.682,15.4,-0.948,8.4,-1.121,36.3,-0.47,48.8,-0.172
11ceernyer8po8soj8dmygatx,T. Wellenreuther,Feyenoord Rotterdam,Goalkeeper,19,3,2.325416365380669,0,0,0,1.2557,0.1983,0.1537,0.0,0.0,0.0,6,1,0.8798113306716833,0,0,0,0.9252,0.1542,0.1357,0.0,0.0,0.0,13,2,1.445605034708986,0,0,0,1.5035,0.2313,0.1672,0.0,0.0,0.0,10,2,1.181667208571094,0,0,0,1.1565,0.2313,0.1367,0.0,0.0,0.0,9,1,1.143749156809575,0,0,0,1.0409,0.1157,0.1323,0.0,0.0,0.0,8,2,0.7328661106290892,0,0,0,1.4804,0.3701,0.1356,0.0,0.0,0.0,68.8,0.448,76.2,0.232,75.0,0.015,45.0,-0.337,48.8,-0.214,51.2,0.0,52.5,0.027,72.5,0.22,67.5,-0.087,45.0,-0.279,48.8,-0.226,51.2,0.0,65.0,-0.051,70.0,-0.029,70.0,-0.108,45.0,-0.352,51.2,0.0,51.2,0.0,30.0,-0.13,72.5,0.065,62.5,-0.04,45.0,-0.348,51.2,0.0,51.2,0.0,80.0,1.009,80.0,0.435,77.5,0.135,48.8,-0.227,48.8,-0.214,51.2,0.0,77.5,0.591,72.5,0.229,70.0,-0.002,48.8,-0.193,48.8,-0.221,51.2,0.0,77.5,0.657,82.5,0.631,80.0,0.141,47.5,-0.281,51.2,0.0,51.2,0.0,80.0,0.598,82.5,0.51,72.5,0.075,47.5,-0.267,51.2,0.0,51.2,0.0,65.0,0.226,70.0,-0.095,72.5,-0.067,47.5,-0.259,48.8,-0.214,51.2,0.0,50.0,-0.031,70.0,-0.05,67.5,-0.085,47.5,-0.221,48.8,-0.226,51.2,0.0,85.0,1.131,87.5,1.167,75.0,0.102,46.2,-0.294,50.0,-0.158,51.2,0.0,82.5,0.762,76.2,1.028,60.0,-0.118,46.2,-0.294,50.0,-0.158,51.2,0.0
14csdlb8p0tnj6zqrs148ct1w,J. Ritmeester van de Kamp,SC Telstar,Forward,71,35,33.6747847625242,28,3,0,2.7338,1.3476,1.2966,1.0781,0.1155,0.0,33,19,15.94920203618453,14,2,0,2.5413,1.4631,1.2282,1.0781,0.154,0.0,38,16,17.72558272633968,14,1,0,2.9263,1.2321,1.365,1.0781,0.077,0.0,37,17,16.92393100979623,15,2,0,1.8995,0.8728,0.8688,0.7701,0.1027,0.0,34,18,16.75085375272798,13,1,0,1.8482,0.9785,0.9105,0.7067,0.0544,0.0,12,5,5.910542276986986,5,0,0,2.2178,0.9241,1.0924,0.9241,0.0,0.0,94.9,1.935,97.5,2.094,96.2,1.994,97.5,2.263,72.8,0.189,50.0,-0.113,93.7,1.827,92.4,1.543,91.1,1.661,89.9,1.596,44.3,-0.412,50.0,-0.113,93.7,1.496,97.5,1.805,93.7,1.547,96.8,2.124,80.4,0.529,50.6,0.0,88.6,1.236,92.4,1.511,87.3,1.209,93.7,1.65,64.6,-0.178,50.6,0.0,94.9,2.43,96.2,2.393,97.5,2.506,93.7,2.21,61.4,-0.11,50.0,-0.113,93.7,1.948,92.4,1.424,92.4,1.881,89.9,1.456,44.3,-0.474,50.0,-0.113,96.2,2.107,96.8,2.201,97.5,2.256,97.5,2.207,88.0,1.041,50.6,0.0,94.9,1.331,81.0,0.943,88.6,1.065,88.6,1.558,67.1,-0.122,50.6,0.0,94.9,1.672,96.2,1.908,96.2,1.697,92.4,2.082,54.4,-0.254,50.0,-0.113,93.7,1.308,96.2,1.448,94.9,1.359,87.3,1.07,44.3,-0.538,50.0,-0.113,89.2,0.797,85.4,0.833,91.1,1.09,91.1,0.865,24.1,-0.712,50.6,0.0,89.9,0.694,81.0,0.624,88.6,0.943,88.6,0.772,24.1,-0.745,50.6,0.0
16mtjri8tz6vmxtxwr34y2tp1,M. Branderhorst,Fortuna Sittard,Goalkeeper,25,3,2.065262210448242,0,0,0,1.3546,0.1625,0.1119,0.0,0.0,0.0,13,1,0.9570050249847862,0,0,0,1.4968,0.1151,0.1102,0.0,0.0,0.0,12,2,1.108257185463456,0,0,0,1.2281,0.2047,0.1134,0.0,0.0,0.0,15,3,1.162917899390858,0,0,0,1.2561,0.2512,0.0974,0.0,0.0,0.0,10,0,0.9023443110573846,0,0,0,1.1514,0.0,0.1039,0.0,0.0,0.0,7,1,0.6887044828095688,0,0,0,1.2896,0.1842,0.1269,0.0,0.0,0.0,82.5,0.904,76.2,0.232,67.5,-0.052,45.0,-0.337,48.8,-0.214,51.2,0.0,65.0,0.297,65.0,0.041,47.5,-0.338,45.0,-0.279,48.8,-0.226,51.2,0.0,81.2,0.894,70.0,-0.029,72.5,-0.068,45.0,-0.352,51.2,0.0,51.2,0.0,85.0,0.759,65.0,-0.104,57.5,-0.192,45.0,-0.348,51.2,0.0,51.2,0.0,76.2,0.848,80.0,0.435,72.5,-0.036,48.8,-0.227,48.8,-0.214,51.2,0.0,50.0,0.086,67.5,0.126,60.0,-0.281,48.8,-0.193,48.8,-0.221,51.2,0.0,90.0,1.434,90.0,1.262,77.5,0.129,47.5,-0.281,51.2,0.0,51.2,0.0,85.0,0.803,87.5,0.608,57.5,-0.196,47.5,-0.267,51.2,0.0,51.2,0.0,72.5,0.361,31.2,-0.567,67.5,-0.167,47.5,-0.259,48.8,-0.214,51.2,0.0,57.5,0.267,31.2,-0.624,55.0,-0.25,47.5,-0.221,48.8,-0.226,51.2,0.0,77.5,0.777,71.2,0.269,72.5,0.041,46.2,-0.294,50.0,-0.158,51.2,0.0,67.5,0.236,65.0,0.182,55.0,-0.189,46.2,-0.294,50.0,-0.158,51.2,0.0
16tmkyjtx7rr2rbb6ey9vasmi,O. Sivertsen,Go Ahead Eagles,Midfielder,23,8,7.070407747636724,20,0,0,1.9515,0.6788,0.5999,1.697,0.0,0.0,21,7,6.578870698446005,18,0,0,2.1778,0.7259,0.6823,1.8667,0.0,0.0,2,1,0.4915370491907184,2,0,0,0.9333,0.4667,0.2294,0.9333,0.0,0.0,3,0,0.742102079105527,3,0,0,2.8,0.0,0.6926,2.8,0.0,0.0,20,8,6.328305668531197,17,0,0,1.697,0.6788,0.5369,1.4424,0.0,0.0,6,2,1.591330489296275,6,0,0,1.12,0.3733,0.297,1.12,0.0,0.0,45.2,-0.402,41.1,-0.509,37.0,-0.585,76.4,0.251,25.0,-0.653,46.2,-0.298,50.5,-0.147,37.0,-0.351,27.9,-0.675,88.5,1.243,25.0,-0.494,46.2,-0.273,62.7,0.071,53.6,-0.182,51.9,-0.219,85.6,0.9,33.7,-0.532,48.6,-0.186,57.7,0.09,45.2,-0.243,39.4,-0.357,87.5,1.19,33.7,-0.441,48.6,-0.162,11.5,-0.933,18.0,-0.858,8.2,-0.969,33.9,-0.534,35.1,-0.551,47.8,-0.224,12.0,-1.129,30.8,-0.589,5.8,-1.38,67.8,0.281,35.1,-0.393,47.8,-0.216,25.2,-0.75,11.3,-0.843,19.2,-0.804,48.6,-0.38,34.9,-0.508,48.8,-0.172,95.2,1.732,11.3,-1.333,59.6,0.204,99.5,3.621,34.9,-0.4,48.8,-0.128,59.9,0.003,56.7,-0.085,48.1,-0.301,84.9,0.877,33.4,-0.57,47.6,-0.236,65.4,0.235,53.8,0.046,34.6,-0.445,93.3,1.553,33.4,-0.387,47.6,-0.219,23.1,-0.742,24.8,-0.777,13.5,-1.033,73.3,0.486,36.3,-0.519,48.8,-0.172,15.4,-0.974,23.1,-0.836,6.2,-1.214,73.6,0.437,36.3,-0.47,48.8,-0.172
1ab5am767rpppcrwnlfjo0mad,M. Hamdaoui,SC Telstar,Midfielder,1,1,0.4128529269282733,0,0,0,0.9157,0.9157,0.378,0.0,0.0,0.0,0,0,0.0,0,0,0,0.0,0.0,0.0,0.0,0.0,0.0,1,1,0.4128529269282733,0,0,0,0.9157,0.9157,0.378,0.0,0.0,0.0,0,0,0.0,0,0,0,0.0,0.0,0.0,0.0,0.0,0.0,1,1,0.4128529269282733,0,0,0,0.9157,0.9157,0.378,0.0,0.0,0.0,1,1,0.4128529269282733,0,0,0,0.9157,0.9157,0.378,0.0,0.0,0.0,2.6,-1.04,11.1,-0.961,4.3,-1.033,5.3,-0.79,25.0,-0.653,46.2,-0.298,1.2,-1.351,56.7,0.103,7.7,-1.213,5.3,-1.212,25.0,-0.494,46.2,-0.273,3.8,-1.033,7.0,-0.976,3.8,-1.021,9.1,-0.777,33.7,-0.532,48.6,-0.186,3.8,-1.835,7.0,-1.462,3.8,-1.66,9.1,-1.066,33.7,-0.441,48.6,-0.162,6.0,-0.994,18.0,-0.858,7.2,-0.98,8.2,-0.754,35.1,-0.551,47.8,-0.224,4.6,-1.149,58.2,0.21,12.0,-1.037,8.2,-1.15,35.1,-0.393,47.8,-0.216,6.2,-0.912,11.3,-0.843,6.2,-0.896,13.9,-0.676,34.9,-0.508,48.8,-0.172,6.2,-1.947,11.3,-1.333,6.2,-1.711,13.9,-0.976,34.9,-0.4,48.8,-0.128,4.3,-1.107,14.9,-0.976,6.7,-1.108,6.7,-0.845,33.4,-0.57,47.6,-0.236,2.2,-1.136,76.4,0.615,12.0,-1.007,6.7,-1.224,33.4,-0.387,47.6,-0.219,2.6,-1.62,12.5,-1.104,4.3,-1.471,8.4,-1.058,36.3,-0.519,48.8,-0.172,1.2,-1.188,53.8,0.08,12.5,-1.045,8.4,-1.121,36.3,-0.47,48.8,-0.172
1asrguqxyo7rmoyamggwd9oq2,A. Kaplan,Nijmegen Eendracht Combinatie,Defender,24,10,10.06383934787113,10,0,0,1.6982,0.7076,0.7121,0.7076,0.0,0.0,17,6,6.343292291503602,9,0,0,1.9547,0.6899,0.7294,1.0349,0.0,0.0,7,4,3.720547056367526,1,0,0,1.2878,0.7359,0.6845,0.184,0.0,0.0,12,5,4.385288226184816,5,0,0,1.3798,0.5749,0.5042,0.5749,0.0,0.0,12,5,5.678551121686311,5,0,0,1.1038,0.4599,0.5224,0.4599,0.0,0.0,8,4,3.492463409366545,1,0,0,1.4718,0.7359,0.6425,0.184,0.0,0.0,59.5,-0.149,67.2,0.015,65.7,0.037,60.9,-0.198,23.0,-0.752,45.6,-0.312,51.8,-0.218,65.0,0.158,65.0,0.176,51.1,-0.154,23.0,-0.666,45.6,-0.295,70.1,0.144,70.1,0.124,73.7,0.224,74.1,0.186,29.9,-0.636,47.1,-0.254,65.0,0.147,61.3,0.121,65.7,0.279,63.5,0.313,29.9,-0.51,47.1,-0.242,42.7,-0.486,61.7,-0.109,58.4,-0.182,28.8,-0.641,33.9,-0.583,48.9,-0.173,35.0,-0.504,67.2,0.288,66.4,0.176,25.5,-0.811,33.9,-0.483,48.9,-0.168,62.8,-0.092,67.2,0.091,67.2,-0.005,62.4,-0.147,33.6,-0.568,46.7,-0.28,56.2,0.08,65.7,0.456,65.0,0.3,52.6,0.019,33.6,-0.47,46.7,-0.245,56.6,-0.2,62.0,-0.059,67.2,0.078,60.2,-0.234,30.7,-0.627,48.9,-0.173,26.3,-0.664,48.2,-0.098,57.7,-0.001,46.7,-0.299,30.7,-0.565,48.9,-0.158,47.8,-0.229,68.2,0.344,66.4,0.186,24.1,-0.757,32.5,-0.624,48.5,-0.194,39.4,-0.443,61.3,0.169,60.6,-0.015,18.2,-0.822,32.5,-0.601,48.5,-0.194
1c4fzmrwmlwaqmqomge14rqc4,D. Janse,FC Groningen,Defender,34,11,10.06759487204848,3,1,0,1.4376,0.4651,0.4257,0.1268,0.0423,0.0,13,4,3.426790770086309,2,0,0,1.2093,0.3721,0.3188,0.186,0.0,0.0,21,7,6.640804101962176,1,1,0,1.6279,0.5426,0.5148,0.0775,0.0775,0.0,17,6,4.697383150485125,0,1,0,1.2165,0.4293,0.3361,0.0,0.0716,0.0,17,5,5.37021172156336,3,0,0,1.2165,0.3578,0.3843,0.2147,0.0,0.0,10,4,3.542769740725857,2,0,0,1.8605,0.7442,0.6591,0.3721,0.0,0.0,72.3,0.213,72.3,0.108,66.4,0.038,35.8,-0.586,57.7,-0.116,45.6,-0.312,37.2,-0.562,40.9,-0.404,34.3,-0.62,17.5,-0.998,48.9,-0.374,45.6,-0.295,61.7,-0.116,57.7,-0.21,52.6,-0.305,41.6,-0.516,29.9,-0.636,47.1,-0.254,26.3,-0.643,32.1,-0.545,20.4,-0.814,28.5,-0.805,29.9,-0.51,47.1,-0.242,78.1,0.591,77.7,0.451,75.2,0.433,28.8,-0.641,78.8,0.645,48.9,-0.173,48.2,-0.143,54.0,-0.076,45.3,-0.202,22.6,-0.954,71.5,0.017,48.9,-0.168,75.2,0.262,74.1,0.275,70.1,0.057,14.6,-0.718,78.1,0.543,46.7,-0.28,42.3,-0.185,50.4,0.011,38.7,-0.353,14.6,-1.098,75.2,0.092,46.7,-0.245,68.6,0.156,62.0,-0.059,64.2,0.017,47.1,-0.439,30.7,-0.627,48.9,-0.173,32.1,-0.443,37.2,-0.363,38.0,-0.463,27.0,-0.79,30.7,-0.565,48.9,-0.158,69.0,0.187,68.2,0.344,68.6,0.212,41.2,-0.513,32.5,-0.624,48.5,-0.194,64.2,0.012,65.0,0.186,63.5,0.027,35.8,-0.579,32.5,-0.601,48.5,-0.194
1fs2iimaa97nzlw80yypcd6ju,S. Mitrović,SBV Excelsior,Midfielder,14,5,6.183065760051318,9,0,0,2.592,0.9257,1.1448,1.6663,0.0,0.0,7,3,3.577733497871903,3,0,0,3.24,1.3886,1.656,1.3886,0.0,0.0,7,2,2.605332262179415,6,0,0,2.16,0.6171,0.8039,1.8514,0.0,0.0,8,3,3.793221205921355,5,0,0,3.7029,1.3886,1.7557,2.3143,0.0,0.0,6,2,2.389844554129963,4,0,0,1.8514,0.6171,0.7374,1.2343,0.0,0.0,14,5,6.183065760051319,9,0,0,2.592,0.9257,1.1448,1.6663,0.0,0.0,31.0,-0.663,32.0,-0.703,34.6,-0.645,50.7,-0.322,25.0,-0.653,46.2,-0.298,77.4,0.597,58.7,0.122,77.4,0.645,87.0,1.199,25.0,-0.494,46.2,-0.273,32.5,-0.665,35.8,-0.636,37.5,-0.585,41.8,-0.498,33.7,-0.532,48.6,-0.186,86.1,1.029,80.3,0.869,93.3,1.504,77.4,0.612,33.7,-0.441,48.6,-0.162,32.9,-0.626,27.6,-0.722,31.2,-0.672,62.3,-0.093,35.1,-0.551,47.8,-0.224,63.5,0.241,38.9,-0.321,52.9,-0.055,94.2,1.689,35.1,-0.393,47.8,-0.216,43.3,-0.481,45.4,-0.493,46.6,-0.425,59.6,-0.182,34.9,-0.508,48.8,-0.172,100.0,2.918,95.7,1.835,100.0,3.143,98.1,2.824,34.9,-0.4,48.8,-0.128,23.6,-0.815,23.1,-0.848,23.1,-0.839,43.0,-0.44,33.4,-0.57,47.6,-0.236,71.6,0.505,42.8,-0.102,60.6,0.265,89.4,1.153,33.4,-0.387,47.6,-0.219,77.6,0.664,64.4,0.206,76.9,0.676,88.0,1.259,36.3,-0.519,48.8,-0.172,76.0,0.568,57.7,0.097,75.5,0.555,85.6,1.197,36.3,-0.47,48.8,-0.172
1gl82ymzh9vpitix6v645awa,D. Nejašmić,Nijmegen Eendracht Combinatie,Midfielder,55,25,23.55655355032893,13,1,0,2.0197,0.918,0.865,0.4774,0.0367,0.0,26,9,11.31607752584988,7,0,0,1.9891,0.6885,0.8657,0.5355,0.0,0.0,29,16,12.24047602447905,6,1,0,2.0479,1.1299,0.8644,0.4237,0.0706,0.0,32,16,14.28011768292548,8,1,0,1.3989,0.6995,0.6243,0.3497,0.0437,0.0,23,9,9.27643586740345,5,0,0,1.3197,0.5164,0.5323,0.2869,0.0,0.0,9,5,3.449354202465891,1,1,0,1.6525,0.918,0.6333,0.1836,0.1836,0.0,76.2,0.526,77.6,0.587,76.0,0.525,60.1,-0.114,64.7,0.033,46.2,-0.298,53.8,-0.068,57.2,0.108,54.8,-0.033,35.1,-0.521,55.3,-0.256,46.2,-0.273,71.6,0.334,62.7,0.045,70.2,0.358,58.7,-0.125,33.7,-0.532,48.6,-0.186,54.3,-0.077,43.3,-0.306,52.9,-0.006,41.3,-0.419,33.7,-0.441,48.6,-0.162,81.7,0.723,87.5,1.187,80.3,0.684,62.3,-0.093,81.5,0.782,47.8,-0.224,58.7,0.115,75.0,0.592,60.1,0.085,33.2,-0.5,75.0,0.063,47.8,-0.216,83.2,0.814,84.9,1.022,83.7,0.874,72.1,0.115,80.8,0.604,48.8,-0.172,40.9,-0.109,63.0,0.263,49.5,0.015,43.8,-0.402,74.0,-0.064,48.8,-0.128,67.1,0.178,60.3,0.042,63.0,0.101,48.1,-0.339,33.4,-0.57,47.6,-0.236,37.5,-0.427,35.1,-0.343,33.9,-0.461,28.4,-0.671,33.4,-0.387,47.6,-0.219,47.4,-0.215,64.4,0.206,40.9,-0.341,23.8,-0.801,82.9,0.847,48.8,-0.172,37.5,-0.416,54.3,0.084,34.6,-0.512,17.5,-0.865,73.1,0.555,48.8,-0.172
1k60tee702idfrp0ibca1s57u,G. Offerhaus,SC Telstar,Defender,36,11,13.00182728712214,14,0,0,1.3887,0.4243,0.5016,0.5401,0.0,0.0,18,6,6.326071343133408,7,0,0,1.3887,0.4629,0.4881,0.5401,0.0,0.0,18,5,6.675755943988736,7,0,0,1.3887,0.3858,0.515,0.5401,0.0,0.0,10,2,1.992436075718284,6,0,0,1.0287,0.2057,0.205,0.6172,0.0,0.0,26,9,11.00939121140386,8,0,0,1.2669,0.4385,0.5365,0.3898,0.0,0.0,9,2,2.749622768454426,2,0,0,1.6665,0.3703,0.5091,0.3703,0.0,0.0,74.8,0.285,72.3,0.108,75.2,0.334,69.7,0.023,23.0,-0.752,45.6,-0.312,33.6,-0.626,32.8,-0.499,43.1,-0.409,43.8,-0.397,23.0,-0.666,45.6,-0.295,71.5,0.208,70.1,0.124,73.0,0.221,67.2,-0.015,29.9,-0.636,47.1,-0.254,40.9,-0.453,41.6,-0.355,45.3,-0.363,48.9,-0.339,29.9,-0.51,47.1,-0.242,74.8,0.36,69.0,0.078,75.9,0.441,68.2,0.067,33.9,-0.583,48.9,-0.173,38.0,-0.397,38.0,-0.372,46.0,-0.202,46.0,-0.332,33.9,-0.483,48.9,-0.168,55.5,-0.233,43.1,-0.46,43.1,-0.478,66.1,-0.033,33.6,-0.568,46.7,-0.28,28.5,-0.489,30.7,-0.673,19.0,-0.862,54.0,0.101,33.6,-0.47,46.7,-0.245,84.3,0.796,80.3,0.646,87.6,1.127,70.4,0.072,30.7,-0.627,48.9,-0.173,36.5,-0.344,46.7,-0.154,59.1,0.046,40.9,-0.439,30.7,-0.565,48.9,-0.158,58.8,-0.021,38.0,-0.475,49.6,-0.195,41.2,-0.513,32.5,-0.624,48.5,-0.194,52.6,-0.215,26.3,-0.568,45.3,-0.351,34.3,-0.581,32.5,-0.601,48.5,-0.194
1m0qpbce7dob7mdbo7titbqp5,V. Edvardsen,Go Ahead Eagles,Forward,88,27,36.07337851321044,27,4,0,3.4403,1.0555,1.4102,1.0555,0.1564,0.0,44,18,19.68374221992646,10,1,0,3.1756,1.2991,1.4206,0.7217,0.0722,0.0,44,9,16.38963629328397,17,3,0,3.753,0.7677,1.398,1.45,0.2559,0.0,35,8,13.96496951951057,9,1,0,1.8244,0.417,0.7279,0.4691,0.0521,0.0,53,19,22.10840899369986,18,3,0,2.6172,0.9383,1.0918,0.8889,0.1481,0.0,23,6,8.477325590099982,9,1,0,4.316,1.1259,1.5908,1.6889,0.1877,0.0,97.5,2.581,94.3,1.461,97.5,2.189,94.9,2.162,81.6,0.494,50.0,-0.113,96.2,2.882,89.9,0.926,93.7,1.968,88.6,1.544,54.4,-0.267,50.0,-0.113,97.5,2.231,96.2,1.678,97.5,2.071,94.3,1.361,61.4,-0.095,50.6,0.0,96.2,1.948,87.3,1.219,93.7,1.615,83.5,0.823,49.4,-0.453,50.6,0.0,97.5,2.94,89.2,1.027,96.2,2.258,94.9,2.799,89.9,0.859,50.0,-0.113,98.7,2.986,77.2,0.479,94.9,1.963,94.9,2.193,73.4,0.062,50.0,-0.113,94.9,1.958,89.2,0.723,94.9,1.744,90.5,1.139,71.5,0.219,50.6,0.0,88.6,1.214,51.9,-0.081,79.7,0.667,79.7,0.65,63.3,-0.297,50.6,0.0,98.1,3.081,97.5,2.055,97.5,2.487,98.1,3.124,84.2,0.534,50.0,-0.113,98.7,2.898,92.4,1.335,97.5,1.998,89.9,1.554,55.7,-0.248,50.0,-0.113,97.5,2.621,90.5,1.2,97.5,2.103,96.8,1.994,62.7,-0.034,50.6,0.0,97.5,2.805,89.9,0.996,97.5,2.06,96.2,1.902,70.9,-0.123,50.6,0.0
1mroid71v9bwpx0iaospei9gq,R. Margaret,Go Ahead Eagles,Midfielder,44,11,15.13665462070534,27,1,0,2.7302,0.6826,0.9392,1.6754,0.0621,0.0,24,4,7.678613628714658,17,0,0,3.1912,0.5319,1.021,2.2604,0.0,0.0,20,7,7.45804099199068,10,1,0,2.3269,0.8144,0.8677,1.1634,0.1163,0.0,25,7,7.999675806998255,17,1,0,2.3269,0.6515,0.7446,1.5823,0.0931,0.0,19,4,7.136978813707083,10,0,0,1.7684,0.3723,0.6643,0.9308,0.0,0.0,17,4,5.923719129643584,9,1,0,3.1646,0.7446,1.1027,1.6754,0.1862,0.0,69.5,0.207,48.3,-0.316,60.1,-0.042,81.2,0.615,64.7,0.033,46.2,-0.298,81.2,0.758,38.0,-0.344,62.5,0.147,87.5,1.212,66.8,-0.091,46.2,-0.273,68.5,0.229,41.3,-0.523,57.2,-0.085,84.1,0.807,33.7,-0.532,48.6,-0.186,84.6,0.986,32.2,-0.569,65.4,0.291,93.3,1.666,33.7,-0.441,48.6,-0.162,68.3,0.171,61.1,-0.04,63.0,0.011,77.9,0.348,81.5,0.782,47.8,-0.224,71.2,0.427,55.3,0.03,61.1,0.092,77.9,0.634,83.7,0.358,47.8,-0.216,74.8,0.437,62.5,-0.027,67.3,0.096,89.2,1.004,80.8,0.604,48.8,-0.172,89.9,1.11,54.3,0.154,67.3,0.347,92.8,1.622,84.6,0.316,48.8,-0.128,57.0,-0.056,36.3,-0.594,52.4,-0.191,70.2,0.168,33.4,-0.57,47.6,-0.236,67.8,0.36,21.6,-0.689,53.4,0.006,73.1,0.568,33.4,-0.387,47.6,-0.219,86.1,1.191,51.4,-0.121,72.6,0.58,88.0,1.259,82.9,0.847,48.8,-0.172,86.1,1.168,46.6,-0.209,69.2,0.468,86.5,1.21,81.7,0.57,48.8,-0.172
1nk0hcaa9o4jnyxc9ndz1lams,D. van der Werff,FC Groningen,Midfielder,65,31,25.49714493123414,34,1,0,2.3271,1.1099,0.9128,1.2173,0.0358,0.0,38,15,13.66475383762412,21,1,0,2.7209,1.0741,0.9785,1.5037,0.0716,0.0,27,16,11.83239109361002,13,0,0,1.9333,1.1457,0.8472,0.9309,0.0,0.0,34,17,12.70682926159477,19,1,0,1.7583,0.8791,0.6571,0.9826,0.0517,0.0,31,14,12.79031566963937,15,0,0,1.9238,0.8688,0.7937,0.9309,0.0,0.0,11,5,3.358804926470209,7,1,0,2.0479,0.9309,0.6253,1.3032,0.1862,0.0,83.7,0.816,84.9,0.974,78.8,0.656,87.3,0.979,64.7,0.033,46.2,-0.298,64.4,0.289,72.6,0.476,59.1,0.083,74.0,0.549,53.6,-0.261,46.2,-0.273,84.6,0.964,80.5,0.725,78.8,0.644,89.7,1.179,78.1,0.456,48.6,-0.186,72.6,0.57,64.9,0.341,63.5,0.209,81.2,0.751,72.1,-0.045,48.6,-0.162,79.1,0.6,87.5,1.187,77.9,0.626,83.7,0.679,35.1,-0.551,47.8,-0.224,52.9,-0.013,76.4,0.62,57.7,0.045,66.8,0.277,35.1,-0.393,47.8,-0.216,86.3,0.922,86.8,1.139,78.8,0.679,91.8,1.202,80.8,0.604,48.8,-0.172,63.9,0.363,74.5,0.673,54.3,0.106,78.8,0.638,76.4,-0.002,48.8,-0.128,77.4,0.645,78.4,0.678,74.0,0.581,83.7,0.675,33.4,-0.57,47.6,-0.236,78.4,0.632,73.1,0.502,70.7,0.464,73.8,0.568,33.4,-0.387,47.6,-0.219,62.5,0.137,64.4,0.206,39.9,-0.375,77.6,0.744,82.9,0.847,48.8,-0.172,60.1,-0.002,59.9,0.106,34.1,-0.529,77.4,0.692,81.7,0.57,48.8,-0.172
1pezvbb0n8z7hu5063jysg2s4,L. Sauer,Feyenoord Rotterdam,Midfielder,40,21,22.71077050324102,11,2,0,2.473,1.2983,1.4041,0.6801,0.1236,0.0,26,14,15.08062730484037,9,0,0,3.0139,1.6229,1.7481,1.0433,0.0,0.0,14,7,7.630143198400644,2,2,0,1.8547,0.9274,1.0108,0.265,0.265,0.0,25,14,13.92836030602822,7,2,0,1.932,1.0819,1.0764,0.541,0.1546,0.0,15,7,8.78241019721279,4,0,0,1.2646,0.5901,0.7404,0.3372,0.0,0.0,11,5,6.414548211086488,3,0,0,2.0402,0.9274,1.1897,0.5564,0.0,0.0,63.9,0.091,71.9,0.329,73.6,0.468,55.0,-0.218,84.9,0.719,46.2,-0.298,73.6,0.459,80.8,0.837,88.0,1.273,50.5,-0.228,82.2,0.309,46.2,-0.273,71.6,0.334,76.7,0.612,82.7,0.817,69.7,0.061,33.7,-0.532,48.6,-0.186,80.3,0.829,89.9,1.262,94.7,1.68,68.8,0.195,33.7,-0.441,48.6,-0.162,53.6,-0.197,61.1,-0.04,63.9,0.035,33.9,-0.534,95.2,2.115,47.8,-0.224,48.6,-0.1,60.6,0.231,73.6,0.422,25.5,-0.744,93.8,1.317,47.8,-0.216,74.8,0.437,81.7,0.789,83.2,0.831,68.8,0.016,94.5,1.715,48.8,-0.172,79.8,0.591,88.9,1.135,90.9,1.265,56.2,-0.087,89.4,0.789,48.8,-0.128,48.3,-0.289,51.7,-0.212,60.6,0.034,43.0,-0.44,33.4,-0.57,47.6,-0.236,34.1,-0.524,40.4,-0.166,61.5,0.276,33.7,-0.574,33.4,-0.387,47.6,-0.219,62.5,0.137,64.4,0.206,79.8,0.763,50.2,-0.286,36.3,-0.519,48.8,-0.172,56.7,-0.01,58.7,0.1,77.9,0.649,44.2,-0.347,36.3,-0.47,48.8,-0.172
1pmoxunz3nw0ptd6g64maam7d,N. Þórisson,SC Telstar,Forward,7,2,3.434761041968358,0,1,0,1.2998,0.3714,0.6378,0.0,0.1857,0.0,3,2,2.112478353581617,0,0,0,0.9284,0.6189,0.6537,0.0,0.0,0.0,4,0,1.322282688386741,0,1,0,1.8568,0.0,0.6138,0.0,0.4642,0.0,4,2,2.216202179026208,0,1,0,0.9284,0.4642,0.5144,0.0,0.2321,0.0,3,0,1.21855886294215,0,0,0,0.9284,0.0,0.3771,0.0,0.0,0.0,7,2,3.434761041968358,0,1,0,1.2998,0.3714,0.6378,0.0,0.1857,0.0,32.9,-0.497,31.6,-0.518,36.7,-0.462,13.9,-0.568,43.0,-0.42,50.0,-0.113,45.6,-0.313,29.1,-0.52,53.2,-0.118,13.9,-0.862,62.0,-0.164,50.0,-0.113,35.4,-0.509,49.4,-0.358,50.6,-0.392,19.0,-0.545,24.1,-0.719,50.6,0.0,25.3,-0.575,55.7,0.012,59.5,-0.003,19.0,-0.853,24.1,-0.696,50.6,0.0,38.6,-0.464,13.9,-0.728,32.9,-0.536,25.3,-0.542,61.4,-0.11,50.0,-0.113,84.8,0.606,13.9,-1.082,53.2,0.01,25.3,-0.68,82.3,0.686,50.0,-0.113,51.9,-0.344,56.3,-0.262,51.9,-0.289,25.3,-0.464,71.5,0.219,50.6,0.0,35.4,-0.174,58.2,0.025,48.1,0.063,25.3,-0.764,81.0,0.327,50.6,0.0,25.3,-0.626,12.0,-0.724,27.8,-0.593,18.4,-0.628,21.5,-0.649,50.0,-0.113,19.0,-0.594,12.0,-1.302,30.4,-0.522,18.4,-0.805,21.5,-0.706,50.0,-0.113,60.8,-0.031,47.5,-0.27,68.4,0.113,20.9,-0.547,62.7,-0.034,50.6,0.0,55.7,-0.229,40.5,-0.396,62.0,-0.077,20.9,-0.595,60.8,-0.13,50.6,0.0
1q0v3qpciql8rkyz4qrlvbuju,J. Breum,Go Ahead Eagles,Midfielder,77,43,42.03053105516336,12,0,0,3.0078,1.6797,1.6418,0.4688,0.0,0.0,45,28,25.68504971757607,6,0,0,3.5156,2.1875,2.0066,0.4688,0.0,0.0,32,15,16.34548133758729,6,0,0,2.5,1.1719,1.277,0.4688,0.0,0.0,39,25,21.59595744138938,5,0,0,1.8281,1.1719,1.0123,0.2344,0.0,0.0,38,18,20.43457361377398,7,0,0,2.0956,0.9926,1.1269,0.386,0.0,0.0,14,7,8.355937524186189,2,0,0,2.625,1.3125,1.5667,0.375,0.0,0.0,88.2,1.165,90.9,1.747,91.3,1.768,57.7,-0.166,25.0,-0.653,46.2,-0.298,88.5,1.08,95.7,1.569,95.7,1.849,34.1,-0.534,25.0,-0.494,46.2,-0.273,89.9,1.332,95.7,2.2,94.2,2.109,53.6,-0.218,33.7,-0.532,48.6,-0.186,90.4,1.273,98.1,2.209,97.1,2.174,38.5,-0.499,33.7,-0.441,48.6,-0.162,84.9,0.907,85.1,1.051,88.9,1.261,62.3,-0.093,35.1,-0.551,47.8,-0.224,79.3,0.62,79.3,0.666,86.1,1.037,39.4,-0.431,35.1,-0.393,47.8,-0.216,89.9,1.192,93.8,2.072,92.8,1.781,59.6,-0.182,34.9,-0.508,48.8,-0.172,66.3,0.455,92.3,1.341,87.5,1.088,35.6,-0.591,34.9,-0.4,48.8,-0.128,86.5,1.054,87.0,1.187,92.3,1.624,59.1,-0.136,33.4,-0.57,47.6,-0.236,85.6,0.934,87.5,0.799,95.7,1.643,38.9,-0.481,33.4,-0.387,47.6,-0.219,77.6,0.664,80.8,0.862,89.4,1.485,38.2,-0.543,36.3,-0.519,48.8,-0.172,77.6,0.603,82.2,0.75,88.9,1.436,38.9,-0.599,36.3,-0.47,48.8,-0.172
1rd0zzpp3dn0y7qtxwc57g7h1,R. Thomas,PEC Zwolle,Midfielder,43,17,14.67337459356762,7,4,0,1.6144,0.6382,0.5509,0.2628,0.1502,0.0,23,8,7.318642117897399,5,3,0,1.6606,0.5776,0.5284,0.361,0.2166,0.0,20,9,7.354732475670223,2,1,0,1.5643,0.7039,0.5753,0.1564,0.0782,0.0,24,8,7.339019592061594,2,4,0,1.1856,0.3952,0.3625,0.0988,0.1976,0.0,19,9,7.334355001506029,5,0,0,1.3718,0.6498,0.5295,0.361,0.0,0.0,8,3,1.563020767660823,0,2,0,1.5017,0.5632,0.2934,0.0,0.3754,0.0,68.5,0.178,64.4,0.071,58.2,-0.073,44.0,-0.426,96.4,2.092,46.2,-0.298,32.2,-0.539,33.7,-0.429,22.1,-0.794,19.7,-0.832,84.6,0.481,46.2,-0.273,66.6,0.176,58.2,-0.069,55.8,-0.129,49.5,-0.311,96.6,2.434,48.6,-0.186,37.5,-0.367,35.6,-0.492,27.9,-0.651,31.2,-0.63,90.4,0.758,48.6,-0.162,68.3,0.171,67.5,0.233,62.5,-0.004,33.9,-0.534,81.5,0.782,47.8,-0.224,38.0,-0.425,45.7,-0.167,29.8,-0.582,19.2,-0.91,78.4,0.112,47.8,-0.216,72.1,0.383,67.3,0.09,63.9,0.014,40.9,-0.479,99.0,3.938,48.8,-0.172,28.8,-0.39,32.7,-0.431,21.6,-0.709,29.3,-0.813,90.9,1.12,48.8,-0.128,57.0,-0.056,60.3,0.042,53.8,-0.164,48.1,-0.339,33.4,-0.57,47.6,-0.236,43.3,-0.336,49.5,-0.023,32.7,-0.471,36.1,-0.529,33.4,-0.387,47.6,-0.219,39.4,-0.39,38.0,-0.449,13.0,-1.043,8.4,-1.058,95.9,2.213,48.8,-0.172,36.5,-0.574,39.9,-0.516,5.8,-1.222,8.4,-1.121,96.2,1.626,48.8,-0.172
1rmox6tf7r283dca2vi844kr8,A. Adelgaard,Go Ahead Eagles,Defender,54,21,19.87009953871778,35,2,0,2.1118,0.8213,0.7771,1.3688,0.0782,0.0,30,12,10.41038254133107,20,2,0,2.0113,0.8045,0.6979,1.3408,0.1341,0.0,24,9,9.459716997386716,15,0,0,2.2526,0.8447,0.8879,1.4079,0.0,0.0,24,6,9.387570346717624,16,0,0,1.7328,0.4332,0.6778,1.1552,0.0,0.0,30,15,10.48252919200016,19,2,0,1.4079,0.7039,0.4919,0.8917,0.0939,0.0,18,7,6.777058401355002,13,0,0,3.3789,1.314,1.2722,2.4403,0.0,0.0,86.1,0.936,86.9,1.043,86.1,1.029,88.7,1.187,77.4,0.52,45.6,-0.312,69.3,0.327,69.3,0.421,69.3,0.357,78.1,0.807,58.4,-0.126,45.6,-0.295,86.9,0.988,88.0,1.127,85.4,0.962,88.0,1.288,88.3,1.161,47.1,-0.254,67.9,0.207,65.7,0.361,62.0,0.195,78.8,0.716,76.6,0.182,47.1,-0.242,84.7,0.822,82.5,0.823,85.4,1.027,88.3,1.011,33.9,-0.583,48.9,-0.173,75.9,0.521,70.8,0.493,81.0,0.63,81.8,0.835,33.9,-0.483,48.9,-0.168,83.6,0.756,74.1,0.275,87.6,0.984,85.8,1.11,33.6,-0.568,46.7,-0.28,77.4,0.651,51.1,0.023,84.7,0.974,86.1,1.147,33.6,-0.47,46.7,-0.245,86.9,1.08,91.6,1.703,86.9,1.023,90.1,1.197,88.7,1.24,48.9,-0.173,56.2,-0.067,75.2,0.535,51.8,-0.103,67.2,0.565,70.1,0.097,48.9,-0.158,94.9,1.85,93.4,1.573,94.2,1.869,96.7,2.17,32.5,-0.624,48.5,-0.194,93.4,1.787,93.4,1.334,92.7,1.574,95.6,2.092,32.5,-0.601,48.5,-0.194
1tmihr54maqj0h7785cg9ez56,M. Suray,Go Ahead Eagles,Midfielder,79,29,31.09595773368589,37,0,0,2.4671,0.9057,0.9711,1.1555,0.0,0.0,47,17,18.71652473656205,20,0,0,2.9356,1.0618,1.169,1.2492,0.0,0.0,32,12,12.37943299712384,17,0,0,1.9987,0.7495,0.7732,1.0618,0.0,0.0,45,19,17.83385201137099,20,0,0,1.9164,0.8091,0.7595,0.8517,0.0,0.0,34,10,13.2621057223149,17,0,0,1.3273,0.3904,0.5177,0.6636,0.0,0.0,18,9,8.714995326535735,8,0,0,3.3728,1.6864,1.633,1.499,0.0,0.0,89.7,1.223,82.2,0.845,86.1,1.032,89.9,1.135,25.0,-0.653,46.2,-0.298,73.1,0.452,56.2,0.084,66.8,0.224,72.6,0.46,25.0,-0.494,46.2,-0.273,91.6,1.437,84.9,0.952,87.5,1.26,87.5,1.086,33.7,-0.532,48.6,-0.186,78.4,0.76,64.4,0.32,73.1,0.573,73.6,0.444,33.7,-0.441,48.6,-0.162,84.9,0.907,78.8,0.642,80.8,0.703,89.9,1.12,35.1,-0.551,47.8,-0.224,55.8,0.06,49.0,-0.085,46.6,-0.126,75.0,0.478,35.1,-0.393,47.8,-0.216,92.3,1.516,88.7,1.372,88.9,1.315,93.0,1.301,34.9,-0.508,48.8,-0.172,78.4,0.571,70.7,0.513,69.7,0.389,69.7,0.423,34.9,-0.4,48.8,-0.128,81.2,0.82,63.7,0.169,76.9,0.645,84.9,0.877,33.4,-0.57,47.6,-0.236,38.9,-0.414,22.1,-0.646,29.8,-0.513,59.6,0.054,33.4,-0.387,47.6,-0.219,89.4,1.366,92.3,1.517,90.9,1.619,82.5,1.001,36.3,-0.519,48.8,-0.172,90.4,1.386,92.8,1.382,90.9,1.575,84.1,0.965,36.3,-0.47,48.8,-0.172
1ueqcjuatzazpmz765tru4zdg,L. Martes,Sparta Rotterdam,Defender,22,10,8.807671693878952,13,0,0,1.8631,0.8468,0.7459,1.1009,0.0,0.0,7,1,1.785652124941585,6,0,0,1.6302,0.2329,0.4158,1.3973,0.0,0.0,15,9,7.022019568937367,7,0,0,1.9961,1.1977,0.9345,0.9315,0.0,0.0,10,4,3.67268239788684,7,0,0,1.1644,0.4658,0.4277,0.8151,0.0,0.0,12,6,5.134989295992112,6,0,0,1.8631,0.9315,0.7972,0.9315,0.0,0.0,7,1,1.784450217039867,6,0,0,1.3041,0.1863,0.3325,1.1178,0.0,0.0,56.2,-0.221,67.2,0.015,61.3,-0.09,67.5,-0.032,23.0,-0.752,45.6,-0.312,61.3,-0.001,71.5,0.48,66.4,0.27,67.2,0.418,23.0,-0.666,45.6,-0.295,37.6,-0.506,22.6,-0.711,32.1,-0.603,63.9,-0.115,29.9,-0.636,47.1,-0.254,51.8,-0.197,19.7,-0.837,35.8,-0.556,81.8,0.79,29.9,-0.51,47.1,-0.242,69.0,0.129,82.5,0.823,77.4,0.513,68.2,0.067,33.9,-0.583,48.9,-0.173,67.2,0.249,91.2,1.158,83.9,0.734,62.8,0.194,33.9,-0.483,48.9,-0.168,55.5,-0.233,62.0,-0.092,62.0,-0.146,70.4,0.082,33.6,-0.568,46.7,-0.28,37.2,-0.269,58.4,0.122,54.7,0.003,65.7,0.486,33.6,-0.47,46.7,-0.245,56.6,-0.2,67.9,0.117,62.8,-0.029,63.1,-0.132,30.7,-0.627,48.9,-0.173,86.1,0.827,94.2,1.126,89.8,0.918,74.5,0.644,30.7,-0.565,48.9,-0.158,36.9,-0.437,19.3,-0.885,27.0,-0.689,72.6,0.463,32.5,-0.624,48.5,-0.194,31.4,-0.639,16.1,-0.939,19.7,-0.797,71.5,0.384,32.5,-0.601,48.5,-0.194
1vn6w1mjdztfks75bxn0hk7x0,S. Hetli,SC Telstar,Forward,31,14,16.61990398058164,11,0,0,1.5098,0.6819,0.8095,0.5357,0.0,0.0,21,10,11.87084570430608,7,0,0,1.4948,0.7118,0.845,0.4983,0.0,0.0,10,4,4.749058276275553,4,0,0,1.5423,0.6169,0.7324,0.6169,0.0,0.0,16,7,8.596234178864295,6,0,0,1.1389,0.4983,0.6119,0.4271,0.0,0.0,15,7,8.02366980171734,5,0,0,1.1567,0.5398,0.6187,0.3856,0.0,0.0,5,2,3.18096481354884,1,0,0,0.9254,0.3701,0.5887,0.1851,0.0,0.0,82.3,0.415,81.0,0.432,86.1,0.609,85.4,0.544,15.8,-0.725,50.0,-0.113,63.3,0.0,63.3,0.136,73.4,0.345,73.4,0.359,15.8,-0.821,50.0,-0.113,88.6,0.694,85.4,0.66,91.1,0.976,88.0,0.789,24.1,-0.719,50.6,0.0,63.3,0.061,64.6,0.177,74.7,0.4,70.9,0.304,24.1,-0.696,50.6,0.0,67.7,0.046,69.6,0.052,74.7,0.099,83.5,0.244,21.5,-0.595,50.0,-0.113,69.6,0.211,65.8,0.173,72.2,0.305,78.5,0.542,21.5,-0.705,50.0,-0.113,86.1,0.547,85.4,0.559,86.1,0.815,88.0,0.604,30.4,-0.604,50.6,0.0,54.4,0.152,64.6,0.102,64.6,0.339,72.2,0.524,30.4,-0.478,50.6,0.0,77.2,0.264,80.4,0.3,83.5,0.411,84.8,0.414,21.5,-0.649,50.0,-0.113,49.4,-0.122,55.7,0.215,67.1,0.33,73.4,0.218,21.5,-0.706,50.0,-0.113,31.6,-0.363,47.5,-0.27,63.3,0.013,54.4,-0.264,24.1,-0.712,50.6,0.0,10.1,-0.605,39.2,-0.398,53.2,-0.187,50.6,-0.321,24.1,-0.745,50.6,0.0
1wse4b1hxu37e7t5ty5ykn7c9,J. Šutalo,AFC Ajax,Defender,9,0,2.797497063003906,1,1,0,1.0465,0.0,0.3253,0.1163,0.1163,0.0,4,0,1.484451472971701,0,1,0,1.2403,0.0,0.4603,0.0,0.3101,0.0,5,0,1.313045590032205,1,0,0,0.9302,0.0,0.2443,0.186,0.0,0.0,4,0,1.687396953071707,1,1,0,0.9302,0.0,0.3924,0.2326,0.2326,0.0,5,0,1.110100109932199,0,0,0,0.9302,0.0,0.2065,0.0,0.0,0.0,6,0,2.001427957687072,1,1,0,1.1163,0.0,0.3724,0.186,0.186,0.0,26.6,-0.691,4.4,-0.92,27.7,-0.697,18.2,-0.697,57.7,-0.116,45.6,-0.312,8.0,-1.078,4.4,-1.483,16.1,-0.899,15.3,-1.013,68.6,0.137,45.6,-0.295,24.1,-0.7,8.0,-0.878,27.0,-0.658,11.7,-0.716,71.2,0.262,47.1,-0.254,28.5,-0.61,8.0,-1.325,41.6,-0.437,11.7,-1.05,91.2,1.091,47.1,-0.242,31.4,-0.64,9.9,-0.855,26.3,-0.689,28.8,-0.641,33.9,-0.583,48.9,-0.173,12.4,-0.884,9.9,-1.099,16.1,-0.806,27.0,-0.808,33.9,-0.483,48.9,-0.168,24.5,-0.657,11.7,-0.827,38.7,-0.538,36.5,-0.604,78.1,0.543,46.7,-0.28,17.5,-0.648,11.7,-1.302,49.6,-0.134,35.8,-0.646,92.0,1.356,46.7,-0.245,28.5,-0.697,7.3,-0.94,17.5,-0.821,9.5,-0.746,30.7,-0.627,48.9,-0.173,10.9,-1.005,7.3,-1.292,7.3,-1.058,9.5,-1.219,30.7,-0.565,48.9,-0.158,25.5,-0.645,5.5,-1.295,35.0,-0.578,24.1,-0.757,78.8,0.712,48.5,-0.194,17.5,-0.859,5.5,-1.315,26.3,-0.696,21.9,-0.819,77.4,0.526,48.5,-0.194
1x6fhuy49w4rpnyavwotbf504,T. Gooijer,PEC Zwolle,Defender,12,3,4.73620061378127,4,0,0,1.2517,0.3129,0.494,0.4172,0.0,0.0,2,0,0.6816882246084812,0,0,0,0.9388,0.0,0.32,0.0,0.0,0.0,10,3,4.054512389172789,4,0,0,1.3411,0.4023,0.5438,0.5364,0.0,0.0,5,1,2.599332743673461,1,0,0,0.9388,0.1878,0.488,0.1878,0.0,0.0,7,2,2.13686787010781,3,0,0,1.3143,0.3755,0.4012,0.5633,0.0,0.0,8,2,2.862680394712126,3,0,0,1.502,0.3755,0.5375,0.5633,0.0,0.0,33.2,-0.583,30.7,-0.639,42.3,-0.501,42.7,-0.531,23.0,-0.752,45.6,-0.312,22.6,-0.807,21.9,-0.757,40.9,-0.43,37.2,-0.576,23.0,-0.666,45.6,-0.295,11.3,-0.83,8.0,-0.878,10.9,-0.803,11.7,-0.716,29.9,-0.636,47.1,-0.254,16.1,-0.93,8.0,-1.325,21.2,-0.811,11.7,-1.05,29.9,-0.51,47.1,-0.242,54.7,-0.256,53.6,-0.295,61.3,-0.111,57.7,-0.287,33.9,-0.583,48.9,-0.173,36.5,-0.447,38.7,-0.341,50.4,-0.138,45.3,-0.337,33.9,-0.483,48.9,-0.168,31.8,-0.586,29.9,-0.643,50.4,-0.358,36.5,-0.604,33.6,-0.568,46.7,-0.28,24.1,-0.634,29.2,-0.728,62.8,0.237,34.3,-0.733,33.6,-0.47,46.7,-0.245,35.8,-0.555,36.1,-0.588,38.0,-0.619,47.1,-0.439,30.7,-0.627,48.9,-0.173,43.8,-0.251,40.9,-0.317,40.9,-0.406,54.7,-0.092,30.7,-0.565,48.9,-0.158,47.8,-0.229,38.0,-0.475,52.6,-0.137,54.7,-0.269,32.5,-0.624,48.5,-0.194,46.7,-0.408,38.7,-0.558,48.9,-0.28,52.6,-0.332,32.5,-0.601,48.5,-0.194
1xsy3m0bzicto5ogxsd026bmy,E. Ahlstrand,Heracles Almelo,Midfielder,27,12,11.19096899901456,20,1,0,2.5312,1.125,1.0492,1.875,0.0938,0.0,16,8,6.327278421123721,11,1,0,3.0,1.5,1.1864,2.0625,0.1875,0.0,11,4,4.863690577890836,9,0,0,2.0625,0.75,0.9119,1.6875,0.0,0.0,8,2,3.139220105022663,6,1,0,2.5,0.625,0.981,1.875,0.3125,0.0,19,10,8.051748893991894,14,0,0,1.7812,0.9375,0.7549,1.3125,0.0,0.0,14,5,4.980019132210328,9,1,0,2.625,0.9375,0.9338,1.6875,0.1875,0.0,49.5,-0.286,50.5,-0.251,49.5,-0.308,76.4,0.251,64.7,0.033,46.2,-0.298,76.0,0.527,73.6,0.505,73.1,0.413,92.3,1.501,76.4,0.115,46.2,-0.273,53.1,-0.192,58.2,-0.069,50.5,-0.25,75.7,0.248,78.1,0.456,48.6,-0.186,79.8,0.817,83.7,1.056,75.0,0.607,90.4,1.427,88.5,0.597,48.6,-0.162,44.0,-0.381,44.0,-0.449,49.5,-0.354,74.5,0.238,35.1,-0.551,47.8,-0.224,59.6,0.132,49.5,-0.085,65.4,0.194,91.3,1.438,35.1,-0.393,47.8,-0.216,43.3,-0.481,38.5,-0.61,44.7,-0.507,64.7,-0.083,80.8,0.604,48.8,-0.172,93.3,1.338,51.2,0.093,85.1,1.001,96.6,2.103,97.1,2.004,48.8,-0.128,57.0,-0.056,63.7,0.169,56.7,-0.066,81.5,0.573,33.4,-0.57,47.6,-0.236,69.2,0.382,84.6,0.667,63.5,0.327,90.9,1.303,33.4,-0.387,47.6,-0.219,77.6,0.664,64.4,0.206,65.4,0.229,88.0,1.259,82.9,0.847,48.8,-0.172,77.6,0.603,66.6,0.117,61.5,0.115,89.4,1.227,88.9,0.577,48.8,-0.172
1xwmx2ydxa5zeqo12778h83ro,N. Martens,SBV Excelsior,Defender,9,0,2.10136684243062,8,0,0,1.6739,0.0,0.3908,1.4879,0.0,0.0,3,0,0.6604619642098325,3,0,0,1.3949,0.0,0.3071,1.3949,0.0,0.0,6,0,1.440904878220787,5,0,0,1.8599,0.0,0.4467,1.5499,0.0,0.0,8,0,1.834138269386262,7,0,0,1.4879,0.0,0.3411,1.302,0.0,0.0,1,0,0.2672285730443584,1,0,0,0.93,0.0,0.2485,0.93,0.0,0.0,9,0,2.10136684243062,8,0,0,1.6739,0.0,0.3908,1.4879,0.0,0.0,26.6,-0.691,4.4,-0.92,19.7,-0.767,56.9,-0.309,23.0,-0.752,45.6,-0.312,50.4,-0.25,4.4,-1.483,27.7,-0.717,83.9,0.98,23.0,-0.666,45.6,-0.295,17.2,-0.765,8.0,-0.878,10.2,-0.807,50.0,-0.415,29.9,-0.636,47.1,-0.254,41.6,-0.446,8.0,-1.325,19.0,-0.845,81.0,0.787,29.9,-0.51,47.1,-0.242,37.6,-0.563,9.9,-0.855,30.7,-0.662,61.3,-0.169,33.9,-0.583,48.9,-0.173,59.9,0.104,9.9,-1.099,39.4,-0.354,85.4,1.025,33.9,-0.483,48.9,-0.168,49.3,-0.374,11.7,-0.827,40.1,-0.509,70.4,0.082,33.6,-0.568,46.7,-0.28,66.4,0.255,11.7,-1.302,40.9,-0.334,90.5,1.432,33.6,-0.47,46.7,-0.245,3.6,-0.982,7.3,-0.94,3.6,-0.987,25.5,-0.643,30.7,-0.627,48.9,-0.173,10.2,-1.006,7.3,-1.292,10.2,-0.917,73.4,0.641,30.7,-0.565,48.9,-0.158,58.8,-0.021,5.5,-1.295,38.0,-0.527,83.2,0.951,32.5,-0.624,48.5,-0.194,54.7,-0.207,5.5,-1.315,30.7,-0.65,82.5,0.862,32.5,-0.601,48.5,-0.194
1zybkcmp40td92a6yg8sw9uga,T. Owusu,SC Telstar,Midfielder,38,17,17.48369364530551,9,0,0,2.5172,1.1261,1.1582,0.5962,0.0,0.0,27,11,12.55061508041074,7,0,0,2.504,1.0201,1.1639,0.6492,0.0,0.0,11,6,4.933078564894773,2,0,0,2.5504,1.3911,1.1437,0.4637,0.0,0.0,15,7,7.119294662368221,2,0,0,1.5457,0.7213,0.7336,0.2061,0.0,0.0,23,10,10.36439898293729,7,0,0,1.9391,0.8431,0.8738,0.5902,0.0,0.0,13,6,6.205679017375568,1,0,0,2.4112,1.1129,1.151,0.1855,0.0,0.0,60.3,0.033,64.4,0.071,65.9,0.116,50.7,-0.322,25.0,-0.653,46.2,-0.298,75.5,0.51,74.3,0.507,78.4,0.677,42.8,-0.35,25.0,-0.494,46.2,-0.273,73.6,0.386,72.1,0.272,74.0,0.508,58.7,-0.125,33.7,-0.532,48.6,-0.186,68.8,0.378,62.5,0.25,72.6,0.564,46.6,-0.281,33.7,-0.441,48.6,-0.162,44.0,-0.381,56.7,-0.176,50.5,-0.344,33.9,-0.534,35.1,-0.551,47.8,-0.224,80.8,0.676,90.4,1.057,79.8,0.729,35.6,-0.439,35.1,-0.393,47.8,-0.216,60.1,-0.103,62.5,-0.027,62.5,-0.013,40.9,-0.479,34.9,-0.508,48.8,-0.172,50.0,0.084,66.3,0.313,63.9,0.317,32.5,-0.637,34.9,-0.4,48.8,-0.128,67.1,0.178,63.7,0.169,68.3,0.25,59.1,-0.136,33.4,-0.57,47.6,-0.236,79.3,0.659,67.3,0.441,82.2,0.748,54.3,-0.087,33.4,-0.387,47.6,-0.219,73.6,0.488,73.6,0.534,77.4,0.685,23.8,-0.801,36.3,-0.519,48.8,-0.172,71.6,0.379,70.2,0.413,76.4,0.568,20.9,-0.863,36.3,-0.47,48.8,-0.172
200chcevwu3znwew6xjyaof6d,F. Oldrup Jensen,NAC Breda,Defender,13,2,3.781750278337134,0,0,0,2.4237,0.3729,0.7051,0.0,0.0,0.0,8,1,1.824269648015923,0,0,0,3.7288,0.4661,0.8503,0.0,0.0,0.0,5,1,1.957480630321211,0,0,0,1.5537,0.3107,0.6083,0.0,0.0,0.0,5,0,1.337066372853552,0,0,0,1.5537,0.0,0.4155,0.0,0.0,0.0,8,2,2.444683905483582,0,0,0,2.4859,0.6215,0.7596,0.0,0.0,0.0,13,2,3.781750278337134,0,0,0,2.4237,0.3729,0.7051,0.0,0.0,0.0,35.4,-0.546,21.2,-0.733,34.3,-0.598,6.2,-0.753,23.0,-0.752,45.6,-0.312,79.6,0.738,26.3,-0.618,64.2,0.157,6.2,-1.182,23.0,-0.666,45.6,-0.295,42.0,-0.441,22.6,-0.711,33.6,-0.596,11.7,-0.716,29.9,-0.636,47.1,-0.254,97.1,2.028,45.3,-0.348,76.6,0.6,11.7,-1.05,29.9,-0.51,47.1,-0.242,31.4,-0.64,28.8,-0.668,38.7,-0.553,11.3,-0.758,33.9,-0.583,48.9,-0.173,47.4,-0.221,33.6,-0.513,58.4,0.006,11.3,-1.059,33.9,-0.483,48.9,-0.168,31.8,-0.586,11.7,-0.827,29.9,-0.607,14.6,-0.718,33.6,-0.568,46.7,-0.28,71.5,0.361,11.7,-1.302,52.6,-0.045,14.6,-1.098,33.6,-0.47,46.7,-0.245,40.1,-0.484,36.1,-0.588,41.6,-0.559,9.5,-0.746,30.7,-0.627,48.9,-0.173,97.1,2.05,68.6,0.321,87.6,0.793,9.5,-1.219,30.7,-0.565,48.9,-0.158,81.8,0.81,38.0,-0.475,70.8,0.334,7.7,-1.0,32.5,-0.624,48.5,-0.194,80.3,0.67,33.6,-0.563,67.2,0.143,7.7,-1.059,32.5,-0.601,48.5,-0.194
2072f0p9ful9u577gdvo89yw9,K. Kostons,PEC Zwolle,Forward,36,16,14.00072456950816,11,4,0,1.4678,0.6524,0.5709,0.4485,0.1631,0.0,20,6,6.647628501898516,8,2,0,1.4427,0.4328,0.4795,0.5771,0.1443,0.0,16,10,7.35309606760964,3,2,0,1.5005,0.9378,0.6896,0.2813,0.1876,0.0,11,5,3.948796241485895,4,0,0,1.2895,0.5861,0.4629,0.4689,0.0,0.0,25,11,10.05192832802226,7,4,0,1.1722,0.5158,0.4713,0.3282,0.1876,0.0,8,2,2.169464591837461,1,1,0,1.5005,0.3751,0.4069,0.1876,0.1876,0.0,86.1,0.605,84.8,0.59,81.0,0.396,85.4,0.544,81.6,0.494,50.0,-0.113,60.8,-0.062,58.2,0.074,38.0,-0.299,67.1,0.161,55.7,-0.244,50.0,-0.113,86.7,0.627,75.9,0.151,75.9,0.243,89.9,0.98,80.4,0.529,50.6,0.0,59.5,0.002,38.0,-0.319,38.0,-0.371,75.9,0.487,62.0,-0.211,50.6,0.0,86.1,0.557,92.4,1.222,87.3,0.582,79.7,0.047,83.5,0.374,50.0,-0.113,64.6,0.158,86.1,0.825,64.6,0.199,67.1,-0.123,62.0,-0.143,50.0,-0.113,79.7,0.176,77.8,0.231,72.2,0.011,84.2,0.248,30.4,-0.604,50.6,0.0,64.6,0.385,69.6,0.299,41.8,-0.083,78.5,0.65,30.4,-0.478,50.6,0.0,89.9,1.005,87.3,0.885,86.1,0.71,87.3,0.831,89.2,0.928,50.0,-0.113,51.9,-0.09,53.2,0.147,41.8,-0.19,65.8,0.066,65.8,-0.125,50.0,-0.113,74.7,0.134,47.5,-0.27,36.7,-0.386,54.4,-0.264,62.7,-0.034,50.6,0.0,72.2,-0.027,45.6,-0.389,30.4,-0.595,62.0,-0.317,69.6,-0.124,50.6,0.0
21k54i5a6d9bi4f6gplgzxiw9,G. Til,PSV Eindhoven,Midfielder,55,30,30.13019300940229,13,1,1,2.1523,1.174,1.1791,0.5087,0.0391,0.0391,26,15,13.83634242646699,7,0,0,2.0349,1.174,1.0829,0.5479,0.0,0.0,29,15,16.2938505829353,6,1,1,2.2697,1.174,1.2752,0.4696,0.0783,0.0783,31,17,15.96261771499019,9,1,0,1.8197,0.9979,0.937,0.5283,0.0587,0.0,24,13,14.16757529441209,4,0,1,1.3259,0.7182,0.7827,0.221,0.0,0.0552,12,9,6.922277005604556,2,0,1,2.254,1.6905,1.3003,0.3757,0.0,0.1878,76.2,0.526,83.7,0.909,85.6,0.967,60.1,-0.114,64.7,0.033,96.2,3.344,58.7,0.086,76.0,0.599,79.8,0.728,36.5,-0.476,56.7,-0.24,96.2,2.583,71.6,0.334,80.5,0.725,80.3,0.665,58.7,-0.125,33.7,-0.532,48.6,-0.186,54.8,-0.036,68.3,0.509,68.3,0.409,41.8,-0.404,33.7,-0.441,48.6,-0.162,81.7,0.723,85.1,1.051,88.5,1.254,62.3,-0.093,81.5,0.782,97.8,4.439,68.8,0.363,79.8,0.67,85.1,1.032,40.4,-0.43,78.8,0.113,98.1,3.755,82.0,0.76,86.8,1.139,87.0,1.083,74.5,0.213,80.8,0.604,48.8,-0.172,65.9,0.444,85.1,0.944,83.7,0.879,55.3,-0.108,79.3,0.052,48.8,-0.128,69.5,0.236,75.7,0.551,79.3,0.769,43.0,-0.44,33.4,-0.57,97.6,4.222,38.5,-0.416,55.8,0.141,69.7,0.425,22.6,-0.798,33.4,-0.387,97.6,3.594,69.0,0.312,92.3,1.517,84.6,0.952,38.2,-0.543,36.3,-0.519,98.8,5.788,69.7,0.214,93.3,1.389,83.2,0.88,39.4,-0.598,36.3,-0.47,100.0,5.84
22alh32lu88yabxd4pl0opg5w,K. Boogaard,Alkmaar Zaanstreek,Midfielder,14,6,6.108964473140327,3,2,0,1.8715,0.8021,0.8166,0.401,0.2674,0.0,7,2,2.578184251058365,0,2,0,1.6375,0.4679,0.6031,0.0,0.4679,0.0,7,4,3.530780222081962,3,0,0,2.1834,1.2476,1.1013,0.9357,0.0,0.0,4,1,1.713804302280718,0,1,0,1.2476,0.3119,0.5346,0.0,0.3119,0.0,10,5,4.395160170859608,3,1,0,1.3368,0.6684,0.5875,0.401,0.1337,0.0,11,5,5.321506258007193,2,1,0,2.0586,0.9357,0.9959,0.3743,0.1871,0.0,31.0,-0.663,35.6,-0.638,34.1,-0.65,27.2,-0.634,84.9,0.719,46.2,-0.298,45.7,-0.24,48.6,-0.115,48.1,-0.15,28.4,-0.632,93.8,1.242,46.2,-0.273,32.5,-0.665,29.8,-0.749,31.2,-0.707,9.1,-0.777,92.1,1.445,48.6,-0.186,35.1,-0.388,29.3,-0.676,32.7,-0.508,9.1,-1.066,96.2,2.15,48.6,-0.162,32.9,-0.626,44.0,-0.449,39.4,-0.542,43.8,-0.423,35.1,-0.551,47.8,-0.224,63.9,0.267,86.1,0.801,77.4,0.631,68.3,0.285,35.1,-0.393,47.8,-0.216,29.1,-0.696,28.4,-0.726,32.2,-0.683,13.9,-0.676,80.8,0.604,48.8,-0.172,33.2,-0.308,30.3,-0.621,35.1,-0.233,13.9,-0.976,96.6,1.999,48.8,-0.128,36.1,-0.581,42.8,-0.467,38.5,-0.565,38.2,-0.541,78.6,0.582,47.6,-0.236,40.4,-0.397,52.9,0.021,42.8,-0.266,40.9,-0.452,88.0,0.498,47.6,-0.219,62.5,0.137,64.4,0.206,68.3,0.356,38.2,-0.543,82.9,0.847,48.8,-0.172,62.0,0.009,64.4,0.114,64.4,0.245,38.0,-0.6,87.5,0.575,48.8,-0.172
247ipjjd0cak2sggwbuorx4yy,B. Pereira,Nijmegen Eendracht Combinatie,Defender,27,9,9.20958936945162,18,1,1,1.7817,0.5939,0.6077,1.1878,0.066,0.066,14,5,4.663304297937092,11,0,1,1.6168,0.5774,0.5385,1.2703,0.0,0.1155,13,4,4.546285071514528,7,1,0,2.0017,0.6159,0.7,1.0778,0.154,0.0,11,6,3.895459555678014,7,0,1,1.4518,0.7919,0.5141,0.9239,0.0,0.132,16,3,5.314129813773606,11,1,0,1.6424,0.308,0.5455,1.1292,0.1027,0.0,10,3,3.518365507596693,8,0,1,1.8477,0.5543,0.6501,1.4782,0.0,0.1848,66.8,-0.04,61.3,-0.078,63.5,-0.049,72.6,0.245,57.7,-0.116,95.3,2.743,57.3,-0.108,53.6,-0.106,53.3,-0.114,71.5,0.544,55.5,-0.21,97.8,3.458,65.0,-0.051,63.1,-0.043,62.8,-0.081,79.2,0.386,29.9,-0.636,96.7,3.22,48.9,-0.211,53.3,-0.115,48.9,-0.229,75.2,0.623,29.9,-0.51,97.1,3.332,63.5,-0.025,61.7,-0.109,65.0,-0.008,68.2,0.067,78.8,0.645,48.9,-0.173,67.9,0.255,57.7,0.062,70.1,0.211,67.9,0.391,84.3,0.51,48.9,-0.168,58.8,-0.162,74.1,0.275,62.8,-0.102,70.4,0.082,33.6,-0.568,96.7,3.551,60.6,0.196,85.4,1.119,65.7,0.338,70.1,0.697,33.6,-0.47,99.3,5.53,66.8,0.085,48.9,-0.412,63.5,0.006,77.4,0.379,72.3,0.306,48.9,-0.173,73.7,0.393,35.0,-0.493,61.3,0.076,83.9,1.04,70.8,0.159,48.9,-0.158,69.0,0.187,55.8,-0.066,67.2,0.199,83.2,0.951,32.5,-0.624,98.5,5.119,61.3,-0.003,47.4,-0.197,62.8,0.004,80.3,0.849,32.5,-0.601,98.5,5.11
24sgu58uugxgy49el075dz21g,E. Bajraktarević,PSV Eindhoven,Midfielder,63,32,25.70223302174341,35,0,0,2.8251,1.435,1.1526,1.5695,0.0,0.0,44,22,18.97877701240798,23,0,0,3.1873,1.5937,1.3748,1.6661,0.0,0.0,19,10,6.72345600933543,12,0,0,2.2365,1.1771,0.7914,1.4126,0.0,0.0,23,14,10.82008815071656,12,0,0,2.7074,1.648,1.2737,1.4126,0.0,0.0,40,18,14.88214487102685,23,0,0,2.0927,0.9417,0.7786,1.2033,0.0,0.0,16,10,6.912495185559984,9,0,0,3.0135,1.8834,1.3019,1.6951,0.0,0.0,81.2,0.758,86.1,1.038,79.3,0.669,88.7,1.031,25.0,-0.653,46.2,-0.298,84.6,0.868,87.5,1.099,77.9,0.664,85.1,1.059,25.0,-0.494,46.2,-0.273,88.5,1.28,88.5,1.52,88.0,1.292,92.3,1.366,33.7,-0.532,48.6,-0.186,83.7,0.982,88.9,1.213,83.2,0.967,85.1,0.948,33.7,-0.441,48.6,-0.162,65.1,0.11,72.4,0.369,59.6,-0.092,81.7,0.569,35.1,-0.551,47.8,-0.224,67.8,0.326,80.8,0.676,49.5,-0.084,84.1,1.016,35.1,-0.393,47.8,-0.216,70.2,0.329,81.7,0.789,75.0,0.446,81.7,0.51,34.9,-0.508,48.8,-0.172,94.2,1.61,99.0,2.427,96.2,1.81,90.9,1.343,34.9,-0.4,48.8,-0.128,87.5,1.171,87.0,1.187,83.2,0.867,89.9,1.485,33.4,-0.57,47.6,-0.236,85.1,0.929,85.6,0.677,68.8,0.411,87.5,1.093,33.4,-0.387,47.6,-0.219,83.4,1.015,94.7,1.844,84.1,0.948,88.0,1.259,36.3,-0.519,48.8,-0.172,83.7,1.01,94.7,1.715,83.7,0.883,89.9,1.238,36.3,-0.47,48.8,-0.172
264gu641hrd38wqf28xolwhlg,R. Bounida,AFC Ajax,Forward,39,16,16.84756359863101,18,1,0,2.4272,0.9958,1.0485,1.1202,0.0622,0.0,20,10,9.794803364949626,10,0,0,3.1117,1.5559,1.5239,1.5559,0.0,0.0,19,6,7.052760233681387,8,1,0,1.9708,0.6223,0.7315,0.8298,0.1037,0.0,22,11,9.932678976674179,9,1,0,2.5672,1.2836,1.159,1.0502,0.1167,0.0,17,5,6.914884621956833,9,0,0,1.4427,0.4243,0.5868,0.7638,0.0,0.0,9,1,2.690985662013187,6,0,0,1.6803,0.1867,0.5024,1.1202,0.0,0.0,88.6,0.719,84.8,0.59,87.3,0.627,91.1,1.252,43.0,-0.42,50.0,-0.113,92.4,1.37,87.3,0.799,89.9,0.991,92.4,1.692,36.7,-0.6,50.0,-0.113,86.7,0.627,85.4,0.66,83.5,0.685,94.3,1.361,24.1,-0.719,50.6,0.0,94.9,1.877,93.7,1.675,94.9,1.833,98.7,2.76,24.1,-0.696,50.6,0.0,88.6,0.812,81.0,0.442,84.8,0.526,88.6,1.03,61.4,-0.11,50.0,-0.113,88.6,0.749,69.6,0.184,70.9,0.303,86.1,0.964,49.4,-0.394,50.0,-0.113,88.6,0.993,93.0,1.216,91.1,1.046,90.5,1.139,71.5,0.219,50.6,0.0,98.7,2.366,94.9,1.866,97.5,1.886,98.7,2.403,68.4,-0.073,50.6,0.0,79.7,0.412,70.9,0.007,78.5,0.247,88.6,1.248,21.5,-0.649,50.0,-0.113,77.2,0.469,41.8,-0.11,55.7,0.217,88.6,1.222,21.5,-0.706,50.0,-0.113,81.0,0.3,29.1,-0.637,53.2,-0.181,93.7,1.147,24.1,-0.712,50.6,0.0,77.2,0.154,26.6,-0.737,43.0,-0.38,93.7,1.062,24.1,-0.745,50.6,0.0
28o7vv0jud22hmg4h649yozqh,T. Booth,FC Twente,Midfielder,14,7,4.624784762673535,11,1,0,1.8405,0.9202,0.608,1.4461,0.1315,0.0,2,1,0.3898193244870919,1,1,0,0.9202,0.4601,0.1794,0.4601,0.4601,0.0,12,6,4.234965438186443,10,0,0,2.2086,1.1043,0.7794,1.8405,0.0,0.0,5,2,1.721609523740695,4,0,0,1.5337,0.6135,0.5281,1.227,0.0,0.0,9,5,2.90317523893284,7,1,0,1.1832,0.6573,0.3817,0.9202,0.1315,0.0,10,4,3.710869148987996,7,1,0,1.8405,0.7362,0.683,1.2883,0.184,0.0,31.0,-0.663,38.2,-0.574,28.4,-0.749,55.0,-0.218,64.7,0.033,46.2,-0.298,41.3,-0.276,57.7,0.112,29.3,-0.656,83.7,0.88,82.7,0.36,46.2,-0.273,13.9,-0.927,20.0,-0.863,11.1,-0.974,25.2,-0.684,78.1,0.456,48.6,-0.186,8.7,-1.022,22.1,-0.69,9.1,-1.317,33.2,-0.51,95.7,2.106,48.6,-0.162,47.6,-0.32,56.7,-0.176,41.8,-0.442,77.9,0.348,35.1,-0.551,47.8,-0.224,64.9,0.295,72.1,0.546,48.6,-0.111,93.8,1.672,35.1,-0.393,47.8,-0.216,33.7,-0.642,38.5,-0.61,32.7,-0.682,54.1,-0.281,34.9,-0.508,48.8,-0.172,49.5,0.068,48.6,0.067,32.7,-0.251,87.5,1.039,34.9,-0.4,48.8,-0.128,32.9,-0.639,42.8,-0.467,27.9,-0.769,59.1,-0.136,78.6,0.582,47.6,-0.236,28.4,-0.667,50.5,-0.005,12.5,-0.994,70.2,0.548,86.1,0.484,47.6,-0.219,55.5,-0.039,51.4,-0.121,48.1,-0.244,77.6,0.744,82.9,0.847,48.8,-0.172,47.6,-0.219,42.3,-0.223,41.3,-0.409,76.0,0.672,73.8,0.557,48.8,-0.172
28rtnolu3a2au3on0jtwzhu6s,P. Ugwu,FC Volendam,Defender,33,10,11.33695932476747,17,2,0,1.8212,0.5519,0.6256,0.9382,0.1104,0.0,16,5,4.722277678081808,9,1,0,1.8763,0.5864,0.5538,1.0554,0.1173,0.0,17,5,6.614681646685663,8,1,0,1.7721,0.5212,0.6895,0.8339,0.1042,0.0,13,0,3.545078758887466,7,2,0,1.3551,0.0,0.3695,0.7297,0.2085,0.0,20,10,7.791880565880005,10,0,0,1.5636,0.7818,0.6092,0.7818,0.0,0.0,12,5,4.400985450712835,7,0,0,2.2516,0.9382,0.8258,1.3134,0.0,0.0,71.5,0.177,67.2,0.015,73.0,0.166,71.5,0.19,77.4,0.52,45.6,-0.312,59.1,-0.056,47.4,-0.203,56.6,-0.064,61.3,0.181,67.2,0.096,45.6,-0.295,69.0,0.079,63.1,-0.043,64.2,-0.07,74.1,0.186,71.2,0.262,47.1,-0.254,60.6,0.064,54.7,-0.096,51.1,-0.189,65.0,0.34,72.3,0.095,47.1,-0.242,72.6,0.283,69.0,0.078,74.5,0.428,71.9,0.185,78.8,0.645,48.9,-0.173,54.0,0.011,51.8,-0.117,67.2,0.188,56.2,0.063,76.6,0.189,48.9,-0.168,65.7,-0.021,11.7,-0.827,61.3,-0.171,70.4,0.082,93.1,1.654,46.7,-0.28,54.7,0.04,11.7,-1.302,46.0,-0.223,60.6,0.32,89.1,1.167,46.7,-0.245,73.4,0.369,83.6,0.822,75.2,0.494,75.2,0.277,30.7,-0.627,48.9,-0.173,69.3,0.239,84.7,0.737,67.9,0.289,62.8,0.345,30.7,-0.565,48.9,-0.158,77.7,0.602,78.8,0.753,78.8,0.652,78.5,0.707,32.5,-0.624,48.5,-0.194,77.4,0.469,80.3,0.577,75.9,0.448,78.8,0.637,32.5,-0.601,48.5,-0.194
2922aevmtpw4qvcwohmxmqtbd,T. Tomiyasu,AFC Ajax,Defender,2,1,1.048665154097147,1,0,0,0.897,0.4485,0.4703,0.4485,0.0,0.0,2,1,1.048665154097147,1,0,0,0.897,0.4485,0.4703,0.4485,0.0,0.0,0,0,0.0,0,0,0,0.0,0.0,0.0,0.0,0.0,0.0,1,1,0.7608295727895968,0,0,0,0.897,0.897,0.6825,0.0,0.0,0.0,1,0,0.2878355813075502,1,0,0,0.897,0.0,0.2582,0.897,0.0,0.0,2,1,1.048665154097147,1,0,0,0.897,0.4485,0.4703,0.4485,0.0,0.0,3.6,-0.944,13.1,-0.826,5.8,-0.874,18.2,-0.697,23.0,-0.752,45.6,-0.312,0.7,-1.275,34.7,-0.443,37.2,-0.496,38.0,-0.53,23.0,-0.666,45.6,-0.295,11.3,-0.83,22.6,-0.711,19.0,-0.737,30.3,-0.616,29.9,-0.636,47.1,-0.254,5.8,-0.974,38.0,-0.385,43.1,-0.411,41.6,-0.459,29.9,-0.51,47.1,-0.242,3.3,-1.025,9.9,-0.855,3.3,-0.965,11.3,-0.758,33.9,-0.583,48.9,-0.173,3.3,-1.873,9.9,-1.099,3.3,-1.351,11.3,-1.059,33.9,-0.483,48.9,-0.168,10.9,-0.869,29.9,-0.643,20.4,-0.721,14.6,-0.718,33.6,-0.568,46.7,-0.28,9.5,-0.702,90.5,1.441,86.9,0.992,14.6,-1.098,33.6,-0.47,46.7,-0.245,3.6,-0.982,7.3,-0.94,4.4,-0.983,25.5,-0.643,30.7,-0.627,48.9,-0.173,2.9,-1.071,7.3,-1.292,11.7,-0.885,67.9,0.575,30.7,-0.565,48.9,-0.158,3.6,-1.477,19.3,-0.885,8.0,-1.066,24.1,-0.757,32.5,-0.624,48.5,-0.194,0.7,-1.115,39.4,-0.411,38.7,-0.449,42.3,-0.48,32.5,-0.601,48.5,-0.194
29fr98or3mqippn84z3p9ihhw,L. Valente,Feyenoord Rotterdam,Midfielder,99,56,45.04071232448422,17,3,0,3.1552,1.7848,1.4355,0.5418,0.0956,0.0,53,34,25.72091465212668,8,2,0,3.2657,2.095,1.5849,0.4929,0.1232,0.0,46,22,19.31979767235754,9,1,0,3.0369,1.4524,1.2755,0.5942,0.066,0.0,54,35,25.58191330757121,12,1,0,1.9964,1.294,0.9458,0.4436,0.037,0.0,45,21,19.45879901691301,5,2,0,1.8905,0.8822,0.8175,0.2101,0.084,0.0,18,8,9.386739104566225,5,0,0,3.3273,1.4788,1.7352,0.9243,0.0,0.0,94.2,1.803,98.6,2.585,94.2,1.971,71.2,0.095,92.8,1.406,46.2,-0.298,92.3,1.252,97.1,1.77,90.4,1.349,39.4,-0.428,76.9,0.127,46.2,-0.273,94.0,1.753,99.5,2.881,94.7,2.113,64.4,-0.032,92.1,1.445,48.6,-0.186,87.0,1.052,96.6,2.054,88.9,1.368,38.9,-0.47,78.8,0.241,48.6,-0.162,95.2,1.765,95.2,2.005,91.8,1.679,74.5,0.238,81.5,0.782,47.8,-0.224,90.9,1.22,91.3,1.166,85.6,1.033,48.6,-0.239,74.5,0.033,47.8,-0.216,93.8,2.001,99.5,3.238,95.7,2.275,81.7,0.51,80.8,0.604,48.8,-0.172,81.2,0.676,93.8,1.619,84.1,0.904,49.0,-0.247,72.1,-0.115,48.8,-0.128,92.3,1.463,90.4,1.569,91.3,1.491,48.1,-0.339,93.0,1.733,47.6,-0.236,77.4,0.574,74.5,0.534,75.0,0.548,22.1,-0.819,76.9,0.169,47.6,-0.219,89.4,1.366,87.7,1.189,95.7,1.869,68.0,0.229,36.3,-0.519,48.8,-0.172,88.0,1.338,85.6,1.031,95.2,1.788,61.5,0.165,36.3,-0.47,48.8,-0.172
29q4j9r2lgdsdkkq2fgh8l7o4,Ayoni Santos,Sparta Rotterdam,Midfielder,42,17,17.9287551952839,19,0,0,1.8645,0.7547,0.7959,0.8435,0.0,0.0,25,7,9.430101921218423,12,0,0,2.1188,0.5933,0.7992,1.017,0.0,0.0,17,10,8.498653274065479,7,0,0,1.5849,0.9323,0.7923,0.6526,0.0,0.0,25,10,10.57806678125644,11,0,0,1.7928,0.7171,0.7586,0.7888,0.0,0.0,17,7,7.350688414027459,8,0,0,1.2191,0.502,0.5271,0.5737,0.0,0.0,19,4,6.590529237685568,10,0,0,3.5426,0.7458,1.2288,1.8645,0.0,0.0,67.3,0.149,64.4,0.071,66.8,0.146,74.3,0.199,25.0,-0.653,46.2,-0.298,43.8,-0.248,42.3,-0.206,44.7,-0.201,58.7,0.008,25.0,-0.494,46.2,-0.273,70.2,0.281,53.6,-0.182,67.3,0.128,76.9,0.341,33.7,-0.532,48.6,-0.186,56.7,0.038,36.3,-0.466,47.6,-0.133,68.3,0.163,33.7,-0.441,48.6,-0.162,60.3,-0.013,72.4,0.369,68.3,0.157,67.3,0.017,35.1,-0.551,47.8,-0.224,38.9,-0.402,63.5,0.24,50.0,-0.082,55.3,-0.149,35.1,-0.393,47.8,-0.216,74.8,0.437,74.8,0.323,74.5,0.416,79.3,0.411,34.9,-0.508,48.8,-0.172,65.4,0.408,64.9,0.303,68.8,0.386,67.3,0.319,34.9,-0.4,48.8,-0.128,52.4,-0.172,51.7,-0.212,54.3,-0.161,65.1,-0.035,33.4,-0.57,47.6,-0.236,30.8,-0.604,32.7,-0.378,31.7,-0.479,51.0,-0.119,33.4,-0.387,47.6,-0.219,92.5,1.542,51.4,-0.121,81.7,0.828,91.6,1.516,36.3,-0.519,48.8,-0.172,92.3,1.564,48.1,-0.207,79.8,0.731,91.8,1.473,36.3,-0.47,48.8,-0.172
29s8wk0a2m66rebsfx1jfuuh,D. van den Berg,FC Utrecht,Midfielder,4,1,1.784910635574255,1,0,0,1.222,0.3055,0.5453,0.3055,0.0,0.0,2,1,1.163422188583351,1,0,0,1.833,0.9165,1.0663,0.9165,0.0,0.0,2,0,0.6214884469909034,0,0,0,0.9165,0.0,0.2848,0.0,0.0,0.0,0,0,0.0,0,0,0,0.0,0.0,0.0,0.0,0.0,0.0,4,1,1.784910635574255,1,0,0,1.222,0.3055,0.5453,0.3055,0.0,0.0,4,1,1.784910635574255,1,0,0,1.222,0.3055,0.5453,0.3055,0.0,0.0,10.8,-0.953,11.1,-0.961,12.5,-0.941,14.7,-0.738,25.0,-0.653,46.2,-0.298,15.4,-0.995,10.6,-1.067,21.6,-0.808,22.6,-0.77,25.0,-0.494,46.2,-0.273,13.9,-0.927,20.0,-0.863,18.3,-0.879,25.2,-0.684,33.7,-0.532,48.6,-0.186,42.3,-0.215,52.4,0.076,67.3,0.377,59.4,0.042,33.7,-0.441,48.6,-0.162,11.5,-0.933,6.7,-0.994,9.6,-0.951,8.2,-0.754,35.1,-0.551,47.8,-0.224,5.3,-1.148,6.7,-1.42,7.7,-1.252,8.2,-1.15,35.1,-0.393,47.8,-0.216,6.2,-0.912,11.3,-0.843,6.2,-0.896,13.9,-0.676,34.9,-0.508,48.8,-0.172,6.2,-1.947,11.3,-1.333,6.2,-1.711,13.9,-0.976,34.9,-0.4,48.8,-0.128,15.9,-0.931,14.9,-0.976,18.8,-0.921,20.0,-0.744,33.4,-0.57,47.6,-0.236,31.2,-0.599,15.9,-0.849,36.5,-0.415,30.3,-0.635,33.4,-0.387,47.6,-0.219,10.8,-1.093,12.5,-1.104,16.3,-0.961,23.8,-0.801,36.3,-0.519,48.8,-0.172,18.8,-0.867,12.0,-0.951,28.4,-0.696,26.9,-0.696,36.3,-0.47,48.8,-0.172
2bfbi3t4aufb47wwt56ilzoyc,A. Salama,NAC Breda,Forward,9,4,4.128349837900107,4,0,0,1.6897,0.751,0.7751,0.751,0.0,0.0,6,3,2.828306301985631,2,0,0,2.8162,1.4081,1.3275,0.9387,0.0,0.0,3,1,1.300043535914476,2,0,0,0.9387,0.3129,0.4068,0.6258,0.0,0.0,2,0,0.3427580579991944,2,0,0,0.9387,0.0,0.1609,0.9387,0.0,0.0,7,4,3.785591779900912,2,0,0,1.6428,0.9387,0.8884,0.4694,0.0,0.0,9,4,4.128349837900106,4,0,0,1.6897,0.751,0.7751,0.751,0.0,0.0,43.7,-0.421,49.4,-0.36,45.6,-0.406,69.0,-0.164,15.8,-0.725,50.0,-0.113,74.7,0.269,70.9,0.282,68.4,0.252,82.3,0.85,15.8,-0.821,50.0,-0.113,51.9,-0.309,59.5,-0.23,58.2,-0.292,67.1,-0.164,24.1,-0.719,50.6,0.0,93.7,1.545,91.1,1.413,89.9,1.419,89.9,1.327,24.1,-0.696,50.6,0.0,29.1,-0.55,34.2,-0.533,31.6,-0.54,67.7,-0.149,21.5,-0.595,50.0,-0.113,29.1,-0.547,38.0,-0.445,31.6,-0.506,79.7,0.56,21.5,-0.705,50.0,-0.113,36.1,-0.493,17.1,-0.59,29.1,-0.613,74.7,-0.108,30.4,-0.604,50.6,0.0,46.8,-0.159,17.1,-1.018,25.3,-0.936,96.2,2.066,30.4,-0.478,50.6,0.0,49.4,-0.329,60.1,-0.139,58.2,-0.214,62.7,-0.211,21.5,-0.649,50.0,-0.113,88.6,0.883,93.7,1.336,93.7,1.281,79.7,0.441,21.5,-0.706,50.0,-0.113,81.0,0.3,77.2,0.465,77.2,0.387,86.7,0.582,24.1,-0.712,50.6,0.0,79.7,0.163,75.9,0.305,73.4,0.231,86.1,0.516,24.1,-0.745,50.6,0.0
2by23cpjtr9tsw1m4ak1w73oq,G. Crettaz,Nijmegen Eendracht Combinatie,Goalkeeper,43,6,4.017647004093049,0,0,0,1.7956,0.2505,0.1678,0.0,0.0,0.0,25,3,2.545820116920576,0,0,0,2.5519,0.3062,0.2599,0.0,0.0,0.0,18,3,1.471826887172473,0,0,0,1.272,0.212,0.104,0.0,0.0,0.0,23,2,2.033561084638692,0,0,0,1.6253,0.1413,0.1437,0.0,0.0,0.0,20,4,1.984085919454357,0,0,0,1.3124,0.2625,0.1302,0.0,0.0,0.0,8,3,0.8215378443562531,0,0,0,1.4699,0.5512,0.1509,0.0,0.0,0.0,97.5,2.271,87.5,1.104,87.5,0.454,45.0,-0.337,48.8,-0.214,51.2,0.0,95.0,1.502,77.5,0.48,77.5,-0.003,45.0,-0.279,48.8,-0.226,51.2,0.0,98.8,2.512,86.2,1.122,90.0,0.759,45.0,-0.352,51.2,0.0,51.2,0.0,100.0,2.401,85.0,0.723,87.5,0.698,45.0,-0.348,51.2,0.0,51.2,0.0,95.0,1.813,88.8,0.946,82.5,0.149,48.8,-0.227,48.8,-0.214,51.2,0.0,57.5,0.167,70.0,0.154,55.0,-0.33,48.8,-0.193,48.8,-0.221,51.2,0.0,100.0,2.678,82.5,0.631,87.5,0.689,47.5,-0.281,51.2,0.0,51.2,0.0,97.5,1.563,65.0,0.067,75.0,0.123,47.5,-0.267,51.2,0.0,51.2,0.0,92.5,1.709,90.0,1.324,82.5,0.284,47.5,-0.259,48.8,-0.214,51.2,0.0,77.5,0.702,80.0,0.678,65.0,-0.098,47.5,-0.221,48.8,-0.226,51.2,0.0,85.0,1.131,97.5,2.065,80.0,0.226,46.2,-0.294,50.0,-0.158,51.2,0.0,80.0,0.733,97.5,1.851,72.5,0.007,46.2,-0.294,50.0,-0.158,51.2,0.0
2bz8ey1mxuv6uo8duu7if6k4q,N. Ohio,FC Utrecht,Forward,1,0,0.6361581126001155,0,0,0,0.9474,0.0,0.6027,0.0,0.0,0.0,1,0,0.6361581126001155,0,0,0,0.9474,0.0,0.6027,0.0,0.0,0.0,0,0,0.0,0,0,0,0.0,0.0,0.0,0.0,0.0,0.0,0,0,0.0,0,0,0,0.0,0.0,0.0,0.0,0.0,0.0,1,0,0.6361581126001155,0,0,0,0.9474,0.0,0.6027,0.0,0.0,0.0,1,0,0.6361581126001155,0,0,0,0.9474,0.0,0.6027,0.0,0.0,0.0,6.3,-0.725,7.0,-0.676,11.4,-0.69,13.9,-0.568,15.8,-0.725,50.0,-0.113,20.3,-0.839,7.0,-1.305,49.4,-0.213,13.9,-0.862,15.8,-0.821,50.0,-0.113,15.8,-0.643,13.3,-0.612,22.8,-0.599,19.0,-0.545,24.1,-0.719,50.6,0.0,36.7,-0.554,13.3,-1.087,51.9,-0.111,19.0,-0.853,24.1,-0.696,50.6,0.0,5.7,-0.805,13.9,-0.728,5.7,-0.781,25.3,-0.542,21.5,-0.595,50.0,-0.113,5.7,-1.725,13.9,-1.082,5.7,-1.519,25.3,-0.68,21.5,-0.705,50.0,-0.113,10.8,-0.641,17.1,-0.59,10.8,-0.673,25.3,-0.464,30.4,-0.604,50.6,0.0,10.8,-1.614,17.1,-1.018,10.8,-1.391,25.3,-0.764,30.4,-0.478,50.6,0.0,10.8,-0.774,12.0,-0.724,17.7,-0.679,18.4,-0.628,21.5,-0.649,50.0,-0.113,36.7,-0.555,12.0,-1.302,60.8,0.273,18.4,-0.805,21.5,-0.706,50.0,-0.113,6.3,-1.026,10.8,-1.005,11.4,-0.992,20.9,-0.547,24.1,-0.712,50.6,0.0,26.6,-0.583,10.8,-1.081,58.2,-0.155,20.9,-0.595,24.1,-0.745,50.6,0.0
2ekx0fvuf0dsat062oj430d05,G. Nauber,Go Ahead Eagles,Defender,7,1,1.752247121232963,0,1,0,1.0739,0.1534,0.2688,0.0,0.1534,0.0,3,0,0.3968397563377076,0,0,0,1.3807,0.0,0.1826,0.0,0.0,0.0,4,1,1.355407364895256,0,1,0,0.9205,0.2301,0.3119,0.0,0.2301,0.0,3,0,0.5126931044965863,0,0,0,0.9205,0.0,0.1573,0.0,0.0,0.0,4,1,1.239554016736377,0,1,0,0.9205,0.2301,0.2852,0.0,0.2301,0.0,6,1,1.510857312211168,0,1,0,1.1045,0.1841,0.2781,0.0,0.1841,0.0,18.6,-0.763,13.1,-0.826,15.3,-0.803,6.2,-0.753,57.7,-0.116,45.6,-0.312,10.9,-1.041,9.5,-1.127,7.3,-1.056,6.2,-1.182,76.6,0.393,45.6,-0.295,17.2,-0.765,8.0,-0.878,8.8,-0.855,11.7,-0.716,29.9,-0.636,47.1,-0.254,38.7,-0.461,8.0,-1.325,7.3,-1.176,11.7,-1.05,29.9,-0.51,47.1,-0.242,23.7,-0.717,28.8,-0.668,27.7,-0.68,11.3,-0.758,78.8,0.645,48.9,-0.173,10.9,-0.894,27.0,-0.665,24.8,-0.655,11.3,-1.059,88.3,1.001,48.9,-0.168,18.6,-0.728,11.7,-0.827,13.9,-0.77,14.6,-0.718,33.6,-0.568,46.7,-0.28,12.8,-0.664,11.7,-1.302,13.9,-1.047,14.6,-1.098,33.6,-0.47,46.7,-0.245,23.4,-0.769,21.9,-0.764,19.7,-0.796,9.5,-0.746,72.3,0.306,48.9,-0.173,8.0,-1.024,21.9,-0.695,17.5,-0.795,9.5,-1.219,86.9,1.058,48.9,-0.158,25.5,-0.645,19.3,-0.885,19.7,-0.829,7.7,-1.0,78.8,0.712,48.5,-0.194,15.3,-0.873,12.4,-0.944,13.1,-0.934,7.7,-1.059,68.6,0.515,48.5,-0.194
2f8lk6lxav7hl7xlqt9an18x6,H. Petrov,SC Heerenveen,Defender,16,4,6.17292580138718,8,0,0,2.4682,0.617,0.9522,1.2341,0.0,0.0,10,2,3.529833426141836,6,0,0,2.3139,0.4628,0.8168,1.3883,0.0,0.0,6,2,2.643092375245344,2,0,0,2.7767,0.9256,1.2232,0.9256,0.0,0.0,8,2,2.542140670281679,4,0,0,3.7023,0.9256,1.1765,1.8511,0.0,0.0,8,2,3.630785131105501,4,0,0,1.4809,0.3702,0.6721,0.7405,0.0,0.0,10,4,4.869125378382094,3,0,0,1.8511,0.7405,0.9013,0.5553,0.0,0.0,42.3,-0.438,39.4,-0.546,49.6,-0.356,56.9,-0.309,23.0,-0.752,45.6,-0.312,81.0,0.797,56.2,-0.052,82.5,0.844,74.5,0.611,23.0,-0.666,45.6,-0.295,50.0,-0.311,36.9,-0.544,53.3,-0.287,63.9,-0.115,29.9,-0.636,47.1,-0.254,73.7,0.528,40.9,-0.355,71.5,0.511,79.6,0.778,29.9,-0.51,47.1,-0.242,37.6,-0.563,43.8,-0.482,50.4,-0.409,43.4,-0.523,33.9,-0.583,48.9,-0.173,86.1,1.078,77.4,0.645,93.4,1.378,60.6,0.186,33.9,-0.483,48.9,-0.168,49.3,-0.374,43.1,-0.46,48.9,-0.369,58.4,-0.261,33.6,-0.568,46.7,-0.28,100.0,3.839,93.4,1.528,99.3,2.91,100.0,2.499,33.6,-0.47,46.7,-0.245,40.1,-0.484,36.1,-0.588,51.8,-0.325,55.8,-0.337,30.7,-0.627,48.9,-0.173,62.0,0.076,38.0,-0.331,75.9,0.5,62.0,0.262,30.7,-0.565,48.9,-0.158,69.0,0.187,68.2,0.344,84.7,0.891,54.7,-0.269,32.5,-0.624,48.5,-0.194,62.8,0.001,63.5,0.178,81.0,0.638,46.0,-0.342,32.5,-0.601,48.5,-0.194
2fadtqb0v2zreactvdosbxy50,Y. Borges Sanches,Heracles Almelo,Midfielder,12,2,5.05646046436638,4,0,0,1.8768,0.3128,0.7908,0.6256,0.0,0.0,7,1,3.200392911837278,1,0,0,2.1896,0.3128,1.0011,0.3128,0.0,0.0,5,1,1.856067552529102,3,0,0,1.564,0.3128,0.5806,0.9384,0.0,0.0,5,2,2.162554947035327,2,0,0,1.564,0.6256,0.6764,0.6256,0.0,0.0,7,0,2.893905517331053,2,0,0,1.3137,0.0,0.5431,0.3754,0.0,0.0,10,2,3.846571281485895,4,0,0,1.8768,0.3754,0.7219,0.7507,0.0,0.0,27.6,-0.721,17.5,-0.896,29.8,-0.72,31.7,-0.582,25.0,-0.653,46.2,-0.298,46.2,-0.234,13.0,-1.053,42.8,-0.213,46.6,-0.307,25.0,-0.494,46.2,-0.273,32.5,-0.665,20.0,-0.863,34.6,-0.631,25.2,-0.684,33.7,-0.532,48.6,-0.186,58.2,0.101,19.7,-0.937,63.9,0.253,29.3,-0.688,33.7,-0.441,48.6,-0.162,25.0,-0.749,18.0,-0.858,23.6,-0.777,43.8,-0.423,35.1,-0.551,47.8,-0.224,37.5,-0.425,18.8,-0.863,30.8,-0.57,69.2,0.289,35.1,-0.393,47.8,-0.216,33.7,-0.642,38.5,-0.61,37.0,-0.628,40.9,-0.479,34.9,-0.508,48.8,-0.172,52.4,0.108,51.9,0.094,55.8,0.159,61.1,0.051,34.9,-0.4,48.8,-0.128,27.4,-0.756,5.3,-1.103,27.4,-0.77,31.2,-0.642,33.4,-0.57,47.6,-0.236,36.5,-0.438,5.3,-1.582,35.6,-0.423,38.5,-0.501,33.4,-0.387,47.6,-0.219,55.5,-0.039,24.8,-0.777,51.0,-0.193,60.1,-0.028,36.3,-0.519,48.8,-0.172,53.8,-0.181,25.5,-0.833,46.2,-0.327,60.1,-0.076,36.3,-0.47,48.8,-0.172
2fbolmn7pyvn5oto4zoeqguwa,N. Kasanwirjo,Fortuna Sittard,Defender,24,5,7.435681470977671,7,2,0,2.0192,0.4207,0.6256,0.5889,0.1683,0.0,18,5,5.693463334273901,5,2,0,2.0823,0.5784,0.6586,0.5784,0.2314,0.0,6,0,1.74221813670377,2,0,0,1.8509,0.0,0.5374,0.617,0.0,0.0,9,1,1.439639804878337,3,1,0,1.3882,0.1542,0.2221,0.4627,0.1542,0.0,15,4,5.996041666099334,4,1,0,1.5424,0.4113,0.6166,0.4113,0.1028,0.0,12,3,2.685288878673622,6,1,0,2.2211,0.5553,0.497,1.1105,0.1851,0.0,59.5,-0.149,44.9,-0.452,56.2,-0.228,53.3,-0.365,77.4,0.52,45.6,-0.312,67.2,0.205,32.1,-0.507,56.6,-0.064,46.7,-0.326,78.8,0.495,45.6,-0.295,71.5,0.208,63.1,-0.043,70.1,0.106,60.6,-0.215,88.3,1.161,47.1,-0.254,69.3,0.283,54.0,-0.113,59.9,0.09,50.4,-0.288,86.1,0.684,47.1,-0.242,37.6,-0.563,9.9,-0.855,35.8,-0.598,43.4,-0.523,33.9,-0.583,48.9,-0.173,57.7,0.094,9.9,-1.099,48.2,-0.152,49.6,-0.229,33.9,-0.483,48.9,-0.168,52.9,-0.304,29.9,-0.643,32.1,-0.587,52.9,-0.375,78.1,0.543,46.7,-0.28,56.9,0.093,24.1,-0.83,20.4,-0.796,49.6,-0.199,86.1,0.74,46.7,-0.245,65.3,0.013,56.6,-0.235,68.6,0.14,55.8,-0.337,72.3,0.306,48.9,-0.173,66.4,0.197,43.1,-0.224,69.3,0.314,44.5,-0.396,71.5,0.16,48.9,-0.158,77.7,0.602,55.8,-0.066,48.9,-0.227,72.6,0.463,78.8,0.712,48.5,-0.194,75.9,0.433,48.2,-0.195,43.8,-0.382,69.3,0.375,73.0,0.521,48.5,-0.194
2gsq05yyxwe4f8t79j6d49q6t,I. Perišić,PSV Eindhoven,Midfielder,143,50,47.9251992752945,97,9,0,4.9498,1.7307,1.6589,3.3576,0.3115,0.0,93,33,29.82122326242329,64,7,0,5.7944,2.0561,1.858,3.9875,0.4361,0.0,50,17,18.1039760128712,33,2,0,3.8941,1.324,1.41,2.5701,0.1558,0.0,73,27,23.84497558295407,51,7,0,3.1011,1.147,1.013,2.1665,0.2974,0.0,70,23,24.08022369234042,46,2,0,2.7259,0.8956,0.9377,1.7913,0.0779,0.0,27,11,9.998708605770293,13,4,0,5.0467,2.0561,1.8689,2.4299,0.7477,0.0,98.6,3.079,95.4,2.198,95.7,2.165,99.3,4.257,100.0,5.523,46.2,-0.298,99.0,3.337,96.2,1.666,96.6,1.89,99.5,3.646,96.2,1.529,46.2,-0.273,100.0,3.855,98.8,2.768,98.1,2.613,99.5,5.185,100.0,6.39,48.6,-0.186,99.5,3.287,96.2,1.989,95.7,1.89,99.5,3.753,94.7,1.974,48.6,-0.162,96.2,2.01,89.9,1.324,91.3,1.508,98.8,2.884,95.2,2.115,47.8,-0.224,96.6,2.177,88.9,0.937,91.8,1.343,99.0,2.791,88.5,0.613,47.8,-0.216,98.6,3.026,96.2,2.305,94.7,2.06,99.5,4.366,100.0,7.272,48.8,-0.172,98.1,2.127,91.3,1.284,88.0,1.09,97.6,2.581,95.2,1.888,48.8,-0.128,98.6,2.922,94.0,1.823,95.2,2.122,99.0,3.816,93.0,1.733,47.6,-0.236,97.1,2.039,76.0,0.567,88.5,0.974,96.6,2.225,76.4,0.129,47.6,-0.219,99.5,2.948,96.2,2.172,96.6,2.097,97.6,2.288,99.5,4.944,48.8,-0.172,99.5,3.139,96.2,2.007,96.2,2.067,98.1,2.26,98.1,3.704,48.8,-0.172
2hbduprkyabq8g1nhe6b4g3bp,M. Pjaca,FC Twente,Midfielder,46,27,23.11233415161452,14,1,0,2.0433,1.1993,1.0267,0.6219,0.0444,0.0,22,14,10.89757736795512,9,0,0,2.0522,1.306,1.0165,0.8395,0.0,0.0,24,13,12.2147567836594,5,1,0,2.0352,1.1024,1.0358,0.424,0.0848,0.0,14,10,6.533569756761677,6,0,0,2.1766,1.5547,1.0158,0.9328,0.0,0.0,32,17,16.57876439485285,8,1,0,1.6583,0.881,0.8592,0.4146,0.0518,0.0,11,3,5.82955600119326,3,0,0,2.0522,0.5597,1.0876,0.5597,0.0,0.0,71.2,0.265,80.5,0.716,75.0,0.495,62.7,-0.062,64.7,0.033,46.2,-0.298,54.3,-0.04,76.4,0.647,71.6,0.359,46.2,-0.312,60.1,-0.206,46.2,-0.273,64.9,0.124,76.7,0.612,69.2,0.307,69.7,0.061,33.7,-0.532,48.6,-0.186,55.3,-0.021,77.9,0.73,64.4,0.282,55.8,-0.051,33.7,-0.441,48.6,-0.162,74.0,0.416,81.2,0.778,79.8,0.68,58.2,-0.203,81.5,0.782,47.8,-0.224,58.2,0.101,71.6,0.543,75.0,0.48,33.7,-0.5,79.3,0.155,47.8,-0.216,58.2,-0.157,74.8,0.323,60.1,-0.086,64.7,-0.083,34.9,-0.508,48.8,-0.172,87.0,0.913,98.1,2.214,88.5,1.097,76.0,0.556,34.9,-0.4,48.8,-0.128,78.6,0.703,84.9,1.06,86.1,1.098,65.1,-0.035,78.6,0.582,47.6,-0.236,64.4,0.167,74.0,0.532,81.2,0.696,42.3,-0.425,72.1,-0.044,47.6,-0.219,62.5,0.137,38.0,-0.449,71.6,0.545,50.2,-0.286,36.3,-0.519,48.8,-0.172,61.1,0.003,38.5,-0.521,68.8,0.436,48.3,-0.342,36.3,-0.47,48.8,-0.172
2ifp36vdm0d6rb3xc7muuvv11,D. Limnios,Fortuna Sittard,Midfielder,71,34,27.38980236914737,45,0,0,2.5162,1.2049,0.9707,1.5947,0.0,0.0,44,24,17.85021482808313,28,0,0,3.1186,1.7011,1.2652,1.9846,0.0,0.0,27,10,9.53958754106424,17,0,0,1.9137,0.7088,0.6761,1.2049,0.0,0.0,29,8,10.06621153261063,20,0,0,1.5718,0.4336,0.5456,1.084,0.0,0.0,42,26,17.32359083653674,25,0,0,1.8428,1.1408,0.7601,1.0969,0.0,0.0,10,4,3.733874907632086,8,0,0,1.8428,0.7371,0.6881,1.4743,0.0,0.0,86.3,0.99,87.5,1.167,81.2,0.783,94.7,1.551,25.0,-0.653,46.2,-0.298,75.0,0.509,76.9,0.658,66.3,0.223,86.1,1.095,25.0,-0.494,46.2,-0.273,88.5,1.28,90.6,1.747,86.1,1.154,95.2,1.831,33.7,-0.532,48.6,-0.186,81.7,0.922,90.4,1.393,78.4,0.757,88.0,1.332,33.7,-0.441,48.6,-0.162,79.1,0.6,72.4,0.369,71.2,0.304,89.9,1.12,35.1,-0.551,47.8,-0.224,52.4,-0.034,46.6,-0.158,37.5,-0.35,78.8,0.698,35.1,-0.393,47.8,-0.216,79.8,0.652,67.3,0.09,73.6,0.352,93.0,1.301,34.9,-0.508,48.8,-0.172,53.8,0.118,35.1,-0.344,36.1,-0.203,81.2,0.804,34.9,-0.4,48.8,-0.128,89.7,1.287,97.4,2.205,88.0,1.2,92.8,1.688,33.4,-0.57,47.6,-0.236,71.2,0.49,95.2,1.155,64.9,0.345,83.7,0.888,33.4,-0.387,47.6,-0.219,55.5,-0.039,51.4,-0.121,48.6,-0.235,82.5,1.001,36.3,-0.519,48.8,-0.172,48.1,-0.217,42.8,-0.222,42.3,-0.398,79.8,0.93,36.3,-0.47,48.8,-0.172
2k8bmlxzt0qi7divtxye0a5ii,I. Hansen-Aarøen,Nijmegen Eendracht Combinatie,Forward,1,0,0.0043098378636485,0,0,0,0.9343,0.0,0.004,0.0,0.0,0.0,1,0,0.0043098378636485,0,0,0,0.9343,0.0,0.004,0.0,0.0,0.0,0,0,0.0,0,0,0,0.0,0.0,0.0,0.0,0.0,0.0,0,0,0.0,0,0,0,0.0,0.0,0.0,0.0,0.0,0.0,1,0,0.0043098378636485,0,0,0,0.9343,0.0,0.004,0.0,0.0,0.0,1,0,0.0043098378636485,0,0,0,0.9343,0.0,0.004,0.0,0.0,0.0,6.3,-0.725,7.0,-0.676,1.3,-0.741,13.9,-0.568,15.8,-0.725,50.0,-0.113,15.2,-0.859,7.0,-1.305,1.3,-1.83,13.9,-0.862,15.8,-0.821,50.0,-0.113,15.8,-0.643,13.3,-0.612,10.1,-0.688,19.0,-0.545,24.1,-0.719,50.6,0.0,32.9,-0.568,13.3,-1.087,10.1,-1.374,19.0,-0.853,24.1,-0.696,50.6,0.0,5.7,-0.805,13.9,-0.728,5.7,-0.781,25.3,-0.542,21.5,-0.595,50.0,-0.113,5.7,-1.725,13.9,-1.082,5.7,-1.519,25.3,-0.68,21.5,-0.705,50.0,-0.113,10.8,-0.641,17.1,-0.59,10.8,-0.673,25.3,-0.464,30.4,-0.604,50.6,0.0,10.8,-1.614,17.1,-1.018,10.8,-1.391,25.3,-0.764,30.4,-0.478,50.6,0.0,10.8,-0.774,12.0,-0.724,5.1,-0.772,18.4,-0.628,21.5,-0.649,50.0,-0.113,27.8,-0.582,12.0,-1.302,5.1,-1.838,18.4,-0.805,21.5,-0.706,50.0,-0.113,6.3,-1.026,10.8,-1.005,1.3,-1.241,20.9,-0.547,24.1,-0.712,50.6,0.0,21.5,-0.597,10.8,-1.081,1.3,-1.498,20.9,-0.595,24.1,-0.745,50.6,0.0
2nwthqvbk70e2qo35dgp35979,V. van Crooij,Sparta Rotterdam,Midfielder,28,4,9.239148809611084,16,1,0,1.9973,0.2853,0.659,1.1413,0.0713,0.0,12,2,3.236080244632258,8,1,0,1.8546,0.3091,0.5001,1.2364,0.1546,0.0,16,2,6.003068564978827,8,0,0,2.1196,0.2649,0.7952,1.0598,0.0,0.0,8,0,1.847660741011894,5,0,0,1.2364,0.0,0.2856,0.7728,0.0,0.0,20,4,7.39148806859919,11,1,0,1.5455,0.3091,0.5712,0.85,0.0773,0.0,13,1,3.463500755507684,8,0,0,2.411,0.1855,0.6423,1.4837,0.0,0.0,51.0,-0.257,26.7,-0.767,43.8,-0.439,69.2,0.043,64.7,0.033,46.2,-0.298,52.9,-0.094,10.1,-1.106,33.7,-0.532,71.2,0.439,70.7,-0.031,46.2,-0.273,45.2,-0.402,29.8,-0.749,35.1,-0.627,64.4,-0.032,78.1,0.456,48.6,-0.186,45.2,-0.196,18.3,-0.943,26.4,-0.705,73.1,0.428,82.2,0.415,48.6,-0.162,57.9,-0.074,27.6,-0.722,54.8,-0.194,71.2,0.128,35.1,-0.551,47.8,-0.224,62.5,0.195,14.4,-0.948,51.4,-0.075,74.5,0.475,35.1,-0.393,47.8,-0.216,43.3,-0.481,11.3,-0.843,33.2,-0.667,59.6,-0.182,34.9,-0.508,48.8,-0.172,31.7,-0.323,11.3,-1.333,18.3,-0.922,66.8,0.293,34.9,-0.4,48.8,-0.128,59.9,0.003,36.3,-0.594,54.8,-0.156,72.6,0.269,78.6,0.582,47.6,-0.236,57.2,-0.031,18.8,-0.841,40.9,-0.323,66.3,0.413,75.5,0.125,47.6,-0.219,73.6,0.488,12.5,-1.104,41.3,-0.336,82.5,1.001,36.3,-0.519,48.8,-0.172,71.2,0.378,8.2,-1.154,36.5,-0.494,81.2,0.943,36.3,-0.47,48.8,-0.172
2t2mq9pun2hrdvadnpixxvlzo,A. Blake,FC Utrecht,Midfielder,34,19,16.02741954017034,16,0,0,1.9436,1.0861,0.9162,0.9146,0.0,0.0,17,10,7.654180897874724,7,0,0,1.7276,1.0163,0.7779,0.7114,0.0,0.0,17,9,8.373238642295615,9,0,0,2.2213,1.176,1.0941,1.176,0.0,0.0,13,5,5.309942893116748,8,0,0,1.4863,0.5716,0.6071,0.9146,0.0,0.0,21,14,10.71747664705359,8,0,0,1.6006,1.0671,0.8169,0.6098,0.0,0.0,10,6,5.580807511645208,3,0,0,1.8293,1.0976,1.0209,0.5488,0.0,0.0,56.7,-0.083,67.3,0.2,63.5,0.018,69.2,0.043,25.0,-0.653,46.2,-0.298,50.0,-0.156,71.6,0.43,59.6,0.091,62.0,0.111,25.0,-0.494,46.2,-0.273,55.5,-0.139,68.3,0.158,56.7,-0.088,58.7,-0.125,33.7,-0.532,48.6,-0.186,39.9,-0.308,62.0,0.244,46.6,-0.174,50.5,-0.206,33.7,-0.441,48.6,-0.162,60.3,-0.013,67.5,0.233,66.8,0.14,74.5,0.238,35.1,-0.551,47.8,-0.224,66.3,0.309,80.3,0.674,76.9,0.615,78.4,0.653,35.1,-0.393,47.8,-0.216,55.5,-0.211,52.6,-0.26,54.3,-0.237,72.1,0.115,34.9,-0.508,48.8,-0.172,45.7,0.006,46.4,-0.029,45.7,-0.033,71.6,0.526,34.9,-0.4,48.8,-0.128,61.8,0.061,78.4,0.678,68.8,0.298,65.1,-0.035,33.4,-0.57,47.6,-0.236,61.1,0.065,91.8,0.978,74.5,0.546,56.2,-0.05,33.4,-0.387,47.6,-0.219,55.5,-0.039,73.6,0.534,69.7,0.452,50.2,-0.286,36.3,-0.519,48.8,-0.172,46.6,-0.231,68.3,0.387,66.8,0.297,42.3,-0.357,36.3,-0.47,48.8,-0.172
2t8l6omztxur8rgk1kzkl7thw,M. Hoekstra,FC Groningen,Midfielder,1,0,0.8254266004750311,0,0,0,0.9068,0.0,0.7485,0.0,0.0,0.0,0,0,0.0,0,0,0,0.0,0.0,0.0,0.0,0.0,0.0,1,0,0.8254266004750311,0,0,0,0.9068,0.0,0.7485,0.0,0.0,0.0,0,0,0.0,0,0,0,0.0,0.0,0.0,0.0,0.0,0.0,1,0,0.8254266004750311,0,0,0,0.9068,0.0,0.7485,0.0,0.0,0.0,1,0,0.8254266004750311,0,0,0,0.9068,0.0,0.7485,0.0,0.0,0.0,2.6,-1.04,3.6,-1.025,7.7,-1.005,5.3,-0.79,25.0,-0.653,46.2,-0.298,0.5,-1.361,3.6,-1.653,38.9,-0.315,5.3,-1.212,25.0,-0.494,46.2,-0.273,3.8,-1.033,7.0,-0.976,3.8,-1.021,9.1,-0.777,33.7,-0.532,48.6,-0.186,3.8,-1.835,7.0,-1.462,3.8,-1.66,9.1,-1.066,33.7,-0.441,48.6,-0.162,6.0,-0.994,6.7,-0.994,12.0,-0.922,8.2,-0.754,35.1,-0.551,47.8,-0.224,3.4,-1.159,6.7,-1.42,45.2,-0.183,8.2,-1.15,35.1,-0.393,47.8,-0.216,6.2,-0.912,11.3,-0.843,6.2,-0.896,13.9,-0.676,34.9,-0.508,48.8,-0.172,6.2,-1.947,11.3,-1.333,6.2,-1.711,13.9,-0.976,34.9,-0.4,48.8,-0.128,4.3,-1.107,5.3,-1.103,10.1,-1.052,6.7,-0.845,33.4,-0.57,47.6,-0.236,1.0,-1.151,5.3,-1.582,63.0,0.304,6.7,-1.224,33.4,-0.387,47.6,-0.219,2.6,-1.62,3.6,-1.432,7.7,-1.318,8.4,-1.058,36.3,-0.519,48.8,-0.172,0.5,-1.197,3.6,-1.467,49.5,-0.272,8.4,-1.121,36.3,-0.47,48.8,-0.172
2tc8y9du64tjno62zll2jhy7e,Y. Cathline,FC Utrecht,Midfielder,78,44,33.09354866908456,39,0,0,2.7561,1.5547,1.1694,1.3781,0.0,0.0,43,28,21.41437679214083,16,0,0,3.292,2.1436,1.6395,1.2249,0.0,0.0,35,16,11.67917187694373,23,0,0,2.2968,1.0499,0.7664,1.5093,0.0,0.0,37,21,17.31385786552572,19,0,0,1.6996,0.9646,0.7953,0.8728,0.0,0.0,41,23,15.77969080355884,20,0,0,2.0926,1.1739,0.8054,1.0208,0.0,0.0,19,13,9.449223069439322,8,0,0,3.4911,2.3886,1.7362,1.4699,0.0,0.0,88.9,1.194,91.8,1.812,86.5,1.167,90.9,1.239,25.0,-0.653,46.2,-0.298,82.2,0.788,90.9,1.329,79.3,0.704,80.8,0.782,25.0,-0.494,46.2,-0.273,87.3,1.227,95.7,2.2,89.9,1.589,82.9,0.714,33.7,-0.532,48.6,-0.186,88.0,1.075,97.6,2.136,92.3,1.472,72.6,0.414,33.7,-0.441,48.6,-0.162,88.2,1.091,87.5,1.187,77.4,0.605,94.5,1.781,35.1,-0.551,47.8,-0.224,70.2,0.393,69.7,0.449,45.7,-0.141,87.5,1.165,35.1,-0.393,47.8,-0.216,88.5,1.084,90.6,1.605,88.5,1.25,91.8,1.202,34.9,-0.508,48.8,-0.172,62.0,0.286,84.1,0.868,72.1,0.488,71.2,0.457,34.9,-0.4,48.8,-0.128,88.2,1.229,94.0,1.823,84.1,0.989,88.7,1.181,33.4,-0.57,47.6,-0.236,84.6,0.928,96.6,1.234,72.1,0.506,81.7,0.742,33.4,-0.387,47.6,-0.219,92.5,1.542,99.0,2.827,96.2,1.892,82.5,1.001,36.3,-0.519,48.8,-0.172,90.9,1.51,98.1,2.568,95.7,1.79,79.3,0.924,36.3,-0.47,48.8,-0.172
2teefpvijsbzag4yi7fm1pyol,A. Sampsted,Go Ahead Eagles,Defender,17,4,3.905184198832258,12,0,0,1.777,0.4181,0.4082,1.2544,0.0,0.0,7,1,1.351037700522946,6,0,0,1.3171,0.1882,0.2542,1.1289,0.0,0.0,10,3,2.554146498309312,6,0,0,2.3519,0.7056,0.6007,1.4111,0.0,0.0,14,3,2.574829268053465,12,0,0,1.4634,0.3136,0.2691,1.2544,0.0,0.0,3,1,1.330354930778792,0,0,0,1.4111,0.4704,0.6258,0.0,0.0,0.0,10,4,3.077750396081708,8,0,0,1.8815,0.7526,0.5791,1.5052,0.0,0.0,45.6,-0.402,39.4,-0.546,35.0,-0.585,65.3,-0.087,23.0,-0.752,45.6,-0.312,56.2,-0.115,31.4,-0.513,29.9,-0.669,75.2,0.641,23.0,-0.666,45.6,-0.295,37.6,-0.506,22.6,-0.711,26.3,-0.682,63.9,-0.115,29.9,-0.636,47.1,-0.254,34.3,-0.529,18.2,-0.931,10.2,-0.986,68.6,0.437,29.9,-0.51,47.1,-0.242,54.7,-0.256,53.6,-0.295,47.4,-0.427,64.2,-0.051,33.9,-0.583,48.9,-0.173,79.6,0.627,64.2,0.231,56.9,-0.011,82.5,0.839,33.9,-0.483,48.9,-0.168,69.0,0.05,54.4,-0.276,49.6,-0.363,82.1,0.653,33.6,-0.568,46.7,-0.28,61.3,0.215,39.4,-0.343,26.3,-0.613,89.1,1.339,33.6,-0.47,46.7,-0.245,15.7,-0.84,21.9,-0.764,22.6,-0.778,9.5,-0.746,30.7,-0.627,48.9,-0.173,57.7,-0.061,53.3,-0.071,70.8,0.345,9.5,-1.219,30.7,-0.565,48.9,-0.158,69.0,0.187,68.2,0.344,56.9,-0.026,83.2,0.951,32.5,-0.624,48.5,-0.194,69.3,0.036,67.9,0.202,54.7,-0.175,83.9,0.884,32.5,-0.601,48.5,-0.194
2tox45zgi16bvmn2xzdlvblsk,J. Plug,Feyenoord Rotterdam,Defender,2,0,0.5058322405942234,2,0,0,1.8828,0.0,0.4762,1.8828,0.0,0.0,0,0,0.0,0,0,0,0.0,0.0,0.0,0.0,0.0,0.0,2,0,0.5058322405942234,2,0,0,1.8828,0.0,0.4762,1.8828,0.0,0.0,0,0,0.0,0,0,0,0.0,0.0,0.0,0.0,0.0,0.0,2,0,0.5058322405942234,2,0,0,1.8828,0.0,0.4762,1.8828,0.0,0.0,2,0,0.5058322405942234,2,0,0,1.8828,0.0,0.4762,1.8828,0.0,0.0,3.6,-0.944,4.4,-0.92,2.9,-0.929,28.1,-0.642,23.0,-0.752,45.6,-0.312,64.2,0.025,4.4,-1.483,39.4,-0.48,92.7,1.554,23.0,-0.666,45.6,-0.295,2.9,-0.96,8.0,-0.878,2.9,-0.927,11.7,-0.716,29.9,-0.636,47.1,-0.254,2.9,-1.925,8.0,-1.325,2.9,-1.662,11.7,-1.05,29.9,-0.51,47.1,-0.242,12.0,-0.871,9.9,-0.855,14.6,-0.859,43.4,-0.523,33.9,-0.583,48.9,-0.173,65.0,0.128,9.9,-1.099,40.1,-0.288,91.2,1.473,33.9,-0.483,48.9,-0.168,4.7,-0.94,11.7,-0.827,4.7,-0.872,14.6,-0.718,33.6,-0.568,46.7,-0.28,4.7,-2.153,11.7,-1.302,4.7,-1.658,14.6,-1.098,33.6,-0.47,46.7,-0.245,7.7,-0.911,7.3,-0.94,7.3,-0.94,36.9,-0.541,30.7,-0.627,48.9,-0.173,88.3,0.865,7.3,-1.292,50.4,-0.156,99.3,2.547,30.7,-0.565,48.9,-0.158,3.6,-1.477,5.5,-1.295,2.9,-1.344,41.2,-0.513,32.5,-0.624,48.5,-0.194,70.1,0.038,5.5,-1.315,39.4,-0.434,92.0,1.372,32.5,-0.601,48.5,-0.194
2uw0batubkzwe3gcexxwa22cq,T. Jansink,Heracles Almelo,Goalkeeper,8,1,0.6315364801853917,0,0,0,1.2491,0.1561,0.0986,0.0,0.0,0.0,3,0,0.1540991780299096,0,0,0,0.9368,0.0,0.0481,0.0,0.0,0.0,5,1,0.4774373021554821,0,0,0,1.5614,0.3123,0.1491,0.0,0.0,0.0,5,1,0.4152152627450745,0,0,0,0.9368,0.1874,0.0778,0.0,0.0,0.0,3,0,0.2163212174403172,0,0,0,1.4053,0.0,0.1013,0.0,0.0,0.0,5,0,0.3027296457107026,0,0,0,0.9368,0.0,0.0567,0.0,0.0,0.0,51.2,-0.387,56.2,-0.349,45.0,-0.424,45.0,-0.337,48.8,-0.214,51.2,0.0,47.5,0.008,62.5,0.009,42.5,-0.417,45.0,-0.279,48.8,-0.226,51.2,0.0,47.5,-0.455,30.0,-0.604,40.0,-0.486,45.0,-0.352,51.2,0.0,51.2,0.0,42.5,-0.112,30.0,-0.602,30.0,-0.561,45.0,-0.348,51.2,0.0,51.2,0.0,53.8,-0.277,66.2,-0.077,57.5,-0.356,48.8,-0.227,48.8,-0.214,51.2,0.0,80.0,0.698,77.5,0.544,65.0,-0.096,48.8,-0.193,48.8,-0.221,51.2,0.0,60.0,-0.121,67.5,0.0,55.0,-0.353,47.5,-0.281,51.2,0.0,51.2,0.0,57.5,0.145,77.5,0.294,45.0,-0.331,47.5,-0.267,51.2,0.0,51.2,0.0,45.0,-0.583,31.2,-0.567,47.5,-0.453,47.5,-0.259,48.8,-0.214,51.2,0.0,95.0,0.953,31.2,-0.624,50.0,-0.265,47.5,-0.221,48.8,-0.226,51.2,0.0,46.2,0.071,32.5,-0.628,42.5,-0.497,46.2,-0.294,50.0,-0.158,51.2,0.0,30.0,-0.736,32.5,-0.656,20.0,-0.761,46.2,-0.294,50.0,-0.158,51.2,0.0
2vfhae70oyyzm0qttlckworqi,A. Carlén,SBV Excelsior,Midfielder,9,1,2.068737459153238,2,3,0,2.0926,0.2325,0.481,0.465,0.6975,0.0,3,1,0.8913961572770407,1,0,0,1.3951,0.465,0.4145,0.465,0.0,0.0,6,0,1.177341301876198,1,3,0,2.7901,0.0,0.5475,0.465,1.3951,0.0,6,1,1.412302216227016,1,2,0,1.8601,0.31,0.4378,0.31,0.62,0.0,3,0,0.6564352429262221,1,1,0,1.3951,0.0,0.3053,0.465,0.465,0.0,9,1,2.068737459153238,2,3,0,2.0926,0.2325,0.481,0.465,0.6975,0.0,21.9,-0.808,11.1,-0.961,13.5,-0.922,22.1,-0.686,92.8,1.406,46.2,-0.298,56.7,0.017,8.2,-1.207,17.8,-0.963,33.2,-0.539,98.6,4.035,46.2,-0.273,18.3,-0.875,20.0,-0.863,16.3,-0.912,25.2,-0.684,33.7,-0.532,48.6,-0.186,27.9,-0.602,25.5,-0.681,22.1,-0.868,35.1,-0.504,33.7,-0.441,48.6,-0.162,29.6,-0.687,6.7,-0.994,14.9,-0.873,22.6,-0.644,98.3,3.449,47.8,-0.224,85.1,0.944,6.7,-1.42,27.4,-0.646,37.0,-0.437,100.0,8.609,47.8,-0.216,38.0,-0.589,28.4,-0.726,28.8,-0.721,31.7,-0.578,94.5,1.715,48.8,-0.172,70.2,0.497,29.3,-0.626,26.4,-0.501,40.9,-0.467,99.0,4.37,48.8,-0.128,13.0,-0.99,5.3,-1.103,9.6,-1.075,20.0,-0.744,78.6,0.582,47.6,-0.236,45.2,-0.295,5.3,-1.582,7.7,-1.264,44.7,-0.328,98.6,2.691,47.6,-0.219,47.4,-0.215,12.5,-1.104,18.8,-0.855,38.2,-0.543,98.6,3.578,48.8,-0.172,63.5,0.045,11.1,-1.074,20.7,-0.83,40.9,-0.474,97.6,3.424,48.8,-0.172
2wesmq2wuhnuwh2yhgkuaxqfo,A. Bouwman,AFC Ajax,Defender,3,1,1.258154748740116,0,0,0,0.9009,0.3003,0.3778,0.0,0.0,0.0,3,1,1.258154748740116,0,0,0,0.9009,0.3003,0.3778,0.0,0.0,0.0,0,0,0.0,0,0,0,0.0,0.0,0.0,0.0,0.0,0.0,0,0,0.0,0,0,0,0.0,0.0,0.0,0.0,0.0,0.0,3,1,1.258154748740116,0,0,0,0.9009,0.3003,0.3778,0.0,0.0,0.0,3,1,1.258154748740116,0,0,0,0.9009,0.3003,0.3778,0.0,0.0,0.0,7.3,-0.908,13.1,-0.826,9.5,-0.853,6.2,-0.753,23.0,-0.752,45.6,-0.312,1.5,-1.27,19.0,-0.787,24.1,-0.753,6.2,-1.182,23.0,-0.666,45.6,-0.295,17.2,-0.765,22.6,-0.711,24.1,-0.699,11.7,-0.716,29.9,-0.636,47.1,-0.254,6.6,-0.97,23.4,-0.696,29.9,-0.657,11.7,-1.05,29.9,-0.51,47.1,-0.242,3.3,-1.025,9.9,-0.855,3.3,-0.965,11.3,-0.758,33.9,-0.583,48.9,-0.173,3.3,-1.873,9.9,-1.099,3.3,-1.351,11.3,-1.059,33.9,-0.483,48.9,-0.168,4.7,-0.94,11.7,-0.827,4.7,-0.872,14.6,-0.718,33.6,-0.568,46.7,-0.28,4.7,-2.153,11.7,-1.302,4.7,-1.658,14.6,-1.098,33.6,-0.47,46.7,-0.245,15.7,-0.84,21.9,-0.764,21.2,-0.792,9.5,-0.746,30.7,-0.627,48.9,-0.173,3.6,-1.063,31.4,-0.513,34.3,-0.485,9.5,-1.219,30.7,-0.565,48.9,-0.158,7.3,-1.269,19.3,-0.885,13.1,-0.959,7.7,-1.0,32.5,-0.624,48.5,-0.194,1.5,-1.111,21.9,-0.709,27.7,-0.682,7.7,-1.059,32.5,-0.601,48.5,-0.194
2wkew38juoofry6oo3t1vcwyd,E. Mahmutović,NAC Breda,Defender,4,0,0.8320577026516056,0,1,0,1.2287,0.0,0.2556,0.0,0.3072,0.0,3,0,0.4812848072263622,0,0,0,1.3823,0.0,0.2218,0.0,0.0,0.0,1,0,0.3507728954252435,0,1,0,0.9215,0.0,0.3232,0.0,0.9215,0.0,1,0,0.0701614016681653,0,0,0,0.9215,0.0,0.0647,0.0,0.0,0.0,3,0,0.7618963009834403,0,1,0,1.3823,0.0,0.351,0.0,0.4608,0.0,4,0,0.8320577026516056,0,1,0,1.2287,0.0,0.2556,0.0,0.3072,0.0,10.9,-0.872,4.4,-0.92,5.1,-0.896,6.2,-0.753,57.7,-0.116,45.6,-0.312,19.7,-0.837,4.4,-1.483,5.8,-1.093,6.2,-1.182,92.7,1.454,45.6,-0.295,17.2,-0.765,8.0,-0.878,9.5,-0.84,11.7,-0.716,29.9,-0.636,47.1,-0.254,39.4,-0.459,8.0,-1.325,8.0,-1.072,11.7,-1.05,29.9,-0.51,47.1,-0.242,8.0,-0.948,9.9,-0.855,10.9,-0.891,11.3,-0.758,78.8,0.645,48.9,-0.173,11.7,-0.893,9.9,-1.099,28.5,-0.63,11.3,-1.059,99.3,5.463,48.9,-0.168,10.9,-0.869,11.7,-0.827,9.5,-0.858,14.6,-0.718,33.6,-0.568,46.7,-0.28,13.9,-0.662,11.7,-1.302,9.5,-1.407,14.6,-1.098,33.6,-0.47,46.7,-0.245,15.7,-0.84,7.3,-0.94,10.9,-0.89,9.5,-0.746,72.3,0.306,48.9,-0.173,48.5,-0.118,7.3,-1.292,28.5,-0.574,9.5,-1.219,96.7,2.686,48.9,-0.158,10.9,-1.061,5.5,-1.295,5.8,-1.177,7.7,-1.0,78.8,0.712,48.5,-0.194,21.9,-0.727,5.5,-1.315,11.7,-0.991,7.7,-1.059,89.8,1.26,48.5,-0.194
2wkkk6gwgpyozr60341o90y6s,I. Ahmed,SC Heerenveen,Forward,1,0,0.6359633880312957,0,0,0,0.9278,0.0,0.5901,0.0,0.0,0.0,1,0,0.6359633880312957,0,0,0,0.9278,0.0,0.5901,0.0,0.0,0.0,0,0,0.0,0,0,0,0.0,0.0,0.0,0.0,0.0,0.0,0,0,0.0,0,0,0,0.0,0.0,0.0,0.0,0.0,0.0,1,0,0.6359633880312957,0,0,0,0.9278,0.0,0.5901,0.0,0.0,0.0,1,0,0.6359633880312957,0,0,0,0.9278,0.0,0.5901,0.0,0.0,0.0,6.3,-0.725,7.0,-0.676,10.1,-0.69,13.9,-0.568,15.8,-0.725,50.0,-0.113,8.2,-0.868,7.0,-1.305,43.0,-0.247,13.9,-0.862,15.8,-0.821,50.0,-0.113,15.8,-0.643,13.3,-0.612,21.5,-0.599,19.0,-0.545,24.1,-0.719,50.6,0.0,23.4,-0.576,13.3,-1.087,50.6,-0.137,19.0,-0.853,24.1,-0.696,50.6,0.0,5.7,-0.805,13.9,-0.728,5.7,-0.781,25.3,-0.542,21.5,-0.595,50.0,-0.113,5.7,-1.725,13.9,-1.082,5.7,-1.519,25.3,-0.68,21.5,-0.705,50.0,-0.113,10.8,-0.641,17.1,-0.59,10.8,-0.673,25.3,-0.464,30.4,-0.604,50.6,0.0,10.8,-1.614,17.1,-1.018,10.8,-1.391,25.3,-0.764,30.4,-0.478,50.6,0.0,10.8,-0.774,12.0,-0.724,16.5,-0.679,18.4,-0.628,21.5,-0.649,50.0,-0.113,17.1,-0.595,12.0,-1.302,58.2,0.229,18.4,-0.805,21.5,-0.706,50.0,-0.113,6.3,-1.026,10.8,-1.005,10.1,-0.992,20.9,-0.547,24.1,-0.712,50.6,0.0,12.0,-0.603,10.8,-1.081,55.7,-0.184,20.9,-0.595,24.1,-0.745,50.6,0.0
2yc1t7u26zctwjizi283g6q6s,P. Wanner,PSV Eindhoven,Midfielder,36,23,20.51568941942708,8,1,0,1.8875,1.2059,1.0757,0.4194,0.0524,0.0,14,10,7.846659096138351,3,0,0,1.6516,1.1797,0.9257,0.3539,0.0,0.0,22,13,12.66903032328872,5,1,0,2.0763,1.2269,1.1956,0.4719,0.0944,0.0,16,8,8.51147038922658,3,1,0,1.3727,0.6864,0.7303,0.2574,0.0858,0.0,20,15,12.0042190302005,5,0,0,1.1797,0.8848,0.7081,0.2949,0.0,0.0,10,7,5.893244467726667,1,1,0,1.8875,1.3213,1.1124,0.1888,0.1888,0.0,58.7,-0.025,75.0,0.458,69.2,0.32,47.6,-0.374,64.7,0.033,46.2,-0.298,46.6,-0.221,77.4,0.66,74.0,0.477,29.8,-0.605,61.5,-0.154,46.2,-0.273,49.3,-0.297,68.3,0.158,58.2,-0.065,41.8,-0.498,33.7,-0.532,48.6,-0.186,36.5,-0.375,68.8,0.518,57.7,0.108,30.3,-0.638,33.7,-0.441,48.6,-0.162,71.4,0.294,81.2,0.778,81.7,0.744,58.2,-0.203,81.5,0.782,47.8,-0.224,60.6,0.147,83.7,0.764,82.2,0.849,41.3,-0.426,81.7,0.217,47.8,-0.216,61.5,-0.049,67.3,0.09,69.2,0.159,48.6,-0.38,80.8,0.604,48.8,-0.172,37.5,-0.144,60.1,0.233,63.5,0.308,36.5,-0.553,83.7,0.26,48.8,-0.128,59.9,0.003,80.5,0.806,72.6,0.474,48.1,-0.339,33.4,-0.57,47.6,-0.236,27.4,-0.673,75.0,0.541,55.8,0.161,29.3,-0.656,33.4,-0.387,47.6,-0.219,55.5,-0.039,80.8,0.862,72.1,0.568,23.8,-0.801,82.9,0.847,48.8,-0.172,54.3,-0.17,82.7,0.765,70.2,0.488,26.4,-0.858,90.9,0.584,48.8,-0.172
2yivr64anye4c0p62m16l78yc,S. Ouaissa,Nijmegen Eendracht Combinatie,Midfielder,120,53,48.50044719881133,66,1,1,3.6676,1.6199,1.4823,2.0172,0.0306,0.0306,67,31,25.81335549365014,40,0,0,3.8395,1.7765,1.4793,2.2923,0.0,0.0,53,22,22.6870917051612,26,1,1,3.4711,1.4409,1.4859,1.7028,0.0655,0.0655,61,32,27.04928322088328,32,1,1,2.0715,1.0867,0.9186,1.0867,0.034,0.034,59,21,21.45116397792805,34,0,0,2.5761,0.9169,0.9366,1.4845,0.0,0.0,24,7,8.807467447921969,15,0,0,4.4011,1.2837,1.6151,2.7507,0.0,0.0,96.4,2.412,96.9,2.392,96.2,2.204,98.1,2.644,64.7,0.033,96.2,3.344,95.7,1.847,93.3,1.454,92.3,1.463,94.2,1.706,51.0,-0.295,94.2,1.963,96.9,2.488,97.8,2.541,95.2,2.125,98.6,2.949,33.7,-0.532,48.6,-0.186,94.2,1.559,92.3,1.52,85.6,1.166,95.2,1.704,33.7,-0.441,48.6,-0.162,97.1,2.194,95.2,2.005,96.6,2.153,96.9,2.112,81.5,0.782,97.8,4.439,94.2,1.705,90.9,1.145,94.2,1.518,91.8,1.461,74.0,0.03,95.7,3.106,96.9,2.379,98.8,2.888,96.6,2.457,97.1,2.487,80.8,0.604,98.8,5.788,82.7,0.775,89.9,1.146,83.2,0.829,81.7,0.808,70.7,-0.138,97.6,1.75,96.2,2.28,90.4,1.569,93.8,1.763,98.1,2.6,33.4,-0.57,47.6,-0.236,94.7,1.776,76.9,0.618,88.0,0.97,94.2,1.634,33.4,-0.387,47.6,-0.219,97.6,2.421,80.8,0.862,91.3,1.653,99.0,2.803,36.3,-0.519,48.8,-0.172,96.6,2.463,76.0,0.702,89.9,1.537,99.0,2.706,36.3,-0.47,48.8,-0.172
2zkaf848fjcdhuii8783pkm7e,Y. Regeer,AFC Ajax,Midfielder,23,13,10.43033389919184,9,1,0,1.5116,0.8544,0.6855,0.5915,0.0657,0.0,8,4,3.437568881942206,4,0,0,1.0515,0.5258,0.4518,0.5258,0.0,0.0,15,9,6.992765017249639,5,1,0,1.9717,1.183,0.9192,0.6572,0.1314,0.0,11,6,4.287601663284828,5,1,0,1.4459,0.7887,0.5636,0.6572,0.1314,0.0,12,7,6.142732235907016,4,0,0,1.1041,0.6441,0.5652,0.368,0.0,0.0,5,3,2.399389980969885,1,1,0,0.9201,0.5521,0.4415,0.184,0.184,0.0,45.2,-0.402,53.6,-0.187,47.1,-0.359,50.7,-0.322,64.7,0.033,46.2,-0.298,27.9,-0.658,54.3,-0.014,36.5,-0.468,41.3,-0.356,67.8,-0.067,46.2,-0.273,35.3,-0.612,41.3,-0.523,36.1,-0.602,45.9,-0.404,33.7,-0.532,48.6,-0.186,16.8,-0.906,31.5,-0.579,24.5,-0.797,39.9,-0.43,33.7,-0.441,48.6,-0.162,55.3,-0.136,67.5,0.233,61.5,-0.055,58.2,-0.203,81.5,0.782,47.8,-0.224,54.8,0.03,81.2,0.686,65.9,0.211,56.2,-0.142,85.3,0.455,47.8,-0.216,51.0,-0.319,57.7,-0.144,50.5,-0.364,59.6,-0.182,80.8,0.604,48.8,-0.172,43.8,-0.048,69.2,0.466,38.9,-0.153,62.0,0.103,87.0,0.611,48.8,-0.128,40.6,-0.464,51.7,-0.212,46.6,-0.326,43.0,-0.44,33.4,-0.57,47.6,-0.236,21.2,-0.805,49.0,-0.037,39.9,-0.345,36.5,-0.515,33.4,-0.387,47.6,-0.219,16.3,-0.917,38.0,-0.449,23.6,-0.732,23.8,-0.801,82.9,0.847,48.8,-0.172,2.9,-1.183,31.0,-0.534,16.8,-0.913,18.3,-0.865,73.8,0.557,48.8,-0.172
2zwe056wfzof0v5jv01dv9uc5,A. Hrustić,Heracles Almelo,Midfielder,100,30,42.98700970309265,44,1,0,3.5878,1.0763,1.5423,1.5786,0.0359,0.0,58,17,25.26795519139995,28,0,0,3.8645,1.1327,1.6836,1.8656,0.0,0.0,42,13,17.7190545116927,16,1,0,3.2649,1.0106,1.3774,1.2438,0.0777,0.0,40,11,17.84049463448289,18,0,0,1.8656,0.5131,0.8321,0.8395,0.0,0.0,60,19,25.14651506860976,26,1,0,2.6652,0.844,1.117,1.1549,0.0444,0.0,20,10,10.11787854484309,9,0,0,3.7313,1.8656,1.8876,1.6791,0.0,0.0,94.7,1.832,83.7,0.909,91.8,1.833,94.0,1.499,64.7,0.033,46.2,-0.298,94.2,1.755,70.7,0.411,93.3,1.608,85.6,1.072,54.3,-0.261,46.2,-0.273,94.7,2.015,84.9,0.952,93.8,2.058,95.2,1.831,33.7,-0.532,48.6,-0.186,94.7,1.581,65.9,0.439,93.8,1.556,87.0,1.189,33.7,-0.441,48.6,-0.162,90.4,1.52,81.2,0.778,90.9,1.454,87.5,1.01,81.5,0.782,47.8,-0.224,93.3,1.474,67.3,0.379,90.9,1.268,79.8,0.757,76.9,0.109,47.8,-0.216,90.6,1.246,77.4,0.439,89.4,1.316,90.6,1.103,34.9,-0.508,48.8,-0.172,72.6,0.504,42.8,-0.162,77.9,0.589,68.8,0.403,34.9,-0.4,48.8,-0.128,96.6,2.338,88.5,1.314,95.7,2.268,95.0,1.789,78.6,0.582,47.6,-0.236,96.6,1.933,68.3,0.443,94.7,1.608,86.1,1.0,69.7,-0.093,47.6,-0.219,94.7,1.718,94.7,1.844,97.1,2.141,88.0,1.259,36.3,-0.519,48.8,-0.172,94.7,1.761,94.2,1.685,96.6,2.106,87.5,1.215,36.3,-0.47,48.8,-0.172
30oqkmhal9o3ktfnt06u17spg,L. Tunjić,Fortuna Sittard,Midfielder,10,3,3.351580644103151,6,0,0,1.1516,0.3455,0.386,0.691,0.0,0.0,6,2,2.022208865367083,4,0,0,1.1056,0.3685,0.3726,0.737,0.0,0.0,4,1,1.329371778736069,2,0,0,1.2284,0.3071,0.4083,0.6142,0.0,0.0,1,0,0.4028354276892023,0,0,0,0.9213,0.0,0.3711,0.0,0.0,0.0,9,3,2.948745216413949,6,0,0,1.1845,0.3948,0.3881,0.7897,0.0,0.0,7,2,2.086912784209893,5,0,0,1.2898,0.3685,0.3845,0.9213,0.0,0.0,23.3,-0.779,21.9,-0.832,22.1,-0.835,39.9,-0.478,25.0,-0.653,46.2,-0.298,13.0,-1.077,14.4,-0.991,8.2,-1.194,51.9,-0.212,25.0,-0.494,46.2,-0.273,29.3,-0.717,29.8,-0.749,27.4,-0.775,45.9,-0.404,33.7,-0.532,48.6,-0.186,19.2,-0.858,20.7,-0.843,16.8,-0.948,51.9,-0.175,33.7,-0.441,48.6,-0.162,20.0,-0.81,18.0,-0.858,15.9,-0.851,33.9,-0.534,35.1,-0.551,47.8,-0.224,19.7,-0.8,15.9,-0.873,13.5,-0.967,51.0,-0.208,35.1,-0.393,47.8,-0.216,15.1,-0.858,11.3,-0.843,16.8,-0.846,13.9,-0.676,34.9,-0.508,48.8,-0.172,14.4,-0.737,11.3,-1.333,22.6,-0.685,13.9,-0.976,34.9,-0.4,48.8,-0.128,32.9,-0.639,29.3,-0.721,28.4,-0.762,53.4,-0.237,33.4,-0.57,47.6,-0.236,28.8,-0.664,22.6,-0.635,13.9,-0.971,64.4,0.297,33.4,-0.387,47.6,-0.219,31.2,-0.566,24.8,-0.777,19.2,-0.848,68.0,0.229,36.3,-0.519,48.8,-0.172,22.1,-0.796,15.4,-0.844,13.0,-1.032,60.6,0.161,36.3,-0.47,48.8,-0.172
30t0ph1icrggc0x62om801ses,G. de Regt,SBV Excelsior,Midfielder,96,29,29.10726507191982,72,1,1,2.7082,0.8181,0.8211,2.0311,0.0282,0.0282,49,15,14.91324481689655,39,1,1,2.851,0.8728,0.8677,2.2692,0.0582,0.0582,47,14,14.19402025502326,33,0,0,2.5738,0.7667,0.7773,1.8071,0.0,0.0,58,17,17.12958125958354,46,1,0,1.9998,0.5861,0.5906,1.586,0.0345,0.0,38,12,11.97768381233628,26,0,1,1.608,0.5078,0.5068,1.1002,0.0,0.0423,15,3,3.994601305499055,9,1,0,2.7928,0.5586,0.7437,1.6757,0.1862,0.0,93.5,1.716,82.2,0.845,83.7,0.899,98.6,2.956,64.7,0.033,96.2,3.344,79.8,0.732,50.0,-0.084,49.0,-0.139,94.7,1.727,50.2,-0.311,92.8,1.787,92.8,1.542,80.5,0.725,82.2,0.796,97.8,2.856,78.1,0.456,98.6,5.346,76.9,0.685,51.9,0.003,53.4,-0.002,94.2,1.676,67.8,-0.119,98.1,2.614,95.7,1.826,82.9,0.915,84.1,0.958,98.8,2.884,35.1,-0.551,47.8,-0.224,81.2,0.703,50.0,-0.055,47.8,-0.116,93.3,1.621,35.1,-0.393,47.8,-0.216,95.4,2.217,86.8,1.139,88.0,1.228,98.6,3.871,80.8,0.604,48.8,-0.172,81.7,0.68,47.1,0.004,44.7,-0.078,93.3,1.628,71.2,-0.135,48.8,-0.128,86.5,1.054,71.9,0.424,72.1,0.47,95.0,1.789,33.4,-0.57,97.6,4.222,62.0,0.078,33.7,-0.364,27.9,-0.551,84.1,0.894,33.4,-0.387,96.2,2.703,81.2,0.839,38.0,-0.449,54.8,-0.138,88.0,1.259,82.9,0.847,48.8,-0.172,81.7,0.778,37.5,-0.523,49.0,-0.282,87.0,1.211,81.7,0.57,48.8,-0.172
32ko5zzk7805mp4q4n3iwiihg,K. Shiogai,Nijmegen Eendracht Combinatie,Forward,4,1,1.178165393160642,2,0,0,1.2121,0.303,0.357,0.6061,0.0,0.0,1,1,0.6754121495587669,0,0,0,0.9091,0.9091,0.614,0.0,0.0,0.0,3,0,0.5027532436018745,2,0,0,1.3636,0.0,0.2285,0.9091,0.0,0.0,1,0,0.2562621023728594,1,0,0,0.9091,0.0,0.233,0.9091,0.0,0.0,3,1,0.921903290787782,1,0,0,0.9091,0.303,0.2794,0.303,0.0,0.0,4,1,1.178165393160641,2,0,0,1.2121,0.303,0.357,0.6061,0.0,0.0,22.8,-0.611,19.6,-0.597,17.7,-0.646,54.4,-0.366,15.8,-0.725,50.0,-0.113,35.4,-0.444,22.8,-0.665,17.7,-0.877,75.9,0.52,15.8,-0.821,50.0,-0.113,15.8,-0.643,34.8,-0.485,24.1,-0.594,19.0,-0.545,24.1,-0.719,50.6,0.0,11.4,-0.597,74.7,0.527,54.4,-0.087,19.0,-0.853,24.1,-0.696,50.6,0.0,29.1,-0.55,13.9,-0.728,17.7,-0.688,67.7,-0.149,21.5,-0.595,50.0,-0.113,55.7,-0.013,13.9,-1.082,16.5,-0.95,87.3,1.121,21.5,-0.705,50.0,-0.113,25.3,-0.567,17.1,-0.59,25.3,-0.628,60.1,-0.286,30.4,-0.604,50.6,0.0,22.8,-0.204,17.1,-1.018,27.8,-0.732,89.9,1.977,30.4,-0.478,50.6,0.0,25.3,-0.626,29.1,-0.578,22.8,-0.636,45.6,-0.42,21.5,-0.649,50.0,-0.113,6.3,-0.634,31.6,-0.451,15.2,-0.867,60.8,-0.001,21.5,-0.706,50.0,-0.113,22.8,-0.529,29.1,-0.637,20.3,-0.778,73.4,0.018,24.1,-0.712,50.6,0.0,43.0,-0.317,30.4,-0.522,19.0,-0.706,78.5,0.301,24.1,-0.745,50.6,0.0
33yauarx84sam5u05vgyqxfxl,J. Karlsson,FC Utrecht,Midfielder,29,10,11.8469855840375,18,0,0,2.3967,0.8264,0.9791,1.4876,0.0,0.0,21,8,8.671939833162986,14,0,0,3.1818,1.2121,1.3139,2.1212,0.0,0.0,8,2,3.175045750874514,4,0,0,1.4545,0.3636,0.5773,0.7273,0.0,0.0,17,7,7.864769517670497,10,0,0,3.0909,1.2727,1.43,1.8182,0.0,0.0,12,3,3.982216066367003,8,0,0,1.8182,0.4545,0.6034,1.2121,0.0,0.0,17,7,6.840474761698137,12,0,0,3.0909,1.2727,1.2437,2.1818,0.0,0.0,52.4,-0.228,46.4,-0.38,51.9,-0.263,72.6,0.147,25.0,-0.653,46.2,-0.298,70.2,0.37,51.4,-0.068,67.3,0.243,84.6,0.94,25.0,-0.494,46.2,-0.273,62.7,0.071,58.2,-0.069,63.0,0.036,80.5,0.527,33.7,-0.532,48.6,-0.186,83.2,0.978,71.2,0.573,79.3,0.85,90.9,1.498,33.7,-0.441,48.6,-0.162,37.3,-0.565,27.6,-0.722,36.5,-0.592,52.6,-0.313,35.1,-0.551,47.8,-0.224,30.5,-0.547,20.2,-0.772,30.3,-0.577,58.7,-0.035,35.1,-0.393,47.8,-0.216,63.2,0.005,62.5,-0.027,66.8,0.079,76.7,0.312,34.9,-0.508,48.8,-0.172,97.6,2.114,93.3,1.571,97.6,2.243,94.7,2.009,34.9,-0.4,48.8,-0.128,40.6,-0.464,29.3,-0.721,36.1,-0.621,65.1,-0.035,33.4,-0.57,47.6,-0.236,70.2,0.447,25.5,-0.492,46.2,-0.209,88.0,1.11,33.4,-0.387,47.6,-0.219,86.1,1.191,80.8,0.862,83.7,0.921,95.7,2.031,36.3,-0.519,48.8,-0.172,84.6,1.091,75.0,0.683,81.7,0.762,94.7,1.915,36.3,-0.47,48.8,-0.172
34258m1cvslz8r6d17nv4b90q,S. van Ottele,Fortuna Sittard,Defender,13,5,3.13391271559865,2,0,0,1.3292,0.5112,0.3204,0.2045,0.0,0.0,8,2,1.76333621739223,1,0,0,1.227,0.3067,0.2705,0.1534,0.0,0.0,5,3,1.37057649820642,1,0,0,1.5337,0.9202,0.4204,0.3067,0.0,0.0,5,3,1.31359950043781,0,0,0,1.1503,0.6902,0.3022,0.0,0.0,0.0,8,2,1.82031321516084,2,0,0,1.227,0.3067,0.2792,0.3067,0.0,0.0,8,3,1.759912441686801,2,0,0,1.4724,0.5521,0.3239,0.3681,0.0,0.0,35.4,-0.546,44.9,-0.452,29.2,-0.663,28.1,-0.642,23.0,-0.752,45.6,-0.312,29.2,-0.705,46.0,-0.298,14.6,-0.913,23.4,-0.885,23.0,-0.666,45.6,-0.295,42.0,-0.441,36.9,-0.544,31.4,-0.607,30.3,-0.616,29.9,-0.636,47.1,-0.254,27.0,-0.624,24.8,-0.682,13.9,-0.942,25.5,-0.848,29.9,-0.51,47.1,-0.242,31.4,-0.64,53.6,-0.295,29.2,-0.676,28.8,-0.641,33.9,-0.583,48.9,-0.173,45.3,-0.243,73.7,0.635,36.5,-0.413,36.5,-0.646,33.9,-0.483,48.9,-0.168,31.8,-0.586,54.4,-0.276,29.2,-0.612,14.6,-0.718,33.6,-0.568,46.7,-0.28,35.8,-0.292,78.1,0.808,32.8,-0.485,14.6,-1.098,33.6,-0.47,46.7,-0.245,40.1,-0.484,36.1,-0.588,31.4,-0.681,36.9,-0.541,30.7,-0.627,48.9,-0.173,32.8,-0.423,34.3,-0.496,15.3,-0.815,33.6,-0.606,30.7,-0.565,48.9,-0.158,47.8,-0.229,55.8,-0.066,26.3,-0.702,41.2,-0.513,32.5,-0.624,48.5,-0.194,40.1,-0.442,45.3,-0.202,18.2,-0.818,32.1,-0.584,32.5,-0.601,48.5,-0.194
35qg0rrwtl00pycx468s62m3u,K. Taylor,AFC Ajax,Midfielder,42,25,23.86190565241904,9,0,1,2.5873,1.54,1.4699,0.5544,0.0,0.0616,24,16,13.94044214873706,5,0,0,2.7721,1.848,1.6102,0.5775,0.0,0.0,18,9,9.921463503681982,4,0,1,2.3761,1.188,1.3097,0.528,0.0,0.132,20,9,10.88975269556365,5,0,1,1.848,0.8316,1.0062,0.462,0.0,0.0924,22,16,12.97215295685539,4,0,0,1.5637,1.1373,0.922,0.2843,0.0,0.0,15,8,9.056103422286464,4,0,0,2.7721,1.4784,1.6736,0.7392,0.0,0.0,67.3,0.149,77.6,0.587,77.4,0.545,50.7,-0.322,25.0,-0.653,96.2,3.344,76.9,0.592,89.9,1.301,91.3,1.432,39.9,-0.41,25.0,-0.494,98.6,4.227,68.5,0.229,83.4,0.839,80.8,0.678,49.5,-0.311,33.7,-0.532,48.6,-0.186,74.8,0.615,94.2,1.64,91.3,1.416,42.8,-0.368,33.7,-0.441,48.6,-0.162,62.3,0.048,67.5,0.233,72.1,0.357,52.6,-0.313,35.1,-0.551,97.8,4.439,71.6,0.482,82.2,0.695,88.9,1.112,42.3,-0.34,35.1,-0.393,99.5,6.479,66.3,0.167,71.9,0.206,75.5,0.454,59.6,-0.182,34.9,-0.508,98.8,5.788,68.3,0.481,71.6,0.564,86.5,1.071,50.5,-0.217,34.9,-0.4,99.5,4.976,64.2,0.12,82.5,0.933,75.0,0.606,43.0,-0.44,33.4,-0.57,47.6,-0.236,59.6,0.001,94.2,1.146,87.0,0.918,27.4,-0.676,33.4,-0.387,47.6,-0.219,81.2,0.839,87.7,1.189,94.7,1.746,60.1,-0.028,36.3,-0.519,48.8,-0.172,80.8,0.757,84.9,1.031,93.8,1.659,52.9,-0.092,36.3,-0.47,48.8,-0.172
36veg0wk1z3om89daf0clbl5h,R. van Wolfswinkel,FC Twente,Forward,23,10,12.54385835079077,4,2,0,1.5248,0.663,0.8316,0.2652,0.1326,0.0,12,6,7.299870697239123,2,1,0,1.5911,0.7956,0.9679,0.2652,0.1326,0.0,11,4,5.243987653551645,2,1,0,1.4585,0.5304,0.6953,0.2652,0.1326,0.0,10,3,5.46699455179407,2,0,0,1.3259,0.3978,0.7249,0.2652,0.0,0.0,13,7,7.076863798996698,2,2,0,1.2066,0.6497,0.6568,0.1856,0.1856,0.0,7,3,3.17166188447838,1,1,0,1.2994,0.5569,0.5888,0.1856,0.1856,0.0,75.3,0.111,75.3,0.115,77.2,0.278,69.0,-0.164,61.4,-0.116,50.0,-0.113,64.6,0.023,60.8,0.096,78.5,0.405,54.4,-0.257,45.6,-0.351,50.0,-0.113,72.8,0.092,75.9,0.151,78.5,0.335,67.1,-0.164,61.4,-0.095,50.6,0.0,65.8,0.169,70.9,0.325,81.0,0.66,51.9,-0.237,60.8,-0.25,50.6,0.0,72.2,0.131,69.6,0.052,77.2,0.191,67.7,-0.149,61.4,-0.11,50.0,-0.113,63.3,0.106,54.4,-0.003,65.8,0.213,63.3,-0.155,54.4,-0.308,50.0,-0.113,76.6,0.102,69.0,-0.098,79.7,0.274,74.7,-0.108,30.4,-0.604,50.6,0.0,68.4,0.442,49.4,-0.124,78.5,0.658,63.3,0.036,30.4,-0.478,50.6,0.0,72.2,0.115,80.4,0.3,79.7,0.271,62.7,-0.211,74.1,0.14,50.0,-0.113,55.7,-0.019,73.4,0.524,72.2,0.464,51.3,-0.312,63.3,-0.132,50.0,-0.113,60.8,-0.031,64.6,0.098,62.0,0.009,54.4,-0.264,62.7,-0.034,50.6,0.0,54.4,-0.229,55.7,-0.054,54.4,-0.187,53.8,-0.32,58.9,-0.13,50.6,0.0
37c696bwovmn1x8lc8z4wp53o,C. Valerius,NAC Breda,Defender,60,26,21.82245942174248,35,3,0,2.6332,1.141,0.9577,1.536,0.1317,0.0,36,21,14.6890568455829,24,0,0,3.3178,1.9354,1.3538,2.2119,0.0,0.0,24,5,7.133402576159579,11,3,0,2.0108,0.4189,0.5977,0.9216,0.2513,0.0,28,10,8.858246577630513,19,1,0,2.1504,0.768,0.6803,1.4592,0.0768,0.0,32,16,12.96421284411197,16,2,0,1.8432,0.9216,0.7467,0.9216,0.1152,0.0,17,7,5.72845605546163,13,0,0,3.1335,1.2903,1.0559,2.3962,0.0,0.0,87.6,1.153,89.8,1.51,88.3,1.226,88.7,1.187,89.1,1.156,45.6,-0.312,83.2,1.014,90.5,1.162,85.4,0.859,85.4,1.05,73.7,0.243,45.6,-0.295,89.8,1.377,97.8,2.63,91.2,1.738,94.2,1.688,29.9,-0.636,47.1,-0.254,91.2,1.592,99.3,2.732,97.8,1.94,93.4,1.862,29.9,-0.51,47.1,-0.242,84.7,0.822,69.0,0.078,78.1,0.537,79.2,0.539,98.2,3.102,48.9,-0.173,68.6,0.264,40.9,-0.31,55.5,-0.017,59.1,0.181,91.2,1.138,48.9,-0.168,87.2,1.039,88.0,1.009,86.1,0.879,90.9,1.452,78.1,0.543,46.7,-0.28,93.4,1.327,83.9,1.046,86.1,0.983,95.6,1.737,76.6,0.133,46.7,-0.245,89.4,1.222,93.1,1.879,89.8,1.511,86.5,0.891,88.7,1.24,48.9,-0.173,83.9,0.788,90.5,1.1,83.9,0.749,70.1,0.624,75.2,0.248,48.9,-0.158,93.1,1.642,93.4,1.573,89.8,1.332,96.7,2.17,32.5,-0.624,48.5,-0.194,90.5,1.5,91.2,1.286,86.9,1.028,94.9,2.035,32.5,-0.601,48.5,-0.194
3aly8eihwfvtwde7dg0k18w7o,J. Schreuders,FC Groningen,Midfielder,64,30,29.25036083062185,27,0,0,1.9858,0.9309,0.9076,0.8378,0.0,0.0,26,10,9.81828243738408,14,0,0,1.7287,0.6649,0.6528,0.9309,0.0,0.0,38,20,19.43207839323777,13,0,0,2.2108,1.1636,1.1305,0.7563,0.0,0.0,22,7,8.159228615795579,14,0,0,1.2046,0.3833,0.4468,0.7666,0.0,0.0,42,23,21.09113221482627,13,0,0,1.8617,1.0195,0.9349,0.5762,0.0,0.0,8,3,3.516792124491891,3,0,0,1.4894,0.5585,0.6547,0.5585,0.0,0.0,82.2,0.787,83.7,0.909,84.6,0.908,81.2,0.615,25.0,-0.653,46.2,-0.298,51.9,-0.107,61.5,0.132,58.7,0.07,57.7,0.0,25.0,-0.494,46.2,-0.273,71.6,0.334,68.3,0.158,67.8,0.175,80.5,0.527,33.7,-0.532,48.6,-0.186,40.4,-0.307,42.8,-0.346,36.5,-0.413,61.8,0.059,33.7,-0.441,48.6,-0.162,89.4,1.275,92.5,1.733,92.3,1.695,83.7,0.679,35.1,-0.551,47.8,-0.224,65.4,0.297,77.9,0.652,78.8,0.699,60.1,0.01,35.1,-0.393,47.8,-0.216,68.8,0.275,62.5,-0.027,68.3,0.116,84.9,0.708,34.9,-0.508,48.8,-0.172,29.8,-0.365,32.2,-0.458,27.4,-0.476,66.3,0.283,34.9,-0.4,48.8,-0.128,89.7,1.287,94.0,1.823,93.3,1.714,79.1,0.472,33.4,-0.57,47.6,-0.236,75.0,0.523,88.0,0.864,87.5,0.964,51.9,-0.114,33.4,-0.387,47.6,-0.219,39.4,-0.39,38.0,-0.449,44.7,-0.316,50.2,-0.286,36.3,-0.519,48.8,-0.172,34.4,-0.587,37.0,-0.523,38.9,-0.468,45.9,-0.344,36.3,-0.47,48.8,-0.172
3c2wqlde0kovi9hii52egaimt,L. Holtby,NAC Breda,Midfielder,39,18,17.18200523960587,14,1,0,2.1133,0.9754,0.931,0.7586,0.0542,0.0,31,12,12.31633198857971,13,0,0,2.3797,0.9212,0.9455,0.998,0.0,0.0,8,6,4.865673251026165,1,1,0,1.4739,1.1054,0.8964,0.1842,0.1842,0.0,27,11,9.772599066813221,12,1,0,1.5545,0.6333,0.5626,0.6909,0.0576,0.0,12,7,7.409406172792653,2,0,0,1.3818,0.806,0.8532,0.2303,0.0,0.0,7,5,3.941946216574667,2,1,0,1.2897,0.9212,0.7263,0.3685,0.1842,0.0,62.5,0.062,66.6,0.135,65.4,0.096,62.7,-0.062,64.7,0.033,46.2,-0.298,58.2,0.041,65.9,0.218,60.6,0.127,55.8,-0.115,62.0,-0.142,46.2,-0.273,77.4,0.596,74.3,0.385,73.1,0.48,78.6,0.434,33.7,-0.532,48.6,-0.186,64.9,0.269,53.4,0.084,59.1,0.146,67.8,0.14,33.7,-0.441,48.6,-0.162,37.3,-0.565,56.7,-0.176,50.0,-0.354,22.6,-0.644,81.5,0.782,47.8,-0.224,31.7,-0.526,72.6,0.548,63.5,0.159,20.2,-0.868,89.4,0.796,47.8,-0.216,77.9,0.544,77.4,0.439,72.6,0.316,81.7,0.51,80.8,0.604,48.8,-0.172,51.4,0.095,53.4,0.112,38.5,-0.156,63.5,0.159,78.4,0.043,48.8,-0.128,40.6,-0.464,51.7,-0.212,55.3,-0.153,31.2,-0.642,33.4,-0.57,47.6,-0.236,43.8,-0.318,63.0,0.352,79.8,0.675,23.1,-0.78,33.4,-0.387,47.6,-0.219,31.2,-0.566,64.4,0.206,53.4,-0.158,38.2,-0.543,82.9,0.847,48.8,-0.172,21.6,-0.796,55.8,0.089,47.6,-0.318,30.8,-0.608,74.5,0.559,48.8,-0.172
3c3vzihvua5ap17aa27v1ve38,J. van den Berg,PSV Eindhoven,Midfielder,5,1,2.884609905372137,0,1,0,2.3987,0.4797,1.3839,0.0,0.4797,0.0,4,1,2.287948491632031,0,1,0,3.838,0.9595,2.1953,0.0,0.9595,0.0,1,0,0.5966614137401066,0,0,0,0.9595,0.0,0.5725,0.0,0.0,0.0,3,1,1.509100613185026,0,1,0,2.8785,0.9595,1.448,0.0,0.9595,0.0,2,0,1.375509292187112,0,0,0,0.9595,0.0,0.6599,0.0,0.0,0.0,5,1,2.884609905372137,0,1,0,2.3987,0.4797,1.3839,0.0,0.4797,0.0,14.7,-0.924,11.1,-0.961,19.7,-0.867,5.3,-0.79,64.7,0.033,46.2,-0.298,70.7,0.373,25.5,-0.733,86.1,1.224,5.3,-1.212,98.1,2.621,46.2,-0.273,22.4,-0.822,20.0,-0.863,29.8,-0.742,9.1,-0.777,78.1,0.456,48.6,-0.186,93.8,1.558,60.6,0.149,99.5,2.534,9.1,-1.066,99.5,4.872,48.6,-0.162,6.0,-0.994,6.7,-0.994,9.1,-0.954,8.2,-0.754,35.1,-0.551,47.8,-0.224,15.4,-1.1,6.7,-1.42,28.8,-0.589,8.2,-1.15,35.1,-0.393,47.8,-0.216,25.2,-0.75,28.4,-0.726,29.3,-0.709,13.9,-0.676,80.8,0.604,48.8,-0.172,96.6,1.835,83.2,0.856,98.6,2.292,13.9,-0.976,100.0,6.981,48.8,-0.128,9.9,-1.048,5.3,-1.103,14.4,-0.977,6.7,-0.845,33.4,-0.57,47.6,-0.236,15.9,-1.059,5.3,-1.582,51.9,-0.009,6.7,-1.224,33.4,-0.387,47.6,-0.219,16.3,-0.917,12.5,-1.104,34.1,-0.551,8.4,-1.058,82.9,0.847,48.8,-0.172,70.7,0.366,28.8,-0.657,85.6,1.055,8.4,-1.121,97.1,2.208,48.8,-0.172
3c4l2e3gzgpqrc2ygkbmp0jpx,V. Misidjan,Nijmegen Eendracht Combinatie,Midfielder,24,7,8.181134924440702,15,1,0,1.6975,0.4951,0.5786,1.0609,0.0707,0.0,9,3,2.090336099149493,6,1,0,1.655,0.5517,0.3844,1.1034,0.1839,0.0,15,4,6.090798825291209,9,0,0,1.724,0.4597,0.7,1.0344,0.0,0.0,10,2,3.237232594075336,5,1,0,2.2987,0.4597,0.7441,1.1493,0.2299,0.0,14,5,4.943902330365366,10,0,0,1.2873,0.4597,0.4546,0.9195,0.0,0.0,7,2,1.446915340550149,7,0,0,1.2873,0.3678,0.2661,1.2873,0.0,0.0,46.6,-0.373,38.2,-0.574,40.4,-0.51,66.1,-0.01,64.7,0.033,46.2,-0.298,36.5,-0.442,26.4,-0.704,23.6,-0.727,68.8,0.323,69.2,-0.035,46.2,-0.273,38.5,-0.56,35.8,-0.636,28.4,-0.766,53.6,-0.218,78.1,0.456,48.6,-0.186,37.0,-0.372,33.2,-0.536,19.2,-0.926,70.2,0.268,85.1,0.577,48.6,-0.162,55.3,-0.136,44.0,-0.449,55.3,-0.181,74.5,0.238,35.1,-0.551,47.8,-0.224,43.8,-0.246,24.0,-0.601,39.9,-0.294,73.1,0.436,35.1,-0.393,47.8,-0.216,48.1,-0.373,38.5,-0.61,45.2,-0.494,59.6,-0.182,80.8,0.604,48.8,-0.172,89.4,1.073,37.5,-0.284,66.3,0.346,84.6,0.911,92.3,1.369,48.8,-0.128,46.2,-0.348,42.8,-0.467,40.9,-0.49,70.2,0.168,33.4,-0.57,47.6,-0.236,35.1,-0.484,26.4,-0.479,20.7,-0.736,69.7,0.547,33.4,-0.387,47.6,-0.219,31.2,-0.566,24.8,-0.777,11.5,-1.087,77.6,0.744,36.3,-0.519,48.8,-0.172,20.7,-0.799,14.9,-0.846,3.8,-1.279,75.5,0.67,36.3,-0.47,48.8,-0.172
3dc82sro077by40u3qdmhw0r9,B. Ould-Chikh,FC Volendam,Midfielder,39,21,14.45529084756865,25,0,0,3.631,1.9552,1.3458,2.3276,0.0,0.0,27,14,9.82139781732334,18,0,0,5.0276,2.6069,1.8288,3.3517,0.0,0.0,12,7,4.633893030245311,7,0,0,2.2345,1.3034,0.8629,1.3034,0.0,0.0,16,9,6.262677311902634,10,0,0,1.6552,0.931,0.6479,1.0345,0.0,0.0,23,12,8.192613535666016,15,0,0,3.0591,1.5961,1.0897,1.9951,0.0,0.0,19,14,7.860579955639823,11,0,0,3.5379,2.6069,1.4637,2.0483,0.0,0.0,62.5,0.062,71.9,0.329,57.2,-0.088,79.8,0.511,25.0,-0.653,46.2,-0.298,95.2,1.805,98.6,2.097,85.1,1.132,98.1,2.156,25.0,-0.494,46.2,-0.273,73.6,0.386,76.7,0.612,68.3,0.176,85.6,0.9,33.7,-0.532,48.6,-0.186,98.6,2.609,100.0,2.913,95.2,1.834,99.0,2.985,33.7,-0.441,48.6,-0.162,47.6,-0.32,61.1,-0.04,46.2,-0.386,67.3,0.017,35.1,-0.551,47.8,-0.224,67.3,0.324,88.5,0.9,59.6,0.081,81.7,0.849,35.1,-0.393,47.8,-0.216,61.5,-0.049,71.9,0.206,57.7,-0.119,76.7,0.312,34.9,-0.508,48.8,-0.172,60.1,0.227,78.4,0.791,52.4,0.08,79.3,0.723,34.9,-0.4,48.8,-0.128,67.1,0.178,71.9,0.424,58.2,-0.047,83.7,0.675,33.4,-0.57,47.6,-0.236,98.6,2.624,98.6,2.247,94.2,1.512,98.6,2.617,33.4,-0.387,47.6,-0.219,92.5,1.542,100.0,3.155,88.5,1.301,93.5,1.773,36.3,-0.519,48.8,-0.172,91.8,1.559,99.5,2.937,87.5,1.221,93.5,1.729,36.3,-0.47,48.8,-0.172
3dqdh4nu8tj264e1w3fec3bsa,Nigel Ogidi Nwankwo,SC Telstar,Midfielder,7,2,1.891097889996907,7,0,0,2.1538,0.6154,0.5819,2.1538,0.0,0.0,6,1,1.545546400424901,6,0,0,2.7692,0.4615,0.7133,2.7692,0.0,0.0,1,1,0.3455514895720057,1,0,0,0.9231,0.9231,0.319,0.9231,0.0,0.0,0,0,0.0,0,0,0,0.0,0.0,0.0,0.0,0.0,0.0,7,2,1.891097889996907,7,0,0,2.1538,0.6154,0.5819,2.1538,0.0,0.0,7,2,1.891097889996907,7,0,0,2.1538,0.6154,0.5819,2.1538,0.0,0.0,19.0,-0.866,17.5,-0.896,13.0,-0.934,44.0,-0.426,25.0,-0.653,46.2,-0.298,59.1,0.088,31.2,-0.473,24.5,-0.719,96.6,1.904,25.0,-0.494,46.2,-0.273,29.3,-0.717,20.0,-0.863,24.5,-0.833,53.6,-0.218,33.7,-0.532,48.6,-0.186,74.0,0.613,22.6,-0.687,42.8,-0.297,96.6,2.281,33.7,-0.441,48.6,-0.162,6.0,-0.994,18.0,-0.858,6.2,-0.99,22.6,-0.644,35.1,-0.551,47.8,-0.224,7.2,-1.141,59.6,0.224,10.1,-1.173,63.5,0.266,35.1,-0.393,47.8,-0.216,6.2,-0.912,11.3,-0.843,6.2,-0.896,13.9,-0.676,34.9,-0.508,48.8,-0.172,6.2,-1.947,11.3,-1.333,6.2,-1.711,13.9,-0.976,34.9,-0.4,48.8,-0.128,27.4,-0.756,23.1,-0.848,19.7,-0.907,59.1,-0.136,33.4,-0.57,47.6,-0.236,87.5,1.036,41.8,-0.106,41.8,-0.285,99.0,2.923,33.4,-0.387,47.6,-0.219,31.2,-0.566,24.8,-0.777,17.8,-0.921,77.6,0.744,36.3,-0.519,48.8,-0.172,63.9,0.109,40.9,-0.427,30.8,-0.62,94.2,1.876,36.3,-0.47,48.8,-0.172
3dx91sb6ktg8z1xmoti25kru,P. Koopmeiners,Alkmaar Zaanstreek,Midfielder,54,20,23.77115707146513,15,1,0,2.2896,0.848,1.0079,0.636,0.0424,0.0,29,10,12.6246056367663,7,1,0,2.7051,0.9328,1.1776,0.653,0.0933,0.0,25,10,11.14655143469883,8,0,0,1.9434,0.7773,0.8665,0.6219,0.0,0.0,24,7,9.845068330589449,7,1,0,1.4925,0.4353,0.6122,0.4353,0.0622,0.0,30,13,13.92608874087568,8,0,0,1.4729,0.6382,0.6837,0.3928,0.0,0.0,13,5,6.055417062725498,5,0,0,2.4253,0.9328,1.1297,0.9328,0.0,0.0,75.2,0.497,69.0,0.264,76.9,0.539,66.1,-0.01,64.7,0.033,46.2,-0.298,63.5,0.246,53.8,-0.027,69.7,0.313,47.1,-0.292,59.1,-0.219,46.2,-0.273,76.0,0.491,68.3,0.158,75.0,0.517,58.7,-0.125,78.1,0.456,48.6,-0.186,72.1,0.556,57.7,0.104,73.6,0.59,47.1,-0.277,73.6,0.075,48.6,-0.162,76.0,0.478,72.4,0.369,75.0,0.53,71.2,0.128,35.1,-0.551,47.8,-0.224,54.3,-0.001,51.4,-0.036,60.6,0.09,53.6,-0.196,35.1,-0.393,47.8,-0.216,72.1,0.383,62.5,-0.027,73.1,0.325,68.8,0.016,80.8,0.604,48.8,-0.172,46.6,0.014,35.6,-0.34,47.1,-0.019,48.6,-0.261,79.8,0.079,48.8,-0.128,75.7,0.587,75.7,0.551,78.8,0.736,65.1,-0.035,33.4,-0.57,47.6,-0.236,52.4,-0.159,48.1,-0.051,54.3,0.075,39.4,-0.467,33.4,-0.387,47.6,-0.219,73.6,0.488,64.4,0.206,74.0,0.629,68.0,0.229,36.3,-0.519,48.8,-0.172,73.6,0.393,61.5,0.109,73.6,0.524,64.9,0.177,36.3,-0.47,48.8,-0.172
3g0xd9rds9relghxanr1f5vc9,S. Sigurðarson,Go Ahead Eagles,Forward,2,0,0.8358340777390545,0,1,0,0.9431,0.0,0.3941,0.0,0.4716,0.0,0,0,0.0,0,0,0,0.0,0.0,0.0,0.0,0.0,0.0,2,0,0.8358340777390545,0,1,0,0.9431,0.0,0.3941,0.0,0.4716,0.0,0,0,0.0,0,0,0,0.0,0.0,0.0,0.0,0.0,0.0,2,0,0.8358340777390545,0,1,0,0.9431,0.0,0.3941,0.0,0.4716,0.0,2,0,0.8358340777390545,0,1,0,0.9431,0.0,0.3941,0.0,0.4716,0.0,15.8,-0.687,7.0,-0.676,15.2,-0.673,13.9,-0.568,43.0,-0.42,50.0,-0.113,17.7,-0.846,7.0,-1.305,21.5,-0.777,13.9,-0.862,84.8,0.848,50.0,-0.113,5.1,-0.71,13.3,-0.612,5.1,-0.688,19.0,-0.545,24.1,-0.719,50.6,0.0,5.1,-1.618,13.3,-1.087,5.1,-1.383,19.0,-0.853,24.1,-0.696,50.6,0.0,21.5,-0.635,13.9,-0.728,20.3,-0.626,25.3,-0.542,61.4,-0.11,50.0,-0.113,31.6,-0.541,13.9,-1.082,30.4,-0.537,25.3,-0.68,88.6,0.709,50.0,-0.113,10.8,-0.641,17.1,-0.59,10.8,-0.673,25.3,-0.464,30.4,-0.604,50.6,0.0,10.8,-1.614,17.1,-1.018,10.8,-1.391,25.3,-0.764,30.4,-0.478,50.6,0.0,20.3,-0.7,12.0,-0.724,21.5,-0.649,18.4,-0.628,54.4,-0.254,50.0,-0.113,34.2,-0.564,12.0,-1.302,35.4,-0.462,18.4,-0.805,83.5,0.754,50.0,-0.113,15.8,-0.86,10.8,-1.005,16.5,-0.913,20.9,-0.547,62.7,-0.034,50.6,0.0,24.1,-0.588,10.8,-1.081,25.9,-0.623,20.9,-0.595,82.3,0.817,50.6,0.0
3gczyjwrkpu7ht35di1g09s0k,E. Demircan,FC Utrecht,Midfielder,4,1,1.528272649978834,1,1,0,1.2224,0.3056,0.467,0.3056,0.3056,0.0,0,0,0.0,0,0,0,0.0,0.0,0.0,0.0,0.0,0.0,4,1,1.528272649978834,1,1,0,1.2224,0.3056,0.467,0.3056,0.3056,0.0,0,0,0.0,0,0,0,0.0,0.0,0.0,0.0,0.0,0.0,4,1,1.528272649978834,1,1,0,1.2224,0.3056,0.467,0.3056,0.3056,0.0,4,1,1.528272649978834,1,1,0,1.2224,0.3056,0.467,0.3056,0.3056,0.0,10.8,-0.953,11.1,-0.961,11.1,-0.958,14.7,-0.738,64.7,0.033,46.2,-0.298,15.9,-0.994,11.1,-1.067,16.3,-0.997,23.1,-0.77,95.2,1.491,46.2,-0.273,3.8,-1.033,7.0,-0.976,3.8,-1.021,9.1,-0.777,33.7,-0.532,48.6,-0.186,3.8,-1.835,7.0,-1.462,3.8,-1.66,9.1,-1.066,33.7,-0.441,48.6,-0.162,20.0,-0.81,18.0,-0.858,19.2,-0.823,22.6,-0.644,81.5,0.782,47.8,-0.224,19.2,-0.806,15.4,-0.876,17.3,-0.832,27.4,-0.681,95.2,1.579,47.8,-0.216,6.2,-0.912,11.3,-0.843,6.2,-0.896,13.9,-0.676,34.9,-0.508,48.8,-0.172,6.2,-1.947,11.3,-1.333,6.2,-1.711,13.9,-0.976,34.9,-0.4,48.8,-0.128,15.9,-0.931,14.9,-0.976,15.9,-0.956,20.0,-0.744,78.6,0.582,47.6,-0.236,31.7,-0.598,16.3,-0.849,23.6,-0.692,30.8,-0.635,96.2,1.636,47.6,-0.219,10.8,-1.093,12.5,-1.104,12.0,-1.056,23.8,-0.801,82.9,0.847,48.8,-0.172,19.2,-0.866,12.5,-0.951,19.2,-0.86,27.4,-0.696,91.3,1.236,48.8,-0.172
3hhca66jtxt3c1iw10nfmhtnu,D. Reiziger,SC Telstar,Goalkeeper,1,0,0.0854678058425914,0,0,0,0.8955,0.0,0.0765,0.0,0.0,0.0,0,0,0.0,0,0,0,0.0,0.0,0.0,0.0,0.0,0.0,1,0,0.0854678058425914,0,0,0,0.8955,0.0,0.0765,0.0,0.0,0.0,1,0,0.0854678058425914,0,0,0,0.8955,0.0,0.0765,0.0,0.0,0.0,0,0,0.0,0,0,0,0.0,0.0,0.0,0.0,0.0,0.0,1,0,0.0854678058425914,0,0,0,0.8955,0.0,0.0765,0.0,0.0,0.0,12.5,-0.919,25.0,-0.639,15.0,-0.566,45.0,-0.337,48.8,-0.214,51.2,0.0,2.5,-0.958,25.0,-0.769,25.0,-0.549,45.0,-0.279,48.8,-0.226,51.2,0.0,11.2,-0.86,30.0,-0.604,11.2,-0.567,45.0,-0.352,51.2,0.0,51.2,0.0,11.2,-1.569,30.0,-0.602,11.2,-0.847,45.0,-0.348,51.2,0.0,51.2,0.0,18.8,-0.921,30.0,-0.588,22.5,-0.554,48.8,-0.227,48.8,-0.214,51.2,0.0,12.5,-0.524,30.0,-0.668,37.5,-0.473,48.8,-0.193,48.8,-0.221,51.2,0.0,30.0,-0.742,28.7,-0.631,30.0,-0.565,47.5,-0.281,51.2,0.0,51.2,0.0,22.5,0.06,28.7,-0.627,42.5,-0.34,47.5,-0.267,51.2,0.0,51.2,0.0,5.0,-0.988,31.2,-0.567,5.0,-0.543,47.5,-0.259,48.8,-0.214,51.2,0.0,5.0,-2.841,31.2,-0.624,5.0,-0.853,47.5,-0.221,48.8,-0.226,51.2,0.0,12.5,-1.343,32.5,-0.628,15.0,-0.8,46.2,-0.294,50.0,-0.158,51.2,0.0,2.5,-0.849,32.5,-0.656,32.5,-0.6,46.2,-0.294,50.0,-0.158,51.2,0.0
3hu6e9wa0nt4ekubxye6l4pas,I. Yegoian,SBV Excelsior,Midfielder,54,28,26.96751034791053,22,2,0,1.9335,1.0025,0.9656,0.7877,0.0716,0.0,22,12,11.52585034482907,9,1,0,1.8619,1.0156,0.9754,0.7617,0.0846,0.0,32,16,15.44166000308147,13,1,0,1.986,0.993,0.9583,0.8068,0.0621,0.0,24,16,12.69671006349261,9,0,0,1.5959,1.0639,0.8443,0.5985,0.0,0.0,30,12,14.27080028441792,13,2,0,1.3299,0.532,0.6326,0.5763,0.0887,0.0,9,5,5.164887288767296,0,0,0,1.6757,0.9309,0.9616,0.0,0.0,0.0,75.2,0.497,81.2,0.78,80.8,0.754,79.1,0.355,84.9,0.719,46.2,-0.298,49.0,-0.168,68.3,0.27,65.4,0.211,57.2,-0.072,71.4,-0.029,46.2,-0.273,64.9,0.124,74.3,0.385,71.6,0.384,69.7,0.061,78.1,0.456,48.6,-0.186,49.0,-0.189,61.5,0.243,63.0,0.203,52.4,-0.145,72.8,0.027,48.6,-0.162,84.9,0.907,87.5,1.187,87.0,1.134,83.7,0.679,81.5,0.782,47.8,-0.224,55.3,0.046,66.8,0.348,69.7,0.301,62.0,0.087,73.6,0.008,47.8,-0.216,72.1,0.383,84.9,1.022,78.4,0.678,74.5,0.213,34.9,-0.508,48.8,-0.172,54.8,0.15,88.0,1.094,78.4,0.623,59.1,0.007,34.9,-0.4,48.8,-0.128,75.7,0.587,71.9,0.424,79.8,0.783,79.1,0.472,93.0,1.733,47.6,-0.236,39.9,-0.409,36.5,-0.306,49.5,-0.106,52.4,-0.114,78.8,0.2,47.6,-0.219,47.4,-0.215,64.4,0.206,65.9,0.297,8.4,-1.058,36.3,-0.519,48.8,-0.172,42.3,-0.392,59.9,0.106,62.0,0.173,8.4,-1.121,36.3,-0.47,48.8,-0.172
3jkzywsfc2vjq3h1kqdhhl2hh,P. Gladon,Fortuna Sittard,Forward,16,1,3.258909707790358,1,14,0,1.2249,0.0766,0.2495,0.0766,1.0718,0.0,6,1,1.973467543240737,1,4,0,1.1024,0.1837,0.3626,0.1837,0.7349,0.0,10,0,1.285442164549621,0,10,0,1.3124,0.0,0.1687,0.0,1.3124,0.0,3,0,0.6736704056782798,0,3,0,1.378,0.0,0.3094,0.0,1.378,0.0,13,1,2.585239302112078,1,11,0,1.0857,0.0835,0.2159,0.0835,0.9187,0.0,7,0,0.8213099767310903,0,7,0,1.2861,0.0,0.1509,0.0,1.2861,0.0,60.1,-0.155,19.6,-0.597,35.4,-0.477,38.0,-0.467,98.7,3.54,50.0,-0.113,36.7,-0.425,13.9,-1.143,6.3,-1.167,30.4,-0.687,100.0,2.971,50.0,-0.113,51.9,-0.309,34.8,-0.485,48.1,-0.412,50.0,-0.355,92.4,1.778,50.6,0.0,41.8,-0.38,26.6,-0.761,26.6,-0.618,45.6,-0.427,92.4,1.777,50.6,0.0,67.7,0.046,13.9,-0.728,30.4,-0.543,25.3,-0.542,98.7,4.253,50.0,-0.113,49.4,-0.078,13.9,-1.082,13.9,-1.099,25.3,-0.68,100.0,3.229,50.0,-0.113,45.6,-0.418,17.1,-0.59,32.9,-0.556,25.3,-0.464,94.9,1.863,50.6,0.0,73.4,0.522,17.1,-1.018,31.6,-0.516,25.3,-0.764,98.7,4.304,50.6,0.0,72.2,0.115,29.1,-0.578,41.8,-0.391,45.6,-0.42,98.7,3.687,50.0,-0.113,44.3,-0.269,24.1,-1.067,12.7,-1.091,38.0,-0.583,93.7,2.139,50.0,-0.113,60.8,-0.031,10.8,-1.005,15.2,-0.918,20.9,-0.547,100.0,4.032,50.6,0.0,46.8,-0.243,10.8,-1.081,3.8,-1.169,20.9,-0.595,100.0,3.516,50.6,0.0
3l7amac6wdv9yztupg7ur3kl,O. Zinchenko,AFC Ajax,Defender,4,3,2.083829178885679,1,0,0,3.7895,2.8421,1.9742,0.9474,0.0,0.0,0,0,0.0,0,0,0,0.0,0.0,0.0,0.0,0.0,0.0,4,3,2.083829178885679,1,0,0,3.7895,2.8421,1.9742,0.9474,0.0,0.0,0,0,0.0,0,0,0,0.0,0.0,0.0,0.0,0.0,0.0,4,3,2.083829178885679,1,0,0,3.7895,2.8421,1.9742,0.9474,0.0,0.0,4,3,2.083829178885679,1,0,0,3.7895,2.8421,1.9742,0.9474,0.0,0.0,10.9,-0.872,30.7,-0.639,19.0,-0.769,18.2,-0.697,23.0,-0.752,45.6,-0.312,97.1,2.539,100.0,5.106,98.5,3.684,62.8,0.194,23.0,-0.666,45.6,-0.295,2.9,-0.96,8.0,-0.878,2.9,-0.927,11.7,-0.716,29.9,-0.636,47.1,-0.254,2.9,-1.925,8.0,-1.325,2.9,-1.662,11.7,-1.05,29.9,-0.51,47.1,-0.242,23.7,-0.717,53.6,-0.295,39.4,-0.526,28.8,-0.641,33.9,-0.583,48.9,-0.173,98.5,2.155,99.3,4.256,98.5,3.053,65.3,0.215,33.9,-0.483,48.9,-0.168,4.7,-0.94,11.7,-0.827,4.7,-0.872,14.6,-0.718,33.6,-0.568,46.7,-0.28,4.7,-2.153,11.7,-1.302,4.7,-1.658,14.6,-1.098,33.6,-0.47,46.7,-0.245,23.4,-0.769,48.9,-0.412,36.5,-0.63,25.5,-0.643,30.7,-0.627,48.9,-0.173,100.0,4.61,100.0,6.086,99.3,4.857,75.9,0.676,30.7,-0.565,48.9,-0.158,10.9,-1.061,55.8,-0.066,37.2,-0.536,24.1,-0.757,32.5,-0.624,48.5,-0.194,94.9,2.268,100.0,4.415,98.5,3.344,67.2,0.164,32.5,-0.601,48.5,-0.194
3mctpepmqunc1a8zro2nq1wtm,V. Jaroš,AFC Ajax,Goalkeeper,1,0,0.041964477926328,0,0,0,0.9248,0.0,0.0388,0.0,0.0,0.0,0,0,0.0,0,0,0,0.0,0.0,0.0,0.0,0.0,0.0,1,0,0.041964477926328,0,0,0,0.9248,0.0,0.0388,0.0,0.0,0.0,0,0,0.0,0,0,0,0.0,0.0,0.0,0.0,0.0,0.0,1,0,0.041964477926328,0,0,0,0.9248,0.0,0.0388,0.0,0.0,0.0,1,0,0.041964477926328,0,0,0,0.9248,0.0,0.0388,0.0,0.0,0.0,12.5,-0.919,25.0,-0.639,7.5,-0.577,45.0,-0.337,48.8,-0.214,51.2,0.0,22.5,-0.878,25.0,-0.769,7.5,-0.775,45.0,-0.279,48.8,-0.226,51.2,0.0,11.2,-0.86,30.0,-0.604,11.2,-0.567,45.0,-0.352,51.2,0.0,51.2,0.0,11.2,-1.569,30.0,-0.602,11.2,-0.847,45.0,-0.348,51.2,0.0,51.2,0.0,18.8,-0.921,30.0,-0.588,20.0,-0.576,48.8,-0.227,48.8,-0.214,51.2,0.0,30.0,-0.47,30.0,-0.668,20.0,-0.668,48.8,-0.193,48.8,-0.221,51.2,0.0,11.2,-0.898,28.7,-0.631,11.2,-0.62,47.5,-0.281,51.2,0.0,51.2,0.0,11.2,-1.785,28.7,-0.627,11.2,-0.867,47.5,-0.267,51.2,0.0,51.2,0.0,20.0,-0.853,31.2,-0.567,12.5,-0.526,47.5,-0.259,48.8,-0.214,51.2,0.0,27.5,-0.344,31.2,-0.624,12.5,-0.628,47.5,-0.221,48.8,-0.226,51.2,0.0,12.5,-1.343,32.5,-0.628,7.5,-0.86,46.2,-0.294,50.0,-0.158,51.2,0.0,22.5,-0.769,32.5,-0.656,7.5,-0.907,46.2,-0.294,50.0,-0.158,51.2,0.0
3o4tq8qooplx2izq9rucgu7d,C. Tengstedt,Feyenoord Rotterdam,Forward,7,3,3.741222069946532,2,1,0,1.0784,0.4622,0.5764,0.3081,0.1541,0.0,2,1,1.111488381325863,0,1,0,0.9243,0.4622,0.5137,0.0,0.4622,0.0,5,2,2.629733688620669,2,0,0,1.1554,0.4622,0.6077,0.4622,0.0,0.0,1,0,0.5594888299914283,0,0,0,0.9243,0.0,0.5171,0.0,0.0,0.0,6,3,3.181733239955104,2,1,0,1.1092,0.5546,0.5882,0.3697,0.1849,0.0,5,2,2.131922576506212,2,1,0,0.9243,0.3697,0.3941,0.3697,0.1849,0.0,32.9,-0.497,41.8,-0.439,41.8,-0.437,54.4,-0.366,43.0,-0.42,50.0,-0.113,25.3,-0.644,34.2,-0.328,39.2,-0.284,58.9,-0.16,50.6,-0.275,50.0,-0.113,26.6,-0.576,34.8,-0.485,30.4,-0.532,19.0,-0.545,61.4,-0.095,50.6,0.0,19.6,-0.58,40.5,-0.267,40.5,-0.299,19.0,-0.853,82.3,0.859,50.6,0.0,47.5,-0.379,50.0,-0.338,53.2,-0.294,67.7,-0.149,21.5,-0.595,50.0,-0.113,36.7,-0.275,44.9,-0.142,49.4,-0.005,72.2,0.236,21.5,-0.705,50.0,-0.113,25.3,-0.567,17.1,-0.59,31.6,-0.576,25.3,-0.464,30.4,-0.604,50.6,0.0,32.3,-0.181,17.1,-1.018,49.4,0.071,25.3,-0.764,30.4,-0.478,50.6,0.0,43.7,-0.404,50.6,-0.285,48.1,-0.303,62.7,-0.211,54.4,-0.254,50.0,-0.113,46.8,-0.22,58.2,0.256,57.0,0.222,70.3,0.176,62.0,-0.134,50.0,-0.113,31.6,-0.363,47.5,-0.27,34.2,-0.401,73.4,0.018,62.7,-0.034,50.6,0.0,7.0,-0.607,36.1,-0.399,25.9,-0.623,67.7,-0.048,53.8,-0.133,50.6,0.0
3ojwbw6v83g9b0u2wssnkzzzd,A. Obispo,PSV Eindhoven,Defender,7,0,1.589395421382543,0,1,0,1.3125,0.0,0.298,0.0,0.1875,0.0,7,0,1.589395421382543,0,1,0,1.3125,0.0,0.298,0.0,0.1875,0.0,0,0,0.0,0,0,0,0.0,0.0,0.0,0.0,0.0,0.0,3,0,0.7273000544284574,0,0,0,1.4062,0.0,0.3409,0.0,0.0,0.0,4,0,0.8620953669540853,0,1,0,0.9375,0.0,0.2021,0.0,0.2344,0.0,7,0,1.589395421382543,0,1,0,1.3125,0.0,0.298,0.0,0.1875,0.0,18.6,-0.763,4.4,-0.92,13.9,-0.819,6.2,-0.753,57.7,-0.116,45.6,-0.312,27.7,-0.727,4.4,-1.483,10.9,-0.975,6.2,-1.182,83.2,0.628,45.6,-0.295,37.6,-0.506,8.0,-0.878,29.2,-0.639,11.7,-0.716,71.2,0.262,47.1,-0.254,33.6,-0.533,8.0,-1.325,17.5,-0.869,11.7,-1.05,82.5,0.458,47.1,-0.242,3.3,-1.025,9.9,-0.855,3.3,-0.965,11.3,-0.758,33.9,-0.583,48.9,-0.173,3.3,-1.873,9.9,-1.099,3.3,-1.351,11.3,-1.059,33.9,-0.483,48.9,-0.168,18.6,-0.728,11.7,-0.827,19.7,-0.728,14.6,-0.718,33.6,-0.568,46.7,-0.28,59.1,0.122,11.7,-1.302,40.1,-0.334,14.6,-1.098,33.6,-0.47,46.7,-0.245,23.4,-0.769,7.3,-0.94,13.1,-0.87,9.5,-0.746,72.3,0.306,48.9,-0.173,16.1,-0.991,7.3,-1.292,6.6,-1.073,9.5,-1.219,88.3,1.088,48.9,-0.158,36.9,-0.437,5.5,-1.295,22.6,-0.789,7.7,-1.0,78.8,0.712,48.5,-0.194,34.3,-0.629,5.5,-1.315,14.6,-0.884,7.7,-1.059,86.9,0.535,48.5,-0.194
3r6elcuru7no13hrfczmwbmy1,S. Horemans,FC Utrecht,Defender,49,20,14.34866883067276,45,1,0,2.2484,0.9177,0.6584,2.0649,0.0459,0.0,23,8,5.676431836717128,21,1,0,1.9189,0.6674,0.4736,1.752,0.0834,0.0,26,12,8.672236993955636,24,0,0,2.6512,1.2236,0.8843,2.4473,0.0,0.0,21,7,5.06441213177364,20,1,0,1.4825,0.4942,0.3575,1.4119,0.0706,0.0,28,13,9.284256698899124,25,0,0,1.9766,0.9177,0.6554,1.7648,0.0,0.0,6,4,1.951112913408457,4,1,0,1.1013,0.7342,0.3581,0.7342,0.1835,0.0,83.6,0.756,85.8,0.95,78.8,0.471,93.4,1.742,57.7,-0.116,45.6,-0.312,74.5,0.507,74.5,0.645,59.9,0.027,94.9,1.818,50.7,-0.349,45.6,-0.295,83.2,0.533,80.3,0.458,69.3,0.103,89.4,1.388,71.2,0.262,47.1,-0.254,63.5,0.109,59.9,0.074,43.8,-0.402,87.6,1.257,64.6,-0.08,47.1,-0.242,86.9,0.976,89.4,1.383,83.2,0.861,95.6,2.072,33.9,-0.583,48.9,-0.173,84.7,0.945,92.0,1.207,79.6,0.622,96.4,2.232,33.9,-0.483,48.9,-0.168,81.0,0.544,80.7,0.458,73.0,0.129,92.3,1.566,78.1,0.543,46.7,-0.28,64.2,0.246,61.3,0.209,43.8,-0.27,94.9,1.646,73.7,0.084,46.7,-0.245,85.8,0.938,87.2,1.35,84.7,0.787,93.4,1.811,30.7,-0.627,48.9,-0.173,90.5,1.05,88.3,1.09,73.7,0.444,97.8,2.311,30.7,-0.565,48.9,-0.158,25.5,-0.645,68.2,0.344,32.8,-0.604,62.4,-0.025,78.8,0.712,48.5,-0.194,12.4,-0.876,60.6,0.165,24.1,-0.732,56.2,-0.111,67.2,0.511,48.5,-0.194
3rrges782prcprsn207dk4zit,C. Larin,Feyenoord Rotterdam,Forward,5,3,2.344841004951197,0,1,0,0.9326,0.5596,0.4374,0.0,0.1865,0.0,3,1,1.132365606578964,0,1,0,0.9326,0.3109,0.352,0.0,0.3109,0.0,2,2,1.212475398372233,0,0,0,0.9326,0.9326,0.5654,0.0,0.0,0.0,1,1,0.7475407722232006,0,0,0,0.9326,0.9326,0.6972,0.0,0.0,0.0,4,2,1.597300232727996,0,1,0,0.9326,0.4663,0.3724,0.0,0.2332,0.0,5,3,2.344841004951197,0,1,0,0.9326,0.5596,0.4374,0.0,0.1865,0.0,25.3,-0.573,41.8,-0.439,27.8,-0.551,13.9,-0.568,43.0,-0.42,50.0,-0.113,13.9,-0.861,53.2,-0.122,25.3,-0.66,13.9,-0.862,63.3,-0.161,50.0,-0.113,35.4,-0.509,34.8,-0.485,31.6,-0.53,19.0,-0.545,61.4,-0.095,50.6,0.0,31.6,-0.57,35.4,-0.535,25.3,-0.64,19.0,-0.853,75.9,0.35,50.6,0.0,21.5,-0.635,50.0,-0.338,26.6,-0.557,25.3,-0.542,21.5,-0.595,50.0,-0.113,25.3,-0.554,83.5,0.815,43.0,-0.111,25.3,-0.68,21.5,-0.705,50.0,-0.113,25.3,-0.567,40.5,-0.426,34.2,-0.543,25.3,-0.464,30.4,-0.604,50.6,0.0,43.0,-0.168,89.9,1.078,74.7,0.58,25.3,-0.764,30.4,-0.478,50.6,0.0,29.1,-0.552,40.5,-0.431,32.9,-0.537,18.4,-0.628,54.4,-0.254,50.0,-0.113,26.6,-0.585,44.3,0.008,27.8,-0.539,18.4,-0.805,68.4,0.016,50.0,-0.113,31.6,-0.363,64.6,0.098,44.3,-0.317,20.9,-0.547,62.7,-0.034,50.6,0.0,19.0,-0.598,59.5,-0.049,35.4,-0.526,20.9,-0.595,63.3,-0.127,50.6,0.0
3rve12v22lh39aaqgjlwlmhas,D. Konadu,AFC Ajax,Forward,1,1,0.8039612955662049,0,0,0,0.9173,0.9173,0.7375,0.0,0.0,0.0,0,0,0.0,0,0,0,0.0,0.0,0.0,0.0,0.0,0.0,1,1,0.8039612955662049,0,0,0,0.9173,0.9173,0.7375,0.0,0.0,0.0,0,0,0.0,0,0,0,0.0,0.0,0.0,0.0,0.0,0.0,1,1,0.8039612955662049,0,0,0,0.9173,0.9173,0.7375,0.0,0.0,0.0,1,1,0.8039612955662049,0,0,0,0.9173,0.9173,0.7375,0.0,0.0,0.0,6.3,-0.725,19.6,-0.597,13.9,-0.676,13.9,-0.568,15.8,-0.725,50.0,-0.113,1.3,-0.884,79.7,0.634,65.8,0.151,13.9,-0.862,15.8,-0.821,50.0,-0.113,5.1,-0.71,13.3,-0.612,5.1,-0.688,19.0,-0.545,24.1,-0.719,50.6,0.0,5.1,-1.618,13.3,-1.087,5.1,-1.383,19.0,-0.853,24.1,-0.696,50.6,0.0,13.9,-0.72,34.2,-0.533,19.0,-0.632,25.3,-0.542,21.5,-0.595,50.0,-0.113,12.7,-0.574,82.3,0.783,73.4,0.318,25.3,-0.68,21.5,-0.705,50.0,-0.113,10.8,-0.641,17.1,-0.59,10.8,-0.673,25.3,-0.464,30.4,-0.604,50.6,0.0,10.8,-1.614,17.1,-1.018,10.8,-1.391,25.3,-0.764,30.4,-0.478,50.6,0.0,10.8,-0.774,29.1,-0.578,20.3,-0.654,18.4,-0.628,21.5,-0.649,50.0,-0.113,7.6,-0.617,89.9,1.276,86.1,0.749,18.4,-0.805,21.5,-0.706,50.0,-0.113,6.3,-1.026,29.1,-0.637,13.9,-0.925,20.9,-0.547,24.1,-0.712,50.6,0.0,1.3,-0.614,77.2,0.611,69.6,0.147,20.9,-0.595,24.1,-0.745,50.6,0.0
3uq3lrjyj4mnvq6162b0jyhnt,M. de Wit,Alkmaar Zaanstreek,Defender,41,23,19.97073183766885,12,1,0,1.6645,0.9337,0.8108,0.4872,0.0406,0.0,21,11,10.62049381544853,6,0,0,1.9608,1.0271,0.9917,0.5602,0.0,0.0,20,12,9.350238022220323,6,1,0,1.4365,0.8619,0.6716,0.431,0.0718,0.0,22,15,10.98181125572467,7,1,0,1.2084,0.8239,0.6032,0.3845,0.0549,0.0,19,8,8.988920581944184,5,0,0,1.2672,0.5336,0.5995,0.3335,0.0,0.0,6,3,3.09519407580571,2,0,0,1.1205,0.5602,0.578,0.3735,0.0,0.0,78.1,0.466,87.6,1.23,87.6,1.039,65.3,-0.087,57.7,-0.116,45.6,-0.312,48.2,-0.263,78.1,0.682,73.0,0.45,43.1,-0.474,47.4,-0.386,45.6,-0.295,81.0,0.403,86.5,0.96,86.1,1.0,63.9,-0.115,29.9,-0.636,47.1,-0.254,65.7,0.154,81.0,0.828,82.5,0.976,49.6,-0.312,29.9,-0.51,47.1,-0.242,76.6,0.514,89.4,1.383,84.7,1.004,64.2,-0.051,78.8,0.645,48.9,-0.173,43.1,-0.346,71.5,0.525,65.0,0.148,42.3,-0.479,70.8,-0.02,48.9,-0.168,81.8,0.615,92.3,1.927,89.1,1.299,70.4,0.082,78.1,0.543,46.7,-0.28,41.6,-0.198,86.9,1.217,76.6,0.684,46.0,-0.351,69.3,-0.039,46.7,-0.245,71.9,0.298,76.3,0.469,81.8,0.729,60.2,-0.234,30.7,-0.627,48.9,-0.173,37.2,-0.344,56.9,0.093,67.2,0.257,36.5,-0.552,30.7,-0.565,48.9,-0.158,25.5,-0.645,55.8,-0.066,57.7,-0.017,41.2,-0.513,32.5,-0.624,48.5,-0.194,19.0,-0.854,52.9,-0.185,54.0,-0.177,39.4,-0.577,32.5,-0.601,48.5,-0.194
3xlkchrk28u0cb620cajre1hw,R. Nijstad,FC Twente,Defender,10,4,3.159105479734227,1,0,0,1.1707,0.4683,0.3698,0.1171,0.0,0.0,6,3,2.224316499887022,0,0,0,1.1239,0.5619,0.4166,0.0,0.0,0.0,4,1,0.9347889798472049,1,0,0,1.2488,0.3122,0.2918,0.3122,0.0,0.0,5,2,1.109995171352754,0,0,0,1.1707,0.4683,0.2599,0.0,0.0,0.0,5,2,2.049110308381473,1,0,0,0.9366,0.3746,0.3838,0.1873,0.0,0.0,6,3,2.180837980398892,1,0,0,1.1239,0.5619,0.4085,0.1873,0.0,0.0,28.8,-0.655,39.4,-0.546,29.9,-0.66,18.2,-0.697,23.0,-0.752,45.6,-0.312,16.1,-0.914,43.1,-0.397,22.6,-0.775,16.8,-1.012,23.0,-0.666,45.6,-0.295,33.2,-0.571,49.6,-0.377,40.9,-0.524,11.7,-0.716,29.9,-0.636,47.1,-0.254,21.2,-0.733,52.6,-0.147,36.5,-0.554,11.7,-1.05,29.9,-0.51,47.1,-0.242,23.7,-0.717,28.8,-0.668,18.2,-0.768,28.8,-0.641,33.9,-0.583,48.9,-0.173,32.8,-0.545,35.0,-0.511,22.6,-0.7,37.2,-0.639,33.9,-0.483,48.9,-0.168,31.8,-0.586,43.1,-0.46,25.5,-0.652,14.6,-0.718,33.6,-0.568,46.7,-0.28,38.7,-0.259,59.9,0.13,24.8,-0.649,14.6,-1.098,33.6,-0.47,46.7,-0.245,28.5,-0.697,36.1,-0.588,34.3,-0.636,25.5,-0.643,30.7,-0.627,48.9,-0.173,15.3,-0.993,40.1,-0.32,36.5,-0.465,24.8,-0.845,30.7,-0.565,48.9,-0.158,25.5,-0.645,55.8,-0.066,41.6,-0.486,24.1,-0.757,32.5,-0.624,48.5,-0.194,19.7,-0.85,54.7,-0.182,33.6,-0.605,27.7,-0.817,32.5,-0.601,48.5,-0.194
3ypxn1nvgv8e321sq5394w3my,M. Didden,FC Utrecht,Defender,16,7,3.950321237139556,3,2,0,1.1434,0.5002,0.2823,0.2144,0.1429,0.0,6,2,1.234360064721002,1,0,0,1.1148,0.3716,0.2294,0.1858,0.0,0.0,10,5,2.715961172418553,2,2,0,1.1613,0.5806,0.3154,0.2323,0.2323,0.0,11,5,2.702019912670004,3,1,0,1.0219,0.4645,0.251,0.2787,0.0929,0.0,5,2,1.248301324469552,0,1,0,0.929,0.3716,0.2319,0.0,0.1858,0.0,5,4,1.264186760133351,1,0,0,0.929,0.7432,0.2349,0.1858,0.0,0.0,42.3,-0.438,53.3,-0.265,35.8,-0.581,35.8,-0.586,77.4,0.52,45.6,-0.312,13.9,-0.95,43.8,-0.323,9.5,-1.019,24.1,-0.871,75.9,0.32,45.6,-0.295,33.2,-0.571,36.9,-0.544,23.4,-0.703,30.3,-0.616,29.9,-0.636,47.1,-0.254,19.7,-0.743,31.4,-0.546,9.5,-1.052,27.7,-0.805,29.9,-0.51,47.1,-0.242,54.7,-0.256,69.0,0.078,52.6,-0.393,43.4,-0.523,93.8,1.874,48.9,-0.173,26.3,-0.638,56.2,-0.005,25.9,-0.647,30.7,-0.746,89.8,1.016,48.9,-0.168,58.8,-0.162,67.2,0.091,51.8,-0.338,52.9,-0.375,78.1,0.543,46.7,-0.28,27.0,-0.5,53.3,0.118,24.1,-0.683,38.7,-0.556,79.6,0.259,46.7,-0.245,28.5,-0.697,36.1,-0.588,20.4,-0.794,9.5,-0.746,72.3,0.306,48.9,-0.173,9.5,-1.008,38.7,-0.328,9.5,-0.973,9.5,-1.219,83.9,0.746,48.9,-0.158,16.4,-0.853,68.2,0.344,13.9,-0.956,24.1,-0.757,32.5,-0.624,48.5,-0.194,4.4,-1.078,64.2,0.184,8.0,-1.043,21.2,-0.819,32.5,-0.601,48.5,-0.194
412l28fqhx21ivpcxzn1kpilm,V. Zagaritis,SC Heerenveen,Defender,92,35,30.88345658427978,64,4,0,2.8412,1.0809,0.9538,1.9765,0.1235,0.0,45,19,16.51965443429738,30,0,0,2.7794,1.1735,1.0203,1.8529,0.0,0.0,47,16,14.3638021499824,34,4,0,2.9029,0.9882,0.8872,2.1,0.2471,0.0,42,15,14.23558570286188,27,3,0,2.048,0.7314,0.6942,1.3166,0.1463,0.0,50,20,16.6478708814179,37,1,0,1.7817,0.7127,0.5932,1.3184,0.0356,0.0,10,6,3.717427112274155,7,0,0,1.8529,1.1118,0.6888,1.2971,0.0,0.0,96.4,2.311,96.4,2.351,94.2,2.142,97.8,2.795,94.5,1.791,45.6,-0.312,90.5,1.288,86.9,1.023,83.2,0.848,94.2,1.69,73.0,0.186,45.6,-0.295,93.8,1.961,95.6,2.296,93.4,2.07,97.1,2.29,29.9,-0.636,47.1,-0.254,84.7,1.022,86.9,1.135,83.9,1.053,91.2,1.39,29.9,-0.51,47.1,-0.242,97.1,2.592,94.9,2.129,94.2,2.059,97.8,3.252,99.6,4.33,48.9,-0.173,88.3,1.213,85.4,0.763,80.3,0.629,94.2,1.765,90.5,1.111,48.9,-0.168,94.9,2.028,92.3,1.927,92.0,1.942,97.1,2.366,97.4,2.765,46.7,-0.28,88.3,1.161,80.3,0.934,87.6,1.037,91.2,1.46,85.4,0.678,46.7,-0.245,96.4,2.502,97.1,2.584,96.4,2.236,97.8,3.038,72.3,0.306,48.9,-0.173,78.8,0.667,76.6,0.558,66.4,0.236,91.2,1.418,62.0,-0.314,48.9,-0.158,69.0,0.187,88.3,1.163,70.1,0.301,78.5,0.707,32.5,-0.624,48.5,-0.194,63.5,0.003,85.4,0.927,65.7,0.102,76.6,0.616,32.5,-0.601,48.5,-0.194
424ohpqxpz31dlopxxamyk9as,Yoon Do-Young,SBV Excelsior,Midfielder,1,0,0.2764298056808786,1,0,0,0.9343,0.0,0.2583,0.9343,0.0,0.0,1,0,0.2764298056808786,1,0,0,0.9343,0.0,0.2583,0.9343,0.0,0.0,0,0,0.0,0,0,0,0.0,0.0,0.0,0.0,0.0,0.0,0,0,0.0,0,0,0,0.0,0.0,0.0,0.0,0.0,0.0,1,0,0.2764298056808786,1,0,0,0.9343,0.0,0.2583,0.9343,0.0,0.0,1,0,0.2764298056808786,1,0,0,0.9343,0.0,0.2583,0.9343,0.0,0.0,2.6,-1.04,3.6,-1.025,1.4,-1.042,14.7,-0.738,25.0,-0.653,46.2,-0.298,6.2,-1.329,3.6,-1.653,3.4,-1.503,65.4,0.14,25.0,-0.494,46.2,-0.273,9.6,-0.98,7.0,-0.976,9.1,-0.987,25.2,-0.684,33.7,-0.532,48.6,-0.186,13.0,-1.009,7.0,-1.462,11.1,-1.167,64.4,0.063,33.7,-0.441,48.6,-0.162,1.7,-1.055,6.7,-0.994,1.7,-1.038,8.2,-0.754,35.1,-0.551,47.8,-0.224,1.7,-2.171,6.7,-1.42,1.7,-1.909,8.2,-1.15,35.1,-0.393,47.8,-0.216,6.2,-0.912,11.3,-0.843,6.2,-0.896,13.9,-0.676,34.9,-0.508,48.8,-0.172,6.2,-1.947,11.3,-1.333,6.2,-1.711,13.9,-0.976,34.9,-0.4,48.8,-0.128,4.3,-1.107,5.3,-1.103,3.8,-1.127,20.0,-0.744,33.4,-0.57,47.6,-0.236,10.6,-1.103,5.3,-1.582,5.8,-1.431,77.4,0.575,33.4,-0.387,47.6,-0.219,2.6,-1.62,3.6,-1.432,1.4,-1.522,23.8,-0.801,36.3,-0.519,48.8,-0.172,7.7,-1.168,3.6,-1.467,3.4,-1.295,65.9,0.179,36.3,-0.47,48.8,-0.172
434aulbxf50clnx57fxsqge8k,T. van den Elshout,Feyenoord Rotterdam,Midfielder,11,5,4.380864672579925,4,1,0,1.6915,0.7689,0.6737,0.6151,0.1538,0.0,7,4,2.580252066873965,3,1,0,1.6146,0.9226,0.5952,0.692,0.2307,0.0,4,1,1.80061260570596,1,0,0,1.8453,0.4613,0.8307,0.4613,0.0,0.0,3,1,1.390313609231564,1,0,0,1.384,0.4613,0.6414,0.4613,0.0,0.0,8,4,2.99055106334836,3,1,0,1.4762,0.7381,0.5518,0.5536,0.1845,0.0,10,4,3.499132365446679,4,1,0,1.8453,0.7381,0.6457,0.7381,0.1845,0.0,25.5,-0.75,32.0,-0.703,26.9,-0.766,31.7,-0.582,64.7,0.033,46.2,-0.298,35.1,-0.449,44.7,-0.178,35.1,-0.497,44.5,-0.322,85.1,0.505,46.2,-0.273,32.5,-0.665,41.3,-0.523,31.7,-0.707,41.8,-0.498,78.1,0.456,48.6,-0.186,34.1,-0.408,53.8,0.087,32.2,-0.523,49.0,-0.23,90.9,0.836,48.6,-0.162,20.0,-0.81,18.0,-0.858,22.6,-0.785,22.6,-0.644,35.1,-0.551,47.8,-0.224,47.1,-0.111,24.5,-0.598,54.8,0.007,34.6,-0.443,35.1,-0.393,47.8,-0.216,25.2,-0.75,28.4,-0.726,27.9,-0.723,31.7,-0.578,34.9,-0.508,48.8,-0.172,38.9,-0.129,38.0,-0.28,51.4,0.062,50.0,-0.218,34.9,-0.4,48.8,-0.128,30.3,-0.698,36.3,-0.594,29.3,-0.757,38.2,-0.541,78.6,0.582,47.6,-0.236,52.9,-0.153,57.2,0.189,38.0,-0.392,49.5,-0.158,92.3,0.834,47.6,-0.219,55.5,-0.039,51.4,-0.121,43.3,-0.323,60.1,-0.028,82.9,0.847,48.8,-0.172,48.6,-0.214,43.3,-0.22,37.5,-0.486,51.9,-0.094,76.2,0.56,48.8,-0.172
43ib46nh45n9oajf5rmaz4f6x,Hwang In-Beom,Feyenoord Rotterdam,Midfielder,29,11,11.25307641656921,8,1,0,2.0573,0.7804,0.7983,0.5675,0.0709,0.0,18,6,6.397047915027314,5,1,0,2.3715,0.7905,0.8428,0.6587,0.1317,0.0,11,5,4.856028501541894,3,0,0,1.6908,0.7685,0.7464,0.4611,0.0,0.0,12,4,3.940723400733914,3,1,0,1.2297,0.4099,0.4038,0.3074,0.1025,0.0,17,7,7.312353015835296,5,0,0,2.2397,0.9222,0.9634,0.6587,0.0,0.0,9,3,3.864025132699555,4,0,0,1.66,0.5533,0.7127,0.7378,0.0,0.0,52.4,-0.228,48.3,-0.316,50.5,-0.303,47.6,-0.374,64.7,0.033,46.2,-0.298,55.3,-0.024,46.2,-0.156,45.2,-0.195,40.9,-0.391,69.7,-0.034,46.2,-0.273,57.5,-0.087,49.3,-0.296,51.0,-0.241,49.5,-0.311,78.1,0.456,48.6,-0.186,63.9,0.261,49.5,-0.135,50.5,-0.05,47.6,-0.27,79.8,0.288,48.6,-0.162,44.0,-0.381,51.0,-0.313,49.0,-0.355,43.8,-0.423,35.1,-0.551,47.8,-0.224,42.3,-0.283,50.5,-0.052,44.7,-0.187,34.1,-0.443,35.1,-0.393,47.8,-0.216,53.4,-0.265,49.3,-0.377,47.6,-0.407,48.6,-0.38,80.8,0.604,48.8,-0.172,31.2,-0.332,34.1,-0.398,24.0,-0.595,39.9,-0.471,85.1,0.389,48.8,-0.128,52.4,-0.172,51.7,-0.212,53.4,-0.167,48.1,-0.339,33.4,-0.57,47.6,-0.236,89.9,1.186,77.4,0.63,90.9,1.065,59.1,0.044,33.4,-0.387,47.6,-0.219,47.4,-0.215,38.0,-0.449,51.9,-0.187,60.1,-0.028,36.3,-0.519,48.8,-0.172,38.0,-0.408,32.7,-0.532,44.2,-0.347,51.4,-0.094,36.3,-0.47,48.8,-0.172
447abno2j0ux8fsxzs6fel7th,A. Ahmedhodžić,Feyenoord Rotterdam,Goalkeeper,20,8,8.188012963992875,1,1,0,1.4235,0.5694,0.5828,0.0712,0.0712,0.0,11,4,3.943339386183862,1,0,0,1.6963,0.6168,0.6081,0.1542,0.0,0.0,9,4,4.244673577809014,0,1,0,1.1896,0.5287,0.5611,0.0,0.1322,0.0,11,5,4.714646444830778,1,0,0,1.454,0.6609,0.6232,0.1322,0.0,0.0,9,3,3.473366519162097,0,1,0,1.1896,0.3965,0.4591,0.0,0.1322,0.0,6,2,2.339540381100265,0,1,0,1.1103,0.3701,0.4329,0.0,0.1851,0.0,72.5,0.524,95.0,1.684,92.5,1.536,91.2,1.01,97.5,2.644,51.2,0.0,85.0,0.485,95.0,2.069,97.5,2.48,92.5,0.901,97.5,3.989,51.2,0.0,77.5,0.624,91.2,1.697,92.5,1.486,93.8,1.992,51.2,0.0,51.2,0.0,92.5,1.07,95.0,2.067,97.5,2.769,95.0,2.898,51.2,0.0,51.2,0.0,70.0,0.366,92.5,1.458,92.5,1.555,48.8,-0.227,97.5,2.644,51.2,0.0,47.5,0.016,87.5,1.384,92.5,2.043,48.8,-0.193,97.5,3.208,51.2,0.0,80.0,0.812,97.5,2.523,92.5,2.416,97.5,3.468,51.2,0.0,51.2,0.0,95.0,1.21,97.5,2.621,100.0,3.428,100.0,4.717,51.2,0.0,51.2,0.0,65.0,0.226,83.8,0.851,92.5,0.905,47.5,-0.259,97.5,2.644,51.2,0.0,65.0,0.37,90.0,1.342,95.0,1.812,47.5,-0.221,100.0,4.429,51.2,0.0,61.3,0.424,87.5,1.167,95.0,2.341,46.2,-0.294,100.0,6.166,51.2,0.0,47.5,-0.258,76.2,1.028,95.0,2.304,46.2,-0.294,100.0,6.166,51.2,0.0
44m4s9f1ckgdavmqjo0icx016,R. Fosso,Fortuna Sittard,Midfielder,11,5,5.612122624820415,1,0,0,1.262,0.5736,0.6439,0.1147,0.0,0.0,9,5,4.737753204400837,1,0,0,1.3767,0.7648,0.7247,0.153,0.0,0.0,2,0,0.8743694204195784,0,0,0,0.9178,0.0,0.4013,0.0,0.0,0.0,4,2,1.956818804662991,0,0,0,0.9178,0.4589,0.449,0.0,0.0,0.0,7,3,3.655303820157425,1,0,0,1.0708,0.4589,0.5591,0.153,0.0,0.0,5,3,2.752932507996237,1,0,0,0.9178,0.5507,0.5053,0.1836,0.0,0.0,25.5,-0.75,32.0,-0.703,32.7,-0.683,14.7,-0.738,25.0,-0.653,46.2,-0.298,17.8,-0.948,30.0,-0.553,32.2,-0.569,13.5,-1.046,25.0,-0.494,46.2,-0.273,38.5,-0.56,46.2,-0.409,44.2,-0.444,25.2,-0.684,33.7,-0.532,48.6,-0.186,26.0,-0.618,48.1,-0.178,44.2,-0.276,22.1,-0.881,33.7,-0.441,48.6,-0.162,11.5,-0.933,6.7,-0.994,12.5,-0.915,8.2,-0.754,35.1,-0.551,47.8,-0.224,6.2,-1.146,6.7,-1.42,12.5,-0.983,8.2,-1.15,35.1,-0.393,47.8,-0.216,29.1,-0.696,38.5,-0.61,35.6,-0.653,13.9,-0.676,34.9,-0.508,48.8,-0.172,13.5,-0.741,36.5,-0.286,28.4,-0.47,13.9,-0.976,34.9,-0.4,48.8,-0.128,27.4,-0.756,29.3,-0.721,33.2,-0.666,20.0,-0.744,33.4,-0.57,47.6,-0.236,18.8,-0.864,26.0,-0.481,38.9,-0.366,17.8,-0.929,33.4,-0.387,47.6,-0.219,16.3,-0.917,38.0,-0.449,30.8,-0.6,23.8,-0.801,36.3,-0.519,48.8,-0.172,2.4,-1.186,30.0,-0.537,23.1,-0.78,17.5,-0.865,36.3,-0.47,48.8,-0.172
47l204bkq2qqjhtazusr0019m,Y. Baas,AFC Ajax,Defender,19,8,6.616075141960767,2,1,0,1.4554,0.6128,0.5068,0.1532,0.0766,0.0,3,1,1.321451102172694,0,0,0,0.9192,0.3064,0.4049,0.0,0.0,0.0,16,7,5.294624039788073,2,1,0,1.6342,0.7149,0.5408,0.2043,0.1021,0.0,10,6,4.332673241682327,1,1,0,1.0214,0.6128,0.4425,0.1021,0.1021,0.0,9,2,2.283401900278439,1,0,0,1.3788,0.3064,0.3498,0.1532,0.0,0.0,5,2,1.813751144674461,0,0,0,0.9192,0.3677,0.3334,0.0,0.0,0.0,51.5,-0.329,56.2,-0.172,51.1,-0.311,28.1,-0.642,57.7,-0.116,45.6,-0.312,38.0,-0.539,54.7,-0.062,44.5,-0.395,19.3,-0.96,56.9,-0.137,45.6,-0.295,17.2,-0.765,22.6,-0.711,25.5,-0.687,11.7,-0.716,29.9,-0.636,47.1,-0.254,7.3,-0.95,24.1,-0.683,33.6,-0.585,11.7,-1.05,29.9,-0.51,47.1,-0.242,71.2,0.206,77.7,0.451,69.3,0.15,43.4,-0.523,78.8,0.645,48.9,-0.173,48.9,-0.136,65.7,0.248,49.6,-0.144,28.5,-0.784,74.5,0.176,48.9,-0.168,55.5,-0.233,74.1,0.275,65.7,-0.015,36.5,-0.604,78.1,0.543,46.7,-0.28,26.3,-0.5,69.3,0.572,56.9,0.06,32.1,-0.899,81.4,0.332,46.7,-0.245,44.2,-0.413,36.1,-0.588,40.9,-0.59,25.5,-0.643,30.7,-0.627,48.9,-0.173,47.4,-0.124,33.6,-0.497,27.7,-0.578,21.9,-0.913,30.7,-0.565,48.9,-0.158,16.4,-0.853,38.0,-0.475,29.2,-0.674,7.7,-1.0,32.5,-0.624,48.5,-0.194,2.2,-1.089,23.4,-0.573,20.4,-0.794,7.7,-1.059,32.5,-0.601,48.5,-0.194
49xsd6e4oyjrhtwsdbdm4rj84,L. Hartjes,SBV Excelsior,Midfielder,10,4,4.057186719123283,5,0,0,1.3327,0.5331,0.5407,0.6663,0.0,0.0,3,0,0.623154069644816,2,0,0,1.3993,0.0,0.2907,0.9329,0.0,0.0,7,4,3.434032649478468,3,0,0,1.306,0.7463,0.6407,0.5597,0.0,0.0,5,1,1.610466334027651,5,0,0,0.9329,0.1866,0.3005,0.9329,0.0,0.0,5,3,2.446720385095633,0,0,0,1.5548,0.9329,0.7608,0.0,0.0,0.0,8,4,3.570954597587652,3,0,0,1.4926,0.7463,0.6662,0.5597,0.0,0.0,23.3,-0.779,26.7,-0.767,26.0,-0.788,36.1,-0.53,25.0,-0.653,46.2,-0.298,20.0,-0.866,27.6,-0.631,20.7,-0.819,50.0,-0.248,25.0,-0.494,46.2,-0.273,18.3,-0.875,7.0,-0.976,13.9,-0.945,35.8,-0.591,33.7,-0.532,48.6,-0.186,29.3,-0.598,7.0,-1.462,12.0,-1.105,63.5,0.062,33.7,-0.441,48.6,-0.162,32.9,-0.626,44.0,-0.449,38.5,-0.555,43.8,-0.423,35.1,-0.551,47.8,-0.224,23.1,-0.713,48.1,-0.091,34.6,-0.431,45.2,-0.292,35.1,-0.393,47.8,-0.216,33.7,-0.642,28.4,-0.726,30.8,-0.696,59.6,-0.182,34.9,-0.508,48.8,-0.172,19.5,-0.722,24.0,-0.907,19.2,-0.88,76.7,0.556,34.9,-0.4,48.8,-0.128,19.5,-0.873,29.3,-0.721,23.6,-0.831,6.7,-0.845,33.4,-0.57,47.6,-0.236,58.2,-0.015,81.7,0.656,65.9,0.348,6.7,-1.224,33.4,-0.387,47.6,-0.219,39.4,-0.39,51.4,-0.121,45.7,-0.296,50.2,-0.286,36.3,-0.519,48.8,-0.172,35.1,-0.583,49.3,-0.206,40.4,-0.444,48.3,-0.342,36.3,-0.47,48.8,-0.172
4bkb8qjb5n33wxfopju8r1mtx,D. Bakker,SC Telstar,Defender,37,16,16.55623964942945,4,1,0,1.5567,0.6732,0.6966,0.1683,0.0421,0.0,19,10,10.72857056232285,0,1,0,1.4655,0.7713,0.8275,0.0,0.0771,0.0,18,6,5.827669087106609,4,0,0,1.6661,0.5554,0.5394,0.3702,0.0,0.0,14,7,7.382933886568815,1,0,0,1.178,0.589,0.6212,0.0841,0.0,0.0,23,9,9.17330576286064,3,1,0,1.4193,0.5554,0.5661,0.1851,0.0617,0.0,7,3,2.920892086247503,2,0,0,1.2959,0.5554,0.5407,0.3702,0.0,0.0,75.9,0.322,80.7,0.576,82.5,0.694,42.7,-0.531,57.7,-0.116,45.6,-0.312,44.2,-0.405,59.9,0.078,63.5,0.133,20.4,-0.938,48.2,-0.375,45.6,-0.295,74.8,0.273,85.0,0.793,86.9,1.02,11.7,-0.716,71.2,0.262,47.1,-0.254,44.5,-0.371,65.0,0.292,73.0,0.54,11.7,-1.05,62.0,-0.112,47.1,-0.242,74.8,0.36,74.5,0.264,70.8,0.262,57.7,-0.287,33.9,-0.583,48.9,-0.173,49.6,-0.102,55.5,-0.052,48.9,-0.147,40.1,-0.561,33.9,-0.483,48.9,-0.168,69.0,0.05,80.7,0.458,82.5,0.588,36.5,-0.604,33.6,-0.568,46.7,-0.28,40.1,-0.247,67.2,0.499,78.8,0.754,29.9,-0.934,33.6,-0.47,46.7,-0.245,79.9,0.582,80.3,0.646,83.9,0.765,47.1,-0.439,72.3,0.306,48.9,-0.173,58.4,-0.045,59.1,0.15,62.8,0.145,23.4,-0.849,65.7,-0.13,48.9,-0.158,36.9,-0.437,55.8,-0.066,54.0,-0.107,41.2,-0.513,32.5,-0.624,48.5,-0.194,24.8,-0.649,48.9,-0.195,49.6,-0.271,33.6,-0.581,32.5,-0.601,48.5,-0.194
4cbhx91p3l265b2cejzd07gbu,P. Brouwer,SC Telstar,Forward,65,23,28.05640862736707,24,1,0,2.2306,0.7893,0.9628,0.8236,0.0343,0.0,38,14,16.46078234648336,14,1,0,2.7084,0.9978,1.1732,0.9978,0.0713,0.0,27,9,11.59562628088371,10,0,0,1.7869,0.5956,0.7674,0.6618,0.0,0.0,33,8,12.9987019884035,14,1,0,1.3898,0.3369,0.5475,0.5896,0.0421,0.0,32,15,15.05770663896357,10,0,0,1.4119,0.6618,0.6644,0.4412,0.0,0.0,16,5,7.135733445519238,6,0,0,2.965,0.9266,1.3223,1.1119,0.0,0.0,93.7,1.707,91.1,1.144,92.4,1.538,92.4,1.859,43.0,-0.42,50.0,-0.113,91.1,1.076,77.2,0.363,84.8,0.759,84.8,1.016,31.6,-0.699,50.0,-0.113,96.2,1.83,91.8,1.169,96.2,1.619,96.8,2.124,61.4,-0.095,50.6,0.0,91.1,1.424,83.5,0.684,86.1,1.093,92.4,1.464,48.1,-0.456,50.6,0.0,93.7,1.493,89.2,1.027,92.4,1.369,91.8,1.423,21.5,-0.595,50.0,-0.113,82.3,0.518,60.8,0.129,75.9,0.393,81.0,0.631,21.5,-0.705,50.0,-0.113,93.7,1.81,89.2,0.723,92.4,1.577,96.2,2.029,71.5,0.219,50.6,0.0,77.2,0.541,43.0,-0.261,54.4,0.157,82.3,1.014,60.8,-0.332,50.6,0.0,93.7,1.524,93.0,1.47,92.4,1.448,89.9,1.457,21.5,-0.649,50.0,-0.113,75.9,0.406,74.7,0.558,74.7,0.491,74.7,0.366,21.5,-0.706,50.0,-0.113,95.6,1.461,85.4,0.833,93.7,1.573,93.7,1.147,24.1,-0.712,50.6,0.0,96.2,1.446,82.3,0.629,91.1,1.458,91.1,1.049,24.1,-0.745,50.6,0.0
4dk7h575fifmw2lhslevhmhux,M. Rente,FC Groningen,Defender,77,28,27.92341495789287,43,7,1,2.764,1.0051,1.0023,1.5435,0.2513,0.0359,45,15,15.27347651402216,23,6,0,3.4998,1.1666,1.1879,1.7888,0.4666,0.0,32,13,12.64993844387071,20,1,1,2.1332,0.8666,0.8433,1.3333,0.0667,0.0667,39,15,14.46434727900506,20,5,1,1.7332,0.6666,0.6428,0.8888,0.2222,0.0444,38,13,13.45906767888782,23,2,0,1.9703,0.674,0.6978,1.1925,0.1037,0.0,20,7,8.330739738540604,5,4,0,3.7331,1.3066,1.555,0.9333,0.7466,0.0,92.7,1.768,91.6,1.697,92.7,1.843,92.0,1.631,98.9,3.699,95.3,2.743,87.6,1.187,84.7,0.847,87.6,0.983,86.1,1.061,90.5,1.068,93.4,1.746,93.8,1.961,89.1,1.628,92.7,1.844,92.7,1.588,100.0,4.757,47.1,-0.254,92.7,1.785,86.1,1.12,89.8,1.498,89.8,1.305,97.1,1.899,47.1,-0.242,89.4,1.437,90.9,1.569,92.0,1.698,92.0,1.601,78.8,0.645,98.9,5.745,72.3,0.395,72.3,0.534,77.4,0.531,78.1,0.734,69.3,-0.053,98.5,4.447,92.7,1.816,92.3,1.927,93.4,1.987,92.3,1.566,100.0,4.986,96.7,3.551,78.1,0.652,75.9,0.736,81.0,0.838,67.9,0.629,89.8,1.274,95.6,1.697,92.7,1.649,87.2,1.35,90.5,1.609,92.3,1.606,88.7,1.24,48.9,-0.173,89.8,1.037,71.5,0.458,80.3,0.586,86.9,1.166,74.5,0.166,48.9,-0.158,96.4,2.266,93.4,1.573,97.8,2.665,66.8,0.219,100.0,4.723,48.5,-0.194,94.2,2.202,92.0,1.319,96.4,2.287,65.0,0.146,99.3,3.922,48.5,-0.194
4ej8uchqe3rt1s5h6phjo3310,G. Zechiël,FC Utrecht,Midfielder,66,32,27.98022426732223,19,2,0,1.9586,0.9496,0.8303,0.5638,0.0594,0.0,32,15,12.97372358999694,9,2,0,1.8399,0.8624,0.7459,0.5175,0.115,0.0,34,17,15.0065006773253,10,0,0,2.0852,1.0426,0.9203,0.6133,0.0,0.0,34,15,13.52603411227211,12,1,0,1.4217,0.6272,0.5656,0.5018,0.0418,0.0,32,17,14.45419015505012,7,1,0,1.4719,0.7819,0.6648,0.322,0.046,0.0,10,6,4.463323496707226,2,0,0,1.8399,1.1039,0.8212,0.368,0.0,0.0,84.9,0.845,86.1,1.038,82.7,0.823,74.3,0.199,84.9,0.719,46.2,-0.298,51.0,-0.139,63.9,0.168,50.5,-0.117,40.4,-0.396,64.9,-0.108,46.2,-0.273,79.1,0.649,80.5,0.725,76.0,0.56,69.7,0.061,92.1,1.445,48.6,-0.186,42.8,-0.209,51.4,-0.014,45.2,-0.235,39.4,-0.44,76.0,0.195,48.6,-0.162,87.0,1.029,89.9,1.324,86.1,1.073,77.9,0.348,35.1,-0.551,47.8,-0.224,61.1,0.157,69.2,0.436,66.3,0.214,50.5,-0.21,35.1,-0.393,47.8,-0.216,86.3,0.922,83.2,0.906,80.8,0.781,81.7,0.51,80.8,0.604,48.8,-0.172,42.3,-0.079,52.9,0.098,39.4,-0.147,53.8,-0.152,72.6,-0.078,48.8,-0.128,78.6,0.703,84.9,1.06,80.8,0.808,59.1,-0.136,78.6,0.582,47.6,-0.236,51.9,-0.16,60.6,0.294,53.8,0.008,32.7,-0.604,70.7,-0.082,47.6,-0.219,55.5,-0.039,73.6,0.534,61.1,0.036,38.2,-0.543,36.3,-0.519,48.8,-0.172,47.1,-0.22,68.8,0.398,55.8,-0.12,30.3,-0.609,36.3,-0.47,48.8,-0.172
4ezldqmn62ggasx6pniqbfwno,J. Ideho,FC Volendam,Midfielder,58,15,21.90083283068901,31,0,0,2.3475,0.6071,0.8864,1.2547,0.0,0.0,27,10,12.81742796853329,13,0,0,1.9334,0.7161,0.9178,0.9309,0.0,0.0,31,5,9.083404862155724,18,0,0,2.8858,0.4655,0.8456,1.6756,0.0,0.0,20,4,6.549491885296013,11,0,0,2.0687,0.4137,0.6774,1.1378,0.0,0.0,38,11,15.351340945393,20,0,0,1.7687,0.512,0.7145,0.9309,0.0,0.0,8,1,2.717003801681174,3,0,0,1.4894,0.1862,0.5059,0.5585,0.0,0.0,78.4,0.613,59.9,-0.058,71.6,0.413,85.1,0.823,25.0,-0.653,46.2,-0.298,66.3,0.313,30.8,-0.489,56.7,0.019,75.5,0.603,25.0,-0.494,46.2,-0.273,73.6,0.386,68.3,0.158,75.5,0.541,78.6,0.434,33.7,-0.532,48.6,-0.186,53.4,-0.126,44.2,-0.26,56.2,0.093,61.8,0.059,33.7,-0.441,48.6,-0.162,83.4,0.845,51.0,-0.313,70.2,0.239,91.8,1.23,35.1,-0.551,47.8,-0.224,88.9,1.051,29.3,-0.591,57.2,0.041,90.4,1.42,35.1,-0.393,47.8,-0.216,66.3,0.167,49.3,-0.377,60.6,-0.084,79.3,0.411,34.9,-0.508,48.8,-0.172,82.2,0.771,34.6,-0.389,56.7,0.162,84.1,0.892,34.9,-0.4,48.8,-0.128,86.5,1.054,67.8,0.297,83.7,0.931,88.7,1.181,33.4,-0.57,47.6,-0.236,68.3,0.36,34.6,-0.354,57.7,0.184,73.8,0.568,33.4,-0.387,47.6,-0.219,39.4,-0.39,12.5,-1.104,29.8,-0.614,50.2,-0.286,36.3,-0.519,48.8,-0.172,34.4,-0.587,9.1,-1.152,23.6,-0.778,45.9,-0.344,36.3,-0.47,48.8,-0.172
4f8xb5sbyksacxmifi375h7qi,K. Sowah,NAC Breda,Midfielder,67,21,25.29113643478403,35,2,0,2.3783,0.7454,0.8978,1.2424,0.071,0.0,41,9,13.69419554705729,24,1,0,2.7029,0.5933,0.9028,1.5822,0.0659,0.0,26,12,11.59694088772675,11,1,0,1.9997,0.9229,0.8919,0.846,0.0769,0.0,33,9,13.70483030401706,15,1,0,1.7916,0.4886,0.744,0.8144,0.0543,0.0,34,12,11.58630613076697,20,1,0,1.7433,0.6153,0.5941,1.0255,0.0513,0.0,15,4,5.260005890744861,10,0,0,2.7688,0.7383,0.9709,1.8459,0.0,0.0,85.6,0.874,71.9,0.329,78.4,0.642,88.7,1.031,84.9,0.719,46.2,-0.298,69.7,0.349,41.8,-0.224,58.2,0.046,74.5,0.585,70.2,-0.033,46.2,-0.273,86.5,1.122,62.7,0.045,79.8,0.648,92.8,1.459,78.1,0.456,48.6,-0.186,71.6,0.554,36.3,-0.466,53.8,0.065,83.2,0.846,70.7,-0.076,48.6,-0.162,77.6,0.539,78.8,0.642,76.9,0.593,80.0,0.458,81.5,0.782,47.8,-0.224,56.2,0.062,59.1,0.223,63.0,0.148,63.0,0.147,76.0,0.104,47.8,-0.216,84.9,0.868,71.9,0.206,81.2,0.803,86.1,0.807,80.8,0.604,48.8,-0.172,64.9,0.407,41.8,-0.218,65.9,0.346,67.8,0.361,77.4,0.018,48.8,-0.128,81.2,0.82,71.9,0.424,70.7,0.417,88.7,1.181,78.6,0.582,47.6,-0.236,66.8,0.316,41.3,-0.106,44.2,-0.242,82.2,0.751,71.6,-0.047,47.6,-0.219,81.2,0.839,51.4,-0.121,66.3,0.333,91.6,1.516,36.3,-0.519,48.8,-0.172,80.3,0.753,43.8,-0.22,63.0,0.192,90.4,1.447,36.3,-0.47,48.8,-0.172
4fcmk1x7n95o7owons6mc5a1g,S. Henderikx,SBV Excelsior,Defender,9,6,3.429299949167998,2,0,0,2.0919,1.3946,0.7971,0.4649,0.0,0.0,7,5,2.834135908236257,2,0,0,2.1694,1.5496,0.8783,0.6198,0.0,0.0,2,1,0.5951640409317409,0,0,0,1.8595,0.9298,0.5534,0.0,0.0,0.0,1,0,0.2123226918661015,1,0,0,0.9298,0.0,0.1974,0.9298,0.0,0.0,8,6,3.216977257301897,1,0,0,1.8595,1.3946,0.7477,0.2324,0.0,0.0,9,6,3.429299949167999,2,0,0,2.0919,1.3946,0.7971,0.4649,0.0,0.0,26.6,-0.691,50.0,-0.359,30.7,-0.633,28.1,-0.642,23.0,-0.752,45.6,-0.312,68.6,0.301,97.1,1.75,71.5,0.412,40.9,-0.507,23.0,-0.666,45.6,-0.295,37.6,-0.506,63.1,-0.043,48.2,-0.413,41.6,-0.516,29.9,-0.636,47.1,-0.254,71.5,0.375,96.4,1.923,80.3,0.675,51.8,-0.234,29.9,-0.51,47.1,-0.242,12.0,-0.871,28.8,-0.668,15.3,-0.84,11.3,-0.758,33.9,-0.583,48.9,-0.173,59.1,0.104,78.8,0.653,51.8,-0.116,11.3,-1.059,33.9,-0.483,48.9,-0.168,10.9,-0.869,11.7,-0.827,11.7,-0.83,36.5,-0.604,33.6,-0.568,46.7,-0.28,16.1,-0.649,11.7,-1.302,16.8,-0.891,71.9,0.709,33.6,-0.47,46.7,-0.245,40.1,-0.484,67.9,0.117,46.7,-0.407,25.5,-0.643,30.7,-0.627,48.9,-0.173,85.4,0.82,98.5,2.328,84.7,0.753,27.7,-0.754,30.7,-0.565,48.9,-0.158,58.8,-0.021,88.3,1.163,63.5,0.154,41.2,-0.513,32.5,-0.624,48.5,-0.194,73.0,0.282,94.2,1.497,73.7,0.375,43.8,-0.459,32.5,-0.601,48.5,-0.194
4fsu74aeogf53l2g1tx89vuok,M. Šín,Alkmaar Zaanstreek,Midfielder,14,9,9.532847013881767,1,0,0,2.1737,1.3974,1.4801,0.1553,0.0,0.0,8,5,4.916703524228062,1,0,0,2.4842,1.5526,1.5268,0.3105,0.0,0.0,6,4,4.616143489653705,0,0,0,1.8631,1.2421,1.4334,0.0,0.0,0.0,8,5,5.344596689421324,0,0,0,2.4842,1.5526,1.6596,0.0,0.0,0.0,6,4,4.188250324460443,1,0,0,1.3974,0.9316,0.9754,0.2329,0.0,0.0,13,9,8.896114507256469,1,0,0,2.4221,1.6768,1.6575,0.1863,0.0,0.0,31.0,-0.663,44.0,-0.445,44.2,-0.419,14.7,-0.738,25.0,-0.653,46.2,-0.298,60.1,0.111,86.1,1.027,91.8,1.457,15.4,-0.987,25.0,-0.494,46.2,-0.273,35.3,-0.612,46.2,-0.409,45.2,-0.422,25.2,-0.684,33.7,-0.532,48.6,-0.186,67.3,0.361,87.0,1.144,86.5,1.257,28.4,-0.691,33.7,-0.441,48.6,-0.162,29.6,-0.687,44.0,-0.449,45.7,-0.389,8.2,-0.754,35.1,-0.551,47.8,-0.224,51.0,-0.091,84.6,0.791,92.3,1.397,8.2,-1.15,35.1,-0.393,47.8,-0.216,43.3,-0.481,52.6,-0.26,54.8,-0.233,13.9,-0.676,34.9,-0.508,48.8,-0.172,92.8,1.317,97.6,2.209,99.5,2.877,13.9,-0.976,34.9,-0.4,48.8,-0.128,23.6,-0.815,36.3,-0.594,38.0,-0.593,20.0,-0.744,33.4,-0.57,47.6,-0.236,46.2,-0.291,80.8,0.653,91.3,1.107,24.8,-0.775,33.4,-0.387,47.6,-0.219,73.6,0.488,92.3,1.517,92.3,1.686,23.8,-0.801,36.3,-0.519,48.8,-0.172,72.6,0.39,91.3,1.366,92.3,1.626,22.4,-0.862,36.3,-0.47,48.8,-0.172
4fu2agdclsyxx1boxxibauzo4,G. Alders,SC Telstar,Defender,16,8,7.657593880015722,10,0,0,2.4845,1.2422,1.1891,1.5528,0.0,0.0,12,7,5.560619368629458,8,0,0,3.7267,2.1739,1.7269,2.4845,0.0,0.0,4,1,2.096974511386265,2,0,0,1.2422,0.3106,0.6512,0.6211,0.0,0.0,9,5,4.580435041254789,4,0,0,2.0963,1.1646,1.0669,0.9317,0.0,0.0,7,3,3.077158838760933,6,0,0,1.6304,0.6988,0.7167,1.3975,0.0,0.0,15,8,6.848005408133346,10,0,0,2.795,1.4907,1.276,1.8634,0.0,0.0,42.3,-0.438,56.2,-0.172,58.4,-0.206,60.9,-0.198,23.0,-0.752,45.6,-0.312,81.8,0.818,92.7,1.397,92.7,1.502,86.9,1.074,23.0,-0.666,45.6,-0.295,58.4,-0.181,75.9,0.291,67.9,0.082,70.1,0.086,29.9,-0.636,47.1,-0.254,96.4,2.026,100.0,3.232,99.3,2.932,97.1,2.221,29.9,-0.51,47.1,-0.242,23.7,-0.717,28.8,-0.668,40.9,-0.524,43.4,-0.523,33.9,-0.583,48.9,-0.173,31.4,-0.552,32.8,-0.514,62.8,0.102,50.4,-0.223,33.9,-0.483,48.9,-0.168,52.9,-0.304,67.2,0.091,68.6,0.034,58.4,-0.261,33.6,-0.568,46.7,-0.28,91.2,1.239,99.3,2.259,97.8,2.484,75.9,0.712,33.6,-0.47,46.7,-0.245,35.8,-0.555,48.9,-0.412,46.0,-0.434,63.1,-0.132,30.7,-0.627,48.9,-0.173,71.5,0.37,73.7,0.522,81.0,0.649,92.7,1.576,30.7,-0.565,48.9,-0.158,89.1,1.226,96.4,1.982,94.9,1.905,91.6,1.438,32.5,-0.624,48.5,-0.194,87.6,1.104,96.4,1.691,93.4,1.583,91.2,1.347,32.5,-0.601,48.5,-0.194
4j5hfebi948ggjwexpndrub1m,Danilo,Nijmegen Eendracht Combinatie,Forward,5,3,2.535487700840611,2,0,0,1.1522,0.6913,0.5843,0.4609,0.0,0.0,3,2,1.171463820271794,2,0,0,1.3827,0.9218,0.5399,0.9218,0.0,0.0,2,1,1.364023880568817,0,0,0,0.9218,0.4609,0.6287,0.0,0.0,0.0,1,1,0.2550196053144951,1,0,0,0.9218,0.9218,0.2351,0.9218,0.0,0.0,4,2,2.280468095526115,1,0,0,1.2291,0.6145,0.7007,0.3073,0.0,0.0,5,3,2.53548770084061,2,0,0,1.1522,0.6913,0.5843,0.4609,0.0,0.0,25.3,-0.573,41.8,-0.439,29.1,-0.535,54.4,-0.366,15.8,-0.725,50.0,-0.113,31.6,-0.533,65.8,0.156,41.8,-0.263,68.4,0.189,15.8,-0.821,50.0,-0.113,35.4,-0.509,49.4,-0.358,32.9,-0.524,67.1,-0.164,24.1,-0.719,50.6,0.0,53.2,-0.065,77.2,0.549,43.0,-0.243,86.1,1.287,24.1,-0.696,50.6,0.0,21.5,-0.635,34.2,-0.533,36.7,-0.529,25.3,-0.542,21.5,-0.595,50.0,-0.113,16.5,-0.568,41.8,-0.145,58.2,0.047,25.3,-0.68,21.5,-0.705,50.0,-0.113,25.3,-0.567,40.5,-0.426,24.1,-0.628,60.1,-0.286,30.4,-0.604,50.6,0.0,30.4,-0.185,86.1,1.053,29.1,-0.727,92.4,2.015,30.4,-0.478,50.6,0.0,29.1,-0.552,40.5,-0.431,39.2,-0.436,45.6,-0.42,21.5,-0.649,50.0,-0.113,60.8,0.028,65.8,0.425,81.0,0.619,62.0,0.011,21.5,-0.706,50.0,-0.113,31.6,-0.363,64.6,0.098,48.1,-0.242,73.4,0.018,24.1,-0.712,50.6,0.0,41.8,-0.377,64.6,0.194,51.9,-0.197,73.4,0.087,24.1,-0.745,50.6,0.0
4jauu6ue076rbeq56exa4bcyy,M. Aïko,Fortuna Sittard,Forward,19,6,5.023348623477123,15,1,0,1.7643,0.5571,0.4665,1.3929,0.0929,0.0,7,3,1.845107010974205,6,0,0,1.625,0.6964,0.4283,1.3929,0.0,0.0,12,3,3.178241612502918,9,1,0,1.8571,0.4643,0.4919,1.3929,0.1548,0.0,2,1,0.9152056567366893,0,1,0,0.9286,0.4643,0.4249,0.0,0.4643,0.0,17,5,4.108142966740433,15,0,0,1.9732,0.5804,0.4768,1.7411,0.0,0.0,9,3,2.619037188733534,6,0,0,1.6714,0.5571,0.4864,1.1143,0.0,0.0,67.7,-0.041,60.1,-0.201,54.4,-0.333,89.2,0.949,43.0,-0.42,50.0,-0.113,78.5,0.38,51.9,-0.128,27.8,-0.581,97.5,2.314,39.2,-0.492,50.0,-0.113,56.3,-0.242,59.5,-0.23,46.8,-0.43,85.4,0.599,24.1,-0.719,50.6,0.0,69.6,0.207,60.8,0.149,36.7,-0.479,97.5,2.381,24.1,-0.696,50.6,0.0,75.9,0.217,62.7,-0.143,57.0,-0.192,89.9,1.227,61.4,-0.11,50.0,-0.113,86.1,0.606,48.1,-0.138,38.0,-0.294,93.7,2.079,58.2,-0.241,50.0,-0.113,36.1,-0.493,40.5,-0.426,38.0,-0.514,25.3,-0.464,71.5,0.219,50.6,0.0,36.7,-0.174,59.5,0.025,38.0,-0.19,25.3,-0.764,93.7,1.133,50.6,0.0,79.7,0.412,70.9,0.007,62.0,-0.167,94.9,2.499,21.5,-0.649,50.0,-0.113,94.9,1.566,63.3,0.329,44.3,-0.171,98.7,3.815,21.5,-0.706,50.0,-0.113,81.0,0.3,64.6,0.098,49.4,-0.209,93.7,1.147,24.1,-0.712,50.6,0.0,74.7,0.145,57.0,-0.053,39.2,-0.416,92.4,1.053,24.1,-0.745,50.6,0.0
4kns22wbu3emy5oxbpr52rdud,E. Dasa,Nijmegen Eendracht Combinatie,Defender,67,26,24.08857265375813,33,1,0,3.2415,1.2579,1.1654,1.5965,0.0484,0.0,32,11,11.49695933223639,20,1,0,3.6769,1.2639,1.321,2.2981,0.1149,0.0,35,15,12.59161332152175,13,0,0,2.9248,1.2535,1.0522,1.0864,0.0,0.0,31,12,10.32333701949831,18,0,0,1.6762,0.6489,0.5582,0.9733,0.0,0.0,36,14,13.76523563425983,15,1,0,2.3637,0.9192,0.9038,0.9849,0.0657,0.0,14,7,5.196371933594301,5,0,0,2.5738,1.2869,0.9553,0.9192,0.0,0.0,89.8,1.406,89.8,1.51,89.1,1.455,86.5,1.077,57.7,-0.116,45.6,-0.312,94.2,1.816,93.4,1.433,91.2,1.436,89.1,1.138,51.8,-0.332,45.6,-0.295,88.3,1.117,86.5,0.96,88.3,1.159,88.0,1.288,71.2,0.262,47.1,-0.254,94.9,1.973,89.8,1.324,96.4,1.853,94.9,1.976,70.1,0.083,47.1,-0.242,91.2,1.668,93.1,1.942,91.2,1.686,83.9,0.775,33.9,-0.583,48.9,-0.173,90.5,1.236,93.4,1.263,87.6,0.997,68.6,0.402,33.9,-0.483,48.9,-0.168,89.1,1.251,89.4,1.376,88.3,1.169,89.4,1.338,33.6,-0.568,46.7,-0.28,75.2,0.56,73.0,0.682,71.5,0.509,79.6,0.793,33.6,-0.47,46.7,-0.245,92.0,1.507,89.4,1.527,92.0,1.669,85.0,0.788,72.3,0.306,48.9,-0.173,94.9,1.81,89.1,1.094,96.4,1.275,78.1,0.751,66.4,-0.102,48.9,-0.158,85.4,1.018,93.4,1.573,86.9,1.059,66.8,0.219,32.5,-0.624,48.5,-0.194,81.8,0.846,90.5,1.28,83.2,0.774,59.9,0.128,32.5,-0.601,48.5,-0.194
4lsj3yc6adimhltkab6tzfj84,D. Versluis,NAC Breda,Midfielder,1,0,0.3297299380282124,0,0,0,0.9168,0.0,0.3023,0.0,0.0,0.0,0,0,0.0,0,0,0,0.0,0.0,0.0,0.0,0.0,0.0,1,0,0.3297299380282124,0,0,0,0.9168,0.0,0.3023,0.0,0.0,0.0,0,0,0.0,0,0,0,0.0,0.0,0.0,0.0,0.0,0.0,1,0,0.3297299380282124,0,0,0,0.9168,0.0,0.3023,0.0,0.0,0.0,1,0,0.3297299380282124,0,0,0,0.9168,0.0,0.3023,0.0,0.0,0.0,2.6,-1.04,3.6,-1.025,2.4,-1.039,5.3,-0.79,25.0,-0.653,46.2,-0.298,1.9,-1.35,3.6,-1.653,4.6,-1.396,5.3,-1.212,25.0,-0.494,46.2,-0.273,3.8,-1.033,7.0,-0.976,3.8,-1.021,9.1,-0.777,33.7,-0.532,48.6,-0.186,3.8,-1.835,7.0,-1.462,3.8,-1.66,9.1,-1.066,33.7,-0.441,48.6,-0.162,6.0,-0.994,6.7,-0.994,5.8,-0.992,8.2,-0.754,35.1,-0.551,47.8,-0.224,5.8,-1.148,6.7,-1.42,8.2,-1.212,8.2,-1.15,35.1,-0.393,47.8,-0.216,6.2,-0.912,11.3,-0.843,6.2,-0.896,13.9,-0.676,34.9,-0.508,48.8,-0.172,6.2,-1.947,11.3,-1.333,6.2,-1.711,13.9,-0.976,34.9,-0.4,48.8,-0.128,4.3,-1.107,5.3,-1.103,4.8,-1.12,6.7,-0.845,33.4,-0.57,47.6,-0.236,2.9,-1.134,5.3,-1.582,7.0,-1.275,6.7,-1.224,33.4,-0.387,47.6,-0.219,2.6,-1.62,3.6,-1.432,2.4,-1.502,8.4,-1.058,36.3,-0.519,48.8,-0.172,1.9,-1.187,3.6,-1.467,7.5,-1.203,8.4,-1.121,36.3,-0.47,48.8,-0.172
4mz9mhuv21kti5x38fb36q2g9,Y. El Kachati,Nijmegen Eendracht Combinatie,Forward,22,6,7.854915373962408,13,2,0,1.8377,0.5012,0.6561,1.0859,0.1671,0.0,9,4,4.651826190519198,3,1,0,1.3783,0.6126,0.7124,0.4594,0.1531,0.0,13,2,3.20308918344321,10,1,0,2.389,0.3675,0.5886,1.8377,0.1838,0.0,2,0,0.3269366967658658,1,1,0,0.9189,0.0,0.1502,0.4594,0.4594,0.0,20,6,7.527978677196542,12,1,0,1.6707,0.5012,0.6288,1.0024,0.0835,0.0,10,3,4.813972124562152,4,1,0,1.8377,0.5513,0.8847,0.7351,0.1838,0.0,72.2,0.073,60.1,-0.201,67.1,-0.103,87.3,0.746,61.4,-0.116,50.0,-0.113,82.3,0.49,41.8,-0.246,57.0,-0.069,91.1,1.614,58.2,-0.229,50.0,-0.113,61.4,-0.108,66.5,-0.103,65.8,-0.036,75.3,0.027,61.4,-0.095,50.6,0.0,51.9,-0.07,54.4,0.0,64.6,0.121,63.3,0.214,63.3,-0.181,50.6,0.0,80.4,0.302,50.0,-0.338,58.2,-0.187,91.8,1.423,61.4,-0.11,50.0,-0.113,91.1,1.274,39.2,-0.334,48.1,-0.053,98.7,2.961,59.5,-0.154,50.0,-0.113,36.1,-0.493,17.1,-0.59,27.8,-0.616,60.1,-0.286,71.5,0.219,50.6,0.0,27.2,-0.189,17.1,-1.018,24.1,-0.967,73.4,0.621,91.1,1.116,50.6,0.0,85.4,0.634,77.8,0.154,81.0,0.338,91.1,1.873,54.4,-0.254,50.0,-0.113,89.9,0.941,49.4,0.106,68.4,0.365,96.2,1.855,49.4,-0.448,50.0,-0.113,85.4,0.466,64.6,0.098,81.0,0.657,86.7,0.582,62.7,-0.034,50.6,0.0,83.5,0.312,50.6,-0.064,77.2,0.477,81.0,0.492,51.3,-0.136,50.6,0.0
4n18t6bixl6ba3bx76hym51qs,A. Gaaei,AFC Ajax,Defender,105,33,33.76709629163052,74,2,1,3.6994,1.1627,1.1897,2.6072,0.0705,0.0352,61,19,19.91038406333581,39,1,1,3.7252,1.1603,1.2159,2.3817,0.0611,0.0611,44,14,13.85671222829471,35,1,0,3.6641,1.1659,1.1539,2.9146,0.0833,0.0,48,18,16.25817896284658,29,2,0,2.4427,0.916,0.8274,1.4758,0.1018,0.0,57,15,17.50891732878393,45,0,1,2.2702,0.5974,0.6973,1.7922,0.0,0.0398,22,1,6.084756460220905,19,0,1,4.0305,0.1832,1.1148,3.4809,0.0,0.1832,97.1,2.781,94.5,2.165,95.6,2.433,98.5,3.349,77.4,0.52,95.3,2.743,96.4,2.42,92.0,1.213,93.4,1.504,99.3,2.606,56.2,-0.179,92.7,1.706,98.5,3.0,95.6,2.296,96.4,2.686,98.5,3.191,71.2,0.262,96.7,3.22,95.6,2.024,85.4,1.107,91.2,1.573,95.6,2.086,59.9,-0.195,94.2,1.649,96.0,2.361,92.0,1.756,92.7,1.953,98.5,3.37,78.8,0.645,48.9,-0.173,97.1,2.022,89.1,1.098,92.7,1.224,99.3,2.86,72.3,0.054,48.9,-0.168,96.0,2.452,96.4,2.477,95.6,2.342,97.8,2.594,93.1,1.654,46.7,-0.28,97.1,1.8,92.0,1.499,94.2,1.554,96.4,1.77,80.3,0.329,46.7,-0.245,98.5,3.0,91.6,1.703,97.1,2.405,98.9,3.856,30.7,-0.627,98.9,5.745,94.2,1.626,62.8,0.259,79.6,0.584,98.5,2.366,30.7,-0.565,97.8,3.459,98.2,2.681,19.3,-0.885,92.0,1.514,100.0,3.633,32.5,-0.624,98.5,5.119,97.1,2.549,10.9,-0.945,88.3,1.177,100.0,3.435,32.5,-0.601,97.1,5.064
4nkd85hpwiiqtieuslhcrc2ga,C. Staring,NAC Breda,Forward,1,0,0.3638654936336645,0,0,0,0.9231,0.0,0.3359,0.0,0.0,0.0,1,0,0.3638654936336645,0,0,0,0.9231,0.0,0.3359,0.0,0.0,0.0,0,0,0.0,0,0,0,0.0,0.0,0.0,0.0,0.0,0.0,0,0,0.0,0,0,0,0.0,0.0,0.0,0.0,0.0,0.0,1,0,0.3638654936336645,0,0,0,0.9231,0.0,0.3359,0.0,0.0,0.0,1,0,0.3638654936336645,0,0,0,0.9231,0.0,0.3359,0.0,0.0,0.0,6.3,-0.725,7.0,-0.676,7.6,-0.712,13.9,-0.568,15.8,-0.725,50.0,-0.113,5.1,-0.875,7.0,-1.305,16.5,-0.934,13.9,-0.862,15.8,-0.821,50.0,-0.113,15.8,-0.643,13.3,-0.612,17.7,-0.637,19.0,-0.545,24.1,-0.719,50.6,0.0,17.7,-0.581,13.3,-1.087,24.1,-0.674,19.0,-0.853,24.1,-0.696,50.6,0.0,5.7,-0.805,13.9,-0.728,5.7,-0.781,25.3,-0.542,21.5,-0.595,50.0,-0.113,5.7,-1.725,13.9,-1.082,5.7,-1.519,25.3,-0.68,21.5,-0.705,50.0,-0.113,10.8,-0.641,17.1,-0.59,10.8,-0.673,25.3,-0.464,30.4,-0.604,50.6,0.0,10.8,-1.614,17.1,-1.018,10.8,-1.391,25.3,-0.764,30.4,-0.478,50.6,0.0,10.8,-0.774,12.0,-0.724,12.7,-0.719,18.4,-0.628,21.5,-0.649,50.0,-0.113,11.4,-0.605,12.0,-1.302,25.3,-0.667,18.4,-0.805,21.5,-0.706,50.0,-0.113,6.3,-1.026,10.8,-1.005,7.6,-1.099,20.9,-0.547,24.1,-0.712,50.6,0.0,5.1,-0.608,10.8,-1.081,17.7,-0.754,20.9,-0.595,24.1,-0.745,50.6,0.0
4phgw75cred5p93hjq8hiou6t,S. Floranus,PEC Zwolle,Defender,41,17,16.66786934590527,20,0,0,1.6717,0.6932,0.6796,0.8155,0.0,0.0,19,7,6.646068289568936,9,0,0,1.6198,0.5968,0.5666,0.7673,0.0,0.0,22,10,10.02180105633633,11,0,0,1.7193,0.7815,0.7832,0.8597,0.0,0.0,20,9,7.715997792020215,10,0,0,1.3397,0.6029,0.5169,0.6699,0.0,0.0,21,8,8.951871553885056,10,0,0,1.0941,0.4168,0.4664,0.521,0.0,0.0,6,2,2.156537277430668,3,0,0,1.1254,0.3751,0.4045,0.5627,0.0,0.0,78.1,0.466,82.1,0.669,83.2,0.705,76.3,0.356,23.0,-0.752,45.6,-0.312,48.9,-0.253,62.0,0.124,62.0,0.086,54.0,0.003,23.0,-0.666,45.6,-0.295,74.8,0.273,75.9,0.291,74.5,0.279,74.1,0.186,29.9,-0.636,47.1,-0.254,50.0,-0.208,56.2,-0.074,52.6,-0.155,56.2,-0.039,29.9,-0.51,47.1,-0.242,80.3,0.668,84.7,1.01,87.6,1.145,79.2,0.539,33.9,-0.583,48.9,-0.173,51.8,-0.045,69.3,0.374,73.7,0.397,56.9,0.097,33.9,-0.483,48.9,-0.168,79.6,0.474,86.5,0.825,83.2,0.654,77.7,0.424,33.6,-0.568,46.7,-0.28,53.3,0.015,67.9,0.541,67.2,0.349,56.2,0.204,33.6,-0.47,46.7,-0.245,75.2,0.44,76.3,0.469,81.0,0.722,75.2,0.277,30.7,-0.627,48.9,-0.173,24.1,-0.684,45.3,-0.21,48.2,-0.188,52.6,-0.177,30.7,-0.565,48.9,-0.158,25.5,-0.645,38.0,-0.475,40.1,-0.498,54.7,-0.269,32.5,-0.624,48.5,-0.194,20.4,-0.848,37.6,-0.559,32.8,-0.615,51.5,-0.333,32.5,-0.601,48.5,-0.194
4ported2opjp4xbp87bpqb6z8,M. Soumano,NAC Breda,Forward,6,2,2.76955386934663,3,0,0,0.9243,0.3081,0.4266,0.4621,0.0,0.0,4,1,1.440744688331598,3,0,0,0.9243,0.2311,0.3329,0.6932,0.0,0.0,2,1,1.328809181015032,0,0,0,0.9243,0.4621,0.6141,0.0,0.0,0.0,1,0,0.2935842586417734,1,0,0,0.9243,0.0,0.2713,0.9243,0.0,0.0,5,2,2.475969610704857,2,0,0,0.9243,0.3697,0.4577,0.3697,0.0,0.0,5,2,2.313539068459312,2,0,0,0.9243,0.3697,0.4277,0.3697,0.0,0.0,27.8,-0.535,31.6,-0.518,31.6,-0.516,62.0,-0.265,15.8,-0.725,50.0,-0.113,6.3,-0.874,24.1,-0.654,24.1,-0.689,69.6,0.192,15.8,-0.821,50.0,-0.113,43.0,-0.443,34.8,-0.485,40.5,-0.486,75.3,0.027,24.1,-0.719,50.6,0.0,19.6,-0.58,30.4,-0.677,22.8,-0.68,79.7,0.757,24.1,-0.696,50.6,0.0,21.5,-0.635,34.2,-0.533,34.2,-0.535,25.3,-0.542,21.5,-0.595,50.0,-0.113,17.7,-0.565,43.0,-0.142,54.4,0.011,25.3,-0.68,21.5,-0.705,50.0,-0.113,25.3,-0.567,17.1,-0.59,26.6,-0.622,60.1,-0.286,30.4,-0.604,50.6,0.0,32.3,-0.181,17.1,-1.018,30.4,-0.624,94.9,2.023,30.4,-0.478,50.6,0.0,36.1,-0.478,40.5,-0.431,40.5,-0.407,62.7,-0.211,21.5,-0.649,50.0,-0.113,12.7,-0.603,36.7,-0.263,38.0,-0.238,70.3,0.176,21.5,-0.706,50.0,-0.113,31.6,-0.363,47.5,-0.27,43.0,-0.33,73.4,0.018,24.1,-0.712,50.6,0.0,7.0,-0.607,36.1,-0.399,32.9,-0.548,67.7,-0.048,24.1,-0.745,50.6,0.0
4pqi5vt820333t5zsj2refc2d,B. Linssen,Nijmegen Eendracht Combinatie,Forward,37,16,14.81771828821704,15,5,0,1.6196,0.7004,0.6486,0.6566,0.2189,0.0,23,11,8.714266170789957,9,4,0,1.6264,0.7778,0.6162,0.6364,0.2828,0.0,14,5,6.103452117427084,6,1,0,1.6087,0.5745,0.7013,0.6894,0.1149,0.0,24,7,7.907585193416681,11,4,0,1.2978,0.3785,0.4276,0.5948,0.2163,0.0,13,9,6.91013309480036,4,1,0,1.0864,0.7521,0.5775,0.3343,0.0836,0.0,7,2,2.313030670080492,2,2,0,1.2869,0.3677,0.4252,0.3677,0.3677,0.0,87.3,0.643,84.8,0.59,82.3,0.463,89.2,0.949,88.6,0.798,50.0,-0.113,72.2,0.164,68.4,0.175,55.7,-0.089,78.5,0.635,65.8,-0.046,50.0,-0.113,90.5,0.828,87.3,0.788,82.3,0.533,91.8,1.171,92.4,1.778,50.6,0.0,70.9,0.209,69.6,0.294,55.7,-0.082,78.5,0.625,73.4,0.255,50.6,0.0,83.5,0.387,75.3,0.247,79.7,0.35,86.7,0.637,61.4,-0.11,50.0,-0.113,73.4,0.294,58.2,0.086,67.1,0.228,82.3,0.686,50.6,-0.361,50.0,-0.113,92.4,1.141,85.4,0.559,84.8,0.696,93.0,1.495,98.1,2.685,50.6,0.0,65.8,0.398,48.1,-0.167,39.2,-0.182,83.5,1.029,77.2,0.273,50.6,0.0,72.2,0.115,82.9,0.592,77.2,0.247,82.3,0.206,54.4,-0.254,50.0,-0.113,45.6,-0.267,84.8,0.811,54.4,0.184,67.1,0.082,50.6,-0.448,50.0,-0.113,60.8,-0.031,47.5,-0.27,41.8,-0.33,73.4,0.018,82.3,0.643,50.6,0.0,48.1,-0.242,32.9,-0.403,31.6,-0.554,65.8,-0.051,73.4,0.473,50.6,0.0
4qr07cfbwquppkww057mb9tk9,J. Moder,Feyenoord Rotterdam,Midfielder,27,12,10.44347002060205,6,0,0,3.0963,1.3761,1.1976,0.6881,0.0,0.0,8,5,3.514212884138645,2,0,0,2.4465,1.5291,1.0747,0.6116,0.0,0.0,19,7,6.929257136463407,4,0,0,3.4862,1.2844,1.2714,0.7339,0.0,0.0,9,3,3.442971770899995,2,0,0,1.6514,0.5505,0.6317,0.367,0.0,0.0,18,9,7.000498249702058,4,0,0,2.3591,1.1796,0.9175,0.5242,0.0,0.0,17,7,6.223133118201549,3,0,0,3.1193,1.2844,1.1419,0.5505,0.0,0.0,49.5,-0.286,50.5,-0.251,47.6,-0.358,39.9,-0.478,25.0,-0.653,46.2,-0.298,91.3,1.183,84.6,0.986,80.8,0.773,51.0,-0.217,25.0,-0.494,46.2,-0.273,35.3,-0.612,46.2,-0.409,37.0,-0.593,35.8,-0.591,33.7,-0.532,48.6,-0.186,66.3,0.328,85.6,1.105,67.8,0.393,43.3,-0.327,33.7,-0.441,48.6,-0.162,65.1,0.11,61.1,-0.04,60.6,-0.064,52.6,-0.313,35.1,-0.551,47.8,-0.224,94.7,1.721,88.0,0.867,84.6,1.024,59.6,-0.025,35.1,-0.393,47.8,-0.216,45.4,-0.427,45.4,-0.493,45.7,-0.469,40.9,-0.479,34.9,-0.508,48.8,-0.172,59.6,0.222,44.2,-0.077,50.0,0.035,44.2,-0.373,34.9,-0.4,48.8,-0.128,54.3,-0.114,60.3,0.042,51.4,-0.209,43.0,-0.44,33.4,-0.57,47.6,-0.236,91.8,1.396,97.1,1.248,86.5,0.902,47.6,-0.214,33.4,-0.387,47.6,-0.219,86.1,1.191,80.8,0.862,78.4,0.691,50.2,-0.286,36.3,-0.519,48.8,-0.172,85.1,1.12,76.4,0.703,75.0,0.549,42.8,-0.355,36.3,-0.47,48.8,-0.172
4sunqn5rh61b4lmywcei3d17u,Z. Booth,SBV Excelsior,Midfielder,4,1,2.524876200088829,0,0,0,1.2587,0.3147,0.7945,0.0,0.0,0.0,1,0,0.6131611372142324,0,0,0,0.9441,0.0,0.5789,0.0,0.0,0.0,3,1,1.911715062874597,0,0,0,1.4161,0.472,0.9024,0.0,0.0,0.0,1,0,0.6131611372142324,0,0,0,0.9441,0.0,0.5789,0.0,0.0,0.0,3,1,1.911715062874597,0,0,0,1.4161,0.472,0.9024,0.0,0.0,0.0,4,1,2.524876200088829,0,0,0,1.2587,0.3147,0.7945,0.0,0.0,0.0,10.8,-0.953,11.1,-0.961,17.3,-0.891,5.3,-0.79,25.0,-0.653,46.2,-0.298,17.3,-0.952,13.5,-1.05,43.8,-0.204,5.3,-1.212,25.0,-0.494,46.2,-0.273,9.6,-0.98,7.0,-0.976,13.5,-0.946,9.1,-0.777,33.7,-0.532,48.6,-0.186,16.3,-1.001,7.0,-1.462,29.8,-0.554,9.1,-1.066,33.7,-0.441,48.6,-0.162,15.9,-0.871,18.0,-0.858,24.5,-0.769,8.2,-0.754,35.1,-0.551,47.8,-0.224,28.8,-0.59,32.7,-0.579,64.9,0.172,8.2,-1.15,35.1,-0.393,47.8,-0.216,15.1,-0.858,11.3,-0.843,18.3,-0.82,13.9,-0.676,34.9,-0.508,48.8,-0.172,23.1,-0.707,11.3,-1.333,41.3,-0.111,13.9,-0.976,34.9,-0.4,48.8,-0.128,13.0,-0.99,14.9,-0.976,20.2,-0.904,6.7,-0.845,33.4,-0.57,47.6,-0.236,47.6,-0.258,31.2,-0.45,84.1,0.849,6.7,-1.224,33.4,-0.387,47.6,-0.219,10.8,-1.093,12.5,-1.104,26.4,-0.685,8.4,-1.058,36.3,-0.519,48.8,-0.172,20.2,-0.828,13.5,-0.935,54.8,-0.176,8.4,-1.121,36.3,-0.47,48.8,-0.172
4u12cln8rmtkwlu5q36ypjl2i,N. Schiks,PSV Eindhoven,Goalkeeper,2,0,0.1681953962075378,0,0,0,0.9524,0.0,0.0801,0.0,0.0,0.0,0,0,0.0,0,0,0,0.0,0.0,0.0,0.0,0.0,0.0,2,0,0.1681953962075378,0,0,0,0.9524,0.0,0.0801,0.0,0.0,0.0,1,0,0.057298479511103,0,0,0,0.9524,0.0,0.0546,0.0,0.0,0.0,1,0,0.1108969166964348,0,0,0,0.9524,0.0,0.1056,0.0,0.0,0.0,2,0,0.1681953962075378,0,0,0,0.9524,0.0,0.0801,0.0,0.0,0.0,27.5,-0.843,25.0,-0.639,25.0,-0.544,45.0,-0.337,48.8,-0.214,51.2,0.0,35.0,-0.802,25.0,-0.769,30.0,-0.528,45.0,-0.279,48.8,-0.226,51.2,0.0,11.2,-0.86,30.0,-0.604,11.2,-0.567,45.0,-0.352,51.2,0.0,51.2,0.0,11.2,-1.569,30.0,-0.602,11.2,-0.847,45.0,-0.348,51.2,0.0,51.2,0.0,31.2,-0.76,30.0,-0.588,30.0,-0.512,48.8,-0.227,48.8,-0.214,51.2,0.0,40.0,-0.42,30.0,-0.668,40.0,-0.454,48.8,-0.193,48.8,-0.221,51.2,0.0,30.0,-0.742,28.7,-0.631,25.0,-0.583,47.5,-0.281,51.2,0.0,51.2,0.0,62.5,0.177,28.7,-0.627,30.0,-0.491,47.5,-0.267,51.2,0.0,51.2,0.0,20.0,-0.853,31.2,-0.567,25.0,-0.497,47.5,-0.259,48.8,-0.214,51.2,0.0,45.0,-0.27,31.2,-0.624,57.5,-0.24,47.5,-0.221,48.8,-0.226,51.2,0.0,27.5,-0.989,32.5,-0.628,25.0,-0.684,46.2,-0.294,50.0,-0.158,51.2,0.0,37.5,-0.693,32.5,-0.656,35.0,-0.57,46.2,-0.294,50.0,-0.158,51.2,0.0
4ueed4kbdae5xugt9ajz6dw5w,N. Courtens,SC Heerenveen,Midfielder,2,0,1.285810554211072,0,0,0,0.9317,0.0,0.599,0.0,0.0,0.0,0,0,0.0,0,0,0,0.0,0.0,0.0,0.0,0.0,0.0,2,0,1.285810554211072,0,0,0,0.9317,0.0,0.599,0.0,0.0,0.0,0,0,0.0,0,0,0,0.0,0.0,0.0,0.0,0.0,0.0,2,0,1.285810554211072,0,0,0,0.9317,0.0,0.599,0.0,0.0,0.0,2,0,1.285810554211072,0,0,0,0.9317,0.0,0.599,0.0,0.0,0.0,6.7,-1.011,3.6,-1.025,9.6,-0.974,5.3,-0.79,25.0,-0.653,46.2,-0.298,4.8,-1.332,3.6,-1.653,27.4,-0.678,5.3,-1.212,25.0,-0.494,46.2,-0.273,3.8,-1.033,7.0,-0.976,3.8,-1.021,9.1,-0.777,33.7,-0.532,48.6,-0.186,3.8,-1.835,7.0,-1.462,3.8,-1.66,9.1,-1.066,33.7,-0.441,48.6,-0.162,11.5,-0.933,6.7,-0.994,15.4,-0.857,8.2,-0.754,35.1,-0.551,47.8,-0.224,10.6,-1.131,6.7,-1.42,31.7,-0.527,8.2,-1.15,35.1,-0.393,47.8,-0.216,6.2,-0.912,11.3,-0.843,6.2,-0.896,13.9,-0.676,34.9,-0.508,48.8,-0.172,6.2,-1.947,11.3,-1.333,6.2,-1.711,13.9,-0.976,34.9,-0.4,48.8,-0.128,9.9,-1.048,5.3,-1.103,13.0,-0.989,6.7,-0.845,33.4,-0.57,47.6,-0.236,7.7,-1.108,5.3,-1.582,45.2,-0.225,6.7,-1.224,33.4,-0.387,47.6,-0.219,6.7,-1.444,3.6,-1.432,9.6,-1.147,8.4,-1.058,36.3,-0.519,48.8,-0.172,6.0,-1.171,3.6,-1.467,32.2,-0.584,8.4,-1.121,36.3,-0.47,48.8,-0.172
4utx4h5jz14whtjawxn7ox0r8,N. Verschuren,FC Volendam,Defender,15,3,3.470722905533324,1,4,0,1.5567,0.3113,0.3602,0.1038,0.4151,0.0,9,3,2.633350801066038,1,2,0,2.1016,0.7005,0.6149,0.2335,0.467,0.0,6,0,0.8373721044672862,0,2,0,1.1209,0.0,0.1564,0.0,0.3736,0.0,4,1,0.8006294667671351,0,1,0,1.2454,0.3113,0.2493,0.0,0.3113,0.0,11,2,2.670093438766189,1,3,0,1.4678,0.2669,0.3563,0.1334,0.4003,0.0,9,1,2.025197654152553,0,3,0,1.6813,0.1868,0.3783,0.0,0.5604,0.0,39.4,-0.474,30.7,-0.639,31.4,-0.629,18.2,-0.697,94.5,1.791,45.6,-0.312,44.2,-0.405,21.2,-0.761,21.2,-0.802,14.6,-1.031,97.1,2.198,45.6,-0.295,46.0,-0.376,49.6,-0.377,45.3,-0.449,30.3,-0.616,88.3,1.161,47.1,-0.254,70.8,0.303,63.5,0.143,57.7,-0.026,32.1,-0.742,97.8,1.901,47.1,-0.242,37.6,-0.563,9.9,-0.855,17.5,-0.789,11.3,-0.758,93.8,1.874,48.9,-0.173,22.6,-0.681,9.9,-1.099,11.7,-1.002,11.3,-1.059,94.9,1.927,48.9,-0.168,24.5,-0.657,29.9,-0.643,21.2,-0.713,14.6,-0.718,78.1,0.543,46.7,-0.28,45.3,-0.138,38.0,-0.35,23.4,-0.69,14.6,-1.098,96.4,1.973,46.7,-0.245,52.2,-0.271,36.1,-0.588,42.3,-0.514,25.5,-0.643,96.0,2.173,48.9,-0.173,61.3,0.05,28.5,-0.599,29.2,-0.557,21.2,-0.952,95.6,2.259,48.9,-0.158,58.8,-0.021,19.3,-0.885,35.8,-0.566,7.7,-1.0,98.5,3.386,48.5,-0.194,56.9,-0.198,17.2,-0.938,28.5,-0.681,7.7,-1.059,98.5,2.794,48.5,-0.194
50130ztne7nsfs9fxf0am6vv9,D. Mertens,SC Telstar,Midfielder,15,5,5.431119095323557,7,1,0,1.2705,0.4235,0.46,0.5929,0.0847,0.0,10,1,2.879717281024792,7,1,0,1.1646,0.1165,0.3354,0.8152,0.1165,0.0,5,4,2.551401814298765,0,0,0,1.5528,1.2422,0.7924,0.0,0.0,0.0,2,1,0.8602092901070562,0,0,0,1.8634,0.9317,0.8014,0.0,0.0,0.0,13,4,4.570909805216501,7,1,0,1.1011,0.3388,0.3871,0.5929,0.0847,0.0,5,2,1.538100206368058,3,0,0,0.9317,0.3727,0.2866,0.559,0.0,0.0,33.4,-0.634,32.0,-0.703,30.8,-0.695,44.0,-0.426,64.7,0.033,46.2,-0.298,18.3,-0.938,19.2,-0.841,15.4,-1.014,41.8,-0.354,73.6,0.056,46.2,-0.273,41.6,-0.507,20.0,-0.863,33.7,-0.67,58.7,-0.125,78.1,0.456,48.6,-0.186,20.2,-0.806,13.9,-1.266,13.5,-1.019,54.3,-0.081,78.4,0.204,48.6,-0.162,25.0,-0.749,44.0,-0.449,30.8,-0.679,8.2,-0.754,35.1,-0.551,47.8,-0.224,36.1,-0.437,85.1,0.792,50.5,-0.081,8.2,-1.15,35.1,-0.393,47.8,-0.216,20.9,-0.804,28.4,-0.726,21.6,-0.789,13.9,-0.676,34.9,-0.508,48.8,-0.172,71.6,0.501,78.8,0.793,74.5,0.505,13.9,-0.976,34.9,-0.4,48.8,-0.128,43.3,-0.406,36.3,-0.594,39.4,-0.541,59.1,-0.136,78.6,0.582,47.6,-0.236,20.7,-0.811,19.7,-0.769,13.5,-0.975,55.0,-0.082,77.9,0.174,47.6,-0.219,16.3,-0.917,24.8,-0.777,12.5,-1.053,50.2,-0.286,36.3,-0.519,48.8,-0.172,6.0,-1.171,21.6,-0.837,5.3,-1.236,47.1,-0.343,36.3,-0.47,48.8,-0.172
50zbw9cb2gon7eb7w08ndfyms,M. Zonneveld,SC Telstar,Forward,7,4,3.476300669291438,1,2,0,0.9278,0.5302,0.4608,0.1325,0.2651,0.0,2,1,0.910224465157591,1,1,0,0.9278,0.4639,0.4223,0.4639,0.4639,0.0,5,3,2.566076204133847,0,1,0,0.9278,0.5567,0.4762,0.0,0.1856,0.0,2,2,1.455290034932279,0,0,0,0.9278,0.9278,0.6751,0.0,0.0,0.0,5,2,2.021010634359159,1,2,0,0.9278,0.3711,0.375,0.1856,0.3711,0.0,5,3,2.652723390387555,1,1,0,0.9278,0.5567,0.4923,0.1856,0.1856,0.0,32.9,-0.497,49.4,-0.36,38.0,-0.459,38.0,-0.467,61.4,-0.116,50.0,-0.113,8.2,-0.868,48.1,-0.184,26.6,-0.596,39.2,-0.56,73.4,0.117,50.0,-0.113,26.6,-0.576,34.8,-0.485,25.3,-0.561,50.0,-0.355,61.4,-0.095,50.6,0.0,23.4,-0.576,41.8,-0.264,35.4,-0.492,67.1,0.224,83.5,0.865,50.6,0.0,47.5,-0.379,62.7,-0.143,51.9,-0.306,25.3,-0.542,61.4,-0.11,50.0,-0.113,20.3,-0.56,57.0,0.05,35.4,-0.333,25.3,-0.68,60.8,-0.149,50.0,-0.113,36.1,-0.493,56.3,-0.262,43.0,-0.421,25.3,-0.464,30.4,-0.604,50.6,0.0,34.2,-0.175,87.3,1.067,69.6,0.517,25.3,-0.764,30.4,-0.478,50.6,0.0,36.1,-0.478,40.5,-0.431,36.7,-0.474,45.6,-0.42,74.1,0.14,50.0,-0.113,17.1,-0.595,38.0,-0.259,29.1,-0.53,51.3,-0.312,78.5,0.443,50.0,-0.113,31.6,-0.363,64.6,0.098,51.9,-0.196,54.4,-0.264,62.7,-0.034,50.6,0.0,12.0,-0.603,54.4,-0.054,41.8,-0.403,53.8,-0.32,58.9,-0.13,50.6,0.0
52cqyvn8cfh83i5zwm3181pbe,T. Noslin,SC Telstar,Midfielder,88,25,29.22979194447941,53,2,0,2.8095,0.7982,0.9332,1.6921,0.0639,0.0,45,11,13.67208642168591,28,1,0,3.2049,0.7834,0.9737,1.9942,0.0712,0.0,43,14,15.5577055227935,25,1,0,2.4883,0.8101,0.9003,1.4467,0.0579,0.0,45,12,14.64513348205907,24,2,0,1.984,0.5291,0.6457,1.0581,0.0882,0.0,43,13,14.58465846242034,29,0,0,1.6589,0.5015,0.5626,1.1188,0.0,0.0,12,3,3.477381090463399,10,1,0,2.2221,0.5555,0.6439,1.8517,0.1852,0.0,91.3,1.484,77.6,0.587,84.1,0.907,95.7,1.968,84.9,0.719,46.2,-0.298,83.7,0.85,48.1,-0.122,62.0,0.132,88.0,1.236,67.3,-0.079,46.2,-0.273,89.9,1.332,72.1,0.272,79.3,0.645,95.2,1.831,78.1,0.456,48.6,-0.186,85.1,0.998,49.0,-0.147,62.5,0.2,88.5,1.344,71.6,-0.047,48.6,-0.162,91.6,1.581,82.9,0.915,87.5,1.15,95.9,2.002,81.5,0.782,47.8,-0.224,77.2,0.607,54.3,0.022,64.4,0.168,85.1,1.069,71.4,-0.019,47.8,-0.216,92.3,1.516,79.6,0.556,84.6,0.92,95.0,1.696,94.5,1.715,48.8,-0.172,80.3,0.66,43.8,-0.126,51.9,0.074,80.3,0.761,84.1,0.279,48.8,-0.128,90.9,1.346,75.7,0.551,82.2,0.826,97.1,2.093,33.4,-0.57,47.6,-0.236,64.9,0.168,32.2,-0.379,39.4,-0.354,85.1,0.93,33.4,-0.387,47.6,-0.219,69.0,0.312,38.0,-0.449,42.8,-0.331,91.6,1.516,82.9,0.847,48.8,-0.172,65.9,0.181,33.9,-0.529,37.0,-0.49,91.3,1.455,77.6,0.564,48.8,-0.172
536qjh4gcmpo5q68ti87e60kq,S. Mito,Sparta Rotterdam,Midfielder,48,14,17.55865252696352,27,0,0,2.236,0.6522,0.8179,1.2578,0.0,0.0,19,9,8.103233803966292,9,0,0,1.9669,0.9317,0.8388,0.9317,0.0,0.0,29,5,9.455418722997228,18,0,0,2.4562,0.4235,0.8009,1.5246,0.0,0.0,26,8,9.40682000627435,15,0,0,1.6149,0.4969,0.5843,0.9317,0.0,0.0,22,6,8.15183252068917,12,0,0,1.7081,0.4658,0.6329,0.9317,0.0,0.0,13,5,3.979516375590211,8,0,0,2.4224,0.9317,0.7415,1.4907,0.0,0.0,71.6,0.323,57.2,-0.122,66.3,0.121,81.2,0.615,25.0,-0.653,46.2,-0.298,62.0,0.184,35.1,-0.402,48.6,-0.147,76.0,0.608,25.0,-0.494,46.2,-0.273,59.1,-0.034,62.7,0.045,60.6,-0.034,69.7,0.061,33.7,-0.532,48.6,-0.186,53.8,-0.096,57.2,0.102,50.0,-0.058,62.5,0.06,33.7,-0.441,48.6,-0.162,81.7,0.723,51.0,-0.313,70.7,0.292,91.8,1.23,35.1,-0.551,47.8,-0.224,75.0,0.571,22.6,-0.666,52.4,-0.062,88.0,1.188,35.1,-0.393,47.8,-0.216,76.9,0.49,67.3,0.09,72.1,0.27,86.1,0.807,34.9,-0.508,48.8,-0.172,56.7,0.175,42.3,-0.199,43.3,-0.096,75.5,0.554,34.9,-0.4,48.8,-0.128,64.2,0.12,47.1,-0.339,57.7,-0.052,76.0,0.371,33.4,-0.57,47.6,-0.236,65.9,0.254,28.8,-0.465,50.0,-0.105,74.5,0.57,33.4,-0.387,47.6,-0.219,73.6,0.488,64.4,0.206,54.3,-0.144,82.5,1.001,36.3,-0.519,48.8,-0.172,73.1,0.39,61.1,0.107,48.6,-0.286,82.7,0.953,36.3,-0.47,48.8,-0.172
55jzj7tzvnfytfq92sbcpvuok,S. van Persie,Feyenoord Rotterdam,Forward,2,1,0.6540069083324416,0,1,0,0.9474,0.4737,0.3098,0.0,0.4737,0.0,1,1,0.5754259666519874,0,0,0,0.9474,0.9474,0.5451,0.0,0.0,0.0,1,0,0.0785809416804542,0,1,0,0.9474,0.0,0.0744,0.0,0.9474,0.0,0,0,0.0,0,0,0,0.0,0.0,0.0,0.0,0.0,0.0,2,1,0.6540069083324416,0,1,0,0.9474,0.4737,0.3098,0.0,0.4737,0.0,2,1,0.6540069083324416,0,1,0,0.9474,0.4737,0.3098,0.0,0.4737,0.0,15.8,-0.687,19.6,-0.597,12.7,-0.688,13.9,-0.568,43.0,-0.42,50.0,-0.113,20.3,-0.839,39.2,-0.304,12.7,-1.004,13.9,-0.862,86.1,0.855,50.0,-0.113,15.8,-0.643,34.8,-0.485,19.0,-0.608,19.0,-0.545,24.1,-0.719,50.6,0.0,36.7,-0.554,82.3,0.595,44.3,-0.232,19.0,-0.853,24.1,-0.696,50.6,0.0,13.9,-0.72,13.9,-0.728,11.4,-0.767,25.3,-0.542,61.4,-0.11,50.0,-0.113,32.9,-0.536,13.9,-1.082,11.4,-1.334,25.3,-0.68,93.7,2.135,50.0,-0.113,10.8,-0.641,17.1,-0.59,10.8,-0.673,25.3,-0.464,30.4,-0.604,50.6,0.0,10.8,-1.614,17.1,-1.018,10.8,-1.391,25.3,-0.764,30.4,-0.478,50.6,0.0,20.3,-0.7,29.1,-0.578,19.0,-0.676,18.4,-0.628,54.4,-0.254,50.0,-0.113,36.7,-0.555,48.1,0.029,20.3,-0.76,18.4,-0.805,84.8,0.761,50.0,-0.113,15.8,-0.86,29.1,-0.637,12.7,-0.984,20.9,-0.547,62.7,-0.034,50.6,0.0,26.6,-0.583,49.4,-0.207,15.2,-0.812,20.9,-0.595,83.5,0.824,50.6,0.0
56nbghr9snc79dt8h99wleej8,S. Steur,AFC Ajax,Midfielder,23,14,14.78413087342491,0,1,0,1.3221,0.8047,0.8498,0.0,0.0575,0.0,12,9,8.313447851191928,0,0,0,1.2263,0.9197,0.8495,0.0,0.0,0.0,11,5,6.470683022232985,0,1,0,1.4453,0.6569,0.8502,0.0,0.1314,0.0,14,8,8.460682057275376,0,1,0,1.1705,0.6689,0.7074,0.0,0.0836,0.0,9,6,6.323448816149537,0,0,0,1.1825,0.7883,0.8308,0.0,0.0,0.0,7,5,5.287931083033632,0,0,0,1.2876,0.9197,0.9727,0.0,0.0,0.0,45.2,-0.402,57.2,-0.122,59.1,-0.066,5.3,-0.79,64.7,0.033,46.2,-0.298,19.2,-0.879,49.5,-0.11,53.4,-0.07,5.3,-1.212,63.7,-0.121,46.2,-0.273,45.2,-0.402,62.7,0.045,62.0,-0.008,9.1,-0.777,33.7,-0.532,48.6,-0.186,22.6,-0.751,52.9,0.082,51.0,-0.037,9.1,-1.066,33.7,-0.441,48.6,-0.162,44.0,-0.381,51.0,-0.313,57.7,-0.128,8.2,-0.754,81.5,0.782,47.8,-0.224,29.3,-0.557,42.8,-0.25,58.2,0.052,8.2,-1.15,85.3,0.455,47.8,-0.216,58.2,-0.157,67.3,0.09,68.8,0.153,13.9,-0.676,80.8,0.604,48.8,-0.172,27.4,-0.409,56.7,0.193,61.1,0.245,13.9,-0.976,82.7,0.243,48.8,-0.128,32.9,-0.639,47.1,-0.339,47.6,-0.302,6.7,-0.845,33.4,-0.57,47.6,-0.236,27.9,-0.668,61.1,0.309,76.9,0.595,6.7,-1.224,33.4,-0.387,47.6,-0.219,31.2,-0.566,64.4,0.206,67.3,0.343,8.4,-1.058,36.3,-0.519,48.8,-0.172,21.2,-0.798,55.3,0.087,63.5,0.196,8.4,-1.121,36.3,-0.47,48.8,-0.172
570htztcvfsu947xw6fvtzmc5,Iván Márquez,Fortuna Sittard,Defender,7,0,1.820686318807535,0,0,0,1.0725,0.0,0.2789,0.0,0.0,0.0,5,0,1.504660083230585,0,0,0,1.1491,0.0,0.3458,0.0,0.0,0.0,2,0,0.3160262355769497,0,0,0,0.9192,0.0,0.1453,0.0,0.0,0.0,4,0,0.6093945638759732,0,0,0,0.9192,0.0,0.14,0.0,0.0,0.0,3,0,1.211291754931561,0,0,0,0.9192,0.0,0.3712,0.0,0.0,0.0,6,0,1.717488500168156,0,0,0,1.1031,0.0,0.3158,0.0,0.0,0.0,18.6,-0.763,4.4,-0.92,16.1,-0.796,6.2,-0.753,23.0,-0.752,45.6,-0.312,8.8,-1.043,4.4,-1.483,8.8,-1.028,6.2,-1.182,23.0,-0.666,45.6,-0.295,29.2,-0.635,8.0,-0.878,27.7,-0.654,11.7,-0.716,29.9,-0.636,47.1,-0.254,21.9,-0.707,8.0,-1.325,23.4,-0.742,11.7,-1.05,29.9,-0.51,47.1,-0.242,12.0,-0.871,9.9,-0.855,10.2,-0.899,11.3,-0.758,33.9,-0.583,48.9,-0.173,8.8,-0.896,9.9,-1.099,10.2,-1.027,11.3,-1.059,33.9,-0.483,48.9,-0.168,24.5,-0.657,11.7,-0.827,16.8,-0.751,14.6,-0.718,33.6,-0.568,46.7,-0.28,10.9,-0.666,11.7,-1.302,10.9,-1.114,14.6,-1.098,33.6,-0.47,46.7,-0.245,15.7,-0.84,7.3,-0.94,18.2,-0.801,9.5,-0.746,30.7,-0.627,48.9,-0.173,5.8,-1.027,7.3,-1.292,32.1,-0.507,9.5,-1.219,30.7,-0.565,48.9,-0.158,25.5,-0.645,5.5,-1.295,25.5,-0.723,7.7,-1.0,32.5,-0.624,48.5,-0.194,13.1,-0.874,5.5,-1.315,16.8,-0.839,7.7,-1.059,32.5,-0.601,48.5,-0.194
57btqxe5sy3ygzxpp55p4umdx,W. Weghorst,AFC Ajax,Forward,30,19,16.56179414980878,2,5,0,1.5274,0.9673,0.8432,0.1018,0.2546,0.0,17,12,10.46703812304943,0,4,0,1.731,1.2219,1.0658,0.0,0.4073,0.0,13,7,6.094756026759351,2,1,0,1.3237,0.7128,0.6206,0.2037,0.1018,0.0,11,7,5.237033223053372,1,1,0,1.0081,0.6415,0.4799,0.0916,0.0916,0.0,19,12,11.32476092675541,1,4,0,1.2437,0.7855,0.7413,0.0655,0.2618,0.0,10,8,5.644057851774209,0,3,0,1.8329,1.4663,1.0345,0.0,0.5499,0.0,80.4,0.377,88.0,0.827,84.8,0.604,54.4,-0.366,88.6,0.798,50.0,-0.113,65.8,0.027,86.1,0.739,79.7,0.436,34.2,-0.63,70.3,0.08,50.0,-0.113,82.3,0.426,89.2,0.915,87.3,0.779,19.0,-0.545,92.4,1.778,50.6,0.0,73.4,0.326,84.8,1.082,83.5,0.866,19.0,-0.853,78.5,0.674,50.6,0.0,80.4,0.302,84.8,0.637,78.5,0.349,67.7,-0.149,61.4,-0.11,50.0,-0.113,51.9,-0.064,74.7,0.368,57.0,0.027,54.4,-0.277,46.8,-0.4,50.0,-0.113,79.7,0.176,85.4,0.559,77.2,0.234,60.1,-0.286,71.5,0.219,50.6,0.0,48.1,-0.051,72.2,0.424,44.3,-0.034,53.2,-0.488,65.8,-0.16,50.6,0.0,83.5,0.56,88.6,1.031,87.3,0.897,45.6,-0.42,89.2,0.928,50.0,-0.113,63.3,0.058,88.6,0.905,88.6,0.762,36.7,-0.631,72.2,0.104,50.0,-0.113,85.4,0.466,95.6,1.935,88.6,0.985,20.9,-0.547,90.5,1.321,50.6,0.0,82.3,0.307,93.7,1.625,84.8,0.813,20.9,-0.595,84.8,1.077,50.6,0.0
59ynmlwky3h6m9g2r7a8igi96,T. Parrott,Alkmaar Zaanstreek,Forward,32,20,18.64057822909523,3,2,0,1.6617,1.0386,0.968,0.1558,0.1039,0.0,19,14,11.72179941455764,1,1,0,1.776,1.3086,1.0957,0.0935,0.0935,0.0,13,6,6.918778814537592,2,1,0,1.5189,0.701,0.8084,0.2337,0.1168,0.0,15,10,8.665354973572462,1,1,0,1.1684,0.7789,0.675,0.0779,0.0779,0.0,17,10,9.97522325552277,2,1,0,1.2223,0.719,0.7172,0.1438,0.0719,0.0,11,6,6.516674921336246,0,1,0,2.0564,1.1217,1.2183,0.0,0.1869,0.0,83.5,0.453,89.9,0.907,88.6,0.773,62.0,-0.265,61.4,-0.116,50.0,-0.113,73.4,0.227,88.6,0.89,86.1,0.773,44.9,-0.507,40.5,-0.453,50.0,-0.113,84.8,0.56,91.8,1.169,89.9,0.955,50.0,-0.355,61.4,-0.095,50.6,0.0,75.9,0.377,88.6,1.236,84.8,0.929,39.2,-0.636,51.9,-0.382,50.6,0.0,80.4,0.302,81.0,0.442,83.5,0.502,67.7,-0.149,61.4,-0.11,50.0,-0.113,65.8,0.181,73.4,0.344,77.2,0.495,62.0,-0.217,53.2,-0.355,50.0,-0.113,84.8,0.473,91.1,1.052,87.3,0.827,60.1,-0.286,71.5,0.219,50.6,0.0,55.7,0.198,78.5,0.732,68.4,0.517,51.9,-0.529,64.6,-0.208,50.6,0.0,79.7,0.412,85.4,0.739,84.8,0.698,62.7,-0.211,54.4,-0.254,50.0,-0.113,58.2,0.014,81.0,0.718,83.5,0.677,40.5,-0.423,46.8,-0.484,50.0,-0.113,87.3,0.632,90.5,1.2,92.4,1.329,20.9,-0.547,62.7,-0.034,50.6,0.0,87.3,0.532,87.3,0.989,89.9,1.225,20.9,-0.595,65.2,-0.126,50.6,0.0
5bjdj7hrhuxjbsa8wc1kw42c5,G. Trauner,Feyenoord Rotterdam,Defender,3,1,1.254190340620489,0,0,0,0.9317,0.3106,0.3895,0.0,0.0,0.0,2,0,0.8107770697794208,0,0,0,0.9317,0.0,0.3777,0.0,0.0,0.0,1,1,0.4434132708410685,0,0,0,0.9317,0.9317,0.4131,0.0,0.0,0.0,2,1,1.10645575173484,0,0,0,0.9317,0.4658,0.5154,0.0,0.0,0.0,1,0,0.1477345888856494,0,0,0,0.9317,0.0,0.1376,0.0,0.0,0.0,3,1,1.254190340620489,0,0,0,0.9317,0.3106,0.3895,0.0,0.0,0.0,7.3,-0.908,13.1,-0.826,8.8,-0.853,6.2,-0.753,23.0,-0.752,45.6,-0.312,2.9,-1.229,20.4,-0.763,26.3,-0.721,6.2,-1.182,23.0,-0.666,45.6,-0.295,11.3,-0.83,8.0,-0.878,15.3,-0.78,11.7,-0.716,29.9,-0.636,47.1,-0.254,13.1,-0.937,8.0,-1.325,29.2,-0.657,11.7,-1.05,29.9,-0.51,47.1,-0.242,8.0,-0.948,28.8,-0.668,12.4,-0.872,11.3,-0.758,33.9,-0.583,48.9,-0.173,14.6,-0.882,81.8,0.657,35.0,-0.429,11.3,-1.059,33.9,-0.483,48.9,-0.168,14.2,-0.798,29.9,-0.643,24.8,-0.653,14.6,-0.718,33.6,-0.568,46.7,-0.28,20.4,-0.646,58.4,0.122,66.4,0.343,14.6,-1.098,33.6,-0.47,46.7,-0.245,3.6,-0.982,7.3,-0.94,2.2,-1.01,9.5,-0.746,30.7,-0.627,48.9,-0.173,12.4,-1.002,7.3,-1.292,2.9,-1.288,9.5,-1.219,30.7,-0.565,48.9,-0.158,7.3,-1.269,19.3,-0.885,12.4,-0.961,7.7,-1.0,32.5,-0.624,48.5,-0.194,5.1,-1.075,22.6,-0.689,29.9,-0.653,7.7,-1.059,32.5,-0.601,48.5,-0.194
5bm516z74pbsyfemsathj3umt,M. Engels,Heracles Almelo,Midfielder,33,13,12.69387814369852,20,0,0,1.9252,0.7584,0.7406,1.1668,0.0,0.0,17,6,7.307216623824848,10,0,0,1.5869,0.5601,0.6821,0.9334,0.0,0.0,16,7,5.386661519873668,10,0,0,2.4892,1.089,0.838,1.5557,0.0,0.0,16,5,6.523238085032231,8,0,0,1.6595,0.5186,0.6766,0.8297,0.0,0.0,17,8,6.170640058666284,12,0,0,1.3224,0.6223,0.48,0.9334,0.0,0.0,13,4,4.722286344056295,8,0,0,2.427,0.7468,0.8816,1.4935,0.0,0.0,56.0,-0.112,53.6,-0.187,54.3,-0.206,76.4,0.251,25.0,-0.653,46.2,-0.298,48.1,-0.178,42.8,-0.199,38.5,-0.335,73.6,0.476,25.0,-0.494,46.2,-0.273,55.5,-0.139,49.3,-0.296,55.3,-0.131,73.8,0.155,33.7,-0.532,48.6,-0.186,33.2,-0.432,34.1,-0.522,38.9,-0.357,63.9,0.062,33.7,-0.441,48.6,-0.162,57.9,-0.074,61.1,-0.04,52.4,-0.28,77.9,0.348,35.1,-0.551,47.8,-0.224,77.9,0.608,71.2,0.519,55.8,0.024,88.9,1.236,35.1,-0.393,47.8,-0.216,61.5,-0.049,52.6,-0.26,59.6,-0.087,72.1,0.115,34.9,-0.508,48.8,-0.172,61.1,0.233,43.3,-0.15,56.2,0.159,68.3,0.386,34.9,-0.4,48.8,-0.128,52.4,-0.172,56.7,-0.085,47.1,-0.323,76.0,0.371,33.4,-0.57,47.6,-0.236,38.0,-0.423,45.2,-0.089,25.0,-0.646,76.0,0.573,33.4,-0.387,47.6,-0.219,73.6,0.488,51.4,-0.121,63.0,0.133,82.5,1.001,36.3,-0.519,48.8,-0.172,74.0,0.395,50.0,-0.205,58.7,0.006,83.7,0.957,36.3,-0.47,48.8,-0.172
5gdkg4anqky2crl4ckfr9npjo,J. Rijssel,SC Heerenveen,Midfielder,1,0,0.2652892612355383,1,0,0,0.9474,0.0,0.2513,0.9474,0.0,0.0,0,0,0.0,0,0,0,0.0,0.0,0.0,0.0,0.0,0.0,1,0,0.2652892612355383,1,0,0,0.9474,0.0,0.2513,0.9474,0.0,0.0,0,0,0.0,0,0,0,0.0,0.0,0.0,0.0,0.0,0.0,1,0,0.2652892612355383,1,0,0,0.9474,0.0,0.2513,0.9474,0.0,0.0,1,0,0.2652892612355383,1,0,0,0.9474,0.0,0.2513,0.9474,0.0,0.0,2.6,-1.04,3.6,-1.025,1.0,-1.043,14.7,-0.738,25.0,-0.653,46.2,-0.298,9.1,-1.314,3.6,-1.653,2.9,-1.52,66.8,0.159,25.0,-0.494,46.2,-0.273,3.8,-1.033,7.0,-0.976,3.8,-1.021,9.1,-0.777,33.7,-0.532,48.6,-0.186,3.8,-1.835,7.0,-1.462,3.8,-1.66,9.1,-1.066,33.7,-0.441,48.6,-0.162,6.0,-0.994,6.7,-0.994,4.8,-1.001,22.6,-0.644,35.1,-0.551,47.8,-0.224,14.9,-1.113,6.7,-1.42,6.2,-1.329,71.6,0.303,35.1,-0.393,47.8,-0.216,6.2,-0.912,11.3,-0.843,6.2,-0.896,13.9,-0.676,34.9,-0.508,48.8,-0.172,6.2,-1.947,11.3,-1.333,6.2,-1.711,13.9,-0.976,34.9,-0.4,48.8,-0.128,4.3,-1.107,5.3,-1.103,2.9,-1.129,20.0,-0.744,33.4,-0.57,47.6,-0.236,15.4,-1.08,5.3,-1.582,5.3,-1.456,79.8,0.6,33.4,-0.387,47.6,-0.219,2.6,-1.62,3.6,-1.432,1.0,-1.526,23.8,-0.801,36.3,-0.519,48.8,-0.172,11.5,-1.155,3.6,-1.467,2.9,-1.31,68.3,0.197,36.3,-0.47,48.8,-0.172
5ghvrbmlh0tqos9iohj8f7zzd,K. Sierhuis,Fortuna Sittard,Forward,17,9,7.525821776718659,4,3,0,1.3095,0.6933,0.5797,0.3081,0.2311,0.0,11,7,5.058721255738431,3,1,0,1.271,0.8088,0.5845,0.3466,0.1155,0.0,6,2,2.467100520980228,1,2,0,1.3865,0.4622,0.5701,0.2311,0.4622,0.0,8,5,4.03598937457417,1,2,0,1.0564,0.6602,0.5329,0.132,0.2641,0.0,9,4,3.489832402144489,3,1,0,1.3865,0.6162,0.5376,0.4622,0.1541,0.0,7,3,2.727222789781114,1,1,0,1.2941,0.5546,0.5042,0.1849,0.1849,0.0,62.7,-0.117,72.2,0.036,63.3,-0.13,69.0,-0.164,72.8,0.189,50.0,-0.113,46.8,-0.299,67.1,0.16,40.5,-0.275,58.9,-0.16,67.1,-0.003,50.0,-0.113,67.7,0.025,79.1,0.279,70.9,0.021,75.3,0.027,61.4,-0.095,50.6,0.0,49.4,-0.19,72.2,0.349,49.4,-0.149,62.0,-0.048,58.2,-0.308,50.6,0.0,54.4,-0.294,50.0,-0.338,49.4,-0.324,54.4,-0.346,83.5,0.374,50.0,-0.113,58.2,0.015,44.9,-0.142,45.6,-0.099,58.2,-0.222,79.7,0.68,50.0,-0.113,67.1,-0.047,77.8,0.231,74.7,0.026,60.1,-0.286,88.0,1.041,50.6,0.0,50.6,0.024,73.4,0.466,51.9,0.115,54.4,-0.366,83.5,0.439,50.6,0.0,58.2,-0.181,60.1,-0.139,54.4,-0.258,75.3,-0.003,54.4,-0.254,50.0,-0.113,74.7,0.353,67.1,0.43,51.9,0.044,75.9,0.422,57.0,-0.229,50.0,-0.113,60.8,-0.031,64.6,0.098,54.4,-0.166,54.4,-0.264,62.7,-0.034,50.6,0.0,51.9,-0.235,51.9,-0.058,44.3,-0.376,48.1,-0.321,53.8,-0.133,50.6,0.0
5i0e7e59vav8ynqzt7qrvitt6,J. Hornkamp,Heracles Almelo,Forward,18,9,6.562693329578785,2,10,0,1.529,0.7645,0.5575,0.1699,0.8495,0.0,11,4,2.813716096812202,2,6,0,1.4683,0.5339,0.3756,0.267,0.8009,0.0,7,5,3.748977232766584,0,4,0,1.6352,1.168,0.8758,0.0,0.9344,0.0,8,4,3.961018368679647,0,4,0,1.2459,0.6229,0.6169,0.0,0.6229,0.0,10,5,2.601674960899139,2,6,0,1.3349,0.6674,0.3473,0.267,0.8009,0.0,7,4,2.176966803729627,2,3,0,1.3082,0.7475,0.4068,0.3738,0.5606,0.0,65.2,-0.079,72.2,0.036,57.0,-0.208,54.4,-0.366,95.6,2.321,50.0,-0.113,67.1,0.029,74.7,0.311,36.7,-0.335,51.9,-0.475,93.7,2.185,50.0,-0.113,67.7,0.025,66.5,-0.103,57.0,-0.294,67.1,-0.164,98.1,3.026,50.6,0.0,62.0,0.031,50.6,-0.139,29.1,-0.59,54.4,-0.233,93.7,1.999,50.6,0.0,60.8,-0.209,75.3,0.247,65.8,-0.086,25.3,-0.542,94.9,1.344,50.0,-0.113,74.7,0.327,91.1,1.293,84.8,0.663,25.3,-0.68,91.1,2.096,50.0,-0.113,67.1,-0.047,74.1,0.067,73.4,0.013,25.3,-0.464,98.1,2.685,50.6,0.0,62.0,0.318,70.9,0.382,65.8,0.353,25.3,-0.764,97.5,1.684,50.6,0.0,62.0,-0.107,70.9,0.007,43.0,-0.389,62.7,-0.211,94.9,1.716,50.0,-0.113,70.9,0.246,75.9,0.573,26.6,-0.627,59.5,-0.096,91.1,1.774,50.0,-0.113,60.8,-0.031,77.2,0.465,39.2,-0.383,73.4,0.018,90.5,1.321,50.6,0.0,59.5,-0.22,72.2,0.298,29.1,-0.595,72.2,-0.042,89.9,1.112,50.6,0.0
5lad0u653zzdmexdpvtkcaqui,S. Ltaief,Sparta Rotterdam,Forward,8,3,4.952155457034129,0,0,0,1.4828,0.5561,0.9179,0.0,0.0,0.0,2,1,1.407088572921469,0,0,0,1.8535,0.9268,1.3041,0.0,0.0,0.0,6,2,3.54506688411266,0,0,0,1.3902,0.4634,0.8214,0.0,0.0,0.0,4,1,2.337448265250793,0,0,0,1.2357,0.3089,0.7221,0.0,0.0,0.0,4,2,2.614707191783336,0,0,0,0.9268,0.4634,0.6058,0.0,0.0,0.0,8,3,4.952155457034129,0,0,0,1.4828,0.5561,0.9179,0.0,0.0,0.0,39.9,-0.459,41.8,-0.439,53.2,-0.339,13.9,-0.568,15.8,-0.725,50.0,-0.113,62.0,-0.04,50.6,-0.13,83.5,0.638,13.9,-0.862,15.8,-0.821,50.0,-0.113,26.6,-0.576,34.8,-0.485,38.0,-0.491,19.0,-0.545,24.1,-0.719,50.6,0.0,78.5,0.464,81.0,0.558,88.6,1.369,19.0,-0.853,24.1,-0.696,50.6,0.0,54.4,-0.294,50.0,-0.338,63.3,-0.124,25.3,-0.542,21.5,-0.595,50.0,-0.113,59.5,0.02,46.8,-0.139,81.0,0.527,25.3,-0.68,21.5,-0.705,50.0,-0.113,51.9,-0.344,40.5,-0.426,53.2,-0.268,25.3,-0.464,30.4,-0.604,50.6,0.0,60.8,0.302,39.2,-0.324,77.2,0.65,25.3,-0.764,30.4,-0.478,50.6,0.0,29.1,-0.552,40.5,-0.431,44.3,-0.387,18.4,-0.628,21.5,-0.649,50.0,-0.113,15.2,-0.597,43.0,0.0,62.0,0.284,18.4,-0.805,21.5,-0.706,50.0,-0.113,74.7,0.134,64.6,0.098,83.5,0.712,20.9,-0.547,24.1,-0.712,50.6,0.0,69.6,-0.045,53.2,-0.055,79.7,0.551,20.9,-0.595,24.1,-0.745,50.6,0.0
5lvdnoyknuoyr6kdruposgctl,J. Schouten,PSV Eindhoven,Defender,35,19,17.74452830119034,4,5,0,1.5561,0.8448,0.7889,0.1778,0.2223,0.0,14,6,7.516132876951358,3,2,0,1.3072,0.5602,0.7018,0.2801,0.1867,0.0,21,13,10.22839542423898,1,3,0,1.7825,1.1034,0.8682,0.0849,0.2546,0.0,18,10,9.214587928100404,1,4,0,1.4005,0.7781,0.717,0.0778,0.3112,0.0,17,9,8.529940373089937,3,1,0,1.1338,0.6002,0.5689,0.2001,0.0667,0.0,11,7,6.111250806922072,1,2,0,2.0541,1.3072,1.1412,0.1867,0.3735,0.0,73.4,0.249,84.3,0.856,84.7,0.814,42.7,-0.531,96.7,2.427,45.6,-0.312,43.1,-0.406,70.8,0.476,70.1,0.39,21.2,-0.924,86.1,0.868,45.6,-0.295,65.0,-0.051,70.1,0.124,80.3,0.437,50.0,-0.415,88.3,1.161,47.1,-0.254,32.8,-0.539,51.8,-0.151,62.8,0.205,35.0,-0.681,81.8,0.454,47.1,-0.242,78.1,0.591,90.9,1.569,88.3,1.189,28.8,-0.641,98.2,3.102,48.9,-0.173,54.7,0.022,87.6,0.98,78.1,0.586,23.4,-0.944,92.0,1.16,48.9,-0.168,77.0,0.332,88.0,1.009,86.9,0.95,36.5,-0.604,98.9,3.875,46.7,-0.28,58.4,0.113,84.7,1.077,89.8,1.126,29.2,-0.947,95.6,1.973,46.7,-0.245,68.6,0.156,80.3,0.646,77.4,0.639,47.1,-0.439,72.3,0.306,48.9,-0.173,27.7,-0.606,64.2,0.266,63.5,0.155,25.5,-0.819,67.2,-0.095,48.9,-0.158,74.5,0.395,93.4,1.573,92.7,1.528,24.1,-0.757,95.3,2.049,48.5,-0.194,71.5,0.238,92.7,1.321,89.8,1.243,25.9,-0.818,94.2,1.662,48.5,-0.194
5m8pflpgynidzk7d9507oujje,D. Rots,FC Twente,Midfielder,131,60,58.23698523796794,48,3,1,3.9294,1.7997,1.7469,1.4398,0.09,0.03,63,27,27.52798374684368,21,3,1,3.6614,1.5692,1.5998,1.2205,0.1744,0.0581,68,33,30.70900149112425,27,0,0,4.2154,2.0457,1.9037,1.6738,0.0,0.0,66,32,29.3379811101603,24,0,1,2.3604,1.1445,1.0492,0.8583,0.0,0.0358,65,28,28.89900412780764,24,3,0,2.4177,1.0415,1.0749,0.8927,0.1116,0.0,25,12,11.92668948061567,8,1,0,4.6493,2.2317,2.2181,1.4878,0.186,0.0,98.1,2.731,99.0,2.843,98.6,2.859,95.2,1.707,92.8,1.406,96.2,3.344,96.6,2.152,97.6,1.799,97.6,2.104,82.7,0.871,74.0,0.09,93.8,1.919,95.2,2.278,93.8,2.087,97.1,2.334,89.7,1.179,96.6,2.434,98.6,5.346,92.3,1.402,88.5,1.172,90.4,1.396,72.1,0.409,84.6,0.524,97.6,2.609,98.6,3.114,99.3,3.505,99.0,3.281,97.6,2.222,35.1,-0.551,47.8,-0.224,98.1,2.536,96.6,2.222,98.1,2.482,89.9,1.417,35.1,-0.393,47.8,-0.216,98.1,2.649,98.8,2.888,98.6,2.741,95.0,1.696,34.9,-0.508,98.8,5.788,90.9,1.154,90.9,1.278,90.4,1.19,70.2,0.433,34.9,-0.4,98.6,1.849,97.6,2.63,98.6,2.46,99.0,2.78,91.1,1.587,97.6,2.885,47.6,-0.236,92.8,1.499,88.9,0.917,93.8,1.459,68.3,0.495,83.7,0.352,47.6,-0.219,98.8,2.596,97.6,2.5,99.0,2.814,82.5,1.001,82.9,0.847,48.8,-0.172,98.6,2.723,96.6,2.303,98.6,2.796,81.7,0.949,80.3,0.569,48.8,-0.172
5mqog8k9eyi248jvrrp9fo8wk,N. Fichtinger,PEC Zwolle,Midfielder,8,3,3.873163798252779,1,1,0,0.9351,0.3506,0.4527,0.1169,0.1169,0.0,4,1,1.467529684190824,0,1,0,0.9351,0.2338,0.3431,0.0,0.2338,0.0,4,2,2.405634114061955,1,0,0,0.9351,0.4675,0.5624,0.2338,0.0,0.0,2,0,0.3372230260699738,1,0,0,0.9351,0.0,0.1577,0.4675,0.0,0.0,6,3,3.535940772182806,0,1,0,0.9351,0.4675,0.5511,0.0,0.1558,0.0,5,2,2.626274282729659,1,1,0,0.9351,0.374,0.4911,0.187,0.187,0.0,20.4,-0.837,21.9,-0.832,25.5,-0.8,14.7,-0.738,64.7,0.033,46.2,-0.298,6.7,-1.328,14.9,-0.981,13.9,-1.032,13.9,-1.043,81.2,0.265,46.2,-0.273,22.4,-0.822,20.0,-0.863,22.6,-0.842,9.1,-0.777,78.1,0.456,48.6,-0.186,13.5,-1.008,16.3,-1.069,13.9,-1.005,9.1,-1.066,92.3,0.853,48.6,-0.162,20.0,-0.81,27.6,-0.722,29.3,-0.7,22.6,-0.644,35.1,-0.551,47.8,-0.224,13.0,-1.127,31.2,-0.587,28.4,-0.612,24.5,-0.792,35.1,-0.393,47.8,-0.216,20.9,-0.804,11.3,-0.843,15.9,-0.854,31.7,-0.578,34.9,-0.508,48.8,-0.172,21.2,-0.719,11.3,-1.333,14.4,-1.275,52.4,-0.208,34.9,-0.4,48.8,-0.128,23.6,-0.815,29.3,-0.721,32.2,-0.682,6.7,-0.845,78.6,0.582,47.6,-0.236,11.1,-1.102,30.3,-0.461,37.5,-0.394,6.7,-1.224,89.4,0.644,47.6,-0.219,16.3,-0.917,24.8,-0.777,28.8,-0.648,23.8,-0.801,82.9,0.847,48.8,-0.172,8.2,-1.167,23.8,-0.835,22.6,-0.809,24.8,-0.861,86.8,0.574,48.8,-0.172
5nhideyjwp2347ryi1n9wfq50,D. Sanches Fernandes,SBV Excelsior,Midfielder,73,32,29.4508935424674,41,2,1,2.4281,1.0644,0.9796,1.3637,0.0665,0.0333,39,17,15.63697372650881,21,2,0,2.4214,1.0555,0.9709,1.3039,0.1242,0.0,34,15,13.81391981595859,20,0,1,2.4358,1.0746,0.9896,1.4328,0.0,0.0716,37,16,14.94800767365378,23,1,0,1.5663,0.6773,0.6328,0.9737,0.0423,0.0,36,16,14.50288586881362,18,1,1,1.524,0.6773,0.614,0.762,0.0423,0.0423,14,7,7.233171470761626,4,0,1,2.6077,1.3039,1.3473,0.7451,0.0,0.1863,87.0,1.049,86.1,1.038,85.1,0.922,91.8,1.343,84.9,0.719,96.2,3.344,72.6,0.407,69.7,0.388,67.8,0.245,79.3,0.761,68.3,-0.062,95.0,2.16,85.1,1.017,84.9,0.952,84.1,0.885,89.7,1.179,92.1,1.445,48.6,-0.186,65.4,0.305,63.9,0.31,62.0,0.195,74.0,0.51,79.3,0.246,48.6,-0.162,87.0,1.029,85.1,1.051,83.2,0.905,93.3,1.451,35.1,-0.551,97.8,4.439,74.5,0.549,70.7,0.493,72.1,0.374,84.6,1.047,35.1,-0.393,96.6,3.415,88.5,1.084,84.9,1.022,85.1,0.957,94.2,1.598,80.8,0.604,48.8,-0.172,52.9,0.111,58.2,0.212,50.5,0.038,77.9,0.623,73.1,-0.075,48.8,-0.128,84.4,0.937,82.5,0.933,81.7,0.815,85.8,0.979,78.6,0.582,97.6,4.222,55.3,-0.069,53.4,0.043,47.6,-0.172,63.0,0.243,68.5,-0.107,96.2,2.703,77.6,0.664,80.8,0.862,86.5,1.067,60.1,-0.028,36.3,-0.519,98.8,5.788,76.4,0.584,80.3,0.736,85.1,0.978,56.7,-0.084,36.3,-0.47,98.6,5.792
5oghztk07za2yuqq4jnav22y2,M. Rivera,SC Heerenveen,Midfielder,96,41,43.58385463187881,42,0,0,3.0672,1.31,1.3925,1.3419,0.0,0.0,53,24,23.25300220999408,26,0,0,3.0692,1.3898,1.3466,1.5057,0.0,0.0,43,17,20.33085242188472,16,0,0,3.0648,1.2117,1.4491,1.1404,0.0,0.0,61,23,27.06474362734231,28,0,0,2.4574,0.9266,1.0903,1.128,0.0,0.0,35,18,16.51911100453649,14,0,0,1.6215,0.8339,0.7653,0.6486,0.0,0.0,11,5,4.271077472956812,4,0,0,2.0384,0.9266,0.7915,0.7412,0.0,0.0,93.5,1.716,89.9,1.618,92.8,1.873,92.5,1.395,25.0,-0.653,46.2,-0.298,90.9,1.15,81.2,0.86,87.0,1.245,78.8,0.729,25.0,-0.494,46.2,-0.273,94.0,1.753,90.6,1.747,91.3,1.813,93.5,1.645,33.7,-0.532,48.6,-0.186,80.8,0.878,80.8,0.871,81.2,0.913,81.7,0.754,33.7,-0.441,48.6,-0.162,91.6,1.581,89.9,1.324,94.2,1.821,87.5,1.01,35.1,-0.551,47.8,-0.224,91.3,1.251,83.2,0.737,92.8,1.433,76.9,0.599,35.1,-0.393,47.8,-0.216,96.9,2.379,92.5,1.839,97.1,2.459,96.4,2.092,34.9,-0.508,48.8,-0.172,92.3,1.282,76.4,0.781,91.3,1.303,83.7,0.876,34.9,-0.4,48.8,-0.128,82.9,0.879,87.0,1.187,85.6,1.09,81.5,0.573,33.4,-0.57,47.6,-0.236,62.5,0.102,66.3,0.419,66.8,0.364,58.7,0.025,33.4,-0.387,47.6,-0.219,62.5,0.137,64.4,0.206,58.7,-0.035,60.1,-0.028,36.3,-0.519,48.8,-0.172,56.2,-0.012,58.2,0.098,54.3,-0.182,55.3,-0.09,36.3,-0.47,48.8,-0.172
5oqqifi0wo6xbjz0xjgwf89re,C. Terho,Sparta Rotterdam,Midfielder,16,4,4.204613144735256,14,1,0,2.5058,0.6265,0.6585,2.1926,0.1566,0.0,5,1,1.233094503273602,5,0,0,2.3492,0.4698,0.5794,2.3492,0.0,0.0,11,3,2.971518641461653,9,1,0,2.5841,0.7048,0.6981,2.1143,0.2349,0.0,3,0,0.9171462822904142,2,0,0,2.819,0.0,0.8618,1.8794,0.0,0.0,13,4,3.287466862444842,12,1,0,2.036,0.6265,0.5149,1.8794,0.1566,0.0,14,4,3.60366195130891,12,1,0,2.6311,0.7517,0.6773,2.2552,0.1879,0.0,35.3,-0.605,26.7,-0.767,26.4,-0.778,62.7,-0.062,64.7,0.033,46.2,-0.298,74.5,0.497,33.2,-0.452,33.2,-0.533,97.1,1.96,87.5,0.523,46.2,-0.273,26.0,-0.77,20.0,-0.863,18.8,-0.871,49.5,-0.311,33.7,-0.532,48.6,-0.186,63.0,0.242,30.3,-0.673,30.3,-0.553,95.7,1.773,33.7,-0.441,48.6,-0.162,44.0,-0.381,36.3,-0.585,35.6,-0.62,74.5,0.238,81.5,0.782,47.8,-0.224,82.2,0.714,46.2,-0.165,39.4,-0.299,96.6,2.092,93.3,1.123,47.8,-0.216,25.2,-0.75,11.3,-0.843,23.1,-0.782,40.9,-0.479,34.9,-0.508,48.8,-0.172,96.2,1.757,11.3,-1.333,80.8,0.672,97.1,2.11,34.9,-0.4,48.8,-0.128,43.3,-0.406,36.3,-0.594,30.3,-0.716,76.0,0.371,78.6,0.582,47.6,-0.236,81.7,0.829,47.6,-0.079,29.3,-0.523,98.1,2.394,90.4,0.65,47.6,-0.219,77.6,0.664,51.4,-0.121,46.2,-0.284,95.7,2.031,82.9,0.847,48.8,-0.172,78.8,0.609,53.4,-0.197,40.9,-0.421,96.6,2.017,90.1,0.579,48.8,-0.172
5pg02unrm16jaa8vt5ego9z6y,S. Janssen,SBV Excelsior,Defender,14,3,2.492645778292101,13,1,0,1.8601,0.3986,0.3312,1.7272,0.1329,0.0,5,1,0.7617109795165551,4,1,0,1.1626,0.2325,0.1771,0.93,0.2325,0.0,9,2,1.730934798775547,9,0,0,2.7901,0.62,0.5366,2.7901,0.0,0.0,7,1,1.57864565242142,6,1,0,1.6276,0.2325,0.3671,1.3951,0.2325,0.0,7,2,0.9140001258706816,7,0,0,1.3021,0.372,0.17,1.3021,0.0,0.0,7,2,1.167131865462364,6,1,0,1.3021,0.372,0.2171,1.1161,0.186,0.0,36.9,-0.51,30.7,-0.639,26.3,-0.728,67.5,-0.032,57.7,-0.116,45.6,-0.312,60.6,-0.005,27.7,-0.559,17.5,-0.883,90.5,1.328,75.2,0.251,45.6,-0.295,29.2,-0.635,22.6,-0.711,13.1,-0.789,56.6,-0.315,71.2,0.262,47.1,-0.254,23.4,-0.692,19.0,-0.838,6.6,-1.191,59.5,0.175,86.9,0.69,47.1,-0.242,50.0,-0.333,43.8,-0.482,35.0,-0.601,73.7,0.303,33.9,-0.583,48.9,-0.173,86.9,1.093,58.4,0.069,47.4,-0.154,98.5,2.693,33.9,-0.483,48.9,-0.168,43.8,-0.445,29.9,-0.643,36.5,-0.56,66.1,-0.033,78.1,0.543,46.7,-0.28,73.7,0.481,33.6,-0.591,44.5,-0.233,93.4,1.613,91.2,1.355,46.7,-0.245,35.8,-0.555,36.1,-0.588,15.3,-0.86,66.4,-0.03,30.7,-0.627,48.9,-0.173,41.6,-0.275,39.4,-0.326,4.4,-1.18,90.5,1.386,30.7,-0.565,48.9,-0.158,36.9,-0.437,38.0,-0.475,9.5,-1.005,72.6,0.463,78.8,0.712,48.5,-0.194,27.0,-0.641,29.2,-0.565,5.1,-1.088,70.1,0.382,77.4,0.526,48.5,-0.194
5q8rvam8iv65g4wjb8rarw15,B. Willumsson,FC Groningen,Forward,12,6,6.777755027018452,1,2,0,1.2463,0.6231,0.7039,0.1039,0.2077,0.0,9,3,4.962032968217965,1,2,0,1.4021,0.4674,0.773,0.1558,0.3116,0.0,3,3,1.815722058800487,0,0,0,0.9347,0.9347,0.5657,0.0,0.0,0.0,6,2,3.605956922884301,0,1,0,1.4021,0.4674,0.8426,0.0,0.2337,0.0,6,4,3.171798104134151,1,1,0,0.9347,0.6231,0.4941,0.1558,0.1558,0.0,6,4,4.095821048188677,1,0,0,1.1217,0.7478,0.7657,0.1869,0.0,0.0,51.9,-0.307,60.1,-0.201,60.8,-0.191,38.0,-0.467,61.4,-0.116,50.0,-0.113,39.2,-0.393,55.7,0.012,60.8,0.06,35.4,-0.625,64.6,-0.086,50.0,-0.113,61.4,-0.108,59.5,-0.23,69.6,0.007,50.0,-0.355,80.4,0.529,50.6,0.0,55.7,-0.043,45.6,-0.257,68.4,0.249,44.3,-0.491,77.2,0.352,50.6,0.0,29.1,-0.55,62.7,-0.143,43.0,-0.445,25.3,-0.542,21.5,-0.595,50.0,-0.113,26.6,-0.552,84.8,0.819,44.3,-0.11,25.3,-0.68,21.5,-0.705,50.0,-0.113,61.4,-0.196,56.3,-0.262,67.1,-0.048,25.3,-0.464,71.5,0.219,50.6,0.0,81.0,0.56,62.0,0.032,86.1,0.991,25.3,-0.764,82.3,0.333,50.6,0.0,43.7,-0.404,60.1,-0.139,46.8,-0.305,45.6,-0.42,54.4,-0.254,50.0,-0.113,29.1,-0.581,70.9,0.449,48.1,-0.11,46.2,-0.391,58.2,-0.224,50.0,-0.113,44.9,-0.197,77.2,0.465,75.9,0.374,54.4,-0.264,24.1,-0.712,50.6,0.0,38.0,-0.408,73.4,0.299,72.2,0.21,59.5,-0.318,24.1,-0.745,50.6,0.0
5qvkwsnygz3zekwsdd1r994wk,G. Diarra,Feyenoord Rotterdam,Midfielder,8,1,3.13269483556119,2,1,0,1.4669,0.1834,0.5744,0.3667,0.1834,0.0,3,1,0.782967800999055,0,1,0,1.3752,0.4584,0.3589,0.0,0.4584,0.0,5,0,2.349727034562135,2,0,0,1.528,0.0,0.7181,0.6112,0.0,0.0,2,0,0.7500883347075376,2,0,0,1.8336,0.0,0.6877,1.8336,0.0,0.0,6,1,2.382606500853653,0,1,0,1.1002,0.1834,0.4369,0.0,0.1834,0.0,8,1,3.13269483556119,2,1,0,1.4669,0.1834,0.5744,0.3667,0.1834,0.0,20.4,-0.837,11.1,-0.961,21.6,-0.85,22.1,-0.686,64.7,0.033,46.2,-0.298,26.9,-0.71,7.2,-1.302,22.6,-0.737,26.9,-0.682,88.9,0.697,46.2,-0.273,18.3,-0.875,20.0,-0.863,15.4,-0.926,9.1,-0.777,78.1,0.456,48.6,-0.186,25.5,-0.619,21.6,-0.692,15.9,-0.974,9.1,-1.066,95.2,2.097,48.6,-0.162,25.0,-0.749,6.7,-0.994,27.9,-0.708,33.9,-0.534,35.1,-0.551,47.8,-0.224,34.6,-0.465,6.7,-1.42,42.8,-0.253,50.0,-0.213,35.1,-0.393,47.8,-0.216,20.9,-0.804,11.3,-0.843,20.2,-0.803,40.9,-0.479,34.9,-0.508,48.8,-0.172,66.8,0.462,11.3,-1.333,58.7,0.19,95.7,2.035,34.9,-0.4,48.8,-0.128,23.6,-0.815,14.9,-0.976,22.6,-0.84,6.7,-0.845,78.6,0.582,47.6,-0.236,20.2,-0.812,11.5,-1.142,20.2,-0.799,6.7,-1.224,91.8,0.827,47.6,-0.219,39.4,-0.39,12.5,-1.104,37.0,-0.459,38.2,-0.543,82.9,0.847,48.8,-0.172,31.7,-0.61,7.2,-1.157,29.8,-0.635,28.4,-0.611,72.6,0.554,48.8,-0.172
5r47vtvu418kae5j2rpv6w2dw,M. Rots,FC Twente,Defender,91,42,39.59509931779468,38,4,0,2.7311,1.2605,1.1883,1.1405,0.12,0.0,54,24,23.76525665002074,23,2,0,2.9553,1.3135,1.3006,1.2587,0.1095,0.0,37,18,15.82984266777394,15,2,0,2.4588,1.1962,1.052,0.9968,0.1329,0.0,38,21,17.63943019047387,10,2,0,1.5371,0.8495,0.7135,0.4045,0.0809,0.0,53,21,21.95566912732081,28,2,0,1.8263,0.7236,0.7566,0.9648,0.0689,0.0,10,6,5.244180607070132,2,0,0,1.8607,1.1164,0.9758,0.3721,0.0,0.0,95.6,2.274,98.5,3.006,97.8,3.023,91.2,1.354,94.5,1.791,45.6,-0.312,86.9,1.143,94.2,1.439,92.0,1.5,70.8,0.475,71.5,0.162,45.6,-0.295,96.7,2.546,99.3,3.131,99.3,3.385,92.7,1.588,88.3,1.161,47.1,-0.254,87.6,1.208,90.5,1.428,95.3,1.798,74.5,0.607,68.6,0.055,47.1,-0.242,93.8,1.822,98.2,2.502,96.4,2.368,88.3,1.011,93.8,1.874,48.9,-0.173,83.2,0.741,90.5,1.155,86.9,0.996,66.4,0.282,80.3,0.374,48.9,-0.168,92.0,1.745,98.2,3.028,96.4,2.615,77.7,0.424,93.1,1.654,46.7,-0.28,69.3,0.334,88.3,1.295,89.1,1.112,47.4,-0.312,77.4,0.165,46.7,-0.245,97.8,2.715,97.8,2.76,100.0,3.28,96.0,2.118,88.7,1.24,48.9,-0.173,82.5,0.754,77.4,0.586,86.9,0.783,76.6,0.711,67.9,-0.079,48.9,-0.158,69.0,0.187,88.3,1.163,88.3,1.084,41.2,-0.513,32.5,-0.624,48.5,-0.194,65.3,0.012,86.9,0.936,85.4,0.826,35.8,-0.579,32.5,-0.601,48.5,-0.194
5shfqpd5fj05qrp1jlzd08ftg,C. Twigt,Go Ahead Eagles,Midfielder,9,4,3.824508964883001,3,0,0,2.0876,0.9278,0.8871,0.6959,0.0,0.0,5,2,2.220768698316233,1,0,0,4.6392,1.8557,2.0605,0.9278,0.0,0.0,4,2,1.603740266566769,2,0,0,1.2371,0.6186,0.496,0.6186,0.0,0.0,4,2,1.901312552406411,0,0,0,1.2371,0.6186,0.588,0.0,0.0,0.0,5,2,1.923196412476591,3,0,0,1.5464,0.6186,0.5948,0.9278,0.0,0.0,9,4,3.824508964883001,3,0,0,2.0876,0.9278,0.8871,0.6959,0.0,0.0,21.9,-0.808,26.7,-0.767,24.5,-0.803,27.2,-0.634,25.0,-0.653,46.2,-0.298,56.2,0.011,59.9,0.126,57.2,0.02,52.9,-0.205,25.0,-0.494,46.2,-0.273,26.0,-0.77,29.8,-0.749,29.3,-0.75,25.2,-0.684,33.7,-0.532,48.6,-0.186,97.6,2.266,94.7,1.653,97.6,2.277,60.6,0.055,33.7,-0.441,48.6,-0.162,20.0,-0.81,27.6,-0.722,19.7,-0.813,33.9,-0.534,35.1,-0.551,47.8,-0.224,20.2,-0.79,39.4,-0.318,21.6,-0.765,52.6,-0.201,35.1,-0.393,47.8,-0.216,29.1,-0.696,38.5,-0.61,34.6,-0.66,13.9,-0.676,34.9,-0.508,48.8,-0.172,32.2,-0.322,49.5,0.078,44.2,-0.086,13.9,-0.976,34.9,-0.4,48.8,-0.128,19.5,-0.873,23.1,-0.848,20.7,-0.902,38.2,-0.541,33.4,-0.57,47.6,-0.236,57.7,-0.03,44.0,-0.098,44.7,-0.24,72.1,0.563,33.4,-0.387,47.6,-0.219,47.4,-0.215,51.4,-0.121,50.0,-0.202,50.2,-0.286,36.3,-0.519,48.8,-0.172,63.0,0.04,59.1,0.1,59.6,0.017,50.5,-0.153,36.3,-0.47,48.8,-0.172
5wwqe546ohp130rvi8x8pt0tm,A. Zagré,SBV Excelsior,Defender,42,16,15.74878571898662,21,0,0,2.1709,0.827,0.814,1.0855,0.0,0.0,19,8,8.231327788445784,7,0,0,1.9642,0.827,0.8509,0.7236,0.0,0.0,23,8,7.517457930540839,14,0,0,2.3777,0.827,0.7771,1.4473,0.0,0.0,20,6,7.051956824833218,11,0,0,1.3291,0.3987,0.4686,0.731,0.0,0.0,22,10,8.696828894153404,10,0,0,1.462,0.6646,0.578,0.6646,0.0,0.0,15,8,7.015386104677705,5,0,0,2.7912,1.4886,1.3054,0.9304,0.0,0.0,79.9,0.502,80.7,0.576,80.3,0.612,78.5,0.411,23.0,-0.752,45.6,-0.312,71.5,0.405,70.1,0.434,73.7,0.459,65.7,0.395,23.0,-0.666,45.6,-0.295,74.8,0.273,80.3,0.458,82.5,0.566,67.2,-0.015,29.9,-0.636,47.1,-0.254,66.4,0.157,67.9,0.408,77.4,0.602,55.5,-0.097,29.9,-0.51,47.1,-0.242,82.5,0.745,80.3,0.637,80.3,0.618,86.5,0.893,33.9,-0.583,48.9,-0.173,81.0,0.654,70.1,0.459,73.0,0.383,84.7,0.887,33.9,-0.483,48.9,-0.168,79.6,0.474,74.1,0.275,81.0,0.522,80.3,0.538,33.6,-0.568,46.7,-0.28,51.8,-0.002,47.4,-0.083,59.9,0.161,61.3,0.323,33.6,-0.47,46.7,-0.245,77.4,0.511,83.6,0.822,78.1,0.672,75.2,0.277,30.7,-0.627,48.9,-0.173,60.6,0.039,70.8,0.433,65.0,0.185,58.4,0.11,30.7,-0.565,48.9,-0.158,89.1,1.226,96.4,1.982,95.6,1.991,66.8,0.219,32.5,-0.624,48.5,-0.194,86.1,1.1,95.6,1.686,94.2,1.657,64.2,0.142,32.5,-0.601,48.5,-0.194
5ylwgfqvaobru2lxqvlhpxul0,E. Dijkstra,Alkmaar Zaanstreek,Defender,21,12,11.04240301732071,6,0,1,1.3975,0.7986,0.7349,0.3993,0.0,0.0665,12,8,6.793834885038118,3,0,1,1.8634,1.2422,1.0549,0.4658,0.0,0.1553,9,4,4.248568132282593,3,0,0,1.0481,0.4658,0.4948,0.3494,0.0,0.0,11,8,6.557259493373024,3,0,1,1.4641,1.0648,0.8727,0.3993,0.0,0.1331,10,4,4.485143523947686,3,0,0,1.0352,0.4141,0.4643,0.3106,0.0,0.0,9,6,5.197590572598477,1,0,1,1.677,1.118,0.9685,0.1863,0.0,0.1863,54.4,-0.257,75.5,0.202,70.8,0.136,50.7,-0.42,23.0,-0.752,95.3,2.743,35.8,-0.615,67.2,0.369,65.7,0.239,36.5,-0.602,23.0,-0.666,98.5,3.486,58.4,-0.181,80.3,0.458,75.9,0.306,50.0,-0.415,29.9,-0.636,96.7,3.22,58.4,0.051,89.1,1.279,84.7,1.145,46.7,-0.436,29.9,-0.51,99.3,4.563,50.0,-0.333,61.7,-0.109,64.2,-0.071,53.6,-0.405,33.9,-0.583,48.9,-0.173,19.0,-0.759,48.2,-0.221,42.3,-0.247,38.7,-0.589,33.9,-0.483,48.9,-0.168,58.8,-0.162,84.3,0.642,78.8,0.424,52.9,-0.375,33.6,-0.568,96.7,3.551,62.0,0.216,97.8,1.954,95.6,1.73,46.7,-0.322,33.6,-0.47,100.0,5.578,47.4,-0.342,56.6,-0.235,57.7,-0.157,47.1,-0.439,30.7,-0.627,48.9,-0.173,20.4,-0.799,43.8,-0.217,47.4,-0.195,34.7,-0.598,30.7,-0.565,48.9,-0.158,58.8,-0.021,88.3,1.163,87.6,1.06,24.1,-0.757,32.5,-0.624,98.5,5.119,56.2,-0.203,88.3,0.939,84.7,0.808,24.1,-0.819,32.5,-0.601,99.3,5.153
60jptu288hf6gcljkbzcdie39,K. Peterson,Fortuna Sittard,Midfielder,81,21,23.09504349093255,57,4,0,2.9854,0.774,0.8512,2.1008,0.1474,0.0,47,10,13.07289307989814,31,4,0,3.0933,0.6581,0.8604,2.0403,0.2633,0.0,34,11,10.02215041103441,26,0,0,2.848,0.9214,0.8395,2.1779,0.0,0.0,36,15,12.89587492698246,21,2,0,2.0732,0.8638,0.7426,1.2093,0.1152,0.0,45,6,10.19916856395009,36,2,0,2.3035,0.3071,0.5221,1.8428,0.1024,0.0,14,3,3.541837230968785,11,1,0,2.5799,0.5528,0.6527,2.0271,0.1843,0.0,90.4,1.281,71.9,0.329,74.5,0.494,96.2,2.176,96.4,2.092,46.2,-0.298,88.0,1.054,45.2,-0.169,53.8,-0.067,95.7,1.827,84.1,0.463,46.2,-0.273,91.6,1.437,68.3,0.158,77.4,0.572,96.4,2.111,98.6,3.423,48.6,-0.186,81.2,0.899,42.3,-0.357,51.4,-0.016,89.4,1.4,93.3,1.017,48.6,-0.162,87.0,1.029,76.0,0.505,72.6,0.372,96.9,2.112,35.1,-0.551,47.8,-0.224,87.0,1.009,58.7,0.221,56.2,0.027,97.6,2.19,35.1,-0.393,47.8,-0.216,87.5,1.03,83.2,0.906,79.8,0.703,93.8,1.4,94.5,1.715,48.8,-0.172,83.7,0.777,73.1,0.638,64.9,0.342,87.0,1.01,86.1,0.486,48.8,-0.128,92.3,1.463,47.1,-0.339,67.8,0.227,98.6,2.802,93.0,1.733,47.6,-0.236,90.9,1.298,17.3,-0.845,30.8,-0.497,97.6,2.324,82.7,0.291,47.6,-0.219,77.6,0.664,38.0,-0.449,45.2,-0.307,93.5,1.773,82.9,0.847,48.8,-0.172,75.2,0.555,32.2,-0.533,38.5,-0.472,92.8,1.699,75.2,0.559,48.8,-0.172
619vlbweueymdkq1vu3jm2mwa,I. Sadiq,Alkmaar Zaanstreek,Midfielder,20,13,9.987982560178,9,0,0,1.8672,1.2137,0.9325,0.8402,0.0,0.0,5,4,2.779939302341512,1,0,0,1.556,1.2448,0.8651,0.3112,0.0,0.0,15,9,7.208043257836488,8,0,0,2.0006,1.2004,0.9614,1.067,0.0,0.0,6,5,3.126426452063765,2,0,0,1.8672,1.556,0.973,0.6224,0.0,0.0,14,8,6.861556108114235,7,0,0,1.8672,1.067,0.9151,0.9336,0.0,0.0,11,7,5.771875055950171,5,0,0,2.0539,1.3071,1.0777,0.9336,0.0,0.0,40.4,-0.489,53.6,-0.187,45.2,-0.388,50.7,-0.322,25.0,-0.653,46.2,-0.298,44.2,-0.245,77.9,0.675,61.5,0.13,58.2,0.003,25.0,-0.494,46.2,-0.273,26.0,-0.77,41.3,-0.523,33.2,-0.682,25.2,-0.684,33.7,-0.532,48.6,-0.186,31.2,-0.46,73.1,0.627,52.4,-0.007,28.8,-0.69,33.7,-0.441,48.6,-0.162,55.3,-0.136,67.5,0.233,62.0,-0.024,71.2,0.128,35.1,-0.551,47.8,-0.224,56.7,0.063,82.7,0.717,70.7,0.309,75.5,0.486,35.1,-0.393,47.8,-0.216,38.0,-0.589,52.6,-0.26,44.2,-0.508,40.9,-0.479,34.9,-0.508,48.8,-0.172,73.8,0.506,98.6,2.217,84.6,0.979,59.6,0.046,34.9,-0.4,48.8,-0.128,46.2,-0.348,56.7,-0.085,50.0,-0.228,59.1,-0.136,33.4,-0.57,47.6,-0.236,76.0,0.533,91.3,0.978,85.6,0.894,76.4,0.574,33.4,-0.387,47.6,-0.219,62.5,0.137,80.8,0.862,71.2,0.523,68.0,0.229,36.3,-0.519,48.8,-0.172,61.5,0.004,81.7,0.741,68.3,0.415,65.4,0.178,36.3,-0.47,48.8,-0.172
61a5bh5xw947nv4mxx62gqaqx,J. Kramer,Go Ahead Eagles,Defender,61,19,17.44726619937711,21,1,0,2.1955,0.6838,0.628,0.7558,0.036,0.0,33,12,10.9724395394137,9,1,0,2.5734,0.9358,0.8556,0.7018,0.078,0.0,28,7,6.474826659963408,12,0,0,1.8716,0.4679,0.4328,0.8021,0.0,0.0,33,8,8.285374799372942,13,1,0,1.6253,0.394,0.4081,0.6403,0.0493,0.0,28,11,9.161891400004166,8,0,0,1.5413,0.6055,0.5043,0.4404,0.0,0.0,8,2,1.463412886228052,6,0,0,1.4972,0.3743,0.2739,1.1229,0.0,0.0,88.3,1.19,84.3,0.856,83.9,0.784,78.5,0.411,57.7,-0.116,45.6,-0.312,72.3,0.437,60.6,0.103,57.7,-0.058,51.8,-0.084,46.7,-0.417,45.6,-0.295,89.1,1.182,88.0,1.127,87.6,1.064,74.1,0.186,71.2,0.262,47.1,-0.254,80.3,0.803,76.6,0.636,78.1,0.614,54.7,-0.126,62.8,-0.107,47.1,-0.242,87.6,1.13,77.7,0.451,72.3,0.398,81.4,0.657,33.9,-0.583,48.9,-0.173,62.8,0.116,49.6,-0.217,38.7,-0.385,54.7,0.02,33.9,-0.483,48.9,-0.168,89.8,1.392,84.3,0.642,84.7,0.766,83.2,0.767,78.1,0.543,46.7,-0.28,73.0,0.477,45.3,-0.097,51.8,-0.073,55.5,0.146,68.6,-0.083,46.7,-0.245,85.8,0.938,85.8,0.998,83.2,0.763,70.4,0.072,30.7,-0.627,48.9,-0.173,65.7,0.195,65.0,0.28,54.0,-0.062,46.0,-0.338,30.7,-0.565,48.9,-0.158,47.8,-0.229,38.0,-0.475,18.2,-0.854,72.6,0.463,32.5,-0.624,48.5,-0.194,45.3,-0.413,35.8,-0.56,12.4,-0.944,73.7,0.391,32.5,-0.601,48.5,-0.194
64kb0lmkr24rmh59hb01m268k,R. van Cruijsen,FC Volendam,Midfielder,31,14,13.10146982113475,13,2,0,1.8148,0.8196,0.767,0.7611,0.1171,0.0,18,9,7.628537233058092,9,0,0,1.8734,0.9367,0.794,0.9367,0.0,0.0,13,5,5.472932588076654,4,2,0,1.7396,0.6691,0.7323,0.5352,0.2676,0.0,18,8,8.028145548820326,7,1,0,1.5328,0.6812,0.6836,0.5961,0.0852,0.0,13,6,5.073324272314419,6,1,0,1.2177,0.562,0.4752,0.562,0.0937,0.0,7,4,4.005580589382809,0,1,0,1.3114,0.7493,0.7504,0.0,0.1873,0.0,54.3,-0.17,57.2,-0.122,54.8,-0.179,60.1,-0.114,84.9,0.719,46.2,-0.298,40.4,-0.306,50.5,-0.081,40.9,-0.271,56.2,-0.111,81.7,0.266,46.2,-0.273,57.5,-0.087,62.7,0.045,56.2,-0.091,69.7,0.061,33.7,-0.532,48.6,-0.186,51.0,-0.179,59.6,0.11,47.1,-0.143,65.9,0.066,33.7,-0.441,48.6,-0.162,51.2,-0.258,51.0,-0.313,52.9,-0.268,52.6,-0.313,95.2,2.115,47.8,-0.224,44.7,-0.229,43.3,-0.229,43.8,-0.22,42.8,-0.329,94.7,1.334,47.8,-0.216,64.2,0.059,67.3,0.09,67.8,0.099,68.8,0.016,80.8,0.604,48.8,-0.172,49.0,0.067,58.7,0.221,57.7,0.179,58.7,0.003,83.2,0.255,48.8,-0.128,43.3,-0.406,47.1,-0.339,41.8,-0.472,53.4,-0.237,78.6,0.582,47.6,-0.236,30.3,-0.606,37.5,-0.234,24.5,-0.663,50.0,-0.142,80.8,0.233,47.6,-0.219,31.2,-0.566,51.4,-0.121,55.3,-0.134,8.4,-1.058,82.9,0.847,48.8,-0.172,29.6,-0.773,51.7,-0.201,50.0,-0.268,8.4,-1.121,88.2,0.576,48.8,-0.172
64oi87vu8r3cxx2fvtr442gwk,J. Candelaria,NAC Breda,Midfielder,5,2,1.747043207583639,4,0,0,1.1538,0.4615,0.4032,0.9231,0.0,0.0,2,0,0.4069381736226304,2,0,0,1.8462,0.0,0.3756,1.8462,0.0,0.0,3,2,1.340105033961008,2,0,0,0.9231,0.6154,0.4123,0.6154,0.0,0.0,0,0,0.0,0,0,0,0.0,0.0,0.0,0.0,0.0,0.0,5,2,1.747043207583639,4,0,0,1.1538,0.4615,0.4032,0.9231,0.0,0.0,5,2,1.747043207583638,4,0,0,1.1538,0.4615,0.4032,0.9231,0.0,0.0,14.7,-0.924,17.5,-0.896,12.0,-0.943,31.7,-0.582,25.0,-0.653,46.2,-0.298,13.5,-1.074,22.4,-0.768,10.6,-1.152,63.0,0.123,25.0,-0.494,46.2,-0.273,13.9,-0.927,7.0,-0.976,12.5,-0.971,35.8,-0.591,33.7,-0.532,48.6,-0.186,44.0,-0.203,7.0,-1.462,17.8,-0.942,86.5,1.165,33.7,-0.441,48.6,-0.162,15.9,-0.871,27.6,-0.722,16.3,-0.85,33.9,-0.534,35.1,-0.551,47.8,-0.224,7.2,-1.141,38.5,-0.324,13.9,-0.958,51.4,-0.206,35.1,-0.393,47.8,-0.216,6.2,-0.912,11.3,-0.843,6.2,-0.896,13.9,-0.676,34.9,-0.508,48.8,-0.172,6.2,-1.947,11.3,-1.333,6.2,-1.711,13.9,-0.976,34.9,-0.4,48.8,-0.128,19.5,-0.873,23.1,-0.848,18.3,-0.926,43.0,-0.44,33.4,-0.57,47.6,-0.236,24.5,-0.718,26.9,-0.475,15.9,-0.918,70.7,0.553,33.4,-0.387,47.6,-0.219,16.3,-0.917,24.8,-0.777,15.9,-0.975,60.1,-0.028,36.3,-0.519,48.8,-0.172,17.8,-0.938,26.7,-0.687,13.9,-0.993,61.1,0.163,36.3,-0.47,48.8,-0.172
64x38pccgfsuz4ywoveh2ksbu,L. Greiml,NAC Breda,Defender,11,3,2.349634625939711,1,3,0,1.4234,0.3882,0.3041,0.1294,0.3882,0.0,10,3,2.333798090474174,1,3,0,1.5097,0.4529,0.3523,0.151,0.4529,0.0,1,0,0.0158365354655366,0,0,0,0.9058,0.0,0.0143,0.0,0.0,0.0,5,0,0.6891772006248361,0,3,0,1.1323,0.0,0.1561,0.0,0.6794,0.0,6,3,1.660457425314875,1,0,0,1.8116,0.9058,0.5014,0.3019,0.0,0.0,8,3,1.811299938636613,1,1,0,1.4493,0.5435,0.3281,0.1812,0.1812,0.0,30.7,-0.619,30.7,-0.639,24.1,-0.742,18.2,-0.697,89.1,1.156,45.6,-0.312,36.5,-0.581,27.0,-0.583,12.4,-0.958,18.2,-0.994,96.4,2.012,45.6,-0.295,50.0,-0.311,49.6,-0.377,41.6,-0.504,30.3,-0.616,95.3,2.06,47.1,-0.254,46.7,-0.324,38.7,-0.376,24.8,-0.725,24.8,-0.851,94.9,1.828,47.1,-0.242,8.0,-0.948,9.9,-0.855,7.3,-0.962,11.3,-0.758,33.9,-0.583,48.9,-0.173,7.3,-0.91,9.9,-1.099,7.3,-1.319,11.3,-1.059,33.9,-0.483,48.9,-0.168,31.8,-0.586,11.7,-0.827,18.2,-0.735,14.6,-0.718,97.4,2.765,46.7,-0.28,34.3,-0.321,11.7,-1.302,13.1,-1.052,14.6,-1.098,99.3,4.862,46.7,-0.245,32.8,-0.626,48.9,-0.412,29.2,-0.713,25.5,-0.643,30.7,-0.627,48.9,-0.173,81.0,0.726,87.6,1.059,53.3,-0.071,32.1,-0.615,30.7,-0.565,48.9,-0.158,47.8,-0.229,55.8,-0.066,28.5,-0.675,24.1,-0.757,78.8,0.712,48.5,-0.194,38.0,-0.469,41.6,-0.219,19.0,-0.808,15.3,-0.825,65.0,0.497,48.5,-0.194
66kplyn4wfzukepup1ws0f1ed,A. Halilović,Fortuna Sittard,Midfielder,2,2,0.4101405499771921,2,0,0,0.9434,0.9434,0.1935,0.9434,0.0,0.0,0,0,0.0,0,0,0,0.0,0.0,0.0,0.0,0.0,0.0,2,2,0.4101405499771921,2,0,0,0.9434,0.9434,0.1935,0.9434,0.0,0.0,0,0,0.0,0,0,0,0.0,0.0,0.0,0.0,0.0,0.0,2,2,0.4101405499771921,2,0,0,0.9434,0.9434,0.1935,0.9434,0.0,0.0,2,2,0.4101405499771921,2,0,0,0.9434,0.9434,0.1935,0.9434,0.0,0.0,6.7,-1.011,17.5,-0.896,3.8,-1.033,22.1,-0.686,25.0,-0.653,46.2,-0.298,8.7,-1.319,63.5,0.156,2.4,-1.66,66.3,0.153,25.0,-0.494,46.2,-0.273,3.8,-1.033,7.0,-0.976,3.8,-1.021,9.1,-0.777,33.7,-0.532,48.6,-0.186,3.8,-1.835,7.0,-1.462,3.8,-1.66,9.1,-1.066,33.7,-0.441,48.6,-0.162,11.5,-0.933,27.6,-0.722,6.7,-0.98,33.9,-0.534,35.1,-0.551,47.8,-0.224,14.4,-1.118,65.4,0.26,5.3,-1.463,70.7,0.297,35.1,-0.393,47.8,-0.216,6.2,-0.912,11.3,-0.843,6.2,-0.896,13.9,-0.676,34.9,-0.508,48.8,-0.172,6.2,-1.947,11.3,-1.333,6.2,-1.711,13.9,-0.976,34.9,-0.4,48.8,-0.128,9.9,-1.048,23.1,-0.848,6.2,-1.109,31.2,-0.642,33.4,-0.57,47.6,-0.236,14.4,-1.087,86.1,0.681,3.4,-1.66,79.3,0.593,33.4,-0.387,47.6,-0.219,6.7,-1.444,24.8,-0.777,3.8,-1.472,38.2,-0.543,36.3,-0.519,48.8,-0.172,11.1,-1.159,67.8,0.127,2.4,-1.431,67.8,0.192,36.3,-0.47,48.8,-0.172
679ax4aocvzlvj4i7a1bb8rv8,T. Mercera,FC Groningen,Defender,25,11,10.64945316112682,14,1,0,2.312,1.0173,0.9849,1.2947,0.0925,0.0,14,6,5.906112297960436,7,1,0,2.5894,1.1098,1.0924,1.2947,0.185,0.0,11,5,4.743340863166386,7,0,0,2.0346,0.9248,0.8773,1.2947,0.0,0.0,12,6,5.009575574141295,6,0,0,2.7744,1.3872,1.1582,1.3872,0.0,0.0,13,5,5.639877586985527,8,1,0,1.5028,0.578,0.652,0.9248,0.1156,0.0,10,5,4.049419244233125,6,1,0,1.8496,0.9248,0.749,1.1098,0.185,0.0,62.4,-0.112,72.3,0.108,69.3,0.097,69.7,0.023,57.7,-0.116,45.6,-0.312,75.9,0.591,85.4,0.876,86.9,0.934,75.9,0.699,65.0,-0.028,45.6,-0.295,65.0,-0.051,70.1,0.124,70.8,0.145,67.2,-0.015,71.2,0.262,47.1,-0.254,81.0,0.82,83.2,1.001,85.4,1.244,78.1,0.655,79.6,0.445,47.1,-0.242,58.4,-0.179,69.0,0.078,66.4,0.034,68.2,0.067,33.9,-0.583,48.9,-0.173,69.3,0.29,75.9,0.644,78.8,0.606,75.9,0.682,33.9,-0.483,48.9,-0.168,62.8,-0.092,74.1,0.275,71.5,0.119,66.1,-0.033,33.6,-0.568,46.7,-0.28,99.3,2.337,100.0,2.939,98.5,2.838,92.7,1.598,33.6,-0.47,46.7,-0.245,59.9,-0.129,62.0,-0.059,66.4,0.07,70.4,0.072,72.3,0.306,48.9,-0.173,62.8,0.119,61.3,0.208,73.0,0.433,71.5,0.631,75.9,0.25,48.9,-0.158,69.0,0.187,78.8,0.753,73.7,0.471,72.6,0.463,78.8,0.712,48.5,-0.194,62.0,-0.001,72.3,0.55,68.6,0.254,68.6,0.374,72.3,0.52,48.5,-0.194
684nd3xjli51z43pbla0mwa21,T. Oosting,PEC Zwolle,Midfielder,65,20,27.64675459330498,13,1,0,2.1019,0.6467,0.894,0.4204,0.0323,0.0,29,10,12.98509086075014,6,1,0,1.8131,0.6252,0.8118,0.3751,0.0625,0.0,36,10,14.66166373255485,7,0,0,2.4115,0.6698,0.9821,0.4689,0.0,0.0,35,7,12.88020769599821,8,1,0,1.4919,0.2984,0.549,0.341,0.0426,0.0,30,13,14.76654689730677,5,0,0,1.4067,0.6096,0.6924,0.2344,0.0,0.0,12,5,5.312066350309382,4,0,0,2.2507,0.9378,0.9963,0.7502,0.0,0.0,83.7,0.816,69.0,0.264,82.2,0.8,60.1,-0.114,64.7,0.033,46.2,-0.298,57.2,0.028,34.6,-0.413,57.7,0.037,30.3,-0.604,52.4,-0.284,46.2,-0.273,76.0,0.491,68.3,0.158,76.4,0.561,53.6,-0.218,78.1,0.456,48.6,-0.186,41.8,-0.232,40.4,-0.412,48.6,-0.109,31.7,-0.613,70.2,-0.095,48.6,-0.162,88.9,1.152,72.4,0.369,85.1,1.024,67.3,0.017,35.1,-0.551,47.8,-0.224,73.1,0.521,43.8,-0.227,71.6,0.356,39.9,-0.431,35.1,-0.393,47.8,-0.216,87.0,0.976,62.5,-0.027,79.3,0.701,72.1,0.115,80.8,0.604,48.8,-0.172,46.2,0.013,28.4,-0.652,37.0,-0.193,43.3,-0.416,73.6,-0.072,48.8,-0.128,75.7,0.587,75.7,0.551,82.7,0.851,48.1,-0.339,33.4,-0.57,47.6,-0.236,47.1,-0.275,40.9,-0.12,55.3,0.106,26.4,-0.772,33.4,-0.387,47.6,-0.219,69.0,0.312,64.4,0.206,67.8,0.352,60.1,-0.028,36.3,-0.519,48.8,-0.172,69.2,0.211,67.3,0.117,64.9,0.245,59.6,-0.077,36.3,-0.47,48.8,-0.172
68hoounwudpjrr2wmovkyvswk,T. de Graaff,PEC Zwolle,Goalkeeper,11,0,0.6797747798502564,0,0,0,1.2886,0.0,0.0796,0.0,0.0,0.0,5,0,0.3512616826758251,0,0,0,1.562,0.0,0.1097,0.0,0.0,0.0,6,0,0.3285130971744313,0,0,0,1.1246,0.0,0.0616,0.0,0.0,0.0,1,0,0.0772763236885388,0,0,0,0.9372,0.0,0.0724,0.0,0.0,0.0,10,0,0.6024984561617176,0,0,0,1.3388,0.0,0.0807,0.0,0.0,0.0,6,0,0.307981919092872,0,0,0,1.1246,0.0,0.0577,0.0,0.0,0.0,58.8,-0.16,25.0,-0.639,50.0,-0.412,45.0,-0.337,48.8,-0.214,51.2,0.0,60.0,0.116,25.0,-0.769,27.5,-0.531,45.0,-0.279,48.8,-0.226,51.2,0.0,60.0,-0.185,30.0,-0.604,50.0,-0.384,45.0,-0.352,51.2,0.0,51.2,0.0,90.0,0.861,30.0,-0.602,55.0,-0.195,45.0,-0.348,51.2,0.0,51.2,0.0,57.5,-0.117,30.0,-0.588,52.5,-0.431,48.8,-0.227,48.8,-0.214,51.2,0.0,42.5,-0.104,30.0,-0.668,25.0,-0.55,48.8,-0.193,48.8,-0.221,51.2,0.0,30.0,-0.742,28.7,-0.631,27.5,-0.57,47.5,-0.281,51.2,0.0,51.2,0.0,60.0,0.146,28.7,-0.627,40.0,-0.368,47.5,-0.267,51.2,0.0,51.2,0.0,72.5,0.361,31.2,-0.567,60.0,-0.292,47.5,-0.259,48.8,-0.214,51.2,0.0,80.0,0.773,31.2,-0.624,40.0,-0.385,47.5,-0.221,48.8,-0.226,51.2,0.0,61.3,0.424,32.5,-0.628,45.0,-0.49,46.2,-0.294,50.0,-0.158,51.2,0.0,62.5,-0.218,32.5,-0.656,22.5,-0.753,46.2,-0.294,50.0,-0.158,51.2,0.0
69gzswoym4jqnrag1wdqfdkyy,J. Wieckhoff,Heracles Almelo,Defender,25,8,8.852864985161649,19,0,0,1.795,0.5744,0.6356,1.3642,0.0,0.0,11,3,3.639158334490115,9,0,0,1.7112,0.4667,0.5661,1.4001,0.0,0.0,14,5,5.213706650671534,10,0,0,1.8668,0.6667,0.6952,1.3334,0.0,0.0,14,5,5.789382176136818,9,0,0,1.8668,0.6667,0.772,1.2001,0.0,0.0,11,3,3.063482809024831,10,0,0,1.2834,0.35,0.3574,1.1668,0.0,0.0,8,3,3.445703949935039,6,0,0,1.4934,0.56,0.6432,1.1201,0.0,0.0,62.4,-0.112,56.2,-0.172,62.0,-0.085,74.5,0.301,23.0,-0.752,45.6,-0.312,58.4,-0.091,50.4,-0.151,58.4,-0.037,77.4,0.8,23.0,-0.666,45.6,-0.295,54.4,-0.246,49.6,-0.377,54.0,-0.267,74.1,0.186,29.9,-0.636,47.1,-0.254,52.6,-0.111,46.0,-0.347,51.8,-0.156,82.5,0.794,29.9,-0.51,47.1,-0.242,66.4,0.052,69.0,0.078,68.6,0.133,76.3,0.421,33.9,-0.583,48.9,-0.173,60.6,0.111,60.6,0.157,68.6,0.2,78.8,0.734,33.9,-0.483,48.9,-0.168,69.0,0.05,67.2,0.091,76.6,0.273,75.5,0.31,33.6,-0.568,46.7,-0.28,82.5,0.868,76.6,0.736,92.7,1.339,87.6,1.234,33.6,-0.47,46.7,-0.245,52.2,-0.271,48.9,-0.412,44.5,-0.437,75.2,0.277,30.7,-0.627,48.9,-0.173,38.7,-0.312,36.5,-0.384,29.9,-0.553,86.1,1.115,30.7,-0.565,48.9,-0.158,47.8,-0.229,55.8,-0.066,64.2,0.162,72.6,0.463,32.5,-0.624,48.5,-0.194,43.8,-0.418,51.8,-0.186,61.3,-0.013,72.3,0.387,32.5,-0.601,48.5,-0.194
6ab5gq2owk86qs5zjottfhwmi,T. Quintero,Sparta Rotterdam,Defender,46,10,13.11701022732445,27,3,0,1.8544,0.4031,0.5288,1.0885,0.1209,0.0,14,4,3.998610957976223,5,2,0,1.2981,0.3709,0.3708,0.4636,0.1854,0.0,32,6,9.118399269348227,22,1,0,2.2824,0.4279,0.6504,1.5691,0.0713,0.0,24,3,5.015234820744945,14,0,0,1.4835,0.1854,0.31,0.8654,0.0,0.0,22,7,8.101775406579504,13,3,0,1.4571,0.4636,0.5366,0.861,0.1987,0.0,9,2,2.817282780265046,4,1,0,1.669,0.3709,0.5224,0.7418,0.1854,0.0,81.8,0.647,67.2,0.015,76.6,0.346,83.2,0.744,89.1,1.156,45.6,-0.312,59.9,-0.013,29.2,-0.548,48.2,-0.333,66.4,0.399,72.3,0.168,45.6,-0.295,65.0,-0.051,57.7,-0.21,59.9,-0.202,60.6,-0.215,88.3,1.161,47.1,-0.254,32.1,-0.549,30.7,-0.548,27.7,-0.676,46.0,-0.439,80.3,0.447,47.1,-0.242,89.4,1.437,74.5,0.264,83.9,0.955,94.5,1.836,78.8,0.645,48.9,-0.173,76.6,0.553,41.6,-0.293,62.0,0.1,86.1,1.051,70.1,-0.023,48.9,-0.168,83.6,0.756,54.4,-0.276,72.3,0.12,83.9,0.881,33.6,-0.568,46.7,-0.28,65.0,0.248,26.6,-0.735,34.3,-0.454,66.4,0.584,33.6,-0.47,46.7,-0.245,77.4,0.511,71.9,0.293,75.9,0.555,81.8,0.584,96.0,2.173,48.9,-0.173,59.9,0.029,50.4,-0.089,59.9,0.047,65.7,0.503,84.7,0.837,48.9,-0.158,58.8,-0.021,38.0,-0.475,50.4,-0.16,62.4,-0.025,78.8,0.712,48.5,-0.194,53.6,-0.212,27.7,-0.567,46.0,-0.318,58.4,-0.101,74.5,0.522,48.5,-0.194
6bklt91zc5vietmdc8r31zl2i,D. Payne,FC Volendam,Defender,18,3,5.998889258161364,13,2,0,1.5298,0.255,0.5099,1.1049,0.17,0.0,11,2,4.422965836204396,8,0,0,1.714,0.3116,0.6892,1.2465,0.0,0.0,7,1,1.575923421956968,5,2,0,1.3089,0.187,0.2947,0.9349,0.374,0.0,7,1,2.726161303642055,5,1,0,1.0907,0.1558,0.4248,0.7791,0.1558,0.0,11,2,3.272727954519308,8,1,0,1.2855,0.2337,0.3825,0.9349,0.1169,0.0,9,2,3.280966975884506,6,1,0,1.6828,0.374,0.6135,1.1219,0.187,0.0,48.9,-0.366,30.7,-0.639,48.9,-0.373,67.5,-0.032,77.4,0.52,45.6,-0.312,40.9,-0.44,15.3,-0.892,46.0,-0.386,67.9,0.423,80.3,0.507,45.6,-0.295,54.4,-0.246,36.9,-0.544,61.3,-0.125,70.1,0.086,29.9,-0.636,47.1,-0.254,53.3,-0.108,26.3,-0.672,61.3,0.172,73.7,0.591,29.9,-0.51,47.1,-0.242,42.7,-0.486,28.8,-0.668,32.8,-0.633,61.3,-0.169,93.8,1.874,48.9,-0.173,35.8,-0.482,24.8,-0.746,23.4,-0.693,63.5,0.199,95.6,1.93,48.9,-0.168,43.8,-0.445,29.9,-0.643,52.6,-0.333,62.4,-0.147,78.1,0.543,46.7,-0.28,31.4,-0.388,24.8,-0.825,53.3,-0.009,63.5,0.416,86.9,0.753,46.7,-0.245,52.2,-0.271,36.1,-0.588,48.2,-0.396,70.4,0.072,72.3,0.306,48.9,-0.173,40.1,-0.308,25.2,-0.686,35.8,-0.469,75.2,0.651,77.4,0.26,48.9,-0.158,58.8,-0.021,38.0,-0.475,62.0,0.078,72.6,0.463,78.8,0.712,48.5,-0.194,58.4,-0.196,35.0,-0.561,58.4,-0.088,73.0,0.389,83.6,0.532,48.5,-0.194
6coor7jll29drx4kgvyt499wq,N. Naujoks,SBV Excelsior,Midfielder,29,7,12.17847284393823,6,7,0,1.5891,0.3836,0.6673,0.3288,0.3836,0.0,13,2,4.544302618291717,1,5,0,1.73,0.2662,0.6048,0.1331,0.6654,0.0,16,5,7.634170225646509,5,2,0,1.4905,0.4658,0.7112,0.4658,0.1863,0.0,12,2,5.19127111309946,0,4,0,1.0162,0.1694,0.4396,0.0,0.3387,0.0,17,5,6.987201730838765,6,3,0,1.1312,0.3327,0.4649,0.3992,0.1996,0.0,7,2,3.178865040978985,2,1,0,1.3042,0.3726,0.5923,0.3726,0.1863,0.0,52.4,-0.228,38.2,-0.574,52.9,-0.241,39.9,-0.478,98.8,4.151,46.2,-0.298,31.7,-0.568,17.8,-0.918,34.6,-0.512,25.5,-0.736,96.6,1.997,46.2,-0.273,47.1,-0.349,29.8,-0.749,43.3,-0.467,25.2,-0.684,99.3,4.412,48.6,-0.186,40.9,-0.306,17.3,-1.015,33.7,-0.505,21.6,-0.905,98.1,3.243,48.6,-0.162,57.9,-0.074,51.0,-0.313,64.4,0.036,58.2,-0.203,95.2,2.115,47.8,-0.224,32.7,-0.507,29.8,-0.59,41.8,-0.269,38.0,-0.436,90.4,0.81,47.8,-0.216,53.4,-0.265,38.5,-0.61,53.4,-0.252,13.9,-0.676,99.0,3.938,48.8,-0.172,24.0,-0.612,23.1,-0.946,26.9,-0.496,13.9,-0.976,97.6,2.206,48.8,-0.128,52.4,-0.172,42.8,-0.467,51.0,-0.211,53.4,-0.237,97.6,2.885,47.6,-0.236,22.1,-0.758,19.2,-0.784,22.8,-0.7,40.4,-0.455,93.8,0.934,47.6,-0.219,31.2,-0.566,24.8,-0.777,37.5,-0.442,38.2,-0.543,82.9,0.847,48.8,-0.172,26.7,-0.781,21.2,-0.838,31.2,-0.598,35.6,-0.602,83.2,0.57,48.8,-0.172
6dd248q0adq6su677bw2kk2c5,C. Verdonk,Nijmegen Eendracht Combinatie,Defender,19,10,9.292277061925112,1,1,0,4.3734,2.3018,2.1389,0.2302,0.2302,0.0,6,2,1.968265774910946,1,0,0,2.7621,0.9207,0.9061,0.4604,0.0,0.0,13,8,7.324011287014166,0,1,0,5.9847,3.6829,3.3717,0.0,0.4604,0.0,5,2,1.786615414400853,1,1,0,1.5345,0.6138,0.5483,0.3069,0.3069,0.0,14,8,7.505661647524259,0,0,0,3.2225,1.8414,1.7276,0.0,0.0,0.0,19,10,9.292277061925112,1,1,0,4.3734,2.3018,2.1389,0.2302,0.2302,0.0,51.5,-0.329,67.2,0.015,64.2,-0.041,18.2,-0.697,57.7,-0.116,45.6,-0.312,100.0,3.308,99.3,3.853,100.0,4.142,27.0,-0.848,88.3,0.922,45.6,-0.295,33.2,-0.571,36.9,-0.544,37.2,-0.57,30.3,-0.616,29.9,-0.636,47.1,-0.254,82.5,1.003,71.5,0.605,81.8,0.749,43.8,-0.443,29.9,-0.51,47.1,-0.242,63.5,-0.025,80.3,0.637,79.6,0.577,11.3,-0.758,78.8,0.645,48.9,-0.173,100.0,4.488,100.0,5.84,100.0,6.171,11.3,-1.059,96.4,2.487,48.9,-0.168,31.8,-0.586,43.1,-0.46,39.4,-0.518,36.5,-0.604,78.1,0.543,46.7,-0.28,68.6,0.33,70.1,0.575,70.1,0.471,41.6,-0.501,94.9,1.939,46.7,-0.245,63.1,-0.058,76.3,0.469,74.5,0.437,9.5,-0.746,30.7,-0.627,48.9,-0.173,99.3,3.496,99.3,3.488,98.5,4.031,9.5,-1.219,30.7,-0.565,48.9,-0.158,95.6,2.058,98.5,2.802,99.3,3.157,24.1,-0.757,78.8,0.712,48.5,-0.194,98.5,2.95,98.5,3.326,100.0,3.76,29.2,-0.762,88.3,0.794,48.5,-0.194
6eg8vaxpqsd6cyh736h7bq4x6,D. Mbayo,PEC Zwolle,Forward,12,8,6.594942362531796,4,0,0,1.8584,1.2389,1.0213,0.6195,0.0,0.0,1,0,0.0924705292125366,1,0,0,0.9292,0.0,0.0859,0.9292,0.0,0.0,11,8,6.502471833319261,3,0,0,2.0442,1.4867,1.2084,0.5575,0.0,0.0,4,3,2.367109039014839,1,0,0,1.8584,1.3938,1.0998,0.4646,0.0,0.0,8,5,4.227833323516958,3,0,0,1.2389,0.7743,0.6548,0.4646,0.0,0.0,9,7,5.270712999214467,3,0,0,1.6726,1.3009,0.9795,0.5575,0.0,0.0,51.9,-0.307,68.4,-0.043,59.5,-0.205,69.0,-0.164,15.8,-0.725,50.0,-0.113,83.5,0.521,91.1,1.313,88.6,0.917,77.2,0.55,15.8,-0.821,50.0,-0.113,15.8,-0.643,13.3,-0.612,12.7,-0.675,50.0,-0.355,24.1,-0.719,50.6,0.0,27.8,-0.574,13.3,-1.087,12.7,-1.201,88.6,1.305,24.1,-0.696,50.6,0.0,72.2,0.131,86.7,0.832,81.0,0.424,79.7,0.047,21.5,-0.595,50.0,-0.113,89.9,0.841,94.9,1.941,91.1,1.491,75.9,0.424,21.5,-0.705,50.0,-0.113,51.9,-0.344,69.0,-0.098,54.4,-0.263,60.1,-0.286,30.4,-0.604,50.6,0.0,89.9,1.267,97.5,2.114,94.9,1.718,75.9,0.637,30.4,-0.478,50.6,0.0,55.1,-0.255,70.9,0.007,64.6,-0.149,75.3,-0.003,21.5,-0.649,50.0,-0.113,62.0,0.048,87.3,0.874,70.9,0.457,77.2,0.428,21.5,-0.706,50.0,-0.113,81.0,0.3,93.7,1.568,86.1,0.837,81.0,0.3,24.1,-0.712,50.6,0.0,75.9,0.146,91.1,1.319,82.3,0.69,77.2,0.229,24.1,-0.745,50.6,0.0
6f3c55lmvbkyifp466cepudt6,S. Włodarczyk,SBV Excelsior,Forward,7,1,1.515535096403399,4,3,0,0.9303,0.1329,0.2014,0.5316,0.3987,0.0,3,1,0.6209545126761397,1,2,0,0.9303,0.3101,0.1926,0.3101,0.6202,0.0,4,0,0.894580583727259,3,1,0,0.9303,0.0,0.2081,0.6978,0.2326,0.0,2,1,0.4170723457430971,1,1,0,0.9303,0.4652,0.194,0.4652,0.4652,0.0,5,0,1.098462750660302,3,2,0,0.9303,0.0,0.2044,0.5582,0.3721,0.0,5,0,1.135673239120112,2,3,0,0.9303,0.0,0.2113,0.3721,0.5582,0.0,32.9,-0.497,19.6,-0.597,22.8,-0.618,69.0,-0.164,72.8,0.189,50.0,-0.113,11.4,-0.865,16.5,-1.024,3.8,-1.297,72.2,0.35,79.7,0.59,50.0,-0.113,35.4,-0.509,34.8,-0.485,20.3,-0.601,50.0,-0.355,80.4,0.529,50.6,0.0,30.4,-0.573,33.5,-0.537,15.2,-0.976,58.2,-0.133,90.5,1.391,50.6,0.0,38.6,-0.464,13.9,-0.728,22.8,-0.616,79.7,0.047,61.4,-0.11,50.0,-0.113,22.8,-0.557,13.9,-1.082,15.2,-1.001,83.5,0.702,69.6,-0.008,50.0,-0.113,36.1,-0.493,40.5,-0.426,30.4,-0.6,60.1,-0.286,71.5,0.219,50.6,0.0,39.2,-0.172,60.8,0.027,26.6,-0.843,77.2,0.639,94.9,1.136,50.6,0.0,36.1,-0.478,12.0,-0.724,25.3,-0.61,75.3,-0.003,74.1,0.14,50.0,-0.113,22.8,-0.59,12.0,-1.302,10.1,-1.131,84.8,0.676,79.7,0.446,50.0,-0.113,31.6,-0.363,10.8,-1.005,19.0,-0.794,73.4,0.018,90.5,1.321,50.6,0.0,15.2,-0.601,10.8,-1.081,6.3,-1.033,69.6,-0.045,88.6,1.104,50.6,0.0
6fdwd71dx2qu7uzzs3ozm9x7u,T. Watanabe,Feyenoord Rotterdam,Defender,24,9,7.269020730464907,4,3,0,1.379,0.5171,0.4177,0.2298,0.1724,0.0,15,5,4.560459509734871,2,2,0,1.5322,0.5107,0.4658,0.2043,0.2043,0.0,9,4,2.708561220730037,2,1,0,1.182,0.5253,0.3557,0.2627,0.1313,0.0,14,4,4.204028694209859,1,1,0,1.287,0.3677,0.3865,0.0919,0.0919,0.0,10,5,3.06499203625505,3,2,0,1.3133,0.6566,0.4025,0.394,0.2627,0.0,8,5,3.03557684770731,1,2,0,1.4709,0.9193,0.5581,0.1839,0.3677,0.0,59.5,-0.149,61.3,-0.078,54.7,-0.245,42.7,-0.531,89.1,1.156,45.6,-0.312,31.4,-0.639,46.7,-0.284,32.1,-0.642,26.3,-0.848,81.0,0.524,45.6,-0.295,67.5,0.014,63.1,-0.043,62.0,-0.1,41.6,-0.516,88.3,1.161,47.1,-0.254,47.4,-0.301,48.9,-0.255,42.3,-0.423,29.2,-0.781,83.9,0.545,47.1,-0.242,50.0,-0.333,61.7,-0.109,51.8,-0.395,43.4,-0.523,78.8,0.645,48.9,-0.173,27.7,-0.616,52.6,-0.109,30.7,-0.557,33.6,-0.705,79.6,0.364,48.9,-0.168,69.0,0.05,62.0,-0.092,63.5,-0.041,36.5,-0.604,78.1,0.543,46.7,-0.28,48.2,-0.07,44.5,-0.178,48.9,-0.157,31.4,-0.919,78.8,0.251,46.7,-0.245,47.4,-0.342,62.0,-0.059,45.3,-0.436,47.1,-0.439,88.7,1.24,48.9,-0.173,43.1,-0.253,69.3,0.412,41.6,-0.402,41.6,-0.431,89.8,1.288,48.9,-0.158,47.8,-0.229,78.8,0.753,55.5,-0.048,24.1,-0.757,95.3,2.049,48.5,-0.194,38.7,-0.444,70.1,0.539,50.4,-0.228,17.2,-0.822,91.2,1.627,48.5,-0.194
6feheukom1kdo8w1hwrztpvro,B. Ghalidi,NAC Breda,Midfielder,26,9,8.951621111135635,21,0,0,2.4249,0.8394,0.8349,1.9585,0.0,0.0,10,5,4.403652402225361,7,0,0,2.3316,1.1658,1.0268,1.6321,0.0,0.0,16,4,4.547968708910275,14,0,0,2.487,0.6218,0.7069,2.1762,0.0,0.0,3,1,0.8232172103105335,2,0,0,2.7979,0.9326,0.7678,1.8653,0.0,0.0,23,8,8.128403900825102,19,0,0,2.1451,0.7461,0.7581,1.772,0.0,0.0,14,4,4.273045474530027,12,0,0,2.6114,0.7461,0.797,2.2383,0.0,0.0,48.1,-0.315,44.0,-0.445,42.8,-0.458,78.1,0.303,25.0,-0.653,46.2,-0.298,72.1,0.403,51.9,-0.043,51.0,-0.106,93.8,1.622,25.0,-0.494,46.2,-0.273,41.6,-0.507,46.2,-0.409,42.8,-0.484,58.7,-0.125,33.7,-0.532,48.6,-0.186,62.0,0.226,67.8,0.495,65.9,0.302,84.1,0.906,33.7,-0.441,48.6,-0.162,57.9,-0.074,44.0,-0.449,44.7,-0.398,85.3,0.789,35.1,-0.551,47.8,-0.224,76.4,0.606,39.9,-0.313,41.3,-0.278,97.1,2.187,35.1,-0.393,47.8,-0.216,25.2,-0.75,28.4,-0.726,21.2,-0.794,40.9,-0.479,34.9,-0.508,48.8,-0.172,94.7,1.729,79.8,0.795,70.7,0.412,96.2,2.087,34.9,-0.4,48.8,-0.128,67.1,0.178,56.7,-0.085,57.2,-0.055,87.0,1.08,33.4,-0.57,47.6,-0.236,87.0,1.02,58.2,0.208,63.9,0.338,96.2,2.188,33.4,-0.387,47.6,-0.219,77.6,0.664,51.4,-0.121,59.1,-0.035,95.7,2.031,36.3,-0.519,48.8,-0.172,76.9,0.588,48.6,-0.207,55.3,-0.171,96.2,1.993,36.3,-0.47,48.8,-0.172
6jabylbbn78fxakfp2t2h3huc,P. Reulen,NAC Breda,Forward,2,1,1.041387593230687,0,1,0,0.9308,0.4654,0.4847,0.0,0.4654,0.0,0,0,0.0,0,0,0,0.0,0.0,0.0,0.0,0.0,0.0,2,1,1.041387593230687,0,1,0,0.9308,0.4654,0.4847,0.0,0.4654,0.0,1,1,0.7486956924602555,0,0,0,0.9308,0.9308,0.6969,0.0,0.0,0.0,1,0,0.2926919007704317,0,1,0,0.9308,0.0,0.2724,0.0,0.9308,0.0,2,1,1.041387593230687,0,1,0,0.9308,0.4654,0.4847,0.0,0.4654,0.0,15.8,-0.687,19.6,-0.597,16.5,-0.657,13.9,-0.568,43.0,-0.42,50.0,-0.113,12.7,-0.864,35.4,-0.321,32.9,-0.532,13.9,-0.862,82.3,0.826,50.0,-0.113,5.1,-0.71,13.3,-0.612,5.1,-0.688,19.0,-0.545,24.1,-0.719,50.6,0.0,5.1,-1.618,13.3,-1.087,5.1,-1.383,19.0,-0.853,24.1,-0.696,50.6,0.0,21.5,-0.635,34.2,-0.533,25.3,-0.588,25.3,-0.542,61.4,-0.11,50.0,-0.113,24.1,-0.557,49.4,-0.135,36.7,-0.312,25.3,-0.68,83.5,0.69,50.0,-0.113,25.3,-0.567,40.5,-0.426,35.4,-0.543,25.3,-0.464,30.4,-0.604,50.6,0.0,40.5,-0.171,88.6,1.074,73.4,0.579,25.3,-0.764,30.4,-0.478,50.6,0.0,10.8,-0.774,12.0,-0.724,8.9,-0.729,18.4,-0.628,54.4,-0.254,50.0,-0.113,24.1,-0.589,12.0,-1.302,13.9,-0.891,18.4,-0.805,94.9,2.177,50.0,-0.113,15.8,-0.86,29.1,-0.637,17.7,-0.832,20.9,-0.547,62.7,-0.034,50.6,0.0,16.5,-0.6,48.1,-0.223,38.0,-0.42,20.9,-0.595,81.0,0.797,50.6,0.0
6jhavdnaitqn6ydme8a526aui,C. Driouech,PSV Eindhoven,Midfielder,52,17,20.74103168283456,32,0,1,2.3231,0.7595,0.9266,1.4296,0.0,0.0447,24,7,8.737589109186915,15,0,0,2.5018,0.7297,0.9108,1.5636,0.0,0.0,28,10,12.00344257364764,17,0,1,2.1891,0.7818,0.9384,1.3291,0.0,0.0782,10,4,4.043992961069439,6,0,0,1.8763,0.7505,0.7588,1.1258,0.0,0.0,42,13,16.69703872176512,26,0,1,1.8763,0.5808,0.7459,1.1615,0.0,0.0447,14,6,6.316841695313117,8,0,1,2.6269,1.1258,1.1853,1.5011,0.0,0.1876,74.5,0.439,64.4,0.071,69.7,0.335,86.1,0.875,25.0,-0.653,96.2,3.344,63.9,0.285,43.8,-0.196,60.1,0.116,82.2,0.856,25.0,-0.494,97.1,2.993,68.5,0.229,53.6,-0.182,63.9,0.044,82.0,0.62,33.7,-0.532,48.6,-0.186,68.3,0.376,46.2,-0.237,55.3,0.08,82.2,0.824,33.7,-0.441,48.6,-0.162,80.5,0.661,72.4,0.369,78.8,0.65,89.9,1.12,35.1,-0.551,97.8,4.439,64.4,0.273,51.9,-0.028,67.3,0.255,82.2,0.888,35.1,-0.393,97.6,3.75,48.1,-0.373,49.3,-0.377,49.0,-0.394,64.7,-0.083,34.9,-0.508,48.8,-0.172,76.4,0.518,68.8,0.379,69.2,0.387,83.2,0.873,34.9,-0.4,48.8,-0.128,89.7,1.287,75.7,0.551,87.0,1.114,95.0,1.789,33.4,-0.57,97.6,4.222,76.9,0.549,38.9,-0.189,62.5,0.295,86.5,1.012,33.4,-0.387,97.1,2.869,77.6,0.664,73.6,0.534,79.3,0.726,82.5,1.001,36.3,-0.519,98.8,5.788,78.4,0.605,74.0,0.435,77.4,0.64,84.6,0.968,36.3,-0.47,99.5,5.834
6jqn5grsuhuo5at81pzahr6xh,R. Mühren,FC Volendam,Midfielder,12,5,5.562022075063699,4,2,0,0.9325,0.3885,0.4322,0.3108,0.1554,0.0,6,3,2.630470657007068,3,1,0,0.9325,0.4662,0.4088,0.4662,0.1554,0.0,6,2,2.931551418056631,1,1,0,0.9325,0.3108,0.4556,0.1554,0.1554,0.0,1,1,0.7293019759453853,0,0,0,0.9325,0.9325,0.6801,0.0,0.0,0.0,11,4,4.832720099118314,4,2,0,0.9325,0.3391,0.4097,0.3391,0.1695,0.0,5,2,2.783846326518169,1,1,0,0.9325,0.373,0.5192,0.1865,0.1865,0.0,27.6,-0.721,32.0,-0.703,32.2,-0.686,31.7,-0.582,84.9,0.719,46.2,-0.298,5.3,-1.331,18.8,-0.908,13.0,-1.082,24.5,-0.762,86.5,0.515,46.2,-0.273,29.3,-0.717,35.8,-0.636,32.2,-0.7,41.8,-0.498,78.1,0.456,48.6,-0.186,12.0,-1.011,26.4,-0.679,21.6,-0.879,35.6,-0.502,83.2,0.419,48.6,-0.162,29.6,-0.687,27.6,-0.722,35.1,-0.626,22.6,-0.644,81.5,0.782,47.8,-0.224,11.1,-1.13,18.3,-0.866,16.3,-0.858,18.8,-0.912,88.0,0.61,47.8,-0.216,15.1,-0.858,28.4,-0.726,18.8,-0.805,13.9,-0.676,34.9,-0.508,48.8,-0.172,18.8,-0.722,79.3,0.794,57.2,0.169,13.9,-0.976,34.9,-0.4,48.8,-0.128,38.7,-0.523,36.3,-0.594,40.4,-0.505,43.0,-0.44,93.0,1.733,47.6,-0.236,8.2,-1.106,20.2,-0.769,17.8,-0.895,34.1,-0.571,91.3,0.735,47.6,-0.219,16.3,-0.917,24.8,-0.777,31.2,-0.589,23.8,-0.801,82.9,0.847,48.8,-0.172,6.7,-1.17,22.1,-0.837,24.5,-0.751,23.3,-0.861,84.4,0.571,48.8,-0.172
6k6qt155b79yf36833pamwbxm,K. Tejan,SC Telstar,Forward,30,11,13.7636998638922,6,3,0,1.7308,0.6346,0.7941,0.3462,0.1731,0.0,15,5,7.227926480343554,4,1,0,1.978,0.6593,0.9531,0.5275,0.1319,0.0,15,6,6.53577338354865,2,2,0,1.5385,0.6154,0.6703,0.2051,0.2051,0.0,3,1,1.242331256367524,2,0,0,1.3846,0.4615,0.5734,0.9231,0.0,0.0,27,10,12.52136860752468,4,3,0,1.5577,0.5769,0.7224,0.2308,0.1731,0.0,7,2,3.338125714197328,1,0,0,1.2923,0.3692,0.6163,0.1846,0.0,0.0,80.4,0.377,78.5,0.194,79.7,0.377,77.8,0.038,72.8,0.189,50.0,-0.113,75.9,0.33,57.0,0.036,69.6,0.304,64.6,-0.073,60.8,-0.208,50.0,-0.113,78.5,0.293,71.5,0.024,77.2,0.325,81.0,0.217,61.4,-0.095,50.6,0.0,83.5,0.604,58.2,0.083,79.7,0.629,73.4,0.372,59.5,-0.252,50.6,0.0,84.8,0.472,81.0,0.442,82.3,0.431,67.7,-0.149,83.5,0.374,50.0,-0.113,68.4,0.206,64.6,0.17,60.8,0.151,55.7,-0.274,64.6,-0.09,50.0,-0.113,45.6,-0.418,40.5,-0.426,39.2,-0.458,74.7,-0.108,30.4,-0.604,50.6,0.0,74.7,0.533,55.7,0.019,58.2,0.23,93.7,2.019,30.4,-0.478,50.6,0.0,91.1,1.153,85.4,0.739,88.6,1.074,82.3,0.206,84.2,0.534,50.0,-0.113,86.1,0.707,62.0,0.319,84.8,0.695,54.4,-0.192,59.5,-0.17,50.0,-0.113,60.8,-0.031,47.5,-0.27,67.1,0.075,54.4,-0.264,24.1,-0.712,50.6,0.0,50.6,-0.236,34.2,-0.4,59.5,-0.125,46.8,-0.322,24.1,-0.745,50.6,0.0
6km3r9cspyz7g6343o9mri63u,Raúl Moro,AFC Ajax,Midfielder,38,18,16.2881246127697,22,0,0,3.1749,1.5039,1.3609,1.8381,0.0,0.0,19,9,8.340254558905842,9,0,0,2.9103,1.3786,1.2775,1.3786,0.0,0.0,19,9,7.947870053863863,13,0,0,3.4923,1.6543,1.4609,2.3895,0.0,0.0,22,9,7.183408058237589,16,0,0,3.3698,1.3786,1.1003,2.4508,0.0,0.0,16,9,9.104716554532116,6,0,0,1.4705,0.8271,0.8368,0.5514,0.0,0.0,12,7,6.076003831196624,6,0,0,2.2057,1.2867,1.1168,1.1028,0.0,0.0,60.3,0.033,66.6,0.135,63.9,0.036,79.1,0.355,25.0,-0.653,46.2,-0.298,92.8,1.275,88.9,1.231,85.6,1.168,91.8,1.447,25.0,-0.494,46.2,-0.273,59.1,-0.034,62.7,0.045,62.5,-0.005,69.7,0.061,33.7,-0.532,48.6,-0.186,77.9,0.738,79.3,0.852,78.8,0.781,76.9,0.6,33.7,-0.441,48.6,-0.162,65.1,0.11,67.5,0.233,64.9,0.08,83.7,0.679,35.1,-0.551,47.8,-0.224,95.7,1.728,96.2,1.525,93.3,1.461,98.6,2.514,35.1,-0.393,47.8,-0.216,68.8,0.275,71.9,0.206,63.5,-0.005,87.5,0.905,34.9,-0.508,48.8,-0.172,99.0,2.48,94.7,1.812,92.3,1.331,99.0,3.048,34.9,-0.4,48.8,-0.128,50.2,-0.231,60.3,0.042,62.5,0.078,53.4,-0.237,33.4,-0.57,47.6,-0.236,51.4,-0.163,64.7,0.402,77.9,0.617,49.0,-0.162,33.4,-0.387,47.6,-0.219,69.0,0.312,80.8,0.862,76.0,0.636,73.3,0.486,36.3,-0.519,48.8,-0.172,64.4,0.163,76.9,0.707,70.7,0.497,70.2,0.413,36.3,-0.47,48.8,-0.172
6lyedmu2vuf7jig3jmhz9b4ve,D. van der Kust,Heracles Almelo,Defender,30,5,8.06915563744079,25,0,0,1.7587,0.2931,0.473,1.4656,0.0,0.0,15,3,4.666364493809686,11,0,0,1.7587,0.3517,0.5471,1.2897,0.0,0.0,15,2,3.402791143631105,14,0,0,1.7587,0.2345,0.399,1.6414,0.0,0.0,11,3,3.19896131699476,8,0,0,1.2897,0.3517,0.3751,0.938,0.0,0.0,19,2,4.870194320446031,17,0,0,1.7821,0.1876,0.4568,1.5945,0.0,0.0,12,0,2.22692184318515,11,0,0,2.2511,0.0,0.4178,2.0635,0.0,0.0,69.7,0.068,44.9,-0.452,59.1,-0.164,81.4,0.633,23.0,-0.752,45.6,-0.312,54.7,-0.139,18.2,-0.803,38.0,-0.489,81.0,0.947,23.0,-0.666,45.6,-0.295,67.5,0.014,49.6,-0.377,63.5,-0.08,79.2,0.386,29.9,-0.636,47.1,-0.254,54.7,-0.06,29.9,-0.588,50.4,-0.206,77.4,0.648,29.9,-0.51,47.1,-0.242,69.0,0.129,43.8,-0.482,55.5,-0.249,86.5,0.893,33.9,-0.583,48.9,-0.173,53.3,-0.004,29.9,-0.657,33.6,-0.461,89.1,1.148,33.9,-0.483,48.9,-0.168,58.8,-0.162,54.4,-0.276,56.2,-0.239,73.7,0.196,33.6,-0.568,46.7,-0.28,48.9,-0.066,43.1,-0.226,47.4,-0.202,77.4,0.725,33.6,-0.47,46.7,-0.245,71.9,0.298,36.1,-0.588,61.3,-0.081,88.3,0.993,30.7,-0.627,48.9,-0.173,79.6,0.668,18.2,-0.805,46.0,-0.22,95.6,1.971,30.7,-0.565,48.9,-0.158,77.7,0.602,5.5,-1.295,43.1,-0.462,93.8,1.682,32.5,-0.624,48.5,-0.194,76.6,0.468,5.5,-1.315,34.3,-0.581,93.4,1.605,32.5,-0.601,48.5,-0.194
6narzhg4hjarzdm235jkcclxw,A. Stepanov,FC Utrecht,Forward,10,3,3.747785584935338,3,1,0,1.1333,0.34,0.4247,0.34,0.1133,0.0,4,0,1.063221541811335,1,1,0,0.9066,0.0,0.241,0.2267,0.2267,0.0,6,3,2.684564043124003,2,0,0,1.36,0.68,0.6085,0.4533,0.0,0.0,5,2,2.185010751599225,1,1,0,0.9066,0.3627,0.3962,0.1813,0.1813,0.0,5,1,1.562774833336113,2,0,0,0.9066,0.1813,0.2834,0.3627,0.0,0.0,6,1,2.365785228639337,1,1,0,1.088,0.1813,0.429,0.1813,0.1813,0.0,47.5,-0.383,41.8,-0.439,43.0,-0.437,62.0,-0.265,43.0,-0.42,50.0,-0.113,29.1,-0.562,27.8,-0.586,22.8,-0.694,63.3,-0.087,43.0,-0.42,50.0,-0.113,43.0,-0.443,13.3,-0.612,27.8,-0.539,50.0,-0.355,61.4,-0.095,50.6,0.0,10.1,-0.6,13.3,-1.087,17.7,-0.874,48.1,-0.327,69.6,0.067,50.6,0.0,54.4,-0.294,62.7,-0.143,54.4,-0.284,67.7,-0.149,21.5,-0.595,50.0,-0.113,54.4,-0.018,72.2,0.301,51.3,-0.003,70.9,0.218,21.5,-0.705,50.0,-0.113,57.6,-0.27,56.3,-0.262,50.6,-0.294,60.1,-0.286,71.5,0.219,50.6,0.0,21.5,-0.208,44.3,-0.203,32.9,-0.271,59.5,-0.217,72.2,0.151,50.6,0.0,36.1,-0.478,29.1,-0.578,31.6,-0.542,62.7,-0.211,21.5,-0.649,50.0,-0.113,5.1,-0.639,25.3,-0.792,16.5,-0.853,68.4,0.158,21.5,-0.706,50.0,-0.113,44.9,-0.197,29.1,-0.637,45.6,-0.309,54.4,-0.264,62.7,-0.034,50.6,0.0,31.6,-0.442,21.5,-0.747,34.2,-0.545,41.8,-0.327,48.1,-0.145,50.6,0.0
6nd0ifv6ljza9nauxcpejqzft,O. Velanas,PEC Zwolle,Midfielder,19,9,8.277902688353239,9,0,0,2.2518,1.0667,0.9811,1.0667,0.0,0.0,11,6,5.073463813756252,5,0,0,2.0859,1.1378,0.9621,0.9481,0.0,0.0,8,3,3.204438874596987,4,0,0,2.5284,0.9481,1.0127,1.2642,0.0,0.0,11,6,4.347727234448249,7,0,0,1.7382,0.9481,0.687,1.1062,0.0,0.0,8,3,3.930175453904989,2,0,0,1.0836,0.4063,0.5323,0.2709,0.0,0.0,14,8,6.988615361763035,5,0,0,2.6548,1.517,1.3252,0.9481,0.0,0.0,38.9,-0.518,44.0,-0.445,41.3,-0.504,50.7,-0.322,25.0,-0.653,46.2,-0.298,63.0,0.202,70.2,0.393,68.3,0.248,69.2,0.331,25.0,-0.494,46.2,-0.273,43.5,-0.455,49.3,-0.296,46.2,-0.403,49.5,-0.311,33.7,-0.532,48.6,-0.186,56.2,0.009,66.8,0.448,60.6,0.178,66.8,0.08,33.7,-0.441,48.6,-0.162,37.3,-0.565,36.3,-0.585,37.5,-0.587,52.6,-0.313,35.1,-0.551,47.8,-0.224,80.3,0.652,65.9,0.268,74.0,0.427,80.3,0.789,35.1,-0.393,47.8,-0.216,51.0,-0.319,57.7,-0.144,51.0,-0.357,68.8,0.016,34.9,-0.508,48.8,-0.172,63.5,0.337,82.2,0.83,58.2,0.188,82.2,0.84,34.9,-0.4,48.8,-0.128,30.3,-0.698,29.3,-0.721,34.6,-0.628,31.2,-0.642,33.4,-0.57,47.6,-0.236,19.2,-0.841,23.6,-0.607,33.9,-0.461,26.9,-0.702,33.4,-0.387,47.6,-0.219,77.6,0.664,87.7,1.189,85.1,0.976,68.0,0.229,36.3,-0.519,48.8,-0.172,79.3,0.634,89.9,1.096,84.6,0.932,68.8,0.198,36.3,-0.47,48.8,-0.172
6ok4k757utbtswx5618xffsru,I. Mesík,Heracles Almelo,Defender,50,12,14.60061105071188,28,2,0,2.124,0.5098,0.6202,1.1895,0.085,0.0,28,10,9.840898178899714,15,1,0,2.3789,0.8496,0.8361,1.2744,0.085,0.0,22,2,4.759712871812162,13,1,0,1.8692,0.1699,0.4044,1.1045,0.085,0.0,27,6,7.730999730597748,16,1,0,1.4843,0.3299,0.425,0.8796,0.055,0.0,23,6,6.869611320114129,12,1,0,1.2644,0.3299,0.3777,0.6597,0.055,0.0,8,2,2.59238333796324,4,0,0,1.4953,0.3738,0.4846,0.7477,0.0,0.0,84.7,0.792,75.5,0.202,79.6,0.496,83.9,0.799,77.4,0.52,45.6,-0.312,70.1,0.343,45.3,-0.301,54.0,-0.079,72.3,0.546,60.6,-0.079,45.6,-0.295,85.0,0.858,85.0,0.793,84.7,0.858,84.7,0.787,71.2,0.262,47.1,-0.254,78.1,0.597,68.6,0.456,74.5,0.562,75.9,0.628,66.4,-0.071,47.1,-0.242,80.3,0.668,43.8,-0.482,67.2,0.037,83.9,0.775,78.8,0.645,48.9,-0.173,61.3,0.114,22.6,-0.779,34.3,-0.449,69.3,0.427,73.0,0.065,48.9,-0.168,86.1,0.968,74.1,0.275,83.9,0.656,85.8,1.11,78.1,0.543,46.7,-0.28,65.7,0.249,40.9,-0.293,54.0,-0.008,67.2,0.611,70.1,-0.038,46.7,-0.245,79.9,0.582,67.9,0.117,70.1,0.312,78.8,0.482,72.3,0.306,48.9,-0.173,35.8,-0.349,35.8,-0.436,33.6,-0.485,57.7,0.1,65.0,-0.177,48.9,-0.158,47.8,-0.229,38.0,-0.475,47.4,-0.275,62.4,-0.025,32.5,-0.624,48.5,-0.194,44.5,-0.416,34.3,-0.561,41.6,-0.413,59.1,-0.094,32.5,-0.601,48.5,-0.194
6p6sdikmka45csxfw0i0q0l3p,E. Hansson,SBV Excelsior,Midfielder,22,9,9.030468129574807,14,0,0,2.0607,0.843,0.8459,1.3114,0.0,0.0,14,3,4.599240501485173,11,0,0,2.6227,0.562,0.8616,2.0607,0.0,0.0,8,6,4.431227628089633,3,0,0,1.4987,1.124,0.8301,0.562,0.0,0.0,16,5,6.332091015624932,11,0,0,2.141,0.6691,0.8473,1.4719,0.0,0.0,6,4,2.698377113949875,3,0,0,0.9367,0.6245,0.4213,0.4683,0.0,0.0,10,5,3.513716352293972,7,0,0,1.8734,0.9367,0.6583,1.3114,0.0,0.0,43.5,-0.431,44.0,-0.445,43.3,-0.453,62.7,-0.062,25.0,-0.653,46.2,-0.298,55.8,-0.02,52.9,-0.036,52.4,-0.079,77.9,0.685,25.0,-0.494,46.2,-0.273,49.3,-0.297,35.8,-0.636,43.8,-0.461,75.7,0.248,33.7,-0.532,48.6,-0.186,70.7,0.483,34.6,-0.519,51.9,-0.014,89.9,1.424,33.7,-0.441,48.6,-0.162,37.3,-0.565,56.7,-0.176,43.3,-0.415,43.8,-0.423,35.1,-0.551,47.8,-0.224,33.7,-0.498,74.5,0.581,54.3,0.006,47.1,-0.288,35.1,-0.393,47.8,-0.216,61.5,-0.049,52.6,-0.26,58.2,-0.111,79.3,0.411,34.9,-0.508,48.8,-0.172,86.5,0.866,57.2,0.194,78.8,0.631,92.3,1.441,34.9,-0.4,48.8,-0.128,23.6,-0.815,36.3,-0.594,26.9,-0.796,38.2,-0.541,33.4,-0.57,47.6,-0.236,11.5,-1.099,47.1,-0.084,19.2,-0.854,46.2,-0.322,33.4,-0.387,47.6,-0.219,55.5,-0.039,64.4,0.206,44.2,-0.317,77.6,0.744,36.3,-0.519,48.8,-0.172,53.4,-0.185,65.6,0.115,39.9,-0.46,78.4,0.704,36.3,-0.47,48.8,-0.172
6q77vt9bp8dsq48pa97mfzsa1,T. Lauritsen,Sparta Rotterdam,Forward,49,25,22.33813329196747,4,18,0,1.8213,0.9292,0.8303,0.1487,0.6691,0.0,23,15,11.0305929949128,1,6,0,1.943,1.2672,0.9318,0.0845,0.5069,0.0,26,10,11.30754029705467,3,12,0,1.7257,0.6637,0.7505,0.1991,0.7965,0.0,19,11,8.816100167228848,1,7,0,1.3581,0.7863,0.6302,0.0715,0.5004,0.0,30,14,13.52203312473862,3,11,0,1.4672,0.6847,0.6613,0.1467,0.538,0.0,7,4,3.112581715753258,0,3,0,1.3009,0.7434,0.5785,0.0,0.5575,0.0,92.4,1.099,92.4,1.302,91.1,1.073,69.0,-0.164,100.0,4.758,50.0,-0.113,81.0,0.465,83.5,0.659,77.2,0.402,41.8,-0.523,89.9,1.547,50.0,-0.113,90.5,0.828,93.7,1.297,88.6,0.858,50.0,-0.355,98.1,3.026,50.6,0.0,82.3,0.564,86.1,1.163,78.5,0.584,38.0,-0.657,86.1,1.01,50.6,0.0,92.4,1.408,92.4,1.222,91.1,1.315,79.7,0.047,100.0,5.222,50.0,-0.113,77.2,0.441,70.9,0.268,74.7,0.351,53.2,-0.286,89.9,1.682,50.0,-0.113,87.3,0.77,93.0,1.216,88.6,0.853,60.1,-0.286,100.0,5.151,50.6,0.0,70.9,0.492,79.7,0.749,67.1,0.39,50.6,-0.548,96.2,1.258,50.6,0.0,92.4,1.376,90.5,1.323,91.1,1.221,75.3,-0.003,98.7,3.687,50.0,-0.113,78.5,0.52,77.2,0.622,73.4,0.48,41.8,-0.416,86.1,0.96,50.0,-0.113,60.8,-0.031,77.2,0.465,60.8,-0.014,20.9,-0.547,90.5,1.321,50.6,0.0,57.0,-0.228,69.6,0.291,50.6,-0.21,20.9,-0.595,87.3,1.102,50.6,0.0
6svx5u21jrcch3ewpqqbxukmh,J. Bacuna,FC Volendam,Midfielder,26,9,8.508754834612816,11,2,0,2.6954,0.933,0.8821,1.1404,0.2073,0.0,13,4,3.710298302167383,8,1,0,2.4258,0.7464,0.6924,1.4928,0.1866,0.0,13,5,4.798456532445434,3,1,0,3.0323,1.1663,1.1193,0.6998,0.2333,0.0,7,1,1.874608324165272,5,0,0,1.6328,0.2333,0.4373,1.1663,0.0,0.0,19,8,6.634146510447545,6,2,0,2.2159,0.933,0.7737,0.6998,0.2333,0.0,19,7,6.522944681809795,9,1,0,3.5455,1.3062,1.2172,1.6794,0.1866,0.0,48.1,-0.315,44.0,-0.445,41.8,-0.488,55.0,-0.218,84.9,0.719,46.2,-0.298,78.8,0.717,62.0,0.136,56.2,0.008,70.7,0.438,91.3,0.852,46.2,-0.273,47.1,-0.349,41.3,-0.523,39.4,-0.569,64.4,-0.032,78.1,0.456,48.6,-0.186,65.9,0.309,46.6,-0.209,40.9,-0.337,80.8,0.738,87.5,0.592,48.6,-0.162,51.2,-0.258,51.0,-0.313,47.6,-0.363,43.8,-0.423,81.5,0.782,47.8,-0.224,90.4,1.215,78.8,0.656,78.4,0.673,58.2,-0.077,92.8,1.113,47.8,-0.216,41.1,-0.535,28.4,-0.726,34.1,-0.663,59.6,-0.182,34.9,-0.508,48.8,-0.172,58.7,0.198,26.4,-0.8,26.0,-0.502,85.1,0.939,34.9,-0.4,48.8,-0.128,57.0,-0.056,56.7,-0.085,49.0,-0.259,53.4,-0.237,93.0,1.733,47.6,-0.236,89.4,1.145,82.5,0.656,68.3,0.393,60.6,0.124,95.7,1.157,47.6,-0.219,92.5,1.542,80.8,0.862,81.2,0.803,88.0,1.259,82.9,0.847,48.8,-0.172,92.8,1.567,81.2,0.74,79.3,0.707,88.0,1.216,85.1,0.572,48.8,-0.172
6sya8p154c3vtvr0dk0etg8wk,T. Schenkhuizen,Fortuna Sittard,Midfielder,1,1,0.3661235208989175,0,0,0,0.9375,0.9375,0.3432,0.0,0.0,0.0,1,1,0.3661235208989175,0,0,0,0.9375,0.9375,0.3432,0.0,0.0,0.0,0,0,0.0,0,0,0,0.0,0.0,0.0,0.0,0.0,0.0,1,1,0.3661235208989175,0,0,0,0.9375,0.9375,0.3432,0.0,0.0,0.0,0,0,0.0,0,0,0,0.0,0.0,0.0,0.0,0.0,0.0,1,1,0.3661235208989175,0,0,0,0.9375,0.9375,0.3432,0.0,0.0,0.0,2.6,-1.04,11.1,-0.961,3.4,-1.036,5.3,-0.79,25.0,-0.653,46.2,-0.298,7.5,-1.325,63.0,0.145,6.5,-1.297,5.3,-1.212,25.0,-0.494,46.2,-0.273,9.6,-0.98,20.0,-0.863,10.6,-0.976,9.1,-0.777,33.7,-0.532,48.6,-0.186,15.1,-1.006,60.1,0.112,14.4,-1.004,9.1,-1.066,33.7,-0.441,48.6,-0.162,1.7,-1.055,6.7,-0.994,1.7,-1.038,8.2,-0.754,35.1,-0.551,47.8,-0.224,1.7,-2.171,6.7,-1.42,1.7,-1.909,8.2,-1.15,35.1,-0.393,47.8,-0.216,15.1,-0.858,28.4,-0.726,16.3,-0.85,13.9,-0.676,34.9,-0.508,48.8,-0.172,22.6,-0.716,81.0,0.806,20.7,-0.762,13.9,-0.976,34.9,-0.4,48.8,-0.128,0.5,-1.165,5.3,-1.103,0.5,-1.165,6.7,-0.845,33.4,-0.57,47.6,-0.236,0.5,-2.742,5.3,-1.582,0.5,-2.345,6.7,-1.224,33.4,-0.387,47.6,-0.219,2.6,-1.62,12.5,-1.104,3.4,-1.489,8.4,-1.058,36.3,-0.519,48.8,-0.172,9.4,-1.165,66.6,0.117,10.8,-1.118,8.4,-1.121,36.3,-0.47,48.8,-0.172
6u7z5qrlwzl9aug8awejq37xl,Jamiro Monteiro,PEC Zwolle,Midfielder,35,20,15.2417352732018,7,0,0,2.1756,1.2432,0.9474,0.4351,0.0,0.0,19,10,8.983021679003153,4,0,0,2.5308,1.332,1.1966,0.5328,0.0,0.0,16,10,6.258713594198645,3,0,0,1.8648,1.1655,0.7295,0.3497,0.0,0.0,20,9,7.673149167439347,4,0,0,1.554,0.6993,0.5962,0.3108,0.0,0.0,15,11,7.568586105762453,3,0,0,1.1655,0.8547,0.5881,0.2331,0.0,0.0,9,6,3.947286780530182,1,0,0,1.6783,1.1189,0.7361,0.1865,0.0,0.0,57.7,-0.054,69.0,0.264,60.6,-0.035,44.0,-0.426,25.0,-0.653,46.2,-0.298,60.6,0.113,78.8,0.731,63.9,0.167,31.2,-0.583,25.0,-0.494,46.2,-0.273,59.1,-0.034,68.3,0.158,65.9,0.074,45.9,-0.404,33.7,-0.532,48.6,-0.186,69.7,0.402,78.4,0.774,76.0,0.626,40.9,-0.422,33.7,-0.441,48.6,-0.162,57.9,-0.074,72.4,0.369,56.7,-0.158,43.8,-0.423,35.1,-0.551,47.8,-0.224,51.4,-0.089,78.4,0.655,43.3,-0.226,29.8,-0.614,35.1,-0.393,47.8,-0.216,66.3,0.167,71.9,0.206,64.9,0.055,54.1,-0.281,34.9,-0.508,48.8,-0.172,51.0,0.095,62.5,0.263,45.2,-0.063,41.3,-0.465,34.9,-0.4,48.8,-0.128,48.3,-0.289,67.8,0.297,55.8,-0.132,38.2,-0.541,33.4,-0.57,47.6,-0.236,26.0,-0.698,70.2,0.468,43.3,-0.264,25.5,-0.775,33.4,-0.387,47.6,-0.219,47.4,-0.215,73.6,0.534,53.8,-0.156,23.8,-0.801,36.3,-0.519,48.8,-0.172,43.3,-0.389,72.1,0.423,48.1,-0.298,23.3,-0.861,36.3,-0.47,48.8,-0.172
6w59kdfilru1152bjutstu2fp,J. de Guzmán,Sparta Rotterdam,Midfielder,4,1,0.617546057527965,0,0,0,1.235,0.3087,0.1907,0.0,0.0,0.0,2,1,0.4887999946657345,0,0,0,0.9262,0.4631,0.2264,0.0,0.0,0.0,2,0,0.1287460628622305,0,0,0,1.8525,0.0,0.1193,0.0,0.0,0.0,1,0,0.0031187660645241,0,0,0,0.9262,0.0,0.0029,0.0,0.0,0.0,3,1,0.6144272914634409,0,0,0,0.9262,0.3087,0.1897,0.0,0.0,0.0,4,1,0.617546057527965,0,0,0,1.235,0.3087,0.1907,0.0,0.0,0.0,10.8,-0.953,11.1,-0.961,6.2,-1.019,5.3,-0.79,25.0,-0.653,46.2,-0.298,16.8,-0.98,12.0,-1.061,1.9,-1.667,5.3,-1.212,25.0,-0.494,46.2,-0.273,13.9,-0.927,20.0,-0.863,13.0,-0.961,9.1,-0.777,33.7,-0.532,48.6,-0.186,10.6,-1.016,23.6,-0.685,10.1,-1.228,9.1,-1.066,33.7,-0.441,48.6,-0.162,11.5,-0.933,6.7,-0.994,3.4,-1.02,8.2,-0.754,35.1,-0.551,47.8,-0.224,47.6,-0.103,6.7,-1.42,3.4,-1.634,8.2,-1.15,35.1,-0.393,47.8,-0.216,15.1,-0.858,11.3,-0.843,12.5,-0.895,13.9,-0.676,34.9,-0.508,48.8,-0.172,16.3,-0.73,11.3,-1.333,12.5,-1.703,13.9,-0.976,34.9,-0.4,48.8,-0.128,13.0,-0.99,14.9,-0.976,8.7,-1.081,6.7,-0.845,33.4,-0.57,47.6,-0.236,5.5,-1.117,18.3,-0.842,2.9,-1.674,6.7,-1.224,33.4,-0.387,47.6,-0.219,10.8,-1.093,12.5,-1.104,6.2,-1.395,8.4,-1.058,36.3,-0.519,48.8,-0.172,19.7,-0.853,13.0,-0.946,1.9,-1.436,8.4,-1.121,36.3,-0.47,48.8,-0.172
6wwk8y9mklkh8x606ynhe1lp0,S. Ørjasæter,FC Twente,Midfielder,92,44,47.78374858307836,31,0,1,3.0612,1.4641,1.59,1.0315,0.0,0.0333,49,22,23.27245462052405,20,0,0,3.2609,1.4641,1.5487,1.331,0.0,0.0,43,22,24.5112939625543,11,0,1,2.8616,1.4641,1.6312,0.732,0.0,0.0665,55,27,29.07543119296988,17,0,0,2.1351,1.0481,1.1287,0.6599,0.0,0.0,37,17,18.70831739010848,14,0,1,1.5669,0.7199,0.7923,0.5929,0.0,0.0423,23,13,12.77587197204331,6,0,0,4.2857,2.4224,2.3806,1.118,0.0,0.0,92.8,1.6,91.8,1.812,95.2,2.156,85.1,0.823,25.0,-0.653,96.2,3.344,89.9,1.143,88.5,1.155,94.2,1.723,68.3,0.28,25.0,-0.494,95.0,2.16,92.8,1.542,88.5,1.52,91.8,1.815,87.5,1.086,33.7,-0.532,48.6,-0.186,86.5,1.048,82.2,0.995,87.0,1.299,75.0,0.543,33.7,-0.441,48.6,-0.162,91.6,1.581,95.2,2.005,97.6,2.409,80.0,0.458,35.1,-0.551,97.8,4.439,87.5,1.024,92.3,1.187,96.2,1.854,59.1,-0.028,35.1,-0.393,96.2,3.156,94.5,2.055,96.2,2.305,98.1,2.708,89.2,1.004,34.9,-0.508,48.8,-0.172,86.1,0.858,87.0,1.058,93.3,1.41,62.5,0.108,34.9,-0.4,48.8,-0.128,85.6,0.995,84.9,1.06,90.4,1.389,81.5,0.573,33.4,-0.57,97.6,4.222,60.1,0.006,56.2,0.145,70.2,0.459,55.0,-0.082,33.4,-0.387,96.2,2.703,96.4,2.245,99.0,2.827,100.0,3.13,73.3,0.486,36.3,-0.519,48.8,-0.172,95.7,2.342,99.0,2.625,99.5,3.135,73.1,0.435,36.3,-0.47,48.8,-0.172
6ydojoa3581jgszpjqj7i8zpx,B. Kuipers,FC Twente,Defender,4,2,1.883363621586538,2,1,0,1.2353,0.6176,0.5816,0.6176,0.3088,0.0,2,1,0.9069325775319659,1,1,0,0.9265,0.4632,0.4201,0.4632,0.4632,0.0,2,1,0.9764310440545723,1,0,0,1.8529,0.9265,0.9046,0.9265,0.0,0.0,0,0,0.0,0,0,0,0.0,0.0,0.0,0.0,0.0,0.0,4,2,1.883363621586538,2,1,0,1.2353,0.6176,0.5816,0.6176,0.3088,0.0,4,2,1.883363621586538,2,1,0,1.2353,0.6176,0.5816,0.6176,0.3088,0.0,10.9,-0.872,21.2,-0.733,16.8,-0.789,28.1,-0.642,57.7,-0.116,45.6,-0.312,20.4,-0.829,56.9,-0.051,51.1,-0.187,48.2,-0.285,93.4,1.465,45.6,-0.295,11.3,-0.83,22.6,-0.711,17.5,-0.763,30.3,-0.616,71.2,0.262,47.1,-0.254,10.9,-0.943,42.3,-0.354,37.2,-0.544,45.3,-0.44,96.4,1.881,47.1,-0.242,12.0,-0.871,28.8,-0.668,19.0,-0.759,28.8,-0.641,33.9,-0.583,48.9,-0.173,58.4,0.097,78.1,0.647,82.5,0.667,61.3,0.187,33.9,-0.483,48.9,-0.168,4.7,-0.94,11.7,-0.827,4.7,-0.872,14.6,-0.718,33.6,-0.568,46.7,-0.28,4.7,-2.153,11.7,-1.302,4.7,-1.658,14.6,-1.098,33.6,-0.47,46.7,-0.245,23.4,-0.769,36.1,-0.588,32.8,-0.669,36.9,-0.541,72.3,0.306,48.9,-0.173,34.3,-0.406,67.2,0.311,65.7,0.197,56.9,0.016,93.4,1.613,48.9,-0.158,10.9,-1.061,38.0,-0.475,31.4,-0.638,41.2,-0.513,78.8,0.712,48.5,-0.194,22.6,-0.72,57.7,-0.07,55.5,-0.168,55.5,-0.262,90.5,1.27,48.5,-0.194
6yush35gfp1sgyyzicye73rp,P. van Aanholt,Sparta Rotterdam,Defender,19,8,8.758916017806312,8,0,0,1.9479,0.8202,0.898,0.8202,0.0,0.0,11,5,4.928322392773425,5,0,0,2.5375,1.1534,1.1369,1.1534,0.0,0.0,8,3,3.830593625032887,3,0,0,1.4763,0.5536,0.7069,0.5536,0.0,0.0,5,2,1.567126531667594,4,0,0,1.5379,0.6151,0.482,1.2303,0.0,0.0,14,6,7.191789486138718,4,0,0,1.6147,0.692,0.8295,0.4614,0.0,0.0,10,3,3.78929211509623,6,0,0,1.8454,0.5536,0.6993,1.1073,0.0,0.0,51.5,-0.329,56.2,-0.172,60.6,-0.094,56.9,-0.309,23.0,-0.752,45.6,-0.312,65.7,0.111,68.6,0.419,78.8,0.693,54.7,0.01,23.0,-0.666,45.6,-0.295,54.4,-0.246,63.1,-0.043,65.7,-0.033,60.6,-0.215,29.9,-0.636,47.1,-0.254,79.6,0.765,83.9,1.093,86.9,1.363,70.1,0.469,29.9,-0.51,47.1,-0.242,46.4,-0.409,53.6,-0.295,60.6,-0.159,53.6,-0.405,33.9,-0.583,48.9,-0.173,43.8,-0.304,54.7,-0.056,71.5,0.226,46.7,-0.314,33.9,-0.483,48.9,-0.168,31.8,-0.586,43.1,-0.46,35.8,-0.562,58.4,-0.261,33.6,-0.568,46.7,-0.28,70.1,0.336,70.8,0.579,61.3,0.213,88.3,1.293,33.6,-0.47,46.7,-0.245,63.1,-0.058,67.9,0.117,71.5,0.375,55.8,-0.337,30.7,-0.627,48.9,-0.173,70.8,0.339,72.3,0.504,92.0,1.027,48.2,-0.296,30.7,-0.565,48.9,-0.158,69.0,0.187,55.8,-0.066,71.5,0.338,72.6,0.463,32.5,-0.624,48.5,-0.194,60.6,-0.006,46.7,-0.199,66.4,0.129,67.9,0.371,32.5,-0.601,48.5,-0.194
7053nqhl9wu2u1kegzo9aopg5,B. Kuwas,FC Volendam,Midfielder,38,26,20.13970872698582,8,0,0,1.8689,1.2787,0.9905,0.3935,0.0,0.0,16,14,8.748969713284309,2,0,0,1.6613,1.4536,0.9084,0.2077,0.0,0.0,22,12,11.39073901370151,6,0,0,2.0558,1.1213,1.0644,0.5607,0.0,0.0,13,9,6.849680165943422,2,0,0,1.5185,1.0513,0.8001,0.2336,0.0,0.0,25,17,13.2900285610424,6,0,0,1.5574,1.0591,0.8279,0.3738,0.0,0.0,6,4,3.513472908318964,1,0,0,1.1213,0.7476,0.6566,0.1869,0.0,0.0,60.3,0.033,79.3,0.651,68.8,0.295,47.6,-0.374,25.0,-0.653,46.2,-0.298,44.7,-0.243,80.3,0.799,68.8,0.271,27.9,-0.643,25.0,-0.494,46.2,-0.273,53.1,-0.192,76.7,0.612,64.4,0.045,35.8,-0.591,33.7,-0.532,48.6,-0.186,38.0,-0.367,81.7,0.978,54.8,0.075,24.5,-0.815,33.7,-0.441,48.6,-0.162,71.4,0.294,78.8,0.642,76.0,0.564,62.3,-0.093,35.1,-0.551,47.8,-0.224,59.1,0.124,74.0,0.576,76.0,0.546,45.9,-0.29,35.1,-0.393,47.8,-0.216,55.5,-0.211,71.9,0.206,61.5,-0.047,40.9,-0.479,34.9,-0.508,48.8,-0.172,47.6,0.048,87.5,1.065,73.6,0.501,34.6,-0.592,34.9,-0.4,48.8,-0.128,70.9,0.295,84.9,1.06,77.4,0.649,53.4,-0.237,33.4,-0.57,47.6,-0.236,58.7,-0.01,90.9,0.959,76.4,0.585,38.0,-0.504,33.4,-0.387,47.6,-0.219,23.1,-0.742,51.4,-0.121,43.8,-0.317,23.8,-0.801,36.3,-0.519,48.8,-0.172,16.3,-0.972,51.0,-0.204,39.4,-0.464,24.0,-0.861,36.3,-0.47,48.8,-0.172
70tsvrcmklvp4ecdhxlugf8ix,K. Itakura,AFC Ajax,Defender,8,3,2.475025459584043,2,0,0,1.2128,0.4548,0.3752,0.3032,0.0,0.0,3,2,1.285344440073605,0,0,0,1.3644,0.9096,0.5846,0.0,0.0,0.0,5,1,1.189681019510438,2,0,0,1.137,0.2274,0.2705,0.4548,0.0,0.0,5,2,1.582032374327343,1,0,0,1.516,0.6064,0.4797,0.3032,0.0,0.0,3,1,0.8929930852566998,1,0,0,0.9096,0.3032,0.2707,0.3032,0.0,0.0,7,3,2.4604426857725,2,0,0,1.2734,0.5457,0.4476,0.3638,0.0,0.0,23.4,-0.727,30.7,-0.639,25.5,-0.73,28.1,-0.642,23.0,-0.752,45.6,-0.312,18.2,-0.858,35.8,-0.428,23.4,-0.76,32.8,-0.742,23.0,-0.666,45.6,-0.295,17.2,-0.765,36.9,-0.544,24.8,-0.694,11.7,-0.716,29.9,-0.636,47.1,-0.254,36.5,-0.478,69.3,0.582,54.0,-0.107,11.7,-1.05,29.9,-0.51,47.1,-0.242,31.4,-0.64,28.8,-0.668,23.4,-0.715,43.4,-0.523,33.9,-0.583,48.9,-0.173,24.1,-0.664,25.5,-0.67,20.4,-0.747,43.1,-0.447,33.9,-0.483,48.9,-0.168,31.8,-0.586,43.1,-0.46,37.2,-0.559,36.5,-0.604,33.6,-0.568,46.7,-0.28,67.9,0.3,68.6,0.552,60.6,0.204,40.1,-0.509,33.6,-0.47,46.7,-0.245,15.7,-0.84,21.9,-0.764,14.6,-0.864,25.5,-0.643,30.7,-0.627,48.9,-0.173,4.4,-1.046,32.1,-0.505,12.8,-0.843,32.8,-0.613,30.7,-0.565,48.9,-0.158,36.9,-0.437,55.8,-0.066,46.0,-0.343,41.2,-0.513,32.5,-0.624,48.5,-0.194,24.1,-0.675,42.3,-0.215,37.2,-0.506,29.9,-0.59,32.5,-0.601,48.5,-0.194
723av2redj2ej6livx0g81wwl,A. Verschueren,FC Twente,Midfielder,28,16,14.72155105675549,8,3,0,1.5298,0.8742,0.8043,0.4371,0.1639,0.0,13,6,6.593289970525317,4,2,0,1.3416,0.6192,0.6804,0.4128,0.2064,0.0,15,10,8.128261086230168,4,1,0,1.7415,1.161,0.9437,0.4644,0.1161,0.0,2,2,1.410819434071909,0,0,0,1.8576,1.8576,1.3104,0.0,0.0,0.0,26,14,13.31073162268358,8,3,0,1.4205,0.7649,0.7272,0.4371,0.1639,0.0,9,3,4.447528776408609,2,2,0,1.6718,0.5573,0.8262,0.3715,0.3715,0.0,51.0,-0.257,61.8,0.007,58.7,-0.07,47.6,-0.374,92.8,1.406,46.2,-0.298,28.8,-0.637,54.8,0.024,47.1,-0.18,31.7,-0.58,88.5,0.57,46.2,-0.273,47.1,-0.349,49.3,-0.296,52.4,-0.218,45.9,-0.404,92.1,1.445,48.6,-0.186,24.5,-0.649,38.9,-0.423,38.5,-0.36,32.2,-0.567,89.7,0.702,48.6,-0.162,55.3,-0.136,72.4,0.369,65.4,0.105,52.6,-0.313,81.5,0.782,47.8,-0.224,45.2,-0.227,76.9,0.647,67.8,0.268,36.5,-0.438,83.2,0.357,47.8,-0.216,20.9,-0.804,38.5,-0.61,28.4,-0.721,13.9,-0.676,34.9,-0.508,48.8,-0.172,69.2,0.493,100.0,2.905,97.1,1.912,13.9,-0.976,34.9,-0.4,48.8,-0.128,72.1,0.353,78.4,0.678,77.9,0.652,65.1,-0.035,97.6,2.885,47.6,-0.236,48.1,-0.25,59.1,0.253,59.1,0.229,43.8,-0.382,90.9,0.698,47.6,-0.219,47.4,-0.215,38.0,-0.449,60.6,0.03,38.2,-0.543,95.9,2.213,48.8,-0.172,41.3,-0.396,35.1,-0.526,56.7,-0.11,32.7,-0.604,93.5,1.604,48.8,-0.172
73lwz4he5erpp25zi8crjvztg,I. Jensen,Alkmaar Zaanstreek,Midfielder,88,52,43.07561614438168,40,3,0,2.8332,1.6742,1.3868,1.2878,0.0966,0.0,44,28,22.16346298626693,21,1,0,2.7388,1.7428,1.3796,1.3071,0.0622,0.0,44,24,20.91215315811475,19,2,0,2.9344,1.6006,1.3946,1.2671,0.1334,0.0,32,21,16.56837213416985,14,1,0,1.5725,1.0319,0.8142,0.688,0.0491,0.0,56,31,26.50724401021184,26,2,0,2.6143,1.4472,1.2374,1.2138,0.0934,0.0,18,12,9.03893798110946,9,1,0,3.3612,2.2408,1.6879,1.6806,0.1867,0.0,91.3,1.484,96.2,2.327,92.3,1.839,91.3,1.291,92.8,1.406,46.2,-0.298,85.1,0.878,95.2,1.558,86.5,1.231,77.4,0.651,77.4,0.133,46.2,-0.273,88.5,1.28,95.7,2.2,90.4,1.68,89.7,1.179,78.1,0.456,48.6,-0.186,73.6,0.586,91.8,1.463,84.1,0.976,74.5,0.514,69.7,-0.097,48.6,-0.162,93.3,1.642,97.1,2.278,94.7,1.903,92.8,1.34,95.2,2.115,47.8,-0.224,89.4,1.105,95.2,1.429,91.3,1.308,80.8,0.793,86.5,0.468,47.8,-0.216,83.2,0.814,90.6,1.605,87.5,1.158,84.9,0.708,80.8,0.604,48.8,-0.172,54.3,0.119,86.1,1.021,76.0,0.54,63.0,0.154,76.0,-0.022,48.8,-0.128,95.0,2.105,99.0,2.841,96.6,2.453,95.0,1.789,93.0,1.733,47.6,-0.236,95.7,1.843,97.6,1.89,97.6,2.035,88.5,1.113,79.8,0.231,47.6,-0.219,89.4,1.366,97.6,2.5,94.2,1.739,88.0,1.259,82.9,0.847,48.8,-0.172,88.9,1.374,97.1,2.319,94.7,1.689,88.5,1.217,85.6,0.573,48.8,-0.172
790v7fu7f2s40e160mlrb6dt6,C. Raatsie,SBV Excelsior,Goalkeeper,1,0,0.1610533142926118,0,0,0,0.931,0.0,0.1499,0.0,0.0,0.0,1,0,0.1610533142926118,0,0,0,0.931,0.0,0.1499,0.0,0.0,0.0,0,0,0.0,0,0,0,0.0,0.0,0.0,0.0,0.0,0.0,0,0,0.0,0,0,0,0.0,0.0,0.0,0.0,0.0,0.0,1,0,0.1610533142926118,0,0,0,0.931,0.0,0.1499,0.0,0.0,0.0,1,0,0.1610533142926118,0,0,0,0.931,0.0,0.1499,0.0,0.0,0.0,12.5,-0.919,25.0,-0.639,22.5,-0.546,45.0,-0.337,48.8,-0.214,51.2,0.0,27.5,-0.861,25.0,-0.769,65.0,-0.11,45.0,-0.279,48.8,-0.226,51.2,0.0,32.5,-0.725,30.0,-0.604,45.0,-0.483,45.0,-0.352,51.2,0.0,51.2,0.0,35.0,-0.121,30.0,-0.602,65.0,0.044,45.0,-0.348,51.2,0.0,51.2,0.0,6.2,-1.082,30.0,-0.588,6.2,-0.598,48.8,-0.227,48.8,-0.214,51.2,0.0,6.2,-2.167,30.0,-0.668,6.2,-0.87,48.8,-0.193,48.8,-0.221,51.2,0.0,11.2,-0.898,28.7,-0.631,11.2,-0.62,47.5,-0.281,51.2,0.0,51.2,0.0,11.2,-1.785,28.7,-0.627,11.2,-0.867,47.5,-0.267,51.2,0.0,51.2,0.0,20.0,-0.853,31.2,-0.567,35.0,-0.476,47.5,-0.259,48.8,-0.214,51.2,0.0,32.5,-0.328,31.2,-0.624,75.0,0.017,47.5,-0.221,48.8,-0.226,51.2,0.0,12.5,-1.343,32.5,-0.628,22.5,-0.694,46.2,-0.294,50.0,-0.158,51.2,0.0,27.5,-0.752,32.5,-0.656,67.5,-0.002,46.2,-0.294,50.0,-0.158,51.2,0.0
792zq4joba1qgt0lusvrjantg,L. Zeefuik,Heracles Almelo,Forward,19,5,7.686458194831304,5,4,0,1.774,0.4668,0.7177,0.4668,0.3735,0.0,13,3,4.21263179303393,4,3,0,2.023,0.4668,0.6556,0.6225,0.4668,0.0,6,2,3.473826401797373,1,1,0,1.4005,0.4668,0.8109,0.2334,0.2334,0.0,9,1,3.254098515311393,2,2,0,1.4005,0.1556,0.5064,0.3112,0.3112,0.0,10,4,4.432359679519911,3,2,0,1.5562,0.6225,0.6897,0.4668,0.3112,0.0,13,4,5.22784146152575,4,2,0,2.4276,0.747,0.9762,0.747,0.3735,0.0,67.7,-0.041,54.4,-0.28,65.8,-0.117,75.3,-0.063,81.6,0.494,50.0,-0.113,79.7,0.395,36.7,-0.318,64.6,0.097,70.9,0.202,78.5,0.501,50.0,-0.113,75.9,0.159,59.5,-0.23,63.3,-0.098,81.0,0.217,86.7,1.154,50.6,0.0,86.1,0.654,44.3,-0.259,60.8,0.001,77.2,0.592,84.8,0.875,50.6,0.0,54.4,-0.294,50.0,-0.338,62.0,-0.137,54.4,-0.346,61.4,-0.11,50.0,-0.113,60.8,0.033,50.6,-0.133,78.5,0.501,60.8,-0.218,70.9,-0.005,50.0,-0.113,72.2,0.027,40.5,-0.426,64.6,-0.109,74.7,-0.108,88.0,1.041,50.6,0.0,78.5,0.557,34.2,-0.668,45.6,0.04,67.1,0.174,84.8,0.602,50.6,0.0,62.0,-0.107,60.1,-0.139,65.8,-0.119,75.3,-0.003,74.1,0.14,50.0,-0.113,84.8,0.704,69.6,0.447,79.7,0.58,78.5,0.434,74.7,0.257,50.0,-0.113,91.8,0.963,77.2,0.465,84.8,0.821,86.7,0.582,82.3,0.643,50.6,0.0,92.4,0.905,70.9,0.297,81.0,0.682,84.8,0.51,78.5,0.492,50.6,0.0
7am931rjcv69rqmdcgxvp2zo4,W. Bouziane,Alkmaar Zaanstreek,Forward,5,2,2.273806808939209,1,0,0,1.5464,0.6186,0.7032,0.3093,0.0,0.0,0,0,0.0,0,0,0,0.0,0.0,0.0,0.0,0.0,0.0,5,2,2.273806808939209,1,0,0,1.5464,0.6186,0.7032,0.3093,0.0,0.0,0,0,0.0,0,0,0,0.0,0.0,0.0,0.0,0.0,0.0,5,2,2.273806808939209,1,0,0,1.5464,0.6186,0.7032,0.3093,0.0,0.0,5,2,2.273806808939209,1,0,0,1.5464,0.6186,0.7032,0.3093,0.0,0.0,25.3,-0.573,31.6,-0.518,26.6,-0.557,38.0,-0.467,15.8,-0.725,50.0,-0.113,69.6,0.055,54.4,0.002,59.5,0.058,60.8,-0.157,15.8,-0.821,50.0,-0.113,5.1,-0.71,13.3,-0.612,5.1,-0.688,19.0,-0.545,24.1,-0.719,50.6,0.0,5.1,-1.618,13.3,-1.087,5.1,-1.383,19.0,-0.853,24.1,-0.696,50.6,0.0,47.5,-0.379,50.0,-0.338,46.8,-0.36,54.4,-0.346,21.5,-0.595,50.0,-0.113,70.9,0.216,68.4,0.176,68.4,0.233,68.4,-0.067,21.5,-0.705,50.0,-0.113,10.8,-0.641,17.1,-0.59,10.8,-0.673,25.3,-0.464,30.4,-0.604,50.6,0.0,10.8,-1.614,17.1,-1.018,10.8,-1.391,25.3,-0.764,30.4,-0.478,50.6,0.0,36.1,-0.478,40.5,-0.431,38.0,-0.437,45.6,-0.42,21.5,-0.649,50.0,-0.113,83.5,0.684,68.4,0.436,82.3,0.628,63.3,0.016,21.5,-0.706,50.0,-0.113,31.6,-0.363,47.5,-0.27,40.5,-0.345,54.4,-0.264,24.1,-0.712,50.6,0.0,73.4,0.019,63.3,0.06,65.8,0.07,63.3,-0.138,24.1,-0.745,50.6,0.0
7b4jmfu1ejoeci2zmvwuejnys,P. Brittijn,Fortuna Sittard,Midfielder,14,7,6.254986013006938,2,4,0,1.0735,0.5367,0.4796,0.1534,0.3067,0.0,8,4,3.703853752859993,1,3,0,1.0516,0.5258,0.4869,0.1314,0.3943,0.0,6,3,2.551132260146945,1,1,0,1.1042,0.5521,0.4695,0.184,0.184,0.0,4,2,0.921901735494311,0,2,0,1.2268,0.6134,0.2828,0.0,0.6134,0.0,10,5,5.333084277512627,2,2,0,1.0224,0.5112,0.5452,0.2045,0.2045,0.0,6,3,1.888281255784475,0,2,0,1.1042,0.5521,0.3475,0.0,0.3681,0.0,31.0,-0.663,38.2,-0.574,35.1,-0.64,22.1,-0.686,96.4,2.092,46.2,-0.298,10.1,-1.167,28.4,-0.624,17.3,-0.967,14.9,-0.99,95.7,1.498,46.2,-0.273,35.3,-0.612,41.3,-0.523,38.5,-0.57,25.2,-0.684,96.6,2.434,48.6,-0.186,17.3,-0.905,31.5,-0.579,26.0,-0.73,20.7,-0.907,94.2,1.742,48.6,-0.162,29.6,-0.687,36.3,-0.585,30.3,-0.679,22.6,-0.644,81.5,0.782,47.8,-0.224,16.3,-0.938,36.5,-0.437,18.3,-0.826,19.7,-0.868,88.9,0.795,47.8,-0.216,29.1,-0.696,38.5,-0.61,23.6,-0.781,13.9,-0.676,94.5,1.715,48.8,-0.172,30.8,-0.335,48.1,0.067,17.8,-0.929,13.9,-0.976,98.6,4.319,48.8,-0.128,36.1,-0.581,42.8,-0.467,42.3,-0.437,31.2,-0.642,93.0,1.733,47.6,-0.236,16.3,-0.949,34.1,-0.356,36.1,-0.415,21.2,-0.83,94.7,0.967,47.6,-0.219,23.1,-0.742,38.0,-0.449,17.3,-0.922,8.4,-1.058,95.9,2.213,48.8,-0.172,12.5,-0.99,31.0,-0.534,11.5,-1.109,8.4,-1.121,92.8,1.585,48.8,-0.172
7bqajkmno3ox004kdbusxv9ey,R. Paula,NAC Breda,Midfielder,41,17,16.41969046326612,19,0,0,2.3625,0.9796,0.9461,1.0948,0.0,0.0,14,5,5.676958340385473,7,0,0,1.6134,0.5762,0.6542,0.8067,0.0,0.0,27,12,10.74273212288065,12,0,0,3.1116,1.3829,1.238,1.3829,0.0,0.0,10,1,2.671543519864871,6,0,0,1.8439,0.1844,0.4926,1.1063,0.0,0.0,31,16,13.74814694340125,13,0,0,2.0415,1.0537,0.9054,0.8561,0.0,0.0,15,5,5.525525644599821,8,0,0,2.7659,0.922,1.0189,1.4751,0.0,0.0,65.6,0.12,64.4,0.071,64.4,0.044,74.3,0.199,25.0,-0.653,46.2,-0.298,68.8,0.331,66.3,0.226,63.2,0.163,70.2,0.372,25.0,-0.494,46.2,-0.273,49.3,-0.297,46.2,-0.409,48.1,-0.329,58.7,-0.125,33.7,-0.532,48.6,-0.186,33.7,-0.409,35.1,-0.495,37.0,-0.41,52.9,-0.091,33.7,-0.441,48.6,-0.162,79.1,0.6,78.8,0.642,73.6,0.473,81.7,0.569,35.1,-0.551,47.8,-0.224,92.3,1.303,89.9,1.042,83.7,0.947,83.2,0.971,35.1,-0.393,47.8,-0.216,48.1,-0.373,28.4,-0.726,42.3,-0.565,64.7,-0.083,34.9,-0.508,48.8,-0.172,67.3,0.475,23.6,-0.912,30.8,-0.349,82.7,0.841,34.9,-0.4,48.8,-0.128,77.4,0.645,82.5,0.933,78.4,0.712,79.1,0.472,33.4,-0.57,47.6,-0.236,82.2,0.839,89.9,0.946,85.1,0.86,67.8,0.424,33.4,-0.387,47.6,-0.219,81.2,0.839,64.4,0.206,69.2,0.432,82.5,1.001,36.3,-0.519,48.8,-0.172,79.8,0.75,56.2,0.091,66.3,0.293,80.3,0.931,36.3,-0.47,48.8,-0.172
7d8qc47gy4mb9mo67e1ic448a,M. Benita,Heracles Almelo,Defender,42,18,16.47992792342301,22,0,0,2.1694,0.9298,0.8512,1.1364,0.0,0.0,19,7,6.768668279544913,9,0,0,2.2082,0.8135,0.7866,1.046,0.0,0.0,23,11,9.711259643878094,13,0,0,2.1384,1.0227,0.9029,1.2087,0.0,0.0,18,7,6.78265108549101,10,0,0,1.6736,0.6508,0.6306,0.9298,0.0,0.0,24,11,9.697276837931998,12,0,0,2.0285,0.9298,0.8196,1.0143,0.0,0.0,15,5,6.157466771528104,9,0,0,2.7893,0.9298,1.145,1.6736,0.0,0.0,79.9,0.502,83.2,0.763,81.8,0.686,80.3,0.467,23.0,-0.752,45.6,-0.312,70.8,0.403,77.4,0.673,77.4,0.563,68.6,0.469,23.0,-0.666,45.6,-0.295,74.8,0.273,75.9,0.291,75.2,0.301,74.1,0.186,29.9,-0.636,47.1,-0.254,72.3,0.416,67.2,0.38,69.3,0.431,64.2,0.327,29.9,-0.51,47.1,-0.242,82.5,0.745,87.2,1.196,86.1,1.08,83.9,0.775,33.9,-0.583,48.9,-0.173,73.0,0.4,86.1,0.828,81.8,0.664,73.0,0.567,33.9,-0.483,48.9,-0.168,77.0,0.332,80.7,0.458,79.6,0.469,77.7,0.424,33.6,-0.568,46.7,-0.28,74.5,0.555,73.7,0.688,79.6,0.79,71.9,0.709,33.6,-0.47,46.7,-0.245,81.8,0.653,85.8,0.998,85.4,0.868,78.8,0.482,30.7,-0.627,48.9,-0.173,92.0,1.152,92.0,1.122,91.2,0.993,79.6,0.81,30.7,-0.565,48.9,-0.158,89.1,1.226,78.8,0.753,93.4,1.551,88.3,1.194,32.5,-0.624,48.5,-0.194,85.4,1.098,75.2,0.56,90.5,1.253,85.4,1.102,32.5,-0.601,48.5,-0.194
7dkhv2l8y6jq20l1dc2ye17je,O. Edvardsen,AFC Ajax,Midfielder,28,13,13.40249250548169,15,0,1,2.1699,1.0075,1.0387,1.1625,0.0,0.0775,15,7,7.255588855125296,8,0,0,2.7899,1.302,1.3495,1.4879,0.0,0.0,13,6,6.146903650356389,7,0,1,1.7271,0.7971,0.8166,0.93,0.0,0.1329,7,5,4.471332537508898,2,0,1,1.6274,1.1625,1.0395,0.465,0.0,0.2325,21,8,8.931159967972787,13,0,0,1.6274,0.62,0.6921,1.0075,0.0,0.0,9,3,3.843490702329727,6,0,0,1.6739,0.558,0.7149,1.116,0.0,0.0,51.0,-0.257,53.6,-0.187,55.8,-0.159,66.1,-0.01,25.0,-0.653,96.2,3.344,59.6,0.107,68.8,0.279,72.6,0.388,73.1,0.47,25.0,-0.494,99.0,5.389,51.2,-0.244,53.6,-0.182,54.8,-0.137,64.4,-0.032,33.7,-0.532,48.6,-0.186,76.0,0.631,76.9,0.723,82.2,0.918,79.8,0.732,33.7,-0.441,48.6,-0.162,51.2,-0.258,56.7,-0.176,55.8,-0.174,67.3,0.017,35.1,-0.551,97.8,4.439,44.2,-0.243,52.9,-0.001,53.8,-0.025,65.9,0.276,35.1,-0.393,100.0,6.524,41.1,-0.535,52.6,-0.26,51.4,-0.341,40.9,-0.479,34.9,-0.508,98.8,5.788,57.7,0.191,91.8,1.319,89.9,1.163,51.0,-0.212,34.9,-0.4,100.0,12.715,61.8,0.061,56.7,-0.085,62.0,0.054,79.1,0.472,33.4,-0.57,47.6,-0.236,63.0,0.112,44.7,-0.095,54.8,0.105,81.2,0.716,33.4,-0.387,47.6,-0.219,47.4,-0.215,38.0,-0.449,50.5,-0.195,73.3,0.486,36.3,-0.519,48.8,-0.172,41.8,-0.394,36.5,-0.524,45.2,-0.342,72.1,0.432,36.3,-0.47,48.8,-0.172
7ef73s1ryz38blmo3n9p9c82x,J. Reine-Adélaïde,Heracles Almelo,Midfielder,5,4,2.636220241876398,0,0,0,4.8387,3.871,2.5512,0.0,0.0,0.0,0,0,0.0,0,0,0,0.0,0.0,0.0,0.0,0.0,0.0,5,4,2.636220241876398,0,0,0,4.8387,3.871,2.5512,0.0,0.0,0.0,0,0,0.0,0,0,0,0.0,0.0,0.0,0.0,0.0,0.0,5,4,2.636220241876398,0,0,0,4.8387,3.871,2.5512,0.0,0.0,0.0,5,4,2.636220241876398,0,0,0,4.8387,3.871,2.5512,0.0,0.0,0.0,14.7,-0.924,26.7,-0.767,18.3,-0.883,5.3,-0.79,25.0,-0.653,46.2,-0.298,98.6,3.208,100.0,5.772,100.0,4.052,5.3,-1.212,25.0,-0.494,46.2,-0.273,3.8,-1.033,7.0,-0.976,3.8,-1.021,9.1,-0.777,33.7,-0.532,48.6,-0.186,3.8,-1.835,7.0,-1.462,3.8,-1.66,9.1,-1.066,33.7,-0.441,48.6,-0.162,25.0,-0.749,44.0,-0.449,31.7,-0.667,8.2,-0.754,35.1,-0.551,47.8,-0.224,99.5,3.232,100.0,5.471,100.0,3.976,8.2,-1.15,35.1,-0.393,47.8,-0.216,6.2,-0.912,11.3,-0.843,6.2,-0.896,13.9,-0.676,34.9,-0.508,48.8,-0.172,6.2,-1.947,11.3,-1.333,6.2,-1.711,13.9,-0.976,34.9,-0.4,48.8,-0.128,19.5,-0.873,36.3,-0.594,25.5,-0.805,6.7,-0.845,33.4,-0.57,47.6,-0.236,100.0,5.745,100.0,7.705,100.0,6.685,6.7,-1.224,33.4,-0.387,47.6,-0.219,16.3,-0.917,51.4,-0.121,29.3,-0.644,8.4,-1.058,36.3,-0.519,48.8,-0.172,99.0,2.921,100.0,5.073,100.0,3.492,8.4,-1.121,36.3,-0.47,48.8,-0.172
7h6w0i7ebl5pew0v1j8ipin10,G. Reiziger,PEC Zwolle,Midfielder,4,3,3.08863095937671,0,0,0,1.8573,1.3929,1.4341,0.0,0.0,0.0,2,2,1.711340876979067,0,0,0,1.8573,1.8573,1.5892,0.0,0.0,0.0,2,1,1.377290082397644,0,0,0,1.8573,0.9286,1.279,0.0,0.0,0.0,2,2,1.711340876979067,0,0,0,1.8573,1.8573,1.5892,0.0,0.0,0.0,2,1,1.377290082397644,0,0,0,1.8573,0.9286,1.279,0.0,0.0,0.0,4,3,3.08863095937671,0,0,0,1.8573,1.3929,1.4341,0.0,0.0,0.0,10.8,-0.953,21.9,-0.832,21.2,-0.853,5.3,-0.79,25.0,-0.653,46.2,-0.298,42.8,-0.257,85.1,1.019,89.9,1.346,5.3,-1.212,25.0,-0.494,46.2,-0.273,13.9,-0.927,29.8,-0.749,25.0,-0.812,9.1,-0.777,33.7,-0.532,48.6,-0.186,46.6,-0.193,95.2,1.655,89.4,1.376,9.1,-1.066,33.7,-0.441,48.6,-0.162,11.5,-0.933,18.0,-0.858,17.8,-0.844,8.2,-0.754,35.1,-0.551,47.8,-0.224,50.5,-0.097,61.3,0.233,86.5,1.041,8.2,-1.15,35.1,-0.393,47.8,-0.216,20.9,-0.804,38.5,-0.61,31.7,-0.684,13.9,-0.676,34.9,-0.508,48.8,-0.172,68.8,0.493,99.5,2.904,99.0,2.683,13.9,-0.976,34.9,-0.4,48.8,-0.128,9.9,-1.048,14.9,-0.976,14.9,-0.977,6.7,-0.845,33.4,-0.57,47.6,-0.236,74.0,0.516,79.3,0.646,99.0,2.182,6.7,-1.224,33.4,-0.387,47.6,-0.219,10.8,-1.093,38.0,-0.449,36.5,-0.475,8.4,-1.058,36.3,-0.519,48.8,-0.172,51.9,-0.201,83.7,0.886,86.5,1.159,8.4,-1.121,36.3,-0.47,48.8,-0.172
7jgtmmk4b2bgn0syidj6ve7kl,J. Clasie,Alkmaar Zaanstreek,Midfielder,17,11,7.461892560554079,1,1,0,1.7693,1.1448,0.7766,0.1041,0.1041,0.0,4,3,1.489151069866513,0,1,0,0.9367,0.7025,0.3487,0.0,0.2342,0.0,13,8,5.972741490687566,1,0,0,2.4354,1.4987,1.1189,0.1873,0.0,0.0,12,8,5.271407650182285,0,1,0,1.6057,1.0705,0.7054,0.0,0.1338,0.0,5,3,2.190484910371794,1,0,0,1.1709,0.7025,0.5129,0.2342,0.0,0.0,7,5,3.182655431695042,0,1,0,1.3114,0.9367,0.5962,0.0,0.1873,0.0,37.0,-0.576,48.3,-0.316,38.0,-0.559,14.7,-0.738,64.7,0.033,46.2,-0.298,39.4,-0.359,75.0,0.543,41.3,-0.247,13.0,-1.062,79.8,0.182,46.2,-0.273,22.4,-0.822,35.8,-0.636,23.6,-0.84,9.1,-0.777,78.1,0.456,48.6,-0.186,14.4,-1.007,43.8,-0.283,14.9,-0.994,9.1,-1.066,92.8,0.856,48.6,-0.162,51.2,-0.258,63.9,0.096,54.3,-0.198,22.6,-0.644,35.1,-0.551,47.8,-0.224,74.0,0.548,93.3,1.248,77.9,0.672,21.6,-0.863,35.1,-0.393,47.8,-0.216,53.4,-0.265,67.3,0.09,53.8,-0.242,13.9,-0.676,80.8,0.604,48.8,-0.172,56.2,0.162,88.5,1.109,60.6,0.239,13.9,-0.976,88.5,0.629,48.8,-0.128,19.5,-0.873,29.3,-0.721,22.1,-0.866,20.0,-0.744,33.4,-0.57,47.6,-0.236,26.4,-0.688,55.3,0.103,28.8,-0.53,26.0,-0.773,33.4,-0.387,47.6,-0.219,31.2,-0.566,64.4,0.206,38.0,-0.44,8.4,-1.058,82.9,0.847,48.8,-0.172,29.6,-0.773,65.6,0.115,31.7,-0.59,8.4,-1.121,88.2,0.576,48.8,-0.172
7joybllup4h9oe6zfhcepjy6t,S. Berghuis,AFC Ajax,Forward,75,34,32.21285668675473,27,1,0,3.592,1.6284,1.5428,1.2931,0.0479,0.0,36,17,16.25929819365927,7,0,0,3.6399,1.7188,1.6439,0.7078,0.0,0.0,39,17,15.95355849309545,20,1,0,3.5489,1.5469,1.4517,1.8199,0.091,0.0,38,17,16.82770426433824,11,0,0,2.3052,1.0313,1.0208,0.6673,0.0,0.0,37,17,15.38515242241649,16,1,0,2.2446,1.0313,0.9333,0.9706,0.0607,0.0,16,8,7.510545773252437,4,0,0,2.9119,1.4559,1.3669,0.728,0.0,0.0,96.2,2.087,96.2,2.015,94.9,1.876,94.9,2.162,43.0,-0.42,50.0,-0.113,97.5,3.108,94.9,2.136,97.5,2.326,93.7,2.086,32.9,-0.651,50.0,-0.113,94.9,1.697,94.9,1.551,94.9,1.591,88.0,0.789,24.1,-0.719,50.6,0.0,97.5,2.47,96.2,1.965,96.2,2.086,82.3,0.79,24.1,-0.696,50.6,0.0,96.2,2.515,97.5,2.588,94.9,2.177,98.7,3.389,61.4,-0.11,50.0,-0.113,97.5,2.729,96.2,2.064,97.5,2.097,97.5,2.925,45.6,-0.432,50.0,-0.113,97.5,2.181,96.8,2.201,96.2,2.24,93.0,1.495,30.4,-0.604,50.6,0.0,97.5,1.96,92.4,1.299,93.7,1.495,86.1,1.248,30.4,-0.478,50.6,0.0,96.2,1.895,94.9,1.762,93.7,1.496,96.2,2.707,54.4,-0.254,50.0,-0.113,96.2,2.127,97.5,1.596,96.2,1.439,94.9,1.77,45.6,-0.518,50.0,-0.113,95.6,1.461,95.6,1.935,94.9,1.721,86.7,0.582,24.1,-0.712,50.6,0.0,94.9,1.392,92.4,1.605,92.4,1.558,79.7,0.482,24.1,-0.745,50.6,0.0
7jpreaads35pnnfqbn7hmrmy,S. Mijnans,Alkmaar Zaanstreek,Midfielder,90,50,49.31148202963068,19,1,0,2.8954,1.6086,1.5864,0.6113,0.0322,0.0,49,25,26.03015048013185,12,0,0,3.5166,1.7942,1.8681,0.8612,0.0,0.0,41,25,23.28133154949883,7,1,0,2.3907,1.4578,1.3575,0.4082,0.0583,0.0,43,26,23.33309052665832,8,1,0,2.2287,1.3476,1.2094,0.4147,0.0518,0.0,47,24,25.97839150297236,11,0,0,1.8271,0.933,1.0099,0.4276,0.0,0.0,23,9,11.37137426637693,8,0,0,4.2916,1.6793,2.1218,1.4927,0.0,0.0,92.3,1.542,95.4,2.198,96.6,2.259,74.3,0.199,64.7,0.033,46.2,-0.298,86.5,0.95,91.8,1.432,93.8,1.715,43.8,-0.328,51.9,-0.285,46.2,-0.273,92.8,1.542,92.3,1.86,95.7,2.151,76.9,0.341,33.7,-0.532,48.6,-0.186,90.9,1.274,92.8,1.549,96.2,1.909,56.7,-0.025,33.7,-0.441,48.6,-0.162,89.9,1.458,97.6,2.414,97.1,2.236,67.3,0.017,81.5,0.782,47.8,-0.224,72.6,0.498,91.8,1.175,89.9,1.222,32.7,-0.524,72.1,-0.016,47.8,-0.216,91.3,1.408,94.7,2.188,94.2,1.997,72.1,0.115,80.8,0.604,48.8,-0.172,88.5,0.981,94.2,1.741,94.7,1.633,46.6,-0.295,76.9,-0.001,48.8,-0.128,93.3,1.579,95.9,1.951,96.2,2.381,72.6,0.269,33.4,-0.57,47.6,-0.236,70.7,0.463,82.5,0.656,91.8,1.229,42.8,-0.4,33.4,-0.387,47.6,-0.219,96.4,2.245,92.3,1.517,98.1,2.608,82.5,1.001,36.3,-0.519,48.8,-0.172,96.2,2.348,91.8,1.37,97.6,2.595,83.2,0.956,36.3,-0.47,48.8,-0.172
7o8auo4uu5mzh7f4a44ucdf8q,D. Min,FC Utrecht,Forward,10,4,4.437557382414861,0,2,0,1.3308,0.5323,0.5906,0.0,0.2662,0.0,6,3,3.184455680378427,0,1,0,1.3974,0.6987,0.7417,0.0,0.2329,0.0,4,1,1.253101702036434,0,1,0,1.2421,0.3105,0.3891,0.0,0.3105,0.0,2,0,0.2162824612971402,0,0,0,0.9316,0.0,0.1007,0.0,0.0,0.0,8,4,4.221274921117721,0,2,0,1.4905,0.7453,0.7865,0.0,0.3726,0.0,7,2,2.637590483187679,0,2,0,1.3042,0.3726,0.4914,0.0,0.3726,0.0,47.5,-0.383,49.4,-0.36,48.1,-0.381,13.9,-0.568,61.4,-0.116,50.0,-0.113,50.6,-0.267,49.4,-0.18,44.3,-0.246,13.9,-0.862,74.7,0.121,50.0,-0.113,51.9,-0.309,59.5,-0.23,60.8,-0.242,19.0,-0.545,61.4,-0.095,50.6,0.0,54.4,-0.048,63.3,0.153,65.8,0.182,19.0,-0.853,70.9,0.088,50.6,0.0,38.6,-0.464,34.2,-0.533,27.8,-0.549,25.3,-0.542,61.4,-0.11,50.0,-0.113,44.3,-0.166,35.4,-0.45,29.1,-0.55,25.3,-0.68,75.9,0.226,50.0,-0.113,36.1,-0.493,17.1,-0.59,22.8,-0.635,25.3,-0.464,30.4,-0.604,50.6,0.0,41.8,-0.17,17.1,-1.018,21.5,-1.107,25.3,-0.764,30.4,-0.478,50.6,0.0,55.1,-0.255,60.1,-0.139,63.3,-0.15,18.4,-0.628,74.1,0.14,50.0,-0.113,81.0,0.568,82.3,0.792,91.1,0.921,18.4,-0.805,81.0,0.448,50.0,-0.113,60.8,-0.031,47.5,-0.27,50.6,-0.202,20.9,-0.547,82.3,0.643,50.6,0.0,58.2,-0.224,43.0,-0.394,40.5,-0.405,20.9,-0.595,75.9,0.489,50.6,0.0
7qwmlcxsxlxmq01g7dkt7v14a,M. Balard,NAC Breda,Goalkeeper,31,13,17.63313030832974,2,0,0,1.3644,0.5722,0.7761,0.088,0.0,0.0,16,7,9.178613111832574,2,0,0,1.3444,0.5882,0.7712,0.168,0.0,0.0,15,6,8.454517196497164,0,0,0,1.3864,0.5546,0.7814,0.0,0.0,0.0,12,4,5.896041915181083,1,0,0,1.1091,0.3697,0.5449,0.0924,0.0,0.0,19,9,11.73708839314865,1,0,0,1.4634,0.6932,0.904,0.077,0.0,0.0,6,1,2.532488172830162,2,0,0,1.1091,0.1849,0.4681,0.3697,0.0,0.0,87.5,1.36,97.5,3.137,100.0,3.987,95.0,2.357,48.8,-0.214,51.2,0.0,67.5,0.324,97.5,2.083,100.0,3.637,95.0,1.18,48.8,-0.226,51.2,0.0,90.0,1.298,100.0,3.422,100.0,4.212,100.0,4.336,51.2,0.0,51.2,0.0,77.5,0.522,92.5,1.944,100.0,3.739,97.5,3.189,51.2,0.0,51.2,0.0,88.8,1.331,97.5,2.48,100.0,3.69,48.8,-0.227,48.8,-0.214,51.2,0.0,65.0,0.377,90.0,1.484,100.0,3.187,48.8,-0.193,48.8,-0.221,51.2,0.0,83.8,0.968,95.0,1.893,100.0,3.176,97.5,3.468,51.2,0.0,51.2,0.0,77.5,0.5,92.5,1.19,97.5,2.888,97.5,3.216,51.2,0.0,51.2,0.0,90.0,1.574,100.0,3.689,100.0,4.35,95.0,1.222,48.8,-0.214,51.2,0.0,97.5,1.109,97.5,2.814,100.0,4.395,95.0,0.602,48.8,-0.226,51.2,0.0,61.3,0.424,71.2,0.269,100.0,2.61,97.5,3.071,50.0,-0.158,51.2,0.0,45.0,-0.261,67.5,0.185,100.0,2.591,97.5,3.034,50.0,-0.158,51.2,0.0
7qzban9gm72aznhn11qyxwtg4,K. van Oevelen,FC Volendam,Goalkeeper,45,6,3.852266567461039,0,0,0,2.1053,0.2807,0.1802,0.0,0.0,0.0,25,5,1.842837455219076,0,0,0,2.3392,0.4678,0.1724,0.0,0.0,0.0,20,1,2.009429112241963,0,0,0,1.8713,0.0936,0.188,0.0,0.0,0.0,20,2,1.694640941628078,0,0,0,1.3367,0.1337,0.1133,0.0,0.0,0.0,25,4,2.15762562583296,0,0,0,1.7994,0.2879,0.1553,0.0,0.0,0.0,9,2,1.002710101483447,0,0,0,1.6842,0.3743,0.1876,0.0,0.0,0.0,100.0,2.423,87.5,1.104,85.0,0.411,45.0,-0.337,48.8,-0.214,51.2,0.0,97.5,2.349,80.0,0.63,80.0,0.071,45.0,-0.279,48.8,-0.226,51.2,0.0,98.8,2.512,96.2,2.272,85.0,0.393,45.0,-0.352,51.2,0.0,51.2,0.0,97.5,2.07,90.0,1.422,80.0,0.178,45.0,-0.348,51.2,0.0,51.2,0.0,97.5,2.135,66.2,-0.077,87.5,0.421,48.8,-0.227,48.8,-0.214,51.2,0.0,97.5,1.266,62.5,-0.305,77.5,0.106,48.8,-0.193,48.8,-0.221,51.2,0.0,97.5,2.212,82.5,0.631,85.0,0.471,47.5,-0.281,51.2,0.0,51.2,0.0,87.5,0.969,62.5,0.03,67.5,-0.087,47.5,-0.267,51.2,0.0,51.2,0.0,98.8,2.383,90.0,1.324,85.0,0.356,47.5,-0.259,48.8,-0.214,51.2,0.0,100.0,2.016,82.5,0.804,80.0,0.048,47.5,-0.221,48.8,-0.226,51.2,0.0,95.0,1.484,87.5,1.167,82.5,0.478,46.2,-0.294,50.0,-0.158,51.2,0.0,95.0,1.323,87.5,1.047,80.0,0.306,46.2,-0.294,50.0,-0.158,51.2,0.0
7tj7eobo7kmk8egcbfrabe8d1,A. Pléa,PSV Eindhoven,Forward,3,2,2.133457174644644,0,0,0,1.3776,0.9184,0.9796,0.0,0.0,0.0,2,2,1.808042534490313,0,0,0,1.8367,1.8367,1.6604,0.0,0.0,0.0,1,0,0.3254146401543311,0,0,0,0.9184,0.0,0.2989,0.0,0.0,0.0,3,2,2.133457174644644,0,0,0,1.3776,0.9184,0.9796,0.0,0.0,0.0,0,0,0.0,0,0,0,0.0,0.0,0.0,0.0,0.0,0.0,3,2,2.133457174644644,0,0,0,1.3776,0.9184,0.9796,0.0,0.0,0.0,20.9,-0.649,31.6,-0.518,25.3,-0.568,13.9,-0.568,15.8,-0.725,50.0,-0.113,54.4,-0.197,81.0,0.636,87.3,0.805,13.9,-0.862,15.8,-0.821,50.0,-0.113,26.6,-0.576,49.4,-0.358,45.6,-0.435,19.0,-0.545,24.1,-0.719,50.6,0.0,77.2,0.445,97.5,2.174,97.5,2.121,19.0,-0.853,24.1,-0.696,50.6,0.0,13.9,-0.72,13.9,-0.728,15.2,-0.721,25.3,-0.542,21.5,-0.595,50.0,-0.113,13.9,-0.572,13.9,-1.082,20.3,-0.774,25.3,-0.68,21.5,-0.705,50.0,-0.113,45.6,-0.418,56.3,-0.262,48.1,-0.303,25.3,-0.464,30.4,-0.604,50.6,0.0,72.2,0.522,82.9,1.046,92.4,1.378,25.3,-0.764,30.4,-0.478,50.6,0.0,2.5,-0.848,12.0,-0.724,2.5,-0.772,18.4,-0.628,21.5,-0.649,50.0,-0.113,2.5,-2.514,12.0,-1.302,2.5,-1.852,18.4,-0.805,21.5,-0.706,50.0,-0.113,20.9,-0.695,47.5,-0.27,35.4,-0.401,20.9,-0.547,24.1,-0.712,50.6,0.0,65.8,-0.151,79.1,0.613,83.5,0.69,20.9,-0.595,24.1,-0.745,50.6,0.0
7ty1wdxxnusgkl34k5raipbl5,M. van Bergen,Sparta Rotterdam,Midfielder,187,47,59.46401587607115,147,0,0,5.7915,1.4556,1.8416,4.5526,0.0,0.0,84,24,26.51294023443259,69,0,0,6.0035,1.7153,1.8949,4.9314,0.0,0.0,103,23,32.95107564163856,78,0,0,5.6293,1.257,1.8009,4.263,0.0,0.0,99,23,32.20141032154231,76,0,0,3.1718,0.7369,1.0317,2.4349,0.0,0.0,88,24,27.26260555452884,71,0,0,3.2705,0.8919,1.0132,2.6387,0.0,0.0,24,7,8.023061440801817,21,0,0,4.4597,1.3008,1.4909,3.9023,0.0,0.0,100.0,4.356,94.5,2.005,99.0,2.942,100.0,6.858,25.0,-0.653,46.2,-0.298,100.0,4.315,88.0,1.139,98.6,2.333,100.0,5.375,25.0,-0.494,46.2,-0.273,99.3,3.382,90.6,1.747,96.2,2.21,100.0,5.651,33.7,-0.532,48.6,-0.186,100.0,3.472,90.9,1.417,96.6,1.96,100.0,4.894,33.7,-0.441,48.6,-0.162,100.0,5.26,96.6,2.142,99.5,3.597,100.0,7.845,35.1,-0.551,47.8,-0.224,100.0,4.114,86.5,0.818,97.1,2.245,100.0,5.388,35.1,-0.393,47.8,-0.216,100.0,4.429,92.5,1.839,99.5,3.096,100.0,6.837,34.9,-0.508,48.8,-0.172,98.6,2.22,68.3,0.348,89.4,1.141,98.6,3.022,34.9,-0.4,48.8,-0.128,100.0,3.973,95.9,1.951,97.6,2.556,100.0,6.348,33.4,-0.57,47.6,-0.236,99.0,2.994,75.5,0.558,92.3,1.241,99.5,3.856,33.4,-0.387,47.6,-0.219,97.6,2.421,80.8,0.862,88.9,1.361,100.0,4.347,36.3,-0.519,48.8,-0.172,97.6,2.524,79.3,0.731,88.5,1.278,100.0,4.309,36.3,-0.47,48.8,-0.172
7ugh0uvo5ieoqmzar9lgf1v1m,Róber González,Nijmegen Eendracht Combinatie,Midfielder,4,3,2.21801844422965,1,0,0,1.8243,1.3682,1.0116,0.4561,0.0,0.0,3,2,1.446237322722241,1,0,0,2.7365,1.8243,1.3192,0.9122,0.0,0.0,1,1,0.7717811215074096,0,0,0,0.9122,0.9122,0.704,0.0,0.0,0.0,1,1,0.7717811215074096,0,0,0,0.9122,0.9122,0.704,0.0,0.0,0.0,3,2,1.446237322722241,1,0,0,2.7365,1.8243,1.3192,0.9122,0.0,0.0,4,3,2.21801844422965,1,0,0,1.8243,1.3682,1.0116,0.4561,0.0,0.0,10.8,-0.953,21.9,-0.832,14.4,-0.912,14.7,-0.738,25.0,-0.653,46.2,-0.298,40.9,-0.295,83.7,0.971,70.2,0.322,32.2,-0.552,25.0,-0.494,46.2,-0.273,18.3,-0.875,29.8,-0.749,22.1,-0.845,25.2,-0.684,33.7,-0.532,48.6,-0.186,73.1,0.584,93.3,1.6,80.3,0.86,58.2,0.037,33.7,-0.441,48.6,-0.162,6.0,-0.994,18.0,-0.858,11.5,-0.93,8.2,-0.754,35.1,-0.551,47.8,-0.224,3.8,-1.153,57.7,0.204,40.4,-0.285,8.2,-1.15,35.1,-0.393,47.8,-0.216,15.1,-0.858,28.4,-0.726,20.7,-0.8,13.9,-0.676,34.9,-0.508,48.8,-0.172,12.5,-0.749,76.0,0.748,60.1,0.235,13.9,-0.976,34.9,-0.4,48.8,-0.128,13.0,-0.99,23.1,-0.848,15.4,-0.967,20.0,-0.744,33.4,-0.57,47.6,-0.236,97.6,2.058,99.5,2.795,99.5,2.324,68.8,0.532,33.4,-0.387,47.6,-0.219,10.8,-1.093,38.0,-0.449,21.2,-0.8,23.8,-0.801,36.3,-0.519,48.8,-0.172,46.2,-0.236,83.2,0.844,65.4,0.277,39.9,-0.486,36.3,-0.47,48.8,-0.172
7w5ivtmbqzi4hfte330r1a505,R. Pasveer,Heracles Almelo,Goalkeeper,7,1,0.6837244202817621,0,0,0,1.3071,0.1867,0.1277,0.0,0.0,0.0,4,0,0.5327612623839898,0,0,0,1.2448,0.0,0.1658,0.0,0.0,0.0,3,1,0.1509631578977723,0,0,0,1.4004,0.4668,0.0705,0.0,0.0,0.0,3,0,0.2014497966756439,0,0,0,0.9336,0.0,0.0627,0.0,0.0,0.0,4,1,0.4822746236061182,0,0,0,1.2448,0.3112,0.1501,0.0,0.0,0.0,7,1,0.6837244202817621,0,0,0,1.3071,0.1867,0.1277,0.0,0.0,0.0,47.5,-0.463,56.2,-0.349,52.5,-0.411,45.0,-0.337,48.8,-0.214,51.2,0.0,62.5,0.167,70.0,0.162,52.5,-0.243,45.0,-0.279,48.8,-0.226,51.2,0.0,53.8,-0.32,30.0,-0.604,57.5,-0.289,45.0,-0.352,51.2,0.0,51.2,0.0,70.0,0.367,30.0,-0.602,77.5,0.139,45.0,-0.348,51.2,0.0,51.2,0.0,42.5,-0.599,66.2,-0.077,27.5,-0.521,48.8,-0.227,48.8,-0.214,51.2,0.0,67.5,0.402,82.5,1.143,35.0,-0.504,48.8,-0.193,48.8,-0.221,51.2,0.0,50.0,-0.432,28.7,-0.631,47.5,-0.491,47.5,-0.281,51.2,0.0,51.2,0.0,50.0,0.138,28.7,-0.627,35.0,-0.435,47.5,-0.267,51.2,0.0,51.2,0.0,51.2,-0.448,70.0,-0.095,57.5,-0.342,47.5,-0.259,48.8,-0.214,51.2,0.0,72.5,0.519,85.0,0.919,77.5,0.018,47.5,-0.221,48.8,-0.226,51.2,0.0,77.5,0.777,71.2,0.269,70.0,0.034,46.2,-0.294,50.0,-0.158,51.2,0.0,72.5,0.285,72.5,0.193,57.5,-0.182,46.2,-0.294,50.0,-0.158,51.2,0.0
7wjzrrcy3fp8nq6dlanfxvqhh,B. Nuytinck,Nijmegen Eendracht Combinatie,Defender,6,0,1.50369055616321,1,1,0,1.3716,0.0,0.3437,0.2286,0.2286,0.0,3,0,0.8666075063706925,1,0,0,2.7431,0.0,0.7924,0.9144,0.0,0.0,3,0,0.6370830497925177,0,1,0,0.9144,0.0,0.1942,0.0,0.3048,0.0,3,0,0.5796860057794442,1,0,0,1.3716,0.0,0.265,0.4572,0.0,0.0,3,0,0.9240045503837659,0,1,0,0.9144,0.0,0.2816,0.0,0.3048,0.0,6,0,1.50369055616321,1,1,0,1.3716,0.0,0.3437,0.2286,0.2286,0.0,14.6,-0.8,4.4,-0.92,11.7,-0.828,18.2,-0.697,57.7,-0.116,45.6,-0.312,30.7,-0.649,4.4,-1.483,19.0,-0.848,25.5,-0.85,87.6,0.911,45.6,-0.295,17.2,-0.765,8.0,-0.878,16.8,-0.77,30.3,-0.616,29.9,-0.636,47.1,-0.254,81.8,0.983,8.0,-1.325,70.1,0.446,56.9,0.154,29.9,-0.51,47.1,-0.242,16.8,-0.794,9.9,-0.855,16.1,-0.831,11.3,-0.758,78.8,0.645,48.9,-0.173,8.0,-0.901,9.9,-1.099,12.4,-0.917,11.3,-1.059,92.7,1.483,48.9,-0.168,18.6,-0.728,11.7,-0.827,15.3,-0.757,36.5,-0.604,33.6,-0.568,46.7,-0.28,55.5,0.066,11.7,-1.302,25.5,-0.629,48.2,-0.209,33.6,-0.47,46.7,-0.245,15.7,-0.84,7.3,-0.94,16.1,-0.858,9.5,-0.746,72.3,0.306,48.9,-0.173,5.1,-1.036,7.3,-1.292,16.1,-0.807,9.5,-1.219,91.2,1.585,48.9,-0.158,25.5,-0.645,5.5,-1.295,19.0,-0.833,24.1,-0.757,78.8,0.712,48.5,-0.194,35.8,-0.56,5.5,-1.315,22.6,-0.768,28.5,-0.764,87.6,0.784,48.5,-0.194
7wo4627xo1mx5k0vpwhe8hqll,E. Vaessen,FC Groningen,Goalkeeper,24,2,1.757557665672183,0,0,0,1.238,0.1032,0.0907,0.0,0.0,0.0,9,1,0.712617796203422,0,0,0,1.1938,0.1326,0.0945,0.0,0.0,0.0,15,1,1.044939869468761,0,0,0,1.2661,0.0844,0.0882,0.0,0.0,0.0,12,1,1.097619929332826,0,0,0,1.0129,0.0844,0.0926,0.0,0.0,0.0,12,1,0.6599377363393568,0,0,0,1.1142,0.0928,0.0613,0.0,0.0,0.0,9,0,0.5277089757387778,0,0,0,1.6713,0.0,0.098,0.0,0.0,0.0,78.8,0.828,67.5,-0.058,65.0,-0.132,45.0,-0.337,48.8,-0.214,51.2,0.0,45.0,-0.022,52.5,-0.254,35.0,-0.464,45.0,-0.279,48.8,-0.226,51.2,0.0,72.5,0.354,70.0,-0.029,62.5,-0.196,45.0,-0.352,51.2,0.0,51.2,0.0,67.5,0.288,67.5,-0.028,47.5,-0.285,45.0,-0.348,51.2,0.0,51.2,0.0,88.8,1.331,66.2,-0.077,70.0,-0.068,48.8,-0.227,48.8,-0.214,51.2,0.0,55.0,0.156,60.0,-0.341,47.5,-0.412,48.8,-0.193,48.8,-0.221,51.2,0.0,83.8,0.968,67.5,0.0,75.0,0.087,47.5,-0.281,51.2,0.0,51.2,0.0,67.5,0.302,57.5,-0.212,52.5,-0.229,47.5,-0.267,51.2,0.0,51.2,0.0,77.5,0.63,70.0,-0.095,62.5,-0.268,47.5,-0.259,48.8,-0.214,51.2,0.0,52.5,0.167,65.0,-0.164,27.5,-0.498,47.5,-0.221,48.8,-0.226,51.2,0.0,95.0,1.484,32.5,-0.628,57.5,-0.184,46.2,-0.294,50.0,-0.158,51.2,0.0,87.5,1.288,32.5,-0.656,45.0,-0.424,46.2,-0.294,50.0,-0.158,51.2,0.0
7wrulbqqdeecd5vegsbb1905w,R. Owusu-Oduro,Alkmaar Zaanstreek,Goalkeeper,14,1,0.7941963866084382,0,0,0,1.4491,0.1035,0.0822,0.0,0.0,0.0,7,1,0.3866855285571134,0,0,0,1.3042,0.1863,0.072,0.0,0.0,0.0,7,0,0.4075108580513248,0,0,0,1.6303,0.0,0.0949,0.0,0.0,0.0,6,1,0.3646094956599671,0,0,0,0.9316,0.1553,0.0566,0.0,0.0,0.0,8,0,0.4295868909484711,0,0,0,1.2421,0.0,0.0667,0.0,0.0,0.0,7,0,0.4100917571877256,0,0,0,1.3042,0.0,0.0764,0.0,0.0,0.0,65.0,0.068,56.2,-0.349,55.0,-0.382,45.0,-0.337,48.8,-0.214,51.2,0.0,87.5,0.555,55.0,-0.253,32.5,-0.515,45.0,-0.279,48.8,-0.226,51.2,0.0,68.8,0.084,70.0,-0.029,52.5,-0.365,45.0,-0.352,51.2,0.0,51.2,0.0,75.0,0.46,77.5,0.204,40.0,-0.419,45.0,-0.348,51.2,0.0,51.2,0.0,61.3,0.044,30.0,-0.588,55.0,-0.391,48.8,-0.227,48.8,-0.214,51.2,0.0,87.5,0.824,30.0,-0.668,52.5,-0.377,48.8,-0.193,48.8,-0.221,51.2,0.0,66.2,0.035,67.5,0.0,52.5,-0.385,47.5,-0.281,51.2,0.0,51.2,0.0,45.0,0.134,67.5,0.136,32.5,-0.477,47.5,-0.267,51.2,0.0,51.2,0.0,60.0,0.091,31.2,-0.567,55.0,-0.364,47.5,-0.259,48.8,-0.214,51.2,0.0,70.0,0.512,31.2,-0.624,32.5,-0.466,47.5,-0.221,48.8,-0.226,51.2,0.0,77.5,0.777,32.5,-0.628,50.0,-0.347,46.2,-0.294,50.0,-0.158,51.2,0.0,70.0,0.277,32.5,-0.656,30.0,-0.6,46.2,-0.294,50.0,-0.158,51.2,0.0
7wz2sc3d07aaduyhmihffa2hg,J. McConnell,AFC Ajax,Midfielder,2,1,0.6740044379513257,0,0,0,0.9231,0.4615,0.3111,0.0,0.0,0.0,0,0,0.0,0,0,0,0.0,0.0,0.0,0.0,0.0,0.0,2,1,0.6740044379513257,0,0,0,0.9231,0.4615,0.3111,0.0,0.0,0.0,1,0,0.1401299057456622,0,0,0,0.9231,0.0,0.1294,0.0,0.0,0.0,1,1,0.5338745322056635,0,0,0,0.9231,0.9231,0.4928,0.0,0.0,0.0,2,1,0.6740044379513257,0,0,0,0.9231,0.4615,0.3111,0.0,0.0,0.0,6.7,-1.011,11.1,-0.961,6.7,-1.015,5.3,-0.79,25.0,-0.653,46.2,-0.298,2.4,-1.342,22.4,-0.768,5.8,-1.375,5.3,-1.212,25.0,-0.494,46.2,-0.273,3.8,-1.033,7.0,-0.976,3.8,-1.021,9.1,-0.777,33.7,-0.532,48.6,-0.186,3.8,-1.835,7.0,-1.462,3.8,-1.66,9.1,-1.066,33.7,-0.441,48.6,-0.162,11.5,-0.933,18.0,-0.858,10.1,-0.943,8.2,-0.754,35.1,-0.551,47.8,-0.224,7.2,-1.141,25.0,-0.598,8.7,-1.191,8.2,-1.15,35.1,-0.393,47.8,-0.216,15.1,-0.858,11.3,-0.843,13.5,-0.878,13.9,-0.676,34.9,-0.508,48.8,-0.172,15.1,-0.734,11.3,-1.333,13.9,-1.354,13.9,-0.976,34.9,-0.4,48.8,-0.128,4.3,-1.107,14.9,-0.976,7.7,-1.092,6.7,-0.845,33.4,-0.57,47.6,-0.236,4.3,-1.123,77.9,0.633,26.4,-0.601,6.7,-1.224,33.4,-0.387,47.6,-0.219,6.7,-1.444,12.5,-1.104,6.7,-1.374,8.4,-1.058,36.3,-0.519,48.8,-0.172,3.4,-1.18,26.7,-0.687,8.7,-1.185,8.4,-1.121,36.3,-0.47,48.8,-0.172
7xovmwq2h4rcr9nuou4gi3g2c,W. Prins,FC Groningen,Defender,18,3,5.027247055609227,7,2,0,1.397,0.2328,0.3902,0.5433,0.1552,0.0,9,1,1.929355218621463,4,0,0,1.1974,0.133,0.2567,0.5322,0.0,0.0,9,2,3.097891836987764,3,2,0,1.6764,0.3725,0.577,0.5588,0.3725,0.0,5,0,1.491396797711159,2,0,0,2.3283,0.0,0.6945,0.9313,0.0,0.0,13,3,3.535850257898067,5,2,0,1.1007,0.254,0.2994,0.4233,0.1693,0.0,8,2,2.847966417516556,3,1,0,1.4901,0.3725,0.5305,0.5588,0.1863,0.0,48.9,-0.366,30.7,-0.639,44.5,-0.472,53.3,-0.365,77.4,0.52,45.6,-0.312,35.0,-0.616,12.4,-0.943,27.0,-0.719,44.5,-0.393,77.4,0.405,45.6,-0.295,46.0,-0.376,22.6,-0.711,35.0,-0.577,56.6,-0.315,29.9,-0.636,47.1,-0.254,25.5,-0.655,16.8,-1.047,10.9,-0.979,48.2,-0.349,29.9,-0.51,47.1,-0.242,50.0,-0.333,43.8,-0.482,54.0,-0.313,53.6,-0.405,93.8,1.874,48.9,-0.173,51.1,-0.091,37.2,-0.397,52.6,-0.063,47.4,-0.307,94.2,1.92,48.9,-0.168,31.8,-0.586,11.7,-0.827,33.6,-0.577,47.1,-0.489,33.6,-0.568,46.7,-0.28,96.4,1.615,11.7,-1.302,88.3,1.038,75.2,0.712,33.6,-0.47,46.7,-0.245,59.9,-0.129,48.9,-0.412,50.4,-0.344,60.2,-0.234,88.7,1.24,48.9,-0.173,24.8,-0.671,27.0,-0.633,18.2,-0.747,45.3,-0.372,82.5,0.629,48.9,-0.158,47.8,-0.229,38.0,-0.475,51.8,-0.144,54.7,-0.269,78.8,0.712,48.5,-0.194,42.7,-0.422,31.4,-0.564,46.7,-0.297,48.5,-0.338,82.1,0.528,48.5,-0.194
7y0acvcg9km8dz51t5ndy23md,M. van Duinen,SBV Excelsior,Forward,7,1,1.905332191296634,0,6,0,1.0853,0.155,0.2954,0.0,0.9302,0.0,3,1,1.061364835056144,0,2,0,0.9302,0.3101,0.3291,0.0,0.6202,0.0,4,0,0.8439673562404902,0,4,0,1.2403,0.0,0.2617,0.0,1.2403,0.0,2,0,0.1249211063022797,0,2,0,1.8605,0.0,0.1162,0.0,1.8605,0.0,5,1,1.780411084994354,0,4,0,0.9302,0.186,0.3312,0.0,0.7442,0.0,6,0,1.442139041188083,0,5,0,1.1163,0.0,0.2683,0.0,0.9302,0.0,32.9,-0.497,19.6,-0.597,24.1,-0.586,13.9,-0.568,93.0,1.103,50.0,-0.113,26.6,-0.633,17.7,-0.977,8.9,-1.043,13.9,-0.862,94.9,2.47,50.0,-0.113,35.4,-0.509,34.8,-0.485,26.6,-0.539,19.0,-0.545,80.4,0.529,50.6,0.0,29.1,-0.573,33.5,-0.537,21.5,-0.688,19.0,-0.853,90.5,1.391,50.6,0.0,38.6,-0.464,13.9,-0.728,21.5,-0.625,25.3,-0.542,94.9,1.344,50.0,-0.113,43.0,-0.168,13.9,-1.082,17.7,-0.867,25.3,-0.68,98.7,3.013,50.0,-0.113,36.1,-0.493,17.1,-0.59,21.5,-0.651,25.3,-0.464,88.0,1.041,50.6,0.0,91.1,1.27,17.1,-1.018,22.8,-1.063,25.3,-0.764,100.0,5.978,50.6,0.0,36.1,-0.478,29.1,-0.578,35.4,-0.51,18.4,-0.628,89.2,0.928,50.0,-0.113,21.5,-0.59,26.6,-0.779,24.1,-0.684,18.4,-0.805,89.9,1.599,50.0,-0.113,44.9,-0.197,10.8,-1.005,24.1,-0.673,20.9,-0.547,96.8,2.677,50.6,0.0,34.2,-0.413,10.8,-1.081,8.9,-0.905,20.9,-0.595,93.7,2.337,50.6,0.0
80dk8iv6p0202z10qcqy8bfca,S. Scheperman,Heracles Almelo,Midfielder,10,3,2.945719544760274,3,2,0,1.1742,0.3523,0.3459,0.3523,0.2348,0.0,5,1,0.97687209450487,1,2,0,1.1742,0.2348,0.2294,0.2348,0.4697,0.0,5,2,1.968847450255404,2,0,0,1.1742,0.4697,0.4624,0.4697,0.0,0.0,5,2,1.255473269975596,3,1,0,1.1742,0.4697,0.2948,0.7045,0.2348,0.0,5,1,1.690246274784678,0,1,0,0.9393,0.1879,0.3175,0.0,0.1879,0.0,5,1,1.714134696441928,0,1,0,0.9393,0.1879,0.322,0.0,0.1879,0.0,23.3,-0.779,21.9,-0.832,20.2,-0.863,27.2,-0.634,84.9,0.719,46.2,-0.298,14.4,-1.05,15.4,-0.978,7.2,-1.291,26.0,-0.702,92.8,1.031,46.2,-0.273,26.0,-0.77,20.0,-0.863,17.3,-0.902,25.2,-0.684,92.1,1.445,48.6,-0.186,21.2,-0.797,16.8,-1.068,10.6,-1.222,26.4,-0.782,97.1,2.16,48.6,-0.162,25.0,-0.749,27.6,-0.722,25.5,-0.761,33.9,-0.534,35.1,-0.551,47.8,-0.224,18.3,-0.86,32.2,-0.584,16.8,-0.842,40.9,-0.43,35.1,-0.393,47.8,-0.216,33.7,-0.642,38.5,-0.61,26.0,-0.74,48.6,-0.38,80.8,0.604,48.8,-0.172,27.9,-0.405,41.3,-0.261,18.8,-0.896,64.9,0.181,93.8,1.406,48.8,-0.128,19.5,-0.873,14.9,-0.976,17.8,-0.934,6.7,-0.845,78.6,0.582,47.6,-0.236,13.5,-1.094,13.0,-1.131,9.1,-1.221,6.7,-1.224,93.3,0.857,47.6,-0.219,16.3,-0.917,12.5,-1.104,15.4,-0.987,8.4,-1.058,82.9,0.847,48.8,-0.172,10.1,-1.163,10.1,-1.15,9.6,-1.162,8.4,-1.121,90.1,0.579,48.8,-0.172
8624hqd4nlbzcoqsetvsvla8k,D. Fonville,Nijmegen Eendracht Combinatie,Defender,35,14,12.46864736986921,19,3,1,1.8914,0.7566,0.6738,1.0268,0.1621,0.054,19,6,7.138435202343974,9,2,0,1.9395,0.6125,0.7287,0.9187,0.2042,0.0,16,8,5.330212167525239,10,1,1,1.8374,0.9187,0.6121,1.1484,0.1148,0.1148,12,4,4.357940437157966,5,1,1,1.2249,0.4083,0.4448,0.5104,0.1021,0.1021,23,10,8.110706932711246,14,2,0,1.4087,0.6125,0.4967,0.8574,0.1225,0.0,10,5,4.487293756222917,4,0,1,1.8374,0.9187,0.8245,0.735,0.0,0.1837,73.4,0.249,77.7,0.389,74.5,0.281,74.5,0.301,89.1,1.156,95.3,2.743,65.0,0.036,65.7,0.271,60.6,0.07,64.2,0.31,78.1,0.453,95.6,2.775,74.8,0.273,70.1,0.124,78.8,0.368,74.1,0.186,88.3,1.161,47.1,-0.254,64.2,0.131,57.7,-0.041,65.0,0.277,57.7,0.16,83.2,0.544,47.1,-0.242,71.2,0.206,80.3,0.637,70.1,0.157,76.3,0.421,78.8,0.645,98.9,5.745,55.5,0.08,73.0,0.632,59.1,0.015,70.8,0.486,77.4,0.258,100.0,7.774,62.8,-0.092,62.0,-0.092,66.4,-0.01,62.4,-0.147,78.1,0.543,96.7,3.551,43.1,-0.171,48.9,-0.053,58.4,0.069,51.8,-0.106,81.4,0.332,97.8,4.222,79.9,0.582,83.6,0.822,76.6,0.556,83.9,0.686,88.7,1.24,48.9,-0.173,56.9,-0.066,65.7,0.298,52.6,-0.087,65.0,0.496,78.1,0.299,48.9,-0.158,69.0,0.187,78.8,0.753,79.6,0.696,62.4,-0.025,32.5,-0.624,98.5,5.119,59.9,-0.015,69.3,0.537,75.2,0.444,57.7,-0.11,32.5,-0.601,97.8,5.078
88523fv89ozrqwnbhgphxual0,M. Egbring,SC Heerenveen,Defender,5,2,1.567192566021994,2,0,0,1.5385,0.6154,0.4822,0.6154,0.0,0.0,1,0,0.3164091484723856,0,0,0,0.9231,0.0,0.2921,0.0,0.0,0.0,4,2,1.250783417549609,2,0,0,1.8462,0.9231,0.5773,0.9231,0.0,0.0,0,0,0.0,0,0,0,0.0,0.0,0.0,0.0,0.0,0.0,5,2,1.567192566021994,2,0,0,1.5385,0.6154,0.4822,0.6154,0.0,0.0,5,2,1.567192566021994,2,0,0,1.5385,0.6154,0.4822,0.6154,0.0,0.0,13.1,-0.836,21.2,-0.733,13.1,-0.821,28.1,-0.642,23.0,-0.752,45.6,-0.312,42.3,-0.429,55.5,-0.056,40.1,-0.463,47.4,-0.288,23.0,-0.666,45.6,-0.295,7.3,-0.895,8.0,-0.878,7.3,-0.87,11.7,-0.716,29.9,-0.636,47.1,-0.254,8.8,-0.946,8.0,-1.325,16.1,-0.885,11.7,-1.05,29.9,-0.51,47.1,-0.242,23.7,-0.717,43.8,-0.482,24.1,-0.702,43.4,-0.523,33.9,-0.583,48.9,-0.173,56.9,0.089,74.5,0.64,53.3,-0.063,59.9,0.183,33.9,-0.483,48.9,-0.168,4.7,-0.94,11.7,-0.827,4.7,-0.872,14.6,-0.718,33.6,-0.568,46.7,-0.28,4.7,-2.153,11.7,-1.302,4.7,-1.658,14.6,-1.098,33.6,-0.47,46.7,-0.245,28.5,-0.697,36.1,-0.588,27.7,-0.731,36.9,-0.541,30.7,-0.627,48.9,-0.173,64.2,0.189,66.4,0.305,51.1,-0.135,56.2,0.012,30.7,-0.565,48.9,-0.158,16.4,-0.853,38.0,-0.475,21.9,-0.8,41.2,-0.513,32.5,-0.624,48.5,-0.194,48.2,-0.365,56.9,-0.074,40.9,-0.419,54.7,-0.265,32.5,-0.601,48.5,-0.194
891zjrm0zjc2e3ebjx11p2y38,J. Slory,Go Ahead Eagles,Midfielder,35,15,11.78844495539745,27,1,0,2.3373,1.0017,0.7872,1.8031,0.0668,0.0,24,9,6.985837727623168,21,1,0,3.2055,1.2021,0.933,2.8048,0.1336,0.0,11,6,4.802607227774285,6,0,0,1.4692,0.8014,0.6414,0.8014,0.0,0.0,14,5,3.958834829559666,13,0,0,1.8699,0.6678,0.5288,1.7363,0.0,0.0,21,10,7.829610125837787,14,1,0,1.9634,0.9349,0.732,1.3089,0.0935,0.0,10,2,2.822182996880909,9,1,0,1.8699,0.374,0.5277,1.6829,0.187,0.0,57.7,-0.054,59.9,-0.058,51.4,-0.267,81.2,0.615,64.7,0.033,46.2,-0.298,65.4,0.301,67.8,0.268,42.3,-0.222,90.4,1.397,68.8,-0.06,46.2,-0.273,68.5,0.229,62.7,0.045,53.4,-0.17,89.7,1.179,78.1,0.456,48.6,-0.186,85.6,0.999,69.2,0.556,58.2,0.122,97.1,2.324,80.8,0.298,48.6,-0.162,44.0,-0.381,56.7,-0.176,48.1,-0.363,62.3,-0.093,35.1,-0.551,47.8,-0.224,31.2,-0.531,53.4,0.007,35.1,-0.43,61.5,0.079,35.1,-0.393,47.8,-0.216,58.2,-0.157,52.6,-0.26,48.6,-0.405,83.7,0.609,34.9,-0.508,48.8,-0.172,74.5,0.51,56.2,0.191,33.2,-0.249,94.2,1.875,34.9,-0.4,48.8,-0.128,61.8,0.061,63.7,0.169,56.2,-0.096,81.5,0.573,78.6,0.582,47.6,-0.236,80.8,0.702,83.7,0.661,59.6,0.246,90.4,1.296,80.3,0.232,47.6,-0.219,55.5,-0.039,24.8,-0.777,32.7,-0.575,88.0,1.259,82.9,0.847,48.8,-0.172,52.4,-0.188,23.8,-0.835,26.0,-0.733,88.9,1.221,86.8,0.574,48.8,-0.172
89plvrt8pzppcclh4axvii0ru,A. Plat,FC Volendam,Midfielder,11,3,5.559650270100385,1,0,0,1.1402,0.311,0.5763,0.1037,0.0,0.0,7,3,3.882656653894256,1,0,0,1.0884,0.4665,0.6037,0.1555,0.0,0.0,4,0,1.676993616206129,0,0,0,1.2439,0.0,0.5215,0.0,0.0,0.0,2,0,0.8933347751334448,0,0,0,0.9329,0.0,0.4167,0.0,0.0,0.0,9,3,4.66631549496694,1,0,0,1.1995,0.3998,0.6219,0.1333,0.0,0.0,7,2,4.139734911451087,0,0,0,1.3061,0.3732,0.7724,0.0,0.0,0.0,25.5,-0.75,21.9,-0.832,31.7,-0.687,14.7,-0.738,25.0,-0.653,46.2,-0.298,12.0,-1.09,12.5,-1.057,23.1,-0.733,12.5,-1.062,25.0,-0.494,46.2,-0.273,32.5,-0.665,35.8,-0.636,40.9,-0.548,25.2,-0.684,33.7,-0.532,48.6,-0.186,17.8,-0.873,27.4,-0.679,33.2,-0.507,22.6,-0.878,33.7,-0.441,48.6,-0.162,20.0,-0.81,6.7,-0.994,20.7,-0.802,8.2,-0.754,35.1,-0.551,47.8,-0.224,21.2,-0.782,6.7,-1.42,24.0,-0.706,8.2,-1.15,35.1,-0.393,47.8,-0.216,20.9,-0.804,11.3,-0.843,22.6,-0.785,13.9,-0.676,34.9,-0.508,48.8,-0.172,19.5,-0.722,11.3,-1.333,25.0,-0.559,13.9,-0.976,34.9,-0.4,48.8,-0.128,32.9,-0.639,29.3,-0.721,39.9,-0.528,20.0,-0.744,33.4,-0.57,47.6,-0.236,29.8,-0.638,23.1,-0.623,48.6,-0.144,16.3,-0.967,33.4,-0.387,47.6,-0.219,31.2,-0.566,24.8,-0.777,57.2,-0.084,8.4,-1.058,36.3,-0.519,48.8,-0.172,28.1,-0.779,22.6,-0.837,51.9,-0.222,8.4,-1.121,36.3,-0.47,48.8,-0.172
8d0ffyx2qnnp0limf5aou92ei,A. Ueda,Feyenoord Rotterdam,Forward,7,2,2.545750020227977,1,2,0,0.9217,0.2633,0.3352,0.1317,0.2633,0.0,3,1,1.195588573768795,1,1,0,0.9217,0.3072,0.3673,0.3072,0.3072,0.0,4,1,1.350161446459182,0,1,0,0.9217,0.2304,0.3111,0.0,0.2304,0.0,5,2,2.150323824813165,1,2,0,0.9217,0.3687,0.3964,0.1843,0.3687,0.0,2,0,0.3954261954148126,0,0,0,0.9217,0.0,0.1822,0.0,0.0,0.0,5,1,1.669636717030461,1,2,0,0.9217,0.1843,0.3078,0.1843,0.3687,0.0,32.9,-0.497,31.6,-0.518,30.4,-0.534,38.0,-0.467,61.4,-0.116,50.0,-0.113,3.8,-0.877,20.3,-0.749,15.2,-0.936,38.0,-0.562,72.2,0.111,50.0,-0.113,35.4,-0.509,34.8,-0.485,34.2,-0.521,50.0,-0.355,61.4,-0.095,50.6,0.0,16.5,-0.583,31.6,-0.542,27.8,-0.608,57.0,-0.14,74.7,0.338,50.6,0.0,38.6,-0.464,34.2,-0.533,35.4,-0.531,25.3,-0.542,61.4,-0.11,50.0,-0.113,15.2,-0.568,27.8,-0.613,24.1,-0.744,25.3,-0.68,67.1,-0.014,50.0,-0.113,57.6,-0.27,56.3,-0.262,49.4,-0.3,60.1,-0.286,88.0,1.041,50.6,0.0,29.1,-0.185,45.6,-0.189,34.2,-0.271,60.8,-0.208,89.9,0.801,50.6,0.0,20.3,-0.7,12.0,-0.724,15.2,-0.714,18.4,-0.628,21.5,-0.649,50.0,-0.113,10.1,-0.608,12.0,-1.302,8.9,-1.209,18.4,-0.805,21.5,-0.706,50.0,-0.113,31.6,-0.363,29.1,-0.637,29.1,-0.584,54.4,-0.264,82.3,0.643,50.6,0.0,3.8,-0.609,24.1,-0.741,12.7,-0.817,45.6,-0.322,74.7,0.476,50.6,0.0
8f3bhiy6r5eei1n25exhbwr8p,J. Lotomba,Feyenoord Rotterdam,Defender,9,3,2.262102256754826,8,0,0,1.1973,0.3991,0.3009,1.0642,0.0,0.0,4,2,1.198130999752561,3,0,0,1.2416,0.6208,0.3719,0.9312,0.0,0.0,5,1,1.063971257002265,5,0,0,1.164,0.2328,0.2477,1.164,0.0,0.0,3,0,0.4844767080254614,3,0,0,0.9312,0.0,0.1504,0.9312,0.0,0.0,6,3,1.777625548729365,5,0,0,1.3968,0.6984,0.4138,1.164,0.0,0.0,7,3,1.934870446634986,6,0,0,1.3037,0.5587,0.3603,1.1174,0.0,0.0,26.6,-0.691,30.7,-0.639,23.4,-0.751,56.9,-0.309,23.0,-0.752,45.6,-0.312,17.5,-0.879,28.5,-0.557,11.7,-0.967,65.0,0.364,23.0,-0.666,45.6,-0.295,24.1,-0.7,36.9,-0.544,22.6,-0.71,50.0,-0.415,29.9,-0.636,47.1,-0.254,29.2,-0.609,59.1,-0.024,28.5,-0.673,60.6,0.176,29.9,-0.51,47.1,-0.242,31.4,-0.64,28.8,-0.668,20.4,-0.741,61.3,-0.169,33.9,-0.583,48.9,-0.173,27.0,-0.636,29.2,-0.66,17.5,-0.798,72.3,0.507,33.9,-0.483,48.9,-0.168,18.6,-0.728,11.7,-0.827,13.1,-0.776,52.9,-0.375,33.6,-0.568,46.7,-0.28,19.7,-0.646,11.7,-1.302,12.4,-1.074,74.5,0.712,33.6,-0.47,46.7,-0.245,32.8,-0.626,48.9,-0.412,29.9,-0.69,60.2,-0.234,30.7,-0.627,48.9,-0.173,54.7,-0.089,73.0,0.521,43.8,-0.364,85.4,1.109,30.7,-0.565,48.9,-0.158,36.9,-0.437,55.8,-0.066,32.1,-0.612,72.6,0.463,32.5,-0.624,48.5,-0.194,30.7,-0.64,51.1,-0.188,24.8,-0.727,70.8,0.384,32.5,-0.601,48.5,-0.194
8gde39dg3u3kqhd8pa2mdcn2t,T. Chery,Nijmegen Eendracht Combinatie,Forward,118,46,50.89510017253383,49,0,0,3.6111,1.4077,1.5575,1.4995,0.0,0.0,70,27,27.70859157964498,30,0,0,4.2844,1.6526,1.6959,1.8362,0.0,0.0,48,19,23.18650859288884,19,0,0,2.9379,1.1629,1.4191,1.1629,0.0,0.0,65,24,25.68907166815332,29,0,0,2.0578,0.7598,0.8133,0.9181,0.0,0.0,53,22,25.2060285043805,20,0,0,1.8022,0.7481,0.8571,0.6801,0.0,0.0,30,11,11.18222470287282,20,0,0,5.5085,2.0198,2.0532,3.6723,0.0,0.0,98.7,3.721,98.7,2.964,98.7,3.393,99.4,4.387,15.8,-0.725,50.0,-0.113,98.7,3.137,93.7,1.67,98.7,2.366,98.7,2.557,15.8,-0.821,50.0,-0.113,98.7,3.969,98.7,2.823,98.7,3.195,100.0,5.175,24.1,-0.719,50.6,0.0,98.7,3.194,94.9,1.847,98.7,2.196,100.0,3.411,24.1,-0.696,50.6,0.0,98.7,3.281,98.7,2.978,98.7,3.518,97.5,3.193,21.5,-0.595,50.0,-0.113,94.9,1.963,89.9,1.283,96.2,2.016,91.1,1.624,21.5,-0.705,50.0,-0.113,98.7,4.186,98.7,3.35,98.7,3.773,98.7,4.701,30.4,-0.604,50.6,0.0,96.2,1.576,75.9,0.689,83.5,0.908,91.1,2.004,30.4,-0.478,50.6,0.0,98.1,3.081,98.7,2.493,98.7,2.944,100.0,3.541,21.5,-0.649,50.0,-0.113,92.4,1.213,83.5,0.8,92.4,1.17,86.1,1.0,21.5,-0.706,50.0,-0.113,98.7,3.781,98.7,3.038,98.7,3.17,99.4,5.099,24.1,-0.712,50.6,0.0,98.7,4.004,98.7,2.646,98.7,3.097,98.7,4.835,24.1,-0.745,50.6,0.0
8hgpvnzy2mra3ps209tniq7f8,O. Gloukh,AFC Ajax,Midfielder,51,27,26.94460834828668,7,0,0,2.3635,1.2512,1.2487,0.3244,0.0,0.0,26,16,14.32378231149607,4,0,0,2.1907,1.3481,1.2069,0.337,0.0,0.0,25,11,12.62082603679061,3,0,0,2.5746,1.1328,1.2997,0.3089,0.0,0.0,25,12,14.503431873426,1,0,0,1.9309,0.9268,1.1202,0.0772,0.0,0.0,26,15,12.44117647486068,6,0,0,1.8537,1.0694,0.887,0.4278,0.0,0.0,12,8,7.106713645081475,0,0,0,2.2244,1.483,1.3174,0.0,0.0,0.0,73.6,0.41,80.5,0.716,80.3,0.753,44.0,-0.426,25.0,-0.653,46.2,-0.298,69.2,0.332,79.8,0.747,82.2,0.897,25.0,-0.743,25.0,-0.494,46.2,-0.273,71.6,0.334,83.4,0.839,81.7,0.725,45.9,-0.404,33.7,-0.532,48.6,-0.186,58.7,0.101,78.8,0.801,76.9,0.646,29.8,-0.659,33.7,-0.441,48.6,-0.162,76.0,0.478,76.0,0.505,81.2,0.737,43.8,-0.423,35.1,-0.551,47.8,-0.224,81.7,0.704,76.0,0.597,88.0,1.089,28.4,-0.676,35.1,-0.393,47.8,-0.216,74.8,0.437,79.6,0.556,84.1,0.902,31.7,-0.578,34.9,-0.508,48.8,-0.172,79.3,0.59,76.9,0.781,92.8,1.386,28.8,-0.849,34.9,-0.4,48.8,-0.128,72.1,0.353,80.5,0.806,73.1,0.533,53.4,-0.237,33.4,-0.57,47.6,-0.236,72.1,0.509,92.3,0.984,82.7,0.794,43.3,-0.4,33.4,-0.387,47.6,-0.219,69.0,0.312,87.7,1.189,86.1,1.02,8.4,-1.058,36.3,-0.519,48.8,-0.172,66.3,0.183,86.1,1.038,84.1,0.916,8.4,-1.121,36.3,-0.47,48.8,-0.172
8jm8a7w3a5b5nzikcom7cvf2s,M. Willemsen,SC Heerenveen,Defender,15,5,5.649126234837621,1,0,0,1.3908,0.4636,0.5238,0.0927,0.0,0.0,5,2,1.819086179416155,1,0,0,1.159,0.4636,0.4217,0.2318,0.0,0.0,10,3,3.830040055421466,0,0,0,1.5454,0.4636,0.5919,0.0,0.0,0.0,6,1,1.507820624174206,0,0,0,1.1127,0.1854,0.2796,0.0,0.0,0.0,9,4,4.141305610663415,1,0,0,1.3908,0.6181,0.64,0.1545,0.0,0.0,9,3,3.879919151889831,1,0,0,1.669,0.5563,0.7195,0.1854,0.0,0.0,39.4,-0.474,44.9,-0.452,47.4,-0.409,18.2,-0.697,23.0,-0.752,45.6,-0.312,34.3,-0.624,40.1,-0.408,47.4,-0.347,13.9,-1.047,23.0,-0.666,45.6,-0.295,29.2,-0.635,36.9,-0.544,32.8,-0.597,30.3,-0.616,29.9,-0.636,47.1,-0.254,22.6,-0.696,43.1,-0.353,38.0,-0.54,29.9,-0.744,29.9,-0.51,47.1,-0.242,54.7,-0.256,53.6,-0.295,59.9,-0.159,11.3,-0.758,33.9,-0.583,48.9,-0.173,46.0,-0.23,45.3,-0.225,54.7,-0.03,11.3,-1.059,33.9,-0.483,48.9,-0.168,38.3,-0.516,29.9,-0.643,34.3,-0.574,14.6,-0.718,33.6,-0.568,46.7,-0.28,32.8,-0.353,26.6,-0.735,29.2,-0.572,14.6,-1.098,33.6,-0.47,46.7,-0.245,44.2,-0.413,56.6,-0.235,54.7,-0.225,25.5,-0.643,30.7,-0.627,48.9,-0.173,52.6,-0.101,67.9,0.312,71.5,0.392,22.6,-0.91,30.7,-0.565,48.9,-0.158,58.8,-0.021,55.8,-0.066,72.3,0.385,24.1,-0.757,32.5,-0.624,48.5,-0.194,53.6,-0.212,49.6,-0.193,67.9,0.18,20.4,-0.82,32.5,-0.601,48.5,-0.194
8kqetcv52r962hqpw7uaysljo,S. Hagedoorn,SC Telstar,Midfielder,1,1,0.3343668079493546,0,1,0,0.9254,0.9254,0.3094,0.0,0.9254,0.0,1,1,0.3343668079493546,0,1,0,0.9254,0.9254,0.3094,0.0,0.9254,0.0,0,0,0.0,0,0,0,0.0,0.0,0.0,0.0,0.0,0.0,0,0,0.0,0,0,0,0.0,0.0,0.0,0.0,0.0,0.0,1,1,0.3343668079493546,0,1,0,0.9254,0.9254,0.3094,0.0,0.9254,0.0,1,1,0.3343668079493546,0,1,0,0.9254,0.9254,0.3094,0.0,0.9254,0.0,2.6,-1.04,11.1,-0.961,2.9,-1.038,5.3,-0.79,64.7,0.033,46.2,-0.298,2.9,-1.34,58.2,0.122,5.3,-1.379,5.3,-1.212,99.0,5.515,46.2,-0.273,9.6,-0.98,20.0,-0.863,10.1,-0.98,9.1,-0.777,78.1,0.456,48.6,-0.186,9.9,-1.017,55.8,0.091,13.0,-1.069,9.1,-1.066,98.6,4.683,48.6,-0.162,1.7,-1.055,6.7,-0.994,1.7,-1.038,8.2,-0.754,35.1,-0.551,47.8,-0.224,1.7,-2.171,6.7,-1.42,1.7,-1.909,8.2,-1.15,35.1,-0.393,47.8,-0.216,6.2,-0.912,11.3,-0.843,6.2,-0.896,13.9,-0.676,34.9,-0.508,48.8,-0.172,6.2,-1.947,11.3,-1.333,6.2,-1.711,13.9,-0.976,34.9,-0.4,48.8,-0.128,4.3,-1.107,14.9,-0.976,5.3,-1.119,6.7,-0.845,78.6,0.582,47.6,-0.236,4.8,-1.119,78.4,0.638,8.2,-1.25,6.7,-1.224,99.0,5.738,47.6,-0.219,2.6,-1.62,12.5,-1.104,2.9,-1.501,8.4,-1.058,82.9,0.847,48.8,-0.172,3.8,-1.178,57.0,0.096,8.2,-1.189,8.4,-1.121,99.0,4.696,48.8,-0.172
8kydif03gk6apce8xwl9w3ht5,T. Ouwejan,Nijmegen Eendracht Combinatie,Defender,14,5,4.139961119356456,11,0,0,3.2379,1.1564,0.9575,2.5441,0.0,0.0,6,3,1.831348455681395,4,0,0,2.7753,1.3877,0.8471,1.8502,0.0,0.0,8,2,2.30861266367506,7,0,0,3.7004,0.9251,1.0679,3.2379,0.0,0.0,11,5,3.329098756654782,8,0,0,2.5441,1.1564,0.7699,1.8502,0.0,0.0,3,0,0.8108623627016744,3,0,0,1.3877,0.0,0.3751,1.3877,0.0,0.0,14,5,4.139961119356456,11,0,0,3.2379,1.1564,0.9575,2.5441,0.0,0.0,36.9,-0.51,44.9,-0.452,38.0,-0.561,63.1,-0.143,23.0,-0.752,45.6,-0.312,93.4,1.811,91.2,1.198,84.7,0.858,97.1,2.515,23.0,-0.666,45.6,-0.295,33.2,-0.571,49.6,-0.377,34.3,-0.595,56.6,-0.315,29.9,-0.636,47.1,-0.254,83.9,1.017,92.7,1.584,75.9,0.592,90.5,1.386,29.9,-0.51,47.1,-0.242,46.4,-0.409,43.8,-0.482,46.0,-0.479,68.2,0.067,33.9,-0.583,48.9,-0.173,97.8,2.06,76.6,0.644,89.8,1.032,100.0,3.295,33.9,-0.483,48.9,-0.168,58.8,-0.162,67.2,0.091,59.1,-0.214,73.7,0.196,33.6,-0.568,46.7,-0.28,97.8,1.964,98.5,2.234,92.0,1.331,99.3,2.497,33.6,-0.47,46.7,-0.245,15.7,-0.84,7.3,-0.94,12.4,-0.88,47.1,-0.439,30.7,-0.627,48.9,-0.173,51.8,-0.107,7.3,-1.292,32.8,-0.494,92.0,1.557,30.7,-0.565,48.9,-0.158,85.4,1.018,78.8,0.753,75.2,0.518,93.8,1.682,32.5,-0.624,48.5,-0.194,92.7,1.622,89.8,1.017,83.9,0.78,96.4,2.226,32.5,-0.601,48.5,-0.194
8l31bne12p5cp51o46h92zjrp,R. Koeman,SC Telstar,Goalkeeper,23,1,2.145756908899516,0,0,0,1.253,0.0545,0.1169,0.0,0.0,0.0,15,1,1.161395963896702,0,0,0,1.2629,0.0842,0.0978,0.0,0.0,0.0,8,0,0.9843609450028137,0,0,0,1.2348,0.0,0.1519,0.0,0.0,0.0,8,0,0.7156633750256489,0,0,0,1.0584,0.0,0.0947,0.0,0.0,0.0,15,1,1.430093533873867,0,0,0,1.1576,0.0772,0.1104,0.0,0.0,0.0,6,0,0.4409179522330024,0,0,0,1.1113,0.0,0.0817,0.0,0.0,0.0,75.0,0.752,56.2,-0.349,72.5,-0.031,45.0,-0.337,48.8,-0.214,51.2,0.0,50.0,0.019,50.0,-0.497,50.0,-0.308,45.0,-0.279,48.8,-0.226,51.2,0.0,87.5,1.163,70.0,-0.029,77.5,0.038,45.0,-0.352,51.2,0.0,51.2,0.0,72.5,0.395,60.0,-0.238,50.0,-0.266,45.0,-0.348,51.2,0.0,51.2,0.0,66.2,0.205,30.0,-0.588,67.5,-0.098,48.8,-0.227,48.8,-0.214,51.2,0.0,52.5,0.098,30.0,-0.668,67.5,-0.081,48.8,-0.193,48.8,-0.221,51.2,0.0,72.5,0.346,28.7,-0.631,67.5,-0.159,47.5,-0.281,51.2,0.0,51.2,0.0,72.5,0.395,28.7,-0.627,55.0,-0.215,47.5,-0.267,51.2,0.0,51.2,0.0,83.8,1.035,70.0,-0.095,77.5,0.053,47.5,-0.259,48.8,-0.214,51.2,0.0,60.0,0.284,62.5,-0.241,60.0,-0.212,47.5,-0.221,48.8,-0.226,51.2,0.0,61.3,0.424,32.5,-0.628,52.5,-0.304,46.2,-0.294,50.0,-0.158,51.2,0.0,50.0,-0.255,32.5,-0.656,37.5,-0.557,46.2,-0.294,50.0,-0.158,51.2,0.0
8ledzu9tb7knxqbj7izpk6b6c,N. Emeran,FC Groningen,Midfielder,4,1,1.681988982131151,2,1,0,1.8557,0.4639,0.7803,0.9278,0.4639,0.0,0,0,0.0,0,0,0,0.0,0.0,0.0,0.0,0.0,0.0,4,1,1.681988982131151,2,1,0,1.8557,0.4639,0.7803,0.9278,0.4639,0.0,0,0,0.0,0,0,0,0.0,0.0,0.0,0.0,0.0,0.0,4,1,1.681988982131151,2,1,0,1.8557,0.4639,0.7803,0.9278,0.4639,0.0,4,1,1.681988982131151,2,1,0,1.8557,0.4639,0.7803,0.9278,0.4639,0.0,10.8,-0.953,11.1,-0.961,11.5,-0.948,22.1,-0.686,64.7,0.033,46.2,-0.298,42.1,-0.258,23.8,-0.763,41.8,-0.238,63.5,0.13,97.6,2.519,46.2,-0.273,3.8,-1.033,7.0,-0.976,3.8,-1.021,9.1,-0.777,33.7,-0.532,48.6,-0.186,3.8,-1.835,7.0,-1.462,3.8,-1.66,9.1,-1.066,33.7,-0.441,48.6,-0.162,20.0,-0.81,18.0,-0.858,21.2,-0.802,33.9,-0.534,81.5,0.782,47.8,-0.224,49.5,-0.099,28.4,-0.594,49.0,-0.109,64.9,0.273,98.6,2.601,47.8,-0.216,6.2,-0.912,11.3,-0.843,6.2,-0.896,13.9,-0.676,34.9,-0.508,48.8,-0.172,6.2,-1.947,11.3,-1.333,6.2,-1.711,13.9,-0.976,34.9,-0.4,48.8,-0.128,15.9,-0.931,14.9,-0.976,17.3,-0.935,31.2,-0.642,78.6,0.582,47.6,-0.236,73.3,0.513,27.6,-0.469,69.2,0.417,72.1,0.563,98.1,2.683,47.6,-0.219,10.8,-1.093,12.5,-1.104,14.9,-0.999,38.2,-0.543,82.9,0.847,48.8,-0.172,51.0,-0.203,27.4,-0.683,52.4,-0.205,62.0,0.17,96.6,2.12,48.8,-0.172
8lt54ei6pcu25u8uerigmx5yi,A. Engwanda,FC Utrecht,Midfielder,35,16,15.34988487193515,10,2,0,1.7112,0.7823,0.7505,0.4889,0.0978,0.0,16,7,5.680930413383853,6,1,0,1.6514,0.7225,0.5864,0.6193,0.1032,0.0,19,9,9.668954458551298,4,1,0,1.765,0.836,0.8982,0.3716,0.0929,0.0,17,8,6.510988271812597,6,1,0,1.2148,0.5716,0.4652,0.4287,0.0715,0.0,18,8,8.838896600122556,4,1,0,1.2862,0.5716,0.6316,0.2858,0.0715,0.0,11,6,4.429031293075973,2,2,0,2.0436,1.1147,0.8229,0.3716,0.3716,0.0,57.7,-0.054,61.8,0.007,62.0,-0.028,52.9,-0.27,84.9,0.719,46.2,-0.298,38.0,-0.426,47.1,-0.153,39.4,-0.311,35.6,-0.505,77.9,0.141,46.2,-0.273,53.1,-0.192,53.6,-0.182,48.6,-0.329,53.6,-0.218,78.1,0.456,48.6,-0.186,36.1,-0.375,44.7,-0.249,31.2,-0.54,44.7,-0.317,74.0,0.13,48.6,-0.162,65.1,0.11,67.5,0.233,71.6,0.322,52.6,-0.313,81.5,0.782,47.8,-0.224,46.2,-0.2,55.8,0.068,63.9,0.163,30.8,-0.58,80.3,0.207,47.8,-0.216,63.2,0.005,67.3,0.09,59.1,-0.089,64.7,-0.083,80.8,0.604,48.8,-0.172,30.3,-0.351,46.4,-0.029,28.8,-0.425,48.1,-0.272,81.7,0.15,48.8,-0.128,54.3,-0.114,56.7,-0.085,61.1,0.042,43.0,-0.44,78.6,0.582,47.6,-0.236,34.6,-0.486,38.0,-0.211,49.0,-0.11,27.9,-0.673,73.6,0.087,47.6,-0.219,62.5,0.137,73.6,0.534,60.1,0.023,38.2,-0.543,95.9,2.213,48.8,-0.172,57.2,-0.006,70.7,0.416,56.2,-0.117,33.4,-0.604,94.2,1.605,48.8,-0.172
8n9t52eeli3s39r8ujjhjt7je,J. Kitolano,Sparta Rotterdam,Midfielder,42,23,21.73250276287053,5,1,0,2.0563,1.1261,1.064,0.2448,0.049,0.0,23,14,13.04294631842872,1,1,0,2.3773,1.447,1.3481,0.1034,0.1034,0.0,19,9,8.689556444441807,4,0,0,1.7674,0.8372,0.8083,0.3721,0.0,0.0,23,11,10.52368221452507,4,0,0,1.4264,0.6822,0.6526,0.2481,0.0,0.0,19,12,11.20882054834546,1,1,0,1.3596,0.8587,0.8021,0.0716,0.0716,0.0,11,8,6.239146316089435,0,0,0,2.0465,1.4884,1.1608,0.0,0.0,0.0,67.3,0.149,75.0,0.458,70.7,0.402,36.1,-0.53,64.7,0.033,46.2,-0.298,54.8,-0.025,74.3,0.507,73.6,0.449,19.2,-0.858,60.6,-0.176,46.2,-0.273,66.6,0.176,76.7,0.612,76.9,0.568,25.2,-0.684,78.1,0.456,48.6,-0.186,64.4,0.266,81.2,0.967,81.7,0.916,19.7,-0.941,74.5,0.131,48.6,-0.162,65.1,0.11,67.5,0.233,69.2,0.184,52.6,-0.313,35.1,-0.551,47.8,-0.224,46.6,-0.198,56.2,0.071,53.4,-0.045,31.2,-0.58,35.1,-0.393,47.8,-0.216,70.2,0.329,77.4,0.439,74.0,0.409,54.1,-0.281,34.9,-0.508,48.8,-0.172,42.8,-0.073,59.6,0.224,53.8,0.093,36.1,-0.568,34.9,-0.4,48.8,-0.128,57.0,-0.056,71.9,0.424,70.2,0.365,20.0,-0.744,78.6,0.582,47.6,-0.236,41.8,-0.357,71.2,0.478,71.6,0.494,14.9,-1.086,74.0,0.087,47.6,-0.219,62.5,0.137,87.7,1.189,78.8,0.697,8.4,-1.058,36.3,-0.519,48.8,-0.172,58.9,-0.003,88.0,1.048,76.9,0.589,8.4,-1.121,36.3,-0.47,48.8,-0.172
8nnxi9lw3hso096kk81h0azh0,J. Talvitie,NAC Breda,Midfielder,61,23,23.01144182247338,43,0,1,2.5599,0.9652,0.9657,1.8045,0.0,0.042,33,12,11.97394087287746,22,0,0,2.5389,0.9233,0.9212,1.6926,0.0,0.0,28,11,11.03750094959592,21,0,1,2.5851,1.0156,1.019,1.9388,0.0,0.0923,25,8,8.58912722458399,17,0,0,1.7755,0.5682,0.61,1.2073,0.0,0.0,36,15,14.42231459788939,26,0,1,2.0773,0.8655,0.8322,1.5003,0.0,0.0577,12,7,6.072064438058431,7,0,0,2.2158,1.2926,1.1212,1.2926,0.0,0.0,80.5,0.7,75.0,0.458,74.0,0.488,93.3,1.447,25.0,-0.653,96.2,3.344,76.4,0.56,64.4,0.198,65.9,0.211,90.9,1.399,25.0,-0.494,96.6,2.795,81.0,0.702,74.3,0.385,72.6,0.438,91.6,1.273,33.7,-0.532,48.6,-0.186,70.2,0.409,54.3,0.088,57.2,0.1,86.1,0.98,33.7,-0.441,48.6,-0.162,80.5,0.661,76.0,0.505,74.5,0.514,93.8,1.561,35.1,-0.551,97.8,4.439,83.2,0.715,67.8,0.388,74.5,0.441,95.2,1.823,35.1,-0.393,98.6,4.465,74.8,0.437,67.3,0.09,69.7,0.169,89.2,1.004,34.9,-0.508,48.8,-0.172,64.4,0.386,45.2,-0.037,46.6,-0.025,86.5,1.006,34.9,-0.4,48.8,-0.128,84.4,0.937,80.5,0.806,80.3,0.804,95.0,1.789,33.4,-0.57,97.6,4.222,83.7,0.902,72.6,0.494,77.4,0.6,94.7,1.665,33.4,-0.387,98.1,3.767,69.0,0.312,80.8,0.862,75.5,0.635,77.6,0.744,36.3,-0.519,48.8,-0.172,64.9,0.174,77.9,0.717,71.6,0.506,76.9,0.678,36.3,-0.47,48.8,-0.172
8oetnmi8kejwwy37rhlelw2ne,W. Ould-Chikh,Heracles Almelo,Midfielder,88,33,33.23293195923552,42,1,0,3.5576,1.3341,1.3435,1.698,0.0404,0.0,43,18,18.44360399957245,19,0,0,3.6348,1.5215,1.559,1.6061,0.0,0.0,45,15,14.78932795966308,23,1,0,3.4869,1.1623,1.146,1.7822,0.0775,0.0,37,11,13.86508978800568,17,0,0,2.2936,0.6819,0.8595,1.0538,0.0,0.0,51,22,19.36784217122985,25,1,0,2.1555,0.9298,0.8186,1.0566,0.0423,0.0,25,8,8.933910064861545,13,0,0,4.6492,1.4877,1.6614,2.4176,0.0,0.0,91.3,1.484,87.0,1.102,87.0,1.176,92.5,1.395,64.7,0.033,46.2,-0.298,93.3,1.719,81.7,0.906,84.6,1.126,88.9,1.245,57.2,-0.232,46.2,-0.273,87.3,1.227,86.5,1.066,86.5,1.227,86.5,0.993,33.7,-0.532,48.6,-0.186,91.8,1.378,85.1,1.092,87.5,1.318,83.7,0.875,33.7,-0.441,48.6,-0.162,94.5,1.704,85.1,1.051,85.6,1.042,94.5,1.781,81.5,0.782,47.8,-0.224,95.2,1.722,77.4,0.649,80.3,0.734,92.8,1.583,76.4,0.108,47.8,-0.216,88.5,1.084,77.4,0.439,82.7,0.823,89.2,1.004,34.9,-0.508,48.8,-0.172,88.9,1.066,59.1,0.223,79.8,0.665,79.8,0.754,34.9,-0.4,48.8,-0.128,93.8,1.813,91.8,1.696,90.9,1.479,92.8,1.688,78.6,0.582,47.6,-0.236,88.0,1.039,80.3,0.649,76.0,0.552,82.7,0.81,68.5,-0.107,47.6,-0.219,98.8,2.596,87.7,1.189,92.8,1.7,97.6,2.288,36.3,-0.519,48.8,-0.172,98.1,2.723,87.5,1.046,93.3,1.634,97.6,2.243,36.3,-0.47,48.8,-0.172
8p3x0sm735fru6nthc87pjrbo,Neville Ogidi Nwankwo,SC Telstar,Defender,15,4,3.960087235370994,3,0,0,1.1564,0.3084,0.3053,0.2313,0.0,0.0,6,3,2.105371214536942,1,0,0,1.1101,0.5551,0.3895,0.185,0.0,0.0,9,1,1.854716020834053,2,0,0,1.1894,0.1322,0.2451,0.2643,0.0,0.0,7,3,2.631620881743958,0,0,0,1.0793,0.4626,0.4058,0.0,0.0,0.0,8,1,1.328466353627037,3,0,0,1.0573,0.1322,0.1756,0.3965,0.0,0.0,6,2,1.70439452327786,3,0,0,1.1101,0.37,0.3154,0.5551,0.0,0.0,39.4,-0.474,39.4,-0.546,36.5,-0.58,35.8,-0.586,23.0,-0.752,45.6,-0.312,15.3,-0.933,19.7,-0.768,13.9,-0.955,27.7,-0.846,23.0,-0.666,45.6,-0.295,33.2,-0.571,49.6,-0.377,39.4,-0.545,30.3,-0.616,29.9,-0.636,47.1,-0.254,19.0,-0.748,50.4,-0.162,31.4,-0.626,27.0,-0.806,29.9,-0.51,47.1,-0.242,50.0,-0.333,28.8,-0.668,38.0,-0.575,43.4,-0.523,33.9,-0.583,48.9,-0.173,29.2,-0.609,20.4,-0.85,16.8,-0.804,34.3,-0.703,33.9,-0.483,48.9,-0.168,43.8,-0.445,54.4,-0.276,51.1,-0.351,14.6,-0.718,33.6,-0.568,46.7,-0.28,29.9,-0.407,51.8,0.113,51.1,-0.082,14.6,-1.098,33.6,-0.47,46.7,-0.245,40.1,-0.484,21.9,-0.764,21.9,-0.778,47.1,-0.439,30.7,-0.627,48.9,-0.173,21.9,-0.756,15.3,-0.949,5.1,-1.161,43.1,-0.426,30.7,-0.565,48.9,-0.158,25.5,-0.645,38.0,-0.475,24.8,-0.73,54.7,-0.269,32.5,-0.624,48.5,-0.194,16.8,-0.866,25.5,-0.569,16.1,-0.84,45.3,-0.342,32.5,-0.601,48.5,-0.194
8przxwwothu3crflys7ahl4dm,S. Adewoye,Fortuna Sittard,Defender,6,0,1.239715794362254,1,0,0,0.9194,0.0,0.19,0.1532,0.0,0.0,3,0,0.9581039365722381,1,0,0,0.9194,0.0,0.2936,0.3065,0.0,0.0,3,0,0.281611857790016,0,0,0,0.9194,0.0,0.0863,0.0,0.0,0.0,4,0,0.6508062624352932,1,0,0,0.9194,0.0,0.1496,0.2298,0.0,0.0,2,0,0.5889095319269608,0,0,0,0.9194,0.0,0.2707,0.0,0.0,0.0,5,0,1.002217293497831,1,0,0,0.9194,0.0,0.1843,0.1839,0.0,0.0,14.6,-0.8,4.4,-0.92,8.0,-0.854,18.2,-0.697,23.0,-0.752,45.6,-0.312,2.2,-1.245,4.4,-1.483,2.2,-1.275,19.3,-0.96,23.0,-0.666,45.6,-0.295,17.2,-0.765,8.0,-0.878,18.2,-0.753,30.3,-0.616,29.9,-0.636,47.1,-0.254,8.0,-0.95,8.0,-1.325,16.8,-0.881,36.5,-0.646,29.9,-0.51,47.1,-0.242,16.8,-0.794,9.9,-0.855,9.5,-0.906,11.3,-0.758,33.9,-0.583,48.9,-0.173,9.5,-0.896,9.9,-1.099,8.0,-1.158,11.3,-1.059,33.9,-0.483,48.9,-0.168,24.5,-0.657,11.7,-0.827,17.5,-0.743,36.5,-0.604,33.6,-0.568,46.7,-0.28,11.7,-0.665,11.7,-1.302,11.7,-1.077,35.0,-0.651,33.6,-0.47,46.7,-0.245,7.7,-0.911,7.3,-0.94,8.0,-0.924,9.5,-0.746,30.7,-0.627,48.9,-0.173,6.6,-1.027,7.3,-1.292,12.8,-0.843,9.5,-1.219,30.7,-0.565,48.9,-0.158,16.4,-0.853,5.5,-1.295,7.3,-1.09,24.1,-0.757,32.5,-0.624,48.5,-0.194,2.9,-1.089,5.5,-1.315,2.9,-1.17,17.2,-0.822,32.5,-0.601,48.5,-0.194
8r3k1iuul274c0ha0vy90jys,A. Oehlers,FC Volendam,Midfielder,60,23,20.90639911345749,44,0,0,2.3349,0.895,0.8136,1.7123,0.0,0.0,40,18,15.36328523065373,27,0,0,2.4906,1.1208,0.9566,1.6811,0.0,0.0,20,5,5.543113882803762,17,0,0,2.0755,0.5189,0.5752,1.7642,0.0,0.0,24,10,7.711272243757764,19,0,0,1.7242,0.7184,0.554,1.365,0.0,0.0,36,13,13.19512686969972,25,0,0,2.1014,0.7588,0.7702,1.4593,0.0,0.0,9,5,4.74779405405376,4,0,0,1.6811,0.934,0.8869,0.7472,0.0,0.0,79.8,0.671,75.0,0.458,70.2,0.346,94.0,1.499,25.0,-0.653,46.2,-0.298,64.9,0.298,55.8,0.063,47.6,-0.158,89.4,1.265,25.0,-0.494,46.2,-0.273,85.8,1.069,86.5,1.066,83.7,0.851,94.2,1.738,33.7,-0.532,48.6,-0.186,67.8,0.367,65.4,0.419,60.1,0.168,85.6,0.966,33.7,-0.441,48.6,-0.162,68.3,0.171,51.0,-0.313,53.4,-0.258,89.9,1.12,35.1,-0.551,47.8,-0.224,60.1,0.146,34.1,-0.496,29.3,-0.582,92.3,1.555,35.1,-0.393,47.8,-0.216,72.1,0.383,74.8,0.323,65.9,0.06,91.8,1.202,34.9,-0.508,48.8,-0.172,63.0,0.318,65.4,0.306,38.0,-0.18,89.9,1.265,34.9,-0.4,48.8,-0.128,84.4,0.937,75.7,0.551,76.0,0.636,92.8,1.688,33.4,-0.57,47.6,-0.236,86.1,0.944,58.7,0.238,67.8,0.381,93.8,1.586,33.4,-0.387,47.6,-0.219,47.4,-0.215,64.4,0.206,63.5,0.142,60.1,-0.028,36.3,-0.519,48.8,-0.172,43.8,-0.386,62.5,0.111,59.1,0.017,57.2,-0.081,36.3,-0.47,48.8,-0.172
8tqsvu5sw6kn014hdv88zppm1,N. Vesterlund,FC Utrecht,Defender,22,9,8.865258943693474,11,3,0,1.6743,0.6849,0.6747,0.8371,0.2283,0.0,12,8,6.286262635432257,4,2,0,1.3699,0.9132,0.7176,0.4566,0.2283,0.0,10,1,2.578996308261217,7,1,0,2.2831,0.2283,0.5888,1.5982,0.2283,0.0,9,2,2.745887879068105,7,0,0,1.0274,0.2283,0.3135,0.7991,0.0,0.0,13,7,6.119371064625369,4,3,0,1.0793,0.5812,0.508,0.3321,0.2491,0.0,12,6,5.120858040062398,7,1,0,2.1918,1.0959,0.9353,1.2785,0.1826,0.0,56.2,-0.221,61.3,-0.078,62.8,-0.084,63.1,-0.143,89.1,1.156,45.6,-0.312,51.1,-0.25,61.3,0.105,61.3,0.072,55.5,0.034,86.9,0.909,45.6,-0.295,58.4,-0.181,80.3,0.458,72.3,0.213,56.6,-0.315,88.3,1.161,47.1,-0.254,37.2,-0.473,70.1,0.589,63.5,0.247,42.3,-0.448,84.7,0.668,47.1,-0.242,54.7,-0.256,28.8,-0.668,48.2,-0.422,68.2,0.067,78.8,0.645,48.9,-0.173,77.4,0.554,26.3,-0.669,54.0,-0.037,86.9,1.09,87.6,0.99,48.9,-0.168,52.9,-0.304,43.1,-0.46,53.3,-0.329,70.4,0.082,33.6,-0.568,46.7,-0.28,27.7,-0.491,31.4,-0.604,35.0,-0.441,65.0,0.455,33.6,-0.47,46.7,-0.245,59.9,-0.129,71.9,0.293,69.3,0.164,55.8,-0.337,96.0,2.173,48.9,-0.173,23.4,-0.713,62.0,0.217,55.5,-0.049,35.8,-0.555,89.1,1.192,48.9,-0.158,77.7,0.602,88.3,1.163,86.1,1.02,78.5,0.707,78.8,0.712,48.5,-0.194,73.7,0.399,83.9,0.895,81.8,0.724,75.2,0.592,65.7,0.505,48.5,-0.194
8u19xeh9ugvh8f1mh7jnbbhuc,K. Smit,Alkmaar Zaanstreek,Midfielder,64,38,34.35815987360881,7,1,0,2.7099,1.609,1.4548,0.2964,0.0423,0.0,31,17,17.28520048562078,5,0,0,2.2213,1.2182,1.2386,0.3583,0.0,0.0,33,21,17.07295938798804,2,1,0,3.4156,2.1736,1.7671,0.207,0.1035,0.0,30,17,17.95293994039786,2,1,0,1.9961,1.1311,1.1945,0.1331,0.0665,0.0,34,21,16.40521993321095,5,0,0,1.5836,0.9781,0.7641,0.2329,0.0,0.0,12,8,7.7938867474509,0,0,0,2.2357,1.4904,1.452,0.0,0.0,0.0,82.2,0.787,89.4,1.425,89.4,1.252,44.0,-0.426,64.7,0.033,46.2,-0.298,80.3,0.734,92.3,1.433,90.9,1.396,22.1,-0.783,58.7,-0.219,46.2,-0.273,77.4,0.596,84.9,0.952,85.1,1.085,49.5,-0.311,33.7,-0.532,48.6,-0.186,59.6,0.129,72.1,0.583,77.9,0.706,30.8,-0.633,33.7,-0.441,48.6,-0.162,86.1,0.968,93.5,1.869,90.4,1.363,33.9,-0.534,81.5,0.782,47.8,-0.224,93.8,1.643,97.6,2.449,96.6,2.167,22.1,-0.833,82.2,0.275,47.8,-0.216,81.0,0.706,86.8,1.139,89.9,1.33,40.9,-0.479,80.8,0.604,48.8,-0.172,80.8,0.675,90.4,1.248,94.2,1.591,31.2,-0.757,80.8,0.112,48.8,-0.128,81.2,0.82,90.4,1.569,85.1,1.074,48.1,-0.339,33.4,-0.57,47.6,-0.236,60.6,0.036,87.0,0.765,66.3,0.359,24.8,-0.775,33.4,-0.387,47.6,-0.219,69.0,0.312,87.7,1.189,87.5,1.276,8.4,-1.058,36.3,-0.519,48.8,-0.172,66.8,0.195,88.5,1.051,87.0,1.197,8.4,-1.121,36.3,-0.47,48.8,-0.172
8wbhtkawasrqa542ehabd0y6s,K. Wong-A-Soij,FC Volendam,Midfielder,1,0,0.5161090099788632,0,0,0,0.9375,0.0,0.4839,0.0,0.0,0.0,0,0,0.0,0,0,0,0.0,0.0,0.0,0.0,0.0,0.0,1,0,0.5161090099788632,0,0,0,0.9375,0.0,0.4839,0.0,0.0,0.0,0,0,0.0,0,0,0,0.0,0.0,0.0,0.0,0.0,0.0,1,0,0.5161090099788632,0,0,0,0.9375,0.0,0.4839,0.0,0.0,0.0,1,0,0.5161090099788632,0,0,0,0.9375,0.0,0.4839,0.0,0.0,0.0,2.6,-1.04,3.6,-1.025,5.3,-1.026,5.3,-0.79,25.0,-0.653,46.2,-0.298,7.5,-1.325,3.6,-1.653,18.3,-0.956,5.3,-1.212,25.0,-0.494,46.2,-0.273,3.8,-1.033,7.0,-0.976,3.8,-1.021,9.1,-0.777,33.7,-0.532,48.6,-0.186,3.8,-1.835,7.0,-1.462,3.8,-1.66,9.1,-1.066,33.7,-0.441,48.6,-0.162,6.0,-0.994,6.7,-0.994,8.7,-0.966,8.2,-0.754,35.1,-0.551,47.8,-0.224,13.5,-1.124,6.7,-1.42,19.7,-0.793,8.2,-1.15,35.1,-0.393,47.8,-0.216,6.2,-0.912,11.3,-0.843,6.2,-0.896,13.9,-0.676,34.9,-0.508,48.8,-0.172,6.2,-1.947,11.3,-1.333,6.2,-1.711,13.9,-0.976,34.9,-0.4,48.8,-0.128,4.3,-1.107,5.3,-1.103,7.2,-1.094,6.7,-0.845,33.4,-0.57,47.6,-0.236,12.3,-1.098,5.3,-1.582,26.0,-0.632,6.7,-1.224,33.4,-0.387,47.6,-0.219,2.6,-1.62,3.6,-1.432,5.3,-1.433,8.4,-1.058,36.3,-0.519,48.8,-0.172,9.4,-1.165,3.6,-1.467,21.6,-0.824,8.4,-1.121,36.3,-0.47,48.8,-0.172
8y6kxc66t4hurxuz4m4cm388a,L. Oyen,SC Heerenveen,Midfielder,17,8,7.031645105117044,10,0,1,1.4459,0.6804,0.598,0.8505,0.0,0.0851,9,4,3.707825340683245,6,0,1,1.684,0.7484,0.6938,1.1227,0.0,0.1871,8,4,3.323819764433799,4,0,0,1.2474,0.6237,0.5183,0.6237,0.0,0.0,6,3,2.63178021526865,3,0,0,1.4033,0.7017,0.6155,0.7017,0.0,0.0,11,5,4.399864889848395,7,0,1,1.1435,0.5198,0.4574,0.7277,0.0,0.104,10,5,3.755892407148059,7,0,0,1.8711,0.9356,0.7028,1.3098,0.0,0.0,37.0,-0.576,41.1,-0.509,36.5,-0.587,52.9,-0.27,25.0,-0.653,96.2,3.344,26.0,-0.735,37.5,-0.348,26.9,-0.68,59.1,0.018,25.0,-0.494,100.0,5.944,38.5,-0.56,41.3,-0.523,38.9,-0.569,53.6,-0.218,33.7,-0.532,98.6,5.346,39.4,-0.346,47.1,-0.206,41.8,-0.335,70.7,0.291,33.7,-0.441,100.0,8.762,37.3,-0.565,44.0,-0.449,38.0,-0.571,52.6,-0.313,35.1,-0.551,47.8,-0.224,21.6,-0.778,41.6,-0.309,23.1,-0.714,54.8,-0.194,35.1,-0.393,47.8,-0.216,38.0,-0.589,45.4,-0.493,41.3,-0.569,48.6,-0.38,34.9,-0.508,48.8,-0.172,41.8,-0.104,63.9,0.268,47.6,-0.009,64.4,0.176,34.9,-0.4,48.8,-0.128,38.7,-0.523,42.8,-0.467,38.9,-0.564,59.1,-0.136,33.4,-0.57,97.6,4.222,23.1,-0.736,35.6,-0.335,21.2,-0.726,62.0,0.177,33.4,-0.387,100.0,6.965,55.5,-0.039,64.4,0.206,49.0,-0.227,77.6,0.744,36.3,-0.519,48.8,-0.172,52.9,-0.187,63.9,0.114,43.3,-0.367,77.9,0.701,36.3,-0.47,48.8,-0.172
8ymqihdfqc7esda7y407lebx1,D. de Wit,FC Utrecht,Midfielder,25,9,10.81985465182615,5,8,0,1.352,0.4867,0.5851,0.2704,0.4326,0.0,14,6,6.478547265373071,2,5,0,1.4301,0.6129,0.6618,0.2043,0.5107,0.0,11,3,4.341307386453082,3,3,0,1.2641,0.3448,0.4989,0.3448,0.3448,0.0,9,5,4.164793432505179,3,2,0,1.182,0.6567,0.547,0.394,0.2627,0.0,16,4,6.655061219320974,2,6,0,1.1315,0.2829,0.4706,0.1414,0.4243,0.0,8,4,4.098786864243076,2,2,0,1.4709,0.7355,0.7536,0.3677,0.3677,0.0,47.1,-0.344,44.0,-0.445,49.0,-0.332,36.1,-0.53,99.5,4.837,46.2,-0.298,21.6,-0.844,26.0,-0.72,26.0,-0.711,21.2,-0.821,97.1,2.315,46.2,-0.273,49.3,-0.297,49.3,-0.296,51.4,-0.232,35.8,-0.591,99.3,4.412,48.6,-0.186,30.3,-0.571,38.0,-0.433,38.0,-0.396,24.0,-0.819,97.6,2.387,48.6,-0.162,44.0,-0.381,36.3,-0.585,42.8,-0.428,43.8,-0.423,98.3,3.449,47.8,-0.224,22.1,-0.76,19.2,-0.806,22.6,-0.758,29.3,-0.621,97.1,1.832,47.8,-0.216,45.4,-0.427,52.6,-0.26,49.5,-0.379,48.6,-0.38,94.5,1.715,48.8,-0.172,28.4,-0.394,55.8,0.165,36.5,-0.199,45.7,-0.329,94.7,1.621,48.8,-0.128,50.2,-0.231,36.3,-0.594,49.5,-0.256,31.2,-0.642,100.0,6.341,47.6,-0.236,22.6,-0.757,14.9,-0.903,24.0,-0.679,17.3,-0.951,97.6,2.421,47.6,-0.219,39.4,-0.39,51.4,-0.121,56.7,-0.099,38.2,-0.543,95.9,2.213,48.8,-0.172,32.7,-0.606,41.8,-0.224,50.5,-0.261,29.8,-0.609,92.3,1.583,48.8,-0.172
8z4wdv767cv7ddqgrkz5txsrt,B. Kemper,NAC Breda,Defender,130,38,40.01299031420991,87,8,0,3.871,1.1315,1.1915,2.5906,0.2382,0.0,69,16,20.50183612198779,49,4,0,4.2462,0.9846,1.2617,3.0154,0.2462,0.0,61,22,19.51115419222212,38,4,0,3.5192,1.2692,1.1256,2.1923,0.2308,0.0,62,16,18.5928600112499,42,2,0,2.044,0.5275,0.613,1.3846,0.0659,0.0,68,22,21.42013030296001,45,6,0,2.4142,0.7811,0.7605,1.5976,0.213,0.0,25,8,7.929583708265132,18,1,0,4.6154,1.4769,1.4639,3.3231,0.1846,0.0,99.3,3.685,97.4,2.632,98.5,3.065,99.3,4.07,100.0,4.335,45.6,-0.312,97.8,2.646,88.3,1.14,94.2,1.509,97.8,2.582,89.8,0.978,45.6,-0.295,99.3,3.519,90.9,1.795,97.8,2.793,99.3,4.193,97.8,2.959,47.1,-0.254,99.3,2.576,79.6,0.739,92.7,1.695,100.0,2.92,89.8,0.761,47.1,-0.242,100.0,3.669,99.3,3.248,99.3,3.143,99.3,3.724,99.6,4.33,48.9,-0.173,95.6,1.868,94.9,1.293,92.0,1.16,94.9,1.889,89.1,1.006,48.9,-0.168,98.5,3.441,94.9,2.11,97.1,2.803,99.3,4.079,93.1,1.654,46.7,-0.28,87.6,1.155,63.5,0.311,77.4,0.722,92.0,1.592,73.0,0.047,46.7,-0.245,99.3,3.782,98.5,2.936,98.5,3.175,98.9,3.856,100.0,4.972,48.9,-0.173,96.4,1.909,83.9,0.736,88.3,0.796,96.4,1.977,86.1,0.938,48.9,-0.158,99.3,3.305,96.4,1.982,97.1,2.459,99.3,3.389,78.8,0.712,48.5,-0.194,99.3,3.233,94.9,1.663,95.6,2.057,99.3,3.232,70.1,0.518,48.5,-0.194
90mmprle9n2xf8mo04rtg4u8k,T. Hamamioglu,Heracles Almelo,Forward,1,1,0.3250103280665022,0,1,0,0.9524,0.9524,0.3095,0.0,0.9524,0.0,0,0,0.0,0,0,0,0.0,0.0,0.0,0.0,0.0,0.0,1,1,0.3250103280665022,0,1,0,0.9524,0.9524,0.3095,0.0,0.9524,0.0,0,0,0.0,0,0,0,0.0,0.0,0.0,0.0,0.0,0.0,1,1,0.3250103280665022,0,1,0,0.9524,0.9524,0.3095,0.0,0.9524,0.0,1,1,0.3250103280665022,0,1,0,0.9524,0.9524,0.3095,0.0,0.9524,0.0,6.3,-0.725,19.6,-0.597,5.1,-0.715,13.9,-0.568,43.0,-0.42,50.0,-0.113,22.8,-0.832,84.8,0.708,11.4,-1.005,13.9,-0.862,97.5,2.549,50.0,-0.113,5.1,-0.71,13.3,-0.612,5.1,-0.688,19.0,-0.545,24.1,-0.719,50.6,0.0,5.1,-1.618,13.3,-1.087,5.1,-1.383,19.0,-0.853,24.1,-0.696,50.6,0.0,13.9,-0.72,34.2,-0.533,13.9,-0.721,25.3,-0.542,61.4,-0.11,50.0,-0.113,34.2,-0.53,87.3,0.855,22.8,-0.748,25.3,-0.68,94.9,2.15,50.0,-0.113,10.8,-0.641,17.1,-0.59,10.8,-0.673,25.3,-0.464,30.4,-0.604,50.6,0.0,10.8,-1.614,17.1,-1.018,10.8,-1.391,25.3,-0.764,30.4,-0.478,50.6,0.0,10.8,-0.774,29.1,-0.578,10.1,-0.724,18.4,-0.628,54.4,-0.254,50.0,-0.113,39.2,-0.544,94.9,1.374,19.0,-0.761,18.4,-0.805,97.5,2.244,50.0,-0.113,6.3,-1.026,29.1,-0.637,5.1,-1.114,20.9,-0.547,62.7,-0.034,50.6,0.0,29.1,-0.578,84.8,0.676,13.9,-0.813,20.9,-0.595,97.5,2.41,50.6,0.0
913pg8qqcjp99h5fjybbenob9,P. Sandler,Nijmegen Eendracht Combinatie,Defender,17,9,8.123938212289325,0,2,0,1.7439,0.9233,0.8334,0.0,0.2052,0.0,4,2,1.155093157215367,0,1,0,0.9233,0.4616,0.2666,0.0,0.2308,0.0,13,7,6.968845055073958,0,1,0,2.4005,1.2926,1.2868,0.0,0.1847,0.0,8,4,3.347902283809828,0,0,0,1.4772,0.7386,0.6182,0.0,0.0,0.0,9,5,4.776035928479496,0,2,0,1.3849,0.7694,0.7349,0.0,0.3078,0.0,5,4,1.683404944002076,0,1,0,0.9233,0.7386,0.3108,0.0,0.1847,0.0,45.6,-0.402,61.3,-0.078,59.9,-0.159,6.2,-0.753,77.4,0.52,45.6,-0.312,53.3,-0.158,75.9,0.658,76.6,0.513,6.2,-1.182,84.7,0.75,45.6,-0.295,24.1,-0.7,36.9,-0.544,21.9,-0.718,11.7,-0.716,71.2,0.262,47.1,-0.254,9.5,-0.946,40.1,-0.358,13.1,-0.953,11.7,-1.05,85.4,0.681,47.1,-0.242,63.5,-0.025,77.7,0.451,76.6,0.502,11.3,-0.758,78.8,0.645,48.9,-0.173,82.5,0.679,96.4,1.337,95.6,1.52,11.3,-1.059,86.9,0.709,48.9,-0.168,49.3,-0.374,62.0,-0.092,59.9,-0.21,14.6,-0.718,33.6,-0.568,46.7,-0.28,63.5,0.237,81.0,0.956,78.1,0.742,14.6,-1.098,33.6,-0.47,46.7,-0.245,44.2,-0.413,62.0,-0.059,59.9,-0.1,9.5,-0.746,88.7,1.24,48.9,-0.173,50.4,-0.112,82.5,0.705,82.5,0.71,9.5,-1.219,92.0,1.606,48.9,-0.158,16.4,-0.853,68.2,0.344,24.1,-0.741,7.7,-1.0,78.8,0.712,48.5,-0.194,3.6,-1.084,62.0,0.174,15.3,-0.851,7.7,-1.059,70.8,0.518,48.5,-0.194
9229789015kq0j5c85ug3ajv8,A. Lechkar,SC Telstar,Midfielder,16,0,3.826203345260348,13,1,0,1.641,0.0,0.3924,1.3333,0.1026,0.0,10,0,2.476470882985192,8,1,0,1.8462,0.0,0.4572,1.4769,0.1846,0.0,6,0,1.349732462275156,5,0,0,1.3846,0.0,0.3115,1.1538,0.0,0.0,1,0,0.3269272720657507,1,0,0,0.9231,0.0,0.3018,0.9231,0.0,0.0,15,0,3.499276073194598,12,1,0,1.7308,0.0,0.4038,1.3846,0.1154,0.0,10,0,2.418145988483364,9,0,0,1.8462,0.0,0.4464,1.6615,0.0,0.0,35.3,-0.605,3.6,-1.025,25.0,-0.803,60.1,-0.114,64.7,0.033,46.2,-0.298,33.2,-0.508,3.6,-1.653,9.1,-1.178,78.4,0.717,79.3,0.172,46.2,-0.273,41.6,-0.507,7.0,-0.976,30.3,-0.719,64.4,-0.032,78.1,0.456,48.6,-0.186,44.0,-0.203,7.0,-1.462,25.0,-0.787,79.3,0.719,85.6,0.581,48.6,-0.162,29.6,-0.687,6.7,-0.994,16.8,-0.848,58.2,-0.203,35.1,-0.551,47.8,-0.224,26.4,-0.625,6.7,-1.42,9.1,-1.191,77.4,0.619,35.1,-0.393,47.8,-0.216,15.1,-0.858,11.3,-0.843,15.4,-0.855,31.7,-0.578,34.9,-0.508,48.8,-0.172,15.1,-0.734,11.3,-1.333,19.7,-0.877,73.1,0.54,34.9,-0.4,48.8,-0.128,48.3,-0.289,5.3,-1.103,31.7,-0.687,76.0,0.371,78.6,0.582,47.6,-0.236,66.3,0.294,5.3,-1.582,16.3,-0.916,91.8,1.442,84.1,0.377,47.6,-0.219,55.5,-0.039,3.6,-1.432,24.0,-0.725,88.0,1.259,36.3,-0.519,48.8,-0.172,49.0,-0.213,3.6,-1.467,17.3,-0.903,85.1,1.191,36.3,-0.47,48.8,-0.172
94b7i139jyk6hs6ioqlztg1jp,F. Stokkers,Go Ahead Eagles,Forward,8,2,3.058146132359929,1,3,0,1.2466,0.3116,0.4765,0.1558,0.4675,0.0,4,1,1.416434757307999,1,2,0,1.8699,0.4675,0.6621,0.4675,0.9349,0.0,4,1,1.64171137505193,0,1,0,0.9349,0.2337,0.3837,0.0,0.2337,0.0,0,0,0.0,0,0,0,0.0,0.0,0.0,0.0,0.0,0.0,8,2,3.058146132359929,1,3,0,1.2466,0.3116,0.4765,0.1558,0.4675,0.0,6,1,2.007417545306613,0,3,0,1.1219,0.187,0.3754,0.0,0.561,0.0,39.9,-0.459,31.6,-0.518,34.2,-0.493,38.0,-0.467,72.8,0.189,50.0,-0.113,40.5,-0.392,25.3,-0.646,31.6,-0.554,44.9,-0.507,83.5,0.833,50.0,-0.113,43.0,-0.443,34.8,-0.485,39.2,-0.49,50.0,-0.355,80.4,0.529,50.6,0.0,79.7,0.482,46.8,-0.257,63.3,0.014,68.4,0.232,96.2,2.45,50.6,0.0,38.6,-0.464,34.2,-0.533,39.2,-0.477,25.3,-0.542,61.4,-0.11,50.0,-0.113,27.8,-0.552,30.4,-0.606,27.8,-0.563,25.3,-0.68,72.2,-0.005,50.0,-0.113,10.8,-0.641,17.1,-0.59,10.8,-0.673,25.3,-0.464,30.4,-0.604,50.6,0.0,10.8,-1.614,17.1,-1.018,10.8,-1.391,25.3,-0.764,30.4,-0.478,50.6,0.0,55.1,-0.255,40.5,-0.431,45.6,-0.321,45.6,-0.42,84.2,0.534,50.0,-0.113,64.6,0.064,34.2,-0.426,43.0,-0.172,46.2,-0.391,82.3,0.742,50.0,-0.113,44.9,-0.197,29.1,-0.637,31.6,-0.45,20.9,-0.547,90.5,1.321,50.6,0.0,39.2,-0.408,27.8,-0.736,21.5,-0.665,20.9,-0.595,91.1,1.113,50.6,0.0
969cpy2geokwer9gjapk7zj3e,R. Hillen,NAC Breda,Defender,11,6,4.59735639268984,5,1,0,1.0167,0.5546,0.4249,0.4622,0.0924,0.0,7,3,2.412348407454454,3,1,0,0.9243,0.3961,0.3185,0.3961,0.132,0.0,4,3,2.185007985235386,2,0,0,1.2324,0.9243,0.6732,0.6162,0.0,0.0,8,3,2.78315243624686,4,0,0,0.9243,0.3466,0.3216,0.4622,0.0,0.0,3,3,1.814203956442981,1,1,0,1.3865,1.3865,0.8384,0.4622,0.4622,0.0,6,5,3.148853947099602,3,0,0,1.1092,0.9243,0.5821,0.5546,0.0,0.0,30.7,-0.619,50.0,-0.359,40.1,-0.515,47.4,-0.475,57.7,-0.116,45.6,-0.312,7.3,-1.117,48.2,-0.197,32.8,-0.622,40.1,-0.511,64.2,-0.028,45.6,-0.295,37.6,-0.506,49.6,-0.377,42.3,-0.489,50.0,-0.415,71.2,0.262,47.1,-0.254,10.2,-0.945,34.3,-0.495,19.7,-0.815,39.4,-0.528,73.0,0.171,47.1,-0.242,23.7,-0.717,53.6,-0.295,44.5,-0.505,43.4,-0.523,33.9,-0.583,48.9,-0.173,30.7,-0.563,75.2,0.643,65.7,0.151,48.9,-0.23,33.9,-0.483,48.9,-0.168,49.3,-0.374,54.4,-0.276,54.0,-0.322,58.4,-0.261,33.6,-0.568,46.7,-0.28,14.6,-0.657,42.3,-0.242,35.8,-0.409,48.9,-0.2,33.6,-0.47,46.7,-0.245,15.7,-0.84,48.9,-0.412,30.7,-0.683,25.5,-0.643,72.3,0.306,48.9,-0.173,51.1,-0.109,97.8,2.307,92.7,1.056,48.9,-0.295,97.8,2.695,48.9,-0.158,25.5,-0.645,78.8,0.753,59.9,0.01,54.7,-0.269,32.5,-0.624,48.5,-0.194,16.1,-0.867,71.5,0.549,56.2,-0.167,44.5,-0.343,32.5,-0.601,48.5,-0.194
96om2im2vd1621ajcexlyekno,T. van Gilst,Heracles Almelo,Midfielder,18,8,7.809720927864861,10,1,0,1.6767,0.7452,0.7275,0.9315,0.0931,0.0,12,5,4.945894230359424,7,1,0,1.863,0.7762,0.7678,1.0867,0.1552,0.0,6,3,2.863826697505437,3,0,0,1.3972,0.6986,0.6669,0.6986,0.0,0.0,7,3,3.821812024445853,2,0,0,1.6301,0.6986,0.89,0.4657,0.0,0.0,11,5,3.987908903419008,8,1,0,1.4638,0.6653,0.5307,1.0645,0.1331,0.0,11,5,4.701697903198954,8,0,0,2.0493,0.9315,0.8759,1.4904,0.0,0.0,38.0,-0.547,41.1,-0.509,38.9,-0.535,52.9,-0.27,64.7,0.033,46.2,-0.298,34.6,-0.466,41.1,-0.224,37.5,-0.366,63.9,0.136,75.5,0.111,46.2,-0.273,45.2,-0.402,46.2,-0.409,45.7,-0.418,58.7,-0.125,78.1,0.456,48.6,-0.186,49.5,-0.188,48.6,-0.159,46.2,-0.193,69.7,0.247,82.7,0.418,48.6,-0.162,29.6,-0.687,36.3,-0.585,34.6,-0.635,43.8,-0.423,35.1,-0.551,47.8,-0.224,27.4,-0.611,45.0,-0.176,36.1,-0.371,57.7,-0.079,35.1,-0.393,47.8,-0.216,41.1,-0.535,45.4,-0.493,47.1,-0.422,40.9,-0.479,34.9,-0.508,48.8,-0.172,58.2,0.195,62.0,0.261,81.7,0.75,51.4,-0.211,34.9,-0.4,48.8,-0.128,38.7,-0.523,42.8,-0.467,36.5,-0.62,65.1,-0.035,78.6,0.582,47.6,-0.236,50.5,-0.174,51.9,0.014,33.2,-0.467,83.2,0.826,87.5,0.494,47.6,-0.219,62.5,0.137,64.4,0.206,62.5,0.125,82.5,1.001,36.3,-0.519,48.8,-0.172,60.6,0.0,60.6,0.107,58.2,-0.006,82.2,0.953,36.3,-0.47,48.8,-0.172
987w8p2dsxd9tm1phv18g6pec,A. Sliti,Feyenoord Rotterdam,Midfielder,43,12,14.32792250712443,30,0,0,3.0146,0.8413,1.0045,2.1032,0.0,0.0,21,8,7.903707335448952,14,0,0,3.1899,1.2152,1.2006,2.1266,0.0,0.0,22,4,6.424215171675475,16,0,0,2.8644,0.5208,0.8364,2.0832,0.0,0.0,8,1,2.626042111037882,6,0,0,2.4304,0.3038,0.7978,1.8228,0.0,0.0,35,11,11.70188039608655,24,0,0,2.6582,0.8354,0.8888,1.8228,0.0,0.0,18,7,7.097950476569447,11,0,0,3.281,1.2759,1.2938,2.0051,0.0,0.0,68.5,0.178,50.5,-0.251,56.7,-0.096,83.7,0.771,25.0,-0.653,46.2,-0.298,88.9,1.088,52.4,-0.04,69.2,0.305,96.2,1.831,25.0,-0.494,46.2,-0.273,62.7,0.071,58.2,-0.069,58.7,-0.058,80.5,0.527,33.7,-0.532,48.6,-0.186,84.1,0.985,71.6,0.578,76.4,0.634,91.3,1.504,33.7,-0.441,48.6,-0.162,71.4,0.294,44.0,-0.449,57.2,-0.135,87.5,1.01,35.1,-0.551,47.8,-0.224,88.0,1.027,34.6,-0.493,55.3,0.02,96.2,2.045,35.1,-0.393,47.8,-0.216,43.3,-0.481,28.4,-0.726,40.9,-0.57,64.7,-0.083,34.9,-0.508,48.8,-0.172,91.3,1.246,28.8,-0.64,72.6,0.495,95.2,2.017,34.9,-0.4,48.8,-0.128,82.9,0.879,67.8,0.297,71.2,0.432,91.1,1.587,33.4,-0.57,47.6,-0.236,96.2,1.92,66.8,0.422,83.2,0.801,97.1,2.286,33.4,-0.387,47.6,-0.219,89.4,1.366,80.8,0.862,85.6,1.017,93.5,1.773,36.3,-0.519,48.8,-0.172,87.5,1.29,75.5,0.689,82.7,0.867,92.3,1.669,36.3,-0.47,48.8,-0.172
98qi4clazqen9kimkxt3jb6j9,M. Peersman,FC Groningen,Defender,82,33,32.00702474234127,29,1,0,2.461,0.9904,0.9606,0.8703,0.03,0.0,46,17,17.86030399910566,18,0,0,2.8531,1.0544,1.1078,1.1164,0.0,0.0,36,16,14.1467207432356,11,1,0,2.0933,0.9304,0.8226,0.6396,0.0581,0.0,48,14,15.90805407145018,22,1,0,1.7176,0.501,0.5692,0.7872,0.0358,0.0,34,19,16.09897067089108,7,0,0,1.318,0.7365,0.6241,0.2714,0.0,0.0,10,4,4.311198969344177,2,1,0,1.8607,0.7443,0.8022,0.3721,0.1861,0.0,94.2,1.949,94.5,2.165,94.9,2.256,84.7,0.855,57.7,-0.116,45.6,-0.312,80.3,0.787,83.2,0.813,86.1,0.867,57.7,0.082,46.0,-0.459,45.6,-0.295,94.9,2.026,92.7,1.962,94.9,2.314,85.8,1.087,29.9,-0.636,47.1,-0.254,86.1,1.1,81.8,0.885,86.1,1.285,67.2,0.42,29.9,-0.51,47.1,-0.242,92.3,1.745,94.9,2.129,93.4,2.014,79.2,0.539,78.8,0.645,48.9,-0.173,70.8,0.352,79.6,0.654,75.9,0.484,52.6,-0.199,67.9,-0.108,48.9,-0.168,96.0,2.452,90.5,1.743,94.9,2.273,94.2,1.795,78.1,0.543,46.7,-0.28,75.9,0.627,62.0,0.23,73.0,0.552,64.2,0.432,67.9,-0.189,46.7,-0.245,91.2,1.364,96.4,2.408,95.6,2.128,66.4,-0.03,30.7,-0.627,48.9,-0.173,44.5,-0.244,78.8,0.62,70.1,0.339,29.9,-0.676,30.7,-0.565,48.9,-0.158,69.0,0.187,68.2,0.344,78.1,0.606,41.2,-0.513,78.8,0.712,48.5,-0.194,65.3,0.012,65.7,0.186,74.5,0.388,35.8,-0.579,78.8,0.527,48.5,-0.194
9ano8w4jrlk6zq92rxchzaru2,Miguel Rodríguez,FC Utrecht,Midfielder,51,20,19.79457770952085,30,2,0,2.7859,1.0925,1.0813,1.6388,0.1093,0.0,33,12,11.41451299682584,21,2,0,3.405,1.2382,1.1778,2.1668,0.2064,0.0,18,8,8.380064712695019,9,0,0,2.0894,0.9286,0.9728,1.0447,0.0,0.0,29,13,11.16952314309939,18,1,0,2.0716,0.9286,0.7979,1.2858,0.0714,0.0,22,7,8.625054566421463,12,1,0,2.043,0.65,0.801,1.1144,0.0929,0.0,19,3,6.069633908152799,12,2,0,3.5288,0.5572,1.1273,2.2287,0.3715,0.0,73.6,0.41,69.0,0.264,68.3,0.272,83.7,0.771,84.9,0.719,46.2,-0.298,82.7,0.823,72.1,0.442,75.0,0.491,86.5,1.159,80.3,0.216,46.2,-0.273,81.0,0.702,74.3,0.385,71.2,0.37,89.7,1.179,92.1,1.445,48.6,-0.186,88.9,1.175,72.6,0.616,74.0,0.59,91.8,1.553,89.7,0.702,48.6,-0.162,62.3,0.048,63.9,0.096,67.3,0.141,74.5,0.238,35.1,-0.551,47.8,-0.224,61.5,0.162,61.3,0.233,71.2,0.335,74.0,0.452,35.1,-0.393,47.8,-0.216,79.8,0.652,80.5,0.673,76.0,0.489,90.6,1.103,80.8,0.604,48.8,-0.172,83.2,0.775,77.4,0.786,73.1,0.495,88.5,1.135,81.2,0.149,48.8,-0.128,64.2,0.12,51.7,-0.212,59.6,0.013,76.0,0.371,78.6,0.582,47.6,-0.236,82.7,0.841,50.0,-0.023,71.2,0.49,84.6,0.922,79.3,0.228,47.6,-0.219,92.5,1.542,38.0,-0.449,75.0,0.634,95.7,2.031,95.9,2.213,48.8,-0.172,91.3,1.549,34.6,-0.526,73.1,0.519,95.7,1.98,93.5,1.604,48.8,-0.172
9bbu1yne0l9j862yodiuldw4p,Houboulang Mendes,Fortuna Sittard,Defender,3,1,0.4686530278022978,2,1,0,1.3823,0.4608,0.2159,0.9215,0.4608,0.0,0,0,0.0,0,0,0,0.0,0.0,0.0,0.0,0.0,0.0,3,1,0.4686530278022978,2,1,0,1.3823,0.4608,0.2159,0.9215,0.4608,0.0,0,0,0.0,0,0,0,0.0,0.0,0.0,0.0,0.0,0.0,3,1,0.4686530278022978,2,1,0,1.3823,0.4608,0.2159,0.9215,0.4608,0.0,3,1,0.4686530278022978,2,1,0,1.3823,0.4608,0.2159,0.9215,0.4608,0.0,7.3,-0.908,13.1,-0.826,2.2,-0.932,28.1,-0.642,57.7,-0.116,45.6,-0.312,32.1,-0.635,38.0,-0.414,3.6,-1.203,58.4,0.157,97.8,2.513,45.6,-0.295,2.9,-0.96,8.0,-0.878,2.9,-0.927,11.7,-0.716,29.9,-0.636,47.1,-0.254,2.9,-1.925,8.0,-1.325,2.9,-1.662,11.7,-1.05,29.9,-0.51,47.1,-0.242,16.8,-0.794,28.8,-0.668,13.1,-0.866,43.4,-0.523,78.8,0.645,48.9,-0.173,37.2,-0.404,43.8,-0.231,14.6,-0.869,58.4,0.18,97.1,2.49,48.9,-0.168,4.7,-0.94,11.7,-0.827,4.7,-0.872,14.6,-0.718,33.6,-0.568,46.7,-0.28,4.7,-2.153,11.7,-1.302,4.7,-1.658,14.6,-1.098,33.6,-0.47,46.7,-0.245,15.7,-0.84,21.9,-0.764,6.6,-0.947,36.9,-0.541,72.3,0.306,48.9,-0.173,48.5,-0.118,48.9,-0.096,8.0,-1.026,69.3,0.624,96.7,2.686,48.9,-0.158,7.3,-1.269,19.3,-0.885,2.2,-1.363,41.2,-0.513,78.8,0.712,48.5,-0.194,36.5,-0.548,40.1,-0.386,4.4,-1.091,61.3,0.131,95.6,2.191,48.5,-0.194
9bgq1tfyfzc3wg9pfr8q510k4,D. Kwakman,FC Volendam,Midfielder,16,6,6.614134815677138,2,0,0,1.6516,0.6194,0.6827,0.2065,0.0,0.0,8,4,3.954846132598214,1,0,0,1.8581,0.929,0.9185,0.2323,0.0,0.0,8,2,2.659288683078925,1,0,0,1.4865,0.3716,0.4941,0.1858,0.0,0.0,6,1,2.669250970391274,0,0,0,1.3935,0.2323,0.62,0.0,0.0,0.0,10,5,3.944883845285864,2,0,0,1.1613,0.5806,0.4581,0.2323,0.0,0.0,7,1,2.539895074776602,1,0,0,1.3006,0.1858,0.4719,0.1858,0.0,0.0,35.3,-0.605,35.6,-0.638,36.1,-0.616,22.1,-0.686,25.0,-0.653,46.2,-0.298,34.1,-0.496,32.2,-0.465,36.1,-0.475,17.8,-0.913,25.0,-0.494,46.2,-0.273,35.3,-0.612,41.3,-0.523,41.8,-0.539,25.2,-0.684,33.7,-0.532,48.6,-0.186,47.1,-0.193,56.2,0.097,56.7,0.095,25.2,-0.785,33.7,-0.441,48.6,-0.162,37.3,-0.565,27.6,-0.722,32.7,-0.664,22.6,-0.644,35.1,-0.551,47.8,-0.224,32.2,-0.511,21.2,-0.758,21.2,-0.769,21.2,-0.865,35.1,-0.393,47.8,-0.216,38.0,-0.589,28.4,-0.726,41.8,-0.565,13.9,-0.676,34.9,-0.508,48.8,-0.172,39.9,-0.116,25.5,-0.803,48.1,0.003,13.9,-0.976,34.9,-0.4,48.8,-0.128,36.1,-0.581,42.8,-0.467,35.1,-0.626,31.2,-0.642,33.4,-0.57,47.6,-0.236,25.0,-0.705,38.5,-0.189,21.6,-0.724,24.0,-0.776,33.4,-0.387,47.6,-0.219,31.2,-0.566,12.5,-1.104,26.9,-0.68,23.8,-0.801,36.3,-0.519,48.8,-0.172,24.5,-0.785,8.7,-1.153,19.7,-0.849,21.6,-0.862,36.3,-0.47,48.8,-0.172
9d4ald4f0m2imaastzen4j8mi,O. Targhalline,Feyenoord Rotterdam,Midfielder,41,25,22.00088075495357,1,3,0,2.2285,1.3589,1.1958,0.0544,0.1631,0.0,24,15,13.52177483589011,0,1,0,2.7721,1.7325,1.5618,0.0,0.1155,0.0,17,10,8.479105919063457,1,2,0,1.7454,1.0267,0.8705,0.1027,0.2053,0.0,21,15,12.02467198539633,1,2,0,1.386,0.99,0.7936,0.066,0.132,0.0,20,10,9.97620876955724,0,1,0,1.54,0.77,0.7682,0.0,0.077,0.0,12,8,6.011487211278702,0,0,0,2.2177,1.4784,1.111,0.0,0.0,0.0,65.6,0.12,77.6,0.587,72.1,0.42,14.7,-0.738,92.8,1.406,46.2,-0.298,61.5,0.175,82.7,0.953,80.3,0.768,10.6,-1.133,88.0,0.565,46.2,-0.273,68.5,0.229,80.5,0.725,78.4,0.627,9.1,-0.777,78.1,0.456,48.6,-0.186,74.8,0.615,91.3,1.446,88.0,1.324,9.1,-1.066,76.9,0.198,48.6,-0.162,60.3,-0.013,72.4,0.369,67.8,0.154,22.6,-0.644,95.2,2.115,47.8,-0.224,45.7,-0.222,68.3,0.408,62.0,0.099,16.8,-0.993,90.9,0.932,47.8,-0.216,67.5,0.221,83.2,0.906,77.4,0.595,31.7,-0.578,94.5,1.715,48.8,-0.172,39.4,-0.126,84.6,0.926,71.2,0.483,28.4,-0.867,88.0,0.615,48.8,-0.128,59.9,0.003,63.7,0.169,67.3,0.197,6.7,-0.845,78.6,0.582,47.6,-0.236,56.7,-0.041,59.6,0.265,67.3,0.374,6.7,-1.224,75.0,0.123,47.6,-0.219,69.0,0.312,87.7,1.189,73.1,0.612,8.4,-1.058,36.3,-0.519,48.8,-0.172,65.4,0.176,84.9,1.031,69.7,0.485,8.4,-1.121,36.3,-0.47,48.8,-0.172
9d4lofwg9ooaoldw2vpt4h36y,E. Linthorst,Go Ahead Eagles,Midfielder,38,14,15.27116068029048,8,0,0,1.9749,0.7276,0.7937,0.4158,0.0,0.0,22,8,8.708592662489833,7,0,0,2.2867,0.8315,0.9052,0.7276,0.0,0.0,16,6,6.562568017800645,1,0,0,1.6631,0.6237,0.6821,0.1039,0.0,0.0,14,6,6.507743946730394,1,0,0,1.6371,0.7016,0.761,0.1169,0.0,0.0,24,8,8.763416733560083,7,0,0,1.6037,0.5346,0.5856,0.4677,0.0,0.0,8,2,3.472130409000409,2,0,0,1.4968,0.3742,0.6496,0.3742,0.0,0.0,60.3,0.033,57.2,-0.122,61.1,-0.033,47.6,-0.374,25.0,-0.653,46.2,-0.298,51.4,-0.12,39.9,-0.258,43.3,-0.206,29.3,-0.611,25.0,-0.494,46.2,-0.273,64.9,0.124,58.2,-0.069,63.5,0.04,58.7,-0.125,33.7,-0.532,48.6,-0.186,61.1,0.186,50.5,-0.066,54.3,0.069,51.0,-0.187,33.7,-0.441,48.6,-0.162,57.9,-0.074,56.7,-0.176,58.7,-0.115,22.6,-0.644,35.1,-0.551,47.8,-0.224,41.8,-0.314,41.6,-0.309,38.0,-0.336,17.3,-0.991,35.1,-0.393,47.8,-0.216,58.2,-0.157,57.7,-0.144,58.7,-0.089,31.7,-0.578,34.9,-0.508,48.8,-0.172,59.1,0.204,63.5,0.268,70.2,0.393,30.3,-0.784,34.9,-0.4,48.8,-0.128,69.5,0.236,56.7,-0.085,60.1,0.031,59.1,-0.136,33.4,-0.57,47.6,-0.236,61.5,0.071,37.0,-0.3,42.3,-0.272,45.2,-0.323,33.4,-0.387,47.6,-0.219,39.4,-0.39,24.8,-0.777,42.3,-0.333,38.2,-0.543,36.3,-0.519,48.8,-0.172,36.1,-0.579,25.0,-0.835,38.0,-0.478,37.5,-0.6,36.3,-0.47,48.8,-0.172
9lctm8txbd4n87mk61lwa0rf9,S. Bakari,Sparta Rotterdam,Defender,7,2,1.993365037853702,5,0,0,1.2971,0.3706,0.3694,0.9265,0.0,0.0,4,2,1.752778409417308,2,0,0,1.2353,0.6176,0.5413,0.6176,0.0,0.0,3,0,0.2405866284363936,3,0,0,1.3897,0.0,0.1114,1.3897,0.0,0.0,2,1,0.5265387588083331,1,0,0,0.9265,0.4632,0.2439,0.4632,0.0,0.0,5,1,1.466826279045369,4,0,0,1.1581,0.2316,0.3397,0.9265,0.0,0.0,7,2,1.993365037853702,5,0,0,1.2971,0.3706,0.3694,0.9265,0.0,0.0,18.6,-0.763,21.2,-0.733,17.5,-0.778,47.4,-0.475,23.0,-0.752,45.6,-0.312,25.5,-0.747,24.8,-0.624,21.9,-0.777,59.1,0.164,23.0,-0.666,45.6,-0.295,24.1,-0.7,36.9,-0.544,30.7,-0.609,41.6,-0.516,29.9,-0.636,47.1,-0.254,27.7,-0.615,58.4,-0.031,49.6,-0.222,51.1,-0.237,29.9,-0.51,47.1,-0.242,16.8,-0.794,9.9,-0.855,8.8,-0.914,53.6,-0.405,33.9,-0.583,48.9,-0.173,38.7,-0.396,9.9,-1.099,9.5,-1.102,80.3,0.81,33.9,-0.483,48.9,-0.168,14.2,-0.798,29.9,-0.643,14.6,-0.768,36.5,-0.604,33.6,-0.568,46.7,-0.28,15.3,-0.654,52.6,0.114,22.6,-0.711,50.4,-0.198,33.6,-0.47,46.7,-0.245,28.5,-0.697,21.9,-0.764,24.8,-0.751,55.8,-0.337,30.7,-0.627,48.9,-0.173,29.2,-0.558,22.6,-0.691,24.1,-0.612,72.3,0.634,30.7,-0.565,48.9,-0.158,36.9,-0.437,38.0,-0.475,33.6,-0.582,66.8,0.219,32.5,-0.624,48.5,-0.194,25.5,-0.647,27.0,-0.568,25.5,-0.704,62.0,0.137,32.5,-0.601,48.5,-0.194
9lixevzo8exxiia17altfw8ic,W. Goes,Alkmaar Zaanstreek,Goalkeeper,35,14,14.27415893005952,3,0,0,1.4208,0.5683,0.5794,0.1218,0.0,0.0,14,5,6.23239391722553,1,0,0,1.1883,0.4244,0.529,0.0849,0.0,0.0,21,9,8.041765012833993,2,0,0,1.6339,0.7003,0.6257,0.1556,0.0,0.0,14,7,5.296155577407883,0,0,0,1.0893,0.5446,0.4121,0.0,0.0,0.0,21,7,8.97800335265164,3,0,0,1.3071,0.4357,0.5588,0.1867,0.0,0.0,6,2,2.245965992446497,1,0,0,1.1204,0.3735,0.4194,0.1867,0.0,0.0,92.5,1.663,100.0,3.427,97.5,3.115,98.8,3.704,48.8,-0.214,51.2,0.0,82.5,0.478,92.5,2.064,95.0,2.46,97.5,1.74,48.8,-0.226,51.2,0.0,85.0,1.029,96.2,2.272,97.5,2.678,93.8,1.992,51.2,0.0,51.2,0.0,65.0,0.279,87.5,1.235,95.0,2.299,92.5,1.439,51.2,0.0,51.2,0.0,100.0,2.296,100.0,4.015,97.5,3.481,98.8,4.304,48.8,-0.214,51.2,0.0,90.0,0.831,97.5,2.05,95.0,2.378,97.5,1.343,48.8,-0.221,51.2,0.0,87.5,1.279,100.0,3.785,97.5,2.79,47.5,-0.281,51.2,0.0,51.2,0.0,75.0,0.459,95.0,2.05,92.5,1.973,47.5,-0.267,51.2,0.0,51.2,0.0,95.0,1.844,97.5,2.743,97.5,3.2,98.8,4.185,48.8,-0.214,51.2,0.0,75.0,0.688,92.5,1.537,97.5,2.391,97.5,1.776,48.8,-0.226,51.2,0.0,61.3,0.424,87.5,1.167,92.5,2.211,93.8,1.388,50.0,-0.158,51.2,0.0,57.5,-0.23,82.5,1.043,92.5,2.194,92.5,1.387,50.0,-0.158,51.2,0.0
9lju80srwcwd1s6ezrjbk33tg,J. Seedorf,SC Telstar,Midfielder,5,4,2.188469994790323,1,1,0,0.9315,0.7452,0.4077,0.1863,0.1863,0.0,1,1,0.1255486390988797,0,1,0,0.9315,0.9315,0.117,0.0,0.9315,0.0,4,3,2.062921355691443,1,0,0,0.9315,0.6986,0.4804,0.2329,0.0,0.0,0,0,0.0,0,0,0,0.0,0.0,0.0,0.0,0.0,0.0,5,4,2.188469994790323,1,1,0,0.9315,0.7452,0.4077,0.1863,0.1863,0.0,5,4,2.188469994790323,1,1,0,0.9315,0.7452,0.4077,0.1863,0.1863,0.0,14.7,-0.924,26.7,-0.767,13.9,-0.913,14.7,-0.738,64.7,0.033,46.2,-0.298,4.3,-1.332,41.1,-0.224,11.1,-1.141,16.8,-0.943,89.9,0.716,46.2,-0.273,9.6,-0.98,20.0,-0.863,8.7,-1.006,9.1,-0.777,78.1,0.456,48.6,-0.186,11.5,-1.012,56.7,0.102,8.7,-1.437,9.1,-1.066,99.0,4.717,48.6,-0.162,20.0,-0.81,36.3,-0.585,26.9,-0.748,22.6,-0.644,35.1,-0.551,47.8,-0.224,10.1,-1.131,45.0,-0.176,19.2,-0.801,24.0,-0.793,35.1,-0.393,47.8,-0.216,6.2,-0.912,11.3,-0.843,6.2,-0.896,13.9,-0.676,34.9,-0.508,48.8,-0.172,6.2,-1.947,11.3,-1.333,6.2,-1.711,13.9,-0.976,34.9,-0.4,48.8,-0.128,19.5,-0.873,36.3,-0.594,21.6,-0.866,20.0,-0.744,78.6,0.582,47.6,-0.236,7.2,-1.108,57.7,0.206,16.8,-0.902,20.2,-0.865,92.8,0.846,47.6,-0.219,16.3,-0.917,51.4,-0.121,20.7,-0.811,23.8,-0.801,82.9,0.847,48.8,-0.172,5.3,-1.171,47.6,-0.208,14.9,-0.983,22.4,-0.862,83.2,0.57,48.8,-0.172
9najgqcaamqj0qtiicuq9hey,R. Meerveld,SC Heerenveen,Midfielder,65,36,33.75709593387423,14,1,0,2.41,1.3348,1.2516,0.5191,0.0371,0.0,45,24,22.28334558859761,10,1,0,2.7807,1.4831,1.377,0.6179,0.0618,0.0,20,12,11.47375034527662,4,0,0,1.8538,1.1123,1.0635,0.3708,0.0,0.0,29,19,15.4351285100615,6,1,0,1.344,0.8806,0.7153,0.2781,0.0463,0.0,36,17,18.32196742381273,8,0,0,1.8538,0.8754,0.9435,0.412,0.0,0.0,16,8,9.102209272733164,3,0,0,2.9661,1.4831,1.6874,0.5561,0.0,0.0,83.7,0.816,88.0,1.296,88.5,1.212,62.7,-0.062,64.7,0.033,46.2,-0.298,71.6,0.386,82.2,0.907,83.2,0.904,38.0,-0.461,56.2,-0.253,46.2,-0.273,89.9,1.332,90.6,1.747,90.9,1.695,73.8,0.155,78.1,0.456,48.6,-0.186,75.5,0.623,83.2,1.027,83.7,0.971,44.2,-0.319,69.2,-0.099,48.6,-0.162,68.3,0.171,78.8,0.642,76.4,0.576,52.6,-0.313,35.1,-0.551,47.8,-0.224,48.1,-0.101,73.1,0.56,75.5,0.544,30.3,-0.582,35.1,-0.393,47.8,-0.216,79.8,0.652,88.7,1.372,85.6,1.018,64.7,-0.083,80.8,0.604,48.8,-0.172,36.5,-0.181,75.0,0.676,62.5,0.266,38.9,-0.519,74.5,-0.044,48.8,-0.128,84.4,0.937,84.9,1.06,88.9,1.336,65.1,-0.035,33.4,-0.57,47.6,-0.236,72.6,0.51,73.6,0.518,89.4,0.994,41.8,-0.43,33.4,-0.387,47.6,-0.219,83.4,1.015,87.7,1.189,95.2,1.763,50.2,-0.286,36.3,-0.519,48.8,-0.172,82.7,0.96,86.5,1.039,94.2,1.688,43.8,-0.347,36.3,-0.47,48.8,-0.172
9nix5y8xcj34ps62r34udtqwa,K. Hlynsson,FC Twente,Midfielder,71,42,38.07866157385968,20,3,0,2.3571,1.3944,1.2642,0.664,0.0996,0.0,46,28,24.03936095724234,13,3,0,2.5153,1.5311,1.3145,0.7109,0.164,0.0,25,14,14.03930061661735,7,0,0,2.1127,1.1831,1.1864,0.5915,0.0,0.0,38,20,19.80126886196431,12,0,0,1.6821,0.8853,0.8765,0.5312,0.0,0.0,33,22,18.27739271189538,8,3,0,1.4608,0.9738,0.8091,0.3541,0.1328,0.0,13,8,7.712600145691462,2,0,0,2.4169,1.4873,1.4339,0.3718,0.0,0.0,86.3,0.99,90.4,1.683,90.4,1.502,76.4,0.251,92.8,1.406,46.2,-0.298,67.3,0.324,85.6,1.021,83.7,0.934,49.5,-0.251,78.8,0.153,46.2,-0.273,90.9,1.385,95.7,2.2,92.8,1.909,78.6,0.434,96.6,2.434,48.6,-0.186,69.2,0.388,86.1,1.108,79.8,0.851,50.0,-0.207,84.1,0.467,48.6,-0.162,76.0,0.478,82.9,0.915,83.7,0.937,67.3,0.017,35.1,-0.551,47.8,-0.224,62.0,0.188,81.7,0.686,81.7,0.828,48.1,-0.243,35.1,-0.393,47.8,-0.216,89.4,1.138,89.4,1.489,90.4,1.559,81.7,0.51,34.9,-0.508,48.8,-0.172,61.5,0.263,75.5,0.687,81.2,0.712,55.8,-0.104,34.9,-0.4,48.8,-0.128,79.6,0.762,91.8,1.696,88.5,1.33,65.1,-0.035,97.6,2.885,47.6,-0.236,50.0,-0.18,86.5,0.754,74.0,0.519,35.1,-0.542,87.0,0.492,47.6,-0.219,73.6,0.488,87.7,1.189,87.0,1.246,38.2,-0.543,36.3,-0.519,48.8,-0.172,72.1,0.385,87.0,1.046,86.1,1.159,34.1,-0.604,36.3,-0.47,48.8,-0.172
9o10vhew3jar8tqnkabw0qoyx,J. Lonwijk,Fortuna Sittard,Midfielder,17,8,7.271642829530783,6,1,0,1.4183,0.6674,0.6067,0.5006,0.0834,0.0,8,4,3.826606138209467,3,1,0,1.2237,0.6118,0.5853,0.4589,0.153,0.0,9,4,3.445036691321316,3,0,0,1.6519,0.7342,0.6323,0.5506,0.0,0.0,10,6,4.63995567067451,4,0,0,1.1472,0.6883,0.5323,0.4589,0.0,0.0,7,2,2.631687158856272,2,1,0,1.0707,0.3059,0.4025,0.3059,0.153,0.0,6,2,1.81105596953235,2,0,0,1.1013,0.3671,0.3324,0.3671,0.0,0.0,37.0,-0.576,41.1,-0.509,37.5,-0.571,39.9,-0.478,64.7,0.033,46.2,-0.298,25.0,-0.767,36.5,-0.373,28.4,-0.659,36.1,-0.488,72.6,0.048,46.2,-0.273,35.3,-0.612,41.3,-0.523,40.4,-0.555,41.8,-0.498,78.1,0.456,48.6,-0.186,22.1,-0.753,37.5,-0.435,30.8,-0.542,32.7,-0.511,81.7,0.406,48.6,-0.162,40.9,-0.503,44.0,-0.449,38.9,-0.554,43.8,-0.423,35.1,-0.551,47.8,-0.224,41.3,-0.327,47.1,-0.113,33.2,-0.451,43.8,-0.306,35.1,-0.393,47.8,-0.216,48.1,-0.373,57.7,-0.144,52.4,-0.321,54.1,-0.281,34.9,-0.508,48.8,-0.172,25.5,-0.44,60.6,0.237,34.6,-0.24,49.5,-0.222,34.9,-0.4,48.8,-0.128,27.4,-0.756,23.1,-0.848,25.0,-0.806,31.2,-0.642,78.6,0.582,47.6,-0.236,18.3,-0.864,16.8,-0.848,15.4,-0.92,31.2,-0.635,88.9,0.626,47.6,-0.219,23.1,-0.742,24.8,-0.777,16.8,-0.951,38.2,-0.543,36.3,-0.519,48.8,-0.172,12.0,-0.993,14.4,-0.847,10.1,-1.141,29.1,-0.61,36.3,-0.47,48.8,-0.172
9q90ls3k1i2739wd6a20fku6t,V. Barkas,FC Utrecht,Goalkeeper,8,0,0.8528816506619674,0,0,0,0.9205,0.0,0.0981,0.0,0.0,0.0,4,0,0.5619153955300628,0,0,0,0.9205,0.0,0.1293,0.0,0.0,0.0,4,0,0.2909662551319046,0,0,0,0.9205,0.0,0.067,0.0,0.0,0.0,4,0,0.5178487167814794,0,0,0,0.9205,0.0,0.1192,0.0,0.0,0.0,4,0,0.335032933880488,0,0,0,0.9205,0.0,0.0771,0.0,0.0,0.0,5,0,0.4447966943553173,0,0,0,0.9205,0.0,0.0819,0.0,0.0,0.0,51.2,-0.387,25.0,-0.639,57.5,-0.367,45.0,-0.337,48.8,-0.214,51.2,0.0,15.0,-0.89,25.0,-0.769,40.0,-0.42,45.0,-0.279,48.8,-0.226,51.2,0.0,53.8,-0.32,30.0,-0.604,60.0,-0.274,45.0,-0.352,51.2,0.0,51.2,0.0,25.0,-0.137,30.0,-0.602,60.0,-0.078,45.0,-0.348,51.2,0.0,51.2,0.0,50.0,-0.438,30.0,-0.588,50.0,-0.45,48.8,-0.227,48.8,-0.214,51.2,0.0,22.5,-0.478,30.0,-0.668,32.5,-0.522,48.8,-0.193,48.8,-0.221,51.2,0.0,55.0,-0.276,28.7,-0.631,60.0,-0.287,47.5,-0.281,51.2,0.0,51.2,0.0,30.0,0.111,28.7,-0.627,70.0,-0.046,47.5,-0.267,51.2,0.0,51.2,0.0,51.2,-0.448,31.2,-0.567,50.0,-0.404,47.5,-0.259,48.8,-0.214,51.2,0.0,20.0,-0.356,31.2,-0.624,35.0,-0.406,47.5,-0.221,48.8,-0.226,51.2,0.0,46.2,0.071,32.5,-0.628,55.0,-0.299,46.2,-0.294,50.0,-0.158,51.2,0.0,15.0,-0.781,32.5,-0.656,40.0,-0.556,46.2,-0.294,50.0,-0.158,51.2,0.0
9tp35qqu1heburu0g5wa6jv56,Lucas Rosa,AFC Ajax,Defender,36,9,11.73592203605632,26,1,0,1.6507,0.4127,0.5381,1.1922,0.0459,0.0,21,5,6.873031446910648,14,1,0,1.7508,0.4169,0.573,1.1672,0.0834,0.0,15,4,4.862890589145669,12,0,0,1.5285,0.4076,0.4955,1.2228,0.0,0.0,15,4,4.585641288139803,10,1,0,1.1463,0.3057,0.3504,0.7642,0.0764,0.0,21,5,7.150280747916514,16,0,0,1.2839,0.3057,0.4372,0.9782,0.0,0.0,12,4,4.829392520487052,8,1,0,2.201,0.7337,0.8858,1.4673,0.1834,0.0,74.8,0.285,61.3,-0.078,73.7,0.206,82.5,0.689,57.7,-0.116,45.6,-0.312,47.4,-0.281,29.9,-0.526,50.4,-0.308,73.0,0.55,50.7,-0.349,45.6,-0.295,81.0,0.403,63.1,-0.043,76.6,0.32,83.6,0.687,71.2,0.262,47.1,-0.254,54.0,-0.069,36.5,-0.451,53.3,-0.138,72.3,0.487,64.6,-0.08,47.1,-0.242,69.0,0.129,61.7,-0.109,67.9,0.059,81.4,0.657,33.9,-0.583,48.9,-0.173,44.5,-0.248,39.4,-0.331,43.1,-0.245,73.7,0.586,33.9,-0.483,48.9,-0.168,72.6,0.12,62.0,-0.092,69.3,0.035,77.7,0.424,78.1,0.543,46.7,-0.28,35.0,-0.298,36.5,-0.367,41.6,-0.297,62.8,0.387,75.9,0.13,46.7,-0.245,75.2,0.44,62.0,-0.059,70.8,0.367,86.5,0.891,30.7,-0.627,48.9,-0.173,39.4,-0.311,32.8,-0.499,45.3,-0.286,77.4,0.738,30.7,-0.565,48.9,-0.158,77.7,0.602,68.2,0.344,83.9,0.871,83.2,0.951,78.8,0.712,48.5,-0.194,74.5,0.41,59.9,0.164,80.3,0.599,79.6,0.835,66.4,0.51,48.5,-0.194
9ugpnnovqttl8lguv7wdyiezu,S. Graves,PEC Zwolle,Goalkeeper,36,7,10.00235896493197,1,2,0,1.4674,0.2853,0.4077,0.0408,0.0815,0.0,22,2,5.237285466569236,1,0,0,1.4732,0.1339,0.3507,0.067,0.0,0.0,14,5,4.765073498362734,0,2,0,1.4583,0.5208,0.4964,0.0,0.2083,0.0,18,3,4.920866954311852,1,0,0,1.0547,0.1758,0.2883,0.0586,0.0,0.0,18,4,5.081492010620118,0,2,0,1.125,0.25,0.3176,0.0,0.125,0.0,9,0,2.222496399071151,1,0,0,1.6875,0.0,0.4167,0.1875,0.0,0.0,95.0,1.739,92.5,1.394,95.0,2.007,91.2,1.01,100.0,5.501,51.2,0.0,90.0,0.605,82.5,0.653,90.0,1.432,90.0,0.397,100.0,4.599,51.2,0.0,95.0,2.108,82.5,0.546,95.0,2.16,93.8,1.992,51.2,0.0,51.2,0.0,82.5,0.723,70.0,-0.022,92.5,1.238,90.0,1.062,51.2,0.0,51.2,0.0,83.8,1.17,95.0,1.969,95.0,1.819,48.8,-0.227,100.0,5.501,51.2,0.0,72.5,0.508,85.0,1.353,90.0,1.707,48.8,-0.193,100.0,5.182,51.2,0.0,92.5,1.901,90.0,1.262,95.0,2.548,97.5,3.468,51.2,0.0,51.2,0.0,70.0,0.388,72.5,0.237,90.0,1.12,95.0,1.942,51.2,0.0,51.2,0.0,87.5,1.439,90.0,1.324,95.0,1.575,47.5,-0.259,100.0,5.501,51.2,0.0,55.0,0.196,77.5,0.616,90.0,0.991,47.5,-0.221,97.5,4.176,51.2,0.0,95.0,1.484,32.5,-0.628,90.0,2.178,93.8,1.388,50.0,-0.158,51.2,0.0,97.5,1.332,32.5,-0.656,90.0,2.172,95.0,1.394,50.0,-0.158,51.2,0.0
9uo88sreasbyj41lg34hxy28l,B. Traoré,AFC Ajax,Forward,2,2,1.511987123505336,0,0,0,1.875,1.875,1.4175,0.0,0.0,0.0,2,2,1.511987123505336,0,0,0,1.875,1.875,1.4175,0.0,0.0,0.0,0,0,0.0,0,0,0,0.0,0.0,0.0,0.0,0.0,0.0,2,2,1.511987123505336,0,0,0,1.875,1.875,1.4175,0.0,0.0,0.0,0,0,0.0,0,0,0,0.0,0.0,0.0,0.0,0.0,0.0,2,2,1.511987123505336,0,0,0,1.875,1.875,1.4175,0.0,0.0,0.0,15.8,-0.687,31.6,-0.518,21.5,-0.618,13.9,-0.568,15.8,-0.725,50.0,-0.113,86.1,0.546,97.5,2.657,94.9,1.988,13.9,-0.862,15.8,-0.821,50.0,-0.113,26.6,-0.576,49.4,-0.358,41.8,-0.476,19.0,-0.545,24.1,-0.719,50.6,0.0,81.0,0.488,98.7,2.242,92.4,1.609,19.0,-0.853,24.1,-0.696,50.6,0.0,5.7,-0.805,13.9,-0.728,5.7,-0.781,25.3,-0.542,21.5,-0.595,50.0,-0.113,5.7,-1.725,13.9,-1.082,5.7,-1.519,25.3,-0.68,21.5,-0.705,50.0,-0.113,36.1,-0.493,56.3,-0.262,44.3,-0.411,25.3,-0.464,30.4,-0.604,50.6,0.0,92.4,1.293,98.7,3.195,100.0,2.616,25.3,-0.764,30.4,-0.478,50.6,0.0,2.5,-0.848,12.0,-0.724,2.5,-0.772,18.4,-0.628,21.5,-0.649,50.0,-0.113,2.5,-2.514,12.0,-1.302,2.5,-1.852,18.4,-0.805,21.5,-0.706,50.0,-0.113,15.8,-0.86,47.5,-0.27,27.8,-0.646,20.9,-0.547,24.1,-0.712,50.6,0.0,84.8,0.35,96.2,2.379,96.2,1.672,20.9,-0.595,24.1,-0.745,50.6,0.0
9vf02r3geinhsy732oxyrcacq,I. Saibari,PSV Eindhoven,Midfielder,75,45,44.50638403443505,12,1,0,2.697,1.6182,1.6005,0.4315,0.036,0.0,40,24,24.31520123306871,7,0,0,2.6714,1.6028,1.6239,0.4675,0.0,0.0,35,21,20.19118280136635,5,1,0,2.727,1.6362,1.5732,0.3896,0.0779,0.0,33,22,20.90046162190801,4,0,0,1.6239,1.0826,1.0285,0.1968,0.0,0.0,42,23,23.60592241252704,8,1,0,1.8699,1.024,1.051,0.3562,0.0445,0.0,17,9,8.683804057763268,4,0,0,3.1789,1.683,1.6238,0.748,0.0,0.0,87.5,1.107,92.8,1.876,93.8,1.935,57.7,-0.166,64.7,0.033,46.2,-0.298,79.3,0.719,92.8,1.451,94.7,1.749,30.8,-0.588,54.8,-0.26,46.2,-0.273,85.8,1.069,90.6,1.747,93.3,1.942,58.7,-0.125,33.7,-0.532,48.6,-0.186,71.2,0.526,89.4,1.228,91.8,1.442,37.0,-0.501,33.7,-0.441,48.6,-0.162,88.2,1.091,93.5,1.869,93.8,1.802,58.2,-0.203,81.5,0.782,47.8,-0.224,83.7,0.874,95.7,1.493,95.2,1.72,31.7,-0.553,77.4,0.11,47.8,-0.216,84.9,0.868,91.8,1.722,91.8,1.695,54.1,-0.281,34.9,-0.508,48.8,-0.172,57.2,0.186,89.4,1.137,88.9,1.132,31.7,-0.653,34.9,-0.4,48.8,-0.128,89.7,1.287,94.0,1.823,94.7,2.057,65.1,-0.035,78.6,0.582,47.6,-0.236,76.4,0.538,88.5,0.875,93.3,1.375,35.6,-0.538,70.2,-0.092,47.6,-0.219,86.1,1.191,92.3,1.517,90.4,1.607,60.1,-0.028,36.3,-0.519,48.8,-0.172,86.5,1.183,92.3,1.376,90.4,1.555,57.7,-0.08,36.3,-0.47,48.8,-0.172
9vyizhfym4y8vc07xrvba7skq,O. Pettersson,Go Ahead Eagles,Midfielder,5,1,1.319378152076093,5,0,0,1.1456,0.2291,0.3023,1.1456,0.0,0.0,1,0,0.2903922199941104,1,0,0,0.9165,0.0,0.2661,0.9165,0.0,0.0,4,1,1.028985932081983,4,0,0,1.222,0.3055,0.3144,1.222,0.0,0.0,0,0,0.0,0,0,0,0.0,0.0,0.0,0.0,0.0,0.0,5,1,1.319378152076093,5,0,0,1.1456,0.2291,0.3023,1.1456,0.0,0.0,5,1,1.319378152076093,5,0,0,1.1456,0.2291,0.3023,1.1456,0.0,0.0,14.7,-0.924,11.1,-0.961,10.1,-0.972,36.1,-0.53,25.0,-0.653,46.2,-0.298,12.5,-1.084,7.7,-1.214,4.6,-1.396,71.6,0.445,25.0,-0.494,46.2,-0.273,9.6,-0.98,7.0,-0.976,9.6,-0.986,25.2,-0.684,33.7,-0.532,48.6,-0.186,8.2,-1.025,7.0,-1.462,11.5,-1.152,59.4,0.042,33.7,-0.441,48.6,-0.162,20.0,-0.81,18.0,-0.858,14.4,-0.893,52.6,-0.313,35.1,-0.551,47.8,-0.224,18.8,-0.807,14.9,-0.876,9.6,-1.184,79.3,0.724,35.1,-0.393,47.8,-0.216,6.2,-0.912,11.3,-0.843,6.2,-0.896,13.9,-0.676,34.9,-0.508,48.8,-0.172,6.2,-1.947,11.3,-1.333,6.2,-1.711,13.9,-0.976,34.9,-0.4,48.8,-0.128,19.5,-0.873,14.9,-0.976,13.5,-0.985,48.1,-0.339,33.4,-0.57,47.6,-0.236,23.6,-0.733,13.5,-1.033,7.0,-1.275,85.6,0.982,33.4,-0.387,47.6,-0.219,16.3,-0.917,12.5,-1.104,10.1,-1.134,68.0,0.229,36.3,-0.519,48.8,-0.172,17.3,-0.947,10.6,-1.08,7.5,-1.203,74.5,0.473,36.3,-0.47,48.8,-0.172
9wwud2tglhtdocmjgl2u5ib6c,T. Blokzijl,FC Groningen,Defender,27,10,10.69080829134613,8,2,0,1.5708,0.5818,0.622,0.4654,0.1164,0.0,20,6,7.144834308467081,7,2,0,1.8617,0.5585,0.6651,0.6516,0.1862,0.0,7,4,3.545973982879046,1,0,0,1.086,0.6206,0.5501,0.1551,0.0,0.0,7,3,3.248419546865892,2,0,0,1.086,0.4654,0.504,0.3103,0.0,0.0,20,7,7.442388744480234,6,2,0,1.5514,0.543,0.5773,0.4654,0.1551,0.0,7,3,2.378094806775862,2,0,0,1.3032,0.5585,0.4427,0.3723,0.0,0.0,66.8,-0.04,67.2,0.015,70.1,0.101,56.9,-0.309,77.4,0.52,45.6,-0.312,45.3,-0.386,51.8,-0.134,55.5,-0.074,41.6,-0.506,69.7,0.137,45.6,-0.295,78.5,0.338,70.1,0.124,79.6,0.369,67.2,-0.015,88.3,1.161,47.1,-0.254,56.2,0.049,51.1,-0.155,60.6,0.107,53.3,-0.192,81.0,0.451,47.1,-0.242,42.7,-0.486,61.7,-0.109,56.9,-0.218,28.8,-0.641,33.9,-0.583,48.9,-0.173,20.4,-0.718,59.1,0.071,51.1,-0.123,24.1,-0.85,33.9,-0.483,48.9,-0.168,43.8,-0.445,54.4,-0.276,56.9,-0.23,47.1,-0.489,33.6,-0.568,46.7,-0.28,30.7,-0.396,55.1,0.121,64.2,0.299,42.3,-0.495,33.6,-0.47,46.7,-0.245,73.4,0.369,71.9,0.293,72.3,0.425,63.1,-0.132,88.7,1.24,48.9,-0.173,67.2,0.215,58.4,0.117,64.2,0.183,49.6,-0.288,81.0,0.529,48.9,-0.158,36.9,-0.437,55.8,-0.066,44.5,-0.385,41.2,-0.513,32.5,-0.624,48.5,-0.194,28.1,-0.64,50.4,-0.189,35.8,-0.519,37.2,-0.579,32.5,-0.601,48.5,-0.194
9y5kirmp6gcrsy2s1pinhkqy2,L. Kulenović,Heracles Almelo,Forward,28,6,9.620633243153573,1,12,0,1.8716,0.4011,0.6431,0.0668,0.8021,0.0,15,4,6.168224936323602,1,4,0,2.0053,0.5348,0.8246,0.1337,0.5348,0.0,13,2,3.452408306829971,0,8,0,1.738,0.2674,0.4615,0.0,1.0695,0.0,8,3,3.651118507459449,1,1,0,1.2478,0.4679,0.5695,0.156,0.156,0.0,20,3,5.969514735694125,0,11,0,1.5597,0.234,0.4655,0.0,0.8578,0.0,7,1,3.007977212604072,0,2,0,1.3101,0.1872,0.563,0.0,0.3743,0.0,78.5,0.301,60.1,-0.201,72.2,0.04,38.0,-0.467,97.5,2.93,50.0,-0.113,84.8,0.54,31.6,-0.457,54.4,-0.104,29.1,-0.71,92.4,2.017,50.0,-0.113,78.5,0.293,66.5,-0.103,74.7,0.176,50.0,-0.355,92.4,1.778,50.6,0.0,84.8,0.634,51.9,-0.138,72.2,0.357,43.0,-0.543,87.3,1.104,50.6,0.0,80.4,0.302,50.0,-0.338,60.8,-0.141,25.3,-0.542,97.5,3.283,50.0,-0.113,78.5,0.456,31.6,-0.538,33.5,-0.369,25.3,-0.68,96.2,2.501,50.0,-0.113,67.1,-0.047,69.0,-0.098,68.4,-0.041,60.1,-0.286,71.5,0.219,50.6,0.0,63.3,0.321,63.3,0.033,57.0,0.219,57.0,-0.294,70.9,0.063,50.6,0.0,85.4,0.634,50.6,-0.285,72.2,0.108,18.4,-0.628,98.7,3.687,50.0,-0.113,87.3,0.711,29.1,-0.644,39.2,-0.211,18.4,-0.805,92.4,1.95,50.0,-0.113,60.8,-0.031,29.1,-0.637,58.2,-0.056,20.9,-0.547,82.3,0.643,50.6,0.0,62.0,-0.219,29.1,-0.736,49.4,-0.244,20.9,-0.595,79.7,0.495,50.6,0.0
9zryne6aa951ltubvjo0gk12i,M. Ihattaren,Fortuna Sittard,Midfielder,77,37,33.88321766388169,34,1,0,2.8379,1.3637,1.2488,1.2531,0.0369,0.0,32,15,12.5869241568024,17,0,0,2.9484,1.3821,1.1597,1.5664,0.0,0.0,45,22,21.29629350707929,17,1,0,2.7642,1.3514,1.3081,1.0442,0.0614,0.0,33,18,15.45786163154295,15,0,0,1.9004,1.0366,0.8902,0.8638,0.0,0.0,44,19,18.42535603233874,19,1,0,1.9305,0.8336,0.8084,0.8336,0.0439,0.0,14,6,6.51153760956173,6,0,0,2.5799,1.1057,1.1999,1.1057,0.0,0.0,88.2,1.165,88.7,1.36,88.9,1.22,87.3,0.979,64.7,0.033,46.2,-0.298,85.6,0.883,83.2,0.963,82.7,0.897,75.0,0.601,55.8,-0.254,46.2,-0.273,79.1,0.649,80.5,0.725,74.5,0.513,84.1,0.807,33.7,-0.532,48.6,-0.186,78.8,0.771,79.8,0.858,72.1,0.556,82.7,0.827,33.7,-0.441,48.6,-0.162,94.5,1.704,95.2,2.005,95.2,1.957,89.9,1.12,81.5,0.782,47.8,-0.224,84.1,0.915,89.4,0.986,88.5,1.108,73.6,0.451,72.6,0.004,47.8,-0.216,84.9,0.868,88.0,1.256,86.1,1.02,86.1,0.807,34.9,-0.508,48.8,-0.172,77.9,0.55,86.5,1.032,82.2,0.75,70.7,0.442,34.9,-0.4,48.8,-0.128,91.3,1.404,88.5,1.314,89.4,1.35,87.0,1.08,78.6,0.582,47.6,-0.236,78.8,0.644,65.9,0.418,73.6,0.516,65.4,0.381,69.2,-0.096,47.6,-0.219,77.6,0.664,73.6,0.534,80.8,0.799,73.3,0.486,36.3,-0.519,48.8,-0.172,75.2,0.555,69.2,0.401,78.8,0.67,70.7,0.417,36.3,-0.47,48.8,-0.172
a02jtmvlc1tlstvt96pa1hisq,D. Murkin,FC Utrecht,Defender,4,2,1.600838724181565,3,0,0,1.24,0.62,0.4962,0.93,0.0,0.0,1,1,0.3093782930815199,1,0,0,0.93,0.93,0.2877,0.93,0.0,0.0,3,1,1.291460431100045,2,0,0,1.3949,0.465,0.6005,0.93,0.0,0.0,1,0,0.1715832831013379,1,0,0,0.93,0.0,0.1596,0.93,0.0,0.0,3,2,1.429255441080227,2,0,0,1.3949,0.93,0.6646,0.93,0.0,0.0,4,2,1.600838724181565,3,0,0,1.24,0.62,0.4962,0.93,0.0,0.0,10.9,-0.872,21.2,-0.733,14.6,-0.818,35.8,-0.586,23.0,-0.752,45.6,-0.312,21.2,-0.823,57.7,-0.045,41.6,-0.424,59.9,0.169,23.0,-0.666,45.6,-0.295,7.3,-0.895,22.6,-0.711,6.6,-0.871,30.3,-0.616,29.9,-0.636,47.1,-0.254,11.7,-0.939,73.0,0.624,14.6,-0.897,59.5,0.175,29.9,-0.51,47.1,-0.242,16.8,-0.794,28.8,-0.668,25.5,-0.693,43.4,-0.523,33.9,-0.583,48.9,-0.173,39.4,-0.39,46.7,-0.223,56.2,-0.011,62.0,0.192,33.9,-0.483,48.9,-0.168,10.9,-0.869,11.7,-0.827,10.9,-0.838,36.5,-0.604,33.6,-0.568,46.7,-0.28,16.8,-0.648,11.7,-1.302,14.6,-1.038,73.0,0.709,33.6,-0.47,46.7,-0.245,15.7,-0.84,36.1,-0.588,24.1,-0.758,36.9,-0.541,30.7,-0.627,48.9,-0.173,53.3,-0.093,92.7,1.122,75.2,0.475,73.4,0.641,30.7,-0.565,48.9,-0.158,10.9,-1.061,38.0,-0.475,23.4,-0.783,54.7,-0.269,32.5,-0.624,48.5,-0.194,23.4,-0.714,58.4,-0.065,43.1,-0.384,63.5,0.142,32.5,-0.601,48.5,-0.194
a185wef6iz1nun1wry40jcgoa,N. Ünüvar,FC Twente,Midfielder,30,16,12.10033502820092,15,0,0,1.9916,1.0622,0.8033,0.9958,0.0,0.0,18,11,7.973846871752539,8,0,0,1.8589,1.136,0.8235,0.8262,0.0,0.0,12,5,4.126488156448381,7,0,0,2.2306,0.9294,0.7671,1.3012,0.0,0.0,6,2,2.279296678669266,4,0,0,1.3941,0.4647,0.5296,0.9294,0.0,0.0,24,14,9.821038349531653,11,0,0,1.8589,1.0843,0.7607,0.852,0.0,0.0,6,2,1.435328676670256,5,0,0,1.1153,0.3718,0.2668,0.9294,0.0,0.0,53.6,-0.199,61.8,0.007,52.4,-0.246,66.1,-0.01,25.0,-0.653,46.2,-0.298,52.4,-0.1,69.2,0.384,46.2,-0.183,67.8,0.229,25.0,-0.494,46.2,-0.273,57.5,-0.087,72.1,0.272,59.6,-0.049,64.4,-0.032,33.7,-0.532,48.6,-0.186,47.6,-0.192,66.3,0.445,49.0,-0.087,54.8,-0.067,33.7,-0.441,48.6,-0.162,47.6,-0.32,51.0,-0.313,40.9,-0.458,67.3,0.017,35.1,-0.551,47.8,-0.224,66.8,0.319,63.0,0.235,46.2,-0.14,81.2,0.845,35.1,-0.393,47.8,-0.216,38.0,-0.589,38.5,-0.61,38.0,-0.613,54.1,-0.281,34.9,-0.508,48.8,-0.172,40.4,-0.116,38.9,-0.273,33.7,-0.247,74.5,0.55,34.9,-0.4,48.8,-0.128,69.5,0.236,78.4,0.678,65.4,0.176,72.6,0.269,33.4,-0.57,47.6,-0.236,74.5,0.519,93.3,1.019,65.4,0.347,66.8,0.417,33.4,-0.387,47.6,-0.219,23.1,-0.742,24.8,-0.777,11.1,-1.091,68.0,0.229,36.3,-0.519,48.8,-0.172,14.4,-0.979,20.2,-0.839,4.3,-1.277,62.5,0.172,36.3,-0.47,48.8,-0.172
a2psnkhu3h7m0ng8e7qdietey,S. Tengstedt,Go Ahead Eagles,Midfielder,6,1,2.27132265080633,4,0,0,1.8932,0.3155,0.7167,1.2621,0.0,0.0,4,1,1.370660441772587,3,0,0,1.8932,0.4733,0.6487,1.4199,0.0,0.0,2,0,0.9006622090337432,1,0,0,1.8932,0.0,0.8526,0.9466,0.0,0.0,4,0,1.228516871756347,3,0,0,1.8932,0.0,0.5815,1.4199,0.0,0.0,2,1,1.042805779049983,1,0,0,0.9466,0.4733,0.4936,0.4733,0.0,0.0,6,1,2.271322650806329,4,0,0,1.8932,0.3155,0.7167,1.2621,0.0,0.0,17.5,-0.895,11.1,-0.961,14.9,-0.908,31.7,-0.582,25.0,-0.653,46.2,-0.298,47.1,-0.215,13.9,-1.048,37.0,-0.392,76.4,0.614,25.0,-0.494,46.2,-0.273,22.4,-0.822,20.0,-0.863,21.2,-0.854,41.8,-0.498,33.7,-0.532,48.6,-0.186,52.4,-0.162,30.8,-0.667,36.1,-0.421,78.4,0.65,33.7,-0.441,48.6,-0.162,11.5,-0.933,6.7,-0.994,13.0,-0.911,22.6,-0.644,35.1,-0.551,47.8,-0.224,51.9,-0.057,6.7,-1.42,58.7,0.058,71.2,0.302,35.1,-0.393,47.8,-0.216,29.1,-0.696,11.3,-0.843,25.5,-0.743,48.6,-0.38,34.9,-0.508,48.8,-0.172,77.4,0.54,11.3,-1.333,42.3,-0.103,91.3,1.355,34.9,-0.4,48.8,-0.128,9.9,-1.048,14.9,-0.976,11.1,-1.022,20.0,-0.744,33.4,-0.57,47.6,-0.236,14.9,-1.082,31.7,-0.447,26.9,-0.598,47.1,-0.312,33.4,-0.387,47.6,-0.219,23.1,-0.742,12.5,-1.104,21.6,-0.78,60.1,-0.028,36.3,-0.519,48.8,-0.172,54.8,-0.164,13.9,-0.934,45.7,-0.338,75.0,0.635,36.3,-0.47,48.8,-0.172
a339o11ut8s1o9odm6ybc4pka,T. van den Belt,FC Twente,Midfielder,56,23,27.46031918461039,6,6,0,1.9294,0.7924,0.9461,0.2067,0.2067,0.0,32,15,16.61977479607654,2,3,0,2.1262,0.9967,1.1043,0.1329,0.1993,0.0,24,8,10.84054438853384,4,3,0,1.7174,0.5725,0.7757,0.2862,0.2147,0.0,28,11,12.95934196294629,5,3,0,1.8605,0.7309,0.8611,0.3322,0.1993,0.0,28,12,14.5009772216641,1,3,0,1.3709,0.5875,0.71,0.049,0.1469,0.0,11,6,6.051288327251114,0,2,0,2.0465,1.1163,1.1258,0.0,0.3721,0.0,77.2,0.555,75.0,0.458,81.7,0.788,39.9,-0.478,97.8,3.464,46.2,-0.298,48.6,-0.173,47.6,-0.133,63.2,0.163,18.3,-0.913,90.9,0.848,46.2,-0.273,79.1,0.649,80.5,0.725,84.6,1.004,35.8,-0.591,96.6,2.434,48.6,-0.186,57.2,0.044,61.1,0.211,68.8,0.45,21.2,-0.905,88.9,0.662,48.6,-0.162,74.0,0.416,63.9,0.096,74.0,0.487,52.6,-0.313,98.3,3.449,47.8,-0.224,43.3,-0.254,38.0,-0.401,47.1,-0.12,26.4,-0.711,91.3,0.993,47.8,-0.216,78.6,0.598,77.4,0.439,80.3,0.711,59.6,-0.182,97.6,2.826,48.8,-0.172,70.9,0.497,67.8,0.335,80.3,0.67,42.8,-0.43,91.3,1.133,48.8,-0.128,73.6,0.47,71.9,0.424,81.2,0.815,20.0,-0.744,97.6,2.885,47.6,-0.236,42.8,-0.337,39.9,-0.173,56.7,0.168,13.5,-1.129,88.5,0.586,47.6,-0.219,62.5,0.137,73.6,0.534,73.6,0.627,8.4,-1.058,95.9,2.213,48.8,-0.172,58.9,-0.003,71.2,0.419,72.6,0.516,8.4,-1.121,94.7,1.607,48.8,-0.172
a3m4r77behilkcznll07b7d1x,C. Leemans,NAC Breda,Midfielder,38,10,12.65181681989615,15,2,0,1.7565,0.4622,0.5848,0.6933,0.0924,0.0,17,5,6.993230502548074,3,0,0,1.5716,0.4622,0.6465,0.2773,0.0,0.0,21,5,5.658586317348082,12,2,0,1.9414,0.4622,0.5231,1.1093,0.1849,0.0,19,8,7.011268410389921,6,0,0,1.3511,0.5689,0.4986,0.4267,0.0,0.0,19,2,5.640548409506234,9,2,0,1.2546,0.1321,0.3725,0.5943,0.1321,0.0,10,2,2.603851006658211,6,0,0,1.8489,0.3698,0.4814,1.1093,0.0,0.0,60.3,0.033,46.4,-0.38,53.8,-0.209,66.1,-0.01,84.9,0.719,46.2,-0.298,38.9,-0.374,23.1,-0.767,25.5,-0.712,52.4,-0.209,74.5,0.106,46.2,-0.273,55.5,-0.139,46.2,-0.409,53.8,-0.169,41.8,-0.498,33.7,-0.532,48.6,-0.186,32.2,-0.446,23.1,-0.686,35.6,-0.425,27.4,-0.731,33.7,-0.441,48.6,-0.162,69.7,0.232,51.0,-0.313,53.8,-0.242,81.7,0.569,95.2,2.115,47.8,-0.224,53.8,-0.004,26.7,-0.597,24.5,-0.702,76.0,0.551,89.9,0.801,47.8,-0.216,65.1,0.113,67.3,0.09,62.0,-0.027,64.7,-0.083,34.9,-0.508,48.8,-0.172,37.0,-0.172,45.7,-0.035,31.2,-0.333,47.6,-0.275,34.9,-0.4,48.8,-0.128,57.0,-0.056,23.1,-0.848,43.8,-0.395,68.5,0.067,93.0,1.733,47.6,-0.236,33.7,-0.541,11.1,-1.265,11.5,-1.027,55.8,-0.08,86.5,0.488,47.6,-0.219,55.5,-0.039,24.8,-0.777,27.9,-0.656,73.3,0.486,36.3,-0.519,48.8,-0.172,49.5,-0.21,16.6,-0.842,21.2,-0.829,71.2,0.423,36.3,-0.47,48.8,-0.172
a40zl71xh862o3qqxy89mp8q2,B. Klaverboer,SC Heerenveen,Goalkeeper,24,0,2.107121378367013,0,0,0,1.482,0.0,0.1301,0.0,0.0,0.0,10,0,0.7668824475386788,0,0,0,2.3156,0.0,0.1776,0.0,0.0,0.0,14,0,1.340238930828334,0,0,0,1.1789,0.0,0.1129,0.0,0.0,0.0,9,0,0.765009421468582,0,0,0,0.9262,0.0,0.0787,0.0,0.0,0.0,15,0,1.342111956898431,0,0,0,1.3894,0.0,0.1243,0.0,0.0,0.0,6,0,0.673583658303848,0,0,0,1.1115,0.0,0.1248,0.0,0.0,0.0,78.8,0.828,25.0,-0.639,70.0,-0.041,45.0,-0.337,48.8,-0.214,51.2,0.0,92.5,0.645,25.0,-0.769,57.5,-0.229,45.0,-0.279,48.8,-0.226,51.2,0.0,75.0,0.489,30.0,-0.604,65.0,-0.167,45.0,-0.352,51.2,0.0,51.2,0.0,95.0,2.033,30.0,-0.602,82.5,0.209,45.0,-0.348,51.2,0.0,51.2,0.0,83.8,1.17,30.0,-0.588,75.0,0.082,48.8,-0.227,48.8,-0.214,51.2,0.0,45.0,-0.004,30.0,-0.668,57.5,-0.284,48.8,-0.193,48.8,-0.221,51.2,0.0,75.0,0.501,28.7,-0.631,72.5,-0.128,47.5,-0.281,51.2,0.0,51.2,0.0,35.0,0.123,28.7,-0.627,47.5,-0.325,47.5,-0.267,51.2,0.0,51.2,0.0,83.8,1.035,31.2,-0.567,75.0,0.016,47.5,-0.259,48.8,-0.214,51.2,0.0,87.5,0.91,31.2,-0.624,62.5,-0.132,47.5,-0.221,48.8,-0.226,51.2,0.0,61.3,0.424,32.5,-0.628,67.5,0.02,46.2,-0.294,50.0,-0.158,51.2,0.0,52.5,-0.254,32.5,-0.656,52.5,-0.206,46.2,-0.294,50.0,-0.158,51.2,0.0
a46irqckxabod18j2c0qfixre,K. Goudmijn,Go Ahead Eagles,Midfielder,40,10,13.31151941076838,20,2,0,2.8884,0.7221,0.9612,1.4442,0.1444,0.0,22,9,8.8026169674995,10,0,0,2.9503,1.2069,1.1805,1.341,0.0,0.0,18,1,4.508902443268876,10,2,0,2.8162,0.1565,0.7054,1.5645,0.3129,0.0,25,6,7.679444594631283,13,1,0,2.6076,0.6258,0.801,1.3559,0.1043,0.0,15,4,5.632074816137092,7,1,0,1.7601,0.4694,0.6609,0.8214,0.1173,0.0,11,4,4.028491277366855,3,1,0,2.0652,0.751,0.7563,0.5632,0.1877,0.0,63.9,0.091,46.4,-0.38,55.3,-0.165,76.4,0.251,84.9,0.719,46.2,-0.298,86.1,0.942,39.4,-0.268,64.4,0.2,83.2,0.877,83.7,0.444,46.2,-0.273,64.9,0.124,62.7,0.045,64.9,0.052,73.8,0.155,33.7,-0.532,48.6,-0.186,79.3,0.773,70.7,0.564,74.5,0.595,76.4,0.555,33.7,-0.441,48.6,-0.162,62.3,0.048,18.0,-0.858,44.2,-0.404,77.9,0.348,95.2,2.115,47.8,-0.224,86.5,0.973,13.5,-1.141,40.9,-0.282,89.4,1.249,96.6,1.626,47.8,-0.216,74.8,0.437,57.7,-0.144,65.4,0.056,83.7,0.609,80.8,0.604,48.8,-0.172,93.8,1.479,52.4,0.095,74.0,0.503,89.4,1.25,85.6,0.402,48.8,-0.128,48.3,-0.289,36.3,-0.594,43.3,-0.396,59.1,-0.136,78.6,0.582,47.6,-0.236,67.3,0.345,30.8,-0.456,52.4,-0.006,64.9,0.358,85.6,0.39,47.6,-0.219,62.5,0.137,51.4,-0.121,55.8,-0.126,50.2,-0.286,82.9,0.847,48.8,-0.172,62.5,0.016,52.9,-0.198,51.4,-0.256,50.0,-0.337,89.4,0.578,48.8,-0.172
a48j66n8bzz6ffcsyiodbfwq2,S. Maikuma,Alkmaar Zaanstreek,Defender,3,1,2.141944514533816,0,0,0,2.8251,0.9417,2.0171,0.0,0.0,0.0,0,0,0.0,0,0,0,0.0,0.0,0.0,0.0,0.0,0.0,3,1,2.141944514533816,0,0,0,2.8251,0.9417,2.0171,0.0,0.0,0.0,0,0,0.0,0,0,0,0.0,0.0,0.0,0.0,0.0,0.0,3,1,2.141944514533816,0,0,0,2.8251,0.9417,2.0171,0.0,0.0,0.0,3,1,2.141944514533816,0,0,0,2.8251,0.9417,2.0171,0.0,0.0,0.0,7.3,-0.908,13.1,-0.826,21.2,-0.763,6.2,-0.753,23.0,-0.752,45.6,-0.312,89.1,1.267,81.0,0.7,99.3,3.804,6.2,-1.182,23.0,-0.666,45.6,-0.295,2.9,-0.96,8.0,-0.878,2.9,-0.927,11.7,-0.716,29.9,-0.636,47.1,-0.254,2.9,-1.925,8.0,-1.325,2.9,-1.662,11.7,-1.05,29.9,-0.51,47.1,-0.242,16.8,-0.794,28.8,-0.668,42.3,-0.514,11.3,-0.758,33.9,-0.583,48.9,-0.173,87.6,1.13,84.7,0.676,99.3,3.149,11.3,-1.059,33.9,-0.483,48.9,-0.168,4.7,-0.94,11.7,-0.827,4.7,-0.872,14.6,-0.718,33.6,-0.568,46.7,-0.28,4.7,-2.153,11.7,-1.302,4.7,-1.658,14.6,-1.098,33.6,-0.47,46.7,-0.245,15.7,-0.84,21.9,-0.764,38.7,-0.618,9.5,-0.746,30.7,-0.627,48.9,-0.173,98.5,2.716,95.6,1.153,100.0,5.0,9.5,-1.219,30.7,-0.565,48.9,-0.158,7.3,-1.269,19.3,-0.885,39.4,-0.506,7.7,-1.0,32.5,-0.624,48.5,-0.194,89.1,1.14,82.5,0.584,99.3,3.453,7.7,-1.059,32.5,-0.601,48.5,-0.194
a4qjllaut1bo0ng3x4xu5lq6t,A. Ayew,NAC Breda,Forward,15,5,4.55128843092495,7,5,0,1.5417,0.5139,0.4678,0.7195,0.5139,0.0,9,3,2.095557790904597,4,4,0,2.7751,0.925,0.6462,1.2334,1.2334,0.0,6,2,2.455730640020353,3,1,0,0.925,0.3083,0.3786,0.4625,0.1542,0.0,9,2,2.791638556468052,4,3,0,1.3875,0.3083,0.4304,0.6167,0.4625,0.0,6,3,1.759649874456898,3,2,0,1.11,0.555,0.3255,0.555,0.37,0.0,8,2,2.483219639886141,3,4,0,1.48,0.37,0.4594,0.555,0.74,0.0,57.6,-0.193,54.4,-0.28,50.6,-0.372,79.7,0.14,88.6,0.798,50.0,-0.113,68.4,0.048,45.6,-0.219,29.1,-0.578,81.0,0.778,87.3,0.997,50.0,-0.113,61.4,-0.108,59.5,-0.23,49.4,-0.395,81.0,0.217,92.4,1.778,50.6,0.0,92.4,1.499,78.5,0.555,58.2,-0.019,94.9,2.011,100.0,3.455,50.6,0.0,54.4,-0.294,50.0,-0.338,48.1,-0.326,79.7,0.047,61.4,-0.11,50.0,-0.113,19.0,-0.564,34.2,-0.455,26.6,-0.576,73.4,0.236,55.7,-0.243,50.0,-0.113,72.2,0.027,56.3,-0.262,60.8,-0.189,84.2,0.248,94.9,1.863,50.6,0.0,75.9,0.537,38.0,-0.325,40.5,-0.174,84.8,1.095,92.4,1.127,50.6,0.0,43.7,-0.404,50.6,-0.285,34.2,-0.513,75.3,-0.003,74.1,0.14,50.0,-0.113,48.1,-0.219,59.5,0.258,21.5,-0.704,83.5,0.668,77.2,0.44,50.0,-0.113,74.7,0.134,47.5,-0.27,46.8,-0.263,81.0,0.3,94.9,1.999,50.6,0.0,68.4,-0.048,38.0,-0.399,36.7,-0.477,75.9,0.226,92.4,1.707,50.6,0.0
a76yp8gkkg6frtuhh3d6l46i,D. Proper,Nijmegen Eendracht Combinatie,Midfielder,19,11,10.42260391207298,2,0,0,1.3453,0.7789,0.738,0.1416,0.0,0.0,6,2,2.073068957528875,0,0,0,1.1046,0.3682,0.3817,0.0,0.0,0.0,13,9,8.349534954544103,2,0,0,1.4958,1.0356,0.9607,0.2301,0.0,0.0,6,3,3.496742973360003,1,0,0,1.3808,0.6904,0.8047,0.2301,0.0,0.0,13,8,6.925860938712974,1,0,0,1.1967,0.7364,0.6375,0.0921,0.0,0.0,6,3,3.277358162477629,1,0,0,1.1046,0.5523,0.6034,0.1841,0.0,0.0,38.9,-0.518,48.3,-0.316,46.6,-0.359,22.1,-0.686,25.0,-0.653,46.2,-0.298,21.2,-0.852,45.7,-0.159,38.0,-0.341,14.4,-1.007,25.0,-0.494,46.2,-0.273,29.3,-0.717,29.8,-0.749,27.9,-0.768,9.1,-0.777,33.7,-0.532,48.6,-0.186,18.8,-0.859,20.2,-0.844,18.8,-0.931,9.1,-1.066,33.7,-0.441,48.6,-0.162,51.2,-0.258,67.5,0.233,66.3,0.136,33.9,-0.534,35.1,-0.551,47.8,-0.224,33.2,-0.501,68.8,0.424,70.2,0.307,23.1,-0.797,35.1,-0.393,47.8,-0.216,38.0,-0.589,45.4,-0.493,46.2,-0.462,31.7,-0.578,34.9,-0.508,48.8,-0.172,38.0,-0.133,61.1,0.242,75.0,0.514,33.7,-0.598,34.9,-0.4,48.8,-0.128,43.3,-0.406,56.7,-0.085,50.5,-0.219,20.0,-0.744,33.4,-0.57,47.6,-0.236,29.3,-0.643,56.7,0.185,50.5,-0.089,15.4,-1.046,33.4,-0.387,47.6,-0.219,23.1,-0.742,38.0,-0.449,38.9,-0.405,23.8,-0.801,36.3,-0.519,48.8,-0.172,13.0,-0.99,31.7,-0.534,33.2,-0.575,19.0,-0.865,36.3,-0.47,48.8,-0.172
a7nh8z0jhxz60rbm2jn1m05jo,S. Blokhuis,Heracles Almelo,Midfielder,2,0,1.010889369581524,1,0,0,1.9048,0.0,0.9628,0.9524,0.0,0.0,2,0,1.010889369581524,1,0,0,1.9048,0.0,0.9628,0.9524,0.0,0.0,0,0,0.0,0,0,0,0.0,0.0,0.0,0.0,0.0,0.0,0,0,0.0,0,0,0,0.0,0.0,0.0,0.0,0.0,0.0,2,0,1.010889369581524,1,0,0,1.9048,0.0,0.9628,0.9524,0.0,0.0,2,0,1.010889369581524,1,0,0,1.9048,0.0,0.9628,0.9524,0.0,0.0,6.7,-1.011,3.6,-1.025,8.7,-0.993,14.7,-0.738,25.0,-0.653,46.2,-0.298,47.6,-0.201,3.6,-1.653,64.9,0.204,67.3,0.166,25.0,-0.494,46.2,-0.273,13.9,-0.927,7.0,-0.976,17.8,-0.898,25.2,-0.684,33.7,-0.532,48.6,-0.186,52.9,-0.151,7.0,-1.462,61.5,0.179,67.3,0.085,33.7,-0.441,48.6,-0.162,1.7,-1.055,6.7,-0.994,1.7,-1.038,8.2,-0.754,35.1,-0.551,47.8,-0.224,1.7,-2.171,6.7,-1.42,1.7,-1.909,8.2,-1.15,35.1,-0.393,47.8,-0.216,6.2,-0.912,11.3,-0.843,6.2,-0.896,13.9,-0.676,34.9,-0.508,48.8,-0.172,6.2,-1.947,11.3,-1.333,6.2,-1.711,13.9,-0.976,34.9,-0.4,48.8,-0.128,9.9,-1.048,5.3,-1.103,10.6,-1.027,20.0,-0.744,33.4,-0.57,47.6,-0.236,77.9,0.599,5.3,-1.582,90.4,1.063,80.3,0.61,33.4,-0.387,47.6,-0.219,6.7,-1.444,3.6,-1.432,8.7,-1.249,23.8,-0.801,36.3,-0.519,48.8,-0.172,55.3,-0.152,3.6,-1.467,62.5,0.176,69.2,0.204,36.3,-0.47,48.8,-0.172
a7vlgirln231n3dqjhb72o0es,O. Aertssen,PEC Zwolle,Defender,32,14,11.22410269931791,18,0,0,1.7713,0.7749,0.6213,0.9964,0.0,0.0,20,9,7.028653961948137,11,0,0,2.0911,0.941,0.7349,1.1501,0.0,0.0,12,5,4.195448737369773,7,0,0,1.4115,0.5881,0.4935,0.8234,0.0,0.0,14,7,5.68561456672246,5,0,0,1.3174,0.6587,0.535,0.4705,0.0,0.0,18,7,5.538488132595448,13,0,0,1.5398,0.5988,0.4738,1.1121,0.0,0.0,9,3,3.522474771018735,3,0,0,1.6938,0.5646,0.6629,0.5646,0.0,0.0,70.8,0.141,77.7,0.389,72.3,0.155,72.6,0.245,23.0,-0.752,45.6,-0.312,55.5,-0.122,66.4,0.314,54.7,-0.076,63.5,0.266,23.0,-0.666,45.6,-0.295,78.5,0.338,83.6,0.625,77.4,0.348,79.2,0.386,29.9,-0.636,47.1,-0.254,70.1,0.292,77.4,0.647,67.2,0.293,69.3,0.464,29.9,-0.51,47.1,-0.242,60.6,-0.102,69.0,0.078,63.5,-0.082,68.2,0.067,33.9,-0.583,48.9,-0.173,42.3,-0.373,56.9,0.009,41.6,-0.25,55.5,0.049,33.9,-0.483,48.9,-0.168,69.0,0.05,80.7,0.458,75.2,0.252,62.4,-0.147,33.6,-0.568,46.7,-0.28,51.1,-0.021,74.5,0.712,69.3,0.419,51.1,-0.184,33.6,-0.47,46.7,-0.245,70.4,0.227,71.9,0.293,65.7,0.05,81.8,0.584,30.7,-0.627,48.9,-0.173,65.0,0.192,63.5,0.262,49.6,-0.164,83.2,1.006,30.7,-0.565,48.9,-0.158,58.8,-0.021,55.8,-0.066,67.9,0.201,54.7,-0.269,32.5,-0.624,48.5,-0.194,59.1,-0.183,55.5,-0.177,64.2,0.037,53.3,-0.33,32.5,-0.601,48.5,-0.194
aafz6q5ggn9e6m5hprc71lgph,M. van der Hoorn,FC Utrecht,Defender,25,10,7.601099377511373,0,2,0,1.1499,0.4599,0.3496,0.0,0.092,0.0,14,6,3.988864384858513,0,1,0,1.1708,0.5018,0.3336,0.0,0.0836,0.0,11,4,3.612234992652859,0,1,0,1.1243,0.4088,0.3692,0.0,0.1022,0.0,14,7,3.42672861468653,0,0,0,1.1708,0.5854,0.2866,0.0,0.0,0.0,11,3,4.174370762824843,0,2,0,1.0119,0.276,0.384,0.0,0.184,0.0,6,3,1.335278686229413,0,0,0,1.1039,0.5519,0.2457,0.0,0.0,0.0,62.4,-0.112,67.2,0.015,57.7,-0.211,6.2,-0.753,77.4,0.52,45.6,-0.312,14.6,-0.941,37.2,-0.417,20.4,-0.832,6.2,-1.182,62.8,-0.031,45.6,-0.295,65.0,-0.051,70.1,0.124,59.1,-0.203,11.7,-0.716,71.2,0.262,47.1,-0.254,24.1,-0.684,48.2,-0.273,21.9,-0.775,11.7,-1.05,65.7,-0.079,47.1,-0.242,58.4,-0.179,61.7,-0.109,57.7,-0.204,11.3,-0.758,78.8,0.645,48.9,-0.173,23.4,-0.678,40.1,-0.329,31.4,-0.527,11.3,-1.059,75.2,0.176,48.9,-0.168,69.0,0.05,80.7,0.458,60.6,-0.194,14.6,-0.718,33.6,-0.568,46.7,-0.28,39.4,-0.259,66.4,0.488,29.9,-0.545,14.6,-1.098,33.6,-0.47,46.7,-0.245,52.2,-0.271,48.9,-0.412,55.5,-0.218,9.5,-0.746,88.7,1.24,48.9,-0.173,19.7,-0.845,29.9,-0.576,37.2,-0.464,9.5,-1.219,83.2,0.733,48.9,-0.158,25.5,-0.645,55.8,-0.066,15.3,-0.919,7.7,-1.0,32.5,-0.624,48.5,-0.194,14.6,-0.873,44.5,-0.202,9.5,-1.016,7.7,-1.059,32.5,-0.601,48.5,-0.194
aajft01g5yggw0is5fbfh3105,B. Nieuwkoop,Feyenoord Rotterdam,Defender,17,5,6.638767487902129,6,1,0,1.9539,0.5747,0.763,0.6896,0.1149,0.0,4,2,2.533031717510044,1,0,0,1.8389,0.9195,1.1645,0.4597,0.0,0.0,13,3,4.105735770392085,5,1,0,1.9922,0.4597,0.6292,0.7662,0.1532,0.0,6,3,1.963251282761042,3,0,0,1.8389,0.9195,0.6017,0.9195,0.0,0.0,11,2,4.675516205141086,3,1,0,1.4449,0.2627,0.6141,0.3941,0.1314,0.0,9,3,3.106311697484736,2,1,0,1.655,0.5517,0.5712,0.3678,0.1839,0.0,45.6,-0.402,44.9,-0.452,51.8,-0.309,50.7,-0.42,57.7,-0.116,45.6,-0.312,66.4,0.119,51.1,-0.15,67.9,0.318,50.4,-0.18,67.9,0.127,45.6,-0.295,24.1,-0.7,36.9,-0.544,43.8,-0.468,30.3,-0.616,29.9,-0.636,47.1,-0.254,55.5,0.025,70.8,0.602,88.3,1.436,43.1,-0.444,29.9,-0.51,47.1,-0.242,63.5,-0.025,53.6,-0.295,62.0,-0.101,61.3,-0.169,78.8,0.645,48.9,-0.173,66.4,0.245,42.3,-0.233,61.3,0.053,54.0,-0.028,83.2,0.505,48.9,-0.168,38.3,-0.516,54.4,-0.276,42.3,-0.484,52.9,-0.375,33.6,-0.568,46.7,-0.28,80.3,0.823,92.7,1.509,75.2,0.678,68.6,0.689,33.6,-0.47,46.7,-0.245,52.2,-0.271,36.1,-0.588,59.1,-0.12,47.1,-0.439,72.3,0.306,48.9,-0.173,59.1,0.005,27.7,-0.61,68.6,0.306,42.3,-0.431,78.8,0.362,48.9,-0.158,58.8,-0.021,55.8,-0.066,59.1,-0.012,41.2,-0.513,78.8,0.712,48.5,-0.194,49.6,-0.229,43.8,-0.203,52.6,-0.195,30.7,-0.584,67.9,0.513,48.5,-0.194
ab17bik4y8ilv3ahe50a81ixg,M. Meerdink,Alkmaar Zaanstreek,Forward,12,7,6.361600105992397,0,3,0,1.1232,0.6552,0.5954,0.0,0.2808,0.0,6,3,2.971435105471107,0,1,0,1.1232,0.5616,0.5562,0.0,0.1872,0.0,6,4,3.39016500052129,0,2,0,1.1232,0.7488,0.6346,0.0,0.3744,0.0,6,3,3.090956931785946,0,1,0,1.1232,0.5616,0.5786,0.0,0.1872,0.0,6,4,3.270643174206452,0,2,0,0.936,0.624,0.5102,0.0,0.312,0.0,7,4,4.060134985443772,0,1,0,1.3103,0.7488,0.76,0.0,0.1872,0.0,51.9,-0.307,65.2,-0.122,55.7,-0.224,13.9,-0.568,72.8,0.189,50.0,-0.113,27.8,-0.577,59.5,0.08,45.6,-0.233,13.9,-0.862,75.9,0.173,50.0,-0.113,51.9,-0.309,59.5,-0.23,59.5,-0.272,19.0,-0.545,61.4,-0.095,50.6,0.0,43.0,-0.356,53.2,-0.09,45.6,-0.209,19.0,-0.853,68.4,-0.066,50.6,0.0,54.4,-0.294,69.6,0.052,59.5,-0.153,25.3,-0.542,83.5,0.374,50.0,-0.113,35.4,-0.315,75.9,0.441,59.5,0.062,25.3,-0.68,77.2,0.417,50.0,-0.113,61.4,-0.196,69.0,-0.098,62.0,-0.138,25.3,-0.464,71.5,0.219,50.6,0.0,53.2,0.127,67.1,0.244,60.8,0.245,25.3,-0.764,74.7,0.172,50.6,0.0,43.7,-0.404,60.1,-0.139,50.6,-0.29,18.4,-0.628,74.1,0.14,50.0,-0.113,30.4,-0.578,72.2,0.451,50.6,-0.053,18.4,-0.805,75.9,0.26,50.0,-0.113,60.8,-0.031,77.2,0.465,74.7,0.36,20.9,-0.547,62.7,-0.034,50.6,0.0,63.3,-0.218,74.7,0.3,70.9,0.197,20.9,-0.595,67.1,-0.125,50.6,0.0
ac3lkaa1lkbsa82tfylq5zcb8,N. Lebreton,Nijmegen Eendracht Combinatie,Forward,23,8,9.79540689714375,9,1,0,1.4121,0.4912,0.6014,0.5526,0.0614,0.0,11,5,5.28570550814633,3,0,0,1.6884,0.7674,0.8113,0.4605,0.0,0.0,12,3,4.50970138899742,6,1,0,1.2279,0.307,0.4615,0.614,0.1023,0.0,9,2,3.899620409806686,3,0,0,1.1841,0.2631,0.513,0.3947,0.0,0.0,14,6,5.895786487337063,6,1,0,1.1721,0.5023,0.4936,0.5023,0.0837,0.0,7,0,2.171241344848454,3,0,0,1.2893,0.0,0.3999,0.5526,0.0,0.0,75.3,0.111,68.4,-0.043,74.7,0.055,83.5,0.342,43.0,-0.42,50.0,-0.113,55.7,-0.145,40.5,-0.267,48.1,-0.217,74.7,0.398,35.4,-0.603,50.0,-0.113,67.7,0.025,71.5,0.024,72.2,0.053,75.3,0.027,24.1,-0.719,50.6,0.0,72.2,0.278,68.4,0.275,70.9,0.329,65.8,0.216,24.1,-0.696,50.6,0.0,75.9,0.217,62.7,-0.143,70.9,0.055,86.7,0.637,61.4,-0.11,50.0,-0.113,41.8,-0.184,32.9,-0.457,33.5,-0.369,77.2,0.536,48.1,-0.398,50.0,-0.113,72.2,0.027,56.3,-0.262,70.9,0.002,81.0,0.07,30.4,-0.604,50.6,0.0,57.0,0.222,36.7,-0.427,46.8,0.059,70.9,0.426,30.4,-0.478,50.6,0.0,75.9,0.19,77.8,0.154,70.9,0.097,86.1,0.623,54.4,-0.254,50.0,-0.113,50.6,-0.09,50.6,0.11,46.8,-0.111,81.0,0.528,51.9,-0.447,50.0,-0.113,60.8,-0.031,10.8,-1.005,38.0,-0.386,81.0,0.3,24.1,-0.712,50.6,0.0,49.4,-0.239,10.8,-1.081,27.8,-0.61,74.7,0.222,24.1,-0.745,50.6,0.0
aeqj9ogm0dntus0wl352w9z6y,C. Widell,SBV Excelsior,Defender,26,3,4.279570133161328,2,2,0,1.5128,0.1746,0.249,0.1164,0.1164,0.0,11,2,1.68276706005466,2,1,0,1.4629,0.266,0.2238,0.266,0.133,0.0,15,1,2.596803073106668,0,1,0,1.5516,0.1034,0.2686,0.0,0.1034,0.0,15,1,2.187874162473312,0,0,0,1.2695,0.0846,0.1852,0.0,0.0,0.0,11,2,2.091695970688015,2,2,0,1.1378,0.2069,0.2164,0.2069,0.2069,0.0,7,1,1.224674353682081,1,1,0,1.3033,0.1862,0.228,0.1862,0.1862,0.0,64.6,-0.076,30.7,-0.639,38.7,-0.547,28.1,-0.642,77.4,0.52,45.6,-0.312,39.4,-0.463,10.2,-1.078,4.4,-1.111,16.1,-1.013,69.7,0.137,45.6,-0.295,54.4,-0.246,36.9,-0.544,29.9,-0.622,41.6,-0.516,71.2,0.262,47.1,-0.254,43.8,-0.374,21.9,-0.768,8.8,-1.067,34.3,-0.699,75.5,0.176,47.1,-0.242,69.0,0.129,28.8,-0.668,48.9,-0.418,11.3,-0.758,78.8,0.645,48.9,-0.173,46.7,-0.224,19.7,-0.904,19.7,-0.751,11.3,-1.059,75.9,0.184,48.9,-0.168,72.6,0.12,29.9,-0.643,45.3,-0.439,14.6,-0.718,33.6,-0.568,46.7,-0.28,46.7,-0.099,23.4,-1.043,16.1,-0.939,14.6,-1.098,33.6,-0.47,46.7,-0.245,52.2,-0.271,36.1,-0.588,37.2,-0.628,36.9,-0.541,88.7,1.24,48.9,-0.173,28.5,-0.598,20.4,-0.755,8.8,-1.025,26.3,-0.805,85.4,0.895,48.9,-0.158,36.9,-0.437,19.3,-0.885,10.9,-0.976,24.1,-0.757,78.8,0.712,48.5,-0.194,29.2,-0.64,15.0,-0.939,6.6,-1.06,23.0,-0.819,80.3,0.527,48.5,-0.194
afww998w4zov3quy71r4jn3kl,S. Bastien,Fortuna Sittard,Midfielder,1,0,0.29871881400276,0,1,0,0.9262,0.0,0.2767,0.0,0.9262,0.0,0,0,0.0,0,0,0,0.0,0.0,0.0,0.0,0.0,0.0,1,0,0.29871881400276,0,1,0,0.9262,0.0,0.2767,0.0,0.9262,0.0,0,0,0.0,0,0,0,0.0,0.0,0.0,0.0,0.0,0.0,1,0,0.29871881400276,0,1,0,0.9262,0.0,0.2767,0.0,0.9262,0.0,1,0,0.29871881400276,0,1,0,0.9262,0.0,0.2767,0.0,0.9262,0.0,2.6,-1.04,3.6,-1.025,1.9,-1.041,5.3,-0.79,64.7,0.033,46.2,-0.298,3.4,-1.339,3.6,-1.653,3.8,-1.458,5.3,-1.212,99.5,5.521,46.2,-0.273,3.8,-1.033,7.0,-0.976,3.8,-1.021,9.1,-0.777,33.7,-0.532,48.6,-0.186,3.8,-1.835,7.0,-1.462,3.8,-1.66,9.1,-1.066,33.7,-0.441,48.6,-0.162,6.0,-0.994,6.7,-0.994,5.3,-0.996,8.2,-0.754,81.5,0.782,47.8,-0.224,8.7,-1.137,6.7,-1.42,7.2,-1.271,8.2,-1.15,99.0,5.584,47.8,-0.216,6.2,-0.912,11.3,-0.843,6.2,-0.896,13.9,-0.676,34.9,-0.508,48.8,-0.172,6.2,-1.947,11.3,-1.333,6.2,-1.711,13.9,-0.976,34.9,-0.4,48.8,-0.128,4.3,-1.107,5.3,-1.103,4.3,-1.124,6.7,-0.845,78.6,0.582,47.6,-0.236,5.5,-1.117,5.3,-1.582,6.2,-1.366,6.7,-1.224,99.5,5.743,47.6,-0.219,2.6,-1.62,3.6,-1.432,1.9,-1.514,8.4,-1.058,82.9,0.847,48.8,-0.172,4.3,-1.177,3.6,-1.467,4.8,-1.257,8.4,-1.121,99.5,4.7,48.8,-0.172
ahwtdhrerarmljk9bh0tcpk6i,S. Steijn,Feyenoord Rotterdam,Midfielder,22,15,10.65389570625916,3,3,0,1.7061,1.1632,0.8262,0.2326,0.2326,0.0,10,7,5.635495966899955,1,1,0,1.8612,1.3028,1.0489,0.1861,0.1861,0.0,12,8,5.018399739359205,2,2,0,1.5953,1.0635,0.6671,0.2659,0.2659,0.0,14,9,6.846250100712872,1,3,0,1.4476,0.9306,0.7079,0.1034,0.3102,0.0,8,6,3.807645605546289,2,0,0,1.4889,1.1167,0.7087,0.3722,0.0,0.0,6,6,2.901612437127795,2,1,0,1.1167,1.1167,0.54,0.3722,0.1861,0.0,43.5,-0.431,59.9,-0.058,48.1,-0.344,27.2,-0.634,92.8,1.406,46.2,-0.298,37.5,-0.432,75.5,0.578,50.0,-0.127,18.8,-0.876,92.3,1.016,46.2,-0.273,41.6,-0.507,53.6,-0.182,47.6,-0.334,25.2,-0.684,78.1,0.456,48.6,-0.186,48.1,-0.19,77.4,0.725,66.3,0.344,23.1,-0.841,87.0,0.589,48.6,-0.162,47.6,-0.32,63.9,0.096,51.0,-0.332,33.9,-0.534,95.2,2.115,47.8,-0.224,39.4,-0.39,70.2,0.473,36.5,-0.37,26.0,-0.742,94.2,1.323,47.8,-0.216,58.2,-0.157,71.9,0.206,61.1,-0.047,31.7,-0.578,97.6,2.826,48.8,-0.172,44.7,-0.045,77.9,0.79,61.5,0.246,29.8,-0.806,95.7,1.986,48.8,-0.128,30.3,-0.698,47.1,-0.339,33.7,-0.645,31.2,-0.642,33.4,-0.57,47.6,-0.236,53.8,-0.13,93.8,1.097,56.2,0.163,37.5,-0.507,33.4,-0.387,47.6,-0.219,23.1,-0.742,73.6,0.534,34.6,-0.545,38.2,-0.543,82.9,0.847,48.8,-0.172,14.9,-0.977,71.6,0.42,27.4,-0.707,34.6,-0.603,80.8,0.569,48.8,-0.172
ait187bpr8we72jvfxxt6ttjp,M. te Wierik,Heracles Almelo,Defender,11,6,3.703667484780223,5,3,0,1.2806,0.6985,0.4312,0.5821,0.3492,0.0,7,6,2.569795692047518,3,3,0,1.6298,1.397,0.5983,0.6985,0.6985,0.0,4,0,1.133871792732705,2,0,0,0.9313,0.0,0.264,0.4657,0.0,0.0,5,2,1.854054678692909,3,1,0,1.1642,0.4657,0.4317,0.6985,0.2328,0.0,6,4,1.849612806087315,2,2,0,1.1176,0.7451,0.3445,0.3725,0.3725,0.0,8,4,3.097813643577184,3,3,0,1.4901,0.7451,0.577,0.5588,0.5588,0.0,30.7,-0.619,50.0,-0.359,32.8,-0.605,47.4,-0.475,89.1,1.156,45.6,-0.312,24.8,-0.769,63.5,0.137,35.0,-0.605,46.0,-0.336,94.9,1.743,45.6,-0.295,37.6,-0.506,70.1,0.124,44.5,-0.461,50.0,-0.415,95.3,2.06,47.1,-0.254,51.1,-0.197,93.4,1.603,56.2,-0.07,54.0,-0.13,98.5,3.096,47.1,-0.242,23.7,-0.717,9.9,-0.855,21.9,-0.726,43.4,-0.523,33.9,-0.583,48.9,-0.173,13.9,-0.883,9.9,-1.099,19.0,-0.762,44.5,-0.432,33.9,-0.483,48.9,-0.168,31.8,-0.586,43.1,-0.46,40.9,-0.505,52.9,-0.375,78.1,0.543,46.7,-0.28,36.5,-0.269,56.9,0.122,56.2,0.018,58.4,0.259,93.4,1.357,46.7,-0.245,32.8,-0.626,56.6,-0.235,32.1,-0.676,36.9,-0.541,88.7,1.24,48.9,-0.173,27.0,-0.637,80.3,0.642,26.3,-0.596,39.4,-0.474,94.9,2.063,48.9,-0.158,47.8,-0.229,68.2,0.344,58.4,-0.016,54.7,-0.269,98.5,3.386,48.5,-0.194,42.7,-0.422,66.4,0.187,53.3,-0.18,48.5,-0.338,97.8,2.784,48.5,-0.194
ajs5py826pvol60tokraxrpey,D. Bielica,NAC Breda,Goalkeeper,4,0,0.284762140462361,0,0,0,0.9238,0.0,0.0658,0.0,0.0,0.0,1,0,0.0780621601286082,0,0,0,0.9238,0.0,0.0721,0.0,0.0,0.0,3,0,0.2066999803337528,0,0,0,0.9238,0.0,0.0636,0.0,0.0,0.0,2,0,0.1110478260350132,0,0,0,0.9238,0.0,0.0513,0.0,0.0,0.0,2,0,0.1737143144273478,0,0,0,0.9238,0.0,0.0802,0.0,0.0,0.0,4,0,0.284762140462361,0,0,0,0.9238,0.0,0.0658,0.0,0.0,0.0,41.2,-0.691,25.0,-0.639,40.0,-0.514,45.0,-0.337,48.8,-0.214,51.2,0.0,20.0,-0.881,25.0,-0.769,22.5,-0.613,45.0,-0.279,48.8,-0.226,51.2,0.0,32.5,-0.725,30.0,-0.604,37.5,-0.526,45.0,-0.352,51.2,0.0,51.2,0.0,27.5,-0.132,30.0,-0.602,42.5,-0.418,45.0,-0.348,51.2,0.0,51.2,0.0,42.5,-0.599,30.0,-0.588,40.0,-0.493,48.8,-0.227,48.8,-0.214,51.2,0.0,27.5,-0.472,30.0,-0.668,30.0,-0.54,48.8,-0.193,48.8,-0.221,51.2,0.0,42.5,-0.587,28.7,-0.631,35.0,-0.549,47.5,-0.281,51.2,0.0,51.2,0.0,32.5,0.118,28.7,-0.627,27.5,-0.514,47.5,-0.267,51.2,0.0,51.2,0.0,36.2,-0.718,31.2,-0.567,37.5,-0.471,47.5,-0.259,48.8,-0.214,51.2,0.0,25.0,-0.347,31.2,-0.624,37.5,-0.388,47.5,-0.221,48.8,-0.226,51.2,0.0,41.2,-0.283,32.5,-0.628,40.0,-0.522,46.2,-0.294,50.0,-0.158,51.2,0.0,20.0,-0.771,32.5,-0.656,27.5,-0.687,46.2,-0.294,50.0,-0.158,51.2,0.0
aklhi0hr28nidjlkw1sokp785,A. Meijers,FC Volendam,Defender,7,1,2.052192075773944,6,0,0,1.3263,0.1895,0.3888,1.1368,0.0,0.0,2,0,0.6831416711026238,2,0,0,1.8947,0.0,0.6472,1.8947,0.0,0.0,5,1,1.36905040467132,4,0,0,1.1842,0.2368,0.3242,0.9474,0.0,0.0,0,0,0.0,0,0,0,0.0,0.0,0.0,0.0,0.0,0.0,7,1,2.052192075773944,6,0,0,1.3263,0.1895,0.3888,1.1368,0.0,0.0,7,1,2.052192075773944,6,0,0,1.3263,0.1895,0.3888,1.1368,0.0,0.0,18.6,-0.763,13.1,-0.826,18.2,-0.772,50.7,-0.42,23.0,-0.752,45.6,-0.312,28.5,-0.709,11.7,-1.043,25.5,-0.723,69.3,0.47,23.0,-0.666,45.6,-0.295,11.3,-0.83,8.0,-0.878,11.7,-0.803,41.6,-0.516,29.9,-0.636,47.1,-0.254,62.8,0.084,8.0,-1.325,59.1,0.06,92.0,1.445,29.9,-0.51,47.1,-0.242,31.4,-0.64,28.8,-0.668,28.5,-0.677,57.7,-0.287,33.9,-0.583,48.9,-0.173,28.5,-0.614,31.4,-0.653,29.2,-0.627,65.3,0.215,33.9,-0.483,48.9,-0.168,4.7,-0.94,11.7,-0.827,4.7,-0.872,14.6,-0.718,33.6,-0.568,46.7,-0.28,4.7,-2.153,11.7,-1.302,4.7,-1.658,14.6,-1.098,33.6,-0.47,46.7,-0.245,35.8,-0.555,21.9,-0.764,35.0,-0.636,63.1,-0.132,30.7,-0.627,48.9,-0.173,45.3,-0.228,19.0,-0.8,39.4,-0.448,84.7,1.055,30.7,-0.565,48.9,-0.158,36.9,-0.437,19.3,-0.885,36.5,-0.552,72.6,0.463,32.5,-0.624,48.5,-0.194,35.0,-0.613,21.2,-0.933,29.2,-0.655,74.5,0.409,32.5,-0.601,48.5,-0.194
al7bdbzd91zkuh6ilsvw3fsru,V. Sejk,SC Heerenveen,Forward,8,6,4.333652474326896,1,1,0,1.2252,0.9189,0.6637,0.1532,0.1532,0.0,2,0,0.2973111460376473,1,1,0,0.9189,0.0,0.1366,0.4595,0.4595,0.0,6,6,4.036341328289248,0,0,0,1.3784,1.3784,0.9273,0.0,0.0,0.0,1,1,0.8016891405294295,0,0,0,0.9189,0.9189,0.7367,0.0,0.0,0.0,7,5,3.531963333797466,1,1,0,1.2865,0.9189,0.6491,0.1838,0.1838,0.0,6,4,3.051737958093448,1,1,0,1.1027,0.7351,0.5609,0.1838,0.1838,0.0,39.9,-0.459,60.1,-0.201,46.8,-0.389,38.0,-0.467,43.0,-0.42,50.0,-0.113,38.0,-0.424,82.3,0.637,58.2,-0.048,43.0,-0.513,49.4,-0.279,50.0,-0.113,26.6,-0.576,13.3,-0.612,15.2,-0.647,50.0,-0.355,61.4,-0.095,50.6,0.0,15.2,-0.586,13.3,-1.087,13.9,-1.094,64.6,0.214,81.0,0.85,50.6,0.0,54.4,-0.294,81.0,0.442,68.4,-0.033,25.3,-0.542,21.5,-0.595,50.0,-0.113,57.0,0.005,93.7,1.721,87.3,0.791,25.3,-0.68,21.5,-0.705,50.0,-0.113,25.3,-0.567,40.5,-0.426,36.7,-0.534,25.3,-0.464,30.4,-0.604,50.6,0.0,27.2,-0.189,84.8,1.047,81.0,0.692,25.3,-0.764,30.4,-0.478,50.6,0.0,49.4,-0.329,70.9,0.007,55.7,-0.252,45.6,-0.42,54.4,-0.254,50.0,-0.113,67.1,0.146,91.1,1.28,69.6,0.437,49.4,-0.317,60.8,-0.137,50.0,-0.113,44.9,-0.197,77.2,0.465,59.5,-0.038,54.4,-0.264,62.7,-0.034,50.6,0.0,32.9,-0.427,67.1,0.275,48.1,-0.249,44.3,-0.323,51.3,-0.136,50.6,0.0
alkcbccyfsjddm897cgz7wel1,J. Cillessen,Nijmegen Eendracht Combinatie,Goalkeeper,1,0,0.0299419764567128,0,0,0,0.9184,0.0,0.0275,0.0,0.0,0.0,0,0,0.0,0,0,0,0.0,0.0,0.0,0.0,0.0,0.0,1,0,0.0299419764567128,0,0,0,0.9184,0.0,0.0275,0.0,0.0,0.0,1,0,0.0299419764567128,0,0,0,0.9184,0.0,0.0275,0.0,0.0,0.0,0,0,0.0,0,0,0,0.0,0.0,0.0,0.0,0.0,0.0,1,0,0.0299419764567128,0,0,0,0.9184,0.0,0.0275,0.0,0.0,0.0,12.5,-0.919,25.0,-0.639,2.5,-0.58,45.0,-0.337,48.8,-0.214,51.2,0.0,10.0,-0.895,25.0,-0.769,2.5,-0.843,45.0,-0.279,48.8,-0.226,51.2,0.0,11.2,-0.86,30.0,-0.604,11.2,-0.567,45.0,-0.352,51.2,0.0,51.2,0.0,11.2,-1.569,30.0,-0.602,11.2,-0.847,45.0,-0.348,51.2,0.0,51.2,0.0,18.8,-0.921,30.0,-0.588,15.0,-0.582,48.8,-0.227,48.8,-0.214,51.2,0.0,18.8,-0.482,30.0,-0.668,15.0,-0.727,48.8,-0.193,48.8,-0.221,51.2,0.0,30.0,-0.742,28.7,-0.631,22.5,-0.601,47.5,-0.281,51.2,0.0,51.2,0.0,27.5,0.107,28.7,-0.627,22.5,-0.678,47.5,-0.267,51.2,0.0,51.2,0.0,5.0,-0.988,31.2,-0.567,5.0,-0.543,47.5,-0.259,48.8,-0.214,51.2,0.0,5.0,-2.841,31.2,-0.624,5.0,-0.853,47.5,-0.221,48.8,-0.226,51.2,0.0,12.5,-1.343,32.5,-0.628,2.5,-0.877,46.2,-0.294,50.0,-0.158,51.2,0.0,10.0,-0.786,32.5,-0.656,2.5,-0.999,46.2,-0.294,50.0,-0.158,51.2,0.0
am19rcub89k9bleldiqps7845,S. van Gassel,SBV Excelsior,Goalkeeper,29,3,3.159429411149422,0,0,0,1.4203,0.1469,0.1547,0.0,0.0,0.0,13,1,1.273849085723695,0,0,0,1.0997,0.0846,0.1078,0.0,0.0,0.0,16,2,1.885580325425726,0,0,0,1.8611,0.2326,0.2193,0.0,0.0,0.0,19,3,2.352433503102528,0,0,0,1.36,0.2147,0.1684,0.0,0.0,0.0,10,0,0.8069959080468946,0,0,0,1.1632,0.0,0.0939,0.0,0.0,0.0,9,1,1.322646048319765,0,0,0,1.675,0.1861,0.2462,0.0,0.0,0.0,85.0,1.208,76.2,0.232,82.5,0.232,45.0,-0.337,48.8,-0.214,51.2,0.0,80.0,0.476,60.0,-0.036,70.0,-0.081,45.0,-0.279,48.8,-0.226,51.2,0.0,81.2,0.894,70.0,-0.029,80.0,0.097,45.0,-0.352,51.2,0.0,51.2,0.0,60.0,0.142,62.5,-0.236,52.5,-0.206,45.0,-0.348,51.2,0.0,51.2,0.0,92.5,1.492,80.0,0.435,85.0,0.359,48.8,-0.227,48.8,-0.214,51.2,0.0,92.5,1.247,75.0,0.234,80.0,0.269,48.8,-0.193,48.8,-0.221,51.2,0.0,95.0,2.056,90.0,1.262,90.0,0.895,47.5,-0.281,51.2,0.0,51.2,0.0,90.0,1.017,80.0,0.428,82.5,0.293,47.5,-0.267,51.2,0.0,51.2,0.0,72.5,0.361,31.2,-0.567,65.0,-0.207,47.5,-0.259,48.8,-0.214,51.2,0.0,62.5,0.299,31.2,-0.624,47.5,-0.308,47.5,-0.221,48.8,-0.226,51.2,0.0,95.0,1.484,71.2,0.269,87.5,0.924,46.2,-0.294,50.0,-0.158,51.2,0.0,92.5,1.298,70.0,0.191,87.5,0.783,46.2,-0.294,50.0,-0.158,51.2,0.0
amd4x99ed8bsx9kl01j0k12c4,S. de Laat,Nijmegen Eendracht Combinatie,Defender,1,1,0.7867187131388643,0,0,0,0.9574,0.9574,0.7532,0.0,0.0,0.0,1,1,0.7867187131388643,0,0,0,0.9574,0.9574,0.7532,0.0,0.0,0.0,0,0,0.0,0,0,0,0.0,0.0,0.0,0.0,0.0,0.0,0,0,0.0,0,0,0,0.0,0.0,0.0,0.0,0.0,0.0,1,1,0.7867187131388643,0,0,0,0.9574,0.9574,0.7532,0.0,0.0,0.0,1,1,0.7867187131388643,0,0,0,0.9574,0.9574,0.7532,0.0,0.0,0.0,1.1,-0.98,13.1,-0.826,4.4,-0.9,6.2,-0.753,23.0,-0.752,45.6,-0.312,6.2,-1.195,82.5,0.737,67.2,0.29,6.2,-1.182,23.0,-0.666,45.6,-0.295,7.3,-0.895,22.6,-0.711,13.9,-0.784,11.7,-0.716,29.9,-0.636,47.1,-0.254,16.8,-0.91,78.8,0.682,67.9,0.342,11.7,-1.05,29.9,-0.51,47.1,-0.242,3.3,-1.025,9.9,-0.855,3.3,-0.965,11.3,-0.758,33.9,-0.583,48.9,-0.173,3.3,-1.873,9.9,-1.099,3.3,-1.351,11.3,-1.059,33.9,-0.483,48.9,-0.168,4.7,-0.94,11.7,-0.827,4.7,-0.872,14.6,-0.718,33.6,-0.568,46.7,-0.28,4.7,-2.153,11.7,-1.302,4.7,-1.658,14.6,-1.098,33.6,-0.47,46.7,-0.245,3.6,-0.982,21.9,-0.764,11.7,-0.885,9.5,-0.746,30.7,-0.627,48.9,-0.173,18.6,-0.952,96.4,1.193,86.1,0.771,9.5,-1.219,30.7,-0.565,48.9,-0.158,1.1,-1.684,19.3,-0.885,4.4,-1.2,7.7,-1.0,32.5,-0.624,48.5,-0.194,10.6,-1.045,83.2,0.615,69.3,0.265,7.7,-1.059,32.5,-0.601,48.5,-0.194
aqnr6l3f02hx0soadunxbjcpg,J. Trenskow,SC Heerenveen,Midfielder,79,46,40.23661889003322,30,2,1,2.3595,1.3739,1.2017,0.896,0.0597,0.0299,36,24,18.50357679268748,14,1,1,2.2221,1.4814,1.1421,0.8641,0.0617,0.0617,43,22,21.73304209734574,16,1,0,2.4883,1.2731,1.2576,0.9259,0.0579,0.0,45,27,22.98899391036661,16,1,1,1.6025,0.9615,0.8186,0.5698,0.0356,0.0356,34,19,17.24762497966661,14,1,0,1.4309,0.7996,0.7259,0.5892,0.0421,0.0,9,6,4.851276795480335,2,0,1,1.6666,1.111,0.8983,0.3703,0.0,0.1852,89.7,1.223,93.5,1.941,90.9,1.648,83.7,0.771,84.9,0.719,96.2,3.344,68.3,0.327,84.1,0.982,81.2,0.783,61.1,0.084,65.6,-0.106,93.3,1.911,83.2,0.859,90.6,1.747,87.0,1.234,80.5,0.527,78.1,0.456,98.6,5.346,60.1,0.129,82.7,1.024,70.7,0.522,57.2,-0.022,68.8,-0.1,98.6,2.781,91.6,1.581,95.2,2.005,96.2,2.019,87.5,1.01,81.5,0.782,47.8,-0.224,77.2,0.607,87.0,0.847,84.1,0.992,64.4,0.27,71.4,-0.019,47.8,-0.216,92.3,1.516,96.2,2.305,93.8,1.954,87.5,0.905,80.8,0.604,98.8,5.788,55.8,0.158,83.7,0.861,76.4,0.552,57.7,-0.04,71.6,-0.126,98.1,1.838,81.2,0.82,88.5,1.314,87.5,1.189,81.5,0.573,78.6,0.582,47.6,-0.236,48.6,-0.232,62.0,0.336,58.2,0.224,53.8,-0.089,67.8,-0.108,47.6,-0.219,47.4,-0.215,73.6,0.534,63.9,0.181,38.2,-0.543,36.3,-0.519,98.8,5.788,40.4,-0.401,69.7,0.41,60.1,0.041,31.7,-0.606,36.3,-0.47,98.1,5.757
ar7llmzju08n8yrqu8xm1thck,O. Braude,SC Heerenveen,Defender,110,49,41.47936435411933,47,3,2,3.515,1.5658,1.3254,1.5019,0.0959,0.0639,54,20,18.85173699857002,25,1,2,3.5743,1.3238,1.2478,1.6548,0.0662,0.1324,56,29,22.62762735554931,22,2,0,3.4596,1.7916,1.3979,1.3591,0.1236,0.0,59,26,21.94772500677133,19,2,1,2.1028,0.9267,0.7822,0.6772,0.0713,0.0356,51,23,19.531639347348,28,1,1,2.2505,1.0149,0.8619,1.2356,0.0441,0.0441,22,13,10.05449127667531,9,0,0,4.0774,2.4094,1.8635,1.668,0.0,0.0,98.5,2.962,99.6,3.66,99.3,3.213,94.9,1.853,89.1,1.156,100.0,5.798,95.6,2.177,98.5,2.147,97.1,1.881,84.7,1.0,65.7,-0.004,97.1,3.338,96.7,2.546,97.1,2.463,95.6,2.493,94.9,1.789,71.2,0.262,100.0,6.694,93.4,1.864,91.2,1.45,92.0,1.658,84.7,1.129,61.3,-0.168,97.8,3.855,99.3,3.284,100.0,4.553,100.0,3.799,94.5,1.836,93.8,1.874,48.9,-0.173,94.9,1.804,98.5,2.277,97.1,1.768,79.6,0.769,78.8,0.314,48.9,-0.168,97.8,3.229,100.0,3.946,99.3,3.467,90.9,1.452,93.1,1.654,96.7,3.551,92.0,1.25,94.2,1.531,93.4,1.379,56.9,0.218,74.5,0.09,94.9,1.312,97.1,2.573,99.3,3.112,97.8,2.803,96.0,2.118,72.3,0.306,98.9,5.745,93.4,1.588,97.1,1.343,93.4,1.135,88.3,1.253,62.8,-0.254,98.5,3.849,98.2,2.681,100.0,4.031,100.0,3.548,88.3,1.194,32.5,-0.624,48.5,-0.194,97.8,2.604,99.3,3.543,97.8,3.065,84.7,1.095,32.5,-0.601,48.5,-0.194
ass524umdrpsq324wksaqef4k,M. Young,Sparta Rotterdam,Goalkeeper,12,6,4.313848428571306,0,0,0,1.3935,0.6967,0.5009,0.0,0.0,0.0,5,3,1.39319800792545,0,0,0,1.1612,0.6967,0.3236,0.0,0.0,0.0,7,3,2.920650420645856,0,0,0,1.6257,0.6967,0.6783,0.0,0.0,0.0,3,1,1.40445668820616,0,0,0,0.929,0.3097,0.4349,0.0,0.0,0.0,9,5,2.909391740365146,0,0,0,1.3935,0.7742,0.4505,0.0,0.0,0.0,6,5,2.41988763984074,0,0,0,1.1148,0.929,0.4496,0.0,0.0,0.0,62.5,-0.084,87.5,1.104,90.0,0.531,45.0,-0.337,48.8,-0.214,51.2,0.0,72.5,0.403,100.0,2.704,92.5,1.99,45.0,-0.279,48.8,-0.226,51.2,0.0,60.0,-0.185,86.2,1.122,82.5,0.159,45.0,-0.352,51.2,0.0,51.2,0.0,62.5,0.237,97.5,2.413,90.0,1.077,45.0,-0.348,51.2,0.0,51.2,0.0,61.3,0.044,88.8,0.946,90.0,0.884,48.8,-0.227,48.8,-0.214,51.2,0.0,85.0,0.816,95.0,2.036,97.5,2.652,48.8,-0.193,48.8,-0.221,51.2,0.0,50.0,-0.432,67.5,0.0,82.5,0.284,47.5,-0.281,51.2,0.0,51.2,0.0,40.0,0.129,90.0,0.895,95.0,2.13,47.5,-0.267,51.2,0.0,51.2,0.0,65.0,0.226,95.0,1.797,90.0,0.67,47.5,-0.259,48.8,-0.214,51.2,0.0,90.0,0.921,100.0,3.215,92.5,1.762,47.5,-0.221,48.8,-0.226,51.2,0.0,61.3,0.424,100.0,3.86,97.5,2.453,46.2,-0.294,50.0,-0.158,51.2,0.0,55.0,-0.245,100.0,3.57,97.5,2.44,46.2,-0.294,50.0,-0.158,51.2,0.0
atbvv2os8m7nfs0p128w5a6l1,M. Seuntjens,FC Groningen,Midfielder,26,8,9.847456820268615,12,1,0,3.0155,0.9278,1.1421,1.3918,0.116,0.0,20,7,7.124136393070451,12,0,0,3.7113,1.299,1.322,2.2268,0.0,0.0,6,1,2.723320427198164,0,1,0,1.8557,0.3093,0.8423,0.0,0.3093,0.0,0,0,0.0,0,0,0,0.0,0.0,0.0,0.0,0.0,0.0,26,8,9.847456820268615,12,1,0,3.0155,0.9278,1.1421,1.3918,0.116,0.0,20,7,8.616032051900444,6,1,0,3.7113,1.299,1.5989,1.1134,0.1856,0.0,48.1,-0.315,41.1,-0.509,44.7,-0.398,57.7,-0.166,64.7,0.033,46.2,-0.298,89.4,1.089,59.9,0.126,76.9,0.638,81.2,0.802,80.8,0.259,46.2,-0.273,60.8,0.018,53.6,-0.182,54.3,-0.153,76.9,0.341,33.7,-0.532,48.6,-0.186,92.8,1.446,76.4,0.718,80.8,0.866,92.8,1.625,33.7,-0.441,48.6,-0.162,29.6,-0.687,18.0,-0.858,33.2,-0.655,8.2,-0.754,81.5,0.782,47.8,-0.224,49.5,-0.099,17.3,-0.869,56.7,0.034,8.2,-1.15,95.7,1.603,47.8,-0.216,6.2,-0.912,11.3,-0.843,6.2,-0.896,13.9,-0.676,34.9,-0.508,48.8,-0.172,6.2,-1.947,11.3,-1.333,6.2,-1.711,13.9,-0.976,34.9,-0.4,48.8,-0.128,72.1,0.353,56.7,-0.085,65.9,0.179,76.0,0.371,78.6,0.582,47.6,-0.236,98.1,2.547,78.8,0.644,96.6,1.697,92.8,1.456,84.6,0.381,47.6,-0.219,94.7,1.718,80.8,0.862,89.9,1.582,73.3,0.486,82.9,0.847,48.8,-0.172,93.8,1.74,78.8,0.728,89.4,1.503,71.6,0.428,79.3,0.566,48.8,-0.172
avv12sgcucblnbfb790xovf8,R. van Bommel,PSV Eindhoven,Forward,18,11,9.644198676553739,5,1,0,2.7787,1.6981,1.4888,0.7719,0.1544,0.0,11,6,5.747687187134172,3,0,0,2.5472,1.3894,1.3309,0.6947,0.0,0.0,7,5,3.896511489419567,2,1,0,3.2419,2.3156,1.8046,0.9262,0.4631,0.0,11,7,5.778388482553515,3,1,0,1.6981,1.0806,0.892,0.4631,0.1544,0.0,7,4,3.865810194000224,2,0,0,3.2419,1.8525,1.7903,0.9262,0.0,0.0,14,9,7.60938169307204,4,1,0,2.5935,1.6672,1.4096,0.741,0.1852,0.0,65.2,-0.079,78.5,0.194,73.4,0.042,75.3,-0.063,43.0,-0.42,50.0,-0.113,94.9,1.894,96.2,2.284,96.2,2.18,83.5,0.898,51.9,-0.274,50.0,-0.113,67.7,0.025,75.9,0.151,73.4,0.117,75.3,0.027,24.1,-0.719,50.6,0.0,89.9,1.243,89.9,1.38,91.1,1.426,81.0,0.76,24.1,-0.696,50.6,0.0,60.8,-0.209,75.3,0.247,67.1,-0.059,67.7,-0.149,61.4,-0.11,50.0,-0.113,96.2,2.344,100.0,3.627,98.7,2.976,88.6,1.155,81.0,0.683,50.0,-0.113,79.7,0.176,85.4,0.559,83.5,0.327,81.0,0.07,71.5,0.219,50.6,0.0,86.1,1.019,93.7,1.41,91.1,1.131,74.7,0.632,69.6,0.058,50.6,0.0,49.4,-0.329,60.1,-0.139,59.5,-0.202,62.7,-0.211,21.5,-0.649,50.0,-0.113,100.0,4.19,100.0,3.904,100.0,4.461,92.4,1.653,21.5,-0.706,50.0,-0.113,93.7,1.129,97.5,2.303,96.2,1.76,86.7,0.582,62.7,-0.034,50.6,0.0,93.7,1.072,94.9,1.995,94.9,1.654,82.3,0.501,55.7,-0.132,50.6,0.0
avyhrrfkeizd3za28ni67x82c,C. Hatenboer,SC Telstar,Midfielder,39,14,15.08257337965941,15,0,0,2.7873,1.0006,1.078,1.0721,0.0,0.0,20,9,8.11415904517055,7,0,0,2.3228,1.0453,0.9424,0.813,0.0,0.0,19,5,6.968414334488862,8,0,0,3.5306,0.9291,1.2949,1.4866,0.0,0.0,26,8,8.954858867491458,10,0,0,2.1961,0.6757,0.7564,0.8446,0.0,0.0,13,6,6.127714512167954,5,0,0,1.5098,0.6968,0.7117,0.5807,0.0,0.0,11,4,4.248425319362827,2,0,0,2.044,0.7433,0.7895,0.3716,0.0,0.0,62.5,0.062,57.2,-0.122,59.6,-0.046,66.1,-0.01,25.0,-0.653,46.2,-0.298,83.2,0.824,67.3,0.266,74.5,0.483,69.7,0.339,25.0,-0.494,46.2,-0.273,60.8,0.018,62.7,0.045,61.1,-0.032,58.7,-0.125,33.7,-0.532,48.6,-0.186,61.5,0.218,63.5,0.293,58.7,0.14,53.8,-0.083,33.7,-0.441,48.6,-0.162,65.1,0.11,51.0,-0.313,61.1,-0.058,71.2,0.128,35.1,-0.551,47.8,-0.224,96.2,1.771,62.0,0.234,87.5,1.078,86.5,1.13,35.1,-0.393,47.8,-0.216,76.9,0.49,67.3,0.09,70.2,0.214,76.7,0.312,34.9,-0.508,48.8,-0.172,87.5,0.938,57.7,0.209,68.3,0.38,69.2,0.411,34.9,-0.4,48.8,-0.128,43.3,-0.406,47.1,-0.339,46.2,-0.328,48.1,-0.339,33.4,-0.57,47.6,-0.236,54.3,-0.094,54.3,0.09,57.2,0.174,52.9,-0.106,33.4,-0.387,47.6,-0.219,62.5,0.137,51.4,-0.121,58.2,-0.044,38.2,-0.543,36.3,-0.519,48.8,-0.172,57.7,-0.006,45.7,-0.211,53.8,-0.186,33.4,-0.604,36.3,-0.47,48.8,-0.172
awih1xkabe5o6afn6d85ilxw5,A. Noppert,SC Heerenveen,Goalkeeper,1,0,0.0361758452252692,0,0,0,0.9207,0.0,0.0333,0.0,0.0,0.0,0,0,0.0,0,0,0,0.0,0.0,0.0,0.0,0.0,0.0,1,0,0.0361758452252692,0,0,0,0.9207,0.0,0.0333,0.0,0.0,0.0,0,0,0.0,0,0,0,0.0,0.0,0.0,0.0,0.0,0.0,1,0,0.0361758452252692,0,0,0,0.9207,0.0,0.0333,0.0,0.0,0.0,1,0,0.0361758452252692,0,0,0,0.9207,0.0,0.0333,0.0,0.0,0.0,12.5,-0.919,25.0,-0.639,5.0,-0.579,45.0,-0.337,48.8,-0.214,51.2,0.0,17.5,-0.889,25.0,-0.769,5.0,-0.808,45.0,-0.279,48.8,-0.226,51.2,0.0,11.2,-0.86,30.0,-0.604,11.2,-0.567,45.0,-0.352,51.2,0.0,51.2,0.0,11.2,-1.569,30.0,-0.602,11.2,-0.847,45.0,-0.348,51.2,0.0,51.2,0.0,18.8,-0.921,30.0,-0.588,17.5,-0.579,48.8,-0.227,48.8,-0.214,51.2,0.0,25.0,-0.478,30.0,-0.668,17.5,-0.697,48.8,-0.193,48.8,-0.221,51.2,0.0,11.2,-0.898,28.7,-0.631,11.2,-0.62,47.5,-0.281,51.2,0.0,51.2,0.0,11.2,-1.785,28.7,-0.627,11.2,-0.867,47.5,-0.267,51.2,0.0,51.2,0.0,20.0,-0.853,31.2,-0.567,10.0,-0.528,47.5,-0.259,48.8,-0.214,51.2,0.0,22.5,-0.355,31.2,-0.624,10.0,-0.66,47.5,-0.221,48.8,-0.226,51.2,0.0,12.5,-1.343,32.5,-0.628,5.0,-0.868,46.2,-0.294,50.0,-0.158,51.2,0.0,17.5,-0.78,32.5,-0.656,5.0,-0.952,46.2,-0.294,50.0,-0.158,51.2,0.0
awsbedog2zaz7zpjucbcba82y,S. Shoretire,PEC Zwolle,Forward,20,10,11.27839793369567,4,0,0,1.4367,0.7183,0.8102,0.2873,0.0,0.0,8,4,4.03170853203186,2,0,0,1.2451,0.6226,0.6275,0.3113,0.0,0.0,12,6,7.246689401663811,2,0,0,1.6009,0.8004,0.9668,0.2668,0.0,0.0,9,5,5.287207675504452,0,0,0,1.4008,0.7782,0.8229,0.0,0.0,0.0,11,5,5.991190258191218,4,0,0,1.0272,0.4669,0.5595,0.3735,0.0,0.0,8,3,4.497933259250709,2,0,0,1.4942,0.5603,0.8401,0.3735,0.0,0.0,70.3,-0.003,75.3,0.115,75.9,0.175,69.0,-0.164,15.8,-0.725,50.0,-0.113,58.2,-0.109,69.6,0.213,75.9,0.347,57.0,-0.207,15.8,-0.821,50.0,-0.113,58.2,-0.175,66.5,-0.103,62.0,-0.123,67.1,-0.164,24.1,-0.719,50.6,0.0,48.1,-0.219,57.0,0.018,57.0,-0.059,60.8,-0.13,24.1,-0.696,50.6,0.0,75.9,0.217,81.0,0.442,86.1,0.562,67.7,-0.149,21.5,-0.595,50.0,-0.113,72.2,0.284,78.5,0.546,88.6,0.889,65.8,-0.152,21.5,-0.705,50.0,-0.113,72.2,0.027,77.8,0.231,78.5,0.242,25.3,-0.464,30.4,-0.604,50.6,0.0,79.7,0.558,77.2,0.731,84.8,0.935,25.3,-0.764,30.4,-0.478,50.6,0.0,66.5,-0.033,70.9,0.007,73.4,0.111,82.3,0.206,21.5,-0.649,50.0,-0.113,41.8,-0.39,45.6,0.01,53.2,0.121,72.2,0.186,21.5,-0.706,50.0,-0.113,74.7,0.134,64.6,0.098,79.7,0.532,73.4,0.018,24.1,-0.712,50.6,0.0,70.9,-0.033,60.8,-0.047,75.9,0.377,70.9,-0.043,24.1,-0.745,50.6,0.0
ax1f2gncrjm3q6wixxdr4chzo,L. Vennegoor of Hesselink,FC Twente,Forward,1,0,0.3319119399309836,1,0,0,0.9184,0.0,0.3048,0.9184,0.0,0.0,1,0,0.3319119399309836,1,0,0,0.9184,0.0,0.3048,0.9184,0.0,0.0,0,0,0.0,0,0,0,0.0,0.0,0.0,0.0,0.0,0.0,0,0,0.0,0,0,0,0.0,0.0,0.0,0.0,0.0,0.0,1,0,0.3319119399309836,1,0,0,0.9184,0.0,0.3048,0.9184,0.0,0.0,1,0,0.3319119399309836,1,0,0,0.9184,0.0,0.3048,0.9184,0.0,0.0,6.3,-0.725,7.0,-0.676,6.3,-0.714,38.0,-0.467,15.8,-0.725,50.0,-0.113,2.5,-0.882,7.0,-1.305,10.1,-1.018,86.1,1.232,15.8,-0.821,50.0,-0.113,15.8,-0.643,13.3,-0.612,16.5,-0.642,50.0,-0.355,24.1,-0.719,50.6,0.0,13.9,-0.586,13.3,-1.087,20.3,-0.739,84.8,1.28,24.1,-0.696,50.6,0.0,5.7,-0.805,13.9,-0.728,5.7,-0.781,25.3,-0.542,21.5,-0.595,50.0,-0.113,5.7,-1.725,13.9,-1.082,5.7,-1.519,25.3,-0.68,21.5,-0.705,50.0,-0.113,10.8,-0.641,17.1,-0.59,10.8,-0.673,25.3,-0.464,30.4,-0.604,50.6,0.0,10.8,-1.614,17.1,-1.018,10.8,-1.391,25.3,-0.764,30.4,-0.478,50.6,0.0,10.8,-0.774,12.0,-0.724,11.4,-0.723,45.6,-0.42,21.5,-0.649,50.0,-0.113,8.9,-0.615,12.0,-1.302,17.7,-0.777,91.1,1.632,21.5,-0.706,50.0,-0.113,6.3,-1.026,10.8,-1.005,6.3,-1.112,54.4,-0.264,24.1,-0.712,50.6,0.0,2.5,-0.612,10.8,-1.081,11.4,-0.824,87.3,0.763,24.1,-0.745,50.6,0.0
axhjtqfa2xxud2tdle8zfxrkl,L. Koopmans,Fortuna Sittard,Goalkeeper,6,0,0.6339610157892036,0,0,0,1.3832,0.0,0.1461,0.0,0.0,0.0,3,0,0.4442128488224701,0,0,0,1.3832,0.0,0.2048,0.0,0.0,0.0,3,0,0.1897481669667335,0,0,0,1.3832,0.0,0.0875,0.0,0.0,0.0,3,0,0.4412226425100126,0,0,0,1.3832,0.0,0.2034,0.0,0.0,0.0,3,0,0.192738373279191,0,0,0,1.3832,0.0,0.0889,0.0,0.0,0.0,6,0,0.6339610157892036,0,0,0,1.3832,0.0,0.1461,0.0,0.0,0.0,45.0,-0.539,25.0,-0.639,47.5,-0.424,45.0,-0.337,48.8,-0.214,51.2,0.0,70.0,0.375,25.0,-0.769,60.0,-0.133,45.0,-0.279,48.8,-0.226,51.2,0.0,47.5,-0.455,30.0,-0.604,55.0,-0.335,45.0,-0.352,51.2,0.0,51.2,0.0,80.0,0.583,30.0,-0.602,85.0,0.371,45.0,-0.348,51.2,0.0,51.2,0.0,42.5,-0.599,30.0,-0.588,35.0,-0.501,48.8,-0.227,48.8,-0.214,51.2,0.0,62.5,0.371,30.0,-0.668,42.5,-0.416,48.8,-0.193,48.8,-0.221,51.2,0.0,50.0,-0.432,28.7,-0.631,57.5,-0.336,47.5,-0.281,51.2,0.0,51.2,0.0,92.5,1.065,28.7,-0.627,87.5,0.534,47.5,-0.267,51.2,0.0,51.2,0.0,45.0,-0.583,31.2,-0.567,42.5,-0.463,47.5,-0.259,48.8,-0.214,51.2,0.0,85.0,0.893,31.2,-0.624,45.0,-0.337,47.5,-0.221,48.8,-0.226,51.2,0.0,61.3,0.424,32.5,-0.628,62.5,-0.035,46.2,-0.294,50.0,-0.158,51.2,0.0,75.0,0.494,32.5,-0.656,62.5,-0.033,46.2,-0.294,50.0,-0.158,51.2,0.0
b0me6l44boibnwpbtasxoy02x,S. Dest,PSV Eindhoven,Defender,80,33,37.70484032259031,37,0,1,3.1274,1.2901,1.474,1.4464,0.0,0.0391,44,16,20.25714697492872,22,0,0,3.1755,1.1547,1.462,1.5878,0.0,0.0,36,17,17.44769334766159,15,0,1,3.0706,1.45,1.4882,1.2794,0.0,0.0853,49,19,21.6849327725751,25,0,1,2.1892,0.8489,0.9688,1.1169,0.0,0.0447,31,14,16.0199075500152,12,0,0,1.8178,0.8209,0.9394,0.7037,0.0,0.0,16,9,7.615107052333306,9,0,1,3.0023,1.6888,1.4289,1.6888,0.0,0.1876,93.4,1.877,94.5,2.165,97.1,2.832,90.1,1.298,23.0,-0.752,95.3,2.743,92.0,1.666,95.6,1.508,97.8,2.294,80.3,0.92,23.0,-0.666,94.9,1.928,92.3,1.896,90.9,1.795,97.1,2.749,90.9,1.488,29.9,-0.636,47.1,-0.254,88.3,1.441,84.7,1.095,98.5,2.228,83.9,1.041,29.9,-0.51,47.1,-0.242,92.3,1.745,96.7,2.315,98.5,2.709,88.3,1.011,33.9,-0.583,98.9,5.745,92.0,1.391,97.8,1.633,97.8,1.969,75.2,0.662,33.9,-0.483,99.3,5.734,97.1,2.523,97.1,2.661,98.5,3.415,96.0,2.137,33.6,-0.568,96.7,3.551,95.6,1.39,87.6,1.293,97.1,2.103,82.5,1.072,33.6,-0.47,96.4,1.71,88.0,1.151,89.4,1.527,94.9,2.112,78.8,0.482,30.7,-0.627,48.9,-0.173,81.8,0.738,86.1,0.839,97.1,1.394,59.9,0.189,30.7,-0.565,48.9,-0.158,91.2,1.434,97.8,2.392,96.4,2.298,88.3,1.194,32.5,-0.624,98.5,5.119,89.8,1.347,97.1,2.09,94.9,1.969,88.3,1.121,32.5,-0.601,100.0,5.19
b157xbo2jovsxkgr3wie3rip6,T. Baeten,Go Ahead Eagles,Midfielder,45,7,10.24614024077818,37,0,0,2.8184,0.4384,0.6417,2.3173,0.0,0.0,28,4,5.422636175063604,26,0,0,3.2881,0.4697,0.6368,3.0532,0.0,0.0,17,3,4.823504065714576,11,0,0,2.2815,0.4026,0.6474,1.4763,0.0,0.0,11,0,1.853055347638185,10,0,0,3.4447,0.0,0.5803,3.1315,0.0,0.0,34,7,8.393084893139996,27,0,0,2.1294,0.4384,0.5257,1.691,0.0,0.0,17,3,3.193285845379491,17,0,0,3.1942,0.5637,0.6,3.1942,0.0,0.0,70.4,0.236,38.2,-0.574,46.2,-0.371,89.9,1.135,25.0,-0.653,46.2,-0.298,84.1,0.86,21.2,-0.812,31.7,-0.574,97.6,2.141,25.0,-0.494,46.2,-0.273,74.8,0.439,41.3,-0.523,47.1,-0.36,93.5,1.645,33.7,-0.532,48.6,-0.186,87.5,1.072,29.8,-0.673,35.1,-0.443,98.6,2.624,33.7,-0.441,48.6,-0.162,60.3,-0.013,36.3,-0.585,48.6,-0.36,80.0,0.458,35.1,-0.551,47.8,-0.224,69.7,0.376,22.1,-0.703,35.6,-0.416,86.1,1.114,35.1,-0.393,47.8,-0.216,51.0,-0.319,11.3,-0.843,33.7,-0.666,76.7,0.312,34.9,-0.508,48.8,-0.172,99.5,2.579,11.3,-1.333,41.8,-0.107,100.0,4.165,34.9,-0.4,48.8,-0.128,81.2,0.82,51.7,-0.212,58.7,-0.019,96.6,1.89,33.4,-0.57,47.6,-0.236,86.5,0.993,25.0,-0.53,31.2,-0.484,95.7,2.032,33.4,-0.387,47.6,-0.219,86.1,1.191,38.0,-0.449,38.5,-0.437,99.5,3.318,36.3,-0.519,48.8,-0.172,87.0,1.199,40.4,-0.515,32.7,-0.582,99.5,3.323,36.3,-0.47,48.8,-0.172
b23be312oxcbusvpjnnriukq2,Y. Oukili,Fortuna Sittard,Midfielder,6,2,2.513095017127707,1,0,0,1.1099,0.37,0.4649,0.185,0.0,0.0,1,0,0.1162563013015041,0,0,0,0.9249,0.0,0.1075,0.0,0.0,0.0,5,2,2.396838715826203,1,0,0,1.1561,0.4625,0.5542,0.2312,0.0,0.0,0,0,0.0,0,0,0,0.0,0.0,0.0,0.0,0.0,0.0,6,2,2.513095017127707,1,0,0,1.1099,0.37,0.4649,0.185,0.0,0.0,6,2,2.513095017127708,1,0,0,1.1099,0.37,0.4649,0.185,0.0,0.0,17.5,-0.895,17.5,-0.896,16.8,-0.892,14.7,-0.738,25.0,-0.653,46.2,-0.298,11.1,-1.125,16.3,-0.944,15.9,-1.002,16.3,-0.945,25.0,-0.494,46.2,-0.273,9.6,-0.98,7.0,-0.976,8.2,-1.007,9.1,-0.777,33.7,-0.532,48.6,-0.186,9.1,-1.017,7.0,-1.462,8.2,-1.455,9.1,-1.066,33.7,-0.441,48.6,-0.162,25.0,-0.749,27.6,-0.722,28.4,-0.701,22.6,-0.644,35.1,-0.551,47.8,-0.224,17.3,-0.88,27.4,-0.596,27.9,-0.631,23.6,-0.796,35.1,-0.393,47.8,-0.216,6.2,-0.912,11.3,-0.843,6.2,-0.896,13.9,-0.676,34.9,-0.508,48.8,-0.172,6.2,-1.947,11.3,-1.333,6.2,-1.711,13.9,-0.976,34.9,-0.4,48.8,-0.128,23.6,-0.815,23.1,-0.848,24.0,-0.822,20.0,-0.744,33.4,-0.57,47.6,-0.236,21.6,-0.795,21.2,-0.694,22.8,-0.7,19.2,-0.867,33.4,-0.387,47.6,-0.219,23.1,-0.742,24.8,-0.777,26.0,-0.69,23.8,-0.801,36.3,-0.519,48.8,-0.172,13.5,-0.984,17.3,-0.842,18.8,-0.864,19.7,-0.864,36.3,-0.47,48.8,-0.172
b2a5syitl1nb5ky04j7pdq09h,J. Willems,Nijmegen Eendracht Combinatie,Defender,6,2,2.108002256472563,4,0,0,2.6955,0.8985,0.947,1.797,0.0,0.0,5,2,2.103986186462484,3,0,0,4.4925,1.797,1.8904,2.6955,0.0,0.0,1,0,0.0040160700100788,1,0,0,0.8985,0.0,0.0036,0.8985,0.0,0.0,3,1,1.401882645665227,2,0,0,2.6955,0.8985,1.2596,1.797,0.0,0.0,3,1,0.706119610807336,2,0,0,1.3478,0.4493,0.3172,0.8985,0.0,0.0,6,2,2.108002256472563,4,0,0,2.6955,0.8985,0.947,1.797,0.0,0.0,14.6,-0.8,21.2,-0.733,20.4,-0.767,42.7,-0.531,23.0,-0.752,45.6,-0.312,86.1,1.096,73.7,0.6,81.8,0.829,91.2,1.429,23.0,-0.666,45.6,-0.295,29.2,-0.635,36.9,-0.544,38.7,-0.545,50.0,-0.415,29.9,-0.636,47.1,-0.254,100.0,2.837,97.8,2.442,100.0,3.367,97.8,2.499,29.9,-0.51,47.1,-0.242,8.0,-0.948,9.9,-0.855,6.6,-0.964,28.8,-0.641,33.9,-0.583,48.9,-0.173,6.6,-0.918,9.9,-1.099,6.6,-1.343,57.7,0.15,33.9,-0.483,48.9,-0.168,18.6,-0.728,29.9,-0.643,31.4,-0.595,47.1,-0.489,33.6,-0.568,46.7,-0.28,98.5,2.209,91.2,1.445,100.0,3.232,98.5,2.394,33.6,-0.47,46.7,-0.245,15.7,-0.84,21.9,-0.764,10.2,-0.901,36.9,-0.541,30.7,-0.627,48.9,-0.173,46.7,-0.185,47.4,-0.126,20.4,-0.688,68.6,0.578,30.7,-0.565,48.9,-0.158,25.5,-0.645,38.0,-0.475,38.7,-0.523,62.4,-0.025,32.5,-0.624,48.5,-0.194,84.7,0.988,68.6,0.497,82.5,0.753,89.8,1.261,32.5,-0.601,48.5,-0.194
b33sm106xc7g3h4bcqtawja7e,C. Bozdoğan,FC Utrecht,Midfielder,11,4,3.081895901271601,4,0,0,1.6933,0.6157,0.4744,0.6157,0.0,0.0,4,2,1.277163372909415,2,0,0,1.8472,0.9236,0.5898,0.9236,0.0,0.0,7,2,1.804732528362185,2,0,0,1.6163,0.4618,0.4167,0.4618,0.0,0.0,4,3,1.263031697707561,2,0,0,1.8472,1.3854,0.5833,0.9236,0.0,0.0,7,1,1.818864203564039,2,0,0,1.293,0.1847,0.336,0.3694,0.0,0.0,9,3,2.472402999795824,3,0,0,1.6625,0.5542,0.4567,0.5542,0.0,0.0,25.5,-0.75,26.7,-0.767,20.7,-0.853,31.7,-0.582,25.0,-0.653,46.2,-0.298,35.6,-0.447,31.7,-0.472,16.8,-0.979,45.2,-0.321,25.0,-0.494,46.2,-0.273,22.4,-0.822,29.8,-0.749,19.7,-0.865,35.8,-0.591,33.7,-0.532,48.6,-0.186,44.7,-0.202,54.8,0.088,31.7,-0.533,60.1,0.05,33.7,-0.441,48.6,-0.162,32.9,-0.626,27.6,-0.722,23.1,-0.784,33.9,-0.534,35.1,-0.551,47.8,-0.224,40.9,-0.367,25.5,-0.598,14.4,-0.948,35.1,-0.442,35.1,-0.393,47.8,-0.216,29.1,-0.696,45.4,-0.493,26.4,-0.739,40.9,-0.479,34.9,-0.508,48.8,-0.172,67.8,0.48,95.2,1.828,42.8,-0.099,73.6,0.541,34.9,-0.4,48.8,-0.128,27.4,-0.756,14.9,-0.976,19.2,-0.917,31.2,-0.642,33.4,-0.57,47.6,-0.236,36.1,-0.474,12.5,-1.139,9.6,-1.156,37.0,-0.512,33.4,-0.387,47.6,-0.219,47.4,-0.215,38.0,-0.449,25.0,-0.705,50.2,-0.286,36.3,-0.519,48.8,-0.172,38.5,-0.406,33.2,-0.531,18.3,-0.881,43.3,-0.35,36.3,-0.47,48.8,-0.172
b4efh7m2z28zc5gx250vvdzze,L. Nordås,SC Heerenveen,Forward,15,6,7.076591103824216,2,3,0,1.2729,0.5092,0.6005,0.1697,0.2546,0.0,5,2,2.454498906404867,0,0,0,1.1669,0.4667,0.5728,0.0,0.0,0.0,10,4,4.622092197419349,2,3,0,1.3336,0.5334,0.6164,0.2667,0.4001,0.0,5,3,2.566278796018372,0,1,0,0.9335,0.5601,0.4791,0.0,0.1867,0.0,10,3,4.510312307805844,2,2,0,1.3336,0.4001,0.6015,0.2667,0.2667,0.0,5,0,1.453010250635717,1,2,0,0.9335,0.0,0.2713,0.1867,0.3734,0.0,57.6,-0.193,60.1,-0.201,62.0,-0.166,54.4,-0.366,72.8,0.189,50.0,-0.113,43.0,-0.353,44.3,-0.229,46.8,-0.219,50.6,-0.475,70.3,0.08,50.0,-0.113,47.5,-0.376,49.4,-0.358,51.9,-0.344,19.0,-0.545,24.1,-0.719,50.6,0.0,44.3,-0.307,43.0,-0.259,48.1,-0.174,19.0,-0.853,24.1,-0.696,50.6,0.0,67.7,0.046,69.6,0.052,73.4,0.076,67.7,-0.149,89.9,0.859,50.0,-0.113,53.2,-0.051,55.7,0.003,55.7,0.017,64.6,-0.152,78.5,0.494,50.0,-0.113,57.6,-0.27,69.0,-0.098,57.0,-0.228,25.3,-0.464,71.5,0.219,50.6,0.0,44.3,-0.167,65.8,0.241,43.0,-0.037,25.3,-0.764,73.4,0.17,50.6,0.0,62.0,-0.107,50.6,-0.285,67.1,-0.107,62.7,-0.211,74.1,0.14,50.0,-0.113,69.6,0.244,40.5,-0.178,59.5,0.269,58.2,-0.097,73.4,0.12,50.0,-0.113,31.6,-0.363,10.8,-1.005,26.6,-0.669,54.4,-0.264,82.3,0.643,50.6,0.0,20.3,-0.597,10.8,-1.081,10.1,-0.899,58.2,-0.319,77.2,0.492,50.6,0.0
b5sf6wcogrvlwuwbd8xsyyfh1,J. van Overeem,SC Heerenveen,Midfielder,128,54,49.84459363879473,31,3,0,3.5934,1.516,1.3993,0.8703,0.0842,0.0,74,27,28.46903846275992,20,2,0,4.2847,1.5634,1.6484,1.158,0.1158,0.0,54,27,21.3755551760348,11,1,0,2.9428,1.4714,1.1649,0.5995,0.0545,0.0,55,21,21.5314937557416,11,0,0,2.1231,0.8106,0.8311,0.4246,0.0,0.0,73,33,28.31309988305313,20,3,0,2.332,1.0542,0.9045,0.6389,0.0958,0.0,29,11,10.49167459151051,9,1,0,5.3733,2.0381,1.944,1.6676,0.1853,0.0,97.6,2.644,97.6,2.456,97.1,2.294,85.1,0.823,92.8,1.406,46.2,-0.298,94.7,1.761,89.4,1.255,87.5,1.261,60.1,0.047,73.1,0.053,46.2,-0.273,98.1,2.856,93.8,2.087,97.6,2.448,87.5,1.086,92.1,1.445,48.6,-0.186,96.6,1.953,88.0,1.162,92.8,1.489,71.2,0.334,77.9,0.2,48.6,-0.162,97.6,2.256,98.1,2.687,95.7,1.968,80.0,0.458,81.5,0.782,47.8,-0.224,89.9,1.115,92.8,1.2,80.8,0.778,49.5,-0.231,70.2,-0.041,47.8,-0.216,94.5,2.055,90.6,1.605,92.3,1.773,79.3,0.411,34.9,-0.508,48.8,-0.172,85.1,0.842,71.2,0.516,76.9,0.587,47.1,-0.279,34.9,-0.4,48.8,-0.128,99.0,3.097,99.5,3.096,98.6,2.7,88.7,1.181,97.6,2.885,47.6,-0.236,91.3,1.348,90.4,0.947,84.6,0.856,57.7,0.006,81.7,0.247,47.6,-0.219,100.0,3.299,96.2,2.172,97.6,2.28,88.0,1.259,82.9,0.847,48.8,-0.172,100.0,3.481,95.7,1.976,97.1,2.224,86.1,1.199,78.4,0.565,48.8,-0.172
b8ixf31bdyfqqcwoy4ulai73e,K. Fitz-Jim,AFC Ajax,Midfielder,16,6,8.088516079368185,0,0,1,1.3447,0.5043,0.6798,0.0,0.0,0.084,7,3,3.442241711011063,0,0,1,1.2943,0.5547,0.6365,0.0,0.0,0.1849,9,3,4.646274368357122,0,0,0,1.3867,0.4622,0.7159,0.0,0.0,0.0,2,0,0.8603870916292983,0,0,0,0.9245,0.0,0.3977,0.0,0.0,0.0,14,6,7.228128987738886,0,0,1,1.4381,0.6163,0.7425,0.0,0.0,0.1027,7,2,3.465070699462803,0,0,0,1.2943,0.3698,0.6407,0.0,0.0,0.0,35.3,-0.605,35.6,-0.638,39.9,-0.516,5.3,-0.79,25.0,-0.653,96.2,3.344,20.7,-0.852,26.9,-0.686,35.6,-0.482,5.3,-1.212,25.0,-0.494,99.5,5.864,32.5,-0.665,35.8,-0.636,36.5,-0.602,9.1,-0.777,33.7,-0.532,98.6,5.346,23.6,-0.691,33.7,-0.531,34.6,-0.444,9.1,-1.066,33.7,-0.441,99.5,8.657,40.9,-0.503,36.3,-0.585,46.6,-0.385,8.2,-0.754,35.1,-0.551,47.8,-0.224,26.9,-0.623,26.7,-0.597,42.3,-0.258,8.2,-1.15,35.1,-0.393,47.8,-0.216,20.9,-0.804,11.3,-0.843,22.1,-0.789,13.9,-0.676,34.9,-0.508,48.8,-0.172,15.9,-0.733,11.3,-1.333,23.6,-0.612,13.9,-0.976,34.9,-0.4,48.8,-0.128,46.2,-0.348,47.1,-0.339,52.9,-0.178,6.7,-0.845,33.4,-0.57,97.6,4.222,49.0,-0.22,42.3,-0.104,62.0,0.283,6.7,-1.224,33.4,-0.387,99.5,6.875,31.2,-0.566,24.8,-0.777,41.8,-0.335,8.4,-1.058,36.3,-0.519,48.8,-0.172,23.1,-0.791,16.6,-0.842,35.6,-0.497,8.4,-1.121,36.3,-0.47,48.8,-0.172
b94d67jluhh4076wp2se5fqsq,D. Kasius,Alkmaar Zaanstreek,Defender,49,15,13.325659411777,37,0,0,3.0588,0.9364,0.8318,2.3097,0.0,0.0,24,4,6.146926556086399,18,0,0,3.2104,0.5351,0.8222,2.4078,0.0,0.0,25,11,7.178732855690606,19,0,0,2.9261,1.2875,0.8402,2.2238,0.0,0.0,23,8,5.856768149394104,16,0,0,2.1536,0.7491,0.5484,1.4982,0.0,0.0,26,7,7.4688912623829,21,0,0,1.8727,0.5042,0.538,1.5126,0.0,0.0,17,5,5.332255665322549,12,0,0,3.1836,0.9364,0.9986,2.2472,0.0,0.0,83.6,0.756,79.2,0.482,77.4,0.367,90.1,1.298,23.0,-0.752,45.6,-0.312,91.2,1.575,78.8,0.688,75.9,0.509,96.4,2.174,23.0,-0.666,45.6,-0.295,83.9,0.598,57.7,-0.21,71.5,0.188,85.8,1.087,29.9,-0.636,47.1,-0.254,89.1,1.478,49.6,-0.204,72.3,0.525,96.4,2.12,29.9,-0.51,47.1,-0.242,86.1,0.899,87.2,1.196,78.8,0.546,90.1,1.483,33.9,-0.583,48.9,-0.173,91.2,1.237,95.6,1.327,76.6,0.524,95.6,1.932,33.9,-0.483,48.9,-0.168,82.5,0.686,84.3,0.642,77.4,0.286,85.8,1.11,33.6,-0.568,46.7,-0.28,94.2,1.332,82.5,0.988,70.8,0.471,97.1,1.813,33.6,-0.47,46.7,-0.245,84.3,0.796,71.9,0.293,73.0,0.43,91.2,1.402,30.7,-0.627,48.9,-0.173,86.9,0.846,54.7,0.017,60.6,0.051,94.9,1.807,30.7,-0.565,48.9,-0.158,93.1,1.642,78.8,0.753,89.1,1.129,95.6,1.926,32.5,-0.624,48.5,-0.194,92.0,1.559,78.1,0.573,86.1,0.884,94.2,1.842,32.5,-0.601,48.5,-0.194
baakmd4ndnulbl9npvmq90mvp,D. Klaassen,AFC Ajax,Midfielder,21,10,10.23179410185212,3,1,0,1.2046,0.5736,0.5869,0.1721,0.0574,0.0,12,7,6.05738563098678,1,0,0,1.1013,0.6424,0.5559,0.0918,0.0,0.0,9,3,4.174408470865334,2,1,0,1.3766,0.4589,0.6385,0.3059,0.153,0.0,10,5,4.206138703371852,1,1,0,1.3111,0.6555,0.5515,0.1311,0.1311,0.0,11,5,6.025655398480263,2,0,0,0.9178,0.4172,0.5027,0.1669,0.0,0.0,8,3,3.325798859582747,2,0,0,1.4684,0.5507,0.6105,0.3671,0.0,0.0,42.1,-0.46,46.4,-0.38,45.7,-0.372,27.2,-0.634,64.7,0.033,46.2,-0.298,14.9,-1.015,30.0,-0.553,26.4,-0.707,15.9,-0.963,63.0,-0.121,46.2,-0.273,45.2,-0.402,53.6,-0.182,49.5,-0.283,25.2,-0.684,33.7,-0.532,48.6,-0.186,18.3,-0.862,40.9,-0.384,28.8,-0.598,18.8,-0.955,33.7,-0.441,48.6,-0.162,40.9,-0.503,36.3,-0.585,41.3,-0.451,33.9,-0.534,81.5,0.782,47.8,-0.224,25.5,-0.634,23.1,-0.603,33.7,-0.436,27.9,-0.681,87.0,0.595,47.8,-0.216,48.1,-0.373,52.6,-0.26,50.0,-0.374,31.7,-0.578,80.8,0.604,48.8,-0.172,35.6,-0.225,55.3,0.163,37.5,-0.186,30.8,-0.76,86.5,0.609,48.8,-0.128,38.7,-0.523,42.8,-0.467,45.2,-0.342,31.2,-0.642,33.4,-0.57,47.6,-0.236,3.4,-1.132,24.5,-0.581,27.4,-0.566,18.8,-0.902,33.4,-0.387,47.6,-0.219,39.4,-0.39,38.0,-0.449,39.4,-0.387,38.2,-0.543,36.3,-0.519,48.8,-0.172,32.2,-0.609,30.0,-0.537,33.7,-0.56,29.1,-0.61,36.3,-0.47,48.8,-0.172
badyafxn00m21tzbdff95o4k4,Y. Salah Rahmouni,Go Ahead Eagles,Midfielder,14,5,5.677274228947756,4,0,0,1.8585,0.6638,0.7537,0.531,0.0,0.0,6,2,2.481396005686423,1,0,0,1.3939,0.4646,0.5765,0.2323,0.0,0.0,8,3,3.195878223261333,3,0,0,2.4781,0.9293,0.9899,0.9293,0.0,0.0,4,1,1.556298590445891,3,0,0,1.8585,0.4646,0.7231,1.3939,0.0,0.0,10,4,4.120975638501866,1,0,0,1.3275,0.531,0.5471,0.1328,0.0,0.0,11,3,3.812849097842823,4,0,0,2.0444,0.5576,0.7086,0.7434,0.0,0.0,31.0,-0.663,32.0,-0.703,33.2,-0.679,31.7,-0.582,25.0,-0.653,46.2,-0.298,43.3,-0.255,36.1,-0.38,39.9,-0.303,38.5,-0.444,25.0,-0.494,46.2,-0.273,29.3,-0.717,29.8,-0.749,30.8,-0.719,25.2,-0.684,33.7,-0.532,48.6,-0.186,27.4,-0.603,25.0,-0.682,29.3,-0.559,25.2,-0.785,33.7,-0.441,48.6,-0.162,37.3,-0.565,36.3,-0.585,37.0,-0.589,43.8,-0.423,35.1,-0.551,47.8,-0.224,76.0,0.596,62.5,0.235,72.6,0.374,65.4,0.275,35.1,-0.393,47.8,-0.216,29.1,-0.696,28.4,-0.726,29.8,-0.703,48.6,-0.38,34.9,-0.508,48.8,-0.172,69.7,0.495,38.5,-0.273,63.0,0.288,90.4,1.313,34.9,-0.4,48.8,-0.128,36.1,-0.581,36.3,-0.594,37.5,-0.602,20.0,-0.744,33.4,-0.57,47.6,-0.236,39.4,-0.414,36.1,-0.308,37.0,-0.409,15.9,-0.968,33.4,-0.387,47.6,-0.219,62.5,0.137,38.0,-0.449,49.5,-0.206,60.1,-0.028,36.3,-0.519,48.8,-0.172,58.2,-0.006,35.6,-0.525,43.8,-0.355,55.8,-0.087,36.3,-0.47,48.8,-0.172
bdb33nwcpd2jufn9ggtl7gvzd,B. Lucassen,NAC Breda,Defender,18,4,4.43722333914536,7,7,0,2.0663,0.4592,0.5094,0.8036,0.8036,0.0,11,2,2.72005338831725,5,5,0,3.3673,0.6122,0.8327,1.5306,1.5306,0.0,7,2,1.71716995082811,2,2,0,1.2857,0.3673,0.3154,0.3673,0.3673,0.0,8,3,2.159895254678248,4,2,0,1.4694,0.551,0.3967,0.7347,0.3673,0.0,10,1,2.277328084467113,3,5,0,1.8367,0.1837,0.4183,0.551,0.9184,0.0,9,3,2.181443067999483,4,3,0,1.6531,0.551,0.4007,0.7347,0.551,0.0,48.9,-0.366,39.4,-0.546,39.4,-0.531,53.3,-0.365,98.9,3.699,45.6,-0.312,67.9,0.267,36.5,-0.418,45.3,-0.387,52.6,-0.014,99.3,4.878,45.6,-0.295,54.4,-0.246,36.9,-0.544,46.7,-0.434,60.6,-0.215,99.3,3.858,47.1,-0.254,92.0,1.645,56.9,-0.042,73.7,0.553,83.2,0.965,100.0,7.391,47.1,-0.242,42.7,-0.486,43.8,-0.482,34.3,-0.604,43.4,-0.523,93.8,1.874,48.9,-0.173,34.3,-0.506,36.5,-0.407,25.9,-0.647,39.4,-0.565,93.4,1.887,48.9,-0.168,49.3,-0.374,54.4,-0.276,44.5,-0.445,58.4,-0.261,93.1,1.654,46.7,-0.28,62.8,0.225,64.2,0.383,50.4,-0.118,62.0,0.33,98.5,2.413,46.7,-0.245,47.4,-0.342,21.9,-0.764,40.1,-0.591,47.1,-0.439,99.3,4.039,48.9,-0.173,83.2,0.775,16.1,-0.815,44.5,-0.349,53.3,-0.117,100.0,5.914,48.9,-0.158,58.8,-0.021,55.8,-0.066,42.3,-0.486,62.4,-0.025,98.5,3.386,48.5,-0.194,48.9,-0.231,43.1,-0.204,31.4,-0.625,56.9,-0.111,97.1,2.737,48.5,-0.194
bgzvhtk50gvmq6noheadmc34l,D. Odoi,NAC Breda,Defender,25,4,7.364581177604292,16,0,0,2.3121,0.3699,0.6811,1.4797,0.0,0.0,13,1,4.756457659699729,7,0,0,2.0038,0.1541,0.7331,1.079,0.0,0.0,12,3,2.608123517904564,9,0,0,2.7745,0.6936,0.603,2.0809,0.0,0.0,16,3,5.42851490070494,9,0,0,2.1139,0.3964,0.7172,1.1891,0.0,0.0,9,1,1.936066276899353,7,0,0,1.6647,0.185,0.3581,1.2948,0.0,0.0,12,2,3.608722322152431,8,0,0,2.2196,0.3699,0.6675,1.4797,0.0,0.0,62.4,-0.112,39.4,-0.546,55.5,-0.235,70.8,0.134,23.0,-0.752,45.6,-0.312,76.6,0.591,24.1,-0.625,62.8,0.09,83.2,0.968,23.0,-0.666,45.6,-0.295,61.7,-0.116,22.6,-0.711,65.0,-0.064,67.2,-0.015,29.9,-0.636,47.1,-0.254,67.2,0.199,17.5,-1.002,66.4,0.288,66.4,0.371,29.9,-0.51,47.1,-0.242,60.6,-0.102,53.6,-0.295,49.6,-0.416,73.7,0.303,33.9,-0.583,48.9,-0.173,85.4,1.076,62.8,0.208,57.7,-0.005,93.4,1.739,33.9,-0.483,48.9,-0.168,74.5,0.191,54.4,-0.276,74.5,0.201,75.5,0.31,33.6,-0.568,46.7,-0.28,92.7,1.268,46.0,-0.09,90.5,1.126,86.9,1.213,33.6,-0.47,46.7,-0.245,44.2,-0.413,21.9,-0.764,33.6,-0.659,66.4,-0.03,30.7,-0.627,48.9,-0.173,74.5,0.437,16.8,-0.812,30.7,-0.551,89.8,1.371,30.7,-0.565,48.9,-0.158,77.7,0.602,38.0,-0.475,69.3,0.246,83.2,0.951,32.5,-0.624,48.5,-0.194,75.2,0.432,24.8,-0.569,65.0,0.048,81.0,0.851,32.5,-0.601,48.5,-0.194
bhyyi1zzlmc1f7xo3wnh3etxw,E. Waayers,Go Ahead Eagles,Defender,1,1,0.216454041824914,1,0,0,0.9399,0.9399,0.2035,0.9399,0.0,0.0,0,0,0.0,0,0,0,0.0,0.0,0.0,0.0,0.0,0.0,1,1,0.216454041824914,1,0,0,0.9399,0.9399,0.2035,0.9399,0.0,0.0,1,1,0.216454041824914,1,0,0,0.9399,0.9399,0.2035,0.9399,0.0,0.0,0,0,0.0,0,0,0,0.0,0.0,0.0,0.0,0.0,0.0,1,1,0.216454041824914,1,0,0,0.9399,0.9399,0.2035,0.9399,0.0,0.0,1.1,-0.98,13.1,-0.826,1.5,-0.958,18.2,-0.697,23.0,-0.752,45.6,-0.312,5.1,-1.218,80.3,0.696,2.9,-1.238,62.0,0.184,23.0,-0.666,45.6,-0.295,2.9,-0.96,8.0,-0.878,2.9,-0.927,11.7,-0.716,29.9,-0.636,47.1,-0.254,2.9,-1.925,8.0,-1.325,2.9,-1.662,11.7,-1.05,29.9,-0.51,47.1,-0.242,8.0,-0.948,28.8,-0.668,8.0,-0.919,28.8,-0.641,33.9,-0.583,48.9,-0.173,17.5,-0.874,83.9,0.672,13.1,-0.897,64.2,0.205,33.9,-0.483,48.9,-0.168,10.9,-0.869,29.9,-0.643,12.4,-0.829,36.5,-0.604,33.6,-0.568,46.7,-0.28,25.5,-0.632,97.1,1.572,18.2,-0.868,78.1,0.728,33.6,-0.47,46.7,-0.245,1.1,-1.053,7.3,-0.94,1.1,-1.039,9.5,-0.746,30.7,-0.627,48.9,-0.173,1.1,-2.832,7.3,-1.292,1.1,-1.749,9.5,-1.219,30.7,-0.565,48.9,-0.158,1.1,-1.684,19.3,-0.885,1.5,-1.492,24.1,-0.757,32.5,-0.624,48.5,-0.194,9.5,-1.065,81.8,0.58,3.6,-1.122,66.4,0.154,32.5,-0.601,48.5,-0.194
biee6dvb524juzai7iryyskix,D. Man,PSV Eindhoven,Midfielder,61,44,33.39883776228293,15,1,0,2.5951,1.8719,1.4209,0.6381,0.0425,0.0,37,27,19.16124448105535,8,0,0,2.8858,2.1059,1.4945,0.624,0.0,0.0,24,17,14.23759328122758,7,1,0,2.2463,1.5911,1.3326,0.6552,0.0936,0.0,40,28,20.6705850675634,10,1,0,2.2022,1.5415,1.138,0.5506,0.0551,0.0,21,16,12.72825269471953,5,0,0,1.4039,1.0696,0.8509,0.3343,0.0,0.0,9,8,5.273198676874691,1,0,0,1.6847,1.4975,0.9871,0.1872,0.0,0.0,80.5,0.7,91.8,1.812,88.0,1.187,66.1,-0.01,64.7,0.033,46.2,-0.298,77.9,0.601,98.1,1.937,88.9,1.314,47.6,-0.289,59.6,-0.218,46.2,-0.273,83.9,0.912,93.8,2.087,88.5,1.314,64.4,-0.032,33.7,-0.532,48.6,-0.186,77.4,0.716,97.1,2.073,86.1,1.195,45.7,-0.312,33.7,-0.441,48.6,-0.162,74.0,0.416,89.9,1.324,84.6,0.964,67.3,0.017,81.5,0.782,47.8,-0.224,68.3,0.337,94.7,1.413,89.4,1.165,55.8,-0.145,81.2,0.211,47.8,-0.216,90.6,1.246,97.1,2.422,91.3,1.667,76.7,0.312,80.8,0.604,48.8,-0.172,88.0,0.946,97.1,2.184,93.8,1.435,56.7,-0.072,77.9,0.024,48.8,-0.128,61.8,0.061,82.5,0.933,73.6,0.573,48.1,-0.339,33.4,-0.57,47.6,-0.236,46.6,-0.28,92.8,0.984,79.3,0.667,33.2,-0.58,33.4,-0.387,47.6,-0.219,47.4,-0.215,87.7,1.189,66.8,0.338,23.8,-0.801,36.3,-0.519,48.8,-0.172,45.2,-0.382,88.9,1.063,63.9,0.226,25.5,-0.86,36.3,-0.47,48.8,-0.172
bjr31p4bny8vtlm8dc237boyc,R. Metu,FC Groningen,Midfielder,8,2,2.648622895368932,5,0,0,1.2339,0.3085,0.4085,0.7712,0.0,0.0,3,1,1.280204666463312,2,0,0,0.9254,0.3085,0.3949,0.617,0.0,0.0,5,1,1.36841822890562,3,0,0,1.5424,0.3085,0.4221,0.9254,0.0,0.0,0,0,0.0,0,0,0,0.0,0.0,0.0,0.0,0.0,0.0,8,2,2.648622895368932,5,0,0,1.2339,0.3085,0.4085,0.7712,0.0,0.0,7,2,2.427426836791442,4,0,0,1.2956,0.3702,0.4493,0.7404,0.0,0.0,20.4,-0.837,17.5,-0.896,18.8,-0.883,36.1,-0.53,25.0,-0.653,46.2,-0.298,16.3,-0.981,11.5,-1.062,11.5,-1.139,56.7,-0.096,25.0,-0.494,46.2,-0.273,18.3,-0.875,20.0,-0.863,20.2,-0.865,35.8,-0.591,33.7,-0.532,48.6,-0.186,9.9,-1.017,17.8,-0.944,20.2,-0.906,43.8,-0.32,33.7,-0.441,48.6,-0.162,25.0,-0.749,18.0,-0.858,17.3,-0.846,43.8,-0.423,35.1,-0.551,47.8,-0.224,35.6,-0.449,16.3,-0.87,14.9,-0.935,63.9,0.269,35.1,-0.393,47.8,-0.216,6.2,-0.912,11.3,-0.843,6.2,-0.896,13.9,-0.676,34.9,-0.508,48.8,-0.172,6.2,-1.947,11.3,-1.333,6.2,-1.711,13.9,-0.976,34.9,-0.4,48.8,-0.128,30.3,-0.698,23.1,-0.848,26.0,-0.803,48.1,-0.339,33.4,-0.57,47.6,-0.236,32.2,-0.578,17.8,-0.842,17.3,-0.899,63.9,0.261,33.4,-0.387,47.6,-0.219,31.2,-0.566,24.8,-0.777,24.5,-0.722,60.1,-0.028,36.3,-0.519,48.8,-0.172,23.6,-0.79,17.8,-0.842,17.8,-0.896,54.1,-0.091,36.3,-0.47,48.8,-0.172
bm3k1knugkwa8z319dscr2yhg,T. Hernes,FC Groningen,Midfielder,6,2,2.723751992333034,3,0,0,1.4062,0.4688,0.6384,0.7031,0.0,0.0,3,1,1.258139859037959,2,0,0,0.9375,0.3125,0.3932,0.625,0.0,0.0,3,1,1.465612133295074,1,0,0,2.8125,0.9375,1.374,0.9375,0.0,0.0,2,1,1.16582869269547,0,0,0,1.875,0.9375,1.093,0.0,0.0,0.0,4,1,1.557923299637564,3,0,0,0.9375,0.2344,0.3651,0.7031,0.0,0.0,6,2,2.723751992333034,3,0,0,1.4062,0.4688,0.6384,0.7031,0.0,0.0,17.5,-0.895,17.5,-0.896,19.2,-0.877,27.2,-0.634,25.0,-0.653,46.2,-0.298,24.5,-0.781,25.0,-0.754,31.2,-0.582,54.3,-0.195,25.0,-0.494,46.2,-0.273,18.3,-0.875,20.0,-0.863,19.2,-0.868,35.8,-0.591,33.7,-0.532,48.6,-0.186,15.1,-1.006,19.2,-0.937,19.7,-0.909,46.2,-0.311,33.7,-0.441,48.6,-0.162,15.9,-0.871,18.0,-0.858,18.8,-0.832,22.6,-0.644,35.1,-0.551,47.8,-0.224,85.6,0.969,64.9,0.249,90.4,1.26,68.8,0.288,35.1,-0.393,47.8,-0.216,20.9,-0.804,28.4,-0.726,25.0,-0.751,13.9,-0.676,34.9,-0.508,48.8,-0.172,75.7,0.516,81.0,0.806,91.8,1.311,13.9,-0.976,34.9,-0.4,48.8,-0.128,15.9,-0.931,14.9,-0.976,16.8,-0.952,38.2,-0.541,33.4,-0.57,47.6,-0.236,12.3,-1.098,14.4,-1.02,11.1,-1.053,61.1,0.13,33.4,-0.387,47.6,-0.219,23.1,-0.742,24.8,-0.777,30.3,-0.611,50.2,-0.286,36.3,-0.519,48.8,-0.172,30.8,-0.674,28.4,-0.675,35.1,-0.502,51.0,-0.143,36.3,-0.47,48.8,-0.172
bmqg7owjivu1f3grdigkid0b9,J. Zoet,Alkmaar Zaanstreek,Goalkeeper,2,1,0.0864435152460587,0,0,0,0.9429,0.4714,0.0408,0.0,0.0,0.0,1,1,0.0624264879363298,0,0,0,0.9429,0.9429,0.0589,0.0,0.0,0.0,1,0,0.0240170273097289,0,0,0,0.9429,0.0,0.0226,0.0,0.0,0.0,0,0,0.0,0,0,0,0.0,0.0,0.0,0.0,0.0,0.0,2,1,0.0864435152460587,0,0,0,0.9429,0.4714,0.0408,0.0,0.0,0.0,2,1,0.0864435152460587,0,0,0,0.9429,0.4714,0.0408,0.0,0.0,0.0,27.5,-0.843,56.2,-0.349,17.5,-0.566,45.0,-0.337,48.8,-0.214,51.2,0.0,32.5,-0.828,90.0,1.581,10.0,-0.763,45.0,-0.279,48.8,-0.226,51.2,0.0,32.5,-0.725,70.0,-0.029,32.5,-0.534,45.0,-0.352,51.2,0.0,51.2,0.0,50.0,-0.102,100.0,3.478,35.0,-0.497,45.0,-0.348,51.2,0.0,51.2,0.0,18.8,-0.921,30.0,-0.588,12.5,-0.585,48.8,-0.227,48.8,-0.214,51.2,0.0,37.5,-0.437,30.0,-0.668,12.5,-0.753,48.8,-0.193,48.8,-0.221,51.2,0.0,11.2,-0.898,28.7,-0.631,11.2,-0.62,47.5,-0.281,51.2,0.0,51.2,0.0,11.2,-1.785,28.7,-0.627,11.2,-0.867,47.5,-0.267,51.2,0.0,51.2,0.0,36.2,-0.718,70.0,-0.095,20.0,-0.507,47.5,-0.259,48.8,-0.214,51.2,0.0,42.5,-0.296,95.0,1.714,15.0,-0.617,47.5,-0.221,48.8,-0.226,51.2,0.0,27.5,-0.989,71.2,0.269,17.5,-0.798,46.2,-0.294,50.0,-0.158,51.2,0.0,35.0,-0.719,95.0,1.488,10.0,-0.89,46.2,-0.294,50.0,-0.158,51.2,0.0
bn8dwm2y9a8i9a10rba3dmm3u,D. James,Go Ahead Eagles,Defender,62,15,17.81316816130246,48,2,0,2.7667,0.6694,0.7949,2.142,0.0892,0.0,22,4,5.291806638982011,19,1,0,2.0617,0.3748,0.4959,1.7805,0.0937,0.0,40,11,12.52136152232045,29,1,0,3.4077,0.9371,1.0667,2.4706,0.0852,0.0,29,7,8.72452800236074,21,2,0,1.9412,0.4686,0.584,1.4057,0.1339,0.0,33,8,9.088640158941724,27,0,0,1.7181,0.4165,0.4732,1.4057,0.0,0.0,13,4,4.574844538617339,9,1,0,2.4365,0.7497,0.8574,1.6868,0.1874,0.0,89.1,1.226,79.2,0.482,85.4,0.821,95.6,1.908,77.4,0.52,45.6,-0.312,88.3,1.19,59.1,0.069,70.8,0.406,95.6,1.93,61.3,-0.05,45.6,-0.295,82.5,0.468,57.7,-0.21,67.2,0.033,86.9,1.188,71.2,0.262,47.1,-0.254,68.6,0.261,33.6,-0.54,46.7,-0.343,89.1,1.294,67.2,-0.026,47.1,-0.242,94.9,2.053,87.2,1.196,90.5,1.671,97.1,2.662,78.8,0.645,48.9,-0.173,94.2,1.749,82.5,0.667,89.1,1.029,97.1,2.263,73.7,0.067,48.9,-0.168,88.3,1.11,80.7,0.458,85.4,0.853,93.4,1.681,93.1,1.654,46.7,-0.28,86.1,0.988,60.6,0.131,74.5,0.609,94.2,1.633,84.7,0.581,46.7,-0.245,90.5,1.293,76.3,0.469,82.5,0.749,94.9,2.016,30.7,-0.627,48.9,-0.173,75.9,0.542,44.5,-0.211,48.9,-0.166,93.4,1.593,30.7,-0.565,48.9,-0.158,81.8,0.81,68.2,0.344,81.0,0.741,88.3,1.194,78.8,0.712,48.5,-0.194,81.0,0.685,67.2,0.197,78.1,0.527,87.6,1.119,85.8,0.535,48.5,-0.194
bner5siqnwn1fqusfrgujt0fe,M. Bruns,FC Twente,Defender,10,6,5.05409628580838,2,0,0,1.5342,0.9205,0.7754,0.3068,0.0,0.0,5,4,2.896533414215677,0,0,0,2.3013,1.8411,1.3332,0.0,0.0,0.0,5,2,2.157562871592703,2,0,0,1.1507,0.4603,0.4965,0.4603,0.0,0.0,3,1,0.9786892263087209,0,0,0,0.9205,0.3068,0.3003,0.0,0.0,0.0,7,5,4.075407059499659,2,0,0,1.2887,0.9205,0.7503,0.3682,0.0,0.0,9,5,4.260738307426593,2,0,0,1.657,0.9205,0.7844,0.3682,0.0,0.0,28.8,-0.655,50.0,-0.359,45.3,-0.469,28.1,-0.642,23.0,-0.752,45.6,-0.312,41.6,-0.435,75.2,0.651,68.6,0.352,33.6,-0.736,23.0,-0.666,45.6,-0.295,29.2,-0.635,57.7,-0.21,48.9,-0.402,11.7,-0.716,29.9,-0.636,47.1,-0.254,73.0,0.515,98.5,2.534,97.1,1.885,11.7,-1.05,29.9,-0.51,47.1,-0.242,31.4,-0.64,43.8,-0.482,43.1,-0.511,43.4,-0.523,33.9,-0.583,48.9,-0.173,24.8,-0.65,43.1,-0.232,43.8,-0.243,43.8,-0.44,33.9,-0.483,48.9,-0.168,18.6,-0.728,29.9,-0.643,21.9,-0.678,14.6,-0.718,33.6,-0.568,46.7,-0.28,12.8,-0.664,37.2,-0.364,32.1,-0.492,14.6,-1.098,33.6,-0.47,46.7,-0.245,35.8,-0.555,62.0,-0.059,54.0,-0.238,36.9,-0.541,30.7,-0.627,48.9,-0.173,40.9,-0.301,89.8,1.098,85.4,0.762,38.0,-0.483,30.7,-0.565,48.9,-0.158,58.8,-0.021,78.8,0.753,76.6,0.58,41.2,-0.513,32.5,-0.624,48.5,-0.194,51.1,-0.226,70.8,0.541,71.5,0.343,32.8,-0.584,32.5,-0.601,48.5,-0.194
bnkzwpd607re6s01oa77wcodm,J. Dahlhaus,Fortuna Sittard,Defender,48,9,11.17816933751927,34,2,0,2.2119,0.4147,0.5151,1.5668,0.0922,0.0,30,4,7.059393193302252,21,2,0,2.5135,0.3351,0.5915,1.7595,0.1676,0.0,18,5,4.118776144217018,13,0,0,1.8432,0.512,0.4218,1.3312,0.0,0.0,25,6,5.731025952565997,17,0,0,1.44,0.3456,0.3301,0.9792,0.0,0.0,23,3,5.447143384953274,17,2,0,1.6306,0.2127,0.3862,1.2052,0.1418,0.0,14,3,2.904822534936271,11,1,0,2.5805,0.553,0.5354,2.0276,0.1843,0.0,82.5,0.719,61.3,-0.078,71.5,0.15,87.6,1.132,77.4,0.52,45.6,-0.312,73.0,0.459,30.7,-0.521,46.7,-0.371,87.6,1.094,63.5,-0.03,45.6,-0.295,86.9,0.988,57.7,-0.21,78.1,0.354,89.4,1.388,88.3,1.161,47.1,-0.254,78.8,0.74,28.5,-0.623,55.5,-0.088,88.3,1.267,78.1,0.355,47.1,-0.242,74.8,0.36,69.0,0.078,62.8,-0.098,83.9,0.775,33.9,-0.583,48.9,-0.173,56.2,0.086,51.1,-0.134,37.2,-0.41,76.6,0.731,33.9,-0.483,48.9,-0.168,84.7,0.827,74.1,0.275,75.9,0.261,88.0,1.224,33.6,-0.568,46.7,-0.28,59.9,0.177,41.6,-0.245,37.2,-0.376,80.3,0.805,33.6,-0.47,46.7,-0.245,79.9,0.582,48.9,-0.412,65.0,0.032,88.3,0.993,88.7,1.24,48.9,-0.173,72.3,0.37,21.2,-0.74,38.7,-0.457,87.6,1.192,79.6,0.435,48.9,-0.158,85.4,1.018,55.8,-0.066,53.3,-0.115,93.8,1.682,78.8,0.712,48.5,-0.194,82.5,0.854,46.0,-0.2,48.2,-0.285,92.7,1.559,69.3,0.516,48.5,-0.194
bpprd2haoafk6y0rjans4iytx,K. Dolberg,AFC Ajax,Forward,16,8,9.219839849675822,1,2,0,1.3358,0.6679,0.7697,0.0835,0.167,0.0,12,8,7.551307426489119,1,1,0,1.3776,0.9184,0.8669,0.1148,0.1148,0.0,4,0,1.668532423186703,0,1,0,1.2245,0.0,0.5108,0.0,0.3061,0.0,4,3,2.653396125641717,1,0,0,1.2245,0.9184,0.8123,0.3061,0.0,0.0,12,5,6.566443724034105,0,2,0,1.2245,0.5102,0.67,0.0,0.2041,0.0,8,5,4.943476011180937,0,1,0,1.4694,0.9184,0.908,0.0,0.1837,0.0,60.1,-0.155,68.4,-0.043,69.6,0.008,38.0,-0.467,61.4,-0.116,50.0,-0.113,51.9,-0.259,62.0,0.107,67.1,0.238,31.6,-0.672,57.0,-0.23,50.0,-0.113,72.8,0.092,81.6,0.406,81.0,0.37,50.0,-0.355,61.4,-0.095,50.6,0.0,50.6,-0.071,75.9,0.543,75.9,0.447,41.8,-0.587,57.0,-0.31,50.6,0.0,38.6,-0.464,13.9,-0.728,40.5,-0.472,25.3,-0.542,61.4,-0.11,50.0,-0.113,40.5,-0.188,13.9,-1.082,39.2,-0.247,25.3,-0.68,74.7,0.212,50.0,-0.113,51.9,-0.344,69.0,-0.098,58.2,-0.213,60.1,-0.286,30.4,-0.604,50.6,0.0,59.5,0.285,82.9,1.046,82.3,0.905,64.6,0.159,30.4,-0.478,50.6,0.0,68.4,0.041,70.9,0.007,74.7,0.196,18.4,-0.628,74.1,0.14,50.0,-0.113,59.5,0.018,51.9,0.132,77.2,0.511,18.4,-0.805,67.1,-0.074,50.0,-0.113,74.7,0.134,85.4,0.833,82.3,0.708,20.9,-0.547,62.7,-0.034,50.6,0.0,67.1,-0.058,79.1,0.613,78.5,0.529,20.9,-0.595,49.4,-0.137,50.6,0.0
brfa9yhy2llgt9l75unddogk,J. Mokio,AFC Ajax,Midfielder,21,8,7.751582722436244,4,3,0,1.4771,0.5627,0.5452,0.2813,0.211,0.0,9,4,4.112353020020167,0,0,0,1.3716,0.6096,0.6267,0.0,0.0,0.0,12,4,3.639229702416077,4,3,0,1.5675,0.5225,0.4754,0.5225,0.3919,0.0,12,5,3.943670799813787,2,2,0,1.5675,0.6531,0.5151,0.2612,0.2612,0.0,9,3,3.807911922622457,2,1,0,0.9144,0.3048,0.3869,0.2032,0.1016,0.0,8,3,2.813624239543169,1,0,0,1.463,0.5486,0.5145,0.1829,0.0,0.0,42.1,-0.46,41.1,-0.509,38.5,-0.539,31.7,-0.582,92.8,1.406,46.2,-0.298,27.4,-0.698,28.8,-0.574,21.2,-0.808,21.6,-0.805,91.8,0.876,46.2,-0.273,38.5,-0.56,41.3,-0.523,42.3,-0.52,9.1,-0.777,33.7,-0.532,48.6,-0.186,25.0,-0.623,37.0,-0.439,34.1,-0.463,9.1,-1.066,33.7,-0.441,48.6,-0.162,47.6,-0.32,44.0,-0.449,39.9,-0.526,52.6,-0.313,98.3,3.449,47.8,-0.224,38.5,-0.421,35.1,-0.49,18.8,-0.812,41.8,-0.349,97.6,2.136,47.8,-0.216,53.4,-0.265,52.6,-0.26,48.1,-0.407,40.9,-0.479,94.5,1.715,48.8,-0.172,53.4,0.112,54.8,0.157,31.7,-0.287,37.0,-0.547,94.2,1.609,48.8,-0.128,32.9,-0.639,29.3,-0.721,34.1,-0.645,31.2,-0.642,78.6,0.582,47.6,-0.236,1.4,-1.138,15.4,-0.851,13.0,-0.976,20.7,-0.832,82.2,0.286,47.6,-0.219,39.4,-0.39,38.0,-0.449,31.7,-0.578,23.8,-0.801,36.3,-0.519,48.8,-0.172,31.2,-0.614,29.3,-0.54,24.0,-0.76,16.8,-0.866,36.3,-0.47,48.8,-0.172
btrg844mxkl6kbn89s7aecj8q,G. Yah,FC Volendam,Midfielder,32,13,12.34844399322981,4,6,0,1.5748,0.6398,0.6077,0.1969,0.2953,0.0,18,7,7.682628033861413,2,2,0,1.6831,0.6545,0.7184,0.187,0.187,0.0,14,6,4.665815959368401,2,4,0,1.4545,0.6234,0.4848,0.2078,0.4156,0.0,9,1,2.717751409995824,2,3,0,1.0519,0.1169,0.3177,0.2338,0.3506,0.0,23,12,9.630692583233989,2,3,0,1.5362,0.8015,0.6432,0.1336,0.2004,0.0,12,6,4.034235650324811,1,4,0,2.2442,1.1221,0.7545,0.187,0.7481,0.0,55.0,-0.141,53.6,-0.187,53.4,-0.23,31.7,-0.582,97.8,3.464,46.2,-0.298,30.8,-0.585,34.1,-0.426,28.8,-0.657,17.3,-0.927,94.7,1.424,46.2,-0.273,57.5,-0.087,53.6,-0.182,57.7,-0.085,35.8,-0.591,92.1,1.445,48.6,-0.186,38.9,-0.347,41.3,-0.363,43.3,-0.288,23.6,-0.84,88.0,0.594,48.6,-0.162,53.6,-0.197,56.7,-0.176,47.1,-0.382,33.9,-0.534,99.8,4.782,47.8,-0.224,30.5,-0.547,40.9,-0.31,20.2,-0.791,22.6,-0.831,98.1,2.289,47.8,-0.216,45.4,-0.427,28.4,-0.726,42.8,-0.559,40.9,-0.479,97.6,2.826,48.8,-0.172,24.5,-0.565,22.6,-1.066,20.2,-0.833,35.1,-0.592,98.1,2.297,48.8,-0.128,67.1,0.178,71.9,0.424,63.5,0.15,31.2,-0.642,97.6,2.885,47.6,-0.236,56.2,-0.048,62.5,0.341,51.4,-0.068,16.8,-0.966,94.2,0.94,47.6,-0.219,69.0,0.312,73.6,0.534,56.2,-0.124,23.8,-0.801,99.5,4.944,48.8,-0.172,67.8,0.204,72.6,0.429,51.0,-0.259,24.8,-0.861,98.6,3.706,48.8,-0.172
buappmrojgc4lrl7tngfl8pw4,R. Oudsten,SC Telstar,Midfielder,2,0,1.124486418535394,1,0,0,0.9399,0.0,0.5285,0.47,0.0,0.0,1,0,0.3974332139173785,0,0,0,0.9399,0.0,0.3736,0.0,0.0,0.0,1,0,0.7270532046180154,1,0,0,0.9399,0.0,0.6834,0.9399,0.0,0.0,0,0,0.0,0,0,0,0.0,0.0,0.0,0.0,0.0,0.0,2,0,1.124486418535394,1,0,0,0.9399,0.0,0.5285,0.47,0.0,0.0,2,0,1.124486418535394,1,0,0,0.9399,0.0,0.5285,0.47,0.0,0.0,6.7,-1.011,3.6,-1.025,9.1,-0.985,14.7,-0.738,25.0,-0.653,46.2,-0.298,8.2,-1.323,3.6,-1.653,19.7,-0.848,34.6,-0.532,25.0,-0.494,46.2,-0.273,9.6,-0.98,7.0,-0.976,11.5,-0.973,9.1,-0.777,33.7,-0.532,48.6,-0.186,15.9,-1.004,7.0,-1.462,17.3,-0.946,9.1,-1.066,33.7,-0.441,48.6,-0.162,6.0,-0.994,6.7,-0.994,10.6,-0.936,22.6,-0.644,35.1,-0.551,47.8,-0.224,13.9,-1.122,6.7,-1.42,38.5,-0.333,70.2,0.291,35.1,-0.393,47.8,-0.216,6.2,-0.912,11.3,-0.843,6.2,-0.896,13.9,-0.676,34.9,-0.508,48.8,-0.172,6.2,-1.947,11.3,-1.333,6.2,-1.711,13.9,-0.976,34.9,-0.4,48.8,-0.128,9.9,-1.048,5.3,-1.103,12.5,-1.011,20.0,-0.744,33.4,-0.57,47.6,-0.236,13.9,-1.093,5.3,-1.582,32.2,-0.474,46.6,-0.319,33.4,-0.387,47.6,-0.219,6.7,-1.444,3.6,-1.432,9.1,-1.207,23.8,-0.801,36.3,-0.519,48.8,-0.172,10.6,-1.162,3.6,-1.467,26.4,-0.731,41.8,-0.467,36.3,-0.47,48.8,-0.172
buhlcdwtnxeiqgy079kas7dw4,J. Bergraaf,SBV Excelsior,Forward,10,1,2.978181194330621,1,5,0,0.929,0.0929,0.2767,0.0929,0.4645,0.0,6,0,1.69472077920851,0,4,0,0.929,0.0,0.2624,0.0,0.6193,0.0,4,1,1.283460415122111,1,1,0,0.929,0.2322,0.2981,0.2322,0.2322,0.0,3,1,1.779564413980435,0,0,0,0.929,0.3097,0.5511,0.0,0.0,0.0,7,0,1.198616780350186,1,5,0,0.929,0.0,0.1591,0.1327,0.6636,0.0,5,0,1.20356070835112,0,3,0,0.929,0.0,0.2236,0.0,0.5574,0.0,47.5,-0.383,19.6,-0.597,32.9,-0.499,38.0,-0.467,88.6,0.798,50.0,-0.113,10.1,-0.867,15.2,-1.109,7.6,-1.094,32.9,-0.65,81.0,0.823,50.0,-0.113,51.9,-0.309,13.3,-0.612,44.3,-0.451,19.0,-0.545,92.4,1.778,50.6,0.0,26.6,-0.574,13.3,-1.087,19.0,-0.829,19.0,-0.853,88.6,1.388,50.6,0.0,38.6,-0.464,34.2,-0.533,29.1,-0.543,54.4,-0.346,61.4,-0.11,50.0,-0.113,21.5,-0.559,29.1,-0.61,19.0,-0.776,59.5,-0.22,68.4,-0.009,50.0,-0.113,45.6,-0.418,40.5,-0.426,46.8,-0.365,25.3,-0.464,30.4,-0.604,50.6,0.0,38.0,-0.174,40.5,-0.322,55.7,0.167,25.3,-0.764,30.4,-0.478,50.6,0.0,49.4,-0.329,12.0,-0.724,26.6,-0.596,45.6,-0.42,93.0,1.322,50.0,-0.113,20.3,-0.593,12.0,-1.302,7.6,-1.291,39.2,-0.453,87.3,1.349,50.0,-0.113,31.6,-0.363,10.8,-1.005,21.5,-0.768,20.9,-0.547,90.5,1.321,50.6,0.0,13.9,-0.602,10.8,-1.081,7.6,-1.006,20.9,-0.595,86.1,1.102,50.6,0.0
bvwaamcj0bpdrcuoffl6b9rf8,D. Weidmann,FC Twente,Midfielder,12,6,4.543005548112356,6,0,0,1.4017,0.7008,0.5307,0.7008,0.0,0.0,5,2,1.716714689094099,3,0,0,1.5574,0.623,0.5347,0.9345,0.0,0.0,7,4,2.826290859018258,3,0,0,1.3082,0.7476,0.5282,0.5607,0.0,0.0,5,2,1.939176942514842,2,0,0,0.9345,0.3738,0.3624,0.3738,0.0,0.0,7,4,2.603828605597515,4,0,0,1.6353,0.9345,0.6083,0.9345,0.0,0.0,9,5,3.434788555523485,5,0,0,1.682,0.9345,0.6419,0.9345,0.0,0.0,27.6,-0.721,35.6,-0.638,27.4,-0.755,39.9,-0.478,25.0,-0.653,46.2,-0.298,24.0,-0.786,38.9,-0.309,20.2,-0.843,53.4,-0.198,25.0,-0.494,46.2,-0.273,26.0,-0.77,29.8,-0.749,26.0,-0.812,41.8,-0.498,33.7,-0.532,48.6,-0.186,31.7,-0.458,39.9,-0.416,28.4,-0.639,64.9,0.063,33.7,-0.441,48.6,-0.162,32.9,-0.626,44.0,-0.449,34.1,-0.641,43.8,-0.423,35.1,-0.551,47.8,-0.224,23.6,-0.711,48.6,-0.089,25.0,-0.691,45.9,-0.29,35.1,-0.393,47.8,-0.216,33.7,-0.642,38.5,-0.61,35.1,-0.655,40.9,-0.479,34.9,-0.508,48.8,-0.172,20.7,-0.719,31.7,-0.48,21.2,-0.709,44.7,-0.362,34.9,-0.4,48.8,-0.128,27.4,-0.756,36.3,-0.594,24.5,-0.809,43.0,-0.44,33.4,-0.57,47.6,-0.236,63.9,0.126,83.2,0.66,47.1,-0.192,77.9,0.575,33.4,-0.387,47.6,-0.219,47.4,-0.215,64.4,0.206,40.4,-0.347,68.0,0.229,36.3,-0.519,48.8,-0.172,44.2,-0.385,63.0,0.112,36.1,-0.494,66.3,0.179,36.3,-0.47,48.8,-0.172
bwxn7o8ved1xo5bmfkfgzekiy,J. Bos,Feyenoord Rotterdam,Defender,76,33,30.80920653819835,44,2,0,3.2088,1.3933,1.3008,1.8577,0.0844,0.0,39,18,15.09688801742704,23,2,0,3.2932,1.52,1.2748,1.9422,0.1689,0.0,37,15,15.71231852077131,21,0,0,3.1244,1.2666,1.3268,1.7733,0.0,0.0,35,16,14.84706889495518,18,1,0,2.0319,0.9289,0.8619,1.045,0.0581,0.0,41,17,15.96213764324318,26,1,0,2.2402,0.9289,0.8722,1.4206,0.0546,0.0,21,5,6.006725388831828,17,1,0,3.9012,0.9289,1.1159,3.1581,0.1858,0.0,92.0,1.732,94.5,2.165,93.4,2.134,92.7,1.686,77.4,0.52,45.6,-0.312,92.7,1.773,96.4,1.747,96.4,1.813,92.0,1.517,59.1,-0.083,45.6,-0.295,90.5,1.572,93.8,2.129,92.0,1.812,92.7,1.588,88.3,1.161,47.1,-0.254,90.5,1.566,95.6,1.861,93.4,1.73,92.7,1.507,78.8,0.362,47.1,-0.242,93.8,1.822,93.1,1.942,95.6,2.343,93.4,1.718,33.9,-0.583,48.9,-0.173,92.7,1.448,94.2,1.288,96.4,1.609,90.5,1.326,33.9,-0.483,48.9,-0.168,90.9,1.533,94.9,2.11,94.2,2.063,89.4,1.338,78.1,0.543,46.7,-0.28,86.9,1.135,95.6,1.538,94.9,1.688,81.0,0.933,71.5,-0.014,46.7,-0.245,94.2,1.862,94.9,2.055,94.2,2.101,94.2,1.913,72.3,0.306,48.9,-0.173,92.7,1.567,91.2,1.119,94.9,1.169,94.2,1.623,64.2,-0.18,48.9,-0.158,97.1,2.474,78.8,0.753,91.2,1.474,98.2,3.146,78.8,0.712,48.5,-0.194,95.6,2.398,74.5,0.558,89.1,1.179,98.5,3.019,75.9,0.525,48.5,-0.194
by85t8ssyumcjcks1jx3v96vo,Y. Taha,FC Groningen,Midfielder,157,55,56.80811524372439,97,1,0,4.4295,1.5517,1.6027,2.7367,0.0282,0.0,76,26,27.05533373354376,49,0,0,4.4224,1.5129,1.5743,2.8513,0.0,0.0,81,29,29.75278151018063,48,1,0,4.4361,1.5882,1.6295,2.6288,0.0548,0.0,80,30,28.59528372462823,49,0,0,2.3276,0.8728,0.832,1.4256,0.0,0.0,77,25,28.21283151909616,48,1,0,2.5603,0.8313,0.9381,1.5961,0.0333,0.0,20,10,8.862487437357219,11,0,0,3.7241,1.8621,1.6503,2.0483,0.0,0.0,99.0,3.486,98.1,2.521,98.1,2.763,99.3,4.257,64.7,0.033,46.2,-0.298,98.1,2.733,90.4,1.323,95.2,1.754,99.0,2.747,50.2,-0.311,46.2,-0.273,98.6,2.961,92.8,1.974,96.6,2.276,99.0,3.788,33.7,-0.532,48.6,-0.186,97.1,2.074,84.1,1.077,88.5,1.348,98.1,2.38,33.7,-0.441,48.6,-0.162,99.5,3.911,98.6,2.96,98.6,3.147,99.5,4.537,81.5,0.782,47.8,-0.224,98.6,2.782,94.2,1.407,95.7,1.85,99.5,2.881,70.7,-0.039,47.8,-0.216,99.0,3.404,98.1,2.655,97.6,2.649,99.0,4.168,34.9,-0.508,48.8,-0.172,90.4,1.111,74.0,0.658,77.4,0.589,91.8,1.365,34.9,-0.4,48.8,-0.128,99.5,3.331,96.6,2.078,98.1,2.686,99.5,4.018,78.6,0.582,47.6,-0.236,94.2,1.749,65.4,0.412,88.9,0.975,95.2,1.849,66.8,-0.166,47.6,-0.219,94.7,1.718,94.7,1.844,91.8,1.674,93.5,1.773,36.3,-0.519,48.8,-0.172,94.2,1.754,93.8,1.679,91.3,1.611,93.5,1.729,36.3,-0.47,48.8,-0.172
byirjks50zw1eefkcy8p4hd5h,B. Martins Indi,Sparta Rotterdam,Defender,23,11,7.047617189975587,5,1,0,1.3348,0.6384,0.409,0.2902,0.058,0.0,13,8,3.771660528335718,3,1,0,1.5089,0.9285,0.4378,0.3482,0.1161,0.0,10,3,3.275956661639869,2,0,0,1.1607,0.3482,0.3802,0.2321,0.0,0.0,13,6,4.30140279818405,1,1,0,1.3412,0.619,0.4438,0.1032,0.1032,0.0,10,5,2.746214391791537,4,0,0,0.9285,0.4643,0.255,0.3714,0.0,0.0,8,2,1.829831142638355,3,0,0,1.4857,0.3714,0.3398,0.5571,0.0,0.0,57.7,-0.185,72.3,0.108,54.0,-0.267,47.4,-0.475,57.7,-0.116,45.6,-0.312,29.9,-0.698,58.4,-0.003,30.7,-0.666,32.1,-0.76,53.3,-0.266,45.6,-0.295,61.7,-0.116,80.3,0.458,56.9,-0.243,50.0,-0.415,71.2,0.262,47.1,-0.254,46.0,-0.325,72.3,0.621,40.1,-0.497,38.7,-0.591,71.5,0.089,47.1,-0.242,54.7,-0.256,53.6,-0.295,54.7,-0.275,43.4,-0.523,33.9,-0.583,48.9,-0.173,25.5,-0.639,35.8,-0.443,32.1,-0.503,29.9,-0.746,33.9,-0.483,48.9,-0.168,65.7,-0.021,74.1,0.275,65.0,-0.021,36.5,-0.604,78.1,0.543,46.7,-0.28,54.0,0.017,71.5,0.591,57.7,0.065,32.8,-0.897,82.5,0.34,46.7,-0.245,47.4,-0.342,62.0,-0.059,43.1,-0.499,55.8,-0.337,30.7,-0.627,48.9,-0.173,8.8,-1.009,51.1,-0.087,10.9,-0.896,38.7,-0.476,30.7,-0.565,48.9,-0.158,47.8,-0.229,38.0,-0.475,29.9,-0.666,54.7,-0.269,32.5,-0.624,48.5,-0.194,41.6,-0.427,28.5,-0.566,21.9,-0.778,47.4,-0.34,32.5,-0.601,48.5,-0.194
bzanwdo4ihqd6d7vr06bd3845,L. Unnerstall,FC Twente,Goalkeeper,4,0,0.2426577531466051,0,0,0,0.9288,0.0,0.0563,0.0,0.0,0.0,1,0,0.0663578021966696,0,0,0,0.9288,0.0,0.0616,0.0,0.0,0.0,3,0,0.1762999509499355,0,0,0,0.9288,0.0,0.0546,0.0,0.0,0.0,2,0,0.1389955734876324,0,0,0,0.9288,0.0,0.0645,0.0,0.0,0.0,2,0,0.1036621796589727,0,0,0,0.9288,0.0,0.0481,0.0,0.0,0.0,4,0,0.2426577531466051,0,0,0,0.9288,0.0,0.0563,0.0,0.0,0.0,41.2,-0.691,25.0,-0.639,35.0,-0.525,45.0,-0.337,48.8,-0.214,51.2,0.0,25.0,-0.867,25.0,-0.769,17.5,-0.67,45.0,-0.279,48.8,-0.226,51.2,0.0,32.5,-0.725,30.0,-0.604,35.0,-0.532,45.0,-0.352,51.2,0.0,51.2,0.0,32.5,-0.124,30.0,-0.602,37.5,-0.481,45.0,-0.348,51.2,0.0,51.2,0.0,42.5,-0.599,30.0,-0.588,32.5,-0.508,48.8,-0.227,48.8,-0.214,51.2,0.0,32.5,-0.463,30.0,-0.668,22.5,-0.586,48.8,-0.193,48.8,-0.221,51.2,0.0,42.5,-0.587,28.7,-0.631,40.0,-0.531,47.5,-0.281,51.2,0.0,51.2,0.0,37.5,0.129,28.7,-0.627,37.5,-0.423,47.5,-0.267,51.2,0.0,51.2,0.0,36.2,-0.718,31.2,-0.567,22.5,-0.5,47.5,-0.259,48.8,-0.214,51.2,0.0,30.0,-0.334,31.2,-0.624,22.5,-0.574,47.5,-0.221,48.8,-0.226,51.2,0.0,41.2,-0.283,32.5,-0.628,35.0,-0.581,46.2,-0.294,50.0,-0.158,51.2,0.0,25.0,-0.758,32.5,-0.656,17.5,-0.764,46.2,-0.294,50.0,-0.158,51.2,0.0
bzsoq42nf6sgdh9oe64n7rnfu,B. Limbombe,Heracles Almelo,Midfielder,56,20,22.37798994961958,37,0,1,2.7463,0.9808,1.0974,1.8145,0.0,0.049,33,15,14.03539607236325,22,0,1,3.4165,1.5529,1.4531,2.2776,0.0,0.1035,23,5,8.342593877256329,15,0,0,2.1431,0.4659,0.7773,1.3976,0.0,0.0,32,9,11.33252879911601,25,0,0,2.1297,0.599,0.7542,1.6639,0.0,0.0,24,11,11.04546115050357,12,0,1,1.8635,0.8541,0.8576,0.9318,0.0,0.0776,7,3,2.922290887042866,5,0,1,1.3045,0.5591,0.5446,0.9318,0.0,0.1864,77.2,0.555,69.0,0.264,73.1,0.446,89.9,1.135,25.0,-0.653,96.2,3.344,81.7,0.777,66.8,0.228,75.5,0.53,91.3,1.413,25.0,-0.494,98.1,3.307,81.0,0.702,80.5,0.725,81.2,0.689,91.6,1.273,33.7,-0.532,98.6,5.346,89.4,1.185,87.5,1.144,85.1,1.116,94.7,1.687,33.7,-0.441,99.0,4.774,73.1,0.355,51.0,-0.313,65.9,0.135,86.1,0.899,35.1,-0.551,47.8,-0.224,63.0,0.222,30.3,-0.59,47.8,-0.116,83.7,0.993,35.1,-0.393,47.8,-0.216,83.2,0.814,71.9,0.206,76.4,0.509,95.7,1.795,34.9,-0.508,48.8,-0.172,85.6,0.851,47.6,0.034,67.8,0.374,93.8,1.756,34.9,-0.4,48.8,-0.128,69.5,0.236,67.8,0.297,69.2,0.343,76.0,0.371,33.4,-0.57,97.6,4.222,75.5,0.527,69.7,0.467,80.8,0.69,75.0,0.57,33.4,-0.387,99.0,5.141,31.2,-0.566,38.0,-0.449,35.1,-0.537,68.0,0.229,36.3,-0.519,98.8,5.788,27.4,-0.78,38.0,-0.522,27.9,-0.698,63.9,0.176,36.3,-0.47,99.0,5.796
c0os20ujhb2hujvtp21093l04,A. Oufkir,Sparta Rotterdam,Midfielder,41,12,15.86693309629522,21,1,0,2.2377,0.6549,0.866,1.1461,0.0546,0.0,28,9,11.40806469940569,17,0,0,2.3618,0.7591,0.9623,1.4339,0.0,0.0,13,3,4.458868396889526,4,1,0,2.0103,0.4639,0.6895,0.6186,0.1546,0.0,10,0,3.071099220540434,7,0,0,1.5464,0.0,0.4749,1.0825,0.0,0.0,31,12,12.79583387575479,14,1,0,2.0545,0.7953,0.848,0.9278,0.0663,0.0,8,4,3.850133898608846,3,0,0,1.4845,0.7423,0.7145,0.5567,0.0,0.0,65.6,0.12,50.5,-0.251,63.0,0.007,78.1,0.303,64.7,0.033,46.2,-0.298,62.5,0.186,35.6,-0.397,55.3,-0.031,72.1,0.446,62.5,-0.139,46.2,-0.273,74.8,0.439,62.7,0.045,70.7,0.369,84.1,0.807,33.7,-0.532,48.6,-0.186,63.5,0.253,47.6,-0.188,61.1,0.178,78.8,0.667,33.7,-0.441,48.6,-0.162,51.2,-0.258,36.3,-0.585,43.8,-0.411,52.6,-0.313,81.5,0.782,47.8,-0.224,57.2,0.073,28.4,-0.594,38.9,-0.319,52.6,-0.201,87.5,0.605,47.8,-0.216,48.1,-0.373,11.3,-0.843,43.3,-0.515,68.8,0.016,34.9,-0.508,48.8,-0.172,50.5,0.085,11.3,-1.333,30.3,-0.398,80.8,0.802,34.9,-0.4,48.8,-0.128,77.4,0.645,71.9,0.424,74.5,0.582,81.5,0.573,78.6,0.582,47.6,-0.236,83.2,0.862,61.5,0.326,78.8,0.656,72.1,0.563,73.1,0.052,47.6,-0.219,39.4,-0.39,51.4,-0.121,51.4,-0.192,50.2,-0.286,36.3,-0.519,48.8,-0.172,33.7,-0.592,45.2,-0.213,44.7,-0.343,45.0,-0.346,36.3,-0.47,48.8,-0.172
c1krps0yssh477m8umrruiqjt,F. de Keijzer,Heracles Almelo,Goalkeeper,3,1,0.31406823013498,0,0,0,1.399,0.4663,0.1465,0.0,0.0,0.0,1,0,0.0432846089569726,0,0,0,0.9326,0.0,0.0404,0.0,0.0,0.0,2,1,0.2707836211780074,0,0,0,1.8653,0.9326,0.2525,0.0,0.0,0.0,1,1,0.1745879951586272,0,0,0,0.9326,0.9326,0.1628,0.0,0.0,0.0,2,0,0.1394802349763528,0,0,0,0.9326,0.0,0.065,0.0,0.0,0.0,3,1,0.31406823013498,0,0,0,1.399,0.4663,0.1465,0.0,0.0,0.0,35.0,-0.767,56.2,-0.349,42.5,-0.507,45.0,-0.337,48.8,-0.214,51.2,0.0,75.0,0.418,87.5,1.556,62.5,-0.131,45.0,-0.279,48.8,-0.226,51.2,0.0,32.5,-0.725,30.0,-0.604,22.5,-0.544,45.0,-0.352,51.2,0.0,51.2,0.0,37.5,-0.118,30.0,-0.602,22.5,-0.607,45.0,-0.348,51.2,0.0,51.2,0.0,31.2,-0.76,66.2,-0.077,47.5,-0.46,48.8,-0.227,48.8,-0.214,51.2,0.0,95.0,1.255,100.0,2.951,85.0,0.441,48.8,-0.193,48.8,-0.221,51.2,0.0,30.0,-0.742,67.5,0.0,45.0,-0.508,47.5,-0.281,51.2,0.0,51.2,0.0,47.5,0.136,100.0,3.957,80.0,0.255,47.5,-0.267,51.2,0.0,51.2,0.0,36.2,-0.718,31.2,-0.567,30.0,-0.485,47.5,-0.259,48.8,-0.214,51.2,0.0,35.0,-0.323,31.2,-0.624,30.0,-0.476,47.5,-0.221,48.8,-0.226,51.2,0.0,35.0,-0.636,71.2,0.269,47.5,-0.481,46.2,-0.294,50.0,-0.158,51.2,0.0,77.5,0.538,92.5,1.465,65.0,-0.029,46.2,-0.294,50.0,-0.158,51.2,0.0
c2an5ksdu6jbap3x3jp3z9c5x,N. Viergever,FC Utrecht,Defender,7,0,1.175914349790167,3,0,0,1.0731,0.0,0.1803,0.4599,0.0,0.0,3,0,0.7997452011129161,2,0,0,1.3796,0.0,0.3678,0.9198,0.0,0.0,4,0,0.376169148677251,1,0,0,0.9198,0.0,0.0865,0.2299,0.0,0.0,4,0,0.5833981390246215,1,0,0,1.2263,0.0,0.1789,0.3066,0.0,0.0,3,0,0.5925162107655457,2,0,0,0.9198,0.0,0.1817,0.6132,0.0,0.0,6,0,0.9718226542926792,2,0,0,1.1037,0.0,0.1788,0.3679,0.0,0.0,18.6,-0.763,4.4,-0.92,7.3,-0.861,35.8,-0.586,23.0,-0.752,45.6,-0.312,9.5,-1.043,4.4,-1.483,1.5,-1.302,38.7,-0.514,23.0,-0.666,45.6,-0.295,17.2,-0.765,8.0,-0.878,14.6,-0.782,41.6,-0.516,29.9,-0.636,47.1,-0.254,38.0,-0.462,8.0,-1.325,27.0,-0.684,58.4,0.161,29.9,-0.51,47.1,-0.242,23.7,-0.717,9.9,-0.855,11.7,-0.886,28.8,-0.641,33.9,-0.583,48.9,-0.173,10.2,-0.895,9.9,-1.099,8.8,-1.158,29.2,-0.749,33.9,-0.483,48.9,-0.168,24.5,-0.657,11.7,-0.827,16.1,-0.756,36.5,-0.604,33.6,-0.568,46.7,-0.28,43.8,-0.169,11.7,-1.302,15.3,-0.963,40.9,-0.502,33.6,-0.47,46.7,-0.245,15.7,-0.84,7.3,-0.94,8.8,-0.923,36.9,-0.541,30.7,-0.627,48.9,-0.173,7.3,-1.026,7.3,-1.292,5.8,-1.141,55.5,0.007,30.7,-0.565,48.9,-0.158,25.5,-0.645,5.5,-1.295,6.6,-1.105,41.2,-0.513,32.5,-0.624,48.5,-0.194,13.9,-0.874,5.5,-1.315,2.2,-1.184,31.4,-0.584,32.5,-0.601,48.5,-0.194
c3j7ddqg0yzporam6gieibgiy,C. Brym,NAC Breda,Forward,41,15,15.72030003904039,27,1,0,2.1035,0.7696,0.8065,1.3852,0.0513,0.0,17,7,7.459455935596024,9,1,0,1.7443,0.7183,0.7654,0.9235,0.1026,0.0,24,8,8.260844103444363,18,0,0,2.4626,0.8209,0.8476,1.8469,0.0,0.0,23,6,9.121183595972822,13,0,0,1.77,0.4617,0.7019,1.0004,0.0,0.0,18,9,6.599116443067565,14,1,0,1.3852,0.6926,0.5078,1.0774,0.077,0.0,12,1,3.499972764450797,9,0,0,2.2163,0.1847,0.6464,1.6622,0.0,0.0,89.9,0.795,82.3,0.511,83.5,0.536,94.9,2.162,43.0,-0.42,50.0,-0.113,89.9,0.887,75.9,0.321,72.2,0.337,96.2,2.296,34.2,-0.639,50.0,-0.113,82.3,0.426,79.1,0.279,79.7,0.357,91.8,1.171,61.4,-0.095,50.6,0.0,74.7,0.341,65.8,0.188,67.1,0.232,87.3,1.291,53.2,-0.351,50.6,0.0,91.1,1.238,86.7,0.832,88.6,0.75,96.2,2.996,21.5,-0.595,50.0,-0.113,92.4,1.366,79.7,0.587,83.5,0.592,100.0,2.979,21.5,-0.705,50.0,-0.113,90.5,1.067,81.6,0.395,89.9,0.906,94.9,1.851,30.4,-0.604,50.6,0.0,87.3,1.13,57.0,0.02,75.9,0.593,97.5,2.252,30.4,-0.478,50.6,0.0,82.3,0.486,82.9,0.592,75.9,0.201,93.7,2.29,54.4,-0.254,50.0,-0.113,73.4,0.35,79.7,0.644,49.4,-0.061,97.5,2.054,48.1,-0.468,50.0,-0.113,89.2,0.797,29.1,-0.637,69.6,0.139,96.8,1.994,24.1,-0.712,50.6,0.0,88.6,0.693,25.3,-0.741,63.3,-0.057,94.9,1.863,24.1,-0.745,50.6,0.0
c3j7m8kaoius8i6jihubgy6p6,Ángel Alarcón,FC Utrecht,Midfielder,44,14,14.57448279098579,28,2,0,3.0615,0.9741,1.0141,1.9482,0.1392,0.0,24,8,7.936536705172357,15,1,0,3.6181,1.206,1.1965,2.2613,0.1508,0.0,20,6,6.637946085813433,13,1,0,2.5844,0.7753,0.8577,1.6798,0.1292,0.0,22,6,7.524433444780317,13,2,0,1.6583,0.4523,0.5672,0.9799,0.1508,0.0,22,8,7.050049346205474,15,0,0,1.809,0.6578,0.5797,1.2334,0.0,0.0,17,4,4.319715685683796,13,0,0,3.0754,0.7236,0.7815,2.3518,0.0,0.0,69.5,0.207,57.2,-0.122,57.7,-0.08,82.7,0.667,84.9,0.719,46.2,-0.298,90.4,1.143,65.4,0.215,70.7,0.328,93.3,1.607,83.2,0.41,46.2,-0.273,68.5,0.229,58.2,-0.069,59.1,-0.054,82.0,0.62,78.1,0.456,48.6,-0.186,91.3,1.363,70.2,0.562,75.5,0.626,93.8,1.667,81.2,0.394,48.6,-0.162,68.3,0.171,56.7,-0.176,59.1,-0.104,83.7,0.679,81.5,0.782,47.8,-0.224,82.7,0.714,51.0,-0.04,59.1,0.069,90.9,1.426,84.6,0.441,47.8,-0.216,68.8,0.275,57.7,-0.144,64.4,0.037,83.7,0.609,94.5,1.715,48.8,-0.172,60.6,0.232,36.1,-0.301,39.9,-0.143,78.4,0.633,88.9,0.76,48.8,-0.128,64.2,0.12,56.7,-0.085,51.9,-0.202,83.7,0.675,33.4,-0.57,47.6,-0.236,69.7,0.431,51.0,-0.004,41.3,-0.293,88.9,1.151,33.4,-0.387,47.6,-0.219,86.1,1.191,51.4,-0.121,59.6,-0.017,97.6,2.288,36.3,-0.519,48.8,-0.172,84.1,1.074,41.3,-0.245,52.9,-0.203,97.1,2.151,36.3,-0.47,48.8,-0.172
c5jk0pvcvqddy0xiqv6qkesph,H. Veerman,FC Volendam,Forward,20,7,8.681039106925384,2,5,0,1.4373,0.5031,0.6239,0.1437,0.3593,0.0,12,5,4.275630202537404,2,2,0,1.6016,0.6673,0.5706,0.2669,0.2669,0.0,8,2,4.405408904387979,0,3,0,1.2457,0.3114,0.686,0.0,0.4671,0.0,9,2,3.428704897733262,2,3,0,1.051,0.2336,0.4004,0.2336,0.3503,0.0,11,5,5.252334209192122,0,2,0,1.2846,0.5839,0.6134,0.0,0.2336,0.0,6,5,3.299599848079251,0,1,0,1.1211,0.9343,0.6165,0.0,0.1869,0.0,70.3,-0.003,65.2,-0.122,68.4,-0.036,54.4,-0.366,88.6,0.798,50.0,-0.113,59.5,-0.108,43.0,-0.242,50.6,-0.156,40.5,-0.534,77.2,0.451,50.0,-0.113,72.8,0.092,71.5,0.024,64.6,-0.089,67.1,-0.164,80.4,0.529,50.6,0.0,67.1,0.181,59.5,0.098,46.8,-0.179,53.2,-0.233,72.2,0.202,50.6,0.0,63.9,-0.124,50.0,-0.338,69.6,0.035,25.3,-0.542,89.9,0.859,50.0,-0.113,45.6,-0.161,36.7,-0.448,63.3,0.19,25.3,-0.68,84.8,0.695,50.0,-0.113,72.2,0.027,56.3,-0.262,65.8,-0.079,74.7,-0.108,94.9,1.863,50.6,0.0,49.4,0.016,35.4,-0.493,35.4,-0.259,62.0,-0.06,88.6,0.738,50.6,0.0,66.5,-0.033,70.9,0.007,69.6,0.002,18.4,-0.628,74.1,0.14,50.0,-0.113,65.8,0.142,64.6,0.339,65.8,0.311,18.4,-0.805,69.6,0.017,50.0,-0.113,44.9,-0.197,85.4,0.833,65.8,0.06,20.9,-0.547,62.7,-0.034,50.6,0.0,36.7,-0.409,83.5,0.643,60.8,-0.124,20.9,-0.595,65.2,-0.126,50.6,0.0
c6i4usq34m3389rtbqptahrai,R. Meissen,SBV Excelsior,Defender,15,3,4.708109763774226,3,2,0,1.2696,0.2539,0.3985,0.2539,0.1693,0.0,8,2,2.048713718355895,1,1,0,1.8621,0.4655,0.4769,0.2328,0.2328,0.0,7,1,2.659396045418331,2,1,0,0.931,0.133,0.3537,0.266,0.133,0.0,7,1,1.452066618080881,2,1,0,1.3034,0.1862,0.2704,0.3724,0.1862,0.0,8,2,3.256043145693346,1,1,0,0.931,0.2328,0.3789,0.1164,0.1164,0.0,9,2,2.314297743992898,2,1,0,1.6759,0.3724,0.4309,0.3724,0.1862,0.0,39.4,-0.474,30.7,-0.639,41.6,-0.504,35.8,-0.586,77.4,0.52,45.6,-0.312,23.4,-0.783,14.6,-0.894,28.5,-0.696,29.2,-0.813,79.6,0.502,45.6,-0.295,42.0,-0.441,36.9,-0.544,38.0,-0.555,30.3,-0.616,71.2,0.262,47.1,-0.254,57.7,0.049,43.8,-0.35,44.5,-0.393,31.4,-0.743,87.6,0.692,47.1,-0.242,42.7,-0.486,28.8,-0.668,51.1,-0.405,43.4,-0.523,78.8,0.645,48.9,-0.173,13.1,-0.883,21.2,-0.848,29.9,-0.562,35.0,-0.701,81.0,0.375,48.9,-0.168,43.8,-0.445,29.9,-0.643,32.8,-0.585,47.1,-0.489,78.1,0.543,46.7,-0.28,49.6,-0.044,27.7,-0.732,27.0,-0.608,45.3,-0.374,87.6,0.992,46.7,-0.245,40.1,-0.484,36.1,-0.588,47.4,-0.399,25.5,-0.643,72.3,0.306,48.9,-0.173,11.7,-1.004,23.4,-0.688,35.0,-0.481,20.4,-0.986,76.6,0.256,48.9,-0.158,58.8,-0.021,38.0,-0.475,43.8,-0.418,41.2,-0.513,78.8,0.712,48.5,-0.194,55.5,-0.204,30.7,-0.564,35.0,-0.548,38.3,-0.578,80.3,0.527,48.5,-0.194
c6ip6gwp8yvchd1n3dv42go9,Mauro Júnior,PSV Eindhoven,Defender,53,30,24.23099803474345,20,1,0,2.2567,1.2774,1.0317,0.8516,0.0426,0.0,30,19,12.95035240173097,12,1,0,2.3419,1.4832,1.0109,0.9367,0.0781,0.0,23,11,11.28064563301247,8,0,0,2.1545,1.0304,1.0567,0.7494,0.0,0.0,28,16,12.31366378143402,11,1,0,1.5429,0.8816,0.6785,0.6061,0.0551,0.0,25,14,11.91733425330943,9,0,0,1.5612,0.8743,0.7442,0.562,0.0,0.0,10,5,4.038835336028761,3,1,0,1.8735,0.9367,0.7567,0.562,0.1873,0.0,85.4,0.9,92.7,1.884,89.8,1.47,76.3,0.356,57.7,-0.116,45.6,-0.312,75.2,0.518,94.9,1.479,88.3,1.065,56.9,0.055,49.6,-0.372,45.6,-0.295,86.9,0.988,95.6,2.296,89.1,1.423,81.8,0.486,71.2,0.262,47.1,-0.254,76.6,0.558,94.9,1.784,83.2,1.027,61.3,0.184,63.5,-0.107,47.1,-0.242,82.5,0.745,87.2,1.196,89.8,1.41,71.9,0.185,33.9,-0.583,48.9,-0.173,73.7,0.417,86.9,0.843,88.3,1.007,53.3,-0.051,33.9,-0.483,48.9,-0.168,87.2,1.039,94.9,2.11,91.2,1.562,80.3,0.538,78.1,0.543,46.7,-0.28,70.8,0.344,89.1,1.393,85.4,0.976,53.3,0.08,70.8,-0.037,46.7,-0.245,82.8,0.724,89.4,1.527,88.3,1.305,73.0,0.175,30.7,-0.627,48.9,-0.173,67.9,0.234,86.9,0.978,83.2,0.741,54.0,-0.095,30.7,-0.565,48.9,-0.158,69.0,0.187,78.8,0.753,73.0,0.466,54.7,-0.269,78.8,0.712,48.5,-0.194,67.2,0.027,78.8,0.574,70.1,0.273,50.4,-0.334,84.7,0.534,48.5,-0.194
c6ufljjgl050g9xn7e9ma7hg4,M. Smit,Go Ahead Eagles,Forward,14,5,6.568404509202573,2,1,0,1.1847,0.4231,0.5558,0.1692,0.0846,0.0,4,0,1.338693157623186,1,0,0,1.2412,0.0,0.4154,0.3103,0.0,0.0,10,5,5.229711351579387,1,1,0,1.1636,0.5818,0.6085,0.1164,0.1164,0.0,7,2,3.23687318941304,2,0,0,1.3032,0.3723,0.6026,0.3723,0.0,0.0,7,3,3.331531319789533,0,1,0,0.9309,0.3989,0.443,0.0,0.133,0.0,6,2,2.934031432357227,1,0,0,1.117,0.3723,0.5462,0.1862,0.0,0.0,55.7,-0.231,54.4,-0.28,58.2,-0.208,54.4,-0.366,43.0,-0.42,50.0,-0.113,34.2,-0.485,32.9,-0.411,35.4,-0.34,48.7,-0.476,38.0,-0.521,50.0,-0.113,43.0,-0.443,13.3,-0.612,36.7,-0.501,50.0,-0.355,24.1,-0.719,50.6,0.0,46.8,-0.224,13.3,-1.087,34.2,-0.506,59.5,-0.133,24.1,-0.696,50.6,0.0,67.7,0.046,75.3,0.247,75.9,0.188,54.4,-0.346,61.4,-0.11,50.0,-0.113,38.0,-0.264,59.5,0.101,51.3,-0.003,51.9,-0.45,51.9,-0.356,50.0,-0.113,63.9,-0.121,56.3,-0.262,63.3,-0.112,74.7,-0.108,30.4,-0.604,50.6,0.0,67.1,0.407,46.8,-0.181,63.3,0.312,69.6,0.359,30.4,-0.478,50.6,0.0,49.4,-0.329,50.6,-0.285,53.2,-0.281,18.4,-0.628,54.4,-0.254,50.0,-0.113,25.3,-0.589,39.2,-0.181,36.7,-0.29,18.4,-0.805,53.2,-0.294,50.0,-0.113,44.9,-0.197,47.5,-0.27,55.7,-0.085,54.4,-0.264,24.1,-0.712,50.6,0.0,35.4,-0.413,41.8,-0.394,45.6,-0.282,56.3,-0.32,24.1,-0.745,50.6,0.0
c7n2b2gq381k0o0jizqueii5m,M. Kjølø,FC Twente,Midfielder,10,4,4.572245961460776,4,2,0,1.3327,0.5331,0.6093,0.5331,0.2665,0.0,5,2,2.174779216092107,2,1,0,1.1661,0.4664,0.5072,0.4664,0.2332,0.0,5,2,2.397466745368669,2,1,0,1.5548,0.6219,0.7455,0.6219,0.311,0.0,4,1,1.592633316812144,2,0,0,1.8658,0.4664,0.7429,0.9329,0.0,0.0,6,3,2.979612644648632,2,2,0,0.9329,0.4664,0.4633,0.311,0.311,0.0,7,4,3.697314360571099,2,2,0,1.3061,0.7463,0.6898,0.3732,0.3732,0.0,23.3,-0.779,26.7,-0.767,27.9,-0.753,31.7,-0.582,84.9,0.719,46.2,-0.298,20.0,-0.866,27.6,-0.631,29.8,-0.653,38.9,-0.441,93.3,1.237,46.2,-0.273,26.0,-0.77,29.8,-0.749,28.8,-0.756,35.8,-0.591,78.1,0.456,48.6,-0.186,20.7,-0.804,26.9,-0.679,26.9,-0.691,36.1,-0.502,91.3,0.85,48.6,-0.162,25.0,-0.749,27.6,-0.722,28.8,-0.701,33.9,-0.534,81.5,0.782,47.8,-0.224,36.5,-0.435,40.4,-0.313,44.2,-0.189,53.6,-0.196,96.2,1.614,47.8,-0.216,29.1,-0.696,28.4,-0.726,30.3,-0.698,40.9,-0.479,34.9,-0.508,48.8,-0.172,73.1,0.504,39.4,-0.269,65.4,0.343,76.7,0.556,34.9,-0.4,48.8,-0.128,23.6,-0.815,29.3,-0.721,28.8,-0.758,31.2,-0.642,93.0,1.733,47.6,-0.236,9.1,-1.106,29.3,-0.463,22.1,-0.705,31.7,-0.625,97.1,1.672,47.6,-0.219,31.2,-0.566,51.4,-0.121,47.6,-0.249,38.2,-0.543,95.9,2.213,48.8,-0.172,28.1,-0.779,49.3,-0.206,42.8,-0.394,36.1,-0.602,95.2,1.614,48.8,-0.172
c9epkro6fot3km9zak1kswfhm,X. Mbuyamba,FC Volendam,Defender,7,2,2.161047926297679,1,2,0,1.3032,0.3723,0.4023,0.1862,0.3723,0.0,1,1,0.3613378094557127,0,0,0,0.9308,0.9308,0.3363,0.0,0.0,0.0,6,1,1.799710116841967,1,2,0,1.3963,0.2327,0.4188,0.2327,0.4654,0.0,4,1,1.283518500920325,1,1,0,0.9308,0.2327,0.2987,0.2327,0.2327,0.0,3,1,0.8775294253773539,0,1,0,1.3963,0.4654,0.4084,0.0,0.4654,0.0,7,2,2.161047926297679,1,2,0,1.3032,0.3723,0.4023,0.1862,0.3723,0.0,18.6,-0.763,21.2,-0.733,21.9,-0.761,18.2,-0.697,77.4,0.52,45.6,-0.312,26.3,-0.739,25.5,-0.62,29.2,-0.685,21.9,-0.912,95.6,1.903,45.6,-0.295,7.3,-0.895,22.6,-0.711,8.0,-0.862,11.7,-0.716,29.9,-0.636,47.1,-0.254,12.4,-0.938,73.7,0.626,22.6,-0.767,11.7,-1.05,29.9,-0.51,47.1,-0.242,37.6,-0.563,28.8,-0.668,37.2,-0.586,28.8,-0.641,93.8,1.874,48.9,-0.173,40.1,-0.389,28.1,-0.66,35.8,-0.416,31.8,-0.746,97.8,2.52,48.9,-0.168,24.5,-0.657,29.9,-0.643,28.5,-0.618,36.5,-0.604,78.1,0.543,46.7,-0.28,18.2,-0.647,34.3,-0.59,31.4,-0.498,36.5,-0.646,92.7,1.357,46.7,-0.245,15.7,-0.84,21.9,-0.764,13.9,-0.867,9.5,-0.746,72.3,0.306,48.9,-0.173,54.0,-0.09,51.8,-0.084,43.1,-0.382,9.5,-1.219,98.5,2.718,48.9,-0.158,36.9,-0.437,38.0,-0.475,40.9,-0.496,24.1,-0.757,95.3,2.049,48.5,-0.194,28.1,-0.64,29.9,-0.564,32.1,-0.621,23.0,-0.819,92.7,1.655,48.5,-0.194
c9shc6t28oroqthopifjvg9ux,D. Vente,SC Heerenveen,Forward,34,19,18.6976342725385,8,3,0,1.5726,0.8788,0.8648,0.37,0.1388,0.0,17,9,9.922099903071151,6,1,0,1.4296,0.7569,0.8344,0.5046,0.0841,0.0,17,10,8.775534369467346,2,2,0,1.7473,1.0279,0.902,0.2056,0.2056,0.0,13,4,5.667821824643088,5,2,0,1.3362,0.4111,0.5826,0.5139,0.2056,0.0,21,15,13.02981244789541,3,1,0,1.0792,0.7709,0.6696,0.1542,0.0514,0.0,5,4,3.191692939528754,1,0,0,0.9251,0.7401,0.5905,0.185,0.0,0.0,84.8,0.529,88.0,0.827,89.9,0.778,81.6,0.241,72.8,0.189,50.0,-0.113,70.9,0.094,78.5,0.552,82.3,0.495,65.8,-0.018,48.1,-0.329,50.0,-0.113,82.3,0.426,83.5,0.533,84.8,0.702,85.4,0.599,61.4,-0.095,50.6,0.0,58.2,-0.012,67.1,0.257,73.4,0.378,72.2,0.319,50.6,-0.413,50.6,0.0,87.3,0.642,92.4,1.222,89.9,0.846,67.7,-0.149,83.5,0.374,50.0,-0.113,79.7,0.468,88.6,1.008,86.1,0.728,57.0,-0.273,65.8,-0.089,50.0,-0.113,82.9,0.324,74.1,0.067,81.0,0.308,86.1,0.426,88.0,1.041,50.6,0.0,69.6,0.458,50.6,-0.094,62.0,0.256,81.0,0.786,75.9,0.236,50.6,0.0,87.3,0.709,93.0,1.47,89.9,1.149,75.3,-0.003,54.4,-0.254,50.0,-0.113,43.0,-0.282,86.1,0.864,75.9,0.509,44.3,-0.396,43.0,-0.547,50.0,-0.113,31.6,-0.363,77.2,0.465,64.6,0.017,54.4,-0.264,24.1,-0.712,50.6,0.0,8.9,-0.606,68.4,0.284,57.0,-0.183,49.4,-0.321,24.1,-0.745,50.6,0.0
ccmmsnrfn58gwi1petlp08f3e,L. Duijvestijn,Fortuna Sittard,Midfielder,64,31,33.27364846774128,11,2,1,2.9614,1.4344,1.5397,0.509,0.0925,0.0463,34,14,17.32782450841583,9,2,0,3.1465,1.2956,1.6036,0.8329,0.1851,0.0,30,17,15.94582395932545,2,0,1,2.7763,1.5733,1.4757,0.1851,0.0,0.0925,23,11,13.78781472324659,4,1,0,1.5204,0.7271,0.9114,0.2644,0.0661,0.0,41,20,19.48583374449469,7,1,1,2.3715,1.1568,1.1271,0.4049,0.0578,0.0578,17,9,8.962149783841731,4,1,0,3.1465,1.6658,1.6588,0.7404,0.1851,0.0,82.2,0.787,84.9,0.974,87.5,1.179,55.0,-0.218,84.9,0.719,96.2,3.344,87.5,1.027,87.0,1.098,92.8,1.602,37.0,-0.476,75.0,0.107,97.6,3.11,82.5,0.754,76.7,0.612,85.6,1.091,69.7,0.061,92.1,1.445,48.6,-0.186,82.7,0.946,76.0,0.713,90.9,1.404,55.3,-0.059,86.1,0.584,48.6,-0.162,82.7,0.784,89.9,1.324,88.0,1.205,33.9,-0.534,35.1,-0.551,97.8,4.439,84.6,0.929,93.8,1.381,93.8,1.495,20.7,-0.866,35.1,-0.393,99.0,4.475,70.2,0.329,77.4,0.439,82.2,0.813,54.1,-0.281,80.8,0.604,48.8,-0.172,48.1,0.05,67.3,0.326,82.7,0.809,37.5,-0.542,80.3,0.109,48.8,-0.128,88.2,1.229,89.4,1.442,91.8,1.495,59.1,-0.136,78.6,0.582,97.6,4.222,92.3,1.418,95.7,1.193,96.2,1.644,41.3,-0.444,72.6,-0.004,98.6,3.774,86.1,1.191,92.3,1.517,93.3,1.711,60.1,-0.028,82.9,0.847,48.8,-0.172,85.6,1.149,90.9,1.347,92.8,1.629,54.1,-0.091,76.9,0.564,48.8,-0.172
cdhqb1a4h246hu0u13pm0tqay,I. Bronkhorst,SBV Excelsior,Defender,85,26,24.67916313959091,57,6,0,2.8281,0.8651,0.8211,1.8965,0.1996,0.0,52,16,13.52747848743913,37,4,0,3.2296,0.9937,0.8402,2.298,0.2484,0.0,33,10,11.15168465215178,20,2,0,2.3649,0.7166,0.7992,1.4333,0.1433,0.0,40,9,11.11545825869996,25,4,0,2.0703,0.4658,0.5753,1.2939,0.207,0.0,45,17,13.56370488089095,32,2,0,1.7468,0.6599,0.5265,1.2422,0.0776,0.0,10,2,2.578535735591032,7,1,0,1.8632,0.3726,0.4804,1.3043,0.1863,0.0,94.9,2.057,89.8,1.51,91.2,1.515,97.1,2.407,97.8,3.063,45.6,-0.312,89.8,1.271,73.0,0.523,75.2,0.479,93.4,1.574,83.9,0.711,45.6,-0.295,95.6,2.416,90.9,1.795,89.8,1.527,97.8,2.991,97.8,2.959,47.1,-0.254,89.8,1.499,80.3,0.758,75.2,0.573,94.2,1.976,90.5,0.772,47.1,-0.242,90.5,1.514,84.7,1.01,89.1,1.383,92.0,1.601,93.8,1.874,48.9,-0.173,80.3,0.641,66.4,0.251,74.5,0.432,83.9,0.869,82.5,0.441,48.9,-0.168,93.4,1.887,86.5,0.825,89.8,1.325,96.0,2.137,98.9,3.875,46.7,-0.28,89.1,1.197,58.4,0.122,73.7,0.576,89.8,1.416,88.3,1.155,46.7,-0.245,95.6,2.146,94.9,2.055,91.2,1.629,97.1,2.527,88.7,1.24,48.9,-0.173,76.6,0.598,70.1,0.421,58.4,0.013,89.1,1.266,68.6,-0.018,48.9,-0.158,69.0,0.187,38.0,-0.475,46.7,-0.282,78.5,0.707,78.8,0.712,48.5,-0.194,66.4,0.015,32.1,-0.564,40.1,-0.424,78.1,0.625,82.1,0.528,48.5,-0.194
cdir3jevzi4o8edgtfwu6jfca,Gonçalo Borges,Feyenoord Rotterdam,Midfielder,20,5,5.40813330424244,16,0,0,3.122,0.7805,0.8442,2.4976,0.0,0.0,12,3,3.662547592297276,9,0,0,3.7465,0.9366,1.1435,2.8098,0.0,0.0,8,2,1.745585711945165,7,0,0,2.4976,0.6244,0.545,2.1854,0.0,0.0,6,1,1.309084127569112,4,0,0,1.8732,0.3122,0.4087,1.2488,0.0,0.0,14,4,4.099049176673329,12,0,0,3.2781,0.9366,0.9598,2.8098,0.0,0.0,18,4,4.942644518586997,14,0,0,3.3718,0.7493,0.9259,2.6225,0.0,0.0,40.4,-0.489,32.0,-0.703,30.3,-0.697,69.2,0.043,25.0,-0.653,46.2,-0.298,91.8,1.213,46.6,-0.156,51.9,-0.084,98.6,2.402,25.0,-0.494,46.2,-0.273,45.2,-0.402,35.8,-0.636,38.0,-0.575,69.7,0.061,33.7,-0.532,48.6,-0.186,93.3,1.477,59.1,0.11,71.2,0.525,97.6,2.33,33.7,-0.441,48.6,-0.162,37.3,-0.565,27.6,-0.722,22.1,-0.793,67.3,0.017,35.1,-0.551,47.8,-0.224,78.8,0.618,42.3,-0.308,26.4,-0.652,98.1,2.201,35.1,-0.393,47.8,-0.216,38.0,-0.589,28.4,-0.726,27.4,-0.733,54.1,-0.281,34.9,-0.508,48.8,-0.172,75.0,0.514,30.8,-0.62,24.5,-0.581,88.0,1.075,34.9,-0.4,48.8,-0.128,46.2,-0.348,36.3,-0.594,37.0,-0.605,76.0,0.371,33.4,-0.57,47.6,-0.236,99.5,3.008,84.1,0.665,89.9,1.052,100.0,4.186,33.4,-0.387,47.6,-0.219,89.4,1.366,51.4,-0.121,64.4,0.215,98.6,2.545,36.3,-0.519,48.8,-0.172,89.9,1.385,51.7,-0.201,61.1,0.098,98.6,2.528,36.3,-0.47,48.8,-0.172
cdkcv67vij1d10ur7fma5qtqs,B. Kovács,Alkmaar Zaanstreek,Forward,1,0,0.2197614704942891,0,1,0,0.9474,0.0,0.2082,0.0,0.9474,0.0,1,0,0.2197614704942891,0,1,0,0.9474,0.0,0.2082,0.0,0.9474,0.0,0,0,0.0,0,0,0,0.0,0.0,0.0,0.0,0.0,0.0,0,0,0.0,0,0,0,0.0,0.0,0.0,0.0,0.0,0.0,1,0,0.2197614704942891,0,1,0,0.9474,0.0,0.2082,0.0,0.9474,0.0,1,0,0.2197614704942891,0,1,0,0.9474,0.0,0.2082,0.0,0.9474,0.0,6.3,-0.725,7.0,-0.676,3.8,-0.723,13.9,-0.568,43.0,-0.42,50.0,-0.113,20.3,-0.839,7.0,-1.305,5.1,-1.279,13.9,-0.862,96.2,2.531,50.0,-0.113,15.8,-0.643,13.3,-0.612,13.9,-0.657,19.0,-0.545,61.4,-0.095,50.6,0.0,36.7,-0.554,13.3,-1.087,16.5,-0.943,19.0,-0.853,97.5,2.492,50.6,0.0,5.7,-0.805,13.9,-0.728,5.7,-0.781,25.3,-0.542,21.5,-0.595,50.0,-0.113,5.7,-1.725,13.9,-1.082,5.7,-1.519,25.3,-0.68,21.5,-0.705,50.0,-0.113,10.8,-0.641,17.1,-0.59,10.8,-0.673,25.3,-0.464,30.4,-0.604,50.6,0.0,10.8,-1.614,17.1,-1.018,10.8,-1.391,25.3,-0.764,30.4,-0.478,50.6,0.0,10.8,-0.774,12.0,-0.724,7.6,-0.74,18.4,-0.628,54.4,-0.254,50.0,-0.113,36.7,-0.555,12.0,-1.302,11.4,-1.118,18.4,-0.805,96.2,2.228,50.0,-0.113,6.3,-1.026,10.8,-1.005,3.8,-1.156,20.9,-0.547,62.7,-0.034,50.6,0.0,26.6,-0.583,10.8,-1.081,5.1,-1.04,20.9,-0.595,96.2,2.394,50.6,0.0
cf70r39m2wgbijtw0co5t6yfp,H. Jurjus,FC Groningen,Goalkeeper,3,0,0.1856645041822,0,0,0,0.9375,0.0,0.058,0.0,0.0,0.0,1,0,0.0527212762475166,0,0,0,0.9375,0.0,0.0494,0.0,0.0,0.0,2,0,0.1329432279346834,0,0,0,0.9375,0.0,0.0623,0.0,0.0,0.0,0,0,0.0,0,0,0,0.0,0.0,0.0,0.0,0.0,0.0,3,0,0.1856645041822,0,0,0,0.9375,0.0,0.058,0.0,0.0,0.0,3,0,0.1856645041822,0,0,0,0.9375,0.0,0.058,0.0,0.0,0.0,35.0,-0.767,25.0,-0.639,27.5,-0.54,45.0,-0.337,48.8,-0.214,51.2,0.0,30.0,-0.843,25.0,-0.769,20.0,-0.66,45.0,-0.279,48.8,-0.226,51.2,0.0,32.5,-0.725,30.0,-0.604,30.0,-0.539,45.0,-0.352,51.2,0.0,51.2,0.0,45.0,-0.111,30.0,-0.602,32.5,-0.553,45.0,-0.348,51.2,0.0,51.2,0.0,31.2,-0.76,30.0,-0.588,25.0,-0.53,48.8,-0.227,48.8,-0.214,51.2,0.0,35.0,-0.447,30.0,-0.668,27.5,-0.546,48.8,-0.193,48.8,-0.221,51.2,0.0,11.2,-0.898,28.7,-0.631,11.2,-0.62,47.5,-0.281,51.2,0.0,51.2,0.0,11.2,-1.785,28.7,-0.627,11.2,-0.867,47.5,-0.267,51.2,0.0,51.2,0.0,45.0,-0.583,31.2,-0.567,40.0,-0.466,47.5,-0.259,48.8,-0.214,51.2,0.0,37.5,-0.31,31.2,-0.624,25.0,-0.517,47.5,-0.221,48.8,-0.226,51.2,0.0,35.0,-0.636,32.5,-0.628,27.5,-0.66,46.2,-0.294,50.0,-0.158,51.2,0.0,32.5,-0.734,32.5,-0.656,25.0,-0.75,46.2,-0.294,50.0,-0.158,51.2,0.0
cgsmk5437f466uoqvol7devze,R. Flamingo,PSV Eindhoven,Defender,21,7,6.589019818451634,3,3,0,1.5135,0.5045,0.4749,0.2162,0.2162,0.0,8,2,1.930267891566329,1,2,0,1.2492,0.3123,0.3014,0.1562,0.3123,0.0,13,5,4.658751926885305,2,1,0,1.74,0.6692,0.6235,0.2677,0.1338,0.0,7,1,2.254523461054994,2,0,0,1.0931,0.1562,0.352,0.3123,0.0,0.0,14,6,4.33449635739664,1,3,0,1.3117,0.5621,0.4061,0.0937,0.2811,0.0,8,2,3.044924009145212,2,1,0,1.4991,0.3748,0.5706,0.3748,0.1874,0.0,54.4,-0.257,53.3,-0.265,50.4,-0.314,35.8,-0.586,89.1,1.156,45.6,-0.312,40.1,-0.462,44.5,-0.313,38.7,-0.483,24.8,-0.868,85.4,0.826,45.6,-0.295,42.0,-0.441,36.9,-0.544,35.8,-0.577,30.3,-0.616,88.3,1.161,47.1,-0.254,30.7,-0.6,27.0,-0.671,18.2,-0.86,26.3,-0.844,92.7,1.102,47.1,-0.242,63.5,-0.025,69.0,0.078,65.7,0.016,43.4,-0.523,78.8,0.645,48.9,-0.173,52.6,-0.023,61.3,0.162,59.9,0.04,35.8,-0.699,81.8,0.38,48.9,-0.168,43.8,-0.445,29.9,-0.643,46.0,-0.426,47.1,-0.489,33.6,-0.568,46.7,-0.28,32.1,-0.384,25.5,-0.824,42.3,-0.291,43.8,-0.491,33.6,-0.47,46.7,-0.245,63.1,-0.058,67.9,0.117,56.2,-0.187,25.5,-0.643,96.0,2.173,48.9,-0.173,42.3,-0.256,60.6,0.167,42.3,-0.39,19.0,-1.032,90.5,1.418,48.9,-0.158,47.8,-0.229,38.0,-0.475,56.2,-0.043,41.2,-0.513,78.8,0.712,48.5,-0.194,46.0,-0.411,36.5,-0.559,51.8,-0.196,41.6,-0.575,85.8,0.535,48.5,-0.194
ciguyr553yqapqfudim9af46h,M. Deijl,Go Ahead Eagles,Defender,72,25,24.29062402634212,33,5,1,2.6738,0.9284,0.9021,1.2255,0.1857,0.0371,28,8,8.965996460897424,14,4,1,2.3632,0.6752,0.7567,1.1816,0.3376,0.0844,44,17,15.3246275654447,19,1,0,2.9179,1.1274,1.0163,1.26,0.0663,0.0,41,15,14.40023261572769,16,2,0,1.8126,0.6632,0.6366,0.7074,0.0884,0.0,31,10,9.890391410614434,17,3,1,1.5989,0.5158,0.5101,0.8768,0.1547,0.0516,13,5,4.573382485249878,3,1,0,2.4139,0.9284,0.8492,0.557,0.1857,0.0,90.5,1.587,88.3,1.417,90.5,1.476,86.5,1.077,96.7,2.427,95.3,2.743,84.7,1.068,76.6,0.67,79.6,0.704,73.7,0.599,81.8,0.615,94.2,1.814,85.0,0.858,80.3,0.458,83.9,0.7,83.6,0.687,97.8,2.959,96.7,3.22,77.4,0.58,60.6,0.09,68.6,0.351,73.0,0.506,93.4,1.233,95.6,2.37,96.0,2.361,96.7,2.315,94.9,2.262,90.1,1.483,78.8,0.645,48.9,-0.173,89.8,1.228,88.3,1.025,86.1,0.917,74.5,0.636,68.6,-0.055,48.9,-0.168,94.2,1.957,92.3,1.927,92.7,1.975,85.8,1.11,93.1,1.654,46.7,-0.28,79.6,0.78,75.2,0.726,80.3,0.814,59.9,0.277,78.1,0.224,46.7,-0.245,88.0,1.151,83.6,0.822,86.1,0.906,88.3,0.993,96.0,2.173,98.9,5.745,70.1,0.308,55.5,0.047,56.9,-0.042,66.4,0.535,80.3,0.526,99.3,4.531,81.8,0.81,78.8,0.753,80.3,0.74,54.7,-0.269,78.8,0.712,48.5,-0.194,78.8,0.659,73.7,0.557,76.6,0.507,46.7,-0.34,75.2,0.524,48.5,-0.194
ck3l6a262hves3v6nywarx9pm,Alexandre Penetra,Alkmaar Zaanstreek,Defender,20,5,5.310194757916577,6,0,0,1.0995,0.2749,0.2919,0.3298,0.0,0.0,12,4,3.712971692554102,3,0,0,1.1215,0.3738,0.347,0.2804,0.0,0.0,8,1,1.597223065362475,3,0,0,1.0681,0.1335,0.2132,0.4005,0.0,0.0,12,2,3.253575101965942,3,0,0,1.1215,0.1869,0.3041,0.2804,0.0,0.0,8,3,2.056619655950634,3,0,0,1.0681,0.4005,0.2746,0.4005,0.0,0.0,5,0,0.8080717131031643,1,0,0,0.9346,0.0,0.151,0.1869,0.0,0.0,53.3,-0.293,44.9,-0.452,46.7,-0.443,50.7,-0.42,23.0,-0.752,45.6,-0.312,11.7,-1.008,16.8,-0.845,10.2,-0.992,35.8,-0.703,23.0,-0.666,45.6,-0.295,58.4,-0.181,57.7,-0.21,54.7,-0.253,50.0,-0.415,29.9,-0.636,47.1,-0.254,20.4,-0.736,32.8,-0.542,24.1,-0.739,35.8,-0.68,29.9,-0.51,47.1,-0.242,46.4,-0.409,28.8,-0.668,33.6,-0.629,53.6,-0.405,33.9,-0.583,48.9,-0.173,19.7,-0.737,21.9,-0.847,13.9,-0.875,41.6,-0.52,33.9,-0.483,48.9,-0.168,62.8,-0.092,43.1,-0.46,57.7,-0.229,52.9,-0.375,33.6,-0.568,46.7,-0.28,33.6,-0.338,28.5,-0.73,33.6,-0.477,39.4,-0.553,33.6,-0.47,46.7,-0.245,40.1,-0.484,48.9,-0.412,35.8,-0.635,47.1,-0.439,30.7,-0.627,48.9,-0.173,22.6,-0.735,42.3,-0.253,13.9,-0.83,43.8,-0.418,30.7,-0.565,48.9,-0.158,16.4,-0.853,5.5,-1.295,5.1,-1.189,24.1,-0.757,32.5,-0.624,48.5,-0.194,6.6,-1.071,5.5,-1.315,1.5,-1.254,27.0,-0.818,32.5,-0.601,48.5,-0.194
cla6c6izphee9prb80c15baei,M. Tielemans,SBV Excelsior,Midfielder,3,1,0.7473467622687275,3,0,0,1.3776,0.4592,0.3432,1.3776,0.0,0.0,0,0,0.0,0,0,0,0.0,0.0,0.0,0.0,0.0,0.0,3,1,0.7473467622687275,3,0,0,1.3776,0.4592,0.3432,1.3776,0.0,0.0,2,1,0.4805670256596495,2,0,0,0.9184,0.4592,0.2207,0.9184,0.0,0.0,1,0,0.266779736609078,1,0,0,0.9184,0.0,0.245,0.9184,0.0,0.0,3,1,0.7473467622687274,3,0,0,1.3776,0.4592,0.3432,1.3776,0.0,0.0,8.7,-0.982,11.1,-0.961,7.2,-1.01,27.2,-0.634,25.0,-0.653,46.2,-0.298,22.6,-0.814,21.6,-0.772,6.5,-1.297,80.3,0.781,25.0,-0.494,46.2,-0.273,3.8,-1.033,7.0,-0.976,3.8,-1.021,9.1,-0.777,33.7,-0.532,48.6,-0.186,3.8,-1.835,7.0,-1.462,3.8,-1.66,9.1,-1.066,33.7,-0.441,48.6,-0.162,15.9,-0.871,18.0,-0.858,11.1,-0.933,43.8,-0.423,35.1,-0.551,47.8,-0.224,26.0,-0.633,23.6,-0.602,10.6,-1.117,82.7,0.963,35.1,-0.393,47.8,-0.216,20.9,-0.804,28.4,-0.726,17.8,-0.836,40.9,-0.479,34.9,-0.508,48.8,-0.172,13.9,-0.741,37.0,-0.285,14.9,-1.101,72.6,0.532,34.9,-0.4,48.8,-0.128,4.3,-1.107,5.3,-1.103,3.4,-1.128,20.0,-0.744,33.4,-0.57,47.6,-0.236,3.8,-1.131,5.3,-1.582,4.8,-1.478,69.2,0.544,33.4,-0.387,47.6,-0.219,8.7,-1.269,12.5,-1.104,7.2,-1.347,50.2,-0.286,36.3,-0.519,48.8,-0.172,30.3,-0.704,26.0,-0.691,10.8,-1.118,78.8,0.796,36.3,-0.47,48.8,-0.172
cmdeqxibr6holfqg17ap9uihg,Yarek Gąsiorowski,PSV Eindhoven,Defender,8,2,2.42796023055848,0,0,0,1.0737,0.2684,0.3259,0.0,0.0,0.0,4,1,1.140295696686111,0,0,0,1.2527,0.3132,0.3571,0.0,0.0,0.0,4,1,1.28766453387237,0,0,0,0.9395,0.2349,0.3024,0.0,0.0,0.0,6,2,2.265838598696568,0,0,0,0.9395,0.3132,0.3548,0.0,0.0,0.0,2,0,0.1621216318619116,0,0,0,0.9395,0.0,0.0762,0.0,0.0,0.0,5,1,1.799902625078692,0,0,0,0.9395,0.1879,0.3382,0.0,0.0,0.0,23.4,-0.727,21.2,-0.733,24.8,-0.734,6.2,-0.753,23.0,-0.752,45.6,-0.312,10.2,-1.042,16.1,-0.86,16.8,-0.897,6.2,-1.182,23.0,-0.666,45.6,-0.295,24.1,-0.7,22.6,-0.711,21.2,-0.72,11.7,-0.716,29.9,-0.636,47.1,-0.254,31.4,-0.597,27.7,-0.669,25.5,-0.712,11.7,-1.05,29.9,-0.51,47.1,-0.242,23.7,-0.717,28.8,-0.668,24.8,-0.694,11.3,-0.758,33.9,-0.583,48.9,-0.173,16.8,-0.874,30.7,-0.656,24.1,-0.676,11.3,-1.059,33.9,-0.483,48.9,-0.168,38.3,-0.516,43.1,-0.46,46.7,-0.424,14.6,-0.718,33.6,-0.568,46.7,-0.28,24.8,-0.633,38.7,-0.344,43.1,-0.28,14.6,-1.098,33.6,-0.47,46.7,-0.245,7.7,-0.911,7.3,-0.94,2.9,-1.008,9.5,-0.746,30.7,-0.627,48.9,-0.173,16.8,-0.987,7.3,-1.292,2.2,-1.494,9.5,-1.219,30.7,-0.565,48.9,-0.158,16.4,-0.853,19.3,-0.885,27.7,-0.681,7.7,-1.0,32.5,-0.624,48.5,-0.194,8.8,-1.066,19.7,-0.936,21.2,-0.782,7.7,-1.059,32.5,-0.601,48.5,-0.194
cocgd3hh74fq9c30x9bps4idw,S. Lemkin,FC Twente,Defender,12,3,3.731765638005679,3,0,0,1.1208,0.2802,0.3485,0.2802,0.0,0.0,8,2,2.171724263845092,3,0,0,1.0674,0.2669,0.2898,0.4003,0.0,0.0,4,1,1.560041374160587,0,0,0,1.2453,0.3113,0.4857,0.0,0.0,0.0,7,2,1.54956974841876,2,0,0,0.934,0.2669,0.2068,0.2669,0.0,0.0,5,1,2.182195889586919,1,0,0,1.1675,0.2335,0.5095,0.2335,0.0,0.0,5,1,1.170851363527005,2,0,0,0.934,0.1868,0.2187,0.3736,0.0,0.0,33.2,-0.583,30.7,-0.639,33.6,-0.603,35.8,-0.586,23.0,-0.752,45.6,-0.312,13.1,-0.98,17.5,-0.833,19.7,-0.835,30.7,-0.775,23.0,-0.666,45.6,-0.295,42.0,-0.441,36.9,-0.544,40.1,-0.533,50.0,-0.415,29.9,-0.636,47.1,-0.254,18.2,-0.793,22.6,-0.766,15.3,-0.891,40.9,-0.523,29.9,-0.51,47.1,-0.242,23.7,-0.717,28.8,-0.668,32.1,-0.637,11.3,-0.758,33.9,-0.583,48.9,-0.173,32.1,-0.549,34.3,-0.512,40.9,-0.267,11.3,-1.059,33.9,-0.483,48.9,-0.168,43.8,-0.445,43.1,-0.46,35.0,-0.565,47.1,-0.489,33.6,-0.568,46.7,-0.28,21.2,-0.642,35.0,-0.486,19.7,-0.855,37.2,-0.579,33.6,-0.47,46.7,-0.245,28.5,-0.697,21.9,-0.764,39.4,-0.61,25.5,-0.643,30.7,-0.627,48.9,-0.173,29.9,-0.539,24.1,-0.686,56.2,-0.044,28.5,-0.752,30.7,-0.565,48.9,-0.158,16.4,-0.853,19.3,-0.885,10.2,-1.003,41.2,-0.513,32.5,-0.624,48.5,-0.194,5.8,-1.072,17.2,-0.938,5.8,-1.084,40.1,-0.577,32.5,-0.601,48.5,-0.194
cp866ucakmwqiwxrstkaxwgt0,N. Rossen,SC Telstar,Midfielder,21,17,14.09312813329108,0,0,0,1.3877,1.1233,0.9313,0.0,0.0,0.0,16,15,10.92461978925337,0,0,0,1.6446,1.5419,1.1229,0.0,0.0,0.0,5,2,3.168508344037711,0,0,0,0.9251,0.37,0.5862,0.0,0.0,0.0,12,10,7.717445753721398,0,0,0,1.0092,0.841,0.649,0.0,0.0,0.0,9,7,6.375682379569686,0,0,0,1.0407,0.8095,0.7373,0.0,0.0,0.0,10,9,6.205690584700303,0,0,0,1.8502,1.6652,1.1482,0.0,0.0,0.0,42.1,-0.46,64.4,0.071,56.2,-0.112,5.3,-0.79,25.0,-0.653,46.2,-0.298,23.1,-0.802,73.1,0.501,61.1,0.128,5.3,-1.212,25.0,-0.494,46.2,-0.273,53.1,-0.192,80.5,0.725,69.7,0.31,9.1,-0.777,33.7,-0.532,48.6,-0.186,35.6,-0.381,86.5,1.126,69.7,0.485,9.1,-1.066,33.7,-0.441,48.6,-0.162,25.0,-0.749,27.6,-0.722,36.1,-0.592,8.2,-0.754,35.1,-0.551,47.8,-0.224,8.2,-1.138,20.7,-0.761,31.2,-0.557,8.2,-1.15,35.1,-0.393,47.8,-0.216,53.4,-0.265,74.8,0.323,66.3,0.061,13.9,-0.676,34.9,-0.508,48.8,-0.172,23.6,-0.621,72.1,0.586,52.9,0.083,13.9,-0.976,34.9,-0.4,48.8,-0.128,32.9,-0.639,51.7,-0.212,48.6,-0.295,6.7,-0.845,33.4,-0.57,47.6,-0.236,17.3,-0.917,63.5,0.36,60.1,0.265,6.7,-1.224,33.4,-0.387,47.6,-0.219,55.5,-0.039,92.3,1.517,77.9,0.685,8.4,-1.058,36.3,-0.519,48.8,-0.172,50.0,-0.209,90.4,1.346,76.0,0.563,8.4,-1.121,36.3,-0.47,48.8,-0.172
cs49ec8y6cubrlo5nmu3j3jtg,L. Schouten,SBV Excelsior,Defender,15,4,5.877779118178706,3,1,0,1.2707,0.3389,0.4979,0.2541,0.0847,0.0,9,3,3.784396124930679,2,1,0,1.3978,0.4659,0.5877,0.3106,0.1553,0.0,6,1,2.093382993248027,1,0,0,1.1182,0.1864,0.3901,0.1864,0.0,0.0,5,3,2.858052788397968,0,0,0,1.1648,0.6989,0.6658,0.0,0.0,0.0,10,1,3.019726329780739,3,1,0,1.0354,0.1035,0.3127,0.3106,0.1035,0.0,7,2,3.227607604685738,1,0,0,1.3046,0.3727,0.6015,0.1864,0.0,0.0,39.4,-0.474,39.4,-0.546,48.2,-0.386,35.8,-0.586,57.7,-0.116,45.6,-0.312,24.1,-0.782,23.4,-0.697,42.3,-0.419,29.9,-0.813,59.9,-0.081,45.6,-0.295,46.0,-0.376,49.6,-0.377,57.7,-0.24,41.6,-0.516,71.2,0.262,47.1,-0.254,42.3,-0.443,44.5,-0.349,54.7,-0.098,37.2,-0.641,77.4,0.292,47.1,-0.242,37.6,-0.563,28.8,-0.668,40.1,-0.524,28.8,-0.641,33.9,-0.583,48.9,-0.173,21.9,-0.684,24.1,-0.748,32.8,-0.48,27.7,-0.808,33.9,-0.483,48.9,-0.168,31.8,-0.586,54.4,-0.276,54.7,-0.307,14.6,-0.718,33.6,-0.568,46.7,-0.28,38.0,-0.268,79.6,0.835,82.5,0.927,14.6,-1.098,33.6,-0.47,46.7,-0.245,47.4,-0.342,21.9,-0.764,43.8,-0.445,47.1,-0.439,72.3,0.306,48.9,-0.173,21.2,-0.799,14.6,-1.024,19.7,-0.703,34.7,-0.598,73.7,0.165,48.9,-0.158,36.9,-0.437,38.0,-0.475,61.3,0.05,24.1,-0.757,32.5,-0.624,48.5,-0.194,32.1,-0.639,32.8,-0.563,56.9,-0.118,24.8,-0.819,32.5,-0.601,48.5,-0.194
cs4aca71qkt1ru20ppmi6djl6,M. Kovář,PSV Eindhoven,Goalkeeper,11,2,0.9258603426742901,0,0,0,1.2856,0.2337,0.1082,0.0,0.0,0.0,3,0,0.2516096401561027,0,0,0,0.935,0.0,0.0784,0.0,0.0,0.0,8,2,0.6742507025181874,0,0,0,1.496,0.374,0.1261,0.0,0.0,0.0,5,1,0.5473662342100523,0,0,0,0.935,0.187,0.1024,0.0,0.0,0.0,6,1,0.3784941084642378,0,0,0,1.4025,0.2337,0.0885,0.0,0.0,0.0,6,2,0.5935737496834839,0,0,0,1.122,0.374,0.111,0.0,0.0,0.0,58.8,-0.16,67.5,-0.058,60.0,-0.348,45.0,-0.337,48.8,-0.214,51.2,0.0,57.5,0.108,75.0,0.396,45.0,-0.36,45.0,-0.279,48.8,-0.226,51.2,0.0,47.5,-0.455,30.0,-0.604,47.5,-0.436,45.0,-0.352,51.2,0.0,51.2,0.0,40.0,-0.115,30.0,-0.602,45.0,-0.381,45.0,-0.348,51.2,0.0,51.2,0.0,66.2,0.205,80.0,0.435,60.0,-0.256,48.8,-0.227,48.8,-0.214,51.2,0.0,75.0,0.578,80.0,0.783,62.5,-0.215,48.8,-0.193,48.8,-0.221,51.2,0.0,60.0,-0.121,67.5,0.0,62.5,-0.268,47.5,-0.281,51.2,0.0,51.2,0.0,52.5,0.141,75.0,0.292,60.0,-0.162,47.5,-0.267,51.2,0.0,51.2,0.0,57.5,-0.179,70.0,-0.095,52.5,-0.386,47.5,-0.259,48.8,-0.214,51.2,0.0,92.5,0.945,75.0,0.535,42.5,-0.34,47.5,-0.221,48.8,-0.226,51.2,0.0,61.3,0.424,87.5,1.167,60.0,-0.092,46.2,-0.294,50.0,-0.158,51.2,0.0,60.0,-0.225,85.0,1.045,47.5,-0.319,46.2,-0.294,50.0,-0.158,51.2,0.0
cstlool8c2aoty5vhx77t4q38,J. Faberski,PEC Zwolle,Midfielder,15,4,4.914194432847495,8,1,0,1.3974,0.3726,0.4578,0.7453,0.0932,0.0,3,1,0.6492730856186789,3,0,0,1.3974,0.4658,0.3024,1.3974,0.0,0.0,12,3,4.264921347228816,5,1,0,1.3974,0.3493,0.4966,0.5822,0.1164,0.0,5,1,2.232217202927251,2,0,0,1.1645,0.2329,0.5199,0.4658,0.0,0.0,10,3,2.681977229920244,6,1,0,1.1645,0.3493,0.3123,0.6987,0.1164,0.0,7,1,1.612767756119704,5,1,0,1.3042,0.1863,0.3005,0.9316,0.1863,0.0,33.4,-0.634,26.7,-0.767,29.3,-0.73,47.6,-0.374,64.7,0.033,46.2,-0.298,23.6,-0.791,17.3,-0.939,14.9,-1.02,55.3,-0.134,76.0,0.111,46.2,-0.273,18.3,-0.875,20.0,-0.863,14.4,-0.942,41.8,-0.498,33.7,-0.532,48.6,-0.186,28.8,-0.6,26.0,-0.68,12.5,-1.082,77.9,0.623,33.7,-0.441,48.6,-0.162,47.6,-0.32,36.3,-0.585,42.3,-0.438,58.2,-0.203,81.5,0.782,47.8,-0.224,27.9,-0.611,19.7,-0.798,22.1,-0.764,47.6,-0.257,84.1,0.359,47.8,-0.216,33.7,-0.642,28.4,-0.726,37.5,-0.619,40.9,-0.479,34.9,-0.508,48.8,-0.172,26.4,-0.417,26.0,-0.801,32.2,-0.274,51.9,-0.211,34.9,-0.4,48.8,-0.128,36.1,-0.581,29.3,-0.721,26.4,-0.799,53.4,-0.237,78.6,0.582,47.6,-0.236,25.5,-0.699,20.7,-0.744,8.7,-1.24,60.1,0.121,85.1,0.384,47.6,-0.219,31.2,-0.566,12.5,-1.104,13.9,-1.025,68.0,0.229,82.9,0.847,48.8,-0.172,26.7,-0.781,9.6,-1.152,6.7,-1.207,63.5,0.175,83.2,0.57,48.8,-0.172
ctp8zu9j5xq6ra8f2n3ybfn6c,M. Carrizo,AFC Ajax,Forward,2,0,0.3750947549722992,2,0,0,1.7618,0.0,0.3304,1.7618,0.0,0.0,0,0,0.0,0,0,0,0.0,0.0,0.0,0.0,0.0,0.0,2,0,0.3750947549722992,2,0,0,1.7618,0.0,0.3304,1.7618,0.0,0.0,0,0,0.0,0,0,0,0.0,0.0,0.0,0.0,0.0,0.0,2,0,0.3750947549722992,2,0,0,1.7618,0.0,0.3304,1.7618,0.0,0.0,2,0,0.3750947549722992,2,0,0,1.7618,0.0,0.3304,1.7618,0.0,0.0,15.8,-0.687,7.0,-0.676,8.9,-0.711,54.4,-0.366,15.8,-0.725,50.0,-0.113,77.2,0.377,7.0,-1.305,13.9,-0.949,100.0,3.155,15.8,-0.821,50.0,-0.113,5.1,-0.71,13.3,-0.612,5.1,-0.688,19.0,-0.545,24.1,-0.719,50.6,0.0,5.1,-1.618,13.3,-1.087,5.1,-1.383,19.0,-0.853,24.1,-0.696,50.6,0.0,21.5,-0.635,13.9,-0.728,16.5,-0.712,67.7,-0.149,21.5,-0.595,50.0,-0.113,81.0,0.486,13.9,-1.082,25.3,-0.696,96.2,2.81,21.5,-0.705,50.0,-0.113,10.8,-0.641,17.1,-0.59,10.8,-0.673,25.3,-0.464,30.4,-0.604,50.6,0.0,10.8,-1.614,17.1,-1.018,10.8,-1.391,25.3,-0.764,30.4,-0.478,50.6,0.0,20.3,-0.7,12.0,-0.724,13.9,-0.717,62.7,-0.211,21.5,-0.649,50.0,-0.113,91.1,1.129,12.0,-1.302,22.8,-0.687,100.0,3.87,21.5,-0.706,50.0,-0.113,15.8,-0.86,10.8,-1.005,8.9,-1.095,73.4,0.018,24.1,-0.712,50.6,0.0,81.0,0.236,10.8,-1.081,16.5,-0.766,97.5,2.01,24.1,-0.745,50.6,0.0
cvoxwqoj3ak99w6wsp1yfbl04,G. Vianello,Sparta Rotterdam,Defender,17,3,4.875112484024705,11,1,0,4.0094,0.7075,1.1498,2.5943,0.2358,0.0,12,3,3.728678985310958,9,0,0,3.7736,0.9434,1.1725,2.8302,0.0,0.0,5,0,1.146433498713747,2,1,0,4.717,0.0,1.0815,1.8868,0.9434,0.0,6,0,1.191655409460643,3,1,0,1.8868,0.0,0.3747,0.9434,0.3145,0.0,11,3,3.683457074564062,8,0,0,2.5943,0.7075,0.8687,1.8868,0.0,0.0,17,3,4.875112484024704,11,1,0,4.0094,0.7075,1.1498,2.5943,0.2358,0.0,45.6,-0.402,30.7,-0.639,43.8,-0.487,63.1,-0.143,57.7,-0.116,45.6,-0.312,99.3,2.828,64.2,0.157,90.5,1.393,98.5,2.587,89.1,0.961,45.6,-0.295,58.4,-0.181,49.6,-0.377,55.5,-0.251,74.1,0.186,29.9,-0.636,47.1,-0.254,97.8,2.075,78.1,0.652,89.1,1.457,98.5,2.676,29.9,-0.51,47.1,-0.242,31.4,-0.64,9.9,-0.855,22.6,-0.724,43.4,-0.523,78.8,0.645,48.9,-0.173,99.3,3.141,9.9,-1.099,90.5,1.062,92.0,1.478,100.0,5.604,48.9,-0.168,38.3,-0.516,11.7,-0.827,27.7,-0.636,52.9,-0.375,78.1,0.543,46.7,-0.28,85.4,0.9,11.7,-1.302,46.7,-0.203,78.8,0.735,97.8,1.999,46.7,-0.245,52.2,-0.271,48.9,-0.412,52.6,-0.315,70.4,0.072,30.7,-0.627,48.9,-0.173,97.8,2.263,75.9,0.545,94.2,1.158,100.0,2.555,30.7,-0.565,48.9,-0.158,93.1,1.642,55.8,-0.066,85.4,0.894,93.8,1.682,78.8,0.712,48.5,-0.194,96.4,2.525,59.1,0.112,91.2,1.265,97.1,2.291,89.1,0.828,48.5,-0.194
cx6fxszjvjam6zb3c3p0dd1jo,M. Godts,AFC Ajax,Forward,157,85,77.38789793105013,49,0,0,4.3718,2.3669,2.1549,1.3645,0.0,0.0,93,55,47.10124456380622,27,0,0,4.7477,2.8078,2.4046,1.3784,0.0,0.0,64,30,30.28665336724392,22,0,0,3.9207,1.8378,1.8554,1.3477,0.0,0.0,76,40,33.59333448735589,31,0,0,2.5866,1.3614,1.1433,1.0551,0.0,0.0,81,45,43.79456344369424,18,0,0,2.326,1.2922,1.2576,0.5169,0.0,0.0,40,15,15.2530281602059,20,0,0,7.3514,2.7568,2.8033,3.6757,0.0,0.0,100.0,5.203,100.0,6.051,100.0,5.546,99.4,4.387,15.8,-0.725,50.0,-0.113,100.0,4.272,100.0,3.697,100.0,3.979,94.9,2.249,15.8,-0.821,50.0,-0.113,100.0,5.507,100.0,6.386,100.0,5.913,98.7,4.603,24.1,-0.719,50.6,0.0,100.0,3.714,100.0,3.898,100.0,3.692,96.2,2.348,24.1,-0.696,50.6,0.0,100.0,4.643,100.0,5.124,100.0,4.835,100.0,3.782,21.5,-0.595,50.0,-0.113,100.0,3.196,97.5,2.655,100.0,3.103,92.4,1.99,21.5,-0.705,50.0,-0.113,100.0,5.003,100.0,5.978,100.0,5.141,100.0,5.057,30.4,-0.604,50.6,0.0,100.0,2.396,96.2,2.041,96.2,1.841,100.0,2.417,30.4,-0.478,50.6,0.0,100.0,5.157,100.0,5.857,100.0,5.685,98.1,3.124,21.5,-0.649,50.0,-0.113,97.5,2.296,98.7,2.329,98.7,2.582,82.3,0.567,21.5,-0.706,50.0,-0.113,100.0,5.439,100.0,4.508,100.0,4.777,99.4,5.099,24.1,-0.712,50.6,0.0,100.0,5.858,100.0,4.006,100.0,4.78,100.0,4.84,24.1,-0.745,50.6,0.0
cy0lv5u16obr2ne4xiins43x1,S. Haller,FC Utrecht,Forward,10,4,4.843106967250602,1,4,0,1.3102,0.5241,0.6345,0.131,0.5241,0.0,7,2,2.632702374549538,1,4,0,1.605,0.4586,0.6036,0.2293,0.9171,0.0,3,2,2.210404592701064,0,0,0,0.9171,0.6114,0.6758,0.0,0.0,0.0,2,1,1.514230195800546,0,0,0,0.9171,0.4586,0.6944,0.0,0.0,0.0,8,3,3.328876771450056,1,4,0,1.4674,0.5503,0.6106,0.1834,0.7337,0.0,7,4,3.807297869465287,1,2,0,1.284,0.7337,0.6984,0.1834,0.3669,0.0,47.5,-0.383,49.4,-0.36,51.9,-0.348,38.0,-0.467,81.6,0.494,50.0,-0.113,48.1,-0.298,46.8,-0.197,51.9,-0.127,36.7,-0.563,88.6,1.034,50.0,-0.113,56.3,-0.242,49.4,-0.358,53.2,-0.319,50.0,-0.355,92.4,1.778,50.6,0.0,68.4,0.185,39.2,-0.273,53.2,-0.109,49.4,-0.321,94.9,2.39,50.6,0.0,29.1,-0.55,50.0,-0.338,45.6,-0.372,25.3,-0.542,21.5,-0.595,50.0,-0.113,11.4,-0.574,63.3,0.161,62.0,0.164,25.3,-0.68,21.5,-0.705,50.0,-0.113,36.1,-0.493,40.5,-0.426,45.6,-0.41,25.3,-0.464,30.4,-0.604,50.6,0.0,25.3,-0.192,54.4,0.013,72.2,0.572,25.3,-0.764,30.4,-0.478,50.6,0.0,55.1,-0.255,50.6,-0.285,51.9,-0.282,45.6,-0.42,89.2,0.928,50.0,-0.113,79.7,0.52,57.0,0.244,64.6,0.301,48.1,-0.318,88.6,1.566,50.0,-0.113,60.8,-0.031,77.2,0.465,73.4,0.26,54.4,-0.264,82.3,0.643,50.6,0.0,45.6,-0.245,65.8,0.273,64.6,0.059,43.0,-0.324,72.2,0.47,50.6,0.0
cyn9r9vb8vea1gkyqzwruck4,E. Gürbüz,SC Heerenveen,Midfielder,13,2,3.38742734882194,11,0,0,1.5126,0.2327,0.3941,1.2799,0.0,0.0,9,1,1.981205201649971,8,0,0,1.6755,0.1862,0.3688,1.4893,0.0,0.0,4,1,1.406222147171969,3,0,0,1.2411,0.3103,0.4363,0.9308,0.0,0.0,0,0,0.0,0,0,0,0.0,0.0,0.0,0.0,0.0,0.0,13,2,3.38742734882194,11,0,0,1.5126,0.2327,0.3941,1.2799,0.0,0.0,7,2,2.605750432608008,5,0,0,1.3032,0.3723,0.4851,0.9308,0.0,0.0,29.1,-0.692,17.5,-0.896,22.6,-0.833,55.0,-0.218,25.0,-0.653,46.2,-0.298,28.4,-0.657,8.7,-1.207,9.6,-1.174,76.9,0.64,25.0,-0.494,46.2,-0.273,38.5,-0.56,20.0,-0.863,26.9,-0.78,64.4,-0.032,33.7,-0.532,48.6,-0.186,38.5,-0.354,14.9,-1.149,16.3,-0.955,80.3,0.734,33.7,-0.441,48.6,-0.162,20.0,-0.81,18.0,-0.858,18.3,-0.84,43.8,-0.423,35.1,-0.551,47.8,-0.224,20.7,-0.785,17.8,-0.867,15.9,-0.903,66.3,0.277,35.1,-0.393,47.8,-0.216,6.2,-0.912,11.3,-0.843,6.2,-0.896,13.9,-0.676,34.9,-0.508,48.8,-0.172,6.2,-1.947,11.3,-1.333,6.2,-1.711,13.9,-0.976,34.9,-0.4,48.8,-0.128,43.3,-0.406,23.1,-0.848,31.2,-0.702,72.6,0.269,33.4,-0.57,47.6,-0.236,54.8,-0.089,13.9,-1.024,14.9,-0.95,89.9,1.24,33.4,-0.387,47.6,-0.219,31.2,-0.566,24.8,-0.777,28.4,-0.655,68.0,0.229,36.3,-0.519,48.8,-0.172,26.0,-0.782,20.7,-0.838,22.1,-0.822,63.0,0.174,36.3,-0.47,48.8,-0.172
czlf1kiqdfepc61hwfutoydqs,Weslley Patati,Alkmaar Zaanstreek,Midfielder,49,22,23.71289845339229,18,2,0,2.4048,1.0797,1.1638,0.8834,0.0982,0.0,22,10,10.85434502695007,9,1,0,2.2794,1.0361,1.1246,0.9325,0.1036,0.0,27,12,12.85855342644222,9,1,0,2.5177,1.119,1.199,0.8392,0.0932,0.0,26,11,13.75143813132737,8,1,0,1.8649,0.789,0.9864,0.5738,0.0717,0.0,23,11,9.961460322064916,10,1,0,1.9497,0.9325,0.8444,0.8477,0.0848,0.0,12,7,6.608069051686105,3,1,0,2.2379,1.3054,1.2324,0.5595,0.1865,0.0,72.1,0.352,73.6,0.393,76.4,0.535,72.6,0.147,84.9,0.719,46.2,-0.298,71.2,0.38,71.2,0.418,78.8,0.691,60.6,0.066,78.4,0.144,46.2,-0.273,64.9,0.124,68.3,0.158,68.8,0.302,69.7,0.061,78.1,0.456,48.6,-0.186,60.6,0.18,63.0,0.277,70.2,0.488,63.0,0.061,75.0,0.132,48.6,-0.162,79.1,0.6,78.8,0.642,82.2,0.77,74.5,0.238,81.5,0.782,47.8,-0.224,79.8,0.64,73.6,0.572,82.7,0.857,62.5,0.137,80.8,0.209,47.8,-0.216,76.9,0.49,77.4,0.439,81.7,0.809,72.1,0.115,80.8,0.604,48.8,-0.172,72.1,0.503,69.7,0.467,85.6,1.016,58.2,-0.034,82.2,0.152,48.8,-0.128,67.1,0.178,67.8,0.297,66.8,0.195,70.2,0.168,78.6,0.582,47.6,-0.236,80.0,0.678,81.2,0.655,78.4,0.644,65.9,0.408,78.4,0.175,47.6,-0.219,69.0,0.312,80.8,0.862,82.2,0.835,50.2,-0.286,82.9,0.847,48.8,-0.172,67.3,0.197,80.8,0.738,80.8,0.738,47.6,-0.342,84.4,0.571,48.8,-0.172
d1dq7upxtawnps3wljz6wf9jo,S. Resink,FC Groningen,Midfielder,58,24,21.77594627463334,16,1,0,2.3478,0.9715,0.8815,0.6477,0.0405,0.0,33,15,13.17558338105341,10,1,0,2.7931,1.2696,1.1152,0.8464,0.0846,0.0,25,9,8.60036289357993,6,0,0,1.9397,0.6983,0.6673,0.4655,0.0,0.0,30,13,11.99112037596311,6,1,0,1.4701,0.637,0.5876,0.294,0.049,0.0,28,11,9.784825898670233,10,0,0,1.6293,0.6401,0.5694,0.5819,0.0,0.0,9,4,3.89748937494602,3,0,0,1.6759,0.7448,0.7257,0.5586,0.0,0.0,78.4,0.613,76.4,0.522,71.2,0.405,69.2,0.043,64.7,0.033,46.2,-0.298,66.8,0.313,64.9,0.21,55.8,0.007,48.6,-0.275,57.7,-0.231,46.2,-0.273,81.0,0.702,80.5,0.725,77.9,0.585,73.8,0.155,78.1,0.456,48.6,-0.186,76.4,0.634,74.5,0.669,69.2,0.471,56.2,-0.043,72.8,0.027,48.6,-0.162,76.0,0.478,67.5,0.233,68.8,0.172,62.3,-0.093,35.1,-0.551,47.8,-0.224,53.4,-0.005,44.2,-0.177,37.0,-0.37,37.5,-0.436,35.1,-0.393,47.8,-0.216,81.0,0.706,80.5,0.673,76.9,0.591,64.7,-0.083,80.8,0.604,48.8,-0.172,45.2,-0.016,53.8,0.12,43.8,-0.087,39.4,-0.493,75.5,-0.023,48.8,-0.128,73.6,0.47,67.8,0.297,64.9,0.171,70.2,0.168,33.4,-0.57,47.6,-0.236,63.5,0.116,48.6,-0.046,40.4,-0.33,53.4,-0.103,33.4,-0.387,47.6,-0.219,47.4,-0.215,51.4,-0.121,52.4,-0.174,50.2,-0.286,36.3,-0.519,48.8,-0.172,42.8,-0.391,47.1,-0.209,47.1,-0.319,46.6,-0.344,36.3,-0.47,48.8,-0.172
d2698ncsatg6jtvb0l9ijhj4k,N. Hopland,SC Heerenveen,Defender,3,1,1.094045939364951,1,0,0,1.3838,0.4613,0.5047,0.4613,0.0,0.0,3,1,1.094045939364951,1,0,0,1.3838,0.4613,0.5047,0.4613,0.0,0.0,0,0,0.0,0,0,0,0.0,0.0,0.0,0.0,0.0,0.0,0,0,0.0,0,0,0,0.0,0.0,0.0,0.0,0.0,0.0,3,1,1.094045939364951,1,0,0,1.3838,0.4613,0.5047,0.4613,0.0,0.0,3,1,1.094045939364951,1,0,0,1.3838,0.4613,0.5047,0.4613,0.0,0.0,7.3,-0.908,13.1,-0.826,6.6,-0.869,18.2,-0.697,23.0,-0.752,45.6,-0.312,32.8,-0.633,38.7,-0.413,43.8,-0.4,39.4,-0.512,23.0,-0.666,45.6,-0.295,17.2,-0.765,22.6,-0.711,19.7,-0.729,30.3,-0.616,29.9,-0.636,47.1,-0.254,40.1,-0.458,39.4,-0.358,47.4,-0.319,44.5,-0.442,29.9,-0.51,47.1,-0.242,3.3,-1.025,9.9,-0.855,3.3,-0.965,11.3,-0.758,33.9,-0.583,48.9,-0.173,3.3,-1.873,9.9,-1.099,3.3,-1.351,11.3,-1.059,33.9,-0.483,48.9,-0.168,4.7,-0.94,11.7,-0.827,4.7,-0.872,14.6,-0.718,33.6,-0.568,46.7,-0.28,4.7,-2.153,11.7,-1.302,4.7,-1.658,14.6,-1.098,33.6,-0.47,46.7,-0.245,15.7,-0.84,21.9,-0.764,16.8,-0.824,25.5,-0.643,30.7,-0.627,48.9,-0.173,49.6,-0.115,49.6,-0.095,54.7,-0.06,47.4,-0.296,30.7,-0.565,48.9,-0.158,7.3,-1.269,19.3,-0.885,8.8,-1.043,24.1,-0.757,32.5,-0.624,48.5,-0.194,37.2,-0.546,40.9,-0.385,44.5,-0.362,43.1,-0.464,32.5,-0.601,48.5,-0.194
d29ahwtvs7ls75wdtkf7xr8tm,Z. Buurmeester,PEC Zwolle,Forward,17,4,7.628199996142211,4,2,0,1.1457,0.2696,0.5141,0.2696,0.1348,0.0,10,2,4.778679041014881,2,1,0,1.0483,0.2097,0.501,0.2097,0.1048,0.0,7,2,2.849520955127331,2,1,0,1.3209,0.3774,0.5377,0.3774,0.1887,0.0,7,2,3.672222432157177,2,0,0,1.1007,0.3145,0.5774,0.3145,0.0,0.0,10,2,3.955977563985035,2,2,0,1.1794,0.2359,0.4665,0.2359,0.2359,0.0,6,2,3.797159832324714,0,0,0,1.1322,0.3774,0.7165,0.0,0.0,0.0,62.7,-0.117,49.4,-0.36,64.6,-0.122,69.0,-0.164,61.4,-0.116,50.0,-0.113,30.4,-0.543,21.5,-0.735,34.2,-0.453,55.7,-0.247,46.8,-0.344,50.0,-0.113,64.6,-0.041,49.4,-0.358,67.1,-0.018,67.1,-0.164,61.4,-0.095,50.6,0.0,40.5,-0.44,27.8,-0.715,39.2,-0.325,46.8,-0.366,55.7,-0.344,50.6,0.0,60.8,-0.209,50.0,-0.338,55.7,-0.253,67.7,-0.149,61.4,-0.11,50.0,-0.113,50.6,-0.067,40.5,-0.314,40.5,-0.18,69.6,0.068,63.3,-0.139,50.0,-0.113,63.9,-0.121,56.3,-0.262,69.6,-0.037,74.7,-0.108,30.4,-0.604,50.6,0.0,51.9,0.093,41.8,-0.311,59.5,0.241,68.4,0.184,30.4,-0.478,50.6,0.0,62.0,-0.107,40.5,-0.431,60.8,-0.189,62.7,-0.211,74.1,0.14,50.0,-0.113,54.4,-0.075,30.4,-0.639,40.5,-0.207,55.7,-0.179,70.9,0.024,50.0,-0.113,44.9,-0.197,47.5,-0.27,70.9,0.256,20.9,-0.547,24.1,-0.712,50.6,0.0,40.5,-0.397,46.8,-0.385,68.4,0.1,20.9,-0.595,24.1,-0.745,50.6,0.0
d36na8jr6xcc8eronhy8mcz1m,K. Sildillia,PSV Eindhoven,Defender,41,17,15.89668467773003,25,0,1,2.4047,0.9971,0.9324,1.4663,0.0,0.0587,20,8,7.764173000728177,12,0,1,1.8769,0.7507,0.7286,1.1261,0.0,0.0938,21,9,8.132511677001853,13,0,0,3.2845,1.4076,1.272,2.0333,0.0,0.0,20,8,6.996222005400232,12,0,1,1.8769,0.7507,0.6565,1.1261,0.0,0.0938,21,9,8.900462672329798,13,0,0,1.6423,0.7038,0.696,1.0166,0.0,0.0,14,5,3.452217930331153,9,0,0,2.6276,0.9384,0.6479,1.6892,0.0,0.0,78.1,0.466,82.1,0.669,81.0,0.627,81.4,0.633,23.0,-0.752,95.3,2.743,78.8,0.713,83.9,0.829,81.0,0.788,81.8,0.948,23.0,-0.666,96.4,3.042,78.5,0.338,80.3,0.458,81.8,0.482,81.8,0.486,29.9,-0.636,96.7,3.22,61.3,0.065,64.2,0.248,64.2,0.276,67.9,0.433,29.9,-0.51,96.4,2.661,78.1,0.591,82.5,0.823,82.5,0.747,83.9,0.775,33.9,-0.583,48.9,-0.173,93.4,1.618,97.1,1.553,94.9,1.487,92.7,1.675,33.9,-0.483,48.9,-0.168,79.6,0.474,84.3,0.642,80.3,0.511,82.1,0.653,33.6,-0.568,96.7,3.551,83.9,0.884,83.2,0.993,81.8,0.891,83.2,1.09,33.6,-0.47,97.1,3.859,75.2,0.44,80.3,0.646,80.3,0.712,81.8,0.584,30.7,-0.627,48.9,-0.173,73.0,0.393,74.5,0.535,78.1,0.58,80.3,0.814,30.7,-0.565,48.9,-0.158,85.4,1.018,78.8,0.753,65.0,0.165,88.3,1.194,32.5,-0.624,48.5,-0.194,83.9,0.909,81.0,0.577,62.0,-0.001,89.1,1.122,32.5,-0.601,48.5,-0.194
d4j19ipiaeuetyij08fofgs15,J. Veerman,PSV Eindhoven,Midfielder,123,72,62.19057495685514,27,0,0,4.1183,2.4107,2.0823,0.904,0.0,0.0,67,39,34.38240259003175,13,0,0,4.1875,2.4375,2.1489,0.8125,0.0,0.0,56,33,27.8081723668234,14,0,0,4.0385,2.3798,2.0054,1.0096,0.0,0.0,60,29,29.73809447147017,8,0,0,2.4457,1.1821,1.2122,0.3261,0.0,0.0,63,43,32.45248048538497,19,0,0,2.4609,1.6797,1.2677,0.7422,0.0,0.0,19,8,7.836046029624135,4,0,0,3.5625,1.5,1.4693,0.75,0.0,0.0,97.1,2.499,100.0,3.617,99.5,3.125,81.2,0.615,25.0,-0.653,46.2,-0.298,97.6,2.371,99.5,2.971,99.0,2.916,61.5,0.096,25.0,-0.494,46.2,-0.273,96.9,2.488,100.0,3.449,99.5,3.169,78.6,0.434,33.7,-0.532,48.6,-0.186,96.2,1.867,99.5,2.629,98.6,2.445,53.4,-0.084,33.7,-0.441,48.6,-0.162,98.1,2.378,99.3,3.505,98.1,2.873,85.3,0.789,35.1,-0.551,47.8,-0.224,97.1,2.338,98.6,2.816,98.6,2.717,72.6,0.398,35.1,-0.393,47.8,-0.216,96.2,2.325,97.6,2.538,99.0,2.791,72.1,0.115,34.9,-0.508,48.8,-0.172,91.8,1.266,92.8,1.364,95.2,1.64,42.3,-0.44,34.9,-0.4,48.8,-0.128,97.1,2.514,100.0,4.368,100.0,3.265,87.0,1.08,33.4,-0.57,47.6,-0.236,93.8,1.574,99.0,2.448,98.6,2.142,62.5,0.205,33.4,-0.387,47.6,-0.219,92.5,1.542,87.7,1.189,88.0,1.292,60.1,-0.028,36.3,-0.519,48.8,-0.172,93.3,1.585,89.4,1.067,88.0,1.233,59.1,-0.077,36.3,-0.47,48.8,-0.172
d4klz2gxqb1diw57z8c9ttixg,G. van Zwam,Go Ahead Eagles,Defender,8,1,1.349894859423349,3,0,0,1.5065,0.1883,0.2542,0.565,0.0,0.0,4,1,0.8547146199575139,2,0,0,1.8832,0.4708,0.4024,0.9416,0.0,0.0,4,0,0.4951802394658355,1,0,0,1.2554,0.0,0.1554,0.3139,0.0,0.0,6,1,1.041657688302376,2,0,0,1.8832,0.3139,0.3269,0.6277,0.0,0.0,2,0,0.3082371711209736,1,0,0,0.9416,0.0,0.1451,0.4708,0.0,0.0,8,1,1.34989485942335,3,0,0,1.5065,0.1883,0.2542,0.565,0.0,0.0,23.4,-0.727,13.1,-0.826,10.9,-0.843,35.8,-0.586,23.0,-0.752,45.6,-0.312,38.7,-0.471,10.9,-1.046,5.1,-1.097,45.3,-0.361,23.0,-0.666,45.6,-0.295,24.1,-0.7,22.6,-0.711,16.1,-0.772,41.6,-0.516,29.9,-0.636,47.1,-0.254,62.0,0.072,47.4,-0.338,32.8,-0.591,62.8,0.19,29.9,-0.51,47.1,-0.242,23.7,-0.717,9.9,-0.855,13.9,-0.861,28.8,-0.641,33.9,-0.583,48.9,-0.173,33.6,-0.538,9.9,-1.099,10.9,-1.004,38.0,-0.636,33.9,-0.483,48.9,-0.168,38.3,-0.516,29.9,-0.643,23.4,-0.666,47.1,-0.489,33.6,-0.568,46.7,-0.28,84.7,0.895,40.1,-0.342,36.5,-0.389,54.7,0.122,33.6,-0.47,46.7,-0.245,7.7,-0.911,7.3,-0.94,5.1,-0.979,25.5,-0.643,30.7,-0.627,48.9,-0.173,17.5,-0.983,7.3,-1.292,3.6,-1.263,51.8,-0.277,30.7,-0.565,48.9,-0.158,47.8,-0.229,19.3,-0.885,17.5,-0.912,54.7,-0.269,32.5,-0.624,48.5,-0.194,47.4,-0.402,20.4,-0.935,10.9,-0.994,54.0,-0.33,32.5,-0.601,48.5,-0.194
d5g7rl9a83vu3cyyzvu5yveqy,A. MacNulty,PEC Zwolle,Defender,43,11,13.06714955916145,8,0,0,1.7533,0.4485,0.5328,0.3262,0.0,0.0,19,5,5.02658435994554,3,0,0,1.6198,0.4263,0.4285,0.2558,0.0,0.0,24,6,8.040565199215912,5,0,0,1.8756,0.4689,0.6284,0.3908,0.0,0.0,18,3,4.298277983527194,4,0,0,1.2057,0.201,0.2879,0.2679,0.0,0.0,25,8,8.768871575634257,4,0,0,1.563,0.5002,0.5482,0.2501,0.0,0.0,11,2,3.208286912599104,3,0,0,2.0632,0.3751,0.6017,0.5627,0.0,0.0,81.0,0.539,72.3,0.108,75.9,0.341,56.9,-0.309,23.0,-0.752,45.6,-0.312,54.0,-0.146,34.7,-0.443,49.6,-0.322,34.3,-0.708,23.0,-0.666,45.6,-0.295,74.8,0.273,63.1,-0.043,66.4,-0.015,50.0,-0.415,29.9,-0.636,47.1,-0.254,50.0,-0.208,37.2,-0.432,39.4,-0.522,32.8,-0.713,29.9,-0.51,47.1,-0.242,84.7,0.822,74.5,0.264,81.8,0.728,61.3,-0.169,33.9,-0.583,48.9,-0.173,64.2,0.121,50.4,-0.215,60.6,0.051,40.9,-0.533,33.9,-0.483,48.9,-0.168,77.0,0.332,54.4,-0.276,64.2,-0.022,58.4,-0.261,33.6,-0.568,46.7,-0.28,40.9,-0.202,29.9,-0.687,30.7,-0.54,38.0,-0.577,33.6,-0.47,46.7,-0.245,82.8,0.724,76.3,0.469,79.6,0.686,55.8,-0.337,30.7,-0.627,48.9,-0.173,68.6,0.237,54.0,0.006,62.0,0.085,29.2,-0.719,30.7,-0.565,48.9,-0.158,74.5,0.395,38.0,-0.475,60.6,0.04,54.7,-0.269,32.5,-0.624,48.5,-0.194,72.3,0.249,37.6,-0.559,57.7,-0.118,51.5,-0.333,32.5,-0.601,48.5,-0.194
d5v47kueisvcjjz4f69m83sut,J. Drommel,Sparta Rotterdam,Goalkeeper,32,4,2.921800965861058,0,0,0,1.416,0.177,0.1293,0.0,0.0,0.0,21,4,2.16556288502549,0,0,0,1.5011,0.2859,0.1548,0.0,0.0,0.0,11,0,0.7562380808355683,0,0,0,1.2777,0.0,0.0878,0.0,0.0,0.0,7,1,0.3510202498436401,0,0,0,0.9292,0.1327,0.0466,0.0,0.0,0.0,25,3,2.570780716017418,0,0,0,1.3665,0.164,0.1405,0.0,0.0,0.0,9,2,0.6397734287674536,0,0,0,1.6726,0.3717,0.1189,0.0,0.0,0.0,90.0,1.436,82.5,0.523,80.0,0.17,45.0,-0.337,48.8,-0.214,51.2,0.0,77.5,0.465,67.5,0.114,55.0,-0.233,45.0,-0.279,48.8,-0.226,51.2,0.0,92.5,1.973,91.2,1.697,87.5,0.561,45.0,-0.352,51.2,0.0,51.2,0.0,87.5,0.766,82.5,0.635,70.0,0.073,45.0,-0.348,51.2,0.0,51.2,0.0,72.5,0.687,30.0,-0.588,62.5,-0.214,48.8,-0.227,48.8,-0.214,51.2,0.0,60.0,0.177,30.0,-0.668,45.0,-0.414,48.8,-0.193,48.8,-0.221,51.2,0.0,70.0,0.19,67.5,0.0,50.0,-0.394,47.5,-0.281,51.2,0.0,51.2,0.0,42.5,0.129,60.0,0.025,25.0,-0.546,47.5,-0.267,51.2,0.0,51.2,0.0,98.8,2.383,83.8,0.851,87.5,0.528,47.5,-0.259,48.8,-0.214,51.2,0.0,82.5,0.848,72.5,0.189,72.5,-0.038,47.5,-0.221,48.8,-0.226,51.2,0.0,95.0,1.484,87.5,1.167,65.0,-0.027,46.2,-0.294,50.0,-0.158,51.2,0.0,90.0,1.291,80.0,1.035,50.0,-0.254,46.2,-0.294,50.0,-0.158,51.2,0.0
d5wx8rvjfaw1arn69fdd64d90,R. Bozinovski,Heracles Almelo,Midfielder,5,1,2.490832861902827,2,0,0,1.1673,0.2335,0.5815,0.4669,0.0,0.0,3,1,1.4855659558714,1,0,0,1.4008,0.4669,0.6936,0.4669,0.0,0.0,2,0,1.005266906031428,1,0,0,0.9339,0.0,0.4694,0.4669,0.0,0.0,4,1,2.356982618133045,1,0,0,1.2451,0.3113,0.7337,0.3113,0.0,0.0,1,0,0.1338502437697823,1,0,0,0.9339,0.0,0.125,0.9339,0.0,0.0,5,1,2.490832861902827,2,0,0,1.1673,0.2335,0.5815,0.4669,0.0,0.0,14.7,-0.924,11.1,-0.961,16.3,-0.893,22.1,-0.686,25.0,-0.653,46.2,-0.298,13.9,-1.058,9.1,-1.205,24.0,-0.72,33.7,-0.537,25.0,-0.494,46.2,-0.273,18.3,-0.875,20.0,-0.863,23.1,-0.84,25.2,-0.684,33.7,-0.532,48.6,-0.186,29.8,-0.597,28.1,-0.678,41.3,-0.335,36.5,-0.502,33.7,-0.441,48.6,-0.162,11.5,-0.933,6.7,-0.994,13.9,-0.897,22.6,-0.644,35.1,-0.551,47.8,-0.224,12.5,-1.128,6.7,-1.42,17.8,-0.826,38.5,-0.434,35.1,-0.393,47.8,-0.216,29.1,-0.696,28.4,-0.726,38.9,-0.604,31.7,-0.578,34.9,-0.508,48.8,-0.172,32.7,-0.311,29.8,-0.623,64.4,0.317,41.8,-0.465,34.9,-0.4,48.8,-0.128,4.3,-1.107,5.3,-1.103,1.0,-1.147,20.0,-0.744,33.4,-0.57,47.6,-0.236,10.1,-1.104,5.3,-1.582,1.4,-1.903,76.9,0.574,33.4,-0.387,47.6,-0.219,16.3,-0.917,12.5,-1.104,25.5,-0.698,38.2,-0.543,36.3,-0.519,48.8,-0.172,18.3,-0.924,11.5,-1.073,30.3,-0.621,41.3,-0.471,36.3,-0.47,48.8,-0.172
d785q9rpqlyuyswv8f9fx4cno,M. Nassoh,NAC Breda,Midfielder,66,21,25.72169477472064,34,0,0,2.6527,0.844,1.0338,1.3666,0.0,0.0,34,10,12.43751550745146,18,0,0,3.1431,0.9244,1.1498,1.664,0.0,0.0,32,11,13.28417926726918,16,0,0,2.2755,0.7822,0.9446,1.1378,0.0,0.0,21,4,9.139105967228954,10,0,0,1.4933,0.2844,0.6499,0.7111,0.0,0.0,45,17,16.58258880749168,24,0,0,2.1894,0.8271,0.8068,1.1677,0.0,0.0,18,4,6.468234110573577,10,0,0,3.328,0.7395,1.1959,1.8489,0.0,0.0,84.9,0.845,71.9,0.329,79.8,0.671,87.3,0.979,25.0,-0.653,46.2,-0.298,78.4,0.668,53.4,-0.034,72.1,0.376,79.8,0.765,25.0,-0.494,46.2,-0.273,82.5,0.754,68.3,0.158,73.6,0.495,85.6,0.9,33.7,-0.532,48.6,-0.186,82.2,0.943,55.3,0.09,71.6,0.537,84.6,0.945,33.7,-0.441,48.6,-0.162,84.9,0.907,76.0,0.505,82.7,0.83,87.5,1.01,35.1,-0.551,47.8,-0.224,69.2,0.37,52.4,-0.027,68.3,0.27,76.4,0.595,35.1,-0.393,47.8,-0.216,67.5,0.221,49.3,-0.377,70.7,0.237,76.7,0.312,34.9,-0.508,48.8,-0.172,47.1,0.015,27.9,-0.684,53.4,0.086,65.4,0.192,34.9,-0.4,48.8,-0.128,92.3,1.463,84.9,1.06,86.5,1.099,91.1,1.587,33.4,-0.57,47.6,-0.236,88.5,1.098,64.7,0.402,73.1,0.511,87.0,1.024,33.4,-0.387,47.6,-0.219,89.4,1.366,51.4,-0.121,80.3,0.782,91.6,1.516,36.3,-0.519,48.8,-0.172,88.5,1.339,44.2,-0.218,78.4,0.662,90.9,1.452,36.3,-0.47,48.8,-0.172
d7ml58kwwpetvnw46qja9ru5m,A. Descotte,FC Volendam,Midfielder,15,7,6.441583853802407,3,2,0,2.0059,0.9361,0.8614,0.4012,0.2675,0.0,10,4,3.894844940539198,2,2,0,2.3403,0.9361,0.9115,0.4681,0.4681,0.0,5,3,2.546738913263209,1,0,0,1.5602,0.9361,0.7947,0.312,0.0,0.0,5,3,2.469618355436807,0,1,0,1.1701,0.7021,0.578,0.0,0.234,0.0,10,4,3.9719654983656,3,1,0,1.5602,0.6241,0.6197,0.4681,0.156,0.0,12,6,5.415003698461844,3,2,0,2.2467,1.1233,1.0138,0.5617,0.3744,0.0,33.4,-0.634,38.2,-0.574,35.6,-0.627,27.2,-0.634,84.9,0.719,46.2,-0.298,53.4,-0.084,62.5,0.142,54.3,-0.042,28.8,-0.632,94.2,1.243,46.2,-0.273,41.6,-0.507,41.3,-0.523,41.3,-0.546,35.8,-0.591,92.1,1.445,48.6,-0.186,62.5,0.234,58.7,0.109,55.8,0.081,38.0,-0.5,96.6,2.151,48.6,-0.162,25.0,-0.749,36.3,-0.585,29.8,-0.68,22.6,-0.644,35.1,-0.551,47.8,-0.224,37.0,-0.429,64.4,0.247,51.0,-0.076,28.8,-0.672,35.1,-0.393,47.8,-0.216,33.7,-0.642,45.4,-0.493,39.9,-0.59,13.9,-0.676,80.8,0.604,48.8,-0.172,26.9,-0.41,64.4,0.269,40.9,-0.113,13.9,-0.976,93.3,1.4,48.8,-0.128,36.1,-0.581,36.3,-0.594,35.6,-0.623,38.2,-0.541,78.6,0.582,47.6,-0.236,59.1,-0.005,46.6,-0.085,48.1,-0.152,45.7,-0.322,89.9,0.646,47.6,-0.219,69.0,0.312,73.6,0.534,68.8,0.39,50.2,-0.286,95.9,2.213,48.8,-0.172,68.8,0.206,73.1,0.431,65.9,0.282,49.0,-0.339,95.7,1.62,48.8,-0.172
d8cxurdt9g5gezqlfwae7ooru,M. Meulensteen,Go Ahead Eagles,Midfielder,45,15,16.74721089429205,15,1,0,2.2163,0.7388,0.8248,0.7388,0.0493,0.0,14,4,4.9140753366189,8,0,0,1.8716,0.5347,0.6569,1.0695,0.0,0.0,31,11,11.83313555767315,7,1,0,2.4174,0.8578,0.9228,0.5459,0.078,0.0,16,3,5.539805520300095,5,0,0,1.2477,0.2339,0.432,0.3899,0.0,0.0,29,12,11.20740537399196,10,1,0,2.0875,0.8638,0.8067,0.7198,0.072,0.0,12,5,5.604437129353905,4,0,0,2.2459,0.9358,1.0489,0.7486,0.0,0.0,70.4,0.236,59.9,-0.058,64.9,0.067,66.1,-0.01,64.7,0.033,46.2,-0.298,61.1,0.161,40.4,-0.236,49.5,-0.131,54.8,-0.143,61.1,-0.174,46.2,-0.273,49.3,-0.297,41.3,-0.523,44.7,-0.422,64.4,-0.032,33.7,-0.532,48.6,-0.186,50.5,-0.181,32.7,-0.564,37.5,-0.405,69.2,0.227,33.7,-0.441,48.6,-0.162,83.4,0.845,76.0,0.505,78.4,0.626,67.3,0.017,81.5,0.782,47.8,-0.224,73.6,0.528,57.2,0.107,66.8,0.22,43.3,-0.313,77.9,0.111,47.8,-0.216,61.5,-0.049,45.4,-0.493,55.3,-0.209,59.6,-0.182,34.9,-0.508,48.8,-0.172,33.7,-0.308,26.9,-0.799,25.5,-0.517,45.2,-0.336,34.9,-0.4,48.8,-0.128,74.5,0.528,71.9,0.424,69.7,0.365,70.2,0.168,78.6,0.582,47.6,-0.236,84.1,0.919,72.1,0.49,72.6,0.51,61.5,0.162,74.5,0.09,47.6,-0.219,69.0,0.312,64.4,0.206,70.2,0.461,60.1,-0.028,36.3,-0.519,48.8,-0.172,68.3,0.206,64.9,0.114,67.8,0.355,58.7,-0.079,36.3,-0.47,48.8,-0.172
dafbvyorudvujxw7zswicykmh,O. Wijndal,AFC Ajax,Defender,27,9,6.731609798317937,21,2,0,1.7817,0.5939,0.4442,1.3857,0.132,0.0,13,6,3.286490098452852,10,1,0,1.5012,0.6929,0.3795,1.1548,0.1155,0.0,14,3,3.445119699865085,11,1,0,2.1556,0.4619,0.5304,1.6937,0.154,0.0,11,2,1.933673465607824,8,2,0,1.2703,0.231,0.2233,0.9238,0.231,0.0,16,7,4.797936332710113,13,0,0,1.2318,0.5389,0.3694,1.0008,0.0,0.0,9,4,2.402868109658479,7,1,0,1.6629,0.7391,0.444,1.2934,0.1848,0.0,66.8,-0.04,61.3,-0.078,53.3,-0.299,78.5,0.411,77.4,0.52,45.6,-0.312,57.3,-0.108,53.6,-0.106,35.8,-0.569,79.6,0.831,74.5,0.245,45.6,-0.295,61.7,-0.116,70.1,0.124,51.8,-0.331,77.4,0.286,71.2,0.262,47.1,-0.254,45.3,-0.333,62.0,0.127,30.7,-0.652,70.8,0.471,70.8,0.086,47.1,-0.242,66.4,0.052,53.6,-0.295,56.2,-0.24,79.2,0.539,78.8,0.645,48.9,-0.173,74.5,0.418,44.5,-0.229,46.7,-0.167,89.8,1.219,84.3,0.51,48.9,-0.168,58.8,-0.162,43.1,-0.46,41.6,-0.489,73.7,0.196,93.1,1.654,46.7,-0.28,47.4,-0.097,32.1,-0.595,21.2,-0.791,69.3,0.697,90.5,1.343,46.7,-0.245,66.8,0.085,71.9,0.293,60.6,-0.096,81.8,0.584,30.7,-0.627,48.9,-0.173,33.6,-0.413,57.7,0.107,31.4,-0.513,78.8,0.783,30.7,-0.565,48.9,-0.158,58.8,-0.021,68.2,0.344,45.3,-0.372,78.5,0.707,78.8,0.712,48.5,-0.194,51.8,-0.22,62.8,0.175,36.5,-0.515,75.9,0.611,71.5,0.519,48.5,-0.194
dbg4ducw8j747foxiexle1iad,P. Clement,Sparta Rotterdam,Midfielder,30,16,15.60807289598422,2,3,0,1.5458,0.8244,0.8042,0.1031,0.1546,0.0,17,9,8.053838641135124,1,2,0,1.5767,0.8347,0.747,0.0927,0.1855,0.0,13,7,7.554234254849098,1,1,0,1.5071,0.8115,0.8758,0.1159,0.1159,0.0,14,6,5.910974467763229,2,2,0,1.4427,0.6183,0.6091,0.2061,0.2061,0.0,16,10,9.697098428220995,0,1,0,1.349,0.8432,0.8176,0.0,0.0843,0.0,8,4,3.898948809741098,1,0,0,1.4839,0.742,0.7232,0.1855,0.0,0.0,53.6,-0.199,61.8,0.007,62.5,-0.01,22.1,-0.686,92.8,1.406,46.2,-0.298,29.8,-0.619,51.0,-0.072,46.6,-0.18,12.0,-1.063,85.8,0.51,46.2,-0.273,55.5,-0.139,62.7,0.045,60.1,-0.04,25.2,-0.684,92.1,1.445,48.6,-0.186,32.7,-0.441,51.0,-0.061,45.7,-0.233,19.2,-0.954,86.5,0.586,48.6,-0.162,51.2,-0.258,61.1,-0.04,63.5,0.024,22.6,-0.644,81.5,0.782,47.8,-0.224,34.1,-0.488,54.8,0.025,62.5,0.111,17.8,-0.972,82.7,0.355,47.8,-0.216,58.2,-0.157,57.7,-0.144,55.8,-0.163,40.9,-0.479,94.5,1.715,48.8,-0.172,43.3,-0.052,49.0,0.078,46.2,-0.027,32.5,-0.637,91.8,1.186,48.8,-0.128,50.2,-0.231,63.7,0.169,63.9,0.159,6.7,-0.845,78.6,0.582,47.6,-0.236,40.9,-0.376,67.8,0.441,75.5,0.549,6.7,-1.224,77.4,0.171,47.6,-0.219,39.4,-0.39,51.4,-0.121,52.9,-0.174,23.8,-0.801,36.3,-0.519,48.8,-0.172,33.2,-0.593,44.7,-0.213,46.6,-0.325,20.9,-0.863,36.3,-0.47,48.8,-0.172
dc119ejc7lls2rd3ywigl2smi,R. Zerrouki,FC Twente,Midfielder,59,26,22.2278151455617,17,1,1,2.1095,0.9296,0.7948,0.6078,0.0358,0.0358,37,19,15.34308364418972,8,1,0,2.4569,1.2616,1.0188,0.5312,0.0664,0.0,22,7,6.884731501371976,9,0,1,1.7043,0.5423,0.5334,0.6972,0.0,0.0775,31,14,12.35090620635862,11,0,1,1.601,0.723,0.6379,0.5681,0.0,0.0516,28,12,9.87690893920308,6,1,0,1.37,0.5871,0.4833,0.2936,0.0489,0.0,7,3,2.358989146285658,4,0,0,1.3015,0.5578,0.4386,0.7437,0.0,0.0,79.3,0.642,79.3,0.651,72.6,0.435,71.2,0.095,64.7,0.033,96.2,3.344,57.7,0.037,60.6,0.13,44.2,-0.203,43.3,-0.333,53.6,-0.261,95.7,2.342,83.9,0.912,87.5,1.179,83.2,0.849,64.4,-0.032,78.1,0.456,48.6,-0.186,66.8,0.337,73.6,0.656,64.9,0.286,40.4,-0.424,71.2,-0.074,48.6,-0.162,71.4,0.294,61.1,-0.04,60.1,-0.07,74.5,0.238,35.1,-0.551,97.8,4.439,42.8,-0.268,36.1,-0.454,26.0,-0.679,57.2,-0.081,35.1,-0.393,97.1,3.714,82.0,0.76,81.7,0.789,77.9,0.635,79.3,0.411,34.9,-0.508,98.8,5.788,55.3,0.156,66.8,0.317,51.0,0.052,57.2,-0.043,34.9,-0.4,99.0,2.722,73.6,0.47,71.9,0.424,66.3,0.183,53.4,-0.237,78.6,0.582,47.6,-0.236,42.3,-0.339,39.4,-0.174,25.5,-0.634,28.8,-0.658,71.2,-0.063,47.6,-0.219,31.2,-0.566,38.0,-0.449,22.6,-0.747,60.1,-0.028,36.3,-0.519,48.8,-0.172,25.0,-0.784,36.1,-0.525,16.3,-0.919,56.2,-0.086,36.3,-0.47,48.8,-0.172
dc4n5ylytswddlvd82snkb90q,S. van Hooijdonk,NAC Breda,Forward,7,0,3.807121741719689,1,0,0,1.2967,0.0,0.7053,0.1852,0.0,0.0,3,0,1.330781720945657,0,0,0,0.9262,0.0,0.4109,0.0,0.0,0.0,4,0,2.476340020774032,1,0,0,1.8525,0.0,1.1468,0.4631,0.0,0.0,5,0,2.746278184023353,1,0,0,1.5437,0.0,0.8479,0.3087,0.0,0.0,2,0,1.060843557696336,0,0,0,0.9262,0.0,0.4913,0.0,0.0,0.0,7,0,3.807121741719689,1,0,0,1.2967,0.0,0.7053,0.1852,0.0,0.0,32.9,-0.497,7.0,-0.676,44.3,-0.432,38.0,-0.467,15.8,-0.725,50.0,-0.113,44.3,-0.318,7.0,-1.305,62.0,0.064,53.2,-0.44,15.8,-0.821,50.0,-0.113,35.4,-0.509,13.3,-0.612,35.4,-0.502,19.0,-0.545,24.1,-0.719,50.6,0.0,21.5,-0.578,13.3,-1.087,31.6,-0.516,19.0,-0.853,24.1,-0.696,50.6,0.0,38.6,-0.464,13.9,-0.728,50.6,-0.322,54.4,-0.346,21.5,-0.595,50.0,-0.113,83.5,0.6,13.9,-1.082,89.9,1.338,74.7,0.237,21.5,-0.705,50.0,-0.113,57.6,-0.27,17.1,-0.59,59.5,-0.197,60.1,-0.286,30.4,-0.604,50.6,0.0,83.5,0.779,17.1,-1.018,87.3,1.006,65.8,0.167,30.4,-0.478,50.6,0.0,20.3,-0.7,12.0,-0.724,24.1,-0.616,18.4,-0.628,21.5,-0.649,50.0,-0.113,13.9,-0.599,12.0,-1.302,45.6,-0.12,18.4,-0.805,21.5,-0.706,50.0,-0.113,60.8,-0.031,10.8,-1.005,72.2,0.26,54.4,-0.264,24.1,-0.712,50.6,0.0,53.2,-0.232,10.8,-1.081,67.1,0.075,51.9,-0.321,24.1,-0.745,50.6,0.0
dej8tywq0npvbm25sfgtqur1m,O. Kökçü,FC Volendam,Midfielder,27,12,10.65706684275645,16,0,0,1.5756,0.7003,0.6219,0.9337,0.0,0.0,14,7,5.392970560265751,10,0,0,1.8674,0.9337,0.7193,1.3338,0.0,0.0,13,5,5.264096282490697,6,0,0,1.3486,0.5187,0.5461,0.6225,0.0,0.0,9,2,2.100933291519776,7,0,0,1.2004,0.2668,0.2802,0.9337,0.0,0.0,18,10,8.556133551236671,9,0,0,1.5278,0.8488,0.7262,0.7639,0.0,0.0,8,5,4.945981440760967,2,0,0,1.4939,0.9337,0.9236,0.3735,0.0,0.0,49.5,-0.286,50.5,-0.251,48.6,-0.343,69.2,0.043,25.0,-0.653,46.2,-0.298,31.2,-0.584,38.5,-0.31,30.3,-0.622,64.9,0.139,25.0,-0.494,46.2,-0.273,49.3,-0.297,53.6,-0.182,46.6,-0.364,73.8,0.155,33.7,-0.532,48.6,-0.186,50.0,-0.184,58.2,0.105,43.8,-0.286,75.5,0.546,33.7,-0.441,48.6,-0.162,51.2,-0.258,51.0,-0.313,51.9,-0.298,62.3,-0.093,35.1,-0.551,47.8,-0.224,24.5,-0.665,33.7,-0.496,26.9,-0.649,54.3,-0.195,35.1,-0.393,47.8,-0.216,45.4,-0.427,38.5,-0.61,36.1,-0.635,68.8,0.016,34.9,-0.508,48.8,-0.172,29.3,-0.37,27.4,-0.724,17.3,-0.937,77.4,0.557,34.9,-0.4,48.8,-0.128,54.3,-0.114,63.7,0.169,59.1,0.003,68.5,0.067,33.4,-0.57,47.6,-0.236,55.8,-0.062,69.2,0.454,58.7,0.225,63.5,0.247,33.4,-0.387,47.6,-0.219,39.4,-0.39,64.4,0.206,64.9,0.216,38.2,-0.543,36.3,-0.519,48.8,-0.172,35.6,-0.582,62.0,0.11,60.6,0.094,36.5,-0.601,36.3,-0.47,48.8,-0.172
dficbkp6sp4kw7xihaxneozpx,Y. Namli,PEC Zwolle,Midfielder,51,21,23.13049183898724,18,0,0,3.9844,1.6406,1.8071,1.4062,0.0,0.0,29,9,11.9269687609631,10,0,0,3.8839,1.2054,1.5974,1.3393,0.0,0.0,22,12,11.20352307802414,8,0,0,4.125,2.25,2.1007,1.5,0.0,0.0,18,6,7.14441959063469,6,0,0,1.875,0.625,0.7442,0.625,0.0,0.0,33,15,15.98607224835255,12,0,0,2.5781,1.1719,1.2489,0.9375,0.0,0.0,16,6,6.682707144016153,3,0,0,3.0,1.125,1.253,0.5625,0.0,0.0,73.6,0.41,71.9,0.329,75.5,0.496,72.6,0.147,25.0,-0.653,46.2,-0.298,97.1,2.215,93.8,1.494,98.1,2.249,81.7,0.822,25.0,-0.494,46.2,-0.273,76.0,0.491,62.7,0.045,72.1,0.432,73.8,0.155,33.7,-0.532,48.6,-0.186,95.2,1.598,69.7,0.561,89.9,1.392,76.0,0.553,33.7,-0.441,48.6,-0.162,71.4,0.294,78.8,0.642,75.5,0.538,71.2,0.128,35.1,-0.551,47.8,-0.224,97.6,2.435,98.1,2.585,99.0,2.936,87.0,1.15,35.1,-0.393,47.8,-0.216,64.2,0.059,57.7,-0.144,63.0,-0.01,64.7,-0.083,34.9,-0.508,48.8,-0.172,75.7,0.516,51.2,0.093,66.8,0.346,60.6,0.05,34.9,-0.4,48.8,-0.128,79.6,0.762,80.5,0.806,84.6,1.017,76.0,0.371,33.4,-0.57,47.6,-0.236,95.2,1.78,96.2,1.23,98.1,2.075,78.4,0.581,33.4,-0.387,47.6,-0.219,83.4,1.015,73.6,0.534,82.7,0.862,50.2,-0.286,36.3,-0.519,48.8,-0.172,83.2,0.995,73.6,0.434,82.2,0.781,49.5,-0.338,36.3,-0.47,48.8,-0.172
dgex06nxjy9fdvc12o8keg99l,K. Ogawa,Nijmegen Eendracht Combinatie,Forward,9,3,3.615653605716724,0,6,0,1.1789,0.393,0.4736,0.0,0.7859,0.0,4,1,1.6904146177926,0,2,0,0.9169,0.2292,0.3875,0.0,0.4585,0.0,5,2,1.925238987924124,0,4,0,1.5282,0.6113,0.5884,0.0,1.2226,0.0,4,2,2.376546751451773,0,1,0,0.9169,0.4585,0.5448,0.0,0.2292,0.0,5,1,1.239106854264951,0,5,0,1.5282,0.3056,0.3787,0.0,1.5282,0.0,7,1,2.076223532393564,0,6,0,1.2837,0.1834,0.3807,0.0,1.1003,0.0,43.7,-0.421,41.8,-0.439,39.2,-0.448,13.9,-0.568,93.0,1.103,50.0,-0.113,32.9,-0.494,30.4,-0.474,30.4,-0.562,13.9,-0.862,91.1,1.96,50.0,-0.113,43.0,-0.443,34.8,-0.485,43.0,-0.451,19.0,-0.545,80.4,0.529,50.6,0.0,12.7,-0.588,29.1,-0.68,30.4,-0.565,19.0,-0.853,79.7,0.847,50.6,0.0,47.5,-0.379,50.0,-0.338,44.3,-0.424,25.3,-0.542,94.9,1.344,50.0,-0.113,67.1,0.193,62.0,0.161,46.8,-0.053,25.3,-0.68,97.5,2.959,50.0,-0.113,51.9,-0.344,56.3,-0.262,55.7,-0.261,25.3,-0.464,71.5,0.219,50.6,0.0,24.1,-0.192,53.2,0.012,53.2,0.149,25.3,-0.764,78.5,0.317,50.6,0.0,36.1,-0.478,29.1,-0.578,29.1,-0.59,18.4,-0.628,93.0,1.322,50.0,-0.113,82.3,0.646,32.9,-0.443,32.9,-0.517,18.4,-0.805,100.0,4.027,50.0,-0.113,60.8,-0.031,29.1,-0.637,32.9,-0.423,20.9,-0.547,98.7,3.355,50.6,0.0,44.3,-0.245,22.8,-0.743,22.8,-0.653,20.9,-0.595,98.7,2.9,50.6,0.0
djekc2mhsntvqyvsq26ru115g,D. Bisschops,Fortuna Sittard,Defender,2,0,0.1453988112583143,1,1,0,1.875,0.0,0.1363,0.9375,0.9375,0.0,2,0,0.1453988112583143,1,1,0,1.875,0.0,0.1363,0.9375,0.9375,0.0,0,0,0.0,0,0,0,0.0,0.0,0.0,0.0,0.0,0.0,2,0,0.1453988112583143,1,1,0,1.875,0.0,0.1363,0.9375,0.9375,0.0,0,0,0.0,0,0,0,0.0,0.0,0.0,0.0,0.0,0.0,2,0,0.1453988112583143,1,1,0,1.875,0.0,0.1363,0.9375,0.9375,0.0,3.6,-0.944,4.4,-0.92,0.7,-0.965,18.2,-0.697,57.7,-0.116,45.6,-0.312,63.1,0.015,4.4,-1.483,0.7,-1.424,60.6,0.18,100.0,5.802,45.6,-0.295,11.3,-0.83,8.0,-0.878,5.8,-0.901,30.3,-0.616,71.2,0.262,47.1,-0.254,59.9,0.063,8.0,-1.325,5.8,-1.299,62.0,0.185,99.3,4.329,47.1,-0.242,3.3,-1.025,9.9,-0.855,3.3,-0.965,11.3,-0.758,33.9,-0.583,48.9,-0.173,3.3,-1.873,9.9,-1.099,3.3,-1.351,11.3,-1.059,33.9,-0.483,48.9,-0.168,14.2,-0.798,11.7,-0.827,10.2,-0.843,36.5,-0.604,78.1,0.543,46.7,-0.28,83.2,0.881,11.7,-1.302,10.2,-1.129,76.6,0.724,100.0,6.888,46.7,-0.245,1.1,-1.053,7.3,-0.94,1.1,-1.039,9.5,-0.746,30.7,-0.627,48.9,-0.173,1.1,-2.832,7.3,-1.292,1.1,-1.749,9.5,-1.219,30.7,-0.565,48.9,-0.158,3.6,-1.477,5.5,-1.295,0.7,-1.529,24.1,-0.757,78.8,0.712,48.5,-0.194,68.2,0.029,5.5,-1.315,0.7,-1.292,65.7,0.151,100.0,5.078,48.5,-0.194
dk7zyk16nsnh0czeky7vi0x78,S. van Duijn,SC Telstar,Forward,23,9,9.567353148253426,8,2,0,1.9372,0.758,0.8058,0.6738,0.1684,0.0,12,5,4.95682043113858,3,1,0,2.2235,0.9265,0.9185,0.5559,0.1853,0.0,11,4,4.610532717114847,5,1,0,1.6985,0.6176,0.7119,0.7721,0.1544,0.0,13,5,4.468699751112242,6,2,0,1.5055,0.579,0.5175,0.6949,0.2316,0.0,10,4,5.098653397141184,2,0,0,1.3235,0.5294,0.6748,0.2647,0.0,0.0,13,6,5.874840934773919,4,1,0,2.4088,1.1118,1.0886,0.7412,0.1853,0.0,75.3,0.111,72.2,0.036,70.9,0.036,81.6,0.241,61.4,-0.116,50.0,-0.113,88.6,0.638,72.2,0.297,70.9,0.335,79.7,0.674,59.5,-0.225,50.0,-0.113,72.8,0.092,71.5,0.024,68.4,0.007,75.3,0.027,61.4,-0.095,50.6,0.0,87.3,0.879,79.7,0.558,77.2,0.556,74.7,0.438,67.1,-0.073,50.6,0.0,72.2,0.131,69.6,0.052,72.2,0.074,84.8,0.44,61.4,-0.11,50.0,-0.113,75.9,0.407,67.1,0.174,69.6,0.254,84.8,0.85,57.0,-0.242,50.0,-0.113,82.9,0.324,77.8,0.231,75.9,0.101,88.0,0.604,88.0,1.041,50.6,0.0,82.3,0.72,68.4,0.283,50.6,0.072,87.3,1.331,79.7,0.326,50.6,0.0,62.0,-0.107,60.1,-0.139,68.4,-0.021,62.7,-0.211,21.5,-0.649,50.0,-0.113,68.4,0.223,54.4,0.186,78.5,0.527,57.0,-0.103,21.5,-0.706,50.0,-0.113,91.8,0.963,90.5,1.2,89.9,1.076,86.7,0.582,62.7,-0.034,50.6,0.0,91.1,0.886,86.1,0.97,87.3,0.934,83.5,0.501,57.0,-0.131,50.6,0.0
dmnk8dz6w8n4fcso88fuvusfe,Zidane Iqbal,FC Utrecht,Midfielder,8,4,3.666188355713361,0,0,0,2.4896,1.2448,1.1409,0.0,0.0,0.0,0,0,0.0,0,0,0,0.0,0.0,0.0,0.0,0.0,0.0,8,4,3.666188355713361,0,0,0,2.4896,1.2448,1.1409,0.0,0.0,0.0,6,3,2.551814532143289,0,0,0,1.8672,0.9336,0.7941,0.0,0.0,0.0,2,1,1.114373823570072,0,0,0,0.9336,0.4668,0.5202,0.0,0.0,0.0,8,4,3.666188355713361,0,0,0,2.4896,1.2448,1.1409,0.0,0.0,0.0,20.4,-0.837,26.7,-0.767,23.6,-0.814,5.3,-0.79,25.0,-0.653,46.2,-0.298,74.0,0.478,79.3,0.734,76.4,0.635,5.3,-1.212,25.0,-0.494,46.2,-0.273,3.8,-1.033,7.0,-0.976,3.8,-1.021,9.1,-0.777,33.7,-0.532,48.6,-0.186,3.8,-1.835,7.0,-1.462,3.8,-1.66,9.1,-1.066,33.7,-0.441,48.6,-0.162,37.3,-0.565,44.0,-0.449,40.4,-0.522,8.2,-0.754,35.1,-0.551,47.8,-0.224,78.4,0.609,85.6,0.796,79.3,0.723,8.2,-1.15,35.1,-0.393,47.8,-0.216,38.0,-0.589,45.4,-0.493,40.4,-0.579,13.9,-0.676,34.9,-0.508,48.8,-0.172,73.8,0.506,80.3,0.797,71.6,0.484,13.9,-0.976,34.9,-0.4,48.8,-0.128,9.9,-1.048,14.9,-0.976,12.0,-1.013,6.7,-0.845,33.4,-0.57,47.6,-0.236,9.6,-1.104,29.8,-0.462,30.3,-0.504,6.7,-1.224,33.4,-0.387,47.6,-0.219,39.4,-0.39,51.4,-0.121,46.6,-0.26,8.4,-1.058,36.3,-0.519,48.8,-0.172,74.5,0.461,74.5,0.636,74.5,0.547,8.4,-1.121,36.3,-0.47,48.8,-0.172
do5gstk4ks97daehnudehyjxm,J. Žambůrek,Heracles Almelo,Midfielder,15,5,6.010525764664792,7,0,0,1.2774,0.4258,0.5119,0.5961,0.0,0.0,10,3,3.795477260213088,5,0,0,1.3382,0.4015,0.5079,0.6691,0.0,0.0,5,2,2.215048504451705,2,0,0,1.1709,0.4684,0.5187,0.4684,0.0,0.0,2,1,0.2209504627978409,1,0,0,0.9367,0.4684,0.1035,0.4684,0.0,0.0,13,4,5.789575301866951,6,0,0,1.3531,0.4163,0.6026,0.6245,0.0,0.0,6,3,2.559117123433748,2,0,0,1.1241,0.562,0.4795,0.3747,0.0,0.0,33.4,-0.634,32.0,-0.703,33.7,-0.656,44.0,-0.426,25.0,-0.653,46.2,-0.298,18.8,-0.93,20.2,-0.837,19.2,-0.889,42.3,-0.35,25.0,-0.494,46.2,-0.273,41.6,-0.507,35.8,-0.636,39.9,-0.559,49.5,-0.311,33.7,-0.532,48.6,-0.186,24.0,-0.652,21.2,-0.788,27.4,-0.69,48.6,-0.257,33.7,-0.441,48.6,-0.162,25.0,-0.749,27.6,-0.722,27.4,-0.727,33.9,-0.534,35.1,-0.551,47.8,-0.224,17.8,-0.864,31.7,-0.586,23.6,-0.713,38.9,-0.432,35.1,-0.393,47.8,-0.216,20.9,-0.804,28.4,-0.726,13.9,-0.868,31.7,-0.578,34.9,-0.508,48.8,-0.172,22.1,-0.717,40.4,-0.264,13.0,-1.425,52.9,-0.207,34.9,-0.4,48.8,-0.128,43.3,-0.406,36.3,-0.594,44.7,-0.375,53.4,-0.237,33.4,-0.57,47.6,-0.236,41.3,-0.369,24.0,-0.583,45.7,-0.212,57.2,-0.021,33.4,-0.387,47.6,-0.219,23.1,-0.742,38.0,-0.449,27.4,-0.673,38.2,-0.543,36.3,-0.519,48.8,-0.172,16.8,-0.969,39.4,-0.518,20.2,-0.833,38.5,-0.6,36.3,-0.47,48.8,-0.172
dotvgi9g50m2axfw4isamd1ck,M. Jonathans,SBV Excelsior,Midfielder,19,6,5.480801662356543,12,1,0,1.3596,0.4293,0.3922,0.8587,0.0716,0.0,9,2,2.720059823276278,6,0,0,1.3953,0.3101,0.4217,0.9302,0.0,0.0,10,4,2.760741839080264,6,1,0,1.3289,0.5316,0.3669,0.7973,0.1329,0.0,2,0,0.416880177899928,1,0,0,1.8605,0.0,0.3878,0.9302,0.0,0.0,17,6,5.063921484456614,11,1,0,1.3178,0.4651,0.3926,0.8527,0.0775,0.0,7,4,2.09870386506557,6,0,0,1.3023,0.7442,0.3905,1.1163,0.0,0.0,38.9,-0.518,35.6,-0.638,31.2,-0.692,57.7,-0.166,64.7,0.033,46.2,-0.298,22.1,-0.835,20.7,-0.83,8.7,-1.179,59.6,0.03,71.4,-0.029,46.2,-0.273,38.5,-0.56,29.8,-0.749,32.7,-0.69,53.6,-0.218,33.7,-0.532,48.6,-0.186,28.4,-0.602,18.8,-0.941,22.6,-0.854,61.1,0.058,33.7,-0.441,48.6,-0.162,41.8,-0.442,44.0,-0.449,33.7,-0.65,62.3,-0.093,81.5,0.782,47.8,-0.224,24.0,-0.687,35.6,-0.473,11.5,-1.063,61.1,0.073,86.1,0.465,47.8,-0.216,20.9,-0.804,11.3,-0.843,17.3,-0.844,31.7,-0.578,34.9,-0.508,48.8,-0.172,70.9,0.497,11.3,-1.333,23.1,-0.639,75.0,0.551,34.9,-0.4,48.8,-0.128,52.4,-0.172,47.1,-0.339,41.3,-0.474,72.6,0.269,78.6,0.582,47.6,-0.236,37.0,-0.431,28.4,-0.466,14.4,-0.955,67.3,0.418,76.0,0.126,47.6,-0.219,31.2,-0.566,51.4,-0.121,19.7,-0.844,73.3,0.486,36.3,-0.519,48.8,-0.172,25.5,-0.783,46.2,-0.21,13.5,-1.019,72.6,0.432,36.3,-0.47,48.8,-0.172
dp0q4f4gbj2buhcu1lb5dzxed,Ivo Pinto,Fortuna Sittard,Defender,74,28,27.29747257820397,46,0,0,2.5207,0.9538,0.9298,1.5669,0.0,0.0,44,18,17.42742692040247,26,0,0,2.8905,1.1825,1.1449,1.708,0.0,0.0,30,10,9.87004565780149,20,0,0,2.1224,0.7075,0.6983,1.4149,0.0,0.0,35,12,12.23294661626342,23,0,0,1.6095,0.5518,0.5625,1.0577,0.0,0.0,39,16,15.06452596194055,23,0,0,1.7934,0.7358,0.6927,1.0577,0.0,0.0,9,2,3.460495775296836,5,0,0,1.6555,0.3679,0.6365,0.9197,0.0,0.0,91.2,1.66,91.6,1.697,92.0,1.779,94.2,1.797,23.0,-0.752,45.6,-0.312,82.5,0.866,81.8,0.728,80.3,0.781,88.3,1.095,23.0,-0.666,45.6,-0.295,92.3,1.896,93.8,2.129,94.2,2.235,95.6,1.889,29.9,-0.636,47.1,-0.254,86.9,1.139,87.6,1.154,87.6,1.384,86.9,1.199,29.9,-0.51,47.1,-0.242,88.3,1.283,84.7,1.01,86.9,1.113,92.0,1.601,33.9,-0.583,48.9,-0.173,71.5,0.383,65.0,0.234,69.3,0.207,83.2,0.844,33.9,-0.483,48.9,-0.168,90.9,1.533,89.4,1.376,90.5,1.546,94.9,1.909,33.6,-0.568,46.7,-0.28,72.3,0.452,65.0,0.385,72.3,0.526,81.8,0.957,33.6,-0.47,46.7,-0.245,93.4,1.72,93.1,1.879,93.4,1.924,92.3,1.606,30.7,-0.627,48.9,-0.173,80.3,0.69,78.1,0.618,77.4,0.569,81.0,0.897,30.7,-0.565,48.9,-0.158,58.8,-0.021,38.0,-0.475,65.7,0.17,66.8,0.219,32.5,-0.624,48.5,-0.194,50.4,-0.228,24.1,-0.573,59.9,-0.03,60.6,0.128,32.5,-0.601,48.5,-0.194
dqdu0arww7z83y4of1nvi42z8,P. Nash,AFC Ajax,Forward,1,0,0.0047224531428487,1,0,0,0.9574,0.0,0.0045,0.9574,0.0,0.0,1,0,0.0047224531428487,1,0,0,0.9574,0.0,0.0045,0.9574,0.0,0.0,0,0,0.0,0,0,0,0.0,0.0,0.0,0.0,0.0,0.0,0,0,0.0,0,0,0,0.0,0.0,0.0,0.0,0.0,0.0,1,0,0.0047224531428487,1,0,0,0.9574,0.0,0.0045,0.9574,0.0,0.0,1,0,0.0047224531428487,1,0,0,0.9574,0.0,0.0045,0.9574,0.0,0.0,6.3,-0.725,7.0,-0.676,2.5,-0.741,38.0,-0.467,15.8,-0.725,50.0,-0.113,24.1,-0.824,7.0,-1.305,2.5,-1.829,87.3,1.321,15.8,-0.821,50.0,-0.113,15.8,-0.643,13.3,-0.612,11.4,-0.688,50.0,-0.355,24.1,-0.719,50.6,0.0,39.2,-0.543,13.3,-1.087,11.4,-1.373,91.1,1.37,24.1,-0.696,50.6,0.0,5.7,-0.805,13.9,-0.728,5.7,-0.781,25.3,-0.542,21.5,-0.595,50.0,-0.113,5.7,-1.725,13.9,-1.082,5.7,-1.519,25.3,-0.68,21.5,-0.705,50.0,-0.113,10.8,-0.641,17.1,-0.59,10.8,-0.673,25.3,-0.464,30.4,-0.604,50.6,0.0,10.8,-1.614,17.1,-1.018,10.8,-1.391,25.3,-0.764,30.4,-0.478,50.6,0.0,10.8,-0.774,12.0,-0.724,6.3,-0.772,45.6,-0.42,21.5,-0.649,50.0,-0.113,40.5,-0.534,12.0,-1.302,6.3,-1.836,93.7,1.735,21.5,-0.706,50.0,-0.113,6.3,-1.026,10.8,-1.005,2.5,-1.241,54.4,-0.264,24.1,-0.712,50.6,0.0,30.4,-0.573,10.8,-1.081,2.5,-1.497,89.9,0.821,24.1,-0.745,50.6,0.0
ds0hd4ezvb5rw6l95rhbxtq1g,B. Önal,Nijmegen Eendracht Combinatie,Midfielder,110,47,47.22834068409347,59,1,0,3.8881,1.6613,1.6694,2.0855,0.0353,0.0,66,31,30.52381637796218,31,0,0,4.6658,2.1915,2.1578,2.1915,0.0,0.0,44,16,16.7045243061313,28,1,0,3.1105,1.1311,1.1809,1.9794,0.0707,0.0,58,21,26.28682579830084,28,1,0,2.8054,1.0158,1.2715,1.3543,0.0484,0.0,52,26,20.94151488579264,31,0,0,2.2757,1.1378,0.9165,1.3566,0.0,0.0,21,11,8.985516473354611,12,0,0,3.8599,2.0218,1.6516,2.2056,0.0,0.0,95.7,2.122,94.5,2.005,94.7,2.118,96.6,2.28,64.7,0.033,46.2,-0.298,96.2,2.104,94.2,1.533,97.1,1.916,95.2,1.805,52.9,-0.265,46.2,-0.273,96.2,2.436,97.8,2.541,98.6,2.699,96.4,2.111,33.7,-0.532,48.6,-0.186,98.1,2.289,98.6,2.216,99.0,2.462,92.3,1.583,33.7,-0.441,48.6,-0.162,93.3,1.642,87.5,1.187,89.9,1.311,98.1,2.333,81.5,0.782,47.8,-0.224,91.8,1.302,75.5,0.594,81.2,0.815,95.7,1.885,75.5,0.064,47.8,-0.216,95.4,2.217,90.6,1.605,96.2,2.363,96.4,2.092,80.8,0.604,48.8,-0.172,95.7,1.739,85.6,0.985,95.7,1.804,88.9,1.248,75.0,-0.028,48.8,-0.128,94.2,1.871,97.4,2.205,92.8,1.694,97.6,2.296,33.4,-0.57,47.6,-0.236,90.4,1.25,94.7,1.148,86.1,0.899,91.3,1.388,33.4,-0.387,47.6,-0.219,95.7,1.894,96.2,2.172,93.8,1.719,95.7,2.031,36.3,-0.519,48.8,-0.172,95.2,1.896,95.2,1.949,91.8,1.613,95.2,1.948,36.3,-0.47,48.8,-0.172
dse071e8zbzm8l37m64g6e1p0,K. Sano,Nijmegen Eendracht Combinatie,Midfielder,109,46,52.22915827368205,34,7,1,2.9451,1.2429,1.4112,0.9186,0.1891,0.027,65,28,32.13598279294541,16,3,1,3.5125,1.5131,1.7366,0.8646,0.1621,0.054,44,18,20.09317548073664,18,4,0,2.3777,0.9727,1.0858,0.9727,0.2162,0.0,53,24,25.28572391359795,16,4,0,2.1169,0.9586,1.0099,0.6391,0.1598,0.0,56,22,26.9434343600841,18,3,1,1.7739,0.6969,0.8535,0.5702,0.095,0.0317,16,5,5.667306604822185,6,2,1,2.9397,0.9186,1.0412,1.1024,0.3675,0.1837,95.2,2.093,93.5,1.941,97.6,2.455,87.3,0.979,98.8,4.151,96.2,3.344,87.0,1.008,78.4,0.731,88.5,1.29,62.5,0.117,90.4,0.734,92.3,1.7,95.7,2.383,95.7,2.2,99.0,2.895,82.9,0.714,96.6,2.434,98.6,5.346,89.9,1.27,84.6,1.078,94.2,1.658,57.7,-0.021,83.7,0.456,97.1,2.413,93.3,1.642,91.6,1.46,93.3,1.788,91.8,1.23,99.8,4.782,47.8,-0.224,72.1,0.484,66.3,0.312,76.4,0.595,72.1,0.342,91.8,1.002,47.8,-0.216,93.3,1.947,93.3,1.955,95.2,2.239,87.5,0.905,99.0,3.938,48.8,-0.172,84.6,0.834,82.7,0.854,87.0,1.081,61.5,0.074,90.4,0.829,48.8,-0.128,95.0,2.105,91.8,1.696,97.1,2.513,85.8,0.979,97.6,2.885,97.6,4.222,68.8,0.369,54.8,0.09,80.3,0.676,50.5,-0.126,81.2,0.242,95.2,1.971,83.4,1.015,64.4,0.206,70.7,0.484,73.3,0.486,95.9,2.213,98.8,5.788,82.2,0.932,54.8,0.085,67.3,0.339,69.7,0.413,91.8,1.582,97.6,5.709
dsh8ta4q6v5ews2e19p9xh6y2,J. Hubner,Fortuna Sittard,Defender,17,5,4.656686180977126,5,1,0,1.1143,0.3277,0.3052,0.3277,0.0655,0.0,9,3,3.20572320157125,1,1,0,1.0323,0.3441,0.3677,0.1147,0.1147,0.0,8,2,1.450962979405876,4,0,0,1.2235,0.3059,0.2219,0.6117,0.0,0.0,5,2,1.094793404321218,2,0,0,0.9176,0.367,0.2009,0.367,0.0,0.0,12,3,3.561892776655909,3,1,0,1.1011,0.2753,0.3268,0.2753,0.0918,0.0,6,1,1.345769157977896,1,0,0,1.1011,0.1835,0.247,0.1835,0.0,0.0,45.6,-0.402,44.9,-0.452,40.9,-0.509,47.4,-0.475,57.7,-0.116,45.6,-0.312,12.4,-0.988,22.6,-0.723,13.1,-0.955,35.0,-0.706,54.7,-0.214,45.6,-0.295,46.0,-0.376,49.6,-0.377,51.1,-0.345,30.3,-0.616,71.2,0.262,47.1,-0.254,17.5,-0.83,29.2,-0.604,26.3,-0.684,24.1,-0.899,69.3,0.082,47.1,-0.242,46.4,-0.409,43.8,-0.482,31.4,-0.66,57.7,-0.287,33.9,-0.583,48.9,-0.173,29.9,-0.572,32.1,-0.522,15.3,-0.856,48.2,-0.236,33.9,-0.483,48.9,-0.168,31.8,-0.586,43.1,-0.46,24.1,-0.655,47.1,-0.489,33.6,-0.568,46.7,-0.28,10.2,-0.668,43.8,-0.18,17.5,-0.878,44.5,-0.385,33.6,-0.47,46.7,-0.245,56.6,-0.2,48.9,-0.412,51.1,-0.339,47.1,-0.439,72.3,0.306,48.9,-0.173,25.5,-0.67,29.2,-0.578,23.4,-0.655,30.7,-0.669,69.3,0.083,48.9,-0.158,25.5,-0.645,19.3,-0.885,16.8,-0.914,24.1,-0.757,32.5,-0.624,48.5,-0.194,11.7,-0.877,11.7,-0.945,10.2,-1.012,16.1,-0.822,32.5,-0.601,48.5,-0.194
dtcvzfse83ztj96kiizwp6jqi,G. Smal,Feyenoord Rotterdam,Defender,40,13,13.59070419638897,21,0,0,2.6334,0.8559,0.8947,1.3825,0.0,0.0,18,7,5.612224770867039,11,0,0,2.7651,1.0753,0.8621,1.6898,0.0,0.0,22,6,7.978479425521937,10,0,0,2.5346,0.6913,0.9192,1.1521,0.0,0.0,18,5,4.888432235280373,11,0,0,1.8434,0.512,0.5006,1.1265,0.0,0.0,22,8,8.702271961108602,10,0,0,2.0277,0.7373,0.8021,0.9217,0.0,0.0,17,6,4.787042360379598,10,0,0,3.1337,1.106,0.8824,1.8434,0.0,0.0,76.6,0.43,76.6,0.295,78.1,0.394,78.5,0.411,23.0,-0.752,45.6,-0.312,83.9,1.014,72.3,0.501,78.1,0.684,78.8,0.827,23.0,-0.666,45.6,-0.295,71.5,0.208,75.9,0.291,68.6,0.091,79.2,0.386,29.9,-0.636,47.1,-0.254,83.2,1.006,82.5,0.929,78.8,0.632,86.1,1.175,29.9,-0.51,47.1,-0.242,80.3,0.668,74.5,0.264,81.0,0.715,76.3,0.421,33.9,-0.583,48.9,-0.173,83.9,0.821,62.0,0.204,83.2,0.7,71.5,0.491,33.9,-0.483,48.9,-0.168,77.0,0.332,67.2,0.091,70.8,0.095,80.3,0.538,33.6,-0.568,46.7,-0.28,81.0,0.83,62.8,0.264,63.5,0.286,83.9,1.091,33.6,-0.47,46.7,-0.245,77.4,0.511,76.3,0.469,78.8,0.673,75.2,0.277,30.7,-0.627,48.9,-0.173,91.2,1.15,79.6,0.622,90.5,0.935,70.8,0.625,30.7,-0.565,48.9,-0.158,93.1,1.642,88.3,1.163,83.2,0.849,91.6,1.438,32.5,-0.624,48.5,-0.194,91.2,1.501,84.7,0.915,79.6,0.59,90.5,1.321,32.5,-0.601,48.5,-0.194
dunp2ilud32z4lf3f8vvwjca1,M. Paes,AFC Ajax,Goalkeeper,2,0,0.2088593537450261,0,0,0,0.9077,0.0,0.0948,0.0,0.0,0.0,0,0,0.0,0,0,0,0.0,0.0,0.0,0.0,0.0,0.0,2,0,0.2088593537450261,0,0,0,0.9077,0.0,0.0948,0.0,0.0,0.0,1,0,0.0951310601108906,0,0,0,0.9077,0.0,0.0863,0.0,0.0,0.0,1,0,0.1137282936341355,0,0,0,0.9077,0.0,0.1032,0.0,0.0,0.0,2,0,0.2088593537450261,0,0,0,0.9077,0.0,0.0948,0.0,0.0,0.0,27.5,-0.843,25.0,-0.639,32.5,-0.534,45.0,-0.337,48.8,-0.214,51.2,0.0,5.0,-0.925,25.0,-0.769,37.5,-0.44,45.0,-0.279,48.8,-0.226,51.2,0.0,11.2,-0.86,30.0,-0.604,11.2,-0.567,45.0,-0.352,51.2,0.0,51.2,0.0,11.2,-1.569,30.0,-0.602,11.2,-0.847,45.0,-0.348,51.2,0.0,51.2,0.0,31.2,-0.76,30.0,-0.588,42.5,-0.492,48.8,-0.227,48.8,-0.214,51.2,0.0,15.0,-0.502,30.0,-0.668,50.0,-0.378,48.8,-0.193,48.8,-0.221,51.2,0.0,30.0,-0.742,28.7,-0.631,32.5,-0.559,47.5,-0.281,51.2,0.0,51.2,0.0,25.0,0.085,28.7,-0.627,50.0,-0.273,47.5,-0.267,51.2,0.0,51.2,0.0,20.0,-0.853,31.2,-0.567,27.5,-0.496,47.5,-0.259,48.8,-0.214,51.2,0.0,10.0,-0.391,31.2,-0.624,52.5,-0.254,47.5,-0.221,48.8,-0.226,51.2,0.0,27.5,-0.989,32.5,-0.628,32.5,-0.628,46.2,-0.294,50.0,-0.158,51.2,0.0,5.0,-0.816,32.5,-0.656,42.5,-0.451,46.2,-0.294,50.0,-0.158,51.2,0.0
duuaefhzmbqoj4eo44kgbr6s4,R. Kroeze,PEC Zwolle,Defender,2,1,1.344526304384905,0,0,0,1.875,0.9375,1.2605,0.0,0.0,0.0,0,0,0.0,0,0,0,0.0,0.0,0.0,0.0,0.0,0.0,2,1,1.344526304384905,0,0,0,1.875,0.9375,1.2605,0.0,0.0,0.0,0,0,0.0,0,0,0,0.0,0.0,0.0,0.0,0.0,0.0,2,1,1.344526304384905,0,0,0,1.875,0.9375,1.2605,0.0,0.0,0.0,2,1,1.344526304384905,0,0,0,1.875,0.9375,1.2605,0.0,0.0,0.0,3.6,-0.944,13.1,-0.826,10.2,-0.844,6.2,-0.753,23.0,-0.752,45.6,-0.312,63.1,0.015,79.6,0.691,95.6,1.701,6.2,-1.182,23.0,-0.666,45.6,-0.295,2.9,-0.96,8.0,-0.878,2.9,-0.927,11.7,-0.716,29.9,-0.636,47.1,-0.254,2.9,-1.925,8.0,-1.325,2.9,-1.662,11.7,-1.05,29.9,-0.51,47.1,-0.242,12.0,-0.871,28.8,-0.668,27.0,-0.682,11.3,-0.758,33.9,-0.583,48.9,-0.173,63.5,0.12,83.2,0.668,94.2,1.461,11.3,-1.059,33.9,-0.483,48.9,-0.168,4.7,-0.94,11.7,-0.827,4.7,-0.872,14.6,-0.718,33.6,-0.568,46.7,-0.28,4.7,-2.153,11.7,-1.302,4.7,-1.658,14.6,-1.098,33.6,-0.47,46.7,-0.245,7.7,-0.911,21.9,-0.764,23.4,-0.775,9.5,-0.746,30.7,-0.627,48.9,-0.173,87.6,0.85,94.9,1.142,97.8,2.469,9.5,-1.219,30.7,-0.565,48.9,-0.158,3.6,-1.477,19.3,-0.885,16.1,-0.914,7.7,-1.0,32.5,-0.624,48.5,-0.194,68.2,0.029,79.6,0.575,92.0,1.544,7.7,-1.059,32.5,-0.601,48.5,-0.194
dwyl0yii553i57u7azfa7d15g,A. Hadj Moussa,Feyenoord Rotterdam,Midfielder,162,69,75.65112338036906,63,1,0,4.9761,2.1195,2.3238,1.9352,0.0307,0.0,84,30,35.80656940845931,39,1,0,5.1604,1.843,2.1997,2.3959,0.0614,0.0,78,39,39.84455397190975,24,0,0,4.7918,2.3959,2.4478,1.4744,0.0,0.0,96,46,45.29209505469331,37,1,0,3.0505,1.4617,1.4392,1.1757,0.0318,0.0,66,23,30.35902832567576,26,0,0,2.4328,0.8478,1.119,0.9584,0.0,0.0,24,13,12.36694266398528,7,1,0,4.4232,2.3959,2.2792,1.2901,0.1843,0.0,99.5,3.631,99.5,3.423,100.0,4.032,97.6,2.488,64.7,0.033,46.2,-0.298,99.5,3.368,99.0,2.412,99.5,3.501,92.8,1.588,51.4,-0.295,46.2,-0.273,99.3,3.382,97.1,2.427,100.0,3.343,97.8,2.856,78.1,0.456,48.6,-0.186,99.0,2.727,93.8,1.631,100.0,2.543,96.2,1.83,68.3,-0.101,48.6,-0.162,99.0,3.727,100.0,4.323,100.0,4.566,95.2,1.892,35.1,-0.551,47.8,-0.224,99.0,3.179,99.0,2.845,99.5,3.737,85.6,1.111,35.1,-0.393,47.8,-0.216,99.5,4.267,100.0,4.52,100.0,4.719,98.1,2.982,80.8,0.604,48.8,-0.172,97.1,2.061,96.2,2.002,98.1,2.268,85.6,0.955,69.7,-0.155,48.8,-0.128,98.1,2.689,94.0,1.823,99.5,2.979,95.0,1.789,33.4,-0.57,47.6,-0.236,93.3,1.525,68.8,0.452,95.2,1.616,80.8,0.621,33.4,-0.387,47.6,-0.219,97.6,2.421,99.0,2.827,99.5,2.978,77.6,0.744,82.9,0.847,48.8,-0.172,97.1,2.486,98.6,2.581,99.0,2.924,76.4,0.674,75.2,0.559,48.8,-0.172
dxmulnxbs11kpi1goq5hl9cve,A. Salah-Eddine,PSV Eindhoven,Defender,24,11,10.24697686528891,9,2,1,2.2363,1.025,0.9548,0.8386,0.1864,0.0932,10,6,3.768723746164288,5,1,1,2.3295,1.3977,0.8779,1.1647,0.2329,0.2329,14,5,6.47825311912462,4,1,0,2.1742,0.7765,1.0061,0.6212,0.1553,0.0,13,6,4.553608933648116,6,1,1,1.5142,0.6988,0.5304,0.6988,0.1165,0.1165,11,5,5.693367931640792,3,1,0,1.7083,0.7765,0.8842,0.4659,0.1553,0.0,14,6,4.252014987382284,8,2,0,2.609,1.1181,0.7924,1.4909,0.3727,0.0,59.5,-0.149,72.3,0.108,67.2,0.056,59.9,-0.254,77.4,0.52,95.3,2.743,73.7,0.491,86.1,0.893,83.9,0.851,56.2,0.036,82.5,0.62,99.3,5.004,50.0,-0.311,70.1,0.124,56.2,-0.243,60.6,-0.215,71.2,0.262,96.7,3.22,75.2,0.545,94.2,1.605,79.6,0.674,71.5,0.484,88.3,0.692,100.0,6.965,66.4,0.052,69.0,0.078,73.0,0.399,57.7,-0.287,78.8,0.645,48.9,-0.173,75.2,0.438,68.6,0.364,85.4,0.894,51.1,-0.223,86.1,0.519,48.9,-0.168,65.7,-0.021,74.1,0.275,67.9,0.028,66.1,-0.033,78.1,0.543,96.7,3.551,67.2,0.297,78.8,0.835,68.6,0.401,59.1,0.26,83.2,0.445,98.5,4.852,52.2,-0.271,62.0,-0.059,67.9,0.081,47.1,-0.439,72.3,0.306,48.9,-0.173,75.2,0.523,83.2,0.724,95.6,1.21,50.4,-0.287,81.8,0.53,48.9,-0.158,85.4,1.018,88.3,1.163,75.9,0.575,83.2,0.951,95.3,2.049,48.5,-0.194,83.2,0.887,89.1,0.939,72.3,0.363,83.2,0.866,93.4,1.657,48.5,-0.194
e3akocgpppdty3ayxty1gf6xh,D. Mirani,Heracles Almelo,Defender,8,1,2.21156561253241,0,1,0,0.9348,0.1169,0.2584,0.0,0.1169,0.0,4,1,1.103667836735486,0,1,0,0.9348,0.2337,0.2579,0.0,0.2337,0.0,4,0,1.107897775796924,0,0,0,0.9348,0.0,0.2589,0.0,0.0,0.0,4,0,0.9983208249260309,0,1,0,0.9348,0.0,0.2333,0.0,0.2337,0.0,4,1,1.213244787606379,0,0,0,0.9348,0.2337,0.2835,0.0,0.0,0.0,5,1,1.252960001320374,0,1,0,0.9348,0.187,0.2343,0.0,0.187,0.0,23.4,-0.727,13.1,-0.826,22.6,-0.756,6.2,-0.753,57.7,-0.116,45.6,-0.312,4.0,-1.225,8.8,-1.212,6.6,-1.085,6.2,-1.182,70.8,0.141,45.6,-0.295,24.1,-0.7,22.6,-0.711,20.4,-0.727,11.7,-0.716,71.2,0.262,47.1,-0.254,15.0,-0.934,20.4,-0.835,11.7,-0.976,11.7,-1.05,89.1,0.696,47.1,-0.242,23.7,-0.717,9.9,-0.855,21.2,-0.732,11.3,-0.758,33.9,-0.583,48.9,-0.173,15.7,-0.879,9.9,-1.099,18.2,-0.773,11.3,-1.059,33.9,-0.483,48.9,-0.168,24.5,-0.657,11.7,-0.827,22.6,-0.674,14.6,-0.718,78.1,0.543,46.7,-0.28,22.6,-0.64,11.7,-1.302,21.9,-0.752,14.6,-1.098,94.2,1.364,46.7,-0.245,23.4,-0.769,21.9,-0.764,19.0,-0.801,9.5,-0.746,30.7,-0.627,48.9,-0.173,14.2,-0.996,25.2,-0.686,16.8,-0.8,9.5,-1.219,30.7,-0.565,48.9,-0.158,16.4,-0.853,19.3,-0.885,11.7,-0.961,7.7,-1.0,78.8,0.712,48.5,-0.194,7.7,-1.071,18.6,-0.938,7.3,-1.044,7.7,-1.059,83.6,0.532,48.5,-0.194
e5hzt8nmhu2ktn69dsv67ga38,M. Linday,SC Heerenveen,Midfielder,50,26,28.71515627251471,2,0,0,1.7804,0.9258,1.0225,0.0712,0.0,0.0,31,18,19.74310993526731,1,0,0,2.2077,1.2819,1.406,0.0712,0.0,0.0,19,8,8.972046337247408,1,0,0,1.3531,0.5697,0.639,0.0712,0.0,0.0,28,16,15.58355189909275,1,0,0,1.5249,0.8714,0.8487,0.0545,0.0,0.0,22,10,13.13160437342196,1,0,0,1.4548,0.6613,0.8684,0.0661,0.0,0.0,9,3,4.579172159975863,0,0,0,1.6665,0.5555,0.8479,0.0,0.0,0.0,72.6,0.381,79.3,0.651,83.2,0.872,22.1,-0.686,25.0,-0.653,46.2,-0.298,39.9,-0.346,59.1,0.123,71.2,0.348,11.5,-1.109,25.0,-0.494,46.2,-0.273,77.4,0.596,86.5,1.066,88.9,1.385,25.2,-0.684,33.7,-0.532,48.6,-0.186,59.1,0.117,75.5,0.69,84.6,1.026,18.3,-0.98,33.7,-0.441,48.6,-0.162,65.1,0.11,63.9,0.096,69.7,0.224,22.6,-0.644,35.1,-0.551,47.8,-0.224,25.0,-0.66,37.5,-0.406,34.1,-0.435,16.3,-1.041,35.1,-0.393,47.8,-0.216,78.6,0.598,84.9,1.022,86.5,1.036,31.7,-0.578,34.9,-0.508,48.8,-0.172,48.6,0.056,73.6,0.655,79.3,0.635,27.9,-0.886,34.9,-0.4,48.8,-0.128,64.2,0.12,63.7,0.169,75.5,0.628,20.0,-0.744,33.4,-0.57,47.6,-0.236,49.5,-0.19,51.4,0.004,81.7,0.729,14.4,-1.096,33.4,-0.387,47.6,-0.219,47.4,-0.215,38.0,-0.449,61.5,0.079,8.4,-1.058,36.3,-0.519,48.8,-0.172,39.9,-0.401,33.9,-0.529,57.2,-0.064,8.4,-1.121,36.3,-0.47,48.8,-0.172
e5xuwwa4qs6zxjd7y52tslih,Q. Timber,Feyenoord Rotterdam,Midfielder,41,29,24.75513233413106,1,1,0,2.359,1.6685,1.4243,0.0575,0.0575,0.0,16,11,8.275098147913779,1,1,0,1.8412,1.2658,0.9522,0.1151,0.1151,0.0,25,18,16.48003418621728,0,0,0,2.8768,2.0713,1.8964,0.0,0.0,0.0,11,6,6.144293126511348,0,1,0,1.4466,0.7891,0.808,0.0,0.1315,0.0,30,23,18.61083920761971,1,0,0,1.9727,1.5124,1.2238,0.0658,0.0,0.0,11,7,6.69139113877023,1,0,0,2.0253,1.2888,1.232,0.1841,0.0,0.0,65.6,0.12,82.2,0.845,77.9,0.606,14.7,-0.738,64.7,0.033,46.2,-0.298,67.8,0.326,94.7,1.547,89.4,1.322,11.1,-1.129,63.7,-0.121,46.2,-0.273,53.1,-0.192,72.1,0.272,61.5,-0.013,25.2,-0.684,78.1,0.456,48.6,-0.186,43.3,-0.207,74.0,0.663,59.6,0.159,20.2,-0.927,76.4,0.196,48.6,-0.162,76.0,0.478,91.6,1.46,89.4,1.28,8.2,-0.754,35.1,-0.551,47.8,-0.224,88.5,1.041,97.1,2.267,97.6,2.465,8.2,-1.15,35.1,-0.393,47.8,-0.216,51.0,-0.319,57.7,-0.144,56.7,-0.134,13.9,-0.676,80.8,0.604,48.8,-0.172,44.2,-0.047,70.2,0.467,75.5,0.523,13.9,-0.976,87.5,0.612,48.8,-0.128,75.7,0.587,94.0,1.823,89.9,1.376,20.0,-0.744,33.4,-0.57,47.6,-0.236,81.2,0.718,98.1,2.046,97.1,1.986,13.9,-1.097,33.4,-0.387,47.6,-0.219,62.5,0.137,80.8,0.862,83.2,0.866,23.8,-0.801,36.3,-0.519,48.8,-0.172,55.8,-0.026,77.4,0.71,80.3,0.737,19.0,-0.865,36.3,-0.47,48.8,-0.172
e6x3hs6v8cq74ojgluyny72fo,T. Land,FC Groningen,Midfielder,23,13,11.71500201417498,5,0,0,1.6466,0.9307,0.8387,0.358,0.0,0.0,16,10,9.066854031861688,2,0,0,1.8614,1.1634,1.0548,0.2327,0.0,0.0,7,3,2.648147982313296,3,0,0,1.303,0.5584,0.4929,0.5584,0.0,0.0,11,6,6.019081899768667,2,0,0,1.1375,0.6205,0.6224,0.2068,0.0,0.0,12,7,5.695920114406317,3,0,0,1.3961,0.8144,0.6627,0.349,0.0,0.0,11,7,6.118504624252539,2,0,0,2.0476,1.303,1.1389,0.3723,0.0,0.0,45.2,-0.402,53.6,-0.187,51.0,-0.272,36.1,-0.53,25.0,-0.653,46.2,-0.298,33.7,-0.501,61.1,0.132,51.4,-0.097,26.4,-0.694,25.0,-0.494,46.2,-0.273,53.1,-0.192,68.3,0.158,66.3,0.084,35.8,-0.591,33.7,-0.532,48.6,-0.186,48.6,-0.19,67.3,0.491,66.8,0.355,26.0,-0.785,33.7,-0.441,48.6,-0.162,32.9,-0.626,36.3,-0.585,32.2,-0.666,43.8,-0.423,35.1,-0.551,47.8,-0.224,22.6,-0.716,37.0,-0.426,20.7,-0.772,44.7,-0.294,35.1,-0.393,47.8,-0.216,51.0,-0.319,57.7,-0.144,56.2,-0.15,40.9,-0.479,34.9,-0.508,48.8,-0.172,25.0,-0.453,50.0,0.083,48.6,0.01,33.2,-0.636,34.9,-0.4,48.8,-0.128,40.6,-0.464,51.7,-0.212,44.2,-0.387,38.2,-0.541,33.4,-0.57,47.6,-0.236,45.7,-0.293,63.9,0.372,52.9,0.001,34.6,-0.552,33.4,-0.387,47.6,-0.219,62.5,0.137,80.8,0.862,76.4,0.652,38.2,-0.543,36.3,-0.519,48.8,-0.172,59.6,-0.002,79.8,0.734,74.0,0.543,35.1,-0.603,36.3,-0.47,48.8,-0.172
e74wy7br5zhkds5s73ip0tg4,L. Smans,SC Heerenveen,Midfielder,2,0,1.329415208722093,0,0,0,1.8557,0.0,1.2335,0.0,0.0,0.0,2,0,1.329415208722093,0,0,0,1.8557,0.0,1.2335,0.0,0.0,0.0,0,0,0.0,0,0,0,0.0,0.0,0.0,0.0,0.0,0.0,1,0,0.7450039883472348,0,0,0,0.9278,0.0,0.6912,0.0,0.0,0.0,1,0,0.584411220374858,0,0,0,0.9278,0.0,0.5422,0.0,0.0,0.0,2,0,1.329415208722093,0,0,0,1.8557,0.0,1.2335,0.0,0.0,0.0,6.7,-1.011,3.6,-1.025,10.6,-0.971,5.3,-0.79,25.0,-0.653,46.2,-0.298,42.1,-0.258,3.6,-1.653,81.7,0.86,5.3,-1.212,25.0,-0.494,46.2,-0.273,13.9,-0.927,7.0,-0.976,20.7,-0.859,9.1,-0.777,33.7,-0.532,48.6,-0.186,45.9,-0.195,7.0,-1.462,77.4,0.697,9.1,-1.066,33.7,-0.441,48.6,-0.162,1.7,-1.055,6.7,-0.994,1.7,-1.038,8.2,-0.754,35.1,-0.551,47.8,-0.224,1.7,-2.171,6.7,-1.42,1.7,-1.909,8.2,-1.15,35.1,-0.393,47.8,-0.216,15.1,-0.858,11.3,-0.843,19.7,-0.803,13.9,-0.676,34.9,-0.508,48.8,-0.172,17.3,-0.728,11.3,-1.333,59.1,0.2,13.9,-0.976,34.9,-0.4,48.8,-0.128,4.3,-1.107,5.3,-1.103,8.2,-1.085,6.7,-0.845,33.4,-0.57,47.6,-0.236,6.2,-1.115,5.3,-1.582,35.1,-0.426,6.7,-1.224,33.4,-0.387,47.6,-0.219,6.7,-1.444,3.6,-1.432,10.6,-1.13,8.4,-1.058,36.3,-0.519,48.8,-0.172,51.0,-0.203,3.6,-1.467,81.2,0.741,8.4,-1.121,36.3,-0.47,48.8,-0.172
e9l5r0txzrjbenli05rn3k4wl,R. Sterling,Feyenoord Rotterdam,Midfielder,11,3,2.550570725526528,4,1,0,1.701,0.4639,0.3944,0.6186,0.1546,0.0,3,1,0.8186936079553845,1,0,0,1.3918,0.4639,0.3798,0.4639,0.0,0.0,8,2,1.731877117571143,3,1,0,1.8557,0.4639,0.4017,0.6959,0.232,0.0,5,1,1.011932461070323,3,0,0,1.1598,0.232,0.2347,0.6959,0.0,0.0,6,2,1.538638264456205,1,1,0,1.3918,0.4639,0.3569,0.232,0.232,0.0,10,2,2.179598404856653,3,1,0,1.8557,0.3711,0.4045,0.5567,0.1856,0.0,25.5,-0.75,21.9,-0.832,17.8,-0.889,31.7,-0.582,64.7,0.033,46.2,-0.298,37.0,-0.438,23.8,-0.763,10.1,-1.173,45.7,-0.317,85.8,0.51,46.2,-0.273,18.3,-0.875,20.0,-0.863,15.9,-0.921,25.2,-0.684,33.7,-0.532,48.6,-0.186,26.9,-0.605,24.0,-0.683,18.3,-0.934,34.4,-0.505,33.7,-0.441,48.6,-0.162,37.3,-0.565,27.6,-0.722,21.6,-0.795,43.8,-0.423,81.5,0.782,47.8,-0.224,49.5,-0.099,28.4,-0.594,13.0,-0.982,56.7,-0.083,92.3,1.104,47.8,-0.216,33.7,-0.642,28.4,-0.726,24.0,-0.77,48.6,-0.38,34.9,-0.508,48.8,-0.172,26.0,-0.423,25.0,-0.803,15.4,-1.062,63.9,0.167,34.9,-0.4,48.8,-0.128,23.6,-0.815,23.1,-0.848,16.3,-0.955,20.0,-0.744,78.6,0.582,47.6,-0.236,44.7,-0.301,27.6,-0.469,10.6,-1.082,23.6,-0.777,95.2,1.149,47.6,-0.219,55.5,-0.039,24.8,-0.777,20.2,-0.814,50.2,-0.286,82.9,0.847,48.8,-0.172,51.0,-0.203,19.5,-0.84,14.4,-0.99,45.0,-0.346,79.3,0.566,48.8,-0.172
ealh7n21gctxxw5ol3l3yxzze,Y. Leliendal,FC Volendam,Defender,58,20,19.93553780039213,32,0,0,2.3511,0.8107,0.8081,1.2972,0.0,0.0,40,16,13.80202005737173,22,0,0,2.3309,0.9323,0.8043,1.282,0.0,0.0,18,4,6.1335177430204,10,0,0,2.3974,0.5328,0.8169,1.3319,0.0,0.0,26,6,7.238867867971733,17,0,0,1.7315,0.3996,0.4821,1.1321,0.0,0.0,32,14,12.69666993242039,15,0,0,1.755,0.7678,0.6963,0.8227,0.0,0.0,15,5,4.27166116128774,9,0,0,2.797,0.9323,0.7965,1.6782,0.0,0.0,86.9,1.081,85.8,0.95,86.9,1.035,85.4,1.021,23.0,-0.752,45.6,-0.312,78.1,0.642,67.9,0.397,72.3,0.443,76.6,0.703,23.0,-0.666,45.6,-0.295,91.2,1.637,90.9,1.795,90.5,1.577,90.9,1.488,29.9,-0.636,47.1,-0.254,75.9,0.546,74.5,0.629,70.8,0.478,76.6,0.638,29.9,-0.51,47.1,-0.242,74.8,0.36,61.7,-0.109,71.5,0.326,76.3,0.421,33.9,-0.583,48.9,-0.173,81.8,0.675,53.3,-0.095,75.2,0.472,77.4,0.732,33.9,-0.483,48.9,-0.168,85.4,0.898,74.1,0.275,81.8,0.559,88.0,1.224,33.6,-0.568,46.7,-0.28,76.6,0.649,48.2,-0.08,62.0,0.214,84.7,1.102,33.6,-0.47,46.7,-0.245,89.4,1.222,89.4,1.527,89.1,1.459,85.0,0.788,30.7,-0.627,48.9,-0.173,77.4,0.614,81.8,0.701,78.8,0.581,63.5,0.427,30.7,-0.565,48.9,-0.158,89.1,1.226,78.8,0.753,77.4,0.585,88.3,1.194,32.5,-0.624,48.5,-0.194,88.3,1.107,76.6,0.565,73.0,0.374,86.9,1.108,32.5,-0.601,48.5,-0.194
eamuyjut271ytghb2q4ljqbpx,N. Olij,PSV Eindhoven,Goalkeeper,1,0,0.1603192946565829,0,0,0,0.989,0.0,0.1586,0.0,0.0,0.0,1,0,0.1603192946565829,0,0,0,0.989,0.0,0.1586,0.0,0.0,0.0,0,0,0.0,0,0,0,0.0,0.0,0.0,0.0,0.0,0.0,1,0,0.1603192946565829,0,0,0,0.989,0.0,0.1586,0.0,0.0,0.0,0,0,0.0,0,0,0,0.0,0.0,0.0,0.0,0.0,0.0,1,0,0.1603192946565829,0,0,0,0.989,0.0,0.1586,0.0,0.0,0.0,12.5,-0.919,25.0,-0.639,20.0,-0.546,45.0,-0.337,48.8,-0.214,51.2,0.0,40.0,-0.702,25.0,-0.769,72.5,-0.058,45.0,-0.279,48.8,-0.226,51.2,0.0,32.5,-0.725,30.0,-0.604,42.5,-0.483,45.0,-0.352,51.2,0.0,51.2,0.0,55.0,-0.031,30.0,-0.602,75.0,0.096,45.0,-0.348,51.2,0.0,51.2,0.0,6.2,-1.082,30.0,-0.588,6.2,-0.598,48.8,-0.227,48.8,-0.214,51.2,0.0,6.2,-2.167,30.0,-0.668,6.2,-0.87,48.8,-0.193,48.8,-0.221,51.2,0.0,30.0,-0.742,28.7,-0.631,42.5,-0.517,47.5,-0.281,51.2,0.0,51.2,0.0,65.0,0.253,28.7,-0.627,77.5,0.226,47.5,-0.267,51.2,0.0,51.2,0.0,5.0,-0.988,31.2,-0.567,5.0,-0.543,47.5,-0.259,48.8,-0.214,51.2,0.0,5.0,-2.841,31.2,-0.624,5.0,-0.853,47.5,-0.221,48.8,-0.226,51.2,0.0,12.5,-1.343,32.5,-0.628,20.0,-0.695,46.2,-0.294,50.0,-0.158,51.2,0.0,42.5,-0.592,32.5,-0.656,75.0,0.069,46.2,-0.294,50.0,-0.158,51.2,0.0
ecmzlwu35vg4y64kidte9v0no,M. Kleijn,Sparta Rotterdam,Defender,8,3,2.652766253693455,4,2,0,1.2465,0.4674,0.4133,0.6232,0.3116,0.0,8,3,2.652766253693455,4,2,0,1.2465,0.4674,0.4133,0.6232,0.3116,0.0,0,0,0.0,0,0,0,0.0,0.0,0.0,0.0,0.0,0.0,3,3,1.181001892149196,1,1,0,0.9348,0.9348,0.368,0.3116,0.3116,0.0,5,0,1.471764361544259,3,1,0,1.1686,0.0,0.344,0.7011,0.2337,0.0,7,3,2.615501102060485,3,2,0,1.3088,0.5609,0.489,0.5609,0.3739,0.0,23.4,-0.727,30.7,-0.639,27.0,-0.712,42.7,-0.531,77.4,0.52,45.6,-0.312,21.9,-0.814,42.3,-0.399,31.4,-0.654,49.6,-0.277,94.2,1.484,45.6,-0.295,42.0,-0.441,49.6,-0.377,46.0,-0.446,56.6,-0.315,88.3,1.161,47.1,-0.254,29.9,-0.603,46.7,-0.346,35.0,-0.562,52.6,-0.229,92.0,1.098,47.1,-0.242,3.3,-1.025,9.9,-0.855,3.3,-0.965,11.3,-0.758,33.9,-0.583,48.9,-0.173,3.3,-1.873,9.9,-1.099,3.3,-1.351,11.3,-1.059,33.9,-0.483,48.9,-0.168,18.6,-0.728,54.4,-0.276,27.0,-0.638,36.5,-0.604,78.1,0.543,46.7,-0.28,22.6,-0.64,96.4,1.556,45.3,-0.229,43.1,-0.492,97.1,1.976,46.7,-0.245,28.5,-0.697,7.3,-0.94,26.3,-0.75,47.1,-0.439,72.3,0.306,48.9,-0.173,30.7,-0.537,7.3,-1.292,25.5,-0.598,59.1,0.183,87.6,1.084,48.9,-0.158,36.9,-0.437,55.8,-0.066,48.2,-0.263,54.7,-0.269,95.3,2.049,48.5,-0.194,33.6,-0.634,54.0,-0.184,42.3,-0.402,49.6,-0.335,94.9,1.664,48.5,-0.194
ecqjg6wtntf1guejvm10redck,G. Read,Feyenoord Rotterdam,Defender,30,9,10.61814555784496,19,0,0,2.3196,0.6959,0.821,1.4691,0.0,0.0,20,7,7.576856954624437,12,0,0,2.3196,0.8119,0.8788,1.3918,0.0,0.0,10,2,3.04128860322052,7,0,0,2.3196,0.4639,0.7055,1.6237,0.0,0.0,12,6,5.946976970634847,6,0,0,1.8557,0.9278,0.9196,0.9278,0.0,0.0,18,3,4.671168587210111,13,0,0,1.5183,0.253,0.394,1.0965,0.0,0.0,13,5,4.607558439016983,8,0,0,2.4124,0.9278,0.855,1.4845,0.0,0.0,69.7,0.068,61.3,-0.078,68.6,0.094,74.5,0.301,23.0,-0.752,45.6,-0.312,77.4,0.601,62.8,0.131,74.5,0.479,82.5,0.953,23.0,-0.666,45.6,-0.295,78.5,0.338,75.9,0.291,81.0,0.448,81.8,0.486,29.9,-0.636,47.1,-0.254,74.5,0.534,66.4,0.377,81.0,0.676,80.3,0.783,29.9,-0.51,47.1,-0.242,54.7,-0.256,43.8,-0.482,53.3,-0.325,68.2,0.067,33.9,-0.583,48.9,-0.173,78.1,0.593,46.0,-0.225,70.8,0.223,87.6,1.125,33.9,-0.483,48.9,-0.168,62.8,-0.092,74.1,0.275,78.1,0.304,66.1,-0.033,33.6,-0.568,46.7,-0.28,81.8,0.85,94.9,1.535,96.4,1.912,70.8,0.705,33.6,-0.47,46.7,-0.245,70.4,0.227,48.9,-0.412,58.4,-0.12,81.8,0.584,30.7,-0.627,48.9,-0.173,63.5,0.15,26.3,-0.635,40.1,-0.431,82.5,0.974,30.7,-0.565,48.9,-0.158,81.8,0.81,78.8,0.753,81.8,0.757,83.2,0.951,32.5,-0.624,48.5,-0.194,78.1,0.657,73.0,0.556,77.4,0.521,81.8,0.858,32.5,-0.601,48.5,-0.194
egcs7b6ixb62ep08t7jznf9ih,V. Jensen,FC Utrecht,Midfielder,7,4,3.75162763392874,0,1,0,1.0895,0.6226,0.5839,0.0,0.1556,0.0,4,2,1.71247130558342,0,1,0,0.9339,0.4669,0.3998,0.0,0.2335,0.0,3,2,2.03915632834532,0,0,0,1.4008,0.9339,0.9521,0.0,0.0,0.0,3,2,1.702318111024956,0,1,0,0.9339,0.6226,0.5299,0.0,0.3113,0.0,4,2,2.049309522903784,0,0,0,1.2451,0.6226,0.6379,0.0,0.0,0.0,6,4,3.666952292570516,0,0,0,1.1206,0.7471,0.6849,0.0,0.0,0.0,19.0,-0.866,26.7,-0.767,24.0,-0.808,5.3,-0.79,64.7,0.033,46.2,-0.298,10.6,-1.149,32.7,-0.459,25.0,-0.714,5.3,-1.212,87.0,0.516,46.2,-0.273,22.4,-0.822,29.8,-0.749,25.5,-0.812,9.1,-0.777,78.1,0.456,48.6,-0.186,12.5,-1.01,28.1,-0.678,21.2,-0.896,9.1,-1.066,91.8,0.852,48.6,-0.162,15.9,-0.871,27.6,-0.722,26.4,-0.751,8.2,-0.754,35.1,-0.551,47.8,-0.224,28.4,-0.607,63.9,0.243,69.2,0.287,8.2,-1.15,35.1,-0.393,47.8,-0.216,25.2,-0.75,38.5,-0.61,31.2,-0.685,13.9,-0.676,80.8,0.604,48.8,-0.172,20.2,-0.72,50.5,0.088,34.1,-0.246,13.9,-0.976,96.2,1.995,48.8,-0.128,15.9,-0.931,23.1,-0.848,21.2,-0.885,6.7,-0.845,33.4,-0.57,47.6,-0.236,33.2,-0.558,45.7,-0.088,51.0,-0.087,6.7,-1.224,33.4,-0.387,47.6,-0.219,23.1,-0.742,51.4,-0.121,47.1,-0.26,8.4,-1.058,36.3,-0.519,48.8,-0.172,15.9,-0.973,50.5,-0.205,41.8,-0.405,8.4,-1.121,36.3,-0.47,48.8,-0.172
ei9h1loyggj8fnf1q4jfdm710,T. van Bergen,FC Groningen,Forward,47,27,28.70629445866293,6,4,0,1.3258,0.7616,0.8097,0.1692,0.1128,0.0,25,12,13.69266476400118,5,3,0,1.4545,0.6981,0.7966,0.2909,0.1745,0.0,22,15,15.01362969466175,1,1,0,1.2046,0.8213,0.8221,0.0548,0.0548,0.0,23,13,13.12962571910976,3,1,0,1.1894,0.6723,0.679,0.1551,0.0517,0.0,24,14,15.57666873955317,3,3,0,1.1758,0.6859,0.7631,0.147,0.147,0.0,5,3,2.999374431581773,1,1,0,0.9309,0.5585,0.5584,0.1862,0.1862,0.0,91.1,1.023,94.3,1.461,93.7,1.591,77.8,0.038,81.6,0.494,50.0,-0.113,49.4,-0.274,73.4,0.305,74.7,0.346,48.7,-0.476,41.8,-0.421,50.0,-0.113,92.4,0.961,89.2,0.915,92.4,1.231,83.5,0.408,86.7,1.154,50.6,0.0,60.8,0.016,62.0,0.152,69.6,0.298,55.7,-0.178,65.8,-0.109,50.6,0.0,89.9,1.068,94.9,2.198,93.7,2.003,54.4,-0.346,61.4,-0.11,50.0,-0.113,39.2,-0.213,81.0,0.588,82.3,0.529,50.6,-0.572,43.0,-0.541,50.0,-0.113,90.5,1.067,94.9,1.544,93.7,1.6,81.0,0.07,71.5,0.219,50.6,0.0,58.2,0.23,74.7,0.493,70.9,0.528,55.7,-0.296,62.0,-0.299,50.6,0.0,88.6,0.931,90.5,1.323,94.9,1.524,75.3,-0.003,84.2,0.534,50.0,-0.113,53.2,-0.083,78.5,0.625,89.9,0.839,43.0,-0.415,54.4,-0.251,50.0,-0.113,31.6,-0.363,64.6,0.098,57.0,-0.059,54.4,-0.264,62.7,-0.034,50.6,0.0,17.7,-0.6,58.2,-0.051,46.8,-0.255,56.3,-0.32,62.0,-0.128,50.6,0.0
ekjy3o3ymld0zkjdaynb4itat,O. Zawada,FC Groningen,Forward,13,2,3.634470476878437,0,10,0,1.3506,0.2078,0.3776,0.0,1.039,0.0,9,2,2.658995854951985,0,7,0,1.4026,0.3117,0.4144,0.0,1.0909,0.0,4,0,0.975474621926452,0,3,0,1.2468,0.0,0.304,0.0,0.9351,0.0,0,0,0.0,0,0,0,0.0,0.0,0.0,0.0,0.0,0.0,13,2,3.634470476878437,0,10,0,1.3506,0.2078,0.3776,0.0,1.039,0.0,7,2,1.925373433020817,0,5,0,1.3091,0.374,0.3601,0.0,0.9351,0.0,54.4,-0.269,31.6,-0.518,40.5,-0.446,13.9,-0.568,95.6,2.321,50.0,-0.113,53.2,-0.237,19.0,-0.866,19.0,-0.821,13.9,-0.862,98.7,2.855,50.0,-0.113,61.4,-0.108,49.4,-0.358,54.4,-0.316,19.0,-0.545,100.0,3.651,50.6,0.0,57.0,-0.043,36.7,-0.534,32.9,-0.508,19.0,-0.853,98.7,2.975,50.6,0.0,38.6,-0.464,13.9,-0.728,24.1,-0.601,25.3,-0.542,89.9,0.859,50.0,-0.113,46.8,-0.16,13.9,-1.082,21.5,-0.762,25.3,-0.68,92.4,2.098,50.0,-0.113,10.8,-0.641,17.1,-0.59,10.8,-0.673,25.3,-0.464,30.4,-0.604,50.6,0.0,10.8,-1.614,17.1,-1.018,10.8,-1.391,25.3,-0.764,30.4,-0.478,50.6,0.0,72.2,0.115,40.5,-0.431,57.0,-0.236,18.4,-0.628,96.2,3.293,50.0,-0.113,72.2,0.279,27.8,-0.718,31.6,-0.52,18.4,-0.805,98.7,2.512,50.0,-0.113,60.8,-0.031,47.5,-0.27,30.4,-0.483,20.9,-0.547,96.8,2.677,50.6,0.0,60.8,-0.22,44.3,-0.391,20.3,-0.699,20.9,-0.595,94.9,2.353,50.6,0.0
ekur9x1kzp8wq0lwfwev0b0bu,K. de Rooij,PEC Zwolle,Midfielder,38,17,19.03576843752928,6,0,0,1.6959,0.7587,0.8495,0.2678,0.0,0.0,20,7,8.850578052197415,6,0,0,1.8744,0.656,0.8295,0.5623,0.0,0.0,18,10,10.18519038533186,0,0,0,1.5336,0.852,0.8678,0.0,0.0,0.0,19,7,9.322681783775113,4,0,0,1.2719,0.4686,0.6241,0.2678,0.0,0.0,19,10,9.713086653754164,2,0,0,1.4839,0.781,0.7586,0.1562,0.0,0.0,9,4,4.177002762084564,1,0,0,1.687,0.7498,0.7829,0.1874,0.0,0.0,60.3,0.033,64.4,0.071,67.8,0.221,39.9,-0.478,25.0,-0.653,46.2,-0.298,36.1,-0.444,43.3,-0.198,52.9,-0.071,20.7,-0.825,25.0,-0.494,46.2,-0.273,60.8,0.018,53.6,-0.182,65.4,0.058,53.6,-0.218,33.7,-0.532,48.6,-0.186,51.4,-0.178,41.8,-0.361,49.5,-0.075,42.3,-0.386,33.7,-0.441,48.6,-0.162,62.3,0.048,72.4,0.369,73.1,0.394,8.2,-0.754,35.1,-0.551,47.8,-0.224,35.1,-0.459,56.7,0.097,61.5,0.093,8.2,-1.15,35.1,-0.393,47.8,-0.216,65.1,0.113,62.5,-0.027,71.6,0.26,54.1,-0.281,34.9,-0.508,48.8,-0.172,34.1,-0.276,40.9,-0.264,49.0,0.014,38.0,-0.536,34.9,-0.4,48.8,-0.128,57.0,-0.056,63.7,0.169,64.4,0.161,31.2,-0.642,33.4,-0.57,47.6,-0.236,53.4,-0.139,60.1,0.292,64.4,0.34,18.3,-0.923,33.4,-0.387,47.6,-0.219,47.4,-0.215,51.4,-0.121,57.7,-0.07,23.8,-0.801,36.3,-0.519,48.8,-0.172,45.7,-0.38,52.4,-0.2,53.4,-0.2,26.0,-0.86,36.3,-0.47,48.8,-0.172
ely6vpyueden4b6ozfmspwgk5,J. Toornstra,Sparta Rotterdam,Midfielder,21,4,8.244419423759004,7,0,0,1.9402,0.3696,0.7617,0.6467,0.0,0.0,6,1,1.723176973215309,3,0,0,1.3859,0.231,0.398,0.6929,0.0,0.0,15,3,6.521242450543695,4,0,0,2.3098,0.462,1.0042,0.6159,0.0,0.0,13,3,5.079695639298349,4,0,0,1.7158,0.396,0.6705,0.528,0.0,0.0,8,1,3.164723784460654,3,0,0,1.0559,0.132,0.4177,0.396,0.0,0.0,9,2,2.83926060212769,4,0,0,1.663,0.3696,0.5246,0.7391,0.0,0.0,42.1,-0.46,26.7,-0.767,40.9,-0.506,44.0,-0.426,25.0,-0.653,46.2,-0.298,49.5,-0.16,15.9,-0.944,40.4,-0.283,48.1,-0.276,25.0,-0.494,46.2,-0.273,29.3,-0.717,20.0,-0.863,26.4,-0.811,41.8,-0.498,33.7,-0.532,48.6,-0.186,26.4,-0.61,15.4,-1.074,20.7,-0.9,49.5,-0.228,33.7,-0.441,48.6,-0.162,55.3,-0.136,36.3,-0.585,58.2,-0.121,52.6,-0.313,35.1,-0.551,47.8,-0.224,70.7,0.408,26.0,-0.597,73.1,0.407,51.9,-0.206,35.1,-0.393,47.8,-0.216,55.5,-0.211,45.4,-0.493,52.9,-0.266,54.1,-0.281,34.9,-0.508,48.8,-0.172,62.5,0.307,33.2,-0.429,54.8,0.143,54.8,-0.109,34.9,-0.4,48.8,-0.128,30.3,-0.698,14.9,-0.976,29.8,-0.733,38.2,-0.541,33.4,-0.57,47.6,-0.236,17.8,-0.89,10.6,-1.266,18.8,-0.867,39.9,-0.461,33.4,-0.387,47.6,-0.219,47.4,-0.215,24.8,-0.777,33.2,-0.568,60.1,-0.028,36.3,-0.519,48.8,-0.172,38.9,-0.405,15.9,-0.843,25.5,-0.739,52.4,-0.093,36.3,-0.47,48.8,-0.172
emglxnqrlqskt8krglv7sziwa,R. Pepi,PSV Eindhoven,Forward,8,3,4.551083909537581,1,1,0,1.2485,0.4682,0.7103,0.1561,0.1561,0.0,5,2,2.807309727611909,1,0,0,1.1705,0.4682,0.6572,0.2341,0.0,0.0,3,1,1.743774181925672,0,1,0,1.4046,0.4682,0.8164,0.0,0.4682,0.0,3,0,1.31100718374436,0,1,0,0.9364,0.0,0.4092,0.0,0.3121,0.0,5,3,3.24007672579322,1,0,0,0.9364,0.5618,0.6068,0.1873,0.0,0.0,7,3,4.293364129960046,1,0,0,1.3109,0.5618,0.804,0.1873,0.0,0.0,39.9,-0.459,41.8,-0.439,49.4,-0.372,38.0,-0.467,43.0,-0.42,50.0,-0.113,41.8,-0.39,38.0,-0.316,63.3,0.077,46.8,-0.506,53.2,-0.268,50.0,-0.113,47.5,-0.376,49.4,-0.358,55.7,-0.295,50.0,-0.355,24.1,-0.719,50.6,0.0,45.6,-0.303,48.1,-0.256,62.0,0.004,50.6,-0.31,24.1,-0.696,50.6,0.0,29.1,-0.55,34.2,-0.533,41.8,-0.458,25.3,-0.542,61.4,-0.11,50.0,-0.113,62.0,0.038,52.5,-0.13,79.7,0.515,25.3,-0.68,86.7,0.698,50.0,-0.113,45.6,-0.418,17.1,-0.59,40.5,-0.446,25.3,-0.464,71.5,0.219,50.6,0.0,45.6,-0.162,17.1,-1.018,36.7,-0.234,25.3,-0.764,86.7,0.605,50.6,0.0,36.1,-0.478,50.6,-0.285,49.4,-0.295,45.6,-0.42,21.5,-0.649,50.0,-0.113,31.6,-0.578,60.8,0.277,63.3,0.288,53.2,-0.308,21.5,-0.706,50.0,-0.113,60.8,-0.031,64.6,0.098,78.5,0.452,54.4,-0.264,24.1,-0.712,50.6,0.0,64.6,-0.218,62.0,-0.045,74.7,0.296,60.8,-0.318,24.1,-0.745,50.6,0.0
enimk3ibb10vk3f8vrmmhq7oq,S. El Karouani,FC Utrecht,Defender,137,49,41.64414646830519,99,2,1,3.9353,1.4075,1.1962,2.8438,0.0574,0.0287,82,31,25.03963606106797,57,2,0,4.1874,1.5831,1.2787,2.9108,0.1021,0.0,55,18,16.60451040723722,42,0,1,3.6111,1.1818,1.0902,2.7576,0.0,0.0657,64,24,19.79169429378079,46,1,1,2.1788,0.8171,0.6738,1.566,0.034,0.034,73,25,21.85245217452441,53,1,0,2.3965,0.8207,0.7174,1.7399,0.0328,0.0,26,11,9.290432373789695,17,0,0,4.7798,2.0222,1.7079,3.1253,0.0,0.0,100.0,3.938,99.6,3.66,100.0,3.23,100.0,4.735,77.4,0.52,95.3,2.743,98.5,2.731,97.8,1.78,94.9,1.522,100.0,2.95,52.6,-0.27,91.2,1.337,100.0,4.363,100.0,4.3,100.0,3.616,100.0,4.994,88.3,1.161,47.1,-0.254,98.5,2.514,97.1,1.994,94.2,1.74,99.3,2.782,67.9,0.017,47.1,-0.242,98.5,3.207,98.2,2.502,97.8,2.531,100.0,4.195,33.9,-0.583,98.9,5.745,96.4,1.965,89.8,1.128,91.2,1.081,97.8,2.649,33.9,-0.483,97.8,4.377,99.3,3.583,99.3,3.579,97.8,3.04,100.0,4.536,78.1,0.543,96.7,3.551,94.9,1.373,86.1,1.196,83.9,0.958,97.8,1.945,67.2,-0.203,94.2,1.242,100.0,4.137,100.0,3.465,99.3,3.26,100.0,4.675,72.3,0.306,48.9,-0.173,95.6,1.874,85.4,0.838,81.8,0.651,97.1,2.261,61.3,-0.334,48.9,-0.158,100.0,3.513,99.3,3.211,98.5,3.157,98.2,3.146,32.5,-0.624,48.5,-0.194,100.0,3.426,97.8,2.762,97.1,2.673,97.8,2.976,32.5,-0.601,48.5,-0.194
eoodvdqfvhql03i8kv9l14qvo,T. Kraaijeveld,Feyenoord Rotterdam,Defender,7,3,2.84768800929782,1,0,0,1.3071,0.5602,0.5317,0.1867,0.0,0.0,1,1,0.6898691697728556,0,0,0,0.9336,0.9336,0.6441,0.0,0.0,0.0,6,2,2.157818839524964,1,0,0,1.4004,0.4668,0.5036,0.2334,0.0,0.0,4,2,1.376359964402326,0,0,0,1.2448,0.6224,0.4283,0.0,0.0,0.0,3,1,1.471328044895494,1,0,0,1.4004,0.4668,0.6868,0.4668,0.0,0.0,7,3,2.84768800929782,1,0,0,1.3071,0.5602,0.5317,0.1867,0.0,0.0,18.6,-0.763,30.7,-0.639,28.5,-0.692,18.2,-0.697,23.0,-0.752,45.6,-0.312,27.0,-0.734,49.6,-0.184,48.9,-0.325,22.6,-0.911,23.0,-0.666,45.6,-0.295,7.3,-0.895,22.6,-0.711,12.4,-0.802,11.7,-0.716,29.9,-0.636,47.1,-0.254,13.9,-0.935,75.2,0.632,58.4,0.052,11.7,-1.05,29.9,-0.51,47.1,-0.242,37.6,-0.563,43.8,-0.482,43.8,-0.511,28.8,-0.641,33.9,-0.583,48.9,-0.173,41.6,-0.384,48.9,-0.219,44.5,-0.227,32.8,-0.745,33.9,-0.483,48.9,-0.168,24.5,-0.657,43.1,-0.46,30.7,-0.6,14.6,-0.718,33.6,-0.568,46.7,-0.28,44.5,-0.139,72.3,0.601,55.5,0.005,14.6,-1.098,33.6,-0.47,46.7,-0.245,15.7,-0.84,21.9,-0.764,25.5,-0.75,25.5,-0.643,30.7,-0.627,48.9,-0.173,55.5,-0.082,52.6,-0.08,76.6,0.549,51.1,-0.285,30.7,-0.565,48.9,-0.158,36.9,-0.437,55.8,-0.066,51.1,-0.144,24.1,-0.757,32.5,-0.624,48.5,-0.194,32.8,-0.636,52.9,-0.185,47.4,-0.294,25.9,-0.818,32.5,-0.601,48.5,-0.194
es363spp9pgd4hralx6ni2xw4,M. Chávez,Alkmaar Zaanstreek,Defender,26,11,10.37996504603388,11,1,1,2.6887,1.1375,1.0734,1.1375,0.1034,0.1034,21,9,8.954723298391164,8,1,1,2.7921,1.1966,1.1906,1.0637,0.133,0.133,5,2,1.425241747642716,3,0,0,2.3268,0.9307,0.6632,1.3961,0.0,0.0,9,2,2.876575598900033,4,0,0,2.0941,0.4654,0.6693,0.9307,0.0,0.0,17,9,7.503389447133847,7,1,1,1.758,0.9307,0.7759,0.7239,0.1034,0.1034,13,5,4.116735008100779,7,0,0,2.4199,0.9307,0.7663,1.303,0.0,0.0,64.6,-0.076,72.3,0.108,67.9,0.069,63.1,-0.143,57.7,-0.116,95.3,2.743,85.4,1.087,89.1,1.154,89.1,1.18,70.1,0.471,66.4,0.048,100.0,5.584,81.0,0.403,83.6,0.625,83.2,0.698,70.1,0.086,71.2,0.262,96.7,3.22,85.4,1.035,88.3,1.183,90.5,1.506,65.7,0.351,75.5,0.176,98.5,3.873,31.4,-0.64,43.8,-0.482,29.9,-0.665,53.6,-0.405,33.9,-0.583,48.9,-0.173,78.8,0.6,81.0,0.655,63.5,0.129,81.0,0.819,33.9,-0.483,48.9,-0.168,52.9,-0.304,43.1,-0.46,55.5,-0.303,58.4,-0.261,33.6,-0.568,46.7,-0.28,90.5,1.236,55.1,0.121,83.2,0.941,73.7,0.711,33.6,-0.47,46.7,-0.245,68.6,0.156,80.3,0.646,73.7,0.437,66.4,-0.03,72.3,0.306,98.9,5.745,78.1,0.62,93.4,1.124,89.1,0.847,61.3,0.229,73.0,0.164,100.0,9.239,81.8,0.81,78.8,0.753,74.5,0.506,78.5,0.707,32.5,-0.624,48.5,-0.194,79.6,0.666,75.9,0.562,70.8,0.298,77.4,0.623,32.5,-0.601,48.5,-0.194
etvamcwttnlg4sfxfulgzm7yt,K. Lamprou,NAC Breda,Goalkeeper,1,0,0.2037888183908217,0,0,0,0.9184,0.0,0.1872,0.0,0.0,0.0,0,0,0.0,0,0,0,0.0,0.0,0.0,0.0,0.0,0.0,1,0,0.2037888183908217,0,0,0,0.9184,0.0,0.1872,0.0,0.0,0.0,0,0,0.0,0,0,0,0.0,0.0,0.0,0.0,0.0,0.0,1,0,0.2037888183908217,0,0,0,0.9184,0.0,0.1872,0.0,0.0,0.0,1,0,0.2037888183908217,0,0,0,0.9184,0.0,0.1872,0.0,0.0,0.0,12.5,-0.919,25.0,-0.639,30.0,-0.535,45.0,-0.337,48.8,-0.214,51.2,0.0,10.0,-0.895,25.0,-0.769,82.5,0.113,45.0,-0.279,48.8,-0.226,51.2,0.0,11.2,-0.86,30.0,-0.604,11.2,-0.567,45.0,-0.352,51.2,0.0,51.2,0.0,11.2,-1.569,30.0,-0.602,11.2,-0.847,45.0,-0.348,51.2,0.0,51.2,0.0,18.8,-0.921,30.0,-0.588,37.5,-0.494,48.8,-0.227,48.8,-0.214,51.2,0.0,18.8,-0.482,30.0,-0.668,75.0,0.102,48.8,-0.193,48.8,-0.221,51.2,0.0,11.2,-0.898,28.7,-0.631,11.2,-0.62,47.5,-0.281,51.2,0.0,51.2,0.0,11.2,-1.785,28.7,-0.627,11.2,-0.867,47.5,-0.267,51.2,0.0,51.2,0.0,20.0,-0.853,31.2,-0.567,45.0,-0.458,47.5,-0.259,48.8,-0.214,51.2,0.0,16.2,-0.362,31.2,-0.624,87.5,0.233,47.5,-0.221,48.8,-0.226,51.2,0.0,12.5,-1.343,32.5,-0.628,30.0,-0.635,46.2,-0.294,50.0,-0.158,51.2,0.0,10.0,-0.786,32.5,-0.656,77.5,0.302,46.2,-0.294,50.0,-0.158,51.2,0.0
eu6pfkiah7otafyryg6ll7y09,L. Brouwers,SC Heerenveen,Midfielder,33,20,18.15606952562854,6,0,0,1.4542,0.8813,0.8001,0.2644,0.0,0.0,11,6,6.11105364144144,2,0,0,1.4542,0.7932,0.8079,0.2644,0.0,0.0,22,14,12.0450158841871,4,0,0,1.4542,0.9254,0.7962,0.2644,0.0,0.0,14,6,6.179225755746236,3,0,0,1.2955,0.5552,0.5718,0.2776,0.0,0.0,19,14,11.9768437698823,3,0,0,1.1721,0.8637,0.7389,0.1851,0.0,0.0,9,5,4.646695615911118,4,0,0,1.6657,0.9254,0.86,0.7403,0.0,0.0,56.0,-0.112,69.0,0.264,67.3,0.161,39.9,-0.478,25.0,-0.653,46.2,-0.298,26.4,-0.725,55.3,0.037,45.7,-0.19,20.2,-0.83,25.0,-0.494,46.2,-0.273,43.5,-0.455,49.3,-0.296,50.0,-0.276,35.8,-0.591,33.7,-0.532,48.6,-0.186,30.8,-0.55,50.0,-0.131,48.1,-0.117,26.9,-0.746,33.7,-0.441,48.6,-0.162,71.4,0.294,82.9,0.915,79.3,0.656,52.6,-0.313,35.1,-0.551,47.8,-0.224,29.8,-0.548,60.1,0.228,51.9,-0.073,25.0,-0.745,35.1,-0.393,47.8,-0.216,58.2,-0.157,57.7,-0.144,57.2,-0.13,48.6,-0.38,34.9,-0.508,48.8,-0.172,34.6,-0.245,44.7,-0.066,40.4,-0.13,38.5,-0.52,34.9,-0.4,48.8,-0.128,57.0,-0.056,78.4,0.678,71.6,0.47,38.2,-0.541,33.4,-0.57,47.6,-0.236,26.9,-0.686,71.6,0.49,61.1,0.27,19.7,-0.867,33.4,-0.387,47.6,-0.219,47.4,-0.215,64.4,0.206,62.0,0.104,60.1,-0.028,36.3,-0.519,48.8,-0.172,39.4,-0.402,57.0,0.096,57.7,-0.039,53.4,-0.091,36.3,-0.47,48.8,-0.172
eu901b75l2ly5p48jdw6kwmad,M. Amevor,FC Volendam,Defender,12,3,3.554791914439978,1,0,0,0.9348,0.2337,0.2769,0.0779,0.0,0.0,9,1,2.518479542456213,1,0,0,0.9348,0.1039,0.2616,0.1039,0.0,0.0,3,2,1.036312371983765,0,0,0,0.9348,0.6232,0.3229,0.0,0.0,0.0,7,2,2.064772749547328,0,0,0,0.9348,0.2671,0.2757,0.0,0.0,0.0,5,1,1.49001916489265,1,0,0,0.9348,0.187,0.2786,0.187,0.0,0.0,5,1,1.994558901479079,0,0,0,0.9348,0.187,0.3729,0.0,0.0,0.0,33.2,-0.583,30.7,-0.639,32.1,-0.62,18.2,-0.697,23.0,-0.752,45.6,-0.312,4.0,-1.225,13.1,-0.941,8.0,-1.034,12.4,-1.069,23.0,-0.666,45.6,-0.295,46.0,-0.376,22.6,-0.711,43.1,-0.47,30.3,-0.616,29.9,-0.636,47.1,-0.254,15.0,-0.934,16.1,-1.108,12.4,-0.966,23.4,-0.913,29.9,-0.51,47.1,-0.242,16.8,-0.794,43.8,-0.482,19.7,-0.747,11.3,-0.758,33.9,-0.583,48.9,-0.173,15.7,-0.879,59.9,0.075,27.7,-0.63,11.3,-1.059,33.9,-0.483,48.9,-0.168,43.8,-0.445,43.1,-0.46,43.8,-0.464,14.6,-0.718,33.6,-0.568,46.7,-0.28,22.6,-0.64,35.8,-0.485,27.7,-0.587,14.6,-1.098,33.6,-0.47,46.7,-0.245,28.5,-0.697,21.9,-0.764,27.0,-0.746,25.5,-0.643,30.7,-0.627,48.9,-0.173,14.2,-0.996,17.5,-0.807,14.6,-0.817,24.1,-0.845,30.7,-0.565,48.9,-0.158,16.4,-0.853,19.3,-0.885,34.3,-0.581,7.7,-1.0,32.5,-0.624,48.5,-0.194,7.7,-1.071,18.6,-0.938,27.0,-0.695,7.7,-1.059,32.5,-0.601,48.5,-0.194
ewwo2c7kw1b1okrngjl4j4dm1,S. Lammers,FC Twente,Forward,23,11,13.59552630604803,1,4,1,1.4357,0.6866,0.8487,0.0624,0.2497,0.0624,15,8,9.995919436051029,1,1,0,1.5605,0.8323,1.0399,0.104,0.104,0.0,8,3,3.599606869997003,0,3,1,1.2484,0.4682,0.5617,0.0,0.4682,0.1561,10,6,5.679957983499136,1,2,0,1.5605,0.9363,0.8864,0.1561,0.3121,0.0,13,5,7.915568322548895,0,2,1,1.2172,0.4682,0.7412,0.0,0.1873,0.0936,9,6,5.605211188610657,0,1,0,1.6854,1.1236,1.0497,0.0,0.1873,0.0,75.3,0.111,78.5,0.194,78.5,0.363,38.0,-0.467,81.6,0.494,100.0,8.776,57.0,-0.11,64.6,0.146,81.0,0.451,27.8,-0.72,68.4,0.063,100.0,8.776,78.5,0.293,81.6,0.406,86.1,0.713,50.0,-0.355,61.4,-0.095,50.6,0.0,64.6,0.135,73.4,0.391,82.3,0.812,40.5,-0.612,54.4,-0.346,50.6,0.0,63.9,-0.124,62.7,-0.143,64.6,-0.114,25.3,-0.542,89.9,0.859,100.0,8.776,48.1,-0.158,52.5,-0.13,41.8,-0.12,25.3,-0.68,86.7,0.698,100.0,8.776,76.6,0.102,81.6,0.395,82.3,0.31,60.1,-0.286,88.0,1.041,50.6,0.0,84.8,0.805,91.1,1.086,89.9,1.115,58.2,-0.293,86.7,0.605,50.6,0.0,72.2,0.115,70.9,0.007,82.3,0.395,18.4,-0.628,74.1,0.14,100.0,8.776,57.0,0.003,46.8,0.014,87.3,0.762,18.4,-0.805,64.6,-0.126,100.0,8.776,81.0,0.3,90.5,1.2,87.3,0.969,20.9,-0.547,62.7,-0.034,50.6,0.0,78.5,0.159,88.6,0.992,86.1,0.847,20.9,-0.595,68.4,-0.125,50.6,0.0
eytcfp4cu6qkar65kf0p5rm96,J. Dirksen,Go Ahead Eagles,Goalkeeper,10,3,1.689546185221093,3,0,0,1.1732,0.352,0.1982,0.352,0.0,0.0,5,1,0.8403166741200546,1,0,0,0.9386,0.1877,0.1577,0.1877,0.0,0.0,5,2,0.8492295111010386,2,0,0,1.5643,0.6257,0.2657,0.6257,0.0,0.0,5,1,0.7192770835730918,0,0,0,1.1732,0.2346,0.1688,0.0,0.0,0.0,5,2,0.9702691016480015,3,0,0,0.9386,0.3754,0.1821,0.5632,0.0,0.0,6,2,1.013261515790945,3,0,0,1.1263,0.3754,0.1902,0.5632,0.0,0.0,55.0,-0.235,76.2,0.232,62.5,-0.15,98.8,3.704,48.8,-0.214,51.2,0.0,42.5,-0.199,85.0,0.986,85.0,0.179,100.0,5.557,48.8,-0.226,51.2,0.0,60.0,-0.185,70.0,-0.029,67.5,-0.129,93.8,1.992,51.2,0.0,51.2,0.0,47.5,-0.109,80.0,0.21,72.5,0.091,100.0,3.604,51.2,0.0,51.2,0.0,53.8,-0.277,80.0,0.435,65.0,-0.167,98.8,4.304,48.8,-0.214,51.2,0.0,82.5,0.703,92.5,1.76,87.5,0.51,100.0,5.982,48.8,-0.221,51.2,0.0,60.0,-0.121,67.5,0.0,70.0,-0.157,47.5,-0.281,51.2,0.0,51.2,0.0,82.5,0.632,85.0,0.526,85.0,0.296,47.5,-0.267,51.2,0.0,51.2,0.0,55.0,-0.314,80.0,0.378,70.0,-0.139,98.8,4.185,48.8,-0.214,51.2,0.0,40.0,-0.307,87.5,1.237,85.0,0.204,100.0,5.803,48.8,-0.226,51.2,0.0,61.3,0.424,87.5,1.167,85.0,0.493,100.0,4.753,50.0,-0.158,51.2,0.0,65.0,-0.214,90.0,1.052,82.5,0.327,100.0,4.776,50.0,-0.158,51.2,0.0
eyzcfyn1crjcgmm98uk9u8oyy,É. Michut,Fortuna Sittard,Midfielder,20,5,8.576248457123128,8,1,0,1.5377,0.3844,0.6594,0.6151,0.0769,0.0,9,1,3.425216494651621,5,1,0,1.1862,0.1318,0.4514,0.659,0.1318,0.0,11,4,5.151031962471508,3,0,0,2.0297,0.7381,0.9505,0.5536,0.0,0.0,6,3,3.078156608332118,1,1,0,1.3839,0.692,0.71,0.2307,0.2307,0.0,14,2,5.498091848791011,7,0,0,1.2916,0.1845,0.5073,0.6458,0.0,0.0,7,1,3.02346007238314,2,1,0,1.2916,0.1845,0.5579,0.369,0.1845,0.0,40.4,-0.489,32.0,-0.703,42.3,-0.484,47.6,-0.374,64.7,0.033,46.2,-0.298,29.3,-0.628,18.3,-0.916,34.1,-0.531,44.5,-0.322,72.1,0.005,46.2,-0.273,38.5,-0.56,20.0,-0.863,35.6,-0.604,49.5,-0.311,78.1,0.456,48.6,-0.186,21.6,-0.786,14.4,-1.241,24.0,-0.798,48.1,-0.269,80.3,0.289,48.6,-0.162,44.0,-0.381,44.0,-0.449,51.4,-0.314,43.8,-0.423,35.1,-0.551,47.8,-0.224,57.7,0.095,47.6,-0.106,68.8,0.283,44.2,-0.301,35.1,-0.393,47.8,-0.216,38.0,-0.589,45.4,-0.493,43.8,-0.514,31.7,-0.578,80.8,0.604,48.8,-0.172,38.5,-0.129,61.5,0.246,62.0,0.252,34.1,-0.597,92.8,1.375,48.8,-0.128,46.2,-0.348,23.1,-0.848,42.8,-0.414,59.1,-0.136,33.4,-0.57,47.6,-0.236,35.6,-0.477,12.0,-1.14,28.4,-0.549,58.2,0.02,33.4,-0.387,47.6,-0.219,31.2,-0.566,12.5,-1.104,36.1,-0.5,38.2,-0.543,82.9,0.847,48.8,-0.172,22.6,-0.794,7.7,-1.155,28.8,-0.67,31.2,-0.607,76.2,0.56,48.8,-0.172
f07qmqesi1rpw7eapoz9rb0gk,J. Baas,Sparta Rotterdam,Midfielder,23,13,7.93116398273894,5,1,0,1.4195,0.8023,0.4895,0.3086,0.0617,0.0,15,11,5.911627932089248,4,1,0,1.7358,1.2729,0.6841,0.4629,0.1157,0.0,8,2,2.019536050649692,1,0,0,1.058,0.2645,0.2671,0.1323,0.0,0.0,13,7,4.5747607322562,3,0,0,1.3372,0.72,0.4706,0.3086,0.0,0.0,10,6,3.35640325048274,2,1,0,1.0286,0.6172,0.3452,0.2057,0.1029,0.0,7,2,2.817033413143719,1,0,0,1.2961,0.3703,0.5216,0.1852,0.0,0.0,45.2,-0.402,53.6,-0.187,39.4,-0.527,36.1,-0.53,64.7,0.033,46.2,-0.298,25.5,-0.765,49.0,-0.114,18.8,-0.943,23.6,-0.766,66.3,-0.093,46.2,-0.273,51.2,-0.244,72.1,0.272,49.0,-0.301,45.9,-0.404,78.1,0.456,48.6,-0.186,41.3,-0.301,75.0,0.675,39.9,-0.353,33.7,-0.506,77.4,0.199,48.6,-0.162,37.3,-0.565,27.6,-0.722,26.0,-0.754,22.6,-0.644,35.1,-0.551,47.8,-0.224,15.9,-0.99,13.9,-0.949,6.7,-1.293,18.3,-0.947,35.1,-0.393,47.8,-0.216,55.5,-0.211,62.5,-0.027,51.9,-0.329,48.6,-0.38,34.9,-0.508,48.8,-0.172,36.1,-0.19,65.9,0.31,29.3,-0.41,40.4,-0.469,34.9,-0.4,48.8,-0.128,36.1,-0.581,47.1,-0.339,30.8,-0.707,31.2,-0.642,78.6,0.582,47.6,-0.236,16.8,-0.938,43.3,-0.101,10.1,-1.123,21.6,-0.828,83.2,0.294,47.6,-0.219,31.2,-0.566,24.8,-0.777,32.2,-0.577,23.8,-0.801,36.3,-0.519,48.8,-0.172,24.0,-0.789,18.3,-0.841,25.0,-0.746,20.2,-0.863,36.3,-0.47,48.8,-0.172
f2snk84xy67ergwrwoblgt2ad,T. Bruns,Heracles Almelo,Midfielder,32,13,11.20430869028721,12,1,0,1.8708,0.76,0.655,0.7016,0.0585,0.0,20,7,6.651410364605353,9,1,0,2.0787,0.7275,0.6913,0.9354,0.1039,0.0,12,6,4.552898325681855,3,0,0,1.6036,0.8018,0.6084,0.4009,0.0,0.0,10,3,2.349685699859183,4,1,0,1.559,0.4677,0.3663,0.6236,0.1559,0.0,22,10,8.854622990428025,8,0,0,1.4699,0.6682,0.5916,0.5345,0.0,0.0,9,5,3.003988774643674,4,0,0,1.6837,0.9354,0.562,0.7483,0.0,0.0,55.0,-0.141,53.6,-0.187,50.0,-0.307,57.7,-0.166,64.7,0.033,46.2,-0.298,45.2,-0.241,44.2,-0.195,32.7,-0.542,53.8,-0.197,64.4,-0.114,46.2,-0.273,60.8,0.018,53.6,-0.182,52.9,-0.21,69.7,0.061,78.1,0.456,48.6,-0.186,55.8,0.002,45.7,-0.241,40.4,-0.339,65.4,0.065,75.5,0.134,48.6,-0.162,47.6,-0.32,56.7,-0.176,45.2,-0.398,43.8,-0.423,35.1,-0.551,47.8,-0.224,39.9,-0.381,53.8,0.008,32.7,-0.506,32.2,-0.535,35.1,-0.393,47.8,-0.216,48.1,-0.373,45.4,-0.493,38.5,-0.604,54.1,-0.281,80.8,0.604,48.8,-0.172,51.9,0.101,39.9,-0.266,22.1,-0.698,60.1,0.048,89.9,0.799,48.8,-0.128,64.2,0.12,63.7,0.169,61.5,0.044,65.1,-0.035,33.4,-0.57,47.6,-0.236,51.0,-0.164,52.4,0.021,43.8,-0.251,48.1,-0.195,33.4,-0.387,47.6,-0.219,47.4,-0.215,64.4,0.206,35.6,-0.507,60.1,-0.028,36.3,-0.519,48.8,-0.172,44.7,-0.383,63.5,0.113,29.3,-0.661,58.2,-0.08,36.3,-0.47,48.8,-0.172
f314a9y83ou7l9imhnbp4f6dw,S. Middendorp,SBV Excelsior,Midfielder,5,0,0.5371105038895106,1,4,0,1.5464,0.0,0.1661,0.3093,1.2371,0.0,4,0,0.4006793416766951,1,3,0,1.8557,0.0,0.1859,0.4639,1.3918,0.0,1,0,0.1364311622128155,0,1,0,0.9278,0.0,0.1266,0.0,0.9278,0.0,1,0,0.1364311622128155,0,1,0,0.9278,0.0,0.1266,0.0,0.9278,0.0,4,0,0.4006793416766951,1,3,0,1.8557,0.0,0.1859,0.4639,1.3918,0.0,5,0,0.5371105038895105,1,4,0,1.5464,0.0,0.1661,0.3093,1.2371,0.0,14.7,-0.924,3.6,-1.025,5.8,-1.025,14.7,-0.738,96.4,2.092,46.2,-0.298,30.3,-0.618,3.6,-1.653,1.4,-1.726,24.0,-0.765,100.0,7.54,46.2,-0.273,22.4,-0.822,7.0,-0.976,12.0,-0.972,25.2,-0.684,96.6,2.434,48.6,-0.186,45.9,-0.195,7.0,-1.462,9.6,-1.305,34.4,-0.505,100.0,7.266,48.6,-0.162,6.0,-0.994,6.7,-0.994,3.8,-1.019,8.2,-0.754,81.5,0.782,47.8,-0.224,9.4,-1.135,6.7,-1.42,3.8,-1.617,8.2,-1.15,99.5,5.594,47.8,-0.216,15.1,-0.858,11.3,-0.843,13.0,-0.879,13.9,-0.676,80.8,0.604,48.8,-0.172,17.3,-0.728,11.3,-1.333,13.5,-1.361,13.9,-0.976,99.5,6.737,48.8,-0.128,15.9,-0.931,5.3,-1.103,5.8,-1.11,20.0,-0.744,97.6,2.885,47.6,-0.236,73.3,0.513,5.3,-1.582,2.4,-1.687,44.2,-0.331,100.0,8.824,47.6,-0.219,16.3,-0.917,3.6,-1.432,5.8,-1.425,23.8,-0.801,99.5,4.944,48.8,-0.172,37.0,-0.527,3.6,-1.467,1.4,-1.488,27.9,-0.691,100.0,6.436,48.8,-0.172
f3saw9c9wzs4qda0rtkv9gidw,R. Ichihara,Alkmaar Zaanstreek,Defender,2,0,0.6731825450543306,0,1,0,0.9574,0.0,0.3223,0.0,0.4787,0.0,0,0,0.0,0,0,0,0.0,0.0,0.0,0.0,0.0,0.0,2,0,0.6731825450543306,0,1,0,0.9574,0.0,0.3223,0.0,0.4787,0.0,0,0,0.0,0,0,0,0.0,0.0,0.0,0.0,0.0,0.0,2,0,0.6731825450543306,0,1,0,0.9574,0.0,0.3223,0.0,0.4787,0.0,2,0,0.6731825450543306,0,1,0,0.9574,0.0,0.3223,0.0,0.4787,0.0,3.6,-0.944,4.4,-0.92,3.6,-0.912,6.2,-0.753,57.7,-0.116,45.6,-0.312,6.2,-1.195,4.4,-1.483,15.3,-0.907,6.2,-1.182,98.5,2.637,45.6,-0.295,2.9,-0.96,8.0,-0.878,2.9,-0.927,11.7,-0.716,29.9,-0.636,47.1,-0.254,2.9,-1.925,8.0,-1.325,2.9,-1.662,11.7,-1.05,29.9,-0.51,47.1,-0.242,12.0,-0.871,9.9,-0.855,16.8,-0.823,11.3,-0.758,78.8,0.645,48.9,-0.173,18.2,-0.855,9.9,-1.099,27.0,-0.632,11.3,-1.059,98.5,2.605,48.9,-0.168,4.7,-0.94,11.7,-0.827,4.7,-0.872,14.6,-0.718,33.6,-0.568,46.7,-0.28,4.7,-2.153,11.7,-1.302,4.7,-1.658,14.6,-1.098,33.6,-0.47,46.7,-0.245,7.7,-0.911,7.3,-0.94,9.5,-0.907,9.5,-0.746,72.3,0.306,48.9,-0.173,18.6,-0.952,7.3,-1.292,21.9,-0.67,9.5,-1.219,99.3,2.812,48.9,-0.158,3.6,-1.477,5.5,-1.295,3.6,-1.258,7.7,-1.0,78.8,0.712,48.5,-0.194,10.6,-1.045,5.5,-1.315,17.5,-0.822,7.7,-1.059,96.4,2.299,48.5,-0.194
f4liap69r76gyc8pnxsergbqi,T. de Jonge,FC Groningen,Midfielder,40,14,15.32932375811447,17,1,0,1.624,0.5684,0.6224,0.6902,0.0406,0.0,21,8,9.072656620780739,8,0,0,1.6342,0.6225,0.706,0.6225,0.0,0.0,19,6,6.256667137333729,9,1,0,1.6129,0.5094,0.5311,0.764,0.0849,0.0,24,7,9.265416198324383,9,1,0,1.4007,0.4085,0.5408,0.5253,0.0584,0.0,16,7,6.063907559790086,8,0,0,1.1493,0.5028,0.4356,0.5747,0.0,0.0,7,3,1.672971595450808,6,1,0,1.3073,0.5603,0.3124,1.1206,0.1868,0.0,63.9,0.091,57.2,-0.122,61.5,-0.029,71.2,0.095,64.7,0.033,46.2,-0.298,32.7,-0.528,29.3,-0.563,30.8,-0.621,51.4,-0.214,58.2,-0.23,46.2,-0.273,62.7,0.071,58.2,-0.069,66.8,0.085,64.4,-0.032,33.7,-0.532,48.6,-0.186,34.6,-0.39,39.4,-0.417,42.3,-0.311,45.2,-0.314,33.7,-0.441,48.6,-0.162,65.1,0.11,56.7,-0.176,56.2,-0.158,74.5,0.238,81.5,0.782,47.8,-0.224,40.4,-0.37,33.2,-0.513,25.5,-0.684,60.6,0.022,79.8,0.155,47.8,-0.216,72.1,0.383,62.5,-0.027,71.2,0.253,74.5,0.213,80.8,0.604,48.8,-0.172,41.3,-0.107,33.7,-0.401,35.6,-0.216,54.3,-0.113,78.8,0.049,48.8,-0.128,50.2,-0.231,51.7,-0.212,45.7,-0.337,65.1,-0.035,33.4,-0.57,47.6,-0.236,24.0,-0.726,33.2,-0.376,19.7,-0.803,51.4,-0.117,33.4,-0.387,47.6,-0.219,31.2,-0.566,38.0,-0.449,14.4,-1.002,73.3,0.486,82.9,0.847,48.8,-0.172,28.8,-0.778,38.9,-0.52,9.1,-1.182,74.0,0.438,86.1,0.573,48.8,-0.172
f4pqxviuwzd6a803jfx9bh4o9,M. Boadu,PSV Eindhoven,Forward,2,2,1.451585548856117,0,0,0,1.8901,1.8901,1.3719,0.0,0.0,0.0,0,0,0.0,0,0,0,0.0,0.0,0.0,0.0,0.0,0.0,2,2,1.451585548856117,0,0,0,1.8901,1.8901,1.3719,0.0,0.0,0.0,2,2,1.451585548856117,0,0,0,1.8901,1.8901,1.3719,0.0,0.0,0.0,0,0,0.0,0,0,0,0.0,0.0,0.0,0.0,0.0,0.0,2,2,1.451585548856117,0,0,0,1.8901,1.8901,1.3719,0.0,0.0,0.0,15.8,-0.687,31.6,-0.518,20.3,-0.623,13.9,-0.568,15.8,-0.725,50.0,-0.113,87.3,0.568,98.7,2.689,92.4,1.864,13.9,-0.862,15.8,-0.821,50.0,-0.113,5.1,-0.71,13.3,-0.612,5.1,-0.688,19.0,-0.545,24.1,-0.719,50.6,0.0,5.1,-1.618,13.3,-1.087,5.1,-1.383,19.0,-0.853,24.1,-0.696,50.6,0.0,21.5,-0.635,50.0,-0.338,38.0,-0.512,25.3,-0.542,21.5,-0.595,50.0,-0.113,87.3,0.647,98.7,2.761,93.7,1.898,25.3,-0.68,21.5,-0.705,50.0,-0.113,36.1,-0.493,56.3,-0.262,41.8,-0.421,25.3,-0.464,30.4,-0.604,50.6,0.0,93.7,1.316,100.0,3.229,98.7,2.487,25.3,-0.764,30.4,-0.478,50.6,0.0,2.5,-0.848,12.0,-0.724,2.5,-0.772,18.4,-0.628,21.5,-0.649,50.0,-0.113,2.5,-2.514,12.0,-1.302,2.5,-1.852,18.4,-0.805,21.5,-0.706,50.0,-0.113,15.8,-0.86,47.5,-0.27,25.3,-0.67,20.9,-0.547,24.1,-0.712,50.6,0.0,86.1,0.365,97.5,2.407,93.7,1.57,20.9,-0.595,24.1,-0.745,50.6,0.0
f57vs3qmmob743hdk2dxf56cq,S. Sambo,Sparta Rotterdam,Defender,27,9,9.624009532561399,13,1,0,1.6736,0.5579,0.5965,0.8058,0.062,0.0,10,3,3.053730839551737,4,1,0,1.3282,0.3985,0.4056,0.5313,0.1328,0.0,17,6,6.570278693009662,9,0,0,1.9757,0.6973,0.7636,1.046,0.0,0.0,15,4,5.178420547430695,6,0,0,1.7433,0.4649,0.6018,0.6973,0.0,0.0,12,5,4.445588985130703,7,1,0,1.2397,0.5165,0.4593,0.7231,0.1033,0.0,11,6,4.723873457496172,5,1,0,2.0455,1.1157,0.8784,0.9298,0.186,0.0,66.8,-0.04,61.3,-0.078,65.0,-0.007,67.5,-0.032,57.7,-0.116,45.6,-0.312,49.6,-0.251,48.9,-0.189,52.6,-0.145,53.3,-0.011,54.0,-0.238,45.6,-0.295,50.0,-0.311,49.6,-0.377,50.4,-0.373,56.6,-0.315,71.2,0.262,47.1,-0.254,35.0,-0.517,35.0,-0.49,34.3,-0.583,47.4,-0.35,74.5,0.175,47.1,-0.242,72.6,0.283,74.5,0.264,73.7,0.418,73.7,0.303,33.9,-0.583,48.9,-0.173,65.7,0.227,63.5,0.215,72.3,0.353,67.2,0.348,33.9,-0.483,48.9,-0.168,72.6,0.12,62.0,-0.092,73.7,0.152,66.1,-0.033,33.6,-0.568,46.7,-0.28,78.8,0.668,54.0,0.12,75.9,0.678,57.7,0.257,33.6,-0.47,46.7,-0.245,56.6,-0.2,62.0,-0.059,56.9,-0.165,66.4,-0.03,72.3,0.306,48.9,-0.173,35.0,-0.398,56.2,0.049,46.7,-0.212,60.6,0.227,72.3,0.164,48.9,-0.158,74.5,0.395,88.3,1.163,82.5,0.817,66.8,0.219,78.8,0.712,48.5,-0.194,70.8,0.228,86.1,0.934,78.8,0.58,62.8,0.141,77.4,0.526,48.5,-0.194
f593mnttzie8gicqlig2zvzvu,A. van Axel Dongen,SC Heerenveen,Midfielder,4,0,0.4314408344611889,2,0,0,0.9157,0.0,0.0988,0.4578,0.0,0.0,1,0,0.0016957432738645,1,0,0,0.9157,0.0,0.0016,0.9157,0.0,0.0,3,0,0.4297450911873244,1,0,0,0.9157,0.0,0.1312,0.3052,0.0,0.0,1,0,0.2583988443786432,1,0,0,0.9157,0.0,0.2366,0.9157,0.0,0.0,3,0,0.1730419900825457,1,0,0,0.9157,0.0,0.0528,0.3052,0.0,0.0,4,0,0.4314408344611889,2,0,0,0.9157,0.0,0.0988,0.4578,0.0,0.0,10.8,-0.953,3.6,-1.025,4.8,-1.032,22.1,-0.686,25.0,-0.653,46.2,-0.298,1.2,-1.351,3.6,-1.653,0.5,-1.89,32.7,-0.55,25.0,-0.494,46.2,-0.273,9.6,-0.98,7.0,-0.976,7.7,-1.021,25.2,-0.684,33.7,-0.532,48.6,-0.186,7.7,-1.026,7.0,-1.462,7.7,-1.657,58.7,0.041,33.7,-0.441,48.6,-0.162,15.9,-0.871,6.7,-0.994,7.7,-0.978,22.6,-0.644,35.1,-0.551,47.8,-0.224,4.6,-1.149,6.7,-1.42,4.3,-1.606,26.9,-0.682,35.1,-0.393,47.8,-0.216,15.1,-0.858,11.3,-0.843,14.4,-0.864,31.7,-0.578,34.9,-0.508,48.8,-0.172,13.0,-0.744,11.3,-1.333,16.1,-1.057,72.1,0.528,34.9,-0.4,48.8,-0.128,13.0,-0.99,5.3,-1.103,1.9,-1.141,20.0,-0.744,33.4,-0.57,47.6,-0.236,2.2,-1.136,5.3,-1.582,1.0,-2.158,29.8,-0.636,33.4,-0.387,47.6,-0.219,10.8,-1.093,3.6,-1.432,4.8,-1.465,38.2,-0.543,36.3,-0.519,48.8,-0.172,1.2,-1.188,3.6,-1.467,0.5,-1.628,40.4,-0.484,36.3,-0.47,48.8,-0.172
f5pgdha5h37xytbk1zq8q710,D. Koswal,SC Telstar,Defender,22,6,7.54212889150287,8,1,0,1.6989,0.4633,0.5824,0.6178,0.0772,0.0,11,2,3.815331273594802,2,1,0,1.4562,0.2648,0.5051,0.2648,0.1324,0.0,11,4,3.726797617908067,6,0,0,2.0387,0.7414,0.6907,1.112,0.0,0.0,8,3,2.522268693059673,0,1,0,1.0591,0.3972,0.3339,0.0,0.1324,0.0,14,3,5.019860198443196,8,0,0,1.8534,0.3972,0.6645,1.0591,0.0,0.0,7,1,3.314498884791175,1,1,0,1.2974,0.1853,0.6143,0.1853,0.1853,0.0,56.2,-0.221,50.0,-0.359,56.9,-0.217,56.9,-0.309,57.7,-0.116,45.6,-0.312,52.6,-0.218,39.4,-0.409,51.8,-0.184,48.9,-0.284,57.7,-0.133,45.6,-0.295,54.4,-0.246,36.9,-0.544,58.4,-0.235,41.6,-0.516,71.2,0.262,47.1,-0.254,43.1,-0.381,21.2,-0.77,48.2,-0.318,33.6,-0.701,73.7,0.173,47.1,-0.242,58.4,-0.179,61.7,-0.109,59.1,-0.18,64.2,-0.051,33.9,-0.583,48.9,-0.173,70.1,0.294,67.9,0.298,67.9,0.19,70.1,0.437,33.9,-0.483,48.9,-0.168,49.3,-0.374,54.4,-0.276,48.2,-0.373,14.6,-0.718,78.1,0.543,46.7,-0.28,29.2,-0.439,46.7,-0.087,38.0,-0.362,14.6,-1.098,83.9,0.569,46.7,-0.245,63.1,-0.058,48.9,-0.412,62.0,-0.052,70.4,0.072,30.7,-0.627,48.9,-0.173,84.7,0.808,41.6,-0.261,74.5,0.474,81.8,0.899,30.7,-0.565,48.9,-0.158,36.9,-0.437,19.3,-0.885,62.8,0.095,24.1,-0.757,78.8,0.712,48.5,-0.194,26.3,-0.647,13.9,-0.941,59.1,-0.086,19.7,-0.82,73.7,0.522,48.5,-0.194
hjb0mn4fgmfiimwn5odvl8fd,T. Buitink,PEC Zwolle,Forward,3,1,1.256763067651026,1,0,0,0.9399,0.3133,0.3938,0.3133,0.0,0.0,2,1,1.111050316147649,1,0,0,0.9399,0.47,0.5222,0.47,0.0,0.0,1,0,0.1457127515033762,0,0,0,0.9399,0.0,0.137,0.0,0.0,0.0,0,0,0.0,0,0,0,0.0,0.0,0.0,0.0,0.0,0.0,3,1,1.256763067651026,1,0,0,0.9399,0.3133,0.3938,0.3133,0.0,0.0,3,1,1.256763067651026,1,0,0,0.9399,0.3133,0.3938,0.3133,0.0,0.0,20.9,-0.649,19.6,-0.597,19.0,-0.639,38.0,-0.467,15.8,-0.725,50.0,-0.113,16.5,-0.85,26.6,-0.643,20.3,-0.777,62.0,-0.148,15.8,-0.821,50.0,-0.113,26.6,-0.576,34.8,-0.485,29.1,-0.533,50.0,-0.355,24.1,-0.719,50.6,0.0,34.2,-0.562,49.4,-0.253,41.8,-0.281,69.6,0.238,24.1,-0.696,50.6,0.0,13.9,-0.72,13.9,-0.728,12.7,-0.754,25.3,-0.542,21.5,-0.595,50.0,-0.113,30.4,-0.545,13.9,-1.082,12.7,-1.178,25.3,-0.68,21.5,-0.705,50.0,-0.113,10.8,-0.641,17.1,-0.59,10.8,-0.673,25.3,-0.464,30.4,-0.604,50.6,0.0,10.8,-1.614,17.1,-1.018,10.8,-1.391,25.3,-0.764,30.4,-0.478,50.6,0.0,25.3,-0.626,29.1,-0.578,30.4,-0.587,45.6,-0.42,21.5,-0.649,50.0,-0.113,32.9,-0.57,35.4,-0.422,34.2,-0.463,64.6,0.026,21.5,-0.706,50.0,-0.113,20.9,-0.695,29.1,-0.637,22.8,-0.747,54.4,-0.264,24.1,-0.712,50.6,0.0,22.8,-0.591,31.6,-0.503,24.1,-0.624,64.6,-0.132,24.1,-0.745,50.6,0.0
idvh0ac1f8wv39640pyl4esp,S. Kersten,SC Heerenveen,Defender,19,3,5.054694441297683,1,3,0,1.5995,0.2526,0.4255,0.0842,0.2526,0.0,10,2,2.775740882281486,0,3,0,1.5434,0.3087,0.4284,0.0,0.463,0.0,9,1,2.278953559016197,1,0,0,1.6669,0.1852,0.4221,0.1852,0.0,0.0,6,1,1.656865473104677,0,0,0,1.3891,0.2315,0.3836,0.0,0.0,0.0,13,2,3.397828968193007,1,3,0,1.3376,0.2058,0.3496,0.1029,0.3087,0.0,8,1,1.517629431960741,1,2,0,1.4817,0.1852,0.2811,0.1852,0.3704,0.0,51.5,-0.329,30.7,-0.639,46.0,-0.469,18.2,-0.697,89.1,1.156,45.6,-0.312,46.0,-0.349,13.9,-0.897,33.6,-0.621,13.1,-1.06,91.2,1.077,45.6,-0.295,50.0,-0.311,36.9,-0.544,47.4,-0.423,11.7,-0.716,95.3,2.06,47.1,-0.254,48.2,-0.289,25.5,-0.678,38.7,-0.522,11.7,-1.05,95.6,1.88,47.1,-0.242,50.0,-0.333,28.8,-0.668,45.3,-0.485,28.8,-0.641,33.9,-0.583,48.9,-0.173,50.4,-0.101,23.4,-0.75,38.0,-0.409,26.3,-0.81,33.9,-0.483,48.9,-0.168,38.3,-0.516,29.9,-0.643,38.0,-0.544,14.6,-0.718,33.6,-0.568,46.7,-0.28,57.7,0.095,32.8,-0.594,48.2,-0.169,14.6,-1.098,33.6,-0.47,46.7,-0.245,59.9,-0.129,36.1,-0.588,48.9,-0.371,25.5,-0.643,96.0,2.173,48.9,-0.173,46.0,-0.205,19.7,-0.758,27.0,-0.579,19.7,-1.013,92.7,1.613,48.9,-0.158,47.8,-0.229,19.3,-0.885,20.4,-0.826,24.1,-0.757,95.3,2.049,48.5,-0.194,40.9,-0.431,13.1,-0.941,13.9,-0.926,19.0,-0.82,92.0,1.643,48.5,-0.194
lduqoe45t2fnbn9s9rbvlnf9,R. Pröpper,FC Twente,Defender,28,8,6.680167773485773,4,0,0,1.6291,0.4655,0.3887,0.2327,0.0,0.0,16,6,4.26080979844515,2,0,0,1.8618,0.6982,0.4958,0.2327,0.0,0.0,12,2,2.419357975040624,2,0,0,1.3964,0.2327,0.2815,0.2327,0.0,0.0,15,5,3.266749951691453,1,0,0,1.2694,0.4231,0.2765,0.0846,0.0,0.0,13,3,3.41341782179432,3,0,0,1.2102,0.2793,0.3178,0.2793,0.0,0.0,6,0,1.305325009720956,0,0,0,1.1171,0.0,0.243,0.0,0.0,0.0,68.6,-0.004,56.2,-0.172,52.6,-0.305,42.7,-0.531,23.0,-0.752,45.6,-0.312,46.7,-0.31,41.6,-0.404,24.8,-0.723,28.5,-0.844,23.0,-0.666,45.6,-0.295,69.0,0.079,70.1,0.124,60.6,-0.154,41.6,-0.516,29.9,-0.636,47.1,-0.254,56.9,0.049,62.8,0.138,46.0,-0.343,30.7,-0.743,29.9,-0.51,47.1,-0.242,60.6,-0.102,43.8,-0.482,46.7,-0.456,43.4,-0.523,33.9,-0.583,48.9,-0.173,40.9,-0.389,28.1,-0.66,21.9,-0.723,31.8,-0.746,33.9,-0.483,48.9,-0.168,72.6,0.12,67.2,0.091,58.4,-0.226,36.5,-0.604,33.6,-0.568,46.7,-0.28,46.0,-0.099,49.6,-0.008,28.5,-0.584,30.7,-0.933,33.6,-0.47,46.7,-0.245,59.9,-0.129,48.9,-0.412,49.6,-0.368,47.1,-0.439,30.7,-0.627,48.9,-0.173,31.4,-0.456,30.7,-0.567,21.2,-0.686,31.4,-0.661,30.7,-0.565,48.9,-0.158,25.5,-0.645,5.5,-1.295,14.6,-0.934,7.7,-1.0,32.5,-0.624,48.5,-0.194,18.2,-0.858,5.5,-1.315,8.8,-1.022,7.7,-1.059,32.5,-0.601,48.5,-0.194
lp9kyx4408kpoey40zv9mga1,J. De Busser,Go Ahead Eagles,Goalkeeper,19,2,2.437418013238752,0,0,0,1.27,0.1337,0.1629,0.0,0.0,0.0,7,1,0.9894648119846935,0,0,0,1.0917,0.156,0.1543,0.0,0.0,0.0,12,1,1.447953201254059,0,0,0,1.4037,0.117,0.1694,0.0,0.0,0.0,6,1,0.6877991461790268,0,0,0,0.9358,0.156,0.1073,0.0,0.0,0.0,13,1,1.749618867059725,0,0,0,1.2165,0.0936,0.1637,0.0,0.0,0.0,8,0,0.8030367971783987,0,0,0,1.4972,0.0,0.1503,0.0,0.0,0.0,68.8,0.448,67.5,-0.058,77.5,0.044,45.0,-0.337,48.8,-0.214,51.2,0.0,55.0,0.066,57.5,-0.102,75.0,-0.032,45.0,-0.279,48.8,-0.226,51.2,0.0,68.8,0.084,70.0,-0.029,75.0,-0.051,45.0,-0.352,51.2,0.0,51.2,0.0,57.5,0.129,75.0,0.073,67.5,0.07,45.0,-0.348,51.2,0.0,51.2,0.0,76.2,0.848,66.2,-0.077,80.0,0.137,48.8,-0.227,48.8,-0.214,51.2,0.0,70.0,0.408,65.0,-0.214,72.5,0.01,48.8,-0.193,48.8,-0.221,51.2,0.0,66.2,0.035,67.5,0.0,65.0,-0.177,47.5,-0.281,51.2,0.0,51.2,0.0,55.0,0.143,70.0,0.14,65.0,-0.128,47.5,-0.267,51.2,0.0,51.2,0.0,80.0,0.765,70.0,-0.095,80.0,0.186,47.5,-0.259,48.8,-0.214,51.2,0.0,67.5,0.443,67.5,-0.16,82.5,0.097,47.5,-0.221,48.8,-0.226,51.2,0.0,85.0,1.131,32.5,-0.628,77.5,0.2,46.2,-0.294,50.0,-0.158,51.2,0.0,85.0,0.808,32.5,-0.656,70.0,0.002,46.2,-0.294,50.0,-0.158,51.2,0.0
mlqit2c8my1ewqy6avrfhf8q,A. Van Hoorenbeeck,Heracles Almelo,Defender,17,6,4.741791567440939,4,4,0,1.2175,0.4297,0.3396,0.2865,0.2865,0.0,10,3,2.950585860921044,3,3,0,1.33,0.399,0.3924,0.399,0.399,0.0,7,3,1.791205706519895,1,1,0,1.0862,0.4655,0.2779,0.1552,0.1552,0.0,2,1,0.7238719959537464,0,0,0,0.931,0.4655,0.337,0.0,0.0,0.0,15,5,4.017919571487193,4,4,0,1.2696,0.4232,0.3401,0.3386,0.3386,0.0,7,1,1.875826954801478,2,1,0,1.3034,0.1862,0.3493,0.3724,0.1862,0.0,45.6,-0.402,50.0,-0.359,43.1,-0.5,42.7,-0.531,94.5,1.791,45.6,-0.312,19.0,-0.852,33.6,-0.487,18.2,-0.859,31.4,-0.766,92.0,1.311,45.6,-0.295,50.0,-0.311,49.6,-0.377,49.6,-0.392,50.0,-0.415,95.3,2.06,47.1,-0.254,35.8,-0.515,35.8,-0.489,32.1,-0.618,40.1,-0.524,94.2,1.55,47.1,-0.242,42.7,-0.486,53.6,-0.295,36.5,-0.588,28.8,-0.641,78.8,0.645,48.9,-0.173,21.2,-0.718,47.4,-0.222,21.2,-0.731,24.8,-0.85,85.4,0.518,48.9,-0.168,14.2,-0.798,29.9,-0.643,19.0,-0.729,14.6,-0.718,33.6,-0.568,46.7,-0.28,19.0,-0.647,56.2,0.121,39.4,-0.35,14.6,-1.098,33.6,-0.47,46.7,-0.245,65.3,0.013,62.0,-0.059,53.3,-0.249,55.8,-0.337,98.5,3.106,48.9,-0.173,38.0,-0.339,46.0,-0.194,24.8,-0.611,37.2,-0.542,94.2,1.824,48.9,-0.158,36.9,-0.437,19.3,-0.885,30.7,-0.642,41.2,-0.513,78.8,0.712,48.5,-0.194,29.9,-0.64,15.0,-0.939,23.4,-0.754,38.3,-0.578,80.3,0.527,48.5,-0.194
nw48ayorxrpxwcxbdhxy44k4,B. van Duijl,Alkmaar Zaanstreek,Defender,12,7,4.089208679224287,3,0,0,1.8694,1.0905,0.637,0.4674,0.0,0.0,6,3,1.952441475188237,1,0,0,1.8694,0.9347,0.6083,0.3116,0.0,0.0,6,4,2.13676720403605,2,0,0,1.8694,1.2463,0.6658,0.6231,0.0,0.0,7,4,2.46576933654987,1,0,0,1.3086,0.7478,0.461,0.1869,0.0,0.0,5,3,1.623439342674417,2,0,0,0.9347,0.5608,0.3035,0.3739,0.0,0.0,9,5,2.989034661615646,2,0,0,1.6825,0.9347,0.5588,0.3739,0.0,0.0,33.2,-0.583,53.3,-0.265,37.2,-0.566,35.8,-0.586,23.0,-0.752,45.6,-0.312,62.0,0.007,87.6,1.045,59.1,-0.033,42.3,-0.503,23.0,-0.666,45.6,-0.295,33.2,-0.571,49.6,-0.377,36.5,-0.573,30.3,-0.616,29.9,-0.636,47.1,-0.254,59.1,0.057,75.9,0.634,56.9,-0.044,38.0,-0.639,29.9,-0.51,47.1,-0.242,37.6,-0.563,61.7,-0.109,41.6,-0.515,43.4,-0.523,33.9,-0.583,48.9,-0.173,62.0,0.114,92.7,1.249,64.2,0.135,51.8,-0.221,33.9,-0.483,48.9,-0.168,43.8,-0.445,62.0,-0.092,47.4,-0.384,36.5,-0.604,33.6,-0.568,46.7,-0.28,50.4,-0.035,81.8,0.984,59.1,0.132,33.6,-0.735,33.6,-0.47,46.7,-0.245,28.5,-0.697,48.9,-0.412,28.5,-0.72,36.9,-0.541,30.7,-0.627,48.9,-0.173,13.1,-0.997,59.9,0.164,19.0,-0.733,40.1,-0.471,30.7,-0.565,48.9,-0.158,58.8,-0.021,78.8,0.753,54.7,-0.072,41.2,-0.513,32.5,-0.624,48.5,-0.194,57.7,-0.197,77.4,0.57,51.1,-0.226,40.9,-0.576,32.5,-0.601,48.5,-0.194
oi8kw43rorvqooiencbnhxck,N. Fernandez,PSV Eindhoven,Midfielder,5,3,2.381687204082088,2,0,0,2.3462,1.4077,1.1176,0.9385,0.0,0.0,2,0,0.773327150364546,1,0,0,1.877,0.0,0.7258,0.9385,0.0,0.0,3,3,1.608360053717543,1,0,0,2.8154,2.8154,1.5094,0.9385,0.0,0.0,4,2,2.12268364072549,1,0,0,1.877,0.9385,0.996,0.4692,0.0,0.0,1,1,0.2590035633565987,1,0,0,0.9385,0.9385,0.2431,0.9385,0.0,0.0,5,3,2.381687204082088,2,0,0,2.3462,1.4077,1.1176,0.9385,0.0,0.0,14.7,-0.924,21.9,-0.832,15.9,-0.9,22.1,-0.686,25.0,-0.653,46.2,-0.298,65.9,0.312,86.5,1.047,76.0,0.579,65.9,0.146,25.0,-0.494,46.2,-0.273,13.9,-0.927,7.0,-0.976,14.9,-0.927,25.2,-0.684,33.7,-0.532,48.6,-0.186,51.9,-0.176,7.0,-1.462,44.7,-0.273,66.3,0.068,33.7,-0.441,48.6,-0.162,15.9,-0.871,36.3,-0.585,20.2,-0.812,22.6,-0.644,35.1,-0.551,47.8,-0.224,86.1,0.972,99.5,3.592,94.7,1.573,69.7,0.289,35.1,-0.393,47.8,-0.216,29.1,-0.696,38.5,-0.61,36.5,-0.633,31.7,-0.578,34.9,-0.508,48.8,-0.172,76.9,0.519,81.7,0.808,86.1,1.043,53.4,-0.205,34.9,-0.4,48.8,-0.128,4.3,-1.107,14.9,-0.976,2.4,-1.129,20.0,-0.744,33.4,-0.57,47.6,-0.236,13.0,-1.096,85.1,0.67,4.3,-1.485,78.8,0.583,33.4,-0.387,47.6,-0.219,16.3,-0.917,38.0,-0.449,23.1,-0.739,38.2,-0.543,36.3,-0.519,48.8,-0.172,70.2,0.311,84.1,0.911,71.2,0.499,67.3,0.185,36.3,-0.47,48.8,-0.172
qjsic4vqv0awzdepn3pd6ivo,R. Weijenberg,Go Ahead Eagles,Midfielder,1,0,0.159688348207484,1,0,0,0.9326,0.0,0.1489,0.9326,0.0,0.0,0,0,0.0,0,0,0,0.0,0.0,0.0,0.0,0.0,0.0,1,0,0.159688348207484,1,0,0,0.9326,0.0,0.1489,0.9326,0.0,0.0,0,0,0.0,0,0,0,0.0,0.0,0.0,0.0,0.0,0.0,1,0,0.159688348207484,1,0,0,0.9326,0.0,0.1489,0.9326,0.0,0.0,1,0,0.159688348207484,1,0,0,0.9326,0.0,0.1489,0.9326,0.0,0.0,2.6,-1.04,3.6,-1.025,0.5,-1.05,14.7,-0.738,25.0,-0.653,46.2,-0.298,5.8,-1.331,3.6,-1.653,1.0,-1.768,64.4,0.137,25.0,-0.494,46.2,-0.273,3.8,-1.033,7.0,-0.976,3.8,-1.021,9.1,-0.777,33.7,-0.532,48.6,-0.186,3.8,-1.835,7.0,-1.462,3.8,-1.66,9.1,-1.066,33.7,-0.441,48.6,-0.162,6.0,-0.994,6.7,-0.994,4.3,-1.016,22.6,-0.644,35.1,-0.551,47.8,-0.224,11.5,-1.13,6.7,-1.42,4.8,-1.566,67.3,0.28,35.1,-0.393,47.8,-0.216,6.2,-0.912,11.3,-0.843,6.2,-0.896,13.9,-0.676,34.9,-0.508,48.8,-0.172,6.2,-1.947,11.3,-1.333,6.2,-1.711,13.9,-0.976,34.9,-0.4,48.8,-0.128,4.3,-1.107,5.3,-1.103,1.4,-1.143,20.0,-0.744,33.4,-0.57,47.6,-0.236,8.7,-1.106,5.3,-1.582,1.9,-1.818,75.5,0.572,33.4,-0.387,47.6,-0.219,2.6,-1.62,3.6,-1.432,0.5,-1.566,23.8,-0.801,36.3,-0.519,48.8,-0.172,7.2,-1.17,3.6,-1.467,1.0,-1.524,64.4,0.177,36.3,-0.47,48.8,-0.172
qobf1v5kwuz6hj2ooixfw4mi,B. van Rooij,FC Twente,Defender,108,38,37.0733360437623,55,3,1,3.2416,1.1406,1.1127,1.6508,0.09,0.03,58,22,20.96677799541482,27,1,1,3.5977,1.3647,1.3006,1.6748,0.062,0.062,50,16,16.10655804834749,28,2,0,2.9077,0.9305,0.9366,1.6283,0.1163,0.0,65,21,22.50968597948489,36,2,1,2.0855,0.6738,0.7222,1.155,0.0642,0.0321,43,17,14.56365006427742,19,1,0,1.9052,0.7532,0.6453,0.8418,0.0443,0.0,15,6,5.89945933266036,9,0,0,2.7914,1.1165,1.0978,1.6748,0.0,0.0,97.8,2.889,97.4,2.632,96.4,2.768,96.4,2.296,89.1,1.156,95.3,2.743,94.9,1.816,89.8,1.161,89.8,1.29,89.8,1.217,62.0,-0.045,92.0,1.411,97.8,2.805,98.5,2.797,98.5,2.877,96.4,1.989,71.2,0.262,96.7,3.22,94.2,1.889,92.0,1.536,95.3,1.798,85.4,1.155,60.6,-0.19,94.9,1.677,97.8,2.823,94.9,2.129,97.1,2.426,96.4,2.544,93.8,1.874,48.9,-0.173,89.1,1.218,80.3,0.654,84.7,0.739,88.3,1.131,78.1,0.267,48.9,-0.168,100.0,3.653,98.2,3.028,100.0,3.578,98.5,3.394,93.1,1.654,96.7,3.551,89.8,1.222,77.4,0.758,91.2,1.146,85.4,1.146,72.3,0.034,93.4,1.159,94.9,2.004,94.9,2.055,92.7,1.826,90.1,1.197,72.3,0.306,48.9,-0.173,89.1,0.909,81.0,0.663,72.3,0.41,64.2,0.465,63.5,-0.253,48.9,-0.158,89.1,1.226,88.3,1.163,90.5,1.419,88.3,1.194,32.5,-0.624,48.5,-0.194,86.9,1.1,87.6,0.936,87.6,1.134,86.1,1.103,32.5,-0.601,48.5,-0.194
qx44xpf889ysyh0yh20uketw,B. Pauwels,FC Volendam,Midfielder,13,2,3.457872161881475,11,0,0,1.7209,0.2648,0.4577,1.4562,0.0,0.0,5,1,1.508946409770242,5,0,0,1.1583,0.2317,0.3496,1.1583,0.0,0.0,8,1,1.948925752111233,6,0,0,2.471,0.3089,0.602,1.8533,0.0,0.0,7,2,2.412060827046175,5,0,0,1.2973,0.3707,0.447,0.9266,0.0,0.0,6,0,1.045811334835299,6,0,0,1.39,0.0,0.2423,1.39,0.0,0.0,9,2,2.868542398600415,8,0,0,1.668,0.3707,0.5316,1.4826,0.0,0.0,29.1,-0.692,17.5,-0.896,23.1,-0.828,55.0,-0.218,25.0,-0.653,46.2,-0.298,38.5,-0.415,9.6,-1.145,14.4,-1.02,84.1,0.895,25.0,-0.494,46.2,-0.273,26.0,-0.77,20.0,-0.863,24.0,-0.837,49.5,-0.311,33.7,-0.532,48.6,-0.186,19.7,-0.811,15.9,-1.073,15.4,-0.992,71.6,0.334,33.7,-0.441,48.6,-0.162,37.3,-0.565,18.0,-0.858,25.0,-0.764,62.3,-0.093,35.1,-0.551,47.8,-0.224,75.5,0.588,16.8,-0.87,32.2,-0.52,94.7,1.692,35.1,-0.393,47.8,-0.216,41.1,-0.535,38.5,-0.61,39.4,-0.597,59.6,-0.182,34.9,-0.508,48.8,-0.172,35.1,-0.243,31.2,-0.487,27.9,-0.475,74.0,0.546,34.9,-0.4,48.8,-0.128,23.6,-0.815,5.3,-1.103,11.5,-1.022,53.4,-0.237,33.4,-0.57,47.6,-0.236,44.2,-0.304,5.3,-1.582,3.8,-1.487,92.3,1.452,33.4,-0.387,47.6,-0.219,47.4,-0.215,24.8,-0.777,33.7,-0.557,82.5,1.001,36.3,-0.519,48.8,-0.172,40.9,-0.4,18.8,-0.841,26.9,-0.725,80.8,0.942,36.3,-0.47,48.8,-0.172
sk7z843dcqvmdf1tkoaoysr8,D. Verduin,PEC Zwolle,Goalkeeper,1,0,0.0481993009355498,0,0,0,0.9783,0.0,0.0472,0.0,0.0,0.0,1,0,0.0481993009355498,0,0,0,0.9783,0.0,0.0472,0.0,0.0,0.0,0,0,0.0,0,0,0,0.0,0.0,0.0,0.0,0.0,0.0,0,0,0.0,0,0,0,0.0,0.0,0.0,0.0,0.0,0.0,1,0,0.0481993009355498,0,0,0,0.9783,0.0,0.0472,0.0,0.0,0.0,1,0,0.0481993009355498,0,0,0,0.9783,0.0,0.0472,0.0,0.0,0.0,12.5,-0.919,25.0,-0.639,10.0,-0.576,45.0,-0.337,48.8,-0.214,51.2,0.0,37.5,-0.732,25.0,-0.769,15.0,-0.725,45.0,-0.279,48.8,-0.226,51.2,0.0,32.5,-0.725,30.0,-0.604,25.0,-0.541,45.0,-0.352,51.2,0.0,51.2,0.0,52.5,-0.047,30.0,-0.602,27.5,-0.566,45.0,-0.348,51.2,0.0,51.2,0.0,6.2,-1.082,30.0,-0.588,6.2,-0.598,48.8,-0.227,48.8,-0.214,51.2,0.0,6.2,-2.167,30.0,-0.668,6.2,-0.87,48.8,-0.193,48.8,-0.221,51.2,0.0,11.2,-0.898,28.7,-0.631,11.2,-0.62,47.5,-0.281,51.2,0.0,51.2,0.0,11.2,-1.785,28.7,-0.627,11.2,-0.867,47.5,-0.267,51.2,0.0,51.2,0.0,20.0,-0.853,31.2,-0.567,15.0,-0.523,47.5,-0.259,48.8,-0.214,51.2,0.0,47.5,-0.2,31.2,-0.624,20.0,-0.579,47.5,-0.221,48.8,-0.226,51.2,0.0,12.5,-1.343,32.5,-0.628,10.0,-0.852,46.2,-0.294,50.0,-0.158,51.2,0.0,40.0,-0.621,32.5,-0.656,15.0,-0.838,46.2,-0.294,50.0,-0.158,51.2,0.0
ubuh5wgnl0o5bn3wirdmectm,M. Eerdhuijzen,FC Utrecht,Defender,4,2,1.532721567650162,0,0,0,1.186,0.593,0.4544,0.0,0.0,0.0,4,2,1.532721567650162,0,0,0,1.186,0.593,0.4544,0.0,0.0,0.0,0,0,0.0,0,0,0,0.0,0.0,0.0,0.0,0.0,0.0,3,2,1.167532551206723,0,0,0,1.3342,0.8895,0.5193,0.0,0.0,0.0,1,0,0.3651890164434386,0,0,0,0.8895,0.0,0.3248,0.0,0.0,0.0,4,2,1.532721567650162,0,0,0,1.186,0.593,0.4544,0.0,0.0,0.0,10.9,-0.872,21.2,-0.733,12.4,-0.825,6.2,-0.753,23.0,-0.752,45.6,-0.312,16.8,-0.894,52.6,-0.108,36.5,-0.54,6.2,-1.182,23.0,-0.666,45.6,-0.295,24.1,-0.7,36.9,-0.544,28.5,-0.649,11.7,-0.716,29.9,-0.636,47.1,-0.254,24.8,-0.667,55.5,-0.082,40.9,-0.453,11.7,-1.05,29.9,-0.51,47.1,-0.242,3.3,-1.025,9.9,-0.855,3.3,-0.965,11.3,-0.758,33.9,-0.583,48.9,-0.173,3.3,-1.873,9.9,-1.099,3.3,-1.351,11.3,-1.059,33.9,-0.483,48.9,-0.168,18.6,-0.728,43.1,-0.46,26.3,-0.641,14.6,-0.718,33.6,-0.568,46.7,-0.28,52.6,0.006,89.8,1.418,67.9,0.358,14.6,-1.098,33.6,-0.47,46.7,-0.245,3.6,-0.982,7.3,-0.94,5.8,-0.968,9.5,-0.746,30.7,-0.627,48.9,-0.173,2.2,-1.085,7.3,-1.292,22.6,-0.662,9.5,-1.219,30.7,-0.565,48.9,-0.158,10.9,-1.061,38.0,-0.475,21.2,-0.818,7.7,-1.0,32.5,-0.624,48.5,-0.194,21.2,-0.777,56.2,-0.119,38.0,-0.489,7.7,-1.059,32.5,-0.601,48.5,-0.194
ucqemxwd5n13up4t16o6qot0,C. Nadje,SBV Excelsior,Midfielder,6,2,2.351716530874244,2,1,0,1.1134,0.3711,0.4364,0.3711,0.1856,0.0,4,2,1.437659337921586,1,1,0,1.2371,0.6186,0.4446,0.3093,0.3093,0.0,2,0,0.9140571929526581,1,0,0,0.9278,0.0,0.424,0.4639,0.0,0.0,2,0,1.01623973129159,0,0,0,0.9278,0.0,0.4715,0.0,0.0,0.0,4,2,1.335476799582654,2,1,0,1.2371,0.6186,0.413,0.6186,0.3093,0.0,6,2,2.351716530874244,2,1,0,1.1134,0.3711,0.4364,0.3711,0.1856,0.0,17.5,-0.895,17.5,-0.896,15.4,-0.903,22.1,-0.686,64.7,0.033,46.2,-0.298,11.5,-1.121,16.8,-0.941,13.5,-1.072,27.4,-0.675,89.4,0.711,46.2,-0.273,22.4,-0.822,29.8,-0.749,21.6,-0.846,25.2,-0.684,78.1,0.456,48.6,-0.186,23.1,-0.742,38.5,-0.424,23.6,-0.811,27.9,-0.692,93.8,1.271,48.6,-0.162,11.5,-0.933,6.7,-0.994,13.5,-0.91,22.6,-0.644,35.1,-0.551,47.8,-0.224,9.4,-1.135,6.7,-1.42,15.4,-0.931,36.1,-0.439,35.1,-0.393,47.8,-0.216,20.9,-0.804,11.3,-0.843,24.5,-0.77,13.9,-0.676,34.9,-0.508,48.8,-0.172,17.3,-0.728,11.3,-1.333,29.8,-0.408,13.9,-0.976,34.9,-0.4,48.8,-0.128,15.9,-0.931,23.1,-0.848,13.9,-0.982,31.2,-0.642,78.6,0.582,47.6,-0.236,32.7,-0.572,44.0,-0.098,18.3,-0.883,56.7,-0.033,96.6,1.66,47.6,-0.219,23.1,-0.742,24.8,-0.777,22.1,-0.75,38.2,-0.543,82.9,0.847,48.8,-0.172,13.9,-0.981,19.5,-0.84,15.9,-0.923,32.2,-0.605,79.3,0.566,48.8,-0.172
uru1h5pzgwy9cvbele1piei,R. Janse,Nijmegen Eendracht Combinatie,Goalkeeper,1,0,0.0505921870929246,0,0,0,0.9184,0.0,0.0465,0.0,0.0,0.0,1,0,0.0505921870929246,0,0,0,0.9184,0.0,0.0465,0.0,0.0,0.0,0,0,0.0,0,0,0,0.0,0.0,0.0,0.0,0.0,0.0,0,0,0.0,0,0,0,0.0,0.0,0.0,0.0,0.0,0.0,1,0,0.0505921870929246,0,0,0,0.9184,0.0,0.0465,0.0,0.0,0.0,1,0,0.0505921870929246,0,0,0,0.9184,0.0,0.0465,0.0,0.0,0.0,12.5,-0.919,25.0,-0.639,12.5,-0.575,45.0,-0.337,48.8,-0.214,51.2,0.0,10.0,-0.895,25.0,-0.769,12.5,-0.729,45.0,-0.279,48.8,-0.226,51.2,0.0,32.5,-0.725,30.0,-0.604,27.5,-0.54,45.0,-0.352,51.2,0.0,51.2,0.0,22.5,-0.141,30.0,-0.602,25.0,-0.571,45.0,-0.348,51.2,0.0,51.2,0.0,6.2,-1.082,30.0,-0.588,6.2,-0.598,48.8,-0.227,48.8,-0.214,51.2,0.0,6.2,-2.167,30.0,-0.668,6.2,-0.87,48.8,-0.193,48.8,-0.221,51.2,0.0,11.2,-0.898,28.7,-0.631,11.2,-0.62,47.5,-0.281,51.2,0.0,51.2,0.0,11.2,-1.785,28.7,-0.627,11.2,-0.867,47.5,-0.267,51.2,0.0,51.2,0.0,20.0,-0.853,31.2,-0.567,17.5,-0.522,47.5,-0.259,48.8,-0.214,51.2,0.0,16.2,-0.362,31.2,-0.624,17.5,-0.583,47.5,-0.221,48.8,-0.226,51.2,0.0,12.5,-1.343,32.5,-0.628,12.5,-0.848,46.2,-0.294,50.0,-0.158,51.2,0.0,10.0,-0.786,32.5,-0.656,12.5,-0.844,46.2,-0.294,50.0,-0.158,51.2,0.0
vrkanoideipif70wo4adb5lg,R. Steur,FC Volendam,Goalkeeper,3,0,0.2641122108597679,0,0,0,2.7365,0.0,0.2409,0.0,0.0,0.0,0,0,0.0,0,0,0,0.0,0.0,0.0,0.0,0.0,0.0,3,0,0.2641122108597679,0,0,0,2.7365,0.0,0.2409,0.0,0.0,0.0,2,0,0.1163160838973817,0,0,0,1.8243,0.0,0.1061,0.0,0.0,0.0,1,0,0.1477961269623862,0,0,0,0.9122,0.0,0.1348,0.0,0.0,0.0,3,0,0.2641122108597679,0,0,0,2.7365,0.0,0.2409,0.0,0.0,0.0,35.0,-0.767,25.0,-0.639,37.5,-0.52,45.0,-0.337,48.8,-0.214,51.2,0.0,100.0,4.074,25.0,-0.769,87.5,0.434,45.0,-0.279,48.8,-0.226,51.2,0.0,11.2,-0.86,30.0,-0.604,11.2,-0.567,45.0,-0.352,51.2,0.0,51.2,0.0,11.2,-1.569,30.0,-0.602,11.2,-0.847,45.0,-0.348,51.2,0.0,51.2,0.0,42.5,-0.599,30.0,-0.588,45.0,-0.464,48.8,-0.227,48.8,-0.214,51.2,0.0,100.0,2.853,30.0,-0.668,82.5,0.381,48.8,-0.193,48.8,-0.221,51.2,0.0,42.5,-0.587,28.7,-0.631,37.5,-0.545,47.5,-0.281,51.2,0.0,51.2,0.0,100.0,1.973,28.7,-0.627,62.5,-0.136,47.5,-0.267,51.2,0.0,51.2,0.0,20.0,-0.853,31.2,-0.567,32.5,-0.482,47.5,-0.259,48.8,-0.214,51.2,0.0,12.5,-0.378,31.2,-0.624,70.0,-0.071,47.5,-0.221,48.8,-0.226,51.2,0.0,35.0,-0.636,32.5,-0.628,37.5,-0.551,46.2,-0.294,50.0,-0.158,51.2,0.0,100.0,4.222,32.5,-0.656,85.0,0.74,46.2,-0.294,50.0,-0.158,51.2,0.0
wuh8s4gfo9ro3nel3rormg44,R. Daal,Alkmaar Zaanstreek,Midfielder,58,37,35.08839984394228,14,0,0,2.714,1.7314,1.6419,0.6551,0.0,0.0,32,22,19.89971710339988,7,0,0,3.3276,2.2877,2.0693,0.7279,0.0,0.0,26,15,15.1886827405424,7,0,0,2.2121,1.2762,1.2922,0.5956,0.0,0.0,33,26,21.84207188496901,7,0,0,1.9302,1.5208,1.2776,0.4094,0.0,0.0,25,11,13.24632795897327,7,0,0,1.9497,0.8579,1.0331,0.5459,0.0,0.0,18,12,11.4827024231316,5,0,0,3.3692,2.2461,2.1493,0.9359,0.0,0.0,78.4,0.613,88.7,1.36,89.9,1.301,62.7,-0.062,25.0,-0.653,46.2,-0.298,80.8,0.739,96.6,1.668,96.2,1.849,49.0,-0.264,25.0,-0.494,46.2,-0.273,79.1,0.649,88.5,1.52,89.4,1.404,58.7,-0.125,33.7,-0.532,48.6,-0.186,88.5,1.106,99.0,2.378,98.1,2.293,51.4,-0.186,33.7,-0.441,48.6,-0.162,77.6,0.539,85.1,1.051,86.5,1.098,67.3,0.017,35.1,-0.551,47.8,-0.224,65.9,0.299,87.5,0.852,87.0,1.072,49.0,-0.237,35.1,-0.393,47.8,-0.216,84.9,0.868,94.7,2.188,93.3,1.812,68.8,0.016,34.9,-0.508,48.8,-0.172,78.8,0.589,96.6,2.136,96.6,1.821,46.2,-0.304,34.9,-0.4,48.8,-0.128,70.9,0.295,67.8,0.297,76.4,0.643,59.1,-0.136,33.4,-0.57,47.6,-0.236,80.0,0.678,70.7,0.476,92.8,1.312,48.6,-0.173,33.4,-0.387,47.6,-0.219,89.4,1.366,97.6,2.5,98.6,2.649,68.0,0.229,36.3,-0.519,48.8,-0.172,89.4,1.382,97.6,2.328,98.1,2.652,66.8,0.181,36.3,-0.47,48.8,-0.172
xvher4f1mb6otoui5k5gs3ro,N. Bukala,FC Volendam,Midfielder,12,5,4.824154667639142,6,0,0,1.0202,0.4251,0.4101,0.5101,0.0,0.0,6,3,2.958958586771345,3,0,0,0.9352,0.4676,0.4612,0.4676,0.0,0.0,6,2,1.865196080867797,3,0,0,1.1222,0.3741,0.3489,0.5611,0.0,0.0,5,1,1.264848489697262,4,0,0,0.9352,0.187,0.2366,0.7481,0.0,0.0,7,4,3.55930617794188,2,0,0,1.091,0.6234,0.5548,0.3117,0.0,0.0,5,2,1.977021708733262,2,0,0,0.9352,0.3741,0.3698,0.3741,0.0,0.0,27.6,-0.721,32.0,-0.703,28.8,-0.736,39.9,-0.478,25.0,-0.653,46.2,-0.298,9.6,-1.229,19.7,-0.838,12.0,-1.135,37.5,-0.474,25.0,-0.494,46.2,-0.273,29.3,-0.717,35.8,-0.636,34.1,-0.66,41.8,-0.498,33.7,-0.532,48.6,-0.186,13.9,-1.008,28.8,-0.677,25.5,-0.779,37.5,-0.501,33.7,-0.441,48.6,-0.162,29.6,-0.687,27.6,-0.722,24.0,-0.776,43.8,-0.423,35.1,-0.551,47.8,-0.224,16.8,-0.918,21.6,-0.754,11.1,-1.104,46.6,-0.29,35.1,-0.393,47.8,-0.216,33.7,-0.642,28.4,-0.726,26.9,-0.739,54.1,-0.281,34.9,-0.508,48.8,-0.172,21.6,-0.719,24.5,-0.906,16.1,-1.057,65.9,0.253,34.9,-0.4,48.8,-0.128,27.4,-0.756,36.3,-0.594,32.7,-0.679,31.2,-0.642,33.4,-0.57,47.6,-0.236,19.7,-0.828,46.2,-0.086,38.5,-0.381,32.2,-0.624,33.4,-0.387,47.6,-0.219,16.3,-0.917,24.8,-0.777,18.3,-0.889,38.2,-0.543,36.3,-0.519,48.8,-0.172,8.7,-1.167,24.5,-0.835,12.0,-1.062,37.0,-0.6,36.3,-0.47,48.8,-0.172
y1ky8sp8scl05mmfr7byy3md,J. Hardeveld,SC Telstar,Midfielder,120,53,43.67707875130018,60,2,0,3.584,1.5829,1.3045,1.792,0.0597,0.0,68,33,23.7515162534793,35,1,0,3.9349,1.9096,1.3744,2.0253,0.0579,0.0,52,20,19.92556249782088,25,1,0,3.2097,1.2345,1.2299,1.5431,0.0617,0.0,63,26,20.36681328822141,36,1,0,2.0832,0.8597,0.6735,1.1904,0.0331,0.0,57,27,23.31026546307877,24,1,0,2.1989,1.0416,0.8993,0.9259,0.0386,0.0,15,7,6.061568269289674,4,1,0,2.7776,1.2962,1.1224,0.7407,0.1852,0.0,96.4,2.412,96.9,2.392,93.3,1.879,97.1,2.332,84.9,0.719,46.2,-0.298,93.8,1.75,91.3,1.383,84.1,1.032,89.9,1.381,65.6,-0.106,46.2,-0.273,97.6,2.541,98.8,2.768,92.3,1.873,97.1,2.484,78.1,0.456,48.6,-0.186,95.7,1.643,95.7,1.743,82.7,0.966,88.9,1.382,67.3,-0.121,48.6,-0.162,96.6,2.133,92.5,1.733,92.8,1.764,95.9,2.002,81.5,0.782,47.8,-0.224,92.8,1.413,84.1,0.778,83.2,0.928,88.5,1.216,73.1,0.006,47.8,-0.216,97.6,2.487,94.7,2.188,90.9,1.629,97.6,2.883,80.8,0.604,48.8,-0.172,84.1,0.79,72.6,0.628,55.3,0.151,86.1,0.979,70.2,-0.145,48.8,-0.128,95.7,2.163,98.1,2.332,94.2,2.017,91.1,1.587,78.6,0.582,47.6,-0.236,88.9,1.115,89.4,0.917,83.7,0.838,71.2,0.559,67.3,-0.131,47.6,-0.219,81.2,0.839,80.8,0.862,74.5,0.631,60.1,-0.028,82.9,0.847,48.8,-0.172,81.2,0.762,78.4,0.723,72.1,0.509,54.8,-0.09,77.6,0.564,48.8,-0.172
