season,team,player_id,player,matches,minutes,position_group,position_detail,secondary_position,position_confidence,position_source,position_versatility,dominant_formation_slot,total_football_impact_score,decision_quality_index,events,passes_attempted,final_third_actions,box_actions,ball_security,transferred_mid_season
Eredivisie 2025-2026,PSV Eindhoven,d4j19ipiaeuetyij08fofgs15,J. Veerman,30,2880.0,Midfielder,Central Midfielder,,1.0,lineup position code + touch geography,0.0,4.0,85.69004524886878,75.1822101626133,2991.0,2163.0,927.0,89.0,0.8061178587494378,False
Eredivisie 2025-2026,PSV Eindhoven,9vf02r3geinhsy732oxyrcacq,I. Saibari,27,2599.0,Midfielder,Attacking Midfielder,,0.8919723651525905,lineup position code + touch geography,0.5947140883776149,10.0,84.37028657616894,67.75062137531069,1917.0,1025.0,858.0,249.0,0.7928748964374482,False
Eredivisie 2025-2026,Alkmaar Zaanstreek,7jpreaads35pnnfqbn7hmrmy,S. Mijnans,30,2894.0,Midfielder,Central Midfielder,,0.9876428884374875,lineup position code + touch geography,0.12116924455757863,10.0,84.1817496229261,85.09210526315789,2033.0,1198.0,799.0,171.0,0.7526315789473684,False
Eredivisie 2025-2026,PSV Eindhoven,2gsq05yyxwe4f8t79j6d49q6t,I. Perišić,30,2889.0,Midfielder,Attacking Midfielder,Right Winger,0.6891612425713476,lineup position code + touch geography,0.6597688174687615,11.0,83.48416289592761,64.25910931174089,1989.0,1146.0,936.0,220.0,0.6931174089068826,False
Eredivisie 2025-2026,Nijmegen Eendracht Combinatie,dse071e8zbzm8l37m64g6e1p0,K. Sano,34,3331.0,Midfielder,Central Midfielder,,0.9314696342356616,lineup position code + touch geography,0.3319273641117202,7.0,82.73001508295626,82.13082454306439,3134.0,1707.0,877.0,105.0,0.7684437264404954,False
Eredivisie 2025-2026,Feyenoord Rotterdam,dwyl0yii553i57u7azfa7d15g,A. Hadj Moussa,30,2930.0,Midfielder,Attacking Midfielder,Left Winger,0.8019098546161226,lineup position code + touch geography,0.832900370736253,7.0,82.08898944193062,61.26923076923077,2114.0,1046.0,1252.0,280.0,0.6076923076923078,False
Eredivisie 2025-2026,AFC Ajax,cx6fxszjvjam6zb3c3p0dd1jo,M. Godts,34,3330.0,Forward,Right Winger,Attacking Midfielder,0.7837618653661935,lineup position code + touch geography,0.8665379377800956,11.0,81.52337858220213,89.36708860759492,2547.0,1365.0,1199.0,282.0,0.6962025316455696,False
Eredivisie 2025-2026,FC Twente,dc119ejc7lls2rd3ywigl2smi,R. Zerrouki,32,3098.0,Midfielder,Central Midfielder,,1.0,lineup position code + touch geography,0.0,8.0,81.07088989441931,79.15768607822636,2770.0,1757.0,653.0,59.0,0.8018763796909492,False
Eredivisie 2025-2026,FC Utrecht,enimk3ibb10vk3f8vrmmhq7oq,S. El Karouani,34,3329.0,Defender,Right Back,,0.9774670743060042,lineup position code + touch geography,0.19461197103980307,3.0,80.80693815987934,88.99448345035105,3167.0,1889.0,1050.0,118.0,0.6855566700100301,False
Eredivisie 2025-2026,SC Heerenveen,aqnr6l3f02hx0soadunxbjcpg,J. Trenskow,34,3305.0,Midfielder,Attacking Midfielder,,0.9861878613219527,lineup position code + touch geography,0.13245307343752546,7.0,80.33559577677225,65.37648054145517,1898.0,1031.0,922.0,225.0,0.7250423011844331,False
Eredivisie 2025-2026,FC Groningen,d1dq7upxtawnps3wljz6wf9jo,S. Resink,24,2320.0,Midfielder,Central Midfielder,,1.0,lineup position code + touch geography,0.0,4.0,80.24132730015083,64.64594498641283,2111.0,1179.0,468.0,88.0,0.7903963414634146,False
Eredivisie 2025-2026,FC Utrecht,4ej8uchqe3rt1s5h6phjo3310,G. Zechiël,36,3522.0,Midfielder,Right Midfielder,,1.0,lineup position code + touch geography,0.0,4.0,79.2232277526395,56.07833046884368,2445.0,1434.0,594.0,121.0,0.8058375634517767,False
Eredivisie 2025-2026,SC Telstar,y1ky8sp8scl05mmfr7byy3md,J. Hardeveld,34,3305.0,Midfielder,Right Midfielder,,0.9088927875243665,lineup position code + touch geography,0.5335895610007173,3.0,79.11010558069381,63.43292682926829,2724.0,1578.0,788.0,101.0,0.6695121951219511,False
Eredivisie 2025-2026,Heracles Almelo,5i0e7e59vav8ynqzt7qrvitt6,J. Hornkamp,14,1347.0,Forward,Centre Forward,,1.0,lineup position code + touch geography,0.0,9.0,78.73303167420815,87.96099290780141,650.0,226.0,245.0,103.0,0.6560283687943262,True
Eredivisie 2025-2026,PEC Zwolle,dficbkp6sp4kw7xihaxneozpx,Y. Namli,13,1248.0,Midfielder,Left Midfielder,Left Winger,0.7084434521097238,lineup position code + touch geography,0.9639829581879785,7.0,77.33785822021116,88.5969868173258,882.0,447.0,365.0,58.0,0.6741996233521657,False
Eredivisie 2025-2026,Nijmegen Eendracht Combinatie,8gde39dg3u3kqhd8pa2mdcn2t,T. Chery,33,3235.0,Forward,Left Winger,,0.925257231050646,lineup position code + touch geography,0.4679074456301366,10.0,77.3001508295626,91.72280701754386,2023.0,1271.0,1015.0,183.0,0.7635087719298246,False
Eredivisie 2025-2026,Nijmegen Eendracht Combinatie,1gl82ymzh9vpitix6v645awa,D. Nejašmić,29,2843.0,Midfielder,Central Midfielder,,0.9897127737994946,lineup position code + touch geography,0.10452809294551128,8.0,77.18702865761689,75.35202913787835,2398.0,1365.0,454.0,50.0,0.8104298801973221,False
Eredivisie 2025-2026,SBV Excelsior,5nhideyjwp2347ryi1n9wfq50,D. Sanches Fernandes,33,3189.0,Midfielder,Left Midfielder,Left Winger,0.7443650036040599,lineup position code + touch geography,0.9256265988015006,7.0,76.7156862745098,90.118006993007,2005.0,943.0,838.0,154.0,0.7176573426573427,False
Eredivisie 2025-2026,Sparta Rotterdam,6q77vt9bp8dsq48pa97mfzsa1,T. Lauritsen,34,3293.0,Forward,Centre Forward,,1.0,lineup position code + touch geography,0.0,9.0,76.45173453996983,60.74228028503563,1831.0,747.0,755.0,270.0,0.5926365795724465,False
Eredivisie 2025-2026,SBV Excelsior,3hu6e9wa0nt4ekubxye6l4pas,I. Yegoian,31,2997.0,Midfielder,Central Midfielder,,1.0,lineup position code + touch geography,0.0,8.0,76.26319758672699,55.82248587380324,2145.0,1064.0,567.0,103.0,0.7712854757929883,False
Eredivisie 2025-2026,SC Heerenveen,9najgqcaamqj0qtiicuq9hey,R. Meerveld,31,3010.0,Midfielder,Right Midfielder,,0.9798416807088809,lineup position code + touch geography,0.1784837504164124,10.0,76.13122171945702,66.57156673114119,1674.0,890.0,673.0,153.0,0.7591876208897486,False
Eredivisie 2025-2026,Alkmaar Zaanstreek,59ynmlwky3h6m9g2r7a8igi96,T. Parrott,28,2696.0,Forward,Centre Forward,,0.9687045435098828,lineup position code + touch geography,0.2501563935027552,9.0,76.07466063348416,90.51750380517502,1296.0,537.0,598.0,221.0,0.7290715372907154,False
Eredivisie 2025-2026,PSV Eindhoven,avv12sgcucblnbfb790xovf8,R. van Bommel,6,583.0,Forward,Right Winger,,1.0,lineup position code + touch geography,0.0,11.0,75.90497737556561,63.94736842105264,345.0,164.0,155.0,32.0,0.6842105263157895,False
Eredivisie 2025-2026,Go Ahead Eagles,d8cxurdt9g5gezqlfwae7ooru,M. Meulensteen,34,3270.0,Midfielder,Defensive Midfielder,Centre Back,0.837062129601291,lineup position code + touch geography,0.7551151111441282,8.0,75.4524886877828,60.60007760402871,2809.0,1667.0,438.0,84.0,0.841743119266055,False
Eredivisie 2025-2026,Feyenoord Rotterdam,e5xuwwa4qs6zxjd7y52tslih,Q. Timber,17,1662.0,Midfielder,Central Midfielder,,1.0,lineup position code + touch geography,0.0,4.0,75.28280542986425,79.76182087238391,1017.0,565.0,365.0,81.0,0.8006482982171799,False
Eredivisie 2025-2026,Fortuna Sittard,ccmmsnrfn58gwi1petlp08f3e,L. Duijvestijn,15,1460.0,Midfielder,Central Midfielder,,0.88936913028355,lineup position code + touch geography,0.6035683383674876,10.0,75.15082956259428,60.70692570889212,947.0,491.0,299.0,52.0,0.7375231053604436,True
Eredivisie 2025-2026,SC Telstar,4cbhx91p3l265b2cejzd07gbu,P. Brouwer,30,2914.0,Forward,Right Winger,,0.9313326766113144,lineup position code + touch geography,0.441643754964887,11.0,74.58521870286576,87.19020172910663,1434.0,596.0,574.0,158.0,0.6340057636887608,False
Eredivisie 2025-2026,FC Twente,9nix5y8xcj34ps62r34udtqwa,K. Hlynsson,33,3195.0,Midfielder,Left Midfielder,,1.0,lineup position code + touch geography,0.0,10.0,74.58521870286575,66.95367132867133,1902.0,1005.0,732.0,184.0,0.7701048951048951,False
Eredivisie 2025-2026,NAC Breda,8z4wdv767cv7ddqgrkz5txsrt,B. Kemper,32,3120.0,Defender,Right Back,,0.9557712581457467,lineup position code + touch geography,0.32334917881538267,3.0,74.47209653092007,76.22129935100801,2742.0,1590.0,786.0,117.0,0.6776155717761557,False
Eredivisie 2025-2026,Go Ahead Eagles,1q0v3qpciql8rkyz4qrlvbuju,J. Breum,28,2688.0,Midfielder,Central Midfielder,,0.9866769151934409,lineup position code + touch geography,0.09230593428349163,10.0,74.39668174962294,92.02846975088968,1684.0,1039.0,554.0,77.0,0.7722419928825623,False
Eredivisie 2025-2026,SC Telstar,dk7zyk16nsnh0czeky7vi0x78,S. van Duijn,14,1360.0,Forward,Centre Forward,,0.9322949777495231,lineup position code + touch geography,0.4373816095507622,10.0,74.28355957767722,62.446808510638306,684.0,288.0,293.0,65.0,0.6413373860182371,False
Eredivisie 2025-2026,PSV Eindhoven,2yc1t7u26zctwjizi283g6q6s,P. Wanner,22,2098.0,Midfielder,Left Midfielder,,0.969466463562537,lineup position code + touch geography,0.2455443955626473,8.0,74.1892911010558,65.80472941761717,1453.0,888.0,488.0,91.0,0.8438155136268344,False
Eredivisie 2025-2026,FC Groningen,by85t8ssyumcjcks1jx3v96vo,Y. Taha,33,3190.0,Midfielder,Attacking Midfielder,Left Winger,0.8494139713536992,lineup position code + touch geography,0.723488088048395,10.0,74.09502262443439,66.44590382902939,2054.0,933.0,1135.0,192.0,0.5770258236865539,False
Eredivisie 2025-2026,Feyenoord Rotterdam,bwxn7o8ved1xo5bmfkfgzekiy,J. Bos,28,2713.0,Defender,Right Back,,0.9317189832195034,lineup position code + touch geography,0.4399362084445763,3.0,74.05731523378581,58.71555491082484,2231.0,1228.0,695.0,132.0,0.7818317200297841,False
Eredivisie 2025-2026,SC Heerenveen,b5sf6wcogrvlwuwbd8xsyyfh1,J. van Overeem,34,3303.0,Midfielder,Central Midfielder,,0.8644579701535341,lineup position code + touch geography,0.6816555079646301,4.0,73.7556561085973,80.20117181525195,3327.0,2055.0,673.0,76.0,0.751538097491718,False
Eredivisie 2025-2026,Sparta Rotterdam,8n9t52eeli3s39r8ujjhjt7je,J. Kitolano,32,3096.0,Midfielder,Central Midfielder,,1.0,lineup position code + touch geography,0.0,4.0,73.64253393665157,81.19628162145686,1845.0,878.0,393.0,78.0,0.7585492227979275,False
Eredivisie 2025-2026,Feyenoord Rotterdam,8d0ffyx2qnnp0limf5aou92ei,A. Ueda,31,3027.0,Forward,Centre Forward,,1.0,lineup position code + touch geography,0.0,9.0,73.6236802413273,72.91891083183721,1346.0,427.0,660.0,317.0,0.6786355475763016,False
Eredivisie 2025-2026,PSV Eindhoven,21k54i5a6d9bi4f6gplgzxiw9,G. Til,29,2779.0,Midfielder,Attacking Midfielder,Left Winger,0.6475555713120857,lineup position code + touch geography,0.9973887296499208,9.0,73.32202111613876,92.0183486238532,1313.0,683.0,610.0,192.0,0.7719528178243775,False
Eredivisie 2025-2026,AFC Ajax,7joybllup4h9oe6zfhcepjy6t,S. Berghuis,21,2077.0,Forward,Left Winger,Left Midfielder,0.8033145196989818,lineup position code + touch geography,0.8301186897775714,10.0,73.24660633484163,67.37696335078533,1302.0,884.0,540.0,98.0,0.7821989528795812,False
Eredivisie 2025-2026,Feyenoord Rotterdam,ahwtdhrerarmljk9bh0tcpk6i,S. Steijn,21,2031.0,Midfielder,Attacking Midfielder,,0.9169735425754915,lineup position code + touch geography,0.34548333314667073,10.0,73.15233785822022,67.52427184466019,641.0,369.0,290.0,84.0,0.7864077669902912,False
Eredivisie 2025-2026,Heracles Almelo,2zwe056wfzof0v5jv01dv9uc5,A. Hrustić,27,2605.0,Midfielder,Left Midfielder,,0.9694014794889039,lineup position code + touch geography,0.2459392267970958,4.0,72.85067873303169,89.39890710382514,1898.0,1182.0,678.0,88.0,0.697111631537861,False
Eredivisie 2025-2026,FC Groningen,ei9h1loyggj8fnf1q4jfdm710,T. van Bergen,35,3384.0,Forward,Centre Forward,Attacking Midfielder,0.8316785136218158,lineup position code + touch geography,0.7681720317050642,9.0,72.68099547511312,62.76452282157676,2158.0,775.0,1026.0,317.0,0.6504149377593361,False
Eredivisie 2025-2026,Fortuna Sittard,9zryne6aa951ltubvjo0gk12i,M. Ihattaren,28,2735.0,Midfielder,Attacking Midfielder,Left Winger,0.7178763977635783,lineup position code + touch geography,0.9552882485851893,7.0,72.47360482654602,89.36305732484075,1608.0,963.0,716.0,96.0,0.6960873521383075,False
Eredivisie 2025-2026,NAC Breda,d785q9rpqlyuyswv8f9fx4cno,M. Nassoh,28,2726.0,Midfielder,Central Midfielder,,0.9009333587073112,lineup position code + touch geography,0.5631391745976276,10.0,71.88914027149322,59.19068239865693,1558.0,838.0,493.0,95.0,0.7164179104477613,False
Eredivisie 2025-2026,Fortuna Sittard,5ghvrbmlh0tqos9iohj8f7zzd,K. Sierhuis,30,2921.0,Forward,Centre Forward,,0.9836869834211417,lineup position code + touch geography,0.1511604426754345,9.0,71.7948717948718,80.78349282296651,1268.0,496.0,533.0,164.0,0.6915584415584415,False
Eredivisie 2025-2026,PSV Eindhoven,c6ip6gwp8yvchd1n3dv42go9,Mauro Júnior,26,2498.0,Defender,Right Back,Right Midfielder,0.7661431760204083,lineup position code + touch geography,0.8952507264509451,3.0,71.77601809954751,78.988626686683,2570.0,1697.0,649.0,71.0,0.8703284258210646,False
Eredivisie 2025-2026,PEC Zwolle,2072f0p9ful9u577gdvo89yw9,K. Kostons,34,3263.0,Forward,Centre Forward,,1.0,lineup position code + touch geography,0.0,9.0,71.22926093514329,56.926102118626986,1716.0,770.0,661.0,177.0,0.6782407407407407,False
Eredivisie 2025-2026,Nijmegen Eendracht Combinatie,2yivr64anye4c0p62m16l78yc,S. Ouaissa,32,3141.0,Midfielder,Attacking Midfielder,,0.9747141184678878,lineup position code + touch geography,0.2126908022939699,2.0,71.210407239819,64.24039320822162,2105.0,947.0,1063.0,244.0,0.6925826630920464,False
Eredivisie 2025-2026,SC Heerenveen,412l28fqhx21ivpcxzn1kpilm,V. Zagaritis,35,3400.0,Defender,Right Back,,1.0,lineup position code + touch geography,0.0,3.0,71.19155354449472,72.83022002428174,2753.0,1555.0,759.0,108.0,0.7785932721712538,False
Eredivisie 2025-2026,Alkmaar Zaanstreek,3dx91sb6ktg8z1xmoti25kru,P. Koopmeiners,29,2798.0,Midfielder,Central Midfielder,,1.0,lineup position code + touch geography,0.0,4.0,71.05957767722474,70.14711796452386,1958.0,1093.0,426.0,80.0,0.7781659388646288,False
Eredivisie 2025-2026,Alkmaar Zaanstreek,8u19xeh9ugvh8f1mh7jnbbhuc,K. Smit,26,2512.0,Midfielder,Central Midfielder,,1.0,lineup position code + touch geography,0.0,4.0,71.02187028657617,78.96766234448003,2014.0,1237.0,593.0,86.0,0.8254326561324303,False
Eredivisie 2025-2026,Feyenoord Rotterdam,29fr98or3mqippn84z3p9ihhw,L. Valente,32,3116.0,Midfielder,Central Midfielder,,1.0,lineup position code + touch geography,0.0,4.0,71.02187028657617,58.22964694677144,2470.0,1454.0,794.0,107.0,0.7802887633396108,False
Eredivisie 2025-2026,Nijmegen Eendracht Combinatie,ac3lkaa1lkbsa82tfylq5zcb8,N. Lebreton,22,2150.0,Forward,Right Winger,Right Midfielder,0.75674855445165,lineup position code + touch geography,0.6438984407320896,11.0,70.90874811463046,89.08097846383669,1219.0,475.0,479.0,139.0,0.7274368231046932,False
Eredivisie 2025-2026,Nijmegen Eendracht Combinatie,ds0hd4ezvb5rw6l95rhbxtq1g,B. Önal,29,2840.0,Midfielder,Attacking Midfielder,,0.9750715869203768,lineup position code + touch geography,0.2103784056439348,3.0,70.8710407239819,62.34329797492768,1766.0,866.0,896.0,198.0,0.6383799421407907,False
Eredivisie 2025-2026,FC Twente,5m8pflpgynidzk7d9507oujje,D. Rots,33,3194.0,Midfielder,Attacking Midfielder,Left Winger,0.8177894397550314,lineup position code + touch geography,0.7999074647899741,7.0,70.85218702865762,61.993865030674854,2097.0,985.0,1011.0,219.0,0.628396143733567,False
Eredivisie 2025-2026,FC Utrecht,8ymqihdfqc7esda7y407lebx1,D. de Wit,29,2839.0,Midfielder,Central Midfielder,Centre Forward,0.8204842680715316,lineup position code + touch geography,0.7939648684216214,10.0,70.58823529411764,60.71699030105,1802.0,846.0,439.0,128.0,0.7122060470324748,False
Eredivisie 2025-2026,PEC Zwolle,684nd3xjli51z43pbla0mwa21,T. Oosting,34,3263.0,Midfielder,Left Midfielder,,0.9843391570672189,lineup position code + touch geography,0.14635962642372308,10.0,70.55052790346907,59.76511375947996,1840.0,895.0,500.0,113.0,0.7015384615384616,False
Eredivisie 2025-2026,Feyenoord Rotterdam,43ib46nh45n9oajf5rmaz4f6x,Hwang In-Beom,17,1659.0,Midfielder,Central Midfielder,,1.0,lineup position code + touch geography,0.0,8.0,70.47511312217195,64.28067185978578,969.0,602.0,297.0,36.0,0.7816455696202531,False
Eredivisie 2025-2026,Go Ahead Eagles,1tmihr54maqj0h7785cg9ez56,M. Suray,32,3074.0,Midfielder,Right Midfielder,,0.8841469066908916,lineup position code + touch geography,0.6209162875850742,11.0,70.38084464555052,88.54075035491348,1507.0,735.0,571.0,136.0,0.7086330935251799,False
Eredivisie 2025-2026,Sparta Rotterdam,536qjh4gcmpo5q68ti87e60kq,S. Mito,25,2415.0,Midfielder,Right Midfielder,,0.8864292671257454,lineup position code + touch geography,0.6134014826829589,11.0,69.24962292609352,62.09569473318819,1302.0,591.0,572.0,153.0,0.6797202797202797,False
Eredivisie 2025-2026,PSV Eindhoven,b0me6l44boibnwpbtasxoy02x,S. Dest,27,2590.0,Defender,Left Back,,1.0,lineup position code + touch geography,0.0,2.0,68.96681749622925,57.57100591715976,2497.0,1580.0,767.0,100.0,0.836094674556213,False
Eredivisie 2025-2026,SC Heerenveen,5oghztk07za2yuqq4jnav22y2,M. Rivera,30,2914.0,Midfielder,Attacking Midfielder,,0.9870885401380929,lineup position code + touch geography,0.1255057856780618,11.0,68.7971342383107,62.43093922651934,1667.0,719.0,881.0,221.0,0.6408839779005524,False
Eredivisie 2025-2026,FC Twente,a339o11ut8s1o9odm6ybc4pka,T. van den Belt,32,3096.0,Midfielder,Central Midfielder,,1.0,lineup position code + touch geography,0.0,4.0,68.55203619909503,66.15729783037474,1935.0,1104.0,565.0,125.0,0.7878275570583263,False
Eredivisie 2025-2026,FC Twente,6wwk8y9mklkh8x606ynhe1lp0,S. Ørjasæter,30,2898.0,Midfielder,Attacking Midfielder,Right Winger,0.8155586829975381,lineup position code + touch geography,0.8047500397733868,11.0,68.4577677224736,64.21956295525494,1614.0,786.0,931.0,254.0,0.6919875130072841,False
Eredivisie 2025-2026,SBV Excelsior,6coor7jll29drx4kgvyt499wq,N. Naujoks,31,2995.0,Midfielder,Left Midfielder,Left Winger,0.8253380277827297,lineup position code + touch geography,0.7830026271272459,10.0,68.40120663650075,53.09371153250497,1655.0,665.0,538.0,168.0,0.6722151088348272,False
Eredivisie 2025-2026,SC Telstar,1zybkcmp40td92a6yg8sw9uga,T. Owusu,22,2135.0,Midfielder,Central Midfielder,,0.9048400060280304,lineup position code + touch geography,0.548819037494646,7.0,68.28808446455506,66.36610142737953,1231.0,651.0,381.0,56.0,0.7427785419532325,False
Eredivisie 2025-2026,PSV Eindhoven,d36na8jr6xcc8eronhy8mcz1m,K. Sildillia,21,2014.0,Defender,Left Back,,1.0,lineup position code + touch geography,0.0,2.0,68.21266968325793,50.16869564659072,1452.0,897.0,413.0,68.0,0.7586206896551724,False
Eredivisie 2025-2026,Go Ahead Eagles,2ekx0fvuf0dsat062oj430d05,G. Nauber,9,880.0,Defender,Left Back,,1.0,lineup position code + touch geography,0.0,5.0,68.21266968325793,69.25134688802605,737.0,485.0,70.0,35.0,0.8800813008130082,False
Eredivisie 2025-2026,Alkmaar Zaanstreek,73lwz4he5erpp25zi8crjvztg,I. Jensen,33,3181.0,Midfielder,Right Midfielder,Right Winger,0.6990329579743055,lineup position code + touch geography,0.7436186003342194,11.0,68.02413273001508,65.41711229946524,1618.0,798.0,673.0,120.0,0.7262032085561497,False
Eredivisie 2025-2026,AFC Ajax,8hgpvnzy2mra3ps209tniq7f8,O. Gloukh,29,2816.0,Midfielder,Central Midfielder,,0.8522796126148497,lineup position code + touch geography,0.7158073174778243,10.0,67.72247360482655,63.690712804747264,1419.0,853.0,569.0,108.0,0.7573604060913706,False
Eredivisie 2025-2026,SC Telstar,14csdlb8p0tnj6zqrs148ct1w,J. Ritmeester van de Kamp,28,2727.0,Forward,Centre Forward,Central Midfielder,0.7941959059823793,lineup position code + touch geography,0.5922727306021979,10.0,67.62820512820512,65.90033801085733,1381.0,706.0,455.0,70.0,0.7509986684420773,False
Eredivisie 2025-2026,SBV Excelsior,30t0ph1icrggc0x62om801ses,G. de Regt,34,3287.0,Midfielder,Attacking Midfielder,Right Winger,0.7340243686047199,lineup position code + touch geography,0.9381388101314347,11.0,67.17571644042233,86.13592233009709,1751.0,925.0,799.0,141.0,0.6038834951456311,False
Eredivisie 2025-2026,Feyenoord Rotterdam,1pezvbb0n8z7hu5063jysg2s4,L. Sauer,20,1941.0,Midfielder,Attacking Midfielder,Right Winger,0.7039368471196706,lineup position code + touch geography,0.9677971131462517,11.0,67.1003016591252,62.87671232876713,917.0,407.0,482.0,147.0,0.6536203522504893,False
Eredivisie 2025-2026,SC Heerenveen,eu6pfkiah7otafyryg6ll7y09,L. Brouwers,31,3015.0,Midfielder,Central Midfielder,,1.0,lineup position code + touch geography,0.0,4.0,66.7420814479638,82.27606763005622,1527.0,884.0,399.0,99.0,0.8076514346439958,False
Eredivisie 2025-2026,SC Telstar,4bkb8qjb5n33wxfopju8r1mtx,D. Bakker,30,2917.0,Defender,Right Back,,1.0,lineup position code + touch geography,0.0,4.0,66.72322775263952,57.51000749541559,2598.0,1551.0,320.0,107.0,0.8326046221111805,False
Eredivisie 2025-2026,AFC Ajax,47l204bkq2qqjhtazusr0019m,Y. Baas,33,3231.0,Defender,Right Back,,1.0,lineup position code + touch geography,0.0,6.0,66.68552036199095,55.667327720509384,3504.0,2501.0,200.0,52.0,0.9153543307086616,False
Eredivisie 2025-2026,PSV Eindhoven,5lvdnoyknuoyr6kdruposgctl,J. Schouten,28,2699.0,Defender,Left Back,Left Midfielder,0.7377479017304904,lineup position code + touch geography,0.9337725125524619,5.0,66.55354449472097,68.61671910941243,2783.0,1988.0,384.0,45.0,0.9010339734121122,False
Eredivisie 2025-2026,FC Twente,ewwo2c7kw1b1okrngjl4j4dm1,S. Lammers,25,2403.0,Forward,Centre Forward,,1.0,lineup position code + touch geography,0.0,9.0,66.49698340874812,89.83018867924528,990.0,445.0,452.0,183.0,0.709433962264151,False
Eredivisie 2025-2026,FC Utrecht,2tc8y9du64tjno62zll2jhy7e,Y. Cathline,28,2743.0,Midfielder,Right Midfielder,,0.8623630906007973,lineup position code + touch geography,0.6877083694544833,11.0,66.45927601809954,86.18666666666665,1488.0,583.0,637.0,165.0,0.6053333333333333,False
Eredivisie 2025-2026,FC Volendam,7053nqhl9wu2u1kegzo9aopg5,B. Kuwas,32,3082.0,Midfielder,Left Midfielder,Left Winger,0.6876297105406882,lineup position code + touch geography,0.979784714575859,7.0,66.4027149321267,70.53097345132744,1353.0,575.0,511.0,79.0,0.6342182890855457,False
Eredivisie 2025-2026,FC Volendam,ealh7n21gctxxw5ol3l3yxzze,Y. Leliendal,32,3089.0,Defender,Right Back,,0.9525377190251082,lineup position code + touch geography,0.34034180401279807,3.0,66.40271493212668,69.59711118158766,2738.0,1461.0,467.0,55.0,0.7699287103046014,False
Eredivisie 2025-2026,FC Volendam,64kb0lmkr24rmh59hb01m268k,R. van Cruijsen,24,2306.0,Midfielder,Left Midfielder,,0.964024289782757,lineup position code + touch geography,0.27769997680002184,10.0,66.23303167420815,64.04950495049503,907.0,467.0,281.0,46.0,0.6871287128712871,False
Eredivisie 2025-2026,PEC Zwolle,6u7z5qrlwzl9aug8awejq37xl,Jamiro Monteiro,21,2027.0,Midfielder,Right Midfielder,,1.0,lineup position code + touch geography,0.0,8.0,66.13876319758671,52.2053814011834,1133.0,605.0,195.0,31.0,0.7716049382716049,False
Eredivisie 2025-2026,NAC Breda,3c2wqlde0kovi9hii52egaimt,L. Holtby,30,2931.0,Midfielder,Central Midfielder,,0.8780522194943932,lineup position code + touch geography,0.6404864579955997,8.0,66.0444947209653,90.13719505309574,1514.0,841.0,458.0,87.0,0.7353603603603603,False
Eredivisie 2025-2026,Nijmegen Eendracht Combinatie,4pqi5vt820333t5zsj2refc2d,B. Linssen,32,3133.0,Forward,Right Winger,,0.9713079812137559,lineup position code + touch geography,0.23423818185223885,11.0,65.74283559577677,64.10815939278937,1137.0,441.0,555.0,191.0,0.6888045540796963,False
Eredivisie 2025-2026,NAC Breda,c3j7ddqg0yzporam6gieibgiy,C. Brym,24,2339.0,Forward,Left Winger,Attacking Midfielder,0.6332132160239612,lineup position code + touch geography,0.9996539465159371,10.0,65.38461538461539,62.31028667790894,1181.0,476.0,524.0,115.0,0.6374367622259696,False
Eredivisie 2025-2026,Heracles Almelo,792zq4joba1qgt0lusvrjantg,L. Zeefuik,13,1251.0,Forward,Centre Forward,,1.0,lineup position code + touch geography,0.0,9.0,65.30920060331826,54.91130406579011,693.0,189.0,315.0,103.0,0.5,True
Eredivisie 2025-2026,FC Twente,5r47vtvu418kae5j2rpv6w2dw,M. Rots,34,3289.0,Defender,Right Back,,1.0,lineup position code + touch geography,0.0,3.0,65.2337858220211,60.06686164595012,3018.0,1728.0,844.0,143.0,0.7335120643431635,False
Eredivisie 2025-2026,Sparta Rotterdam,7ty1wdxxnusgkl34k5raipbl5,M. van Bergen,29,2807.0,Midfielder,Attacking Midfielder,Left Winger,0.8360982751677395,lineup position code + touch geography,0.7574845834625956,7.0,65.15837104072398,62.116349047141426,1546.0,838.0,846.0,140.0,0.6318956870611836,True
Eredivisie 2025-2026,FC Groningen,f4liap69r76gyc8pnxsergbqi,T. de Jonge,29,2795.0,Midfielder,Left Midfielder,,1.0,lineup position code + touch geography,0.0,8.0,64.9321266968326,51.71374933867288,1551.0,864.0,329.0,59.0,0.7440860215053764,False
Eredivisie 2025-2026,Sparta Rotterdam,2nwthqvbk70e2qo35dgp35979,V. van Crooij,10,952.0,Midfielder,Central Midfielder,Centre Forward,0.8200000000000001,lineup position code + touch geography,0.7950402793845223,10.0,64.72473604826546,62.462686567164184,471.0,253.0,168.0,31.0,0.6417910447761195,True
Eredivisie 2025-2026,FC Twente,qobf1v5kwuz6hj2ooixfw4mi,B. van Rooij,33,3192.0,Defender,Left Back,,1.0,lineup position code + touch geography,0.0,2.0,64.51734539969834,79.12942524303423,3400.0,2132.0,802.0,128.0,0.7824116047144152,False
Eredivisie 2025-2026,Feyenoord Rotterdam,9d4ald4f0m2imaastzen4j8mi,O. Targhalline,25,2435.0,Midfielder,Central Midfielder,,1.0,lineup position code + touch geography,0.0,8.0,64.49849170437406,74.17006071062187,1826.0,1090.0,330.0,22.0,0.8439716312056738,False
Eredivisie 2025-2026,FC Volendam,3dc82sro077by40u3qdmhw0r9,B. Ould-Chikh,12,1160.0,Midfielder,Attacking Midfielder,Left Winger,0.7391163034253625,lineup position code + touch geography,0.9321286539477479,7.0,64.4607843137255,62.10526315789473,569.0,309.0,292.0,44.0,0.631578947368421,False
Eredivisie 2025-2026,FC Utrecht,egcs7b6ixb62ep08t7jznf9ih,V. Jensen,8,771.0,Midfielder,Central Midfielder,Centre Forward,0.6960922995314296,lineup position code + touch geography,0.9739169286657711,10.0,64.24396681749623,59.42420152946468,318.0,151.0,99.0,32.0,0.8187134502923976,False
Eredivisie 2025-2026,Feyenoord Rotterdam,6fdwd71dx2qu7uzzs3ozm9x7u,T. Watanabe,30,2937.0,Defender,Centre Back,,1.0,lineup position code + touch geography,0.0,6.0,63.97058823529411,58.14057917622397,2705.0,1819.0,222.0,81.0,0.889487870619946,False
Eredivisie 2025-2026,Nijmegen Eendracht Combinatie,8kydif03gk6apce8xwl9w3ht5,T. Ouwejan,7,681.0,Defender,Right Back,,0.8830081300813009,lineup position code + touch geography,0.6246274193877237,6.0,63.95173453996984,63.02471498205211,329.0,206.0,107.0,8.0,0.7122641509433962,False
Eredivisie 2025-2026,Heracles Almelo,8oetnmi8kejwwy37rhlelw2ne,W. Ould-Chikh,24,2323.0,Midfielder,Central Midfielder,Centre Forward,0.7991040407656187,lineup position code + touch geography,0.6088658119737849,11.0,63.93288084464555,86.69179229480737,1148.0,537.0,379.0,44.0,0.6197654941373534,False
Eredivisie 2025-2026,Sparta Rotterdam,ccmmsnrfn58gwi1petlp08f3e,L. Duijvestijn,13,1263.0,Midfielder,Central Midfielder,,0.9786160995418123,lineup position code + touch geography,0.18687314874195005,10.0,63.85746606334842,65.01501501501501,592.0,301.0,216.0,39.0,0.7147147147147147,True
Eredivisie 2025-2026,PEC Zwolle,d29ahwtvs7ls75wdtkf7xr8tm,Z. Buurmeester,22,2097.0,Midfielder,Right Midfielder,,1.0,lineup position code + touch geography,0.0,4.0,63.55580693815988,55.79143460909371,1076.0,581.0,278.0,44.0,0.7580645161290323,True
Eredivisie 2025-2026,SC Heerenveen,c9shc6t28oroqthopifjvg9ux,D. Vente,31,3016.0,Forward,Centre Forward,,0.9232776728318485,lineup position code + touch geography,0.4762331405758361,9.0,63.25414781297134,63.39080459770115,1241.0,524.0,520.0,188.0,0.6683087027914614,False
Eredivisie 2025-2026,FC Groningen,3aly8eihwfvtwde7dg0k18w7o,J. Schreuders,35,3384.0,Midfielder,Right Midfielder,,1.0,lineup position code + touch geography,0.0,11.0,63.21644042232277,87.19231803083541,2173.0,1183.0,788.0,102.0,0.7892690513219285,False
Eredivisie 2025-2026,Fortuna Sittard,2ifp36vdm0d6rb3xc7muuvv11,D. Limnios,34,3321.0,Midfielder,Left Midfielder,,0.8249538845880116,lineup position code + touch geography,0.6384997349196788,7.0,63.00904977375566,64.96,1589.0,803.0,601.0,87.0,0.7131428571428571,False
Eredivisie 2025-2026,Alkmaar Zaanstreek,czlf1kiqdfepc61hwfutoydqs,Weslley Patati,27,2606.0,Midfielder,Left Midfielder,Left Winger,0.6327057045215563,lineup position code + touch geography,0.999695394824245,7.0,62.933634992458515,64.44776119402985,1306.0,536.0,562.0,145.0,0.6985074626865672,False
Eredivisie 2025-2026,Nijmegen Eendracht Combinatie,dgex06nxjy9fdvc12o8keg99l,K. Ogawa,26,2552.0,Forward,Centre Forward,,0.9707913995366341,lineup position code + touch geography,0.23743304467812884,9.0,62.40573152337858,55.96749226006192,716.0,210.0,357.0,121.0,0.6578947368421053,False
Eredivisie 2025-2026,Feyenoord Rotterdam,4qr07cfbwquppkww057mb9tk9,J. Moder,10,981.0,Midfielder,Central Midfielder,Centre Forward,0.7579916674557334,lineup position code + touch geography,0.7607015535765184,10.0,62.33031674208145,84.6712257706492,745.0,387.0,275.0,53.0,0.7357142857142858,False
Eredivisie 2025-2026,PEC Zwolle,ekur9x1kzp8wq0lwfwev0b0bu,K. de Rooij,32,3073.0,Midfielder,Right Midfielder,Right Winger,0.721656050955414,lineup position code + touch geography,0.9515321845441767,11.0,62.27375565610859,86.8013468013468,1339.0,506.0,462.0,99.0,0.6228956228956228,False
Eredivisie 2025-2026,SC Heerenveen,ar7llmzju08n8yrqu8xm1thck,O. Braude,33,3205.0,Defender,Left Back,,1.0,lineup position code + touch geography,0.0,2.0,62.23604826546003,61.930492715573024,2984.0,1741.0,646.0,103.0,0.7552836484983315,False
Eredivisie 2025-2026,Alkmaar Zaanstreek,nw48ayorxrpxwcxbdhxy44k4,B. van Duijl,7,674.0,Defender,Right Back,,1.0,lineup position code + touch geography,0.0,4.0,62.198340874811464,41.93238823331279,558.0,351.0,35.0,8.0,0.8060941828254847,False
Eredivisie 2025-2026,PSV Eindhoven,emglxnqrlqskt8krglv7sziwa,R. Pepi,26,2499.0,Forward,Centre Forward,,1.0,lineup position code + touch geography,0.0,9.0,62.179487179487175,92.90909090909088,728.0,298.0,332.0,151.0,0.7974025974025973,False
Eredivisie 2025-2026,SBV Excelsior,5wwqe546ohp130rvi8x8pt0tm,A. Zagré,30,2902.0,Defender,Right Back,,0.954761920294346,lineup position code + touch geography,0.32870374910121747,3.0,62.12292609351433,63.93273848828339,2225.0,1318.0,498.0,67.0,0.797432239657632,False
Eredivisie 2025-2026,Go Ahead Eagles,1m0qpbce7dob7mdbo7titbqp5,V. Edvardsen,26,2494.0,Forward,Centre Forward,Attacking Midfielder,0.6660202487295224,lineup position code + touch geography,0.9913513566906145,9.0,61.99095022624435,61.54670750382849,1069.0,590.0,531.0,138.0,0.6156202143950995,False
Eredivisie 2025-2026,FC Groningen,1c4fzmrwmlwaqmqomge14rqc4,D. Janse,32,3096.0,Defender,Centre Back,,1.0,lineup position code + touch geography,0.0,6.0,61.972096530920055,62.53753370245363,2620.0,1734.0,182.0,64.0,0.858356940509915,False
Eredivisie 2025-2026,AFC Ajax,4n18t6bixl6ba3bx76hym51qs,A. Gaaei,28,2751.0,Defender,Left Back,,1.0,lineup position code + touch geography,0.0,2.0,61.84012066365008,91.95027195027194,1911.0,1226.0,580.0,85.0,0.77000777000777,False
Eredivisie 2025-2026,SC Telstar,1k60tee702idfrp0ibca1s57u,G. Offerhaus,33,3208.0,Defender,Centre Back,Defensive Midfielder,0.8177224646064296,lineup position code + touch geography,0.8000538634666509,5.0,61.76470588235294,72.11042362871112,2420.0,1426.0,321.0,42.0,0.7834132967786155,False
Eredivisie 2025-2026,FC Utrecht,33yauarx84sam5u05vgyqxfxl,J. Karlsson,18,1782.0,Midfielder,Right Midfielder,Right Winger,0.7383884090760764,lineup position code + touch geography,0.9330057044916584,11.0,61.76470588235294,62.24907063197025,533.0,226.0,235.0,56.0,0.6356877323420074,False
Eredivisie 2025-2026,FC Utrecht,9ano8w4jrlk6zq92rxchzaru2,Miguel Rodríguez,24,2326.0,Midfielder,Left Midfielder,Left Winger,0.6582259817752902,lineup position code + touch geography,0.9943296834600999,10.0,61.67043740573152,62.10526315789473,1136.0,431.0,446.0,95.0,0.631578947368421,False
Eredivisie 2025-2026,Nijmegen Eendracht Combinatie,913pg8qqcjp99h5fjybbenob9,P. Sandler,25,2437.0,Defender,Centre Back,,0.889292429745254,lineup position code + touch geography,0.41514365376260853,5.0,61.59502262443439,50.54549825416347,1868.0,1208.0,206.0,51.0,0.8906122448979592,False
Eredivisie 2025-2026,PSV Eindhoven,biee6dvb524juzai7iryyskix,D. Man,25,2404.0,Midfielder,Attacking Midfielder,Left Winger,0.8120860477003555,lineup position code + touch geography,0.8121517515463267,7.0,61.44419306184012,66.72090112640801,1304.0,662.0,631.0,155.0,0.7634543178973717,False
Eredivisie 2025-2026,Go Ahead Eagles,61a5bh5xw947nv4mxx62gqaqx,J. Kramer,34,3270.0,Defender,Right Back,,1.0,lineup position code + touch geography,0.0,6.0,61.34992458521872,55.724737876987064,3234.0,2136.0,284.0,76.0,0.8630073800738007,False
Eredivisie 2025-2026,AFC Ajax,57btqxe5sy3ygzxpp55p4umdx,W. Weghorst,29,2848.0,Forward,Centre Forward,,0.9934031616406963,lineup position code + touch geography,0.07269982884531134,9.0,61.34992458521871,64.80799999999999,1207.0,551.0,512.0,204.0,0.7088,False
Eredivisie 2025-2026,SC Telstar,52cqyvn8cfh83i5zwm3181pbe,T. Noslin,34,3305.0,Midfielder,Left Midfielder,,0.9724213053221678,lineup position code + touch geography,0.22728901142235153,2.0,61.31221719457013,59.86415364473056,2095.0,895.0,652.0,118.0,0.6570289132602194,False
Eredivisie 2025-2026,AFC Ajax,brfa9yhy2llgt9l75unddogk,J. Mokio,28,2756.0,Midfielder,Central Midfielder,,0.893885040196815,lineup position code + touch geography,0.44340826567382446,4.0,61.02941176470588,65.33197453821472,1500.0,795.0,253.0,43.0,0.8063754427390791,False
Eredivisie 2025-2026,Fortuna Sittard,eyzcfyn1crjcgmm98uk9u8oyy,É. Michut,20,1951.0,Midfielder,Central Midfielder,,1.0,lineup position code + touch geography,0.0,8.0,60.859728506787334,73.08263918186424,1381.0,711.0,335.0,46.0,0.825065274151436,False
Eredivisie 2025-2026,FC Groningen,98qi4clazqen9kimkxt3jb6j9,M. Peersman,34,3289.0,Defender,Right Back,,1.0,lineup position code + touch geography,0.0,3.0,60.80316742081448,53.74425742759189,2831.0,1603.0,597.0,95.0,0.7357357357357357,False
Eredivisie 2025-2026,NAC Breda,4f8xb5sbyksacxmifi375h7qi,K. Sowah,33,3218.0,Midfielder,Right Midfielder,,0.9517375385947844,lineup position code + touch geography,0.344475863435565,11.0,60.76546003016591,64.61118842698767,2161.0,1151.0,608.0,87.0,0.7396593673965937,False
Eredivisie 2025-2026,Go Ahead Eagles,ciguyr553yqapqfudim9af46h,M. Deijl,19,1837.0,Defender,Left Back,,1.0,lineup position code + touch geography,0.0,2.0,60.72775263951734,52.52256412046369,1527.0,958.0,378.0,70.0,0.8143289606458123,True
Eredivisie 2025-2026,Fortuna Sittard,44m4s9f1ckgdavmqjo0icx016,R. Fosso,17,1667.0,Midfielder,Defensive Midfielder,,0.912929783801881,lineup position code + touch geography,0.518026869019474,4.0,60.388386123680235,49.241508578948384,1213.0,695.0,150.0,16.0,0.8547717842323651,False
Eredivisie 2025-2026,Heracles Almelo,bzsoq42nf6sgdh9oe64n7rnfu,B. Limbombe,22,2125.0,Midfielder,Left Midfielder,,0.8578559945849902,lineup position code + touch geography,0.53810711336892,7.0,60.3318250377074,63.12217194570135,799.0,376.0,333.0,55.0,0.6606334841628959,False
Eredivisie 2025-2026,FC Groningen,4dk7h575fifmw2lhslevhmhux,M. Rente,30,2893.0,Defender,Left Back,,1.0,lineup position code + touch geography,0.0,2.0,60.33182503770739,58.042456276352524,2098.0,1146.0,521.0,95.0,0.7153652392947103,False
Eredivisie 2025-2026,Alkmaar Zaanstreek,3uq3lrjyj4mnvq6162b0jyhnt,M. de Wit,31,2988.0,Defender,Right Back,,0.9941851633850418,lineup position code + touch geography,0.0654990636995084,3.0,59.93589743589744,75.40274215109763,2398.0,1536.0,500.0,109.0,0.8181818181818181,False
Eredivisie 2025-2026,Alkmaar Zaanstreek,ck3l6a262hves3v6nywarx9pm,Alexandre Penetra,33,3178.0,Defender,Centre Back,,1.0,lineup position code + touch geography,0.0,6.0,59.803921568627445,59.76434699217019,2822.0,1933.0,160.0,57.0,0.8805740645822655,False
Eredivisie 2025-2026,SC Telstar,cp866ucakmwqiwxrstkaxwgt0,N. Rossen,28,2724.0,Midfielder,Central Midfielder,,0.9467532249395324,lineup position code + touch geography,0.3696284706376902,8.0,59.59653092006033,60.97206191590136,1435.0,822.0,279.0,35.0,0.8331360946745562,False
Eredivisie 2025-2026,NAC Breda,8nnxi9lw3hso096kk81h0azh0,J. Talvitie,27,2632.0,Midfielder,Left Midfielder,,0.8749251397391536,lineup position code + touch geography,0.5154517928454428,7.0,59.55882352941177,61.45528455284553,1116.0,507.0,496.0,89.0,0.6130081300813008,False
Eredivisie 2025-2026,PEC Zwolle,1rd0zzpp3dn0y7qtxwc57g7h1,R. Thomas,27,2589.0,Midfielder,Defensive Midfielder,,1.0,lineup position code + touch geography,0.0,4.0,59.539969834087486,52.92547850971439,1976.0,1034.0,293.0,30.0,0.7808471454880295,False
Eredivisie 2025-2026,FC Volendam,6svx5u21jrcch3ewpqqbxukmh,J. Bacuna,13,1254.0,Midfielder,Central Midfielder,,0.8391177495209893,lineup position code + touch geography,0.592437361282339,8.0,59.3891402714932,58.44811480155217,778.0,367.0,205.0,30.0,0.6502463054187192,False
Eredivisie 2025-2026,SBV Excelsior,cdhqb1a4h246hu0u13pm0tqay,I. Bronkhorst,33,3188.0,Defender,Left Back,,0.9344256104448794,lineup position code + touch geography,0.42784133702253374,2.0,59.332579185520366,66.03899811276557,2476.0,1483.0,579.0,60.0,0.6954515491100857,False
Eredivisie 2025-2026,Alkmaar Zaanstreek,b94d67jluhh4076wp2se5fqsq,D. Kasius,17,1634.0,Defender,Left Back,,0.9322263040937175,lineup position code + touch geography,0.43768672722707325,2.0,58.97435897435897,91.1898211829436,1145.0,673.0,388.0,88.0,0.7482806052269602,False
Eredivisie 2025-2026,AFC Ajax,baakmd4ndnulbl9npvmq90mvp,D. Klaassen,31,3040.0,Midfielder,Central Midfielder,,1.0,lineup position code + touch geography,0.0,7.0,58.91779788838612,61.205915024835534,1435.0,800.0,363.0,97.0,0.777122641509434,False
Eredivisie 2025-2026,AFC Ajax,35qg0rrwtl00pycx468s62m3u,K. Taylor,15,1461.0,Midfielder,Right Midfielder,,1.0,lineup position code + touch geography,0.0,4.0,58.880090497737555,65.78185010424669,1036.0,656.0,318.0,83.0,0.8245363766048502,False
Eredivisie 2025-2026,Sparta Rotterdam,dbg4ducw8j747foxiexle1iad,P. Clement,26,2523.0,Midfielder,Central Midfielder,,0.9782964012959963,lineup position code + touch geography,0.13748201505725705,4.0,58.84238310708899,67.51721485809368,1227.0,671.0,263.0,36.0,0.7705382436260624,False
Eredivisie 2025-2026,Heracles Almelo,6ok4k757utbtswx5618xffsru,I. Mesík,30,2889.0,Defender,Right Back,,1.0,lineup position code + touch geography,0.0,3.0,58.710407239819006,47.44400373036755,2075.0,1145.0,365.0,95.0,0.7629815745393635,False
Eredivisie 2025-2026,Alkmaar Zaanstreek,wuh8s4gfo9ro3nel3rormg44,R. Daal,24,2308.0,Midfielder,Attacking Midfielder,,0.8578218504990899,lineup position code + touch geography,0.7005728811619145,11.0,58.65384615384616,64.83478260869565,985.0,477.0,431.0,113.0,0.7095652173913043,False
Eredivisie 2025-2026,PSV Eindhoven,cmdeqxibr6holfqg17ap9uihg,Yarek Gąsiorowski,29,2778.0,Defender,Right Back,,0.9909150764261239,lineup position code + touch geography,0.09449766960705584,6.0,58.4841628959276,44.481869800067194,2223.0,1540.0,100.0,41.0,0.9142125480153648,False
Eredivisie 2025-2026,Feyenoord Rotterdam,447abno2j0ux8fsxzs6fel7th,A. Ahmedhodžić,26,2529.0,Goalkeeper,Goalkeeper,,1.0,goalkeeper events + lineup,0.0,5.0,58.44645550527903,46.67898658446707,2226.0,1465.0,227.0,61.0,0.9051782111634162,False
Eredivisie 2025-2026,NAC Breda,4ported2opjp4xbp87bpqb6z8,M. Soumano,16,1558.0,Forward,Right Winger,,0.9124221466508731,lineup position code + touch geography,0.5200058788445344,9.0,58.06938159879335,48.55263157894736,579.0,198.0,262.0,87.0,0.6729323308270676,False
Eredivisie 2025-2026,Nijmegen Eendracht Combinatie,4mz9mhuv21kti5x38fb36q2g9,Y. El Kachati,19,1861.0,Forward,Centre Forward,Attacking Midfielder,0.8016350680748188,lineup position code + touch geography,0.6441761496363498,0.0,57.99396681749622,62.290502793296085,388.0,141.0,232.0,73.0,0.6368715083798883,False
Eredivisie 2025-2026,NAC Breda,7qwmlcxsxlxmq01g7dkt7v14a,M. Balard,32,3116.0,Goalkeeper,Goalkeeper,,0.9553169545094731,goalkeeper events + lineup,0.325765041938274,8.0,57.93740573152338,53.71352276879029,2136.0,1307.0,346.0,33.0,0.832468495181616,False
Eredivisie 2025-2026,NAC Breda,a3m4r77behilkcznll07b7d1x,C. Leemans,31,3018.0,Midfielder,Right Midfielder,Right Back,0.6583635622142565,lineup position code + touch geography,0.9942825651357439,6.0,57.748868778280546,83.90129866326173,1597.0,1062.0,378.0,47.0,0.7527372262773723,False
Eredivisie 2025-2026,SC Telstar,avyhrrfkeizd3za28ni67x82c,C. Hatenboer,15,1453.0,Midfielder,Central Midfielder,,1.0,lineup position code + touch geography,0.0,8.0,57.35294117647059,55.93597912141931,1004.0,581.0,201.0,19.0,0.722488038277512,False
Eredivisie 2025-2026,SC Heerenveen,b4efh7m2z28zc5gx250vvdzze,L. Nordås,17,1639.0,Forward,Centre Forward,,1.0,lineup position code + touch geography,0.0,9.0,57.35294117647059,60.97517730496453,680.0,219.0,307.0,121.0,0.5992907801418439,False
Eredivisie 2025-2026,Fortuna Sittard,9o10vhew3jar8tqnkabw0qoyx,J. Lonwijk,15,1471.0,Midfielder,Central Midfielder,,0.9371017281248345,lineup position code + touch geography,0.41565125164260186,10.0,57.202111613876326,80.38866329758974,619.0,213.0,187.0,41.0,0.5450819672131147,False
Eredivisie 2025-2026,Go Ahead Eagles,c6ufljjgl050g9xn7e9ma7hg4,M. Smit,19,1837.0,Forward,Centre Forward,,1.0,lineup position code + touch geography,0.0,9.0,57.18325791855204,60.18555985469567,638.0,225.0,237.0,70.0,0.6541353383458647,False
Eredivisie 2025-2026,SC Heerenveen,e5hzt8nmhu2ktn69dsv67ga38,M. Linday,33,3208.0,Midfielder,Central Midfielder,,1.0,lineup position code + touch geography,0.0,8.0,57.01357466063348,78.16665057551032,2129.0,1291.0,386.0,35.0,0.8426547352721849,False
Eredivisie 2025-2026,FC Volendam,d7ml58kwwpetvnw46qja9ru5m,A. Descotte,14,1346.0,Midfielder,Central Midfielder,Centre Forward,0.6649030984044877,lineup position code + touch geography,0.9918169017213534,11.0,56.84389140271494,58.55247947557618,501.0,201.0,214.0,73.0,0.6311475409836065,False
Eredivisie 2025-2026,FC Utrecht,2t2mq9pun2hrdvadnpixxvlzo,A. Blake,25,2460.0,Midfielder,Attacking Midfielder,Right Winger,0.7875300068587106,lineup position code + touch geography,0.5918601537185352,11.0,56.69306184012066,63.87530562347188,715.0,327.0,328.0,86.0,0.6821515892420538,False
Eredivisie 2025-2026,Fortuna Sittard,2fbolmn7pyvn5oto4zoeqguwa,N. Kasanwirjo,16,1556.0,Defender,Left Back,,0.8871225505009415,lineup position code + touch geography,0.6110982964220428,2.0,56.504524886877824,43.33663160933859,1170.0,694.0,120.0,17.0,0.8016759776536313,False
Eredivisie 2025-2026,Alkmaar Zaanstreek,es363spp9pgd4hralx6ni2xw4,M. Chávez,20,1934.0,Defender,Right Back,,0.9420274522070323,lineup position code + touch geography,0.3925816810336275,3.0,56.42911010558069,56.044497607655494,972.0,514.0,220.0,54.0,0.729090909090909,False
Eredivisie 2025-2026,Nijmegen Eendracht Combinatie,4kns22wbu3emy5oxbpr52rdud,E. Dasa,22,2154.0,Defender,Left Back,,0.9901832627930545,lineup position code + touch geography,0.10063746027066364,6.0,56.29713423831071,54.838150434516784,1623.0,1062.0,394.0,45.0,0.8052536231884058,False
Eredivisie 2025-2026,Sparta Rotterdam,6yush35gfp1sgyyzicye73rp,P. van Aanholt,13,1268.0,Defender,Right Back,,0.9618646871966823,lineup position code + touch geography,0.28998446832351255,3.0,55.995475113122176,66.00539454385603,605.0,346.0,132.0,19.0,0.7690217391304348,False
Eredivisie 2025-2026,AFC Ajax,b8ixf31bdyfqqcwoy4ulai73e,K. Fitz-Jim,17,1655.0,Midfielder,Central Midfielder,,0.9334692263641569,lineup position code + touch geography,0.4321415089715955,0.0,55.88235294117647,55.27078399736515,604.0,346.0,123.0,33.0,0.8426666666666667,False
Eredivisie 2025-2026,Sparta Rotterdam,c0os20ujhb2hujvtp21093l04,A. Oufkir,16,1559.0,Midfielder,Attacking Midfielder,Left Winger,0.7650356177316224,lineup position code + touch geography,0.8969300592411033,11.0,55.86349924585219,62.85223367697594,576.0,224.0,266.0,64.0,0.6529209621993127,True
Eredivisie 2025-2026,FC Twente,36veg0wk1z3om89daf0clbl5h,R. van Wolfswinkel,31,3006.0,Forward,Centre Forward,,0.9624572855515641,lineup position code + touch geography,0.28663883838316756,9.0,55.86349924585219,86.8421052631579,1079.0,413.0,427.0,162.0,0.6926315789473685,False
Eredivisie 2025-2026,Sparta Rotterdam,f07qmqesi1rpw7eapoz9rb0gk,J. Baas,23,2236.0,Midfielder,Central Midfielder,,0.9886674983385993,lineup position code + touch geography,0.11302421394274033,8.0,55.788084464555055,65.21824686940965,1081.0,622.0,221.0,25.0,0.7534883720930232,False
Eredivisie 2025-2026,Heracles Almelo,80dk8iv6p0202z10qcqy8bfca,S. Scheperman,16,1533.0,Midfielder,Defensive Midfielder,,1.0,lineup position code + touch geography,0.0,4.0,55.76923076923076,45.834429912039354,870.0,418.0,124.0,34.0,0.8496583143507973,False
Eredivisie 2025-2026,FC Utrecht,c3j7m8kaoius8i6jihubgy6p6,Ángel Alarcón,14,1393.0,Midfielder,Attacking Midfielder,,0.8612218894276116,lineup position code + touch geography,0.6909740463661582,7.0,55.712669683257914,59.86979166666666,691.0,300.0,309.0,69.0,0.5677083333333333,False
Eredivisie 2025-2026,FC Volendam,dej8tywq0npvbm25sfgtqur1m,O. Kökçü,28,2699.0,Midfielder,Right Midfielder,,1.0,lineup position code + touch geography,0.0,10.0,55.56184012066365,91.26029106270352,1021.0,588.0,362.0,47.0,0.7677725118483412,False
Eredivisie 2025-2026,AFC Ajax,264gu641hrd38wqf28xolwhlg,R. Bounida,22,2121.0,Forward,Left Winger,,0.8856886863811547,lineup position code + touch geography,0.6158512010787621,10.0,55.42986425339366,65.37822878228783,898.0,468.0,368.0,94.0,0.7250922509225093,False
Eredivisie 2025-2026,FC Utrecht,cy0lv5u16obr2ne4xiins43x1,S. Haller,23,2257.0,Forward,Centre Forward,,1.0,lineup position code + touch geography,0.0,9.0,55.41101055806938,89.00826446280992,797.0,323.0,300.0,117.0,0.6859504132231404,False
Eredivisie 2025-2026,FC Twente,lduqoe45t2fnbn9s9rbvlnf9,R. Pröpper,28,2707.0,Defender,Right Back,,1.0,lineup position code + touch geography,0.0,6.0,55.39215686274509,64.51221127292379,2013.0,1292.0,174.0,57.0,0.848714069591528,False
Eredivisie 2025-2026,FC Utrecht,aafz6q5ggn9e6m5hprc71lgph,M. van der Hoorn,31,3033.0,Defender,Centre Back,,0.994271027078336,lineup position code + touch geography,0.06469645948377155,5.0,55.31674208144795,43.286711743699065,2334.0,1487.0,161.0,79.0,0.8500331785003318,False
Eredivisie 2025-2026,Feyenoord Rotterdam,dtcvzfse83ztj96kiizwp6jqi,G. Smal,17,1660.0,Defender,Right Back,,1.0,lineup position code + touch geography,0.0,3.0,55.27903469079939,53.96993613624386,923.0,613.0,243.0,35.0,0.8078740157480315,False
Eredivisie 2025-2026,Fortuna Sittard,dp0q4f4gbj2buhcu1lb5dzxed,Ivo Pinto,28,2740.0,Defender,Left Back,,0.9185693014021591,lineup position code + touch geography,0.49560047589080986,2.0,55.23190045248869,54.411715969610455,1735.0,976.0,434.0,35.0,0.691468253968254,False
Eredivisie 2025-2026,FC Utrecht,3ypxn1nvgv8e321sq5394w3my,M. Didden,24,2325.0,Defender,Left Back,,1.0,lineup position code + touch geography,0.0,5.0,55.17533936651584,58.47088089618511,1841.0,1122.0,86.0,42.0,0.8133216476774758,False
Eredivisie 2025-2026,Fortuna Sittard,bnkzwpd607re6s01oa77wcodm,J. Dahlhaus,26,2539.0,Defender,Right Back,,0.9402111809431724,lineup position code + touch geography,0.2696451153564571,3.0,55.03393665158371,67.6229006014596,1911.0,984.0,355.0,40.0,0.7379576107899808,False
Eredivisie 2025-2026,FC Groningen,e6x3hs6v8cq74ojgluyny72fo,T. Land,29,2805.0,Midfielder,Central Midfielder,,1.0,lineup position code + touch geography,0.0,4.0,55.01508295625943,54.75213005947387,1341.0,911.0,291.0,30.0,0.8926673751328374,True
Eredivisie 2025-2026,NAC Breda,dc4n5ylytswddlvd82snkb90q,S. van Hooijdonk,18,1749.0,Forward,Centre Forward,,1.0,lineup position code + touch geography,0.0,9.0,54.920814479638,46.17324186011504,700.0,281.0,252.0,98.0,0.6276276276276276,False
Eredivisie 2025-2026,PEC Zwolle,6nd0ifv6ljza9nauxcpejqzft,O. Velanas,13,1234.0,Midfielder,Central Midfielder,,1.0,lineup position code + touch geography,0.0,7.0,54.88310708898943,60.25620648487718,510.0,249.0,172.0,34.0,0.6853932584269663,False
Eredivisie 2025-2026,Alkmaar Zaanstreek,22alh32lu88yabxd4pl0opg5w,K. Boogaard,11,1058.0,Midfielder,Central Midfielder,,1.0,lineup position code + touch geography,0.0,8.0,54.788838612368025,50.70969476664621,618.0,354.0,95.0,11.0,0.7506775067750677,False
Eredivisie 2025-2026,PSV Eindhoven,oi8kw43rorvqooiencbnhxck,N. Fernandez,10,959.0,Midfielder,Central Midfielder,,0.8376116071428571,lineup position code + touch geography,0.5999831704093765,4.0,54.75113122171946,82.5229357798165,355.0,202.0,95.0,7.0,0.8577981651376146,False
Eredivisie 2025-2026,PSV Eindhoven,24sgu58uugxgy49el075dz21g,E. Bajraktarević,28,2676.0,Midfielder,Attacking Midfielder,Left Winger,0.7503468835432952,lineup position code + touch geography,0.917832628115134,0.0,54.73227752639518,67.28525121555916,978.0,529.0,493.0,78.0,0.779578606158833,False
Eredivisie 2025-2026,FC Groningen,5q8rvam8iv65g4wjb8rarw15,B. Willumsson,28,2696.0,Forward,Centre Forward,,0.9850956096979806,lineup position code + touch geography,0.14072418224855657,9.0,54.6474358974359,60.92490842490843,756.0,257.0,376.0,131.0,0.6794871794871795,False
Eredivisie 2025-2026,SBV Excelsior,dotvgi9g50m2axfw4isamd1ck,M. Jonathans,9,872.0,Midfielder,Left Midfielder,,0.9207778450363197,lineup position code + touch geography,0.4865909246688603,0.0,54.619155354449475,64.28571428571428,202.0,78.0,74.0,14.0,0.6938775510204082,True
Eredivisie 2025-2026,Go Ahead Eagles,a46irqckxabod18j2c0qfixre,K. Goudmijn,16,1534.0,Midfielder,Left Midfielder,,0.9686156083986845,lineup position code + touch geography,0.2506922852294122,10.0,54.600301659125186,53.407537792503625,700.0,415.0,241.0,28.0,0.6947608200455582,False
Eredivisie 2025-2026,SC Telstar,50zbw9cb2gon7eb7w08ndfyms,M. Zonneveld,20,1953.0,Forward,Centre Forward,,0.939238384579121,lineup position code + touch geography,0.4057472543163383,9.0,54.50603318250377,87.28947368421052,486.0,153.0,210.0,103.0,0.6368421052631579,True
Eredivisie 2025-2026,Heracles Almelo,9y5kirmp6gcrsy2s1pinhkqy2,L. Kulenović,29,2789.0,Forward,Centre Forward,,0.973037068788788,lineup position code + touch geography,0.2234071924284633,9.0,54.374057315233784,76.9208737481863,1076.0,390.0,448.0,160.0,0.5736607142857143,False
Eredivisie 2025-2026,SC Telstar,1vn6w1mjdztfks75bxn0hk7x0,S. Hetli,31,3015.0,Forward,Centre Forward,,0.9423761278780336,lineup position code + touch geography,0.3909163604094689,9.0,54.355203619909496,62.21679687499999,1103.0,387.0,429.0,101.0,0.634765625,False
Eredivisie 2025-2026,Feyenoord Rotterdam,cdir3jevzi4o8edgtfwu6jfca,Gonçalo Borges,11,1057.0,Midfielder,Attacking Midfielder,,1.0,lineup position code + touch geography,0.0,7.0,54.33634992458522,60.86538461538462,330.0,127.0,177.0,56.0,0.5961538461538461,False
Eredivisie 2025-2026,FC Volendam,9bgq1tfyfzc3wg9pfr8q510k4,D. Kwakman,10,971.0,Midfielder,Defensive Midfielder,,0.9784995620874544,lineup position code + touch geography,0.18766350925355477,4.0,54.26093514328808,77.96170704881098,629.0,328.0,75.0,10.0,0.8181818181818181,True
Eredivisie 2025-2026,Go Ahead Eagles,a2psnkhu3h7m0ng8e7qdietey,S. Tengstedt,13,1236.0,Midfielder,Left Midfielder,,0.892789914013479,lineup position code + touch geography,0.5919044433091557,7.0,54.2420814479638,56.24813153961136,441.0,182.0,186.0,47.0,0.6547085201793722,False
Eredivisie 2025-2026,Alkmaar Zaanstreek,ab17bik4y8ilv3ahe50a81ixg,M. Meerdink,19,1827.0,Forward,Centre Forward,,0.97894791289505,lineup position code + touch geography,0.1846158703382123,9.0,54.185520361990946,87.99586776859502,553.0,193.0,247.0,102.0,0.6570247933884297,False
Eredivisie 2025-2026,SBV Excelsior,aeqj9ogm0dntus0wl352w9z6y,C. Widell,34,3287.0,Defender,Left Back,,1.0,lineup position code + touch geography,0.0,5.0,53.82730015082957,52.37564370417183,2809.0,1770.0,167.0,98.0,0.8270089285714286,False
Eredivisie 2025-2026,PEC Zwolle,awsbedog2zaz7zpjucbcba82y,S. Shoretire,24,2313.0,Forward,Centre Forward,Central Midfielder,0.6537496032547537,lineup position code + touch geography,0.9957560334759508,11.0,53.70475113122173,62.9161141568591,1113.0,496.0,322.0,73.0,0.7358834244080146,False
Eredivisie 2025-2026,NAC Breda,a4qjllaut1bo0ng3x4xu5lq6t,A. Ayew,17,1654.0,Forward,Centre Forward,,0.9549062419727716,lineup position code + touch geography,0.3279409651893355,9.0,53.65761689291101,50.99629956561061,621.0,218.0,238.0,81.0,0.6254826254826256,False
Eredivisie 2025-2026,Go Ahead Eagles,bn8dwm2y9a8i9a10rba3dmm3u,D. James,26,2497.0,Defender,Right Back,,1.0,lineup position code + touch geography,0.0,3.0,53.63876319758673,58.76996504802079,1374.0,823.0,452.0,44.0,0.7253269916765754,False
Eredivisie 2025-2026,AFC Ajax,56nbghr9snc79dt8h99wleej8,S. Steur,21,2055.0,Midfielder,Central Midfielder,,0.9912620806557709,lineup position code + touch geography,0.09154677443951212,8.0,53.619909502262445,54.54782193067757,1043.0,690.0,227.0,34.0,0.8700410396716827,False
Eredivisie 2025-2026,SBV Excelsior,6p6sdikmka45csxfw0i0q0l3p,E. Hansson,12,1153.0,Midfielder,Attacking Midfielder,Right Winger,0.6974753337202555,lineup position code + touch geography,0.9728856814885226,11.0,53.48793363499245,64.58677685950414,376.0,215.0,176.0,36.0,0.7024793388429752,False
Eredivisie 2025-2026,Nijmegen Eendracht Combinatie,a76yp8gkkg6frtuhh3d6l46i,D. Proper,22,2151.0,Midfielder,Central Midfielder,,0.9874611844294112,lineup position code + touch geography,0.12259593015915807,0.0,53.39366515837104,57.344127111826225,765.0,435.0,175.0,26.0,0.7942477876106195,False
Eredivisie 2025-2026,Sparta Rotterdam,byirjks50zw1eefkcy8p4hd5h,B. Martins Indi,27,2617.0,Defender,Right Back,,1.0,lineup position code + touch geography,0.0,6.0,53.35595776772247,40.230495545059114,2057.0,1361.0,92.0,30.0,0.8951201747997086,False
Eredivisie 2025-2026,Feyenoord Rotterdam,ecqjg6wtntf1guejvm10redck,G. Read,16,1552.0,Defender,Left Back,,1.0,lineup position code + touch geography,0.0,2.0,53.20512820512821,65.2603184727536,911.0,539.0,284.0,59.0,0.7689655172413793,False
Eredivisie 2025-2026,PEC Zwolle,4phgw75cred5p93hjq8hiou6t,S. Floranus,32,3071.0,Defender,Right Back,,1.0,lineup position code + touch geography,0.0,3.0,53.016591251885366,57.66235136312942,2552.0,1454.0,420.0,40.0,0.77,False
Eredivisie 2025-2026,PEC Zwolle,d5g7rl9a83vu3cyyzvu5yveqy,A. MacNulty,32,3071.0,Defender,Right Back,,1.0,lineup position code + touch geography,0.0,6.0,52.960030165912514,39.35246585794509,2465.0,1545.0,207.0,60.0,0.8425748884639899,False
Eredivisie 2025-2026,FC Volendam,c5jk0pvcvqddy0xiqv6qkesph,H. Veerman,24,2312.0,Forward,Centre Forward,,1.0,lineup position code + touch geography,0.0,9.0,52.90346907993967,53.56477912701284,647.0,246.0,290.0,139.0,0.6644518272425249,False
Eredivisie 2025-2026,AFC Ajax,2zkaf848fjcdhuii8783pkm7e,Y. Regeer,27,2641.0,Midfielder,Defensive Midfielder,,0.859916886044075,lineup position code + touch geography,0.6946813224370438,4.0,52.828054298642535,49.18162298010046,1777.0,1097.0,290.0,44.0,0.8847184986595175,False
Eredivisie 2025-2026,FC Volendam,c9epkro6fot3km9zak1kswfhm,X. Mbuyamba,16,1547.0,Defender,Left Back,Defensive Midfielder,0.8116436333569572,lineup position code + touch geography,0.813082859090985,5.0,52.498114630467576,68.73094502996028,738.0,416.0,86.0,37.0,0.8181818181818181,False
Eredivisie 2025-2026,NAC Breda,969cpy2geokwer9gjapk7zj3e,R. Hillen,27,2629.0,Defender,Right Back,,0.9885486470438545,lineup position code + touch geography,0.11397799270233404,6.0,52.281297134238315,39.516490053729605,2018.0,1148.0,177.0,80.0,0.841927303465765,False
Eredivisie 2025-2026,FC Groningen,1nk0hcaa9o4jnyxc9ndz1lams,D. van der Werff,35,3384.0,Midfielder,Left Midfielder,,0.9527902191018036,lineup position code + touch geography,0.33903155553590775,7.0,52.243589743589745,63.764102564102565,1574.0,864.0,650.0,118.0,0.678974358974359,False
Eredivisie 2025-2026,FC Utrecht,dmnk8dz6w8n4fcso88fuvusfe,Zidane Iqbal,5,482.0,Midfielder,Right Midfielder,,1.0,lineup position code + touch geography,0.0,4.0,52.20588235294118,54.45164075993092,268.0,183.0,39.0,1.0,0.8652849740932642,False
Eredivisie 2025-2026,PSV Eindhoven,3ojwbw6v83g9b0u2wssnkzzzd,A. Obispo,17,1632.0,Defender,Centre Back,,0.9815076969231058,lineup position code + touch geography,0.16684137949160455,6.0,52.055052790346906,42.0282719671631,917.0,588.0,87.0,35.0,0.8953488372093024,False
Eredivisie 2025-2026,SC Telstar,4fu2agdclsyxx1boxxibauzo4,G. Alders,7,678.0,Midfielder,Left Midfielder,,1.0,lineup position code + touch geography,0.0,2.0,52.017345399698335,66.40350877192982,323.0,167.0,88.0,13.0,0.7543859649122807,True
Eredivisie 2025-2026,PSV Eindhoven,cgsmk5437f466uoqvol7devze,R. Flamingo,33,3170.0,Defender,Left Back,,0.9695384532914015,lineup position code + touch geography,0.17530391730659825,5.0,51.92307692307692,55.26012606698514,1969.0,1291.0,130.0,52.0,0.8794541319181198,False
Eredivisie 2025-2026,NAC Breda,7bqajkmno3ox004kdbusxv9ey,R. Paula,21,2050.0,Midfielder,Right Midfielder,,0.9216207945032382,lineup position code + touch geography,0.3490843516594927,0.0,51.87594268476621,63.76790830945558,610.0,296.0,246.0,46.0,0.6790830945558739,False
Eredivisie 2025-2026,AFC Ajax,dafbvyorudvujxw7zswicykmh,O. Wijndal,19,1851.0,Defender,Right Back,,1.0,lineup position code + touch geography,0.0,3.0,51.69683257918552,81.50721343801592,1212.0,790.0,295.0,47.0,0.8323133414932681,False
Eredivisie 2025-2026,FC Twente,bner5siqnwn1fqusfrgujt0fe,M. Bruns,13,1271.0,Defender,Left Back,,0.9675783339173413,lineup position code + touch geography,0.25690552728518223,5.0,51.6025641025641,40.7592546011227,809.0,534.0,76.0,14.0,0.843462246777164,False
Eredivisie 2025-2026,Feyenoord Rotterdam,434aulbxf50clnx57fxsqge8k,T. van den Elshout,11,1073.0,Midfielder,Central Midfielder,,0.8263631604381443,lineup position code + touch geography,0.5874707958758884,11.0,51.6025641025641,63.33333333333333,244.0,94.0,87.0,26.0,0.6666666666666667,False
Eredivisie 2025-2026,FC Twente,2hbduprkyabq8g1nhe6b4g3bp,M. Pjaca,27,2605.0,Midfielder,Central Midfielder,Centre Forward,0.7910766891570845,lineup position code + touch geography,0.604279111450072,0.0,51.56485671191554,65.25773195876289,849.0,407.0,370.0,100.0,0.7216494845360825,False
Eredivisie 2025-2026,NAC Breda,64x38pccgfsuz4ywoveh2ksbu,L. Greiml,14,1391.0,Defender,Centre Back,,1.0,lineup position code + touch geography,0.0,5.0,51.47058823529412,48.25091397667784,1178.0,642.0,95.0,61.0,0.8597560975609756,False
Eredivisie 2025-2026,FC Utrecht,7o8auo4uu5mzh7f4a44ucdf8q,D. Min,23,2222.0,Forward,Centre Forward,,0.9188707828365541,lineup position code + touch geography,0.4943782976460645,9.0,51.451734539969834,80.75494165277448,596.0,202.0,210.0,67.0,0.6518218623481782,False
Eredivisie 2025-2026,Sparta Rotterdam,5lad0u653zzdmexdpvtkcaqui,S. Ltaief,9,874.0,Forward,Right Winger,Right Midfielder,0.7337499999999999,lineup position code + touch geography,0.9384543826025636,11.0,51.300904977375566,80.13221503041426,326.0,117.0,142.0,27.0,0.6710526315789473,False
Eredivisie 2025-2026,Nijmegen Eendracht Combinatie,1asrguqxyo7rmoyamggwd9oq2,A. Kaplan,25,2446.0,Defender,Right Back,,1.0,lineup position code + touch geography,0.0,4.0,51.1500754147813,41.252197530206985,2213.0,1244.0,259.0,55.0,0.848297213622291,False
Eredivisie 2025-2026,FC Groningen,9wwud2tglhtdocmjgl2u5ib6c,T. Blokzijl,35,3384.0,Defender,Left Back,,1.0,lineup position code + touch geography,0.0,5.0,51.09351432880844,56.2190025827343,3067.0,2003.0,127.0,15.0,0.8817417120237506,False
Eredivisie 2025-2026,Go Ahead Eagles,1rmox6tf7r283dca2vi844kr8,A. Adelgaard,27,2589.0,Defender,Right Back,,0.9881392178748877,lineup position code + touch geography,0.11724535435588732,3.0,50.904977375565615,60.218034639595274,1476.0,842.0,336.0,25.0,0.7773972602739726,False
Eredivisie 2025-2026,Fortuna Sittard,4jauu6ue076rbeq56exa4bcyy,M. Aïko,13,1260.0,Forward,Right Winger,Attacking Midfielder,0.7710269407678588,lineup position code + touch geography,0.705883456956995,0.0,50.62217194570135,59.93055555555556,315.0,119.0,170.0,35.0,0.5694444444444444,False
Eredivisie 2025-2026,FC Twente,3xlkchrk28u0cb620cajre1hw,R. Nijstad,21,2018.0,Defender,Right Back,,1.0,lineup position code + touch geography,0.0,6.0,50.54675716440423,67.42319002399196,1497.0,1050.0,86.0,26.0,0.8680490103675778,False
Eredivisie 2025-2026,Sparta Rotterdam,cvoxwqoj3ak99w6wsp1yfbl04,G. Vianello,5,477.0,Defender,Right Back,,1.0,lineup position code + touch geography,0.0,3.0,50.490196078431374,50.84888493106398,310.0,186.0,61.0,8.0,0.8041237113402062,False
Eredivisie 2025-2026,FC Volendam,8r3k1iuul274c0ha0vy90jys,A. Oehlers,33,3180.0,Midfielder,Attacking Midfielder,Centre Forward,0.837712495818508,lineup position code + touch geography,0.7535083829920421,7.0,50.490196078431374,60.83511777301928,913.0,403.0,418.0,69.0,0.5952890792291221,False
Eredivisie 2025-2026,PSV Eindhoven,dxmulnxbs11kpi1goq5hl9cve,A. Salah-Eddine,17,1642.0,Defender,Right Back,,1.0,lineup position code + touch geography,0.0,3.0,50.35822021116138,80.45962892485551,1128.0,722.0,267.0,24.0,0.86,False
Eredivisie 2025-2026,PEC Zwolle,9ugpnnovqttl8lguv7wdyiezu,S. Graves,32,3072.0,Goalkeeper,Goalkeeper,,1.0,goalkeeper events + lineup,0.0,5.0,50.113122171945705,48.99853870268015,2722.0,1698.0,113.0,50.0,0.8401400233372229,False
Eredivisie 2025-2026,Fortuna Sittard,60jptu288hf6gcljkbzcdie39,K. Peterson,34,3321.0,Midfielder,Attacking Midfielder,,0.8633152248470383,lineup position code + touch geography,0.6849666765935124,11.0,50.0,85.56187766714083,1302.0,574.0,641.0,158.0,0.5874822190611664,False
Eredivisie 2025-2026,NAC Breda,37c696bwovmn1x8lc8z4wp53o,C. Valerius,29,2832.0,Defender,Left Back,,0.9163043841755008,lineup position code + touch geography,0.37435387733463077,2.0,49.924585218702866,84.09812925614433,1600.0,824.0,364.0,44.0,0.7335600907029478,False
Eredivisie 2025-2026,Heracles Almelo,e3akocgpppdty3ayxty1gf6xh,D. Mirani,33,3177.0,Defender,Left Back,,0.9290643556411491,lineup position code + touch geography,0.45157806041309884,5.0,49.868024132730014,56.01683029465915,2416.0,1467.0,140.0,52.0,0.8620227729403884,False
Eredivisie 2025-2026,Sparta Rotterdam,29q4j9r2lgdsdkkq2fgh8l7o4,Ayoni Santos,26,2510.0,Midfielder,Central Midfielder,,1.0,lineup position code + touch geography,0.0,10.0,49.71719457013576,49.7077500140182,1294.0,567.0,392.0,76.0,0.7741935483870968,False
Eredivisie 2025-2026,FC Utrecht,6narzhg4hjarzdm235jkcclxw,A. Stepanov,15,1489.0,Forward,Centre Forward,,1.0,lineup position code + touch geography,0.0,9.0,49.698340874811464,81.02586206896551,610.0,175.0,245.0,111.0,0.6293103448275862,False
Eredivisie 2025-2026,AFC Ajax,9tp35qqu1heburu0g5wa6jv56,Lucas Rosa,29,2846.0,Defender,Right Back,,1.0,lineup position code + touch geography,0.0,3.0,49.58521870286577,53.71804176685384,2553.0,1583.0,394.0,49.0,0.8544572468162522,False
Eredivisie 2025-2026,AFC Ajax,70tsvrcmklvp4ecdhxlugf8ix,K. Itakura,19,1880.0,Defender,Centre Back,Defensive Midfielder,0.8338335951526031,lineup position code + touch geography,0.7629971141275043,5.0,49.490950226244344,57.49351923905272,1413.0,931.0,99.0,28.0,0.9134107708553326,False
Eredivisie 2025-2026,FC Volendam,qx44xpf889ysyh0yh20uketw,B. Pauwels,8,777.0,Midfielder,Attacking Midfielder,Right Winger,0.6487835875090777,lineup position code + touch geography,0.9970964569922488,11.0,49.39668174962292,57.09238123199428,290.0,116.0,140.0,32.0,0.7098765432098766,False
Eredivisie 2025-2026,Heracles Almelo,mlqit2c8my1ewqy6avrfhf8q,A. Van Hoorenbeeck,24,2320.0,Defender,Right Back,,1.0,lineup position code + touch geography,0.0,6.0,49.1892911010558,47.408642146842,1944.0,1171.0,107.0,47.0,0.8555926544240401,False
Eredivisie 2025-2026,FC Utrecht,3r6elcuru7no13hrfczmwbmy1,S. Horemans,29,2844.0,Defender,Left Back,,0.9728973238667395,lineup position code + touch geography,0.2242905943766716,2.0,49.170437405731526,50.28173321986979,1668.0,1041.0,278.0,36.0,0.7964352720450282,False
Eredivisie 2025-2026,FC Twente,a185wef6iz1nun1wry40jcgoa,N. Ünüvar,8,780.0,Midfielder,Attacking Midfielder,,1.0,lineup position code + touch geography,0.0,0.0,49.11387631975867,61.15384615384616,175.0,77.0,95.0,21.0,0.6043956043956045,True
Eredivisie 2025-2026,FC Twente,cocgd3hh74fq9c30x9bps4idw,S. Lemkin,25,2409.0,Defender,Left Back,,1.0,lineup position code + touch geography,0.0,5.0,49.01960784313725,40.23488210444708,1950.0,1286.0,128.0,28.0,0.89745566692367,False
Eredivisie 2025-2026,Fortuna Sittard,34258m1cvslz8r6d17nv4b90q,S. van Ottele,15,1467.0,Defender,Left Back,Defensive Midfielder,0.7361471023759844,lineup position code + touch geography,0.9356687491817633,5.0,49.01960784313725,40.601811709333894,837.0,453.0,85.0,14.0,0.7628205128205128,False
Eredivisie 2025-2026,FC Volendam,4utx4h5jz14whtjawxn7ox0r8,N. Verschuren,31,2987.0,Defender,Right Back,,1.0,lineup position code + touch geography,0.0,6.0,49.00075414781297,64.94302737534126,2259.0,1355.0,134.0,67.0,0.895924308588064,False
Eredivisie 2025-2026,Heracles Almelo,do5gstk4ks97daehnudehyjxm,J. Žambůrek,26,2498.0,Midfielder,Central Midfielder,,1.0,lineup position code + touch geography,0.0,8.0,48.98190045248868,53.90686301199046,1241.0,630.0,177.0,22.0,0.7764350453172205,False
Eredivisie 2025-2026,Heracles Almelo,ait187bpr8we72jvfxxt6ttjp,M. te Wierik,22,2126.0,Defender,Left Back,,0.9954960726421926,lineup position code + touch geography,0.05295368106897592,2.0,48.963046757164406,73.22625987873393,1063.0,603.0,177.0,41.0,0.7747163695299838,False
Eredivisie 2025-2026,Nijmegen Eendracht Combinatie,247ipjjd0cak2sggwbuorx4yy,B. Pereira,24,2338.0,Defender,Left Back,Left Midfielder,0.7994601794727987,lineup position code + touch geography,0.5883353911327018,6.0,48.94419306184013,57.476580951622736,1221.0,680.0,290.0,38.0,0.790436005625879,False
Eredivisie 2025-2026,SBV Excelsior,49xsd6e4oyjrhtwsdbdm4rj84,L. Hartjes,21,2026.0,Midfielder,Defensive Midfielder,,1.0,lineup position code + touch geography,0.0,4.0,48.90648567119156,70.00665853653318,1221.0,721.0,163.0,32.0,0.8634538152610441,False
Eredivisie 2025-2026,Fortuna Sittard,7b4jmfu1ejoeci2zmvwuejnys,P. Brittijn,32,3130.0,Midfielder,Defensive Midfielder,,0.9350507187030457,lineup position code + touch geography,0.42501480883047144,8.0,48.717948717948715,48.078907365440394,1737.0,857.0,220.0,36.0,0.7840269966254219,False
Eredivisie 2025-2026,FC Twente,28o7vv0jud22hmg4h649yozqh,T. Booth,10,978.0,Midfielder,Right Midfielder,,1.0,lineup position code + touch geography,0.0,11.0,48.717948717948715,63.67647058823529,324.0,146.0,138.0,23.0,0.6764705882352942,False
Eredivisie 2025-2026,Fortuna Sittard,dsh8ta4q6v5ews2e19p9xh6y2,J. Hubner,25,2452.0,Defender,Right Back,,0.9077925487127163,lineup position code + touch geography,0.537762436745749,6.0,48.64253393665158,40.889466868644746,1416.0,736.0,140.0,33.0,0.7938829787234043,False
Eredivisie 2025-2026,FC Volendam,btrg844mxkl6kbn89s7aecj8q,G. Yah,24,2310.0,Midfielder,Defensive Midfielder,,1.0,lineup position code + touch geography,0.0,8.0,48.378582202111616,73.2875824418921,1626.0,863.0,207.0,36.0,0.7968923418423973,False
Eredivisie 2025-2026,Sparta Rotterdam,6ab5gq2owk86qs5zjottfhwmi,T. Quintero,31,3009.0,Defender,Right Back,,0.9830040265942503,lineup position code + touch geography,0.11059547067659743,3.0,48.303167420814475,66.66542348159736,2415.0,1340.0,359.0,84.0,0.8058950395398994,False
Eredivisie 2025-2026,AFC Ajax,2wesmq2wuhnuwh2yhgkuaxqfo,A. Bouwman,10,999.0,Defender,Left Back,,0.9903269211601714,lineup position code + touch geography,0.09944083526273118,5.0,48.22775263951735,41.52462482688918,790.0,567.0,30.0,14.0,0.9409722222222222,False
Eredivisie 2025-2026,AFC Ajax,6km3r9cspyz7g6343o9mri63u,Raúl Moro,14,1371.0,Midfielder,Attacking Midfielder,Left Winger,0.7113729590605646,lineup position code + touch geography,0.9613860864326883,7.0,48.171191553544496,62.47081712062257,399.0,220.0,217.0,53.0,0.6420233463035019,False
Eredivisie 2025-2026,Alkmaar Zaanstreek,7jgtmmk4b2bgn0syidj6ve7kl,J. Clasie,12,1153.0,Midfielder,Central Midfielder,,1.0,lineup position code + touch geography,0.0,8.0,48.11463046757164,51.559300133203834,830.0,585.0,147.0,7.0,0.8816666666666667,False
Eredivisie 2025-2026,NAC Breda,200chcevwu3znwew6xjyaof6d,F. Oldrup Jensen,11,1062.0,Defender,Left Back,,0.8713914091745447,lineup position code + touch geography,0.661074949997626,5.0,48.0580693815988,67.76452199836226,752.0,509.0,62.0,22.0,0.8781431334622825,False
Eredivisie 2025-2026,FC Groningen,ekjy3o3ymld0zkjdaynb4itat,O. Zawada,16,1540.0,Forward,Centre Forward,,0.9017343416077593,lineup position code + touch geography,0.5602313140872363,0.0,47.94494720965309,51.71296296296297,250.0,86.0,117.0,57.0,0.6203703703703703,False
Eredivisie 2025-2026,SC Telstar,1pmoxunz3nw0ptd6g64maam7d,N. Þórisson,7,674.0,Forward,Centre Forward,,1.0,lineup position code + touch geography,0.0,9.0,47.84125188536952,40.114328598653934,211.0,74.0,105.0,40.0,0.6,True
Eredivisie 2025-2026,Nijmegen Eendracht Combinatie,3c4l2e3gzgpqrc2ygkbmp0jpx,V. Misidjan,17,1664.0,Midfielder,Attacking Midfielder,,0.9602528307740035,lineup position code + touch geography,0.2989908787985734,0.0,47.8318250377074,63.92578124999999,460.0,225.0,228.0,50.0,0.68359375,False
Eredivisie 2025-2026,Sparta Rotterdam,f57vs3qmmob743hdk2dxf56cq,S. Sambo,25,2420.0,Defender,Left Back,,0.9933103938793948,lineup position code + touch geography,0.07354167024699594,2.0,47.81297134238311,47.53017501017535,1500.0,811.0,286.0,22.0,0.7980769230769231,False
Eredivisie 2025-2026,SC Heerenveen,8jm8a7w3a5b5nzikcom7cvf2s,M. Willemsen,31,3009.0,Defender,Right Back,,1.0,lineup position code + touch geography,0.0,6.0,47.718702865761685,65.25905037579919,2762.0,1860.0,146.0,47.0,0.8895318253550762,False
Eredivisie 2025-2026,FC Volendam,4ezldqmn62ggasx6pniqbfwno,J. Ideho,25,2417.0,Midfielder,Right Midfielder,,0.8633656289707752,lineup position code + touch geography,0.6848211026608763,11.0,47.6998491704374,59.66889307396773,958.0,382.0,398.0,69.0,0.6133056133056133,False
Eredivisie 2025-2026,AFC Ajax,1wse4b1hxu37e7t5ty5ykn7c9,J. Šutalo,24,2322.0,Defender,Left Back,,0.9925531642654246,lineup position code + touch geography,0.08032284241404793,5.0,47.68099547511312,63.74390056028286,2038.0,1451.0,72.0,28.0,0.9065040650406504,False
Eredivisie 2025-2026,PSV Eindhoven,6jhavdnaitqn6ydme8a526aui,C. Driouech,29,2782.0,Midfielder,Attacking Midfielder,,0.8507980750549237,lineup position code + touch geography,0.7197947830044222,0.0,47.66214177978884,65.32064128256513,868.0,433.0,400.0,103.0,0.7234468937875751,False
Eredivisie 2025-2026,Go Ahead Eagles,9d4lofwg9ooaoldw2vpt4h36y,E. Linthorst,29,2790.0,Midfielder,Central Midfielder,,1.0,lineup position code + touch geography,0.0,4.0,47.45475113122172,60.26378606760407,1193.0,781.0,204.0,17.0,0.8335435056746532,False
Eredivisie 2025-2026,SBV Excelsior,cs49ec8y6cubrlo5nmu3j3jtg,L. Schouten,24,2318.0,Defender,Centre Back,Defensive Midfielder,0.6940725181407679,lineup position code + touch geography,0.975386399065111,6.0,47.43589743589743,40.89415961575377,1245.0,762.0,116.0,45.0,0.8448717948717949,False
Eredivisie 2025-2026,FC Groningen,atbvv2os8m7nfs0p128w5a6l1,M. Seuntjens,17,1649.0,Midfielder,Attacking Midfielder,Right Winger,0.7396741333873911,lineup position code + touch geography,0.9314524623984355,0.0,47.22850678733032,59.44444444444446,242.0,140.0,116.0,17.0,0.5555555555555556,False
Eredivisie 2025-2026,Heracles Almelo,5bm516z74pbsyfemsathj3umt,M. Engels,24,2314.0,Midfielder,Right Midfielder,,0.8657942719914614,lineup position code + touch geography,0.6777547949891286,11.0,47.22850678733032,61.566901408450704,582.0,230.0,261.0,75.0,0.6161971830985915,False
Eredivisie 2025-2026,Alkmaar Zaanstreek,9lixevzo8exxiia17altfw8ic,W. Goes,33,3181.0,Goalkeeper,Goalkeeper,,1.0,goalkeeper events + lineup,0.0,5.0,47.05882352941176,59.96849693133288,2759.0,1919.0,182.0,32.0,0.8828689370485037,False
Eredivisie 2025-2026,Heracles Almelo,a185wef6iz1nun1wry40jcgoa,N. Ünüvar,10,963.0,Midfielder,Right Midfielder,Right Winger,0.7262115989049984,lineup position code + touch geography,0.9467963443291336,11.0,47.0211161387632,56.043557168784034,411.0,169.0,130.0,16.0,0.729064039408867,True
Eredivisie 2025-2026,Nijmegen Eendracht Combinatie,2nwthqvbk70e2qo35dgp35979,V. van Crooij,8,795.0,Midfielder,Right Midfielder,Right Winger,0.8470356346283521,lineup position code + touch geography,0.7297629822366373,0.0,46.983408748114634,63.018018018018005,201.0,101.0,88.0,30.0,0.6576576576576576,True
Eredivisie 2025-2026,FC Volendam,eu901b75l2ly5p48jdw6kwmad,M. Amevor,32,3081.0,Defender,Left Back,,1.0,lineup position code + touch geography,0.0,5.0,46.964555052790345,49.7798374907556,2117.0,1248.0,124.0,60.0,0.8597464342313788,False
Eredivisie 2025-2026,Fortuna Sittard,570htztcvfsu947xw6fvtzmc5,Iván Márquez,32,3133.0,Defender,Centre Back,,1.0,lineup position code + touch geography,0.0,6.0,46.94570135746606,51.10457957256611,1856.0,984.0,67.0,40.0,0.8577154308617234,False
Eredivisie 2025-2026,Go Ahead Eagles,eytcfp4cu6qkar65kf0p5rm96,J. Dirksen,18,1726.0,Goalkeeper,Goalkeeper,,0.9917057093048595,goalkeeper events + lineup,0.08773497456753626,5.0,46.549773755656105,40.8618052064236,992.0,558.0,54.0,12.0,0.8376511226252159,False
Eredivisie 2025-2026,FC Volendam,xvher4f1mb6otoui5k5gs3ro,N. Bukala,25,2406.0,Midfielder,Defensive Midfielder,,1.0,lineup position code + touch geography,0.0,4.0,46.47435897435898,43.09952944109753,1166.0,512.0,214.0,22.0,0.7713248638838476,False
Eredivisie 2025-2026,Fortuna Sittard,b23be312oxcbusvpjnnriukq2,Y. Oukili,13,1265.0,Midfielder,Central Midfielder,,0.9610781938647442,lineup position code + touch geography,0.29439599401817496,0.0,46.36123680241328,37.9472083053363,351.0,162.0,89.0,18.0,0.6988636363636364,False
Eredivisie 2025-2026,Heracles Almelo,f2snk84xy67ergwrwoblgt2ad,T. Bruns,28,2694.0,Midfielder,Central Midfielder,,0.9694200876843363,lineup position code + touch geography,0.24582619514099435,0.0,46.34238310708899,65.99692407352497,946.0,492.0,218.0,31.0,0.7091254752851711,False
Eredivisie 2025-2026,Sparta Rotterdam,ass524umdrpsq324wksaqef4k,M. Young,33,3197.0,Goalkeeper,Goalkeeper,,1.0,goalkeeper events + lineup,0.0,5.0,46.15384615384615,39.55065568380217,2875.0,1775.0,113.0,47.0,0.8838243468593663,False
Eredivisie 2025-2026,Sparta Rotterdam,5oqqifi0wo6xbjz0xjgwf89re,C. Terho,9,862.0,Midfielder,Left Midfielder,Left Winger,0.7450766817706518,lineup position code + touch geography,0.9247208324549173,0.0,46.0972850678733,60.18018018018019,232.0,89.0,97.0,17.0,0.5765765765765766,False
Eredivisie 2025-2026,FC Utrecht,dotvgi9g50m2axfw4isamd1ck,M. Jonathans,7,676.0,Midfielder,Left Midfielder,,0.8753425761728195,lineup position code + touch geography,0.64896075426865,0.0,45.94645550527903,55.392156862745104,208.0,103.0,84.0,18.0,0.6302521008403361,True
Eredivisie 2025-2026,SC Heerenveen,idvh0ac1f8wv39640pyl4esp,S. Kersten,32,3110.0,Defender,Left Back,,0.9960237938207093,lineup position code + touch geography,0.047705027643771464,5.0,45.92760180995475,50.10065355375761,2228.0,1393.0,111.0,31.0,0.875,False
Eredivisie 2025-2026,SBV Excelsior,5pg02unrm16jaa8vt5ego9z6y,S. Janssen,13,1258.0,Defender,Right Back,,0.9462298864001402,lineup position code + touch geography,0.37221186022420283,3.0,45.871040723981906,59.69897209985315,397.0,217.0,107.0,18.0,0.7533039647577092,False
Eredivisie 2025-2026,Alkmaar Zaanstreek,619vlbweueymdkq1vu3jm2mwa,I. Sadiq,20,1928.0,Midfielder,Left Midfielder,Left Winger,0.7088792261756092,lineup position code + touch geography,0.9636025377556107,0.0,45.8710407239819,74.96828505969017,540.0,243.0,212.0,54.0,0.6996466431095406,False
Eredivisie 2025-2026,Nijmegen Eendracht Combinatie,32ko5zzk7805mp4q4n3iwiihg,K. Shiogai,12,1188.0,Forward,Centre Forward,,0.9501099212821785,lineup position code + touch geography,0.3528010733821109,0.0,45.833333333333336,61.66666666666667,201.0,59.0,93.0,35.0,0.6190476190476191,False
Eredivisie 2025-2026,SC Telstar,8p3x0sm735fru6nthc87pjrbo,Neville Ogidi Nwankwo,28,2724.0,Defender,Left Back,,0.9964731094789895,lineup position code + touch geography,0.04312986241490604,6.0,45.70135746606334,48.169605378795154,1694.0,867.0,159.0,64.0,0.8245810055865922,False
Eredivisie 2025-2026,AFC Ajax,bpprd2haoafk6y0rjans4iytx,K. Dolberg,24,2352.0,Forward,Centre Forward,,0.9894866636381335,lineup position code + touch geography,0.1063828229350141,9.0,45.597662141779786,87.21843003412968,655.0,239.0,251.0,89.0,0.6348122866894198,False
Eredivisie 2025-2026,Alkmaar Zaanstreek,5ylwgfqvaobru2lxqvlhpxul0,E. Dijkstra,20,1932.0,Defender,Left Back,,0.9047358587969222,lineup position code + touch geography,0.5492053281093879,2.0,45.550527903469074,85.28010196443812,1281.0,717.0,308.0,42.0,0.8395225464190982,False
Eredivisie 2025-2026,SBV Excelsior,c6i4usq34m3389rtbqptahrai,R. Meissen,33,3190.0,Defender,Right Back,,0.9395239246012567,lineup position code + touch geography,0.40441189217407686,6.0,45.39969834087481,38.544661910926145,2113.0,1317.0,124.0,37.0,0.8335832083958021,False
Eredivisie 2025-2026,FC Volendam,6jqn5grsuhuo5at81pzahr6xh,R. Mühren,31,2992.0,Midfielder,Central Midfielder,Centre Forward,0.642411608553328,lineup position code + touch geography,0.9984443354740153,0.0,45.380844645550525,74.88372093023254,416.0,142.0,165.0,67.0,0.6395348837209303,False
Eredivisie 2025-2026,NAC Breda,bgzvhtk50gvmq6noheadmc34l,D. Odoi,19,1849.0,Defender,Left Back,,1.0,lineup position code + touch geography,0.0,2.0,45.380844645550525,40.71527657252882,1431.0,810.0,284.0,64.0,0.8164251207729468,False
Eredivisie 2025-2026,Sparta Rotterdam,1ueqcjuatzazpmz765tru4zdg,L. Martes,13,1256.0,Defender,Left Back,,1.0,lineup position code + touch geography,0.0,2.0,45.343137254901954,45.91638245904373,944.0,497.0,148.0,9.0,0.8073217726396917,False
Eredivisie 2025-2026,FC Twente,bvwaamcj0bpdrcuoffl6b9rf8,D. Weidmann,16,1541.0,Midfielder,Right Midfielder,,0.9584003786086134,lineup position code + touch geography,0.30917792580254094,0.0,45.135746606334834,69.7593845482322,522.0,290.0,144.0,26.0,0.7689873417721519,False
Eredivisie 2025-2026,PEC Zwolle,a7vlgirln231n3dqjhb72o0es,O. Aertssen,28,2678.0,Defender,Left Back,,1.0,lineup position code + touch geography,0.0,2.0,45.11689291101056,75.3056750258366,1617.0,762.0,304.0,51.0,0.685785536159601,False
Eredivisie 2025-2026,FC Utrecht,a02jtmvlc1tlstvt96pa1hisq,D. Murkin,9,871.0,Defender,Right Back,Right Winger,0.7053964988875362,lineup position code + touch geography,0.856901926838978,3.0,45.003770739064855,58.57878787878788,282.0,145.0,68.0,12.0,0.6866666666666666,False
Eredivisie 2025-2026,FC Utrecht,8tqsvu5sw6kn014hdv88zppm1,N. Vesterlund,20,1971.0,Defender,Left Back,,0.9241210562267856,lineup position code + touch geography,0.4726995382129617,2.0,44.96606334841629,63.4778596881426,1013.0,593.0,169.0,34.0,0.7838283828382838,False
Eredivisie 2025-2026,Nijmegen Eendracht Combinatie,8624hqd4nlbzcoqsetvsvla8k,D. Fonville,29,2841.0,Defender,Right Back,,0.9788524105294292,lineup position code + touch geography,0.13193796746824482,4.0,44.815233785822016,71.70445491027004,1651.0,961.0,340.0,25.0,0.7603222557905337,False
Eredivisie 2025-2026,FC Utrecht,8lt54ei6pcu25u8uerigmx5yi,A. Engwanda,35,3391.0,Midfielder,Defensive Midfielder,,1.0,lineup position code + touch geography,0.0,8.0,44.796380090497735,58.38099559614507,2228.0,1213.0,276.0,21.0,0.831086439333862,False
Eredivisie 2025-2026,FC Utrecht,c2an5ksdu6jbap3x3jp3z9c5x,N. Viergever,27,2642.0,Defender,Right Back,,0.9967887604487649,lineup position code + touch geography,0.03985027779521729,6.0,44.64555052790346,53.49648046023048,1480.0,931.0,89.0,33.0,0.8609341825902336,False
Eredivisie 2025-2026,Alkmaar Zaanstreek,4fsu74aeogf53l2g1tx89vuok,M. Šín,18,1739.0,Midfielder,Left Midfielder,Left Winger,0.7375913762051065,lineup position code + touch geography,0.9339591993743448,0.0,44.17420814479638,64.88151658767774,420.0,195.0,142.0,27.0,0.7109004739336493,False
Eredivisie 2025-2026,SC Telstar,6k6qt155b79yf36833pamwbxm,K. Tejan,28,2730.0,Forward,Centre Forward,,0.8725622057834566,lineup position code + touch geography,0.6575150095789475,0.0,44.13650075414781,60.12500000000001,608.0,188.0,284.0,77.0,0.575,False
Eredivisie 2025-2026,PEC Zwolle,1x6fhuy49w4rpnyavwotbf504,T. Gooijer,23,2205.0,Defender,Left Back,,0.9451054732041049,lineup position code + touch geography,0.37772679409826937,2.0,44.07993966817496,45.7215991805587,1200.0,581.0,200.0,40.0,0.8249211356466877,False
Eredivisie 2025-2026,FC Utrecht,b33sm106xc7g3h4bcqtawja7e,C. Bozdoğan,18,1754.0,Midfielder,Central Midfielder,,0.9712391468478672,lineup position code + touch geography,0.2346649637292722,0.0,43.98567119155354,46.830222591332394,438.0,244.0,97.0,20.0,0.8146718146718147,False
Eredivisie 2025-2026,Go Ahead Eagles,16tmkyjtx7rr2rbb6ey9vasmi,O. Sivertsen,14,1350.0,Midfielder,Left Midfielder,Left Winger,0.7751109157040649,lineup position code + touch geography,0.6735822388234096,0.0,43.56146304675717,64.52380952380952,297.0,131.0,111.0,18.0,0.7006802721088435,False
Eredivisie 2025-2026,Sparta Rotterdam,ely6vpyueden4b6ozfmspwgk5,J. Toornstra,17,1656.0,Midfielder,Central Midfielder,,0.9637026729177952,lineup position code + touch geography,0.2795456817504771,7.0,43.4577677224736,77.18194535528563,642.0,345.0,180.0,28.0,0.6756756756756757,False
Eredivisie 2025-2026,Heracles Almelo,1xsy3m0bzicto5ogxsd026bmy,E. Ahlstrand,14,1344.0,Midfielder,Left Midfielder,,0.8952355923818945,lineup position code + touch geography,0.44621806741806386,7.0,43.38235294117647,61.71985815602837,586.0,263.0,233.0,50.0,0.6205673758865249,False
Eredivisie 2025-2026,Feyenoord Rotterdam,aajft01g5yggw0is5fbfh3105,B. Nieuwkoop,17,1664.0,Defender,Left Back,,0.9674814405307218,lineup position code + touch geography,0.2574824763925463,0.0,43.19381598793364,49.85788460204814,582.0,294.0,170.0,41.0,0.7317880794701987,False
Eredivisie 2025-2026,Sparta Rotterdam,50zbw9cb2gon7eb7w08ndfyms,M. Zonneveld,11,1054.0,Forward,Centre Forward,,0.8843574944831097,lineup position code + touch geography,0.6202272240993573,0.0,42.81674208144796,60.36363636363637,143.0,41.0,68.0,37.0,0.5818181818181818,True
Eredivisie 2025-2026,NAC Breda,2bfbi3t4aufb47wwt56ilzoyc,A. Salama,8,767.0,Forward,Centre Forward,,0.9320309225539049,lineup position code + touch geography,0.4385540047497878,9.0,42.76018099547511,62.2983870967742,223.0,105.0,130.0,30.0,0.6370967741935484,False
Eredivisie 2025-2026,Feyenoord Rotterdam,eoodvdqfvhql03i8kv9l14qvo,T. Kraaijeveld,15,1446.0,Defender,Centre Back,Defensive Midfielder,0.7189436134927092,lineup position code + touch geography,0.9542435491548331,6.0,42.04374057315234,43.02035683383874,642.0,374.0,76.0,12.0,0.8358974358974359,False
Eredivisie 2025-2026,Feyenoord Rotterdam,987w8p2dsxd9tm1phv18g6pec,A. Sliti,20,1975.0,Midfielder,Attacking Midfielder,Right Winger,0.7979408927710199,lineup position code + touch geography,0.8406198330551747,0.0,41.704374057315235,61.973684210526315,468.0,239.0,249.0,42.0,0.6278195488721805,False
Eredivisie 2025-2026,Go Ahead Eagles,2teefpvijsbzag4yi7fm1pyol,A. Sampsted,12,1148.0,Defender,Left Back,,1.0,lineup position code + touch geography,0.0,2.0,41.4498491704374,48.37420072279899,754.0,414.0,124.0,8.0,0.7880952380952381,False
Eredivisie 2025-2026,Fortuna Sittard,8przxwwothu3crflys7ahl4dm,S. Adewoye,28,2741.0,Defender,Centre Back,,1.0,lineup position code + touch geography,0.0,5.0,41.44042232277526,47.32614497173432,1669.0,868.0,88.0,24.0,0.8441410693970421,False
Eredivisie 2025-2026,Heracles Almelo,7d8qc47gy4mb9mo67e1ic448a,M. Benita,25,2420.0,Defender,Left Back,,0.8855754226962785,lineup position code + touch geography,0.6162248971162558,2.0,41.38386123680241,54.4598277755784,1346.0,673.0,270.0,18.0,0.7398030942334739,False
Eredivisie 2025-2026,FC Twente,723av2redj2ej6livx0g81wwl,A. Verschueren,30,2907.0,Midfielder,Central Midfielder,,0.939093625498008,lineup position code + touch geography,0.28915603040208837,0.0,41.06334841628959,62.98679867986798,603.0,276.0,245.0,62.0,0.6567656765676568,False
Eredivisie 2025-2026,Go Ahead Eagles,d4klz2gxqb1diw57z8c9ttixg,G. van Zwam,12,1147.0,Defender,Left Back,,1.0,lineup position code + touch geography,0.0,5.0,41.044494720965304,38.84393438464577,600.0,375.0,46.0,18.0,0.821522309711286,False
Eredivisie 2025-2026,Feyenoord Rotterdam,5bjdj7hrhuxjbsa8wc1kw42c5,G. Trauner,5,483.0,Defender,Left Back,,1.0,lineup position code + touch geography,0.0,5.0,40.76168929110106,46.294759384311256,255.0,150.0,16.0,6.0,0.8235294117647058,False
Eredivisie 2025-2026,SC Heerenveen,al7bdbzd91zkuh6ilsvw3fsru,V. Sejk,17,1665.0,Forward,Centre Forward,,0.9628229143368374,lineup position code + touch geography,0.28456517867308073,0.0,40.76168929110106,59.18518518518518,365.0,111.0,157.0,65.0,0.5481481481481482,False
Eredivisie 2025-2026,SBV Excelsior,6f3c55lmvbkyifp466cepudt6,S. Włodarczyk,23,2225.0,Forward,Left Winger,,0.9738624505306267,lineup position code + touch geography,0.21815979606106056,9.0,40.554298642533944,54.877192982456144,490.0,142.0,195.0,60.0,0.5964912280701755,False
Eredivisie 2025-2026,NAC Breda,bdb33nwcpd2jufn9ggtl7gvzd,B. Lucassen,20,1960.0,Defender,Left Back,Defensive Midfielder,0.8149198740878524,lineup position code + touch geography,0.8061240787956868,2.0,40.49773755656109,51.657429104590115,765.0,382.0,175.0,24.0,0.7088607594936709,False
Eredivisie 2025-2026,Fortuna Sittard,30oqkmhal9o3ktfnt06u17spg,L. Tunjić,16,1563.0,Midfielder,Central Midfielder,,0.8936613844870727,lineup position code + touch geography,0.460976817046323,0.0,40.3657616892911,62.868537108103425,372.0,153.0,131.0,25.0,0.6666666666666667,False
Eredivisie 2025-2026,SC Heerenveen,8y6kxc66t4hurxuz4m4cm388a,L. Oyen,15,1443.0,Midfielder,Attacking Midfielder,,0.9029597418992846,lineup position code + touch geography,0.41769854216522456,11.0,40.23378582202111,62.73504273504273,429.0,183.0,215.0,45.0,0.6495726495726496,False
Eredivisie 2025-2026,Heracles Almelo,69gzswoym4jqnrag1wdqfdkyy,J. Wieckhoff,19,1832.0,Defender,Left Back,,0.8996317341971443,lineup position code + touch geography,0.5678339758538642,2.0,40.08295625942685,52.44432371628647,716.0,377.0,169.0,16.0,0.7398989898989898,False
Eredivisie 2025-2026,Go Ahead Eagles,891zjrm0zjc2e3ebjx11p2y38,J. Slory,13,1239.0,Midfielder,Left Midfielder,Left Winger,0.8481522832674896,lineup position code + touch geography,0.72682805964228,7.0,40.00754147812971,58.943298969072174,446.0,158.0,194.0,38.0,0.5412371134020619,True
Eredivisie 2025-2026,FC Volendam,28rtnolu3a2au3on0jtwzhu6s,P. Ugwu,29,2782.0,Defender,Left Back,,0.9568662413983624,lineup position code + touch geography,0.31748697285792826,2.0,39.969834087481146,43.74369723109894,1707.0,929.0,315.0,32.0,0.7816683831101957,False
Eredivisie 2025-2026,Go Ahead Eagles,5shfqpd5fj05qrp1jlzd08ftg,C. Twigt,12,1164.0,Midfielder,Left Midfielder,,1.0,lineup position code + touch geography,0.0,8.0,39.753016591251885,52.6553802371532,481.0,297.0,71.0,6.0,0.7894736842105263,False
Eredivisie 2025-2026,Fortuna Sittard,3jkzywsfc2vjq3h1kqdhhl2hh,P. Gladon,31,3037.0,Forward,Centre Forward,,0.9699123901449196,lineup position code + touch geography,0.2428275168597792,0.0,39.55505279034691,41.9520295202952,749.0,233.0,321.0,104.0,0.5129151291512914,False
Eredivisie 2025-2026,Feyenoord Rotterdam,ciguyr553yqapqfudim9af46h,M. Deijl,14,1362.0,Defender,Left Back,,1.0,lineup position code + touch geography,0.0,2.0,39.536199095022624,43.25446189784767,870.0,549.0,198.0,34.0,0.7809694793536804,True
Eredivisie 2025-2026,Go Ahead Eagles,1mroid71v9bwpx0iaospei9gq,R. Margaret,23,2224.0,Midfielder,Attacking Midfielder,Centre Forward,0.6552443294260922,lineup position code + touch geography,0.995302771099762,7.0,39.34766214177979,80.99222459868902,815.0,293.0,367.0,85.0,0.5386666666666666,False
Eredivisie 2025-2026,FC Groningen,bm3k1knugkwa8z319dscr2yhg,T. Hernes,11,1056.0,Midfielder,Central Midfielder,,1.0,lineup position code + touch geography,0.0,0.0,39.24396681749623,64.58015267175571,239.0,109.0,95.0,17.0,0.7022900763358779,False
Eredivisie 2025-2026,Heracles Almelo,96om2im2vd1621ajcexlyekno,T. van Gilst,29,2802.0,Midfielder,Central Midfielder,Centre Forward,0.8315216092173829,lineup position code + touch geography,0.5180965857279679,0.0,38.83861236802413,61.164056024568914,680.0,272.0,218.0,64.0,0.6571428571428571,False
Eredivisie 2025-2026,Go Ahead Eagles,3g0xd9rds9relghxanr1f5vc9,S. Sigurðarson,14,1336.0,Forward,Centre Forward,,0.9606572595618269,lineup position code + touch geography,0.2967437731901995,9.0,38.49924585218703,50.25900439141387,421.0,136.0,149.0,71.0,0.5988372093023255,False
Eredivisie 2025-2026,Feyenoord Rotterdam,5qvkwsnygz3zekwsdd1r994wk,G. Diarra,6,589.0,Midfielder,Attacking Midfielder,,0.8665716836034056,lineup position code + touch geography,0.6754711752095875,11.0,38.48039215686274,64.46236559139786,169.0,74.0,82.0,20.0,0.6989247311827957,False
Eredivisie 2025-2026,Go Ahead Eagles,94b7i139jyk6hs6ioqlztg1jp,F. Stokkers,19,1829.0,Forward,Centre Forward,Attacking Midfielder,0.8117722355272937,lineup position code + touch geography,0.6183155686150472,0.0,38.31070889894419,61.51041666666666,255.0,81.0,112.0,52.0,0.6145833333333333,False
Eredivisie 2025-2026,SBV Excelsior,1fs2iimaa97nzlw80yypcd6ju,S. Mitrović,9,875.0,Midfielder,Left Midfielder,Left Winger,0.6772076687440582,lineup position code + touch geography,0.9859730824505161,0.0,38.17873303167421,60.00000000000001,201.0,84.0,78.0,17.0,0.5714285714285714,False
Eredivisie 2025-2026,SBV Excelsior,7y0acvcg9km8dz51t5ndy23md,M. van Duinen,28,2709.0,Forward,Left Winger,,0.9380188786534744,lineup position code + touch geography,0.30157131118405994,0.0,37.820512820512825,46.42992424242424,550.0,150.0,211.0,56.0,0.5170454545454546,False
Eredivisie 2025-2026,Heracles Almelo,6lyedmu2vuf7jig3jmhz9b4ve,D. van der Kust,21,2015.0,Defender,Right Back,Defensive Midfielder,0.7783975917416595,lineup position code + touch geography,0.6633710144625309,3.0,37.82051282051282,58.00147881857028,983.0,492.0,192.0,17.0,0.7213438735177866,False
Eredivisie 2025-2026,SC Heerenveen,88523fv89ozrqwnbhgphxual0,M. Egbring,8,780.0,Defender,Left Back,,0.9076733228629122,lineup position code + touch geography,0.5382128901850235,0.0,37.74509803921569,66.0,179.0,68.0,30.0,7.0,0.7428571428571429,False
Eredivisie 2025-2026,NAC Breda,2wkew38juoofry6oo3t1vcwyd,E. Mahmutović,15,1465.0,Defender,Left Back,,0.9920369997989141,lineup position code + touch geography,0.0848584409988779,5.0,37.65082956259427,33.799923507984595,593.0,277.0,58.0,38.0,0.8055555555555556,False
Eredivisie 2025-2026,PSV Eindhoven,f4pqxviuwzd6a803jfx9bh4o9,M. Boadu,13,1238.0,Forward,Centre Forward,,0.9689087648892114,lineup position code + touch geography,0.24892390491851563,0.0,37.48114630467572,60.32894736842105,184.0,55.0,87.0,45.0,0.7236842105263157,False
Eredivisie 2025-2026,NAC Breda,b486fhu2s7pyi92yk1iczglp1,T. Kongolo,5,491.0,Defender,Right Back,,0.8674030051581072,lineup position code + touch geography,0.6730174691015478,0.0,37.12292609351433,41.83606130535574,135.0,58.0,7.0,4.0,0.7166666666666667,False
Eredivisie 2025-2026,Feyenoord Rotterdam,891zjrm0zjc2e3ebjx11p2y38,J. Slory,6,590.0,Midfielder,Attacking Midfielder,Centre Forward,0.7999131944444444,lineup position code + touch geography,0.8368096082286709,0.0,37.12292609351433,63.76543209876544,178.0,65.0,87.0,23.0,0.6790123456790124,True
Eredivisie 2025-2026,Nijmegen Eendracht Combinatie,4j5hfebi948ggjwexpndrub1m,Danilo,11,1074.0,Forward,Centre Forward,,0.954547586659787,lineup position code + touch geography,0.32983482903991407,0.0,36.67043740573152,68.27639751552795,224.0,92.0,117.0,40.0,0.6956521739130435,False
Eredivisie 2025-2026,Feyenoord Rotterdam,3o4tq8qooplx2izq9rucgu7d,C. Tengstedt,19,1850.0,Forward,Centre Forward,,0.8879239562938167,lineup position code + touch geography,0.44217173450613656,0.0,36.51960784313726,58.95513500284846,231.0,76.0,120.0,65.0,0.6296296296296297,False
Eredivisie 2025-2026,FC Utrecht,29s8wk0a2m66rebsfx1jfuuh,D. van den Berg,5,491.0,Midfielder,Central Midfielder,,0.8671467974256819,lineup position code + touch geography,0.6737749804434445,7.0,36.453619909502265,51.185616376455755,102.0,57.0,18.0,3.0,0.8166666666666667,False
Eredivisie 2025-2026,FC Volendam,6bklt91zc5vietmdc8r31zl2i,D. Payne,15,1444.0,Defender,Left Back,,1.0,lineup position code + touch geography,0.0,2.0,35.80316742081448,48.38756429688944,768.0,415.0,179.0,19.0,0.7662037037037037,False
Eredivisie 2025-2026,SBV Excelsior,buhlcdwtnxeiqgy079kas7dw4,J. Bergraaf,25,2422.0,Forward,Left Winger,,0.9574843458518315,lineup position code + touch geography,0.3141528637927928,9.0,35.482654600301665,40.59193608298607,604.0,209.0,206.0,61.0,0.6032388663967612,False
Eredivisie 2025-2026,SC Heerenveen,d2698ncsatg6jtvb0l9ijhj4k,N. Hopland,18,1756.0,Defender,Centre Back,,0.8837693910627461,lineup position code + touch geography,0.6221493759431923,6.0,35.463800904977376,69.89853838414642,572.0,360.0,25.0,11.0,0.8708791208791209,False
Eredivisie 2025-2026,Fortuna Sittard,66kplyn4wfzukepup1ws0f1ed,A. Halilović,5,477.0,Midfielder,Left Midfielder,Left Winger,0.5475683115823817,lineup position code + touch geography,0.9966110709905894,0.0,34.98303167420815,68.26923076923077,47.0,24.0,18.0,3.0,0.8076923076923077,False
Eredivisie 2025-2026,Go Ahead Eagles,9vyizhfym4y8vc07xrvba7skq,O. Pettersson,5,491.0,Midfielder,Attacking Midfielder,,0.8565306122448979,lineup position code + touch geography,0.7041674885189257,0.0,34.98303167420814,45.666666666666664,89.0,39.0,47.0,14.0,0.7333333333333334,False
Eredivisie 2025-2026,Alkmaar Zaanstreek,c0os20ujhb2hujvtp21093l04,A. Oufkir,8,769.0,Midfielder,Attacking Midfielder,Left Winger,0.6294511805998724,lineup position code + touch geography,0.9998983651530792,0.0,34.95475113122171,59.09090909090908,205.0,68.0,99.0,23.0,0.5454545454545454,True
Eredivisie 2025-2026,Feyenoord Rotterdam,e9l5r0txzrjbenli05rn3k4wl,R. Sterling,8,776.0,Midfielder,Attacking Midfielder,Right Winger,0.6755391989044848,lineup position code + touch geography,0.9868580125711192,11.0,34.81334841628959,58.333333333333336,314.0,136.0,162.0,25.0,0.6666666666666667,False
Eredivisie 2025-2026,Feyenoord Rotterdam,8f3bhiy6r5eei1n25exhbwr8p,J. Lotomba,20,1933.0,Defender,Left Back,,0.9941572065185571,lineup position code + touch geography,0.06575985614056151,2.0,34.78506787330316,76.09767099488955,787.0,463.0,154.0,16.0,0.8375,False
Eredivisie 2025-2026,SBV Excelsior,2vfhae70oyyzm0qttlckworqi,A. Carlén,26,2516.0,Midfielder,Defensive Midfielder,,0.9381639404521227,lineup position code + touch geography,0.4107469505825541,4.0,34.50226244343891,39.0011182627109,924.0,458.0,117.0,25.0,0.7825159914712153,False
Eredivisie 2025-2026,AFC Ajax,7dkhv2l8y6jq20l1dc2ye17je,O. Edvardsen,18,1742.0,Midfielder,Left Midfielder,Left Winger,0.769132978846913,lineup position code + touch geography,0.8906441258736696,0.0,34.14404223227752,63.28546370318398,537.0,272.0,200.0,27.0,0.7231833910034602,False
Eredivisie 2025-2026,Go Ahead Eagles,b157xbo2jovsxkgr3wie3rip6,T. Baeten,20,1916.0,Midfielder,Attacking Midfielder,Left Winger,0.788869824270307,lineup position code + touch geography,0.6708668161104473,0.0,34.125188536953246,55.57416267942583,701.0,212.0,329.0,58.0,0.5488721804511278,False
Eredivisie 2025-2026,FC Volendam,89plvrt8pzppcclh4axvii0ru,A. Plat,17,1640.0,Midfielder,Left Midfielder,,1.0,lineup position code + touch geography,0.0,8.0,33.700980392156865,46.78814630568489,513.0,258.0,89.0,15.0,0.75,False
Eredivisie 2025-2026,SBV Excelsior,4fcmk1x7n95o7owons6mc5a1g,S. Henderikx,10,968.0,Defender,Right Back,,0.9823619198371869,lineup position code + touch geography,0.1607586687815927,6.0,33.503016591251885,41.14574440809134,474.0,287.0,31.0,4.0,0.8419243986254296,False
Eredivisie 2025-2026,SBV Excelsior,ucqemxwd5n13up4t16o6qot0,C. Nadje,7,679.0,Midfielder,Left Midfielder,,1.0,lineup position code + touch geography,0.0,0.0,32.63574660633484,44.19247610149164,235.0,110.0,43.0,6.0,0.7007874015748031,False
Eredivisie 2025-2026,NAC Breda,6feheukom1kdo8w1hwrztpvro,B. Ghalidi,10,965.0,Midfielder,Attacking Midfielder,Centre Forward,0.7674157303370787,lineup position code + touch geography,0.8933031155975076,0.0,32.12669683257919,65.27777777777779,279.0,163.0,143.0,19.0,0.7222222222222222,False
Eredivisie 2025-2026,FC Twente,6ydojoa3581jgszpjqj7i8zpx,B. Kuipers,7,680.0,Defender,Right Back,Defensive Midfielder,0.7696165191740413,lineup position code + touch geography,0.7365522896652097,0.0,32.08898944193062,62.14457831325302,150.0,78.0,44.0,8.0,0.7469879518072289,False
Eredivisie 2025-2026,PEC Zwolle,4mhahoh3a6rir882ug9hdb5nu,T. Velthuis,11,1040.0,Defender,Centre Back,,0.9893363973552652,lineup position code + touch geography,0.1076101626045835,6.0,31.947586726998487,38.63379764110183,465.0,298.0,16.0,5.0,0.8624161073825504,True
Eredivisie 2025-2026,SC Telstar,f5pgdha5h37xytbk1zq8q710,D. Koswal,25,2428.0,Defender,Left Back,,0.9739174444465566,lineup position code + touch geography,0.21780834142825023,6.0,31.82503770739065,66.24096311879737,1102.0,613.0,82.0,18.0,0.8129032258064516,False
Eredivisie 2025-2026,PEC Zwolle,cstlool8c2aoty5vhx77t4q38,J. Faberski,18,1739.0,Midfielder,Left Midfielder,Left Winger,0.6582233845611354,lineup position code + touch geography,0.8542633750421851,0.0,31.636500754147814,60.911949685534594,362.0,126.0,134.0,37.0,0.5974842767295597,False
Eredivisie 2025-2026,Go Ahead Eagles,badyafxn00m21tzbdff95o4k4,Y. Salah Rahmouni,20,1937.0,Midfielder,Central Midfielder,,1.0,lineup position code + touch geography,0.0,4.0,31.598793363499244,57.77634863228381,615.0,377.0,84.0,5.0,0.8328981723237598,False
Eredivisie 2025-2026,Sparta Rotterdam,9lctm8txbd4n87mk61lwa0rf9,S. Bakari,14,1360.0,Defender,Left Back,,0.949772665116915,lineup position code + touch geography,0.3545123308202652,2.0,31.570512820512818,41.98004926261037,438.0,244.0,62.0,5.0,0.8221343873517787,False
Eredivisie 2025-2026,FC Groningen,679ax4aocvzlvj4i7a1bb8rv8,T. Mercera,22,2141.0,Defender,Left Back,,1.0,lineup position code + touch geography,0.0,2.0,31.278280542986423,59.63259714807556,761.0,367.0,211.0,33.0,0.7301587301587302,False
Eredivisie 2025-2026,FC Groningen,7xovmwq2h4rcr9nuou4gi3g2c,W. Prins,22,2126.0,Defender,Right Back,,0.940143529349912,lineup position code + touch geography,0.4015045182549363,0.0,31.16515837104072,47.30013750505656,569.0,249.0,121.0,12.0,0.640926640926641,False
Eredivisie 2025-2026,SBV Excelsior,424ohpqxpz31dlopxxamyk9as,Yoon Do-Young,6,578.0,Midfielder,Left Midfielder,,0.8825717321997875,lineup position code + touch geography,0.6260428793725842,0.0,30.901206636500753,22.58064516129032,89.0,22.0,37.0,8.0,0.6451612903225806,False
Eredivisie 2025-2026,FC Twente,c7n2b2gq381k0o0jizqueii5m,M. Kjølø,19,1833.0,Midfielder,Central Midfielder,,0.9760012267743502,lineup position code + touch geography,0.20431662513763765,0.0,30.806938159879337,49.824299960918026,470.0,267.0,117.0,12.0,0.775,False
Eredivisie 2025-2026,SC Heerenveen,2f8lk6lxav7hl7xlqt9an18x6,H. Petrov,21,2042.0,Defender,Right Back,,0.9585982770114353,lineup position code + touch geography,0.3080977801615653,0.0,30.693815987933633,46.80031811999791,529.0,305.0,82.0,23.0,0.8311688311688312,False
Eredivisie 2025-2026,NAC Breda,64oi87vu8r3cxx2fvtr442gwk,J. Candelaria,8,780.0,Midfielder,Defensive Midfielder,Right Back,0.6220757953836555,lineup position code + touch geography,0.8441646303345015,0.0,30.241327300150832,73.2704623639727,137.0,62.0,38.0,4.0,0.5522388059701493,False
Eredivisie 2025-2026,FC Utrecht,ubuh5wgnl0o5bn3wirdmectm,M. Eerdhuijzen,11,1113.0,Defender,Right Back,,0.9881635934116412,lineup position code + touch geography,0.11705161339078259,6.0,30.222473604826547,39.76590395524247,447.0,296.0,9.0,5.0,0.8795986622073578,False
Eredivisie 2025-2026,SC Heerenveen,cyn9r9vb8vea1gkyqzwruck4,E. Gürbüz,16,1547.0,Midfielder,Attacking Midfielder,Left Winger,0.8382207984228685,lineup position code + touch geography,0.7522481693152125,0.0,30.20361990950226,59.1554054054054,289.0,104.0,135.0,25.0,0.5472972972972974,False
Eredivisie 2025-2026,SC Telstar,8kqetcv52r962hqpw7uaysljo,S. Hagedoorn,8,778.0,Midfielder,Attacking Midfielder,Centre Forward,0.7603816610657704,lineup position code + touch geography,0.9038272093897541,0.0,30.165912518853695,60.62053954647491,106.0,30.0,52.0,28.0,0.6511627906976745,False
Eredivisie 2025-2026,Nijmegen Eendracht Combinatie,7wjzrrcy3fp8nq6dlanfxvqhh,B. Nuytinck,7,689.0,Defender,Centre Back,,1.0,lineup position code + touch geography,0.0,5.0,30.05279034690799,31.305195622008995,296.0,162.0,20.0,3.0,0.7975460122699387,False
Eredivisie 2025-2026,Feyenoord Rotterdam,3rrges782prcprsn207dk4zit,C. Larin,8,772.0,Forward,Centre Forward,Central Midfielder,0.7190631364562118,lineup position code + touch geography,0.9541257719423434,0.0,29.920814479638008,43.16070374515321,136.0,45.0,52.0,21.0,0.7678571428571428,False
Eredivisie 2025-2026,Sparta Rotterdam,6w59kdfilru1152bjutstu2fp,J. de Guzmán,6,583.0,Midfielder,Central Midfielder,,1.0,lineup position code + touch geography,0.0,0.0,29.90196078431373,46.519114688128774,115.0,70.0,30.0,1.0,0.676056338028169,False
Eredivisie 2025-2026,Heracles Almelo,2fadtqb0v2zreactvdosbxy50,Y. Borges Sanches,11,1055.0,Midfielder,Right Midfielder,Right Winger,0.7275586306047264,lineup position code + touch geography,0.9453520842605034,11.0,29.638009049773757,57.96967504789395,330.0,126.0,123.0,22.0,0.6730769230769231,False
Eredivisie 2025-2026,PEC Zwolle,5mqog8k9eyi248jvrrp9fo8wk,N. Fichtinger,20,1925.0,Midfielder,Defensive Midfielder,,0.936689460033011,lineup position code + touch geography,0.29954539116038026,0.0,29.37405731523379,39.87990302661271,714.0,291.0,96.0,12.0,0.6887417218543046,False
Eredivisie 2025-2026,FC Groningen,bjr31p4bny8vtlm8dc237boyc,R. Metu,8,778.0,Midfielder,Right Midfielder,,1.0,lineup position code + touch geography,0.0,0.0,29.3552036199095,56.8,108.0,36.0,40.0,8.0,0.48,False
Eredivisie 2025-2026,SC Heerenveen,f593mnttzie8gicqlig2zvzvu,A. van Axel Dongen,7,688.0,Midfielder,Central Midfielder,Centre Forward,0.6422332506203474,lineup position code + touch geography,0.8758583368882477,0.0,28.855580693815988,19.501912333071225,108.0,24.0,41.0,14.0,0.5,False
Eredivisie 2025-2026,Feyenoord Rotterdam,6hnzgiw8h1itz9l2j3sb6oeeh,J. St. Juste,6,582.0,Defender,Centre Back,,1.0,lineup position code + touch geography,0.0,0.0,28.648190045248867,43.79220902655786,149.0,77.0,8.0,2.0,0.8974358974358975,False
Eredivisie 2025-2026,AFC Ajax,3mctpepmqunc1a8zro2nq1wtm,V. Jaroš,19,1849.0,Goalkeeper,Goalkeeper,,1.0,goalkeeper events + lineup,0.0,1.0,28.51621417797889,29.938023077332076,1205.0,855.0,2.0,0.0,0.6051401869158879,False
Eredivisie 2025-2026,PSV Eindhoven,3c3vzihvua5ap17aa27v1ve38,J. van den Berg,5,469.0,Midfielder,Central Midfielder,,1.0,lineup position code + touch geography,0.0,4.0,28.01659125188537,58.03830232194529,123.0,64.0,41.0,10.0,0.7971014492753623,False
Eredivisie 2025-2026,FC Utrecht,9v212zfspaz9cmswudro21ous,O. Agougil,6,588.0,Midfielder,Central Midfielder,,1.0,lineup position code + touch geography,0.0,0.0,27.950603318250376,48.63636363636363,124.0,76.0,19.0,0.0,0.8181818181818181,False
Eredivisie 2025-2026,SBV Excelsior,f314a9y83ou7l9imhnbp4f6dw,S. Middendorp,6,582.0,Midfielder,Defensive Midfielder,,1.0,lineup position code + touch geography,0.0,0.0,27.884615384615387,40.13281105978278,130.0,58.0,20.0,1.0,0.6825396825396826,False
Eredivisie 2025-2026,FC Twente,ax1f2gncrjm3q6wixxdr4chzo,L. Vennegoor of Hesselink,5,490.0,Forward,Centre Forward,Centre Back,0.7472922067401166,lineup position code + touch geography,0.8233733611645958,0.0,27.648944193061837,38.666666666666664,61.0,24.0,38.0,25.0,0.5333333333333333,False
Eredivisie 2025-2026,FC Groningen,7wo4627xo1mx5k0vpwhe8hqll,E. Vaessen,30,2908.0,Goalkeeper,Goalkeeper,,1.0,goalkeeper events + lineup,0.0,1.0,27.337858220211164,27.878169885086635,2092.0,1356.0,27.0,2.0,0.5143699336772292,False
Eredivisie 2025-2026,Alkmaar Zaanstreek,6zzcoo9k4ebqtlux49rbb5fro,M. Dekker,7,670.0,Defender,Right Back,,1.0,lineup position code + touch geography,0.0,6.0,27.224736048265463,38.67180331037679,184.0,109.0,20.0,5.0,0.8928571428571429,False
Eredivisie 2025-2026,AFC Ajax,3rve12v22lh39aaqgjlwlmhas,D. Konadu,9,883.0,Forward,Centre Forward,,1.0,lineup position code + touch geography,0.0,0.0,27.224736048265463,58.333333333333336,119.0,40.0,42.0,16.0,0.6666666666666667,False
Eredivisie 2025-2026,FC Volendam,aklhi0hr28nidjlkw1sokp785,A. Meijers,12,1140.0,Defender,Right Back,,0.922259558623195,lineup position code + touch geography,0.48047238023753613,3.0,27.224736048265463,39.85467123029933,409.0,229.0,79.0,3.0,0.7679324894514767,False
Eredivisie 2025-2026,Sparta Rotterdam,ecmzlwu35vg4y64kidte9v0no,M. Kleijn,11,1059.0,Defender,Right Back,,0.9583894765209189,lineup position code + touch geography,0.2297419549910748,3.0,27.196455505279033,57.23930872697167,375.0,203.0,74.0,8.0,0.7632850241545894,False
Eredivisie 2025-2026,SC Telstar,50130ztne7nsfs9fxf0am6vv9,D. Mertens,20,1932.0,Midfielder,Central Midfielder,,0.93126971945084,lineup position code + touch geography,0.3352923155100575,0.0,27.092760180995477,66.16027440256127,438.0,148.0,128.0,20.0,0.6686046511627908,False
Eredivisie 2025-2026,SC Telstar,9lju80srwcwd1s6ezrjbk33tg,J. Seedorf,12,1162.0,Forward,Centre Forward,Central Midfielder,0.8218798349664777,lineup position code + touch geography,0.7908472419484842,0.0,26.998491704374057,63.1,142.0,39.0,54.0,20.0,0.6599999999999999,True
Eredivisie 2025-2026,NAC Breda,6jabylbbn78fxakfp2t2h3huc,P. Reulen,16,1547.0,Forward,Centre Forward,Central Midfielder,0.8285253760952224,lineup position code + touch geography,0.7756203985962308,0.0,26.970211161387635,62.22222222222222,171.0,53.0,71.0,19.0,0.6349206349206349,False
Eredivisie 2025-2026,Heracles Almelo,afdwdm1rkz1ir3c0tukfh3jhm,S. Čestić,7,669.0,Defender,Left Back,,0.9013935456831518,lineup position code + touch geography,0.5614702884442491,5.0,26.923076923076923,56.96296778424469,293.0,159.0,25.0,11.0,0.8012048192771084,False
Eredivisie 2025-2026,SC Telstar,8l31bne12p5cp51o46h92zjrp,R. Koeman,33,3207.0,Goalkeeper,Goalkeeper,,1.0,goalkeeper events + lineup,0.0,1.0,26.809954751131222,25.210219642500487,2257.0,1491.0,29.0,4.0,0.5414993306559572,False
Eredivisie 2025-2026,AFC Ajax,ctp8zu9j5xq6ra8f2n3ybfn6c,M. Carrizo,6,613.0,Forward,Left Winger,,0.9182906785630429,lineup position code + touch geography,0.49672784572234313,0.0,26.52714932126697,41.51694869969312,104.0,33.0,44.0,14.0,0.6734693877551021,False
Eredivisie 2025-2026,FC Groningen,ewbakrn2dqmy062scjnz0pecp,Rui Mendes,6,582.0,Forward,Centre Forward,,0.7540215083359547,lineup position code + touch geography,0.7195309544835871,0.0,26.41402714932127,33.3073261429866,49.0,12.0,24.0,9.0,0.4666666666666667,False
Eredivisie 2025-2026,PEC Zwolle,7h6w0i7ebl5pew0v1j8ipin10,G. Reiziger,12,1163.0,Midfielder,Left Midfielder,,0.9614023084245596,lineup position code + touch geography,0.2925819420975425,0.0,26.35746606334842,45.98640912065716,179.0,64.0,62.0,15.0,0.547945205479452,False
Eredivisie 2025-2026,Heracles Almelo,d5wx8rvjfaw1arn69fdd64d90,R. Bozinovski,8,771.0,Midfielder,Central Midfielder,,1.0,lineup position code + touch geography,0.0,4.0,26.28205128205128,31.91930846325427,263.0,128.0,28.0,1.0,0.7299270072992701,False
Eredivisie 2025-2026,Alkmaar Zaanstreek,792zq4joba1qgt0lusvrjantg,L. Zeefuik,10,966.0,Forward,Left Winger,Left Back,0.6117225552641439,lineup position code + touch geography,0.9148858365496276,0.0,25.7447209653092,77.72727272727273,117.0,27.0,51.0,19.0,0.3636363636363636,True
Eredivisie 2025-2026,PEC Zwolle,hjb0mn4fgmfiimwn5odvl8fd,T. Buitink,8,766.0,Forward,Centre Forward,,0.9002932551319648,lineup position code + touch geography,0.5654526609720247,0.0,25.150829562594268,50.600428322087154,87.0,23.0,39.0,9.0,0.5357142857142857,False
Eredivisie 2025-2026,SC Telstar,9229789015kq0j5c85ug3ajv8,A. Lechkar,16,1560.0,Midfielder,Defensive Midfielder,,0.9737910227470047,lineup position code + touch geography,0.21861593189926018,0.0,25.141402714932127,61.677419354838705,330.0,149.0,85.0,11.0,0.6193548387096774,False
Eredivisie 2025-2026,SBV Excelsior,1xwmx2ydxa5zeqo12778h83ro,N. Martens,9,871.0,Defender,Left Back,,1.0,lineup position code + touch geography,0.0,3.0,25.056561085972852,29.65017745876698,414.0,228.0,71.0,4.0,0.6822033898305084,False
Eredivisie 2025-2026,Feyenoord Rotterdam,11ceernyer8po8soj8dmygatx,T. Wellenreuther,33,3210.0,Goalkeeper,Goalkeeper,,1.0,goalkeeper events + lineup,0.0,1.0,24.7737556561086,27.32780688335329,2088.0,1384.0,25.0,3.0,0.5642135642135642,False
Eredivisie 2025-2026,PEC Zwolle,6eg8vaxpqsd6cyh736h7bq4x6,D. Mbayo,14,1356.0,Forward,Left Winger,Attacking Midfielder,0.661057067805906,lineup position code + touch geography,0.9933206533695367,0.0,24.679487179487175,63.935483870967744,315.0,130.0,140.0,17.0,0.6838709677419355,False
Eredivisie 2025-2026,SC Telstar,1ab5am767rpppcrwnlfjo0mad,M. Hamdaoui,7,688.0,Midfielder,Attacking Midfielder,Centre Forward,0.6557881773399015,lineup position code + touch geography,0.9951321305749291,0.0,24.556938159879337,64.86842105263158,92.0,29.0,45.0,16.0,0.7105263157894737,False
Eredivisie 2025-2026,Heracles Almelo,7w5ivtmbqzi4hfte330r1a505,R. Pasveer,11,1060.0,Goalkeeper,Goalkeeper,,1.0,goalkeeper events + lineup,0.0,1.0,24.50037707390649,19.74085253913763,673.0,428.0,7.0,0.0,0.4405594405594405,True
Eredivisie 2025-2026,Go Ahead Eagles,lp9kyx4408kpoey40zv9mga1,J. De Busser,34,3270.0,Goalkeeper,Goalkeeper,,1.0,goalkeeper events + lineup,0.0,1.0,24.481523378582203,21.993552757218684,2238.0,1466.0,14.0,0.0,0.4867256637168141,False
Eredivisie 2025-2026,Feyenoord Rotterdam,2tox45zgi16bvmn2xzdlvblsk,J. Plug,5,478.0,Defender,Right Back,,0.9059267625728213,lineup position code + touch geography,0.5447731422823976,0.0,23.793363499245856,34.29578540287911,127.0,80.0,10.0,0.0,0.7875,False
Eredivisie 2025-2026,Nijmegen Eendracht Combinatie,b2a5syitl1nb5ky04j7pdq09h,J. Willems,6,601.0,Defender,Right Back,,0.856567235987491,lineup position code + touch geography,0.7040659154873722,0.0,23.501131221719454,53.08050688734854,152.0,90.0,36.0,3.0,0.7340425531914894,False
Eredivisie 2025-2026,Alkmaar Zaanstreek,a48j66n8bzz6ffcsyiodbfwq2,S. Maikuma,7,669.0,Defender,Left Back,Defensive Midfielder,0.790606338998622,lineup position code + touch geography,0.8543468980435852,0.0,23.190045248868778,53.69534476890283,148.0,68.0,26.0,6.0,0.6857142857142857,False
Eredivisie 2025-2026,SC Telstar,buappmrojgc4lrl7tngfl8pw4,R. Oudsten,8,766.0,Midfielder,Defensive Midfielder,Left Back,0.6299143535238881,lineup position code + touch geography,0.9357077114135327,0.0,23.09577677224736,29.999276217217723,109.0,47.0,26.0,5.0,0.7058823529411764,False
Eredivisie 2025-2026,AFC Ajax,2922aevmtpw4qvcwohmxmqtbd,T. Tomiyasu,9,903.0,Defender,Right Back,Defensive Midfielder,0.8350263466042155,lineup position code + touch geography,0.7601033536080318,0.0,22.803544494720967,41.13364188562617,283.0,160.0,30.0,7.0,0.7530120481927711,False
Eredivisie 2025-2026,Nijmegen Eendracht Combinatie,2by23cpjtr9tsw1m4ak1w73oq,G. Crettaz,31,3037.0,Goalkeeper,Goalkeeper,,1.0,goalkeeper events + lineup,0.0,1.0,22.68099547511312,21.301213078005276,2410.0,1585.0,33.0,2.0,0.4416403785488959,False
Eredivisie 2025-2026,Sparta Rotterdam,d5v47kueisvcjjz4f69m83sut,J. Drommel,34,3293.0,Goalkeeper,Goalkeeper,,1.0,goalkeeper events + lineup,0.0,1.0,22.54901960784314,25.997735964918657,2394.0,1627.0,35.0,6.0,0.5417690417690417,False
Eredivisie 2025-2026,SC Heerenveen,a40zl71xh862o3qqxy89mp8q2,B. Klaverboer,30,2915.0,Goalkeeper,Goalkeeper,,1.0,goalkeeper events + lineup,0.0,1.0,22.275641025641026,22.493788996716688,2041.0,1316.0,15.0,0.0,0.4856060606060606,False
Eredivisie 2025-2026,PSV Eindhoven,cs4aca71qkt1ru20ppmi6djl6,M. Kovář,31,2984.0,Goalkeeper,Goalkeeper,,1.0,goalkeeper events + lineup,0.0,1.0,21.71945701357466,28.67440509963191,2007.0,1366.0,9.0,2.0,0.6466715435259693,False
Eredivisie 2025-2026,Alkmaar Zaanstreek,9bgq1tfyfzc3wg9pfr8q510k4,D. Kwakman,6,579.0,Midfielder,Defensive Midfielder,,0.9356407322654462,lineup position code + touch geography,0.42233534543121104,0.0,21.540346907993968,50.33860974499091,128.0,58.0,14.0,2.0,0.7777777777777778,True
Eredivisie 2025-2026,Heracles Almelo,2uw0batubkzwe3gcexxwa22cq,T. Jansink,15,1441.0,Goalkeeper,Goalkeeper,,1.0,goalkeeper events + lineup,0.0,1.0,21.41779788838612,24.93384239453227,901.0,595.0,8.0,1.0,0.5109243697478991,False
Eredivisie 2025-2026,Alkmaar Zaanstreek,7wrulbqqdeecd5vegsbb1905w,R. Owusu-Oduro,23,2222.0,Goalkeeper,Goalkeeper,,1.0,goalkeeper events + lineup,0.0,1.0,21.31410256410256,20.78626459845163,1217.0,752.0,19.0,3.0,0.4794701986754967,False
Eredivisie 2025-2026,PEC Zwolle,10k3fz1ibikbugv4c45ewy87o,J. Pereira da Gama,10,969.0,Midfielder,Defensive Midfielder,,0.9303082519624737,lineup position code + touch geography,0.44614968024269624,0.0,21.07843137254902,49.898853754196,175.0,82.0,23.0,2.0,0.7701149425287357,False
Eredivisie 2025-2026,FC Volendam,7qzban9gm72aznhn11qyxwtg4,K. van Oevelen,32,3078.0,Goalkeeper,Goalkeeper,,1.0,goalkeeper events + lineup,0.0,1.0,21.021870286576167,20.549994635875706,2437.0,1541.0,41.0,4.0,0.429126213592233,False
Eredivisie 2025-2026,Alkmaar Zaanstreek,5i0e7e59vav8ynqzt7qrvitt6,J. Hornkamp,8,772.0,Forward,Centre Forward,Central Midfielder,0.7746693162764703,lineup position code + touch geography,0.8818291986818808,0.0,20.86161387631976,37.07192205322718,159.0,61.0,55.0,12.0,0.5303030303030303,True
Eredivisie 2025-2026,Fortuna Sittard,axhjtqfa2xxud2tdle8zfxrkl,L. Koopmans,10,976.0,Goalkeeper,Goalkeeper,,1.0,goalkeeper events + lineup,0.0,1.0,20.739064856711913,16.064770018746106,593.0,348.0,8.0,0.0,0.2729885057471264,False
Eredivisie 2025-2026,SBV Excelsior,am19rcub89k9bleldiqps7845,S. van Gassel,32,3095.0,Goalkeeper,Goalkeeper,,1.0,goalkeeper events + lineup,0.0,1.0,20.58823529411765,20.87311398978675,2341.0,1585.0,38.0,3.0,0.4769716088328075,False
Eredivisie 2025-2026,SC Telstar,devvpv4u2vs2cofnwp4678mvp,D. Malone,11,1061.0,Defender,Left Back,Defensive Midfielder,0.6819364515734051,lineup position code + touch geography,0.808400825758198,0.0,19.570135746606333,38.61623070804544,146.0,64.0,5.0,3.0,0.8153846153846154,False
Eredivisie 2025-2026,Alkmaar Zaanstreek,bmqg7owjivu1f3grdigkid0b9,J. Zoet,11,1050.0,Goalkeeper,Goalkeeper,,1.0,goalkeeper events + lineup,0.0,1.0,19.33446455505279,25.023565255369697,501.0,329.0,1.0,0.0,0.4559270516717325,False
Eredivisie 2025-2026,FC Utrecht,9q90ls3k1i2739wd6a20fku6t,V. Barkas,35,3422.0,Goalkeeper,Goalkeeper,,1.0,goalkeeper events + lineup,0.0,1.0,19.306184012066367,22.21471048511214,2082.0,1336.0,8.0,2.0,0.5041136873597607,False
Eredivisie 2025-2026,Sparta Rotterdam,1pmoxunz3nw0ptd6g64maam7d,N. Þórisson,10,974.0,Forward,Centre Forward,Attacking Midfielder,0.6677540688872067,lineup position code + touch geography,0.8027719238085643,0.0,18.96681749622926,42.58064516129032,73.0,26.0,35.0,9.0,0.6451612903225806,True
Eredivisie 2025-2026,NAC Breda,4lsj3yc6adimhltkab6tzfj84,D. Versluis,6,589.0,Midfielder,Left Midfielder,Left Winger,0.5248973947180585,lineup position code + touch geography,0.9982155784609908,0.0,18.96681749622926,-3.1818181818181785,42.0,9.0,14.0,4.0,-0.0909090909090908,False
Eredivisie 2025-2026,Fortuna Sittard,16mtjri8tz6vmxtxwr34y2tp1,M. Branderhorst,24,2345.0,Goalkeeper,Goalkeeper,,1.0,goalkeeper events + lineup,0.0,1.0,18.929110105580698,14.631626904512688,1476.0,875.0,17.0,0.0,0.2465753424657534,False
Eredivisie 2025-2026,FC Twente,bzanwdo4ihqd6d7vr06bd3845,L. Unnerstall,31,3004.0,Goalkeeper,Goalkeeper,,1.0,goalkeeper events + lineup,0.0,1.0,18.721719457013577,22.799005005508658,1569.0,1032.0,6.0,0.0,0.5145348837209303,False
Eredivisie 2025-2026,AFC Ajax,dunp2ilud32z4lf3f8vvwjca1,M. Paes,13,1289.0,Goalkeeper,Goalkeeper,,1.0,goalkeeper events + lineup,0.0,1.0,18.42006033182504,19.741652595847516,891.0,606.0,4.0,2.0,0.5354200988467874,False
Eredivisie 2025-2026,NAC Breda,ajs5py826pvol60tokraxrpey,D. Bielica,33,3215.0,Goalkeeper,Goalkeeper,,1.0,goalkeeper events + lineup,0.0,1.0,18.32579185520362,19.578995562118028,1838.0,1150.0,10.0,1.0,0.4453125,False
Eredivisie 2025-2026,FC Utrecht,3gczyjwrkpu7ht35di1g09s0k,E. Demircan,6,589.0,Midfielder,Attacking Midfielder,Right Winger,0.786475935205687,lineup position code + touch geography,0.8617744595621287,0.0,18.06184012066365,60.39529856040395,89.0,32.0,38.0,5.0,0.6363636363636364,False
Eredivisie 2025-2026,Fortuna Sittard,afww998w4zov3quy71r4jn3kl,S. Bastien,6,583.0,Midfielder,Central Midfielder,,0.853125,lineup position code + touch geography,0.0,0.0,17.656485671191554,50.66666666666666,33.0,14.0,9.0,1.0,0.7333333333333334,False
Eredivisie 2025-2026,PEC Zwolle,68hoounwudpjrr2wmovkyvswk,T. de Graaff,31,2977.0,Goalkeeper,Goalkeeper,,1.0,goalkeeper events + lineup,0.0,1.0,17.647058823529417,17.589277182321357,1823.0,1151.0,19.0,1.0,0.4135534317984362,False
Eredivisie 2025-2026,Heracles Almelo,c1krps0yssh477m8umrruiqjt,F. de Keijzer,8,772.0,Goalkeeper,Goalkeeper,,1.0,goalkeeper events + lineup,0.0,1.0,17.628205128205128,17.548308502131384,523.0,335.0,12.0,0.0,0.391044776119403,False
Eredivisie 2025-2026,FC Groningen,cf70r39m2wgbijtw0co5t6yfp,H. Jurjus,8,768.0,Goalkeeper,Goalkeeper,,1.0,goalkeeper events + lineup,0.0,1.0,17.00603318250377,14.917465774412438,425.0,266.0,7.0,0.0,0.4210526315789473,False
Eredivisie 2025-2026,Fortuna Sittard,9bbu1yne0l9j862yodiuldw4p,Houboulang Mendes,6,586.0,Defender,Left Back,Defensive Midfielder,0.6794185746386493,lineup position code + touch geography,0.9699327254509057,0.0,16.666666666666664,32.61040091514587,73.0,30.0,24.0,1.0,0.5625,False
Eredivisie 2025-2026,SC Heerenveen,4ueed4kbdae5xugt9ajz6dw5w,N. Courtens,5,483.0,Midfielder,Defensive Midfielder,,0.928125,lineup position code + touch geography,0.0,0.0,15.89366515837104,27.115753720635936,57.0,23.0,10.0,0.0,0.6086956521739131,False
Eredivisie 2025-2026,Feyenoord Rotterdam,55jzj7tzvnfytfq92sbcpvuok,S. van Persie,3,285.0,Forward,Centre Forward,,0.884375,lineup position code + touch geography,0.0,0.0,,65.99999999999999,43.0,17.0,16.0,8.0,0.6,False
Eredivisie 2025-2026,Feyenoord Rotterdam,7ckkvggtampx9s3nklr1u62vo,M. Jeng,1,106.0,Defender,Right Back,,0.95,lineup position code + touch geography,0.0,6.0,,39.771280215710995,64.0,49.0,1.0,0.0,0.8775510204081632,False
Eredivisie 2025-2026,Feyenoord Rotterdam,ccwgq414zav0ago263wp64jkk,I. Grootfaam,1,94.0,Midfielder,Defensive Midfielder,,0.775,lineup position code + touch geography,0.0,0.0,,35.0,8.0,2.0,1.0,1.0,1.0,False
Eredivisie 2025-2026,Feyenoord Rotterdam,cowh2h7fw3pcykf3v1awg4opg,J. Zinhagel,1,96.0,Forward,Centre Forward,,0.778125,lineup position code + touch geography,0.0,0.0,,43.333333333333336,9.0,6.0,5.0,3.0,0.6666666666666667,False
Eredivisie 2025-2026,Feyenoord Rotterdam,dn3pllv1di24gu2utx1nu2m1g,A. Ouarghi,1,96.0,Midfielder,Defensive Midfielder,,0.78125,lineup position code + touch geography,0.0,0.0,,17.5,10.0,2.0,2.0,0.0,0.5,False
Eredivisie 2025-2026,Feyenoord Rotterdam,doldjju9tkhyzz6mj9deenobt,S. Benda,1,100.0,Goalkeeper,Goalkeeper,,0.95,goalkeeper events + lineup,0.0,1.0,,26.249999999999996,35.0,24.0,0.0,0.0,0.75,False
Eredivisie 2025-2026,PSV Eindhoven,11uis2qhphq8uucd4vixva784,N. Verkooijen,3,285.0,Forward,Left Winger,,0.803125,lineup position code + touch geography,0.0,0.0,,38.72739885534554,17.0,7.0,9.0,4.0,0.7142857142857143,False
Eredivisie 2025-2026,PSV Eindhoven,4fweqnbfhqxtxzx9culxr9lw4,J. Koller,2,185.0,Midfielder,Defensive Midfielder,,0.7875,lineup position code + touch geography,0.0,0.0,,35.0,12.0,3.0,1.0,1.0,1.0,False
Eredivisie 2025-2026,PSV Eindhoven,4i5i204kbg1we22h8cabtb1n8,J. Bawuah,1,91.0,Midfielder,Defensive Midfielder,,0.790625,lineup position code + touch geography,0.0,0.0,,26.249999999999996,13.0,3.0,3.0,0.0,0.75,False
Eredivisie 2025-2026,PSV Eindhoven,4u12cln8rmtkwlu5q36ypjl2i,N. Schiks,2,189.0,Goalkeeper,Goalkeeper,,1.0,goalkeeper events + lineup,0.0,1.0,,32.615491558523736,120.0,85.0,4.0,0.0,0.6823529411764706,False
Eredivisie 2025-2026,PSV Eindhoven,67np9yqsr86iheossxpve8ufo,F. Merién,1,95.0,Midfielder,Defensive Midfielder,,0.79375,lineup position code + touch geography,0.0,0.0,,51.66666753590105,14.0,4.0,0.0,0.0,1.0,False
Eredivisie 2025-2026,PSV Eindhoven,7tj7eobo7kmk8egcbfrabe8d1,A. Pléa,2,196.0,Forward,Centre Forward,,0.959375,lineup position code + touch geography,0.0,9.0,,65.74019863208133,67.0,36.0,34.0,10.0,0.775,False
Eredivisie 2025-2026,PSV Eindhoven,e6x3hs6v8cq74ojgluyny72fo,T. Land,1,96.0,Midfielder,Left Midfielder,,0.803125,lineup position code + touch geography,0.0,0.0,,43.01271760463714,17.0,10.0,6.0,0.0,0.9,True
Eredivisie 2025-2026,PSV Eindhoven,eamuyjut271ytghb2q4ljqbpx,N. Olij,1,91.0,Goalkeeper,Goalkeeper,,0.95,goalkeeper events + lineup,0.0,1.0,,33.16091791987419,63.0,50.0,0.0,0.0,0.92,False
Eredivisie 2025-2026,PEC Zwolle,6hpvm6ktb7nulhdph4497649g,D. van der Haar,3,289.0,Defender,Right Back,Defensive Midfielder,0.6624489964711072,lineup position code + touch geography,0.7303170137195258,0.0,,21.0,21.0,5.0,2.0,0.0,0.6,False
Eredivisie 2025-2026,PEC Zwolle,7962u6otgj03w6a42q6zl5zx0,D. Ruward,1,93.0,Forward,Centre Forward,,0.765625,lineup position code + touch geography,0.0,0.0,,35.0,5.0,0.0,0.0,0.0,1.0,False
Eredivisie 2025-2026,PEC Zwolle,c3akpx5mnexpkslo0sqqezsru,E. Reijnders,2,194.0,Midfielder,Attacking Midfielder,,0.8625,lineup position code + touch geography,0.0,0.0,,32.72727272727273,36.0,10.0,19.0,4.0,0.3636363636363636,False
Eredivisie 2025-2026,PEC Zwolle,cczptju66ofuymrlsol11fpxw,D. Voute,3,287.0,Defender,Left Back,,1.0,lineup position code + touch geography,0.0,0.0,,28.4375,92.0,44.0,14.0,1.0,0.8125,False
Eredivisie 2025-2026,PEC Zwolle,cetavjue5femoxid9fmcd0zjd,J. Schendelaar,2,194.0,Goalkeeper,Goalkeeper,,1.0,goalkeeper events + lineup,0.0,1.0,,13.904109589041097,108.0,73.0,0.0,0.0,0.3972602739726028,False
Eredivisie 2025-2026,PEC Zwolle,csecbdlw3sxstnebpiw91ezxm,S. Lagsir,2,196.0,Midfielder,Right Midfielder,,0.8375,lineup position code + touch geography,0.0,0.0,,24.062499999999996,28.0,12.0,13.0,0.0,0.6875,False
Eredivisie 2025-2026,PEC Zwolle,duuaefhzmbqoj4eo44kgbr6s4,R. Kroeze,1,96.0,Defender,Left Back,,0.859375,lineup position code + touch geography,0.0,0.0,,49.16666666666667,35.0,23.0,12.0,1.0,0.8333333333333334,False
Eredivisie 2025-2026,PEC Zwolle,sk7z843dcqvmdf1tkoaoysr8,D. Verduin,1,92.0,Goalkeeper,Goalkeeper,,0.95,goalkeeper events + lineup,0.0,1.0,,18.720930232558143,64.0,43.0,1.0,0.0,0.5348837209302326,False
Eredivisie 2025-2026,Fortuna Sittard,181odb6ghlhjpyfm7fo3yh5w4,A. Laoukili,1,95.0,Defender,Left Back,,0.759375,lineup position code + touch geography,0.0,0.0,,35.0,3.0,0.0,1.0,1.0,1.0,False
Eredivisie 2025-2026,Fortuna Sittard,1bzrc169lsg8khaqy7a89oqok,G. Büyükhan,1,96.0,Forward,Right Winger,,0.771875,lineup position code + touch geography,0.0,0.0,,17.5,7.0,1.0,0.0,0.0,0.5,False
Eredivisie 2025-2026,Fortuna Sittard,2pkvr178sqkj16uu1fdbab6c,H. Korkmazyürek,1,96.0,Defender,Right Back,,0.759375,lineup position code + touch geography,0.0,0.0,,35.0,3.0,0.0,0.0,0.0,1.0,False
Eredivisie 2025-2026,Fortuna Sittard,6sya8p154c3vtvr0dk0etg8wk,T. Schenkhuizen,4,384.0,Midfielder,Central Midfielder,,0.9151550816948214,lineup position code + touch geography,0.5092751626034687,8.0,,48.90636465577191,88.0,39.0,19.0,4.0,0.7906976744186046,False
Eredivisie 2025-2026,Fortuna Sittard,7lq72necawfl67dfee8m8ndw4,O. Johnson,4,392.0,Forward,Left Winger,Left Midfielder,0.6460995448415375,lineup position code + touch geography,0.8381457668637396,0.0,,11.666666666666666,31.0,6.0,10.0,4.0,0.3333333333333333,False
Eredivisie 2025-2026,Fortuna Sittard,8yv45yg18w6cujbgt9265905w,M. Kerkez,3,304.0,Midfielder,Defensive Midfielder,,0.834375,lineup position code + touch geography,0.0,0.0,,8.75,27.0,4.0,4.0,1.0,0.25,False
Eredivisie 2025-2026,Fortuna Sittard,a9mx5ndwvtlowjv43716ufswk,M. Gbemou,3,285.0,Midfielder,Defensive Midfielder,,0.8875,lineup position code + touch geography,0.0,0.0,,28.652294799685464,44.0,20.0,6.0,0.0,0.75,False
Eredivisie 2025-2026,Fortuna Sittard,djekc2mhsntvqyvsq26ru115g,D. Bisschops,1,96.0,Defender,Right Back,,0.965625,lineup position code + touch geography,0.0,3.0,,32.45614035087719,69.0,37.0,16.0,4.0,0.736842105263158,False
Eredivisie 2025-2026,Alkmaar Zaanstreek,2p6h6ivyzp1fzsayw7r2xn2dx,H. Verhulst,1,98.0,Goalkeeper,Goalkeeper,,0.95,goalkeeper events + lineup,0.0,1.0,,5.536393066247293,26.0,15.0,1.0,0.0,0.0666666666666666,False
Eredivisie 2025-2026,Alkmaar Zaanstreek,7am931rjcv69rqmdcgxvp2zo4,W. Bouziane,4,388.0,Forward,Right Winger,,0.9219990079365079,lineup position code + touch geography,0.4815526534744516,0.0,,61.184210526315795,87.0,30.0,32.0,10.0,0.6052631578947368,False
Eredivisie 2025-2026,Alkmaar Zaanstreek,cdkcv67vij1d10ur7fma5qtqs,B. Kovács,2,190.0,Forward,Centre Forward,,0.8177201993490643,lineup position code + touch geography,0.34263143806199625,0.0,,24.73596976223316,36.0,8.0,16.0,5.0,0.4545454545454546,False
Eredivisie 2025-2026,Alkmaar Zaanstreek,cdlnfuy9piyga0wud4nrucvtg,E. Poku,1,94.0,Midfielder,Left Midfielder,,0.884375,lineup position code + touch geography,0.0,7.0,,45.2,43.0,19.0,18.0,2.0,0.72,False
Eredivisie 2025-2026,Alkmaar Zaanstreek,d29ahwtvs7ls75wdtkf7xr8tm,Z. Buurmeester,1,97.0,Forward,Left Winger,,0.8375,lineup position code + touch geography,0.0,0.0,,56.25,28.0,16.0,13.0,2.0,0.75,True
Eredivisie 2025-2026,Alkmaar Zaanstreek,e8ppjprlbi0yiofmb7mj72wwk,R. Robbemond,1,97.0,Midfielder,Right Midfielder,,0.934375,lineup position code + touch geography,0.0,4.0,,35.47029867974293,59.0,28.0,8.0,1.0,0.8387096774193549,False
Eredivisie 2025-2026,Alkmaar Zaanstreek,f3saw9c9wzs4qda0rtkv9gidw,R. Ichihara,2,188.0,Defender,Left Back,,1.0,lineup position code + touch geography,0.0,6.0,,38.336613162969925,88.0,52.0,15.0,9.0,0.8333333333333334,False
Eredivisie 2025-2026,FC Twente,5g0q7azk54eryl8vcgyb2oj4l,P. Tytoń,3,285.0,Goalkeeper,Goalkeeper,,1.0,goalkeeper events + lineup,0.0,1.0,,19.405940594059405,148.0,101.0,1.0,0.0,0.5544554455445545,False
Eredivisie 2025-2026,FC Twente,7ty1wdxxnusgkl34k5raipbl5,M. van Bergen,1,99.0,Midfielder,Attacking Midfielder,,0.875,lineup position code + touch geography,0.0,7.0,,31.198133973107804,40.0,15.0,18.0,4.0,0.5652173913043479,True
Eredivisie 2025-2026,FC Twente,athunjrtaem9tn76hf10dw07o,Guilherme Peixoto,1,102.0,Defender,Left Back,,0.790625,lineup position code + touch geography,0.0,0.0,,35.0,13.0,5.0,2.0,0.0,1.0,False
Eredivisie 2025-2026,FC Twente,cxbmtzimrfxl6m972cn7bdyc4,N. Groenewald,1,94.0,Midfielder,Attacking Midfielder,,0.7875,lineup position code + touch geography,0.0,0.0,,46.25,12.0,4.0,7.0,0.0,0.75,False
Eredivisie 2025-2026,SC Heerenveen,1tj9gmnm02s8f12zwzvuwnoph,P. Bochniewicz,1,100.0,Forward,Centre Forward,,0.7625,lineup position code + touch geography,0.0,0.0,,20.0,4.0,1.0,3.0,1.0,0.0,False
Eredivisie 2025-2026,SC Heerenveen,2wkkk6gwgpyozr60341o90y6s,I. Ahmed,2,194.0,Forward,Left Winger,Defensive Midfielder,0.5174133480825959,lineup position code + touch geography,0.9392689793123944,0.0,,0.0,11.0,2.0,0.0,0.0,0.0,False
Eredivisie 2025-2026,SC Heerenveen,5gdkg4anqky2crl4ckfr9npjo,J. Rijssel,1,95.0,Midfielder,Right Midfielder,,0.76875,lineup position code + touch geography,0.0,0.0,,37.5,6.0,2.0,3.0,0.0,0.5,False
Eredivisie 2025-2026,SC Heerenveen,6q72mpmc478hlf4f7ths9ez56,N. Bakker,1,94.0,Goalkeeper,Goalkeeper,,0.95,goalkeeper events + lineup,0.0,1.0,,27.608468050465863,47.0,34.0,0.0,0.0,0.6176470588235294,False
Eredivisie 2025-2026,SC Heerenveen,8eyd36qktzn589pd0496khyqc,C. Bonevacia,1,96.0,Defender,Left Back,,0.003125,touch geography fallback,0.0,,,35.0,1.0,0.0,0.0,0.0,1.0,False
Eredivisie 2025-2026,SC Heerenveen,awih1xkabe5o6afn6d85ilxw5,A. Noppert,4,391.0,Goalkeeper,Goalkeeper,,1.0,goalkeeper events + lineup,0.0,1.0,,22.819808938203405,258.0,163.0,2.0,0.0,0.558282208588957,False
Eredivisie 2025-2026,SC Heerenveen,drutqywn51qzby01rhveqk1ec,E. van Ee,1,99.0,Midfielder,Central Midfielder,,0.925,lineup position code + touch geography,0.0,0.0,,27.39130434782609,56.0,18.0,10.0,4.0,0.782608695652174,False
Eredivisie 2025-2026,SC Heerenveen,e74wy7br5zhkds5s73ip0tg4,L. Smans,1,97.0,Midfielder,Attacking Midfielder,,0.9,lineup position code + touch geography,0.0,10.0,,66.6,48.0,20.0,33.0,9.0,0.76,False
Eredivisie 2025-2026,NAC Breda,4nkd85hpwiiqtieuslhcrc2ga,C. Staring,2,195.0,Forward,Centre Forward,Defensive Midfielder,0.5133547526673133,lineup position code + touch geography,0.983207418602428,0.0,,15.555555555555554,26.0,9.0,0.0,0.0,0.4444444444444444,False
Eredivisie 2025-2026,NAC Breda,9jegiw70bxyxvb9umtyqbazo4,D. van Reeuwijk,2,195.0,Defender,Left Back,,0.865625,lineup position code + touch geography,0.0,0.0,,26.172795065662314,37.0,19.0,11.0,9.0,0.6190476190476191,False
Eredivisie 2025-2026,NAC Breda,etvamcwttnlg4sfxfulgzm7yt,K. Lamprou,1,98.0,Goalkeeper,Goalkeeper,,0.9625,goalkeeper events + lineup,0.0,1.0,,27.78994134131898,68.0,47.0,0.0,0.0,0.4893617021276596,False
Eredivisie 2025-2026,FC Volendam,2yveo95okwv1aicn7pxtnww7o,J. Tielemans,1,96.0,Midfielder,Attacking Midfielder,,0.765625,lineup position code + touch geography,0.0,0.0,,55.00000000000001,5.0,2.0,2.0,1.0,1.0,False
Eredivisie 2025-2026,FC Volendam,5qtvvfzhprrxgy206t5hbsnpw,K. Dyer,3,287.0,Midfielder,Defensive Midfielder,,0.825,lineup position code + touch geography,0.0,0.0,,26.923076923076916,24.0,12.0,4.0,0.0,0.7692307692307692,False
Eredivisie 2025-2026,FC Volendam,6ta1z3xjdmq81gwglcm9ghno4,M. de Haan,2,194.0,Midfielder,Left Midfielder,,0.828125,lineup position code + touch geography,0.0,0.0,,26.923076923076916,25.0,13.0,7.0,0.0,0.7692307692307692,False
Eredivisie 2025-2026,FC Volendam,7a1f6wedz8jtcvn58d5pomm8k,S. Esajas,3,285.0,Midfielder,Defensive Midfielder,,0.921875,lineup position code + touch geography,0.0,8.0,,40.86520890014229,55.0,27.0,8.0,3.0,0.9655172413793104,False
Eredivisie 2025-2026,FC Volendam,8q43q98due672rcbps12ih0d0,T. Codinha,2,188.0,Midfielder,Defensive Midfielder,,0.809375,lineup position code + touch geography,0.0,0.0,,17.5,19.0,3.0,3.0,0.0,0.5,False
Eredivisie 2025-2026,FC Volendam,8wbhtkawasrqa542ehabd0y6s,K. Wong-A-Soij,3,288.0,Midfielder,Right Midfielder,,0.693379187994416,lineup position code + touch geography,0.6972570292490884,0.0,,19.444444444444446,27.0,7.0,9.0,2.0,0.5555555555555556,False
Eredivisie 2025-2026,FC Volendam,9m3115fhbxgjwfr9stchwvytw,L. Blondeau,2,190.0,Defender,Right Back,,0.9513759525825571,lineup position code + touch geography,0.2018531106454518,6.0,,45.41556486669852,72.0,49.0,0.0,0.0,0.8367346938775511,False
Eredivisie 2025-2026,FC Volendam,dnyy30xb9biyituq11td12gpg,M. Mau-Asam,1,95.0,Midfielder,Defensive Midfielder,,0.778125,lineup position code + touch geography,0.0,0.0,,17.5,9.0,2.0,1.0,0.0,0.5,False
Eredivisie 2025-2026,FC Volendam,vrkanoideipif70wo4adb5lg,R. Steur,3,296.0,Goalkeeper,Goalkeeper,,1.0,goalkeeper events + lineup,0.0,1.0,,13.238388515037034,175.0,115.0,7.0,0.0,0.2956521739130434,False
Eredivisie 2025-2026,Sparta Rotterdam,3fvaph4p7n0i1nwhhtlpayzh0,P. Kuiper,1,94.0,Defender,Left Back,,0.003125,touch geography fallback,0.0,,,35.0,1.0,0.0,0.0,0.0,1.0,False
Eredivisie 2025-2026,Sparta Rotterdam,4mhahoh3a6rir882ug9hdb5nu,T. Velthuis,3,290.0,Defender,Centre Back,,0.6870335820895521,lineup position code + touch geography,0.6514644001235906,0.0,,35.0,20.0,10.0,0.0,0.0,1.0,True
Eredivisie 2025-2026,Sparta Rotterdam,6ip2m18ncyy5m4ft6r8dr0avo,Y. el Meftahi,1,98.0,Midfielder,Defensive Midfielder,,0.859375,lineup position code + touch geography,0.0,0.0,,26.34305113783248,35.0,10.0,8.0,2.0,0.6153846153846154,False
Eredivisie 2025-2026,Sparta Rotterdam,6ybcevijvdov8qj1hxcbw3dd6,A. Roaldsøy,4,398.0,Midfielder,Defensive Midfielder,,0.95,lineup position code + touch geography,0.0,0.0,,25.72562192545995,64.0,27.0,6.0,0.0,0.6333333333333333,False
Eredivisie 2025-2026,Sparta Rotterdam,9lju80srwcwd1s6ezrjbk33tg,J. Seedorf,1,94.0,Midfielder,Attacking Midfielder,,0.759375,lineup position code + touch geography,0.0,0.0,,55.00000000000001,3.0,1.0,2.0,2.0,1.0,True
Eredivisie 2025-2026,Nijmegen Eendracht Combinatie,1vszjcob0ipvdbvfloq3x7or8,K. Kers,1,97.0,Forward,Left Winger,,0.79375,lineup position code + touch geography,0.0,0.0,,23.333333333333332,14.0,2.0,7.0,2.0,0.6666666666666667,False
Eredivisie 2025-2026,Nijmegen Eendracht Combinatie,2k8bmlxzt0qi7divtxye0a5ii,I. Hansen-Aarøen,3,289.0,Forward,Centre Forward,Attacking Midfielder,0.562387912482066,lineup position code + touch geography,0.9685521139003782,0.0,,31.843782900369657,35.0,18.0,21.0,7.0,0.7894736842105263,False
Eredivisie 2025-2026,Nijmegen Eendracht Combinatie,5dbx86ca2t7dae8b3t69atii1,W. Willumsson,4,388.0,Forward,Centre Forward,Attacking Midfielder,0.7605195508050332,lineup position code + touch geography,0.9036265433765391,10.0,,53.48837209302326,85.0,42.0,38.0,7.0,0.813953488372093,False
Eredivisie 2025-2026,Nijmegen Eendracht Combinatie,6dd248q0adq6su677bw2kk2c5,C. Verdonk,4,391.0,Defender,Right Back,,1.0,lineup position code + touch geography,0.0,4.0,,54.257743137103134,524.0,387.0,94.0,4.0,0.830379746835443,False
Eredivisie 2025-2026,Nijmegen Eendracht Combinatie,7ugh0uvo5ieoqmzar9lgf1v1m,Róber González,3,296.0,Midfielder,Left Midfielder,,0.98125,lineup position code + touch geography,0.0,7.0,,38.74999999999999,74.0,24.0,26.0,1.0,0.5357142857142857,False
Eredivisie 2025-2026,Nijmegen Eendracht Combinatie,90pdjxaaxtj67idjmb4ghcems,Y. Sbai,2,192.0,Defender,Left Back,Defensive Midfielder,0.5602989130434782,lineup position code + touch geography,0.8692822217142819,0.0,,23.333333333333332,9.0,3.0,0.0,0.0,0.6666666666666667,False
Eredivisie 2025-2026,Nijmegen Eendracht Combinatie,alkcbccyfsjddm897cgz7wel1,J. Cillessen,3,294.0,Goalkeeper,Goalkeeper,,1.0,goalkeeper events + lineup,0.0,1.0,,17.086301758175797,145.0,84.0,3.0,0.0,0.2619047619047618,False
Eredivisie 2025-2026,Nijmegen Eendracht Combinatie,amd4x99ed8bsx9kl01j0k12c4,S. de Laat,1,94.0,Defender,Centre Back,,0.78125,lineup position code + touch geography,0.0,0.0,,55.00000000000001,10.0,4.0,5.0,0.0,1.0,False
Eredivisie 2025-2026,Nijmegen Eendracht Combinatie,uru1h5pzgwy9cvbele1piei,R. Janse,1,98.0,Goalkeeper,Goalkeeper,,0.95625,goalkeeper events + lineup,0.0,0.0,,16.166276318686347,66.0,35.0,0.0,0.0,0.4,False
Eredivisie 2025-2026,Go Ahead Eagles,ao1bp2r34qvimy3woglbk5dzo,O. Boakye,1,92.0,Forward,Centre Forward,,0.78125,lineup position code + touch geography,0.0,0.0,,0.0,10.0,0.0,0.0,0.0,0.0,False
Eredivisie 2025-2026,Go Ahead Eagles,bhyyi1zzlmc1f7xo3wnh3etxw,E. Waayers,4,383.0,Defender,Left Back,,0.921875,lineup position code + touch geography,0.0,0.0,,72.74193548387096,55.0,30.0,15.0,3.0,0.935483870967742,False
Eredivisie 2025-2026,Go Ahead Eagles,qjsic4vqv0awzdepn3pd6ivo,R. Weijenberg,2,193.0,Midfielder,Attacking Midfielder,,0.8875,lineup position code + touch geography,0.0,0.0,,52.61695782000368,44.0,22.0,20.0,3.0,0.72,False
Eredivisie 2025-2026,FC Utrecht,1s1c0w7we8oouklrwshie0iz8,R. El Arguioui,2,223.0,Midfielder,Defensive Midfielder,,0.9375,lineup position code + touch geography,0.0,0.0,,35.060392771706425,60.0,30.0,6.0,2.0,0.7575757575757576,False
Eredivisie 2025-2026,FC Utrecht,2bz8ey1mxuv6uo8duu7if6k4q,N. Ohio,2,190.0,Forward,Centre Forward,,0.81875,lineup position code + touch geography,0.0,0.0,,31.818181818181817,22.0,11.0,4.0,0.0,0.9090909090909092,False
Eredivisie 2025-2026,FC Utrecht,af5u44a3vud8ac2vjd8lcjp5g,J. van Ommeren,2,194.0,Midfielder,Central Midfielder,,0.896875,lineup position code + touch geography,0.0,0.0,,47.2265144688193,47.0,28.0,14.0,1.0,0.8709677419354839,False
Eredivisie 2025-2026,FC Utrecht,bw2pkqwfuxonrsgdpxr5f3384,E. Adiele,2,190.0,Defender,Right Back,,0.871875,lineup position code + touch geography,0.0,0.0,,34.66940228057944,39.0,20.0,6.0,0.0,0.8260869565217391,False
Eredivisie 2025-2026,FC Utrecht,dmsmbn9a1qucwf100o3v77nbp,M. Brouwer,2,198.0,Goalkeeper,Goalkeeper,,1.0,goalkeeper events + lineup,0.0,1.0,,21.699226306656655,95.0,59.0,1.0,1.0,0.5084745762711864,False
Eredivisie 2025-2026,FC Groningen,2t8l6omztxur8rgk1kzkl7thw,M. Hoekstra,4,397.0,Midfielder,Defensive Midfielder,,0.91875,lineup position code + touch geography,0.0,0.0,,25.0,54.0,17.0,14.0,2.0,0.7142857142857143,False
Eredivisie 2025-2026,FC Groningen,51amjiu7y5foxpshlwy7dz3mc,N. Eggens,3,292.0,Midfielder,Central Midfielder,Centre Forward,0.5831035867237687,lineup position code + touch geography,0.8730245083034278,0.0,,21.875,17.0,7.0,6.0,3.0,0.625,False
Eredivisie 2025-2026,FC Groningen,5a3wim0yteedteaarmma5lk44,J. Dillema,1,95.0,Midfielder,Defensive Midfielder,,0.75625,lineup position code + touch geography,0.0,0.0,,35.0,2.0,0.0,0.0,0.0,1.0,False
Eredivisie 2025-2026,FC Groningen,8ledzu9tb7knxqbj7izpk6b6c,N. Emeran,4,388.0,Midfielder,Attacking Midfielder,Left Back,0.5760728218465541,lineup position code + touch geography,0.923111379176084,0.0,,43.804443964734666,64.0,32.0,31.0,4.0,0.5142857142857142,False
Eredivisie 2025-2026,AFC Ajax,2vp8f9x46i2ptaf08xv7a85xw,P. Reverson,1,96.0,Defender,Left Back,,0.003125,touch geography fallback,0.0,,,35.0,1.0,0.0,0.0,0.0,1.0,False
Eredivisie 2025-2026,AFC Ajax,3l7amac6wdv9yztupg7ur3kl,O. Zinchenko,2,190.0,Defender,Right Back,,0.85625,lineup position code + touch geography,0.0,0.0,,56.464699781857995,34.0,25.0,14.0,0.0,0.8461538461538461,False
Eredivisie 2025-2026,AFC Ajax,4fu2agdclsyxx1boxxibauzo4,G. Alders,3,288.0,Defender,Right Back,,1.0,lineup position code + touch geography,0.0,3.0,,36.66579495487019,200.0,119.0,25.0,3.0,0.8347107438016529,True
Eredivisie 2025-2026,AFC Ajax,7w5ivtmbqzi4hfte330r1a505,R. Pasveer,4,386.0,Goalkeeper,Goalkeeper,,1.0,goalkeeper events + lineup,0.0,1.0,,27.40242835849222,275.0,198.0,1.0,0.0,0.6717171717171717,True
Eredivisie 2025-2026,AFC Ajax,7wz2sc3d07aaduyhmihffa2hg,J. McConnell,4,390.0,Midfielder,Defensive Midfielder,Centre Forward,0.8421818416968442,lineup position code + touch geography,0.7422928217618507,0.0,,44.756838455375295,108.0,59.0,11.0,0.0,0.8333333333333334,False
Eredivisie 2025-2026,AFC Ajax,94y5a0g4qvxgv00qy5l51u13o,J. Johnson,1,95.0,Midfielder,Defensive Midfielder,,0.778125,lineup position code + touch geography,0.0,0.0,,46.25,9.0,4.0,2.0,0.0,0.75,False
Eredivisie 2025-2026,AFC Ajax,9uo88sreasbyj41lg34hxy28l,B. Traoré,1,96.0,Forward,Left Winger,,0.875,lineup position code + touch geography,0.0,10.0,,29.53151876792246,40.0,21.0,19.0,3.0,0.7272727272727273,False
Eredivisie 2025-2026,AFC Ajax,dqdu0arww7z83y4of1nvi42z8,P. Nash,1,94.0,Forward,Centre Forward,,0.76875,lineup position code + touch geography,0.0,0.0,,17.5,6.0,4.0,2.0,0.0,0.5,False
Eredivisie 2025-2026,Heracles Almelo,4ks7mvr9terrodhjx8pg9qtt6,R. Mantel,1,96.0,Defender,Left Back,,0.003125,touch geography fallback,0.0,,,35.0,1.0,0.0,0.0,0.0,1.0,False
Eredivisie 2025-2026,Heracles Almelo,7ef73s1ryz38blmo3n9p9c82x,J. Reine-Adélaïde,1,93.0,Midfielder,Attacking Midfielder,,0.825,lineup position code + touch geography,0.0,0.0,,92.5,24.0,14.0,15.0,4.0,0.7857142857142857,False
Eredivisie 2025-2026,Heracles Almelo,90mmprle9n2xf8mo04rtg4u8k,T. Hamamioglu,2,189.0,Forward,Left Winger,Attacking Midfielder,0.5877226658476657,lineup position code + touch geography,0.8539062306168144,0.0,,17.5,15.0,2.0,10.0,4.0,0.5,False
Eredivisie 2025-2026,Heracles Almelo,9n4citdsm2211g4qfu0uq80es,J. Tijink,1,94.0,Defender,Centre Back,,0.759375,lineup position code + touch geography,0.0,0.0,,35.0,3.0,1.0,1.0,1.0,1.0,False
Eredivisie 2025-2026,Heracles Almelo,a7nh8z0jhxz60rbm2jn1m05jo,S. Blokhuis,2,189.0,Midfielder,Left Midfielder,,0.778125,lineup position code + touch geography,0.0,0.0,,37.5,9.0,4.0,4.0,1.0,0.5,False
Eredivisie 2025-2026,Heracles Almelo,dqey55v1t24jngquk81aii8lw,A. Satriano,1,98.0,Forward,Centre Forward,,0.759375,lineup position code + touch geography,0.0,0.0,,35.0,3.0,0.0,2.0,0.0,1.0,False
Eredivisie 2025-2026,Heracles Almelo,e7r1dh9t8xybboh4t08qse238,J. Wijnreder,1,95.0,Defender,Left Back,,0.771875,lineup position code + touch geography,0.0,0.0,,21.0,7.0,5.0,1.0,0.0,0.6,False
Eredivisie 2025-2026,SBV Excelsior,1l6pokz0idh52sh8seqkznms4,T. Holla,1,94.0,Goalkeeper,Goalkeeper,,0.971875,goalkeeper events + lineup,0.0,0.0,,21.418139005816258,71.0,43.0,1.0,0.0,0.4883720930232558,False
Eredivisie 2025-2026,SBV Excelsior,4sunqn5rh61b4lmywcei3d17u,Z. Booth,3,286.0,Midfielder,Right Midfielder,,0.921875,lineup position code + touch geography,0.0,10.0,,46.833333333333336,55.0,29.0,21.0,1.0,0.7666666666666666,False
Eredivisie 2025-2026,SBV Excelsior,5v3kwio58999yd888sqphu49g,N. Groen,1,98.0,Forward,Centre Forward,,0.8,lineup position code + touch geography,0.0,0.0,,6.999999999999998,16.0,5.0,6.0,0.0,0.1999999999999999,False
Eredivisie 2025-2026,SBV Excelsior,790v7fu7f2s40e160mlrb6dt6,C. Raatsie,3,290.0,Goalkeeper,Goalkeeper,,1.0,goalkeeper events + lineup,0.0,1.0,,29.150721317480414,168.0,121.0,2.0,1.0,0.71900826446281,False
Eredivisie 2025-2026,SBV Excelsior,aar8gzbrl2b48vh14hu1htxxw,N. El Hamdaoui,1,96.0,Midfielder,Left Midfielder,,0.78125,lineup position code + touch geography,0.0,0.0,,35.0,10.0,4.0,2.0,1.0,1.0,False
Eredivisie 2025-2026,SBV Excelsior,cla6c6izphee9prb80c15baei,M. Tielemans,2,196.0,Midfielder,Central Midfielder,,1.0,lineup position code + touch geography,0.0,7.0,,44.745366911507304,113.0,80.0,28.0,0.0,0.8888888888888888,False
Eredivisie 2025-2026,SBV Excelsior,eu7eoxnltk5avqgtm94912n10,G. Cairo,1,95.0,Defender,Left Back,,0.796875,lineup position code + touch geography,0.0,0.0,,25.0,15.0,6.0,2.0,0.0,0.7142857142857143,False
Eredivisie 2025-2026,SC Telstar,3dqdh4nu8tj264e1w3fec3bsa,Nigel Ogidi Nwankwo,4,390.0,Midfielder,Attacking Midfielder,,0.8726503136596573,lineup position code + touch geography,0.6072472836609791,0.0,,35.75,75.0,35.0,37.0,9.0,0.4499999999999999,False
Eredivisie 2025-2026,SC Telstar,3hhca66jtxt3c1iw10nfmhtnu,D. Reiziger,2,201.0,Goalkeeper,Goalkeeper,,1.0,goalkeeper events + lineup,0.0,1.0,,24.669913702151348,86.0,51.0,2.0,1.0,0.3725490196078431,False
Eredivisie 2025-2026,SC Telstar,crpn5oc0jw2cms9jv9c2e7zmc,R. van Ekeris,1,95.0,Midfielder,Attacking Midfielder,,0.7875,lineup position code + touch geography,0.0,0.0,,23.333333333333332,12.0,9.0,7.0,0.0,0.6666666666666667,False
