season,team,player_id,player,position_group,position_detail,matches,minutes,gda_action_gda_expected,gda_action_gda_expected_per90,gda_action_gda_actual,gda_action_gda_actual_per90,gda_goal_difference_added,gda_goal_difference_added_per90,gda_reliability_adjusted_per90,gda_action_count_per90,gda_action_shots_per90,gda_action_goals_per90,gda_score_component_per90,gda_xg_json_per90,epv_added,vaep_value,goals_added,goals_added_per90,raw_plus_minus,raw_plus_minus_per90,rapm_per90
Eredivisie 2025-2026,Feyenoord Rotterdam,55jzj7tzvnfytfq92sbcpvuok,S. van Persie,Forward,Centre Forward,3,285.0,0.079938925957834,0.0252438713551054,1.7400955779916398,0.5495038667342022,0.079938925957834,0.0252438713551054,0.0052233788835836,13.578947368421051,0.631578947368421,0.631578947368421,0.0,0.1073189519893245,0.079938925957834,1.7400955779916398,1.7400955779916398,0.5495038667342022,0.0,0.0,-0.0006759499951465
Eredivisie 2025-2026,FC Utrecht,egcs7b6ixb62ep08t7jznf9ih,V. Jensen,Midfielder,Central Midfielder,8,771.0,0.8881968329080153,0.1036805641526866,3.667844467187801,0.4281530506444903,5.888196832908015,0.6873381517013247,0.3206960263450607,37.12062256809339,1.6342412451361867,0.5836575875486382,0.5836575875486382,0.2591851010568345,0.8881968329080153,3.667844467187801,3.667844467187801,0.4281530506444903,5.0,0.7956856157722572,-1.6229669770292914e-05
Eredivisie 2025-2026,Nijmegen Eendracht Combinatie,32ko5zzk7805mp4q4n3iwiihg,K. Shiogai,Forward,Centre Forward,12,1188.0,0.7981021620564565,0.060462285004277,5.583553669620184,0.4229964901227412,7.798102162056456,0.5907653153073072,0.4390200001646385,15.227272727272728,1.0606060606060606,0.5303030303030303,0.5303030303030303,0.1677688251845661,0.7981021620564565,5.583553669620184,5.583553669620184,0.4229964901227412,7.0,1.3403304730160983,0.01473730619171
Eredivisie 2025-2026,Heracles Almelo,5i0e7e59vav8ynqzt7qrvitt6,J. Hornkamp,Forward,Centre Forward,14,1347.0,2.1004179293291037,0.1403397280175347,5.957384558254742,0.3980435116873992,-3.899582070670896,-0.2605511405793472,-0.1745989033480572,43.42984409799555,2.67260579064588,0.6681514476614699,-0.4008908685968819,0.4104476639916055,2.1004179293291037,5.957384558254742,5.957384558254742,0.3980435116873992,-6.0,-0.4667444574095682,-0.009521722628185
Eredivisie 2025-2026,Feyenoord Rotterdam,8d0ffyx2qnnp0limf5aou92ei,A. Ueda,Forward,Centre Forward,31,3027.0,2.3861594166833724,0.0709462661055512,12.384335768677005,0.368216127909128,24.386159416683373,0.7250592492571866,0.7148048946772666,40.01982160555005,3.032705649157582,0.7433102081268583,0.6541129831516352,0.4460403463232816,2.3861594166833724,12.384335768677005,12.384335768677005,0.368216127909128,22.0,0.7516798906647432,0.0174479059084539
Eredivisie 2025-2026,FC Utrecht,1s1c0w7we8oouklrwshie0iz8,R. El Arguioui,Midfielder,Defensive Midfielder,2,223.0,0.0588583156092731,0.0237544771517245,0.8884901861497073,0.3585834831994334,-0.9411416843907268,-0.3798329667944637,-0.0611730633669459,24.2152466367713,0.4035874439461883,0.4035874439461883,-0.4035874439461883,0.0687584378984795,0.0588583156092731,0.8884901861497073,0.8884901861497073,0.3585834831994334,-1.0,-1.310043668122271,-0.0028752657472494
Eredivisie 2025-2026,PSV Eindhoven,emglxnqrlqskt8krglv7sziwa,R. Pepi,Forward,Centre Forward,26,2499.0,2.521766506456279,0.0908199222013065,9.744039656981457,0.3509257979705206,21.52176650645628,0.7750936316851001,0.864896852173779,26.218487394957982,2.1968787515006003,0.5762304921968787,0.6842737094837935,0.3161246164276649,2.521766506456279,9.744039656981457,9.744039656981457,0.3509257979705206,19.0,1.1361874598569246,0.0247570751657173
Eredivisie 2025-2026,PSV Eindhoven,avv12sgcucblnbfb790xovf8,R. van Bommel,Forward,Right Winger,6,583.0,-0.1457760451269243,-0.0225040206885474,1.9883447961820768,0.3069485963231336,7.854223954873076,1.2124874029821215,0.4565335142057447,53.2590051457976,1.234991423670669,0.4631217838765009,1.234991423670669,0.1336691668648198,-0.1457760451269243,1.9883447961820768,1.9883447961820768,0.3069485963231336,8.0,1.8996526098236663,0.0036642142401186
Eredivisie 2025-2026,AFC Ajax,cx6fxszjvjam6zb3c3p0dd1jo,M. Godts,Forward,Right Winger,34,3330.0,0.1152769256000987,0.0031155925837864,9.5265418241406,0.2574741033551513,20.1152769256001,0.543656133124327,0.5300268775326054,68.83783783783784,2.3513513513513513,0.4864864864864865,0.5405405405405406,0.2321279757151217,0.1152769256000987,9.5265418241406,9.5265418241406,0.2574741033551513,20.0,0.587825481146042,0.0285246599317785
Eredivisie 2025-2026,PSV Eindhoven,21k54i5a6d9bi4f6gplgzxiw9,G. Til,Midfielder,Attacking Midfielder,29,2779.0,2.462657833859378,0.0797550216075365,6.990620966909409,0.2263965048657239,48.46265783385938,1.569499534022074,1.5302498925233508,42.52249010435408,1.9755307664627564,0.4534005037783375,1.4897445124145376,0.3067590205201502,2.462657833859378,6.990620966909409,6.990620966909409,0.2263965048657239,46.0,1.7612649342361824,0.0633076295799131
Eredivisie 2025-2026,Alkmaar Zaanstreek,59ynmlwky3h6m9g2r7a8igi96,T. Parrott,Forward,Centre Forward,28,2696.0,2.0845675763315574,0.0695886802187834,6.615572858700433,0.2208462749566168,7.084567576331557,0.2365026268063205,0.2244936924609295,43.26409495548961,2.97106824925816,0.5675074183976261,0.166913946587537,0.4162498236597928,2.0845675763315574,6.615572858700433,6.615572858700433,0.2208462749566168,5.0,0.1925216052023615,0.0105365104946924
Eredivisie 2025-2026,PSV Eindhoven,9vf02r3geinhsy732oxyrcacq,I. Saibari,Midfielder,Attacking Midfielder,27,2599.0,2.387146700241766,0.0826637949294955,6.173808391660731,0.2137909793187632,36.387146700241765,1.2600397087425004,1.1791686980026994,66.38322431704502,3.151212004617161,0.5194305502116199,1.177375913813005,0.3883033658223523,2.387146700241766,6.173808391660731,6.173808391660731,0.2137909793187632,34.0,1.357345635202271,0.0465859251561669
Eredivisie 2025-2026,SBV Excelsior,dotvgi9g50m2axfw4isamd1ck,M. Jonathans,Midfielder,Left Midfielder,9,872.0,1.0578463806104998,0.1091813924942029,1.904299614678206,0.196544685001191,6.0578463806105,0.6252364383657627,0.3653357097617052,20.84862385321101,0.8256880733944955,0.2064220183486238,0.5160550458715596,0.1190587258416359,1.0578463806104998,1.904299614678206,1.904299614678206,0.196544685001191,5.0,1.6343825665859566,-0.004790087017977
Eredivisie 2025-2026,Go Ahead Eagles,a2psnkhu3h7m0ng8e7qdietey,S. Tengstedt,Midfielder,Left Midfielder,13,1236.0,0.3299784738959728,0.0240275587788329,2.680801424366118,0.195203987211125,2.329978473895973,0.169658626739998,0.1205034097566352,32.11165048543689,1.383495145631068,0.2912621359223301,0.145631067961165,0.120085707490038,0.3299784738959728,2.680801424366118,2.680801424366118,0.195203987211125,2.0,0.2509876830118522,3.829717004821061e-05
Eredivisie 2025-2026,Sparta Rotterdam,50zbw9cb2gon7eb7w08ndfyms,M. Zonneveld,Forward,Centre Forward,11,1054.0,0.3463373869759651,0.0295734011649306,2.2456012419404843,0.1917496316647472,-5.653662613024035,-0.4827605646794716,-0.3386268679002466,12.210626185958256,0.9392789373814042,0.3415559772296015,-0.5123339658444023,0.1793797467297849,0.3463373869759651,2.2456012419404843,2.2456012419404843,0.1917496316647472,-6.0,-1.8333050415888643,-0.0134642150835733
Eredivisie 2025-2026,Go Ahead Eagles,1tmihr54maqj0h7785cg9ez56,M. Suray,Midfielder,Right Midfielder,32,3074.0,0.9427433253565708,0.0276014636571539,5.755314742192933,0.1685030340915302,6.94274332535657,0.2032683471965163,0.2002602197250157,44.12166558230319,1.844502277163305,0.3513337670787247,0.1756668835393623,0.2104321966443486,0.9427433253565708,5.755314742192933,5.755314742192933,0.1685030340915302,6.0,0.2002261814271677,-0.0031625566240849
Eredivisie 2025-2026,FC Utrecht,29s8wk0a2m66rebsfx1jfuuh,D. van den Berg,Midfielder,Central Midfielder,5,491.0,0.0239969443822798,0.0043986252431877,0.9120739184105456,0.1671825919693464,0.0239969443822796,0.0043986252431877,0.0015069064677373,18.69653767820774,0.1832993890020366,0.1832993890020366,0.0,0.0205154222758779,0.0239969443822798,0.9120739184105456,0.9120739184105456,0.1671825919693464,0.0,0.0,0.0069909917891416
Eredivisie 2025-2026,FC Utrecht,a02jtmvlc1tlstvt96pa1hisq,D. Murkin,Defender,Right Back,9,871.0,-0.2771900027565785,-0.0286419061401745,1.5143480917797458,0.1564768407120288,2.7228099972434214,0.2813466128035682,0.1572642208592599,29.138920780711825,0.2066590126291619,0.2066590126291619,0.3099885189437428,0.0215402657769584,-0.2771900027565785,1.5143480917797458,1.5143480917797458,0.1564768407120288,3.0,0.680072205197095,0.0122473718602777
Eredivisie 2025-2026,Fortuna Sittard,5ghvrbmlh0tqos9iohj8f7zzd,K. Sierhuis,Forward,Centre Forward,30,2921.0,2.9312421658851417,0.0903155751214182,5.03684014032817,0.1551919248988481,-1.0687578341148578,-0.0329298887608138,-0.0364504896548632,39.06881205066758,2.4032865457035264,0.3697363916466963,-0.1232454638822321,0.3048600418692666,2.9312421658851417,5.03684014032817,5.03684014032817,0.1551919248988481,-4.0,-0.1740055101744888,-0.0235980399106005
Eredivisie 2025-2026,FC Utrecht,33yauarx84sam5u05vgyqxfxl,J. Karlsson,Midfielder,Right Midfielder,18,1782.0,0.6156517465901022,0.0310935225550556,2.890888422794484,0.1460044657977012,2.6156517465901024,0.1321036235651566,0.1330672119685576,26.91919191919192,1.1111111111111112,0.202020202020202,0.101010101010101,0.0871092587775565,0.6156517465901022,2.890888422794484,2.890888422794484,0.1460044657977012,2.0,0.2349511606152239,-0.0135965936238229
Eredivisie 2025-2026,AFC Ajax,baakmd4ndnulbl9npvmq90mvp,D. Klaassen,Midfielder,Central Midfielder,31,3040.0,0.2455223579387609,0.0072687540179238,4.897391724971575,0.1449885708050795,18.24552235793876,0.540163490860029,0.6142107278101007,42.483552631578945,0.8881578947368421,0.2664473684210526,0.5328947368421053,0.128727551633897,0.2455223579387609,4.897391724971575,4.897391724971575,0.1449885708050795,18.0,0.7656859269762496,0.0537670731156725
Eredivisie 2025-2026,NAC Breda,b486fhu2s7pyi92yk1iczglp1,T. Kongolo,Defender,Right Back,5,491.0,-0.0562607371327763,-0.010312558741242,0.788668761445232,0.144562502097904,-1.0562607371327764,-0.1936119477432787,-0.0649100343054162,24.745417515274948,0.1832993890020366,0.1832993890020366,-0.1832993890020366,0.0284243281628905,-0.0562607371327763,0.788668761445232,0.788668761445232,0.144562502097904,-1.0,-0.4036779546983629,0.0089971120280399
Eredivisie 2025-2026,Heracles Almelo,2fadtqb0v2zreactvdosbxy50,Y. Borges Sanches,Midfielder,Right Midfielder,11,1055.0,0.0432751772429107,0.0036917212813857,1.6768453000001329,0.1430484142180208,-9.956724822757089,-0.8493888474389933,-0.5439893667723876,28.151658767772513,0.5118483412322274,0.1706161137440758,-0.8530805687203792,0.0312594208074408,0.0432751772429107,1.6768453000001329,1.6768453000001329,0.1430484142180208,-10.0,-1.617395992452152,0.0017415812044385
Eredivisie 2025-2026,SC Telstar,14csdlb8p0tnj6zqrs148ct1w,J. Ritmeester van de Kamp,Forward,Centre Forward,28,2727.0,-0.3313613129727435,-0.0109360169297935,4.303097489984657,0.1420164188113748,-4.331361312972744,-0.1429492182499255,-0.1438725172285681,45.57755775577558,0.7260726072607261,0.231023102310231,-0.132013201320132,0.0780706665690627,-0.3313613129727435,4.303097489984657,4.303097489984657,0.1420164188113748,-4.0,-0.1663483457581172,-0.0083735935074742
Eredivisie 2025-2026,PEC Zwolle,2072f0p9ful9u577gdvo89yw9,K. Kostons,Forward,Centre Forward,34,3263.0,1.0521981772762017,0.0290217088430457,5.0911444844610445,0.1404238441929187,-17.947801822723797,-0.4950359068480361,-0.4746166982835995,47.330677290836654,1.6825007661661049,0.3034017775053632,-0.5240576156910818,0.1919996421554901,1.0521981772762017,5.0911444844610445,5.0911444844610445,0.1404238441929187,-19.0,-0.5611617031749938,-0.0174682132217142
Eredivisie 2025-2026,SC Telstar,dk7zyk16nsnh0czeky7vi0x78,S. van Duijn,Forward,Centre Forward,14,1360.0,0.1382672181728231,0.0091500364967309,2.103667310930557,0.139213277929228,5.138267218172823,0.3400323894379073,0.2381837618690163,45.26470588235294,1.5220588235294117,0.3308823529411764,0.3308823529411764,0.2008191115086794,0.1382672181728231,2.103667310930557,2.103667310930557,0.139213277929228,5.0,0.4291163382072472,-0.000858281408888
Eredivisie 2025-2026,SC Heerenveen,aqnr6l3f02hx0soadunxbjcpg,J. Trenskow,Midfielder,Attacking Midfielder,34,3305.0,0.6174859062429994,0.0168150473712163,5.095969247387534,0.1387707208063171,1.6174859062429996,0.0440465148447412,0.0446227912693765,51.685325264750375,2.3963691376701965,0.3540090771558245,0.0272314674735249,0.2320534037207238,0.6174859062429994,5.095969247387534,5.095969247387534,0.1387707208063171,1.0,0.0313121531744144,0.0074963229121329
Eredivisie 2025-2026,FC Twente,a185wef6iz1nun1wry40jcgoa,N. Ünüvar,Midfielder,Attacking Midfielder,8,780.0,0.142390363694098,0.016429657349319,1.1506072786314132,0.1327623783036246,0.1423903636940981,0.016429657349319,0.0086688914623884,20.192307692307693,0.8076923076923077,0.2307692307692307,0.0,0.1144365098149251,0.142390363694098,1.1506072786314132,1.1506072786314132,0.1327623783036246,0.0,0.0,-0.0286125508196495
Eredivisie 2025-2026,Feyenoord Rotterdam,ahwtdhrerarmljk9bh0tcpk6i,S. Steijn,Midfielder,Attacking Midfielder,21,2031.0,1.132253173385616,0.0501737004454482,2.9681888708043496,0.1315297874802518,22.132253173385617,0.9807497713464824,0.9847357954057095,28.404726735598228,1.6838995568685378,0.310192023633678,0.930576070901034,0.2288359365988745,1.132253173385616,2.9681888708043496,2.9681888708043496,0.1315297874802518,21.0,1.6061412951107583,0.0373682473383038
Eredivisie 2025-2026,Fortuna Sittard,9o10vhew3jar8tqnkabw0qoyx,J. Lonwijk,Midfielder,Central Midfielder,15,1471.0,0.2496419438846681,0.015273810298858,2.1393685923097685,0.1308927078911483,-4.750358056115331,-0.2906405336848265,-0.2278133139900408,37.872195785180146,0.9177430319510536,0.2447314751869476,-0.3059143439836845,0.1291125775946573,0.2496419438846681,2.1393685923097685,2.1393685923097685,0.1308927078911483,-5.0,-0.4766023547686713,-0.0157941529630353
Eredivisie 2025-2026,Alkmaar Zaanstreek,7jpreaads35pnnfqbn7hmrmy,S. Mijnans,Midfielder,Central Midfielder,30,2894.0,2.259304983630623,0.0702617306588652,4.205924903598921,0.1307993231941613,10.259304983630622,0.3190523319028182,0.3104979224073411,63.22391154111955,2.6123013130615065,0.3420870767104353,0.248790601243953,0.2815494841751395,2.259304983630623,4.205924903598921,4.205924903598921,0.1307993231941613,8.0,0.2867726132154379,0.0216008947212703
Eredivisie 2025-2026,PSV Eindhoven,biee6dvb524juzai7iryyskix,D. Man,Midfielder,Attacking Midfielder,25,2404.0,1.4943900626537645,0.0559463833772208,3.467759340477812,0.1298246009330295,23.494390062653764,0.8795736712307981,0.9363671574514886,48.818635607321134,1.5723793677204658,0.2620632279534109,0.8236272878535774,0.1881850103976023,1.4943900626537645,3.467759340477812,3.467759340477812,0.1298246009330295,22.0,1.292020576623998,0.0206483860032812
Eredivisie 2025-2026,Go Ahead Eagles,c6ufljjgl050g9xn7e9ma7hg4,M. Smit,Forward,Centre Forward,19,1837.0,-0.3499452316011662,-0.0171448398715868,2.453048962948587,0.1201820395565448,-2.3499452316011675,-0.1151306863604273,-0.0951730328905979,31.25748502994012,1.2738160043549265,0.2939575394665215,-0.0979858464888405,0.1566306600383899,-0.3499452316011662,2.453048962948587,2.453048962948587,0.1201820395565448,-2.0,-0.1216654650324441,-0.0224871427796056
Eredivisie 2025-2026,PEC Zwolle,ekur9x1kzp8wq0lwfwev0b0bu,K. de Rooij,Midfielder,Right Midfielder,32,3073.0,0.7860807024236938,0.0230222138685754,3.8124737874285257,0.1116572212393645,-20.213919297576307,-0.5920119546963448,-0.6724315891360151,39.215750081353725,0.8200455580865603,0.1757240481614058,-0.6150341685649203,0.0870890407906167,0.7860807024236938,3.8124737874285257,3.8124737874285257,0.1116572212393645,-21.0,-0.8755066589461494,-0.0315935172554977
Eredivisie 2025-2026,FC Utrecht,4ej8uchqe3rt1s5h6phjo3310,G. Zechiël,Midfielder,Right Midfielder,36,3522.0,0.6441150289937138,0.0164594981855293,4.215148914178196,0.1077124935479948,16.644115028993713,0.4253181012519688,0.4257084059204812,62.47870528109029,1.7120954003407156,0.2555366269165247,0.4088586030664395,0.1642836315540592,0.6441150289937138,4.215148914178196,4.215148914178196,0.1077124935479948,16.0,0.4518781184297236,0.0173191904772857
Eredivisie 2025-2026,SBV Excelsior,6coor7jll29drx4kgvyt499wq,N. Naujoks,Midfielder,Left Midfielder,31,2995.0,2.200685194412055,0.0661307737886761,3.5497857223344793,0.1066713572654768,-10.799314805587946,-0.324520311353227,-0.3337914869170532,49.73288814691152,1.923205342237062,0.3005008347245409,-0.3906510851419031,0.2599602512477403,2.200685194412055,3.5497857223344793,3.5497857223344793,0.1066713572654768,-13.0,-0.481329621655719,-0.018074578497482
Eredivisie 2025-2026,FC Volendam,6jqn5grsuhuo5at81pzahr6xh,R. Mühren,Midfielder,Central Midfielder,31,2992.0,0.7928521751343641,0.0238491630220898,3.527709026096795,0.1061142420951576,1.7928521751343642,0.0539293769258331,0.0837898934064044,12.51336898395722,0.6617647058823529,0.1804812834224599,0.0300802139037433,0.0982162043493921,0.7928521751343641,3.527709026096795,3.527709026096795,0.1061142420951576,1.0,0.0879435858182824,-0.0046970930518687
Eredivisie 2025-2026,SBV Excelsior,424ohpqxpz31dlopxxamyk9as,Yoon Do-Young,Midfielder,Left Midfielder,6,578.0,0.1000718094449636,0.0155821156575202,0.6736210122123004,0.1048890849465519,-3.8999281905550367,-0.6072552545846943,-0.2468648184895915,13.858131487889274,0.7785467128027682,0.1557093425605536,-0.6228373702422145,0.0664023732715219,0.1000718094449636,0.6736210122123004,0.6736210122123004,0.1048890849465519,-4.0,-2.5504782146652496,7.025902701759041e-05
Eredivisie 2025-2026,FC Volendam,d7ml58kwwpetvnw46qja9ru5m,A. Descotte,Midfielder,Central Midfielder,14,1346.0,0.5457279413837098,0.0364899812217933,1.5353270429862111,0.1026593119381567,-0.4542720586162896,-0.0303748033250119,-0.0217176851451436,33.49925705794948,1.6716196136701338,0.2674591381872214,-0.0668647845468053,0.2012898074708581,0.5457279413837098,1.5353270429862111,1.5353270429862111,0.1026593119381567,-1.0,-0.0943676493717561,-0.001772913984549
Eredivisie 2025-2026,Fortuna Sittard,b23be312oxcbusvpjnnriukq2,Y. Oukili,Midfielder,Central Midfielder,13,1265.0,0.284801062139195,0.0202625261601008,1.4245741676034038,0.1013531028334437,-12.715198937860803,-0.9046386596106502,-0.6912205102286092,24.972332015810277,0.6403162055335968,0.1422924901185771,-0.924901185770751,0.0612019134452342,0.284801062139195,1.4245741676034038,1.4245741676034038,0.1013531028334437,-13.0,-2.048976970899857,-0.0074192605513016
Eredivisie 2025-2026,Sparta Rotterdam,cvoxwqoj3ak99w6wsp1yfbl04,G. Vianello,Defender,Right Back,5,477.0,0.1384037371424268,0.0261139126683824,0.5278609332429527,0.0995964024986703,-3.8615962628575735,-0.7286030684636932,-0.2285910104285398,58.490566037735846,0.7547169811320755,0.1886792452830188,-0.7547169811320755,0.1151967554527309,0.1384037371424268,0.5278609332429527,0.5278609332429527,0.0995964024986703,-4.0,-1.0991807032720982,0.0066709767887629
Eredivisie 2025-2026,SC Telstar,y1ky8sp8scl05mmfr7byy3md,J. Hardeveld,Midfielder,Right Midfielder,34,3305.0,0.6545691742623201,0.0178248791780964,3.617492084442417,0.0985096180332276,-6.3454308257376795,-0.1727953931365782,-0.1615498615764236,74.178517397882,0.735249621785174,0.1633888048411497,-0.1906202723146747,0.0827040659860185,0.6545691742623201,3.617492084442417,3.617492084442417,0.0985096180332276,-7.0,-0.1964912280701754,-0.0081114080023321
Eredivisie 2025-2026,Sparta Rotterdam,536qjh4gcmpo5q68ti87e60kq,S. Mito,Midfielder,Right Midfielder,25,2415.0,1.046691601686322,0.0390071404355151,2.54425344203702,0.0948168984610069,-5.953308398313678,-0.2218624247818761,-0.2099108537566715,48.52173913043478,1.937888198757764,0.2608695652173913,-0.2608695652173913,0.2050598071918995,1.046691601686322,2.54425344203702,2.54425344203702,0.0948168984610069,-7.0,-0.3229499513011978,-0.0040162837444862
Eredivisie 2025-2026,PEC Zwolle,awsbedog2zaz7zpjucbcba82y,S. Shoretire,Forward,Centre Forward,24,2313.0,0.2027895631164779,0.0078906444792403,2.4225947872337583,0.0942643886083174,-8.797210436883523,-0.3423039080499425,-0.3303244024003954,43.30739299610895,0.6614785992217899,0.1945525291828793,-0.3501945525291828,0.1081787850538023,0.2027895631164779,2.4225947872337583,2.4225947872337583,0.0942643886083174,-9.0,-0.4674380356060825,0.0100821436316085
Eredivisie 2025-2026,Nijmegen Eendracht Combinatie,dgex06nxjy9fdvc12o8keg99l,K. Ogawa,Forward,Centre Forward,26,2552.0,1.9832825743606304,0.069943350976668,2.584939573426168,0.0911616620722394,8.983282574360631,0.3168085547384235,0.3774429880077823,25.25078369905956,1.5164576802507836,0.2821316614420062,0.2468652037617555,0.2609133503464349,1.9832825743606304,2.584939573426168,2.584939573426168,0.0911616620722394,7.0,0.4633658997021219,-0.0076897599366984
Eredivisie 2025-2026,PEC Zwolle,6nd0ifv6ljza9nauxcpejqzft,O. Velanas,Midfielder,Central Midfielder,13,1234.0,0.1067414116427445,0.0077850300225664,1.233836390906266,0.0899880674080745,-11.893258588357256,-0.8674175631703023,-0.622628499941367,37.19611021069692,0.5834683954619124,0.1458670988654781,-0.8752025931928687,0.0636640614799701,0.1067414116427445,1.233836390906266,1.233836390906266,0.0899880674080745,-12.0,-1.5853211009174313,-0.0051427317709112
Eredivisie 2025-2026,FC Twente,bner5siqnwn1fqusfrgujt0fe,M. Bruns,Defender,Left Back,13,1271.0,0.0121503786429944,0.0008603729959634,1.2653468548703304,0.0895996986139494,5.0121503786429935,0.3549123006120137,0.2435842284149525,57.28560188827695,0.2832415420928403,0.1416207710464201,0.3540519276160503,0.0528814454284341,0.0121503786429944,1.2653468548703304,1.2653468548703304,0.0895996986139494,5.0,0.4979436770374195,0.0037589057293227
Eredivisie 2025-2026,PSV Eindhoven,f4pqxviuwzd6a803jfx9bh4o9,M. Boadu,Forward,Centre Forward,13,1238.0,0.5954672558135928,0.0432892189202127,1.2253224402877707,0.0890783680338444,3.5954672558135927,0.26138291843556,0.208153210063392,13.376413570274636,0.9450726978998384,0.2180936995153473,0.2180936995153473,0.1723045504017156,0.5954672558135928,1.2253224402877707,1.2253224402877707,0.0890783680338444,3.0,0.691627887119498,0.0083594262314242
Eredivisie 2025-2026,PSV Eindhoven,oi8kw43rorvqooiencbnhxck,N. Fernandez,Midfielder,Central Midfielder,10,959.0,0.0684773011204583,0.0064264411896154,0.93162380842856,0.0874308057962152,7.068477301120458,0.6633607477589586,0.4063049955000962,33.315954118873826,0.1876955161626694,0.0938477580813347,0.656934306569343,0.012843393474735,0.0684773011204583,0.93162380842856,0.93162380842856,0.0874308057962152,7.0,1.5340909090909092,0.0050321668071862
Eredivisie 2025-2026,FC Volendam,64kb0lmkr24rmh59hb01m268k,R. van Cruijsen,Midfielder,Left Midfielder,24,2306.0,0.1328611380185141,0.0051853869998552,2.209202764210005,0.086222137371596,1.1328611380185143,0.0442140079885803,0.0467756476740224,35.398959236773635,0.6244579358196011,0.1561144839549002,0.039028620988725,0.0750777335831595,0.1328611380185141,2.209202764210005,2.209202764210005,0.086222137371596,1.0,0.0635488502365429,-0.0140185608946771
Eredivisie 2025-2026,Fortuna Sittard,7b4jmfu1ejoeci2zmvwuejnys,P. Brittijn,Midfielder,Defensive Midfielder,32,3130.0,1.3563941345176225,0.0390017482768645,2.8105007714283543,0.0808131212231795,-5.643605865482376,-0.1622762069947009,-0.1675537011042123,49.945686900958464,0.4600638977635782,0.1150159744408945,-0.2012779552715655,0.0732046014945796,1.3563941345176225,2.8105007714283543,2.8105007714283543,0.0808131212231795,-7.0,-0.2437593102514332,-0.0118608391386649
Eredivisie 2025-2026,AFC Ajax,47l204bkq2qqjhtazusr0019m,Y. Baas,Defender,Right Back,33,3231.0,0.990750130937867,0.027597496683506,2.791697432493135,0.0777631596794745,20.990750130937865,0.5847005607503584,0.5401189270200469,97.60445682451254,0.4456824512534819,0.1392757660167131,0.5571030640668524,0.0891101030207446,0.990750130937867,2.791697432493135,2.791697432493135,0.0777631596794745,20.0,0.5693770066585477,0.0272122755313662
Eredivisie 2025-2026,Alkmaar Zaanstreek,nw48ayorxrpxwcxbdhxy44k4,B. van Duijl,Defender,Right Back,7,674.0,-0.0810838467708729,-0.0108272198952204,0.5747712038999834,0.0767498640222529,4.918916153229128,0.6568285664549282,0.261920056445049,74.51038575667656,0.400593471810089,0.1335311572700296,0.6676557863501483,0.0459540733525563,-0.0810838467708729,0.5747712038999834,0.5747712038999834,0.0767498640222529,5.0,0.7127019322141274,0.0137444488609788
Eredivisie 2025-2026,Fortuna Sittard,9zryne6aa951ltubvjo0gk12i,M. Ihattaren,Midfielder,Attacking Midfielder,28,2735.0,1.1034110877766643,0.0363096884460328,2.33072944551484,0.0766967642034133,-1.8965889122233368,-0.0624106040585375,-0.0658876906809813,52.914076782449726,2.270566727605119,0.1974405850091407,-0.0987202925045703,0.1570535092517603,1.1034110877766643,2.33072944551484,2.33072944551484,0.0766967642034133,-3.0,-0.1347843450479233,-0.002473625465545
Eredivisie 2025-2026,FC Volendam,8r3k1iuul274c0ha0vy90jys,A. Oehlers,Midfielder,Attacking Midfielder,33,3180.0,-0.063543896925329,-0.0017984121771319,2.5082024024928,0.0709868604479094,-15.06354389692533,-0.4263267140639244,-0.5806185297375502,25.839622641509433,0.5094339622641509,0.1132075471698113,-0.4245283018867924,0.0404222745447699,-0.063543896925329,2.5082024024928,2.5082024024928,0.0709868604479094,-15.0,-0.8210929659702582,-0.0130324723863891
Eredivisie 2025-2026,Go Ahead Eagles,eytcfp4cu6qkar65kf0p5rm96,J. Dirksen,Goalkeeper,Goalkeeper,18,1726.0,0.0122087622942157,0.0006366098531166,1.3075410351818564,0.0681800076282543,7.012208762294215,0.3656424035958744,0.307393521426364,51.726535341830825,0.2607184241019699,0.1042873696407879,0.3650057937427578,0.0367439718656502,0.0122087622942157,1.3075410351818564,1.3075410351818564,0.0681800076282543,7.0,0.514818043146655,0.0024608649998602
Eredivisie 2025-2026,Go Ahead Eagles,1q0v3qpciql8rkyz4qrlvbuju,J. Breum,Midfielder,Central Midfielder,28,2688.0,-0.6331028591029474,-0.0211976403717504,2.025849108482673,0.0678297692572323,6.366897140897052,0.2131773596282495,0.2125079170828145,56.38392857142857,1.1049107142857142,0.2008928571428571,0.234375,0.1118654475138743,-0.6331028591029474,2.025849108482673,2.025849108482673,0.0678297692572323,7.0,0.293480539445182,0.0091971330990113
Eredivisie 2025-2026,SC Telstar,4cbhx91p3l265b2cejzd07gbu,P. Brouwer,Forward,Right Winger,30,2914.0,1.82887402128345,0.0564854708014792,2.1616808186850935,0.0667643355118937,5.8288740212834504,0.1800269944802713,0.1831631935667199,44.289636238846946,1.5751544269045985,0.216197666437886,0.123541523678792,0.2059188017274716,1.82887402128345,2.1616808186850935,2.1616808186850935,0.0667643355118937,4.0,0.1519842386715451,-0.0133122972518523
Eredivisie 2025-2026,PEC Zwolle,1x6fhuy49w4rpnyavwotbf504,T. Gooijer,Defender,Left Back,23,2205.0,0.2002304792197821,0.0081726726212155,1.626562983468446,0.0663903258558549,-8.799769520780218,-0.3591742661542946,-0.3583280334905716,48.97959183673469,0.5714285714285714,0.1224489795918367,-0.3673469387755102,0.0642313263571974,0.2002304792197821,1.626562983468446,1.626562983468446,0.0663903258558549,-9.0,-0.5541619156214367,7.954052376197298e-05
Eredivisie 2025-2026,Nijmegen Eendracht Combinatie,a76yp8gkkg6frtuhh3d6l46i,D. Proper,Midfielder,Central Midfielder,22,2151.0,-0.4907363745827881,-0.0205329027022087,1.577669072820983,0.0660112582770285,6.509263625417212,0.2723541265864942,0.2872859496333988,32.00836820083682,0.4184100418410041,0.1255230125523012,0.2928870292887029,0.0389788515730639,-0.4907363745827881,1.577669072820983,1.577669072820983,0.0660112582770285,7.0,0.5240102029499834,0.0073551604656655
Eredivisie 2025-2026,Heracles Almelo,7w5ivtmbqzi4hfte330r1a505,R. Pasveer,Goalkeeper,Goalkeeper,11,1060.0,0.2090632104784794,0.0177506499462859,0.7635481939202972,0.0648295636347422,-18.79093678952152,-1.5954568972235252,-0.8670847417635342,57.14150943396226,0.0849056603773584,0.0849056603773584,-1.6132075471698113,0.0378267466889022,0.2090632104784794,0.7635481939202972,0.7635481939202972,0.0648295636347422,-19.0,-1.6089322398030392,-0.033720446423966
Eredivisie 2025-2026,Nijmegen Eendracht Combinatie,ds0hd4ezvb5rw6l95rhbxtq1g,B. Önal,Midfielder,Attacking Midfielder,29,2840.0,-0.4192291214391337,-0.0132854299047612,2.034261133067499,0.0644660218225616,19.580770878560863,0.6205173869966472,0.6502129897015844,55.96478873239437,1.5211267605633805,0.2218309859154929,0.6338028169014085,0.1440795341881701,-0.4192291214391337,2.034261133067499,2.034261133067499,0.0644660218225616,20.0,0.8313319785701091,0.0085415583143518
Eredivisie 2025-2026,FC Volendam,7053nqhl9wu2u1kegzo9aopg5,B. Kuwas,Midfielder,Left Midfielder,32,3082.0,0.6698665754957613,0.0195613211533479,2.163452347630922,0.0631767395479503,-8.33013342450424,-0.2432550318641731,-0.2788414466626016,39.510058403634005,1.1680726800778716,0.1460090850097339,-0.2628163530175211,0.1023936666151316,0.6698665754957613,2.163452347630922,2.163452347630922,0.0631767395479503,-9.0,-0.3791838963876102,-0.0166902656524145
Eredivisie 2025-2026,Nijmegen Eendracht Combinatie,4pqi5vt820333t5zsj2refc2d,B. Linssen,Forward,Right Winger,32,3133.0,1.2969079087447382,0.037255573503679,2.187454634871284,0.0628378286429669,9.29690790874474,0.2670672555975188,0.3001981256743042,32.661985317586975,2.010852218321098,0.3159910628790296,0.2298116820938397,0.2904088077397418,1.2969079087447382,2.187454634871284,2.187454634871284,0.0628378286429669,8.0,0.31751398311002,-0.0139594687790171
Eredivisie 2025-2026,Sparta Rotterdam,8n9t52eeli3s39r8ujjhjt7je,J. Kitolano,Midfielder,Central Midfielder,32,3096.0,-0.943929366922522,-0.0274398071779802,2.1284587843859906,0.0618738018716857,-18.94392936692252,-0.5506956211314686,-0.5381064352265594,53.63372093023256,0.8430232558139535,0.1744186046511628,-0.5232558139534884,0.0851049956014967,-0.943929366922522,2.1284587843859906,2.1284587843859906,0.0618738018716857,-18.0,-0.5874851164393083,-0.01894599186925
Eredivisie 2025-2026,Sparta Rotterdam,9lctm8txbd4n87mk61lwa0rf9,S. Bakari,Defender,Left Back,14,1360.0,0.2142366692100109,0.0141774266388977,0.896679725753787,0.0593390994984123,-2.7857633307899885,-0.184351985125808,-0.1558801328927775,28.919117647058822,0.0661764705882353,0.0661764705882353,-0.1985294117647058,0.0210147977287207,0.2142366692100109,0.896679725753787,0.896679725753787,0.0593390994984123,-3.0,-0.5538082866128812,-0.0045451848823992
Eredivisie 2025-2026,SC Telstar,cp866ucakmwqiwxrstkaxwgt0,N. Rossen,Midfielder,Central Midfielder,28,2724.0,-0.1183803919655662,-0.0039112464305803,1.776114437726591,0.0586821950790723,-11.118380391965564,-0.3673473697785979,-0.3391588371486227,47.41189427312775,0.2973568281938326,0.0991189427312775,-0.3634361233480176,0.0365255012216247,-0.1183803919655662,1.776114437726591,1.776114437726591,0.0586821950790723,-11.0,-0.3990862671324913,-0.0102078299606327
Eredivisie 2025-2026,Fortuna Sittard,30oqkmhal9o3ktfnt06u17spg,L. Tunjić,Midfielder,Central Midfielder,16,1563.0,-0.4176576674316238,-0.0240493858405925,0.9847153860392056,0.0567014617680924,1.5823423325683763,0.0911137619521137,0.088171168716697,21.420345489443378,0.5182341650671785,0.1151631477927063,0.1151631477927063,0.0344123001840213,-0.4176576674316238,0.9847153860392056,0.9847153860392056,0.0567014617680924,2.0,0.3603002502085071,-0.0020904784745345
Eredivisie 2025-2026,SC Heerenveen,eu6pfkiah7otafyryg6ll7y09,L. Brouwers,Midfielder,Central Midfielder,31,3015.0,1.0984895178406455,0.0327907318758401,1.89882222128722,0.0566812603369319,-2.901510482159354,-0.0866122531987866,-0.0963244186445373,45.582089552238806,1.044776119402985,0.1492537313432835,-0.1194029850746268,0.1253632028821919,1.0984895178406455,1.89882222128722,1.89882222128722,0.0566812603369319,-4.0,-0.1661934769060314,-0.009807499268081
Eredivisie 2025-2026,Sparta Rotterdam,5lad0u653zzdmexdpvtkcaqui,S. Ltaief,Forward,Right Winger,9,874.0,0.4923076633744043,0.0506952971438173,0.5449459259323848,0.0561157131966986,-8.507692336625595,-0.876078158233757,-0.4707172424924701,33.56979405034325,1.3386727688787186,0.102974828375286,-0.9267734553775744,0.0975544123224048,0.4923076633744043,0.5449459259323848,0.5449459259323848,0.0561157131966986,-9.0,-1.5576923076923077,-0.0078051894872408
Eredivisie 2025-2026,SBV Excelsior,5nhideyjwp2347ryi1n9wfq50,D. Sanches Fernandes,Midfielder,Left Midfielder,33,3189.0,0.9484494601213668,0.0267671531548833,1.96292217647022,0.0553976155165631,-16.051550539878633,-0.4530070707397545,-0.4787807551723533,56.58513640639699,1.6933207902163687,0.1693320790216368,-0.4797742238946378,0.1407016166599572,0.9484494601213668,1.96292217647022,1.96292217647022,0.0553976155165631,-17.0,-0.5961309929672127,-0.0234461039988517
Eredivisie 2025-2026,Go Ahead Eagles,2ekx0fvuf0dsat062oj430d05,G. Nauber,Defender,Left Back,9,880.0,-0.2143757184540005,-0.0219247893873409,0.5399101429064027,0.0552180827972457,-3.2143757184540016,-0.3287429712055229,-0.1582429960648093,75.375,0.7159090909090909,0.2045454545454545,-0.3068181818181818,0.1274025823608679,-0.2143757184540005,0.5399101429064027,0.5399101429064027,0.0552180827972457,-3.0,-0.3122650783554039,-0.0085432819140285
Eredivisie 2025-2026,FC Utrecht,8ymqihdfqc7esda7y407lebx1,D. de Wit,Midfielder,Central Midfielder,29,2839.0,0.1825524550507339,0.0057871507413054,1.692860023400051,0.0536658690052851,9.182552455050736,0.2910988802235175,0.2773629842128327,57.125748502994014,1.0778443113772456,0.2219091229306093,0.285311729482212,0.1740304046666296,0.1825524550507339,1.692860023400051,1.692860023400051,0.0536658690052851,9.0,0.3216540696520047,0.0168642625034206
Eredivisie 2025-2026,FC Twente,36veg0wk1z3om89daf0clbl5h,R. van Wolfswinkel,Forward,Centre Forward,31,3006.0,0.0508817424453035,0.0015234054624342,1.786542877658691,0.053489307714332,6.050881742445304,0.1811641240253085,0.2163283549670522,32.30538922155689,1.2874251497005988,0.2395209580838323,0.1796407185628742,0.1875550558319345,0.0508817424453035,1.786542877658691,1.786542877658691,0.053489307714332,6.0,0.2838867957592219,0.0112506347309192
Eredivisie 2025-2026,FC Groningen,e6x3hs6v8cq74ojgluyny72fo,T. Land,Midfielder,Central Midfielder,29,2805.0,-0.0458928950463945,-0.0014724993063014,1.653476145495528,0.0530527105506586,2.954107104953606,0.0947841851856771,0.1122443978486577,43.026737967914436,0.3850267379679144,0.0962566844919786,0.0962566844919786,0.0417314746350185,-0.0458928950463945,1.653476145495528,1.653476145495528,0.0530527105506586,3.0,0.1595194722071783,0.0021249588249704
Eredivisie 2025-2026,SBV Excelsior,5wwqe546ohp130rvi8x8pt0tm,A. Zagré,Defender,Right Back,30,2902.0,0.4413038939055846,0.0136861993285674,1.704387594974624,0.0528583334072075,-14.558696106094416,-0.4515102169360777,-0.4355778678315964,69.00413507925569,0.8063404548587181,0.124052377670572,-0.4651964162646451,0.0848802435919319,0.4413038939055846,1.704387594974624,1.704387594974624,0.0528583334072075,-15.0,-0.5284136500335966,-0.0125066380728626
Eredivisie 2025-2026,Feyenoord Rotterdam,bwxn7o8ved1xo5bmfkfgzekiy,J. Bos,Defender,Right Back,28,2713.0,0.5706168704575298,0.0189294206933939,1.5775040443910353,0.0523315016569086,16.57061687045753,0.5497071575160994,0.5433973701214975,74.01032067821599,1.2605971249539256,0.1326944342056763,0.5307777368227055,0.0992923532421617,0.5706168704575298,1.5775040443910353,1.5775040443910353,0.0523315016569086,16.0,0.6513184675923832,0.0116657796951604
Eredivisie 2025-2026,SC Heerenveen,f593mnttzie8gicqlig2zvzvu,A. van Axel Dongen,Midfielder,Central Midfielder,7,688.0,0.2586302102439011,0.0338324402935335,0.397596973686025,0.0520112320228811,-0.7413697897560989,-0.0969815131948385,-0.0464744420245795,14.127906976744184,0.7848837209302325,0.1308139534883721,-0.1308139534883721,0.1126351617590245,0.2586302102439011,0.397596973686025,0.397596973686025,0.0520112320228811,-1.0,-0.5359801488833748,0.0010236382275064
Eredivisie 2025-2026,PEC Zwolle,7h6w0i7ebl5pew0v1j8ipin10,G. Reiziger,Midfielder,Left Midfielder,12,1163.0,0.2193163919697391,0.0169720337723787,0.6712016174696384,0.051941655694125,-0.7806836080302609,-0.0604140367349299,-0.047000589430522,13.852106620808254,0.3095442820292347,0.0773860705073086,-0.0773860705073086,0.0424164485855624,0.2193163919697391,0.6712016174696384,0.6712016174696384,0.051941655694125,-1.0,-0.3212755830556877,0.0017666893612496
Eredivisie 2025-2026,Go Ahead Eagles,d8cxurdt9g5gezqlfwae7ooru,M. Meulensteen,Midfielder,Defensive Midfielder,34,3270.0,1.7038847345130428,0.0468959101242121,1.880190199310679,0.0517483541094682,8.703884734513043,0.2395564605829278,0.2330986375976524,77.31192660550458,1.128440366972477,0.1651376146788991,0.1926605504587156,0.1602851706936431,1.7038847345130428,1.880190199310679,1.880190199310679,0.0517483541094682,7.0,0.2103447316435268,0.0071515347062526
Eredivisie 2025-2026,FC Utrecht,6narzhg4hjarzdm235jkcclxw,A. Stepanov,Forward,Centre Forward,15,1489.0,1.031077926247621,0.062321701385014,0.8444282217924655,0.0510399865421906,11.03107792624762,0.6667542064219515,0.527836125725375,36.87038280725319,1.8737407656145064,0.3022162525184688,0.6044325050369376,0.3134979673612922,1.031077926247621,0.8444282217924655,0.8444282217924655,0.0510399865421906,10.0,0.9463556544750356,0.0261670970088588
Eredivisie 2025-2026,SBV Excelsior,3hu6e9wa0nt4ekubxye6l4pas,I. Yegoian,Midfielder,Central Midfielder,31,2997.0,1.9098117219941515,0.0573517033631877,1.6941627408207105,0.0508757579826039,-9.090188278005847,-0.2729786269671425,-0.2518581097747795,64.41441441441441,1.6216216216216215,0.1501501501501501,-0.3303303303303303,0.156626095530734,1.9098117219941515,1.6941627408207105,1.6941627408207105,0.0508757579826039,-11.0,-0.3465213688177437,-7.512771280011096e-05
Eredivisie 2025-2026,Feyenoord Rotterdam,dwyl0yii553i57u7azfa7d15g,A. Hadj Moussa,Midfielder,Attacking Midfielder,30,2930.0,-2.932440245557996,-0.0900749563481978,1.641919069446164,0.0504343741468105,22.067559754442005,0.6778431323890035,0.6344089172150281,64.93515358361775,2.36518771331058,0.3378839590443686,0.7679180887372014,0.1973746285493604,-2.932440245557996,1.641919069446164,1.641919069446164,0.0504343741468105,25.0,0.8302378785269735,0.0257971201598176
Eredivisie 2025-2026,Feyenoord Rotterdam,9d4ald4f0m2imaastzen4j8mi,O. Targhalline,Midfielder,Central Midfielder,25,2435.0,0.2997154009385198,0.0110777766260643,1.3270538900096036,0.0490492197539483,18.29971540093852,0.6763755178991651,0.6280229508011281,67.49075975359342,0.3326488706365503,0.0739219712525667,0.6652977412731006,0.0359505281246827,0.2997154009385198,1.3270538900096036,1.3270538900096036,0.0490492197539483,18.0,0.7915502821730173,0.0224709019587285
Eredivisie 2025-2026,AFC Ajax,8hgpvnzy2mra3ps209tniq7f8,O. Gloukh,Midfielder,Central Midfielder,29,2816.0,0.3428368544817402,0.0109571437867033,1.5126437876439685,0.0483444392357802,13.34283685448174,0.4264400983321579,0.5091751574596409,45.3515625,1.5660511363636365,0.1917613636363636,0.4154829545454545,0.1543740681872868,0.3428368544817402,1.5126437876439685,1.5126437876439685,0.0483444392357802,13.0,0.6972932704246337,0.0001333350493753
Eredivisie 2025-2026,FC Utrecht,7o8auo4uu5mzh7f4a44ucdf8q,D. Min,Forward,Centre Forward,23,2222.0,1.0636496020499835,0.0430821170947338,1.1425594777812424,0.0462782866788082,11.063649602049985,0.4481226211451388,0.5180245354818471,24.140414041404146,0.972097209720972,0.162016201620162,0.405040504050405,0.1588200320360877,1.0636496020499835,1.1425594777812424,1.1425594777812424,0.0462782866788082,10.0,0.8843760235833606,-0.0092117631787753
Eredivisie 2025-2026,AFC Ajax,3mctpepmqunc1a8zro2nq1wtm,V. Jaroš,Goalkeeper,Goalkeeper,19,1849.0,0.362150943377922,0.0176276824791849,0.91663592681974,0.044617216556937,19.362150943377923,0.9424519117923272,0.7015101509821564,58.65332612222823,0.0486749594375338,0.0486749594375338,0.9248242293131422,0.0216854253597817,0.362150943377922,0.91663592681974,0.91663592681974,0.044617216556937,19.0,0.9214520503655272,0.0316930870754652
Eredivisie 2025-2026,Alkmaar Zaanstreek,7jgtmmk4b2bgn0syidj6ve7kl,J. Clasie,Midfielder,Central Midfielder,12,1153.0,-0.0060544382752542,-0.000472592753489,0.5594672329725742,0.0436704691825946,4.993945561724746,0.3898136171337616,0.2469027044294275,64.7875108412836,0.6244579358196011,0.0780572419774501,0.3902862098872506,0.0339141800413664,-0.0060544382752542,0.5594672329725742,0.5594672329725742,0.0436704691825946,5.0,0.5283137009353108,0.0138355350436627
Eredivisie 2025-2026,NAC Breda,4ported2opjp4xbp87bpqb6z8,M. Soumano,Forward,Right Winger,16,1558.0,0.9438778372150116,0.0545243936773755,0.7504502449737794,0.0433507843694737,-3.0561221627849884,-0.1765410748720468,-0.1500684936541402,33.44672657252888,2.4261874197689344,0.2888318356867779,-0.2310654685494223,0.3000054449946798,0.9438778372150116,0.7504502449737794,0.7504502449737794,0.0433507843694737,-4.0,-0.4126705131634252,-0.0180988266681633
Eredivisie 2025-2026,FC Groningen,d1dq7upxtawnps3wljz6wf9jo,S. Resink,Midfielder,Central Midfielder,24,2320.0,0.227466492639994,0.0088241311799997,1.107275636579697,0.0429546583155917,1.2274664926399943,0.0476172346282756,0.0400142651967049,81.89224137931035,2.1724137931034484,0.2327586206896551,0.0387931034482758,0.1986280935540633,0.227466492639994,1.107275636579697,1.107275636579697,0.0429546583155917,1.0,0.0403117441547971,-0.0011732388561537
Eredivisie 2025-2026,FC Twente,5m8pflpgynidzk7d9507oujje,D. Rots,Midfielder,Attacking Midfielder,33,3194.0,-0.0933108201170658,-0.0026292967471934,1.496009589818742,0.0421543090431079,15.906689179882935,0.4482160382559374,0.4850593925959666,59.08891671884784,1.8597370068879149,0.2536005009392611,0.4508453350031308,0.2088168951489598,-0.0933108201170658,1.496009589818742,1.496009589818742,0.0421543090431079,16.0,0.5801889643224079,0.0007323699724284
Eredivisie 2025-2026,Go Ahead Eagles,lp9kyx4408kpoey40zv9mga1,J. De Busser,Goalkeeper,Goalkeeper,34,3270.0,0.403402573659391,0.0111028231282401,1.512372540543027,0.0416249323085236,5.403402573659392,0.1487175020273227,0.1350652338560405,61.59633027522936,0.055045871559633,0.055045871559633,0.1376146788990825,0.0245237623793494,0.403402573659391,1.512372540543027,1.512372540543027,0.0416249323085236,5.0,0.1370078500423709,-0.0107818901622469
Eredivisie 2025-2026,FC Volendam,qx44xpf889ysyh0yh20uketw,B. Pauwels,Midfielder,Attacking Midfielder,8,777.0,0.5306308911437341,0.0614630375842163,0.3422286292280989,0.0396403817638724,2.530630891143734,0.2931232692444479,0.1453394693078914,33.59073359073359,1.9691119691119692,0.1158301158301158,0.2316602316602316,0.1376527716504597,0.5306308911437341,0.3422286292280989,0.3422286292280989,0.0396403817638724,2.0,0.4357298474945533,0.0072389267954379
Eredivisie 2025-2026,SC Heerenveen,al7bdbzd91zkuh6ilsvw3fsru,V. Sejk,Forward,Centre Forward,17,1665.0,-0.4014455843001266,-0.0216997613135203,0.7184440747594519,0.0388348148518622,-2.4014455843001263,-0.1298078694216284,-0.1294244597913461,19.72972972972973,0.7567567567567568,0.1621621621621621,-0.1081081081081081,0.1016275859967795,-0.4014455843001266,0.7184440747594519,0.7184440747594519,0.0388348148518622,-2.0,-0.3019458734063968,0.0160443267613315
Eredivisie 2025-2026,FC Twente,9nix5y8xcj34ps62r34udtqwa,K. Hlynsson,Midfielder,Left Midfielder,33,3195.0,1.001729129046108,0.0282177219449607,1.3594666427208633,0.0382948350062214,18.001729129046108,0.5070909613815805,0.5293027489059319,53.57746478873239,2.4788732394366195,0.2816901408450704,0.4788732394366197,0.2716130277838098,1.001729129046108,1.3594666427208633,1.3594666427208633,0.0382948350062214,17.0,0.5835129002116664,0.0060644261940327
Eredivisie 2025-2026,NAC Breda,d785q9rpqlyuyswv8f9fx4cno,M. Nassoh,Midfielder,Central Midfielder,28,2726.0,0.3783155066398488,0.012490240498014,1.1488334572561736,0.0379292043848333,-18.62168449336015,-0.6148024961124041,-0.6610986649330755,51.43800440205429,1.4196625091709465,0.16507703595011,-0.6272927366104182,0.1396380720632909,0.3783155066398488,1.1488334572561736,1.1488334572561736,0.0379292043848333,-19.0,-0.8875125428185876,-0.0237137042934679
Eredivisie 2025-2026,Fortuna Sittard,ccmmsnrfn58gwi1petlp08f3e,L. Duijvestijn,Midfielder,Central Midfielder,15,1460.0,0.7173653988396186,0.0442211547229901,0.6144444755008265,0.0378767142432016,-7.282634601160383,-0.4489295302085167,-0.3123172872471926,58.37671232876713,1.6027397260273972,0.184931506849315,-0.4931506849315068,0.1912759473291037,0.7173653988396186,0.6144444755008265,0.6144444755008265,0.0378767142432016,-8.0,-0.5565360782242377,0.0015881198330427
Eredivisie 2025-2026,Feyenoord Rotterdam,3o4tq8qooplx2izq9rucgu7d,C. Tengstedt,Forward,Centre Forward,19,1850.0,1.0415696087165762,0.0506709539375631,0.771766669718337,0.037545405553865,2.0415696087165767,0.0993196025862118,0.1126532830078013,11.18918918918919,1.0702702702702702,0.1459459459459459,0.0486486486486486,0.1590714943296441,1.0415696087165762,0.771766669718337,0.771766669718337,0.037545405553865,1.0,0.1705299058927556,-0.0036562433701033
Eredivisie 2025-2026,Feyenoord Rotterdam,cdir3jevzi4o8edgtfwu6jfca,Gonçalo Borges,Midfielder,Attacking Midfielder,11,1057.0,0.0831643935079886,0.0070811687944361,0.4406780832695216,0.0375222587457492,8.083164393507989,0.6882543002986934,0.4494819565404831,28.098391674550616,1.1920529801324504,0.1702932828760643,0.6811731315042573,0.1398521929247512,0.0831643935079886,0.4406780832695216,0.4406780832695216,0.0375222587457492,8.0,1.4242853845900232,0.0159657482310688
Eredivisie 2025-2026,Fortuna Sittard,4jauu6ue076rbeq56exa4bcyy,M. Aïko,Forward,Right Winger,13,1260.0,-0.2494581508750259,-0.0178184393482161,0.5198674761292081,0.0371333911520863,1.750541849124974,0.1250387035089267,0.0964312861853762,22.5,0.8571428571428571,0.1428571428571428,0.1428571428571428,0.0879053123568404,-0.2494581508750259,0.5198674761292081,0.5198674761292081,0.0371333911520863,2.0,0.3379329766263024,-0.0115281883746935
Eredivisie 2025-2026,PSV Eindhoven,cmdeqxibr6holfqg17ap9uihg,Yarek Gąsiorowski,Defender,Right Back,29,2778.0,0.7942134344036617,0.0257304568381315,1.1277409420698112,0.0365358836523697,43.79421343440366,1.4188190097538982,1.4052382378339563,71.98704103671706,0.4211663066954643,0.0971922246220302,1.3930885529157668,0.0863867978077921,0.7942134344036617,1.1277409420698112,1.1277409420698112,0.0365358836523697,43.0,1.6893047077910268,0.063953627091606
Eredivisie 2025-2026,NAC Breda,dc4n5ylytswddlvd82snkb90q,S. van Hooijdonk,Forward,Centre Forward,18,1749.0,0.392231154027258,0.0201834213050047,0.6999316185364505,0.0360170644186852,-7.607768845972742,-0.3914803865852183,-0.3289238572136028,36.02058319039451,1.9039451114922816,0.2572898799313893,-0.411663807890223,0.2414562368177088,0.392231154027258,0.6999316185364505,0.6999316185364505,0.0360170644186852,-8.0,-0.5679502517649843,-0.0133539582487841
Eredivisie 2025-2026,PSV Eindhoven,d4j19ipiaeuetyij08fofgs15,J. Veerman,Midfielder,Central Midfielder,30,2880.0,-4.419689686485458,-0.1381153027026705,1.1324496624348632,0.0353890519510894,35.580310313514545,1.1118846972973295,1.07660350224431,93.46875,1.0625,0.25,1.25,0.07649564534624,-4.419689686485458,1.1324496624348632,1.1324496624348632,0.0353890519510894,40.0,1.433387306559074,0.0623835209730267
Eredivisie 2025-2026,Nijmegen Eendracht Combinatie,1gl82ymzh9vpitix6v645awa,D. Nejašmić,Midfielder,Central Midfielder,29,2843.0,0.0052089747658343,0.0001648989549507,1.108133416184395,0.0350798478566991,13.005208974765834,0.4117020076429564,0.3913911364839468,75.91276820260289,0.8547309180443193,0.1266268026732325,0.4115371086880056,0.0917118537714842,0.0052089747658343,1.108133416184395,1.108133416184395,0.0350798478566991,13.0,0.462036647009267,0.0125313427037018
Eredivisie 2025-2026,FC Utrecht,2t2mq9pun2hrdvadnpixxvlzo,A. Blake,Midfielder,Attacking Midfielder,25,2460.0,1.1262462573470389,0.041204131366355,0.9111787614178426,0.0333358083445552,4.12624625734704,0.1509602289273307,0.184193335864536,26.158536585365855,1.5,0.1097560975609756,0.1097560975609756,0.1176244205827755,1.1262462573470389,0.9111787614178426,0.9111787614178426,0.0333358083445552,3.0,0.2314814814814814,0.0023501108625016
Eredivisie 2025-2026,Alkmaar Zaanstreek,ab17bik4y8ilv3ahe50a81ixg,M. Meerdink,Forward,Centre Forward,19,1827.0,0.7725270295618961,0.0380555186976303,0.6596980667222566,0.0324974417104559,5.772527029561896,0.2843609374168421,0.2748069474622713,27.24137931034483,1.7733990147783252,0.2463054187192118,0.2463054187192118,0.2518634957063863,0.7725270295618961,0.6596980667222566,0.6596980667222566,0.0324974417104559,5.0,0.4655252676770289,0.0003645806154858
Eredivisie 2025-2026,FC Volendam,xvher4f1mb6otoui5k5gs3ro,N. Bukala,Midfielder,Defensive Midfielder,25,2406.0,0.6934985050675192,0.0259413405885605,0.8644055958884561,0.0323343739110395,-9.30650149493248,-0.3481234973166763,-0.3405207338355331,43.61596009975062,0.4488778054862843,0.0748129675810473,-0.3740648379052369,0.0684199342585684,0.6934985050675192,0.8644055958884561,0.8644055958884561,0.0323343739110395,-10.0,-0.4940530649588289,-0.0119664546136027
Eredivisie 2025-2026,PSV Eindhoven,6jhavdnaitqn6ydme8a526aui,C. Driouech,Midfielder,Attacking Midfielder,29,2782.0,0.2997597345804194,0.0096974752380437,0.996173832997777,0.03222704707757,8.29975973458042,0.2685040891848446,0.3765960941767761,28.080517613227897,1.196980589503954,0.1294033069734004,0.2588066139468009,0.1068737351338741,0.2997597345804194,0.996173832997777,0.996173832997777,0.03222704707757,8.0,0.6456337522978284,0.013258564162334
Eredivisie 2025-2026,PSV Eindhoven,24sgu58uugxgy49el075dz21g,E. Bajraktarević,Midfielder,Attacking Midfielder,28,2676.0,-0.2095435633295813,-0.0070474292599634,0.9466306977338778,0.031837355304951,19.790456436670414,0.6655983106503504,0.8704438872846053,32.89237668161435,1.210762331838565,0.1345291479820627,0.672645739910314,0.0956443634171483,-0.2095435633295813,0.9466306977338778,0.9466306977338778,0.031837355304951,20.0,1.483699907955654,0.0311643233308433
Eredivisie 2025-2026,Nijmegen Eendracht Combinatie,8kydif03gk6apce8xwl9w3ht5,T. Ouwejan,Defender,Right Back,7,681.0,-0.2685820034275626,-0.0354954189551844,0.238522190873452,0.0315227565030993,-4.2685820034275626,-0.5641297801886647,-0.2410520089063067,43.348017621145374,0.6607929515418502,0.13215859030837,-0.5286343612334802,0.0651404148500861,-0.2685820034275626,0.238522190873452,0.238522190873452,0.0315227565030993,-4.0,-0.7804878048780488,-0.0085113211472291
Eredivisie 2025-2026,SC Heerenveen,b4efh7m2z28zc5gx250vvdzze,L. Nordås,Forward,Centre Forward,17,1639.0,0.6976740132772628,0.0383103485021071,0.5507256907311808,0.0302411910712667,5.697674013277264,0.3128680056100998,0.272717983829599,37.33984136668701,2.3062843197071383,0.3294691885295912,0.2745576571079927,0.3375383459604317,0.6976740132772628,0.5507256907311808,0.5507256907311808,0.0302411910712667,5.0,0.4736509718616237,0.004013953635254
Eredivisie 2025-2026,Nijmegen Eendracht Combinatie,4mz9mhuv21kti5x38fb36q2g9,Y. El Kachati,Forward,Centre Forward,19,1861.0,-0.1114578504582472,-0.0053902238265675,0.6171179986540023,0.0298445028903063,6.888542149541753,0.3331374494673604,0.3638674651793513,18.76410531972058,1.0639441160666308,0.1450832885545405,0.338527673293928,0.1098485618376666,-0.1114578504582472,0.6171179986540023,0.6171179986540023,0.0298445028903063,7.0,0.9619544471306782,-0.0129516666048278
Eredivisie 2025-2026,NAC Breda,6jabylbbn78fxakfp2t2h3huc,P. Reulen,Forward,Centre Forward,16,1547.0,0.3149505696510549,0.0183229161400096,0.4817079307203852,0.0280243786456591,-1.6850494303489454,-0.0980313178612831,-0.0971112434672768,9.948287007110537,0.3490627020038784,0.0581771170006464,-0.1163542340012928,0.0484756544949969,0.3149505696510549,0.4817079307203852,0.4817079307203852,0.0280243786456591,-2.0,-0.4463547693833691,-0.0065628720900742
Eredivisie 2025-2026,Fortuna Sittard,3jkzywsfc2vjq3h1kqdhhl2hh,P. Gladon,Forward,Centre Forward,31,3037.0,1.5999816748731532,0.0474146693245254,0.9349700228744792,0.0277073763775775,-1.4000183251268468,-0.0414888538891722,-0.0615297560082837,22.19624629568653,0.9483042476127758,0.1481725386894962,-0.0889035232136977,0.1678798316364441,1.5999816748731532,0.9349700228744792,0.9349700228744792,0.0277073763775775,-3.0,-0.2221094917531568,0.0097648007686342
Eredivisie 2025-2026,Feyenoord Rotterdam,1pezvbb0n8z7hu5063jysg2s4,L. Sauer,Midfielder,Attacking Midfielder,20,1941.0,0.2298912813217995,0.0106595648217217,0.5416137928133306,0.0251134679820709,9.229891281321798,0.4279702294275949,0.3749525549687714,42.51931993817619,1.5301391035548686,0.1391035548686244,0.4173106646058732,0.1246496517082753,0.2298912813217995,0.5416137928133306,0.5416137928133306,0.0251134679820709,9.0,0.5512266494266562,0.0054482832051857
Eredivisie 2025-2026,PSV Eindhoven,3ojwbw6v83g9b0u2wssnkzzzd,A. Obispo,Defender,Centre Back,17,1632.0,0.4430792718692949,0.0244345186692625,0.4184542016885145,0.0230765184754695,8.443079271869296,0.4656109892574979,0.4123346042078419,50.56985294117647,0.6066176470588235,0.1102941176470588,0.4411764705882353,0.1116521178408519,0.4430792718692949,0.4184542016885145,0.4184542016885145,0.0230765184754695,8.0,0.8100050625316408,0.0036932744887984
Eredivisie 2025-2026,Sparta Rotterdam,6yush35gfp1sgyyzicye73rp,P. van Aanholt,Defender,Right Back,13,1268.0,0.1094967542526567,0.0077718516425387,0.3156931736388559,0.0224072441857232,-4.890503245747342,-0.347117738262824,-0.2496824158798332,42.9416403785489,0.7097791798107256,0.0709779179810725,-0.3548895899053628,0.0563425254378881,0.1094967542526567,0.3156931736388559,0.3156931736388559,0.0224072441857232,-5.0,-0.5956057531103857,-0.0127875614038899
Eredivisie 2025-2026,FC Utrecht,c3j7m8kaoius8i6jihubgy6p6,Ángel Alarcón,Midfielder,Attacking Midfielder,14,1393.0,1.0639940591740744,0.0687433347635798,0.3342833662446259,0.0215976331385616,4.0639940591740755,0.2625696089918641,0.1909336209239296,44.64465183058148,2.1320890165111273,0.1938262742282842,0.1938262742282842,0.2409719758533026,1.0639940591740744,0.3342833662446259,0.3342833662446259,0.0215976331385616,3.0,0.2680743327100329,0.0149438688835987
Eredivisie 2025-2026,Fortuna Sittard,34258m1cvslz8r6d17nv4b90q,S. van Ottele,Defender,Left Back,15,1467.0,0.1469903507541873,0.0090178129297047,0.3360083326801518,0.0206140081398866,-0.8530096492458128,-0.052331880321829,-0.0402942964915012,51.34969325153374,0.4294478527607362,0.0613496932515337,-0.0613496932515337,0.0497534980413518,0.1469903507541873,0.3360083326801518,0.3360083326801518,0.0206140081398866,-1.0,-0.090866258329407,0.0130427649844409
Eredivisie 2025-2026,PEC Zwolle,4phgw75cred5p93hjq8hiou6t,S. Floranus,Defender,Right Back,32,3071.0,0.5443973418251103,0.0159543343419928,0.6853474475566055,0.0200850766135117,-21.45560265817489,-0.6287867923268446,-0.5803351230904115,74.78997069358515,0.2051449039400846,0.0293064148485835,-0.6447411266688375,0.0251756725770646,0.5443973418251103,0.6853474475566055,0.6853474475566055,0.0200850766135117,-22.0,-0.6701792785982648,-0.0103861177533217
Eredivisie 2025-2026,AFC Ajax,brfa9yhy2llgt9l75unddogk,J. Mokio,Midfielder,Central Midfielder,28,2756.0,0.1332910851562957,0.0043527567721576,0.5918174731815834,0.0193264051474392,9.133291085156296,0.2982569657707064,0.3546709526313146,48.984034833091435,0.6857764876632801,0.0979680696661828,0.2939042089985486,0.0829944212909014,0.1332910851562957,0.5918174731815834,0.5918174731815834,0.0193264051474392,9.0,0.5002727824842764,0.0237262453105372
Eredivisie 2025-2026,FC Twente,cxbmtzimrfxl6m972cn7bdyc4,N. Groenewald,Midfielder,Attacking Midfielder,1,94.0,0.0198954850029429,0.0190488686198389,0.0198954850029429,0.0190488686198389,1.019895485002943,0.9764956771304774,0.0676800533460838,11.48936170212766,0.0,0.0,0.9574468085106383,0.0,0.0198954850029429,0.0198954850029429,0.0198954850029429,0.0190488686198389,1.0,7.219251336898394,-0.0002350058884011
Eredivisie 2025-2026,Alkmaar Zaanstreek,3uq3lrjyj4mnvq6162b0jyhnt,M. de Wit,Defender,Right Back,31,2988.0,0.1640489307472056,0.0049412328538314,0.5933128151766265,0.0178708679270068,2.164048930747207,0.0651821967092532,0.0634446315686806,72.2289156626506,0.6024096385542169,0.0903614457831325,0.0602409638554216,0.0774318107099572,0.1640489307472056,0.5933128151766265,0.5933128151766265,0.0178708679270068,2.0,0.0683539977595078,-0.0052235833307328
Eredivisie 2025-2026,Fortuna Sittard,dsh8ta4q6v5ews2e19p9xh6y2,J. Hubner,Defender,Right Back,25,2452.0,0.5555767839744096,0.0203922963122744,0.4774241966572982,0.0175237266309775,-3.444423216025589,-0.1264266270156211,-0.1312651881985492,51.97389885807504,0.4404567699836867,0.0734094616639478,-0.1468189233278956,0.0762780313452447,0.5555767839744096,0.4774241966572982,0.4774241966572982,0.0175237266309775,-4.0,-0.2139694301082725,0.0059380574949641
Eredivisie 2025-2026,Go Ahead Eagles,3g0xd9rds9relghxanr1f5vc9,S. Sigurðarson,Forward,Centre Forward,14,1336.0,1.4556099608088884,0.0980575572401197,0.2584258364296161,0.0174089261067855,1.4556099608088888,0.0980575572401197,0.0764104592036311,28.360778443113773,1.6167664670658684,0.2020958083832335,0.0,0.2827444395165678,1.4556099608088884,0.2584258364296161,0.2584258364296161,0.0174089261067855,0.0,0.0,-0.0036271635510752
Eredivisie 2025-2026,SBV Excelsior,eu7eoxnltk5avqgtm94912n10,G. Cairo,Defender,Left Back,1,95.0,0.0181999956171448,0.0172421011109792,0.0181999956171448,0.0172421011109792,1.0181999956171448,0.9646105221636108,0.0675858677698741,14.210526315789474,0.0,0.0,0.9473684210526316,0.0,0.0181999956171448,0.0181999956171448,0.0181999956171448,0.0172421011109792,1.0,7.670454545454546,-0.000112998344861
Eredivisie 2025-2026,Alkmaar Zaanstreek,619vlbweueymdkq1vu3jm2mwa,I. Sadiq,Midfielder,Left Midfielder,20,1928.0,0.7250724520540932,0.0338467430938114,0.3636734075304376,0.0169764557457154,1.7250724520540932,0.0805272410191226,0.0887127567088198,25.20746887966805,0.9802904564315352,0.0933609958506224,0.0466804979253112,0.1102312831987184,0.7250724520540932,0.3636734075304376,0.3636734075304376,0.0169764557457154,1.0,0.1226130196862015,-0.0180553482550763
Eredivisie 2025-2026,PEC Zwolle,684nd3xjli51z43pbla0mwa21,T. Oosting,Midfielder,Left Midfielder,34,3263.0,0.3519142255139107,0.0097064910500312,0.6121478416020786,0.0168842493852856,-14.64808577448609,-0.4040232055481912,-0.4234563899347233,50.750842782715296,1.4342629482071714,0.165491878639289,-0.4137296965982225,0.1583141203040346,0.3519142255139107,0.6121478416020786,0.6121478416020786,0.0168842493852856,-15.0,-0.5021885501010578,-0.0284614046333548
Eredivisie 2025-2026,SBV Excelsior,5v3kwio58999yd888sqphu49g,N. Groen,Forward,Centre Forward,1,98.0,0.0182998686339832,0.0168060018067192,0.0182998686339832,0.0168060018067192,0.0182998686339832,0.0168060018067192,0.001207656779919,14.693877551020408,0.0,0.0,0.0,0.0,0.0182998686339832,0.0182998686339832,0.0182998686339832,0.0168060018067192,0.0,0.0,4.8200876069802974e-06
Eredivisie 2025-2026,SC Telstar,9lju80srwcwd1s6ezrjbk33tg,J. Seedorf,Forward,Centre Forward,12,1162.0,0.5435398831931385,0.0420986140166802,0.2163989058413893,0.0167606725694707,-0.4564601168068618,-0.0353540537974333,-0.0276942741800787,10.99827882960413,0.6196213425129088,0.0774526678141136,-0.0774526678141136,0.1027906092613231,0.5435398831931385,0.2163989058413893,0.2163989058413893,0.0167606725694707,-1.0,-0.3481175863847344,0.0018664136872364
Eredivisie 2025-2026,NAC Breda,8nnxi9lw3hso096kk81h0azh0,J. Talvitie,Midfielder,Left Midfielder,27,2632.0,-0.5301536926796724,-0.0181283557527243,0.4823198869004491,0.0164927012997873,-12.530153692679672,-0.4284627022572836,-0.5038910822741092,38.161094224924014,0.9916413373860182,0.1025835866261398,-0.4103343465045592,0.0679625295736281,-0.5301536926796724,0.4823198869004491,0.4823198869004491,0.0164927012997873,-12.0,-0.7186585041256321,-0.0140305221951847
Eredivisie 2025-2026,SBV Excelsior,aar8gzbrl2b48vh14hu1htxxw,N. El Hamdaoui,Midfielder,Left Midfielder,1,96.0,0.01655005489375,0.0155156764628906,0.01655005489375,0.0155156764628906,0.01655005489375,0.0155156764628906,0.0010937691584469,9.375,0.0,0.0,0.0,0.0,0.01655005489375,0.01655005489375,0.01655005489375,0.0155156764628906,0.0,0.0,0.0003195439350024
Eredivisie 2025-2026,Go Ahead Eagles,bhyyi1zzlmc1f7xo3wnh3etxw,E. Waayers,Defender,Left Back,4,383.0,0.13370907759539,0.0314198876856008,0.0652823312494409,0.0153404955938633,0.1337090775953905,0.0314198876856009,0.0086425962511973,12.924281984334204,0.2349869451697128,0.0,0.0,0.0160793920917374,0.13370907759539,0.0652823312494409,0.0652823312494409,0.0153404955938633,0.0,0.0,-0.0038795163871968
Eredivisie 2025-2026,PEC Zwolle,6u7z5qrlwzl9aug8awejq37xl,Jamiro Monteiro,Midfielder,Right Midfielder,21,2027.0,0.1996672922080247,0.0088653459786493,0.3190878147861768,0.0141676878790113,-9.800332707791975,-0.435140574100285,-0.4164604614619674,50.30587074494326,0.8880118401578688,0.0888011840157868,-0.4440059200789344,0.0834988421154249,0.1996672922080247,0.3190878147861768,0.3190878147861768,0.0141676878790113,-10.0,-0.6802206938251077,-0.0330530098045859
Eredivisie 2025-2026,Go Ahead Eagles,ciguyr553yqapqfudim9af46h,M. Deijl,Defender,Left Back,19,1837.0,0.3376318800126101,0.0165415727823271,0.2849589965172308,0.0139609742441757,0.337631880012611,0.0165415727823271,0.0124555158320889,74.81219379422973,0.6859009254218835,0.0979858464888405,0.0,0.1005664450269919,0.3376318800126101,0.2849589965172308,0.2849589965172308,0.0139609742441757,0.0,0.0,-0.0217887984771462
Eredivisie 2025-2026,Nijmegen Eendracht Combinatie,ac3lkaa1lkbsa82tfylq5zcb8,N. Lebreton,Forward,Right Winger,22,2150.0,1.3956762380676562,0.0584236564772507,0.307306730688295,0.0128640026799751,15.395676238067656,0.6444701681051577,0.6075886822594943,51.027906976744184,1.6744186046511629,0.2093023255813953,0.586046511627907,0.254861979378671,1.3956762380676562,0.307306730688295,0.307306730688295,0.0128640026799751,14.0,0.80503466121458,0.0041459014321886
Eredivisie 2025-2026,FC Volendam,8q43q98due672rcbps12ih0d0,T. Codinha,Midfielder,Defensive Midfielder,2,188.0,0.0260685254340286,0.0124796132396945,0.0260685254340286,0.0124796132396945,0.0260685254340286,0.0124796132396945,0.0017233401755798,9.095744680851064,0.0,0.0,0.0,0.0,0.0260685254340286,0.0260685254340286,0.0260685254340286,0.0124796132396945,0.0,0.0,0.0006292707744721
Eredivisie 2025-2026,Nijmegen Eendracht Combinatie,amd4x99ed8bsx9kl01j0k12c4,S. de Laat,Defender,Centre Back,1,94.0,0.0126070521594209,0.0120705818547646,0.0126070521594209,0.0120705818547646,1.0126070521594208,0.969517390365403,0.0670768460118359,9.574468085106384,0.0,0.0,0.9574468085106383,0.0,0.0126070521594209,0.0126070521594209,0.0126070521594209,0.0120705818547646,1.0,5.207328833172613,-0.0002453208513276
Eredivisie 2025-2026,Sparta Rotterdam,5oqqifi0wo6xbjz0xjgwf89re,C. Terho,Midfielder,Left Midfielder,9,862.0,0.0715805285504528,0.0074736050690728,0.1150280963248955,0.0120098940478429,-8.928419471449548,-0.9322015689448484,-0.53623169666822,24.22273781902552,0.9396751740139212,0.1044083526682134,-0.9396751740139212,0.0998720636894434,0.0715805285504528,0.1150280963248955,0.1150280963248955,0.0120098940478429,-9.0,-2.823283373997909,0.0030360424040479
Eredivisie 2025-2026,NAC Breda,etvamcwttnlg4sfxfulgzm7yt,K. Lamprou,Goalkeeper,Goalkeeper,1,98.0,0.0127344163530901,0.0116948721610011,0.0127344163530901,0.0116948721610011,2.0127344163530902,1.8484295660385524,0.1293922050904823,62.44897959183673,0.0,0.0,1.836734693877551,0.0,0.0127344163530901,0.0127344163530901,0.0127344163530901,0.0116948721610011,2.0,1.8227848101265824,0.0059360652752441
Eredivisie 2025-2026,PEC Zwolle,d29ahwtvs7ls75wdtkf7xr8tm,Z. Buurmeester,Midfielder,Right Midfielder,22,2097.0,-0.3496978261444142,-0.0150084903924641,0.2662085625937079,0.0114252601971548,-15.349697826144414,-0.6587853144267989,-0.5990699920483931,46.18025751072961,0.6437768240343348,0.0858369098712446,-0.6437768240343348,0.0594031592816256,-0.3496978261444142,0.2662085625937079,0.2662085625937079,0.0114252601971548,-15.0,-0.8425388504025464,0.00323354488126
Eredivisie 2025-2026,Alkmaar Zaanstreek,7wrulbqqdeecd5vegsbb1905w,R. Owusu-Oduro,Goalkeeper,Goalkeeper,23,2222.0,-0.2797141124868464,-0.0113295545111683,0.2747708709549715,0.011129333206997,3.720285887513154,0.1506866471089936,0.1221005342578092,49.293429342934296,0.0405040504050405,0.0405040504050405,0.162016201620162,0.018045162686875,-0.2797141124868464,0.2747708709549715,0.2747708709549715,0.011129333206997,4.0,0.1630545553366397,0.0273092648635336
Eredivisie 2025-2026,SC Heerenveen,c9shc6t28oroqthopifjvg9ux,D. Vente,Forward,Centre Forward,31,3016.0,1.3491063655571478,0.0402584790782968,0.3706897550181439,0.0110616969335653,0.3491063655571473,0.0104176302719307,0.0109822461867939,37.032493368700266,2.029177718832891,0.2387267904509283,-0.029840848806366,0.26792357259566,1.3491063655571478,0.3706897550181439,0.3706897550181439,0.0110616969335653,-1.0,-0.0380624788541784,-0.008490971580223
Eredivisie 2025-2026,AFC Ajax,2wesmq2wuhnuwh2yhgkuaxqfo,A. Bouwman,Defender,Left Back,10,999.0,0.2630209858523202,0.0236955843110198,0.1222991336151243,0.0110179399653265,10.26302098585232,0.9245964852119206,0.5100570863862615,71.17117117117117,0.6306306306306306,0.09009009009009,0.9009009009009008,0.1027677344357834,0.2630209858523202,0.1222991336151243,0.1222991336151243,0.0110179399653265,10.0,1.0764477225156983,0.0129864304880696
Eredivisie 2025-2026,SC Heerenveen,d2698ncsatg6jtvb0l9ijhj4k,N. Hopland,Defender,Centre Back,18,1756.0,-0.3984225509451525,-0.0204202901965055,0.2050252248542678,0.01050812655859,-0.3984225509451526,-0.0204202901965055,-0.0210962582471071,29.31662870159453,0.10250569476082,0.05125284738041,0.0,0.0203244306253144,-0.3984225509451525,0.2050252248542678,0.2050252248542678,0.01050812655859,0.0,0.0,0.0053365071714275
Eredivisie 2025-2026,Fortuna Sittard,afww998w4zov3quy71r4jn3kl,S. Bastien,Midfielder,Central Midfielder,6,583.0,0.0671221841328806,0.0103619152177688,0.0671221841328806,0.0103619152177688,0.0671221841328806,0.0103619152177688,0.0043361870290356,5.09433962264151,0.0,0.0,0.0,0.0,0.0671221841328806,0.0671221841328806,0.0671221841328806,0.0103619152177688,0.0,0.0,0.0046949870178868
Eredivisie 2025-2026,PSV Eindhoven,cgsmk5437f466uoqvol7devze,R. Flamingo,Defender,Left Back,33,3170.0,0.4138827867066374,0.0117506153954565,0.3386734716953022,0.0096153351585417,26.413882786706637,0.7499209623986112,0.954332912242004,55.90220820189275,0.5110410094637224,0.085173501577287,0.7381703470031545,0.0873087818142019,0.4138827867066374,0.3386734716953022,0.3386734716953022,0.0096153351585417,26.0,1.2543778143091988,0.0322103724714429
Eredivisie 2025-2026,Sparta Rotterdam,dbg4ducw8j747foxiexle1iad,P. Clement,Midfielder,Central Midfielder,26,2523.0,-0.5584286239308732,-0.0199201649440263,0.2657253536588999,0.0094789067892592,-10.558428623930872,-0.3766383575718504,-0.3969738017612607,43.769322235434,0.4637336504161712,0.0713436385255648,-0.356718192627824,0.0419445667922792,-0.5584286239308732,0.2657253536588999,0.2657253536588999,0.0094789067892592,-10.0,-0.5207127979634344,-0.0127704076836535
Eredivisie 2025-2026,Feyenoord Rotterdam,7ckkvggtampx9s3nklr1u62vo,M. Jeng,Defender,Right Back,1,106.0,0.0109191917135503,0.0092710118322596,0.0109191917135503,0.0092710118322596,0.0109191917135503,0.0092710118322596,0.0007159473679094,54.33962264150944,0.0,0.0,0.0,0.0,0.0109191917135503,0.0109191917135503,0.0109191917135503,0.0092710118322596,0.0,0.0,0.0002712889182333
Eredivisie 2025-2026,SC Heerenveen,a40zl71xh862o3qqxy89mp8q2,B. Klaverboer,Goalkeeper,Goalkeeper,30,2915.0,-0.2603191289156522,-0.0080372972907062,0.2941658545261657,0.0090823076869142,0.7396808710843472,0.0228374883010604,0.0201568308123256,63.01543739279588,0.0308747855917667,0.0308747855917667,0.0308747855917667,0.0137551806141462,-0.2603191289156522,0.2941658545261657,0.2941658545261657,0.0090823076869142,1.0,0.0307792274413912,0.0072266906146027
Eredivisie 2025-2026,Heracles Almelo,ait187bpr8we72jvfxxt6ttjp,M. te Wierik,Defender,Left Back,22,2126.0,0.2163999676777783,0.0091608641067733,0.1820665955663832,0.0077074287869118,-16.783600032322223,-0.7105004717351835,-0.6763503604543147,45.0,0.2963311382878645,0.0423330197554092,-0.7196613358419567,0.0437864550752707,0.2163999676777783,0.1820665955663832,0.1820665955663832,0.0077074287869118,-17.0,-1.022784246003008,-0.0144431364316252
Eredivisie 2025-2026,SBV Excelsior,cdhqb1a4h246hu0u13pm0tqay,I. Bronkhorst,Defender,Left Back,33,3188.0,-0.3103549263410484,-0.0087615882593144,0.2695789786258501,0.0076104479536783,-12.310354926341049,-0.3475319772179092,-0.3699486168741747,69.8996235884567,0.3670012547051443,0.0564617314930991,-0.3387703889585947,0.0400896952801064,-0.3103549263410484,0.2695789786258501,0.2695789786258501,0.0076104479536783,-12.0,-0.4255710401534158,0.0038016133821366
Eredivisie 2025-2026,FC Volendam,btrg844mxkl6kbn89s7aecj8q,G. Yah,Midfielder,Defensive Midfielder,24,2310.0,0.4500648733883763,0.0175349950670795,0.1931678916200286,0.0075260217514296,-2.549935126611624,-0.0993481218160372,-0.0960376929459306,63.35064935064935,0.4675324675324675,0.0389610389610389,-0.1168831168831168,0.0489700122766888,0.4500648733883763,0.1931678916200286,0.1931678916200286,0.0075260217514296,-3.0,-0.1567473948002438,-0.0086193334995268
Eredivisie 2025-2026,SBV Excelsior,1l6pokz0idh52sh8seqkznms4,T. Holla,Goalkeeper,Goalkeeper,1,94.0,0.0075493192967064,0.0072280716670593,0.0075493192967064,0.0072280716670593,-3.9924506807032936,-3.822559162375494,-0.259901912714739,67.97872340425532,0.0,0.0,-3.8297872340425534,0.0,0.0075493192967064,0.0075493192967064,0.0075493192967064,0.0072280716670593,-4.0,-5.578512396694215,0.0010032281120872
Eredivisie 2025-2026,Nijmegen Eendracht Combinatie,8gde39dg3u3kqhd8pa2mdcn2t,T. Chery,Forward,Left Winger,33,3235.0,-0.9688425134541184,-0.0269538875458641,0.2465832603242257,0.006860121616439,11.031157486545885,0.3068946441388344,0.301228068487847,56.28129829984544,2.9768160741885628,0.2782071097372488,0.3338485316846986,0.2443931005749457,-0.9688425134541184,0.2465832603242257,0.2465832603242257,0.006860121616439,12.0,0.3704127129301474,-0.0176560940231461
Eredivisie 2025-2026,SBV Excelsior,790v7fu7f2s40e160mlrb6dt6,C. Raatsie,Goalkeeper,Goalkeeper,3,290.0,0.022042271714781,0.006840705014932,0.022042271714781,0.006840705014932,-3.977957728285219,-1.2345386053298957,-0.2471094989987298,51.827586206896555,0.0,0.0,-1.2413793103448276,0.0,0.022042271714781,0.022042271714781,0.022042271714781,0.006840705014932,-4.0,-1.8649628734242791,-0.0098469387934329
Eredivisie 2025-2026,PEC Zwolle,c3akpx5mnexpkslo0sqqezsru,E. Reijnders,Midfielder,Attacking Midfielder,2,194.0,0.0886080939959211,0.0411068477300664,0.0139076597391692,0.0064520070954908,0.0886080939959211,0.0411068477300664,0.005784767193899,16.701030927835053,0.4639175257731959,0.0,0.0,0.0346548406345756,0.0886080939959211,0.0139076597391692,0.0139076597391692,0.0064520070954908,0.0,0.0,0.0002943296152678
Eredivisie 2025-2026,NAC Breda,8z4wdv767cv7ddqgrkz5txsrt,B. Kemper,Defender,Right Back,32,3120.0,-0.4220367610404343,-0.0121741373377048,0.2209787506199714,0.0063743870371145,-23.422036761040435,-0.6756356757992433,-0.6187907747420316,79.09615384615384,0.8653846153846154,0.1442307692307692,-0.6634615384615384,0.1256822448559498,-0.4220367610404343,0.2209787506199714,0.2209787506199714,0.0063743870371145,-23.0,-0.6784253103986978,-0.0226807100796891
Eredivisie 2025-2026,Fortuna Sittard,1bzrc169lsg8khaqy7a89oqok,G. Büyükhan,Forward,Right Winger,1,96.0,0.0067447588522735,0.0063232114240064,0.0067447588522735,0.0063232114240064,0.0067447588522735,0.0063232114240064,0.0004491347195985,6.5625,0.0,0.0,0.0,0.0,0.0067447588522735,0.0067447588522735,0.0067447588522735,0.0063232114240064,0.0,0.0,0.0039304789956703
Eredivisie 2025-2026,Alkmaar Zaanstreek,2p6h6ivyzp1fzsayw7r2xn2dx,H. Verhulst,Goalkeeper,Goalkeeper,1,98.0,0.0066426264253812,0.0061003712069827,0.0066426264253812,0.0061003712069827,4.006642626425381,3.6795697589620846,0.2576291123181496,23.877551020408163,0.0,0.0,3.673469387755102,0.0,0.0066426264253812,0.0066426264253812,0.0066426264253812,0.0061003712069827,4.0,3.667232597623089,0.0046901473152504
Eredivisie 2025-2026,Sparta Rotterdam,6ybcevijvdov8qj1hxcbw3dd6,A. Roaldsøy,Midfielder,Defensive Midfielder,4,398.0,0.0265836996431487,0.0060113893665411,0.0265836996431487,0.0060113893665411,0.0265836996431487,0.0060113893665411,0.0017144315428163,14.472361809045228,0.0,0.0,0.0,0.0,0.0265836996431487,0.0265836996431487,0.0265836996431487,0.0060113893665411,0.0,0.0,0.0049872207642623
Eredivisie 2025-2026,Feyenoord Rotterdam,dn3pllv1di24gu2utx1nu2m1g,A. Ouarghi,Midfielder,Defensive Midfielder,1,96.0,0.0063894347308282,0.0059900950601514,0.0063894347308282,0.0059900950601514,0.0063894347308282,0.0059900950601514,0.0004237716824653,9.375,0.0,0.0,0.0,0.0,0.0063894347308282,0.0063894347308282,0.0063894347308282,0.0059900950601514,0.0,0.0,-0.0003505667167492
Eredivisie 2025-2026,Nijmegen Eendracht Combinatie,b2a5syitl1nb5ky04j7pdq09h,J. Willems,Defender,Right Back,6,601.0,0.1005033861341165,0.0150504238803169,0.0395174258675808,0.0059177509618673,2.100503386134117,0.3145512558270724,0.1297861526618733,22.762063227953412,0.1497504159733777,0.0,0.2995008319467554,0.0091326729184496,0.1005033861341165,0.0395174258675808,0.0395174258675808,0.0059177509618673,2.0,0.8660091412076016,0.0086726932587627
Eredivisie 2025-2026,SC Telstar,1pmoxunz3nw0ptd6g64maam7d,N. Þórisson,Forward,Centre Forward,7,674.0,0.3919212902529924,0.0523337034462452,0.0408757323772074,0.0054581838485885,4.391921290252992,0.5864583325263639,0.2543282529226081,28.17507418397626,1.8694362017804151,0.1335311572700296,0.5341246290801187,0.1804066768676865,0.3919212902529924,0.0408757323772074,0.0408757323772074,0.0054581838485885,4.0,0.923906069549596,0.0015884074221515
Eredivisie 2025-2026,SC Telstar,8l31bne12p5cp51o46h92zjrp,R. Koeman,Goalkeeper,Goalkeeper,33,3207.0,-0.6567213096450463,-0.0184299712716102,0.1729105608953879,0.0048524946930417,-7.656721309645048,-0.2148752472304503,-0.1956176910380847,63.33956969130029,0.0280636108512628,0.0280636108512628,-0.19644527595884,0.0047811448866108,-0.6567213096450463,0.1729105608953879,0.1729105608953879,0.0048524946930417,-7.0,-0.1974034655275059,-0.0098871518839731
Eredivisie 2025-2026,FC Groningen,9wwud2tglhtdocmjgl2u5ib6c,T. Blokzijl,Defender,Left Back,35,3384.0,0.1434857947757414,0.0038161115631846,0.1502865586824478,0.0039969829436821,2.1434857947757395,0.0570076009248866,0.0525601469235884,81.56914893617021,0.2925531914893617,0.026595744680851,0.0531914893617021,0.0264148733003535,0.1434857947757414,0.1502865586824478,0.1502865586824478,0.0039969829436821,2.0,0.0534544968595483,0.0033321021728284
Eredivisie 2025-2026,FC Volendam,9m3115fhbxgjwfr9stchwvytw,L. Blondeau,Defender,Right Back,2,190.0,0.0084104128138807,0.0039838797539434,0.0084104128138807,0.0039838797539434,-0.9915895871861192,-0.4697003307723723,-0.0637538715340808,34.10526315789474,0.0,0.0,-0.4736842105263157,0.0,0.0084104128138807,0.0084104128138807,0.0084104128138807,0.0039838797539434,-1.0,-0.9144792548687554,-0.0052184465456473
Eredivisie 2025-2026,FC Utrecht,9ano8w4jrlk6zq92rxchzaru2,Miguel Rodríguez,Midfielder,Left Midfielder,24,2326.0,1.3827532643520477,0.0535029208046794,0.1004773999617602,0.0038877755789159,11.382753264352049,0.4404332733412228,0.4664028320864654,43.95528804815133,1.7411865864144451,0.116079105760963,0.3869303525365434,0.1656942509867265,1.3827532643520477,0.1004773999617602,0.1004773999617602,0.0038877755789159,10.0,0.6244507146491513,-0.0026977904517586
Eredivisie 2025-2026,FC Twente,5g0q7azk54eryl8vcgyb2oj4l,P. Tytoń,Goalkeeper,Goalkeeper,3,285.0,0.0110239531563929,0.0034812483651767,0.0110239531563929,0.0034812483651767,0.0110239531563935,0.0034812483651769,0.0006623515021564,46.73684210526316,0.0,0.0,0.0,0.0,0.0110239531563929,0.0110239531563929,0.0110239531563929,0.0034812483651767,0.0,0.0,-0.0052011934336412
Eredivisie 2025-2026,FC Utrecht,3ypxn1nvgv8e321sq5394w3my,M. Didden,Defender,Left Back,24,2325.0,0.1071769200694396,0.0041487840026879,0.0838747249501391,0.003246763546457,13.10717692006944,0.507374590454301,0.4503156850630867,71.26451612903226,0.4645161290322581,0.0774193548387096,0.5032258064516129,0.0783213752949407,0.1071769200694396,0.0838747249501391,0.0838747249501391,0.003246763546457,13.0,0.5727713320605082,0.0276395467844218
Eredivisie 2025-2026,Fortuna Sittard,a9mx5ndwvtlowjv43716ufswk,M. Gbemou,Midfielder,Defensive Midfielder,3,285.0,0.0095494753862739,0.0030156238061917,0.0095494753862739,0.0030156238061917,1.0095494753862744,0.3188050974904025,0.0661058409866027,13.894736842105264,0.0,0.0,0.3157894736842105,0.0,0.0095494753862739,0.0095494753862739,0.0095494753862739,0.0030156238061917,1.0,1.8512170037709976,0.0041977941540419
Eredivisie 2025-2026,PSV Eindhoven,e6x3hs6v8cq74ojgluyny72fo,T. Land,Midfielder,Left Midfielder,1,96.0,0.0028458880884833,0.002668020082953,0.0028458880884833,0.002668020082953,0.0028458880884833,0.002668020082953,0.0001886827081663,15.9375,0.0,0.0,0.0,0.0,0.0028458880884833,0.0028458880884833,0.0028458880884833,0.002668020082953,0.0,0.0,0.0021249588249704
Eredivisie 2025-2026,SBV Excelsior,5pg02unrm16jaa8vt5ego9z6y,S. Janssen,Defender,Right Back,13,1258.0,0.5775656429695293,0.0413202765240521,0.0319838113347041,0.002288190000098,-5.42243435703047,-0.3879325056699064,-0.2948034924982023,28.40222575516693,0.4292527821939587,0.0,-0.4292527821939587,0.0390320865239541,0.5775656429695293,0.0319838113347041,0.0319838113347041,0.002288190000098,-6.0,-0.9461787810647432,-0.0116751645830737
Eredivisie 2025-2026,Alkmaar Zaanstreek,9bgq1tfyfzc3wg9pfr8q510k4,D. Kwakman,Midfielder,Defensive Midfielder,6,579.0,0.0117725998006821,0.0018299377928521,0.0117725998006821,0.0018299377928521,1.011772599800682,0.1572703523006241,0.0639398863969585,19.89637305699482,0.0,0.0,0.155440414507772,0.0,0.0117725998006821,0.0117725998006821,0.0117725998006821,0.0018299377928521,1.0,0.6178489702517161,-0.0036390360189751
Eredivisie 2025-2026,SC Heerenveen,9najgqcaamqj0qtiicuq9hey,R. Meerveld,Midfielder,Right Midfielder,31,3010.0,-0.3403287799395648,-0.0101759435862328,0.0524831090829966,0.0015692623978304,1.6596712200604344,0.0496247208655943,0.0490610681372411,50.05315614617941,1.6445182724252492,0.1794019933554817,0.0598006644518272,0.1676567873714184,-0.3403287799395648,0.0524831090829966,0.0524831090829966,0.0015692623978304,2.0,0.069196614491565,0.0038444526268167
Eredivisie 2025-2026,Feyenoord Rotterdam,doldjju9tkhyzz6mj9deenobt,S. Benda,Goalkeeper,Goalkeeper,1,100.0,0.001605784303791,0.0014452058734119,0.001605784303791,0.0014452058734119,1.001605784303791,0.901445205873412,0.0643495827264391,31.5,0.0,0.0,0.9,0.0,0.001605784303791,0.001605784303791,0.001605784303791,0.0014452058734119,1.0,0.895819508958195,-0.0019290380791689
Eredivisie 2025-2026,Go Ahead Eagles,ao1bp2r34qvimy3woglbk5dzo,O. Boakye,Forward,Centre Forward,1,92.0,0.0014347400738622,0.0014035500722565,0.0014347400738622,0.0014035500722565,0.0014347400738622,0.0014035500722565,9.528949210777944e-05,9.782608695652174,0.0,0.0,0.0,0.0,0.0014347400738622,0.0014347400738622,0.0014347400738622,0.0014035500722565,0.0,0.0,-0.0001630886905993
Eredivisie 2025-2026,Heracles Almelo,e3akocgpppdty3ayxty1gf6xh,D. Mirani,Defender,Left Back,33,3177.0,-0.3692004478548893,-0.0104589361998552,0.0456024178577001,0.0012918531971019,-43.369200447854894,-1.228589247814586,-1.12820632525469,68.44192634560906,0.4249291784702549,0.0849858356940509,-1.2181303116147308,0.0732350462970938,-0.3692004478548893,0.0456024178577001,0.0456024178577001,0.0012918531971019,-43.0,-1.242176215695715,-0.0389826997320833
Eredivisie 2025-2026,SC Telstar,6k6qt155b79yf36833pamwbxm,K. Tejan,Forward,Centre Forward,28,2730.0,0.2086580286228533,0.0068788361084457,0.0372345517529662,0.0012275126951527,-11.791341971377149,-0.3887255594959499,-0.5613570089564993,20.043956043956044,0.8571428571428571,0.0989010989010989,-0.3956043956043956,0.1045524223143919,0.2086580286228533,0.0372345517529662,0.0372345517529662,0.0012275126951527,-12.0,-1.1173762350628524,-0.0133153069381533
Eredivisie 2025-2026,Fortuna Sittard,9bbu1yne0l9j862yodiuldw4p,Houboulang Mendes,Defender,Left Back,6,586.0,0.0455757680798738,0.0069996913433253,0.007481992075764,0.0011491114109535,2.0455757680798743,0.3141669268382059,0.1296701365157311,11.21160409556314,0.1535836177474402,0.0,0.3071672354948805,0.0058505799323718,0.0455757680798738,0.007481992075764,0.007481992075764,0.0011491114109535,2.0,1.3117939997570751,0.0009483979084151
Eredivisie 2025-2026,FC Utrecht,9v212zfspaz9cmswudro21ous,O. Agougil,Midfielder,Central Midfielder,6,588.0,0.0072440957337909,0.0011087901633353,0.0072440957337909,0.0011087901633353,0.0072440957337912,0.0011087901633353,0.0004569213928807,18.979591836734695,0.0,0.0,0.0,0.0,0.0072440957337909,0.0072440957337909,0.0072440957337909,0.0011087901633353,0.0,0.0,0.0066444934905163
Eredivisie 2025-2026,FC Volendam,5qtvvfzhprrxgy206t5hbsnpw,K. Dyer,Midfielder,Defensive Midfielder,3,287.0,0.0031236363790799,0.000979537540478,0.0031236363790799,0.000979537540478,-0.99687636362092,-0.312609312633738,-0.0653653965354222,7.526132404181185,0.0,0.0,-0.313588850174216,0.0,0.0031236363790799,0.0031236363790799,0.0031236363790799,0.000979537540478,-1.0,-2.0044543429844097,0.0042449604299846
Eredivisie 2025-2026,FC Groningen,ei9h1loyggj8fnf1q4jfdm710,T. van Bergen,Forward,Centre Forward,35,3384.0,5.666083689147018,0.1506937151368887,0.0335820592478498,0.000893139873613,8.666083689147017,0.2304809491794419,0.2219115062931748,57.3936170212766,2.7127659574468086,0.2393617021276596,0.0797872340425532,0.3891622773909354,5.666083689147018,0.0335820592478498,0.0335820592478498,0.000893139873613,3.0,0.084858072255077,0.0056677617213984
Eredivisie 2025-2026,AFC Ajax,1wse4b1hxu37e7t5ty5ykn7c9,J. Šutalo,Defender,Left Back,24,2322.0,0.0368064780195285,0.0014266076751755,0.0226348805477546,0.0008773209514633,7.036806478019528,0.2727444371325398,0.2478972655248208,78.9922480620155,0.1550387596899224,0.0387596899224806,0.2713178294573643,0.0393089766461927,0.0368064780195285,0.0226348805477546,0.0226348805477546,0.0008773209514633,7.0,0.3224403101568698,0.0101283304953279
Eredivisie 2025-2026,AFC Ajax,94y5a0g4qvxgv00qy5l51u13o,J. Johnson,Midfielder,Defensive Midfielder,1,95.0,0.0008338940660247,0.0007900049046549,0.0008338940660247,0.0007900049046549,0.0008338940660247,0.0007900049046549,5.5270924603688335e-05,8.526315789473685,0.0,0.0,0.0,0.0,0.0008338940660247,0.0008338940660247,0.0008338940660247,0.0007900049046549,0.0,0.0,2.5931558025436548e-05
Eredivisie 2025-2026,AFC Ajax,dqdu0arww7z83y4of1nvi42z8,P. Nash,Forward,Centre Forward,1,94.0,0.0004462316616258,0.00042724308028,0.0004462316616258,0.00042724308028,0.0004462316616258,0.00042724308028,2.9660806770971183e-05,5.74468085106383,0.0,0.0,0.0,0.0,0.0004462316616258,0.0004462316616258,0.0004462316616258,0.00042724308028,0.0,0.0,-0.0002106110646112
Eredivisie 2025-2026,Heracles Almelo,dqey55v1t24jngquk81aii8lw,A. Satriano,Forward,Centre Forward,1,98.0,0.000391884868544,0.0003598942670302,0.000391884868544,0.0003598942670302,-0.999608115131456,-0.9180074526717452,-0.0663055858861033,2.7551020408163267,0.0,0.0,-0.9183673469387756,0.0,0.000391884868544,0.000391884868544,0.000391884868544,0.0003598942670302,-1.0,-6.609547123623011,0.0004280615876516
Eredivisie 2025-2026,FC Utrecht,bw2pkqwfuxonrsgdpxr5f3384,E. Adiele,Defender,Right Back,2,190.0,0.0006739468690606,0.0003192379906076,0.0006739468690606,0.0003192379906076,-1.9993260531309396,-0.947049183062024,-0.1305257255910728,18.473684210526315,0.0,0.0,-0.9473684210526316,0.0,0.0006739468690606,0.0006739468690606,0.0006739468690606,0.0003192379906076,-2.0,-3.171806167400881,0.0002041920880617
Eredivisie 2025-2026,Nijmegen Eendracht Combinatie,uru1h5pzgwy9cvbele1piei,R. Janse,Goalkeeper,Goalkeeper,1,98.0,0.0003340460075405,0.0003067769457004,0.0003340460075405,0.0003067769457004,0.0003340460075405,0.0003067769457004,2.1520899397635195e-05,60.61224489795919,0.0,0.0,0.0,0.0,0.0003340460075405,0.0003340460075405,0.0003340460075405,0.0003067769457004,0.0,0.0,-0.0051033934681317
Eredivisie 2025-2026,Alkmaar Zaanstreek,a48j66n8bzz6ffcsyiodbfwq2,S. Maikuma,Defender,Left Back,7,669.0,0.0020873963761954,0.0002808156559904,0.0020873963761954,0.0002808156559904,1.0020873963761954,0.1348099636380532,0.0625115458871908,19.91031390134529,0.0,0.0,0.1345291479820627,0.0,0.0020873963761954,0.0020873963761954,0.0020873963761954,0.0002808156559904,1.0,0.4960955443270556,-0.0007425793848482
Eredivisie 2025-2026,NAC Breda,bdb33nwcpd2jufn9ggtl7gvzd,B. Lucassen,Defender,Left Back,20,1960.0,-0.4056778527453312,-0.0186280646668774,0.0060015451621446,0.0002755811554046,-13.405677852745333,-0.6155668401770815,-0.5987199452541071,35.12755102040816,0.2295918367346938,0.0459183673469387,-0.5969387755102041,0.0270147215246567,-0.4056778527453312,0.0060015451621446,0.0060015451621446,0.0002755811554046,-13.0,-1.004435541565317,-0.0140742998186982
Eredivisie 2025-2026,FC Groningen,5a3wim0yteedteaarmma5lk44,J. Dillema,Midfielder,Defensive Midfielder,1,95.0,0.0002755359340995,0.0002610340428311,0.0002755359340995,0.0002610340428311,0.0002755359340995,0.0002610340428311,1.8324798319154424e-05,1.894736842105263,0.0,0.0,0.0,0.0,0.0002755359340995,0.0002755359340995,0.0002755359340995,0.0002610340428311,0.0,0.0,3.352000088197624e-05
Eredivisie 2025-2026,Fortuna Sittard,2pkvr178sqkj16uu1fdbab6c,H. Korkmazyürek,Defender,Right Back,1,96.0,0.0001381731072047,0.0001295372880044,0.0001381731072047,0.0001295372880044,0.0001381731072047,0.0001295372880044,9.200177562235236e-06,2.8125,0.0,0.0,0.0,0.0,0.0001381731072047,0.0001381731072047,0.0001381731072047,0.0001295372880044,0.0,0.0,0.0039255317128403
Eredivisie 2025-2026,Fortuna Sittard,8yv45yg18w6cujbgt9265905w,M. Kerkez,Midfielder,Defensive Midfielder,3,304.0,0.0002470253497648,7.313250486460851e-05,0.0002470253497648,7.313250486460851e-05,1.000247025349765,0.296125764083812,0.0657133978740573,7.993421052631579,0.0,0.0,0.2960526315789473,0.0,0.0002470253497648,0.0002470253497648,0.0002470253497648,7.313250486460851e-05,1.0,2.269861286254729,0.0036802403936028
Eredivisie 2025-2026,Sparta Rotterdam,3fvaph4p7n0i1nwhhtlpayzh0,P. Kuiper,Defender,Left Back,1,94.0,0.0,0.0,0.0,0.0,0.0,0.0,0.0,0.0,0.0,0.0,0.0,0.0,0.0,0.0,0.0,0.0,0.0,0.0,0.0
Eredivisie 2025-2026,SC Heerenveen,8eyd36qktzn589pd0496khyqc,C. Bonevacia,Defender,Left Back,1,96.0,0.0,0.0,0.0,0.0,0.0,0.0,0.0,0.0,0.0,0.0,0.0,0.0,0.0,0.0,0.0,0.0,0.0,0.0,0.0
Eredivisie 2025-2026,Heracles Almelo,4ks7mvr9terrodhjx8pg9qtt6,R. Mantel,Defender,Left Back,1,96.0,0.0,0.0,0.0,0.0,0.0,0.0,0.0,0.0,0.0,0.0,0.0,0.0,0.0,0.0,0.0,0.0,0.0,0.0,0.0
Eredivisie 2025-2026,AFC Ajax,2vp8f9x46i2ptaf08xv7a85xw,P. Reverson,Defender,Left Back,1,96.0,0.0,0.0,0.0,0.0,0.0,0.0,0.0,0.0,0.0,0.0,0.0,0.0,0.0,0.0,0.0,0.0,0.0,0.0,0.0
Eredivisie 2025-2026,SBV Excelsior,6p6sdikmka45csxfw0i0q0l3p,E. Hansson,Midfielder,Attacking Midfielder,12,1153.0,-0.4965375209021359,-0.0387583494199412,-0.0015441985888701,-0.0001205358829126,-3.496537520902135,-0.2729300753522915,-0.1879971841353661,29.34952298352125,0.6244579358196011,0.0780572419774501,-0.2341717259323504,0.0394194284404216,-0.4965375209021359,-0.0015441985888701,-0.0015441985888701,-0.0001205358829126,-3.0,-0.4477240693143189,-0.0014616437211248
Eredivisie 2025-2026,PEC Zwolle,6hpvm6ktb7nulhdph4497649g,D. van der Haar,Defender,Right Back,3,289.0,-0.0006305297569027,-0.0001963587478244,-0.0006305297569027,-0.0001963587478244,-0.0006305297569027,-0.0001963587478244,-4.1452531753071225e-05,6.539792387543253,0.0,0.0,0.0,0.0,-0.0006305297569027,-0.0006305297569027,-0.0006305297569027,-0.0001963587478244,0.0,0.0,-0.0001658180979747
Eredivisie 2025-2026,Feyenoord Rotterdam,ecqjg6wtntf1guejvm10redck,G. Read,Defender,Left Back,16,1552.0,0.2951023395720442,0.017112893403018,-0.0064746688410824,-0.0003754640436194,13.295102339572043,0.7709788727844613,0.6283892110261797,52.82860824742268,0.9278350515463918,0.0579896907216494,0.7538659793814433,0.075478048168287,0.2951023395720442,-0.0064746688410824,-0.0064746688410824,-0.0003754640436194,13.0,1.183352156836303,0.0114220982319822
Eredivisie 2025-2026,PSV Eindhoven,67np9yqsr86iheossxpve8ufo,F. Merién,Midfielder,Defensive Midfielder,1,95.0,-0.0006561878129186,-0.0006216516122386,-0.0006561878129186,-0.0006216516122386,-0.0006561878129186,-0.0006216516122386,-4.3598207543595094e-05,13.263157894736842,0.0,0.0,0.0,0.0,-0.0006561878129186,-0.0006561878129186,-0.0006561878129186,-0.0006216516122386,0.0,0.0,-2.3139296111972022e-05
Eredivisie 2025-2026,AFC Ajax,b8ixf31bdyfqqcwoy4ulai73e,K. Fitz-Jim,Midfielder,Central Midfielder,17,1655.0,0.275772227561941,0.0149966770275375,-0.012709773666039,-0.0006911659395429,3.2757722275619408,0.1781386709852415,0.1756371293875239,32.84592145015106,0.7069486404833837,0.0543806646525679,0.1631419939577039,0.0700685076196485,0.275772227561941,-0.012709773666039,-0.012709773666039,-0.0006911659395429,3.0,0.4417659731122685,0.0020306087234893
Eredivisie 2025-2026,Heracles Almelo,e7r1dh9t8xybboh4t08qse238,J. Wijnreder,Defender,Left Back,1,95.0,-0.0008225922381636,-0.0007792979098392,-0.0008225922381636,-0.0007792979098392,-0.0008225922381636,-0.0007792979098392,-5.4617678074838184e-05,6.631578947368421,0.0,0.0,0.0,0.0,-0.0008225922381636,-0.0008225922381636,-0.0008225922381636,-0.0007792979098392,0.0,0.0,-4.7936911611146586e-05
Eredivisie 2025-2026,FC Groningen,4dk7h575fifmw2lhslevhmhux,M. Rente,Defender,Left Back,30,2893.0,-0.0591362490952576,-0.001839703566738,-0.0298694545903007,-0.0009292260328818,3.940863750904742,0.1225985957765042,0.1210734825902285,65.2678880055306,0.6221914967162115,0.0933287245074317,0.1244382993432423,0.0924182469735755,-0.0591362490952576,-0.0298694545903007,-0.0298694545903007,-0.0009292260328818,4.0,0.1467231822627975,0.0104674173548709
Eredivisie 2025-2026,FC Utrecht,b33sm106xc7g3h4bcqtawja7e,C. Bozdoğan,Midfielder,Central Midfielder,18,1754.0,0.0346070350422746,0.0017757315586115,-0.0199204051398727,-0.0010221416548395,-1.9653929649577249,-0.1008468454083211,-0.1083735483774166,22.474344355758262,0.6670467502850627,0.0513112884834663,-0.1026225769669327,0.0541091616969175,0.0346070350422746,-0.0199204051398727,-0.0199204051398727,-0.0010221416548395,-2.0,-0.3397508493771234,-0.0090168573914726
Eredivisie 2025-2026,Sparta Rotterdam,4mhahoh3a6rir882ug9hdb5nu,T. Velthuis,Defender,Centre Back,3,290.0,-0.0037498446350042,-0.0011637448867254,-0.0037498446350042,-0.0011637448867254,-0.0037498446350042,-0.0011637448867254,-0.0002475246024795,6.206896551724138,0.0,0.0,0.0,0.0,-0.0037498446350042,-0.0037498446350042,-0.0037498446350042,-0.0011637448867254,0.0,0.0,-0.0096564690047309
Eredivisie 2025-2026,SC Heerenveen,cyn9r9vb8vea1gkyqzwruck4,E. Gürbüz,Midfielder,Attacking Midfielder,16,1547.0,0.1547975039172636,0.0090056724968026,-0.022067374577542,-0.0012838162326947,3.154797503917264,0.1835370234987419,0.181652421950808,16.813186813186814,0.6981254040077569,0.0581771170006464,0.1745313510019392,0.0684666057301439,0.1547975039172636,-0.022067374577542,-0.022067374577542,-0.0012838162326947,3.0,0.665352390340069,0.0041643262261895
Eredivisie 2025-2026,PEC Zwolle,7962u6otgj03w6a42q6zl5zx0,D. Ruward,Forward,Centre Forward,1,93.0,-0.0016027069009773,-0.0015510066783651,-0.0016027069009773,-0.0015510066783651,-1.0016027069009774,-0.9692929421622362,-0.0664145587810133,4.838709677419355,0.0,0.0,-0.967741935483871,0.0,-0.0016027069009773,-0.0016027069009773,-0.0016027069009773,-0.0015510066783651,-1.0,-6.178489702517163,0.000229942199057
Eredivisie 2025-2026,Nijmegen Eendracht Combinatie,3c4l2e3gzgpqrc2ygkbmp0jpx,V. Misidjan,Midfielder,Attacking Midfielder,17,1664.0,-0.1321239276201146,-0.0071461258929148,-0.0317025137118695,-0.0017146792272044,0.8678760723798847,0.0469404125686235,0.0460029455773644,24.879807692307693,0.5949519230769231,0.0540865384615384,0.0540865384615384,0.0486550917958281,-0.1321239276201146,-0.0317025137118695,-0.0317025137118695,-0.0017146792272044,1.0,0.1395998138669148,-0.0127317347780773
Eredivisie 2025-2026,FC Volendam,dnyy30xb9biyituq11td12gpg,M. Mau-Asam,Midfielder,Defensive Midfielder,1,95.0,-0.0019420243757806,-0.0018398125665289,-0.0019420243757806,-0.0018398125665289,-0.0019420243757806,-0.0018398125665289,-0.0001289255674144,8.526315789473685,0.0,0.0,0.0,0.0,-0.0019420243757806,-0.0019420243757806,-0.0019420243757806,-0.0018398125665289,0.0,0.0,-0.0037454244598301
Eredivisie 2025-2026,FC Twente,bzanwdo4ihqd6d7vr06bd3845,L. Unnerstall,Goalkeeper,Goalkeeper,31,3004.0,-0.0623877427676085,-0.0018691400962332,-0.0623877427676085,-0.0018691400962332,18.93761225723239,0.567371871887788,0.5050184515232157,47.00732356857523,0.0,0.0,0.5692410119840213,0.0,-0.0623877427676085,-0.0623877427676085,-0.0623877427676085,-0.0018691400962332,19.0,0.5676254336027619,0.0225314348864449
Eredivisie 2025-2026,FC Utrecht,8tqsvu5sw6kn014hdv88zppm1,N. Vesterlund,Defender,Left Back,20,1971.0,0.5070716684797775,0.02315395746483,-0.0438286005205343,-0.0020013059598417,7.507071668479779,0.3427886606611771,0.2965878537362299,46.25570776255708,0.45662100456621,0.045662100456621,0.319634703196347,0.0708173638812928,0.5070716684797775,-0.0438286005205343,-0.0438286005205343,-0.0020013059598417,7.0,0.4034496008197071,0.018560139281154
Eredivisie 2025-2026,Fortuna Sittard,44m4s9f1ckgdavmqjo0icx016,R. Fosso,Midfielder,Defensive Midfielder,17,1667.0,0.1362911651204238,0.0073582512662496,-0.0380771619824867,-0.002055755595935,2.1362911651204235,0.1153366555853857,0.0823759561476244,65.4889022195561,0.647870425914817,0.053989202159568,0.1079784043191361,0.0634032090217528,0.1362911651204238,-0.0380771619824867,-0.0380771619824867,-0.002055755595935,2.0,0.1095701401077439,-0.0013065676329101
Eredivisie 2025-2026,Feyenoord Rotterdam,aajft01g5yggw0is5fbfh3105,B. Nieuwkoop,Defender,Left Back,17,1664.0,-0.1794662943767586,-0.0097067106333583,-0.0481144933351787,-0.0026023463943305,8.820533705623241,0.4770721355204878,0.469398850111662,31.478365384615383,0.2704326923076923,0.0540865384615384,0.4867788461538461,0.0469821742225107,-0.1794662943767586,-0.0481144933351787,-0.0481144933351787,-0.0026023463943305,9.0,1.279418733217501,0.0014654555184587
Eredivisie 2025-2026,FC Twente,5r47vtvu418kae5j2rpv6w2dw,M. Rots,Defender,Right Back,34,3289.0,-1.1760241244114815,-0.0321806540580825,-0.0959243248615382,-0.002624867509133,15.82397587558852,0.4330063328680349,0.4084720754849855,82.58437214958954,1.0124657950744906,0.1094557616296746,0.4651869869261174,0.0798999750807252,-1.1760241244114815,-0.0959243248615382,-0.0959243248615382,-0.002624867509133,17.0,0.4860331646159385,0.0215948112582181
Eredivisie 2025-2026,SBV Excelsior,6f3c55lmvbkyifp466cepudt6,S. Włodarczyk,Forward,Left Winger,23,2225.0,0.084098054323908,0.0034017190513041,-0.0676318180480391,-0.0027356690446397,3.0840980543239085,0.1247500336580457,0.1527465951987914,19.820224719101123,0.849438202247191,0.1213483146067415,0.1213483146067415,0.1274857027026855,0.084098054323908,-0.0676318180480391,-0.0676318180480391,-0.0027356690446397,3.0,0.3189667053889621,0.0009879976440482
Eredivisie 2025-2026,Fortuna Sittard,8przxwwothu3crflys7ahl4dm,S. Adewoye,Defender,Centre Back,28,2741.0,0.0888987626351384,0.002918967032894,-0.0930118260898175,-0.0030540183685091,-9.911101237364862,-0.325428351464005,-0.327206821155743,54.80116745713243,0.1641736592484494,0.0328347318496898,-0.3283473184968989,0.038807717251093,0.0888987626351384,-0.0930118260898175,-0.0930118260898175,-0.0030540183685091,-10.0,-0.4116449790747136,0.0021208231646111
Eredivisie 2025-2026,FC Twente,athunjrtaem9tn76hf10dw07o,Guilherme Peixoto,Defender,Left Back,1,102.0,-0.0040048826893342,-0.0035337200200007,-0.0040048826893342,-0.0035337200200007,-0.0040048826893342,-0.0035337200200007,-0.0002650127668364,11.470588235294118,0.0,0.0,0.0,0.0,-0.0040048826893342,-0.0040048826893342,-0.0040048826893342,-0.0035337200200007,0.0,0.0,-0.0003317508671006
Eredivisie 2025-2026,PSV Eindhoven,4u12cln8rmtkwlu5q36ypjl2i,N. Schiks,Goalkeeper,Goalkeeper,2,189.0,-0.0079613042786588,-0.0037910972755518,-0.0079613042786588,-0.0037910972755518,-0.0079613042786588,-0.0037910972755518,-0.0004951144322632,57.142857142857146,0.0,0.0,0.0,0.0,-0.0079613042786588,-0.0079613042786588,-0.0079613042786588,-0.0037910972755518,0.0,0.0,-0.0055876881700125
Eredivisie 2025-2026,NAC Breda,7bqajkmno3ox004kdbusxv9ey,R. Paula,Midfielder,Right Midfielder,21,2050.0,-0.3598237748687327,-0.0157971413357004,-0.0873793994695297,-0.0038361687571988,-6.359823774868732,-0.2792117754820419,-0.3152297865707174,26.78048780487805,1.0097560975609756,0.0878048780487804,-0.2634146341463415,0.0758439054702789,-0.3598237748687327,-0.0873793994695297,-0.0873793994695297,-0.0038361687571988,-6.0,-0.6397093666087506,-0.0258022755843746
Eredivisie 2025-2026,FC Twente,3xlkchrk28u0cb620cajre1hw,R. Nijstad,Defender,Right Back,21,2018.0,0.3544637839025647,0.0158085929391629,-0.091375589183792,-0.0040752244928351,7.354463783902565,0.3279988803524434,0.2733743323286131,66.76412289395441,0.4905847373637265,0.0445986124876114,0.3121902874132805,0.0644824299196096,0.3544637839025647,-0.091375589183792,-0.091375589183792,-0.0040752244928351,7.0,0.3564558107955188,0.0063814174586248
Eredivisie 2025-2026,Feyenoord Rotterdam,6hnzgiw8h1itz9l2j3sb6oeeh,J. St. Juste,Defender,Centre Back,6,582.0,-0.0271015007107903,-0.0041909537181634,-0.0271015007107903,-0.0041909537181634,-2.02710150071079,-0.3134693042336273,-0.1262847971176947,23.04123711340206,0.0,0.0,-0.3092783505154639,0.0,-0.0271015007107903,-0.0271015007107903,-0.0271015007107903,-0.0041909537181634,-2.0,-0.972447325769854,-0.0149320605712223
Eredivisie 2025-2026,AFC Ajax,3l7amac6wdv9yztupg7ur3kl,O. Zinchenko,Defender,Right Back,2,190.0,-0.0089702183867209,-0.0042490508147625,-0.0089702183867209,-0.0042490508147625,0.9910297816132791,0.4694351597115533,0.065455427601915,16.105263157894736,0.0,0.0,0.4736842105263157,0.0,-0.0089702183867209,-0.0089702183867209,-0.0089702183867209,-0.0042490508147625,1.0,3.56906807666887,-8.356689295774012e-05
Eredivisie 2025-2026,AFC Ajax,57btqxe5sy3ygzxpp55p4umdx,W. Weghorst,Forward,Centre Forward,29,2848.0,-0.9640295447026416,-0.0304644167918671,-0.1520316852274075,-0.0048043720753043,9.03597045529736,0.2855468191631891,0.3084789257494733,38.14255617977528,1.7696629213483146,0.2844101123595505,0.3160112359550562,0.2587500676429878,-0.9640295447026416,-0.1520316852274075,-0.1520316852274075,-0.0048043720753043,10.0,0.4357544604310742,-0.0007614414497117
Eredivisie 2025-2026,Nijmegen Eendracht Combinatie,2yivr64anye4c0p62m16l78yc,S. Ouaissa,Midfielder,Attacking Midfielder,32,3141.0,0.0076312954047874,0.0002186617594494,-0.1762649671115489,-0.00505057212354,11.007631295404789,0.3154049081777876,0.3079017730325492,60.315186246418335,1.7765042979942691,0.1719197707736389,0.3151862464183381,0.1771890046566286,0.0076312954047874,-0.1762649671115489,-0.1762649671115489,-0.00505057212354,11.0,0.3512174355214455,-0.0077861158565112
Eredivisie 2025-2026,Sparta Rotterdam,ecmzlwu35vg4y64kidte9v0no,M. Kleijn,Defender,Right Back,11,1059.0,0.1061008119956957,0.0090170661752715,-0.0642673174638701,-0.0054618116824818,-2.893899188004304,-0.2459404409068813,-0.1615239256227861,31.86968838526912,0.0849858356940509,0.0,-0.254957507082153,0.0144788778577534,0.1061008119956957,-0.0642673174638701,-0.0642673174638701,-0.0054618116824818,-3.0,-0.5457117833322105,-0.0157593228030994
Eredivisie 2025-2026,NAC Breda,4nkd85hpwiiqtieuslhcrc2ga,C. Staring,Forward,Centre Forward,2,195.0,-0.011854468878887,-0.005471293328717,-0.011854468878887,-0.005471293328717,-1.011854468878887,-0.4670097548671786,-0.0661852742028617,12.0,0.0,0.0,-0.4615384615384615,0.0,-0.011854468878887,-0.011854468878887,-0.011854468878887,-0.005471293328717,-1.0,-1.7458777885548014,0.0045108084915641
Eredivisie 2025-2026,SC Telstar,devvpv4u2vs2cofnwp4678mvp,D. Malone,Defender,Left Back,11,1061.0,-0.0676610251377731,-0.0057393895027328,-0.0676610251377731,-0.0057393895027328,-3.067661025137773,-0.2602162980795472,-0.1852094017779714,12.38454288407163,0.0,0.0,-0.2544769085768143,0.0,-0.0676610251377731,-0.0676610251377731,-0.0676610251377731,-0.0057393895027328,-3.0,-0.9917962532141544,-0.0026370735659826
Eredivisie 2025-2026,FC Utrecht,enimk3ibb10vk3f8vrmmhq7oq,S. El Karouani,Defender,Right Back,34,3329.0,0.359676043703513,0.0097238942425101,-0.2126578102869845,-0.0057492348830966,15.359676043703514,0.4152510795834533,0.3846678200970111,85.62030639831781,1.378792430159207,0.0811054370681886,0.4055271853409432,0.0965785661937954,0.359676043703513,-0.2126578102869845,-0.2126578102869845,-0.0057492348830966,15.0,0.4120480824503126,0.0077226454972354
Eredivisie 2025-2026,Alkmaar Zaanstreek,ck3l6a262hves3v6nywarx9pm,Alexandre Penetra,Defender,Centre Back,33,3178.0,0.5615651433060413,0.015903355222638,-0.2039699067777875,-0.0057763661453747,4.5615651433060425,0.1291821469155266,0.1211757435458478,79.91818753933292,0.4531151667715544,0.0566393958464443,0.1132787916928886,0.0783191172144571,0.5615651433060413,-0.2039699067777875,-0.2039699067777875,-0.0057763661453747,4.0,0.1188707280832095,0.0126230097456509
Eredivisie 2025-2026,FC Volendam,aklhi0hr28nidjlkw1sokp785,A. Meijers,Defender,Right Back,12,1140.0,0.2062090014528064,0.016279658009432,-0.0735386919964886,-0.0058056862102491,-2.793790998547194,-0.2205624472537257,-0.1529509453085505,32.28947368421053,0.2368421052631578,0.0,-0.2368421052631578,0.0220853442196812,0.2062090014528064,-0.0735386919964886,-0.0735386919964886,-0.0058056862102491,-3.0,-0.4904186722368541,-0.008897287004767
Eredivisie 2025-2026,FC Utrecht,2bz8ey1mxuv6uo8duu7if6k4q,N. Ohio,Forward,Centre Forward,2,190.0,-0.0123160528267787,-0.005833919760053,-0.0123160528267787,-0.005833919760053,-1.0123160528267787,-0.4795181302863688,-0.0662540643325633,10.421052631578949,0.0,0.0,-0.4736842105263157,0.0,-0.0123160528267787,-0.0123160528267787,-0.0123160528267787,-0.005833919760053,-1.0,-1.801200800533689,0.0031758678990813
Eredivisie 2025-2026,FC Groningen,5q8rvam8iv65g4wjb8rarw15,B. Willumsson,Forward,Centre Forward,28,2696.0,-0.5820567788751542,-0.0194306788200162,-0.1893785794943137,-0.0063219852205075,1.4179432211248464,0.0473348998149985,0.058858863782037,25.237388724035608,1.435459940652819,0.2002967359050445,0.0667655786350148,0.1871880423055358,-0.5820567788751542,-0.1893785794943137,-0.1893785794943137,-0.0063219852205075,2.0,0.1286709954131172,0.0032369472859891
Eredivisie 2025-2026,AFC Ajax,dafbvyorudvujxw7zswicykmh,O. Wijndal,Defender,Right Back,19,1851.0,-0.235412789231048,-0.0114463268669877,-0.1325911640456244,-0.0064468961448439,10.764587210768951,0.5233997023064321,0.4427774401006625,58.93030794165316,0.4862236628849271,0.0486223662884927,0.5348460291734197,0.043622935566349,-0.235412789231048,-0.1325911640456244,-0.1325911640456244,-0.0064468961448439,11.0,0.6929538030797946,0.0220295911431386
Eredivisie 2025-2026,Fortuna Sittard,2ifp36vdm0d6rb3xc7muuvv11,D. Limnios,Midfielder,Left Midfielder,34,3321.0,0.7030423003995923,0.0190526368671976,-0.2405267344125579,-0.0065183396859771,-5.296957699600409,-0.1435489891490625,-0.1697776387286759,43.06233062330623,0.6775067750677507,0.05420054200542,-0.1626016260162601,0.0797715185585948,0.7030423003995923,-0.2405267344125579,-0.2405267344125579,-0.0065183396859771,-6.0,-0.2352975351856962,-0.0213480753461723
Eredivisie 2025-2026,Go Ahead Eagles,9d4lofwg9ooaoldw2vpt4h36y,E. Linthorst,Midfielder,Central Midfielder,29,2790.0,-0.392593185722967,-0.012664296313644,-0.2030533349780602,-0.0065501075799374,2.607406814277032,0.0841098972347429,0.1021779621376837,38.483870967741936,0.2580645161290322,0.032258064516129,0.0967741935483871,0.0261438757824223,-0.392593185722967,-0.2030533349780602,-0.2030533349780602,-0.0065501075799374,3.0,0.1699538396978598,-0.0060130921766816
Eredivisie 2025-2026,PEC Zwolle,csecbdlw3sxstnebpiw91ezxm,S. Lagsir,Midfielder,Right Midfielder,2,196.0,-0.0145784349651613,-0.0066941793207373,-0.0145784349651613,-0.0066941793207373,-1.0145784349651614,-0.4658778527901251,-0.0665771986870214,12.857142857142858,0.0,0.0,-0.4591836734693877,0.0,-0.0145784349651613,-0.0145784349651613,-0.0145784349651613,-0.0066941793207373,-1.0,-2.101985208252238,-0.0001789026753211
Eredivisie 2025-2026,FC Twente,2hbduprkyabq8g1nhe6b4g3bp,M. Pjaca,Midfielder,Central Midfielder,27,2605.0,1.00154182859394,0.0346022128880823,-0.196498153563958,-0.006788803769964,12.00154182859394,0.4146406006040133,0.5556779007182416,29.3320537428023,0.8637236084452975,0.0690978886756238,0.3800383877159309,0.1104889053336702,1.00154182859394,-0.196498153563958,-0.196498153563958,-0.006788803769964,11.0,0.940796350850518,0.0186824447090549
Eredivisie 2025-2026,AFC Ajax,2922aevmtpw4qvcwohmxmqtbd,T. Tomiyasu,Defender,Right Back,9,903.0,-0.0284077216498249,-0.0028313343837034,-0.0695794300438528,-0.0069348269146697,1.9715922783501747,0.1965042137890539,0.1185063359538588,28.205980066445186,0.0996677740863787,0.0,0.1993355481727574,0.0041034925309662,-0.0284077216498249,-0.0695794300438528,-0.0695794300438528,-0.0069348269146697,2.0,0.6323185011709602,0.0008803623557508
Eredivisie 2025-2026,PSV Eindhoven,cs4aca71qkt1ru20ppmi6djl6,M. Kovář,Goalkeeper,Goalkeeper,31,2984.0,-0.2307936221770178,-0.0069609336447491,-0.2307936221770178,-0.0069609336447491,46.76920637782298,1.4105993880710683,1.2528967155307895,60.5328418230563,0.0,0.0,1.4175603217158177,0.0,-0.2307936221770178,-0.2307936221770178,-0.2307936221770178,-0.0069609336447491,47.0,1.4128885721920372,0.069101205685102
Eredivisie 2025-2026,FC Groningen,8ledzu9tb7knxqbj7izpk6b6c,N. Emeran,Midfielder,Attacking Midfielder,4,388.0,0.0380683787368887,0.0088302940369071,-0.0303583676090604,-0.0070418893938542,-1.9619316212631113,-0.4550872317362887,-0.1277396113332307,14.845360824742269,0.2319587628865979,0.0,-0.4639175257731959,0.0158721834307614,0.0380683787368887,-0.0303583676090604,-0.0303583676090604,-0.0070418893938542,-2.0,-2.8088426527958386,0.0042344094669417
Eredivisie 2025-2026,Feyenoord Rotterdam,8f3bhiy6r5eei1n25exhbwr8p,J. Lotomba,Defender,Left Back,20,1933.0,0.3055754344227687,0.0142275163466369,-0.1535112890350128,-0.0071474474977502,2.305575434422768,0.1073470197092856,0.107704003814615,36.64252457320227,0.1862390067252974,0.0,0.0931195033626487,0.0213749638443871,0.3055754344227687,-0.1535112890350128,-0.1535112890350128,-0.0071474474977502,2.0,0.1756497414045473,0.0051879324622056
Eredivisie 2025-2026,SC Telstar,1zybkcmp40td92a6yg8sw9uga,T. Owusu,Midfielder,Central Midfielder,22,2135.0,-0.419680462233033,-0.0176914480566618,-0.173899378461561,-0.007330652956225,-2.419680462233033,-0.1020005815461231,-0.092857964894473,51.89227166276346,1.0117096018735363,0.0843091334894613,-0.0843091334894613,0.0739483383890246,-0.419680462233033,-0.173899378461561,-0.173899378461561,-0.007330652956225,-2.0,-0.1085045461395489,0.004374830658761
Eredivisie 2025-2026,PSV Eindhoven,4fweqnbfhqxtxzx9culxr9lw4,J. Koller,Midfielder,Defensive Midfielder,2,185.0,-0.015113290670059,-0.007352411677326,-0.015113290670059,-0.007352411677326,0.9848867093299408,0.4791340748091604,0.0651687223405569,5.837837837837838,0.0,0.0,0.4864864864864865,0.0,-0.015113290670059,-0.015113290670059,-0.015113290670059,-0.007352411677326,1.0,4.440789473684211,-0.0002967184973602
Eredivisie 2025-2026,Heracles Almelo,bzsoq42nf6sgdh9oe64n7rnfu,B. Limbombe,Midfielder,Left Midfielder,22,2125.0,0.198131247979689,0.0083914410909044,-0.1736589048987893,-0.0073549653839487,-13.801868752020312,-0.5845497353796837,-0.5764614343485912,33.84,0.8047058823529412,0.0423529411764705,-0.5929411764705882,0.0580993476513238,0.198131247979689,-0.1736589048987893,-0.1736589048987893,-0.0073549653839487,-14.0,-0.913782891953634,-0.0034407420742674
Eredivisie 2025-2026,FC Groningen,2t8l6omztxur8rgk1kzkl7thw,M. Hoekstra,Midfielder,Defensive Midfielder,4,397.0,-0.032512353640126,-0.0073705587597262,-0.032512353640126,-0.0073705587597262,-0.0325123536401259,-0.0073705587597262,-0.0021098266427788,12.241813602015114,0.0,0.0,0.0,0.0,-0.032512353640126,-0.032512353640126,-0.032512353640126,-0.0073705587597262,0.0,0.0,-0.0083216596139582
Eredivisie 2025-2026,PEC Zwolle,10k3fz1ibikbugv4c45ewy87o,J. Pereira da Gama,Midfielder,Defensive Midfielder,10,969.0,-0.0488128398227287,-0.0045337002931326,-0.0797709686851426,-0.0074090682989296,-1.0488128398227283,-0.0974129572590769,-0.063573738191816,16.25386996904025,0.0928792569659442,0.0,-0.0928792569659442,0.0028753680057969,-0.0488128398227287,-0.0797709686851426,-0.0797709686851426,-0.0074090682989296,-1.0,-0.3446295232624928,-0.0034145739159572
Eredivisie 2025-2026,NAC Breda,ajs5py826pvol60tokraxrpey,D. Bielica,Goalkeeper,Goalkeeper,33,3215.0,-0.2706267015765141,-0.0075758641187826,-0.2706267015765141,-0.0075758641187826,-25.27062670157651,-0.7074203431234484,-0.6402264392311265,51.45256609642302,0.0,0.0,-0.6998444790046656,0.0,-0.2706267015765141,-0.2706267015765141,-0.2706267015765141,-0.0075758641187826,-25.0,-0.6972312173657055,-0.0424133748670092
Eredivisie 2025-2026,Alkmaar Zaanstreek,b94d67jluhh4076wp2se5fqsq,D. Kasius,Defender,Left Back,17,1634.0,-0.2153065530610329,-0.0118589900706811,-0.1393346492891898,-0.0076744910869198,6.7846934469389675,0.3736979254739945,0.2906181963355096,63.06609547123623,1.3769889840881273,0.1101591187270501,0.3855569155446756,0.1059746197432889,-0.2153065530610329,-0.1393346492891898,-0.1393346492891898,-0.0076744910869198,7.0,0.485542896045009,0.018313469641051
Eredivisie 2025-2026,Sparta Rotterdam,6q77vt9bp8dsq48pa97mfzsa1,T. Lauritsen,Forward,Centre Forward,34,3293.0,-0.6501943544200656,-0.0177702678098408,-0.3005064724737964,-0.0082130526943946,-16.650194354420066,-0.4550614916179186,-0.4178294480270836,50.0425144245369,1.9951412086243547,0.3279684178560583,-0.4372912238080777,0.3184112027406122,-0.6501943544200656,-0.3005064724737964,-0.3005064724737964,-0.0082130526943946,-16.0,-0.44067917637878,0.00165122905236
Eredivisie 2025-2026,NAC Breda,4lsj3yc6adimhltkab6tzfj84,D. Versluis,Midfielder,Left Midfielder,6,589.0,0.0198153276879402,0.0030278089845749,-0.0548851065688116,-0.0083865188305484,1.0198153276879405,0.1558291672188703,0.0662539029932137,6.417657045840407,0.1528013582342954,0.0,0.1528013582342954,0.0114143278151233,0.0198153276879402,-0.0548851065688116,-0.0548851065688116,-0.0083865188305484,1.0,1.2847965738758031,-0.006291961021487
Eredivisie 2025-2026,SC Heerenveen,e5hzt8nmhu2ktn69dsv67ga38,M. Linday,Midfielder,Central Midfielder,33,3208.0,0.2658935582318957,0.0074596073070045,-0.2990514017096625,-0.0083898460579394,-4.734106441768104,-0.1328147069074592,-0.141681478134949,59.7288029925187,0.5049875311720698,0.0280548628428927,-0.1402743142144638,0.0439043162078367,0.2658935582318957,-0.2990514017096625,-0.2990514017096625,-0.0083898460579394,-5.0,-0.1762183541205725,-0.0039030127045382
Eredivisie 2025-2026,Feyenoord Rotterdam,11ceernyer8po8soj8dmygatx,T. Wellenreuther,Goalkeeper,Goalkeeper,33,3210.0,-0.305174427086748,-0.0085562923482265,-0.305174427086748,-0.0085562923482265,24.694825572913253,0.6923782870910258,0.626313643839535,58.54205607476636,0.0,0.0,0.7009345794392523,0.0,-0.305174427086748,-0.305174427086748,-0.305174427086748,-0.0085562923482265,25.0,0.6982228934356703,0.0279505348181734
Eredivisie 2025-2026,Go Ahead Eagles,1m0qpbce7dob7mdbo7titbqp5,V. Edvardsen,Forward,Centre Forward,26,2494.0,-1.0087536634046887,-0.0364024978774747,-0.2374322473278036,-0.0085681244023666,10.99124633659531,0.3966367964288604,0.370383689065525,38.576583801122695,1.1547714514835603,0.144346431435445,0.4330392943063352,0.116512057960337,-1.0087536634046887,-0.2374322473278036,-0.2374322473278036,-0.0085681244023666,12.0,0.5113474953442126,-0.0022055884149314
Eredivisie 2025-2026,AFC Ajax,dunp2ilud32z4lf3f8vvwjca1,M. Paes,Goalkeeper,Goalkeeper,13,1289.0,-0.1270468758463625,-0.0088706119675505,-0.1270468758463625,-0.0088706119675505,5.8729531241536375,0.4100587906701531,0.251887700223617,62.21101629169899,0.0,0.0,0.4189294026377037,0.0,-0.1270468758463625,-0.1270468758463625,-0.1270468758463625,-0.0088706119675505,6.0,0.4175042523581258,0.0159069280360689
Eredivisie 2025-2026,PSV Eindhoven,eamuyjut271ytghb2q4ljqbpx,N. Olij,Goalkeeper,Goalkeeper,1,91.0,-0.009221357370269,-0.0091200237727935,-0.009221357370269,-0.0091200237727935,2.990778642629731,2.9579129432601734,0.1928042897788662,62.30769230769231,0.0,0.0,2.967032967032967,0.0,-0.009221357370269,-0.009221357370269,-0.009221357370269,-0.0091200237727935,3.0,2.96269202633504,0.0007952963029166
Eredivisie 2025-2026,PSV Eindhoven,11uis2qhphq8uucd4vixva784,N. Verkooijen,Forward,Left Winger,3,285.0,-0.0292385017536664,-0.0092332110801051,-0.0292385017536664,-0.0092332110801051,-0.0292385017536664,-0.0092332110801051,-0.0019300603991141,5.368421052631579,0.0,0.0,0.0,0.0,-0.0292385017536664,-0.0292385017536664,-0.0292385017536664,-0.0092332110801051,0.0,0.0,-0.0006660645369183
Eredivisie 2025-2026,FC Twente,c7n2b2gq381k0o0jizqueii5m,M. Kjølø,Midfielder,Central Midfielder,19,1833.0,0.209945929801802,0.0103083107922325,-0.1898154046277968,-0.0093199053008738,-4.790054070198198,-0.2351908708771619,-0.2532622754507014,23.076923076923077,0.2454991816693944,0.0,-0.2454991816693944,0.0196282160931063,0.209945929801802,-0.1898154046277968,-0.1898154046277968,-0.0093199053008738,-5.0,-0.6900605719835408,0.0213049985857553
Eredivisie 2025-2026,Go Ahead Eagles,2teefpvijsbzag4yi7fm1pyol,A. Sampsted,Defender,Left Back,12,1148.0,0.0291187466082875,0.0022828285668518,-0.1300135244471433,-0.0101926979096192,7.029118746608287,0.5510633163717298,0.3424347224010373,59.11149825783972,0.156794425087108,0.0,0.5487804878048781,0.012475526476471,0.0291187466082875,-0.1300135244471433,-0.1300135244471433,-0.0101926979096192,7.0,0.7028373805362389,0.0088623348573312
Eredivisie 2025-2026,Go Ahead Eagles,1rmox6tf7r283dca2vi844kr8,A. Adelgaard,Defender,Right Back,27,2589.0,-0.8253474931436953,-0.0286911063665247,-0.3054321191301948,-0.0106175707692999,4.1746525068563045,0.1451211763681218,0.1588685346335339,51.30938586326767,0.3476245654692931,0.0347624565469293,0.1738122827346465,0.0166889209497044,-0.8253474931436953,-0.3054321191301948,-0.3054321191301948,-0.0106175707692999,5.0,0.2667009097464365,-0.0169340795249291
Eredivisie 2025-2026,Feyenoord Rotterdam,2tox45zgi16bvmn2xzdlvblsk,J. Plug,Defender,Right Back,5,478.0,-0.0578722325681821,-0.0108964454626284,-0.0578722325681821,-0.0108964454626284,-0.0578722325681821,-0.0108964454626284,-0.0036645918911452,23.91213389121339,0.0,0.0,0.0,0.0,-0.0578722325681821,-0.0578722325681821,-0.0578722325681821,-0.0108964454626284,0.0,0.0,-0.0097315414042586
Eredivisie 2025-2026,AFC Ajax,4fu2agdclsyxx1boxxibauzo4,G. Alders,Defender,Right Back,3,288.0,0.026383264851491,0.0082447702660909,-0.0354705290463527,-0.0110845403269852,-1.9736167351485088,-0.6167552297339091,-0.1227512916988314,62.5,0.3125,0.0,-0.625,0.0193293105930761,0.026383264851491,-0.0354705290463527,-0.0354705290463527,-0.0110845403269852,-2.0,-0.9492002109333804,-0.0067772955869566
Eredivisie 2025-2026,AFC Ajax,7wz2sc3d07aaduyhmihffa2hg,J. McConnell,Midfielder,Defensive Midfielder,4,390.0,-0.0481932999276185,-0.0111215307525273,-0.0481932999276185,-0.0111215307525273,-0.0481932999276186,-0.0111215307525273,-0.0030643057886444,24.923076923076923,0.0,0.0,0.0,0.0,-0.0481932999276185,-0.0481932999276185,-0.0481932999276185,-0.0111215307525273,0.0,0.0,-0.012196544664439
Eredivisie 2025-2026,Alkmaar Zaanstreek,4fsu74aeogf53l2g1tx89vuok,M. Šín,Midfielder,Left Midfielder,18,1739.0,-0.4410395502406167,-0.0228255086380997,-0.2321139450956252,-0.0120127976185199,-0.4410395502406163,-0.0228255086380997,-0.0235013825569774,21.736630247268547,0.4657849338700403,0.0517538815411155,0.0,0.0409411705215358,-0.4410395502406167,-0.2321139450956252,-0.2321139450956252,-0.0120127976185199,0.0,0.0,0.005813540946906
Eredivisie 2025-2026,FC Groningen,cf70r39m2wgbijtw0co5t6yfp,H. Jurjus,Goalkeeper,Goalkeeper,8,768.0,-0.1031949927496631,-0.0120931632128511,-0.1031949927496631,-0.0120931632128511,2.8968050072503373,0.3394693367871489,0.1562162563013009,49.6875,0.0,0.0,0.3515625,0.0,-0.1031949927496631,-0.1031949927496631,-0.1031949927496631,-0.0120931632128511,3.0,0.4542650440244518,-0.0005001168285336
Eredivisie 2025-2026,Heracles Almelo,d5wx8rvjfaw1arn69fdd64d90,R. Bozinovski,Midfielder,Central Midfielder,8,771.0,0.0329058072521136,0.0038411448154218,-0.1039476854397849,-0.0121339710630099,-5.967094192747886,-0.696547960242944,-0.3409761116178707,30.700389105058367,0.2334630350194552,0.0,-0.7003891050583657,0.0159751158784317,0.0329058072521136,-0.1039476854397849,-0.1039476854397849,-0.0121339710630099,-6.0,-1.263207142578658,-0.0106703623387512
Eredivisie 2025-2026,PEC Zwolle,4mhahoh3a6rir882ug9hdb5nu,T. Velthuis,Defender,Centre Back,11,1040.0,-0.1415505144758991,-0.012249563752722,-0.1415505144758991,-0.012249563752722,-8.141550514475899,-0.7045572560604144,-0.4351952488775312,40.24038461538461,0.0,0.0,-0.6923076923076923,0.0,-0.1415505144758991,-0.1415505144758991,-0.1415505144758991,-0.012249563752722,-8.0,-1.161103047895501,-0.0096564690047309
Eredivisie 2025-2026,FC Groningen,bjr31p4bny8vtlm8dc237boyc,R. Metu,Midfielder,Right Midfielder,8,778.0,0.0653675985282798,0.0075618044569989,-0.1093392979367128,-0.0126485049027045,-1.93463240147172,-0.2238006634093249,-0.1207527013044659,12.49357326478149,0.2313624678663239,0.0,-0.2313624678663239,0.0202103093597035,0.0653675985282798,-0.1093392979367128,-0.1093392979367128,-0.0126485049027045,-2.0,-1.0007412898443293,0.0004403438676957
Eredivisie 2025-2026,Fortuna Sittard,66kplyn4wfzukepup1ws0f1ed,A. Halilović,Midfielder,Left Midfielder,5,477.0,0.100531772283436,0.018968258921403,-0.0698363571761297,-0.0131766711653075,0.1005317722834359,0.018968258921403,0.0065522324462913,8.867924528301886,0.1886792452830188,0.0,0.0,0.0321449300867105,0.100531772283436,-0.0698363571761297,-0.0698363571761297,-0.0131766711653075,0.0,0.0,0.0040782244391327
Eredivisie 2025-2026,Heracles Almelo,c1krps0yssh477m8umrruiqjt,F. de Keijzer,Goalkeeper,Goalkeeper,8,772.0,-0.1162125939704045,-0.0135481003333373,-0.1162125939704045,-0.0135481003333373,-13.116212593970404,-1.5290921417841143,-0.665423419211284,60.97150259067357,0.0,0.0,-1.5155440414507773,0.0,-0.1162125939704045,-0.1162125939704045,-0.1162125939704045,-0.0135481003333373,-13.0,-1.510912143256855,-0.0002403255213395
Eredivisie 2025-2026,Nijmegen Eendracht Combinatie,4kns22wbu3emy5oxbpr52rdud,E. Dasa,Defender,Left Back,22,2154.0,-0.1472933366758012,-0.0061543176884039,-0.32517597595806,-0.0135867399425373,3.852706663324198,0.1609766015316517,0.13559986460106,67.8133704735376,0.8774373259052924,0.0417827298050139,0.1671309192200557,0.0492151520591473,-0.1472933366758012,-0.32517597595806,-0.32517597595806,-0.0135867399425373,4.0,0.1839440673780306,-0.0064401354888544
Eredivisie 2025-2026,Sparta Rotterdam,byirjks50zw1eefkcy8p4hd5h,B. Martins Indi,Defender,Right Back,27,2617.0,0.0079995895085145,0.0002751100709844,-0.4217584658056127,-0.0145044944296924,-9.992000410491483,-0.3436301249309261,-0.3147787955846614,70.74130683989301,0.3095147115017195,0.034390523500191,-0.3439052350019105,0.0491701280008679,0.0079995895085145,-0.4217584658056127,-0.4217584658056127,-0.0145044944296924,-10.0,-0.3814852492370295,0.0194922088569085
Eredivisie 2025-2026,SC Heerenveen,6q72mpmc478hlf4f7ths9ez56,N. Bakker,Goalkeeper,Goalkeeper,1,94.0,-0.0152782372787292,-0.0146280995221875,-0.0152782372787292,-0.0146280995221875,-0.0152782372787292,-0.0146280995221875,-0.0009836693810538,45.0,0.0,0.0,0.0,0.0,-0.0152782372787292,-0.0152782372787292,-0.0152782372787292,-0.0146280995221875,0.0,0.0,-0.0043515470448229
Eredivisie 2025-2026,Alkmaar Zaanstreek,bmqg7owjivu1f3grdigkid0b9,J. Zoet,Goalkeeper,Goalkeeper,11,1050.0,-0.1728236205621074,-0.0148134531910377,-0.1728236205621074,-0.0148134531910377,-1.172823620562108,-0.1005277389053235,-0.055562421695084,42.94285714285714,0.0,0.0,-0.0857142857142857,0.0,-0.1728236205621074,-0.1728236205621074,-0.1728236205621074,-0.0148134531910377,-1.0,-0.0916901551940775,-0.017366288729806
Eredivisie 2025-2026,Heracles Almelo,7d8qc47gy4mb9mo67e1ic448a,M. Benita,Defender,Left Back,25,2420.0,0.4480754013872892,0.0166639612086181,-0.3984021667923821,-0.0148166095088076,-24.55192459861271,-0.9130881049070844,-0.9706048454607088,50.05785123966942,0.2231404958677686,0.0,-0.9297520661157024,0.0314805707174258,0.4480754013872892,-0.3984021667923821,-0.3984021667923821,-0.0148166095088076,-25.0,-1.4428317978752965,-0.0057905990888499
Eredivisie 2025-2026,Fortuna Sittard,dp0q4f4gbj2buhcu1lb5dzxed,Ivo Pinto,Defender,Left Back,28,2740.0,-0.3177253071248606,-0.01043623271578,-0.4540970703903793,-0.0149155972026037,-5.317725307124861,-0.1746698093581158,-0.1773713346744266,56.98905109489051,0.1313868613138686,0.0,-0.1642335766423357,0.0044793644868236,-0.3177253071248606,-0.4540970703903793,-0.4540970703903793,-0.0149155972026037,-5.0,-0.2093932249658766,0.0009800442629642
Eredivisie 2025-2026,FC Groningen,7wo4627xo1mx5k0vpwhe8hqll,E. Vaessen,Goalkeeper,Goalkeeper,30,2908.0,-0.4819797617346484,-0.0149168426946761,-0.4819797617346484,-0.0149168426946761,-1.4819797617346495,-0.0458659486093942,-0.0416194189260873,64.74552957359009,0.0,0.0,-0.030949105914718,0.0,-0.4819797617346484,-0.4819797617346484,-0.4819797617346484,-0.0149168426946761,-1.0,-0.0321107463964606,-1.569655060851251e-05
Eredivisie 2025-2026,Alkmaar Zaanstreek,9lixevzo8exxiia17altfw8ic,W. Goes,Goalkeeper,Goalkeeper,33,3181.0,-0.4603539043965876,-0.0130247882413369,-0.5348565972761091,-0.0151326921580791,8.539646095603413,0.2416121183917972,0.2330583098183981,78.0603583778686,0.1697579377554228,0.0282929896259038,0.2546369066331342,0.030400893542646,-0.4603539043965876,-0.5348565972761091,-0.5348565972761091,-0.0151326921580791,9.0,0.277587388622344,0.0252583025840323
Eredivisie 2025-2026,FC Utrecht,9q90ls3k1i2739wd6a20fku6t,V. Barkas,Goalkeeper,Goalkeeper,35,3422.0,-0.5774149203429952,-0.0151862486355551,-0.5774149203429952,-0.0151862486355551,14.422585079657004,0.3793198881265722,0.352500881612506,54.75745178258328,0.0,0.0,0.3945061367621274,0.0,-0.5774149203429952,-0.5774149203429952,-0.5774149203429952,-0.0151862486355551,15.0,0.3992252073753161,0.0170855388667023
Eredivisie 2025-2026,Feyenoord Rotterdam,ccwgq414zav0ago263wp64jkk,I. Grootfaam,Midfielder,Defensive Midfielder,1,94.0,-0.0164628487599809,-0.015762302004237,-0.0164628487599809,-0.015762302004237,-1.016462848759981,-0.9732091105148754,-0.0674805419410754,7.659574468085107,0.0,0.0,-0.9574468085106383,0.0,-0.0164628487599809,-0.0164628487599809,-0.0164628487599809,-0.015762302004237,-1.0,-7.941176470588235,-0.0001851626551077
Eredivisie 2025-2026,FC Volendam,ealh7n21gctxxw5ol3l3yxzze,Y. Leliendal,Defender,Right Back,32,3089.0,-0.0141413008908465,-0.0004120158886941,-0.5433895660623812,-0.0158320041908754,-18.01414130089085,-0.5248535827388074,-0.4885077030110341,79.7733894464228,0.7283910650696018,0.029135642602784,-0.5244415668501133,0.0445556309049654,-0.0141413008908465,-0.5433895660623812,-0.5433895660623812,-0.0158320041908754,-18.0,-0.5502873156509186,-0.0346507689796762
Eredivisie 2025-2026,FC Twente,dc119ejc7lls2rd3ywigl2smi,R. Zerrouki,Midfielder,Central Midfielder,32,3098.0,-1.6225475419805726,-0.0471366296895582,-0.5488052174883326,-0.01594334072755,19.377452458019427,0.5629343838675753,0.5435382149474121,80.47127178825049,0.9586830213040672,0.0871530019367333,0.6100710135571337,0.0559597129747251,-1.6225475419805726,-0.5488052174883326,-0.5488052174883326,-0.01594334072755,21.0,0.6731768127986703,0.0116275564749335
Eredivisie 2025-2026,Go Ahead Eagles,badyafxn00m21tzbdff95o4k4,Y. Salah Rahmouni,Midfielder,Central Midfielder,20,1937.0,-0.2074444482001521,-0.0096386165916436,-0.3520587465543211,-0.0163579180123329,-5.207444448200152,-0.2419566341445605,-0.2542152424327911,28.575116159008775,0.1393908105317501,0.0,-0.2323180175529169,0.0067193014206893,-0.2074444482001521,-0.3520587465543211,-0.3520587465543211,-0.0163579180123329,-5.0,-0.5055706394532347,-0.0005733939927822
Eredivisie 2025-2026,FC Utrecht,dmsmbn9a1qucwf100o3v77nbp,M. Brouwer,Goalkeeper,Goalkeeper,2,198.0,-0.0360096272621375,-0.0163680123918807,-0.0360096272621375,-0.0163680123918807,-2.0360096272621377,-0.92545892148279,-0.1282899385393291,43.18181818181818,0.0,0.0,-0.9090909090909092,0.0,-0.0360096272621375,-0.0360096272621375,-0.0360096272621375,-0.0163680123918807,-2.0,-1.170731707317073,-0.0038322548990751
Eredivisie 2025-2026,FC Utrecht,ubuh5wgnl0o5bn3wirdmectm,M. Eerdhuijzen,Defender,Right Back,11,1113.0,0.0196625939270737,0.0015899671639143,-0.2041834580163943,-0.0165107917533472,-1.9803374060729264,-0.1601351002215304,-0.1100273254660408,36.1455525606469,0.1617250673854447,0.0,-0.1617250673854447,0.0181007589172615,0.0196625939270737,-0.2041834580163943,-0.2041834580163943,-0.0165107917533472,-2.0,-0.3543539602336111,-0.0119576971541305
Eredivisie 2025-2026,FC Volendam,2yveo95okwv1aicn7pxtnww7o,J. Tielemans,Midfielder,Attacking Midfielder,1,96.0,0.0506675668313796,0.0475008439044183,-0.0177591795145696,-0.0166492307949089,0.0506675668313796,0.0475008439044183,0.0033608183522644,4.6875,0.9375,0.0,0.0,0.0641500746993275,0.0506675668313796,-0.0177591795145696,-0.0177591795145696,-0.0166492307949089,0.0,0.0,0.0003902205794381
Eredivisie 2025-2026,Sparta Rotterdam,f57vs3qmmob743hdk2dxf56cq,S. Sambo,Defender,Left Back,25,2420.0,-0.0728925533748727,-0.0027108800841894,-0.447880341189227,-0.0166567069037315,-14.072892553374873,-0.5233720371089828,-0.5282364510480907,55.78512396694215,0.2231404958677686,0.0,-0.5206611570247934,0.0139458268195421,-0.0728925533748727,-0.447880341189227,-0.447880341189227,-0.0166567069037315,-14.0,-0.7266296303415928,-0.0133896725651741
Eredivisie 2025-2026,FC Volendam,6ta1z3xjdmq81gwglcm9ghno4,M. de Haan,Midfielder,Left Midfielder,2,194.0,-0.0359487882369795,-0.0166772728934441,-0.0359487882369795,-0.0166772728934441,-0.0359487882369795,-0.0166772728934441,-0.0023589214518308,11.597938144329897,0.0,0.0,0.0,0.0,-0.0359487882369795,-0.0359487882369795,-0.0359487882369795,-0.0166772728934441,0.0,0.0,0.0006710449225885
Eredivisie 2025-2026,SC Heerenveen,idvh0ac1f8wv39640pyl4esp,S. Kersten,Defender,Left Back,32,3110.0,-0.6153216376482089,-0.0178067354946427,-0.5797414828300844,-0.0167770847121246,-0.6153216376482096,-0.0178067354946427,-0.0180639361318573,64.47588424437299,0.2893890675241157,0.0289389067524115,0.0,0.0279092559698935,-0.6153216376482089,-0.5797414828300844,-0.5797414828300844,-0.0167770847121246,0.0,0.0,-0.0123483432977016
Eredivisie 2025-2026,SC Heerenveen,awih1xkabe5o6afn6d85ilxw5,A. Noppert,Goalkeeper,Goalkeeper,4,391.0,-0.0733160840419734,-0.0168758249712982,-0.0733160840419734,-0.0168758249712982,-2.073316084041973,-0.4772338812372828,-0.1199104445718132,59.38618925831202,0.0,0.0,-0.4603580562659846,0.0,-0.0733160840419734,-0.0733160840419734,-0.0733160840419734,-0.0168758249712982,-2.0,-0.4577434941086716,0.000803910443914
Eredivisie 2025-2026,SC Heerenveen,8y6kxc66t4hurxuz4m4cm388a,L. Oyen,Midfielder,Attacking Midfielder,15,1443.0,0.8430125752979626,0.0525787469000808,-0.272148157682741,-0.0169738975685701,-1.156987424702037,-0.0721613778400439,-0.0623990306941042,26.75675675675676,1.1226611226611227,0.0623700623700623,-0.1247401247401247,0.1319227068387134,0.8430125752979626,-0.272148157682741,-0.272148157682741,-0.0169738975685701,-2.0,-0.3029877963248702,-0.0013809065266684
Eredivisie 2025-2026,SC Telstar,1vn6w1mjdztfks75bxn0hk7x0,S. Hetli,Forward,Centre Forward,31,3015.0,1.538991046422454,0.0459400312364911,-0.5719653563580797,-0.0170735927271068,-6.4610089535775455,-0.1928659389127625,-0.2439398571038429,32.92537313432836,1.582089552238806,0.0895522388059701,-0.2388059701492537,0.1525658627695683,1.538991046422454,-0.5719653563580797,-0.5719653563580797,-0.0170735927271068,-8.0,-0.4200373366521469,-0.008504314681287
Eredivisie 2025-2026,Heracles Almelo,f2snk84xy67ergwrwoblgt2ad,T. Bruns,Midfielder,Central Midfielder,28,2694.0,-0.0979064305049846,-0.0032708161638636,-0.5125992907550991,-0.0171246979094131,-23.097906430504985,-0.771644980974554,-1.0027907329338115,31.570155902004455,0.5679287305122495,0.0334075723830735,-0.7683741648106904,0.047261454128623,-0.0979064305049846,-0.5125992907550991,-0.5125992907550991,-0.0171246979094131,-23.0,-1.6500597847748106,-0.0186350942623142
Eredivisie 2025-2026,FC Utrecht,8lt54ei6pcu25u8uerigmx5yi,A. Engwanda,Midfielder,Defensive Midfielder,35,3391.0,-0.0942614054163419,-0.0025017772006696,-0.6480934156862228,-0.0172009458601474,9.905738594583658,0.2629066568895692,0.2549559866382198,59.13299911530522,0.238867590681215,0.0,0.2654084340902388,0.0146991686594778,-0.0942614054163419,-0.6480934156862228,-0.6480934156862228,-0.0172009458601474,10.0,0.2847905998006466,0.005123939688529
Eredivisie 2025-2026,Fortuna Sittard,60jptu288hf6gcljkbzcdie39,K. Peterson,Midfielder,Attacking Midfielder,34,3321.0,0.8273285231742898,0.0224208271862951,-0.6453127345340114,-0.0174881499873715,-6.17267147682571,-0.167281069832675,-0.2258106199948499,35.28455284552845,1.3279132791327912,0.08130081300813,-0.1897018970189702,0.1212097901817968,0.8273285231742898,-0.6453127345340114,-0.6453127345340114,-0.0174881499873715,-7.0,-0.3457074656350317,0.0148997344583087
Eredivisie 2025-2026,FC Groningen,ekjy3o3ymld0zkjdaynb4itat,O. Zawada,Forward,Centre Forward,16,1540.0,0.0662849418202692,0.0038737953011845,-0.3053294844943948,-0.01784393091201,4.066284941820269,0.2376400290674183,0.2341576013421032,14.61038961038961,1.1688311688311688,0.1753246753246753,0.2337662337662337,0.19704240153787,0.0662849418202692,-0.3053294844943948,-0.3053294844943948,-0.01784393091201,4.0,0.8877198750616472,-0.0213056897097103
Eredivisie 2025-2026,PEC Zwolle,68hoounwudpjrr2wmovkyvswk,T. de Graaff,Goalkeeper,Goalkeeper,31,2977.0,-0.5927936973904366,-0.0179212068408261,-0.5927936973904366,-0.0179212068408261,-23.592793697390437,-0.7132520768441851,-0.6331867717488271,55.11252939200538,0.0,0.0,-0.6953308700033591,0.0,-0.5927936973904366,-0.5927936973904366,-0.5927936973904366,-0.0179212068408261,-23.0,-0.6931577184953678,-0.0126552917743049
Eredivisie 2025-2026,SBV Excelsior,cla6c6izphee9prb80c15baei,M. Tielemans,Midfielder,Central Midfielder,2,196.0,-0.0083419835202051,-0.0038305026368289,-0.0393001123826191,-0.0180459699716108,-3.0083419835202054,-1.3813815230449924,-0.1910375518852393,51.88775510204081,0.4591836734693877,0.0,-1.3775510204081634,0.0142154673347819,-0.0083419835202051,-0.0393001123826191,-0.0393001123826191,-0.0180459699716108,-3.0,-2.039788466381264,-0.0021769279880676
Eredivisie 2025-2026,SBV Excelsior,am19rcub89k9bleldiqps7845,S. van Gassel,Goalkeeper,Goalkeeper,32,3095.0,-0.6214573210827046,-0.0180714568327765,-0.6214573210827046,-0.0180714568327765,-9.621457321082708,-0.2797838962511934,-0.2547945736513156,68.07431340872375,0.0,0.0,-0.2617124394184168,0.0,-0.6214573210827046,-0.6214573210827046,-0.6214573210827046,-0.0180714568327765,-9.0,-0.2663276377944126,-0.0030105170888671
Eredivisie 2025-2026,FC Groningen,bm3k1knugkwa8z319dscr2yhg,T. Hernes,Midfielder,Central Midfielder,11,1056.0,0.3458167931933616,0.0294730221471615,-0.2122561261006089,-0.0180900107472109,-1.6541832068066382,-0.1409815233073839,-0.0958217367589261,20.369318181818183,0.5113636363636364,0.0,-0.1704545454545454,0.0475630328943725,0.3458167931933616,-0.2122561261006089,-0.2122561261006089,-0.0180900107472109,-2.0,-0.4630423598010633,-0.0025136127333756
Eredivisie 2025-2026,Nijmegen Eendracht Combinatie,2k8bmlxzt0qi7divtxye0a5ii,I. Hansen-Aarøen,Forward,Centre Forward,3,289.0,-0.058423271510953,-0.0181940983944144,-0.058423271510953,-0.0181940983944144,0.9415767284890468,0.2932245867266928,0.0619684880747008,10.899653979238757,0.0,0.0,0.3114186851211072,0.0,-0.058423271510953,-0.058423271510953,-0.058423271510953,-0.0181940983944144,1.0,2.582496413199426,0.0033855632246269
Eredivisie 2025-2026,Nijmegen Eendracht Combinatie,alkcbccyfsjddm897cgz7wel1,J. Cillessen,Goalkeeper,Goalkeeper,3,294.0,-0.0601475751717354,-0.0184125230117557,-0.0601475751717354,-0.0184125230117557,3.939852424828264,1.2060772729066116,0.2439110781180542,44.38775510204081,0.0,0.0,1.2244897959183674,0.0,-0.0601475751717354,-0.0601475751717354,-0.0601475751717354,-0.0184125230117557,4.0,1.778216843665103,0.012662537435571
Eredivisie 2025-2026,PEC Zwolle,cetavjue5femoxid9fmcd0zjd,J. Schendelaar,Goalkeeper,Goalkeeper,2,194.0,-0.0399174248630257,-0.0185183929776923,-0.0399174248630257,-0.0185183929776923,-0.0399174248630257,-0.0185183929776923,-0.0024775822906285,50.103092783505154,0.0,0.0,0.0,0.0,-0.0399174248630257,-0.0399174248630257,-0.0399174248630257,-0.0185183929776923,0.0,0.0,-0.0038345719513981
Eredivisie 2025-2026,Alkmaar Zaanstreek,7am931rjcv69rqmdcgxvp2zo4,W. Bouziane,Forward,Right Winger,4,388.0,-0.0095854038418177,-0.0022234184169164,-0.0808711918274372,-0.018758781609457,-2.009585403841818,-0.4661409441901124,-0.1290929211567815,20.18041237113402,0.2319587628865979,0.0,-0.4639175257731959,0.0165353631925406,-0.0095854038418177,-0.0808711918274372,-0.0808711918274372,-0.018758781609457,-2.0,-1.7857142857142858,0.0010478663231605
Eredivisie 2025-2026,PEC Zwolle,6eg8vaxpqsd6cyh736h7bq4x6,D. Mbayo,Forward,Left Winger,14,1356.0,-0.1333874379742049,-0.0088531485381109,-0.2834042399500489,-0.0188100159258882,-1.133387437974205,-0.0752248299540401,-0.061478059689594,20.9070796460177,0.1327433628318584,0.0,-0.0663716814159292,0.0099568673877772,-0.1333874379742049,-0.2834042399500489,-0.2834042399500489,-0.0188100159258882,-1.0,-0.1558756458736252,0.0049374523024646
Eredivisie 2025-2026,SC Telstar,crpn5oc0jw2cms9jv9c2e7zmc,R. van Ekeris,Midfielder,Attacking Midfielder,1,95.0,-0.0200314347677173,-0.0189771487273111,-0.0200314347677173,-0.0189771487273111,-0.0200314347677173,-0.0189771487273111,-0.0013306263944178,11.36842105263158,0.0,0.0,0.0,0.0,-0.0200314347677173,-0.0200314347677173,-0.0200314347677173,-0.0189771487273111,0.0,0.0,-0.0001607105028575
Eredivisie 2025-2026,FC Groningen,f4liap69r76gyc8pnxsergbqi,T. de Jonge,Midfielder,Left Midfielder,29,2795.0,-0.3411822830451486,-0.0109861915828491,-0.5906342671449601,-0.0190186347202312,0.658817716954851,0.0212141661989039,0.0213901565077343,49.94275491949911,1.0304114490161005,0.0966010733452593,0.0322003577817531,0.1046335164826415,-0.3411822830451486,-0.5906342671449601,-0.5906342671449601,-0.0190186347202312,1.0,0.0400453847694053,0.0201579773128999
Eredivisie 2025-2026,SC Heerenveen,4ueed4kbdae5xugt9ajz6dw5w,N. Courtens,Midfielder,Defensive Midfielder,5,483.0,-0.1027520959980416,-0.0191463532915605,-0.1027520959980416,-0.0191463532915605,-1.1027520959980417,-0.2054817570182686,-0.0712140981420732,10.62111801242236,0.0,0.0,-0.186335403726708,0.0,-0.1027520959980416,-0.1027520959980416,-0.1027520959980416,-0.0191463532915605,-1.0,-1.0418676442214934,-0.0030052947108053
Eredivisie 2025-2026,PSV Eindhoven,4i5i204kbg1we22h8cabtb1n8,J. Bawuah,Midfielder,Defensive Midfielder,1,91.0,0.0112988456051712,0.0111746824666528,-0.0196592832572427,-0.0194432471774927,1.0112988456051712,1.000185671477642,0.0671397853945589,12.857142857142858,0.989010989010989,0.0,0.989010989010989,0.0306179296441458,0.0112988456051712,-0.0196592832572427,-0.0196592832572427,-0.0194432471774927,1.0,8.0,-0.0003048549607561
Eredivisie 2025-2026,Nijmegen Eendracht Combinatie,913pg8qqcjp99h5fjybbenob9,P. Sandler,Defender,Centre Back,25,2437.0,-0.2220663453818754,-0.008201055020258,-0.5284998662099688,-0.0195178448743935,16.777933654618124,0.6196200364856919,0.5932018193357795,68.98645876077144,0.2585145670906852,0.0369306524415264,0.6278210915059499,0.048247442295662,-0.2220663453818754,-0.5284998662099688,-0.5284998662099688,-0.0195178448743935,17.0,0.7881925662622672,0.0030251051884237
Eredivisie 2025-2026,Heracles Almelo,2uw0batubkzwe3gcexxwa22cq,T. Jansink,Goalkeeper,Goalkeeper,15,1441.0,-0.3163615197412409,-0.0197588735438665,-0.3163615197412409,-0.0197588735438665,-16.31636151974124,-1.0190649110178427,-0.6679525626031376,56.273421235253295,0.0,0.0,-0.9993060374739764,0.0,-0.3163615197412409,-0.3163615197412409,-0.3163615197412409,-0.0197588735438665,-16.0,-0.997080308817929,-0.0237875709741112
Eredivisie 2025-2026,FC Groningen,98qi4clazqen9kimkxt3jb6j9,M. Peersman,Defender,Right Back,34,3289.0,-0.828467439279035,-0.0226701336379182,-0.7245203259492571,-0.019825731023239,2.1715325607209652,0.0594216875843377,0.057639376416311,77.46731529340225,0.574642748555792,0.082091821222256,0.082091821222256,0.0792474186075768,-0.828467439279035,-0.7245203259492571,-0.7245203259492571,-0.019825731023239,3.0,0.0890555167693737,0.0022500238281479
Eredivisie 2025-2026,FC Volendam,dej8tywq0npvbm25sfgtqur1m,O. Kökçü,Midfielder,Right Midfielder,28,2699.0,-0.0596806435138533,-0.0019900918548524,-0.5982370035189628,-0.0199486218290873,-10.059680643513854,-0.3354469277199877,-0.3858381047151267,34.045942941830305,0.6335679881437569,0.0333456835865135,-0.3334568358651352,0.0513042135607484,-0.0596806435138533,-0.5982370035189628,-0.5982370035189628,-0.0199486218290873,-10.0,-0.5419129527231126,-0.022840481398072
Eredivisie 2025-2026,SC Telstar,4fu2agdclsyxx1boxxibauzo4,G. Alders,Midfielder,Left Midfielder,7,678.0,-0.1522074808604345,-0.0202045328575798,-0.1522074808604345,-0.0202045328575798,-0.1522074808604347,-0.0202045328575798,-0.0087964234751007,42.876106194690266,0.0,0.0,0.0,0.0,-0.1522074808604345,-0.1522074808604345,-0.1522074808604345,-0.0202045328575798,0.0,0.0,-0.0067772955869566
Eredivisie 2025-2026,Nijmegen Eendracht Combinatie,90pdjxaaxtj67idjmb4ghcems,Y. Sbai,Defender,Left Back,2,192.0,-0.0431660263622681,-0.0202340748573131,-0.0431660263622681,-0.0202340748573131,-0.0431660263622681,-0.0202340748573131,-0.0028574030597132,4.21875,0.0,0.0,0.0,0.0,-0.0431660263622681,-0.0431660263622681,-0.0431660263622681,-0.0202340748573131,0.0,0.0,0.003719736368499
Eredivisie 2025-2026,PSV Eindhoven,2gsq05yyxwe4f8t79j6d49q6t,I. Perišić,Midfielder,Attacking Midfielder,30,2889.0,-2.0901994450835466,-0.0651152475103908,-0.6526618238871846,-0.0203321440463297,37.90980055491646,1.1809906714927243,1.2144637102678555,61.96261682242991,1.6822429906542056,0.2180685358255451,1.2461059190031152,0.1732854323614841,-2.0901994450835466,-0.6526618238871846,-0.6526618238871846,-0.0203321440463297,40.0,1.567363998519712,0.0250868879249301
Eredivisie 2025-2026,Go Ahead Eagles,5shfqpd5fj05qrp1jlzd08ftg,C. Twigt,Midfielder,Left Midfielder,12,1164.0,-0.0989457793362537,-0.0076504468558959,-0.2665799678840458,-0.0206118531869107,-2.098945779336254,-0.1622896221136278,-0.1136771770617985,37.19072164948454,0.1546391752577319,0.0,-0.1546391752577319,0.0129614063310148,-0.0989457793362537,-0.2665799678840458,-0.2665799678840458,-0.0206118531869107,-2.0,-0.3093492208982584,-0.0053736071951602
Eredivisie 2025-2026,PEC Zwolle,cczptju66ofuymrlsol11fpxw,D. Voute,Defender,Left Back,3,287.0,0.0035625028012555,0.0011171611571881,-0.0659539475305426,-0.0206824225705534,-1.9964374971987449,-0.6260605391912439,-0.1280078251727644,28.85017421602787,0.313588850174216,0.0,-0.627177700348432,0.0217995837277415,0.0035625028012555,-0.0659539475305426,-0.0659539475305426,-0.0206824225705534,-2.0,-1.699181875393329,0.0054636926374012
Eredivisie 2025-2026,AFC Ajax,7w5ivtmbqzi4hfte330r1a505,R. Pasveer,Goalkeeper,Goalkeeper,4,386.0,-0.0895043214927525,-0.0208688832496055,-0.0895043214927525,-0.0208688832496055,-1.089504321492753,-0.2540295050112636,-0.0631279514652032,64.11917098445596,0.0,0.0,-0.233160621761658,0.0,-0.0895043214927525,-0.0895043214927525,-0.0895043214927525,-0.0208688832496055,-1.0,-0.2319587628865979,-0.033720446423966
Eredivisie 2025-2026,PEC Zwolle,d5g7rl9a83vu3cyyzvu5yveqy,A. MacNulty,Defender,Right Back,32,3071.0,-0.4455057474740393,-0.0130561762529024,-0.7295745691703079,-0.0213812149870816,-25.445505747474037,-0.7457165474674906,-0.6747454690439693,72.24031260175839,0.4395962227287529,0.058612829697167,-0.732660371214588,0.0669378684313462,-0.4455057474740393,-0.7295745691703079,-0.7295745691703079,-0.0213812149870816,-25.0,-0.7411433371213993,-0.0165323410392182
Eredivisie 2025-2026,FC Volendam,28rtnolu3a2au3on0jtwzhu6s,P. Ugwu,Defender,Left Back,29,2782.0,0.2315930249936517,0.0074922258265379,-0.6644814966756245,-0.0214965257731151,-10.768406975006348,-0.3483668683503132,-0.342575398242975,55.22286125089863,0.3882099209202013,0.0,-0.3558590941768512,0.028988751599653,0.2315930249936517,-0.6644814966756245,-0.6644814966756245,-0.0214965257731151,-11.0,-0.4262250382095678,-0.0137782377209926
Eredivisie 2025-2026,Go Ahead Eagles,16tmkyjtx7rr2rbb6ey9vasmi,O. Sivertsen,Midfielder,Left Midfielder,14,1350.0,0.4914493397149506,0.03276328931433,-0.3260127160004257,-0.021734181066695,-2.5085506602850502,-0.16723671068567,-0.1438748763226945,19.8,0.4666666666666667,0.0,-0.2,0.0544974703810251,0.4914493397149506,-0.3260127160004257,-0.3260127160004257,-0.021734181066695,-3.0,-0.6475078940005595,-0.0084876761144666
Eredivisie 2025-2026,SC Heerenveen,412l28fqhx21ivpcxzn1kpilm,V. Zagaritis,Defender,Right Back,35,3400.0,-1.0059212361735057,-0.0266273268398869,-0.8527129123673378,-0.0225718123861942,-5.005921236173506,-0.1325096797810634,-0.132359862253581,72.87352941176471,0.5823529411764706,0.0529411764705882,-0.1058823529411764,0.0488856620168955,-1.0059212361735057,-0.8527129123673378,-0.8527129123673378,-0.0225718123861942,-4.0,-0.1181173408286806,-0.0069669001970762
Eredivisie 2025-2026,PEC Zwolle,hjb0mn4fgmfiimwn5odvl8fd,T. Buitink,Forward,Centre Forward,8,766.0,0.0980225725045771,0.0115170124352636,-0.1926816199831416,-0.0226388326350949,-3.901977427495422,-0.4584568779041619,-0.2443752401645695,10.221932114882506,0.2349869451697128,0.0,-0.4699738903394256,0.0341558450703586,0.0980225725045771,-0.1926816199831416,-0.1926816199831416,-0.0226388326350949,-4.0,-2.1114369501466275,-0.0004100987863161
Eredivisie 2025-2026,SC Telstar,50130ztne7nsfs9fxf0am6vv9,D. Mertens,Midfielder,Central Midfielder,20,1932.0,0.4105166082749563,0.0191234444848582,-0.4873047900866302,-0.0227005336996877,-11.589483391725045,-0.539882766695266,-0.6267103054190813,20.403726708074533,0.3726708074534161,0.0,-0.5590062111801242,0.0418239781845459,0.4105166082749563,-0.4873047900866302,-0.4873047900866302,-0.0227005336996877,-12.0,-1.841903300076746,-0.006722468323499
Eredivisie 2025-2026,PEC Zwolle,1rd0zzpp3dn0y7qtxwc57g7h1,R. Thomas,Midfielder,Defensive Midfielder,27,2589.0,-0.5916536306403659,-0.0205673336259686,-0.6584179766013732,-0.0228882263013223,-11.591653630640366,-0.4029543556421912,-0.3737632610053572,68.69061413673234,0.4866743916570104,0.0347624565469293,-0.3823870220162225,0.037083349222283,-0.5916536306403659,-0.6584179766013732,-0.6584179766013732,-0.0228882263013223,-11.0,-0.4355732848385298,0.0061600453474912
Eredivisie 2025-2026,FC Groningen,7xovmwq2h4rcr9nuou4gi3g2c,W. Prins,Defender,Right Back,22,2126.0,-0.2176060659143276,-0.0092119218872481,-0.5485518902006596,-0.0232218580047315,-3.2176060659143277,-0.1362109811534757,-0.1711764733064664,24.087488240827845,0.1269990592662276,0.0,-0.1269990592662276,0.0140099361174834,-0.2176060659143276,-0.5485518902006596,-0.5485518902006596,-0.0232218580047315,-3.0,-0.4258563129255277,0.0055419039380856
Eredivisie 2025-2026,Heracles Almelo,96om2im2vd1621ajcexlyekno,T. van Gilst,Midfielder,Central Midfielder,29,2802.0,-0.3670262356417417,-0.011788851251876,-0.7252821804966003,-0.02329600151488,-23.36702623564174,-0.7505468812304629,-0.9712946250991408,21.809421841541756,0.6423982869379015,0.0642398286937901,-0.7387580299785867,0.0757469789567942,-0.3670262356417417,-0.7252821804966003,-0.7252821804966003,-0.02329600151488,-23.0,-1.4844384950040637,-0.0125153272330219
Eredivisie 2025-2026,SBV Excelsior,1xwmx2ydxa5zeqo12778h83ro,N. Martens,Defender,Left Back,9,871.0,-0.1306229614743288,-0.0134972061224909,-0.2269713620365011,-0.0234528387867796,-1.1306229614743282,-0.1168267124370718,-0.0629483338643519,42.77841561423651,0.1033295063145809,0.0,-0.1033295063145809,0.0099556326642887,-0.1306229614743288,-0.2269713620365011,-0.2269713620365011,-0.0234528387867796,-1.0,-0.1792947738893685,0.0014278041751049
Eredivisie 2025-2026,AFC Ajax,70tsvrcmklvp4ecdhxlugf8ix,K. Itakura,Defender,Centre Back,19,1880.0,-0.3945120238942685,-0.018886213909832,-0.4975333674703457,-0.0238180867406016,11.605487976105731,0.555581871196551,0.4691862201065105,67.6436170212766,0.3351063829787234,0.0478723404255319,0.574468085106383,0.0528042132563015,-0.3945120238942685,-0.4975333674703457,-0.4975333674703457,-0.0238180867406016,12.0,0.7271095152603232,0.0288963067660569
Eredivisie 2025-2026,SBV Excelsior,f314a9y83ou7l9imhnbp4f6dw,S. Middendorp,Midfielder,Defensive Midfielder,6,582.0,-0.0423672763537014,-0.0065516406732527,-0.1542903023254354,-0.0238593251018714,-6.042367276353701,-0.9343866922196448,-0.3704960490971901,20.10309278350515,0.1546391752577319,0.0,-0.9278350515463918,0.0173076844286186,-0.0423672763537014,-0.1542903023254354,-0.1542903023254354,-0.0238593251018714,-6.0,-2.356877864261293,-0.0044176033016393
Eredivisie 2025-2026,Alkmaar Zaanstreek,8u19xeh9ugvh8f1mh7jnbbhuc,K. Smit,Midfielder,Central Midfielder,26,2512.0,-0.7494852271548547,-0.0268525758136691,-0.671552886084274,-0.024060413912255,5.250514772845143,0.1881155770525728,0.169258733915889,72.15764331210191,1.3614649681528663,0.107484076433121,0.214968152866242,0.1046919145317069,-0.7494852271548547,-0.671552886084274,-0.671552886084274,-0.024060413912255,6.0,0.2374948689380168,0.0139190350661401
Eredivisie 2025-2026,SC Telstar,3dqdh4nu8tj264e1w3fec3bsa,Nigel Ogidi Nwankwo,Midfielder,Attacking Midfielder,4,390.0,-0.0331678237236739,-0.0076541131670016,-0.1044536117092934,-0.0241046796252215,-0.0331678237236741,-0.0076541131670017,-0.0021357146217949,17.307692307692307,0.2307692307692307,0.0,0.0,0.0164505664582199,-0.0331678237236739,-0.1044536117092934,-0.1044536117092934,-0.0241046796252215,0.0,0.0,0.0005771910522178
Eredivisie 2025-2026,SC Telstar,9229789015kq0j5c85ug3ajv8,A. Lechkar,Midfielder,Defensive Midfielder,16,1560.0,-0.1319526837438824,-0.0076126548313778,-0.4217267996361863,-0.024330392286703,-3.1319526837438816,-0.1806895779083008,-0.18173179968841,19.03846153846154,0.1153846153846153,0.0,-0.173076923076923,0.0167177374553252,-0.1319526837438824,-0.4217267996361863,-0.4217267996361863,-0.024330392286703,-3.0,-0.7032470915089425,0.0006112552169276
Eredivisie 2025-2026,FC Volendam,6bklt91zc5vietmdc8r31zl2i,D. Payne,Defender,Left Back,15,1444.0,-0.0590488127341581,-0.0036803276634863,-0.3980271177360338,-0.0248077843464287,-7.059048812734158,-0.4399684163061455,-0.3333291331796705,47.86703601108033,0.1869806094182825,0.0,-0.4362880886426593,0.0211274566829424,-0.0590488127341581,-0.3980271177360338,-0.3980271177360338,-0.0248077843464287,-7.0,-0.6353261508983646,-0.012531192421779
Eredivisie 2025-2026,SBV Excelsior,49xsd6e4oyjrhtwsdbdm4rj84,L. Hartjes,Midfielder,Defensive Midfielder,21,2026.0,0.0831230769253055,0.0036925355001369,-0.5589352946090826,-0.0248293072629898,-4.916876923074694,-0.2184200015186192,-0.1927381979880496,54.23988153998026,0.4886475814412636,0.0444225074037512,-0.2221125370187561,0.072944350166878,0.0831230769253055,-0.5589352946090826,-0.5589352946090826,-0.0248293072629898,-5.0,-0.2834348099937014,-0.0112910720312191
Eredivisie 2025-2026,Heracles Almelo,a7nh8z0jhxz60rbm2jn1m05jo,S. Blokhuis,Midfielder,Left Midfielder,2,189.0,-0.0529392719590064,-0.0252091771233363,-0.0529392719590064,-0.0252091771233363,0.9470607280409936,0.4509812990671398,0.0627144677685259,4.285714285714286,0.0,0.0,0.4761904761904761,0.0,-0.0529392719590064,-0.0529392719590064,-0.0529392719590064,-0.0252091771233363,1.0,4.954128440366972,-0.0001369548662896
Eredivisie 2025-2026,PEC Zwolle,5mqog8k9eyi248jvrrp9fo8wk,N. Fichtinger,Midfielder,Defensive Midfielder,20,1925.0,0.1437652270922328,0.0067214911367797,-0.5424696047221622,-0.0253622152857114,-7.856234772907767,-0.3673044828891942,-0.3888753244007886,33.38181818181818,0.3272727272727272,0.0,-0.374025974025974,0.0320837064224912,0.1437652270922328,-0.5424696047221622,-0.5424696047221622,-0.0253622152857114,-8.0,-0.8488564017920301,-0.0054453059434965
Eredivisie 2025-2026,SC Heerenveen,2f8lk6lxav7hl7xlqt9an18x6,H. Petrov,Defender,Right Back,21,2042.0,-0.2589830430043374,-0.0114145317680658,-0.5832517655609699,-0.0257064930952435,-1.2589830430043374,-0.0554889685947063,-0.0666128847265428,23.31537708129285,0.0881488736532811,0.0,-0.0440744368266405,0.0142919613271777,-0.2589830430043374,-0.5832517655609699,-0.5832517655609699,-0.0257064930952435,-1.0,-0.1384544382339367,0.0164427970658764
Eredivisie 2025-2026,Heracles Almelo,6ok4k757utbtswx5618xffsru,I. Mesík,Defender,Right Back,30,2889.0,0.2317689913086673,0.0072202177977778,-0.8351004926467098,-0.026015591671237,-41.76823100869133,-1.3011909971554931,-1.1732645595340014,64.64174454828661,0.7476635514018691,0.0623052959501557,-1.308411214953271,0.0955411054191706,0.2317689913086673,-0.8351004926467098,-0.8351004926467098,-0.026015591671237,-42.0,-1.3490765249977694,-0.041452565153501
Eredivisie 2025-2026,Heracles Almelo,mlqit2c8my1ewqy6avrfhf8q,A. Van Hoorenbeeck,Defender,Right Back,24,2320.0,0.8400134817446182,0.0325867298952653,-0.6719069697649462,-0.0260653565857091,-22.15998651825538,-0.8596546494150794,-0.7066131472161478,75.41379310344827,0.6594827586206896,0.0775862068965517,-0.8922413793103449,0.1362382933775262,0.8400134817446182,-0.6719069697649462,-0.6719069697649462,-0.0260653565857091,-23.0,-0.8945162266107775,-0.0340087792093597
Eredivisie 2025-2026,Fortuna Sittard,6sya8p154c3vtvr0dk0etg8wk,T. Schenkhuizen,Midfielder,Central Midfielder,4,384.0,-0.0388366003880301,-0.0091023282159445,-0.1135370346447821,-0.0266102424948708,0.9611633996119698,0.2252726717840554,0.0613040058101081,20.625,0.234375,0.0,0.234375,0.0175079142789262,-0.0388366003880301,-0.1135370346447821,-0.1135370346447821,-0.0266102424948708,1.0,0.7477153143173636,0.0025009475723432
Eredivisie 2025-2026,SC Heerenveen,2wkkk6gwgpyozr60341o90y6s,I. Ahmed,Forward,Left Winger,2,194.0,-0.0577618351492981,-0.0267967276465816,-0.0577618351492981,-0.0267967276465816,-0.0577618351492981,-0.0267967276465816,-0.0038267154698314,5.103092783505154,0.0,0.0,0.0,0.0,-0.0577618351492981,-0.0577618351492981,-0.0577618351492981,-0.0267967276465816,0.0,0.0,0.0037172938755235
Eredivisie 2025-2026,NAC Breda,64oi87vu8r3cxx2fvtr442gwk,J. Candelaria,Midfielder,Defensive Midfielder,8,780.0,0.0347639073146878,0.0040112200747716,-0.2325918958203539,-0.02683752644081,0.0347639073146879,0.0040112200747716,0.0021434425114322,15.807692307692308,0.2307692307692307,0.0,0.0,0.0308487465155817,0.0347639073146878,-0.2325918958203539,-0.2325918958203539,-0.02683752644081,0.0,0.0,-0.010048749566048
Eredivisie 2025-2026,AFC Ajax,bpprd2haoafk6y0rjans4iytx,K. Dolberg,Forward,Centre Forward,24,2352.0,-0.3264865967437538,-0.0124931095692762,-0.713656943217742,-0.027308301398638,12.673513403256244,0.4849558700225604,0.5451438955944305,25.06377551020408,1.0331632653061225,0.1147959183673469,0.4974489795918367,0.1296111101967087,-0.3264865967437538,-0.713656943217742,-0.713656943217742,-0.027308301398638,13.0,0.911155818028425,0.0385108627062408
Eredivisie 2025-2026,Feyenoord Rotterdam,987w8p2dsxd9tm1phv18g6pec,A. Sliti,Midfielder,Attacking Midfielder,20,1975.0,-0.3663120616848923,-0.0166927015451343,-0.6109604604008337,-0.0278412361701645,-1.366312061684892,-0.0622623217982988,-0.0729860247369054,21.281012658227848,0.5012658227848101,0.0455696202531645,-0.0455696202531645,0.0567181548781948,-0.3663120616848923,-0.6109604604008337,-0.6109604604008337,-0.0278412361701645,-1.0,-0.1446867799153314,0.0092621790273373
Eredivisie 2025-2026,Heracles Almelo,69gzswoym4jqnrag1wdqfdkyy,J. Wieckhoff,Defender,Left Back,19,1832.0,-0.3789992987163127,-0.0186189611814782,-0.5710589933753125,-0.0280542081898352,-16.378999298716312,-0.8046451620548407,-0.7914902492460065,35.17467248908297,0.1965065502183406,0.0,-0.7860262008733624,0.0094352470083569,-0.3789992987163127,-0.5710589933753125,-0.5710589933753125,-0.0280542081898352,-16.0,-1.5635462096672037,-0.0276613085647179
Eredivisie 2025-2026,Nijmegen Eendracht Combinatie,8624hqd4nlbzcoqsetvsvla8k,D. Fonville,Defender,Right Back,29,2841.0,-0.2792352029122599,-0.0088458881598392,-0.8880053363058356,-0.0281311088586853,8.720764797087739,0.2762649882921142,0.3315582963076009,52.30200633579725,0.1583949313621964,0.0,0.2851108764519535,0.0192852206988461,-0.2792352029122599,-0.8880053363058356,-0.8880053363058356,-0.0281311088586853,9.0,0.479148181011535,0.0093942826654952
Eredivisie 2025-2026,SC Telstar,buappmrojgc4lrl7tngfl8pw4,R. Oudsten,Midfielder,Defensive Midfielder,8,766.0,-0.016173921288749,-0.0019003301775292,-0.2400199732322171,-0.0282007801447774,-1.016173921288749,-0.1193938027623856,-0.0638492579772643,12.806788511749348,0.2349869451697128,0.0,-0.1174934725848564,0.0263004499672482,-0.016173921288749,-0.2400199732322171,-0.2400199732322171,-0.0282007801447774,-1.0,-0.5572180373542461,-0.0024798694265908
Eredivisie 2025-2026,Go Ahead Eagles,b157xbo2jovsxkgr3wie3rip6,T. Baeten,Midfielder,Attacking Midfielder,20,1916.0,-0.3651285371552967,-0.0171511317035369,-0.6125102875037569,-0.0287713600601973,-5.3651285371552975,-0.2520154323298417,-0.2624452656050647,32.92797494780793,0.7045929018789144,0.0469728601252609,-0.2348643006263048,0.0585930884819214,-0.3651285371552967,-0.6125102875037569,-0.6125102875037569,-0.0287713600601973,-5.0,-0.5090881665283958,-0.0241194634411721
Eredivisie 2025-2026,FC Utrecht,dmnk8dz6w8n4fcso88fuvusfe,Zidane Iqbal,Midfielder,Right Midfielder,5,482.0,-0.1546345228653971,-0.0288736660951986,-0.1546345228653971,-0.0288736660951986,-3.154634522865398,-0.5890396411989332,-0.190993156003061,50.04149377593361,0.0,0.0,-0.5601659751037344,0.0,-0.1546345228653971,-0.1546345228653971,-0.1546345228653971,-0.0288736660951986,-3.0,-1.0210513046766672,-0.0146066997635318
Eredivisie 2025-2026,PSV Eindhoven,c6ip6gwp8yvchd1n3dv42go9,Mauro Júnior,Defender,Right Back,26,2498.0,-0.1818184955165072,-0.0065507064037172,-0.8145434630911996,-0.0293470423051272,39.81818150448349,1.434602215934153,1.3113766514751497,92.59407526020816,0.7926341072858286,0.0360288230584467,1.4411529223378703,0.0588251589598568,-0.1818184955165072,-0.8145434630911996,-0.8145434630911996,-0.0293470423051272,40.0,1.6399416909620992,0.0624816288787674
Eredivisie 2025-2026,PEC Zwolle,dficbkp6sp4kw7xihaxneozpx,Y. Namli,Midfielder,Left Midfielder,13,1248.0,-0.5743686178856259,-0.0414208137898287,-0.4076182362646885,-0.0293955458844727,-1.5743686178856255,-0.1135361984052133,-0.0718463512677104,63.60576923076923,2.0913461538461537,0.1442307692307692,-0.0721153846153846,0.1322055013254132,-0.5743686178856259,-0.4076182362646885,-0.4076182362646885,-0.0293955458844727,-1.0,-0.0820195024150186,0.0105376986102901
Eredivisie 2025-2026,FC Groningen,679ax4aocvzlvj4i7a1bb8rv8,T. Mercera,Defender,Left Back,22,2141.0,-0.458483666542263,-0.0192730172764146,-0.7004150222756669,-0.0294429481573143,-2.4584836665422634,-0.1033458804244762,-0.1163055201886952,31.98972442783746,0.1261092947220924,0.0,-0.0840728631480616,0.0101699308808997,-0.458483666542263,-0.7004150222756669,-0.7004150222756669,-0.0294429481573143,-2.0,-0.1825712112247485,-0.0027945066245407
Eredivisie 2025-2026,FC Groningen,1c4fzmrwmlwaqmqomge14rqc4,D. Janse,Defender,Centre Back,32,3096.0,-1.1354134085711245,-0.0330062037375326,-1.0203787158261577,-0.0296621719716906,2.864586591428875,0.0832728660299091,0.0758637008953179,76.16279069767442,0.4069767441860465,0.0581395348837209,0.1162790697674418,0.0547955031178788,-1.1354134085711245,-1.0203787158261577,-1.0203787158261577,-0.0296621719716906,4.0,0.1183762721338967,-0.0061791380632882
Eredivisie 2025-2026,Feyenoord Rotterdam,4qr07cfbwquppkww057mb9tk9,J. Moder,Midfielder,Central Midfielder,10,981.0,0.7058611644868668,0.0647579049987951,-0.3269320417430388,-0.0299937652975265,2.705861164486867,0.2482441435309052,0.1325306827335663,68.34862385321101,1.926605504587156,0.091743119266055,0.1834862385321101,0.1864947895623767,0.7058611644868668,-0.3269320417430388,-0.3269320417430388,-0.0299937652975265,2.0,0.2045260865448347,0.0002702634116214
Eredivisie 2025-2026,SC Heerenveen,5gdkg4anqky2crl4ckfr9npjo,J. Rijssel,Midfielder,Right Midfielder,1,95.0,-0.0321230221301302,-0.0304323367548601,-0.0321230221301302,-0.0304323367548601,-0.0321230221301302,-0.0304323367548601,-0.0021327679484975,5.684210526315789,0.0,0.0,0.0,0.0,-0.0321230221301302,-0.0321230221301302,-0.0321230221301302,-0.0304323367548601,0.0,0.0,0.00014259726734
Eredivisie 2025-2026,FC Volendam,89plvrt8pzppcclh4axvii0ru,A. Plat,Midfielder,Left Midfielder,17,1640.0,-0.1714719698992628,-0.009410047128618,-0.5624312115483983,-0.0308651274630218,-8.171471969899263,-0.4484344373725205,-0.4301461846680833,28.152439024390244,0.1646341463414634,0.0,-0.4390243902439024,0.0214550803344037,-0.1714719698992628,-0.5624312115483983,-0.5624312115483983,-0.0308651274630218,-8.0,-1.082598235765838,-0.0283202179875065
Eredivisie 2025-2026,FC Volendam,4ezldqmn62ggasx6pniqbfwno,J. Ideho,Midfielder,Right Midfielder,25,2417.0,-0.1107168775912448,-0.0041226805888341,-0.8322298637370982,-0.0309891136683238,-11.110716877591244,-0.4137213566335175,-0.4816587185257018,35.672321059164254,0.8564335953661564,0.0372362432767894,-0.4095986760446835,0.0641026763562792,-0.1107168775912448,-0.8322298637370982,-0.8322298637370982,-0.0309891136683238,-11.0,-0.7862134688691232,-0.036032621993473
Eredivisie 2025-2026,FC Volendam,8wbhtkawasrqa542ehabd0y6s,K. Wong-A-Soij,Midfielder,Right Midfielder,3,288.0,-0.0293800879540391,-0.0091812774856372,-0.1006658759396586,-0.0314580862311433,-1.0293800879540391,-0.3216812774856373,-0.0677229920479079,8.4375,0.3125,0.0,-0.3125,0.0222768087455061,-0.0293800879540391,-0.1006658759396586,-0.1006658759396586,-0.0314580862311433,-1.0,-2.5127966496044674,0.0007404370450486
Eredivisie 2025-2026,SC Heerenveen,b5sf6wcogrvlwuwbd8xsyyfh1,J. van Overeem,Midfielder,Central Midfielder,34,3303.0,-1.638665998360263,-0.0446502996828409,-1.1574987799601153,-0.0315394762931911,-0.6386659983602633,-0.0174023432795712,-0.0160768172888106,90.65395095367847,0.4087193460490463,0.0544959128065395,0.0272479564032697,0.0413850894168897,-1.638665998360263,-1.1574987799601153,-1.1574987799601153,-0.0315394762931911,1.0,0.0276545840033595,0.0078149142946133
Eredivisie 2025-2026,FC Utrecht,aafz6q5ggn9e6m5hprc71lgph,M. van der Hoorn,Defender,Centre Back,31,3033.0,-1.231056908116254,-0.0365298785791173,-1.0687266767657266,-0.0317129577675289,9.768943091883743,0.289879616969844,0.2889746342322827,69.25816023738872,0.4451038575667655,0.0890207715133531,0.3264094955489614,0.0842038507017648,-1.231056908116254,-1.0687266767657266,-1.0687266767657266,-0.0317129577675289,11.0,0.3809694839595172,0.0094824660824923
Eredivisie 2025-2026,Fortuna Sittard,16mtjri8tz6vmxtxwr34y2tp1,M. Branderhorst,Goalkeeper,Goalkeeper,24,2345.0,-0.8285213658500902,-0.0317982613759096,-0.8285213658500902,-0.0317982613759096,-1.828521365850091,-0.070177792292754,-0.0576899700142821,56.64818763326226,0.0,0.0,-0.0383795309168443,0.0,-0.8285213658500902,-0.8285213658500902,-0.8285213658500902,-0.0317982613759096,-1.0,-0.0382387514339531,0.0098183031241571
Eredivisie 2025-2026,NAC Breda,7qwmlcxsxlxmq01g7dkt7v14a,M. Balard,Goalkeeper,Goalkeeper,32,3116.0,-0.0631201523439616,-0.0018231109470335,-1.111387272399733,-0.0321004026046135,-22.06312015234396,-0.6372531494579449,-0.607135734117936,61.69448010269576,0.4621309370988447,0.0,-0.6354300385109114,0.03027729165758,-0.0631201523439616,-1.111387272399733,-1.111387272399733,-0.0321004026046135,-22.0,-0.6864314233051557,-0.0216461987990172
Eredivisie 2025-2026,Alkmaar Zaanstreek,6zzcoo9k4ebqtlux49rbb5fro,M. Dekker,Defender,Right Back,7,670.0,-0.0134156759643975,-0.0018021057265608,-0.2395997707054112,-0.0321850438261,-3.0134156759643975,-0.4047871803534265,-0.1857371389124789,24.58208955223881,0.1343283582089552,0.0,-0.4029850746268656,0.0303829380995391,-0.0134156759643975,-0.2395997707054112,-0.2395997707054112,-0.0321850438261,-3.0,-1.2578616352201255,-0.0082520652697053
Eredivisie 2025-2026,Alkmaar Zaanstreek,es363spp9pgd4hralx6ni2xw4,M. Chávez,Defender,Right Back,20,1934.0,-0.3791566862233835,-0.0176443132161864,-0.6925512463134362,-0.0322283413486087,-1.3791566862233844,-0.0641799905688234,-0.0669789520330048,45.23267838676318,0.6980351602895554,0.046535677352637,-0.046535677352637,0.0611197054850593,-0.3791566862233835,-0.6925512463134362,-0.6925512463134362,-0.0322283413486087,-1.0,-0.0993578538703564,0.0031775147385916
Eredivisie 2025-2026,Nijmegen Eendracht Combinatie,247ipjjd0cak2sggwbuorx4yy,B. Pereira,Defender,Left Back,24,2338.0,-0.1477840842982432,-0.0056888655204627,-0.8471023571818652,-0.032608730601526,8.852215915701757,0.3407610917079376,0.3779971684609946,47.00171086398631,0.2309666381522669,0.0,0.3464499572284003,0.0269198650810633,-0.1477840842982432,-0.8471023571818652,-0.8471023571818652,-0.032608730601526,9.0,0.6194870748993015,-0.0064629217228514
Eredivisie 2025-2026,SC Telstar,3hhca66jtxt3c1iw10nfmhtnu,D. Reiziger,Goalkeeper,Goalkeeper,2,201.0,-0.0748522277649492,-0.033515922879828,-0.0748522277649492,-0.033515922879828,-1.074852227764949,-0.4812771169096786,-0.0684835428727065,38.507462686567166,0.0,0.0,-0.4477611940298507,0.0,-0.0748522277649492,-0.0748522277649492,-0.0748522277649492,-0.033515922879828,-1.0,-0.7303218826075196,0.0016168978477062
Eredivisie 2025-2026,AFC Ajax,9tp35qqu1heburu0g5wa6jv56,Lucas Rosa,Defender,Right Back,29,2846.0,0.2493677603847052,0.007885839225096,-1.0649792750721592,-0.0336781921140176,22.249367760384708,0.7035991210241123,0.6687270338015807,80.73436401967673,0.5375966268446943,0.0,0.6957132817990161,0.0415640313391138,0.2493677603847052,-1.0649792750721592,-1.0649792750721592,-0.0336781921140176,22.0,0.7803775766254583,0.0484717640600331
Eredivisie 2025-2026,Fortuna Sittard,axhjtqfa2xxud2tdle8zfxrkl,L. Koopmans,Goalkeeper,Goalkeeper,10,976.0,-0.3699488581974061,-0.034114136514105,-0.3699488581974061,-0.034114136514105,-9.369948858197407,-0.8640321693009905,-0.4440838365801366,54.68237704918032,0.0,0.0,-0.8299180327868853,0.0,-0.3699488581974061,-0.3699488581974061,-0.3699488581974061,-0.034114136514105,-9.0,-0.8262776701009895,-0.0137388693458495
Eredivisie 2025-2026,FC Volendam,vrkanoideipif70wo4adb5lg,R. Steur,Goalkeeper,Goalkeeper,3,296.0,-0.1126924015000048,-0.0342645815371636,-0.1126924015000048,-0.0342645815371636,-0.1126924015000052,-0.0342645815371637,-0.0068918088000673,53.20945945945946,0.0,0.0,0.0,0.0,-0.1126924015000048,-0.1126924015000048,-0.1126924015000048,-0.0342645815371636,0.0,0.0,0.0080164579778656
Eredivisie 2025-2026,FC Groningen,51amjiu7y5foxpshlwy7dz3mc,N. Eggens,Midfielder,Central Midfielder,3,292.0,0.0006144100846268,0.000189372971289,-0.1113086158871073,-0.0343074501021906,0.0006144100846269,0.0001893729712891,4.037591480949222e-05,5.239726027397261,0.3082191780821918,0.0,0.0,0.0344968230734797,0.0006144100846268,-0.1113086158871073,-0.1113086158871073,-0.0343074501021906,0.0,0.0,-0.0033220415181396
Eredivisie 2025-2026,SBV Excelsior,30t0ph1icrggc0x62om801ses,G. de Regt,Midfielder,Attacking Midfielder,34,3287.0,-0.1797745894162644,-0.0049223343618691,-1.2592225258569076,-0.0344782559559238,-14.179774589416263,-0.388250597215535,-0.3967244560934,47.943413446912075,1.1226041983571646,0.0821417706114998,-0.3833282628536659,0.1116976922055546,-0.1797745894162644,-1.2592225258569076,-1.2592225258569076,-0.0344782559559238,-14.0,-0.4471520671911042,-0.0063640578548881
Eredivisie 2025-2026,Heracles Almelo,6lyedmu2vuf7jig3jmhz9b4ve,D. van der Kust,Defender,Right Back,21,2015.0,-0.6288773002965437,-0.028088812420193,-0.7722929255386052,-0.0344944731009798,-25.628877300296544,-1.1447141225938902,-1.093744522478678,43.90570719602977,0.1339950372208436,0.0,-1.1166253101736974,0.0064056606807868,-0.6288773002965437,-0.7722929255386052,-0.7722929255386052,-0.0344944731009798,-25.0,-1.7183661520053968,-0.0169544865214186
Eredivisie 2025-2026,SBV Excelsior,4fcmk1x7n95o7owons6mc5a1g,S. Henderikx,Defender,Right Back,10,968.0,-0.1181724316400401,-0.0109871062475243,-0.3756820519435222,-0.0349291163997076,-15.11817243164004,-1.4056152054210782,-0.8166052096261258,44.070247933884296,0.371900826446281,0.0,-1.3946280991735538,0.0239420101521832,-0.1181724316400401,-0.3756820519435222,-0.3756820519435222,-0.0349291163997076,-15.0,-2.2895584826728475,-0.012710744061532
Eredivisie 2025-2026,FC Twente,6ydojoa3581jgszpjqj7i8zpx,B. Kuipers,Defender,Right Back,7,680.0,0.209416750893943,0.0277169229124336,-0.2644590899086517,-0.0350019383702627,2.209416750893943,0.2924228052653748,0.1384227796484167,19.852941176470587,0.5294117647058824,0.0,0.2647058823529412,0.0627188612826964,0.209416750893943,-0.2644590899086517,-0.2644590899086517,-0.0350019383702627,2.0,1.0619469026548674,-0.0008365768803716
Eredivisie 2025-2026,Sparta Rotterdam,1pmoxunz3nw0ptd6g64maam7d,N. Þórisson,Forward,Centre Forward,10,974.0,-0.0825461446962508,-0.007627467169058,-0.380016027422884,-0.0351144173183363,-2.0825461446962508,-0.1924323953004749,-0.1322599535389728,6.745379876796714,0.1848049281314168,0.0,-0.1848049281314168,0.0274869501492782,-0.0825461446962508,-0.380016027422884,-0.380016027422884,-0.0351144173183363,-2.0,-1.3626040878122634,0.0015884074221515
Eredivisie 2025-2026,Heracles Almelo,8oetnmi8kejwwy37rhlelw2ne,W. Ould-Chikh,Midfielder,Central Midfielder,24,2323.0,-1.0240324317191187,-0.0396740933511496,-0.9081632330677863,-0.0351849724391307,-14.02403243171912,-0.5433331549094795,-0.5504958067714731,44.47696943607404,0.581145071028842,0.0387430047352561,-0.5036590615583297,0.0342538838232372,-1.0240324317191187,-0.9081632330677863,-0.9081632330677863,-0.0351849724391307,-13.0,-0.7390874060348277,-0.0179714394221797
Eredivisie 2025-2026,SC Telstar,4bkb8qjb5n33wxfopju8r1mtx,D. Bakker,Defender,Right Back,30,2917.0,-0.3748293442263208,-0.0115648409257349,-1.1448933545353968,-0.0353241007570057,-5.374829344226321,-0.1658329245733181,-0.1491504303778995,80.1576962632842,0.9564621186150154,0.1234144669180665,-0.1542680836475831,0.1471737267493373,-0.3748293442263208,-1.1448933545353968,-1.1448933545353968,-0.0353241007570057,-5.0,-0.1578559652015294,0.0042568162528519
Eredivisie 2025-2026,PSV Eindhoven,dxmulnxbs11kpi1goq5hl9cve,A. Salah-Eddine,Defender,Right Back,17,1642.0,-0.079623598923222,-0.0043642654708221,-0.648838057411601,-0.035563596325849,20.92037640107678,1.146671057306279,0.9293849082775688,61.82704019488429,0.438489646772229,0.0,1.151035322777101,0.0311993308550268,-0.079623598923222,-0.648838057411601,-0.648838057411601,-0.035563596325849,21.0,1.5995486282530504,0.0276969716315521
Eredivisie 2025-2026,AFC Ajax,4n18t6bixl6ba3bx76hym51qs,A. Gaaei,Defender,Left Back,28,2751.0,-0.984313397796664,-0.0322021831340239,-1.097905758120191,-0.0359183999385013,14.015686602203337,0.4585284602683752,0.4651757093536528,62.51908396946565,1.014176663031625,0.0654307524536532,0.4907306434023991,0.0691469692581307,-0.984313397796664,-1.097905758120191,-1.097905758120191,-0.0359183999385013,15.0,0.6229619147234357,0.0284207335048303
Eredivisie 2025-2026,Feyenoord Rotterdam,5bjdj7hrhuxjbsa8wc1kw42c5,G. Trauner,Defender,Left Back,5,483.0,0.2606033422158125,0.0485596289843128,-0.1935010745196614,-0.0360561008421729,0.2606033422158123,0.0485596289843128,0.0156131434530834,47.51552795031056,0.3726708074534161,0.0,0.0,0.0846157298264858,0.2606033422158125,-0.1935010745196614,-0.1935010745196614,-0.0360561008421729,0.0,0.0,0.0020424638999419
Eredivisie 2025-2026,SC Telstar,1k60tee702idfrp0ibca1s57u,G. Offerhaus,Defender,Centre Back,33,3208.0,-0.9726074909535616,-0.0272863697586722,-1.2886357465091025,-0.0361524991227616,-10.97260749095356,-0.3078349981875999,-0.278930798807985,67.8927680798005,0.5049875311720698,0.0280548628428927,-0.2805486284289277,0.0369209922069821,-0.9726074909535616,-1.2886357465091025,-1.2886357465091025,-0.0361524991227616,-10.0,-0.280139654805692,-0.0084125030012845
Eredivisie 2025-2026,PEC Zwolle,a7vlgirln231n3dqjhb72o0es,O. Aertssen,Defender,Left Back,28,2678.0,-0.4533997787257415,-0.0152374832282736,-1.0812870397979482,-0.0363389968565404,-23.453399778725743,-0.7882023824067651,-0.8150722270047802,54.3427931292009,0.3024645257654966,0.0,-0.7729648991784914,0.0211015136282668,-0.4533997787257415,-1.0812870397979482,-1.0812870397979482,-0.0363389968565404,-23.0,-1.034017683200959,-0.0325103627154546
Eredivisie 2025-2026,FC Groningen,atbvv2os8m7nfs0p128w5a6l1,M. Seuntjens,Midfielder,Attacking Midfielder,17,1649.0,-0.5777722117435588,-0.0315339594038328,-0.6660972991326417,-0.0363546130515086,2.422227788256441,0.1322016379278833,0.143317395222241,13.208004851425104,0.5457853244390539,0.0545785324439054,0.1637355973317162,0.0593991860915812,-0.5777722117435588,-0.6660972991326417,-0.6660972991326417,-0.0363546130515086,3.0,0.8210014190147983,-0.012200560231836
Eredivisie 2025-2026,Fortuna Sittard,570htztcvfsu947xw6fvtzmc5,Iván Márquez,Defender,Centre Back,32,3133.0,-0.1684240724124217,-0.0048382274232741,-1.268581398101828,-0.036441853121342,-9.16842407241242,-0.2633763697788439,-0.2634243628813406,53.31631024577083,0.3734439834024896,0.0287264602617299,-0.2585381423555697,0.0603300859597978,-0.1684240724124217,-1.268581398101828,-1.268581398101828,-0.036441853121342,-9.0,-0.2986321908296567,-0.0182093174963231
Eredivisie 2025-2026,Sparta Rotterdam,1ueqcjuatzazpmz765tru4zdg,L. Martes,Defender,Left Back,13,1256.0,-0.1392616573032755,-0.0099789404118589,-0.5085931918900402,-0.0364437796736493,2.8607383426967243,0.2049892124543831,0.1360268785519331,67.64331210191082,0.4299363057324841,0.0,0.214968152866242,0.0264648392617905,-0.1392616573032755,-0.5085931918900402,-0.5085931918900402,-0.0364437796736493,3.0,0.2782692340725218,0.0156125159967756
Eredivisie 2025-2026,PEC Zwolle,sk7z843dcqvmdf1tkoaoysr8,D. Verduin,Goalkeeper,Goalkeeper,1,92.0,-0.0372728789423858,-0.0364625989653774,-0.0372728789423858,-0.0364625989653774,-2.0372728789423857,-1.992984338095812,-0.1312720416412237,62.608695652173914,0.0,0.0,-1.9565217391304348,0.0,-0.0372728789423858,-0.0372728789423858,-0.0372728789423858,-0.0364625989653774,-2.0,-1.946998377501352,-0.0002137676247861
Eredivisie 2025-2026,Heracles Almelo,a185wef6iz1nun1wry40jcgoa,N. Ünüvar,Midfielder,Right Midfielder,10,963.0,0.638838758288381,0.0597045568493814,-0.396110162359485,-0.0370196413420079,-13.36116124171162,-1.2487066581038897,-0.7051364827827591,38.41121495327103,0.9345794392523364,0.0,-1.308411214953271,0.0967241981913894,0.638838758288381,-0.396110162359485,-0.396110162359485,-0.0370196413420079,-14.0,-1.91625266146203,-0.0286125508196495
Eredivisie 2025-2026,Sparta Rotterdam,d5v47kueisvcjjz4f69m83sut,J. Drommel,Goalkeeper,Goalkeeper,34,3293.0,-1.2476019641737943,-0.0340978368586825,-1.3550534179767386,-0.0370345604670229,-17.247601964173796,-0.4713890606667603,-0.4291620174013119,65.42969936228363,0.0273307014880048,0.0,-0.4372912238080777,0.0029367236083404,-1.2476019641737943,-1.3550534179767386,-1.3550534179767386,-0.0370345604670229,-16.0,-0.4358221603462365,-0.002333220597423
Eredivisie 2025-2026,FC Utrecht,2tc8y9du64tjno62zll2jhy7e,Y. Cathline,Midfielder,Right Midfielder,28,2743.0,0.9656538353095367,0.0316838662697259,-1.1764667792139707,-0.0386008057343264,10.965653835309537,0.3597917773160256,0.3624447481381059,48.82245716368939,2.132701421800948,0.0984323733138899,0.3281079110462996,0.1687170453179424,0.9656538353095367,-1.1764667792139707,-1.1764667792139707,-0.0386008057343264,10.0,0.4124467256312726,0.0174841416968576
Eredivisie 2025-2026,NAC Breda,64x38pccgfsuz4ywoveh2ksbu,L. Greiml,Defender,Centre Back,14,1391.0,-0.2746604908408658,-0.0177709879048726,-0.6039352239515796,-0.0390756075885277,-2.2746604908408656,-0.1471742948782731,-0.0998173342859426,76.21854780733285,0.6470165348670022,0.0647016534867002,-0.1294033069734004,0.0860062731703553,-0.2746604908408658,-0.6039352239515796,-0.6039352239515796,-0.0390756075885277,-2.0,-0.1474865828178131,-0.0045488888352114
Eredivisie 2025-2026,AFC Ajax,7joybllup4h9oe6zfhcepjy6t,S. Berghuis,Forward,Left Winger,21,2077.0,-1.0591809353243895,-0.0458961406736615,-0.9083225669661896,-0.0393591868208748,14.94081906467561,0.6474115145983654,0.6285750773174167,56.417910447761194,1.949927780452576,0.1733269138180067,0.693307655272027,0.16678995996522,-1.0591809353243895,-0.9083225669661896,-0.9083225669661896,-0.0393591868208748,16.0,1.0624169986719787,0.0113888626125696
Eredivisie 2025-2026,AFC Ajax,56nbghr9snc79dt8h99wleej8,S. Steur,Midfielder,Central Midfielder,21,2055.0,-0.1508085539231095,-0.0066047541864135,-0.918963040506814,-0.0402465565185465,13.84919144607689,0.6065339319449734,0.5895343241359353,45.67883211678832,0.7883211678832117,0.0437956204379562,0.6131386861313869,0.0774374227700893,-0.1508085539231095,-0.918963040506814,-0.918963040506814,-0.0402465565185465,14.0,0.9563325406061832,0.0592891696178345
Eredivisie 2025-2026,Sparta Rotterdam,6w59kdfilru1152bjutstu2fp,J. de Guzmán,Midfielder,Central Midfielder,6,583.0,-0.2650723858715645,-0.040920265400413,-0.2650723858715645,-0.040920265400413,0.7349276141284353,0.1134536625584205,0.0467466983143738,17.753001715265867,0.0,0.0,0.1543739279588336,0.0,-0.2650723858715645,-0.2650723858715645,-0.2650723858715645,-0.040920265400413,1.0,0.7039499413375049,-0.0044060092802412
Eredivisie 2025-2026,FC Twente,ewwo2c7kw1b1okrngjl4j4dm1,S. Lammers,Forward,Centre Forward,25,2403.0,0.7168254282399875,0.0268473943161044,-1.0964645822801022,-0.0410660892239738,11.716825428239988,0.4388324130426962,0.4512429954019632,37.07865168539326,2.059925093632959,0.2247191011235955,0.4119850187265917,0.2926325846636739,0.7168254282399875,-1.0964645822801022,-1.0964645822801022,-0.0410660892239738,11.0,0.6011050618308406,0.0152443414276612
Eredivisie 2025-2026,Feyenoord Rotterdam,eoodvdqfvhql03i8kv9l14qvo,T. Kraaijeveld,Defender,Centre Back,15,1446.0,-0.344161224732652,-0.0214208231161401,-0.6623668773681354,-0.0412261541930374,6.655838775267348,0.4142638241867644,0.3349037993763742,39.95850622406639,0.3734439834024896,0.0,0.4356846473029045,0.0198053310768973,-0.344161224732652,-0.6623668773681354,-0.6623668773681354,-0.0412261541930374,7.0,0.7885349521246636,0.0009051627755499
Eredivisie 2025-2026,Go Ahead Eagles,bn8dwm2y9a8i9a10rba3dmm3u,D. James,Defender,Right Back,26,2497.0,-1.3408346461381508,-0.0483280409100655,-1.1448501605690462,-0.0412641227277589,-3.340834646138151,-0.1204145447146309,-0.1262394259625033,49.523428113736486,0.2523027633159792,0.0360432519022827,-0.0720865038045654,0.0289793337199762,-1.3408346461381508,-1.1448501605690462,-1.1448501605690462,-0.0412641227277589,-2.0,-0.1051811453058044,0.0152845708601986
Eredivisie 2025-2026,Heracles Almelo,80dk8iv6p0202z10qcqy8bfca,S. Scheperman,Midfielder,Defensive Midfielder,16,1533.0,0.7607264405407573,0.044661043475974,-0.704663019392771,-0.0413696488880296,-23.23927355945924,-1.3643409134711884,-1.0283383533317587,51.07632093933464,0.9393346379647748,0.0587084148727984,-1.4090019569471623,0.144739107236802,0.7607264405407573,-0.704663019392771,-0.704663019392771,-0.0413696488880296,-24.0,-1.8089947237653892,-0.0215984963255466
Eredivisie 2025-2026,SBV Excelsior,c6i4usq34m3389rtbqptahrai,R. Meissen,Defender,Right Back,33,3190.0,0.1683995637813779,0.0047510848715749,-1.493473353323729,-0.0421356118492588,-5.831600436218622,-0.1645279119936288,-0.1685206967157875,59.61442006269593,0.3385579937304075,0.0,-0.1692789968652037,0.0468866967208337,0.1683995637813779,-1.493473353323729,-1.493473353323729,-0.0421356118492588,-6.0,-0.2007658846711529,-0.0025067472181303
Eredivisie 2025-2026,Nijmegen Eendracht Combinatie,7wjzrrcy3fp8nq6dlanfxvqhh,B. Nuytinck,Defender,Centre Back,7,689.0,-0.0981680311918063,-0.0128231100250545,-0.3260883531862664,-0.0425949953363773,-2.098168031191807,-0.2740712958015423,-0.1258758569259824,38.664731494920176,0.1306240928882438,0.0,-0.2612481857764877,0.0297718853113228,-0.0981680311918063,-0.3260883531862664,-0.3260883531862664,-0.0425949953363773,-2.0,-0.6207610070123002,-0.0058234974158811
Eredivisie 2025-2026,AFC Ajax,7dkhv2l8y6jq20l1dc2ye17je,O. Edvardsen,Midfielder,Left Midfielder,18,1742.0,-0.1842951408063564,-0.0095215629578484,-0.8267592450237627,-0.0427143123146605,-3.184295140806357,-0.1645158224297199,-0.1646532454755979,27.743972445464983,0.2066590126291619,0.0,-0.1549942594718714,0.033192749356812,-0.1842951408063564,-0.8267592450237627,-0.8267592450237627,-0.0427143123146605,-3.0,-0.3761580792718322,-0.0082900031334924
Eredivisie 2025-2026,Fortuna Sittard,bnkzwpd607re6s01oa77wcodm,J. Dahlhaus,Defender,Right Back,26,2539.0,-0.3771267654758988,-0.0133680224075742,-1.206589969537705,-0.0427700264901116,-7.377126765475899,-0.2614972071259673,-0.2377125315247523,67.73926742812131,0.4608113430484443,0.0,-0.248129184718393,0.0294020040825374,-0.3771267654758988,-1.206589969537705,-1.206589969537705,-0.0427700264901116,-7.0,-0.2768865644090889,-0.0104058963915908
Eredivisie 2025-2026,FC Twente,723av2redj2ej6livx0g81wwl,A. Verschueren,Midfielder,Central Midfielder,30,2907.0,-0.0853415363139585,-0.0026421528270575,-1.3826089652675777,-0.0428052311228352,-2.085341536313958,-0.0645616574710203,-0.1065568411188582,18.6687306501548,0.4953560371517028,0.0309597523219814,-0.0619195046439628,0.0711228306177591,-0.0853415363139585,-1.3826089652675777,-1.3826089652675777,-0.0428052311228352,-2.0,-0.2390438247011952,0.0035278333426174
Eredivisie 2025-2026,FC Twente,qobf1v5kwuz6hj2ooixfw4mi,B. van Rooij,Defender,Left Back,33,3192.0,-1.814784105428986,-0.051168724777133,-1.5389551877106555,-0.0433915936384583,18.185215894571012,0.5127410496589571,0.4736704015012384,95.86466165413532,1.0150375939849623,0.0845864661654135,0.5639097744360902,0.0768093350267388,-1.814784105428986,-1.5389551877106555,-1.5389551877106555,-0.0433915936384583,20.0,0.5787409169828307,0.0163832034693586
Eredivisie 2025-2026,Nijmegen Eendracht Combinatie,7ugh0uvo5ieoqmzar9lgf1v1m,Róber González,Midfielder,Left Midfielder,3,296.0,-0.0687236948716868,-0.0208957180353101,-0.1434241291284387,-0.0436086879106739,-0.0687236948716869,-0.0208957180353102,-0.0044257113875699,22.5,0.304054054054054,0.0,0.0,0.0227129698753637,-0.0687236948716868,-0.1434241291284387,-0.1434241291284387,-0.0436086879106739,0.0,0.0,8.607395966375584e-05
Eredivisie 2025-2026,Alkmaar Zaanstreek,cdlnfuy9piyga0wud4nrucvtg,E. Poku,Midfielder,Left Midfielder,1,94.0,-0.0456368255811999,-0.0436948330032765,-0.0456368255811999,-0.0436948330032765,-0.0456368255811999,-0.0436948330032765,-0.0029583278993302,41.17021276595744,0.0,0.0,0.0,0.0,-0.0456368255811999,-0.0456368255811999,-0.0456368255811999,-0.0436948330032765,0.0,0.0,-0.0012815765947517
Eredivisie 2025-2026,FC Utrecht,3r6elcuru7no13hrfczmwbmy1,S. Horemans,Defender,Left Back,29,2844.0,0.4947191894842586,0.0156556705532993,-1.381822475482237,-0.0437285593507037,4.494719189484259,0.142237949034312,0.1556682044049425,52.78481012658228,0.4430379746835443,0.0,0.1265822784810126,0.059384229904003,0.4947191894842586,-1.381822475482237,-1.381822475482237,-0.0437285593507037,4.0,0.1787398838190755,0.003481801125684
Eredivisie 2025-2026,Heracles Almelo,do5gstk4ks97daehnudehyjxm,J. Žambůrek,Midfielder,Central Midfielder,26,2498.0,-0.5055821148232064,-0.0182155285564806,-1.2186324672216249,-0.0439058935348063,-25.50558211482321,-0.9189361050176494,-0.9401837151267372,44.71176941553242,0.288230584467574,0.0,-0.900720576461169,0.0256903649783257,-0.5055821148232064,-1.2186324672216249,-1.2186324672216249,-0.0439058935348063,-25.0,-1.2527142141306162,-0.0533715578149147
Eredivisie 2025-2026,SC Heerenveen,88523fv89ozrqwnbhgphxual0,M. Egbring,Defender,Left Back,8,780.0,-0.2773325222072884,-0.0319999064085332,-0.3892555481790224,-0.0449141017129641,-0.2773325222072886,-0.0319999064085333,-0.0170434356769356,20.653846153846153,0.1153846153846153,0.0,0.0,0.0129141953044308,-0.2773325222072884,-0.3892555481790224,-0.3892555481790224,-0.0449141017129641,0.0,0.0,0.0089660447238543
Eredivisie 2025-2026,PSV Eindhoven,2yc1t7u26zctwjizi283g6q6s,P. Wanner,Midfielder,Left Midfielder,22,2098.0,-0.5150438043238271,-0.0220943481359125,-1.0480508334695893,-0.0449592826559881,23.484956195676173,1.0074576061062228,0.8857399333470989,62.33079122974261,1.415633937082936,0.1286939942802669,1.0295519542421354,0.1515589288003425,-0.5150438043238271,-1.0480508334695893,-1.0480508334695893,-0.0449592826559881,24.0,1.2574344843645395,0.0262979043031017
Eredivisie 2025-2026,SC Telstar,f5pgdha5h37xytbk1zq8q710,D. Koswal,Defender,Left Back,25,2428.0,-0.9408119860498813,-0.0348735909161817,-1.2177006378595063,-0.0451371735615138,1.0591880139501182,0.0392614996933734,0.0395306935596083,40.84843492586491,0.1112026359143327,0.0,0.0741350906095551,0.010263582645332,-0.9408119860498813,-1.2177006378595063,-1.2177006378595063,-0.0451371735615138,2.0,0.1026479365863858,0.0094918536026395
Eredivisie 2025-2026,Feyenoord Rotterdam,43ib46nh45n9oajf5rmaz4f6x,Hwang In-Beom,Midfielder,Central Midfielder,17,1659.0,-0.3875390223326812,-0.0210238167630749,-0.8320448980992603,-0.0451380595713884,-3.387539022332681,-0.1837724605243769,-0.1568373027546041,52.56781193490054,0.8679927667269439,0.0542495479204339,-0.162748643761302,0.0783637907287475,-0.3875390223326812,-0.8320448980992603,-0.8320448980992603,-0.0451380595713884,-3.0,-0.2565442538837949,-0.0156652982196295
Eredivisie 2025-2026,Sparta Rotterdam,c0os20ujhb2hujvtp21093l04,A. Oufkir,Midfielder,Attacking Midfielder,16,1559.0,0.5071382122466459,0.0292767409250789,-0.7889710482778236,-0.0455467571167441,8.507138212246646,0.4911112502259129,0.4312447733856884,33.252084669660036,1.443232841565106,0.0577293136626042,0.4618345093008338,0.1325528117044274,0.5071382122466459,-0.7889710482778236,-0.7889710482778236,-0.0455467571167441,8.0,0.9269192807792987,-0.0105474416996505
Eredivisie 2025-2026,Nijmegen Eendracht Combinatie,2by23cpjtr9tsw1m4ak1w73oq,G. Crettaz,Goalkeeper,Goalkeeper,31,3037.0,-1.5416645345733426,-0.0456864695790585,-1.5416645345733426,-0.0456864695790585,12.458335465426655,0.3691966387515308,0.3292554760416211,71.41916364833718,0.0,0.0,0.4148831083305894,0.0,-1.5416645345733426,-1.5416645345733426,-1.5416645345733426,-0.0456864695790585,14.0,0.4131531344441833,-0.0114527663487753
Eredivisie 2025-2026,FC Volendam,7qzban9gm72aznhn11qyxwtg4,K. van Oevelen,Goalkeeper,Goalkeeper,32,3078.0,-1.4062658040073106,-0.0411188831581085,-1.5766339334668766,-0.0461004074113121,-17.40626580400731,-0.5089551404680501,-0.4599164715785329,71.25730994152046,0.0292397660818713,0.0,-0.4678362573099415,0.0049815242532036,-1.4062658040073106,-1.5766339334668766,-1.5766339334668766,-0.0461004074113121,-16.0,-0.472027972027972,-0.0423436081195208
Eredivisie 2025-2026,SBV Excelsior,cs49ec8y6cubrlo5nmu3j3jtg,L. Schouten,Defender,Centre Back,24,2318.0,-0.3418384046958344,-0.0132724143324525,-1.1892500908417685,-0.0461745074097321,0.6581615953041648,0.0255541603008519,0.0266207996397109,48.339085418464194,0.4659188955996549,0.0388265746333045,0.0388265746333045,0.0717286677105841,-0.3418384046958344,-1.1892500908417685,-1.1892500908417685,-0.0461745074097321,1.0,0.0606564374452407,0.0027176046925638
Eredivisie 2025-2026,SBV Excelsior,2vfhae70oyyzm0qttlckworqi,A. Carlén,Midfielder,Defensive Midfielder,26,2516.0,-0.2060831355775804,-0.0073718132758276,-1.2908720382898469,-0.0461758678243585,-15.20608313557758,-0.543937791018276,-0.6387760298579616,33.01669316375199,0.2861685214626391,0.0,-0.5365659777424483,0.038804054548531,-0.2060831355775804,-1.2908720382898469,-1.2908720382898469,-0.0461758678243585,-15.0,-0.9924646204741776,-0.0028610440594568
Eredivisie 2025-2026,NAC Breda,37c696bwovmn1x8lc8z4wp53o,C. Valerius,Defender,Left Back,29,2832.0,-0.1363064295621756,-0.0043317721259166,-1.45977145202326,-0.0463910419075188,-6.136306429562175,-0.1950097382276115,-0.2137581626651072,50.815677966101696,0.5402542372881356,0.0,-0.1906779661016949,0.0420592697816023,-0.1363064295621756,-1.45977145202326,-1.45977145202326,-0.0463910419075188,-6.0,-0.2708758318563355,-0.002083782887356
Eredivisie 2025-2026,PSV Eindhoven,5lvdnoyknuoyr6kdruposgctl,J. Schouten,Defender,Left Back,28,2699.0,-0.5596361996152988,-0.0186614516359306,-1.39734054925476,-0.0465952758180542,34.4403638003847,1.1484374738920426,1.0436119221434976,92.80103742126714,0.6335679881437569,0.0333456835865135,1.1670989255279731,0.0612795077686371,-0.5596361996152988,-1.39734054925476,-1.39734054925476,-0.0465952758180542,35.0,1.2569665207964775,0.0303823956497416
Eredivisie 2025-2026,FC Twente,a339o11ut8s1o9odm6ybc4pka,T. van den Belt,Midfielder,Central Midfielder,32,3096.0,-0.6783848963993923,-0.0197204911744009,-1.6127044091531055,-0.0468809421265437,20.321615103600607,0.5907446251046689,0.6569144979929484,56.25,1.627906976744186,0.1453488372093023,0.6104651162790697,0.1725092881614452,-0.6783848963993923,-1.6127044091531055,-1.6127044091531055,-0.0468809421265437,21.0,0.8349777633787884,0.0049226962183726
Eredivisie 2025-2026,Alkmaar Zaanstreek,wuh8s4gfo9ro3nel3rormg44,R. Daal,Midfielder,Attacking Midfielder,24,2308.0,-0.2647919688779143,-0.0103255100515651,-1.2045494935607333,-0.046971167426545,2.735208031122085,0.1066588920281575,0.1134699268569478,38.40987868284229,0.9748700173310224,0.0389948006932409,0.1169844020797227,0.0756404580682209,-0.2647919688779143,-1.2045494935607333,-1.2045494935607333,-0.046971167426545,3.0,0.1927355359118651,0.0208116363607347
Eredivisie 2025-2026,FC Twente,cocgd3hh74fq9c30x9bps4idw,S. Lemkin,Defender,Left Back,25,2409.0,-0.4702359938468253,-0.0175679698821977,-1.2844230998336028,-0.0479859190473326,10.529764006153172,0.3933909342273912,0.3472484761880589,72.85180572851806,0.261519302615193,0.0,0.410958904109589,0.0304179491651348,-0.4702359938468253,-1.2844230998336028,-1.2844230998336028,-0.0479859190473326,11.0,0.4519791206951652,0.0201018815813971
Eredivisie 2025-2026,PEC Zwolle,cstlool8c2aoty5vhx77t4q38,J. Faberski,Midfielder,Left Midfielder,18,1739.0,-0.1380789417159065,-0.0071461211928876,-0.9278075412879936,-0.0480176415847725,-10.138078941715904,-0.5246849366040435,-0.5518518756015007,18.73490511788384,0.5692926969522715,0.0,-0.5175388154111559,0.0408715203918849,-0.1380789417159065,-0.9278075412879936,-0.9278075412879936,-0.0480176415847725,-10.0,-1.586788516352737,-0.004366698463606
Eredivisie 2025-2026,FC Groningen,1nk0hcaa9o4jnyxc9ndz1lams,D. van der Werff,Midfielder,Left Midfielder,35,3384.0,0.1806771891330622,0.0048052443918367,-1.8111778147185589,-0.0481696227318765,6.180677189133061,0.1643797124769431,0.2031242799369935,41.861702127659576,1.4893617021276595,0.0797872340425532,0.1595744680851064,0.1327621011662666,0.1806771891330622,-1.8111778147185589,-1.8111778147185589,-0.0481696227318765,6.0,0.2451277085098656,-0.003907979340149
Eredivisie 2025-2026,SC Heerenveen,8jm8a7w3a5b5nzikcom7cvf2s,M. Willemsen,Defender,Right Back,31,3009.0,0.379852417333593,0.0113614880558402,-1.6118522602711678,-0.0482109350031256,2.379852417333594,0.0711820264406857,0.0662526392395094,82.61216350947159,0.5383848454636092,0.0299102691924227,0.0598205383848454,0.0894826922513887,0.379852417333593,-1.6118522602711678,-1.6118522602711678,-0.0482109350031256,2.0,0.0634290446293805,0.0047275998666211
Eredivisie 2025-2026,FC Utrecht,3gczyjwrkpu7ht35di1g09s0k,E. Demircan,Midfielder,Attacking Midfielder,6,589.0,-0.0429949013285015,-0.0065696793201445,-0.3198835531381265,-0.0488786413963181,0.9570050986714984,0.1462316789141508,0.0605371338946367,13.599320882852291,0.4584040747028862,0.0,0.1528013582342954,0.0423089620761736,-0.0429949013285015,-0.3198835531381265,-0.3198835531381265,-0.0488786413963181,1.0,0.629297284698753,0.004827573906382
Eredivisie 2025-2026,FC Volendam,c9epkro6fot3km9zak1kswfhm,X. Mbuyamba,Defender,Left Back,16,1547.0,-0.1806173132181201,-0.0105077945634329,-0.8403978740298463,-0.0488919254445288,-9.18061731321812,-0.5341018475692506,-0.4546722285761194,42.93471234647705,0.5817711700064642,0.0581771170006464,-0.5235940530058177,0.0965612478817423,-0.1806173132181201,-0.8403978740298463,-0.8403978740298463,-0.0488919254445288,-9.0,-0.956768249468462,-0.027874795477314
Eredivisie 2025-2026,Feyenoord Rotterdam,6fdwd71dx2qu7uzzs3ozm9x7u,T. Watanabe,Defender,Centre Back,30,2937.0,0.6481051080768595,0.0198602178164512,-1.5968886307093946,-0.0489342787755687,19.64810510807686,0.6020869798184941,0.5431057160571736,82.89070480081716,0.7048008171603677,0.0612870275791624,0.5822267620020429,0.1300815241711825,0.6481051080768595,-1.5968886307093946,-1.5968886307093946,-0.0489342787755687,19.0,0.596563653807018,0.0269498052956311
Eredivisie 2025-2026,Fortuna Sittard,2fbolmn7pyvn5oto4zoeqguwa,N. Kasanwirjo,Defender,Left Back,16,1556.0,-0.0027583986231997,-0.0001595474782056,-0.8487665146250077,-0.049093178866485,-12.0027583986232,-0.6942469510771774,-0.4929065149000052,67.67352185089975,0.4048843187660668,0.0,-0.6940874035989717,0.0489336313882794,-0.0027583986231997,-0.8487665146250077,-0.8487665146250077,-0.049093178866485,-12.0,-0.7531555824170715,-0.0013063397669797
Eredivisie 2025-2026,Fortuna Sittard,7lq72necawfl67dfee8m8ndw4,O. Johnson,Forward,Left Winger,4,392.0,-0.2165292982356328,-0.0497133592887932,-0.2165292982356328,-0.0497133592887932,-2.2165292982356326,-0.5088970327581809,-0.1450958990208201,7.11734693877551,0.0,0.0,-0.4591836734693877,0.0,-0.2165292982356328,-0.2165292982356328,-0.2165292982356328,-0.0497133592887932,-2.0,-3.6412677006068783,0.0040068958597793
Eredivisie 2025-2026,Sparta Rotterdam,6ip2m18ncyy5m4ft6r8dr0avo,Y. el Meftahi,Midfielder,Defensive Midfielder,1,98.0,0.1160132050287615,0.1065427393121279,-0.0543549244308043,-0.0499177877425753,0.1160132050287615,0.1065427393121279,0.0076175739046713,32.142857142857146,0.9183673469387756,0.0,0.0,0.1564605270547033,0.1160132050287615,-0.0543549244308043,-0.0543549244308043,-0.0499177877425753,0.0,0.0,-0.0009564278302175
Eredivisie 2025-2026,Sparta Rotterdam,29q4j9r2lgdsdkkq2fgh8l7o4,Ayoni Santos,Midfielder,Central Midfielder,26,2510.0,-0.089592123475556,-0.0032124665788047,-1.3953643790253842,-0.0500329857021054,-5.089592123475556,-0.1824953351047012,-0.1960511751484387,46.398406374501995,0.7529880478087649,0.0358565737051792,-0.1792828685258964,0.0826770928284799,-0.089592123475556,-1.3953643790253842,-1.3953643790253842,-0.0500329857021054,-5.0,-0.2733402174573285,0.0106181860295
Eredivisie 2025-2026,NAC Breda,6feheukom1kdo8w1hwrztpvro,B. Ghalidi,Midfielder,Attacking Midfielder,10,965.0,-0.2681429025286024,-0.0250081463498178,-0.5371262687571811,-0.0500946779151775,-5.268142902528602,-0.4913293898731339,-0.3111630958925444,26.020725388601036,0.466321243523316,0.0,-0.466321243523316,0.0250865315653596,-0.2681429025286024,-0.5371262687571811,-0.5371262687571811,-0.0500946779151775,-5.0,-1.348314606741573,-0.0033466927741886
Eredivisie 2025-2026,SC Telstar,52cqyvn8cfh83i5zwm3181pbe,T. Noslin,Midfielder,Left Midfielder,34,3305.0,-0.5916009908787919,-0.0161101631404209,-1.844690286560597,-0.0502336235372023,-5.591600990878793,-0.1522675005080458,-0.1741427767733559,57.0499243570348,1.0620272314674737,0.0544629349470499,-0.1361573373676248,0.0885863953438313,-0.5916009908787919,-1.844690286560597,-1.844690286560597,-0.0502336235372023,-5.0,-0.1873269827173513,-0.0105904899347106
Eredivisie 2025-2026,SC Heerenveen,5oghztk07za2yuqq4jnav22y2,M. Rivera,Midfielder,Attacking Midfielder,30,2914.0,0.1300135516167596,0.0040155180664064,-1.6270592305352956,-0.0502523441139933,-0.8699864483832415,-0.0268698628532916,-0.028947018646839,51.48592999313658,2.1928620452985585,0.123541523678792,-0.030885380919698,0.1778093858591919,0.1300135516167596,-1.6270592305352956,-1.6270592305352956,-0.0502523441139933,-1.0,-0.0417059268756082,-0.0026794632051531
Eredivisie 2025-2026,PEC Zwolle,9ugpnnovqttl8lguv7wdyiezu,S. Graves,Goalkeeper,Goalkeeper,32,3072.0,-0.5447807773191726,-0.0159603743355226,-1.7331262211541314,-0.0507751822603749,-14.544780777319174,-0.4261166243355227,-0.4022045356471342,79.74609375,0.29296875,0.029296875,-0.41015625,0.0641116829248523,-0.5447807773191726,-1.7331262211541314,-1.7331262211541314,-0.0507751822603749,-14.0,-0.4398238377538732,-0.0040342607447405
Eredivisie 2025-2026,Nijmegen Eendracht Combinatie,1asrguqxyo7rmoyamggwd9oq2,A. Kaplan,Defender,Right Back,25,2446.0,0.506672574246649,0.0186428992977099,-1.382396343697956,-0.0508649513216745,3.50667257424665,0.1290272001971375,0.1148392185897985,81.42681929681112,0.7358953393295176,0.0367947669664758,0.1103843008994276,0.1063026175858604,0.506672574246649,-1.382396343697956,-1.382396343697956,-0.0508649513216745,3.0,0.1218512361883128,-0.0147465720053528
Eredivisie 2025-2026,Feyenoord Rotterdam,ciguyr553yqapqfudim9af46h,M. Deijl,Defender,Left Back,14,1362.0,-0.4091679515929041,-0.0270375298409408,-0.7781283984626757,-0.0514181761098684,2.590832048407096,0.1712003556216143,0.1131581476798082,57.48898678414097,0.2643171806167401,0.0,0.198237885462555,0.0243806462689276,-0.4091679515929041,-0.7781283984626757,-0.7781283984626757,-0.0514181761098684,3.0,0.2185556439971398,-0.0217887984771462
Eredivisie 2025-2026,Go Ahead Eagles,1mroid71v9bwpx0iaospei9gq,R. Margaret,Midfielder,Attacking Midfielder,23,2224.0,-0.7816765539212385,-0.0316325943583235,-1.271641734125456,-0.0514603219745013,6.21832344607876,0.2516407869366405,0.2839979832322972,32.94064748201439,0.6474820143884892,0.0404676258992805,0.283273381294964,0.0602953535154584,-0.7816765539212385,-1.271641734125456,-1.271641734125456,-0.0514603219745013,7.0,0.5754300502359568,0.0079826311098399
Eredivisie 2025-2026,Fortuna Sittard,181odb6ghlhjpyfm7fo3yh5w4,A. Laoukili,Defender,Left Back,1,95.0,0.1157303754409635,0.1096393030493338,-0.0546377540186023,-0.0517620827544653,1.1157303754409635,1.0570077241019653,0.0741703012414133,2.8421052631578947,0.9473684210526316,0.0,0.9473684210526316,0.1614013858037992,0.1157303754409635,-0.0546377540186023,-0.0546377540186023,-0.0517620827544653,1.0,11.688311688311687,7.583298760327077e-05
Eredivisie 2025-2026,SBV Excelsior,4sunqn5rh61b4lmywcei3d17u,Z. Booth,Midfielder,Right Midfielder,3,286.0,-0.1375448232022823,-0.0432833359727461,-0.1685029520646962,-0.0530254044958834,-1.137544823202283,-0.357968650658061,-0.072729241450367,17.307692307692307,0.3146853146853147,0.0,-0.3146853146853147,0.0097420685231373,-0.1375448232022823,-0.1685029520646962,-0.1685029520646962,-0.0530254044958834,-1.0,-0.7912087912087912,-0.0031148727920679
Eredivisie 2025-2026,Go Ahead Eagles,61a5bh5xw947nv4mxx62gqaqx,J. Kramer,Defender,Right Back,34,3270.0,-0.1167381071951284,-0.0032129754273888,-1.953985120077828,-0.0537794069746191,3.8832618928048728,0.1068787676918772,0.0982418621776578,89.0091743119266,0.4403669724770642,0.0275229357798165,0.110091743119266,0.0780893673270468,-0.1167381071951284,-1.953985120077828,-1.953985120077828,-0.0537794069746191,4.0,0.1113482416256843,-0.011335505376049
Eredivisie 2025-2026,FC Volendam,9bgq1tfyfzc3wg9pfr8q510k4,D. Kwakman,Midfielder,Defensive Midfielder,10,971.0,0.0033530839559846,0.0003107904799573,-0.5925815256826624,-0.0549251671590521,-3.996646916044015,-0.370441011785748,-0.202364462342021,58.30072090628218,1.01956745623069,0.0,-0.3707518022657055,0.0552359576390095,0.0033530839559846,-0.5925815256826624,-0.5925815256826624,-0.0549251671590521,-4.0,-0.4614102920129024,-0.0036390360189751
Eredivisie 2025-2026,FC Groningen,3aly8eihwfvtwde7dg0k18w7o,J. Schreuders,Midfielder,Right Midfielder,35,3384.0,-0.2349982313021488,-0.0062499529601635,-2.0820617450012837,-0.0553739825798213,-1.234998231302149,-0.0328456976410146,-0.0322089793652235,57.79255319148936,0.9574468085106383,0.026595744680851,-0.026595744680851,0.0757197743005089,-0.2349982313021488,-2.0820617450012837,-2.0820617450012837,-0.0553739825798213,-1.0,-0.0289865963831169,0.0078426228100336
Eredivisie 2025-2026,AFC Ajax,2zkaf848fjcdhuii8783pkm7e,Y. Regeer,Midfielder,Defensive Midfielder,27,2641.0,-0.1985985916601449,-0.0067678429569909,-1.6254443492934725,-0.0553918937661539,12.801401408339856,0.4362461668877648,0.4588748686262695,60.55660734570239,0.4089360090874668,0.0,0.4430140098447557,0.048624050809163,-0.1985985916601449,-1.6254443492934725,-1.6254443492934725,-0.0553918937661539,13.0,0.6180720027469867,0.0329644940646052
Eredivisie 2025-2026,Heracles Almelo,9y5kirmp6gcrsy2s1pinhkqy2,L. Kulenović,Forward,Centre Forward,29,2789.0,0.0164762279797809,0.0005316817921047,-1.7194361298758885,-0.055485568909584,-26.98352377202022,-0.8707483468920114,-0.996844268337769,34.72212262459663,1.5489422732162066,0.1613481534600215,-0.8712800286841161,0.2173654041617104,0.0164762279797809,-1.7194361298758885,-1.7194361298758885,-0.055485568909584,-27.0,-1.3586298153083476,-0.0231822326521261
Eredivisie 2025-2026,Alkmaar Zaanstreek,5i0e7e59vav8ynqzt7qrvitt6,J. Hornkamp,Forward,Centre Forward,8,772.0,0.091842911679748,0.0107070751958255,-0.4768136692338435,-0.0555870857915102,-0.908157088320252,-0.1058732356850034,-0.0549054249234896,18.536269430051817,0.349740932642487,0.0,-0.116580310880829,0.0662941609873358,0.091842911679748,-0.4768136692338435,-0.4768136692338435,-0.0555870857915102,-1.0,-0.3353412407625908,-0.009521722628185
Eredivisie 2025-2026,FC Utrecht,c2an5ksdu6jbap3x3jp3z9c5x,N. Viergever,Defender,Right Back,27,2642.0,-0.3854475582009532,-0.0131303104610468,-1.6341354952795468,-0.0556669926476757,7.614552441799045,0.2593905071014057,0.267937135873211,50.41635124905375,0.3065859197577593,0.0,0.2725208175624526,0.0425366821866288,-0.3854475582009532,-1.6341354952795468,-1.6341354952795468,-0.0556669926476757,8.0,0.3677284257477995,0.017267033581423
Eredivisie 2025-2026,SBV Excelsior,7y0acvcg9km8dz51t5ndy23md,M. van Duinen,Forward,Left Winger,28,2709.0,-0.2160782941126292,-0.0071786808675292,-1.678735063885657,-0.055771929032746,-6.216078294112629,-0.2065142290402866,-0.3045368228576153,18.272425249169434,0.5980066445182725,0.0332225913621262,-0.1993355481727574,0.0818158395273431,-0.2160782941126292,-1.678735063885657,-1.678735063885657,-0.055771929032746,-6.0,-0.6141248720573184,-0.016466339431354
Eredivisie 2025-2026,Alkmaar Zaanstreek,5ylwgfqvaobru2lxqvlhpxul0,E. Dijkstra,Defender,Left Back,20,1932.0,-0.6458954391493757,-0.0300882968547845,-1.204057182065417,-0.0560896202825504,4.354104560850624,0.2028309578036005,0.183149383815784,59.67391304347826,0.3260869565217391,0.0,0.2329192546583851,0.0260013234277659,-0.6458954391493757,-1.204057182065417,-1.204057182065417,-0.0560896202825504,5.0,0.3318665650581381,0.0226488801106263
Eredivisie 2025-2026,Alkmaar Zaanstreek,c0os20ujhb2hujvtp21093l04,A. Oufkir,Midfielder,Attacking Midfielder,8,769.0,-0.1528299175384753,-0.0178864662918891,-0.4869094572899146,-0.056985502153566,-2.152829917538475,-0.2519566873582091,-0.1304928989624375,23.99219765929779,0.5851755526657998,0.0,-0.2340702210663199,0.0390990358616769,-0.1528299175384753,-0.4869094572899146,-0.4869094572899146,-0.056985502153566,-2.0,-0.6892150606253988,-0.0105474416996505
Eredivisie 2025-2026,PEC Zwolle,duuaefhzmbqoj4eo44kgbr6s4,R. Kroeze,Defender,Left Back,1,96.0,-0.0282030912838085,-0.0264403980785704,-0.061863020483306,-0.0579965817030993,1.9717969087161915,1.8485596019214297,0.1302979639174052,32.8125,0.9375,0.0,1.875,0.0315561836245289,-0.0282030912838085,-0.061863020483306,-0.061863020483306,-0.0579965817030993,2.0,7.541899441340782,-0.0035025433246137
Eredivisie 2025-2026,PSV Eindhoven,b0me6l44boibnwpbtasxoy02x,S. Dest,Defender,Left Back,27,2590.0,-1.7039789742555942,-0.0592116245880322,-1.6824750710868943,-0.0584643847095832,39.2960210257444,1.3654988001223924,1.2483326356041071,86.76833976833977,0.4864864864864865,0.0347490347490347,1.4247104247104247,0.0340017948705857,-1.7039789742555942,-1.6824750710868943,-1.6824750710868943,-0.0584643847095832,41.0,1.5850175039195895,0.0722743124492907
Eredivisie 2025-2026,Sparta Rotterdam,f07qmqesi1rpw7eapoz9rb0gk,J. Baas,Midfielder,Central Midfielder,23,2236.0,0.0756323231055045,0.0030442348298279,-1.454990999632584,-0.0585640384467497,0.0756323231055045,0.0030442348298279,0.0031101583822362,43.51073345259392,0.684257602862254,0.0,0.0,0.0616082732765778,0.0756323231055045,-1.454990999632584,-1.454990999632584,-0.0585640384467497,0.0,0.0,0.0175366154944227
Eredivisie 2025-2026,SC Heerenveen,1tj9gmnm02s8f12zwzvuwnoph,P. Bochniewicz,Forward,Centre Forward,1,100.0,-0.065633291330208,-0.0590699621971872,-0.065633291330208,-0.0590699621971872,-0.065633291330208,-0.0590699621971872,-0.0043540965466717,3.6,0.0,0.0,0.0,0.0,-0.065633291330208,-0.065633291330208,-0.065633291330208,-0.0590699621971872,0.0,0.0,0.0001407725918532
Eredivisie 2025-2026,FC Groningen,ewbakrn2dqmy062scjnz0pecp,Rui Mendes,Forward,Centre Forward,6,582.0,-0.290935209172005,-0.0449899807997945,-0.3872836097341773,-0.0598892180001305,-0.290935209172005,-0.0449899807997945,-0.0186539922652849,7.577319587628866,0.1546391752577319,0.0,0.0,0.0148992372003359,-0.290935209172005,-0.3872836097341773,-0.3872836097341773,-0.0598892180001305,0.0,0.0,-0.0035839985093514
Eredivisie 2025-2026,Feyenoord Rotterdam,cowh2h7fw3pcykf3v1awg4opg,J. Zinhagel,Forward,Centre Forward,1,96.0,-0.064593936796445,-0.0605568157466671,-0.064593936796445,-0.0605568157466671,-0.064593936796445,-0.0605568157466671,-0.0042750212871165,8.4375,0.0,0.0,0.0,0.0,-0.064593936796445,-0.064593936796445,-0.064593936796445,-0.0605568157466671,0.0,0.0,1.4503134197548598e-05
Eredivisie 2025-2026,Go Ahead Eagles,9vyizhfym4y8vc07xrvba7skq,O. Pettersson,Midfielder,Attacking Midfielder,5,491.0,-0.0039961203713107,-0.0007324864224398,-0.3332471496502511,-0.0610839989175613,0.9960038796286892,0.1825669025795968,0.0620795857760017,16.313645621181262,0.7331975560081466,0.0,0.1832993890020366,0.0603515124951215,-0.0039961203713107,-0.3332471496502511,-0.3332471496502511,-0.0610839989175613,1.0,0.4897959183673469,-0.0075316273297908
Eredivisie 2025-2026,Nijmegen Eendracht Combinatie,dse071e8zbzm8l37m64g6e1p0,K. Sano,Midfielder,Central Midfielder,34,3331.0,-2.923579153588553,-0.0789919314989402,-2.2825401235894143,-0.0616717535644092,15.076420846411446,0.4073485068078746,0.3715938396953354,84.6772740918643,0.9186430501350946,0.0810567397178024,0.4863404383068148,0.0637365617832715,-2.923579153588553,-2.2825401235894143,-2.2825401235894143,-0.0616717535644092,18.0,0.4842976936069714,-0.0038936223813361
Eredivisie 2025-2026,NAC Breda,200chcevwu3znwew6xjyaof6d,F. Oldrup Jensen,Defender,Left Back,11,1062.0,0.059203423246744,0.0050172392581986,-0.7392065824174414,-0.0626446256285967,-11.940796576753256,-1.0119319132841742,-0.6030218792994437,63.728813559322035,0.5932203389830508,0.0,-1.0169491525423728,0.0676618648867954,0.059203423246744,-0.7392065824174414,-0.7392065824174414,-0.0626446256285967,-12.0,-1.370471416788275,-0.0264689597015483
Eredivisie 2025-2026,Alkmaar Zaanstreek,73lwz4he5erpp25zi8crjvztg,I. Jensen,Midfielder,Right Midfielder,33,3181.0,-0.8273217300596994,-0.0234074051258638,-2.2165592229050715,-0.0627130870988545,13.1726782699403,0.3726944496367894,0.4400917019149792,45.778057214712355,0.9902546369066332,0.0565859792518076,0.3961018547626532,0.0958916612247983,-0.8273217300596994,-2.2165592229050715,-2.2165592229050715,-0.0627130870988545,14.0,0.5879242231001338,0.0271510579345707
Eredivisie 2025-2026,Heracles Almelo,5bm516z74pbsyfemsathj3umt,M. Engels,Midfielder,Right Midfielder,24,2314.0,-0.3603420927076221,-0.0140150338563897,-1.621793357745965,-0.0630775290393849,-18.360342092707626,-0.7141014642798988,-0.8306634001665296,22.63612791702679,0.700086430423509,0.0388936905790838,-0.700086430423509,0.087956185762079,-0.3603420927076221,-1.621793357745965,-1.621793357745965,-0.0630775290393849,-18.0,-1.440896557858223,-0.0328945587277301
Eredivisie 2025-2026,Nijmegen Eendracht Combinatie,2nwthqvbk70e2qo35dgp35979,V. van Crooij,Midfielder,Right Midfielder,8,795.0,-0.4688070047850478,-0.0530724911077412,-0.5627900263228526,-0.0637120784516436,1.531192995214952,0.1733426032318814,0.0908405135224849,22.754716981132077,0.7924528301886793,0.1132075471698113,0.2264150943396226,0.1238471345137137,-0.4688070047850478,-0.5627900263228526,-0.5627900263228526,-0.0637120784516436,2.0,0.5601950308625966,0.0124503825241867
Eredivisie 2025-2026,Fortuna Sittard,eyzcfyn1crjcgmm98uk9u8oyy,É. Michut,Midfielder,Central Midfielder,20,1951.0,-0.0301835396770817,-0.0013923724095014,-1.391437066037736,-0.064187255737261,-5.030183539677083,-0.2320433206411775,-0.1904832857726161,63.70579190158893,0.7842132239876987,0.0,-0.230650948231676,0.0627948833277596,-0.0301835396770817,-1.391437066037736,-1.391437066037736,-0.064187255737261,-5.0,-0.2640793411709474,-0.0002261916837424
Eredivisie 2025-2026,Alkmaar Zaanstreek,792zq4joba1qgt0lusvrjantg,L. Zeefuik,Forward,Left Winger,10,966.0,-0.0554128738322418,-0.0051626901085939,-0.6926929941246943,-0.0645366143594435,-0.0554128738322422,-0.005162690108594,-0.0034610923064706,10.900621118012422,0.3726708074534161,0.0,0.0,0.0593739242508496,-0.0554128738322418,-0.6926929941246943,-0.6926929941246943,-0.0645366143594435,0.0,0.0,-0.024850600364218
Eredivisie 2025-2026,FC Twente,bvwaamcj0bpdrcuoffl6b9rf8,D. Weidmann,Midfielder,Right Midfielder,16,1541.0,-0.4235363880800081,-0.0247360641967558,-1.1059509271602082,-0.0645915531761315,1.576463611919991,0.0920712038110312,0.0869742960384068,30.48669695003245,0.5840363400389358,0.0,0.1168072680077871,0.0398554889793757,-0.4235363880800081,-1.1059509271602082,-1.1059509271602082,-0.0645915531761315,2.0,0.3407477520113582,0.0050807305501214
Eredivisie 2025-2026,NAC Breda,4f8xb5sbyksacxmifi375h7qi,K. Sowah,Midfielder,Right Midfielder,33,3218.0,-0.2480218822268424,-0.0069365970790602,-2.345067251145088,-0.0655860946560155,-21.24802188222684,-0.5942579146676245,-0.5734485934922338,60.43816034804226,1.006836544437539,0.0279676817899316,-0.5873213175885643,0.086617179366887,-0.2480218822268424,-2.345067251145088,-2.345067251145088,-0.0655860946560155,-21.0,-0.6377629928743764,-0.0302670662995328
Eredivisie 2025-2026,Heracles Almelo,1xsy3m0bzicto5ogxsd026bmy,E. Ahlstrand,Midfielder,Left Midfielder,14,1344.0,-0.4386638683671879,-0.0293748126138741,-0.9837444190322456,-0.0658757423459092,-17.438663868367186,-1.1677676697567312,-0.8746441823790917,39.24107142857143,0.5357142857142857,0.0,-1.1383928571428572,0.0365009297320351,-0.4386638683671879,-0.9837444190322456,-0.9837444190322456,-0.0658757423459092,-17.0,-1.89215928765768,-0.0199880398414806
Eredivisie 2025-2026,FC Volendam,eu901b75l2ly5p48jdw6kwmad,M. Amevor,Defender,Left Back,32,3081.0,-1.3801089227932617,-0.04031476892288,-2.2734816779661515,-0.0664113440496441,-10.380108922793262,-0.3032164242295987,-0.2812061402164434,61.84031158714703,0.3505355404089581,0.0292112950340798,-0.2629016553067186,0.0553078701608439,-1.3801089227932617,-2.2734816779661515,-2.2734816779661515,-0.0664113440496441,-9.0,-0.2747625508819539,-0.021662632305486
Eredivisie 2025-2026,PSV Eindhoven,d36na8jr6xcc8eronhy8mcz1m,K. Sildillia,Defender,Left Back,21,2014.0,-0.9344385266859844,-0.0417574316791154,-1.5013662654760151,-0.0670918390729103,7.065561473314015,0.315740085699236,0.294644585107859,64.88579940417081,0.6703078450844091,0.0893743793445878,0.3574975173783515,0.1147087867383827,-0.9344385266859844,-1.5013662654760151,-1.5013662654760151,-0.0670918390729103,8.0,0.5202437438281269,-0.0027862906427687
Eredivisie 2025-2026,Nijmegen Eendracht Combinatie,5dbx86ca2t7dae8b3t69atii1,W. Willumsson,Forward,Centre Forward,4,388.0,-0.2165744368280521,-0.0502363384394966,-0.291274871084804,-0.0675637587567844,0.7834255631719479,0.1817224244471013,0.0499163840446335,19.716494845360824,0.2319587628865979,0.0,0.2319587628865979,0.0173274203172878,-0.2165744368280521,-0.291274871084804,-0.291274871084804,-0.0675637587567844,1.0,0.7306183195778649,-0.0037559320665637
Eredivisie 2025-2026,SC Heerenveen,ar7llmzju08n8yrqu8xm1thck,O. Braude,Defender,Left Back,33,3205.0,-0.4721168562088165,-0.0132575716252085,-2.4072842264285352,-0.0675992450479151,-2.4721168562088165,-0.0694198181150681,-0.0643101573979679,83.79407176287052,0.5897035881435257,0.0,-0.0561622464898595,0.0543416734227066,-0.4721168562088165,-2.4072842264285352,-2.4072842264285352,-0.0675992450479151,-2.0,-0.0577762560986048,-0.003006488418807
Eredivisie 2025-2026,Heracles Almelo,2zwe056wfzof0v5jv01dv9uc5,A. Hrustić,Midfielder,Left Midfielder,27,2605.0,-0.1668423097212619,-0.0057642256717518,-1.9927707397623948,-0.0688481253660712,-31.16684230972126,-1.0767815001439207,-0.9766181086662457,65.57389635316699,1.2437619961612283,0.0345489443378119,-1.0710172744721689,0.0976328440321313,-0.1668423097212619,-1.9927707397623948,-1.9927707397623948,-0.0688481253660712,-31.0,-1.1726630800268998,-0.0321883718037716
Eredivisie 2025-2026,Feyenoord Rotterdam,e9l5r0txzrjbenli05rn3k4wl,R. Sterling,Midfielder,Attacking Midfielder,8,776.0,0.1966401839833245,0.0228062069052824,-0.5945141292555016,-0.0689513809703545,-1.8033598160166753,-0.2091525559813154,-0.1026642501156204,36.41752577319588,0.9278350515463918,0.0,-0.2319587628865979,0.0917575878756371,0.1966401839833245,-0.5945141292555016,-0.5945141292555016,-0.0689513809703545,-2.0,-0.4108182129407737,-0.0105738172651755
Eredivisie 2025-2026,AFC Ajax,3rve12v22lh39aaqgjlwlmhas,D. Konadu,Forward,Centre Forward,9,883.0,0.3726029734088618,0.0379776530088307,-0.6772879088201791,-0.0690327426883534,2.372602973408862,0.2418281626351048,0.1449319225868962,12.129105322763309,0.7134767836919592,0.0,0.203850509626274,0.1070103956971842,0.3726029734088618,-0.6772879088201791,-0.6772879088201791,-0.0690327426883534,2.0,0.7512520868113522,-0.0156083375439293
Eredivisie 2025-2026,Sparta Rotterdam,7ty1wdxxnusgkl34k5raipbl5,M. van Bergen,Midfielder,Attacking Midfielder,29,2807.0,-0.4422511736771577,-0.0141797668795668,-2.1648127046872703,-0.0694097411549178,-9.44225117367716,-0.3027440704064639,-0.2909971268735,49.56893480584254,1.9878874242964015,0.0961881011756323,-0.288564303526897,0.1514180754509834,-0.4422511736771577,-2.1648127046872703,-2.1648127046872703,-0.0694097411549178,-9.0,-0.3317247640044503,-0.0012950823125384
Eredivisie 2025-2026,Sparta Rotterdam,ely6vpyueden4b6ozfmspwgk5,J. Toornstra,Midfielder,Central Midfielder,17,1656.0,-0.3505024151722454,-0.0190490443028394,-1.278797829799947,-0.0694998820543449,-10.350502415172246,-0.5625273051724047,-0.5049206775430003,34.891304347826086,0.5978260869565217,0.0,-0.5434782608695652,0.0504508377515055,-0.3505024151722454,-1.278797829799947,-1.278797829799947,-0.0694998820543449,-10.0,-1.008648224592338,-0.0049840241690376
Eredivisie 2025-2026,NAC Breda,a3m4r77behilkcznll07b7d1x,C. Leemans,Midfielder,Right Midfielder,31,3018.0,-1.378917546974564,-0.041120801599639,-2.355072731315628,-0.0702307971565296,-14.378917546974565,-0.4287947578620645,-0.5695445751623146,47.62425447316103,0.7455268389662028,0.0298210735586481,-0.3876739562624254,0.0589310691155387,-1.378917546974564,-2.355072731315628,-2.355072731315628,-0.0702307971565296,-13.0,-0.7533967245487132,-0.0387651084768571
Eredivisie 2025-2026,FC Volendam,7a1f6wedz8jtcvn58d5pomm8k,S. Esajas,Midfielder,Defensive Midfielder,3,285.0,-0.0724447942490417,-0.0228773034470658,-0.2224615962248859,-0.070251030386806,-4.072444794249042,-1.2860351981839078,-0.2635312385520985,17.36842105263158,0.631578947368421,0.0,-1.263157894736842,0.0473737269397402,-0.0724447942490417,-0.2224615962248859,-0.2224615962248859,-0.070251030386806,-4.0,-4.455445544554455,-0.0054068990504311
Eredivisie 2025-2026,NAC Breda,c3j7ddqg0yzporam6gieibgiy,C. Brym,Forward,Left Winger,24,2339.0,0.3754820388920623,0.0144477911501862,-1.8474584583113505,-0.0710864733852165,-10.624517961107935,-0.4088100113295059,-0.4146178976433866,45.4424967935015,1.6545532278751602,0.0769559640872167,-0.4232578024796922,0.1624902286226196,0.3754820388920623,-1.8474584583113505,-1.8474584583113505,-0.0710864733852165,-11.0,-0.6177461624859603,-0.0295201531500812
Eredivisie 2025-2026,Go Ahead Eagles,94b7i139jyk6hs6ioqlztg1jp,F. Stokkers,Forward,Centre Forward,19,1829.0,-0.2820310127475618,-0.0138779612614983,-1.4685142410483747,-0.0722614990127685,4.717968987252438,0.2321581240310112,0.2718666317671875,12.547840349917989,0.6396938217605249,0.0492072170585019,0.2460360852925095,0.1075907548097721,-0.2820310127475618,-1.4685142410483747,-1.4685142410483747,-0.0722614990127685,5.0,1.1148732347840449,-0.0082381482093342
Eredivisie 2025-2026,Sparta Rotterdam,ass524umdrpsq324wksaqef4k,M. Young,Goalkeeper,Goalkeeper,33,3197.0,-1.079513286721383,-0.0303898016280652,-2.5671146299792427,-0.0722678500776139,-17.079513286721383,-0.4808120725070142,-0.4347015561907157,80.93525179856115,0.2815139192993431,0.0,-0.450422270878949,0.0418780484495487,-1.079513286721383,-2.5671146299792427,-2.5671146299792427,-0.0722678500776139,-16.0,-0.4489454458537497,-0.0007683517762683
Eredivisie 2025-2026,SBV Excelsior,ucqemxwd5n13up4t16o6qot0,C. Nadje,Midfielder,Left Midfielder,7,679.0,-0.2110257514236708,-0.0279710127071139,-0.5489062379002463,-0.0727563496480444,-0.2110257514236707,-0.0279710127071139,-0.0127350135762071,31.148748159057437,0.5301914580265096,0.0,0.0,0.0447853369409305,-0.2110257514236708,-0.5489062379002463,-0.5489062379002463,-0.0727563496480444,0.0,0.0,0.003676055921913
Eredivisie 2025-2026,Alkmaar Zaanstreek,3dx91sb6ktg8z1xmoti25kru,P. Koopmeiners,Midfielder,Central Midfielder,29,2798.0,-1.671640912957699,-0.0537697220036429,-2.2819566319488125,-0.0734010353378817,-0.671640912957699,-0.0216038892659731,-0.0215219504236144,62.9807005003574,0.9971408148677628,0.0643316654753395,0.0321658327376697,0.0839629788095784,-1.671640912957699,-2.2819566319488125,-2.2819566319488125,-0.0734010353378817,1.0,0.0392003136025088,0.009290776390794
Eredivisie 2025-2026,PSV Eindhoven,3c3vzihvua5ap17aa27v1ve38,J. van den Berg,Midfielder,Central Midfielder,5,469.0,-0.2771484487353262,-0.0531841372839645,-0.3867469034753035,-0.0742158236946211,2.722851551264674,0.5225088264687007,0.1711118503629415,23.603411513859275,0.3837953091684435,0.0,0.5756929637526652,0.0210316864106566,-0.2771484487353262,-0.3867469034753035,-0.3867469034753035,-0.0742158236946211,3.0,1.676151060527677,0.0081567697655366
Eredivisie 2025-2026,SBV Excelsior,1fs2iimaa97nzlw80yypcd6ju,S. Mitrović,Midfielder,Left Midfielder,9,875.0,-0.1849146868039356,-0.0190197963569762,-0.7323438304178725,-0.0753267939858383,-2.184914686803936,-0.2247340820712619,-0.1298890948071974,20.674285714285713,0.72,0.0,-0.2057142857142857,0.0563069976288621,-0.1849146868039356,-0.7323438304178725,-0.7323438304178725,-0.0753267939858383,-2.0,-0.570402450617936,0.0090381644760349
Eredivisie 2025-2026,Sparta Rotterdam,6ab5gq2owk86qs5zjottfhwmi,T. Quintero,Defender,Right Back,31,3009.0,-0.2115865881940793,-0.0063286118103912,-2.519620319114394,-0.0753625220074096,-6.211586588194079,-0.1857902269649275,-0.1804176935741119,72.2333000997009,0.8374875373878365,0.0299102691924227,-0.1794616151545364,0.0989441793894411,-0.2115865881940793,-2.519620319114394,-2.519620319114394,-0.0753625220074096,-6.0,-0.2022661297874332,0.0031480189154514
Eredivisie 2025-2026,SC Telstar,avyhrrfkeizd3za28ni67x82c,C. Hatenboer,Midfielder,Central Midfielder,15,1453.0,-0.2653982093409553,-0.0164389806198802,-1.2313548010486988,-0.0762711163760377,0.7346017906590443,0.0455018314929896,0.0327278895055367,62.188575361321405,0.9910529938059188,0.0,0.0619408121128699,0.0598321357561575,-0.2653982093409553,-1.2313548010486988,-1.2313548010486988,-0.0762711163760377,1.0,0.0767536067088337,0.0005501780700576
Eredivisie 2025-2026,NAC Breda,3c2wqlde0kovi9hii52egaimt,L. Holtby,Midfielder,Central Midfielder,30,2931.0,-0.5087932479616846,-0.0156231294154048,-2.5232684088597357,-0.0774800944378629,-5.508793247961685,-0.1691543474297344,-0.191038325106561,46.489252814739,0.9211873080859776,0.0307062436028659,-0.1535312180143296,0.092563208625324,-0.5087932479616846,-2.5232684088597357,-2.5232684088597357,-0.0774800944378629,-5.0,-0.2239400172516754,-0.0011026583109683
Eredivisie 2025-2026,FC Volendam,4utx4h5jz14whtjawxn7ox0r8,N. Verschuren,Defender,Right Back,31,2987.0,-1.3854863599090634,-0.0417454879115553,-2.587807632921471,-0.0779721081228431,-15.385486359909065,-0.4635734089025161,-0.4261645885280197,68.06494810847003,0.3916973552058922,0.0301305657850686,-0.4218279209909608,0.0663571859963564,-1.3854863599090634,-2.587807632921471,-2.587807632921471,-0.0779721081228431,-14.0,-0.4408600269414461,-0.0220325685175417
Eredivisie 2025-2026,SC Telstar,50zbw9cb2gon7eb7w08ndfyms,M. Zonneveld,Forward,Centre Forward,20,1953.0,1.2624298050641238,0.0581764887126324,-1.6948637085760776,-0.0781043183675611,-4.737570194935876,-0.2183212071399021,-0.2264304258194687,22.3963133640553,1.4285714285714286,0.0921658986175115,-0.2764976958525346,0.2284467056977052,1.2624298050641238,-1.6948637085760776,-1.6948637085760776,-0.0781043183675611,-6.0,-0.5657115918495627,-0.0134642150835733
Eredivisie 2025-2026,Go Ahead Eagles,d4klz2gxqb1diw57z8c9ttixg,G. van Zwam,Defender,Left Back,12,1147.0,-0.120515871794075,-0.0094563456507992,-1.009075809804469,-0.0791777008564971,1.8794841282059251,0.1474747790222609,0.0963161031501236,47.079337401918046,0.3923278116826504,0.0,0.1569311246730601,0.0697213552056979,-0.120515871794075,-1.009075809804469,-1.009075809804469,-0.0791777008564971,2.0,0.2418054809242343,-0.0086960033387526
Eredivisie 2025-2026,SC Telstar,8kqetcv52r962hqpw7uaysljo,S. Hagedoorn,Midfielder,Attacking Midfielder,8,778.0,0.0205082960992123,0.0023724249986235,-0.6893057769288369,-0.0797397428323847,-2.979491703900788,-0.3446712768008623,-0.1887581439308245,12.262210796915166,0.9254498714652956,0.0,-0.3470437017994858,0.0821121678310083,0.0205082960992123,-0.6893057769288369,-0.6893057769288369,-0.0797397428323847,-3.0,-1.944311089774364,0.0004076907193425
Eredivisie 2025-2026,Sparta Rotterdam,9lju80srwcwd1s6ezrjbk33tg,J. Seedorf,Midfielder,Attacking Midfielder,1,94.0,-0.0835488472458735,-0.0799935771503044,-0.0835488472458735,-0.0799935771503044,-0.0835488472458735,-0.0799935771503044,-0.0055571182364025,2.872340425531915,0.0,0.0,0.0,0.0,-0.0835488472458735,-0.0835488472458735,-0.0835488472458735,-0.0799935771503044,0.0,0.0,0.0018664136872364
Eredivisie 2025-2026,Feyenoord Rotterdam,e5xuwwa4qs6zxjd7y52tslih,Q. Timber,Midfielder,Central Midfielder,17,1662.0,-1.2037511255056568,-0.0651850789985012,-1.5069595606279071,-0.0816043083372512,12.796248874494344,0.6929376646838092,0.5240077275452033,55.07220216606498,1.2454873646209386,0.1083032490974729,0.7581227436823105,0.1247224784362229,-1.2037511255056568,-1.5069595606279071,-1.5069595606279071,-0.0816043083372512,14.0,0.8730497846246232,0.0319952168607121
Eredivisie 2025-2026,Nijmegen Eendracht Combinatie,4j5hfebi948ggjwexpndrub1m,Danilo,Forward,Centre Forward,11,1074.0,-0.1516379409182786,-0.0127070900210847,-0.9918933747755844,-0.08311955654544,1.8483620590817211,0.1548906753420436,0.1083417837001131,18.77094972067039,1.089385474860335,0.0837988826815642,0.1675977653631284,0.1542113492059195,-0.1516379409182786,-0.9918933747755844,-0.9918933747755844,-0.08311955654544,2.0,0.5065903654017543,-0.0045820416261987
Eredivisie 2025-2026,Feyenoord Rotterdam,891zjrm0zjc2e3ebjx11p2y38,J. Slory,Midfielder,Attacking Midfielder,6,590.0,-0.2648755244090037,-0.0404047410115429,-0.547701150248217,-0.083547633088711,3.735124475590996,0.5697647505138808,0.2289185411019862,27.152542372881356,0.4576271186440678,0.0,0.6101694915254238,0.0431428920771681,-0.2648755244090037,-0.547701150248217,-0.547701150248217,-0.083547633088711,4.0,1.5625,-0.0017252462368982
Eredivisie 2025-2026,Nijmegen Eendracht Combinatie,6dd248q0adq6su677bw2kk2c5,C. Verdonk,Defender,Right Back,4,391.0,-0.2931329580033187,-0.0674730593869531,-0.3652627952597607,-0.0840758352260318,9.70686704199668,2.23431722194297,0.5615955259162052,120.61381074168798,0.4603580562659846,0.0,2.3017902813299234,0.0166027758390787,-0.2931329580033187,-0.3652627952597607,-0.3652627952597607,-0.0840758352260318,10.0,2.2945525622503613,0.0065065910506288
Eredivisie 2025-2026,Feyenoord Rotterdam,434aulbxf50clnx57fxsqge8k,T. van den Elshout,Midfielder,Central Midfielder,11,1073.0,0.0700697222997844,0.0058772367259837,-1.0676619790646746,-0.0895522629224797,5.070069722299785,0.4252621388695066,0.2911063397717718,20.465983224603914,0.8387698042870456,0.0,0.4193849021435228,0.0954294996484635,0.0700697222997844,-1.0676619790646746,-1.0676619790646746,-0.0895522629224797,5.0,1.087306701030928,0.0137127274884129
Eredivisie 2025-2026,Feyenoord Rotterdam,29fr98or3mqippn84z3p9ihhw,L. Valente,Midfielder,Central Midfielder,32,3116.0,-1.7779950875005477,-0.0513541584964856,-3.114570780616147,-0.0899587195941762,23.222004912499457,0.6707254307204592,0.6715022228454838,71.34146341463415,1.1842105263157894,0.0577663671373555,0.7220795892169448,0.0963709282350462,-1.7779950875005477,-3.114570780616147,-3.114570780616147,-0.0899587195941762,25.0,0.8373183484360753,0.0193207750655785
Eredivisie 2025-2026,NAC Breda,969cpy2geokwer9gjapk7zj3e,R. Hillen,Defender,Right Back,27,2629.0,0.3209687033431423,0.0109878977941737,-2.6309159108947835,-0.0900655884292622,-11.679031296656856,-0.3998146887406303,-0.3882372662670401,69.04906808672499,0.6504374286801065,0.0,-0.4108025865348041,0.101053486223436,0.3209687033431423,-2.6309159108947835,-2.6309159108947835,-0.0900655884292622,-12.0,-0.4996954017227153,-0.0106569452042463
Eredivisie 2025-2026,FC Volendam,c5jk0pvcvqddy0xiqv6qkesph,H. Veerman,Forward,Centre Forward,24,2312.0,0.3507092200816737,0.0136521755222104,-2.3392831139971584,-0.0910620589358755,-9.649290779918328,-0.3756211808791736,-0.3545482632710816,25.18598615916955,1.71280276816609,0.1557093425605536,-0.3892733564013841,0.2604235770186397,0.3507092200816737,-2.3392831139971584,-2.3392831139971584,-0.0910620589358755,-10.0,-0.4980125609834825,-0.0216878447033908
Eredivisie 2025-2026,Nijmegen Eendracht Combinatie,1vszjcob0ipvdbvfloq3x7or8,K. Kers,Forward,Left Winger,1,97.0,0.1274622805732435,0.118263971665896,-0.0987218141677702,-0.0915975595371063,1.1274622805732435,1.0460990232122878,0.0745251919288714,12.989690721649485,0.9278350515463918,0.0,0.9278350515463918,0.2098615312030026,0.1274622805732435,-0.0987218141677702,-0.0987218141677702,-0.0915975595371063,1.0,3.8989169675090256,-0.0003746238267747
Eredivisie 2025-2026,Heracles Almelo,9n4citdsm2211g4qfu0uq80es,J. Tijink,Defender,Centre Back,1,94.0,-0.0958120412483604,-0.0917349331101323,-0.0958120412483604,-0.0917349331101323,0.9041879587516396,0.865711875400506,0.0600357613307174,2.872340425531915,0.0,0.0,0.9574468085106383,0.0,-0.0958120412483604,-0.0958120412483604,-0.0958120412483604,-0.0917349331101323,1.0,8.231707317073171,-9.982107567936804e-05
Eredivisie 2025-2026,Go Ahead Eagles,a46irqckxabod18j2c0qfixre,K. Goudmijn,Midfielder,Left Midfielder,16,1534.0,-0.6794034592530379,-0.0398606983916384,-1.5754867496954734,-0.0924340335544932,1.320596540746962,0.0774795884401737,0.0666345550741033,41.06910039113429,0.7040417209908736,0.0,0.1173402868318122,0.0525733351628548,-0.6794034592530379,-1.5754867496954734,-1.5754867496954734,-0.0924340335544932,2.0,0.2276751834050088,0.0035050611266741
Eredivisie 2025-2026,Alkmaar Zaanstreek,22alh32lu88yabxd4pl0opg5w,K. Boogaard,Midfielder,Central Midfielder,11,1058.0,-0.698131487377901,-0.0593873666011446,-1.0931347444317694,-0.0929887778817195,-3.6981314873779016,-0.3145858543138102,-0.1888413150387017,52.57088846880907,0.5103969754253308,0.0,-0.2551984877126654,0.0336014112805748,-0.698131487377901,-1.0931347444317694,-1.0931347444317694,-0.0929887778817195,-3.0,-0.357623788604605,-0.0267004701233681
Eredivisie 2025-2026,SBV Excelsior,aeqj9ogm0dntus0wl352w9z6y,C. Widell,Defender,Left Back,34,3287.0,-1.251303458807849,-0.0342614272262569,-3.40933640337087,-0.0933496429277086,-18.25130345880785,-0.4997314606914227,-0.4561446914611163,76.91207788256769,0.492850623668999,0.0273805902038332,-0.4654700334651658,0.086468805905285,-1.251303458807849,-3.40933640337087,-3.40933640337087,-0.0933496429277086,-17.0,-0.4657321583489338,-0.0161600621250624
Eredivisie 2025-2026,FC Twente,lduqoe45t2fnbn9s9rbvlnf9,R. Pröpper,Defender,Right Back,28,2707.0,0.1660256940802784,0.0055198790052549,-2.839534189982125,-0.094406382378423,12.166025694080275,0.404485523630301,0.4361681298515557,66.9264868858515,0.7646841521980051,0.0,0.3989656446250462,0.099926261383678,0.1660256940802784,-2.839534189982125,-2.839534189982125,-0.094406382378423,12.0,0.5706938157222623,0.0134481277554939
Eredivisie 2025-2026,Feyenoord Rotterdam,dtcvzfse83ztj96kiizwp6jqi,G. Smal,Defender,Right Back,17,1660.0,-0.8371766181270679,-0.0453890937538771,-1.7425205016177416,-0.094474003099757,16.162823381872933,0.8762976532340747,0.77023109532914,50.04216867469879,0.5963855421686747,0.0,0.9216867469879518,0.0490849093458799,-0.8371766181270679,-1.7425205016177416,-1.7425205016177416,-0.094474003099757,17.0,1.587905625129731,0.0332387919096783
Eredivisie 2025-2026,Heracles Almelo,afdwdm1rkz1ir3c0tukfh3jhm,S. Čestić,Defender,Left Back,7,669.0,-0.1989760838411541,-0.0267680830279579,-0.7098431052852174,-0.0954945881549619,-9.198976083841156,-1.2375304148665232,-0.5311933749560854,39.417040358744394,0.672645739910314,0.0,-1.210762331838565,0.068726505127004,-0.1989760838411541,-0.7098431052852174,-0.7098431052852174,-0.0954945881549619,-9.0,-2.036881810561609,-0.0050826001411507
Eredivisie 2025-2026,AFC Ajax,6km3r9cspyz7g6343o9mri63u,Raúl Moro,Midfielder,Attacking Midfielder,14,1371.0,-0.628662592112992,-0.0412688791321438,-1.4581964339515816,-0.0957240547451804,1.3713374078870073,0.0900221493142455,0.0732640753561996,26.192560175054705,0.5908096280087527,0.0,0.1312910284463894,0.0544551756130365,-0.628662592112992,-1.4581964339515816,-1.4581964339515816,-0.0957240547451804,2.0,0.2895519987131022,-0.0064241707177568
Eredivisie 2025-2026,FC Utrecht,af5u44a3vud8ac2vjd8lcjp5g,J. van Ommeren,Midfielder,Central Midfielder,2,194.0,-0.1469914003987344,-0.068191886782918,-0.2088451942965783,-0.0968869458076909,-0.1469914003987344,-0.068191886782918,-0.0096016680528995,21.804123711340207,0.4639175257731959,0.0,0.0,0.0286950590247728,-0.1469914003987344,-0.2088451942965783,-0.2088451942965783,-0.0968869458076909,0.0,0.0,-0.0004775790913222
Eredivisie 2025-2026,NAC Breda,2wkew38juoofry6oo3t1vcwyd,E. Mahmutović,Defender,Left Back,15,1465.0,0.0043130802260527,0.0002649673859008,-1.596129466144904,-0.0980557351215299,-7.995686919773947,-0.491202609405908,-0.3983331160412167,36.430034129692835,0.6143344709897611,0.0,-0.4914675767918088,0.0983207025074308,0.0043130802260527,-1.596129466144904,-1.596129466144904,-0.0980557351215299,-8.0,-0.8686909310275487,-0.0071312617385435
Eredivisie 2025-2026,Feyenoord Rotterdam,5qvkwsnygz3zekwsdd1r994wk,G. Diarra,Midfielder,Attacking Midfielder,6,589.0,-0.1349763866452457,-0.0206245752089509,-0.6449523105689512,-0.0985495890512828,7.865023613354754,1.2017862906654124,0.4798991886018777,25.823429541595925,1.069609507640068,0.0,1.222410865874363,0.0779250138423319,-0.1349763866452457,-0.6449523105689512,-0.6449523105689512,-0.0985495890512828,8.0,2.966218071958253,0.0010374595677438
Eredivisie 2025-2026,SBV Excelsior,buhlcdwtnxeiqgy079kas7dw4,J. Bergraaf,Forward,Left Winger,25,2422.0,-0.5605304308996406,-0.0208289590342558,-2.6755205590964817,-0.0994206648714629,-7.56053043089964,-0.280944565970672,-0.3389911593244409,22.40710156895128,0.7060280759702725,0.0,-0.2601156069364161,0.0785917058372071,-0.5605304308996406,-2.6755205590964817,-2.6755205590964817,-0.0994206648714629,-7.0,-0.5466298390478808,0.0043758419750571
Eredivisie 2025-2026,SC Telstar,8p3x0sm735fru6nthc87pjrbo,Neville Ogidi Nwankwo,Defender,Left Back,28,2724.0,-1.0150874262032046,-0.0335381308216917,-3.0707631595569795,-0.1014569325844817,-3.0150874262032046,-0.0996174259758767,-0.0959516938965258,55.969162995594715,0.3634361233480176,0.0,-0.066079295154185,0.0679188017627899,-1.0150874262032046,-3.0707631595569795,-3.0707631595569795,-0.1014569325844817,-2.0,-0.0775377458054233,-0.0121967073133442
Eredivisie 2025-2026,FC Groningen,by85t8ssyumcjcks1jx3v96vo,Y. Taha,Midfielder,Attacking Midfielder,33,3190.0,-0.8808778569676499,-0.0248523533313757,-3.648737908162852,-0.1029424488196416,-5.8808778569676505,-0.1659181840523788,-0.1658666562762645,57.94984326018809,2.70846394984326,0.1410658307210031,-0.1410658307210031,0.219155926209269,-0.8808778569676499,-3.648737908162852,-3.648737908162852,-0.1029424488196416,-5.0,-0.1615392899450766,-0.001774311903947
Eredivisie 2025-2026,AFC Ajax,35qg0rrwtl00pycx468s62m3u,K. Taylor,Midfielder,Right Midfielder,15,1461.0,-0.9412971089022488,-0.0579854481869968,-1.673229479554156,-0.1030736845721246,4.058702891097752,0.2500227653653646,0.1696362989627558,63.81930184804928,1.6016427104722792,0.1232032854209445,0.3080082135523614,0.1682915218060723,-0.9412971089022488,-1.673229479554156,-1.673229479554156,-0.1030736845721246,5.0,0.3268804707078778,-0.0202885286977943
Eredivisie 2025-2026,Alkmaar Zaanstreek,e8ppjprlbi0yiofmb7mj72wwk,R. Robbemond,Midfielder,Right Midfielder,1,97.0,-0.1116579347603075,-0.1036001456538935,-0.1116579347603075,-0.1036001456538935,-1.1116579347603075,-1.031435197200285,-0.0722267897436925,54.74226804123711,0.0,0.0,-0.9278350515463918,0.0,-0.1116579347603075,-0.1116579347603075,-0.1116579347603075,-0.1036001456538935,-1.0,-1.2890904750537122,-0.003365969885751
Eredivisie 2025-2026,Go Ahead Eagles,qjsic4vqv0awzdepn3pd6ivo,R. Weijenberg,Midfielder,Attacking Midfielder,2,193.0,-0.1513291904398933,-0.0705680162673077,-0.2226149784255129,-0.1038100935663013,-1.1513291904398932,-0.5368892597906237,-0.0750552811371423,20.518134715025905,0.466321243523316,0.0,-0.466321243523316,0.0332420772989935,-0.1513291904398933,-0.2226149784255129,-0.2226149784255129,-0.1038100935663013,-1.0,-1.4827018121911038,-0.0036218624342596
Eredivisie 2025-2026,SC Telstar,1ab5am767rpppcrwnlfjo0mad,M. Hamdaoui,Midfielder,Attacking Midfielder,7,688.0,-0.1177417341626374,-0.0154022617363915,-0.7938762959704743,-0.1038500968566027,-0.1177417341626373,-0.0154022617363915,-0.0075057648034179,12.034883720930232,0.7848837209302325,0.0,0.0,0.0884478351202112,-0.1177417341626374,-0.7938762959704743,-0.7938762959704743,-0.1038500968566027,0.0,0.0,0.0005353276168021
Eredivisie 2025-2026,Alkmaar Zaanstreek,d29ahwtvs7ls75wdtkf7xr8tm,Z. Buurmeester,Forward,Left Winger,1,97.0,-0.1123185259185549,-0.1042130652852571,-0.1123185259185549,-0.1042130652852571,-1.1123185259185548,-1.0320481168316489,-0.0730658549352655,25.97938144329897,0.0,0.0,-0.9278350515463918,0.0,-0.1123185259185549,-0.1123185259185549,-0.1123185259185549,-0.1042130652852571,-1.0,-2.248126561199001,0.00323354488126
Eredivisie 2025-2026,Heracles Almelo,90mmprle9n2xf8mo04rtg4u8k,T. Hamamioglu,Forward,Left Winger,2,189.0,-0.1075016117973033,-0.0511912437130015,-0.2194246377690374,-0.1044879227471606,-0.1075016117973033,-0.0511912437130015,-0.0070952325645291,7.142857142857143,0.4761904761904761,0.0,0.0,0.0532966790341591,-0.1075016117973033,-0.2194246377690374,-0.2194246377690374,-0.1044879227471606,0.0,0.0,3.480870237457161e-05
Eredivisie 2025-2026,AFC Ajax,264gu641hrd38wqf28xolwhlg,R. Bounida,Forward,Left Winger,22,2121.0,-0.2512772394837357,-0.0106624005438643,-2.521013305475876,-0.1069736904728094,5.748722760516264,0.2439344877163902,0.2773925168341819,38.104667609618105,1.57001414427157,0.0424328147100424,0.2545968882602546,0.1387441046389876,-0.2512772394837357,-2.521013305475876,-2.521013305475876,-0.1069736904728094,6.0,0.5835104275474553,0.0188471901501105
Eredivisie 2025-2026,FC Utrecht,dotvgi9g50m2axfw4isamd1ck,M. Jonathans,Midfielder,Left Midfielder,7,676.0,0.0430694204930817,0.0057340944443452,-0.818115209536715,-0.1089206639915744,-5.956930579506918,-0.793082473602992,-0.3548120761420528,27.692307692307693,0.9319526627218936,0.0,-0.7988165680473372,0.1146547584359197,0.0430694204930817,-0.818115209536715,-0.818115209536715,-0.1089206639915744,-6.0,-1.7410930195066905,-0.004790087017977
Eredivisie 2025-2026,Go Ahead Eagles,891zjrm0zjc2e3ebjx11p2y38,J. Slory,Midfielder,Left Midfielder,13,1239.0,-0.8485973805162025,-0.0616414562118306,-1.533264066271425,-0.1113751137727427,-1.8485973805162024,-0.1342806813934287,-0.0968434333939603,32.39709443099274,0.6537530266343826,0.0,-0.072639225181598,0.049733657560912,-0.8485973805162025,-1.533264066271425,-1.533264066271425,-0.1113751137727427,-1.0,-0.1325055824111108,-0.0017252462368982
Eredivisie 2025-2026,Feyenoord Rotterdam,447abno2j0ux8fsxzs6fel7th,A. Ahmedhodžić,Goalkeeper,Goalkeeper,26,2529.0,-0.2864185607020045,-0.0101928313417083,-3.1574088369300353,-0.1123633038053393,18.713581439297997,0.6659637522881849,0.5882885100425451,79.2170818505338,0.5338078291814946,0.0,0.6761565836298933,0.102170472463631,-0.2864185607020045,-3.1574088369300353,-3.1574088369300353,-0.1123633038053393,19.0,0.7223978539291824,0.0323408828187847
Eredivisie 2025-2026,FC Twente,6wwk8y9mklkh8x606ynhe1lp0,S. Ørjasæter,Midfielder,Attacking Midfielder,30,2898.0,-0.8979590040768488,-0.0278869255924487,-3.656398181556942,-0.113552738557669,14.10204099592315,0.4379515837243214,0.467263244003475,50.12422360248447,1.9565217391304348,0.093167701863354,0.4658385093167702,0.1788335148285744,-0.8979590040768488,-3.656398181556942,-3.656398181556942,-0.113552738557669,15.0,0.6212275763688098,-0.0041027383025149
Eredivisie 2025-2026,NAC Breda,2bfbi3t4aufb47wwt56ilzoyc,A. Salama,Forward,Centre Forward,8,767.0,-0.5443968392196472,-0.0638796812643653,-0.9706871250020648,-0.1139007056716894,-3.544396839219647,-0.4159005417598021,-0.207566175467412,26.166883963494133,0.8213820078226858,0.0,-0.3520208604954368,0.050021024407324,-0.5443968392196472,-0.9706871250020648,-0.9706871250020648,-0.1139007056716894,-3.0,-0.7544358031015694,-0.0090671187075962
Eredivisie 2025-2026,Alkmaar Zaanstreek,czlf1kiqdfepc61hwfutoydqs,Weslley Patati,Midfielder,Left Midfielder,27,2606.0,-0.9408575711022104,-0.0324931624709128,-3.378484462853098,-0.1166782815260087,0.0591424288977893,0.0020425244055261,0.0023648769061403,45.103607060629315,1.5886415963161935,0.0690713737528779,0.0345356868764389,0.1532564928079739,-0.9408575711022104,-3.378484462853098,-3.378484462853098,-0.1166782815260087,1.0,0.0591482649842271,0.0031626025592
Eredivisie 2025-2026,AFC Ajax,ctp8zu9j5xq6ra8f2n3ybfn6c,M. Carrizo,Forward,Left Winger,6,613.0,-0.0571353038488788,-0.0083885437951045,-0.804033517715895,-0.1180473353905881,-0.0571353038488791,-0.0083885437951045,-0.0036155807637981,15.26916802610114,0.8809135399673735,0.0,0.0,0.1096587915954836,-0.0571353038488788,-0.804033517715895,-0.804033517715895,-0.1180473353905881,0.0,0.0,0.0018369174045285
Eredivisie 2025-2026,FC Twente,28o7vv0jud22hmg4h649yozqh,T. Booth,Midfielder,Right Midfielder,10,978.0,-0.605734770242988,-0.0557424635192933,-1.290666854982207,-0.1187730234646202,3.3942652297570115,0.312355695989909,0.1947355290708256,29.8159509202454,0.8282208588957055,0.0,0.3680981595092024,0.0630305599453269,-0.605734770242988,-1.290666854982207,-1.290666854982207,-0.1187730234646202,4.0,0.8652112958141398,0.0110968651880327
Eredivisie 2025-2026,FC Volendam,6svx5u21jrcch3ewpqqbxukmh,J. Bacuna,Midfielder,Central Midfielder,13,1254.0,-0.3395120002053583,-0.0243668899668917,-1.665444089827632,-0.1195294801311697,-3.339512000205359,-0.2396778947515807,-0.1699295337372602,55.83732057416268,1.291866028708134,0.0,-0.215311004784689,0.0951625901642781,-0.3395120002053583,-1.665444089827632,-1.665444089827632,-0.1195294801311697,-3.0,-0.3527260059223132,-0.0054545691409972
Eredivisie 2025-2026,FC Volendam,3dc82sro077by40u3qdmhw0r9,B. Ould-Chikh,Midfielder,Attacking Midfielder,12,1160.0,-0.4516426457261707,-0.0350412397546167,-1.550134571048444,-0.120269061546862,0.5483573542738287,0.0425449671419349,0.0264808400414986,44.14655172413793,1.0086206896551724,0.0,0.0775862068965517,0.0852278217922453,-0.4516426457261707,-1.550134571048444,-1.550134571048444,-0.120269061546862,1.0,0.0975063649988263,-0.0099554237283608
Eredivisie 2025-2026,Feyenoord Rotterdam,3rrges782prcprsn207dk4zit,C. Larin,Forward,Centre Forward,8,772.0,0.4924954860055163,0.057415276865928,-1.0320373535584872,-0.1203152355184765,3.4924954860055166,0.4071562095084151,0.21604931653151,15.854922279792746,1.049222797927461,0.0,0.349740932642487,0.1777305123844046,0.4924954860055163,-1.0320373535584872,-1.0320373535584872,-0.1203152355184765,3.0,1.3197556008146638,-0.0011253855932925
Eredivisie 2025-2026,NAC Breda,a4qjllaut1bo0ng3x4xu5lq6t,A. Ayew,Forward,Centre Forward,17,1654.0,0.6120224154715967,0.0333023079760844,-2.2990721792547197,-0.1251006627163995,-1.3879775845284037,-0.0755247778763943,-0.0659338780459782,33.79081015719468,1.3603385731559854,0.0544135429262394,-0.1088270858524788,0.2128165136187235,0.6120224154715967,-2.2990721792547197,-2.2990721792547197,-0.1251006627163995,-2.0,-0.1849473413819676,0.001964645597767
Eredivisie 2025-2026,Heracles Almelo,792zq4joba1qgt0lusvrjantg,L. Zeefuik,Forward,Centre Forward,13,1251.0,0.0406902247544901,0.0029273542988841,-1.7455225002699912,-0.1255771582928051,-21.95930977524551,-1.5798064586507563,-0.992151480208592,49.856115107913666,2.302158273381295,0.1438848920863309,-1.5827338129496402,0.2723894046780203,0.0406902247544901,-1.7455225002699912,-1.7455225002699912,-0.1255771582928051,-22.0,-1.754515514465892,-0.024850600364218
Eredivisie 2025-2026,Sparta Rotterdam,ccmmsnrfn58gwi1petlp08f3e,L. Duijvestijn,Midfielder,Central Midfielder,13,1263.0,-0.0761641810700221,-0.0054273763232794,-1.8974547694415735,-0.1352105536419173,-3.0761641810700224,-0.2192040984135408,-0.1564215780209326,42.18527315914489,1.4251781472684086,0.0,-0.2137767220902612,0.1297831773186379,-0.0761641810700221,-1.8974547694415735,-1.8974547694415735,-0.1352105536419173,-3.0,-0.3517838917721656,0.0015881198330427
Eredivisie 2025-2026,NAC Breda,bgzvhtk50gvmq6noheadmc34l,D. Odoi,Defender,Left Back,19,1849.0,-1.1820561721742506,-0.0575365362334681,-2.839944814081538,-0.1382341986302533,-14.182056172174253,-0.6903110089214075,-0.5480516065721216,69.65386695511087,0.486749594375338,0.0,-0.6327744726879394,0.0806976623967852,-1.1820561721742506,-2.839944814081538,-2.839944814081538,-0.1382341986302533,-13.0,-0.7153848505538628,-0.0288899582053168
Eredivisie 2025-2026,FC Utrecht,cy0lv5u16obr2ne4xiins43x1,S. Haller,Forward,Centre Forward,23,2257.0,0.249842059912424,0.0099626873691263,-3.5856174764995874,-0.1429798727890841,1.2498420599124236,0.0498386288844121,0.0559642667610617,31.781125387682764,1.1564023039432876,0.0398759415152857,0.0398759415152857,0.1928185016734963,0.249842059912424,-3.5856174764995874,-3.5856174764995874,-0.1429798727890841,1.0,0.0778064348803365,-0.011105779794495
Eredivisie 2025-2026,SC Heerenveen,drutqywn51qzby01rhveqk1ec,E. van Ee,Midfielder,Central Midfielder,1,99.0,0.0838361784810641,0.0762147077100582,-0.1733060451223636,-0.1575509501112396,-0.9161638215189358,-0.8328762013808507,-0.0596126311008394,50.90909090909091,1.818181818181818,0.0,-0.9090909090909092,0.2337656578212981,0.0838361784810641,-0.1733060451223636,-0.1733060451223636,-0.1575509501112396,-1.0,-1.3674347936186375,0.0010337524467711
Eredivisie 2025-2026,Fortuna Sittard,djekc2mhsntvqyvsq26ru115g,D. Bisschops,Defender,Right Back,1,96.0,-0.171861105615908,-0.1611197865149137,-0.171861105615908,-0.1611197865149137,0.8281388943840919,0.7763802134850861,0.053348905427659,64.6875,0.0,0.0,0.9375,0.0,-0.171861105615908,-0.171861105615908,-0.171861105615908,-0.1611197865149137,1.0,0.9668755595344676,0.0021072183799103
Eredivisie 2025-2026,AFC Ajax,9uo88sreasbyj41lg34hxy28l,B. Traoré,Forward,Left Winger,1,96.0,-0.0649037445139154,-0.0608472604817956,-0.1768267704856495,-0.1657750973302964,0.9350962554860844,0.8766527395182041,0.0609269243176215,37.5,0.9375,0.0,0.9375,0.1049278368485008,-0.0649037445139154,-0.1768267704856495,-0.1768267704856495,-0.1657750973302964,1.0,1.4484978540772533,0.0024990468915591
Eredivisie 2025-2026,FC Twente,7ty1wdxxnusgkl34k5raipbl5,M. van Bergen,Midfielder,Attacking Midfielder,1,99.0,-0.0356561581666306,-0.0324146892423914,-0.2134624685023093,-0.1940567895475539,-1.0356561581666306,-0.9415055983333006,-0.0675062709898815,36.36363636363637,2.727272727272727,0.0,-0.9090909090909092,0.1616421003051626,-0.0356561581666306,-0.2134624685023093,-0.2134624685023093,-0.1940567895475539,-1.0,-1.4746040415073731,-0.0012950823125384
Eredivisie 2025-2026,Sparta Rotterdam,2nwthqvbk70e2qo35dgp35979,V. van Crooij,Midfielder,Central Midfielder,10,952.0,-1.353056792776922,-0.1279150329305913,-2.08103336050888,-0.1967363471069319,-6.353056792776922,-0.6006041085608435,-0.3205816885852859,44.52731092436975,0.9453781512605042,0.0,-0.4726890756302521,0.0688213141763406,-1.353056792776922,-2.08103336050888,-2.08103336050888,-0.1967363471069319,-5.0,-0.5693199789140748,0.0124503825241867
Eredivisie 2025-2026,NAC Breda,9jegiw70bxyxvb9umtyqbazo4,D. van Reeuwijk,Defender,Left Back,2,195.0,-0.1916288209935583,-0.0884440712277961,-0.4739199764248583,-0.218732296811473,-0.1916288209935583,-0.0884440712277961,-0.012555429115756,16.615384615384617,0.9230769230769232,0.0,0.0,0.1302882255836769,-0.1916288209935583,-0.4739199764248583,-0.4739199764248583,-0.218732296811473,0.0,0.0,0.0008512108851244
Eredivisie 2025-2026,Alkmaar Zaanstreek,f3saw9c9wzs4qda0rtkv9gidw,R. Ichihara,Defender,Left Back,2,188.0,-0.2585935638852468,-0.1237947912216607,-0.5228714346303704,-0.2503107931741135,-0.2585935638852468,-0.1237947912216607,-0.0166345915521643,42.12765957446808,0.9574468085106383,0.0,0.0,0.1265160019524528,-0.2585935638852468,-0.5228714346303704,-0.5228714346303704,-0.2503107931741135,0.0,0.0,0.000662479014386
Eredivisie 2025-2026,FC Twente,ax1f2gncrjm3q6wixxdr4chzo,L. Vennegoor of Hesselink,Forward,Centre Forward,5,490.0,-0.462999116277748,-0.0850406540101986,-1.3656885478530958,-0.2508407536873033,-1.462999116277748,-0.2687141233979537,-0.0939099869689009,11.20408163265306,1.1020408163265305,0.0,-0.1836734693877551,0.1658000996771047,-0.462999116277748,-1.3656885478530958,-1.3656885478530958,-0.2508407536873033,-1.0,-0.8749189889825015,-0.0039403698431651
Eredivisie 2025-2026,Alkmaar Zaanstreek,cdkcv67vij1d10ur7fma5qtqs,B. Kovács,Forward,Centre Forward,2,190.0,-0.3501583610441088,-0.1658644868103673,-0.5823802844015185,-0.2758643452428245,0.6498416389558912,0.3078197237159484,0.042711362953967,17.05263157894737,0.9473684210526316,0.0,0.4736842105263157,0.1099998584324572,-0.3501583610441088,-0.5823802844015185,-0.5823802844015185,-0.2758643452428245,1.0,2.196908055329536,-7.315555625428146e-05
Eredivisie 2025-2026,PSV Eindhoven,7tj7eobo7kmk8egcbfrabe8d1,A. Pléa,Forward,Centre Forward,2,196.0,-0.2709295358185264,-0.124406419508507,-0.6116657947376583,-0.2808669465632104,3.729070464181474,1.7123282743690442,0.2380379283566325,30.76530612244898,0.9183673469387756,0.0,1.836734693877551,0.1564605270547033,-0.2709295358185264,-0.6116657947376583,-0.6116657947376583,-0.2808669465632104,4.0,3.047404063205418,0.0084117418077742
Eredivisie 2025-2026,Heracles Almelo,7ef73s1ryz38blmo3n9p9c82x,J. Reine-Adélaïde,Midfielder,Attacking Midfielder,1,93.0,-0.3101691238589485,-0.3001636682505953,-0.3101691238589485,-0.3001636682505953,-3.310169123858949,-3.203389474702209,-0.217823120364692,23.225806451612904,0.0,0.0,-2.903225806451613,0.0,-0.3101691238589485,-0.3101691238589485,-0.3101691238589485,-0.3001636682505953,-3.0,-7.663197729422895,0.0009184841603242
Eredivisie 2025-2026,SC Heerenveen,e74wy7br5zhkds5s73ip0tg4,L. Smans,Midfielder,Attacking Midfielder,1,97.0,-0.0943974026300808,-0.0875852189351265,-0.4385423519592245,-0.4068949657353629,0.9056025973699192,0.8402498326112653,0.0592073855215639,44.5360824742268,2.783505154639175,0.0,0.9278350515463918,0.3193097468002365,-0.0943974026300808,-0.4385423519592245,-0.4385423519592245,-0.4068949657353629,1.0,1.7034700315457412,0.0027068579000564
