match_file,event_id,period_id,time_min,time_sec,contestant_id,team_name,player_id,player_name,x,y,chain_n_actions,chain_duration_sec,chain_end_reason,chain_reached_shot,transition_threat
2025-08-08_Fortuna Sittard - Go Ahead Eagles,2832630469,1,0,5,3ebril33e08ddzob4bhq8awsr,Fortuna Sittard,bnkzwpd607re6s01oa77wcodm,J. Dahlhaus,24.990000000000002,59.092000000000006,0,0.0,turnover,False,0.0
2025-08-08_Fortuna Sittard - Go Ahead Eagles,2832631001,1,0,50,3ebril33e08ddzob4bhq8awsr,Fortuna Sittard,dsh8ta4q6v5ews2e19p9xh6y2,J. Hubner,58.589999999999996,50.728,4,10.0,turnover,False,0.0004584928618356
2025-08-08_Fortuna Sittard - Go Ahead Eagles,2832634305,1,5,37,3ebril33e08ddzob4bhq8awsr,Fortuna Sittard,bnkzwpd607re6s01oa77wcodm,J. Dahlhaus,24.465000000000003,65.07600000000001,0,0.0,turnover,False,0.0
2025-08-08_Fortuna Sittard - Go Ahead Eagles,2832642243,1,16,54,3ebril33e08ddzob4bhq8awsr,Fortuna Sittard,eyzcfyn1crjcgmm98uk9u8oyy,É. Michut,83.89500000000001,13.600000000000001,4,5.0,turnover,True,0.0006692900717347
2025-08-08_Fortuna Sittard - Go Ahead Eagles,2832648635,1,27,6,b79uipsy57y1jqpy07h4i5ovk,Go Ahead Eagles,9d4lofwg9ooaoldw2vpt4h36y,E. Linthorst,37.695,29.512,0,0.0,turnover,False,0.0
2025-08-08_Fortuna Sittard - Go Ahead Eagles,2832651897,1,30,58,3ebril33e08ddzob4bhq8awsr,Fortuna Sittard,bnkzwpd607re6s01oa77wcodm,J. Dahlhaus,66.57000000000001,62.628,0,0.0,turnover,False,0.0
2025-08-08_Fortuna Sittard - Go Ahead Eagles,2832654807,1,34,28,3ebril33e08ddzob4bhq8awsr,Fortuna Sittard,dsh8ta4q6v5ews2e19p9xh6y2,J. Hubner,4.620000000000001,41.61600000000001,0,0.0,turnover,False,0.0
2025-08-08_Fortuna Sittard - Go Ahead Eagles,2832656705,1,36,43,b79uipsy57y1jqpy07h4i5ovk,Go Ahead Eagles,ciguyr553yqapqfudim9af46h,M. Deijl,10.605,24.48,4,9.0,turnover,False,0.0001777739473714
2025-08-08_Fortuna Sittard - Go Ahead Eagles,2832691627,2,64,43,b79uipsy57y1jqpy07h4i5ovk,Go Ahead Eagles,9d4lofwg9ooaoldw2vpt4h36y,E. Linthorst,8.19,29.92,1,1.0,turnover,False,0.0
2025-08-08_Fortuna Sittard - Go Ahead Eagles,2832701517,2,76,41,b79uipsy57y1jqpy07h4i5ovk,Go Ahead Eagles,d8cxurdt9g5gezqlfwae7ooru,M. Meulensteen,77.385,6.392,0,0.0,turnover,False,0.0
2025-08-08_Fortuna Sittard - Go Ahead Eagles,2832704935,2,80,54,b79uipsy57y1jqpy07h4i5ovk,Go Ahead Eagles,eytcfp4cu6qkar65kf0p5rm96,J. Dirksen,15.540000000000001,55.284,0,0.0,turnover,False,0.0
2025-08-08_Fortuna Sittard - Go Ahead Eagles,2832705759,2,82,4,b79uipsy57y1jqpy07h4i5ovk,Go Ahead Eagles,eytcfp4cu6qkar65kf0p5rm96,J. Dirksen,26.880000000000003,51.136,0,0.0,turnover,False,0.0
2025-08-09_Feyenoord Rotterdam - NAC Breda,2833158273,1,4,3,20vymiy7bo8wkyxai3ew494fz,Feyenoord Rotterdam,29fr98or3mqippn84z3p9ihhw,L. Valente,48.300000000000004,59.092000000000006,2,2.0,turnover,False,0.0005520259445678
2025-08-09_Feyenoord Rotterdam - NAC Breda,2833164937,1,15,45,20vymiy7bo8wkyxai3ew494fz,Feyenoord Rotterdam,9d4ald4f0m2imaastzen4j8mi,O. Targhalline,56.595,53.584,2,3.0,turnover,False,0.0
2025-08-09_Feyenoord Rotterdam - NAC Breda,2833171007,1,25,51,20vymiy7bo8wkyxai3ew494fz,Feyenoord Rotterdam,dwyl0yii553i57u7azfa7d15g,A. Hadj Moussa,41.055,20.740000000000002,5,10.0,window_expired,False,2.4560201073900445e-05
2025-08-09_Feyenoord Rotterdam - NAC Breda,2833172603,1,28,13,20vymiy7bo8wkyxai3ew494fz,Feyenoord Rotterdam,447abno2j0ux8fsxzs6fel7th,A. Ahmedhodžić,40.005,57.93600000000001,1,2.0,turnover,False,0.0
2025-08-09_Feyenoord Rotterdam - NAC Breda,2833176549,1,33,7,59t7flioj4w4mpwnrwbm0m8ck,NAC Breda,7qwmlcxsxlxmq01g7dkt7v14a,M. Balard,26.355000000000004,39.372,1,1.0,turnover,False,0.0
2025-08-09_Feyenoord Rotterdam - NAC Breda,2833180745,1,38,21,59t7flioj4w4mpwnrwbm0m8ck,NAC Breda,7qwmlcxsxlxmq01g7dkt7v14a,M. Balard,24.255000000000003,52.36000000000001,0,0.0,turnover,False,0.0
2025-08-09_Feyenoord Rotterdam - NAC Breda,2833590595,1,40,35,59t7flioj4w4mpwnrwbm0m8ck,NAC Breda,2wkew38juoofry6oo3t1vcwyd,E. Mahmutović,61.11000000000001,29.036000000000005,0,0.0,turnover,False,0.0
2025-08-09_Feyenoord Rotterdam - NAC Breda,2833184021,1,42,46,59t7flioj4w4mpwnrwbm0m8ck,NAC Breda,d785q9rpqlyuyswv8f9fx4cno,M. Nassoh,28.875,57.868,3,9.0,window_expired,False,3.955074352662846e-05
2025-08-09_Feyenoord Rotterdam - NAC Breda,2833186149,1,45,39,20vymiy7bo8wkyxai3ew494fz,Feyenoord Rotterdam,ecqjg6wtntf1guejvm10redck,G. Read,61.214999999999996,5.644000000000001,1,6.0,turnover,False,0.0
2025-08-09_Feyenoord Rotterdam - NAC Breda,2833202985,2,50,45,59t7flioj4w4mpwnrwbm0m8ck,NAC Breda,7qwmlcxsxlxmq01g7dkt7v14a,M. Balard,25.095,57.188,3,3.0,turnover,False,6.028125550192054e-05
2025-08-09_Feyenoord Rotterdam - NAC Breda,2833213951,2,65,10,59t7flioj4w4mpwnrwbm0m8ck,NAC Breda,7qwmlcxsxlxmq01g7dkt7v14a,M. Balard,37.695,51.952000000000005,0,0.0,turnover,False,0.0
2025-08-09_Feyenoord Rotterdam - NAC Breda,2833214643,2,66,0,20vymiy7bo8wkyxai3ew494fz,Feyenoord Rotterdam,bwxn7o8ved1xo5bmfkfgzekiy,J. Bos,98.07000000000001,58.548,2,1.0,turnover,False,0.0
2025-08-09_Feyenoord Rotterdam - NAC Breda,2833221911,2,74,4,59t7flioj4w4mpwnrwbm0m8ck,NAC Breda,b486fhu2s7pyi92yk1iczglp1,T. Kongolo,31.605000000000004,54.808,0,0.0,turnover,False,0.0
2025-08-09_Feyenoord Rotterdam - NAC Breda,2833226357,2,78,33,20vymiy7bo8wkyxai3ew494fz,Feyenoord Rotterdam,e5xuwwa4qs6zxjd7y52tslih,Q. Timber,35.28,38.964,2,2.0,turnover,False,0.0
2025-08-09_Feyenoord Rotterdam - NAC Breda,2833252695,2,89,53,59t7flioj4w4mpwnrwbm0m8ck,NAC Breda,8nnxi9lw3hso096kk81h0azh0,J. Talvitie,37.800000000000004,11.764000000000001,2,4.0,turnover,False,0.0
2025-08-09_Nijmegen Eendracht Combinatie - SBV Excelsior,2833008517,1,7,55,dqk062lu0vm8epvytbm6r4mmf,SBV Excelsior,2vfhae70oyyzm0qttlckworqi,A. Carlén,13.86,27.064,2,1.0,turnover,False,0.0
2025-08-09_Nijmegen Eendracht Combinatie - SBV Excelsior,2833009613,1,8,40,dqk062lu0vm8epvytbm6r4mmf,SBV Excelsior,5wwqe546ohp130rvi8x8pt0tm,A. Zagré,58.905,60.724000000000004,1,0.0,turnover,False,0.0
2025-08-09_Nijmegen Eendracht Combinatie - SBV Excelsior,2833024231,1,24,49,dqk062lu0vm8epvytbm6r4mmf,SBV Excelsior,6coor7jll29drx4kgvyt499wq,N. Naujoks,35.175000000000004,40.93600000000001,2,2.0,turnover,False,0.0
2025-08-09_Nijmegen Eendracht Combinatie - SBV Excelsior,2833027273,1,32,15,dqk062lu0vm8epvytbm6r4mmf,SBV Excelsior,4fcmk1x7n95o7owons6mc5a1g,S. Henderikx,14.490000000000002,37.944,0,0.0,turnover,False,0.0
2025-08-09_Nijmegen Eendracht Combinatie - SBV Excelsior,2833038405,1,39,6,dqk062lu0vm8epvytbm6r4mmf,SBV Excelsior,4fcmk1x7n95o7owons6mc5a1g,S. Henderikx,45.255,21.012,0,0.0,turnover,False,0.0
2025-08-09_Nijmegen Eendracht Combinatie - SBV Excelsior,2833043157,1,40,8,dqk062lu0vm8epvytbm6r4mmf,SBV Excelsior,6coor7jll29drx4kgvyt499wq,N. Naujoks,44.52,56.71200000000001,5,4.0,turnover,False,0.0
2025-08-09_Nijmegen Eendracht Combinatie - SBV Excelsior,2833041825,1,41,15,dqk062lu0vm8epvytbm6r4mmf,SBV Excelsior,f314a9y83ou7l9imhnbp4f6dw,S. Middendorp,76.02000000000001,7.548,1,1.0,turnover,False,0.0
2025-08-09_Nijmegen Eendracht Combinatie - SBV Excelsior,2833049681,1,46,12,dqk062lu0vm8epvytbm6r4mmf,SBV Excelsior,cdhqb1a4h246hu0u13pm0tqay,I. Bronkhorst,19.740000000000002,22.848000000000003,2,1.0,turnover,False,0.0
2025-08-09_Nijmegen Eendracht Combinatie - SBV Excelsior,2833083165,2,48,5,dqk062lu0vm8epvytbm6r4mmf,SBV Excelsior,5wwqe546ohp130rvi8x8pt0tm,A. Zagré,45.36000000000001,62.628,0,0.0,turnover,False,0.0
2025-08-09_Nijmegen Eendracht Combinatie - SBV Excelsior,2833095409,2,55,14,dqk062lu0vm8epvytbm6r4mmf,SBV Excelsior,5nhideyjwp2347ryi1n9wfq50,D. Sanches Fernandes,67.83,28.492,0,0.0,turnover,False,0.0
2025-08-09_Nijmegen Eendracht Combinatie - SBV Excelsior,2833108125,2,63,36,8iawijq7s9s6d85mjz8wdslki,Nijmegen Eendracht Combinatie,a76yp8gkkg6frtuhh3d6l46i,D. Proper,24.675,23.596000000000004,2,2.0,turnover,False,0.0002423888291977
2025-08-09_Nijmegen Eendracht Combinatie - SBV Excelsior,2833128431,2,86,31,dqk062lu0vm8epvytbm6r4mmf,SBV Excelsior,424ohpqxpz31dlopxxamyk9as,Yoon Do-Young,40.005,24.072,4,5.0,turnover,False,9.748511096153988e-05
2025-08-09_Nijmegen Eendracht Combinatie - SBV Excelsior,2833128555,2,86,40,8iawijq7s9s6d85mjz8wdslki,Nijmegen Eendracht Combinatie,247ipjjd0cak2sggwbuorx4yy,B. Pereira,57.12,24.956000000000003,0,0.0,turnover,False,0.0
2025-08-09_Nijmegen Eendracht Combinatie - SBV Excelsior,2833131257,2,89,39,8iawijq7s9s6d85mjz8wdslki,Nijmegen Eendracht Combinatie,dse071e8zbzm8l37m64g6e1p0,K. Sano,70.35000000000001,29.92,3,4.0,turnover,False,0.0
2025-08-09_Nijmegen Eendracht Combinatie - SBV Excelsior,2833132901,2,91,21,8iawijq7s9s6d85mjz8wdslki,Nijmegen Eendracht Combinatie,amd4x99ed8bsx9kl01j0k12c4,S. de Laat,24.675,43.656000000000006,3,8.0,turnover,False,0.0001830704997852
2025-08-09_PSV Eindhoven - Sparta Rotterdam,2833264143,1,3,37,24fvcruwqrqvqa3aonf8c3zuy,PSV Eindhoven,2gsq05yyxwe4f8t79j6d49q6t,I. Perišić,32.550000000000004,16.32,3,7.0,window_expired,False,0.00015968022248551467
2025-08-09_PSV Eindhoven - Sparta Rotterdam,2833268845,1,7,46,89w5c6pw7vn0dxypi61tt0g4k,Sparta Rotterdam,9lctm8txbd4n87mk61lwa0rf9,S. Bakari,61.635000000000005,20.264000000000003,2,3.0,turnover,False,0.0
2025-08-09_PSV Eindhoven - Sparta Rotterdam,2833269603,1,8,23,89w5c6pw7vn0dxypi61tt0g4k,Sparta Rotterdam,byirjks50zw1eefkcy8p4hd5h,B. Martins Indi,61.214999999999996,50.660000000000004,0,0.0,turnover,False,0.0
2025-08-09_PSV Eindhoven - Sparta Rotterdam,2833275433,1,13,33,24fvcruwqrqvqa3aonf8c3zuy,PSV Eindhoven,5lvdnoyknuoyr6kdruposgctl,J. Schouten,54.81,32.708000000000006,4,8.0,window_expired,False,0.0008081218752525
2025-08-09_PSV Eindhoven - Sparta Rotterdam,2833280837,1,18,30,89w5c6pw7vn0dxypi61tt0g4k,Sparta Rotterdam,6yush35gfp1sgyyzicye73rp,P. van Aanholt,32.34,46.580000000000005,2,3.0,turnover,False,0.0
2025-08-09_PSV Eindhoven - Sparta Rotterdam,2833280935,1,18,34,24fvcruwqrqvqa3aonf8c3zuy,PSV Eindhoven,cmdeqxibr6holfqg17ap9uihg,Yarek Gąsiorowski,62.475,35.088,3,5.0,turnover,False,0.0037650141688705
2025-08-09_PSV Eindhoven - Sparta Rotterdam,2833284759,1,21,57,89w5c6pw7vn0dxypi61tt0g4k,Sparta Rotterdam,byirjks50zw1eefkcy8p4hd5h,B. Martins Indi,20.895,41.548,1,2.0,turnover,False,0.0
2025-08-09_PSV Eindhoven - Sparta Rotterdam,2833287543,1,24,35,89w5c6pw7vn0dxypi61tt0g4k,Sparta Rotterdam,ass524umdrpsq324wksaqef4k,M. Young,30.765,17.544,2,2.0,turnover,False,0.0
2025-08-09_PSV Eindhoven - Sparta Rotterdam,2833291705,1,29,11,24fvcruwqrqvqa3aonf8c3zuy,PSV Eindhoven,d4j19ipiaeuetyij08fofgs15,J. Veerman,34.125,52.088,2,1.0,turnover,False,8.437750230559649e-05
2025-08-09_PSV Eindhoven - Sparta Rotterdam,2833293761,1,31,45,24fvcruwqrqvqa3aonf8c3zuy,PSV Eindhoven,c6ip6gwp8yvchd1n3dv42go9,Mauro Júnior,48.615,53.924,3,4.0,window_expired,False,0.0
2025-08-09_PSV Eindhoven - Sparta Rotterdam,2833322589,2,46,36,24fvcruwqrqvqa3aonf8c3zuy,PSV Eindhoven,cmdeqxibr6holfqg17ap9uihg,Yarek Gąsiorowski,6.300000000000001,45.288,0,0.0,turnover,False,0.0
2025-08-09_PSV Eindhoven - Sparta Rotterdam,2833324275,2,49,16,24fvcruwqrqvqa3aonf8c3zuy,PSV Eindhoven,d4j19ipiaeuetyij08fofgs15,J. Veerman,40.845,15.096,3,8.0,turnover,False,0.0
2025-08-09_PSV Eindhoven - Sparta Rotterdam,2833324521,2,49,37,89w5c6pw7vn0dxypi61tt0g4k,Sparta Rotterdam,byirjks50zw1eefkcy8p4hd5h,B. Martins Indi,15.33,32.708000000000006,0,0.0,turnover,False,0.0
2025-08-09_PSV Eindhoven - Sparta Rotterdam,2833330987,2,58,30,89w5c6pw7vn0dxypi61tt0g4k,Sparta Rotterdam,8n9t52eeli3s39r8ujjhjt7je,J. Kitolano,22.365000000000002,34.272,2,3.0,turnover,False,0.0
2025-08-09_PSV Eindhoven - Sparta Rotterdam,2833333257,2,61,51,89w5c6pw7vn0dxypi61tt0g4k,Sparta Rotterdam,9lctm8txbd4n87mk61lwa0rf9,S. Bakari,29.925,25.840000000000003,0,0.0,turnover,False,0.0
2025-08-09_PSV Eindhoven - Sparta Rotterdam,2833334089,2,63,15,24fvcruwqrqvqa3aonf8c3zuy,PSV Eindhoven,b0me6l44boibnwpbtasxoy02x,S. Dest,22.575,27.608000000000004,4,3.0,turnover,False,0.00034546304884394116
2025-08-09_PSV Eindhoven - Sparta Rotterdam,2833335577,2,65,34,89w5c6pw7vn0dxypi61tt0g4k,Sparta Rotterdam,5lad0u653zzdmexdpvtkcaqui,S. Ltaief,28.455000000000002,58.276,1,0.0,turnover,False,0.0
2025-08-09_PSV Eindhoven - Sparta Rotterdam,2833338271,2,71,11,24fvcruwqrqvqa3aonf8c3zuy,PSV Eindhoven,c6ip6gwp8yvchd1n3dv42go9,Mauro Júnior,37.695,57.868,0,0.0,turnover,False,0.0
2025-08-09_PSV Eindhoven - Sparta Rotterdam,2833696725,2,75,8,89w5c6pw7vn0dxypi61tt0g4k,Sparta Rotterdam,6q77vt9bp8dsq48pa97mfzsa1,T. Lauritsen,23.415000000000003,28.832,1,2.0,turnover,False,0.0
2025-08-09_PSV Eindhoven - Sparta Rotterdam,2833340367,2,75,59,89w5c6pw7vn0dxypi61tt0g4k,Sparta Rotterdam,536qjh4gcmpo5q68ti87e60kq,S. Mito,12.39,29.444,3,3.0,turnover,False,0.0
2025-08-09_PSV Eindhoven - Sparta Rotterdam,2833341239,2,78,10,24fvcruwqrqvqa3aonf8c3zuy,PSV Eindhoven,cgsmk5437f466uoqvol7devze,R. Flamingo,43.365,12.24,2,8.0,window_expired,False,0.0068197692237755
2025-08-09_PSV Eindhoven - Sparta Rotterdam,2833341755,2,79,25,24fvcruwqrqvqa3aonf8c3zuy,PSV Eindhoven,c6ip6gwp8yvchd1n3dv42go9,Mauro Júnior,19.215,30.056000000000004,0,0.0,turnover,False,0.0
2025-08-09_PSV Eindhoven - Sparta Rotterdam,2833346615,2,91,29,24fvcruwqrqvqa3aonf8c3zuy,PSV Eindhoven,cgsmk5437f466uoqvol7devze,R. Flamingo,39.58500000000001,8.296,3,3.0,turnover,False,0.0
2025-08-09_SC Heerenveen - FC Volendam,2833209343,1,2,25,6g9qrm72224jrk6tkxxxi8a9n,FC Volendam,ealh7n21gctxxw5ol3l3yxzze,Y. Leliendal,67.30499999999999,40.25600000000001,1,0.0,turnover,False,0.0
2025-08-09_SC Heerenveen - FC Volendam,2833213959,1,7,18,6g9qrm72224jrk6tkxxxi8a9n,FC Volendam,ealh7n21gctxxw5ol3l3yxzze,Y. Leliendal,22.575,48.824,6,8.0,window_expired,False,0.0002587144017578
2025-08-09_SC Heerenveen - FC Volendam,2833214273,1,7,37,6g9qrm72224jrk6tkxxxi8a9n,FC Volendam,6bklt91zc5vietmdc8r31zl2i,D. Payne,9.135,21.556,1,1.0,turnover,False,0.0
2025-08-09_SC Heerenveen - FC Volendam,2833216927,1,10,44,6g9qrm72224jrk6tkxxxi8a9n,FC Volendam,ealh7n21gctxxw5ol3l3yxzze,Y. Leliendal,23.835,50.79600000000001,0,0.0,turnover,False,0.0
2025-08-09_SC Heerenveen - FC Volendam,2833220685,1,14,52,4vd2t5schmvvufrfib7f2vjdf,SC Heerenveen,idvh0ac1f8wv39640pyl4esp,S. Kersten,1.6800000000000002,46.580000000000005,0,0.0,turnover,False,0.0
2025-08-09_SC Heerenveen - FC Volendam,2833228379,1,22,49,6g9qrm72224jrk6tkxxxi8a9n,FC Volendam,c5jk0pvcvqddy0xiqv6qkesph,H. Veerman,31.71,64.464,5,8.0,window_expired,False,6.107021326658137e-05
2025-08-09_SC Heerenveen - FC Volendam,2833236801,1,31,47,4vd2t5schmvvufrfib7f2vjdf,SC Heerenveen,5oghztk07za2yuqq4jnav22y2,M. Rivera,59.010000000000005,61.2,0,0.0,turnover,False,0.0
2025-08-09_SC Heerenveen - FC Volendam,2833237709,1,32,36,6g9qrm72224jrk6tkxxxi8a9n,FC Volendam,89plvrt8pzppcclh4axvii0ru,A. Plat,19.11,17.68,5,8.0,turnover,False,9.355434096804116e-05
2025-08-09_SC Heerenveen - FC Volendam,2833278081,2,57,14,6g9qrm72224jrk6tkxxxi8a9n,FC Volendam,ealh7n21gctxxw5ol3l3yxzze,Y. Leliendal,6.300000000000001,52.36000000000001,1,0.0,turnover,False,0.0
2025-08-09_SC Heerenveen - FC Volendam,2833289567,2,67,59,4vd2t5schmvvufrfib7f2vjdf,SC Heerenveen,412l28fqhx21ivpcxzn1kpilm,V. Zagaritis,65.205,3.3320000000000003,2,1.0,turnover,False,0.0
2025-08-09_SC Heerenveen - FC Volendam,2833311165,2,80,31,6g9qrm72224jrk6tkxxxi8a9n,FC Volendam,xvher4f1mb6otoui5k5gs3ro,N. Bukala,38.115,49.776,0,0.0,turnover,False,0.0
2025-08-09_SC Heerenveen - FC Volendam,2833306741,2,85,57,6g9qrm72224jrk6tkxxxi8a9n,FC Volendam,6ta1z3xjdmq81gwglcm9ghno4,M. de Haan,45.464999999999996,4.828,2,3.0,turnover,False,0.0
2025-08-09_SC Heerenveen - FC Volendam,2833309597,2,88,51,6g9qrm72224jrk6tkxxxi8a9n,FC Volendam,eu901b75l2ly5p48jdw6kwmad,M. Amevor,9.450000000000001,42.568000000000005,1,2.0,turnover,False,0.0
2025-08-09_SC Heerenveen - FC Volendam,2833492763,2,94,25,6g9qrm72224jrk6tkxxxi8a9n,FC Volendam,eu901b75l2ly5p48jdw6kwmad,M. Amevor,12.075000000000001,29.92,1,3.0,turnover,False,0.0
2025-08-10_AFC Ajax - SC Telstar,2833667537,1,0,14,d0zdg647gvgc95xdtk1vpbkys,AFC Ajax,35qg0rrwtl00pycx468s62m3u,K. Taylor,17.01,62.15200000000001,0,0.0,turnover,False,0.0
2025-08-10_AFC Ajax - SC Telstar,2833667853,1,0,46,zjawy6qdzk3y69v5pa3zl2cb,SC Telstar,4bkb8qjb5n33wxfopju8r1mtx,D. Bakker,45.464999999999996,37.944,0,0.0,turnover,False,0.0
2025-08-10_AFC Ajax - SC Telstar,2834200303,1,17,16,zjawy6qdzk3y69v5pa3zl2cb,SC Telstar,4cbhx91p3l265b2cejzd07gbu,P. Brouwer,22.155,62.696000000000005,2,9.0,window_expired,False,7.022523898746191e-05
2025-08-10_AFC Ajax - SC Telstar,2833682405,1,21,40,d0zdg647gvgc95xdtk1vpbkys,AFC Ajax,dafbvyorudvujxw7zswicykmh,O. Wijndal,49.035000000000004,63.580000000000005,1,0.0,window_expired,False,0.0
2025-08-10_AFC Ajax - SC Telstar,2833685635,1,28,36,d0zdg647gvgc95xdtk1vpbkys,AFC Ajax,47l204bkq2qqjhtazusr0019m,Y. Baas,71.925,60.31600000000001,1,3.0,turnover,False,0.0
2025-08-10_AFC Ajax - SC Telstar,2833695379,1,42,3,zjawy6qdzk3y69v5pa3zl2cb,SC Telstar,52cqyvn8cfh83i5zwm3181pbe,T. Noslin,11.025,32.43600000000001,2,7.0,window_expired,False,0.0
2025-08-10_AFC Ajax - SC Telstar,2833709991,2,47,46,zjawy6qdzk3y69v5pa3zl2cb,SC Telstar,52cqyvn8cfh83i5zwm3181pbe,T. Noslin,8.505,21.692,1,1.0,turnover,False,0.0
2025-08-10_AFC Ajax - SC Telstar,2833715685,2,58,34,d0zdg647gvgc95xdtk1vpbkys,AFC Ajax,9uo88sreasbyj41lg34hxy28l,B. Traoré,69.19500000000001,7.888,1,0.0,turnover,False,0.0
2025-08-10_AFC Ajax - SC Telstar,2833718481,2,64,35,zjawy6qdzk3y69v5pa3zl2cb,SC Telstar,4bkb8qjb5n33wxfopju8r1mtx,D. Bakker,47.355000000000004,54.53600000000001,1,2.0,turnover,False,0.0
2025-08-10_AFC Ajax - SC Telstar,2833721911,2,73,14,d0zdg647gvgc95xdtk1vpbkys,AFC Ajax,4n18t6bixl6ba3bx76hym51qs,A. Gaaei,74.025,24.14,0,0.0,turnover,False,0.0
2025-08-10_AFC Ajax - SC Telstar,2833735855,2,73,57,d0zdg647gvgc95xdtk1vpbkys,AFC Ajax,2wesmq2wuhnuwh2yhgkuaxqfo,A. Bouwman,63.945,16.932,0,0.0,turnover,False,0.0
2025-08-10_AFC Ajax - SC Telstar,2833730281,2,86,33,zjawy6qdzk3y69v5pa3zl2cb,SC Telstar,9229789015kq0j5c85ug3ajv8,A. Lechkar,73.185,19.040000000000003,0,0.0,turnover,False,0.0
2025-08-10_AFC Ajax - SC Telstar,2833730419,2,86,47,zjawy6qdzk3y69v5pa3zl2cb,SC Telstar,4bkb8qjb5n33wxfopju8r1mtx,D. Bakker,60.795,44.948,0,0.0,turnover,False,0.0
2025-08-10_AFC Ajax - SC Telstar,2833731651,2,88,23,d0zdg647gvgc95xdtk1vpbkys,AFC Ajax,2wesmq2wuhnuwh2yhgkuaxqfo,A. Bouwman,65.415,17.408,5,10.0,window_expired,False,0.0293633114290941
2025-08-10_AFC Ajax - SC Telstar,2833733283,2,90,59,d0zdg647gvgc95xdtk1vpbkys,AFC Ajax,cx6fxszjvjam6zb3c3p0dd1jo,M. Godts,63.945,52.97200000000001,3,2.0,turnover,False,0.0
2025-08-10_AFC Ajax - SC Telstar,2833733301,2,91,2,zjawy6qdzk3y69v5pa3zl2cb,SC Telstar,devvpv4u2vs2cofnwp4678mvp,D. Malone,30.87,23.052,5,10.0,turnover,False,1.3600928166199178e-05
2025-08-10_AFC Ajax - SC Telstar,2833733705,2,91,46,d0zdg647gvgc95xdtk1vpbkys,AFC Ajax,brfa9yhy2llgt9l75unddogk,J. Mokio,46.410000000000004,25.228,2,1.0,turnover,False,0.0003022718522162
2025-08-10_Alkmaar Zaanstreek - FC Groningen,2833668709,1,1,35,cos9hxi16eitbcbthof7zrm4m,FC Groningen,4dk7h575fifmw2lhslevhmhux,M. Rente,58.695,7.548,1,2.0,turnover,False,0.0
2025-08-10_Alkmaar Zaanstreek - FC Groningen,2833669483,1,3,0,cos9hxi16eitbcbthof7zrm4m,FC Groningen,9wwud2tglhtdocmjgl2u5ib6c,T. Blokzijl,56.28,3.944,0,0.0,turnover,False,0.0
2025-08-10_Alkmaar Zaanstreek - FC Groningen,2833670091,1,3,44,3kfktv64h7kg7zryax1wktr5r,Alkmaar Zaanstreek,9lixevzo8exxiia17altfw8ic,W. Goes,22.47,7.684000000000001,3,4.0,turnover,False,0.0001456986950688
2025-08-10_Alkmaar Zaanstreek - FC Groningen,2833670669,1,4,23,cos9hxi16eitbcbthof7zrm4m,FC Groningen,f4liap69r76gyc8pnxsergbqi,T. de Jonge,32.025,19.652,1,2.0,turnover,False,0.0
2025-08-10_Alkmaar Zaanstreek - FC Groningen,2833672197,1,6,23,3kfktv64h7kg7zryax1wktr5r,Alkmaar Zaanstreek,cdlnfuy9piyga0wud4nrucvtg,E. Poku,74.97000000000001,10.200000000000001,0,0.0,turnover,False,0.0
2025-08-10_Alkmaar Zaanstreek - FC Groningen,2833672669,1,6,56,cos9hxi16eitbcbthof7zrm4m,FC Groningen,f4liap69r76gyc8pnxsergbqi,T. de Jonge,71.4,32.368,2,3.0,turnover,True,0.0
2025-08-10_Alkmaar Zaanstreek - FC Groningen,2833674363,1,9,7,cos9hxi16eitbcbthof7zrm4m,FC Groningen,7xovmwq2h4rcr9nuou4gi3g2c,W. Prins,63.525000000000006,63.85200000000001,5,9.0,window_expired,False,0.00046253123985599994
2025-08-10_Alkmaar Zaanstreek - FC Groningen,2833682715,1,21,30,cos9hxi16eitbcbthof7zrm4m,FC Groningen,7xovmwq2h4rcr9nuou4gi3g2c,W. Prins,61.214999999999996,51.204,4,9.0,window_expired,False,0.0015311849977772624
2025-08-10_Alkmaar Zaanstreek - FC Groningen,2833687133,1,30,30,cos9hxi16eitbcbthof7zrm4m,FC Groningen,9wwud2tglhtdocmjgl2u5ib6c,T. Blokzijl,8.4,23.052,0,0.0,turnover,False,0.0
2025-08-10_Alkmaar Zaanstreek - FC Groningen,2833688455,1,32,43,3kfktv64h7kg7zryax1wktr5r,Alkmaar Zaanstreek,59ynmlwky3h6m9g2r7a8igi96,T. Parrott,70.56,42.976000000000006,0,0.0,turnover,False,0.0
2025-08-10_Alkmaar Zaanstreek - FC Groningen,2833693715,1,39,1,3kfktv64h7kg7zryax1wktr5r,Alkmaar Zaanstreek,b94d67jluhh4076wp2se5fqsq,D. Kasius,28.035,13.260000000000002,2,5.0,turnover,False,0.0
2025-08-10_Alkmaar Zaanstreek - FC Groningen,2833710131,2,48,5,cos9hxi16eitbcbthof7zrm4m,FC Groningen,98qi4clazqen9kimkxt3jb6j9,M. Peersman,9.870000000000001,33.932,0,0.0,turnover,False,0.0
2025-08-10_Alkmaar Zaanstreek - FC Groningen,2833710931,2,49,35,3kfktv64h7kg7zryax1wktr5r,Alkmaar Zaanstreek,cdlnfuy9piyga0wud4nrucvtg,E. Poku,28.245,16.592,0,0.0,turnover,False,0.0
2025-08-10_Alkmaar Zaanstreek - FC Groningen,2833713023,2,53,28,cos9hxi16eitbcbthof7zrm4m,FC Groningen,3aly8eihwfvtwde7dg0k18w7o,J. Schreuders,67.935,63.580000000000005,0,0.0,turnover,False,0.0
2025-08-10_Alkmaar Zaanstreek - FC Groningen,2833713527,2,54,23,cos9hxi16eitbcbthof7zrm4m,FC Groningen,f4liap69r76gyc8pnxsergbqi,T. de Jonge,23.1,17.544,2,4.0,turnover,False,0.0
2025-08-10_Alkmaar Zaanstreek - FC Groningen,2833719235,2,66,30,cos9hxi16eitbcbthof7zrm4m,FC Groningen,679ax4aocvzlvj4i7a1bb8rv8,T. Mercera,65.52,65.688,2,2.0,turnover,False,0.0
2025-08-10_Alkmaar Zaanstreek - FC Groningen,2833719571,2,66,55,cos9hxi16eitbcbthof7zrm4m,FC Groningen,3aly8eihwfvtwde7dg0k18w7o,J. Schreuders,35.910000000000004,57.664,0,0.0,turnover,False,0.0
2025-08-10_Alkmaar Zaanstreek - FC Groningen,2833719969,2,68,53,3kfktv64h7kg7zryax1wktr5r,Alkmaar Zaanstreek,73lwz4he5erpp25zi8crjvztg,I. Jensen,44.94,43.656000000000006,1,1.0,turnover,False,0.0
2025-08-10_Alkmaar Zaanstreek - FC Groningen,2833720765,2,71,12,3kfktv64h7kg7zryax1wktr5r,Alkmaar Zaanstreek,b94d67jluhh4076wp2se5fqsq,D. Kasius,70.14,2.3120000000000003,1,1.0,turnover,False,0.0
2025-08-10_Alkmaar Zaanstreek - FC Groningen,2833721319,2,72,18,3kfktv64h7kg7zryax1wktr5r,Alkmaar Zaanstreek,9lixevzo8exxiia17altfw8ic,W. Goes,26.565,25.432000000000002,0,0.0,turnover,False,0.0
2025-08-10_Alkmaar Zaanstreek - FC Groningen,2833724721,2,77,50,3kfktv64h7kg7zryax1wktr5r,Alkmaar Zaanstreek,9lixevzo8exxiia17altfw8ic,W. Goes,33.39,29.036000000000005,4,9.0,window_expired,False,0.0026637659433741
2025-08-10_Alkmaar Zaanstreek - FC Groningen,2833729245,2,84,57,cos9hxi16eitbcbthof7zrm4m,FC Groningen,8ledzu9tb7knxqbj7izpk6b6c,N. Emeran,26.880000000000003,65.89200000000001,1,0.0,turnover,False,0.0
2025-08-10_Alkmaar Zaanstreek - FC Groningen,2833732529,2,89,41,3kfktv64h7kg7zryax1wktr5r,Alkmaar Zaanstreek,7jgtmmk4b2bgn0syidj6ve7kl,J. Clasie,18.900000000000002,32.776,3,7.0,window_expired,False,0.0001000691304369472
2025-08-10_Alkmaar Zaanstreek - FC Groningen,2833733831,2,92,0,cos9hxi16eitbcbthof7zrm4m,FC Groningen,d1dq7upxtawnps3wljz6wf9jo,S. Resink,32.025,49.980000000000004,0,0.0,turnover,False,0.0
2025-08-10_FC Utrecht - Heracles Almelo,2833756133,1,16,41,dac758ef858jbq7pcb3gfwite,Heracles Almelo,6lyedmu2vuf7jig3jmhz9b4ve,D. van der Kust,61.425000000000004,51.816,2,3.0,turnover,False,0.0
2025-08-10_FC Utrecht - Heracles Almelo,2833758969,1,19,47,dac758ef858jbq7pcb3gfwite,Heracles Almelo,f2snk84xy67ergwrwoblgt2ad,T. Bruns,54.075,9.928,0,0.0,turnover,False,0.0
2025-08-10_FC Utrecht - Heracles Almelo,2833769801,1,30,45,ccpscwdcm65czscrun048ecn5,FC Utrecht,8lt54ei6pcu25u8uerigmx5yi,A. Engwanda,38.115,3.808,5,8.0,turnover,False,2.7563880829195586e-07
2025-08-10_FC Utrecht - Heracles Almelo,2833770275,1,31,17,ccpscwdcm65czscrun048ecn5,FC Utrecht,8lt54ei6pcu25u8uerigmx5yi,A. Engwanda,69.3,12.376000000000001,1,1.0,turnover,False,0.0
2025-08-10_FC Utrecht - Heracles Almelo,2833774393,1,35,59,dac758ef858jbq7pcb3gfwite,Heracles Almelo,6lyedmu2vuf7jig3jmhz9b4ve,D. van der Kust,45.464999999999996,63.784000000000006,0,0.0,turnover,False,0.0
2025-08-10_FC Utrecht - Heracles Almelo,2833779209,1,42,19,ccpscwdcm65czscrun048ecn5,FC Utrecht,aafz6q5ggn9e6m5hprc71lgph,M. van der Hoorn,32.865,34.068000000000005,1,2.0,turnover,False,0.0
2025-08-10_FC Utrecht - Heracles Almelo,2833806337,2,52,48,ccpscwdcm65czscrun048ecn5,FC Utrecht,4ej8uchqe3rt1s5h6phjo3310,G. Zechiël,64.575,65.824,1,1.0,turnover,False,0.0
2025-08-10_FC Utrecht - Heracles Almelo,2833828311,2,76,6,ccpscwdcm65czscrun048ecn5,FC Utrecht,enimk3ibb10vk3f8vrmmhq7oq,S. El Karouani,55.964999999999996,62.968,3,5.0,turnover,False,0.0019582013325754
2025-08-10_FC Utrecht - Heracles Almelo,2834195919,2,78,20,ccpscwdcm65czscrun048ecn5,FC Utrecht,8lt54ei6pcu25u8uerigmx5yi,A. Engwanda,56.7,48.824,6,10.0,window_expired,False,0.0047403398302491
2025-08-10_PEC Zwolle - FC Twente,2833615713,1,11,1,2uuh2bir8ktof0uxfo06lb4ox,PEC Zwolle,d5g7rl9a83vu3cyyzvu5yveqy,A. MacNulty,21.105000000000004,25.228,1,3.0,turnover,False,0.0
2025-08-10_PEC Zwolle - FC Twente,2833616139,1,12,26,2uuh2bir8ktof0uxfo06lb4ox,PEC Zwolle,a7vlgirln231n3dqjhb72o0es,O. Aertssen,62.265,22.916000000000004,2,2.0,turnover,False,0.0
2025-08-10_PEC Zwolle - FC Twente,2833617437,1,16,35,4tic29sox7m39fy1ztgv0jsiq,FC Twente,cocgd3hh74fq9c30x9bps4idw,S. Lemkin,42.21000000000001,15.98,5,9.0,window_expired,False,6.5349828076155525e-06
2025-08-10_PEC Zwolle - FC Twente,2833618189,1,18,51,2uuh2bir8ktof0uxfo06lb4ox,PEC Zwolle,4phgw75cred5p93hjq8hiou6t,S. Floranus,56.07,66.30000000000001,1,1.0,turnover,False,0.0
2025-08-10_PEC Zwolle - FC Twente,2833619513,1,20,48,2uuh2bir8ktof0uxfo06lb4ox,PEC Zwolle,1rd0zzpp3dn0y7qtxwc57g7h1,R. Thomas,74.235,49.776,0,0.0,turnover,False,0.0
2025-08-10_PEC Zwolle - FC Twente,2833619031,1,21,14,4tic29sox7m39fy1ztgv0jsiq,FC Twente,a339o11ut8s1o9odm6ybc4pka,T. van den Belt,58.065,46.444,4,7.0,turnover,False,0.0008596738904322
2025-08-10_PEC Zwolle - FC Twente,2833620061,1,24,34,2uuh2bir8ktof0uxfo06lb4ox,PEC Zwolle,1rd0zzpp3dn0y7qtxwc57g7h1,R. Thomas,68.985,29.104,0,0.0,turnover,False,0.0
2025-08-10_PEC Zwolle - FC Twente,2833620597,1,26,9,4tic29sox7m39fy1ztgv0jsiq,FC Twente,723av2redj2ej6livx0g81wwl,A. Verschueren,25.095,59.092000000000006,4,4.0,turnover,False,4.638066897182103e-05
2025-08-10_PEC Zwolle - FC Twente,2833620849,1,26,47,2uuh2bir8ktof0uxfo06lb4ox,PEC Zwolle,6u7z5qrlwzl9aug8awejq37xl,Jamiro Monteiro,27.51,59.228,1,3.0,turnover,False,0.0
2025-08-10_PEC Zwolle - FC Twente,2833622681,1,32,31,4tic29sox7m39fy1ztgv0jsiq,FC Twente,dc119ejc7lls2rd3ywigl2smi,R. Zerrouki,66.045,29.716000000000005,3,7.0,turnover,False,0.0052905864897815
2025-08-10_PEC Zwolle - FC Twente,2833623051,1,33,31,4tic29sox7m39fy1ztgv0jsiq,FC Twente,723av2redj2ej6livx0g81wwl,A. Verschueren,14.28,48.96,3,3.0,turnover,False,0.0
2025-08-10_PEC Zwolle - FC Twente,2833624405,1,33,36,2uuh2bir8ktof0uxfo06lb4ox,PEC Zwolle,9ugpnnovqttl8lguv7wdyiezu,S. Graves,71.08500000000001,13.600000000000001,5,8.0,turnover,False,0.088067739071479
2025-08-10_PEC Zwolle - FC Twente,2833624153,1,38,43,2uuh2bir8ktof0uxfo06lb4ox,PEC Zwolle,1rd0zzpp3dn0y7qtxwc57g7h1,R. Thomas,56.28,34.068000000000005,2,2.0,turnover,False,0.0003542777117233
2025-08-10_PEC Zwolle - FC Twente,2833625121,1,43,26,2uuh2bir8ktof0uxfo06lb4ox,PEC Zwolle,d5g7rl9a83vu3cyyzvu5yveqy,A. MacNulty,55.33500000000001,52.088,1,2.0,turnover,False,0.0021493064370753
2025-08-10_PEC Zwolle - FC Twente,2833631709,2,45,57,2uuh2bir8ktof0uxfo06lb4ox,PEC Zwolle,a7vlgirln231n3dqjhb72o0es,O. Aertssen,78.33,3.196,1,1.0,turnover,False,0.0
2025-08-10_PEC Zwolle - FC Twente,2833632951,2,49,53,2uuh2bir8ktof0uxfo06lb4ox,PEC Zwolle,ekur9x1kzp8wq0lwfwev0b0bu,K. de Rooij,32.445,31.484,2,2.0,turnover,False,0.0003721320557521
2025-08-10_PEC Zwolle - FC Twente,2833638435,2,60,34,2uuh2bir8ktof0uxfo06lb4ox,PEC Zwolle,ekur9x1kzp8wq0lwfwev0b0bu,K. de Rooij,38.115,12.24,3,3.0,turnover,False,0.0006431170444009
2025-08-10_PEC Zwolle - FC Twente,2833644367,2,70,31,2uuh2bir8ktof0uxfo06lb4ox,PEC Zwolle,4phgw75cred5p93hjq8hiou6t,S. Floranus,15.435,57.868,2,5.0,turnover,False,0.0
2025-08-10_PEC Zwolle - FC Twente,2833645055,2,71,47,2uuh2bir8ktof0uxfo06lb4ox,PEC Zwolle,a7vlgirln231n3dqjhb72o0es,O. Aertssen,7.875,12.784,3,3.0,turnover,False,0.0
2025-08-10_PEC Zwolle - FC Twente,2833645389,2,72,20,2uuh2bir8ktof0uxfo06lb4ox,PEC Zwolle,d5g7rl9a83vu3cyyzvu5yveqy,A. MacNulty,27.405,28.424,0,0.0,turnover,False,0.0
2025-08-10_PEC Zwolle - FC Twente,2833653919,2,87,7,2uuh2bir8ktof0uxfo06lb4ox,PEC Zwolle,6hpvm6ktb7nulhdph4497649g,D. van der Haar,21.525000000000002,56.848,1,1.0,turnover,False,0.0
2025-08-15_SC Telstar - PEC Zwolle,2835089011,1,1,10,zjawy6qdzk3y69v5pa3zl2cb,SC Telstar,4bkb8qjb5n33wxfopju8r1mtx,D. Bakker,25.830000000000002,31.28,0,0.0,turnover,False,0.0
2025-08-15_SC Telstar - PEC Zwolle,2835094031,1,6,49,2uuh2bir8ktof0uxfo06lb4ox,PEC Zwolle,9ugpnnovqttl8lguv7wdyiezu,S. Graves,61.214999999999996,9.792000000000002,3,3.0,turnover,False,3.5655813301865846e-05
2025-08-15_SC Telstar - PEC Zwolle,2835103311,1,16,13,zjawy6qdzk3y69v5pa3zl2cb,SC Telstar,4cbhx91p3l265b2cejzd07gbu,P. Brouwer,36.435,36.856,0,0.0,turnover,False,0.0
2025-08-15_SC Telstar - PEC Zwolle,2835103549,1,16,29,zjawy6qdzk3y69v5pa3zl2cb,SC Telstar,1zybkcmp40td92a6yg8sw9uga,T. Owusu,70.245,15.844000000000001,0,0.0,turnover,False,0.0
2025-08-15_SC Telstar - PEC Zwolle,2835105597,1,18,25,2uuh2bir8ktof0uxfo06lb4ox,PEC Zwolle,d5g7rl9a83vu3cyyzvu5yveqy,A. MacNulty,27.72,32.912,0,0.0,turnover,False,0.0
2025-08-15_SC Telstar - PEC Zwolle,2835106679,1,19,34,2uuh2bir8ktof0uxfo06lb4ox,PEC Zwolle,684nd3xjli51z43pbla0mwa21,T. Oosting,47.25,38.284,1,2.0,turnover,False,0.0
2025-08-15_SC Telstar - PEC Zwolle,2835112655,1,26,35,2uuh2bir8ktof0uxfo06lb4ox,PEC Zwolle,a7vlgirln231n3dqjhb72o0es,O. Aertssen,65.10000000000001,17.408,0,0.0,turnover,False,0.0
2025-08-15_SC Telstar - PEC Zwolle,2835119373,1,33,5,zjawy6qdzk3y69v5pa3zl2cb,SC Telstar,y1ky8sp8scl05mmfr7byy3md,J. Hardeveld,28.980000000000004,56.984,4,7.0,window_expired,False,5.452497541685864e-05
2025-08-15_SC Telstar - PEC Zwolle,2835121253,1,34,42,2uuh2bir8ktof0uxfo06lb4ox,PEC Zwolle,1rd0zzpp3dn0y7qtxwc57g7h1,R. Thomas,88.41000000000001,3.3320000000000003,0,0.0,turnover,False,0.0
2025-08-15_SC Telstar - PEC Zwolle,2835122785,1,36,18,2uuh2bir8ktof0uxfo06lb4ox,PEC Zwolle,a7vlgirln231n3dqjhb72o0es,O. Aertssen,33.075,10.948000000000002,3,3.0,turnover,False,0.0003094428528952
2025-08-15_SC Telstar - PEC Zwolle,2835125431,1,38,47,2uuh2bir8ktof0uxfo06lb4ox,PEC Zwolle,4phgw75cred5p93hjq8hiou6t,S. Floranus,42.105000000000004,52.7,1,1.0,turnover,False,0.0
2025-08-15_SC Telstar - PEC Zwolle,2835153561,2,54,55,2uuh2bir8ktof0uxfo06lb4ox,PEC Zwolle,6u7z5qrlwzl9aug8awejq37xl,Jamiro Monteiro,35.805,9.724000000000002,1,2.0,turnover,False,0.0
2025-08-15_SC Telstar - PEC Zwolle,2835164419,2,65,56,2uuh2bir8ktof0uxfo06lb4ox,PEC Zwolle,1rd0zzpp3dn0y7qtxwc57g7h1,R. Thomas,16.17,58.548,2,3.0,turnover,False,0.0
2025-08-15_SC Telstar - PEC Zwolle,2835166169,2,67,48,zjawy6qdzk3y69v5pa3zl2cb,SC Telstar,52cqyvn8cfh83i5zwm3181pbe,T. Noslin,60.375,15.232,0,0.0,turnover,False,0.0
2025-08-15_SC Telstar - PEC Zwolle,2835177031,2,79,20,zjawy6qdzk3y69v5pa3zl2cb,SC Telstar,50130ztne7nsfs9fxf0am6vv9,D. Mertens,63.42,48.484,3,5.0,turnover,False,0.0
2025-08-15_SC Telstar - PEC Zwolle,2835182415,2,84,58,2uuh2bir8ktof0uxfo06lb4ox,PEC Zwolle,7h6w0i7ebl5pew0v1j8ipin10,G. Reiziger,31.815,19.040000000000003,1,2.0,turnover,False,0.0
2025-08-15_SC Telstar - PEC Zwolle,2835183579,2,86,12,2uuh2bir8ktof0uxfo06lb4ox,PEC Zwolle,4phgw75cred5p93hjq8hiou6t,S. Floranus,55.964999999999996,66.436,1,1.0,turnover,False,0.0
2025-08-15_SC Telstar - PEC Zwolle,2835196903,2,89,10,2uuh2bir8ktof0uxfo06lb4ox,PEC Zwolle,7h6w0i7ebl5pew0v1j8ipin10,G. Reiziger,29.61,22.644,1,1.0,turnover,False,0.0
2025-08-15_SC Telstar - PEC Zwolle,2835189253,2,91,54,2uuh2bir8ktof0uxfo06lb4ox,PEC Zwolle,1rd0zzpp3dn0y7qtxwc57g7h1,R. Thomas,10.605,9.724000000000002,0,0.0,turnover,False,0.0
2025-08-15_SC Telstar - PEC Zwolle,2835190103,2,92,43,zjawy6qdzk3y69v5pa3zl2cb,SC Telstar,1k60tee702idfrp0ibca1s57u,G. Offerhaus,13.23,43.724000000000004,5,10.0,window_expired,False,1.1731856293231702e-05
2025-08-16_FC Groningen - SC Heerenveen,2835868445,1,17,14,cos9hxi16eitbcbthof7zrm4m,FC Groningen,d1dq7upxtawnps3wljz6wf9jo,S. Resink,57.435,64.12400000000001,1,1.0,turnover,False,0.0
2025-08-16_FC Groningen - SC Heerenveen,2835884499,1,31,10,4vd2t5schmvvufrfib7f2vjdf,SC Heerenveen,b5sf6wcogrvlwuwbd8xsyyfh1,J. van Overeem,72.66000000000001,50.25200000000001,2,2.0,turnover,True,0.0
2025-08-16_FC Groningen - SC Heerenveen,2835890057,1,37,25,cos9hxi16eitbcbthof7zrm4m,FC Groningen,d1dq7upxtawnps3wljz6wf9jo,S. Resink,35.28,62.49200000000001,0,0.0,turnover,False,0.0
2025-08-16_FC Groningen - SC Heerenveen,2835892063,1,39,41,cos9hxi16eitbcbthof7zrm4m,FC Groningen,98qi4clazqen9kimkxt3jb6j9,M. Peersman,34.02,52.224000000000004,5,9.0,window_expired,False,4.190839902810939e-05
2025-08-16_FC Groningen - SC Heerenveen,2835913115,2,47,50,cos9hxi16eitbcbthof7zrm4m,FC Groningen,4dk7h575fifmw2lhslevhmhux,M. Rente,64.575,1.904,1,1.0,turnover,False,0.0
2025-08-16_FC Groningen - SC Heerenveen,2835915229,2,51,33,cos9hxi16eitbcbthof7zrm4m,FC Groningen,9wwud2tglhtdocmjgl2u5ib6c,T. Blokzijl,10.08,35.564,0,0.0,turnover,False,0.0
2025-08-16_FC Groningen - SC Heerenveen,2835915611,2,52,12,cos9hxi16eitbcbthof7zrm4m,FC Groningen,by85t8ssyumcjcks1jx3v96vo,Y. Taha,78.54,5.78,0,0.0,turnover,False,0.0
2025-08-16_FC Groningen - SC Heerenveen,2835921329,2,61,56,4vd2t5schmvvufrfib7f2vjdf,SC Heerenveen,d2698ncsatg6jtvb0l9ijhj4k,N. Hopland,41.055,38.760000000000005,5,9.0,window_expired,False,0.00021216402181007226
2025-08-16_FC Groningen - SC Heerenveen,2835922297,2,63,46,cos9hxi16eitbcbthof7zrm4m,FC Groningen,4dk7h575fifmw2lhslevhmhux,M. Rente,26.880000000000003,3.5360000000000005,0,0.0,turnover,False,0.0
2025-08-16_FC Groningen - SC Heerenveen,2835924715,2,68,3,4vd2t5schmvvufrfib7f2vjdf,SC Heerenveen,aqnr6l3f02hx0soadunxbjcpg,J. Trenskow,53.550000000000004,22.304,3,5.0,turnover,False,0.0014271941793355
2025-08-16_FC Groningen - SC Heerenveen,2835925299,2,69,9,4vd2t5schmvvufrfib7f2vjdf,SC Heerenveen,412l28fqhx21ivpcxzn1kpilm,V. Zagaritis,75.915,60.99600000000001,1,0.0,turnover,False,0.0
2025-08-16_FC Groningen - SC Heerenveen,2835930965,2,83,20,cos9hxi16eitbcbthof7zrm4m,FC Groningen,1nk0hcaa9o4jnyxc9ndz1lams,D. van der Werff,66.045,48.620000000000005,1,0.0,turnover,False,0.0
2025-08-16_Heracles Almelo - Nijmegen Eendracht Combinatie,2835765235,1,0,35,dac758ef858jbq7pcb3gfwite,Heracles Almelo,do5gstk4ks97daehnudehyjxm,J. Žambůrek,67.30499999999999,20.060000000000002,2,1.0,turnover,False,0.0
2025-08-16_Heracles Almelo - Nijmegen Eendracht Combinatie,2835772531,1,8,52,dac758ef858jbq7pcb3gfwite,Heracles Almelo,6lyedmu2vuf7jig3jmhz9b4ve,D. van der Kust,61.53,61.744,0,0.0,turnover,False,0.0
2025-08-16_Heracles Almelo - Nijmegen Eendracht Combinatie,2835782711,1,18,57,dac758ef858jbq7pcb3gfwite,Heracles Almelo,e3akocgpppdty3ayxty1gf6xh,D. Mirani,69.405,14.620000000000001,0,0.0,turnover,False,0.0
2025-08-16_Heracles Almelo - Nijmegen Eendracht Combinatie,2835797809,1,35,36,dac758ef858jbq7pcb3gfwite,Heracles Almelo,6ok4k757utbtswx5618xffsru,I. Mesík,32.550000000000004,32.096000000000004,0,0.0,turnover,False,0.0
2025-08-16_Heracles Almelo - Nijmegen Eendracht Combinatie,2835804759,1,42,5,8iawijq7s9s6d85mjz8wdslki,Nijmegen Eendracht Combinatie,6dd248q0adq6su677bw2kk2c5,C. Verdonk,30.240000000000002,53.17600000000001,1,2.0,turnover,False,0.0
2025-08-16_Heracles Almelo - Nijmegen Eendracht Combinatie,2835807697,1,42,48,dac758ef858jbq7pcb3gfwite,Heracles Almelo,bzsoq42nf6sgdh9oe64n7rnfu,B. Limbombe,17.535,9.928,0,0.0,turnover,False,0.0
2025-08-16_Heracles Almelo - Nijmegen Eendracht Combinatie,2835864443,2,77,25,dac758ef858jbq7pcb3gfwite,Heracles Almelo,ait187bpr8we72jvfxxt6ttjp,M. te Wierik,4.83,15.436,0,0.0,turnover,False,0.0
2025-08-16_SBV Excelsior - Feyenoord Rotterdam,2835724829,1,27,33,dqk062lu0vm8epvytbm6r4mmf,SBV Excelsior,4fcmk1x7n95o7owons6mc5a1g,S. Henderikx,22.680000000000003,42.568000000000005,0,0.0,turnover,False,0.0
2025-08-16_SBV Excelsior - Feyenoord Rotterdam,2835735715,1,41,2,dqk062lu0vm8epvytbm6r4mmf,SBV Excelsior,1xwmx2ydxa5zeqo12778h83ro,N. Martens,20.37,12.036,2,2.0,turnover,False,0.0
2025-08-16_SBV Excelsior - Feyenoord Rotterdam,2835775945,2,68,30,20vymiy7bo8wkyxai3ew494fz,Feyenoord Rotterdam,dwyl0yii553i57u7azfa7d15g,A. Hadj Moussa,73.605,18.632,5,7.0,window_expired,False,0.0018323023263471
2025-08-16_SBV Excelsior - Feyenoord Rotterdam,2835776433,2,69,3,dqk062lu0vm8epvytbm6r4mmf,SBV Excelsior,4fcmk1x7n95o7owons6mc5a1g,S. Henderikx,46.2,21.012,0,0.0,turnover,False,0.0
2025-08-16_SBV Excelsior - Feyenoord Rotterdam,2835781755,2,74,11,20vymiy7bo8wkyxai3ew494fz,Feyenoord Rotterdam,447abno2j0ux8fsxzs6fel7th,A. Ahmedhodžić,22.995,9.112,0,0.0,turnover,False,0.0
2025-08-16_SBV Excelsior - Feyenoord Rotterdam,2835782787,2,75,8,dqk062lu0vm8epvytbm6r4mmf,SBV Excelsior,c6i4usq34m3389rtbqptahrai,R. Meissen,9.135,28.356000000000005,1,2.0,turnover,False,0.0
2025-08-16_SBV Excelsior - Feyenoord Rotterdam,2835782957,2,75,20,dqk062lu0vm8epvytbm6r4mmf,SBV Excelsior,f314a9y83ou7l9imhnbp4f6dw,S. Middendorp,15.959999999999999,22.236000000000004,2,1.0,turnover,False,0.0002051386524621
2025-08-16_SBV Excelsior - Feyenoord Rotterdam,2835785877,2,78,33,dqk062lu0vm8epvytbm6r4mmf,SBV Excelsior,cdhqb1a4h246hu0u13pm0tqay,I. Bronkhorst,56.49,4.760000000000001,1,1.0,turnover,False,0.0
2025-08-16_SBV Excelsior - Feyenoord Rotterdam,2835789247,2,82,23,20vymiy7bo8wkyxai3ew494fz,Feyenoord Rotterdam,dtcvzfse83ztj96kiizwp6jqi,G. Smal,39.9,59.092000000000006,3,6.0,turnover,True,0.0
2025-08-17_FC Twente - PSV Eindhoven,2836239153,1,0,44,4tic29sox7m39fy1ztgv0jsiq,FC Twente,9nix5y8xcj34ps62r34udtqwa,K. Hlynsson,75.915,34.136,2,2.0,turnover,False,0.0
2025-08-17_FC Twente - PSV Eindhoven,2836240759,1,3,10,24fvcruwqrqvqa3aonf8c3zuy,PSV Eindhoven,5lvdnoyknuoyr6kdruposgctl,J. Schouten,64.995,56.508,0,0.0,turnover,False,0.0
2025-08-17_FC Twente - PSV Eindhoven,2836240907,1,3,22,24fvcruwqrqvqa3aonf8c3zuy,PSV Eindhoven,cgsmk5437f466uoqvol7devze,R. Flamingo,27.195,30.192,0,0.0,turnover,False,0.0
2025-08-17_FC Twente - PSV Eindhoven,2836241597,1,4,18,24fvcruwqrqvqa3aonf8c3zuy,PSV Eindhoven,7tj7eobo7kmk8egcbfrabe8d1,A. Pléa,68.88,63.92,0,0.0,turnover,False,0.0
2025-08-17_FC Twente - PSV Eindhoven,2836245815,1,10,20,24fvcruwqrqvqa3aonf8c3zuy,PSV Eindhoven,cgsmk5437f466uoqvol7devze,R. Flamingo,29.19,33.932,5,9.0,window_expired,False,5.739852119258926e-05
2025-08-17_FC Twente - PSV Eindhoven,2836249163,1,15,23,24fvcruwqrqvqa3aonf8c3zuy,PSV Eindhoven,c6ip6gwp8yvchd1n3dv42go9,Mauro Júnior,61.005,59.43200000000001,2,2.0,turnover,False,0.0002892091838858
2025-08-17_FC Twente - PSV Eindhoven,2836251581,1,19,57,24fvcruwqrqvqa3aonf8c3zuy,PSV Eindhoven,cmdeqxibr6holfqg17ap9uihg,Yarek Gąsiorowski,30.450000000000003,47.6,0,0.0,turnover,False,0.0
2025-08-17_FC Twente - PSV Eindhoven,2836253875,1,26,5,4tic29sox7m39fy1ztgv0jsiq,FC Twente,5r47vtvu418kae5j2rpv6w2dw,M. Rots,34.755,60.79200000000001,3,3.0,turnover,False,0.0
2025-08-17_FC Twente - PSV Eindhoven,2836257175,1,33,12,4tic29sox7m39fy1ztgv0jsiq,FC Twente,5r47vtvu418kae5j2rpv6w2dw,M. Rots,27.195,61.608000000000004,2,3.0,turnover,False,0.0
2025-08-17_FC Twente - PSV Eindhoven,2836263145,1,42,1,24fvcruwqrqvqa3aonf8c3zuy,PSV Eindhoven,avv12sgcucblnbfb790xovf8,R. van Bommel,67.72500000000001,47.804,0,0.0,turnover,False,0.0
2025-08-17_FC Twente - PSV Eindhoven,2836264067,1,43,27,24fvcruwqrqvqa3aonf8c3zuy,PSV Eindhoven,cmdeqxibr6holfqg17ap9uihg,Yarek Gąsiorowski,49.245,58.61600000000001,0,0.0,turnover,False,0.0
2025-08-17_FC Twente - PSV Eindhoven,2836264237,1,43,40,4tic29sox7m39fy1ztgv0jsiq,FC Twente,5r47vtvu418kae5j2rpv6w2dw,M. Rots,74.865,29.172,2,2.0,turnover,False,0.0097535405312789
2025-08-17_FC Twente - PSV Eindhoven,2836281771,2,45,31,24fvcruwqrqvqa3aonf8c3zuy,PSV Eindhoven,c6ip6gwp8yvchd1n3dv42go9,Mauro Júnior,41.895,60.99600000000001,3,3.0,turnover,False,0.0
2025-08-17_FC Twente - PSV Eindhoven,2836290173,2,56,10,24fvcruwqrqvqa3aonf8c3zuy,PSV Eindhoven,avv12sgcucblnbfb790xovf8,R. van Bommel,62.475,64.464,0,0.0,turnover,False,0.0
2025-08-17_FC Twente - PSV Eindhoven,2836291371,2,58,5,4tic29sox7m39fy1ztgv0jsiq,FC Twente,bner5siqnwn1fqusfrgujt0fe,M. Bruns,12.18,20.876,4,7.0,turnover,False,0.0
2025-08-17_FC Twente - PSV Eindhoven,2836297877,2,68,16,24fvcruwqrqvqa3aonf8c3zuy,PSV Eindhoven,avv12sgcucblnbfb790xovf8,R. van Bommel,60.27,63.92,4,10.0,window_expired,True,0.0068197692237755
2025-08-17_FC Twente - PSV Eindhoven,2836306345,2,77,59,4tic29sox7m39fy1ztgv0jsiq,FC Twente,bner5siqnwn1fqusfrgujt0fe,M. Bruns,7.875,30.328000000000003,1,3.0,turnover,False,0.0
2025-08-17_FC Twente - PSV Eindhoven,2836308803,2,80,38,24fvcruwqrqvqa3aonf8c3zuy,PSV Eindhoven,d4j19ipiaeuetyij08fofgs15,J. Veerman,72.87,10.608,1,1.0,turnover,False,0.0
2025-08-17_FC Twente - PSV Eindhoven,2836312127,2,85,17,4tic29sox7m39fy1ztgv0jsiq,FC Twente,a339o11ut8s1o9odm6ybc4pka,T. van den Belt,57.645,22.304,1,3.0,turnover,False,0.0
2025-08-17_FC Twente - PSV Eindhoven,2836789807,2,88,28,4tic29sox7m39fy1ztgv0jsiq,FC Twente,bner5siqnwn1fqusfrgujt0fe,M. Bruns,47.04,7.48,2,2.0,turnover,False,0.0
2025-08-17_FC Volendam - Alkmaar Zaanstreek,2836337689,1,3,23,6g9qrm72224jrk6tkxxxi8a9n,FC Volendam,xvher4f1mb6otoui5k5gs3ro,N. Bukala,27.930000000000003,22.848000000000003,3,10.0,window_expired,False,0.0024514124736647
2025-08-17_FC Volendam - Alkmaar Zaanstreek,2836350963,1,19,57,6g9qrm72224jrk6tkxxxi8a9n,FC Volendam,6bklt91zc5vietmdc8r31zl2i,D. Payne,73.71000000000001,4.692,0,0.0,turnover,False,0.0
2025-08-17_FC Volendam - Alkmaar Zaanstreek,2836353629,1,22,20,3kfktv64h7kg7zryax1wktr5r,Alkmaar Zaanstreek,7jpreaads35pnnfqbn7hmrmy,S. Mijnans,8.82,40.46,1,1.0,turnover,False,0.0
2025-08-17_FC Volendam - Alkmaar Zaanstreek,2836366187,1,33,6,6g9qrm72224jrk6tkxxxi8a9n,FC Volendam,6jqn5grsuhuo5at81pzahr6xh,R. Mühren,29.505000000000003,33.660000000000004,2,3.0,window_expired,False,0.0063584658481308
2025-08-17_FC Volendam - Alkmaar Zaanstreek,2836783811,1,35,9,6g9qrm72224jrk6tkxxxi8a9n,FC Volendam,eu901b75l2ly5p48jdw6kwmad,M. Amevor,27.405,42.160000000000004,1,1.0,turnover,False,0.0
2025-08-17_FC Volendam - Alkmaar Zaanstreek,2836376709,1,43,51,6g9qrm72224jrk6tkxxxi8a9n,FC Volendam,c9epkro6fot3km9zak1kswfhm,X. Mbuyamba,29.505000000000003,19.788000000000004,3,6.0,window_expired,False,0.0
2025-08-17_FC Volendam - Alkmaar Zaanstreek,2836399917,2,47,43,6g9qrm72224jrk6tkxxxi8a9n,FC Volendam,ealh7n21gctxxw5ol3l3yxzze,Y. Leliendal,48.825,63.71600000000001,3,10.0,window_expired,False,0.025811056390731
2025-08-17_FC Volendam - Alkmaar Zaanstreek,2836400739,2,48,52,6g9qrm72224jrk6tkxxxi8a9n,FC Volendam,btrg844mxkl6kbn89s7aecj8q,G. Yah,23.415000000000003,28.016000000000005,3,8.0,window_expired,False,0.0015036220268846
2025-08-17_FC Volendam - Alkmaar Zaanstreek,2836404117,2,53,27,3kfktv64h7kg7zryax1wktr5r,Alkmaar Zaanstreek,8u19xeh9ugvh8f1mh7jnbbhuc,K. Smit,83.89500000000001,5.848,3,5.0,window_expired,True,0.0519558326187506
2025-08-17_FC Volendam - Alkmaar Zaanstreek,2836409741,2,59,27,6g9qrm72224jrk6tkxxxi8a9n,FC Volendam,xvher4f1mb6otoui5k5gs3ro,N. Bukala,42.525,50.592000000000006,2,2.0,turnover,False,0.0001490500089404
2025-08-17_FC Volendam - Alkmaar Zaanstreek,2836410967,2,60,40,3kfktv64h7kg7zryax1wktr5r,Alkmaar Zaanstreek,9lixevzo8exxiia17altfw8ic,W. Goes,45.675000000000004,37.332,3,7.0,turnover,False,0.0446714965780227
2025-08-17_FC Volendam - Alkmaar Zaanstreek,2836412067,2,61,40,6g9qrm72224jrk6tkxxxi8a9n,FC Volendam,xvher4f1mb6otoui5k5gs3ro,N. Bukala,78.96000000000001,26.520000000000003,0,0.0,turnover,False,0.0
2025-08-17_FC Volendam - Alkmaar Zaanstreek,2836414139,2,63,34,3kfktv64h7kg7zryax1wktr5r,Alkmaar Zaanstreek,ck3l6a262hves3v6nywarx9pm,Alexandre Penetra,3.8850000000000002,42.432,0,0.0,turnover,False,0.0
2025-08-17_FC Volendam - Alkmaar Zaanstreek,2836421013,2,70,46,6g9qrm72224jrk6tkxxxi8a9n,FC Volendam,xvher4f1mb6otoui5k5gs3ro,N. Bukala,15.645000000000001,33.932,0,0.0,turnover,False,0.0
2025-08-17_FC Volendam - Alkmaar Zaanstreek,2836425731,2,75,39,6g9qrm72224jrk6tkxxxi8a9n,FC Volendam,7053nqhl9wu2u1kegzo9aopg5,B. Kuwas,12.39,13.056000000000001,2,2.0,turnover,False,0.0
2025-08-17_FC Volendam - Alkmaar Zaanstreek,2836429863,2,80,22,3kfktv64h7kg7zryax1wktr5r,Alkmaar Zaanstreek,es363spp9pgd4hralx6ni2xw4,M. Chávez,25.200000000000003,66.164,0,0.0,turnover,False,0.0
2025-08-17_FC Volendam - Alkmaar Zaanstreek,2836437263,2,88,21,6g9qrm72224jrk6tkxxxi8a9n,FC Volendam,6bklt91zc5vietmdc8r31zl2i,D. Payne,78.75,3.468,3,3.0,turnover,False,0.0
2025-08-17_FC Volendam - Alkmaar Zaanstreek,2836437335,2,88,27,3kfktv64h7kg7zryax1wktr5r,Alkmaar Zaanstreek,es363spp9pgd4hralx6ni2xw4,M. Chávez,18.794999999999998,61.608000000000004,0,0.0,turnover,False,0.0
2025-08-17_Go Ahead Eagles - AFC Ajax,2836188245,1,0,23,d0zdg647gvgc95xdtk1vpbkys,AFC Ajax,35qg0rrwtl00pycx468s62m3u,K. Taylor,71.61,63.03600000000001,0,0.0,turnover,False,0.0
2025-08-17_Go Ahead Eagles - AFC Ajax,2836189577,1,9,3,d0zdg647gvgc95xdtk1vpbkys,AFC Ajax,70tsvrcmklvp4ecdhxlugf8ix,K. Itakura,14.175,29.104,1,2.0,turnover,False,0.0
2025-08-17_Go Ahead Eagles - AFC Ajax,2836192229,1,24,35,d0zdg647gvgc95xdtk1vpbkys,AFC Ajax,7joybllup4h9oe6zfhcepjy6t,S. Berghuis,33.81,14.620000000000001,1,2.0,turnover,False,0.0
2025-08-17_Go Ahead Eagles - AFC Ajax,2836192321,1,25,3,d0zdg647gvgc95xdtk1vpbkys,AFC Ajax,7joybllup4h9oe6zfhcepjy6t,S. Berghuis,39.375,11.356,0,0.0,turnover,False,0.0
2025-08-17_Go Ahead Eagles - AFC Ajax,2836195027,1,38,11,b79uipsy57y1jqpy07h4i5ovk,Go Ahead Eagles,2ekx0fvuf0dsat062oj430d05,G. Nauber,81.375,7.004000000000001,5,5.0,turnover,False,0.0279598721819242
2025-08-17_Go Ahead Eagles - AFC Ajax,2836195889,1,42,18,b79uipsy57y1jqpy07h4i5ovk,Go Ahead Eagles,2ekx0fvuf0dsat062oj430d05,G. Nauber,68.67000000000002,38.89600000000001,5,10.0,window_expired,False,0.0026299513150829
2025-08-17_Go Ahead Eagles - AFC Ajax,2836196003,1,42,40,d0zdg647gvgc95xdtk1vpbkys,AFC Ajax,4n18t6bixl6ba3bx76hym51qs,A. Gaaei,9.975,7.004000000000001,1,1.0,turnover,False,0.0
2025-08-17_Go Ahead Eagles - AFC Ajax,2836206091,2,54,38,d0zdg647gvgc95xdtk1vpbkys,AFC Ajax,35qg0rrwtl00pycx468s62m3u,K. Taylor,34.964999999999996,47.668,0,0.0,turnover,False,0.0
2025-08-17_Go Ahead Eagles - AFC Ajax,2836205921,2,55,1,d0zdg647gvgc95xdtk1vpbkys,AFC Ajax,70tsvrcmklvp4ecdhxlugf8ix,K. Itakura,23.31,27.472,1,4.0,turnover,False,0.0
2025-08-17_Go Ahead Eagles - AFC Ajax,2836210839,2,65,0,d0zdg647gvgc95xdtk1vpbkys,AFC Ajax,35qg0rrwtl00pycx468s62m3u,K. Taylor,12.705,55.01200000000001,3,4.0,turnover,False,2.920973633716017e-05
2025-08-17_Go Ahead Eagles - AFC Ajax,2836211811,2,66,53,d0zdg647gvgc95xdtk1vpbkys,AFC Ajax,35qg0rrwtl00pycx468s62m3u,K. Taylor,65.625,39.848000000000006,4,4.0,turnover,True,0.0
2025-08-17_Go Ahead Eagles - AFC Ajax,2836216299,2,78,38,d0zdg647gvgc95xdtk1vpbkys,AFC Ajax,47l204bkq2qqjhtazusr0019m,Y. Baas,36.225,26.928000000000004,5,10.0,window_expired,False,0.0011271906008066
2025-08-17_Go Ahead Eagles - AFC Ajax,2836218551,2,83,28,d0zdg647gvgc95xdtk1vpbkys,AFC Ajax,9tp35qqu1heburu0g5wa6jv56,Lucas Rosa,23.625,4.692,0,0.0,turnover,False,0.0
2025-08-17_Go Ahead Eagles - AFC Ajax,2836219049,2,84,16,d0zdg647gvgc95xdtk1vpbkys,AFC Ajax,47l204bkq2qqjhtazusr0019m,Y. Baas,32.865,49.164,0,0.0,turnover,False,0.0
2025-08-17_Go Ahead Eagles - AFC Ajax,2836222629,2,88,37,d0zdg647gvgc95xdtk1vpbkys,AFC Ajax,7dkhv2l8y6jq20l1dc2ye17je,O. Edvardsen,69.405,26.588000000000005,0,0.0,turnover,False,0.0
2025-08-17_NAC Breda - Fortuna Sittard,2836512295,1,3,32,3ebril33e08ddzob4bhq8awsr,Fortuna Sittard,8przxwwothu3crflys7ahl4dm,S. Adewoye,72.03,12.24,0,0.0,turnover,False,0.0
2025-08-17_NAC Breda - Fortuna Sittard,2836809125,1,12,13,3ebril33e08ddzob4bhq8awsr,Fortuna Sittard,bnkzwpd607re6s01oa77wcodm,J. Dahlhaus,41.160000000000004,54.06,0,0.0,turnover,False,0.0
2025-08-17_NAC Breda - Fortuna Sittard,2836522281,1,15,47,3ebril33e08ddzob4bhq8awsr,Fortuna Sittard,eyzcfyn1crjcgmm98uk9u8oyy,É. Michut,54.18000000000001,51.61200000000001,1,2.0,turnover,False,0.0
2025-08-17_NAC Breda - Fortuna Sittard,2836548177,1,43,44,59t7flioj4w4mpwnrwbm0m8ck,NAC Breda,d785q9rpqlyuyswv8f9fx4cno,M. Nassoh,74.97000000000001,63.580000000000005,6,8.0,window_expired,False,0.0025613362798805
2025-08-17_NAC Breda - Fortuna Sittard,2836564981,2,45,18,59t7flioj4w4mpwnrwbm0m8ck,NAC Breda,7qwmlcxsxlxmq01g7dkt7v14a,M. Balard,37.800000000000004,52.768,5,10.0,turnover,True,0.0020396459780713232
2025-08-17_NAC Breda - Fortuna Sittard,2836573429,2,55,24,59t7flioj4w4mpwnrwbm0m8ck,NAC Breda,2wkew38juoofry6oo3t1vcwyd,E. Mahmutović,27.825000000000003,21.624000000000002,4,4.0,turnover,False,0.0002669490302716
2025-08-17_NAC Breda - Fortuna Sittard,2836574639,2,56,48,59t7flioj4w4mpwnrwbm0m8ck,NAC Breda,37c696bwovmn1x8lc8z4wp53o,C. Valerius,62.370000000000005,44.336000000000006,4,9.0,window_expired,True,0.0
2025-08-17_NAC Breda - Fortuna Sittard,2836577617,2,59,42,3ebril33e08ddzob4bhq8awsr,Fortuna Sittard,7b4jmfu1ejoeci2zmvwuejnys,P. Brittijn,67.935,30.464,0,0.0,turnover,False,0.0
2025-08-17_NAC Breda - Fortuna Sittard,2836578845,2,61,0,3ebril33e08ddzob4bhq8awsr,Fortuna Sittard,eyzcfyn1crjcgmm98uk9u8oyy,É. Michut,42.63,42.5,5,10.0,window_expired,False,0.00012069161627971392
2025-08-17_NAC Breda - Fortuna Sittard,2836587041,2,69,32,3ebril33e08ddzob4bhq8awsr,Fortuna Sittard,44m4s9f1ckgdavmqjo0icx016,R. Fosso,28.035,43.044000000000004,3,9.0,turnover,True,3.0871078655458906e-05
2025-08-17_NAC Breda - Fortuna Sittard,2836588433,2,71,4,59t7flioj4w4mpwnrwbm0m8ck,NAC Breda,8nnxi9lw3hso096kk81h0azh0,J. Talvitie,23.52,2.176,4,4.0,turnover,False,5.226869595555128e-05
2025-08-17_NAC Breda - Fortuna Sittard,2836588517,2,71,9,3ebril33e08ddzob4bhq8awsr,Fortuna Sittard,44m4s9f1ckgdavmqjo0icx016,R. Fosso,68.46000000000001,51.61200000000001,2,1.0,turnover,False,0.0008981594450033
2025-08-17_NAC Breda - Fortuna Sittard,2836853235,2,74,17,59t7flioj4w4mpwnrwbm0m8ck,NAC Breda,37c696bwovmn1x8lc8z4wp53o,C. Valerius,21.735,16.864,2,3.0,turnover,False,0.0
2025-08-17_NAC Breda - Fortuna Sittard,2836592031,2,74,48,59t7flioj4w4mpwnrwbm0m8ck,NAC Breda,969cpy2geokwer9gjapk7zj3e,R. Hillen,10.08,26.996000000000002,2,2.0,turnover,False,0.0
2025-08-17_NAC Breda - Fortuna Sittard,2836597593,2,80,15,59t7flioj4w4mpwnrwbm0m8ck,NAC Breda,4f8xb5sbyksacxmifi375h7qi,K. Sowah,44.94,52.632000000000005,0,0.0,turnover,False,0.0
2025-08-17_NAC Breda - Fortuna Sittard,2836598525,2,81,10,59t7flioj4w4mpwnrwbm0m8ck,NAC Breda,37c696bwovmn1x8lc8z4wp53o,C. Valerius,20.16,23.188000000000002,0,0.0,turnover,False,0.0
2025-08-17_NAC Breda - Fortuna Sittard,2836605919,2,88,10,59t7flioj4w4mpwnrwbm0m8ck,NAC Breda,d785q9rpqlyuyswv8f9fx4cno,M. Nassoh,34.755,38.148,3,4.0,window_expired,False,0.0032790058098498753
2025-08-17_Sparta Rotterdam - FC Utrecht,2836237653,1,0,18,ccpscwdcm65czscrun048ecn5,FC Utrecht,enimk3ibb10vk3f8vrmmhq7oq,S. El Karouani,21.315,57.664,1,1.0,turnover,False,0.0
2025-08-17_Sparta Rotterdam - FC Utrecht,2836238423,1,1,37,89w5c6pw7vn0dxypi61tt0g4k,Sparta Rotterdam,ely6vpyueden4b6ozfmspwgk5,J. Toornstra,68.88,1.1560000000000001,0,0.0,turnover,False,0.0
2025-08-17_Sparta Rotterdam - FC Utrecht,2836241609,1,6,8,ccpscwdcm65czscrun048ecn5,FC Utrecht,enimk3ibb10vk3f8vrmmhq7oq,S. El Karouani,24.255000000000003,66.028,0,0.0,turnover,False,0.0
2025-08-17_Sparta Rotterdam - FC Utrecht,2836246689,1,13,41,ccpscwdcm65czscrun048ecn5,FC Utrecht,4ej8uchqe3rt1s5h6phjo3310,G. Zechiël,67.41000000000001,63.03600000000001,5,9.0,window_expired,False,0.0006010662094235001
2025-08-17_Sparta Rotterdam - FC Utrecht,2836252577,1,24,12,ccpscwdcm65czscrun048ecn5,FC Utrecht,8lt54ei6pcu25u8uerigmx5yi,A. Engwanda,62.895,50.524,0,0.0,turnover,False,0.0
2025-08-17_Sparta Rotterdam - FC Utrecht,2836256193,1,33,17,89w5c6pw7vn0dxypi61tt0g4k,Sparta Rotterdam,6q77vt9bp8dsq48pa97mfzsa1,T. Lauritsen,89.565,44.676,0,0.0,turnover,False,0.0
2025-08-17_Sparta Rotterdam - FC Utrecht,2836257907,1,36,15,89w5c6pw7vn0dxypi61tt0g4k,Sparta Rotterdam,8n9t52eeli3s39r8ujjhjt7je,J. Kitolano,47.25,49.844,1,0.0,turnover,False,0.0
2025-08-17_Sparta Rotterdam - FC Utrecht,2836259577,1,38,45,89w5c6pw7vn0dxypi61tt0g4k,Sparta Rotterdam,ely6vpyueden4b6ozfmspwgk5,J. Toornstra,35.175000000000004,19.040000000000003,1,2.0,turnover,False,0.0
2025-08-17_Sparta Rotterdam - FC Utrecht,2836259655,1,38,54,89w5c6pw7vn0dxypi61tt0g4k,Sparta Rotterdam,ass524umdrpsq324wksaqef4k,M. Young,28.77,19.652,2,8.0,window_expired,False,0.0
2025-08-17_Sparta Rotterdam - FC Utrecht,2836262811,1,43,21,ccpscwdcm65czscrun048ecn5,FC Utrecht,8lt54ei6pcu25u8uerigmx5yi,A. Engwanda,20.685,11.9,1,2.0,turnover,False,0.0
2025-08-17_Sparta Rotterdam - FC Utrecht,2836264187,1,45,27,89w5c6pw7vn0dxypi61tt0g4k,Sparta Rotterdam,8n9t52eeli3s39r8ujjhjt7je,J. Kitolano,68.88,41.61600000000001,2,2.0,turnover,False,0.0
2025-08-17_Sparta Rotterdam - FC Utrecht,2836278221,2,45,27,89w5c6pw7vn0dxypi61tt0g4k,Sparta Rotterdam,9lctm8txbd4n87mk61lwa0rf9,S. Bakari,36.225,18.632,0,0.0,turnover,False,0.0
2025-08-17_Sparta Rotterdam - FC Utrecht,2836279225,2,46,40,89w5c6pw7vn0dxypi61tt0g4k,Sparta Rotterdam,ely6vpyueden4b6ozfmspwgk5,J. Toornstra,33.6,18.768,4,5.0,window_expired,False,0.000110075855504
2025-08-17_Sparta Rotterdam - FC Utrecht,2836279879,2,47,27,89w5c6pw7vn0dxypi61tt0g4k,Sparta Rotterdam,ely6vpyueden4b6ozfmspwgk5,J. Toornstra,34.44,3.128,0,0.0,turnover,False,0.0
2025-08-17_Sparta Rotterdam - FC Utrecht,2836280557,2,48,15,ccpscwdcm65czscrun048ecn5,FC Utrecht,aafz6q5ggn9e6m5hprc71lgph,M. van der Hoorn,57.645,47.668,3,9.0,window_expired,False,0.0052905864897815
2025-08-17_Sparta Rotterdam - FC Utrecht,2836285537,2,54,27,ccpscwdcm65czscrun048ecn5,FC Utrecht,8lt54ei6pcu25u8uerigmx5yi,A. Engwanda,27.615000000000002,34.272,1,2.0,turnover,False,0.0
2025-08-17_Sparta Rotterdam - FC Utrecht,2836285971,2,54,54,89w5c6pw7vn0dxypi61tt0g4k,Sparta Rotterdam,8n9t52eeli3s39r8ujjhjt7je,J. Kitolano,46.62,36.04,5,7.0,turnover,False,0.00023371752629735407
2025-08-17_Sparta Rotterdam - FC Utrecht,2836286125,2,55,2,ccpscwdcm65czscrun048ecn5,FC Utrecht,enimk3ibb10vk3f8vrmmhq7oq,S. El Karouani,59.85,59.704,0,0.0,turnover,False,0.0
2025-08-17_Sparta Rotterdam - FC Utrecht,2836289401,2,59,24,ccpscwdcm65czscrun048ecn5,FC Utrecht,aafz6q5ggn9e6m5hprc71lgph,M. van der Hoorn,37.17,16.456,2,5.0,turnover,False,0.0
2025-08-17_Sparta Rotterdam - FC Utrecht,2836289955,2,60,9,89w5c6pw7vn0dxypi61tt0g4k,Sparta Rotterdam,c0os20ujhb2hujvtp21093l04,A. Oufkir,30.03,14.484000000000002,3,10.0,window_expired,True,0.0
2025-08-17_Sparta Rotterdam - FC Utrecht,2836307933,2,84,1,ccpscwdcm65czscrun048ecn5,FC Utrecht,aafz6q5ggn9e6m5hprc71lgph,M. van der Hoorn,72.66000000000001,36.924,0,0.0,turnover,False,0.0
2025-08-23_Go Ahead Eagles - Sparta Rotterdam,2838284407,1,10,21,89w5c6pw7vn0dxypi61tt0g4k,Sparta Rotterdam,ely6vpyueden4b6ozfmspwgk5,J. Toornstra,81.48,59.024,0,0.0,turnover,False,0.0
2025-08-23_Go Ahead Eagles - Sparta Rotterdam,2838290563,1,14,15,89w5c6pw7vn0dxypi61tt0g4k,Sparta Rotterdam,8n9t52eeli3s39r8ujjhjt7je,J. Kitolano,47.145,23.868000000000002,1,0.0,turnover,False,0.0
2025-08-23_Go Ahead Eagles - Sparta Rotterdam,2838291865,1,15,2,b79uipsy57y1jqpy07h4i5ovk,Go Ahead Eagles,d8cxurdt9g5gezqlfwae7ooru,M. Meulensteen,48.089999999999996,41.82,1,2.0,turnover,False,0.0
2025-08-23_Go Ahead Eagles - Sparta Rotterdam,2838301855,1,30,27,89w5c6pw7vn0dxypi61tt0g4k,Sparta Rotterdam,byirjks50zw1eefkcy8p4hd5h,B. Martins Indi,40.635000000000005,60.31600000000001,0,0.0,turnover,False,0.0
2025-08-23_Go Ahead Eagles - Sparta Rotterdam,2838303439,1,32,7,b79uipsy57y1jqpy07h4i5ovk,Go Ahead Eagles,ciguyr553yqapqfudim9af46h,M. Deijl,36.12,10.88,5,10.0,window_expired,False,0.0004955935741411
2025-08-23_Go Ahead Eagles - Sparta Rotterdam,2838337379,1,47,13,b79uipsy57y1jqpy07h4i5ovk,Go Ahead Eagles,2ekx0fvuf0dsat062oj430d05,G. Nauber,42.0,8.976,0,0.0,turnover,False,0.0
2025-08-23_Go Ahead Eagles - Sparta Rotterdam,2838334717,1,48,48,b79uipsy57y1jqpy07h4i5ovk,Go Ahead Eagles,bn8dwm2y9a8i9a10rba3dmm3u,D. James,29.82,61.404,0,0.0,turnover,False,0.0
2025-08-23_Go Ahead Eagles - Sparta Rotterdam,2838372139,2,48,40,b79uipsy57y1jqpy07h4i5ovk,Go Ahead Eagles,bn8dwm2y9a8i9a10rba3dmm3u,D. James,35.07,61.2,2,7.0,turnover,False,0.0
2025-08-23_Go Ahead Eagles - Sparta Rotterdam,2838382213,2,54,0,b79uipsy57y1jqpy07h4i5ovk,Go Ahead Eagles,d8cxurdt9g5gezqlfwae7ooru,M. Meulensteen,17.115000000000002,18.428,4,8.0,window_expired,False,0.0009369095240822
2025-08-23_Go Ahead Eagles - Sparta Rotterdam,2838386485,2,54,58,b79uipsy57y1jqpy07h4i5ovk,Go Ahead Eagles,1tmihr54maqj0h7785cg9ez56,M. Suray,39.27,58.956,0,0.0,turnover,False,0.0
2025-08-23_Go Ahead Eagles - Sparta Rotterdam,2838386411,2,56,9,89w5c6pw7vn0dxypi61tt0g4k,Sparta Rotterdam,dbg4ducw8j747foxiexle1iad,P. Clement,23.205000000000002,18.904000000000003,4,10.0,window_expired,False,0.000334714121578
2025-08-23_Go Ahead Eagles - Sparta Rotterdam,2838406299,2,73,23,89w5c6pw7vn0dxypi61tt0g4k,Sparta Rotterdam,6yush35gfp1sgyyzicye73rp,P. van Aanholt,10.815000000000001,59.364000000000004,1,2.0,turnover,False,0.0
2025-08-23_Go Ahead Eagles - Sparta Rotterdam,2838424849,2,95,53,89w5c6pw7vn0dxypi61tt0g4k,Sparta Rotterdam,byirjks50zw1eefkcy8p4hd5h,B. Martins Indi,11.235,38.012,0,0.0,turnover,False,0.0
2025-08-23_PSV Eindhoven - FC Groningen,2838450615,1,8,50,24fvcruwqrqvqa3aonf8c3zuy,PSV Eindhoven,avv12sgcucblnbfb790xovf8,R. van Bommel,41.79,39.236000000000004,0,0.0,turnover,False,0.0
2025-08-23_PSV Eindhoven - FC Groningen,2838453021,1,14,29,cos9hxi16eitbcbthof7zrm4m,FC Groningen,d1dq7upxtawnps3wljz6wf9jo,S. Resink,29.400000000000002,52.156000000000006,2,2.0,turnover,False,0.0
2025-08-23_PSV Eindhoven - FC Groningen,2838453051,1,14,32,24fvcruwqrqvqa3aonf8c3zuy,PSV Eindhoven,biee6dvb524juzai7iryyskix,D. Man,61.95,12.784,4,10.0,window_expired,False,0.0038240501649068
2025-08-23_PSV Eindhoven - FC Groningen,2838467731,1,29,41,24fvcruwqrqvqa3aonf8c3zuy,PSV Eindhoven,cmdeqxibr6holfqg17ap9uihg,Yarek Gąsiorowski,41.055,62.900000000000006,1,2.0,turnover,False,0.0
2025-08-23_PSV Eindhoven - FC Groningen,2838478007,1,40,46,cos9hxi16eitbcbthof7zrm4m,FC Groningen,9wwud2tglhtdocmjgl2u5ib6c,T. Blokzijl,32.865,5.168,1,1.0,turnover,False,0.0
2025-08-23_PSV Eindhoven - FC Groningen,2838479659,1,42,45,cos9hxi16eitbcbthof7zrm4m,FC Groningen,4dk7h575fifmw2lhslevhmhux,M. Rente,36.330000000000005,10.336,0,0.0,turnover,False,0.0
2025-08-23_PSV Eindhoven - FC Groningen,2838500847,2,45,27,24fvcruwqrqvqa3aonf8c3zuy,PSV Eindhoven,cmdeqxibr6holfqg17ap9uihg,Yarek Gąsiorowski,59.115,55.488,5,7.0,window_expired,False,0.0055333607011371
2025-08-23_PSV Eindhoven - FC Groningen,2838503941,2,49,12,24fvcruwqrqvqa3aonf8c3zuy,PSV Eindhoven,avv12sgcucblnbfb790xovf8,R. van Bommel,54.915,49.43600000000001,0,0.0,turnover,False,0.0
2025-08-23_PSV Eindhoven - FC Groningen,2838507363,2,53,48,cos9hxi16eitbcbthof7zrm4m,FC Groningen,4dk7h575fifmw2lhslevhmhux,M. Rente,30.87,24.888,3,7.0,window_expired,False,0.0007338338628354007
2025-08-23_PSV Eindhoven - FC Groningen,2838509193,2,56,31,cos9hxi16eitbcbthof7zrm4m,FC Groningen,d1dq7upxtawnps3wljz6wf9jo,S. Resink,55.650000000000006,48.416000000000004,0,0.0,turnover,False,0.0
2025-08-23_PSV Eindhoven - FC Groningen,2838522003,2,69,50,24fvcruwqrqvqa3aonf8c3zuy,PSV Eindhoven,5lvdnoyknuoyr6kdruposgctl,J. Schouten,32.445,23.256000000000004,1,0.0,turnover,False,0.0
2025-08-23_PSV Eindhoven - FC Groningen,2838529195,2,76,44,24fvcruwqrqvqa3aonf8c3zuy,PSV Eindhoven,b0me6l44boibnwpbtasxoy02x,S. Dest,61.11000000000001,62.49200000000001,1,1.0,turnover,False,0.0
2025-08-23_PSV Eindhoven - FC Groningen,2838546263,2,92,58,24fvcruwqrqvqa3aonf8c3zuy,PSV Eindhoven,3c3vzihvua5ap17aa27v1ve38,J. van den Berg,13.23,29.036000000000005,2,2.0,turnover,False,0.0
2025-08-23_SC Telstar - FC Volendam,2838588277,1,10,48,6g9qrm72224jrk6tkxxxi8a9n,FC Volendam,btrg844mxkl6kbn89s7aecj8q,G. Yah,16.38,37.74,1,1.0,turnover,False,0.0
2025-08-23_SC Telstar - FC Volendam,2838590785,1,15,2,zjawy6qdzk3y69v5pa3zl2cb,SC Telstar,cp866ucakmwqiwxrstkaxwgt0,N. Rossen,56.7,20.604000000000003,1,1.0,turnover,False,0.0
2025-08-23_SC Telstar - FC Volendam,2838603873,1,25,15,zjawy6qdzk3y69v5pa3zl2cb,SC Telstar,52cqyvn8cfh83i5zwm3181pbe,T. Noslin,69.405,4.148,0,0.0,turnover,False,0.0
2025-08-23_SC Telstar - FC Volendam,2838607159,1,28,12,6g9qrm72224jrk6tkxxxi8a9n,FC Volendam,6bklt91zc5vietmdc8r31zl2i,D. Payne,26.040000000000003,12.376000000000001,1,1.0,turnover,False,0.0
2025-08-23_SC Telstar - FC Volendam,2838619011,1,37,1,6g9qrm72224jrk6tkxxxi8a9n,FC Volendam,6bklt91zc5vietmdc8r31zl2i,D. Payne,23.94,5.848,4,8.0,window_expired,False,0.0
2025-08-23_SC Telstar - FC Volendam,2838620949,1,38,30,6g9qrm72224jrk6tkxxxi8a9n,FC Volendam,xvher4f1mb6otoui5k5gs3ro,N. Bukala,64.155,20.876,2,2.0,turnover,False,0.0007288898929515
2025-08-23_SC Telstar - FC Volendam,2838628253,1,44,0,zjawy6qdzk3y69v5pa3zl2cb,SC Telstar,4cbhx91p3l265b2cejzd07gbu,P. Brouwer,74.97000000000001,12.716000000000001,2,0.0,turnover,False,0.0
2025-08-23_SC Telstar - FC Volendam,2838628919,1,44,30,zjawy6qdzk3y69v5pa3zl2cb,SC Telstar,1zybkcmp40td92a6yg8sw9uga,T. Owusu,26.669999999999998,40.188,3,10.0,window_expired,False,0.0034604477192185998
2025-08-23_SC Telstar - FC Volendam,2838656463,2,56,32,zjawy6qdzk3y69v5pa3zl2cb,SC Telstar,1zybkcmp40td92a6yg8sw9uga,T. Owusu,70.14,43.248000000000005,1,0.0,turnover,False,0.0
2025-08-23_SC Telstar - FC Volendam,2838656579,2,56,37,6g9qrm72224jrk6tkxxxi8a9n,FC Volendam,xvher4f1mb6otoui5k5gs3ro,N. Bukala,6.93,24.412,1,1.0,turnover,False,0.0
2025-08-23_SC Telstar - FC Volendam,2838680353,2,85,53,zjawy6qdzk3y69v5pa3zl2cb,SC Telstar,4bkb8qjb5n33wxfopju8r1mtx,D. Bakker,32.025,56.304,2,2.0,turnover,False,0.0
2025-08-23_SC Telstar - FC Volendam,2838680519,2,86,9,6g9qrm72224jrk6tkxxxi8a9n,FC Volendam,c9epkro6fot3km9zak1kswfhm,X. Mbuyamba,67.515,13.804000000000002,2,4.0,turnover,False,0.0
2025-08-23_SC Telstar - FC Volendam,2838682603,2,89,6,6g9qrm72224jrk6tkxxxi8a9n,FC Volendam,ealh7n21gctxxw5ol3l3yxzze,Y. Leliendal,25.305000000000003,63.17200000000001,0,0.0,turnover,False,0.0
2025-08-23_SC Telstar - FC Volendam,2838683509,2,90,22,zjawy6qdzk3y69v5pa3zl2cb,SC Telstar,cp866ucakmwqiwxrstkaxwgt0,N. Rossen,44.205000000000005,62.016000000000005,1,3.0,turnover,False,0.0
2025-08-24_AFC Ajax - Heracles Almelo,2839123241,1,6,26,d0zdg647gvgc95xdtk1vpbkys,AFC Ajax,dafbvyorudvujxw7zswicykmh,O. Wijndal,37.275,64.736,2,1.0,turnover,False,0.0
2025-08-24_AFC Ajax - Heracles Almelo,2839126355,1,13,10,d0zdg647gvgc95xdtk1vpbkys,AFC Ajax,b8ixf31bdyfqqcwoy4ulai73e,K. Fitz-Jim,56.385000000000005,63.104,0,0.0,turnover,False,0.0
2025-08-24_AFC Ajax - Heracles Almelo,2839134771,1,25,15,d0zdg647gvgc95xdtk1vpbkys,AFC Ajax,b8ixf31bdyfqqcwoy4ulai73e,K. Fitz-Jim,31.185000000000002,23.936000000000003,1,2.0,turnover,False,0.0
2025-08-24_AFC Ajax - Heracles Almelo,2839138041,1,26,33,d0zdg647gvgc95xdtk1vpbkys,AFC Ajax,9tp35qqu1heburu0g5wa6jv56,Lucas Rosa,42.63,11.696,0,0.0,turnover,False,0.0
2025-08-24_AFC Ajax - Heracles Almelo,2839137715,1,28,57,dac758ef858jbq7pcb3gfwite,Heracles Almelo,69gzswoym4jqnrag1wdqfdkyy,J. Wieckhoff,34.545,8.092,0,0.0,turnover,False,0.0
2025-08-24_AFC Ajax - Heracles Almelo,2839140197,1,31,49,d0zdg647gvgc95xdtk1vpbkys,AFC Ajax,b8ixf31bdyfqqcwoy4ulai73e,K. Fitz-Jim,26.46,42.29600000000001,4,9.0,window_expired,False,9.467113422191586e-05
2025-08-24_AFC Ajax - Heracles Almelo,2839140329,1,32,1,dac758ef858jbq7pcb3gfwite,Heracles Almelo,6lyedmu2vuf7jig3jmhz9b4ve,D. van der Kust,3.9899999999999998,54.74,1,1.0,turnover,False,0.0
2025-08-24_AFC Ajax - Heracles Almelo,2839145513,1,34,17,d0zdg647gvgc95xdtk1vpbkys,AFC Ajax,b8ixf31bdyfqqcwoy4ulai73e,K. Fitz-Jim,34.545,40.800000000000004,0,0.0,turnover,False,0.0
2025-08-24_AFC Ajax - Heracles Almelo,2839148339,1,44,22,d0zdg647gvgc95xdtk1vpbkys,AFC Ajax,dafbvyorudvujxw7zswicykmh,O. Wijndal,38.85,47.19200000000001,1,2.0,turnover,False,4.7765867776702886e-05
2025-08-24_AFC Ajax - Heracles Almelo,2839169079,2,45,58,dac758ef858jbq7pcb3gfwite,Heracles Almelo,do5gstk4ks97daehnudehyjxm,J. Žambůrek,42.945,51.068,0,0.0,turnover,False,0.0
2025-08-24_AFC Ajax - Heracles Almelo,2839173449,2,51,20,dac758ef858jbq7pcb3gfwite,Heracles Almelo,do5gstk4ks97daehnudehyjxm,J. Žambůrek,90.3,5.644000000000001,3,2.0,turnover,False,0.0
2025-08-24_AFC Ajax - Heracles Almelo,2839175969,2,54,28,d0zdg647gvgc95xdtk1vpbkys,AFC Ajax,7joybllup4h9oe6zfhcepjy6t,S. Berghuis,60.06,9.588000000000001,0,0.0,turnover,False,0.0
2025-08-24_AFC Ajax - Heracles Almelo,2839185227,2,64,30,d0zdg647gvgc95xdtk1vpbkys,AFC Ajax,b8ixf31bdyfqqcwoy4ulai73e,K. Fitz-Jim,21.945,30.328000000000003,3,3.0,turnover,False,4.692698477566648e-05
2025-08-24_AFC Ajax - Heracles Almelo,2839190715,2,69,14,dac758ef858jbq7pcb3gfwite,Heracles Almelo,6ok4k757utbtswx5618xffsru,I. Mesík,37.38,55.760000000000005,0,0.0,turnover,False,0.0
2025-08-24_AFC Ajax - Heracles Almelo,2839193879,2,72,16,dac758ef858jbq7pcb3gfwite,Heracles Almelo,80dk8iv6p0202z10qcqy8bfca,S. Scheperman,61.74,53.17600000000001,5,7.0,window_expired,False,0.0035111132555814164
2025-08-24_AFC Ajax - Heracles Almelo,2839196299,2,75,2,d0zdg647gvgc95xdtk1vpbkys,AFC Ajax,baakmd4ndnulbl9npvmq90mvp,D. Klaassen,32.865,48.008,1,1.0,turnover,False,3.039691956482904e-05
2025-08-24_AFC Ajax - Heracles Almelo,2839679947,2,86,12,dac758ef858jbq7pcb3gfwite,Heracles Almelo,ait187bpr8we72jvfxxt6ttjp,M. te Wierik,54.6,31.348000000000003,0,0.0,turnover,False,0.0
2025-08-24_AFC Ajax - Heracles Almelo,2839215085,2,94,57,dac758ef858jbq7pcb3gfwite,Heracles Almelo,2zwe056wfzof0v5jv01dv9uc5,A. Hrustić,31.71,22.44,2,3.0,turnover,False,0.0
2025-08-24_FC Utrecht - SBV Excelsior,2839031111,1,5,28,ccpscwdcm65czscrun048ecn5,FC Utrecht,4ej8uchqe3rt1s5h6phjo3310,G. Zechiël,27.195,41.548,2,2.0,turnover,False,0.0
2025-08-24_FC Utrecht - SBV Excelsior,2839040113,1,15,42,dqk062lu0vm8epvytbm6r4mmf,SBV Excelsior,5nhideyjwp2347ryi1n9wfq50,D. Sanches Fernandes,64.68,18.156000000000002,2,2.0,turnover,False,0.0
2025-08-24_FC Utrecht - SBV Excelsior,2839042657,1,19,8,dqk062lu0vm8epvytbm6r4mmf,SBV Excelsior,5wwqe546ohp130rvi8x8pt0tm,A. Zagré,82.84500000000001,64.464,1,1.0,turnover,False,0.0
2025-08-24_FC Utrecht - SBV Excelsior,2839060927,1,42,50,dqk062lu0vm8epvytbm6r4mmf,SBV Excelsior,6coor7jll29drx4kgvyt499wq,N. Naujoks,63.42,46.71600000000001,3,7.0,turnover,False,0.0068197692237755
2025-08-24_FC Utrecht - SBV Excelsior,2839063045,1,45,3,dqk062lu0vm8epvytbm6r4mmf,SBV Excelsior,4fcmk1x7n95o7owons6mc5a1g,S. Henderikx,36.54,49.64,2,3.0,turnover,False,0.0
2025-08-24_FC Utrecht - SBV Excelsior,2839079941,2,45,22,dqk062lu0vm8epvytbm6r4mmf,SBV Excelsior,2vfhae70oyyzm0qttlckworqi,A. Carlén,57.855000000000004,49.43600000000001,0,0.0,turnover,False,0.0
2025-08-24_FC Utrecht - SBV Excelsior,2839085561,2,52,11,dqk062lu0vm8epvytbm6r4mmf,SBV Excelsior,4fcmk1x7n95o7owons6mc5a1g,S. Henderikx,42.21000000000001,24.072,2,3.0,turnover,False,0.0
2025-08-24_FC Utrecht - SBV Excelsior,2839091165,2,59,29,dqk062lu0vm8epvytbm6r4mmf,SBV Excelsior,6coor7jll29drx4kgvyt499wq,N. Naujoks,38.745,20.672,2,5.0,turnover,False,0.0
2025-08-24_FC Utrecht - SBV Excelsior,2839095405,2,68,40,ccpscwdcm65czscrun048ecn5,FC Utrecht,29s8wk0a2m66rebsfx1jfuuh,D. van den Berg,58.589999999999996,52.632000000000005,1,1.0,turnover,False,0.0
2025-08-24_FC Utrecht - SBV Excelsior,2839096617,2,72,7,dqk062lu0vm8epvytbm6r4mmf,SBV Excelsior,4fcmk1x7n95o7owons6mc5a1g,S. Henderikx,44.415,20.468000000000004,0,0.0,turnover,False,0.0
2025-08-24_FC Utrecht - SBV Excelsior,2839097151,2,73,33,ccpscwdcm65czscrun048ecn5,FC Utrecht,9ano8w4jrlk6zq92rxchzaru2,Miguel Rodríguez,20.37,20.400000000000002,0,0.0,turnover,False,0.0
2025-08-24_FC Utrecht - SBV Excelsior,2839097825,2,74,49,dqk062lu0vm8epvytbm6r4mmf,SBV Excelsior,4fcmk1x7n95o7owons6mc5a1g,S. Henderikx,63.73500000000001,55.556000000000004,2,4.0,window_expired,False,0.0004652935345239
2025-08-24_FC Utrecht - SBV Excelsior,2839099231,2,77,31,dqk062lu0vm8epvytbm6r4mmf,SBV Excelsior,c6i4usq34m3389rtbqptahrai,R. Meissen,72.55499999999999,65.07600000000001,0,0.0,turnover,False,0.0
2025-08-24_FC Utrecht - SBV Excelsior,2839102093,2,83,18,dqk062lu0vm8epvytbm6r4mmf,SBV Excelsior,4fcmk1x7n95o7owons6mc5a1g,S. Henderikx,41.580000000000005,47.124,0,0.0,turnover,False,0.0
2025-08-24_Nijmegen Eendracht Combinatie - NAC Breda,2839038011,1,13,16,59t7flioj4w4mpwnrwbm0m8ck,NAC Breda,8nnxi9lw3hso096kk81h0azh0,J. Talvitie,69.3,8.024000000000001,3,4.0,turnover,False,0.0
2025-08-24_Nijmegen Eendracht Combinatie - NAC Breda,2839039487,1,15,0,59t7flioj4w4mpwnrwbm0m8ck,NAC Breda,37c696bwovmn1x8lc8z4wp53o,C. Valerius,35.385000000000005,19.652,5,9.0,window_expired,False,0.0003929804039955212
2025-08-24_Nijmegen Eendracht Combinatie - NAC Breda,2839048649,1,29,46,59t7flioj4w4mpwnrwbm0m8ck,NAC Breda,2wkew38juoofry6oo3t1vcwyd,E. Mahmutović,22.47,27.064,0,0.0,turnover,False,0.0
2025-08-24_Nijmegen Eendracht Combinatie - NAC Breda,2839057035,1,38,50,8iawijq7s9s6d85mjz8wdslki,Nijmegen Eendracht Combinatie,dse071e8zbzm8l37m64g6e1p0,K. Sano,72.55499999999999,37.468,3,3.0,turnover,False,0.0248033282592452
2025-08-24_Nijmegen Eendracht Combinatie - NAC Breda,2839088151,2,52,43,8iawijq7s9s6d85mjz8wdslki,Nijmegen Eendracht Combinatie,dse071e8zbzm8l37m64g6e1p0,K. Sano,66.57000000000001,47.53200000000001,3,4.0,turnover,False,0.0054393398372859
2025-08-24_Nijmegen Eendracht Combinatie - NAC Breda,2839089303,2,54,18,59t7flioj4w4mpwnrwbm0m8ck,NAC Breda,8z4wdv767cv7ddqgrkz5txsrt,B. Kemper,19.740000000000002,44.2,0,0.0,turnover,False,0.0
2025-08-24_Nijmegen Eendracht Combinatie - NAC Breda,2839092027,2,58,4,8iawijq7s9s6d85mjz8wdslki,Nijmegen Eendracht Combinatie,913pg8qqcjp99h5fjybbenob9,P. Sandler,56.175000000000004,8.704,5,9.0,window_expired,False,3.663982117269038e-05
2025-08-24_Nijmegen Eendracht Combinatie - NAC Breda,2839091997,2,58,30,59t7flioj4w4mpwnrwbm0m8ck,NAC Breda,8z4wdv767cv7ddqgrkz5txsrt,B. Kemper,25.62,63.03600000000001,3,7.0,turnover,False,7.180594721128975e-06
2025-08-24_Nijmegen Eendracht Combinatie - NAC Breda,2839095753,2,67,8,8iawijq7s9s6d85mjz8wdslki,Nijmegen Eendracht Combinatie,a76yp8gkkg6frtuhh3d6l46i,D. Proper,35.385000000000005,24.14,0,0.0,turnover,False,0.0
2025-08-24_Nijmegen Eendracht Combinatie - NAC Breda,2839099173,2,74,53,8iawijq7s9s6d85mjz8wdslki,Nijmegen Eendracht Combinatie,913pg8qqcjp99h5fjybbenob9,P. Sandler,50.400000000000006,63.648,1,0.0,turnover,False,0.0
2025-08-24_Nijmegen Eendracht Combinatie - NAC Breda,2839099265,2,75,4,59t7flioj4w4mpwnrwbm0m8ck,NAC Breda,2wkew38juoofry6oo3t1vcwyd,E. Mahmutović,37.275,22.712,0,0.0,turnover,False,0.0
2025-08-24_Nijmegen Eendracht Combinatie - NAC Breda,2839104671,2,85,34,8iawijq7s9s6d85mjz8wdslki,Nijmegen Eendracht Combinatie,6dd248q0adq6su677bw2kk2c5,C. Verdonk,59.43000000000001,51.61200000000001,0,0.0,turnover,False,0.0
2025-08-24_Nijmegen Eendracht Combinatie - NAC Breda,2839105553,2,87,16,8iawijq7s9s6d85mjz8wdslki,Nijmegen Eendracht Combinatie,a76yp8gkkg6frtuhh3d6l46i,D. Proper,17.115000000000002,25.16,2,1.0,turnover,False,0.0
2025-08-24_SC Heerenveen - FC Twente,2838966091,1,3,11,4vd2t5schmvvufrfib7f2vjdf,SC Heerenveen,e5hzt8nmhu2ktn69dsv67ga38,M. Linday,49.56,46.580000000000005,1,1.0,turnover,False,0.0
2025-08-24_SC Heerenveen - FC Twente,2838968735,1,13,20,4vd2t5schmvvufrfib7f2vjdf,SC Heerenveen,idvh0ac1f8wv39640pyl4esp,S. Kersten,55.230000000000004,27.404,1,3.0,turnover,False,0.0
2025-08-24_SC Heerenveen - FC Twente,2838970051,1,19,12,4tic29sox7m39fy1ztgv0jsiq,FC Twente,dc119ejc7lls2rd3ywigl2smi,R. Zerrouki,36.54,50.388,0,0.0,turnover,False,0.0
2025-08-24_SC Heerenveen - FC Twente,2838970871,1,23,3,4tic29sox7m39fy1ztgv0jsiq,FC Twente,dc119ejc7lls2rd3ywigl2smi,R. Zerrouki,47.145,51.68000000000001,0,0.0,turnover,False,0.0
2025-08-24_SC Heerenveen - FC Twente,2838971453,1,25,15,4tic29sox7m39fy1ztgv0jsiq,FC Twente,bner5siqnwn1fqusfrgujt0fe,M. Bruns,61.32,22.916000000000004,3,4.0,window_expired,False,0.0012853956323364
2025-08-24_SC Heerenveen - FC Twente,2838972537,1,29,24,4vd2t5schmvvufrfib7f2vjdf,SC Heerenveen,e5hzt8nmhu2ktn69dsv67ga38,M. Linday,73.5,46.104,0,0.0,turnover,False,0.0
2025-08-24_SC Heerenveen - FC Twente,2838973471,1,33,15,4vd2t5schmvvufrfib7f2vjdf,SC Heerenveen,e5hzt8nmhu2ktn69dsv67ga38,M. Linday,46.2,4.6240000000000006,5,10.0,window_expired,False,0.0003775988951177
2025-08-24_SC Heerenveen - FC Twente,2838974897,1,40,0,4tic29sox7m39fy1ztgv0jsiq,FC Twente,dc119ejc7lls2rd3ywigl2smi,R. Zerrouki,40.11000000000001,23.664,0,0.0,turnover,False,0.0
2025-08-24_SC Heerenveen - FC Twente,2838975525,1,43,24,4vd2t5schmvvufrfib7f2vjdf,SC Heerenveen,412l28fqhx21ivpcxzn1kpilm,V. Zagaritis,59.745000000000005,66.096,0,0.0,turnover,False,0.0
2025-08-24_SC Heerenveen - FC Twente,2838975653,1,44,8,4vd2t5schmvvufrfib7f2vjdf,SC Heerenveen,idvh0ac1f8wv39640pyl4esp,S. Kersten,67.2,27.064,0,0.0,turnover,False,0.0
2025-08-24_SC Heerenveen - FC Twente,2838975701,1,44,15,4vd2t5schmvvufrfib7f2vjdf,SC Heerenveen,412l28fqhx21ivpcxzn1kpilm,V. Zagaritis,63.42,64.396,2,2.0,turnover,False,0.0
2025-08-24_SC Heerenveen - FC Twente,2838986437,2,58,37,4tic29sox7m39fy1ztgv0jsiq,FC Twente,9nix5y8xcj34ps62r34udtqwa,K. Hlynsson,18.480000000000004,15.096,2,2.0,turnover,False,0.0
2025-08-24_SC Heerenveen - FC Twente,2838987529,2,60,52,4tic29sox7m39fy1ztgv0jsiq,FC Twente,dc119ejc7lls2rd3ywigl2smi,R. Zerrouki,41.265,21.624000000000002,3,4.0,window_expired,False,0.0003189414764906
2025-08-24_SC Heerenveen - FC Twente,2838992707,2,70,22,4tic29sox7m39fy1ztgv0jsiq,FC Twente,dc119ejc7lls2rd3ywigl2smi,R. Zerrouki,72.135,53.312000000000005,2,2.0,turnover,False,0.0
2025-08-24_SC Heerenveen - FC Twente,2838993239,2,71,20,4vd2t5schmvvufrfib7f2vjdf,SC Heerenveen,412l28fqhx21ivpcxzn1kpilm,V. Zagaritis,61.214999999999996,62.15200000000001,0,0.0,turnover,False,0.0
2025-08-24_SC Heerenveen - FC Twente,2838994899,2,74,17,4vd2t5schmvvufrfib7f2vjdf,SC Heerenveen,ar7llmzju08n8yrqu8xm1thck,O. Braude,34.545,3.74,0,0.0,turnover,False,0.0
2025-08-24_SC Heerenveen - FC Twente,2839008105,2,94,41,4vd2t5schmvvufrfib7f2vjdf,SC Heerenveen,ar7llmzju08n8yrqu8xm1thck,O. Braude,30.555000000000003,3.944,1,1.0,turnover,False,0.0
2025-08-24_SC Heerenveen - FC Twente,2839009675,2,96,15,4tic29sox7m39fy1ztgv0jsiq,FC Twente,6ydojoa3581jgszpjqj7i8zpx,B. Kuipers,63.73500000000001,52.904,4,4.0,turnover,False,0.0
2025-08-24_SC Heerenveen - FC Twente,2839009753,2,96,20,4vd2t5schmvvufrfib7f2vjdf,SC Heerenveen,d2698ncsatg6jtvb0l9ijhj4k,N. Hopland,29.715000000000003,35.496,2,2.0,turnover,False,0.0
2025-08-24_SC Heerenveen - FC Twente,2839009927,2,96,30,4tic29sox7m39fy1ztgv0jsiq,FC Twente,723av2redj2ej6livx0g81wwl,A. Verschueren,31.395,45.15200000000001,2,4.0,turnover,False,0.0
2025-08-29_FC Groningen - Heracles Almelo,2840540307,1,1,0,cos9hxi16eitbcbthof7zrm4m,FC Groningen,4dk7h575fifmw2lhslevhmhux,M. Rente,22.89,2.584,0,0.0,turnover,False,0.0
2025-08-29_FC Groningen - Heracles Almelo,2840544227,1,4,0,cos9hxi16eitbcbthof7zrm4m,FC Groningen,d1dq7upxtawnps3wljz6wf9jo,S. Resink,49.665,38.964,1,4.0,turnover,False,0.0
2025-08-29_FC Groningen - Heracles Almelo,2840562629,1,19,1,cos9hxi16eitbcbthof7zrm4m,FC Groningen,98qi4clazqen9kimkxt3jb6j9,M. Peersman,17.955000000000002,62.35600000000001,1,1.0,turnover,False,0.0
2025-08-29_FC Groningen - Heracles Almelo,2840565627,1,21,38,dac758ef858jbq7pcb3gfwite,Heracles Almelo,e3akocgpppdty3ayxty1gf6xh,D. Mirani,23.625,34.748000000000005,1,4.0,turnover,False,0.0
2025-08-29_FC Groningen - Heracles Almelo,2840573343,1,28,56,cos9hxi16eitbcbthof7zrm4m,FC Groningen,4dk7h575fifmw2lhslevhmhux,M. Rente,37.275,42.976000000000006,4,9.0,window_expired,False,0.00034299319244667626
2025-08-29_FC Groningen - Heracles Almelo,2840580823,1,35,15,cos9hxi16eitbcbthof7zrm4m,FC Groningen,3aly8eihwfvtwde7dg0k18w7o,J. Schreuders,35.385000000000005,62.424,2,4.0,window_expired,False,9.346825549264026e-05
2025-08-29_FC Groningen - Heracles Almelo,2840625967,2,56,53,dac758ef858jbq7pcb3gfwite,Heracles Almelo,7d8qc47gy4mb9mo67e1ic448a,M. Benita,49.035000000000004,21.828000000000003,0,0.0,turnover,False,0.0
2025-08-29_FC Groningen - Heracles Almelo,2840627641,2,58,2,dac758ef858jbq7pcb3gfwite,Heracles Almelo,80dk8iv6p0202z10qcqy8bfca,S. Scheperman,49.56,17.816000000000003,3,7.0,window_expired,False,0.0
2025-08-29_FC Groningen - Heracles Almelo,2840629889,2,59,30,cos9hxi16eitbcbthof7zrm4m,FC Groningen,1c4fzmrwmlwaqmqomge14rqc4,D. Janse,38.010000000000005,66.504,0,0.0,turnover,False,0.0
2025-08-29_FC Groningen - Heracles Almelo,2840634275,2,62,48,cos9hxi16eitbcbthof7zrm4m,FC Groningen,f4liap69r76gyc8pnxsergbqi,T. de Jonge,44.730000000000004,14.076,0,0.0,turnover,False,0.0
2025-08-29_FC Groningen - Heracles Almelo,2840643833,2,69,13,dac758ef858jbq7pcb3gfwite,Heracles Almelo,7d8qc47gy4mb9mo67e1ic448a,M. Benita,55.86000000000001,19.176000000000002,6,9.0,window_expired,False,0.0004493009417727
2025-08-29_FC Groningen - Heracles Almelo,2840649537,2,74,49,dac758ef858jbq7pcb3gfwite,Heracles Almelo,e3akocgpppdty3ayxty1gf6xh,D. Mirani,72.34500000000001,13.736,1,0.0,turnover,False,0.0
2025-08-30_FC Volendam - AFC Ajax,2841089765,1,1,15,d0zdg647gvgc95xdtk1vpbkys,AFC Ajax,6km3r9cspyz7g6343o9mri63u,Raúl Moro,40.425000000000004,10.812000000000001,4,5.0,window_expired,False,0.0013610834145349
2025-08-30_FC Volendam - AFC Ajax,2841006739,1,4,35,6g9qrm72224jrk6tkxxxi8a9n,FC Volendam,btrg844mxkl6kbn89s7aecj8q,G. Yah,22.26,57.93600000000001,4,9.0,turnover,False,5.680744877498145e-05
2025-08-30_FC Volendam - AFC Ajax,2841010649,1,6,43,6g9qrm72224jrk6tkxxxi8a9n,FC Volendam,xvher4f1mb6otoui5k5gs3ro,N. Bukala,65.83500000000001,47.6,1,1.0,turnover,False,0.0
2025-08-30_FC Volendam - AFC Ajax,2841013819,1,8,34,d0zdg647gvgc95xdtk1vpbkys,AFC Ajax,9tp35qqu1heburu0g5wa6jv56,Lucas Rosa,65.94,35.768,5,8.0,window_expired,False,0.0159166073783951
2025-08-30_FC Volendam - AFC Ajax,2841023837,1,14,9,6g9qrm72224jrk6tkxxxi8a9n,FC Volendam,btrg844mxkl6kbn89s7aecj8q,G. Yah,56.385000000000005,24.072,1,8.0,turnover,True,0.0
2025-08-30_FC Volendam - AFC Ajax,2841024571,1,14,37,6g9qrm72224jrk6tkxxxi8a9n,FC Volendam,ealh7n21gctxxw5ol3l3yxzze,Y. Leliendal,65.83500000000001,65.212,1,2.0,turnover,False,0.0
2025-08-30_FC Volendam - AFC Ajax,2841034099,1,25,28,6g9qrm72224jrk6tkxxxi8a9n,FC Volendam,28rtnolu3a2au3on0jtwzhu6s,P. Ugwu,74.655,23.256000000000004,2,2.0,turnover,True,0.0
2025-08-30_FC Volendam - AFC Ajax,2841044793,1,36,7,6g9qrm72224jrk6tkxxxi8a9n,FC Volendam,ealh7n21gctxxw5ol3l3yxzze,Y. Leliendal,22.365000000000002,43.18,2,4.0,turnover,False,0.0
2025-08-30_FC Volendam - AFC Ajax,2841053803,1,40,37,d0zdg647gvgc95xdtk1vpbkys,AFC Ajax,b8ixf31bdyfqqcwoy4ulai73e,K. Fitz-Jim,31.815,33.11600000000001,0,0.0,turnover,False,0.0
2025-08-30_FC Volendam - AFC Ajax,2841062799,1,45,14,6g9qrm72224jrk6tkxxxi8a9n,FC Volendam,ealh7n21gctxxw5ol3l3yxzze,Y. Leliendal,15.435,51.544000000000004,1,1.0,turnover,False,0.0
2025-08-30_FC Volendam - AFC Ajax,2841104289,2,50,23,6g9qrm72224jrk6tkxxxi8a9n,FC Volendam,8r3k1iuul274c0ha0vy90jys,A. Oehlers,24.465000000000003,11.628000000000002,3,3.0,turnover,False,1.4245985580224609e-05
2025-08-30_FC Volendam - AFC Ajax,2841106771,2,51,40,d0zdg647gvgc95xdtk1vpbkys,AFC Ajax,dafbvyorudvujxw7zswicykmh,O. Wijndal,35.805,54.264,0,0.0,turnover,False,0.0
2025-08-30_FC Volendam - AFC Ajax,2841108771,2,52,46,6g9qrm72224jrk6tkxxxi8a9n,FC Volendam,btrg844mxkl6kbn89s7aecj8q,G. Yah,28.035,23.392,4,6.0,turnover,False,9.764303449363854e-05
2025-08-30_FC Volendam - AFC Ajax,2841137029,2,68,56,d0zdg647gvgc95xdtk1vpbkys,AFC Ajax,1wse4b1hxu37e7t5ty5ykn7c9,J. Šutalo,64.575,35.972,0,0.0,turnover,False,0.0
2025-08-30_FC Volendam - AFC Ajax,2841138697,2,71,3,d0zdg647gvgc95xdtk1vpbkys,AFC Ajax,9tp35qqu1heburu0g5wa6jv56,Lucas Rosa,23.625,27.812,3,9.0,window_expired,False,0.0002826333424987
2025-08-30_FC Volendam - AFC Ajax,2841177745,2,71,43,d0zdg647gvgc95xdtk1vpbkys,AFC Ajax,35qg0rrwtl00pycx468s62m3u,K. Taylor,76.965,40.868,3,2.0,turnover,False,0.0
2025-08-30_FC Volendam - AFC Ajax,2841139731,2,72,42,6g9qrm72224jrk6tkxxxi8a9n,FC Volendam,c9epkro6fot3km9zak1kswfhm,X. Mbuyamba,4.515,26.248,3,6.0,turnover,False,0.0
2025-08-30_FC Volendam - AFC Ajax,2841150583,2,82,2,d0zdg647gvgc95xdtk1vpbkys,AFC Ajax,35qg0rrwtl00pycx468s62m3u,K. Taylor,35.805,52.088,0,0.0,turnover,False,0.0
2025-08-30_FC Volendam - AFC Ajax,2841152591,2,83,42,d0zdg647gvgc95xdtk1vpbkys,AFC Ajax,35qg0rrwtl00pycx468s62m3u,K. Taylor,14.07,45.492000000000004,1,1.0,window_expired,False,0.0
2025-08-30_FC Volendam - AFC Ajax,2841165317,2,94,31,6g9qrm72224jrk6tkxxxi8a9n,FC Volendam,xvher4f1mb6otoui5k5gs3ro,N. Bukala,30.66,9.656,0,0.0,turnover,False,0.0
2025-08-30_FC Volendam - AFC Ajax,2841165881,2,95,6,d0zdg647gvgc95xdtk1vpbkys,AFC Ajax,1wse4b1hxu37e7t5ty5ykn7c9,J. Šutalo,65.94,14.144000000000002,2,4.0,turnover,False,0.0
2025-08-30_PSV Eindhoven - SC Telstar,2841283631,1,5,46,zjawy6qdzk3y69v5pa3zl2cb,SC Telstar,1vn6w1mjdztfks75bxn0hk7x0,S. Hetli,64.47,66.504,1,1.0,turnover,False,0.0
2025-08-30_PSV Eindhoven - SC Telstar,2841285731,1,7,20,zjawy6qdzk3y69v5pa3zl2cb,SC Telstar,4bkb8qjb5n33wxfopju8r1mtx,D. Bakker,3.9899999999999998,56.304,0,0.0,turnover,False,0.0
2025-08-30_PSV Eindhoven - SC Telstar,2841298615,1,16,35,24fvcruwqrqvqa3aonf8c3zuy,PSV Eindhoven,5lvdnoyknuoyr6kdruposgctl,J. Schouten,26.25,51.748,4,4.0,window_expired,False,9.895151881204878e-05
2025-08-30_PSV Eindhoven - SC Telstar,2841300875,1,18,13,24fvcruwqrqvqa3aonf8c3zuy,PSV Eindhoven,avv12sgcucblnbfb790xovf8,R. van Bommel,34.755,65.212,0,0.0,turnover,False,0.0
2025-08-30_PSV Eindhoven - SC Telstar,2841306665,1,22,45,zjawy6qdzk3y69v5pa3zl2cb,SC Telstar,14csdlb8p0tnj6zqrs148ct1w,J. Ritmeester van de Kamp,44.415,6.188000000000001,0,0.0,turnover,False,0.0
2025-08-30_PSV Eindhoven - SC Telstar,2841329841,1,40,8,zjawy6qdzk3y69v5pa3zl2cb,SC Telstar,14csdlb8p0tnj6zqrs148ct1w,J. Ritmeester van de Kamp,31.185000000000002,19.040000000000003,4,7.0,turnover,False,0.0
2025-08-30_PSV Eindhoven - SC Telstar,2841407609,2,76,25,zjawy6qdzk3y69v5pa3zl2cb,SC Telstar,cp866ucakmwqiwxrstkaxwgt0,N. Rossen,69.615,61.064,3,5.0,turnover,False,0.0
2025-08-30_PSV Eindhoven - SC Telstar,2841414559,2,81,16,zjawy6qdzk3y69v5pa3zl2cb,SC Telstar,52cqyvn8cfh83i5zwm3181pbe,T. Noslin,14.595,16.524,3,9.0,window_expired,False,0.0
2025-08-30_SBV Excelsior - FC Twente,2841357855,1,2,38,dqk062lu0vm8epvytbm6r4mmf,SBV Excelsior,3hu6e9wa0nt4ekubxye6l4pas,I. Yegoian,38.64,63.308,1,0.0,turnover,False,0.0
2025-08-30_SBV Excelsior - FC Twente,2841392645,1,24,39,dqk062lu0vm8epvytbm6r4mmf,SBV Excelsior,5wwqe546ohp130rvi8x8pt0tm,A. Zagré,26.880000000000003,60.79200000000001,2,1.0,turnover,False,0.0
2025-08-30_SBV Excelsior - FC Twente,2841399375,1,29,17,4tic29sox7m39fy1ztgv0jsiq,FC Twente,dc119ejc7lls2rd3ywigl2smi,R. Zerrouki,33.075,51.544000000000004,0,0.0,turnover,False,0.0
2025-08-30_SBV Excelsior - FC Twente,2841403919,1,32,19,4tic29sox7m39fy1ztgv0jsiq,FC Twente,5r47vtvu418kae5j2rpv6w2dw,M. Rots,46.515,57.800000000000004,0,0.0,turnover,False,0.0
2025-08-30_SBV Excelsior - FC Twente,2841408671,1,35,59,4tic29sox7m39fy1ztgv0jsiq,FC Twente,28o7vv0jud22hmg4h649yozqh,T. Booth,78.015,15.164000000000001,3,2.0,turnover,False,0.0
2025-08-30_SBV Excelsior - FC Twente,2841409029,1,36,11,dqk062lu0vm8epvytbm6r4mmf,SBV Excelsior,3hu6e9wa0nt4ekubxye6l4pas,I. Yegoian,28.245,49.776,5,10.0,turnover,False,0.0275594292281069
2025-08-30_SBV Excelsior - FC Twente,2841411213,1,37,46,4tic29sox7m39fy1ztgv0jsiq,FC Twente,5r47vtvu418kae5j2rpv6w2dw,M. Rots,62.265,63.92,0,0.0,turnover,False,0.0
2025-08-30_SBV Excelsior - FC Twente,2841448847,2,52,43,dqk062lu0vm8epvytbm6r4mmf,SBV Excelsior,5wwqe546ohp130rvi8x8pt0tm,A. Zagré,5.04,50.592000000000006,2,1.0,turnover,False,0.0
2025-08-30_SBV Excelsior - FC Twente,2841457607,2,60,8,4tic29sox7m39fy1ztgv0jsiq,FC Twente,bner5siqnwn1fqusfrgujt0fe,M. Bruns,40.95,9.384,0,0.0,turnover,False,0.0
2025-08-30_SBV Excelsior - FC Twente,2841458387,2,60,50,4tic29sox7m39fy1ztgv0jsiq,FC Twente,dc119ejc7lls2rd3ywigl2smi,R. Zerrouki,41.160000000000004,5.236000000000001,1,2.0,turnover,False,0.0001836809623986
2025-08-30_SBV Excelsior - FC Twente,2841471403,2,75,19,dqk062lu0vm8epvytbm6r4mmf,SBV Excelsior,5wwqe546ohp130rvi8x8pt0tm,A. Zagré,18.375,32.43600000000001,0,0.0,turnover,False,0.0
2025-08-30_SC Heerenveen - Go Ahead Eagles,2841203145,1,8,58,4vd2t5schmvvufrfib7f2vjdf,SC Heerenveen,9najgqcaamqj0qtiicuq9hey,R. Meerveld,73.29,1.564,1,0.0,turnover,False,0.0
2025-08-30_SC Heerenveen - Go Ahead Eagles,2841203649,1,9,31,b79uipsy57y1jqpy07h4i5ovk,Go Ahead Eagles,61a5bh5xw947nv4mxx62gqaqx,J. Kramer,46.095,13.056000000000001,5,5.0,turnover,False,0.021812502459782
2025-08-30_SC Heerenveen - Go Ahead Eagles,2841204351,1,10,28,b79uipsy57y1jqpy07h4i5ovk,Go Ahead Eagles,ciguyr553yqapqfudim9af46h,M. Deijl,40.845,1.972,3,9.0,turnover,False,0.0001537196800688
2025-08-30_SC Heerenveen - Go Ahead Eagles,2841204475,1,10,44,b79uipsy57y1jqpy07h4i5ovk,Go Ahead Eagles,ciguyr553yqapqfudim9af46h,M. Deijl,61.74,16.592,3,2.0,window_expired,False,0.0025841025125166
2025-08-30_SC Heerenveen - Go Ahead Eagles,2841226777,1,31,33,b79uipsy57y1jqpy07h4i5ovk,Go Ahead Eagles,1mroid71v9bwpx0iaospei9gq,R. Margaret,36.96000000000001,11.628000000000002,1,2.0,turnover,False,0.0
2025-08-30_SC Heerenveen - Go Ahead Eagles,2841229763,1,33,58,b79uipsy57y1jqpy07h4i5ovk,Go Ahead Eagles,1mroid71v9bwpx0iaospei9gq,R. Margaret,22.575,24.616000000000003,0,0.0,turnover,False,0.0
2025-08-30_SC Heerenveen - Go Ahead Eagles,2841286025,2,53,0,4vd2t5schmvvufrfib7f2vjdf,SC Heerenveen,412l28fqhx21ivpcxzn1kpilm,V. Zagaritis,42.105000000000004,59.84,0,0.0,turnover,False,0.0
2025-08-30_SC Heerenveen - Go Ahead Eagles,2841312283,2,72,47,4vd2t5schmvvufrfib7f2vjdf,SC Heerenveen,ar7llmzju08n8yrqu8xm1thck,O. Braude,8.4,16.32,0,0.0,turnover,False,0.0
2025-08-30_SC Heerenveen - Go Ahead Eagles,2841317157,2,77,7,4vd2t5schmvvufrfib7f2vjdf,SC Heerenveen,idvh0ac1f8wv39640pyl4esp,S. Kersten,37.905,30.668000000000003,0,0.0,turnover,False,0.0
2025-08-30_SC Heerenveen - Go Ahead Eagles,2841322477,2,80,51,b79uipsy57y1jqpy07h4i5ovk,Go Ahead Eagles,ciguyr553yqapqfudim9af46h,M. Deijl,32.34,10.812000000000001,0,0.0,turnover,False,0.0
2025-08-31_Fortuna Sittard - Nijmegen Eendracht Combinatie,2841749999,1,1,26,8iawijq7s9s6d85mjz8wdslki,Nijmegen Eendracht Combinatie,6dd248q0adq6su677bw2kk2c5,C. Verdonk,35.910000000000004,52.97200000000001,1,2.0,turnover,False,0.0
2025-08-31_Fortuna Sittard - Nijmegen Eendracht Combinatie,2841750929,1,2,52,3ebril33e08ddzob4bhq8awsr,Fortuna Sittard,9o10vhew3jar8tqnkabw0qoyx,J. Lonwijk,60.795,6.664000000000001,0,0.0,turnover,False,0.0
2025-08-31_Fortuna Sittard - Nijmegen Eendracht Combinatie,2841752029,1,4,31,3ebril33e08ddzob4bhq8awsr,Fortuna Sittard,7b4jmfu1ejoeci2zmvwuejnys,P. Brittijn,15.120000000000001,62.968,1,1.0,turnover,False,0.0
2025-08-31_Fortuna Sittard - Nijmegen Eendracht Combinatie,2841754893,1,9,15,3ebril33e08ddzob4bhq8awsr,Fortuna Sittard,8przxwwothu3crflys7ahl4dm,S. Adewoye,31.815,17.408,0,0.0,turnover,False,0.0
2025-08-31_Fortuna Sittard - Nijmegen Eendracht Combinatie,2841756133,1,11,56,3ebril33e08ddzob4bhq8awsr,Fortuna Sittard,bnkzwpd607re6s01oa77wcodm,J. Dahlhaus,15.435,56.984,1,2.0,turnover,False,0.0
2025-08-31_Fortuna Sittard - Nijmegen Eendracht Combinatie,2841756447,1,12,43,8iawijq7s9s6d85mjz8wdslki,Nijmegen Eendracht Combinatie,4pqi5vt820333t5zsj2refc2d,B. Linssen,52.71000000000001,63.376000000000005,0,0.0,turnover,False,0.0
2025-08-31_Fortuna Sittard - Nijmegen Eendracht Combinatie,2841759863,1,19,4,3ebril33e08ddzob4bhq8awsr,Fortuna Sittard,8przxwwothu3crflys7ahl4dm,S. Adewoye,14.700000000000001,21.080000000000002,3,5.0,turnover,False,0.0
2025-08-31_Fortuna Sittard - Nijmegen Eendracht Combinatie,2842489299,1,25,55,8iawijq7s9s6d85mjz8wdslki,Nijmegen Eendracht Combinatie,4pqi5vt820333t5zsj2refc2d,B. Linssen,41.79,55.080000000000005,1,3.0,turnover,False,0.0
2025-08-31_Fortuna Sittard - Nijmegen Eendracht Combinatie,2841766509,1,31,39,8iawijq7s9s6d85mjz8wdslki,Nijmegen Eendracht Combinatie,6dd248q0adq6su677bw2kk2c5,C. Verdonk,67.83,39.57600000000001,0,0.0,turnover,False,0.0
2025-08-31_Fortuna Sittard - Nijmegen Eendracht Combinatie,2841769913,1,35,48,3ebril33e08ddzob4bhq8awsr,Fortuna Sittard,bnkzwpd607re6s01oa77wcodm,J. Dahlhaus,28.56,62.15200000000001,2,2.0,turnover,False,0.0
2025-08-31_Fortuna Sittard - Nijmegen Eendracht Combinatie,2841781933,2,45,51,8iawijq7s9s6d85mjz8wdslki,Nijmegen Eendracht Combinatie,dse071e8zbzm8l37m64g6e1p0,K. Sano,36.12,28.424,1,2.0,turnover,False,0.0
2025-08-31_Fortuna Sittard - Nijmegen Eendracht Combinatie,2841787317,2,53,16,3ebril33e08ddzob4bhq8awsr,Fortuna Sittard,7b4jmfu1ejoeci2zmvwuejnys,P. Brittijn,55.125,28.492,0,0.0,turnover,False,0.0
2025-08-31_Fortuna Sittard - Nijmegen Eendracht Combinatie,2841788063,2,54,42,8iawijq7s9s6d85mjz8wdslki,Nijmegen Eendracht Combinatie,3c4l2e3gzgpqrc2ygkbmp0jpx,V. Misidjan,93.97500000000001,61.132000000000005,0,0.0,turnover,False,0.0
2025-08-31_Fortuna Sittard - Nijmegen Eendracht Combinatie,2841801427,2,71,23,3ebril33e08ddzob4bhq8awsr,Fortuna Sittard,570htztcvfsu947xw6fvtzmc5,Iván Márquez,10.815000000000001,36.312000000000005,0,0.0,turnover,False,0.0
2025-08-31_Fortuna Sittard - Nijmegen Eendracht Combinatie,2841804297,2,75,21,3ebril33e08ddzob4bhq8awsr,Fortuna Sittard,dsh8ta4q6v5ews2e19p9xh6y2,J. Hubner,55.33500000000001,59.092000000000006,2,4.0,turnover,False,0.0
2025-08-31_Fortuna Sittard - Nijmegen Eendracht Combinatie,2841822347,2,96,41,3ebril33e08ddzob4bhq8awsr,Fortuna Sittard,bnkzwpd607re6s01oa77wcodm,J. Dahlhaus,11.445,55.760000000000005,0,0.0,turnover,False,0.0
2025-08-31_Fortuna Sittard - Nijmegen Eendracht Combinatie,2841823817,2,98,17,8iawijq7s9s6d85mjz8wdslki,Nijmegen Eendracht Combinatie,dse071e8zbzm8l37m64g6e1p0,K. Sano,23.835,32.164,2,5.0,turnover,False,0.0
2025-08-31_Fortuna Sittard - Nijmegen Eendracht Combinatie,2841824321,2,98,53,3ebril33e08ddzob4bhq8awsr,Fortuna Sittard,bnkzwpd607re6s01oa77wcodm,J. Dahlhaus,48.825,46.308,1,2.0,turnover,False,0.0
2025-08-31_NAC Breda - Alkmaar Zaanstreek,2841952217,1,7,1,3kfktv64h7kg7zryax1wktr5r,Alkmaar Zaanstreek,619vlbweueymdkq1vu3jm2mwa,I. Sadiq,39.375,26.452,0,0.0,turnover,False,0.0
2025-08-31_NAC Breda - Alkmaar Zaanstreek,2841953635,1,9,14,3kfktv64h7kg7zryax1wktr5r,Alkmaar Zaanstreek,9lixevzo8exxiia17altfw8ic,W. Goes,38.85,25.364,1,1.0,turnover,False,0.0
2025-08-31_NAC Breda - Alkmaar Zaanstreek,2841961657,1,19,6,3kfktv64h7kg7zryax1wktr5r,Alkmaar Zaanstreek,ck3l6a262hves3v6nywarx9pm,Alexandre Penetra,41.37,54.468,0,0.0,turnover,False,0.0
2025-08-31_NAC Breda - Alkmaar Zaanstreek,2841963809,1,21,9,3kfktv64h7kg7zryax1wktr5r,Alkmaar Zaanstreek,3uq3lrjyj4mnvq6162b0jyhnt,M. de Wit,59.535000000000004,65.144,2,6.0,turnover,False,0.0
2025-08-31_NAC Breda - Alkmaar Zaanstreek,2841970267,1,25,16,59t7flioj4w4mpwnrwbm0m8ck,NAC Breda,4f8xb5sbyksacxmifi375h7qi,K. Sowah,32.550000000000004,15.912,0,0.0,turnover,False,0.0
2025-08-31_NAC Breda - Alkmaar Zaanstreek,2841978591,1,30,50,59t7flioj4w4mpwnrwbm0m8ck,NAC Breda,8nnxi9lw3hso096kk81h0azh0,J. Talvitie,17.745,10.608,4,7.0,turnover,False,0.0
2025-08-31_NAC Breda - Alkmaar Zaanstreek,2841982395,1,33,22,59t7flioj4w4mpwnrwbm0m8ck,NAC Breda,969cpy2geokwer9gjapk7zj3e,R. Hillen,40.11000000000001,45.288,1,2.0,turnover,False,0.0
2025-08-31_NAC Breda - Alkmaar Zaanstreek,2842061205,2,71,53,59t7flioj4w4mpwnrwbm0m8ck,NAC Breda,bdb33nwcpd2jufn9ggtl7gvzd,B. Lucassen,25.305000000000003,33.456,4,5.0,turnover,False,1.8739918573540404e-05
2025-08-31_NAC Breda - Alkmaar Zaanstreek,2842078301,2,86,54,59t7flioj4w4mpwnrwbm0m8ck,NAC Breda,37c696bwovmn1x8lc8z4wp53o,C. Valerius,43.68000000000001,10.404000000000002,0,0.0,turnover,False,0.0
2025-08-31_PEC Zwolle - FC Utrecht,2841834245,1,3,23,2uuh2bir8ktof0uxfo06lb4ox,PEC Zwolle,a7vlgirln231n3dqjhb72o0es,O. Aertssen,32.235,1.4960000000000002,1,1.0,turnover,False,0.0
2025-08-31_PEC Zwolle - FC Utrecht,2841835067,1,4,34,2uuh2bir8ktof0uxfo06lb4ox,PEC Zwolle,4phgw75cred5p93hjq8hiou6t,S. Floranus,58.065,59.228,0,0.0,turnover,False,0.0
2025-08-31_PEC Zwolle - FC Utrecht,2841835617,1,5,17,2uuh2bir8ktof0uxfo06lb4ox,PEC Zwolle,6u7z5qrlwzl9aug8awejq37xl,Jamiro Monteiro,24.044999999999998,31.484,0,0.0,turnover,False,0.0
2025-08-31_PEC Zwolle - FC Utrecht,2841838393,1,8,21,2uuh2bir8ktof0uxfo06lb4ox,PEC Zwolle,684nd3xjli51z43pbla0mwa21,T. Oosting,25.41,28.764,0,0.0,turnover,False,0.0
2025-08-31_PEC Zwolle - FC Utrecht,2841839523,1,9,51,ccpscwdcm65czscrun048ecn5,FC Utrecht,aafz6q5ggn9e6m5hprc71lgph,M. van der Hoorn,39.480000000000004,5.168,3,4.0,turnover,False,0.0001711752567014
2025-08-31_PEC Zwolle - FC Utrecht,2842479457,1,14,8,2uuh2bir8ktof0uxfo06lb4ox,PEC Zwolle,1rd0zzpp3dn0y7qtxwc57g7h1,R. Thomas,74.235,7.82,3,6.0,turnover,False,0.0
2025-08-31_PEC Zwolle - FC Utrecht,2841843451,1,14,16,ccpscwdcm65czscrun048ecn5,FC Utrecht,4ej8uchqe3rt1s5h6phjo3310,G. Zechiël,27.930000000000003,37.80800000000001,5,10.0,window_expired,False,3.536931424394374e-06
2025-08-31_PEC Zwolle - FC Utrecht,2841845951,1,17,10,ccpscwdcm65czscrun048ecn5,FC Utrecht,3ypxn1nvgv8e321sq5394w3my,M. Didden,42.945,44.064,5,7.0,turnover,False,0.0019863200136163
2025-08-31_PEC Zwolle - FC Utrecht,2841848293,1,20,26,2uuh2bir8ktof0uxfo06lb4ox,PEC Zwolle,1rd0zzpp3dn0y7qtxwc57g7h1,R. Thomas,32.76,22.508000000000003,0,0.0,turnover,False,0.0
2025-08-31_PEC Zwolle - FC Utrecht,2841854593,1,31,24,ccpscwdcm65czscrun048ecn5,FC Utrecht,29s8wk0a2m66rebsfx1jfuuh,D. van den Berg,46.62,47.328,0,0.0,turnover,False,0.0
2025-08-31_PEC Zwolle - FC Utrecht,2841855385,1,32,21,ccpscwdcm65czscrun048ecn5,FC Utrecht,7o8auo4uu5mzh7f4a44ucdf8q,D. Min,35.805,45.15200000000001,5,10.0,window_expired,False,0.0001029720986079
2025-08-31_PEC Zwolle - FC Utrecht,2841858741,1,35,46,2uuh2bir8ktof0uxfo06lb4ox,PEC Zwolle,684nd3xjli51z43pbla0mwa21,T. Oosting,73.605,2.108,1,1.0,turnover,False,0.0
2025-08-31_PEC Zwolle - FC Utrecht,2841868393,1,45,14,ccpscwdcm65czscrun048ecn5,FC Utrecht,9ano8w4jrlk6zq92rxchzaru2,Miguel Rodríguez,63.839999999999996,18.224,1,2.0,turnover,False,0.0
2025-08-31_PEC Zwolle - FC Utrecht,2841868967,1,45,50,2uuh2bir8ktof0uxfo06lb4ox,PEC Zwolle,a7vlgirln231n3dqjhb72o0es,O. Aertssen,58.065,28.492,0,0.0,turnover,False,0.0
2025-08-31_PEC Zwolle - FC Utrecht,2842488349,2,54,46,ccpscwdcm65czscrun048ecn5,FC Utrecht,aafz6q5ggn9e6m5hprc71lgph,M. van der Hoorn,21.525000000000002,20.400000000000002,3,9.0,window_expired,False,9.994674596779109e-05
2025-08-31_PEC Zwolle - FC Utrecht,2841893551,2,56,49,2uuh2bir8ktof0uxfo06lb4ox,PEC Zwolle,6u7z5qrlwzl9aug8awejq37xl,Jamiro Monteiro,30.345,29.512,0,0.0,turnover,False,0.0
2025-08-31_PEC Zwolle - FC Utrecht,2841894463,2,57,58,2uuh2bir8ktof0uxfo06lb4ox,PEC Zwolle,a7vlgirln231n3dqjhb72o0es,O. Aertssen,68.775,4.216,1,1.0,turnover,False,0.0
2025-08-31_PEC Zwolle - FC Utrecht,2841897305,2,62,24,ccpscwdcm65czscrun048ecn5,FC Utrecht,8lt54ei6pcu25u8uerigmx5yi,A. Engwanda,56.49,35.36,0,0.0,turnover,False,0.0
2025-08-31_PEC Zwolle - FC Utrecht,2842489813,2,63,30,ccpscwdcm65czscrun048ecn5,FC Utrecht,aafz6q5ggn9e6m5hprc71lgph,M. van der Hoorn,14.805,39.168000000000006,0,0.0,turnover,False,0.0
2025-08-31_PEC Zwolle - FC Utrecht,2841899795,2,67,56,ccpscwdcm65czscrun048ecn5,FC Utrecht,4ej8uchqe3rt1s5h6phjo3310,G. Zechiël,64.89,45.15200000000001,0,0.0,turnover,False,0.0
2025-08-31_PEC Zwolle - FC Utrecht,2842492575,2,71,40,2uuh2bir8ktof0uxfo06lb4ox,PEC Zwolle,5mqog8k9eyi248jvrrp9fo8wk,N. Fichtinger,45.36000000000001,17.816000000000003,1,4.0,turnover,False,0.0
2025-08-31_PEC Zwolle - FC Utrecht,2841901277,2,71,53,ccpscwdcm65czscrun048ecn5,FC Utrecht,aafz6q5ggn9e6m5hprc71lgph,M. van der Hoorn,34.86000000000001,47.124,4,7.0,turnover,False,0.0001643826719176
2025-08-31_PEC Zwolle - FC Utrecht,2841909823,2,80,36,ccpscwdcm65czscrun048ecn5,FC Utrecht,8lt54ei6pcu25u8uerigmx5yi,A. Engwanda,58.905,16.796,0,0.0,turnover,False,0.0
2025-08-31_PEC Zwolle - FC Utrecht,2841914909,2,85,30,2uuh2bir8ktof0uxfo06lb4ox,PEC Zwolle,7h6w0i7ebl5pew0v1j8ipin10,G. Reiziger,42.73500000000001,20.468000000000004,4,4.0,turnover,False,0.0
2025-08-31_PEC Zwolle - FC Utrecht,2841928913,2,99,33,ccpscwdcm65czscrun048ecn5,FC Utrecht,enimk3ibb10vk3f8vrmmhq7oq,S. El Karouani,40.53,53.924,1,2.0,turnover,False,0.0
2025-08-31_PEC Zwolle - FC Utrecht,2841929017,2,99,39,2uuh2bir8ktof0uxfo06lb4ox,PEC Zwolle,d5g7rl9a83vu3cyyzvu5yveqy,A. MacNulty,18.794999999999998,23.936000000000003,0,0.0,turnover,False,0.0
2025-08-31_PEC Zwolle - FC Utrecht,2841929347,2,99,58,2uuh2bir8ktof0uxfo06lb4ox,PEC Zwolle,10k3fz1ibikbugv4c45ewy87o,J. Pereira da Gama,19.005000000000003,60.044000000000004,1,2.0,turnover,False,0.0
2025-08-31_Sparta Rotterdam - Feyenoord Rotterdam,2841833805,1,2,19,20vymiy7bo8wkyxai3ew494fz,Feyenoord Rotterdam,6fdwd71dx2qu7uzzs3ozm9x7u,T. Watanabe,55.964999999999996,49.844,1,1.0,turnover,False,0.0
2025-08-31_Sparta Rotterdam - Feyenoord Rotterdam,2841837211,1,6,39,89w5c6pw7vn0dxypi61tt0g4k,Sparta Rotterdam,6yush35gfp1sgyyzicye73rp,P. van Aanholt,23.835,50.388,4,5.0,turnover,False,1.25170515678924e-05
2025-08-31_Sparta Rotterdam - Feyenoord Rotterdam,2841837909,1,7,24,89w5c6pw7vn0dxypi61tt0g4k,Sparta Rotterdam,byirjks50zw1eefkcy8p4hd5h,B. Martins Indi,30.240000000000002,39.508,4,8.0,window_expired,False,0.0
2025-08-31_Sparta Rotterdam - Feyenoord Rotterdam,2841845399,1,16,4,20vymiy7bo8wkyxai3ew494fz,Feyenoord Rotterdam,aajft01g5yggw0is5fbfh3105,B. Nieuwkoop,70.455,6.460000000000001,0,0.0,turnover,False,0.0
2025-08-31_Sparta Rotterdam - Feyenoord Rotterdam,2841851499,1,25,35,89w5c6pw7vn0dxypi61tt0g4k,Sparta Rotterdam,f57vs3qmmob743hdk2dxf56cq,S. Sambo,28.56,8.908000000000001,2,1.0,turnover,False,0.0003337464148884
2025-08-31_Sparta Rotterdam - Feyenoord Rotterdam,2841852133,1,26,54,20vymiy7bo8wkyxai3ew494fz,Feyenoord Rotterdam,e5xuwwa4qs6zxjd7y52tslih,Q. Timber,36.330000000000005,49.028,2,4.0,turnover,False,0.0048941627982839
2025-08-31_Sparta Rotterdam - Feyenoord Rotterdam,2841867231,1,43,46,89w5c6pw7vn0dxypi61tt0g4k,Sparta Rotterdam,ass524umdrpsq324wksaqef4k,M. Young,22.05,25.092000000000002,4,10.0,turnover,False,0.0
2025-08-31_Sparta Rotterdam - Feyenoord Rotterdam,2841868267,1,44,44,89w5c6pw7vn0dxypi61tt0g4k,Sparta Rotterdam,6yush35gfp1sgyyzicye73rp,P. van Aanholt,33.495,57.324000000000005,2,8.0,turnover,False,0.0
2025-08-31_Sparta Rotterdam - Feyenoord Rotterdam,2841884737,2,45,59,20vymiy7bo8wkyxai3ew494fz,Feyenoord Rotterdam,447abno2j0ux8fsxzs6fel7th,A. Ahmedhodžić,56.07,28.084,0,0.0,turnover,False,0.0
2025-08-31_Sparta Rotterdam - Feyenoord Rotterdam,2841902265,2,73,23,89w5c6pw7vn0dxypi61tt0g4k,Sparta Rotterdam,ecmzlwu35vg4y64kidte9v0no,M. Kleijn,3.1500000000000004,50.864000000000004,1,1.0,turnover,False,0.0
2025-08-31_Sparta Rotterdam - Feyenoord Rotterdam,2841906035,2,77,19,89w5c6pw7vn0dxypi61tt0g4k,Sparta Rotterdam,9lctm8txbd4n87mk61lwa0rf9,S. Bakari,12.285,22.644,2,1.0,turnover,False,0.0
2025-08-31_Sparta Rotterdam - Feyenoord Rotterdam,2841909037,2,79,55,89w5c6pw7vn0dxypi61tt0g4k,Sparta Rotterdam,6ab5gq2owk86qs5zjottfhwmi,T. Quintero,17.325,36.04,1,1.0,turnover,False,0.0
2025-08-31_Sparta Rotterdam - Feyenoord Rotterdam,2841919103,2,89,26,20vymiy7bo8wkyxai3ew494fz,Feyenoord Rotterdam,891zjrm0zjc2e3ebjx11p2y38,J. Slory,65.10000000000001,60.99600000000001,3,5.0,turnover,False,0.0
2025-09-13_AFC Ajax - PEC Zwolle,2845351571,1,2,29,2uuh2bir8ktof0uxfo06lb4ox,PEC Zwolle,a7vlgirln231n3dqjhb72o0es,O. Aertssen,22.575,14.280000000000001,1,2.0,turnover,False,0.0
2025-09-13_AFC Ajax - PEC Zwolle,2845358483,1,5,20,d0zdg647gvgc95xdtk1vpbkys,AFC Ajax,70tsvrcmklvp4ecdhxlugf8ix,K. Itakura,61.53,9.996,0,0.0,turnover,False,0.0
2025-09-13_AFC Ajax - PEC Zwolle,2845358507,1,5,21,2uuh2bir8ktof0uxfo06lb4ox,PEC Zwolle,4phgw75cred5p93hjq8hiou6t,S. Floranus,32.34,59.228,3,9.0,turnover,True,0.0
2025-09-13_AFC Ajax - PEC Zwolle,2845361513,1,6,39,2uuh2bir8ktof0uxfo06lb4ox,PEC Zwolle,a7vlgirln231n3dqjhb72o0es,O. Aertssen,24.465000000000003,18.836000000000002,1,1.0,turnover,False,0.0
2025-09-13_AFC Ajax - PEC Zwolle,2845391763,1,19,49,d0zdg647gvgc95xdtk1vpbkys,AFC Ajax,4n18t6bixl6ba3bx76hym51qs,A. Gaaei,8.61,14.416,4,3.0,turnover,False,5.3106620141046834e-05
2025-09-13_AFC Ajax - PEC Zwolle,2845393417,1,21,12,2uuh2bir8ktof0uxfo06lb4ox,PEC Zwolle,4phgw75cred5p93hjq8hiou6t,S. Floranus,55.230000000000004,53.516000000000005,0,0.0,turnover,False,0.0
2025-09-13_AFC Ajax - PEC Zwolle,2845394549,1,22,15,2uuh2bir8ktof0uxfo06lb4ox,PEC Zwolle,6u7z5qrlwzl9aug8awejq37xl,Jamiro Monteiro,18.375,47.39600000000001,0,0.0,turnover,False,0.0
2025-09-13_AFC Ajax - PEC Zwolle,2845413349,1,37,39,d0zdg647gvgc95xdtk1vpbkys,AFC Ajax,70tsvrcmklvp4ecdhxlugf8ix,K. Itakura,38.745,2.924,0,0.0,turnover,False,0.0
2025-09-13_AFC Ajax - PEC Zwolle,2845415911,1,38,49,d0zdg647gvgc95xdtk1vpbkys,AFC Ajax,47l204bkq2qqjhtazusr0019m,Y. Baas,24.78,52.088,1,0.0,turnover,False,0.0
2025-09-13_AFC Ajax - PEC Zwolle,2845416857,1,39,11,d0zdg647gvgc95xdtk1vpbkys,AFC Ajax,4n18t6bixl6ba3bx76hym51qs,A. Gaaei,38.535000000000004,11.22,1,1.0,turnover,False,0.0
2025-09-13_AFC Ajax - PEC Zwolle,2845419703,1,40,23,2uuh2bir8ktof0uxfo06lb4ox,PEC Zwolle,684nd3xjli51z43pbla0mwa21,T. Oosting,68.67000000000002,34.476000000000006,2,1.0,turnover,False,0.0
2025-09-13_AFC Ajax - PEC Zwolle,2845428951,1,44,23,d0zdg647gvgc95xdtk1vpbkys,AFC Ajax,7joybllup4h9oe6zfhcepjy6t,S. Berghuis,76.65,61.132000000000005,7,10.0,window_expired,False,0.0010184696111006
2025-09-13_AFC Ajax - PEC Zwolle,2845430685,1,45,10,2uuh2bir8ktof0uxfo06lb4ox,PEC Zwolle,684nd3xjli51z43pbla0mwa21,T. Oosting,59.64,21.42,0,0.0,turnover,False,0.0
2025-09-13_AFC Ajax - PEC Zwolle,2845479045,2,48,25,d0zdg647gvgc95xdtk1vpbkys,AFC Ajax,70tsvrcmklvp4ecdhxlugf8ix,K. Itakura,65.94,13.260000000000002,0,0.0,turnover,False,0.0
2025-09-13_AFC Ajax - PEC Zwolle,2845488541,2,52,27,d0zdg647gvgc95xdtk1vpbkys,AFC Ajax,47l204bkq2qqjhtazusr0019m,Y. Baas,42.63,49.64,3,1.0,turnover,False,0.0010232447296330063
2025-09-13_AFC Ajax - PEC Zwolle,2845489785,2,52,56,d0zdg647gvgc95xdtk1vpbkys,AFC Ajax,2zkaf848fjcdhuii8783pkm7e,Y. Regeer,25.725,30.26,0,0.0,turnover,False,0.0
2025-09-13_AFC Ajax - PEC Zwolle,2845493527,2,54,35,2uuh2bir8ktof0uxfo06lb4ox,PEC Zwolle,1rd0zzpp3dn0y7qtxwc57g7h1,R. Thomas,31.395,30.872,3,3.0,turnover,False,0.0
2025-09-13_AFC Ajax - PEC Zwolle,2845493675,2,54,38,d0zdg647gvgc95xdtk1vpbkys,AFC Ajax,70tsvrcmklvp4ecdhxlugf8ix,K. Itakura,34.44,34.408,2,1.0,turnover,False,0.0
2025-09-13_AFC Ajax - PEC Zwolle,2845508893,2,61,14,d0zdg647gvgc95xdtk1vpbkys,AFC Ajax,cx6fxszjvjam6zb3c3p0dd1jo,M. Godts,15.75,44.744,1,1.0,turnover,False,0.0
2025-09-13_AFC Ajax - PEC Zwolle,2845512927,2,63,8,2uuh2bir8ktof0uxfo06lb4ox,PEC Zwolle,1rd0zzpp3dn0y7qtxwc57g7h1,R. Thomas,64.47,45.696000000000005,2,6.0,turnover,False,0.0
2025-09-13_AFC Ajax - PEC Zwolle,2845515811,2,64,34,d0zdg647gvgc95xdtk1vpbkys,AFC Ajax,4n18t6bixl6ba3bx76hym51qs,A. Gaaei,34.33500000000001,30.94,0,0.0,turnover,False,0.0
2025-09-13_AFC Ajax - PEC Zwolle,2845516101,2,64,44,d0zdg647gvgc95xdtk1vpbkys,AFC Ajax,dafbvyorudvujxw7zswicykmh,O. Wijndal,9.555,45.696000000000005,2,2.0,window_expired,False,0.0
2025-09-13_AFC Ajax - PEC Zwolle,2845516843,2,65,6,2uuh2bir8ktof0uxfo06lb4ox,PEC Zwolle,1rd0zzpp3dn0y7qtxwc57g7h1,R. Thomas,66.885,23.12,6,9.0,window_expired,False,0.009613583603851
2025-09-13_AFC Ajax - PEC Zwolle,2845530835,2,76,27,d0zdg647gvgc95xdtk1vpbkys,AFC Ajax,cx6fxszjvjam6zb3c3p0dd1jo,M. Godts,75.705,41.208000000000006,3,2.0,turnover,False,0.0
2025-09-13_FC Twente - NAC Breda,2845737313,1,1,13,59t7flioj4w4mpwnrwbm0m8ck,NAC Breda,3c2wqlde0kovi9hii52egaimt,L. Holtby,38.955000000000005,45.900000000000006,3,2.0,turnover,False,0.0
2025-09-13_FC Twente - NAC Breda,2845739903,1,3,50,59t7flioj4w4mpwnrwbm0m8ck,NAC Breda,8z4wdv767cv7ddqgrkz5txsrt,B. Kemper,34.65,62.424,0,0.0,turnover,False,0.0
2025-09-13_FC Twente - NAC Breda,2845744953,1,8,2,59t7flioj4w4mpwnrwbm0m8ck,NAC Breda,c3j7ddqg0yzporam6gieibgiy,C. Brym,62.895,36.788000000000004,2,6.0,turnover,True,0.0054038758879056
2025-09-13_FC Twente - NAC Breda,2845755669,1,18,27,59t7flioj4w4mpwnrwbm0m8ck,NAC Breda,c3j7ddqg0yzporam6gieibgiy,C. Brym,71.29500000000002,16.184,2,1.0,turnover,False,0.0
2025-09-13_FC Twente - NAC Breda,2845760949,1,23,26,59t7flioj4w4mpwnrwbm0m8ck,NAC Breda,7qwmlcxsxlxmq01g7dkt7v14a,M. Balard,29.61,53.448,0,0.0,turnover,False,0.0
2025-09-13_FC Twente - NAC Breda,2845762423,1,24,52,59t7flioj4w4mpwnrwbm0m8ck,NAC Breda,4f8xb5sbyksacxmifi375h7qi,K. Sowah,77.59500000000001,56.1,0,0.0,turnover,False,0.0
2025-09-13_FC Twente - NAC Breda,2845767303,1,30,5,59t7flioj4w4mpwnrwbm0m8ck,NAC Breda,969cpy2geokwer9gjapk7zj3e,R. Hillen,20.475,46.92,2,5.0,window_expired,False,0.0
2025-09-13_FC Twente - NAC Breda,2845777757,1,40,48,4tic29sox7m39fy1ztgv0jsiq,FC Twente,lduqoe45t2fnbn9s9rbvlnf9,R. Pröpper,28.455000000000002,16.048000000000002,0,0.0,turnover,False,0.0
2025-09-13_FC Twente - NAC Breda,2845804243,2,54,23,59t7flioj4w4mpwnrwbm0m8ck,NAC Breda,64x38pccgfsuz4ywoveh2ksbu,L. Greiml,50.925000000000004,44.540000000000006,2,1.0,turnover,False,0.0
2025-09-13_FC Twente - NAC Breda,2845804535,2,54,42,59t7flioj4w4mpwnrwbm0m8ck,NAC Breda,c3j7ddqg0yzporam6gieibgiy,C. Brym,26.880000000000003,35.564,3,3.0,turnover,False,1.3493886383733613e-05
2025-09-13_FC Twente - NAC Breda,2845812589,2,65,29,4tic29sox7m39fy1ztgv0jsiq,FC Twente,bvwaamcj0bpdrcuoffl6b9rf8,D. Weidmann,37.48500000000001,19.584000000000003,2,2.0,turnover,False,0.0
2025-09-13_FC Twente - NAC Breda,2845813885,2,67,32,59t7flioj4w4mpwnrwbm0m8ck,NAC Breda,8z4wdv767cv7ddqgrkz5txsrt,B. Kemper,58.905,64.464,1,0.0,turnover,False,0.0
2025-09-13_FC Twente - NAC Breda,2845816749,2,72,10,4tic29sox7m39fy1ztgv0jsiq,FC Twente,lduqoe45t2fnbn9s9rbvlnf9,R. Pröpper,31.815,59.29600000000001,0,0.0,turnover,False,0.0
2025-09-13_FC Twente - NAC Breda,2845816777,2,72,12,4tic29sox7m39fy1ztgv0jsiq,FC Twente,5r47vtvu418kae5j2rpv6w2dw,M. Rots,36.855000000000004,62.83200000000001,0,0.0,turnover,False,0.0
2025-09-13_FC Twente - NAC Breda,2845819599,2,75,51,4tic29sox7m39fy1ztgv0jsiq,FC Twente,5r47vtvu418kae5j2rpv6w2dw,M. Rots,33.285000000000004,55.148,5,10.0,window_expired,False,0.0018078658208326
2025-09-13_FC Twente - NAC Breda,2845820237,2,76,46,4tic29sox7m39fy1ztgv0jsiq,FC Twente,dc119ejc7lls2rd3ywigl2smi,R. Zerrouki,78.33,49.300000000000004,1,0.0,window_expired,False,0.0
2025-09-13_Feyenoord Rotterdam - SC Heerenveen,2845738161,1,3,21,20vymiy7bo8wkyxai3ew494fz,Feyenoord Rotterdam,e5xuwwa4qs6zxjd7y52tslih,Q. Timber,55.230000000000004,30.464,0,0.0,turnover,False,0.0
2025-09-13_Feyenoord Rotterdam - SC Heerenveen,2845738367,1,3,34,20vymiy7bo8wkyxai3ew494fz,Feyenoord Rotterdam,29fr98or3mqippn84z3p9ihhw,L. Valente,26.775000000000002,47.056000000000004,1,1.0,turnover,False,0.0
2025-09-13_Feyenoord Rotterdam - SC Heerenveen,2845741385,1,6,12,20vymiy7bo8wkyxai3ew494fz,Feyenoord Rotterdam,6fdwd71dx2qu7uzzs3ozm9x7u,T. Watanabe,32.235,48.620000000000005,2,9.0,window_expired,False,0.0001707829629882
2025-09-13_Feyenoord Rotterdam - SC Heerenveen,2845741895,1,6,41,4vd2t5schmvvufrfib7f2vjdf,SC Heerenveen,idvh0ac1f8wv39640pyl4esp,S. Kersten,45.36000000000001,11.288000000000002,4,5.0,turnover,False,1.8518210575538263e-05
2025-09-13_Feyenoord Rotterdam - SC Heerenveen,2845749787,1,13,40,4vd2t5schmvvufrfib7f2vjdf,SC Heerenveen,412l28fqhx21ivpcxzn1kpilm,V. Zagaritis,8.925,39.372,1,2.0,window_expired,False,0.0
2025-09-13_Feyenoord Rotterdam - SC Heerenveen,2845756223,1,20,7,20vymiy7bo8wkyxai3ew494fz,Feyenoord Rotterdam,1pezvbb0n8z7hu5063jysg2s4,L. Sauer,72.97500000000001,54.468,6,10.0,window_expired,False,0.0008242912326551
2025-09-13_Feyenoord Rotterdam - SC Heerenveen,2845762641,1,26,13,4vd2t5schmvvufrfib7f2vjdf,SC Heerenveen,b5sf6wcogrvlwuwbd8xsyyfh1,J. van Overeem,31.71,39.372,0,0.0,turnover,False,0.0
2025-09-13_Feyenoord Rotterdam - SC Heerenveen,2845762757,1,26,20,20vymiy7bo8wkyxai3ew494fz,Feyenoord Rotterdam,6fdwd71dx2qu7uzzs3ozm9x7u,T. Watanabe,68.67000000000002,30.668000000000003,0,0.0,turnover,False,0.0
2025-09-13_Feyenoord Rotterdam - SC Heerenveen,2845765765,1,29,36,20vymiy7bo8wkyxai3ew494fz,Feyenoord Rotterdam,29fr98or3mqippn84z3p9ihhw,L. Valente,27.51,11.424000000000001,0,0.0,turnover,False,0.0
2025-09-13_Feyenoord Rotterdam - SC Heerenveen,2845767095,1,30,52,20vymiy7bo8wkyxai3ew494fz,Feyenoord Rotterdam,e5xuwwa4qs6zxjd7y52tslih,Q. Timber,12.81,31.96,0,0.0,turnover,False,0.0
2025-09-13_Feyenoord Rotterdam - SC Heerenveen,2845769701,1,33,36,4vd2t5schmvvufrfib7f2vjdf,SC Heerenveen,412l28fqhx21ivpcxzn1kpilm,V. Zagaritis,32.550000000000004,46.104,0,0.0,turnover,False,0.0
2025-09-13_Feyenoord Rotterdam - SC Heerenveen,2846069543,1,36,26,20vymiy7bo8wkyxai3ew494fz,Feyenoord Rotterdam,29fr98or3mqippn84z3p9ihhw,L. Valente,68.14500000000001,8.84,0,0.0,turnover,False,0.0
2025-09-13_Feyenoord Rotterdam - SC Heerenveen,2845782445,1,47,17,4vd2t5schmvvufrfib7f2vjdf,SC Heerenveen,c9shc6t28oroqthopifjvg9ux,D. Vente,79.17000000000002,51.00000000000001,1,1.0,turnover,False,0.0
2025-09-13_Feyenoord Rotterdam - SC Heerenveen,2845782879,1,47,46,20vymiy7bo8wkyxai3ew494fz,Feyenoord Rotterdam,e5xuwwa4qs6zxjd7y52tslih,Q. Timber,29.61,16.932,1,1.0,turnover,False,0.0
2025-09-13_Feyenoord Rotterdam - SC Heerenveen,2845797327,2,46,57,4vd2t5schmvvufrfib7f2vjdf,SC Heerenveen,idvh0ac1f8wv39640pyl4esp,S. Kersten,24.990000000000002,17.408,3,7.0,turnover,False,0.0
2025-09-13_Feyenoord Rotterdam - SC Heerenveen,2845799219,2,49,11,20vymiy7bo8wkyxai3ew494fz,Feyenoord Rotterdam,dtcvzfse83ztj96kiizwp6jqi,G. Smal,20.685,54.604,1,1.0,turnover,False,0.0
2025-09-13_Feyenoord Rotterdam - SC Heerenveen,2845800067,2,50,12,4vd2t5schmvvufrfib7f2vjdf,SC Heerenveen,2f8lk6lxav7hl7xlqt9an18x6,H. Petrov,23.94,39.236000000000004,7,6.0,turnover,False,7.806371875418439e-06
2025-09-13_Feyenoord Rotterdam - SC Heerenveen,2845813751,2,67,35,20vymiy7bo8wkyxai3ew494fz,Feyenoord Rotterdam,aajft01g5yggw0is5fbfh3105,B. Nieuwkoop,78.75,7.412000000000001,2,1.0,turnover,False,0.0
2025-09-13_Feyenoord Rotterdam - SC Heerenveen,2845826211,2,86,10,4vd2t5schmvvufrfib7f2vjdf,SC Heerenveen,412l28fqhx21ivpcxzn1kpilm,V. Zagaritis,34.964999999999996,67.388,1,1.0,turnover,False,0.0
2025-09-13_Go Ahead Eagles - FC Volendam,2845619941,1,1,11,6g9qrm72224jrk6tkxxxi8a9n,FC Volendam,8r3k1iuul274c0ha0vy90jys,A. Oehlers,49.14,14.076,5,10.0,window_expired,False,0.00027314909622452085
2025-09-13_Go Ahead Eagles - FC Volendam,2845629985,1,8,54,6g9qrm72224jrk6tkxxxi8a9n,FC Volendam,89plvrt8pzppcclh4axvii0ru,A. Plat,32.655,52.496,4,8.0,window_expired,False,0.0002139433703243548
2025-09-13_Go Ahead Eagles - FC Volendam,2845631855,1,10,32,b79uipsy57y1jqpy07h4i5ovk,Go Ahead Eagles,d8cxurdt9g5gezqlfwae7ooru,M. Meulensteen,55.964999999999996,47.328,0,0.0,turnover,False,0.0
2025-09-13_Go Ahead Eagles - FC Volendam,2845634059,1,12,12,6g9qrm72224jrk6tkxxxi8a9n,FC Volendam,xvher4f1mb6otoui5k5gs3ro,N. Bukala,74.235,20.468000000000004,4,4.0,turnover,False,0.0061754019122853
2025-09-13_Go Ahead Eagles - FC Volendam,2845634183,1,12,17,b79uipsy57y1jqpy07h4i5ovk,Go Ahead Eagles,9d4lofwg9ooaoldw2vpt4h36y,E. Linthorst,24.255000000000003,46.104,4,5.0,turnover,False,0.0
2025-09-13_Go Ahead Eagles - FC Volendam,2845634425,1,12,23,6g9qrm72224jrk6tkxxxi8a9n,FC Volendam,xvher4f1mb6otoui5k5gs3ro,N. Bukala,57.96000000000001,27.880000000000003,4,9.0,window_expired,False,8.696953536613261e-05
2025-09-13_Go Ahead Eagles - FC Volendam,2845635935,1,13,35,b79uipsy57y1jqpy07h4i5ovk,Go Ahead Eagles,9d4lofwg9ooaoldw2vpt4h36y,E. Linthorst,54.39,50.456,4,10.0,window_expired,False,0.0026500125956303
2025-09-13_Go Ahead Eagles - FC Volendam,2845649345,1,24,29,b79uipsy57y1jqpy07h4i5ovk,Go Ahead Eagles,9d4lofwg9ooaoldw2vpt4h36y,E. Linthorst,40.11000000000001,41.888000000000005,2,2.0,turnover,False,0.0
2025-09-13_Go Ahead Eagles - FC Volendam,2845652059,1,26,33,6g9qrm72224jrk6tkxxxi8a9n,FC Volendam,4utx4h5jz14whtjawxn7ox0r8,N. Verschuren,35.49,44.676,2,3.0,window_expired,False,0.0015702121612486
2025-09-13_Go Ahead Eagles - FC Volendam,2845655863,1,29,29,6g9qrm72224jrk6tkxxxi8a9n,FC Volendam,4utx4h5jz14whtjawxn7ox0r8,N. Verschuren,49.245,37.944,0,0.0,turnover,False,0.0
2025-09-13_Go Ahead Eagles - FC Volendam,2845667527,1,38,50,6g9qrm72224jrk6tkxxxi8a9n,FC Volendam,xvher4f1mb6otoui5k5gs3ro,N. Bukala,59.43000000000001,29.036000000000005,4,4.0,turnover,False,0.0001814079438216
2025-09-13_Go Ahead Eagles - FC Volendam,2845667629,1,38,55,b79uipsy57y1jqpy07h4i5ovk,Go Ahead Eagles,9d4lofwg9ooaoldw2vpt4h36y,E. Linthorst,32.445,47.124,0,0.0,turnover,False,0.0
2025-09-13_Go Ahead Eagles - FC Volendam,2845668259,1,39,27,6g9qrm72224jrk6tkxxxi8a9n,FC Volendam,89plvrt8pzppcclh4axvii0ru,A. Plat,66.045,18.836000000000002,6,9.0,window_expired,False,0.013761067092851267
2025-09-13_Go Ahead Eagles - FC Volendam,2846394229,2,46,48,6g9qrm72224jrk6tkxxxi8a9n,FC Volendam,c9epkro6fot3km9zak1kswfhm,X. Mbuyamba,65.31,14.280000000000001,0,0.0,turnover,False,0.0
2025-09-13_Go Ahead Eagles - FC Volendam,2845696613,2,46,56,b79uipsy57y1jqpy07h4i5ovk,Go Ahead Eagles,d8cxurdt9g5gezqlfwae7ooru,M. Meulensteen,30.135,36.176,0,0.0,turnover,False,0.0
2025-09-13_Go Ahead Eagles - FC Volendam,2845699931,2,50,10,6g9qrm72224jrk6tkxxxi8a9n,FC Volendam,4ezldqmn62ggasx6pniqbfwno,J. Ideho,13.65,56.168,5,10.0,window_expired,False,2.2086491418063514e-05
2025-09-13_Go Ahead Eagles - FC Volendam,2845714819,2,64,48,b79uipsy57y1jqpy07h4i5ovk,Go Ahead Eagles,1q0v3qpciql8rkyz4qrlvbuju,J. Breum,19.53,35.768,1,1.0,turnover,False,0.0
2025-09-13_Go Ahead Eagles - FC Volendam,2845722167,2,71,46,6g9qrm72224jrk6tkxxxi8a9n,FC Volendam,64kb0lmkr24rmh59hb01m268k,R. van Cruijsen,26.775000000000002,18.02,0,0.0,turnover,False,0.0
2025-09-13_Go Ahead Eagles - FC Volendam,2845736359,2,88,37,b79uipsy57y1jqpy07h4i5ovk,Go Ahead Eagles,9vyizhfym4y8vc07xrvba7skq,O. Pettersson,38.43,21.828000000000003,0,0.0,turnover,False,0.0
2025-09-13_Nijmegen Eendracht Combinatie - PSV Eindhoven,2845590315,1,2,41,24fvcruwqrqvqa3aonf8c3zuy,PSV Eindhoven,d4j19ipiaeuetyij08fofgs15,J. Veerman,21.630000000000003,22.1,0,0.0,turnover,False,0.0
2025-09-13_Nijmegen Eendracht Combinatie - PSV Eindhoven,2845598167,1,11,3,8iawijq7s9s6d85mjz8wdslki,Nijmegen Eendracht Combinatie,1asrguqxyo7rmoyamggwd9oq2,A. Kaplan,11.025,41.344,0,0.0,turnover,False,0.0
2025-09-13_Nijmegen Eendracht Combinatie - PSV Eindhoven,2845630955,1,37,37,8iawijq7s9s6d85mjz8wdslki,Nijmegen Eendracht Combinatie,a76yp8gkkg6frtuhh3d6l46i,D. Proper,6.09,27.540000000000003,2,5.0,turnover,False,0.0
2025-09-13_Nijmegen Eendracht Combinatie - PSV Eindhoven,2845637159,1,42,36,8iawijq7s9s6d85mjz8wdslki,Nijmegen Eendracht Combinatie,dse071e8zbzm8l37m64g6e1p0,K. Sano,18.794999999999998,13.260000000000002,0,0.0,turnover,False,0.0
2025-09-13_Nijmegen Eendracht Combinatie - PSV Eindhoven,2845639721,1,44,51,8iawijq7s9s6d85mjz8wdslki,Nijmegen Eendracht Combinatie,247ipjjd0cak2sggwbuorx4yy,B. Pereira,31.290000000000003,8.908000000000001,1,3.0,turnover,False,0.0
2025-09-13_Nijmegen Eendracht Combinatie - PSV Eindhoven,2845682701,2,59,15,24fvcruwqrqvqa3aonf8c3zuy,PSV Eindhoven,d4j19ipiaeuetyij08fofgs15,J. Veerman,42.42,54.468,2,2.0,turnover,False,0.0
2025-09-13_Nijmegen Eendracht Combinatie - PSV Eindhoven,2845687689,2,63,30,24fvcruwqrqvqa3aonf8c3zuy,PSV Eindhoven,d4j19ipiaeuetyij08fofgs15,J. Veerman,3.7800000000000002,48.688,1,0.0,turnover,False,0.0
2025-09-13_Nijmegen Eendracht Combinatie - PSV Eindhoven,2845690499,2,65,57,24fvcruwqrqvqa3aonf8c3zuy,PSV Eindhoven,5lvdnoyknuoyr6kdruposgctl,J. Schouten,22.26,29.988000000000003,0,0.0,turnover,False,0.0
2025-09-13_Nijmegen Eendracht Combinatie - PSV Eindhoven,2845716037,2,90,5,24fvcruwqrqvqa3aonf8c3zuy,PSV Eindhoven,dxmulnxbs11kpi1goq5hl9cve,A. Salah-Eddine,10.709999999999999,43.112,4,8.0,window_expired,False,0.0
2025-09-13_Nijmegen Eendracht Combinatie - PSV Eindhoven,2845720863,2,94,39,8iawijq7s9s6d85mjz8wdslki,Nijmegen Eendracht Combinatie,ac3lkaa1lkbsa82tfylq5zcb8,N. Lebreton,11.865000000000002,45.764,0,0.0,turnover,False,0.0
2025-09-14_FC Utrecht - FC Groningen,2846199923,1,1,50,ccpscwdcm65czscrun048ecn5,FC Utrecht,8lt54ei6pcu25u8uerigmx5yi,A. Engwanda,57.855000000000004,21.896000000000004,2,2.0,turnover,False,0.0
2025-09-14_FC Utrecht - FC Groningen,2846202899,1,4,58,cos9hxi16eitbcbthof7zrm4m,FC Groningen,98qi4clazqen9kimkxt3jb6j9,M. Peersman,50.82,63.24,0,0.0,turnover,False,0.0
2025-09-14_FC Utrecht - FC Groningen,2846902991,1,26,57,ccpscwdcm65czscrun048ecn5,FC Utrecht,9ano8w4jrlk6zq92rxchzaru2,Miguel Rodríguez,68.775,20.400000000000002,2,2.0,turnover,False,0.0
2025-09-14_FC Utrecht - FC Groningen,2846231433,1,31,2,cos9hxi16eitbcbthof7zrm4m,FC Groningen,4dk7h575fifmw2lhslevhmhux,M. Rente,62.370000000000005,5.576,0,0.0,turnover,False,0.0
2025-09-14_FC Utrecht - FC Groningen,2846243393,1,38,18,cos9hxi16eitbcbthof7zrm4m,FC Groningen,1nk0hcaa9o4jnyxc9ndz1lams,D. van der Werff,69.09,34.68,1,7.0,window_expired,False,0.0
2025-09-14_FC Utrecht - FC Groningen,2846244581,1,39,4,ccpscwdcm65czscrun048ecn5,FC Utrecht,aafz6q5ggn9e6m5hprc71lgph,M. van der Hoorn,53.865,31.892000000000003,2,2.0,turnover,False,0.0
2025-09-14_FC Utrecht - FC Groningen,2846252353,1,43,51,cos9hxi16eitbcbthof7zrm4m,FC Groningen,4dk7h575fifmw2lhslevhmhux,M. Rente,23.205000000000002,23.8,0,0.0,turnover,False,0.0
2025-09-14_FC Utrecht - FC Groningen,2846280671,2,46,7,ccpscwdcm65czscrun048ecn5,FC Utrecht,4ej8uchqe3rt1s5h6phjo3310,G. Zechiël,40.635000000000005,60.79200000000001,3,6.0,turnover,False,0.0
2025-09-14_FC Utrecht - FC Groningen,2846294901,2,58,8,ccpscwdcm65czscrun048ecn5,FC Utrecht,3r6elcuru7no13hrfczmwbmy1,S. Horemans,45.255,3.3320000000000003,0,0.0,turnover,False,0.0
2025-09-14_FC Utrecht - FC Groningen,2846295157,2,58,30,ccpscwdcm65czscrun048ecn5,FC Utrecht,3r6elcuru7no13hrfczmwbmy1,S. Horemans,38.325,4.556,0,0.0,turnover,False,0.0
2025-09-14_FC Utrecht - FC Groningen,2846296183,2,60,9,ccpscwdcm65czscrun048ecn5,FC Utrecht,3r6elcuru7no13hrfczmwbmy1,S. Horemans,36.75,39.57600000000001,0,0.0,turnover,False,0.0
2025-09-14_FC Utrecht - FC Groningen,2846298069,2,63,37,ccpscwdcm65czscrun048ecn5,FC Utrecht,4ej8uchqe3rt1s5h6phjo3310,G. Zechiël,36.015,53.992000000000004,3,6.0,turnover,False,0.0
2025-09-14_FC Utrecht - FC Groningen,2846299143,2,65,45,ccpscwdcm65czscrun048ecn5,FC Utrecht,3r6elcuru7no13hrfczmwbmy1,S. Horemans,24.255000000000003,11.016,7,10.0,window_expired,False,0.0
2025-09-14_FC Utrecht - FC Groningen,2846315731,2,80,25,ccpscwdcm65czscrun048ecn5,FC Utrecht,8lt54ei6pcu25u8uerigmx5yi,A. Engwanda,27.195,55.148,0,0.0,turnover,False,0.0
2025-09-14_FC Utrecht - FC Groningen,2846315899,2,80,30,ccpscwdcm65czscrun048ecn5,FC Utrecht,aafz6q5ggn9e6m5hprc71lgph,M. van der Hoorn,9.240000000000002,49.844,3,7.0,turnover,False,0.0
2025-09-14_FC Utrecht - FC Groningen,2846332375,2,92,22,cos9hxi16eitbcbthof7zrm4m,FC Groningen,679ax4aocvzlvj4i7a1bb8rv8,T. Mercera,44.83500000000001,29.988000000000003,2,4.0,turnover,False,0.0
2025-09-14_Heracles Almelo - Alkmaar Zaanstreek,2846203573,1,5,29,dac758ef858jbq7pcb3gfwite,Heracles Almelo,6ok4k757utbtswx5618xffsru,I. Mesík,65.31,43.384,3,5.0,window_expired,False,0.0003399341451068094
2025-09-14_Heracles Almelo - Alkmaar Zaanstreek,2846204161,1,6,0,3kfktv64h7kg7zryax1wktr5r,Alkmaar Zaanstreek,7jgtmmk4b2bgn0syidj6ve7kl,J. Clasie,67.935,59.228,1,1.0,turnover,False,0.0
2025-09-14_Heracles Almelo - Alkmaar Zaanstreek,2846253785,1,44,40,dac758ef858jbq7pcb3gfwite,Heracles Almelo,7d8qc47gy4mb9mo67e1ic448a,M. Benita,33.495,8.228,0,0.0,turnover,False,0.0
2025-09-14_Heracles Almelo - Alkmaar Zaanstreek,2846295101,2,59,20,dac758ef858jbq7pcb3gfwite,Heracles Almelo,80dk8iv6p0202z10qcqy8bfca,S. Scheperman,8.295,18.360000000000003,1,2.0,turnover,False,0.0
2025-09-14_Heracles Almelo - Alkmaar Zaanstreek,2846315173,2,80,58,3kfktv64h7kg7zryax1wktr5r,Alkmaar Zaanstreek,73lwz4he5erpp25zi8crjvztg,I. Jensen,34.86000000000001,56.984,5,4.0,turnover,False,2.685998814043467e-05
2025-09-14_Heracles Almelo - Alkmaar Zaanstreek,2846316271,2,81,42,dac758ef858jbq7pcb3gfwite,Heracles Almelo,e3akocgpppdty3ayxty1gf6xh,D. Mirani,68.46000000000001,8.024000000000001,4,9.0,window_expired,False,0.022460208164331
2025-09-14_Heracles Almelo - Alkmaar Zaanstreek,2846321889,2,85,31,3kfktv64h7kg7zryax1wktr5r,Alkmaar Zaanstreek,73lwz4he5erpp25zi8crjvztg,I. Jensen,36.330000000000005,46.444,2,1.0,window_expired,False,0.0
2025-09-14_SBV Excelsior - Sparta Rotterdam,2846782241,1,0,11,dqk062lu0vm8epvytbm6r4mmf,SBV Excelsior,6coor7jll29drx4kgvyt499wq,N. Naujoks,78.64500000000001,8.636000000000001,1,2.0,turnover,False,0.0
2025-09-14_SBV Excelsior - Sparta Rotterdam,2846115759,1,9,4,dqk062lu0vm8epvytbm6r4mmf,SBV Excelsior,cdhqb1a4h246hu0u13pm0tqay,I. Bronkhorst,25.935,9.656,5,10.0,window_expired,False,5.226869595555128e-05
2025-09-14_SBV Excelsior - Sparta Rotterdam,2846124367,1,33,39,dqk062lu0vm8epvytbm6r4mmf,SBV Excelsior,5wwqe546ohp130rvi8x8pt0tm,A. Zagré,40.53,50.456,3,6.0,turnover,False,0.0
2025-09-14_SBV Excelsior - Sparta Rotterdam,2846126387,1,39,24,89w5c6pw7vn0dxypi61tt0g4k,Sparta Rotterdam,ass524umdrpsq324wksaqef4k,M. Young,13.86,34.816,0,0.0,turnover,False,0.0
2025-09-14_SBV Excelsior - Sparta Rotterdam,2846127761,1,43,26,89w5c6pw7vn0dxypi61tt0g4k,Sparta Rotterdam,ass524umdrpsq324wksaqef4k,M. Young,28.455000000000002,30.056000000000004,0,0.0,turnover,False,0.0
2025-09-14_SBV Excelsior - Sparta Rotterdam,2846129439,1,46,55,89w5c6pw7vn0dxypi61tt0g4k,Sparta Rotterdam,dbg4ducw8j747foxiexle1iad,P. Clement,40.214999999999996,19.652,0,0.0,turnover,False,0.0
2025-09-14_SBV Excelsior - Sparta Rotterdam,2846139021,2,45,37,dqk062lu0vm8epvytbm6r4mmf,SBV Excelsior,6coor7jll29drx4kgvyt499wq,N. Naujoks,23.94,11.832,1,1.0,turnover,False,0.0
2025-09-14_SBV Excelsior - Sparta Rotterdam,2846141319,2,50,7,dqk062lu0vm8epvytbm6r4mmf,SBV Excelsior,6coor7jll29drx4kgvyt499wq,N. Naujoks,48.405,21.76,1,1.0,turnover,False,0.0
2025-09-14_SBV Excelsior - Sparta Rotterdam,2846158195,2,70,43,89w5c6pw7vn0dxypi61tt0g4k,Sparta Rotterdam,dbg4ducw8j747foxiexle1iad,P. Clement,66.78,2.584,1,1.0,turnover,False,0.0
2025-09-14_SBV Excelsior - Sparta Rotterdam,2846158839,2,71,28,dqk062lu0vm8epvytbm6r4mmf,SBV Excelsior,cdhqb1a4h246hu0u13pm0tqay,I. Bronkhorst,61.214999999999996,15.98,5,8.0,window_expired,False,0.00110860172378
2025-09-14_SBV Excelsior - Sparta Rotterdam,2846166241,2,81,2,89w5c6pw7vn0dxypi61tt0g4k,Sparta Rotterdam,c0os20ujhb2hujvtp21093l04,A. Oufkir,24.150000000000002,26.452,2,3.0,turnover,False,0.0
2025-09-14_SBV Excelsior - Sparta Rotterdam,2846168345,2,84,20,dqk062lu0vm8epvytbm6r4mmf,SBV Excelsior,c6i4usq34m3389rtbqptahrai,R. Meissen,3.8850000000000002,52.02,0,0.0,turnover,False,0.0
2025-09-14_SBV Excelsior - Sparta Rotterdam,2846171987,2,88,53,dqk062lu0vm8epvytbm6r4mmf,SBV Excelsior,1fs2iimaa97nzlw80yypcd6ju,S. Mitrović,39.27,64.736,3,7.0,turnover,False,2.166960568196485e-05
2025-09-14_SBV Excelsior - Sparta Rotterdam,2846173537,2,90,17,dqk062lu0vm8epvytbm6r4mmf,SBV Excelsior,ucqemxwd5n13up4t16o6qot0,C. Nadje,23.835,43.656000000000006,0,0.0,turnover,False,0.0
2025-09-14_SC Telstar - Fortuna Sittard,2846365747,1,2,59,3ebril33e08ddzob4bhq8awsr,Fortuna Sittard,60jptu288hf6gcljkbzcdie39,K. Peterson,35.385000000000005,59.29600000000001,1,1.0,turnover,False,0.0
2025-09-14_SC Telstar - Fortuna Sittard,2846789885,1,9,40,3ebril33e08ddzob4bhq8awsr,Fortuna Sittard,bnkzwpd607re6s01oa77wcodm,J. Dahlhaus,4.41,59.160000000000004,2,2.0,turnover,False,0.0
2025-09-14_SC Telstar - Fortuna Sittard,2846376331,1,15,36,3ebril33e08ddzob4bhq8awsr,Fortuna Sittard,2ifp36vdm0d6rb3xc7muuvv11,D. Limnios,55.125,1.904,0,0.0,turnover,False,0.0
2025-09-14_SC Telstar - Fortuna Sittard,2846381635,1,20,47,3ebril33e08ddzob4bhq8awsr,Fortuna Sittard,9o10vhew3jar8tqnkabw0qoyx,J. Lonwijk,55.86000000000001,55.488,2,3.0,turnover,False,0.0
2025-09-14_SC Telstar - Fortuna Sittard,2846382103,1,21,11,zjawy6qdzk3y69v5pa3zl2cb,SC Telstar,1vn6w1mjdztfks75bxn0hk7x0,S. Hetli,53.655,9.928,3,5.0,turnover,False,0.0188596194608966
2025-09-14_SC Telstar - Fortuna Sittard,2846401067,1,36,59,3ebril33e08ddzob4bhq8awsr,Fortuna Sittard,570htztcvfsu947xw6fvtzmc5,Iván Márquez,23.835,26.860000000000003,0,0.0,turnover,False,0.0
2025-09-14_SC Telstar - Fortuna Sittard,2846434701,2,47,23,zjawy6qdzk3y69v5pa3zl2cb,SC Telstar,14csdlb8p0tnj6zqrs148ct1w,J. Ritmeester van de Kamp,65.94,4.556,0,0.0,turnover,False,0.0
2025-09-14_SC Telstar - Fortuna Sittard,2846792637,2,48,3,zjawy6qdzk3y69v5pa3zl2cb,SC Telstar,1k60tee702idfrp0ibca1s57u,G. Offerhaus,54.6,31.552,0,0.0,turnover,False,0.0
2025-09-14_SC Telstar - Fortuna Sittard,2846438375,2,50,57,3ebril33e08ddzob4bhq8awsr,Fortuna Sittard,bnkzwpd607re6s01oa77wcodm,J. Dahlhaus,5.25,49.57200000000001,1,1.0,turnover,False,0.0
2025-09-14_SC Telstar - Fortuna Sittard,2846439455,2,52,6,3ebril33e08ddzob4bhq8awsr,Fortuna Sittard,bnkzwpd607re6s01oa77wcodm,J. Dahlhaus,9.240000000000002,12.172,0,0.0,turnover,False,0.0
2025-09-14_SC Telstar - Fortuna Sittard,2846450155,2,63,26,zjawy6qdzk3y69v5pa3zl2cb,SC Telstar,1zybkcmp40td92a6yg8sw9uga,T. Owusu,69.51,27.744,1,3.0,turnover,False,0.0021178944521919
2025-09-14_SC Telstar - Fortuna Sittard,2846451661,2,65,3,3ebril33e08ddzob4bhq8awsr,Fortuna Sittard,2ifp36vdm0d6rb3xc7muuvv11,D. Limnios,25.200000000000003,48.008,1,2.0,window_expired,False,0.0
2025-09-14_SC Telstar - Fortuna Sittard,2846470055,2,81,1,3ebril33e08ddzob4bhq8awsr,Fortuna Sittard,570htztcvfsu947xw6fvtzmc5,Iván Márquez,14.175,49.096000000000004,1,7.0,turnover,False,0.0
2025-09-17_Feyenoord Rotterdam - Fortuna Sittard,2847499133,1,7,24,3ebril33e08ddzob4bhq8awsr,Fortuna Sittard,9o10vhew3jar8tqnkabw0qoyx,J. Lonwijk,24.150000000000002,13.056000000000001,0,0.0,turnover,False,0.0
2025-09-17_Feyenoord Rotterdam - Fortuna Sittard,2847501045,1,11,19,3ebril33e08ddzob4bhq8awsr,Fortuna Sittard,9zryne6aa951ltubvjo0gk12i,M. Ihattaren,47.775,6.0520000000000005,3,2.0,turnover,False,0.0
2025-09-17_Feyenoord Rotterdam - Fortuna Sittard,2847501079,1,11,23,20vymiy7bo8wkyxai3ew494fz,Feyenoord Rotterdam,bwxn7o8ved1xo5bmfkfgzekiy,J. Bos,45.15,66.164,4,10.0,window_expired,False,0.0035909604874543
2025-09-17_Feyenoord Rotterdam - Fortuna Sittard,2847503735,1,16,27,20vymiy7bo8wkyxai3ew494fz,Feyenoord Rotterdam,6fdwd71dx2qu7uzzs3ozm9x7u,T. Watanabe,64.47,61.81200000000001,0,0.0,turnover,False,0.0
2025-09-17_Feyenoord Rotterdam - Fortuna Sittard,2847504195,1,17,17,3ebril33e08ddzob4bhq8awsr,Fortuna Sittard,7b4jmfu1ejoeci2zmvwuejnys,P. Brittijn,26.040000000000003,21.556,0,0.0,turnover,False,0.0
2025-09-17_Feyenoord Rotterdam - Fortuna Sittard,2847511281,1,30,11,20vymiy7bo8wkyxai3ew494fz,Feyenoord Rotterdam,447abno2j0ux8fsxzs6fel7th,A. Ahmedhodžić,50.295,42.29600000000001,1,2.0,turnover,False,0.0
2025-09-17_Feyenoord Rotterdam - Fortuna Sittard,2847511877,1,31,28,20vymiy7bo8wkyxai3ew494fz,Feyenoord Rotterdam,891zjrm0zjc2e3ebjx11p2y38,J. Slory,78.75,11.22,0,0.0,turnover,False,0.0
2025-09-17_Feyenoord Rotterdam - Fortuna Sittard,2847516055,1,38,49,20vymiy7bo8wkyxai3ew494fz,Feyenoord Rotterdam,891zjrm0zjc2e3ebjx11p2y38,J. Slory,34.02,19.856,3,6.0,turnover,False,0.0
2025-09-17_Feyenoord Rotterdam - Fortuna Sittard,2847527479,2,46,26,20vymiy7bo8wkyxai3ew494fz,Feyenoord Rotterdam,9d4ald4f0m2imaastzen4j8mi,O. Targhalline,39.375,42.84,3,7.0,turnover,False,0.0
2025-09-17_Feyenoord Rotterdam - Fortuna Sittard,2847529439,2,50,58,3ebril33e08ddzob4bhq8awsr,Fortuna Sittard,570htztcvfsu947xw6fvtzmc5,Iván Márquez,27.195,21.42,2,1.0,turnover,False,0.0
2025-09-17_Feyenoord Rotterdam - Fortuna Sittard,2847530951,2,54,44,3ebril33e08ddzob4bhq8awsr,Fortuna Sittard,8przxwwothu3crflys7ahl4dm,S. Adewoye,30.765,25.432000000000002,1,3.0,turnover,False,0.0
2025-09-17_Feyenoord Rotterdam - Fortuna Sittard,2847531885,2,57,13,3ebril33e08ddzob4bhq8awsr,Fortuna Sittard,44m4s9f1ckgdavmqjo0icx016,R. Fosso,77.28,5.44,4,5.0,turnover,True,0.0
2025-09-17_Feyenoord Rotterdam - Fortuna Sittard,2847532975,2,59,53,3ebril33e08ddzob4bhq8awsr,Fortuna Sittard,44m4s9f1ckgdavmqjo0icx016,R. Fosso,50.295,18.428,3,5.0,turnover,False,6.808690132711903e-06
2025-09-17_Feyenoord Rotterdam - Fortuna Sittard,2847533059,2,60,8,3ebril33e08ddzob4bhq8awsr,Fortuna Sittard,bnkzwpd607re6s01oa77wcodm,J. Dahlhaus,60.06,65.144,3,3.0,turnover,False,0.0
2025-09-17_Feyenoord Rotterdam - Fortuna Sittard,2847534549,2,62,17,3ebril33e08ddzob4bhq8awsr,Fortuna Sittard,8przxwwothu3crflys7ahl4dm,S. Adewoye,18.585,56.37200000000001,0,0.0,turnover,False,0.0
2025-09-17_Feyenoord Rotterdam - Fortuna Sittard,2847536537,2,68,40,3ebril33e08ddzob4bhq8awsr,Fortuna Sittard,7b4jmfu1ejoeci2zmvwuejnys,P. Brittijn,50.08500000000001,51.00000000000001,2,9.0,turnover,False,0.0
2025-09-17_Feyenoord Rotterdam - Fortuna Sittard,2847540461,2,78,3,20vymiy7bo8wkyxai3ew494fz,Feyenoord Rotterdam,e5xuwwa4qs6zxjd7y52tslih,Q. Timber,26.355000000000004,52.428,4,9.0,window_expired,False,0.0058012057673137
2025-09-17_Feyenoord Rotterdam - Fortuna Sittard,2847542563,2,82,43,3ebril33e08ddzob4bhq8awsr,Fortuna Sittard,44m4s9f1ckgdavmqjo0icx016,R. Fosso,33.495,21.080000000000002,0,0.0,turnover,False,0.0
2025-09-17_Feyenoord Rotterdam - Fortuna Sittard,2847543323,2,84,35,20vymiy7bo8wkyxai3ew494fz,Feyenoord Rotterdam,ecqjg6wtntf1guejvm10redck,G. Read,22.785,9.384,3,4.0,turnover,False,7.072029046541195e-05
2025-09-17_Feyenoord Rotterdam - Fortuna Sittard,2847548367,2,88,56,20vymiy7bo8wkyxai3ew494fz,Feyenoord Rotterdam,dtcvzfse83ztj96kiizwp6jqi,G. Smal,22.680000000000003,34.952,0,0.0,turnover,False,0.0
2025-09-19_Sparta Rotterdam - FC Twente,2848042205,1,9,48,4tic29sox7m39fy1ztgv0jsiq,FC Twente,lduqoe45t2fnbn9s9rbvlnf9,R. Pröpper,20.685,53.65200000000001,1,1.0,turnover,False,0.0
2025-09-19_Sparta Rotterdam - FC Twente,2848042479,1,10,0,4tic29sox7m39fy1ztgv0jsiq,FC Twente,bvwaamcj0bpdrcuoffl6b9rf8,D. Weidmann,26.145,59.772000000000006,1,1.0,turnover,False,0.0
2025-09-19_Sparta Rotterdam - FC Twente,2848045403,1,12,21,89w5c6pw7vn0dxypi61tt0g4k,Sparta Rotterdam,ely6vpyueden4b6ozfmspwgk5,J. Toornstra,47.775,29.716000000000005,0,0.0,turnover,False,0.0
2025-09-19_Sparta Rotterdam - FC Twente,2848052665,1,18,51,4tic29sox7m39fy1ztgv0jsiq,FC Twente,dc119ejc7lls2rd3ywigl2smi,R. Zerrouki,75.495,36.312000000000005,0,0.0,turnover,False,0.0
2025-09-19_Sparta Rotterdam - FC Twente,2848071437,1,37,45,89w5c6pw7vn0dxypi61tt0g4k,Sparta Rotterdam,f57vs3qmmob743hdk2dxf56cq,S. Sambo,16.59,7.412000000000001,1,3.0,turnover,False,0.0
2025-09-19_Sparta Rotterdam - FC Twente,2848078181,1,43,58,89w5c6pw7vn0dxypi61tt0g4k,Sparta Rotterdam,ely6vpyueden4b6ozfmspwgk5,J. Toornstra,12.495000000000001,24.344,1,1.0,turnover,False,0.0
2025-09-19_Sparta Rotterdam - FC Twente,2848098089,2,45,15,4tic29sox7m39fy1ztgv0jsiq,FC Twente,lduqoe45t2fnbn9s9rbvlnf9,R. Pröpper,42.42,32.028000000000006,3,8.0,window_expired,False,0.0013995322506664602
2025-09-19_Sparta Rotterdam - FC Twente,2848099105,2,46,5,89w5c6pw7vn0dxypi61tt0g4k,Sparta Rotterdam,7ty1wdxxnusgkl34k5raipbl5,M. van Bergen,10.08,11.764000000000001,1,1.0,turnover,False,0.0
2025-09-19_Sparta Rotterdam - FC Twente,2848102411,2,48,43,4tic29sox7m39fy1ztgv0jsiq,FC Twente,9nix5y8xcj34ps62r34udtqwa,K. Hlynsson,29.715000000000003,16.388,1,1.0,turnover,False,0.0
2025-09-19_Sparta Rotterdam - FC Twente,2848103669,2,49,40,4tic29sox7m39fy1ztgv0jsiq,FC Twente,2hbduprkyabq8g1nhe6b4g3bp,M. Pjaca,28.875,18.224,3,2.0,turnover,False,0.0
2025-09-19_Sparta Rotterdam - FC Twente,2848108205,2,53,3,4tic29sox7m39fy1ztgv0jsiq,FC Twente,qobf1v5kwuz6hj2ooixfw4mi,B. van Rooij,15.855,8.84,0,0.0,turnover,False,0.0
2025-09-19_Sparta Rotterdam - FC Twente,2848109191,2,53,50,4tic29sox7m39fy1ztgv0jsiq,FC Twente,dc119ejc7lls2rd3ywigl2smi,R. Zerrouki,63.315,31.008000000000003,3,9.0,window_expired,False,0.00044098649484189997
2025-09-19_Sparta Rotterdam - FC Twente,2848116359,2,59,6,89w5c6pw7vn0dxypi61tt0g4k,Sparta Rotterdam,ass524umdrpsq324wksaqef4k,M. Young,19.005000000000003,20.264000000000003,0,0.0,turnover,False,0.0
2025-09-19_Sparta Rotterdam - FC Twente,2848117365,2,59,57,89w5c6pw7vn0dxypi61tt0g4k,Sparta Rotterdam,dbg4ducw8j747foxiexle1iad,P. Clement,19.53,40.800000000000004,1,0.0,turnover,False,0.0
2025-09-19_Sparta Rotterdam - FC Twente,2848125891,2,67,32,4tic29sox7m39fy1ztgv0jsiq,FC Twente,5r47vtvu418kae5j2rpv6w2dw,M. Rots,75.17999999999999,49.368,0,0.0,turnover,False,0.0
2025-09-19_Sparta Rotterdam - FC Twente,2848127305,2,68,43,4tic29sox7m39fy1ztgv0jsiq,FC Twente,5r47vtvu418kae5j2rpv6w2dw,M. Rots,19.635,50.388,2,1.0,turnover,False,0.0
2025-09-19_Sparta Rotterdam - FC Twente,2848128339,2,69,33,4tic29sox7m39fy1ztgv0jsiq,FC Twente,bner5siqnwn1fqusfrgujt0fe,M. Bruns,23.835,16.592,0,0.0,turnover,False,0.0
2025-09-19_Sparta Rotterdam - FC Twente,2848139591,2,79,57,89w5c6pw7vn0dxypi61tt0g4k,Sparta Rotterdam,byirjks50zw1eefkcy8p4hd5h,B. Martins Indi,37.905,25.432000000000002,0,0.0,turnover,False,0.0
2025-09-19_Sparta Rotterdam - FC Twente,2848140607,2,81,0,4tic29sox7m39fy1ztgv0jsiq,FC Twente,2hbduprkyabq8g1nhe6b4g3bp,M. Pjaca,66.36,12.444,5,7.0,turnover,True,0.0003596317467604
2025-09-19_Sparta Rotterdam - FC Twente,2848146571,2,86,47,4tic29sox7m39fy1ztgv0jsiq,FC Twente,2hbduprkyabq8g1nhe6b4g3bp,M. Pjaca,59.115,25.092000000000002,2,4.0,turnover,False,0.0
2025-09-20_FC Groningen - SC Telstar,2848792207,1,8,43,zjawy6qdzk3y69v5pa3zl2cb,SC Telstar,y1ky8sp8scl05mmfr7byy3md,J. Hardeveld,57.96000000000001,58.956,2,8.0,window_expired,False,0.0
2025-09-20_FC Groningen - SC Telstar,2848794071,1,10,29,cos9hxi16eitbcbthof7zrm4m,FC Groningen,9wwud2tglhtdocmjgl2u5ib6c,T. Blokzijl,40.74,19.176000000000002,0,0.0,turnover,False,0.0
2025-09-20_FC Groningen - SC Telstar,2848810399,1,25,21,zjawy6qdzk3y69v5pa3zl2cb,SC Telstar,1vn6w1mjdztfks75bxn0hk7x0,S. Hetli,52.71000000000001,21.012,5,10.0,window_expired,False,5.962258049369007e-05
2025-09-20_FC Groningen - SC Telstar,2848811649,1,26,17,zjawy6qdzk3y69v5pa3zl2cb,SC Telstar,14csdlb8p0tnj6zqrs148ct1w,J. Ritmeester van de Kamp,57.435,37.672000000000004,0,0.0,turnover,False,0.0
2025-09-20_FC Groningen - SC Telstar,2848816327,1,29,57,zjawy6qdzk3y69v5pa3zl2cb,SC Telstar,14csdlb8p0tnj6zqrs148ct1w,J. Ritmeester van de Kamp,26.25,56.1,1,1.0,turnover,False,0.0
2025-09-20_FC Groningen - SC Telstar,2848825437,1,37,47,zjawy6qdzk3y69v5pa3zl2cb,SC Telstar,cp866ucakmwqiwxrstkaxwgt0,N. Rossen,34.964999999999996,33.11600000000001,3,6.0,turnover,False,0.0003504637944612
2025-09-20_FC Groningen - SC Telstar,2848826365,1,38,31,cos9hxi16eitbcbthof7zrm4m,FC Groningen,1nk0hcaa9o4jnyxc9ndz1lams,D. van der Werff,31.080000000000002,13.872,0,0.0,turnover,False,0.0
2025-09-20_FC Groningen - SC Telstar,2848854559,2,45,53,zjawy6qdzk3y69v5pa3zl2cb,SC Telstar,devvpv4u2vs2cofnwp4678mvp,D. Malone,61.425000000000004,4.6240000000000006,1,1.0,turnover,False,0.0
2025-09-20_FC Groningen - SC Telstar,2848858481,2,49,36,cos9hxi16eitbcbthof7zrm4m,FC Groningen,1c4fzmrwmlwaqmqomge14rqc4,D. Janse,89.67000000000002,61.744,2,0.0,turnover,False,0.0
2025-09-20_FC Groningen - SC Telstar,2848863267,2,55,0,cos9hxi16eitbcbthof7zrm4m,FC Groningen,9wwud2tglhtdocmjgl2u5ib6c,T. Blokzijl,23.625,12.648000000000001,1,2.0,turnover,False,0.0
2025-09-20_FC Groningen - SC Telstar,2848866523,2,59,13,zjawy6qdzk3y69v5pa3zl2cb,SC Telstar,cp866ucakmwqiwxrstkaxwgt0,N. Rossen,44.415,63.85200000000001,2,2.0,turnover,False,0.0
2025-09-20_FC Groningen - SC Telstar,2848867181,2,59,47,cos9hxi16eitbcbthof7zrm4m,FC Groningen,9wwud2tglhtdocmjgl2u5ib6c,T. Blokzijl,32.445,11.22,2,5.0,window_expired,False,0.000141573226651
2025-09-20_FC Groningen - SC Telstar,2848889801,2,79,28,cos9hxi16eitbcbthof7zrm4m,FC Groningen,9wwud2tglhtdocmjgl2u5ib6c,T. Blokzijl,25.41,52.632000000000005,3,3.0,turnover,False,0.0
2025-09-20_FC Groningen - SC Telstar,2848901327,2,91,16,cos9hxi16eitbcbthof7zrm4m,FC Groningen,1c4fzmrwmlwaqmqomge14rqc4,D. Janse,36.330000000000005,49.096000000000004,0,0.0,turnover,False,0.0
2025-09-20_FC Volendam - SBV Excelsior,2848575053,1,0,44,6g9qrm72224jrk6tkxxxi8a9n,FC Volendam,4ezldqmn62ggasx6pniqbfwno,J. Ideho,29.505000000000003,64.19200000000001,1,1.0,turnover,False,0.0
2025-09-20_FC Volendam - SBV Excelsior,2848575891,1,3,7,dqk062lu0vm8epvytbm6r4mmf,SBV Excelsior,c6i4usq34m3389rtbqptahrai,R. Meissen,62.160000000000004,56.78,0,0.0,turnover,False,0.0
2025-09-20_FC Volendam - SBV Excelsior,2848591753,1,10,36,dqk062lu0vm8epvytbm6r4mmf,SBV Excelsior,2vfhae70oyyzm0qttlckworqi,A. Carlén,30.03,37.128,3,3.0,turnover,False,0.0005672547510913
2025-09-20_FC Volendam - SBV Excelsior,2848593425,1,11,19,6g9qrm72224jrk6tkxxxi8a9n,FC Volendam,ealh7n21gctxxw5ol3l3yxzze,Y. Leliendal,29.294999999999998,65.62,0,0.0,turnover,False,0.0
2025-09-20_FC Volendam - SBV Excelsior,2848598205,1,13,34,dqk062lu0vm8epvytbm6r4mmf,SBV Excelsior,c6i4usq34m3389rtbqptahrai,R. Meissen,22.155,54.604,0,0.0,turnover,False,0.0
2025-09-20_FC Volendam - SBV Excelsior,2848610511,1,20,25,6g9qrm72224jrk6tkxxxi8a9n,FC Volendam,c9epkro6fot3km9zak1kswfhm,X. Mbuyamba,22.995,4.0120000000000005,2,3.0,turnover,False,0.0
2025-09-20_FC Volendam - SBV Excelsior,2848688601,2,45,37,6g9qrm72224jrk6tkxxxi8a9n,FC Volendam,xvher4f1mb6otoui5k5gs3ro,N. Bukala,56.28,34.476000000000006,4,9.0,window_expired,False,0.0010684081679967
2025-09-20_FC Volendam - SBV Excelsior,2848682393,2,45,59,dqk062lu0vm8epvytbm6r4mmf,SBV Excelsior,cdhqb1a4h246hu0u13pm0tqay,I. Bronkhorst,20.16,9.180000000000001,0,0.0,turnover,False,0.0
2025-09-20_FC Volendam - SBV Excelsior,2848686255,2,48,1,6g9qrm72224jrk6tkxxxi8a9n,FC Volendam,dej8tywq0npvbm25sfgtqur1m,O. Kökçü,59.22,38.48800000000001,0,0.0,turnover,False,0.0
2025-09-20_FC Volendam - SBV Excelsior,2848690365,2,49,59,6g9qrm72224jrk6tkxxxi8a9n,FC Volendam,4utx4h5jz14whtjawxn7ox0r8,N. Verschuren,63.525000000000006,17.952,1,2.0,turnover,False,0.0
2025-09-20_FC Volendam - SBV Excelsior,2848701673,2,55,33,dqk062lu0vm8epvytbm6r4mmf,SBV Excelsior,2vfhae70oyyzm0qttlckworqi,A. Carlén,39.27,48.824,4,8.0,window_expired,False,0.0004766034297974
2025-09-20_FC Volendam - SBV Excelsior,2848744379,2,86,45,6g9qrm72224jrk6tkxxxi8a9n,FC Volendam,4utx4h5jz14whtjawxn7ox0r8,N. Verschuren,21.21,41.344,0,0.0,turnover,False,0.0
2025-09-20_FC Volendam - SBV Excelsior,2848749007,2,90,39,dqk062lu0vm8epvytbm6r4mmf,SBV Excelsior,cdhqb1a4h246hu0u13pm0tqay,I. Bronkhorst,35.385000000000005,8.16,1,4.0,turnover,False,0.0
2025-09-20_Fortuna Sittard - FC Utrecht,2848866429,1,1,57,3ebril33e08ddzob4bhq8awsr,Fortuna Sittard,bnkzwpd607re6s01oa77wcodm,J. Dahlhaus,55.650000000000006,36.924,3,8.0,turnover,False,0.0
2025-09-20_Fortuna Sittard - FC Utrecht,2848868901,1,4,10,3ebril33e08ddzob4bhq8awsr,Fortuna Sittard,60jptu288hf6gcljkbzcdie39,K. Peterson,58.275000000000006,65.89200000000001,0,0.0,turnover,False,0.0
2025-09-20_Fortuna Sittard - FC Utrecht,2848875971,1,10,20,3ebril33e08ddzob4bhq8awsr,Fortuna Sittard,44m4s9f1ckgdavmqjo0icx016,R. Fosso,79.275,64.87200000000001,1,1.0,turnover,False,0.0
2025-09-20_Fortuna Sittard - FC Utrecht,2848876283,1,10,37,3ebril33e08ddzob4bhq8awsr,Fortuna Sittard,7b4jmfu1ejoeci2zmvwuejnys,P. Brittijn,64.575,52.904,0,0.0,turnover,False,0.0
2025-09-20_Fortuna Sittard - FC Utrecht,2848913197,1,45,41,3ebril33e08ddzob4bhq8awsr,Fortuna Sittard,570htztcvfsu947xw6fvtzmc5,Iván Márquez,33.6,30.668000000000003,4,9.0,turnover,False,0.0001955815877226
2025-09-20_Fortuna Sittard - FC Utrecht,2848932255,2,48,17,3ebril33e08ddzob4bhq8awsr,Fortuna Sittard,eyzcfyn1crjcgmm98uk9u8oyy,É. Michut,64.78500000000001,15.3,0,0.0,turnover,False,0.0
2025-09-20_Fortuna Sittard - FC Utrecht,2848939293,2,55,10,3ebril33e08ddzob4bhq8awsr,Fortuna Sittard,8przxwwothu3crflys7ahl4dm,S. Adewoye,53.445,21.692,0,0.0,turnover,False,0.0
2025-09-20_Fortuna Sittard - FC Utrecht,2848944871,2,60,40,ccpscwdcm65czscrun048ecn5,FC Utrecht,3r6elcuru7no13hrfczmwbmy1,S. Horemans,28.245,8.432,4,8.0,window_expired,False,0.0002423888291977
2025-09-20_Fortuna Sittard - FC Utrecht,2848945715,2,61,31,3ebril33e08ddzob4bhq8awsr,Fortuna Sittard,7b4jmfu1ejoeci2zmvwuejnys,P. Brittijn,61.53,4.6240000000000006,0,0.0,turnover,False,0.0
2025-09-20_Fortuna Sittard - FC Utrecht,2848950239,2,66,7,3ebril33e08ddzob4bhq8awsr,Fortuna Sittard,44m4s9f1ckgdavmqjo0icx016,R. Fosso,22.155,48.144,1,3.0,window_expired,False,0.0
2025-09-20_Fortuna Sittard - FC Utrecht,2848951327,2,67,24,3ebril33e08ddzob4bhq8awsr,Fortuna Sittard,44m4s9f1ckgdavmqjo0icx016,R. Fosso,66.045,28.084,0,0.0,turnover,False,0.0
2025-09-20_Fortuna Sittard - FC Utrecht,2848961633,2,77,36,3ebril33e08ddzob4bhq8awsr,Fortuna Sittard,eyzcfyn1crjcgmm98uk9u8oyy,É. Michut,24.990000000000002,22.848000000000003,2,3.0,turnover,False,0.0
2025-09-20_Fortuna Sittard - FC Utrecht,2848967699,2,83,43,3ebril33e08ddzob4bhq8awsr,Fortuna Sittard,bnkzwpd607re6s01oa77wcodm,J. Dahlhaus,23.730000000000004,57.868,3,2.0,window_expired,False,0.00022317239944756657
2025-09-20_Fortuna Sittard - FC Utrecht,2848970547,2,86,31,3ebril33e08ddzob4bhq8awsr,Fortuna Sittard,eyzcfyn1crjcgmm98uk9u8oyy,É. Michut,21.840000000000003,23.664,2,1.0,turnover,False,0.0
2025-09-20_Fortuna Sittard - FC Utrecht,2848973029,2,88,57,ccpscwdcm65czscrun048ecn5,FC Utrecht,3r6elcuru7no13hrfczmwbmy1,S. Horemans,42.42,4.896000000000001,0,0.0,turnover,False,0.0
2025-09-20_Fortuna Sittard - FC Utrecht,2848974139,2,90,24,ccpscwdcm65czscrun048ecn5,FC Utrecht,3r6elcuru7no13hrfczmwbmy1,S. Horemans,73.71000000000001,2.3800000000000003,0,0.0,turnover,False,0.0
2025-09-20_Fortuna Sittard - FC Utrecht,2848978107,2,96,36,3ebril33e08ddzob4bhq8awsr,Fortuna Sittard,8przxwwothu3crflys7ahl4dm,S. Adewoye,33.6,34.68,0,0.0,turnover,False,0.0
2025-09-20_NAC Breda - Heracles Almelo,2848980395,1,2,53,59t7flioj4w4mpwnrwbm0m8ck,NAC Breda,bdb33nwcpd2jufn9ggtl7gvzd,B. Lucassen,62.685,5.168,0,0.0,turnover,False,0.0
2025-09-20_NAC Breda - Heracles Almelo,2848930255,1,6,12,dac758ef858jbq7pcb3gfwite,Heracles Almelo,mlqit2c8my1ewqy6avrfhf8q,A. Van Hoorenbeeck,61.95,53.040000000000006,2,3.0,turnover,False,0.0
2025-09-20_NAC Breda - Heracles Almelo,2848935861,1,11,45,dac758ef858jbq7pcb3gfwite,Heracles Almelo,e3akocgpppdty3ayxty1gf6xh,D. Mirani,27.51,23.732,5,5.0,turnover,False,0.00011594781129922234
2025-09-20_NAC Breda - Heracles Almelo,2848961433,1,37,10,dac758ef858jbq7pcb3gfwite,Heracles Almelo,7d8qc47gy4mb9mo67e1ic448a,M. Benita,46.62,9.384,1,1.0,turnover,False,0.0
2025-09-20_NAC Breda - Heracles Almelo,2848972605,1,48,18,59t7flioj4w4mpwnrwbm0m8ck,NAC Breda,8z4wdv767cv7ddqgrkz5txsrt,B. Kemper,16.485,59.160000000000004,1,0.0,window_expired,False,0.0
2025-09-20_NAC Breda - Heracles Almelo,2848984941,2,48,19,dac758ef858jbq7pcb3gfwite,Heracles Almelo,e3akocgpppdty3ayxty1gf6xh,D. Mirani,26.565,20.808000000000003,0,0.0,turnover,False,0.0
2025-09-20_NAC Breda - Heracles Almelo,2848990883,2,55,16,dac758ef858jbq7pcb3gfwite,Heracles Almelo,2zwe056wfzof0v5jv01dv9uc5,A. Hrustić,34.964999999999996,8.772,1,1.0,turnover,False,0.0
2025-09-20_NAC Breda - Heracles Almelo,2849000961,2,70,6,59t7flioj4w4mpwnrwbm0m8ck,NAC Breda,8nnxi9lw3hso096kk81h0azh0,J. Talvitie,54.18000000000001,19.924000000000003,0,0.0,turnover,False,0.0
2025-09-20_NAC Breda - Heracles Almelo,2849005729,2,77,32,dac758ef858jbq7pcb3gfwite,Heracles Almelo,7d8qc47gy4mb9mo67e1ic448a,M. Benita,37.905,13.668000000000003,1,1.0,turnover,False,0.0
2025-09-20_NAC Breda - Heracles Almelo,2849017677,2,94,43,dac758ef858jbq7pcb3gfwite,Heracles Almelo,96om2im2vd1621ajcexlyekno,T. van Gilst,62.475,60.31600000000001,0,0.0,turnover,False,0.0
2025-09-21_Alkmaar Zaanstreek - Feyenoord Rotterdam,2849526485,1,3,15,3kfktv64h7kg7zryax1wktr5r,Alkmaar Zaanstreek,b94d67jluhh4076wp2se5fqsq,D. Kasius,59.22,20.264000000000003,5,9.0,window_expired,False,0.0002186520950454
2025-09-21_Alkmaar Zaanstreek - Feyenoord Rotterdam,2849530055,1,6,45,20vymiy7bo8wkyxai3ew494fz,Feyenoord Rotterdam,bwxn7o8ved1xo5bmfkfgzekiy,J. Bos,68.565,48.620000000000005,0,0.0,turnover,False,0.0
2025-09-21_Alkmaar Zaanstreek - Feyenoord Rotterdam,2849561649,1,38,41,20vymiy7bo8wkyxai3ew494fz,Feyenoord Rotterdam,bwxn7o8ved1xo5bmfkfgzekiy,J. Bos,59.955000000000005,60.52,2,4.0,window_expired,False,0.0060158457999335
2025-09-21_Alkmaar Zaanstreek - Feyenoord Rotterdam,2849565663,1,42,8,20vymiy7bo8wkyxai3ew494fz,Feyenoord Rotterdam,bwxn7o8ved1xo5bmfkfgzekiy,J. Bos,68.355,24.82,3,7.0,window_expired,False,0.0099661203177768
2025-09-21_Alkmaar Zaanstreek - Feyenoord Rotterdam,2849594693,2,47,6,20vymiy7bo8wkyxai3ew494fz,Feyenoord Rotterdam,e5xuwwa4qs6zxjd7y52tslih,Q. Timber,63.0,41.412,1,2.0,turnover,False,0.0
2025-09-21_Alkmaar Zaanstreek - Feyenoord Rotterdam,2849597221,2,49,17,20vymiy7bo8wkyxai3ew494fz,Feyenoord Rotterdam,ecqjg6wtntf1guejvm10redck,G. Read,68.25,7.888,0,0.0,turnover,False,0.0
2025-09-21_Alkmaar Zaanstreek - Feyenoord Rotterdam,2849598237,2,50,12,20vymiy7bo8wkyxai3ew494fz,Feyenoord Rotterdam,29fr98or3mqippn84z3p9ihhw,L. Valente,40.53,36.38,1,1.0,turnover,False,0.0
2025-09-21_Alkmaar Zaanstreek - Feyenoord Rotterdam,2849600877,2,53,8,20vymiy7bo8wkyxai3ew494fz,Feyenoord Rotterdam,ahwtdhrerarmljk9bh0tcpk6i,S. Steijn,44.52,59.160000000000004,0,0.0,turnover,False,0.0
2025-09-21_Alkmaar Zaanstreek - Feyenoord Rotterdam,2849603523,2,56,34,20vymiy7bo8wkyxai3ew494fz,Feyenoord Rotterdam,29fr98or3mqippn84z3p9ihhw,L. Valente,13.755,40.93600000000001,0,0.0,turnover,False,0.0
2025-09-21_Alkmaar Zaanstreek - Feyenoord Rotterdam,2849606031,2,59,24,20vymiy7bo8wkyxai3ew494fz,Feyenoord Rotterdam,6fdwd71dx2qu7uzzs3ozm9x7u,T. Watanabe,27.51,43.928,3,4.0,turnover,False,0.0
2025-09-21_Alkmaar Zaanstreek - Feyenoord Rotterdam,2849606807,2,60,14,20vymiy7bo8wkyxai3ew494fz,Feyenoord Rotterdam,6fdwd71dx2qu7uzzs3ozm9x7u,T. Watanabe,9.240000000000002,39.236000000000004,0,0.0,turnover,False,0.0
2025-09-21_Alkmaar Zaanstreek - Feyenoord Rotterdam,2849613021,2,66,49,3kfktv64h7kg7zryax1wktr5r,Alkmaar Zaanstreek,3uq3lrjyj4mnvq6162b0jyhnt,M. de Wit,36.645,56.168,2,8.0,window_expired,False,0.0
2025-09-21_Alkmaar Zaanstreek - Feyenoord Rotterdam,2849622677,2,76,23,3kfktv64h7kg7zryax1wktr5r,Alkmaar Zaanstreek,9lixevzo8exxiia17altfw8ic,W. Goes,65.10000000000001,14.076,1,0.0,turnover,False,0.0
2025-09-21_Alkmaar Zaanstreek - Feyenoord Rotterdam,2849634251,2,88,10,3kfktv64h7kg7zryax1wktr5r,Alkmaar Zaanstreek,ck3l6a262hves3v6nywarx9pm,Alexandre Penetra,74.025,21.42,0,0.0,turnover,False,0.0
2025-09-21_Alkmaar Zaanstreek - Feyenoord Rotterdam,2849641421,2,94,4,20vymiy7bo8wkyxai3ew494fz,Feyenoord Rotterdam,2tox45zgi16bvmn2xzdlvblsk,J. Plug,22.26,36.992000000000004,3,7.0,turnover,False,0.0
2025-09-21_PEC Zwolle - Go Ahead Eagles,2849278439,1,0,46,2uuh2bir8ktof0uxfo06lb4ox,PEC Zwolle,1rd0zzpp3dn0y7qtxwc57g7h1,R. Thomas,50.08500000000001,18.632,3,8.0,window_expired,False,7.353426082101766e-06
2025-09-21_PEC Zwolle - Go Ahead Eagles,2849281347,1,9,24,2uuh2bir8ktof0uxfo06lb4ox,PEC Zwolle,ekur9x1kzp8wq0lwfwev0b0bu,K. de Rooij,71.82000000000001,61.81200000000001,1,5.0,turnover,False,0.0
2025-09-21_PEC Zwolle - Go Ahead Eagles,2849282863,1,13,32,b79uipsy57y1jqpy07h4i5ovk,Go Ahead Eagles,d8cxurdt9g5gezqlfwae7ooru,M. Meulensteen,26.775000000000002,3.468,0,0.0,turnover,False,0.0
2025-09-21_PEC Zwolle - Go Ahead Eagles,2849285347,1,19,48,2uuh2bir8ktof0uxfo06lb4ox,PEC Zwolle,684nd3xjli51z43pbla0mwa21,T. Oosting,24.885,10.064000000000002,3,2.0,turnover,False,0.0
2025-09-21_PEC Zwolle - Go Ahead Eagles,2849286315,1,22,34,b79uipsy57y1jqpy07h4i5ovk,Go Ahead Eagles,61a5bh5xw947nv4mxx62gqaqx,J. Kramer,67.72500000000001,14.280000000000001,3,3.0,turnover,False,0.0146893025376417
2025-09-21_PEC Zwolle - Go Ahead Eagles,2849286401,1,22,39,2uuh2bir8ktof0uxfo06lb4ox,PEC Zwolle,1rd0zzpp3dn0y7qtxwc57g7h1,R. Thomas,13.86,45.764,2,2.0,turnover,False,0.0
2025-09-21_PEC Zwolle - Go Ahead Eagles,2849291411,1,35,44,b79uipsy57y1jqpy07h4i5ovk,Go Ahead Eagles,1tmihr54maqj0h7785cg9ez56,M. Suray,42.839999999999996,60.248,0,0.0,turnover,False,0.0
2025-09-21_PEC Zwolle - Go Ahead Eagles,2849292395,1,38,21,2uuh2bir8ktof0uxfo06lb4ox,PEC Zwolle,d29ahwtvs7ls75wdtkf7xr8tm,Z. Buurmeester,13.965000000000002,30.804000000000002,2,3.0,turnover,False,0.0
2025-09-21_PEC Zwolle - Go Ahead Eagles,2849295241,1,45,19,2uuh2bir8ktof0uxfo06lb4ox,PEC Zwolle,4phgw75cred5p93hjq8hiou6t,S. Floranus,10.290000000000001,52.29200000000001,1,4.0,turnover,False,0.0
2025-09-21_PEC Zwolle - Go Ahead Eagles,2849295407,1,45,36,b79uipsy57y1jqpy07h4i5ovk,Go Ahead Eagles,a46irqckxabod18j2c0qfixre,K. Goudmijn,77.28,34.136,4,8.0,window_expired,False,0.003323585034013689
2025-09-21_PEC Zwolle - Go Ahead Eagles,2849307723,2,47,16,2uuh2bir8ktof0uxfo06lb4ox,PEC Zwolle,684nd3xjli51z43pbla0mwa21,T. Oosting,90.405,2.5160000000000005,2,1.0,turnover,False,0.0
2025-09-21_PEC Zwolle - Go Ahead Eagles,2849311241,2,53,3,2uuh2bir8ktof0uxfo06lb4ox,PEC Zwolle,684nd3xjli51z43pbla0mwa21,T. Oosting,69.405,33.660000000000004,2,1.0,turnover,False,0.0
2025-09-21_PEC Zwolle - Go Ahead Eagles,2849319403,2,61,19,b79uipsy57y1jqpy07h4i5ovk,Go Ahead Eagles,1q0v3qpciql8rkyz4qrlvbuju,J. Breum,8.61,45.56,0,0.0,turnover,False,0.0
2025-09-21_PEC Zwolle - Go Ahead Eagles,2849322323,2,64,26,b79uipsy57y1jqpy07h4i5ovk,Go Ahead Eagles,2ekx0fvuf0dsat062oj430d05,G. Nauber,44.31,22.032,1,2.0,turnover,False,0.0
2025-09-21_PEC Zwolle - Go Ahead Eagles,2849327251,2,69,11,2uuh2bir8ktof0uxfo06lb4ox,PEC Zwolle,4phgw75cred5p93hjq8hiou6t,S. Floranus,20.16,56.37200000000001,5,9.0,window_expired,False,0.008906561484645605
2025-09-21_PEC Zwolle - Go Ahead Eagles,2849329809,2,72,4,2uuh2bir8ktof0uxfo06lb4ox,PEC Zwolle,684nd3xjli51z43pbla0mwa21,T. Oosting,45.78,5.984000000000001,1,2.0,turnover,False,0.0
2025-09-21_PEC Zwolle - Go Ahead Eagles,2849332395,2,75,32,2uuh2bir8ktof0uxfo06lb4ox,PEC Zwolle,a7vlgirln231n3dqjhb72o0es,O. Aertssen,66.045,24.14,2,2.0,turnover,False,0.0
2025-09-21_PEC Zwolle - Go Ahead Eagles,2849343715,2,84,12,2uuh2bir8ktof0uxfo06lb4ox,PEC Zwolle,4phgw75cred5p93hjq8hiou6t,S. Floranus,33.495,4.352,1,1.0,turnover,False,0.0
2025-09-21_PSV Eindhoven - AFC Ajax,2849381845,1,7,24,24fvcruwqrqvqa3aonf8c3zuy,PSV Eindhoven,cgsmk5437f466uoqvol7devze,R. Flamingo,47.04,49.57200000000001,3,10.0,window_expired,False,0.0
2025-09-21_PSV Eindhoven - AFC Ajax,2849387081,1,11,49,d0zdg647gvgc95xdtk1vpbkys,AFC Ajax,47l204bkq2qqjhtazusr0019m,Y. Baas,25.305000000000003,44.540000000000006,3,4.0,turnover,False,0.0
2025-09-21_PSV Eindhoven - AFC Ajax,2849393981,1,19,26,d0zdg647gvgc95xdtk1vpbkys,AFC Ajax,9tp35qqu1heburu0g5wa6jv56,Lucas Rosa,12.81,14.688000000000002,2,2.0,turnover,False,0.0
2025-09-21_PSV Eindhoven - AFC Ajax,2849399599,1,25,7,24fvcruwqrqvqa3aonf8c3zuy,PSV Eindhoven,dxmulnxbs11kpi1goq5hl9cve,A. Salah-Eddine,47.25,63.104,0,0.0,turnover,False,0.0
2025-09-21_PSV Eindhoven - AFC Ajax,2849408321,1,30,58,24fvcruwqrqvqa3aonf8c3zuy,PSV Eindhoven,5lvdnoyknuoyr6kdruposgctl,J. Schouten,63.315,12.988000000000001,4,8.0,window_expired,False,0.0023540491172068
2025-09-21_PSV Eindhoven - AFC Ajax,2849409927,1,31,58,d0zdg647gvgc95xdtk1vpbkys,AFC Ajax,35qg0rrwtl00pycx468s62m3u,K. Taylor,14.595,43.52,1,0.0,turnover,False,0.0
2025-09-21_PSV Eindhoven - AFC Ajax,2849461555,2,47,57,24fvcruwqrqvqa3aonf8c3zuy,PSV Eindhoven,dxmulnxbs11kpi1goq5hl9cve,A. Salah-Eddine,12.81,55.01200000000001,0,0.0,turnover,False,0.0
2025-09-21_PSV Eindhoven - AFC Ajax,2849464983,2,50,23,24fvcruwqrqvqa3aonf8c3zuy,PSV Eindhoven,9vf02r3geinhsy732oxyrcacq,I. Saibari,64.47,49.232000000000006,1,1.0,turnover,False,0.0
2025-09-21_PSV Eindhoven - AFC Ajax,2849466995,2,55,53,24fvcruwqrqvqa3aonf8c3zuy,PSV Eindhoven,d4j19ipiaeuetyij08fofgs15,J. Veerman,2.1,31.552,0,0.0,turnover,False,0.0
2025-09-21_PSV Eindhoven - AFC Ajax,2849467629,2,57,15,d0zdg647gvgc95xdtk1vpbkys,AFC Ajax,35qg0rrwtl00pycx468s62m3u,K. Taylor,68.25,41.412,2,2.0,turnover,False,0.0
2025-09-21_PSV Eindhoven - AFC Ajax,2849473643,2,65,3,24fvcruwqrqvqa3aonf8c3zuy,PSV Eindhoven,5lvdnoyknuoyr6kdruposgctl,J. Schouten,14.805,19.856,3,2.0,turnover,False,0.0
2025-09-21_PSV Eindhoven - AFC Ajax,2849479109,2,69,25,24fvcruwqrqvqa3aonf8c3zuy,PSV Eindhoven,9vf02r3geinhsy732oxyrcacq,I. Saibari,53.760000000000005,33.79600000000001,3,9.0,window_expired,False,7.111147708450949e-05
2025-09-21_PSV Eindhoven - AFC Ajax,2849492205,2,79,12,24fvcruwqrqvqa3aonf8c3zuy,PSV Eindhoven,cmdeqxibr6holfqg17ap9uihg,Yarek Gąsiorowski,33.81,47.6,2,2.0,turnover,False,0.0
2025-09-21_PSV Eindhoven - AFC Ajax,2849493921,2,80,29,d0zdg647gvgc95xdtk1vpbkys,AFC Ajax,35qg0rrwtl00pycx468s62m3u,K. Taylor,29.294999999999998,24.548000000000002,1,2.0,turnover,False,0.0
2025-09-21_PSV Eindhoven - AFC Ajax,2849498049,2,83,37,d0zdg647gvgc95xdtk1vpbkys,AFC Ajax,b8ixf31bdyfqqcwoy4ulai73e,K. Fitz-Jim,47.67,26.996000000000002,1,1.0,turnover,False,0.0
2025-09-21_PSV Eindhoven - AFC Ajax,2849506603,2,91,19,d0zdg647gvgc95xdtk1vpbkys,AFC Ajax,47l204bkq2qqjhtazusr0019m,Y. Baas,12.075000000000001,63.24,4,4.0,turnover,False,2.8585356583066268e-05
2025-09-21_SC Heerenveen - Nijmegen Eendracht Combinatie,2849366427,1,0,11,8iawijq7s9s6d85mjz8wdslki,Nijmegen Eendracht Combinatie,dse071e8zbzm8l37m64g6e1p0,K. Sano,41.37,31.62,0,0.0,turnover,False,0.0
2025-09-21_SC Heerenveen - Nijmegen Eendracht Combinatie,2849404417,1,21,6,4vd2t5schmvvufrfib7f2vjdf,SC Heerenveen,412l28fqhx21ivpcxzn1kpilm,V. Zagaritis,49.665,60.86000000000001,2,4.0,turnover,False,0.0
2025-09-21_SC Heerenveen - Nijmegen Eendracht Combinatie,2849389343,1,21,48,4vd2t5schmvvufrfib7f2vjdf,SC Heerenveen,eu6pfkiah7otafyryg6ll7y09,L. Brouwers,41.685,36.992000000000004,0,0.0,turnover,False,0.0
2025-09-21_SC Heerenveen - Nijmegen Eendracht Combinatie,2849402323,1,34,47,8iawijq7s9s6d85mjz8wdslki,Nijmegen Eendracht Combinatie,dse071e8zbzm8l37m64g6e1p0,K. Sano,23.52,49.912000000000006,3,8.0,window_expired,False,3.553078306266222e-05
2025-09-21_SC Heerenveen - Nijmegen Eendracht Combinatie,2849412817,1,41,19,4vd2t5schmvvufrfib7f2vjdf,SC Heerenveen,eu6pfkiah7otafyryg6ll7y09,L. Brouwers,44.415,38.964,0,0.0,turnover,False,0.0
2025-09-21_SC Heerenveen - Nijmegen Eendracht Combinatie,2849418883,1,44,57,8iawijq7s9s6d85mjz8wdslki,Nijmegen Eendracht Combinatie,dse071e8zbzm8l37m64g6e1p0,K. Sano,28.77,49.504000000000005,1,2.0,turnover,False,0.0
2025-09-21_SC Heerenveen - Nijmegen Eendracht Combinatie,2849446965,2,47,19,4vd2t5schmvvufrfib7f2vjdf,SC Heerenveen,eu6pfkiah7otafyryg6ll7y09,L. Brouwers,45.99,51.544000000000004,3,2.0,turnover,False,0.0001411633674089
2025-09-21_SC Heerenveen - Nijmegen Eendracht Combinatie,2849447113,2,47,22,8iawijq7s9s6d85mjz8wdslki,Nijmegen Eendracht Combinatie,2yivr64anye4c0p62m16l78yc,S. Ouaissa,62.685,2.3800000000000003,0,0.0,turnover,False,0.0
2025-09-21_SC Heerenveen - Nijmegen Eendracht Combinatie,2849453553,2,52,54,8iawijq7s9s6d85mjz8wdslki,Nijmegen Eendracht Combinatie,a76yp8gkkg6frtuhh3d6l46i,D. Proper,26.880000000000003,34.884,3,7.0,turnover,False,4.081196505248408e-05
2025-09-21_SC Heerenveen - Nijmegen Eendracht Combinatie,2849456523,2,55,24,4vd2t5schmvvufrfib7f2vjdf,SC Heerenveen,ar7llmzju08n8yrqu8xm1thck,O. Braude,34.44,24.548000000000002,0,0.0,turnover,False,0.0
2025-09-21_SC Heerenveen - Nijmegen Eendracht Combinatie,2849462725,2,61,41,8iawijq7s9s6d85mjz8wdslki,Nijmegen Eendracht Combinatie,1gl82ymzh9vpitix6v645awa,D. Nejašmić,38.115,17.0,1,1.0,turnover,False,0.0
2025-09-21_SC Heerenveen - Nijmegen Eendracht Combinatie,2849467185,2,68,27,4vd2t5schmvvufrfib7f2vjdf,SC Heerenveen,b5sf6wcogrvlwuwbd8xsyyfh1,J. van Overeem,25.830000000000002,9.792000000000002,2,3.0,turnover,False,0.0
2025-09-21_SC Heerenveen - Nijmegen Eendracht Combinatie,2849470803,2,74,31,8iawijq7s9s6d85mjz8wdslki,Nijmegen Eendracht Combinatie,ds0hd4ezvb5rw6l95rhbxtq1g,B. Önal,27.090000000000003,51.068,0,0.0,turnover,False,0.0
2025-09-21_SC Heerenveen - Nijmegen Eendracht Combinatie,2849471033,2,74,44,8iawijq7s9s6d85mjz8wdslki,Nijmegen Eendracht Combinatie,dgex06nxjy9fdvc12o8keg99l,K. Ogawa,15.540000000000001,40.800000000000004,2,2.0,turnover,False,0.0
2025-09-21_SC Heerenveen - Nijmegen Eendracht Combinatie,2849472955,2,76,35,8iawijq7s9s6d85mjz8wdslki,Nijmegen Eendracht Combinatie,ds0hd4ezvb5rw6l95rhbxtq1g,B. Önal,56.385000000000005,52.224000000000004,4,3.0,turnover,False,0.0
2025-09-21_SC Heerenveen - Nijmegen Eendracht Combinatie,2849480081,2,82,24,8iawijq7s9s6d85mjz8wdslki,Nijmegen Eendracht Combinatie,1asrguqxyo7rmoyamggwd9oq2,A. Kaplan,29.715000000000003,23.936000000000003,0,0.0,turnover,False,0.0
2025-09-21_SC Heerenveen - Nijmegen Eendracht Combinatie,2849480229,2,82,32,4vd2t5schmvvufrfib7f2vjdf,SC Heerenveen,b5sf6wcogrvlwuwbd8xsyyfh1,J. van Overeem,44.31,21.828000000000003,0,0.0,turnover,False,0.0
2025-09-21_SC Heerenveen - Nijmegen Eendracht Combinatie,2849505635,2,91,30,4vd2t5schmvvufrfib7f2vjdf,SC Heerenveen,ar7llmzju08n8yrqu8xm1thck,O. Braude,49.035000000000004,20.740000000000002,4,5.0,turnover,False,0.0
2025-09-21_SC Heerenveen - Nijmegen Eendracht Combinatie,2849492983,2,91,54,4vd2t5schmvvufrfib7f2vjdf,SC Heerenveen,2wkkk6gwgpyozr60341o90y6s,I. Ahmed,28.980000000000004,33.252,1,1.0,turnover,False,0.0
2025-09-24_Alkmaar Zaanstreek - PEC Zwolle,2850900387,1,3,26,2uuh2bir8ktof0uxfo06lb4ox,PEC Zwolle,1rd0zzpp3dn0y7qtxwc57g7h1,R. Thomas,44.94,44.132000000000005,3,3.0,turnover,False,1.3210291332846348e-05
2025-09-24_Alkmaar Zaanstreek - PEC Zwolle,2850905389,1,9,11,2uuh2bir8ktof0uxfo06lb4ox,PEC Zwolle,d5g7rl9a83vu3cyyzvu5yveqy,A. MacNulty,11.97,60.52,1,1.0,turnover,False,0.0
2025-09-24_Alkmaar Zaanstreek - PEC Zwolle,2850910997,1,15,10,3kfktv64h7kg7zryax1wktr5r,Alkmaar Zaanstreek,9lixevzo8exxiia17altfw8ic,W. Goes,74.025,54.876000000000005,1,2.0,turnover,False,0.0
2025-09-24_Alkmaar Zaanstreek - PEC Zwolle,2850911065,1,15,14,2uuh2bir8ktof0uxfo06lb4ox,PEC Zwolle,d29ahwtvs7ls75wdtkf7xr8tm,Z. Buurmeester,28.455000000000002,30.26,3,2.0,turnover,False,9.100227285896434e-07
2025-09-24_Alkmaar Zaanstreek - PEC Zwolle,2850916901,1,22,51,3kfktv64h7kg7zryax1wktr5r,Alkmaar Zaanstreek,ck3l6a262hves3v6nywarx9pm,Alexandre Penetra,32.34,29.784,3,8.0,window_expired,False,0.0006280204749236
2025-09-24_Alkmaar Zaanstreek - PEC Zwolle,2850925911,1,34,33,2uuh2bir8ktof0uxfo06lb4ox,PEC Zwolle,d5g7rl9a83vu3cyyzvu5yveqy,A. MacNulty,20.16,48.008,0,0.0,turnover,False,0.0
2025-09-24_Alkmaar Zaanstreek - PEC Zwolle,2850927019,1,35,43,2uuh2bir8ktof0uxfo06lb4ox,PEC Zwolle,4phgw75cred5p93hjq8hiou6t,S. Floranus,28.56,55.964,2,6.0,turnover,False,0.0
2025-09-24_Alkmaar Zaanstreek - PEC Zwolle,2850928133,1,36,51,3kfktv64h7kg7zryax1wktr5r,Alkmaar Zaanstreek,wuh8s4gfo9ro3nel3rormg44,R. Daal,77.28,64.94,0,0.0,turnover,False,0.0
2025-09-24_Alkmaar Zaanstreek - PEC Zwolle,2850935047,1,45,3,2uuh2bir8ktof0uxfo06lb4ox,PEC Zwolle,9ugpnnovqttl8lguv7wdyiezu,S. Graves,12.81,9.384,4,3.0,turnover,False,0.0001141362251959
2025-09-24_Alkmaar Zaanstreek - PEC Zwolle,2850950275,2,46,0,2uuh2bir8ktof0uxfo06lb4ox,PEC Zwolle,1rd0zzpp3dn0y7qtxwc57g7h1,R. Thomas,33.495,26.180000000000003,0,0.0,turnover,False,0.0
2025-09-24_Alkmaar Zaanstreek - PEC Zwolle,2850956367,2,52,4,2uuh2bir8ktof0uxfo06lb4ox,PEC Zwolle,10k3fz1ibikbugv4c45ewy87o,J. Pereira da Gama,42.73500000000001,63.376000000000005,1,1.0,turnover,False,0.0
2025-09-24_Alkmaar Zaanstreek - PEC Zwolle,2850966115,2,61,26,2uuh2bir8ktof0uxfo06lb4ox,PEC Zwolle,cczptju66ofuymrlsol11fpxw,D. Voute,66.045,4.488,1,1.0,turnover,False,0.0
2025-09-24_Alkmaar Zaanstreek - PEC Zwolle,2850970089,2,64,39,2uuh2bir8ktof0uxfo06lb4ox,PEC Zwolle,10k3fz1ibikbugv4c45ewy87o,J. Pereira da Gama,2.625,59.228,0,0.0,turnover,False,0.0
2025-09-24_Alkmaar Zaanstreek - PEC Zwolle,2850988399,2,87,37,2uuh2bir8ktof0uxfo06lb4ox,PEC Zwolle,9ugpnnovqttl8lguv7wdyiezu,S. Graves,59.22,5.78,0,0.0,turnover,False,0.0
2025-09-24_Alkmaar Zaanstreek - PEC Zwolle,2850990795,2,90,46,3kfktv64h7kg7zryax1wktr5r,Alkmaar Zaanstreek,ck3l6a262hves3v6nywarx9pm,Alexandre Penetra,22.995,52.632000000000005,3,4.0,window_expired,False,2.3216324843700065e-05
2025-09-24_Alkmaar Zaanstreek - PEC Zwolle,2850991837,2,91,59,2uuh2bir8ktof0uxfo06lb4ox,PEC Zwolle,1x6fhuy49w4rpnyavwotbf504,T. Gooijer,12.39,41.344,0,0.0,turnover,False,0.0
2025-09-26_FC Twente - Fortuna Sittard,2851476471,1,0,5,4tic29sox7m39fy1ztgv0jsiq,FC Twente,5m8pflpgynidzk7d9507oujje,D. Rots,32.34,5.576,1,1.0,turnover,False,0.0
2025-09-26_FC Twente - Fortuna Sittard,2851482867,1,6,21,4tic29sox7m39fy1ztgv0jsiq,FC Twente,36veg0wk1z3om89daf0clbl5h,R. van Wolfswinkel,72.45,64.87200000000001,0,0.0,turnover,False,0.0
2025-09-26_FC Twente - Fortuna Sittard,2851482985,1,6,29,4tic29sox7m39fy1ztgv0jsiq,FC Twente,bvwaamcj0bpdrcuoffl6b9rf8,D. Weidmann,59.85,61.268,0,0.0,turnover,False,0.0
2025-09-26_FC Twente - Fortuna Sittard,2851528449,1,6,30,3ebril33e08ddzob4bhq8awsr,Fortuna Sittard,7b4jmfu1ejoeci2zmvwuejnys,P. Brittijn,44.83500000000001,20.060000000000002,0,0.0,turnover,False,0.0
2025-09-26_FC Twente - Fortuna Sittard,2851484443,1,7,47,4tic29sox7m39fy1ztgv0jsiq,FC Twente,dc119ejc7lls2rd3ywigl2smi,R. Zerrouki,75.495,21.012,0,0.0,turnover,False,0.0
2025-09-26_FC Twente - Fortuna Sittard,2851485273,1,8,35,3ebril33e08ddzob4bhq8awsr,Fortuna Sittard,bnkzwpd607re6s01oa77wcodm,J. Dahlhaus,64.575,64.668,0,0.0,turnover,False,0.0
2025-09-26_FC Twente - Fortuna Sittard,2851488183,1,11,22,3ebril33e08ddzob4bhq8awsr,Fortuna Sittard,bnkzwpd607re6s01oa77wcodm,J. Dahlhaus,27.405,60.044000000000004,0,0.0,turnover,False,0.0
2025-09-26_FC Twente - Fortuna Sittard,2851491145,1,14,1,3ebril33e08ddzob4bhq8awsr,Fortuna Sittard,bnkzwpd607re6s01oa77wcodm,J. Dahlhaus,53.550000000000004,49.57200000000001,1,2.0,turnover,False,0.0
2025-09-26_FC Twente - Fortuna Sittard,2851493779,1,16,26,3ebril33e08ddzob4bhq8awsr,Fortuna Sittard,8przxwwothu3crflys7ahl4dm,S. Adewoye,39.9,35.7,3,9.0,window_expired,False,0.0026246197712488
2025-09-26_FC Twente - Fortuna Sittard,2851499365,1,21,39,3ebril33e08ddzob4bhq8awsr,Fortuna Sittard,570htztcvfsu947xw6fvtzmc5,Iván Márquez,39.58500000000001,47.53200000000001,1,3.0,turnover,False,0.0
2025-09-26_FC Twente - Fortuna Sittard,2851500969,1,23,1,3ebril33e08ddzob4bhq8awsr,Fortuna Sittard,2ifp36vdm0d6rb3xc7muuvv11,D. Limnios,46.62,4.216,1,1.0,turnover,False,0.0
2025-09-26_FC Twente - Fortuna Sittard,2851501345,1,23,25,3ebril33e08ddzob4bhq8awsr,Fortuna Sittard,eyzcfyn1crjcgmm98uk9u8oyy,É. Michut,10.5,26.792,0,0.0,turnover,False,0.0
2025-09-26_FC Twente - Fortuna Sittard,2851503073,1,25,1,3ebril33e08ddzob4bhq8awsr,Fortuna Sittard,eyzcfyn1crjcgmm98uk9u8oyy,É. Michut,18.69,22.508000000000003,2,4.0,window_expired,False,0.0025511620106346
2025-09-26_FC Twente - Fortuna Sittard,2851505321,1,27,3,4tic29sox7m39fy1ztgv0jsiq,FC Twente,9nix5y8xcj34ps62r34udtqwa,K. Hlynsson,54.915,43.52,0,0.0,turnover,False,0.0
2025-09-26_FC Twente - Fortuna Sittard,2851505751,1,27,25,3ebril33e08ddzob4bhq8awsr,Fortuna Sittard,5ghvrbmlh0tqos9iohj8f7zzd,K. Sierhuis,57.96000000000001,14.348000000000003,3,9.0,window_expired,False,0.0036187512579338
2025-09-26_FC Twente - Fortuna Sittard,2851512199,1,33,34,3ebril33e08ddzob4bhq8awsr,Fortuna Sittard,eyzcfyn1crjcgmm98uk9u8oyy,É. Michut,37.065,20.808000000000003,1,1.0,turnover,False,0.0
2025-09-26_FC Twente - Fortuna Sittard,2851518959,1,39,20,4tic29sox7m39fy1ztgv0jsiq,FC Twente,bvwaamcj0bpdrcuoffl6b9rf8,D. Weidmann,59.115,64.87200000000001,0,0.0,turnover,False,0.0
2025-09-26_FC Twente - Fortuna Sittard,2851519357,1,39,38,3ebril33e08ddzob4bhq8awsr,Fortuna Sittard,5ghvrbmlh0tqos9iohj8f7zzd,K. Sierhuis,46.30500000000001,4.08,0,0.0,turnover,False,0.0
2025-09-26_FC Twente - Fortuna Sittard,2851539407,1,43,35,3ebril33e08ddzob4bhq8awsr,Fortuna Sittard,eyzcfyn1crjcgmm98uk9u8oyy,É. Michut,49.665,16.116,2,2.0,turnover,False,0.0
2025-09-26_FC Twente - Fortuna Sittard,2851546481,2,47,48,3ebril33e08ddzob4bhq8awsr,Fortuna Sittard,bnkzwpd607re6s01oa77wcodm,J. Dahlhaus,61.53,44.47200000000001,1,1.0,turnover,False,0.0
2025-09-26_FC Twente - Fortuna Sittard,2851548557,2,49,10,4tic29sox7m39fy1ztgv0jsiq,FC Twente,lduqoe45t2fnbn9s9rbvlnf9,R. Pröpper,16.065,31.008000000000003,2,3.0,turnover,False,0.0
2025-09-26_FC Twente - Fortuna Sittard,2851551411,2,51,17,3ebril33e08ddzob4bhq8awsr,Fortuna Sittard,8przxwwothu3crflys7ahl4dm,S. Adewoye,23.1,17.748,3,3.0,turnover,False,0.0001812864793287
2025-09-26_FC Twente - Fortuna Sittard,2851566055,2,62,0,3ebril33e08ddzob4bhq8awsr,Fortuna Sittard,570htztcvfsu947xw6fvtzmc5,Iván Márquez,59.22,19.652,3,5.0,turnover,False,0.0022156397147013
2025-09-26_FC Twente - Fortuna Sittard,2851581299,2,74,20,4tic29sox7m39fy1ztgv0jsiq,FC Twente,36veg0wk1z3om89daf0clbl5h,R. van Wolfswinkel,59.955000000000005,8.772,0,0.0,turnover,False,0.0
2025-09-26_FC Twente - Fortuna Sittard,2851583907,2,76,36,3ebril33e08ddzob4bhq8awsr,Fortuna Sittard,bnkzwpd607re6s01oa77wcodm,J. Dahlhaus,27.405,59.636,3,7.0,turnover,False,4.751259433559418e-05
2025-09-26_FC Twente - Fortuna Sittard,2851588487,2,80,52,3ebril33e08ddzob4bhq8awsr,Fortuna Sittard,9o10vhew3jar8tqnkabw0qoyx,J. Lonwijk,87.99,2.244,1,2.0,turnover,False,0.0
2025-09-27_AFC Ajax - NAC Breda,2852022973,1,2,15,59t7flioj4w4mpwnrwbm0m8ck,NAC Breda,64x38pccgfsuz4ywoveh2ksbu,L. Greiml,43.260000000000005,43.656000000000006,1,1.0,turnover,False,0.0
2025-09-27_AFC Ajax - NAC Breda,2852041579,1,10,17,59t7flioj4w4mpwnrwbm0m8ck,NAC Breda,969cpy2geokwer9gjapk7zj3e,R. Hillen,68.775,49.776,1,2.0,turnover,False,0.0
2025-09-27_AFC Ajax - NAC Breda,2852057483,1,17,1,59t7flioj4w4mpwnrwbm0m8ck,NAC Breda,969cpy2geokwer9gjapk7zj3e,R. Hillen,57.54,47.328,4,7.0,window_expired,False,0.0005110801667345
2025-09-27_AFC Ajax - NAC Breda,2852063121,1,21,25,59t7flioj4w4mpwnrwbm0m8ck,NAC Breda,969cpy2geokwer9gjapk7zj3e,R. Hillen,58.589999999999996,52.02,3,4.0,turnover,False,0.0021493064370753
2025-09-27_AFC Ajax - NAC Breda,2852065649,1,24,51,59t7flioj4w4mpwnrwbm0m8ck,NAC Breda,bdb33nwcpd2jufn9ggtl7gvzd,B. Lucassen,29.61,18.02,1,2.0,turnover,False,0.0
2025-09-27_AFC Ajax - NAC Breda,2852066623,1,26,34,d0zdg647gvgc95xdtk1vpbkys,AFC Ajax,1wse4b1hxu37e7t5ty5ykn7c9,J. Šutalo,32.235,6.664000000000001,1,3.0,turnover,False,0.0
2025-09-27_AFC Ajax - NAC Breda,2852068297,1,29,51,59t7flioj4w4mpwnrwbm0m8ck,NAC Breda,3c2wqlde0kovi9hii52egaimt,L. Holtby,49.665,29.852,0,0.0,turnover,False,0.0
2025-09-27_AFC Ajax - NAC Breda,2852183887,2,60,14,d0zdg647gvgc95xdtk1vpbkys,AFC Ajax,1wse4b1hxu37e7t5ty5ykn7c9,J. Šutalo,71.08500000000001,6.392,0,0.0,turnover,False,0.0
2025-09-27_AFC Ajax - NAC Breda,2852192753,2,63,1,d0zdg647gvgc95xdtk1vpbkys,AFC Ajax,35qg0rrwtl00pycx468s62m3u,K. Taylor,12.075000000000001,30.396000000000004,0,0.0,turnover,False,0.0
2025-09-27_AFC Ajax - NAC Breda,2852197407,2,70,21,d0zdg647gvgc95xdtk1vpbkys,AFC Ajax,4n18t6bixl6ba3bx76hym51qs,A. Gaaei,40.635000000000005,19.652,0,0.0,turnover,False,0.0
2025-09-27_AFC Ajax - NAC Breda,2852199793,2,72,19,d0zdg647gvgc95xdtk1vpbkys,AFC Ajax,1wse4b1hxu37e7t5ty5ykn7c9,J. Šutalo,31.5,8.092,0,0.0,turnover,False,0.0
2025-09-27_AFC Ajax - NAC Breda,2852219335,2,86,38,59t7flioj4w4mpwnrwbm0m8ck,NAC Breda,37c696bwovmn1x8lc8z4wp53o,C. Valerius,21.419999999999998,10.200000000000001,4,6.0,turnover,False,0.00026694903027159024
2025-09-27_FC Volendam - PEC Zwolle,2852266163,1,5,29,6g9qrm72224jrk6tkxxxi8a9n,FC Volendam,89plvrt8pzppcclh4axvii0ru,A. Plat,54.915,18.156000000000002,0,0.0,turnover,False,0.0
2025-09-27_FC Volendam - PEC Zwolle,2852273177,1,11,45,6g9qrm72224jrk6tkxxxi8a9n,FC Volendam,89plvrt8pzppcclh4axvii0ru,A. Plat,35.07,45.83200000000001,3,9.0,window_expired,False,0.00011402613782138249
2025-09-27_FC Volendam - PEC Zwolle,2852315355,1,40,31,6g9qrm72224jrk6tkxxxi8a9n,FC Volendam,xvher4f1mb6otoui5k5gs3ro,N. Bukala,68.67000000000002,5.848,0,0.0,turnover,False,0.0
2025-09-27_FC Volendam - PEC Zwolle,2852316445,1,41,30,6g9qrm72224jrk6tkxxxi8a9n,FC Volendam,ealh7n21gctxxw5ol3l3yxzze,Y. Leliendal,26.040000000000003,60.99600000000001,3,4.0,turnover,False,0.0001630939337537
2025-09-27_FC Volendam - PEC Zwolle,2852349403,2,48,31,2uuh2bir8ktof0uxfo06lb4ox,PEC Zwolle,9ugpnnovqttl8lguv7wdyiezu,S. Graves,49.245,9.520000000000001,0,0.0,turnover,False,0.0
2025-09-27_FC Volendam - PEC Zwolle,2852351909,2,50,24,2uuh2bir8ktof0uxfo06lb4ox,PEC Zwolle,cczptju66ofuymrlsol11fpxw,D. Voute,65.415,3.944,3,8.0,turnover,True,0.0
2025-09-27_FC Volendam - PEC Zwolle,2852380889,2,74,4,6g9qrm72224jrk6tkxxxi8a9n,FC Volendam,btrg844mxkl6kbn89s7aecj8q,G. Yah,10.08,32.708000000000006,1,2.0,turnover,False,0.0
2025-09-27_Heracles Almelo - Sparta Rotterdam,2852431103,1,5,16,89w5c6pw7vn0dxypi61tt0g4k,Sparta Rotterdam,byirjks50zw1eefkcy8p4hd5h,B. Martins Indi,14.700000000000001,32.64,0,0.0,turnover,False,0.0
2025-09-27_Heracles Almelo - Sparta Rotterdam,2852459685,1,31,43,89w5c6pw7vn0dxypi61tt0g4k,Sparta Rotterdam,f57vs3qmmob743hdk2dxf56cq,S. Sambo,21.315,2.5160000000000005,0,0.0,turnover,False,0.0
2025-09-27_Heracles Almelo - Sparta Rotterdam,2852462365,1,34,54,89w5c6pw7vn0dxypi61tt0g4k,Sparta Rotterdam,ass524umdrpsq324wksaqef4k,M. Young,34.755,15.98,1,2.0,turnover,False,0.0
2025-09-27_Heracles Almelo - Sparta Rotterdam,2852796601,1,39,14,dac758ef858jbq7pcb3gfwite,Heracles Almelo,e3akocgpppdty3ayxty1gf6xh,D. Mirani,40.845,31.144000000000002,0,0.0,turnover,False,0.0
2025-09-27_Heracles Almelo - Sparta Rotterdam,2852470587,1,44,39,89w5c6pw7vn0dxypi61tt0g4k,Sparta Rotterdam,ass524umdrpsq324wksaqef4k,M. Young,41.895,23.664,0,0.0,turnover,False,0.0
2025-09-27_Heracles Almelo - Sparta Rotterdam,2852497897,2,60,39,dac758ef858jbq7pcb3gfwite,Heracles Almelo,6ok4k757utbtswx5618xffsru,I. Mesík,27.195,52.496,0,0.0,turnover,False,0.0
2025-09-27_Heracles Almelo - Sparta Rotterdam,2852501905,2,65,52,dac758ef858jbq7pcb3gfwite,Heracles Almelo,69gzswoym4jqnrag1wdqfdkyy,J. Wieckhoff,49.455000000000005,36.38,1,1.0,turnover,False,0.0
2025-09-27_Heracles Almelo - Sparta Rotterdam,2852505355,2,71,7,dac758ef858jbq7pcb3gfwite,Heracles Almelo,mlqit2c8my1ewqy6avrfhf8q,A. Van Hoorenbeeck,55.755,32.776,1,2.0,turnover,False,0.0
2025-09-27_Heracles Almelo - Sparta Rotterdam,2852510675,2,78,9,dac758ef858jbq7pcb3gfwite,Heracles Almelo,69gzswoym4jqnrag1wdqfdkyy,J. Wieckhoff,39.165,8.908000000000001,5,9.0,turnover,False,0.0144876840390961
2025-09-27_Heracles Almelo - Sparta Rotterdam,2852510919,2,78,28,89w5c6pw7vn0dxypi61tt0g4k,Sparta Rotterdam,c0os20ujhb2hujvtp21093l04,A. Oufkir,7.9799999999999995,19.652,0,0.0,turnover,False,0.0
2025-09-27_Heracles Almelo - Sparta Rotterdam,2852514043,2,82,54,dac758ef858jbq7pcb3gfwite,Heracles Almelo,6ok4k757utbtswx5618xffsru,I. Mesík,27.615000000000002,53.924,0,0.0,turnover,False,0.0
2025-09-27_Heracles Almelo - Sparta Rotterdam,2852514069,2,82,56,dac758ef858jbq7pcb3gfwite,Heracles Almelo,5bm516z74pbsyfemsathj3umt,M. Engels,36.855000000000004,46.376000000000005,1,1.0,turnover,False,0.0
2025-09-27_Heracles Almelo - Sparta Rotterdam,2852517981,2,88,37,dac758ef858jbq7pcb3gfwite,Heracles Almelo,69gzswoym4jqnrag1wdqfdkyy,J. Wieckhoff,14.91,11.016,1,0.0,turnover,False,0.0
2025-09-27_Heracles Almelo - Sparta Rotterdam,2852520695,2,91,51,89w5c6pw7vn0dxypi61tt0g4k,Sparta Rotterdam,byirjks50zw1eefkcy8p4hd5h,B. Martins Indi,32.97,25.228,0,0.0,turnover,False,0.0
2025-09-27_Heracles Almelo - Sparta Rotterdam,2852520105,2,92,24,89w5c6pw7vn0dxypi61tt0g4k,Sparta Rotterdam,f07qmqesi1rpw7eapoz9rb0gk,J. Baas,56.910000000000004,12.716000000000001,0,0.0,turnover,False,0.0
2025-09-27_SBV Excelsior - PSV Eindhoven,2852358759,1,0,13,dqk062lu0vm8epvytbm6r4mmf,SBV Excelsior,cdhqb1a4h246hu0u13pm0tqay,I. Bronkhorst,71.19,4.6240000000000006,0,0.0,turnover,False,0.0
2025-09-27_SBV Excelsior - PSV Eindhoven,2852365235,1,5,10,dqk062lu0vm8epvytbm6r4mmf,SBV Excelsior,6coor7jll29drx4kgvyt499wq,N. Naujoks,20.265,43.044000000000004,0,0.0,turnover,False,0.0
2025-09-27_SBV Excelsior - PSV Eindhoven,2852379331,1,16,23,24fvcruwqrqvqa3aonf8c3zuy,PSV Eindhoven,2gsq05yyxwe4f8t79j6d49q6t,I. Perišić,94.29,48.75600000000001,0,0.0,turnover,False,0.0
2025-09-27_SBV Excelsior - PSV Eindhoven,2852385869,1,21,16,24fvcruwqrqvqa3aonf8c3zuy,PSV Eindhoven,c6ip6gwp8yvchd1n3dv42go9,Mauro Júnior,26.355000000000004,29.716000000000005,0,0.0,turnover,False,0.0
2025-09-27_SBV Excelsior - PSV Eindhoven,2852393107,1,27,53,dqk062lu0vm8epvytbm6r4mmf,SBV Excelsior,2vfhae70oyyzm0qttlckworqi,A. Carlén,66.36,13.396,0,0.0,turnover,False,0.0
2025-09-27_SBV Excelsior - PSV Eindhoven,2852394035,1,28,56,dqk062lu0vm8epvytbm6r4mmf,SBV Excelsior,3hu6e9wa0nt4ekubxye6l4pas,I. Yegoian,38.64,53.040000000000006,3,2.0,turnover,False,0.0
2025-09-27_SBV Excelsior - PSV Eindhoven,2852407741,1,42,36,24fvcruwqrqvqa3aonf8c3zuy,PSV Eindhoven,d4j19ipiaeuetyij08fofgs15,J. Veerman,39.375,47.804,2,3.0,turnover,False,0.0
2025-09-27_SBV Excelsior - PSV Eindhoven,2852407789,1,42,41,dqk062lu0vm8epvytbm6r4mmf,SBV Excelsior,aeqj9ogm0dntus0wl352w9z6y,C. Widell,42.73500000000001,26.384,6,9.0,window_expired,False,0.0006667580485394
2025-09-27_SBV Excelsior - PSV Eindhoven,2852427979,2,47,15,24fvcruwqrqvqa3aonf8c3zuy,PSV Eindhoven,5lvdnoyknuoyr6kdruposgctl,J. Schouten,69.405,54.196000000000005,5,9.0,window_expired,False,0.0040596570664326
2025-09-27_SBV Excelsior - PSV Eindhoven,2852429255,2,48,22,dqk062lu0vm8epvytbm6r4mmf,SBV Excelsior,aeqj9ogm0dntus0wl352w9z6y,C. Widell,11.76,39.78,2,4.0,window_expired,False,0.0006711830101058
2025-09-27_SBV Excelsior - PSV Eindhoven,2852433819,2,52,21,dqk062lu0vm8epvytbm6r4mmf,SBV Excelsior,30t0ph1icrggc0x62om801ses,G. de Regt,18.165000000000003,65.756,1,2.0,turnover,False,0.0
2025-09-27_SBV Excelsior - PSV Eindhoven,2852437307,2,55,26,dqk062lu0vm8epvytbm6r4mmf,SBV Excelsior,2vfhae70oyyzm0qttlckworqi,A. Carlén,23.31,59.228,0,0.0,turnover,False,0.0
2025-09-27_SBV Excelsior - PSV Eindhoven,2852444529,2,61,13,dqk062lu0vm8epvytbm6r4mmf,SBV Excelsior,6coor7jll29drx4kgvyt499wq,N. Naujoks,31.5,39.236000000000004,0,0.0,turnover,False,0.0
2025-09-27_SBV Excelsior - PSV Eindhoven,2852444395,2,61,14,24fvcruwqrqvqa3aonf8c3zuy,PSV Eindhoven,5lvdnoyknuoyr6kdruposgctl,J. Schouten,73.39500000000001,29.240000000000002,3,7.0,turnover,False,0.0014489552934651
2025-09-27_SBV Excelsior - PSV Eindhoven,2852984273,2,61,49,dqk062lu0vm8epvytbm6r4mmf,SBV Excelsior,aeqj9ogm0dntus0wl352w9z6y,C. Widell,21.525000000000002,24.14,0,0.0,turnover,False,0.0
2025-09-27_SBV Excelsior - PSV Eindhoven,2852447573,2,64,6,dqk062lu0vm8epvytbm6r4mmf,SBV Excelsior,6coor7jll29drx4kgvyt499wq,N. Naujoks,26.355000000000004,26.588000000000005,5,10.0,window_expired,False,0.0002240505852884
2025-09-27_SBV Excelsior - PSV Eindhoven,2852448469,2,64,49,24fvcruwqrqvqa3aonf8c3zuy,PSV Eindhoven,d4j19ipiaeuetyij08fofgs15,J. Veerman,26.145,43.112,0,0.0,turnover,False,0.0
2025-09-27_SBV Excelsior - PSV Eindhoven,2852453109,2,68,39,24fvcruwqrqvqa3aonf8c3zuy,PSV Eindhoven,cmdeqxibr6holfqg17ap9uihg,Yarek Gąsiorowski,72.135,52.088,6,10.0,window_expired,False,0.0279075284318515
2025-09-27_SBV Excelsior - PSV Eindhoven,2852452765,2,68,50,dqk062lu0vm8epvytbm6r4mmf,SBV Excelsior,5wwqe546ohp130rvi8x8pt0tm,A. Zagré,18.900000000000002,55.760000000000005,1,3.0,turnover,False,0.0
2025-09-27_SBV Excelsior - PSV Eindhoven,2852458413,2,75,1,24fvcruwqrqvqa3aonf8c3zuy,PSV Eindhoven,2gsq05yyxwe4f8t79j6d49q6t,I. Perišić,66.57000000000001,56.37200000000001,0,0.0,turnover,False,0.0
2025-09-27_SBV Excelsior - PSV Eindhoven,2852465005,2,82,45,dqk062lu0vm8epvytbm6r4mmf,SBV Excelsior,c6i4usq34m3389rtbqptahrai,R. Meissen,36.54,57.324000000000005,0,0.0,turnover,False,0.0
2025-09-27_SBV Excelsior - PSV Eindhoven,2852465053,2,82,47,dqk062lu0vm8epvytbm6r4mmf,SBV Excelsior,5wwqe546ohp130rvi8x8pt0tm,A. Zagré,35.805,62.35600000000001,5,4.0,turnover,False,0.0
2025-09-27_SBV Excelsior - PSV Eindhoven,2852472855,2,91,48,dqk062lu0vm8epvytbm6r4mmf,SBV Excelsior,aeqj9ogm0dntus0wl352w9z6y,C. Widell,13.020000000000001,50.728,1,2.0,turnover,False,0.0
2025-09-28_FC Groningen - Feyenoord Rotterdam,2852895279,1,11,58,20vymiy7bo8wkyxai3ew494fz,Feyenoord Rotterdam,7ckkvggtampx9s3nklr1u62vo,M. Jeng,33.6,55.89600000000001,3,5.0,window_expired,False,4.752088506659869e-05
2025-09-28_FC Groningen - Feyenoord Rotterdam,2852899705,1,15,50,20vymiy7bo8wkyxai3ew494fz,Feyenoord Rotterdam,e5xuwwa4qs6zxjd7y52tslih,Q. Timber,59.745000000000005,20.196,3,7.0,window_expired,False,0.0
2025-09-28_FC Groningen - Feyenoord Rotterdam,2852918589,1,36,40,cos9hxi16eitbcbthof7zrm4m,FC Groningen,679ax4aocvzlvj4i7a1bb8rv8,T. Mercera,58.17,6.0520000000000005,1,2.0,turnover,False,0.0
2025-09-28_FC Groningen - Feyenoord Rotterdam,2852927301,1,44,8,cos9hxi16eitbcbthof7zrm4m,FC Groningen,1nk0hcaa9o4jnyxc9ndz1lams,D. van der Werff,69.3,10.472000000000001,4,7.0,window_expired,False,0.0
2025-09-28_FC Groningen - Feyenoord Rotterdam,2852927861,1,44,34,cos9hxi16eitbcbthof7zrm4m,FC Groningen,98qi4clazqen9kimkxt3jb6j9,M. Peersman,64.26,52.224000000000004,0,0.0,turnover,False,0.0
2025-09-28_FC Groningen - Feyenoord Rotterdam,2852930803,1,47,16,cos9hxi16eitbcbthof7zrm4m,FC Groningen,98qi4clazqen9kimkxt3jb6j9,M. Peersman,26.880000000000003,64.12400000000001,1,0.0,turnover,False,0.0
2025-09-28_FC Groningen - Feyenoord Rotterdam,2852931107,1,47,28,20vymiy7bo8wkyxai3ew494fz,Feyenoord Rotterdam,7ckkvggtampx9s3nklr1u62vo,M. Jeng,7.7700000000000005,35.156000000000006,0,0.0,turnover,False,0.0
2025-09-28_FC Groningen - Feyenoord Rotterdam,2852969587,2,60,30,20vymiy7bo8wkyxai3ew494fz,Feyenoord Rotterdam,9d4ald4f0m2imaastzen4j8mi,O. Targhalline,24.675,32.028000000000006,2,2.0,turnover,False,0.0
2025-09-28_FC Groningen - Feyenoord Rotterdam,2852979615,2,72,41,cos9hxi16eitbcbthof7zrm4m,FC Groningen,e6x3hs6v8cq74ojgluyny72fo,T. Land,85.995,12.512,1,3.0,turnover,False,0.0
2025-09-28_FC Groningen - Feyenoord Rotterdam,2852980359,2,73,19,20vymiy7bo8wkyxai3ew494fz,Feyenoord Rotterdam,9d4ald4f0m2imaastzen4j8mi,O. Targhalline,41.580000000000005,63.85200000000001,3,2.0,turnover,False,0.0
2025-09-28_FC Groningen - Feyenoord Rotterdam,2853631601,2,76,35,cos9hxi16eitbcbthof7zrm4m,FC Groningen,by85t8ssyumcjcks1jx3v96vo,Y. Taha,37.48500000000001,0.8160000000000001,1,2.0,turnover,False,0.0
2025-09-28_FC Groningen - Feyenoord Rotterdam,2852986065,2,77,35,20vymiy7bo8wkyxai3ew494fz,Feyenoord Rotterdam,dtcvzfse83ztj96kiizwp6jqi,G. Smal,29.505000000000003,32.504,0,0.0,turnover,False,0.0
2025-09-28_FC Groningen - Feyenoord Rotterdam,2852990935,2,81,4,cos9hxi16eitbcbthof7zrm4m,FC Groningen,d1dq7upxtawnps3wljz6wf9jo,S. Resink,11.025,24.276000000000003,2,4.0,turnover,False,0.0
2025-09-28_FC Groningen - Feyenoord Rotterdam,2853000829,2,88,21,20vymiy7bo8wkyxai3ew494fz,Feyenoord Rotterdam,aajft01g5yggw0is5fbfh3105,B. Nieuwkoop,23.1,23.868000000000002,2,8.0,turnover,False,0.0048180226278039
2025-09-28_FC Utrecht - SC Heerenveen,2852886855,1,3,28,4vd2t5schmvvufrfib7f2vjdf,SC Heerenveen,5oghztk07za2yuqq4jnav22y2,M. Rivera,25.41,35.088,1,1.0,turnover,False,0.0
2025-09-28_FC Utrecht - SC Heerenveen,2852890659,1,7,9,ccpscwdcm65czscrun048ecn5,FC Utrecht,aafz6q5ggn9e6m5hprc71lgph,M. van der Hoorn,15.225000000000001,22.1,2,8.0,window_expired,False,0.0007840184109186
2025-09-28_FC Utrecht - SC Heerenveen,2852903891,1,18,53,ccpscwdcm65czscrun048ecn5,FC Utrecht,cy0lv5u16obr2ne4xiins43x1,S. Haller,85.89,63.444,0,0.0,turnover,False,0.0
2025-09-28_FC Utrecht - SC Heerenveen,2852912073,1,29,50,4vd2t5schmvvufrfib7f2vjdf,SC Heerenveen,b5sf6wcogrvlwuwbd8xsyyfh1,J. van Overeem,45.255,37.672000000000004,3,6.0,window_expired,False,6.432774202276559e-05
2025-09-28_FC Utrecht - SC Heerenveen,2852912433,1,30,14,ccpscwdcm65czscrun048ecn5,FC Utrecht,ubuh5wgnl0o5bn3wirdmectm,M. Eerdhuijzen,27.405,39.168000000000006,2,2.0,turnover,False,0.0
2025-09-28_FC Utrecht - SC Heerenveen,2852912531,1,30,20,ccpscwdcm65czscrun048ecn5,FC Utrecht,enimk3ibb10vk3f8vrmmhq7oq,S. El Karouani,26.25,43.724000000000004,5,5.0,window_expired,False,3.536931424394374e-06
2025-09-28_FC Utrecht - SC Heerenveen,2852949137,2,45,32,4vd2t5schmvvufrfib7f2vjdf,SC Heerenveen,ar7llmzju08n8yrqu8xm1thck,O. Braude,38.64,3.74,3,4.0,turnover,False,0.0
2025-09-28_FC Utrecht - SC Heerenveen,2852955675,2,51,25,ccpscwdcm65czscrun048ecn5,FC Utrecht,dmnk8dz6w8n4fcso88fuvusfe,Zidane Iqbal,7.5600000000000005,35.292,0,0.0,turnover,False,0.0
2025-09-28_FC Utrecht - SC Heerenveen,2852967183,2,62,48,ccpscwdcm65czscrun048ecn5,FC Utrecht,c2an5ksdu6jbap3x3jp3z9c5x,N. Viergever,25.935,26.588000000000005,3,5.0,window_expired,False,0.0
2025-09-28_FC Utrecht - SC Heerenveen,2852996239,2,90,19,4vd2t5schmvvufrfib7f2vjdf,SC Heerenveen,ar7llmzju08n8yrqu8xm1thck,O. Braude,35.595,23.936000000000003,3,3.0,turnover,False,0.0001622043556777
2025-09-28_Nijmegen Eendracht Combinatie - Alkmaar Zaanstreek,2853508411,1,19,32,3kfktv64h7kg7zryax1wktr5r,Alkmaar Zaanstreek,9lixevzo8exxiia17altfw8ic,W. Goes,30.03,16.728,4,3.0,turnover,False,0.0
2025-09-28_Nijmegen Eendracht Combinatie - Alkmaar Zaanstreek,2852809497,1,20,24,3kfktv64h7kg7zryax1wktr5r,Alkmaar Zaanstreek,3uq3lrjyj4mnvq6162b0jyhnt,M. de Wit,38.64,58.412000000000006,1,2.0,turnover,False,0.0
2025-09-28_Nijmegen Eendracht Combinatie - Alkmaar Zaanstreek,2852810289,1,22,55,8iawijq7s9s6d85mjz8wdslki,Nijmegen Eendracht Combinatie,2yivr64anye4c0p62m16l78yc,S. Ouaissa,62.580000000000005,12.308000000000002,5,9.0,window_expired,False,0.00016707493417414399
2025-09-28_Nijmegen Eendracht Combinatie - Alkmaar Zaanstreek,2852819587,1,40,51,3kfktv64h7kg7zryax1wktr5r,Alkmaar Zaanstreek,9lixevzo8exxiia17altfw8ic,W. Goes,31.815,4.6240000000000006,3,5.0,turnover,False,0.0
2025-09-28_Nijmegen Eendracht Combinatie - Alkmaar Zaanstreek,2852816687,1,41,20,3kfktv64h7kg7zryax1wktr5r,Alkmaar Zaanstreek,3uq3lrjyj4mnvq6162b0jyhnt,M. de Wit,35.07,64.53200000000001,0,0.0,turnover,False,0.0
2025-09-28_Nijmegen Eendracht Combinatie - Alkmaar Zaanstreek,2852817859,1,43,38,8iawijq7s9s6d85mjz8wdslki,Nijmegen Eendracht Combinatie,247ipjjd0cak2sggwbuorx4yy,B. Pereira,24.885,14.756,2,4.0,turnover,False,0.0
2025-09-28_Nijmegen Eendracht Combinatie - Alkmaar Zaanstreek,2852828913,2,45,29,8iawijq7s9s6d85mjz8wdslki,Nijmegen Eendracht Combinatie,a76yp8gkkg6frtuhh3d6l46i,D. Proper,80.325,62.288000000000004,0,0.0,turnover,False,0.0
2025-09-28_Nijmegen Eendracht Combinatie - Alkmaar Zaanstreek,2852829075,2,45,44,3kfktv64h7kg7zryax1wktr5r,Alkmaar Zaanstreek,9bgq1tfyfzc3wg9pfr8q510k4,D. Kwakman,70.98,17.476,0,0.0,turnover,False,0.0
2025-09-28_Nijmegen Eendracht Combinatie - Alkmaar Zaanstreek,2852832651,2,51,49,8iawijq7s9s6d85mjz8wdslki,Nijmegen Eendracht Combinatie,247ipjjd0cak2sggwbuorx4yy,B. Pereira,63.525000000000006,5.304,0,0.0,turnover,False,0.0
2025-09-28_Nijmegen Eendracht Combinatie - Alkmaar Zaanstreek,2852835191,2,55,22,3kfktv64h7kg7zryax1wktr5r,Alkmaar Zaanstreek,ck3l6a262hves3v6nywarx9pm,Alexandre Penetra,36.54,40.868,2,3.0,turnover,False,7.479955973543895e-05
2025-09-28_Nijmegen Eendracht Combinatie - Alkmaar Zaanstreek,2852835275,2,55,30,3kfktv64h7kg7zryax1wktr5r,Alkmaar Zaanstreek,7jgtmmk4b2bgn0syidj6ve7kl,J. Clasie,31.5,45.56,2,4.0,turnover,False,0.0
2025-09-28_Nijmegen Eendracht Combinatie - Alkmaar Zaanstreek,2852839787,2,61,9,8iawijq7s9s6d85mjz8wdslki,Nijmegen Eendracht Combinatie,ds0hd4ezvb5rw6l95rhbxtq1g,B. Önal,35.595,65.07600000000001,2,1.0,turnover,False,0.0
2025-09-28_Nijmegen Eendracht Combinatie - Alkmaar Zaanstreek,2852844647,2,66,38,8iawijq7s9s6d85mjz8wdslki,Nijmegen Eendracht Combinatie,1asrguqxyo7rmoyamggwd9oq2,A. Kaplan,39.9,38.964,7,10.0,window_expired,False,0.000823858436285864
2025-09-28_Nijmegen Eendracht Combinatie - Alkmaar Zaanstreek,2852845027,2,67,6,3kfktv64h7kg7zryax1wktr5r,Alkmaar Zaanstreek,7jpreaads35pnnfqbn7hmrmy,S. Mijnans,57.75,57.25600000000001,0,0.0,turnover,False,0.0
2025-09-28_Nijmegen Eendracht Combinatie - Alkmaar Zaanstreek,2852856665,2,84,42,8iawijq7s9s6d85mjz8wdslki,Nijmegen Eendracht Combinatie,1gl82ymzh9vpitix6v645awa,D. Nejašmić,6.09,11.016,3,5.0,window_expired,False,0.0004388133191203
2025-09-28_Nijmegen Eendracht Combinatie - Alkmaar Zaanstreek,2852860927,2,89,28,3kfktv64h7kg7zryax1wktr5r,Alkmaar Zaanstreek,7jpreaads35pnnfqbn7hmrmy,S. Mijnans,19.11,43.79200000000001,0,0.0,turnover,False,0.0
2025-09-28_Nijmegen Eendracht Combinatie - Alkmaar Zaanstreek,2852866505,2,94,41,8iawijq7s9s6d85mjz8wdslki,Nijmegen Eendracht Combinatie,247ipjjd0cak2sggwbuorx4yy,B. Pereira,58.905,7.82,2,2.0,turnover,False,0.0
2025-09-28_SC Telstar - Go Ahead Eagles,2853033307,1,1,6,zjawy6qdzk3y69v5pa3zl2cb,SC Telstar,8p3x0sm735fru6nthc87pjrbo,Neville Ogidi Nwankwo,12.39,12.648000000000001,0,0.0,turnover,False,0.0
2025-09-28_SC Telstar - Go Ahead Eagles,2853037235,1,4,20,b79uipsy57y1jqpy07h4i5ovk,Go Ahead Eagles,d8cxurdt9g5gezqlfwae7ooru,M. Meulensteen,66.57000000000001,24.956000000000003,0,0.0,turnover,False,0.0
2025-09-28_SC Telstar - Go Ahead Eagles,2853041491,1,8,47,b79uipsy57y1jqpy07h4i5ovk,Go Ahead Eagles,1rmox6tf7r283dca2vi844kr8,A. Adelgaard,80.53500000000001,63.648,0,0.0,turnover,False,0.0
2025-09-28_SC Telstar - Go Ahead Eagles,2853043473,1,11,3,zjawy6qdzk3y69v5pa3zl2cb,SC Telstar,cp866ucakmwqiwxrstkaxwgt0,N. Rossen,55.755,34.952,3,4.0,turnover,False,0.0001544447995096
2025-09-28_SC Telstar - Go Ahead Eagles,2853046469,1,15,14,zjawy6qdzk3y69v5pa3zl2cb,SC Telstar,4cbhx91p3l265b2cejzd07gbu,P. Brouwer,32.235,16.184,5,9.0,turnover,False,0.000110075855504
2025-09-28_SC Telstar - Go Ahead Eagles,2853047073,1,15,56,b79uipsy57y1jqpy07h4i5ovk,Go Ahead Eagles,9vyizhfym4y8vc07xrvba7skq,O. Pettersson,68.565,6.12,0,0.0,turnover,False,0.0
2025-09-28_SC Telstar - Go Ahead Eagles,2853047869,1,16,46,zjawy6qdzk3y69v5pa3zl2cb,SC Telstar,8p3x0sm735fru6nthc87pjrbo,Neville Ogidi Nwankwo,43.260000000000005,17.34,1,1.0,turnover,False,0.0
2025-09-28_SC Telstar - Go Ahead Eagles,2853050835,1,19,55,b79uipsy57y1jqpy07h4i5ovk,Go Ahead Eagles,1rmox6tf7r283dca2vi844kr8,A. Adelgaard,38.010000000000005,62.900000000000006,0,0.0,turnover,False,0.0
2025-09-28_SC Telstar - Go Ahead Eagles,2853051387,1,20,31,b79uipsy57y1jqpy07h4i5ovk,Go Ahead Eagles,9d4lofwg9ooaoldw2vpt4h36y,E. Linthorst,14.28,41.480000000000004,1,2.0,window_expired,False,0.0
2025-09-28_SC Telstar - Go Ahead Eagles,2853067827,1,35,23,zjawy6qdzk3y69v5pa3zl2cb,SC Telstar,4cbhx91p3l265b2cejzd07gbu,P. Brouwer,20.37,49.980000000000004,2,1.0,turnover,False,0.0
2025-09-28_SC Telstar - Go Ahead Eagles,2853071057,1,38,25,zjawy6qdzk3y69v5pa3zl2cb,SC Telstar,8p3x0sm735fru6nthc87pjrbo,Neville Ogidi Nwankwo,9.975,33.728,4,8.0,window_expired,False,0.0003201892584312434
2025-09-28_SC Telstar - Go Ahead Eagles,2853111123,2,55,38,b79uipsy57y1jqpy07h4i5ovk,Go Ahead Eagles,d8cxurdt9g5gezqlfwae7ooru,M. Meulensteen,34.86000000000001,16.184,4,9.0,window_expired,False,0.0033561746958704
2025-09-28_SC Telstar - Go Ahead Eagles,2853111547,2,56,11,zjawy6qdzk3y69v5pa3zl2cb,SC Telstar,52cqyvn8cfh83i5zwm3181pbe,T. Noslin,40.74,20.060000000000002,3,5.0,turnover,False,0.0025953147796322
2025-09-28_SC Telstar - Go Ahead Eagles,2853116251,2,60,50,b79uipsy57y1jqpy07h4i5ovk,Go Ahead Eagles,61a5bh5xw947nv4mxx62gqaqx,J. Kramer,6.615,26.996000000000002,1,1.0,turnover,False,0.0
2025-09-28_SC Telstar - Go Ahead Eagles,2853120413,2,65,2,b79uipsy57y1jqpy07h4i5ovk,Go Ahead Eagles,61a5bh5xw947nv4mxx62gqaqx,J. Kramer,30.450000000000003,35.768,0,0.0,turnover,False,0.0
2025-09-28_SC Telstar - Go Ahead Eagles,2853124837,2,69,25,b79uipsy57y1jqpy07h4i5ovk,Go Ahead Eagles,d8cxurdt9g5gezqlfwae7ooru,M. Meulensteen,66.78,37.944,3,7.0,window_expired,False,0.0182145412928965
2025-09-28_SC Telstar - Go Ahead Eagles,2853127823,2,72,5,zjawy6qdzk3y69v5pa3zl2cb,SC Telstar,cp866ucakmwqiwxrstkaxwgt0,N. Rossen,15.645000000000001,20.400000000000002,1,2.0,turnover,False,0.0
2025-09-28_SC Telstar - Go Ahead Eagles,2853131845,2,75,53,zjawy6qdzk3y69v5pa3zl2cb,SC Telstar,y1ky8sp8scl05mmfr7byy3md,J. Hardeveld,29.925,44.47200000000001,1,4.0,turnover,False,0.0
2025-09-28_SC Telstar - Go Ahead Eagles,2853144599,2,89,32,zjawy6qdzk3y69v5pa3zl2cb,SC Telstar,9229789015kq0j5c85ug3ajv8,A. Lechkar,20.16,43.112,4,3.0,turnover,False,0.0002000596638515
2025-09-28_SC Telstar - Go Ahead Eagles,2853144673,2,89,36,b79uipsy57y1jqpy07h4i5ovk,Go Ahead Eagles,61a5bh5xw947nv4mxx62gqaqx,J. Kramer,41.685,33.456,3,6.0,turnover,False,0.0
2025-10-03_NAC Breda - FC Groningen,2854990269,1,7,4,cos9hxi16eitbcbthof7zrm4m,FC Groningen,679ax4aocvzlvj4i7a1bb8rv8,T. Mercera,38.115,5.508,4,6.0,turnover,False,0.0
2025-10-03_NAC Breda - FC Groningen,2854994027,1,9,59,cos9hxi16eitbcbthof7zrm4m,FC Groningen,679ax4aocvzlvj4i7a1bb8rv8,T. Mercera,28.035,6.5280000000000005,1,0.0,window_expired,False,0.0
2025-10-03_NAC Breda - FC Groningen,2854999313,1,13,50,cos9hxi16eitbcbthof7zrm4m,FC Groningen,1nk0hcaa9o4jnyxc9ndz1lams,D. van der Werff,38.22,4.692,0,0.0,turnover,False,0.0
2025-10-03_NAC Breda - FC Groningen,2855000301,1,14,40,cos9hxi16eitbcbthof7zrm4m,FC Groningen,f4liap69r76gyc8pnxsergbqi,T. de Jonge,48.510000000000005,43.52,5,10.0,window_expired,False,0.0130614921164708
2025-10-03_NAC Breda - FC Groningen,2855004079,1,17,35,59t7flioj4w4mpwnrwbm0m8ck,NAC Breda,bdb33nwcpd2jufn9ggtl7gvzd,B. Lucassen,45.255,19.584000000000003,1,3.0,turnover,False,0.0
2025-10-03_NAC Breda - FC Groningen,2855021077,1,31,34,59t7flioj4w4mpwnrwbm0m8ck,NAC Breda,200chcevwu3znwew6xjyaof6d,F. Oldrup Jensen,14.385,31.756000000000004,0,0.0,turnover,False,0.0
2025-10-03_NAC Breda - FC Groningen,2855028359,1,36,23,59t7flioj4w4mpwnrwbm0m8ck,NAC Breda,200chcevwu3znwew6xjyaof6d,F. Oldrup Jensen,56.385000000000005,5.984000000000001,0,0.0,turnover,False,0.0
2025-10-03_NAC Breda - FC Groningen,2855064563,2,49,23,cos9hxi16eitbcbthof7zrm4m,FC Groningen,1nk0hcaa9o4jnyxc9ndz1lams,D. van der Werff,57.015,9.792000000000002,2,2.0,turnover,False,0.0
2025-10-03_NAC Breda - FC Groningen,2855065299,2,49,29,59t7flioj4w4mpwnrwbm0m8ck,NAC Breda,d785q9rpqlyuyswv8f9fx4cno,M. Nassoh,33.075,53.65200000000001,1,1.0,turnover,False,0.0
2025-10-03_NAC Breda - FC Groningen,2855077483,2,58,36,cos9hxi16eitbcbthof7zrm4m,FC Groningen,1c4fzmrwmlwaqmqomge14rqc4,D. Janse,56.595,34.272,2,3.0,turnover,False,0.0
2025-10-03_NAC Breda - FC Groningen,2855080965,2,61,7,59t7flioj4w4mpwnrwbm0m8ck,NAC Breda,8z4wdv767cv7ddqgrkz5txsrt,B. Kemper,28.980000000000004,62.016000000000005,3,4.0,turnover,False,9.945423782385664e-05
2025-10-03_NAC Breda - FC Groningen,2855085221,2,64,25,cos9hxi16eitbcbthof7zrm4m,FC Groningen,f4liap69r76gyc8pnxsergbqi,T. de Jonge,27.195,30.192,4,7.0,turnover,False,0.0
2025-10-03_NAC Breda - FC Groningen,2855098039,2,73,13,59t7flioj4w4mpwnrwbm0m8ck,NAC Breda,a3m4r77behilkcznll07b7d1x,C. Leemans,33.18,15.368000000000002,0,0.0,turnover,False,0.0
2025-10-03_NAC Breda - FC Groningen,2855105843,2,81,42,cos9hxi16eitbcbthof7zrm4m,FC Groningen,7xovmwq2h4rcr9nuou4gi3g2c,W. Prins,32.445,10.064000000000002,0,0.0,turnover,False,0.0
2025-10-03_NAC Breda - FC Groningen,2855116677,2,92,7,59t7flioj4w4mpwnrwbm0m8ck,NAC Breda,8z4wdv767cv7ddqgrkz5txsrt,B. Kemper,14.805,54.400000000000006,4,8.0,turnover,False,0.0001648421066638
2025-10-04_Fortuna Sittard - FC Volendam,2855782707,1,3,23,6g9qrm72224jrk6tkxxxi8a9n,FC Volendam,ealh7n21gctxxw5ol3l3yxzze,Y. Leliendal,29.294999999999998,62.49200000000001,1,1.0,turnover,False,0.0
2025-10-04_Fortuna Sittard - FC Volendam,2855798989,1,19,20,3ebril33e08ddzob4bhq8awsr,Fortuna Sittard,44m4s9f1ckgdavmqjo0icx016,R. Fosso,46.830000000000005,23.323999999999998,4,7.0,turnover,False,0.0009050957601213001
2025-10-04_Fortuna Sittard - FC Volendam,2855813479,1,32,26,3ebril33e08ddzob4bhq8awsr,Fortuna Sittard,dsh8ta4q6v5ews2e19p9xh6y2,J. Hubner,63.105000000000004,13.532,0,0.0,turnover,False,0.0
2025-10-04_Fortuna Sittard - FC Volendam,2855814901,1,34,3,3ebril33e08ddzob4bhq8awsr,Fortuna Sittard,dsh8ta4q6v5ews2e19p9xh6y2,J. Hubner,35.175000000000004,51.408,3,8.0,turnover,False,0.0011527148432946
2025-10-04_Fortuna Sittard - FC Volendam,2855815091,1,34,13,6g9qrm72224jrk6tkxxxi8a9n,FC Volendam,eu901b75l2ly5p48jdw6kwmad,M. Amevor,18.27,23.46,1,0.0,turnover,False,0.0
2025-10-04_Fortuna Sittard - FC Volendam,2855825673,1,45,32,3ebril33e08ddzob4bhq8awsr,Fortuna Sittard,60jptu288hf6gcljkbzcdie39,K. Peterson,67.095,56.71200000000001,4,6.0,window_expired,False,0.00021338215742142867
2025-10-04_Fortuna Sittard - FC Volendam,2855850359,2,46,32,6g9qrm72224jrk6tkxxxi8a9n,FC Volendam,4utx4h5jz14whtjawxn7ox0r8,N. Verschuren,31.185000000000002,61.404,0,0.0,turnover,False,0.0
2025-10-04_Fortuna Sittard - FC Volendam,2855851081,2,47,25,6g9qrm72224jrk6tkxxxi8a9n,FC Volendam,btrg844mxkl6kbn89s7aecj8q,G. Yah,21.419999999999998,22.032,2,6.0,window_expired,False,0.0
2025-10-04_Fortuna Sittard - FC Volendam,2855856183,2,53,37,6g9qrm72224jrk6tkxxxi8a9n,FC Volendam,ealh7n21gctxxw5ol3l3yxzze,Y. Leliendal,12.81,55.21600000000001,1,2.0,turnover,False,0.0
2025-10-04_Fortuna Sittard - FC Volendam,2855866973,2,63,31,3ebril33e08ddzob4bhq8awsr,Fortuna Sittard,9o10vhew3jar8tqnkabw0qoyx,J. Lonwijk,76.755,23.664,1,5.0,turnover,False,0.0
2025-10-04_Fortuna Sittard - FC Volendam,2855867541,2,64,2,3ebril33e08ddzob4bhq8awsr,Fortuna Sittard,570htztcvfsu947xw6fvtzmc5,Iván Márquez,29.400000000000002,46.376000000000005,4,9.0,window_expired,False,0.0007758914526678943
2025-10-04_Fortuna Sittard - FC Volendam,2855869557,2,65,39,6g9qrm72224jrk6tkxxxi8a9n,FC Volendam,ealh7n21gctxxw5ol3l3yxzze,Y. Leliendal,9.870000000000001,38.42,1,1.0,turnover,False,0.0
2025-10-04_Fortuna Sittard - FC Volendam,2855869627,2,65,42,6g9qrm72224jrk6tkxxxi8a9n,FC Volendam,dej8tywq0npvbm25sfgtqur1m,O. Kökçü,27.615000000000002,39.032000000000004,3,5.0,window_expired,False,7.626043132114013e-05
2025-10-04_Fortuna Sittard - FC Volendam,2855870433,2,66,22,3ebril33e08ddzob4bhq8awsr,Fortuna Sittard,4jauu6ue076rbeq56exa4bcyy,M. Aïko,42.945,49.980000000000004,6,10.0,window_expired,False,0.0004585786527174
2025-10-04_Fortuna Sittard - FC Volendam,2856389835,2,69,17,3ebril33e08ddzob4bhq8awsr,Fortuna Sittard,bnkzwpd607re6s01oa77wcodm,J. Dahlhaus,55.86000000000001,58.412000000000006,0,0.0,turnover,False,0.0
2025-10-04_Fortuna Sittard - FC Volendam,2855874605,2,70,23,3ebril33e08ddzob4bhq8awsr,Fortuna Sittard,bnkzwpd607re6s01oa77wcodm,J. Dahlhaus,1.1550000000000002,16.116,0,0.0,turnover,False,0.0
2025-10-04_Fortuna Sittard - FC Volendam,2855884117,2,81,4,3ebril33e08ddzob4bhq8awsr,Fortuna Sittard,7b4jmfu1ejoeci2zmvwuejnys,P. Brittijn,61.425000000000004,52.428,2,3.0,turnover,False,0.0002254080242259
2025-10-04_Fortuna Sittard - FC Volendam,2855885999,2,83,38,3ebril33e08ddzob4bhq8awsr,Fortuna Sittard,bnkzwpd607re6s01oa77wcodm,J. Dahlhaus,33.495,64.328,0,0.0,turnover,False,0.0
2025-10-04_Fortuna Sittard - FC Volendam,2855887439,2,85,20,3ebril33e08ddzob4bhq8awsr,Fortuna Sittard,bnkzwpd607re6s01oa77wcodm,J. Dahlhaus,70.245,64.668,0,0.0,turnover,False,0.0
2025-10-04_PEC Zwolle - PSV Eindhoven,2855864203,1,7,59,2uuh2bir8ktof0uxfo06lb4ox,PEC Zwolle,9ugpnnovqttl8lguv7wdyiezu,S. Graves,23.52,15.572000000000001,2,2.0,turnover,False,0.0
2025-10-04_PEC Zwolle - PSV Eindhoven,2855866965,1,10,22,2uuh2bir8ktof0uxfo06lb4ox,PEC Zwolle,4phgw75cred5p93hjq8hiou6t,S. Floranus,3.2550000000000003,55.080000000000005,1,0.0,turnover,False,0.0
2025-10-04_PEC Zwolle - PSV Eindhoven,2855868399,1,11,34,24fvcruwqrqvqa3aonf8c3zuy,PSV Eindhoven,5lvdnoyknuoyr6kdruposgctl,J. Schouten,16.275000000000002,25.16,0,0.0,turnover,False,0.0
2025-10-04_PEC Zwolle - PSV Eindhoven,2855869991,1,12,48,24fvcruwqrqvqa3aonf8c3zuy,PSV Eindhoven,b0me6l44boibnwpbtasxoy02x,S. Dest,14.805,8.84,5,4.0,turnover,False,5.920220280675181e-06
2025-10-04_PEC Zwolle - PSV Eindhoven,2855870085,1,12,53,2uuh2bir8ktof0uxfo06lb4ox,PEC Zwolle,1rd0zzpp3dn0y7qtxwc57g7h1,R. Thomas,80.955,61.268,2,3.0,turnover,False,0.0
2025-10-04_PEC Zwolle - PSV Eindhoven,2856239971,1,20,20,24fvcruwqrqvqa3aonf8c3zuy,PSV Eindhoven,5lvdnoyknuoyr6kdruposgctl,J. Schouten,66.57000000000001,31.484,2,2.0,turnover,False,0.0043383711872235
2025-10-04_PEC Zwolle - PSV Eindhoven,2855878149,1,20,35,2uuh2bir8ktof0uxfo06lb4ox,PEC Zwolle,6u7z5qrlwzl9aug8awejq37xl,Jamiro Monteiro,22.05,48.75600000000001,0,0.0,turnover,False,0.0
2025-10-04_PEC Zwolle - PSV Eindhoven,2855881809,1,24,48,24fvcruwqrqvqa3aonf8c3zuy,PSV Eindhoven,9vf02r3geinhsy732oxyrcacq,I. Saibari,32.34,11.696,1,1.0,turnover,False,0.0
2025-10-04_PEC Zwolle - PSV Eindhoven,2855893623,1,39,36,24fvcruwqrqvqa3aonf8c3zuy,PSV Eindhoven,d4j19ipiaeuetyij08fofgs15,J. Veerman,84.315,31.892000000000003,2,3.0,window_expired,True,0.0
2025-10-04_PEC Zwolle - PSV Eindhoven,2855900913,1,40,56,2uuh2bir8ktof0uxfo06lb4ox,PEC Zwolle,9ugpnnovqttl8lguv7wdyiezu,S. Graves,25.515,31.416000000000004,2,4.0,turnover,False,0.0
2025-10-04_PEC Zwolle - PSV Eindhoven,2855898069,1,44,35,2uuh2bir8ktof0uxfo06lb4ox,PEC Zwolle,9ugpnnovqttl8lguv7wdyiezu,S. Graves,74.55,15.572000000000001,0,0.0,turnover,False,0.0
2025-10-04_PEC Zwolle - PSV Eindhoven,2855914905,2,47,1,2uuh2bir8ktof0uxfo06lb4ox,PEC Zwolle,4phgw75cred5p93hjq8hiou6t,S. Floranus,33.705000000000005,55.35200000000001,1,0.0,turnover,False,0.0
2025-10-04_PEC Zwolle - PSV Eindhoven,2855924363,2,55,58,24fvcruwqrqvqa3aonf8c3zuy,PSV Eindhoven,5lvdnoyknuoyr6kdruposgctl,J. Schouten,41.055,32.028000000000006,3,3.0,turnover,False,3.717275278772303e-05
2025-10-04_PEC Zwolle - PSV Eindhoven,2855925083,2,56,45,24fvcruwqrqvqa3aonf8c3zuy,PSV Eindhoven,dxmulnxbs11kpi1goq5hl9cve,A. Salah-Eddine,57.225,56.916000000000004,5,8.0,window_expired,False,0.006317922840355214
2025-10-04_PEC Zwolle - PSV Eindhoven,2855925525,2,57,13,2uuh2bir8ktof0uxfo06lb4ox,PEC Zwolle,6u7z5qrlwzl9aug8awejq37xl,Jamiro Monteiro,18.69,52.768,0,0.0,turnover,False,0.0
2025-10-04_PEC Zwolle - PSV Eindhoven,2855926695,2,58,17,24fvcruwqrqvqa3aonf8c3zuy,PSV Eindhoven,5lvdnoyknuoyr6kdruposgctl,J. Schouten,77.59500000000001,8.228,5,9.0,window_expired,False,0.002450894814009
2025-10-04_PEC Zwolle - PSV Eindhoven,2855928949,2,60,49,24fvcruwqrqvqa3aonf8c3zuy,PSV Eindhoven,5lvdnoyknuoyr6kdruposgctl,J. Schouten,28.455000000000002,20.876,0,0.0,turnover,False,0.0
2025-10-04_PEC Zwolle - PSV Eindhoven,2855929193,2,61,2,2uuh2bir8ktof0uxfo06lb4ox,PEC Zwolle,1x6fhuy49w4rpnyavwotbf504,T. Gooijer,15.855,25.16,0,0.0,turnover,False,0.0
2025-10-04_PEC Zwolle - PSV Eindhoven,2855933865,2,65,56,2uuh2bir8ktof0uxfo06lb4ox,PEC Zwolle,2072f0p9ful9u577gdvo89yw9,K. Kostons,24.465000000000003,15.708000000000002,0,0.0,turnover,False,0.0
2025-10-04_PEC Zwolle - PSV Eindhoven,2855943101,2,76,27,2uuh2bir8ktof0uxfo06lb4ox,PEC Zwolle,cczptju66ofuymrlsol11fpxw,D. Voute,32.76,3.74,0,0.0,turnover,False,0.0
2025-10-04_PEC Zwolle - PSV Eindhoven,2855945039,2,78,49,2uuh2bir8ktof0uxfo06lb4ox,PEC Zwolle,5mqog8k9eyi248jvrrp9fo8wk,N. Fichtinger,32.550000000000004,29.580000000000002,0,0.0,turnover,False,0.0
2025-10-04_PEC Zwolle - PSV Eindhoven,2855946703,2,80,45,2uuh2bir8ktof0uxfo06lb4ox,PEC Zwolle,awsbedog2zaz7zpjucbcba82y,S. Shoretire,21.21,26.588000000000005,0,0.0,turnover,False,0.0
2025-10-04_PEC Zwolle - PSV Eindhoven,2855947953,2,82,28,2uuh2bir8ktof0uxfo06lb4ox,PEC Zwolle,2072f0p9ful9u577gdvo89yw9,K. Kostons,30.765,55.624,0,0.0,turnover,False,0.0
2025-10-04_PEC Zwolle - PSV Eindhoven,2855949785,2,84,53,2uuh2bir8ktof0uxfo06lb4ox,PEC Zwolle,4phgw75cred5p93hjq8hiou6t,S. Floranus,24.990000000000002,60.928,1,1.0,turnover,False,0.0
2025-10-04_SC Heerenveen - SBV Excelsior,2855940951,1,7,56,4vd2t5schmvvufrfib7f2vjdf,SC Heerenveen,ar7llmzju08n8yrqu8xm1thck,O. Braude,36.015,4.284,0,0.0,turnover,False,0.0
2025-10-04_SC Heerenveen - SBV Excelsior,2855941747,1,8,57,dqk062lu0vm8epvytbm6r4mmf,SBV Excelsior,c6i4usq34m3389rtbqptahrai,R. Meissen,22.365000000000002,35.088,2,5.0,turnover,False,0.0
2025-10-04_SC Heerenveen - SBV Excelsior,2855950689,1,20,2,dqk062lu0vm8epvytbm6r4mmf,SBV Excelsior,c6i4usq34m3389rtbqptahrai,R. Meissen,21.735,46.104,0,0.0,turnover,False,0.0
2025-10-04_SC Heerenveen - SBV Excelsior,2855955479,1,25,40,4vd2t5schmvvufrfib7f2vjdf,SC Heerenveen,b5sf6wcogrvlwuwbd8xsyyfh1,J. van Overeem,36.96000000000001,6.868,4,9.0,turnover,False,0.0110076123056142
2025-10-04_SC Heerenveen - SBV Excelsior,2855956981,1,27,41,4vd2t5schmvvufrfib7f2vjdf,SC Heerenveen,b5sf6wcogrvlwuwbd8xsyyfh1,J. van Overeem,22.785,42.772000000000006,4,6.0,turnover,False,5.419905211855036e-05
2025-10-04_SC Heerenveen - SBV Excelsior,2855975851,1,31,5,4vd2t5schmvvufrfib7f2vjdf,SC Heerenveen,b5sf6wcogrvlwuwbd8xsyyfh1,J. van Overeem,20.265,28.424,4,10.0,window_expired,False,3.329167180469994e-05
2025-10-04_SC Heerenveen - SBV Excelsior,2855960367,1,33,20,dqk062lu0vm8epvytbm6r4mmf,SBV Excelsior,2vfhae70oyyzm0qttlckworqi,A. Carlén,74.34,40.25600000000001,3,2.0,turnover,False,0.0
2025-10-04_SC Heerenveen - SBV Excelsior,2855961203,1,34,42,4vd2t5schmvvufrfib7f2vjdf,SC Heerenveen,eu6pfkiah7otafyryg6ll7y09,L. Brouwers,64.995,51.136,5,9.0,window_expired,False,0.0134781525095415
2025-10-04_SC Heerenveen - SBV Excelsior,2855962287,1,36,27,dqk062lu0vm8epvytbm6r4mmf,SBV Excelsior,5wwqe546ohp130rvi8x8pt0tm,A. Zagré,76.54500000000002,49.776,0,0.0,turnover,False,0.0
2025-10-04_SC Heerenveen - SBV Excelsior,2855962693,1,37,3,4vd2t5schmvvufrfib7f2vjdf,SC Heerenveen,aqnr6l3f02hx0soadunxbjcpg,J. Trenskow,57.435,19.448000000000004,0,0.0,turnover,False,0.0
2025-10-04_SC Heerenveen - SBV Excelsior,2855964567,1,39,33,dqk062lu0vm8epvytbm6r4mmf,SBV Excelsior,cdhqb1a4h246hu0u13pm0tqay,I. Bronkhorst,48.089999999999996,9.792000000000002,0,0.0,turnover,False,0.0
2025-10-04_SC Heerenveen - SBV Excelsior,2855985039,2,46,5,4vd2t5schmvvufrfib7f2vjdf,SC Heerenveen,412l28fqhx21ivpcxzn1kpilm,V. Zagaritis,45.885000000000005,63.376000000000005,2,1.0,turnover,False,0.0
2025-10-04_SC Heerenveen - SBV Excelsior,2855985857,2,47,20,4vd2t5schmvvufrfib7f2vjdf,SC Heerenveen,412l28fqhx21ivpcxzn1kpilm,V. Zagaritis,21.0,61.744,4,6.0,window_expired,False,0.0004700813632462
2025-10-04_SC Heerenveen - SBV Excelsior,2855993853,2,59,0,4vd2t5schmvvufrfib7f2vjdf,SC Heerenveen,eu6pfkiah7otafyryg6ll7y09,L. Brouwers,37.065,54.128,3,7.0,window_expired,False,0.002104682064896
2025-10-04_SC Heerenveen - SBV Excelsior,2855999477,2,66,56,dqk062lu0vm8epvytbm6r4mmf,SBV Excelsior,6coor7jll29drx4kgvyt499wq,N. Naujoks,13.755,13.464000000000002,1,1.0,turnover,False,0.0
2025-10-04_SC Heerenveen - SBV Excelsior,2856001557,2,70,19,dqk062lu0vm8epvytbm6r4mmf,SBV Excelsior,6coor7jll29drx4kgvyt499wq,N. Naujoks,32.34,27.200000000000003,1,0.0,turnover,False,0.0
2025-10-04_SC Heerenveen - SBV Excelsior,2856002031,2,71,19,4vd2t5schmvvufrfib7f2vjdf,SC Heerenveen,412l28fqhx21ivpcxzn1kpilm,V. Zagaritis,46.2,62.83200000000001,5,8.0,turnover,False,0.0015824577966067
2025-10-04_SC Heerenveen - SBV Excelsior,2856006747,2,84,10,dqk062lu0vm8epvytbm6r4mmf,SBV Excelsior,c6i4usq34m3389rtbqptahrai,R. Meissen,30.345,45.967999999999996,3,10.0,window_expired,True,0.0005654822407766
2025-10-04_Sparta Rotterdam - AFC Ajax,2855968109,1,1,38,d0zdg647gvgc95xdtk1vpbkys,AFC Ajax,6km3r9cspyz7g6343o9mri63u,Raúl Moro,46.2,12.24,3,8.0,turnover,False,0.0
2025-10-04_Sparta Rotterdam - AFC Ajax,2855573445,1,6,37,89w5c6pw7vn0dxypi61tt0g4k,Sparta Rotterdam,byirjks50zw1eefkcy8p4hd5h,B. Martins Indi,4.620000000000001,39.712,1,1.0,turnover,False,0.0
2025-10-04_Sparta Rotterdam - AFC Ajax,2855583139,1,10,30,89w5c6pw7vn0dxypi61tt0g4k,Sparta Rotterdam,8n9t52eeli3s39r8ujjhjt7je,J. Kitolano,77.175,37.944,1,2.0,turnover,False,0.0
2025-10-04_Sparta Rotterdam - AFC Ajax,2855605167,1,23,56,89w5c6pw7vn0dxypi61tt0g4k,Sparta Rotterdam,byirjks50zw1eefkcy8p4hd5h,B. Martins Indi,66.885,44.948,1,2.0,turnover,False,0.0
2025-10-04_Sparta Rotterdam - AFC Ajax,2855606595,1,25,59,d0zdg647gvgc95xdtk1vpbkys,AFC Ajax,cx6fxszjvjam6zb3c3p0dd1jo,M. Godts,23.52,49.096000000000004,2,1.0,turnover,False,3.517860784063576e-06
2025-10-04_Sparta Rotterdam - AFC Ajax,2855607853,1,28,7,89w5c6pw7vn0dxypi61tt0g4k,Sparta Rotterdam,f07qmqesi1rpw7eapoz9rb0gk,J. Baas,44.31,14.620000000000001,2,2.0,turnover,False,0.0
2025-10-04_Sparta Rotterdam - AFC Ajax,2855617359,1,34,42,d0zdg647gvgc95xdtk1vpbkys,AFC Ajax,b8ixf31bdyfqqcwoy4ulai73e,K. Fitz-Jim,70.56,33.11600000000001,0,0.0,turnover,False,0.0
2025-10-04_Sparta Rotterdam - AFC Ajax,2855696481,2,49,10,d0zdg647gvgc95xdtk1vpbkys,AFC Ajax,47l204bkq2qqjhtazusr0019m,Y. Baas,18.900000000000002,54.33200000000001,1,2.0,turnover,False,0.0
2025-10-04_Sparta Rotterdam - AFC Ajax,2855722577,2,65,40,89w5c6pw7vn0dxypi61tt0g4k,Sparta Rotterdam,6q77vt9bp8dsq48pa97mfzsa1,T. Lauritsen,48.93000000000001,33.11600000000001,3,10.0,window_expired,False,0.005217445775557
2025-10-04_Sparta Rotterdam - AFC Ajax,2855728497,2,71,44,89w5c6pw7vn0dxypi61tt0g4k,Sparta Rotterdam,dbg4ducw8j747foxiexle1iad,P. Clement,27.930000000000003,24.956000000000003,0,0.0,turnover,False,0.0
2025-10-04_Sparta Rotterdam - AFC Ajax,2855734937,2,77,6,89w5c6pw7vn0dxypi61tt0g4k,Sparta Rotterdam,6ab5gq2owk86qs5zjottfhwmi,T. Quintero,61.214999999999996,59.092000000000006,1,3.0,turnover,False,0.0
2025-10-04_Sparta Rotterdam - AFC Ajax,2855737869,2,80,4,89w5c6pw7vn0dxypi61tt0g4k,Sparta Rotterdam,ass524umdrpsq324wksaqef4k,M. Young,34.02,21.42,0,0.0,turnover,False,0.0
2025-10-04_Sparta Rotterdam - AFC Ajax,2855745715,2,87,10,d0zdg647gvgc95xdtk1vpbkys,AFC Ajax,47l204bkq2qqjhtazusr0019m,Y. Baas,30.240000000000002,41.82,0,0.0,turnover,False,0.0
2025-10-04_Sparta Rotterdam - AFC Ajax,2855751101,2,91,44,89w5c6pw7vn0dxypi61tt0g4k,Sparta Rotterdam,9lctm8txbd4n87mk61lwa0rf9,S. Bakari,20.37,17.952,1,1.0,turnover,False,0.0
2025-10-05_Alkmaar Zaanstreek - SC Telstar,2856553023,1,9,20,3kfktv64h7kg7zryax1wktr5r,Alkmaar Zaanstreek,9lixevzo8exxiia17altfw8ic,W. Goes,55.545,5.372000000000001,0,0.0,turnover,False,0.0
2025-10-05_Alkmaar Zaanstreek - SC Telstar,2856554685,1,11,5,zjawy6qdzk3y69v5pa3zl2cb,SC Telstar,14csdlb8p0tnj6zqrs148ct1w,J. Ritmeester van de Kamp,80.325,65.756,1,0.0,turnover,False,0.0
2025-10-05_Alkmaar Zaanstreek - SC Telstar,2857128353,1,18,24,3kfktv64h7kg7zryax1wktr5r,Alkmaar Zaanstreek,9lixevzo8exxiia17altfw8ic,W. Goes,22.785,3.3320000000000003,6,9.0,window_expired,False,0.0012907690382616
2025-10-05_Alkmaar Zaanstreek - SC Telstar,2856566507,1,22,14,3kfktv64h7kg7zryax1wktr5r,Alkmaar Zaanstreek,9lixevzo8exxiia17altfw8ic,W. Goes,20.16,34.884,3,2.0,turnover,False,6.194690380156853e-06
2025-10-05_Alkmaar Zaanstreek - SC Telstar,2856568101,1,23,26,zjawy6qdzk3y69v5pa3zl2cb,SC Telstar,y1ky8sp8scl05mmfr7byy3md,J. Hardeveld,40.53,36.652,0,0.0,turnover,False,0.0
2025-10-05_Alkmaar Zaanstreek - SC Telstar,2856570915,1,25,25,zjawy6qdzk3y69v5pa3zl2cb,SC Telstar,1k60tee702idfrp0ibca1s57u,G. Offerhaus,38.955000000000005,28.356000000000005,0,0.0,turnover,False,0.0
2025-10-05_Alkmaar Zaanstreek - SC Telstar,2856577395,1,30,13,zjawy6qdzk3y69v5pa3zl2cb,SC Telstar,y1ky8sp8scl05mmfr7byy3md,J. Hardeveld,31.71,59.228,0,0.0,turnover,False,0.0
2025-10-05_Alkmaar Zaanstreek - SC Telstar,2856581655,1,33,18,3kfktv64h7kg7zryax1wktr5r,Alkmaar Zaanstreek,es363spp9pgd4hralx6ni2xw4,M. Chávez,36.96000000000001,58.956,0,0.0,turnover,False,0.0
2025-10-05_Alkmaar Zaanstreek - SC Telstar,2856585309,1,36,5,3kfktv64h7kg7zryax1wktr5r,Alkmaar Zaanstreek,es363spp9pgd4hralx6ni2xw4,M. Chávez,27.195,57.800000000000004,0,0.0,turnover,False,0.0
2025-10-05_Alkmaar Zaanstreek - SC Telstar,2856587867,1,37,59,zjawy6qdzk3y69v5pa3zl2cb,SC Telstar,cp866ucakmwqiwxrstkaxwgt0,N. Rossen,18.585,34.952,3,5.0,turnover,False,8.161436523698717e-06
2025-10-05_Alkmaar Zaanstreek - SC Telstar,2856588647,1,38,37,zjawy6qdzk3y69v5pa3zl2cb,SC Telstar,1k60tee702idfrp0ibca1s57u,G. Offerhaus,42.73500000000001,45.356,0,0.0,turnover,False,0.0
2025-10-05_Alkmaar Zaanstreek - SC Telstar,2856596461,1,44,57,3kfktv64h7kg7zryax1wktr5r,Alkmaar Zaanstreek,b94d67jluhh4076wp2se5fqsq,D. Kasius,20.790000000000003,35.088,1,0.0,turnover,False,0.0
2025-10-05_Alkmaar Zaanstreek - SC Telstar,2856625487,2,47,25,3kfktv64h7kg7zryax1wktr5r,Alkmaar Zaanstreek,9lixevzo8exxiia17altfw8ic,W. Goes,80.42999999999999,23.392,0,0.0,turnover,False,0.0
2025-10-05_Alkmaar Zaanstreek - SC Telstar,2856636217,2,60,29,3kfktv64h7kg7zryax1wktr5r,Alkmaar Zaanstreek,9lixevzo8exxiia17altfw8ic,W. Goes,55.545,18.632,1,1.0,turnover,False,0.0
2025-10-05_Alkmaar Zaanstreek - SC Telstar,2856637987,2,62,11,3kfktv64h7kg7zryax1wktr5r,Alkmaar Zaanstreek,7jpreaads35pnnfqbn7hmrmy,S. Mijnans,44.205000000000005,59.228,0,0.0,turnover,False,0.0
2025-10-05_Alkmaar Zaanstreek - SC Telstar,2856645585,2,70,3,zjawy6qdzk3y69v5pa3zl2cb,SC Telstar,52cqyvn8cfh83i5zwm3181pbe,T. Noslin,37.905,10.200000000000001,1,1.0,turnover,False,0.0
2025-10-05_Alkmaar Zaanstreek - SC Telstar,2856646375,2,70,50,zjawy6qdzk3y69v5pa3zl2cb,SC Telstar,y1ky8sp8scl05mmfr7byy3md,J. Hardeveld,32.13,48.144,3,9.0,window_expired,False,1.52859140498951e-05
2025-10-05_Alkmaar Zaanstreek - SC Telstar,2856651197,2,75,38,3kfktv64h7kg7zryax1wktr5r,Alkmaar Zaanstreek,7jpreaads35pnnfqbn7hmrmy,S. Mijnans,36.330000000000005,34.748000000000005,4,5.0,turnover,False,0.0002008362618726
2025-10-05_Alkmaar Zaanstreek - SC Telstar,2856651391,2,75,52,zjawy6qdzk3y69v5pa3zl2cb,SC Telstar,14csdlb8p0tnj6zqrs148ct1w,J. Ritmeester van de Kamp,45.78,58.344,4,5.0,turnover,False,1.3210291332846348e-05
2025-10-05_Alkmaar Zaanstreek - SC Telstar,2856651909,2,76,25,3kfktv64h7kg7zryax1wktr5r,Alkmaar Zaanstreek,7jpreaads35pnnfqbn7hmrmy,S. Mijnans,33.075,43.928,2,2.0,turnover,False,0.0
2025-10-05_Alkmaar Zaanstreek - SC Telstar,2856652185,2,76,41,zjawy6qdzk3y69v5pa3zl2cb,SC Telstar,6k6qt155b79yf36833pamwbxm,K. Tejan,59.115,21.216,1,1.0,turnover,False,0.0
2025-10-05_FC Twente - Heracles Almelo,2856273985,1,16,11,dac758ef858jbq7pcb3gfwite,Heracles Almelo,mlqit2c8my1ewqy6avrfhf8q,A. Van Hoorenbeeck,29.715000000000003,64.19200000000001,0,0.0,turnover,False,0.0
2025-10-05_FC Twente - Heracles Almelo,2856275167,1,19,40,dac758ef858jbq7pcb3gfwite,Heracles Almelo,5i0e7e59vav8ynqzt7qrvitt6,J. Hornkamp,78.855,37.468,0,0.0,turnover,False,0.0
2025-10-05_FC Twente - Heracles Almelo,2856278473,1,21,41,4tic29sox7m39fy1ztgv0jsiq,FC Twente,qobf1v5kwuz6hj2ooixfw4mi,B. van Rooij,31.71,2.04,0,0.0,turnover,False,0.0
2025-10-05_FC Twente - Heracles Almelo,2856276411,1,22,43,dac758ef858jbq7pcb3gfwite,Heracles Almelo,e3akocgpppdty3ayxty1gf6xh,D. Mirani,68.355,46.51200000000001,1,2.0,turnover,False,0.0
2025-10-05_FC Twente - Heracles Almelo,2856277985,1,26,17,dac758ef858jbq7pcb3gfwite,Heracles Almelo,96om2im2vd1621ajcexlyekno,T. van Gilst,50.714999999999996,50.048,0,0.0,turnover,False,0.0
2025-10-05_FC Twente - Heracles Almelo,2856278315,1,26,59,dac758ef858jbq7pcb3gfwite,Heracles Almelo,6ok4k757utbtswx5618xffsru,I. Mesík,48.825,57.664,4,10.0,window_expired,False,0.007526207828551
2025-10-05_FC Twente - Heracles Almelo,2856279451,1,29,59,4tic29sox7m39fy1ztgv0jsiq,FC Twente,a339o11ut8s1o9odm6ybc4pka,T. van den Belt,49.56,58.956,0,0.0,turnover,False,0.0
2025-10-05_FC Twente - Heracles Almelo,2856280873,1,33,59,dac758ef858jbq7pcb3gfwite,Heracles Almelo,bzsoq42nf6sgdh9oe64n7rnfu,B. Limbombe,39.58500000000001,12.444,0,0.0,turnover,False,0.0
2025-10-05_FC Twente - Heracles Almelo,2856302699,2,48,27,4tic29sox7m39fy1ztgv0jsiq,FC Twente,dc119ejc7lls2rd3ywigl2smi,R. Zerrouki,51.660000000000004,20.672,4,7.0,window_expired,False,2.3430224241324796e-05
2025-10-05_FC Twente - Heracles Almelo,2856303235,2,49,0,dac758ef858jbq7pcb3gfwite,Heracles Almelo,do5gstk4ks97daehnudehyjxm,J. Žambůrek,30.975,31.688000000000002,2,1.0,turnover,False,0.0
2025-10-05_FC Twente - Heracles Almelo,2857161561,2,49,3,4tic29sox7m39fy1ztgv0jsiq,FC Twente,6wwk8y9mklkh8x606ynhe1lp0,S. Ørjasæter,54.915,46.51200000000001,4,10.0,window_expired,False,4.655485929137837e-05
2025-10-05_FC Twente - Heracles Almelo,2856306081,2,52,0,dac758ef858jbq7pcb3gfwite,Heracles Almelo,5i0e7e59vav8ynqzt7qrvitt6,J. Hornkamp,64.995,62.016000000000005,1,2.0,turnover,False,0.0
2025-10-05_FC Twente - Heracles Almelo,2856309859,2,56,8,4tic29sox7m39fy1ztgv0jsiq,FC Twente,dc119ejc7lls2rd3ywigl2smi,R. Zerrouki,34.755,44.47200000000001,4,10.0,window_expired,False,0.00010915652930544584
2025-10-05_FC Twente - Heracles Almelo,2857165401,2,56,31,dac758ef858jbq7pcb3gfwite,Heracles Almelo,69gzswoym4jqnrag1wdqfdkyy,J. Wieckhoff,57.015,25.092000000000002,3,9.0,window_expired,False,0.0006352781985612
2025-10-05_FC Twente - Heracles Almelo,2856310739,2,57,0,4tic29sox7m39fy1ztgv0jsiq,FC Twente,qobf1v5kwuz6hj2ooixfw4mi,B. van Rooij,44.83500000000001,9.588000000000001,0,0.0,turnover,False,0.0
2025-10-05_FC Twente - Heracles Almelo,2856317365,2,63,52,dac758ef858jbq7pcb3gfwite,Heracles Almelo,69gzswoym4jqnrag1wdqfdkyy,J. Wieckhoff,46.095,3.3320000000000003,1,1.0,turnover,False,0.0
2025-10-05_FC Twente - Heracles Almelo,2856317681,2,64,13,dac758ef858jbq7pcb3gfwite,Heracles Almelo,e3akocgpppdty3ayxty1gf6xh,D. Mirani,3.57,34.272,0,0.0,turnover,False,0.0
2025-10-05_FC Twente - Heracles Almelo,2856321571,2,69,19,dac758ef858jbq7pcb3gfwite,Heracles Almelo,e3akocgpppdty3ayxty1gf6xh,D. Mirani,27.195,19.856,0,0.0,turnover,False,0.0
2025-10-05_FC Twente - Heracles Almelo,2856323267,2,72,2,4tic29sox7m39fy1ztgv0jsiq,FC Twente,5r47vtvu418kae5j2rpv6w2dw,M. Rots,35.385000000000005,53.244,2,1.0,turnover,False,0.0
2025-10-05_FC Twente - Heracles Almelo,2856327395,2,77,44,dac758ef858jbq7pcb3gfwite,Heracles Almelo,2zwe056wfzof0v5jv01dv9uc5,A. Hrustić,15.015,30.872,0,0.0,turnover,False,0.0
2025-10-05_Feyenoord Rotterdam - FC Utrecht,2856381873,1,12,52,ccpscwdcm65czscrun048ecn5,FC Utrecht,dmnk8dz6w8n4fcso88fuvusfe,Zidane Iqbal,52.605000000000004,55.760000000000005,2,2.0,turnover,False,0.0
2025-10-05_Feyenoord Rotterdam - FC Utrecht,2856384595,1,14,53,ccpscwdcm65czscrun048ecn5,FC Utrecht,c2an5ksdu6jbap3x3jp3z9c5x,N. Viergever,6.720000000000001,54.876000000000005,4,5.0,turnover,False,0.0
2025-10-05_Feyenoord Rotterdam - FC Utrecht,2856384869,1,15,5,ccpscwdcm65czscrun048ecn5,FC Utrecht,dmnk8dz6w8n4fcso88fuvusfe,Zidane Iqbal,36.015,60.656000000000006,2,0.0,turnover,False,0.0
2025-10-05_Feyenoord Rotterdam - FC Utrecht,2856384895,1,15,6,20vymiy7bo8wkyxai3ew494fz,Feyenoord Rotterdam,8d0ffyx2qnnp0limf5aou92ei,A. Ueda,71.715,20.196,3,8.0,window_expired,False,0.0022227483341478
2025-10-05_Feyenoord Rotterdam - FC Utrecht,2856385483,1,15,34,ccpscwdcm65czscrun048ecn5,FC Utrecht,3ypxn1nvgv8e321sq5394w3my,M. Didden,24.78,22.44,0,0.0,turnover,False,0.0
2025-10-05_Feyenoord Rotterdam - FC Utrecht,2857173979,1,23,40,ccpscwdcm65czscrun048ecn5,FC Utrecht,dmnk8dz6w8n4fcso88fuvusfe,Zidane Iqbal,21.735,41.752,1,2.0,turnover,False,0.0
2025-10-05_Feyenoord Rotterdam - FC Utrecht,2856394747,1,27,0,20vymiy7bo8wkyxai3ew494fz,Feyenoord Rotterdam,447abno2j0ux8fsxzs6fel7th,A. Ahmedhodžić,45.78,26.588000000000005,5,10.0,window_expired,False,0.0009197787392245
2025-10-05_Feyenoord Rotterdam - FC Utrecht,2856398121,1,29,59,ccpscwdcm65czscrun048ecn5,FC Utrecht,9ano8w4jrlk6zq92rxchzaru2,Miguel Rodríguez,36.12,24.48,0,0.0,turnover,False,0.0
2025-10-05_Feyenoord Rotterdam - FC Utrecht,2856400907,1,31,57,ccpscwdcm65czscrun048ecn5,FC Utrecht,2t2mq9pun2hrdvadnpixxvlzo,A. Blake,28.56,45.696000000000005,1,0.0,turnover,False,0.0
2025-10-05_Feyenoord Rotterdam - FC Utrecht,2856413229,1,39,17,ccpscwdcm65czscrun048ecn5,FC Utrecht,3ypxn1nvgv8e321sq5394w3my,M. Didden,30.66,14.96,0,0.0,turnover,False,0.0
2025-10-05_Feyenoord Rotterdam - FC Utrecht,2856454417,2,47,34,ccpscwdcm65czscrun048ecn5,FC Utrecht,c2an5ksdu6jbap3x3jp3z9c5x,N. Viergever,31.290000000000003,65.348,1,2.0,turnover,False,0.0
2025-10-05_Feyenoord Rotterdam - FC Utrecht,2856458873,2,50,52,20vymiy7bo8wkyxai3ew494fz,Feyenoord Rotterdam,dwyl0yii553i57u7azfa7d15g,A. Hadj Moussa,62.05500000000001,18.564,0,0.0,turnover,False,0.0
2025-10-05_Feyenoord Rotterdam - FC Utrecht,2856469607,2,58,30,ccpscwdcm65czscrun048ecn5,FC Utrecht,7o8auo4uu5mzh7f4a44ucdf8q,D. Min,58.275000000000006,8.228,0,0.0,turnover,False,0.0
2025-10-05_Feyenoord Rotterdam - FC Utrecht,2856496103,2,81,47,ccpscwdcm65czscrun048ecn5,FC Utrecht,2t2mq9pun2hrdvadnpixxvlzo,A. Blake,14.490000000000002,48.824,3,9.0,window_expired,False,0.014685895338954452
2025-10-05_Feyenoord Rotterdam - FC Utrecht,2856503069,2,86,19,ccpscwdcm65czscrun048ecn5,FC Utrecht,3ypxn1nvgv8e321sq5394w3my,M. Didden,16.59,18.836000000000002,1,1.0,turnover,False,0.0
2025-10-05_Feyenoord Rotterdam - FC Utrecht,2856509245,2,90,42,20vymiy7bo8wkyxai3ew494fz,Feyenoord Rotterdam,447abno2j0ux8fsxzs6fel7th,A. Ahmedhodžić,61.425000000000004,20.808000000000003,0,0.0,turnover,False,0.0
2025-10-05_Feyenoord Rotterdam - FC Utrecht,2856509849,2,91,12,20vymiy7bo8wkyxai3ew494fz,Feyenoord Rotterdam,8f3bhiy6r5eei1n25exhbwr8p,J. Lotomba,17.01,4.896000000000001,4,5.0,turnover,False,0.0
2025-10-05_Go Ahead Eagles - Nijmegen Eendracht Combinatie,2856761095,1,3,2,8iawijq7s9s6d85mjz8wdslki,Nijmegen Eendracht Combinatie,247ipjjd0cak2sggwbuorx4yy,B. Pereira,34.125,15.98,2,3.0,turnover,False,0.0
2025-10-05_Go Ahead Eagles - Nijmegen Eendracht Combinatie,2856788857,1,29,52,b79uipsy57y1jqpy07h4i5ovk,Go Ahead Eagles,9d4lofwg9ooaoldw2vpt4h36y,E. Linthorst,27.825000000000003,34.34,0,0.0,turnover,False,0.0
2025-10-05_Go Ahead Eagles - Nijmegen Eendracht Combinatie,2856793085,1,34,21,8iawijq7s9s6d85mjz8wdslki,Nijmegen Eendracht Combinatie,dse071e8zbzm8l37m64g6e1p0,K. Sano,8.085,24.14,0,0.0,turnover,False,0.0
2025-10-05_Go Ahead Eagles - Nijmegen Eendracht Combinatie,2856830027,2,54,34,8iawijq7s9s6d85mjz8wdslki,Nijmegen Eendracht Combinatie,247ipjjd0cak2sggwbuorx4yy,B. Pereira,56.49,18.224,1,2.0,turnover,False,0.0
2025-10-05_Go Ahead Eagles - Nijmegen Eendracht Combinatie,2856836275,2,62,39,b79uipsy57y1jqpy07h4i5ovk,Go Ahead Eagles,ciguyr553yqapqfudim9af46h,M. Deijl,19.740000000000002,4.284,0,0.0,turnover,False,0.0
2025-10-05_Go Ahead Eagles - Nijmegen Eendracht Combinatie,2856845667,2,75,59,b79uipsy57y1jqpy07h4i5ovk,Go Ahead Eagles,d8cxurdt9g5gezqlfwae7ooru,M. Meulensteen,41.055,8.024000000000001,0,0.0,turnover,False,0.0
2025-10-05_Go Ahead Eagles - Nijmegen Eendracht Combinatie,2856853781,2,87,14,8iawijq7s9s6d85mjz8wdslki,Nijmegen Eendracht Combinatie,8624hqd4nlbzcoqsetvsvla8k,D. Fonville,4.515,46.376000000000005,1,1.0,turnover,False,0.0
2025-10-05_Go Ahead Eagles - Nijmegen Eendracht Combinatie,2856856259,2,91,7,8iawijq7s9s6d85mjz8wdslki,Nijmegen Eendracht Combinatie,8624hqd4nlbzcoqsetvsvla8k,D. Fonville,20.37,54.74,2,3.0,turnover,False,0.0
2025-10-05_Go Ahead Eagles - Nijmegen Eendracht Combinatie,2856859509,2,96,37,8iawijq7s9s6d85mjz8wdslki,Nijmegen Eendracht Combinatie,8kydif03gk6apce8xwl9w3ht5,T. Ouwejan,8.925,46.376000000000005,1,1.0,turnover,False,0.0
2025-10-18_AFC Ajax - Alkmaar Zaanstreek,2860823471,1,3,10,d0zdg647gvgc95xdtk1vpbkys,AFC Ajax,4n18t6bixl6ba3bx76hym51qs,A. Gaaei,45.57,9.044,3,7.0,window_expired,False,0.0
2025-10-18_AFC Ajax - Alkmaar Zaanstreek,2860800185,1,24,45,d0zdg647gvgc95xdtk1vpbkys,AFC Ajax,7dkhv2l8y6jq20l1dc2ye17je,O. Edvardsen,5.565,36.992000000000004,0,0.0,turnover,False,0.0
2025-10-18_AFC Ajax - Alkmaar Zaanstreek,2860811871,1,36,40,d0zdg647gvgc95xdtk1vpbkys,AFC Ajax,9tp35qqu1heburu0g5wa6jv56,Lucas Rosa,53.025000000000006,56.916000000000004,3,4.0,turnover,False,0.0260096204577216
2025-10-18_AFC Ajax - Alkmaar Zaanstreek,2860830983,2,45,9,d0zdg647gvgc95xdtk1vpbkys,AFC Ajax,9tp35qqu1heburu0g5wa6jv56,Lucas Rosa,29.715000000000003,55.964,0,0.0,turnover,False,0.0
2025-10-18_AFC Ajax - Alkmaar Zaanstreek,2860831247,2,45,34,3kfktv64h7kg7zryax1wktr5r,Alkmaar Zaanstreek,9lixevzo8exxiia17altfw8ic,W. Goes,55.755,19.448000000000004,1,2.0,turnover,False,0.0
2025-10-18_AFC Ajax - Alkmaar Zaanstreek,2860831331,2,45,41,3kfktv64h7kg7zryax1wktr5r,Alkmaar Zaanstreek,3dx91sb6ktg8z1xmoti25kru,P. Koopmeiners,63.42,14.416,0,0.0,turnover,False,0.0
2025-10-18_AFC Ajax - Alkmaar Zaanstreek,2860832263,2,46,58,3kfktv64h7kg7zryax1wktr5r,Alkmaar Zaanstreek,b94d67jluhh4076wp2se5fqsq,D. Kasius,32.655,12.512,2,1.0,turnover,False,0.0001456986950688
2025-10-18_AFC Ajax - Alkmaar Zaanstreek,2860842885,2,59,26,d0zdg647gvgc95xdtk1vpbkys,AFC Ajax,baakmd4ndnulbl9npvmq90mvp,D. Klaassen,70.03500000000001,54.53600000000001,2,1.0,turnover,False,0.0
2025-10-18_AFC Ajax - Alkmaar Zaanstreek,2860844091,2,60,45,3kfktv64h7kg7zryax1wktr5r,Alkmaar Zaanstreek,3dx91sb6ktg8z1xmoti25kru,P. Koopmeiners,63.63,21.692,0,0.0,turnover,False,0.0
2025-10-18_AFC Ajax - Alkmaar Zaanstreek,2860849709,2,66,52,3kfktv64h7kg7zryax1wktr5r,Alkmaar Zaanstreek,59ynmlwky3h6m9g2r7a8igi96,T. Parrott,41.685,25.976000000000003,4,4.0,turnover,False,2.8424408927016365e-05
2025-10-18_AFC Ajax - Alkmaar Zaanstreek,2860865447,2,84,1,d0zdg647gvgc95xdtk1vpbkys,AFC Ajax,9tp35qqu1heburu0g5wa6jv56,Lucas Rosa,9.870000000000001,48.75600000000001,0,0.0,turnover,False,0.0
2025-10-18_FC Utrecht - FC Volendam,2860645029,1,1,53,6g9qrm72224jrk6tkxxxi8a9n,FC Volendam,dej8tywq0npvbm25sfgtqur1m,O. Kökçü,53.865,65.552,0,0.0,turnover,False,0.0
2025-10-18_FC Utrecht - FC Volendam,2860654895,1,10,49,6g9qrm72224jrk6tkxxxi8a9n,FC Volendam,28rtnolu3a2au3on0jtwzhu6s,P. Ugwu,44.625,5.984000000000001,3,4.0,turnover,False,0.0018664248866807
2025-10-18_FC Utrecht - FC Volendam,2860654983,1,10,56,ccpscwdcm65czscrun048ecn5,FC Utrecht,4ej8uchqe3rt1s5h6phjo3310,G. Zechiël,12.81,37.468,0,0.0,turnover,False,0.0
2025-10-18_FC Utrecht - FC Volendam,2860661429,1,16,40,ccpscwdcm65czscrun048ecn5,FC Utrecht,enimk3ibb10vk3f8vrmmhq7oq,S. El Karouani,10.709999999999999,32.164,0,0.0,turnover,False,0.0
2025-10-18_FC Utrecht - FC Volendam,2860699821,1,17,1,ccpscwdcm65czscrun048ecn5,FC Utrecht,4ej8uchqe3rt1s5h6phjo3310,G. Zechiël,29.19,38.556000000000004,7,10.0,window_expired,False,0.0005547507394588672
2025-10-18_FC Utrecht - FC Volendam,2860691995,1,44,40,6g9qrm72224jrk6tkxxxi8a9n,FC Volendam,xvher4f1mb6otoui5k5gs3ro,N. Bukala,24.885,55.080000000000005,0,0.0,turnover,False,0.0
2025-10-18_FC Utrecht - FC Volendam,2860716267,2,51,0,6g9qrm72224jrk6tkxxxi8a9n,FC Volendam,4utx4h5jz14whtjawxn7ox0r8,N. Verschuren,59.325,66.30000000000001,1,1.0,turnover,False,0.0
2025-10-18_FC Utrecht - FC Volendam,2861519379,2,53,29,ccpscwdcm65czscrun048ecn5,FC Utrecht,4ej8uchqe3rt1s5h6phjo3310,G. Zechiël,69.825,43.79200000000001,0,0.0,turnover,False,0.0
2025-10-18_FC Utrecht - FC Volendam,2860718333,2,53,43,6g9qrm72224jrk6tkxxxi8a9n,FC Volendam,4utx4h5jz14whtjawxn7ox0r8,N. Verschuren,34.755,40.868,4,8.0,turnover,False,0.0176480778311335
2025-10-18_FC Utrecht - FC Volendam,2860721801,2,57,24,ccpscwdcm65czscrun048ecn5,FC Utrecht,aafz6q5ggn9e6m5hprc71lgph,M. van der Hoorn,20.055000000000003,26.792,0,0.0,turnover,False,0.0
2025-10-18_FC Utrecht - FC Volendam,2860723621,2,59,8,6g9qrm72224jrk6tkxxxi8a9n,FC Volendam,6bklt91zc5vietmdc8r31zl2i,D. Payne,17.01,29.784,1,0.0,turnover,False,0.0
2025-10-18_FC Utrecht - FC Volendam,2860734187,2,68,26,6g9qrm72224jrk6tkxxxi8a9n,FC Volendam,eu901b75l2ly5p48jdw6kwmad,M. Amevor,32.97,45.084,1,6.0,window_expired,False,0.0
2025-10-18_FC Utrecht - FC Volendam,2860735071,2,69,19,ccpscwdcm65czscrun048ecn5,FC Utrecht,aafz6q5ggn9e6m5hprc71lgph,M. van der Hoorn,20.37,25.432000000000002,1,1.0,turnover,False,0.0
2025-10-18_FC Utrecht - FC Volendam,2860745649,2,78,46,6g9qrm72224jrk6tkxxxi8a9n,FC Volendam,ealh7n21gctxxw5ol3l3yxzze,Y. Leliendal,19.635,44.948,0,0.0,turnover,False,0.0
2025-10-18_FC Utrecht - FC Volendam,2860746551,2,79,44,ccpscwdcm65czscrun048ecn5,FC Utrecht,9ano8w4jrlk6zq92rxchzaru2,Miguel Rodríguez,32.76,17.204,6,10.0,window_expired,False,0.0006390009543321607
2025-10-18_NAC Breda - PEC Zwolle,2860787003,1,13,6,2uuh2bir8ktof0uxfo06lb4ox,PEC Zwolle,1rd0zzpp3dn0y7qtxwc57g7h1,R. Thomas,41.685,44.88,5,8.0,window_expired,False,0.0004309249501985
2025-10-18_NAC Breda - PEC Zwolle,2860788955,1,14,46,2uuh2bir8ktof0uxfo06lb4ox,PEC Zwolle,1rd0zzpp3dn0y7qtxwc57g7h1,R. Thomas,74.55,6.324000000000001,2,1.0,turnover,False,0.0
2025-10-18_NAC Breda - PEC Zwolle,2860788995,1,14,48,59t7flioj4w4mpwnrwbm0m8ck,NAC Breda,3c2wqlde0kovi9hii52egaimt,L. Holtby,34.86000000000001,54.74,1,3.0,turnover,False,0.0
2025-10-18_NAC Breda - PEC Zwolle,2860793953,1,19,15,2uuh2bir8ktof0uxfo06lb4ox,PEC Zwolle,cstlool8c2aoty5vhx77t4q38,J. Faberski,23.31,6.732000000000001,4,3.0,turnover,False,0.0006897012206814
2025-10-18_NAC Breda - PEC Zwolle,2860794903,1,20,5,59t7flioj4w4mpwnrwbm0m8ck,NAC Breda,37c696bwovmn1x8lc8z4wp53o,C. Valerius,29.61,9.452000000000002,0,0.0,turnover,False,0.0
2025-10-18_NAC Breda - PEC Zwolle,2860803295,1,28,45,59t7flioj4w4mpwnrwbm0m8ck,NAC Breda,64x38pccgfsuz4ywoveh2ksbu,L. Greiml,36.015,17.068,1,1.0,turnover,False,0.0
2025-10-18_NAC Breda - PEC Zwolle,2860807953,1,33,14,2uuh2bir8ktof0uxfo06lb4ox,PEC Zwolle,9ugpnnovqttl8lguv7wdyiezu,S. Graves,62.475,18.496000000000002,2,1.0,turnover,False,0.0
2025-10-18_NAC Breda - PEC Zwolle,2860831179,2,47,7,59t7flioj4w4mpwnrwbm0m8ck,NAC Breda,3c2wqlde0kovi9hii52egaimt,L. Holtby,43.68000000000001,15.844000000000001,3,7.0,turnover,False,0.0014031115432324
2025-10-18_NAC Breda - PEC Zwolle,2860839583,2,57,25,59t7flioj4w4mpwnrwbm0m8ck,NAC Breda,7qwmlcxsxlxmq01g7dkt7v14a,M. Balard,44.625,8.772,2,2.0,turnover,False,0.0
2025-10-18_NAC Breda - PEC Zwolle,2860846893,2,65,27,59t7flioj4w4mpwnrwbm0m8ck,NAC Breda,969cpy2geokwer9gjapk7zj3e,R. Hillen,18.480000000000004,45.56,2,3.0,turnover,False,0.0
2025-10-18_NAC Breda - PEC Zwolle,2860847569,2,66,12,2uuh2bir8ktof0uxfo06lb4ox,PEC Zwolle,5mqog8k9eyi248jvrrp9fo8wk,N. Fichtinger,60.06,19.448000000000004,4,7.0,turnover,False,0.0
2025-10-18_NAC Breda - PEC Zwolle,2860864933,2,85,6,59t7flioj4w4mpwnrwbm0m8ck,NAC Breda,969cpy2geokwer9gjapk7zj3e,R. Hillen,59.955000000000005,59.43200000000001,3,9.0,window_expired,False,0.0046846374967392
2025-10-18_Nijmegen Eendracht Combinatie - FC Twente,2860449929,1,6,26,4tic29sox7m39fy1ztgv0jsiq,FC Twente,3xlkchrk28u0cb620cajre1hw,R. Nijstad,48.93000000000001,35.088,4,8.0,window_expired,False,0.0006988559045272326
2025-10-18_Nijmegen Eendracht Combinatie - FC Twente,2860454311,1,9,54,8iawijq7s9s6d85mjz8wdslki,Nijmegen Eendracht Combinatie,1asrguqxyo7rmoyamggwd9oq2,A. Kaplan,68.67000000000002,49.368,4,5.0,window_expired,False,0.0049575260410613005
2025-10-18_Nijmegen Eendracht Combinatie - FC Twente,2860460587,1,16,22,4tic29sox7m39fy1ztgv0jsiq,FC Twente,36veg0wk1z3om89daf0clbl5h,R. van Wolfswinkel,38.955000000000005,25.364,2,4.0,turnover,False,0.0
2025-10-18_Nijmegen Eendracht Combinatie - FC Twente,2860463089,1,18,30,4tic29sox7m39fy1ztgv0jsiq,FC Twente,5r47vtvu418kae5j2rpv6w2dw,M. Rots,54.39,52.768,0,0.0,turnover,False,0.0
2025-10-18_Nijmegen Eendracht Combinatie - FC Twente,2860482775,1,27,17,8iawijq7s9s6d85mjz8wdslki,Nijmegen Eendracht Combinatie,dse071e8zbzm8l37m64g6e1p0,K. Sano,35.385000000000005,52.768,1,1.0,turnover,False,0.0
2025-10-18_Nijmegen Eendracht Combinatie - FC Twente,2860496501,1,33,11,8iawijq7s9s6d85mjz8wdslki,Nijmegen Eendracht Combinatie,8kydif03gk6apce8xwl9w3ht5,T. Ouwejan,16.38,43.18,0,0.0,turnover,False,0.0
2025-10-18_Nijmegen Eendracht Combinatie - FC Twente,2860502839,1,36,7,4tic29sox7m39fy1ztgv0jsiq,FC Twente,5r47vtvu418kae5j2rpv6w2dw,M. Rots,29.19,60.11200000000001,2,0.0,turnover,False,0.0
2025-10-18_Nijmegen Eendracht Combinatie - FC Twente,2860502891,1,36,9,8iawijq7s9s6d85mjz8wdslki,Nijmegen Eendracht Combinatie,1asrguqxyo7rmoyamggwd9oq2,A. Kaplan,61.11000000000001,24.616000000000003,0,0.0,turnover,False,0.0
2025-10-18_Nijmegen Eendracht Combinatie - FC Twente,2860569419,2,46,14,4tic29sox7m39fy1ztgv0jsiq,FC Twente,a339o11ut8s1o9odm6ybc4pka,T. van den Belt,37.48500000000001,57.25600000000001,0,0.0,turnover,False,0.0
2025-10-18_Nijmegen Eendracht Combinatie - FC Twente,2860574421,2,48,29,4tic29sox7m39fy1ztgv0jsiq,FC Twente,5r47vtvu418kae5j2rpv6w2dw,M. Rots,27.405,53.788,2,2.0,turnover,False,0.0
2025-10-18_Nijmegen Eendracht Combinatie - FC Twente,2860575945,2,49,10,8iawijq7s9s6d85mjz8wdslki,Nijmegen Eendracht Combinatie,4kns22wbu3emy5oxbpr52rdud,E. Dasa,28.980000000000004,5.1000000000000005,0,0.0,turnover,False,0.0
2025-10-18_Nijmegen Eendracht Combinatie - FC Twente,2860595687,2,64,38,8iawijq7s9s6d85mjz8wdslki,Nijmegen Eendracht Combinatie,2yivr64anye4c0p62m16l78yc,S. Ouaissa,35.805,22.848000000000003,0,0.0,turnover,False,0.0
2025-10-18_PSV Eindhoven - Go Ahead Eagles,2860642281,1,2,28,24fvcruwqrqvqa3aonf8c3zuy,PSV Eindhoven,c6ip6gwp8yvchd1n3dv42go9,Mauro Júnior,63.63,8.772,0,0.0,turnover,False,0.0
2025-10-18_PSV Eindhoven - Go Ahead Eagles,2860655783,1,14,29,b79uipsy57y1jqpy07h4i5ovk,Go Ahead Eagles,1q0v3qpciql8rkyz4qrlvbuju,J. Breum,74.025,2.244,0,0.0,turnover,False,0.0
2025-10-18_PSV Eindhoven - Go Ahead Eagles,2860661781,1,19,44,b79uipsy57y1jqpy07h4i5ovk,Go Ahead Eagles,bn8dwm2y9a8i9a10rba3dmm3u,D. James,58.589999999999996,63.308,2,1.0,turnover,False,0.0
2025-10-18_PSV Eindhoven - Go Ahead Eagles,2860663245,1,20,47,24fvcruwqrqvqa3aonf8c3zuy,PSV Eindhoven,biee6dvb524juzai7iryyskix,D. Man,70.455,9.724000000000002,2,4.0,turnover,False,0.0
2025-10-18_PSV Eindhoven - Go Ahead Eagles,2860668603,1,25,23,b79uipsy57y1jqpy07h4i5ovk,Go Ahead Eagles,1mroid71v9bwpx0iaospei9gq,R. Margaret,40.214999999999996,47.124,4,7.0,window_expired,False,0.0006536957827356
2025-10-18_PSV Eindhoven - Go Ahead Eagles,2860685353,1,39,54,24fvcruwqrqvqa3aonf8c3zuy,PSV Eindhoven,b0me6l44boibnwpbtasxoy02x,S. Dest,16.38,31.96,0,0.0,turnover,False,0.0
2025-10-18_PSV Eindhoven - Go Ahead Eagles,2860686517,1,41,17,b79uipsy57y1jqpy07h4i5ovk,Go Ahead Eagles,61a5bh5xw947nv4mxx62gqaqx,J. Kramer,40.53,44.608,1,2.0,turnover,False,0.0
2025-10-18_PSV Eindhoven - Go Ahead Eagles,2860708551,2,45,23,b79uipsy57y1jqpy07h4i5ovk,Go Ahead Eagles,d8cxurdt9g5gezqlfwae7ooru,M. Meulensteen,62.370000000000005,56.1,1,2.0,turnover,False,0.0
2025-10-18_PSV Eindhoven - Go Ahead Eagles,2860710541,2,47,19,24fvcruwqrqvqa3aonf8c3zuy,PSV Eindhoven,d4j19ipiaeuetyij08fofgs15,J. Veerman,80.64,42.024,3,2.0,turnover,False,0.0654195765771604
2025-10-18_PSV Eindhoven - Go Ahead Eagles,2860715579,2,47,45,b79uipsy57y1jqpy07h4i5ovk,Go Ahead Eagles,d8cxurdt9g5gezqlfwae7ooru,M. Meulensteen,14.700000000000001,36.312000000000005,1,2.0,turnover,False,0.0
2025-10-18_PSV Eindhoven - Go Ahead Eagles,2860712287,2,49,1,b79uipsy57y1jqpy07h4i5ovk,Go Ahead Eagles,d8cxurdt9g5gezqlfwae7ooru,M. Meulensteen,49.455000000000005,52.632000000000005,2,4.0,window_expired,False,0.0056690511746567
2025-10-18_PSV Eindhoven - Go Ahead Eagles,2860719903,2,58,13,b79uipsy57y1jqpy07h4i5ovk,Go Ahead Eagles,2ekx0fvuf0dsat062oj430d05,G. Nauber,57.015,26.180000000000003,5,9.0,window_expired,False,0.004207034470437686
2025-10-18_PSV Eindhoven - Go Ahead Eagles,2860720391,2,58,41,24fvcruwqrqvqa3aonf8c3zuy,PSV Eindhoven,dxmulnxbs11kpi1goq5hl9cve,A. Salah-Eddine,15.75,64.396,0,0.0,turnover,False,0.0
2025-10-18_PSV Eindhoven - Go Ahead Eagles,2860724661,2,62,43,b79uipsy57y1jqpy07h4i5ovk,Go Ahead Eagles,d8cxurdt9g5gezqlfwae7ooru,M. Meulensteen,74.865,18.972,1,0.0,turnover,False,0.0
2025-10-18_PSV Eindhoven - Go Ahead Eagles,2860726223,2,64,4,24fvcruwqrqvqa3aonf8c3zuy,PSV Eindhoven,d4j19ipiaeuetyij08fofgs15,J. Veerman,49.77,58.412000000000006,4,9.0,window_expired,False,0.0027299415919182
2025-10-18_PSV Eindhoven - Go Ahead Eagles,2860732717,2,69,39,24fvcruwqrqvqa3aonf8c3zuy,PSV Eindhoven,5lvdnoyknuoyr6kdruposgctl,J. Schouten,18.165000000000003,32.504,4,8.0,turnover,False,0.00025511667273042605
2025-10-18_PSV Eindhoven - Go Ahead Eagles,2860743419,2,79,22,24fvcruwqrqvqa3aonf8c3zuy,PSV Eindhoven,dxmulnxbs11kpi1goq5hl9cve,A. Salah-Eddine,68.14500000000001,63.24,0,0.0,turnover,False,0.0
2025-10-18_PSV Eindhoven - Go Ahead Eagles,2860752173,2,88,44,24fvcruwqrqvqa3aonf8c3zuy,PSV Eindhoven,5lvdnoyknuoyr6kdruposgctl,J. Schouten,18.900000000000002,10.812000000000001,5,8.0,window_expired,False,0.00022384915996907532
2025-10-18_PSV Eindhoven - Go Ahead Eagles,2860752995,2,89,41,24fvcruwqrqvqa3aonf8c3zuy,PSV Eindhoven,cmdeqxibr6holfqg17ap9uihg,Yarek Gąsiorowski,56.175000000000004,59.43200000000001,3,3.0,turnover,False,0.0
2025-10-18_PSV Eindhoven - Go Ahead Eagles,2860753097,2,89,48,b79uipsy57y1jqpy07h4i5ovk,Go Ahead Eagles,eytcfp4cu6qkar65kf0p5rm96,J. Dirksen,31.71,36.516000000000005,0,0.0,turnover,False,0.0
2025-10-18_PSV Eindhoven - Go Ahead Eagles,2860755551,2,92,35,b79uipsy57y1jqpy07h4i5ovk,Go Ahead Eagles,61a5bh5xw947nv4mxx62gqaqx,J. Kramer,28.980000000000004,51.61200000000001,1,2.0,turnover,False,0.0
2025-10-19_FC Groningen - Sparta Rotterdam,2861263979,1,11,53,89w5c6pw7vn0dxypi61tt0g4k,Sparta Rotterdam,ccmmsnrfn58gwi1petlp08f3e,L. Duijvestijn,38.955000000000005,39.57600000000001,3,10.0,window_expired,False,0.0006134038308843527
2025-10-19_FC Groningen - Sparta Rotterdam,2861276163,1,26,52,cos9hxi16eitbcbthof7zrm4m,FC Groningen,98qi4clazqen9kimkxt3jb6j9,M. Peersman,26.145,60.248,2,2.0,turnover,False,0.0
2025-10-19_FC Groningen - Sparta Rotterdam,2861277069,1,28,21,89w5c6pw7vn0dxypi61tt0g4k,Sparta Rotterdam,ely6vpyueden4b6ozfmspwgk5,J. Toornstra,18.27,58.412000000000006,0,0.0,turnover,False,0.0
2025-10-19_FC Groningen - Sparta Rotterdam,2861281559,1,32,39,89w5c6pw7vn0dxypi61tt0g4k,Sparta Rotterdam,6ab5gq2owk86qs5zjottfhwmi,T. Quintero,45.36000000000001,53.108,5,10.0,window_expired,False,0.00014910749769764253
2025-10-19_FC Groningen - Sparta Rotterdam,2861300977,1,45,37,89w5c6pw7vn0dxypi61tt0g4k,Sparta Rotterdam,byirjks50zw1eefkcy8p4hd5h,B. Martins Indi,58.17,43.928,0,0.0,turnover,False,0.0
2025-10-19_FC Groningen - Sparta Rotterdam,2861327799,2,48,20,89w5c6pw7vn0dxypi61tt0g4k,Sparta Rotterdam,f07qmqesi1rpw7eapoz9rb0gk,J. Baas,38.010000000000005,13.056000000000001,1,3.0,turnover,False,0.0
2025-10-19_FC Groningen - Sparta Rotterdam,2861356235,2,65,38,89w5c6pw7vn0dxypi61tt0g4k,Sparta Rotterdam,f57vs3qmmob743hdk2dxf56cq,S. Sambo,27.405,11.696,0,0.0,turnover,False,0.0
2025-10-19_FC Groningen - Sparta Rotterdam,2861352213,2,71,58,cos9hxi16eitbcbthof7zrm4m,FC Groningen,1c4fzmrwmlwaqmqomge14rqc4,D. Janse,21.105000000000004,10.812000000000001,0,0.0,turnover,False,0.0
2025-10-19_FC Groningen - Sparta Rotterdam,2861359331,2,78,13,cos9hxi16eitbcbthof7zrm4m,FC Groningen,1c4fzmrwmlwaqmqomge14rqc4,D. Janse,27.930000000000003,17.612000000000002,0,0.0,turnover,False,0.0
2025-10-19_FC Groningen - Sparta Rotterdam,2861379817,2,92,58,89w5c6pw7vn0dxypi61tt0g4k,Sparta Rotterdam,f07qmqesi1rpw7eapoz9rb0gk,J. Baas,63.0,10.676,2,4.0,turnover,False,0.0
2025-10-19_FC Groningen - Sparta Rotterdam,2861382773,2,95,28,89w5c6pw7vn0dxypi61tt0g4k,Sparta Rotterdam,5lad0u653zzdmexdpvtkcaqui,S. Ltaief,34.44,55.89600000000001,4,10.0,turnover,True,0.0
2025-10-19_Heracles Almelo - Feyenoord Rotterdam,2861428389,1,13,4,dac758ef858jbq7pcb3gfwite,Heracles Almelo,do5gstk4ks97daehnudehyjxm,J. Žambůrek,13.755,29.036000000000005,0,0.0,turnover,False,0.0
2025-10-19_Heracles Almelo - Feyenoord Rotterdam,2861431631,1,16,39,dac758ef858jbq7pcb3gfwite,Heracles Almelo,do5gstk4ks97daehnudehyjxm,J. Žambůrek,57.75,19.176000000000002,0,0.0,turnover,False,0.0
2025-10-19_Heracles Almelo - Feyenoord Rotterdam,2861435411,1,20,30,dac758ef858jbq7pcb3gfwite,Heracles Almelo,e3akocgpppdty3ayxty1gf6xh,D. Mirani,57.75,33.252,2,3.0,turnover,False,0.0
2025-10-19_Heracles Almelo - Feyenoord Rotterdam,2861452847,1,34,56,dac758ef858jbq7pcb3gfwite,Heracles Almelo,do5gstk4ks97daehnudehyjxm,J. Žambůrek,23.415000000000003,41.344,3,9.0,window_expired,False,1.3241911521869045e-05
2025-10-19_Heracles Almelo - Feyenoord Rotterdam,2861489125,2,45,11,20vymiy7bo8wkyxai3ew494fz,Feyenoord Rotterdam,29fr98or3mqippn84z3p9ihhw,L. Valente,38.22,64.19200000000001,1,1.0,turnover,False,0.0
2025-10-19_Heracles Almelo - Feyenoord Rotterdam,2861489571,2,45,30,dac758ef858jbq7pcb3gfwite,Heracles Almelo,mlqit2c8my1ewqy6avrfhf8q,A. Van Hoorenbeeck,46.410000000000004,22.032,1,1.0,turnover,False,0.0
2025-10-19_Heracles Almelo - Feyenoord Rotterdam,2861502711,2,57,45,20vymiy7bo8wkyxai3ew494fz,Feyenoord Rotterdam,9d4ald4f0m2imaastzen4j8mi,O. Targhalline,32.445,27.812,5,9.0,window_expired,False,0.0009566150724467
2025-10-19_Heracles Almelo - Feyenoord Rotterdam,2861519449,2,73,17,dac758ef858jbq7pcb3gfwite,Heracles Almelo,2zwe056wfzof0v5jv01dv9uc5,A. Hrustić,50.19,49.164,1,3.0,turnover,False,0.0
2025-10-19_Heracles Almelo - Feyenoord Rotterdam,2861522655,2,76,25,dac758ef858jbq7pcb3gfwite,Heracles Almelo,e3akocgpppdty3ayxty1gf6xh,D. Mirani,28.875,32.096000000000004,4,5.0,turnover,False,0.0
2025-10-19_Heracles Almelo - Feyenoord Rotterdam,2861530755,2,85,5,20vymiy7bo8wkyxai3ew494fz,Feyenoord Rotterdam,9d4ald4f0m2imaastzen4j8mi,O. Targhalline,76.965,10.812000000000001,0,0.0,turnover,False,0.0
2025-10-19_Heracles Almelo - Feyenoord Rotterdam,2861531039,2,85,22,dac758ef858jbq7pcb3gfwite,Heracles Almelo,do5gstk4ks97daehnudehyjxm,J. Žambůrek,34.44,59.908,1,1.0,turnover,False,0.0
2025-10-19_Heracles Almelo - Feyenoord Rotterdam,2861531623,2,85,56,dac758ef858jbq7pcb3gfwite,Heracles Almelo,ait187bpr8we72jvfxxt6ttjp,M. te Wierik,21.630000000000003,17.272000000000002,3,6.0,turnover,False,0.0
2025-10-19_Heracles Almelo - Feyenoord Rotterdam,2861539027,2,91,54,dac758ef858jbq7pcb3gfwite,Heracles Almelo,do5gstk4ks97daehnudehyjxm,J. Žambůrek,26.669999999999998,54.06,3,10.0,turnover,False,0.0
2025-10-19_SBV Excelsior - Fortuna Sittard,2861254151,1,3,0,3ebril33e08ddzob4bhq8awsr,Fortuna Sittard,9o10vhew3jar8tqnkabw0qoyx,J. Lonwijk,79.17000000000002,7.004000000000001,2,7.0,turnover,False,0.0
2025-10-19_SBV Excelsior - Fortuna Sittard,2861256795,1,5,59,dqk062lu0vm8epvytbm6r4mmf,SBV Excelsior,3hu6e9wa0nt4ekubxye6l4pas,I. Yegoian,88.30499999999999,63.444,0,0.0,turnover,False,0.0
2025-10-19_SBV Excelsior - Fortuna Sittard,2861266883,1,15,33,3ebril33e08ddzob4bhq8awsr,Fortuna Sittard,bnkzwpd607re6s01oa77wcodm,J. Dahlhaus,10.290000000000001,45.15200000000001,2,2.0,turnover,False,0.0
2025-10-19_SBV Excelsior - Fortuna Sittard,2861273009,1,23,16,3ebril33e08ddzob4bhq8awsr,Fortuna Sittard,9o10vhew3jar8tqnkabw0qoyx,J. Lonwijk,71.715,37.536,0,0.0,turnover,False,0.0
2025-10-19_SBV Excelsior - Fortuna Sittard,2861274907,1,26,1,3ebril33e08ddzob4bhq8awsr,Fortuna Sittard,44m4s9f1ckgdavmqjo0icx016,R. Fosso,13.440000000000001,38.48800000000001,2,2.0,turnover,False,0.0
2025-10-19_SBV Excelsior - Fortuna Sittard,2861277665,1,30,10,3ebril33e08ddzob4bhq8awsr,Fortuna Sittard,bnkzwpd607re6s01oa77wcodm,J. Dahlhaus,45.045,51.408,3,4.0,turnover,False,4.262356526782418e-05
2025-10-19_SBV Excelsior - Fortuna Sittard,2861277747,1,30,16,dqk062lu0vm8epvytbm6r4mmf,SBV Excelsior,cdhqb1a4h246hu0u13pm0tqay,I. Bronkhorst,43.365,8.976,4,4.0,turnover,False,0.0
2025-10-19_SBV Excelsior - Fortuna Sittard,2861278749,1,31,15,3ebril33e08ddzob4bhq8awsr,Fortuna Sittard,570htztcvfsu947xw6fvtzmc5,Iván Márquez,59.010000000000005,48.416000000000004,3,5.0,window_expired,False,0.0
2025-10-19_SBV Excelsior - Fortuna Sittard,2861283241,1,34,52,3ebril33e08ddzob4bhq8awsr,Fortuna Sittard,bnkzwpd607re6s01oa77wcodm,J. Dahlhaus,38.325,65.41600000000001,1,0.0,window_expired,False,0.0
2025-10-19_SBV Excelsior - Fortuna Sittard,2861285677,1,36,35,dqk062lu0vm8epvytbm6r4mmf,SBV Excelsior,2vfhae70oyyzm0qttlckworqi,A. Carlén,55.545,59.636,0,0.0,turnover,False,0.0
2025-10-19_SBV Excelsior - Fortuna Sittard,2861288517,1,37,12,3ebril33e08ddzob4bhq8awsr,Fortuna Sittard,7b4jmfu1ejoeci2zmvwuejnys,P. Brittijn,75.495,10.608,0,0.0,turnover,False,0.0
2025-10-19_SBV Excelsior - Fortuna Sittard,2861296645,1,43,42,3ebril33e08ddzob4bhq8awsr,Fortuna Sittard,dp0q4f4gbj2buhcu1lb5dzxed,Ivo Pinto,83.37,4.760000000000001,0,0.0,turnover,False,0.0
2025-10-19_SBV Excelsior - Fortuna Sittard,2861323501,2,45,37,dqk062lu0vm8epvytbm6r4mmf,SBV Excelsior,ucqemxwd5n13up4t16o6qot0,C. Nadje,59.64,14.484000000000002,0,0.0,turnover,False,0.0
2025-10-19_SBV Excelsior - Fortuna Sittard,2861328161,2,49,8,dqk062lu0vm8epvytbm6r4mmf,SBV Excelsior,5wwqe546ohp130rvi8x8pt0tm,A. Zagré,37.17,63.03600000000001,0,0.0,turnover,False,0.0
2025-10-19_SBV Excelsior - Fortuna Sittard,2861330615,2,51,2,dqk062lu0vm8epvytbm6r4mmf,SBV Excelsior,aeqj9ogm0dntus0wl352w9z6y,C. Widell,20.475,10.608,1,1.0,turnover,False,0.0
2025-10-19_SBV Excelsior - Fortuna Sittard,2861339781,2,57,41,3ebril33e08ddzob4bhq8awsr,Fortuna Sittard,9o10vhew3jar8tqnkabw0qoyx,J. Lonwijk,38.85,56.440000000000005,0,0.0,turnover,False,0.0
2025-10-19_SBV Excelsior - Fortuna Sittard,2861355761,2,76,7,3ebril33e08ddzob4bhq8awsr,Fortuna Sittard,bnkzwpd607re6s01oa77wcodm,J. Dahlhaus,59.64,56.78,0,0.0,turnover,False,0.0
2025-10-19_SBV Excelsior - Fortuna Sittard,2861356853,2,77,2,dqk062lu0vm8epvytbm6r4mmf,SBV Excelsior,c6i4usq34m3389rtbqptahrai,R. Meissen,41.685,33.660000000000004,5,8.0,turnover,False,0.0008214772036655999
2025-10-19_SBV Excelsior - Fortuna Sittard,2861370631,2,86,45,3ebril33e08ddzob4bhq8awsr,Fortuna Sittard,dsh8ta4q6v5ews2e19p9xh6y2,J. Hubner,60.58500000000001,55.760000000000005,0,0.0,turnover,False,0.0
2025-10-19_SBV Excelsior - Fortuna Sittard,2861370751,2,86,49,3ebril33e08ddzob4bhq8awsr,Fortuna Sittard,7b4jmfu1ejoeci2zmvwuejnys,P. Brittijn,53.13,58.684000000000005,4,5.0,turnover,False,0.0006313621973971
2025-10-19_SBV Excelsior - Fortuna Sittard,2861370867,2,86,55,dqk062lu0vm8epvytbm6r4mmf,SBV Excelsior,f314a9y83ou7l9imhnbp4f6dw,S. Middendorp,30.345,18.224,1,0.0,turnover,False,0.0
2025-10-19_SBV Excelsior - Fortuna Sittard,2861375949,2,90,34,dqk062lu0vm8epvytbm6r4mmf,SBV Excelsior,cdhqb1a4h246hu0u13pm0tqay,I. Bronkhorst,22.995,10.064000000000002,0,0.0,turnover,False,0.0
2025-10-19_SC Telstar - SC Heerenveen,2861157973,1,6,18,4vd2t5schmvvufrfib7f2vjdf,SC Heerenveen,412l28fqhx21ivpcxzn1kpilm,V. Zagaritis,61.845,62.56,3,2.0,turnover,False,0.0008589724790626
2025-10-19_SC Telstar - SC Heerenveen,2861171005,1,31,59,zjawy6qdzk3y69v5pa3zl2cb,SC Telstar,4cbhx91p3l265b2cejzd07gbu,P. Brouwer,45.99,3.808,1,2.0,turnover,False,0.0
2025-10-19_SC Telstar - SC Heerenveen,2861172883,1,36,20,zjawy6qdzk3y69v5pa3zl2cb,SC Telstar,1k60tee702idfrp0ibca1s57u,G. Offerhaus,22.89,52.904,4,7.0,turnover,False,1.952869105532884e-05
2025-10-19_SC Telstar - SC Heerenveen,2861173801,1,38,37,zjawy6qdzk3y69v5pa3zl2cb,SC Telstar,4cbhx91p3l265b2cejzd07gbu,P. Brouwer,64.995,28.900000000000002,3,6.0,turnover,False,0.0016378555297554
2025-10-19_SC Telstar - SC Heerenveen,2861173887,1,38,44,4vd2t5schmvvufrfib7f2vjdf,SC Heerenveen,412l28fqhx21ivpcxzn1kpilm,V. Zagaritis,51.45,57.732000000000006,2,2.0,turnover,False,0.0
2025-10-19_SC Telstar - SC Heerenveen,2861189889,2,50,6,zjawy6qdzk3y69v5pa3zl2cb,SC Telstar,52cqyvn8cfh83i5zwm3181pbe,T. Noslin,28.980000000000004,10.948000000000002,3,8.0,turnover,False,0.0
2025-10-19_SC Telstar - SC Heerenveen,2861191065,2,52,4,zjawy6qdzk3y69v5pa3zl2cb,SC Telstar,y1ky8sp8scl05mmfr7byy3md,J. Hardeveld,28.14,44.336000000000006,3,8.0,window_expired,False,0.00047256550087162026
2025-10-19_SC Telstar - SC Heerenveen,2861191169,2,52,17,4vd2t5schmvvufrfib7f2vjdf,SC Heerenveen,5oghztk07za2yuqq4jnav22y2,M. Rivera,55.650000000000006,64.05600000000001,1,0.0,turnover,False,0.0
2025-10-19_SC Telstar - SC Heerenveen,2861195877,2,59,25,zjawy6qdzk3y69v5pa3zl2cb,SC Telstar,50130ztne7nsfs9fxf0am6vv9,D. Mertens,71.715,56.37200000000001,3,4.0,turnover,False,0.0010126945014298
2025-10-19_SC Telstar - SC Heerenveen,2861195993,2,59,30,4vd2t5schmvvufrfib7f2vjdf,SC Heerenveen,e5hzt8nmhu2ktn69dsv67ga38,M. Linday,19.740000000000002,23.596000000000004,3,4.0,turnover,False,8.483152396483729e-05
2025-10-19_SC Telstar - SC Heerenveen,2861197805,2,61,20,zjawy6qdzk3y69v5pa3zl2cb,SC Telstar,cp866ucakmwqiwxrstkaxwgt0,N. Rossen,74.655,30.056000000000004,5,5.0,turnover,True,0.0044936711235385
2025-10-19_SC Telstar - SC Heerenveen,2861199383,2,63,9,zjawy6qdzk3y69v5pa3zl2cb,SC Telstar,1k60tee702idfrp0ibca1s57u,G. Offerhaus,12.81,43.52,2,2.0,turnover,False,0.0
2025-10-19_SC Telstar - SC Heerenveen,2861204023,2,67,59,zjawy6qdzk3y69v5pa3zl2cb,SC Telstar,1k60tee702idfrp0ibca1s57u,G. Offerhaus,61.635000000000005,13.600000000000001,0,0.0,turnover,False,0.0
2025-10-19_SC Telstar - SC Heerenveen,2861210757,2,75,5,zjawy6qdzk3y69v5pa3zl2cb,SC Telstar,1zybkcmp40td92a6yg8sw9uga,T. Owusu,49.455000000000005,22.712,4,10.0,window_expired,False,0.0
2025-10-19_SC Telstar - SC Heerenveen,2861221181,2,87,10,zjawy6qdzk3y69v5pa3zl2cb,SC Telstar,52cqyvn8cfh83i5zwm3181pbe,T. Noslin,68.14500000000001,4.216,1,0.0,turnover,False,0.0
2025-10-24_SC Heerenveen - NAC Breda,2863235415,1,2,53,59t7flioj4w4mpwnrwbm0m8ck,NAC Breda,64x38pccgfsuz4ywoveh2ksbu,L. Greiml,26.040000000000003,43.52,1,1.0,turnover,False,0.0
2025-10-24_SC Heerenveen - NAC Breda,2863187951,1,11,35,4vd2t5schmvvufrfib7f2vjdf,SC Heerenveen,412l28fqhx21ivpcxzn1kpilm,V. Zagaritis,61.214999999999996,53.516000000000005,1,2.0,turnover,False,0.0
2025-10-24_SC Heerenveen - NAC Breda,2863188637,1,12,12,4vd2t5schmvvufrfib7f2vjdf,SC Heerenveen,b5sf6wcogrvlwuwbd8xsyyfh1,J. van Overeem,31.5,52.7,4,8.0,window_expired,False,0.0
2025-10-24_SC Heerenveen - NAC Breda,2863189925,1,13,14,4vd2t5schmvvufrfib7f2vjdf,SC Heerenveen,b5sf6wcogrvlwuwbd8xsyyfh1,J. van Overeem,23.1,12.648000000000001,2,0.0,turnover,False,0.0
2025-10-24_SC Heerenveen - NAC Breda,2863202325,1,24,16,4vd2t5schmvvufrfib7f2vjdf,SC Heerenveen,e5hzt8nmhu2ktn69dsv67ga38,M. Linday,51.03,20.060000000000002,1,1.0,turnover,False,0.0
2025-10-24_SC Heerenveen - NAC Breda,2863502679,2,46,5,4vd2t5schmvvufrfib7f2vjdf,SC Heerenveen,412l28fqhx21ivpcxzn1kpilm,V. Zagaritis,42.839999999999996,65.28,6,10.0,window_expired,False,0.0013714304680964998
2025-10-24_SC Heerenveen - NAC Breda,2863288439,2,73,18,4vd2t5schmvvufrfib7f2vjdf,SC Heerenveen,idvh0ac1f8wv39640pyl4esp,S. Kersten,59.325,34.476000000000006,0,0.0,turnover,False,0.0
2025-10-24_SC Heerenveen - NAC Breda,2863304733,2,86,28,4vd2t5schmvvufrfib7f2vjdf,SC Heerenveen,idvh0ac1f8wv39640pyl4esp,S. Kersten,32.655,40.052,2,4.0,turnover,False,0.0
2025-10-24_SC Heerenveen - NAC Breda,2863309567,2,90,36,59t7flioj4w4mpwnrwbm0m8ck,NAC Breda,4f8xb5sbyksacxmifi375h7qi,K. Sowah,11.97,40.188,2,2.0,turnover,False,0.0
2025-10-24_SC Heerenveen - NAC Breda,2863309877,2,90,57,4vd2t5schmvvufrfib7f2vjdf,SC Heerenveen,2f8lk6lxav7hl7xlqt9an18x6,H. Petrov,23.1,31.416000000000004,0,0.0,turnover,False,0.0
2025-10-24_SC Heerenveen - NAC Breda,2863312525,2,93,34,59t7flioj4w4mpwnrwbm0m8ck,NAC Breda,c3j7ddqg0yzporam6gieibgiy,C. Brym,81.58500000000001,56.78,5,7.0,window_expired,True,0.0245726457824744
2025-10-25_FC Volendam - Heracles Almelo,2864559253,1,3,46,6g9qrm72224jrk6tkxxxi8a9n,FC Volendam,btrg844mxkl6kbn89s7aecj8q,G. Yah,23.205000000000002,3.3320000000000003,0,0.0,turnover,False,0.0
2025-10-25_FC Volendam - Heracles Almelo,2864097441,1,4,45,dac758ef858jbq7pcb3gfwite,Heracles Almelo,9y5kirmp6gcrsy2s1pinhkqy2,L. Kulenović,57.855000000000004,32.028000000000006,0,0.0,turnover,False,0.0
2025-10-25_FC Volendam - Heracles Almelo,2864101213,1,8,3,dac758ef858jbq7pcb3gfwite,Heracles Almelo,mlqit2c8my1ewqy6avrfhf8q,A. Van Hoorenbeeck,24.990000000000002,44.268,1,1.0,turnover,False,0.0
2025-10-25_FC Volendam - Heracles Almelo,2864101513,1,8,23,dac758ef858jbq7pcb3gfwite,Heracles Almelo,do5gstk4ks97daehnudehyjxm,J. Žambůrek,39.375,19.108000000000004,2,1.0,turnover,False,0.0
2025-10-25_FC Volendam - Heracles Almelo,2864103103,1,9,51,6g9qrm72224jrk6tkxxxi8a9n,FC Volendam,dej8tywq0npvbm25sfgtqur1m,O. Kökçü,29.925,55.35200000000001,0,0.0,turnover,False,0.0
2025-10-25_FC Volendam - Heracles Almelo,2864111865,1,17,54,6g9qrm72224jrk6tkxxxi8a9n,FC Volendam,64kb0lmkr24rmh59hb01m268k,R. van Cruijsen,43.050000000000004,19.652,2,5.0,turnover,False,0.0
2025-10-25_FC Volendam - Heracles Almelo,2864114501,1,20,51,6g9qrm72224jrk6tkxxxi8a9n,FC Volendam,btrg844mxkl6kbn89s7aecj8q,G. Yah,22.155,4.964,0,0.0,turnover,False,0.0
2025-10-25_FC Volendam - Heracles Almelo,2864116539,1,23,14,6g9qrm72224jrk6tkxxxi8a9n,FC Volendam,xvher4f1mb6otoui5k5gs3ro,N. Bukala,72.03,56.78,1,1.0,turnover,False,0.0
2025-10-25_FC Volendam - Heracles Almelo,2864116897,1,23,46,dac758ef858jbq7pcb3gfwite,Heracles Almelo,5i0e7e59vav8ynqzt7qrvitt6,J. Hornkamp,43.050000000000004,25.296000000000003,3,3.0,turnover,False,0.0
2025-10-25_FC Volendam - Heracles Almelo,2864118737,1,26,23,dac758ef858jbq7pcb3gfwite,Heracles Almelo,e3akocgpppdty3ayxty1gf6xh,D. Mirani,47.775,20.400000000000002,0,0.0,turnover,False,0.0
2025-10-25_FC Volendam - Heracles Almelo,2864147549,2,46,42,6g9qrm72224jrk6tkxxxi8a9n,FC Volendam,ealh7n21gctxxw5ol3l3yxzze,Y. Leliendal,69.405,66.096,0,0.0,turnover,False,0.0
2025-10-25_FC Volendam - Heracles Almelo,2864148321,2,47,39,6g9qrm72224jrk6tkxxxi8a9n,FC Volendam,ealh7n21gctxxw5ol3l3yxzze,Y. Leliendal,29.294999999999998,50.456,3,7.0,window_expired,False,1.8343229236120195e-05
2025-10-25_FC Volendam - Heracles Almelo,2864148871,2,48,10,6g9qrm72224jrk6tkxxxi8a9n,FC Volendam,eu901b75l2ly5p48jdw6kwmad,M. Amevor,63.0,18.360000000000003,0,0.0,turnover,False,0.0
2025-10-25_FC Volendam - Heracles Almelo,2864161925,2,61,38,dac758ef858jbq7pcb3gfwite,Heracles Almelo,5i0e7e59vav8ynqzt7qrvitt6,J. Hornkamp,76.65,44.744,0,0.0,turnover,False,0.0
2025-10-25_FC Volendam - Heracles Almelo,2864162637,2,62,25,dac758ef858jbq7pcb3gfwite,Heracles Almelo,do5gstk4ks97daehnudehyjxm,J. Žambůrek,15.540000000000001,39.236000000000004,0,0.0,turnover,False,0.0
2025-10-25_FC Volendam - Heracles Almelo,2864170183,2,70,15,6g9qrm72224jrk6tkxxxi8a9n,FC Volendam,xvher4f1mb6otoui5k5gs3ro,N. Bukala,22.680000000000003,52.156000000000006,6,8.0,turnover,False,0.00013408063437017614
2025-10-25_FC Volendam - Heracles Almelo,2864170375,2,70,25,dac758ef858jbq7pcb3gfwite,Heracles Almelo,8oetnmi8kejwwy37rhlelw2ne,W. Ould-Chikh,71.08500000000001,13.124,2,1.0,turnover,False,0.0
2025-10-25_FC Volendam - Heracles Almelo,2864184859,2,85,36,dac758ef858jbq7pcb3gfwite,Heracles Almelo,mlqit2c8my1ewqy6avrfhf8q,A. Van Hoorenbeeck,9.555,42.772000000000006,1,4.0,turnover,False,0.0
2025-10-25_FC Volendam - Heracles Almelo,2864188155,2,90,20,dac758ef858jbq7pcb3gfwite,Heracles Almelo,do5gstk4ks97daehnudehyjxm,J. Žambůrek,22.47,54.74,0,0.0,turnover,False,0.0
2025-10-25_Fortuna Sittard - FC Groningen,2863803793,1,1,59,3ebril33e08ddzob4bhq8awsr,Fortuna Sittard,dp0q4f4gbj2buhcu1lb5dzxed,Ivo Pinto,16.485,2.788,2,2.0,turnover,False,0.0
2025-10-25_Fortuna Sittard - FC Groningen,2863819139,1,7,35,cos9hxi16eitbcbthof7zrm4m,FC Groningen,d1dq7upxtawnps3wljz6wf9jo,S. Resink,42.945,55.01200000000001,2,2.0,turnover,False,0.0
2025-10-25_Fortuna Sittard - FC Groningen,2863844471,1,26,30,3ebril33e08ddzob4bhq8awsr,Fortuna Sittard,9o10vhew3jar8tqnkabw0qoyx,J. Lonwijk,39.27,51.952000000000005,4,6.0,window_expired,False,0.0006844090465171623
2025-10-25_Fortuna Sittard - FC Groningen,2863861221,1,33,24,3ebril33e08ddzob4bhq8awsr,Fortuna Sittard,44m4s9f1ckgdavmqjo0icx016,R. Fosso,27.825000000000003,49.64,2,3.0,turnover,False,0.0
2025-10-25_Fortuna Sittard - FC Groningen,2863864863,1,34,55,cos9hxi16eitbcbthof7zrm4m,FC Groningen,4dk7h575fifmw2lhslevhmhux,M. Rente,33.39,9.316,1,1.0,turnover,False,0.0
2025-10-25_Fortuna Sittard - FC Groningen,2863943865,2,51,34,3ebril33e08ddzob4bhq8awsr,Fortuna Sittard,44m4s9f1ckgdavmqjo0icx016,R. Fosso,76.965,33.592,1,1.0,turnover,False,0.0
2025-10-25_Fortuna Sittard - FC Groningen,2863948939,2,54,14,cos9hxi16eitbcbthof7zrm4m,FC Groningen,98qi4clazqen9kimkxt3jb6j9,M. Peersman,69.09,49.164,0,0.0,turnover,False,0.0
2025-10-25_Fortuna Sittard - FC Groningen,2863953081,2,56,59,cos9hxi16eitbcbthof7zrm4m,FC Groningen,9wwud2tglhtdocmjgl2u5ib6c,T. Blokzijl,12.075000000000001,35.836000000000006,3,9.0,window_expired,False,3.553078306266222e-05
2025-10-25_Fortuna Sittard - FC Groningen,2863955031,2,58,40,cos9hxi16eitbcbthof7zrm4m,FC Groningen,d1dq7upxtawnps3wljz6wf9jo,S. Resink,64.365,59.908,1,1.0,turnover,False,0.0
2025-10-25_Fortuna Sittard - FC Groningen,2863965571,2,69,0,cos9hxi16eitbcbthof7zrm4m,FC Groningen,ei9h1loyggj8fnf1q4jfdm710,T. van Bergen,71.505,57.664,0,0.0,turnover,False,0.0
2025-10-25_Fortuna Sittard - FC Groningen,2863972579,2,76,10,3ebril33e08ddzob4bhq8awsr,Fortuna Sittard,bnkzwpd607re6s01oa77wcodm,J. Dahlhaus,40.53,63.17200000000001,2,3.0,turnover,False,0.0
2025-10-25_Fortuna Sittard - FC Groningen,2863972661,2,76,15,cos9hxi16eitbcbthof7zrm4m,FC Groningen,9wwud2tglhtdocmjgl2u5ib6c,T. Blokzijl,26.565,7.548,3,4.0,turnover,False,0.0001677758412666
2025-10-25_Fortuna Sittard - FC Groningen,2864470011,2,76,19,3ebril33e08ddzob4bhq8awsr,Fortuna Sittard,44m4s9f1ckgdavmqjo0icx016,R. Fosso,67.095,56.236000000000004,0,0.0,turnover,False,0.0
2025-10-25_Fortuna Sittard - FC Groningen,2863977681,2,80,50,3ebril33e08ddzob4bhq8awsr,Fortuna Sittard,bnkzwpd607re6s01oa77wcodm,J. Dahlhaus,17.85,43.588,0,0.0,turnover,False,0.0
2025-10-25_Fortuna Sittard - FC Groningen,2863984251,2,86,34,cos9hxi16eitbcbthof7zrm4m,FC Groningen,9wwud2tglhtdocmjgl2u5ib6c,T. Blokzijl,53.550000000000004,13.464000000000002,0,0.0,turnover,False,0.0
2025-10-25_Fortuna Sittard - FC Groningen,2863984787,2,87,9,3ebril33e08ddzob4bhq8awsr,Fortuna Sittard,30oqkmhal9o3ktfnt06u17spg,L. Tunjić,60.900000000000006,3.2640000000000002,4,9.0,window_expired,False,0.0022156397147013
2025-10-25_Fortuna Sittard - FC Groningen,2863986237,2,88,23,3ebril33e08ddzob4bhq8awsr,Fortuna Sittard,44m4s9f1ckgdavmqjo0icx016,R. Fosso,69.3,34.136,0,0.0,turnover,False,0.0
2025-10-25_Fortuna Sittard - FC Groningen,2863987997,2,90,4,3ebril33e08ddzob4bhq8awsr,Fortuna Sittard,44m4s9f1ckgdavmqjo0icx016,R. Fosso,47.88,37.604,0,0.0,turnover,False,0.0
2025-10-25_Fortuna Sittard - FC Groningen,2863994691,2,95,12,3ebril33e08ddzob4bhq8awsr,Fortuna Sittard,7b4jmfu1ejoeci2zmvwuejnys,P. Brittijn,30.240000000000002,44.812000000000005,2,6.0,turnover,False,0.0006830110418841
2025-10-25_PEC Zwolle - Nijmegen Eendracht Combinatie,2864143185,1,4,7,2uuh2bir8ktof0uxfo06lb4ox,PEC Zwolle,awsbedog2zaz7zpjucbcba82y,S. Shoretire,39.480000000000004,2.4480000000000004,0,0.0,turnover,False,0.0
2025-10-25_PEC Zwolle - Nijmegen Eendracht Combinatie,2864154491,1,15,15,8iawijq7s9s6d85mjz8wdslki,Nijmegen Eendracht Combinatie,ds0hd4ezvb5rw6l95rhbxtq1g,B. Önal,62.265,59.228,5,10.0,window_expired,False,0.0171645197283528
2025-10-25_PEC Zwolle - Nijmegen Eendracht Combinatie,2864159271,1,20,17,8iawijq7s9s6d85mjz8wdslki,Nijmegen Eendracht Combinatie,dse071e8zbzm8l37m64g6e1p0,K. Sano,58.065,33.864,2,6.0,turnover,False,0.0263503804273905
2025-10-25_PEC Zwolle - Nijmegen Eendracht Combinatie,2864159877,1,20,50,8iawijq7s9s6d85mjz8wdslki,Nijmegen Eendracht Combinatie,913pg8qqcjp99h5fjybbenob9,P. Sandler,44.625,23.323999999999998,0,0.0,turnover,False,0.0
2025-10-25_PEC Zwolle - Nijmegen Eendracht Combinatie,2864161817,1,22,58,2uuh2bir8ktof0uxfo06lb4ox,PEC Zwolle,a7vlgirln231n3dqjhb72o0es,O. Aertssen,54.18000000000001,2.3120000000000003,1,0.0,turnover,False,0.0
2025-10-25_PEC Zwolle - Nijmegen Eendracht Combinatie,2864163045,1,24,22,2uuh2bir8ktof0uxfo06lb4ox,PEC Zwolle,4phgw75cred5p93hjq8hiou6t,S. Floranus,28.245,37.400000000000006,2,3.0,turnover,False,0.0
2025-10-25_PEC Zwolle - Nijmegen Eendracht Combinatie,2864164395,1,25,44,2uuh2bir8ktof0uxfo06lb4ox,PEC Zwolle,5mqog8k9eyi248jvrrp9fo8wk,N. Fichtinger,23.730000000000004,47.940000000000005,1,1.0,turnover,False,0.0
2025-10-25_PEC Zwolle - Nijmegen Eendracht Combinatie,2864177661,1,39,24,2uuh2bir8ktof0uxfo06lb4ox,PEC Zwolle,9ugpnnovqttl8lguv7wdyiezu,S. Graves,18.375,25.704,4,8.0,window_expired,False,0.0001739205264556
2025-10-25_PEC Zwolle - Nijmegen Eendracht Combinatie,2864181213,1,43,8,2uuh2bir8ktof0uxfo06lb4ox,PEC Zwolle,4phgw75cred5p93hjq8hiou6t,S. Floranus,19.845,63.308,2,1.0,turnover,False,0.0
2025-10-25_PEC Zwolle - Nijmegen Eendracht Combinatie,2864199509,2,48,49,2uuh2bir8ktof0uxfo06lb4ox,PEC Zwolle,9ugpnnovqttl8lguv7wdyiezu,S. Graves,22.89,17.544,2,3.0,turnover,False,0.0
2025-10-25_PEC Zwolle - Nijmegen Eendracht Combinatie,2864201723,2,51,33,2uuh2bir8ktof0uxfo06lb4ox,PEC Zwolle,awsbedog2zaz7zpjucbcba82y,S. Shoretire,76.02000000000001,2.8560000000000003,1,0.0,turnover,False,0.0
2025-10-25_PEC Zwolle - Nijmegen Eendracht Combinatie,2864206021,2,56,39,8iawijq7s9s6d85mjz8wdslki,Nijmegen Eendracht Combinatie,dse071e8zbzm8l37m64g6e1p0,K. Sano,55.02,39.78,0,0.0,turnover,False,0.0
2025-10-25_PEC Zwolle - Nijmegen Eendracht Combinatie,2864209489,2,61,17,8iawijq7s9s6d85mjz8wdslki,Nijmegen Eendracht Combinatie,1asrguqxyo7rmoyamggwd9oq2,A. Kaplan,42.315,48.21200000000001,1,0.0,turnover,False,0.0
2025-10-25_PEC Zwolle - Nijmegen Eendracht Combinatie,2864209709,2,61,35,8iawijq7s9s6d85mjz8wdslki,Nijmegen Eendracht Combinatie,913pg8qqcjp99h5fjybbenob9,P. Sandler,16.59,32.912,5,10.0,window_expired,False,0.000490266135943
2025-10-25_PEC Zwolle - Nijmegen Eendracht Combinatie,2864211787,2,64,30,2uuh2bir8ktof0uxfo06lb4ox,PEC Zwolle,4phgw75cred5p93hjq8hiou6t,S. Floranus,15.225000000000001,53.244,1,5.0,turnover,False,0.0
2025-10-25_PEC Zwolle - Nijmegen Eendracht Combinatie,2864220525,2,76,27,2uuh2bir8ktof0uxfo06lb4ox,PEC Zwolle,5mqog8k9eyi248jvrrp9fo8wk,N. Fichtinger,53.655,44.47200000000001,4,7.0,turnover,True,0.0
2025-10-25_PEC Zwolle - Nijmegen Eendracht Combinatie,2864223175,2,80,9,2uuh2bir8ktof0uxfo06lb4ox,PEC Zwolle,5mqog8k9eyi248jvrrp9fo8wk,N. Fichtinger,53.865,12.036,1,1.0,turnover,False,0.0
2025-10-25_PEC Zwolle - Nijmegen Eendracht Combinatie,2864227317,2,83,31,8iawijq7s9s6d85mjz8wdslki,Nijmegen Eendracht Combinatie,1asrguqxyo7rmoyamggwd9oq2,A. Kaplan,42.315,12.852,0,0.0,turnover,False,0.0
2025-10-25_PEC Zwolle - Nijmegen Eendracht Combinatie,2864228663,2,88,28,8iawijq7s9s6d85mjz8wdslki,Nijmegen Eendracht Combinatie,1gl82ymzh9vpitix6v645awa,D. Nejašmić,51.135000000000005,3.468,0,0.0,turnover,False,0.0
2025-10-25_PEC Zwolle - Nijmegen Eendracht Combinatie,2864230273,2,90,45,2uuh2bir8ktof0uxfo06lb4ox,PEC Zwolle,a7vlgirln231n3dqjhb72o0es,O. Aertssen,45.885000000000005,15.844000000000001,0,0.0,turnover,False,0.0
2025-10-25_PEC Zwolle - Nijmegen Eendracht Combinatie,2864232851,2,94,59,8iawijq7s9s6d85mjz8wdslki,Nijmegen Eendracht Combinatie,8624hqd4nlbzcoqsetvsvla8k,D. Fonville,21.735,61.81200000000001,0,0.0,turnover,False,0.0
2025-10-25_Sparta Rotterdam - SC Telstar,2864380379,1,3,51,89w5c6pw7vn0dxypi61tt0g4k,Sparta Rotterdam,f07qmqesi1rpw7eapoz9rb0gk,J. Baas,47.25,52.088,0,0.0,turnover,False,0.0
2025-10-25_Sparta Rotterdam - SC Telstar,2864022301,1,11,48,zjawy6qdzk3y69v5pa3zl2cb,SC Telstar,4cbhx91p3l265b2cejzd07gbu,P. Brouwer,32.13,47.124,3,3.0,turnover,False,0.0
2025-10-25_Sparta Rotterdam - SC Telstar,2864026521,1,17,13,zjawy6qdzk3y69v5pa3zl2cb,SC Telstar,cp866ucakmwqiwxrstkaxwgt0,N. Rossen,27.090000000000003,34.748000000000005,2,5.0,turnover,False,0.0
2025-10-25_Sparta Rotterdam - SC Telstar,2864027095,1,17,56,zjawy6qdzk3y69v5pa3zl2cb,SC Telstar,y1ky8sp8scl05mmfr7byy3md,J. Hardeveld,65.415,57.732000000000006,3,10.0,window_expired,False,0.0056862190659447
2025-10-25_Sparta Rotterdam - SC Telstar,2864045995,1,35,21,zjawy6qdzk3y69v5pa3zl2cb,SC Telstar,cp866ucakmwqiwxrstkaxwgt0,N. Rossen,35.7,39.848000000000006,3,4.0,turnover,False,0.0
2025-10-25_Sparta Rotterdam - SC Telstar,2864046719,1,36,8,89w5c6pw7vn0dxypi61tt0g4k,Sparta Rotterdam,6q77vt9bp8dsq48pa97mfzsa1,T. Lauritsen,93.66000000000001,6.256,6,9.0,window_expired,False,0.0008785295126748
2025-10-25_Sparta Rotterdam - SC Telstar,2864046913,1,36,23,zjawy6qdzk3y69v5pa3zl2cb,SC Telstar,52cqyvn8cfh83i5zwm3181pbe,T. Noslin,36.645,5.78,1,1.0,turnover,False,0.0
2025-10-25_Sparta Rotterdam - SC Telstar,2864092267,2,57,42,zjawy6qdzk3y69v5pa3zl2cb,SC Telstar,cp866ucakmwqiwxrstkaxwgt0,N. Rossen,27.825000000000003,31.62,2,4.0,turnover,False,0.0
2025-10-25_Sparta Rotterdam - SC Telstar,2864097073,2,61,57,zjawy6qdzk3y69v5pa3zl2cb,SC Telstar,1k60tee702idfrp0ibca1s57u,G. Offerhaus,58.48500000000001,48.96,2,7.0,window_expired,False,0.0
2025-10-25_Sparta Rotterdam - SC Telstar,2864097895,2,62,39,89w5c6pw7vn0dxypi61tt0g4k,Sparta Rotterdam,6ab5gq2owk86qs5zjottfhwmi,T. Quintero,41.265,58.412000000000006,1,0.0,turnover,False,1.7564051452118035e-05
2025-10-25_Sparta Rotterdam - SC Telstar,2864098387,2,63,3,zjawy6qdzk3y69v5pa3zl2cb,SC Telstar,52cqyvn8cfh83i5zwm3181pbe,T. Noslin,39.69,17.34,0,0.0,turnover,False,0.0
2025-10-25_Sparta Rotterdam - SC Telstar,2864104269,2,68,26,zjawy6qdzk3y69v5pa3zl2cb,SC Telstar,52cqyvn8cfh83i5zwm3181pbe,T. Noslin,34.86000000000001,13.464000000000002,0,0.0,turnover,False,0.0
2025-10-25_Sparta Rotterdam - SC Telstar,2864125617,2,93,7,zjawy6qdzk3y69v5pa3zl2cb,SC Telstar,52cqyvn8cfh83i5zwm3181pbe,T. Noslin,70.03500000000001,29.172,3,3.0,turnover,False,0.0037650141688705
2025-10-26_Alkmaar Zaanstreek - FC Utrecht,2864751795,1,4,36,3kfktv64h7kg7zryax1wktr5r,Alkmaar Zaanstreek,7jpreaads35pnnfqbn7hmrmy,S. Mijnans,23.1,38.352000000000004,3,6.0,turnover,False,0.0
2025-10-26_Alkmaar Zaanstreek - FC Utrecht,2864751973,1,4,43,ccpscwdcm65czscrun048ecn5,FC Utrecht,aafz6q5ggn9e6m5hprc71lgph,M. van der Hoorn,57.645,5.1000000000000005,0,0.0,turnover,False,0.0
2025-10-26_Alkmaar Zaanstreek - FC Utrecht,2865269393,1,6,39,ccpscwdcm65czscrun048ecn5,FC Utrecht,enimk3ibb10vk3f8vrmmhq7oq,S. El Karouani,89.355,65.07600000000001,4,3.0,turnover,False,0.0005427516684229
2025-10-26_Alkmaar Zaanstreek - FC Utrecht,2864759929,1,14,26,3kfktv64h7kg7zryax1wktr5r,Alkmaar Zaanstreek,3dx91sb6ktg8z1xmoti25kru,P. Koopmeiners,63.315,45.084,3,7.0,window_expired,False,4.580872337259234e-05
2025-10-26_Alkmaar Zaanstreek - FC Utrecht,2864773449,1,26,56,ccpscwdcm65czscrun048ecn5,FC Utrecht,enimk3ibb10vk3f8vrmmhq7oq,S. El Karouani,74.025,59.772000000000006,0,0.0,turnover,False,0.0
2025-10-26_Alkmaar Zaanstreek - FC Utrecht,2864773603,1,27,2,ccpscwdcm65czscrun048ecn5,FC Utrecht,8lt54ei6pcu25u8uerigmx5yi,A. Engwanda,67.2,28.968000000000004,0,0.0,turnover,False,0.0
2025-10-26_Alkmaar Zaanstreek - FC Utrecht,2864774161,1,27,33,3kfktv64h7kg7zryax1wktr5r,Alkmaar Zaanstreek,3uq3lrjyj4mnvq6162b0jyhnt,M. de Wit,52.080000000000005,62.696000000000005,0,0.0,turnover,False,0.0
2025-10-26_Alkmaar Zaanstreek - FC Utrecht,2864774807,1,28,6,ccpscwdcm65czscrun048ecn5,FC Utrecht,aafz6q5ggn9e6m5hprc71lgph,M. van der Hoorn,30.66,50.25200000000001,1,3.0,turnover,False,0.0
2025-10-26_Alkmaar Zaanstreek - FC Utrecht,2864783017,1,35,20,ccpscwdcm65czscrun048ecn5,FC Utrecht,8ymqihdfqc7esda7y407lebx1,D. de Wit,47.25,10.200000000000001,0,0.0,turnover,False,0.0
2025-10-26_Alkmaar Zaanstreek - FC Utrecht,2864788311,1,41,3,ccpscwdcm65czscrun048ecn5,FC Utrecht,aafz6q5ggn9e6m5hprc71lgph,M. van der Hoorn,58.38,27.608000000000004,2,2.0,turnover,False,0.0
2025-10-26_Alkmaar Zaanstreek - FC Utrecht,2864788515,1,41,14,ccpscwdcm65czscrun048ecn5,FC Utrecht,3r6elcuru7no13hrfczmwbmy1,S. Horemans,62.370000000000005,19.176000000000002,5,5.0,window_expired,False,0.0038240501649067
2025-10-26_Alkmaar Zaanstreek - FC Utrecht,2864814807,2,47,5,3kfktv64h7kg7zryax1wktr5r,Alkmaar Zaanstreek,7jpreaads35pnnfqbn7hmrmy,S. Mijnans,43.47,57.800000000000004,1,1.0,turnover,False,0.0
2025-10-26_Alkmaar Zaanstreek - FC Utrecht,2864821111,2,54,45,ccpscwdcm65czscrun048ecn5,FC Utrecht,3r6elcuru7no13hrfczmwbmy1,S. Horemans,26.880000000000003,28.832,0,0.0,turnover,False,0.0
2025-10-26_Alkmaar Zaanstreek - FC Utrecht,2864821253,2,54,56,3kfktv64h7kg7zryax1wktr5r,Alkmaar Zaanstreek,8u19xeh9ugvh8f1mh7jnbbhuc,K. Smit,71.61,12.852,4,3.0,turnover,False,0.0
2025-10-26_Alkmaar Zaanstreek - FC Utrecht,2864833135,2,67,27,ccpscwdcm65czscrun048ecn5,FC Utrecht,7o8auo4uu5mzh7f4a44ucdf8q,D. Min,41.475,54.264,0,0.0,turnover,False,0.0
2025-10-26_Alkmaar Zaanstreek - FC Utrecht,2864833969,2,68,9,3kfktv64h7kg7zryax1wktr5r,Alkmaar Zaanstreek,3dx91sb6ktg8z1xmoti25kru,P. Koopmeiners,70.56,19.448000000000004,3,5.0,turnover,False,0.0
2025-10-26_Alkmaar Zaanstreek - FC Utrecht,2864849503,2,83,12,3kfktv64h7kg7zryax1wktr5r,Alkmaar Zaanstreek,ck3l6a262hves3v6nywarx9pm,Alexandre Penetra,28.77,65.348,1,1.0,turnover,False,0.0
2025-10-26_Alkmaar Zaanstreek - FC Utrecht,2864852467,2,86,33,ccpscwdcm65czscrun048ecn5,FC Utrecht,4ej8uchqe3rt1s5h6phjo3310,G. Zechiël,27.51,59.568,0,0.0,turnover,False,0.0
2025-10-26_Alkmaar Zaanstreek - FC Utrecht,2864860681,2,94,52,ccpscwdcm65czscrun048ecn5,FC Utrecht,3ypxn1nvgv8e321sq5394w3my,M. Didden,21.735,22.44,0,0.0,turnover,False,0.0
2025-10-26_Alkmaar Zaanstreek - FC Utrecht,2864861173,2,95,28,ccpscwdcm65czscrun048ecn5,FC Utrecht,2tc8y9du64tjno62zll2jhy7e,Y. Cathline,23.94,15.708000000000002,0,0.0,turnover,False,0.0
2025-10-26_FC Twente - AFC Ajax,2864503149,1,1,39,d0zdg647gvgc95xdtk1vpbkys,AFC Ajax,47l204bkq2qqjhtazusr0019m,Y. Baas,34.44,66.504,0,0.0,turnover,False,0.0
2025-10-26_FC Twente - AFC Ajax,2864504905,1,7,5,4tic29sox7m39fy1ztgv0jsiq,FC Twente,a339o11ut8s1o9odm6ybc4pka,T. van den Belt,82.53,61.404,0,0.0,turnover,False,0.0
2025-10-26_FC Twente - AFC Ajax,2864505877,1,10,24,d0zdg647gvgc95xdtk1vpbkys,AFC Ajax,47l204bkq2qqjhtazusr0019m,Y. Baas,79.8,37.536,0,0.0,turnover,False,0.0
2025-10-26_FC Twente - AFC Ajax,2864539165,1,10,27,4tic29sox7m39fy1ztgv0jsiq,FC Twente,3xlkchrk28u0cb620cajre1hw,R. Nijstad,17.01,35.632000000000005,1,1.0,turnover,False,0.0
2025-10-26_FC Twente - AFC Ajax,2864507355,1,14,29,4tic29sox7m39fy1ztgv0jsiq,FC Twente,a339o11ut8s1o9odm6ybc4pka,T. van den Belt,50.82,62.628,4,10.0,window_expired,False,0.012639122130737
2025-10-26_FC Twente - AFC Ajax,2864508779,1,17,35,d0zdg647gvgc95xdtk1vpbkys,AFC Ajax,1wse4b1hxu37e7t5ty5ykn7c9,J. Šutalo,29.19,50.864000000000004,1,1.0,turnover,False,0.0
2025-10-26_FC Twente - AFC Ajax,2864515287,1,28,44,d0zdg647gvgc95xdtk1vpbkys,AFC Ajax,7wz2sc3d07aaduyhmihffa2hg,J. McConnell,22.365000000000002,27.472,3,2.0,turnover,False,0.0
2025-10-26_FC Twente - AFC Ajax,2864517963,1,32,26,d0zdg647gvgc95xdtk1vpbkys,AFC Ajax,cx6fxszjvjam6zb3c3p0dd1jo,M. Godts,81.375,62.628,1,2.0,turnover,False,0.0
2025-10-26_FC Twente - AFC Ajax,2864540945,2,45,9,d0zdg647gvgc95xdtk1vpbkys,AFC Ajax,2zkaf848fjcdhuii8783pkm7e,Y. Regeer,21.945,17.952,1,2.0,turnover,False,0.0
2025-10-26_FC Twente - AFC Ajax,2864542863,2,47,21,4tic29sox7m39fy1ztgv0jsiq,FC Twente,lduqoe45t2fnbn9s9rbvlnf9,R. Pröpper,25.830000000000002,28.968000000000004,0,0.0,turnover,False,0.0
2025-10-26_FC Twente - AFC Ajax,2864592293,2,53,31,d0zdg647gvgc95xdtk1vpbkys,AFC Ajax,1wse4b1hxu37e7t5ty5ykn7c9,J. Šutalo,46.830000000000005,5.44,1,1.0,turnover,False,0.0
2025-10-26_FC Twente - AFC Ajax,2864548485,2,54,44,d0zdg647gvgc95xdtk1vpbkys,AFC Ajax,9tp35qqu1heburu0g5wa6jv56,Lucas Rosa,27.3,6.800000000000001,1,1.0,turnover,False,0.0
2025-10-26_FC Twente - AFC Ajax,2864548677,2,55,4,d0zdg647gvgc95xdtk1vpbkys,AFC Ajax,9tp35qqu1heburu0g5wa6jv56,Lucas Rosa,30.240000000000002,35.836000000000006,5,4.0,turnover,False,0.0004750824877228399
2025-10-26_FC Twente - AFC Ajax,2864548761,2,55,10,4tic29sox7m39fy1ztgv0jsiq,FC Twente,lduqoe45t2fnbn9s9rbvlnf9,R. Pröpper,43.260000000000005,39.712,0,0.0,turnover,False,0.0
2025-10-26_FC Twente - AFC Ajax,2864558803,2,67,10,4tic29sox7m39fy1ztgv0jsiq,FC Twente,dc119ejc7lls2rd3ywigl2smi,R. Zerrouki,68.67000000000002,42.976000000000006,1,4.0,turnover,True,0.0
2025-10-26_FC Twente - AFC Ajax,2864570157,2,80,17,d0zdg647gvgc95xdtk1vpbkys,AFC Ajax,2zkaf848fjcdhuii8783pkm7e,Y. Regeer,24.150000000000002,12.58,1,0.0,turnover,False,0.0
2025-10-26_FC Twente - AFC Ajax,2864570607,2,80,57,d0zdg647gvgc95xdtk1vpbkys,AFC Ajax,2zkaf848fjcdhuii8783pkm7e,Y. Regeer,28.035,15.912,0,0.0,turnover,False,0.0
2025-10-26_FC Twente - AFC Ajax,2864571479,2,82,7,d0zdg647gvgc95xdtk1vpbkys,AFC Ajax,1wse4b1hxu37e7t5ty5ykn7c9,J. Šutalo,29.085,20.876,1,6.0,turnover,False,0.0
2025-10-26_FC Twente - AFC Ajax,2864573647,2,85,52,4tic29sox7m39fy1ztgv0jsiq,FC Twente,6ydojoa3581jgszpjqj7i8zpx,B. Kuipers,22.785,61.67600000000001,0,0.0,turnover,False,0.0
2025-10-26_FC Twente - AFC Ajax,2864574675,2,87,33,d0zdg647gvgc95xdtk1vpbkys,AFC Ajax,1wse4b1hxu37e7t5ty5ykn7c9,J. Šutalo,19.32,34.272,1,1.0,turnover,False,0.0
2025-10-26_FC Twente - AFC Ajax,2864577053,2,90,12,4tic29sox7m39fy1ztgv0jsiq,FC Twente,36veg0wk1z3om89daf0clbl5h,R. van Wolfswinkel,10.290000000000001,27.676000000000005,5,6.0,turnover,False,0.0016953741753954574
2025-10-26_FC Twente - AFC Ajax,2864578745,2,91,46,d0zdg647gvgc95xdtk1vpbkys,AFC Ajax,35qg0rrwtl00pycx468s62m3u,K. Taylor,58.065,21.692,1,3.0,turnover,False,0.0
2025-10-26_Feyenoord Rotterdam - PSV Eindhoven,2864631193,1,12,44,24fvcruwqrqvqa3aonf8c3zuy,PSV Eindhoven,2gsq05yyxwe4f8t79j6d49q6t,I. Perišić,32.025,32.504,0,0.0,turnover,False,0.0
2025-10-26_Feyenoord Rotterdam - PSV Eindhoven,2864633053,1,15,50,20vymiy7bo8wkyxai3ew494fz,Feyenoord Rotterdam,9d4ald4f0m2imaastzen4j8mi,O. Targhalline,27.51,19.244000000000003,0,0.0,turnover,False,0.0
2025-10-26_Feyenoord Rotterdam - PSV Eindhoven,2864636731,1,19,29,20vymiy7bo8wkyxai3ew494fz,Feyenoord Rotterdam,447abno2j0ux8fsxzs6fel7th,A. Ahmedhodžić,22.89,29.172,1,3.0,turnover,False,0.0
2025-10-26_Feyenoord Rotterdam - PSV Eindhoven,2864642803,1,23,40,20vymiy7bo8wkyxai3ew494fz,Feyenoord Rotterdam,ecqjg6wtntf1guejvm10redck,G. Read,23.31,5.644000000000001,0,0.0,turnover,False,0.0
2025-10-26_Feyenoord Rotterdam - PSV Eindhoven,2864651911,1,31,29,24fvcruwqrqvqa3aonf8c3zuy,PSV Eindhoven,cmdeqxibr6holfqg17ap9uihg,Yarek Gąsiorowski,2.8350000000000004,45.15200000000001,3,2.0,turnover,False,0.0
2025-10-26_Feyenoord Rotterdam - PSV Eindhoven,2864680117,1,34,28,20vymiy7bo8wkyxai3ew494fz,Feyenoord Rotterdam,447abno2j0ux8fsxzs6fel7th,A. Ahmedhodžić,3.2550000000000003,30.192,0,0.0,turnover,False,0.0
2025-10-26_Feyenoord Rotterdam - PSV Eindhoven,2864655397,1,34,31,20vymiy7bo8wkyxai3ew494fz,Feyenoord Rotterdam,447abno2j0ux8fsxzs6fel7th,A. Ahmedhodžić,8.295,26.044,2,3.0,turnover,False,0.0
2025-10-26_Feyenoord Rotterdam - PSV Eindhoven,2864656987,1,35,59,24fvcruwqrqvqa3aonf8c3zuy,PSV Eindhoven,5lvdnoyknuoyr6kdruposgctl,J. Schouten,14.490000000000002,34.0,2,3.0,window_expired,False,0.0
2025-10-26_Feyenoord Rotterdam - PSV Eindhoven,2864658737,1,37,34,24fvcruwqrqvqa3aonf8c3zuy,PSV Eindhoven,5lvdnoyknuoyr6kdruposgctl,J. Schouten,16.17,36.652,0,0.0,turnover,False,0.0
2025-10-26_Feyenoord Rotterdam - PSV Eindhoven,2864660135,1,38,51,24fvcruwqrqvqa3aonf8c3zuy,PSV Eindhoven,cmdeqxibr6holfqg17ap9uihg,Yarek Gąsiorowski,13.334999999999999,45.288,0,0.0,turnover,False,0.0
2025-10-26_Feyenoord Rotterdam - PSV Eindhoven,2864660973,1,39,43,20vymiy7bo8wkyxai3ew494fz,Feyenoord Rotterdam,bwxn7o8ved1xo5bmfkfgzekiy,J. Bos,23.415000000000003,60.99600000000001,1,0.0,turnover,False,0.0
2025-10-26_Feyenoord Rotterdam - PSV Eindhoven,2864663271,1,42,0,20vymiy7bo8wkyxai3ew494fz,Feyenoord Rotterdam,43ib46nh45n9oajf5rmaz4f6x,Hwang In-Beom,40.53,45.15200000000001,0,0.0,turnover,False,0.0
2025-10-26_Feyenoord Rotterdam - PSV Eindhoven,2864689305,2,45,25,20vymiy7bo8wkyxai3ew494fz,Feyenoord Rotterdam,447abno2j0ux8fsxzs6fel7th,A. Ahmedhodžić,47.145,42.024,0,0.0,turnover,False,0.0
2025-10-26_Feyenoord Rotterdam - PSV Eindhoven,2864689713,2,45,51,24fvcruwqrqvqa3aonf8c3zuy,PSV Eindhoven,5lvdnoyknuoyr6kdruposgctl,J. Schouten,33.6,45.016000000000005,0,0.0,turnover,False,0.0
2025-10-26_Feyenoord Rotterdam - PSV Eindhoven,2864693557,2,50,42,20vymiy7bo8wkyxai3ew494fz,Feyenoord Rotterdam,447abno2j0ux8fsxzs6fel7th,A. Ahmedhodžić,49.14,12.444,0,0.0,turnover,False,0.0
2025-10-26_Feyenoord Rotterdam - PSV Eindhoven,2864694767,2,52,26,20vymiy7bo8wkyxai3ew494fz,Feyenoord Rotterdam,9d4ald4f0m2imaastzen4j8mi,O. Targhalline,13.23,30.056000000000004,3,4.0,turnover,False,5.473887481448336e-05
2025-10-26_Feyenoord Rotterdam - PSV Eindhoven,2864711469,2,60,38,24fvcruwqrqvqa3aonf8c3zuy,PSV Eindhoven,5lvdnoyknuoyr6kdruposgctl,J. Schouten,32.34,55.42,0,0.0,turnover,False,0.0
2025-10-26_Feyenoord Rotterdam - PSV Eindhoven,2864717121,2,65,47,24fvcruwqrqvqa3aonf8c3zuy,PSV Eindhoven,b0me6l44boibnwpbtasxoy02x,S. Dest,14.385,13.940000000000001,1,1.0,turnover,False,0.0
2025-10-26_Feyenoord Rotterdam - PSV Eindhoven,2864717599,2,66,11,20vymiy7bo8wkyxai3ew494fz,Feyenoord Rotterdam,ecqjg6wtntf1guejvm10redck,G. Read,38.745,6.664000000000001,1,1.0,turnover,False,0.0
2025-10-26_Feyenoord Rotterdam - PSV Eindhoven,2864720539,2,69,16,20vymiy7bo8wkyxai3ew494fz,Feyenoord Rotterdam,e5xuwwa4qs6zxjd7y52tslih,Q. Timber,38.535000000000004,41.208000000000006,1,5.0,turnover,False,0.0
2025-10-26_Feyenoord Rotterdam - PSV Eindhoven,2864722897,2,71,48,24fvcruwqrqvqa3aonf8c3zuy,PSV Eindhoven,c6ip6gwp8yvchd1n3dv42go9,Mauro Júnior,37.800000000000004,24.548000000000002,0,0.0,turnover,False,0.0
2025-10-26_Feyenoord Rotterdam - PSV Eindhoven,2864724679,2,73,44,20vymiy7bo8wkyxai3ew494fz,Feyenoord Rotterdam,ecqjg6wtntf1guejvm10redck,G. Read,27.825000000000003,24.072,2,4.0,turnover,False,0.0
2025-10-26_Feyenoord Rotterdam - PSV Eindhoven,2864728681,2,77,35,24fvcruwqrqvqa3aonf8c3zuy,PSV Eindhoven,dxmulnxbs11kpi1goq5hl9cve,A. Salah-Eddine,9.975,53.312000000000005,2,2.0,turnover,False,0.0
2025-10-26_Feyenoord Rotterdam - PSV Eindhoven,2864730843,2,79,23,20vymiy7bo8wkyxai3ew494fz,Feyenoord Rotterdam,6fdwd71dx2qu7uzzs3ozm9x7u,T. Watanabe,50.400000000000006,27.948000000000004,2,2.0,turnover,False,0.0
2025-10-26_Feyenoord Rotterdam - PSV Eindhoven,2864732455,2,80,45,24fvcruwqrqvqa3aonf8c3zuy,PSV Eindhoven,5lvdnoyknuoyr6kdruposgctl,J. Schouten,44.31,39.57600000000001,3,7.0,turnover,False,0.0001702652339728
2025-10-26_Feyenoord Rotterdam - PSV Eindhoven,2864732693,2,80,54,20vymiy7bo8wkyxai3ew494fz,Feyenoord Rotterdam,ecqjg6wtntf1guejvm10redck,G. Read,9.765,10.676,1,1.0,turnover,False,0.0
2025-10-26_Feyenoord Rotterdam - PSV Eindhoven,2864744465,2,90,24,24fvcruwqrqvqa3aonf8c3zuy,PSV Eindhoven,cmdeqxibr6holfqg17ap9uihg,Yarek Gąsiorowski,24.78,47.53200000000001,2,2.0,turnover,False,0.0
2025-10-26_Go Ahead Eagles - SBV Excelsior,2864928521,1,10,13,b79uipsy57y1jqpy07h4i5ovk,Go Ahead Eagles,c6ufljjgl050g9xn7e9ma7hg4,M. Smit,76.23,66.096,0,0.0,turnover,False,0.0
2025-10-26_Go Ahead Eagles - SBV Excelsior,2864928763,1,10,32,dqk062lu0vm8epvytbm6r4mmf,SBV Excelsior,30t0ph1icrggc0x62om801ses,G. de Regt,49.035000000000004,5.032000000000001,2,0.0,turnover,False,0.0
2025-10-26_Go Ahead Eagles - SBV Excelsior,2864929083,1,10,50,dqk062lu0vm8epvytbm6r4mmf,SBV Excelsior,1fs2iimaa97nzlw80yypcd6ju,S. Mitrović,72.34500000000001,3.808,0,0.0,turnover,False,0.0
2025-10-26_Go Ahead Eagles - SBV Excelsior,2864929127,1,10,55,dqk062lu0vm8epvytbm6r4mmf,SBV Excelsior,cla6c6izphee9prb80c15baei,M. Tielemans,60.795,12.308000000000002,2,2.0,turnover,False,0.0002939018302979
2025-10-26_Go Ahead Eagles - SBV Excelsior,2864931095,1,13,36,b79uipsy57y1jqpy07h4i5ovk,Go Ahead Eagles,5shfqpd5fj05qrp1jlzd08ftg,C. Twigt,75.075,8.092,0,0.0,turnover,False,0.0
2025-10-26_Go Ahead Eagles - SBV Excelsior,2864935859,1,19,55,b79uipsy57y1jqpy07h4i5ovk,Go Ahead Eagles,bn8dwm2y9a8i9a10rba3dmm3u,D. James,31.080000000000002,60.99600000000001,4,8.0,window_expired,False,0.003994972361899
2025-10-26_Go Ahead Eagles - SBV Excelsior,2864939049,1,23,59,dqk062lu0vm8epvytbm6r4mmf,SBV Excelsior,c6i4usq34m3389rtbqptahrai,R. Meissen,20.475,41.548,0,0.0,turnover,False,0.0
2025-10-26_Go Ahead Eagles - SBV Excelsior,2864946831,1,34,58,dqk062lu0vm8epvytbm6r4mmf,SBV Excelsior,5wwqe546ohp130rvi8x8pt0tm,A. Zagré,7.035,46.92,0,0.0,turnover,False,0.0
2025-10-26_Go Ahead Eagles - SBV Excelsior,2864948721,1,37,57,b79uipsy57y1jqpy07h4i5ovk,Go Ahead Eagles,bn8dwm2y9a8i9a10rba3dmm3u,D. James,37.065,60.79200000000001,0,0.0,turnover,False,0.0
2025-10-26_Go Ahead Eagles - SBV Excelsior,2864949237,1,38,41,b79uipsy57y1jqpy07h4i5ovk,Go Ahead Eagles,1tmihr54maqj0h7785cg9ez56,M. Suray,31.080000000000002,38.42,5,9.0,window_expired,False,0.0002788427055542
2025-10-26_Go Ahead Eagles - SBV Excelsior,2864969157,2,50,37,b79uipsy57y1jqpy07h4i5ovk,Go Ahead Eagles,5shfqpd5fj05qrp1jlzd08ftg,C. Twigt,16.905,25.908,3,6.0,turnover,False,0.0001220172276438
2025-10-26_Go Ahead Eagles - SBV Excelsior,2864973439,2,56,44,dqk062lu0vm8epvytbm6r4mmf,SBV Excelsior,cla6c6izphee9prb80c15baei,M. Tielemans,14.700000000000001,25.500000000000004,0,0.0,turnover,False,0.0
2025-10-26_Go Ahead Eagles - SBV Excelsior,2864973833,2,57,19,dqk062lu0vm8epvytbm6r4mmf,SBV Excelsior,aeqj9ogm0dntus0wl352w9z6y,C. Widell,31.815,48.89200000000001,0,0.0,turnover,False,0.0
2025-10-26_Go Ahead Eagles - SBV Excelsior,2864979625,2,66,31,b79uipsy57y1jqpy07h4i5ovk,Go Ahead Eagles,d8cxurdt9g5gezqlfwae7ooru,M. Meulensteen,16.59,5.236000000000001,1,2.0,turnover,False,0.0
2025-10-26_Go Ahead Eagles - SBV Excelsior,2864990319,2,81,35,dqk062lu0vm8epvytbm6r4mmf,SBV Excelsior,7y0acvcg9km8dz51t5ndy23md,M. van Duinen,72.24,24.004,2,1.0,turnover,False,0.00174296169918
2025-10-26_Go Ahead Eagles - SBV Excelsior,2864994527,2,86,58,b79uipsy57y1jqpy07h4i5ovk,Go Ahead Eagles,badyafxn00m21tzbdff95o4k4,Y. Salah Rahmouni,25.095,48.28,3,5.0,turnover,False,0.0
2025-10-26_Go Ahead Eagles - SBV Excelsior,2864998223,2,91,53,b79uipsy57y1jqpy07h4i5ovk,Go Ahead Eagles,1tmihr54maqj0h7785cg9ez56,M. Suray,57.75,47.53200000000001,1,1.0,turnover,False,0.0
2025-10-26_Go Ahead Eagles - SBV Excelsior,2864998493,2,92,12,b79uipsy57y1jqpy07h4i5ovk,Go Ahead Eagles,61a5bh5xw947nv4mxx62gqaqx,J. Kramer,74.44500000000001,63.03600000000001,1,3.0,turnover,False,0.0
2025-10-31_PSV Eindhoven - Fortuna Sittard,2866796821,1,9,47,3ebril33e08ddzob4bhq8awsr,Fortuna Sittard,4jauu6ue076rbeq56exa4bcyy,M. Aïko,58.905,15.504000000000001,4,6.0,turnover,False,0.0011056304203684
2025-10-31_PSV Eindhoven - Fortuna Sittard,2866809925,1,24,58,24fvcruwqrqvqa3aonf8c3zuy,PSV Eindhoven,5lvdnoyknuoyr6kdruposgctl,J. Schouten,76.33500000000001,60.588,0,0.0,turnover,False,0.0
2025-10-31_PSV Eindhoven - Fortuna Sittard,2866821943,1,39,11,3ebril33e08ddzob4bhq8awsr,Fortuna Sittard,44m4s9f1ckgdavmqjo0icx016,R. Fosso,8.4,61.744,4,6.0,turnover,False,9.747979916388538e-06
2025-10-31_PSV Eindhoven - Fortuna Sittard,2866839993,2,45,43,3ebril33e08ddzob4bhq8awsr,Fortuna Sittard,570htztcvfsu947xw6fvtzmc5,Iván Márquez,14.700000000000001,22.1,1,0.0,turnover,False,0.0
2025-10-31_PSV Eindhoven - Fortuna Sittard,2866840187,2,45,56,3ebril33e08ddzob4bhq8awsr,Fortuna Sittard,4jauu6ue076rbeq56exa4bcyy,M. Aïko,30.135,13.328000000000001,1,0.0,turnover,False,0.0
2025-10-31_PSV Eindhoven - Fortuna Sittard,2866849581,2,56,42,3ebril33e08ddzob4bhq8awsr,Fortuna Sittard,7b4jmfu1ejoeci2zmvwuejnys,P. Brittijn,47.67,64.736,1,2.0,turnover,False,0.0
2025-10-31_PSV Eindhoven - Fortuna Sittard,2866854543,2,62,39,3ebril33e08ddzob4bhq8awsr,Fortuna Sittard,bnkzwpd607re6s01oa77wcodm,J. Dahlhaus,11.025,50.048,3,9.0,window_expired,False,0.0
2025-10-31_PSV Eindhoven - Fortuna Sittard,2866855737,2,64,8,24fvcruwqrqvqa3aonf8c3zuy,PSV Eindhoven,9vf02r3geinhsy732oxyrcacq,I. Saibari,26.775000000000002,48.21200000000001,0,0.0,turnover,False,0.0
2025-10-31_PSV Eindhoven - Fortuna Sittard,2866864487,2,74,42,3ebril33e08ddzob4bhq8awsr,Fortuna Sittard,8przxwwothu3crflys7ahl4dm,S. Adewoye,28.14,8.976,6,10.0,window_expired,False,0.0002248009071402147
2025-10-31_PSV Eindhoven - Fortuna Sittard,2866864825,2,75,0,24fvcruwqrqvqa3aonf8c3zuy,PSV Eindhoven,9vf02r3geinhsy732oxyrcacq,I. Saibari,39.06,26.248,4,9.0,turnover,True,0.0126415864940804
2025-10-31_PSV Eindhoven - Fortuna Sittard,2866866637,2,76,53,3ebril33e08ddzob4bhq8awsr,Fortuna Sittard,dsh8ta4q6v5ews2e19p9xh6y2,J. Hubner,44.730000000000004,54.33200000000001,0,0.0,turnover,False,0.0
2025-10-31_PSV Eindhoven - Fortuna Sittard,2866866571,2,77,0,24fvcruwqrqvqa3aonf8c3zuy,PSV Eindhoven,cmdeqxibr6holfqg17ap9uihg,Yarek Gąsiorowski,26.880000000000003,24.616000000000003,0,0.0,turnover,False,0.0
2025-10-31_PSV Eindhoven - Fortuna Sittard,2866866671,2,77,5,24fvcruwqrqvqa3aonf8c3zuy,PSV Eindhoven,emglxnqrlqskt8krglv7sziwa,R. Pepi,47.46000000000001,19.924000000000003,2,2.0,turnover,False,0.0006280204749236
2025-10-31_PSV Eindhoven - Fortuna Sittard,2866868337,2,79,4,24fvcruwqrqvqa3aonf8c3zuy,PSV Eindhoven,9vf02r3geinhsy732oxyrcacq,I. Saibari,70.875,15.096,0,0.0,turnover,False,0.0
2025-10-31_PSV Eindhoven - Fortuna Sittard,2866868545,2,79,19,3ebril33e08ddzob4bhq8awsr,Fortuna Sittard,dsh8ta4q6v5ews2e19p9xh6y2,J. Hubner,40.95,58.412000000000006,5,6.0,turnover,False,0.0008558872009698
2025-11-01_AFC Ajax - SC Heerenveen,2867266657,1,3,35,d0zdg647gvgc95xdtk1vpbkys,AFC Ajax,6km3r9cspyz7g6343o9mri63u,Raúl Moro,56.07,10.336,3,4.0,turnover,False,0.0
2025-11-01_AFC Ajax - SC Heerenveen,2867267899,1,3,47,d0zdg647gvgc95xdtk1vpbkys,AFC Ajax,2zkaf848fjcdhuii8783pkm7e,Y. Regeer,10.815000000000001,19.856,4,9.0,turnover,False,2.9864278858898752e-05
2025-11-01_AFC Ajax - SC Heerenveen,2867275597,1,8,4,4vd2t5schmvvufrfib7f2vjdf,SC Heerenveen,8jm8a7w3a5b5nzikcom7cvf2s,M. Willemsen,62.05500000000001,60.044000000000004,0,0.0,turnover,False,0.0
2025-11-01_AFC Ajax - SC Heerenveen,2867279593,1,9,55,4vd2t5schmvvufrfib7f2vjdf,SC Heerenveen,412l28fqhx21ivpcxzn1kpilm,V. Zagaritis,40.53,59.092000000000006,0,0.0,turnover,False,0.0
2025-11-01_AFC Ajax - SC Heerenveen,2867281063,1,10,36,4vd2t5schmvvufrfib7f2vjdf,SC Heerenveen,al7bdbzd91zkuh6ilsvw3fsru,V. Sejk,37.17,49.776,0,0.0,turnover,False,0.0
2025-11-01_AFC Ajax - SC Heerenveen,2867287285,1,13,22,4vd2t5schmvvufrfib7f2vjdf,SC Heerenveen,b5sf6wcogrvlwuwbd8xsyyfh1,J. van Overeem,58.905,62.968,2,3.0,turnover,False,0.0
2025-11-01_AFC Ajax - SC Heerenveen,2867300503,1,20,59,d0zdg647gvgc95xdtk1vpbkys,AFC Ajax,6km3r9cspyz7g6343o9mri63u,Raúl Moro,39.27,18.156000000000002,2,6.0,window_expired,False,3.0934016303219014e-05
2025-11-01_AFC Ajax - SC Heerenveen,2867301405,1,21,39,4vd2t5schmvvufrfib7f2vjdf,SC Heerenveen,ar7llmzju08n8yrqu8xm1thck,O. Braude,30.87,20.808000000000003,0,0.0,turnover,False,0.0
2025-11-01_AFC Ajax - SC Heerenveen,2867303917,1,24,10,d0zdg647gvgc95xdtk1vpbkys,AFC Ajax,dafbvyorudvujxw7zswicykmh,O. Wijndal,35.28,59.092000000000006,6,9.0,window_expired,False,0.0
2025-11-01_AFC Ajax - SC Heerenveen,2867304089,1,24,21,4vd2t5schmvvufrfib7f2vjdf,SC Heerenveen,b5sf6wcogrvlwuwbd8xsyyfh1,J. van Overeem,29.925,19.856,1,2.0,turnover,False,0.0
2025-11-01_AFC Ajax - SC Heerenveen,2867332277,1,28,12,d0zdg647gvgc95xdtk1vpbkys,AFC Ajax,57btqxe5sy3ygzxpp55p4umdx,W. Weghorst,52.29,3.74,0,0.0,turnover,False,0.0
2025-11-01_AFC Ajax - SC Heerenveen,2867332603,1,28,21,4vd2t5schmvvufrfib7f2vjdf,SC Heerenveen,aqnr6l3f02hx0soadunxbjcpg,J. Trenskow,46.62,41.82,0,0.0,turnover,False,0.0
2025-11-01_AFC Ajax - SC Heerenveen,2867334251,1,29,7,4vd2t5schmvvufrfib7f2vjdf,SC Heerenveen,idvh0ac1f8wv39640pyl4esp,S. Kersten,57.225,29.240000000000002,0,0.0,turnover,False,0.0
2025-11-01_AFC Ajax - SC Heerenveen,2867336041,1,29,51,d0zdg647gvgc95xdtk1vpbkys,AFC Ajax,70tsvrcmklvp4ecdhxlugf8ix,K. Itakura,61.425000000000004,9.520000000000001,2,6.0,turnover,False,0.0
2025-11-01_AFC Ajax - SC Heerenveen,2867337619,1,30,34,4vd2t5schmvvufrfib7f2vjdf,SC Heerenveen,8jm8a7w3a5b5nzikcom7cvf2s,M. Willemsen,18.480000000000004,44.064,5,7.0,turnover,False,6.180169184503981e-05
2025-11-01_AFC Ajax - SC Heerenveen,2867349209,1,35,59,4vd2t5schmvvufrfib7f2vjdf,SC Heerenveen,412l28fqhx21ivpcxzn1kpilm,V. Zagaritis,35.805,33.79600000000001,0,0.0,turnover,False,0.0
2025-11-01_AFC Ajax - SC Heerenveen,2867356805,1,39,33,4vd2t5schmvvufrfib7f2vjdf,SC Heerenveen,5oghztk07za2yuqq4jnav22y2,M. Rivera,72.135,63.648,3,3.0,turnover,False,0.0004225191645667
2025-11-01_AFC Ajax - SC Heerenveen,2867360625,1,41,25,4vd2t5schmvvufrfib7f2vjdf,SC Heerenveen,aqnr6l3f02hx0soadunxbjcpg,J. Trenskow,64.26,17.204,3,6.0,turnover,False,0.0
2025-11-01_AFC Ajax - SC Heerenveen,2867378001,1,48,42,4vd2t5schmvvufrfib7f2vjdf,SC Heerenveen,idvh0ac1f8wv39640pyl4esp,S. Kersten,19.740000000000002,5.984000000000001,1,1.0,turnover,False,0.0
2025-11-01_AFC Ajax - SC Heerenveen,2867412693,2,46,4,d0zdg647gvgc95xdtk1vpbkys,AFC Ajax,70tsvrcmklvp4ecdhxlugf8ix,K. Itakura,58.800000000000004,21.692,0,0.0,turnover,False,0.0
2025-11-01_AFC Ajax - SC Heerenveen,2867425313,2,56,0,4vd2t5schmvvufrfib7f2vjdf,SC Heerenveen,b5sf6wcogrvlwuwbd8xsyyfh1,J. van Overeem,75.28500000000001,63.03600000000001,0,0.0,turnover,False,0.0
2025-11-01_AFC Ajax - SC Heerenveen,2867427679,2,57,56,d0zdg647gvgc95xdtk1vpbkys,AFC Ajax,35qg0rrwtl00pycx468s62m3u,K. Taylor,74.76,25.772000000000002,4,7.0,window_expired,False,0.0032080498716977003
2025-11-01_AFC Ajax - SC Heerenveen,2867431589,2,60,39,4vd2t5schmvvufrfib7f2vjdf,SC Heerenveen,eu6pfkiah7otafyryg6ll7y09,L. Brouwers,64.47,45.084,1,0.0,turnover,False,0.0
2025-11-01_AFC Ajax - SC Heerenveen,2867454107,2,76,12,4vd2t5schmvvufrfib7f2vjdf,SC Heerenveen,5oghztk07za2yuqq4jnav22y2,M. Rivera,96.28500000000001,57.05200000000001,0,0.0,turnover,False,0.0
2025-11-01_AFC Ajax - SC Heerenveen,2867461859,2,82,24,d0zdg647gvgc95xdtk1vpbkys,AFC Ajax,9tp35qqu1heburu0g5wa6jv56,Lucas Rosa,40.635000000000005,58.004000000000005,0,0.0,turnover,False,0.0
2025-11-01_AFC Ajax - SC Heerenveen,2867462887,2,83,17,4vd2t5schmvvufrfib7f2vjdf,SC Heerenveen,8jm8a7w3a5b5nzikcom7cvf2s,M. Willemsen,34.44,21.488000000000003,0,0.0,turnover,False,0.0
2025-11-01_AFC Ajax - SC Heerenveen,2867463015,2,83,23,4vd2t5schmvvufrfib7f2vjdf,SC Heerenveen,idvh0ac1f8wv39640pyl4esp,S. Kersten,11.13,24.888,2,8.0,window_expired,False,0.0
2025-11-01_AFC Ajax - SC Heerenveen,2867478989,2,94,13,4vd2t5schmvvufrfib7f2vjdf,SC Heerenveen,d2698ncsatg6jtvb0l9ijhj4k,N. Hopland,30.450000000000003,27.472,0,0.0,turnover,False,0.0
2025-11-01_AFC Ajax - SC Heerenveen,2867479061,2,94,16,4vd2t5schmvvufrfib7f2vjdf,SC Heerenveen,d2698ncsatg6jtvb0l9ijhj4k,N. Hopland,24.36,36.652,2,2.0,turnover,False,0.0
2025-11-01_Feyenoord Rotterdam - FC Volendam,2867583495,1,5,56,6g9qrm72224jrk6tkxxxi8a9n,FC Volendam,6bklt91zc5vietmdc8r31zl2i,D. Payne,34.964999999999996,7.208,3,2.0,turnover,False,0.0001812864793287
2025-11-01_Feyenoord Rotterdam - FC Volendam,2867589673,1,10,33,20vymiy7bo8wkyxai3ew494fz,Feyenoord Rotterdam,dtcvzfse83ztj96kiizwp6jqi,G. Smal,49.245,28.832,0,0.0,turnover,False,0.0
2025-11-01_Feyenoord Rotterdam - FC Volendam,2867589789,1,10,37,6g9qrm72224jrk6tkxxxi8a9n,FC Volendam,btrg844mxkl6kbn89s7aecj8q,G. Yah,41.895,40.800000000000004,0,0.0,turnover,False,0.0
2025-11-01_Feyenoord Rotterdam - FC Volendam,2867596229,1,15,26,20vymiy7bo8wkyxai3ew494fz,Feyenoord Rotterdam,1pezvbb0n8z7hu5063jysg2s4,L. Sauer,38.325,43.044000000000004,0,0.0,turnover,False,0.0
2025-11-01_Feyenoord Rotterdam - FC Volendam,2867596591,1,15,39,6g9qrm72224jrk6tkxxxi8a9n,FC Volendam,6bklt91zc5vietmdc8r31zl2i,D. Payne,39.795,3.06,1,1.0,turnover,False,0.0
2025-11-01_Feyenoord Rotterdam - FC Volendam,2867597007,1,15,56,6g9qrm72224jrk6tkxxxi8a9n,FC Volendam,btrg844mxkl6kbn89s7aecj8q,G. Yah,29.61,34.408,0,0.0,turnover,False,0.0
2025-11-01_Feyenoord Rotterdam - FC Volendam,2867625503,1,40,6,6g9qrm72224jrk6tkxxxi8a9n,FC Volendam,btrg844mxkl6kbn89s7aecj8q,G. Yah,21.945,30.464,0,0.0,turnover,False,0.0
2025-11-01_Feyenoord Rotterdam - FC Volendam,2867630355,1,44,25,6g9qrm72224jrk6tkxxxi8a9n,FC Volendam,4utx4h5jz14whtjawxn7ox0r8,N. Verschuren,8.085,32.43600000000001,3,3.0,turnover,False,0.0
2025-11-01_Feyenoord Rotterdam - FC Volendam,2867633099,1,46,57,6g9qrm72224jrk6tkxxxi8a9n,FC Volendam,ealh7n21gctxxw5ol3l3yxzze,Y. Leliendal,34.230000000000004,46.03600000000001,1,5.0,turnover,False,0.0
2025-11-01_Feyenoord Rotterdam - FC Volendam,2867646771,2,47,34,20vymiy7bo8wkyxai3ew494fz,Feyenoord Rotterdam,29fr98or3mqippn84z3p9ihhw,L. Valente,72.55499999999999,15.3,0,0.0,turnover,False,0.0
2025-11-01_Feyenoord Rotterdam - FC Volendam,2867661717,2,61,17,20vymiy7bo8wkyxai3ew494fz,Feyenoord Rotterdam,ecqjg6wtntf1guejvm10redck,G. Read,49.56,8.772,2,0.0,turnover,False,0.0002300533953099
2025-11-01_Feyenoord Rotterdam - FC Volendam,2867666821,2,65,59,20vymiy7bo8wkyxai3ew494fz,Feyenoord Rotterdam,8f3bhiy6r5eei1n25exhbwr8p,J. Lotomba,28.245,64.12400000000001,1,0.0,window_expired,False,0.0
2025-11-01_Feyenoord Rotterdam - FC Volendam,2867677203,2,76,56,6g9qrm72224jrk6tkxxxi8a9n,FC Volendam,4utx4h5jz14whtjawxn7ox0r8,N. Verschuren,15.540000000000001,51.61200000000001,1,1.0,turnover,False,0.0
2025-11-01_Feyenoord Rotterdam - FC Volendam,2867677433,2,77,9,20vymiy7bo8wkyxai3ew494fz,Feyenoord Rotterdam,6fdwd71dx2qu7uzzs3ozm9x7u,T. Watanabe,54.81,31.824,0,0.0,turnover,False,0.0
2025-11-01_Feyenoord Rotterdam - FC Volendam,2867677537,2,77,14,20vymiy7bo8wkyxai3ew494fz,Feyenoord Rotterdam,8f3bhiy6r5eei1n25exhbwr8p,J. Lotomba,36.330000000000005,58.208,1,1.0,turnover,False,0.0
2025-11-01_Feyenoord Rotterdam - FC Volendam,2867682133,2,81,30,6g9qrm72224jrk6tkxxxi8a9n,FC Volendam,xvher4f1mb6otoui5k5gs3ro,N. Bukala,62.160000000000004,21.624000000000002,5,9.0,window_expired,False,0.0026337333557872
2025-11-01_Feyenoord Rotterdam - FC Volendam,2867692459,2,91,27,20vymiy7bo8wkyxai3ew494fz,Feyenoord Rotterdam,43ib46nh45n9oajf5rmaz4f6x,Hwang In-Beom,70.77000000000001,22.236000000000004,4,4.0,turnover,True,0.0012761945028433
2025-11-01_NAC Breda - Go Ahead Eagles,2867504439,1,7,47,59t7flioj4w4mpwnrwbm0m8ck,NAC Breda,8nnxi9lw3hso096kk81h0azh0,J. Talvitie,26.565,13.328000000000001,0,0.0,turnover,False,0.0
2025-11-01_NAC Breda - Go Ahead Eagles,2867507401,1,10,58,b79uipsy57y1jqpy07h4i5ovk,Go Ahead Eagles,61a5bh5xw947nv4mxx62gqaqx,J. Kramer,70.875,42.432,0,0.0,turnover,False,0.0
2025-11-01_NAC Breda - Go Ahead Eagles,2867507467,1,11,1,b79uipsy57y1jqpy07h4i5ovk,Go Ahead Eagles,61a5bh5xw947nv4mxx62gqaqx,J. Kramer,59.955000000000005,57.664,0,0.0,turnover,False,0.0
2025-11-01_NAC Breda - Go Ahead Eagles,2867510131,1,13,6,b79uipsy57y1jqpy07h4i5ovk,Go Ahead Eagles,61a5bh5xw947nv4mxx62gqaqx,J. Kramer,32.97,38.692,6,10.0,window_expired,False,0.0011158703675179906
2025-11-01_NAC Breda - Go Ahead Eagles,2867572839,2,50,15,59t7flioj4w4mpwnrwbm0m8ck,NAC Breda,bdb33nwcpd2jufn9ggtl7gvzd,B. Lucassen,31.395,35.156000000000006,1,1.0,turnover,False,0.0
2025-11-01_NAC Breda - Go Ahead Eagles,2867574171,2,51,43,59t7flioj4w4mpwnrwbm0m8ck,NAC Breda,dc4n5ylytswddlvd82snkb90q,S. van Hooijdonk,33.39,32.028000000000006,2,4.0,turnover,False,0.0002669490302716
2025-11-01_NAC Breda - Go Ahead Eagles,2867587297,2,62,42,59t7flioj4w4mpwnrwbm0m8ck,NAC Breda,8z4wdv767cv7ddqgrkz5txsrt,B. Kemper,20.475,58.61600000000001,0,0.0,turnover,False,0.0
2025-11-01_NAC Breda - Go Ahead Eagles,2867921351,2,86,3,b79uipsy57y1jqpy07h4i5ovk,Go Ahead Eagles,d8cxurdt9g5gezqlfwae7ooru,M. Meulensteen,64.575,4.760000000000001,3,5.0,window_expired,False,0.0029996581256199
2025-11-01_NAC Breda - Go Ahead Eagles,2867618739,2,87,51,b79uipsy57y1jqpy07h4i5ovk,Go Ahead Eagles,d8cxurdt9g5gezqlfwae7ooru,M. Meulensteen,32.34,21.42,0,0.0,turnover,False,0.0
2025-11-01_NAC Breda - Go Ahead Eagles,2867628105,2,96,23,b79uipsy57y1jqpy07h4i5ovk,Go Ahead Eagles,1mroid71v9bwpx0iaospei9gq,R. Margaret,9.450000000000001,64.804,1,2.0,turnover,False,0.0
2025-11-01_SC Telstar - SBV Excelsior,2867647385,1,7,16,dqk062lu0vm8epvytbm6r4mmf,SBV Excelsior,c6i4usq34m3389rtbqptahrai,R. Meissen,25.095,37.80800000000001,0,0.0,turnover,False,0.0
2025-11-01_SC Telstar - SBV Excelsior,2867647987,1,7,50,zjawy6qdzk3y69v5pa3zl2cb,SC Telstar,1k60tee702idfrp0ibca1s57u,G. Offerhaus,63.0,60.79200000000001,4,6.0,turnover,False,0.0020104367720275
2025-11-01_SC Telstar - SBV Excelsior,2867654389,1,13,40,zjawy6qdzk3y69v5pa3zl2cb,SC Telstar,14csdlb8p0tnj6zqrs148ct1w,J. Ritmeester van de Kamp,66.045,61.268,0,0.0,turnover,False,0.0
2025-11-01_SC Telstar - SBV Excelsior,2867663107,1,21,39,dqk062lu0vm8epvytbm6r4mmf,SBV Excelsior,5wwqe546ohp130rvi8x8pt0tm,A. Zagré,34.125,46.988,0,0.0,turnover,False,0.0
2025-11-01_SC Telstar - SBV Excelsior,2867663267,1,21,44,zjawy6qdzk3y69v5pa3zl2cb,SC Telstar,14csdlb8p0tnj6zqrs148ct1w,J. Ritmeester van de Kamp,65.52,48.96,0,0.0,turnover,False,0.0
2025-11-01_SC Telstar - SBV Excelsior,2867665631,1,23,53,zjawy6qdzk3y69v5pa3zl2cb,SC Telstar,1zybkcmp40td92a6yg8sw9uga,T. Owusu,37.905,46.92,2,2.0,turnover,False,0.0
2025-11-01_SC Telstar - SBV Excelsior,2867686787,1,45,1,zjawy6qdzk3y69v5pa3zl2cb,SC Telstar,4bkb8qjb5n33wxfopju8r1mtx,D. Bakker,38.85,58.888,2,2.0,turnover,False,9.956792601253928e-06
2025-11-01_SC Telstar - SBV Excelsior,2867689719,1,47,51,dqk062lu0vm8epvytbm6r4mmf,SBV Excelsior,cdhqb1a4h246hu0u13pm0tqay,I. Bronkhorst,31.185000000000002,13.736,1,5.0,turnover,False,0.0
2025-11-01_SC Telstar - SBV Excelsior,2868281923,2,57,18,dqk062lu0vm8epvytbm6r4mmf,SBV Excelsior,c6i4usq34m3389rtbqptahrai,R. Meissen,14.91,38.624,0,0.0,turnover,False,0.0
2025-11-01_SC Telstar - SBV Excelsior,2867727983,2,84,18,zjawy6qdzk3y69v5pa3zl2cb,SC Telstar,1vn6w1mjdztfks75bxn0hk7x0,S. Hetli,4.83,45.288,1,1.0,turnover,False,0.0
2025-11-01_SC Telstar - SBV Excelsior,2867734745,2,87,30,zjawy6qdzk3y69v5pa3zl2cb,SC Telstar,52cqyvn8cfh83i5zwm3181pbe,T. Noslin,43.260000000000005,17.204,5,9.0,window_expired,False,0.0181405504065197
2025-11-01_SC Telstar - SBV Excelsior,2867730379,2,88,59,dqk062lu0vm8epvytbm6r4mmf,SBV Excelsior,cdhqb1a4h246hu0u13pm0tqay,I. Bronkhorst,69.405,31.416000000000004,0,0.0,turnover,False,0.0
2025-11-02_FC Groningen - FC Twente,2868023783,1,6,58,4tic29sox7m39fy1ztgv0jsiq,FC Twente,lduqoe45t2fnbn9s9rbvlnf9,R. Pröpper,25.725,56.236000000000004,0,0.0,turnover,False,0.0
2025-11-02_FC Groningen - FC Twente,2868030029,1,12,31,4tic29sox7m39fy1ztgv0jsiq,FC Twente,a339o11ut8s1o9odm6ybc4pka,T. van den Belt,73.29,54.876000000000005,0,0.0,turnover,False,0.0
2025-11-02_FC Groningen - FC Twente,2868043227,1,26,0,4tic29sox7m39fy1ztgv0jsiq,FC Twente,qobf1v5kwuz6hj2ooixfw4mi,B. van Rooij,12.81,12.512,0,0.0,turnover,False,0.0
2025-11-02_FC Groningen - FC Twente,2868054957,1,34,28,4tic29sox7m39fy1ztgv0jsiq,FC Twente,5r47vtvu418kae5j2rpv6w2dw,M. Rots,68.88,58.61600000000001,0,0.0,turnover,False,0.0
2025-11-02_FC Groningen - FC Twente,2868067597,1,44,42,cos9hxi16eitbcbthof7zrm4m,FC Groningen,f4liap69r76gyc8pnxsergbqi,T. de Jonge,60.795,52.7,1,1.0,turnover,False,0.0
2025-11-02_FC Groningen - FC Twente,2868100209,2,53,18,4tic29sox7m39fy1ztgv0jsiq,FC Twente,lduqoe45t2fnbn9s9rbvlnf9,R. Pröpper,48.615,9.452000000000002,3,3.0,turnover,False,0.0
2025-11-02_FC Groningen - FC Twente,2868100883,2,53,48,4tic29sox7m39fy1ztgv0jsiq,FC Twente,qobf1v5kwuz6hj2ooixfw4mi,B. van Rooij,26.25,4.964,2,10.0,turnover,False,0.0
2025-11-02_FC Groningen - FC Twente,2868104355,2,56,20,cos9hxi16eitbcbthof7zrm4m,FC Groningen,9wwud2tglhtdocmjgl2u5ib6c,T. Blokzijl,61.11000000000001,27.404,3,3.0,turnover,False,0.0013465127571242
2025-11-02_FC Groningen - FC Twente,2868104867,2,56,41,4tic29sox7m39fy1ztgv0jsiq,FC Twente,5r47vtvu418kae5j2rpv6w2dw,M. Rots,15.225000000000001,62.968,0,0.0,turnover,False,0.0
2025-11-02_FC Groningen - FC Twente,2868110067,2,61,29,cos9hxi16eitbcbthof7zrm4m,FC Groningen,98qi4clazqen9kimkxt3jb6j9,M. Peersman,66.25500000000001,58.412000000000006,0,0.0,turnover,False,0.0
2025-11-02_FC Groningen - FC Twente,2868110937,2,62,42,4tic29sox7m39fy1ztgv0jsiq,FC Twente,lduqoe45t2fnbn9s9rbvlnf9,R. Pröpper,29.925,2.5160000000000005,1,1.0,turnover,False,0.0
2025-11-02_FC Groningen - FC Twente,2868115175,2,68,41,4tic29sox7m39fy1ztgv0jsiq,FC Twente,a339o11ut8s1o9odm6ybc4pka,T. van den Belt,47.04,52.224000000000004,5,10.0,window_expired,False,0.00013919346054884485
2025-11-02_FC Groningen - FC Twente,2868117697,2,71,46,cos9hxi16eitbcbthof7zrm4m,FC Groningen,f4liap69r76gyc8pnxsergbqi,T. de Jonge,55.02,36.992000000000004,2,4.0,turnover,False,0.0
2025-11-02_FC Groningen - FC Twente,2868119705,2,73,28,cos9hxi16eitbcbthof7zrm4m,FC Groningen,by85t8ssyumcjcks1jx3v96vo,Y. Taha,35.385000000000005,37.196000000000005,2,4.0,turnover,False,0.0
2025-11-02_FC Groningen - FC Twente,2868121355,2,74,55,4tic29sox7m39fy1ztgv0jsiq,FC Twente,a339o11ut8s1o9odm6ybc4pka,T. van den Belt,26.25,28.424,3,3.0,turnover,False,0.0010673904432883
2025-11-02_FC Groningen - FC Twente,2868144429,2,89,45,cos9hxi16eitbcbthof7zrm4m,FC Groningen,98qi4clazqen9kimkxt3jb6j9,M. Peersman,10.185,41.276,2,6.0,turnover,False,0.0
2025-11-02_FC Utrecht - Nijmegen Eendracht Combinatie,2868192343,1,2,55,8iawijq7s9s6d85mjz8wdslki,Nijmegen Eendracht Combinatie,dse071e8zbzm8l37m64g6e1p0,K. Sano,68.565,13.464000000000002,6,10.0,window_expired,False,0.0037308423458459997
2025-11-02_FC Utrecht - Nijmegen Eendracht Combinatie,2868196895,1,6,52,ccpscwdcm65czscrun048ecn5,FC Utrecht,3r6elcuru7no13hrfczmwbmy1,S. Horemans,49.56,7.48,1,1.0,turnover,False,0.0
2025-11-02_FC Utrecht - Nijmegen Eendracht Combinatie,2868197365,1,7,20,ccpscwdcm65czscrun048ecn5,FC Utrecht,9ano8w4jrlk6zq92rxchzaru2,Miguel Rodríguez,65.73,7.548,3,8.0,turnover,False,0.0
2025-11-02_FC Utrecht - Nijmegen Eendracht Combinatie,2868199065,1,9,27,8iawijq7s9s6d85mjz8wdslki,Nijmegen Eendracht Combinatie,8kydif03gk6apce8xwl9w3ht5,T. Ouwejan,31.290000000000003,65.008,0,0.0,turnover,False,0.0
2025-11-02_FC Utrecht - Nijmegen Eendracht Combinatie,2868207017,1,16,24,8iawijq7s9s6d85mjz8wdslki,Nijmegen Eendracht Combinatie,dse071e8zbzm8l37m64g6e1p0,K. Sano,25.41,25.024,2,3.0,turnover,False,0.0
2025-11-02_FC Utrecht - Nijmegen Eendracht Combinatie,2868207113,1,16,28,ccpscwdcm65czscrun048ecn5,FC Utrecht,4ej8uchqe3rt1s5h6phjo3310,G. Zechiël,74.97000000000001,45.288,3,2.0,turnover,False,0.0
2025-11-02_FC Utrecht - Nijmegen Eendracht Combinatie,2868215355,1,20,55,ccpscwdcm65czscrun048ecn5,FC Utrecht,cy0lv5u16obr2ne4xiins43x1,S. Haller,61.635000000000005,59.50000000000001,1,2.0,turnover,False,0.0
2025-11-02_FC Utrecht - Nijmegen Eendracht Combinatie,2868214105,1,21,39,ccpscwdcm65czscrun048ecn5,FC Utrecht,8ymqihdfqc7esda7y407lebx1,D. de Wit,33.18,41.61600000000001,5,2.0,turnover,False,5.997703782095742e-07
2025-11-02_FC Utrecht - Nijmegen Eendracht Combinatie,2868218699,1,24,54,8iawijq7s9s6d85mjz8wdslki,Nijmegen Eendracht Combinatie,4kns22wbu3emy5oxbpr52rdud,E. Dasa,60.06,5.032000000000001,0,0.0,turnover,False,0.0
2025-11-02_FC Utrecht - Nijmegen Eendracht Combinatie,2868221673,1,26,59,ccpscwdcm65czscrun048ecn5,FC Utrecht,c2an5ksdu6jbap3x3jp3z9c5x,N. Viergever,21.315,41.752,0,0.0,turnover,False,0.0
2025-11-02_FC Utrecht - Nijmegen Eendracht Combinatie,2868233041,1,35,10,8iawijq7s9s6d85mjz8wdslki,Nijmegen Eendracht Combinatie,4kns22wbu3emy5oxbpr52rdud,E. Dasa,55.964999999999996,13.804000000000002,0,0.0,turnover,False,0.0
2025-11-02_FC Utrecht - Nijmegen Eendracht Combinatie,2868248925,1,46,43,8iawijq7s9s6d85mjz8wdslki,Nijmegen Eendracht Combinatie,4kns22wbu3emy5oxbpr52rdud,E. Dasa,39.165,26.180000000000003,2,2.0,turnover,False,0.0
2025-11-02_FC Utrecht - Nijmegen Eendracht Combinatie,2868273981,2,45,39,ccpscwdcm65czscrun048ecn5,FC Utrecht,8lt54ei6pcu25u8uerigmx5yi,A. Engwanda,6.405,14.212,1,3.0,turnover,False,0.0
2025-11-02_FC Utrecht - Nijmegen Eendracht Combinatie,2868807015,2,51,53,8iawijq7s9s6d85mjz8wdslki,Nijmegen Eendracht Combinatie,8gde39dg3u3kqhd8pa2mdcn2t,T. Chery,40.214999999999996,24.208000000000002,2,2.0,turnover,False,0.0
2025-11-02_FC Utrecht - Nijmegen Eendracht Combinatie,2868282497,2,54,7,ccpscwdcm65czscrun048ecn5,FC Utrecht,3r6elcuru7no13hrfczmwbmy1,S. Horemans,58.065,2.72,4,8.0,window_expired,False,0.0071773052997029
2025-11-02_FC Utrecht - Nijmegen Eendracht Combinatie,2868289223,2,59,25,8iawijq7s9s6d85mjz8wdslki,Nijmegen Eendracht Combinatie,4kns22wbu3emy5oxbpr52rdud,E. Dasa,19.635,35.02,0,0.0,turnover,False,0.0
2025-11-02_FC Utrecht - Nijmegen Eendracht Combinatie,2868289405,2,59,33,8iawijq7s9s6d85mjz8wdslki,Nijmegen Eendracht Combinatie,2yivr64anye4c0p62m16l78yc,S. Ouaissa,31.71,14.824000000000002,2,3.0,turnover,False,0.0085881621230168
2025-11-02_FC Utrecht - Nijmegen Eendracht Combinatie,2868291185,2,60,56,ccpscwdcm65czscrun048ecn5,FC Utrecht,c2an5ksdu6jbap3x3jp3z9c5x,N. Viergever,27.405,52.7,2,4.0,turnover,False,0.0
2025-11-02_FC Utrecht - Nijmegen Eendracht Combinatie,2868292187,2,61,46,ccpscwdcm65czscrun048ecn5,FC Utrecht,3r6elcuru7no13hrfczmwbmy1,S. Horemans,10.605,35.768,1,1.0,turnover,False,0.0
2025-11-02_FC Utrecht - Nijmegen Eendracht Combinatie,2868299159,2,67,43,ccpscwdcm65czscrun048ecn5,FC Utrecht,8lt54ei6pcu25u8uerigmx5yi,A. Engwanda,28.35,17.816000000000003,0,0.0,turnover,False,0.0
2025-11-02_FC Utrecht - Nijmegen Eendracht Combinatie,2868828827,2,70,5,ccpscwdcm65czscrun048ecn5,FC Utrecht,4ej8uchqe3rt1s5h6phjo3310,G. Zechiël,67.935,39.78,0,0.0,turnover,False,0.0
2025-11-02_FC Utrecht - Nijmegen Eendracht Combinatie,2868306395,2,73,1,ccpscwdcm65czscrun048ecn5,FC Utrecht,9ano8w4jrlk6zq92rxchzaru2,Miguel Rodríguez,19.425,8.364,0,0.0,turnover,False,0.0
2025-11-02_FC Utrecht - Nijmegen Eendracht Combinatie,2868310115,2,76,4,8iawijq7s9s6d85mjz8wdslki,Nijmegen Eendracht Combinatie,1gl82ymzh9vpitix6v645awa,D. Nejašmić,25.62,6.868,4,8.0,window_expired,False,4.862960470741751e-05
2025-11-02_FC Utrecht - Nijmegen Eendracht Combinatie,2868330059,2,93,8,8iawijq7s9s6d85mjz8wdslki,Nijmegen Eendracht Combinatie,8624hqd4nlbzcoqsetvsvla8k,D. Fonville,4.305,64.396,1,0.0,turnover,False,0.0
2025-11-02_Heracles Almelo - PEC Zwolle,2867912393,1,2,26,dac758ef858jbq7pcb3gfwite,Heracles Almelo,ait187bpr8we72jvfxxt6ttjp,M. te Wierik,45.36000000000001,5.644000000000001,3,7.0,turnover,False,0.0032631487271169
2025-11-02_Heracles Almelo - PEC Zwolle,2867916541,1,11,12,dac758ef858jbq7pcb3gfwite,Heracles Almelo,do5gstk4ks97daehnudehyjxm,J. Žambůrek,66.675,60.248,1,3.0,turnover,False,0.0
2025-11-02_Heracles Almelo - PEC Zwolle,2867918445,1,15,9,dac758ef858jbq7pcb3gfwite,Heracles Almelo,do5gstk4ks97daehnudehyjxm,J. Žambůrek,63.42,17.612000000000002,1,2.0,turnover,False,0.0
2025-11-02_Heracles Almelo - PEC Zwolle,2867921039,1,18,55,dac758ef858jbq7pcb3gfwite,Heracles Almelo,8oetnmi8kejwwy37rhlelw2ne,W. Ould-Chikh,37.695,20.468000000000004,6,7.0,turnover,False,0.0005292193363264
2025-11-02_Heracles Almelo - PEC Zwolle,2867924883,1,23,59,2uuh2bir8ktof0uxfo06lb4ox,PEC Zwolle,5mqog8k9eyi248jvrrp9fo8wk,N. Fichtinger,26.355000000000004,57.39200000000001,0,0.0,turnover,False,0.0
2025-11-02_Heracles Almelo - PEC Zwolle,2867931071,1,32,26,dac758ef858jbq7pcb3gfwite,Heracles Almelo,mlqit2c8my1ewqy6avrfhf8q,A. Van Hoorenbeeck,46.62,45.15200000000001,0,0.0,turnover,False,0.0
2025-11-02_Heracles Almelo - PEC Zwolle,2867932445,1,33,34,2uuh2bir8ktof0uxfo06lb4ox,PEC Zwolle,awsbedog2zaz7zpjucbcba82y,S. Shoretire,72.135,14.212,1,3.0,turnover,False,0.0
2025-11-02_Heracles Almelo - PEC Zwolle,2867936951,1,42,31,dac758ef858jbq7pcb3gfwite,Heracles Almelo,do5gstk4ks97daehnudehyjxm,J. Žambůrek,56.175000000000004,64.05600000000001,0,0.0,turnover,False,0.0
2025-11-02_Heracles Almelo - PEC Zwolle,2868716555,2,45,21,2uuh2bir8ktof0uxfo06lb4ox,PEC Zwolle,4phgw75cred5p93hjq8hiou6t,S. Floranus,28.455000000000002,48.21200000000001,1,2.0,turnover,False,0.0
2025-11-02_Heracles Almelo - PEC Zwolle,2867954225,2,45,44,2uuh2bir8ktof0uxfo06lb4ox,PEC Zwolle,d5g7rl9a83vu3cyyzvu5yveqy,A. MacNulty,31.5,53.17600000000001,0,0.0,turnover,False,0.0
2025-11-02_Heracles Almelo - PEC Zwolle,2867960269,2,54,29,2uuh2bir8ktof0uxfo06lb4ox,PEC Zwolle,4phgw75cred5p93hjq8hiou6t,S. Floranus,38.22,65.008,3,4.0,turnover,False,0.0002218778066611
2025-11-02_Heracles Almelo - PEC Zwolle,2867961841,2,56,56,2uuh2bir8ktof0uxfo06lb4ox,PEC Zwolle,10k3fz1ibikbugv4c45ewy87o,J. Pereira da Gama,16.695,55.42,0,0.0,turnover,False,0.0
2025-11-02_Heracles Almelo - PEC Zwolle,2867967977,2,64,39,dac758ef858jbq7pcb3gfwite,Heracles Almelo,6ok4k757utbtswx5618xffsru,I. Mesík,41.160000000000004,64.60000000000001,0,0.0,turnover,False,0.0
2025-11-02_Heracles Almelo - PEC Zwolle,2867968329,2,65,4,dac758ef858jbq7pcb3gfwite,Heracles Almelo,8oetnmi8kejwwy37rhlelw2ne,W. Ould-Chikh,53.655,52.496,2,4.0,turnover,True,0.0
2025-11-02_Heracles Almelo - PEC Zwolle,2867981751,2,80,21,2uuh2bir8ktof0uxfo06lb4ox,PEC Zwolle,4phgw75cred5p93hjq8hiou6t,S. Floranus,34.125,63.24,1,1.0,turnover,False,0.0
2025-11-02_Heracles Almelo - PEC Zwolle,2867983763,2,83,48,dac758ef858jbq7pcb3gfwite,Heracles Almelo,mlqit2c8my1ewqy6avrfhf8q,A. Van Hoorenbeeck,48.825,47.328,0,0.0,turnover,False,0.0
2025-11-02_Heracles Almelo - PEC Zwolle,2867983885,2,84,0,dac758ef858jbq7pcb3gfwite,Heracles Almelo,do5gstk4ks97daehnudehyjxm,J. Žambůrek,71.08500000000001,61.132000000000005,0,0.0,turnover,False,0.0
2025-11-02_Sparta Rotterdam - Alkmaar Zaanstreek,2868017373,1,2,18,3kfktv64h7kg7zryax1wktr5r,Alkmaar Zaanstreek,ck3l6a262hves3v6nywarx9pm,Alexandre Penetra,61.425000000000004,57.39200000000001,2,2.0,window_expired,False,0.0
2025-11-02_Sparta Rotterdam - Alkmaar Zaanstreek,2868021685,1,6,8,89w5c6pw7vn0dxypi61tt0g4k,Sparta Rotterdam,6ab5gq2owk86qs5zjottfhwmi,T. Quintero,31.290000000000003,43.52,0,0.0,turnover,False,0.0
2025-11-02_Sparta Rotterdam - Alkmaar Zaanstreek,2868023357,1,7,32,89w5c6pw7vn0dxypi61tt0g4k,Sparta Rotterdam,6ab5gq2owk86qs5zjottfhwmi,T. Quintero,34.33500000000001,63.24,0,0.0,turnover,False,0.0
2025-11-02_Sparta Rotterdam - Alkmaar Zaanstreek,2868025355,1,9,5,3kfktv64h7kg7zryax1wktr5r,Alkmaar Zaanstreek,7jpreaads35pnnfqbn7hmrmy,S. Mijnans,50.925000000000004,35.768,0,0.0,turnover,False,0.0
2025-11-02_Sparta Rotterdam - Alkmaar Zaanstreek,2868037631,1,20,28,3kfktv64h7kg7zryax1wktr5r,Alkmaar Zaanstreek,ck3l6a262hves3v6nywarx9pm,Alexandre Penetra,57.75,19.584000000000003,3,7.0,window_expired,False,0.000472287838914
2025-11-02_Sparta Rotterdam - Alkmaar Zaanstreek,2868039067,1,22,2,3kfktv64h7kg7zryax1wktr5r,Alkmaar Zaanstreek,b94d67jluhh4076wp2se5fqsq,D. Kasius,59.535000000000004,8.024000000000001,2,2.0,turnover,False,0.0
2025-11-02_Sparta Rotterdam - Alkmaar Zaanstreek,2868053995,1,35,57,3kfktv64h7kg7zryax1wktr5r,Alkmaar Zaanstreek,8u19xeh9ugvh8f1mh7jnbbhuc,K. Smit,45.78,44.336000000000006,0,0.0,turnover,False,0.0
2025-11-02_Sparta Rotterdam - Alkmaar Zaanstreek,2868690011,1,36,39,89w5c6pw7vn0dxypi61tt0g4k,Sparta Rotterdam,ccmmsnrfn58gwi1petlp08f3e,L. Duijvestijn,28.245,18.428,0,0.0,turnover,False,0.0
2025-11-02_Sparta Rotterdam - Alkmaar Zaanstreek,2868065109,1,43,52,89w5c6pw7vn0dxypi61tt0g4k,Sparta Rotterdam,f57vs3qmmob743hdk2dxf56cq,S. Sambo,56.7,3.944,0,0.0,turnover,False,0.0
2025-11-02_Sparta Rotterdam - Alkmaar Zaanstreek,2868702033,2,50,25,3kfktv64h7kg7zryax1wktr5r,Alkmaar Zaanstreek,9lixevzo8exxiia17altfw8ic,W. Goes,76.965,38.012,0,0.0,turnover,False,0.0
2025-11-02_Sparta Rotterdam - Alkmaar Zaanstreek,2868111207,2,64,22,89w5c6pw7vn0dxypi61tt0g4k,Sparta Rotterdam,byirjks50zw1eefkcy8p4hd5h,B. Martins Indi,59.85,23.868000000000002,1,3.0,turnover,False,0.0
2025-11-02_Sparta Rotterdam - Alkmaar Zaanstreek,2868113817,2,67,52,89w5c6pw7vn0dxypi61tt0g4k,Sparta Rotterdam,6ab5gq2owk86qs5zjottfhwmi,T. Quintero,48.93000000000001,40.188,1,2.0,turnover,False,0.0
2025-11-02_Sparta Rotterdam - Alkmaar Zaanstreek,2868143151,2,90,14,3kfktv64h7kg7zryax1wktr5r,Alkmaar Zaanstreek,3dx91sb6ktg8z1xmoti25kru,P. Koopmeiners,28.980000000000004,24.208000000000002,1,0.0,turnover,False,0.0
2025-11-07_FC Twente - SC Telstar,2870127551,1,1,11,4tic29sox7m39fy1ztgv0jsiq,FC Twente,36veg0wk1z3om89daf0clbl5h,R. van Wolfswinkel,37.905,64.668,1,0.0,turnover,False,0.0
2025-11-07_FC Twente - SC Telstar,2870130057,1,3,30,zjawy6qdzk3y69v5pa3zl2cb,SC Telstar,y1ky8sp8scl05mmfr7byy3md,J. Hardeveld,65.625,54.604,3,1.0,turnover,False,0.0
2025-11-07_FC Twente - SC Telstar,2870130083,1,3,32,4tic29sox7m39fy1ztgv0jsiq,FC Twente,qobf1v5kwuz6hj2ooixfw4mi,B. van Rooij,33.495,9.112,1,1.0,turnover,False,0.0
2025-11-07_FC Twente - SC Telstar,2870143691,1,15,40,4tic29sox7m39fy1ztgv0jsiq,FC Twente,a339o11ut8s1o9odm6ybc4pka,T. van den Belt,23.415000000000003,26.792,4,5.0,turnover,False,0.0002576565999629
2025-11-07_FC Twente - SC Telstar,2870147065,1,18,45,zjawy6qdzk3y69v5pa3zl2cb,SC Telstar,52cqyvn8cfh83i5zwm3181pbe,T. Noslin,31.290000000000003,7.684000000000001,0,0.0,turnover,False,0.0
2025-11-07_FC Twente - SC Telstar,2870156273,1,28,4,4tic29sox7m39fy1ztgv0jsiq,FC Twente,lduqoe45t2fnbn9s9rbvlnf9,R. Pröpper,13.755,37.264,6,8.0,window_expired,False,0.0003621311427136
2025-11-07_FC Twente - SC Telstar,2870158405,1,29,54,4tic29sox7m39fy1ztgv0jsiq,FC Twente,9nix5y8xcj34ps62r34udtqwa,K. Hlynsson,66.99,13.804000000000002,2,2.0,turnover,False,0.0
2025-11-07_FC Twente - SC Telstar,2870170627,1,40,48,zjawy6qdzk3y69v5pa3zl2cb,SC Telstar,14csdlb8p0tnj6zqrs148ct1w,J. Ritmeester van de Kamp,21.0,56.57600000000001,1,2.0,turnover,False,0.0
2025-11-07_FC Twente - SC Telstar,2870196589,2,50,31,zjawy6qdzk3y69v5pa3zl2cb,SC Telstar,14csdlb8p0tnj6zqrs148ct1w,J. Ritmeester van de Kamp,47.98500000000001,30.396000000000004,3,2.0,turnover,False,0.0004993217096105
2025-11-07_FC Twente - SC Telstar,2870197955,2,51,37,zjawy6qdzk3y69v5pa3zl2cb,SC Telstar,4bkb8qjb5n33wxfopju8r1mtx,D. Bakker,43.050000000000004,54.400000000000006,4,9.0,window_expired,False,0.0013052042210281
2025-11-07_FC Twente - SC Telstar,2870200637,2,54,0,zjawy6qdzk3y69v5pa3zl2cb,SC Telstar,cp866ucakmwqiwxrstkaxwgt0,N. Rossen,20.265,18.02,2,3.0,turnover,False,0.0
2025-11-07_FC Twente - SC Telstar,2870203953,2,56,50,zjawy6qdzk3y69v5pa3zl2cb,SC Telstar,f5pgdha5h37xytbk1zq8q710,D. Koswal,21.0,24.276000000000003,0,0.0,turnover,False,0.0
2025-11-07_FC Twente - SC Telstar,2870207439,2,59,56,zjawy6qdzk3y69v5pa3zl2cb,SC Telstar,1k60tee702idfrp0ibca1s57u,G. Offerhaus,20.475,35.836000000000006,0,0.0,turnover,False,0.0
2025-11-07_FC Twente - SC Telstar,2870225587,2,77,31,4tic29sox7m39fy1ztgv0jsiq,FC Twente,723av2redj2ej6livx0g81wwl,A. Verschueren,36.645,49.232000000000006,3,2.0,turnover,False,5.1371909128530846e-05
2025-11-07_FC Twente - SC Telstar,2870235091,2,86,27,zjawy6qdzk3y69v5pa3zl2cb,SC Telstar,6k6qt155b79yf36833pamwbxm,K. Tejan,60.58500000000001,18.972,5,8.0,turnover,True,0.0177537944203286
2025-11-07_FC Twente - SC Telstar,2870236157,2,87,32,zjawy6qdzk3y69v5pa3zl2cb,SC Telstar,cp866ucakmwqiwxrstkaxwgt0,N. Rossen,8.295,50.524,2,2.0,turnover,False,0.0
2025-11-08_FC Volendam - NAC Breda,2870888419,1,0,27,6g9qrm72224jrk6tkxxxi8a9n,FC Volendam,6bklt91zc5vietmdc8r31zl2i,D. Payne,11.025,6.0520000000000005,3,4.0,turnover,False,9.960707013237367e-05
2025-11-08_FC Volendam - NAC Breda,2870891535,1,2,58,59t7flioj4w4mpwnrwbm0m8ck,NAC Breda,4f8xb5sbyksacxmifi375h7qi,K. Sowah,24.990000000000002,54.74,5,5.0,turnover,False,2.7672997500366447e-05
2025-11-08_FC Volendam - NAC Breda,2870896529,1,7,19,59t7flioj4w4mpwnrwbm0m8ck,NAC Breda,200chcevwu3znwew6xjyaof6d,F. Oldrup Jensen,56.28,17.34,0,0.0,turnover,False,0.0
2025-11-08_FC Volendam - NAC Breda,2870897945,1,8,47,59t7flioj4w4mpwnrwbm0m8ck,NAC Breda,a3m4r77behilkcznll07b7d1x,C. Leemans,26.040000000000003,50.592000000000006,1,0.0,turnover,False,0.0
2025-11-08_FC Volendam - NAC Breda,2871341985,1,20,56,59t7flioj4w4mpwnrwbm0m8ck,NAC Breda,a3m4r77behilkcznll07b7d1x,C. Leemans,61.74,11.152,2,1.0,turnover,False,0.0
2025-11-08_FC Volendam - NAC Breda,2870910683,1,21,50,6g9qrm72224jrk6tkxxxi8a9n,FC Volendam,8r3k1iuul274c0ha0vy90jys,A. Oehlers,78.33,18.904000000000003,3,7.0,turnover,False,0.0129632479198216
2025-11-08_FC Volendam - NAC Breda,2870915423,1,25,32,6g9qrm72224jrk6tkxxxi8a9n,FC Volendam,eu901b75l2ly5p48jdw6kwmad,M. Amevor,54.81,31.144000000000002,0,0.0,turnover,False,0.0
2025-11-08_FC Volendam - NAC Breda,2870929221,1,38,2,59t7flioj4w4mpwnrwbm0m8ck,NAC Breda,bdb33nwcpd2jufn9ggtl7gvzd,B. Lucassen,31.290000000000003,45.356,3,4.0,turnover,False,1.924335630963669e-05
2025-11-08_FC Volendam - NAC Breda,2870930731,1,39,19,59t7flioj4w4mpwnrwbm0m8ck,NAC Breda,7qwmlcxsxlxmq01g7dkt7v14a,M. Balard,14.91,32.844,0,0.0,turnover,False,0.0
2025-11-08_FC Volendam - NAC Breda,2870955191,2,46,46,59t7flioj4w4mpwnrwbm0m8ck,NAC Breda,200chcevwu3znwew6xjyaof6d,F. Oldrup Jensen,31.815,38.48800000000001,3,4.0,turnover,False,0.0002077188899977
2025-11-08_FC Volendam - NAC Breda,2870956491,2,48,5,6g9qrm72224jrk6tkxxxi8a9n,FC Volendam,7053nqhl9wu2u1kegzo9aopg5,B. Kuwas,38.22,13.396,1,7.0,turnover,False,0.0
2025-11-08_FC Volendam - NAC Breda,2870957467,2,49,12,59t7flioj4w4mpwnrwbm0m8ck,NAC Breda,a3m4r77behilkcznll07b7d1x,C. Leemans,19.425,26.860000000000003,3,2.0,turnover,False,0.0001329532168494
2025-11-08_FC Volendam - NAC Breda,2870958355,2,50,14,59t7flioj4w4mpwnrwbm0m8ck,NAC Breda,200chcevwu3znwew6xjyaof6d,F. Oldrup Jensen,27.195,19.788000000000004,2,1.0,turnover,False,9.307713428877153e-05
2025-11-08_FC Volendam - NAC Breda,2870959995,2,52,20,6g9qrm72224jrk6tkxxxi8a9n,FC Volendam,btrg844mxkl6kbn89s7aecj8q,G. Yah,8.4,46.988,1,0.0,turnover,False,0.0
2025-11-08_FC Volendam - NAC Breda,2870992687,2,86,41,59t7flioj4w4mpwnrwbm0m8ck,NAC Breda,37c696bwovmn1x8lc8z4wp53o,C. Valerius,26.880000000000003,19.448000000000004,0,0.0,turnover,False,0.0
2025-11-08_FC Volendam - NAC Breda,2871002741,2,97,45,6g9qrm72224jrk6tkxxxi8a9n,FC Volendam,6jqn5grsuhuo5at81pzahr6xh,R. Mühren,55.33500000000001,28.764,2,7.0,turnover,False,0.0
2025-11-08_Fortuna Sittard - SC Heerenveen,2870964543,1,0,16,4vd2t5schmvvufrfib7f2vjdf,SC Heerenveen,aqnr6l3f02hx0soadunxbjcpg,J. Trenskow,45.675000000000004,12.444,3,4.0,turnover,False,0.0
2025-11-08_Fortuna Sittard - SC Heerenveen,2870971357,1,7,4,4vd2t5schmvvufrfib7f2vjdf,SC Heerenveen,idvh0ac1f8wv39640pyl4esp,S. Kersten,34.33500000000001,28.016000000000005,2,2.0,turnover,False,0.0
2025-11-08_Fortuna Sittard - SC Heerenveen,2870988869,1,24,24,3ebril33e08ddzob4bhq8awsr,Fortuna Sittard,8przxwwothu3crflys7ahl4dm,S. Adewoye,30.450000000000003,12.444,2,3.0,turnover,False,0.0
2025-11-08_Fortuna Sittard - SC Heerenveen,2870991067,1,26,41,3ebril33e08ddzob4bhq8awsr,Fortuna Sittard,9o10vhew3jar8tqnkabw0qoyx,J. Lonwijk,7.14,8.364,1,1.0,turnover,False,0.0
2025-11-08_Fortuna Sittard - SC Heerenveen,2870992249,1,28,7,3ebril33e08ddzob4bhq8awsr,Fortuna Sittard,44m4s9f1ckgdavmqjo0icx016,R. Fosso,25.41,24.276000000000003,0,0.0,turnover,False,0.0
2025-11-08_Fortuna Sittard - SC Heerenveen,2870999269,1,35,54,3ebril33e08ddzob4bhq8awsr,Fortuna Sittard,570htztcvfsu947xw6fvtzmc5,Iván Márquez,8.925,41.072,0,0.0,turnover,False,0.0
2025-11-08_Fortuna Sittard - SC Heerenveen,2871004765,1,41,53,4vd2t5schmvvufrfib7f2vjdf,SC Heerenveen,b5sf6wcogrvlwuwbd8xsyyfh1,J. van Overeem,70.98,59.024,0,0.0,turnover,False,0.0
2025-11-08_Fortuna Sittard - SC Heerenveen,2871019259,2,46,8,4vd2t5schmvvufrfib7f2vjdf,SC Heerenveen,8jm8a7w3a5b5nzikcom7cvf2s,M. Willemsen,39.9,48.55200000000001,0,0.0,turnover,False,0.0
2025-11-08_Fortuna Sittard - SC Heerenveen,2871024871,2,52,22,3ebril33e08ddzob4bhq8awsr,Fortuna Sittard,44m4s9f1ckgdavmqjo0icx016,R. Fosso,66.885,51.272000000000006,3,1.0,turnover,False,0.0
2025-11-08_Fortuna Sittard - SC Heerenveen,2871040571,2,68,17,4vd2t5schmvvufrfib7f2vjdf,SC Heerenveen,b5sf6wcogrvlwuwbd8xsyyfh1,J. van Overeem,73.71000000000001,50.93200000000001,3,6.0,turnover,False,0.0
2025-11-08_Fortuna Sittard - SC Heerenveen,2871047209,2,75,18,3ebril33e08ddzob4bhq8awsr,Fortuna Sittard,bnkzwpd607re6s01oa77wcodm,J. Dahlhaus,30.66,56.71200000000001,2,5.0,turnover,False,0.0
2025-11-08_Fortuna Sittard - SC Heerenveen,2871053855,2,82,1,3ebril33e08ddzob4bhq8awsr,Fortuna Sittard,eyzcfyn1crjcgmm98uk9u8oyy,É. Michut,74.76,64.94,0,0.0,turnover,False,0.0
2025-11-08_Fortuna Sittard - SC Heerenveen,2871055571,2,83,59,4vd2t5schmvvufrfib7f2vjdf,SC Heerenveen,412l28fqhx21ivpcxzn1kpilm,V. Zagaritis,60.69,62.424,0,0.0,turnover,False,0.0
2025-11-08_Fortuna Sittard - SC Heerenveen,2871058983,2,87,54,3ebril33e08ddzob4bhq8awsr,Fortuna Sittard,dsh8ta4q6v5ews2e19p9xh6y2,J. Hubner,26.355000000000004,62.628,1,1.0,turnover,False,0.0
2025-11-08_Fortuna Sittard - SC Heerenveen,2871063441,2,92,58,4vd2t5schmvvufrfib7f2vjdf,SC Heerenveen,e5hzt8nmhu2ktn69dsv67ga38,M. Linday,30.03,55.284,0,0.0,turnover,False,0.0
2025-11-08_PEC Zwolle - Sparta Rotterdam,2871025811,1,10,20,89w5c6pw7vn0dxypi61tt0g4k,Sparta Rotterdam,7ty1wdxxnusgkl34k5raipbl5,M. van Bergen,36.96000000000001,2.72,3,2.0,turnover,False,0.0
2025-11-08_PEC Zwolle - Sparta Rotterdam,2871025853,1,10,23,2uuh2bir8ktof0uxfo06lb4ox,PEC Zwolle,9ugpnnovqttl8lguv7wdyiezu,S. Graves,48.510000000000005,50.184000000000005,3,6.0,turnover,False,0.0
2025-11-08_PEC Zwolle - Sparta Rotterdam,2871033429,1,17,52,89w5c6pw7vn0dxypi61tt0g4k,Sparta Rotterdam,ass524umdrpsq324wksaqef4k,M. Young,33.6,33.11600000000001,2,7.0,window_expired,False,0.0067853424070721995
2025-11-08_PEC Zwolle - Sparta Rotterdam,2871034111,1,18,31,2uuh2bir8ktof0uxfo06lb4ox,PEC Zwolle,4phgw75cred5p93hjq8hiou6t,S. Floranus,33.81,53.244,1,2.0,turnover,False,0.0
2025-11-08_PEC Zwolle - Sparta Rotterdam,2871041419,1,26,26,2uuh2bir8ktof0uxfo06lb4ox,PEC Zwolle,a7vlgirln231n3dqjhb72o0es,O. Aertssen,64.68,5.508,1,0.0,turnover,False,0.0
2025-11-08_PEC Zwolle - Sparta Rotterdam,2871046301,1,31,39,2uuh2bir8ktof0uxfo06lb4ox,PEC Zwolle,1rd0zzpp3dn0y7qtxwc57g7h1,R. Thomas,32.34,36.584,6,8.0,turnover,False,4.6577438290784645e-05
2025-11-08_PEC Zwolle - Sparta Rotterdam,2871047007,1,32,15,2uuh2bir8ktof0uxfo06lb4ox,PEC Zwolle,a7vlgirln231n3dqjhb72o0es,O. Aertssen,31.605000000000004,4.964,1,1.0,turnover,False,0.0
2025-11-08_PEC Zwolle - Sparta Rotterdam,2871048527,1,33,39,2uuh2bir8ktof0uxfo06lb4ox,PEC Zwolle,d5g7rl9a83vu3cyyzvu5yveqy,A. MacNulty,13.334999999999999,24.072,0,0.0,turnover,False,0.0
2025-11-08_PEC Zwolle - Sparta Rotterdam,2871049147,1,34,16,2uuh2bir8ktof0uxfo06lb4ox,PEC Zwolle,1rd0zzpp3dn0y7qtxwc57g7h1,R. Thomas,30.345,53.448,0,0.0,turnover,False,0.0
2025-11-08_PEC Zwolle - Sparta Rotterdam,2871049827,1,35,0,2uuh2bir8ktof0uxfo06lb4ox,PEC Zwolle,1rd0zzpp3dn0y7qtxwc57g7h1,R. Thomas,24.465000000000003,50.25200000000001,5,5.0,turnover,False,4.0547209183158794e-05
2025-11-08_PEC Zwolle - Sparta Rotterdam,2871049955,1,35,7,89w5c6pw7vn0dxypi61tt0g4k,Sparta Rotterdam,6q77vt9bp8dsq48pa97mfzsa1,T. Lauritsen,85.47000000000001,6.5280000000000005,0,0.0,turnover,False,0.0
2025-11-08_PEC Zwolle - Sparta Rotterdam,2871057183,1,43,5,89w5c6pw7vn0dxypi61tt0g4k,Sparta Rotterdam,ass524umdrpsq324wksaqef4k,M. Young,41.580000000000005,57.120000000000005,0,0.0,turnover,False,0.0
2025-11-08_PEC Zwolle - Sparta Rotterdam,2871057631,1,43,32,2uuh2bir8ktof0uxfo06lb4ox,PEC Zwolle,4phgw75cred5p93hjq8hiou6t,S. Floranus,25.725,53.992000000000004,1,1.0,turnover,False,0.0
2025-11-08_PEC Zwolle - Sparta Rotterdam,2871072161,2,46,12,2uuh2bir8ktof0uxfo06lb4ox,PEC Zwolle,684nd3xjli51z43pbla0mwa21,T. Oosting,45.885000000000005,18.836000000000002,0,0.0,turnover,False,0.0
2025-11-08_PEC Zwolle - Sparta Rotterdam,2871085275,2,62,52,89w5c6pw7vn0dxypi61tt0g4k,Sparta Rotterdam,6ab5gq2owk86qs5zjottfhwmi,T. Quintero,46.095,64.736,0,0.0,turnover,False,0.0
2025-11-08_PEC Zwolle - Sparta Rotterdam,2871090845,2,70,30,2uuh2bir8ktof0uxfo06lb4ox,PEC Zwolle,9ugpnnovqttl8lguv7wdyiezu,S. Graves,22.785,34.476000000000006,1,2.0,turnover,False,0.0
2025-11-08_PEC Zwolle - Sparta Rotterdam,2871094231,2,75,23,2uuh2bir8ktof0uxfo06lb4ox,PEC Zwolle,6eg8vaxpqsd6cyh736h7bq4x6,D. Mbayo,48.405,7.072000000000001,1,1.0,turnover,False,0.0
2025-11-08_PEC Zwolle - Sparta Rotterdam,2871098333,2,80,25,2uuh2bir8ktof0uxfo06lb4ox,PEC Zwolle,1rd0zzpp3dn0y7qtxwc57g7h1,R. Thomas,34.02,45.628,0,0.0,turnover,False,0.0
2025-11-08_PEC Zwolle - Sparta Rotterdam,2871100035,2,82,41,2uuh2bir8ktof0uxfo06lb4ox,PEC Zwolle,awsbedog2zaz7zpjucbcba82y,S. Shoretire,26.46,56.57600000000001,5,8.0,turnover,False,7.027253436923953e-05
2025-11-08_PEC Zwolle - Sparta Rotterdam,2871103057,2,86,30,2uuh2bir8ktof0uxfo06lb4ox,PEC Zwolle,d5g7rl9a83vu3cyyzvu5yveqy,A. MacNulty,53.97,36.584,0,0.0,turnover,False,0.0
2025-11-08_PEC Zwolle - Sparta Rotterdam,2871105667,2,89,58,89w5c6pw7vn0dxypi61tt0g4k,Sparta Rotterdam,ass524umdrpsq324wksaqef4k,M. Young,26.040000000000003,42.432,0,0.0,turnover,False,0.0
2025-11-08_PEC Zwolle - Sparta Rotterdam,2871108975,2,94,24,89w5c6pw7vn0dxypi61tt0g4k,Sparta Rotterdam,f07qmqesi1rpw7eapoz9rb0gk,J. Baas,23.31,25.500000000000004,1,0.0,window_expired,False,0.0
2025-11-08_SBV Excelsior - Heracles Almelo,2870688893,1,10,57,dqk062lu0vm8epvytbm6r4mmf,SBV Excelsior,6coor7jll29drx4kgvyt499wq,N. Naujoks,17.745,8.024000000000001,1,3.0,turnover,False,0.0
2025-11-08_SBV Excelsior - Heracles Almelo,2871420817,1,15,58,dac758ef858jbq7pcb3gfwite,Heracles Almelo,9y5kirmp6gcrsy2s1pinhkqy2,L. Kulenović,34.545,66.30000000000001,1,0.0,turnover,False,0.0
2025-11-08_SBV Excelsior - Heracles Almelo,2870711435,1,21,42,dac758ef858jbq7pcb3gfwite,Heracles Almelo,do5gstk4ks97daehnudehyjxm,J. Žambůrek,45.675000000000004,51.476000000000006,2,3.0,turnover,False,0.0
2025-11-08_SBV Excelsior - Heracles Almelo,2870742147,1,40,52,dac758ef858jbq7pcb3gfwite,Heracles Almelo,2zwe056wfzof0v5jv01dv9uc5,A. Hrustić,52.605000000000004,31.076000000000004,5,9.0,window_expired,False,9.48767351487273e-05
2025-11-08_SBV Excelsior - Heracles Almelo,2870748091,1,43,33,dqk062lu0vm8epvytbm6r4mmf,SBV Excelsior,c6i4usq34m3389rtbqptahrai,R. Meissen,55.230000000000004,35.156000000000006,4,7.0,window_expired,False,0.0007774339687937
2025-11-08_SBV Excelsior - Heracles Almelo,2870752685,1,45,42,dqk062lu0vm8epvytbm6r4mmf,SBV Excelsior,3hu6e9wa0nt4ekubxye6l4pas,I. Yegoian,48.195,28.560000000000002,0,0.0,turnover,False,0.0
2025-11-08_SBV Excelsior - Heracles Almelo,2870755477,1,46,56,dqk062lu0vm8epvytbm6r4mmf,SBV Excelsior,3hu6e9wa0nt4ekubxye6l4pas,I. Yegoian,21.105000000000004,18.632,2,4.0,turnover,False,0.0
2025-11-08_SBV Excelsior - Heracles Almelo,2870788037,2,45,33,dqk062lu0vm8epvytbm6r4mmf,SBV Excelsior,5nhideyjwp2347ryi1n9wfq50,D. Sanches Fernandes,28.455000000000002,16.388,4,10.0,window_expired,True,0.0006141382825012
2025-11-08_SBV Excelsior - Heracles Almelo,2870799163,2,51,16,dqk062lu0vm8epvytbm6r4mmf,SBV Excelsior,30t0ph1icrggc0x62om801ses,G. de Regt,57.015,63.71600000000001,1,1.0,turnover,False,0.0
2025-11-08_SBV Excelsior - Heracles Almelo,2870806515,2,54,52,dac758ef858jbq7pcb3gfwite,Heracles Almelo,e3akocgpppdty3ayxty1gf6xh,D. Mirani,23.94,45.15200000000001,1,0.0,window_expired,False,0.0
2025-11-08_SBV Excelsior - Heracles Almelo,2870828437,2,66,22,dqk062lu0vm8epvytbm6r4mmf,SBV Excelsior,4fcmk1x7n95o7owons6mc5a1g,S. Henderikx,27.51,48.348,2,3.0,turnover,False,0.0
2025-11-08_SBV Excelsior - Heracles Almelo,2870835245,2,72,1,dac758ef858jbq7pcb3gfwite,Heracles Almelo,e3akocgpppdty3ayxty1gf6xh,D. Mirani,56.07,17.136,2,3.0,turnover,False,0.0
2025-11-08_SBV Excelsior - Heracles Almelo,2870835293,2,72,5,dqk062lu0vm8epvytbm6r4mmf,SBV Excelsior,3hu6e9wa0nt4ekubxye6l4pas,I. Yegoian,35.175000000000004,37.80800000000001,0,0.0,turnover,False,0.0
2025-11-08_SBV Excelsior - Heracles Almelo,2870835671,2,72,25,dqk062lu0vm8epvytbm6r4mmf,SBV Excelsior,buhlcdwtnxeiqgy079kas7dw4,J. Bergraaf,42.0,34.952,5,9.0,window_expired,False,0.000544461794237303
2025-11-08_SBV Excelsior - Heracles Almelo,2870837439,2,74,12,dac758ef858jbq7pcb3gfwite,Heracles Almelo,ait187bpr8we72jvfxxt6ttjp,M. te Wierik,26.775000000000002,22.916000000000004,0,0.0,turnover,False,0.0
2025-11-08_SBV Excelsior - Heracles Almelo,2870852949,2,86,29,dac758ef858jbq7pcb3gfwite,Heracles Almelo,69gzswoym4jqnrag1wdqfdkyy,J. Wieckhoff,25.41,21.828000000000003,0,0.0,turnover,False,0.0
2025-11-08_SBV Excelsior - Heracles Almelo,2870856119,2,88,58,dqk062lu0vm8epvytbm6r4mmf,SBV Excelsior,424ohpqxpz31dlopxxamyk9as,Yoon Do-Young,15.120000000000001,18.768,0,0.0,turnover,False,0.0
2025-11-09_Alkmaar Zaanstreek - PSV Eindhoven,2871671119,1,3,50,3kfktv64h7kg7zryax1wktr5r,Alkmaar Zaanstreek,8u19xeh9ugvh8f1mh7jnbbhuc,K. Smit,65.83500000000001,48.620000000000005,0,0.0,turnover,False,0.0
2025-11-09_Alkmaar Zaanstreek - PSV Eindhoven,2871671689,1,4,11,24fvcruwqrqvqa3aonf8c3zuy,PSV Eindhoven,c6ip6gwp8yvchd1n3dv42go9,Mauro Júnior,81.27000000000001,26.384,2,2.0,window_expired,True,0.0
2025-11-09_Alkmaar Zaanstreek - PSV Eindhoven,2871676641,1,7,24,24fvcruwqrqvqa3aonf8c3zuy,PSV Eindhoven,d4j19ipiaeuetyij08fofgs15,J. Veerman,11.55,23.732,3,5.0,turnover,False,0.00020241192561562868
2025-11-09_Alkmaar Zaanstreek - PSV Eindhoven,2871693601,1,20,40,24fvcruwqrqvqa3aonf8c3zuy,PSV Eindhoven,2gsq05yyxwe4f8t79j6d49q6t,I. Perišić,31.185000000000002,54.128,2,8.0,window_expired,False,2.7713521003613906e-06
2025-11-09_Alkmaar Zaanstreek - PSV Eindhoven,2871696767,1,22,46,3kfktv64h7kg7zryax1wktr5r,Alkmaar Zaanstreek,9lixevzo8exxiia17altfw8ic,W. Goes,57.75,16.796,5,9.0,window_expired,False,0.0446116055512588
2025-11-09_Alkmaar Zaanstreek - PSV Eindhoven,2871700961,1,25,26,24fvcruwqrqvqa3aonf8c3zuy,PSV Eindhoven,2gsq05yyxwe4f8t79j6d49q6t,I. Perišić,20.265,64.396,0,0.0,turnover,False,0.0
2025-11-09_Alkmaar Zaanstreek - PSV Eindhoven,2871716141,1,33,19,3kfktv64h7kg7zryax1wktr5r,Alkmaar Zaanstreek,22alh32lu88yabxd4pl0opg5w,K. Boogaard,69.72000000000001,19.652,3,5.0,window_expired,True,0.0
2025-11-09_Alkmaar Zaanstreek - PSV Eindhoven,2871715415,1,34,51,3kfktv64h7kg7zryax1wktr5r,Alkmaar Zaanstreek,5ylwgfqvaobru2lxqvlhpxul0,E. Dijkstra,26.145,27.540000000000003,4,4.0,turnover,False,0.0001587349688393
2025-11-09_Alkmaar Zaanstreek - PSV Eindhoven,2871719739,1,38,4,24fvcruwqrqvqa3aonf8c3zuy,PSV Eindhoven,2gsq05yyxwe4f8t79j6d49q6t,I. Perišić,35.385000000000005,65.824,0,0.0,turnover,False,0.0
2025-11-09_Alkmaar Zaanstreek - PSV Eindhoven,2871723509,1,40,45,3kfktv64h7kg7zryax1wktr5r,Alkmaar Zaanstreek,22alh32lu88yabxd4pl0opg5w,K. Boogaard,23.730000000000004,32.028000000000006,1,1.0,turnover,False,0.0
2025-11-09_Alkmaar Zaanstreek - PSV Eindhoven,2871725411,1,42,13,3kfktv64h7kg7zryax1wktr5r,Alkmaar Zaanstreek,7jpreaads35pnnfqbn7hmrmy,S. Mijnans,63.315,44.948,2,1.0,turnover,False,0.0
2025-11-09_Alkmaar Zaanstreek - PSV Eindhoven,2871758141,2,48,31,3kfktv64h7kg7zryax1wktr5r,Alkmaar Zaanstreek,7jpreaads35pnnfqbn7hmrmy,S. Mijnans,59.955000000000005,8.772,5,7.0,window_expired,False,0.0002502750882085
2025-11-09_Alkmaar Zaanstreek - PSV Eindhoven,2871760155,2,50,22,24fvcruwqrqvqa3aonf8c3zuy,PSV Eindhoven,cmdeqxibr6holfqg17ap9uihg,Yarek Gąsiorowski,45.15,47.940000000000005,4,9.0,window_expired,False,0.00015593432836071518
2025-11-09_Alkmaar Zaanstreek - PSV Eindhoven,2871762187,2,52,25,24fvcruwqrqvqa3aonf8c3zuy,PSV Eindhoven,c6ip6gwp8yvchd1n3dv42go9,Mauro Júnior,38.535000000000004,5.644000000000001,1,0.0,window_expired,False,0.0
2025-11-09_Alkmaar Zaanstreek - PSV Eindhoven,2871765921,2,56,48,24fvcruwqrqvqa3aonf8c3zuy,PSV Eindhoven,cmdeqxibr6holfqg17ap9uihg,Yarek Gąsiorowski,38.64,36.312000000000005,2,2.0,turnover,False,0.0
2025-11-09_Alkmaar Zaanstreek - PSV Eindhoven,2871767349,2,58,19,3kfktv64h7kg7zryax1wktr5r,Alkmaar Zaanstreek,ck3l6a262hves3v6nywarx9pm,Alexandre Penetra,45.885000000000005,51.408,3,6.0,turnover,False,0.0017002656055141695
2025-11-09_Alkmaar Zaanstreek - PSV Eindhoven,2871769711,2,60,39,3kfktv64h7kg7zryax1wktr5r,Alkmaar Zaanstreek,8u19xeh9ugvh8f1mh7jnbbhuc,K. Smit,56.28,49.43600000000001,4,3.0,turnover,False,0.0002182294280232
2025-11-09_Alkmaar Zaanstreek - PSV Eindhoven,2871772977,2,63,29,3kfktv64h7kg7zryax1wktr5r,Alkmaar Zaanstreek,8u19xeh9ugvh8f1mh7jnbbhuc,K. Smit,23.415000000000003,46.104,1,1.0,turnover,False,0.0
2025-11-09_Alkmaar Zaanstreek - PSV Eindhoven,2871774359,2,64,42,24fvcruwqrqvqa3aonf8c3zuy,PSV Eindhoven,d4j19ipiaeuetyij08fofgs15,J. Veerman,36.75,20.196,3,5.0,turnover,False,0.0001206699553052
2025-11-09_Alkmaar Zaanstreek - PSV Eindhoven,2871775501,2,65,41,24fvcruwqrqvqa3aonf8c3zuy,PSV Eindhoven,cgsmk5437f466uoqvol7devze,R. Flamingo,39.58500000000001,34.816,0,0.0,turnover,False,0.0
2025-11-09_Alkmaar Zaanstreek - PSV Eindhoven,2871787103,2,75,48,24fvcruwqrqvqa3aonf8c3zuy,PSV Eindhoven,c6ip6gwp8yvchd1n3dv42go9,Mauro Júnior,67.62,65.28,0,0.0,turnover,False,0.0
2025-11-09_Alkmaar Zaanstreek - PSV Eindhoven,2872162349,2,75,59,24fvcruwqrqvqa3aonf8c3zuy,PSV Eindhoven,c6ip6gwp8yvchd1n3dv42go9,Mauro Júnior,58.38,65.07600000000001,6,9.0,window_expired,False,1.2348096334199863e-05
2025-11-09_Alkmaar Zaanstreek - PSV Eindhoven,2871787507,2,76,14,3kfktv64h7kg7zryax1wktr5r,Alkmaar Zaanstreek,ck3l6a262hves3v6nywarx9pm,Alexandre Penetra,63.839999999999996,39.644,0,0.0,turnover,False,0.0
2025-11-09_Alkmaar Zaanstreek - PSV Eindhoven,2871788167,2,76,43,3kfktv64h7kg7zryax1wktr5r,Alkmaar Zaanstreek,4fsu74aeogf53l2g1tx89vuok,M. Šín,41.580000000000005,26.792,4,10.0,turnover,False,0.0013999596728651
2025-11-09_Alkmaar Zaanstreek - PSV Eindhoven,2871792893,2,81,5,24fvcruwqrqvqa3aonf8c3zuy,PSV Eindhoven,5lvdnoyknuoyr6kdruposgctl,J. Schouten,50.295,31.076000000000004,3,6.0,turnover,True,0.0
2025-11-09_Alkmaar Zaanstreek - PSV Eindhoven,2871793931,2,82,13,3kfktv64h7kg7zryax1wktr5r,Alkmaar Zaanstreek,4fsu74aeogf53l2g1tx89vuok,M. Šín,13.86,5.916,0,0.0,turnover,False,0.0
2025-11-09_Alkmaar Zaanstreek - PSV Eindhoven,2871797087,2,85,2,24fvcruwqrqvqa3aonf8c3zuy,PSV Eindhoven,5lvdnoyknuoyr6kdruposgctl,J. Schouten,36.54,48.008,4,10.0,window_expired,False,0.0210378171498378
2025-11-09_Alkmaar Zaanstreek - PSV Eindhoven,2871804419,2,91,31,24fvcruwqrqvqa3aonf8c3zuy,PSV Eindhoven,3ojwbw6v83g9b0u2wssnkzzzd,A. Obispo,52.71000000000001,56.848,4,7.0,turnover,False,2.961437550356993e-05
2025-11-09_FC Utrecht - AFC Ajax,2871341765,1,0,28,d0zdg647gvgc95xdtk1vpbkys,AFC Ajax,9tp35qqu1heburu0g5wa6jv56,Lucas Rosa,37.48500000000001,3.5360000000000005,0,0.0,turnover,False,0.0
2025-11-09_FC Utrecht - AFC Ajax,2871342291,1,1,21,ccpscwdcm65czscrun048ecn5,FC Utrecht,8lt54ei6pcu25u8uerigmx5yi,A. Engwanda,28.245,23.732,3,6.0,turnover,False,0.0002292845326554
2025-11-09_FC Utrecht - AFC Ajax,2871345445,1,7,31,ccpscwdcm65czscrun048ecn5,FC Utrecht,8lt54ei6pcu25u8uerigmx5yi,A. Engwanda,71.29500000000002,33.932,3,7.0,turnover,False,0.0
2025-11-09_FC Utrecht - AFC Ajax,2871347445,1,11,30,ccpscwdcm65czscrun048ecn5,FC Utrecht,9ano8w4jrlk6zq92rxchzaru2,Miguel Rodríguez,69.3,31.348000000000003,1,1.0,turnover,False,0.0
2025-11-09_FC Utrecht - AFC Ajax,2871350205,1,16,19,d0zdg647gvgc95xdtk1vpbkys,AFC Ajax,35qg0rrwtl00pycx468s62m3u,K. Taylor,60.06,9.384,2,3.0,window_expired,False,0.0
2025-11-09_FC Utrecht - AFC Ajax,2871355501,1,24,2,d0zdg647gvgc95xdtk1vpbkys,AFC Ajax,2zkaf848fjcdhuii8783pkm7e,Y. Regeer,44.205000000000005,62.83200000000001,3,8.0,window_expired,False,0.00034095161877182787
2025-11-09_FC Utrecht - AFC Ajax,2871358149,1,28,1,d0zdg647gvgc95xdtk1vpbkys,AFC Ajax,2zkaf848fjcdhuii8783pkm7e,Y. Regeer,26.040000000000003,39.168000000000006,1,0.0,turnover,False,0.0
2025-11-09_FC Utrecht - AFC Ajax,2871362805,1,34,55,d0zdg647gvgc95xdtk1vpbkys,AFC Ajax,47l204bkq2qqjhtazusr0019m,Y. Baas,54.705000000000005,49.164,0,0.0,turnover,False,0.0
2025-11-09_FC Utrecht - AFC Ajax,2871364261,1,37,22,ccpscwdcm65czscrun048ecn5,FC Utrecht,4ej8uchqe3rt1s5h6phjo3310,G. Zechiël,49.875,49.776,0,0.0,turnover,False,0.0
2025-11-09_FC Utrecht - AFC Ajax,2871365081,1,38,32,ccpscwdcm65czscrun048ecn5,FC Utrecht,enimk3ibb10vk3f8vrmmhq7oq,S. El Karouani,11.76,43.86000000000001,1,1.0,turnover,False,0.0
2025-11-09_FC Utrecht - AFC Ajax,2871387131,2,45,22,d0zdg647gvgc95xdtk1vpbkys,AFC Ajax,1wse4b1hxu37e7t5ty5ykn7c9,J. Šutalo,34.44,12.988000000000001,4,5.0,turnover,False,5.093617648972704e-05
2025-11-09_FC Utrecht - AFC Ajax,2871388903,2,47,25,ccpscwdcm65czscrun048ecn5,FC Utrecht,enimk3ibb10vk3f8vrmmhq7oq,S. El Karouani,16.8,60.248,1,1.0,turnover,False,0.0
2025-11-09_FC Utrecht - AFC Ajax,2871394911,2,54,33,ccpscwdcm65czscrun048ecn5,FC Utrecht,4ej8uchqe3rt1s5h6phjo3310,G. Zechiël,22.89,22.44,1,1.0,turnover,False,0.0
2025-11-09_FC Utrecht - AFC Ajax,2871398607,2,58,13,ccpscwdcm65czscrun048ecn5,FC Utrecht,4ej8uchqe3rt1s5h6phjo3310,G. Zechiël,23.1,26.044,0,0.0,turnover,False,0.0
2025-11-09_FC Utrecht - AFC Ajax,2871404285,2,63,37,ccpscwdcm65czscrun048ecn5,FC Utrecht,3ypxn1nvgv8e321sq5394w3my,M. Didden,49.665,14.008000000000003,1,1.0,turnover,False,0.0
2025-11-09_FC Utrecht - AFC Ajax,2871431299,2,89,26,d0zdg647gvgc95xdtk1vpbkys,AFC Ajax,1wse4b1hxu37e7t5ty5ykn7c9,J. Šutalo,29.19,7.684000000000001,1,1.0,turnover,False,0.0
2025-11-09_FC Utrecht - AFC Ajax,2871431695,2,89,44,ccpscwdcm65czscrun048ecn5,FC Utrecht,c2an5ksdu6jbap3x3jp3z9c5x,N. Viergever,56.7,45.084,0,0.0,turnover,False,0.0
2025-11-09_Go Ahead Eagles - Feyenoord Rotterdam,2871884203,1,3,35,b79uipsy57y1jqpy07h4i5ovk,Go Ahead Eagles,5shfqpd5fj05qrp1jlzd08ftg,C. Twigt,26.46,20.264000000000003,2,2.0,turnover,False,0.0
2025-11-09_Go Ahead Eagles - Feyenoord Rotterdam,2871888829,1,8,58,20vymiy7bo8wkyxai3ew494fz,Feyenoord Rotterdam,447abno2j0ux8fsxzs6fel7th,A. Ahmedhodžić,72.45,10.200000000000001,0,0.0,turnover,False,0.0
2025-11-09_Go Ahead Eagles - Feyenoord Rotterdam,2871893603,1,14,24,20vymiy7bo8wkyxai3ew494fz,Feyenoord Rotterdam,6fdwd71dx2qu7uzzs3ozm9x7u,T. Watanabe,8.085,29.036000000000005,1,3.0,window_expired,False,0.0
2025-11-09_Go Ahead Eagles - Feyenoord Rotterdam,2871894569,1,15,26,b79uipsy57y1jqpy07h4i5ovk,Go Ahead Eagles,bn8dwm2y9a8i9a10rba3dmm3u,D. James,11.13,58.07200000000001,0,0.0,turnover,False,0.0
2025-11-09_Go Ahead Eagles - Feyenoord Rotterdam,2871899665,1,20,34,b79uipsy57y1jqpy07h4i5ovk,Go Ahead Eagles,bn8dwm2y9a8i9a10rba3dmm3u,D. James,25.725,62.424,3,6.0,window_expired,False,0.000243389500591721
2025-11-09_Go Ahead Eagles - Feyenoord Rotterdam,2871903699,1,25,12,b79uipsy57y1jqpy07h4i5ovk,Go Ahead Eagles,bn8dwm2y9a8i9a10rba3dmm3u,D. James,21.630000000000003,53.448,0,0.0,turnover,False,0.0
2025-11-09_Go Ahead Eagles - Feyenoord Rotterdam,2871931879,2,45,31,20vymiy7bo8wkyxai3ew494fz,Feyenoord Rotterdam,6fdwd71dx2qu7uzzs3ozm9x7u,T. Watanabe,34.86000000000001,33.932,4,6.0,window_expired,False,5.79275693653597e-05
2025-11-09_Go Ahead Eagles - Feyenoord Rotterdam,2871935995,2,51,19,20vymiy7bo8wkyxai3ew494fz,Feyenoord Rotterdam,447abno2j0ux8fsxzs6fel7th,A. Ahmedhodžić,83.685,36.516000000000005,1,0.0,turnover,False,0.0
2025-11-09_Go Ahead Eagles - Feyenoord Rotterdam,2871942917,2,60,4,b79uipsy57y1jqpy07h4i5ovk,Go Ahead Eagles,5shfqpd5fj05qrp1jlzd08ftg,C. Twigt,20.685,19.720000000000002,3,6.0,turnover,False,0.0002464111870034
2025-11-09_Go Ahead Eagles - Feyenoord Rotterdam,2871943869,2,61,10,20vymiy7bo8wkyxai3ew494fz,Feyenoord Rotterdam,29fr98or3mqippn84z3p9ihhw,L. Valente,58.48500000000001,54.74,0,0.0,turnover,False,0.0
2025-11-09_Go Ahead Eagles - Feyenoord Rotterdam,2871948753,2,66,59,b79uipsy57y1jqpy07h4i5ovk,Go Ahead Eagles,bn8dwm2y9a8i9a10rba3dmm3u,D. James,17.01,61.948,0,0.0,turnover,False,0.0
2025-11-09_Go Ahead Eagles - Feyenoord Rotterdam,2871953835,2,73,45,20vymiy7bo8wkyxai3ew494fz,Feyenoord Rotterdam,ecqjg6wtntf1guejvm10redck,G. Read,24.885,25.976000000000003,0,0.0,turnover,False,0.0
2025-11-09_Go Ahead Eagles - Feyenoord Rotterdam,2871953913,2,73,51,20vymiy7bo8wkyxai3ew494fz,Feyenoord Rotterdam,6fdwd71dx2qu7uzzs3ozm9x7u,T. Watanabe,14.91,31.008000000000003,4,7.0,window_expired,False,5.650635476650567e-05
2025-11-09_Go Ahead Eagles - Feyenoord Rotterdam,2871959261,2,81,13,20vymiy7bo8wkyxai3ew494fz,Feyenoord Rotterdam,aajft01g5yggw0is5fbfh3105,B. Nieuwkoop,46.410000000000004,12.24,0,0.0,turnover,False,0.0
2025-11-09_Go Ahead Eagles - Feyenoord Rotterdam,2871959375,2,81,23,20vymiy7bo8wkyxai3ew494fz,Feyenoord Rotterdam,447abno2j0ux8fsxzs6fel7th,A. Ahmedhodžić,11.445,25.432000000000002,2,7.0,turnover,False,0.0
2025-11-09_Go Ahead Eagles - Feyenoord Rotterdam,2871961699,2,84,51,b79uipsy57y1jqpy07h4i5ovk,Go Ahead Eagles,d8cxurdt9g5gezqlfwae7ooru,M. Meulensteen,15.75,28.560000000000002,0,0.0,turnover,False,0.0
2025-11-09_Nijmegen Eendracht Combinatie - FC Groningen,2871469817,1,6,48,cos9hxi16eitbcbthof7zrm4m,FC Groningen,3aly8eihwfvtwde7dg0k18w7o,J. Schreuders,17.85,45.424,3,2.0,turnover,False,0.0
2025-11-09_Nijmegen Eendracht Combinatie - FC Groningen,2871471451,1,8,9,8iawijq7s9s6d85mjz8wdslki,Nijmegen Eendracht Combinatie,dgex06nxjy9fdvc12o8keg99l,K. Ogawa,72.765,52.632000000000005,0,0.0,turnover,False,0.0
2025-11-09_Nijmegen Eendracht Combinatie - FC Groningen,2871472231,1,8,40,8iawijq7s9s6d85mjz8wdslki,Nijmegen Eendracht Combinatie,2yivr64anye4c0p62m16l78yc,S. Ouaissa,28.665000000000003,22.848000000000003,1,2.0,window_expired,False,0.0
2025-11-09_Nijmegen Eendracht Combinatie - FC Groningen,2871478341,1,13,45,cos9hxi16eitbcbthof7zrm4m,FC Groningen,f4liap69r76gyc8pnxsergbqi,T. de Jonge,26.46,38.42,2,2.0,turnover,False,0.0
2025-11-09_Nijmegen Eendracht Combinatie - FC Groningen,2871481253,1,16,11,cos9hxi16eitbcbthof7zrm4m,FC Groningen,9wwud2tglhtdocmjgl2u5ib6c,T. Blokzijl,13.65,31.824,0,0.0,turnover,False,0.0
2025-11-09_Nijmegen Eendracht Combinatie - FC Groningen,2871486855,1,21,52,cos9hxi16eitbcbthof7zrm4m,FC Groningen,9wwud2tglhtdocmjgl2u5ib6c,T. Blokzijl,36.015,28.220000000000002,1,1.0,turnover,False,0.0
2025-11-09_Nijmegen Eendracht Combinatie - FC Groningen,2871486933,1,21,57,cos9hxi16eitbcbthof7zrm4m,FC Groningen,4dk7h575fifmw2lhslevhmhux,M. Rente,45.57,19.652,0,0.0,turnover,False,0.0
2025-11-09_Nijmegen Eendracht Combinatie - FC Groningen,2871513125,1,40,35,8iawijq7s9s6d85mjz8wdslki,Nijmegen Eendracht Combinatie,1asrguqxyo7rmoyamggwd9oq2,A. Kaplan,50.08500000000001,45.15200000000001,0,0.0,turnover,False,0.0
2025-11-09_Nijmegen Eendracht Combinatie - FC Groningen,2871553179,2,45,9,8iawijq7s9s6d85mjz8wdslki,Nijmegen Eendracht Combinatie,4pqi5vt820333t5zsj2refc2d,B. Linssen,34.125,58.61600000000001,0,0.0,turnover,False,0.0
2025-11-09_Nijmegen Eendracht Combinatie - FC Groningen,2871557275,2,47,30,cos9hxi16eitbcbthof7zrm4m,FC Groningen,d1dq7upxtawnps3wljz6wf9jo,S. Resink,62.580000000000005,41.548,2,2.0,turnover,False,0.0
2025-11-09_Nijmegen Eendracht Combinatie - FC Groningen,2871569405,2,54,23,8iawijq7s9s6d85mjz8wdslki,Nijmegen Eendracht Combinatie,2yivr64anye4c0p62m16l78yc,S. Ouaissa,34.230000000000004,7.548,0,0.0,turnover,False,0.0
2025-11-09_Nijmegen Eendracht Combinatie - FC Groningen,2871581553,2,63,0,cos9hxi16eitbcbthof7zrm4m,FC Groningen,9wwud2tglhtdocmjgl2u5ib6c,T. Blokzijl,20.16,19.312,2,8.0,window_expired,False,0.0
2025-11-09_Nijmegen Eendracht Combinatie - FC Groningen,2871586947,2,69,3,8iawijq7s9s6d85mjz8wdslki,Nijmegen Eendracht Combinatie,913pg8qqcjp99h5fjybbenob9,P. Sandler,32.550000000000004,61.336000000000006,0,0.0,turnover,False,0.0
2025-11-09_Nijmegen Eendracht Combinatie - FC Groningen,2871621591,2,89,38,8iawijq7s9s6d85mjz8wdslki,Nijmegen Eendracht Combinatie,1asrguqxyo7rmoyamggwd9oq2,A. Kaplan,27.405,33.048,0,0.0,turnover,False,0.0
2025-11-09_Nijmegen Eendracht Combinatie - FC Groningen,2871622883,2,90,18,cos9hxi16eitbcbthof7zrm4m,FC Groningen,5q8rvam8iv65g4wjb8rarw15,B. Willumsson,9.975,10.268,0,0.0,turnover,False,0.0
2025-11-09_Nijmegen Eendracht Combinatie - FC Groningen,2872131883,2,90,47,cos9hxi16eitbcbthof7zrm4m,FC Groningen,4dk7h575fifmw2lhslevhmhux,M. Rente,65.10000000000001,10.200000000000001,3,6.0,turnover,False,0.0037480306258934
2025-11-09_Nijmegen Eendracht Combinatie - FC Groningen,2871627293,2,92,50,cos9hxi16eitbcbthof7zrm4m,FC Groningen,98qi4clazqen9kimkxt3jb6j9,M. Peersman,53.13,61.81200000000001,1,1.0,turnover,False,0.0
2025-11-22_AFC Ajax - SBV Excelsior,2875275437,1,6,44,d0zdg647gvgc95xdtk1vpbkys,AFC Ajax,2zkaf848fjcdhuii8783pkm7e,Y. Regeer,48.089999999999996,58.004000000000005,1,1.0,turnover,False,0.0
2025-11-22_AFC Ajax - SBV Excelsior,2875279323,1,11,29,dqk062lu0vm8epvytbm6r4mmf,SBV Excelsior,49xsd6e4oyjrhtwsdbdm4rj84,L. Hartjes,67.83,23.868000000000002,2,1.0,turnover,False,0.0
2025-11-22_AFC Ajax - SBV Excelsior,2875280299,1,12,56,dqk062lu0vm8epvytbm6r4mmf,SBV Excelsior,c6i4usq34m3389rtbqptahrai,R. Meissen,22.155,40.324,4,10.0,window_expired,False,0.0002283174821931
2025-11-22_AFC Ajax - SBV Excelsior,2875284383,1,18,25,d0zdg647gvgc95xdtk1vpbkys,AFC Ajax,1wse4b1hxu37e7t5ty5ykn7c9,J. Šutalo,54.6,18.768,3,7.0,window_expired,False,0.0
2025-11-22_AFC Ajax - SBV Excelsior,2875288733,1,22,51,d0zdg647gvgc95xdtk1vpbkys,AFC Ajax,47l204bkq2qqjhtazusr0019m,Y. Baas,53.865,33.11600000000001,3,3.0,turnover,False,0.0024039307543355
2025-11-22_AFC Ajax - SBV Excelsior,2875292099,1,26,20,d0zdg647gvgc95xdtk1vpbkys,AFC Ajax,1wse4b1hxu37e7t5ty5ykn7c9,J. Šutalo,61.53,13.328000000000001,0,0.0,turnover,False,0.0
2025-11-22_AFC Ajax - SBV Excelsior,2875292817,1,27,5,d0zdg647gvgc95xdtk1vpbkys,AFC Ajax,2zkaf848fjcdhuii8783pkm7e,Y. Regeer,62.370000000000005,20.400000000000002,3,3.0,turnover,False,0.0
2025-11-22_AFC Ajax - SBV Excelsior,2875295761,1,30,14,d0zdg647gvgc95xdtk1vpbkys,AFC Ajax,2zkaf848fjcdhuii8783pkm7e,Y. Regeer,22.155,32.912,1,0.0,turnover,False,0.0
2025-11-22_AFC Ajax - SBV Excelsior,2875298067,1,32,27,dqk062lu0vm8epvytbm6r4mmf,SBV Excelsior,c6i4usq34m3389rtbqptahrai,R. Meissen,19.95,32.776,5,10.0,turnover,False,9.133561847114724e-05
2025-11-22_AFC Ajax - SBV Excelsior,2875303169,1,38,24,d0zdg647gvgc95xdtk1vpbkys,AFC Ajax,1wse4b1hxu37e7t5ty5ykn7c9,J. Šutalo,63.945,22.032,0,0.0,turnover,False,0.0
2025-11-22_AFC Ajax - SBV Excelsior,2875304995,1,40,39,dqk062lu0vm8epvytbm6r4mmf,SBV Excelsior,49xsd6e4oyjrhtwsdbdm4rj84,L. Hartjes,20.37,34.408,0,0.0,turnover,False,0.0
2025-11-22_AFC Ajax - SBV Excelsior,2875307851,1,44,18,dqk062lu0vm8epvytbm6r4mmf,SBV Excelsior,3hu6e9wa0nt4ekubxye6l4pas,I. Yegoian,36.75,18.224,2,2.0,window_expired,False,0.0018664248866807
2025-11-22_AFC Ajax - SBV Excelsior,2875325909,2,45,41,dqk062lu0vm8epvytbm6r4mmf,SBV Excelsior,c6i4usq34m3389rtbqptahrai,R. Meissen,64.05,54.196000000000005,4,9.0,turnover,False,0.0197543525409892
2025-11-22_AFC Ajax - SBV Excelsior,2875344095,2,65,46,dqk062lu0vm8epvytbm6r4mmf,SBV Excelsior,1xwmx2ydxa5zeqo12778h83ro,N. Martens,48.300000000000004,64.464,1,0.0,turnover,False,0.0
2025-11-22_AFC Ajax - SBV Excelsior,2875345703,2,67,13,d0zdg647gvgc95xdtk1vpbkys,AFC Ajax,7dkhv2l8y6jq20l1dc2ye17je,O. Edvardsen,72.97500000000001,7.752000000000001,0,0.0,turnover,False,0.0
2025-11-22_AFC Ajax - SBV Excelsior,2875350893,2,72,16,d0zdg647gvgc95xdtk1vpbkys,AFC Ajax,1wse4b1hxu37e7t5ty5ykn7c9,J. Šutalo,36.54,26.520000000000003,4,9.0,window_expired,False,0.000189941633974
2025-11-22_AFC Ajax - SBV Excelsior,2875353355,2,74,32,d0zdg647gvgc95xdtk1vpbkys,AFC Ajax,cx6fxszjvjam6zb3c3p0dd1jo,M. Godts,74.34,60.384,1,1.0,turnover,False,0.0
2025-11-22_AFC Ajax - SBV Excelsior,2875357561,2,78,47,d0zdg647gvgc95xdtk1vpbkys,AFC Ajax,bpprd2haoafk6y0rjans4iytx,K. Dolberg,72.66000000000001,51.204,1,3.0,turnover,False,0.0
2025-11-22_AFC Ajax - SBV Excelsior,2875359387,2,81,0,dqk062lu0vm8epvytbm6r4mmf,SBV Excelsior,6coor7jll29drx4kgvyt499wq,N. Naujoks,20.055000000000003,38.080000000000005,2,2.0,turnover,False,0.0
2025-11-22_AFC Ajax - SBV Excelsior,2875372109,2,95,48,dqk062lu0vm8epvytbm6r4mmf,SBV Excelsior,6coor7jll29drx4kgvyt499wq,N. Naujoks,28.77,51.272000000000006,2,1.0,turnover,False,0.0
2025-11-22_FC Volendam - FC Twente,2875677033,1,4,32,4tic29sox7m39fy1ztgv0jsiq,FC Twente,2hbduprkyabq8g1nhe6b4g3bp,M. Pjaca,75.915,29.988000000000003,1,2.0,turnover,False,0.0
2025-11-22_FC Volendam - FC Twente,2875277883,1,7,15,6g9qrm72224jrk6tkxxxi8a9n,FC Volendam,64kb0lmkr24rmh59hb01m268k,R. van Cruijsen,21.735,37.06,0,0.0,turnover,False,0.0
2025-11-22_FC Volendam - FC Twente,2875280463,1,10,56,4tic29sox7m39fy1ztgv0jsiq,FC Twente,dc119ejc7lls2rd3ywigl2smi,R. Zerrouki,76.965,58.208,4,5.0,turnover,True,0.0070992540688937
2025-11-22_FC Volendam - FC Twente,2875287561,1,19,27,6g9qrm72224jrk6tkxxxi8a9n,FC Volendam,ealh7n21gctxxw5ol3l3yxzze,Y. Leliendal,31.605000000000004,49.368,6,9.0,turnover,False,0.00041958397850889995
2025-11-22_FC Volendam - FC Twente,2875291007,1,22,57,6g9qrm72224jrk6tkxxxi8a9n,FC Volendam,btrg844mxkl6kbn89s7aecj8q,G. Yah,31.919999999999998,49.776,0,0.0,turnover,False,0.0
2025-11-22_FC Volendam - FC Twente,2875298153,1,30,11,4tic29sox7m39fy1ztgv0jsiq,FC Twente,5m8pflpgynidzk7d9507oujje,D. Rots,71.08500000000001,20.060000000000002,0,0.0,turnover,False,0.0
2025-11-22_FC Volendam - FC Twente,2875736713,1,31,49,6g9qrm72224jrk6tkxxxi8a9n,FC Volendam,4utx4h5jz14whtjawxn7ox0r8,N. Verschuren,21.525000000000002,42.636,3,7.0,turnover,False,0.0
2025-11-22_FC Volendam - FC Twente,2875305811,1,39,19,6g9qrm72224jrk6tkxxxi8a9n,FC Volendam,btrg844mxkl6kbn89s7aecj8q,G. Yah,27.51,35.836000000000006,3,7.0,window_expired,False,0.0005072173803517897
2025-11-22_FC Volendam - FC Twente,2875741559,1,39,31,4tic29sox7m39fy1ztgv0jsiq,FC Twente,5r47vtvu418kae5j2rpv6w2dw,M. Rots,20.37,61.132000000000005,1,2.0,turnover,False,0.0
2025-11-22_FC Volendam - FC Twente,2875308475,1,42,45,4tic29sox7m39fy1ztgv0jsiq,FC Twente,6wwk8y9mklkh8x606ynhe1lp0,S. Ørjasæter,76.125,63.784000000000006,2,1.0,turnover,False,0.0
2025-11-22_FC Volendam - FC Twente,2875330089,2,45,15,4tic29sox7m39fy1ztgv0jsiq,FC Twente,3xlkchrk28u0cb620cajre1hw,R. Nijstad,43.47,35.836000000000006,6,7.0,window_expired,False,0.0053010459209849176
2025-11-22_FC Volendam - FC Twente,2875330337,2,49,22,4tic29sox7m39fy1ztgv0jsiq,FC Twente,6wwk8y9mklkh8x606ynhe1lp0,S. Ørjasæter,43.995,47.736000000000004,3,2.0,turnover,False,0.0
2025-11-22_FC Volendam - FC Twente,2875334977,2,55,55,4tic29sox7m39fy1ztgv0jsiq,FC Twente,2hbduprkyabq8g1nhe6b4g3bp,M. Pjaca,25.305000000000003,8.432,0,0.0,turnover,False,0.0
2025-11-22_FC Volendam - FC Twente,2875336295,2,57,4,6g9qrm72224jrk6tkxxxi8a9n,FC Volendam,4utx4h5jz14whtjawxn7ox0r8,N. Verschuren,59.43000000000001,32.776,0,0.0,turnover,False,0.0
2025-11-22_FC Volendam - FC Twente,2875360337,2,80,32,6g9qrm72224jrk6tkxxxi8a9n,FC Volendam,4utx4h5jz14whtjawxn7ox0r8,N. Verschuren,56.07,47.19200000000001,0,0.0,turnover,False,0.0
2025-11-22_FC Volendam - FC Twente,2875365697,2,86,59,4tic29sox7m39fy1ztgv0jsiq,FC Twente,c7n2b2gq381k0o0jizqueii5m,M. Kjølø,32.550000000000004,56.984,0,0.0,turnover,False,0.0
2025-11-22_FC Volendam - FC Twente,2875368987,2,90,40,4tic29sox7m39fy1ztgv0jsiq,FC Twente,36veg0wk1z3om89daf0clbl5h,R. van Wolfswinkel,67.62,8.228,1,1.0,turnover,False,0.0
2025-11-22_Heracles Almelo - Go Ahead Eagles,2875430421,1,0,52,b79uipsy57y1jqpy07h4i5ovk,Go Ahead Eagles,5shfqpd5fj05qrp1jlzd08ftg,C. Twigt,56.49,41.956,1,1.0,turnover,False,0.0
2025-11-22_Heracles Almelo - Go Ahead Eagles,2875431217,1,1,33,b79uipsy57y1jqpy07h4i5ovk,Go Ahead Eagles,1tmihr54maqj0h7785cg9ez56,M. Suray,61.74,52.836000000000006,4,6.0,window_expired,False,0.000595981624427989
2025-11-22_Heracles Almelo - Go Ahead Eagles,2875403283,1,16,13,b79uipsy57y1jqpy07h4i5ovk,Go Ahead Eagles,ciguyr553yqapqfudim9af46h,M. Deijl,59.115,21.352,0,0.0,turnover,False,0.0
2025-11-22_Heracles Almelo - Go Ahead Eagles,2875406745,1,20,3,b79uipsy57y1jqpy07h4i5ovk,Go Ahead Eagles,1mroid71v9bwpx0iaospei9gq,R. Margaret,12.18,6.392,0,0.0,turnover,False,0.0
2025-11-22_Heracles Almelo - Go Ahead Eagles,2875422245,1,39,34,b79uipsy57y1jqpy07h4i5ovk,Go Ahead Eagles,1mroid71v9bwpx0iaospei9gq,R. Margaret,34.964999999999996,3.2640000000000002,0,0.0,turnover,False,0.0
2025-11-22_Heracles Almelo - Go Ahead Eagles,2875423573,1,41,19,dac758ef858jbq7pcb3gfwite,Heracles Almelo,mlqit2c8my1ewqy6avrfhf8q,A. Van Hoorenbeeck,33.81,41.61600000000001,2,1.0,turnover,False,0.0
2025-11-22_Heracles Almelo - Go Ahead Eagles,2875437841,2,46,45,b79uipsy57y1jqpy07h4i5ovk,Go Ahead Eagles,5shfqpd5fj05qrp1jlzd08ftg,C. Twigt,20.475,20.468000000000004,1,2.0,turnover,False,0.0
2025-11-22_Heracles Almelo - Go Ahead Eagles,2875438743,2,48,10,b79uipsy57y1jqpy07h4i5ovk,Go Ahead Eagles,5shfqpd5fj05qrp1jlzd08ftg,C. Twigt,45.255,18.632,2,10.0,window_expired,False,0.0056329288907672
2025-11-22_Heracles Almelo - Go Ahead Eagles,2875441027,2,52,5,dac758ef858jbq7pcb3gfwite,Heracles Almelo,do5gstk4ks97daehnudehyjxm,J. Žambůrek,38.325,62.15200000000001,2,8.0,turnover,False,0.0
2025-11-22_Heracles Almelo - Go Ahead Eagles,2875453521,2,74,46,b79uipsy57y1jqpy07h4i5ovk,Go Ahead Eagles,1tmihr54maqj0h7785cg9ez56,M. Suray,22.47,40.25600000000001,0,0.0,turnover,False,0.0
2025-11-22_Heracles Almelo - Go Ahead Eagles,2875455259,2,78,45,dac758ef858jbq7pcb3gfwite,Heracles Almelo,e3akocgpppdty3ayxty1gf6xh,D. Mirani,34.33500000000001,34.408,1,3.0,turnover,False,0.0
2025-11-22_Heracles Almelo - Go Ahead Eagles,2875459297,2,87,37,dac758ef858jbq7pcb3gfwite,Heracles Almelo,96om2im2vd1621ajcexlyekno,T. van Gilst,28.56,33.864,1,5.0,window_expired,False,0.0
2025-11-22_Heracles Almelo - Go Ahead Eagles,2875460215,2,89,50,b79uipsy57y1jqpy07h4i5ovk,Go Ahead Eagles,61a5bh5xw947nv4mxx62gqaqx,J. Kramer,36.12,49.64,0,0.0,turnover,False,0.0
2025-11-22_NAC Breda - PSV Eindhoven,2875050609,1,0,57,24fvcruwqrqvqa3aonf8c3zuy,PSV Eindhoven,b0me6l44boibnwpbtasxoy02x,S. Dest,69.825,16.048000000000002,5,5.0,turnover,False,0.0
2025-11-22_NAC Breda - PSV Eindhoven,2875059689,1,4,47,24fvcruwqrqvqa3aonf8c3zuy,PSV Eindhoven,c6ip6gwp8yvchd1n3dv42go9,Mauro Júnior,37.48500000000001,39.440000000000005,0,0.0,turnover,False,0.0
2025-11-22_NAC Breda - PSV Eindhoven,2875073503,1,10,29,59t7flioj4w4mpwnrwbm0m8ck,NAC Breda,200chcevwu3znwew6xjyaof6d,F. Oldrup Jensen,43.995,10.540000000000001,3,10.0,window_expired,False,0.0018701276998223
2025-11-22_NAC Breda - PSV Eindhoven,2875101239,1,30,30,59t7flioj4w4mpwnrwbm0m8ck,NAC Breda,7qwmlcxsxlxmq01g7dkt7v14a,M. Balard,22.155,45.967999999999996,3,4.0,turnover,False,5.889220237631498e-05
2025-11-22_NAC Breda - PSV Eindhoven,2875145793,1,44,11,24fvcruwqrqvqa3aonf8c3zuy,PSV Eindhoven,c6ip6gwp8yvchd1n3dv42go9,Mauro Júnior,17.64,26.588000000000005,5,7.0,turnover,False,0.0004296826552473195
2025-11-22_NAC Breda - PSV Eindhoven,2875136967,1,45,27,59t7flioj4w4mpwnrwbm0m8ck,NAC Breda,4f8xb5sbyksacxmifi375h7qi,K. Sowah,39.9,20.060000000000002,0,0.0,turnover,False,0.0
2025-11-22_NAC Breda - PSV Eindhoven,2875137351,1,45,37,24fvcruwqrqvqa3aonf8c3zuy,PSV Eindhoven,5lvdnoyknuoyr6kdruposgctl,J. Schouten,47.145,50.864000000000004,0,0.0,turnover,False,0.0
2025-11-22_NAC Breda - PSV Eindhoven,2875179361,2,45,48,59t7flioj4w4mpwnrwbm0m8ck,NAC Breda,969cpy2geokwer9gjapk7zj3e,R. Hillen,55.545,59.50000000000001,2,3.0,turnover,False,0.0
2025-11-22_NAC Breda - PSV Eindhoven,2875190487,2,50,56,24fvcruwqrqvqa3aonf8c3zuy,PSV Eindhoven,5lvdnoyknuoyr6kdruposgctl,J. Schouten,69.51,17.952,4,5.0,turnover,False,0.0099661203177768
2025-11-22_NAC Breda - PSV Eindhoven,2875215753,2,67,49,24fvcruwqrqvqa3aonf8c3zuy,PSV Eindhoven,cmdeqxibr6holfqg17ap9uihg,Yarek Gąsiorowski,49.56,44.88,0,0.0,turnover,False,0.0
2025-11-22_NAC Breda - PSV Eindhoven,2875218597,2,71,31,24fvcruwqrqvqa3aonf8c3zuy,PSV Eindhoven,2gsq05yyxwe4f8t79j6d49q6t,I. Perišić,24.78,47.260000000000005,1,2.0,turnover,False,1.952869105532884e-05
2025-11-22_NAC Breda - PSV Eindhoven,2875219101,2,71,55,24fvcruwqrqvqa3aonf8c3zuy,PSV Eindhoven,cmdeqxibr6holfqg17ap9uihg,Yarek Gąsiorowski,55.545,62.016000000000005,1,1.0,turnover,False,0.0
2025-11-22_NAC Breda - PSV Eindhoven,2875219669,2,72,24,59t7flioj4w4mpwnrwbm0m8ck,NAC Breda,7qwmlcxsxlxmq01g7dkt7v14a,M. Balard,25.935,16.796,0,0.0,turnover,False,0.0
2025-11-22_NAC Breda - PSV Eindhoven,2875220335,2,72,55,59t7flioj4w4mpwnrwbm0m8ck,NAC Breda,37c696bwovmn1x8lc8z4wp53o,C. Valerius,9.135,16.252,2,2.0,turnover,False,0.0
2025-11-22_NAC Breda - PSV Eindhoven,2875231161,2,82,25,24fvcruwqrqvqa3aonf8c3zuy,PSV Eindhoven,5lvdnoyknuoyr6kdruposgctl,J. Schouten,25.41,32.096000000000004,0,0.0,turnover,False,0.0
2025-11-22_NAC Breda - PSV Eindhoven,2875234345,2,82,41,24fvcruwqrqvqa3aonf8c3zuy,PSV Eindhoven,cmdeqxibr6holfqg17ap9uihg,Yarek Gąsiorowski,19.32,41.752,4,6.0,window_expired,False,7.998977645133631e-05
2025-11-22_NAC Breda - PSV Eindhoven,2875233601,2,84,35,59t7flioj4w4mpwnrwbm0m8ck,NAC Breda,969cpy2geokwer9gjapk7zj3e,R. Hillen,38.955000000000005,64.804,3,3.0,turnover,False,0.0
2025-11-22_NAC Breda - PSV Eindhoven,2875240365,2,90,44,59t7flioj4w4mpwnrwbm0m8ck,NAC Breda,4f8xb5sbyksacxmifi375h7qi,K. Sowah,15.435,66.096,1,0.0,turnover,False,0.0
2025-11-22_Sparta Rotterdam - Fortuna Sittard,2875387179,1,1,7,89w5c6pw7vn0dxypi61tt0g4k,Sparta Rotterdam,ass524umdrpsq324wksaqef4k,M. Young,32.865,8.568,2,3.0,turnover,False,0.0
2025-11-22_Sparta Rotterdam - Fortuna Sittard,2875432155,1,3,25,3ebril33e08ddzob4bhq8awsr,Fortuna Sittard,7b4jmfu1ejoeci2zmvwuejnys,P. Brittijn,31.605000000000004,49.164,5,8.0,window_expired,False,0.00032470766471783403
2025-11-22_Sparta Rotterdam - Fortuna Sittard,2875395561,1,11,46,3ebril33e08ddzob4bhq8awsr,Fortuna Sittard,2ifp36vdm0d6rb3xc7muuvv11,D. Limnios,21.945,54.468,3,5.0,turnover,False,0.0
2025-11-22_Sparta Rotterdam - Fortuna Sittard,2875397017,1,13,14,89w5c6pw7vn0dxypi61tt0g4k,Sparta Rotterdam,f07qmqesi1rpw7eapoz9rb0gk,J. Baas,33.81,26.384,1,3.0,turnover,False,0.0002992766795159
2025-11-22_Sparta Rotterdam - Fortuna Sittard,2875397913,1,14,12,3ebril33e08ddzob4bhq8awsr,Fortuna Sittard,eyzcfyn1crjcgmm98uk9u8oyy,É. Michut,37.800000000000004,19.380000000000003,3,9.0,window_expired,False,0.0447320677469486
2025-11-22_Sparta Rotterdam - Fortuna Sittard,2875410367,1,28,27,3ebril33e08ddzob4bhq8awsr,Fortuna Sittard,44m4s9f1ckgdavmqjo0icx016,R. Fosso,21.21,50.592000000000006,2,3.0,turnover,False,0.0
2025-11-22_Sparta Rotterdam - Fortuna Sittard,2875410471,1,28,35,89w5c6pw7vn0dxypi61tt0g4k,Sparta Rotterdam,6yush35gfp1sgyyzicye73rp,P. van Aanholt,59.535000000000004,47.124,2,5.0,window_expired,False,4.16348048684484e-05
2025-11-22_Sparta Rotterdam - Fortuna Sittard,2875412407,1,31,7,3ebril33e08ddzob4bhq8awsr,Fortuna Sittard,bnkzwpd607re6s01oa77wcodm,J. Dahlhaus,54.39,57.596000000000004,4,5.0,window_expired,False,0.0
2025-11-22_Sparta Rotterdam - Fortuna Sittard,2875417533,1,37,28,3ebril33e08ddzob4bhq8awsr,Fortuna Sittard,8przxwwothu3crflys7ahl4dm,S. Adewoye,9.66,30.192,0,0.0,turnover,False,0.0
2025-11-22_Sparta Rotterdam - Fortuna Sittard,2875418897,1,39,20,3ebril33e08ddzob4bhq8awsr,Fortuna Sittard,8przxwwothu3crflys7ahl4dm,S. Adewoye,31.395,5.78,0,0.0,turnover,False,0.0
2025-11-22_Sparta Rotterdam - Fortuna Sittard,2875419397,1,39,25,89w5c6pw7vn0dxypi61tt0g4k,Sparta Rotterdam,byirjks50zw1eefkcy8p4hd5h,B. Martins Indi,47.46000000000001,50.79600000000001,4,9.0,window_expired,False,7.1156540813743785e-06
2025-11-22_Sparta Rotterdam - Fortuna Sittard,2875420623,1,41,34,89w5c6pw7vn0dxypi61tt0g4k,Sparta Rotterdam,8n9t52eeli3s39r8ujjhjt7je,J. Kitolano,11.340000000000002,28.152,2,2.0,turnover,False,0.0
2025-11-22_Sparta Rotterdam - Fortuna Sittard,2875571099,2,51,7,3ebril33e08ddzob4bhq8awsr,Fortuna Sittard,9zryne6aa951ltubvjo0gk12i,M. Ihattaren,43.050000000000004,15.096,1,2.0,turnover,False,0.0
2025-11-22_Sparta Rotterdam - Fortuna Sittard,2875437079,2,51,54,89w5c6pw7vn0dxypi61tt0g4k,Sparta Rotterdam,ass524umdrpsq324wksaqef4k,M. Young,58.695,24.208000000000002,1,1.0,turnover,False,0.0
2025-11-22_Sparta Rotterdam - Fortuna Sittard,2875437499,2,52,33,3ebril33e08ddzob4bhq8awsr,Fortuna Sittard,8przxwwothu3crflys7ahl4dm,S. Adewoye,67.30499999999999,24.752000000000002,4,8.0,turnover,False,0.0130614921164707
2025-11-22_Sparta Rotterdam - Fortuna Sittard,2875442535,2,60,53,3ebril33e08ddzob4bhq8awsr,Fortuna Sittard,eyzcfyn1crjcgmm98uk9u8oyy,É. Michut,29.61,33.252,1,2.0,turnover,False,0.0
2025-11-22_Sparta Rotterdam - Fortuna Sittard,2875450415,2,74,45,89w5c6pw7vn0dxypi61tt0g4k,Sparta Rotterdam,9lctm8txbd4n87mk61lwa0rf9,S. Bakari,41.895,5.44,1,1.0,window_expired,False,0.0
2025-11-22_Sparta Rotterdam - Fortuna Sittard,2875450685,2,75,21,3ebril33e08ddzob4bhq8awsr,Fortuna Sittard,44m4s9f1ckgdavmqjo0icx016,R. Fosso,46.30500000000001,58.208,4,6.0,turnover,False,0.0
2025-11-22_Sparta Rotterdam - Fortuna Sittard,2875452767,2,79,31,89w5c6pw7vn0dxypi61tt0g4k,Sparta Rotterdam,9lctm8txbd4n87mk61lwa0rf9,S. Bakari,38.115,21.080000000000002,1,2.0,turnover,False,0.0
2025-11-22_Sparta Rotterdam - Fortuna Sittard,2875455543,2,85,28,3ebril33e08ddzob4bhq8awsr,Fortuna Sittard,bnkzwpd607re6s01oa77wcodm,J. Dahlhaus,32.76,54.876000000000005,0,0.0,turnover,False,0.0
2025-11-22_Sparta Rotterdam - Fortuna Sittard,2875459261,2,93,53,89w5c6pw7vn0dxypi61tt0g4k,Sparta Rotterdam,29q4j9r2lgdsdkkq2fgh8l7o4,Ayoni Santos,61.53,39.644,3,7.0,window_expired,False,0.0013349593341836
2025-11-23_FC Groningen - PEC Zwolle,2875833437,1,5,6,2uuh2bir8ktof0uxfo06lb4ox,PEC Zwolle,1rd0zzpp3dn0y7qtxwc57g7h1,R. Thomas,62.580000000000005,7.684000000000001,2,3.0,turnover,False,0.0
2025-11-23_FC Groningen - PEC Zwolle,2875851243,1,13,23,2uuh2bir8ktof0uxfo06lb4ox,PEC Zwolle,6u7z5qrlwzl9aug8awejq37xl,Jamiro Monteiro,34.33500000000001,44.404,2,9.0,window_expired,False,2.7406881704217238e-05
2025-11-23_FC Groningen - PEC Zwolle,2875859567,1,20,9,cos9hxi16eitbcbthof7zrm4m,FC Groningen,f4liap69r76gyc8pnxsergbqi,T. de Jonge,56.49,32.912,2,2.0,turnover,False,0.0
2025-11-23_FC Groningen - PEC Zwolle,2875861709,1,21,47,cos9hxi16eitbcbthof7zrm4m,FC Groningen,f4liap69r76gyc8pnxsergbqi,T. de Jonge,66.15,46.580000000000005,0,0.0,turnover,False,0.0
2025-11-23_FC Groningen - PEC Zwolle,2875864995,1,24,33,2uuh2bir8ktof0uxfo06lb4ox,PEC Zwolle,9ugpnnovqttl8lguv7wdyiezu,S. Graves,5.88,9.452000000000002,1,1.0,turnover,False,0.0
2025-11-23_FC Groningen - PEC Zwolle,2875866371,1,25,35,cos9hxi16eitbcbthof7zrm4m,FC Groningen,4dk7h575fifmw2lhslevhmhux,M. Rente,68.985,14.892,4,5.0,turnover,False,0.0140546826371622
2025-11-23_FC Groningen - PEC Zwolle,2875874923,1,32,28,2uuh2bir8ktof0uxfo06lb4ox,PEC Zwolle,d5g7rl9a83vu3cyyzvu5yveqy,A. MacNulty,28.35,64.12400000000001,1,1.0,turnover,False,0.0
2025-11-23_FC Groningen - PEC Zwolle,2875887323,1,42,0,2uuh2bir8ktof0uxfo06lb4ox,PEC Zwolle,9ugpnnovqttl8lguv7wdyiezu,S. Graves,47.355000000000004,34.748000000000005,1,0.0,turnover,False,0.0
2025-11-23_FC Groningen - PEC Zwolle,2875911689,2,46,39,cos9hxi16eitbcbthof7zrm4m,FC Groningen,9wwud2tglhtdocmjgl2u5ib6c,T. Blokzijl,5.1450000000000005,23.323999999999998,0,0.0,turnover,False,0.0
2025-11-23_FC Groningen - PEC Zwolle,2875915613,2,50,38,2uuh2bir8ktof0uxfo06lb4ox,PEC Zwolle,684nd3xjli51z43pbla0mwa21,T. Oosting,29.925,11.628000000000002,5,8.0,turnover,False,2.123737845585727e-05
2025-11-23_FC Groningen - PEC Zwolle,2875917937,2,52,50,2uuh2bir8ktof0uxfo06lb4ox,PEC Zwolle,9ugpnnovqttl8lguv7wdyiezu,S. Graves,19.32,46.988,0,0.0,turnover,False,0.0
2025-11-23_FC Groningen - PEC Zwolle,2875917959,2,52,52,2uuh2bir8ktof0uxfo06lb4ox,PEC Zwolle,d5g7rl9a83vu3cyyzvu5yveqy,A. MacNulty,16.59,46.580000000000005,1,3.0,turnover,False,0.0
2025-11-23_FC Groningen - PEC Zwolle,2875925683,2,60,46,2uuh2bir8ktof0uxfo06lb4ox,PEC Zwolle,9ugpnnovqttl8lguv7wdyiezu,S. Graves,36.330000000000005,41.548,1,2.0,turnover,False,0.0
2025-11-23_FC Groningen - PEC Zwolle,2875925879,2,61,4,cos9hxi16eitbcbthof7zrm4m,FC Groningen,98qi4clazqen9kimkxt3jb6j9,M. Peersman,57.75,60.248,1,2.0,turnover,False,0.0
2025-11-23_FC Groningen - PEC Zwolle,2875934001,2,69,1,2uuh2bir8ktof0uxfo06lb4ox,PEC Zwolle,684nd3xjli51z43pbla0mwa21,T. Oosting,9.975,19.652,0,0.0,turnover,False,0.0
2025-11-23_FC Groningen - PEC Zwolle,2875936071,2,71,4,2uuh2bir8ktof0uxfo06lb4ox,PEC Zwolle,awsbedog2zaz7zpjucbcba82y,S. Shoretire,16.8,6.460000000000001,4,7.0,turnover,False,7.030390488800553e-05
2025-11-23_FC Groningen - PEC Zwolle,2875966269,2,83,34,2uuh2bir8ktof0uxfo06lb4ox,PEC Zwolle,awsbedog2zaz7zpjucbcba82y,S. Shoretire,16.17,22.236000000000004,1,1.0,turnover,False,0.0
2025-11-23_FC Groningen - PEC Zwolle,2876402521,2,87,9,2uuh2bir8ktof0uxfo06lb4ox,PEC Zwolle,5mqog8k9eyi248jvrrp9fo8wk,N. Fichtinger,35.385000000000005,62.900000000000006,0,0.0,turnover,False,0.0
2025-11-23_Feyenoord Rotterdam - Nijmegen Eendracht Combinatie,2875699025,1,16,25,8iawijq7s9s6d85mjz8wdslki,Nijmegen Eendracht Combinatie,913pg8qqcjp99h5fjybbenob9,P. Sandler,19.635,34.408,1,4.0,turnover,False,0.0
2025-11-23_Feyenoord Rotterdam - Nijmegen Eendracht Combinatie,2875701639,1,19,43,20vymiy7bo8wkyxai3ew494fz,Feyenoord Rotterdam,aajft01g5yggw0is5fbfh3105,B. Nieuwkoop,39.9,17.476,0,0.0,turnover,False,0.0
2025-11-23_Feyenoord Rotterdam - Nijmegen Eendracht Combinatie,2875703649,1,22,36,20vymiy7bo8wkyxai3ew494fz,Feyenoord Rotterdam,29fr98or3mqippn84z3p9ihhw,L. Valente,38.535000000000004,40.528000000000006,0,0.0,turnover,False,0.0
2025-11-23_Feyenoord Rotterdam - Nijmegen Eendracht Combinatie,2875705799,1,25,53,8iawijq7s9s6d85mjz8wdslki,Nijmegen Eendracht Combinatie,1gl82ymzh9vpitix6v645awa,D. Nejašmić,50.295,13.260000000000002,0,0.0,turnover,False,0.0
2025-11-23_Feyenoord Rotterdam - Nijmegen Eendracht Combinatie,2875708015,1,29,16,20vymiy7bo8wkyxai3ew494fz,Feyenoord Rotterdam,447abno2j0ux8fsxzs6fel7th,A. Ahmedhodžić,62.265,4.08,0,0.0,turnover,False,0.0
2025-11-23_Feyenoord Rotterdam - Nijmegen Eendracht Combinatie,2875716733,1,36,43,8iawijq7s9s6d85mjz8wdslki,Nijmegen Eendracht Combinatie,4pqi5vt820333t5zsj2refc2d,B. Linssen,66.25500000000001,31.96,5,10.0,window_expired,False,0.0449798571197384
2025-11-23_Feyenoord Rotterdam - Nijmegen Eendracht Combinatie,2875719827,1,39,0,8iawijq7s9s6d85mjz8wdslki,Nijmegen Eendracht Combinatie,ds0hd4ezvb5rw6l95rhbxtq1g,B. Önal,8.085,48.416000000000004,2,1.0,turnover,False,0.0
2025-11-23_Feyenoord Rotterdam - Nijmegen Eendracht Combinatie,2876251239,1,45,11,8iawijq7s9s6d85mjz8wdslki,Nijmegen Eendracht Combinatie,4kns22wbu3emy5oxbpr52rdud,E. Dasa,7.3500000000000005,28.016000000000005,1,1.0,turnover,False,0.0
2025-11-23_Feyenoord Rotterdam - Nijmegen Eendracht Combinatie,2875754023,2,50,23,20vymiy7bo8wkyxai3ew494fz,Feyenoord Rotterdam,dtcvzfse83ztj96kiizwp6jqi,G. Smal,35.175000000000004,46.988,0,0.0,turnover,False,0.0
2025-11-23_Feyenoord Rotterdam - Nijmegen Eendracht Combinatie,2875755555,2,51,32,8iawijq7s9s6d85mjz8wdslki,Nijmegen Eendracht Combinatie,dse071e8zbzm8l37m64g6e1p0,K. Sano,20.37,34.408,0,0.0,turnover,False,0.0
2025-11-23_Feyenoord Rotterdam - Nijmegen Eendracht Combinatie,2875773717,2,58,25,8iawijq7s9s6d85mjz8wdslki,Nijmegen Eendracht Combinatie,ac3lkaa1lkbsa82tfylq5zcb8,N. Lebreton,33.285000000000004,61.336000000000006,0,0.0,turnover,False,0.0
2025-11-23_Feyenoord Rotterdam - Nijmegen Eendracht Combinatie,2875763441,2,59,5,8iawijq7s9s6d85mjz8wdslki,Nijmegen Eendracht Combinatie,dse071e8zbzm8l37m64g6e1p0,K. Sano,25.62,47.124,2,3.0,turnover,False,0.0
2025-11-23_Feyenoord Rotterdam - Nijmegen Eendracht Combinatie,2875763705,2,59,23,20vymiy7bo8wkyxai3ew494fz,Feyenoord Rotterdam,aajft01g5yggw0is5fbfh3105,B. Nieuwkoop,15.959999999999999,29.308000000000003,1,0.0,turnover,False,0.0
2025-11-23_Feyenoord Rotterdam - Nijmegen Eendracht Combinatie,2875781661,2,78,4,20vymiy7bo8wkyxai3ew494fz,Feyenoord Rotterdam,9d4ald4f0m2imaastzen4j8mi,O. Targhalline,61.214999999999996,54.876000000000005,0,0.0,turnover,False,0.0
2025-11-23_Feyenoord Rotterdam - Nijmegen Eendracht Combinatie,2875788059,2,82,31,20vymiy7bo8wkyxai3ew494fz,Feyenoord Rotterdam,dtcvzfse83ztj96kiizwp6jqi,G. Smal,34.86000000000001,45.356,0,0.0,turnover,False,0.0
2025-11-23_SC Heerenveen - Alkmaar Zaanstreek,2875599671,1,1,16,4vd2t5schmvvufrfib7f2vjdf,SC Heerenveen,ar7llmzju08n8yrqu8xm1thck,O. Braude,65.52,6.256,2,3.0,turnover,False,0.0
2025-11-23_SC Heerenveen - Alkmaar Zaanstreek,2875613775,1,28,47,4vd2t5schmvvufrfib7f2vjdf,SC Heerenveen,eu6pfkiah7otafyryg6ll7y09,L. Brouwers,74.34,15.436,0,0.0,turnover,False,0.0
2025-11-23_SC Heerenveen - Alkmaar Zaanstreek,2875619839,1,41,16,4vd2t5schmvvufrfib7f2vjdf,SC Heerenveen,8jm8a7w3a5b5nzikcom7cvf2s,M. Willemsen,26.565,43.452000000000005,2,2.0,turnover,False,0.0
2025-11-23_SC Heerenveen - Alkmaar Zaanstreek,2875619859,1,41,19,3kfktv64h7kg7zryax1wktr5r,Alkmaar Zaanstreek,8u19xeh9ugvh8f1mh7jnbbhuc,K. Smit,61.425000000000004,4.284,3,4.0,turnover,False,0.0
2025-11-23_SC Heerenveen - Alkmaar Zaanstreek,2875638965,2,57,7,3kfktv64h7kg7zryax1wktr5r,Alkmaar Zaanstreek,5ylwgfqvaobru2lxqvlhpxul0,E. Dijkstra,65.31,3.2640000000000002,0,0.0,turnover,False,0.0
2025-11-23_SC Heerenveen - Alkmaar Zaanstreek,2876212457,2,80,4,4vd2t5schmvvufrfib7f2vjdf,SC Heerenveen,d2698ncsatg6jtvb0l9ijhj4k,N. Hopland,41.580000000000005,25.636000000000003,5,8.0,window_expired,False,0.00029100706460512043
2025-11-23_SC Heerenveen - Alkmaar Zaanstreek,2875656449,2,81,32,4vd2t5schmvvufrfib7f2vjdf,SC Heerenveen,b5sf6wcogrvlwuwbd8xsyyfh1,J. van Overeem,40.32,46.784,1,0.0,turnover,False,0.0
2025-11-23_SC Telstar - FC Utrecht,2875702125,1,21,4,ccpscwdcm65czscrun048ecn5,FC Utrecht,cy0lv5u16obr2ne4xiins43x1,S. Haller,71.08500000000001,62.35600000000001,0,0.0,turnover,False,0.0
2025-11-23_SC Telstar - FC Utrecht,2875706923,1,28,14,zjawy6qdzk3y69v5pa3zl2cb,SC Telstar,8p3x0sm735fru6nthc87pjrbo,Neville Ogidi Nwankwo,22.365000000000002,4.828,1,1.0,turnover,False,0.0
2025-11-23_SC Telstar - FC Utrecht,2875707547,1,29,12,ccpscwdcm65czscrun048ecn5,FC Utrecht,3r6elcuru7no13hrfczmwbmy1,S. Horemans,56.80500000000001,1.972,0,0.0,turnover,False,0.0
2025-11-23_SC Telstar - FC Utrecht,2875707617,1,29,18,zjawy6qdzk3y69v5pa3zl2cb,SC Telstar,8p3x0sm735fru6nthc87pjrbo,Neville Ogidi Nwankwo,26.145,26.248,6,9.0,window_expired,False,0.0012089782266635
2025-11-23_SC Telstar - FC Utrecht,2875709367,1,31,6,zjawy6qdzk3y69v5pa3zl2cb,SC Telstar,4bkb8qjb5n33wxfopju8r1mtx,D. Bakker,35.805,34.068000000000005,1,1.0,turnover,False,0.0
2025-11-23_SC Telstar - FC Utrecht,2875718107,1,38,20,ccpscwdcm65czscrun048ecn5,FC Utrecht,9ano8w4jrlk6zq92rxchzaru2,Miguel Rodríguez,58.275000000000006,5.168,4,10.0,window_expired,False,8.635653748817473e-05
2025-11-23_SC Telstar - FC Utrecht,2875745257,2,47,4,ccpscwdcm65czscrun048ecn5,FC Utrecht,9ano8w4jrlk6zq92rxchzaru2,Miguel Rodríguez,60.27,23.664,5,5.0,window_expired,False,0.0067019899052782
2025-11-23_SC Telstar - FC Utrecht,2875747323,2,48,48,ccpscwdcm65czscrun048ecn5,FC Utrecht,cy0lv5u16obr2ne4xiins43x1,S. Haller,79.69500000000001,27.064,1,1.0,turnover,False,0.0
2025-11-23_SC Telstar - FC Utrecht,2875749029,2,50,14,ccpscwdcm65czscrun048ecn5,FC Utrecht,8ymqihdfqc7esda7y407lebx1,D. de Wit,70.455,52.156000000000006,0,0.0,turnover,False,0.0
2025-11-23_SC Telstar - FC Utrecht,2875750479,2,51,26,ccpscwdcm65czscrun048ecn5,FC Utrecht,3r6elcuru7no13hrfczmwbmy1,S. Horemans,16.17,22.848000000000003,2,2.0,turnover,False,0.0
2025-11-23_SC Telstar - FC Utrecht,2875750511,2,51,29,zjawy6qdzk3y69v5pa3zl2cb,SC Telstar,1zybkcmp40td92a6yg8sw9uga,T. Owusu,77.59500000000001,47.328,3,3.0,turnover,False,0.0
2025-11-23_SC Telstar - FC Utrecht,2875751587,2,52,24,zjawy6qdzk3y69v5pa3zl2cb,SC Telstar,1vn6w1mjdztfks75bxn0hk7x0,S. Hetli,71.61,55.760000000000005,2,4.0,turnover,False,0.0
2025-11-23_SC Telstar - FC Utrecht,2875762351,2,62,11,ccpscwdcm65czscrun048ecn5,FC Utrecht,c2an5ksdu6jbap3x3jp3z9c5x,N. Viergever,9.555,22.916000000000004,0,0.0,turnover,False,0.0
2025-11-23_SC Telstar - FC Utrecht,2875763831,2,63,39,zjawy6qdzk3y69v5pa3zl2cb,SC Telstar,f5pgdha5h37xytbk1zq8q710,D. Koswal,33.705000000000005,43.928,1,1.0,turnover,False,0.0
2025-11-23_SC Telstar - FC Utrecht,2875765967,2,66,36,ccpscwdcm65czscrun048ecn5,FC Utrecht,3ypxn1nvgv8e321sq5394w3my,M. Didden,34.545,14.212,1,2.0,turnover,False,0.0
2025-11-23_SC Telstar - FC Utrecht,2875768433,2,70,3,zjawy6qdzk3y69v5pa3zl2cb,SC Telstar,f5pgdha5h37xytbk1zq8q710,D. Koswal,25.830000000000002,41.752,0,0.0,turnover,False,0.0
2025-11-23_SC Telstar - FC Utrecht,2875770323,2,72,35,zjawy6qdzk3y69v5pa3zl2cb,SC Telstar,8p3x0sm735fru6nthc87pjrbo,Neville Ogidi Nwankwo,42.73500000000001,10.744000000000002,2,1.0,turnover,False,0.0
2025-11-23_SC Telstar - FC Utrecht,2875777809,2,79,4,zjawy6qdzk3y69v5pa3zl2cb,SC Telstar,4cbhx91p3l265b2cejzd07gbu,P. Brouwer,43.995,54.74,3,2.0,turnover,False,0.0001421102460093
2025-11-23_SC Telstar - FC Utrecht,2876293603,2,79,59,zjawy6qdzk3y69v5pa3zl2cb,SC Telstar,f5pgdha5h37xytbk1zq8q710,D. Koswal,36.225,20.808000000000003,2,5.0,turnover,False,0.0
2025-11-23_SC Telstar - FC Utrecht,2875791515,2,89,2,zjawy6qdzk3y69v5pa3zl2cb,SC Telstar,devvpv4u2vs2cofnwp4678mvp,D. Malone,33.285000000000004,14.620000000000001,3,4.0,turnover,False,0.0
2025-11-23_SC Telstar - FC Utrecht,2875798839,2,94,27,ccpscwdcm65czscrun048ecn5,FC Utrecht,8lt54ei6pcu25u8uerigmx5yi,A. Engwanda,10.5,33.11600000000001,1,1.0,turnover,False,0.0
2025-11-28_PEC Zwolle - SC Heerenveen,2877399787,1,1,43,2uuh2bir8ktof0uxfo06lb4ox,PEC Zwolle,1rd0zzpp3dn0y7qtxwc57g7h1,R. Thomas,67.515,3.6720000000000006,2,1.0,turnover,False,0.0
2025-11-28_PEC Zwolle - SC Heerenveen,2877406043,1,8,12,2uuh2bir8ktof0uxfo06lb4ox,PEC Zwolle,1rd0zzpp3dn0y7qtxwc57g7h1,R. Thomas,44.52,8.364,1,1.0,turnover,False,0.0
2025-11-28_PEC Zwolle - SC Heerenveen,2877412325,1,15,34,4vd2t5schmvvufrfib7f2vjdf,SC Heerenveen,8jm8a7w3a5b5nzikcom7cvf2s,M. Willemsen,35.175000000000004,35.088,0,0.0,turnover,False,0.0
2025-11-28_PEC Zwolle - SC Heerenveen,2877414141,1,17,41,2uuh2bir8ktof0uxfo06lb4ox,PEC Zwolle,a7vlgirln231n3dqjhb72o0es,O. Aertssen,29.085,21.828000000000003,3,8.0,window_expired,False,1.4245985580224609e-05
2025-11-28_PEC Zwolle - SC Heerenveen,2877417443,1,21,33,4vd2t5schmvvufrfib7f2vjdf,SC Heerenveen,412l28fqhx21ivpcxzn1kpilm,V. Zagaritis,71.4,60.452000000000005,2,1.0,turnover,False,0.0
2025-11-28_PEC Zwolle - SC Heerenveen,2877424037,1,30,11,2uuh2bir8ktof0uxfo06lb4ox,PEC Zwolle,1rd0zzpp3dn0y7qtxwc57g7h1,R. Thomas,60.27,12.58,0,0.0,turnover,False,0.0
2025-11-28_PEC Zwolle - SC Heerenveen,2877425565,1,31,54,2uuh2bir8ktof0uxfo06lb4ox,PEC Zwolle,awsbedog2zaz7zpjucbcba82y,S. Shoretire,26.985,28.968000000000004,0,0.0,turnover,False,0.0
2025-11-28_PEC Zwolle - SC Heerenveen,2877426993,1,33,42,4vd2t5schmvvufrfib7f2vjdf,SC Heerenveen,8jm8a7w3a5b5nzikcom7cvf2s,M. Willemsen,39.480000000000004,44.47200000000001,0,0.0,turnover,False,0.0
2025-11-28_PEC Zwolle - SC Heerenveen,2877430635,1,37,25,4vd2t5schmvvufrfib7f2vjdf,SC Heerenveen,idvh0ac1f8wv39640pyl4esp,S. Kersten,11.445,42.024,0,0.0,turnover,False,0.0
2025-11-28_PEC Zwolle - SC Heerenveen,2877580997,1,39,31,4vd2t5schmvvufrfib7f2vjdf,SC Heerenveen,9najgqcaamqj0qtiicuq9hey,R. Meerveld,44.94,51.00000000000001,3,9.0,window_expired,False,0.00023185441361745293
2025-11-28_PEC Zwolle - SC Heerenveen,2877437537,1,44,2,2uuh2bir8ktof0uxfo06lb4ox,PEC Zwolle,1rd0zzpp3dn0y7qtxwc57g7h1,R. Thomas,48.300000000000004,24.752000000000002,1,1.0,turnover,False,0.0
2025-11-28_PEC Zwolle - SC Heerenveen,2877453143,2,45,47,4vd2t5schmvvufrfib7f2vjdf,SC Heerenveen,b5sf6wcogrvlwuwbd8xsyyfh1,J. van Overeem,58.800000000000004,14.96,2,2.0,turnover,False,0.0
2025-11-28_PEC Zwolle - SC Heerenveen,2877460331,2,52,58,2uuh2bir8ktof0uxfo06lb4ox,PEC Zwolle,4phgw75cred5p93hjq8hiou6t,S. Floranus,18.480000000000004,61.744,0,0.0,turnover,False,0.0
2025-11-28_PEC Zwolle - SC Heerenveen,2877583423,2,55,19,4vd2t5schmvvufrfib7f2vjdf,SC Heerenveen,eu6pfkiah7otafyryg6ll7y09,L. Brouwers,36.645,48.75600000000001,4,5.0,turnover,False,8.967426680481227e-05
2025-11-28_PEC Zwolle - SC Heerenveen,2877462733,2,55,26,2uuh2bir8ktof0uxfo06lb4ox,PEC Zwolle,9ugpnnovqttl8lguv7wdyiezu,S. Graves,37.589999999999996,20.672,5,8.0,turnover,False,0.0
2025-11-28_PEC Zwolle - SC Heerenveen,2877466293,2,59,18,2uuh2bir8ktof0uxfo06lb4ox,PEC Zwolle,a7vlgirln231n3dqjhb72o0es,O. Aertssen,40.005,12.852,0,0.0,turnover,False,0.0
2025-11-28_PEC Zwolle - SC Heerenveen,2877466783,2,59,51,4vd2t5schmvvufrfib7f2vjdf,SC Heerenveen,412l28fqhx21ivpcxzn1kpilm,V. Zagaritis,19.740000000000002,57.188,4,10.0,window_expired,False,0.0005133701746537756
2025-11-28_PEC Zwolle - SC Heerenveen,2877472353,2,66,43,4vd2t5schmvvufrfib7f2vjdf,SC Heerenveen,412l28fqhx21ivpcxzn1kpilm,V. Zagaritis,29.505000000000003,39.168000000000006,0,0.0,turnover,False,0.0
2025-11-28_PEC Zwolle - SC Heerenveen,2877474899,2,70,6,2uuh2bir8ktof0uxfo06lb4ox,PEC Zwolle,awsbedog2zaz7zpjucbcba82y,S. Shoretire,66.36,20.672,0,0.0,turnover,False,0.0
2025-11-28_PEC Zwolle - SC Heerenveen,2877483603,2,81,3,4vd2t5schmvvufrfib7f2vjdf,SC Heerenveen,412l28fqhx21ivpcxzn1kpilm,V. Zagaritis,7.035,61.47200000000001,0,0.0,turnover,False,0.0
2025-11-28_PEC Zwolle - SC Heerenveen,2877485733,2,83,26,2uuh2bir8ktof0uxfo06lb4ox,PEC Zwolle,4phgw75cred5p93hjq8hiou6t,S. Floranus,37.275,65.212,2,4.0,turnover,False,0.0
2025-11-28_PEC Zwolle - SC Heerenveen,2877487403,2,85,17,2uuh2bir8ktof0uxfo06lb4ox,PEC Zwolle,1rd0zzpp3dn0y7qtxwc57g7h1,R. Thomas,40.32,21.556,3,2.0,turnover,False,0.0002576565999629
2025-11-28_PEC Zwolle - SC Heerenveen,2877495259,2,94,18,2uuh2bir8ktof0uxfo06lb4ox,PEC Zwolle,4phgw75cred5p93hjq8hiou6t,S. Floranus,48.510000000000005,45.628,2,2.0,turnover,False,0.0
2025-11-28_PEC Zwolle - SC Heerenveen,2877496243,2,95,20,4vd2t5schmvvufrfib7f2vjdf,SC Heerenveen,412l28fqhx21ivpcxzn1kpilm,V. Zagaritis,25.935,57.800000000000004,1,1.0,turnover,False,0.0
2025-11-29_Fortuna Sittard - Heracles Almelo,2878033217,1,0,15,3ebril33e08ddzob4bhq8awsr,Fortuna Sittard,44m4s9f1ckgdavmqjo0icx016,R. Fosso,27.090000000000003,57.868,2,2.0,turnover,False,0.0
2025-11-29_Fortuna Sittard - Heracles Almelo,2878038017,1,4,11,3ebril33e08ddzob4bhq8awsr,Fortuna Sittard,570htztcvfsu947xw6fvtzmc5,Iván Márquez,12.705,54.400000000000006,5,10.0,window_expired,False,0.0
2025-11-29_Fortuna Sittard - Heracles Almelo,2878038367,1,4,27,3ebril33e08ddzob4bhq8awsr,Fortuna Sittard,44m4s9f1ckgdavmqjo0icx016,R. Fosso,35.385000000000005,47.87200000000001,0,0.0,turnover,False,0.0
2025-11-29_Fortuna Sittard - Heracles Almelo,2878046215,1,12,25,dac758ef858jbq7pcb3gfwite,Heracles Almelo,do5gstk4ks97daehnudehyjxm,J. Žambůrek,29.925,34.612,4,3.0,turnover,False,0.0
2025-11-29_Fortuna Sittard - Heracles Almelo,2878051031,1,18,6,dac758ef858jbq7pcb3gfwite,Heracles Almelo,do5gstk4ks97daehnudehyjxm,J. Žambůrek,62.05500000000001,58.684000000000005,1,2.0,turnover,False,0.0
2025-11-29_Fortuna Sittard - Heracles Almelo,2878052181,1,19,19,dac758ef858jbq7pcb3gfwite,Heracles Almelo,8oetnmi8kejwwy37rhlelw2ne,W. Ould-Chikh,38.85,47.39600000000001,4,4.0,turnover,False,3.717275278772303e-05
2025-11-29_Fortuna Sittard - Heracles Almelo,2878058837,1,26,2,3ebril33e08ddzob4bhq8awsr,Fortuna Sittard,eyzcfyn1crjcgmm98uk9u8oyy,É. Michut,64.05,45.56,6,7.0,turnover,False,0.0004578378603079071
2025-11-29_Fortuna Sittard - Heracles Almelo,2878061467,1,28,46,3ebril33e08ddzob4bhq8awsr,Fortuna Sittard,bnkzwpd607re6s01oa77wcodm,J. Dahlhaus,29.925,49.43600000000001,0,0.0,turnover,False,0.0
2025-11-29_Fortuna Sittard - Heracles Almelo,2878093865,2,51,53,3ebril33e08ddzob4bhq8awsr,Fortuna Sittard,dp0q4f4gbj2buhcu1lb5dzxed,Ivo Pinto,39.375,18.564,0,0.0,turnover,False,0.0
2025-11-29_Fortuna Sittard - Heracles Almelo,2878093981,2,52,0,3ebril33e08ddzob4bhq8awsr,Fortuna Sittard,dp0q4f4gbj2buhcu1lb5dzxed,Ivo Pinto,8.085,11.968000000000002,1,0.0,window_expired,False,0.0
2025-11-29_Fortuna Sittard - Heracles Almelo,2878101637,2,60,57,3ebril33e08ddzob4bhq8awsr,Fortuna Sittard,eyzcfyn1crjcgmm98uk9u8oyy,É. Michut,27.3,43.79200000000001,5,8.0,window_expired,False,0.0008619109587061035
2025-11-29_Fortuna Sittard - Heracles Almelo,2878105067,2,64,48,3ebril33e08ddzob4bhq8awsr,Fortuna Sittard,bnkzwpd607re6s01oa77wcodm,J. Dahlhaus,24.36,46.852000000000004,1,1.0,turnover,False,0.0
2025-11-29_Fortuna Sittard - Heracles Almelo,2878108135,2,68,3,3ebril33e08ddzob4bhq8awsr,Fortuna Sittard,570htztcvfsu947xw6fvtzmc5,Iván Márquez,30.450000000000003,55.556000000000004,0,0.0,turnover,False,0.0
2025-11-29_Fortuna Sittard - Heracles Almelo,2878111731,2,72,12,dac758ef858jbq7pcb3gfwite,Heracles Almelo,8oetnmi8kejwwy37rhlelw2ne,W. Ould-Chikh,62.79,19.856,4,8.0,turnover,True,0.0111351344795263
2025-11-29_Fortuna Sittard - Heracles Almelo,2878122225,2,88,3,3ebril33e08ddzob4bhq8awsr,Fortuna Sittard,eyzcfyn1crjcgmm98uk9u8oyy,É. Michut,70.665,19.856,2,2.0,turnover,False,0.0009011617394708
2025-11-29_Nijmegen Eendracht Combinatie - Sparta Rotterdam,2878136389,1,3,19,8iawijq7s9s6d85mjz8wdslki,Nijmegen Eendracht Combinatie,8gde39dg3u3kqhd8pa2mdcn2t,T. Chery,20.16,39.916000000000004,2,2.0,turnover,False,0.0
2025-11-29_Nijmegen Eendracht Combinatie - Sparta Rotterdam,2878143453,1,14,9,8iawijq7s9s6d85mjz8wdslki,Nijmegen Eendracht Combinatie,4kns22wbu3emy5oxbpr52rdud,E. Dasa,48.300000000000004,43.248000000000005,2,2.0,turnover,False,0.0
2025-11-29_Nijmegen Eendracht Combinatie - Sparta Rotterdam,2878145365,1,17,32,8iawijq7s9s6d85mjz8wdslki,Nijmegen Eendracht Combinatie,2yivr64anye4c0p62m16l78yc,S. Ouaissa,70.35000000000001,11.356,4,10.0,window_expired,False,0.00292623070471
2025-11-29_Nijmegen Eendracht Combinatie - Sparta Rotterdam,2878147125,1,20,28,89w5c6pw7vn0dxypi61tt0g4k,Sparta Rotterdam,ass524umdrpsq324wksaqef4k,M. Young,34.230000000000004,18.02,1,6.0,turnover,False,0.0
2025-11-29_Nijmegen Eendracht Combinatie - Sparta Rotterdam,2878150099,1,25,20,89w5c6pw7vn0dxypi61tt0g4k,Sparta Rotterdam,f07qmqesi1rpw7eapoz9rb0gk,J. Baas,33.075,37.196000000000005,3,8.0,turnover,False,0.0
2025-11-29_Nijmegen Eendracht Combinatie - Sparta Rotterdam,2878228327,1,28,48,8iawijq7s9s6d85mjz8wdslki,Nijmegen Eendracht Combinatie,913pg8qqcjp99h5fjybbenob9,P. Sandler,11.865000000000002,39.168000000000006,0,0.0,turnover,False,0.0
2025-11-29_Nijmegen Eendracht Combinatie - Sparta Rotterdam,2878156143,1,35,26,8iawijq7s9s6d85mjz8wdslki,Nijmegen Eendracht Combinatie,4kns22wbu3emy5oxbpr52rdud,E. Dasa,28.14,21.556,2,2.0,turnover,False,0.0
2025-11-29_Nijmegen Eendracht Combinatie - Sparta Rotterdam,2878156253,1,35,34,8iawijq7s9s6d85mjz8wdslki,Nijmegen Eendracht Combinatie,dse071e8zbzm8l37m64g6e1p0,K. Sano,11.445,18.496000000000002,2,4.0,turnover,False,0.0
2025-11-29_Nijmegen Eendracht Combinatie - Sparta Rotterdam,2878163137,1,47,0,89w5c6pw7vn0dxypi61tt0g4k,Sparta Rotterdam,f57vs3qmmob743hdk2dxf56cq,S. Sambo,58.38,20.876,0,0.0,turnover,False,0.0
2025-11-29_Nijmegen Eendracht Combinatie - Sparta Rotterdam,2878175313,2,53,17,8iawijq7s9s6d85mjz8wdslki,Nijmegen Eendracht Combinatie,913pg8qqcjp99h5fjybbenob9,P. Sandler,48.089999999999996,64.396,0,0.0,turnover,False,0.0
2025-11-29_Nijmegen Eendracht Combinatie - Sparta Rotterdam,2878178765,2,61,54,89w5c6pw7vn0dxypi61tt0g4k,Sparta Rotterdam,ass524umdrpsq324wksaqef4k,M. Young,70.875,1.2240000000000002,0,0.0,turnover,False,0.0
2025-11-29_Nijmegen Eendracht Combinatie - Sparta Rotterdam,2878180007,2,64,27,89w5c6pw7vn0dxypi61tt0g4k,Sparta Rotterdam,ass524umdrpsq324wksaqef4k,M. Young,70.14,25.976000000000003,0,0.0,turnover,False,0.0
2025-11-29_Nijmegen Eendracht Combinatie - Sparta Rotterdam,2878190481,2,76,48,8iawijq7s9s6d85mjz8wdslki,Nijmegen Eendracht Combinatie,913pg8qqcjp99h5fjybbenob9,P. Sandler,33.915,22.983999999999998,4,9.0,window_expired,False,0.0
2025-11-29_Nijmegen Eendracht Combinatie - Sparta Rotterdam,2878187781,2,83,58,89w5c6pw7vn0dxypi61tt0g4k,Sparta Rotterdam,ecmzlwu35vg4y64kidte9v0no,M. Kleijn,42.315,37.604,4,4.0,turnover,False,1.374920701012472e-05
2025-11-29_SBV Excelsior - NAC Breda,2877817521,1,1,53,59t7flioj4w4mpwnrwbm0m8ck,NAC Breda,8z4wdv767cv7ddqgrkz5txsrt,B. Kemper,69.72000000000001,38.624,5,7.0,turnover,False,0.0018397827804555369
2025-11-29_SBV Excelsior - NAC Breda,2877823397,1,4,36,dqk062lu0vm8epvytbm6r4mmf,SBV Excelsior,49xsd6e4oyjrhtwsdbdm4rj84,L. Hartjes,39.06,34.136,4,8.0,window_expired,False,4.98985297558846e-05
2025-11-29_SBV Excelsior - NAC Breda,2877824349,1,5,2,dqk062lu0vm8epvytbm6r4mmf,SBV Excelsior,3hu6e9wa0nt4ekubxye6l4pas,I. Yegoian,32.235,12.308000000000002,1,2.0,turnover,False,0.0
2025-11-29_SBV Excelsior - NAC Breda,2877828861,1,7,11,dqk062lu0vm8epvytbm6r4mmf,SBV Excelsior,49xsd6e4oyjrhtwsdbdm4rj84,L. Hartjes,25.62,62.084,3,9.0,turnover,False,0.0
2025-11-29_SBV Excelsior - NAC Breda,2877837169,1,10,39,dqk062lu0vm8epvytbm6r4mmf,SBV Excelsior,cdhqb1a4h246hu0u13pm0tqay,I. Bronkhorst,59.22,2.924,0,0.0,turnover,False,0.0
2025-11-29_SBV Excelsior - NAC Breda,2877837281,1,10,42,dqk062lu0vm8epvytbm6r4mmf,SBV Excelsior,aeqj9ogm0dntus0wl352w9z6y,C. Widell,41.79,5.712000000000001,2,4.0,turnover,False,0.0
2025-11-29_SBV Excelsior - NAC Breda,2877849679,1,16,12,59t7flioj4w4mpwnrwbm0m8ck,NAC Breda,969cpy2geokwer9gjapk7zj3e,R. Hillen,26.669999999999998,62.628,4,8.0,window_expired,False,0.0197543525409892
2025-11-29_SBV Excelsior - NAC Breda,2877863647,1,28,4,59t7flioj4w4mpwnrwbm0m8ck,NAC Breda,d785q9rpqlyuyswv8f9fx4cno,M. Nassoh,8.925,21.42,1,0.0,turnover,False,0.0
2025-11-29_SBV Excelsior - NAC Breda,2877870961,1,32,35,dqk062lu0vm8epvytbm6r4mmf,SBV Excelsior,aeqj9ogm0dntus0wl352w9z6y,C. Widell,47.25,43.316,0,0.0,turnover,False,0.0
2025-11-29_SBV Excelsior - NAC Breda,2877876581,1,35,7,59t7flioj4w4mpwnrwbm0m8ck,NAC Breda,969cpy2geokwer9gjapk7zj3e,R. Hillen,24.044999999999998,49.776,3,6.0,turnover,False,0.0
2025-11-29_SBV Excelsior - NAC Breda,2877878759,1,36,5,59t7flioj4w4mpwnrwbm0m8ck,NAC Breda,d785q9rpqlyuyswv8f9fx4cno,M. Nassoh,44.1,6.800000000000001,1,0.0,turnover,False,0.0
2025-11-29_SBV Excelsior - NAC Breda,2877896169,1,42,56,59t7flioj4w4mpwnrwbm0m8ck,NAC Breda,4f8xb5sbyksacxmifi375h7qi,K. Sowah,38.43,21.012,3,3.0,turnover,False,0.0003114797148409
2025-11-29_SBV Excelsior - NAC Breda,2877940177,2,47,55,59t7flioj4w4mpwnrwbm0m8ck,NAC Breda,969cpy2geokwer9gjapk7zj3e,R. Hillen,38.955000000000005,51.68000000000001,1,2.0,turnover,False,0.0
2025-11-29_SBV Excelsior - NAC Breda,2877949423,2,52,23,dqk062lu0vm8epvytbm6r4mmf,SBV Excelsior,buhlcdwtnxeiqgy079kas7dw4,J. Bergraaf,24.150000000000002,7.752000000000001,0,0.0,turnover,False,0.0
2025-11-29_SBV Excelsior - NAC Breda,2877971101,2,63,14,dqk062lu0vm8epvytbm6r4mmf,SBV Excelsior,aeqj9ogm0dntus0wl352w9z6y,C. Widell,24.885,22.644,0,0.0,turnover,False,0.0
2025-11-29_SBV Excelsior - NAC Breda,2877986007,2,77,17,dqk062lu0vm8epvytbm6r4mmf,SBV Excelsior,5wwqe546ohp130rvi8x8pt0tm,A. Zagré,30.240000000000002,51.816,3,5.0,window_expired,False,0.0001910649800502
2025-11-29_SBV Excelsior - NAC Breda,2878003941,2,92,26,dqk062lu0vm8epvytbm6r4mmf,SBV Excelsior,3hu6e9wa0nt4ekubxye6l4pas,I. Yegoian,37.800000000000004,9.452000000000002,1,0.0,turnover,False,0.0
2025-11-29_SBV Excelsior - NAC Breda,2878005323,2,93,52,dqk062lu0vm8epvytbm6r4mmf,SBV Excelsior,3hu6e9wa0nt4ekubxye6l4pas,I. Yegoian,27.825000000000003,6.732000000000001,1,1.0,turnover,False,0.0
2025-11-30_FC Twente - Alkmaar Zaanstreek,2878551509,1,2,13,4tic29sox7m39fy1ztgv0jsiq,FC Twente,dc119ejc7lls2rd3ywigl2smi,R. Zerrouki,13.965000000000002,8.704,0,0.0,turnover,False,0.0
2025-11-30_FC Twente - Alkmaar Zaanstreek,2878559197,1,12,26,4tic29sox7m39fy1ztgv0jsiq,FC Twente,2hbduprkyabq8g1nhe6b4g3bp,M. Pjaca,56.07,11.016,1,0.0,turnover,False,0.0
2025-11-30_FC Twente - Alkmaar Zaanstreek,2878562197,1,15,43,4tic29sox7m39fy1ztgv0jsiq,FC Twente,2hbduprkyabq8g1nhe6b4g3bp,M. Pjaca,5.565,12.784,1,2.0,turnover,False,0.0
2025-11-30_FC Twente - Alkmaar Zaanstreek,2878564973,1,18,19,3kfktv64h7kg7zryax1wktr5r,Alkmaar Zaanstreek,9lixevzo8exxiia17altfw8ic,W. Goes,20.685,43.316,4,10.0,window_expired,False,0.00012433588973108367
2025-11-30_FC Twente - Alkmaar Zaanstreek,2878582895,1,33,49,4tic29sox7m39fy1ztgv0jsiq,FC Twente,9nix5y8xcj34ps62r34udtqwa,K. Hlynsson,38.115,19.856,0,0.0,turnover,False,0.0
2025-11-30_FC Twente - Alkmaar Zaanstreek,2878597139,1,46,14,3kfktv64h7kg7zryax1wktr5r,Alkmaar Zaanstreek,3uq3lrjyj4mnvq6162b0jyhnt,M. de Wit,32.13,59.43200000000001,5,10.0,window_expired,False,0.0002638851796047985
2025-11-30_FC Twente - Alkmaar Zaanstreek,2878620505,2,46,16,3kfktv64h7kg7zryax1wktr5r,Alkmaar Zaanstreek,3uq3lrjyj4mnvq6162b0jyhnt,M. de Wit,45.78,67.524,1,0.0,turnover,False,0.0
2025-11-30_FC Twente - Alkmaar Zaanstreek,2878621967,2,47,59,3kfktv64h7kg7zryax1wktr5r,Alkmaar Zaanstreek,czlf1kiqdfepc61hwfutoydqs,Weslley Patati,26.040000000000003,3.808,1,4.0,turnover,False,0.0
2025-11-30_FC Twente - Alkmaar Zaanstreek,2878626495,2,54,18,3kfktv64h7kg7zryax1wktr5r,Alkmaar Zaanstreek,5ylwgfqvaobru2lxqvlhpxul0,E. Dijkstra,62.475,3.2640000000000002,0,0.0,turnover,False,0.0
2025-11-30_FC Twente - Alkmaar Zaanstreek,2878630307,2,59,10,3kfktv64h7kg7zryax1wktr5r,Alkmaar Zaanstreek,73lwz4he5erpp25zi8crjvztg,I. Jensen,39.06,57.732000000000006,0,0.0,turnover,False,0.0
2025-11-30_FC Twente - Alkmaar Zaanstreek,2878638113,2,67,14,4tic29sox7m39fy1ztgv0jsiq,FC Twente,a339o11ut8s1o9odm6ybc4pka,T. van den Belt,11.025,39.712,1,1.0,turnover,False,0.0
2025-11-30_FC Twente - Alkmaar Zaanstreek,2878667079,2,93,4,3kfktv64h7kg7zryax1wktr5r,Alkmaar Zaanstreek,8u19xeh9ugvh8f1mh7jnbbhuc,K. Smit,65.52,58.344,3,5.0,turnover,False,0.0047780424057355
2025-11-30_Go Ahead Eagles - FC Utrecht,2878419167,1,1,52,ccpscwdcm65czscrun048ecn5,FC Utrecht,8lt54ei6pcu25u8uerigmx5yi,A. Engwanda,30.555000000000003,13.056000000000001,3,4.0,turnover,False,0.0001635760905518
2025-11-30_Go Ahead Eagles - FC Utrecht,2878419267,1,2,0,b79uipsy57y1jqpy07h4i5ovk,Go Ahead Eagles,61a5bh5xw947nv4mxx62gqaqx,J. Kramer,57.96000000000001,57.39200000000001,1,1.0,turnover,False,0.0
2025-11-30_Go Ahead Eagles - FC Utrecht,2878429611,1,14,25,b79uipsy57y1jqpy07h4i5ovk,Go Ahead Eagles,a46irqckxabod18j2c0qfixre,K. Goudmijn,28.035,7.48,5,5.0,turnover,False,5.226869595555128e-05
2025-11-30_Go Ahead Eagles - FC Utrecht,2878440205,1,29,53,ccpscwdcm65czscrun048ecn5,FC Utrecht,c2an5ksdu6jbap3x3jp3z9c5x,N. Viergever,20.580000000000002,46.92,0,0.0,turnover,False,0.0
2025-11-30_Go Ahead Eagles - FC Utrecht,2878485021,2,54,44,b79uipsy57y1jqpy07h4i5ovk,Go Ahead Eagles,1rmox6tf7r283dca2vi844kr8,A. Adelgaard,65.52,64.396,0,0.0,turnover,False,0.0
2025-11-30_PSV Eindhoven - FC Volendam,2878357955,1,1,49,6g9qrm72224jrk6tkxxxi8a9n,FC Volendam,xvher4f1mb6otoui5k5gs3ro,N. Bukala,28.56,22.983999999999998,1,1.0,turnover,False,0.0
2025-11-30_PSV Eindhoven - FC Volendam,2878380045,1,6,35,24fvcruwqrqvqa3aonf8c3zuy,PSV Eindhoven,c6ip6gwp8yvchd1n3dv42go9,Mauro Júnior,40.32,56.916000000000004,5,9.0,window_expired,False,0.00038581755193983454
2025-11-30_PSV Eindhoven - FC Volendam,2878359499,1,10,50,6g9qrm72224jrk6tkxxxi8a9n,FC Volendam,ealh7n21gctxxw5ol3l3yxzze,Y. Leliendal,39.375,42.84,1,2.0,turnover,False,0.0
2025-11-30_PSV Eindhoven - FC Volendam,2878371515,1,14,51,6g9qrm72224jrk6tkxxxi8a9n,FC Volendam,btrg844mxkl6kbn89s7aecj8q,G. Yah,21.630000000000003,58.344,1,2.0,turnover,False,0.0
2025-11-30_PSV Eindhoven - FC Volendam,2878363355,1,26,11,6g9qrm72224jrk6tkxxxi8a9n,FC Volendam,eu901b75l2ly5p48jdw6kwmad,M. Amevor,16.38,21.284000000000002,0,0.0,turnover,False,0.0
2025-11-30_PSV Eindhoven - FC Volendam,2878367189,1,37,23,6g9qrm72224jrk6tkxxxi8a9n,FC Volendam,ealh7n21gctxxw5ol3l3yxzze,Y. Leliendal,37.17,60.52,0,0.0,turnover,False,0.0
2025-11-30_PSV Eindhoven - FC Volendam,2878378843,2,55,57,6g9qrm72224jrk6tkxxxi8a9n,FC Volendam,xvher4f1mb6otoui5k5gs3ro,N. Bukala,31.290000000000003,41.61600000000001,3,1.0,turnover,False,6.194690380156853e-06
2025-11-30_PSV Eindhoven - FC Volendam,2878379701,2,58,27,24fvcruwqrqvqa3aonf8c3zuy,PSV Eindhoven,3ojwbw6v83g9b0u2wssnkzzzd,A. Obispo,52.815,52.088,3,4.0,turnover,False,0.0008996305502135
2025-11-30_PSV Eindhoven - FC Volendam,2878381261,2,62,0,6g9qrm72224jrk6tkxxxi8a9n,FC Volendam,btrg844mxkl6kbn89s7aecj8q,G. Yah,10.08,45.764,3,5.0,turnover,False,0.0
2025-11-30_PSV Eindhoven - FC Volendam,2878382309,2,64,26,6g9qrm72224jrk6tkxxxi8a9n,FC Volendam,dej8tywq0npvbm25sfgtqur1m,O. Kökçü,26.775000000000002,32.504,0,0.0,turnover,False,0.0
2025-11-30_PSV Eindhoven - FC Volendam,2879070829,2,67,54,24fvcruwqrqvqa3aonf8c3zuy,PSV Eindhoven,2yc1t7u26zctwjizi283g6q6s,P. Wanner,69.825,19.584000000000003,0,0.0,turnover,False,0.0
2025-11-30_PSV Eindhoven - FC Volendam,2878384199,2,68,36,24fvcruwqrqvqa3aonf8c3zuy,PSV Eindhoven,5lvdnoyknuoyr6kdruposgctl,J. Schouten,21.945,13.464000000000002,4,5.0,turnover,False,0.0003106815673447
2025-11-30_PSV Eindhoven - FC Volendam,2878390487,2,79,29,24fvcruwqrqvqa3aonf8c3zuy,PSV Eindhoven,d36na8jr6xcc8eronhy8mcz1m,K. Sildillia,29.925,15.3,4,6.0,window_expired,False,0.000219115511993219
2025-11-30_PSV Eindhoven - FC Volendam,2878391675,2,81,52,24fvcruwqrqvqa3aonf8c3zuy,PSV Eindhoven,6jhavdnaitqn6ydme8a526aui,C. Driouech,73.39500000000001,62.35600000000001,0,0.0,turnover,False,0.0
2025-11-30_PSV Eindhoven - FC Volendam,2878392705,2,83,42,6g9qrm72224jrk6tkxxxi8a9n,FC Volendam,xvher4f1mb6otoui5k5gs3ro,N. Bukala,24.150000000000002,24.14,3,8.0,turnover,False,2.0394180820781926e-05
2025-11-30_SC Telstar - Feyenoord Rotterdam,2878417549,1,1,2,zjawy6qdzk3y69v5pa3zl2cb,SC Telstar,52cqyvn8cfh83i5zwm3181pbe,T. Noslin,25.62,9.792000000000002,1,1.0,turnover,False,0.0
2025-11-30_SC Telstar - Feyenoord Rotterdam,2878425937,1,11,23,20vymiy7bo8wkyxai3ew494fz,Feyenoord Rotterdam,aajft01g5yggw0is5fbfh3105,B. Nieuwkoop,36.12,22.372,1,0.0,turnover,False,0.0
2025-11-30_SC Telstar - Feyenoord Rotterdam,2878430117,1,16,22,zjawy6qdzk3y69v5pa3zl2cb,SC Telstar,8p3x0sm735fru6nthc87pjrbo,Neville Ogidi Nwankwo,28.245,13.124,1,0.0,turnover,False,0.0
2025-11-30_SC Telstar - Feyenoord Rotterdam,2878430441,1,16,38,zjawy6qdzk3y69v5pa3zl2cb,SC Telstar,1zybkcmp40td92a6yg8sw9uga,T. Owusu,25.200000000000003,4.692,1,0.0,turnover,False,0.0
2025-11-30_SC Telstar - Feyenoord Rotterdam,2878434649,1,21,56,20vymiy7bo8wkyxai3ew494fz,Feyenoord Rotterdam,9d4ald4f0m2imaastzen4j8mi,O. Targhalline,40.214999999999996,3.468,0,0.0,turnover,False,0.0
2025-11-30_SC Telstar - Feyenoord Rotterdam,2878439005,1,29,33,zjawy6qdzk3y69v5pa3zl2cb,SC Telstar,y1ky8sp8scl05mmfr7byy3md,J. Hardeveld,22.05,50.388,3,6.0,turnover,False,0.0
2025-11-30_SC Telstar - Feyenoord Rotterdam,2878439085,1,29,43,20vymiy7bo8wkyxai3ew494fz,Feyenoord Rotterdam,e5xuwwa4qs6zxjd7y52tslih,Q. Timber,55.86000000000001,9.656,4,5.0,turnover,False,0.0
2025-11-30_SC Telstar - Feyenoord Rotterdam,2878443177,1,35,0,zjawy6qdzk3y69v5pa3zl2cb,SC Telstar,1k60tee702idfrp0ibca1s57u,G. Offerhaus,25.830000000000002,59.636,2,1.0,turnover,False,0.0
2025-11-30_SC Telstar - Feyenoord Rotterdam,2878444787,1,36,28,20vymiy7bo8wkyxai3ew494fz,Feyenoord Rotterdam,e5xuwwa4qs6zxjd7y52tslih,Q. Timber,41.685,13.056000000000001,0,0.0,turnover,False,0.0
2025-11-30_SC Telstar - Feyenoord Rotterdam,2878457223,1,40,27,20vymiy7bo8wkyxai3ew494fz,Feyenoord Rotterdam,6fdwd71dx2qu7uzzs3ozm9x7u,T. Watanabe,70.14,51.544000000000004,0,0.0,turnover,False,0.0
2025-11-30_SC Telstar - Feyenoord Rotterdam,2878452825,1,43,13,zjawy6qdzk3y69v5pa3zl2cb,SC Telstar,cp866ucakmwqiwxrstkaxwgt0,N. Rossen,43.050000000000004,24.072,1,1.0,turnover,False,0.0
2025-11-30_SC Telstar - Feyenoord Rotterdam,2878453373,1,43,42,zjawy6qdzk3y69v5pa3zl2cb,SC Telstar,cp866ucakmwqiwxrstkaxwgt0,N. Rossen,38.325,19.448000000000004,0,0.0,turnover,False,0.0
2025-11-30_SC Telstar - Feyenoord Rotterdam,2878479167,2,51,9,20vymiy7bo8wkyxai3ew494fz,Feyenoord Rotterdam,9d4ald4f0m2imaastzen4j8mi,O. Targhalline,49.56,2.788,0,0.0,turnover,False,0.0
2025-11-30_SC Telstar - Feyenoord Rotterdam,2878481497,2,53,15,20vymiy7bo8wkyxai3ew494fz,Feyenoord Rotterdam,447abno2j0ux8fsxzs6fel7th,A. Ahmedhodžić,22.155,26.248,3,3.0,turnover,False,3.72283735598361e-05
2025-11-30_SC Telstar - Feyenoord Rotterdam,2878539489,2,53,58,20vymiy7bo8wkyxai3ew494fz,Feyenoord Rotterdam,dtcvzfse83ztj96kiizwp6jqi,G. Smal,29.19,62.696000000000005,0,0.0,turnover,False,0.0
2025-11-30_SC Telstar - Feyenoord Rotterdam,2878482409,2,54,2,20vymiy7bo8wkyxai3ew494fz,Feyenoord Rotterdam,5qvkwsnygz3zekwsdd1r994wk,G. Diarra,22.26,58.344,4,6.0,turnover,False,0.0
2025-11-30_SC Telstar - Feyenoord Rotterdam,2878495815,2,67,19,20vymiy7bo8wkyxai3ew494fz,Feyenoord Rotterdam,bwxn7o8ved1xo5bmfkfgzekiy,J. Bos,34.02,62.764,2,1.0,turnover,False,9.419719852882258e-07
2025-11-30_SC Telstar - Feyenoord Rotterdam,2878496533,2,68,14,zjawy6qdzk3y69v5pa3zl2cb,SC Telstar,8p3x0sm735fru6nthc87pjrbo,Neville Ogidi Nwankwo,27.51,38.624,4,9.0,window_expired,False,0.00024776324664825013
2025-11-30_SC Telstar - Feyenoord Rotterdam,2878498751,2,71,43,20vymiy7bo8wkyxai3ew494fz,Feyenoord Rotterdam,8f3bhiy6r5eei1n25exhbwr8p,J. Lotomba,36.855000000000004,24.616000000000003,1,1.0,turnover,False,0.0
2025-11-30_SC Telstar - Feyenoord Rotterdam,2878498937,2,72,1,20vymiy7bo8wkyxai3ew494fz,Feyenoord Rotterdam,e5xuwwa4qs6zxjd7y52tslih,Q. Timber,78.015,59.568,2,2.0,turnover,False,0.0014074974447472
2025-11-30_SC Telstar - Feyenoord Rotterdam,2878500881,2,75,9,20vymiy7bo8wkyxai3ew494fz,Feyenoord Rotterdam,29fr98or3mqippn84z3p9ihhw,L. Valente,65.31,62.83200000000001,0,0.0,turnover,False,0.0
2025-11-30_SC Telstar - Feyenoord Rotterdam,2878501643,2,76,3,20vymiy7bo8wkyxai3ew494fz,Feyenoord Rotterdam,447abno2j0ux8fsxzs6fel7th,A. Ahmedhodžić,10.08,33.456,1,3.0,turnover,False,0.0
2025-11-30_SC Telstar - Feyenoord Rotterdam,2878505295,2,79,41,zjawy6qdzk3y69v5pa3zl2cb,SC Telstar,14csdlb8p0tnj6zqrs148ct1w,J. Ritmeester van de Kamp,68.985,25.364,0,0.0,turnover,False,0.0
2025-11-30_SC Telstar - Feyenoord Rotterdam,2878517049,2,90,8,20vymiy7bo8wkyxai3ew494fz,Feyenoord Rotterdam,9d4ald4f0m2imaastzen4j8mi,O. Targhalline,45.99,43.928,1,1.0,turnover,False,0.0
2025-12-02_AFC Ajax - FC Groningen,2878732949,1,0,56,cos9hxi16eitbcbthof7zrm4m,FC Groningen,98qi4clazqen9kimkxt3jb6j9,M. Peersman,66.25500000000001,27.540000000000003,1,1.0,turnover,False,0.0
2025-12-02_AFC Ajax - FC Groningen,2878729823,1,4,35,cos9hxi16eitbcbthof7zrm4m,FC Groningen,d1dq7upxtawnps3wljz6wf9jo,S. Resink,73.71000000000001,10.88,0,0.0,turnover,False,0.0
2025-12-02_AFC Ajax - FC Groningen,2878730033,1,4,50,cos9hxi16eitbcbthof7zrm4m,FC Groningen,d1dq7upxtawnps3wljz6wf9jo,S. Resink,31.080000000000002,59.568,5,8.0,window_expired,False,0.0001744550392136
2025-12-02_AFC Ajax - FC Groningen,2879179713,1,8,5,d0zdg647gvgc95xdtk1vpbkys,AFC Ajax,47l204bkq2qqjhtazusr0019m,Y. Baas,45.15,61.608000000000004,0,0.0,turnover,False,0.0
2025-12-02_AFC Ajax - FC Groningen,2879180307,1,10,48,d0zdg647gvgc95xdtk1vpbkys,AFC Ajax,2wesmq2wuhnuwh2yhgkuaxqfo,A. Bouwman,61.005,30.192,1,1.0,turnover,False,0.0
2025-12-02_AFC Ajax - FC Groningen,2879180753,1,12,42,cos9hxi16eitbcbthof7zrm4m,FC Groningen,f4liap69r76gyc8pnxsergbqi,T. de Jonge,33.18,18.428,4,4.0,window_expired,False,0.0006379149677491
2025-12-02_AFC Ajax - FC Groningen,2879182729,1,22,48,d0zdg647gvgc95xdtk1vpbkys,AFC Ajax,2zkaf848fjcdhuii8783pkm7e,Y. Regeer,54.915,28.832,2,3.0,turnover,False,0.0
2025-12-02_AFC Ajax - FC Groningen,2879183217,1,24,49,d0zdg647gvgc95xdtk1vpbkys,AFC Ajax,2zkaf848fjcdhuii8783pkm7e,Y. Regeer,10.5,11.152,0,0.0,turnover,False,0.0
2025-12-02_AFC Ajax - FC Groningen,2879183649,1,26,41,d0zdg647gvgc95xdtk1vpbkys,AFC Ajax,8hgpvnzy2mra3ps209tniq7f8,O. Gloukh,64.26,33.456,0,0.0,turnover,False,0.0
2025-12-02_AFC Ajax - FC Groningen,2879183797,1,27,16,d0zdg647gvgc95xdtk1vpbkys,AFC Ajax,baakmd4ndnulbl9npvmq90mvp,D. Klaassen,27.930000000000003,22.916000000000004,3,4.0,window_expired,False,0.0
2025-12-02_AFC Ajax - FC Groningen,2879184773,1,32,44,d0zdg647gvgc95xdtk1vpbkys,AFC Ajax,35qg0rrwtl00pycx468s62m3u,K. Taylor,23.625,48.824,0,0.0,turnover,False,0.0
2025-12-02_AFC Ajax - FC Groningen,2879185649,1,38,48,d0zdg647gvgc95xdtk1vpbkys,AFC Ajax,dafbvyorudvujxw7zswicykmh,O. Wijndal,39.69,65.48400000000001,4,9.0,window_expired,False,0.0266410626231301
2025-12-02_AFC Ajax - FC Groningen,2879531847,1,40,29,cos9hxi16eitbcbthof7zrm4m,FC Groningen,d1dq7upxtawnps3wljz6wf9jo,S. Resink,62.475,47.328,4,10.0,window_expired,False,8.988076758906227e-05
2025-12-02_AFC Ajax - FC Groningen,2879186229,1,45,18,d0zdg647gvgc95xdtk1vpbkys,AFC Ajax,2zkaf848fjcdhuii8783pkm7e,Y. Regeer,40.005,9.656,0,0.0,turnover,False,0.0
2025-12-02_AFC Ajax - FC Groningen,2879188053,2,46,15,d0zdg647gvgc95xdtk1vpbkys,AFC Ajax,dafbvyorudvujxw7zswicykmh,O. Wijndal,28.14,52.156000000000006,4,9.0,window_expired,False,0.0002451243391492341
2025-12-02_AFC Ajax - FC Groningen,2879188581,2,48,20,d0zdg647gvgc95xdtk1vpbkys,AFC Ajax,baakmd4ndnulbl9npvmq90mvp,D. Klaassen,26.985,14.280000000000001,3,2.0,turnover,False,0.0
2025-12-02_AFC Ajax - FC Groningen,2879192037,2,62,40,d0zdg647gvgc95xdtk1vpbkys,AFC Ajax,baakmd4ndnulbl9npvmq90mvp,D. Klaassen,37.38,34.204,1,3.0,turnover,False,0.0
2025-12-02_AFC Ajax - FC Groningen,2879192121,2,62,55,cos9hxi16eitbcbthof7zrm4m,FC Groningen,4dk7h575fifmw2lhslevhmhux,M. Rente,21.525000000000002,17.272000000000002,2,2.0,turnover,False,0.0
2025-12-02_AFC Ajax - FC Groningen,2879196069,2,76,11,cos9hxi16eitbcbthof7zrm4m,FC Groningen,d1dq7upxtawnps3wljz6wf9jo,S. Resink,44.415,35.156000000000006,3,8.0,window_expired,False,0.0007876380554688
2025-12-02_AFC Ajax - FC Groningen,2879196717,2,78,4,cos9hxi16eitbcbthof7zrm4m,FC Groningen,d1dq7upxtawnps3wljz6wf9jo,S. Resink,30.765,4.352,0,0.0,turnover,False,0.0
2025-12-02_AFC Ajax - FC Groningen,2879197925,2,81,49,cos9hxi16eitbcbthof7zrm4m,FC Groningen,e6x3hs6v8cq74ojgluyny72fo,T. Land,35.175000000000004,29.988000000000003,3,6.0,turnover,False,0.0
2025-12-02_AFC Ajax - FC Groningen,2879201011,2,90,45,d0zdg647gvgc95xdtk1vpbkys,AFC Ajax,47l204bkq2qqjhtazusr0019m,Y. Baas,40.32,35.292,2,1.0,turnover,False,0.0
2025-12-02_AFC Ajax - FC Groningen,2879201317,2,91,19,d0zdg647gvgc95xdtk1vpbkys,AFC Ajax,b8ixf31bdyfqqcwoy4ulai73e,K. Fitz-Jim,30.555000000000003,7.412000000000001,1,1.0,turnover,False,0.0
2025-12-05_SBV Excelsior - FC Groningen,2880001281,1,0,14,dqk062lu0vm8epvytbm6r4mmf,SBV Excelsior,aeqj9ogm0dntus0wl352w9z6y,C. Widell,60.900000000000006,24.548000000000002,3,8.0,window_expired,False,0.004711796572664406
2025-12-05_SBV Excelsior - FC Groningen,2880002461,1,1,53,dqk062lu0vm8epvytbm6r4mmf,SBV Excelsior,c6i4usq34m3389rtbqptahrai,R. Meissen,62.580000000000005,45.424,5,8.0,window_expired,False,0.0007120218453529
2025-12-05_SBV Excelsior - FC Groningen,2880014891,1,15,17,cos9hxi16eitbcbthof7zrm4m,FC Groningen,98qi4clazqen9kimkxt3jb6j9,M. Peersman,34.230000000000004,56.508,4,10.0,window_expired,False,0.0003263708725484323
2025-12-05_SBV Excelsior - FC Groningen,2880017247,1,17,48,cos9hxi16eitbcbthof7zrm4m,FC Groningen,d1dq7upxtawnps3wljz6wf9jo,S. Resink,36.54,63.03600000000001,2,4.0,turnover,True,0.0
2025-12-05_SBV Excelsior - FC Groningen,2880018287,1,19,2,cos9hxi16eitbcbthof7zrm4m,FC Groningen,1c4fzmrwmlwaqmqomge14rqc4,D. Janse,43.89,24.684,2,3.0,turnover,False,0.0
2025-12-05_SBV Excelsior - FC Groningen,2880020825,1,21,55,cos9hxi16eitbcbthof7zrm4m,FC Groningen,d1dq7upxtawnps3wljz6wf9jo,S. Resink,51.87,50.388,4,3.0,turnover,False,0.0012511469920719
2025-12-05_SBV Excelsior - FC Groningen,2880036109,1,40,1,dqk062lu0vm8epvytbm6r4mmf,SBV Excelsior,c6i4usq34m3389rtbqptahrai,R. Meissen,44.31,50.93200000000001,1,0.0,turnover,False,0.0
2025-12-05_SBV Excelsior - FC Groningen,2880052149,2,48,47,dqk062lu0vm8epvytbm6r4mmf,SBV Excelsior,4fcmk1x7n95o7owons6mc5a1g,S. Henderikx,55.230000000000004,37.332,0,0.0,turnover,False,0.0
2025-12-05_SBV Excelsior - FC Groningen,2880060187,2,57,40,dqk062lu0vm8epvytbm6r4mmf,SBV Excelsior,5wwqe546ohp130rvi8x8pt0tm,A. Zagré,35.385000000000005,57.39200000000001,0,0.0,turnover,False,0.0
2025-12-05_SBV Excelsior - FC Groningen,2880062681,2,60,30,cos9hxi16eitbcbthof7zrm4m,FC Groningen,1c4fzmrwmlwaqmqomge14rqc4,D. Janse,52.71000000000001,45.016000000000005,3,4.0,turnover,False,0.0
2025-12-05_SBV Excelsior - FC Groningen,2880065117,2,63,17,dqk062lu0vm8epvytbm6r4mmf,SBV Excelsior,4fcmk1x7n95o7owons6mc5a1g,S. Henderikx,27.825000000000003,25.024,0,0.0,turnover,False,0.0
2025-12-05_SBV Excelsior - FC Groningen,2880073943,2,74,26,cos9hxi16eitbcbthof7zrm4m,FC Groningen,e6x3hs6v8cq74ojgluyny72fo,T. Land,37.17,36.176,3,3.0,turnover,False,0.0
2025-12-05_SBV Excelsior - FC Groningen,2880080255,2,81,51,cos9hxi16eitbcbthof7zrm4m,FC Groningen,d1dq7upxtawnps3wljz6wf9jo,S. Resink,34.86000000000001,47.804,0,0.0,turnover,False,0.0
2025-12-05_SBV Excelsior - FC Groningen,2880090405,2,94,57,dqk062lu0vm8epvytbm6r4mmf,SBV Excelsior,5pg02unrm16jaa8vt5ego9z6y,S. Janssen,29.294999999999998,54.74,0,0.0,turnover,False,0.0
2025-12-06_Feyenoord Rotterdam - PEC Zwolle,2880649747,1,1,2,2uuh2bir8ktof0uxfo06lb4ox,PEC Zwolle,1rd0zzpp3dn0y7qtxwc57g7h1,R. Thomas,42.73500000000001,35.632000000000005,7,8.0,window_expired,False,6.635461821852262e-05
2025-12-06_Feyenoord Rotterdam - PEC Zwolle,2880654959,1,8,7,20vymiy7bo8wkyxai3ew494fz,Feyenoord Rotterdam,9d4ald4f0m2imaastzen4j8mi,O. Targhalline,61.005,24.548000000000002,1,3.0,turnover,False,0.0
2025-12-06_Feyenoord Rotterdam - PEC Zwolle,2880659931,1,14,14,20vymiy7bo8wkyxai3ew494fz,Feyenoord Rotterdam,dtcvzfse83ztj96kiizwp6jqi,G. Smal,60.900000000000006,61.81200000000001,3,8.0,window_expired,False,0.00017542172023190893
2025-12-06_Feyenoord Rotterdam - PEC Zwolle,2880666985,1,24,24,20vymiy7bo8wkyxai3ew494fz,Feyenoord Rotterdam,e5xuwwa4qs6zxjd7y52tslih,Q. Timber,32.445,34.748000000000005,1,3.0,window_expired,False,0.0
2025-12-06_Feyenoord Rotterdam - PEC Zwolle,2880667787,1,25,36,2uuh2bir8ktof0uxfo06lb4ox,PEC Zwolle,d5g7rl9a83vu3cyyzvu5yveqy,A. MacNulty,35.49,18.836000000000002,2,1.0,turnover,False,0.0
2025-12-06_Feyenoord Rotterdam - PEC Zwolle,2880672487,1,33,27,2uuh2bir8ktof0uxfo06lb4ox,PEC Zwolle,6u7z5qrlwzl9aug8awejq37xl,Jamiro Monteiro,21.840000000000003,45.288,3,6.0,turnover,False,3.2030450278844325e-05
2025-12-06_Feyenoord Rotterdam - PEC Zwolle,2880679819,1,44,50,20vymiy7bo8wkyxai3ew494fz,Feyenoord Rotterdam,9d4ald4f0m2imaastzen4j8mi,O. Targhalline,26.46,45.764,3,2.0,turnover,False,3.663982117269038e-05
2025-12-06_Feyenoord Rotterdam - PEC Zwolle,2880680409,1,45,49,2uuh2bir8ktof0uxfo06lb4ox,PEC Zwolle,684nd3xjli51z43pbla0mwa21,T. Oosting,35.28,14.892,2,2.0,turnover,False,0.000191452652708
2025-12-06_Feyenoord Rotterdam - PEC Zwolle,2880691291,2,47,15,20vymiy7bo8wkyxai3ew494fz,Feyenoord Rotterdam,cdir3jevzi4o8edgtfwu6jfca,Gonçalo Borges,67.41000000000001,47.328,0,0.0,turnover,False,0.0
2025-12-06_Feyenoord Rotterdam - PEC Zwolle,2880693193,2,49,51,2uuh2bir8ktof0uxfo06lb4ox,PEC Zwolle,1rd0zzpp3dn0y7qtxwc57g7h1,R. Thomas,29.925,54.53600000000001,3,5.0,turnover,False,0.0
2025-12-06_Feyenoord Rotterdam - PEC Zwolle,2880706285,2,70,35,20vymiy7bo8wkyxai3ew494fz,Feyenoord Rotterdam,e5xuwwa4qs6zxjd7y52tslih,Q. Timber,74.025,45.967999999999996,0,0.0,turnover,False,0.0
2025-12-06_Feyenoord Rotterdam - PEC Zwolle,2880717999,2,91,36,2uuh2bir8ktof0uxfo06lb4ox,PEC Zwolle,d29ahwtvs7ls75wdtkf7xr8tm,Z. Buurmeester,47.775,37.468,1,1.0,turnover,False,0.0
2025-12-06_Fortuna Sittard - AFC Ajax,2880549939,1,0,9,3ebril33e08ddzob4bhq8awsr,Fortuna Sittard,44m4s9f1ckgdavmqjo0icx016,R. Fosso,21.630000000000003,48.688,3,4.0,turnover,False,0.0
2025-12-06_Fortuna Sittard - AFC Ajax,2880558733,1,11,7,3ebril33e08ddzob4bhq8awsr,Fortuna Sittard,dp0q4f4gbj2buhcu1lb5dzxed,Ivo Pinto,35.910000000000004,15.164000000000001,0,0.0,turnover,False,0.0
2025-12-06_Fortuna Sittard - AFC Ajax,2880559241,1,12,5,3ebril33e08ddzob4bhq8awsr,Fortuna Sittard,eyzcfyn1crjcgmm98uk9u8oyy,É. Michut,41.685,40.052,0,0.0,turnover,False,0.0
2025-12-06_Fortuna Sittard - AFC Ajax,2880565605,1,21,9,d0zdg647gvgc95xdtk1vpbkys,AFC Ajax,47l204bkq2qqjhtazusr0019m,Y. Baas,68.67000000000002,45.967999999999996,0,0.0,turnover,False,0.0
2025-12-06_Fortuna Sittard - AFC Ajax,2880565837,1,21,34,3ebril33e08ddzob4bhq8awsr,Fortuna Sittard,eyzcfyn1crjcgmm98uk9u8oyy,É. Michut,26.669999999999998,35.768,2,2.0,turnover,False,0.0
2025-12-06_Fortuna Sittard - AFC Ajax,2880574759,1,33,17,3ebril33e08ddzob4bhq8awsr,Fortuna Sittard,34258m1cvslz8r6d17nv4b90q,S. van Ottele,21.735,24.956000000000003,2,5.0,window_expired,False,0.0192717108263897
2025-12-06_Fortuna Sittard - AFC Ajax,2880575599,1,34,27,3ebril33e08ddzob4bhq8awsr,Fortuna Sittard,8przxwwothu3crflys7ahl4dm,S. Adewoye,63.21000000000001,57.05200000000001,1,2.0,turnover,False,0.0
2025-12-06_Fortuna Sittard - AFC Ajax,2880592011,1,36,59,3ebril33e08ddzob4bhq8awsr,Fortuna Sittard,8przxwwothu3crflys7ahl4dm,S. Adewoye,41.580000000000005,59.092000000000006,0,0.0,turnover,False,0.0
2025-12-06_Fortuna Sittard - AFC Ajax,2880583233,1,45,26,3ebril33e08ddzob4bhq8awsr,Fortuna Sittard,44m4s9f1ckgdavmqjo0icx016,R. Fosso,35.910000000000004,36.584,4,6.0,window_expired,False,0.0010215368675172
2025-12-06_Fortuna Sittard - AFC Ajax,2880584565,1,46,55,3ebril33e08ddzob4bhq8awsr,Fortuna Sittard,44m4s9f1ckgdavmqjo0icx016,R. Fosso,68.25,44.268,4,4.0,turnover,True,0.0
2025-12-06_Fortuna Sittard - AFC Ajax,2880616917,2,66,33,d0zdg647gvgc95xdtk1vpbkys,AFC Ajax,baakmd4ndnulbl9npvmq90mvp,D. Klaassen,13.86,46.376000000000005,2,2.0,turnover,False,0.0
2025-12-06_Fortuna Sittard - AFC Ajax,2880623017,2,74,15,3ebril33e08ddzob4bhq8awsr,Fortuna Sittard,9o10vhew3jar8tqnkabw0qoyx,J. Lonwijk,65.94,51.068,0,0.0,turnover,False,0.0
2025-12-06_Fortuna Sittard - AFC Ajax,2880634179,2,89,11,d0zdg647gvgc95xdtk1vpbkys,AFC Ajax,brfa9yhy2llgt9l75unddogk,J. Mokio,10.395000000000001,57.25600000000001,2,3.0,turnover,False,0.0
2025-12-06_Heracles Almelo - SC Telstar,2880612813,1,11,37,zjawy6qdzk3y69v5pa3zl2cb,SC Telstar,14csdlb8p0tnj6zqrs148ct1w,J. Ritmeester van de Kamp,58.800000000000004,35.02,0,0.0,turnover,False,0.0
2025-12-06_Heracles Almelo - SC Telstar,2880619513,1,20,4,dac758ef858jbq7pcb3gfwite,Heracles Almelo,e3akocgpppdty3ayxty1gf6xh,D. Mirani,57.75,11.288000000000002,0,0.0,turnover,False,0.0
2025-12-06_Heracles Almelo - SC Telstar,2880655901,2,52,20,zjawy6qdzk3y69v5pa3zl2cb,SC Telstar,4bkb8qjb5n33wxfopju8r1mtx,D. Bakker,36.645,34.884,4,5.0,turnover,False,0.0011975413970195
2025-12-06_Heracles Almelo - SC Telstar,2880662297,2,60,36,dac758ef858jbq7pcb3gfwite,Heracles Almelo,6ok4k757utbtswx5618xffsru,I. Mesík,39.06,63.17200000000001,0,0.0,turnover,False,0.0
2025-12-06_Heracles Almelo - SC Telstar,2880662377,2,60,43,dac758ef858jbq7pcb3gfwite,Heracles Almelo,96om2im2vd1621ajcexlyekno,T. van Gilst,77.385,53.108,2,2.0,turnover,False,0.0
2025-12-06_Heracles Almelo - SC Telstar,2880668343,2,69,20,zjawy6qdzk3y69v5pa3zl2cb,SC Telstar,8p3x0sm735fru6nthc87pjrbo,Neville Ogidi Nwankwo,28.35,18.768,3,8.0,window_expired,False,0.0
2025-12-06_Heracles Almelo - SC Telstar,2880675287,2,80,38,zjawy6qdzk3y69v5pa3zl2cb,SC Telstar,devvpv4u2vs2cofnwp4678mvp,D. Malone,65.83500000000001,8.908000000000001,0,0.0,turnover,False,0.0
2025-12-06_Heracles Almelo - SC Telstar,2880676385,2,82,18,zjawy6qdzk3y69v5pa3zl2cb,SC Telstar,52cqyvn8cfh83i5zwm3181pbe,T. Noslin,79.485,20.060000000000002,0,0.0,turnover,False,0.0
2025-12-06_Heracles Almelo - SC Telstar,2880680347,2,88,40,zjawy6qdzk3y69v5pa3zl2cb,SC Telstar,4bkb8qjb5n33wxfopju8r1mtx,D. Bakker,39.165,24.072,0,0.0,turnover,False,0.0
2025-12-06_SC Heerenveen - PSV Eindhoven,2880372691,1,0,15,4vd2t5schmvvufrfib7f2vjdf,SC Heerenveen,c9shc6t28oroqthopifjvg9ux,D. Vente,78.855,3.74,1,1.0,turnover,False,0.0
2025-12-06_SC Heerenveen - PSV Eindhoven,2880374267,1,1,12,24fvcruwqrqvqa3aonf8c3zuy,PSV Eindhoven,dxmulnxbs11kpi1goq5hl9cve,A. Salah-Eddine,44.205000000000005,45.424,5,9.0,window_expired,False,0.00187812665501685
2025-12-06_SC Heerenveen - PSV Eindhoven,2880375893,1,2,15,24fvcruwqrqvqa3aonf8c3zuy,PSV Eindhoven,9vf02r3geinhsy732oxyrcacq,I. Saibari,43.575,61.268,0,0.0,turnover,False,0.0
2025-12-06_SC Heerenveen - PSV Eindhoven,2880392875,1,12,14,4vd2t5schmvvufrfib7f2vjdf,SC Heerenveen,5oghztk07za2yuqq4jnav22y2,M. Rivera,55.650000000000006,55.624,0,0.0,turnover,False,0.0
2025-12-06_SC Heerenveen - PSV Eindhoven,2880393909,1,12,49,4vd2t5schmvvufrfib7f2vjdf,SC Heerenveen,412l28fqhx21ivpcxzn1kpilm,V. Zagaritis,23.730000000000004,36.448,2,3.0,turnover,False,0.0
2025-12-06_SC Heerenveen - PSV Eindhoven,2880400887,1,18,48,4vd2t5schmvvufrfib7f2vjdf,SC Heerenveen,412l28fqhx21ivpcxzn1kpilm,V. Zagaritis,12.81,39.372,0,0.0,turnover,False,0.0
2025-12-06_SC Heerenveen - PSV Eindhoven,2880410857,1,30,1,24fvcruwqrqvqa3aonf8c3zuy,PSV Eindhoven,5lvdnoyknuoyr6kdruposgctl,J. Schouten,22.155,32.232,4,4.0,turnover,False,0.0002002371015931
2025-12-06_SC Heerenveen - PSV Eindhoven,2880424403,1,37,32,24fvcruwqrqvqa3aonf8c3zuy,PSV Eindhoven,cmdeqxibr6holfqg17ap9uihg,Yarek Gąsiorowski,40.32,43.79200000000001,5,10.0,window_expired,False,0.00010920959199052505
2025-12-06_SC Heerenveen - PSV Eindhoven,2880433445,1,42,14,4vd2t5schmvvufrfib7f2vjdf,SC Heerenveen,412l28fqhx21ivpcxzn1kpilm,V. Zagaritis,68.67000000000002,64.464,3,4.0,turnover,False,0.0025109093478305
2025-12-06_SC Heerenveen - PSV Eindhoven,2880469391,2,45,12,4vd2t5schmvvufrfib7f2vjdf,SC Heerenveen,b5sf6wcogrvlwuwbd8xsyyfh1,J. van Overeem,65.205,50.864000000000004,1,2.0,turnover,False,0.0
2025-12-06_SC Heerenveen - PSV Eindhoven,2880485687,2,54,58,24fvcruwqrqvqa3aonf8c3zuy,PSV Eindhoven,d4j19ipiaeuetyij08fofgs15,J. Veerman,80.01,53.65200000000001,3,5.0,turnover,False,0.0127090232231197
2025-12-06_SC Heerenveen - PSV Eindhoven,2880486601,2,55,37,24fvcruwqrqvqa3aonf8c3zuy,PSV Eindhoven,5lvdnoyknuoyr6kdruposgctl,J. Schouten,32.445,54.196000000000005,5,10.0,window_expired,False,0.0006972111149059716
2025-12-06_SC Heerenveen - PSV Eindhoven,2880497903,2,67,3,24fvcruwqrqvqa3aonf8c3zuy,PSV Eindhoven,b0me6l44boibnwpbtasxoy02x,S. Dest,23.625,41.61600000000001,0,0.0,turnover,False,0.0
2025-12-06_SC Heerenveen - PSV Eindhoven,2880512633,2,81,11,4vd2t5schmvvufrfib7f2vjdf,SC Heerenveen,9najgqcaamqj0qtiicuq9hey,R. Meerveld,85.78500000000001,23.528000000000002,1,1.0,turnover,False,0.0
2025-12-06_SC Heerenveen - PSV Eindhoven,2880514867,2,83,6,24fvcruwqrqvqa3aonf8c3zuy,PSV Eindhoven,cmdeqxibr6holfqg17ap9uihg,Yarek Gąsiorowski,37.589999999999996,32.708000000000006,1,2.0,turnover,False,0.0001728436766913
2025-12-06_SC Heerenveen - PSV Eindhoven,2880518855,2,86,32,4vd2t5schmvvufrfib7f2vjdf,SC Heerenveen,9najgqcaamqj0qtiicuq9hey,R. Meerveld,27.825000000000003,50.32,0,0.0,turnover,False,0.0
2025-12-06_SC Heerenveen - PSV Eindhoven,2880524099,2,90,52,4vd2t5schmvvufrfib7f2vjdf,SC Heerenveen,f593mnttzie8gicqlig2zvzvu,A. van Axel Dongen,14.490000000000002,11.968000000000002,2,0.0,turnover,False,0.0
2025-12-07_Alkmaar Zaanstreek - Go Ahead Eagles,2880909477,1,0,53,3kfktv64h7kg7zryax1wktr5r,Alkmaar Zaanstreek,73lwz4he5erpp25zi8crjvztg,I. Jensen,45.99,65.41600000000001,0,0.0,turnover,False,0.0
2025-12-07_Alkmaar Zaanstreek - Go Ahead Eagles,2880925227,1,16,52,b79uipsy57y1jqpy07h4i5ovk,Go Ahead Eagles,d8cxurdt9g5gezqlfwae7ooru,M. Meulensteen,10.815000000000001,41.956,1,1.0,turnover,False,0.0
2025-12-07_Alkmaar Zaanstreek - Go Ahead Eagles,2880925669,1,17,26,3kfktv64h7kg7zryax1wktr5r,Alkmaar Zaanstreek,es363spp9pgd4hralx6ni2xw4,M. Chávez,57.330000000000005,59.636,0,0.0,turnover,False,0.0
2025-12-07_Alkmaar Zaanstreek - Go Ahead Eagles,2880929253,1,21,54,b79uipsy57y1jqpy07h4i5ovk,Go Ahead Eagles,d8cxurdt9g5gezqlfwae7ooru,M. Meulensteen,43.68000000000001,34.408,4,8.0,window_expired,False,0.0015530040628575531
2025-12-07_Alkmaar Zaanstreek - Go Ahead Eagles,2880932661,1,26,23,b79uipsy57y1jqpy07h4i5ovk,Go Ahead Eagles,d8cxurdt9g5gezqlfwae7ooru,M. Meulensteen,27.615000000000002,15.64,4,6.0,turnover,False,0.0001055018884385
2025-12-07_Alkmaar Zaanstreek - Go Ahead Eagles,2880935451,1,30,22,b79uipsy57y1jqpy07h4i5ovk,Go Ahead Eagles,ciguyr553yqapqfudim9af46h,M. Deijl,56.80500000000001,8.772,0,0.0,turnover,False,0.0
2025-12-07_Alkmaar Zaanstreek - Go Ahead Eagles,2880944607,1,37,56,3kfktv64h7kg7zryax1wktr5r,Alkmaar Zaanstreek,3dx91sb6ktg8z1xmoti25kru,P. Koopmeiners,60.69,66.30000000000001,0,0.0,turnover,False,0.0
2025-12-07_Alkmaar Zaanstreek - Go Ahead Eagles,2881518065,1,39,18,b79uipsy57y1jqpy07h4i5ovk,Go Ahead Eagles,bn8dwm2y9a8i9a10rba3dmm3u,D. James,10.185,60.18000000000001,4,10.0,window_expired,False,7.021135001099299e-05
2025-12-07_Alkmaar Zaanstreek - Go Ahead Eagles,2880972461,2,47,22,b79uipsy57y1jqpy07h4i5ovk,Go Ahead Eagles,badyafxn00m21tzbdff95o4k4,Y. Salah Rahmouni,21.21,45.56,1,0.0,window_expired,False,0.0
2025-12-07_Alkmaar Zaanstreek - Go Ahead Eagles,2880983459,2,56,49,3kfktv64h7kg7zryax1wktr5r,Alkmaar Zaanstreek,9lixevzo8exxiia17altfw8ic,W. Goes,63.63,34.068000000000005,3,4.0,turnover,False,0.0239971368344724
2025-12-07_Alkmaar Zaanstreek - Go Ahead Eagles,2880989365,2,62,54,3kfktv64h7kg7zryax1wktr5r,Alkmaar Zaanstreek,3dx91sb6ktg8z1xmoti25kru,P. Koopmeiners,43.47,31.28,1,8.0,window_expired,False,0.0
2025-12-07_Alkmaar Zaanstreek - Go Ahead Eagles,2880999189,2,77,54,b79uipsy57y1jqpy07h4i5ovk,Go Ahead Eagles,9d4lofwg9ooaoldw2vpt4h36y,E. Linthorst,13.86,24.548000000000002,0,0.0,turnover,False,0.0
2025-12-07_Alkmaar Zaanstreek - Go Ahead Eagles,2881002933,2,81,40,b79uipsy57y1jqpy07h4i5ovk,Go Ahead Eagles,d8cxurdt9g5gezqlfwae7ooru,M. Meulensteen,35.49,39.916000000000004,0,0.0,turnover,False,0.0
2025-12-07_FC Utrecht - FC Twente,2880832119,1,8,24,ccpscwdcm65czscrun048ecn5,FC Utrecht,c2an5ksdu6jbap3x3jp3z9c5x,N. Viergever,66.36,55.624,0,0.0,turnover,False,0.0
2025-12-07_FC Utrecht - FC Twente,2880833567,1,13,17,ccpscwdcm65czscrun048ecn5,FC Utrecht,enimk3ibb10vk3f8vrmmhq7oq,S. El Karouani,43.995,60.99600000000001,6,9.0,window_expired,False,0.0009368308847300713
2025-12-07_FC Utrecht - FC Twente,2880836627,1,20,39,ccpscwdcm65czscrun048ecn5,FC Utrecht,3r6elcuru7no13hrfczmwbmy1,S. Horemans,47.25,17.408,1,2.0,turnover,False,0.0
2025-12-07_FC Utrecht - FC Twente,2880837013,1,21,39,4tic29sox7m39fy1ztgv0jsiq,FC Twente,5r47vtvu418kae5j2rpv6w2dw,M. Rots,78.22500000000001,60.99600000000001,0,0.0,turnover,False,0.0
2025-12-07_FC Utrecht - FC Twente,2880837035,1,21,42,ccpscwdcm65czscrun048ecn5,FC Utrecht,8ymqihdfqc7esda7y407lebx1,D. de Wit,41.580000000000005,20.060000000000002,0,0.0,turnover,False,0.0
2025-12-07_FC Utrecht - FC Twente,2880840937,1,31,1,4tic29sox7m39fy1ztgv0jsiq,FC Twente,a339o11ut8s1o9odm6ybc4pka,T. van den Belt,21.945,23.664,0,0.0,turnover,False,0.0
2025-12-07_FC Utrecht - FC Twente,2880841873,1,33,24,4tic29sox7m39fy1ztgv0jsiq,FC Twente,5m8pflpgynidzk7d9507oujje,D. Rots,92.08500000000001,5.236000000000001,2,4.0,turnover,False,0.0
2025-12-07_FC Utrecht - FC Twente,2880843553,1,38,39,ccpscwdcm65czscrun048ecn5,FC Utrecht,9ano8w4jrlk6zq92rxchzaru2,Miguel Rodríguez,84.73500000000001,4.08,0,0.0,turnover,False,0.0
2025-12-07_FC Utrecht - FC Twente,2880845787,1,43,46,ccpscwdcm65czscrun048ecn5,FC Utrecht,2tc8y9du64tjno62zll2jhy7e,Y. Cathline,31.5,54.74,2,1.0,turnover,False,0.0
2025-12-07_FC Utrecht - FC Twente,2880860295,2,47,16,ccpscwdcm65czscrun048ecn5,FC Utrecht,c2an5ksdu6jbap3x3jp3z9c5x,N. Viergever,18.480000000000004,43.656000000000006,2,2.0,turnover,False,0.0
2025-12-07_FC Utrecht - FC Twente,2880862407,2,50,56,ccpscwdcm65czscrun048ecn5,FC Utrecht,c2an5ksdu6jbap3x3jp3z9c5x,N. Viergever,52.92,52.97200000000001,4,9.0,window_expired,False,0.0235594208159053
2025-12-07_FC Utrecht - FC Twente,2880865161,2,54,56,4tic29sox7m39fy1ztgv0jsiq,FC Twente,cocgd3hh74fq9c30x9bps4idw,S. Lemkin,58.800000000000004,3.74,4,2.0,turnover,False,0.0007840184109186
2025-12-07_FC Utrecht - FC Twente,2880874503,2,67,36,ccpscwdcm65czscrun048ecn5,FC Utrecht,8lt54ei6pcu25u8uerigmx5yi,A. Engwanda,48.300000000000004,16.252,1,0.0,turnover,False,0.0
2025-12-07_FC Utrecht - FC Twente,2880876869,2,70,44,ccpscwdcm65czscrun048ecn5,FC Utrecht,aafz6q5ggn9e6m5hprc71lgph,M. van der Hoorn,45.99,41.956,0,0.0,turnover,False,0.0
2025-12-07_FC Utrecht - FC Twente,2880879529,2,74,24,ccpscwdcm65czscrun048ecn5,FC Utrecht,4ej8uchqe3rt1s5h6phjo3310,G. Zechiël,35.7,60.928,3,2.0,turnover,False,0.0
2025-12-07_FC Volendam - Nijmegen Eendracht Combinatie,2880915723,1,8,1,8iawijq7s9s6d85mjz8wdslki,Nijmegen Eendracht Combinatie,4pqi5vt820333t5zsj2refc2d,B. Linssen,62.475,52.36000000000001,0,0.0,turnover,False,0.0
2025-12-07_FC Volendam - Nijmegen Eendracht Combinatie,2880985931,2,57,3,6g9qrm72224jrk6tkxxxi8a9n,FC Volendam,btrg844mxkl6kbn89s7aecj8q,G. Yah,48.510000000000005,21.080000000000002,4,5.0,turnover,False,0.0010636644743534
2025-12-07_FC Volendam - Nijmegen Eendracht Combinatie,2880994167,2,69,27,6g9qrm72224jrk6tkxxxi8a9n,FC Volendam,btrg844mxkl6kbn89s7aecj8q,G. Yah,64.47,13.056000000000001,0,0.0,turnover,False,0.0
2025-12-07_FC Volendam - Nijmegen Eendracht Combinatie,2881005119,2,82,8,6g9qrm72224jrk6tkxxxi8a9n,FC Volendam,btrg844mxkl6kbn89s7aecj8q,G. Yah,9.765,16.864,5,6.0,turnover,False,0.0001797090193168935
2025-12-07_FC Volendam - Nijmegen Eendracht Combinatie,2881016187,2,93,5,6g9qrm72224jrk6tkxxxi8a9n,FC Volendam,eu901b75l2ly5p48jdw6kwmad,M. Amevor,11.97,21.42,3,4.0,turnover,False,6.218732950791228e-05
2025-12-07_Sparta Rotterdam - NAC Breda,2881043265,1,6,16,89w5c6pw7vn0dxypi61tt0g4k,Sparta Rotterdam,ass524umdrpsq324wksaqef4k,M. Young,56.7,17.952,0,0.0,turnover,False,0.0
2025-12-07_Sparta Rotterdam - NAC Breda,2881046451,1,10,7,89w5c6pw7vn0dxypi61tt0g4k,Sparta Rotterdam,8n9t52eeli3s39r8ujjhjt7je,J. Kitolano,42.42,66.912,1,0.0,window_expired,False,0.0
2025-12-07_Sparta Rotterdam - NAC Breda,2881046885,1,10,39,59t7flioj4w4mpwnrwbm0m8ck,NAC Breda,969cpy2geokwer9gjapk7zj3e,R. Hillen,60.795,26.656000000000002,0,0.0,turnover,False,0.0
2025-12-07_Sparta Rotterdam - NAC Breda,2881047125,1,10,53,59t7flioj4w4mpwnrwbm0m8ck,NAC Breda,7bqajkmno3ox004kdbusxv9ey,R. Paula,42.315,47.804,6,8.0,window_expired,False,0.00021974606001323374
2025-12-07_Sparta Rotterdam - NAC Breda,2881355735,1,12,31,89w5c6pw7vn0dxypi61tt0g4k,Sparta Rotterdam,f57vs3qmmob743hdk2dxf56cq,S. Sambo,90.72000000000001,10.132000000000001,0,0.0,turnover,False,0.0
2025-12-07_Sparta Rotterdam - NAC Breda,2881067527,1,33,38,89w5c6pw7vn0dxypi61tt0g4k,Sparta Rotterdam,ass524umdrpsq324wksaqef4k,M. Young,12.495000000000001,37.876000000000005,0,0.0,turnover,False,0.0
2025-12-07_Sparta Rotterdam - NAC Breda,2881067899,1,33,54,89w5c6pw7vn0dxypi61tt0g4k,Sparta Rotterdam,ecmzlwu35vg4y64kidte9v0no,M. Kleijn,24.150000000000002,67.116,0,0.0,turnover,False,0.0
2025-12-07_Sparta Rotterdam - NAC Breda,2881069445,1,35,30,89w5c6pw7vn0dxypi61tt0g4k,Sparta Rotterdam,ass524umdrpsq324wksaqef4k,M. Young,41.685,36.04,4,9.0,window_expired,False,0.0003791386972663043
2025-12-07_Sparta Rotterdam - NAC Breda,2881070707,1,37,6,59t7flioj4w4mpwnrwbm0m8ck,NAC Breda,969cpy2geokwer9gjapk7zj3e,R. Hillen,75.60000000000001,64.12400000000001,0,0.0,turnover,False,0.0
2025-12-07_Sparta Rotterdam - NAC Breda,2881097591,2,46,3,89w5c6pw7vn0dxypi61tt0g4k,Sparta Rotterdam,ass524umdrpsq324wksaqef4k,M. Young,48.72,0.952,1,0.0,window_expired,False,0.0
2025-12-07_Sparta Rotterdam - NAC Breda,2881100501,2,49,24,89w5c6pw7vn0dxypi61tt0g4k,Sparta Rotterdam,6ab5gq2owk86qs5zjottfhwmi,T. Quintero,70.77000000000001,56.644000000000005,0,0.0,turnover,False,0.0
2025-12-07_Sparta Rotterdam - NAC Breda,2881107507,2,58,55,59t7flioj4w4mpwnrwbm0m8ck,NAC Breda,7qwmlcxsxlxmq01g7dkt7v14a,M. Balard,80.64,21.964,0,0.0,turnover,False,0.0
2025-12-07_Sparta Rotterdam - NAC Breda,2881109413,2,61,5,59t7flioj4w4mpwnrwbm0m8ck,NAC Breda,bgzvhtk50gvmq6noheadmc34l,D. Odoi,11.76,36.312000000000005,1,1.0,turnover,False,0.0
2025-12-07_Sparta Rotterdam - NAC Breda,2881116539,2,67,55,59t7flioj4w4mpwnrwbm0m8ck,NAC Breda,d785q9rpqlyuyswv8f9fx4cno,M. Nassoh,30.345,19.040000000000003,0,0.0,turnover,False,0.0
2025-12-07_Sparta Rotterdam - NAC Breda,2881129969,2,82,28,59t7flioj4w4mpwnrwbm0m8ck,NAC Breda,7qwmlcxsxlxmq01g7dkt7v14a,M. Balard,12.915000000000001,30.464,0,0.0,turnover,False,0.0
2025-12-07_Sparta Rotterdam - NAC Breda,2881136821,2,89,32,59t7flioj4w4mpwnrwbm0m8ck,NAC Breda,c3j7ddqg0yzporam6gieibgiy,C. Brym,70.56,43.18,1,1.0,turnover,False,0.0
2025-12-07_Sparta Rotterdam - NAC Breda,2881138529,2,91,6,89w5c6pw7vn0dxypi61tt0g4k,Sparta Rotterdam,ccmmsnrfn58gwi1petlp08f3e,L. Duijvestijn,18.375,37.468,0,0.0,turnover,False,0.0
2025-12-13_FC Groningen - FC Volendam,2882961525,1,2,33,6g9qrm72224jrk6tkxxxi8a9n,FC Volendam,ealh7n21gctxxw5ol3l3yxzze,Y. Leliendal,7.3500000000000005,60.99600000000001,0,0.0,turnover,False,0.0
2025-12-13_FC Groningen - FC Volendam,2882964991,1,7,9,cos9hxi16eitbcbthof7zrm4m,FC Groningen,f4liap69r76gyc8pnxsergbqi,T. de Jonge,63.73500000000001,12.648000000000001,4,5.0,turnover,False,0.010821570112237
2025-12-13_FC Groningen - FC Volendam,2882965321,1,7,37,6g9qrm72224jrk6tkxxxi8a9n,FC Volendam,eu901b75l2ly5p48jdw6kwmad,M. Amevor,26.775000000000002,11.356,1,1.0,turnover,False,0.0
2025-12-13_FC Groningen - FC Volendam,2882970989,1,18,3,cos9hxi16eitbcbthof7zrm4m,FC Groningen,3aly8eihwfvtwde7dg0k18w7o,J. Schreuders,80.42999999999999,17.34,6,7.0,turnover,False,0.0029731422495207
2025-12-13_FC Groningen - FC Volendam,2882977087,1,25,21,6g9qrm72224jrk6tkxxxi8a9n,FC Volendam,btrg844mxkl6kbn89s7aecj8q,G. Yah,32.025,53.516000000000005,3,3.0,turnover,False,0.0
2025-12-13_FC Groningen - FC Volendam,2882978075,1,26,34,6g9qrm72224jrk6tkxxxi8a9n,FC Volendam,7053nqhl9wu2u1kegzo9aopg5,B. Kuwas,36.75,12.104000000000001,0,0.0,turnover,False,0.0
2025-12-13_FC Groningen - FC Volendam,2882978673,1,27,11,cos9hxi16eitbcbthof7zrm4m,FC Groningen,by85t8ssyumcjcks1jx3v96vo,Y. Taha,31.5,33.592,1,3.0,turnover,False,0.0
2025-12-13_FC Groningen - FC Volendam,2882986267,1,37,55,6g9qrm72224jrk6tkxxxi8a9n,FC Volendam,ealh7n21gctxxw5ol3l3yxzze,Y. Leliendal,16.275000000000002,48.484,0,0.0,turnover,False,0.0
2025-12-13_FC Groningen - FC Volendam,2882987433,1,39,53,cos9hxi16eitbcbthof7zrm4m,FC Groningen,by85t8ssyumcjcks1jx3v96vo,Y. Taha,38.85,54.53600000000001,3,10.0,window_expired,False,0.0304279711052896
2025-12-13_FC Groningen - FC Volendam,2883006951,2,47,52,6g9qrm72224jrk6tkxxxi8a9n,FC Volendam,btrg844mxkl6kbn89s7aecj8q,G. Yah,6.93,39.78,1,0.0,turnover,False,0.0
2025-12-13_FC Groningen - FC Volendam,2883010303,2,56,9,6g9qrm72224jrk6tkxxxi8a9n,FC Volendam,ealh7n21gctxxw5ol3l3yxzze,Y. Leliendal,10.185,16.524,4,8.0,turnover,False,0.0002024119256157
2025-12-13_FC Groningen - FC Volendam,2883030965,2,71,46,6g9qrm72224jrk6tkxxxi8a9n,FC Volendam,c9epkro6fot3km9zak1kswfhm,X. Mbuyamba,51.87,6.732000000000001,2,1.0,turnover,False,0.0
2025-12-13_PEC Zwolle - Fortuna Sittard,2883054379,1,19,11,2uuh2bir8ktof0uxfo06lb4ox,PEC Zwolle,4phgw75cred5p93hjq8hiou6t,S. Floranus,20.055000000000003,57.528,4,5.0,turnover,False,0.0
2025-12-13_PEC Zwolle - Fortuna Sittard,2883057905,1,24,16,3ebril33e08ddzob4bhq8awsr,Fortuna Sittard,8przxwwothu3crflys7ahl4dm,S. Adewoye,24.990000000000002,53.244,3,4.0,window_expired,False,4.03960494416572e-05
2025-12-13_PEC Zwolle - Fortuna Sittard,2883083329,2,55,45,2uuh2bir8ktof0uxfo06lb4ox,PEC Zwolle,1rd0zzpp3dn0y7qtxwc57g7h1,R. Thomas,56.175000000000004,31.008000000000003,0,0.0,turnover,False,0.0
2025-12-13_PEC Zwolle - Fortuna Sittard,2883084201,2,57,38,2uuh2bir8ktof0uxfo06lb4ox,PEC Zwolle,1x6fhuy49w4rpnyavwotbf504,T. Gooijer,19.32,9.996,4,5.0,turnover,False,0.0
2025-12-13_PEC Zwolle - Fortuna Sittard,2883085943,2,61,13,2uuh2bir8ktof0uxfo06lb4ox,PEC Zwolle,1x6fhuy49w4rpnyavwotbf504,T. Gooijer,44.94,4.08,1,2.0,turnover,False,0.0
2025-12-13_PEC Zwolle - Fortuna Sittard,2883086163,2,61,44,2uuh2bir8ktof0uxfo06lb4ox,PEC Zwolle,1rd0zzpp3dn0y7qtxwc57g7h1,R. Thomas,33.495,13.940000000000001,2,3.0,turnover,False,0.0
2025-12-13_PEC Zwolle - Fortuna Sittard,2883087251,2,64,20,3ebril33e08ddzob4bhq8awsr,Fortuna Sittard,5ghvrbmlh0tqos9iohj8f7zzd,K. Sierhuis,47.46000000000001,19.652,0,0.0,turnover,False,0.0
2025-12-13_PEC Zwolle - Fortuna Sittard,2883089059,2,69,42,3ebril33e08ddzob4bhq8awsr,Fortuna Sittard,7b4jmfu1ejoeci2zmvwuejnys,P. Brittijn,54.18000000000001,7.140000000000001,0,0.0,turnover,False,0.0
2025-12-13_PEC Zwolle - Fortuna Sittard,2883089559,2,71,2,3ebril33e08ddzob4bhq8awsr,Fortuna Sittard,9zryne6aa951ltubvjo0gk12i,M. Ihattaren,21.525000000000002,32.300000000000004,0,0.0,turnover,False,0.0
2025-12-13_PEC Zwolle - Fortuna Sittard,2883090465,2,73,42,3ebril33e08ddzob4bhq8awsr,Fortuna Sittard,44m4s9f1ckgdavmqjo0icx016,R. Fosso,3.8850000000000002,57.25600000000001,0,0.0,turnover,False,0.0
2025-12-13_PEC Zwolle - Fortuna Sittard,2883095735,2,87,58,2uuh2bir8ktof0uxfo06lb4ox,PEC Zwolle,ekur9x1kzp8wq0lwfwev0b0bu,K. de Rooij,30.66,59.43200000000001,1,0.0,turnover,False,0.0
2025-12-13_PSV Eindhoven - Heracles Almelo,2883013753,1,4,54,dac758ef858jbq7pcb3gfwite,Heracles Almelo,mlqit2c8my1ewqy6avrfhf8q,A. Van Hoorenbeeck,35.385000000000005,55.828,2,3.0,turnover,False,0.0
2025-12-13_PSV Eindhoven - Heracles Almelo,2883014595,1,5,54,dac758ef858jbq7pcb3gfwite,Heracles Almelo,f2snk84xy67ergwrwoblgt2ad,T. Bruns,31.5,9.928,2,2.0,turnover,False,0.0
2025-12-13_PSV Eindhoven - Heracles Almelo,2883019305,1,11,49,dac758ef858jbq7pcb3gfwite,Heracles Almelo,f2snk84xy67ergwrwoblgt2ad,T. Bruns,12.495000000000001,61.744,1,0.0,turnover,False,0.0
2025-12-13_PSV Eindhoven - Heracles Almelo,2883027903,1,24,2,24fvcruwqrqvqa3aonf8c3zuy,PSV Eindhoven,c6ip6gwp8yvchd1n3dv42go9,Mauro Júnior,72.66000000000001,7.48,5,9.0,window_expired,False,0.0
2025-12-13_PSV Eindhoven - Heracles Almelo,2883028701,1,25,39,dac758ef858jbq7pcb3gfwite,Heracles Almelo,6ok4k757utbtswx5618xffsru,I. Mesík,33.285000000000004,52.904,4,9.0,window_expired,False,0.00014844871437187657
2025-12-13_PSV Eindhoven - Heracles Almelo,2883028999,1,26,9,24fvcruwqrqvqa3aonf8c3zuy,PSV Eindhoven,b0me6l44boibnwpbtasxoy02x,S. Dest,14.490000000000002,30.328000000000003,5,10.0,window_expired,False,0.00010131250230144273
2025-12-13_PSV Eindhoven - Heracles Almelo,2883030199,1,28,32,dac758ef858jbq7pcb3gfwite,Heracles Almelo,ait187bpr8we72jvfxxt6ttjp,M. te Wierik,30.345,6.596,7,10.0,window_expired,False,9.036988184628336e-05
2025-12-13_PSV Eindhoven - Heracles Almelo,2883037893,1,43,46,dac758ef858jbq7pcb3gfwite,Heracles Almelo,bzsoq42nf6sgdh9oe64n7rnfu,B. Limbombe,54.495,7.956,0,0.0,turnover,False,0.0
2025-12-13_PSV Eindhoven - Heracles Almelo,2883048571,2,45,18,dac758ef858jbq7pcb3gfwite,Heracles Almelo,ait187bpr8we72jvfxxt6ttjp,M. te Wierik,85.995,2.5160000000000005,3,9.0,window_expired,False,0.0
2025-12-13_PSV Eindhoven - Heracles Almelo,2883054651,2,54,25,dac758ef858jbq7pcb3gfwite,Heracles Almelo,8oetnmi8kejwwy37rhlelw2ne,W. Ould-Chikh,40.74,19.380000000000003,0,0.0,turnover,False,0.0
2025-12-13_PSV Eindhoven - Heracles Almelo,2883059051,2,60,58,dac758ef858jbq7pcb3gfwite,Heracles Almelo,9y5kirmp6gcrsy2s1pinhkqy2,L. Kulenović,59.43000000000001,20.672,2,2.0,turnover,False,0.0
2025-12-13_PSV Eindhoven - Heracles Almelo,2883061341,2,64,56,24fvcruwqrqvqa3aonf8c3zuy,PSV Eindhoven,b0me6l44boibnwpbtasxoy02x,S. Dest,59.745000000000005,5.372000000000001,0,0.0,turnover,False,0.0
2025-12-13_PSV Eindhoven - Heracles Almelo,2883074397,2,87,13,dac758ef858jbq7pcb3gfwite,Heracles Almelo,6lyedmu2vuf7jig3jmhz9b4ve,D. van der Kust,38.85,61.744,2,1.0,turnover,False,0.0
2025-12-13_PSV Eindhoven - Heracles Almelo,2883074425,2,87,15,24fvcruwqrqvqa3aonf8c3zuy,PSV Eindhoven,c6ip6gwp8yvchd1n3dv42go9,Mauro Júnior,59.43000000000001,6.664000000000001,0,0.0,turnover,False,0.0
2025-12-13_PSV Eindhoven - Heracles Almelo,2883075283,2,89,5,dac758ef858jbq7pcb3gfwite,Heracles Almelo,mlqit2c8my1ewqy6avrfhf8q,A. Van Hoorenbeeck,15.120000000000001,26.044,1,1.0,turnover,False,0.0
2025-12-13_PSV Eindhoven - Heracles Almelo,2883075385,2,89,18,dac758ef858jbq7pcb3gfwite,Heracles Almelo,6ok4k757utbtswx5618xffsru,I. Mesík,21.419999999999998,39.508,0,0.0,turnover,False,0.0
2025-12-13_PSV Eindhoven - Heracles Almelo,2883075401,2,89,24,dac758ef858jbq7pcb3gfwite,Heracles Almelo,mlqit2c8my1ewqy6avrfhf8q,A. Van Hoorenbeeck,8.925,47.124,0,0.0,turnover,False,0.0
2025-12-13_SC Telstar - Nijmegen Eendracht Combinatie,2882761397,1,3,49,8iawijq7s9s6d85mjz8wdslki,Nijmegen Eendracht Combinatie,ds0hd4ezvb5rw6l95rhbxtq1g,B. Önal,26.355000000000004,43.52,0,0.0,turnover,False,0.0
2025-12-13_SC Telstar - Nijmegen Eendracht Combinatie,2882783977,1,13,56,zjawy6qdzk3y69v5pa3zl2cb,SC Telstar,4bkb8qjb5n33wxfopju8r1mtx,D. Bakker,15.015,32.232,3,3.0,turnover,False,0.0
2025-12-13_SC Telstar - Nijmegen Eendracht Combinatie,2882796173,1,22,23,8iawijq7s9s6d85mjz8wdslki,Nijmegen Eendracht Combinatie,1gl82ymzh9vpitix6v645awa,D. Nejašmić,40.53,17.748,3,10.0,window_expired,False,0.0009868810103638
2025-12-13_SC Telstar - Nijmegen Eendracht Combinatie,2882801829,1,29,15,8iawijq7s9s6d85mjz8wdslki,Nijmegen Eendracht Combinatie,8624hqd4nlbzcoqsetvsvla8k,D. Fonville,55.650000000000006,45.628,4,9.0,window_expired,False,0.0039767583036083
2025-12-13_SC Telstar - Nijmegen Eendracht Combinatie,2882809259,1,34,0,zjawy6qdzk3y69v5pa3zl2cb,SC Telstar,8p3x0sm735fru6nthc87pjrbo,Neville Ogidi Nwankwo,7.14,20.672,1,1.0,turnover,False,0.0
2025-12-13_SC Telstar - Nijmegen Eendracht Combinatie,2882810589,1,34,39,8iawijq7s9s6d85mjz8wdslki,Nijmegen Eendracht Combinatie,4pqi5vt820333t5zsj2refc2d,B. Linssen,28.35,33.32,2,9.0,window_expired,False,0.0
2025-12-13_SC Telstar - Nijmegen Eendracht Combinatie,2882818859,1,38,15,8iawijq7s9s6d85mjz8wdslki,Nijmegen Eendracht Combinatie,dse071e8zbzm8l37m64g6e1p0,K. Sano,42.0,3.468,2,3.0,turnover,False,0.000387056190603
2025-12-13_SC Telstar - Nijmegen Eendracht Combinatie,2882822903,1,40,5,zjawy6qdzk3y69v5pa3zl2cb,SC Telstar,4bkb8qjb5n33wxfopju8r1mtx,D. Bakker,75.705,50.456,1,1.0,turnover,False,0.0
2025-12-13_SC Telstar - Nijmegen Eendracht Combinatie,2882835225,1,45,38,8iawijq7s9s6d85mjz8wdslki,Nijmegen Eendracht Combinatie,8624hqd4nlbzcoqsetvsvla8k,D. Fonville,24.255000000000003,48.144,0,0.0,turnover,False,0.0
2025-12-13_SC Telstar - Nijmegen Eendracht Combinatie,2882868195,2,45,20,8iawijq7s9s6d85mjz8wdslki,Nijmegen Eendracht Combinatie,1gl82ymzh9vpitix6v645awa,D. Nejašmić,69.19500000000001,21.692,0,0.0,turnover,False,0.0
2025-12-13_SC Telstar - Nijmegen Eendracht Combinatie,2882868339,2,45,27,zjawy6qdzk3y69v5pa3zl2cb,SC Telstar,y1ky8sp8scl05mmfr7byy3md,J. Hardeveld,21.735,58.208,2,2.0,turnover,False,0.0
2025-12-13_SC Telstar - Nijmegen Eendracht Combinatie,2882868775,2,45,41,zjawy6qdzk3y69v5pa3zl2cb,SC Telstar,y1ky8sp8scl05mmfr7byy3md,J. Hardeveld,17.745,58.684000000000005,3,6.0,turnover,False,6.056042517493809e-06
2025-12-13_SC Telstar - Nijmegen Eendracht Combinatie,2883157851,2,52,12,8iawijq7s9s6d85mjz8wdslki,Nijmegen Eendracht Combinatie,ds0hd4ezvb5rw6l95rhbxtq1g,B. Önal,38.64,44.47200000000001,0,0.0,turnover,False,0.0
2025-12-13_SC Telstar - Nijmegen Eendracht Combinatie,2882885161,2,54,17,zjawy6qdzk3y69v5pa3zl2cb,SC Telstar,1k60tee702idfrp0ibca1s57u,G. Offerhaus,38.115,47.87200000000001,1,2.0,turnover,False,0.0
2025-12-13_SC Telstar - Nijmegen Eendracht Combinatie,2882888175,2,55,45,zjawy6qdzk3y69v5pa3zl2cb,SC Telstar,52cqyvn8cfh83i5zwm3181pbe,T. Noslin,30.765,17.272000000000002,0,0.0,turnover,False,0.0
2025-12-13_SC Telstar - Nijmegen Eendracht Combinatie,2882898411,2,61,18,zjawy6qdzk3y69v5pa3zl2cb,SC Telstar,y1ky8sp8scl05mmfr7byy3md,J. Hardeveld,33.39,64.94,1,1.0,turnover,False,0.0
2025-12-13_SC Telstar - Nijmegen Eendracht Combinatie,2882907459,2,69,20,zjawy6qdzk3y69v5pa3zl2cb,SC Telstar,8p3x0sm735fru6nthc87pjrbo,Neville Ogidi Nwankwo,34.44,17.272000000000002,0,0.0,turnover,False,0.0
2025-12-13_SC Telstar - Nijmegen Eendracht Combinatie,2882911757,2,74,15,zjawy6qdzk3y69v5pa3zl2cb,SC Telstar,cp866ucakmwqiwxrstkaxwgt0,N. Rossen,33.6,2.924,0,0.0,turnover,False,0.0
2025-12-13_SC Telstar - Nijmegen Eendracht Combinatie,2883286601,2,93,2,8iawijq7s9s6d85mjz8wdslki,Nijmegen Eendracht Combinatie,1gl82ymzh9vpitix6v645awa,D. Nejašmić,73.29,66.164,0,0.0,turnover,False,0.0
2025-12-13_SC Telstar - Nijmegen Eendracht Combinatie,2883290851,2,96,44,zjawy6qdzk3y69v5pa3zl2cb,SC Telstar,4bkb8qjb5n33wxfopju8r1mtx,D. Bakker,26.565,51.748,2,2.0,turnover,False,0.0
2025-12-14_AFC Ajax - Feyenoord Rotterdam,2883237319,1,4,27,d0zdg647gvgc95xdtk1vpbkys,AFC Ajax,56nbghr9snc79dt8h99wleej8,S. Steur,49.035000000000004,32.43600000000001,1,4.0,turnover,False,0.0
2025-12-14_AFC Ajax - Feyenoord Rotterdam,2883238813,1,5,58,d0zdg647gvgc95xdtk1vpbkys,AFC Ajax,2zkaf848fjcdhuii8783pkm7e,Y. Regeer,73.185,45.764,2,3.0,turnover,False,0.0
2025-12-14_AFC Ajax - Feyenoord Rotterdam,2883241073,1,8,15,20vymiy7bo8wkyxai3ew494fz,Feyenoord Rotterdam,6fdwd71dx2qu7uzzs3ozm9x7u,T. Watanabe,54.915,51.272000000000006,4,7.0,turnover,False,0.00035196231897541703
2025-12-14_AFC Ajax - Feyenoord Rotterdam,2883287385,1,10,16,d0zdg647gvgc95xdtk1vpbkys,AFC Ajax,70tsvrcmklvp4ecdhxlugf8ix,K. Itakura,67.62,48.824,0,0.0,turnover,False,0.0
2025-12-14_AFC Ajax - Feyenoord Rotterdam,2883249829,1,18,9,d0zdg647gvgc95xdtk1vpbkys,AFC Ajax,dafbvyorudvujxw7zswicykmh,O. Wijndal,26.355000000000004,55.080000000000005,3,6.0,window_expired,False,2.83139299205315e-05
2025-12-14_AFC Ajax - Feyenoord Rotterdam,2883262841,1,36,12,d0zdg647gvgc95xdtk1vpbkys,AFC Ajax,baakmd4ndnulbl9npvmq90mvp,D. Klaassen,23.835,20.264000000000003,0,0.0,turnover,False,0.0
2025-12-14_AFC Ajax - Feyenoord Rotterdam,2883262913,1,36,18,d0zdg647gvgc95xdtk1vpbkys,AFC Ajax,dafbvyorudvujxw7zswicykmh,O. Wijndal,19.845,45.356,3,1.0,turnover,False,0.0
2025-12-14_AFC Ajax - Feyenoord Rotterdam,2883263075,1,36,32,d0zdg647gvgc95xdtk1vpbkys,AFC Ajax,dafbvyorudvujxw7zswicykmh,O. Wijndal,12.81,45.492000000000004,4,9.0,turnover,False,0.0
2025-12-14_AFC Ajax - Feyenoord Rotterdam,2883267525,1,40,49,d0zdg647gvgc95xdtk1vpbkys,AFC Ajax,9tp35qqu1heburu0g5wa6jv56,Lucas Rosa,38.955000000000005,7.956,1,0.0,turnover,False,0.0
2025-12-14_AFC Ajax - Feyenoord Rotterdam,2883289587,2,45,48,20vymiy7bo8wkyxai3ew494fz,Feyenoord Rotterdam,29fr98or3mqippn84z3p9ihhw,L. Valente,36.12,52.768,0,0.0,turnover,False,0.0
2025-12-14_AFC Ajax - Feyenoord Rotterdam,2883289877,2,46,8,20vymiy7bo8wkyxai3ew494fz,Feyenoord Rotterdam,29fr98or3mqippn84z3p9ihhw,L. Valente,13.65,35.428000000000004,0,0.0,turnover,False,0.0
2025-12-14_AFC Ajax - Feyenoord Rotterdam,2883302057,2,58,18,d0zdg647gvgc95xdtk1vpbkys,AFC Ajax,bpprd2haoafk6y0rjans4iytx,K. Dolberg,27.405,29.648000000000003,0,0.0,turnover,False,0.0
2025-12-14_AFC Ajax - Feyenoord Rotterdam,2883305917,2,64,9,20vymiy7bo8wkyxai3ew494fz,Feyenoord Rotterdam,8f3bhiy6r5eei1n25exhbwr8p,J. Lotomba,40.32,14.824000000000002,0,0.0,turnover,False,0.0
2025-12-14_AFC Ajax - Feyenoord Rotterdam,2883307661,2,67,32,d0zdg647gvgc95xdtk1vpbkys,AFC Ajax,2zkaf848fjcdhuii8783pkm7e,Y. Regeer,12.915000000000001,15.164000000000001,3,6.0,turnover,False,0.0
2025-12-14_AFC Ajax - Feyenoord Rotterdam,2883307859,2,67,54,20vymiy7bo8wkyxai3ew494fz,Feyenoord Rotterdam,9d4ald4f0m2imaastzen4j8mi,O. Targhalline,70.77000000000001,48.144,3,8.0,turnover,False,0.0078982855476185
2025-12-14_AFC Ajax - Feyenoord Rotterdam,2883311165,2,73,42,20vymiy7bo8wkyxai3ew494fz,Feyenoord Rotterdam,9d4ald4f0m2imaastzen4j8mi,O. Targhalline,37.589999999999996,40.93600000000001,4,8.0,window_expired,False,0.00042945239789699403
2025-12-14_AFC Ajax - Feyenoord Rotterdam,2883311609,2,74,13,d0zdg647gvgc95xdtk1vpbkys,AFC Ajax,b8ixf31bdyfqqcwoy4ulai73e,K. Fitz-Jim,38.115,15.572000000000001,0,0.0,turnover,False,0.0
2025-12-14_AFC Ajax - Feyenoord Rotterdam,2883312255,2,75,1,20vymiy7bo8wkyxai3ew494fz,Feyenoord Rotterdam,6fdwd71dx2qu7uzzs3ozm9x7u,T. Watanabe,60.69,46.647999999999996,2,1.0,turnover,False,0.0
2025-12-14_AFC Ajax - Feyenoord Rotterdam,2883312323,2,75,7,20vymiy7bo8wkyxai3ew494fz,Feyenoord Rotterdam,9d4ald4f0m2imaastzen4j8mi,O. Targhalline,45.15,44.744,2,1.0,turnover,False,0.0
2025-12-14_AFC Ajax - Feyenoord Rotterdam,2883312367,2,75,10,d0zdg647gvgc95xdtk1vpbkys,AFC Ajax,b8ixf31bdyfqqcwoy4ulai73e,K. Fitz-Jim,66.25500000000001,25.568,0,0.0,turnover,False,0.0
2025-12-14_AFC Ajax - Feyenoord Rotterdam,2883319675,2,83,11,20vymiy7bo8wkyxai3ew494fz,Feyenoord Rotterdam,bwxn7o8ved1xo5bmfkfgzekiy,J. Bos,70.665,62.628,2,2.0,turnover,False,0.0
2025-12-14_AFC Ajax - Feyenoord Rotterdam,2883320165,2,83,31,d0zdg647gvgc95xdtk1vpbkys,AFC Ajax,9tp35qqu1heburu0g5wa6jv56,Lucas Rosa,14.91,51.61200000000001,4,8.0,turnover,False,0.0001917038997126
2025-12-14_AFC Ajax - Feyenoord Rotterdam,2883323503,2,86,54,d0zdg647gvgc95xdtk1vpbkys,AFC Ajax,b8ixf31bdyfqqcwoy4ulai73e,K. Fitz-Jim,18.27,20.876,0,0.0,turnover,False,0.0
2025-12-14_AFC Ajax - Feyenoord Rotterdam,2883323617,2,87,0,d0zdg647gvgc95xdtk1vpbkys,AFC Ajax,b8ixf31bdyfqqcwoy4ulai73e,K. Fitz-Jim,20.580000000000002,11.696,1,1.0,turnover,False,0.0
2025-12-14_AFC Ajax - Feyenoord Rotterdam,2883330699,2,94,47,d0zdg647gvgc95xdtk1vpbkys,AFC Ajax,brfa9yhy2llgt9l75unddogk,J. Mokio,23.31,23.936000000000003,3,2.0,turnover,False,0.0
2025-12-14_FC Twente - Go Ahead Eagles,2883233623,1,0,53,4tic29sox7m39fy1ztgv0jsiq,FC Twente,5m8pflpgynidzk7d9507oujje,D. Rots,84.84,15.912,1,1.0,turnover,False,0.0
2025-12-14_FC Twente - Go Ahead Eagles,2883240575,1,8,38,b79uipsy57y1jqpy07h4i5ovk,Go Ahead Eagles,d8cxurdt9g5gezqlfwae7ooru,M. Meulensteen,19.740000000000002,34.884,1,3.0,window_expired,False,0.0
2025-12-14_FC Twente - Go Ahead Eagles,2883609045,1,14,18,b79uipsy57y1jqpy07h4i5ovk,Go Ahead Eagles,61a5bh5xw947nv4mxx62gqaqx,J. Kramer,70.665,58.004000000000005,1,1.0,turnover,False,0.0
2025-12-14_FC Twente - Go Ahead Eagles,2883251297,1,21,12,b79uipsy57y1jqpy07h4i5ovk,Go Ahead Eagles,d8cxurdt9g5gezqlfwae7ooru,M. Meulensteen,21.630000000000003,28.424,2,1.0,window_expired,False,0.0
2025-12-14_FC Twente - Go Ahead Eagles,2883257481,1,31,25,b79uipsy57y1jqpy07h4i5ovk,Go Ahead Eagles,b157xbo2jovsxkgr3wie3rip6,T. Baeten,102.165,5.848,1,1.0,turnover,False,0.0
2025-12-14_FC Twente - Go Ahead Eagles,2883262037,1,36,15,b79uipsy57y1jqpy07h4i5ovk,Go Ahead Eagles,d8cxurdt9g5gezqlfwae7ooru,M. Meulensteen,14.28,22.44,1,1.0,turnover,False,0.0
2025-12-14_FC Twente - Go Ahead Eagles,2883267053,1,41,15,b79uipsy57y1jqpy07h4i5ovk,Go Ahead Eagles,61a5bh5xw947nv4mxx62gqaqx,J. Kramer,60.480000000000004,43.112,0,0.0,turnover,False,0.0
2025-12-14_FC Twente - Go Ahead Eagles,2883298193,2,55,8,b79uipsy57y1jqpy07h4i5ovk,Go Ahead Eagles,bn8dwm2y9a8i9a10rba3dmm3u,D. James,34.65,58.14000000000001,3,5.0,turnover,False,5.754379721049918e-05
2025-12-14_FC Twente - Go Ahead Eagles,2883302735,2,59,52,b79uipsy57y1jqpy07h4i5ovk,Go Ahead Eagles,61a5bh5xw947nv4mxx62gqaqx,J. Kramer,42.0,52.428,1,1.0,turnover,False,0.0
2025-12-14_FC Twente - Go Ahead Eagles,2883306687,2,66,13,4tic29sox7m39fy1ztgv0jsiq,FC Twente,2hbduprkyabq8g1nhe6b4g3bp,M. Pjaca,64.47,46.580000000000005,0,0.0,turnover,False,0.0
2025-12-14_FC Twente - Go Ahead Eagles,2883317127,2,81,18,4tic29sox7m39fy1ztgv0jsiq,FC Twente,qobf1v5kwuz6hj2ooixfw4mi,B. van Rooij,23.415000000000003,5.78,0,0.0,turnover,False,0.0
2025-12-14_NAC Breda - FC Utrecht,2883351995,1,0,8,59t7flioj4w4mpwnrwbm0m8ck,NAC Breda,4f8xb5sbyksacxmifi375h7qi,K. Sowah,59.85,53.65200000000001,3,3.0,turnover,False,0.000129506780001
2025-12-14_NAC Breda - FC Utrecht,2883352809,1,0,57,59t7flioj4w4mpwnrwbm0m8ck,NAC Breda,37c696bwovmn1x8lc8z4wp53o,C. Valerius,22.155,23.12,0,0.0,turnover,False,0.0
2025-12-14_NAC Breda - FC Utrecht,2883358523,1,7,37,ccpscwdcm65czscrun048ecn5,FC Utrecht,8lt54ei6pcu25u8uerigmx5yi,A. Engwanda,36.645,60.928,0,0.0,turnover,False,0.0
2025-12-14_NAC Breda - FC Utrecht,2883360359,1,10,25,59t7flioj4w4mpwnrwbm0m8ck,NAC Breda,4f8xb5sbyksacxmifi375h7qi,K. Sowah,53.445,26.044,4,9.0,window_expired,False,0.0042556753567488
2025-12-14_NAC Breda - FC Utrecht,2883361001,1,11,12,ccpscwdcm65czscrun048ecn5,FC Utrecht,8ymqihdfqc7esda7y407lebx1,D. de Wit,32.34,42.432,2,5.0,turnover,False,0.0
2025-12-14_NAC Breda - FC Utrecht,2883364953,1,16,37,59t7flioj4w4mpwnrwbm0m8ck,NAC Breda,969cpy2geokwer9gjapk7zj3e,R. Hillen,26.46,58.548,0,0.0,turnover,False,0.0
2025-12-14_NAC Breda - FC Utrecht,2883366361,1,18,27,59t7flioj4w4mpwnrwbm0m8ck,NAC Breda,7qwmlcxsxlxmq01g7dkt7v14a,M. Balard,49.245,31.824,0,0.0,turnover,False,0.0
2025-12-14_NAC Breda - FC Utrecht,2883368303,1,20,42,ccpscwdcm65czscrun048ecn5,FC Utrecht,2tc8y9du64tjno62zll2jhy7e,Y. Cathline,76.33500000000001,63.17200000000001,0,0.0,turnover,False,0.0
2025-12-14_NAC Breda - FC Utrecht,2883370263,1,22,48,59t7flioj4w4mpwnrwbm0m8ck,NAC Breda,7qwmlcxsxlxmq01g7dkt7v14a,M. Balard,58.065,58.82000000000001,3,10.0,window_expired,False,0.0003568904718938
2025-12-14_NAC Breda - FC Utrecht,2883371131,1,23,56,59t7flioj4w4mpwnrwbm0m8ck,NAC Breda,37c696bwovmn1x8lc8z4wp53o,C. Valerius,41.37,6.5280000000000005,0,0.0,turnover,False,0.0
2025-12-14_NAC Breda - FC Utrecht,2883382075,1,35,32,ccpscwdcm65czscrun048ecn5,FC Utrecht,8lt54ei6pcu25u8uerigmx5yi,A. Engwanda,65.73,7.072000000000001,0,0.0,turnover,False,0.0
2025-12-14_NAC Breda - FC Utrecht,2883389595,1,44,57,59t7flioj4w4mpwnrwbm0m8ck,NAC Breda,969cpy2geokwer9gjapk7zj3e,R. Hillen,37.38,56.37200000000001,2,2.0,turnover,False,0.0
2025-12-14_NAC Breda - FC Utrecht,2883408157,2,46,44,59t7flioj4w4mpwnrwbm0m8ck,NAC Breda,4f8xb5sbyksacxmifi375h7qi,K. Sowah,48.510000000000005,15.028000000000002,3,2.0,turnover,False,0.000472287838914
2025-12-14_NAC Breda - FC Utrecht,2883408383,2,46,48,ccpscwdcm65czscrun048ecn5,FC Utrecht,8lt54ei6pcu25u8uerigmx5yi,A. Engwanda,46.62,42.024,0,0.0,turnover,False,0.0
2025-12-14_NAC Breda - FC Utrecht,2883408909,2,47,43,ccpscwdcm65czscrun048ecn5,FC Utrecht,4ej8uchqe3rt1s5h6phjo3310,G. Zechiël,56.49,40.93600000000001,0,0.0,turnover,False,0.0
2025-12-14_NAC Breda - FC Utrecht,2883412259,2,52,38,ccpscwdcm65czscrun048ecn5,FC Utrecht,9ano8w4jrlk6zq92rxchzaru2,Miguel Rodríguez,16.17,32.572,1,1.0,turnover,False,0.0
2025-12-14_NAC Breda - FC Utrecht,2883413701,2,55,8,ccpscwdcm65czscrun048ecn5,FC Utrecht,4ej8uchqe3rt1s5h6phjo3310,G. Zechiël,65.625,52.768,0,0.0,turnover,False,0.0
2025-12-14_NAC Breda - FC Utrecht,2883414017,2,55,40,ccpscwdcm65czscrun048ecn5,FC Utrecht,egcs7b6ixb62ep08t7jznf9ih,V. Jensen,73.29,34.816,4,6.0,turnover,False,0.0032308347047541
2025-12-14_NAC Breda - FC Utrecht,2883415127,2,57,41,59t7flioj4w4mpwnrwbm0m8ck,NAC Breda,37c696bwovmn1x8lc8z4wp53o,C. Valerius,76.02000000000001,22.848000000000003,5,8.0,window_expired,False,0.0138377565150515
2025-12-14_NAC Breda - FC Utrecht,2883447551,2,57,56,ccpscwdcm65czscrun048ecn5,FC Utrecht,9ano8w4jrlk6zq92rxchzaru2,Miguel Rodríguez,11.025,6.664000000000001,0,0.0,turnover,False,0.0
2025-12-14_NAC Breda - FC Utrecht,2883417741,2,61,16,59t7flioj4w4mpwnrwbm0m8ck,NAC Breda,4f8xb5sbyksacxmifi375h7qi,K. Sowah,38.535000000000004,19.176000000000002,0,0.0,turnover,False,0.0
2025-12-14_NAC Breda - FC Utrecht,2883418989,2,63,13,59t7flioj4w4mpwnrwbm0m8ck,NAC Breda,4f8xb5sbyksacxmifi375h7qi,K. Sowah,64.995,20.876,1,2.0,turnover,False,0.0179103777722393
2025-12-14_NAC Breda - FC Utrecht,2883419099,2,63,24,59t7flioj4w4mpwnrwbm0m8ck,NAC Breda,bgzvhtk50gvmq6noheadmc34l,D. Odoi,69.615,10.132000000000001,4,4.0,turnover,False,0.0032354008496409
2025-12-14_NAC Breda - FC Utrecht,2883427751,2,74,3,ccpscwdcm65czscrun048ecn5,FC Utrecht,c2an5ksdu6jbap3x3jp3z9c5x,N. Viergever,57.75,58.004000000000005,6,5.0,window_expired,False,0.00041736927816169995
2025-12-14_NAC Breda - FC Utrecht,2883428127,2,74,27,59t7flioj4w4mpwnrwbm0m8ck,NAC Breda,8nnxi9lw3hso096kk81h0azh0,J. Talvitie,30.240000000000002,13.532,0,0.0,turnover,False,0.0
2025-12-14_NAC Breda - FC Utrecht,2883428791,2,75,18,59t7flioj4w4mpwnrwbm0m8ck,NAC Breda,8z4wdv767cv7ddqgrkz5txsrt,B. Kemper,38.745,45.900000000000006,0,0.0,turnover,False,0.0
2025-12-14_NAC Breda - FC Utrecht,2883430221,2,77,3,59t7flioj4w4mpwnrwbm0m8ck,NAC Breda,bgzvhtk50gvmq6noheadmc34l,D. Odoi,63.945,19.244000000000003,0,0.0,turnover,False,0.0
2025-12-14_NAC Breda - FC Utrecht,2883430469,2,77,25,ccpscwdcm65czscrun048ecn5,FC Utrecht,egcs7b6ixb62ep08t7jznf9ih,V. Jensen,30.555000000000003,21.828000000000003,4,10.0,window_expired,False,0.0012704427598662
2025-12-14_NAC Breda - FC Utrecht,2883434699,2,83,20,ccpscwdcm65czscrun048ecn5,FC Utrecht,3gczyjwrkpu7ht35di1g09s0k,E. Demircan,66.36,26.044,0,0.0,turnover,False,0.0
2025-12-14_NAC Breda - FC Utrecht,2883438487,2,88,3,ccpscwdcm65czscrun048ecn5,FC Utrecht,3r6elcuru7no13hrfczmwbmy1,S. Horemans,20.475,20.808000000000003,4,6.0,window_expired,False,0.0001242094770637
2025-12-14_Sparta Rotterdam - SC Heerenveen,2883155793,1,3,15,89w5c6pw7vn0dxypi61tt0g4k,Sparta Rotterdam,ecmzlwu35vg4y64kidte9v0no,M. Kleijn,76.125,65.07600000000001,0,0.0,turnover,False,0.0
2025-12-14_Sparta Rotterdam - SC Heerenveen,2883157375,1,9,28,89w5c6pw7vn0dxypi61tt0g4k,Sparta Rotterdam,f07qmqesi1rpw7eapoz9rb0gk,J. Baas,12.705,46.51200000000001,0,0.0,turnover,False,0.0
2025-12-14_Sparta Rotterdam - SC Heerenveen,2883158933,1,16,17,89w5c6pw7vn0dxypi61tt0g4k,Sparta Rotterdam,ass524umdrpsq324wksaqef4k,M. Young,40.425000000000004,19.176000000000002,0,0.0,turnover,False,0.0
2025-12-14_Sparta Rotterdam - SC Heerenveen,2883162715,1,26,34,89w5c6pw7vn0dxypi61tt0g4k,Sparta Rotterdam,29q4j9r2lgdsdkkq2fgh8l7o4,Ayoni Santos,30.87,17.408,2,8.0,turnover,False,0.0
2025-12-14_Sparta Rotterdam - SC Heerenveen,2883163119,1,27,38,89w5c6pw7vn0dxypi61tt0g4k,Sparta Rotterdam,536qjh4gcmpo5q68ti87e60kq,S. Mito,65.73,59.228,6,4.0,turnover,False,0.0002846831236675
2025-12-14_Sparta Rotterdam - SC Heerenveen,2883165013,1,31,36,89w5c6pw7vn0dxypi61tt0g4k,Sparta Rotterdam,6ab5gq2owk86qs5zjottfhwmi,T. Quintero,70.14,47.53200000000001,3,8.0,window_expired,False,0.001028308692711
2025-12-14_Sparta Rotterdam - SC Heerenveen,2883165053,1,32,25,89w5c6pw7vn0dxypi61tt0g4k,Sparta Rotterdam,f07qmqesi1rpw7eapoz9rb0gk,J. Baas,56.7,10.812000000000001,4,6.0,turnover,False,0.00027983735944
2025-12-14_Sparta Rotterdam - SC Heerenveen,2883166121,1,35,4,89w5c6pw7vn0dxypi61tt0g4k,Sparta Rotterdam,f57vs3qmmob743hdk2dxf56cq,S. Sambo,62.475,5.916,2,1.0,turnover,False,0.0070388958971975
2025-12-14_Sparta Rotterdam - SC Heerenveen,2883167605,1,40,13,89w5c6pw7vn0dxypi61tt0g4k,Sparta Rotterdam,f57vs3qmmob743hdk2dxf56cq,S. Sambo,62.475,7.82,0,0.0,turnover,False,0.0
2025-12-14_Sparta Rotterdam - SC Heerenveen,2883182657,2,49,16,4vd2t5schmvvufrfib7f2vjdf,SC Heerenveen,idvh0ac1f8wv39640pyl4esp,S. Kersten,59.43000000000001,13.668000000000003,0,0.0,turnover,False,0.0
2025-12-14_Sparta Rotterdam - SC Heerenveen,2883183537,2,50,30,89w5c6pw7vn0dxypi61tt0g4k,Sparta Rotterdam,ecmzlwu35vg4y64kidte9v0no,M. Kleijn,41.265,58.82000000000001,2,1.0,turnover,False,0.0
2025-12-14_Sparta Rotterdam - SC Heerenveen,2883184345,2,51,39,89w5c6pw7vn0dxypi61tt0g4k,Sparta Rotterdam,f07qmqesi1rpw7eapoz9rb0gk,J. Baas,42.525,59.636,0,0.0,turnover,False,0.0
2025-12-14_Sparta Rotterdam - SC Heerenveen,2883184543,2,51,59,89w5c6pw7vn0dxypi61tt0g4k,Sparta Rotterdam,ecmzlwu35vg4y64kidte9v0no,M. Kleijn,56.175000000000004,64.05600000000001,0,0.0,turnover,False,0.0
2025-12-14_Sparta Rotterdam - SC Heerenveen,2883184943,2,52,35,89w5c6pw7vn0dxypi61tt0g4k,Sparta Rotterdam,f07qmqesi1rpw7eapoz9rb0gk,J. Baas,57.96000000000001,49.57200000000001,0,0.0,turnover,False,0.0
2025-12-14_Sparta Rotterdam - SC Heerenveen,2883185007,2,52,39,4vd2t5schmvvufrfib7f2vjdf,SC Heerenveen,c9shc6t28oroqthopifjvg9ux,D. Vente,57.12,9.384,0,0.0,turnover,False,0.0
2025-12-14_Sparta Rotterdam - SC Heerenveen,2883187741,2,57,2,4vd2t5schmvvufrfib7f2vjdf,SC Heerenveen,9najgqcaamqj0qtiicuq9hey,R. Meerveld,21.21,51.408,4,7.0,turnover,False,0.0001630939337537
2025-12-14_Sparta Rotterdam - SC Heerenveen,2883193319,2,64,55,89w5c6pw7vn0dxypi61tt0g4k,Sparta Rotterdam,9lctm8txbd4n87mk61lwa0rf9,S. Bakari,60.58500000000001,7.344000000000001,0,0.0,turnover,False,0.0
2025-12-14_Sparta Rotterdam - SC Heerenveen,2883193615,2,65,20,4vd2t5schmvvufrfib7f2vjdf,SC Heerenveen,ar7llmzju08n8yrqu8xm1thck,O. Braude,25.305000000000003,24.276000000000003,2,2.0,turnover,False,0.0002988294824259
2025-12-14_Sparta Rotterdam - SC Heerenveen,2883193731,2,65,30,89w5c6pw7vn0dxypi61tt0g4k,Sparta Rotterdam,6ab5gq2owk86qs5zjottfhwmi,T. Quintero,24.675,47.328,1,0.0,window_expired,False,0.0
2025-12-14_Sparta Rotterdam - SC Heerenveen,2883196001,2,68,18,4vd2t5schmvvufrfib7f2vjdf,SC Heerenveen,412l28fqhx21ivpcxzn1kpilm,V. Zagaritis,41.79,44.268,1,1.0,turnover,False,0.0
2025-12-14_Sparta Rotterdam - SC Heerenveen,2883204935,2,81,46,4vd2t5schmvvufrfib7f2vjdf,SC Heerenveen,eu6pfkiah7otafyryg6ll7y09,L. Brouwers,20.37,30.736000000000004,0,0.0,turnover,False,0.0
2025-12-20_Heracles Almelo - SC Heerenveen,2884850517,1,4,22,dac758ef858jbq7pcb3gfwite,Heracles Almelo,f2snk84xy67ergwrwoblgt2ad,T. Bruns,41.475,43.316,5,9.0,window_expired,False,0.0002944121071051865
2025-12-20_Heracles Almelo - SC Heerenveen,2884853907,1,5,50,4vd2t5schmvvufrfib7f2vjdf,SC Heerenveen,412l28fqhx21ivpcxzn1kpilm,V. Zagaritis,47.04,65.28,4,7.0,window_expired,False,0.0023389017230595797
2025-12-20_Heracles Almelo - SC Heerenveen,2884862581,1,9,52,4vd2t5schmvvufrfib7f2vjdf,SC Heerenveen,8jm8a7w3a5b5nzikcom7cvf2s,M. Willemsen,62.370000000000005,52.836000000000006,5,10.0,window_expired,False,2.8404971367898546e-05
2025-12-20_Heracles Almelo - SC Heerenveen,2884865475,1,11,10,dac758ef858jbq7pcb3gfwite,Heracles Almelo,f2snk84xy67ergwrwoblgt2ad,T. Bruns,67.515,34.884,4,9.0,window_expired,False,0.0195483179155476
2025-12-20_Heracles Almelo - SC Heerenveen,2884894635,1,34,12,4vd2t5schmvvufrfib7f2vjdf,SC Heerenveen,idvh0ac1f8wv39640pyl4esp,S. Kersten,41.475,7.208,0,0.0,turnover,False,0.0
2025-12-20_Heracles Almelo - SC Heerenveen,2884896461,1,35,18,dac758ef858jbq7pcb3gfwite,Heracles Almelo,2zwe056wfzof0v5jv01dv9uc5,A. Hrustić,70.665,14.280000000000001,0,0.0,turnover,False,0.0
2025-12-20_Heracles Almelo - SC Heerenveen,2884901951,1,38,7,dac758ef858jbq7pcb3gfwite,Heracles Almelo,ait187bpr8we72jvfxxt6ttjp,M. te Wierik,24.465000000000003,19.584000000000003,0,0.0,turnover,False,0.0
2025-12-20_Heracles Almelo - SC Heerenveen,2884902611,1,38,29,4vd2t5schmvvufrfib7f2vjdf,SC Heerenveen,idvh0ac1f8wv39640pyl4esp,S. Kersten,31.815,16.524,0,0.0,turnover,False,0.0
2025-12-20_Heracles Almelo - SC Heerenveen,2884909317,1,42,13,4vd2t5schmvvufrfib7f2vjdf,SC Heerenveen,412l28fqhx21ivpcxzn1kpilm,V. Zagaritis,23.625,52.088,0,0.0,turnover,False,0.0
2025-12-20_Heracles Almelo - SC Heerenveen,2884913011,1,44,0,4vd2t5schmvvufrfib7f2vjdf,SC Heerenveen,b5sf6wcogrvlwuwbd8xsyyfh1,J. van Overeem,14.490000000000002,41.82,2,5.0,turnover,False,0.0
2025-12-20_Heracles Almelo - SC Heerenveen,2885375267,1,44,13,4vd2t5schmvvufrfib7f2vjdf,SC Heerenveen,aqnr6l3f02hx0soadunxbjcpg,J. Trenskow,39.165,31.552,5,8.0,window_expired,False,0.0022204767350316
2025-12-20_Heracles Almelo - SC Heerenveen,2884913855,1,44,25,dac758ef858jbq7pcb3gfwite,Heracles Almelo,mlqit2c8my1ewqy6avrfhf8q,A. Van Hoorenbeeck,6.510000000000001,23.732,1,1.0,turnover,False,0.0
2025-12-20_Heracles Almelo - SC Heerenveen,2884954799,2,46,32,dac758ef858jbq7pcb3gfwite,Heracles Almelo,2zwe056wfzof0v5jv01dv9uc5,A. Hrustić,62.05500000000001,19.584000000000003,0,0.0,turnover,False,0.0
2025-12-20_Heracles Almelo - SC Heerenveen,2884954871,2,46,35,dac758ef858jbq7pcb3gfwite,Heracles Almelo,f2snk84xy67ergwrwoblgt2ad,T. Bruns,55.86000000000001,34.952,0,0.0,turnover,False,0.0
2025-12-20_Heracles Almelo - SC Heerenveen,2884959777,2,49,45,4vd2t5schmvvufrfib7f2vjdf,SC Heerenveen,aqnr6l3f02hx0soadunxbjcpg,J. Trenskow,52.71000000000001,6.664000000000001,1,0.0,turnover,False,0.0
2025-12-20_Heracles Almelo - SC Heerenveen,2884960073,2,49,57,4vd2t5schmvvufrfib7f2vjdf,SC Heerenveen,idvh0ac1f8wv39640pyl4esp,S. Kersten,29.505000000000003,8.976,0,0.0,turnover,False,0.0
2025-12-20_Heracles Almelo - SC Heerenveen,2884972399,2,57,22,4vd2t5schmvvufrfib7f2vjdf,SC Heerenveen,8jm8a7w3a5b5nzikcom7cvf2s,M. Willemsen,25.62,44.064,0,0.0,turnover,False,0.0
2025-12-20_Heracles Almelo - SC Heerenveen,2884974073,2,58,26,dac758ef858jbq7pcb3gfwite,Heracles Almelo,mlqit2c8my1ewqy6avrfhf8q,A. Van Hoorenbeeck,11.235,34.272,5,8.0,window_expired,False,0.0003174031807548303
2025-12-20_Heracles Almelo - SC Heerenveen,2884979853,2,64,8,dac758ef858jbq7pcb3gfwite,Heracles Almelo,bzsoq42nf6sgdh9oe64n7rnfu,B. Limbombe,68.565,3.2640000000000002,1,1.0,turnover,False,0.0
2025-12-20_Heracles Almelo - SC Heerenveen,2884989133,2,76,25,4vd2t5schmvvufrfib7f2vjdf,SC Heerenveen,412l28fqhx21ivpcxzn1kpilm,V. Zagaritis,73.605,46.104,3,4.0,window_expired,True,0.0431741401860744
2025-12-20_Heracles Almelo - SC Heerenveen,2884991805,2,79,54,dac758ef858jbq7pcb3gfwite,Heracles Almelo,mlqit2c8my1ewqy6avrfhf8q,A. Van Hoorenbeeck,13.23,62.83200000000001,0,0.0,turnover,False,0.0
2025-12-20_NAC Breda - SC Telstar,2885091861,1,4,29,zjawy6qdzk3y69v5pa3zl2cb,SC Telstar,1k60tee702idfrp0ibca1s57u,G. Offerhaus,70.77000000000001,9.928,2,2.0,turnover,False,0.0
2025-12-20_NAC Breda - SC Telstar,2885096223,1,10,1,59t7flioj4w4mpwnrwbm0m8ck,NAC Breda,bgzvhtk50gvmq6noheadmc34l,D. Odoi,21.105000000000004,41.548,0,0.0,turnover,False,0.0
2025-12-20_NAC Breda - SC Telstar,2885108441,1,25,42,59t7flioj4w4mpwnrwbm0m8ck,NAC Breda,bgzvhtk50gvmq6noheadmc34l,D. Odoi,48.510000000000005,31.416000000000004,4,9.0,window_expired,False,0.0001066827606251
2025-12-20_NAC Breda - SC Telstar,2885114573,1,33,49,zjawy6qdzk3y69v5pa3zl2cb,SC Telstar,52cqyvn8cfh83i5zwm3181pbe,T. Noslin,67.83,17.612000000000002,0,0.0,turnover,False,0.0
2025-12-20_NAC Breda - SC Telstar,2885119397,1,39,46,zjawy6qdzk3y69v5pa3zl2cb,SC Telstar,4bkb8qjb5n33wxfopju8r1mtx,D. Bakker,47.775,39.644,0,0.0,turnover,False,0.0
2025-12-20_NAC Breda - SC Telstar,2887823229,2,45,55,zjawy6qdzk3y69v5pa3zl2cb,SC Telstar,4cbhx91p3l265b2cejzd07gbu,P. Brouwer,7.7700000000000005,48.620000000000005,1,3.0,turnover,False,0.0
2025-12-20_NAC Breda - SC Telstar,2885137691,2,50,57,zjawy6qdzk3y69v5pa3zl2cb,SC Telstar,y1ky8sp8scl05mmfr7byy3md,J. Hardeveld,47.25,66.096,1,1.0,turnover,False,0.0
2025-12-20_NAC Breda - SC Telstar,2885139273,2,53,9,59t7flioj4w4mpwnrwbm0m8ck,NAC Breda,4f8xb5sbyksacxmifi375h7qi,K. Sowah,42.945,62.220000000000006,0,0.0,turnover,False,0.0
2025-12-20_NAC Breda - SC Telstar,2885139745,2,53,51,zjawy6qdzk3y69v5pa3zl2cb,SC Telstar,52cqyvn8cfh83i5zwm3181pbe,T. Noslin,70.665,2.652,0,0.0,turnover,False,0.0
2025-12-20_NAC Breda - SC Telstar,2885140823,2,55,27,zjawy6qdzk3y69v5pa3zl2cb,SC Telstar,52cqyvn8cfh83i5zwm3181pbe,T. Noslin,19.32,3.6720000000000006,3,1.0,turnover,False,0.0
2025-12-20_NAC Breda - SC Telstar,2885141109,2,55,54,59t7flioj4w4mpwnrwbm0m8ck,NAC Breda,37c696bwovmn1x8lc8z4wp53o,C. Valerius,32.655,11.22,0,0.0,turnover,False,0.0
2025-12-20_NAC Breda - SC Telstar,2885141353,2,56,13,59t7flioj4w4mpwnrwbm0m8ck,NAC Breda,6feheukom1kdo8w1hwrztpvro,B. Ghalidi,36.75,36.856,4,7.0,turnover,False,0.0002144952042916
2025-12-20_NAC Breda - SC Telstar,2885142597,2,57,57,zjawy6qdzk3y69v5pa3zl2cb,SC Telstar,1zybkcmp40td92a6yg8sw9uga,T. Owusu,33.18,6.800000000000001,1,0.0,turnover,False,0.0
2025-12-20_NAC Breda - SC Telstar,2885144209,2,60,52,59t7flioj4w4mpwnrwbm0m8ck,NAC Breda,4f8xb5sbyksacxmifi375h7qi,K. Sowah,33.18,35.02,0,0.0,turnover,False,0.0
2025-12-20_NAC Breda - SC Telstar,2885151283,2,74,6,zjawy6qdzk3y69v5pa3zl2cb,SC Telstar,14csdlb8p0tnj6zqrs148ct1w,J. Ritmeester van de Kamp,32.76,5.1000000000000005,1,0.0,turnover,False,0.0
2025-12-20_NAC Breda - SC Telstar,2885159941,2,89,27,zjawy6qdzk3y69v5pa3zl2cb,SC Telstar,9229789015kq0j5c85ug3ajv8,A. Lechkar,32.550000000000004,3.3320000000000003,1,1.0,turnover,False,0.0
2025-12-20_NAC Breda - SC Telstar,2885159993,2,89,34,zjawy6qdzk3y69v5pa3zl2cb,SC Telstar,9229789015kq0j5c85ug3ajv8,A. Lechkar,11.235,6.936,2,2.0,turnover,False,0.0
2025-12-20_Nijmegen Eendracht Combinatie - AFC Ajax,2885066567,1,6,33,d0zdg647gvgc95xdtk1vpbkys,AFC Ajax,47l204bkq2qqjhtazusr0019m,Y. Baas,19.635,39.236000000000004,0,0.0,turnover,False,0.0
2025-12-20_Nijmegen Eendracht Combinatie - AFC Ajax,2885070805,1,14,1,8iawijq7s9s6d85mjz8wdslki,Nijmegen Eendracht Combinatie,1asrguqxyo7rmoyamggwd9oq2,A. Kaplan,12.81,45.83200000000001,1,2.0,turnover,False,0.0
2025-12-20_Nijmegen Eendracht Combinatie - AFC Ajax,2885074561,1,21,19,d0zdg647gvgc95xdtk1vpbkys,AFC Ajax,9tp35qqu1heburu0g5wa6jv56,Lucas Rosa,16.8,55.148,4,4.0,turnover,False,1.1535086974268085e-05
2025-12-20_Nijmegen Eendracht Combinatie - AFC Ajax,2885076225,1,25,25,d0zdg647gvgc95xdtk1vpbkys,AFC Ajax,70tsvrcmklvp4ecdhxlugf8ix,K. Itakura,62.370000000000005,18.428,1,1.0,turnover,False,0.0
2025-12-20_Nijmegen Eendracht Combinatie - AFC Ajax,2885077251,1,28,9,8iawijq7s9s6d85mjz8wdslki,Nijmegen Eendracht Combinatie,913pg8qqcjp99h5fjybbenob9,P. Sandler,51.660000000000004,46.92,1,1.0,turnover,False,0.0
2025-12-20_Nijmegen Eendracht Combinatie - AFC Ajax,2885079395,1,33,19,d0zdg647gvgc95xdtk1vpbkys,AFC Ajax,70tsvrcmklvp4ecdhxlugf8ix,K. Itakura,42.945,33.592,0,0.0,turnover,False,0.0
2025-12-20_Nijmegen Eendracht Combinatie - AFC Ajax,2885083249,1,42,6,d0zdg647gvgc95xdtk1vpbkys,AFC Ajax,70tsvrcmklvp4ecdhxlugf8ix,K. Itakura,71.82000000000001,10.200000000000001,2,3.0,window_expired,False,0.0
2025-12-20_Nijmegen Eendracht Combinatie - AFC Ajax,2885099639,2,53,57,d0zdg647gvgc95xdtk1vpbkys,AFC Ajax,4n18t6bixl6ba3bx76hym51qs,A. Gaaei,67.83,3.944,1,1.0,turnover,False,0.0
2025-12-20_Nijmegen Eendracht Combinatie - AFC Ajax,2885103059,2,58,6,d0zdg647gvgc95xdtk1vpbkys,AFC Ajax,9tp35qqu1heburu0g5wa6jv56,Lucas Rosa,46.935,55.21600000000001,0,0.0,turnover,False,0.0
2025-12-20_Nijmegen Eendracht Combinatie - AFC Ajax,2885108931,2,65,53,d0zdg647gvgc95xdtk1vpbkys,AFC Ajax,47l204bkq2qqjhtazusr0019m,Y. Baas,34.44,51.272000000000006,3,6.0,window_expired,False,0.0004540685281275
2025-12-20_Nijmegen Eendracht Combinatie - AFC Ajax,2885111591,2,69,33,8iawijq7s9s6d85mjz8wdslki,Nijmegen Eendracht Combinatie,1gl82ymzh9vpitix6v645awa,D. Nejašmić,9.555,41.208000000000006,2,2.0,turnover,False,0.0
2025-12-20_SBV Excelsior - PEC Zwolle,2885021571,1,9,44,2uuh2bir8ktof0uxfo06lb4ox,PEC Zwolle,d29ahwtvs7ls75wdtkf7xr8tm,Z. Buurmeester,28.665000000000003,19.176000000000002,0,0.0,turnover,False,0.0
2025-12-20_SBV Excelsior - PEC Zwolle,2885022015,1,10,42,2uuh2bir8ktof0uxfo06lb4ox,PEC Zwolle,1rd0zzpp3dn0y7qtxwc57g7h1,R. Thomas,71.29500000000002,16.32,2,1.0,turnover,False,0.0
2025-12-20_SBV Excelsior - PEC Zwolle,2885022083,1,10,51,2uuh2bir8ktof0uxfo06lb4ox,PEC Zwolle,4phgw75cred5p93hjq8hiou6t,S. Floranus,22.89,49.980000000000004,2,9.0,window_expired,False,0.0
2025-12-20_SBV Excelsior - PEC Zwolle,2885022843,1,12,32,dqk062lu0vm8epvytbm6r4mmf,SBV Excelsior,5nhideyjwp2347ryi1n9wfq50,D. Sanches Fernandes,35.07,7.684000000000001,3,5.0,turnover,False,0.0
2025-12-20_SBV Excelsior - PEC Zwolle,2885023645,1,14,16,2uuh2bir8ktof0uxfo06lb4ox,PEC Zwolle,2072f0p9ful9u577gdvo89yw9,K. Kostons,72.55499999999999,31.28,2,2.0,turnover,False,0.0147982872747077
2025-12-20_SBV Excelsior - PEC Zwolle,2885025459,1,18,43,dqk062lu0vm8epvytbm6r4mmf,SBV Excelsior,49xsd6e4oyjrhtwsdbdm4rj84,L. Hartjes,67.83,55.35200000000001,4,7.0,turnover,False,0.0
2025-12-20_SBV Excelsior - PEC Zwolle,2885030377,1,25,2,dqk062lu0vm8epvytbm6r4mmf,SBV Excelsior,c6i4usq34m3389rtbqptahrai,R. Meissen,19.845,47.736000000000004,3,3.0,window_expired,False,0.0002519165742100755
2025-12-20_SBV Excelsior - PEC Zwolle,2885030981,1,25,45,2uuh2bir8ktof0uxfo06lb4ox,PEC Zwolle,1x6fhuy49w4rpnyavwotbf504,T. Gooijer,24.150000000000002,13.736,1,3.0,turnover,False,0.0
2025-12-20_SBV Excelsior - PEC Zwolle,2885032013,1,27,8,2uuh2bir8ktof0uxfo06lb4ox,PEC Zwolle,4phgw75cred5p93hjq8hiou6t,S. Floranus,58.065,65.688,0,0.0,turnover,False,0.0
2025-12-20_SBV Excelsior - PEC Zwolle,2885042213,1,42,26,2uuh2bir8ktof0uxfo06lb4ox,PEC Zwolle,awsbedog2zaz7zpjucbcba82y,S. Shoretire,30.66,8.432,0,0.0,turnover,False,0.0
2025-12-20_SBV Excelsior - PEC Zwolle,2885042813,1,43,37,dqk062lu0vm8epvytbm6r4mmf,SBV Excelsior,c6i4usq34m3389rtbqptahrai,R. Meissen,23.730000000000004,46.03600000000001,2,10.0,window_expired,False,0.0002241440107599
2025-12-20_SBV Excelsior - PEC Zwolle,2885060725,2,51,28,dqk062lu0vm8epvytbm6r4mmf,SBV Excelsior,3hu6e9wa0nt4ekubxye6l4pas,I. Yegoian,65.83500000000001,27.608000000000004,4,10.0,turnover,False,0.0016063458845591
2025-12-20_SBV Excelsior - PEC Zwolle,2885065475,2,62,5,dqk062lu0vm8epvytbm6r4mmf,SBV Excelsior,49xsd6e4oyjrhtwsdbdm4rj84,L. Hartjes,26.145,21.012,2,2.0,turnover,False,0.0
2025-12-20_SBV Excelsior - PEC Zwolle,2885067479,2,65,33,dqk062lu0vm8epvytbm6r4mmf,SBV Excelsior,5wwqe546ohp130rvi8x8pt0tm,A. Zagré,62.370000000000005,62.016000000000005,2,2.0,turnover,False,0.0014074974447472
2025-12-20_SBV Excelsior - PEC Zwolle,2885071105,2,72,4,dqk062lu0vm8epvytbm6r4mmf,SBV Excelsior,5nhideyjwp2347ryi1n9wfq50,D. Sanches Fernandes,63.73500000000001,17.068,4,7.0,window_expired,False,0.0003088275885307
2025-12-20_SBV Excelsior - PEC Zwolle,2885077131,2,85,23,dqk062lu0vm8epvytbm6r4mmf,SBV Excelsior,cs49ec8y6cubrlo5nmu3j3jtg,L. Schouten,23.730000000000004,50.048,1,1.0,turnover,False,0.0
2025-12-21_FC Utrecht - PSV Eindhoven,2885226881,1,1,11,ccpscwdcm65czscrun048ecn5,FC Utrecht,3r6elcuru7no13hrfczmwbmy1,S. Horemans,42.105000000000004,1.7680000000000002,2,4.0,turnover,False,0.0
2025-12-21_FC Utrecht - PSV Eindhoven,2885227339,1,3,26,24fvcruwqrqvqa3aonf8c3zuy,PSV Eindhoven,cmdeqxibr6holfqg17ap9uihg,Yarek Gąsiorowski,72.03,2.5160000000000005,8,8.0,window_expired,False,0.0029809006637475
2025-12-21_FC Utrecht - PSV Eindhoven,2885245371,1,5,7,ccpscwdcm65czscrun048ecn5,FC Utrecht,enimk3ibb10vk3f8vrmmhq7oq,S. El Karouani,47.145,51.61200000000001,7,9.0,window_expired,False,0.0009138178018347917
2025-12-21_FC Utrecht - PSV Eindhoven,2885231363,1,18,53,24fvcruwqrqvqa3aonf8c3zuy,PSV Eindhoven,2gsq05yyxwe4f8t79j6d49q6t,I. Perišić,23.835,51.884,5,3.0,turnover,False,3.3914897866235694e-05
2025-12-21_FC Utrecht - PSV Eindhoven,2885233085,1,24,7,24fvcruwqrqvqa3aonf8c3zuy,PSV Eindhoven,2gsq05yyxwe4f8t79j6d49q6t,I. Perišić,55.33500000000001,63.376000000000005,0,0.0,turnover,False,0.0
2025-12-21_FC Utrecht - PSV Eindhoven,2885233263,1,24,41,24fvcruwqrqvqa3aonf8c3zuy,PSV Eindhoven,c6ip6gwp8yvchd1n3dv42go9,Mauro Júnior,26.46,50.25200000000001,2,1.0,turnover,False,0.0
2025-12-21_FC Utrecht - PSV Eindhoven,2885233963,1,27,25,ccpscwdcm65czscrun048ecn5,FC Utrecht,c2an5ksdu6jbap3x3jp3z9c5x,N. Viergever,63.105000000000004,57.46,5,9.0,turnover,True,0.00590109583182
2025-12-21_FC Utrecht - PSV Eindhoven,2885242813,1,34,48,ccpscwdcm65czscrun048ecn5,FC Utrecht,c2an5ksdu6jbap3x3jp3z9c5x,N. Viergever,44.730000000000004,49.164,2,1.0,turnover,False,0.0
2025-12-21_FC Utrecht - PSV Eindhoven,2885243199,1,34,51,24fvcruwqrqvqa3aonf8c3zuy,PSV Eindhoven,d4j19ipiaeuetyij08fofgs15,J. Veerman,48.300000000000004,21.42,0,0.0,turnover,False,0.0
2025-12-21_FC Utrecht - PSV Eindhoven,2885236391,1,36,21,ccpscwdcm65czscrun048ecn5,FC Utrecht,enimk3ibb10vk3f8vrmmhq7oq,S. El Karouani,66.36,55.964,0,0.0,turnover,False,0.0
2025-12-21_FC Utrecht - PSV Eindhoven,2885236829,1,38,2,24fvcruwqrqvqa3aonf8c3zuy,PSV Eindhoven,d4j19ipiaeuetyij08fofgs15,J. Veerman,56.910000000000004,60.31600000000001,3,5.0,turnover,False,0.0065033562109827
2025-12-21_FC Utrecht - PSV Eindhoven,2885237879,1,41,22,24fvcruwqrqvqa3aonf8c3zuy,PSV Eindhoven,2gsq05yyxwe4f8t79j6d49q6t,I. Perišić,24.044999999999998,62.968,1,0.0,turnover,False,0.0
2025-12-21_FC Utrecht - PSV Eindhoven,2885239733,1,46,57,ccpscwdcm65czscrun048ecn5,FC Utrecht,c2an5ksdu6jbap3x3jp3z9c5x,N. Viergever,9.765,31.552,4,5.0,turnover,False,0.0
2025-12-21_FC Utrecht - PSV Eindhoven,2885246379,2,54,56,24fvcruwqrqvqa3aonf8c3zuy,PSV Eindhoven,b0me6l44boibnwpbtasxoy02x,S. Dest,39.9,2.72,1,0.0,window_expired,False,0.0
2025-12-21_FC Utrecht - PSV Eindhoven,2885246973,2,56,17,24fvcruwqrqvqa3aonf8c3zuy,PSV Eindhoven,2gsq05yyxwe4f8t79j6d49q6t,I. Perišić,38.43,42.024,0,0.0,turnover,False,0.0
2025-12-21_FC Utrecht - PSV Eindhoven,2885248049,2,58,39,24fvcruwqrqvqa3aonf8c3zuy,PSV Eindhoven,cmdeqxibr6holfqg17ap9uihg,Yarek Gąsiorowski,3.3600000000000003,60.11200000000001,3,4.0,turnover,False,4.173810780411236e-05
2025-12-21_FC Utrecht - PSV Eindhoven,2885248507,2,59,44,24fvcruwqrqvqa3aonf8c3zuy,PSV Eindhoven,cmdeqxibr6holfqg17ap9uihg,Yarek Gąsiorowski,57.12,65.62,1,3.0,turnover,False,0.0
2025-12-21_FC Utrecht - PSV Eindhoven,2885252355,2,69,15,24fvcruwqrqvqa3aonf8c3zuy,PSV Eindhoven,5lvdnoyknuoyr6kdruposgctl,J. Schouten,15.645000000000001,37.128,4,4.0,turnover,False,2.4212761676897787e-05
2025-12-21_FC Utrecht - PSV Eindhoven,2885252981,2,70,57,ccpscwdcm65czscrun048ecn5,FC Utrecht,8lt54ei6pcu25u8uerigmx5yi,A. Engwanda,43.89,17.34,1,0.0,turnover,False,0.0
2025-12-21_FC Utrecht - PSV Eindhoven,2885254319,2,74,31,ccpscwdcm65czscrun048ecn5,FC Utrecht,egcs7b6ixb62ep08t7jznf9ih,V. Jensen,28.56,39.304,0,0.0,turnover,False,0.0
2025-12-21_FC Volendam - Sparta Rotterdam,2885395771,1,0,20,89w5c6pw7vn0dxypi61tt0g4k,Sparta Rotterdam,ass524umdrpsq324wksaqef4k,M. Young,27.930000000000003,21.692,1,1.0,turnover,False,0.0
2025-12-21_FC Volendam - Sparta Rotterdam,2885409263,1,21,33,6g9qrm72224jrk6tkxxxi8a9n,FC Volendam,4utx4h5jz14whtjawxn7ox0r8,N. Verschuren,26.46,40.800000000000004,1,1.0,turnover,False,0.0
2025-12-21_FC Volendam - Sparta Rotterdam,2885411449,1,25,13,6g9qrm72224jrk6tkxxxi8a9n,FC Volendam,btrg844mxkl6kbn89s7aecj8q,G. Yah,34.65,48.348,0,0.0,turnover,False,0.0
2025-12-21_FC Volendam - Sparta Rotterdam,2885413079,1,28,5,89w5c6pw7vn0dxypi61tt0g4k,Sparta Rotterdam,6ab5gq2owk86qs5zjottfhwmi,T. Quintero,32.76,61.404,1,1.0,turnover,False,0.0
2025-12-21_FC Volendam - Sparta Rotterdam,2885618721,1,28,9,89w5c6pw7vn0dxypi61tt0g4k,Sparta Rotterdam,7ty1wdxxnusgkl34k5raipbl5,M. van Bergen,43.68000000000001,14.484000000000002,2,7.0,window_expired,False,0.0003968948877267
2025-12-21_FC Volendam - Sparta Rotterdam,2885619805,2,46,51,89w5c6pw7vn0dxypi61tt0g4k,Sparta Rotterdam,6ab5gq2owk86qs5zjottfhwmi,T. Quintero,29.294999999999998,61.744,0,0.0,turnover,False,0.0
2025-12-21_Feyenoord Rotterdam - FC Twente,2885280815,1,2,43,20vymiy7bo8wkyxai3ew494fz,Feyenoord Rotterdam,6fdwd71dx2qu7uzzs3ozm9x7u,T. Watanabe,59.955000000000005,47.804,3,7.0,window_expired,False,0.000129506780001
2025-12-21_Feyenoord Rotterdam - FC Twente,2885281061,1,3,6,20vymiy7bo8wkyxai3ew494fz,Feyenoord Rotterdam,2tox45zgi16bvmn2xzdlvblsk,J. Plug,55.755,46.172000000000004,3,3.0,window_expired,False,0.0002892091838858
2025-12-21_Feyenoord Rotterdam - FC Twente,2885285955,1,9,35,4tic29sox7m39fy1ztgv0jsiq,FC Twente,c7n2b2gq381k0o0jizqueii5m,M. Kjølø,62.265,9.044,0,0.0,turnover,False,0.0
2025-12-21_Feyenoord Rotterdam - FC Twente,2885287037,1,10,50,4tic29sox7m39fy1ztgv0jsiq,FC Twente,c7n2b2gq381k0o0jizqueii5m,M. Kjølø,47.355000000000004,26.180000000000003,0,0.0,turnover,False,0.0
2025-12-21_Feyenoord Rotterdam - FC Twente,2885293181,1,18,4,4tic29sox7m39fy1ztgv0jsiq,FC Twente,a339o11ut8s1o9odm6ybc4pka,T. van den Belt,51.975,61.81200000000001,3,9.0,window_expired,False,0.0079337788347558
2025-12-21_Feyenoord Rotterdam - FC Twente,2885301979,1,30,55,20vymiy7bo8wkyxai3ew494fz,Feyenoord Rotterdam,447abno2j0ux8fsxzs6fel7th,A. Ahmedhodžić,14.595,49.776,1,4.0,turnover,False,0.0
2025-12-21_Feyenoord Rotterdam - FC Twente,2885303855,1,32,38,20vymiy7bo8wkyxai3ew494fz,Feyenoord Rotterdam,29fr98or3mqippn84z3p9ihhw,L. Valente,43.89,17.612000000000002,4,9.0,window_expired,False,6.907566731233217e-05
2025-12-21_Feyenoord Rotterdam - FC Twente,2885308297,1,36,3,20vymiy7bo8wkyxai3ew494fz,Feyenoord Rotterdam,2tox45zgi16bvmn2xzdlvblsk,J. Plug,35.7,60.31600000000001,1,1.0,turnover,False,0.0
2025-12-21_Feyenoord Rotterdam - FC Twente,2885309299,1,36,51,20vymiy7bo8wkyxai3ew494fz,Feyenoord Rotterdam,43ib46nh45n9oajf5rmaz4f6x,Hwang In-Beom,17.430000000000003,46.308,2,1.0,turnover,False,0.0
2025-12-21_Feyenoord Rotterdam - FC Twente,2885312337,1,39,19,20vymiy7bo8wkyxai3ew494fz,Feyenoord Rotterdam,43ib46nh45n9oajf5rmaz4f6x,Hwang In-Beom,58.17,42.636,2,1.0,turnover,False,0.0
2025-12-21_Feyenoord Rotterdam - FC Twente,2885338875,2,47,3,20vymiy7bo8wkyxai3ew494fz,Feyenoord Rotterdam,8f3bhiy6r5eei1n25exhbwr8p,J. Lotomba,29.085,5.644000000000001,0,0.0,turnover,False,0.0
2025-12-21_Feyenoord Rotterdam - FC Twente,2885346451,2,55,43,4tic29sox7m39fy1ztgv0jsiq,FC Twente,lduqoe45t2fnbn9s9rbvlnf9,R. Pröpper,11.655,37.80800000000001,3,8.0,window_expired,False,0.0
2025-12-21_Feyenoord Rotterdam - FC Twente,2885347279,2,56,38,20vymiy7bo8wkyxai3ew494fz,Feyenoord Rotterdam,e5xuwwa4qs6zxjd7y52tslih,Q. Timber,46.515,33.184,4,8.0,turnover,False,0.0
2025-12-21_Feyenoord Rotterdam - FC Twente,2885347387,2,56,47,4tic29sox7m39fy1ztgv0jsiq,FC Twente,lduqoe45t2fnbn9s9rbvlnf9,R. Pröpper,12.285,28.560000000000002,3,7.0,window_expired,False,0.0018455080609342
2025-12-21_Feyenoord Rotterdam - FC Twente,2885353457,2,63,34,20vymiy7bo8wkyxai3ew494fz,Feyenoord Rotterdam,2tox45zgi16bvmn2xzdlvblsk,J. Plug,14.28,59.024,1,1.0,turnover,False,0.0
2025-12-21_Feyenoord Rotterdam - FC Twente,2885364913,2,81,41,20vymiy7bo8wkyxai3ew494fz,Feyenoord Rotterdam,8d0ffyx2qnnp0limf5aou92ei,A. Ueda,74.34,30.6,0,0.0,turnover,False,0.0
2025-12-21_Feyenoord Rotterdam - FC Twente,2885370593,2,87,48,20vymiy7bo8wkyxai3ew494fz,Feyenoord Rotterdam,e5xuwwa4qs6zxjd7y52tslih,Q. Timber,19.32,49.776,2,5.0,turnover,False,0.0
2025-12-21_Feyenoord Rotterdam - FC Twente,2885376407,2,94,3,20vymiy7bo8wkyxai3ew494fz,Feyenoord Rotterdam,447abno2j0ux8fsxzs6fel7th,A. Ahmedhodžić,17.115000000000002,35.496,0,0.0,turnover,False,0.0
2025-12-21_Fortuna Sittard - Alkmaar Zaanstreek,2885395535,1,0,24,3kfktv64h7kg7zryax1wktr5r,Alkmaar Zaanstreek,3uq3lrjyj4mnvq6162b0jyhnt,M. de Wit,16.905,7.208,2,2.0,turnover,False,0.0
2025-12-21_Fortuna Sittard - Alkmaar Zaanstreek,2885407459,1,18,39,3kfktv64h7kg7zryax1wktr5r,Alkmaar Zaanstreek,3uq3lrjyj4mnvq6162b0jyhnt,M. de Wit,57.330000000000005,13.872,3,5.0,window_expired,True,0.0
2025-12-21_Fortuna Sittard - Alkmaar Zaanstreek,2885415111,1,31,55,3kfktv64h7kg7zryax1wktr5r,Alkmaar Zaanstreek,9lixevzo8exxiia17altfw8ic,W. Goes,32.865,15.028000000000002,0,0.0,turnover,False,0.0
2025-12-21_Fortuna Sittard - Alkmaar Zaanstreek,2885415535,1,32,41,3kfktv64h7kg7zryax1wktr5r,Alkmaar Zaanstreek,7jpreaads35pnnfqbn7hmrmy,S. Mijnans,27.3,26.520000000000003,4,5.0,turnover,False,0.0
2025-12-21_Fortuna Sittard - Alkmaar Zaanstreek,2885415595,1,32,49,3ebril33e08ddzob4bhq8awsr,Fortuna Sittard,8przxwwothu3crflys7ahl4dm,S. Adewoye,61.53,65.48400000000001,2,4.0,turnover,False,0.0
2025-12-21_Fortuna Sittard - Alkmaar Zaanstreek,2885665391,2,46,39,3ebril33e08ddzob4bhq8awsr,Fortuna Sittard,570htztcvfsu947xw6fvtzmc5,Iván Márquez,33.495,27.812,0,0.0,turnover,False,0.0
2025-12-21_Fortuna Sittard - Alkmaar Zaanstreek,2885450071,2,55,46,3kfktv64h7kg7zryax1wktr5r,Alkmaar Zaanstreek,3dx91sb6ktg8z1xmoti25kru,P. Koopmeiners,25.200000000000003,42.772000000000006,0,0.0,turnover,False,0.0
2025-12-21_Fortuna Sittard - Alkmaar Zaanstreek,2885476569,2,93,20,3kfktv64h7kg7zryax1wktr5r,Alkmaar Zaanstreek,619vlbweueymdkq1vu3jm2mwa,I. Sadiq,85.47000000000001,30.94,0,0.0,turnover,False,0.0
2025-12-21_Go Ahead Eagles - FC Groningen,2885285733,1,8,28,cos9hxi16eitbcbthof7zrm4m,FC Groningen,3aly8eihwfvtwde7dg0k18w7o,J. Schreuders,23.415000000000003,6.0520000000000005,0,0.0,turnover,False,0.0
2025-12-21_Go Ahead Eagles - FC Groningen,2885299817,1,27,40,b79uipsy57y1jqpy07h4i5ovk,Go Ahead Eagles,9d4lofwg9ooaoldw2vpt4h36y,E. Linthorst,11.97,46.03600000000001,0,0.0,turnover,False,0.0
2025-12-21_Go Ahead Eagles - FC Groningen,2885301235,1,29,22,cos9hxi16eitbcbthof7zrm4m,FC Groningen,4dk7h575fifmw2lhslevhmhux,M. Rente,56.49,18.564,2,6.0,turnover,False,0.0
2025-12-21_Go Ahead Eagles - FC Groningen,2885312483,1,38,37,b79uipsy57y1jqpy07h4i5ovk,Go Ahead Eagles,1tmihr54maqj0h7785cg9ez56,M. Suray,7.7700000000000005,21.556,0,0.0,turnover,False,0.0
2025-12-21_Go Ahead Eagles - FC Groningen,2885315111,1,40,46,b79uipsy57y1jqpy07h4i5ovk,Go Ahead Eagles,61a5bh5xw947nv4mxx62gqaqx,J. Kramer,71.4,43.996,0,0.0,turnover,False,0.0
2025-12-21_Go Ahead Eagles - FC Groningen,2885337749,2,45,28,b79uipsy57y1jqpy07h4i5ovk,Go Ahead Eagles,ciguyr553yqapqfudim9af46h,M. Deijl,66.36,12.24,0,0.0,turnover,False,0.0
2025-12-21_Go Ahead Eagles - FC Groningen,2885348851,2,57,51,b79uipsy57y1jqpy07h4i5ovk,Go Ahead Eagles,bn8dwm2y9a8i9a10rba3dmm3u,D. James,23.52,43.044000000000004,1,3.0,window_expired,False,0.0
2025-12-21_Go Ahead Eagles - FC Groningen,2885352625,2,62,55,cos9hxi16eitbcbthof7zrm4m,FC Groningen,ei9h1loyggj8fnf1q4jfdm710,T. van Bergen,23.415000000000003,2.3800000000000003,1,0.0,turnover,False,0.0
2025-12-21_Go Ahead Eagles - FC Groningen,2885358743,2,74,4,b79uipsy57y1jqpy07h4i5ovk,Go Ahead Eagles,61a5bh5xw947nv4mxx62gqaqx,J. Kramer,43.575,47.804,0,0.0,turnover,False,0.0
2025-12-21_Go Ahead Eagles - FC Groningen,2885365797,2,82,4,cos9hxi16eitbcbthof7zrm4m,FC Groningen,ei9h1loyggj8fnf1q4jfdm710,T. van Bergen,63.839999999999996,15.504000000000001,1,1.0,turnover,False,0.0
2025-12-21_Go Ahead Eagles - FC Groningen,2885383105,2,82,8,cos9hxi16eitbcbthof7zrm4m,FC Groningen,9wwud2tglhtdocmjgl2u5ib6c,T. Blokzijl,44.52,26.792,3,10.0,window_expired,False,0.0015930560757093
2025-12-21_Go Ahead Eagles - FC Groningen,2885368037,2,84,33,b79uipsy57y1jqpy07h4i5ovk,Go Ahead Eagles,16tmkyjtx7rr2rbb6ey9vasmi,O. Sivertsen,37.589999999999996,9.792000000000002,0,0.0,turnover,False,0.0
2025-12-21_Go Ahead Eagles - FC Groningen,2885368937,2,85,33,b79uipsy57y1jqpy07h4i5ovk,Go Ahead Eagles,9d4lofwg9ooaoldw2vpt4h36y,E. Linthorst,51.765,36.992000000000004,2,1.0,turnover,False,0.0
2025-12-21_Go Ahead Eagles - FC Groningen,2885369611,2,86,17,b79uipsy57y1jqpy07h4i5ovk,Go Ahead Eagles,1rmox6tf7r283dca2vi844kr8,A. Adelgaard,35.7,48.75600000000001,0,0.0,turnover,False,0.0
2026-01-10_Alkmaar Zaanstreek - FC Volendam,2888501561,1,7,52,3kfktv64h7kg7zryax1wktr5r,Alkmaar Zaanstreek,9lixevzo8exxiia17altfw8ic,W. Goes,36.96000000000001,14.892,4,10.0,window_expired,False,0.0242324859751985
2026-01-10_Alkmaar Zaanstreek - FC Volendam,2888506193,1,11,20,6g9qrm72224jrk6tkxxxi8a9n,FC Volendam,xvher4f1mb6otoui5k5gs3ro,N. Bukala,63.0,58.548,0,0.0,turnover,False,0.0
2026-01-10_Alkmaar Zaanstreek - FC Volendam,2888507797,1,12,28,3kfktv64h7kg7zryax1wktr5r,Alkmaar Zaanstreek,ck3l6a262hves3v6nywarx9pm,Alexandre Penetra,5.460000000000001,32.572,1,1.0,turnover,False,0.0
2026-01-10_Alkmaar Zaanstreek - FC Volendam,2888513427,1,16,37,3kfktv64h7kg7zryax1wktr5r,Alkmaar Zaanstreek,ck3l6a262hves3v6nywarx9pm,Alexandre Penetra,10.395000000000001,38.284,2,2.0,turnover,False,0.0
2026-01-10_Alkmaar Zaanstreek - FC Volendam,2888518655,1,22,46,6g9qrm72224jrk6tkxxxi8a9n,FC Volendam,64kb0lmkr24rmh59hb01m268k,R. van Cruijsen,26.145,33.524,2,1.0,turnover,False,0.0
2026-01-10_Alkmaar Zaanstreek - FC Volendam,2888522009,1,27,56,6g9qrm72224jrk6tkxxxi8a9n,FC Volendam,xvher4f1mb6otoui5k5gs3ro,N. Bukala,36.330000000000005,38.48800000000001,1,0.0,turnover,False,0.0
2026-01-10_Alkmaar Zaanstreek - FC Volendam,2888522865,1,29,19,6g9qrm72224jrk6tkxxxi8a9n,FC Volendam,64kb0lmkr24rmh59hb01m268k,R. van Cruijsen,44.1,24.548000000000002,0,0.0,turnover,False,0.0
2026-01-10_Alkmaar Zaanstreek - FC Volendam,2888530981,1,37,16,6g9qrm72224jrk6tkxxxi8a9n,FC Volendam,btrg844mxkl6kbn89s7aecj8q,G. Yah,56.175000000000004,39.168000000000006,3,6.0,turnover,False,0.0021493064370753
2026-01-10_Alkmaar Zaanstreek - FC Volendam,2888537113,1,42,41,6g9qrm72224jrk6tkxxxi8a9n,FC Volendam,c9epkro6fot3km9zak1kswfhm,X. Mbuyamba,55.125,64.53200000000001,3,3.0,turnover,False,0.0
2026-01-10_Alkmaar Zaanstreek - FC Volendam,2888561849,2,46,52,3kfktv64h7kg7zryax1wktr5r,Alkmaar Zaanstreek,es363spp9pgd4hralx6ni2xw4,M. Chávez,65.83500000000001,60.248,2,2.0,turnover,False,0.0
2026-01-10_Alkmaar Zaanstreek - FC Volendam,2888564217,2,48,57,3kfktv64h7kg7zryax1wktr5r,Alkmaar Zaanstreek,3uq3lrjyj4mnvq6162b0jyhnt,M. de Wit,14.700000000000001,22.508000000000003,0,0.0,turnover,False,0.0
2026-01-10_Alkmaar Zaanstreek - FC Volendam,2888567547,2,51,55,3kfktv64h7kg7zryax1wktr5r,Alkmaar Zaanstreek,8u19xeh9ugvh8f1mh7jnbbhuc,K. Smit,64.05,11.9,1,1.0,turnover,False,0.0
2026-01-10_Alkmaar Zaanstreek - FC Volendam,2888569549,2,53,54,3kfktv64h7kg7zryax1wktr5r,Alkmaar Zaanstreek,9lixevzo8exxiia17altfw8ic,W. Goes,81.69,4.488,3,4.0,turnover,True,0.0
2026-01-10_Alkmaar Zaanstreek - FC Volendam,2888576657,2,61,22,3kfktv64h7kg7zryax1wktr5r,Alkmaar Zaanstreek,3uq3lrjyj4mnvq6162b0jyhnt,M. de Wit,65.83500000000001,27.812,0,0.0,turnover,False,0.0
2026-01-10_Alkmaar Zaanstreek - FC Volendam,2888577941,2,62,54,6g9qrm72224jrk6tkxxxi8a9n,FC Volendam,eu901b75l2ly5p48jdw6kwmad,M. Amevor,46.095,25.840000000000003,0,0.0,turnover,False,0.0
2026-01-10_Alkmaar Zaanstreek - FC Volendam,2888578571,2,63,50,3kfktv64h7kg7zryax1wktr5r,Alkmaar Zaanstreek,ck3l6a262hves3v6nywarx9pm,Alexandre Penetra,36.645,49.028,0,0.0,turnover,False,0.0
2026-01-10_Alkmaar Zaanstreek - FC Volendam,2888582277,2,71,5,6g9qrm72224jrk6tkxxxi8a9n,FC Volendam,4utx4h5jz14whtjawxn7ox0r8,N. Verschuren,13.86,42.29600000000001,1,2.0,turnover,False,0.0
2026-01-10_Alkmaar Zaanstreek - FC Volendam,2888585839,2,76,31,3kfktv64h7kg7zryax1wktr5r,Alkmaar Zaanstreek,3uq3lrjyj4mnvq6162b0jyhnt,M. de Wit,40.11000000000001,3.8760000000000003,2,3.0,turnover,False,0.000783842512238
2026-01-10_Alkmaar Zaanstreek - FC Volendam,2888586071,2,76,49,3kfktv64h7kg7zryax1wktr5r,Alkmaar Zaanstreek,es363spp9pgd4hralx6ni2xw4,M. Chávez,41.37,61.81200000000001,1,1.0,turnover,False,0.0
2026-01-10_Alkmaar Zaanstreek - FC Volendam,2888589789,2,83,42,3kfktv64h7kg7zryax1wktr5r,Alkmaar Zaanstreek,ck3l6a262hves3v6nywarx9pm,Alexandre Penetra,50.714999999999996,26.588000000000005,2,1.0,turnover,False,0.0
2026-01-10_Alkmaar Zaanstreek - FC Volendam,2888594151,2,92,19,6g9qrm72224jrk6tkxxxi8a9n,FC Volendam,4utx4h5jz14whtjawxn7ox0r8,N. Verschuren,52.92,15.844000000000001,0,0.0,turnover,False,0.0
2026-01-10_FC Groningen - NAC Breda,2888712983,1,1,46,cos9hxi16eitbcbthof7zrm4m,FC Groningen,by85t8ssyumcjcks1jx3v96vo,Y. Taha,29.400000000000002,53.244,4,9.0,window_expired,False,0.0012810125260276
2026-01-10_FC Groningen - NAC Breda,2888694749,1,4,41,cos9hxi16eitbcbthof7zrm4m,FC Groningen,98qi4clazqen9kimkxt3jb6j9,M. Peersman,9.870000000000001,58.344,0,0.0,turnover,False,0.0
2026-01-10_FC Groningen - NAC Breda,2888696077,1,7,50,cos9hxi16eitbcbthof7zrm4m,FC Groningen,by85t8ssyumcjcks1jx3v96vo,Y. Taha,69.3,36.38,3,5.0,turnover,False,0.0
2026-01-10_FC Groningen - NAC Breda,2888696111,1,7,56,59t7flioj4w4mpwnrwbm0m8ck,NAC Breda,8z4wdv767cv7ddqgrkz5txsrt,B. Kemper,7.7700000000000005,48.21200000000001,2,6.0,turnover,False,0.0
2026-01-10_FC Groningen - NAC Breda,2888699751,1,17,2,59t7flioj4w4mpwnrwbm0m8ck,NAC Breda,7qwmlcxsxlxmq01g7dkt7v14a,M. Balard,20.580000000000002,12.308000000000002,1,0.0,turnover,False,0.0
2026-01-10_FC Groningen - NAC Breda,2888700233,1,18,0,cos9hxi16eitbcbthof7zrm4m,FC Groningen,98qi4clazqen9kimkxt3jb6j9,M. Peersman,71.19,58.344,1,1.0,turnover,False,0.0
2026-01-10_FC Groningen - NAC Breda,2888708563,1,39,33,59t7flioj4w4mpwnrwbm0m8ck,NAC Breda,7qwmlcxsxlxmq01g7dkt7v14a,M. Balard,39.06,41.004,0,0.0,turnover,False,0.0
2026-01-10_FC Groningen - NAC Breda,2888714129,2,46,3,cos9hxi16eitbcbthof7zrm4m,FC Groningen,1c4fzmrwmlwaqmqomge14rqc4,D. Janse,10.395000000000001,39.236000000000004,1,0.0,window_expired,False,0.0
2026-01-10_FC Groningen - NAC Breda,2888715333,2,51,13,cos9hxi16eitbcbthof7zrm4m,FC Groningen,1c4fzmrwmlwaqmqomge14rqc4,D. Janse,43.365,54.264,4,9.0,window_expired,False,0.0004749203687339
2026-01-10_FC Groningen - NAC Breda,2888715727,2,52,33,59t7flioj4w4mpwnrwbm0m8ck,NAC Breda,7qwmlcxsxlxmq01g7dkt7v14a,M. Balard,35.910000000000004,18.360000000000003,3,6.0,turnover,False,0.0
2026-01-10_FC Groningen - NAC Breda,2888716015,2,53,40,59t7flioj4w4mpwnrwbm0m8ck,NAC Breda,bgzvhtk50gvmq6noheadmc34l,D. Odoi,28.875,51.204,0,0.0,turnover,False,0.0
2026-01-10_FC Groningen - NAC Breda,2888717383,2,59,11,59t7flioj4w4mpwnrwbm0m8ck,NAC Breda,7qwmlcxsxlxmq01g7dkt7v14a,M. Balard,45.255,24.956000000000003,4,10.0,window_expired,False,4.580872337259234e-05
2026-01-10_FC Groningen - NAC Breda,2888717541,2,60,15,59t7flioj4w4mpwnrwbm0m8ck,NAC Breda,7qwmlcxsxlxmq01g7dkt7v14a,M. Balard,34.44,17.136,0,0.0,turnover,False,0.0
2026-01-10_FC Groningen - NAC Breda,2888718045,2,62,32,59t7flioj4w4mpwnrwbm0m8ck,NAC Breda,969cpy2geokwer9gjapk7zj3e,R. Hillen,22.155,52.088,2,2.0,turnover,False,0.0
2026-01-10_FC Groningen - NAC Breda,2888718461,2,63,47,cos9hxi16eitbcbthof7zrm4m,FC Groningen,f4liap69r76gyc8pnxsergbqi,T. de Jonge,72.45,21.624000000000002,0,0.0,turnover,False,0.0
2026-01-10_FC Groningen - NAC Breda,2888721595,2,77,14,59t7flioj4w4mpwnrwbm0m8ck,NAC Breda,c3j7ddqg0yzporam6gieibgiy,C. Brym,24.990000000000002,11.016,4,5.0,turnover,False,0.0002992766795159
2026-01-10_FC Groningen - NAC Breda,2888726379,2,89,16,59t7flioj4w4mpwnrwbm0m8ck,NAC Breda,7qwmlcxsxlxmq01g7dkt7v14a,M. Balard,57.855000000000004,24.276000000000003,0,0.0,turnover,False,0.0
2026-01-10_FC Groningen - NAC Breda,2888725361,2,91,26,cos9hxi16eitbcbthof7zrm4m,FC Groningen,7xovmwq2h4rcr9nuou4gi3g2c,W. Prins,11.445,58.548,4,9.0,window_expired,False,7.729107955800618e-05
2026-01-10_FC Twente - PEC Zwolle,2888613061,1,3,15,2uuh2bir8ktof0uxfo06lb4ox,PEC Zwolle,d5g7rl9a83vu3cyyzvu5yveqy,A. MacNulty,21.419999999999998,58.14000000000001,3,2.0,turnover,False,0.0
2026-01-10_FC Twente - PEC Zwolle,2888613427,1,3,30,2uuh2bir8ktof0uxfo06lb4ox,PEC Zwolle,1rd0zzpp3dn0y7qtxwc57g7h1,R. Thomas,31.71,29.988000000000003,0,0.0,turnover,False,0.0
2026-01-10_FC Twente - PEC Zwolle,2888618179,1,10,41,4tic29sox7m39fy1ztgv0jsiq,FC Twente,bvwaamcj0bpdrcuoffl6b9rf8,D. Weidmann,47.88,29.036000000000005,2,3.0,turnover,False,0.0
2026-01-10_FC Twente - PEC Zwolle,2888636967,1,33,52,2uuh2bir8ktof0uxfo06lb4ox,PEC Zwolle,d29ahwtvs7ls75wdtkf7xr8tm,Z. Buurmeester,21.105000000000004,53.788,5,9.0,window_expired,False,2.6859988140434665e-05
2026-01-10_FC Twente - PEC Zwolle,2888638063,1,35,54,2uuh2bir8ktof0uxfo06lb4ox,PEC Zwolle,9ugpnnovqttl8lguv7wdyiezu,S. Graves,76.86,25.772000000000002,0,0.0,turnover,False,0.0
2026-01-10_FC Twente - PEC Zwolle,2888655021,2,47,37,4tic29sox7m39fy1ztgv0jsiq,FC Twente,bvwaamcj0bpdrcuoffl6b9rf8,D. Weidmann,53.655,36.584,3,7.0,turnover,False,0.0017589678912273
2026-01-10_FC Twente - PEC Zwolle,2888657577,2,51,41,2uuh2bir8ktof0uxfo06lb4ox,PEC Zwolle,684nd3xjli51z43pbla0mwa21,T. Oosting,15.959999999999999,43.52,1,1.0,turnover,False,0.0
2026-01-10_FC Twente - PEC Zwolle,2888659777,2,55,29,2uuh2bir8ktof0uxfo06lb4ox,PEC Zwolle,awsbedog2zaz7zpjucbcba82y,S. Shoretire,4.9350000000000005,19.244000000000003,0,0.0,turnover,False,0.0
2026-01-10_FC Twente - PEC Zwolle,2888673037,2,73,7,2uuh2bir8ktof0uxfo06lb4ox,PEC Zwolle,9ugpnnovqttl8lguv7wdyiezu,S. Graves,19.740000000000002,20.468000000000004,0,0.0,turnover,False,0.0
2026-01-10_FC Twente - PEC Zwolle,2888675901,2,76,44,4tic29sox7m39fy1ztgv0jsiq,FC Twente,a339o11ut8s1o9odm6ybc4pka,T. van den Belt,38.43,59.024,4,4.0,turnover,False,9.419719852882258e-07
2026-01-10_FC Twente - PEC Zwolle,2888685235,2,93,22,2uuh2bir8ktof0uxfo06lb4ox,PEC Zwolle,d29ahwtvs7ls75wdtkf7xr8tm,Z. Buurmeester,21.105000000000004,10.608,1,0.0,turnover,False,0.0
2026-01-10_PSV Eindhoven - SBV Excelsior,2888857587,1,0,11,24fvcruwqrqvqa3aonf8c3zuy,PSV Eindhoven,2yc1t7u26zctwjizi283g6q6s,P. Wanner,34.755,39.984,0,0.0,turnover,False,0.0
2026-01-10_PSV Eindhoven - SBV Excelsior,2888669833,1,13,16,24fvcruwqrqvqa3aonf8c3zuy,PSV Eindhoven,biee6dvb524juzai7iryyskix,D. Man,23.52,16.592,2,2.0,turnover,False,0.0001332730171169
2026-01-10_PSV Eindhoven - SBV Excelsior,2888669971,1,13,24,dqk062lu0vm8epvytbm6r4mmf,SBV Excelsior,c6i4usq34m3389rtbqptahrai,R. Meissen,58.695,61.47200000000001,3,4.0,turnover,False,0.0
2026-01-10_PSV Eindhoven - SBV Excelsior,2888674501,1,19,18,dqk062lu0vm8epvytbm6r4mmf,SBV Excelsior,30t0ph1icrggc0x62om801ses,G. de Regt,60.165,63.92,0,0.0,turnover,False,0.0
2026-01-10_PSV Eindhoven - SBV Excelsior,2888674835,1,19,45,24fvcruwqrqvqa3aonf8c3zuy,PSV Eindhoven,2gsq05yyxwe4f8t79j6d49q6t,I. Perišić,64.155,63.03600000000001,1,2.0,turnover,False,0.0
2026-01-10_PSV Eindhoven - SBV Excelsior,2888681397,1,30,17,24fvcruwqrqvqa3aonf8c3zuy,PSV Eindhoven,c6ip6gwp8yvchd1n3dv42go9,Mauro Júnior,39.165,58.888,4,7.0,window_expired,False,0.00042121821391656556
2026-01-10_PSV Eindhoven - SBV Excelsior,2888681527,1,30,33,dqk062lu0vm8epvytbm6r4mmf,SBV Excelsior,3hu6e9wa0nt4ekubxye6l4pas,I. Yegoian,45.78,55.760000000000005,0,0.0,turnover,False,0.0
2026-01-10_PSV Eindhoven - SBV Excelsior,2888684019,1,35,21,24fvcruwqrqvqa3aonf8c3zuy,PSV Eindhoven,c6ip6gwp8yvchd1n3dv42go9,Mauro Júnior,70.875,63.24,3,3.0,turnover,False,0.0004314799543041
2026-01-10_PSV Eindhoven - SBV Excelsior,2888684921,1,37,2,24fvcruwqrqvqa3aonf8c3zuy,PSV Eindhoven,cmdeqxibr6holfqg17ap9uihg,Yarek Gąsiorowski,71.08500000000001,19.176000000000002,6,8.0,window_expired,False,0.0097501490224731
2026-01-10_PSV Eindhoven - SBV Excelsior,2888686575,1,40,40,dqk062lu0vm8epvytbm6r4mmf,SBV Excelsior,buhlcdwtnxeiqgy079kas7dw4,J. Bergraaf,51.660000000000004,8.84,1,2.0,turnover,False,0.0
2026-01-10_PSV Eindhoven - SBV Excelsior,2888696775,2,49,50,dqk062lu0vm8epvytbm6r4mmf,SBV Excelsior,3hu6e9wa0nt4ekubxye6l4pas,I. Yegoian,57.435,9.384,3,10.0,window_expired,False,5.128259981986016e-05
2026-01-10_PSV Eindhoven - SBV Excelsior,2888696899,2,50,9,24fvcruwqrqvqa3aonf8c3zuy,PSV Eindhoven,c6ip6gwp8yvchd1n3dv42go9,Mauro Júnior,58.065,56.78,4,8.0,turnover,False,0.000723485317544
2026-01-10_PSV Eindhoven - SBV Excelsior,2888698969,2,55,8,dqk062lu0vm8epvytbm6r4mmf,SBV Excelsior,3hu6e9wa0nt4ekubxye6l4pas,I. Yegoian,69.92999999999999,30.192,1,3.0,turnover,False,0.0
2026-01-10_PSV Eindhoven - SBV Excelsior,2888699475,2,56,30,dqk062lu0vm8epvytbm6r4mmf,SBV Excelsior,c6i4usq34m3389rtbqptahrai,R. Meissen,25.62,22.44,1,1.0,turnover,False,0.0
2026-01-10_PSV Eindhoven - SBV Excelsior,2888700533,2,58,52,24fvcruwqrqvqa3aonf8c3zuy,PSV Eindhoven,cgsmk5437f466uoqvol7devze,R. Flamingo,67.62,6.392,0,0.0,turnover,False,0.0
2026-01-10_PSV Eindhoven - SBV Excelsior,2888703709,2,66,40,dqk062lu0vm8epvytbm6r4mmf,SBV Excelsior,cs49ec8y6cubrlo5nmu3j3jtg,L. Schouten,9.240000000000002,39.440000000000005,1,1.0,turnover,False,0.0
2026-01-11_Go Ahead Eagles - Fortuna Sittard,2888858421,1,0,14,3ebril33e08ddzob4bhq8awsr,Fortuna Sittard,dsh8ta4q6v5ews2e19p9xh6y2,J. Hubner,20.055000000000003,62.56,1,1.0,turnover,False,0.0
2026-01-11_Go Ahead Eagles - Fortuna Sittard,2888865761,1,15,58,3ebril33e08ddzob4bhq8awsr,Fortuna Sittard,570htztcvfsu947xw6fvtzmc5,Iván Márquez,46.095,48.348,0,0.0,turnover,False,0.0
2026-01-11_Go Ahead Eagles - Fortuna Sittard,2888868403,1,22,56,b79uipsy57y1jqpy07h4i5ovk,Go Ahead Eagles,d8cxurdt9g5gezqlfwae7ooru,M. Meulensteen,28.77,45.15200000000001,3,10.0,window_expired,False,4.42684203831728e-05
2026-01-11_Go Ahead Eagles - Fortuna Sittard,2888869447,1,27,48,b79uipsy57y1jqpy07h4i5ovk,Go Ahead Eagles,9d4lofwg9ooaoldw2vpt4h36y,E. Linthorst,42.73500000000001,16.796,0,0.0,turnover,False,0.0
2026-01-11_Go Ahead Eagles - Fortuna Sittard,2888870215,1,30,4,b79uipsy57y1jqpy07h4i5ovk,Go Ahead Eagles,d8cxurdt9g5gezqlfwae7ooru,M. Meulensteen,58.48500000000001,39.57600000000001,4,4.0,turnover,False,0.0010482494259364
2026-01-11_Go Ahead Eagles - Fortuna Sittard,2888876429,1,41,43,b79uipsy57y1jqpy07h4i5ovk,Go Ahead Eagles,9d4lofwg9ooaoldw2vpt4h36y,E. Linthorst,45.36000000000001,20.468000000000004,0,0.0,turnover,False,0.0
2026-01-11_Go Ahead Eagles - Fortuna Sittard,2888889983,2,47,35,3ebril33e08ddzob4bhq8awsr,Fortuna Sittard,570htztcvfsu947xw6fvtzmc5,Iván Márquez,51.03,10.744000000000002,1,3.0,turnover,False,0.0
2026-01-11_Go Ahead Eagles - Fortuna Sittard,2888890159,2,47,47,3ebril33e08ddzob4bhq8awsr,Fortuna Sittard,dp0q4f4gbj2buhcu1lb5dzxed,Ivo Pinto,38.43,12.784,1,1.0,turnover,False,0.0
2026-01-11_Go Ahead Eagles - Fortuna Sittard,2888894289,2,53,28,b79uipsy57y1jqpy07h4i5ovk,Go Ahead Eagles,9d4lofwg9ooaoldw2vpt4h36y,E. Linthorst,42.839999999999996,26.248,0,0.0,turnover,False,0.0
2026-01-11_Go Ahead Eagles - Fortuna Sittard,2888912077,2,87,33,b79uipsy57y1jqpy07h4i5ovk,Go Ahead Eagles,5shfqpd5fj05qrp1jlzd08ftg,C. Twigt,38.325,38.828,0,0.0,turnover,False,0.0
2026-01-11_Go Ahead Eagles - Fortuna Sittard,2888914659,2,91,46,3ebril33e08ddzob4bhq8awsr,Fortuna Sittard,570htztcvfsu947xw6fvtzmc5,Iván Márquez,49.980000000000004,45.016000000000005,0,0.0,turnover,False,0.0
2026-01-11_SC Heerenveen - Feyenoord Rotterdam,2888824745,1,1,23,4vd2t5schmvvufrfib7f2vjdf,SC Heerenveen,aqnr6l3f02hx0soadunxbjcpg,J. Trenskow,70.98,14.824000000000002,2,4.0,turnover,False,0.0
2026-01-11_SC Heerenveen - Feyenoord Rotterdam,2888807631,1,4,5,20vymiy7bo8wkyxai3ew494fz,Feyenoord Rotterdam,ecqjg6wtntf1guejvm10redck,G. Read,26.25,33.388000000000005,0,0.0,turnover,False,0.0
2026-01-11_SC Heerenveen - Feyenoord Rotterdam,2888807797,1,4,42,20vymiy7bo8wkyxai3ew494fz,Feyenoord Rotterdam,6fdwd71dx2qu7uzzs3ozm9x7u,T. Watanabe,38.535000000000004,45.56,4,6.0,window_expired,False,6.299543626113457e-05
2026-01-11_SC Heerenveen - Feyenoord Rotterdam,2888808027,1,5,26,4vd2t5schmvvufrfib7f2vjdf,SC Heerenveen,e5hzt8nmhu2ktn69dsv67ga38,M. Linday,10.185,27.472,3,3.0,turnover,False,6.218732950791228e-05
2026-01-11_SC Heerenveen - Feyenoord Rotterdam,2888817895,1,38,58,20vymiy7bo8wkyxai3ew494fz,Feyenoord Rotterdam,bwxn7o8ved1xo5bmfkfgzekiy,J. Bos,47.67,52.904,6,8.0,turnover,False,0.0008589724790626
2026-01-11_SC Heerenveen - Feyenoord Rotterdam,2888818091,1,39,33,4vd2t5schmvvufrfib7f2vjdf,SC Heerenveen,eu6pfkiah7otafyryg6ll7y09,L. Brouwers,39.165,24.82,3,4.0,window_expired,False,7.51624949840296e-05
2026-01-11_SC Heerenveen - Feyenoord Rotterdam,2889082171,2,50,9,4vd2t5schmvvufrfib7f2vjdf,SC Heerenveen,9najgqcaamqj0qtiicuq9hey,R. Meerveld,37.38,56.984,2,6.0,window_expired,False,0.0155875737856726
2026-01-11_SC Heerenveen - Feyenoord Rotterdam,2888836207,2,58,30,20vymiy7bo8wkyxai3ew494fz,Feyenoord Rotterdam,6fdwd71dx2qu7uzzs3ozm9x7u,T. Watanabe,56.385000000000005,63.17200000000001,1,1.0,turnover,False,0.0
2026-01-11_SC Heerenveen - Feyenoord Rotterdam,2888837315,2,60,49,20vymiy7bo8wkyxai3ew494fz,Feyenoord Rotterdam,e5xuwwa4qs6zxjd7y52tslih,Q. Timber,26.040000000000003,38.48800000000001,4,7.0,turnover,False,3.304165582886098e-05
2026-01-11_SC Heerenveen - Feyenoord Rotterdam,2889085079,2,64,32,4vd2t5schmvvufrfib7f2vjdf,SC Heerenveen,b5sf6wcogrvlwuwbd8xsyyfh1,J. van Overeem,75.915,29.172,0,0.0,turnover,False,0.0
2026-01-11_SC Heerenveen - Feyenoord Rotterdam,2888841317,2,70,6,20vymiy7bo8wkyxai3ew494fz,Feyenoord Rotterdam,bwxn7o8ved1xo5bmfkfgzekiy,J. Bos,35.28,56.440000000000005,2,1.0,turnover,False,0.0
2026-01-11_SC Heerenveen - Feyenoord Rotterdam,2888842833,2,73,41,4vd2t5schmvvufrfib7f2vjdf,SC Heerenveen,8jm8a7w3a5b5nzikcom7cvf2s,M. Willemsen,5.565,29.172,3,6.0,turnover,False,4.024451330104928e-05
2026-01-11_SC Heerenveen - Feyenoord Rotterdam,2888844753,2,80,18,4vd2t5schmvvufrfib7f2vjdf,SC Heerenveen,e5hzt8nmhu2ktn69dsv67ga38,M. Linday,65.52,40.392,2,3.0,turnover,False,0.0062013431657081
2026-01-11_SC Heerenveen - Feyenoord Rotterdam,2889091401,2,82,36,20vymiy7bo8wkyxai3ew494fz,Feyenoord Rotterdam,43ib46nh45n9oajf5rmaz4f6x,Hwang In-Beom,13.125,19.856,1,1.0,turnover,False,0.0
2026-01-11_SC Heerenveen - Feyenoord Rotterdam,2889093101,2,89,2,20vymiy7bo8wkyxai3ew494fz,Feyenoord Rotterdam,447abno2j0ux8fsxzs6fel7th,A. Ahmedhodžić,57.435,28.900000000000002,1,1.0,turnover,False,0.0
2026-01-11_SC Telstar - AFC Ajax,2888862837,1,6,23,zjawy6qdzk3y69v5pa3zl2cb,SC Telstar,4bkb8qjb5n33wxfopju8r1mtx,D. Bakker,29.925,58.412000000000006,0,0.0,turnover,False,0.0
2026-01-11_SC Telstar - AFC Ajax,2888863521,1,8,1,zjawy6qdzk3y69v5pa3zl2cb,SC Telstar,1k60tee702idfrp0ibca1s57u,G. Offerhaus,44.625,36.720000000000006,4,4.0,turnover,False,0.002931501140478
2026-01-11_SC Telstar - AFC Ajax,2888867149,1,16,13,d0zdg647gvgc95xdtk1vpbkys,AFC Ajax,cx6fxszjvjam6zb3c3p0dd1jo,M. Godts,42.105000000000004,40.93600000000001,5,8.0,window_expired,False,7.887268659821645e-05
2026-01-11_SC Telstar - AFC Ajax,2888867307,1,16,48,zjawy6qdzk3y69v5pa3zl2cb,SC Telstar,cp866ucakmwqiwxrstkaxwgt0,N. Rossen,20.790000000000003,26.928000000000004,1,2.0,turnover,False,0.0
2026-01-11_SC Telstar - AFC Ajax,2888868253,1,19,25,zjawy6qdzk3y69v5pa3zl2cb,SC Telstar,8p3x0sm735fru6nthc87pjrbo,Neville Ogidi Nwankwo,13.23,25.296000000000003,4,6.0,turnover,False,0.0002247063360141
2026-01-11_SC Telstar - AFC Ajax,2888870645,1,27,53,zjawy6qdzk3y69v5pa3zl2cb,SC Telstar,52cqyvn8cfh83i5zwm3181pbe,T. Noslin,41.265,18.360000000000003,0,0.0,turnover,False,0.0
2026-01-11_SC Telstar - AFC Ajax,2888870669,1,27,59,zjawy6qdzk3y69v5pa3zl2cb,SC Telstar,1k60tee702idfrp0ibca1s57u,G. Offerhaus,35.07,18.632,1,4.0,turnover,False,0.0
2026-01-11_SC Telstar - AFC Ajax,2888871575,1,30,1,zjawy6qdzk3y69v5pa3zl2cb,SC Telstar,1k60tee702idfrp0ibca1s57u,G. Offerhaus,23.730000000000004,20.604000000000003,0,0.0,turnover,False,0.0
2026-01-11_SC Telstar - AFC Ajax,2888872521,1,32,0,zjawy6qdzk3y69v5pa3zl2cb,SC Telstar,8p3x0sm735fru6nthc87pjrbo,Neville Ogidi Nwankwo,63.42,6.596,1,0.0,turnover,False,0.0
2026-01-11_SC Telstar - AFC Ajax,2888872909,1,32,47,zjawy6qdzk3y69v5pa3zl2cb,SC Telstar,52cqyvn8cfh83i5zwm3181pbe,T. Noslin,58.800000000000004,6.324000000000001,1,1.0,turnover,False,0.0
2026-01-11_SC Telstar - AFC Ajax,2888877617,1,42,12,d0zdg647gvgc95xdtk1vpbkys,AFC Ajax,8hgpvnzy2mra3ps209tniq7f8,O. Gloukh,59.43000000000001,25.976000000000003,0,0.0,turnover,False,0.0
2026-01-11_SC Telstar - AFC Ajax,2888878561,1,43,45,zjawy6qdzk3y69v5pa3zl2cb,SC Telstar,14csdlb8p0tnj6zqrs148ct1w,J. Ritmeester van de Kamp,27.405,40.052,4,4.0,turnover,False,3.601381210223409e-05
2026-01-11_SC Telstar - AFC Ajax,2888878897,1,44,42,zjawy6qdzk3y69v5pa3zl2cb,SC Telstar,14csdlb8p0tnj6zqrs148ct1w,J. Ritmeester van de Kamp,30.66,15.708000000000002,3,3.0,turnover,False,0.0001635760905518
2026-01-11_SC Telstar - AFC Ajax,2888900481,2,62,22,zjawy6qdzk3y69v5pa3zl2cb,SC Telstar,y1ky8sp8scl05mmfr7byy3md,J. Hardeveld,33.495,55.964,1,1.0,turnover,False,0.0
2026-01-11_SC Telstar - AFC Ajax,2888906823,2,75,31,d0zdg647gvgc95xdtk1vpbkys,AFC Ajax,3rve12v22lh39aaqgjlwlmhas,D. Konadu,67.72500000000001,12.988000000000001,5,10.0,window_expired,False,0.00013238006577105665
2026-01-11_SC Telstar - AFC Ajax,2888907655,2,77,6,d0zdg647gvgc95xdtk1vpbkys,AFC Ajax,3mctpepmqunc1a8zro2nq1wtm,V. Jaroš,2.94,30.464,1,3.0,window_expired,True,0.0
2026-01-11_SC Telstar - AFC Ajax,2888914279,2,88,34,d0zdg647gvgc95xdtk1vpbkys,AFC Ajax,brfa9yhy2llgt9l75unddogk,J. Mokio,55.230000000000004,48.824,3,6.0,window_expired,False,0.0001871593777663
2026-01-11_SC Telstar - AFC Ajax,2888915099,2,90,7,d0zdg647gvgc95xdtk1vpbkys,AFC Ajax,9tp35qqu1heburu0g5wa6jv56,Lucas Rosa,45.36000000000001,53.788,3,4.0,window_expired,False,0.0024513778373837993
2026-01-11_SC Telstar - AFC Ajax,2888917779,2,95,21,zjawy6qdzk3y69v5pa3zl2cb,SC Telstar,4bkb8qjb5n33wxfopju8r1mtx,D. Bakker,14.700000000000001,19.584000000000003,4,10.0,window_expired,False,0.0
2026-01-11_SC Telstar - AFC Ajax,2888918305,2,96,20,d0zdg647gvgc95xdtk1vpbkys,AFC Ajax,7dkhv2l8y6jq20l1dc2ye17je,O. Edvardsen,32.97,8.364,3,3.0,turnover,False,4.991459910658192e-05
2026-01-11_Sparta Rotterdam - Heracles Almelo,2888930069,1,1,1,dac758ef858jbq7pcb3gfwite,Heracles Almelo,792zq4joba1qgt0lusvrjantg,L. Zeefuik,71.19,52.496,4,9.0,window_expired,False,0.0115486859537382
2026-01-11_Sparta Rotterdam - Heracles Almelo,2888932777,1,4,17,dac758ef858jbq7pcb3gfwite,Heracles Almelo,e3akocgpppdty3ayxty1gf6xh,D. Mirani,49.245,37.672000000000004,1,2.0,turnover,False,0.0
2026-01-11_Sparta Rotterdam - Heracles Almelo,2888935573,1,8,4,dac758ef858jbq7pcb3gfwite,Heracles Almelo,mlqit2c8my1ewqy6avrfhf8q,A. Van Hoorenbeeck,42.73500000000001,38.624,0,0.0,turnover,False,0.0
2026-01-11_Sparta Rotterdam - Heracles Almelo,2888949813,1,35,5,89w5c6pw7vn0dxypi61tt0g4k,Sparta Rotterdam,6ab5gq2owk86qs5zjottfhwmi,T. Quintero,24.78,48.688,0,0.0,turnover,False,0.0
2026-01-11_Sparta Rotterdam - Heracles Almelo,2888963339,2,45,55,89w5c6pw7vn0dxypi61tt0g4k,Sparta Rotterdam,f07qmqesi1rpw7eapoz9rb0gk,J. Baas,39.06,58.82000000000001,4,8.0,window_expired,False,0.0069051142317709
2026-01-11_Sparta Rotterdam - Heracles Almelo,2888964597,2,48,53,89w5c6pw7vn0dxypi61tt0g4k,Sparta Rotterdam,6ab5gq2owk86qs5zjottfhwmi,T. Quintero,26.669999999999998,51.61200000000001,0,0.0,turnover,False,0.0
2026-01-11_Sparta Rotterdam - Heracles Almelo,2888967681,2,54,42,89w5c6pw7vn0dxypi61tt0g4k,Sparta Rotterdam,6ab5gq2owk86qs5zjottfhwmi,T. Quintero,44.31,57.868,0,0.0,turnover,False,0.0
2026-01-11_Sparta Rotterdam - Heracles Almelo,2888972955,2,62,32,89w5c6pw7vn0dxypi61tt0g4k,Sparta Rotterdam,f07qmqesi1rpw7eapoz9rb0gk,J. Baas,43.995,35.428000000000004,4,9.0,window_expired,False,0.00013322764148998578
2026-01-11_Sparta Rotterdam - Heracles Almelo,2889185073,2,63,0,89w5c6pw7vn0dxypi61tt0g4k,Sparta Rotterdam,8n9t52eeli3s39r8ujjhjt7je,J. Kitolano,70.98,47.668,0,0.0,turnover,False,0.0
2026-01-11_Sparta Rotterdam - Heracles Almelo,2888979359,2,73,51,89w5c6pw7vn0dxypi61tt0g4k,Sparta Rotterdam,6ab5gq2owk86qs5zjottfhwmi,T. Quintero,37.48500000000001,44.540000000000006,0,0.0,turnover,False,0.0
2026-01-11_Sparta Rotterdam - Heracles Almelo,2888979509,2,74,18,89w5c6pw7vn0dxypi61tt0g4k,Sparta Rotterdam,byirjks50zw1eefkcy8p4hd5h,B. Martins Indi,19.53,48.008,0,0.0,turnover,False,0.0
2026-01-11_Sparta Rotterdam - Heracles Almelo,2888980549,2,76,56,dac758ef858jbq7pcb3gfwite,Heracles Almelo,6ok4k757utbtswx5618xffsru,I. Mesík,7.455,38.964,2,4.0,turnover,False,0.0
2026-01-11_Sparta Rotterdam - Heracles Almelo,2888983193,2,84,23,dac758ef858jbq7pcb3gfwite,Heracles Almelo,96om2im2vd1621ajcexlyekno,T. van Gilst,29.82,13.056000000000001,3,4.0,turnover,False,0.0
2026-01-17_AFC Ajax - Go Ahead Eagles,2890157107,1,3,56,b79uipsy57y1jqpy07h4i5ovk,Go Ahead Eagles,a46irqckxabod18j2c0qfixre,K. Goudmijn,21.105000000000004,32.232,0,0.0,turnover,False,0.0
2026-01-17_AFC Ajax - Go Ahead Eagles,2890158537,1,4,39,d0zdg647gvgc95xdtk1vpbkys,AFC Ajax,56nbghr9snc79dt8h99wleej8,S. Steur,61.74,56.984,0,0.0,turnover,False,0.0
2026-01-17_AFC Ajax - Go Ahead Eagles,2890168625,1,9,36,d0zdg647gvgc95xdtk1vpbkys,AFC Ajax,9tp35qqu1heburu0g5wa6jv56,Lucas Rosa,11.865000000000002,60.86000000000001,0,0.0,turnover,False,0.0
2026-01-17_AFC Ajax - Go Ahead Eagles,2890174951,1,12,51,b79uipsy57y1jqpy07h4i5ovk,Go Ahead Eagles,c6ufljjgl050g9xn7e9ma7hg4,M. Smit,23.205000000000002,30.26,4,6.0,turnover,False,0.0011155797810201
2026-01-17_AFC Ajax - Go Ahead Eagles,2890191289,1,23,43,b79uipsy57y1jqpy07h4i5ovk,Go Ahead Eagles,1rmox6tf7r283dca2vi844kr8,A. Adelgaard,20.895,56.57600000000001,0,0.0,turnover,False,0.0
2026-01-17_AFC Ajax - Go Ahead Eagles,2890191589,1,24,5,b79uipsy57y1jqpy07h4i5ovk,Go Ahead Eagles,d8cxurdt9g5gezqlfwae7ooru,M. Meulensteen,41.160000000000004,17.544,3,3.0,turnover,False,2.4560201073900445e-05
2026-01-17_AFC Ajax - Go Ahead Eagles,2890193293,1,26,18,d0zdg647gvgc95xdtk1vpbkys,AFC Ajax,2zkaf848fjcdhuii8783pkm7e,Y. Regeer,69.3,7.276,4,9.0,window_expired,False,0.0001103727076814
2026-01-17_AFC Ajax - Go Ahead Eagles,2890198217,1,32,16,d0zdg647gvgc95xdtk1vpbkys,AFC Ajax,4n18t6bixl6ba3bx76hym51qs,A. Gaaei,4.620000000000001,11.832,0,0.0,turnover,False,0.0
2026-01-17_AFC Ajax - Go Ahead Eagles,2890205751,1,36,43,d0zdg647gvgc95xdtk1vpbkys,AFC Ajax,2zkaf848fjcdhuii8783pkm7e,Y. Regeer,70.35000000000001,52.29200000000001,2,4.0,turnover,False,0.0
2026-01-17_AFC Ajax - Go Ahead Eagles,2890217433,1,42,58,d0zdg647gvgc95xdtk1vpbkys,AFC Ajax,2zkaf848fjcdhuii8783pkm7e,Y. Regeer,15.435,55.35200000000001,0,0.0,turnover,False,0.0
2026-01-17_AFC Ajax - Go Ahead Eagles,2890220817,1,44,50,d0zdg647gvgc95xdtk1vpbkys,AFC Ajax,3mctpepmqunc1a8zro2nq1wtm,V. Jaroš,3.3600000000000003,31.348000000000003,2,9.0,window_expired,False,0.0
2026-01-17_AFC Ajax - Go Ahead Eagles,2890254655,2,45,14,d0zdg647gvgc95xdtk1vpbkys,AFC Ajax,9tp35qqu1heburu0g5wa6jv56,Lucas Rosa,70.98,30.532,1,1.0,turnover,False,0.0
2026-01-17_AFC Ajax - Go Ahead Eagles,2890298429,2,76,21,b79uipsy57y1jqpy07h4i5ovk,Go Ahead Eagles,bn8dwm2y9a8i9a10rba3dmm3u,D. James,40.214999999999996,62.628,1,3.0,turnover,False,0.0
2026-01-17_AFC Ajax - Go Ahead Eagles,2890309605,2,90,57,b79uipsy57y1jqpy07h4i5ovk,Go Ahead Eagles,bn8dwm2y9a8i9a10rba3dmm3u,D. James,35.49,48.688,0,0.0,turnover,False,0.0
2026-01-17_Fortuna Sittard - PSV Eindhoven,2890374067,1,0,51,3ebril33e08ddzob4bhq8awsr,Fortuna Sittard,7b4jmfu1ejoeci2zmvwuejnys,P. Brittijn,21.105000000000004,60.99600000000001,1,1.0,turnover,False,0.0
2026-01-17_Fortuna Sittard - PSV Eindhoven,2890381657,1,11,14,3ebril33e08ddzob4bhq8awsr,Fortuna Sittard,ccmmsnrfn58gwi1petlp08f3e,L. Duijvestijn,37.905,22.032,0,0.0,turnover,False,0.0
2026-01-17_Fortuna Sittard - PSV Eindhoven,2890383417,1,13,49,3ebril33e08ddzob4bhq8awsr,Fortuna Sittard,8przxwwothu3crflys7ahl4dm,S. Adewoye,20.475,63.104,1,0.0,turnover,False,0.0
2026-01-17_Fortuna Sittard - PSV Eindhoven,2890383611,1,14,7,3ebril33e08ddzob4bhq8awsr,Fortuna Sittard,60jptu288hf6gcljkbzcdie39,K. Peterson,22.155,50.592000000000006,0,0.0,turnover,False,0.0
2026-01-17_Fortuna Sittard - PSV Eindhoven,2890383945,1,14,32,24fvcruwqrqvqa3aonf8c3zuy,PSV Eindhoven,5lvdnoyknuoyr6kdruposgctl,J. Schouten,65.10000000000001,5.78,4,8.0,window_expired,False,0.0
2026-01-17_Fortuna Sittard - PSV Eindhoven,2890387823,1,20,12,3ebril33e08ddzob4bhq8awsr,Fortuna Sittard,7b4jmfu1ejoeci2zmvwuejnys,P. Brittijn,64.47,52.428,2,3.0,turnover,False,0.0
2026-01-17_Fortuna Sittard - PSV Eindhoven,2890388403,1,21,6,24fvcruwqrqvqa3aonf8c3zuy,PSV Eindhoven,cmdeqxibr6holfqg17ap9uihg,Yarek Gąsiorowski,48.300000000000004,5.984000000000001,5,9.0,window_expired,False,0.004552185484553201
2026-01-17_Fortuna Sittard - PSV Eindhoven,2890390037,1,24,10,3ebril33e08ddzob4bhq8awsr,Fortuna Sittard,dp0q4f4gbj2buhcu1lb5dzxed,Ivo Pinto,41.580000000000005,5.44,0,0.0,turnover,False,0.0
2026-01-17_Fortuna Sittard - PSV Eindhoven,2890393919,1,31,0,24fvcruwqrqvqa3aonf8c3zuy,PSV Eindhoven,5lvdnoyknuoyr6kdruposgctl,J. Schouten,41.265,21.556,0,0.0,turnover,False,0.0
2026-01-17_Fortuna Sittard - PSV Eindhoven,2890401787,1,44,25,3ebril33e08ddzob4bhq8awsr,Fortuna Sittard,7b4jmfu1ejoeci2zmvwuejnys,P. Brittijn,11.13,26.860000000000003,1,1.0,turnover,False,0.0
2026-01-17_Fortuna Sittard - PSV Eindhoven,2890402119,1,45,7,3ebril33e08ddzob4bhq8awsr,Fortuna Sittard,8przxwwothu3crflys7ahl4dm,S. Adewoye,6.825,56.984,4,6.0,turnover,False,0.0
2026-01-17_Fortuna Sittard - PSV Eindhoven,2890421037,2,59,38,24fvcruwqrqvqa3aonf8c3zuy,PSV Eindhoven,24sgu58uugxgy49el075dz21g,E. Bajraktarević,37.48500000000001,31.484,4,5.0,turnover,False,0.00015085858987
2026-01-17_Fortuna Sittard - PSV Eindhoven,2890423365,2,63,8,3ebril33e08ddzob4bhq8awsr,Fortuna Sittard,8przxwwothu3crflys7ahl4dm,S. Adewoye,47.04,57.39200000000001,2,1.0,turnover,False,0.0
2026-01-17_Fortuna Sittard - PSV Eindhoven,2890424159,2,64,26,3ebril33e08ddzob4bhq8awsr,Fortuna Sittard,7b4jmfu1ejoeci2zmvwuejnys,P. Brittijn,19.425,41.82,3,7.0,turnover,False,0.0
2026-01-17_Fortuna Sittard - PSV Eindhoven,2890427079,2,68,38,3ebril33e08ddzob4bhq8awsr,Fortuna Sittard,2fbolmn7pyvn5oto4zoeqguwa,N. Kasanwirjo,36.75,42.568000000000005,0,0.0,turnover,False,0.0
2026-01-17_Fortuna Sittard - PSV Eindhoven,2890433361,2,79,14,3ebril33e08ddzob4bhq8awsr,Fortuna Sittard,eyzcfyn1crjcgmm98uk9u8oyy,É. Michut,24.78,44.2,4,4.0,window_expired,False,0.0001242094770637775
2026-01-17_Fortuna Sittard - PSV Eindhoven,2890435809,2,82,45,3ebril33e08ddzob4bhq8awsr,Fortuna Sittard,570htztcvfsu947xw6fvtzmc5,Iván Márquez,47.67,4.6240000000000006,2,2.0,turnover,False,0.0
2026-01-17_NAC Breda - Nijmegen Eendracht Combinatie,2890414979,1,5,44,8iawijq7s9s6d85mjz8wdslki,Nijmegen Eendracht Combinatie,1gl82ymzh9vpitix6v645awa,D. Nejašmić,66.465,21.624000000000002,0,0.0,turnover,False,0.0
2026-01-17_NAC Breda - Nijmegen Eendracht Combinatie,2890422117,1,15,31,59t7flioj4w4mpwnrwbm0m8ck,NAC Breda,c3j7ddqg0yzporam6gieibgiy,C. Brym,65.31,24.004,7,9.0,window_expired,False,0.0008638804111324225
2026-01-17_NAC Breda - Nijmegen Eendracht Combinatie,2890718487,1,17,53,59t7flioj4w4mpwnrwbm0m8ck,NAC Breda,4ported2opjp4xbp87bpqb6z8,M. Soumano,32.655,61.268,1,2.0,turnover,False,0.0
2026-01-17_NAC Breda - Nijmegen Eendracht Combinatie,2890426047,1,21,12,8iawijq7s9s6d85mjz8wdslki,Nijmegen Eendracht Combinatie,1gl82ymzh9vpitix6v645awa,D. Nejašmić,73.39500000000001,32.572,2,1.0,turnover,False,0.0048180226278039
2026-01-17_NAC Breda - Nijmegen Eendracht Combinatie,2890428709,1,25,42,8iawijq7s9s6d85mjz8wdslki,Nijmegen Eendracht Combinatie,913pg8qqcjp99h5fjybbenob9,P. Sandler,8.82,35.768,0,0.0,turnover,False,0.0
2026-01-17_NAC Breda - Nijmegen Eendracht Combinatie,2890430961,1,29,40,59t7flioj4w4mpwnrwbm0m8ck,NAC Breda,64x38pccgfsuz4ywoveh2ksbu,L. Greiml,45.885000000000005,7.140000000000001,1,1.0,turnover,False,0.0
2026-01-17_NAC Breda - Nijmegen Eendracht Combinatie,2890432361,1,32,1,8iawijq7s9s6d85mjz8wdslki,Nijmegen Eendracht Combinatie,a76yp8gkkg6frtuhh3d6l46i,D. Proper,14.91,25.296000000000003,1,1.0,turnover,False,0.0
2026-01-17_NAC Breda - Nijmegen Eendracht Combinatie,2890730787,1,32,5,8iawijq7s9s6d85mjz8wdslki,Nijmegen Eendracht Combinatie,dgex06nxjy9fdvc12o8keg99l,K. Ogawa,16.905,30.192,0,0.0,turnover,False,0.0
2026-01-17_NAC Breda - Nijmegen Eendracht Combinatie,2890441655,1,47,36,8iawijq7s9s6d85mjz8wdslki,Nijmegen Eendracht Combinatie,a76yp8gkkg6frtuhh3d6l46i,D. Proper,26.669999999999998,39.78,0,0.0,turnover,False,0.0
2026-01-17_NAC Breda - Nijmegen Eendracht Combinatie,2890476063,2,52,9,8iawijq7s9s6d85mjz8wdslki,Nijmegen Eendracht Combinatie,dse071e8zbzm8l37m64g6e1p0,K. Sano,19.32,37.80800000000001,0,0.0,turnover,False,0.0
2026-01-17_NAC Breda - Nijmegen Eendracht Combinatie,2890760471,2,56,36,8iawijq7s9s6d85mjz8wdslki,Nijmegen Eendracht Combinatie,dse071e8zbzm8l37m64g6e1p0,K. Sano,34.86000000000001,42.432,4,10.0,window_expired,False,0.0010305009631170164
2026-01-17_NAC Breda - Nijmegen Eendracht Combinatie,2890460233,2,64,24,8iawijq7s9s6d85mjz8wdslki,Nijmegen Eendracht Combinatie,ac3lkaa1lkbsa82tfylq5zcb8,N. Lebreton,35.175000000000004,29.376000000000005,0,0.0,turnover,False,0.0
2026-01-17_NAC Breda - Nijmegen Eendracht Combinatie,2890766571,2,66,38,8iawijq7s9s6d85mjz8wdslki,Nijmegen Eendracht Combinatie,8624hqd4nlbzcoqsetvsvla8k,D. Fonville,70.03500000000001,51.408,5,10.0,window_expired,False,0.0172864021107986
2026-01-17_NAC Breda - Nijmegen Eendracht Combinatie,2890473443,2,93,29,59t7flioj4w4mpwnrwbm0m8ck,NAC Breda,bdb33nwcpd2jufn9ggtl7gvzd,B. Lucassen,38.325,4.284,0,0.0,turnover,False,0.0
2026-01-17_PEC Zwolle - Alkmaar Zaanstreek,2890330303,1,1,38,3kfktv64h7kg7zryax1wktr5r,Alkmaar Zaanstreek,ck3l6a262hves3v6nywarx9pm,Alexandre Penetra,13.965000000000002,41.82,1,2.0,turnover,False,0.0
2026-01-17_PEC Zwolle - Alkmaar Zaanstreek,2890331179,1,3,4,3kfktv64h7kg7zryax1wktr5r,Alkmaar Zaanstreek,73lwz4he5erpp25zi8crjvztg,I. Jensen,58.38,52.564,0,0.0,turnover,False,0.0
2026-01-17_PEC Zwolle - Alkmaar Zaanstreek,2890337637,1,13,25,3kfktv64h7kg7zryax1wktr5r,Alkmaar Zaanstreek,ck3l6a262hves3v6nywarx9pm,Alexandre Penetra,46.935,35.088,0,0.0,turnover,False,0.0
2026-01-17_PEC Zwolle - Alkmaar Zaanstreek,2890339351,1,18,9,2uuh2bir8ktof0uxfo06lb4ox,PEC Zwolle,684nd3xjli51z43pbla0mwa21,T. Oosting,59.745000000000005,35.632000000000005,1,0.0,turnover,False,0.0
2026-01-17_PEC Zwolle - Alkmaar Zaanstreek,2890341993,1,22,15,2uuh2bir8ktof0uxfo06lb4ox,PEC Zwolle,1x6fhuy49w4rpnyavwotbf504,T. Gooijer,41.79,9.724000000000002,3,5.0,turnover,False,4.085788995362993e-05
2026-01-17_PEC Zwolle - Alkmaar Zaanstreek,2890345299,1,27,0,2uuh2bir8ktof0uxfo06lb4ox,PEC Zwolle,1rd0zzpp3dn0y7qtxwc57g7h1,R. Thomas,56.07,36.856,0,0.0,turnover,False,0.0
2026-01-17_PEC Zwolle - Alkmaar Zaanstreek,2890346367,1,28,31,2uuh2bir8ktof0uxfo06lb4ox,PEC Zwolle,d5g7rl9a83vu3cyyzvu5yveqy,A. MacNulty,22.680000000000003,19.584000000000003,0,0.0,turnover,False,0.0
2026-01-17_PEC Zwolle - Alkmaar Zaanstreek,2890348571,1,32,3,2uuh2bir8ktof0uxfo06lb4ox,PEC Zwolle,1rd0zzpp3dn0y7qtxwc57g7h1,R. Thomas,31.815,43.112,0,0.0,turnover,False,0.0
2026-01-17_PEC Zwolle - Alkmaar Zaanstreek,2890351061,1,37,8,2uuh2bir8ktof0uxfo06lb4ox,PEC Zwolle,1rd0zzpp3dn0y7qtxwc57g7h1,R. Thomas,26.669999999999998,23.664,3,3.0,turnover,False,8.161436523698717e-06
2026-01-17_PEC Zwolle - Alkmaar Zaanstreek,2890351099,1,37,12,3kfktv64h7kg7zryax1wktr5r,Alkmaar Zaanstreek,3dx91sb6ktg8z1xmoti25kru,P. Koopmeiners,70.03500000000001,35.7,4,6.0,turnover,False,0.0274364664519741
2026-01-17_PEC Zwolle - Alkmaar Zaanstreek,2890354881,1,45,48,2uuh2bir8ktof0uxfo06lb4ox,PEC Zwolle,1rd0zzpp3dn0y7qtxwc57g7h1,R. Thomas,59.955000000000005,47.124,1,2.0,turnover,False,0.0
2026-01-17_PEC Zwolle - Alkmaar Zaanstreek,2890366581,2,45,54,3kfktv64h7kg7zryax1wktr5r,Alkmaar Zaanstreek,4fsu74aeogf53l2g1tx89vuok,M. Šín,57.855000000000004,49.980000000000004,5,8.0,window_expired,False,0.0003119546776044
2026-01-17_PEC Zwolle - Alkmaar Zaanstreek,2890366933,2,46,23,2uuh2bir8ktof0uxfo06lb4ox,PEC Zwolle,9ugpnnovqttl8lguv7wdyiezu,S. Graves,46.725,12.988000000000001,0,0.0,turnover,False,0.0
2026-01-17_PEC Zwolle - Alkmaar Zaanstreek,2890372689,2,57,48,3kfktv64h7kg7zryax1wktr5r,Alkmaar Zaanstreek,3uq3lrjyj4mnvq6162b0jyhnt,M. de Wit,62.895,9.384,6,6.0,turnover,True,0.0077709056266893
2026-01-17_PEC Zwolle - Alkmaar Zaanstreek,2890373439,2,58,51,3kfktv64h7kg7zryax1wktr5r,Alkmaar Zaanstreek,8u19xeh9ugvh8f1mh7jnbbhuc,K. Smit,69.825,62.628,1,1.0,turnover,False,0.0
2026-01-17_PEC Zwolle - Alkmaar Zaanstreek,2890382681,2,71,29,2uuh2bir8ktof0uxfo06lb4ox,PEC Zwolle,1rd0zzpp3dn0y7qtxwc57g7h1,R. Thomas,34.125,14.688000000000002,0,0.0,turnover,False,0.0
2026-01-17_PEC Zwolle - Alkmaar Zaanstreek,2890390871,2,84,41,2uuh2bir8ktof0uxfo06lb4ox,PEC Zwolle,d5g7rl9a83vu3cyyzvu5yveqy,A. MacNulty,32.655,52.768,4,4.0,turnover,False,2.477699849613713e-05
2026-01-17_PEC Zwolle - Alkmaar Zaanstreek,2890391437,2,85,40,2uuh2bir8ktof0uxfo06lb4ox,PEC Zwolle,awsbedog2zaz7zpjucbcba82y,S. Shoretire,33.495,42.432,4,6.0,turnover,False,1.3627716525022038e-05
2026-01-17_PEC Zwolle - Alkmaar Zaanstreek,2890393279,2,88,41,2uuh2bir8ktof0uxfo06lb4ox,PEC Zwolle,1x6fhuy49w4rpnyavwotbf504,T. Gooijer,22.365000000000002,23.46,2,2.0,turnover,False,0.0002519087078759
2026-01-17_SBV Excelsior - SC Telstar,2890376285,1,5,57,zjawy6qdzk3y69v5pa3zl2cb,SC Telstar,8p3x0sm735fru6nthc87pjrbo,Neville Ogidi Nwankwo,35.07,6.868,0,0.0,turnover,False,0.0
2026-01-17_SBV Excelsior - SC Telstar,2890546643,1,9,1,zjawy6qdzk3y69v5pa3zl2cb,SC Telstar,4cbhx91p3l265b2cejzd07gbu,P. Brouwer,66.465,23.732,3,6.0,turnover,True,0.0014374653651843
2026-01-17_SBV Excelsior - SC Telstar,2890380511,1,11,21,dqk062lu0vm8epvytbm6r4mmf,SBV Excelsior,cdhqb1a4h246hu0u13pm0tqay,I. Bronkhorst,53.760000000000005,5.372000000000001,0,0.0,turnover,False,0.0
2026-01-17_SBV Excelsior - SC Telstar,2890385389,1,18,34,dqk062lu0vm8epvytbm6r4mmf,SBV Excelsior,3hu6e9wa0nt4ekubxye6l4pas,I. Yegoian,13.125,39.712,0,0.0,turnover,False,0.0
2026-01-17_SBV Excelsior - SC Telstar,2890386287,1,19,58,dqk062lu0vm8epvytbm6r4mmf,SBV Excelsior,3hu6e9wa0nt4ekubxye6l4pas,I. Yegoian,24.465000000000003,13.056000000000001,4,5.0,turnover,False,5.782351909255912e-05
2026-01-17_SBV Excelsior - SC Telstar,2890391183,1,28,17,dqk062lu0vm8epvytbm6r4mmf,SBV Excelsior,5wwqe546ohp130rvi8x8pt0tm,A. Zagré,19.005000000000003,60.99600000000001,1,1.0,turnover,False,0.0
2026-01-17_SBV Excelsior - SC Telstar,2890392537,1,30,33,dqk062lu0vm8epvytbm6r4mmf,SBV Excelsior,5wwqe546ohp130rvi8x8pt0tm,A. Zagré,10.815000000000001,61.81200000000001,5,5.0,turnover,False,6.005532136212077e-05
2026-01-17_SBV Excelsior - SC Telstar,2890397879,1,39,58,zjawy6qdzk3y69v5pa3zl2cb,SC Telstar,f5pgdha5h37xytbk1zq8q710,D. Koswal,30.975,22.508000000000003,0,0.0,turnover,False,0.0
2026-01-17_SBV Excelsior - SC Telstar,2890408485,2,45,9,dqk062lu0vm8epvytbm6r4mmf,SBV Excelsior,5wwqe546ohp130rvi8x8pt0tm,A. Zagré,29.82,61.948,0,0.0,turnover,False,0.0
2026-01-17_SBV Excelsior - SC Telstar,2890549235,2,45,39,zjawy6qdzk3y69v5pa3zl2cb,SC Telstar,52cqyvn8cfh83i5zwm3181pbe,T. Noslin,73.605,4.148,6,9.0,window_expired,False,0.014665268736855402
2026-01-17_SBV Excelsior - SC Telstar,2890409017,2,46,11,dqk062lu0vm8epvytbm6r4mmf,SBV Excelsior,cdhqb1a4h246hu0u13pm0tqay,I. Bronkhorst,37.695,7.004000000000001,4,6.0,window_expired,False,0.0002477621071375
2026-01-17_SBV Excelsior - SC Telstar,2890412401,2,51,6,dqk062lu0vm8epvytbm6r4mmf,SBV Excelsior,cdhqb1a4h246hu0u13pm0tqay,I. Bronkhorst,42.21000000000001,7.276,3,3.0,turnover,False,0.0
2026-01-17_SBV Excelsior - SC Telstar,2890419277,2,60,36,zjawy6qdzk3y69v5pa3zl2cb,SC Telstar,y1ky8sp8scl05mmfr7byy3md,J. Hardeveld,34.65,54.604,0,0.0,turnover,False,0.0
2026-01-17_SBV Excelsior - SC Telstar,2890419539,2,60,56,zjawy6qdzk3y69v5pa3zl2cb,SC Telstar,1k60tee702idfrp0ibca1s57u,G. Offerhaus,31.919999999999998,21.216,3,4.0,turnover,False,0.0001670974215589
2026-01-17_SBV Excelsior - SC Telstar,2890428593,2,74,30,zjawy6qdzk3y69v5pa3zl2cb,SC Telstar,8p3x0sm735fru6nthc87pjrbo,Neville Ogidi Nwankwo,3.8850000000000002,27.948000000000004,1,1.0,turnover,False,0.0
2026-01-17_SBV Excelsior - SC Telstar,2890431787,2,80,8,dqk062lu0vm8epvytbm6r4mmf,SBV Excelsior,cdhqb1a4h246hu0u13pm0tqay,I. Bronkhorst,28.875,9.316,2,6.0,window_expired,False,0.0024776451831956
2026-01-17_SBV Excelsior - SC Telstar,2890439159,2,91,52,dqk062lu0vm8epvytbm6r4mmf,SBV Excelsior,30t0ph1icrggc0x62om801ses,G. de Regt,46.62,62.83200000000001,0,0.0,turnover,False,0.0
2026-01-18_FC Volendam - FC Utrecht,2890633697,1,5,3,6g9qrm72224jrk6tkxxxi8a9n,FC Volendam,28rtnolu3a2au3on0jtwzhu6s,P. Ugwu,64.89,13.600000000000001,1,2.0,turnover,False,0.0
2026-01-18_FC Volendam - FC Utrecht,2890668325,1,5,34,6g9qrm72224jrk6tkxxxi8a9n,FC Volendam,eu901b75l2ly5p48jdw6kwmad,M. Amevor,62.265,11.764000000000001,0,0.0,turnover,False,0.0
2026-01-18_FC Volendam - FC Utrecht,2890636557,1,9,33,6g9qrm72224jrk6tkxxxi8a9n,FC Volendam,eu901b75l2ly5p48jdw6kwmad,M. Amevor,43.995,14.892,0,0.0,turnover,False,0.0
2026-01-18_FC Volendam - FC Utrecht,2890639255,1,13,48,ccpscwdcm65czscrun048ecn5,FC Utrecht,egcs7b6ixb62ep08t7jznf9ih,V. Jensen,37.800000000000004,41.412,4,5.0,turnover,False,0.0
2026-01-18_FC Volendam - FC Utrecht,2890641265,1,17,15,6g9qrm72224jrk6tkxxxi8a9n,FC Volendam,28rtnolu3a2au3on0jtwzhu6s,P. Ugwu,36.225,7.208,4,10.0,window_expired,False,0.00015228291934883675
2026-01-18_FC Volendam - FC Utrecht,2890644403,1,23,10,ccpscwdcm65czscrun048ecn5,FC Utrecht,3ypxn1nvgv8e321sq5394w3my,M. Didden,53.23500000000001,15.3,1,4.0,turnover,False,0.0
2026-01-18_FC Volendam - FC Utrecht,2890645751,1,26,35,6g9qrm72224jrk6tkxxxi8a9n,FC Volendam,4ezldqmn62ggasx6pniqbfwno,J. Ideho,80.01,62.35600000000001,0,0.0,turnover,False,0.0
2026-01-18_FC Volendam - FC Utrecht,2890646961,1,29,38,6g9qrm72224jrk6tkxxxi8a9n,FC Volendam,xvher4f1mb6otoui5k5gs3ro,N. Bukala,30.555000000000003,9.044,0,0.0,turnover,False,0.0
2026-01-18_FC Volendam - FC Utrecht,2890647869,1,31,5,6g9qrm72224jrk6tkxxxi8a9n,FC Volendam,4utx4h5jz14whtjawxn7ox0r8,N. Verschuren,66.36,45.15200000000001,1,1.0,turnover,False,0.0
2026-01-18_FC Volendam - FC Utrecht,2890649275,1,33,12,6g9qrm72224jrk6tkxxxi8a9n,FC Volendam,xvher4f1mb6otoui5k5gs3ro,N. Bukala,19.635,13.872,0,0.0,turnover,False,0.0
2026-01-18_FC Volendam - FC Utrecht,2890670859,2,45,12,6g9qrm72224jrk6tkxxxi8a9n,FC Volendam,eu901b75l2ly5p48jdw6kwmad,M. Amevor,27.51,21.76,2,0.0,turnover,False,0.0
2026-01-18_FC Volendam - FC Utrecht,2890677763,2,54,41,ccpscwdcm65czscrun048ecn5,FC Utrecht,8lt54ei6pcu25u8uerigmx5yi,A. Engwanda,72.34500000000001,29.444,1,0.0,window_expired,False,0.0
2026-01-18_FC Volendam - FC Utrecht,2890679829,2,58,7,ccpscwdcm65czscrun048ecn5,FC Utrecht,9ano8w4jrlk6zq92rxchzaru2,Miguel Rodríguez,69.92999999999999,2.72,3,3.0,turnover,False,0.0
2026-01-18_FC Volendam - FC Utrecht,2890683015,2,63,34,6g9qrm72224jrk6tkxxxi8a9n,FC Volendam,xvher4f1mb6otoui5k5gs3ro,N. Bukala,36.96000000000001,8.568,2,1.0,turnover,False,0.0
2026-01-18_FC Volendam - FC Utrecht,2890684553,2,66,33,ccpscwdcm65czscrun048ecn5,FC Utrecht,3r6elcuru7no13hrfczmwbmy1,S. Horemans,25.62,10.608,3,10.0,window_expired,False,0.0002969856553238
2026-01-18_FC Volendam - FC Utrecht,2890709663,2,73,26,ccpscwdcm65czscrun048ecn5,FC Utrecht,8lt54ei6pcu25u8uerigmx5yi,A. Engwanda,30.03,55.42,1,1.0,turnover,False,0.0
2026-01-18_FC Volendam - FC Utrecht,2890687751,2,74,7,ccpscwdcm65czscrun048ecn5,FC Utrecht,2tc8y9du64tjno62zll2jhy7e,Y. Cathline,24.255000000000003,63.444,0,0.0,turnover,False,0.0
2026-01-18_FC Volendam - FC Utrecht,2890688283,2,75,10,6g9qrm72224jrk6tkxxxi8a9n,FC Volendam,ealh7n21gctxxw5ol3l3yxzze,Y. Leliendal,43.155,45.356,0,0.0,turnover,False,0.0
2026-01-18_FC Volendam - FC Utrecht,2890692047,2,80,21,6g9qrm72224jrk6tkxxxi8a9n,FC Volendam,dej8tywq0npvbm25sfgtqur1m,O. Kökçü,47.775,59.160000000000004,0,0.0,turnover,False,0.0
2026-01-18_FC Volendam - FC Utrecht,2890696917,2,85,3,6g9qrm72224jrk6tkxxxi8a9n,FC Volendam,eu901b75l2ly5p48jdw6kwmad,M. Amevor,37.065,8.364,4,3.0,turnover,False,6.268920285695812e-05
2026-01-18_FC Volendam - FC Utrecht,2890701051,2,90,35,ccpscwdcm65czscrun048ecn5,FC Utrecht,2tc8y9du64tjno62zll2jhy7e,Y. Cathline,31.605000000000004,54.196000000000005,4,7.0,turnover,False,1.5324901166166582e-05
2026-01-18_FC Volendam - FC Utrecht,2890702757,2,92,26,ccpscwdcm65czscrun048ecn5,FC Utrecht,b33sm106xc7g3h4bcqtawja7e,C. Bozdoğan,25.200000000000003,58.75200000000001,1,0.0,turnover,False,0.0
2026-01-18_FC Volendam - FC Utrecht,2890704471,2,94,24,6g9qrm72224jrk6tkxxxi8a9n,FC Volendam,89plvrt8pzppcclh4axvii0ru,A. Plat,66.25500000000001,26.044,2,3.0,turnover,False,0.0
2026-01-18_Feyenoord Rotterdam - Sparta Rotterdam,2890734137,1,8,10,20vymiy7bo8wkyxai3ew494fz,Feyenoord Rotterdam,29fr98or3mqippn84z3p9ihhw,L. Valente,53.97,50.728,0,0.0,turnover,False,0.0
2026-01-18_Feyenoord Rotterdam - Sparta Rotterdam,2890735861,1,10,41,20vymiy7bo8wkyxai3ew494fz,Feyenoord Rotterdam,447abno2j0ux8fsxzs6fel7th,A. Ahmedhodžić,22.365000000000002,11.288000000000002,0,0.0,turnover,False,0.0
2026-01-18_Feyenoord Rotterdam - Sparta Rotterdam,2890739495,1,15,59,89w5c6pw7vn0dxypi61tt0g4k,Sparta Rotterdam,1ueqcjuatzazpmz765tru4zdg,L. Martes,55.125,4.08,1,4.0,turnover,False,0.0
2026-01-18_Feyenoord Rotterdam - Sparta Rotterdam,2890742299,1,19,54,89w5c6pw7vn0dxypi61tt0g4k,Sparta Rotterdam,6ab5gq2owk86qs5zjottfhwmi,T. Quintero,43.47,48.416000000000004,0,0.0,turnover,False,0.0
2026-01-18_Feyenoord Rotterdam - Sparta Rotterdam,2890746489,1,25,49,20vymiy7bo8wkyxai3ew494fz,Feyenoord Rotterdam,29fr98or3mqippn84z3p9ihhw,L. Valente,12.915000000000001,63.376000000000005,1,2.0,window_expired,False,0.0
2026-01-18_Feyenoord Rotterdam - Sparta Rotterdam,2890775913,2,48,42,20vymiy7bo8wkyxai3ew494fz,Feyenoord Rotterdam,8f3bhiy6r5eei1n25exhbwr8p,J. Lotomba,26.46,13.532,3,10.0,window_expired,False,0.0002669490302716
2026-01-18_Feyenoord Rotterdam - Sparta Rotterdam,2890781795,2,56,9,89w5c6pw7vn0dxypi61tt0g4k,Sparta Rotterdam,29q4j9r2lgdsdkkq2fgh8l7o4,Ayoni Santos,48.510000000000005,39.984,0,0.0,turnover,False,0.0
2026-01-18_Feyenoord Rotterdam - Sparta Rotterdam,2890782011,2,56,27,89w5c6pw7vn0dxypi61tt0g4k,Sparta Rotterdam,536qjh4gcmpo5q68ti87e60kq,S. Mito,17.64,39.508,1,1.0,turnover,False,0.0
2026-01-18_Feyenoord Rotterdam - Sparta Rotterdam,2890787013,2,63,11,20vymiy7bo8wkyxai3ew494fz,Feyenoord Rotterdam,43ib46nh45n9oajf5rmaz4f6x,Hwang In-Beom,45.045,21.284000000000002,4,7.0,turnover,False,0.0028884305669774
2026-01-18_Feyenoord Rotterdam - Sparta Rotterdam,2890787099,2,63,19,89w5c6pw7vn0dxypi61tt0g4k,Sparta Rotterdam,f07qmqesi1rpw7eapoz9rb0gk,J. Baas,19.635,32.43600000000001,0,0.0,turnover,False,0.0
2026-01-18_Feyenoord Rotterdam - Sparta Rotterdam,2890791217,2,68,57,89w5c6pw7vn0dxypi61tt0g4k,Sparta Rotterdam,8n9t52eeli3s39r8ujjhjt7je,J. Kitolano,42.63,23.732,1,0.0,turnover,False,0.0
2026-01-18_Feyenoord Rotterdam - Sparta Rotterdam,2890794953,2,74,9,20vymiy7bo8wkyxai3ew494fz,Feyenoord Rotterdam,29fr98or3mqippn84z3p9ihhw,L. Valente,43.155,47.668,2,1.0,turnover,False,0.0
2026-01-18_Feyenoord Rotterdam - Sparta Rotterdam,2890798421,2,78,32,89w5c6pw7vn0dxypi61tt0g4k,Sparta Rotterdam,ass524umdrpsq324wksaqef4k,M. Young,1.785,36.312000000000005,0,0.0,turnover,False,0.0
2026-01-18_Heracles Almelo - FC Twente,2890632069,1,0,41,4tic29sox7m39fy1ztgv0jsiq,FC Twente,5r47vtvu418kae5j2rpv6w2dw,M. Rots,31.5,64.19200000000001,2,0.0,turnover,False,0.0
2026-01-18_Heracles Almelo - FC Twente,2890633027,1,2,5,dac758ef858jbq7pcb3gfwite,Heracles Almelo,7d8qc47gy4mb9mo67e1ic448a,M. Benita,36.96000000000001,16.32,0,0.0,turnover,False,0.0
2026-01-18_Heracles Almelo - FC Twente,2890633591,1,2,59,dac758ef858jbq7pcb3gfwite,Heracles Almelo,do5gstk4ks97daehnudehyjxm,J. Žambůrek,40.005,48.620000000000005,1,4.0,turnover,False,0.0
2026-01-18_Heracles Almelo - FC Twente,2890639751,1,12,36,dac758ef858jbq7pcb3gfwite,Heracles Almelo,7d8qc47gy4mb9mo67e1ic448a,M. Benita,19.215,7.752000000000001,1,2.0,turnover,False,0.0
2026-01-18_Heracles Almelo - FC Twente,2890641511,1,15,43,4tic29sox7m39fy1ztgv0jsiq,FC Twente,cocgd3hh74fq9c30x9bps4idw,S. Lemkin,62.580000000000005,9.588000000000001,2,1.0,turnover,False,0.0
2026-01-18_Heracles Almelo - FC Twente,2890643675,1,19,41,dac758ef858jbq7pcb3gfwite,Heracles Almelo,e3akocgpppdty3ayxty1gf6xh,D. Mirani,16.59,48.75600000000001,0,0.0,turnover,False,0.0
2026-01-18_Heracles Almelo - FC Twente,2890645983,1,25,9,4tic29sox7m39fy1ztgv0jsiq,FC Twente,qobf1v5kwuz6hj2ooixfw4mi,B. van Rooij,32.550000000000004,2.584,3,5.0,turnover,False,0.0001677758412666
2026-01-18_Heracles Almelo - FC Twente,2890647177,1,28,10,dac758ef858jbq7pcb3gfwite,Heracles Almelo,do5gstk4ks97daehnudehyjxm,J. Žambůrek,27.72,16.592,3,4.0,turnover,False,0.0
2026-01-18_Heracles Almelo - FC Twente,2890647601,1,28,43,dac758ef858jbq7pcb3gfwite,Heracles Almelo,8oetnmi8kejwwy37rhlelw2ne,W. Ould-Chikh,45.36000000000001,52.904,0,0.0,turnover,False,0.0
2026-01-18_Heracles Almelo - FC Twente,2890658645,1,30,55,dac758ef858jbq7pcb3gfwite,Heracles Almelo,7d8qc47gy4mb9mo67e1ic448a,M. Benita,65.94,10.948000000000002,0,0.0,turnover,False,0.0
2026-01-18_Heracles Almelo - FC Twente,2890660421,1,33,18,4tic29sox7m39fy1ztgv0jsiq,FC Twente,lduqoe45t2fnbn9s9rbvlnf9,R. Pröpper,37.800000000000004,46.308,0,0.0,turnover,False,0.0
2026-01-18_Heracles Almelo - FC Twente,2890660849,1,33,59,dac758ef858jbq7pcb3gfwite,Heracles Almelo,e3akocgpppdty3ayxty1gf6xh,D. Mirani,59.85,4.964,0,0.0,turnover,False,0.0
2026-01-18_Heracles Almelo - FC Twente,2890666597,1,42,47,dac758ef858jbq7pcb3gfwite,Heracles Almelo,do5gstk4ks97daehnudehyjxm,J. Žambůrek,77.59500000000001,40.392,0,0.0,turnover,False,0.0
2026-01-18_Heracles Almelo - FC Twente,2890667835,1,44,36,dac758ef858jbq7pcb3gfwite,Heracles Almelo,6ok4k757utbtswx5618xffsru,I. Mesík,60.900000000000006,59.908,0,0.0,turnover,False,0.0
2026-01-18_Heracles Almelo - FC Twente,2890682643,2,49,40,4tic29sox7m39fy1ztgv0jsiq,FC Twente,dc119ejc7lls2rd3ywigl2smi,R. Zerrouki,41.685,13.600000000000001,3,8.0,turnover,False,0.0
2026-01-18_Heracles Almelo - FC Twente,2890699719,2,75,54,4tic29sox7m39fy1ztgv0jsiq,FC Twente,a339o11ut8s1o9odm6ybc4pka,T. van den Belt,23.52,52.156000000000006,4,4.0,turnover,False,0.0
2026-01-18_Heracles Almelo - FC Twente,2890705847,2,82,57,dac758ef858jbq7pcb3gfwite,Heracles Almelo,1xsy3m0bzicto5ogxsd026bmy,E. Ahlstrand,12.600000000000001,6.256,1,0.0,turnover,False,0.0
2026-01-18_Heracles Almelo - FC Twente,2890717315,2,95,19,dac758ef858jbq7pcb3gfwite,Heracles Almelo,f2snk84xy67ergwrwoblgt2ad,T. Bruns,11.97,48.620000000000005,1,2.0,turnover,False,0.0
2026-01-18_SC Heerenveen - FC Groningen,2890576831,1,19,24,4vd2t5schmvvufrfib7f2vjdf,SC Heerenveen,idvh0ac1f8wv39640pyl4esp,S. Kersten,62.475,26.248,2,5.0,turnover,True,0.0
2026-01-18_SC Heerenveen - FC Groningen,2890579163,1,24,25,cos9hxi16eitbcbthof7zrm4m,FC Groningen,d1dq7upxtawnps3wljz6wf9jo,S. Resink,66.15,54.74,1,1.0,turnover,False,0.0
2026-01-18_SC Heerenveen - FC Groningen,2890584215,1,35,52,4vd2t5schmvvufrfib7f2vjdf,SC Heerenveen,e5hzt8nmhu2ktn69dsv67ga38,M. Linday,56.49,4.6240000000000006,3,2.0,turnover,False,0.0007539232422533
2026-01-18_SC Heerenveen - FC Groningen,2890597743,2,50,17,4vd2t5schmvvufrfib7f2vjdf,SC Heerenveen,d2698ncsatg6jtvb0l9ijhj4k,N. Hopland,48.93000000000001,3.808,0,0.0,turnover,False,0.0
2026-01-18_SC Heerenveen - FC Groningen,2890597971,2,50,56,4vd2t5schmvvufrfib7f2vjdf,SC Heerenveen,d2698ncsatg6jtvb0l9ijhj4k,N. Hopland,23.415000000000003,27.472,0,0.0,turnover,False,0.0
2026-01-18_SC Heerenveen - FC Groningen,2890598871,2,53,24,cos9hxi16eitbcbthof7zrm4m,FC Groningen,e6x3hs6v8cq74ojgluyny72fo,T. Land,2.8350000000000004,34.476000000000006,3,6.0,turnover,False,0.0
2026-01-18_SC Heerenveen - FC Groningen,2890605463,2,66,25,cos9hxi16eitbcbthof7zrm4m,FC Groningen,1c4fzmrwmlwaqmqomge14rqc4,D. Janse,69.72000000000001,63.376000000000005,2,1.0,turnover,False,0.0
2026-01-18_SC Heerenveen - FC Groningen,2890606313,2,67,56,cos9hxi16eitbcbthof7zrm4m,FC Groningen,4dk7h575fifmw2lhslevhmhux,M. Rente,29.82,47.940000000000005,0,0.0,turnover,False,0.0
2026-01-21_Alkmaar Zaanstreek - SBV Excelsior,2891433929,1,0,20,3kfktv64h7kg7zryax1wktr5r,Alkmaar Zaanstreek,3uq3lrjyj4mnvq6162b0jyhnt,M. de Wit,16.8,57.528,1,2.0,turnover,False,0.0
2026-01-21_Alkmaar Zaanstreek - SBV Excelsior,2891434473,1,2,33,3kfktv64h7kg7zryax1wktr5r,Alkmaar Zaanstreek,3dx91sb6ktg8z1xmoti25kru,P. Koopmeiners,45.045,63.92,2,1.0,turnover,False,0.0
2026-01-21_Alkmaar Zaanstreek - SBV Excelsior,2891435145,1,4,59,dqk062lu0vm8epvytbm6r4mmf,SBV Excelsior,cs49ec8y6cubrlo5nmu3j3jtg,L. Schouten,28.665000000000003,52.428,1,4.0,turnover,False,0.0
2026-01-21_Alkmaar Zaanstreek - SBV Excelsior,2891438101,1,16,44,dqk062lu0vm8epvytbm6r4mmf,SBV Excelsior,c6i4usq34m3389rtbqptahrai,R. Meissen,27.195,32.776,0,0.0,turnover,False,0.0
2026-01-21_Alkmaar Zaanstreek - SBV Excelsior,2891438477,1,17,52,dqk062lu0vm8epvytbm6r4mmf,SBV Excelsior,5nhideyjwp2347ryi1n9wfq50,D. Sanches Fernandes,24.990000000000002,37.604,1,0.0,turnover,False,0.0
2026-01-21_Alkmaar Zaanstreek - SBV Excelsior,2891443597,1,30,20,dqk062lu0vm8epvytbm6r4mmf,SBV Excelsior,5wwqe546ohp130rvi8x8pt0tm,A. Zagré,30.03,62.764,3,3.0,turnover,False,0.0
2026-01-21_Alkmaar Zaanstreek - SBV Excelsior,2891443629,1,30,24,3kfktv64h7kg7zryax1wktr5r,Alkmaar Zaanstreek,3dx91sb6ktg8z1xmoti25kru,P. Koopmeiners,70.665,9.588000000000001,0,0.0,turnover,False,0.0
2026-01-21_Alkmaar Zaanstreek - SBV Excelsior,2891445001,1,33,51,dqk062lu0vm8epvytbm6r4mmf,SBV Excelsior,aeqj9ogm0dntus0wl352w9z6y,C. Widell,61.74,25.432000000000002,0,0.0,turnover,False,0.0
2026-01-21_Alkmaar Zaanstreek - SBV Excelsior,2891446383,1,38,25,3kfktv64h7kg7zryax1wktr5r,Alkmaar Zaanstreek,22alh32lu88yabxd4pl0opg5w,K. Boogaard,56.49,38.624,4,5.0,turnover,False,0.0062013431657081
2026-01-21_Alkmaar Zaanstreek - SBV Excelsior,2891447207,1,41,24,dqk062lu0vm8epvytbm6r4mmf,SBV Excelsior,cdhqb1a4h246hu0u13pm0tqay,I. Bronkhorst,35.595,2.788,0,0.0,turnover,False,0.0
2026-01-21_Alkmaar Zaanstreek - SBV Excelsior,2891448277,1,45,11,dqk062lu0vm8epvytbm6r4mmf,SBV Excelsior,aeqj9ogm0dntus0wl352w9z6y,C. Widell,15.435,31.552,0,0.0,turnover,False,0.0
2026-01-21_Alkmaar Zaanstreek - SBV Excelsior,2891448723,1,46,40,dqk062lu0vm8epvytbm6r4mmf,SBV Excelsior,3hu6e9wa0nt4ekubxye6l4pas,I. Yegoian,36.645,37.332,4,9.0,window_expired,False,0.0052905864897815
2026-01-21_Alkmaar Zaanstreek - SBV Excelsior,2891455645,2,56,4,3kfktv64h7kg7zryax1wktr5r,Alkmaar Zaanstreek,73lwz4he5erpp25zi8crjvztg,I. Jensen,61.53,64.87200000000001,0,0.0,turnover,False,0.0
2026-01-21_Alkmaar Zaanstreek - SBV Excelsior,2891456677,2,60,22,3kfktv64h7kg7zryax1wktr5r,Alkmaar Zaanstreek,619vlbweueymdkq1vu3jm2mwa,I. Sadiq,25.725,32.844,0,0.0,turnover,False,0.0
2026-01-21_Alkmaar Zaanstreek - SBV Excelsior,2891457377,2,63,8,dqk062lu0vm8epvytbm6r4mmf,SBV Excelsior,5wwqe546ohp130rvi8x8pt0tm,A. Zagré,72.03,64.19200000000001,0,0.0,turnover,False,0.0
2026-01-21_Alkmaar Zaanstreek - SBV Excelsior,2891458539,2,67,24,3kfktv64h7kg7zryax1wktr5r,Alkmaar Zaanstreek,22alh32lu88yabxd4pl0opg5w,K. Boogaard,57.015,64.94,0,0.0,turnover,False,0.0
2026-01-21_Alkmaar Zaanstreek - SBV Excelsior,2891459851,2,71,25,3kfktv64h7kg7zryax1wktr5r,Alkmaar Zaanstreek,5ylwgfqvaobru2lxqvlhpxul0,E. Dijkstra,35.910000000000004,17.136,0,0.0,turnover,False,0.0
2026-01-21_Alkmaar Zaanstreek - SBV Excelsior,2891462699,2,79,19,3kfktv64h7kg7zryax1wktr5r,Alkmaar Zaanstreek,es363spp9pgd4hralx6ni2xw4,M. Chávez,27.615000000000002,62.628,1,1.0,turnover,False,0.0
2026-01-21_Alkmaar Zaanstreek - SBV Excelsior,2891462743,2,79,27,3kfktv64h7kg7zryax1wktr5r,Alkmaar Zaanstreek,3dx91sb6ktg8z1xmoti25kru,P. Koopmeiners,30.66,61.608000000000004,3,4.0,turnover,False,0.0
2026-01-21_Alkmaar Zaanstreek - SBV Excelsior,2891464223,2,84,27,dqk062lu0vm8epvytbm6r4mmf,SBV Excelsior,c6i4usq34m3389rtbqptahrai,R. Meissen,3.1500000000000004,44.132000000000005,0,0.0,turnover,False,0.0
2026-01-21_Alkmaar Zaanstreek - SBV Excelsior,2891464349,2,85,3,dqk062lu0vm8epvytbm6r4mmf,SBV Excelsior,1xwmx2ydxa5zeqo12778h83ro,N. Martens,17.325,22.644,0,0.0,turnover,False,0.0
2026-01-24_AFC Ajax - FC Volendam,2892261767,1,2,38,d0zdg647gvgc95xdtk1vpbkys,AFC Ajax,2zkaf848fjcdhuii8783pkm7e,Y. Regeer,58.17,32.844,0,0.0,turnover,False,0.0
2026-01-24_AFC Ajax - FC Volendam,2892262577,1,3,2,d0zdg647gvgc95xdtk1vpbkys,AFC Ajax,2wesmq2wuhnuwh2yhgkuaxqfo,A. Bouwman,14.07,36.176,4,10.0,window_expired,False,0.0002787168303809
2026-01-24_AFC Ajax - FC Volendam,2892263765,1,3,41,d0zdg647gvgc95xdtk1vpbkys,AFC Ajax,4n18t6bixl6ba3bx76hym51qs,A. Gaaei,45.464999999999996,6.460000000000001,3,3.0,window_expired,False,0.0
2026-01-24_AFC Ajax - FC Volendam,2892268045,1,5,56,6g9qrm72224jrk6tkxxxi8a9n,FC Volendam,9bgq1tfyfzc3wg9pfr8q510k4,D. Kwakman,21.21,33.728,6,10.0,window_expired,False,9.713955655270279e-05
2026-01-24_AFC Ajax - FC Volendam,2892275013,1,9,37,d0zdg647gvgc95xdtk1vpbkys,AFC Ajax,9tp35qqu1heburu0g5wa6jv56,Lucas Rosa,66.25500000000001,60.31600000000001,5,10.0,window_expired,False,0.0162182836891844
2026-01-24_AFC Ajax - FC Volendam,2892293279,1,19,34,6g9qrm72224jrk6tkxxxi8a9n,FC Volendam,4utx4h5jz14whtjawxn7ox0r8,N. Verschuren,37.38,58.412000000000006,1,1.0,turnover,False,0.0
2026-01-24_AFC Ajax - FC Volendam,2892294107,1,20,32,6g9qrm72224jrk6tkxxxi8a9n,FC Volendam,9bgq1tfyfzc3wg9pfr8q510k4,D. Kwakman,28.035,30.056000000000004,2,1.0,turnover,False,0.0
2026-01-24_AFC Ajax - FC Volendam,2892296259,1,23,20,6g9qrm72224jrk6tkxxxi8a9n,FC Volendam,eu901b75l2ly5p48jdw6kwmad,M. Amevor,55.650000000000006,28.016000000000005,3,3.0,turnover,False,0.0
2026-01-24_AFC Ajax - FC Volendam,2892300755,1,30,49,d0zdg647gvgc95xdtk1vpbkys,AFC Ajax,baakmd4ndnulbl9npvmq90mvp,D. Klaassen,55.33500000000001,52.156000000000006,2,2.0,turnover,False,0.0
2026-01-24_AFC Ajax - FC Volendam,2892304885,1,34,47,6g9qrm72224jrk6tkxxxi8a9n,FC Volendam,ealh7n21gctxxw5ol3l3yxzze,Y. Leliendal,25.41,65.144,1,0.0,turnover,False,0.0
2026-01-24_AFC Ajax - FC Volendam,2892352459,2,45,58,d0zdg647gvgc95xdtk1vpbkys,AFC Ajax,9tp35qqu1heburu0g5wa6jv56,Lucas Rosa,28.665000000000003,63.784000000000006,1,0.0,turnover,False,0.0
2026-01-24_AFC Ajax - FC Volendam,2892353005,2,46,18,d0zdg647gvgc95xdtk1vpbkys,AFC Ajax,9tp35qqu1heburu0g5wa6jv56,Lucas Rosa,20.895,57.93600000000001,1,4.0,turnover,False,0.0
2026-01-24_AFC Ajax - FC Volendam,2892353267,2,46,30,6g9qrm72224jrk6tkxxxi8a9n,FC Volendam,9bgq1tfyfzc3wg9pfr8q510k4,D. Kwakman,37.275,51.68000000000001,3,3.0,turnover,False,0.0
2026-01-24_AFC Ajax - FC Volendam,2892356681,2,48,25,6g9qrm72224jrk6tkxxxi8a9n,FC Volendam,4ezldqmn62ggasx6pniqbfwno,J. Ideho,67.83,26.520000000000003,0,0.0,turnover,False,0.0
2026-01-24_AFC Ajax - FC Volendam,2892371837,2,57,14,6g9qrm72224jrk6tkxxxi8a9n,FC Volendam,xvher4f1mb6otoui5k5gs3ro,N. Bukala,49.665,37.944,0,0.0,turnover,False,0.0
2026-01-24_AFC Ajax - FC Volendam,2892384611,2,65,26,d0zdg647gvgc95xdtk1vpbkys,AFC Ajax,baakmd4ndnulbl9npvmq90mvp,D. Klaassen,58.800000000000004,38.828,0,0.0,turnover,False,0.0
2026-01-24_AFC Ajax - FC Volendam,2892385281,2,65,59,d0zdg647gvgc95xdtk1vpbkys,AFC Ajax,47l204bkq2qqjhtazusr0019m,Y. Baas,27.090000000000003,51.816,4,5.0,turnover,False,7.78701433305079e-05
2026-01-24_AFC Ajax - FC Volendam,2892387953,2,68,12,6g9qrm72224jrk6tkxxxi8a9n,FC Volendam,4ezldqmn62ggasx6pniqbfwno,J. Ideho,64.47,8.432,1,4.0,turnover,False,0.0
2026-01-24_AFC Ajax - FC Volendam,2892410687,2,77,22,6g9qrm72224jrk6tkxxxi8a9n,FC Volendam,8q43q98due672rcbps12ih0d0,T. Codinha,65.52,19.652,5,10.0,window_expired,False,0.0005686058113811
2026-01-24_AFC Ajax - FC Volendam,2892395045,2,78,45,d0zdg647gvgc95xdtk1vpbkys,AFC Ajax,47l204bkq2qqjhtazusr0019m,Y. Baas,58.800000000000004,41.61600000000001,0,0.0,turnover,False,0.0
2026-01-24_AFC Ajax - FC Volendam,2892399813,2,84,51,6g9qrm72224jrk6tkxxxi8a9n,FC Volendam,89plvrt8pzppcclh4axvii0ru,A. Plat,8.085,33.728,3,8.0,window_expired,False,4.649740863553464e-05
2026-01-24_AFC Ajax - FC Volendam,2892400077,2,85,11,d0zdg647gvgc95xdtk1vpbkys,AFC Ajax,9tp35qqu1heburu0g5wa6jv56,Lucas Rosa,14.595,49.776,0,0.0,turnover,False,0.0
2026-01-24_FC Twente - SBV Excelsior,2892523505,1,0,9,4tic29sox7m39fy1ztgv0jsiq,FC Twente,5r47vtvu418kae5j2rpv6w2dw,M. Rots,33.915,61.132000000000005,0,0.0,turnover,False,0.0
2026-01-24_FC Twente - SBV Excelsior,2892526191,1,5,0,dqk062lu0vm8epvytbm6r4mmf,SBV Excelsior,5pg02unrm16jaa8vt5ego9z6y,S. Janssen,32.76,56.57600000000001,1,1.0,turnover,False,0.0
2026-01-24_FC Twente - SBV Excelsior,2892528401,1,7,54,dqk062lu0vm8epvytbm6r4mmf,SBV Excelsior,5pg02unrm16jaa8vt5ego9z6y,S. Janssen,36.12,54.604,0,0.0,turnover,False,0.0
2026-01-24_FC Twente - SBV Excelsior,2892530169,1,10,9,4tic29sox7m39fy1ztgv0jsiq,FC Twente,9nix5y8xcj34ps62r34udtqwa,K. Hlynsson,68.88,12.648000000000001,2,2.0,turnover,False,0.0
2026-01-24_FC Twente - SBV Excelsior,2892536681,1,19,12,dqk062lu0vm8epvytbm6r4mmf,SBV Excelsior,aeqj9ogm0dntus0wl352w9z6y,C. Widell,61.005,24.072,1,1.0,turnover,False,0.0
2026-01-24_FC Twente - SBV Excelsior,2892540769,1,25,16,4tic29sox7m39fy1ztgv0jsiq,FC Twente,5m8pflpgynidzk7d9507oujje,D. Rots,38.85,7.752000000000001,1,0.0,turnover,False,0.0
2026-01-24_FC Twente - SBV Excelsior,2892544863,1,31,45,dqk062lu0vm8epvytbm6r4mmf,SBV Excelsior,49xsd6e4oyjrhtwsdbdm4rj84,L. Hartjes,32.550000000000004,45.492000000000004,0,0.0,turnover,False,0.0
2026-01-24_FC Twente - SBV Excelsior,2892545727,1,33,7,dqk062lu0vm8epvytbm6r4mmf,SBV Excelsior,aeqj9ogm0dntus0wl352w9z6y,C. Widell,43.575,55.488,0,0.0,turnover,False,0.0
2026-01-24_FC Twente - SBV Excelsior,2892546179,1,33,53,dqk062lu0vm8epvytbm6r4mmf,SBV Excelsior,aeqj9ogm0dntus0wl352w9z6y,C. Widell,28.875,16.32,3,7.0,window_expired,False,0.0
2026-01-24_FC Twente - SBV Excelsior,2892547843,1,36,45,dqk062lu0vm8epvytbm6r4mmf,SBV Excelsior,3hu6e9wa0nt4ekubxye6l4pas,I. Yegoian,96.81,24.752000000000002,0,0.0,turnover,False,0.0
2026-01-24_FC Twente - SBV Excelsior,2892547953,1,36,55,dqk062lu0vm8epvytbm6r4mmf,SBV Excelsior,49xsd6e4oyjrhtwsdbdm4rj84,L. Hartjes,56.385000000000005,52.496,1,2.0,turnover,False,0.0
2026-01-24_FC Twente - SBV Excelsior,2892549033,1,38,36,4tic29sox7m39fy1ztgv0jsiq,FC Twente,bner5siqnwn1fqusfrgujt0fe,M. Bruns,41.580000000000005,12.58,5,10.0,window_expired,False,0.0100770465147998
2026-01-24_FC Twente - SBV Excelsior,2892549531,1,39,21,dqk062lu0vm8epvytbm6r4mmf,SBV Excelsior,1xwmx2ydxa5zeqo12778h83ro,N. Martens,40.11000000000001,8.568,1,0.0,turnover,False,0.0
2026-01-24_FC Twente - SBV Excelsior,2892550955,1,41,22,dqk062lu0vm8epvytbm6r4mmf,SBV Excelsior,30t0ph1icrggc0x62om801ses,G. de Regt,30.975,56.57600000000001,2,1.0,turnover,False,0.0
2026-01-24_FC Twente - SBV Excelsior,2892561341,2,47,42,dqk062lu0vm8epvytbm6r4mmf,SBV Excelsior,7y0acvcg9km8dz51t5ndy23md,M. van Duinen,32.13,34.408,0,0.0,turnover,False,0.0
2026-01-24_FC Twente - SBV Excelsior,2892562253,2,49,51,dqk062lu0vm8epvytbm6r4mmf,SBV Excelsior,1xwmx2ydxa5zeqo12778h83ro,N. Martens,23.730000000000004,16.456,0,0.0,turnover,False,0.0
2026-01-24_FC Twente - SBV Excelsior,2892570633,2,66,1,dqk062lu0vm8epvytbm6r4mmf,SBV Excelsior,2vfhae70oyyzm0qttlckworqi,A. Carlén,28.77,14.620000000000001,2,6.0,turnover,False,0.0
2026-01-24_FC Twente - SBV Excelsior,2892573871,2,72,28,dqk062lu0vm8epvytbm6r4mmf,SBV Excelsior,5nhideyjwp2347ryi1n9wfq50,D. Sanches Fernandes,32.025,22.916000000000004,0,0.0,turnover,False,0.0
2026-01-24_FC Twente - SBV Excelsior,2892575001,2,74,48,dqk062lu0vm8epvytbm6r4mmf,SBV Excelsior,cdhqb1a4h246hu0u13pm0tqay,I. Bronkhorst,27.51,5.372000000000001,0,0.0,turnover,False,0.0
2026-01-24_Nijmegen Eendracht Combinatie - PEC Zwolle,2892429111,1,0,32,8iawijq7s9s6d85mjz8wdslki,Nijmegen Eendracht Combinatie,dse071e8zbzm8l37m64g6e1p0,K. Sano,45.255,8.704,3,4.0,turnover,False,0.0002456754846858
2026-01-24_Nijmegen Eendracht Combinatie - PEC Zwolle,2892439945,1,16,46,2uuh2bir8ktof0uxfo06lb4ox,PEC Zwolle,dficbkp6sp4kw7xihaxneozpx,Y. Namli,65.83500000000001,2.924,0,0.0,turnover,False,0.0
2026-01-24_Nijmegen Eendracht Combinatie - PEC Zwolle,2892447265,1,25,28,8iawijq7s9s6d85mjz8wdslki,Nijmegen Eendracht Combinatie,4kns22wbu3emy5oxbpr52rdud,E. Dasa,64.26,7.412000000000001,2,4.0,turnover,False,0.0
2026-01-24_Nijmegen Eendracht Combinatie - PEC Zwolle,2892450669,1,29,51,2uuh2bir8ktof0uxfo06lb4ox,PEC Zwolle,1rd0zzpp3dn0y7qtxwc57g7h1,R. Thomas,41.79,4.964,0,0.0,turnover,False,0.0
2026-01-24_Nijmegen Eendracht Combinatie - PEC Zwolle,2892451177,1,30,24,2uuh2bir8ktof0uxfo06lb4ox,PEC Zwolle,4phgw75cred5p93hjq8hiou6t,S. Floranus,29.715000000000003,63.648,0,0.0,turnover,False,0.0
2026-01-24_Nijmegen Eendracht Combinatie - PEC Zwolle,2892453225,1,33,36,8iawijq7s9s6d85mjz8wdslki,Nijmegen Eendracht Combinatie,913pg8qqcjp99h5fjybbenob9,P. Sandler,44.31,8.976,0,0.0,turnover,False,0.0
2026-01-24_Nijmegen Eendracht Combinatie - PEC Zwolle,2892457887,1,40,58,8iawijq7s9s6d85mjz8wdslki,Nijmegen Eendracht Combinatie,ac3lkaa1lkbsa82tfylq5zcb8,N. Lebreton,75.39,47.87200000000001,4,8.0,window_expired,False,0.0131714191626018
2026-01-24_Nijmegen Eendracht Combinatie - PEC Zwolle,2892459293,1,43,9,8iawijq7s9s6d85mjz8wdslki,Nijmegen Eendracht Combinatie,dse071e8zbzm8l37m64g6e1p0,K. Sano,38.010000000000005,38.284,0,0.0,turnover,False,0.0
2026-01-24_Nijmegen Eendracht Combinatie - PEC Zwolle,2892460241,1,44,30,8iawijq7s9s6d85mjz8wdslki,Nijmegen Eendracht Combinatie,a76yp8gkkg6frtuhh3d6l46i,D. Proper,37.065,17.476,0,0.0,turnover,False,0.0
2026-01-24_Nijmegen Eendracht Combinatie - PEC Zwolle,2892680485,2,53,14,8iawijq7s9s6d85mjz8wdslki,Nijmegen Eendracht Combinatie,2yivr64anye4c0p62m16l78yc,S. Ouaissa,7.5600000000000005,4.352,2,5.0,turnover,False,0.0
2026-01-24_Nijmegen Eendracht Combinatie - PEC Zwolle,2892486879,2,60,15,8iawijq7s9s6d85mjz8wdslki,Nijmegen Eendracht Combinatie,4kns22wbu3emy5oxbpr52rdud,E. Dasa,24.465000000000003,27.608000000000004,2,1.0,turnover,False,0.0
2026-01-24_Nijmegen Eendracht Combinatie - PEC Zwolle,2892498625,2,71,36,8iawijq7s9s6d85mjz8wdslki,Nijmegen Eendracht Combinatie,4kns22wbu3emy5oxbpr52rdud,E. Dasa,49.035000000000004,6.188000000000001,0,0.0,turnover,False,0.0
2026-01-24_Nijmegen Eendracht Combinatie - PEC Zwolle,2892501951,2,75,23,8iawijq7s9s6d85mjz8wdslki,Nijmegen Eendracht Combinatie,a76yp8gkkg6frtuhh3d6l46i,D. Proper,65.52,29.648000000000003,0,0.0,turnover,False,0.0
2026-01-24_Nijmegen Eendracht Combinatie - PEC Zwolle,2892502227,2,75,41,8iawijq7s9s6d85mjz8wdslki,Nijmegen Eendracht Combinatie,4kns22wbu3emy5oxbpr52rdud,E. Dasa,41.055,17.204,0,0.0,turnover,False,0.0
2026-01-24_Nijmegen Eendracht Combinatie - PEC Zwolle,2892687735,2,76,31,2uuh2bir8ktof0uxfo06lb4ox,PEC Zwolle,6u7z5qrlwzl9aug8awejq37xl,Jamiro Monteiro,38.115,42.704,1,0.0,turnover,False,0.0
2026-01-24_Nijmegen Eendracht Combinatie - PEC Zwolle,2892507401,2,83,8,8iawijq7s9s6d85mjz8wdslki,Nijmegen Eendracht Combinatie,a76yp8gkkg6frtuhh3d6l46i,D. Proper,48.405,20.468000000000004,0,0.0,turnover,False,0.0
2026-01-24_Nijmegen Eendracht Combinatie - PEC Zwolle,2892509871,2,86,45,8iawijq7s9s6d85mjz8wdslki,Nijmegen Eendracht Combinatie,1asrguqxyo7rmoyamggwd9oq2,A. Kaplan,9.240000000000002,20.060000000000002,2,3.0,turnover,False,0.0
2026-01-24_Nijmegen Eendracht Combinatie - PEC Zwolle,2892511529,2,89,24,8iawijq7s9s6d85mjz8wdslki,Nijmegen Eendracht Combinatie,dse071e8zbzm8l37m64g6e1p0,K. Sano,5.04,44.676,0,0.0,turnover,False,0.0
2026-01-24_Nijmegen Eendracht Combinatie - PEC Zwolle,2892513211,2,91,59,8iawijq7s9s6d85mjz8wdslki,Nijmegen Eendracht Combinatie,b2a5syitl1nb5ky04j7pdq09h,J. Willems,26.880000000000003,61.268,1,1.0,turnover,False,0.0
2026-01-24_PSV Eindhoven - NAC Breda,2892482007,1,1,47,24fvcruwqrqvqa3aonf8c3zuy,PSV Eindhoven,5lvdnoyknuoyr6kdruposgctl,J. Schouten,33.81,13.872,0,0.0,turnover,False,0.0
2026-01-24_PSV Eindhoven - NAC Breda,2892484633,1,4,41,24fvcruwqrqvqa3aonf8c3zuy,PSV Eindhoven,c6ip6gwp8yvchd1n3dv42go9,Mauro Júnior,31.71,8.092,1,2.0,turnover,False,0.0
2026-01-24_PSV Eindhoven - NAC Breda,2892486435,1,6,30,59t7flioj4w4mpwnrwbm0m8ck,NAC Breda,7qwmlcxsxlxmq01g7dkt7v14a,M. Balard,40.845,38.964,0,0.0,turnover,False,0.0
2026-01-24_PSV Eindhoven - NAC Breda,2892679355,1,6,32,59t7flioj4w4mpwnrwbm0m8ck,NAC Breda,7qwmlcxsxlxmq01g7dkt7v14a,M. Balard,50.61000000000001,29.376000000000005,0,0.0,turnover,False,0.0
2026-01-24_PSV Eindhoven - NAC Breda,2892490103,1,10,2,59t7flioj4w4mpwnrwbm0m8ck,NAC Breda,4f8xb5sbyksacxmifi375h7qi,K. Sowah,68.985,58.412000000000006,1,2.0,turnover,False,0.0
2026-01-24_PSV Eindhoven - NAC Breda,2892490131,1,10,5,59t7flioj4w4mpwnrwbm0m8ck,NAC Breda,64x38pccgfsuz4ywoveh2ksbu,L. Greiml,45.464999999999996,50.456,0,0.0,turnover,False,0.0
2026-01-24_PSV Eindhoven - NAC Breda,2892491225,1,11,7,24fvcruwqrqvqa3aonf8c3zuy,PSV Eindhoven,d4j19ipiaeuetyij08fofgs15,J. Veerman,13.23,45.15200000000001,5,9.0,window_expired,False,0.0001648671764978851
2026-01-24_PSV Eindhoven - NAC Breda,2892493849,1,13,42,59t7flioj4w4mpwnrwbm0m8ck,NAC Breda,64x38pccgfsuz4ywoveh2ksbu,L. Greiml,26.775000000000002,45.967999999999996,0,0.0,turnover,False,0.0
2026-01-24_PSV Eindhoven - NAC Breda,2892498635,1,18,22,59t7flioj4w4mpwnrwbm0m8ck,NAC Breda,969cpy2geokwer9gjapk7zj3e,R. Hillen,12.705,39.644,1,1.0,turnover,False,0.0
2026-01-24_PSV Eindhoven - NAC Breda,2892503135,1,23,39,59t7flioj4w4mpwnrwbm0m8ck,NAC Breda,4f8xb5sbyksacxmifi375h7qi,K. Sowah,24.150000000000002,57.800000000000004,4,4.0,window_expired,False,0.0005449760268975681
2026-01-24_PSV Eindhoven - NAC Breda,2892503969,1,24,37,59t7flioj4w4mpwnrwbm0m8ck,NAC Breda,8z4wdv767cv7ddqgrkz5txsrt,B. Kemper,61.95,47.736000000000004,0,0.0,turnover,False,0.0
2026-01-24_PSV Eindhoven - NAC Breda,2892504137,1,24,49,59t7flioj4w4mpwnrwbm0m8ck,NAC Breda,64x38pccgfsuz4ywoveh2ksbu,L. Greiml,15.855,39.984,0,0.0,turnover,False,0.0
2026-01-24_PSV Eindhoven - NAC Breda,2892510113,1,33,52,59t7flioj4w4mpwnrwbm0m8ck,NAC Breda,4f8xb5sbyksacxmifi375h7qi,K. Sowah,12.495000000000001,22.712,4,3.0,turnover,False,1.723560968683313e-05
2026-01-24_PSV Eindhoven - NAC Breda,2892510143,1,33,55,24fvcruwqrqvqa3aonf8c3zuy,PSV Eindhoven,d4j19ipiaeuetyij08fofgs15,J. Veerman,72.66000000000001,41.82,2,3.0,turnover,True,0.0
2026-01-24_PSV Eindhoven - NAC Breda,2892511647,1,36,24,24fvcruwqrqvqa3aonf8c3zuy,PSV Eindhoven,3ojwbw6v83g9b0u2wssnkzzzd,A. Obispo,15.120000000000001,48.96,0,0.0,turnover,False,0.0
2026-01-24_PSV Eindhoven - NAC Breda,2892527427,2,48,8,59t7flioj4w4mpwnrwbm0m8ck,NAC Breda,bgzvhtk50gvmq6noheadmc34l,D. Odoi,6.405,25.092000000000002,0,0.0,turnover,False,0.0
2026-01-24_PSV Eindhoven - NAC Breda,2892529379,2,50,40,59t7flioj4w4mpwnrwbm0m8ck,NAC Breda,969cpy2geokwer9gjapk7zj3e,R. Hillen,37.065,60.18000000000001,5,7.0,turnover,False,0.0001460717713966
2026-01-24_PSV Eindhoven - NAC Breda,2892530193,2,51,38,24fvcruwqrqvqa3aonf8c3zuy,PSV Eindhoven,d4j19ipiaeuetyij08fofgs15,J. Veerman,30.345,6.392,2,1.0,turnover,False,0.0001179902001872
2026-01-24_PSV Eindhoven - NAC Breda,2892536729,2,60,43,24fvcruwqrqvqa3aonf8c3zuy,PSV Eindhoven,c6ip6gwp8yvchd1n3dv42go9,Mauro Júnior,31.185000000000002,60.452000000000005,4,2.0,turnover,False,7.180594721128975e-06
2026-01-24_PSV Eindhoven - NAC Breda,2892538915,2,63,44,59t7flioj4w4mpwnrwbm0m8ck,NAC Breda,d785q9rpqlyuyswv8f9fx4cno,M. Nassoh,16.59,3.74,1,1.0,turnover,False,0.0
2026-01-24_PSV Eindhoven - NAC Breda,2892543817,2,71,30,59t7flioj4w4mpwnrwbm0m8ck,NAC Breda,c3j7ddqg0yzporam6gieibgiy,C. Brym,36.645,19.856,3,7.0,turnover,False,0.0
2026-01-24_PSV Eindhoven - NAC Breda,2892547251,2,77,23,24fvcruwqrqvqa3aonf8c3zuy,PSV Eindhoven,c6ip6gwp8yvchd1n3dv42go9,Mauro Júnior,33.39,59.43200000000001,1,2.0,turnover,False,0.0
2026-01-24_PSV Eindhoven - NAC Breda,2892551631,2,83,58,24fvcruwqrqvqa3aonf8c3zuy,PSV Eindhoven,2gsq05yyxwe4f8t79j6d49q6t,I. Perišić,79.17000000000002,44.268,2,3.0,turnover,False,0.0
2026-01-24_PSV Eindhoven - NAC Breda,2892552035,2,84,34,24fvcruwqrqvqa3aonf8c3zuy,PSV Eindhoven,24sgu58uugxgy49el075dz21g,E. Bajraktarević,44.1,1.904,1,0.0,window_expired,False,0.0
2026-01-24_PSV Eindhoven - NAC Breda,2892556757,2,92,47,24fvcruwqrqvqa3aonf8c3zuy,PSV Eindhoven,c6ip6gwp8yvchd1n3dv42go9,Mauro Júnior,31.5,50.79600000000001,6,8.0,window_expired,False,0.002927665910160334
2026-01-24_PSV Eindhoven - NAC Breda,2892557331,2,93,56,59t7flioj4w4mpwnrwbm0m8ck,NAC Breda,8z4wdv767cv7ddqgrkz5txsrt,B. Kemper,7.3500000000000005,46.104,2,1.0,turnover,False,0.0
2026-01-25_FC Groningen - Fortuna Sittard,2892773879,1,14,31,cos9hxi16eitbcbthof7zrm4m,FC Groningen,1c4fzmrwmlwaqmqomge14rqc4,D. Janse,45.675000000000004,46.988,0,0.0,turnover,False,0.0
2026-01-25_FC Groningen - Fortuna Sittard,2892778735,1,24,7,3ebril33e08ddzob4bhq8awsr,Fortuna Sittard,eyzcfyn1crjcgmm98uk9u8oyy,É. Michut,27.405,32.43600000000001,3,3.0,turnover,False,0.0
2026-01-25_FC Groningen - Fortuna Sittard,2892779335,1,25,40,cos9hxi16eitbcbthof7zrm4m,FC Groningen,4dk7h575fifmw2lhslevhmhux,M. Rente,39.06,11.832,0,0.0,turnover,False,0.0
2026-01-25_FC Groningen - Fortuna Sittard,2892815899,2,45,53,3ebril33e08ddzob4bhq8awsr,Fortuna Sittard,ccmmsnrfn58gwi1petlp08f3e,L. Duijvestijn,29.715000000000003,63.308,0,0.0,turnover,False,0.0
2026-01-25_FC Groningen - Fortuna Sittard,2892816095,2,46,5,3ebril33e08ddzob4bhq8awsr,Fortuna Sittard,8przxwwothu3crflys7ahl4dm,S. Adewoye,17.535,11.016,2,4.0,turnover,False,0.0
2026-01-25_FC Groningen - Fortuna Sittard,2892816677,2,46,38,cos9hxi16eitbcbthof7zrm4m,FC Groningen,1c4fzmrwmlwaqmqomge14rqc4,D. Janse,60.58500000000001,48.824,0,0.0,turnover,False,0.0
2026-01-25_FC Groningen - Fortuna Sittard,2892817209,2,47,10,cos9hxi16eitbcbthof7zrm4m,FC Groningen,e6x3hs6v8cq74ojgluyny72fo,T. Land,63.945,8.568,0,0.0,turnover,False,0.0
2026-01-25_FC Groningen - Fortuna Sittard,2892820517,2,50,26,3ebril33e08ddzob4bhq8awsr,Fortuna Sittard,eyzcfyn1crjcgmm98uk9u8oyy,É. Michut,24.78,19.040000000000003,0,0.0,turnover,False,0.0
2026-01-25_FC Groningen - Fortuna Sittard,2892831597,2,63,43,3ebril33e08ddzob4bhq8awsr,Fortuna Sittard,8przxwwothu3crflys7ahl4dm,S. Adewoye,35.07,7.412000000000001,0,0.0,turnover,False,0.0
2026-01-25_FC Groningen - Fortuna Sittard,2892835567,2,75,5,cos9hxi16eitbcbthof7zrm4m,FC Groningen,by85t8ssyumcjcks1jx3v96vo,Y. Taha,43.89,6.868,1,0.0,turnover,False,0.0
2026-01-25_FC Groningen - Fortuna Sittard,2892836189,2,75,52,cos9hxi16eitbcbthof7zrm4m,FC Groningen,1nk0hcaa9o4jnyxc9ndz1lams,D. van der Werff,27.72,54.33200000000001,3,9.0,window_expired,False,6.668539752424651e-05
2026-01-25_FC Utrecht - Sparta Rotterdam,2892893033,1,18,45,89w5c6pw7vn0dxypi61tt0g4k,Sparta Rotterdam,6ab5gq2owk86qs5zjottfhwmi,T. Quintero,32.34,44.88,0,0.0,turnover,False,0.0
2026-01-25_FC Utrecht - Sparta Rotterdam,2892913119,1,41,20,ccpscwdcm65czscrun048ecn5,FC Utrecht,b33sm106xc7g3h4bcqtawja7e,C. Bozdoğan,23.52,20.468000000000004,1,2.0,turnover,False,0.0
2026-01-25_FC Utrecht - Sparta Rotterdam,2892914225,1,42,37,89w5c6pw7vn0dxypi61tt0g4k,Sparta Rotterdam,29q4j9r2lgdsdkkq2fgh8l7o4,Ayoni Santos,58.905,42.568000000000005,4,9.0,turnover,False,0.0360748861171807
2026-01-25_FC Utrecht - Sparta Rotterdam,2892922041,1,50,19,89w5c6pw7vn0dxypi61tt0g4k,Sparta Rotterdam,6ab5gq2owk86qs5zjottfhwmi,T. Quintero,32.34,65.89200000000001,1,1.0,turnover,False,0.0
2026-01-25_FC Utrecht - Sparta Rotterdam,2892941837,2,49,42,ccpscwdcm65czscrun048ecn5,FC Utrecht,3r6elcuru7no13hrfczmwbmy1,S. Horemans,70.56,17.544,0,0.0,turnover,False,0.0
2026-01-25_FC Utrecht - Sparta Rotterdam,2892941845,2,49,44,ccpscwdcm65czscrun048ecn5,FC Utrecht,3r6elcuru7no13hrfczmwbmy1,S. Horemans,68.46000000000001,22.372,0,0.0,turnover,False,0.0
2026-01-25_FC Utrecht - Sparta Rotterdam,2892947437,2,57,47,ccpscwdcm65czscrun048ecn5,FC Utrecht,3r6elcuru7no13hrfczmwbmy1,S. Horemans,28.245,17.952,4,6.0,turnover,False,0.0001594916556208
2026-01-25_FC Utrecht - Sparta Rotterdam,2892950799,2,62,28,89w5c6pw7vn0dxypi61tt0g4k,Sparta Rotterdam,1ueqcjuatzazpmz765tru4zdg,L. Martes,62.79,3.6720000000000006,3,7.0,window_expired,False,0.0
2026-01-25_FC Utrecht - Sparta Rotterdam,2892952091,2,64,18,89w5c6pw7vn0dxypi61tt0g4k,Sparta Rotterdam,6q77vt9bp8dsq48pa97mfzsa1,T. Lauritsen,61.635000000000005,31.144000000000002,2,6.0,window_expired,False,0.0031605164504733
2026-01-25_FC Utrecht - Sparta Rotterdam,2892967021,2,83,11,ccpscwdcm65czscrun048ecn5,FC Utrecht,3ypxn1nvgv8e321sq5394w3my,M. Didden,28.455000000000002,56.37200000000001,0,0.0,turnover,False,0.0
2026-01-25_Feyenoord Rotterdam - Heracles Almelo,2892879717,1,0,52,20vymiy7bo8wkyxai3ew494fz,Feyenoord Rotterdam,1pezvbb0n8z7hu5063jysg2s4,L. Sauer,43.050000000000004,65.008,0,0.0,turnover,False,0.0
2026-01-25_Feyenoord Rotterdam - Heracles Almelo,2892879913,1,1,7,20vymiy7bo8wkyxai3ew494fz,Feyenoord Rotterdam,ciguyr553yqapqfudim9af46h,M. Deijl,46.725,3.944,0,0.0,turnover,False,0.0
2026-01-25_Feyenoord Rotterdam - Heracles Almelo,2893197249,1,7,49,dac758ef858jbq7pcb3gfwite,Heracles Almelo,5bm516z74pbsyfemsathj3umt,M. Engels,34.545,43.86000000000001,2,8.0,turnover,False,0.0
2026-01-25_Feyenoord Rotterdam - Heracles Almelo,2892886215,1,7,57,20vymiy7bo8wkyxai3ew494fz,Feyenoord Rotterdam,6fdwd71dx2qu7uzzs3ozm9x7u,T. Watanabe,29.925,34.612,2,3.0,turnover,False,0.0
2026-01-25_Feyenoord Rotterdam - Heracles Almelo,2892895225,1,20,16,20vymiy7bo8wkyxai3ew494fz,Feyenoord Rotterdam,447abno2j0ux8fsxzs6fel7th,A. Ahmedhodžić,47.98500000000001,34.408,0,0.0,turnover,False,0.0
2026-01-25_Feyenoord Rotterdam - Heracles Almelo,2892895257,1,20,18,20vymiy7bo8wkyxai3ew494fz,Feyenoord Rotterdam,447abno2j0ux8fsxzs6fel7th,A. Ahmedhodžić,46.410000000000004,43.044000000000004,0,0.0,turnover,False,0.0
2026-01-25_Feyenoord Rotterdam - Heracles Almelo,2892907797,1,34,3,dac758ef858jbq7pcb3gfwite,Heracles Almelo,7d8qc47gy4mb9mo67e1ic448a,M. Benita,18.480000000000004,24.14,1,1.0,turnover,False,0.0
2026-01-25_Feyenoord Rotterdam - Heracles Almelo,2892915441,1,42,44,20vymiy7bo8wkyxai3ew494fz,Feyenoord Rotterdam,9d4ald4f0m2imaastzen4j8mi,O. Targhalline,56.385000000000005,18.02,4,6.0,turnover,False,0.0009672210178629
2026-01-25_Feyenoord Rotterdam - Heracles Almelo,2892918949,1,46,6,dac758ef858jbq7pcb3gfwite,Heracles Almelo,mlqit2c8my1ewqy6avrfhf8q,A. Van Hoorenbeeck,11.340000000000002,35.224000000000004,2,6.0,turnover,False,0.0
2026-01-25_Feyenoord Rotterdam - Heracles Almelo,2892940503,2,50,19,dac758ef858jbq7pcb3gfwite,Heracles Almelo,8oetnmi8kejwwy37rhlelw2ne,W. Ould-Chikh,16.38,15.028000000000002,0,0.0,turnover,False,0.0
2026-01-25_Feyenoord Rotterdam - Heracles Almelo,2892944051,2,55,53,20vymiy7bo8wkyxai3ew494fz,Feyenoord Rotterdam,447abno2j0ux8fsxzs6fel7th,A. Ahmedhodžić,57.645,65.008,1,1.0,turnover,False,0.0
2026-01-25_Feyenoord Rotterdam - Heracles Almelo,2892945939,2,58,28,dac758ef858jbq7pcb3gfwite,Heracles Almelo,7d8qc47gy4mb9mo67e1ic448a,M. Benita,33.81,6.460000000000001,5,6.0,window_expired,False,9.342999911332583e-05
2026-01-25_Feyenoord Rotterdam - Heracles Almelo,2892953027,2,68,15,dac758ef858jbq7pcb3gfwite,Heracles Almelo,6ok4k757utbtswx5618xffsru,I. Mesík,62.79,44.132000000000005,0,0.0,turnover,False,0.0
2026-01-25_Feyenoord Rotterdam - Heracles Almelo,2892955473,2,71,28,dac758ef858jbq7pcb3gfwite,Heracles Almelo,6ok4k757utbtswx5618xffsru,I. Mesík,43.050000000000004,65.62,1,1.0,turnover,False,0.0
2026-01-25_Feyenoord Rotterdam - Heracles Almelo,2892956119,2,72,21,20vymiy7bo8wkyxai3ew494fz,Feyenoord Rotterdam,dwyl0yii553i57u7azfa7d15g,A. Hadj Moussa,51.345,14.076,0,0.0,turnover,False,0.0
2026-01-25_Feyenoord Rotterdam - Heracles Almelo,2892965437,2,84,15,20vymiy7bo8wkyxai3ew494fz,Feyenoord Rotterdam,1pezvbb0n8z7hu5063jysg2s4,L. Sauer,38.85,53.516000000000005,0,0.0,turnover,False,0.0
2026-01-25_Feyenoord Rotterdam - Heracles Almelo,2892967681,2,86,39,dac758ef858jbq7pcb3gfwite,Heracles Almelo,7d8qc47gy4mb9mo67e1ic448a,M. Benita,43.050000000000004,7.276,5,9.0,window_expired,False,0.0051943417911293
2026-01-25_Feyenoord Rotterdam - Heracles Almelo,2892969537,2,88,16,20vymiy7bo8wkyxai3ew494fz,Feyenoord Rotterdam,43ib46nh45n9oajf5rmaz4f6x,Hwang In-Beom,28.665000000000003,50.048,2,2.0,turnover,False,7.806371875418439e-06
2026-01-25_Feyenoord Rotterdam - Heracles Almelo,2892971845,2,90,27,dac758ef858jbq7pcb3gfwite,Heracles Almelo,do5gstk4ks97daehnudehyjxm,J. Žambůrek,49.665,55.01200000000001,3,3.0,turnover,False,4.081196505248408e-05
2026-01-25_Feyenoord Rotterdam - Heracles Almelo,2892971963,2,90,30,20vymiy7bo8wkyxai3ew494fz,Feyenoord Rotterdam,ciguyr553yqapqfudim9af46h,M. Deijl,55.86000000000001,4.828,0,0.0,turnover,False,0.0
2026-01-25_SC Telstar - Alkmaar Zaanstreek,2893180855,1,3,55,3kfktv64h7kg7zryax1wktr5r,Alkmaar Zaanstreek,3uq3lrjyj4mnvq6162b0jyhnt,M. de Wit,28.56,66.572,0,0.0,turnover,False,0.0
2026-01-25_SC Telstar - Alkmaar Zaanstreek,2892687083,1,6,33,zjawy6qdzk3y69v5pa3zl2cb,SC Telstar,avyhrrfkeizd3za28ni67x82c,C. Hatenboer,34.86000000000001,52.7,3,5.0,turnover,False,0.0
2026-01-25_SC Telstar - Alkmaar Zaanstreek,2892688753,1,14,50,3kfktv64h7kg7zryax1wktr5r,Alkmaar Zaanstreek,3uq3lrjyj4mnvq6162b0jyhnt,M. de Wit,11.025,61.2,0,0.0,turnover,False,0.0
2026-01-25_SC Telstar - Alkmaar Zaanstreek,2892692649,1,24,56,3kfktv64h7kg7zryax1wktr5r,Alkmaar Zaanstreek,5ylwgfqvaobru2lxqvlhpxul0,E. Dijkstra,55.02,4.352,0,0.0,turnover,False,0.0
2026-01-25_SC Telstar - Alkmaar Zaanstreek,2892695341,1,30,51,zjawy6qdzk3y69v5pa3zl2cb,SC Telstar,1k60tee702idfrp0ibca1s57u,G. Offerhaus,66.78,26.792,1,1.0,turnover,False,0.0
2026-01-25_SC Telstar - Alkmaar Zaanstreek,2892698413,1,39,16,3kfktv64h7kg7zryax1wktr5r,Alkmaar Zaanstreek,3dx91sb6ktg8z1xmoti25kru,P. Koopmeiners,55.755,16.66,1,1.0,turnover,False,0.0
2026-01-25_SC Telstar - Alkmaar Zaanstreek,2892698673,1,39,44,zjawy6qdzk3y69v5pa3zl2cb,SC Telstar,4bkb8qjb5n33wxfopju8r1mtx,D. Bakker,63.0,46.92,5,6.0,turnover,False,0.004258760634841601
2026-01-25_SC Telstar - Alkmaar Zaanstreek,2892700205,1,42,58,3kfktv64h7kg7zryax1wktr5r,Alkmaar Zaanstreek,4fsu74aeogf53l2g1tx89vuok,M. Šín,32.34,61.2,2,4.0,turnover,False,0.0
2026-01-25_SC Telstar - Alkmaar Zaanstreek,2892700271,1,43,7,zjawy6qdzk3y69v5pa3zl2cb,SC Telstar,52cqyvn8cfh83i5zwm3181pbe,T. Noslin,82.635,25.500000000000004,3,3.0,turnover,False,0.0145452642075695
2026-01-25_SC Telstar - Alkmaar Zaanstreek,2892714037,2,48,18,zjawy6qdzk3y69v5pa3zl2cb,SC Telstar,y1ky8sp8scl05mmfr7byy3md,J. Hardeveld,46.410000000000004,53.924,0,0.0,turnover,False,0.0
2026-01-25_SC Telstar - Alkmaar Zaanstreek,2892714213,2,48,41,zjawy6qdzk3y69v5pa3zl2cb,SC Telstar,1vn6w1mjdztfks75bxn0hk7x0,S. Hetli,92.82000000000001,60.248,0,0.0,turnover,False,0.0
2026-01-25_SC Telstar - Alkmaar Zaanstreek,2892714491,2,49,11,zjawy6qdzk3y69v5pa3zl2cb,SC Telstar,avyhrrfkeizd3za28ni67x82c,C. Hatenboer,31.919999999999998,43.248000000000005,0,0.0,turnover,False,0.0
2026-01-25_SC Telstar - Alkmaar Zaanstreek,2892715523,2,51,21,3kfktv64h7kg7zryax1wktr5r,Alkmaar Zaanstreek,9lixevzo8exxiia17altfw8ic,W. Goes,41.475,19.176000000000002,0,0.0,turnover,False,0.0
2026-01-25_SC Telstar - Alkmaar Zaanstreek,2892715639,2,51,33,zjawy6qdzk3y69v5pa3zl2cb,SC Telstar,4bkb8qjb5n33wxfopju8r1mtx,D. Bakker,77.80499999999999,64.804,0,0.0,turnover,False,0.0
2026-01-25_SC Telstar - Alkmaar Zaanstreek,2892716151,2,52,48,3kfktv64h7kg7zryax1wktr5r,Alkmaar Zaanstreek,5ylwgfqvaobru2lxqvlhpxul0,E. Dijkstra,68.88,7.208,0,0.0,turnover,False,0.0
2026-01-25_SC Telstar - Alkmaar Zaanstreek,2892717967,2,56,52,zjawy6qdzk3y69v5pa3zl2cb,SC Telstar,4bkb8qjb5n33wxfopju8r1mtx,D. Bakker,38.22,55.148,0,0.0,turnover,False,0.0
2026-01-25_SC Telstar - Alkmaar Zaanstreek,2892720727,2,61,10,zjawy6qdzk3y69v5pa3zl2cb,SC Telstar,8p3x0sm735fru6nthc87pjrbo,Neville Ogidi Nwankwo,31.815,41.480000000000004,0,0.0,turnover,False,0.0
2026-01-25_SC Telstar - Alkmaar Zaanstreek,2892725229,2,67,9,zjawy6qdzk3y69v5pa3zl2cb,SC Telstar,9229789015kq0j5c85ug3ajv8,A. Lechkar,70.03500000000001,1.4960000000000002,0,0.0,turnover,False,0.0
2026-01-25_SC Telstar - Alkmaar Zaanstreek,2892725783,2,67,44,3kfktv64h7kg7zryax1wktr5r,Alkmaar Zaanstreek,9lixevzo8exxiia17altfw8ic,W. Goes,42.839999999999996,22.44,0,0.0,turnover,False,0.0
2026-01-25_SC Telstar - Alkmaar Zaanstreek,2892728573,2,72,0,zjawy6qdzk3y69v5pa3zl2cb,SC Telstar,y1ky8sp8scl05mmfr7byy3md,J. Hardeveld,11.655,59.84,2,1.0,turnover,False,0.0
2026-01-25_SC Telstar - Alkmaar Zaanstreek,2892741013,2,91,42,zjawy6qdzk3y69v5pa3zl2cb,SC Telstar,1k60tee702idfrp0ibca1s57u,G. Offerhaus,45.255,54.53600000000001,3,9.0,turnover,False,0.0010068579749376
2026-01-30_NAC Breda - FC Twente,2894270575,1,2,21,59t7flioj4w4mpwnrwbm0m8ck,NAC Breda,7qwmlcxsxlxmq01g7dkt7v14a,M. Balard,33.81,12.172,4,7.0,turnover,False,0.0
2026-01-30_NAC Breda - FC Twente,2894273987,1,5,40,4tic29sox7m39fy1ztgv0jsiq,FC Twente,a339o11ut8s1o9odm6ybc4pka,T. van den Belt,30.345,23.732,3,2.0,turnover,False,0.0
2026-01-30_NAC Breda - FC Twente,2894277019,1,8,44,59t7flioj4w4mpwnrwbm0m8ck,NAC Breda,bgzvhtk50gvmq6noheadmc34l,D. Odoi,6.09,38.080000000000005,0,0.0,turnover,False,0.0
2026-01-30_NAC Breda - FC Twente,2894283829,1,15,19,59t7flioj4w4mpwnrwbm0m8ck,NAC Breda,8z4wdv767cv7ddqgrkz5txsrt,B. Kemper,52.395,55.964,1,1.0,turnover,False,0.0
2026-01-30_NAC Breda - FC Twente,2894290919,1,22,59,4tic29sox7m39fy1ztgv0jsiq,FC Twente,3xlkchrk28u0cb620cajre1hw,R. Nijstad,42.0,41.684000000000005,3,5.0,window_expired,False,0.000514165951052
2026-01-30_NAC Breda - FC Twente,2894292737,1,25,2,59t7flioj4w4mpwnrwbm0m8ck,NAC Breda,969cpy2geokwer9gjapk7zj3e,R. Hillen,32.655,57.120000000000005,2,1.0,turnover,False,0.0
2026-01-30_NAC Breda - FC Twente,2894293021,1,25,20,59t7flioj4w4mpwnrwbm0m8ck,NAC Breda,64x38pccgfsuz4ywoveh2ksbu,L. Greiml,59.745000000000005,17.136,1,0.0,turnover,False,0.0
2026-01-30_NAC Breda - FC Twente,2894297667,1,30,46,59t7flioj4w4mpwnrwbm0m8ck,NAC Breda,8z4wdv767cv7ddqgrkz5txsrt,B. Kemper,39.69,62.084,5,8.0,window_expired,False,6.299543626113457e-05
2026-01-30_NAC Breda - FC Twente,2894309619,1,42,58,4tic29sox7m39fy1ztgv0jsiq,FC Twente,cocgd3hh74fq9c30x9bps4idw,S. Lemkin,21.315,11.491999999999999,4,6.0,turnover,False,0.0
2026-01-30_NAC Breda - FC Twente,2894312883,1,46,12,4tic29sox7m39fy1ztgv0jsiq,FC Twente,dc119ejc7lls2rd3ywigl2smi,R. Zerrouki,29.61,12.648000000000001,1,1.0,turnover,False,0.0
2026-01-30_NAC Breda - FC Twente,2894314147,1,47,54,59t7flioj4w4mpwnrwbm0m8ck,NAC Breda,bgzvhtk50gvmq6noheadmc34l,D. Odoi,28.56,27.676000000000005,0,0.0,turnover,False,0.0
2026-01-30_NAC Breda - FC Twente,2894339367,2,56,34,4tic29sox7m39fy1ztgv0jsiq,FC Twente,a339o11ut8s1o9odm6ybc4pka,T. van den Belt,42.945,58.82000000000001,0,0.0,turnover,False,0.0
2026-01-30_NAC Breda - FC Twente,2894339437,2,56,40,4tic29sox7m39fy1ztgv0jsiq,FC Twente,723av2redj2ej6livx0g81wwl,A. Verschueren,11.13,42.228,3,4.0,turnover,False,0.0
2026-01-30_NAC Breda - FC Twente,2894340113,2,57,18,4tic29sox7m39fy1ztgv0jsiq,FC Twente,a339o11ut8s1o9odm6ybc4pka,T. van den Belt,43.050000000000004,40.800000000000004,2,1.0,turnover,False,0.0
2026-01-30_NAC Breda - FC Twente,2894346461,2,64,2,4tic29sox7m39fy1ztgv0jsiq,FC Twente,cocgd3hh74fq9c30x9bps4idw,S. Lemkin,32.235,12.104000000000001,1,1.0,turnover,False,0.0
2026-01-30_NAC Breda - FC Twente,2894349333,2,67,27,59t7flioj4w4mpwnrwbm0m8ck,NAC Breda,64x38pccgfsuz4ywoveh2ksbu,L. Greiml,41.055,40.664,2,3.0,turnover,False,0.0
2026-01-30_NAC Breda - FC Twente,2894352305,2,70,39,4tic29sox7m39fy1ztgv0jsiq,FC Twente,5r47vtvu418kae5j2rpv6w2dw,M. Rots,36.435,62.288000000000004,1,0.0,turnover,False,0.0
2026-01-30_NAC Breda - FC Twente,2894354121,2,72,37,4tic29sox7m39fy1ztgv0jsiq,FC Twente,a339o11ut8s1o9odm6ybc4pka,T. van den Belt,20.790000000000003,29.444,2,1.0,turnover,False,0.0
2026-01-30_NAC Breda - FC Twente,2894354215,2,72,43,59t7flioj4w4mpwnrwbm0m8ck,NAC Breda,4f8xb5sbyksacxmifi375h7qi,K. Sowah,74.34,55.624,5,5.0,window_expired,False,0.0055251049543434995
2026-01-30_NAC Breda - FC Twente,2894365043,2,84,38,4tic29sox7m39fy1ztgv0jsiq,FC Twente,36veg0wk1z3om89daf0clbl5h,R. van Wolfswinkel,17.745,9.452000000000002,1,2.0,window_expired,False,0.0
2026-01-30_NAC Breda - FC Twente,2894370493,2,91,6,4tic29sox7m39fy1ztgv0jsiq,FC Twente,bner5siqnwn1fqusfrgujt0fe,M. Bruns,37.38,55.35200000000001,4,5.0,turnover,False,0.0001259213434844
2026-01-30_NAC Breda - FC Twente,2894371737,2,93,8,4tic29sox7m39fy1ztgv0jsiq,FC Twente,qobf1v5kwuz6hj2ooixfw4mi,B. van Rooij,30.345,13.532,0,0.0,turnover,False,0.0
2026-01-31_Alkmaar Zaanstreek - Nijmegen Eendracht Combinatie,2894687821,1,1,24,3kfktv64h7kg7zryax1wktr5r,Alkmaar Zaanstreek,9lixevzo8exxiia17altfw8ic,W. Goes,37.065,9.044,5,7.0,turnover,False,0.0
2026-01-31_Alkmaar Zaanstreek - Nijmegen Eendracht Combinatie,2894688209,1,1,38,3kfktv64h7kg7zryax1wktr5r,Alkmaar Zaanstreek,59ynmlwky3h6m9g2r7a8igi96,T. Parrott,31.395,44.744,0,0.0,turnover,False,0.0
2026-01-31_Alkmaar Zaanstreek - Nijmegen Eendracht Combinatie,2894699529,1,6,26,3kfktv64h7kg7zryax1wktr5r,Alkmaar Zaanstreek,4fsu74aeogf53l2g1tx89vuok,M. Šín,69.19500000000001,56.37200000000001,0,0.0,turnover,False,0.0
2026-01-31_Alkmaar Zaanstreek - Nijmegen Eendracht Combinatie,2894706963,1,9,31,3kfktv64h7kg7zryax1wktr5r,Alkmaar Zaanstreek,ck3l6a262hves3v6nywarx9pm,Alexandre Penetra,50.925000000000004,12.648000000000001,1,3.0,turnover,False,0.0
2026-01-31_Alkmaar Zaanstreek - Nijmegen Eendracht Combinatie,2894732799,1,25,11,8iawijq7s9s6d85mjz8wdslki,Nijmegen Eendracht Combinatie,8624hqd4nlbzcoqsetvsvla8k,D. Fonville,15.645000000000001,31.688000000000002,0,0.0,turnover,False,0.0
2026-01-31_Alkmaar Zaanstreek - Nijmegen Eendracht Combinatie,2894733595,1,26,21,8iawijq7s9s6d85mjz8wdslki,Nijmegen Eendracht Combinatie,dse071e8zbzm8l37m64g6e1p0,K. Sano,34.545,58.004000000000005,1,1.0,turnover,False,0.0
2026-01-31_Alkmaar Zaanstreek - Nijmegen Eendracht Combinatie,2894735573,1,29,22,8iawijq7s9s6d85mjz8wdslki,Nijmegen Eendracht Combinatie,dse071e8zbzm8l37m64g6e1p0,K. Sano,12.705,42.568000000000005,3,5.0,turnover,False,0.0
2026-01-31_Alkmaar Zaanstreek - Nijmegen Eendracht Combinatie,2894763771,1,44,9,8iawijq7s9s6d85mjz8wdslki,Nijmegen Eendracht Combinatie,1asrguqxyo7rmoyamggwd9oq2,A. Kaplan,30.135,27.880000000000003,0,0.0,turnover,False,0.0
2026-01-31_Alkmaar Zaanstreek - Nijmegen Eendracht Combinatie,2894765237,1,44,50,8iawijq7s9s6d85mjz8wdslki,Nijmegen Eendracht Combinatie,1asrguqxyo7rmoyamggwd9oq2,A. Kaplan,45.78,31.076000000000004,0,0.0,turnover,False,0.0
2026-01-31_Alkmaar Zaanstreek - Nijmegen Eendracht Combinatie,2894769365,1,46,43,8iawijq7s9s6d85mjz8wdslki,Nijmegen Eendracht Combinatie,1asrguqxyo7rmoyamggwd9oq2,A. Kaplan,29.82,45.356,0,0.0,turnover,False,0.0
2026-01-31_Alkmaar Zaanstreek - Nijmegen Eendracht Combinatie,2894811927,2,48,11,8iawijq7s9s6d85mjz8wdslki,Nijmegen Eendracht Combinatie,dse071e8zbzm8l37m64g6e1p0,K. Sano,59.325,40.732,2,3.0,turnover,False,0.0
2026-01-31_Alkmaar Zaanstreek - Nijmegen Eendracht Combinatie,2894844089,2,63,22,3kfktv64h7kg7zryax1wktr5r,Alkmaar Zaanstreek,9lixevzo8exxiia17altfw8ic,W. Goes,40.11000000000001,22.032,0,0.0,turnover,False,0.0
2026-01-31_Alkmaar Zaanstreek - Nijmegen Eendracht Combinatie,2894849775,2,68,5,8iawijq7s9s6d85mjz8wdslki,Nijmegen Eendracht Combinatie,4kns22wbu3emy5oxbpr52rdud,E. Dasa,45.464999999999996,8.704,2,3.0,turnover,False,0.0
2026-01-31_Alkmaar Zaanstreek - Nijmegen Eendracht Combinatie,2894853441,2,72,22,3kfktv64h7kg7zryax1wktr5r,Alkmaar Zaanstreek,3dx91sb6ktg8z1xmoti25kru,P. Koopmeiners,64.78500000000001,48.21200000000001,0,0.0,turnover,False,0.0
2026-01-31_Alkmaar Zaanstreek - Nijmegen Eendracht Combinatie,2894853489,2,72,26,8iawijq7s9s6d85mjz8wdslki,Nijmegen Eendracht Combinatie,8624hqd4nlbzcoqsetvsvla8k,D. Fonville,28.245,36.448,0,0.0,turnover,False,0.0
2026-01-31_Alkmaar Zaanstreek - Nijmegen Eendracht Combinatie,2894854407,2,73,27,8iawijq7s9s6d85mjz8wdslki,Nijmegen Eendracht Combinatie,1asrguqxyo7rmoyamggwd9oq2,A. Kaplan,46.515,30.26,1,3.0,turnover,False,0.0
2026-01-31_Alkmaar Zaanstreek - Nijmegen Eendracht Combinatie,2894857953,2,76,46,8iawijq7s9s6d85mjz8wdslki,Nijmegen Eendracht Combinatie,8624hqd4nlbzcoqsetvsvla8k,D. Fonville,13.125,60.99600000000001,1,0.0,turnover,False,0.0
2026-01-31_Alkmaar Zaanstreek - Nijmegen Eendracht Combinatie,2894859261,2,78,2,8iawijq7s9s6d85mjz8wdslki,Nijmegen Eendracht Combinatie,a76yp8gkkg6frtuhh3d6l46i,D. Proper,70.03500000000001,58.07200000000001,0,0.0,turnover,False,0.0
2026-01-31_Alkmaar Zaanstreek - Nijmegen Eendracht Combinatie,2894860169,2,78,53,8iawijq7s9s6d85mjz8wdslki,Nijmegen Eendracht Combinatie,dse071e8zbzm8l37m64g6e1p0,K. Sano,23.31,55.556000000000004,1,1.0,turnover,False,0.0
2026-01-31_Alkmaar Zaanstreek - Nijmegen Eendracht Combinatie,2894866479,2,85,35,3kfktv64h7kg7zryax1wktr5r,Alkmaar Zaanstreek,a48j66n8bzz6ffcsyiodbfwq2,S. Maikuma,35.49,12.920000000000002,0,0.0,turnover,False,0.0
2026-01-31_Alkmaar Zaanstreek - Nijmegen Eendracht Combinatie,2894867859,2,86,52,3kfktv64h7kg7zryax1wktr5r,Alkmaar Zaanstreek,a48j66n8bzz6ffcsyiodbfwq2,S. Maikuma,33.81,16.796,0,0.0,turnover,False,0.0
2026-01-31_Alkmaar Zaanstreek - Nijmegen Eendracht Combinatie,2894869409,2,88,32,3kfktv64h7kg7zryax1wktr5r,Alkmaar Zaanstreek,es363spp9pgd4hralx6ni2xw4,M. Chávez,53.025000000000006,45.764,0,0.0,turnover,False,0.0
2026-01-31_Alkmaar Zaanstreek - Nijmegen Eendracht Combinatie,2894870273,2,89,25,3kfktv64h7kg7zryax1wktr5r,Alkmaar Zaanstreek,3dx91sb6ktg8z1xmoti25kru,P. Koopmeiners,37.695,25.16,3,3.0,turnover,False,6.168074575772786e-05
2026-01-31_Alkmaar Zaanstreek - Nijmegen Eendracht Combinatie,2894871647,2,90,54,8iawijq7s9s6d85mjz8wdslki,Nijmegen Eendracht Combinatie,1gl82ymzh9vpitix6v645awa,D. Nejašmić,28.665000000000003,25.16,3,2.0,turnover,False,0.0
2026-01-31_PEC Zwolle - SC Telstar,2894898527,1,2,50,2uuh2bir8ktof0uxfo06lb4ox,PEC Zwolle,5mqog8k9eyi248jvrrp9fo8wk,N. Fichtinger,33.81,52.564,2,2.0,turnover,False,0.0
2026-01-31_PEC Zwolle - SC Telstar,2894907065,1,14,14,2uuh2bir8ktof0uxfo06lb4ox,PEC Zwolle,9ugpnnovqttl8lguv7wdyiezu,S. Graves,22.680000000000003,13.056000000000001,0,0.0,turnover,False,0.0
2026-01-31_PEC Zwolle - SC Telstar,2895244255,1,14,28,2uuh2bir8ktof0uxfo06lb4ox,PEC Zwolle,6u7z5qrlwzl9aug8awejq37xl,Jamiro Monteiro,19.32,10.064000000000002,3,7.0,turnover,False,0.0001851763159288
2026-01-31_PEC Zwolle - SC Telstar,2894908409,1,16,22,zjawy6qdzk3y69v5pa3zl2cb,SC Telstar,4bkb8qjb5n33wxfopju8r1mtx,D. Bakker,40.845,54.33200000000001,5,6.0,window_expired,False,0.0006477094246293
2026-01-31_PEC Zwolle - SC Telstar,2894911109,1,19,58,zjawy6qdzk3y69v5pa3zl2cb,SC Telstar,52cqyvn8cfh83i5zwm3181pbe,T. Noslin,14.28,19.652,1,1.0,turnover,False,0.0
2026-01-31_PEC Zwolle - SC Telstar,2894911379,1,20,15,zjawy6qdzk3y69v5pa3zl2cb,SC Telstar,52cqyvn8cfh83i5zwm3181pbe,T. Noslin,30.240000000000002,9.792000000000002,1,1.0,turnover,False,0.0
2026-01-31_PEC Zwolle - SC Telstar,2894911765,1,20,51,zjawy6qdzk3y69v5pa3zl2cb,SC Telstar,8p3x0sm735fru6nthc87pjrbo,Neville Ogidi Nwankwo,53.760000000000005,14.280000000000001,2,9.0,window_expired,False,0.0
2026-01-31_PEC Zwolle - SC Telstar,2894915257,1,24,53,2uuh2bir8ktof0uxfo06lb4ox,PEC Zwolle,d5g7rl9a83vu3cyyzvu5yveqy,A. MacNulty,64.995,56.37200000000001,0,0.0,turnover,False,0.0
2026-01-31_PEC Zwolle - SC Telstar,2894918337,1,28,46,zjawy6qdzk3y69v5pa3zl2cb,SC Telstar,14csdlb8p0tnj6zqrs148ct1w,J. Ritmeester van de Kamp,15.540000000000001,58.61600000000001,2,2.0,turnover,False,0.0
2026-01-31_PEC Zwolle - SC Telstar,2894918453,1,28,53,2uuh2bir8ktof0uxfo06lb4ox,PEC Zwolle,9ugpnnovqttl8lguv7wdyiezu,S. Graves,67.095,18.972,0,0.0,turnover,False,0.0
2026-01-31_PEC Zwolle - SC Telstar,2894923913,1,35,55,2uuh2bir8ktof0uxfo06lb4ox,PEC Zwolle,9ugpnnovqttl8lguv7wdyiezu,S. Graves,24.675,17.068,2,5.0,window_expired,False,0.0
2026-01-31_PEC Zwolle - SC Telstar,2894928307,1,42,49,2uuh2bir8ktof0uxfo06lb4ox,PEC Zwolle,awsbedog2zaz7zpjucbcba82y,S. Shoretire,41.265,53.38,0,0.0,turnover,False,0.0
2026-01-31_PEC Zwolle - SC Telstar,2894930681,1,46,25,zjawy6qdzk3y69v5pa3zl2cb,SC Telstar,1k60tee702idfrp0ibca1s57u,G. Offerhaus,7.035,44.540000000000006,0,0.0,turnover,False,0.0
2026-01-31_PEC Zwolle - SC Telstar,2894945025,2,45,42,zjawy6qdzk3y69v5pa3zl2cb,SC Telstar,14csdlb8p0tnj6zqrs148ct1w,J. Ritmeester van de Kamp,59.85,18.632,0,0.0,turnover,False,0.0
2026-01-31_PEC Zwolle - SC Telstar,2894946193,2,47,18,2uuh2bir8ktof0uxfo06lb4ox,PEC Zwolle,5mqog8k9eyi248jvrrp9fo8wk,N. Fichtinger,14.28,18.972,2,2.0,turnover,False,5.807420211324799e-05
2026-01-31_PEC Zwolle - SC Telstar,2894946287,2,47,26,2uuh2bir8ktof0uxfo06lb4ox,PEC Zwolle,9ugpnnovqttl8lguv7wdyiezu,S. Graves,6.615,18.564,0,0.0,turnover,False,0.0
2026-01-31_PEC Zwolle - SC Telstar,2894951069,2,56,6,2uuh2bir8ktof0uxfo06lb4ox,PEC Zwolle,684nd3xjli51z43pbla0mwa21,T. Oosting,13.334999999999999,13.872,4,9.0,window_expired,False,0.0036219636714086
2026-01-31_PEC Zwolle - SC Telstar,2894953771,2,59,41,2uuh2bir8ktof0uxfo06lb4ox,PEC Zwolle,5mqog8k9eyi248jvrrp9fo8wk,N. Fichtinger,48.195,37.400000000000006,0,0.0,turnover,False,0.0
2026-01-31_PEC Zwolle - SC Telstar,2894954903,2,61,13,2uuh2bir8ktof0uxfo06lb4ox,PEC Zwolle,4phgw75cred5p93hjq8hiou6t,S. Floranus,38.115,49.844,4,10.0,window_expired,False,0.0001242094770637
2026-01-31_PEC Zwolle - SC Telstar,2894955409,2,61,52,zjawy6qdzk3y69v5pa3zl2cb,SC Telstar,1k60tee702idfrp0ibca1s57u,G. Offerhaus,70.14,13.056000000000001,0,0.0,turnover,False,0.0
2026-01-31_PEC Zwolle - SC Telstar,2894980553,2,96,0,zjawy6qdzk3y69v5pa3zl2cb,SC Telstar,14csdlb8p0tnj6zqrs148ct1w,J. Ritmeester van de Kamp,62.05500000000001,23.256000000000004,4,7.0,turnover,False,0.0069947949891522
2026-01-31_Sparta Rotterdam - FC Groningen,2894997145,1,3,59,89w5c6pw7vn0dxypi61tt0g4k,Sparta Rotterdam,1ueqcjuatzazpmz765tru4zdg,L. Martes,20.055000000000003,18.632,2,2.0,turnover,False,0.0
2026-01-31_Sparta Rotterdam - FC Groningen,2895005249,1,13,8,89w5c6pw7vn0dxypi61tt0g4k,Sparta Rotterdam,byirjks50zw1eefkcy8p4hd5h,B. Martins Indi,24.885,21.284000000000002,1,1.0,turnover,False,0.0
2026-01-31_Sparta Rotterdam - FC Groningen,2895009321,1,17,51,89w5c6pw7vn0dxypi61tt0g4k,Sparta Rotterdam,ass524umdrpsq324wksaqef4k,M. Young,38.43,34.68,0,0.0,turnover,False,0.0
2026-01-31_Sparta Rotterdam - FC Groningen,2895012545,1,22,29,cos9hxi16eitbcbthof7zrm4m,FC Groningen,5q8rvam8iv65g4wjb8rarw15,B. Willumsson,38.22,29.716000000000005,3,8.0,window_expired,False,0.0
2026-01-31_Sparta Rotterdam - FC Groningen,2895013863,1,24,42,89w5c6pw7vn0dxypi61tt0g4k,Sparta Rotterdam,dbg4ducw8j747foxiexle1iad,P. Clement,68.565,21.488000000000003,3,4.0,turnover,False,0.0097535405312789
2026-01-31_Sparta Rotterdam - FC Groningen,2895016625,1,29,2,89w5c6pw7vn0dxypi61tt0g4k,Sparta Rotterdam,ass524umdrpsq324wksaqef4k,M. Young,43.995,28.152,2,3.0,turnover,False,0.0
2026-01-31_Sparta Rotterdam - FC Groningen,2895017731,1,30,50,89w5c6pw7vn0dxypi61tt0g4k,Sparta Rotterdam,8n9t52eeli3s39r8ujjhjt7je,J. Kitolano,66.25500000000001,35.972,5,8.0,window_expired,False,0.0030202440015349
2026-01-31_Sparta Rotterdam - FC Groningen,2895020765,1,35,21,cos9hxi16eitbcbthof7zrm4m,FC Groningen,3aly8eihwfvtwde7dg0k18w7o,J. Schreuders,57.96000000000001,43.928,2,4.0,turnover,False,8.343553032030826e-05
2026-01-31_Sparta Rotterdam - FC Groningen,2895051697,2,52,39,cos9hxi16eitbcbthof7zrm4m,FC Groningen,4dk7h575fifmw2lhslevhmhux,M. Rente,7.7700000000000005,12.376000000000001,1,1.0,turnover,False,0.0
2026-01-31_Sparta Rotterdam - FC Groningen,2895055323,2,56,41,89w5c6pw7vn0dxypi61tt0g4k,Sparta Rotterdam,byirjks50zw1eefkcy8p4hd5h,B. Martins Indi,29.19,25.908,2,3.0,turnover,False,2.713358230009566e-05
2026-01-31_Sparta Rotterdam - FC Groningen,2895055497,2,56,53,89w5c6pw7vn0dxypi61tt0g4k,Sparta Rotterdam,ass524umdrpsq324wksaqef4k,M. Young,19.425,21.896000000000004,0,0.0,turnover,False,0.0
2026-01-31_Sparta Rotterdam - FC Groningen,2895056347,2,57,56,89w5c6pw7vn0dxypi61tt0g4k,Sparta Rotterdam,ass524umdrpsq324wksaqef4k,M. Young,32.235,24.752000000000002,3,4.0,turnover,False,0.0
2026-01-31_Sparta Rotterdam - FC Groningen,2895059553,2,61,56,cos9hxi16eitbcbthof7zrm4m,FC Groningen,9wwud2tglhtdocmjgl2u5ib6c,T. Blokzijl,47.355000000000004,13.464000000000002,2,2.0,turnover,False,0.0054506121644188
2026-01-31_Sparta Rotterdam - FC Groningen,2895068493,2,63,25,cos9hxi16eitbcbthof7zrm4m,FC Groningen,e6x3hs6v8cq74ojgluyny72fo,T. Land,34.65,32.776,0,0.0,turnover,False,0.0
2026-01-31_Sparta Rotterdam - FC Groningen,2895061879,2,64,21,cos9hxi16eitbcbthof7zrm4m,FC Groningen,by85t8ssyumcjcks1jx3v96vo,Y. Taha,82.32000000000001,10.812000000000001,4,8.0,window_expired,False,0.0
2026-01-31_Sparta Rotterdam - FC Groningen,2895064365,2,67,26,cos9hxi16eitbcbthof7zrm4m,FC Groningen,e6x3hs6v8cq74ojgluyny72fo,T. Land,24.675,18.564,4,5.0,turnover,False,0.0012739293759888
2026-01-31_Sparta Rotterdam - FC Groningen,2895065249,2,68,46,89w5c6pw7vn0dxypi61tt0g4k,Sparta Rotterdam,6ab5gq2owk86qs5zjottfhwmi,T. Quintero,9.870000000000001,48.008,5,7.0,turnover,False,3.039691956482904e-05
2026-01-31_Sparta Rotterdam - FC Groningen,2895073369,2,82,11,cos9hxi16eitbcbthof7zrm4m,FC Groningen,1c4fzmrwmlwaqmqomge14rqc4,D. Janse,55.125,56.984,0,0.0,turnover,False,0.0
2026-02-01_FC Volendam - Go Ahead Eagles,2895594885,1,0,11,b79uipsy57y1jqpy07h4i5ovk,Go Ahead Eagles,1m0qpbce7dob7mdbo7titbqp5,V. Edvardsen,100.17000000000002,65.008,0,0.0,turnover,False,0.0
2026-02-01_FC Volendam - Go Ahead Eagles,2895607365,1,16,3,b79uipsy57y1jqpy07h4i5ovk,Go Ahead Eagles,d4klz2gxqb1diw57z8c9ttixg,G. van Zwam,9.765,21.488000000000003,1,2.0,turnover,False,0.0
2026-02-01_FC Volendam - Go Ahead Eagles,2895612377,1,22,52,b79uipsy57y1jqpy07h4i5ovk,Go Ahead Eagles,891zjrm0zjc2e3ebjx11p2y38,J. Slory,76.23,6.596,1,0.0,turnover,False,0.0
2026-02-01_FC Volendam - Go Ahead Eagles,2895612397,1,22,55,6g9qrm72224jrk6tkxxxi8a9n,FC Volendam,4utx4h5jz14whtjawxn7ox0r8,N. Verschuren,32.235,53.040000000000006,3,3.0,turnover,False,9.970240347176308e-05
2026-02-01_FC Volendam - Go Ahead Eagles,2895617023,1,23,35,6g9qrm72224jrk6tkxxxi8a9n,FC Volendam,9bgq1tfyfzc3wg9pfr8q510k4,D. Kwakman,49.035000000000004,41.14,0,0.0,turnover,False,0.0
2026-02-01_FC Volendam - Go Ahead Eagles,2895632265,2,45,44,b79uipsy57y1jqpy07h4i5ovk,Go Ahead Eagles,d4klz2gxqb1diw57z8c9ttixg,G. van Zwam,45.36000000000001,37.332,0,0.0,turnover,False,0.0
2026-02-01_FC Volendam - Go Ahead Eagles,2895631989,2,46,34,b79uipsy57y1jqpy07h4i5ovk,Go Ahead Eagles,d8cxurdt9g5gezqlfwae7ooru,M. Meulensteen,55.650000000000006,40.120000000000005,4,7.0,turnover,False,0.0104611872338493
2026-02-01_FC Volendam - Go Ahead Eagles,2895634673,2,51,18,b79uipsy57y1jqpy07h4i5ovk,Go Ahead Eagles,61a5bh5xw947nv4mxx62gqaqx,J. Kramer,49.665,33.388000000000005,1,3.0,turnover,False,0.0
2026-02-01_FC Volendam - Go Ahead Eagles,2895640065,2,60,49,b79uipsy57y1jqpy07h4i5ovk,Go Ahead Eagles,61a5bh5xw947nv4mxx62gqaqx,J. Kramer,25.305000000000003,49.57200000000001,1,2.0,turnover,False,0.0
2026-02-01_FC Volendam - Go Ahead Eagles,2895643863,2,67,35,6g9qrm72224jrk6tkxxxi8a9n,FC Volendam,eu901b75l2ly5p48jdw6kwmad,M. Amevor,22.89,9.656,0,0.0,turnover,False,0.0
2026-02-01_FC Volendam - Go Ahead Eagles,2895644873,2,69,32,6g9qrm72224jrk6tkxxxi8a9n,FC Volendam,eu901b75l2ly5p48jdw6kwmad,M. Amevor,14.28,39.848000000000006,1,1.0,turnover,False,0.0
2026-02-01_FC Volendam - Go Ahead Eagles,2895653097,2,84,17,6g9qrm72224jrk6tkxxxi8a9n,FC Volendam,9bgq1tfyfzc3wg9pfr8q510k4,D. Kwakman,11.865000000000002,62.696000000000005,0,0.0,turnover,False,0.0
2026-02-01_Heracles Almelo - Fortuna Sittard,2895305477,1,0,49,3ebril33e08ddzob4bhq8awsr,Fortuna Sittard,2fbolmn7pyvn5oto4zoeqguwa,N. Kasanwirjo,22.680000000000003,60.31600000000001,0,0.0,turnover,False,0.0
2026-02-01_Heracles Almelo - Fortuna Sittard,2895305769,1,1,1,3ebril33e08ddzob4bhq8awsr,Fortuna Sittard,8przxwwothu3crflys7ahl4dm,S. Adewoye,11.97,13.872,0,0.0,turnover,False,0.0
2026-02-01_Heracles Almelo - Fortuna Sittard,2895307551,1,2,46,3ebril33e08ddzob4bhq8awsr,Fortuna Sittard,eyzcfyn1crjcgmm98uk9u8oyy,É. Michut,33.39,41.14,1,1.0,turnover,False,0.0
2026-02-01_Heracles Almelo - Fortuna Sittard,2895313523,1,8,32,3ebril33e08ddzob4bhq8awsr,Fortuna Sittard,570htztcvfsu947xw6fvtzmc5,Iván Márquez,23.1,17.204,0,0.0,turnover,False,0.0
2026-02-01_Heracles Almelo - Fortuna Sittard,2895321107,1,16,3,3ebril33e08ddzob4bhq8awsr,Fortuna Sittard,570htztcvfsu947xw6fvtzmc5,Iván Márquez,29.925,19.584000000000003,4,5.0,turnover,False,0.0
2026-02-01_Heracles Almelo - Fortuna Sittard,2895321619,1,16,45,dac758ef858jbq7pcb3gfwite,Heracles Almelo,2zwe056wfzof0v5jv01dv9uc5,A. Hrustić,71.19,51.61200000000001,0,0.0,turnover,False,0.0
2026-02-01_Heracles Almelo - Fortuna Sittard,2895324183,1,21,34,dac758ef858jbq7pcb3gfwite,Heracles Almelo,mlqit2c8my1ewqy6avrfhf8q,A. Van Hoorenbeeck,22.680000000000003,30.26,2,2.0,turnover,False,0.0
2026-02-01_Heracles Almelo - Fortuna Sittard,2895324459,1,22,10,dac758ef858jbq7pcb3gfwite,Heracles Almelo,6ok4k757utbtswx5618xffsru,I. Mesík,59.010000000000005,62.900000000000006,5,8.0,window_expired,False,0.0086399596797789
2026-02-01_Heracles Almelo - Fortuna Sittard,2895336479,1,34,25,dac758ef858jbq7pcb3gfwite,Heracles Almelo,e3akocgpppdty3ayxty1gf6xh,D. Mirani,64.89,3.944,3,6.0,window_expired,False,0.0
2026-02-01_Heracles Almelo - Fortuna Sittard,2895350419,1,45,7,dac758ef858jbq7pcb3gfwite,Heracles Almelo,mlqit2c8my1ewqy6avrfhf8q,A. Van Hoorenbeeck,46.30500000000001,60.18000000000001,3,2.0,turnover,False,0.0
2026-02-01_Heracles Almelo - Fortuna Sittard,2895350577,1,45,14,dac758ef858jbq7pcb3gfwite,Heracles Almelo,6ok4k757utbtswx5618xffsru,I. Mesík,63.315,63.784000000000006,1,0.0,window_expired,False,0.0
2026-02-01_Heracles Almelo - Fortuna Sittard,2895380289,2,50,1,dac758ef858jbq7pcb3gfwite,Heracles Almelo,mlqit2c8my1ewqy6avrfhf8q,A. Van Hoorenbeeck,42.525,59.976000000000006,0,0.0,turnover,False,0.0
2026-02-01_Heracles Almelo - Fortuna Sittard,2895389051,2,57,37,3ebril33e08ddzob4bhq8awsr,Fortuna Sittard,9zryne6aa951ltubvjo0gk12i,M. Ihattaren,73.92000000000002,4.216,6,6.0,window_expired,False,0.021870638442635898
2026-02-01_Heracles Almelo - Fortuna Sittard,2895408727,2,81,59,3ebril33e08ddzob4bhq8awsr,Fortuna Sittard,2ifp36vdm0d6rb3xc7muuvv11,D. Limnios,11.97,9.520000000000001,1,2.0,turnover,False,0.0
2026-02-01_Heracles Almelo - Fortuna Sittard,2895413953,2,86,17,3ebril33e08ddzob4bhq8awsr,Fortuna Sittard,7b4jmfu1ejoeci2zmvwuejnys,P. Brittijn,23.415000000000003,62.220000000000006,0,0.0,turnover,False,0.0
2026-02-01_Heracles Almelo - Fortuna Sittard,2895842067,2,92,53,3ebril33e08ddzob4bhq8awsr,Fortuna Sittard,2fbolmn7pyvn5oto4zoeqguwa,N. Kasanwirjo,65.31,12.988000000000001,1,1.0,turnover,False,0.0
2026-02-01_Heracles Almelo - Fortuna Sittard,2895423155,2,95,3,dac758ef858jbq7pcb3gfwite,Heracles Almelo,69gzswoym4jqnrag1wdqfdkyy,J. Wieckhoff,26.040000000000003,4.148,2,6.0,window_expired,False,0.0
2026-02-01_PSV Eindhoven - Feyenoord Rotterdam,2895312669,1,10,49,20vymiy7bo8wkyxai3ew494fz,Feyenoord Rotterdam,43ib46nh45n9oajf5rmaz4f6x,Hwang In-Beom,94.39500000000001,66.164,1,0.0,turnover,False,0.0
2026-02-01_PSV Eindhoven - Feyenoord Rotterdam,2895323171,1,22,37,24fvcruwqrqvqa3aonf8c3zuy,PSV Eindhoven,b0me6l44boibnwpbtasxoy02x,S. Dest,23.730000000000004,15.3,3,4.0,turnover,False,0.0
2026-02-01_PSV Eindhoven - Feyenoord Rotterdam,2895325579,1,27,9,20vymiy7bo8wkyxai3ew494fz,Feyenoord Rotterdam,9d4ald4f0m2imaastzen4j8mi,O. Targhalline,36.75,18.836000000000002,3,9.0,window_expired,False,0.0001258414316109
2026-02-01_PSV Eindhoven - Feyenoord Rotterdam,2895334229,1,35,50,20vymiy7bo8wkyxai3ew494fz,Feyenoord Rotterdam,bwxn7o8ved1xo5bmfkfgzekiy,J. Bos,66.78,56.984,0,0.0,turnover,False,0.0
2026-02-01_PSV Eindhoven - Feyenoord Rotterdam,2895334777,1,36,13,20vymiy7bo8wkyxai3ew494fz,Feyenoord Rotterdam,447abno2j0ux8fsxzs6fel7th,A. Ahmedhodžić,32.025,43.316,1,4.0,turnover,False,0.0
2026-02-01_PSV Eindhoven - Feyenoord Rotterdam,2895338961,1,39,16,24fvcruwqrqvqa3aonf8c3zuy,PSV Eindhoven,2yc1t7u26zctwjizi283g6q6s,P. Wanner,53.97,15.164000000000001,0,0.0,turnover,False,0.0
2026-02-01_PSV Eindhoven - Feyenoord Rotterdam,2895341203,1,41,1,20vymiy7bo8wkyxai3ew494fz,Feyenoord Rotterdam,29fr98or3mqippn84z3p9ihhw,L. Valente,28.14,23.46,0,0.0,turnover,False,0.0
2026-02-01_PSV Eindhoven - Feyenoord Rotterdam,2895341939,1,41,37,24fvcruwqrqvqa3aonf8c3zuy,PSV Eindhoven,d4j19ipiaeuetyij08fofgs15,J. Veerman,65.52,36.924,2,2.0,turnover,False,0.0
2026-02-01_PSV Eindhoven - Feyenoord Rotterdam,2895344179,1,43,16,24fvcruwqrqvqa3aonf8c3zuy,PSV Eindhoven,c6ip6gwp8yvchd1n3dv42go9,Mauro Júnior,24.36,55.284,2,4.0,turnover,False,3.329167180469994e-05
2026-02-01_PSV Eindhoven - Feyenoord Rotterdam,2895367157,2,46,23,24fvcruwqrqvqa3aonf8c3zuy,PSV Eindhoven,5lvdnoyknuoyr6kdruposgctl,J. Schouten,8.715000000000002,24.276000000000003,1,2.0,window_expired,False,0.0
2026-02-01_PSV Eindhoven - Feyenoord Rotterdam,2895368317,2,47,20,24fvcruwqrqvqa3aonf8c3zuy,PSV Eindhoven,5lvdnoyknuoyr6kdruposgctl,J. Schouten,63.105000000000004,16.184,6,9.0,window_expired,False,0.0014700010476999
2026-02-01_PSV Eindhoven - Feyenoord Rotterdam,2895372471,2,50,37,20vymiy7bo8wkyxai3ew494fz,Feyenoord Rotterdam,447abno2j0ux8fsxzs6fel7th,A. Ahmedhodžić,20.265,49.980000000000004,3,10.0,window_expired,False,0.0
2026-02-01_PSV Eindhoven - Feyenoord Rotterdam,2895376611,2,54,0,24fvcruwqrqvqa3aonf8c3zuy,PSV Eindhoven,2gsq05yyxwe4f8t79j6d49q6t,I. Perišić,71.715,60.18000000000001,1,1.0,turnover,False,0.0
2026-02-01_PSV Eindhoven - Feyenoord Rotterdam,2895385821,2,61,12,20vymiy7bo8wkyxai3ew494fz,Feyenoord Rotterdam,eoodvdqfvhql03i8kv9l14qvo,T. Kraaijeveld,26.145,51.204,5,10.0,window_expired,False,0.0
2026-02-01_PSV Eindhoven - Feyenoord Rotterdam,2895418033,2,69,40,24fvcruwqrqvqa3aonf8c3zuy,PSV Eindhoven,c6ip6gwp8yvchd1n3dv42go9,Mauro Júnior,21.315,17.544,3,6.0,window_expired,False,0.0
2026-02-01_PSV Eindhoven - Feyenoord Rotterdam,2895395755,2,75,11,24fvcruwqrqvqa3aonf8c3zuy,PSV Eindhoven,5lvdnoyknuoyr6kdruposgctl,J. Schouten,52.185,4.896000000000001,3,4.0,turnover,False,0.0
2026-02-01_PSV Eindhoven - Feyenoord Rotterdam,2895403051,2,83,23,24fvcruwqrqvqa3aonf8c3zuy,PSV Eindhoven,cgsmk5437f466uoqvol7devze,R. Flamingo,30.975,36.720000000000006,3,4.0,window_expired,False,0.0002969856553238
2026-02-01_PSV Eindhoven - Feyenoord Rotterdam,2895408929,2,88,49,20vymiy7bo8wkyxai3ew494fz,Feyenoord Rotterdam,9d4ald4f0m2imaastzen4j8mi,O. Targhalline,60.27,43.248000000000005,1,0.0,turnover,False,0.0
2026-02-01_PSV Eindhoven - Feyenoord Rotterdam,2895409221,2,89,5,20vymiy7bo8wkyxai3ew494fz,Feyenoord Rotterdam,9d4ald4f0m2imaastzen4j8mi,O. Targhalline,24.78,44.132000000000005,1,1.0,turnover,False,0.0
2026-02-01_PSV Eindhoven - Feyenoord Rotterdam,2895413511,2,92,40,20vymiy7bo8wkyxai3ew494fz,Feyenoord Rotterdam,29fr98or3mqippn84z3p9ihhw,L. Valente,34.44,28.424,4,8.0,window_expired,False,6.453710465592621e-05
2026-02-01_SBV Excelsior - AFC Ajax,2895216329,1,7,5,dqk062lu0vm8epvytbm6r4mmf,SBV Excelsior,49xsd6e4oyjrhtwsdbdm4rj84,L. Hartjes,57.330000000000005,36.652,2,2.0,turnover,False,0.0
2026-02-01_SBV Excelsior - AFC Ajax,2895216621,1,8,42,dqk062lu0vm8epvytbm6r4mmf,SBV Excelsior,3hu6e9wa0nt4ekubxye6l4pas,I. Yegoian,36.96000000000001,26.248,0,0.0,turnover,False,0.0
2026-02-01_SBV Excelsior - AFC Ajax,2895217641,1,14,25,dqk062lu0vm8epvytbm6r4mmf,SBV Excelsior,6coor7jll29drx4kgvyt499wq,N. Naujoks,74.865,47.804,4,7.0,turnover,False,0.0
2026-02-01_SBV Excelsior - AFC Ajax,2895217973,1,15,50,dqk062lu0vm8epvytbm6r4mmf,SBV Excelsior,5wwqe546ohp130rvi8x8pt0tm,A. Zagré,12.075000000000001,51.61200000000001,2,3.0,turnover,False,0.0
2026-02-01_SBV Excelsior - AFC Ajax,2895233417,1,17,43,dqk062lu0vm8epvytbm6r4mmf,SBV Excelsior,3hu6e9wa0nt4ekubxye6l4pas,I. Yegoian,70.77000000000001,45.764,5,9.0,window_expired,False,0.0015106484098239001
2026-02-01_SBV Excelsior - AFC Ajax,2895232751,1,18,16,d0zdg647gvgc95xdtk1vpbkys,AFC Ajax,2zkaf848fjcdhuii8783pkm7e,Y. Regeer,60.27,63.85200000000001,0,0.0,turnover,False,0.0
2026-02-01_SBV Excelsior - AFC Ajax,2895223583,1,31,2,dqk062lu0vm8epvytbm6r4mmf,SBV Excelsior,aeqj9ogm0dntus0wl352w9z6y,C. Widell,7.665,39.916000000000004,2,3.0,turnover,False,0.0
2026-02-01_SBV Excelsior - AFC Ajax,2895224413,1,32,57,d0zdg647gvgc95xdtk1vpbkys,AFC Ajax,47l204bkq2qqjhtazusr0019m,Y. Baas,23.1,21.42,0,0.0,turnover,False,0.0
2026-02-01_SBV Excelsior - AFC Ajax,2895225773,1,36,28,dqk062lu0vm8epvytbm6r4mmf,SBV Excelsior,6coor7jll29drx4kgvyt499wq,N. Naujoks,37.695,32.912,6,10.0,window_expired,False,7.062405866954669e-05
2026-02-01_SBV Excelsior - AFC Ajax,2895244919,2,50,28,d0zdg647gvgc95xdtk1vpbkys,AFC Ajax,2zkaf848fjcdhuii8783pkm7e,Y. Regeer,88.83,16.388,5,10.0,window_expired,False,0.0038451183198175
2026-02-01_SBV Excelsior - AFC Ajax,2895248641,2,57,13,dqk062lu0vm8epvytbm6r4mmf,SBV Excelsior,c6i4usq34m3389rtbqptahrai,R. Meissen,27.51,42.772000000000006,4,7.0,window_expired,False,0.0005226492767066
2026-02-01_SBV Excelsior - AFC Ajax,2895249055,2,57,57,dqk062lu0vm8epvytbm6r4mmf,SBV Excelsior,aeqj9ogm0dntus0wl352w9z6y,C. Widell,67.83,20.468000000000004,0,0.0,turnover,False,0.0
2026-02-01_SBV Excelsior - AFC Ajax,2895253683,2,64,53,dqk062lu0vm8epvytbm6r4mmf,SBV Excelsior,cs49ec8y6cubrlo5nmu3j3jtg,L. Schouten,58.905,17.34,4,5.0,turnover,False,0.003961746179378
2026-02-01_SBV Excelsior - AFC Ajax,2895263457,2,77,56,dqk062lu0vm8epvytbm6r4mmf,SBV Excelsior,cs49ec8y6cubrlo5nmu3j3jtg,L. Schouten,31.185000000000002,30.464,0,0.0,turnover,False,0.0
2026-02-01_SBV Excelsior - AFC Ajax,2895264645,2,80,3,dqk062lu0vm8epvytbm6r4mmf,SBV Excelsior,3hu6e9wa0nt4ekubxye6l4pas,I. Yegoian,58.695,51.476000000000006,0,0.0,turnover,False,0.0
2026-02-01_SBV Excelsior - AFC Ajax,2895265215,2,81,0,dqk062lu0vm8epvytbm6r4mmf,SBV Excelsior,cs49ec8y6cubrlo5nmu3j3jtg,L. Schouten,53.550000000000004,19.992,4,10.0,window_expired,False,0.0
2026-02-01_SBV Excelsior - AFC Ajax,2895274807,2,94,1,dqk062lu0vm8epvytbm6r4mmf,SBV Excelsior,aeqj9ogm0dntus0wl352w9z6y,C. Widell,18.480000000000004,33.524,3,5.0,turnover,False,0.0002268135315691
2026-02-01_SC Heerenveen - FC Utrecht,2895454965,1,7,18,4vd2t5schmvvufrfib7f2vjdf,SC Heerenveen,ar7llmzju08n8yrqu8xm1thck,O. Braude,5.88,14.280000000000001,1,1.0,turnover,False,0.0
2026-02-01_SC Heerenveen - FC Utrecht,2895771201,1,16,10,ccpscwdcm65czscrun048ecn5,FC Utrecht,a02jtmvlc1tlstvt96pa1hisq,D. Murkin,56.28,61.404,0,0.0,turnover,False,0.0
2026-02-01_SC Heerenveen - FC Utrecht,2895464467,1,18,36,ccpscwdcm65czscrun048ecn5,FC Utrecht,aafz6q5ggn9e6m5hprc71lgph,M. van der Hoorn,21.525000000000002,56.168,4,5.0,window_expired,False,3.883954348347929e-05
2026-02-01_SC Heerenveen - FC Utrecht,2895472301,1,29,25,ccpscwdcm65czscrun048ecn5,FC Utrecht,3ypxn1nvgv8e321sq5394w3my,M. Didden,34.545,38.42,4,3.0,turnover,False,9.839513369012952e-05
2026-02-01_SC Heerenveen - FC Utrecht,2895478199,1,37,7,ccpscwdcm65czscrun048ecn5,FC Utrecht,8tqsvu5sw6kn014hdv88zppm1,N. Vesterlund,4.095,12.104000000000001,1,0.0,turnover,False,0.0
2026-02-01_SC Heerenveen - FC Utrecht,2895481457,1,41,34,4vd2t5schmvvufrfib7f2vjdf,SC Heerenveen,c9shc6t28oroqthopifjvg9ux,D. Vente,38.85,26.792,4,2.0,window_expired,False,0.0
2026-02-01_SC Heerenveen - FC Utrecht,2895520261,2,73,32,ccpscwdcm65czscrun048ecn5,FC Utrecht,8lt54ei6pcu25u8uerigmx5yi,A. Engwanda,26.040000000000003,29.240000000000002,3,9.0,turnover,False,1.0166173379275167e-05
2026-02-01_SC Heerenveen - FC Utrecht,2895520881,2,74,23,4vd2t5schmvvufrfib7f2vjdf,SC Heerenveen,412l28fqhx21ivpcxzn1kpilm,V. Zagaritis,46.62,53.788,3,7.0,turnover,False,0.0018078658208326
2026-02-01_SC Heerenveen - FC Utrecht,2895523321,2,77,47,ccpscwdcm65czscrun048ecn5,FC Utrecht,a02jtmvlc1tlstvt96pa1hisq,D. Murkin,36.015,55.080000000000005,0,0.0,turnover,False,0.0
2026-02-01_SC Heerenveen - FC Utrecht,2895525435,2,80,45,ccpscwdcm65czscrun048ecn5,FC Utrecht,9ano8w4jrlk6zq92rxchzaru2,Miguel Rodríguez,34.86000000000001,23.528000000000002,2,1.0,turnover,False,0.0
2026-02-01_SC Heerenveen - FC Utrecht,2895526081,2,81,57,4vd2t5schmvvufrfib7f2vjdf,SC Heerenveen,b5sf6wcogrvlwuwbd8xsyyfh1,J. van Overeem,23.835,40.596000000000004,3,9.0,window_expired,False,0.000127589604521
2026-02-01_SC Heerenveen - FC Utrecht,2895526445,2,82,36,ccpscwdcm65czscrun048ecn5,FC Utrecht,9ano8w4jrlk6zq92rxchzaru2,Miguel Rodríguez,29.61,3.74,1,0.0,turnover,False,0.0
2026-02-06_NAC Breda - SBV Excelsior,2896868817,1,2,16,59t7flioj4w4mpwnrwbm0m8ck,NAC Breda,4ported2opjp4xbp87bpqb6z8,M. Soumano,75.915,54.604,2,4.0,turnover,True,0.0
2026-02-06_NAC Breda - SBV Excelsior,2896879295,1,14,40,dqk062lu0vm8epvytbm6r4mmf,SBV Excelsior,aeqj9ogm0dntus0wl352w9z6y,C. Widell,51.24,11.764000000000001,4,10.0,window_expired,False,0.00037591796700446183
2026-02-06_NAC Breda - SBV Excelsior,2896883267,1,19,17,dqk062lu0vm8epvytbm6r4mmf,SBV Excelsior,cdhqb1a4h246hu0u13pm0tqay,I. Bronkhorst,30.345,7.888,0,0.0,turnover,False,0.0
2026-02-06_NAC Breda - SBV Excelsior,2896884901,1,21,5,59t7flioj4w4mpwnrwbm0m8ck,NAC Breda,bgzvhtk50gvmq6noheadmc34l,D. Odoi,53.865,10.608,1,0.0,turnover,False,0.0
2026-02-06_NAC Breda - SBV Excelsior,2896885231,1,21,23,dqk062lu0vm8epvytbm6r4mmf,SBV Excelsior,49xsd6e4oyjrhtwsdbdm4rj84,L. Hartjes,57.435,58.412000000000006,0,0.0,turnover,False,0.0
2026-02-06_NAC Breda - SBV Excelsior,2896885271,1,21,25,dqk062lu0vm8epvytbm6r4mmf,SBV Excelsior,cs49ec8y6cubrlo5nmu3j3jtg,L. Schouten,43.050000000000004,48.620000000000005,0,0.0,turnover,False,0.0
2026-02-06_NAC Breda - SBV Excelsior,2896888867,1,25,27,59t7flioj4w4mpwnrwbm0m8ck,NAC Breda,64oi87vu8r3cxx2fvtr442gwk,J. Candelaria,14.490000000000002,35.496,1,1.0,turnover,False,0.0
2026-02-06_NAC Breda - SBV Excelsior,2896896455,1,34,1,59t7flioj4w4mpwnrwbm0m8ck,NAC Breda,37c696bwovmn1x8lc8z4wp53o,C. Valerius,13.965000000000002,62.83200000000001,0,0.0,turnover,False,0.0
2026-02-06_NAC Breda - SBV Excelsior,2896898491,1,36,3,dqk062lu0vm8epvytbm6r4mmf,SBV Excelsior,cdhqb1a4h246hu0u13pm0tqay,I. Bronkhorst,24.465000000000003,5.576,1,1.0,turnover,False,0.0
2026-02-06_NAC Breda - SBV Excelsior,2896941701,2,64,8,dqk062lu0vm8epvytbm6r4mmf,SBV Excelsior,c6i4usq34m3389rtbqptahrai,R. Meissen,29.294999999999998,32.980000000000004,3,7.0,window_expired,False,0.0001194300275744
2026-02-06_NAC Breda - SBV Excelsior,2896943873,2,66,33,dqk062lu0vm8epvytbm6r4mmf,SBV Excelsior,c6i4usq34m3389rtbqptahrai,R. Meissen,26.669999999999998,49.368,3,3.0,turnover,False,2.229656976317218e-05
2026-02-06_NAC Breda - SBV Excelsior,2896945147,2,67,55,59t7flioj4w4mpwnrwbm0m8ck,NAC Breda,37c696bwovmn1x8lc8z4wp53o,C. Valerius,61.425000000000004,65.008,1,2.0,turnover,False,0.0
2026-02-06_NAC Breda - SBV Excelsior,2896950043,2,73,50,59t7flioj4w4mpwnrwbm0m8ck,NAC Breda,37c696bwovmn1x8lc8z4wp53o,C. Valerius,41.160000000000004,62.424,1,0.0,turnover,False,0.0
2026-02-06_NAC Breda - SBV Excelsior,2896954859,2,78,56,dqk062lu0vm8epvytbm6r4mmf,SBV Excelsior,cdhqb1a4h246hu0u13pm0tqay,I. Bronkhorst,61.635000000000005,2.584,0,0.0,turnover,False,0.0
2026-02-06_NAC Breda - SBV Excelsior,2896957063,2,81,18,59t7flioj4w4mpwnrwbm0m8ck,NAC Breda,37c696bwovmn1x8lc8z4wp53o,C. Valerius,73.29,40.392,4,10.0,window_expired,False,0.0020750154364349
2026-02-06_NAC Breda - SBV Excelsior,2896958563,2,83,3,59t7flioj4w4mpwnrwbm0m8ck,NAC Breda,37c696bwovmn1x8lc8z4wp53o,C. Valerius,27.51,60.724000000000004,2,4.0,window_expired,False,0.0
2026-02-07_FC Twente - SC Heerenveen,2897573851,1,1,48,4vd2t5schmvvufrfib7f2vjdf,SC Heerenveen,8jm8a7w3a5b5nzikcom7cvf2s,M. Willemsen,64.78500000000001,48.348,4,9.0,window_expired,False,0.0014336974985005
2026-02-07_FC Twente - SC Heerenveen,2897580107,1,9,56,4tic29sox7m39fy1ztgv0jsiq,FC Twente,dc119ejc7lls2rd3ywigl2smi,R. Zerrouki,77.59500000000001,14.076,0,0.0,turnover,False,0.0
2026-02-07_FC Twente - SC Heerenveen,2897581653,1,11,48,4tic29sox7m39fy1ztgv0jsiq,FC Twente,dc119ejc7lls2rd3ywigl2smi,R. Zerrouki,68.775,45.492000000000004,4,4.0,turnover,False,0.0
2026-02-07_FC Twente - SC Heerenveen,2897885779,1,16,58,4tic29sox7m39fy1ztgv0jsiq,FC Twente,a339o11ut8s1o9odm6ybc4pka,T. van den Belt,46.515,49.096000000000004,0,0.0,turnover,False,0.0
2026-02-07_FC Twente - SC Heerenveen,2897586469,1,17,11,4tic29sox7m39fy1ztgv0jsiq,FC Twente,cocgd3hh74fq9c30x9bps4idw,S. Lemkin,47.88,29.92,0,0.0,turnover,False,0.0
2026-02-07_FC Twente - SC Heerenveen,2897589461,1,20,53,4tic29sox7m39fy1ztgv0jsiq,FC Twente,cocgd3hh74fq9c30x9bps4idw,S. Lemkin,14.91,25.092000000000002,4,6.0,window_expired,False,0.0084754411945644
2026-02-07_FC Twente - SC Heerenveen,2897591081,1,23,5,4tic29sox7m39fy1ztgv0jsiq,FC Twente,dc119ejc7lls2rd3ywigl2smi,R. Zerrouki,32.13,43.248000000000005,0,0.0,turnover,False,0.0
2026-02-07_FC Twente - SC Heerenveen,2897592895,1,25,48,4tic29sox7m39fy1ztgv0jsiq,FC Twente,a339o11ut8s1o9odm6ybc4pka,T. van den Belt,68.46000000000001,43.928,1,1.0,turnover,False,0.0
2026-02-07_FC Twente - SC Heerenveen,2897596421,1,30,39,4tic29sox7m39fy1ztgv0jsiq,FC Twente,dc119ejc7lls2rd3ywigl2smi,R. Zerrouki,29.400000000000002,14.076,1,2.0,turnover,False,0.0
2026-02-07_FC Twente - SC Heerenveen,2897597617,1,32,12,4vd2t5schmvvufrfib7f2vjdf,SC Heerenveen,e5hzt8nmhu2ktn69dsv67ga38,M. Linday,13.965000000000002,43.248000000000005,2,3.0,turnover,False,0.0
2026-02-07_FC Twente - SC Heerenveen,2897599887,1,35,23,4tic29sox7m39fy1ztgv0jsiq,FC Twente,qobf1v5kwuz6hj2ooixfw4mi,B. van Rooij,28.665000000000003,5.984000000000001,0,0.0,turnover,False,0.0
2026-02-07_FC Twente - SC Heerenveen,2897601713,1,37,38,4vd2t5schmvvufrfib7f2vjdf,SC Heerenveen,ar7llmzju08n8yrqu8xm1thck,O. Braude,44.94,8.364,0,0.0,turnover,False,0.0
2026-02-07_FC Twente - SC Heerenveen,2897608271,1,46,25,4tic29sox7m39fy1ztgv0jsiq,FC Twente,qobf1v5kwuz6hj2ooixfw4mi,B. van Rooij,73.71000000000001,3.74,0,0.0,turnover,False,0.0
2026-02-07_FC Twente - SC Heerenveen,2897619027,2,47,22,4vd2t5schmvvufrfib7f2vjdf,SC Heerenveen,412l28fqhx21ivpcxzn1kpilm,V. Zagaritis,16.59,38.21600000000001,0,0.0,turnover,False,0.0
2026-02-07_FC Twente - SC Heerenveen,2897620023,2,48,36,4tic29sox7m39fy1ztgv0jsiq,FC Twente,5r47vtvu418kae5j2rpv6w2dw,M. Rots,25.62,53.244,3,2.0,turnover,False,0.0
2026-02-07_FC Twente - SC Heerenveen,2897625921,2,55,13,4tic29sox7m39fy1ztgv0jsiq,FC Twente,dc119ejc7lls2rd3ywigl2smi,R. Zerrouki,30.555000000000003,26.588000000000005,0,0.0,turnover,False,0.0
2026-02-07_FC Twente - SC Heerenveen,2897628411,2,57,57,4vd2t5schmvvufrfib7f2vjdf,SC Heerenveen,b4efh7m2z28zc5gx250vvdzze,L. Nordås,53.865,28.220000000000002,0,0.0,turnover,False,0.0
2026-02-07_FC Twente - SC Heerenveen,2897629969,2,59,45,4tic29sox7m39fy1ztgv0jsiq,FC Twente,9nix5y8xcj34ps62r34udtqwa,K. Hlynsson,58.275000000000006,33.048,4,8.0,window_expired,False,0.0036899462892313003
2026-02-07_FC Twente - SC Heerenveen,2897633957,2,64,59,4tic29sox7m39fy1ztgv0jsiq,FC Twente,cocgd3hh74fq9c30x9bps4idw,S. Lemkin,27.930000000000003,34.748000000000005,0,0.0,turnover,False,0.0
2026-02-07_FC Twente - SC Heerenveen,2897635807,2,67,14,4tic29sox7m39fy1ztgv0jsiq,FC Twente,dc119ejc7lls2rd3ywigl2smi,R. Zerrouki,34.755,50.524,0,0.0,turnover,False,0.0
2026-02-07_FC Twente - SC Heerenveen,2897635857,2,67,16,4tic29sox7m39fy1ztgv0jsiq,FC Twente,lduqoe45t2fnbn9s9rbvlnf9,R. Pröpper,30.87,50.388,0,0.0,turnover,False,0.0
2026-02-07_FC Twente - SC Heerenveen,2897643647,2,76,42,4vd2t5schmvvufrfib7f2vjdf,SC Heerenveen,412l28fqhx21ivpcxzn1kpilm,V. Zagaritis,65.625,55.21600000000001,0,0.0,turnover,False,0.0
2026-02-07_Fortuna Sittard - Sparta Rotterdam,2897616433,1,1,30,3ebril33e08ddzob4bhq8awsr,Fortuna Sittard,dsh8ta4q6v5ews2e19p9xh6y2,J. Hubner,28.035,39.440000000000005,3,1.0,turnover,False,0.0
2026-02-07_Fortuna Sittard - Sparta Rotterdam,2897616461,1,1,32,89w5c6pw7vn0dxypi61tt0g4k,Sparta Rotterdam,ass524umdrpsq324wksaqef4k,M. Young,62.160000000000004,39.236000000000004,0,0.0,turnover,False,0.0
2026-02-07_Fortuna Sittard - Sparta Rotterdam,2897622599,1,9,10,3ebril33e08ddzob4bhq8awsr,Fortuna Sittard,2fbolmn7pyvn5oto4zoeqguwa,N. Kasanwirjo,22.680000000000003,24.956000000000003,0,0.0,turnover,False,0.0
2026-02-07_Fortuna Sittard - Sparta Rotterdam,2897622977,1,9,33,3ebril33e08ddzob4bhq8awsr,Fortuna Sittard,dsh8ta4q6v5ews2e19p9xh6y2,J. Hubner,14.490000000000002,63.988,1,0.0,turnover,False,0.0
2026-02-07_Fortuna Sittard - Sparta Rotterdam,2897625555,1,12,29,89w5c6pw7vn0dxypi61tt0g4k,Sparta Rotterdam,7ty1wdxxnusgkl34k5raipbl5,M. van Bergen,78.015,64.804,1,0.0,window_expired,False,0.0
2026-02-07_Fortuna Sittard - Sparta Rotterdam,2897637967,1,27,27,3ebril33e08ddzob4bhq8awsr,Fortuna Sittard,9zryne6aa951ltubvjo0gk12i,M. Ihattaren,51.135000000000005,28.832,2,2.0,turnover,False,0.0
2026-02-07_Fortuna Sittard - Sparta Rotterdam,2897638073,1,27,36,3ebril33e08ddzob4bhq8awsr,Fortuna Sittard,9zryne6aa951ltubvjo0gk12i,M. Ihattaren,47.25,52.428,5,6.0,turnover,False,0.0
2026-02-07_Fortuna Sittard - Sparta Rotterdam,2897640021,1,30,8,3ebril33e08ddzob4bhq8awsr,Fortuna Sittard,dp0q4f4gbj2buhcu1lb5dzxed,Ivo Pinto,17.22,35.768,0,0.0,turnover,False,0.0
2026-02-07_Fortuna Sittard - Sparta Rotterdam,2897640481,1,30,39,89w5c6pw7vn0dxypi61tt0g4k,Sparta Rotterdam,29q4j9r2lgdsdkkq2fgh8l7o4,Ayoni Santos,38.325,20.196,4,9.0,window_expired,False,8.414914810990493e-05
2026-02-07_Fortuna Sittard - Sparta Rotterdam,2897641399,1,31,44,89w5c6pw7vn0dxypi61tt0g4k,Sparta Rotterdam,8n9t52eeli3s39r8ujjhjt7je,J. Kitolano,51.345,58.548,0,0.0,turnover,False,0.0
2026-02-07_Fortuna Sittard - Sparta Rotterdam,2897644381,1,35,1,89w5c6pw7vn0dxypi61tt0g4k,Sparta Rotterdam,ass524umdrpsq324wksaqef4k,M. Young,64.47,20.400000000000002,5,9.0,window_expired,False,0.0044713897250756
2026-02-07_Fortuna Sittard - Sparta Rotterdam,2897646491,1,37,9,3ebril33e08ddzob4bhq8awsr,Fortuna Sittard,ccmmsnrfn58gwi1petlp08f3e,L. Duijvestijn,22.155,50.184000000000005,5,8.0,window_expired,False,2.860780086058612e-05
2026-02-07_Fortuna Sittard - Sparta Rotterdam,2897890601,1,37,23,89w5c6pw7vn0dxypi61tt0g4k,Sparta Rotterdam,ass524umdrpsq324wksaqef4k,M. Young,68.355,8.228,3,3.0,turnover,False,0.0
2026-02-07_Fortuna Sittard - Sparta Rotterdam,2897646757,1,37,27,3ebril33e08ddzob4bhq8awsr,Fortuna Sittard,dsh8ta4q6v5ews2e19p9xh6y2,J. Hubner,20.475,59.160000000000004,1,1.0,turnover,False,0.0
2026-02-07_Fortuna Sittard - Sparta Rotterdam,2897666115,2,45,29,3ebril33e08ddzob4bhq8awsr,Fortuna Sittard,ccmmsnrfn58gwi1petlp08f3e,L. Duijvestijn,73.185,15.028000000000002,4,10.0,window_expired,False,0.0005624980755499
2026-02-07_Fortuna Sittard - Sparta Rotterdam,2897671985,2,53,40,3ebril33e08ddzob4bhq8awsr,Fortuna Sittard,eyzcfyn1crjcgmm98uk9u8oyy,É. Michut,38.535000000000004,47.940000000000005,3,4.0,turnover,False,8.691197213692159e-05
2026-02-07_Fortuna Sittard - Sparta Rotterdam,2897678839,2,63,56,3ebril33e08ddzob4bhq8awsr,Fortuna Sittard,2fbolmn7pyvn5oto4zoeqguwa,N. Kasanwirjo,39.165,5.984000000000001,0,0.0,turnover,False,0.0
2026-02-07_Fortuna Sittard - Sparta Rotterdam,2897683037,2,70,31,3ebril33e08ddzob4bhq8awsr,Fortuna Sittard,2ifp36vdm0d6rb3xc7muuvv11,D. Limnios,23.205000000000002,26.656000000000002,1,3.0,turnover,False,0.0
2026-02-07_Nijmegen Eendracht Combinatie - Heracles Almelo,2897320501,1,0,30,dac758ef858jbq7pcb3gfwite,Heracles Almelo,6ok4k757utbtswx5618xffsru,I. Mesík,27.405,49.232000000000006,1,2.0,turnover,False,0.0
2026-02-07_Nijmegen Eendracht Combinatie - Heracles Almelo,2897366069,1,26,24,dac758ef858jbq7pcb3gfwite,Heracles Almelo,792zq4joba1qgt0lusvrjantg,L. Zeefuik,36.015,11.696,3,7.0,window_expired,False,0.0010862655768141593
2026-02-07_Nijmegen Eendracht Combinatie - Heracles Almelo,2897371321,1,32,0,8iawijq7s9s6d85mjz8wdslki,Nijmegen Eendracht Combinatie,1asrguqxyo7rmoyamggwd9oq2,A. Kaplan,36.54,50.93200000000001,0,0.0,turnover,False,0.0
2026-02-07_Nijmegen Eendracht Combinatie - Heracles Almelo,2897374869,1,34,18,dac758ef858jbq7pcb3gfwite,Heracles Almelo,7d8qc47gy4mb9mo67e1ic448a,M. Benita,29.294999999999998,9.044,3,3.0,turnover,False,0.0
2026-02-07_Nijmegen Eendracht Combinatie - Heracles Almelo,2897378581,1,36,2,8iawijq7s9s6d85mjz8wdslki,Nijmegen Eendracht Combinatie,4kns22wbu3emy5oxbpr52rdud,E. Dasa,21.105000000000004,40.052,4,8.0,window_expired,False,0.0004807204055579
2026-02-07_Nijmegen Eendracht Combinatie - Heracles Almelo,2897382219,1,37,45,dac758ef858jbq7pcb3gfwite,Heracles Almelo,a185wef6iz1nun1wry40jcgoa,N. Ünüvar,12.705,45.83200000000001,2,5.0,turnover,False,0.0
2026-02-07_Nijmegen Eendracht Combinatie - Heracles Almelo,2897399607,1,45,57,dac758ef858jbq7pcb3gfwite,Heracles Almelo,afdwdm1rkz1ir3c0tukfh3jhm,S. Čestić,19.53,24.412,0,0.0,turnover,False,0.0
2026-02-07_Nijmegen Eendracht Combinatie - Heracles Almelo,2897441161,2,49,32,8iawijq7s9s6d85mjz8wdslki,Nijmegen Eendracht Combinatie,913pg8qqcjp99h5fjybbenob9,P. Sandler,30.765,20.944000000000003,5,10.0,window_expired,False,0.00010208757994098483
2026-02-07_Nijmegen Eendracht Combinatie - Heracles Almelo,2897444317,2,51,3,dac758ef858jbq7pcb3gfwite,Heracles Almelo,8oetnmi8kejwwy37rhlelw2ne,W. Ould-Chikh,33.18,15.504000000000001,1,2.0,turnover,False,0.0
2026-02-07_Nijmegen Eendracht Combinatie - Heracles Almelo,2897451827,2,54,42,8iawijq7s9s6d85mjz8wdslki,Nijmegen Eendracht Combinatie,dse071e8zbzm8l37m64g6e1p0,K. Sano,65.73,15.028000000000002,3,2.0,turnover,False,0.0
2026-02-07_Nijmegen Eendracht Combinatie - Heracles Almelo,2897451951,2,54,46,dac758ef858jbq7pcb3gfwite,Heracles Almelo,6lyedmu2vuf7jig3jmhz9b4ve,D. van der Kust,24.675,57.188,1,5.0,turnover,False,0.0
2026-02-07_Nijmegen Eendracht Combinatie - Heracles Almelo,2897471551,2,65,40,8iawijq7s9s6d85mjz8wdslki,Nijmegen Eendracht Combinatie,4pqi5vt820333t5zsj2refc2d,B. Linssen,23.94,41.684000000000005,2,1.0,turnover,False,0.0
2026-02-07_Nijmegen Eendracht Combinatie - Heracles Almelo,2897471595,2,65,42,dac758ef858jbq7pcb3gfwite,Heracles Almelo,8oetnmi8kejwwy37rhlelw2ne,W. Ould-Chikh,66.15,5.372000000000001,2,1.0,turnover,False,0.0
2026-02-07_Nijmegen Eendracht Combinatie - Heracles Almelo,2898378557,2,92,36,8iawijq7s9s6d85mjz8wdslki,Nijmegen Eendracht Combinatie,1gl82ymzh9vpitix6v645awa,D. Nejašmić,38.325,17.068,0,0.0,turnover,False,0.0
2026-02-07_PEC Zwolle - FC Volendam,2897528173,1,5,45,6g9qrm72224jrk6tkxxxi8a9n,FC Volendam,89plvrt8pzppcclh4axvii0ru,A. Plat,51.45,41.61600000000001,0,0.0,turnover,False,0.0
2026-02-07_PEC Zwolle - FC Volendam,2897532247,1,11,42,2uuh2bir8ktof0uxfo06lb4ox,PEC Zwolle,9ugpnnovqttl8lguv7wdyiezu,S. Graves,67.83,30.872,3,4.0,window_expired,False,0.0007641344953679
2026-02-07_PEC Zwolle - FC Volendam,2897532639,1,12,24,6g9qrm72224jrk6tkxxxi8a9n,FC Volendam,dej8tywq0npvbm25sfgtqur1m,O. Kökçü,44.31,42.432,1,2.0,turnover,False,0.0
2026-02-07_PEC Zwolle - FC Volendam,2897533561,1,14,4,2uuh2bir8ktof0uxfo06lb4ox,PEC Zwolle,4phgw75cred5p93hjq8hiou6t,S. Floranus,43.785000000000004,64.05600000000001,0,0.0,turnover,False,0.0
2026-02-07_PEC Zwolle - FC Volendam,2897538857,1,20,38,2uuh2bir8ktof0uxfo06lb4ox,PEC Zwolle,4phgw75cred5p93hjq8hiou6t,S. Floranus,56.49,64.668,0,0.0,turnover,False,0.0
2026-02-07_PEC Zwolle - FC Volendam,2897538661,1,20,50,6g9qrm72224jrk6tkxxxi8a9n,FC Volendam,eu901b75l2ly5p48jdw6kwmad,M. Amevor,8.61,28.968000000000004,1,1.0,turnover,False,0.0
2026-02-07_PEC Zwolle - FC Volendam,2897550545,1,38,6,6g9qrm72224jrk6tkxxxi8a9n,FC Volendam,eu901b75l2ly5p48jdw6kwmad,M. Amevor,10.08,38.964,4,10.0,turnover,False,0.0
2026-02-07_PEC Zwolle - FC Volendam,2897552077,1,40,35,6g9qrm72224jrk6tkxxxi8a9n,FC Volendam,eu901b75l2ly5p48jdw6kwmad,M. Amevor,49.14,17.136,2,5.0,turnover,False,0.0
2026-02-07_PEC Zwolle - FC Volendam,2897554031,1,43,40,6g9qrm72224jrk6tkxxxi8a9n,FC Volendam,89plvrt8pzppcclh4axvii0ru,A. Plat,28.875,5.168,4,5.0,turnover,False,0.0004145717856032
2026-02-07_PEC Zwolle - FC Volendam,2897571409,2,54,4,2uuh2bir8ktof0uxfo06lb4ox,PEC Zwolle,4phgw75cred5p93hjq8hiou6t,S. Floranus,40.32,63.17200000000001,3,8.0,window_expired,False,8.641264273498428e-05
2026-02-07_PEC Zwolle - FC Volendam,2897573511,2,58,41,6g9qrm72224jrk6tkxxxi8a9n,FC Volendam,eu901b75l2ly5p48jdw6kwmad,M. Amevor,50.295,24.072,2,3.0,turnover,False,0.0
2026-02-07_PEC Zwolle - FC Volendam,2897577261,2,63,37,2uuh2bir8ktof0uxfo06lb4ox,PEC Zwolle,5mqog8k9eyi248jvrrp9fo8wk,N. Fichtinger,23.1,18.836000000000002,2,3.0,turnover,False,0.000153577984447
2026-02-07_PEC Zwolle - FC Volendam,2897583589,2,71,15,6g9qrm72224jrk6tkxxxi8a9n,FC Volendam,eu901b75l2ly5p48jdw6kwmad,M. Amevor,11.865000000000002,27.540000000000003,1,2.0,turnover,False,0.0
2026-02-07_PEC Zwolle - FC Volendam,2897591891,2,81,27,6g9qrm72224jrk6tkxxxi8a9n,FC Volendam,9bgq1tfyfzc3wg9pfr8q510k4,D. Kwakman,34.33500000000001,61.88,1,1.0,turnover,False,0.0
2026-02-07_PEC Zwolle - FC Volendam,2897595421,2,86,36,2uuh2bir8ktof0uxfo06lb4ox,PEC Zwolle,4phgw75cred5p93hjq8hiou6t,S. Floranus,58.17,49.64,0,0.0,turnover,False,0.0
2026-02-07_PEC Zwolle - FC Volendam,2897596743,2,88,22,2uuh2bir8ktof0uxfo06lb4ox,PEC Zwolle,5mqog8k9eyi248jvrrp9fo8wk,N. Fichtinger,49.035000000000004,36.04,1,3.0,turnover,False,0.0
2026-02-07_PEC Zwolle - FC Volendam,2897596881,2,88,31,2uuh2bir8ktof0uxfo06lb4ox,PEC Zwolle,4phgw75cred5p93hjq8hiou6t,S. Floranus,69.09,60.928,1,2.0,turnover,False,0.0
2026-02-07_PEC Zwolle - FC Volendam,2897601351,2,94,27,6g9qrm72224jrk6tkxxxi8a9n,FC Volendam,6svx5u21jrcch3ewpqqbxukmh,J. Bacuna,29.085,18.156000000000002,2,6.0,turnover,False,0.0
2026-02-08_Alkmaar Zaanstreek - AFC Ajax,2898000195,1,0,19,d0zdg647gvgc95xdtk1vpbkys,AFC Ajax,1wse4b1hxu37e7t5ty5ykn7c9,J. Šutalo,62.370000000000005,11.084000000000001,6,10.0,window_expired,False,0.0007081658247571062
2026-02-08_Alkmaar Zaanstreek - AFC Ajax,2898002685,1,2,24,3kfktv64h7kg7zryax1wktr5r,Alkmaar Zaanstreek,22alh32lu88yabxd4pl0opg5w,K. Boogaard,10.815000000000001,36.108000000000004,0,0.0,turnover,False,0.0
2026-02-08_Alkmaar Zaanstreek - AFC Ajax,2898005499,1,4,53,d0zdg647gvgc95xdtk1vpbkys,AFC Ajax,4n18t6bixl6ba3bx76hym51qs,A. Gaaei,71.505,10.064000000000002,0,0.0,turnover,False,0.0
2026-02-08_Alkmaar Zaanstreek - AFC Ajax,2898017249,1,14,54,d0zdg647gvgc95xdtk1vpbkys,AFC Ajax,dafbvyorudvujxw7zswicykmh,O. Wijndal,14.490000000000002,43.588,4,8.0,window_expired,False,0.0003107389224314
2026-02-08_Alkmaar Zaanstreek - AFC Ajax,2898022259,1,22,42,3kfktv64h7kg7zryax1wktr5r,Alkmaar Zaanstreek,3uq3lrjyj4mnvq6162b0jyhnt,M. de Wit,23.835,49.164,0,0.0,turnover,False,0.0
2026-02-08_Alkmaar Zaanstreek - AFC Ajax,2898022537,1,23,20,d0zdg647gvgc95xdtk1vpbkys,AFC Ajax,1wse4b1hxu37e7t5ty5ykn7c9,J. Šutalo,64.155,15.3,0,0.0,turnover,False,0.0
2026-02-08_Alkmaar Zaanstreek - AFC Ajax,2898028539,1,30,44,d0zdg647gvgc95xdtk1vpbkys,AFC Ajax,47l204bkq2qqjhtazusr0019m,Y. Baas,27.090000000000003,45.83200000000001,0,0.0,turnover,False,0.0
2026-02-08_Alkmaar Zaanstreek - AFC Ajax,2898035979,1,35,38,d0zdg647gvgc95xdtk1vpbkys,AFC Ajax,dafbvyorudvujxw7zswicykmh,O. Wijndal,56.910000000000004,59.772000000000006,2,3.0,turnover,False,0.0
2026-02-08_Alkmaar Zaanstreek - AFC Ajax,2898076299,2,46,8,3kfktv64h7kg7zryax1wktr5r,Alkmaar Zaanstreek,59ynmlwky3h6m9g2r7a8igi96,T. Parrott,56.385000000000005,32.504,3,7.0,window_expired,False,0.0004125114505712
2026-02-08_Alkmaar Zaanstreek - AFC Ajax,2898081775,2,49,34,d0zdg647gvgc95xdtk1vpbkys,AFC Ajax,1wse4b1hxu37e7t5ty5ykn7c9,J. Šutalo,39.06,9.792000000000002,2,0.0,turnover,False,0.0
2026-02-08_Alkmaar Zaanstreek - AFC Ajax,2898088919,2,53,55,3kfktv64h7kg7zryax1wktr5r,Alkmaar Zaanstreek,22alh32lu88yabxd4pl0opg5w,K. Boogaard,66.99,25.908,2,4.0,turnover,False,0.0
2026-02-08_Alkmaar Zaanstreek - AFC Ajax,2898103205,2,66,16,3kfktv64h7kg7zryax1wktr5r,Alkmaar Zaanstreek,9lixevzo8exxiia17altfw8ic,W. Goes,56.28,20.060000000000002,0,0.0,turnover,False,0.0
2026-02-08_Alkmaar Zaanstreek - AFC Ajax,2898105359,2,69,8,3kfktv64h7kg7zryax1wktr5r,Alkmaar Zaanstreek,9lixevzo8exxiia17altfw8ic,W. Goes,38.955000000000005,49.43600000000001,0,0.0,window_expired,False,0.0
2026-02-08_Alkmaar Zaanstreek - AFC Ajax,2898108079,2,71,47,3kfktv64h7kg7zryax1wktr5r,Alkmaar Zaanstreek,3uq3lrjyj4mnvq6162b0jyhnt,M. de Wit,66.57000000000001,5.984000000000001,0,0.0,turnover,False,0.0
2026-02-08_Alkmaar Zaanstreek - AFC Ajax,2898132849,2,89,57,3kfktv64h7kg7zryax1wktr5r,Alkmaar Zaanstreek,3uq3lrjyj4mnvq6162b0jyhnt,M. de Wit,21.525000000000002,18.224,2,2.0,turnover,False,0.0
2026-02-08_Alkmaar Zaanstreek - AFC Ajax,2898133407,2,90,23,3kfktv64h7kg7zryax1wktr5r,Alkmaar Zaanstreek,3uq3lrjyj4mnvq6162b0jyhnt,M. de Wit,14.07,8.024000000000001,1,1.0,turnover,False,0.0
2026-02-08_FC Groningen - PSV Eindhoven,2898179629,1,14,31,24fvcruwqrqvqa3aonf8c3zuy,PSV Eindhoven,b0me6l44boibnwpbtasxoy02x,S. Dest,13.334999999999999,8.228,0,0.0,turnover,False,0.0
2026-02-08_FC Groningen - PSV Eindhoven,2898184919,1,20,6,24fvcruwqrqvqa3aonf8c3zuy,PSV Eindhoven,5lvdnoyknuoyr6kdruposgctl,J. Schouten,70.77000000000001,37.944,0,0.0,turnover,False,0.0
2026-02-08_FC Groningen - PSV Eindhoven,2898185125,1,20,16,24fvcruwqrqvqa3aonf8c3zuy,PSV Eindhoven,24sgu58uugxgy49el075dz21g,E. Bajraktarević,18.794999999999998,34.884,1,4.0,turnover,False,0.0
2026-02-08_FC Groningen - PSV Eindhoven,2898188975,1,24,19,cos9hxi16eitbcbthof7zrm4m,FC Groningen,ei9h1loyggj8fnf1q4jfdm710,T. van Bergen,37.695,22.712,3,4.0,turnover,False,0.0012691833161952
2026-02-08_FC Groningen - PSV Eindhoven,2898212049,1,45,22,24fvcruwqrqvqa3aonf8c3zuy,PSV Eindhoven,21k54i5a6d9bi4f6gplgzxiw9,G. Til,69.92999999999999,62.016000000000005,0,0.0,turnover,False,0.0
2026-02-08_FC Groningen - PSV Eindhoven,2898233597,2,45,49,cos9hxi16eitbcbthof7zrm4m,FC Groningen,e6x3hs6v8cq74ojgluyny72fo,T. Land,38.325,46.308,4,6.0,turnover,False,0.0012073497417882
2026-02-08_FC Groningen - PSV Eindhoven,2898234885,2,47,7,cos9hxi16eitbcbthof7zrm4m,FC Groningen,ei9h1loyggj8fnf1q4jfdm710,T. van Bergen,82.84500000000001,2.584,1,1.0,turnover,False,0.0
2026-02-08_FC Groningen - PSV Eindhoven,2898235775,2,48,4,cos9hxi16eitbcbthof7zrm4m,FC Groningen,4dk7h575fifmw2lhslevhmhux,M. Rente,41.475,13.260000000000002,1,3.0,turnover,False,0.0
2026-02-08_FC Groningen - PSV Eindhoven,2898244853,2,59,21,cos9hxi16eitbcbthof7zrm4m,FC Groningen,9wwud2tglhtdocmjgl2u5ib6c,T. Blokzijl,47.98500000000001,37.944,2,4.0,window_expired,False,0.0002980257460787
2026-02-08_FC Groningen - PSV Eindhoven,2898247137,2,61,53,cos9hxi16eitbcbthof7zrm4m,FC Groningen,d1dq7upxtawnps3wljz6wf9jo,S. Resink,40.53,51.068,3,9.0,turnover,False,0.0378946228596089
2026-02-08_FC Groningen - PSV Eindhoven,2898249057,2,64,0,24fvcruwqrqvqa3aonf8c3zuy,PSV Eindhoven,c6ip6gwp8yvchd1n3dv42go9,Mauro Júnior,34.755,55.964,3,10.0,window_expired,False,0.0015824577966067
2026-02-08_FC Groningen - PSV Eindhoven,2898253873,2,68,43,24fvcruwqrqvqa3aonf8c3zuy,PSV Eindhoven,5lvdnoyknuoyr6kdruposgctl,J. Schouten,14.805,8.228,3,2.0,turnover,False,0.0
2026-02-08_FC Groningen - PSV Eindhoven,2898262667,2,78,57,24fvcruwqrqvqa3aonf8c3zuy,PSV Eindhoven,biee6dvb524juzai7iryyskix,D. Man,25.305000000000003,14.076,2,2.0,turnover,False,0.0
2026-02-08_FC Groningen - PSV Eindhoven,2898263441,2,79,49,cos9hxi16eitbcbthof7zrm4m,FC Groningen,d1dq7upxtawnps3wljz6wf9jo,S. Resink,52.92,45.900000000000006,2,2.0,turnover,False,0.0
2026-02-08_FC Utrecht - Feyenoord Rotterdam,2897920551,1,4,38,ccpscwdcm65czscrun048ecn5,FC Utrecht,b33sm106xc7g3h4bcqtawja7e,C. Bozdoğan,13.965000000000002,46.784,2,1.0,turnover,False,0.0
2026-02-08_FC Utrecht - Feyenoord Rotterdam,2897923837,1,16,33,20vymiy7bo8wkyxai3ew494fz,Feyenoord Rotterdam,9d4ald4f0m2imaastzen4j8mi,O. Targhalline,70.875,10.608,7,9.0,window_expired,False,0.0032087851977315
2026-02-08_FC Utrecht - Feyenoord Rotterdam,2897924185,1,17,52,ccpscwdcm65czscrun048ecn5,FC Utrecht,8lt54ei6pcu25u8uerigmx5yi,A. Engwanda,15.540000000000001,8.364,1,0.0,turnover,False,0.0
2026-02-08_FC Utrecht - Feyenoord Rotterdam,2897924235,1,18,4,ccpscwdcm65czscrun048ecn5,FC Utrecht,8tqsvu5sw6kn014hdv88zppm1,N. Vesterlund,10.709999999999999,16.252,2,3.0,turnover,False,0.0
2026-02-08_FC Utrecht - Feyenoord Rotterdam,2897924257,1,18,9,ccpscwdcm65czscrun048ecn5,FC Utrecht,b33sm106xc7g3h4bcqtawja7e,C. Bozdoğan,32.97,19.244000000000003,1,3.0,turnover,False,0.0
2026-02-08_FC Utrecht - Feyenoord Rotterdam,2897926129,1,24,40,ccpscwdcm65czscrun048ecn5,FC Utrecht,8lt54ei6pcu25u8uerigmx5yi,A. Engwanda,11.865000000000002,1.292,2,1.0,turnover,False,0.0
2026-02-08_FC Utrecht - Feyenoord Rotterdam,2897929361,1,36,4,20vymiy7bo8wkyxai3ew494fz,Feyenoord Rotterdam,bwxn7o8ved1xo5bmfkfgzekiy,J. Bos,38.115,61.608000000000004,0,0.0,turnover,False,0.0
2026-02-08_FC Utrecht - Feyenoord Rotterdam,2897929807,1,37,53,20vymiy7bo8wkyxai3ew494fz,Feyenoord Rotterdam,447abno2j0ux8fsxzs6fel7th,A. Ahmedhodžić,49.875,19.788000000000004,4,7.0,turnover,False,0.0562981682489534
2026-02-08_FC Utrecht - Feyenoord Rotterdam,2897930893,1,42,34,20vymiy7bo8wkyxai3ew494fz,Feyenoord Rotterdam,447abno2j0ux8fsxzs6fel7th,A. Ahmedhodžić,59.22,54.128,0,0.0,turnover,False,0.0
2026-02-08_FC Utrecht - Feyenoord Rotterdam,2897931299,1,44,30,20vymiy7bo8wkyxai3ew494fz,Feyenoord Rotterdam,9d4ald4f0m2imaastzen4j8mi,O. Targhalline,34.230000000000004,45.016000000000005,3,6.0,window_expired,False,0.0012628300276657986
2026-02-08_FC Utrecht - Feyenoord Rotterdam,2897941389,2,47,17,20vymiy7bo8wkyxai3ew494fz,Feyenoord Rotterdam,6fdwd71dx2qu7uzzs3ozm9x7u,T. Watanabe,41.475,17.0,0,0.0,turnover,False,0.0
2026-02-08_FC Utrecht - Feyenoord Rotterdam,2897943129,2,50,28,20vymiy7bo8wkyxai3ew494fz,Feyenoord Rotterdam,987w8p2dsxd9tm1phv18g6pec,A. Sliti,91.35000000000001,60.52,0,0.0,turnover,False,0.0
2026-02-08_FC Utrecht - Feyenoord Rotterdam,2897945611,2,54,36,20vymiy7bo8wkyxai3ew494fz,Feyenoord Rotterdam,bwxn7o8ved1xo5bmfkfgzekiy,J. Bos,70.14,60.11200000000001,1,3.0,turnover,False,0.0
2026-02-08_FC Utrecht - Feyenoord Rotterdam,2897946249,2,55,47,20vymiy7bo8wkyxai3ew494fz,Feyenoord Rotterdam,447abno2j0ux8fsxzs6fel7th,A. Ahmedhodžić,46.515,62.628,0,0.0,turnover,False,0.0
2026-02-08_FC Utrecht - Feyenoord Rotterdam,2897947827,2,58,29,20vymiy7bo8wkyxai3ew494fz,Feyenoord Rotterdam,1pezvbb0n8z7hu5063jysg2s4,L. Sauer,64.575,58.412000000000006,1,1.0,turnover,False,0.0
2026-02-08_FC Utrecht - Feyenoord Rotterdam,2897947873,2,58,32,20vymiy7bo8wkyxai3ew494fz,Feyenoord Rotterdam,447abno2j0ux8fsxzs6fel7th,A. Ahmedhodžić,33.915,44.132000000000005,2,6.0,window_expired,False,9.246090362786952e-05
2026-02-08_FC Utrecht - Feyenoord Rotterdam,2897952007,2,64,34,20vymiy7bo8wkyxai3ew494fz,Feyenoord Rotterdam,6fdwd71dx2qu7uzzs3ozm9x7u,T. Watanabe,32.235,18.156000000000002,0,0.0,turnover,False,0.0
2026-02-08_FC Utrecht - Feyenoord Rotterdam,2897954337,2,67,52,ccpscwdcm65czscrun048ecn5,FC Utrecht,4ej8uchqe3rt1s5h6phjo3310,G. Zechiël,66.885,28.560000000000002,4,4.0,turnover,False,0.0
2026-02-08_FC Utrecht - Feyenoord Rotterdam,2897954439,2,67,58,20vymiy7bo8wkyxai3ew494fz,Feyenoord Rotterdam,9d4ald4f0m2imaastzen4j8mi,O. Targhalline,21.105000000000004,40.596000000000004,0,0.0,turnover,False,0.0
2026-02-08_FC Utrecht - Feyenoord Rotterdam,2897969281,2,91,51,ccpscwdcm65czscrun048ecn5,FC Utrecht,c2an5ksdu6jbap3x3jp3z9c5x,N. Viergever,17.85,28.424,2,0.0,turnover,False,2.4934608953697257e-05
2026-02-08_FC Utrecht - Feyenoord Rotterdam,2897969387,2,91,54,20vymiy7bo8wkyxai3ew494fz,Feyenoord Rotterdam,29fr98or3mqippn84z3p9ihhw,L. Valente,74.76,29.988000000000003,1,2.0,turnover,False,0.0093383669386176
2026-02-08_Go Ahead Eagles - SC Telstar,2898458577,1,17,42,zjawy6qdzk3y69v5pa3zl2cb,SC Telstar,cp866ucakmwqiwxrstkaxwgt0,N. Rossen,58.38,65.756,2,2.0,turnover,False,0.0004225191645667
2026-02-08_Go Ahead Eagles - SC Telstar,2898022421,1,24,23,zjawy6qdzk3y69v5pa3zl2cb,SC Telstar,1k60tee702idfrp0ibca1s57u,G. Offerhaus,48.615,18.904000000000003,4,6.0,window_expired,False,6.724813027733645e-05
2026-02-08_Go Ahead Eagles - SC Telstar,2898023449,1,26,43,b79uipsy57y1jqpy07h4i5ovk,Go Ahead Eagles,d8cxurdt9g5gezqlfwae7ooru,M. Meulensteen,29.294999999999998,58.888,2,2.0,turnover,False,0.0
2026-02-08_Go Ahead Eagles - SC Telstar,2898023645,1,27,9,b79uipsy57y1jqpy07h4i5ovk,Go Ahead Eagles,d8cxurdt9g5gezqlfwae7ooru,M. Meulensteen,51.135000000000005,15.912,0,0.0,turnover,False,0.0
2026-02-08_Go Ahead Eagles - SC Telstar,2898026613,1,30,14,b79uipsy57y1jqpy07h4i5ovk,Go Ahead Eagles,d4klz2gxqb1diw57z8c9ttixg,G. van Zwam,29.085,4.42,3,3.0,turnover,False,0.00043830124329561623
2026-02-08_Go Ahead Eagles - SC Telstar,2898043471,1,41,41,zjawy6qdzk3y69v5pa3zl2cb,SC Telstar,y1ky8sp8scl05mmfr7byy3md,J. Hardeveld,83.265,63.104,4,6.0,window_expired,False,2.1224798021982072e-05
2026-02-08_Go Ahead Eagles - SC Telstar,2898093951,2,58,16,b79uipsy57y1jqpy07h4i5ovk,Go Ahead Eagles,eytcfp4cu6qkar65kf0p5rm96,J. Dirksen,57.330000000000005,23.868000000000002,5,9.0,window_expired,False,0.0014662378322561
2026-02-08_Go Ahead Eagles - SC Telstar,2898096247,2,60,11,b79uipsy57y1jqpy07h4i5ovk,Go Ahead Eagles,891zjrm0zjc2e3ebjx11p2y38,J. Slory,88.41000000000001,4.488,0,0.0,turnover,False,0.0
2026-02-08_Go Ahead Eagles - SC Telstar,2898097827,2,61,34,zjawy6qdzk3y69v5pa3zl2cb,SC Telstar,avyhrrfkeizd3za28ni67x82c,C. Hatenboer,46.830000000000005,23.323999999999998,0,0.0,turnover,False,0.0
2026-02-08_Go Ahead Eagles - SC Telstar,2898098039,2,61,44,b79uipsy57y1jqpy07h4i5ovk,Go Ahead Eagles,1q0v3qpciql8rkyz4qrlvbuju,J. Breum,59.955000000000005,61.336000000000006,1,0.0,window_expired,False,0.0
2026-02-08_Go Ahead Eagles - SC Telstar,2898100171,2,63,36,zjawy6qdzk3y69v5pa3zl2cb,SC Telstar,4bkb8qjb5n33wxfopju8r1mtx,D. Bakker,65.94,56.1,5,10.0,turnover,True,0.0519558326187506
2026-02-08_Go Ahead Eagles - SC Telstar,2898101197,2,64,44,b79uipsy57y1jqpy07h4i5ovk,Go Ahead Eagles,b157xbo2jovsxkgr3wie3rip6,T. Baeten,63.945,64.19200000000001,1,0.0,window_expired,False,0.0
2026-02-08_Go Ahead Eagles - SC Telstar,2898109803,2,74,14,zjawy6qdzk3y69v5pa3zl2cb,SC Telstar,4fu2agdclsyxx1boxxibauzo4,G. Alders,50.714999999999996,6.324000000000001,1,2.0,turnover,False,0.0
2026-02-08_Go Ahead Eagles - SC Telstar,2898117211,2,79,17,zjawy6qdzk3y69v5pa3zl2cb,SC Telstar,8p3x0sm735fru6nthc87pjrbo,Neville Ogidi Nwankwo,19.740000000000002,11.288000000000002,5,10.0,window_expired,False,0.0009456347271684118
2026-02-08_Go Ahead Eagles - SC Telstar,2898122825,2,83,26,b79uipsy57y1jqpy07h4i5ovk,Go Ahead Eagles,3g0xd9rds9relghxanr1f5vc9,S. Sigurðarson,29.19,30.94,2,1.0,turnover,False,0.0
2026-02-08_Go Ahead Eagles - SC Telstar,2898128457,2,87,37,b79uipsy57y1jqpy07h4i5ovk,Go Ahead Eagles,61a5bh5xw947nv4mxx62gqaqx,J. Kramer,16.485,44.744,6,9.0,window_expired,False,5.8067598603314674e-05
2026-02-08_Go Ahead Eagles - SC Telstar,2898130471,2,89,1,zjawy6qdzk3y69v5pa3zl2cb,SC Telstar,y1ky8sp8scl05mmfr7byy3md,J. Hardeveld,11.97,55.148,1,3.0,turnover,False,0.0
2026-02-08_Go Ahead Eagles - SC Telstar,2898131613,2,89,53,b79uipsy57y1jqpy07h4i5ovk,Go Ahead Eagles,b157xbo2jovsxkgr3wie3rip6,T. Baeten,23.415000000000003,63.988,1,0.0,turnover,False,0.0
2026-02-08_Go Ahead Eagles - SC Telstar,2898136145,2,93,21,b79uipsy57y1jqpy07h4i5ovk,Go Ahead Eagles,d4klz2gxqb1diw57z8c9ttixg,G. van Zwam,69.615,3.3320000000000003,1,2.0,turnover,False,0.0
2026-02-08_Go Ahead Eagles - SC Telstar,2898141217,2,97,19,b79uipsy57y1jqpy07h4i5ovk,Go Ahead Eagles,3g0xd9rds9relghxanr1f5vc9,S. Sigurðarson,32.025,56.57600000000001,2,1.0,window_expired,False,7.71675196020033e-05
2026-02-11_Go Ahead Eagles - SC Heerenveen,2899157757,1,8,36,b79uipsy57y1jqpy07h4i5ovk,Go Ahead Eagles,d8cxurdt9g5gezqlfwae7ooru,M. Meulensteen,15.225000000000001,20.060000000000002,4,7.0,window_expired,False,0.00047569340706870005
2026-02-11_Go Ahead Eagles - SC Heerenveen,2899161015,1,22,14,b79uipsy57y1jqpy07h4i5ovk,Go Ahead Eagles,61a5bh5xw947nv4mxx62gqaqx,J. Kramer,31.290000000000003,15.028000000000002,1,0.0,turnover,False,0.0
2026-02-11_Go Ahead Eagles - SC Heerenveen,2899161497,1,23,32,4vd2t5schmvvufrfib7f2vjdf,SC Heerenveen,8jm8a7w3a5b5nzikcom7cvf2s,M. Willemsen,34.125,49.844,6,10.0,window_expired,False,0.0002704709091180656
2026-02-11_Go Ahead Eagles - SC Heerenveen,2899163789,1,30,13,4vd2t5schmvvufrfib7f2vjdf,SC Heerenveen,idvh0ac1f8wv39640pyl4esp,S. Kersten,31.185000000000002,30.94,0,0.0,turnover,False,0.0
2026-02-11_Go Ahead Eagles - SC Heerenveen,2899165011,1,33,17,4vd2t5schmvvufrfib7f2vjdf,SC Heerenveen,412l28fqhx21ivpcxzn1kpilm,V. Zagaritis,30.765,57.800000000000004,0,0.0,turnover,False,0.0
2026-02-11_Go Ahead Eagles - SC Heerenveen,2899164771,1,33,23,b79uipsy57y1jqpy07h4i5ovk,Go Ahead Eagles,d4klz2gxqb1diw57z8c9ttixg,G. van Zwam,48.615,4.284,1,1.0,turnover,False,0.0
2026-02-11_Go Ahead Eagles - SC Heerenveen,2899166037,1,37,41,b79uipsy57y1jqpy07h4i5ovk,Go Ahead Eagles,d8cxurdt9g5gezqlfwae7ooru,M. Meulensteen,48.300000000000004,17.816000000000003,4,4.0,turnover,False,6.168074575772786e-05
2026-02-11_Go Ahead Eagles - SC Heerenveen,2899166085,1,37,53,b79uipsy57y1jqpy07h4i5ovk,Go Ahead Eagles,2teefpvijsbzag4yi7fm1pyol,A. Sampsted,11.865000000000002,37.196000000000005,0,0.0,turnover,False,0.0
2026-02-11_Go Ahead Eagles - SC Heerenveen,2899166861,1,40,54,4vd2t5schmvvufrfib7f2vjdf,SC Heerenveen,5oghztk07za2yuqq4jnav22y2,M. Rivera,15.015,34.136,0,0.0,turnover,False,0.0
2026-02-11_Go Ahead Eagles - SC Heerenveen,2899168253,1,45,47,4vd2t5schmvvufrfib7f2vjdf,SC Heerenveen,5oghztk07za2yuqq4jnav22y2,M. Rivera,68.04,41.548,0,0.0,turnover,False,0.0
2026-02-11_Go Ahead Eagles - SC Heerenveen,2899168643,1,47,40,b79uipsy57y1jqpy07h4i5ovk,Go Ahead Eagles,d8cxurdt9g5gezqlfwae7ooru,M. Meulensteen,9.03,19.584000000000003,2,2.0,turnover,False,0.0
2026-02-11_Go Ahead Eagles - SC Heerenveen,2899174115,2,48,45,b79uipsy57y1jqpy07h4i5ovk,Go Ahead Eagles,61a5bh5xw947nv4mxx62gqaqx,J. Kramer,49.56,12.376000000000001,1,2.0,turnover,False,0.0
2026-02-11_Go Ahead Eagles - SC Heerenveen,2899178265,2,64,38,b79uipsy57y1jqpy07h4i5ovk,Go Ahead Eagles,a2psnkhu3h7m0ng8e7qdietey,S. Tengstedt,57.015,24.276000000000003,4,9.0,turnover,False,0.0
2026-02-11_Go Ahead Eagles - SC Heerenveen,2899178943,2,66,27,4vd2t5schmvvufrfib7f2vjdf,SC Heerenveen,b4efh7m2z28zc5gx250vvdzze,L. Nordås,81.06,48.620000000000005,3,10.0,window_expired,False,0.0080689594969739
2026-02-11_Go Ahead Eagles - SC Heerenveen,2899180169,2,69,23,b79uipsy57y1jqpy07h4i5ovk,Go Ahead Eagles,d8cxurdt9g5gezqlfwae7ooru,M. Meulensteen,57.12,9.044,0,0.0,turnover,False,0.0
2026-02-11_Go Ahead Eagles - SC Heerenveen,2899186483,2,86,52,4vd2t5schmvvufrfib7f2vjdf,SC Heerenveen,ar7llmzju08n8yrqu8xm1thck,O. Braude,49.875,6.392,0,0.0,turnover,False,0.0
2026-02-11_Nijmegen Eendracht Combinatie - FC Utrecht,2899208095,1,4,16,ccpscwdcm65czscrun048ecn5,FC Utrecht,enimk3ibb10vk3f8vrmmhq7oq,S. El Karouani,20.475,41.412,5,10.0,window_expired,True,5.128259981986016e-05
2026-02-11_Nijmegen Eendracht Combinatie - FC Utrecht,2899210313,1,6,47,ccpscwdcm65czscrun048ecn5,FC Utrecht,c2an5ksdu6jbap3x3jp3z9c5x,N. Viergever,18.794999999999998,37.264,5,6.0,turnover,False,0.0
2026-02-11_Nijmegen Eendracht Combinatie - FC Utrecht,2899217301,1,12,41,8iawijq7s9s6d85mjz8wdslki,Nijmegen Eendracht Combinatie,ac3lkaa1lkbsa82tfylq5zcb8,N. Lebreton,48.93000000000001,29.240000000000002,0,0.0,turnover,False,0.0
2026-02-11_Nijmegen Eendracht Combinatie - FC Utrecht,2899217015,1,13,52,ccpscwdcm65czscrun048ecn5,FC Utrecht,8lt54ei6pcu25u8uerigmx5yi,A. Engwanda,62.685,41.82,1,3.0,turnover,False,0.0
2026-02-11_Nijmegen Eendracht Combinatie - FC Utrecht,2899219893,1,16,49,8iawijq7s9s6d85mjz8wdslki,Nijmegen Eendracht Combinatie,913pg8qqcjp99h5fjybbenob9,P. Sandler,36.12,31.144000000000002,5,6.0,turnover,False,1.662028545271199e-05
2026-02-11_Nijmegen Eendracht Combinatie - FC Utrecht,2899221733,1,18,59,ccpscwdcm65czscrun048ecn5,FC Utrecht,3ypxn1nvgv8e321sq5394w3my,M. Didden,28.455000000000002,36.04,0,0.0,turnover,False,0.0
2026-02-11_Nijmegen Eendracht Combinatie - FC Utrecht,2899226047,1,24,53,ccpscwdcm65czscrun048ecn5,FC Utrecht,2tc8y9du64tjno62zll2jhy7e,Y. Cathline,24.465000000000003,52.496,2,2.0,turnover,False,0.0
2026-02-11_Nijmegen Eendracht Combinatie - FC Utrecht,2899253809,2,47,37,ccpscwdcm65czscrun048ecn5,FC Utrecht,8lt54ei6pcu25u8uerigmx5yi,A. Engwanda,67.30499999999999,10.200000000000001,3,5.0,turnover,True,0.0
2026-02-11_Nijmegen Eendracht Combinatie - FC Utrecht,2899257873,2,52,49,ccpscwdcm65czscrun048ecn5,FC Utrecht,c3j7m8kaoius8i6jihubgy6p6,Ángel Alarcón,41.265,9.180000000000001,2,3.0,turnover,False,0.0
2026-02-11_Nijmegen Eendracht Combinatie - FC Utrecht,2899261195,2,56,49,ccpscwdcm65czscrun048ecn5,FC Utrecht,enimk3ibb10vk3f8vrmmhq7oq,S. El Karouani,22.47,61.404,2,2.0,turnover,False,0.0
2026-02-11_Nijmegen Eendracht Combinatie - FC Utrecht,2899267987,2,65,8,8iawijq7s9s6d85mjz8wdslki,Nijmegen Eendracht Combinatie,8624hqd4nlbzcoqsetvsvla8k,D. Fonville,52.815,63.308,1,0.0,window_expired,False,0.0
2026-02-11_Nijmegen Eendracht Combinatie - FC Utrecht,2899274939,2,76,46,ccpscwdcm65czscrun048ecn5,FC Utrecht,c2an5ksdu6jbap3x3jp3z9c5x,N. Viergever,8.19,36.516000000000005,1,1.0,turnover,False,0.0
2026-02-11_Nijmegen Eendracht Combinatie - FC Utrecht,2899347187,2,77,52,8iawijq7s9s6d85mjz8wdslki,Nijmegen Eendracht Combinatie,8gde39dg3u3kqhd8pa2mdcn2t,T. Chery,36.12,44.608,2,8.0,window_expired,False,0.0008550024485644
2026-02-11_Nijmegen Eendracht Combinatie - FC Utrecht,2899276031,2,79,0,ccpscwdcm65czscrun048ecn5,FC Utrecht,4ej8uchqe3rt1s5h6phjo3310,G. Zechiël,12.18,50.388,0,0.0,turnover,False,0.0
2026-02-11_Nijmegen Eendracht Combinatie - FC Utrecht,2899279083,2,86,23,ccpscwdcm65czscrun048ecn5,FC Utrecht,aafz6q5ggn9e6m5hprc71lgph,M. van der Hoorn,35.49,20.264000000000003,3,4.0,turnover,False,0.0
2026-02-11_Nijmegen Eendracht Combinatie - FC Utrecht,2899280069,2,89,11,ccpscwdcm65czscrun048ecn5,FC Utrecht,c2an5ksdu6jbap3x3jp3z9c5x,N. Viergever,18.480000000000004,46.784,2,2.0,turnover,False,0.0
2026-02-11_Nijmegen Eendracht Combinatie - FC Utrecht,2899282053,2,95,46,8iawijq7s9s6d85mjz8wdslki,Nijmegen Eendracht Combinatie,dgex06nxjy9fdvc12o8keg99l,K. Ogawa,34.02,56.78,2,0.0,turnover,False,0.0
2026-02-11_Nijmegen Eendracht Combinatie - FC Utrecht,2899282211,2,96,30,ccpscwdcm65czscrun048ecn5,FC Utrecht,c2an5ksdu6jbap3x3jp3z9c5x,N. Viergever,19.32,42.364000000000004,1,2.0,turnover,False,0.0
2026-02-13_FC Volendam - PSV Eindhoven,2899601399,1,4,33,24fvcruwqrqvqa3aonf8c3zuy,PSV Eindhoven,5lvdnoyknuoyr6kdruposgctl,J. Schouten,65.31,18.156000000000002,6,10.0,window_expired,False,0.0016084104502054
2026-02-13_FC Volendam - PSV Eindhoven,2899603089,1,6,10,6g9qrm72224jrk6tkxxxi8a9n,FC Volendam,ealh7n21gctxxw5ol3l3yxzze,Y. Leliendal,22.26,59.908,2,6.0,turnover,False,0.0
2026-02-13_FC Volendam - PSV Eindhoven,2899603563,1,6,39,6g9qrm72224jrk6tkxxxi8a9n,FC Volendam,9bgq1tfyfzc3wg9pfr8q510k4,D. Kwakman,10.290000000000001,26.248,2,5.0,turnover,False,0.0
2026-02-13_FC Volendam - PSV Eindhoven,2899604587,1,7,41,24fvcruwqrqvqa3aonf8c3zuy,PSV Eindhoven,cgsmk5437f466uoqvol7devze,R. Flamingo,67.62,20.604000000000003,4,7.0,turnover,True,0.0189051550214592
2026-02-13_FC Volendam - PSV Eindhoven,2899606043,1,8,58,6g9qrm72224jrk6tkxxxi8a9n,FC Volendam,eu901b75l2ly5p48jdw6kwmad,M. Amevor,23.730000000000004,23.052,0,0.0,turnover,False,0.0
2026-02-13_FC Volendam - PSV Eindhoven,2899609743,1,12,27,24fvcruwqrqvqa3aonf8c3zuy,PSV Eindhoven,5lvdnoyknuoyr6kdruposgctl,J. Schouten,28.875,25.636000000000003,2,3.0,turnover,False,0.0007646535673643
2026-02-13_FC Volendam - PSV Eindhoven,2899616789,1,18,54,6g9qrm72224jrk6tkxxxi8a9n,FC Volendam,dej8tywq0npvbm25sfgtqur1m,O. Kökçü,61.53,10.88,4,8.0,window_expired,False,0.0042217151550753
2026-02-13_FC Volendam - PSV Eindhoven,2899618547,1,20,37,24fvcruwqrqvqa3aonf8c3zuy,PSV Eindhoven,21k54i5a6d9bi4f6gplgzxiw9,G. Til,66.99,30.192,0,0.0,turnover,False,0.0
2026-02-13_FC Volendam - PSV Eindhoven,2899618759,1,20,48,6g9qrm72224jrk6tkxxxi8a9n,FC Volendam,ealh7n21gctxxw5ol3l3yxzze,Y. Leliendal,25.935,60.384,0,0.0,turnover,False,0.0
2026-02-13_FC Volendam - PSV Eindhoven,2899619371,1,21,19,6g9qrm72224jrk6tkxxxi8a9n,FC Volendam,ealh7n21gctxxw5ol3l3yxzze,Y. Leliendal,35.07,48.96,1,1.0,turnover,False,0.0
2026-02-13_FC Volendam - PSV Eindhoven,2899623003,1,25,16,6g9qrm72224jrk6tkxxxi8a9n,FC Volendam,4utx4h5jz14whtjawxn7ox0r8,N. Verschuren,6.615,51.068,1,1.0,turnover,False,0.0
2026-02-13_FC Volendam - PSV Eindhoven,2899628517,1,31,51,6g9qrm72224jrk6tkxxxi8a9n,FC Volendam,dej8tywq0npvbm25sfgtqur1m,O. Kökçü,10.815000000000001,44.404,2,3.0,turnover,False,0.0
2026-02-13_FC Volendam - PSV Eindhoven,2899633869,1,36,55,6g9qrm72224jrk6tkxxxi8a9n,FC Volendam,ealh7n21gctxxw5ol3l3yxzze,Y. Leliendal,48.300000000000004,38.012,1,3.0,turnover,False,0.0
2026-02-13_FC Volendam - PSV Eindhoven,2899637897,1,41,3,6g9qrm72224jrk6tkxxxi8a9n,FC Volendam,dej8tywq0npvbm25sfgtqur1m,O. Kökçü,21.735,7.276,1,0.0,turnover,False,0.0
2026-02-13_FC Volendam - PSV Eindhoven,2899639515,1,42,40,6g9qrm72224jrk6tkxxxi8a9n,FC Volendam,9bgq1tfyfzc3wg9pfr8q510k4,D. Kwakman,16.38,35.768,0,0.0,turnover,False,0.0
2026-02-13_FC Volendam - PSV Eindhoven,2899819785,2,53,21,6g9qrm72224jrk6tkxxxi8a9n,FC Volendam,64kb0lmkr24rmh59hb01m268k,R. van Cruijsen,44.205000000000005,37.672000000000004,4,8.0,turnover,False,0.0014773744882962
2026-02-13_FC Volendam - PSV Eindhoven,2899666027,2,55,53,24fvcruwqrqvqa3aonf8c3zuy,PSV Eindhoven,d4j19ipiaeuetyij08fofgs15,J. Veerman,74.235,33.388000000000005,0,0.0,turnover,False,0.0
2026-02-13_FC Volendam - PSV Eindhoven,2899668357,2,57,55,24fvcruwqrqvqa3aonf8c3zuy,PSV Eindhoven,cgsmk5437f466uoqvol7devze,R. Flamingo,36.645,13.260000000000002,3,5.0,turnover,False,0.0003104513099944
2026-02-13_FC Volendam - PSV Eindhoven,2899669533,2,58,56,24fvcruwqrqvqa3aonf8c3zuy,PSV Eindhoven,5lvdnoyknuoyr6kdruposgctl,J. Schouten,74.55,20.400000000000002,6,6.0,window_expired,False,0.0041453963844068
2026-02-13_FC Volendam - PSV Eindhoven,2899672591,2,61,39,6g9qrm72224jrk6tkxxxi8a9n,FC Volendam,ealh7n21gctxxw5ol3l3yxzze,Y. Leliendal,32.76,54.06,2,4.0,turnover,False,0.0
2026-02-13_FC Volendam - PSV Eindhoven,2899674849,2,63,31,6g9qrm72224jrk6tkxxxi8a9n,FC Volendam,4utx4h5jz14whtjawxn7ox0r8,N. Verschuren,27.090000000000003,59.50000000000001,1,1.0,turnover,False,0.0
2026-02-13_FC Volendam - PSV Eindhoven,2899687007,2,75,13,6g9qrm72224jrk6tkxxxi8a9n,FC Volendam,ealh7n21gctxxw5ol3l3yxzze,Y. Leliendal,33.495,50.864000000000004,2,2.0,turnover,False,0.0
2026-02-13_FC Volendam - PSV Eindhoven,2899703493,2,79,8,24fvcruwqrqvqa3aonf8c3zuy,PSV Eindhoven,2yc1t7u26zctwjizi283g6q6s,P. Wanner,39.795,21.148000000000003,0,0.0,turnover,False,0.0
2026-02-13_FC Volendam - PSV Eindhoven,2899708499,2,84,10,24fvcruwqrqvqa3aonf8c3zuy,PSV Eindhoven,3ojwbw6v83g9b0u2wssnkzzzd,A. Obispo,33.39,58.82000000000001,0,0.0,turnover,False,0.0
2026-02-13_FC Volendam - PSV Eindhoven,2899703289,2,93,10,6g9qrm72224jrk6tkxxxi8a9n,FC Volendam,8r3k1iuul274c0ha0vy90jys,A. Oehlers,36.015,40.392,2,2.0,turnover,False,0.0
2026-02-14_AFC Ajax - Fortuna Sittard,2900315573,1,7,42,3ebril33e08ddzob4bhq8awsr,Fortuna Sittard,ccmmsnrfn58gwi1petlp08f3e,L. Duijvestijn,64.365,23.528000000000002,3,8.0,window_expired,False,0.00011986031535611563
2026-02-14_AFC Ajax - Fortuna Sittard,2900315967,1,8,12,d0zdg647gvgc95xdtk1vpbkys,AFC Ajax,bpprd2haoafk6y0rjans4iytx,K. Dolberg,71.4,26.724,0,0.0,turnover,False,0.0
2026-02-14_AFC Ajax - Fortuna Sittard,2900318509,1,11,24,d0zdg647gvgc95xdtk1vpbkys,AFC Ajax,1wse4b1hxu37e7t5ty5ykn7c9,J. Šutalo,26.880000000000003,19.992,4,9.0,window_expired,False,0.0003054281730958
2026-02-14_AFC Ajax - Fortuna Sittard,2900329855,1,24,51,3ebril33e08ddzob4bhq8awsr,Fortuna Sittard,eyzcfyn1crjcgmm98uk9u8oyy,É. Michut,25.305000000000003,31.076000000000004,2,4.0,turnover,False,0.0
2026-02-14_AFC Ajax - Fortuna Sittard,2900332629,1,28,31,3ebril33e08ddzob4bhq8awsr,Fortuna Sittard,7b4jmfu1ejoeci2zmvwuejnys,P. Brittijn,29.505000000000003,34.0,3,3.0,window_expired,False,9.437659994060432e-07
2026-02-14_AFC Ajax - Fortuna Sittard,2900338547,1,35,39,3ebril33e08ddzob4bhq8awsr,Fortuna Sittard,7b4jmfu1ejoeci2zmvwuejnys,P. Brittijn,19.215,19.992,7,8.0,turnover,False,9.196736184725884e-05
2026-02-14_AFC Ajax - Fortuna Sittard,2900338943,1,36,7,d0zdg647gvgc95xdtk1vpbkys,AFC Ajax,47l204bkq2qqjhtazusr0019m,Y. Baas,63.0,58.208,0,0.0,turnover,False,0.0
2026-02-14_AFC Ajax - Fortuna Sittard,2900359501,2,47,22,d0zdg647gvgc95xdtk1vpbkys,AFC Ajax,brfa9yhy2llgt9l75unddogk,J. Mokio,73.185,63.85200000000001,1,1.0,turnover,False,0.0
2026-02-14_AFC Ajax - Fortuna Sittard,2900360299,2,48,15,d0zdg647gvgc95xdtk1vpbkys,AFC Ajax,1wse4b1hxu37e7t5ty5ykn7c9,J. Šutalo,56.80500000000001,8.364,2,6.0,turnover,False,0.0
2026-02-14_AFC Ajax - Fortuna Sittard,2900361773,2,49,59,d0zdg647gvgc95xdtk1vpbkys,AFC Ajax,56nbghr9snc79dt8h99wleej8,S. Steur,49.14,66.98,1,0.0,turnover,False,0.0
2026-02-14_AFC Ajax - Fortuna Sittard,2900364515,2,53,19,3ebril33e08ddzob4bhq8awsr,Fortuna Sittard,7b4jmfu1ejoeci2zmvwuejnys,P. Brittijn,78.435,27.064,3,3.0,turnover,False,0.0
2026-02-14_AFC Ajax - Fortuna Sittard,2900367949,2,57,37,3ebril33e08ddzob4bhq8awsr,Fortuna Sittard,2ifp36vdm0d6rb3xc7muuvv11,D. Limnios,42.525,3.196,0,0.0,turnover,False,0.0
2026-02-14_AFC Ajax - Fortuna Sittard,2900370431,2,60,57,3ebril33e08ddzob4bhq8awsr,Fortuna Sittard,7b4jmfu1ejoeci2zmvwuejnys,P. Brittijn,33.6,23.052,5,9.0,window_expired,False,0.0001138612651725
2026-02-14_AFC Ajax - Fortuna Sittard,2900370659,2,61,11,d0zdg647gvgc95xdtk1vpbkys,AFC Ajax,brfa9yhy2llgt9l75unddogk,J. Mokio,65.625,20.808000000000003,5,10.0,window_expired,False,0.0019455437286896
2026-02-14_AFC Ajax - Fortuna Sittard,2900373703,2,65,20,3ebril33e08ddzob4bhq8awsr,Fortuna Sittard,7b4jmfu1ejoeci2zmvwuejnys,P. Brittijn,60.58500000000001,57.664,5,10.0,window_expired,False,0.00019203203051254916
2026-02-14_AFC Ajax - Fortuna Sittard,2900375181,2,67,20,3ebril33e08ddzob4bhq8awsr,Fortuna Sittard,8przxwwothu3crflys7ahl4dm,S. Adewoye,41.580000000000005,13.872,3,2.0,turnover,False,0.0006912340393963
2026-02-14_AFC Ajax - Fortuna Sittard,2900377933,2,71,36,3ebril33e08ddzob4bhq8awsr,Fortuna Sittard,eyzcfyn1crjcgmm98uk9u8oyy,É. Michut,15.435,19.448000000000004,0,0.0,turnover,False,0.0
2026-02-14_AFC Ajax - Fortuna Sittard,2900380413,2,75,1,d0zdg647gvgc95xdtk1vpbkys,AFC Ajax,b8ixf31bdyfqqcwoy4ulai73e,K. Fitz-Jim,37.275,22.848000000000003,3,5.0,turnover,False,0.0
2026-02-14_AFC Ajax - Fortuna Sittard,2900386039,2,82,37,d0zdg647gvgc95xdtk1vpbkys,AFC Ajax,dafbvyorudvujxw7zswicykmh,O. Wijndal,21.945,42.84,2,3.0,window_expired,False,0.0
2026-02-14_AFC Ajax - Fortuna Sittard,2900386967,2,83,45,3ebril33e08ddzob4bhq8awsr,Fortuna Sittard,b23be312oxcbusvpjnnriukq2,Y. Oukili,14.175,26.248,2,4.0,turnover,False,0.0
2026-02-14_AFC Ajax - Fortuna Sittard,2900389767,2,87,54,3ebril33e08ddzob4bhq8awsr,Fortuna Sittard,2fbolmn7pyvn5oto4zoeqguwa,N. Kasanwirjo,32.025,40.528000000000006,2,2.0,turnover,False,1.824094399099918e-05
2026-02-14_FC Groningen - FC Utrecht,2900354727,1,1,2,ccpscwdcm65czscrun048ecn5,FC Utrecht,enimk3ibb10vk3f8vrmmhq7oq,S. El Karouani,65.83500000000001,55.488,5,9.0,window_expired,False,0.0041277309645002
2026-02-14_FC Groningen - FC Utrecht,2900356787,1,3,53,ccpscwdcm65czscrun048ecn5,FC Utrecht,3ypxn1nvgv8e321sq5394w3my,M. Didden,48.615,43.248000000000005,0,0.0,turnover,False,0.0
2026-02-14_FC Groningen - FC Utrecht,2900369033,1,18,35,ccpscwdcm65czscrun048ecn5,FC Utrecht,enimk3ibb10vk3f8vrmmhq7oq,S. El Karouani,29.294999999999998,52.564,0,0.0,turnover,False,0.0
2026-02-14_FC Groningen - FC Utrecht,2900393159,1,19,25,ccpscwdcm65czscrun048ecn5,FC Utrecht,3ypxn1nvgv8e321sq5394w3my,M. Didden,63.0,7.140000000000001,0,0.0,turnover,False,0.0
2026-02-14_FC Groningen - FC Utrecht,2900370239,1,20,21,cos9hxi16eitbcbthof7zrm4m,FC Groningen,e6x3hs6v8cq74ojgluyny72fo,T. Land,73.185,35.768,2,9.0,window_expired,False,0.0
2026-02-14_FC Groningen - FC Utrecht,2900375827,1,27,55,ccpscwdcm65czscrun048ecn5,FC Utrecht,4ej8uchqe3rt1s5h6phjo3310,G. Zechiël,33.915,45.016000000000005,1,1.0,turnover,False,0.0
2026-02-14_FC Groningen - FC Utrecht,2900380241,1,34,27,ccpscwdcm65czscrun048ecn5,FC Utrecht,8lt54ei6pcu25u8uerigmx5yi,A. Engwanda,29.505000000000003,15.64,1,1.0,turnover,False,0.0
2026-02-14_FC Groningen - FC Utrecht,2900384857,1,40,46,ccpscwdcm65czscrun048ecn5,FC Utrecht,8lt54ei6pcu25u8uerigmx5yi,A. Engwanda,32.34,38.556000000000004,2,4.0,turnover,False,0.0001795335683608
2026-02-14_FC Groningen - FC Utrecht,2900398031,2,47,14,cos9hxi16eitbcbthof7zrm4m,FC Groningen,1c4fzmrwmlwaqmqomge14rqc4,D. Janse,70.56,56.508,1,2.0,turnover,False,0.0
2026-02-14_FC Groningen - FC Utrecht,2900399451,2,49,45,ccpscwdcm65czscrun048ecn5,FC Utrecht,enimk3ibb10vk3f8vrmmhq7oq,S. El Karouani,58.695,65.48400000000001,0,0.0,turnover,False,0.0
2026-02-14_FC Groningen - FC Utrecht,2900403229,2,56,27,cos9hxi16eitbcbthof7zrm4m,FC Groningen,98qi4clazqen9kimkxt3jb6j9,M. Peersman,28.875,54.264,3,3.0,turnover,False,0.0
2026-02-14_FC Groningen - FC Utrecht,2900411669,2,72,49,cos9hxi16eitbcbthof7zrm4m,FC Groningen,9wwud2tglhtdocmjgl2u5ib6c,T. Blokzijl,46.30500000000001,3.128,0,0.0,turnover,False,0.0
2026-02-14_FC Groningen - FC Utrecht,2900413275,2,76,0,cos9hxi16eitbcbthof7zrm4m,FC Groningen,98qi4clazqen9kimkxt3jb6j9,M. Peersman,23.94,39.168000000000006,3,8.0,window_expired,False,3.876554825196776e-05
2026-02-14_FC Groningen - FC Utrecht,2900416099,2,82,1,cos9hxi16eitbcbthof7zrm4m,FC Groningen,9wwud2tglhtdocmjgl2u5ib6c,T. Blokzijl,27.090000000000003,27.404,0,0.0,turnover,False,0.0
2026-02-14_FC Groningen - FC Utrecht,2900419173,2,87,2,ccpscwdcm65czscrun048ecn5,FC Utrecht,7o8auo4uu5mzh7f4a44ucdf8q,D. Min,11.55,32.980000000000004,2,2.0,turnover,False,0.0
2026-02-14_FC Groningen - FC Utrecht,2900420037,2,90,24,cos9hxi16eitbcbthof7zrm4m,FC Groningen,bm3k1knugkwa8z319dscr2yhg,T. Hernes,9.975,4.284,2,2.0,turnover,False,0.0
2026-02-14_FC Groningen - FC Utrecht,2900420849,2,92,13,ccpscwdcm65czscrun048ecn5,FC Utrecht,enimk3ibb10vk3f8vrmmhq7oq,S. El Karouani,17.01,57.05200000000001,1,1.0,window_expired,False,0.0
2026-02-14_Heracles Almelo - NAC Breda,2900056775,1,1,13,dac758ef858jbq7pcb3gfwite,Heracles Almelo,6lyedmu2vuf7jig3jmhz9b4ve,D. van der Kust,27.195,56.03200000000001,7,8.0,turnover,False,3.536931424394374e-06
2026-02-14_Heracles Almelo - NAC Breda,2900059019,1,2,24,dac758ef858jbq7pcb3gfwite,Heracles Almelo,6lyedmu2vuf7jig3jmhz9b4ve,D. van der Kust,45.57,65.41600000000001,0,0.0,turnover,False,0.0
2026-02-14_Heracles Almelo - NAC Breda,2900085737,1,5,14,dac758ef858jbq7pcb3gfwite,Heracles Almelo,afdwdm1rkz1ir3c0tukfh3jhm,S. Čestić,15.015,7.684000000000001,2,2.0,turnover,False,0.0
2026-02-14_Heracles Almelo - NAC Breda,2900081111,1,13,31,dac758ef858jbq7pcb3gfwite,Heracles Almelo,ait187bpr8we72jvfxxt6ttjp,M. te Wierik,40.005,15.096,0,0.0,turnover,False,0.0
2026-02-14_Heracles Almelo - NAC Breda,2900086531,1,17,22,dac758ef858jbq7pcb3gfwite,Heracles Almelo,7d8qc47gy4mb9mo67e1ic448a,M. Benita,30.450000000000003,4.352,1,1.0,turnover,False,0.0
2026-02-14_Heracles Almelo - NAC Breda,2900088697,1,19,42,59t7flioj4w4mpwnrwbm0m8ck,NAC Breda,7qwmlcxsxlxmq01g7dkt7v14a,M. Balard,24.36,12.036,3,1.0,turnover,False,0.0
2026-02-14_Heracles Almelo - NAC Breda,2900088713,1,19,44,dac758ef858jbq7pcb3gfwite,Heracles Almelo,6lyedmu2vuf7jig3jmhz9b4ve,D. van der Kust,68.565,51.068,4,9.0,window_expired,False,0.001336212387539
2026-02-14_Heracles Almelo - NAC Breda,2900091221,1,23,17,59t7flioj4w4mpwnrwbm0m8ck,NAC Breda,c3j7ddqg0yzporam6gieibgiy,C. Brym,36.645,5.984000000000001,0,0.0,turnover,False,0.0
2026-02-14_Heracles Almelo - NAC Breda,2900114653,1,38,22,dac758ef858jbq7pcb3gfwite,Heracles Almelo,a185wef6iz1nun1wry40jcgoa,N. Ünüvar,62.05500000000001,56.644000000000005,2,2.0,turnover,False,0.0
2026-02-14_Heracles Almelo - NAC Breda,2900114835,1,38,25,59t7flioj4w4mpwnrwbm0m8ck,NAC Breda,a3m4r77behilkcznll07b7d1x,C. Leemans,26.880000000000003,40.528000000000006,1,3.0,turnover,False,0.0
2026-02-14_Heracles Almelo - NAC Breda,2900195141,2,60,41,dac758ef858jbq7pcb3gfwite,Heracles Almelo,6ok4k757utbtswx5618xffsru,I. Mesík,39.27,58.684000000000005,0,0.0,turnover,False,0.0
2026-02-14_Heracles Almelo - NAC Breda,2900203803,2,70,39,59t7flioj4w4mpwnrwbm0m8ck,NAC Breda,bgzvhtk50gvmq6noheadmc34l,D. Odoi,38.22,44.132000000000005,2,5.0,turnover,False,0.0
2026-02-14_Heracles Almelo - NAC Breda,2900215947,2,81,38,59t7flioj4w4mpwnrwbm0m8ck,NAC Breda,c3j7ddqg0yzporam6gieibgiy,C. Brym,25.830000000000002,8.092,0,0.0,turnover,False,0.0
2026-02-14_Heracles Almelo - NAC Breda,2900223681,2,88,6,dac758ef858jbq7pcb3gfwite,Heracles Almelo,6ok4k757utbtswx5618xffsru,I. Mesík,27.930000000000003,3.944,2,1.0,turnover,False,0.0
2026-02-14_SBV Excelsior - Alkmaar Zaanstreek,2900257347,1,5,45,3kfktv64h7kg7zryax1wktr5r,Alkmaar Zaanstreek,wuh8s4gfo9ro3nel3rormg44,R. Daal,44.625,61.81200000000001,2,7.0,turnover,False,0.0
2026-02-14_SBV Excelsior - Alkmaar Zaanstreek,2900258549,1,6,49,3kfktv64h7kg7zryax1wktr5r,Alkmaar Zaanstreek,3uq3lrjyj4mnvq6162b0jyhnt,M. de Wit,19.32,7.956,1,0.0,turnover,False,0.0
2026-02-14_SBV Excelsior - Alkmaar Zaanstreek,2900262443,1,11,23,3kfktv64h7kg7zryax1wktr5r,Alkmaar Zaanstreek,9lixevzo8exxiia17altfw8ic,W. Goes,59.325,4.216,1,2.0,turnover,False,0.0
2026-02-14_SBV Excelsior - Alkmaar Zaanstreek,2900263607,1,12,56,3kfktv64h7kg7zryax1wktr5r,Alkmaar Zaanstreek,es363spp9pgd4hralx6ni2xw4,M. Chávez,54.705000000000005,61.608000000000004,0,0.0,turnover,False,0.0
2026-02-14_SBV Excelsior - Alkmaar Zaanstreek,2900269119,1,20,27,dqk062lu0vm8epvytbm6r4mmf,SBV Excelsior,5wwqe546ohp130rvi8x8pt0tm,A. Zagré,74.865,50.184000000000005,0,0.0,turnover,False,0.0
2026-02-14_SBV Excelsior - Alkmaar Zaanstreek,2900269575,1,21,5,3kfktv64h7kg7zryax1wktr5r,Alkmaar Zaanstreek,e8ppjprlbi0yiofmb7mj72wwk,R. Robbemond,16.065,59.29600000000001,0,0.0,turnover,False,0.0
2026-02-14_SBV Excelsior - Alkmaar Zaanstreek,2900270905,1,22,43,3kfktv64h7kg7zryax1wktr5r,Alkmaar Zaanstreek,ck3l6a262hves3v6nywarx9pm,Alexandre Penetra,57.435,58.004000000000005,3,6.0,window_expired,False,0.0004954628206251
2026-02-14_SBV Excelsior - Alkmaar Zaanstreek,2900271521,1,23,18,3kfktv64h7kg7zryax1wktr5r,Alkmaar Zaanstreek,e8ppjprlbi0yiofmb7mj72wwk,R. Robbemond,74.44500000000001,34.204,1,3.0,turnover,False,0.0
2026-02-14_SBV Excelsior - Alkmaar Zaanstreek,2900271525,1,23,22,dqk062lu0vm8epvytbm6r4mmf,SBV Excelsior,3hu6e9wa0nt4ekubxye6l4pas,I. Yegoian,21.21,20.876,0,0.0,turnover,False,0.0
2026-02-14_SBV Excelsior - Alkmaar Zaanstreek,2900273623,1,25,45,3kfktv64h7kg7zryax1wktr5r,Alkmaar Zaanstreek,3uq3lrjyj4mnvq6162b0jyhnt,M. de Wit,21.419999999999998,13.872,4,9.0,window_expired,False,3.2275701035464066e-05
2026-02-14_SBV Excelsior - Alkmaar Zaanstreek,2900307737,2,55,56,dqk062lu0vm8epvytbm6r4mmf,SBV Excelsior,cdhqb1a4h246hu0u13pm0tqay,I. Bronkhorst,27.51,3.944,0,0.0,turnover,False,0.0
2026-02-14_SBV Excelsior - Alkmaar Zaanstreek,2900308497,2,57,30,dqk062lu0vm8epvytbm6r4mmf,SBV Excelsior,cs49ec8y6cubrlo5nmu3j3jtg,L. Schouten,8.925,25.568,0,0.0,turnover,False,0.0
2026-02-14_SBV Excelsior - Alkmaar Zaanstreek,2900312857,2,63,23,dqk062lu0vm8epvytbm6r4mmf,SBV Excelsior,3hu6e9wa0nt4ekubxye6l4pas,I. Yegoian,27.72,21.692,1,2.0,turnover,False,0.0
2026-02-14_SBV Excelsior - Alkmaar Zaanstreek,2900317287,2,69,3,dqk062lu0vm8epvytbm6r4mmf,SBV Excelsior,49xsd6e4oyjrhtwsdbdm4rj84,L. Hartjes,25.305000000000003,20.400000000000002,0,0.0,turnover,False,0.0
2026-02-14_SBV Excelsior - Alkmaar Zaanstreek,2900318953,2,71,9,dqk062lu0vm8epvytbm6r4mmf,SBV Excelsior,3hu6e9wa0nt4ekubxye6l4pas,I. Yegoian,69.72000000000001,40.188,3,7.0,window_expired,False,0.013463743958409801
2026-02-14_SBV Excelsior - Alkmaar Zaanstreek,2900319307,2,71,37,dqk062lu0vm8epvytbm6r4mmf,SBV Excelsior,c6i4usq34m3389rtbqptahrai,R. Meissen,29.715000000000003,33.11600000000001,0,0.0,turnover,False,0.0
2026-02-14_SBV Excelsior - Alkmaar Zaanstreek,2900588751,2,72,44,dqk062lu0vm8epvytbm6r4mmf,SBV Excelsior,c6i4usq34m3389rtbqptahrai,R. Meissen,33.39,53.65200000000001,3,8.0,turnover,False,0.0
2026-02-14_SBV Excelsior - Alkmaar Zaanstreek,2900323581,2,76,48,dqk062lu0vm8epvytbm6r4mmf,SBV Excelsior,5nhideyjwp2347ryi1n9wfq50,D. Sanches Fernandes,31.71,31.484,0,0.0,turnover,False,0.0
2026-02-14_SBV Excelsior - Alkmaar Zaanstreek,2900326001,2,79,32,dqk062lu0vm8epvytbm6r4mmf,SBV Excelsior,5pg02unrm16jaa8vt5ego9z6y,S. Janssen,74.34,2.3120000000000003,1,1.0,turnover,False,0.0
2026-02-14_SBV Excelsior - Alkmaar Zaanstreek,2900330757,2,85,6,dqk062lu0vm8epvytbm6r4mmf,SBV Excelsior,c6i4usq34m3389rtbqptahrai,R. Meissen,27.51,45.764,4,5.0,turnover,False,0.0002130951371033
2026-02-14_SBV Excelsior - Alkmaar Zaanstreek,2900340833,2,86,12,3kfktv64h7kg7zryax1wktr5r,Alkmaar Zaanstreek,3uq3lrjyj4mnvq6162b0jyhnt,M. de Wit,71.715,60.79200000000001,4,5.0,window_expired,False,0.0003649101106785
2026-02-14_SBV Excelsior - Alkmaar Zaanstreek,2900334769,2,90,26,3kfktv64h7kg7zryax1wktr5r,Alkmaar Zaanstreek,22alh32lu88yabxd4pl0opg5w,K. Boogaard,40.11000000000001,46.308,2,3.0,turnover,False,0.0
2026-02-14_SBV Excelsior - Alkmaar Zaanstreek,2900336403,2,92,33,dqk062lu0vm8epvytbm6r4mmf,SBV Excelsior,c6i4usq34m3389rtbqptahrai,R. Meissen,14.175,39.848000000000006,3,6.0,turnover,False,4.98985297558846e-05
2026-02-14_SBV Excelsior - Alkmaar Zaanstreek,2900338321,2,94,36,dqk062lu0vm8epvytbm6r4mmf,SBV Excelsior,5wwqe546ohp130rvi8x8pt0tm,A. Zagré,32.76,47.6,1,1.0,turnover,False,0.0
2026-02-15_Feyenoord Rotterdam - Go Ahead Eagles,2900605519,1,9,7,b79uipsy57y1jqpy07h4i5ovk,Go Ahead Eagles,61a5bh5xw947nv4mxx62gqaqx,J. Kramer,62.895,53.108,4,10.0,window_expired,False,0.001824053562025758
2026-02-15_Feyenoord Rotterdam - Go Ahead Eagles,2900609433,1,21,11,b79uipsy57y1jqpy07h4i5ovk,Go Ahead Eagles,d8cxurdt9g5gezqlfwae7ooru,M. Meulensteen,17.535,18.768,3,2.0,turnover,False,0.0
2026-02-15_Feyenoord Rotterdam - Go Ahead Eagles,2900609925,1,22,16,b79uipsy57y1jqpy07h4i5ovk,Go Ahead Eagles,9d4lofwg9ooaoldw2vpt4h36y,E. Linthorst,28.455000000000002,39.032000000000004,3,3.0,turnover,False,5.889220237631498e-05
2026-02-15_Feyenoord Rotterdam - Go Ahead Eagles,2900612591,1,29,26,20vymiy7bo8wkyxai3ew494fz,Feyenoord Rotterdam,bwxn7o8ved1xo5bmfkfgzekiy,J. Bos,30.66,63.85200000000001,1,0.0,window_expired,False,0.0
2026-02-15_Feyenoord Rotterdam - Go Ahead Eagles,2900616053,1,38,58,20vymiy7bo8wkyxai3ew494fz,Feyenoord Rotterdam,4qr07cfbwquppkww057mb9tk9,J. Moder,37.589999999999996,4.488,0,0.0,turnover,False,0.0
2026-02-15_Feyenoord Rotterdam - Go Ahead Eagles,2901205019,1,48,37,20vymiy7bo8wkyxai3ew494fz,Feyenoord Rotterdam,8d0ffyx2qnnp0limf5aou92ei,A. Ueda,44.415,4.08,1,1.0,turnover,False,0.0
2026-02-15_Feyenoord Rotterdam - Go Ahead Eagles,2900643221,2,64,50,b79uipsy57y1jqpy07h4i5ovk,Go Ahead Eagles,1rmox6tf7r283dca2vi844kr8,A. Adelgaard,10.395000000000001,49.708,1,1.0,turnover,False,0.0
2026-02-15_Feyenoord Rotterdam - Go Ahead Eagles,2900650545,2,76,4,20vymiy7bo8wkyxai3ew494fz,Feyenoord Rotterdam,447abno2j0ux8fsxzs6fel7th,A. Ahmedhodžić,31.815,52.7,0,0.0,turnover,False,0.0
2026-02-15_Feyenoord Rotterdam - Go Ahead Eagles,2900655909,2,85,43,20vymiy7bo8wkyxai3ew494fz,Feyenoord Rotterdam,bwxn7o8ved1xo5bmfkfgzekiy,J. Bos,36.645,51.816,1,0.0,window_expired,False,0.0
2026-02-15_Feyenoord Rotterdam - Go Ahead Eagles,2900656151,2,86,6,20vymiy7bo8wkyxai3ew494fz,Feyenoord Rotterdam,447abno2j0ux8fsxzs6fel7th,A. Ahmedhodžić,35.595,63.71600000000001,1,0.0,turnover,False,0.0
2026-02-15_Feyenoord Rotterdam - Go Ahead Eagles,2900657101,2,87,27,b79uipsy57y1jqpy07h4i5ovk,Go Ahead Eagles,1rmox6tf7r283dca2vi844kr8,A. Adelgaard,24.044999999999998,64.668,1,0.0,turnover,False,0.0
2026-02-15_SC Heerenveen - PEC Zwolle,2900687111,1,6,31,2uuh2bir8ktof0uxfo06lb4ox,PEC Zwolle,1x6fhuy49w4rpnyavwotbf504,T. Gooijer,8.82,8.772,3,5.0,window_expired,False,1.6685724588766382e-05
2026-02-15_SC Heerenveen - PEC Zwolle,2900687375,1,6,44,4vd2t5schmvvufrfib7f2vjdf,SC Heerenveen,412l28fqhx21ivpcxzn1kpilm,V. Zagaritis,38.955000000000005,64.668,0,0.0,turnover,False,0.0
2026-02-15_SC Heerenveen - PEC Zwolle,2900689881,1,9,27,2uuh2bir8ktof0uxfo06lb4ox,PEC Zwolle,d5g7rl9a83vu3cyyzvu5yveqy,A. MacNulty,24.150000000000002,48.824,0,0.0,turnover,False,0.0
2026-02-15_SC Heerenveen - PEC Zwolle,2900693163,1,12,49,4vd2t5schmvvufrfib7f2vjdf,SC Heerenveen,idvh0ac1f8wv39640pyl4esp,S. Kersten,39.375,30.872,0,0.0,turnover,False,0.0
2026-02-15_SC Heerenveen - PEC Zwolle,2900701163,1,24,2,4vd2t5schmvvufrfib7f2vjdf,SC Heerenveen,ar7llmzju08n8yrqu8xm1thck,O. Braude,12.18,9.656,1,1.0,turnover,False,0.0
2026-02-15_SC Heerenveen - PEC Zwolle,2900702463,1,26,15,4vd2t5schmvvufrfib7f2vjdf,SC Heerenveen,idvh0ac1f8wv39640pyl4esp,S. Kersten,67.30499999999999,9.248000000000001,1,1.0,turnover,False,0.0
2026-02-15_SC Heerenveen - PEC Zwolle,2900704087,1,28,0,4vd2t5schmvvufrfib7f2vjdf,SC Heerenveen,8jm8a7w3a5b5nzikcom7cvf2s,M. Willemsen,34.545,58.61600000000001,3,5.0,turnover,False,9.797274588137228e-05
2026-02-15_SC Heerenveen - PEC Zwolle,2900715153,1,36,45,2uuh2bir8ktof0uxfo06lb4ox,PEC Zwolle,1rd0zzpp3dn0y7qtxwc57g7h1,R. Thomas,29.925,23.188000000000002,4,9.0,window_expired,False,2.784004172753929e-05
2026-02-15_SC Heerenveen - PEC Zwolle,2900715541,1,37,0,4vd2t5schmvvufrfib7f2vjdf,SC Heerenveen,ar7llmzju08n8yrqu8xm1thck,O. Braude,53.445,10.268,0,0.0,turnover,False,0.0
2026-02-15_SC Heerenveen - PEC Zwolle,2900747567,2,45,59,2uuh2bir8ktof0uxfo06lb4ox,PEC Zwolle,684nd3xjli51z43pbla0mwa21,T. Oosting,40.11000000000001,55.624,0,0.0,turnover,False,0.0
2026-02-15_SC Heerenveen - PEC Zwolle,2900759147,2,55,1,2uuh2bir8ktof0uxfo06lb4ox,PEC Zwolle,awsbedog2zaz7zpjucbcba82y,S. Shoretire,58.48500000000001,61.540000000000006,1,1.0,turnover,False,0.0
2026-02-15_SC Heerenveen - PEC Zwolle,2900763499,2,58,46,2uuh2bir8ktof0uxfo06lb4ox,PEC Zwolle,d5g7rl9a83vu3cyyzvu5yveqy,A. MacNulty,62.580000000000005,59.364000000000004,3,4.0,turnover,False,0.0001145350564264
2026-02-15_SC Heerenveen - PEC Zwolle,2900764405,2,59,38,2uuh2bir8ktof0uxfo06lb4ox,PEC Zwolle,awsbedog2zaz7zpjucbcba82y,S. Shoretire,78.96000000000001,31.96,0,0.0,turnover,False,0.0
2026-02-15_SC Heerenveen - PEC Zwolle,2900767009,2,62,44,2uuh2bir8ktof0uxfo06lb4ox,PEC Zwolle,d29ahwtvs7ls75wdtkf7xr8tm,Z. Buurmeester,36.015,56.78,3,3.0,turnover,False,0.0
2026-02-15_SC Heerenveen - PEC Zwolle,2900784625,2,80,58,4vd2t5schmvvufrfib7f2vjdf,SC Heerenveen,412l28fqhx21ivpcxzn1kpilm,V. Zagaritis,46.935,63.03600000000001,1,2.0,turnover,False,0.0
2026-02-15_SC Heerenveen - PEC Zwolle,2900788075,2,83,26,4vd2t5schmvvufrfib7f2vjdf,SC Heerenveen,88523fv89ozrqwnbhgphxual0,M. Egbring,45.885000000000005,10.268,0,0.0,turnover,False,0.0
2026-02-15_SC Telstar - FC Twente,2900731243,1,2,11,zjawy6qdzk3y69v5pa3zl2cb,SC Telstar,14csdlb8p0tnj6zqrs148ct1w,J. Ritmeester van de Kamp,51.03,11.152,2,9.0,window_expired,False,0.0157921452127118
2026-02-15_SC Telstar - FC Twente,2900681155,1,2,49,zjawy6qdzk3y69v5pa3zl2cb,SC Telstar,4bkb8qjb5n33wxfopju8r1mtx,D. Bakker,71.925,36.04,2,2.0,turnover,False,0.0
2026-02-15_SC Telstar - FC Twente,2900683063,1,4,46,4tic29sox7m39fy1ztgv0jsiq,FC Twente,5r47vtvu418kae5j2rpv6w2dw,M. Rots,36.645,51.34,3,8.0,turnover,False,0.0059439730144091995
2026-02-15_SC Telstar - FC Twente,2900686777,1,8,33,zjawy6qdzk3y69v5pa3zl2cb,SC Telstar,cp866ucakmwqiwxrstkaxwgt0,N. Rossen,69.615,12.512,2,1.0,turnover,False,0.0
2026-02-15_SC Telstar - FC Twente,2900696001,1,18,57,zjawy6qdzk3y69v5pa3zl2cb,SC Telstar,4fu2agdclsyxx1boxxibauzo4,G. Alders,39.480000000000004,7.548,0,0.0,turnover,False,0.0
2026-02-15_SC Telstar - FC Twente,2900696871,1,20,0,zjawy6qdzk3y69v5pa3zl2cb,SC Telstar,dk7zyk16nsnh0czeky7vi0x78,S. van Duijn,45.675000000000004,59.976000000000006,4,10.0,window_expired,False,0.0005520259445678
2026-02-15_SC Telstar - FC Twente,2900697345,1,20,33,zjawy6qdzk3y69v5pa3zl2cb,SC Telstar,4fu2agdclsyxx1boxxibauzo4,G. Alders,19.635,12.376000000000001,0,0.0,turnover,False,0.0
2026-02-15_SC Telstar - FC Twente,2900697613,1,20,54,zjawy6qdzk3y69v5pa3zl2cb,SC Telstar,cp866ucakmwqiwxrstkaxwgt0,N. Rossen,18.69,53.720000000000006,0,0.0,turnover,False,0.0
2026-02-15_SC Telstar - FC Twente,2900699777,1,24,14,4tic29sox7m39fy1ztgv0jsiq,FC Twente,cocgd3hh74fq9c30x9bps4idw,S. Lemkin,42.73500000000001,39.57600000000001,0,0.0,turnover,False,0.0
2026-02-15_SC Telstar - FC Twente,2900700893,1,26,5,zjawy6qdzk3y69v5pa3zl2cb,SC Telstar,14csdlb8p0tnj6zqrs148ct1w,J. Ritmeester van de Kamp,48.195,54.67200000000001,1,2.0,turnover,False,0.0
2026-02-15_SC Telstar - FC Twente,2900702537,1,28,42,4tic29sox7m39fy1ztgv0jsiq,FC Twente,6wwk8y9mklkh8x606ynhe1lp0,S. Ørjasæter,25.41,64.328,0,0.0,turnover,False,0.0
2026-02-15_SC Telstar - FC Twente,2900704607,1,30,49,zjawy6qdzk3y69v5pa3zl2cb,SC Telstar,4fu2agdclsyxx1boxxibauzo4,G. Alders,69.615,6.256,4,6.0,turnover,True,0.0717312889253926
2026-02-15_SC Telstar - FC Twente,2900707275,1,33,0,zjawy6qdzk3y69v5pa3zl2cb,SC Telstar,14csdlb8p0tnj6zqrs148ct1w,J. Ritmeester van de Kamp,18.27,22.644,1,2.0,turnover,False,0.0
2026-02-15_SC Telstar - FC Twente,2900707685,1,33,17,zjawy6qdzk3y69v5pa3zl2cb,SC Telstar,14csdlb8p0tnj6zqrs148ct1w,J. Ritmeester van de Kamp,25.200000000000003,17.204,3,4.0,turnover,False,0.000191452652708
2026-02-15_SC Telstar - FC Twente,2900707889,1,33,26,4tic29sox7m39fy1ztgv0jsiq,FC Twente,5r47vtvu418kae5j2rpv6w2dw,M. Rots,57.435,61.608000000000004,3,1.0,turnover,False,0.0
2026-02-15_SC Telstar - FC Twente,2900716529,1,40,6,zjawy6qdzk3y69v5pa3zl2cb,SC Telstar,y1ky8sp8scl05mmfr7byy3md,J. Hardeveld,27.51,61.744,4,10.0,window_expired,False,0.00048258939274814364
2026-02-15_SC Telstar - FC Twente,2900753385,2,52,28,zjawy6qdzk3y69v5pa3zl2cb,SC Telstar,avyhrrfkeizd3za28ni67x82c,C. Hatenboer,26.46,44.268,0,0.0,turnover,False,0.0
2026-02-15_SC Telstar - FC Twente,2900755253,2,53,58,zjawy6qdzk3y69v5pa3zl2cb,SC Telstar,dk7zyk16nsnh0czeky7vi0x78,S. van Duijn,40.74,46.852000000000004,2,4.0,turnover,False,0.0
2026-02-15_SC Telstar - FC Twente,2900755375,2,54,5,4tic29sox7m39fy1ztgv0jsiq,FC Twente,5r47vtvu418kae5j2rpv6w2dw,M. Rots,23.1,48.348,0,0.0,turnover,False,0.0
2026-02-15_SC Telstar - FC Twente,2900761573,2,59,0,4tic29sox7m39fy1ztgv0jsiq,FC Twente,cocgd3hh74fq9c30x9bps4idw,S. Lemkin,31.185000000000002,9.996,0,0.0,turnover,False,0.0
2026-02-15_SC Telstar - FC Twente,2900774069,2,75,0,zjawy6qdzk3y69v5pa3zl2cb,SC Telstar,y1ky8sp8scl05mmfr7byy3md,J. Hardeveld,1.5750000000000002,57.120000000000005,4,4.0,window_expired,False,0.0006800061441638
2026-02-15_SC Telstar - FC Twente,2900804825,2,79,23,zjawy6qdzk3y69v5pa3zl2cb,SC Telstar,1k60tee702idfrp0ibca1s57u,G. Offerhaus,16.485,37.80800000000001,0,0.0,turnover,False,0.0
2026-02-15_SC Telstar - FC Twente,2900780059,2,79,45,4tic29sox7m39fy1ztgv0jsiq,FC Twente,qobf1v5kwuz6hj2ooixfw4mi,B. van Rooij,78.96000000000001,11.288000000000002,0,0.0,turnover,False,0.0
2026-02-15_SC Telstar - FC Twente,2900789357,2,86,38,zjawy6qdzk3y69v5pa3zl2cb,SC Telstar,y1ky8sp8scl05mmfr7byy3md,J. Hardeveld,7.9799999999999995,15.844000000000001,5,7.0,window_expired,False,3.292822515295335e-05
2026-02-15_SC Telstar - FC Twente,2900790149,2,87,14,zjawy6qdzk3y69v5pa3zl2cb,SC Telstar,cp866ucakmwqiwxrstkaxwgt0,N. Rossen,65.415,54.808,0,0.0,turnover,False,0.0
2026-02-15_SC Telstar - FC Twente,2900791563,2,88,20,4tic29sox7m39fy1ztgv0jsiq,FC Twente,3xlkchrk28u0cb620cajre1hw,R. Nijstad,61.425000000000004,55.624,3,9.0,window_expired,False,0.0030586219072524
2026-02-15_SC Telstar - FC Twente,2900792031,2,88,41,zjawy6qdzk3y69v5pa3zl2cb,SC Telstar,50130ztne7nsfs9fxf0am6vv9,D. Mertens,10.5,47.19200000000001,1,1.0,turnover,False,0.0
2026-02-15_SC Telstar - FC Twente,2900792969,2,89,22,4tic29sox7m39fy1ztgv0jsiq,FC Twente,qobf1v5kwuz6hj2ooixfw4mi,B. van Rooij,39.795,16.864,0,0.0,turnover,False,0.0
2026-02-17_Sparta Rotterdam - Nijmegen Eendracht Combinatie,2900828325,1,1,32,8iawijq7s9s6d85mjz8wdslki,Nijmegen Eendracht Combinatie,8624hqd4nlbzcoqsetvsvla8k,D. Fonville,37.589999999999996,57.25600000000001,0,0.0,turnover,False,0.0
2026-02-17_Sparta Rotterdam - Nijmegen Eendracht Combinatie,2900832479,1,4,37,89w5c6pw7vn0dxypi61tt0g4k,Sparta Rotterdam,ass524umdrpsq324wksaqef4k,M. Young,78.33,7.344000000000001,1,2.0,turnover,False,0.0
2026-02-17_Sparta Rotterdam - Nijmegen Eendracht Combinatie,2901491947,1,10,49,89w5c6pw7vn0dxypi61tt0g4k,Sparta Rotterdam,29q4j9r2lgdsdkkq2fgh8l7o4,Ayoni Santos,56.7,47.668,1,2.0,turnover,False,0.0
2026-02-17_Sparta Rotterdam - Nijmegen Eendracht Combinatie,2901492301,1,12,47,89w5c6pw7vn0dxypi61tt0g4k,Sparta Rotterdam,ass524umdrpsq324wksaqef4k,M. Young,37.065,37.536,0,0.0,turnover,False,0.0
2026-02-17_Sparta Rotterdam - Nijmegen Eendracht Combinatie,2901494845,1,26,31,89w5c6pw7vn0dxypi61tt0g4k,Sparta Rotterdam,ass524umdrpsq324wksaqef4k,M. Young,54.915,16.116,5,6.0,turnover,False,0.0010140718062285
2026-02-17_Sparta Rotterdam - Nijmegen Eendracht Combinatie,2901495783,1,33,37,89w5c6pw7vn0dxypi61tt0g4k,Sparta Rotterdam,536qjh4gcmpo5q68ti87e60kq,S. Mito,32.655,58.82000000000001,0,0.0,turnover,False,0.0
2026-02-17_Sparta Rotterdam - Nijmegen Eendracht Combinatie,2901497265,1,45,14,89w5c6pw7vn0dxypi61tt0g4k,Sparta Rotterdam,ass524umdrpsq324wksaqef4k,M. Young,60.58500000000001,49.980000000000004,1,1.0,turnover,False,0.0
2026-02-17_Sparta Rotterdam - Nijmegen Eendracht Combinatie,2901720185,2,46,43,8iawijq7s9s6d85mjz8wdslki,Nijmegen Eendracht Combinatie,1asrguqxyo7rmoyamggwd9oq2,A. Kaplan,53.339999999999996,44.132000000000005,3,4.0,window_expired,False,0.0153703523920318
2026-02-17_Sparta Rotterdam - Nijmegen Eendracht Combinatie,2901522321,2,55,59,8iawijq7s9s6d85mjz8wdslki,Nijmegen Eendracht Combinatie,1asrguqxyo7rmoyamggwd9oq2,A. Kaplan,40.11000000000001,44.88,4,8.0,turnover,False,0.0045070292075975
2026-02-17_Sparta Rotterdam - Nijmegen Eendracht Combinatie,2901527009,2,60,25,89w5c6pw7vn0dxypi61tt0g4k,Sparta Rotterdam,7ty1wdxxnusgkl34k5raipbl5,M. van Bergen,65.94,10.948000000000002,0,0.0,turnover,False,0.0
2026-02-17_Sparta Rotterdam - Nijmegen Eendracht Combinatie,2901528727,2,62,9,89w5c6pw7vn0dxypi61tt0g4k,Sparta Rotterdam,ass524umdrpsq324wksaqef4k,M. Young,30.555000000000003,33.728,3,8.0,turnover,False,0.0049055678093619
2026-02-17_Sparta Rotterdam - Nijmegen Eendracht Combinatie,2901540409,2,71,40,89w5c6pw7vn0dxypi61tt0g4k,Sparta Rotterdam,6ab5gq2owk86qs5zjottfhwmi,T. Quintero,31.5,53.108,2,5.0,turnover,False,0.0
2026-02-17_Sparta Rotterdam - Nijmegen Eendracht Combinatie,2901542303,2,74,37,89w5c6pw7vn0dxypi61tt0g4k,Sparta Rotterdam,f57vs3qmmob743hdk2dxf56cq,S. Sambo,41.475,8.5,1,0.0,turnover,False,0.0
2026-02-17_Sparta Rotterdam - Nijmegen Eendracht Combinatie,2901547625,2,79,33,89w5c6pw7vn0dxypi61tt0g4k,Sparta Rotterdam,f57vs3qmmob743hdk2dxf56cq,S. Sambo,58.065,10.336,1,1.0,turnover,False,0.0
2026-02-17_Sparta Rotterdam - Nijmegen Eendracht Combinatie,2901551245,2,86,14,89w5c6pw7vn0dxypi61tt0g4k,Sparta Rotterdam,6ab5gq2owk86qs5zjottfhwmi,T. Quintero,35.7,60.724000000000004,0,0.0,turnover,False,0.0
2026-02-17_Sparta Rotterdam - Nijmegen Eendracht Combinatie,2901551255,2,86,16,89w5c6pw7vn0dxypi61tt0g4k,Sparta Rotterdam,6ab5gq2owk86qs5zjottfhwmi,T. Quintero,31.5,58.480000000000004,3,4.0,turnover,False,0.0
2026-02-17_Sparta Rotterdam - Nijmegen Eendracht Combinatie,2901551769,2,87,58,8iawijq7s9s6d85mjz8wdslki,Nijmegen Eendracht Combinatie,247ipjjd0cak2sggwbuorx4yy,B. Pereira,53.865,15.436,0,0.0,turnover,False,0.0
2026-02-20_Fortuna Sittard - SBV Excelsior,2902109935,1,5,28,dqk062lu0vm8epvytbm6r4mmf,SBV Excelsior,6coor7jll29drx4kgvyt499wq,N. Naujoks,34.230000000000004,64.94,3,3.0,turnover,False,0.0
2026-02-20_Fortuna Sittard - SBV Excelsior,2902131909,1,22,52,3ebril33e08ddzob4bhq8awsr,Fortuna Sittard,dsh8ta4q6v5ews2e19p9xh6y2,J. Hubner,54.285000000000004,56.37200000000001,3,3.0,turnover,False,0.0011366119356455
2026-02-20_Fortuna Sittard - SBV Excelsior,2902151669,1,39,49,dqk062lu0vm8epvytbm6r4mmf,SBV Excelsior,30t0ph1icrggc0x62om801ses,G. de Regt,39.795,64.05600000000001,3,3.0,turnover,False,0.000143924395425
2026-02-20_Fortuna Sittard - SBV Excelsior,2902152493,1,40,27,dqk062lu0vm8epvytbm6r4mmf,SBV Excelsior,c6i4usq34m3389rtbqptahrai,R. Meissen,16.8,58.956,3,3.0,turnover,False,6.056042517493809e-06
2026-02-20_Fortuna Sittard - SBV Excelsior,2902152969,1,40,51,dqk062lu0vm8epvytbm6r4mmf,SBV Excelsior,30t0ph1icrggc0x62om801ses,G. de Regt,32.76,59.160000000000004,1,1.0,turnover,False,0.0
2026-02-20_Fortuna Sittard - SBV Excelsior,2902339511,1,42,7,dqk062lu0vm8epvytbm6r4mmf,SBV Excelsior,49xsd6e4oyjrhtwsdbdm4rj84,L. Hartjes,71.715,52.7,5,8.0,window_expired,False,0.0282521979436463
2026-02-20_Fortuna Sittard - SBV Excelsior,2902184689,2,48,17,3ebril33e08ddzob4bhq8awsr,Fortuna Sittard,eyzcfyn1crjcgmm98uk9u8oyy,É. Michut,22.155,36.788000000000004,0,0.0,turnover,False,0.0
2026-02-20_Fortuna Sittard - SBV Excelsior,2902184877,2,49,10,3ebril33e08ddzob4bhq8awsr,Fortuna Sittard,9zryne6aa951ltubvjo0gk12i,M. Ihattaren,44.415,20.264000000000003,4,9.0,turnover,False,0.00019018220903490492
2026-02-20_Fortuna Sittard - SBV Excelsior,2902187961,2,51,2,dqk062lu0vm8epvytbm6r4mmf,SBV Excelsior,30t0ph1icrggc0x62om801ses,G. de Regt,48.300000000000004,57.596000000000004,0,0.0,turnover,False,0.0
2026-02-20_Fortuna Sittard - SBV Excelsior,2902193559,2,54,25,dqk062lu0vm8epvytbm6r4mmf,SBV Excelsior,3hu6e9wa0nt4ekubxye6l4pas,I. Yegoian,70.77000000000001,44.608,1,7.0,turnover,False,0.0
2026-02-20_Fortuna Sittard - SBV Excelsior,2902197307,2,56,42,dqk062lu0vm8epvytbm6r4mmf,SBV Excelsior,c6i4usq34m3389rtbqptahrai,R. Meissen,5.775,46.376000000000005,0,0.0,turnover,False,0.0
2026-02-20_Fortuna Sittard - SBV Excelsior,2902202391,2,59,55,3ebril33e08ddzob4bhq8awsr,Fortuna Sittard,dsh8ta4q6v5ews2e19p9xh6y2,J. Hubner,14.175,59.29600000000001,0,0.0,turnover,False,0.0
2026-02-20_Fortuna Sittard - SBV Excelsior,2902204245,2,61,11,3ebril33e08ddzob4bhq8awsr,Fortuna Sittard,570htztcvfsu947xw6fvtzmc5,Iván Márquez,32.025,33.524,0,0.0,turnover,False,0.0
2026-02-20_Fortuna Sittard - SBV Excelsior,2902207783,2,63,36,3ebril33e08ddzob4bhq8awsr,Fortuna Sittard,7b4jmfu1ejoeci2zmvwuejnys,P. Brittijn,30.135,65.824,0,0.0,turnover,False,0.0
2026-02-20_Fortuna Sittard - SBV Excelsior,2902208593,2,64,11,dqk062lu0vm8epvytbm6r4mmf,SBV Excelsior,6coor7jll29drx4kgvyt499wq,N. Naujoks,44.1,5.576,0,0.0,turnover,False,0.0
2026-02-20_Fortuna Sittard - SBV Excelsior,2902213373,2,67,36,3ebril33e08ddzob4bhq8awsr,Fortuna Sittard,60jptu288hf6gcljkbzcdie39,K. Peterson,55.545,62.968,0,0.0,turnover,False,0.0
2026-02-20_Fortuna Sittard - SBV Excelsior,2902219471,2,72,10,3ebril33e08ddzob4bhq8awsr,Fortuna Sittard,7b4jmfu1ejoeci2zmvwuejnys,P. Brittijn,25.62,30.736000000000004,0,0.0,turnover,False,0.0
2026-02-20_Fortuna Sittard - SBV Excelsior,2902238917,2,87,20,3ebril33e08ddzob4bhq8awsr,Fortuna Sittard,dp0q4f4gbj2buhcu1lb5dzxed,Ivo Pinto,35.28,3.196,1,1.0,turnover,False,0.0
2026-02-20_Fortuna Sittard - SBV Excelsior,2902241487,2,89,15,3ebril33e08ddzob4bhq8awsr,Fortuna Sittard,5ghvrbmlh0tqos9iohj8f7zzd,K. Sierhuis,66.465,16.32,2,7.0,turnover,True,0.0
2026-02-21_AFC Ajax - Nijmegen Eendracht Combinatie,2902936729,1,9,37,d0zdg647gvgc95xdtk1vpbkys,AFC Ajax,56nbghr9snc79dt8h99wleej8,S. Steur,9.870000000000001,42.29600000000001,0,0.0,turnover,False,0.0
2026-02-21_AFC Ajax - Nijmegen Eendracht Combinatie,2902942437,1,14,48,d0zdg647gvgc95xdtk1vpbkys,AFC Ajax,bpprd2haoafk6y0rjans4iytx,K. Dolberg,65.31,11.628000000000002,1,2.0,turnover,False,0.0
2026-02-21_AFC Ajax - Nijmegen Eendracht Combinatie,2902947101,1,19,30,8iawijq7s9s6d85mjz8wdslki,Nijmegen Eendracht Combinatie,ac3lkaa1lkbsa82tfylq5zcb8,N. Lebreton,49.455000000000005,30.26,0,0.0,turnover,False,0.0
2026-02-21_AFC Ajax - Nijmegen Eendracht Combinatie,2902949061,1,21,48,8iawijq7s9s6d85mjz8wdslki,Nijmegen Eendracht Combinatie,dse071e8zbzm8l37m64g6e1p0,K. Sano,70.245,22.236000000000004,0,0.0,turnover,False,0.0
2026-02-21_AFC Ajax - Nijmegen Eendracht Combinatie,2902958507,1,32,8,d0zdg647gvgc95xdtk1vpbkys,AFC Ajax,b8ixf31bdyfqqcwoy4ulai73e,K. Fitz-Jim,54.075,23.256000000000004,4,8.0,window_expired,False,0.0282399117275321
2026-02-21_AFC Ajax - Nijmegen Eendracht Combinatie,2902992367,2,53,24,8iawijq7s9s6d85mjz8wdslki,Nijmegen Eendracht Combinatie,ds0hd4ezvb5rw6l95rhbxtq1g,B. Önal,54.39,63.444,0,0.0,turnover,False,0.0
2026-02-21_AFC Ajax - Nijmegen Eendracht Combinatie,2902993663,2,54,55,8iawijq7s9s6d85mjz8wdslki,Nijmegen Eendracht Combinatie,4pqi5vt820333t5zsj2refc2d,B. Linssen,67.30499999999999,62.49200000000001,0,0.0,turnover,False,0.0
2026-02-21_AFC Ajax - Nijmegen Eendracht Combinatie,2902996321,2,58,8,8iawijq7s9s6d85mjz8wdslki,Nijmegen Eendracht Combinatie,1gl82ymzh9vpitix6v645awa,D. Nejašmić,61.214999999999996,36.176,5,7.0,window_expired,False,0.0226322067183087
2026-02-21_AFC Ajax - Nijmegen Eendracht Combinatie,2903001341,2,64,40,d0zdg647gvgc95xdtk1vpbkys,AFC Ajax,1wse4b1hxu37e7t5ty5ykn7c9,J. Šutalo,40.214999999999996,38.828,0,0.0,turnover,False,0.0
2026-02-21_AFC Ajax - Nijmegen Eendracht Combinatie,2903002863,2,67,5,8iawijq7s9s6d85mjz8wdslki,Nijmegen Eendracht Combinatie,dse071e8zbzm8l37m64g6e1p0,K. Sano,66.15,52.7,0,0.0,turnover,False,0.0
2026-02-21_AFC Ajax - Nijmegen Eendracht Combinatie,2903011111,2,79,35,8iawijq7s9s6d85mjz8wdslki,Nijmegen Eendracht Combinatie,1gl82ymzh9vpitix6v645awa,D. Nejašmić,12.600000000000001,44.064,1,1.0,window_expired,False,0.0
2026-02-21_AFC Ajax - Nijmegen Eendracht Combinatie,2903011597,2,80,12,d0zdg647gvgc95xdtk1vpbkys,AFC Ajax,1wse4b1hxu37e7t5ty5ykn7c9,J. Šutalo,34.02,12.308000000000002,3,2.0,turnover,False,0.0
2026-02-21_AFC Ajax - Nijmegen Eendracht Combinatie,2903014831,2,85,16,d0zdg647gvgc95xdtk1vpbkys,AFC Ajax,9tp35qqu1heburu0g5wa6jv56,Lucas Rosa,26.040000000000003,22.1,1,0.0,turnover,False,0.0
2026-02-21_AFC Ajax - Nijmegen Eendracht Combinatie,2903016533,2,87,50,d0zdg647gvgc95xdtk1vpbkys,AFC Ajax,9tp35qqu1heburu0g5wa6jv56,Lucas Rosa,5.775,18.02,1,1.0,turnover,False,0.0
2026-02-21_AFC Ajax - Nijmegen Eendracht Combinatie,2903018593,2,91,24,d0zdg647gvgc95xdtk1vpbkys,AFC Ajax,cx6fxszjvjam6zb3c3p0dd1jo,M. Godts,16.905,48.55200000000001,0,0.0,turnover,False,0.0
2026-02-21_AFC Ajax - Nijmegen Eendracht Combinatie,2903018837,2,91,48,8iawijq7s9s6d85mjz8wdslki,Nijmegen Eendracht Combinatie,ac3lkaa1lkbsa82tfylq5zcb8,N. Lebreton,74.34,19.176000000000002,0,0.0,turnover,False,0.0
2026-02-21_AFC Ajax - Nijmegen Eendracht Combinatie,2903019653,2,93,13,d0zdg647gvgc95xdtk1vpbkys,AFC Ajax,2922aevmtpw4qvcwohmxmqtbd,T. Tomiyasu,28.14,61.2,1,2.0,turnover,False,0.0
2026-02-21_AFC Ajax - Nijmegen Eendracht Combinatie,2903020739,2,95,23,d0zdg647gvgc95xdtk1vpbkys,AFC Ajax,2922aevmtpw4qvcwohmxmqtbd,T. Tomiyasu,25.830000000000002,30.872,3,10.0,window_expired,False,0.0
2026-02-21_NAC Breda - FC Volendam,2902878215,1,2,40,59t7flioj4w4mpwnrwbm0m8ck,NAC Breda,3c2wqlde0kovi9hii52egaimt,L. Holtby,55.125,31.212,0,0.0,turnover,False,0.0
2026-02-21_NAC Breda - FC Volendam,2902883087,1,6,55,59t7flioj4w4mpwnrwbm0m8ck,NAC Breda,7qwmlcxsxlxmq01g7dkt7v14a,M. Balard,59.43000000000001,12.920000000000002,1,1.0,turnover,False,0.0
2026-02-21_NAC Breda - FC Volendam,2902884893,1,8,29,59t7flioj4w4mpwnrwbm0m8ck,NAC Breda,7qwmlcxsxlxmq01g7dkt7v14a,M. Balard,61.95,16.592,2,1.0,turnover,False,0.0
2026-02-21_NAC Breda - FC Volendam,2902888345,1,11,42,6g9qrm72224jrk6tkxxxi8a9n,FC Volendam,9bgq1tfyfzc3wg9pfr8q510k4,D. Kwakman,36.855000000000004,12.444,6,10.0,window_expired,False,0.00029684910766880135
2026-02-21_NAC Breda - FC Volendam,2902888821,1,12,10,59t7flioj4w4mpwnrwbm0m8ck,NAC Breda,37c696bwovmn1x8lc8z4wp53o,C. Valerius,37.275,12.852,1,2.0,turnover,False,0.0
2026-02-21_NAC Breda - FC Volendam,2902889125,1,12,30,59t7flioj4w4mpwnrwbm0m8ck,NAC Breda,a3m4r77behilkcznll07b7d1x,C. Leemans,70.03500000000001,57.39200000000001,0,0.0,turnover,False,0.0
2026-02-21_NAC Breda - FC Volendam,2902893335,1,16,32,6g9qrm72224jrk6tkxxxi8a9n,FC Volendam,4utx4h5jz14whtjawxn7ox0r8,N. Verschuren,35.175000000000004,57.188,0,0.0,turnover,False,0.0
2026-02-21_NAC Breda - FC Volendam,2902894927,1,18,1,6g9qrm72224jrk6tkxxxi8a9n,FC Volendam,64kb0lmkr24rmh59hb01m268k,R. van Cruijsen,34.230000000000004,10.200000000000001,3,10.0,window_expired,False,0.0006152246851385
2026-02-21_NAC Breda - FC Volendam,2902901337,1,25,32,59t7flioj4w4mpwnrwbm0m8ck,NAC Breda,7qwmlcxsxlxmq01g7dkt7v14a,M. Balard,50.61000000000001,35.972,3,9.0,window_expired,False,0.1703271538066052
2026-02-21_NAC Breda - FC Volendam,2902907719,1,33,21,6g9qrm72224jrk6tkxxxi8a9n,FC Volendam,ealh7n21gctxxw5ol3l3yxzze,Y. Leliendal,41.685,62.968,2,4.0,turnover,False,0.0
2026-02-21_NAC Breda - FC Volendam,2902918177,1,45,3,59t7flioj4w4mpwnrwbm0m8ck,NAC Breda,a3m4r77behilkcznll07b7d1x,C. Leemans,35.175000000000004,40.188,1,2.0,turnover,False,0.0
2026-02-21_NAC Breda - FC Volendam,2902932527,2,45,45,6g9qrm72224jrk6tkxxxi8a9n,FC Volendam,eu901b75l2ly5p48jdw6kwmad,M. Amevor,57.015,35.292,1,2.0,turnover,False,0.0
2026-02-21_NAC Breda - FC Volendam,2902934463,2,47,35,6g9qrm72224jrk6tkxxxi8a9n,FC Volendam,ealh7n21gctxxw5ol3l3yxzze,Y. Leliendal,4.2,26.588000000000005,0,0.0,turnover,False,0.0
2026-02-21_NAC Breda - FC Volendam,2902938141,2,51,18,6g9qrm72224jrk6tkxxxi8a9n,FC Volendam,4utx4h5jz14whtjawxn7ox0r8,N. Verschuren,18.900000000000002,39.57600000000001,3,3.0,turnover,False,0.0
2026-02-21_NAC Breda - FC Volendam,2902948949,2,56,9,6g9qrm72224jrk6tkxxxi8a9n,FC Volendam,eu901b75l2ly5p48jdw6kwmad,M. Amevor,28.56,32.572,0,0.0,turnover,False,0.0
2026-02-21_NAC Breda - FC Volendam,2902951125,2,64,7,59t7flioj4w4mpwnrwbm0m8ck,NAC Breda,37c696bwovmn1x8lc8z4wp53o,C. Valerius,53.655,13.124,3,4.0,turnover,False,0.0025841025125167
2026-02-21_NAC Breda - FC Volendam,2902951319,2,64,21,59t7flioj4w4mpwnrwbm0m8ck,NAC Breda,4f8xb5sbyksacxmifi375h7qi,K. Sowah,79.17000000000002,25.364,3,2.0,turnover,True,0.0
2026-02-21_NAC Breda - FC Volendam,2902956253,2,69,38,59t7flioj4w4mpwnrwbm0m8ck,NAC Breda,7qwmlcxsxlxmq01g7dkt7v14a,M. Balard,38.115,60.79200000000001,1,1.0,turnover,False,0.0
2026-02-21_NAC Breda - FC Volendam,2902957801,2,71,35,6g9qrm72224jrk6tkxxxi8a9n,FC Volendam,64kb0lmkr24rmh59hb01m268k,R. van Cruijsen,30.765,42.160000000000004,0,0.0,turnover,False,0.0
2026-02-21_NAC Breda - FC Volendam,2902964169,2,78,48,6g9qrm72224jrk6tkxxxi8a9n,FC Volendam,xvher4f1mb6otoui5k5gs3ro,N. Bukala,52.815,22.236000000000004,0,0.0,turnover,False,0.0
2026-02-21_NAC Breda - FC Volendam,2902968723,2,83,26,59t7flioj4w4mpwnrwbm0m8ck,NAC Breda,7bqajkmno3ox004kdbusxv9ey,R. Paula,40.32,57.800000000000004,0,0.0,turnover,False,0.0
2026-02-21_NAC Breda - FC Volendam,2902970575,2,85,16,6g9qrm72224jrk6tkxxxi8a9n,FC Volendam,eu901b75l2ly5p48jdw6kwmad,M. Amevor,43.365,18.02,1,2.0,turnover,False,0.0
2026-02-21_PSV Eindhoven - SC Heerenveen,2902824559,1,3,55,24fvcruwqrqvqa3aonf8c3zuy,PSV Eindhoven,d4j19ipiaeuetyij08fofgs15,J. Veerman,41.265,33.79600000000001,0,0.0,turnover,False,0.0
2026-02-21_PSV Eindhoven - SC Heerenveen,2902830201,1,11,18,4vd2t5schmvvufrfib7f2vjdf,SC Heerenveen,aqnr6l3f02hx0soadunxbjcpg,J. Trenskow,41.79,24.616000000000003,2,7.0,window_expired,False,0.0039242612784555
2026-02-21_PSV Eindhoven - SC Heerenveen,2902831213,1,12,50,24fvcruwqrqvqa3aonf8c3zuy,PSV Eindhoven,d4j19ipiaeuetyij08fofgs15,J. Veerman,21.419999999999998,40.596000000000004,0,0.0,turnover,False,0.0
2026-02-21_PSV Eindhoven - SC Heerenveen,2902835427,1,18,34,4vd2t5schmvvufrfib7f2vjdf,SC Heerenveen,aqnr6l3f02hx0soadunxbjcpg,J. Trenskow,24.78,26.384,1,1.0,turnover,False,0.0
2026-02-21_PSV Eindhoven - SC Heerenveen,2902835695,1,19,0,4vd2t5schmvvufrfib7f2vjdf,SC Heerenveen,e5hzt8nmhu2ktn69dsv67ga38,M. Linday,8.715000000000002,26.044,2,2.0,turnover,False,0.0
2026-02-21_PSV Eindhoven - SC Heerenveen,2903568131,1,20,18,24fvcruwqrqvqa3aonf8c3zuy,PSV Eindhoven,9vf02r3geinhsy732oxyrcacq,I. Saibari,20.475,8.568,1,2.0,turnover,False,0.0
2026-02-21_PSV Eindhoven - SC Heerenveen,2902841215,1,26,21,4vd2t5schmvvufrfib7f2vjdf,SC Heerenveen,8jm8a7w3a5b5nzikcom7cvf2s,M. Willemsen,6.615,45.764,0,0.0,turnover,False,0.0
2026-02-21_PSV Eindhoven - SC Heerenveen,2902842577,1,28,8,4vd2t5schmvvufrfib7f2vjdf,SC Heerenveen,e5hzt8nmhu2ktn69dsv67ga38,M. Linday,6.615,37.944,2,2.0,window_expired,False,0.0017346507578795
2026-02-21_PSV Eindhoven - SC Heerenveen,2902842935,1,28,45,4vd2t5schmvvufrfib7f2vjdf,SC Heerenveen,e5hzt8nmhu2ktn69dsv67ga38,M. Linday,32.34,22.44,5,9.0,turnover,False,1.0720650743215043e-05
2026-02-21_PSV Eindhoven - SC Heerenveen,2902844509,1,30,52,24fvcruwqrqvqa3aonf8c3zuy,PSV Eindhoven,c6ip6gwp8yvchd1n3dv42go9,Mauro Júnior,51.975,42.636,0,0.0,turnover,False,0.0
2026-02-21_PSV Eindhoven - SC Heerenveen,2902844925,1,31,31,24fvcruwqrqvqa3aonf8c3zuy,PSV Eindhoven,cmdeqxibr6holfqg17ap9uihg,Yarek Gąsiorowski,55.650000000000006,65.756,0,0.0,turnover,False,0.0
2026-02-21_PSV Eindhoven - SC Heerenveen,2902848817,1,37,59,4vd2t5schmvvufrfib7f2vjdf,SC Heerenveen,aqnr6l3f02hx0soadunxbjcpg,J. Trenskow,70.56,10.472000000000001,0,0.0,turnover,False,0.0
2026-02-21_PSV Eindhoven - SC Heerenveen,2903610861,1,45,29,4vd2t5schmvvufrfib7f2vjdf,SC Heerenveen,aqnr6l3f02hx0soadunxbjcpg,J. Trenskow,70.455,14.96,3,9.0,window_expired,False,0.0
2026-02-21_PSV Eindhoven - SC Heerenveen,2902874699,2,56,13,4vd2t5schmvvufrfib7f2vjdf,SC Heerenveen,2f8lk6lxav7hl7xlqt9an18x6,H. Petrov,22.995,55.35200000000001,1,1.0,turnover,False,0.0
2026-02-21_PSV Eindhoven - SC Heerenveen,2902875385,2,57,38,24fvcruwqrqvqa3aonf8c3zuy,PSV Eindhoven,c6ip6gwp8yvchd1n3dv42go9,Mauro Júnior,43.47,65.824,0,0.0,turnover,False,0.0
2026-02-21_PSV Eindhoven - SC Heerenveen,2902886807,2,68,2,24fvcruwqrqvqa3aonf8c3zuy,PSV Eindhoven,2gsq05yyxwe4f8t79j6d49q6t,I. Perišić,31.605000000000004,45.83200000000001,0,0.0,turnover,False,0.0
2026-02-21_PSV Eindhoven - SC Heerenveen,2902901817,2,83,55,4vd2t5schmvvufrfib7f2vjdf,SC Heerenveen,5oghztk07za2yuqq4jnav22y2,M. Rivera,13.965000000000002,43.18,1,0.0,turnover,False,0.0
2026-02-21_PSV Eindhoven - SC Heerenveen,2902905767,2,88,50,4vd2t5schmvvufrfib7f2vjdf,SC Heerenveen,e5hzt8nmhu2ktn69dsv67ga38,M. Linday,44.94,31.144000000000002,1,0.0,turnover,False,0.0
2026-02-22_Alkmaar Zaanstreek - Sparta Rotterdam,2903434427,1,12,48,3kfktv64h7kg7zryax1wktr5r,Alkmaar Zaanstreek,ck3l6a262hves3v6nywarx9pm,Alexandre Penetra,24.044999999999998,25.704,0,0.0,turnover,False,0.0
2026-02-22_Alkmaar Zaanstreek - Sparta Rotterdam,2903438119,1,18,48,3kfktv64h7kg7zryax1wktr5r,Alkmaar Zaanstreek,es363spp9pgd4hralx6ni2xw4,M. Chávez,22.785,29.444,4,5.0,window_expired,False,0.00024689977791369036
2026-02-22_Alkmaar Zaanstreek - Sparta Rotterdam,2903449429,1,33,5,89w5c6pw7vn0dxypi61tt0g4k,Sparta Rotterdam,6ab5gq2owk86qs5zjottfhwmi,T. Quintero,46.935,59.636,0,0.0,turnover,False,0.0
2026-02-22_Alkmaar Zaanstreek - Sparta Rotterdam,2903461353,1,46,19,3kfktv64h7kg7zryax1wktr5r,Alkmaar Zaanstreek,22alh32lu88yabxd4pl0opg5w,K. Boogaard,28.14,46.104,0,0.0,turnover,False,0.0
2026-02-22_Alkmaar Zaanstreek - Sparta Rotterdam,2903465689,1,46,56,3kfktv64h7kg7zryax1wktr5r,Alkmaar Zaanstreek,3dx91sb6ktg8z1xmoti25kru,P. Koopmeiners,16.38,61.2,2,2.0,turnover,False,0.0
2026-02-22_Alkmaar Zaanstreek - Sparta Rotterdam,2903485101,2,49,24,3kfktv64h7kg7zryax1wktr5r,Alkmaar Zaanstreek,es363spp9pgd4hralx6ni2xw4,M. Chávez,16.59,45.900000000000006,0,0.0,turnover,False,0.0
2026-02-22_Alkmaar Zaanstreek - Sparta Rotterdam,2903487225,2,52,10,89w5c6pw7vn0dxypi61tt0g4k,Sparta Rotterdam,byirjks50zw1eefkcy8p4hd5h,B. Martins Indi,59.43000000000001,36.584,2,1.0,turnover,False,0.0008676730939931
2026-02-22_Alkmaar Zaanstreek - Sparta Rotterdam,2903500735,2,68,24,89w5c6pw7vn0dxypi61tt0g4k,Sparta Rotterdam,29q4j9r2lgdsdkkq2fgh8l7o4,Ayoni Santos,33.39,42.772000000000006,4,9.0,turnover,False,0.0004022113111938
2026-02-22_Alkmaar Zaanstreek - Sparta Rotterdam,2903500873,2,68,34,3kfktv64h7kg7zryax1wktr5r,Alkmaar Zaanstreek,73lwz4he5erpp25zi8crjvztg,I. Jensen,57.435,50.32,2,4.0,turnover,False,0.0
2026-02-22_Alkmaar Zaanstreek - Sparta Rotterdam,2903503749,2,71,55,89w5c6pw7vn0dxypi61tt0g4k,Sparta Rotterdam,1ueqcjuatzazpmz765tru4zdg,L. Martes,33.495,20.196,3,7.0,window_expired,False,0.0003001458074425
2026-02-22_Alkmaar Zaanstreek - Sparta Rotterdam,2903506643,2,75,8,89w5c6pw7vn0dxypi61tt0g4k,Sparta Rotterdam,6ybcevijvdov8qj1hxcbw3dd6,A. Roaldsøy,12.285,27.608000000000004,2,1.0,turnover,False,0.0
2026-02-22_Alkmaar Zaanstreek - Sparta Rotterdam,2903509577,2,78,51,3kfktv64h7kg7zryax1wktr5r,Alkmaar Zaanstreek,c0os20ujhb2hujvtp21093l04,A. Oufkir,66.465,7.548,1,0.0,turnover,False,0.0
2026-02-22_Alkmaar Zaanstreek - Sparta Rotterdam,2903510147,2,79,35,89w5c6pw7vn0dxypi61tt0g4k,Sparta Rotterdam,f07qmqesi1rpw7eapoz9rb0gk,J. Baas,56.385000000000005,14.824000000000002,0,0.0,turnover,False,0.0
2026-02-22_Alkmaar Zaanstreek - Sparta Rotterdam,2903514949,2,86,0,3kfktv64h7kg7zryax1wktr5r,Alkmaar Zaanstreek,5ylwgfqvaobru2lxqvlhpxul0,E. Dijkstra,46.515,6.664000000000001,2,1.0,turnover,False,0.0
2026-02-22_Alkmaar Zaanstreek - Sparta Rotterdam,2903522621,2,93,11,3kfktv64h7kg7zryax1wktr5r,Alkmaar Zaanstreek,8u19xeh9ugvh8f1mh7jnbbhuc,K. Smit,58.800000000000004,11.152,2,3.0,turnover,False,0.0
2026-02-22_FC Twente - FC Groningen,2903220867,1,5,1,cos9hxi16eitbcbthof7zrm4m,FC Groningen,d1dq7upxtawnps3wljz6wf9jo,S. Resink,51.55500000000001,50.592000000000006,2,4.0,turnover,False,0.0
2026-02-22_FC Twente - FC Groningen,2903222163,1,8,48,cos9hxi16eitbcbthof7zrm4m,FC Groningen,98qi4clazqen9kimkxt3jb6j9,M. Peersman,56.7,53.040000000000006,6,10.0,turnover,False,0.0054949676095029
2026-02-22_FC Twente - FC Groningen,2903229097,1,23,52,cos9hxi16eitbcbthof7zrm4m,FC Groningen,by85t8ssyumcjcks1jx3v96vo,Y. Taha,72.87,21.216,0,0.0,turnover,False,0.0
2026-02-22_FC Twente - FC Groningen,2903231363,1,26,28,4tic29sox7m39fy1ztgv0jsiq,FC Twente,5m8pflpgynidzk7d9507oujje,D. Rots,21.630000000000003,21.080000000000002,0,0.0,turnover,False,0.0
2026-02-22_FC Twente - FC Groningen,2903252109,2,51,10,4tic29sox7m39fy1ztgv0jsiq,FC Twente,dc119ejc7lls2rd3ywigl2smi,R. Zerrouki,58.38,51.544000000000004,4,4.0,turnover,False,0.005490818644758
2026-02-22_FC Twente - FC Groningen,2903254505,2,56,19,4tic29sox7m39fy1ztgv0jsiq,FC Twente,cocgd3hh74fq9c30x9bps4idw,S. Lemkin,72.24,21.012,0,0.0,turnover,False,0.0
2026-02-22_FC Twente - FC Groningen,2903255065,2,57,22,cos9hxi16eitbcbthof7zrm4m,FC Groningen,98qi4clazqen9kimkxt3jb6j9,M. Peersman,27.72,29.580000000000002,0,0.0,turnover,False,0.0
2026-02-22_FC Twente - FC Groningen,2903262441,2,68,47,4tic29sox7m39fy1ztgv0jsiq,FC Twente,9nix5y8xcj34ps62r34udtqwa,K. Hlynsson,49.665,51.408,0,0.0,turnover,False,0.0
2026-02-22_FC Twente - FC Groningen,2903812125,2,74,7,4tic29sox7m39fy1ztgv0jsiq,FC Twente,a339o11ut8s1o9odm6ybc4pka,T. van den Belt,47.25,38.624,3,9.0,window_expired,False,0.0009858810542153
2026-02-22_FC Utrecht - PEC Zwolle,2903307811,1,11,35,2uuh2bir8ktof0uxfo06lb4ox,PEC Zwolle,9ugpnnovqttl8lguv7wdyiezu,S. Graves,41.580000000000005,38.964,3,3.0,turnover,False,0.000114894055983
2026-02-22_FC Utrecht - PEC Zwolle,2903310053,1,13,52,2uuh2bir8ktof0uxfo06lb4ox,PEC Zwolle,4phgw75cred5p93hjq8hiou6t,S. Floranus,25.935,61.2,5,8.0,window_expired,False,0.0007405329101628289
2026-02-22_FC Utrecht - PEC Zwolle,2903317399,1,26,26,2uuh2bir8ktof0uxfo06lb4ox,PEC Zwolle,684nd3xjli51z43pbla0mwa21,T. Oosting,44.31,18.496000000000002,0,0.0,turnover,False,0.0
2026-02-22_FC Utrecht - PEC Zwolle,2903322657,1,32,47,ccpscwdcm65czscrun048ecn5,FC Utrecht,8lt54ei6pcu25u8uerigmx5yi,A. Engwanda,25.62,13.260000000000002,4,10.0,window_expired,False,0.0
2026-02-22_FC Utrecht - PEC Zwolle,2903323645,1,33,39,2uuh2bir8ktof0uxfo06lb4ox,PEC Zwolle,4phgw75cred5p93hjq8hiou6t,S. Floranus,67.41000000000001,58.956,0,0.0,turnover,False,0.0
2026-02-22_FC Utrecht - PEC Zwolle,2903329239,1,38,19,ccpscwdcm65czscrun048ecn5,FC Utrecht,c3j7m8kaoius8i6jihubgy6p6,Ángel Alarcón,34.44,7.616,2,2.0,turnover,False,4.227058985079024e-05
2026-02-22_FC Utrecht - PEC Zwolle,2903333727,1,42,4,ccpscwdcm65czscrun048ecn5,FC Utrecht,4ej8uchqe3rt1s5h6phjo3310,G. Zechiël,17.430000000000003,33.32,4,8.0,window_expired,False,5.273023259275145e-05
2026-02-22_FC Utrecht - PEC Zwolle,2903335905,1,43,58,ccpscwdcm65czscrun048ecn5,FC Utrecht,3ypxn1nvgv8e321sq5394w3my,M. Didden,45.78,7.752000000000001,0,0.0,turnover,False,0.0
2026-02-22_FC Utrecht - PEC Zwolle,2903350705,1,45,6,2uuh2bir8ktof0uxfo06lb4ox,PEC Zwolle,9ugpnnovqttl8lguv7wdyiezu,S. Graves,5.04,35.768,0,0.0,turnover,False,0.0
2026-02-22_FC Utrecht - PEC Zwolle,2903364715,2,51,57,ccpscwdcm65czscrun048ecn5,FC Utrecht,4ej8uchqe3rt1s5h6phjo3310,G. Zechiël,42.0,21.828000000000003,1,0.0,turnover,False,0.0
2026-02-22_FC Utrecht - PEC Zwolle,2903368655,2,55,34,ccpscwdcm65czscrun048ecn5,FC Utrecht,4ej8uchqe3rt1s5h6phjo3310,G. Zechiël,36.330000000000005,50.048,0,0.0,turnover,False,0.0
2026-02-22_FC Utrecht - PEC Zwolle,2903371369,2,58,5,2uuh2bir8ktof0uxfo06lb4ox,PEC Zwolle,d5g7rl9a83vu3cyyzvu5yveqy,A. MacNulty,36.645,44.336000000000006,4,10.0,window_expired,False,1.447632772891283e-06
2026-02-22_FC Utrecht - PEC Zwolle,2903372607,2,59,22,ccpscwdcm65czscrun048ecn5,FC Utrecht,8ymqihdfqc7esda7y407lebx1,D. de Wit,30.240000000000002,12.920000000000002,1,1.0,turnover,False,0.000108712816043
2026-02-22_FC Utrecht - PEC Zwolle,2903374633,2,61,31,2uuh2bir8ktof0uxfo06lb4ox,PEC Zwolle,9ugpnnovqttl8lguv7wdyiezu,S. Graves,43.68000000000001,16.796,1,2.0,turnover,False,0.0
2026-02-22_FC Utrecht - PEC Zwolle,2903381137,2,71,59,2uuh2bir8ktof0uxfo06lb4ox,PEC Zwolle,cstlool8c2aoty5vhx77t4q38,J. Faberski,47.67,58.61600000000001,1,0.0,turnover,False,0.0
2026-02-22_FC Utrecht - PEC Zwolle,2903385387,2,76,37,2uuh2bir8ktof0uxfo06lb4ox,PEC Zwolle,d5g7rl9a83vu3cyyzvu5yveqy,A. MacNulty,26.565,33.184,0,0.0,turnover,False,0.0
2026-02-22_FC Utrecht - PEC Zwolle,2903390519,2,81,14,ccpscwdcm65czscrun048ecn5,FC Utrecht,8lt54ei6pcu25u8uerigmx5yi,A. Engwanda,34.86000000000001,2.4480000000000004,0,0.0,turnover,False,0.0
2026-02-22_FC Utrecht - PEC Zwolle,2903391033,2,81,41,2uuh2bir8ktof0uxfo06lb4ox,PEC Zwolle,5mqog8k9eyi248jvrrp9fo8wk,N. Fichtinger,59.010000000000005,26.996000000000002,0,0.0,turnover,False,0.0
2026-02-22_FC Utrecht - PEC Zwolle,2903394621,2,84,53,2uuh2bir8ktof0uxfo06lb4ox,PEC Zwolle,1x6fhuy49w4rpnyavwotbf504,T. Gooijer,8.925,10.200000000000001,1,1.0,turnover,False,0.0
2026-02-22_FC Utrecht - PEC Zwolle,2903401543,2,91,43,ccpscwdcm65czscrun048ecn5,FC Utrecht,8lt54ei6pcu25u8uerigmx5yi,A. Engwanda,60.795,20.604000000000003,1,0.0,turnover,False,0.0
2026-02-22_FC Utrecht - PEC Zwolle,2903402175,2,92,24,2uuh2bir8ktof0uxfo06lb4ox,PEC Zwolle,684nd3xjli51z43pbla0mwa21,T. Oosting,64.155,25.976000000000003,2,2.0,turnover,False,0.0
2026-02-22_Feyenoord Rotterdam - SC Telstar,2907616013,1,0,18,zjawy6qdzk3y69v5pa3zl2cb,SC Telstar,dk7zyk16nsnh0czeky7vi0x78,S. van Duijn,78.015,8.84,1,1.0,turnover,False,0.0
2026-02-22_Feyenoord Rotterdam - SC Telstar,2903604437,1,10,51,20vymiy7bo8wkyxai3ew494fz,Feyenoord Rotterdam,4qr07cfbwquppkww057mb9tk9,J. Moder,65.10000000000001,11.832,2,5.0,window_expired,False,0.0025893045891685
2026-02-22_Feyenoord Rotterdam - SC Telstar,2903613263,1,25,51,20vymiy7bo8wkyxai3ew494fz,Feyenoord Rotterdam,dtcvzfse83ztj96kiizwp6jqi,G. Smal,41.055,39.57600000000001,2,4.0,turnover,False,0.0006096350097742
2026-02-22_Feyenoord Rotterdam - SC Telstar,2903613297,1,25,56,zjawy6qdzk3y69v5pa3zl2cb,SC Telstar,4bkb8qjb5n33wxfopju8r1mtx,D. Bakker,44.1,47.804,0,0.0,turnover,False,0.0
2026-02-22_Feyenoord Rotterdam - SC Telstar,2903619501,1,37,19,20vymiy7bo8wkyxai3ew494fz,Feyenoord Rotterdam,dtcvzfse83ztj96kiizwp6jqi,G. Smal,29.085,25.16,0,0.0,turnover,False,0.0
2026-02-22_Feyenoord Rotterdam - SC Telstar,2903619929,1,37,54,zjawy6qdzk3y69v5pa3zl2cb,SC Telstar,cp866ucakmwqiwxrstkaxwgt0,N. Rossen,24.885,25.976000000000003,3,2.0,turnover,False,0.0
2026-02-22_Feyenoord Rotterdam - SC Telstar,2903621797,1,41,7,zjawy6qdzk3y69v5pa3zl2cb,SC Telstar,14csdlb8p0tnj6zqrs148ct1w,J. Ritmeester van de Kamp,42.315,27.404,5,8.0,window_expired,False,0.00012173253803597628
2026-02-22_Feyenoord Rotterdam - SC Telstar,2903638135,2,49,16,20vymiy7bo8wkyxai3ew494fz,Feyenoord Rotterdam,aajft01g5yggw0is5fbfh3105,B. Nieuwkoop,73.29,30.6,3,10.0,window_expired,False,0.0
2026-02-22_Feyenoord Rotterdam - SC Telstar,2903638967,2,50,35,20vymiy7bo8wkyxai3ew494fz,Feyenoord Rotterdam,4qr07cfbwquppkww057mb9tk9,J. Moder,46.830000000000005,62.696000000000005,0,0.0,turnover,False,0.0
2026-02-22_Feyenoord Rotterdam - SC Telstar,2903641179,2,53,54,zjawy6qdzk3y69v5pa3zl2cb,SC Telstar,y1ky8sp8scl05mmfr7byy3md,J. Hardeveld,33.39,64.736,0,0.0,turnover,False,0.0
2026-02-22_Feyenoord Rotterdam - SC Telstar,2903641959,2,55,8,zjawy6qdzk3y69v5pa3zl2cb,SC Telstar,8p3x0sm735fru6nthc87pjrbo,Neville Ogidi Nwankwo,14.07,46.376000000000005,0,0.0,turnover,False,0.0
2026-02-22_Feyenoord Rotterdam - SC Telstar,2903643009,2,56,52,zjawy6qdzk3y69v5pa3zl2cb,SC Telstar,4fu2agdclsyxx1boxxibauzo4,G. Alders,49.77,5.168,1,1.0,turnover,False,0.0
2026-02-22_Feyenoord Rotterdam - SC Telstar,2903645211,2,60,32,20vymiy7bo8wkyxai3ew494fz,Feyenoord Rotterdam,43ib46nh45n9oajf5rmaz4f6x,Hwang In-Beom,82.425,59.364000000000004,0,0.0,turnover,False,0.0
2026-02-22_Feyenoord Rotterdam - SC Telstar,2903645685,2,61,29,20vymiy7bo8wkyxai3ew494fz,Feyenoord Rotterdam,6hnzgiw8h1itz9l2j3sb6oeeh,J. St. Juste,61.214999999999996,45.356,2,2.0,turnover,False,0.0
2026-02-22_Feyenoord Rotterdam - SC Telstar,2903650063,2,70,24,20vymiy7bo8wkyxai3ew494fz,Feyenoord Rotterdam,3o4tq8qooplx2izq9rucgu7d,C. Tengstedt,83.47500000000001,64.53200000000001,0,0.0,turnover,False,0.0
2026-02-22_Feyenoord Rotterdam - SC Telstar,2903652091,2,75,41,zjawy6qdzk3y69v5pa3zl2cb,SC Telstar,y1ky8sp8scl05mmfr7byy3md,J. Hardeveld,11.97,52.904,0,0.0,turnover,False,0.0
2026-02-22_Feyenoord Rotterdam - SC Telstar,2903654085,2,80,50,20vymiy7bo8wkyxai3ew494fz,Feyenoord Rotterdam,aajft01g5yggw0is5fbfh3105,B. Nieuwkoop,34.230000000000004,5.712000000000001,3,3.0,turnover,False,0.0
2026-02-22_Feyenoord Rotterdam - SC Telstar,2903656623,2,87,26,zjawy6qdzk3y69v5pa3zl2cb,SC Telstar,cp866ucakmwqiwxrstkaxwgt0,N. Rossen,31.080000000000002,57.39200000000001,5,5.0,turnover,False,5.889043841927899e-05
2026-02-22_Go Ahead Eagles - Heracles Almelo,2903298179,1,2,0,b79uipsy57y1jqpy07h4i5ovk,Go Ahead Eagles,d8cxurdt9g5gezqlfwae7ooru,M. Meulensteen,45.78,37.80800000000001,0,0.0,turnover,False,0.0
2026-02-22_Go Ahead Eagles - Heracles Almelo,2903300999,1,5,22,dac758ef858jbq7pcb3gfwite,Heracles Almelo,d5wx8rvjfaw1arn69fdd64d90,R. Bozinovski,31.605000000000004,16.116,4,4.0,turnover,False,0.00018541541434336303
2026-02-22_Go Ahead Eagles - Heracles Almelo,2903312145,1,17,52,dac758ef858jbq7pcb3gfwite,Heracles Almelo,d5wx8rvjfaw1arn69fdd64d90,R. Bozinovski,38.43,59.704,1,1.0,turnover,False,0.0
2026-02-22_Go Ahead Eagles - Heracles Almelo,2903315975,1,24,16,dac758ef858jbq7pcb3gfwite,Heracles Almelo,a185wef6iz1nun1wry40jcgoa,N. Ünüvar,62.79,14.416,2,2.0,turnover,False,0.0
2026-02-22_Go Ahead Eagles - Heracles Almelo,2903318013,1,28,39,b79uipsy57y1jqpy07h4i5ovk,Go Ahead Eagles,1rmox6tf7r283dca2vi844kr8,A. Adelgaard,71.61,63.03600000000001,0,0.0,turnover,False,0.0
2026-02-22_Go Ahead Eagles - Heracles Almelo,2903320691,1,31,57,b79uipsy57y1jqpy07h4i5ovk,Go Ahead Eagles,61a5bh5xw947nv4mxx62gqaqx,J. Kramer,31.71,42.704,4,5.0,turnover,False,5.680744877498145e-05
2026-02-22_Go Ahead Eagles - Heracles Almelo,2903329427,1,39,39,dac758ef858jbq7pcb3gfwite,Heracles Almelo,7d8qc47gy4mb9mo67e1ic448a,M. Benita,18.27,5.576,9,9.0,turnover,False,0.0011509398230885957
2026-02-22_Go Ahead Eagles - Heracles Almelo,2903330311,1,40,20,dac758ef858jbq7pcb3gfwite,Heracles Almelo,6ok4k757utbtswx5618xffsru,I. Mesík,62.265,57.25600000000001,1,3.0,turnover,False,0.0
2026-02-22_Go Ahead Eagles - Heracles Almelo,2903359561,2,49,10,dac758ef858jbq7pcb3gfwite,Heracles Almelo,8oetnmi8kejwwy37rhlelw2ne,W. Ould-Chikh,76.02000000000001,36.652,3,3.0,turnover,True,0.0
2026-02-22_Go Ahead Eagles - Heracles Almelo,2903361031,2,50,26,dac758ef858jbq7pcb3gfwite,Heracles Almelo,6ok4k757utbtswx5618xffsru,I. Mesík,36.96000000000001,30.056000000000004,1,1.0,turnover,False,0.0
2026-02-22_Go Ahead Eagles - Heracles Almelo,2903365009,2,53,58,b79uipsy57y1jqpy07h4i5ovk,Go Ahead Eagles,eytcfp4cu6qkar65kf0p5rm96,J. Dirksen,27.51,26.928000000000004,0,0.0,turnover,False,0.0
2026-02-22_Go Ahead Eagles - Heracles Almelo,2903377711,2,68,26,b79uipsy57y1jqpy07h4i5ovk,Go Ahead Eagles,d8cxurdt9g5gezqlfwae7ooru,M. Meulensteen,34.86000000000001,22.032,4,5.0,turnover,False,0.0002465177642123
2026-02-22_Go Ahead Eagles - Heracles Almelo,2903379797,2,72,2,dac758ef858jbq7pcb3gfwite,Heracles Almelo,e3akocgpppdty3ayxty1gf6xh,D. Mirani,37.38,33.932,0,0.0,turnover,False,0.0
2026-02-22_Go Ahead Eagles - Heracles Almelo,2903380047,2,72,18,dac758ef858jbq7pcb3gfwite,Heracles Almelo,6ok4k757utbtswx5618xffsru,I. Mesík,18.794999999999998,31.96,2,5.0,window_expired,False,0.0
2026-02-22_Go Ahead Eagles - Heracles Almelo,2903382513,2,75,12,dac758ef858jbq7pcb3gfwite,Heracles Almelo,1xsy3m0bzicto5ogxsd026bmy,E. Ahlstrand,45.36000000000001,60.248,0,0.0,turnover,False,0.0
2026-02-22_Go Ahead Eagles - Heracles Almelo,2903383771,2,76,31,b79uipsy57y1jqpy07h4i5ovk,Go Ahead Eagles,2teefpvijsbzag4yi7fm1pyol,A. Sampsted,25.830000000000002,23.664,0,0.0,turnover,False,0.0
2026-02-22_Go Ahead Eagles - Heracles Almelo,2903384463,2,77,12,dac758ef858jbq7pcb3gfwite,Heracles Almelo,8oetnmi8kejwwy37rhlelw2ne,W. Ould-Chikh,29.925,63.17200000000001,0,0.0,turnover,False,0.0
2026-02-22_Go Ahead Eagles - Heracles Almelo,2903394771,2,86,43,dac758ef858jbq7pcb3gfwite,Heracles Almelo,8oetnmi8kejwwy37rhlelw2ne,W. Ould-Chikh,55.755,7.548,0,0.0,turnover,False,0.0
2026-02-22_Go Ahead Eagles - Heracles Almelo,2903896731,2,86,59,dac758ef858jbq7pcb3gfwite,Heracles Almelo,ait187bpr8we72jvfxxt6ttjp,M. te Wierik,43.68000000000001,14.484000000000002,1,1.0,turnover,False,0.0
2026-02-27_SC Telstar - NAC Breda,2904897465,1,4,22,zjawy6qdzk3y69v5pa3zl2cb,SC Telstar,4fu2agdclsyxx1boxxibauzo4,G. Alders,17.22,14.212,0,0.0,turnover,False,0.0
2026-02-27_SC Telstar - NAC Breda,2904902989,1,8,36,59t7flioj4w4mpwnrwbm0m8ck,NAC Breda,c3j7ddqg0yzporam6gieibgiy,C. Brym,34.02,2.5160000000000005,0,0.0,turnover,False,0.0
2026-02-27_SC Telstar - NAC Breda,2904950813,1,11,16,zjawy6qdzk3y69v5pa3zl2cb,SC Telstar,8p3x0sm735fru6nthc87pjrbo,Neville Ogidi Nwankwo,22.785,13.464000000000002,0,0.0,turnover,False,0.0
2026-02-27_SC Telstar - NAC Breda,2904913409,1,16,20,59t7flioj4w4mpwnrwbm0m8ck,NAC Breda,a3m4r77behilkcznll07b7d1x,C. Leemans,27.405,42.976000000000006,0,0.0,turnover,False,0.0
2026-02-27_SC Telstar - NAC Breda,2904918993,1,20,45,59t7flioj4w4mpwnrwbm0m8ck,NAC Breda,4f8xb5sbyksacxmifi375h7qi,K. Sowah,14.700000000000001,66.708,0,0.0,turnover,False,0.0
2026-02-27_SC Telstar - NAC Breda,2904921599,1,23,2,59t7flioj4w4mpwnrwbm0m8ck,NAC Breda,8z4wdv767cv7ddqgrkz5txsrt,B. Kemper,21.315,37.196000000000005,0,0.0,turnover,False,0.0
2026-02-27_SC Telstar - NAC Breda,2904945773,1,44,3,59t7flioj4w4mpwnrwbm0m8ck,NAC Breda,a3m4r77behilkcznll07b7d1x,C. Leemans,20.790000000000003,46.308,0,0.0,turnover,False,0.0
2026-02-27_SC Telstar - NAC Breda,2904948781,1,46,38,zjawy6qdzk3y69v5pa3zl2cb,SC Telstar,14csdlb8p0tnj6zqrs148ct1w,J. Ritmeester van de Kamp,28.875,33.048,1,1.0,turnover,False,0.0
2026-02-27_SC Telstar - NAC Breda,2905173695,2,46,2,59t7flioj4w4mpwnrwbm0m8ck,NAC Breda,a4qjllaut1bo0ng3x4xu5lq6t,A. Ayew,54.075,17.34,2,2.0,turnover,False,0.0
2026-02-27_SC Telstar - NAC Breda,2904965631,2,46,10,zjawy6qdzk3y69v5pa3zl2cb,SC Telstar,8p3x0sm735fru6nthc87pjrbo,Neville Ogidi Nwankwo,30.240000000000002,21.148000000000003,4,8.0,window_expired,False,2.4560201073900445e-05
2026-02-27_SC Telstar - NAC Breda,2904974067,2,51,43,zjawy6qdzk3y69v5pa3zl2cb,SC Telstar,cp866ucakmwqiwxrstkaxwgt0,N. Rossen,70.98,26.112000000000002,1,0.0,window_expired,False,0.0
2026-02-27_SC Telstar - NAC Breda,2904989767,2,62,12,59t7flioj4w4mpwnrwbm0m8ck,NAC Breda,bdb33nwcpd2jufn9ggtl7gvzd,B. Lucassen,64.78500000000001,10.268,1,2.0,turnover,False,0.0
2026-02-27_SC Telstar - NAC Breda,2904993311,2,64,46,zjawy6qdzk3y69v5pa3zl2cb,SC Telstar,1k60tee702idfrp0ibca1s57u,G. Offerhaus,40.635000000000005,49.232000000000006,0,0.0,turnover,False,0.0
2026-02-27_SC Telstar - NAC Breda,2905018641,2,85,55,zjawy6qdzk3y69v5pa3zl2cb,SC Telstar,avyhrrfkeizd3za28ni67x82c,C. Hatenboer,39.375,50.592000000000006,0,0.0,turnover,False,0.0
2026-02-27_SC Telstar - NAC Breda,2905021419,2,88,23,zjawy6qdzk3y69v5pa3zl2cb,SC Telstar,y1ky8sp8scl05mmfr7byy3md,J. Hardeveld,19.740000000000002,38.556000000000004,0,0.0,turnover,False,0.0
2026-02-28_Heracles Almelo - PSV Eindhoven,2905587369,1,11,49,dac758ef858jbq7pcb3gfwite,Heracles Almelo,1xsy3m0bzicto5ogxsd026bmy,E. Ahlstrand,18.375,11.016,0,0.0,turnover,False,0.0
2026-02-28_Heracles Almelo - PSV Eindhoven,2905602705,1,30,16,24fvcruwqrqvqa3aonf8c3zuy,PSV Eindhoven,c6ip6gwp8yvchd1n3dv42go9,Mauro Júnior,41.055,48.55200000000001,1,2.0,turnover,False,0.0
2026-02-28_Heracles Almelo - PSV Eindhoven,2905603109,1,30,42,dac758ef858jbq7pcb3gfwite,Heracles Almelo,ait187bpr8we72jvfxxt6ttjp,M. te Wierik,33.705000000000005,35.292,3,3.0,turnover,False,0.0
2026-02-28_Heracles Almelo - PSV Eindhoven,2905603763,1,31,27,24fvcruwqrqvqa3aonf8c3zuy,PSV Eindhoven,b0me6l44boibnwpbtasxoy02x,S. Dest,23.52,23.12,1,2.0,turnover,False,0.0
2026-02-28_Heracles Almelo - PSV Eindhoven,2905604341,1,32,16,24fvcruwqrqvqa3aonf8c3zuy,PSV Eindhoven,2gsq05yyxwe4f8t79j6d49q6t,I. Perišić,24.36,43.112,0,0.0,turnover,False,0.0
2026-02-28_Heracles Almelo - PSV Eindhoven,2905605065,1,33,7,dac758ef858jbq7pcb3gfwite,Heracles Almelo,d5wx8rvjfaw1arn69fdd64d90,R. Bozinovski,10.815000000000001,38.828,1,3.0,window_expired,False,0.0
2026-02-28_Heracles Almelo - PSV Eindhoven,2905606477,1,35,10,dac758ef858jbq7pcb3gfwite,Heracles Almelo,do5gstk4ks97daehnudehyjxm,J. Žambůrek,16.17,37.536,1,2.0,turnover,False,0.0
2026-02-28_Heracles Almelo - PSV Eindhoven,2905650215,2,68,16,dac758ef858jbq7pcb3gfwite,Heracles Almelo,1xsy3m0bzicto5ogxsd026bmy,E. Ahlstrand,11.865000000000002,11.016,1,0.0,turnover,False,0.0
2026-02-28_Heracles Almelo - PSV Eindhoven,2905654847,2,73,56,dac758ef858jbq7pcb3gfwite,Heracles Almelo,ait187bpr8we72jvfxxt6ttjp,M. te Wierik,25.515,20.400000000000002,2,5.0,turnover,False,0.0
2026-02-28_Heracles Almelo - PSV Eindhoven,2905672505,2,93,22,24fvcruwqrqvqa3aonf8c3zuy,PSV Eindhoven,cmdeqxibr6holfqg17ap9uihg,Yarek Gąsiorowski,49.56,59.636,1,1.0,turnover,False,0.0
2026-02-28_Nijmegen Eendracht Combinatie - Fortuna Sittard,2905687841,1,0,44,3ebril33e08ddzob4bhq8awsr,Fortuna Sittard,570htztcvfsu947xw6fvtzmc5,Iván Márquez,28.665000000000003,22.372,0,0.0,turnover,False,0.0
2026-02-28_Nijmegen Eendracht Combinatie - Fortuna Sittard,2905689789,1,2,42,3ebril33e08ddzob4bhq8awsr,Fortuna Sittard,eyzcfyn1crjcgmm98uk9u8oyy,É. Michut,32.025,26.384,3,7.0,turnover,False,0.0
2026-02-28_Nijmegen Eendracht Combinatie - Fortuna Sittard,2905697391,1,10,34,3ebril33e08ddzob4bhq8awsr,Fortuna Sittard,9zryne6aa951ltubvjo0gk12i,M. Ihattaren,43.365,19.244000000000003,4,6.0,turnover,True,0.0
2026-02-28_Nijmegen Eendracht Combinatie - Fortuna Sittard,2905706027,1,20,39,8iawijq7s9s6d85mjz8wdslki,Nijmegen Eendracht Combinatie,1asrguqxyo7rmoyamggwd9oq2,A. Kaplan,29.715000000000003,26.180000000000003,0,0.0,turnover,False,0.0
2026-02-28_Nijmegen Eendracht Combinatie - Fortuna Sittard,2905707425,1,22,20,3ebril33e08ddzob4bhq8awsr,Fortuna Sittard,dsh8ta4q6v5ews2e19p9xh6y2,J. Hubner,29.82,62.016000000000005,1,0.0,turnover,False,0.0
2026-02-28_Nijmegen Eendracht Combinatie - Fortuna Sittard,2905709127,1,24,44,8iawijq7s9s6d85mjz8wdslki,Nijmegen Eendracht Combinatie,1gl82ymzh9vpitix6v645awa,D. Nejašmić,37.17,53.85600000000001,3,5.0,window_expired,False,3.62307808024348e-05
2026-02-28_Nijmegen Eendracht Combinatie - Fortuna Sittard,2905711951,1,29,2,3ebril33e08ddzob4bhq8awsr,Fortuna Sittard,7b4jmfu1ejoeci2zmvwuejnys,P. Brittijn,14.385,18.768,2,0.0,turnover,False,0.0
2026-02-28_Nijmegen Eendracht Combinatie - Fortuna Sittard,2905712979,1,30,36,8iawijq7s9s6d85mjz8wdslki,Nijmegen Eendracht Combinatie,dse071e8zbzm8l37m64g6e1p0,K. Sano,26.46,43.928,2,4.0,turnover,False,0.0
2026-02-28_Nijmegen Eendracht Combinatie - Fortuna Sittard,2905713037,1,30,42,3ebril33e08ddzob4bhq8awsr,Fortuna Sittard,bnkzwpd607re6s01oa77wcodm,J. Dahlhaus,48.300000000000004,58.61600000000001,1,1.0,turnover,False,0.0
2026-02-28_Nijmegen Eendracht Combinatie - Fortuna Sittard,2905721803,1,43,7,3ebril33e08ddzob4bhq8awsr,Fortuna Sittard,570htztcvfsu947xw6fvtzmc5,Iván Márquez,14.490000000000002,10.200000000000001,3,2.0,turnover,False,0.0002267030162303
2026-02-28_Nijmegen Eendracht Combinatie - Fortuna Sittard,2905722501,1,43,56,3ebril33e08ddzob4bhq8awsr,Fortuna Sittard,2ifp36vdm0d6rb3xc7muuvv11,D. Limnios,38.43,56.304,3,3.0,turnover,False,3.427897354472964e-05
2026-02-28_Nijmegen Eendracht Combinatie - Fortuna Sittard,2905724525,1,46,30,3ebril33e08ddzob4bhq8awsr,Fortuna Sittard,dp0q4f4gbj2buhcu1lb5dzxed,Ivo Pinto,36.225,2.788,0,0.0,turnover,False,0.0
2026-02-28_Nijmegen Eendracht Combinatie - Fortuna Sittard,2905740745,2,48,38,3ebril33e08ddzob4bhq8awsr,Fortuna Sittard,ccmmsnrfn58gwi1petlp08f3e,L. Duijvestijn,26.25,18.428,0,0.0,turnover,False,0.0
2026-02-28_Nijmegen Eendracht Combinatie - Fortuna Sittard,2905760831,2,74,53,3ebril33e08ddzob4bhq8awsr,Fortuna Sittard,7b4jmfu1ejoeci2zmvwuejnys,P. Brittijn,25.095,17.476,3,5.0,turnover,False,0.00022525683630952785
2026-02-28_Nijmegen Eendracht Combinatie - Fortuna Sittard,2905763759,2,79,23,3ebril33e08ddzob4bhq8awsr,Fortuna Sittard,dp0q4f4gbj2buhcu1lb5dzxed,Ivo Pinto,16.38,4.216,1,1.0,turnover,False,0.0
2026-02-28_SC Heerenveen - Sparta Rotterdam,2905394635,1,0,14,89w5c6pw7vn0dxypi61tt0g4k,Sparta Rotterdam,8n9t52eeli3s39r8ujjhjt7je,J. Kitolano,34.545,38.964,0,0.0,turnover,False,0.0
2026-02-28_SC Heerenveen - Sparta Rotterdam,2905905119,1,2,7,4vd2t5schmvvufrfib7f2vjdf,SC Heerenveen,8jm8a7w3a5b5nzikcom7cvf2s,M. Willemsen,59.22,19.788000000000004,1,1.0,turnover,False,0.0
2026-02-28_SC Heerenveen - Sparta Rotterdam,2905402195,1,3,58,89w5c6pw7vn0dxypi61tt0g4k,Sparta Rotterdam,f57vs3qmmob743hdk2dxf56cq,S. Sambo,38.85,16.728,0,0.0,turnover,False,0.0
2026-02-28_SC Heerenveen - Sparta Rotterdam,2905418155,1,8,28,4vd2t5schmvvufrfib7f2vjdf,SC Heerenveen,412l28fqhx21ivpcxzn1kpilm,V. Zagaritis,29.085,59.772000000000006,0,0.0,turnover,False,0.0
2026-02-28_SC Heerenveen - Sparta Rotterdam,2905425635,1,14,36,89w5c6pw7vn0dxypi61tt0g4k,Sparta Rotterdam,dbg4ducw8j747foxiexle1iad,P. Clement,64.995,58.61600000000001,0,0.0,turnover,False,0.0
2026-02-28_SC Heerenveen - Sparta Rotterdam,2905426003,1,14,47,4vd2t5schmvvufrfib7f2vjdf,SC Heerenveen,b5sf6wcogrvlwuwbd8xsyyfh1,J. van Overeem,41.265,44.336000000000006,6,9.0,window_expired,False,0.0027404986338898
2026-02-28_SC Heerenveen - Sparta Rotterdam,2905430519,1,17,45,89w5c6pw7vn0dxypi61tt0g4k,Sparta Rotterdam,byirjks50zw1eefkcy8p4hd5h,B. Martins Indi,40.11000000000001,29.648000000000003,3,3.0,turnover,False,0.0
2026-02-28_SC Heerenveen - Sparta Rotterdam,2905432849,1,19,59,4vd2t5schmvvufrfib7f2vjdf,SC Heerenveen,aqnr6l3f02hx0soadunxbjcpg,J. Trenskow,63.525000000000006,19.040000000000003,0,0.0,turnover,False,0.0
2026-02-28_SC Heerenveen - Sparta Rotterdam,2905433911,1,21,0,89w5c6pw7vn0dxypi61tt0g4k,Sparta Rotterdam,29q4j9r2lgdsdkkq2fgh8l7o4,Ayoni Santos,59.325,29.240000000000002,0,0.0,turnover,False,0.0
2026-02-28_SC Heerenveen - Sparta Rotterdam,2905486267,1,25,1,89w5c6pw7vn0dxypi61tt0g4k,Sparta Rotterdam,byirjks50zw1eefkcy8p4hd5h,B. Martins Indi,33.915,28.084,2,2.0,window_expired,False,0.0001670974215589
2026-02-28_SC Heerenveen - Sparta Rotterdam,2905438779,1,26,35,4vd2t5schmvvufrfib7f2vjdf,SC Heerenveen,ar7llmzju08n8yrqu8xm1thck,O. Braude,29.085,21.488000000000003,4,4.0,turnover,False,5.178625293225658e-05
2026-02-28_SC Heerenveen - Sparta Rotterdam,2905438593,1,27,37,89w5c6pw7vn0dxypi61tt0g4k,Sparta Rotterdam,dbg4ducw8j747foxiexle1iad,P. Clement,30.240000000000002,38.760000000000005,2,7.0,turnover,False,0.0
2026-02-28_SC Heerenveen - Sparta Rotterdam,2905439199,1,28,49,4vd2t5schmvvufrfib7f2vjdf,SC Heerenveen,2f8lk6lxav7hl7xlqt9an18x6,H. Petrov,35.805,56.168,4,5.0,turnover,False,2.477699849613713e-05
2026-02-28_SC Heerenveen - Sparta Rotterdam,2905450339,1,36,19,4vd2t5schmvvufrfib7f2vjdf,SC Heerenveen,412l28fqhx21ivpcxzn1kpilm,V. Zagaritis,19.635,61.404,3,4.0,turnover,False,0.0
2026-02-28_SC Heerenveen - Sparta Rotterdam,2905498657,2,45,18,4vd2t5schmvvufrfib7f2vjdf,SC Heerenveen,e5hzt8nmhu2ktn69dsv67ga38,M. Linday,24.675,13.260000000000002,2,2.0,turnover,False,0.0
2026-02-28_SC Heerenveen - Sparta Rotterdam,2905501157,2,46,44,89w5c6pw7vn0dxypi61tt0g4k,Sparta Rotterdam,536qjh4gcmpo5q68ti87e60kq,S. Mito,40.635000000000005,64.05600000000001,0,0.0,turnover,False,0.0
2026-02-28_SC Heerenveen - Sparta Rotterdam,2905506495,2,49,36,89w5c6pw7vn0dxypi61tt0g4k,Sparta Rotterdam,byirjks50zw1eefkcy8p4hd5h,B. Martins Indi,48.93000000000001,36.584,0,0.0,turnover,False,0.0
2026-02-28_SC Heerenveen - Sparta Rotterdam,2905509799,2,51,27,89w5c6pw7vn0dxypi61tt0g4k,Sparta Rotterdam,8n9t52eeli3s39r8ujjhjt7je,J. Kitolano,35.595,28.220000000000002,0,0.0,turnover,False,0.0
2026-02-28_SC Heerenveen - Sparta Rotterdam,2905516139,2,55,0,4vd2t5schmvvufrfib7f2vjdf,SC Heerenveen,e5hzt8nmhu2ktn69dsv67ga38,M. Linday,20.055000000000003,34.68,0,0.0,turnover,False,0.0
2026-02-28_SC Heerenveen - Sparta Rotterdam,2905522363,2,58,36,89w5c6pw7vn0dxypi61tt0g4k,Sparta Rotterdam,byirjks50zw1eefkcy8p4hd5h,B. Martins Indi,15.540000000000001,27.064,4,8.0,turnover,False,0.0001242544821514
2026-02-28_SC Heerenveen - Sparta Rotterdam,2905561947,2,59,46,4vd2t5schmvvufrfib7f2vjdf,SC Heerenveen,e5hzt8nmhu2ktn69dsv67ga38,M. Linday,34.125,19.176000000000002,3,3.0,turnover,False,1.4245985580224609e-05
2026-02-28_SC Heerenveen - Sparta Rotterdam,2905524539,2,59,49,89w5c6pw7vn0dxypi61tt0g4k,Sparta Rotterdam,8n9t52eeli3s39r8ujjhjt7je,J. Kitolano,61.74,48.75600000000001,5,7.0,window_expired,False,0.0004813347562041
2026-02-28_SC Heerenveen - Sparta Rotterdam,2905526017,2,60,40,89w5c6pw7vn0dxypi61tt0g4k,Sparta Rotterdam,f57vs3qmmob743hdk2dxf56cq,S. Sambo,31.815,17.816000000000003,0,0.0,turnover,False,0.0
2026-02-28_SC Heerenveen - Sparta Rotterdam,2905533833,2,65,17,4vd2t5schmvvufrfib7f2vjdf,SC Heerenveen,2f8lk6lxav7hl7xlqt9an18x6,H. Petrov,37.38,44.88,0,0.0,turnover,False,0.0
2026-02-28_SC Heerenveen - Sparta Rotterdam,2905534041,2,65,27,4vd2t5schmvvufrfib7f2vjdf,SC Heerenveen,412l28fqhx21ivpcxzn1kpilm,V. Zagaritis,23.835,63.92,2,1.0,turnover,False,0.0
2026-02-28_SC Heerenveen - Sparta Rotterdam,2905547043,2,81,7,89w5c6pw7vn0dxypi61tt0g4k,Sparta Rotterdam,dbg4ducw8j747foxiexle1iad,P. Clement,42.945,15.232,0,0.0,turnover,False,0.0
2026-02-28_SC Heerenveen - Sparta Rotterdam,2905547451,2,81,32,89w5c6pw7vn0dxypi61tt0g4k,Sparta Rotterdam,6ab5gq2owk86qs5zjottfhwmi,T. Quintero,22.26,51.884,0,0.0,turnover,False,0.0
2026-03-01_FC Twente - Feyenoord Rotterdam,2906036617,1,1,50,20vymiy7bo8wkyxai3ew494fz,Feyenoord Rotterdam,dwyl0yii553i57u7azfa7d15g,A. Hadj Moussa,23.625,4.148,0,0.0,turnover,False,0.0
2026-03-01_FC Twente - Feyenoord Rotterdam,2906041551,1,9,20,20vymiy7bo8wkyxai3ew494fz,Feyenoord Rotterdam,447abno2j0ux8fsxzs6fel7th,A. Ahmedhodžić,30.87,46.51200000000001,0,0.0,turnover,False,0.0
2026-03-01_FC Twente - Feyenoord Rotterdam,2906043745,1,12,19,4tic29sox7m39fy1ztgv0jsiq,FC Twente,3xlkchrk28u0cb620cajre1hw,R. Nijstad,8.82,29.308000000000003,0,0.0,turnover,False,0.0
2026-03-01_FC Twente - Feyenoord Rotterdam,2906052897,1,28,47,20vymiy7bo8wkyxai3ew494fz,Feyenoord Rotterdam,6fdwd71dx2qu7uzzs3ozm9x7u,T. Watanabe,58.589999999999996,45.288,1,1.0,turnover,False,0.0
2026-03-01_FC Twente - Feyenoord Rotterdam,2906056371,1,32,55,4tic29sox7m39fy1ztgv0jsiq,FC Twente,5r47vtvu418kae5j2rpv6w2dw,M. Rots,31.815,57.664,4,10.0,window_expired,False,0.0015309044278417
2026-03-01_FC Twente - Feyenoord Rotterdam,2906065455,1,42,1,20vymiy7bo8wkyxai3ew494fz,Feyenoord Rotterdam,6fdwd71dx2qu7uzzs3ozm9x7u,T. Watanabe,41.475,39.1,3,9.0,window_expired,False,0.0044823298546008
2026-03-01_FC Twente - Feyenoord Rotterdam,2906070721,1,47,24,20vymiy7bo8wkyxai3ew494fz,Feyenoord Rotterdam,eoodvdqfvhql03i8kv9l14qvo,T. Kraaijeveld,44.415,13.600000000000001,4,3.0,turnover,False,0.0001270080251325
2026-03-01_FC Twente - Feyenoord Rotterdam,2906070871,1,47,33,20vymiy7bo8wkyxai3ew494fz,Feyenoord Rotterdam,4qr07cfbwquppkww057mb9tk9,J. Moder,66.675,35.292,0,0.0,turnover,False,0.0
2026-03-01_FC Twente - Feyenoord Rotterdam,2906090999,2,48,31,4tic29sox7m39fy1ztgv0jsiq,FC Twente,3xlkchrk28u0cb620cajre1hw,R. Nijstad,51.975,57.39200000000001,3,2.0,turnover,False,2.0150427912243862e-05
2026-03-01_FC Twente - Feyenoord Rotterdam,2906093073,2,50,32,20vymiy7bo8wkyxai3ew494fz,Feyenoord Rotterdam,29fr98or3mqippn84z3p9ihhw,L. Valente,22.995,33.32,1,2.0,turnover,False,0.0
2026-03-01_FC Twente - Feyenoord Rotterdam,2906093243,2,50,40,20vymiy7bo8wkyxai3ew494fz,Feyenoord Rotterdam,8f3bhiy6r5eei1n25exhbwr8p,J. Lotomba,26.985,47.6,0,0.0,turnover,False,0.0
2026-03-01_FC Twente - Feyenoord Rotterdam,2906098763,2,58,11,4tic29sox7m39fy1ztgv0jsiq,FC Twente,a339o11ut8s1o9odm6ybc4pka,T. van den Belt,40.74,21.080000000000002,3,3.0,turnover,False,8.414914810990493e-05
2026-03-01_FC Twente - Feyenoord Rotterdam,2906101661,2,63,47,20vymiy7bo8wkyxai3ew494fz,Feyenoord Rotterdam,43ib46nh45n9oajf5rmaz4f6x,Hwang In-Beom,65.10000000000001,23.732,3,10.0,turnover,False,0.0035837434079697
2026-03-01_FC Twente - Feyenoord Rotterdam,2906102897,2,66,33,4tic29sox7m39fy1ztgv0jsiq,FC Twente,5r47vtvu418kae5j2rpv6w2dw,M. Rots,13.65,58.480000000000004,2,2.0,turnover,False,0.0
2026-03-01_FC Twente - Feyenoord Rotterdam,2906105301,2,70,42,20vymiy7bo8wkyxai3ew494fz,Feyenoord Rotterdam,43ib46nh45n9oajf5rmaz4f6x,Hwang In-Beom,59.535000000000004,47.736000000000004,0,0.0,turnover,False,0.0
2026-03-01_FC Twente - Feyenoord Rotterdam,2906108039,2,70,45,20vymiy7bo8wkyxai3ew494fz,Feyenoord Rotterdam,e9l5r0txzrjbenli05rn3k4wl,R. Sterling,68.775,64.804,1,1.0,turnover,False,0.0
2026-03-01_FC Twente - Feyenoord Rotterdam,2906107503,2,73,49,4tic29sox7m39fy1ztgv0jsiq,FC Twente,dc119ejc7lls2rd3ywigl2smi,R. Zerrouki,30.66,30.872,3,3.0,turnover,False,0.0
2026-03-01_FC Twente - Feyenoord Rotterdam,2906119727,2,87,55,20vymiy7bo8wkyxai3ew494fz,Feyenoord Rotterdam,3o4tq8qooplx2izq9rucgu7d,C. Tengstedt,18.69,62.83200000000001,1,5.0,turnover,False,0.0
2026-03-01_FC Utrecht - Alkmaar Zaanstreek,2906142701,1,1,19,3kfktv64h7kg7zryax1wktr5r,Alkmaar Zaanstreek,3dx91sb6ktg8z1xmoti25kru,P. Koopmeiners,39.9,62.83200000000001,3,3.0,turnover,False,0.000114012132248
2026-03-01_FC Utrecht - Alkmaar Zaanstreek,2906143209,1,2,7,ccpscwdcm65czscrun048ecn5,FC Utrecht,8ymqihdfqc7esda7y407lebx1,D. de Wit,23.1,28.424,1,2.0,turnover,False,0.0
2026-03-01_FC Utrecht - Alkmaar Zaanstreek,2906148865,1,10,10,ccpscwdcm65czscrun048ecn5,FC Utrecht,3ypxn1nvgv8e321sq5394w3my,M. Didden,39.375,6.188000000000001,0,0.0,turnover,False,0.0
2026-03-01_FC Utrecht - Alkmaar Zaanstreek,2906157563,1,19,45,3kfktv64h7kg7zryax1wktr5r,Alkmaar Zaanstreek,22alh32lu88yabxd4pl0opg5w,K. Boogaard,56.175000000000004,2.3120000000000003,1,1.0,turnover,False,0.0
2026-03-01_FC Utrecht - Alkmaar Zaanstreek,2906159473,1,21,45,3kfktv64h7kg7zryax1wktr5r,Alkmaar Zaanstreek,ck3l6a262hves3v6nywarx9pm,Alexandre Penetra,25.935,34.68,0,0.0,turnover,False,0.0
2026-03-01_FC Utrecht - Alkmaar Zaanstreek,2906160893,1,23,14,ccpscwdcm65czscrun048ecn5,FC Utrecht,4ej8uchqe3rt1s5h6phjo3310,G. Zechiël,27.930000000000003,34.816,2,0.0,turnover,False,0.0
2026-03-01_FC Utrecht - Alkmaar Zaanstreek,2906161007,1,23,19,ccpscwdcm65czscrun048ecn5,FC Utrecht,3ypxn1nvgv8e321sq5394w3my,M. Didden,25.830000000000002,14.96,0,0.0,turnover,False,0.0
2026-03-01_FC Utrecht - Alkmaar Zaanstreek,2906165235,1,27,28,ccpscwdcm65czscrun048ecn5,FC Utrecht,8ymqihdfqc7esda7y407lebx1,D. de Wit,56.80500000000001,28.764,2,2.0,turnover,False,0.0
2026-03-01_FC Utrecht - Alkmaar Zaanstreek,2906175033,1,36,19,ccpscwdcm65czscrun048ecn5,FC Utrecht,8lt54ei6pcu25u8uerigmx5yi,A. Engwanda,31.290000000000003,25.568,3,3.0,turnover,False,0.0
2026-03-01_FC Utrecht - Alkmaar Zaanstreek,2906183257,1,43,43,ccpscwdcm65czscrun048ecn5,FC Utrecht,3ypxn1nvgv8e321sq5394w3my,M. Didden,57.330000000000005,1.4960000000000002,1,1.0,turnover,False,0.0
2026-03-01_FC Utrecht - Alkmaar Zaanstreek,2906206127,2,45,6,3kfktv64h7kg7zryax1wktr5r,Alkmaar Zaanstreek,c0os20ujhb2hujvtp21093l04,A. Oufkir,44.730000000000004,2.9920000000000004,2,0.0,turnover,False,0.0
2026-03-01_FC Utrecht - Alkmaar Zaanstreek,2906208499,2,48,44,ccpscwdcm65czscrun048ecn5,FC Utrecht,enimk3ibb10vk3f8vrmmhq7oq,S. El Karouani,48.405,64.396,2,2.0,turnover,False,0.0
2026-03-01_FC Utrecht - Alkmaar Zaanstreek,2906209531,2,50,24,3kfktv64h7kg7zryax1wktr5r,Alkmaar Zaanstreek,22alh32lu88yabxd4pl0opg5w,K. Boogaard,16.8,16.864,0,0.0,turnover,False,0.0
2026-03-01_FC Utrecht - Alkmaar Zaanstreek,2906210325,2,51,34,ccpscwdcm65czscrun048ecn5,FC Utrecht,3ypxn1nvgv8e321sq5394w3my,M. Didden,39.27,1.7000000000000002,4,6.0,turnover,False,0.0
2026-03-01_FC Utrecht - Alkmaar Zaanstreek,2906211711,2,53,32,3kfktv64h7kg7zryax1wktr5r,Alkmaar Zaanstreek,9lixevzo8exxiia17altfw8ic,W. Goes,30.87,7.684000000000001,0,0.0,turnover,False,0.0
2026-03-01_FC Utrecht - Alkmaar Zaanstreek,2906212245,2,54,11,3kfktv64h7kg7zryax1wktr5r,Alkmaar Zaanstreek,3dx91sb6ktg8z1xmoti25kru,P. Koopmeiners,42.0,20.604000000000003,1,1.0,turnover,False,0.0
2026-03-01_FC Utrecht - Alkmaar Zaanstreek,2906229799,2,70,32,ccpscwdcm65czscrun048ecn5,FC Utrecht,8lt54ei6pcu25u8uerigmx5yi,A. Engwanda,27.195,12.648000000000001,1,4.0,turnover,False,0.0
2026-03-01_FC Utrecht - Alkmaar Zaanstreek,2906231201,2,72,0,ccpscwdcm65czscrun048ecn5,FC Utrecht,4ej8uchqe3rt1s5h6phjo3310,G. Zechiël,29.294999999999998,34.408,2,1.0,turnover,False,0.0
2026-03-01_FC Utrecht - Alkmaar Zaanstreek,2906241207,2,81,40,ccpscwdcm65czscrun048ecn5,FC Utrecht,4ej8uchqe3rt1s5h6phjo3310,G. Zechiël,40.845,52.768,0,0.0,turnover,False,0.0
2026-03-01_FC Utrecht - Alkmaar Zaanstreek,2906243915,2,84,16,3kfktv64h7kg7zryax1wktr5r,Alkmaar Zaanstreek,3dx91sb6ktg8z1xmoti25kru,P. Koopmeiners,50.400000000000006,33.728,1,4.0,window_expired,False,0.0
2026-03-01_FC Utrecht - Alkmaar Zaanstreek,2906250243,2,89,37,ccpscwdcm65czscrun048ecn5,FC Utrecht,b33sm106xc7g3h4bcqtawja7e,C. Bozdoğan,3.7800000000000002,40.25600000000001,0,0.0,turnover,False,0.0
2026-03-01_FC Utrecht - Alkmaar Zaanstreek,2906251573,2,90,35,ccpscwdcm65czscrun048ecn5,FC Utrecht,8lt54ei6pcu25u8uerigmx5yi,A. Engwanda,63.105000000000004,15.776,0,0.0,turnover,False,0.0
2026-03-01_FC Utrecht - Alkmaar Zaanstreek,2906254587,2,92,53,3kfktv64h7kg7zryax1wktr5r,Alkmaar Zaanstreek,nw48ayorxrpxwcxbdhxy44k4,B. van Duijl,22.155,22.304,4,7.0,turnover,False,0.000141573226651
2026-03-01_FC Volendam - FC Groningen,2906040307,1,7,54,6g9qrm72224jrk6tkxxxi8a9n,FC Volendam,64kb0lmkr24rmh59hb01m268k,R. van Cruijsen,21.945,9.112,0,0.0,turnover,False,0.0
2026-03-01_FC Volendam - FC Groningen,2906043325,1,12,24,6g9qrm72224jrk6tkxxxi8a9n,FC Volendam,4utx4h5jz14whtjawxn7ox0r8,N. Verschuren,14.91,29.92,0,0.0,turnover,False,0.0
2026-03-01_FC Volendam - FC Groningen,2906046189,1,16,24,6g9qrm72224jrk6tkxxxi8a9n,FC Volendam,dej8tywq0npvbm25sfgtqur1m,O. Kökçü,37.589999999999996,21.76,0,0.0,turnover,False,0.0
2026-03-01_FC Volendam - FC Groningen,2906046337,1,16,37,6g9qrm72224jrk6tkxxxi8a9n,FC Volendam,qx44xpf889ysyh0yh20uketw,B. Pauwels,48.195,37.400000000000006,5,10.0,window_expired,False,0.0109688890302157
2026-03-01_FC Volendam - FC Groningen,2906069583,1,46,38,6g9qrm72224jrk6tkxxxi8a9n,FC Volendam,4utx4h5jz14whtjawxn7ox0r8,N. Verschuren,47.98500000000001,32.980000000000004,0,0.0,turnover,False,0.0
2026-03-01_FC Volendam - FC Groningen,2906102235,2,63,8,cos9hxi16eitbcbthof7zrm4m,FC Groningen,9wwud2tglhtdocmjgl2u5ib6c,T. Blokzijl,17.325,31.076000000000004,0,0.0,turnover,False,0.0
2026-03-01_FC Volendam - FC Groningen,2906103635,2,66,3,6g9qrm72224jrk6tkxxxi8a9n,FC Volendam,eu901b75l2ly5p48jdw6kwmad,M. Amevor,40.425000000000004,8.908000000000001,1,1.0,turnover,False,0.0
2026-03-01_FC Volendam - FC Groningen,2906119819,2,86,27,6g9qrm72224jrk6tkxxxi8a9n,FC Volendam,4utx4h5jz14whtjawxn7ox0r8,N. Verschuren,25.200000000000003,55.01200000000001,0,0.0,turnover,False,0.0
2026-03-01_PEC Zwolle - AFC Ajax,2905978711,1,4,11,2uuh2bir8ktof0uxfo06lb4ox,PEC Zwolle,d5g7rl9a83vu3cyyzvu5yveqy,A. MacNulty,58.905,29.716000000000005,4,9.0,window_expired,False,0.0031512081909974
2026-03-01_PEC Zwolle - AFC Ajax,2906125035,1,20,38,2uuh2bir8ktof0uxfo06lb4ox,PEC Zwolle,1x6fhuy49w4rpnyavwotbf504,T. Gooijer,28.77,23.732,1,2.0,turnover,False,0.0
2026-03-01_PEC Zwolle - AFC Ajax,2905992029,1,40,2,2uuh2bir8ktof0uxfo06lb4ox,PEC Zwolle,1rd0zzpp3dn0y7qtxwc57g7h1,R. Thomas,33.285000000000004,11.764000000000001,0,0.0,turnover,False,0.0
2026-03-01_PEC Zwolle - AFC Ajax,2905992035,1,40,5,2uuh2bir8ktof0uxfo06lb4ox,PEC Zwolle,684nd3xjli51z43pbla0mwa21,T. Oosting,38.43,17.204,5,7.0,turnover,False,0.0
2026-03-01_PEC Zwolle - AFC Ajax,2905995745,1,45,39,d0zdg647gvgc95xdtk1vpbkys,AFC Ajax,1wse4b1hxu37e7t5ty5ykn7c9,J. Šutalo,49.77,14.076,0,0.0,turnover,False,0.0
2026-03-01_PEC Zwolle - AFC Ajax,2906001295,2,48,23,2uuh2bir8ktof0uxfo06lb4ox,PEC Zwolle,d5g7rl9a83vu3cyyzvu5yveqy,A. MacNulty,65.94,51.476000000000006,2,3.0,turnover,False,0.0
2026-03-01_PEC Zwolle - AFC Ajax,2906001547,2,49,10,2uuh2bir8ktof0uxfo06lb4ox,PEC Zwolle,d5g7rl9a83vu3cyyzvu5yveqy,A. MacNulty,40.425000000000004,59.43200000000001,2,7.0,turnover,False,0.0
2026-03-01_PEC Zwolle - AFC Ajax,2906002517,2,52,45,2uuh2bir8ktof0uxfo06lb4ox,PEC Zwolle,4phgw75cred5p93hjq8hiou6t,S. Floranus,66.25500000000001,65.008,2,4.0,turnover,False,0.0
2026-03-01_PEC Zwolle - AFC Ajax,2906002687,2,53,21,d0zdg647gvgc95xdtk1vpbkys,AFC Ajax,264gu641hrd38wqf28xolwhlg,R. Bounida,68.04,16.728,0,0.0,turnover,False,0.0
2026-03-01_PEC Zwolle - AFC Ajax,2906005093,2,59,13,2uuh2bir8ktof0uxfo06lb4ox,PEC Zwolle,5mqog8k9eyi248jvrrp9fo8wk,N. Fichtinger,76.54500000000002,2.3120000000000003,2,2.0,turnover,False,0.0
2026-03-01_PEC Zwolle - AFC Ajax,2906008309,2,65,35,d0zdg647gvgc95xdtk1vpbkys,AFC Ajax,47l204bkq2qqjhtazusr0019m,Y. Baas,37.065,58.548,0,0.0,turnover,False,0.0
2026-03-01_PEC Zwolle - AFC Ajax,2906013265,2,72,28,d0zdg647gvgc95xdtk1vpbkys,AFC Ajax,9tp35qqu1heburu0g5wa6jv56,Lucas Rosa,59.955000000000005,8.228,0,0.0,turnover,False,0.0
2026-03-01_PEC Zwolle - AFC Ajax,2906012923,2,75,0,2uuh2bir8ktof0uxfo06lb4ox,PEC Zwolle,1x6fhuy49w4rpnyavwotbf504,T. Gooijer,23.625,11.56,4,5.0,turnover,False,6.748632063288684e-05
2026-03-01_PEC Zwolle - AFC Ajax,2906018039,2,86,57,d0zdg647gvgc95xdtk1vpbkys,AFC Ajax,47l204bkq2qqjhtazusr0019m,Y. Baas,42.525,49.096000000000004,0,0.0,turnover,False,0.0
2026-03-01_SBV Excelsior - Go Ahead Eagles,2906323349,1,14,27,b79uipsy57y1jqpy07h4i5ovk,Go Ahead Eagles,eytcfp4cu6qkar65kf0p5rm96,J. Dirksen,41.37,53.516000000000005,3,2.0,turnover,False,0.0
2026-03-01_SBV Excelsior - Go Ahead Eagles,2906324303,1,15,55,b79uipsy57y1jqpy07h4i5ovk,Go Ahead Eagles,1mroid71v9bwpx0iaospei9gq,R. Margaret,49.35,52.632000000000005,1,1.0,turnover,False,0.0
2026-03-01_SBV Excelsior - Go Ahead Eagles,2906330697,1,25,25,dqk062lu0vm8epvytbm6r4mmf,SBV Excelsior,aeqj9ogm0dntus0wl352w9z6y,C. Widell,63.525000000000006,14.892,5,9.0,window_expired,False,0.0
2026-03-01_SBV Excelsior - Go Ahead Eagles,2906338667,1,38,34,dqk062lu0vm8epvytbm6r4mmf,SBV Excelsior,cdhqb1a4h246hu0u13pm0tqay,I. Bronkhorst,38.955000000000005,27.268000000000004,2,3.0,window_expired,False,0.0
2026-03-01_SBV Excelsior - Go Ahead Eagles,2906358239,2,50,34,dqk062lu0vm8epvytbm6r4mmf,SBV Excelsior,c6i4usq34m3389rtbqptahrai,R. Meissen,25.200000000000003,57.05200000000001,0,0.0,turnover,False,0.0
2026-03-01_SBV Excelsior - Go Ahead Eagles,2906378671,2,74,36,b79uipsy57y1jqpy07h4i5ovk,Go Ahead Eagles,d8cxurdt9g5gezqlfwae7ooru,M. Meulensteen,54.285000000000004,43.52,2,7.0,window_expired,False,0.0002331297549026
2026-03-01_SBV Excelsior - Go Ahead Eagles,2906397469,2,79,47,dqk062lu0vm8epvytbm6r4mmf,SBV Excelsior,c6i4usq34m3389rtbqptahrai,R. Meissen,59.85,64.05600000000001,0,0.0,turnover,False,0.0
2026-03-06_Heracles Almelo - FC Utrecht,2907687133,1,8,1,dac758ef858jbq7pcb3gfwite,Heracles Almelo,d5wx8rvjfaw1arn69fdd64d90,R. Bozinovski,59.22,53.17600000000001,0,0.0,turnover,False,0.0
2026-03-06_Heracles Almelo - FC Utrecht,2907710543,1,30,51,ccpscwdcm65czscrun048ecn5,FC Utrecht,3ypxn1nvgv8e321sq5394w3my,M. Didden,55.545,4.964,0,0.0,turnover,False,0.0
2026-03-06_Heracles Almelo - FC Utrecht,2907713057,1,33,24,dac758ef858jbq7pcb3gfwite,Heracles Almelo,d5wx8rvjfaw1arn69fdd64d90,R. Bozinovski,60.27,58.14000000000001,2,2.0,turnover,False,0.0
2026-03-06_Heracles Almelo - FC Utrecht,2907713723,1,34,2,dac758ef858jbq7pcb3gfwite,Heracles Almelo,mlqit2c8my1ewqy6avrfhf8q,A. Van Hoorenbeeck,26.565,32.028000000000006,3,10.0,window_expired,True,0.0018540859348913
2026-03-06_Heracles Almelo - FC Utrecht,2907725809,1,44,46,dac758ef858jbq7pcb3gfwite,Heracles Almelo,69gzswoym4jqnrag1wdqfdkyy,J. Wieckhoff,18.27,12.172,0,0.0,turnover,False,0.0
2026-03-06_Heracles Almelo - FC Utrecht,2907726315,1,45,11,dac758ef858jbq7pcb3gfwite,Heracles Almelo,69gzswoym4jqnrag1wdqfdkyy,J. Wieckhoff,36.75,15.98,1,3.0,turnover,False,0.0
2026-03-06_Heracles Almelo - FC Utrecht,2907726411,1,45,17,dac758ef858jbq7pcb3gfwite,Heracles Almelo,6ok4k757utbtswx5618xffsru,I. Mesík,29.925,47.328,2,6.0,turnover,False,0.0
2026-03-06_Heracles Almelo - FC Utrecht,2907753365,2,53,58,ccpscwdcm65czscrun048ecn5,FC Utrecht,c2an5ksdu6jbap3x3jp3z9c5x,N. Viergever,17.01,54.944,0,0.0,turnover,False,0.0
2026-03-06_Heracles Almelo - FC Utrecht,2907754987,2,55,3,dac758ef858jbq7pcb3gfwite,Heracles Almelo,e3akocgpppdty3ayxty1gf6xh,D. Mirani,3.7800000000000002,23.8,0,0.0,turnover,False,0.0
2026-03-06_Heracles Almelo - FC Utrecht,2907757123,2,56,34,dac758ef858jbq7pcb3gfwite,Heracles Almelo,do5gstk4ks97daehnudehyjxm,J. Žambůrek,30.345,8.024000000000001,3,3.0,window_expired,False,0.008494081613605601
2026-03-06_Heracles Almelo - FC Utrecht,2907765085,2,62,10,dac758ef858jbq7pcb3gfwite,Heracles Almelo,80dk8iv6p0202z10qcqy8bfca,S. Scheperman,13.755,32.572,1,3.0,turnover,False,0.0
2026-03-06_Heracles Almelo - FC Utrecht,2907783139,2,76,52,ccpscwdcm65czscrun048ecn5,FC Utrecht,3ypxn1nvgv8e321sq5394w3my,M. Didden,62.160000000000004,3.128,0,0.0,turnover,False,0.0
2026-03-06_Heracles Almelo - FC Utrecht,2907785921,2,79,7,dac758ef858jbq7pcb3gfwite,Heracles Almelo,7d8qc47gy4mb9mo67e1ic448a,M. Benita,21.525000000000002,9.248000000000001,6,10.0,window_expired,False,0.0
2026-03-06_Heracles Almelo - FC Utrecht,2907789013,2,81,51,dac758ef858jbq7pcb3gfwite,Heracles Almelo,96om2im2vd1621ajcexlyekno,T. van Gilst,46.830000000000005,43.588,2,2.0,turnover,False,0.0
2026-03-06_Heracles Almelo - FC Utrecht,2907789081,2,81,54,ccpscwdcm65czscrun048ecn5,FC Utrecht,3ypxn1nvgv8e321sq5394w3my,M. Didden,45.78,19.856,0,0.0,turnover,False,0.0
2026-03-07_FC Groningen - AFC Ajax,2908176715,1,3,47,cos9hxi16eitbcbthof7zrm4m,FC Groningen,bm3k1knugkwa8z319dscr2yhg,T. Hernes,21.419999999999998,48.824,2,5.0,turnover,False,0.0
2026-03-07_FC Groningen - AFC Ajax,2908181837,1,6,33,cos9hxi16eitbcbthof7zrm4m,FC Groningen,9wwud2tglhtdocmjgl2u5ib6c,T. Blokzijl,28.875,24.276000000000003,2,0.0,turnover,False,0.0
2026-03-07_FC Groningen - AFC Ajax,2908192749,1,12,3,cos9hxi16eitbcbthof7zrm4m,FC Groningen,3aly8eihwfvtwde7dg0k18w7o,J. Schreuders,18.165000000000003,63.648,4,4.0,turnover,False,0.0
2026-03-07_FC Groningen - AFC Ajax,2908200961,1,16,16,d0zdg647gvgc95xdtk1vpbkys,AFC Ajax,56nbghr9snc79dt8h99wleej8,S. Steur,59.22,37.80800000000001,0,0.0,turnover,False,0.0
2026-03-07_FC Groningen - AFC Ajax,2908209233,1,23,25,d0zdg647gvgc95xdtk1vpbkys,AFC Ajax,56nbghr9snc79dt8h99wleej8,S. Steur,70.665,59.908,3,3.0,turnover,False,0.0014074974447472
2026-03-07_FC Groningen - AFC Ajax,2908212623,1,28,22,d0zdg647gvgc95xdtk1vpbkys,AFC Ajax,4n18t6bixl6ba3bx76hym51qs,A. Gaaei,34.44,8.092,0,0.0,turnover,False,0.0
2026-03-07_FC Groningen - AFC Ajax,2908212689,1,28,30,cos9hxi16eitbcbthof7zrm4m,FC Groningen,1c4fzmrwmlwaqmqomge14rqc4,D. Janse,34.86000000000001,60.928,1,1.0,turnover,False,0.0
2026-03-07_FC Groningen - AFC Ajax,2908217835,1,33,43,d0zdg647gvgc95xdtk1vpbkys,AFC Ajax,dafbvyorudvujxw7zswicykmh,O. Wijndal,49.77,59.636,5,10.0,window_expired,False,0.0010965657578934
2026-03-07_FC Groningen - AFC Ajax,2908234221,1,43,17,d0zdg647gvgc95xdtk1vpbkys,AFC Ajax,56nbghr9snc79dt8h99wleej8,S. Steur,32.865,38.080000000000005,1,1.0,turnover,False,0.000169920333123
2026-03-07_FC Groningen - AFC Ajax,2908234369,1,43,21,d0zdg647gvgc95xdtk1vpbkys,AFC Ajax,1wse4b1hxu37e7t5ty5ykn7c9,J. Šutalo,20.790000000000003,24.276000000000003,1,4.0,turnover,False,0.0
2026-03-07_FC Groningen - AFC Ajax,2908277887,2,50,34,cos9hxi16eitbcbthof7zrm4m,FC Groningen,98qi4clazqen9kimkxt3jb6j9,M. Peersman,66.465,35.7,3,1.0,turnover,False,0.0069947949891522
2026-03-07_FC Groningen - AFC Ajax,2908282983,2,53,32,cos9hxi16eitbcbthof7zrm4m,FC Groningen,1c4fzmrwmlwaqmqomge14rqc4,D. Janse,2.1,45.967999999999996,2,2.0,window_expired,False,0.0
2026-03-07_FC Groningen - AFC Ajax,2908285423,2,54,57,d0zdg647gvgc95xdtk1vpbkys,AFC Ajax,brfa9yhy2llgt9l75unddogk,J. Mokio,40.74,4.42,4,9.0,window_expired,False,3.151152090141718e-05
2026-03-07_FC Groningen - AFC Ajax,2908286693,2,55,42,d0zdg647gvgc95xdtk1vpbkys,AFC Ajax,4n18t6bixl6ba3bx76hym51qs,A. Gaaei,35.910000000000004,21.692,2,2.0,turnover,False,0.0
2026-03-07_FC Groningen - AFC Ajax,2908286821,2,55,45,cos9hxi16eitbcbthof7zrm4m,FC Groningen,9wwud2tglhtdocmjgl2u5ib6c,T. Blokzijl,50.08500000000001,21.692,0,0.0,turnover,False,0.0
2026-03-07_FC Groningen - AFC Ajax,2908288077,2,56,38,d0zdg647gvgc95xdtk1vpbkys,AFC Ajax,dafbvyorudvujxw7zswicykmh,O. Wijndal,27.405,47.940000000000005,0,0.0,turnover,False,0.0
2026-03-07_FC Groningen - AFC Ajax,2908293739,2,60,10,d0zdg647gvgc95xdtk1vpbkys,AFC Ajax,47l204bkq2qqjhtazusr0019m,Y. Baas,10.395000000000001,38.89600000000001,0,0.0,turnover,False,0.0
2026-03-07_FC Groningen - AFC Ajax,2908296233,2,61,47,d0zdg647gvgc95xdtk1vpbkys,AFC Ajax,4n18t6bixl6ba3bx76hym51qs,A. Gaaei,46.2,9.316,0,0.0,turnover,False,0.0
2026-03-07_FC Groningen - AFC Ajax,2908296623,2,62,2,d0zdg647gvgc95xdtk1vpbkys,AFC Ajax,4n18t6bixl6ba3bx76hym51qs,A. Gaaei,19.425,7.276,0,0.0,turnover,False,0.0
2026-03-07_FC Groningen - AFC Ajax,2908298817,2,63,52,cos9hxi16eitbcbthof7zrm4m,FC Groningen,bm3k1knugkwa8z319dscr2yhg,T. Hernes,43.89,49.368,0,0.0,turnover,False,0.0
2026-03-07_FC Groningen - AFC Ajax,2908306699,2,71,37,d0zdg647gvgc95xdtk1vpbkys,AFC Ajax,1wse4b1hxu37e7t5ty5ykn7c9,J. Šutalo,18.585,27.404,0,0.0,turnover,False,0.0
2026-03-07_FC Groningen - AFC Ajax,2908310869,2,76,2,d0zdg647gvgc95xdtk1vpbkys,AFC Ajax,1wse4b1hxu37e7t5ty5ykn7c9,J. Šutalo,9.450000000000001,12.172,0,0.0,turnover,False,0.0
2026-03-07_FC Groningen - AFC Ajax,2908311523,2,76,43,cos9hxi16eitbcbthof7zrm4m,FC Groningen,e6x3hs6v8cq74ojgluyny72fo,T. Land,21.840000000000003,44.47200000000001,1,1.0,turnover,False,0.0
2026-03-07_FC Groningen - AFC Ajax,2908312359,2,77,45,d0zdg647gvgc95xdtk1vpbkys,AFC Ajax,4n18t6bixl6ba3bx76hym51qs,A. Gaaei,16.065,5.372000000000001,1,1.0,turnover,False,0.0
2026-03-07_FC Groningen - AFC Ajax,2908318367,2,83,55,cos9hxi16eitbcbthof7zrm4m,FC Groningen,e6x3hs6v8cq74ojgluyny72fo,T. Land,46.2,18.768,2,1.0,turnover,False,0.0
2026-03-07_FC Groningen - AFC Ajax,2908320523,2,86,18,cos9hxi16eitbcbthof7zrm4m,FC Groningen,1c4fzmrwmlwaqmqomge14rqc4,D. Janse,13.545000000000002,17.612000000000002,1,2.0,turnover,False,0.0
2026-03-07_PSV Eindhoven - Alkmaar Zaanstreek,2908412163,1,3,16,3kfktv64h7kg7zryax1wktr5r,Alkmaar Zaanstreek,3dx91sb6ktg8z1xmoti25kru,P. Koopmeiners,32.34,31.008000000000003,3,2.0,turnover,False,0.0
2026-03-07_PSV Eindhoven - Alkmaar Zaanstreek,2908419653,1,10,43,3kfktv64h7kg7zryax1wktr5r,Alkmaar Zaanstreek,ck3l6a262hves3v6nywarx9pm,Alexandre Penetra,13.965000000000002,40.868,4,5.0,turnover,False,3.661358248044366e-05
2026-03-07_PSV Eindhoven - Alkmaar Zaanstreek,2908426847,1,18,11,24fvcruwqrqvqa3aonf8c3zuy,PSV Eindhoven,5lvdnoyknuoyr6kdruposgctl,J. Schouten,19.11,26.520000000000003,2,1.0,turnover,False,0.0003408392414262
2026-03-07_PSV Eindhoven - Alkmaar Zaanstreek,2908428051,1,19,25,24fvcruwqrqvqa3aonf8c3zuy,PSV Eindhoven,2gsq05yyxwe4f8t79j6d49q6t,I. Perišić,12.39,43.86000000000001,0,0.0,turnover,False,0.0
2026-03-07_PSV Eindhoven - Alkmaar Zaanstreek,2908431297,1,22,48,24fvcruwqrqvqa3aonf8c3zuy,PSV Eindhoven,cs4aca71qkt1ru20ppmi6djl6,M. Kovář,9.135,28.832,4,8.0,turnover,False,4.1620079552981415e-05
2026-03-07_PSV Eindhoven - Alkmaar Zaanstreek,2908432987,1,24,35,24fvcruwqrqvqa3aonf8c3zuy,PSV Eindhoven,d36na8jr6xcc8eronhy8mcz1m,K. Sildillia,46.2,3.944,0,0.0,turnover,False,0.0
2026-03-07_PSV Eindhoven - Alkmaar Zaanstreek,2908433983,1,25,37,3kfktv64h7kg7zryax1wktr5r,Alkmaar Zaanstreek,3dx91sb6ktg8z1xmoti25kru,P. Koopmeiners,28.56,39.032000000000004,3,3.0,turnover,False,4.68563642887776e-05
2026-03-07_PSV Eindhoven - Alkmaar Zaanstreek,2908435455,1,27,30,3kfktv64h7kg7zryax1wktr5r,Alkmaar Zaanstreek,5ylwgfqvaobru2lxqvlhpxul0,E. Dijkstra,17.535,12.648000000000001,4,9.0,window_expired,False,4.862960470741751e-05
2026-03-07_PSV Eindhoven - Alkmaar Zaanstreek,2908443015,1,36,31,3kfktv64h7kg7zryax1wktr5r,Alkmaar Zaanstreek,ck3l6a262hves3v6nywarx9pm,Alexandre Penetra,16.59,28.968000000000004,1,2.0,turnover,False,0.0
2026-03-07_PSV Eindhoven - Alkmaar Zaanstreek,2908444931,1,38,58,3kfktv64h7kg7zryax1wktr5r,Alkmaar Zaanstreek,9lixevzo8exxiia17altfw8ic,W. Goes,65.205,3.944,3,5.0,turnover,False,0.0
2026-03-07_PSV Eindhoven - Alkmaar Zaanstreek,2908447231,1,41,47,3kfktv64h7kg7zryax1wktr5r,Alkmaar Zaanstreek,wuh8s4gfo9ro3nel3rormg44,R. Daal,26.145,27.744,0,0.0,turnover,False,0.0
2026-03-07_PSV Eindhoven - Alkmaar Zaanstreek,2908450283,1,45,10,3kfktv64h7kg7zryax1wktr5r,Alkmaar Zaanstreek,5ylwgfqvaobru2lxqvlhpxul0,E. Dijkstra,62.475,7.140000000000001,1,1.0,turnover,False,0.0
2026-03-07_PSV Eindhoven - Alkmaar Zaanstreek,2908467119,2,47,15,3kfktv64h7kg7zryax1wktr5r,Alkmaar Zaanstreek,5ylwgfqvaobru2lxqvlhpxul0,E. Dijkstra,35.49,4.896000000000001,2,8.0,window_expired,False,0.0134545428570404
2026-03-07_PSV Eindhoven - Alkmaar Zaanstreek,2908479119,2,57,24,3kfktv64h7kg7zryax1wktr5r,Alkmaar Zaanstreek,5ylwgfqvaobru2lxqvlhpxul0,E. Dijkstra,42.0,6.392,1,0.0,turnover,False,0.0
2026-03-07_PSV Eindhoven - Alkmaar Zaanstreek,2908492001,2,68,59,3kfktv64h7kg7zryax1wktr5r,Alkmaar Zaanstreek,ck3l6a262hves3v6nywarx9pm,Alexandre Penetra,19.635,27.404,0,0.0,turnover,False,0.0
2026-03-07_PSV Eindhoven - Alkmaar Zaanstreek,2908507775,2,85,14,24fvcruwqrqvqa3aonf8c3zuy,PSV Eindhoven,2gsq05yyxwe4f8t79j6d49q6t,I. Perišić,42.42,54.944,5,7.0,window_expired,False,0.00036399942218266225
2026-03-07_PSV Eindhoven - Alkmaar Zaanstreek,2908515461,2,93,42,3kfktv64h7kg7zryax1wktr5r,Alkmaar Zaanstreek,9lixevzo8exxiia17altfw8ic,W. Goes,23.730000000000004,20.876,3,7.0,turnover,False,1.6951244408799915e-05
2026-03-07_SBV Excelsior - SC Heerenveen,2908460897,1,0,14,dqk062lu0vm8epvytbm6r4mmf,SBV Excelsior,aeqj9ogm0dntus0wl352w9z6y,C. Widell,60.165,18.224,0,0.0,turnover,False,0.0
2026-03-07_SBV Excelsior - SC Heerenveen,2908463745,1,3,44,4vd2t5schmvvufrfib7f2vjdf,SC Heerenveen,8jm8a7w3a5b5nzikcom7cvf2s,M. Willemsen,58.065,25.432000000000002,5,3.0,turnover,False,0.008003407604434
2026-03-07_SBV Excelsior - SC Heerenveen,2908466793,1,6,31,4vd2t5schmvvufrfib7f2vjdf,SC Heerenveen,b5sf6wcogrvlwuwbd8xsyyfh1,J. van Overeem,14.490000000000002,48.21200000000001,1,2.0,turnover,False,0.0
2026-03-07_SBV Excelsior - SC Heerenveen,2908470127,1,9,15,4vd2t5schmvvufrfib7f2vjdf,SC Heerenveen,eu6pfkiah7otafyryg6ll7y09,L. Brouwers,25.725,6.392,1,0.0,turnover,False,0.0
2026-03-07_SBV Excelsior - SC Heerenveen,2908475897,1,14,11,4vd2t5schmvvufrfib7f2vjdf,SC Heerenveen,b5sf6wcogrvlwuwbd8xsyyfh1,J. van Overeem,68.67000000000002,65.41600000000001,4,9.0,window_expired,False,0.0
2026-03-07_SBV Excelsior - SC Heerenveen,2908476987,1,15,4,4vd2t5schmvvufrfib7f2vjdf,SC Heerenveen,eu6pfkiah7otafyryg6ll7y09,L. Brouwers,24.255000000000003,34.68,0,0.0,turnover,False,0.0
2026-03-07_SBV Excelsior - SC Heerenveen,2908493281,1,29,55,4vd2t5schmvvufrfib7f2vjdf,SC Heerenveen,b5sf6wcogrvlwuwbd8xsyyfh1,J. van Overeem,59.115,12.444,0,0.0,turnover,False,0.0
2026-03-07_SBV Excelsior - SC Heerenveen,2908499767,1,36,38,dqk062lu0vm8epvytbm6r4mmf,SBV Excelsior,c6i4usq34m3389rtbqptahrai,R. Meissen,27.195,44.948,3,10.0,window_expired,False,0.22923674632206179
2026-03-07_SBV Excelsior - SC Heerenveen,2908502041,1,39,8,4vd2t5schmvvufrfib7f2vjdf,SC Heerenveen,9najgqcaamqj0qtiicuq9hey,R. Meerveld,54.81,26.588000000000005,1,1.0,turnover,False,0.0
2026-03-07_SBV Excelsior - SC Heerenveen,2908505755,1,42,40,4vd2t5schmvvufrfib7f2vjdf,SC Heerenveen,b5sf6wcogrvlwuwbd8xsyyfh1,J. van Overeem,44.52,63.580000000000005,1,0.0,turnover,False,0.0
2026-03-07_SBV Excelsior - SC Heerenveen,2908523495,2,46,24,dqk062lu0vm8epvytbm6r4mmf,SBV Excelsior,cs49ec8y6cubrlo5nmu3j3jtg,L. Schouten,25.935,17.0,4,7.0,turnover,False,0.0008242912326551
2026-03-07_SBV Excelsior - SC Heerenveen,2908524205,2,47,24,dqk062lu0vm8epvytbm6r4mmf,SBV Excelsior,aeqj9ogm0dntus0wl352w9z6y,C. Widell,49.245,36.176,3,6.0,window_expired,False,2.753542981140389e-06
2026-03-07_SBV Excelsior - SC Heerenveen,2908534383,2,59,46,dqk062lu0vm8epvytbm6r4mmf,SBV Excelsior,cs49ec8y6cubrlo5nmu3j3jtg,L. Schouten,79.69500000000001,6.596,1,1.0,turnover,False,0.0
2026-03-07_SBV Excelsior - SC Heerenveen,2908535141,2,60,40,dqk062lu0vm8epvytbm6r4mmf,SBV Excelsior,aeqj9ogm0dntus0wl352w9z6y,C. Widell,55.755,29.784,1,2.0,turnover,False,0.0
2026-03-07_SBV Excelsior - SC Heerenveen,2908541249,2,68,49,dqk062lu0vm8epvytbm6r4mmf,SBV Excelsior,5pg02unrm16jaa8vt5ego9z6y,S. Janssen,55.964999999999996,49.844,0,0.0,turnover,False,0.0
2026-03-07_SBV Excelsior - SC Heerenveen,2908546595,2,75,56,4vd2t5schmvvufrfib7f2vjdf,SC Heerenveen,ar7llmzju08n8yrqu8xm1thck,O. Braude,30.975,4.828,0,0.0,turnover,False,0.0
2026-03-07_SBV Excelsior - SC Heerenveen,2908556043,2,89,23,4vd2t5schmvvufrfib7f2vjdf,SC Heerenveen,b5sf6wcogrvlwuwbd8xsyyfh1,J. van Overeem,69.92999999999999,62.220000000000006,0,0.0,turnover,False,0.0
2026-03-08_Fortuna Sittard - SC Telstar,2908884177,1,0,23,3ebril33e08ddzob4bhq8awsr,Fortuna Sittard,dsh8ta4q6v5ews2e19p9xh6y2,J. Hubner,15.540000000000001,49.028,0,0.0,turnover,False,0.0
2026-03-08_Fortuna Sittard - SC Telstar,2908900591,1,23,26,3ebril33e08ddzob4bhq8awsr,Fortuna Sittard,bnkzwpd607re6s01oa77wcodm,J. Dahlhaus,22.680000000000003,49.164,2,4.0,turnover,False,0.0
2026-03-08_Fortuna Sittard - SC Telstar,2908905917,1,32,31,3ebril33e08ddzob4bhq8awsr,Fortuna Sittard,570htztcvfsu947xw6fvtzmc5,Iván Márquez,23.205000000000002,31.552,0,0.0,turnover,False,0.0
2026-03-08_Fortuna Sittard - SC Telstar,2908911073,1,36,54,3ebril33e08ddzob4bhq8awsr,Fortuna Sittard,7b4jmfu1ejoeci2zmvwuejnys,P. Brittijn,42.21000000000001,17.0,0,0.0,turnover,False,0.0
2026-03-08_Fortuna Sittard - SC Telstar,2908914435,1,39,47,zjawy6qdzk3y69v5pa3zl2cb,SC Telstar,y1ky8sp8scl05mmfr7byy3md,J. Hardeveld,21.419999999999998,44.948,3,3.0,turnover,False,0.0
2026-03-08_Fortuna Sittard - SC Telstar,2908947133,2,54,34,zjawy6qdzk3y69v5pa3zl2cb,SC Telstar,8p3x0sm735fru6nthc87pjrbo,Neville Ogidi Nwankwo,69.19500000000001,5.372000000000001,2,3.0,turnover,False,0.0
2026-03-08_Fortuna Sittard - SC Telstar,2908947217,2,54,38,3ebril33e08ddzob4bhq8awsr,Fortuna Sittard,bnkzwpd607re6s01oa77wcodm,J. Dahlhaus,16.59,62.424,0,0.0,turnover,False,0.0
2026-03-08_Fortuna Sittard - SC Telstar,2908948239,2,55,32,3ebril33e08ddzob4bhq8awsr,Fortuna Sittard,2fbolmn7pyvn5oto4zoeqguwa,N. Kasanwirjo,59.325,16.116,3,8.0,window_expired,False,0.0
2026-03-08_Fortuna Sittard - SC Telstar,2908956529,2,70,10,3ebril33e08ddzob4bhq8awsr,Fortuna Sittard,2fbolmn7pyvn5oto4zoeqguwa,N. Kasanwirjo,73.5,4.760000000000001,4,4.0,turnover,False,0.0
2026-03-08_Fortuna Sittard - SC Telstar,2908957917,2,72,35,3ebril33e08ddzob4bhq8awsr,Fortuna Sittard,bnkzwpd607re6s01oa77wcodm,J. Dahlhaus,9.870000000000001,61.132000000000005,1,0.0,window_expired,False,0.0
2026-03-08_Fortuna Sittard - SC Telstar,2908966089,2,82,12,3ebril33e08ddzob4bhq8awsr,Fortuna Sittard,5ghvrbmlh0tqos9iohj8f7zzd,K. Sierhuis,65.31,14.008000000000003,0,0.0,turnover,False,0.0
2026-03-08_Fortuna Sittard - SC Telstar,2908969793,2,86,0,3ebril33e08ddzob4bhq8awsr,Fortuna Sittard,b23be312oxcbusvpjnnriukq2,Y. Oukili,45.675000000000004,42.568000000000005,1,1.0,turnover,False,0.0
2026-03-08_Go Ahead Eagles - FC Twente,2908883755,1,0,38,b79uipsy57y1jqpy07h4i5ovk,Go Ahead Eagles,d8cxurdt9g5gezqlfwae7ooru,M. Meulensteen,46.30500000000001,15.368000000000002,0,0.0,turnover,False,0.0
2026-03-08_Go Ahead Eagles - FC Twente,2908895379,1,15,50,4tic29sox7m39fy1ztgv0jsiq,FC Twente,9nix5y8xcj34ps62r34udtqwa,K. Hlynsson,55.650000000000006,14.892,3,10.0,window_expired,False,0.000104300940994
2026-03-08_Go Ahead Eagles - FC Twente,2908897709,1,19,20,b79uipsy57y1jqpy07h4i5ovk,Go Ahead Eagles,d8cxurdt9g5gezqlfwae7ooru,M. Meulensteen,83.16000000000001,5.576,1,2.0,turnover,False,0.0
2026-03-08_Go Ahead Eagles - FC Twente,2908907621,1,35,8,4tic29sox7m39fy1ztgv0jsiq,FC Twente,5r47vtvu418kae5j2rpv6w2dw,M. Rots,19.425,61.404,0,0.0,turnover,False,0.0
2026-03-08_Go Ahead Eagles - FC Twente,2908917301,1,43,28,4tic29sox7m39fy1ztgv0jsiq,FC Twente,a339o11ut8s1o9odm6ybc4pka,T. van den Belt,86.73,55.556000000000004,2,2.0,turnover,False,0.0
2026-03-08_Go Ahead Eagles - FC Twente,2908919815,1,45,31,4tic29sox7m39fy1ztgv0jsiq,FC Twente,5m8pflpgynidzk7d9507oujje,D. Rots,72.135,13.260000000000002,0,0.0,turnover,False,0.0
2026-03-08_Go Ahead Eagles - FC Twente,2908935937,2,45,47,b79uipsy57y1jqpy07h4i5ovk,Go Ahead Eagles,eytcfp4cu6qkar65kf0p5rm96,J. Dirksen,25.305000000000003,38.964,2,3.0,turnover,False,0.0002008362618726
2026-03-08_Go Ahead Eagles - FC Twente,2908938597,2,48,45,4tic29sox7m39fy1ztgv0jsiq,FC Twente,a339o11ut8s1o9odm6ybc4pka,T. van den Belt,45.045,48.75600000000001,0,0.0,turnover,False,0.0
2026-03-08_Go Ahead Eagles - FC Twente,2908939193,2,49,24,b79uipsy57y1jqpy07h4i5ovk,Go Ahead Eagles,eytcfp4cu6qkar65kf0p5rm96,J. Dirksen,15.75,23.664,0,0.0,turnover,False,0.0
2026-03-08_Go Ahead Eagles - FC Twente,2908947745,2,58,16,4tic29sox7m39fy1ztgv0jsiq,FC Twente,a339o11ut8s1o9odm6ybc4pka,T. van den Belt,34.65,56.78,3,2.0,turnover,False,0.0
2026-03-08_Go Ahead Eagles - FC Twente,2908949285,2,59,40,4tic29sox7m39fy1ztgv0jsiq,FC Twente,qobf1v5kwuz6hj2ooixfw4mi,B. van Rooij,13.65,12.036,1,1.0,turnover,False,0.0
2026-03-08_Go Ahead Eagles - FC Twente,2908966419,2,85,48,b79uipsy57y1jqpy07h4i5ovk,Go Ahead Eagles,bn8dwm2y9a8i9a10rba3dmm3u,D. James,30.87,45.83200000000001,2,1.0,turnover,False,0.0
2026-03-08_Go Ahead Eagles - FC Twente,2908973223,2,92,54,4tic29sox7m39fy1ztgv0jsiq,FC Twente,5m8pflpgynidzk7d9507oujje,D. Rots,26.669999999999998,25.840000000000003,1,1.0,turnover,False,0.0
2026-03-08_Go Ahead Eagles - FC Twente,2908973911,2,93,38,4tic29sox7m39fy1ztgv0jsiq,FC Twente,lduqoe45t2fnbn9s9rbvlnf9,R. Pröpper,42.525,40.120000000000005,0,0.0,turnover,False,0.0
2026-03-08_Go Ahead Eagles - FC Twente,2908974129,2,93,51,b79uipsy57y1jqpy07h4i5ovk,Go Ahead Eagles,1rmox6tf7r283dca2vi844kr8,A. Adelgaard,14.595,18.292,2,5.0,turnover,False,5.226869595555128e-05
2026-03-08_NAC Breda - Feyenoord Rotterdam,2908995213,1,1,46,20vymiy7bo8wkyxai3ew494fz,Feyenoord Rotterdam,29fr98or3mqippn84z3p9ihhw,L. Valente,54.915,41.004,4,10.0,window_expired,False,0.0014804774957916
2026-03-08_NAC Breda - Feyenoord Rotterdam,2909397559,1,16,3,20vymiy7bo8wkyxai3ew494fz,Feyenoord Rotterdam,bwxn7o8ved1xo5bmfkfgzekiy,J. Bos,63.63,63.308,0,0.0,turnover,False,0.0
2026-03-08_NAC Breda - Feyenoord Rotterdam,2909008817,1,20,41,20vymiy7bo8wkyxai3ew494fz,Feyenoord Rotterdam,e9l5r0txzrjbenli05rn3k4wl,R. Sterling,36.435,53.38,0,0.0,turnover,False,0.0
2026-03-08_NAC Breda - Feyenoord Rotterdam,2909010923,1,23,1,59t7flioj4w4mpwnrwbm0m8ck,NAC Breda,a3m4r77behilkcznll07b7d1x,C. Leemans,30.66,46.784,4,7.0,window_expired,False,0.00018956421764954046
2026-03-08_NAC Breda - Feyenoord Rotterdam,2909011049,1,23,13,20vymiy7bo8wkyxai3ew494fz,Feyenoord Rotterdam,dwyl0yii553i57u7azfa7d15g,A. Hadj Moussa,39.165,7.548,5,9.0,window_expired,False,0.0003001458074425
2026-03-08_NAC Breda - Feyenoord Rotterdam,2909013765,1,26,29,59t7flioj4w4mpwnrwbm0m8ck,NAC Breda,3c2wqlde0kovi9hii52egaimt,L. Holtby,31.395,29.648000000000003,4,6.0,window_expired,False,0.00016267904152846816
2026-03-08_NAC Breda - Feyenoord Rotterdam,2909014799,1,27,43,20vymiy7bo8wkyxai3ew494fz,Feyenoord Rotterdam,6fdwd71dx2qu7uzzs3ozm9x7u,T. Watanabe,55.125,10.200000000000001,0,0.0,turnover,False,0.0
2026-03-08_NAC Breda - Feyenoord Rotterdam,2909019059,1,32,13,20vymiy7bo8wkyxai3ew494fz,Feyenoord Rotterdam,447abno2j0ux8fsxzs6fel7th,A. Ahmedhodžić,10.185,50.728,2,1.0,turnover,False,0.0
2026-03-08_NAC Breda - Feyenoord Rotterdam,2909021263,1,34,41,20vymiy7bo8wkyxai3ew494fz,Feyenoord Rotterdam,447abno2j0ux8fsxzs6fel7th,A. Ahmedhodžić,36.96000000000001,43.452000000000005,4,8.0,turnover,False,0.0
2026-03-08_NAC Breda - Feyenoord Rotterdam,2909021519,1,34,57,59t7flioj4w4mpwnrwbm0m8ck,NAC Breda,4f8xb5sbyksacxmifi375h7qi,K. Sowah,45.045,47.668,0,0.0,turnover,False,0.0
2026-03-08_NAC Breda - Feyenoord Rotterdam,2909065195,2,60,57,59t7flioj4w4mpwnrwbm0m8ck,NAC Breda,a3m4r77behilkcznll07b7d1x,C. Leemans,8.61,55.284,1,1.0,turnover,False,0.0
2026-03-08_NAC Breda - Feyenoord Rotterdam,2909071457,2,66,42,20vymiy7bo8wkyxai3ew494fz,Feyenoord Rotterdam,43ib46nh45n9oajf5rmaz4f6x,Hwang In-Beom,36.96000000000001,21.012,2,5.0,turnover,False,0.0
2026-03-08_NAC Breda - Feyenoord Rotterdam,2909072991,2,68,18,20vymiy7bo8wkyxai3ew494fz,Feyenoord Rotterdam,bwxn7o8ved1xo5bmfkfgzekiy,J. Bos,17.115000000000002,56.03200000000001,4,5.0,turnover,False,3.9647082109642295e-05
2026-03-08_NAC Breda - Feyenoord Rotterdam,2909073093,2,68,24,59t7flioj4w4mpwnrwbm0m8ck,NAC Breda,37c696bwovmn1x8lc8z4wp53o,C. Valerius,70.665,3.74,1,1.0,turnover,False,0.0
2026-03-08_NAC Breda - Feyenoord Rotterdam,2909077089,2,72,10,59t7flioj4w4mpwnrwbm0m8ck,NAC Breda,4f8xb5sbyksacxmifi375h7qi,K. Sowah,48.72,40.596000000000004,2,3.0,turnover,False,0.0
2026-03-08_NAC Breda - Feyenoord Rotterdam,2909078143,2,73,18,59t7flioj4w4mpwnrwbm0m8ck,NAC Breda,64x38pccgfsuz4ywoveh2ksbu,L. Greiml,22.365000000000002,34.748000000000005,2,4.0,turnover,False,0.0
2026-03-08_NAC Breda - Feyenoord Rotterdam,2909081873,2,77,11,20vymiy7bo8wkyxai3ew494fz,Feyenoord Rotterdam,9d4ald4f0m2imaastzen4j8mi,O. Targhalline,33.915,54.808,2,2.0,turnover,False,0.0
2026-03-08_NAC Breda - Feyenoord Rotterdam,2909083573,2,78,54,20vymiy7bo8wkyxai3ew494fz,Feyenoord Rotterdam,9d4ald4f0m2imaastzen4j8mi,O. Targhalline,67.62,35.632000000000005,0,0.0,turnover,False,0.0
2026-03-08_NAC Breda - Feyenoord Rotterdam,2909096233,2,91,6,20vymiy7bo8wkyxai3ew494fz,Feyenoord Rotterdam,447abno2j0ux8fsxzs6fel7th,A. Ahmedhodžić,21.525000000000002,22.508000000000003,3,3.0,turnover,False,0.000576135244086
2026-03-08_NAC Breda - Feyenoord Rotterdam,2909098115,2,92,52,59t7flioj4w4mpwnrwbm0m8ck,NAC Breda,8z4wdv767cv7ddqgrkz5txsrt,B. Kemper,32.025,61.88,3,5.0,turnover,False,0.0026417989694247
2026-03-08_NAC Breda - Feyenoord Rotterdam,2909098603,2,93,18,59t7flioj4w4mpwnrwbm0m8ck,NAC Breda,bgzvhtk50gvmq6noheadmc34l,D. Odoi,29.61,11.016,2,3.0,turnover,False,0.0
2026-03-08_NAC Breda - Feyenoord Rotterdam,2909104785,2,98,32,20vymiy7bo8wkyxai3ew494fz,Feyenoord Rotterdam,9d4ald4f0m2imaastzen4j8mi,O. Targhalline,30.555000000000003,53.584,0,0.0,turnover,False,0.0
2026-03-08_Nijmegen Eendracht Combinatie - FC Volendam,2909374281,1,0,16,6g9qrm72224jrk6tkxxxi8a9n,FC Volendam,dej8tywq0npvbm25sfgtqur1m,O. Kökçü,31.080000000000002,54.67200000000001,2,3.0,turnover,False,0.0
2026-03-08_Nijmegen Eendracht Combinatie - FC Volendam,2909159935,1,0,57,8iawijq7s9s6d85mjz8wdslki,Nijmegen Eendracht Combinatie,913pg8qqcjp99h5fjybbenob9,P. Sandler,42.21000000000001,15.3,1,1.0,turnover,False,0.0
2026-03-08_Nijmegen Eendracht Combinatie - FC Volendam,2909375509,1,6,20,8iawijq7s9s6d85mjz8wdslki,Nijmegen Eendracht Combinatie,8gde39dg3u3kqhd8pa2mdcn2t,T. Chery,64.05,9.860000000000001,5,9.0,window_expired,False,0.0033730757732479
2026-03-08_Nijmegen Eendracht Combinatie - FC Volendam,2909167315,1,11,13,6g9qrm72224jrk6tkxxxi8a9n,FC Volendam,9bgq1tfyfzc3wg9pfr8q510k4,D. Kwakman,34.964999999999996,6.800000000000001,3,7.0,window_expired,False,0.0001078124436665
2026-03-08_Nijmegen Eendracht Combinatie - FC Volendam,2909168111,1,12,14,6g9qrm72224jrk6tkxxxi8a9n,FC Volendam,eu901b75l2ly5p48jdw6kwmad,M. Amevor,15.75,16.32,1,1.0,turnover,False,0.0
2026-03-08_Nijmegen Eendracht Combinatie - FC Volendam,2909170115,1,15,6,6g9qrm72224jrk6tkxxxi8a9n,FC Volendam,dej8tywq0npvbm25sfgtqur1m,O. Kökçü,23.31,36.584,3,5.0,turnover,False,0.0
2026-03-08_Nijmegen Eendracht Combinatie - FC Volendam,2909171623,1,17,3,8iawijq7s9s6d85mjz8wdslki,Nijmegen Eendracht Combinatie,4pqi5vt820333t5zsj2refc2d,B. Linssen,33.6,26.044,4,8.0,window_expired,False,0.0013423438889754
2026-03-08_Nijmegen Eendracht Combinatie - FC Volendam,2909171741,1,17,16,6g9qrm72224jrk6tkxxxi8a9n,FC Volendam,28rtnolu3a2au3on0jtwzhu6s,P. Ugwu,8.295,15.98,1,1.0,turnover,False,0.0
2026-03-08_Nijmegen Eendracht Combinatie - FC Volendam,2909174569,1,21,14,8iawijq7s9s6d85mjz8wdslki,Nijmegen Eendracht Combinatie,1gl82ymzh9vpitix6v645awa,D. Nejašmić,56.07,16.388,1,1.0,turnover,False,0.0
2026-03-08_Nijmegen Eendracht Combinatie - FC Volendam,2909176217,1,23,38,6g9qrm72224jrk6tkxxxi8a9n,FC Volendam,3dc82sro077by40u3qdmhw0r9,B. Ould-Chikh,25.62,25.364,1,1.0,turnover,False,0.0
2026-03-08_Nijmegen Eendracht Combinatie - FC Volendam,2909190149,1,46,56,8iawijq7s9s6d85mjz8wdslki,Nijmegen Eendracht Combinatie,dse071e8zbzm8l37m64g6e1p0,K. Sano,40.11000000000001,54.400000000000006,0,0.0,turnover,False,0.0
2026-03-08_Nijmegen Eendracht Combinatie - FC Volendam,2909202375,2,50,22,6g9qrm72224jrk6tkxxxi8a9n,FC Volendam,4utx4h5jz14whtjawxn7ox0r8,N. Verschuren,6.300000000000001,34.272,1,1.0,turnover,False,0.0
2026-03-08_Nijmegen Eendracht Combinatie - FC Volendam,2909206315,2,55,33,6g9qrm72224jrk6tkxxxi8a9n,FC Volendam,4utx4h5jz14whtjawxn7ox0r8,N. Verschuren,36.855000000000004,65.89200000000001,1,1.0,turnover,False,0.0
2026-03-08_Nijmegen Eendracht Combinatie - FC Volendam,2909222345,2,78,8,6g9qrm72224jrk6tkxxxi8a9n,FC Volendam,64kb0lmkr24rmh59hb01m268k,R. van Cruijsen,33.705000000000005,12.376000000000001,2,1.0,turnover,False,0.0
2026-03-08_Nijmegen Eendracht Combinatie - FC Volendam,2909222873,2,78,52,8iawijq7s9s6d85mjz8wdslki,Nijmegen Eendracht Combinatie,dse071e8zbzm8l37m64g6e1p0,K. Sano,62.79,48.144,4,10.0,window_expired,False,0.0005623772823414
2026-03-08_Nijmegen Eendracht Combinatie - FC Volendam,2909224221,2,80,55,8iawijq7s9s6d85mjz8wdslki,Nijmegen Eendracht Combinatie,4j5hfebi948ggjwexpndrub1m,Danilo,27.51,48.620000000000005,0,0.0,turnover,False,0.0
2026-03-08_Nijmegen Eendracht Combinatie - FC Volendam,2909226583,2,83,57,6g9qrm72224jrk6tkxxxi8a9n,FC Volendam,4utx4h5jz14whtjawxn7ox0r8,N. Verschuren,14.490000000000002,51.068,0,0.0,turnover,False,0.0
2026-03-08_Nijmegen Eendracht Combinatie - FC Volendam,2909229645,2,88,6,8iawijq7s9s6d85mjz8wdslki,Nijmegen Eendracht Combinatie,dse071e8zbzm8l37m64g6e1p0,K. Sano,49.77,54.196000000000005,2,3.0,turnover,False,0.0
2026-03-08_Nijmegen Eendracht Combinatie - FC Volendam,2909229731,2,88,13,6g9qrm72224jrk6tkxxxi8a9n,FC Volendam,eu901b75l2ly5p48jdw6kwmad,M. Amevor,13.334999999999999,26.316000000000003,1,0.0,turnover,False,0.0
2026-03-08_Nijmegen Eendracht Combinatie - FC Volendam,2909230983,2,90,3,8iawijq7s9s6d85mjz8wdslki,Nijmegen Eendracht Combinatie,ac3lkaa1lkbsa82tfylq5zcb8,N. Lebreton,76.125,62.016000000000005,0,0.0,turnover,False,0.0
2026-03-08_Nijmegen Eendracht Combinatie - FC Volendam,2909231275,2,90,32,6g9qrm72224jrk6tkxxxi8a9n,FC Volendam,4utx4h5jz14whtjawxn7ox0r8,N. Verschuren,33.39,27.200000000000003,0,0.0,turnover,False,0.0
2026-03-08_Sparta Rotterdam - PEC Zwolle,2908817659,1,0,17,2uuh2bir8ktof0uxfo06lb4ox,PEC Zwolle,1rd0zzpp3dn0y7qtxwc57g7h1,R. Thomas,20.895,5.168,0,0.0,turnover,False,0.0
2026-03-08_Sparta Rotterdam - PEC Zwolle,2908818421,1,2,39,89w5c6pw7vn0dxypi61tt0g4k,Sparta Rotterdam,29q4j9r2lgdsdkkq2fgh8l7o4,Ayoni Santos,7.875,57.732000000000006,3,3.0,turnover,False,0.0
2026-03-08_Sparta Rotterdam - PEC Zwolle,2908821847,1,14,40,2uuh2bir8ktof0uxfo06lb4ox,PEC Zwolle,d5g7rl9a83vu3cyyzvu5yveqy,A. MacNulty,16.905,44.540000000000006,0,0.0,turnover,False,0.0
2026-03-08_Sparta Rotterdam - PEC Zwolle,2908823685,1,20,7,2uuh2bir8ktof0uxfo06lb4ox,PEC Zwolle,4mhahoh3a6rir882ug9hdb5nu,T. Velthuis,49.980000000000004,25.16,2,4.0,turnover,False,0.0
2026-03-08_Sparta Rotterdam - PEC Zwolle,2908827229,1,29,11,89w5c6pw7vn0dxypi61tt0g4k,Sparta Rotterdam,f57vs3qmmob743hdk2dxf56cq,S. Sambo,59.115,11.764000000000001,2,2.0,turnover,False,0.0
2026-03-08_Sparta Rotterdam - PEC Zwolle,2908828319,1,32,15,2uuh2bir8ktof0uxfo06lb4ox,PEC Zwolle,1rd0zzpp3dn0y7qtxwc57g7h1,R. Thomas,27.930000000000003,41.344,0,0.0,turnover,False,0.0
2026-03-08_Sparta Rotterdam - PEC Zwolle,2908829201,1,34,55,2uuh2bir8ktof0uxfo06lb4ox,PEC Zwolle,684nd3xjli51z43pbla0mwa21,T. Oosting,53.550000000000004,29.376000000000005,2,2.0,turnover,False,0.0
2026-03-08_Sparta Rotterdam - PEC Zwolle,2908829773,1,36,45,89w5c6pw7vn0dxypi61tt0g4k,Sparta Rotterdam,byirjks50zw1eefkcy8p4hd5h,B. Martins Indi,16.905,5.032000000000001,1,0.0,turnover,False,0.0
2026-03-08_Sparta Rotterdam - PEC Zwolle,2908842677,2,51,45,89w5c6pw7vn0dxypi61tt0g4k,Sparta Rotterdam,f57vs3qmmob743hdk2dxf56cq,S. Sambo,63.839999999999996,2.788,1,1.0,turnover,False,0.0
2026-03-08_Sparta Rotterdam - PEC Zwolle,2908846087,2,59,12,2uuh2bir8ktof0uxfo06lb4ox,PEC Zwolle,4phgw75cred5p93hjq8hiou6t,S. Floranus,41.895,59.228,3,8.0,turnover,True,0.0
2026-03-08_Sparta Rotterdam - PEC Zwolle,2908847883,2,62,22,2uuh2bir8ktof0uxfo06lb4ox,PEC Zwolle,1rd0zzpp3dn0y7qtxwc57g7h1,R. Thomas,6.09,19.856,2,9.0,window_expired,False,0.0
2026-03-08_Sparta Rotterdam - PEC Zwolle,2908850475,2,66,20,2uuh2bir8ktof0uxfo06lb4ox,PEC Zwolle,4phgw75cred5p93hjq8hiou6t,S. Floranus,44.1,63.580000000000005,2,2.0,turnover,False,0.0
2026-03-08_Sparta Rotterdam - PEC Zwolle,2908852897,2,69,49,2uuh2bir8ktof0uxfo06lb4ox,PEC Zwolle,d29ahwtvs7ls75wdtkf7xr8tm,Z. Buurmeester,39.480000000000004,42.84,2,6.0,window_expired,False,0.003909215772775248
2026-03-08_Sparta Rotterdam - PEC Zwolle,2908853785,2,71,19,2uuh2bir8ktof0uxfo06lb4ox,PEC Zwolle,a7vlgirln231n3dqjhb72o0es,O. Aertssen,79.69500000000001,5.236000000000001,0,0.0,turnover,False,0.0
2026-03-08_Sparta Rotterdam - PEC Zwolle,2908856353,2,75,11,2uuh2bir8ktof0uxfo06lb4ox,PEC Zwolle,684nd3xjli51z43pbla0mwa21,T. Oosting,57.75,7.888,2,2.0,turnover,False,0.0
2026-03-08_Sparta Rotterdam - PEC Zwolle,2908859189,2,81,9,2uuh2bir8ktof0uxfo06lb4ox,PEC Zwolle,1rd0zzpp3dn0y7qtxwc57g7h1,R. Thomas,41.055,42.160000000000004,0,0.0,turnover,False,0.0
2026-03-08_Sparta Rotterdam - PEC Zwolle,2908859801,2,82,16,89w5c6pw7vn0dxypi61tt0g4k,Sparta Rotterdam,9lctm8txbd4n87mk61lwa0rf9,S. Bakari,22.785,19.380000000000003,0,0.0,turnover,False,0.0
2026-03-08_Sparta Rotterdam - PEC Zwolle,2908862351,2,87,24,2uuh2bir8ktof0uxfo06lb4ox,PEC Zwolle,dficbkp6sp4kw7xihaxneozpx,Y. Namli,25.200000000000003,5.236000000000001,2,1.0,turnover,False,0.0
2026-03-08_Sparta Rotterdam - PEC Zwolle,2908862361,2,87,26,89w5c6pw7vn0dxypi61tt0g4k,Sparta Rotterdam,6yush35gfp1sgyyzicye73rp,P. van Aanholt,73.815,53.720000000000006,0,0.0,turnover,False,0.0
2026-03-13_PEC Zwolle - FC Groningen,2910581233,1,0,30,cos9hxi16eitbcbthof7zrm4m,FC Groningen,1c4fzmrwmlwaqmqomge14rqc4,D. Janse,40.005,61.2,1,1.0,turnover,False,0.0
2026-03-13_PEC Zwolle - FC Groningen,2910584453,1,3,3,cos9hxi16eitbcbthof7zrm4m,FC Groningen,9wwud2tglhtdocmjgl2u5ib6c,T. Blokzijl,27.930000000000003,11.628000000000002,0,0.0,turnover,False,0.0
2026-03-13_PEC Zwolle - FC Groningen,2910584559,1,3,9,cos9hxi16eitbcbthof7zrm4m,FC Groningen,98qi4clazqen9kimkxt3jb6j9,M. Peersman,16.695,51.68000000000001,0,0.0,turnover,False,0.0
2026-03-13_PEC Zwolle - FC Groningen,2910585759,1,4,9,cos9hxi16eitbcbthof7zrm4m,FC Groningen,4dk7h575fifmw2lhslevhmhux,M. Rente,43.575,25.704,3,4.0,turnover,False,0.0
2026-03-13_PEC Zwolle - FC Groningen,2910909039,1,5,48,2uuh2bir8ktof0uxfo06lb4ox,PEC Zwolle,9ugpnnovqttl8lguv7wdyiezu,S. Graves,53.550000000000004,48.824,0,0.0,turnover,False,0.0
2026-03-13_PEC Zwolle - FC Groningen,2910593809,1,10,40,2uuh2bir8ktof0uxfo06lb4ox,PEC Zwolle,9ugpnnovqttl8lguv7wdyiezu,S. Graves,31.71,38.556000000000004,2,1.0,turnover,False,0.0
2026-03-13_PEC Zwolle - FC Groningen,2910594883,1,11,29,2uuh2bir8ktof0uxfo06lb4ox,PEC Zwolle,awsbedog2zaz7zpjucbcba82y,S. Shoretire,18.900000000000002,55.556000000000004,0,0.0,turnover,False,0.0
2026-03-13_PEC Zwolle - FC Groningen,2910600269,1,15,46,2uuh2bir8ktof0uxfo06lb4ox,PEC Zwolle,awsbedog2zaz7zpjucbcba82y,S. Shoretire,96.075,34.952,0,0.0,turnover,False,0.0
2026-03-13_PEC Zwolle - FC Groningen,2910608177,1,22,33,cos9hxi16eitbcbthof7zrm4m,FC Groningen,1c4fzmrwmlwaqmqomge14rqc4,D. Janse,36.75,60.79200000000001,3,9.0,turnover,True,0.0
2026-03-13_PEC Zwolle - FC Groningen,2910610579,1,24,52,cos9hxi16eitbcbthof7zrm4m,FC Groningen,bm3k1knugkwa8z319dscr2yhg,T. Hernes,39.27,60.86000000000001,2,2.0,turnover,False,0.0
2026-03-13_PEC Zwolle - FC Groningen,2910616341,1,30,24,cos9hxi16eitbcbthof7zrm4m,FC Groningen,4dk7h575fifmw2lhslevhmhux,M. Rente,66.78,7.208,1,1.0,turnover,False,0.0
2026-03-13_PEC Zwolle - FC Groningen,2910624551,1,36,34,cos9hxi16eitbcbthof7zrm4m,FC Groningen,ei9h1loyggj8fnf1q4jfdm710,T. van Bergen,28.455000000000002,8.772,0,0.0,turnover,False,0.0
2026-03-13_PEC Zwolle - FC Groningen,2910625027,1,36,58,cos9hxi16eitbcbthof7zrm4m,FC Groningen,1nk0hcaa9o4jnyxc9ndz1lams,D. van der Werff,28.455000000000002,3.2640000000000002,1,0.0,turnover,False,0.0
2026-03-13_PEC Zwolle - FC Groningen,2910632491,1,42,23,2uuh2bir8ktof0uxfo06lb4ox,PEC Zwolle,awsbedog2zaz7zpjucbcba82y,S. Shoretire,39.06,54.196000000000005,2,4.0,turnover,False,0.0
2026-03-13_PEC Zwolle - FC Groningen,2910669865,2,55,7,2uuh2bir8ktof0uxfo06lb4ox,PEC Zwolle,awsbedog2zaz7zpjucbcba82y,S. Shoretire,21.840000000000003,63.71600000000001,0,0.0,turnover,False,0.0
2026-03-13_PEC Zwolle - FC Groningen,2910677549,2,60,10,2uuh2bir8ktof0uxfo06lb4ox,PEC Zwolle,5mqog8k9eyi248jvrrp9fo8wk,N. Fichtinger,20.16,26.996000000000002,0,0.0,turnover,False,0.0
2026-03-13_PEC Zwolle - FC Groningen,2910679569,2,61,37,cos9hxi16eitbcbthof7zrm4m,FC Groningen,bm3k1knugkwa8z319dscr2yhg,T. Hernes,24.990000000000002,57.188,4,7.0,window_expired,False,0.01896328693736891
2026-03-13_PEC Zwolle - FC Groningen,2910682253,2,62,5,2uuh2bir8ktof0uxfo06lb4ox,PEC Zwolle,4mhahoh3a6rir882ug9hdb5nu,T. Velthuis,26.775000000000002,34.748000000000005,2,1.0,turnover,False,0.0
2026-03-13_PEC Zwolle - FC Groningen,2910683089,2,63,49,2uuh2bir8ktof0uxfo06lb4ox,PEC Zwolle,d5g7rl9a83vu3cyyzvu5yveqy,A. MacNulty,40.32,59.364000000000004,0,0.0,turnover,False,0.0
2026-03-13_PEC Zwolle - FC Groningen,2910685845,2,65,33,2uuh2bir8ktof0uxfo06lb4ox,PEC Zwolle,a7vlgirln231n3dqjhb72o0es,O. Aertssen,37.065,4.964,2,5.0,turnover,False,0.0001500654524897
2026-03-13_PEC Zwolle - FC Groningen,2910700279,2,77,30,cos9hxi16eitbcbthof7zrm4m,FC Groningen,f4liap69r76gyc8pnxsergbqi,T. de Jonge,32.025,23.732,2,2.0,turnover,False,0.0
2026-03-13_PEC Zwolle - FC Groningen,2910719921,2,93,55,cos9hxi16eitbcbthof7zrm4m,FC Groningen,3aly8eihwfvtwde7dg0k18w7o,J. Schreuders,5.775,9.248000000000001,3,7.0,turnover,False,0.0
2026-03-14_AFC Ajax - Sparta Rotterdam,2911478641,1,0,10,89w5c6pw7vn0dxypi61tt0g4k,Sparta Rotterdam,1ueqcjuatzazpmz765tru4zdg,L. Martes,36.75,10.88,0,0.0,turnover,False,0.0
2026-03-14_AFC Ajax - Sparta Rotterdam,2911480409,1,3,4,89w5c6pw7vn0dxypi61tt0g4k,Sparta Rotterdam,byirjks50zw1eefkcy8p4hd5h,B. Martins Indi,48.195,23.936000000000003,4,3.0,turnover,False,0.0
2026-03-14_AFC Ajax - Sparta Rotterdam,2911485029,1,8,1,d0zdg647gvgc95xdtk1vpbkys,AFC Ajax,2922aevmtpw4qvcwohmxmqtbd,T. Tomiyasu,31.5,60.99600000000001,0,0.0,turnover,False,0.0
2026-03-14_AFC Ajax - Sparta Rotterdam,2911485473,1,8,27,d0zdg647gvgc95xdtk1vpbkys,AFC Ajax,47l204bkq2qqjhtazusr0019m,Y. Baas,47.67,33.048,4,7.0,window_expired,False,0.00014451850322963478
2026-03-14_AFC Ajax - Sparta Rotterdam,2911509973,1,30,19,d0zdg647gvgc95xdtk1vpbkys,AFC Ajax,brfa9yhy2llgt9l75unddogk,J. Mokio,48.825,41.208000000000006,2,4.0,turnover,False,0.0
2026-03-14_AFC Ajax - Sparta Rotterdam,2911513477,1,33,47,89w5c6pw7vn0dxypi61tt0g4k,Sparta Rotterdam,6ab5gq2owk86qs5zjottfhwmi,T. Quintero,14.805,40.392,2,1.0,turnover,False,0.0
2026-03-14_AFC Ajax - Sparta Rotterdam,2911518849,1,39,10,d0zdg647gvgc95xdtk1vpbkys,AFC Ajax,baakmd4ndnulbl9npvmq90mvp,D. Klaassen,66.15,24.888,0,0.0,turnover,False,0.0
2026-03-14_AFC Ajax - Sparta Rotterdam,2911520525,1,40,45,d0zdg647gvgc95xdtk1vpbkys,AFC Ajax,brfa9yhy2llgt9l75unddogk,J. Mokio,67.515,28.696000000000005,1,3.0,turnover,False,0.0
2026-03-14_AFC Ajax - Sparta Rotterdam,2911523151,1,43,19,89w5c6pw7vn0dxypi61tt0g4k,Sparta Rotterdam,2nwthqvbk70e2qo35dgp35979,V. van Crooij,8.4,24.616000000000003,3,5.0,turnover,False,5.4490498881273886e-05
2026-03-14_AFC Ajax - Sparta Rotterdam,2911955663,1,45,51,89w5c6pw7vn0dxypi61tt0g4k,Sparta Rotterdam,1ueqcjuatzazpmz765tru4zdg,L. Martes,39.27,19.788000000000004,2,6.0,turnover,False,0.0
2026-03-14_AFC Ajax - Sparta Rotterdam,2911539441,2,47,15,d0zdg647gvgc95xdtk1vpbkys,AFC Ajax,9tp35qqu1heburu0g5wa6jv56,Lucas Rosa,50.08500000000001,5.984000000000001,1,0.0,window_expired,False,0.0
2026-03-14_AFC Ajax - Sparta Rotterdam,2911540609,2,49,34,89w5c6pw7vn0dxypi61tt0g4k,Sparta Rotterdam,29q4j9r2lgdsdkkq2fgh8l7o4,Ayoni Santos,39.165,4.284,1,1.0,turnover,False,0.0
2026-03-14_AFC Ajax - Sparta Rotterdam,2911540795,2,49,43,89w5c6pw7vn0dxypi61tt0g4k,Sparta Rotterdam,byirjks50zw1eefkcy8p4hd5h,B. Martins Indi,6.195,25.772000000000002,0,0.0,turnover,False,0.0
2026-03-14_AFC Ajax - Sparta Rotterdam,2911544731,2,55,25,d0zdg647gvgc95xdtk1vpbkys,AFC Ajax,brfa9yhy2llgt9l75unddogk,J. Mokio,71.925,7.616,3,6.0,window_expired,False,0.0
2026-03-14_AFC Ajax - Sparta Rotterdam,2911545409,2,55,51,89w5c6pw7vn0dxypi61tt0g4k,Sparta Rotterdam,byirjks50zw1eefkcy8p4hd5h,B. Martins Indi,13.65,29.784,0,0.0,turnover,False,0.0
2026-03-14_AFC Ajax - Sparta Rotterdam,2911551903,2,66,1,d0zdg647gvgc95xdtk1vpbkys,AFC Ajax,2922aevmtpw4qvcwohmxmqtbd,T. Tomiyasu,42.0,64.328,0,0.0,turnover,False,0.0
2026-03-14_AFC Ajax - Sparta Rotterdam,2911563331,2,80,43,89w5c6pw7vn0dxypi61tt0g4k,Sparta Rotterdam,29q4j9r2lgdsdkkq2fgh8l7o4,Ayoni Santos,57.225,5.168,2,5.0,turnover,False,0.0
2026-03-14_AFC Ajax - Sparta Rotterdam,2911567763,2,85,57,d0zdg647gvgc95xdtk1vpbkys,AFC Ajax,1wse4b1hxu37e7t5ty5ykn7c9,J. Šutalo,26.565,20.468000000000004,2,3.0,window_expired,False,0.0
2026-03-14_AFC Ajax - Sparta Rotterdam,2911571153,2,90,36,89w5c6pw7vn0dxypi61tt0g4k,Sparta Rotterdam,50zbw9cb2gon7eb7w08ndfyms,M. Zonneveld,36.855000000000004,53.516000000000005,1,1.0,turnover,False,0.0
2026-03-14_AFC Ajax - Sparta Rotterdam,2911571359,2,90,57,89w5c6pw7vn0dxypi61tt0g4k,Sparta Rotterdam,5oqqifi0wo6xbjz0xjgwf89re,C. Terho,38.43,6.5280000000000005,2,1.0,turnover,False,0.0
2026-03-14_AFC Ajax - Sparta Rotterdam,2911572383,2,92,36,89w5c6pw7vn0dxypi61tt0g4k,Sparta Rotterdam,6ab5gq2owk86qs5zjottfhwmi,T. Quintero,14.595,65.552,1,0.0,turnover,False,0.0
2026-03-14_AFC Ajax - Sparta Rotterdam,2911572549,2,92,55,d0zdg647gvgc95xdtk1vpbkys,AFC Ajax,9tp35qqu1heburu0g5wa6jv56,Lucas Rosa,44.415,57.46,3,8.0,turnover,False,0.0023056568897506
2026-03-14_FC Volendam - Fortuna Sittard,2911170745,1,0,46,3ebril33e08ddzob4bhq8awsr,Fortuna Sittard,eyzcfyn1crjcgmm98uk9u8oyy,É. Michut,43.365,15.096,0,0.0,turnover,False,0.0
2026-03-14_FC Volendam - Fortuna Sittard,2911175935,1,3,15,3ebril33e08ddzob4bhq8awsr,Fortuna Sittard,dp0q4f4gbj2buhcu1lb5dzxed,Ivo Pinto,27.195,18.360000000000003,2,3.0,window_expired,False,0.0
2026-03-14_FC Volendam - Fortuna Sittard,2911179093,1,4,41,3ebril33e08ddzob4bhq8awsr,Fortuna Sittard,7b4jmfu1ejoeci2zmvwuejnys,P. Brittijn,33.915,27.472,3,9.0,turnover,False,9.100227285896434e-07
2026-03-14_FC Volendam - Fortuna Sittard,2911183677,1,6,42,6g9qrm72224jrk6tkxxxi8a9n,FC Volendam,64kb0lmkr24rmh59hb01m268k,R. van Cruijsen,25.62,8.636000000000001,3,6.0,turnover,False,2.7563880829195586e-07
2026-03-14_FC Volendam - Fortuna Sittard,2911187049,1,8,17,3ebril33e08ddzob4bhq8awsr,Fortuna Sittard,2fbolmn7pyvn5oto4zoeqguwa,N. Kasanwirjo,9.66,20.060000000000002,2,4.0,turnover,False,0.0001777739473714
2026-03-14_FC Volendam - Fortuna Sittard,2911188767,1,9,2,3ebril33e08ddzob4bhq8awsr,Fortuna Sittard,bnkzwpd607re6s01oa77wcodm,J. Dahlhaus,3.1500000000000004,56.168,1,1.0,turnover,False,0.0
2026-03-14_FC Volendam - Fortuna Sittard,2911190311,1,9,43,3ebril33e08ddzob4bhq8awsr,Fortuna Sittard,7b4jmfu1ejoeci2zmvwuejnys,P. Brittijn,55.44,51.61200000000001,2,2.0,turnover,False,0.0
2026-03-14_FC Volendam - Fortuna Sittard,2912049187,1,13,55,3ebril33e08ddzob4bhq8awsr,Fortuna Sittard,570htztcvfsu947xw6fvtzmc5,Iván Márquez,34.33500000000001,53.516000000000005,3,3.0,turnover,False,0.0
2026-03-14_FC Volendam - Fortuna Sittard,2911228279,1,37,28,6g9qrm72224jrk6tkxxxi8a9n,FC Volendam,4utx4h5jz14whtjawxn7ox0r8,N. Verschuren,15.015,33.32,2,2.0,turnover,False,0.0
2026-03-14_FC Volendam - Fortuna Sittard,2911244457,1,45,48,3ebril33e08ddzob4bhq8awsr,Fortuna Sittard,eyzcfyn1crjcgmm98uk9u8oyy,É. Michut,22.155,41.412,3,5.0,turnover,False,0.0
2026-03-14_FC Volendam - Fortuna Sittard,2911279137,2,45,48,3ebril33e08ddzob4bhq8awsr,Fortuna Sittard,bnkzwpd607re6s01oa77wcodm,J. Dahlhaus,32.13,59.29600000000001,1,0.0,turnover,False,0.0
2026-03-14_FC Volendam - Fortuna Sittard,2911288197,2,50,36,3ebril33e08ddzob4bhq8awsr,Fortuna Sittard,eyzcfyn1crjcgmm98uk9u8oyy,É. Michut,32.34,17.952,1,4.0,turnover,False,0.0
2026-03-14_FC Volendam - Fortuna Sittard,2911292201,2,52,40,6g9qrm72224jrk6tkxxxi8a9n,FC Volendam,ealh7n21gctxxw5ol3l3yxzze,Y. Leliendal,9.240000000000002,58.004000000000005,0,0.0,turnover,False,0.0
2026-03-14_FC Volendam - Fortuna Sittard,2911298811,2,56,13,3ebril33e08ddzob4bhq8awsr,Fortuna Sittard,2fbolmn7pyvn5oto4zoeqguwa,N. Kasanwirjo,24.150000000000002,24.548000000000002,2,1.0,turnover,False,0.0
2026-03-14_FC Volendam - Fortuna Sittard,2911311187,2,62,59,3ebril33e08ddzob4bhq8awsr,Fortuna Sittard,2fbolmn7pyvn5oto4zoeqguwa,N. Kasanwirjo,54.81,29.92,0,0.0,turnover,False,0.0
2026-03-14_FC Volendam - Fortuna Sittard,2911318249,2,68,1,6g9qrm72224jrk6tkxxxi8a9n,FC Volendam,89plvrt8pzppcclh4axvii0ru,A. Plat,42.839999999999996,12.920000000000002,0,0.0,turnover,False,0.0
2026-03-14_FC Volendam - Fortuna Sittard,2911320859,2,71,47,6g9qrm72224jrk6tkxxxi8a9n,FC Volendam,89plvrt8pzppcclh4axvii0ru,A. Plat,68.14500000000001,5.916,0,0.0,turnover,False,0.0
2026-03-14_FC Volendam - Fortuna Sittard,2911321195,2,72,19,6g9qrm72224jrk6tkxxxi8a9n,FC Volendam,eu901b75l2ly5p48jdw6kwmad,M. Amevor,49.980000000000004,28.424,1,6.0,window_expired,False,0.0051464680525662
2026-03-14_FC Volendam - Fortuna Sittard,2911335775,2,87,46,6g9qrm72224jrk6tkxxxi8a9n,FC Volendam,89plvrt8pzppcclh4axvii0ru,A. Plat,32.76,42.704,4,8.0,window_expired,False,0.0041473974608371
2026-03-14_FC Volendam - Fortuna Sittard,2911342737,2,94,59,6g9qrm72224jrk6tkxxxi8a9n,FC Volendam,btrg844mxkl6kbn89s7aecj8q,G. Yah,32.025,57.93600000000001,0,0.0,turnover,False,0.0
2026-03-14_PSV Eindhoven - Nijmegen Eendracht Combinatie,2911366521,1,0,53,8iawijq7s9s6d85mjz8wdslki,Nijmegen Eendracht Combinatie,ds0hd4ezvb5rw6l95rhbxtq1g,B. Önal,58.905,59.636,0,0.0,turnover,False,0.0
2026-03-14_PSV Eindhoven - Nijmegen Eendracht Combinatie,2911366909,1,1,14,8iawijq7s9s6d85mjz8wdslki,Nijmegen Eendracht Combinatie,1gl82ymzh9vpitix6v645awa,D. Nejašmić,69.825,47.328,1,1.0,turnover,False,0.0
2026-03-14_PSV Eindhoven - Nijmegen Eendracht Combinatie,2911382271,1,21,4,8iawijq7s9s6d85mjz8wdslki,Nijmegen Eendracht Combinatie,dse071e8zbzm8l37m64g6e1p0,K. Sano,9.66,27.268000000000004,3,3.0,turnover,False,0.0
2026-03-14_PSV Eindhoven - Nijmegen Eendracht Combinatie,2911393647,1,33,1,8iawijq7s9s6d85mjz8wdslki,Nijmegen Eendracht Combinatie,1gl82ymzh9vpitix6v645awa,D. Nejašmić,33.285000000000004,32.43600000000001,3,10.0,window_expired,False,0.0041793549170574
2026-03-14_PSV Eindhoven - Nijmegen Eendracht Combinatie,2911427951,2,54,27,8iawijq7s9s6d85mjz8wdslki,Nijmegen Eendracht Combinatie,b2a5syitl1nb5ky04j7pdq09h,J. Willems,54.18000000000001,9.656,1,1.0,turnover,False,0.0
2026-03-14_PSV Eindhoven - Nijmegen Eendracht Combinatie,2911429473,2,56,11,24fvcruwqrqvqa3aonf8c3zuy,PSV Eindhoven,dxmulnxbs11kpi1goq5hl9cve,A. Salah-Eddine,40.425000000000004,49.368,3,2.0,turnover,False,7.551248782902698e-05
2026-03-14_PSV Eindhoven - Nijmegen Eendracht Combinatie,2911431787,2,58,18,8iawijq7s9s6d85mjz8wdslki,Nijmegen Eendracht Combinatie,dse071e8zbzm8l37m64g6e1p0,K. Sano,67.515,12.376000000000001,1,3.0,turnover,False,0.0
2026-03-14_PSV Eindhoven - Nijmegen Eendracht Combinatie,2911431887,2,58,23,24fvcruwqrqvqa3aonf8c3zuy,PSV Eindhoven,2yc1t7u26zctwjizi283g6q6s,P. Wanner,23.31,34.748000000000005,0,0.0,turnover,False,0.0
2026-03-14_PSV Eindhoven - Nijmegen Eendracht Combinatie,2911450769,2,76,16,8iawijq7s9s6d85mjz8wdslki,Nijmegen Eendracht Combinatie,8624hqd4nlbzcoqsetvsvla8k,D. Fonville,66.15,60.044000000000004,1,2.0,turnover,False,0.0
2026-03-14_PSV Eindhoven - Nijmegen Eendracht Combinatie,2911467137,2,94,14,8iawijq7s9s6d85mjz8wdslki,Nijmegen Eendracht Combinatie,1gl82ymzh9vpitix6v645awa,D. Nejašmić,86.94,5.78,0,0.0,turnover,False,0.0
2026-03-14_SC Heerenveen - SC Telstar,2911429015,1,1,24,zjawy6qdzk3y69v5pa3zl2cb,SC Telstar,8p3x0sm735fru6nthc87pjrbo,Neville Ogidi Nwankwo,25.200000000000003,4.692,3,3.0,turnover,False,0.0004736883668994
2026-03-14_SC Heerenveen - SC Telstar,2911431363,1,3,37,4vd2t5schmvvufrfib7f2vjdf,SC Heerenveen,b5sf6wcogrvlwuwbd8xsyyfh1,J. van Overeem,65.10000000000001,59.568,2,2.0,turnover,False,0.0
2026-03-14_SC Heerenveen - SC Telstar,2911437941,1,9,44,4vd2t5schmvvufrfib7f2vjdf,SC Heerenveen,idvh0ac1f8wv39640pyl4esp,S. Kersten,41.895,35.564,0,0.0,turnover,False,0.0
2026-03-14_SC Heerenveen - SC Telstar,2911439297,1,11,2,zjawy6qdzk3y69v5pa3zl2cb,SC Telstar,y1ky8sp8scl05mmfr7byy3md,J. Hardeveld,83.89500000000001,39.372,3,5.0,turnover,False,0.0168701509488391
2026-03-14_SC Heerenveen - SC Telstar,2911439409,1,11,9,4vd2t5schmvvufrfib7f2vjdf,SC Heerenveen,b5sf6wcogrvlwuwbd8xsyyfh1,J. van Overeem,30.03,36.788000000000004,5,9.0,window_expired,False,0.0482656377835825
2026-03-14_SC Heerenveen - SC Telstar,2911439565,1,11,20,zjawy6qdzk3y69v5pa3zl2cb,SC Telstar,8p3x0sm735fru6nthc87pjrbo,Neville Ogidi Nwankwo,10.5,24.956000000000003,7,10.0,turnover,False,0.0
2026-03-14_SC Heerenveen - SC Telstar,2911439799,1,11,30,4vd2t5schmvvufrfib7f2vjdf,SC Heerenveen,5oghztk07za2yuqq4jnav22y2,M. Rivera,78.33,61.268,1,0.0,window_expired,False,0.0
2026-03-14_SC Heerenveen - SC Telstar,2911441887,1,13,32,zjawy6qdzk3y69v5pa3zl2cb,SC Telstar,8p3x0sm735fru6nthc87pjrbo,Neville Ogidi Nwankwo,27.090000000000003,20.672,4,3.0,turnover,False,0.0
2026-03-14_SC Heerenveen - SC Telstar,2911458931,1,24,47,zjawy6qdzk3y69v5pa3zl2cb,SC Telstar,1zybkcmp40td92a6yg8sw9uga,T. Owusu,39.165,17.544,1,1.0,turnover,False,0.0
2026-03-14_SC Heerenveen - SC Telstar,2911458521,1,30,39,4vd2t5schmvvufrfib7f2vjdf,SC Heerenveen,b5sf6wcogrvlwuwbd8xsyyfh1,J. van Overeem,37.800000000000004,62.900000000000006,3,3.0,turnover,False,0.0
2026-03-14_SC Heerenveen - SC Telstar,2911460899,1,33,21,4vd2t5schmvvufrfib7f2vjdf,SC Heerenveen,412l28fqhx21ivpcxzn1kpilm,V. Zagaritis,42.42,62.220000000000006,0,0.0,turnover,False,0.0
2026-03-14_SC Heerenveen - SC Telstar,2911461517,1,34,0,4vd2t5schmvvufrfib7f2vjdf,SC Heerenveen,b5sf6wcogrvlwuwbd8xsyyfh1,J. van Overeem,28.56,43.316,1,1.0,turnover,False,0.0
2026-03-14_SC Heerenveen - SC Telstar,2912145107,1,35,29,zjawy6qdzk3y69v5pa3zl2cb,SC Telstar,8p3x0sm735fru6nthc87pjrbo,Neville Ogidi Nwankwo,22.47,28.152,4,8.0,window_expired,False,6.170557013798761e-05
2026-03-14_SC Heerenveen - SC Telstar,2911487491,2,50,39,zjawy6qdzk3y69v5pa3zl2cb,SC Telstar,6k6qt155b79yf36833pamwbxm,K. Tejan,69.09,31.348000000000003,0,0.0,turnover,False,0.0
2026-03-14_SC Heerenveen - SC Telstar,2911499149,2,60,41,4vd2t5schmvvufrfib7f2vjdf,SC Heerenveen,8jm8a7w3a5b5nzikcom7cvf2s,M. Willemsen,5.460000000000001,54.67200000000001,3,4.0,turnover,False,0.0
2026-03-14_SC Heerenveen - SC Telstar,2911499391,2,60,53,zjawy6qdzk3y69v5pa3zl2cb,SC Telstar,1k60tee702idfrp0ibca1s57u,G. Offerhaus,64.89,19.788000000000004,1,1.0,turnover,False,0.0
2026-03-14_SC Heerenveen - SC Telstar,2911508443,2,69,6,zjawy6qdzk3y69v5pa3zl2cb,SC Telstar,avyhrrfkeizd3za28ni67x82c,C. Hatenboer,36.330000000000005,57.188,3,1.0,turnover,False,1.016991762534114e-05
2026-03-14_SC Heerenveen - SC Telstar,2911518615,2,79,13,4vd2t5schmvvufrfib7f2vjdf,SC Heerenveen,b5sf6wcogrvlwuwbd8xsyyfh1,J. van Overeem,14.490000000000002,22.644,4,5.0,turnover,False,0.0
2026-03-14_SC Heerenveen - SC Telstar,2911525307,2,85,35,zjawy6qdzk3y69v5pa3zl2cb,SC Telstar,avyhrrfkeizd3za28ni67x82c,C. Hatenboer,69.72000000000001,4.964,0,0.0,turnover,False,0.0
2026-03-14_SC Heerenveen - SC Telstar,2911531257,2,91,39,zjawy6qdzk3y69v5pa3zl2cb,SC Telstar,dk7zyk16nsnh0czeky7vi0x78,S. van Duijn,77.28,26.588000000000005,5,4.0,turnover,False,0.0
2026-03-15_Alkmaar Zaanstreek - Heracles Almelo,2911947215,1,1,31,dac758ef858jbq7pcb3gfwite,Heracles Almelo,e3akocgpppdty3ayxty1gf6xh,D. Mirani,27.930000000000003,20.740000000000002,0,0.0,turnover,False,0.0
2026-03-15_Alkmaar Zaanstreek - Heracles Almelo,2911956095,1,9,20,dac758ef858jbq7pcb3gfwite,Heracles Almelo,do5gstk4ks97daehnudehyjxm,J. Žambůrek,30.975,41.14,1,0.0,turnover,False,0.0
2026-03-15_Alkmaar Zaanstreek - Heracles Almelo,2911960633,1,13,20,3kfktv64h7kg7zryax1wktr5r,Alkmaar Zaanstreek,3uq3lrjyj4mnvq6162b0jyhnt,M. de Wit,32.550000000000004,64.804,3,5.0,turnover,False,5.097605076831435e-06
2026-03-15_Alkmaar Zaanstreek - Heracles Almelo,2911960719,1,13,26,dac758ef858jbq7pcb3gfwite,Heracles Almelo,1xsy3m0bzicto5ogxsd026bmy,E. Ahlstrand,78.64500000000001,5.78,1,1.0,turnover,False,0.0
2026-03-15_Alkmaar Zaanstreek - Heracles Almelo,2911970411,1,24,50,dac758ef858jbq7pcb3gfwite,Heracles Almelo,6ok4k757utbtswx5618xffsru,I. Mesík,12.39,41.82,1,1.0,turnover,False,0.0
2026-03-15_Alkmaar Zaanstreek - Heracles Almelo,2912025785,2,48,59,3kfktv64h7kg7zryax1wktr5r,Alkmaar Zaanstreek,8u19xeh9ugvh8f1mh7jnbbhuc,K. Smit,27.3,20.196,0,0.0,turnover,False,0.0
2026-03-15_Alkmaar Zaanstreek - Heracles Almelo,2912078281,2,70,28,3kfktv64h7kg7zryax1wktr5r,Alkmaar Zaanstreek,nw48ayorxrpxwcxbdhxy44k4,B. van Duijl,37.695,33.79600000000001,0,0.0,turnover,False,0.0
2026-03-15_Alkmaar Zaanstreek - Heracles Almelo,2912048807,2,72,21,3kfktv64h7kg7zryax1wktr5r,Alkmaar Zaanstreek,7jpreaads35pnnfqbn7hmrmy,S. Mijnans,70.875,30.872,3,9.0,window_expired,False,0.013162838324011099
2026-03-15_Alkmaar Zaanstreek - Heracles Almelo,2912049387,2,72,54,dac758ef858jbq7pcb3gfwite,Heracles Almelo,80dk8iv6p0202z10qcqy8bfca,S. Scheperman,61.425000000000004,51.68000000000001,3,6.0,window_expired,False,0.00015184051391389786
2026-03-15_Alkmaar Zaanstreek - Heracles Almelo,2912049931,2,73,26,3kfktv64h7kg7zryax1wktr5r,Alkmaar Zaanstreek,3uq3lrjyj4mnvq6162b0jyhnt,M. de Wit,13.334999999999999,36.04,0,0.0,turnover,False,0.0
2026-03-15_Alkmaar Zaanstreek - Heracles Almelo,2912064711,2,76,26,3kfktv64h7kg7zryax1wktr5r,Alkmaar Zaanstreek,b94d67jluhh4076wp2se5fqsq,D. Kasius,76.125,15.096,2,3.0,turnover,True,0.0
2026-03-15_FC Twente - FC Utrecht,2911838729,1,0,11,4tic29sox7m39fy1ztgv0jsiq,FC Twente,qobf1v5kwuz6hj2ooixfw4mi,B. van Rooij,26.040000000000003,10.88,0,0.0,turnover,False,0.0
2026-03-15_FC Twente - FC Utrecht,2911839019,1,0,48,ccpscwdcm65czscrun048ecn5,FC Utrecht,2tc8y9du64tjno62zll2jhy7e,Y. Cathline,31.395,39.168000000000006,0,0.0,turnover,False,0.0
2026-03-15_FC Twente - FC Utrecht,2911840359,1,3,31,4tic29sox7m39fy1ztgv0jsiq,FC Twente,3xlkchrk28u0cb620cajre1hw,R. Nijstad,46.095,32.776,3,2.0,turnover,False,0.0
2026-03-15_FC Twente - FC Utrecht,2911840375,1,3,34,ccpscwdcm65czscrun048ecn5,FC Utrecht,4ej8uchqe3rt1s5h6phjo3310,G. Zechiël,49.035000000000004,30.736000000000004,0,0.0,turnover,False,0.0
2026-03-15_FC Twente - FC Utrecht,2911841465,1,6,13,ccpscwdcm65czscrun048ecn5,FC Utrecht,4ej8uchqe3rt1s5h6phjo3310,G. Zechiël,24.36,52.36000000000001,2,3.0,turnover,False,0.0
2026-03-15_FC Twente - FC Utrecht,2911844019,1,11,19,4tic29sox7m39fy1ztgv0jsiq,FC Twente,5r47vtvu418kae5j2rpv6w2dw,M. Rots,28.77,63.51200000000001,1,2.0,turnover,False,0.0
2026-03-15_FC Twente - FC Utrecht,2911849887,1,20,30,ccpscwdcm65czscrun048ecn5,FC Utrecht,3ypxn1nvgv8e321sq5394w3my,M. Didden,21.840000000000003,16.932,0,0.0,turnover,False,0.0
2026-03-15_FC Twente - FC Utrecht,2911849989,1,20,38,ccpscwdcm65czscrun048ecn5,FC Utrecht,2tc8y9du64tjno62zll2jhy7e,Y. Cathline,25.095,45.492000000000004,1,1.0,turnover,False,0.0
2026-03-15_FC Twente - FC Utrecht,2911853273,1,25,0,4tic29sox7m39fy1ztgv0jsiq,FC Twente,dc119ejc7lls2rd3ywigl2smi,R. Zerrouki,30.975,14.008000000000003,2,2.0,turnover,False,0.0
2026-03-15_FC Twente - FC Utrecht,2911859845,1,34,20,ccpscwdcm65czscrun048ecn5,FC Utrecht,8lt54ei6pcu25u8uerigmx5yi,A. Engwanda,38.535000000000004,53.992000000000004,0,0.0,turnover,False,0.0
2026-03-15_FC Twente - FC Utrecht,2911864801,1,41,39,4tic29sox7m39fy1ztgv0jsiq,FC Twente,9nix5y8xcj34ps62r34udtqwa,K. Hlynsson,59.955000000000005,35.428000000000004,0,0.0,turnover,False,0.0
2026-03-15_FC Twente - FC Utrecht,2911866503,1,43,50,ccpscwdcm65czscrun048ecn5,FC Utrecht,3ypxn1nvgv8e321sq5394w3my,M. Didden,38.85,39.57600000000001,0,0.0,turnover,False,0.0
2026-03-15_FC Twente - FC Utrecht,2911866847,1,44,16,ccpscwdcm65czscrun048ecn5,FC Utrecht,8ymqihdfqc7esda7y407lebx1,D. de Wit,23.205000000000002,56.57600000000001,1,2.0,turnover,False,0.0
2026-03-15_FC Twente - FC Utrecht,2911884953,2,48,16,ccpscwdcm65czscrun048ecn5,FC Utrecht,aafz6q5ggn9e6m5hprc71lgph,M. van der Hoorn,22.575,30.056000000000004,1,2.0,turnover,False,0.0
2026-03-15_FC Twente - FC Utrecht,2911886935,2,51,14,ccpscwdcm65czscrun048ecn5,FC Utrecht,8ymqihdfqc7esda7y407lebx1,D. de Wit,55.86000000000001,32.096000000000004,3,8.0,turnover,False,0.0001272071199315
2026-03-15_FC Twente - FC Utrecht,2911889865,2,55,47,ccpscwdcm65czscrun048ecn5,FC Utrecht,8ymqihdfqc7esda7y407lebx1,D. de Wit,40.214999999999996,40.596000000000004,2,2.0,turnover,False,0.0
2026-03-15_FC Twente - FC Utrecht,2911891345,2,57,55,4tic29sox7m39fy1ztgv0jsiq,FC Twente,cocgd3hh74fq9c30x9bps4idw,S. Lemkin,56.07,12.648000000000001,1,0.0,turnover,False,0.0
2026-03-15_FC Twente - FC Utrecht,2911896787,2,64,31,ccpscwdcm65czscrun048ecn5,FC Utrecht,4ej8uchqe3rt1s5h6phjo3310,G. Zechiël,33.285000000000004,40.188,0,0.0,turnover,False,0.0
2026-03-15_FC Twente - FC Utrecht,2911901023,2,68,55,4tic29sox7m39fy1ztgv0jsiq,FC Twente,9nix5y8xcj34ps62r34udtqwa,K. Hlynsson,60.58500000000001,14.892,5,7.0,window_expired,False,0.0062066367642283
2026-03-15_FC Twente - FC Utrecht,2911902007,2,70,9,4tic29sox7m39fy1ztgv0jsiq,FC Twente,dc119ejc7lls2rd3ywigl2smi,R. Zerrouki,32.34,46.647999999999996,4,8.0,window_expired,False,0.000411554611479327
2026-03-15_FC Twente - FC Utrecht,2911902433,2,70,42,ccpscwdcm65czscrun048ecn5,FC Utrecht,8lt54ei6pcu25u8uerigmx5yi,A. Engwanda,21.525000000000002,17.0,2,2.0,turnover,False,0.0
2026-03-15_FC Twente - FC Utrecht,2911904681,2,73,44,ccpscwdcm65czscrun048ecn5,FC Utrecht,8lt54ei6pcu25u8uerigmx5yi,A. Engwanda,68.775,3.808,1,0.0,turnover,False,0.0
2026-03-15_FC Twente - FC Utrecht,2911905113,2,74,16,4tic29sox7m39fy1ztgv0jsiq,FC Twente,lduqoe45t2fnbn9s9rbvlnf9,R. Pröpper,42.0,55.21600000000001,0,0.0,turnover,False,0.0
2026-03-15_FC Twente - FC Utrecht,2911905189,2,74,20,4tic29sox7m39fy1ztgv0jsiq,FC Twente,dc119ejc7lls2rd3ywigl2smi,R. Zerrouki,38.85,58.14000000000001,2,2.0,turnover,False,0.0
2026-03-15_FC Twente - FC Utrecht,2911907207,2,77,27,ccpscwdcm65czscrun048ecn5,FC Utrecht,4ej8uchqe3rt1s5h6phjo3310,G. Zechiël,13.020000000000001,42.432,1,1.0,turnover,False,0.0
2026-03-15_FC Twente - FC Utrecht,2911915521,2,89,31,ccpscwdcm65czscrun048ecn5,FC Utrecht,c2an5ksdu6jbap3x3jp3z9c5x,N. Viergever,9.240000000000002,42.636,0,0.0,turnover,False,0.0
2026-03-15_Feyenoord Rotterdam - SBV Excelsior,2911946637,1,0,14,20vymiy7bo8wkyxai3ew494fz,Feyenoord Rotterdam,9d4ald4f0m2imaastzen4j8mi,O. Targhalline,18.69,32.504,0,0.0,turnover,False,0.0
2026-03-15_Feyenoord Rotterdam - SBV Excelsior,2911956639,1,9,5,dqk062lu0vm8epvytbm6r4mmf,SBV Excelsior,cdhqb1a4h246hu0u13pm0tqay,I. Bronkhorst,66.885,6.5280000000000005,3,6.0,window_expired,False,0.0
2026-03-15_Feyenoord Rotterdam - SBV Excelsior,2911958367,1,10,32,20vymiy7bo8wkyxai3ew494fz,Feyenoord Rotterdam,dwyl0yii553i57u7azfa7d15g,A. Hadj Moussa,25.62,12.784,0,0.0,turnover,False,0.0
2026-03-15_Feyenoord Rotterdam - SBV Excelsior,2911971157,1,25,53,20vymiy7bo8wkyxai3ew494fz,Feyenoord Rotterdam,4qr07cfbwquppkww057mb9tk9,J. Moder,40.53,32.368,0,0.0,turnover,False,0.0
2026-03-15_Feyenoord Rotterdam - SBV Excelsior,2911971301,1,26,9,20vymiy7bo8wkyxai3ew494fz,Feyenoord Rotterdam,bwxn7o8ved1xo5bmfkfgzekiy,J. Bos,54.81,60.044000000000004,1,1.0,turnover,False,0.0
2026-03-15_Feyenoord Rotterdam - SBV Excelsior,2912004365,1,35,23,dqk062lu0vm8epvytbm6r4mmf,SBV Excelsior,cs49ec8y6cubrlo5nmu3j3jtg,L. Schouten,33.6,57.664,1,1.0,turnover,False,0.0
2026-03-15_Feyenoord Rotterdam - SBV Excelsior,2912020479,2,45,31,20vymiy7bo8wkyxai3ew494fz,Feyenoord Rotterdam,29fr98or3mqippn84z3p9ihhw,L. Valente,61.95,7.752000000000001,2,1.0,turnover,False,0.0004600214119553
2026-03-15_Feyenoord Rotterdam - SBV Excelsior,2912022493,2,46,51,dqk062lu0vm8epvytbm6r4mmf,SBV Excelsior,aeqj9ogm0dntus0wl352w9z6y,C. Widell,24.36,47.464,2,2.0,turnover,False,0.0
2026-03-15_Feyenoord Rotterdam - SBV Excelsior,2912031405,2,53,15,dqk062lu0vm8epvytbm6r4mmf,SBV Excelsior,49xsd6e4oyjrhtwsdbdm4rj84,L. Hartjes,28.875,34.476000000000006,2,2.0,window_expired,False,0.0001714750575504
2026-03-15_Feyenoord Rotterdam - SBV Excelsior,2912041597,2,63,54,20vymiy7bo8wkyxai3ew494fz,Feyenoord Rotterdam,29fr98or3mqippn84z3p9ihhw,L. Valente,16.695,45.492000000000004,2,2.0,turnover,False,0.0002787168303809
2026-03-15_Feyenoord Rotterdam - SBV Excelsior,2912042941,2,65,54,dqk062lu0vm8epvytbm6r4mmf,SBV Excelsior,c6i4usq34m3389rtbqptahrai,R. Meissen,59.64,6.256,1,1.0,turnover,False,0.0
2026-03-15_Feyenoord Rotterdam - SBV Excelsior,2912048463,2,72,14,dqk062lu0vm8epvytbm6r4mmf,SBV Excelsior,49xsd6e4oyjrhtwsdbdm4rj84,L. Hartjes,9.240000000000002,60.928,1,3.0,turnover,False,0.0
2026-03-15_Feyenoord Rotterdam - SBV Excelsior,2912056557,2,75,13,dqk062lu0vm8epvytbm6r4mmf,SBV Excelsior,aeqj9ogm0dntus0wl352w9z6y,C. Widell,18.480000000000004,29.716000000000005,0,0.0,turnover,False,0.0
2026-03-15_Feyenoord Rotterdam - SBV Excelsior,2912052269,2,75,43,20vymiy7bo8wkyxai3ew494fz,Feyenoord Rotterdam,eoodvdqfvhql03i8kv9l14qvo,T. Kraaijeveld,56.385000000000005,9.180000000000001,2,1.0,window_expired,False,0.0
2026-03-15_Feyenoord Rotterdam - SBV Excelsior,2912058575,2,80,59,dqk062lu0vm8epvytbm6r4mmf,SBV Excelsior,aeqj9ogm0dntus0wl352w9z6y,C. Widell,33.285000000000004,63.85200000000001,1,2.0,turnover,False,0.0
2026-03-15_Feyenoord Rotterdam - SBV Excelsior,2912069535,2,90,15,20vymiy7bo8wkyxai3ew494fz,Feyenoord Rotterdam,9d4ald4f0m2imaastzen4j8mi,O. Targhalline,26.565,23.256000000000004,2,1.0,turnover,False,0.0
2026-03-15_Go Ahead Eagles - NAC Breda,2912099349,1,5,4,59t7flioj4w4mpwnrwbm0m8ck,NAC Breda,a4qjllaut1bo0ng3x4xu5lq6t,A. Ayew,43.575,55.488,0,0.0,turnover,False,0.0
2026-03-15_Go Ahead Eagles - NAC Breda,2912106037,1,13,42,59t7flioj4w4mpwnrwbm0m8ck,NAC Breda,3c2wqlde0kovi9hii52egaimt,L. Holtby,59.43000000000001,61.88,0,0.0,turnover,False,0.0
2026-03-15_Go Ahead Eagles - NAC Breda,2912108469,1,17,15,59t7flioj4w4mpwnrwbm0m8ck,NAC Breda,bdb33nwcpd2jufn9ggtl7gvzd,B. Lucassen,21.315,14.824000000000002,3,3.0,turnover,False,0.0002786063150422
2026-03-15_Go Ahead Eagles - NAC Breda,2912112179,1,21,11,b79uipsy57y1jqpy07h4i5ovk,Go Ahead Eagles,eytcfp4cu6qkar65kf0p5rm96,J. Dirksen,60.795,49.776,3,6.0,turnover,False,0.0002892091838858
2026-03-15_Go Ahead Eagles - NAC Breda,2912114641,1,23,59,b79uipsy57y1jqpy07h4i5ovk,Go Ahead Eagles,1q0v3qpciql8rkyz4qrlvbuju,J. Breum,34.33500000000001,34.136,3,4.0,turnover,False,0.00017933380940482233
2026-03-15_Go Ahead Eagles - NAC Breda,2912119027,1,27,56,b79uipsy57y1jqpy07h4i5ovk,Go Ahead Eagles,d8cxurdt9g5gezqlfwae7ooru,M. Meulensteen,29.61,18.428,0,0.0,turnover,False,0.0
2026-03-15_Go Ahead Eagles - NAC Breda,2912126911,1,35,3,b79uipsy57y1jqpy07h4i5ovk,Go Ahead Eagles,d8cxurdt9g5gezqlfwae7ooru,M. Meulensteen,40.53,18.360000000000003,0,0.0,turnover,False,0.0
2026-03-15_Go Ahead Eagles - NAC Breda,2912127897,1,35,54,b79uipsy57y1jqpy07h4i5ovk,Go Ahead Eagles,1q0v3qpciql8rkyz4qrlvbuju,J. Breum,5.88,47.124,0,0.0,turnover,False,0.0
2026-03-15_Go Ahead Eagles - NAC Breda,2912133131,1,40,34,b79uipsy57y1jqpy07h4i5ovk,Go Ahead Eagles,1tmihr54maqj0h7785cg9ez56,M. Suray,72.87,47.736000000000004,3,10.0,window_expired,True,0.1972757727994969
2026-03-15_Go Ahead Eagles - NAC Breda,2912138213,1,46,10,b79uipsy57y1jqpy07h4i5ovk,Go Ahead Eagles,d8cxurdt9g5gezqlfwae7ooru,M. Meulensteen,7.245000000000001,23.528000000000002,1,2.0,window_expired,False,0.0
2026-03-15_Go Ahead Eagles - NAC Breda,2912161453,2,49,36,b79uipsy57y1jqpy07h4i5ovk,Go Ahead Eagles,61a5bh5xw947nv4mxx62gqaqx,J. Kramer,10.290000000000001,31.484,1,1.0,turnover,False,0.0
2026-03-15_Go Ahead Eagles - NAC Breda,2912165893,2,55,49,b79uipsy57y1jqpy07h4i5ovk,Go Ahead Eagles,61a5bh5xw947nv4mxx62gqaqx,J. Kramer,31.815,33.11600000000001,0,0.0,turnover,False,0.0
2026-03-15_Go Ahead Eagles - NAC Breda,2912174729,2,65,3,b79uipsy57y1jqpy07h4i5ovk,Go Ahead Eagles,1rmox6tf7r283dca2vi844kr8,A. Adelgaard,30.240000000000002,4.760000000000001,1,0.0,turnover,False,0.0
2026-03-15_Go Ahead Eagles - NAC Breda,2912182203,2,71,56,59t7flioj4w4mpwnrwbm0m8ck,NAC Breda,bgzvhtk50gvmq6noheadmc34l,D. Odoi,41.580000000000005,12.716000000000001,3,1.0,turnover,False,0.0
2026-03-15_Go Ahead Eagles - NAC Breda,2912570171,2,75,24,b79uipsy57y1jqpy07h4i5ovk,Go Ahead Eagles,bhyyi1zzlmc1f7xo3wnh3etxw,E. Waayers,29.505000000000003,57.732000000000006,0,0.0,turnover,False,0.0
2026-03-15_Go Ahead Eagles - NAC Breda,2912192935,2,75,42,b79uipsy57y1jqpy07h4i5ovk,Go Ahead Eagles,9d4lofwg9ooaoldw2vpt4h36y,E. Linthorst,55.545,29.648000000000003,4,7.0,window_expired,True,0.0583142984668814
2026-03-15_Go Ahead Eagles - NAC Breda,2912197735,2,88,9,59t7flioj4w4mpwnrwbm0m8ck,NAC Breda,8z4wdv767cv7ddqgrkz5txsrt,B. Kemper,48.615,53.65200000000001,0,0.0,turnover,False,0.0
2026-03-20_Heracles Almelo - SBV Excelsior,2913987727,1,7,26,dqk062lu0vm8epvytbm6r4mmf,SBV Excelsior,5wwqe546ohp130rvi8x8pt0tm,A. Zagré,3.6750000000000003,56.848,1,0.0,turnover,False,0.0
2026-03-20_Heracles Almelo - SBV Excelsior,2914005893,1,26,14,dqk062lu0vm8epvytbm6r4mmf,SBV Excelsior,30t0ph1icrggc0x62om801ses,G. de Regt,32.655,63.85200000000001,0,0.0,turnover,False,0.0
2026-03-20_Heracles Almelo - SBV Excelsior,2914008023,1,28,48,dqk062lu0vm8epvytbm6r4mmf,SBV Excelsior,aeqj9ogm0dntus0wl352w9z6y,C. Widell,30.345,16.66,0,0.0,turnover,False,0.0
2026-03-20_Heracles Almelo - SBV Excelsior,2914009041,1,29,53,dqk062lu0vm8epvytbm6r4mmf,SBV Excelsior,cs49ec8y6cubrlo5nmu3j3jtg,L. Schouten,6.720000000000001,46.92,1,0.0,turnover,False,0.0
2026-03-20_Heracles Almelo - SBV Excelsior,2914041685,2,46,38,dac758ef858jbq7pcb3gfwite,Heracles Almelo,6ok4k757utbtswx5618xffsru,I. Mesík,39.9,64.94,1,2.0,turnover,False,0.0
2026-03-20_Heracles Almelo - SBV Excelsior,2914044553,2,48,46,dac758ef858jbq7pcb3gfwite,Heracles Almelo,7d8qc47gy4mb9mo67e1ic448a,M. Benita,47.88,14.280000000000001,0,0.0,turnover,False,0.0
2026-03-20_Heracles Almelo - SBV Excelsior,2914049713,2,52,52,dac758ef858jbq7pcb3gfwite,Heracles Almelo,6ok4k757utbtswx5618xffsru,I. Mesík,38.85,50.456,3,6.0,turnover,True,0.0
2026-03-20_Heracles Almelo - SBV Excelsior,2914056135,2,57,34,dac758ef858jbq7pcb3gfwite,Heracles Almelo,7d8qc47gy4mb9mo67e1ic448a,M. Benita,43.68000000000001,12.58,2,3.0,turnover,False,0.0
2026-03-20_Heracles Almelo - SBV Excelsior,2914056217,2,57,39,dqk062lu0vm8epvytbm6r4mmf,SBV Excelsior,49xsd6e4oyjrhtwsdbdm4rj84,L. Hartjes,41.265,50.660000000000004,3,9.0,window_expired,False,0.0
2026-03-20_Heracles Almelo - SBV Excelsior,2914065907,2,65,27,dac758ef858jbq7pcb3gfwite,Heracles Almelo,do5gstk4ks97daehnudehyjxm,J. Žambůrek,60.06,54.74,0,0.0,turnover,False,0.0
2026-03-20_Heracles Almelo - SBV Excelsior,2914074473,2,73,34,dqk062lu0vm8epvytbm6r4mmf,SBV Excelsior,c6i4usq34m3389rtbqptahrai,R. Meissen,18.375,62.35600000000001,2,1.0,turnover,False,0.0
2026-03-20_Heracles Almelo - SBV Excelsior,2914077009,2,76,16,dqk062lu0vm8epvytbm6r4mmf,SBV Excelsior,c6i4usq34m3389rtbqptahrai,R. Meissen,42.63,61.540000000000006,0,0.0,turnover,False,0.0
2026-03-20_Heracles Almelo - SBV Excelsior,2914088659,2,88,8,dqk062lu0vm8epvytbm6r4mmf,SBV Excelsior,3hu6e9wa0nt4ekubxye6l4pas,I. Yegoian,43.995,49.980000000000004,1,4.0,turnover,False,0.0
2026-03-20_Heracles Almelo - SBV Excelsior,2914089245,2,88,40,dqk062lu0vm8epvytbm6r4mmf,SBV Excelsior,c6i4usq34m3389rtbqptahrai,R. Meissen,34.44,55.284,0,0.0,turnover,False,0.0
2026-03-20_Heracles Almelo - SBV Excelsior,2914090565,2,90,1,dqk062lu0vm8epvytbm6r4mmf,SBV Excelsior,aeqj9ogm0dntus0wl352w9z6y,C. Widell,26.880000000000003,39.712,1,2.0,turnover,False,0.0
2026-03-20_Heracles Almelo - SBV Excelsior,2914093165,2,93,16,dqk062lu0vm8epvytbm6r4mmf,SBV Excelsior,aeqj9ogm0dntus0wl352w9z6y,C. Widell,33.18,4.148,0,0.0,turnover,False,0.0
2026-03-21_Fortuna Sittard - FC Twente,2914533795,1,3,4,3ebril33e08ddzob4bhq8awsr,Fortuna Sittard,2fbolmn7pyvn5oto4zoeqguwa,N. Kasanwirjo,22.785,64.396,0,0.0,turnover,False,0.0
2026-03-21_Fortuna Sittard - FC Twente,2914542231,1,6,38,3ebril33e08ddzob4bhq8awsr,Fortuna Sittard,dp0q4f4gbj2buhcu1lb5dzxed,Ivo Pinto,43.47,2.244,1,1.0,turnover,False,0.0
2026-03-21_Fortuna Sittard - FC Twente,2914548515,1,9,32,3ebril33e08ddzob4bhq8awsr,Fortuna Sittard,bnkzwpd607re6s01oa77wcodm,J. Dahlhaus,36.75,61.81200000000001,1,0.0,turnover,False,0.0
2026-03-21_Fortuna Sittard - FC Twente,2914570587,1,22,7,3ebril33e08ddzob4bhq8awsr,Fortuna Sittard,2ifp36vdm0d6rb3xc7muuvv11,D. Limnios,29.400000000000002,6.188000000000001,6,9.0,window_expired,False,0.0068116076685982
2026-03-21_Fortuna Sittard - FC Twente,2914610023,1,46,11,4tic29sox7m39fy1ztgv0jsiq,FC Twente,dc119ejc7lls2rd3ywigl2smi,R. Zerrouki,73.815,4.964,5,9.0,turnover,False,0.0028407045665542
2026-03-21_Fortuna Sittard - FC Twente,2914617241,1,49,37,3ebril33e08ddzob4bhq8awsr,Fortuna Sittard,eyzcfyn1crjcgmm98uk9u8oyy,É. Michut,39.58500000000001,6.596,1,1.0,turnover,False,0.0
2026-03-21_Fortuna Sittard - FC Twente,2914660723,2,48,20,3ebril33e08ddzob4bhq8awsr,Fortuna Sittard,7b4jmfu1ejoeci2zmvwuejnys,P. Brittijn,50.400000000000006,38.352000000000004,1,2.0,turnover,False,0.0
2026-03-21_Fortuna Sittard - FC Twente,2914673185,2,54,12,4tic29sox7m39fy1ztgv0jsiq,FC Twente,bvwaamcj0bpdrcuoffl6b9rf8,D. Weidmann,45.99,60.724000000000004,3,4.0,window_expired,True,0.0
2026-03-21_Fortuna Sittard - FC Twente,2914678715,2,57,5,3ebril33e08ddzob4bhq8awsr,Fortuna Sittard,8przxwwothu3crflys7ahl4dm,S. Adewoye,15.959999999999999,53.38,1,2.0,turnover,False,0.0
2026-03-21_Fortuna Sittard - FC Twente,2914687301,2,63,23,3ebril33e08ddzob4bhq8awsr,Fortuna Sittard,8przxwwothu3crflys7ahl4dm,S. Adewoye,38.43,45.56,2,4.0,turnover,False,0.0
2026-03-21_Fortuna Sittard - FC Twente,2914694185,2,70,50,3ebril33e08ddzob4bhq8awsr,Fortuna Sittard,7b4jmfu1ejoeci2zmvwuejnys,P. Brittijn,12.075000000000001,19.244000000000003,1,0.0,turnover,False,0.0
2026-03-21_Fortuna Sittard - FC Twente,2914697793,2,74,44,3ebril33e08ddzob4bhq8awsr,Fortuna Sittard,34258m1cvslz8r6d17nv4b90q,S. van Ottele,57.330000000000005,4.828,1,0.0,turnover,False,0.0
2026-03-21_Fortuna Sittard - FC Twente,2914702647,2,79,33,4tic29sox7m39fy1ztgv0jsiq,FC Twente,qobf1v5kwuz6hj2ooixfw4mi,B. van Rooij,46.095,2.924,0,0.0,turnover,False,0.0
2026-03-21_Fortuna Sittard - FC Twente,2914702829,2,79,45,4tic29sox7m39fy1ztgv0jsiq,FC Twente,9nix5y8xcj34ps62r34udtqwa,K. Hlynsson,38.535000000000004,7.684000000000001,0,0.0,turnover,False,0.0
2026-03-21_Fortuna Sittard - FC Twente,2914703543,2,80,35,3ebril33e08ddzob4bhq8awsr,Fortuna Sittard,bnkzwpd607re6s01oa77wcodm,J. Dahlhaus,14.490000000000002,51.136,2,4.0,turnover,False,0.0
2026-03-21_Fortuna Sittard - FC Twente,2914707259,2,84,36,3ebril33e08ddzob4bhq8awsr,Fortuna Sittard,570htztcvfsu947xw6fvtzmc5,Iván Márquez,31.605000000000004,36.652,3,8.0,turnover,False,0.0
2026-03-21_Fortuna Sittard - FC Twente,2914714151,2,91,29,4tic29sox7m39fy1ztgv0jsiq,FC Twente,36veg0wk1z3om89daf0clbl5h,R. van Wolfswinkel,19.215,2.108,0,0.0,turnover,False,0.0
2026-03-21_PEC Zwolle - NAC Breda,2914840557,1,1,25,2uuh2bir8ktof0uxfo06lb4ox,PEC Zwolle,dficbkp6sp4kw7xihaxneozpx,Y. Namli,47.565,4.692,0,0.0,turnover,False,0.0
2026-03-21_PEC Zwolle - NAC Breda,2914842303,1,3,51,59t7flioj4w4mpwnrwbm0m8ck,NAC Breda,969cpy2geokwer9gjapk7zj3e,R. Hillen,42.63,22.44,2,4.0,turnover,False,0.0
2026-03-21_PEC Zwolle - NAC Breda,2914849931,1,12,24,2uuh2bir8ktof0uxfo06lb4ox,PEC Zwolle,dficbkp6sp4kw7xihaxneozpx,Y. Namli,54.915,40.188,4,8.0,window_expired,False,0.003008278916138
2026-03-21_PEC Zwolle - NAC Breda,2914851353,1,13,51,2uuh2bir8ktof0uxfo06lb4ox,PEC Zwolle,1x6fhuy49w4rpnyavwotbf504,T. Gooijer,46.62,4.352,1,0.0,window_expired,False,0.0
2026-03-21_PEC Zwolle - NAC Breda,2914853569,1,16,14,59t7flioj4w4mpwnrwbm0m8ck,NAC Breda,969cpy2geokwer9gjapk7zj3e,R. Hillen,22.995,27.812,0,0.0,turnover,False,0.0
2026-03-21_PEC Zwolle - NAC Breda,2914854757,1,17,30,59t7flioj4w4mpwnrwbm0m8ck,NAC Breda,a3m4r77behilkcznll07b7d1x,C. Leemans,76.65,25.636000000000003,0,0.0,turnover,False,0.0
2026-03-21_PEC Zwolle - NAC Breda,2914858129,1,21,5,59t7flioj4w4mpwnrwbm0m8ck,NAC Breda,8z4wdv767cv7ddqgrkz5txsrt,B. Kemper,11.97,59.160000000000004,0,0.0,turnover,False,0.0
2026-03-21_PEC Zwolle - NAC Breda,2914859381,1,22,48,59t7flioj4w4mpwnrwbm0m8ck,NAC Breda,200chcevwu3znwew6xjyaof6d,F. Oldrup Jensen,34.755,11.628000000000002,0,0.0,turnover,False,0.0
2026-03-21_PEC Zwolle - NAC Breda,2914859433,1,22,52,2uuh2bir8ktof0uxfo06lb4ox,PEC Zwolle,d5g7rl9a83vu3cyyzvu5yveqy,A. MacNulty,43.785000000000004,48.008,3,7.0,turnover,False,0.0001670974215589
2026-03-21_PEC Zwolle - NAC Breda,2914869735,1,36,19,59t7flioj4w4mpwnrwbm0m8ck,NAC Breda,d785q9rpqlyuyswv8f9fx4cno,M. Nassoh,36.96000000000001,55.89600000000001,1,1.0,turnover,False,0.0
2026-03-21_PEC Zwolle - NAC Breda,2914871745,1,38,53,59t7flioj4w4mpwnrwbm0m8ck,NAC Breda,a3m4r77behilkcznll07b7d1x,C. Leemans,70.35000000000001,55.35200000000001,1,2.0,turnover,False,0.0
2026-03-21_PEC Zwolle - NAC Breda,2914891501,2,50,4,2uuh2bir8ktof0uxfo06lb4ox,PEC Zwolle,4phgw75cred5p93hjq8hiou6t,S. Floranus,42.0,62.696000000000005,2,1.0,turnover,False,0.0002975286310986
2026-03-21_PEC Zwolle - NAC Breda,2914893937,2,54,7,2uuh2bir8ktof0uxfo06lb4ox,PEC Zwolle,1rd0zzpp3dn0y7qtxwc57g7h1,R. Thomas,69.405,36.584,0,0.0,turnover,False,0.0
2026-03-21_PEC Zwolle - NAC Breda,2914894785,2,55,20,59t7flioj4w4mpwnrwbm0m8ck,NAC Breda,bgzvhtk50gvmq6noheadmc34l,D. Odoi,67.2,16.32,0,0.0,turnover,False,0.0
2026-03-21_PEC Zwolle - NAC Breda,2914899903,2,62,22,2uuh2bir8ktof0uxfo06lb4ox,PEC Zwolle,4phgw75cred5p93hjq8hiou6t,S. Floranus,60.900000000000006,51.272000000000006,0,0.0,turnover,False,0.0
2026-03-21_PEC Zwolle - NAC Breda,2914901919,2,65,15,2uuh2bir8ktof0uxfo06lb4ox,PEC Zwolle,684nd3xjli51z43pbla0mwa21,T. Oosting,47.46000000000001,54.944,2,2.0,turnover,False,4.081196505248408e-05
2026-03-21_PEC Zwolle - NAC Breda,2914903931,2,68,10,59t7flioj4w4mpwnrwbm0m8ck,NAC Breda,200chcevwu3znwew6xjyaof6d,F. Oldrup Jensen,26.880000000000003,32.368,3,4.0,turnover,False,0.0
2026-03-21_PEC Zwolle - NAC Breda,2914905769,2,70,58,59t7flioj4w4mpwnrwbm0m8ck,NAC Breda,bgzvhtk50gvmq6noheadmc34l,D. Odoi,33.81,11.9,0,0.0,turnover,False,0.0
2026-03-21_PEC Zwolle - NAC Breda,2914910835,2,77,32,59t7flioj4w4mpwnrwbm0m8ck,NAC Breda,a3m4r77behilkcznll07b7d1x,C. Leemans,79.065,49.232000000000006,0,0.0,turnover,False,0.0
2026-03-21_Sparta Rotterdam - FC Volendam,2914765895,1,40,33,6g9qrm72224jrk6tkxxxi8a9n,FC Volendam,4utx4h5jz14whtjawxn7ox0r8,N. Verschuren,48.72,31.892000000000003,3,10.0,window_expired,False,0.0
2026-03-21_Sparta Rotterdam - FC Volendam,2914766711,1,41,47,6g9qrm72224jrk6tkxxxi8a9n,FC Volendam,89plvrt8pzppcclh4axvii0ru,A. Plat,26.669999999999998,41.684000000000005,0,0.0,turnover,False,0.0
2026-03-21_Sparta Rotterdam - FC Volendam,2914790259,2,55,47,6g9qrm72224jrk6tkxxxi8a9n,FC Volendam,4ezldqmn62ggasx6pniqbfwno,J. Ideho,62.370000000000005,20.060000000000002,0,0.0,turnover,False,0.0
2026-03-21_Sparta Rotterdam - FC Volendam,2914792039,2,58,33,89w5c6pw7vn0dxypi61tt0g4k,Sparta Rotterdam,byirjks50zw1eefkcy8p4hd5h,B. Martins Indi,45.464999999999996,54.944,2,1.0,turnover,False,0.0009495383713881
2026-03-21_Sparta Rotterdam - FC Volendam,2914796653,2,62,32,89w5c6pw7vn0dxypi61tt0g4k,Sparta Rotterdam,f07qmqesi1rpw7eapoz9rb0gk,J. Baas,35.910000000000004,47.6,0,0.0,turnover,False,0.0
2026-03-21_Sparta Rotterdam - FC Volendam,2914801333,2,68,46,6g9qrm72224jrk6tkxxxi8a9n,FC Volendam,6svx5u21jrcch3ewpqqbxukmh,J. Bacuna,68.355,47.804,4,9.0,window_expired,False,0.0021079053792614
2026-03-21_Sparta Rotterdam - FC Volendam,2914804859,2,72,31,6g9qrm72224jrk6tkxxxi8a9n,FC Volendam,4utx4h5jz14whtjawxn7ox0r8,N. Verschuren,16.8,40.188,2,4.0,window_expired,False,0.0001883192103047
2026-03-21_Sparta Rotterdam - FC Volendam,2914812745,2,75,25,89w5c6pw7vn0dxypi61tt0g4k,Sparta Rotterdam,6q77vt9bp8dsq48pa97mfzsa1,T. Lauritsen,30.03,56.57600000000001,3,3.0,turnover,False,5.889043841927899e-05
2026-03-21_Sparta Rotterdam - FC Volendam,2914810083,2,77,59,6g9qrm72224jrk6tkxxxi8a9n,FC Volendam,btrg844mxkl6kbn89s7aecj8q,G. Yah,5.25,39.644,1,2.0,turnover,False,0.0
2026-03-21_Sparta Rotterdam - FC Volendam,2914812341,2,80,25,6g9qrm72224jrk6tkxxxi8a9n,FC Volendam,btrg844mxkl6kbn89s7aecj8q,G. Yah,40.425000000000004,39.372,0,0.0,turnover,False,0.0
2026-03-21_Sparta Rotterdam - FC Volendam,2914820003,2,89,51,89w5c6pw7vn0dxypi61tt0g4k,Sparta Rotterdam,f07qmqesi1rpw7eapoz9rb0gk,J. Baas,4.9350000000000005,28.356000000000005,0,0.0,turnover,False,0.0
2026-03-22_FC Groningen - Alkmaar Zaanstreek,2915449717,1,2,41,3kfktv64h7kg7zryax1wktr5r,Alkmaar Zaanstreek,9lixevzo8exxiia17altfw8ic,W. Goes,30.345,12.172,4,4.0,window_expired,False,0.0
2026-03-22_FC Groningen - Alkmaar Zaanstreek,2915461513,1,15,57,3kfktv64h7kg7zryax1wktr5r,Alkmaar Zaanstreek,wuh8s4gfo9ro3nel3rormg44,R. Daal,40.32,66.30000000000001,0,0.0,turnover,False,0.0
2026-03-22_FC Groningen - Alkmaar Zaanstreek,2915463151,1,17,46,cos9hxi16eitbcbthof7zrm4m,FC Groningen,9wwud2tglhtdocmjgl2u5ib6c,T. Blokzijl,64.78500000000001,8.024000000000001,2,0.0,turnover,False,0.0
2026-03-22_FC Groningen - Alkmaar Zaanstreek,2915478763,1,32,27,3kfktv64h7kg7zryax1wktr5r,Alkmaar Zaanstreek,9lixevzo8exxiia17altfw8ic,W. Goes,24.255000000000003,10.608,0,0.0,turnover,False,0.0
2026-03-22_FC Groningen - Alkmaar Zaanstreek,2915483777,1,36,56,3kfktv64h7kg7zryax1wktr5r,Alkmaar Zaanstreek,73lwz4he5erpp25zi8crjvztg,I. Jensen,42.839999999999996,1.088,1,2.0,turnover,False,0.0
2026-03-22_FC Groningen - Alkmaar Zaanstreek,2915484121,1,37,13,3kfktv64h7kg7zryax1wktr5r,Alkmaar Zaanstreek,wuh8s4gfo9ro3nel3rormg44,R. Daal,89.88,40.732,0,0.0,turnover,False,0.0
2026-03-22_FC Groningen - Alkmaar Zaanstreek,2915484129,1,37,16,cos9hxi16eitbcbthof7zrm4m,FC Groningen,cf70r39m2wgbijtw0co5t6yfp,H. Jurjus,12.915000000000001,32.504,5,9.0,turnover,False,0.0
2026-03-22_FC Groningen - Alkmaar Zaanstreek,2915510923,2,46,9,3kfktv64h7kg7zryax1wktr5r,Alkmaar Zaanstreek,9lixevzo8exxiia17altfw8ic,W. Goes,43.68000000000001,6.188000000000001,1,3.0,turnover,False,0.0
2026-03-22_FC Groningen - Alkmaar Zaanstreek,2915513275,2,48,23,cos9hxi16eitbcbthof7zrm4m,FC Groningen,4dk7h575fifmw2lhslevhmhux,M. Rente,38.85,19.584000000000003,1,3.0,turnover,False,0.0
2026-03-22_FC Groningen - Alkmaar Zaanstreek,2915517911,2,53,29,3kfktv64h7kg7zryax1wktr5r,Alkmaar Zaanstreek,3dx91sb6ktg8z1xmoti25kru,P. Koopmeiners,10.815000000000001,33.048,1,1.0,turnover,False,0.0
2026-03-22_FC Groningen - Alkmaar Zaanstreek,2915523303,2,60,4,3kfktv64h7kg7zryax1wktr5r,Alkmaar Zaanstreek,7jpreaads35pnnfqbn7hmrmy,S. Mijnans,47.565,18.224,1,4.0,window_expired,False,0.0
2026-03-22_FC Groningen - Alkmaar Zaanstreek,2915526745,2,62,37,cos9hxi16eitbcbthof7zrm4m,FC Groningen,98qi4clazqen9kimkxt3jb6j9,M. Peersman,23.94,65.348,1,0.0,window_expired,False,0.0
2026-03-22_FC Groningen - Alkmaar Zaanstreek,2915533495,2,67,25,cos9hxi16eitbcbthof7zrm4m,FC Groningen,1c4fzmrwmlwaqmqomge14rqc4,D. Janse,18.585,38.21600000000001,0,0.0,turnover,False,0.0
2026-03-22_FC Groningen - Alkmaar Zaanstreek,2915547995,2,77,12,cos9hxi16eitbcbthof7zrm4m,FC Groningen,1nk0hcaa9o4jnyxc9ndz1lams,D. van der Werff,63.21000000000001,52.02,0,0.0,turnover,False,0.0
2026-03-22_FC Groningen - Alkmaar Zaanstreek,2915555693,2,83,2,cos9hxi16eitbcbthof7zrm4m,FC Groningen,4dk7h575fifmw2lhslevhmhux,M. Rente,5.1450000000000005,34.136,1,3.0,turnover,False,0.0
2026-03-22_FC Groningen - Alkmaar Zaanstreek,2915556709,2,83,47,3kfktv64h7kg7zryax1wktr5r,Alkmaar Zaanstreek,f3saw9c9wzs4qda0rtkv9gidw,R. Ichihara,34.33500000000001,33.388000000000005,0,0.0,turnover,False,0.0
2026-03-22_FC Groningen - Alkmaar Zaanstreek,2915557369,2,84,19,cos9hxi16eitbcbthof7zrm4m,FC Groningen,by85t8ssyumcjcks1jx3v96vo,Y. Taha,48.300000000000004,2.8560000000000003,1,0.0,turnover,False,0.0
2026-03-22_FC Groningen - Alkmaar Zaanstreek,2915566843,2,91,16,cos9hxi16eitbcbthof7zrm4m,FC Groningen,1nk0hcaa9o4jnyxc9ndz1lams,D. van der Werff,21.21,61.064,0,0.0,turnover,False,0.0
2026-03-22_FC Groningen - Alkmaar Zaanstreek,2915568299,2,92,3,cos9hxi16eitbcbthof7zrm4m,FC Groningen,1c4fzmrwmlwaqmqomge14rqc4,D. Janse,19.845,50.456,1,0.0,turnover,False,0.0
2026-03-22_FC Utrecht - Go Ahead Eagles,2915303271,1,7,54,b79uipsy57y1jqpy07h4i5ovk,Go Ahead Eagles,bn8dwm2y9a8i9a10rba3dmm3u,D. James,47.145,64.87200000000001,1,2.0,turnover,False,0.0
2026-03-22_FC Utrecht - Go Ahead Eagles,2915304291,1,8,45,b79uipsy57y1jqpy07h4i5ovk,Go Ahead Eagles,1tmihr54maqj0h7785cg9ez56,M. Suray,29.925,56.37200000000001,1,1.0,turnover,False,0.0
2026-03-22_FC Utrecht - Go Ahead Eagles,2915314759,1,19,17,b79uipsy57y1jqpy07h4i5ovk,Go Ahead Eagles,d8cxurdt9g5gezqlfwae7ooru,M. Meulensteen,72.55499999999999,20.468000000000004,4,9.0,window_expired,False,0.0009833455983526
2026-03-22_FC Utrecht - Go Ahead Eagles,2915314835,1,20,30,b79uipsy57y1jqpy07h4i5ovk,Go Ahead Eagles,1q0v3qpciql8rkyz4qrlvbuju,J. Breum,65.10000000000001,10.812000000000001,4,8.0,window_expired,False,0.0168667347311494
2026-03-22_FC Utrecht - Go Ahead Eagles,2915315313,1,21,21,ccpscwdcm65czscrun048ecn5,FC Utrecht,4ej8uchqe3rt1s5h6phjo3310,G. Zechiël,15.33,48.824,0,0.0,turnover,False,0.0
2026-03-22_FC Utrecht - Go Ahead Eagles,2915317427,1,25,15,ccpscwdcm65czscrun048ecn5,FC Utrecht,enimk3ibb10vk3f8vrmmhq7oq,S. El Karouani,65.415,53.924,2,2.0,turnover,False,0.0
2026-03-22_FC Utrecht - Go Ahead Eagles,2915318989,1,28,2,b79uipsy57y1jqpy07h4i5ovk,Go Ahead Eagles,891zjrm0zjc2e3ebjx11p2y38,J. Slory,21.735,18.360000000000003,0,0.0,turnover,False,0.0
2026-03-22_FC Utrecht - Go Ahead Eagles,2915325565,1,33,39,b79uipsy57y1jqpy07h4i5ovk,Go Ahead Eagles,1rmox6tf7r283dca2vi844kr8,A. Adelgaard,25.41,7.004000000000001,0,0.0,turnover,False,0.0
2026-03-22_FC Utrecht - Go Ahead Eagles,2915328981,1,36,5,b79uipsy57y1jqpy07h4i5ovk,Go Ahead Eagles,61a5bh5xw947nv4mxx62gqaqx,J. Kramer,40.425000000000004,49.980000000000004,0,0.0,turnover,False,0.0
2026-03-22_FC Utrecht - Go Ahead Eagles,2915337381,1,41,52,b79uipsy57y1jqpy07h4i5ovk,Go Ahead Eagles,d8cxurdt9g5gezqlfwae7ooru,M. Meulensteen,66.25500000000001,20.672,4,9.0,window_expired,False,0.0172864021107986
2026-03-22_FC Utrecht - Go Ahead Eagles,2915339119,1,43,1,b79uipsy57y1jqpy07h4i5ovk,Go Ahead Eagles,1rmox6tf7r283dca2vi844kr8,A. Adelgaard,31.080000000000002,9.996,3,9.0,window_expired,False,0.0
2026-03-22_FC Utrecht - Go Ahead Eagles,2915366383,2,45,49,b79uipsy57y1jqpy07h4i5ovk,Go Ahead Eagles,1rmox6tf7r283dca2vi844kr8,A. Adelgaard,35.175000000000004,2.244,4,5.0,turnover,False,0.0006782109003089
2026-03-22_FC Utrecht - Go Ahead Eagles,2915371107,2,49,10,ccpscwdcm65czscrun048ecn5,FC Utrecht,2tc8y9du64tjno62zll2jhy7e,Y. Cathline,64.26,63.308,2,5.0,window_expired,False,0.0077803630320019
2026-03-22_FC Utrecht - Go Ahead Eagles,2915379353,2,54,53,ccpscwdcm65czscrun048ecn5,FC Utrecht,enimk3ibb10vk3f8vrmmhq7oq,S. El Karouani,7.035,61.336000000000006,0,0.0,turnover,False,0.0
2026-03-22_FC Utrecht - Go Ahead Eagles,2915943757,2,59,30,ccpscwdcm65czscrun048ecn5,FC Utrecht,3ypxn1nvgv8e321sq5394w3my,M. Didden,48.615,34.544000000000004,5,10.0,window_expired,False,4.389681016009339e-05
2026-03-22_FC Utrecht - Go Ahead Eagles,2915944097,2,62,46,ccpscwdcm65czscrun048ecn5,FC Utrecht,3ypxn1nvgv8e321sq5394w3my,M. Didden,40.845,9.044,0,0.0,turnover,False,0.0
2026-03-22_FC Utrecht - Go Ahead Eagles,2915388481,2,62,53,ccpscwdcm65czscrun048ecn5,FC Utrecht,c3j7m8kaoius8i6jihubgy6p6,Ángel Alarcón,65.94,33.524,0,0.0,turnover,False,0.0
2026-03-22_FC Utrecht - Go Ahead Eagles,2915388673,2,63,10,ccpscwdcm65czscrun048ecn5,FC Utrecht,8lt54ei6pcu25u8uerigmx5yi,A. Engwanda,69.825,14.008000000000003,1,0.0,turnover,False,0.0
2026-03-22_FC Utrecht - Go Ahead Eagles,2915390621,2,65,22,b79uipsy57y1jqpy07h4i5ovk,Go Ahead Eagles,1rmox6tf7r283dca2vi844kr8,A. Adelgaard,72.87,26.928000000000004,4,9.0,window_expired,False,0.0034858385160528287
2026-03-22_FC Utrecht - Go Ahead Eagles,2915394743,2,71,7,ccpscwdcm65czscrun048ecn5,FC Utrecht,enimk3ibb10vk3f8vrmmhq7oq,S. El Karouani,18.900000000000002,56.168,2,3.0,window_expired,False,0.0001065866483433
2026-03-22_FC Utrecht - Go Ahead Eagles,2915412495,2,85,58,ccpscwdcm65czscrun048ecn5,FC Utrecht,enimk3ibb10vk3f8vrmmhq7oq,S. El Karouani,22.680000000000003,49.028,2,8.0,window_expired,False,0.0
2026-03-22_FC Utrecht - Go Ahead Eagles,2915416679,2,89,9,ccpscwdcm65czscrun048ecn5,FC Utrecht,3r6elcuru7no13hrfczmwbmy1,S. Horemans,22.680000000000003,24.548000000000002,3,6.0,turnover,False,0.0
2026-03-22_Feyenoord Rotterdam - AFC Ajax,2915310515,1,15,1,20vymiy7bo8wkyxai3ew494fz,Feyenoord Rotterdam,bwxn7o8ved1xo5bmfkfgzekiy,J. Bos,75.17999999999999,61.47200000000001,1,0.0,window_expired,False,0.0
2026-03-22_Feyenoord Rotterdam - AFC Ajax,2915932135,1,20,9,20vymiy7bo8wkyxai3ew494fz,Feyenoord Rotterdam,9d4ald4f0m2imaastzen4j8mi,O. Targhalline,71.4,61.268,7,9.0,turnover,False,0.0005485249656845
2026-03-22_Feyenoord Rotterdam - AFC Ajax,2915314401,1,20,19,d0zdg647gvgc95xdtk1vpbkys,AFC Ajax,2922aevmtpw4qvcwohmxmqtbd,T. Tomiyasu,27.615000000000002,44.336000000000006,0,0.0,turnover,False,0.0
2026-03-22_Feyenoord Rotterdam - AFC Ajax,2915316119,1,23,23,d0zdg647gvgc95xdtk1vpbkys,AFC Ajax,47l204bkq2qqjhtazusr0019m,Y. Baas,51.135000000000005,44.336000000000006,3,6.0,turnover,False,0.0
2026-03-22_Feyenoord Rotterdam - AFC Ajax,2915316619,1,24,17,d0zdg647gvgc95xdtk1vpbkys,AFC Ajax,brfa9yhy2llgt9l75unddogk,J. Mokio,15.435,34.884,0,0.0,turnover,False,0.0
2026-03-22_Feyenoord Rotterdam - AFC Ajax,2915317355,1,25,33,d0zdg647gvgc95xdtk1vpbkys,AFC Ajax,brfa9yhy2llgt9l75unddogk,J. Mokio,8.505,57.664,0,0.0,turnover,False,0.0
2026-03-22_Feyenoord Rotterdam - AFC Ajax,2915317577,1,26,0,d0zdg647gvgc95xdtk1vpbkys,AFC Ajax,baakmd4ndnulbl9npvmq90mvp,D. Klaassen,15.015,57.868,1,4.0,turnover,False,0.0
2026-03-22_Feyenoord Rotterdam - AFC Ajax,2915330857,1,37,48,d0zdg647gvgc95xdtk1vpbkys,AFC Ajax,2922aevmtpw4qvcwohmxmqtbd,T. Tomiyasu,41.160000000000004,59.908,0,0.0,turnover,False,0.0
2026-03-22_Feyenoord Rotterdam - AFC Ajax,2915373643,2,50,9,d0zdg647gvgc95xdtk1vpbkys,AFC Ajax,1wse4b1hxu37e7t5ty5ykn7c9,J. Šutalo,18.27,20.604000000000003,4,4.0,turnover,False,0.0001141362251959
2026-03-22_Feyenoord Rotterdam - AFC Ajax,2915385451,2,58,51,d0zdg647gvgc95xdtk1vpbkys,AFC Ajax,1wse4b1hxu37e7t5ty5ykn7c9,J. Šutalo,48.510000000000005,7.276,0,0.0,turnover,False,0.0
2026-03-22_Feyenoord Rotterdam - AFC Ajax,2915386599,2,60,18,d0zdg647gvgc95xdtk1vpbkys,AFC Ajax,brfa9yhy2llgt9l75unddogk,J. Mokio,45.255,39.1,3,10.0,window_expired,False,0.0004490657955852
2026-03-22_Feyenoord Rotterdam - AFC Ajax,2915389093,2,62,52,20vymiy7bo8wkyxai3ew494fz,Feyenoord Rotterdam,29fr98or3mqippn84z3p9ihhw,L. Valente,68.67000000000002,32.980000000000004,4,7.0,turnover,False,0.0054122717790282
2026-03-22_Feyenoord Rotterdam - AFC Ajax,2915389329,2,63,6,d0zdg647gvgc95xdtk1vpbkys,AFC Ajax,1wse4b1hxu37e7t5ty5ykn7c9,J. Šutalo,19.005000000000003,33.11600000000001,0,0.0,turnover,False,0.0
2026-03-22_Feyenoord Rotterdam - AFC Ajax,2915414529,2,86,44,d0zdg647gvgc95xdtk1vpbkys,AFC Ajax,b8ixf31bdyfqqcwoy4ulai73e,K. Fitz-Jim,37.17,58.684000000000005,4,6.0,turnover,False,6.492751240097516e-05
2026-03-22_Nijmegen Eendracht Combinatie - SC Heerenveen,2915213165,1,0,13,8iawijq7s9s6d85mjz8wdslki,Nijmegen Eendracht Combinatie,4pqi5vt820333t5zsj2refc2d,B. Linssen,70.14,60.588,0,0.0,turnover,False,0.0
2026-03-22_Nijmegen Eendracht Combinatie - SC Heerenveen,2915214625,1,4,2,8iawijq7s9s6d85mjz8wdslki,Nijmegen Eendracht Combinatie,2yivr64anye4c0p62m16l78yc,S. Ouaissa,64.47,5.644000000000001,3,3.0,turnover,False,0.000536101930948
2026-03-22_Nijmegen Eendracht Combinatie - SC Heerenveen,2915217619,1,12,25,8iawijq7s9s6d85mjz8wdslki,Nijmegen Eendracht Combinatie,1asrguqxyo7rmoyamggwd9oq2,A. Kaplan,70.98,54.196000000000005,0,0.0,turnover,False,0.0
2026-03-22_Nijmegen Eendracht Combinatie - SC Heerenveen,2915224125,1,25,9,8iawijq7s9s6d85mjz8wdslki,Nijmegen Eendracht Combinatie,1gl82ymzh9vpitix6v645awa,D. Nejašmić,5.25,36.856,0,0.0,turnover,False,0.0
2026-03-22_Nijmegen Eendracht Combinatie - SC Heerenveen,2915226715,1,29,35,8iawijq7s9s6d85mjz8wdslki,Nijmegen Eendracht Combinatie,1asrguqxyo7rmoyamggwd9oq2,A. Kaplan,49.035000000000004,31.756000000000004,3,4.0,turnover,True,0.0
2026-03-22_Nijmegen Eendracht Combinatie - SC Heerenveen,2915227051,1,30,12,4vd2t5schmvvufrfib7f2vjdf,SC Heerenveen,e5hzt8nmhu2ktn69dsv67ga38,M. Linday,57.225,35.156000000000006,0,0.0,turnover,False,0.0
2026-03-22_Nijmegen Eendracht Combinatie - SC Heerenveen,2915231147,1,39,1,8iawijq7s9s6d85mjz8wdslki,Nijmegen Eendracht Combinatie,1gl82ymzh9vpitix6v645awa,D. Nejašmić,47.775,57.596000000000004,2,4.0,turnover,False,0.0
2026-03-22_Nijmegen Eendracht Combinatie - SC Heerenveen,2915231317,1,39,28,4vd2t5schmvvufrfib7f2vjdf,SC Heerenveen,aqnr6l3f02hx0soadunxbjcpg,J. Trenskow,28.665000000000003,18.768,6,9.0,turnover,False,0.0004578268480073
2026-03-22_Nijmegen Eendracht Combinatie - SC Heerenveen,2915246129,2,47,32,4vd2t5schmvvufrfib7f2vjdf,SC Heerenveen,88523fv89ozrqwnbhgphxual0,M. Egbring,47.145,16.796,3,3.0,turnover,False,0.0
2026-03-22_Nijmegen Eendracht Combinatie - SC Heerenveen,2915249527,2,55,3,8iawijq7s9s6d85mjz8wdslki,Nijmegen Eendracht Combinatie,913pg8qqcjp99h5fjybbenob9,P. Sandler,74.655,25.364,3,8.0,turnover,False,0.0
2026-03-22_Nijmegen Eendracht Combinatie - SC Heerenveen,2915249631,2,55,15,8iawijq7s9s6d85mjz8wdslki,Nijmegen Eendracht Combinatie,1gl82ymzh9vpitix6v645awa,D. Nejašmić,74.76,28.764,0,0.0,turnover,False,0.0
2026-03-22_Nijmegen Eendracht Combinatie - SC Heerenveen,2915252651,2,60,13,8iawijq7s9s6d85mjz8wdslki,Nijmegen Eendracht Combinatie,ac3lkaa1lkbsa82tfylq5zcb8,N. Lebreton,40.95,13.600000000000001,1,1.0,turnover,False,0.0
2026-03-22_Nijmegen Eendracht Combinatie - SC Heerenveen,2915253275,2,61,8,4vd2t5schmvvufrfib7f2vjdf,SC Heerenveen,e5hzt8nmhu2ktn69dsv67ga38,M. Linday,25.935,7.208,1,1.0,turnover,False,0.0
2026-03-22_Nijmegen Eendracht Combinatie - SC Heerenveen,2915255239,2,64,13,8iawijq7s9s6d85mjz8wdslki,Nijmegen Eendracht Combinatie,1asrguqxyo7rmoyamggwd9oq2,A. Kaplan,45.045,48.416000000000004,0,0.0,turnover,False,0.0
2026-03-22_Nijmegen Eendracht Combinatie - SC Heerenveen,2915256955,2,66,54,4vd2t5schmvvufrfib7f2vjdf,SC Heerenveen,idvh0ac1f8wv39640pyl4esp,S. Kersten,20.475,20.196,3,3.0,turnover,False,0.0
2026-03-22_Nijmegen Eendracht Combinatie - SC Heerenveen,2915267509,2,84,21,8iawijq7s9s6d85mjz8wdslki,Nijmegen Eendracht Combinatie,1gl82ymzh9vpitix6v645awa,D. Nejašmić,59.010000000000005,58.956,0,0.0,turnover,False,0.0
2026-03-22_Nijmegen Eendracht Combinatie - SC Heerenveen,2915268123,2,85,7,4vd2t5schmvvufrfib7f2vjdf,SC Heerenveen,88523fv89ozrqwnbhgphxual0,M. Egbring,62.685,4.284,0,0.0,turnover,False,0.0
2026-03-22_Nijmegen Eendracht Combinatie - SC Heerenveen,2915268575,2,85,39,4vd2t5schmvvufrfib7f2vjdf,SC Heerenveen,88523fv89ozrqwnbhgphxual0,M. Egbring,11.340000000000002,24.48,3,3.0,turnover,False,0.0
2026-03-22_Nijmegen Eendracht Combinatie - SC Heerenveen,2915272903,2,89,45,8iawijq7s9s6d85mjz8wdslki,Nijmegen Eendracht Combinatie,913pg8qqcjp99h5fjybbenob9,P. Sandler,34.02,33.864,4,9.0,window_expired,False,0.0003551529668137224
2026-03-22_SC Telstar - PSV Eindhoven,2915450697,1,4,36,zjawy6qdzk3y69v5pa3zl2cb,SC Telstar,8p3x0sm735fru6nthc87pjrbo,Neville Ogidi Nwankwo,22.155,29.580000000000002,4,2.0,turnover,False,1.2729673187772406e-05
2026-03-22_SC Telstar - PSV Eindhoven,2915454407,1,8,5,24fvcruwqrqvqa3aonf8c3zuy,PSV Eindhoven,dxmulnxbs11kpi1goq5hl9cve,A. Salah-Eddine,45.36000000000001,57.732000000000006,0,0.0,turnover,False,0.0
2026-03-22_SC Telstar - PSV Eindhoven,2915481679,1,36,9,zjawy6qdzk3y69v5pa3zl2cb,SC Telstar,4cbhx91p3l265b2cejzd07gbu,P. Brouwer,27.72,59.568,0,0.0,turnover,False,0.0
2026-03-22_SC Telstar - PSV Eindhoven,2915487151,1,41,14,24fvcruwqrqvqa3aonf8c3zuy,PSV Eindhoven,5lvdnoyknuoyr6kdruposgctl,J. Schouten,34.125,18.360000000000003,1,1.0,turnover,False,0.0
2026-03-22_SC Telstar - PSV Eindhoven,2915492311,1,46,14,24fvcruwqrqvqa3aonf8c3zuy,PSV Eindhoven,biee6dvb524juzai7iryyskix,D. Man,69.19500000000001,14.688000000000002,5,9.0,window_expired,False,0.0002750706482555
2026-03-22_SC Telstar - PSV Eindhoven,2915517427,2,50,8,24fvcruwqrqvqa3aonf8c3zuy,PSV Eindhoven,2gsq05yyxwe4f8t79j6d49q6t,I. Perišić,69.72000000000001,8.024000000000001,0,0.0,turnover,False,0.0
2026-03-22_SC Telstar - PSV Eindhoven,2915518655,2,51,26,24fvcruwqrqvqa3aonf8c3zuy,PSV Eindhoven,3ojwbw6v83g9b0u2wssnkzzzd,A. Obispo,17.85,26.520000000000003,0,0.0,turnover,False,0.0
2026-03-22_SC Telstar - PSV Eindhoven,2915519201,2,52,32,24fvcruwqrqvqa3aonf8c3zuy,PSV Eindhoven,5lvdnoyknuoyr6kdruposgctl,J. Schouten,28.455000000000002,21.080000000000002,4,4.0,turnover,False,0.004603586695482343
2026-03-22_SC Telstar - PSV Eindhoven,2915539363,2,68,26,zjawy6qdzk3y69v5pa3zl2cb,SC Telstar,f5pgdha5h37xytbk1zq8q710,D. Koswal,5.1450000000000005,39.372,0,0.0,turnover,False,0.0
2026-03-22_SC Telstar - PSV Eindhoven,2915543723,2,71,22,zjawy6qdzk3y69v5pa3zl2cb,SC Telstar,y1ky8sp8scl05mmfr7byy3md,J. Hardeveld,29.925,58.75200000000001,2,4.0,window_expired,False,0.0001242094770637
2026-03-22_SC Telstar - PSV Eindhoven,2915567303,2,88,46,24fvcruwqrqvqa3aonf8c3zuy,PSV Eindhoven,3ojwbw6v83g9b0u2wssnkzzzd,A. Obispo,58.275000000000006,44.948,3,8.0,window_expired,False,0.0057676610256442995
2026-04-04_AFC Ajax - FC Twente,2919391741,1,1,6,d0zdg647gvgc95xdtk1vpbkys,AFC Ajax,9tp35qqu1heburu0g5wa6jv56,Lucas Rosa,14.07,46.376000000000005,1,1.0,turnover,False,0.0
2026-04-04_AFC Ajax - FC Twente,2919392337,1,2,4,4tic29sox7m39fy1ztgv0jsiq,FC Twente,ewwo2c7kw1b1okrngjl4j4dm1,S. Lammers,73.92000000000002,40.188,0,0.0,turnover,False,0.0
2026-04-04_AFC Ajax - FC Twente,2919393391,1,3,45,d0zdg647gvgc95xdtk1vpbkys,AFC Ajax,cx6fxszjvjam6zb3c3p0dd1jo,M. Godts,16.695,45.696000000000005,1,2.0,turnover,False,0.0
2026-04-04_AFC Ajax - FC Twente,2919399759,1,11,36,4tic29sox7m39fy1ztgv0jsiq,FC Twente,dc119ejc7lls2rd3ywigl2smi,R. Zerrouki,34.86000000000001,24.548000000000002,2,1.0,turnover,False,0.0
2026-04-04_AFC Ajax - FC Twente,2919400565,1,12,34,d0zdg647gvgc95xdtk1vpbkys,AFC Ajax,1wse4b1hxu37e7t5ty5ykn7c9,J. Šutalo,41.580000000000005,19.992,5,7.0,turnover,False,0.0157921452127118
2026-04-04_AFC Ajax - FC Twente,2919402451,1,15,6,d0zdg647gvgc95xdtk1vpbkys,AFC Ajax,9tp35qqu1heburu0g5wa6jv56,Lucas Rosa,26.669999999999998,59.704,1,0.0,window_expired,False,0.0
2026-04-04_AFC Ajax - FC Twente,2919403797,1,16,53,4tic29sox7m39fy1ztgv0jsiq,FC Twente,dc119ejc7lls2rd3ywigl2smi,R. Zerrouki,30.87,2.924,2,2.0,turnover,False,0.0
2026-04-04_AFC Ajax - FC Twente,2919423615,1,43,49,4tic29sox7m39fy1ztgv0jsiq,FC Twente,5r47vtvu418kae5j2rpv6w2dw,M. Rots,79.485,52.7,2,1.0,turnover,False,0.0
2026-04-04_AFC Ajax - FC Twente,2919423857,1,44,7,d0zdg647gvgc95xdtk1vpbkys,AFC Ajax,brfa9yhy2llgt9l75unddogk,J. Mokio,33.6,35.02,1,0.0,turnover,False,0.0
2026-04-04_AFC Ajax - FC Twente,2919425733,1,46,52,4tic29sox7m39fy1ztgv0jsiq,FC Twente,5r47vtvu418kae5j2rpv6w2dw,M. Rots,27.930000000000003,54.06,4,1.0,turnover,False,2.849351885444995e-05
2026-04-04_AFC Ajax - FC Twente,2919435385,2,47,24,4tic29sox7m39fy1ztgv0jsiq,FC Twente,a339o11ut8s1o9odm6ybc4pka,T. van den Belt,13.965000000000002,34.544000000000004,1,2.0,window_expired,False,0.0
2026-04-04_AFC Ajax - FC Twente,2919438673,2,53,22,d0zdg647gvgc95xdtk1vpbkys,AFC Ajax,brfa9yhy2llgt9l75unddogk,J. Mokio,93.765,20.196,1,0.0,window_expired,False,0.0
2026-04-04_AFC Ajax - FC Twente,2919445821,2,65,6,d0zdg647gvgc95xdtk1vpbkys,AFC Ajax,1wse4b1hxu37e7t5ty5ykn7c9,J. Šutalo,31.290000000000003,28.152,6,10.0,window_expired,False,0.0007646535673642592
2026-04-04_AFC Ajax - FC Twente,2919447237,2,68,0,d0zdg647gvgc95xdtk1vpbkys,AFC Ajax,cx6fxszjvjam6zb3c3p0dd1jo,M. Godts,23.1,20.672,3,2.0,turnover,False,0.0
2026-04-04_AFC Ajax - FC Twente,2919449161,2,71,17,4tic29sox7m39fy1ztgv0jsiq,FC Twente,cocgd3hh74fq9c30x9bps4idw,S. Lemkin,42.315,28.424,0,0.0,turnover,False,0.0
2026-04-04_AFC Ajax - FC Twente,2919451963,2,75,44,d0zdg647gvgc95xdtk1vpbkys,AFC Ajax,1wse4b1hxu37e7t5ty5ykn7c9,J. Šutalo,15.120000000000001,30.668000000000003,0,0.0,turnover,False,0.0
2026-04-04_AFC Ajax - FC Twente,2919456527,2,82,45,d0zdg647gvgc95xdtk1vpbkys,AFC Ajax,4n18t6bixl6ba3bx76hym51qs,A. Gaaei,64.89,11.152,3,8.0,window_expired,False,0.0026452562628909
2026-04-04_AFC Ajax - FC Twente,2920012475,2,91,19,4tic29sox7m39fy1ztgv0jsiq,FC Twente,2hbduprkyabq8g1nhe6b4g3bp,M. Pjaca,30.555000000000003,22.712,3,5.0,turnover,False,0.0
2026-04-04_AFC Ajax - FC Twente,2919462883,2,92,18,4tic29sox7m39fy1ztgv0jsiq,FC Twente,qobf1v5kwuz6hj2ooixfw4mi,B. van Rooij,62.895,2.72,1,1.0,turnover,False,0.0
2026-04-04_Alkmaar Zaanstreek - Fortuna Sittard,2919278207,1,6,31,3ebril33e08ddzob4bhq8awsr,Fortuna Sittard,7b4jmfu1ejoeci2zmvwuejnys,P. Brittijn,51.660000000000004,22.032,0,0.0,turnover,False,0.0
2026-04-04_Alkmaar Zaanstreek - Fortuna Sittard,2919279095,1,7,25,3ebril33e08ddzob4bhq8awsr,Fortuna Sittard,2fbolmn7pyvn5oto4zoeqguwa,N. Kasanwirjo,20.580000000000002,12.24,6,9.0,turnover,False,0.0011584779830253
2026-04-04_Alkmaar Zaanstreek - Fortuna Sittard,2919284651,1,12,15,3kfktv64h7kg7zryax1wktr5r,Alkmaar Zaanstreek,8u19xeh9ugvh8f1mh7jnbbhuc,K. Smit,60.06,20.876,3,9.0,window_expired,False,0.0
2026-04-04_Alkmaar Zaanstreek - Fortuna Sittard,2919295549,1,21,56,3kfktv64h7kg7zryax1wktr5r,Alkmaar Zaanstreek,7jpreaads35pnnfqbn7hmrmy,S. Mijnans,29.925,27.132,0,0.0,turnover,False,0.0
2026-04-04_Alkmaar Zaanstreek - Fortuna Sittard,2919301217,1,27,14,3kfktv64h7kg7zryax1wktr5r,Alkmaar Zaanstreek,5ylwgfqvaobru2lxqvlhpxul0,E. Dijkstra,29.715000000000003,56.1,0,0.0,turnover,False,0.0
2026-04-04_Alkmaar Zaanstreek - Fortuna Sittard,2919303725,1,29,33,3kfktv64h7kg7zryax1wktr5r,Alkmaar Zaanstreek,5ylwgfqvaobru2lxqvlhpxul0,E. Dijkstra,14.28,61.336000000000006,5,6.0,window_expired,False,0.00036979148648866967
2026-04-04_Alkmaar Zaanstreek - Fortuna Sittard,2919311129,1,36,3,3ebril33e08ddzob4bhq8awsr,Fortuna Sittard,7b4jmfu1ejoeci2zmvwuejnys,P. Brittijn,32.025,13.056000000000001,3,3.0,turnover,False,0.0
2026-04-04_Alkmaar Zaanstreek - Fortuna Sittard,2919311193,1,36,6,3kfktv64h7kg7zryax1wktr5r,Alkmaar Zaanstreek,nw48ayorxrpxwcxbdhxy44k4,B. van Duijl,62.265,64.19200000000001,1,0.0,window_expired,False,0.0
2026-04-04_Alkmaar Zaanstreek - Fortuna Sittard,2919317545,1,41,29,3kfktv64h7kg7zryax1wktr5r,Alkmaar Zaanstreek,ck3l6a262hves3v6nywarx9pm,Alexandre Penetra,72.66000000000001,26.180000000000003,0,0.0,turnover,False,0.0
2026-04-04_Alkmaar Zaanstreek - Fortuna Sittard,2919346155,2,52,21,3kfktv64h7kg7zryax1wktr5r,Alkmaar Zaanstreek,5ylwgfqvaobru2lxqvlhpxul0,E. Dijkstra,38.43,60.18000000000001,0,0.0,turnover,False,0.0
2026-04-04_Alkmaar Zaanstreek - Fortuna Sittard,2919349697,2,55,48,3ebril33e08ddzob4bhq8awsr,Fortuna Sittard,34258m1cvslz8r6d17nv4b90q,S. van Ottele,66.57000000000001,12.852,1,2.0,turnover,False,0.0
2026-04-04_Alkmaar Zaanstreek - Fortuna Sittard,2919349823,2,55,54,3ebril33e08ddzob4bhq8awsr,Fortuna Sittard,7b4jmfu1ejoeci2zmvwuejnys,P. Brittijn,69.615,5.644000000000001,3,6.0,turnover,True,0.0001099270461309
2026-04-04_Alkmaar Zaanstreek - Fortuna Sittard,2919372357,2,79,5,3ebril33e08ddzob4bhq8awsr,Fortuna Sittard,7b4jmfu1ejoeci2zmvwuejnys,P. Brittijn,20.895,13.668000000000003,0,0.0,turnover,False,0.0
2026-04-04_Alkmaar Zaanstreek - Fortuna Sittard,2919372525,2,79,14,3kfktv64h7kg7zryax1wktr5r,Alkmaar Zaanstreek,nw48ayorxrpxwcxbdhxy44k4,B. van Duijl,12.39,38.556000000000004,0,0.0,turnover,False,0.0
2026-04-04_Alkmaar Zaanstreek - Fortuna Sittard,2919379041,2,86,7,3ebril33e08ddzob4bhq8awsr,Fortuna Sittard,8przxwwothu3crflys7ahl4dm,S. Adewoye,45.57,21.488000000000003,0,0.0,turnover,False,0.0
2026-04-04_Alkmaar Zaanstreek - Fortuna Sittard,2919384123,2,91,57,3kfktv64h7kg7zryax1wktr5r,Alkmaar Zaanstreek,7jgtmmk4b2bgn0syidj6ve7kl,J. Clasie,58.065,10.200000000000001,0,0.0,turnover,False,0.0
2026-04-04_Alkmaar Zaanstreek - Fortuna Sittard,2919384363,2,92,17,3ebril33e08ddzob4bhq8awsr,Fortuna Sittard,8przxwwothu3crflys7ahl4dm,S. Adewoye,21.945,32.096000000000004,2,6.0,turnover,False,0.0
2026-04-04_PSV Eindhoven - FC Utrecht,2919137745,1,14,23,24fvcruwqrqvqa3aonf8c3zuy,PSV Eindhoven,5lvdnoyknuoyr6kdruposgctl,J. Schouten,53.339999999999996,15.504000000000001,2,2.0,turnover,False,0.0002922578673393
2026-04-04_PSV Eindhoven - FC Utrecht,2919142547,1,17,2,24fvcruwqrqvqa3aonf8c3zuy,PSV Eindhoven,d36na8jr6xcc8eronhy8mcz1m,K. Sildillia,15.855,31.28,2,2.0,turnover,False,0.0
2026-04-04_PSV Eindhoven - FC Utrecht,2919144977,1,19,38,ccpscwdcm65czscrun048ecn5,FC Utrecht,3ypxn1nvgv8e321sq5394w3my,M. Didden,28.980000000000004,63.104,2,2.0,turnover,False,0.0
2026-04-04_PSV Eindhoven - FC Utrecht,2919505265,1,20,0,24fvcruwqrqvqa3aonf8c3zuy,PSV Eindhoven,5lvdnoyknuoyr6kdruposgctl,J. Schouten,49.980000000000004,8.5,0,0.0,turnover,False,0.0
2026-04-04_PSV Eindhoven - FC Utrecht,2919148001,1,22,59,24fvcruwqrqvqa3aonf8c3zuy,PSV Eindhoven,5lvdnoyknuoyr6kdruposgctl,J. Schouten,38.010000000000005,20.468000000000004,3,8.0,window_expired,False,0.0100019542069358
2026-04-04_PSV Eindhoven - FC Utrecht,2919149283,1,24,24,ccpscwdcm65czscrun048ecn5,FC Utrecht,8lt54ei6pcu25u8uerigmx5yi,A. Engwanda,79.38,41.684000000000005,1,2.0,turnover,False,0.0
2026-04-04_PSV Eindhoven - FC Utrecht,2919150585,1,26,4,24fvcruwqrqvqa3aonf8c3zuy,PSV Eindhoven,5lvdnoyknuoyr6kdruposgctl,J. Schouten,42.63,21.964,4,9.0,window_expired,False,0.0029577848506486
2026-04-04_PSV Eindhoven - FC Utrecht,2919153889,1,30,42,ccpscwdcm65czscrun048ecn5,FC Utrecht,8tqsvu5sw6kn014hdv88zppm1,N. Vesterlund,13.965000000000002,21.284000000000002,0,0.0,turnover,False,0.0
2026-04-04_PSV Eindhoven - FC Utrecht,2919158651,1,35,42,ccpscwdcm65czscrun048ecn5,FC Utrecht,3r6elcuru7no13hrfczmwbmy1,S. Horemans,15.855,19.652,1,1.0,turnover,False,0.0
2026-04-04_PSV Eindhoven - FC Utrecht,2919163667,1,39,32,24fvcruwqrqvqa3aonf8c3zuy,PSV Eindhoven,2gsq05yyxwe4f8t79j6d49q6t,I. Perišić,28.56,42.636,5,9.0,turnover,False,2.229656976317218e-05
2026-04-04_PSV Eindhoven - FC Utrecht,2919201803,2,57,31,ccpscwdcm65czscrun048ecn5,FC Utrecht,4ej8uchqe3rt1s5h6phjo3310,G. Zechiël,74.025,58.956,3,7.0,turnover,False,0.0054006232560171
2026-04-04_PSV Eindhoven - FC Utrecht,2919203797,2,59,22,24fvcruwqrqvqa3aonf8c3zuy,PSV Eindhoven,5lvdnoyknuoyr6kdruposgctl,J. Schouten,39.58500000000001,13.668000000000003,0,0.0,turnover,False,0.0
2026-04-04_PSV Eindhoven - FC Utrecht,2919205755,2,61,17,ccpscwdcm65czscrun048ecn5,FC Utrecht,aafz6q5ggn9e6m5hprc71lgph,M. van der Hoorn,33.705000000000005,50.660000000000004,5,6.0,window_expired,False,0.005702572983762579
2026-04-04_PSV Eindhoven - FC Utrecht,2919210899,2,67,38,24fvcruwqrqvqa3aonf8c3zuy,PSV Eindhoven,2gsq05yyxwe4f8t79j6d49q6t,I. Perišić,56.7,31.756000000000004,0,0.0,turnover,False,0.0
2026-04-04_PSV Eindhoven - FC Utrecht,2919212107,2,70,7,24fvcruwqrqvqa3aonf8c3zuy,PSV Eindhoven,c6ip6gwp8yvchd1n3dv42go9,Mauro Júnior,35.28,49.844,2,6.0,window_expired,False,0.0054393398372859
2026-04-04_PSV Eindhoven - FC Utrecht,2919217249,2,77,29,ccpscwdcm65czscrun048ecn5,FC Utrecht,aafz6q5ggn9e6m5hprc71lgph,M. van der Hoorn,53.97,48.75600000000001,0,0.0,turnover,False,0.0
2026-04-04_PSV Eindhoven - FC Utrecht,2919231893,2,91,48,24fvcruwqrqvqa3aonf8c3zuy,PSV Eindhoven,cmdeqxibr6holfqg17ap9uihg,Yarek Gąsiorowski,38.745,57.800000000000004,0,0.0,turnover,False,0.0
2026-04-04_PSV Eindhoven - FC Utrecht,2919240721,2,91,51,24fvcruwqrqvqa3aonf8c3zuy,PSV Eindhoven,cmdeqxibr6holfqg17ap9uihg,Yarek Gąsiorowski,37.589999999999996,51.408,4,4.0,turnover,False,0.00037197120788041635
2026-04-04_SBV Excelsior - Nijmegen Eendracht Combinatie,2919395183,1,6,30,dqk062lu0vm8epvytbm6r4mmf,SBV Excelsior,c6i4usq34m3389rtbqptahrai,R. Meissen,40.214999999999996,24.072,3,5.0,turnover,False,0.0
2026-04-04_SBV Excelsior - Nijmegen Eendracht Combinatie,2919402589,1,15,45,8iawijq7s9s6d85mjz8wdslki,Nijmegen Eendracht Combinatie,1gl82ymzh9vpitix6v645awa,D. Nejašmić,25.41,51.136,1,3.0,window_expired,False,0.0
2026-04-04_SBV Excelsior - Nijmegen Eendracht Combinatie,2919403271,1,16,39,8iawijq7s9s6d85mjz8wdslki,Nijmegen Eendracht Combinatie,2yivr64anye4c0p62m16l78yc,S. Ouaissa,43.89,12.172,2,2.0,turnover,False,0.000619340359153
2026-04-04_SBV Excelsior - Nijmegen Eendracht Combinatie,2919404067,1,17,47,8iawijq7s9s6d85mjz8wdslki,Nijmegen Eendracht Combinatie,2yivr64anye4c0p62m16l78yc,S. Ouaissa,72.66000000000001,2.4480000000000004,1,0.0,turnover,False,0.0
2026-04-04_SBV Excelsior - Nijmegen Eendracht Combinatie,2919405177,1,19,21,dqk062lu0vm8epvytbm6r4mmf,SBV Excelsior,c6i4usq34m3389rtbqptahrai,R. Meissen,54.705000000000005,21.216,0,0.0,turnover,False,0.0
2026-04-04_SBV Excelsior - Nijmegen Eendracht Combinatie,2919408559,1,23,52,dqk062lu0vm8epvytbm6r4mmf,SBV Excelsior,6coor7jll29drx4kgvyt499wq,N. Naujoks,41.685,56.03200000000001,1,0.0,turnover,False,0.0
2026-04-04_SBV Excelsior - Nijmegen Eendracht Combinatie,2919417617,1,35,35,8iawijq7s9s6d85mjz8wdslki,Nijmegen Eendracht Combinatie,2yivr64anye4c0p62m16l78yc,S. Ouaissa,62.160000000000004,7.276,2,1.0,turnover,False,0.0
2026-04-04_SBV Excelsior - Nijmegen Eendracht Combinatie,2919418799,1,37,23,8iawijq7s9s6d85mjz8wdslki,Nijmegen Eendracht Combinatie,1gl82ymzh9vpitix6v645awa,D. Nejašmić,68.775,55.89600000000001,2,3.0,turnover,False,0.0020104367720276
2026-04-04_SBV Excelsior - Nijmegen Eendracht Combinatie,2919436297,2,52,33,8iawijq7s9s6d85mjz8wdslki,Nijmegen Eendracht Combinatie,ds0hd4ezvb5rw6l95rhbxtq1g,B. Önal,26.355000000000004,56.168,0,0.0,turnover,False,0.0
2026-04-04_SBV Excelsior - Nijmegen Eendracht Combinatie,2919446239,2,69,23,dqk062lu0vm8epvytbm6r4mmf,SBV Excelsior,c6i4usq34m3389rtbqptahrai,R. Meissen,42.315,2.652,0,0.0,turnover,False,0.0
2026-04-04_SBV Excelsior - Nijmegen Eendracht Combinatie,2919446447,2,69,53,dqk062lu0vm8epvytbm6r4mmf,SBV Excelsior,c6i4usq34m3389rtbqptahrai,R. Meissen,25.41,6.596,0,0.0,turnover,False,0.0
2026-04-04_SBV Excelsior - Nijmegen Eendracht Combinatie,2919448371,2,73,33,8iawijq7s9s6d85mjz8wdslki,Nijmegen Eendracht Combinatie,dse071e8zbzm8l37m64g6e1p0,K. Sano,48.195,24.956000000000003,2,2.0,turnover,False,5.408565526884845e-05
2026-04-04_SBV Excelsior - Nijmegen Eendracht Combinatie,2919451803,2,78,54,dqk062lu0vm8epvytbm6r4mmf,SBV Excelsior,c6i4usq34m3389rtbqptahrai,R. Meissen,34.86000000000001,21.012,1,0.0,turnover,False,0.0
2026-04-04_SBV Excelsior - Nijmegen Eendracht Combinatie,2919458667,2,89,16,dqk062lu0vm8epvytbm6r4mmf,SBV Excelsior,3hu6e9wa0nt4ekubxye6l4pas,I. Yegoian,26.880000000000003,39.984,2,4.0,turnover,False,0.0
2026-04-04_SBV Excelsior - Nijmegen Eendracht Combinatie,2919458933,2,89,39,dqk062lu0vm8epvytbm6r4mmf,SBV Excelsior,cs49ec8y6cubrlo5nmu3j3jtg,L. Schouten,34.44,34.544000000000004,0,0.0,turnover,False,0.0
2026-04-04_SBV Excelsior - Nijmegen Eendracht Combinatie,2919459135,2,89,58,dqk062lu0vm8epvytbm6r4mmf,SBV Excelsior,cdhqb1a4h246hu0u13pm0tqay,I. Bronkhorst,35.175000000000004,2.584,0,0.0,turnover,False,0.0
2026-04-04_SC Telstar - FC Groningen,2919262595,1,2,7,zjawy6qdzk3y69v5pa3zl2cb,SC Telstar,4cbhx91p3l265b2cejzd07gbu,P. Brouwer,40.214999999999996,20.536,2,7.0,window_expired,False,0.0
2026-04-04_SC Telstar - FC Groningen,2919265427,1,5,27,cos9hxi16eitbcbthof7zrm4m,FC Groningen,1c4fzmrwmlwaqmqomge14rqc4,D. Janse,4.41,48.21200000000001,0,0.0,turnover,False,0.0
2026-04-04_SC Telstar - FC Groningen,2919266259,1,6,27,cos9hxi16eitbcbthof7zrm4m,FC Groningen,1c4fzmrwmlwaqmqomge14rqc4,D. Janse,13.965000000000002,42.092,3,7.0,turnover,False,1.7622828720420536e-05
2026-04-04_SC Telstar - FC Groningen,2919272593,1,14,13,zjawy6qdzk3y69v5pa3zl2cb,SC Telstar,4cbhx91p3l265b2cejzd07gbu,P. Brouwer,25.305000000000003,2.788,1,0.0,turnover,False,0.0
2026-04-04_SC Telstar - FC Groningen,2919287843,1,28,13,zjawy6qdzk3y69v5pa3zl2cb,SC Telstar,8p3x0sm735fru6nthc87pjrbo,Neville Ogidi Nwankwo,47.88,33.592,5,9.0,turnover,True,0.0238530260265162
2026-04-04_SC Telstar - FC Groningen,2919335959,2,50,50,cos9hxi16eitbcbthof7zrm4m,FC Groningen,9wwud2tglhtdocmjgl2u5ib6c,T. Blokzijl,63.73500000000001,34.34,3,5.0,turnover,False,0.000723485317544
2026-04-04_SC Telstar - FC Groningen,2919339193,2,54,32,cos9hxi16eitbcbthof7zrm4m,FC Groningen,4dk7h575fifmw2lhslevhmhux,M. Rente,22.680000000000003,22.168000000000003,3,3.0,turnover,False,0.0013076118115327
2026-04-04_SC Telstar - FC Groningen,2919341733,2,56,53,cos9hxi16eitbcbthof7zrm4m,FC Groningen,1nk0hcaa9o4jnyxc9ndz1lams,D. van der Werff,36.96000000000001,33.864,0,0.0,turnover,False,0.0
2026-04-04_SC Telstar - FC Groningen,2919349983,2,64,56,cos9hxi16eitbcbthof7zrm4m,FC Groningen,4dk7h575fifmw2lhslevhmhux,M. Rente,37.695,9.860000000000001,0,0.0,turnover,False,0.0
2026-04-04_SC Telstar - FC Groningen,2919375125,2,90,56,zjawy6qdzk3y69v5pa3zl2cb,SC Telstar,52cqyvn8cfh83i5zwm3181pbe,T. Noslin,19.740000000000002,6.868,1,1.0,turnover,False,0.0
2026-04-04_SC Telstar - FC Groningen,2919375179,2,91,0,cos9hxi16eitbcbthof7zrm4m,FC Groningen,98qi4clazqen9kimkxt3jb6j9,M. Peersman,66.99,66.572,0,0.0,turnover,False,0.0
2026-04-04_SC Telstar - FC Groningen,2919375997,2,91,54,cos9hxi16eitbcbthof7zrm4m,FC Groningen,e6x3hs6v8cq74ojgluyny72fo,T. Land,58.065,38.692,0,0.0,turnover,False,0.0
2026-04-05_FC Volendam - Feyenoord Rotterdam,2919843125,1,2,22,6g9qrm72224jrk6tkxxxi8a9n,FC Volendam,ealh7n21gctxxw5ol3l3yxzze,Y. Leliendal,38.325,60.384,0,0.0,turnover,False,0.0
2026-04-05_FC Volendam - Feyenoord Rotterdam,2919853101,1,12,22,6g9qrm72224jrk6tkxxxi8a9n,FC Volendam,4utx4h5jz14whtjawxn7ox0r8,N. Verschuren,18.900000000000002,43.79200000000001,1,1.0,turnover,False,0.0
2026-04-05_FC Volendam - Feyenoord Rotterdam,2919857209,1,16,8,6g9qrm72224jrk6tkxxxi8a9n,FC Volendam,btrg844mxkl6kbn89s7aecj8q,G. Yah,18.165000000000003,12.104000000000001,3,2.0,turnover,False,0.0
2026-04-05_FC Volendam - Feyenoord Rotterdam,2919859701,1,18,42,20vymiy7bo8wkyxai3ew494fz,Feyenoord Rotterdam,9d4ald4f0m2imaastzen4j8mi,O. Targhalline,61.005,59.228,0,0.0,turnover,False,0.0
2026-04-05_FC Volendam - Feyenoord Rotterdam,2919862539,1,21,45,20vymiy7bo8wkyxai3ew494fz,Feyenoord Rotterdam,eoodvdqfvhql03i8kv9l14qvo,T. Kraaijeveld,19.005000000000003,37.536,2,4.0,turnover,False,1.562603777235938e-05
2026-04-05_FC Volendam - Feyenoord Rotterdam,2919866437,1,26,18,6g9qrm72224jrk6tkxxxi8a9n,FC Volendam,8r3k1iuul274c0ha0vy90jys,A. Oehlers,22.995,12.58,0,0.0,turnover,False,0.0
2026-04-05_FC Volendam - Feyenoord Rotterdam,2919867713,1,27,52,20vymiy7bo8wkyxai3ew494fz,Feyenoord Rotterdam,eoodvdqfvhql03i8kv9l14qvo,T. Kraaijeveld,37.589999999999996,18.360000000000003,0,0.0,turnover,False,0.0
2026-04-05_FC Volendam - Feyenoord Rotterdam,2919868419,1,28,42,6g9qrm72224jrk6tkxxxi8a9n,FC Volendam,ealh7n21gctxxw5ol3l3yxzze,Y. Leliendal,64.365,55.89600000000001,1,3.0,turnover,False,0.0
2026-04-05_FC Volendam - Feyenoord Rotterdam,2919869609,1,30,9,20vymiy7bo8wkyxai3ew494fz,Feyenoord Rotterdam,9d4ald4f0m2imaastzen4j8mi,O. Targhalline,16.275000000000002,20.468000000000004,3,7.0,turnover,False,0.0
2026-04-05_FC Volendam - Feyenoord Rotterdam,2919871725,1,32,8,6g9qrm72224jrk6tkxxxi8a9n,FC Volendam,28rtnolu3a2au3on0jtwzhu6s,P. Ugwu,65.52,20.264000000000003,0,0.0,turnover,False,0.0
2026-04-05_FC Volendam - Feyenoord Rotterdam,2919908415,2,48,37,6g9qrm72224jrk6tkxxxi8a9n,FC Volendam,btrg844mxkl6kbn89s7aecj8q,G. Yah,46.830000000000005,48.07600000000001,0,0.0,turnover,False,0.0
2026-04-05_FC Volendam - Feyenoord Rotterdam,2919915695,2,56,3,20vymiy7bo8wkyxai3ew494fz,Feyenoord Rotterdam,bwxn7o8ved1xo5bmfkfgzekiy,J. Bos,23.835,45.967999999999996,2,2.0,turnover,False,0.0
2026-04-05_FC Volendam - Feyenoord Rotterdam,2919920321,2,61,5,6g9qrm72224jrk6tkxxxi8a9n,FC Volendam,28rtnolu3a2au3on0jtwzhu6s,P. Ugwu,8.19,18.292,2,6.0,window_expired,False,0.0
2026-04-05_FC Volendam - Feyenoord Rotterdam,2919952867,2,65,13,6g9qrm72224jrk6tkxxxi8a9n,FC Volendam,4utx4h5jz14whtjawxn7ox0r8,N. Verschuren,5.04,39.712,4,3.0,turnover,False,0.0
2026-04-05_FC Volendam - Feyenoord Rotterdam,2919924967,2,68,6,6g9qrm72224jrk6tkxxxi8a9n,FC Volendam,4utx4h5jz14whtjawxn7ox0r8,N. Verschuren,37.38,47.87200000000001,0,0.0,turnover,False,0.0
2026-04-05_FC Volendam - Feyenoord Rotterdam,2919935705,2,82,11,6g9qrm72224jrk6tkxxxi8a9n,FC Volendam,89plvrt8pzppcclh4axvii0ru,A. Plat,48.195,20.672,1,1.0,turnover,False,0.0
2026-04-05_FC Volendam - Feyenoord Rotterdam,2919939819,2,86,34,20vymiy7bo8wkyxai3ew494fz,Feyenoord Rotterdam,29fr98or3mqippn84z3p9ihhw,L. Valente,50.82,23.528000000000002,3,5.0,turnover,False,0.0003428125206116
2026-04-05_FC Volendam - Feyenoord Rotterdam,2919945421,2,92,28,20vymiy7bo8wkyxai3ew494fz,Feyenoord Rotterdam,29fr98or3mqippn84z3p9ihhw,L. Valente,15.225000000000001,64.804,1,0.0,turnover,False,0.0
2026-04-05_FC Volendam - Feyenoord Rotterdam,2919947005,2,94,27,6g9qrm72224jrk6tkxxxi8a9n,FC Volendam,ealh7n21gctxxw5ol3l3yxzze,Y. Leliendal,26.040000000000003,55.284,2,7.0,turnover,False,0.0
2026-04-05_Go Ahead Eagles - PEC Zwolle,2919813881,1,1,13,2uuh2bir8ktof0uxfo06lb4ox,PEC Zwolle,4phgw75cred5p93hjq8hiou6t,S. Floranus,47.98500000000001,62.016000000000005,0,0.0,turnover,False,0.0
2026-04-05_Go Ahead Eagles - PEC Zwolle,2919818823,1,10,8,2uuh2bir8ktof0uxfo06lb4ox,PEC Zwolle,d29ahwtvs7ls75wdtkf7xr8tm,Z. Buurmeester,84.105,35.156000000000006,2,1.0,turnover,True,0.0
2026-04-05_Go Ahead Eagles - PEC Zwolle,2919819317,1,10,45,2uuh2bir8ktof0uxfo06lb4ox,PEC Zwolle,d29ahwtvs7ls75wdtkf7xr8tm,Z. Buurmeester,41.685,45.628,1,2.0,turnover,False,0.0
2026-04-05_Go Ahead Eagles - PEC Zwolle,2919825529,1,17,34,2uuh2bir8ktof0uxfo06lb4ox,PEC Zwolle,684nd3xjli51z43pbla0mwa21,T. Oosting,32.76,12.920000000000002,0,0.0,turnover,False,0.0
2026-04-05_Go Ahead Eagles - PEC Zwolle,2919826287,1,18,23,2uuh2bir8ktof0uxfo06lb4ox,PEC Zwolle,6nd0ifv6ljza9nauxcpejqzft,O. Velanas,9.240000000000002,46.580000000000005,0,0.0,turnover,False,0.0
2026-04-05_Go Ahead Eagles - PEC Zwolle,2919835649,1,29,8,2uuh2bir8ktof0uxfo06lb4ox,PEC Zwolle,d5g7rl9a83vu3cyyzvu5yveqy,A. MacNulty,28.455000000000002,53.788,1,2.0,turnover,False,0.0
2026-04-05_Go Ahead Eagles - PEC Zwolle,2919864903,2,46,17,b79uipsy57y1jqpy07h4i5ovk,Go Ahead Eagles,1q0v3qpciql8rkyz4qrlvbuju,J. Breum,6.615,41.61600000000001,1,1.0,window_expired,False,0.0
2026-04-05_Go Ahead Eagles - PEC Zwolle,2919866247,2,48,0,b79uipsy57y1jqpy07h4i5ovk,Go Ahead Eagles,61a5bh5xw947nv4mxx62gqaqx,J. Kramer,49.665,22.44,0,0.0,turnover,False,0.0
2026-04-05_Go Ahead Eagles - PEC Zwolle,2919867469,2,49,32,2uuh2bir8ktof0uxfo06lb4ox,PEC Zwolle,d29ahwtvs7ls75wdtkf7xr8tm,Z. Buurmeester,13.334999999999999,22.44,0,0.0,turnover,False,0.0
2026-04-05_Go Ahead Eagles - PEC Zwolle,2919869119,2,51,31,2uuh2bir8ktof0uxfo06lb4ox,PEC Zwolle,ekur9x1kzp8wq0lwfwev0b0bu,K. de Rooij,37.48500000000001,59.364000000000004,0,0.0,turnover,False,0.0
2026-04-05_Go Ahead Eagles - PEC Zwolle,2919871633,2,53,59,2uuh2bir8ktof0uxfo06lb4ox,PEC Zwolle,a7vlgirln231n3dqjhb72o0es,O. Aertssen,61.74,26.656000000000002,4,8.0,window_expired,False,0.0206707241110333
2026-04-05_Go Ahead Eagles - PEC Zwolle,2919877861,2,59,26,b79uipsy57y1jqpy07h4i5ovk,Go Ahead Eagles,2teefpvijsbzag4yi7fm1pyol,A. Sampsted,4.2,23.868000000000002,0,0.0,turnover,False,0.0
2026-04-05_Go Ahead Eagles - PEC Zwolle,2919888591,2,67,51,2uuh2bir8ktof0uxfo06lb4ox,PEC Zwolle,5mqog8k9eyi248jvrrp9fo8wk,N. Fichtinger,72.66000000000001,33.864,0,0.0,turnover,False,0.0
2026-04-05_Go Ahead Eagles - PEC Zwolle,2919905091,2,84,27,b79uipsy57y1jqpy07h4i5ovk,Go Ahead Eagles,891zjrm0zjc2e3ebjx11p2y38,J. Slory,13.65,22.032,1,1.0,turnover,False,0.0
2026-04-05_NAC Breda - Sparta Rotterdam,2919971773,1,5,3,89w5c6pw7vn0dxypi61tt0g4k,Sparta Rotterdam,1ueqcjuatzazpmz765tru4zdg,L. Martes,69.09,12.444,2,4.0,turnover,False,0.0
2026-04-05_NAC Breda - Sparta Rotterdam,2920304449,1,8,44,59t7flioj4w4mpwnrwbm0m8ck,NAC Breda,200chcevwu3znwew6xjyaof6d,F. Oldrup Jensen,41.37,36.176,3,5.0,turnover,False,0.0
2026-04-05_NAC Breda - Sparta Rotterdam,2919984519,1,26,19,59t7flioj4w4mpwnrwbm0m8ck,NAC Breda,8z4wdv767cv7ddqgrkz5txsrt,B. Kemper,34.44,51.61200000000001,4,6.0,turnover,False,0.0
2026-04-05_NAC Breda - Sparta Rotterdam,2920305059,1,30,1,59t7flioj4w4mpwnrwbm0m8ck,NAC Breda,7qwmlcxsxlxmq01g7dkt7v14a,M. Balard,12.915000000000001,3.944,1,1.0,turnover,False,0.0
2026-04-05_NAC Breda - Sparta Rotterdam,2919988647,1,31,27,89w5c6pw7vn0dxypi61tt0g4k,Sparta Rotterdam,ass524umdrpsq324wksaqef4k,M. Young,32.13,9.588000000000001,0,0.0,turnover,False,0.0
2026-04-05_NAC Breda - Sparta Rotterdam,2919991513,1,34,55,89w5c6pw7vn0dxypi61tt0g4k,Sparta Rotterdam,1ueqcjuatzazpmz765tru4zdg,L. Martes,30.66,11.968000000000002,3,10.0,window_expired,False,0.0033730757732479
2026-04-05_NAC Breda - Sparta Rotterdam,2920017423,2,50,54,89w5c6pw7vn0dxypi61tt0g4k,Sparta Rotterdam,ass524umdrpsq324wksaqef4k,M. Young,58.275000000000006,10.336,0,0.0,turnover,False,0.0
2026-04-05_NAC Breda - Sparta Rotterdam,2920022529,2,58,30,89w5c6pw7vn0dxypi61tt0g4k,Sparta Rotterdam,f57vs3qmmob743hdk2dxf56cq,S. Sambo,61.005,8.296,0,0.0,turnover,False,0.0
2026-04-05_NAC Breda - Sparta Rotterdam,2920029299,2,67,35,89w5c6pw7vn0dxypi61tt0g4k,Sparta Rotterdam,2nwthqvbk70e2qo35dgp35979,V. van Crooij,58.905,47.53200000000001,3,8.0,window_expired,False,0.0
2026-04-05_NAC Breda - Sparta Rotterdam,2920037807,2,79,21,89w5c6pw7vn0dxypi61tt0g4k,Sparta Rotterdam,8n9t52eeli3s39r8ujjhjt7je,J. Kitolano,11.025,27.064,2,2.0,turnover,False,0.0
2026-04-05_SC Heerenveen - Heracles Almelo,2919886591,1,39,43,dac758ef858jbq7pcb3gfwite,Heracles Almelo,mlqit2c8my1ewqy6avrfhf8q,A. Van Hoorenbeeck,31.605000000000004,31.28,0,0.0,turnover,False,0.0
2026-04-05_SC Heerenveen - Heracles Almelo,2919896905,1,41,7,dac758ef858jbq7pcb3gfwite,Heracles Almelo,1xsy3m0bzicto5ogxsd026bmy,E. Ahlstrand,43.47,15.232,2,4.0,turnover,False,0.0
2026-04-05_SC Heerenveen - Heracles Almelo,2919926577,2,61,18,dac758ef858jbq7pcb3gfwite,Heracles Almelo,mlqit2c8my1ewqy6avrfhf8q,A. Van Hoorenbeeck,34.02,56.236000000000004,0,0.0,turnover,False,0.0
2026-04-05_SC Heerenveen - Heracles Almelo,2919930051,2,67,8,4vd2t5schmvvufrfib7f2vjdf,SC Heerenveen,e5hzt8nmhu2ktn69dsv67ga38,M. Linday,56.07,49.64,4,9.0,window_expired,False,0.0299107365159352
2026-04-05_SC Heerenveen - Heracles Almelo,2919930345,2,67,26,dac758ef858jbq7pcb3gfwite,Heracles Almelo,6lyedmu2vuf7jig3jmhz9b4ve,D. van der Kust,25.935,43.656000000000006,1,2.0,turnover,False,0.0
2026-04-05_SC Heerenveen - Heracles Almelo,2919930461,2,67,34,4vd2t5schmvvufrfib7f2vjdf,SC Heerenveen,e5hzt8nmhu2ktn69dsv67ga38,M. Linday,59.745000000000005,28.832,0,0.0,turnover,False,0.0
2026-04-05_SC Heerenveen - Heracles Almelo,2919941263,2,78,27,dac758ef858jbq7pcb3gfwite,Heracles Almelo,1xsy3m0bzicto5ogxsd026bmy,E. Ahlstrand,63.73500000000001,60.452000000000005,1,1.0,turnover,False,0.0
2026-04-05_SC Heerenveen - Heracles Almelo,2919943633,2,80,55,dac758ef858jbq7pcb3gfwite,Heracles Almelo,e3akocgpppdty3ayxty1gf6xh,D. Mirani,45.78,23.732,5,9.0,turnover,False,0.0120254403223011
2026-04-05_SC Heerenveen - Heracles Almelo,2919944661,2,82,2,dac758ef858jbq7pcb3gfwite,Heracles Almelo,6lyedmu2vuf7jig3jmhz9b4ve,D. van der Kust,13.020000000000001,60.79200000000001,2,2.0,turnover,False,0.0
2026-04-05_SC Heerenveen - Heracles Almelo,2919948607,2,86,44,dac758ef858jbq7pcb3gfwite,Heracles Almelo,9y5kirmp6gcrsy2s1pinhkqy2,L. Kulenović,47.67,42.636,4,7.0,turnover,False,0.0007876380554688
2026-04-05_SC Heerenveen - Heracles Almelo,2919951833,2,90,48,dac758ef858jbq7pcb3gfwite,Heracles Almelo,6lyedmu2vuf7jig3jmhz9b4ve,D. van der Kust,12.705,39.57600000000001,2,2.0,window_expired,False,0.0016744241841004
2026-04-10_FC Twente - FC Volendam,2921747423,1,3,51,4tic29sox7m39fy1ztgv0jsiq,FC Twente,dc119ejc7lls2rd3ywigl2smi,R. Zerrouki,59.43000000000001,34.0,4,10.0,window_expired,False,0.0003245966365681
2026-04-10_FC Twente - FC Volendam,2921761087,1,17,32,4tic29sox7m39fy1ztgv0jsiq,FC Twente,dc119ejc7lls2rd3ywigl2smi,R. Zerrouki,57.96000000000001,28.084,4,8.0,window_expired,False,0.0006536112885795134
2026-04-10_FC Twente - FC Volendam,2921992725,1,24,52,6g9qrm72224jrk6tkxxxi8a9n,FC Volendam,4ezldqmn62ggasx6pniqbfwno,J. Ideho,33.6,52.7,0,0.0,turnover,False,0.0
2026-04-10_FC Twente - FC Volendam,2921770033,1,28,17,4tic29sox7m39fy1ztgv0jsiq,FC Twente,5r47vtvu418kae5j2rpv6w2dw,M. Rots,37.48500000000001,59.092000000000006,2,6.0,turnover,False,0.018110964858601
2026-04-10_FC Twente - FC Volendam,2921773643,1,32,14,4tic29sox7m39fy1ztgv0jsiq,FC Twente,a339o11ut8s1o9odm6ybc4pka,T. van den Belt,76.755,59.228,0,0.0,turnover,False,0.0
2026-04-10_FC Twente - FC Volendam,2921777603,1,36,15,4tic29sox7m39fy1ztgv0jsiq,FC Twente,5r47vtvu418kae5j2rpv6w2dw,M. Rots,63.525000000000006,51.204,2,4.0,turnover,False,0.0
2026-04-10_FC Twente - FC Volendam,2921801927,2,46,0,6g9qrm72224jrk6tkxxxi8a9n,FC Volendam,eu901b75l2ly5p48jdw6kwmad,M. Amevor,26.775000000000002,29.92,0,0.0,window_expired,False,0.0
2026-04-10_FC Twente - FC Volendam,2921809115,2,51,47,4tic29sox7m39fy1ztgv0jsiq,FC Twente,a339o11ut8s1o9odm6ybc4pka,T. van den Belt,19.425,34.476000000000006,1,1.0,turnover,False,0.0
2026-04-10_FC Twente - FC Volendam,2921816999,2,58,21,4tic29sox7m39fy1ztgv0jsiq,FC Twente,36veg0wk1z3om89daf0clbl5h,R. van Wolfswinkel,47.88,18.088,0,0.0,turnover,False,0.0
2026-04-10_FC Twente - FC Volendam,2921820945,2,62,0,6g9qrm72224jrk6tkxxxi8a9n,FC Volendam,9m3115fhbxgjwfr9stchwvytw,L. Blondeau,56.80500000000001,65.348,1,1.0,turnover,False,0.0
2026-04-10_FC Twente - FC Volendam,2921826573,2,67,31,4tic29sox7m39fy1ztgv0jsiq,FC Twente,c7n2b2gq381k0o0jizqueii5m,M. Kjølø,78.855,41.276,0,0.0,turnover,False,0.0
2026-04-10_FC Twente - FC Volendam,2921836055,2,76,51,4tic29sox7m39fy1ztgv0jsiq,FC Twente,5r47vtvu418kae5j2rpv6w2dw,M. Rots,41.895,52.496,1,2.0,turnover,False,0.0
2026-04-10_FC Twente - FC Volendam,2921841217,2,82,13,4tic29sox7m39fy1ztgv0jsiq,FC Twente,5r47vtvu418kae5j2rpv6w2dw,M. Rots,32.025,62.016000000000005,0,0.0,turnover,False,0.0
2026-04-10_FC Twente - FC Volendam,2921847593,2,89,8,6g9qrm72224jrk6tkxxxi8a9n,FC Volendam,xvher4f1mb6otoui5k5gs3ro,N. Bukala,30.135,59.976000000000006,1,2.0,turnover,False,0.0
2026-04-10_FC Twente - FC Volendam,2922491609,2,92,39,4tic29sox7m39fy1ztgv0jsiq,FC Twente,bner5siqnwn1fqusfrgujt0fe,M. Bruns,27.615000000000002,4.964,2,5.0,turnover,False,0.0
2026-04-11_FC Groningen - Go Ahead Eagles,2922563765,1,3,34,b79uipsy57y1jqpy07h4i5ovk,Go Ahead Eagles,eytcfp4cu6qkar65kf0p5rm96,J. Dirksen,44.31,17.544,1,2.0,turnover,False,0.0
2026-04-11_FC Groningen - Go Ahead Eagles,2922572915,1,11,30,b79uipsy57y1jqpy07h4i5ovk,Go Ahead Eagles,d8cxurdt9g5gezqlfwae7ooru,M. Meulensteen,34.755,48.824,2,2.0,turnover,False,0.0
2026-04-11_FC Groningen - Go Ahead Eagles,2922572881,1,11,39,cos9hxi16eitbcbthof7zrm4m,FC Groningen,1c4fzmrwmlwaqmqomge14rqc4,D. Janse,36.855000000000004,30.396000000000004,2,4.0,turnover,False,0.0004753133341735
2026-04-11_FC Groningen - Go Ahead Eagles,2922585149,1,24,37,b79uipsy57y1jqpy07h4i5ovk,Go Ahead Eagles,eytcfp4cu6qkar65kf0p5rm96,J. Dirksen,29.925,10.676,1,1.0,turnover,False,0.0
2026-04-11_FC Groningen - Go Ahead Eagles,2922600917,1,37,45,cos9hxi16eitbcbthof7zrm4m,FC Groningen,f4liap69r76gyc8pnxsergbqi,T. de Jonge,67.935,10.472000000000001,5,4.0,turnover,False,0.0
2026-04-11_FC Groningen - Go Ahead Eagles,2922625027,2,51,30,b79uipsy57y1jqpy07h4i5ovk,Go Ahead Eagles,d8cxurdt9g5gezqlfwae7ooru,M. Meulensteen,25.830000000000002,3.74,0,0.0,turnover,False,0.0
2026-04-11_FC Groningen - Go Ahead Eagles,2922626695,2,53,15,b79uipsy57y1jqpy07h4i5ovk,Go Ahead Eagles,d8cxurdt9g5gezqlfwae7ooru,M. Meulensteen,22.785,23.8,0,0.0,turnover,False,0.0
2026-04-11_FC Groningen - Go Ahead Eagles,2922636903,2,64,5,b79uipsy57y1jqpy07h4i5ovk,Go Ahead Eagles,eytcfp4cu6qkar65kf0p5rm96,J. Dirksen,33.495,60.79200000000001,2,4.0,turnover,False,0.0
2026-04-11_FC Groningen - Go Ahead Eagles,2922640407,2,67,46,b79uipsy57y1jqpy07h4i5ovk,Go Ahead Eagles,d8cxurdt9g5gezqlfwae7ooru,M. Meulensteen,56.07,50.184000000000005,3,1.0,turnover,False,0.0
2026-04-11_FC Groningen - Go Ahead Eagles,2922649331,2,77,39,b79uipsy57y1jqpy07h4i5ovk,Go Ahead Eagles,d8cxurdt9g5gezqlfwae7ooru,M. Meulensteen,29.505000000000003,22.236000000000004,0,0.0,turnover,False,0.0
2026-04-11_FC Groningen - Go Ahead Eagles,2922651821,2,80,21,cos9hxi16eitbcbthof7zrm4m,FC Groningen,f4liap69r76gyc8pnxsergbqi,T. de Jonge,41.265,9.724000000000002,3,7.0,window_expired,False,0.0001613088841711
2026-04-11_FC Groningen - Go Ahead Eagles,2922654137,2,82,23,b79uipsy57y1jqpy07h4i5ovk,Go Ahead Eagles,1rmox6tf7r283dca2vi844kr8,A. Adelgaard,24.675,8.432,1,1.0,turnover,False,0.0
2026-04-11_FC Groningen - Go Ahead Eagles,2922656983,2,86,37,b79uipsy57y1jqpy07h4i5ovk,Go Ahead Eagles,bn8dwm2y9a8i9a10rba3dmm3u,D. James,16.065,58.82000000000001,4,6.0,turnover,False,4.705161529075519e-06
2026-04-11_FC Utrecht - SC Telstar,2922343021,1,28,17,ccpscwdcm65czscrun048ecn5,FC Utrecht,8ymqihdfqc7esda7y407lebx1,D. de Wit,26.565,35.904,3,5.0,turnover,False,0.0004084452767914
2026-04-11_FC Utrecht - SC Telstar,2922344001,1,28,59,zjawy6qdzk3y69v5pa3zl2cb,SC Telstar,avyhrrfkeizd3za28ni67x82c,C. Hatenboer,36.855000000000004,48.144,2,1.0,turnover,False,0.0
2026-04-11_FC Utrecht - SC Telstar,2922350821,1,33,5,zjawy6qdzk3y69v5pa3zl2cb,SC Telstar,52cqyvn8cfh83i5zwm3181pbe,T. Noslin,24.150000000000002,4.488,3,9.0,window_expired,False,0.003347705170747
2026-04-11_FC Utrecht - SC Telstar,2922353049,1,34,11,ccpscwdcm65czscrun048ecn5,FC Utrecht,8ymqihdfqc7esda7y407lebx1,D. de Wit,33.075,17.0,1,2.0,turnover,False,0.0
2026-04-11_FC Utrecht - SC Telstar,2922368801,1,42,50,ccpscwdcm65czscrun048ecn5,FC Utrecht,8lt54ei6pcu25u8uerigmx5yi,A. Engwanda,21.945,5.372000000000001,0,0.0,turnover,False,0.0
2026-04-11_FC Utrecht - SC Telstar,2922368903,1,42,54,ccpscwdcm65czscrun048ecn5,FC Utrecht,8lt54ei6pcu25u8uerigmx5yi,A. Engwanda,13.23,12.172,2,3.0,turnover,False,0.0
2026-04-11_FC Utrecht - SC Telstar,2922405441,2,45,25,zjawy6qdzk3y69v5pa3zl2cb,SC Telstar,1zybkcmp40td92a6yg8sw9uga,T. Owusu,37.38,14.348000000000003,2,7.0,turnover,False,0.0
2026-04-11_FC Utrecht - SC Telstar,2922426247,2,57,8,zjawy6qdzk3y69v5pa3zl2cb,SC Telstar,dk7zyk16nsnh0czeky7vi0x78,S. van Duijn,76.965,22.644,3,3.0,turnover,False,0.0087375790275476
2026-04-11_FC Utrecht - SC Telstar,2922431935,2,60,33,zjawy6qdzk3y69v5pa3zl2cb,SC Telstar,1k60tee702idfrp0ibca1s57u,G. Offerhaus,31.185000000000002,21.556,0,0.0,turnover,False,0.0
2026-04-11_FC Utrecht - SC Telstar,2922436103,2,64,5,ccpscwdcm65czscrun048ecn5,FC Utrecht,6narzhg4hjarzdm235jkcclxw,A. Stepanov,38.010000000000005,60.11200000000001,3,4.0,turnover,False,0.0
2026-04-11_FC Utrecht - SC Telstar,2922440353,2,69,46,zjawy6qdzk3y69v5pa3zl2cb,SC Telstar,4cbhx91p3l265b2cejzd07gbu,P. Brouwer,77.385,58.61600000000001,3,1.0,turnover,False,0.0014074974447472
2026-04-11_FC Utrecht - SC Telstar,2923470791,2,73,37,zjawy6qdzk3y69v5pa3zl2cb,SC Telstar,avyhrrfkeizd3za28ni67x82c,C. Hatenboer,65.10000000000001,3.06,2,7.0,turnover,False,0.0022156397147013
2026-04-11_FC Utrecht - SC Telstar,2922448153,2,77,3,zjawy6qdzk3y69v5pa3zl2cb,SC Telstar,1k60tee702idfrp0ibca1s57u,G. Offerhaus,34.545,52.36000000000001,0,0.0,turnover,False,0.0
2026-04-11_FC Utrecht - SC Telstar,2922448455,2,77,22,ccpscwdcm65czscrun048ecn5,FC Utrecht,aafz6q5ggn9e6m5hprc71lgph,M. van der Hoorn,36.330000000000005,56.03200000000001,2,4.0,window_expired,False,0.0
2026-04-11_FC Utrecht - SC Telstar,2922451003,2,79,43,ccpscwdcm65czscrun048ecn5,FC Utrecht,8lt54ei6pcu25u8uerigmx5yi,A. Engwanda,56.80500000000001,19.448000000000004,0,0.0,turnover,False,0.0
2026-04-11_Heracles Almelo - AFC Ajax,2922607955,1,1,13,d0zdg647gvgc95xdtk1vpbkys,AFC Ajax,1wse4b1hxu37e7t5ty5ykn7c9,J. Šutalo,48.615,6.188000000000001,0,0.0,turnover,False,0.0
2026-04-11_Heracles Almelo - AFC Ajax,2922608959,1,2,15,dac758ef858jbq7pcb3gfwite,Heracles Almelo,e3akocgpppdty3ayxty1gf6xh,D. Mirani,44.625,8.84,1,1.0,turnover,False,0.0
2026-04-11_Heracles Almelo - AFC Ajax,2922632139,1,24,22,d0zdg647gvgc95xdtk1vpbkys,AFC Ajax,7joybllup4h9oe6zfhcepjy6t,S. Berghuis,55.650000000000006,18.768,4,10.0,window_expired,False,0.0
2026-04-11_Heracles Almelo - AFC Ajax,2922634377,1,26,47,dac758ef858jbq7pcb3gfwite,Heracles Almelo,96om2im2vd1621ajcexlyekno,T. van Gilst,11.445,12.512,1,2.0,turnover,False,0.0
2026-04-11_Heracles Almelo - AFC Ajax,2922639873,1,32,48,d0zdg647gvgc95xdtk1vpbkys,AFC Ajax,57btqxe5sy3ygzxpp55p4umdx,W. Weghorst,60.900000000000006,2.108,2,2.0,turnover,False,0.0
2026-04-11_Heracles Almelo - AFC Ajax,2922650193,1,40,52,dac758ef858jbq7pcb3gfwite,Heracles Almelo,mlqit2c8my1ewqy6avrfhf8q,A. Van Hoorenbeeck,22.785,46.308,0,0.0,turnover,False,0.0
2026-04-11_Heracles Almelo - AFC Ajax,2922665567,2,49,36,d0zdg647gvgc95xdtk1vpbkys,AFC Ajax,47l204bkq2qqjhtazusr0019m,Y. Baas,22.785,48.75600000000001,4,5.0,turnover,False,6.194690380156853e-06
2026-04-11_Heracles Almelo - AFC Ajax,2922668105,2,52,39,dac758ef858jbq7pcb3gfwite,Heracles Almelo,69gzswoym4jqnrag1wdqfdkyy,J. Wieckhoff,49.35,49.43600000000001,2,4.0,turnover,False,0.0
2026-04-11_Heracles Almelo - AFC Ajax,2922669847,2,54,46,dac758ef858jbq7pcb3gfwite,Heracles Almelo,e3akocgpppdty3ayxty1gf6xh,D. Mirani,62.160000000000004,3.6720000000000006,0,0.0,turnover,False,0.0
2026-04-11_Heracles Almelo - AFC Ajax,2922670239,2,55,14,d0zdg647gvgc95xdtk1vpbkys,AFC Ajax,brfa9yhy2llgt9l75unddogk,J. Mokio,31.080000000000002,66.164,1,2.0,turnover,False,0.0
2026-04-11_Heracles Almelo - AFC Ajax,2922670279,2,55,17,dac758ef858jbq7pcb3gfwite,Heracles Almelo,afdwdm1rkz1ir3c0tukfh3jhm,S. Čestić,72.66000000000001,5.304,0,0.0,turnover,False,0.0
2026-04-11_Heracles Almelo - AFC Ajax,2922686607,2,74,25,d0zdg647gvgc95xdtk1vpbkys,AFC Ajax,2922aevmtpw4qvcwohmxmqtbd,T. Tomiyasu,18.69,33.252,0,0.0,turnover,False,0.0
2026-04-11_Heracles Almelo - AFC Ajax,2922698459,2,92,39,d0zdg647gvgc95xdtk1vpbkys,AFC Ajax,9tp35qqu1heburu0g5wa6jv56,Lucas Rosa,20.37,54.128,4,6.0,window_expired,False,4.06512583853158e-05
2026-04-11_Sparta Rotterdam - PSV Eindhoven,2922486227,1,4,27,24fvcruwqrqvqa3aonf8c3zuy,PSV Eindhoven,9vf02r3geinhsy732oxyrcacq,I. Saibari,59.745000000000005,63.784000000000006,0,0.0,turnover,False,0.0
2026-04-11_Sparta Rotterdam - PSV Eindhoven,2922488967,1,9,21,89w5c6pw7vn0dxypi61tt0g4k,Sparta Rotterdam,f57vs3qmmob743hdk2dxf56cq,S. Sambo,32.865,8.908000000000001,1,1.0,turnover,False,0.0
2026-04-11_Sparta Rotterdam - PSV Eindhoven,2923003973,1,20,52,24fvcruwqrqvqa3aonf8c3zuy,PSV Eindhoven,d36na8jr6xcc8eronhy8mcz1m,K. Sildillia,68.565,15.912,3,6.0,window_expired,False,0.00862895203882
2026-04-11_Sparta Rotterdam - PSV Eindhoven,2923004997,1,22,50,24fvcruwqrqvqa3aonf8c3zuy,PSV Eindhoven,cgsmk5437f466uoqvol7devze,R. Flamingo,26.46,2.5160000000000005,0,0.0,turnover,False,0.0
2026-04-11_Sparta Rotterdam - PSV Eindhoven,2922505953,1,26,11,89w5c6pw7vn0dxypi61tt0g4k,Sparta Rotterdam,ass524umdrpsq324wksaqef4k,M. Young,25.515,29.92,0,0.0,turnover,False,0.0
2026-04-11_Sparta Rotterdam - PSV Eindhoven,2922513249,1,29,44,24fvcruwqrqvqa3aonf8c3zuy,PSV Eindhoven,c6ip6gwp8yvchd1n3dv42go9,Mauro Júnior,52.71000000000001,42.568000000000005,5,10.0,window_expired,False,0.01821860771140033
2026-04-11_Sparta Rotterdam - PSV Eindhoven,2922516075,1,32,34,24fvcruwqrqvqa3aonf8c3zuy,PSV Eindhoven,c6ip6gwp8yvchd1n3dv42go9,Mauro Júnior,43.995,27.812,0,0.0,turnover,False,0.0
2026-04-11_Sparta Rotterdam - PSV Eindhoven,2922524603,1,41,15,89w5c6pw7vn0dxypi61tt0g4k,Sparta Rotterdam,6ab5gq2owk86qs5zjottfhwmi,T. Quintero,28.455000000000002,46.580000000000005,1,0.0,turnover,False,0.0
2026-04-11_Sparta Rotterdam - PSV Eindhoven,2922547621,2,46,37,24fvcruwqrqvqa3aonf8c3zuy,PSV Eindhoven,2gsq05yyxwe4f8t79j6d49q6t,I. Perišić,44.415,54.400000000000006,2,10.0,window_expired,False,4.42684203831728e-05
2026-04-11_Sparta Rotterdam - PSV Eindhoven,2922547847,2,46,53,89w5c6pw7vn0dxypi61tt0g4k,Sparta Rotterdam,f57vs3qmmob743hdk2dxf56cq,S. Sambo,61.32,17.34,0,0.0,turnover,False,0.0
2026-04-11_Sparta Rotterdam - PSV Eindhoven,2922552145,2,52,29,89w5c6pw7vn0dxypi61tt0g4k,Sparta Rotterdam,f07qmqesi1rpw7eapoz9rb0gk,J. Baas,25.41,10.744000000000002,1,1.0,turnover,False,0.0
2026-04-11_Sparta Rotterdam - PSV Eindhoven,2922555501,2,56,7,24fvcruwqrqvqa3aonf8c3zuy,PSV Eindhoven,cgsmk5437f466uoqvol7devze,R. Flamingo,27.51,24.956000000000003,0,0.0,turnover,False,0.0
2026-04-11_Sparta Rotterdam - PSV Eindhoven,2922556579,2,57,9,89w5c6pw7vn0dxypi61tt0g4k,Sparta Rotterdam,6q77vt9bp8dsq48pa97mfzsa1,T. Lauritsen,57.54,59.636,1,2.0,turnover,False,0.0
2026-04-11_Sparta Rotterdam - PSV Eindhoven,2923309243,2,58,23,89w5c6pw7vn0dxypi61tt0g4k,Sparta Rotterdam,f57vs3qmmob743hdk2dxf56cq,S. Sambo,56.7,18.836000000000002,4,5.0,turnover,False,0.0
2026-04-11_Sparta Rotterdam - PSV Eindhoven,2922558645,2,59,8,89w5c6pw7vn0dxypi61tt0g4k,Sparta Rotterdam,ass524umdrpsq324wksaqef4k,M. Young,20.685,35.7,2,3.0,turnover,False,0.0
2026-04-11_Sparta Rotterdam - PSV Eindhoven,2922564043,2,63,59,24fvcruwqrqvqa3aonf8c3zuy,PSV Eindhoven,oi8kw43rorvqooiencbnhxck,N. Fernandez,70.98,58.004000000000005,3,3.0,turnover,False,0.0
2026-04-11_Sparta Rotterdam - PSV Eindhoven,2922577787,2,77,10,24fvcruwqrqvqa3aonf8c3zuy,PSV Eindhoven,c6ip6gwp8yvchd1n3dv42go9,Mauro Júnior,30.345,67.25200000000001,0,0.0,turnover,False,0.0
2026-04-11_Sparta Rotterdam - PSV Eindhoven,2922578833,2,78,14,89w5c6pw7vn0dxypi61tt0g4k,Sparta Rotterdam,f07qmqesi1rpw7eapoz9rb0gk,J. Baas,24.78,41.480000000000004,4,7.0,window_expired,False,7.979631805554721e-05
2026-04-11_Sparta Rotterdam - PSV Eindhoven,2922593973,2,93,47,89w5c6pw7vn0dxypi61tt0g4k,Sparta Rotterdam,8n9t52eeli3s39r8ujjhjt7je,J. Kitolano,14.28,37.468,1,0.0,turnover,False,0.0
2026-04-12_Alkmaar Zaanstreek - SC Heerenveen,2923180319,1,1,50,4vd2t5schmvvufrfib7f2vjdf,SC Heerenveen,5oghztk07za2yuqq4jnav22y2,M. Rivera,42.945,61.608000000000004,1,1.0,turnover,False,0.0
2026-04-12_Alkmaar Zaanstreek - SC Heerenveen,2923187683,1,9,50,3kfktv64h7kg7zryax1wktr5r,Alkmaar Zaanstreek,8u19xeh9ugvh8f1mh7jnbbhuc,K. Smit,38.85,16.864,0,0.0,turnover,False,0.0
2026-04-12_Alkmaar Zaanstreek - SC Heerenveen,2923188747,1,11,18,4vd2t5schmvvufrfib7f2vjdf,SC Heerenveen,aqnr6l3f02hx0soadunxbjcpg,J. Trenskow,27.51,21.828000000000003,0,0.0,turnover,False,0.0
2026-04-12_Alkmaar Zaanstreek - SC Heerenveen,2923191993,1,15,33,3kfktv64h7kg7zryax1wktr5r,Alkmaar Zaanstreek,8u19xeh9ugvh8f1mh7jnbbhuc,K. Smit,28.245,52.496,3,5.0,window_expired,False,0.0002045629601797
2026-04-12_Alkmaar Zaanstreek - SC Heerenveen,2923203479,1,27,46,3kfktv64h7kg7zryax1wktr5r,Alkmaar Zaanstreek,59ynmlwky3h6m9g2r7a8igi96,T. Parrott,69.19500000000001,50.524,0,0.0,turnover,False,0.0
2026-04-12_Alkmaar Zaanstreek - SC Heerenveen,2923205143,1,29,14,4vd2t5schmvvufrfib7f2vjdf,SC Heerenveen,b4efh7m2z28zc5gx250vvdzze,L. Nordås,67.83,28.220000000000002,2,2.0,turnover,False,0.0
2026-04-12_Alkmaar Zaanstreek - SC Heerenveen,2923210113,1,33,35,3kfktv64h7kg7zryax1wktr5r,Alkmaar Zaanstreek,3uq3lrjyj4mnvq6162b0jyhnt,M. de Wit,67.2,64.328,1,1.0,turnover,False,0.0
2026-04-12_Alkmaar Zaanstreek - SC Heerenveen,2923213951,1,36,51,4vd2t5schmvvufrfib7f2vjdf,SC Heerenveen,e5hzt8nmhu2ktn69dsv67ga38,M. Linday,22.995,21.080000000000002,0,0.0,turnover,False,0.0
2026-04-12_Alkmaar Zaanstreek - SC Heerenveen,2923216819,1,39,38,3kfktv64h7kg7zryax1wktr5r,Alkmaar Zaanstreek,wuh8s4gfo9ro3nel3rormg44,R. Daal,12.075000000000001,46.24,0,0.0,turnover,False,0.0
2026-04-12_Alkmaar Zaanstreek - SC Heerenveen,2923217709,1,40,37,4vd2t5schmvvufrfib7f2vjdf,SC Heerenveen,b5sf6wcogrvlwuwbd8xsyyfh1,J. van Overeem,28.77,30.464,1,1.0,turnover,False,0.0
2026-04-12_Alkmaar Zaanstreek - SC Heerenveen,2923241787,2,48,22,3kfktv64h7kg7zryax1wktr5r,Alkmaar Zaanstreek,22alh32lu88yabxd4pl0opg5w,K. Boogaard,2.94,55.080000000000005,0,0.0,turnover,False,0.0
2026-04-12_Alkmaar Zaanstreek - SC Heerenveen,2923245879,2,53,2,4vd2t5schmvvufrfib7f2vjdf,SC Heerenveen,idvh0ac1f8wv39640pyl4esp,S. Kersten,52.605000000000004,39.644,6,10.0,window_expired,False,0.0149798322109649
2026-04-12_Alkmaar Zaanstreek - SC Heerenveen,2923257825,2,66,48,3kfktv64h7kg7zryax1wktr5r,Alkmaar Zaanstreek,ck3l6a262hves3v6nywarx9pm,Alexandre Penetra,25.725,39.304,0,0.0,turnover,False,0.0
2026-04-12_Alkmaar Zaanstreek - SC Heerenveen,2923258285,2,67,20,4vd2t5schmvvufrfib7f2vjdf,SC Heerenveen,8jm8a7w3a5b5nzikcom7cvf2s,M. Willemsen,31.815,37.74,4,9.0,window_expired,False,0.0009014939961373
2026-04-12_Alkmaar Zaanstreek - SC Heerenveen,2923262897,2,72,36,4vd2t5schmvvufrfib7f2vjdf,SC Heerenveen,aqnr6l3f02hx0soadunxbjcpg,J. Trenskow,37.38,6.596,3,10.0,window_expired,False,0.0007218479899507
2026-04-12_Alkmaar Zaanstreek - SC Heerenveen,2923264537,2,74,49,4vd2t5schmvvufrfib7f2vjdf,SC Heerenveen,412l28fqhx21ivpcxzn1kpilm,V. Zagaritis,80.325,58.956,2,2.0,turnover,False,0.0
2026-04-12_Alkmaar Zaanstreek - SC Heerenveen,2923274711,2,89,5,4vd2t5schmvvufrfib7f2vjdf,SC Heerenveen,2f8lk6lxav7hl7xlqt9an18x6,H. Petrov,17.85,49.028,0,0.0,turnover,False,0.0
2026-04-12_Alkmaar Zaanstreek - SC Heerenveen,2923275285,2,89,40,4vd2t5schmvvufrfib7f2vjdf,SC Heerenveen,2f8lk6lxav7hl7xlqt9an18x6,H. Petrov,33.495,41.208000000000006,0,0.0,turnover,False,0.0
2026-04-12_Alkmaar Zaanstreek - SC Heerenveen,2923276649,2,91,10,4vd2t5schmvvufrfib7f2vjdf,SC Heerenveen,b5sf6wcogrvlwuwbd8xsyyfh1,J. van Overeem,17.955000000000002,28.764,2,1.0,turnover,False,0.0
2026-04-12_Fortuna Sittard - NAC Breda,2923737433,1,2,41,3ebril33e08ddzob4bhq8awsr,Fortuna Sittard,2fbolmn7pyvn5oto4zoeqguwa,N. Kasanwirjo,78.64500000000001,6.256,2,2.0,turnover,False,0.0
2026-04-12_Fortuna Sittard - NAC Breda,2922991845,1,15,6,3ebril33e08ddzob4bhq8awsr,Fortuna Sittard,7b4jmfu1ejoeci2zmvwuejnys,P. Brittijn,43.785000000000004,40.188,3,6.0,turnover,False,0.0006064556352811
2026-04-12_Fortuna Sittard - NAC Breda,2922992351,1,16,32,3ebril33e08ddzob4bhq8awsr,Fortuna Sittard,2fbolmn7pyvn5oto4zoeqguwa,N. Kasanwirjo,39.795,3.5360000000000005,1,1.0,turnover,False,0.0
2026-04-12_Fortuna Sittard - NAC Breda,2922992849,1,17,57,59t7flioj4w4mpwnrwbm0m8ck,NAC Breda,8nnxi9lw3hso096kk81h0azh0,J. Talvitie,4.095,22.032,0,0.0,turnover,False,0.0
2026-04-12_Fortuna Sittard - NAC Breda,2922994505,1,22,45,3ebril33e08ddzob4bhq8awsr,Fortuna Sittard,ccmmsnrfn58gwi1petlp08f3e,L. Duijvestijn,47.145,39.236000000000004,2,2.0,turnover,False,0.0
2026-04-12_Fortuna Sittard - NAC Breda,2922995213,1,25,3,3ebril33e08ddzob4bhq8awsr,Fortuna Sittard,2fbolmn7pyvn5oto4zoeqguwa,N. Kasanwirjo,8.715000000000002,12.376000000000001,0,0.0,turnover,False,0.0
2026-04-12_Fortuna Sittard - NAC Breda,2922997751,1,34,4,3ebril33e08ddzob4bhq8awsr,Fortuna Sittard,dsh8ta4q6v5ews2e19p9xh6y2,J. Hubner,25.305000000000003,20.468000000000004,3,2.0,turnover,False,2.700800487227817e-05
2026-04-12_Fortuna Sittard - NAC Breda,2922999863,1,41,50,59t7flioj4w4mpwnrwbm0m8ck,NAC Breda,a3m4r77behilkcznll07b7d1x,C. Leemans,35.385000000000005,46.172000000000004,4,8.0,turnover,False,0.00014872592641878942
2026-04-12_Fortuna Sittard - NAC Breda,2922999909,1,41,59,3ebril33e08ddzob4bhq8awsr,Fortuna Sittard,8przxwwothu3crflys7ahl4dm,S. Adewoye,32.655,12.104000000000001,0,0.0,turnover,False,0.0
2026-04-12_Fortuna Sittard - NAC Breda,2923000323,1,42,24,59t7flioj4w4mpwnrwbm0m8ck,NAC Breda,4f8xb5sbyksacxmifi375h7qi,K. Sowah,23.415000000000003,62.35600000000001,0,0.0,turnover,False,0.0
2026-04-12_Fortuna Sittard - NAC Breda,2923000985,1,44,49,59t7flioj4w4mpwnrwbm0m8ck,NAC Breda,8z4wdv767cv7ddqgrkz5txsrt,B. Kemper,30.03,55.964,0,0.0,turnover,False,0.0
2026-04-12_Fortuna Sittard - NAC Breda,2923010323,2,48,40,3ebril33e08ddzob4bhq8awsr,Fortuna Sittard,dsh8ta4q6v5ews2e19p9xh6y2,J. Hubner,14.91,57.800000000000004,2,2.0,turnover,False,0.0
2026-04-12_Fortuna Sittard - NAC Breda,2923011309,2,51,1,59t7flioj4w4mpwnrwbm0m8ck,NAC Breda,a3m4r77behilkcznll07b7d1x,C. Leemans,10.920000000000002,21.828000000000003,1,2.0,window_expired,False,0.0
2026-04-12_Fortuna Sittard - NAC Breda,2923019907,2,64,19,59t7flioj4w4mpwnrwbm0m8ck,NAC Breda,4f8xb5sbyksacxmifi375h7qi,K. Sowah,25.305000000000003,51.68000000000001,1,1.0,turnover,False,0.0
2026-04-12_Fortuna Sittard - NAC Breda,2923020549,2,65,14,3ebril33e08ddzob4bhq8awsr,Fortuna Sittard,ccmmsnrfn58gwi1petlp08f3e,L. Duijvestijn,47.46000000000001,4.556,0,0.0,turnover,False,0.0
2026-04-12_Fortuna Sittard - NAC Breda,2923023073,2,68,22,3ebril33e08ddzob4bhq8awsr,Fortuna Sittard,7b4jmfu1ejoeci2zmvwuejnys,P. Brittijn,56.28,52.496,4,8.0,window_expired,False,4.031471692260424e-05
2026-04-12_Fortuna Sittard - NAC Breda,2923024293,2,69,57,3ebril33e08ddzob4bhq8awsr,Fortuna Sittard,bnkzwpd607re6s01oa77wcodm,J. Dahlhaus,26.669999999999998,56.304,3,4.0,turnover,False,1.83988771816912e-05
2026-04-12_Fortuna Sittard - NAC Breda,2923026379,2,72,50,3ebril33e08ddzob4bhq8awsr,Fortuna Sittard,ccmmsnrfn58gwi1petlp08f3e,L. Duijvestijn,30.450000000000003,25.772000000000002,4,6.0,turnover,False,0.0001967660703573
2026-04-12_Fortuna Sittard - NAC Breda,2923027357,2,74,45,3ebril33e08ddzob4bhq8awsr,Fortuna Sittard,8przxwwothu3crflys7ahl4dm,S. Adewoye,65.83500000000001,9.656,2,2.0,turnover,False,0.0073309067961146
2026-04-12_Fortuna Sittard - NAC Breda,2923029115,2,78,30,3ebril33e08ddzob4bhq8awsr,Fortuna Sittard,2fbolmn7pyvn5oto4zoeqguwa,N. Kasanwirjo,59.325,7.82,5,8.0,window_expired,False,0.0469440382037132
2026-04-12_Fortuna Sittard - NAC Breda,2923030611,2,80,12,3ebril33e08ddzob4bhq8awsr,Fortuna Sittard,9zryne6aa951ltubvjo0gk12i,M. Ihattaren,58.800000000000004,20.876,0,0.0,turnover,False,0.0
2026-04-12_Fortuna Sittard - NAC Breda,2923033753,2,86,15,3ebril33e08ddzob4bhq8awsr,Fortuna Sittard,2fbolmn7pyvn5oto4zoeqguwa,N. Kasanwirjo,46.2,16.592,2,7.0,turnover,False,0.0
2026-04-12_Fortuna Sittard - NAC Breda,2923040139,2,93,23,3ebril33e08ddzob4bhq8awsr,Fortuna Sittard,dsh8ta4q6v5ews2e19p9xh6y2,J. Hubner,24.990000000000002,22.236000000000004,2,1.0,turnover,False,0.0
2026-04-12_Nijmegen Eendracht Combinatie - Feyenoord Rotterdam,2923701717,1,3,11,8iawijq7s9s6d85mjz8wdslki,Nijmegen Eendracht Combinatie,ac3lkaa1lkbsa82tfylq5zcb8,N. Lebreton,74.97000000000001,46.784,0,0.0,turnover,False,0.0
2026-04-12_Nijmegen Eendracht Combinatie - Feyenoord Rotterdam,2923059527,1,3,46,8iawijq7s9s6d85mjz8wdslki,Nijmegen Eendracht Combinatie,ds0hd4ezvb5rw6l95rhbxtq1g,B. Önal,81.165,55.21600000000001,0,0.0,turnover,False,0.0
2026-04-12_Nijmegen Eendracht Combinatie - Feyenoord Rotterdam,2923064153,1,9,8,20vymiy7bo8wkyxai3ew494fz,Feyenoord Rotterdam,4qr07cfbwquppkww057mb9tk9,J. Moder,13.965000000000002,35.224000000000004,0,0.0,turnover,False,0.0
2026-04-12_Nijmegen Eendracht Combinatie - Feyenoord Rotterdam,2923077675,1,25,32,20vymiy7bo8wkyxai3ew494fz,Feyenoord Rotterdam,ciguyr553yqapqfudim9af46h,M. Deijl,36.330000000000005,18.360000000000003,0,0.0,turnover,False,0.0
2026-04-12_Nijmegen Eendracht Combinatie - Feyenoord Rotterdam,2923088739,1,37,8,20vymiy7bo8wkyxai3ew494fz,Feyenoord Rotterdam,4qr07cfbwquppkww057mb9tk9,J. Moder,18.900000000000002,19.176000000000002,2,1.0,turnover,False,0.0
2026-04-12_Nijmegen Eendracht Combinatie - Feyenoord Rotterdam,2923729393,1,43,56,8iawijq7s9s6d85mjz8wdslki,Nijmegen Eendracht Combinatie,1asrguqxyo7rmoyamggwd9oq2,A. Kaplan,36.54,60.99600000000001,0,0.0,turnover,False,0.0
2026-04-12_Nijmegen Eendracht Combinatie - Feyenoord Rotterdam,2923115417,2,45,21,8iawijq7s9s6d85mjz8wdslki,Nijmegen Eendracht Combinatie,4kns22wbu3emy5oxbpr52rdud,E. Dasa,62.79,3.4000000000000004,0,0.0,turnover,False,0.0
2026-04-12_Nijmegen Eendracht Combinatie - Feyenoord Rotterdam,2923125541,2,55,28,8iawijq7s9s6d85mjz8wdslki,Nijmegen Eendracht Combinatie,dse071e8zbzm8l37m64g6e1p0,K. Sano,64.155,59.636,0,0.0,turnover,False,0.0
2026-04-12_Nijmegen Eendracht Combinatie - Feyenoord Rotterdam,2923750441,2,61,46,20vymiy7bo8wkyxai3ew494fz,Feyenoord Rotterdam,dwyl0yii553i57u7azfa7d15g,A. Hadj Moussa,89.25,10.812000000000001,2,1.0,turnover,False,0.0034201446392636
2026-04-12_Nijmegen Eendracht Combinatie - Feyenoord Rotterdam,2923130143,2,61,58,8iawijq7s9s6d85mjz8wdslki,Nijmegen Eendracht Combinatie,dse071e8zbzm8l37m64g6e1p0,K. Sano,6.93,43.928,0,0.0,turnover,False,0.0
2026-04-12_Nijmegen Eendracht Combinatie - Feyenoord Rotterdam,2923130363,2,62,12,8iawijq7s9s6d85mjz8wdslki,Nijmegen Eendracht Combinatie,8gde39dg3u3kqhd8pa2mdcn2t,T. Chery,27.3,6.664000000000001,3,3.0,turnover,False,0.0
2026-04-12_Nijmegen Eendracht Combinatie - Feyenoord Rotterdam,2923131559,2,63,57,8iawijq7s9s6d85mjz8wdslki,Nijmegen Eendracht Combinatie,dse071e8zbzm8l37m64g6e1p0,K. Sano,28.56,37.06,0,0.0,turnover,False,0.0
2026-04-12_Nijmegen Eendracht Combinatie - Feyenoord Rotterdam,2923131669,2,64,9,20vymiy7bo8wkyxai3ew494fz,Feyenoord Rotterdam,9d4ald4f0m2imaastzen4j8mi,O. Targhalline,55.44,28.560000000000002,0,0.0,turnover,False,0.0
2026-04-12_Nijmegen Eendracht Combinatie - Feyenoord Rotterdam,2923135771,2,70,18,8iawijq7s9s6d85mjz8wdslki,Nijmegen Eendracht Combinatie,2yivr64anye4c0p62m16l78yc,S. Ouaissa,41.160000000000004,11.628000000000002,4,7.0,window_expired,False,0.0001147917194238
2026-04-12_Nijmegen Eendracht Combinatie - Feyenoord Rotterdam,2923141321,2,75,37,20vymiy7bo8wkyxai3ew494fz,Feyenoord Rotterdam,29fr98or3mqippn84z3p9ihhw,L. Valente,20.895,46.580000000000005,2,2.0,turnover,False,0.0
2026-04-12_Nijmegen Eendracht Combinatie - Feyenoord Rotterdam,2923146305,2,80,7,20vymiy7bo8wkyxai3ew494fz,Feyenoord Rotterdam,ciguyr553yqapqfudim9af46h,M. Deijl,53.865,5.848,0,0.0,turnover,False,0.0
2026-04-12_Nijmegen Eendracht Combinatie - Feyenoord Rotterdam,2923149529,2,83,17,20vymiy7bo8wkyxai3ew494fz,Feyenoord Rotterdam,4qr07cfbwquppkww057mb9tk9,J. Moder,8.82,27.948000000000004,1,0.0,turnover,False,0.0
2026-04-12_Nijmegen Eendracht Combinatie - Feyenoord Rotterdam,2923161037,2,95,31,20vymiy7bo8wkyxai3ew494fz,Feyenoord Rotterdam,9d4ald4f0m2imaastzen4j8mi,O. Targhalline,61.53,22.78,3,7.0,turnover,True,0.005623963992192
2026-04-12_Nijmegen Eendracht Combinatie - Feyenoord Rotterdam,2923161375,2,95,56,20vymiy7bo8wkyxai3ew494fz,Feyenoord Rotterdam,987w8p2dsxd9tm1phv18g6pec,A. Sliti,38.64,51.136,3,5.0,turnover,False,0.0
2026-04-12_PEC Zwolle - SBV Excelsior,2923063621,1,11,8,dqk062lu0vm8epvytbm6r4mmf,SBV Excelsior,cdhqb1a4h246hu0u13pm0tqay,I. Bronkhorst,69.405,7.412000000000001,6,10.0,window_expired,False,0.0032732949334262
2026-04-12_PEC Zwolle - SBV Excelsior,2923072425,1,20,22,dqk062lu0vm8epvytbm6r4mmf,SBV Excelsior,49xsd6e4oyjrhtwsdbdm4rj84,L. Hartjes,37.48500000000001,18.360000000000003,2,3.0,turnover,False,0.0
2026-04-12_PEC Zwolle - SBV Excelsior,2923077315,1,27,22,2uuh2bir8ktof0uxfo06lb4ox,PEC Zwolle,4phgw75cred5p93hjq8hiou6t,S. Floranus,38.010000000000005,53.992000000000004,1,2.0,turnover,False,0.0
2026-04-12_PEC Zwolle - SBV Excelsior,2923089321,1,40,14,2uuh2bir8ktof0uxfo06lb4ox,PEC Zwolle,684nd3xjli51z43pbla0mwa21,T. Oosting,49.77,27.132,2,2.0,turnover,False,0.0
2026-04-12_PEC Zwolle - SBV Excelsior,2923112373,2,47,3,dqk062lu0vm8epvytbm6r4mmf,SBV Excelsior,5wwqe546ohp130rvi8x8pt0tm,A. Zagré,25.935,52.836000000000006,3,6.0,turnover,False,0.0
2026-04-12_PEC Zwolle - SBV Excelsior,2923118275,2,51,27,dqk062lu0vm8epvytbm6r4mmf,SBV Excelsior,5wwqe546ohp130rvi8x8pt0tm,A. Zagré,27.3,52.02,0,0.0,turnover,False,0.0
2026-04-12_PEC Zwolle - SBV Excelsior,2923121973,2,56,48,dqk062lu0vm8epvytbm6r4mmf,SBV Excelsior,5nhideyjwp2347ryi1n9wfq50,D. Sanches Fernandes,69.19500000000001,5.508,2,1.0,turnover,False,0.0
2026-04-12_PEC Zwolle - SBV Excelsior,2923128779,2,64,48,2uuh2bir8ktof0uxfo06lb4ox,PEC Zwolle,d5g7rl9a83vu3cyyzvu5yveqy,A. MacNulty,58.17,44.744,1,1.0,turnover,False,0.0
2026-04-12_PEC Zwolle - SBV Excelsior,2923138223,2,77,35,2uuh2bir8ktof0uxfo06lb4ox,PEC Zwolle,d29ahwtvs7ls75wdtkf7xr8tm,Z. Buurmeester,60.375,62.016000000000005,0,0.0,turnover,False,0.0
2026-04-12_PEC Zwolle - SBV Excelsior,2923155637,2,93,58,2uuh2bir8ktof0uxfo06lb4ox,PEC Zwolle,d5g7rl9a83vu3cyyzvu5yveqy,A. MacNulty,47.775,34.476000000000006,2,4.0,turnover,False,0.0
2026-04-22_SC Telstar - Sparta Rotterdam,2927577275,1,0,57,89w5c6pw7vn0dxypi61tt0g4k,Sparta Rotterdam,50zbw9cb2gon7eb7w08ndfyms,M. Zonneveld,35.595,45.56,0,0.0,turnover,False,0.0
2026-04-22_SC Telstar - Sparta Rotterdam,2927577809,1,1,38,zjawy6qdzk3y69v5pa3zl2cb,SC Telstar,avyhrrfkeizd3za28ni67x82c,C. Hatenboer,29.400000000000002,59.160000000000004,1,1.0,turnover,False,0.0
2026-04-22_SC Telstar - Sparta Rotterdam,2927578613,1,2,36,89w5c6pw7vn0dxypi61tt0g4k,Sparta Rotterdam,1ueqcjuatzazpmz765tru4zdg,L. Martes,32.865,21.012,1,1.0,turnover,False,0.0
2026-04-22_SC Telstar - Sparta Rotterdam,2927579257,1,3,16,89w5c6pw7vn0dxypi61tt0g4k,Sparta Rotterdam,1ueqcjuatzazpmz765tru4zdg,L. Martes,80.53500000000001,5.032000000000001,1,0.0,window_expired,False,0.0
2026-04-22_SC Telstar - Sparta Rotterdam,2927582573,1,6,34,zjawy6qdzk3y69v5pa3zl2cb,SC Telstar,8p3x0sm735fru6nthc87pjrbo,Neville Ogidi Nwankwo,33.6,2.108,4,5.0,turnover,False,0.0006155138397478
2026-04-22_SC Telstar - Sparta Rotterdam,2927585385,1,9,7,zjawy6qdzk3y69v5pa3zl2cb,SC Telstar,4bkb8qjb5n33wxfopju8r1mtx,D. Bakker,49.035000000000004,10.812000000000001,0,0.0,turnover,False,0.0
2026-04-22_SC Telstar - Sparta Rotterdam,2927585809,1,9,29,89w5c6pw7vn0dxypi61tt0g4k,Sparta Rotterdam,7ty1wdxxnusgkl34k5raipbl5,M. van Bergen,81.9,7.208,4,5.0,window_expired,False,0.0093987160478601
2026-04-22_SC Telstar - Sparta Rotterdam,2927589197,1,12,34,89w5c6pw7vn0dxypi61tt0g4k,Sparta Rotterdam,cvoxwqoj3ak99w6wsp1yfbl04,G. Vianello,61.32,31.96,0,0.0,turnover,False,0.0
2026-04-22_SC Telstar - Sparta Rotterdam,2927594327,1,17,12,zjawy6qdzk3y69v5pa3zl2cb,SC Telstar,avyhrrfkeizd3za28ni67x82c,C. Hatenboer,41.160000000000004,13.532,4,9.0,turnover,False,0.0001543321080241
2026-04-22_SC Telstar - Sparta Rotterdam,2927598511,1,20,59,zjawy6qdzk3y69v5pa3zl2cb,SC Telstar,8p3x0sm735fru6nthc87pjrbo,Neville Ogidi Nwankwo,40.425000000000004,1.1560000000000001,1,1.0,turnover,False,0.0
2026-04-22_SC Telstar - Sparta Rotterdam,2927612937,1,35,25,zjawy6qdzk3y69v5pa3zl2cb,SC Telstar,8p3x0sm735fru6nthc87pjrbo,Neville Ogidi Nwankwo,41.580000000000005,6.596,0,0.0,turnover,False,0.0
2026-04-22_SC Telstar - Sparta Rotterdam,2927617075,1,39,7,zjawy6qdzk3y69v5pa3zl2cb,SC Telstar,y1ky8sp8scl05mmfr7byy3md,J. Hardeveld,16.59,37.264,2,5.0,turnover,False,0.0
2026-04-22_SC Telstar - Sparta Rotterdam,2927617311,1,39,22,89w5c6pw7vn0dxypi61tt0g4k,Sparta Rotterdam,cvoxwqoj3ak99w6wsp1yfbl04,G. Vianello,30.765,17.272000000000002,0,0.0,turnover,False,0.0
2026-04-22_SC Telstar - Sparta Rotterdam,2927620479,1,42,3,89w5c6pw7vn0dxypi61tt0g4k,Sparta Rotterdam,7ty1wdxxnusgkl34k5raipbl5,M. van Bergen,5.670000000000001,14.96,0,0.0,turnover,False,0.0
2026-04-22_SC Telstar - Sparta Rotterdam,2927621373,1,42,59,zjawy6qdzk3y69v5pa3zl2cb,SC Telstar,avyhrrfkeizd3za28ni67x82c,C. Hatenboer,57.75,62.288000000000004,1,1.0,turnover,False,0.0
2026-04-22_SC Telstar - Sparta Rotterdam,2927644543,2,50,44,89w5c6pw7vn0dxypi61tt0g4k,Sparta Rotterdam,ass524umdrpsq324wksaqef4k,M. Young,18.794999999999998,41.752,1,2.0,window_expired,False,0.0
2026-04-22_SC Telstar - Sparta Rotterdam,2927658167,2,63,55,zjawy6qdzk3y69v5pa3zl2cb,SC Telstar,8p3x0sm735fru6nthc87pjrbo,Neville Ogidi Nwankwo,27.51,40.188,0,0.0,turnover,False,0.0
2026-04-22_SC Telstar - Sparta Rotterdam,2927661899,2,69,12,zjawy6qdzk3y69v5pa3zl2cb,SC Telstar,4bkb8qjb5n33wxfopju8r1mtx,D. Bakker,40.32,40.93600000000001,3,3.0,turnover,False,0.0
2026-04-23_Go Ahead Eagles - Alkmaar Zaanstreek,2927941761,1,9,40,3kfktv64h7kg7zryax1wktr5r,Alkmaar Zaanstreek,ck3l6a262hves3v6nywarx9pm,Alexandre Penetra,8.82,43.996,1,0.0,turnover,False,0.0
2026-04-23_Go Ahead Eagles - Alkmaar Zaanstreek,2927941927,1,10,30,b79uipsy57y1jqpy07h4i5ovk,Go Ahead Eagles,a2psnkhu3h7m0ng8e7qdietey,S. Tengstedt,82.32000000000001,17.204,2,3.0,turnover,False,0.0
2026-04-23_Go Ahead Eagles - Alkmaar Zaanstreek,2927949117,1,26,59,b79uipsy57y1jqpy07h4i5ovk,Go Ahead Eagles,61a5bh5xw947nv4mxx62gqaqx,J. Kramer,47.98500000000001,57.800000000000004,6,8.0,turnover,False,0.00045318211255996954
2026-04-23_Go Ahead Eagles - Alkmaar Zaanstreek,2927949233,1,27,9,3kfktv64h7kg7zryax1wktr5r,Alkmaar Zaanstreek,es363spp9pgd4hralx6ni2xw4,M. Chávez,42.73500000000001,55.556000000000004,2,2.0,turnover,False,0.0
2026-04-23_Go Ahead Eagles - Alkmaar Zaanstreek,2927950735,1,30,0,b79uipsy57y1jqpy07h4i5ovk,Go Ahead Eagles,eytcfp4cu6qkar65kf0p5rm96,J. Dirksen,34.02,32.572,5,10.0,window_expired,False,8.058164546569102e-05
2026-04-23_Go Ahead Eagles - Alkmaar Zaanstreek,2927951133,1,30,55,b79uipsy57y1jqpy07h4i5ovk,Go Ahead Eagles,eytcfp4cu6qkar65kf0p5rm96,J. Dirksen,36.12,21.556,3,5.0,turnover,False,0.0
2026-04-23_Go Ahead Eagles - Alkmaar Zaanstreek,2927952399,1,33,11,3kfktv64h7kg7zryax1wktr5r,Alkmaar Zaanstreek,7jpreaads35pnnfqbn7hmrmy,S. Mijnans,32.13,61.404,1,1.0,turnover,False,0.0
2026-04-23_Go Ahead Eagles - Alkmaar Zaanstreek,2927953727,1,35,47,3kfktv64h7kg7zryax1wktr5r,Alkmaar Zaanstreek,7jpreaads35pnnfqbn7hmrmy,S. Mijnans,68.985,47.39600000000001,3,7.0,turnover,True,0.0
2026-04-23_Go Ahead Eagles - Alkmaar Zaanstreek,2927954775,1,37,40,b79uipsy57y1jqpy07h4i5ovk,Go Ahead Eagles,a2psnkhu3h7m0ng8e7qdietey,S. Tengstedt,45.57,15.368000000000002,3,2.0,turnover,False,0.0002162884925901
2026-04-23_Go Ahead Eagles - Alkmaar Zaanstreek,2927970295,2,50,35,3kfktv64h7kg7zryax1wktr5r,Alkmaar Zaanstreek,nw48ayorxrpxwcxbdhxy44k4,B. van Duijl,63.525000000000006,26.180000000000003,1,2.0,turnover,False,0.0
2026-04-23_Go Ahead Eagles - Alkmaar Zaanstreek,2927979779,2,67,39,b79uipsy57y1jqpy07h4i5ovk,Go Ahead Eagles,94b7i139jyk6hs6ioqlztg1jp,F. Stokkers,32.76,25.432000000000002,0,0.0,turnover,False,0.0
2026-04-23_Go Ahead Eagles - Alkmaar Zaanstreek,2927980345,2,67,54,b79uipsy57y1jqpy07h4i5ovk,Go Ahead Eagles,2teefpvijsbzag4yi7fm1pyol,A. Sampsted,25.305000000000003,15.028000000000002,0,0.0,turnover,False,0.0
2026-04-23_Go Ahead Eagles - Alkmaar Zaanstreek,2927991545,2,82,57,b79uipsy57y1jqpy07h4i5ovk,Go Ahead Eagles,61a5bh5xw947nv4mxx62gqaqx,J. Kramer,28.455000000000002,39.440000000000005,3,3.0,window_expired,False,0.0090259992348627
2026-04-23_Go Ahead Eagles - Alkmaar Zaanstreek,2927992337,2,84,3,3kfktv64h7kg7zryax1wktr5r,Alkmaar Zaanstreek,f3saw9c9wzs4qda0rtkv9gidw,R. Ichihara,70.14,8.772,5,9.0,window_expired,False,0.0311708470185612
2026-04-23_Go Ahead Eagles - Alkmaar Zaanstreek,2927999445,2,93,7,b79uipsy57y1jqpy07h4i5ovk,Go Ahead Eagles,bn8dwm2y9a8i9a10rba3dmm3u,D. James,15.120000000000001,40.596000000000004,4,8.0,window_expired,False,0.0003249228059386
2026-04-23_Go Ahead Eagles - Alkmaar Zaanstreek,2928000657,2,94,43,b79uipsy57y1jqpy07h4i5ovk,Go Ahead Eagles,lp9kyx4408kpoey40zv9mga1,J. De Busser,3.045,48.824,0,0.0,turnover,False,0.0
2026-04-23_PSV Eindhoven - PEC Zwolle,2928015901,1,1,10,24fvcruwqrqvqa3aonf8c3zuy,PSV Eindhoven,cgsmk5437f466uoqvol7devze,R. Flamingo,42.839999999999996,10.200000000000001,0,0.0,turnover,False,0.0
2026-04-23_PSV Eindhoven - PEC Zwolle,2928134963,1,4,18,24fvcruwqrqvqa3aonf8c3zuy,PSV Eindhoven,c6ip6gwp8yvchd1n3dv42go9,Mauro Júnior,33.81,58.888,2,2.0,window_expired,False,0.0005160204991726
2026-04-23_PSV Eindhoven - PEC Zwolle,2928020445,1,9,7,2uuh2bir8ktof0uxfo06lb4ox,PEC Zwolle,a7vlgirln231n3dqjhb72o0es,O. Aertssen,48.825,9.112,1,3.0,turnover,False,0.0
2026-04-23_PSV Eindhoven - PEC Zwolle,2928025465,1,16,37,24fvcruwqrqvqa3aonf8c3zuy,PSV Eindhoven,cgsmk5437f466uoqvol7devze,R. Flamingo,24.465000000000003,43.248000000000005,2,5.0,turnover,False,0.0
2026-04-23_PSV Eindhoven - PEC Zwolle,2928027803,1,20,12,2uuh2bir8ktof0uxfo06lb4ox,PEC Zwolle,1rd0zzpp3dn0y7qtxwc57g7h1,R. Thomas,8.82,24.548000000000002,0,0.0,turnover,False,0.0
2026-04-23_PSV Eindhoven - PEC Zwolle,2928030295,1,23,30,24fvcruwqrqvqa3aonf8c3zuy,PSV Eindhoven,3c3vzihvua5ap17aa27v1ve38,J. van den Berg,23.625,63.03600000000001,6,8.0,turnover,False,0.0
2026-04-23_PSV Eindhoven - PEC Zwolle,2928033969,1,30,54,24fvcruwqrqvqa3aonf8c3zuy,PSV Eindhoven,d4j19ipiaeuetyij08fofgs15,J. Veerman,74.34,6.188000000000001,6,10.0,window_expired,False,0.0
2026-04-23_PSV Eindhoven - PEC Zwolle,2928041337,1,43,43,2uuh2bir8ktof0uxfo06lb4ox,PEC Zwolle,1rd0zzpp3dn0y7qtxwc57g7h1,R. Thomas,3.045,21.488000000000003,1,0.0,turnover,False,0.0
2026-04-23_PSV Eindhoven - PEC Zwolle,2928052003,2,47,6,2uuh2bir8ktof0uxfo06lb4ox,PEC Zwolle,4phgw75cred5p93hjq8hiou6t,S. Floranus,30.975,55.01200000000001,6,9.0,window_expired,False,0.0
2026-04-23_PSV Eindhoven - PEC Zwolle,2928054223,2,51,55,2uuh2bir8ktof0uxfo06lb4ox,PEC Zwolle,ekur9x1kzp8wq0lwfwev0b0bu,K. de Rooij,36.015,42.84,3,8.0,turnover,True,0.0
2026-04-23_PSV Eindhoven - PEC Zwolle,2928054639,2,52,54,24fvcruwqrqvqa3aonf8c3zuy,PSV Eindhoven,cgsmk5437f466uoqvol7devze,R. Flamingo,33.18,21.42,3,9.0,window_expired,False,0.0
2026-04-23_PSV Eindhoven - PEC Zwolle,2928054739,2,53,5,2uuh2bir8ktof0uxfo06lb4ox,PEC Zwolle,a7vlgirln231n3dqjhb72o0es,O. Aertssen,20.580000000000002,7.956,1,1.0,turnover,False,0.0
2026-04-23_PSV Eindhoven - PEC Zwolle,2928055203,2,53,54,2uuh2bir8ktof0uxfo06lb4ox,PEC Zwolle,a7vlgirln231n3dqjhb72o0es,O. Aertssen,28.35,4.0120000000000005,1,1.0,turnover,False,0.0
2026-04-23_PSV Eindhoven - PEC Zwolle,2928061315,2,66,38,24fvcruwqrqvqa3aonf8c3zuy,PSV Eindhoven,emglxnqrlqskt8krglv7sziwa,R. Pepi,64.26,49.43600000000001,3,7.0,turnover,False,0.0
2026-04-23_PSV Eindhoven - PEC Zwolle,2928140351,2,69,49,2uuh2bir8ktof0uxfo06lb4ox,PEC Zwolle,4phgw75cred5p93hjq8hiou6t,S. Floranus,12.600000000000001,45.288,0,0.0,turnover,False,0.0
2026-04-23_PSV Eindhoven - PEC Zwolle,2928062961,2,70,35,2uuh2bir8ktof0uxfo06lb4ox,PEC Zwolle,d5g7rl9a83vu3cyyzvu5yveqy,A. MacNulty,17.64,61.404,1,0.0,turnover,False,0.0
2026-04-23_PSV Eindhoven - PEC Zwolle,2928065177,2,76,11,2uuh2bir8ktof0uxfo06lb4ox,PEC Zwolle,d29ahwtvs7ls75wdtkf7xr8tm,Z. Buurmeester,27.195,41.344,0,0.0,turnover,False,0.0
2026-04-23_PSV Eindhoven - PEC Zwolle,2928141127,2,78,15,24fvcruwqrqvqa3aonf8c3zuy,PSV Eindhoven,24sgu58uugxgy49el075dz21g,E. Bajraktarević,63.839999999999996,6.800000000000001,3,8.0,turnover,False,0.0
2026-04-23_PSV Eindhoven - PEC Zwolle,2928067203,2,83,11,24fvcruwqrqvqa3aonf8c3zuy,PSV Eindhoven,cgsmk5437f466uoqvol7devze,R. Flamingo,39.58500000000001,19.584000000000003,0,0.0,turnover,False,0.0
2026-04-23_PSV Eindhoven - PEC Zwolle,2928142531,2,84,23,24fvcruwqrqvqa3aonf8c3zuy,PSV Eindhoven,4i5i204kbg1we22h8cabtb1n8,J. Bawuah,32.025,19.176000000000002,1,1.0,turnover,False,0.0
2026-04-23_PSV Eindhoven - PEC Zwolle,2928067695,2,84,38,24fvcruwqrqvqa3aonf8c3zuy,PSV Eindhoven,3c3vzihvua5ap17aa27v1ve38,J. van den Berg,70.77000000000001,61.2,0,0.0,turnover,False,0.0
2026-04-23_PSV Eindhoven - PEC Zwolle,2928068031,2,85,44,2uuh2bir8ktof0uxfo06lb4ox,PEC Zwolle,4mhahoh3a6rir882ug9hdb5nu,T. Velthuis,4.7250000000000005,30.056000000000004,1,2.0,turnover,False,0.0
2026-04-25_FC Twente - Nijmegen Eendracht Combinatie,2929112787,1,6,30,8iawijq7s9s6d85mjz8wdslki,Nijmegen Eendracht Combinatie,8624hqd4nlbzcoqsetvsvla8k,D. Fonville,12.705,36.108000000000004,3,7.0,turnover,False,0.0
2026-04-25_FC Twente - Nijmegen Eendracht Combinatie,2929114083,1,7,41,4tic29sox7m39fy1ztgv0jsiq,FC Twente,9nix5y8xcj34ps62r34udtqwa,K. Hlynsson,58.275000000000006,29.648000000000003,0,0.0,turnover,False,0.0
2026-04-25_FC Twente - Nijmegen Eendracht Combinatie,2929115371,1,8,59,8iawijq7s9s6d85mjz8wdslki,Nijmegen Eendracht Combinatie,913pg8qqcjp99h5fjybbenob9,P. Sandler,41.580000000000005,50.79600000000001,4,2.0,turnover,False,0.0
2026-04-25_FC Twente - Nijmegen Eendracht Combinatie,2929123933,1,17,9,4tic29sox7m39fy1ztgv0jsiq,FC Twente,5m8pflpgynidzk7d9507oujje,D. Rots,50.295,5.508,1,1.0,turnover,False,0.0
2026-04-25_FC Twente - Nijmegen Eendracht Combinatie,2929128335,1,21,51,8iawijq7s9s6d85mjz8wdslki,Nijmegen Eendracht Combinatie,7wjzrrcy3fp8nq6dlanfxvqhh,B. Nuytinck,24.044999999999998,29.852,0,0.0,turnover,False,0.0
2026-04-25_FC Twente - Nijmegen Eendracht Combinatie,2929129181,1,22,46,8iawijq7s9s6d85mjz8wdslki,Nijmegen Eendracht Combinatie,4kns22wbu3emy5oxbpr52rdud,E. Dasa,55.33500000000001,10.200000000000001,5,9.0,window_expired,False,0.0
2026-04-25_FC Twente - Nijmegen Eendracht Combinatie,2929134619,1,29,6,8iawijq7s9s6d85mjz8wdslki,Nijmegen Eendracht Combinatie,dse071e8zbzm8l37m64g6e1p0,K. Sano,27.72,28.764,2,1.0,turnover,False,0.0
2026-04-25_FC Twente - Nijmegen Eendracht Combinatie,2929134713,1,29,10,4tic29sox7m39fy1ztgv0jsiq,FC Twente,3xlkchrk28u0cb620cajre1hw,R. Nijstad,41.265,45.56,5,10.0,window_expired,False,0.0
2026-04-25_FC Twente - Nijmegen Eendracht Combinatie,2929142095,1,37,43,8iawijq7s9s6d85mjz8wdslki,Nijmegen Eendracht Combinatie,dse071e8zbzm8l37m64g6e1p0,K. Sano,33.705000000000005,37.74,0,0.0,turnover,False,0.0
2026-04-25_FC Twente - Nijmegen Eendracht Combinatie,2929146629,1,42,37,8iawijq7s9s6d85mjz8wdslki,Nijmegen Eendracht Combinatie,8624hqd4nlbzcoqsetvsvla8k,D. Fonville,46.30500000000001,65.07600000000001,3,9.0,window_expired,False,0.0
2026-04-25_FC Twente - Nijmegen Eendracht Combinatie,2929170255,2,58,6,8iawijq7s9s6d85mjz8wdslki,Nijmegen Eendracht Combinatie,8624hqd4nlbzcoqsetvsvla8k,D. Fonville,31.290000000000003,55.21600000000001,0,0.0,turnover,False,0.0
2026-04-25_FC Twente - Nijmegen Eendracht Combinatie,2929177755,2,68,42,8iawijq7s9s6d85mjz8wdslki,Nijmegen Eendracht Combinatie,dse071e8zbzm8l37m64g6e1p0,K. Sano,39.795,36.992000000000004,3,5.0,turnover,False,0.0
2026-04-25_FC Twente - Nijmegen Eendracht Combinatie,2929190401,2,88,10,4tic29sox7m39fy1ztgv0jsiq,FC Twente,6wwk8y9mklkh8x606ynhe1lp0,S. Ørjasæter,19.53,55.964,3,5.0,turnover,False,0.0
2026-04-25_FC Twente - Nijmegen Eendracht Combinatie,2929961799,2,91,6,8iawijq7s9s6d85mjz8wdslki,Nijmegen Eendracht Combinatie,8624hqd4nlbzcoqsetvsvla8k,D. Fonville,31.185000000000002,48.75600000000001,0,0.0,turnover,False,0.0
2026-04-25_Feyenoord Rotterdam - FC Groningen,2928805209,1,1,53,cos9hxi16eitbcbthof7zrm4m,FC Groningen,98qi4clazqen9kimkxt3jb6j9,M. Peersman,8.61,51.816,1,5.0,turnover,False,0.0
2026-04-25_Feyenoord Rotterdam - FC Groningen,2928805505,1,2,3,20vymiy7bo8wkyxai3ew494fz,Feyenoord Rotterdam,eoodvdqfvhql03i8kv9l14qvo,T. Kraaijeveld,77.91000000000001,10.200000000000001,0,0.0,turnover,False,0.0
2026-04-25_Feyenoord Rotterdam - FC Groningen,2928818213,1,7,42,cos9hxi16eitbcbthof7zrm4m,FC Groningen,4dk7h575fifmw2lhslevhmhux,M. Rente,54.285000000000004,18.224,1,1.0,turnover,False,0.0
2026-04-25_Feyenoord Rotterdam - FC Groningen,2928818619,1,7,49,20vymiy7bo8wkyxai3ew494fz,Feyenoord Rotterdam,9d4ald4f0m2imaastzen4j8mi,O. Targhalline,26.880000000000003,47.940000000000005,1,1.0,turnover,False,0.0
2026-04-25_Feyenoord Rotterdam - FC Groningen,2928819453,1,8,12,cos9hxi16eitbcbthof7zrm4m,FC Groningen,9wwud2tglhtdocmjgl2u5ib6c,T. Blokzijl,69.405,57.528,0,0.0,turnover,False,0.0
2026-04-25_Feyenoord Rotterdam - FC Groningen,2928821869,1,9,25,20vymiy7bo8wkyxai3ew494fz,Feyenoord Rotterdam,ciguyr553yqapqfudim9af46h,M. Deijl,68.46000000000001,4.352,2,3.0,turnover,False,0.0
2026-04-25_Feyenoord Rotterdam - FC Groningen,2928839403,1,17,56,cos9hxi16eitbcbthof7zrm4m,FC Groningen,f4liap69r76gyc8pnxsergbqi,T. de Jonge,74.55,45.084,3,6.0,turnover,False,0.0
2026-04-25_Feyenoord Rotterdam - FC Groningen,2928847623,1,29,23,20vymiy7bo8wkyxai3ew494fz,Feyenoord Rotterdam,6fdwd71dx2qu7uzzs3ozm9x7u,T. Watanabe,38.955000000000005,48.07600000000001,2,2.0,turnover,False,0.0
2026-04-25_Feyenoord Rotterdam - FC Groningen,2928848883,1,31,20,20vymiy7bo8wkyxai3ew494fz,Feyenoord Rotterdam,eoodvdqfvhql03i8kv9l14qvo,T. Kraaijeveld,27.51,5.848,1,0.0,turnover,False,0.0
2026-04-25_Feyenoord Rotterdam - FC Groningen,2928858657,1,38,10,20vymiy7bo8wkyxai3ew494fz,Feyenoord Rotterdam,6fdwd71dx2qu7uzzs3ozm9x7u,T. Watanabe,63.73500000000001,3.74,1,1.0,turnover,False,0.0
2026-04-25_Feyenoord Rotterdam - FC Groningen,2928866253,1,42,5,20vymiy7bo8wkyxai3ew494fz,Feyenoord Rotterdam,6fdwd71dx2qu7uzzs3ozm9x7u,T. Watanabe,35.175000000000004,44.404,1,1.0,turnover,False,0.0
2026-04-25_Feyenoord Rotterdam - FC Groningen,2928868619,1,43,25,20vymiy7bo8wkyxai3ew494fz,Feyenoord Rotterdam,eoodvdqfvhql03i8kv9l14qvo,T. Kraaijeveld,34.02,11.696,2,3.0,turnover,False,0.0
2026-04-25_Feyenoord Rotterdam - FC Groningen,2928909419,2,47,44,20vymiy7bo8wkyxai3ew494fz,Feyenoord Rotterdam,5bjdj7hrhuxjbsa8wc1kw42c5,G. Trauner,52.815,35.564,2,1.0,turnover,False,0.0
2026-04-25_Feyenoord Rotterdam - FC Groningen,2928934507,2,61,38,20vymiy7bo8wkyxai3ew494fz,Feyenoord Rotterdam,6fdwd71dx2qu7uzzs3ozm9x7u,T. Watanabe,33.495,54.06,1,2.0,turnover,False,0.0
2026-04-25_Feyenoord Rotterdam - FC Groningen,2928943939,2,69,9,20vymiy7bo8wkyxai3ew494fz,Feyenoord Rotterdam,6hnzgiw8h1itz9l2j3sb6oeeh,J. St. Juste,64.05,9.792000000000002,1,2.0,turnover,False,0.0
2026-04-25_Feyenoord Rotterdam - FC Groningen,2928945985,2,72,44,20vymiy7bo8wkyxai3ew494fz,Feyenoord Rotterdam,6hnzgiw8h1itz9l2j3sb6oeeh,J. St. Juste,66.78,43.86000000000001,4,5.0,turnover,False,0.0
2026-04-25_Feyenoord Rotterdam - FC Groningen,2928954013,2,84,4,20vymiy7bo8wkyxai3ew494fz,Feyenoord Rotterdam,6hnzgiw8h1itz9l2j3sb6oeeh,J. St. Juste,18.69,36.176,0,0.0,turnover,False,0.0
2026-04-25_NAC Breda - AFC Ajax,2929054707,1,0,59,59t7flioj4w4mpwnrwbm0m8ck,NAC Breda,4f8xb5sbyksacxmifi375h7qi,K. Sowah,58.275000000000006,61.2,4,7.0,turnover,False,0.0
2026-04-25_NAC Breda - AFC Ajax,2929056645,1,2,54,d0zdg647gvgc95xdtk1vpbkys,AFC Ajax,1wse4b1hxu37e7t5ty5ykn7c9,J. Šutalo,30.87,20.944000000000003,2,4.0,turnover,False,0.0
2026-04-25_NAC Breda - AFC Ajax,2929073329,1,20,58,d0zdg647gvgc95xdtk1vpbkys,AFC Ajax,7joybllup4h9oe6zfhcepjy6t,S. Berghuis,58.17,28.492,0,0.0,turnover,False,0.0
2026-04-25_NAC Breda - AFC Ajax,2929076665,1,24,47,d0zdg647gvgc95xdtk1vpbkys,AFC Ajax,9tp35qqu1heburu0g5wa6jv56,Lucas Rosa,69.51,62.220000000000006,0,0.0,turnover,False,0.0
2026-04-25_NAC Breda - AFC Ajax,2929077831,1,26,1,d0zdg647gvgc95xdtk1vpbkys,AFC Ajax,cx6fxszjvjam6zb3c3p0dd1jo,M. Godts,46.830000000000005,65.824,0,0.0,turnover,False,0.0
2026-04-25_NAC Breda - AFC Ajax,2929078417,1,26,52,59t7flioj4w4mpwnrwbm0m8ck,NAC Breda,7qwmlcxsxlxmq01g7dkt7v14a,M. Balard,43.995,35.768,5,9.0,window_expired,False,0.0
2026-04-25_NAC Breda - AFC Ajax,2929080553,1,29,40,d0zdg647gvgc95xdtk1vpbkys,AFC Ajax,2zkaf848fjcdhuii8783pkm7e,Y. Regeer,11.235,25.16,1,1.0,window_expired,False,0.0
2026-04-25_NAC Breda - AFC Ajax,2929082555,1,32,1,59t7flioj4w4mpwnrwbm0m8ck,NAC Breda,a3m4r77behilkcznll07b7d1x,C. Leemans,61.214999999999996,45.288,0,0.0,turnover,False,0.0
2026-04-25_NAC Breda - AFC Ajax,2929090353,1,40,34,d0zdg647gvgc95xdtk1vpbkys,AFC Ajax,47l204bkq2qqjhtazusr0019m,Y. Baas,31.71,34.068000000000005,4,8.0,turnover,False,0.0
2026-04-25_NAC Breda - AFC Ajax,2929092951,1,43,16,59t7flioj4w4mpwnrwbm0m8ck,NAC Breda,a3m4r77behilkcznll07b7d1x,C. Leemans,9.870000000000001,35.02,0,0.0,turnover,False,0.0
2026-04-25_NAC Breda - AFC Ajax,2929094075,1,44,12,59t7flioj4w4mpwnrwbm0m8ck,NAC Breda,a3m4r77behilkcznll07b7d1x,C. Leemans,51.135000000000005,50.184000000000005,3,9.0,window_expired,False,0.0
2026-04-25_NAC Breda - AFC Ajax,2929095235,1,45,21,d0zdg647gvgc95xdtk1vpbkys,AFC Ajax,9tp35qqu1heburu0g5wa6jv56,Lucas Rosa,32.76,64.53200000000001,5,10.0,window_expired,False,0.0
2026-04-25_NAC Breda - AFC Ajax,2929114715,2,48,30,d0zdg647gvgc95xdtk1vpbkys,AFC Ajax,2zkaf848fjcdhuii8783pkm7e,Y. Regeer,27.615000000000002,23.392,7,9.0,window_expired,False,0.0
2026-04-25_NAC Breda - AFC Ajax,2929125927,2,59,19,59t7flioj4w4mpwnrwbm0m8ck,NAC Breda,4f8xb5sbyksacxmifi375h7qi,K. Sowah,78.75,15.368000000000002,0,0.0,turnover,False,0.0
2026-04-25_NAC Breda - AFC Ajax,2929133497,2,68,3,d0zdg647gvgc95xdtk1vpbkys,AFC Ajax,9tp35qqu1heburu0g5wa6jv56,Lucas Rosa,33.705000000000005,60.11200000000001,1,1.0,turnover,False,0.0
2026-04-25_NAC Breda - AFC Ajax,2929144169,2,80,17,d0zdg647gvgc95xdtk1vpbkys,AFC Ajax,1wse4b1hxu37e7t5ty5ykn7c9,J. Šutalo,34.02,1.4960000000000002,4,2.0,turnover,False,0.0
2026-04-25_NAC Breda - AFC Ajax,2929144583,2,80,42,59t7flioj4w4mpwnrwbm0m8ck,NAC Breda,200chcevwu3znwew6xjyaof6d,F. Oldrup Jensen,38.010000000000005,41.684000000000005,0,0.0,turnover,False,0.0
2026-04-25_NAC Breda - AFC Ajax,2929154299,2,93,50,59t7flioj4w4mpwnrwbm0m8ck,NAC Breda,d785q9rpqlyuyswv8f9fx4cno,M. Nassoh,14.595,31.824,1,0.0,turnover,False,0.0
2026-04-25_NAC Breda - AFC Ajax,2929154453,2,94,7,d0zdg647gvgc95xdtk1vpbkys,AFC Ajax,264gu641hrd38wqf28xolwhlg,R. Bounida,44.52,44.744,5,5.0,window_expired,False,0.0
2026-04-25_NAC Breda - AFC Ajax,2929154631,2,94,26,59t7flioj4w4mpwnrwbm0m8ck,NAC Breda,200chcevwu3znwew6xjyaof6d,F. Oldrup Jensen,33.81,28.152,3,5.0,turnover,False,0.0
2026-04-25_SC Heerenveen - Fortuna Sittard,2928984097,1,0,13,3ebril33e08ddzob4bhq8awsr,Fortuna Sittard,8przxwwothu3crflys7ahl4dm,S. Adewoye,33.075,20.808000000000003,1,2.0,turnover,False,0.0
2026-04-25_SC Heerenveen - Fortuna Sittard,2928989859,1,7,36,3ebril33e08ddzob4bhq8awsr,Fortuna Sittard,8przxwwothu3crflys7ahl4dm,S. Adewoye,22.05,20.672,2,4.0,turnover,False,0.0
2026-04-25_SC Heerenveen - Fortuna Sittard,2928990305,1,8,13,4vd2t5schmvvufrfib7f2vjdf,SC Heerenveen,8jm8a7w3a5b5nzikcom7cvf2s,M. Willemsen,28.665000000000003,54.944,0,0.0,turnover,False,0.0
2026-04-25_SC Heerenveen - Fortuna Sittard,2928995333,1,16,21,3ebril33e08ddzob4bhq8awsr,Fortuna Sittard,8przxwwothu3crflys7ahl4dm,S. Adewoye,65.52,3.8760000000000003,2,2.0,turnover,False,0.0
2026-04-25_SC Heerenveen - Fortuna Sittard,2929011153,1,32,52,3ebril33e08ddzob4bhq8awsr,Fortuna Sittard,8przxwwothu3crflys7ahl4dm,S. Adewoye,4.2,34.068000000000005,1,4.0,turnover,False,0.0
2026-04-25_SC Heerenveen - Fortuna Sittard,2929012631,1,34,25,3ebril33e08ddzob4bhq8awsr,Fortuna Sittard,dsh8ta4q6v5ews2e19p9xh6y2,J. Hubner,63.315,64.464,1,7.0,turnover,False,0.0
2026-04-25_SC Heerenveen - Fortuna Sittard,2929013013,1,34,55,3ebril33e08ddzob4bhq8awsr,Fortuna Sittard,9zryne6aa951ltubvjo0gk12i,M. Ihattaren,33.81,33.32,2,7.0,turnover,True,0.0
2026-04-25_SC Heerenveen - Fortuna Sittard,2929016269,1,38,15,3ebril33e08ddzob4bhq8awsr,Fortuna Sittard,570htztcvfsu947xw6fvtzmc5,Iván Márquez,41.580000000000005,41.208000000000006,2,2.0,turnover,False,0.0
2026-04-25_SC Heerenveen - Fortuna Sittard,2929016979,1,39,6,3ebril33e08ddzob4bhq8awsr,Fortuna Sittard,7b4jmfu1ejoeci2zmvwuejnys,P. Brittijn,56.80500000000001,1.904,0,0.0,turnover,False,0.0
2026-04-25_SC Heerenveen - Fortuna Sittard,2929018235,1,40,26,3ebril33e08ddzob4bhq8awsr,Fortuna Sittard,2ifp36vdm0d6rb3xc7muuvv11,D. Limnios,38.325,35.36,1,3.0,window_expired,False,0.0
2026-04-25_SC Heerenveen - Fortuna Sittard,2929044219,2,45,59,3ebril33e08ddzob4bhq8awsr,Fortuna Sittard,bnkzwpd607re6s01oa77wcodm,J. Dahlhaus,43.575,60.86000000000001,1,3.0,turnover,False,0.0
2026-04-25_SC Heerenveen - Fortuna Sittard,2929047019,2,48,50,3ebril33e08ddzob4bhq8awsr,Fortuna Sittard,7b4jmfu1ejoeci2zmvwuejnys,P. Brittijn,56.49,39.984,2,2.0,turnover,False,0.0
2026-04-25_SC Heerenveen - Fortuna Sittard,2929047073,2,48,52,4vd2t5schmvvufrfib7f2vjdf,SC Heerenveen,aqnr6l3f02hx0soadunxbjcpg,J. Trenskow,49.455000000000005,23.052,3,9.0,window_expired,False,0.0
2026-04-25_SC Heerenveen - Fortuna Sittard,2929047753,2,49,44,3ebril33e08ddzob4bhq8awsr,Fortuna Sittard,ccmmsnrfn58gwi1petlp08f3e,L. Duijvestijn,27.195,57.46,1,1.0,turnover,False,0.0
2026-04-25_SC Heerenveen - Fortuna Sittard,2929059559,2,63,31,4vd2t5schmvvufrfib7f2vjdf,SC Heerenveen,8jm8a7w3a5b5nzikcom7cvf2s,M. Willemsen,49.245,48.75600000000001,6,9.0,window_expired,False,0.0
2026-04-25_SC Heerenveen - Fortuna Sittard,2929060833,2,64,51,3ebril33e08ddzob4bhq8awsr,Fortuna Sittard,bnkzwpd607re6s01oa77wcodm,J. Dahlhaus,28.875,53.85600000000001,0,0.0,turnover,False,0.0
2026-04-25_SC Heerenveen - Fortuna Sittard,2929063471,2,67,35,3ebril33e08ddzob4bhq8awsr,Fortuna Sittard,8przxwwothu3crflys7ahl4dm,S. Adewoye,7.14,36.720000000000006,1,3.0,turnover,False,0.0
2026-04-25_SC Heerenveen - Fortuna Sittard,2929065643,2,70,11,3ebril33e08ddzob4bhq8awsr,Fortuna Sittard,dsh8ta4q6v5ews2e19p9xh6y2,J. Hubner,15.75,46.988,0,0.0,turnover,False,0.0
2026-04-25_SC Heerenveen - Fortuna Sittard,2929068289,2,72,43,4vd2t5schmvvufrfib7f2vjdf,SC Heerenveen,e5hzt8nmhu2ktn69dsv67ga38,M. Linday,26.880000000000003,14.620000000000001,3,8.0,window_expired,False,0.0
2026-04-25_SC Heerenveen - Fortuna Sittard,2929072171,2,77,3,4vd2t5schmvvufrfib7f2vjdf,SC Heerenveen,412l28fqhx21ivpcxzn1kpilm,V. Zagaritis,12.39,56.57600000000001,3,3.0,turnover,False,0.0
2026-04-25_SC Heerenveen - Fortuna Sittard,2929072223,2,77,7,3ebril33e08ddzob4bhq8awsr,Fortuna Sittard,b23be312oxcbusvpjnnriukq2,Y. Oukili,74.55,16.592,4,6.0,turnover,False,0.0
2026-04-26_Heracles Almelo - FC Volendam,2929631527,1,5,1,6g9qrm72224jrk6tkxxxi8a9n,FC Volendam,6svx5u21jrcch3ewpqqbxukmh,J. Bacuna,46.515,3.604,0,0.0,turnover,False,0.0
2026-04-26_Heracles Almelo - FC Volendam,2929645813,1,16,44,dac758ef858jbq7pcb3gfwite,Heracles Almelo,mlqit2c8my1ewqy6avrfhf8q,A. Van Hoorenbeeck,21.0,62.83200000000001,1,1.0,turnover,False,0.0
2026-04-26_Heracles Almelo - FC Volendam,2929649685,1,20,10,dac758ef858jbq7pcb3gfwite,Heracles Almelo,mlqit2c8my1ewqy6avrfhf8q,A. Van Hoorenbeeck,16.59,47.940000000000005,0,0.0,turnover,False,0.0
2026-04-26_Heracles Almelo - FC Volendam,2929654831,1,26,41,dac758ef858jbq7pcb3gfwite,Heracles Almelo,96om2im2vd1621ajcexlyekno,T. van Gilst,54.495,1.292,0,0.0,turnover,False,0.0
2026-04-26_Heracles Almelo - FC Volendam,2929656329,1,28,49,dac758ef858jbq7pcb3gfwite,Heracles Almelo,80dk8iv6p0202z10qcqy8bfca,S. Scheperman,58.695,17.136,0,0.0,turnover,False,0.0
2026-04-26_Heracles Almelo - FC Volendam,2929657443,1,30,9,6g9qrm72224jrk6tkxxxi8a9n,FC Volendam,6svx5u21jrcch3ewpqqbxukmh,J. Bacuna,30.240000000000002,24.684,5,10.0,window_expired,False,0.0
2026-04-26_Heracles Almelo - FC Volendam,2929666187,1,36,41,6g9qrm72224jrk6tkxxxi8a9n,FC Volendam,4utx4h5jz14whtjawxn7ox0r8,N. Verschuren,27.825000000000003,39.984,3,3.0,turnover,False,0.0
2026-04-26_Heracles Almelo - FC Volendam,2929709289,2,49,35,dac758ef858jbq7pcb3gfwite,Heracles Almelo,f2snk84xy67ergwrwoblgt2ad,T. Bruns,77.80499999999999,8.636000000000001,3,3.0,turnover,True,0.0
2026-04-26_Heracles Almelo - FC Volendam,2929729413,2,71,34,dac758ef858jbq7pcb3gfwite,Heracles Almelo,6ok4k757utbtswx5618xffsru,I. Mesík,29.715000000000003,12.920000000000002,0,0.0,turnover,False,0.0
2026-04-26_Heracles Almelo - FC Volendam,2929733855,2,77,36,6g9qrm72224jrk6tkxxxi8a9n,FC Volendam,btrg844mxkl6kbn89s7aecj8q,G. Yah,24.255000000000003,24.344,1,2.0,turnover,False,0.0
2026-04-26_SBV Excelsior - FC Utrecht,2929525317,1,2,39,dqk062lu0vm8epvytbm6r4mmf,SBV Excelsior,c6i4usq34m3389rtbqptahrai,R. Meissen,34.545,4.08,1,1.0,turnover,False,0.0
2026-04-26_SBV Excelsior - FC Utrecht,2929526287,1,5,3,dqk062lu0vm8epvytbm6r4mmf,SBV Excelsior,49xsd6e4oyjrhtwsdbdm4rj84,L. Hartjes,69.825,38.624,0,0.0,turnover,False,0.0
2026-04-26_SBV Excelsior - FC Utrecht,2929526559,1,5,39,ccpscwdcm65czscrun048ecn5,FC Utrecht,8tqsvu5sw6kn014hdv88zppm1,N. Vesterlund,79.69500000000001,2.652,3,8.0,window_expired,False,0.0
2026-04-26_SBV Excelsior - FC Utrecht,2929526681,1,5,55,dqk062lu0vm8epvytbm6r4mmf,SBV Excelsior,aeqj9ogm0dntus0wl352w9z6y,C. Widell,33.18,45.492000000000004,1,1.0,turnover,False,0.0
2026-04-26_SBV Excelsior - FC Utrecht,2929527273,1,7,5,ccpscwdcm65czscrun048ecn5,FC Utrecht,4ej8uchqe3rt1s5h6phjo3310,G. Zechiël,62.475,58.82000000000001,0,0.0,turnover,False,0.0
2026-04-26_SBV Excelsior - FC Utrecht,2929527551,1,7,45,ccpscwdcm65czscrun048ecn5,FC Utrecht,8lt54ei6pcu25u8uerigmx5yi,A. Engwanda,39.06,9.792000000000002,3,3.0,turnover,False,0.0
2026-04-26_SBV Excelsior - FC Utrecht,2929529171,1,12,0,dqk062lu0vm8epvytbm6r4mmf,SBV Excelsior,cs49ec8y6cubrlo5nmu3j3jtg,L. Schouten,26.880000000000003,54.33200000000001,3,6.0,window_expired,False,0.0
2026-04-26_SBV Excelsior - FC Utrecht,2929529335,1,12,29,dqk062lu0vm8epvytbm6r4mmf,SBV Excelsior,6coor7jll29drx4kgvyt499wq,N. Naujoks,70.35000000000001,17.136,1,2.0,turnover,False,0.0
2026-04-26_SBV Excelsior - FC Utrecht,2929529999,1,14,0,dqk062lu0vm8epvytbm6r4mmf,SBV Excelsior,5wwqe546ohp130rvi8x8pt0tm,A. Zagré,32.76,43.044000000000004,0,0.0,turnover,False,0.0
2026-04-26_SBV Excelsior - FC Utrecht,2929533917,1,21,28,ccpscwdcm65czscrun048ecn5,FC Utrecht,enimk3ibb10vk3f8vrmmhq7oq,S. El Karouani,40.32,62.49200000000001,0,0.0,turnover,False,0.0
2026-04-26_SBV Excelsior - FC Utrecht,2929535127,1,23,7,dqk062lu0vm8epvytbm6r4mmf,SBV Excelsior,5wwqe546ohp130rvi8x8pt0tm,A. Zagré,44.625,64.736,3,7.0,turnover,False,0.0
2026-04-26_SBV Excelsior - FC Utrecht,2929537787,1,29,46,ccpscwdcm65czscrun048ecn5,FC Utrecht,2tc8y9du64tjno62zll2jhy7e,Y. Cathline,49.035000000000004,62.696000000000005,1,1.0,turnover,False,0.0
2026-04-26_SBV Excelsior - FC Utrecht,2929545281,1,45,46,dqk062lu0vm8epvytbm6r4mmf,SBV Excelsior,aeqj9ogm0dntus0wl352w9z6y,C. Widell,45.885000000000005,49.368,0,0.0,turnover,False,0.0
2026-04-26_SBV Excelsior - FC Utrecht,2929559215,2,46,6,dqk062lu0vm8epvytbm6r4mmf,SBV Excelsior,3hu6e9wa0nt4ekubxye6l4pas,I. Yegoian,65.415,16.116,4,8.0,window_expired,False,0.0
2026-04-26_SBV Excelsior - FC Utrecht,2929560445,2,47,40,ccpscwdcm65czscrun048ecn5,FC Utrecht,8ymqihdfqc7esda7y407lebx1,D. de Wit,41.79,9.044,2,3.0,turnover,False,0.0
2026-04-26_SBV Excelsior - FC Utrecht,2929564481,2,53,3,ccpscwdcm65czscrun048ecn5,FC Utrecht,8ymqihdfqc7esda7y407lebx1,D. de Wit,36.855000000000004,55.488,5,9.0,turnover,False,0.0
2026-04-26_SBV Excelsior - FC Utrecht,2929568089,2,58,3,dqk062lu0vm8epvytbm6r4mmf,SBV Excelsior,5nhideyjwp2347ryi1n9wfq50,D. Sanches Fernandes,32.865,21.828000000000003,6,8.0,window_expired,False,0.0
2026-04-26_SBV Excelsior - FC Utrecht,2929573145,2,63,7,ccpscwdcm65czscrun048ecn5,FC Utrecht,8lt54ei6pcu25u8uerigmx5yi,A. Engwanda,39.58500000000001,18.632,0,0.0,turnover,False,0.0
2026-04-26_SBV Excelsior - FC Utrecht,2929578913,2,68,28,ccpscwdcm65czscrun048ecn5,FC Utrecht,bw2pkqwfuxonrsgdpxr5f3384,E. Adiele,14.175,41.072,4,9.0,turnover,False,0.0
2026-04-26_SBV Excelsior - FC Utrecht,2929579033,2,68,38,dqk062lu0vm8epvytbm6r4mmf,SBV Excelsior,3hu6e9wa0nt4ekubxye6l4pas,I. Yegoian,66.15,41.61600000000001,3,4.0,turnover,False,0.0
2026-04-26_SBV Excelsior - FC Utrecht,2929604851,2,72,37,dqk062lu0vm8epvytbm6r4mmf,SBV Excelsior,5nhideyjwp2347ryi1n9wfq50,D. Sanches Fernandes,70.56,5.372000000000001,4,4.0,turnover,False,0.0
2026-04-26_SBV Excelsior - FC Utrecht,2929586689,2,77,22,ccpscwdcm65czscrun048ecn5,FC Utrecht,3r6elcuru7no13hrfczmwbmy1,S. Horemans,61.635000000000005,3.5360000000000005,1,1.0,turnover,False,0.0
2026-04-26_SBV Excelsior - FC Utrecht,2929596925,2,90,58,ccpscwdcm65czscrun048ecn5,FC Utrecht,bw2pkqwfuxonrsgdpxr5f3384,E. Adiele,39.795,54.944,3,3.0,turnover,False,0.0
2026-05-02_AFC Ajax - PSV Eindhoven,2932317285,1,10,6,24fvcruwqrqvqa3aonf8c3zuy,PSV Eindhoven,c6ip6gwp8yvchd1n3dv42go9,Mauro Júnior,14.805,46.376000000000005,0,0.0,turnover,False,0.0
2026-05-02_AFC Ajax - PSV Eindhoven,2932776127,1,17,19,d0zdg647gvgc95xdtk1vpbkys,AFC Ajax,4n18t6bixl6ba3bx76hym51qs,A. Gaaei,44.83500000000001,2.9920000000000004,2,3.0,turnover,False,0.0
2026-05-02_AFC Ajax - PSV Eindhoven,2932327433,1,17,56,d0zdg647gvgc95xdtk1vpbkys,AFC Ajax,4n18t6bixl6ba3bx76hym51qs,A. Gaaei,67.41000000000001,4.08,1,0.0,turnover,False,0.0
2026-05-02_AFC Ajax - PSV Eindhoven,2932328479,1,18,38,d0zdg647gvgc95xdtk1vpbkys,AFC Ajax,brfa9yhy2llgt9l75unddogk,J. Mokio,47.565,38.48800000000001,0,0.0,turnover,False,0.0
2026-05-02_AFC Ajax - PSV Eindhoven,2932331161,1,20,44,24fvcruwqrqvqa3aonf8c3zuy,PSV Eindhoven,d36na8jr6xcc8eronhy8mcz1m,K. Sildillia,12.915000000000001,39.984,2,5.0,turnover,False,0.0
2026-05-02_AFC Ajax - PSV Eindhoven,2932336019,1,24,33,24fvcruwqrqvqa3aonf8c3zuy,PSV Eindhoven,cgsmk5437f466uoqvol7devze,R. Flamingo,4.515,28.968000000000004,0,0.0,turnover,False,0.0
2026-05-02_AFC Ajax - PSV Eindhoven,2932340601,1,29,8,24fvcruwqrqvqa3aonf8c3zuy,PSV Eindhoven,cmdeqxibr6holfqg17ap9uihg,Yarek Gąsiorowski,13.965000000000002,19.448000000000004,0,0.0,turnover,False,0.0
2026-05-02_AFC Ajax - PSV Eindhoven,2932377987,2,46,12,24fvcruwqrqvqa3aonf8c3zuy,PSV Eindhoven,cgsmk5437f466uoqvol7devze,R. Flamingo,50.505,25.500000000000004,0,0.0,turnover,False,0.0
2026-05-02_AFC Ajax - PSV Eindhoven,2932382043,2,49,21,d0zdg647gvgc95xdtk1vpbkys,AFC Ajax,9tp35qqu1heburu0g5wa6jv56,Lucas Rosa,79.8,58.344,5,10.0,window_expired,False,0.0
2026-05-02_AFC Ajax - PSV Eindhoven,2932387859,2,54,19,24fvcruwqrqvqa3aonf8c3zuy,PSV Eindhoven,d4j19ipiaeuetyij08fofgs15,J. Veerman,19.740000000000002,52.224000000000004,0,0.0,turnover,False,0.0
2026-05-02_AFC Ajax - PSV Eindhoven,2932388465,2,54,50,d0zdg647gvgc95xdtk1vpbkys,AFC Ajax,70tsvrcmklvp4ecdhxlugf8ix,K. Itakura,53.760000000000005,27.676000000000005,0,0.0,turnover,False,0.0
2026-05-02_AFC Ajax - PSV Eindhoven,2932390407,2,56,18,d0zdg647gvgc95xdtk1vpbkys,AFC Ajax,9tp35qqu1heburu0g5wa6jv56,Lucas Rosa,22.785,52.564,6,9.0,turnover,False,0.0
2026-05-02_AFC Ajax - PSV Eindhoven,2932396031,2,60,55,24fvcruwqrqvqa3aonf8c3zuy,PSV Eindhoven,oi8kw43rorvqooiencbnhxck,N. Fernandez,34.230000000000004,13.396,0,0.0,turnover,False,0.0
2026-05-02_AFC Ajax - PSV Eindhoven,2932397427,2,61,56,24fvcruwqrqvqa3aonf8c3zuy,PSV Eindhoven,d36na8jr6xcc8eronhy8mcz1m,K. Sildillia,41.79,27.540000000000003,0,0.0,turnover,False,0.0
2026-05-02_AFC Ajax - PSV Eindhoven,2932400393,2,64,38,24fvcruwqrqvqa3aonf8c3zuy,PSV Eindhoven,cmdeqxibr6holfqg17ap9uihg,Yarek Gąsiorowski,81.48,46.580000000000005,0,0.0,turnover,False,0.0
2026-05-02_AFC Ajax - PSV Eindhoven,2932412713,2,76,28,d0zdg647gvgc95xdtk1vpbkys,AFC Ajax,47l204bkq2qqjhtazusr0019m,Y. Baas,17.955000000000002,32.980000000000004,0,0.0,turnover,False,0.0
2026-05-02_AFC Ajax - PSV Eindhoven,2932418329,2,78,18,24fvcruwqrqvqa3aonf8c3zuy,PSV Eindhoven,cgsmk5437f466uoqvol7devze,R. Flamingo,47.98500000000001,39.78,0,0.0,turnover,False,0.0
2026-05-02_AFC Ajax - PSV Eindhoven,2932417247,2,80,39,d0zdg647gvgc95xdtk1vpbkys,AFC Ajax,1wse4b1hxu37e7t5ty5ykn7c9,J. Šutalo,57.75,19.312,3,9.0,window_expired,False,0.0
2026-05-02_AFC Ajax - PSV Eindhoven,2932424407,2,87,14,24fvcruwqrqvqa3aonf8c3zuy,PSV Eindhoven,c6ip6gwp8yvchd1n3dv42go9,Mauro Júnior,10.920000000000002,25.976000000000003,2,1.0,turnover,False,0.0
2026-05-02_AFC Ajax - PSV Eindhoven,2932427957,2,91,10,d0zdg647gvgc95xdtk1vpbkys,AFC Ajax,47l204bkq2qqjhtazusr0019m,Y. Baas,9.03,38.48800000000001,5,9.0,window_expired,False,0.0
2026-05-02_AFC Ajax - PSV Eindhoven,2932430753,2,93,0,d0zdg647gvgc95xdtk1vpbkys,AFC Ajax,brfa9yhy2llgt9l75unddogk,J. Mokio,48.510000000000005,59.84,0,0.0,turnover,False,0.0
2026-05-02_FC Groningen - SBV Excelsior,2932230717,1,0,54,dqk062lu0vm8epvytbm6r4mmf,SBV Excelsior,49xsd6e4oyjrhtwsdbdm4rj84,L. Hartjes,66.675,17.204,0,0.0,turnover,False,0.0
2026-05-02_FC Groningen - SBV Excelsior,2932231509,1,1,44,dqk062lu0vm8epvytbm6r4mmf,SBV Excelsior,49xsd6e4oyjrhtwsdbdm4rj84,L. Hartjes,64.89,13.872,1,1.0,turnover,False,0.0
2026-05-02_FC Groningen - SBV Excelsior,2932233555,1,4,38,dqk062lu0vm8epvytbm6r4mmf,SBV Excelsior,49xsd6e4oyjrhtwsdbdm4rj84,L. Hartjes,31.395,17.34,4,10.0,turnover,True,0.0
2026-05-02_FC Groningen - SBV Excelsior,2932237737,1,11,15,dqk062lu0vm8epvytbm6r4mmf,SBV Excelsior,c6i4usq34m3389rtbqptahrai,R. Meissen,40.11000000000001,2.5160000000000005,0,0.0,turnover,False,0.0
2026-05-02_FC Groningen - SBV Excelsior,2932242927,1,17,52,dqk062lu0vm8epvytbm6r4mmf,SBV Excelsior,6p6sdikmka45csxfw0i0q0l3p,E. Hansson,64.68,57.596000000000004,5,9.0,window_expired,False,0.0
2026-05-02_FC Groningen - SBV Excelsior,2932246873,1,21,53,dqk062lu0vm8epvytbm6r4mmf,SBV Excelsior,cs49ec8y6cubrlo5nmu3j3jtg,L. Schouten,14.28,45.967999999999996,3,5.0,window_expired,False,0.0
2026-05-02_FC Groningen - SBV Excelsior,2932257741,1,31,56,dqk062lu0vm8epvytbm6r4mmf,SBV Excelsior,c6i4usq34m3389rtbqptahrai,R. Meissen,60.06,4.352,1,1.0,turnover,False,0.0
2026-05-02_FC Groningen - SBV Excelsior,2932258963,1,33,5,dqk062lu0vm8epvytbm6r4mmf,SBV Excelsior,c6i4usq34m3389rtbqptahrai,R. Meissen,42.525,7.48,4,9.0,window_expired,False,0.0
2026-05-02_FC Groningen - SBV Excelsior,2932263875,1,38,21,dqk062lu0vm8epvytbm6r4mmf,SBV Excelsior,3hu6e9wa0nt4ekubxye6l4pas,I. Yegoian,47.88,38.760000000000005,3,8.0,turnover,False,0.0
2026-05-02_FC Groningen - SBV Excelsior,2932780199,1,43,11,cos9hxi16eitbcbthof7zrm4m,FC Groningen,9wwud2tglhtdocmjgl2u5ib6c,T. Blokzijl,33.075,4.556,3,4.0,turnover,False,0.0
2026-05-02_FC Groningen - SBV Excelsior,2932268389,1,43,24,cos9hxi16eitbcbthof7zrm4m,FC Groningen,98qi4clazqen9kimkxt3jb6j9,M. Peersman,13.334999999999999,39.984,0,0.0,turnover,False,0.0
2026-05-02_FC Groningen - SBV Excelsior,2932269009,1,44,3,cos9hxi16eitbcbthof7zrm4m,FC Groningen,f4liap69r76gyc8pnxsergbqi,T. de Jonge,38.22,45.288,4,10.0,window_expired,False,0.0
2026-05-02_FC Groningen - SBV Excelsior,2932292773,2,46,6,cos9hxi16eitbcbthof7zrm4m,FC Groningen,e6x3hs6v8cq74ojgluyny72fo,T. Land,36.645,30.736000000000004,2,5.0,window_expired,True,0.0
2026-05-02_FC Groningen - SBV Excelsior,2932298371,2,51,27,cos9hxi16eitbcbthof7zrm4m,FC Groningen,e6x3hs6v8cq74ojgluyny72fo,T. Land,59.22,45.764,0,0.0,turnover,False,0.0
2026-05-02_FC Groningen - SBV Excelsior,2932308235,2,60,23,dqk062lu0vm8epvytbm6r4mmf,SBV Excelsior,5wwqe546ohp130rvi8x8pt0tm,A. Zagré,64.89,58.684000000000005,4,6.0,turnover,False,0.0
2026-05-02_FC Groningen - SBV Excelsior,2932310613,2,62,7,cos9hxi16eitbcbthof7zrm4m,FC Groningen,4dk7h575fifmw2lhslevhmhux,M. Rente,11.55,14.892,2,5.0,turnover,False,0.0
2026-05-02_FC Groningen - SBV Excelsior,2932328775,2,75,55,cos9hxi16eitbcbthof7zrm4m,FC Groningen,98qi4clazqen9kimkxt3jb6j9,M. Peersman,38.43,50.388,0,0.0,turnover,False,0.0
2026-05-02_FC Groningen - SBV Excelsior,2932335223,2,81,2,cos9hxi16eitbcbthof7zrm4m,FC Groningen,3aly8eihwfvtwde7dg0k18w7o,J. Schreuders,66.675,62.424,2,7.0,turnover,False,0.0
2026-05-02_FC Groningen - SBV Excelsior,2932338105,2,83,44,cos9hxi16eitbcbthof7zrm4m,FC Groningen,9wwud2tglhtdocmjgl2u5ib6c,T. Blokzijl,36.96000000000001,14.144000000000002,4,7.0,window_expired,False,0.0
2026-05-02_FC Utrecht - NAC Breda,2932045955,1,3,2,ccpscwdcm65czscrun048ecn5,FC Utrecht,8lt54ei6pcu25u8uerigmx5yi,A. Engwanda,59.955000000000005,4.284,1,1.0,turnover,False,0.0
2026-05-02_FC Utrecht - NAC Breda,2932048555,1,4,6,ccpscwdcm65czscrun048ecn5,FC Utrecht,ubuh5wgnl0o5bn3wirdmectm,M. Eerdhuijzen,33.495,64.668,0,0.0,turnover,False,0.0
2026-05-02_FC Utrecht - NAC Breda,2932067903,1,11,52,ccpscwdcm65czscrun048ecn5,FC Utrecht,enimk3ibb10vk3f8vrmmhq7oq,S. El Karouani,27.51,61.268,1,1.0,turnover,False,0.0
2026-05-02_FC Utrecht - NAC Breda,2932128607,1,50,36,59t7flioj4w4mpwnrwbm0m8ck,NAC Breda,2wkew38juoofry6oo3t1vcwyd,E. Mahmutović,27.405,43.79200000000001,0,0.0,turnover,False,0.0
2026-05-02_FC Utrecht - NAC Breda,2932165449,2,48,0,ccpscwdcm65czscrun048ecn5,FC Utrecht,aafz6q5ggn9e6m5hprc71lgph,M. van der Hoorn,31.185000000000002,28.764,5,7.0,window_expired,False,0.0
2026-05-02_FC Utrecht - NAC Breda,2932170933,2,51,13,ccpscwdcm65czscrun048ecn5,FC Utrecht,aafz6q5ggn9e6m5hprc71lgph,M. van der Hoorn,25.62,60.18000000000001,0,0.0,turnover,False,0.0
2026-05-02_FC Utrecht - NAC Breda,2932176373,2,54,22,ccpscwdcm65czscrun048ecn5,FC Utrecht,4ej8uchqe3rt1s5h6phjo3310,G. Zechiël,22.47,13.940000000000001,4,6.0,window_expired,False,0.0
2026-05-02_FC Utrecht - NAC Breda,2932178175,2,55,25,59t7flioj4w4mpwnrwbm0m8ck,NAC Breda,7qwmlcxsxlxmq01g7dkt7v14a,M. Balard,30.87,29.580000000000002,0,0.0,turnover,False,0.0
2026-05-02_FC Utrecht - NAC Breda,2932179017,2,55,54,59t7flioj4w4mpwnrwbm0m8ck,NAC Breda,4f8xb5sbyksacxmifi375h7qi,K. Sowah,57.645,31.756000000000004,4,10.0,turnover,True,0.0
2026-05-02_FC Utrecht - NAC Breda,2932195831,2,72,27,ccpscwdcm65czscrun048ecn5,FC Utrecht,cy0lv5u16obr2ne4xiins43x1,S. Haller,94.71000000000001,60.99600000000001,1,0.0,turnover,False,0.0
2026-05-02_FC Utrecht - NAC Breda,2932196011,2,72,41,ccpscwdcm65czscrun048ecn5,FC Utrecht,4ej8uchqe3rt1s5h6phjo3310,G. Zechiël,74.55,63.71600000000001,3,9.0,window_expired,False,0.0
2026-05-02_FC Utrecht - NAC Breda,2932198839,2,75,47,ccpscwdcm65czscrun048ecn5,FC Utrecht,8lt54ei6pcu25u8uerigmx5yi,A. Engwanda,61.214999999999996,12.444,2,1.0,turnover,False,0.0
2026-05-02_FC Utrecht - NAC Breda,2932201009,2,78,24,59t7flioj4w4mpwnrwbm0m8ck,NAC Breda,4f8xb5sbyksacxmifi375h7qi,K. Sowah,22.155,15.436,0,0.0,turnover,False,0.0
2026-05-02_FC Utrecht - NAC Breda,2932201857,2,79,16,ccpscwdcm65czscrun048ecn5,FC Utrecht,8lt54ei6pcu25u8uerigmx5yi,A. Engwanda,39.165,42.908,0,0.0,turnover,False,0.0
2026-05-02_FC Utrecht - NAC Breda,2932204733,2,82,54,59t7flioj4w4mpwnrwbm0m8ck,NAC Breda,2wkew38juoofry6oo3t1vcwyd,E. Mahmutović,45.675000000000004,18.632,0,0.0,turnover,False,0.0
2026-05-02_Nijmegen Eendracht Combinatie - SC Telstar,2932378653,1,5,40,8iawijq7s9s6d85mjz8wdslki,Nijmegen Eendracht Combinatie,8624hqd4nlbzcoqsetvsvla8k,D. Fonville,72.97500000000001,59.568,0,0.0,turnover,False,0.0
2026-05-02_Nijmegen Eendracht Combinatie - SC Telstar,2932381039,1,7,34,zjawy6qdzk3y69v5pa3zl2cb,SC Telstar,1zybkcmp40td92a6yg8sw9uga,T. Owusu,10.5,13.668000000000003,0,0.0,turnover,False,0.0
2026-05-02_Nijmegen Eendracht Combinatie - SC Telstar,2932385623,1,11,25,zjawy6qdzk3y69v5pa3zl2cb,SC Telstar,4cbhx91p3l265b2cejzd07gbu,P. Brouwer,24.465000000000003,37.604,0,0.0,turnover,False,0.0
2026-05-02_Nijmegen Eendracht Combinatie - SC Telstar,2932391877,1,16,25,zjawy6qdzk3y69v5pa3zl2cb,SC Telstar,f5pgdha5h37xytbk1zq8q710,D. Koswal,22.575,48.348,1,1.0,turnover,False,0.0
2026-05-02_Nijmegen Eendracht Combinatie - SC Telstar,2932392103,1,16,36,zjawy6qdzk3y69v5pa3zl2cb,SC Telstar,52cqyvn8cfh83i5zwm3181pbe,T. Noslin,11.025,34.136,1,2.0,turnover,False,0.0
2026-05-02_Nijmegen Eendracht Combinatie - SC Telstar,2932408587,1,31,33,8iawijq7s9s6d85mjz8wdslki,Nijmegen Eendracht Combinatie,7wjzrrcy3fp8nq6dlanfxvqhh,B. Nuytinck,7.035,28.628000000000004,0,0.0,turnover,False,0.0
2026-05-02_Nijmegen Eendracht Combinatie - SC Telstar,2932410801,1,33,43,zjawy6qdzk3y69v5pa3zl2cb,SC Telstar,f5pgdha5h37xytbk1zq8q710,D. Koswal,11.55,22.916000000000004,0,0.0,turnover,False,0.0
2026-05-02_Nijmegen Eendracht Combinatie - SC Telstar,2932439735,1,42,51,zjawy6qdzk3y69v5pa3zl2cb,SC Telstar,8p3x0sm735fru6nthc87pjrbo,Neville Ogidi Nwankwo,21.315,8.84,2,1.0,turnover,False,0.0
2026-05-02_Nijmegen Eendracht Combinatie - SC Telstar,2932461577,2,52,53,8iawijq7s9s6d85mjz8wdslki,Nijmegen Eendracht Combinatie,4kns22wbu3emy5oxbpr52rdud,E. Dasa,36.75,13.668000000000003,2,8.0,window_expired,False,0.0
2026-05-02_Nijmegen Eendracht Combinatie - SC Telstar,2932467143,2,61,42,8iawijq7s9s6d85mjz8wdslki,Nijmegen Eendracht Combinatie,7wjzrrcy3fp8nq6dlanfxvqhh,B. Nuytinck,38.745,20.808000000000003,0,0.0,turnover,False,0.0
2026-05-02_Nijmegen Eendracht Combinatie - SC Telstar,2932467955,2,63,2,8iawijq7s9s6d85mjz8wdslki,Nijmegen Eendracht Combinatie,4kns22wbu3emy5oxbpr52rdud,E. Dasa,71.29500000000002,25.228,2,2.0,turnover,False,0.0
2026-05-02_Nijmegen Eendracht Combinatie - SC Telstar,2932471149,2,68,20,8iawijq7s9s6d85mjz8wdslki,Nijmegen Eendracht Combinatie,4mz9mhuv21kti5x38fb36q2g9,Y. El Kachati,68.88,60.99600000000001,5,7.0,window_expired,False,0.0
2026-05-02_Nijmegen Eendracht Combinatie - SC Telstar,2932475955,2,79,11,zjawy6qdzk3y69v5pa3zl2cb,SC Telstar,avyhrrfkeizd3za28ni67x82c,C. Hatenboer,11.025,39.984,1,4.0,turnover,False,0.0
2026-05-02_Nijmegen Eendracht Combinatie - SC Telstar,2932475975,2,79,15,zjawy6qdzk3y69v5pa3zl2cb,SC Telstar,avyhrrfkeizd3za28ni67x82c,C. Hatenboer,22.155,49.43600000000001,0,0.0,turnover,False,0.0
2026-05-02_Nijmegen Eendracht Combinatie - SC Telstar,2932483733,2,96,37,zjawy6qdzk3y69v5pa3zl2cb,SC Telstar,4cbhx91p3l265b2cejzd07gbu,P. Brouwer,13.545000000000002,16.184,3,3.0,turnover,False,0.0
2026-05-02_Nijmegen Eendracht Combinatie - SC Telstar,2932484437,2,97,55,8iawijq7s9s6d85mjz8wdslki,Nijmegen Eendracht Combinatie,913pg8qqcjp99h5fjybbenob9,P. Sandler,30.03,12.444,0,0.0,turnover,False,0.0
2026-05-03_Alkmaar Zaanstreek - FC Twente,2932958293,1,1,57,3kfktv64h7kg7zryax1wktr5r,Alkmaar Zaanstreek,7jgtmmk4b2bgn0syidj6ve7kl,J. Clasie,44.1,58.82000000000001,0,0.0,turnover,False,0.0
2026-05-03_Alkmaar Zaanstreek - FC Twente,2932959375,1,2,59,3kfktv64h7kg7zryax1wktr5r,Alkmaar Zaanstreek,5ylwgfqvaobru2lxqvlhpxul0,E. Dijkstra,36.75,1.088,4,10.0,window_expired,False,0.0
2026-05-03_Alkmaar Zaanstreek - FC Twente,2932962531,1,6,58,4tic29sox7m39fy1ztgv0jsiq,FC Twente,cocgd3hh74fq9c30x9bps4idw,S. Lemkin,58.48500000000001,22.916000000000004,0,0.0,turnover,False,0.0
2026-05-03_Alkmaar Zaanstreek - FC Twente,2932965767,1,11,58,4tic29sox7m39fy1ztgv0jsiq,FC Twente,5m8pflpgynidzk7d9507oujje,D. Rots,92.82000000000001,3.604,2,2.0,turnover,False,0.0
2026-05-03_Alkmaar Zaanstreek - FC Twente,2932968771,1,16,56,3kfktv64h7kg7zryax1wktr5r,Alkmaar Zaanstreek,5ylwgfqvaobru2lxqvlhpxul0,E. Dijkstra,49.56,6.188000000000001,4,9.0,window_expired,False,0.0
2026-05-03_Alkmaar Zaanstreek - FC Twente,2932971441,1,20,12,4tic29sox7m39fy1ztgv0jsiq,FC Twente,qobf1v5kwuz6hj2ooixfw4mi,B. van Rooij,44.94,5.848,1,2.0,turnover,False,0.0
2026-05-03_Alkmaar Zaanstreek - FC Twente,2932973609,1,22,32,4tic29sox7m39fy1ztgv0jsiq,FC Twente,dc119ejc7lls2rd3ywigl2smi,R. Zerrouki,24.990000000000002,17.408,1,1.0,turnover,False,0.0
2026-05-03_Alkmaar Zaanstreek - FC Twente,2932974371,1,23,21,4tic29sox7m39fy1ztgv0jsiq,FC Twente,9nix5y8xcj34ps62r34udtqwa,K. Hlynsson,36.435,40.93600000000001,0,0.0,turnover,False,0.0
2026-05-03_Alkmaar Zaanstreek - FC Twente,2932975827,1,25,4,4tic29sox7m39fy1ztgv0jsiq,FC Twente,dc119ejc7lls2rd3ywigl2smi,R. Zerrouki,76.125,36.04,0,0.0,turnover,False,0.0
2026-05-03_Alkmaar Zaanstreek - FC Twente,2932978233,1,27,27,3kfktv64h7kg7zryax1wktr5r,Alkmaar Zaanstreek,9lixevzo8exxiia17altfw8ic,W. Goes,27.930000000000003,24.548000000000002,1,0.0,turnover,False,0.0
2026-05-03_Alkmaar Zaanstreek - FC Twente,2932978597,1,27,54,3kfktv64h7kg7zryax1wktr5r,Alkmaar Zaanstreek,wuh8s4gfo9ro3nel3rormg44,R. Daal,22.365000000000002,58.344,0,0.0,turnover,False,0.0
2026-05-03_Alkmaar Zaanstreek - FC Twente,2932989961,1,39,28,3kfktv64h7kg7zryax1wktr5r,Alkmaar Zaanstreek,7jgtmmk4b2bgn0syidj6ve7kl,J. Clasie,74.76,58.208,0,0.0,turnover,False,0.0
2026-05-03_Alkmaar Zaanstreek - FC Twente,2933012435,2,46,30,3kfktv64h7kg7zryax1wktr5r,Alkmaar Zaanstreek,7jgtmmk4b2bgn0syidj6ve7kl,J. Clasie,60.480000000000004,62.084,0,0.0,turnover,False,0.0
2026-05-03_Alkmaar Zaanstreek - FC Twente,2933021431,2,57,5,4tic29sox7m39fy1ztgv0jsiq,FC Twente,dc119ejc7lls2rd3ywigl2smi,R. Zerrouki,30.87,7.412000000000001,0,0.0,turnover,False,0.0
2026-05-03_Alkmaar Zaanstreek - FC Twente,2933033199,2,70,19,4tic29sox7m39fy1ztgv0jsiq,FC Twente,5r47vtvu418kae5j2rpv6w2dw,M. Rots,25.62,59.84,1,1.0,turnover,False,0.0
2026-05-03_Alkmaar Zaanstreek - FC Twente,2933038391,2,75,59,3kfktv64h7kg7zryax1wktr5r,Alkmaar Zaanstreek,3dx91sb6ktg8z1xmoti25kru,P. Koopmeiners,12.705,63.71600000000001,0,0.0,turnover,False,0.0
2026-05-03_Alkmaar Zaanstreek - FC Twente,2933050287,2,88,42,4tic29sox7m39fy1ztgv0jsiq,FC Twente,dc119ejc7lls2rd3ywigl2smi,R. Zerrouki,47.67,45.900000000000006,0,0.0,turnover,False,0.0
2026-05-03_Alkmaar Zaanstreek - FC Twente,2933060685,2,89,0,3kfktv64h7kg7zryax1wktr5r,Alkmaar Zaanstreek,3uq3lrjyj4mnvq6162b0jyhnt,M. de Wit,14.700000000000001,35.36,4,10.0,window_expired,False,0.0
2026-05-03_Alkmaar Zaanstreek - FC Twente,2933052007,2,90,30,3kfktv64h7kg7zryax1wktr5r,Alkmaar Zaanstreek,3uq3lrjyj4mnvq6162b0jyhnt,M. de Wit,41.265,66.096,0,0.0,turnover,False,0.0
2026-05-03_FC Volendam - SC Heerenveen,2932753955,1,3,24,4vd2t5schmvvufrfib7f2vjdf,SC Heerenveen,8jm8a7w3a5b5nzikcom7cvf2s,M. Willemsen,34.230000000000004,47.804,2,4.0,turnover,False,0.0
2026-05-03_FC Volendam - SC Heerenveen,2932753989,1,3,29,6g9qrm72224jrk6tkxxxi8a9n,FC Volendam,6svx5u21jrcch3ewpqqbxukmh,J. Bacuna,66.99,8.5,2,7.0,window_expired,False,0.0
2026-05-03_FC Volendam - SC Heerenveen,2932756545,1,12,24,6g9qrm72224jrk6tkxxxi8a9n,FC Volendam,eu901b75l2ly5p48jdw6kwmad,M. Amevor,32.76,47.940000000000005,3,4.0,turnover,False,0.0
2026-05-03_FC Volendam - SC Heerenveen,2932756899,1,13,16,4vd2t5schmvvufrfib7f2vjdf,SC Heerenveen,8y6kxc66t4hurxuz4m4cm388a,L. Oyen,27.195,62.220000000000006,0,0.0,turnover,False,0.0
2026-05-03_FC Volendam - SC Heerenveen,2932758199,1,17,17,6g9qrm72224jrk6tkxxxi8a9n,FC Volendam,ealh7n21gctxxw5ol3l3yxzze,Y. Leliendal,51.03,40.868,0,0.0,turnover,False,0.0
2026-05-03_FC Volendam - SC Heerenveen,2932759751,1,19,26,4vd2t5schmvvufrfib7f2vjdf,SC Heerenveen,aqnr6l3f02hx0soadunxbjcpg,J. Trenskow,65.10000000000001,8.772,0,0.0,turnover,False,0.0
2026-05-03_FC Volendam - SC Heerenveen,2932759283,1,19,58,4vd2t5schmvvufrfib7f2vjdf,SC Heerenveen,8jm8a7w3a5b5nzikcom7cvf2s,M. Willemsen,51.765,49.504000000000005,2,3.0,turnover,False,0.0
2026-05-03_FC Volendam - SC Heerenveen,2932759467,1,20,28,4vd2t5schmvvufrfib7f2vjdf,SC Heerenveen,ar7llmzju08n8yrqu8xm1thck,O. Braude,64.47,15.028000000000002,0,0.0,turnover,False,0.0
2026-05-03_FC Volendam - SC Heerenveen,2932759737,1,21,21,6g9qrm72224jrk6tkxxxi8a9n,FC Volendam,eu901b75l2ly5p48jdw6kwmad,M. Amevor,42.63,62.016000000000005,0,0.0,turnover,False,0.0
2026-05-03_FC Volendam - SC Heerenveen,2932761347,1,25,32,4vd2t5schmvvufrfib7f2vjdf,SC Heerenveen,ar7llmzju08n8yrqu8xm1thck,O. Braude,67.30499999999999,14.280000000000001,4,5.0,turnover,False,0.0
2026-05-03_FC Volendam - SC Heerenveen,2932765803,1,43,30,6g9qrm72224jrk6tkxxxi8a9n,FC Volendam,xvher4f1mb6otoui5k5gs3ro,N. Bukala,13.334999999999999,39.644,2,4.0,turnover,False,0.0
2026-05-03_FC Volendam - SC Heerenveen,2933496175,1,46,19,6g9qrm72224jrk6tkxxxi8a9n,FC Volendam,6svx5u21jrcch3ewpqqbxukmh,J. Bacuna,45.36000000000001,21.692,0,0.0,turnover,False,0.0
2026-05-03_FC Volendam - SC Heerenveen,2932776645,2,45,11,6g9qrm72224jrk6tkxxxi8a9n,FC Volendam,6svx5u21jrcch3ewpqqbxukmh,J. Bacuna,40.53,20.060000000000002,2,1.0,turnover,False,0.0
2026-05-03_FC Volendam - SC Heerenveen,2932776997,2,45,54,6g9qrm72224jrk6tkxxxi8a9n,FC Volendam,eu901b75l2ly5p48jdw6kwmad,M. Amevor,38.43,24.14,4,4.0,turnover,False,0.0
2026-05-03_FC Volendam - SC Heerenveen,2932777517,2,46,55,6g9qrm72224jrk6tkxxxi8a9n,FC Volendam,6svx5u21jrcch3ewpqqbxukmh,J. Bacuna,26.669999999999998,32.776,2,1.0,turnover,False,0.0
2026-05-03_FC Volendam - SC Heerenveen,2932778751,2,48,56,6g9qrm72224jrk6tkxxxi8a9n,FC Volendam,4utx4h5jz14whtjawxn7ox0r8,N. Verschuren,23.730000000000004,35.768,0,0.0,turnover,False,0.0
2026-05-03_FC Volendam - SC Heerenveen,2932780187,2,51,35,6g9qrm72224jrk6tkxxxi8a9n,FC Volendam,28rtnolu3a2au3on0jtwzhu6s,P. Ugwu,18.480000000000004,7.276,0,0.0,turnover,False,0.0
2026-05-03_FC Volendam - SC Heerenveen,2932780933,2,52,53,4vd2t5schmvvufrfib7f2vjdf,SC Heerenveen,412l28fqhx21ivpcxzn1kpilm,V. Zagaritis,42.839999999999996,48.96,3,4.0,turnover,False,0.0
2026-05-03_FC Volendam - SC Heerenveen,2932788937,2,62,56,4vd2t5schmvvufrfib7f2vjdf,SC Heerenveen,b5sf6wcogrvlwuwbd8xsyyfh1,J. van Overeem,23.1,15.776,1,2.0,turnover,False,0.0
2026-05-03_FC Volendam - SC Heerenveen,2932792039,2,66,15,6g9qrm72224jrk6tkxxxi8a9n,FC Volendam,3dc82sro077by40u3qdmhw0r9,B. Ould-Chikh,18.06,3.808,2,1.0,turnover,False,0.0
2026-05-03_FC Volendam - SC Heerenveen,2932802805,2,79,42,4vd2t5schmvvufrfib7f2vjdf,SC Heerenveen,aqnr6l3f02hx0soadunxbjcpg,J. Trenskow,42.839999999999996,10.268,0,0.0,turnover,False,0.0
2026-05-03_FC Volendam - SC Heerenveen,2932803725,2,81,19,4vd2t5schmvvufrfib7f2vjdf,SC Heerenveen,2f8lk6lxav7hl7xlqt9an18x6,H. Petrov,58.17,62.49200000000001,3,4.0,turnover,False,0.0
2026-05-03_FC Volendam - SC Heerenveen,2932803911,2,81,35,4vd2t5schmvvufrfib7f2vjdf,SC Heerenveen,8jm8a7w3a5b5nzikcom7cvf2s,M. Willemsen,40.74,31.688000000000002,0,0.0,turnover,False,0.0
2026-05-03_FC Volendam - SC Heerenveen,2932810309,2,89,35,4vd2t5schmvvufrfib7f2vjdf,SC Heerenveen,eu6pfkiah7otafyryg6ll7y09,L. Brouwers,50.08500000000001,33.456,1,0.0,turnover,False,0.0
2026-05-03_Fortuna Sittard - Feyenoord Rotterdam,2932837733,1,2,25,20vymiy7bo8wkyxai3ew494fz,Feyenoord Rotterdam,ciguyr553yqapqfudim9af46h,M. Deijl,56.80500000000001,19.788000000000004,0,0.0,turnover,False,0.0
2026-05-03_Fortuna Sittard - Feyenoord Rotterdam,2932838641,1,3,16,3ebril33e08ddzob4bhq8awsr,Fortuna Sittard,dsh8ta4q6v5ews2e19p9xh6y2,J. Hubner,43.68000000000001,60.248,6,10.0,window_expired,False,0.0
2026-05-03_Fortuna Sittard - Feyenoord Rotterdam,2932841457,1,5,35,20vymiy7bo8wkyxai3ew494fz,Feyenoord Rotterdam,bwxn7o8ved1xo5bmfkfgzekiy,J. Bos,74.13,63.92,2,3.0,turnover,False,0.0
2026-05-03_Fortuna Sittard - Feyenoord Rotterdam,2932841967,1,5,58,3ebril33e08ddzob4bhq8awsr,Fortuna Sittard,2fbolmn7pyvn5oto4zoeqguwa,N. Kasanwirjo,6.825,10.676,1,2.0,turnover,False,0.0
2026-05-03_Fortuna Sittard - Feyenoord Rotterdam,2932844511,1,7,57,3ebril33e08ddzob4bhq8awsr,Fortuna Sittard,bnkzwpd607re6s01oa77wcodm,J. Dahlhaus,30.765,64.05600000000001,1,1.0,turnover,False,0.0
2026-05-03_Fortuna Sittard - Feyenoord Rotterdam,2932847979,1,10,49,3ebril33e08ddzob4bhq8awsr,Fortuna Sittard,ccmmsnrfn58gwi1petlp08f3e,L. Duijvestijn,26.565,50.79600000000001,0,0.0,turnover,False,0.0
2026-05-03_Fortuna Sittard - Feyenoord Rotterdam,2932852273,1,14,27,20vymiy7bo8wkyxai3ew494fz,Feyenoord Rotterdam,eoodvdqfvhql03i8kv9l14qvo,T. Kraaijeveld,71.715,11.084000000000001,0,0.0,turnover,False,0.0
2026-05-03_Fortuna Sittard - Feyenoord Rotterdam,2932855549,1,17,30,3ebril33e08ddzob4bhq8awsr,Fortuna Sittard,2fbolmn7pyvn5oto4zoeqguwa,N. Kasanwirjo,64.05,2.72,3,5.0,turnover,False,0.0
2026-05-03_Fortuna Sittard - Feyenoord Rotterdam,2932858777,1,20,59,20vymiy7bo8wkyxai3ew494fz,Feyenoord Rotterdam,5bjdj7hrhuxjbsa8wc1kw42c5,G. Trauner,38.325,35.02,3,2.0,turnover,False,0.0
2026-05-03_Fortuna Sittard - Feyenoord Rotterdam,2932882337,1,44,59,20vymiy7bo8wkyxai3ew494fz,Feyenoord Rotterdam,ciguyr553yqapqfudim9af46h,M. Deijl,32.13,10.268,3,10.0,turnover,False,0.0
2026-05-03_Fortuna Sittard - Feyenoord Rotterdam,2932909107,2,54,54,3ebril33e08ddzob4bhq8awsr,Fortuna Sittard,34258m1cvslz8r6d17nv4b90q,S. van Ottele,37.17,40.664,0,0.0,turnover,False,0.0
2026-05-03_Fortuna Sittard - Feyenoord Rotterdam,2932911777,2,58,4,3ebril33e08ddzob4bhq8awsr,Fortuna Sittard,570htztcvfsu947xw6fvtzmc5,Iván Márquez,36.75,35.564,2,3.0,turnover,False,0.0
2026-05-03_Fortuna Sittard - Feyenoord Rotterdam,2933459839,2,61,27,3ebril33e08ddzob4bhq8awsr,Fortuna Sittard,bnkzwpd607re6s01oa77wcodm,J. Dahlhaus,43.995,48.824,4,9.0,window_expired,False,0.0
2026-05-03_Fortuna Sittard - Feyenoord Rotterdam,2932918435,2,70,18,3ebril33e08ddzob4bhq8awsr,Fortuna Sittard,7b4jmfu1ejoeci2zmvwuejnys,P. Brittijn,35.385000000000005,53.516000000000005,3,3.0,turnover,False,0.0
2026-05-03_Fortuna Sittard - Feyenoord Rotterdam,2932930221,2,82,34,20vymiy7bo8wkyxai3ew494fz,Feyenoord Rotterdam,9d4ald4f0m2imaastzen4j8mi,O. Targhalline,36.015,61.132000000000005,4,6.0,window_expired,False,0.0
2026-05-03_Fortuna Sittard - Feyenoord Rotterdam,2932930699,2,83,1,3ebril33e08ddzob4bhq8awsr,Fortuna Sittard,16mtjri8tz6vmxtxwr34y2tp1,M. Branderhorst,13.125,35.768,1,1.0,turnover,False,0.0
2026-05-03_Fortuna Sittard - Feyenoord Rotterdam,2932939285,2,92,39,20vymiy7bo8wkyxai3ew494fz,Feyenoord Rotterdam,9d4ald4f0m2imaastzen4j8mi,O. Targhalline,70.875,64.94,0,0.0,turnover,False,0.0
2026-05-03_Fortuna Sittard - Feyenoord Rotterdam,2932942609,2,97,16,20vymiy7bo8wkyxai3ew494fz,Feyenoord Rotterdam,bwxn7o8ved1xo5bmfkfgzekiy,J. Bos,49.56,35.904,1,3.0,turnover,False,0.0
2026-05-03_PEC Zwolle - Heracles Almelo,2932841791,1,5,51,2uuh2bir8ktof0uxfo06lb4ox,PEC Zwolle,d29ahwtvs7ls75wdtkf7xr8tm,Z. Buurmeester,76.33500000000001,62.900000000000006,2,2.0,turnover,False,0.0
2026-05-03_PEC Zwolle - Heracles Almelo,2932844683,1,8,7,2uuh2bir8ktof0uxfo06lb4ox,PEC Zwolle,684nd3xjli51z43pbla0mwa21,T. Oosting,12.705,59.636,1,1.0,turnover,False,0.0
2026-05-03_PEC Zwolle - Heracles Almelo,2932845445,1,8,44,2uuh2bir8ktof0uxfo06lb4ox,PEC Zwolle,d5g7rl9a83vu3cyyzvu5yveqy,A. MacNulty,20.475,56.916000000000004,2,1.0,turnover,False,0.0
2026-05-03_PEC Zwolle - Heracles Almelo,2932847269,1,10,15,2uuh2bir8ktof0uxfo06lb4ox,PEC Zwolle,4phgw75cred5p93hjq8hiou6t,S. Floranus,22.155,62.628,1,2.0,window_expired,False,0.0
2026-05-03_PEC Zwolle - Heracles Almelo,2932848037,1,10,52,dac758ef858jbq7pcb3gfwite,Heracles Almelo,mlqit2c8my1ewqy6avrfhf8q,A. Van Hoorenbeeck,48.510000000000005,56.168,0,0.0,turnover,False,0.0
2026-05-03_PEC Zwolle - Heracles Almelo,2932858327,1,20,29,dac758ef858jbq7pcb3gfwite,Heracles Almelo,7d8qc47gy4mb9mo67e1ic448a,M. Benita,19.425,2.4480000000000004,2,3.0,turnover,False,0.0
2026-05-03_PEC Zwolle - Heracles Almelo,2932861197,1,23,44,2uuh2bir8ktof0uxfo06lb4ox,PEC Zwolle,a7vlgirln231n3dqjhb72o0es,O. Aertssen,22.47,12.444,3,2.0,turnover,False,0.0
2026-05-03_PEC Zwolle - Heracles Almelo,2932902493,2,50,56,2uuh2bir8ktof0uxfo06lb4ox,PEC Zwolle,684nd3xjli51z43pbla0mwa21,T. Oosting,42.945,4.760000000000001,5,8.0,turnover,False,0.0
2026-05-03_PEC Zwolle - Heracles Almelo,2932906713,2,55,52,dac758ef858jbq7pcb3gfwite,Heracles Almelo,8oetnmi8kejwwy37rhlelw2ne,W. Ould-Chikh,34.125,33.32,2,4.0,window_expired,False,0.0
2026-05-03_PEC Zwolle - Heracles Almelo,2932908415,2,57,52,2uuh2bir8ktof0uxfo06lb4ox,PEC Zwolle,6nd0ifv6ljza9nauxcpejqzft,O. Velanas,23.94,21.284000000000002,1,2.0,turnover,False,0.0
2026-05-03_PEC Zwolle - Heracles Almelo,2932920309,2,76,15,dac758ef858jbq7pcb3gfwite,Heracles Almelo,mlqit2c8my1ewqy6avrfhf8q,A. Van Hoorenbeeck,41.685,55.35200000000001,0,0.0,turnover,False,0.0
2026-05-03_PEC Zwolle - Heracles Almelo,2932930937,2,87,4,2uuh2bir8ktof0uxfo06lb4ox,PEC Zwolle,a7vlgirln231n3dqjhb72o0es,O. Aertssen,42.0,3.5360000000000005,0,0.0,turnover,False,0.0
2026-05-03_Sparta Rotterdam - Go Ahead Eagles,2932962785,1,6,56,b79uipsy57y1jqpy07h4i5ovk,Go Ahead Eagles,61a5bh5xw947nv4mxx62gqaqx,J. Kramer,69.09,51.408,3,5.0,turnover,True,0.0
2026-05-03_Sparta Rotterdam - Go Ahead Eagles,2932963435,1,7,57,89w5c6pw7vn0dxypi61tt0g4k,Sparta Rotterdam,536qjh4gcmpo5q68ti87e60kq,S. Mito,59.22,22.983999999999998,2,5.0,turnover,True,0.0
2026-05-03_Sparta Rotterdam - Go Ahead Eagles,2932967367,1,14,37,b79uipsy57y1jqpy07h4i5ovk,Go Ahead Eagles,eytcfp4cu6qkar65kf0p5rm96,J. Dirksen,20.790000000000003,29.240000000000002,1,2.0,window_expired,False,0.0
2026-05-03_Sparta Rotterdam - Go Ahead Eagles,2932971189,1,19,34,b79uipsy57y1jqpy07h4i5ovk,Go Ahead Eagles,2teefpvijsbzag4yi7fm1pyol,A. Sampsted,4.9350000000000005,29.92,0,0.0,turnover,False,0.0
2026-05-03_Sparta Rotterdam - Go Ahead Eagles,2932973103,1,21,38,b79uipsy57y1jqpy07h4i5ovk,Go Ahead Eagles,61a5bh5xw947nv4mxx62gqaqx,J. Kramer,56.595,41.888000000000005,0,0.0,turnover,False,0.0
2026-05-03_Sparta Rotterdam - Go Ahead Eagles,2932973179,1,21,42,89w5c6pw7vn0dxypi61tt0g4k,Sparta Rotterdam,8n9t52eeli3s39r8ujjhjt7je,J. Kitolano,29.085,28.220000000000002,0,0.0,turnover,False,0.0
2026-05-03_Sparta Rotterdam - Go Ahead Eagles,2932974155,1,22,48,89w5c6pw7vn0dxypi61tt0g4k,Sparta Rotterdam,536qjh4gcmpo5q68ti87e60kq,S. Mito,41.475,46.784,3,8.0,window_expired,False,0.0
2026-05-03_Sparta Rotterdam - Go Ahead Eagles,2932978837,1,27,54,b79uipsy57y1jqpy07h4i5ovk,Go Ahead Eagles,a2psnkhu3h7m0ng8e7qdietey,S. Tengstedt,76.33500000000001,4.964,2,0.0,turnover,False,0.0
2026-05-03_Sparta Rotterdam - Go Ahead Eagles,2932987631,1,36,32,b79uipsy57y1jqpy07h4i5ovk,Go Ahead Eagles,1rmox6tf7r283dca2vi844kr8,A. Adelgaard,18.69,62.084,1,0.0,turnover,False,0.0
2026-05-03_Sparta Rotterdam - Go Ahead Eagles,2932990897,1,40,4,89w5c6pw7vn0dxypi61tt0g4k,Sparta Rotterdam,6ab5gq2owk86qs5zjottfhwmi,T. Quintero,6.720000000000001,46.308,1,1.0,turnover,False,0.0
2026-05-03_Sparta Rotterdam - Go Ahead Eagles,2932995311,1,45,12,89w5c6pw7vn0dxypi61tt0g4k,Sparta Rotterdam,ass524umdrpsq324wksaqef4k,M. Young,36.225,36.992000000000004,3,8.0,window_expired,False,0.0
2026-05-03_Sparta Rotterdam - Go Ahead Eagles,2933019285,2,49,39,89w5c6pw7vn0dxypi61tt0g4k,Sparta Rotterdam,29q4j9r2lgdsdkkq2fgh8l7o4,Ayoni Santos,22.05,12.104000000000001,4,5.0,turnover,False,0.0
2026-05-03_Sparta Rotterdam - Go Ahead Eagles,2933021453,2,52,31,b79uipsy57y1jqpy07h4i5ovk,Go Ahead Eagles,1tmihr54maqj0h7785cg9ez56,M. Suray,21.840000000000003,65.144,1,0.0,window_expired,False,0.0
2026-05-03_Sparta Rotterdam - Go Ahead Eagles,2933026793,2,58,56,b79uipsy57y1jqpy07h4i5ovk,Go Ahead Eagles,d8cxurdt9g5gezqlfwae7ooru,M. Meulensteen,65.205,59.228,3,2.0,window_expired,False,0.0
2026-05-03_Sparta Rotterdam - Go Ahead Eagles,2933031421,2,63,48,89w5c6pw7vn0dxypi61tt0g4k,Sparta Rotterdam,2nwthqvbk70e2qo35dgp35979,V. van Crooij,41.895,9.384,1,2.0,turnover,False,0.0
2026-05-03_Sparta Rotterdam - Go Ahead Eagles,2933033169,2,65,43,89w5c6pw7vn0dxypi61tt0g4k,Sparta Rotterdam,ass524umdrpsq324wksaqef4k,M. Young,4.620000000000001,15.912,1,2.0,turnover,False,0.0
2026-05-03_Sparta Rotterdam - Go Ahead Eagles,2933034755,2,67,18,89w5c6pw7vn0dxypi61tt0g4k,Sparta Rotterdam,8n9t52eeli3s39r8ujjhjt7je,J. Kitolano,18.480000000000004,50.456,3,5.0,turnover,False,0.0
2026-05-03_Sparta Rotterdam - Go Ahead Eagles,2933035595,2,68,23,89w5c6pw7vn0dxypi61tt0g4k,Sparta Rotterdam,6ab5gq2owk86qs5zjottfhwmi,T. Quintero,48.72,39.440000000000005,0,0.0,turnover,False,0.0
2026-05-03_Sparta Rotterdam - Go Ahead Eagles,2933044461,2,77,35,89w5c6pw7vn0dxypi61tt0g4k,Sparta Rotterdam,6ab5gq2owk86qs5zjottfhwmi,T. Quintero,59.010000000000005,61.2,3,3.0,turnover,False,0.0
2026-05-03_Sparta Rotterdam - Go Ahead Eagles,2933046945,2,80,9,b79uipsy57y1jqpy07h4i5ovk,Go Ahead Eagles,1rmox6tf7r283dca2vi844kr8,A. Adelgaard,21.315,61.268,3,2.0,turnover,False,0.0
2026-05-10_AFC Ajax - FC Utrecht,2936051543,1,0,39,ccpscwdcm65czscrun048ecn5,FC Utrecht,8ymqihdfqc7esda7y407lebx1,D. de Wit,95.23500000000001,2.5160000000000005,1,0.0,turnover,False,0.0
2026-05-10_AFC Ajax - FC Utrecht,2936051619,1,0,45,ccpscwdcm65czscrun048ecn5,FC Utrecht,8tqsvu5sw6kn014hdv88zppm1,N. Vesterlund,93.97500000000001,2.9920000000000004,1,0.0,turnover,False,0.0
2026-05-10_AFC Ajax - FC Utrecht,2936054447,1,3,12,ccpscwdcm65czscrun048ecn5,FC Utrecht,4ej8uchqe3rt1s5h6phjo3310,G. Zechiël,75.705,42.432,0,0.0,turnover,False,0.0
2026-05-10_AFC Ajax - FC Utrecht,2936061003,1,10,49,ccpscwdcm65czscrun048ecn5,FC Utrecht,33yauarx84sam5u05vgyqxfxl,J. Karlsson,40.214999999999996,22.44,0,0.0,turnover,False,0.0
2026-05-10_AFC Ajax - FC Utrecht,2936064989,1,15,54,d0zdg647gvgc95xdtk1vpbkys,AFC Ajax,brfa9yhy2llgt9l75unddogk,J. Mokio,61.11000000000001,49.164,3,5.0,turnover,False,0.0
2026-05-10_AFC Ajax - FC Utrecht,2936068761,1,19,6,ccpscwdcm65czscrun048ecn5,FC Utrecht,cy0lv5u16obr2ne4xiins43x1,S. Haller,54.075,39.984,1,1.0,turnover,False,0.0
2026-05-10_AFC Ajax - FC Utrecht,2936075145,1,24,10,ccpscwdcm65czscrun048ecn5,FC Utrecht,33yauarx84sam5u05vgyqxfxl,J. Karlsson,69.72000000000001,10.336,0,0.0,turnover,False,0.0
2026-05-10_AFC Ajax - FC Utrecht,2936078741,1,26,58,d0zdg647gvgc95xdtk1vpbkys,AFC Ajax,cx6fxszjvjam6zb3c3p0dd1jo,M. Godts,71.4,40.46,0,0.0,turnover,False,0.0
2026-05-10_AFC Ajax - FC Utrecht,2936086013,1,33,16,d0zdg647gvgc95xdtk1vpbkys,AFC Ajax,7joybllup4h9oe6zfhcepjy6t,S. Berghuis,39.480000000000004,15.572000000000001,4,7.0,window_expired,False,0.0
2026-05-10_AFC Ajax - FC Utrecht,2936099367,1,44,30,ccpscwdcm65czscrun048ecn5,FC Utrecht,4ej8uchqe3rt1s5h6phjo3310,G. Zechiël,54.705000000000005,48.96,3,9.0,window_expired,False,0.0
2026-05-10_AFC Ajax - FC Utrecht,2936123905,2,46,48,ccpscwdcm65czscrun048ecn5,FC Utrecht,8lt54ei6pcu25u8uerigmx5yi,A. Engwanda,34.44,14.756,2,6.0,turnover,False,0.0
2026-05-10_AFC Ajax - FC Utrecht,2936126313,2,48,53,ccpscwdcm65czscrun048ecn5,FC Utrecht,8ymqihdfqc7esda7y407lebx1,D. de Wit,47.25,37.944,4,7.0,window_expired,False,0.0
2026-05-10_AFC Ajax - FC Utrecht,2936128429,2,51,8,ccpscwdcm65czscrun048ecn5,FC Utrecht,2tc8y9du64tjno62zll2jhy7e,Y. Cathline,23.31,48.07600000000001,0,0.0,turnover,False,0.0
2026-05-10_AFC Ajax - FC Utrecht,2936129905,2,52,53,d0zdg647gvgc95xdtk1vpbkys,AFC Ajax,9tp35qqu1heburu0g5wa6jv56,Lucas Rosa,55.650000000000006,59.976000000000006,4,10.0,window_expired,False,0.0
2026-05-10_AFC Ajax - FC Utrecht,2936131043,2,54,18,d0zdg647gvgc95xdtk1vpbkys,AFC Ajax,47l204bkq2qqjhtazusr0019m,Y. Baas,13.334999999999999,54.944,0,0.0,turnover,False,0.0
2026-05-10_AFC Ajax - FC Utrecht,2936134199,2,57,53,d0zdg647gvgc95xdtk1vpbkys,AFC Ajax,7joybllup4h9oe6zfhcepjy6t,S. Berghuis,25.935,3.3320000000000003,0,0.0,turnover,False,0.0
2026-05-10_AFC Ajax - FC Utrecht,2936137647,2,60,42,ccpscwdcm65czscrun048ecn5,FC Utrecht,8lt54ei6pcu25u8uerigmx5yi,A. Engwanda,22.89,30.532,1,1.0,turnover,False,0.0
2026-05-10_AFC Ajax - FC Utrecht,2936158139,2,77,49,ccpscwdcm65czscrun048ecn5,FC Utrecht,enimk3ibb10vk3f8vrmmhq7oq,S. El Karouani,12.915000000000001,38.284,1,1.0,turnover,False,0.0
2026-05-10_AFC Ajax - FC Utrecht,2936158327,2,78,0,d0zdg647gvgc95xdtk1vpbkys,AFC Ajax,47l204bkq2qqjhtazusr0019m,Y. Baas,48.615,46.104,3,2.0,turnover,False,0.0
2026-05-10_AFC Ajax - FC Utrecht,2936185865,2,90,24,d0zdg647gvgc95xdtk1vpbkys,AFC Ajax,baakmd4ndnulbl9npvmq90mvp,D. Klaassen,23.1,24.956000000000003,1,1.0,turnover,False,0.0
2026-05-10_FC Groningen - Nijmegen Eendracht Combinatie,2936051295,1,1,48,cos9hxi16eitbcbthof7zrm4m,FC Groningen,4dk7h575fifmw2lhslevhmhux,M. Rente,37.800000000000004,10.676,1,3.0,turnover,False,0.0
2026-05-10_FC Groningen - Nijmegen Eendracht Combinatie,2936066453,1,18,36,8iawijq7s9s6d85mjz8wdslki,Nijmegen Eendracht Combinatie,1gl82ymzh9vpitix6v645awa,D. Nejašmić,57.330000000000005,16.796,3,3.0,turnover,False,0.0
2026-05-10_FC Groningen - Nijmegen Eendracht Combinatie,2936072213,1,23,6,cos9hxi16eitbcbthof7zrm4m,FC Groningen,1c4fzmrwmlwaqmqomge14rqc4,D. Janse,25.830000000000002,39.644,4,8.0,window_expired,False,0.0
2026-05-10_FC Groningen - Nijmegen Eendracht Combinatie,2936074099,1,24,40,cos9hxi16eitbcbthof7zrm4m,FC Groningen,1c4fzmrwmlwaqmqomge14rqc4,D. Janse,57.645,45.424,2,5.0,window_expired,False,0.0
2026-05-10_FC Groningen - Nijmegen Eendracht Combinatie,2936078499,1,28,7,cos9hxi16eitbcbthof7zrm4m,FC Groningen,9wwud2tglhtdocmjgl2u5ib6c,T. Blokzijl,35.7,36.856,0,0.0,turnover,False,0.0
2026-05-10_FC Groningen - Nijmegen Eendracht Combinatie,2936096425,1,43,38,8iawijq7s9s6d85mjz8wdslki,Nijmegen Eendracht Combinatie,dse071e8zbzm8l37m64g6e1p0,K. Sano,8.19,21.488000000000003,0,0.0,turnover,False,0.0
2026-05-10_FC Groningen - Nijmegen Eendracht Combinatie,2936100475,1,46,38,8iawijq7s9s6d85mjz8wdslki,Nijmegen Eendracht Combinatie,7wjzrrcy3fp8nq6dlanfxvqhh,B. Nuytinck,18.69,22.644,1,4.0,turnover,False,0.0
2026-05-10_FC Groningen - Nijmegen Eendracht Combinatie,2936133627,2,56,44,cos9hxi16eitbcbthof7zrm4m,FC Groningen,f4liap69r76gyc8pnxsergbqi,T. de Jonge,67.30499999999999,36.992000000000004,1,0.0,turnover,False,0.0
2026-05-10_FC Groningen - Nijmegen Eendracht Combinatie,2936133895,2,57,1,cos9hxi16eitbcbthof7zrm4m,FC Groningen,e6x3hs6v8cq74ojgluyny72fo,T. Land,55.230000000000004,44.2,3,4.0,turnover,False,0.0
2026-05-10_FC Groningen - Nijmegen Eendracht Combinatie,2936134899,2,57,52,8iawijq7s9s6d85mjz8wdslki,Nijmegen Eendracht Combinatie,8624hqd4nlbzcoqsetvsvla8k,D. Fonville,19.005000000000003,63.85200000000001,0,0.0,turnover,False,0.0
2026-05-10_FC Groningen - Nijmegen Eendracht Combinatie,2936135077,2,58,3,cos9hxi16eitbcbthof7zrm4m,FC Groningen,1nk0hcaa9o4jnyxc9ndz1lams,D. van der Werff,56.49,34.748000000000005,4,6.0,window_expired,False,0.0
2026-05-10_FC Groningen - Nijmegen Eendracht Combinatie,2936135659,2,58,32,cos9hxi16eitbcbthof7zrm4m,FC Groningen,f4liap69r76gyc8pnxsergbqi,T. de Jonge,50.505,32.028000000000006,2,6.0,window_expired,False,0.0
2026-05-10_FC Groningen - Nijmegen Eendracht Combinatie,2936141185,2,62,49,8iawijq7s9s6d85mjz8wdslki,Nijmegen Eendracht Combinatie,dse071e8zbzm8l37m64g6e1p0,K. Sano,46.095,54.604,0,0.0,turnover,False,0.0
2026-05-10_FC Groningen - Nijmegen Eendracht Combinatie,2936141693,2,63,10,cos9hxi16eitbcbthof7zrm4m,FC Groningen,1c4fzmrwmlwaqmqomge14rqc4,D. Janse,21.419999999999998,32.368,3,2.0,turnover,False,0.0
2026-05-10_FC Groningen - Nijmegen Eendracht Combinatie,2936147407,2,67,27,cos9hxi16eitbcbthof7zrm4m,FC Groningen,1c4fzmrwmlwaqmqomge14rqc4,D. Janse,37.800000000000004,35.156000000000006,0,0.0,turnover,False,0.0
2026-05-10_FC Groningen - Nijmegen Eendracht Combinatie,2936162571,2,82,3,8iawijq7s9s6d85mjz8wdslki,Nijmegen Eendracht Combinatie,247ipjjd0cak2sggwbuorx4yy,B. Pereira,25.935,7.548,1,2.0,turnover,False,0.0
2026-05-10_FC Groningen - Nijmegen Eendracht Combinatie,2936164547,2,84,13,8iawijq7s9s6d85mjz8wdslki,Nijmegen Eendracht Combinatie,8624hqd4nlbzcoqsetvsvla8k,D. Fonville,33.075,40.732,1,1.0,turnover,False,0.0
2026-05-10_FC Twente - Sparta Rotterdam,2936055637,1,5,46,89w5c6pw7vn0dxypi61tt0g4k,Sparta Rotterdam,8n9t52eeli3s39r8ujjhjt7je,J. Kitolano,5.88,46.71600000000001,0,0.0,turnover,False,0.0
2026-05-10_FC Twente - Sparta Rotterdam,2936059107,1,9,48,89w5c6pw7vn0dxypi61tt0g4k,Sparta Rotterdam,29q4j9r2lgdsdkkq2fgh8l7o4,Ayoni Santos,54.18000000000001,56.03200000000001,1,0.0,turnover,False,0.0
2026-05-10_FC Twente - Sparta Rotterdam,2936069009,1,20,36,89w5c6pw7vn0dxypi61tt0g4k,Sparta Rotterdam,ass524umdrpsq324wksaqef4k,M. Young,49.875,16.388,4,4.0,turnover,False,0.0
2026-05-10_FC Twente - Sparta Rotterdam,2936073959,1,24,31,4tic29sox7m39fy1ztgv0jsiq,FC Twente,a339o11ut8s1o9odm6ybc4pka,T. van den Belt,66.15,60.18000000000001,6,8.0,window_expired,False,0.0
2026-05-10_FC Twente - Sparta Rotterdam,2936077615,1,27,22,4tic29sox7m39fy1ztgv0jsiq,FC Twente,5r47vtvu418kae5j2rpv6w2dw,M. Rots,4.305,47.53200000000001,2,3.0,turnover,False,0.0
2026-05-10_FC Twente - Sparta Rotterdam,2936083869,1,32,38,4tic29sox7m39fy1ztgv0jsiq,FC Twente,3xlkchrk28u0cb620cajre1hw,R. Nijstad,15.75,30.464,0,0.0,turnover,False,0.0
2026-05-10_FC Twente - Sparta Rotterdam,2936099073,1,45,35,89w5c6pw7vn0dxypi61tt0g4k,Sparta Rotterdam,8n9t52eeli3s39r8ujjhjt7je,J. Kitolano,36.015,54.128,0,0.0,turnover,False,0.0
2026-05-10_FC Twente - Sparta Rotterdam,2936099407,1,45,51,89w5c6pw7vn0dxypi61tt0g4k,Sparta Rotterdam,byirjks50zw1eefkcy8p4hd5h,B. Martins Indi,18.165000000000003,34.068000000000005,3,2.0,turnover,False,0.0
2026-05-10_FC Twente - Sparta Rotterdam,2936118927,2,45,13,89w5c6pw7vn0dxypi61tt0g4k,Sparta Rotterdam,536qjh4gcmpo5q68ti87e60kq,S. Mito,12.075000000000001,65.07600000000001,1,1.0,turnover,False,0.0
2026-05-10_FC Twente - Sparta Rotterdam,2936127689,2,52,56,4tic29sox7m39fy1ztgv0jsiq,FC Twente,cocgd3hh74fq9c30x9bps4idw,S. Lemkin,26.985,43.384,0,0.0,turnover,False,0.0
2026-05-10_FC Twente - Sparta Rotterdam,2936137781,2,63,27,89w5c6pw7vn0dxypi61tt0g4k,Sparta Rotterdam,29q4j9r2lgdsdkkq2fgh8l7o4,Ayoni Santos,14.595,37.128,2,4.0,turnover,False,0.0
2026-05-10_FC Twente - Sparta Rotterdam,2936141313,2,66,7,4tic29sox7m39fy1ztgv0jsiq,FC Twente,6wwk8y9mklkh8x606ynhe1lp0,S. Ørjasæter,27.51,52.836000000000006,0,0.0,turnover,False,0.0
2026-05-10_FC Twente - Sparta Rotterdam,2936149683,2,72,42,4tic29sox7m39fy1ztgv0jsiq,FC Twente,3xlkchrk28u0cb620cajre1hw,R. Nijstad,13.965000000000002,42.092,0,0.0,turnover,False,0.0
2026-05-10_FC Twente - Sparta Rotterdam,2936157127,2,79,31,89w5c6pw7vn0dxypi61tt0g4k,Sparta Rotterdam,6ybcevijvdov8qj1hxcbw3dd6,A. Roaldsøy,62.370000000000005,18.904000000000003,4,8.0,turnover,False,0.0
2026-05-10_FC Twente - Sparta Rotterdam,2936158691,2,80,57,4tic29sox7m39fy1ztgv0jsiq,FC Twente,2hbduprkyabq8g1nhe6b4g3bp,M. Pjaca,39.165,49.844,0,0.0,turnover,False,0.0
2026-05-10_FC Twente - Sparta Rotterdam,2936163167,2,85,55,4tic29sox7m39fy1ztgv0jsiq,FC Twente,2hbduprkyabq8g1nhe6b4g3bp,M. Pjaca,13.334999999999999,52.088,3,3.0,turnover,False,0.0
2026-05-10_FC Twente - Sparta Rotterdam,2936164027,2,86,56,89w5c6pw7vn0dxypi61tt0g4k,Sparta Rotterdam,ely6vpyueden4b6ozfmspwgk5,J. Toornstra,27.3,21.080000000000002,4,3.0,turnover,False,0.0
2026-05-10_FC Twente - Sparta Rotterdam,2936164155,2,87,3,89w5c6pw7vn0dxypi61tt0g4k,Sparta Rotterdam,536qjh4gcmpo5q68ti87e60kq,S. Mito,38.010000000000005,34.0,2,7.0,turnover,False,0.0
2026-05-10_FC Twente - Sparta Rotterdam,2936177319,2,93,44,4tic29sox7m39fy1ztgv0jsiq,FC Twente,36veg0wk1z3om89daf0clbl5h,R. van Wolfswinkel,50.82,44.268,0,0.0,turnover,False,0.0
2026-05-10_Feyenoord Rotterdam - Alkmaar Zaanstreek,2936055417,1,5,10,20vymiy7bo8wkyxai3ew494fz,Feyenoord Rotterdam,29fr98or3mqippn84z3p9ihhw,L. Valente,69.825,11.152,2,2.0,turnover,False,0.0
2026-05-10_Feyenoord Rotterdam - Alkmaar Zaanstreek,2936055481,1,5,13,3kfktv64h7kg7zryax1wktr5r,Alkmaar Zaanstreek,7jgtmmk4b2bgn0syidj6ve7kl,J. Clasie,21.0,50.388,3,2.0,turnover,False,0.0
2026-05-10_Feyenoord Rotterdam - Alkmaar Zaanstreek,2936059285,1,9,36,3kfktv64h7kg7zryax1wktr5r,Alkmaar Zaanstreek,wuh8s4gfo9ro3nel3rormg44,R. Daal,5.460000000000001,51.748,1,0.0,turnover,False,0.0
2026-05-10_Feyenoord Rotterdam - Alkmaar Zaanstreek,2936060407,1,10,58,20vymiy7bo8wkyxai3ew494fz,Feyenoord Rotterdam,9d4ald4f0m2imaastzen4j8mi,O. Targhalline,67.62,42.432,5,10.0,window_expired,False,0.0
2026-05-10_Feyenoord Rotterdam - Alkmaar Zaanstreek,2936060753,1,11,22,3kfktv64h7kg7zryax1wktr5r,Alkmaar Zaanstreek,5ylwgfqvaobru2lxqvlhpxul0,E. Dijkstra,38.535000000000004,4.6240000000000006,1,2.0,turnover,False,0.0
2026-05-10_Feyenoord Rotterdam - Alkmaar Zaanstreek,2936063913,1,15,35,3kfktv64h7kg7zryax1wktr5r,Alkmaar Zaanstreek,5ylwgfqvaobru2lxqvlhpxul0,E. Dijkstra,5.88,8.432,1,0.0,turnover,False,0.0
2026-05-10_Feyenoord Rotterdam - Alkmaar Zaanstreek,2936064899,1,16,43,3kfktv64h7kg7zryax1wktr5r,Alkmaar Zaanstreek,3dx91sb6ktg8z1xmoti25kru,P. Koopmeiners,58.17,48.620000000000005,2,9.0,window_expired,False,0.0
2026-05-10_Feyenoord Rotterdam - Alkmaar Zaanstreek,2936082687,1,31,10,20vymiy7bo8wkyxai3ew494fz,Feyenoord Rotterdam,eoodvdqfvhql03i8kv9l14qvo,T. Kraaijeveld,12.39,27.268000000000004,2,2.0,turnover,False,0.0
2026-05-10_Feyenoord Rotterdam - Alkmaar Zaanstreek,2936085405,1,33,36,3kfktv64h7kg7zryax1wktr5r,Alkmaar Zaanstreek,5ylwgfqvaobru2lxqvlhpxul0,E. Dijkstra,69.405,16.32,0,0.0,turnover,False,0.0
2026-05-10_Feyenoord Rotterdam - Alkmaar Zaanstreek,2936099491,1,45,28,20vymiy7bo8wkyxai3ew494fz,Feyenoord Rotterdam,ciguyr553yqapqfudim9af46h,M. Deijl,11.97,21.828000000000003,0,0.0,turnover,False,0.0
2026-05-10_Feyenoord Rotterdam - Alkmaar Zaanstreek,2936099901,1,45,47,3kfktv64h7kg7zryax1wktr5r,Alkmaar Zaanstreek,5ylwgfqvaobru2lxqvlhpxul0,E. Dijkstra,11.97,25.364,5,9.0,window_expired,False,0.0
2026-05-10_Feyenoord Rotterdam - Alkmaar Zaanstreek,2936123483,2,46,20,3kfktv64h7kg7zryax1wktr5r,Alkmaar Zaanstreek,3dx91sb6ktg8z1xmoti25kru,P. Koopmeiners,40.74,49.57200000000001,2,5.0,window_expired,False,0.0
2026-05-10_Feyenoord Rotterdam - Alkmaar Zaanstreek,2936126761,2,49,14,20vymiy7bo8wkyxai3ew494fz,Feyenoord Rotterdam,9d4ald4f0m2imaastzen4j8mi,O. Targhalline,67.935,17.612000000000002,2,2.0,turnover,False,0.0
2026-05-10_Feyenoord Rotterdam - Alkmaar Zaanstreek,2936130109,2,53,1,20vymiy7bo8wkyxai3ew494fz,Feyenoord Rotterdam,29fr98or3mqippn84z3p9ihhw,L. Valente,72.24,43.724000000000004,0,0.0,turnover,False,0.0
2026-05-10_Feyenoord Rotterdam - Alkmaar Zaanstreek,2936130723,2,53,46,20vymiy7bo8wkyxai3ew494fz,Feyenoord Rotterdam,ecqjg6wtntf1guejvm10redck,G. Read,43.155,7.956,5,6.0,turnover,False,0.0
2026-05-10_Feyenoord Rotterdam - Alkmaar Zaanstreek,2936139063,2,61,45,20vymiy7bo8wkyxai3ew494fz,Feyenoord Rotterdam,29fr98or3mqippn84z3p9ihhw,L. Valente,30.555000000000003,29.852,2,6.0,window_expired,False,0.0
2026-05-10_Feyenoord Rotterdam - Alkmaar Zaanstreek,2936139691,2,62,12,3kfktv64h7kg7zryax1wktr5r,Alkmaar Zaanstreek,wuh8s4gfo9ro3nel3rormg44,R. Daal,31.080000000000002,51.272000000000006,2,1.0,turnover,False,0.0
2026-05-10_Feyenoord Rotterdam - Alkmaar Zaanstreek,2936140887,2,63,5,20vymiy7bo8wkyxai3ew494fz,Feyenoord Rotterdam,5bjdj7hrhuxjbsa8wc1kw42c5,G. Trauner,12.495000000000001,23.052,3,3.0,turnover,False,0.0
2026-05-10_Feyenoord Rotterdam - Alkmaar Zaanstreek,2936150237,2,70,27,20vymiy7bo8wkyxai3ew494fz,Feyenoord Rotterdam,434aulbxf50clnx57fxsqge8k,T. van den Elshout,17.64,35.632000000000005,0,0.0,turnover,False,0.0
2026-05-10_Feyenoord Rotterdam - Alkmaar Zaanstreek,2936158477,2,71,14,20vymiy7bo8wkyxai3ew494fz,Feyenoord Rotterdam,bwxn7o8ved1xo5bmfkfgzekiy,J. Bos,35.805,51.272000000000006,0,0.0,turnover,False,0.0
2026-05-10_Feyenoord Rotterdam - Alkmaar Zaanstreek,2936156973,2,76,38,3kfktv64h7kg7zryax1wktr5r,Alkmaar Zaanstreek,7jgtmmk4b2bgn0syidj6ve7kl,J. Clasie,58.17,30.464,0,0.0,turnover,False,0.0
2026-05-10_Fortuna Sittard - PEC Zwolle,2936050665,1,1,3,3ebril33e08ddzob4bhq8awsr,Fortuna Sittard,b23be312oxcbusvpjnnriukq2,Y. Oukili,80.955,26.248,2,1.0,turnover,True,0.0
2026-05-10_Fortuna Sittard - PEC Zwolle,2936052169,1,2,17,2uuh2bir8ktof0uxfo06lb4ox,PEC Zwolle,9ugpnnovqttl8lguv7wdyiezu,S. Graves,43.89,7.82,5,9.0,window_expired,False,0.0
2026-05-10_Fortuna Sittard - PEC Zwolle,2936055059,1,5,0,3ebril33e08ddzob4bhq8awsr,Fortuna Sittard,60jptu288hf6gcljkbzcdie39,K. Peterson,67.41000000000001,65.48400000000001,4,10.0,window_expired,False,0.0
2026-05-10_Fortuna Sittard - PEC Zwolle,2936059135,1,9,38,3ebril33e08ddzob4bhq8awsr,Fortuna Sittard,djekc2mhsntvqyvsq26ru115g,D. Bisschops,75.81,64.804,2,2.0,turnover,False,0.0
2026-05-10_Fortuna Sittard - PEC Zwolle,2936062193,1,13,44,2uuh2bir8ktof0uxfo06lb4ox,PEC Zwolle,4mhahoh3a6rir882ug9hdb5nu,T. Velthuis,26.985,48.55200000000001,1,2.0,turnover,False,0.0
2026-05-10_Fortuna Sittard - PEC Zwolle,2936069165,1,20,31,3ebril33e08ddzob4bhq8awsr,Fortuna Sittard,dsh8ta4q6v5ews2e19p9xh6y2,J. Hubner,53.445,22.983999999999998,2,6.0,turnover,False,0.0
2026-05-10_Fortuna Sittard - PEC Zwolle,2936121675,2,46,8,3ebril33e08ddzob4bhq8awsr,Fortuna Sittard,dsh8ta4q6v5ews2e19p9xh6y2,J. Hubner,29.19,31.688000000000002,1,2.0,turnover,False,0.0
2026-05-10_Fortuna Sittard - PEC Zwolle,2936121823,2,46,16,3ebril33e08ddzob4bhq8awsr,Fortuna Sittard,dsh8ta4q6v5ews2e19p9xh6y2,J. Hubner,45.255,35.224000000000004,2,2.0,turnover,False,0.0
2026-05-10_Fortuna Sittard - PEC Zwolle,2936124579,2,48,31,2uuh2bir8ktof0uxfo06lb4ox,PEC Zwolle,4mhahoh3a6rir882ug9hdb5nu,T. Velthuis,7.875,61.540000000000006,1,2.0,turnover,False,0.0
2026-05-10_Fortuna Sittard - PEC Zwolle,2936129411,2,53,31,3ebril33e08ddzob4bhq8awsr,Fortuna Sittard,djekc2mhsntvqyvsq26ru115g,D. Bisschops,21.840000000000003,47.53200000000001,1,3.0,turnover,False,0.0
2026-05-10_Fortuna Sittard - PEC Zwolle,2936131825,2,56,32,3ebril33e08ddzob4bhq8awsr,Fortuna Sittard,b23be312oxcbusvpjnnriukq2,Y. Oukili,43.995,25.228,2,1.0,turnover,False,0.0
2026-05-10_Fortuna Sittard - PEC Zwolle,2936145043,2,67,26,2uuh2bir8ktof0uxfo06lb4ox,PEC Zwolle,5mqog8k9eyi248jvrrp9fo8wk,N. Fichtinger,21.419999999999998,24.14,5,7.0,window_expired,False,0.0
2026-05-10_Fortuna Sittard - PEC Zwolle,2936148457,2,70,6,2uuh2bir8ktof0uxfo06lb4ox,PEC Zwolle,d29ahwtvs7ls75wdtkf7xr8tm,Z. Buurmeester,26.565,20.128000000000004,4,4.0,turnover,False,0.0
2026-05-10_Fortuna Sittard - PEC Zwolle,2936179217,2,95,10,3ebril33e08ddzob4bhq8awsr,Fortuna Sittard,1bzrc169lsg8khaqy7a89oqok,G. Büyükhan,47.67,38.148,3,8.0,window_expired,False,0.0
2026-05-10_Go Ahead Eagles - PSV Eindhoven,2936055071,1,2,34,24fvcruwqrqvqa3aonf8c3zuy,PSV Eindhoven,2gsq05yyxwe4f8t79j6d49q6t,I. Perišić,94.92000000000002,61.268,1,0.0,window_expired,False,0.0
2026-05-10_Go Ahead Eagles - PSV Eindhoven,2936593869,1,4,34,24fvcruwqrqvqa3aonf8c3zuy,PSV Eindhoven,2gsq05yyxwe4f8t79j6d49q6t,I. Perišić,60.900000000000006,35.156000000000006,3,8.0,window_expired,False,0.0
2026-05-10_Go Ahead Eagles - PSV Eindhoven,2936597689,1,16,51,24fvcruwqrqvqa3aonf8c3zuy,PSV Eindhoven,emglxnqrlqskt8krglv7sziwa,R. Pepi,80.85000000000001,37.74,1,1.0,turnover,False,0.0
2026-05-10_Go Ahead Eagles - PSV Eindhoven,2936082063,1,28,30,24fvcruwqrqvqa3aonf8c3zuy,PSV Eindhoven,2gsq05yyxwe4f8t79j6d49q6t,I. Perišić,30.87,18.836000000000002,1,0.0,turnover,False,0.0
2026-05-10_Go Ahead Eagles - PSV Eindhoven,2936086635,1,32,33,b79uipsy57y1jqpy07h4i5ovk,Go Ahead Eagles,2teefpvijsbzag4yi7fm1pyol,A. Sampsted,24.255000000000003,20.060000000000002,1,0.0,turnover,False,0.0
2026-05-10_Go Ahead Eagles - PSV Eindhoven,2936095603,1,40,13,b79uipsy57y1jqpy07h4i5ovk,Go Ahead Eagles,61a5bh5xw947nv4mxx62gqaqx,J. Kramer,21.315,50.592000000000006,0,0.0,turnover,False,0.0
2026-05-10_Go Ahead Eagles - PSV Eindhoven,2936125997,2,45,54,b79uipsy57y1jqpy07h4i5ovk,Go Ahead Eagles,d8cxurdt9g5gezqlfwae7ooru,M. Meulensteen,32.97,55.35200000000001,1,3.0,turnover,False,0.0
2026-05-10_Go Ahead Eagles - PSV Eindhoven,2936126905,2,46,50,b79uipsy57y1jqpy07h4i5ovk,Go Ahead Eagles,eytcfp4cu6qkar65kf0p5rm96,J. Dirksen,25.200000000000003,51.204,4,10.0,window_expired,False,0.0
2026-05-10_Go Ahead Eagles - PSV Eindhoven,2936189427,2,61,20,24fvcruwqrqvqa3aonf8c3zuy,PSV Eindhoven,cgsmk5437f466uoqvol7devze,R. Flamingo,75.17999999999999,7.548,4,9.0,window_expired,False,0.0
2026-05-10_SBV Excelsior - FC Volendam,2936050013,1,0,15,dqk062lu0vm8epvytbm6r4mmf,SBV Excelsior,cs49ec8y6cubrlo5nmu3j3jtg,L. Schouten,50.400000000000006,39.984,1,5.0,turnover,False,0.0
2026-05-10_SBV Excelsior - FC Volendam,2936067567,1,19,3,dqk062lu0vm8epvytbm6r4mmf,SBV Excelsior,49xsd6e4oyjrhtwsdbdm4rj84,L. Hartjes,18.480000000000004,5.508,2,1.0,turnover,False,0.0
2026-05-10_SBV Excelsior - FC Volendam,2936072673,1,23,3,6g9qrm72224jrk6tkxxxi8a9n,FC Volendam,4utx4h5jz14whtjawxn7ox0r8,N. Verschuren,23.625,26.928000000000004,0,0.0,turnover,False,0.0
2026-05-10_SBV Excelsior - FC Volendam,2936076729,1,26,18,dqk062lu0vm8epvytbm6r4mmf,SBV Excelsior,5wwqe546ohp130rvi8x8pt0tm,A. Zagré,21.525000000000002,58.412000000000006,4,6.0,window_expired,False,0.0
2026-05-10_SBV Excelsior - FC Volendam,2936080625,1,29,35,6g9qrm72224jrk6tkxxxi8a9n,FC Volendam,3dc82sro077by40u3qdmhw0r9,B. Ould-Chikh,18.06,5.984000000000001,1,1.0,turnover,False,0.0
2026-05-10_SBV Excelsior - FC Volendam,2936082315,1,30,57,6g9qrm72224jrk6tkxxxi8a9n,FC Volendam,28rtnolu3a2au3on0jtwzhu6s,P. Ugwu,68.355,7.616,2,2.0,turnover,False,0.0
2026-05-10_SBV Excelsior - FC Volendam,2936084535,1,32,48,6g9qrm72224jrk6tkxxxi8a9n,FC Volendam,ealh7n21gctxxw5ol3l3yxzze,Y. Leliendal,38.22,63.03600000000001,1,1.0,turnover,False,0.0
2026-05-10_SBV Excelsior - FC Volendam,2936085413,1,33,35,6g9qrm72224jrk6tkxxxi8a9n,FC Volendam,4utx4h5jz14whtjawxn7ox0r8,N. Verschuren,11.865000000000002,44.47200000000001,1,3.0,turnover,False,0.0
2026-05-10_SBV Excelsior - FC Volendam,2936092065,1,39,44,dqk062lu0vm8epvytbm6r4mmf,SBV Excelsior,3hu6e9wa0nt4ekubxye6l4pas,I. Yegoian,43.365,55.488,1,2.0,turnover,False,0.0
2026-05-10_SBV Excelsior - FC Volendam,2936127345,2,51,19,dqk062lu0vm8epvytbm6r4mmf,SBV Excelsior,c6i4usq34m3389rtbqptahrai,R. Meissen,20.580000000000002,19.448000000000004,1,3.0,window_expired,False,0.0
2026-05-10_SBV Excelsior - FC Volendam,2936155791,2,76,59,6g9qrm72224jrk6tkxxxi8a9n,FC Volendam,28rtnolu3a2au3on0jtwzhu6s,P. Ugwu,26.25,14.076,2,2.0,turnover,False,0.0
2026-05-10_SBV Excelsior - FC Volendam,2936156339,2,77,30,6g9qrm72224jrk6tkxxxi8a9n,FC Volendam,6svx5u21jrcch3ewpqqbxukmh,J. Bacuna,28.77,11.9,3,7.0,turnover,False,0.0
2026-05-10_SBV Excelsior - FC Volendam,2936161445,2,82,44,6g9qrm72224jrk6tkxxxi8a9n,FC Volendam,4utx4h5jz14whtjawxn7ox0r8,N. Verschuren,21.945,31.824,0,0.0,turnover,False,0.0
2026-05-10_SC Telstar - Heracles Almelo,2936055457,1,4,1,zjawy6qdzk3y69v5pa3zl2cb,SC Telstar,52cqyvn8cfh83i5zwm3181pbe,T. Noslin,66.675,4.828,0,0.0,turnover,False,0.0
2026-05-10_SC Telstar - Heracles Almelo,2936056005,1,4,40,dac758ef858jbq7pcb3gfwite,Heracles Almelo,96om2im2vd1621ajcexlyekno,T. van Gilst,33.495,10.676,0,0.0,turnover,False,0.0
2026-05-10_SC Telstar - Heracles Almelo,2936068701,1,18,52,zjawy6qdzk3y69v5pa3zl2cb,SC Telstar,1k60tee702idfrp0ibca1s57u,G. Offerhaus,3.3600000000000003,47.6,1,1.0,turnover,False,0.0
2026-05-10_SC Telstar - Heracles Almelo,2936087513,1,34,32,zjawy6qdzk3y69v5pa3zl2cb,SC Telstar,1k60tee702idfrp0ibca1s57u,G. Offerhaus,66.99,11.832,1,2.0,turnover,False,0.0
2026-05-10_SC Telstar - Heracles Almelo,2936091027,1,37,44,zjawy6qdzk3y69v5pa3zl2cb,SC Telstar,avyhrrfkeizd3za28ni67x82c,C. Hatenboer,27.195,52.564,1,1.0,turnover,False,0.0
2026-05-10_SC Telstar - Heracles Almelo,2936095901,1,41,37,zjawy6qdzk3y69v5pa3zl2cb,SC Telstar,52cqyvn8cfh83i5zwm3181pbe,T. Noslin,26.355000000000004,16.592,1,3.0,turnover,False,0.0
2026-05-10_SC Telstar - Heracles Almelo,2936097249,1,42,46,dac758ef858jbq7pcb3gfwite,Heracles Almelo,7d8qc47gy4mb9mo67e1ic448a,M. Benita,28.56,12.24,4,10.0,window_expired,False,0.0
2026-05-10_SC Telstar - Heracles Almelo,2936097523,1,42,58,zjawy6qdzk3y69v5pa3zl2cb,SC Telstar,1k60tee702idfrp0ibca1s57u,G. Offerhaus,11.97,45.967999999999996,2,7.0,turnover,False,0.0
2026-05-10_SC Telstar - Heracles Almelo,2936162545,2,67,40,dac758ef858jbq7pcb3gfwite,Heracles Almelo,6lyedmu2vuf7jig3jmhz9b4ve,D. van der Kust,22.785,44.608,0,0.0,turnover,False,0.0
2026-05-10_SC Telstar - Heracles Almelo,2936162771,2,67,54,zjawy6qdzk3y69v5pa3zl2cb,SC Telstar,y1ky8sp8scl05mmfr7byy3md,J. Hardeveld,34.86000000000001,58.07200000000001,2,3.0,turnover,False,0.0
2026-05-10_SC Telstar - Heracles Almelo,2936173799,2,73,51,zjawy6qdzk3y69v5pa3zl2cb,SC Telstar,14csdlb8p0tnj6zqrs148ct1w,J. Ritmeester van de Kamp,69.72000000000001,38.692,0,0.0,turnover,False,0.0
2026-05-10_SC Telstar - Heracles Almelo,2936178003,2,78,18,dac758ef858jbq7pcb3gfwite,Heracles Almelo,7d8qc47gy4mb9mo67e1ic448a,M. Benita,48.510000000000005,12.24,0,0.0,turnover,False,0.0
2026-05-10_SC Telstar - Heracles Almelo,2936178213,2,78,25,zjawy6qdzk3y69v5pa3zl2cb,SC Telstar,y1ky8sp8scl05mmfr7byy3md,J. Hardeveld,69.405,63.85200000000001,1,3.0,turnover,False,0.0
2026-05-10_SC Telstar - Heracles Almelo,2936190929,2,86,54,dac758ef858jbq7pcb3gfwite,Heracles Almelo,afdwdm1rkz1ir3c0tukfh3jhm,S. Čestić,30.135,46.92,0,0.0,turnover,False,0.0
2026-05-10_SC Telstar - Heracles Almelo,2936193181,2,88,29,zjawy6qdzk3y69v5pa3zl2cb,SC Telstar,y1ky8sp8scl05mmfr7byy3md,J. Hardeveld,66.045,43.112,0,0.0,turnover,False,0.0
2026-05-10_SC Telstar - Heracles Almelo,2936193965,2,89,7,dac758ef858jbq7pcb3gfwite,Heracles Almelo,8oetnmi8kejwwy37rhlelw2ne,W. Ould-Chikh,6.720000000000001,24.616000000000003,0,0.0,turnover,False,0.0
2026-05-11_NAC Breda - SC Heerenveen,2936053823,1,4,27,59t7flioj4w4mpwnrwbm0m8ck,NAC Breda,bgzvhtk50gvmq6noheadmc34l,D. Odoi,60.69,7.548,3,7.0,window_expired,False,0.0
2026-05-11_NAC Breda - SC Heerenveen,2936062227,1,14,34,59t7flioj4w4mpwnrwbm0m8ck,NAC Breda,8z4wdv767cv7ddqgrkz5txsrt,B. Kemper,54.285000000000004,49.57200000000001,0,0.0,turnover,False,0.0
2026-05-11_NAC Breda - SC Heerenveen,2936070789,1,22,39,59t7flioj4w4mpwnrwbm0m8ck,NAC Breda,37c696bwovmn1x8lc8z4wp53o,C. Valerius,62.79,5.984000000000001,1,0.0,turnover,False,0.0
2026-05-11_NAC Breda - SC Heerenveen,2936072245,1,23,42,59t7flioj4w4mpwnrwbm0m8ck,NAC Breda,969cpy2geokwer9gjapk7zj3e,R. Hillen,3.57,40.596000000000004,1,1.0,turnover,False,0.0
2026-05-11_NAC Breda - SC Heerenveen,2936719099,1,33,30,4vd2t5schmvvufrfib7f2vjdf,SC Heerenveen,9najgqcaamqj0qtiicuq9hey,R. Meerveld,37.800000000000004,64.736,2,2.0,turnover,False,0.0
2026-05-11_NAC Breda - SC Heerenveen,2936084675,1,33,57,4vd2t5schmvvufrfib7f2vjdf,SC Heerenveen,412l28fqhx21ivpcxzn1kpilm,V. Zagaritis,29.82,59.772000000000006,0,0.0,turnover,False,0.0
2026-05-11_NAC Breda - SC Heerenveen,2936088063,1,37,8,4vd2t5schmvvufrfib7f2vjdf,SC Heerenveen,9najgqcaamqj0qtiicuq9hey,R. Meerveld,16.8,43.52,1,2.0,window_expired,False,0.0
2026-05-11_NAC Breda - SC Heerenveen,2936096139,1,43,54,59t7flioj4w4mpwnrwbm0m8ck,NAC Breda,2wkew38juoofry6oo3t1vcwyd,E. Mahmutović,26.775000000000002,46.988,5,10.0,window_expired,False,0.0
2026-05-11_NAC Breda - SC Heerenveen,2936121007,2,46,0,4vd2t5schmvvufrfib7f2vjdf,SC Heerenveen,412l28fqhx21ivpcxzn1kpilm,V. Zagaritis,14.595,57.528,1,1.0,turnover,False,0.0
2026-05-11_NAC Breda - SC Heerenveen,2936128491,2,52,52,59t7flioj4w4mpwnrwbm0m8ck,NAC Breda,3c2wqlde0kovi9hii52egaimt,L. Holtby,40.11000000000001,3.3320000000000003,1,0.0,window_expired,False,0.0
2026-05-11_NAC Breda - SC Heerenveen,2936129691,2,54,16,4vd2t5schmvvufrfib7f2vjdf,SC Heerenveen,aqnr6l3f02hx0soadunxbjcpg,J. Trenskow,79.905,9.860000000000001,2,1.0,turnover,False,0.0
2026-05-11_NAC Breda - SC Heerenveen,2936129763,2,54,21,59t7flioj4w4mpwnrwbm0m8ck,NAC Breda,969cpy2geokwer9gjapk7zj3e,R. Hillen,11.235,38.964,5,8.0,window_expired,False,0.0
2026-05-11_NAC Breda - SC Heerenveen,2936131437,2,56,29,59t7flioj4w4mpwnrwbm0m8ck,NAC Breda,4f8xb5sbyksacxmifi375h7qi,K. Sowah,18.375,48.824,2,5.0,turnover,False,0.0
2026-05-11_NAC Breda - SC Heerenveen,2936174809,2,79,18,4vd2t5schmvvufrfib7f2vjdf,SC Heerenveen,idvh0ac1f8wv39640pyl4esp,S. Kersten,28.455000000000002,8.16,1,1.0,turnover,False,0.0
2026-05-11_NAC Breda - SC Heerenveen,2936618977,2,84,43,59t7flioj4w4mpwnrwbm0m8ck,NAC Breda,64oi87vu8r3cxx2fvtr442gwk,J. Candelaria,12.915000000000001,17.136,0,0.0,turnover,False,0.0
2026-05-11_NAC Breda - SC Heerenveen,2936619863,2,87,20,4vd2t5schmvvufrfib7f2vjdf,SC Heerenveen,idvh0ac1f8wv39640pyl4esp,S. Kersten,74.865,32.776,0,0.0,turnover,False,0.0
2026-05-11_NAC Breda - SC Heerenveen,2936620613,2,89,32,59t7flioj4w4mpwnrwbm0m8ck,NAC Breda,8z4wdv767cv7ddqgrkz5txsrt,B. Kemper,18.480000000000004,45.900000000000006,2,2.0,turnover,False,0.0
2026-05-11_NAC Breda - SC Heerenveen,2936621429,2,91,47,4vd2t5schmvvufrfib7f2vjdf,SC Heerenveen,2f8lk6lxav7hl7xlqt9an18x6,H. Petrov,60.795,47.53200000000001,5,7.0,window_expired,False,0.0
2026-05-11_NAC Breda - SC Heerenveen,2936622773,2,95,52,4vd2t5schmvvufrfib7f2vjdf,SC Heerenveen,eu6pfkiah7otafyryg6ll7y09,L. Brouwers,77.7,13.464000000000002,3,1.0,turnover,False,0.0
2026-05-17_Alkmaar Zaanstreek - NAC Breda,2938903035,1,3,33,59t7flioj4w4mpwnrwbm0m8ck,NAC Breda,200chcevwu3znwew6xjyaof6d,F. Oldrup Jensen,5.88,51.68000000000001,1,2.0,turnover,False,0.0
2026-05-17_Alkmaar Zaanstreek - NAC Breda,2938912365,1,11,5,59t7flioj4w4mpwnrwbm0m8ck,NAC Breda,6feheukom1kdo8w1hwrztpvro,B. Ghalidi,35.805,12.24,1,2.0,turnover,False,0.0
2026-05-17_Alkmaar Zaanstreek - NAC Breda,2938919885,1,17,33,59t7flioj4w4mpwnrwbm0m8ck,NAC Breda,37c696bwovmn1x8lc8z4wp53o,C. Valerius,55.755,4.760000000000001,1,1.0,turnover,False,0.0
2026-05-17_Alkmaar Zaanstreek - NAC Breda,2938939485,1,38,11,59t7flioj4w4mpwnrwbm0m8ck,NAC Breda,37c696bwovmn1x8lc8z4wp53o,C. Valerius,7.3500000000000005,32.096000000000004,3,10.0,turnover,False,0.0
2026-05-17_Alkmaar Zaanstreek - NAC Breda,2938942045,1,40,4,59t7flioj4w4mpwnrwbm0m8ck,NAC Breda,6feheukom1kdo8w1hwrztpvro,B. Ghalidi,33.18,3.3320000000000003,1,1.0,turnover,False,0.0
2026-05-17_Alkmaar Zaanstreek - NAC Breda,2938969695,2,47,35,3kfktv64h7kg7zryax1wktr5r,Alkmaar Zaanstreek,5ylwgfqvaobru2lxqvlhpxul0,E. Dijkstra,62.79,11.696,5,10.0,window_expired,False,0.0
2026-05-17_Alkmaar Zaanstreek - NAC Breda,2938987721,2,58,58,59t7flioj4w4mpwnrwbm0m8ck,NAC Breda,37c696bwovmn1x8lc8z4wp53o,C. Valerius,14.385,17.816000000000003,0,0.0,turnover,False,0.0
2026-05-17_Alkmaar Zaanstreek - NAC Breda,2938997405,2,66,6,3kfktv64h7kg7zryax1wktr5r,Alkmaar Zaanstreek,ck3l6a262hves3v6nywarx9pm,Alexandre Penetra,37.38,50.728,4,6.0,turnover,False,0.0
2026-05-17_Alkmaar Zaanstreek - NAC Breda,2938997559,2,66,14,59t7flioj4w4mpwnrwbm0m8ck,NAC Breda,c3j7ddqg0yzporam6gieibgiy,C. Brym,50.505,31.824,4,9.0,window_expired,False,0.0
2026-05-17_Alkmaar Zaanstreek - NAC Breda,2939010859,2,77,37,59t7flioj4w4mpwnrwbm0m8ck,NAC Breda,7qwmlcxsxlxmq01g7dkt7v14a,M. Balard,65.94,17.204,0,0.0,turnover,False,0.0
2026-05-17_Alkmaar Zaanstreek - NAC Breda,2939028579,2,89,15,59t7flioj4w4mpwnrwbm0m8ck,NAC Breda,969cpy2geokwer9gjapk7zj3e,R. Hillen,23.415000000000003,45.967999999999996,2,2.0,turnover,False,0.0
2026-05-17_FC Utrecht - Fortuna Sittard,2938904001,1,1,50,ccpscwdcm65czscrun048ecn5,FC Utrecht,enimk3ibb10vk3f8vrmmhq7oq,S. El Karouani,14.385,61.608000000000004,0,0.0,turnover,False,0.0
2026-05-17_FC Utrecht - Fortuna Sittard,2938904517,1,2,19,ccpscwdcm65czscrun048ecn5,FC Utrecht,enimk3ibb10vk3f8vrmmhq7oq,S. El Karouani,26.040000000000003,45.15200000000001,5,5.0,window_expired,False,0.0
2026-05-17_FC Utrecht - Fortuna Sittard,2938911835,1,8,5,3ebril33e08ddzob4bhq8awsr,Fortuna Sittard,b23be312oxcbusvpjnnriukq2,Y. Oukili,14.175,21.556,0,0.0,turnover,False,0.0
2026-05-17_FC Utrecht - Fortuna Sittard,2938913311,1,9,22,3ebril33e08ddzob4bhq8awsr,Fortuna Sittard,dsh8ta4q6v5ews2e19p9xh6y2,J. Hubner,31.71,18.224,5,10.0,window_expired,False,0.0
2026-05-17_FC Utrecht - Fortuna Sittard,2938913573,1,9,34,ccpscwdcm65czscrun048ecn5,FC Utrecht,enimk3ibb10vk3f8vrmmhq7oq,S. El Karouani,62.580000000000005,58.004000000000005,0,0.0,turnover,False,0.0
2026-05-17_FC Utrecht - Fortuna Sittard,2938922367,1,18,10,3ebril33e08ddzob4bhq8awsr,Fortuna Sittard,34258m1cvslz8r6d17nv4b90q,S. van Ottele,15.540000000000001,9.996,1,1.0,turnover,False,0.0
2026-05-17_FC Utrecht - Fortuna Sittard,2938922981,1,19,14,3ebril33e08ddzob4bhq8awsr,Fortuna Sittard,2fbolmn7pyvn5oto4zoeqguwa,N. Kasanwirjo,74.55,3.3320000000000003,2,2.0,turnover,False,0.0
2026-05-17_FC Utrecht - Fortuna Sittard,2938925391,1,22,48,ccpscwdcm65czscrun048ecn5,FC Utrecht,8lt54ei6pcu25u8uerigmx5yi,A. Engwanda,28.980000000000004,16.456,0,0.0,turnover,False,0.0
2026-05-17_FC Utrecht - Fortuna Sittard,2938928203,1,26,39,3ebril33e08ddzob4bhq8awsr,Fortuna Sittard,b23be312oxcbusvpjnnriukq2,Y. Oukili,89.46000000000001,51.748,1,1.0,turnover,False,0.0
2026-05-17_FC Utrecht - Fortuna Sittard,2938933825,1,31,38,3ebril33e08ddzob4bhq8awsr,Fortuna Sittard,7b4jmfu1ejoeci2zmvwuejnys,P. Brittijn,70.455,59.636,1,1.0,turnover,False,0.0
2026-05-17_FC Utrecht - Fortuna Sittard,2938976895,2,47,56,3ebril33e08ddzob4bhq8awsr,Fortuna Sittard,bnkzwpd607re6s01oa77wcodm,J. Dahlhaus,57.12,62.016000000000005,2,5.0,turnover,False,0.0
2026-05-17_FC Utrecht - Fortuna Sittard,2938980491,2,50,7,ccpscwdcm65czscrun048ecn5,FC Utrecht,8lt54ei6pcu25u8uerigmx5yi,A. Engwanda,23.835,28.356000000000005,1,1.0,turnover,False,0.0
2026-05-17_FC Utrecht - Fortuna Sittard,2938985427,2,53,15,3ebril33e08ddzob4bhq8awsr,Fortuna Sittard,ccmmsnrfn58gwi1petlp08f3e,L. Duijvestijn,22.155,29.240000000000002,0,0.0,turnover,False,0.0
2026-05-17_FC Utrecht - Fortuna Sittard,2938986507,2,53,58,ccpscwdcm65czscrun048ecn5,FC Utrecht,8ymqihdfqc7esda7y407lebx1,D. de Wit,36.855000000000004,40.800000000000004,2,3.0,turnover,False,0.0
2026-05-17_FC Utrecht - Fortuna Sittard,2938986801,2,54,8,ccpscwdcm65czscrun048ecn5,FC Utrecht,8lt54ei6pcu25u8uerigmx5yi,A. Engwanda,34.86000000000001,31.96,6,10.0,window_expired,False,0.0
2026-05-17_FC Utrecht - Fortuna Sittard,2939000951,2,65,24,3ebril33e08ddzob4bhq8awsr,Fortuna Sittard,bnkzwpd607re6s01oa77wcodm,J. Dahlhaus,67.2,45.15200000000001,0,0.0,turnover,False,0.0
2026-05-17_FC Utrecht - Fortuna Sittard,2939004329,2,68,49,3ebril33e08ddzob4bhq8awsr,Fortuna Sittard,34258m1cvslz8r6d17nv4b90q,S. van Ottele,26.880000000000003,10.608,1,1.0,turnover,False,0.0
2026-05-17_FC Utrecht - Fortuna Sittard,2939010383,2,73,6,3ebril33e08ddzob4bhq8awsr,Fortuna Sittard,7b4jmfu1ejoeci2zmvwuejnys,P. Brittijn,10.815000000000001,60.79200000000001,0,0.0,turnover,False,0.0
2026-05-17_FC Utrecht - Fortuna Sittard,2939019633,2,79,11,3ebril33e08ddzob4bhq8awsr,Fortuna Sittard,66kplyn4wfzukepup1ws0f1ed,A. Halilović,57.645,14.824000000000002,0,0.0,turnover,False,0.0
2026-05-17_FC Utrecht - Fortuna Sittard,2939029127,2,85,26,3ebril33e08ddzob4bhq8awsr,Fortuna Sittard,6sya8p154c3vtvr0dk0etg8wk,T. Schenkhuizen,67.2,55.148,3,4.0,turnover,True,0.0
2026-05-17_FC Utrecht - Fortuna Sittard,2939032587,2,88,3,3ebril33e08ddzob4bhq8awsr,Fortuna Sittard,2fbolmn7pyvn5oto4zoeqguwa,N. Kasanwirjo,15.435,32.164,1,1.0,turnover,False,0.0
2026-05-17_FC Utrecht - Fortuna Sittard,2939034899,2,90,2,ccpscwdcm65czscrun048ecn5,FC Utrecht,8lt54ei6pcu25u8uerigmx5yi,A. Engwanda,11.865000000000002,28.832,1,0.0,window_expired,False,0.0
2026-05-17_FC Volendam - SC Telstar,2938911843,1,10,57,6g9qrm72224jrk6tkxxxi8a9n,FC Volendam,6svx5u21jrcch3ewpqqbxukmh,J. Bacuna,45.36000000000001,20.196,0,0.0,turnover,False,0.0
2026-05-17_FC Volendam - SC Telstar,2938923245,1,22,28,zjawy6qdzk3y69v5pa3zl2cb,SC Telstar,4bkb8qjb5n33wxfopju8r1mtx,D. Bakker,35.910000000000004,56.916000000000004,1,0.0,window_expired,False,0.0
2026-05-17_FC Volendam - SC Telstar,2938930405,1,31,45,zjawy6qdzk3y69v5pa3zl2cb,SC Telstar,cp866ucakmwqiwxrstkaxwgt0,N. Rossen,43.995,50.456,0,0.0,turnover,False,0.0
2026-05-17_FC Volendam - SC Telstar,2938943489,1,41,26,zjawy6qdzk3y69v5pa3zl2cb,SC Telstar,52cqyvn8cfh83i5zwm3181pbe,T. Noslin,88.09500000000001,4.964,1,0.0,turnover,False,0.0
2026-05-17_FC Volendam - SC Telstar,2938951527,1,47,16,6g9qrm72224jrk6tkxxxi8a9n,FC Volendam,6svx5u21jrcch3ewpqqbxukmh,J. Bacuna,65.94,3.74,1,1.0,turnover,False,0.0
2026-05-17_FC Volendam - SC Telstar,2938971931,2,45,40,6g9qrm72224jrk6tkxxxi8a9n,FC Volendam,6svx5u21jrcch3ewpqqbxukmh,J. Bacuna,49.035000000000004,35.02,3,7.0,turnover,False,0.0
2026-05-17_FC Volendam - SC Telstar,2938976813,2,48,40,zjawy6qdzk3y69v5pa3zl2cb,SC Telstar,52cqyvn8cfh83i5zwm3181pbe,T. Noslin,27.51,4.08,0,0.0,turnover,False,0.0
2026-05-17_FC Volendam - SC Telstar,2938976827,2,48,42,zjawy6qdzk3y69v5pa3zl2cb,SC Telstar,52cqyvn8cfh83i5zwm3181pbe,T. Noslin,31.290000000000003,9.792000000000002,0,0.0,turnover,False,0.0
2026-05-17_FC Volendam - SC Telstar,2938989535,2,50,20,zjawy6qdzk3y69v5pa3zl2cb,SC Telstar,4cbhx91p3l265b2cejzd07gbu,P. Brouwer,71.08500000000001,61.47200000000001,0,0.0,turnover,False,0.0
2026-05-17_FC Volendam - SC Telstar,2938983531,2,52,48,6g9qrm72224jrk6tkxxxi8a9n,FC Volendam,eu901b75l2ly5p48jdw6kwmad,M. Amevor,55.44,54.196000000000005,1,0.0,turnover,False,0.0
2026-05-17_FC Volendam - SC Telstar,2939035803,2,91,42,zjawy6qdzk3y69v5pa3zl2cb,SC Telstar,y1ky8sp8scl05mmfr7byy3md,J. Hardeveld,23.94,61.132000000000005,4,4.0,turnover,False,0.0
2026-05-17_Heracles Almelo - FC Groningen,2938901515,1,1,24,dac758ef858jbq7pcb3gfwite,Heracles Almelo,do5gstk4ks97daehnudehyjxm,J. Žambůrek,64.47,17.0,4,9.0,window_expired,False,0.0
2026-05-17_Heracles Almelo - FC Groningen,2938907625,1,6,12,dac758ef858jbq7pcb3gfwite,Heracles Almelo,6lyedmu2vuf7jig3jmhz9b4ve,D. van der Kust,64.365,42.024,0,0.0,turnover,False,0.0
2026-05-17_Heracles Almelo - FC Groningen,2938908389,1,6,48,dac758ef858jbq7pcb3gfwite,Heracles Almelo,7d8qc47gy4mb9mo67e1ic448a,M. Benita,41.265,26.656000000000002,5,9.0,window_expired,False,0.0
2026-05-17_Heracles Almelo - FC Groningen,2938910679,1,8,39,cos9hxi16eitbcbthof7zrm4m,FC Groningen,98qi4clazqen9kimkxt3jb6j9,M. Peersman,44.94,53.516000000000005,1,1.0,turnover,False,0.0
2026-05-17_Heracles Almelo - FC Groningen,2938911027,1,8,55,dac758ef858jbq7pcb3gfwite,Heracles Almelo,8oetnmi8kejwwy37rhlelw2ne,W. Ould-Chikh,73.5,52.156000000000006,1,0.0,turnover,False,0.0
2026-05-17_Heracles Almelo - FC Groningen,2938914389,1,11,43,dac758ef858jbq7pcb3gfwite,Heracles Almelo,80dk8iv6p0202z10qcqy8bfca,S. Scheperman,28.455000000000002,27.948000000000004,4,9.0,window_expired,False,0.0
2026-05-17_Heracles Almelo - FC Groningen,2938922623,1,20,2,dac758ef858jbq7pcb3gfwite,Heracles Almelo,6lyedmu2vuf7jig3jmhz9b4ve,D. van der Kust,30.765,57.25600000000001,0,0.0,turnover,False,0.0
2026-05-17_Heracles Almelo - FC Groningen,2938923395,1,21,27,dac758ef858jbq7pcb3gfwite,Heracles Almelo,7d8qc47gy4mb9mo67e1ic448a,M. Benita,10.920000000000002,24.956000000000003,1,4.0,turnover,False,0.0
2026-05-17_Heracles Almelo - FC Groningen,2938923655,1,21,56,cos9hxi16eitbcbthof7zrm4m,FC Groningen,1c4fzmrwmlwaqmqomge14rqc4,D. Janse,78.855,61.336000000000006,1,0.0,window_expired,False,0.0
2026-05-17_Heracles Almelo - FC Groningen,2938929515,1,29,33,cos9hxi16eitbcbthof7zrm4m,FC Groningen,1c4fzmrwmlwaqmqomge14rqc4,D. Janse,37.38,62.016000000000005,1,0.0,turnover,False,0.0
2026-05-17_Heracles Almelo - FC Groningen,2938934869,1,33,49,dac758ef858jbq7pcb3gfwite,Heracles Almelo,80dk8iv6p0202z10qcqy8bfca,S. Scheperman,40.53,52.156000000000006,0,0.0,turnover,False,0.0
2026-05-17_Heracles Almelo - FC Groningen,2938935269,1,34,14,cos9hxi16eitbcbthof7zrm4m,FC Groningen,9wwud2tglhtdocmjgl2u5ib6c,T. Blokzijl,62.160000000000004,13.192,1,1.0,turnover,False,0.0
2026-05-17_Heracles Almelo - FC Groningen,2938943229,1,39,55,dac758ef858jbq7pcb3gfwite,Heracles Almelo,80dk8iv6p0202z10qcqy8bfca,S. Scheperman,15.75,36.108000000000004,1,3.0,window_expired,False,0.0
2026-05-17_Heracles Almelo - FC Groningen,2938948831,1,43,57,dac758ef858jbq7pcb3gfwite,Heracles Almelo,do5gstk4ks97daehnudehyjxm,J. Žambůrek,35.385000000000005,18.768,0,0.0,turnover,False,0.0
2026-05-17_Heracles Almelo - FC Groningen,2938981453,2,52,6,cos9hxi16eitbcbthof7zrm4m,FC Groningen,f4liap69r76gyc8pnxsergbqi,T. de Jonge,7.3500000000000005,34.068000000000005,1,1.0,turnover,False,0.0
2026-05-17_Heracles Almelo - FC Groningen,2938982691,2,52,49,cos9hxi16eitbcbthof7zrm4m,FC Groningen,98qi4clazqen9kimkxt3jb6j9,M. Peersman,35.07,66.096,1,0.0,turnover,False,0.0
2026-05-17_Heracles Almelo - FC Groningen,2938991421,2,58,47,cos9hxi16eitbcbthof7zrm4m,FC Groningen,1c4fzmrwmlwaqmqomge14rqc4,D. Janse,27.51,51.952000000000005,1,1.0,turnover,False,0.0
2026-05-17_Heracles Almelo - FC Groningen,2938995961,2,62,3,cos9hxi16eitbcbthof7zrm4m,FC Groningen,f4liap69r76gyc8pnxsergbqi,T. de Jonge,73.92000000000002,41.956,1,0.0,turnover,False,0.0
2026-05-17_Heracles Almelo - FC Groningen,2938996681,2,62,39,cos9hxi16eitbcbthof7zrm4m,FC Groningen,9wwud2tglhtdocmjgl2u5ib6c,T. Blokzijl,46.515,6.800000000000001,2,2.0,turnover,False,0.0
2026-05-17_Heracles Almelo - FC Groningen,2938996761,2,62,43,dac758ef858jbq7pcb3gfwite,Heracles Almelo,8oetnmi8kejwwy37rhlelw2ne,W. Ould-Chikh,45.675000000000004,60.52,0,0.0,turnover,False,0.0
2026-05-17_Heracles Almelo - FC Groningen,2938997521,2,63,20,dac758ef858jbq7pcb3gfwite,Heracles Almelo,80dk8iv6p0202z10qcqy8bfca,S. Scheperman,61.11000000000001,24.956000000000003,0,0.0,turnover,False,0.0
2026-05-17_Heracles Almelo - FC Groningen,2939007885,2,72,43,dac758ef858jbq7pcb3gfwite,Heracles Almelo,e3akocgpppdty3ayxty1gf6xh,D. Mirani,23.415000000000003,58.208,1,2.0,turnover,False,0.0
2026-05-17_Heracles Almelo - FC Groningen,2939013417,2,76,27,dac758ef858jbq7pcb3gfwite,Heracles Almelo,do5gstk4ks97daehnudehyjxm,J. Žambůrek,78.54,19.788000000000004,1,2.0,turnover,False,0.0
2026-05-17_Heracles Almelo - FC Groningen,2939023843,2,83,17,cos9hxi16eitbcbthof7zrm4m,FC Groningen,3aly8eihwfvtwde7dg0k18w7o,J. Schreuders,58.17,18.02,2,2.0,turnover,False,0.0
2026-05-17_Heracles Almelo - FC Groningen,2939031977,2,89,0,cos9hxi16eitbcbthof7zrm4m,FC Groningen,f4liap69r76gyc8pnxsergbqi,T. de Jonge,35.805,15.028000000000002,1,0.0,turnover,False,0.0
2026-05-17_Heracles Almelo - FC Groningen,2939034551,2,91,4,cos9hxi16eitbcbthof7zrm4m,FC Groningen,1c4fzmrwmlwaqmqomge14rqc4,D. Janse,56.595,32.708000000000006,1,1.0,turnover,False,0.0
2026-05-17_Nijmegen Eendracht Combinatie - Go Ahead Eagles,2938918079,1,15,30,b79uipsy57y1jqpy07h4i5ovk,Go Ahead Eagles,1q0v3qpciql8rkyz4qrlvbuju,J. Breum,29.085,38.012,3,7.0,window_expired,False,0.0
2026-05-17_Nijmegen Eendracht Combinatie - Go Ahead Eagles,2938924077,1,23,34,8iawijq7s9s6d85mjz8wdslki,Nijmegen Eendracht Combinatie,dse071e8zbzm8l37m64g6e1p0,K. Sano,72.66000000000001,55.42,1,0.0,turnover,False,0.0
2026-05-17_Nijmegen Eendracht Combinatie - Go Ahead Eagles,2938924941,1,24,41,b79uipsy57y1jqpy07h4i5ovk,Go Ahead Eagles,d8cxurdt9g5gezqlfwae7ooru,M. Meulensteen,49.245,10.336,0,0.0,turnover,False,0.0
2026-05-17_Nijmegen Eendracht Combinatie - Go Ahead Eagles,2938931547,1,32,21,8iawijq7s9s6d85mjz8wdslki,Nijmegen Eendracht Combinatie,8624hqd4nlbzcoqsetvsvla8k,D. Fonville,57.54,59.364000000000004,0,0.0,turnover,False,0.0
2026-05-17_Nijmegen Eendracht Combinatie - Go Ahead Eagles,2938933259,1,33,43,b79uipsy57y1jqpy07h4i5ovk,Go Ahead Eagles,d4klz2gxqb1diw57z8c9ttixg,G. van Zwam,45.57,4.148,0,0.0,turnover,False,0.0
2026-05-17_Nijmegen Eendracht Combinatie - Go Ahead Eagles,2938936951,1,36,21,b79uipsy57y1jqpy07h4i5ovk,Go Ahead Eagles,2teefpvijsbzag4yi7fm1pyol,A. Sampsted,12.81,46.172000000000004,3,3.0,turnover,False,0.0
2026-05-17_Nijmegen Eendracht Combinatie - Go Ahead Eagles,2938939119,1,37,51,b79uipsy57y1jqpy07h4i5ovk,Go Ahead Eagles,2teefpvijsbzag4yi7fm1pyol,A. Sampsted,26.46,52.02,1,2.0,turnover,False,0.0
2026-05-17_Nijmegen Eendracht Combinatie - Go Ahead Eagles,2938941211,1,39,18,b79uipsy57y1jqpy07h4i5ovk,Go Ahead Eagles,d8cxurdt9g5gezqlfwae7ooru,M. Meulensteen,30.87,25.500000000000004,0,0.0,turnover,False,0.0
2026-05-17_Nijmegen Eendracht Combinatie - Go Ahead Eagles,2938949869,1,45,31,b79uipsy57y1jqpy07h4i5ovk,Go Ahead Eagles,d4klz2gxqb1diw57z8c9ttixg,G. van Zwam,7.455,9.928,1,2.0,turnover,False,0.0
2026-05-17_Nijmegen Eendracht Combinatie - Go Ahead Eagles,2938987239,2,53,8,b79uipsy57y1jqpy07h4i5ovk,Go Ahead Eagles,61a5bh5xw947nv4mxx62gqaqx,J. Kramer,31.71,36.992000000000004,0,0.0,turnover,False,0.0
2026-05-17_Nijmegen Eendracht Combinatie - Go Ahead Eagles,2939003559,2,66,46,8iawijq7s9s6d85mjz8wdslki,Nijmegen Eendracht Combinatie,1gl82ymzh9vpitix6v645awa,D. Nejašmić,62.79,42.636,1,3.0,window_expired,False,0.0
2026-05-17_Nijmegen Eendracht Combinatie - Go Ahead Eagles,2939010277,2,71,46,8iawijq7s9s6d85mjz8wdslki,Nijmegen Eendracht Combinatie,247ipjjd0cak2sggwbuorx4yy,B. Pereira,23.625,14.756,4,8.0,window_expired,False,0.0
2026-05-17_Nijmegen Eendracht Combinatie - Go Ahead Eagles,2939014635,2,74,36,b79uipsy57y1jqpy07h4i5ovk,Go Ahead Eagles,61a5bh5xw947nv4mxx62gqaqx,J. Kramer,30.135,61.608000000000004,0,0.0,turnover,False,0.0
2026-05-17_PEC Zwolle - Feyenoord Rotterdam,2938903259,1,3,11,2uuh2bir8ktof0uxfo06lb4ox,PEC Zwolle,d29ahwtvs7ls75wdtkf7xr8tm,Z. Buurmeester,26.880000000000003,51.408,4,10.0,window_expired,False,0.0
2026-05-17_PEC Zwolle - Feyenoord Rotterdam,2938905261,1,4,51,20vymiy7bo8wkyxai3ew494fz,Feyenoord Rotterdam,9d4ald4f0m2imaastzen4j8mi,O. Targhalline,72.55499999999999,45.628,2,2.0,turnover,True,0.0
2026-05-17_PEC Zwolle - Feyenoord Rotterdam,2938906479,1,5,46,20vymiy7bo8wkyxai3ew494fz,Feyenoord Rotterdam,ecqjg6wtntf1guejvm10redck,G. Read,56.385000000000005,6.732000000000001,1,2.0,turnover,False,0.0
2026-05-17_PEC Zwolle - Feyenoord Rotterdam,2938908833,1,7,37,2uuh2bir8ktof0uxfo06lb4ox,PEC Zwolle,9ugpnnovqttl8lguv7wdyiezu,S. Graves,15.120000000000001,33.932,3,8.0,turnover,False,0.0
2026-05-17_PEC Zwolle - Feyenoord Rotterdam,2938916013,1,13,26,20vymiy7bo8wkyxai3ew494fz,Feyenoord Rotterdam,9d4ald4f0m2imaastzen4j8mi,O. Targhalline,12.915000000000001,40.052,1,3.0,turnover,False,0.0
2026-05-17_PEC Zwolle - Feyenoord Rotterdam,2938919441,1,16,23,2uuh2bir8ktof0uxfo06lb4ox,PEC Zwolle,2072f0p9ful9u577gdvo89yw9,K. Kostons,67.935,29.036000000000005,0,0.0,turnover,False,0.0
2026-05-17_PEC Zwolle - Feyenoord Rotterdam,2938921935,1,19,23,20vymiy7bo8wkyxai3ew494fz,Feyenoord Rotterdam,434aulbxf50clnx57fxsqge8k,T. van den Elshout,57.330000000000005,36.720000000000006,4,9.0,window_expired,False,0.0
2026-05-17_PEC Zwolle - Feyenoord Rotterdam,2938922657,1,20,33,20vymiy7bo8wkyxai3ew494fz,Feyenoord Rotterdam,5bjdj7hrhuxjbsa8wc1kw42c5,G. Trauner,43.68000000000001,23.868000000000002,0,0.0,turnover,False,0.0
2026-05-17_PEC Zwolle - Feyenoord Rotterdam,2938922703,1,20,42,2uuh2bir8ktof0uxfo06lb4ox,PEC Zwolle,6u7z5qrlwzl9aug8awejq37xl,Jamiro Monteiro,70.665,52.7,0,0.0,turnover,False,0.0
2026-05-17_PEC Zwolle - Feyenoord Rotterdam,2938924927,1,24,11,2uuh2bir8ktof0uxfo06lb4ox,PEC Zwolle,7h6w0i7ebl5pew0v1j8ipin10,G. Reiziger,49.56,8.296,0,0.0,turnover,False,0.0
2026-05-17_PEC Zwolle - Feyenoord Rotterdam,2938926345,1,25,59,2uuh2bir8ktof0uxfo06lb4ox,PEC Zwolle,a7vlgirln231n3dqjhb72o0es,O. Aertssen,21.525000000000002,13.804000000000002,0,0.0,turnover,False,0.0
2026-05-17_PEC Zwolle - Feyenoord Rotterdam,2938928823,1,27,51,20vymiy7bo8wkyxai3ew494fz,Feyenoord Rotterdam,9d4ald4f0m2imaastzen4j8mi,O. Targhalline,79.485,36.652,3,4.0,turnover,False,0.0
2026-05-17_PEC Zwolle - Feyenoord Rotterdam,2938928517,1,28,55,2uuh2bir8ktof0uxfo06lb4ox,PEC Zwolle,4mhahoh3a6rir882ug9hdb5nu,T. Velthuis,2.625,36.924,1,1.0,turnover,False,0.0
2026-05-17_PEC Zwolle - Feyenoord Rotterdam,2938937219,1,36,3,20vymiy7bo8wkyxai3ew494fz,Feyenoord Rotterdam,bwxn7o8ved1xo5bmfkfgzekiy,J. Bos,7.035,44.132000000000005,0,0.0,turnover,False,0.0
2026-05-17_PEC Zwolle - Feyenoord Rotterdam,2938944087,1,40,54,2uuh2bir8ktof0uxfo06lb4ox,PEC Zwolle,4mhahoh3a6rir882ug9hdb5nu,T. Velthuis,3.045,60.724000000000004,0,0.0,turnover,False,0.0
2026-05-17_PEC Zwolle - Feyenoord Rotterdam,2938949835,1,45,2,2uuh2bir8ktof0uxfo06lb4ox,PEC Zwolle,4phgw75cred5p93hjq8hiou6t,S. Floranus,22.995,44.744,4,9.0,window_expired,False,0.0
2026-05-17_PEC Zwolle - Feyenoord Rotterdam,2938968173,2,45,15,2uuh2bir8ktof0uxfo06lb4ox,PEC Zwolle,4mhahoh3a6rir882ug9hdb5nu,T. Velthuis,29.085,52.496,5,10.0,window_expired,False,0.0
2026-05-17_PEC Zwolle - Feyenoord Rotterdam,2938979125,2,52,16,20vymiy7bo8wkyxai3ew494fz,Feyenoord Rotterdam,29fr98or3mqippn84z3p9ihhw,L. Valente,77.175,14.076,0,0.0,turnover,False,0.0
2026-05-17_PEC Zwolle - Feyenoord Rotterdam,2938979241,2,52,19,2uuh2bir8ktof0uxfo06lb4ox,PEC Zwolle,d29ahwtvs7ls75wdtkf7xr8tm,Z. Buurmeester,20.37,62.220000000000006,0,0.0,turnover,False,0.0
2026-05-17_PEC Zwolle - Feyenoord Rotterdam,2938985131,2,55,57,2uuh2bir8ktof0uxfo06lb4ox,PEC Zwolle,d29ahwtvs7ls75wdtkf7xr8tm,Z. Buurmeester,60.480000000000004,48.96,3,6.0,turnover,False,0.0
2026-05-17_PEC Zwolle - Feyenoord Rotterdam,2938985317,2,56,7,20vymiy7bo8wkyxai3ew494fz,Feyenoord Rotterdam,5bjdj7hrhuxjbsa8wc1kw42c5,G. Trauner,17.85,23.323999999999998,1,1.0,turnover,False,0.0
2026-05-17_PEC Zwolle - Feyenoord Rotterdam,2938991295,2,60,13,2uuh2bir8ktof0uxfo06lb4ox,PEC Zwolle,7h6w0i7ebl5pew0v1j8ipin10,G. Reiziger,14.595,7.004000000000001,0,0.0,turnover,False,0.0
2026-05-17_PEC Zwolle - Feyenoord Rotterdam,2938994583,2,62,32,20vymiy7bo8wkyxai3ew494fz,Feyenoord Rotterdam,dtcvzfse83ztj96kiizwp6jqi,G. Smal,27.090000000000003,48.824,3,9.0,window_expired,False,0.0
2026-05-17_PEC Zwolle - Feyenoord Rotterdam,2938996457,2,64,3,2uuh2bir8ktof0uxfo06lb4ox,PEC Zwolle,a7vlgirln231n3dqjhb72o0es,O. Aertssen,25.200000000000003,11.968000000000002,3,5.0,window_expired,False,0.0
2026-05-17_PEC Zwolle - Feyenoord Rotterdam,2939021671,2,65,34,2uuh2bir8ktof0uxfo06lb4ox,PEC Zwolle,684nd3xjli51z43pbla0mwa21,T. Oosting,49.14,38.556000000000004,0,0.0,turnover,False,0.0
2026-05-17_PEC Zwolle - Feyenoord Rotterdam,2939035423,2,67,54,2uuh2bir8ktof0uxfo06lb4ox,PEC Zwolle,4phgw75cred5p93hjq8hiou6t,S. Floranus,20.37,59.160000000000004,3,5.0,turnover,False,0.0
2026-05-17_PEC Zwolle - Feyenoord Rotterdam,2939006011,2,73,3,2uuh2bir8ktof0uxfo06lb4ox,PEC Zwolle,4phgw75cred5p93hjq8hiou6t,S. Floranus,32.34,54.604,2,4.0,turnover,False,0.0
2026-05-17_PEC Zwolle - Feyenoord Rotterdam,2939010241,2,75,58,20vymiy7bo8wkyxai3ew494fz,Feyenoord Rotterdam,29fr98or3mqippn84z3p9ihhw,L. Valente,43.575,43.928,1,2.0,turnover,False,0.0
2026-05-17_PEC Zwolle - Feyenoord Rotterdam,2939022877,2,84,17,2uuh2bir8ktof0uxfo06lb4ox,PEC Zwolle,684nd3xjli51z43pbla0mwa21,T. Oosting,68.985,54.196000000000005,0,0.0,turnover,False,0.0
2026-05-17_PEC Zwolle - Feyenoord Rotterdam,2939024619,2,85,17,2uuh2bir8ktof0uxfo06lb4ox,PEC Zwolle,4mhahoh3a6rir882ug9hdb5nu,T. Velthuis,23.415000000000003,40.188,2,5.0,window_expired,False,0.0
2026-05-17_PSV Eindhoven - FC Twente,2938904993,1,3,50,4tic29sox7m39fy1ztgv0jsiq,FC Twente,5m8pflpgynidzk7d9507oujje,D. Rots,40.53,39.372,0,0.0,turnover,False,0.0
2026-05-17_PSV Eindhoven - FC Twente,2938922107,1,19,4,4tic29sox7m39fy1ztgv0jsiq,FC Twente,bvwaamcj0bpdrcuoffl6b9rf8,D. Weidmann,32.13,49.980000000000004,1,2.0,turnover,False,0.0
2026-05-17_PSV Eindhoven - FC Twente,2938924467,1,22,58,24fvcruwqrqvqa3aonf8c3zuy,PSV Eindhoven,cmdeqxibr6holfqg17ap9uihg,Yarek Gąsiorowski,37.38,5.712000000000001,0,0.0,turnover,False,0.0
2026-05-17_PSV Eindhoven - FC Twente,2938925057,1,23,40,24fvcruwqrqvqa3aonf8c3zuy,PSV Eindhoven,cgsmk5437f466uoqvol7devze,R. Flamingo,60.69,8.772,1,1.0,turnover,False,0.0
2026-05-17_PSV Eindhoven - FC Twente,2938925245,1,23,57,4tic29sox7m39fy1ztgv0jsiq,FC Twente,3xlkchrk28u0cb620cajre1hw,R. Nijstad,29.715000000000003,57.324000000000005,1,1.0,turnover,False,0.0
2026-05-17_PSV Eindhoven - FC Twente,2938925349,1,24,3,24fvcruwqrqvqa3aonf8c3zuy,PSV Eindhoven,cgsmk5437f466uoqvol7devze,R. Flamingo,41.79,17.0,0,0.0,turnover,False,0.0
2026-05-17_PSV Eindhoven - FC Twente,2938926221,1,25,12,4tic29sox7m39fy1ztgv0jsiq,FC Twente,5r47vtvu418kae5j2rpv6w2dw,M. Rots,13.125,49.844,2,3.0,turnover,False,0.0
2026-05-17_PSV Eindhoven - FC Twente,2938929469,1,29,18,24fvcruwqrqvqa3aonf8c3zuy,PSV Eindhoven,cmdeqxibr6holfqg17ap9uihg,Yarek Gąsiorowski,39.58500000000001,41.956,5,10.0,window_expired,False,0.0
2026-05-17_PSV Eindhoven - FC Twente,2938937671,1,35,42,4tic29sox7m39fy1ztgv0jsiq,FC Twente,dc119ejc7lls2rd3ywigl2smi,R. Zerrouki,85.67999999999999,53.65200000000001,1,1.0,turnover,False,0.0
2026-05-17_PSV Eindhoven - FC Twente,2938939533,1,36,58,24fvcruwqrqvqa3aonf8c3zuy,PSV Eindhoven,d36na8jr6xcc8eronhy8mcz1m,K. Sildillia,41.580000000000005,7.208,0,0.0,turnover,False,0.0
2026-05-17_PSV Eindhoven - FC Twente,2938940347,1,37,30,4tic29sox7m39fy1ztgv0jsiq,FC Twente,dc119ejc7lls2rd3ywigl2smi,R. Zerrouki,39.06,20.672,0,0.0,turnover,False,0.0
2026-05-17_PSV Eindhoven - FC Twente,2938946673,1,42,13,4tic29sox7m39fy1ztgv0jsiq,FC Twente,5r47vtvu418kae5j2rpv6w2dw,M. Rots,61.425000000000004,7.752000000000001,0,0.0,turnover,False,0.0
2026-05-17_PSV Eindhoven - FC Twente,2939561729,2,46,21,24fvcruwqrqvqa3aonf8c3zuy,PSV Eindhoven,cgsmk5437f466uoqvol7devze,R. Flamingo,41.895,45.016000000000005,0,0.0,turnover,False,0.0
2026-05-17_PSV Eindhoven - FC Twente,2938979151,2,49,55,4tic29sox7m39fy1ztgv0jsiq,FC Twente,3xlkchrk28u0cb620cajre1hw,R. Nijstad,7.3500000000000005,46.444,0,0.0,turnover,False,0.0
2026-05-17_PSV Eindhoven - FC Twente,2938994367,2,60,0,4tic29sox7m39fy1ztgv0jsiq,FC Twente,5r47vtvu418kae5j2rpv6w2dw,M. Rots,24.885,56.71200000000001,1,0.0,turnover,False,0.0
2026-05-17_PSV Eindhoven - FC Twente,2938996567,2,61,46,24fvcruwqrqvqa3aonf8c3zuy,PSV Eindhoven,oi8kw43rorvqooiencbnhxck,N. Fernandez,19.32,58.07200000000001,2,1.0,turnover,False,0.0
2026-05-17_PSV Eindhoven - FC Twente,2938996855,2,61,59,24fvcruwqrqvqa3aonf8c3zuy,PSV Eindhoven,cmdeqxibr6holfqg17ap9uihg,Yarek Gąsiorowski,25.41,60.79200000000001,1,1.0,turnover,False,0.0
2026-05-17_PSV Eindhoven - FC Twente,2939009403,2,72,59,4tic29sox7m39fy1ztgv0jsiq,FC Twente,9nix5y8xcj34ps62r34udtqwa,K. Hlynsson,35.28,9.588000000000001,0,0.0,turnover,False,0.0
2026-05-17_PSV Eindhoven - FC Twente,2939013739,2,75,53,24fvcruwqrqvqa3aonf8c3zuy,PSV Eindhoven,cmdeqxibr6holfqg17ap9uihg,Yarek Gąsiorowski,61.11000000000001,36.38,1,1.0,turnover,False,0.0
2026-05-17_PSV Eindhoven - FC Twente,2939014029,2,76,3,24fvcruwqrqvqa3aonf8c3zuy,PSV Eindhoven,cgsmk5437f466uoqvol7devze,R. Flamingo,31.395,11.832,1,0.0,turnover,False,0.0
2026-05-17_PSV Eindhoven - FC Twente,2939016221,2,77,30,4tic29sox7m39fy1ztgv0jsiq,FC Twente,qobf1v5kwuz6hj2ooixfw4mi,B. van Rooij,35.7,15.164000000000001,1,0.0,turnover,False,0.0
2026-05-17_PSV Eindhoven - FC Twente,2939023021,2,82,1,4tic29sox7m39fy1ztgv0jsiq,FC Twente,qobf1v5kwuz6hj2ooixfw4mi,B. van Rooij,6.195,17.816000000000003,1,1.0,turnover,False,0.0
2026-05-17_PSV Eindhoven - FC Twente,2939034473,2,90,13,4tic29sox7m39fy1ztgv0jsiq,FC Twente,723av2redj2ej6livx0g81wwl,A. Verschueren,59.955000000000005,27.336000000000006,1,2.0,turnover,False,0.0
2026-05-17_PSV Eindhoven - FC Twente,2939034597,2,90,19,4tic29sox7m39fy1ztgv0jsiq,FC Twente,cocgd3hh74fq9c30x9bps4idw,S. Lemkin,25.830000000000002,27.948000000000004,4,4.0,turnover,False,0.0
2026-05-17_SC Heerenveen - AFC Ajax,2938903151,1,2,21,d0zdg647gvgc95xdtk1vpbkys,AFC Ajax,4n18t6bixl6ba3bx76hym51qs,A. Gaaei,76.54500000000002,3.5360000000000005,5,10.0,window_expired,False,0.0
2026-05-17_SC Heerenveen - AFC Ajax,2938904675,1,3,38,d0zdg647gvgc95xdtk1vpbkys,AFC Ajax,baakmd4ndnulbl9npvmq90mvp,D. Klaassen,18.165000000000003,39.304,5,9.0,window_expired,False,0.0
2026-05-17_SC Heerenveen - AFC Ajax,2938911305,1,8,54,d0zdg647gvgc95xdtk1vpbkys,AFC Ajax,57btqxe5sy3ygzxpp55p4umdx,W. Weghorst,13.755,50.660000000000004,1,1.0,turnover,False,0.0
2026-05-17_SC Heerenveen - AFC Ajax,2938915863,1,12,37,d0zdg647gvgc95xdtk1vpbkys,AFC Ajax,9tp35qqu1heburu0g5wa6jv56,Lucas Rosa,23.835,64.87200000000001,0,0.0,turnover,False,0.0
2026-05-17_SC Heerenveen - AFC Ajax,2938952253,1,44,59,d0zdg647gvgc95xdtk1vpbkys,AFC Ajax,70tsvrcmklvp4ecdhxlugf8ix,K. Itakura,42.42,26.860000000000003,0,0.0,turnover,False,0.0
2026-05-17_SC Heerenveen - AFC Ajax,2938974763,2,49,8,4vd2t5schmvvufrfib7f2vjdf,SC Heerenveen,ar7llmzju08n8yrqu8xm1thck,O. Braude,33.075,12.376000000000001,0,0.0,turnover,False,0.0
2026-05-17_SC Heerenveen - AFC Ajax,2939014023,2,54,34,d0zdg647gvgc95xdtk1vpbkys,AFC Ajax,47l204bkq2qqjhtazusr0019m,Y. Baas,13.020000000000001,46.03600000000001,4,9.0,window_expired,False,0.0
2026-05-17_SC Heerenveen - AFC Ajax,2938985759,2,55,54,4vd2t5schmvvufrfib7f2vjdf,SC Heerenveen,e5hzt8nmhu2ktn69dsv67ga38,M. Linday,68.25,23.936000000000003,2,2.0,turnover,False,0.0
2026-05-17_SC Heerenveen - AFC Ajax,2938991641,2,60,0,4vd2t5schmvvufrfib7f2vjdf,SC Heerenveen,ar7llmzju08n8yrqu8xm1thck,O. Braude,65.52,14.756,0,0.0,turnover,False,0.0
2026-05-17_SC Heerenveen - AFC Ajax,2938997057,2,64,2,4vd2t5schmvvufrfib7f2vjdf,SC Heerenveen,8y6kxc66t4hurxuz4m4cm388a,L. Oyen,25.305000000000003,53.38,2,4.0,turnover,False,0.0
2026-05-17_SC Heerenveen - AFC Ajax,2939005475,2,72,11,d0zdg647gvgc95xdtk1vpbkys,AFC Ajax,9tp35qqu1heburu0g5wa6jv56,Lucas Rosa,64.575,61.540000000000006,0,0.0,turnover,False,0.0
2026-05-17_SC Heerenveen - AFC Ajax,2939022237,2,83,21,4vd2t5schmvvufrfib7f2vjdf,SC Heerenveen,cyn9r9vb8vea1gkyqzwruck4,E. Gürbüz,9.450000000000001,60.79200000000001,2,3.0,turnover,False,0.0
2026-05-17_SC Heerenveen - AFC Ajax,2939036145,2,93,43,4vd2t5schmvvufrfib7f2vjdf,SC Heerenveen,e5hzt8nmhu2ktn69dsv67ga38,M. Linday,30.03,7.752000000000001,2,5.0,turnover,False,0.0
2026-05-17_Sparta Rotterdam - SBV Excelsior,2938898883,1,0,13,dqk062lu0vm8epvytbm6r4mmf,SBV Excelsior,c6i4usq34m3389rtbqptahrai,R. Meissen,28.980000000000004,13.056000000000001,1,1.0,turnover,False,0.0
2026-05-17_Sparta Rotterdam - SBV Excelsior,2938909153,1,8,32,dqk062lu0vm8epvytbm6r4mmf,SBV Excelsior,3hu6e9wa0nt4ekubxye6l4pas,I. Yegoian,76.86,52.156000000000006,3,2.0,turnover,True,0.0
2026-05-17_Sparta Rotterdam - SBV Excelsior,2938911067,1,10,2,89w5c6pw7vn0dxypi61tt0g4k,Sparta Rotterdam,9lctm8txbd4n87mk61lwa0rf9,S. Bakari,17.64,23.528000000000002,0,0.0,turnover,False,0.0
2026-05-17_Sparta Rotterdam - SBV Excelsior,2938924453,1,24,13,89w5c6pw7vn0dxypi61tt0g4k,Sparta Rotterdam,8n9t52eeli3s39r8ujjhjt7je,J. Kitolano,55.44,58.07200000000001,0,0.0,turnover,False,0.0
2026-05-17_Sparta Rotterdam - SBV Excelsior,2938928309,1,29,21,89w5c6pw7vn0dxypi61tt0g4k,Sparta Rotterdam,ass524umdrpsq324wksaqef4k,M. Young,38.43,27.540000000000003,3,4.0,turnover,False,0.0
2026-05-17_Sparta Rotterdam - SBV Excelsior,2938931699,1,32,38,89w5c6pw7vn0dxypi61tt0g4k,Sparta Rotterdam,ass524umdrpsq324wksaqef4k,M. Young,35.7,29.784,0,0.0,turnover,False,0.0
2026-05-17_Sparta Rotterdam - SBV Excelsior,2939563723,1,44,20,89w5c6pw7vn0dxypi61tt0g4k,Sparta Rotterdam,dbg4ducw8j747foxiexle1iad,P. Clement,64.89,51.748,0,0.0,turnover,False,0.0
2026-05-17_Sparta Rotterdam - SBV Excelsior,2938966331,2,45,11,89w5c6pw7vn0dxypi61tt0g4k,Sparta Rotterdam,ass524umdrpsq324wksaqef4k,M. Young,29.715000000000003,42.29600000000001,3,5.0,window_expired,False,0.0
2026-05-17_Sparta Rotterdam - SBV Excelsior,2938970533,2,48,16,89w5c6pw7vn0dxypi61tt0g4k,Sparta Rotterdam,8n9t52eeli3s39r8ujjhjt7je,J. Kitolano,57.75,24.208000000000002,2,10.0,window_expired,True,0.0
2026-05-17_Sparta Rotterdam - SBV Excelsior,2938972021,2,49,8,89w5c6pw7vn0dxypi61tt0g4k,Sparta Rotterdam,6ab5gq2owk86qs5zjottfhwmi,T. Quintero,32.76,58.07200000000001,2,5.0,turnover,False,0.0
2026-05-17_Sparta Rotterdam - SBV Excelsior,2938972633,2,49,31,89w5c6pw7vn0dxypi61tt0g4k,Sparta Rotterdam,6ab5gq2owk86qs5zjottfhwmi,T. Quintero,16.59,32.572,0,0.0,turnover,False,0.0
2026-05-17_Sparta Rotterdam - SBV Excelsior,2938973129,2,49,52,89w5c6pw7vn0dxypi61tt0g4k,Sparta Rotterdam,6ab5gq2owk86qs5zjottfhwmi,T. Quintero,6.09,32.980000000000004,0,0.0,turnover,False,0.0
2026-05-17_Sparta Rotterdam - SBV Excelsior,2938988359,2,58,22,89w5c6pw7vn0dxypi61tt0g4k,Sparta Rotterdam,536qjh4gcmpo5q68ti87e60kq,S. Mito,59.43000000000001,60.99600000000001,0,0.0,turnover,False,0.0
2026-05-17_Sparta Rotterdam - SBV Excelsior,2938989519,2,60,23,89w5c6pw7vn0dxypi61tt0g4k,Sparta Rotterdam,6ab5gq2owk86qs5zjottfhwmi,T. Quintero,24.465000000000003,24.14,0,0.0,turnover,False,0.0
2026-05-17_Sparta Rotterdam - SBV Excelsior,2938989749,2,60,32,89w5c6pw7vn0dxypi61tt0g4k,Sparta Rotterdam,cvoxwqoj3ak99w6wsp1yfbl04,G. Vianello,9.135,48.008,0,0.0,turnover,False,0.0
2026-05-17_Sparta Rotterdam - SBV Excelsior,2938999121,2,67,50,89w5c6pw7vn0dxypi61tt0g4k,Sparta Rotterdam,ass524umdrpsq324wksaqef4k,M. Young,29.505000000000003,21.012,0,0.0,turnover,False,0.0
2026-05-17_Sparta Rotterdam - SBV Excelsior,2939008533,2,76,3,dqk062lu0vm8epvytbm6r4mmf,SBV Excelsior,aeqj9ogm0dntus0wl352w9z6y,C. Widell,46.2,23.596000000000004,3,9.0,window_expired,False,0.0
2026-05-17_Sparta Rotterdam - SBV Excelsior,2939008805,2,76,15,89w5c6pw7vn0dxypi61tt0g4k,Sparta Rotterdam,ass524umdrpsq324wksaqef4k,M. Young,18.165000000000003,23.46,3,6.0,turnover,False,0.0
2026-05-17_Sparta Rotterdam - SBV Excelsior,2939025753,2,87,21,89w5c6pw7vn0dxypi61tt0g4k,Sparta Rotterdam,6w59kdfilru1152bjutstu2fp,J. de Guzmán,59.43000000000001,25.636000000000003,4,7.0,window_expired,False,0.0
2026-05-21_AFC Ajax - FC Groningen,2940308271,1,0,41,cos9hxi16eitbcbthof7zrm4m,FC Groningen,e6x3hs6v8cq74ojgluyny72fo,T. Land,66.99,16.116,0,0.0,turnover,False,0.0
2026-05-21_AFC Ajax - FC Groningen,2940308445,1,1,30,d0zdg647gvgc95xdtk1vpbkys,AFC Ajax,9tp35qqu1heburu0g5wa6jv56,Lucas Rosa,64.68,66.23200000000001,1,1.0,turnover,False,0.0
2026-05-21_AFC Ajax - FC Groningen,2940308975,1,4,33,d0zdg647gvgc95xdtk1vpbkys,AFC Ajax,cx6fxszjvjam6zb3c3p0dd1jo,M. Godts,70.56,59.84,2,1.0,turnover,False,0.0
2026-05-21_AFC Ajax - FC Groningen,2940308985,1,4,35,cos9hxi16eitbcbthof7zrm4m,FC Groningen,f4liap69r76gyc8pnxsergbqi,T. de Jonge,27.51,16.252,0,0.0,turnover,False,0.0
2026-05-21_AFC Ajax - FC Groningen,2940309389,1,9,5,cos9hxi16eitbcbthof7zrm4m,FC Groningen,1c4fzmrwmlwaqmqomge14rqc4,D. Janse,77.07000000000001,52.496,3,2.0,turnover,False,0.0
2026-05-21_AFC Ajax - FC Groningen,2940310673,1,19,30,d0zdg647gvgc95xdtk1vpbkys,AFC Ajax,4n18t6bixl6ba3bx76hym51qs,A. Gaaei,42.21000000000001,5.644000000000001,0,0.0,turnover,False,0.0
2026-05-21_AFC Ajax - FC Groningen,2940310915,1,20,26,cos9hxi16eitbcbthof7zrm4m,FC Groningen,e6x3hs6v8cq74ojgluyny72fo,T. Land,59.010000000000005,52.496,2,5.0,turnover,False,0.0
2026-05-21_AFC Ajax - FC Groningen,2940311233,1,21,43,d0zdg647gvgc95xdtk1vpbkys,AFC Ajax,2wesmq2wuhnuwh2yhgkuaxqfo,A. Bouwman,23.31,14.076,0,0.0,turnover,False,0.0
2026-05-21_AFC Ajax - FC Groningen,2940312535,1,25,2,d0zdg647gvgc95xdtk1vpbkys,AFC Ajax,cx6fxszjvjam6zb3c3p0dd1jo,M. Godts,51.03,41.956,0,0.0,turnover,False,0.0
2026-05-21_AFC Ajax - FC Groningen,2940312227,1,25,50,cos9hxi16eitbcbthof7zrm4m,FC Groningen,9wwud2tglhtdocmjgl2u5ib6c,T. Blokzijl,63.21000000000001,7.412000000000001,1,1.0,turnover,False,0.0
2026-05-21_AFC Ajax - FC Groningen,2940315457,1,40,18,cos9hxi16eitbcbthof7zrm4m,FC Groningen,bm3k1knugkwa8z319dscr2yhg,T. Hernes,28.77,11.22,3,5.0,turnover,False,0.0
2026-05-21_AFC Ajax - FC Groningen,2940316825,1,47,6,d0zdg647gvgc95xdtk1vpbkys,AFC Ajax,9tp35qqu1heburu0g5wa6jv56,Lucas Rosa,67.935,60.99600000000001,4,10.0,window_expired,False,0.0
2026-05-21_AFC Ajax - FC Groningen,2940320561,2,45,44,d0zdg647gvgc95xdtk1vpbkys,AFC Ajax,9tp35qqu1heburu0g5wa6jv56,Lucas Rosa,26.040000000000003,59.43200000000001,4,9.0,window_expired,False,0.0
2026-05-21_AFC Ajax - FC Groningen,2940320827,2,47,21,cos9hxi16eitbcbthof7zrm4m,FC Groningen,98qi4clazqen9kimkxt3jb6j9,M. Peersman,22.785,62.424,2,7.0,turnover,False,0.0
2026-05-21_AFC Ajax - FC Groningen,2940321025,2,48,23,cos9hxi16eitbcbthof7zrm4m,FC Groningen,e6x3hs6v8cq74ojgluyny72fo,T. Land,91.665,4.556,0,0.0,turnover,False,0.0
2026-05-21_AFC Ajax - FC Groningen,2940321611,2,53,46,cos9hxi16eitbcbthof7zrm4m,FC Groningen,bm3k1knugkwa8z319dscr2yhg,T. Hernes,81.58500000000001,18.360000000000003,4,3.0,turnover,True,0.0
2026-05-21_AFC Ajax - FC Groningen,2940321645,2,53,59,d0zdg647gvgc95xdtk1vpbkys,AFC Ajax,brfa9yhy2llgt9l75unddogk,J. Mokio,36.645,14.892,4,10.0,window_expired,False,0.0
2026-05-21_AFC Ajax - FC Groningen,2940329845,2,72,33,cos9hxi16eitbcbthof7zrm4m,FC Groningen,bjr31p4bny8vtlm8dc237boyc,R. Metu,75.81,11.832,0,0.0,turnover,False,0.0
2026-05-21_AFC Ajax - FC Groningen,2940334883,2,82,30,cos9hxi16eitbcbthof7zrm4m,FC Groningen,7xovmwq2h4rcr9nuou4gi3g2c,W. Prins,41.37,60.11200000000001,3,4.0,turnover,False,0.0
2026-05-21_AFC Ajax - FC Groningen,2940335945,2,84,53,cos9hxi16eitbcbthof7zrm4m,FC Groningen,4dk7h575fifmw2lhslevhmhux,M. Rente,8.925,32.572,1,1.0,turnover,False,0.0
2026-05-21_FC Utrecht - SC Heerenveen,2940353263,1,6,7,ccpscwdcm65czscrun048ecn5,FC Utrecht,8lt54ei6pcu25u8uerigmx5yi,A. Engwanda,30.240000000000002,30.804000000000002,0,0.0,turnover,False,0.0
2026-05-21_FC Utrecht - SC Heerenveen,2940356919,1,13,5,4vd2t5schmvvufrfib7f2vjdf,SC Heerenveen,8jm8a7w3a5b5nzikcom7cvf2s,M. Willemsen,37.800000000000004,41.412,1,1.0,turnover,False,0.0
2026-05-21_FC Utrecht - SC Heerenveen,2940358251,1,15,48,4vd2t5schmvvufrfib7f2vjdf,SC Heerenveen,idvh0ac1f8wv39640pyl4esp,S. Kersten,55.02,21.828000000000003,5,9.0,window_expired,False,0.0
2026-05-21_FC Utrecht - SC Heerenveen,2940358425,1,16,9,ccpscwdcm65czscrun048ecn5,FC Utrecht,ubuh5wgnl0o5bn3wirdmectm,M. Eerdhuijzen,28.455000000000002,56.304,0,0.0,turnover,False,0.0
2026-05-21_FC Utrecht - SC Heerenveen,2940360685,1,20,41,4vd2t5schmvvufrfib7f2vjdf,SC Heerenveen,b5sf6wcogrvlwuwbd8xsyyfh1,J. van Overeem,67.095,10.268,0,0.0,turnover,False,0.0
2026-05-21_FC Utrecht - SC Heerenveen,2940365359,1,32,26,4vd2t5schmvvufrfib7f2vjdf,SC Heerenveen,ar7llmzju08n8yrqu8xm1thck,O. Braude,21.419999999999998,12.308000000000002,2,2.0,turnover,False,0.0
2026-05-21_FC Utrecht - SC Heerenveen,2940366305,1,34,20,ccpscwdcm65czscrun048ecn5,FC Utrecht,ubuh5wgnl0o5bn3wirdmectm,M. Eerdhuijzen,36.855000000000004,48.144,0,0.0,turnover,False,0.0
2026-05-21_FC Utrecht - SC Heerenveen,2940372669,1,46,38,4vd2t5schmvvufrfib7f2vjdf,SC Heerenveen,idvh0ac1f8wv39640pyl4esp,S. Kersten,5.460000000000001,40.868,0,0.0,turnover,False,0.0
2026-05-21_FC Utrecht - SC Heerenveen,2940380133,2,48,21,ccpscwdcm65czscrun048ecn5,FC Utrecht,4ej8uchqe3rt1s5h6phjo3310,G. Zechiël,13.86,37.196000000000005,5,8.0,turnover,False,0.0
2026-05-21_FC Utrecht - SC Heerenveen,2940381359,2,52,40,ccpscwdcm65czscrun048ecn5,FC Utrecht,ubuh5wgnl0o5bn3wirdmectm,M. Eerdhuijzen,73.185,59.160000000000004,1,2.0,turnover,False,0.0
2026-05-21_FC Utrecht - SC Heerenveen,2940383721,2,63,32,ccpscwdcm65czscrun048ecn5,FC Utrecht,aafz6q5ggn9e6m5hprc71lgph,M. van der Hoorn,19.425,31.076000000000004,0,0.0,turnover,False,0.0
2026-05-21_FC Utrecht - SC Heerenveen,2940384585,2,67,40,4vd2t5schmvvufrfib7f2vjdf,SC Heerenveen,ar7llmzju08n8yrqu8xm1thck,O. Braude,43.68000000000001,7.208,0,0.0,turnover,False,0.0
2026-05-21_FC Utrecht - SC Heerenveen,2940384853,2,69,50,4vd2t5schmvvufrfib7f2vjdf,SC Heerenveen,8jm8a7w3a5b5nzikcom7cvf2s,M. Willemsen,26.565,45.15200000000001,0,0.0,turnover,False,0.0
2026-05-21_FC Utrecht - SC Heerenveen,2940385571,2,73,54,ccpscwdcm65czscrun048ecn5,FC Utrecht,8ymqihdfqc7esda7y407lebx1,D. de Wit,61.53,15.912,0,0.0,turnover,False,0.0
2026-05-21_FC Utrecht - SC Heerenveen,2940385613,2,74,10,ccpscwdcm65czscrun048ecn5,FC Utrecht,aafz6q5ggn9e6m5hprc71lgph,M. van der Hoorn,16.59,43.928,3,6.0,turnover,False,0.0
2026-05-21_FC Utrecht - SC Heerenveen,2940387313,2,84,53,ccpscwdcm65czscrun048ecn5,FC Utrecht,3r6elcuru7no13hrfczmwbmy1,S. Horemans,22.89,34.68,1,1.0,turnover,False,0.0
2026-05-21_FC Utrecht - SC Heerenveen,2940387677,2,86,41,ccpscwdcm65czscrun048ecn5,FC Utrecht,4ej8uchqe3rt1s5h6phjo3310,G. Zechiël,23.835,38.964,0,0.0,turnover,False,0.0
2026-05-24_AFC Ajax - FC Utrecht,2941217897,1,2,12,ccpscwdcm65czscrun048ecn5,FC Utrecht,4ej8uchqe3rt1s5h6phjo3310,G. Zechiël,81.58500000000001,64.94,0,0.0,turnover,False,0.0
2026-05-24_AFC Ajax - FC Utrecht,2941548241,1,8,42,d0zdg647gvgc95xdtk1vpbkys,AFC Ajax,bpprd2haoafk6y0rjans4iytx,K. Dolberg,91.455,17.748,1,1.0,turnover,False,0.0
2026-05-24_AFC Ajax - FC Utrecht,2941220051,1,18,45,ccpscwdcm65czscrun048ecn5,FC Utrecht,33yauarx84sam5u05vgyqxfxl,J. Karlsson,26.880000000000003,50.456,5,8.0,turnover,False,0.0
2026-05-24_AFC Ajax - FC Utrecht,2941219951,1,18,58,d0zdg647gvgc95xdtk1vpbkys,AFC Ajax,brfa9yhy2llgt9l75unddogk,J. Mokio,29.925,4.6240000000000006,4,7.0,window_expired,False,0.0
2026-05-24_AFC Ajax - FC Utrecht,2941220229,1,20,59,d0zdg647gvgc95xdtk1vpbkys,AFC Ajax,47l204bkq2qqjhtazusr0019m,Y. Baas,53.025000000000006,33.32,0,0.0,turnover,False,0.0
2026-05-24_AFC Ajax - FC Utrecht,2941222067,1,32,57,d0zdg647gvgc95xdtk1vpbkys,AFC Ajax,brfa9yhy2llgt9l75unddogk,J. Mokio,65.52,59.43200000000001,3,9.0,window_expired,False,0.0
2026-05-24_AFC Ajax - FC Utrecht,2941227757,2,46,29,ccpscwdcm65czscrun048ecn5,FC Utrecht,3r6elcuru7no13hrfczmwbmy1,S. Horemans,13.65,6.0520000000000005,1,0.0,turnover,False,0.0
2026-05-24_AFC Ajax - FC Utrecht,2941231711,2,62,25,d0zdg647gvgc95xdtk1vpbkys,AFC Ajax,47l204bkq2qqjhtazusr0019m,Y. Baas,18.06,55.35200000000001,0,0.0,turnover,False,0.0
2026-05-24_AFC Ajax - FC Utrecht,2941231995,2,63,30,ccpscwdcm65czscrun048ecn5,FC Utrecht,aafz6q5ggn9e6m5hprc71lgph,M. van der Hoorn,56.7,16.184,0,0.0,turnover,False,0.0
2026-05-24_AFC Ajax - FC Utrecht,2941234687,2,73,21,ccpscwdcm65czscrun048ecn5,FC Utrecht,enimk3ibb10vk3f8vrmmhq7oq,S. El Karouani,61.635000000000005,50.93200000000001,1,1.0,turnover,False,0.0
2026-05-24_AFC Ajax - FC Utrecht,2941236755,2,81,58,ccpscwdcm65czscrun048ecn5,FC Utrecht,8ymqihdfqc7esda7y407lebx1,D. de Wit,33.6,8.772,4,5.0,turnover,False,0.0
2026-05-24_AFC Ajax - FC Utrecht,2941238729,2,86,9,d0zdg647gvgc95xdtk1vpbkys,AFC Ajax,baakmd4ndnulbl9npvmq90mvp,D. Klaassen,22.785,44.676,2,3.0,turnover,False,0.0
2026-05-24_AFC Ajax - FC Utrecht,2941239743,2,88,1,d0zdg647gvgc95xdtk1vpbkys,AFC Ajax,9tp35qqu1heburu0g5wa6jv56,Lucas Rosa,46.2,62.83200000000001,1,1.0,turnover,False,0.0
2026-05-24_AFC Ajax - FC Utrecht,2941249677,3,91,25,ccpscwdcm65czscrun048ecn5,FC Utrecht,enimk3ibb10vk3f8vrmmhq7oq,S. El Karouani,26.040000000000003,57.120000000000005,5,8.0,window_expired,False,0.0
2026-05-24_AFC Ajax - FC Utrecht,2941251389,3,94,4,ccpscwdcm65czscrun048ecn5,FC Utrecht,2t2mq9pun2hrdvadnpixxvlzo,A. Blake,16.38,59.772000000000006,1,1.0,turnover,False,0.0
2026-05-24_AFC Ajax - FC Utrecht,2941255965,3,102,45,d0zdg647gvgc95xdtk1vpbkys,AFC Ajax,4n18t6bixl6ba3bx76hym51qs,A. Gaaei,34.964999999999996,9.384,2,1.0,turnover,False,0.0
2026-05-24_AFC Ajax - FC Utrecht,2941727069,3,102,47,ccpscwdcm65czscrun048ecn5,FC Utrecht,1s1c0w7we8oouklrwshie0iz8,R. El Arguioui,45.99,45.56,3,9.0,window_expired,False,0.0
2026-05-24_AFC Ajax - FC Utrecht,2941256777,3,104,12,d0zdg647gvgc95xdtk1vpbkys,AFC Ajax,70tsvrcmklvp4ecdhxlugf8ix,K. Itakura,30.135,31.756000000000004,0,0.0,turnover,False,0.0
2026-05-24_AFC Ajax - FC Utrecht,2941267013,4,115,45,ccpscwdcm65czscrun048ecn5,FC Utrecht,enimk3ibb10vk3f8vrmmhq7oq,S. El Karouani,40.425000000000004,24.548000000000002,4,8.0,turnover,True,0.0
2026-05-24_AFC Ajax - FC Utrecht,2941267761,4,117,13,d0zdg647gvgc95xdtk1vpbkys,AFC Ajax,2922aevmtpw4qvcwohmxmqtbd,T. Tomiyasu,33.18,37.06,0,0.0,turnover,False,0.0
