player_id,player_name,team_name,passes_attempted,passes_completed,forward_passes,backward_passes,lateral_passes,passes_def_third,passes_completed_def_third,passes_mid_third,passes_completed_mid_third,passes_att_third,passes_completed_att_third,short_passes,short_passes_completed,medium_passes,medium_passes_completed,long_passes_len,long_passes_len_completed,long_balls_attempted,long_balls_completed,through_balls_attempted,through_balls_completed,passes_left_foot,passes_left_foot_completed,passes_right_foot,passes_right_foot_completed,passes_head,passes_head_completed,pass_completion_pct,long_ball_completion_pct,through_ball_completion_pct,passes_def_third_completion_pct,passes_mid_third_completion_pct,passes_att_third_completion_pct,short_pass_completion_pct,medium_pass_completion_pct,long_pass_len_completion_pct,left_foot_pass_completion_pct,right_foot_pass_completion_pct,head_pass_completion_pct,passes_attempted_per90,passes_completed_per90,forward_passes_per90,backward_passes_per90,lateral_passes_per90,passes_def_third_per90,passes_completed_def_third_per90,passes_mid_third_per90,passes_completed_mid_third_per90,passes_att_third_per90,passes_completed_att_third_per90,short_passes_per90,short_passes_completed_per90,medium_passes_per90,medium_passes_completed_per90,long_passes_len_per90,long_passes_len_completed_per90,long_balls_attempted_per90,long_balls_completed_per90,through_balls_attempted_per90,through_balls_completed_per90,passes_left_foot_per90,passes_left_foot_completed_per90,passes_right_foot_per90,passes_right_foot_completed_per90,passes_head_per90,passes_head_completed_per90,progressive_passes,passes_into_final_third,carries_computed,carry_distance_m,progressive_carries,carries_into_final_third,carries_into_box,progressive_actions,final_third_entries,total_box_entries,progressive_passes_per90,passes_into_final_third_per90,carries_computed_per90,carry_distance_m_per90,progressive_carries_per90,carries_into_final_third_per90,carries_into_box_per90,progressive_actions_per90,final_third_entries_per90,total_box_entries_per90,progressive_passes_per90_z,progressive_actions_per90_z,crosses_attempted,crosses_completed,crosses_left_side,crosses_left_completed,crosses_right_side,crosses_right_completed,cross_completion_pct,crosses_attempted_per90,crosses_completed_per90,crosses_left_side_per90,crosses_left_completed_per90,crosses_right_side_per90,crosses_right_completed_per90,passes_received,progressive_passes_received,key_passes,assists,xa,shot_creating_actions,goal_creating_actions,key_passes_cutback,assists_cutback,xa_cutback,key_passes_cross,assists_cross,xa_cross,key_passes_through_ball,assists_through_ball,xa_through_ball,key_passes_set_piece,assists_set_piece,xa_set_piece,key_passes_open_play,assists_open_play,xa_open_play,passes_received_per90,progressive_passes_received_per90,key_passes_per90,assists_per90,xa_per90,shot_creating_actions_per90,goal_creating_actions_per90,key_passes_cutback_per90,assists_cutback_per90,xa_cutback_per90,key_passes_cross_per90,assists_cross_per90,xa_cross_per90,key_passes_through_ball_per90,assists_through_ball_per90,xa_through_ball_per90,key_passes_set_piece_per90,assists_set_piece_per90,xa_set_piece_per90,key_passes_open_play_per90,assists_open_play_per90,xa_open_play_per90,take_ons_attempted,take_ons_successful,tackles_attempted,tackles_won,tackles_def_third,tackles_mid_third,tackles_att_third,interceptions,interceptions_def_third,interceptions_mid_third,interceptions_att_third,clearances,aerial_duels,aerial_duels_won,aerial_duels_def_half,aerial_duels_won_def_half,aerial_duels_att_half,aerial_duels_won_att_half,ball_recoveries,ball_recoveries_def_third,ball_recoveries_mid_third,ball_recoveries_att_third,dispossessed,errors,touches,touches_in_box,take_on_success_pct,tackle_win_pct,aerial_duel_win_pct,total_duels,total_duels_won,total_duel_win_pct,possession_losses,defensive_actions_def_third,defensive_actions_mid_third,defensive_actions_att_third,take_ons_attempted_per90,take_ons_successful_per90,tackles_attempted_per90,tackles_won_per90,tackles_def_third_per90,tackles_mid_third_per90,tackles_att_third_per90,interceptions_per90,interceptions_def_third_per90,interceptions_mid_third_per90,interceptions_att_third_per90,clearances_per90,aerial_duels_per90,aerial_duels_won_per90,aerial_duels_def_half_per90,aerial_duels_won_def_half_per90,aerial_duels_att_half_per90,aerial_duels_won_att_half_per90,ball_recoveries_per90,ball_recoveries_def_third_per90,ball_recoveries_mid_third_per90,ball_recoveries_att_third_per90,dispossessed_per90,errors_per90,touches_per90,touches_in_box_per90,total_duels_per90,total_duels_won_per90,possession_losses_per90,defensive_actions_def_third_per90,defensive_actions_mid_third_per90,defensive_actions_att_third_per90,fouls_committed,fouls_won,offsides,yellow_cards,red_cards_straight,red_cards_second_yellow,fouls_committed_per90,fouls_won_per90,offsides_per90,yellow_cards_per90,red_cards_straight_per90,red_cards_second_yellow_per90,shots,goals,shots_left_foot,goals_left_foot,shots_right_foot,goals_right_foot,shots_head,goals_head,shots_inside_box,goals_inside_box,shots_outside_box,goals_outside_box,shot_dist_total_m,shot_on_target_pct,goal_involvement,avg_shot_distance_m,shots_per90,goals_per90,shots_left_foot_per90,goals_left_foot_per90,shots_right_foot_per90,goals_right_foot_per90,shots_head_per90,goals_head_per90,shots_inside_box_per90,goals_inside_box_per90,shots_outside_box_per90,goals_outside_box_per90,shot_dist_total_m_per90,goal_involvement_per90,corners_taken,corners_completed,free_kicks_taken,free_kick_shots,free_kick_goals,throw_ins_taken,penalty_conversion_pct,free_kick_shot_conversion_pct,corner_completion_pct,corners_taken_per90,corners_completed_per90,free_kicks_taken_per90,free_kick_shots_per90,free_kick_goals_per90,throw_ins_taken_per90,gk_saves,gk_claims,gk_punches,gk_pickups,gk_smothers,gk_penalties_faced,gk_sweeper_actions,save_pct,gk_saves_per90,gk_claims_per90,gk_punches_per90,gk_pickups_per90,gk_smothers_per90,gk_penalties_faced_per90,gk_sweeper_actions_per90,progressive_passes_1h,progressive_passes_2h,key_passes_1h,key_passes_2h,shots_1h,shots_2h,tackles_attempted_1h,tackles_attempted_2h,interceptions_1h,interceptions_2h,goals_home,goals_away,shots_home,shots_away,key_passes_home,key_passes_away,tackles_attempted_home,tackles_attempted_away,progressive_passes_1h_per90,progressive_passes_2h_per90,key_passes_1h_per90,key_passes_2h_per90,shots_1h_per90,shots_2h_per90,tackles_attempted_1h_per90,tackles_attempted_2h_per90,interceptions_1h_per90,interceptions_2h_per90,goals_home_per90,goals_away_per90,shots_home_per90,shots_away_per90,key_passes_home_per90,key_passes_away_per90,tackles_attempted_home_per90,tackles_attempted_away_per90,minutes,matches,minutes_bucket,reliable_sample,padj_tackles_attempted,padj_interceptions,padj_clearances,padj_aerial_duels,padj_ball_recoveries,padj_tackles_attempted_per90,padj_interceptions_per90,padj_clearances_per90,padj_aerial_duels_per90,padj_ball_recoveries_per90,padj_tackles_attempted_per90_z,padj_interceptions_per90_z
4odeml6s5vm38m9u7tnh6n8id,J. de Lange,Go Ahead Eagles,1539,1034,1019,14,1,1524,1023,15,11,0,0,228,221,496,485,815,328,802,308,0,0,0,0,0,0,0,0,67.19,38.4,,67.13,73.33,,96.93,97.78,40.25,,,,39.2491,26.3701,25.9875,0.357,0.0255,38.8665,26.0895,0.3825,0.2805,0.0,0.0,5.8147,5.6362,12.6495,12.3689,20.7849,8.365,20.4534,7.8549,0.0,0.0,0.0,0.0,0.0,0.0,0.0,0.0,249,49,129,2221.3366153722413,0,0,0,249,49,0.0,6.3502,1.2496,3.2899,56.6507,0.0,0.0,0.0,6.3502,1.2496,0.0,0.933,0.652,0,0,0,0,0,0,,0.0,0.0,0.0,0.0,0.0,0.0,730,1,2,0,0.0,6,0,0,0,0,0,0,0,0,0,0,0,0,0,2,0,0.0,18.6172,0.0255,0.051,0.0,0.0,0.153,0.0,0.0,0.0,0.0,0.0,0.0,0.0,0.0,0.0,0.0,0.0,0.0,0.0,0.051,0.0,0.0,1,1,0,0,0,0,0,0,0,0,0,8,11,8,11,8,0,0,61,61,0,0,0,2,1553,1,100.0,,72.73,12,9,75.0,2,61,0,0,0.0255,0.0255,0.0,0.0,0.0,0.0,0.0,0.0,0.0,0.0,0.0,0.204,0.2805,0.204,0.2805,0.204,0.0,0.0,1.5557,1.5557,0.0,0.0,0.0,0.051,39.6061,0.0255,0.306,0.2295,0.051,1.5557,0.0,0.0,0,3,0,4,0,0,0.0,0.0765,0.0,0.102,0.0,0.0,2,1,0,0,2,1,0,0,1,0,1,1,112.24417631733564,,1,56.12,0.051,0.0255,0.0,0.0,0.051,0.0255,0.0,0.0,0.0255,0.0,0.0255,0.0255,2.8626,0.0255,0,0,97,0,0,0,,,,0.0,0.0,2.4738,0.0,0.0,0.0,142,19,8,246,1,2,10,100.0,3.6214,0.4846,0.204,6.2737,0.0255,0.051,0.255,105,142,1,1,1,1,0,0,0,0,1,0,2,0,2,0,0,0,2.6778,3.6214,0.0255,0.0255,0.0255,0.0255,0.0,0.0,0.0,0.0,0.0255,0.0,0.051,0.0,0.051,0.0,0.0,0.0,3529.0,36,2000+,True,0.0,0.0,7.329,10.077,55.88,0.0,0.0,0.1869,0.257,1.4251,-1.668,-1.353
eamuyjut271ytghb2q4ljqbpx,N. Olij,Sparta Rotterdam,1517,1054,1018,36,0,1492,1034,25,20,0,0,218,215,459,447,840,392,819,364,0,0,0,0,0,0,0,0,69.48,44.44,,69.3,80.0,,98.62,97.39,46.67,,,,40.1571,27.9008,26.9479,0.953,0.0,39.4953,27.3714,0.6618,0.5294,0.0,0.0,5.7708,5.6913,12.1504,11.8327,22.2359,10.3768,21.68,9.6356,0.0,0.0,0.0,0.0,0.0,0.0,0.0,0.0,319,96,71,1301.5671847981425,0,0,0,319,96,0.0,8.4444,2.5413,1.8795,34.4543,0.0,0.0,0.0,8.4444,2.5413,0.0,1.822,1.542,0,0,0,0,0,0,,0.0,0.0,0.0,0.0,0.0,0.0,663,0,1,0,0.0,9,0,0,0,0,0,0,0,0,0,0,0,0,0,1,0,0.0,17.5505,0.0,0.0265,0.0,0.0,0.2382,0.0,0.0,0.0,0.0,0.0,0.0,0.0,0.0,0.0,0.0,0.0,0.0,0.0,0.0265,0.0,0.0,1,1,2,1,2,0,0,0,0,0,0,13,8,7,8,7,0,0,43,41,2,0,0,5,1538,0,100.0,50.0,87.5,11,9,81.82,5,43,2,0,0.0265,0.0265,0.0529,0.0265,0.0529,0.0,0.0,0.0,0.0,0.0,0.0,0.3441,0.2118,0.1853,0.2118,0.1853,0.0,0.0,1.1383,1.0853,0.0529,0.0,0.0,0.1324,40.713,0.0,0.2912,0.2382,0.1324,1.1383,0.0529,0.0,1,3,0,0,0,0,0.0265,0.0794,0.0,0.0,0.0,0.0,0,0,0,0,0,0,0,0,0,0,0,0,0,,0,,0.0,0.0,0.0,0.0,0.0,0.0,0.0,0.0,0.0,0.0,0.0,0.0,0.0,0.0,0,0,79,0,0,0,,,,0.0,0.0,2.0912,0.0,0.0,0.0,119,40,9,287,5,5,14,100.0,3.1501,1.0589,0.2382,7.5973,0.1324,0.1324,0.3706,136,183,0,1,0,0,2,0,0,0,0,0,0,0,1,0,2,0,3.6001,4.8443,0.0,0.0265,0.0,0.0,0.0529,0.0,0.0,0.0,0.0,0.0,0.0,0.0,0.0265,0.0,0.0529,0.0,3399.9,35,2000+,True,1.888,0.0,12.269,7.55,40.581,0.05,0.0,0.3248,0.1999,1.0742,-1.611,-1.353
6ydojoa3581jgszpjqj7i8zpx,B. Kuipers,Go Ahead Eagles,1560,1097,523,571,3,334,231,632,482,594,384,677,532,633,458,250,107,288,125,81,42,143,28,2,0,0,0,70.32,43.4,51.85,69.16,76.27,64.65,78.58,72.35,42.8,19.58,0.0,,41.4465,29.1454,13.8952,15.1705,0.0797,8.8738,6.1373,16.7911,12.8059,15.7815,10.2022,17.9867,14.1343,16.8177,12.1683,6.6421,2.8428,7.6517,3.321,2.152,1.1159,3.7993,0.7439,0.0531,0.0,0.0,0.0,290,108,156,1885.9722172959684,17,15,6,307,123,6.0,7.7048,2.8694,4.1446,50.107,0.4517,0.3985,0.1594,8.1565,3.2679,0.1594,1.508,1.419,145,28,125,23,20,5,19.31,3.8524,0.7439,3.321,0.6111,0.5314,0.1328,892,120,63,8,0.0,109,10,1,1,0.0,21,1,0.0,1,0,0.0,4,1,0.0,36,5,0.0,23.6989,3.1882,1.6738,0.2125,0.0,2.8959,0.2657,0.0266,0.0266,0.0,0.5579,0.0266,0.0,0.0266,0.0,0.0,0.1063,0.0266,0.0,0.9565,0.1328,0.0,49,16,51,30,27,18,6,34,16,18,0,94,53,27,36,19,17,8,154,78,64,12,17,0,1857,93,32.65,58.82,50.94,153,73,47.71,17,121,100,18,1.3018,0.4251,1.355,0.797,0.7173,0.4782,0.1594,0.9033,0.4251,0.4782,0.0,2.4974,1.4081,0.7173,0.9565,0.5048,0.4517,0.2125,4.0915,2.0723,1.7004,0.3188,0.4517,0.0,49.3373,2.4708,4.0649,1.9395,0.4517,3.2148,2.6568,0.4782,29,36,5,6,0,0,0.7705,0.9565,0.1328,0.1594,0.0,0.0,45,5,32,2,8,2,5,1,34,4,11,1,720.9788025525003,,13,16.02,1.1956,0.1328,0.8502,0.0531,0.2125,0.0531,0.1328,0.0266,0.9033,0.1063,0.2923,0.0266,19.1552,0.3454,42,28,56,0,0,282,,,66.67,1.1159,0.7439,1.4878,0.0,0.0,7.4923,16,0,0,0,0,0,0,100.0,0.4251,0.0,0.0,0.0,0.0,0.0,0.0,128,161,21,41,22,22,23,28,14,20,4,1,31,14,38,25,26,25,3.4007,4.2775,0.5579,1.0893,0.5845,0.5845,0.6111,0.7439,0.372,0.5314,0.1063,0.0266,0.8236,0.372,1.0096,0.6642,0.6908,0.6642,3387.5,35,2000+,True,46.72,31.146,86.111,48.552,141.075,1.2413,0.8275,2.2878,1.2899,3.7481,-0.245,0.273
7cza2st4pm7zecztqgeauujmd,E. Room,SBV Vitesse,1399,906,885,21,0,1389,901,10,5,0,0,190,189,388,387,821,330,795,305,0,0,0,0,0,0,0,0,64.76,38.36,,64.87,50.0,,99.47,99.74,40.19,,,,37.7541,24.4498,23.8831,0.5667,0.0,37.4843,24.3148,0.2699,0.1349,0.0,0.0,5.1274,5.1004,10.4708,10.4438,22.1559,8.9055,21.4543,8.2309,0.0,0.0,0.0,0.0,0.0,0.0,0.0,0.0,233,46,71,1363.9230408448657,0,0,0,233,46,0.0,6.2879,1.2414,1.916,36.8075,0.0,0.0,0.0,6.2879,1.2414,0.0,0.906,0.625,0,0,0,0,0,0,,0.0,0.0,0.0,0.0,0.0,0.0,562,0,3,0,0.0,8,0,0,0,0,0,0,0,0,0,0,0,0,0,3,0,0.0,15.1664,0.0,0.081,0.0,0.0,0.2159,0.0,0.0,0.0,0.0,0.0,0.0,0.0,0.0,0.0,0.0,0.0,0.0,0.0,0.081,0.0,0.0,2,2,0,0,0,0,0,2,2,0,0,8,2,1,2,1,0,0,76,74,2,0,0,2,1417,0,100.0,,50.0,4,3,75.0,2,76,2,0,0.054,0.054,0.0,0.0,0.0,0.0,0.0,0.054,0.054,0.0,0.0,0.2159,0.054,0.027,0.054,0.027,0.0,0.0,2.051,1.997,0.054,0.0,0.0,0.054,38.2399,0.0,0.1079,0.081,0.054,2.051,0.054,0.0,1,2,0,1,0,0,0.027,0.054,0.0,0.027,0.0,0.0,0,0,0,0,0,0,0,0,0,0,0,0,0,,0,,0.0,0.0,0.0,0.0,0.0,0.0,0.0,0.0,0.0,0.0,0.0,0.0,0.0,0.0,0,0,96,0,0,0,,,,0.0,0.0,2.5907,0.0,0.0,0.0,154,17,8,250,5,7,10,100.0,4.1559,0.4588,0.2159,6.7466,0.1349,0.1889,0.2699,111,122,1,2,0,0,0,0,0,2,0,0,0,0,3,0,0,0,2.9955,3.2924,0.027,0.054,0.0,0.0,0.0,0.0,0.0,0.054,0.0,0.0,0.0,0.0,0.081,0.0,0.0,0.0,3335.0,34,2000+,True,0.0,2.017,8.066,2.017,76.631,0.0,0.0544,0.2177,0.0544,2.068,-1.668,-1.246
dmsmbn9a1qucwf100o3v77nbp,M. Brouwer,Heracles Almelo,1345,840,801,38,1,1329,828,16,12,0,0,196,196,371,366,778,278,760,260,0,0,0,0,0,0,0,0,62.45,34.21,,62.3,75.0,,100.0,98.65,35.73,,,,36.4894,22.7889,21.7309,1.0309,0.0271,36.0553,22.4634,0.4341,0.3256,0.0,0.0,5.3174,5.3174,10.0651,9.9295,21.1069,7.5421,20.6186,7.0537,0.0,0.0,0.0,0.0,0.0,0.0,0.0,0.0,199,55,99,1714.0219366612544,0,0,0,199,55,0.0,5.3988,1.4921,2.6858,46.5009,0.0,0.0,0.0,5.3988,1.4921,0.0,0.529,0.247,0,0,0,0,0,0,,0.0,0.0,0.0,0.0,0.0,0.0,566,0,2,1,0.0,8,1,0,0,0,0,0,0,0,0,0,0,0,0,2,1,0.0,15.3554,0.0,0.0543,0.0271,0.0,0.217,0.0271,0.0,0.0,0.0,0.0,0.0,0.0,0.0,0.0,0.0,0.0,0.0,0.0,0.0543,0.0271,0.0,1,1,2,0,2,0,0,1,1,0,0,14,14,11,14,11,0,0,25,23,2,0,0,2,1366,0,100.0,0.0,78.57,17,12,70.59,2,26,2,0,0.0271,0.0271,0.0543,0.0,0.0543,0.0,0.0,0.0271,0.0271,0.0,0.0,0.3798,0.3798,0.2984,0.3798,0.2984,0.0,0.0,0.6782,0.624,0.0543,0.0,0.0,0.0543,37.0591,0.0,0.4612,0.3256,0.0543,0.7054,0.0543,0.0,0,1,0,0,0,0,0.0,0.0271,0.0,0.0,0.0,0.0,0,0,0,0,0,0,0,0,0,0,0,0,0,,1,,0.0,0.0,0.0,0.0,0.0,0.0,0.0,0.0,0.0,0.0,0.0,0.0,0.0,0.0271,0,0,63,0,0,0,,,,0.0,0.0,1.7092,0.0,0.0,0.0,156,30,32,245,5,5,5,100.0,4.2322,0.8139,0.8681,6.6468,0.1356,0.1356,0.1356,93,106,1,1,0,0,2,0,1,0,0,0,0,0,2,0,0,2,2.5231,2.8757,0.0271,0.0271,0.0,0.0,0.0543,0.0,0.0271,0.0,0.0,0.0,0.0,0.0,0.0543,0.0,0.0,0.0543,3317.4,34,2000+,True,1.859,0.93,13.013,13.013,23.238,0.0504,0.0252,0.353,0.353,0.6304,-1.61,-1.303
idvh0ac1f8wv39640pyl4esp,S. Kersten,PEC Zwolle,1699,1476,958,510,8,848,730,807,711,44,35,588,517,922,850,189,109,178,85,106,61,0,0,2,1,0,0,86.87,47.75,57.55,86.08,88.1,79.55,87.93,92.19,57.67,,50.0,,46.1072,40.0555,25.9981,13.8403,0.2171,23.0129,19.8106,21.9003,19.295,1.1941,0.9498,15.9571,14.0303,25.0211,23.0672,5.1291,2.958,4.8305,2.3067,2.8766,1.6554,0.0,0.0,0.0543,0.0271,0.0,0.0,178,103,197,3359.5277741793648,3,1,0,181,104,0.0,4.8305,2.7952,5.3462,91.1704,0.0814,0.0271,0.0,4.912,2.8223,0.0,0.288,0.04,2,1,0,0,2,1,50.0,0.0543,0.0271,0.0,0.0,0.0543,0.0271,1138,15,16,3,0.0,34,6,0,0,0,1,0,0.0,3,2,0.0,0,0,0,12,1,0.0,30.8829,0.4071,0.4342,0.0814,0.0,0.9227,0.1628,0.0,0.0,0.0,0.0271,0.0,0.0,0.0814,0.0543,0.0,0.0,0.0,0.0,0.3257,0.0271,0.0,9,4,63,43,45,16,2,55,36,18,1,148,82,39,77,37,5,2,146,81,64,1,7,1,1915,12,44.44,68.25,47.56,154,86,55.84,8,162,98,4,0.2442,0.1086,1.7097,1.1669,1.2212,0.4342,0.0543,1.4926,0.977,0.4885,0.0271,4.0164,2.2253,1.0584,2.0896,1.0041,0.1357,0.0543,3.9621,2.1982,1.7368,0.0271,0.19,0.0271,51.969,0.3257,4.1792,2.3339,0.2171,4.3963,2.6595,0.1086,29,13,27,3,0,0,0.787,0.3528,0.7327,0.0814,0.0,0.0,10,2,0,0,8,2,2,0,3,0,7,2,371.0550830608741,,5,37.11,0.2714,0.0543,0.0,0.0,0.2171,0.0543,0.0543,0.0,0.0814,0.0,0.19,0.0543,10.0696,0.1357,0,0,57,0,0,12,,,,0.0,0.0,1.5469,0.0,0.0,0.3257,29,0,0,0,0,0,0,100.0,0.787,0.0,0.0,0.0,0.0,0.0,0.0,103,75,6,10,3,7,28,35,26,29,2,0,9,1,9,7,36,27,2.7952,2.0353,0.1628,0.2714,0.0814,0.19,0.7599,0.9498,0.7056,0.787,0.0543,0.0,0.2442,0.0271,0.2442,0.19,0.977,0.7327,3316.4,34,2000+,True,61.839,53.986,145.272,80.489,143.309,1.6782,1.4651,3.9424,2.1843,3.8891,0.255,1.526
1vyh50nfaq2kq5pmivpkc1psl,D. Hancko,Feyenoord Rotterdam,3021,2671,1791,868,12,995,857,1770,1621,256,193,1352,1244,1388,1286,281,141,289,125,169,104,34,8,1,1,0,0,88.41,43.25,61.54,86.13,91.58,75.39,92.01,92.65,50.18,23.53,100.0,,82.1619,72.6429,48.7097,23.6069,0.3264,27.0609,23.3077,48.1385,44.0862,6.9624,5.249,36.7702,33.833,37.7493,34.9752,7.6423,3.8348,7.8599,3.3996,4.5963,2.8285,0.9247,0.2176,0.0272,0.0272,0.0,0.0,257,275,457,6995.251442078637,30,10,17,287,285,17.0,6.9896,7.4791,12.429,190.2492,0.8159,0.272,0.4623,7.8055,7.7511,0.4623,1.204,1.27,35,9,34,8,1,1,25.71,0.9519,0.2448,0.9247,0.2176,0.0272,0.0272,1990,69,25,2,0.0,88,8,0,0,0,5,0,0.0,2,0,0.0,1,0,0.0,17,2,0.0,54.1218,1.8766,0.6799,0.0544,0.0,2.3933,0.2176,0.0,0.0,0.0,0.136,0.0,0.0,0.0544,0.0,0.0,0.0272,0.0,0.0,0.4623,0.0544,0.0,40,28,38,27,22,13,3,29,17,11,1,94,91,51,64,36,27,15,234,126,99,9,13,0,3282,100,70.0,71.05,56.04,169,106,62.72,13,165,123,13,1.0879,0.7615,1.0335,0.7343,0.5983,0.3536,0.0816,0.7887,0.4623,0.2992,0.0272,2.5565,2.4749,1.387,1.7406,0.9791,0.7343,0.408,6.3641,3.4268,2.6925,0.2448,0.3536,0.0,89.2602,2.7197,4.5963,2.8829,0.3536,4.4875,3.3452,0.3536,11,18,19,2,0,0,0.2992,0.4895,0.5167,0.0544,0.0,0.0,67,5,39,4,7,0,21,1,51,5,16,0,1048.4532941321143,,7,15.65,1.8222,0.136,1.0607,0.1088,0.1904,0.0,0.5711,0.0272,1.387,0.136,0.4352,0.0,28.5147,0.1904,0,0,51,0,0,44,,,,0.0,0.0,1.387,0.0,0.0,1.1967,24,0,0,0,0,0,0,100.0,0.6527,0.0,0.0,0.0,0.0,0.0,0.0,129,128,8,17,30,37,19,19,12,17,4,1,42,25,15,10,18,20,3.5084,3.4812,0.2176,0.4623,0.8159,1.0063,0.5167,0.5167,0.3264,0.4623,0.1088,0.0272,1.1423,0.6799,0.408,0.272,0.4895,0.5439,3309.2,34,2000+,True,49.723,37.947,122.999,119.074,306.189,1.3523,1.032,3.3452,3.2384,8.3274,-0.118,0.675
am19rcub89k9bleldiqps7845,S. van Gassel,SBV Excelsior,1577,935,920,15,0,1574,934,3,1,0,0,111,110,392,385,1074,440,1046,407,0,0,0,0,0,0,0,0,59.29,38.91,,59.34,33.33,,99.1,98.21,40.97,,,,43.0874,25.5464,25.1366,0.4098,0.0,43.0055,25.5191,0.082,0.0273,0.0,0.0,3.0328,3.0055,10.7104,10.5191,29.3443,12.0219,28.5792,11.1202,0.0,0.0,0.0,0.0,0.0,0.0,0.0,0.0,316,103,74,1450.7768646442694,0,0,0,316,103,0.0,8.6339,2.8142,2.0219,39.6387,0.0,0.0,0.0,8.6339,2.8142,0.0,1.902,1.622,0,0,0,0,0,0,,0.0,0.0,0.0,0.0,0.0,0.0,733,0,3,0,0.0,11,1,0,0,0,0,0,0,0,0,0,0,0,0,3,0,0.0,20.0273,0.0,0.082,0.0,0.0,0.3005,0.0273,0.0,0.0,0.0,0.0,0.0,0.0,0.0,0.0,0.0,0.0,0.0,0.0,0.082,0.0,0.0,1,0,0,0,0,0,0,0,0,0,0,14,11,9,11,9,0,0,39,39,0,0,1,4,1600,0,0.0,,81.82,12,9,75.0,5,39,0,0,0.0273,0.0,0.0,0.0,0.0,0.0,0.0,0.0,0.0,0.0,0.0,0.3825,0.3005,0.2459,0.3005,0.2459,0.0,0.0,1.0656,1.0656,0.0,0.0,0.0273,0.1093,43.7158,0.0,0.3279,0.2459,0.1366,1.0656,0.0,0.0,0,4,0,0,0,0,0.0,0.1093,0.0,0.0,0.0,0.0,1,0,0,0,1,0,0,0,0,0,1,0,19.113024355135426,,0,19.11,0.0273,0.0,0.0,0.0,0.0273,0.0,0.0,0.0,0.0,0.0,0.0273,0.0,0.5222,0.0,0,0,86,0,0,0,,,,0.0,0.0,2.3497,0.0,0.0,0.0,134,42,13,276,7,2,8,100.0,3.6612,1.1475,0.3552,7.541,0.1913,0.0546,0.2186,145,171,2,1,0,1,0,0,0,0,0,0,0,1,3,0,0,0,3.9617,4.6721,0.0546,0.0273,0.0,0.0273,0.0,0.0,0.0,0.0,0.0,0.0,0.0,0.0273,0.082,0.0,0.0,0.0,3294.0,34,2000+,True,0.0,0.0,12.856,10.101,35.812,0.0,0.0,0.3513,0.276,0.9785,-1.668,-1.353
4yyekuopwb7otz18rqfgwjht5,L. Geertruida,Feyenoord Rotterdam,2343,2100,1177,912,11,440,369,1491,1389,412,342,1123,1041,1058,957,162,102,217,128,66,44,4,0,20,2,0,0,89.63,58.99,66.67,83.86,93.16,83.01,92.7,90.45,62.96,0.0,10.0,,64.1371,57.4852,32.2191,24.965,0.3011,12.0445,10.101,40.8145,38.0224,11.2781,9.3619,30.7409,28.4963,28.9616,26.1968,4.4346,2.7921,5.9401,3.5039,1.8067,1.2045,0.1095,0.0,0.5475,0.0547,0.0,0.0,232,273,368,4813.2796261545745,51,24,9,283,297,9.0,6.3508,7.4731,10.0736,131.7584,1.3961,0.657,0.2464,7.7468,8.1301,0.2464,0.933,1.245,24,2,3,1,21,1,8.33,0.657,0.0547,0.0821,0.0274,0.5749,0.0274,1691,78,47,4,0.0,94,12,0,0,0,2,0,0.0,0,0,0,0,0,0,45,4,0.0,46.2893,2.1352,1.2866,0.1095,0.0,2.5731,0.3285,0.0,0.0,0.0,0.0547,0.0,0.0,0.0,0.0,0.0,0.0,0.0,0.0,1.2318,0.1095,0.0,44,23,49,31,29,15,5,31,15,15,1,49,33,21,24,15,9,6,182,89,85,8,21,2,2567,64,52.27,63.27,63.64,126,75,59.52,23,133,115,14,1.2045,0.6296,1.3413,0.8486,0.7938,0.4106,0.1369,0.8486,0.4106,0.4106,0.0274,1.3413,0.9033,0.5749,0.657,0.4106,0.2464,0.1642,4.9821,2.4363,2.3268,0.219,0.5749,0.0547,70.2689,1.7519,3.4491,2.053,0.6296,3.6407,3.148,0.3832,18,29,7,2,0,0,0.4927,0.7938,0.1916,0.0547,0.0,0.0,40,8,3,1,30,6,7,1,24,7,16,1,654.3761001099629,,12,16.36,1.095,0.219,0.0821,0.0274,0.8212,0.1642,0.1916,0.0274,0.657,0.1916,0.438,0.0274,17.9128,0.3285,0,0,34,0,0,195,,,,0.0,0.0,0.9307,0.0,0.0,5.3379,4,0,0,0,0,0,0,100.0,0.1095,0.0,0.0,0.0,0.0,0.0,0.0,111,121,24,23,16,24,13,36,17,14,5,3,25,15,26,21,28,21,3.0385,3.3122,0.657,0.6296,0.438,0.657,0.3559,0.9855,0.4654,0.3832,0.1369,0.0821,0.6843,0.4106,0.7117,0.5749,0.7665,0.5749,3287.8,34,2000+,True,64.117,40.564,64.117,43.181,238.147,1.7551,1.1104,1.7551,1.182,6.519,0.344,0.829
bgydmtsi0ngn9k56apo29v0no,J. Hato,AFC Ajax,2686,2472,1401,1063,8,965,871,1519,1425,202,176,1225,1137,1314,1237,147,98,157,90,136,76,9,0,0,0,0,0,92.03,57.32,55.88,90.26,93.81,87.13,92.82,94.14,66.67,0.0,,,74.5881,68.6455,38.9047,29.5187,0.2222,26.7973,24.187,42.1814,39.5711,5.6094,4.8874,34.0173,31.5736,36.4887,34.3505,4.0821,2.7214,4.3598,2.4992,3.7766,2.1105,0.2499,0.0,0.0,0.0,0.0,0.0,210,175,468,6865.835090083417,10,14,0,220,189,0.0,5.8315,4.8596,12.996,190.6588,0.2777,0.3888,0.0,6.1092,5.2484,0.0,0.712,0.549,9,0,9,0,0,0,0.0,0.2499,0.0,0.2499,0.0,0.0,0.0,1899,27,15,3,0.0,50,6,0,0,0,0,0,0,1,0,0.0,0,0,0,14,3,0.0,52.7337,0.7498,0.4165,0.0833,0.0,1.3885,0.1666,0.0,0.0,0.0,0.0,0.0,0.0,0.0278,0.0,0.0,0.0,0.0,0.0,0.3888,0.0833,0.0,45,24,67,38,36,24,7,45,25,18,2,84,145,76,105,58,40,18,189,102,83,4,15,0,2938,18,53.33,56.72,52.41,257,138,53.7,15,163,125,13,1.2496,0.6665,1.8605,1.0552,0.9997,0.6665,0.1944,1.2496,0.6942,0.4998,0.0555,2.3326,4.0265,2.1105,2.9158,1.6106,1.1108,0.4998,5.2484,2.8325,2.3048,0.1111,0.4165,0.0,81.5859,0.4998,7.1367,3.8322,0.4165,4.5264,3.4712,0.361,12,13,17,5,0,0,0.3332,0.361,0.4721,0.1388,0.0,0.0,13,2,7,2,0,0,6,0,8,1,5,1,290.893750210246,,5,22.38,0.361,0.0555,0.1944,0.0555,0.0,0.0,0.1666,0.0,0.2222,0.0278,0.1388,0.0278,8.0779,0.1388,0,0,60,0,0,78,,,,0.0,0.0,1.6662,0.0,0.0,2.166,22,0,0,0,0,0,0,100.0,0.6109,0.0,0.0,0.0,0.0,0.0,0.0,105,105,4,11,5,8,34,33,26,19,2,0,7,6,10,5,24,43,2.9158,2.9158,0.1111,0.3055,0.1388,0.2222,0.9442,0.9164,0.722,0.5276,0.0555,0.0,0.1944,0.1666,0.2777,0.1388,0.6665,1.1941,3241.0,33,2000+,True,83.162,55.855,104.263,179.977,234.591,2.3093,1.551,2.8953,4.9978,6.5144,0.979,1.695
3r6elcuru7no13hrfczmwbmy1,S. Horemans,SBV Excelsior,1733,1280,647,630,3,608,445,779,602,346,233,653,502,736,578,344,200,386,225,179,85,3,1,81,18,0,0,73.86,58.29,47.49,73.19,77.28,67.34,76.88,78.53,58.14,33.33,22.22,,48.1315,35.5501,17.9694,17.4973,0.0833,16.8863,12.3592,21.6356,16.7196,9.6096,6.4712,18.1361,13.9423,20.4413,16.0531,9.5541,5.5547,10.7206,6.249,4.9715,2.3607,0.0833,0.0278,2.2497,0.4999,0.0,0.0,240,114,216,2835.880562382571,20,17,4,260,131,4.0,6.6656,3.1662,5.9991,78.7623,0.5555,0.4721,0.1111,7.2211,3.6383,0.1111,1.066,1.022,84,19,0,0,84,19,22.62,2.333,0.5277,0.0,0.0,2.333,0.5277,1045,100,29,4,0.0,61,7,0,0,0,16,3,0.0,0,0,0,0,0,0,13,1,0.0,29.0233,2.7773,0.8054,0.1111,0.0,1.6942,0.1944,0.0,0.0,0.0,0.4444,0.0833,0.0,0.0,0.0,0.0,0.0,0.0,0.0,0.3611,0.0278,0.0,55,32,97,58,67,25,5,45,26,18,1,137,135,75,89,49,46,26,167,110,56,1,16,2,2041,30,58.18,59.79,55.56,287,165,57.49,18,203,99,7,1.5275,0.8888,2.694,1.6109,1.8608,0.6943,0.1389,1.2498,0.7221,0.4999,0.0278,3.805,3.7494,2.083,2.4718,1.3609,1.2776,0.7221,4.6382,3.0551,1.5553,0.0278,0.4444,0.0555,56.6857,0.8332,7.971,4.5826,0.4999,5.638,2.7496,0.1944,25,11,9,4,1,0,0.6943,0.3055,0.25,0.1111,0.0278,0.0,22,3,3,1,11,1,8,1,17,3,5,0,319.48266738991066,,7,14.52,0.611,0.0833,0.0833,0.0278,0.3055,0.0278,0.2222,0.0278,0.4721,0.0833,0.1389,0.0,8.8731,0.1944,0,0,23,0,0,258,,,,0.0,0.0,0.6388,0.0,0.0,7.1656,14,0,0,0,0,0,0,100.0,0.3888,0.0,0.0,0.0,0.0,0.0,0.0,123,117,12,17,13,9,43,54,21,24,3,0,17,5,19,10,51,46,3.4161,3.2495,0.3333,0.4721,0.3611,0.25,1.1943,1.4998,0.5832,0.6666,0.0833,0.0,0.4721,0.1389,0.5277,0.2777,1.4164,1.2776,3240.5,34,2000+,True,89.071,41.322,125.802,123.965,153.349,2.4738,1.1477,3.494,3.4429,4.259,1.167,0.902
cgsmk5437f466uoqvol7devze,R. Flamingo,FC Utrecht,1726,1357,924,423,10,541,395,1033,849,152,113,701,571,780,660,245,126,277,121,183,91,0,0,9,1,0,0,78.62,43.68,49.73,73.01,82.19,74.34,81.46,84.62,51.43,,11.11,,48.1108,37.8252,25.7557,11.7908,0.2787,15.0799,11.0103,28.794,23.6651,4.2369,3.1498,19.5398,15.9161,21.7418,18.3969,6.8292,3.5121,7.7211,3.3728,5.101,2.5365,0.0,0.0,0.2509,0.0279,0.0,0.0,191,152,191,2974.7135801965846,18,7,1,209,159,1.0,5.324,4.2369,5.324,82.9176,0.5017,0.1951,0.0279,5.8257,4.432,0.0279,0.497,0.429,9,1,2,0,7,1,11.11,0.2509,0.0279,0.0557,0.0,0.1951,0.0279,1129,77,13,1,0.0,48,5,0,0,0,0,0,0,0,0,0,0,0,0,13,1,0.0,31.4699,2.1463,0.3624,0.0279,0.0,1.338,0.1394,0.0,0.0,0.0,0.0,0.0,0.0,0.0,0.0,0.0,0.0,0.0,0.0,0.3624,0.0279,0.0,30,18,47,28,26,18,3,45,14,27,4,130,140,77,97,53,43,24,184,78,102,4,25,1,2057,52,60.0,59.57,55.0,217,123,56.68,26,118,147,11,0.8362,0.5017,1.3101,0.7805,0.7247,0.5017,0.0836,1.2543,0.3902,0.7526,0.1115,3.6236,3.9024,2.1463,2.7038,1.4773,1.1986,0.669,5.1288,2.1742,2.8432,0.1115,0.6969,0.0279,57.3371,1.4495,6.0487,3.4285,0.7247,3.2891,4.0975,0.3066,26,16,3,4,0,0,0.7247,0.446,0.0836,0.1115,0.0,0.0,38,3,4,2,20,0,14,1,24,2,14,1,603.8700441402619,,4,15.89,1.0592,0.0836,0.1115,0.0557,0.5575,0.0,0.3902,0.0279,0.669,0.0557,0.3902,0.0279,16.8324,0.1115,0,0,41,0,0,1,,,,0.0,0.0,1.1428,0.0,0.0,0.0279,15,0,0,0,0,0,0,100.0,0.4181,0.0,0.0,0.0,0.0,0.0,0.0,97,92,3,10,17,21,29,18,22,22,3,0,27,11,8,5,18,29,2.7038,2.5644,0.0836,0.2787,0.4739,0.5854,0.8083,0.5017,0.6132,0.6132,0.0836,0.0,0.7526,0.3066,0.223,0.1394,0.5017,0.8083,3228.8,34,2000+,True,45.446,43.512,125.703,135.372,177.918,1.2668,1.2129,3.5039,3.7734,4.9593,-0.216,1.03
ciguyr553yqapqfudim9af46h,M. Deijl,Go Ahead Eagles,1500,1057,562,492,3,419,241,678,525,403,291,642,506,613,452,245,99,350,148,131,59,3,0,64,13,0,0,70.47,42.29,45.04,57.52,77.43,72.21,78.82,73.74,40.41,0.0,20.31,,41.9528,29.5628,15.7183,13.7605,0.0839,11.7188,6.7404,18.9627,14.6835,11.2713,8.1388,17.9558,14.1521,17.1447,12.6418,6.8523,2.7689,9.789,4.1393,3.6639,1.6501,0.0839,0.0,1.79,0.3636,0.0,0.0,222,111,170,2100.2735627082884,15,13,5,237,124,5.0,6.209,3.1045,4.7547,58.7416,0.4195,0.3636,0.1398,6.6285,3.4681,0.1398,0.873,0.77,67,13,1,1,66,12,19.4,1.8739,0.3636,0.028,0.028,1.8459,0.3356,857,85,28,4,0.0,59,11,0,0,0,8,0,0.0,3,1,0.0,0,0,0,17,3,0.0,23.969,2.3773,0.7831,0.1119,0.0,1.6501,0.3077,0.0,0.0,0.0,0.2237,0.0,0.0,0.0839,0.028,0.0,0.0,0.0,0.0,0.4755,0.0839,0.0,29,9,59,43,22,31,6,18,10,7,1,108,83,41,55,28,28,13,140,77,54,9,7,1,1723,38,31.03,72.88,49.4,171,93,54.39,8,109,92,16,0.8111,0.2517,1.6501,1.2026,0.6153,0.867,0.1678,0.5034,0.2797,0.1958,0.028,3.0206,2.3214,1.1467,1.5383,0.7831,0.7831,0.3636,3.9156,2.1536,1.5103,0.2517,0.1958,0.028,48.1898,1.0628,4.7826,2.6011,0.2237,3.0486,2.5731,0.4475,32,50,6,2,0,0,0.895,1.3984,0.1678,0.0559,0.0,0.0,17,1,1,0,11,1,5,0,12,1,5,0,283.0682836200854,,5,16.65,0.4755,0.028,0.028,0.0,0.3077,0.028,0.1398,0.0,0.3356,0.028,0.1398,0.0,7.917,0.1398,1,0,30,0,0,288,,,0.0,0.028,0.0,0.8391,0.0,0.0,8.0549,9,0,0,0,0,0,0,100.0,0.2517,0.0,0.0,0.0,0.0,0.0,0.0,123,97,13,15,6,11,29,30,10,8,1,0,7,10,21,7,32,27,3.4401,2.7129,0.3636,0.4195,0.1678,0.3077,0.8111,0.8391,0.2797,0.2237,0.028,0.0,0.1958,0.2797,0.5873,0.1958,0.895,0.7552,3217.9,34,2000+,True,54.048,16.489,98.936,76.034,128.25,1.5116,0.4612,2.7671,2.1266,3.587,0.064,-0.447
6dd248q0adq6su677bw2kk2c5,C. Verdonk,Nijmegen Eendracht Combinatie,2283,1763,994,764,5,759,556,1121,930,403,277,1048,858,926,748,309,157,359,171,103,49,85,20,1,0,0,0,77.22,47.63,47.57,73.25,82.96,68.73,81.87,80.78,50.81,23.53,0.0,,64.4814,49.7944,28.0747,21.5785,0.1412,21.4373,15.7038,31.6617,26.2671,11.3824,7.8236,29.5999,24.2335,26.1541,21.1266,8.7274,4.4343,10.1397,4.8298,2.9091,1.384,2.4008,0.5649,0.0282,0.0,0.0,0.0,266,150,344,4473.599614901963,15,14,2,281,164,2.0,7.5129,4.2366,9.716,126.353,0.4237,0.3954,0.0565,7.9366,4.632,0.0565,1.426,1.326,86,20,84,20,2,0,23.26,2.429,0.5649,2.3725,0.5649,0.0565,0.0,1387,48,42,7,0.0,66,7,1,0,0.0,8,0,0.0,0,0,0,0,0,0,33,7,0.0,39.1746,1.3557,1.1863,0.1977,0.0,1.8641,0.1977,0.0282,0.0,0.0,0.226,0.0,0.0,0.0,0.0,0.0,0.0,0.0,0.0,0.9321,0.1977,0.0,35,19,112,73,73,29,10,39,21,13,5,126,63,31,51,25,12,6,214,125,78,11,11,3,2557,23,54.29,65.18,49.21,210,123,58.57,14,219,120,26,0.9885,0.5366,3.1633,2.0618,2.0618,0.8191,0.2824,1.1015,0.5931,0.3672,0.1412,3.5588,1.7794,0.8756,1.4405,0.7061,0.3389,0.1695,6.0442,3.5305,2.203,0.3107,0.3107,0.0847,72.2203,0.6496,5.9313,3.474,0.3954,6.1855,3.3893,0.7343,39,18,4,5,0,0,1.1015,0.5084,0.113,0.1412,0.0,0.0,28,2,27,2,1,0,0,0,5,0,23,2,701.7862976270405,,9,25.06,0.7908,0.0565,0.7626,0.0565,0.0282,0.0,0.0,0.0,0.1412,0.0,0.6496,0.0565,19.8214,0.2542,0,0,57,0,0,260,,,,0.0,0.0,1.6099,0.0,0.0,7.3435,18,0,0,0,0,0,0,100.0,0.5084,0.0,0.0,0.0,0.0,0.0,0.0,130,136,18,24,15,13,60,52,18,21,2,0,12,16,24,18,59,53,3.6717,3.8412,0.5084,0.6779,0.4237,0.3672,1.6946,1.4687,0.5084,0.5931,0.0565,0.0,0.3389,0.4519,0.6779,0.5084,1.6664,1.4969,3186.5,34,2000+,True,108.361,37.733,121.906,60.953,207.046,3.0606,1.0657,3.4431,1.7216,5.8478,1.84,0.741
a56woizbe4g6jpl3fg4tlgno5,W. Benítez,PSV Eindhoven,1028,883,854,28,1,1020,877,8,6,0,0,268,266,427,420,333,197,315,177,1,1,0,0,0,0,0,0,85.89,56.19,100.0,85.98,75.0,,99.25,98.36,59.16,,,,29.0761,24.9749,24.1546,0.792,0.0283,28.8498,24.8052,0.2263,0.1697,0.0,0.0,7.5801,7.5236,12.0773,11.8793,9.4186,5.572,8.9095,5.0063,0.0283,0.0283,0.0,0.0,0.0,0.0,0.0,0.0,127,15,73,1338.9702421555492,0,0,0,127,15,0.0,3.5921,0.4243,2.0647,37.8716,0.0,0.0,0.0,3.5921,0.4243,0.0,-0.238,-0.521,0,0,0,0,0,0,,0.0,0.0,0.0,0.0,0.0,0.0,550,0,0,0,0,5,0,0,0,0,0,0,0,0,0,0,0,0,0,0,0,0,15.5563,0.0,0.0,0.0,0.0,0.1414,0.0,0.0,0.0,0.0,0.0,0.0,0.0,0.0,0.0,0.0,0.0,0.0,0.0,0.0,0.0,0.0,0,0,0,0,0,0,0,0,0,0,0,6,3,3,3,3,0,0,72,72,0,0,0,5,1039,0,,,100.0,3,3,100.0,5,72,0,0,0.0,0.0,0.0,0.0,0.0,0.0,0.0,0.0,0.0,0.0,0.0,0.1697,0.0849,0.0849,0.0849,0.0849,0.0,0.0,2.0365,2.0365,0.0,0.0,0.0,0.1414,29.3872,0.0,0.0849,0.0849,0.1414,2.0365,0.0,0.0,0,5,0,1,0,0,0.0,0.1414,0.0,0.0283,0.0,0.0,0,0,0,0,0,0,0,0,0,0,0,0,0,,0,,0.0,0.0,0.0,0.0,0.0,0.0,0.0,0.0,0.0,0.0,0.0,0.0,0.0,0.0,0,0,37,0,0,0,,,,0.0,0.0,1.0465,0.0,0.0,0.0,56,23,7,116,3,3,10,100.0,1.5839,0.6505,0.198,3.281,0.0849,0.0849,0.2828,62,65,0,0,0,0,0,0,0,0,0,0,0,0,0,0,0,0,1.7536,1.8385,0.0,0.0,0.0,0.0,0.0,0.0,0.0,0.0,0.0,0.0,0.0,0.0,0.0,0.0,0.0,0.0,3182.0,33,2000+,True,0.0,0.0,8.41,4.205,100.925,0.0,0.0,0.2379,0.1189,2.8546,-1.668,-1.353
7sd87ylfbtgwgpb70hf68cel1,V. Pavlidis,Alkmaar Zaanstreek,932,634,255,378,1,43,34,465,342,424,258,571,383,283,204,78,47,71,40,128,67,15,4,20,6,0,0,68.03,56.34,52.34,79.07,73.55,60.85,67.08,72.08,60.26,26.67,30.0,,26.3724,17.94,7.2156,10.6961,0.0283,1.2168,0.9621,13.1579,9.6774,11.9977,7.3005,16.1573,10.8376,8.0079,5.7725,2.2071,1.3299,2.0091,1.1319,3.622,1.8959,0.4244,0.1132,0.5659,0.1698,0.0,0.0,61,62,149,2062.6990782057655,49,21,27,110,83,27.0,1.7261,1.7544,4.2162,58.3673,1.3865,0.5942,0.764,3.1126,2.3486,0.764,-1.03,-0.724,35,10,18,6,17,4,28.57,0.9904,0.283,0.5093,0.1698,0.481,0.1132,940,454,48,3,0.0,89,16,1,0,0.0,7,1,0.0,3,0,0.0,0,0,0,37,2,0.0,26.5988,12.8466,1.3582,0.0849,0.0,2.5184,0.4527,0.0283,0.0,0.0,0.1981,0.0283,0.0,0.0849,0.0,0.0,0.0,0.0,0.0,1.047,0.0566,0.0,126,45,35,18,5,20,10,3,1,2,0,31,156,65,37,16,119,49,90,14,51,25,65,0,1462,268,35.71,51.43,41.67,317,128,40.38,65,20,73,35,3.5654,1.2733,0.9904,0.5093,0.1415,0.5659,0.283,0.0849,0.0283,0.0566,0.0,0.8772,4.4143,1.8393,1.047,0.4527,3.3673,1.3865,2.5467,0.3962,1.4431,0.7074,1.8393,0.0,41.3696,7.5835,8.97,3.622,1.8393,0.5659,2.0656,0.9904,30,54,0,2,0,0,0.8489,1.528,0.0,0.0566,0.0,0.0,122,29,37,10,63,16,22,3,104,29,18,0,1582.922002830301,,32,12.97,3.4522,0.8206,1.047,0.283,1.7827,0.4527,0.6225,0.0849,2.9428,0.8206,0.5093,0.0,44.7912,0.9055,0,0,2,0,0,7,,,,0.0,0.0,0.0566,0.0,0.0,0.1981,6,0,0,0,0,0,0,100.0,0.1698,0.0,0.0,0.0,0.0,0.0,0.0,21,40,20,28,50,72,16,19,2,1,17,12,64,58,22,26,14,21,0.5942,1.1319,0.5659,0.7923,1.4148,2.0374,0.4527,0.5376,0.0566,0.0283,0.481,0.3396,1.811,1.6412,0.6225,0.7357,0.3962,0.5942,3180.6,34,2000+,True,38.406,3.292,34.017,171.181,98.758,1.0868,0.0932,0.9626,4.8438,2.7945,-0.422,-1.17
8wb6zb0imo0295asm428cur55,M. Köhlert,SC Heerenveen,1826,1428,582,841,5,465,342,687,603,674,483,956,821,670,531,200,76,250,106,82,42,169,37,2,0,0,0,78.2,42.4,51.22,73.55,87.77,71.66,85.88,79.25,38.0,21.89,0.0,,51.7949,40.5055,16.5086,23.8551,0.1418,13.1898,9.7009,19.4869,17.1042,19.1182,13.7004,27.1171,23.2878,19.0047,15.0619,5.673,2.1558,7.0913,3.0067,2.3259,1.1913,4.7937,1.0495,0.0567,0.0,0.0,0.0,181,87,260,3184.2044932237077,33,25,10,214,112,10.0,5.1341,2.4678,7.375,90.3207,0.9361,0.7091,0.2837,6.0702,3.1769,0.2837,0.416,0.533,171,37,129,28,42,9,21.64,4.8505,1.0495,3.6591,0.7942,1.1913,0.2553,1044,97,65,3,0.0,106,6,1,0,0.0,32,0,0.0,2,1,0.0,0,0,0,30,2,0.0,29.6133,2.7514,1.8437,0.0851,0.0,3.0067,0.1702,0.0284,0.0,0.0,0.9077,0.0,0.0,0.0567,0.0284,0.0,0.0,0.0,0.0,0.851,0.0567,0.0,44,16,46,21,24,17,5,34,21,13,0,72,48,18,31,11,17,7,175,104,62,9,10,0,2049,42,36.36,45.65,37.5,138,55,39.86,10,149,92,14,1.2481,0.4538,1.3048,0.5957,0.6808,0.4822,0.1418,0.9644,0.5957,0.3687,0.0,2.0423,1.3615,0.5106,0.8793,0.312,0.4822,0.1986,4.9639,2.95,1.7586,0.2553,0.2837,0.0,58.1203,1.1913,3.9144,1.5601,0.2837,4.2264,2.6096,0.3971,28,23,3,6,0,0,0.7942,0.6524,0.0851,0.1702,0.0,0.0,14,2,10,2,1,0,3,0,6,1,8,1,291.6881965068645,,5,20.83,0.3971,0.0567,0.2837,0.0567,0.0284,0.0,0.0851,0.0,0.1702,0.0284,0.2269,0.0284,8.2738,0.1418,68,22,31,0,0,258,,,32.35,1.9288,0.624,0.8793,0.0,0.0,7.3182,12,0,0,0,0,0,0,100.0,0.3404,0.0,0.0,0.0,0.0,0.0,0.0,92,89,36,29,6,8,22,24,20,14,2,0,10,4,39,26,17,29,2.6096,2.5245,1.0211,0.8226,0.1702,0.2269,0.624,0.6808,0.5673,0.3971,0.0567,0.0,0.2837,0.1135,1.1062,0.7375,0.4822,0.8226,3172.9,33,2000+,True,45.663,33.751,71.473,47.649,173.72,1.2952,0.9574,2.0273,1.3516,4.9276,-0.184,0.528
e0mrzdikm67yw88563zgovb6y,B. De Keersmaecker,Heracles Almelo,1324,1116,560,551,5,303,229,880,771,141,116,567,478,577,515,180,123,167,99,92,42,3,0,7,2,0,0,84.29,59.28,45.65,75.58,87.61,82.27,84.3,89.25,68.33,0.0,28.57,,37.6386,31.7256,15.9196,15.6638,0.1421,8.6137,6.51,25.0166,21.9179,4.0083,3.2976,16.1186,13.5886,16.4029,14.6404,5.117,3.4966,4.7475,2.8144,2.6154,1.194,0.0853,0.0,0.199,0.0569,0.0,0.0,96,133,167,2103.613302577981,9,2,0,105,135,0.0,2.7291,3.7809,4.7475,59.8014,0.2559,0.0569,0.0,2.9849,3.8378,0.0,-0.604,-0.779,10,2,5,2,5,0,20.0,0.2843,0.0569,0.1421,0.0569,0.1421,0.0,879,40,14,2,0.0,44,4,0,0,0,1,0,0.0,0,0,0,0,0,0,13,2,0.0,24.9882,1.1371,0.398,0.0569,0.0,1.2508,0.1137,0.0,0.0,0.0,0.0284,0.0,0.0,0.0,0.0,0.0,0.0,0.0,0.0,0.3696,0.0569,0.0,42,21,83,57,56,21,6,49,25,20,4,64,63,32,44,22,19,10,217,105,98,14,23,1,1574,22,50.0,68.67,50.79,188,110,58.51,24,186,139,24,1.194,0.597,2.3595,1.6204,1.592,0.597,0.1706,1.393,0.7107,0.5686,0.1137,1.8194,1.791,0.9097,1.2508,0.6254,0.5401,0.2843,6.1689,2.9849,2.7859,0.398,0.6538,0.0284,44.7456,0.6254,5.3445,3.1271,0.6823,5.2876,3.9515,0.6823,42,37,1,6,0,0,1.194,1.0518,0.0284,0.1706,0.0,0.0,26,2,6,2,19,0,1,0,6,1,20,1,622.4064171149266,,4,23.94,0.7391,0.0569,0.1706,0.0569,0.5401,0.0,0.0284,0.0,0.1706,0.0284,0.5686,0.0284,17.6937,0.1137,0,0,35,0,0,11,,,,0.0,0.0,0.995,0.0,0.0,0.3127,26,0,0,0,0,0,0,100.0,0.7391,0.0,0.0,0.0,0.0,0.0,0.0,34,62,5,9,13,13,41,42,28,21,1,1,18,8,6,8,46,37,0.9665,1.7625,0.1421,0.2559,0.3696,0.3696,1.1655,1.194,0.796,0.597,0.0284,0.0284,0.5117,0.2274,0.1706,0.2274,1.3077,1.0518,3165.9,33,2000+,True,77.151,45.547,59.49,58.561,201.709,2.1932,1.2948,1.6912,1.6648,5.7342,0.846,1.191
39yc76urwnda0ze6qb9h00ine,M. Backhaus,FC Volendam,1397,869,864,5,0,1369,852,28,17,0,0,165,161,388,381,844,327,819,301,1,1,0,0,0,0,0,0,62.2,36.75,100.0,62.24,60.71,,97.58,98.2,38.74,,,,39.8953,24.8168,24.674,0.1428,0.0,39.0957,24.3313,0.7996,0.4855,0.0,0.0,4.712,4.5978,11.0804,10.8805,24.1028,9.3384,23.3889,8.5959,0.0286,0.0286,0.0,0.0,0.0,0.0,0.0,0.0,232,55,87,1696.235294681146,0,0,0,232,55,0.0,6.6254,1.5707,2.4845,48.4408,0.0,0.0,0.0,6.6254,1.5707,0.0,1.049,0.769,0,0,0,0,0,0,,0.0,0.0,0.0,0.0,0.0,0.0,553,0,1,0,0.0,13,2,0,0,0,0,0,0,0,0,0,0,0,0,1,0,0.0,15.7925,0.0,0.0286,0.0,0.0,0.3713,0.0571,0.0,0.0,0.0,0.0,0.0,0.0,0.0,0.0,0.0,0.0,0.0,0.0,0.0286,0.0,0.0,0,0,2,2,2,0,0,1,1,0,0,21,6,6,6,6,0,0,50,49,1,0,0,1,1429,0,,100.0,100.0,8,8,100.0,1,52,1,0,0.0,0.0,0.0571,0.0571,0.0571,0.0,0.0,0.0286,0.0286,0.0,0.0,0.5997,0.1713,0.1713,0.1713,0.1713,0.0,0.0,1.4279,1.3993,0.0286,0.0,0.0,0.0286,40.8091,0.0,0.2285,0.2285,0.0286,1.485,0.0286,0.0,1,4,1,3,0,0,0.0286,0.1142,0.0286,0.0857,0.0,0.0,0,0,0,0,0,0,0,0,0,0,0,0,0,,0,,0.0,0.0,0.0,0.0,0.0,0.0,0.0,0.0,0.0,0.0,0.0,0.0,0.0,0.0,0,0,107,0,0,1,,,,0.0,0.0,3.0557,0.0,0.0,0.0286,178,40,25,280,5,1,14,100.0,5.0833,1.1423,0.7139,7.9962,0.1428,0.0286,0.3998,113,119,1,0,0,0,2,0,0,1,0,0,0,0,0,1,2,0,3.227,3.3984,0.0286,0.0,0.0,0.0,0.0571,0.0,0.0,0.0286,0.0,0.0,0.0,0.0,0.0,0.0286,0.0571,0.0,3151.5,33,2000+,True,1.704,0.852,17.89,5.111,42.594,0.0487,0.0243,0.5109,0.146,1.2164,-1.612,-1.305
bzanwdo4ihqd6d7vr06bd3845,L. Unnerstall,FC Twente,1129,795,774,19,2,1120,788,9,7,0,0,225,222,394,389,510,184,498,169,0,0,0,0,0,0,0,0,70.42,33.94,,70.36,77.78,,98.67,98.73,36.08,,,,32.2787,22.7294,22.129,0.5432,0.0572,32.0213,22.5293,0.2573,0.2001,0.0,0.0,6.4329,6.3471,11.2647,11.1217,14.5811,5.2606,14.2381,4.8318,0.0,0.0,0.0,0.0,0.0,0.0,0.0,0.0,135,33,50,852.4935990708143,0,0,0,135,33,0.0,3.8597,0.9435,1.4295,24.3732,0.0,0.0,0.0,3.8597,0.9435,0.0,-0.125,-0.407,0,0,0,0,0,0,,0.0,0.0,0.0,0.0,0.0,0.0,532,0,3,0,0.0,10,1,0,0,0,0,0,0,0,0,0,0,0,0,3,0,0.0,15.2101,0.0,0.0858,0.0,0.0,0.2859,0.0286,0.0,0.0,0.0,0.0,0.0,0.0,0.0,0.0,0.0,0.0,0.0,0.0,0.0858,0.0,0.0,2,2,0,0,0,0,0,0,0,0,0,12,7,5,7,5,0,0,59,56,3,0,0,1,1147,0,100.0,,71.43,9,7,77.78,1,56,3,0,0.0572,0.0572,0.0,0.0,0.0,0.0,0.0,0.0,0.0,0.0,0.0,0.3431,0.2001,0.143,0.2001,0.143,0.0,0.0,1.6868,1.6011,0.0858,0.0,0.0,0.0286,32.7933,0.0,0.2573,0.2001,0.0286,1.6011,0.0858,0.0,1,1,0,2,0,0,0.0286,0.0286,0.0,0.0572,0.0,0.0,0,0,0,0,0,0,0,0,0,0,0,0,0,,0,,0.0,0.0,0.0,0.0,0.0,0.0,0.0,0.0,0.0,0.0,0.0,0.0,0.0,0.0,0,0,48,0,0,1,,,,0.0,0.0,1.3723,0.0,0.0,0.0286,93,21,7,207,4,6,16,100.0,2.6589,0.6004,0.2001,5.9182,0.1144,0.1715,0.4574,51,84,2,1,0,0,0,0,0,0,0,0,0,0,1,2,0,0,1.4581,2.4016,0.0572,0.0286,0.0,0.0,0.0,0.0,0.0,0.0,0.0,0.0,0.0,0.0,0.0286,0.0572,0.0,0.0,3147.9,32,2000+,True,0.0,0.0,13.675,7.977,67.237,0.0,0.0,0.391,0.2281,1.9223,-1.668,-1.353
cetavjue5femoxid9fmcd0zjd,J. Schendelaar,PEC Zwolle,1355,923,902,18,3,1345,914,10,9,0,0,223,220,375,363,757,340,738,319,0,0,0,0,0,0,0,0,68.12,43.22,,67.96,90.0,,98.65,96.8,44.91,,,,39.1644,26.678,26.071,0.5203,0.0867,38.8753,26.4179,0.289,0.2601,0.0,0.0,6.4455,6.3588,10.8388,10.492,21.88,9.8272,21.3308,9.2202,0.0,0.0,0.0,0.0,0.0,0.0,0.0,0.0,265,58,96,1734.327952426463,0,0,0,265,58,0.0,7.6595,1.6764,2.7747,50.1283,0.0,0.0,0.0,7.6595,1.6764,0.0,1.488,1.208,0,0,0,0,0,0,,0.0,0.0,0.0,0.0,0.0,0.0,575,0,1,0,0.0,6,0,0,0,0,0,0,0,0,0,0,0,0,0,1,0,0.0,16.6196,0.0,0.0289,0.0,0.0,0.1734,0.0,0.0,0.0,0.0,0.0,0.0,0.0,0.0,0.0,0.0,0.0,0.0,0.0,0.0289,0.0,0.0,0,0,1,1,1,0,0,3,3,0,0,17,16,15,16,15,0,0,38,37,1,0,0,4,1379,0,,100.0,93.75,17,16,94.12,4,41,1,0,0.0,0.0,0.0289,0.0289,0.0289,0.0,0.0,0.0867,0.0867,0.0,0.0,0.4914,0.4625,0.4336,0.4625,0.4336,0.0,0.0,1.0983,1.0694,0.0289,0.0,0.0,0.1156,39.8581,0.0,0.4914,0.4625,0.1156,1.185,0.0289,0.0,1,6,0,0,0,0,0.0289,0.1734,0.0,0.0,0.0,0.0,1,1,0,0,1,1,0,0,0,0,1,1,103.22584095564443,,1,103.23,0.0289,0.0289,0.0,0.0,0.0289,0.0289,0.0,0.0,0.0,0.0,0.0289,0.0289,2.9836,0.0289,0,0,70,0,0,0,,,,0.0,0.0,2.0233,0.0,0.0,0.0,125,33,12,308,17,9,13,100.0,3.6129,0.9538,0.3468,8.9023,0.4914,0.2601,0.3757,117,148,0,1,0,1,0,1,2,1,0,1,0,1,0,1,1,0,3.3817,4.2777,0.0,0.0289,0.0,0.0289,0.0,0.0289,0.0578,0.0289,0.0,0.0289,0.0,0.0289,0.0,0.0289,0.0289,0.0,3113.8,32,2000+,True,0.982,2.945,16.687,15.705,37.3,0.0284,0.0851,0.4823,0.4539,1.0781,-1.636,-1.186
9lctm8txbd4n87mk61lwa0rf9,S. Bakari,Sparta Rotterdam,1477,1158,546,608,4,436,309,713,608,328,241,686,556,620,502,171,100,243,129,63,31,1,0,74,20,0,0,78.4,53.09,49.21,70.87,85.27,73.48,81.05,80.97,58.48,0.0,27.03,,42.7194,33.4929,15.792,17.5852,0.1157,12.6105,8.9372,20.6222,17.5852,9.4868,6.9705,19.8412,16.0812,17.9323,14.5194,4.9458,2.8923,7.0283,3.7311,1.8222,0.8966,0.0289,0.0,2.1403,0.5785,0.0,0.0,170,96,183,2213.5821693546673,15,14,6,185,110,6.0,4.9169,2.7766,5.2929,64.0237,0.4338,0.4049,0.1735,5.3508,3.1815,0.1735,0.324,0.227,75,20,0,0,75,20,26.67,2.1692,0.5785,0.0,0.0,2.1692,0.5785,821,41,30,3,0.0,54,7,0,0,0,11,1,0.0,1,0,0.0,0,0,0,18,2,0.0,23.7459,1.1858,0.8677,0.0868,0.0,1.5618,0.2025,0.0,0.0,0.0,0.3182,0.0289,0.0,0.0289,0.0,0.0,0.0,0.0,0.0,0.5206,0.0578,0.0,51,27,87,63,52,30,5,29,19,10,0,83,46,19,33,11,13,8,171,113,50,8,13,1,1712,26,52.94,72.41,41.3,184,109,59.24,14,184,90,13,1.4751,0.7809,2.5163,1.8222,1.504,0.8677,0.1446,0.8388,0.5495,0.2892,0.0,2.4006,1.3305,0.5495,0.9545,0.3182,0.376,0.2314,4.9458,3.2683,1.4462,0.2314,0.376,0.0289,49.5163,0.752,5.3218,3.1526,0.4049,5.3218,2.6031,0.376,19,11,3,3,1,0,0.5495,0.3182,0.0868,0.0868,0.0289,0.0,17,0,1,0,15,0,1,0,7,0,10,0,370.39607265396245,,3,21.79,0.4917,0.0,0.0289,0.0,0.4338,0.0,0.0289,0.0,0.2025,0.0,0.2892,0.0,10.713,0.0868,0,0,9,0,0,253,,,,0.0,0.0,0.2603,0.0,0.0,7.3175,15,0,0,0,0,0,0,100.0,0.4338,0.0,0.0,0.0,0.0,0.0,0.0,97,73,19,11,8,9,48,39,17,12,0,0,14,3,18,12,38,49,2.8055,2.1114,0.5495,0.3182,0.2314,0.2603,1.3883,1.128,0.4917,0.3471,0.0,0.0,0.4049,0.0868,0.5206,0.3471,1.0991,1.4172,3111.7,34,2000+,True,82.106,27.369,78.331,43.413,161.382,2.3748,0.7916,2.2656,1.2556,4.6677,1.054,0.203
e3akocgpppdty3ayxty1gf6xh,D. Mirani,FC Volendam,1304,961,606,350,5,386,297,744,555,174,109,572,416,574,470,158,75,164,68,252,97,1,0,3,0,0,0,73.7,41.46,38.49,76.94,74.6,62.64,72.73,81.88,47.47,0.0,0.0,,37.7789,27.8416,17.5567,10.14,0.1449,11.183,8.6045,21.5548,16.0792,5.041,3.1579,16.5717,12.0521,16.6296,13.6166,4.5775,2.1729,4.7513,1.9701,7.3008,2.8102,0.029,0.0,0.0869,0.0,0.0,0.0,119,107,132,2050.2879110084286,7,1,0,126,108,0.0,3.4476,3.1,3.8242,59.3999,0.2028,0.029,0.0,3.6504,3.1289,0.0,-0.299,-0.496,4,0,1,0,3,0,0.0,0.1159,0.0,0.029,0.0,0.0869,0.0,877,140,20,1,0.0,35,1,0,0,0,0,0,0,10,0,0.0,0,0,0,10,1,0.0,25.408,4.056,0.5794,0.029,0.0,1.014,0.029,0.0,0.0,0.0,0.0,0.0,0.0,0.2897,0.0,0.0,0.0,0.0,0.0,0.2897,0.029,0.0,7,4,48,29,34,13,1,41,25,15,1,146,253,133,98,54,155,79,125,64,58,3,9,2,1562,54,57.14,60.42,52.57,308,166,53.9,11,123,86,5,0.2028,0.1159,1.3906,0.8402,0.985,0.3766,0.029,1.1878,0.7243,0.4346,0.029,4.2298,7.3298,3.8532,2.8392,1.5645,4.4906,2.2887,3.6214,1.8542,1.6803,0.0869,0.2607,0.0579,45.2535,1.5645,8.9232,4.8093,0.3187,3.5635,2.4915,0.1449,18,14,8,3,0,0,0.5215,0.4056,0.2318,0.0869,0.0,0.0,21,3,2,0,3,1,16,2,18,3,3,0,211.08424284531304,,4,10.05,0.6084,0.0869,0.0579,0.0,0.0869,0.029,0.4635,0.0579,0.5215,0.0869,0.0869,0.0,6.1154,0.1159,0,0,18,0,0,11,,,,0.0,0.0,0.5215,0.0,0.0,0.3187,32,0,0,0,0,0,0,100.0,0.9271,0.0,0.0,0.0,0.0,0.0,0.0,55,64,12,8,8,13,29,19,18,23,0,3,13,8,15,5,21,27,1.5934,1.8542,0.3477,0.2318,0.2318,0.3766,0.8402,0.5505,0.5215,0.6663,0.0,0.0869,0.3766,0.2318,0.4346,0.1449,0.6084,0.7822,3106.5,34,2000+,True,40.891,34.927,124.375,215.527,106.486,1.1847,1.0119,3.6033,6.2441,3.0851,-0.31,0.635
f07qmqesi1rpw7eapoz9rb0gk,J. Baas,SBV Excelsior,1383,1068,436,631,1,273,214,789,653,321,201,577,459,565,473,241,136,221,118,116,65,1,0,137,42,0,0,77.22,53.39,56.03,78.39,82.76,62.62,79.55,83.72,56.43,0.0,30.66,,40.478,31.2585,12.761,18.4683,0.0293,7.9902,6.2634,23.0927,19.1122,9.3951,5.8829,16.8878,13.4341,16.5366,13.8439,7.0537,3.9805,6.4683,3.4537,3.3951,1.9024,0.0293,0.0,4.0098,1.2293,0.0,0.0,130,98,107,1534.0994462082626,16,9,1,146,107,1.0,3.8049,2.8683,3.1317,44.9005,0.4683,0.2634,0.0293,4.2732,3.1317,0.0293,-0.148,-0.231,138,42,71,17,67,25,30.43,4.039,1.2293,2.078,0.4976,1.961,0.7317,847,64,49,3,0.0,81,12,0,0,0,31,3,0.0,0,0,0,3,0,0.0,15,0,0.0,24.7902,1.8732,1.4341,0.0878,0.0,2.3707,0.3512,0.0,0.0,0.0,0.9073,0.0878,0.0,0.0,0.0,0.0,0.0878,0.0,0.0,0.439,0.0,0.0,20,11,66,42,27,29,10,49,22,25,2,36,78,38,40,22,38,16,147,62,75,10,13,0,1561,11,55.0,63.64,48.72,164,91,55.49,13,111,129,22,0.5854,0.322,1.9317,1.2293,0.7902,0.8488,0.2927,1.4341,0.6439,0.7317,0.0585,1.0537,2.2829,1.1122,1.1707,0.6439,1.1122,0.4683,4.3024,1.8146,2.1951,0.2927,0.3805,0.0,45.6878,0.322,4.8,2.6634,0.3805,3.2488,3.7756,0.6439,34,32,2,8,0,0,0.9951,0.9366,0.0585,0.2341,0.0,0.0,13,2,3,0,9,2,1,0,5,1,8,1,282.3123508936293,,5,21.72,0.3805,0.0585,0.0878,0.0,0.2634,0.0585,0.0293,0.0,0.1463,0.0293,0.2341,0.0293,8.2628,0.1463,101,44,77,0,0,10,,,43.56,2.9561,1.2878,2.2537,0.0,0.0,0.2927,13,0,0,0,0,0,0,100.0,0.3805,0.0,0.0,0.0,0.0,0.0,0.0,56,74,22,27,7,6,37,29,19,30,0,2,9,4,32,17,28,38,1.639,2.1659,0.6439,0.7902,0.2049,0.1756,1.0829,0.8488,0.5561,0.878,0.0,0.0585,0.2634,0.1171,0.9366,0.4976,0.8195,1.1122,3075.0,33,2000+,True,60.605,44.995,33.057,71.624,134.984,1.7738,1.3169,0.9675,2.0963,3.9508,0.365,1.235
9q90ls3k1i2739wd6a20fku6t,V. Barkas,FC Utrecht,1094,757,733,21,3,1083,748,11,9,0,0,170,166,357,349,567,242,552,226,2,2,0,0,0,0,0,0,69.2,40.94,100.0,69.07,81.82,,97.65,97.76,42.68,,,,32.032,22.1647,21.462,0.6149,0.0878,31.7099,21.9012,0.3221,0.2635,0.0,0.0,4.9776,4.8604,10.4529,10.2186,16.6016,7.0857,16.1624,6.6172,0.0586,0.0586,0.0,0.0,0.0,0.0,0.0,0.0,185,29,45,827.7113627731336,0,0,0,185,29,0.0,5.4167,0.8491,1.3176,24.2352,0.0,0.0,0.0,5.4167,0.8491,0.0,0.536,0.255,0,0,0,0,0,0,,0.0,0.0,0.0,0.0,0.0,0.0,391,0,1,0,0.0,4,0,0,0,0,0,0,0,0,0,0,0,0,0,1,0,0.0,11.4484,0.0,0.0293,0.0,0.0,0.1171,0.0,0.0,0.0,0.0,0.0,0.0,0.0,0.0,0.0,0.0,0.0,0.0,0.0,0.0293,0.0,0.0,0,0,2,2,2,0,0,0,0,0,0,10,8,8,8,8,0,0,40,37,3,0,0,1,1105,0,,100.0,100.0,10,10,100.0,1,39,3,0,0.0,0.0,0.0586,0.0586,0.0586,0.0,0.0,0.0,0.0,0.0,0.0,0.2928,0.2342,0.2342,0.2342,0.2342,0.0,0.0,1.1712,1.0833,0.0878,0.0,0.0,0.0293,32.3541,0.0,0.2928,0.2928,0.0293,1.1419,0.0878,0.0,0,3,0,2,0,0,0.0,0.0878,0.0,0.0586,0.0,0.0,0,0,0,0,0,0,0,0,0,0,0,0,0,,0,,0.0,0.0,0.0,0.0,0.0,0.0,0.0,0.0,0.0,0.0,0.0,0.0,0.0,0.0,0,0,63,0,0,1,,,,0.0,0.0,1.8446,0.0,0.0,0.0293,118,39,4,227,3,5,8,100.0,3.455,1.1419,0.1171,6.6465,0.0878,0.1464,0.2342,87,90,0,1,0,0,1,1,0,0,0,0,0,0,1,0,1,1,2.5473,2.6352,0.0,0.0293,0.0,0.0,0.0293,0.0293,0.0,0.0,0.0,0.0,0.0,0.0,0.0293,0.0,0.0293,0.0293,3073.8,31,2000+,True,1.934,0.0,9.669,7.736,38.678,0.0566,0.0,0.2831,0.2265,1.1325,-1.603,-1.353
9fpb7g8ij9dqtuqhnimy5fap5,Rodrigo Guth,Fortuna Sittard,1352,1047,648,395,4,615,476,638,514,99,57,468,361,638,577,246,109,244,88,184,93,1,1,10,2,0,0,77.44,36.07,50.54,77.4,80.56,57.58,77.14,90.44,44.31,100.0,20.0,,40.165,31.1041,19.2507,11.7346,0.1188,18.2703,14.1409,18.9536,15.2698,2.9411,1.6933,13.9033,10.7245,18.9536,17.1414,7.3081,3.2382,7.2487,2.6143,5.4662,2.7628,0.0297,0.0297,0.2971,0.0594,0.0,0.0,119,86,142,2606.574298914323,12,4,4,131,90,4.0,3.5352,2.5549,4.2185,77.4358,0.3565,0.1188,0.1188,3.8917,2.6737,0.1188,-0.262,-0.393,11,3,1,1,10,2,27.27,0.3268,0.0891,0.0297,0.0297,0.2971,0.0594,877,60,17,3,0.0,37,4,0,0,0,2,1,0.0,9,1,0.0,0,0,0,6,1,0.0,26.0538,1.7825,0.505,0.0891,0.0,1.0992,0.1188,0.0,0.0,0.0,0.0594,0.0297,0.0,0.2674,0.0297,0.0,0.0,0.0,0.0,0.1782,0.0297,0.0,11,7,36,19,22,12,2,31,20,11,0,105,155,99,81,53,74,46,152,100,51,1,10,2,1559,69,63.64,52.78,63.87,202,125,61.88,12,142,74,3,0.3268,0.208,1.0695,0.5644,0.6536,0.3565,0.0594,0.9209,0.5942,0.3268,0.0,3.1193,4.6047,2.9411,2.4063,1.5745,2.1984,1.3666,4.5156,2.9708,1.5151,0.0297,0.2971,0.0594,46.3146,2.0498,6.001,3.7135,0.3565,4.2185,2.1984,0.0891,34,3,13,7,0,1,1.0101,0.0891,0.3862,0.208,0.0,0.0297,24,3,3,0,6,0,15,3,20,3,4,0,340.56319564701613,,6,14.19,0.713,0.0891,0.0891,0.0,0.1782,0.0,0.4456,0.0891,0.5942,0.0891,0.1188,0.0,10.1174,0.1782,0,0,25,0,0,2,,,,0.0,0.0,0.7427,0.0,0.0,0.0594,24,0,0,0,0,0,0,100.0,0.713,0.0,0.0,0.0,0.0,0.0,0.0,72,47,12,5,14,10,19,17,15,16,3,0,13,11,9,8,13,23,2.139,1.3963,0.3565,0.1485,0.4159,0.2971,0.5644,0.505,0.4456,0.4753,0.0891,0.0,0.3862,0.3268,0.2674,0.2377,0.3862,0.6833,3029.5,32,2000+,True,31.65,27.254,92.312,136.27,133.633,0.9403,0.8097,2.7424,4.0483,3.97,-0.59,0.238
da7xrsi98gdp2ccwckrhmixn9,T. Robinet,Almere City FC,821,496,236,259,1,55,27,407,246,359,223,556,347,219,131,46,18,48,18,211,69,3,1,19,3,0,0,60.41,37.5,32.7,49.09,60.44,62.12,62.41,59.82,39.13,33.33,15.79,,24.416,14.7507,7.0185,7.7025,0.0297,1.6357,0.803,12.1039,7.3159,10.6764,6.6319,16.535,10.3195,6.5129,3.8958,1.368,0.5353,1.4275,0.5353,6.275,2.052,0.0892,0.0297,0.565,0.0892,0.0,0.0,46,44,65,801.1907834500217,16,9,4,62,53,4.0,1.368,1.3085,1.9331,23.8268,0.4758,0.2677,0.119,1.8438,1.5762,0.119,-1.182,-1.264,22,4,8,1,14,3,18.18,0.6543,0.119,0.2379,0.0297,0.4163,0.0892,743,391,23,3,0.0,43,4,1,0,0.0,1,0,0.0,6,0,0.0,0,0,0,15,3,0.0,22.0963,11.6281,0.684,0.0892,0.0,1.2788,0.119,0.0297,0.0,0.0,0.0297,0.0,0.0,0.1784,0.0,0.0,0.0,0.0,0.0,0.4461,0.0892,0.0,31,15,39,18,13,15,11,11,4,5,2,44,325,150,51,27,274,123,116,26,71,19,50,0,1133,132,48.39,46.15,46.15,395,183,46.33,50,43,91,32,0.9219,0.4461,1.1598,0.5353,0.3866,0.4461,0.3271,0.3271,0.119,0.1487,0.0595,1.3085,9.6653,4.4609,1.5167,0.803,8.1486,3.6579,3.4498,0.7732,2.1115,0.565,1.487,0.0,33.6946,3.9256,11.747,5.4423,1.487,1.2788,2.7063,0.9517,24,29,0,4,1,0,0.7137,0.8624,0.0,0.119,0.0297,0.0,72,11,7,0,51,9,14,2,56,10,16,1,1089.0070231046736,,14,15.13,2.1412,0.3271,0.2082,0.0,1.5167,0.2677,0.4163,0.0595,1.6654,0.2974,0.4758,0.0297,32.3863,0.4163,0,0,0,0,0,3,,,,0.0,0.0,0.0,0.0,0.0,0.0892,0,0,0,0,0,0,0,,0.0,0.0,0.0,0.0,0.0,0.0,0.0,20,26,11,12,40,32,20,19,7,4,4,7,33,39,12,11,15,24,0.5948,0.7732,0.3271,0.3569,1.1896,0.9517,0.5948,0.565,0.2082,0.119,0.119,0.2082,0.9814,1.1598,0.3569,0.3271,0.4461,0.7137,3026.3,33,2000+,True,34.795,9.814,39.256,289.962,103.494,1.0348,0.2919,1.1674,8.6233,3.0778,-0.482,-0.779
d92v6n4pf20eepvli92lqau39,O. Boscagli,PSV Eindhoven,2838,2474,1841,626,7,958,799,1737,1560,143,115,820,720,1503,1401,515,353,479,302,180,106,18,5,0,0,0,0,87.17,63.05,58.89,83.4,89.81,80.42,87.8,93.21,68.54,27.78,,,84.5398,73.6968,54.8406,18.6476,0.2085,28.5374,23.801,51.7426,46.4701,4.2598,3.4257,24.4266,21.4477,44.7721,41.7337,15.3411,10.5153,14.2687,8.9961,5.3619,3.1576,0.5362,0.1489,0.0,0.0,0.0,0.0,414,398,420,6763.029913415476,12,6,3,426,404,3.0,12.3324,11.8558,12.5112,201.4605,0.3575,0.1787,0.0894,12.6899,12.0346,0.0894,3.472,3.346,18,5,14,3,4,2,27.78,0.5362,0.1489,0.417,0.0894,0.1192,0.0596,2017,26,32,2,0.0,81,10,0,0,0,4,0,0.0,0,0,0,0,0,0,28,2,0.0,60.0834,0.7745,0.9532,0.0596,0.0,2.4129,0.2979,0.0,0.0,0.0,0.1192,0.0,0.0,0.0,0.0,0.0,0.0,0.0,0.0,0.8341,0.0596,0.0,20,15,41,26,23,13,5,66,31,31,4,119,132,82,116,72,16,10,249,125,121,3,3,3,3066,20,75.0,63.41,62.12,193,123,63.73,6,179,165,12,0.5958,0.4468,1.2213,0.7745,0.6851,0.3873,0.1489,1.966,0.9234,0.9234,0.1192,3.5448,3.9321,2.4427,3.4555,2.1448,0.4766,0.2979,7.4173,3.7236,3.6044,0.0894,0.0894,0.0894,91.3315,0.5958,5.7492,3.664,0.1787,5.3321,4.9151,0.3575,20,24,14,3,0,0,0.5958,0.7149,0.417,0.0894,0.0,0.0,23,4,14,2,4,0,5,2,11,3,12,1,540.5354149762973,,6,23.5,0.6851,0.1192,0.417,0.0596,0.1192,0.0,0.1489,0.0596,0.3277,0.0894,0.3575,0.0298,16.1017,0.1787,1,1,66,0,0,14,,,100.0,0.0298,0.0298,1.966,0.0,0.0,0.417,16,0,0,0,0,0,0,100.0,0.4766,0.0,0.0,0.0,0.0,0.0,0.0,257,157,19,13,14,9,14,27,34,32,3,1,13,10,22,10,19,22,7.6556,4.6768,0.566,0.3873,0.417,0.2681,0.417,0.8043,1.0128,0.9532,0.0894,0.0298,0.3873,0.2979,0.6553,0.2979,0.566,0.6553,3021.3,33,2000+,True,57.471,92.514,166.806,185.028,349.031,1.712,2.7559,4.9689,5.5117,10.3971,0.294,4.062
b23be312oxcbusvpjnnriukq2,Y. Oukili,RKC Waalwijk,967,758,384,372,2,180,133,535,442,252,183,527,411,339,288,101,59,106,56,78,36,7,4,17,6,0,0,78.39,52.83,46.15,73.89,82.62,72.62,77.99,84.96,58.42,57.14,35.29,,28.9155,22.666,11.4825,11.1237,0.0598,5.3824,3.977,15.9977,13.2168,7.5354,5.4721,15.7585,12.2899,10.1369,8.6119,3.0201,1.7642,3.1696,1.6745,2.3324,1.0765,0.2093,0.1196,0.5083,0.1794,0.0,0.0,79,78,103,1225.9881665057285,18,10,4,97,88,4.0,2.3623,2.3324,3.0799,36.6599,0.5382,0.299,0.1196,2.9005,2.6314,0.1196,-0.76,-0.815,24,10,19,9,5,1,41.67,0.7177,0.299,0.5681,0.2691,0.1495,0.0299,700,105,32,0,0.0,64,1,0,0,0,6,0,0.0,0,0,0,0,0,0,26,0,0.0,20.9316,3.1397,0.9569,0.0,0.0,1.9137,0.0299,0.0,0.0,0.0,0.1794,0.0,0.0,0.0,0.0,0.0,0.0,0.0,0.0,0.7775,0.0,0.0,63,35,95,53,48,36,11,30,20,10,0,70,61,43,40,31,21,12,196,90,96,10,23,1,1257,38,55.56,55.79,70.49,219,131,59.82,24,158,142,21,1.8838,1.0466,2.8407,1.5848,1.4353,1.0765,0.3289,0.8971,0.598,0.299,0.0,2.0932,1.824,1.2858,1.1961,0.927,0.6279,0.3588,5.8609,2.6912,2.8706,0.299,0.6878,0.0299,37.5872,1.1363,6.5486,3.9172,0.7177,4.7246,4.2461,0.6279,51,42,1,6,0,0,1.525,1.2559,0.0299,0.1794,0.0,0.0,36,5,6,1,29,4,1,0,17,2,19,3,738.5840761456427,,5,20.52,1.0765,0.1495,0.1794,0.0299,0.8672,0.1196,0.0299,0.0,0.5083,0.0598,0.5681,0.0897,22.0854,0.1495,0,0,13,0,0,1,,,,0.0,0.0,0.3887,0.0,0.0,0.0299,13,0,0,0,0,0,0,100.0,0.3887,0.0,0.0,0.0,0.0,0.0,0.0,32,47,19,13,19,17,52,43,16,14,4,1,18,18,15,17,47,48,0.9569,1.4054,0.5681,0.3887,0.5681,0.5083,1.5549,1.2858,0.4784,0.4186,0.1196,0.0299,0.5382,0.5382,0.4485,0.5083,1.4054,1.4353,3009.8,32,2000+,True,86.836,27.422,63.984,55.758,179.156,2.5966,0.82,1.9133,1.6673,5.3572,1.308,0.258
dp0q4f4gbj2buhcu1lb5dzxed,Ivo Pinto,Fortuna Sittard,1397,936,520,413,3,305,186,620,478,472,272,557,445,593,395,247,96,363,150,51,25,1,1,149,38,0,0,67.0,41.32,49.02,60.98,77.1,57.63,79.89,66.61,38.87,100.0,25.5,,41.8974,28.0716,15.5953,12.3863,0.09,9.1473,5.5783,18.5944,14.3357,14.1558,8.1576,16.705,13.346,17.7847,11.8464,7.4078,2.8791,10.8867,4.4987,1.5295,0.7498,0.03,0.03,4.4687,1.1397,0.0,0.0,253,110,154,2300.4241785412996,32,19,5,285,129,5.0,7.5877,3.299,4.6186,68.992,0.9597,0.5698,0.15,8.5474,3.8688,0.15,1.458,1.585,150,39,1,0,149,39,26.0,4.4987,1.1696,0.03,0.0,4.4687,1.1696,754,44,44,3,0.0,86,5,0,0,0,24,1,0.0,1,0,0.0,2,0,0.0,17,2,0.0,22.6132,1.3196,1.3196,0.09,0.0,2.5792,0.15,0.0,0.0,0.0,0.7198,0.03,0.0,0.03,0.0,0.0,0.06,0.0,0.0,0.5098,0.06,0.0,49,19,59,41,39,14,6,25,13,11,1,72,24,11,19,9,5,2,145,89,45,11,14,0,1622,18,38.78,69.49,45.83,132,71,53.79,14,141,70,18,1.4696,0.5698,1.7695,1.2296,1.1696,0.4199,0.1799,0.7498,0.3899,0.3299,0.03,2.1594,0.7198,0.3299,0.5698,0.2699,0.15,0.06,4.3487,2.6692,1.3496,0.3299,0.4199,0.0,48.6454,0.5398,3.9588,2.1294,0.4199,4.2287,2.0994,0.5398,25,9,3,6,0,0,0.7498,0.2699,0.09,0.1799,0.0,0.0,8,0,0,0,8,0,0,0,3,0,5,0,187.99109204789264,,3,23.5,0.2399,0.0,0.0,0.0,0.2399,0.0,0.0,0.0,0.09,0.0,0.15,0.0,5.638,0.09,7,6,31,0,0,279,,,85.71,0.2099,0.1799,0.9297,0.0,0.0,8.3675,6,0,0,0,0,0,0,100.0,0.1799,0.0,0.0,0.0,0.0,0.0,0.0,121,132,20,24,4,4,26,33,12,13,0,0,7,1,29,15,31,28,3.6289,3.9588,0.5998,0.7198,0.12,0.12,0.7798,0.9897,0.3599,0.3899,0.0,0.0,0.2099,0.03,0.8697,0.4499,0.9297,0.8397,3000.9,32,2000+,True,51.871,21.979,63.3,21.1,127.479,1.5557,0.6592,1.8984,0.6328,3.8232,0.115,-0.058
61a5bh5xw947nv4mxx62gqaqx,J. Kramer,Go Ahead Eagles,1717,1440,849,588,3,868,731,797,670,52,39,639,551,835,750,243,139,223,112,197,96,5,1,0,0,0,0,83.87,50.22,48.73,84.22,84.07,75.0,86.23,89.82,57.2,20.0,,,51.7151,43.372,25.5714,17.7103,0.0904,26.1437,22.0173,24.0052,20.18,1.5662,1.1747,19.2463,16.5958,25.1498,22.5896,7.319,4.1866,6.7166,3.3734,5.9335,2.8915,0.1506,0.0301,0.0,0.0,0.0,0.0,156,114,248,4343.370283483217,1,2,0,157,116,0.0,4.6986,3.4336,7.4696,130.82,0.0301,0.0602,0.0,4.7288,3.4939,0.0,0.232,-0.037,5,1,5,1,0,0,20.0,0.1506,0.0301,0.1506,0.0301,0.0,0.0,1002,24,5,0,0.0,22,0,0,0,0,0,0,0,1,0,0.0,0,0,0,4,0,0.0,30.1797,0.7229,0.1506,0.0,0.0,0.6626,0.0,0.0,0.0,0.0,0.0,0.0,0.0,0.0301,0.0,0.0,0.0,0.0,0.0,0.1205,0.0,0.0,6,5,40,26,27,12,1,30,18,10,2,184,206,106,149,85,57,21,170,96,70,4,5,1,1996,29,83.33,65.0,51.46,252,137,54.37,6,141,92,7,0.1807,0.1506,1.2048,0.7831,0.8132,0.3614,0.0301,0.9036,0.5422,0.3012,0.0602,5.542,6.2046,3.1927,4.4878,2.5602,1.7168,0.6325,5.1203,2.8915,2.1084,0.1205,0.1506,0.0301,60.1185,0.8735,7.5901,4.1264,0.1807,4.2468,2.771,0.2108,11,7,7,3,0,0,0.3313,0.2108,0.2108,0.0904,0.0,0.0,22,3,7,0,4,1,11,2,18,3,4,0,300.7029405936426,,3,13.67,0.6626,0.0904,0.2108,0.0,0.1205,0.0301,0.3313,0.0602,0.5422,0.0904,0.1205,0.0,9.057,0.0904,0,0,36,0,0,7,,,,0.0,0.0,1.0843,0.0,0.0,0.2108,37,0,0,0,0,0,0,100.0,1.1144,0.0,0.0,0.0,0.0,0.0,0.0,62,94,2,3,12,9,18,22,11,18,2,1,13,9,4,1,19,21,1.8674,2.8312,0.0602,0.0904,0.3614,0.2711,0.5422,0.6626,0.3313,0.5422,0.0602,0.0301,0.3916,0.2711,0.1205,0.0301,0.5723,0.6325,2988.1,32,2000+,True,36.643,27.482,168.557,188.711,155.732,1.1037,0.8277,5.0768,5.6839,4.6906,-0.403,0.273
lduqoe45t2fnbn9s9rbvlnf9,R. Pröpper,FC Twente,2242,1905,1418,471,16,918,748,1212,1066,112,91,839,754,1047,973,356,178,346,156,185,106,1,0,2,0,0,0,84.97,45.09,57.3,81.48,87.95,81.25,89.87,92.93,50.0,0.0,0.0,,67.7364,57.5548,42.8413,14.2301,0.4834,27.7351,22.5989,36.6175,32.2065,3.3838,2.7493,25.3483,22.7802,31.6325,29.3968,10.7556,5.3778,10.4535,4.7131,5.5893,3.2025,0.0302,0.0,0.0604,0.0,0.0,0.0,227,237,357,5692.305778640091,4,2,1,231,239,1.0,6.8582,7.1604,10.7859,171.9788,0.1208,0.0604,0.0302,6.9791,7.2208,0.0302,1.148,0.919,3,0,3,0,0,0,0.0,0.0906,0.0,0.0906,0.0,0.0,0.0,1543,32,14,1,0.0,44,2,0,0,0,0,0,0,1,0,0.0,0,0,0,13,1,0.0,46.6179,0.9668,0.423,0.0302,0.0,1.3293,0.0604,0.0,0.0,0.0,0.0,0.0,0.0,0.0302,0.0,0.0,0.0,0.0,0.0,0.3928,0.0302,0.0,10,4,45,30,18,23,4,32,16,14,2,90,144,93,101,74,43,19,173,96,73,4,6,1,2446,33,40.0,66.67,64.58,199,127,63.82,7,130,110,10,0.3021,0.1208,1.3596,0.9064,0.5438,0.6949,0.1208,0.9668,0.4834,0.423,0.0604,2.7191,4.3506,2.8098,3.0515,2.2357,1.2991,0.574,5.2268,2.9004,2.2055,0.1208,0.1813,0.0302,73.8998,0.997,6.0123,3.837,0.2115,3.9276,3.3234,0.3021,30,27,16,7,0,0,0.9064,0.8157,0.4834,0.2115,0.0,0.0,24,5,4,1,10,1,10,3,13,3,11,2,596.2095751233264,,6,24.84,0.7251,0.1511,0.1208,0.0302,0.3021,0.0302,0.3021,0.0906,0.3928,0.0906,0.3323,0.0604,18.013,0.1813,0,0,88,0,0,12,,,,0.0,0.0,2.6587,0.0,0.0,0.3625,16,0,0,0,0,0,0,100.0,0.4834,0.0,0.0,0.0,0.0,0.0,0.0,115,112,7,7,10,14,25,20,12,20,2,3,19,5,8,6,23,22,3.4744,3.3838,0.2115,0.2115,0.3021,0.423,0.7553,0.6042,0.3625,0.6042,0.0604,0.0906,0.574,0.1511,0.2417,0.1813,0.6949,0.6647,2978.9,33,2000+,True,51.282,36.467,102.564,164.103,197.152,1.5494,1.1018,3.0987,4.958,5.9565,0.108,0.812
3dx91sb6ktg8z1xmoti25kru,P. Koopmeiners,Almere City FC,1469,944,575,366,3,298,172,768,533,403,239,668,469,532,359,269,116,310,128,235,113,2,1,155,58,0,0,64.26,41.29,48.09,57.72,69.4,59.31,70.21,67.48,43.12,50.0,37.42,,44.5782,28.6466,17.4489,11.1066,0.091,9.0431,5.2195,23.3057,16.1744,12.2294,7.2527,20.2711,14.2322,16.144,10.8942,8.1631,3.5201,9.4072,3.8843,7.1313,3.4291,0.0607,0.0303,4.7036,1.7601,0.0,0.0,208,133,154,1941.3456236174518,18,9,2,226,142,2.0,6.312,4.036,4.6733,58.912,0.5462,0.2731,0.0607,6.8582,4.3091,0.0607,0.916,0.868,157,59,72,18,85,41,37.58,4.7643,1.7904,2.1849,0.5462,2.5794,1.2442,606,43,66,9,0.0,96,11,0,0,0,37,4,0.0,1,0,0.0,4,1,0.0,24,4,0.0,18.3896,1.3049,2.0028,0.2731,0.0,2.9132,0.3338,0.0,0.0,0.0,1.1228,0.1214,0.0,0.0303,0.0,0.0,0.1214,0.0303,0.0,0.7283,0.1214,0.0,46,23,115,66,57,50,8,41,18,21,2,88,111,70,71,42,40,28,285,128,128,29,21,1,1747,10,50.0,57.39,63.06,272,159,58.46,22,203,199,39,1.3959,0.698,3.4898,2.0028,1.7297,1.5173,0.2428,1.2442,0.5462,0.6373,0.0607,2.6704,3.3684,2.1242,2.1546,1.2745,1.2138,0.8497,8.6486,3.8843,3.8843,0.88,0.6373,0.0303,53.0144,0.3035,8.2541,4.825,0.6676,6.1602,6.0388,1.1835,75,18,2,7,1,0,2.2759,0.5462,0.0607,0.2124,0.0303,0.0,20,0,3,0,15,0,2,0,3,0,17,0,474.7246903548999,,9,23.74,0.6069,0.0,0.091,0.0,0.4552,0.0,0.0607,0.0,0.091,0.0,0.5159,0.0,14.406,0.2731,94,63,92,0,0,6,,,67.02,2.8525,1.9118,2.7918,0.0,0.0,0.1821,18,0,0,0,0,0,0,100.0,0.5462,0.0,0.0,0.0,0.0,0.0,0.0,90,118,37,29,13,7,60,55,20,21,0,0,11,9,33,33,53,62,2.7311,3.5808,1.1228,0.88,0.3945,0.2124,1.8208,1.669,0.6069,0.6373,0.0,0.0,0.3338,0.2731,1.0014,1.0014,1.6083,1.8814,2965.8,31,2000+,True,102.602,36.58,78.513,99.033,254.275,3.1136,1.1101,2.3826,3.0052,7.7162,1.901,0.828
alkcbccyfsjddm897cgz7wel1,J. Cillessen,Nijmegen Eendracht Combinatie,1084,721,703,16,2,1077,717,7,4,0,0,183,183,310,302,591,236,569,215,1,1,0,0,0,0,0,0,66.51,37.79,100.0,66.57,57.14,,100.0,97.42,39.93,,,,32.9717,21.9304,21.3829,0.4867,0.0608,32.7588,21.8088,0.2129,0.1217,0.0,0.0,5.5663,5.5663,9.4292,9.1858,17.9763,7.1783,17.3071,6.5396,0.0304,0.0304,0.0,0.0,0.0,0.0,0.0,0.0,184,45,33,608.6384473822769,0,0,0,184,45,0.0,5.5967,1.3688,1.0038,18.5128,0.0,0.0,0.0,5.5967,1.3688,0.0,0.613,0.331,0,0,0,0,0,0,,0.0,0.0,0.0,0.0,0.0,0.0,392,0,2,0,0.0,6,0,0,0,0,0,0,0,0,0,0,0,0,0,2,0,0.0,11.9233,0.0,0.0608,0.0,0.0,0.1825,0.0,0.0,0.0,0.0,0.0,0.0,0.0,0.0,0.0,0.0,0.0,0.0,0.0,0.0608,0.0,0.0,0,0,0,0,0,0,0,0,0,0,0,10,9,9,9,9,0,0,39,39,0,0,0,3,1098,0,,,100.0,9,9,100.0,3,39,0,0,0.0,0.0,0.0,0.0,0.0,0.0,0.0,0.0,0.0,0.0,0.0,0.3042,0.2738,0.2738,0.2738,0.2738,0.0,0.0,1.1863,1.1863,0.0,0.0,0.0,0.0913,33.3975,0.0,0.2738,0.2738,0.0913,1.1863,0.0,0.0,0,4,0,1,0,0,0.0,0.1217,0.0,0.0304,0.0,0.0,0,0,0,0,0,0,0,0,0,0,0,0,0,,0,,0.0,0.0,0.0,0.0,0.0,0.0,0.0,0.0,0.0,0.0,0.0,0.0,0.0,0.0,0,0,53,0,0,0,,,,0.0,0.0,1.6121,0.0,0.0,0.0,106,30,11,204,1,6,7,100.0,3.2242,0.9125,0.3346,6.205,0.0304,0.1825,0.2129,79,105,0,2,0,0,0,0,0,0,0,0,0,0,0,2,0,0,2.4029,3.1938,0.0,0.0608,0.0,0.0,0.0,0.0,0.0,0.0,0.0,0.0,0.0,0.0,0.0,0.0608,0.0,0.0,2958.9,31,2000+,True,0.0,0.0,9.675,8.708,37.733,0.0,0.0,0.2943,0.2649,1.1477,-1.668,-1.353
35qg0rrwtl00pycx468s62m3u,K. Taylor,AFC Ajax,1477,1201,593,604,4,181,137,799,685,497,379,888,738,484,405,105,58,114,63,93,52,38,10,1,0,0,0,81.31,55.26,55.91,75.69,85.73,76.26,83.11,83.68,55.24,26.32,0.0,,44.9407,36.5428,18.0432,18.3779,0.1217,5.5073,4.1685,24.3112,20.8425,15.1222,11.5318,27.0192,22.4551,14.7267,12.3229,3.1948,1.7648,3.4687,1.9169,2.8297,1.5822,1.1562,0.3043,0.0304,0.0,0.0,0.0,162,133,202,2776.1959391987816,52,27,21,214,160,21.0,4.9292,4.0468,6.1463,84.4713,1.5822,0.8215,0.639,6.5114,4.8683,0.639,0.329,0.72,39,10,33,10,6,0,25.64,1.1867,0.3043,1.0041,0.3043,0.1826,0.0,1129,158,46,6,0.0,95,12,5,2,0.0,6,2,0.0,2,0,0.0,1,0,0.0,32,2,0.0,34.3521,4.8075,1.3996,0.1826,0.0,2.8906,0.3651,0.1521,0.0609,0.0,0.1826,0.0609,0.0,0.0609,0.0,0.0,0.0304,0.0,0.0,0.9737,0.0609,0.0,51,26,43,27,14,20,9,26,12,11,3,29,49,25,32,14,17,11,135,47,68,20,32,0,1711,100,50.98,62.79,51.02,143,78,54.55,32,73,99,32,1.5518,0.7911,1.3084,0.8215,0.426,0.6085,0.2738,0.7911,0.3651,0.3347,0.0913,0.8824,1.4909,0.7607,0.9737,0.426,0.5173,0.3347,4.1076,1.4301,2.069,0.6085,0.9737,0.0,52.0606,3.0427,4.3511,2.3733,0.9737,2.2212,3.0123,0.9737,29,29,2,3,0,0,0.8824,0.8824,0.0609,0.0913,0.0,0.0,53,5,32,5,19,0,2,0,39,4,14,1,882.0335238582243,,11,16.64,1.6126,0.1521,0.9737,0.1521,0.5781,0.0,0.0609,0.0,1.1867,0.1217,0.426,0.0304,26.8376,0.3347,17,7,25,0,0,37,,,41.18,0.5173,0.213,0.7607,0.0,0.0,1.1258,9,0,0,0,0,0,0,100.0,0.2738,0.0,0.0,0.0,0.0,0.0,0.0,67,95,21,25,26,27,23,20,11,15,3,2,27,26,18,28,23,20,2.0386,2.8906,0.639,0.7607,0.7911,0.8215,0.6998,0.6085,0.3347,0.4564,0.0913,0.0609,0.8215,0.7911,0.5477,0.852,0.6998,0.6085,2957.9,34,2000+,True,53.373,32.272,35.995,60.82,167.565,1.624,0.9819,1.0952,1.8506,5.0985,0.193,0.576
9qoc020keotb4s72a09zm5pzp,M. Sadílek,FC Twente,1946,1596,838,753,5,353,271,1101,949,492,376,928,789,773,669,245,138,244,116,130,67,92,28,8,3,0,0,82.01,47.54,51.54,76.77,86.19,76.42,85.02,86.55,56.33,30.43,37.5,,59.9548,49.1716,25.8182,23.1994,0.154,10.8757,8.3493,33.921,29.238,15.1582,11.5843,28.591,24.3085,23.8156,20.6114,7.5483,4.2517,7.5175,3.5739,4.0052,2.0642,2.8345,0.8627,0.2465,0.0924,0.0,0.0,183,175,282,3757.471631349256,23,19,6,206,194,6.0,5.6381,5.3916,8.6882,115.7649,0.7086,0.5854,0.1849,6.3467,5.977,0.1849,0.63,0.65,100,31,36,12,64,19,31.0,3.0809,0.9551,1.1091,0.3697,1.9718,0.5854,1363,94,55,4,0.0,95,5,1,0,0.0,22,1,0.0,0,0,0,3,0,0.0,29,3,0.0,41.993,2.8961,1.6945,0.1232,0.0,2.9269,0.154,0.0308,0.0,0.0,0.6778,0.0308,0.0,0.0,0.0,0.0,0.0924,0.0,0.0,0.8935,0.0924,0.0,12,6,49,21,18,25,6,28,7,18,3,37,101,50,64,34,37,16,166,57,99,10,11,0,2103,41,50.0,42.86,49.5,162,77,47.53,11,82,142,19,0.3697,0.1849,1.5097,0.647,0.5546,0.7702,0.1849,0.8627,0.2157,0.5546,0.0924,1.1399,3.1117,1.5405,1.9718,1.0475,1.1399,0.4929,5.1143,1.7561,3.0501,0.3081,0.3389,0.0,64.7919,1.2632,4.9911,2.3723,0.3389,2.5264,4.3749,0.5854,32,26,1,6,0,1,0.9859,0.801,0.0308,0.1849,0.0,0.0308,28,1,24,1,3,0,1,0,4,0,24,1,660.9878238327848,,5,23.61,0.8627,0.0308,0.7394,0.0308,0.0924,0.0,0.0308,0.0,0.1232,0.0,0.7394,0.0308,20.3645,0.154,56,25,63,0,0,23,,,44.64,1.7253,0.7702,1.941,0.0,0.0,0.7086,9,0,0,0,0,0,0,100.0,0.2773,0.0,0.0,0.0,0.0,0.0,0.0,91,92,24,31,13,15,25,24,12,16,1,0,15,13,30,25,17,32,2.8036,2.8345,0.7394,0.9551,0.4005,0.4621,0.7702,0.7394,0.3697,0.4929,0.0308,0.0,0.4621,0.4005,0.9243,0.7702,0.5238,0.9859,2921.2,31,2000+,True,55.841,31.909,42.165,115.1,189.174,1.7204,0.9831,1.2991,3.5461,5.8283,0.304,0.579
60fbyywnjiz6l8n7gmi2mjld5,S. Olsson,SC Heerenveen,1178,967,545,417,5,244,186,662,576,272,205,726,609,362,302,90,56,83,47,37,16,0,0,6,1,0,0,82.09,56.63,43.24,76.23,87.01,75.37,83.88,83.43,62.22,,16.67,,36.5839,30.0311,16.9255,12.9503,0.1553,7.5776,5.7764,20.559,17.8882,8.4472,6.3665,22.5466,18.913,11.2422,9.3789,2.795,1.7391,2.5776,1.4596,1.1491,0.4969,0.0,0.0,0.1863,0.0311,0.0,0.0,82,81,191,2128.234550481395,26,14,6,108,95,6.0,2.5466,2.5155,5.9317,66.0942,0.8075,0.4348,0.1863,3.354,2.9503,0.1863,-0.682,-0.622,6,1,3,0,3,1,16.67,0.1863,0.0311,0.0932,0.0,0.0932,0.0311,925,95,35,4,0.0,68,7,0,0,0,1,0,0.0,0,0,0,0,0,0,34,4,0.0,28.7267,2.9503,1.087,0.1242,0.0,2.1118,0.2174,0.0,0.0,0.0,0.0311,0.0,0.0,0.0,0.0,0.0,0.0,0.0,0.0,1.0559,0.1242,0.0,78,44,56,32,26,25,5,24,13,9,2,13,38,16,17,10,21,6,201,91,92,18,38,0,1423,38,56.41,57.14,42.11,172,92,53.49,38,130,126,25,2.4224,1.3665,1.7391,0.9938,0.8075,0.7764,0.1553,0.7453,0.4037,0.2795,0.0621,0.4037,1.1801,0.4969,0.528,0.3106,0.6522,0.1863,6.2422,2.8261,2.8571,0.559,1.1801,0.0,44.1925,1.1801,5.3416,2.8571,1.1801,4.0373,3.913,0.7764,32,22,0,3,0,0,0.9938,0.6832,0.0,0.0932,0.0,0.0,36,2,4,0,31,2,1,0,18,2,18,0,684.1413224030748,,6,19.0,1.118,0.0621,0.1242,0.0,0.9627,0.0621,0.0311,0.0,0.559,0.0621,0.559,0.0,21.2466,0.1863,1,0,16,0,0,1,,,0.0,0.0311,0.0,0.4969,0.0,0.0,0.0311,5,0,0,0,0,0,0,100.0,0.1553,0.0,0.0,0.0,0.0,0.0,0.0,46,36,20,15,20,16,24,32,15,9,0,2,21,15,21,14,23,33,1.4286,1.118,0.6211,0.4658,0.6211,0.4969,0.7453,0.9938,0.4658,0.2795,0.0,0.0621,0.6522,0.4658,0.6522,0.4348,0.7143,1.0248,2898.0,34,2000+,True,55.59,23.824,12.905,37.722,199.529,1.7264,0.7399,0.4008,1.1715,6.1966,0.311,0.101
2esbyi3i7rtsdkxe6a917rsnp,L. Thy,PEC Zwolle,808,574,239,332,3,72,46,495,374,241,154,514,358,254,192,40,24,38,23,108,40,10,3,8,1,0,0,71.04,60.53,37.04,63.89,75.56,63.9,69.65,75.59,60.0,30.0,12.5,,25.094,17.8267,7.4226,10.3109,0.0932,2.2361,1.4286,15.3732,11.6153,7.4847,4.7828,15.9633,11.1184,7.8885,5.9629,1.2423,0.7454,1.1802,0.7143,3.3542,1.2423,0.3106,0.0932,0.2485,0.0311,0.0,0.0,43,43,70,986.6195657668413,20,14,9,63,57,9.0,1.3354,1.3354,2.174,30.6414,0.6211,0.4348,0.2795,1.9566,1.7702,0.2795,-1.196,-1.216,18,4,9,3,9,1,22.22,0.559,0.1242,0.2795,0.0932,0.2795,0.0311,729,324,21,2,0.0,49,6,1,0,0.0,2,0,0.0,0,0,0,0,0,0,18,2,0.0,22.6405,10.0625,0.6522,0.0621,0.0,1.5218,0.1863,0.0311,0.0,0.0,0.0621,0.0,0.0,0.0,0.0,0.0,0.0,0.0,0.0,0.559,0.0621,0.0,32,12,19,9,9,7,3,11,4,6,1,28,124,60,43,18,81,42,82,33,37,12,36,1,1057,116,37.5,47.37,48.39,175,81,46.29,37,46,50,16,0.9938,0.3727,0.5901,0.2795,0.2795,0.2174,0.0932,0.3416,0.1242,0.1863,0.0311,0.8696,3.8511,1.8634,1.3354,0.559,2.5156,1.3044,2.5467,1.0249,1.1491,0.3727,1.1181,0.0311,32.8272,3.6026,5.435,2.5156,1.1491,1.4286,1.5528,0.4969,10,16,1,2,0,0,0.3106,0.4969,0.0311,0.0621,0.0,0.0,63,13,24,8,19,3,20,2,55,12,8,1,847.0013341083126,,15,13.44,1.9566,0.4037,0.7454,0.2485,0.5901,0.0932,0.6211,0.0621,1.7081,0.3727,0.2485,0.0311,26.3053,0.4659,1,1,0,0,0,11,,,100.0,0.0311,0.0311,0.0,0.0,0.0,0.3416,3,0,0,0,0,0,0,100.0,0.0932,0.0,0.0,0.0,0.0,0.0,0.0,19,24,13,8,26,37,8,11,6,5,3,10,34,29,9,12,9,10,0.5901,0.7454,0.4037,0.2485,0.8075,1.1491,0.2485,0.3416,0.1863,0.1553,0.0932,0.3106,1.0559,0.9007,0.2795,0.3727,0.2795,0.3106,2897.9,32,2000+,True,18.65,10.797,27.484,121.715,80.489,0.5792,0.3353,0.8536,3.7801,2.4997,-1.004,-0.694
7wo4627xo1mx5k0vpwhe8hqll,E. Vaessen,RKC Waalwijk,1336,908,887,20,1,1305,890,30,17,1,1,170,166,417,410,749,332,722,300,0,0,0,0,0,0,0,0,67.96,41.55,,68.2,56.67,100.0,97.65,98.32,44.33,,,,41.8692,28.456,27.7979,0.6268,0.0313,40.8977,27.8919,0.9402,0.5328,0.0313,0.0313,5.3277,5.2023,13.0685,12.8491,23.4731,10.4046,22.6269,9.4018,0.0,0.0,0.0,0.0,0.0,0.0,0.0,0.0,224,67,89,1502.5672043169272,0,0,0,224,67,0.0,7.02,2.0997,2.7892,47.0893,0.0,0.0,0.0,7.02,2.0997,0.0,1.217,0.936,0,0,0,0,0,0,,0.0,0.0,0.0,0.0,0.0,0.0,586,0,2,0,0.0,10,0,0,0,0,0,0,0,0,0,0,0,0,0,2,0,0.0,18.3648,0.0,0.0627,0.0,0.0,0.3134,0.0,0.0,0.0,0.0,0.0,0.0,0.0,0.0,0.0,0.0,0.0,0.0,0.0,0.0627,0.0,0.0,3,3,2,1,2,0,0,0,0,0,0,15,15,11,13,11,2,0,57,57,0,0,0,3,1365,0,100.0,50.0,73.33,20,15,75.0,3,59,0,0,0.094,0.094,0.0627,0.0313,0.0627,0.0,0.0,0.0,0.0,0.0,0.0,0.4701,0.4701,0.3447,0.4074,0.3447,0.0627,0.0,1.7863,1.7863,0.0,0.0,0.0,0.094,42.778,0.0,0.6268,0.4701,0.094,1.849,0.0,0.0,1,9,0,3,1,0,0.0313,0.2821,0.0,0.094,0.0313,0.0,0,0,0,0,0,0,0,0,0,0,0,0,0,,0,,0.0,0.0,0.0,0.0,0.0,0.0,0.0,0.0,0.0,0.0,0.0,0.0,0.0,0.0,0,0,70,0,0,0,,,,0.0,0.0,2.1937,0.0,0.0,0.0,127,40,18,230,8,5,21,100.0,3.9801,1.2536,0.5641,7.208,0.2507,0.1567,0.6581,90,134,1,1,0,0,2,0,0,0,0,0,0,0,2,0,0,2,2.8205,4.1995,0.0313,0.0313,0.0,0.0,0.0627,0.0,0.0,0.0,0.0,0.0,0.0,0.0,0.0627,0.0,0.0,0.0627,2871.8,30,2000+,True,1.828,0.0,13.711,13.711,52.101,0.0573,0.0,0.4297,0.4297,1.6328,-1.602,-1.353
c3mpk7pjhma4lwkjl8v5mhox6,R. Hendriks,SBV Vitesse,1616,1338,866,465,7,783,655,761,639,72,44,678,572,748,674,190,92,205,89,163,82,6,0,0,0,0,0,82.8,43.41,50.31,83.65,83.97,61.11,84.37,90.11,48.42,0.0,,,50.7272,42.0006,27.1843,14.5966,0.2197,24.5788,20.5608,23.8882,20.0586,2.2601,1.3812,21.2828,17.9554,23.4802,21.1573,5.9642,2.8879,6.4351,2.7938,5.1167,2.574,0.1883,0.0,0.0,0.0,0.0,0.0,160,103,234,4041.815980412352,12,5,4,172,108,4.0,5.0225,3.2332,7.3454,126.875,0.3767,0.157,0.1256,5.3992,3.3902,0.1256,0.369,0.247,6,0,6,0,0,0,0.0,0.1883,0.0,0.1883,0.0,0.0,0.0,1020,15,8,0,0.0,23,1,0,0,0,0,0,0,2,0,0.0,0,0,0,6,0,0.0,32.0184,0.4709,0.2511,0.0,0.0,0.722,0.0314,0.0,0.0,0.0,0.0,0.0,0.0,0.0628,0.0,0.0,0.0,0.0,0.0,0.1883,0.0,0.0,29,15,48,27,28,18,2,36,22,14,0,106,117,68,89,53,28,15,160,104,52,4,7,2,1836,17,51.72,56.25,58.12,194,110,56.7,9,154,84,6,0.9103,0.4709,1.5067,0.8475,0.8789,0.565,0.0628,1.1301,0.6906,0.4395,0.0,3.3274,3.6727,2.1346,2.7938,1.6637,0.8789,0.4709,5.0225,3.2646,1.6323,0.1256,0.2197,0.0628,57.6331,0.5336,6.0898,3.453,0.2825,4.8342,2.6368,0.1883,29,24,29,7,0,0,0.9103,0.7534,0.9103,0.2197,0.0,0.0,6,0,2,0,0,0,4,0,5,0,1,0,89.05270190096937,,0,14.84,0.1883,0.0,0.0628,0.0,0.0,0.0,0.1256,0.0,0.157,0.0,0.0314,0.0,2.7954,0.0,0,0,41,0,0,33,,,,0.0,0.0,1.287,0.0,0.0,1.0359,36,0,0,0,0,0,0,100.0,1.1301,0.0,0.0,0.0,0.0,0.0,0.0,72,88,5,3,2,4,19,29,24,12,0,0,4,2,6,2,23,25,2.2601,2.7624,0.157,0.0942,0.0628,0.1256,0.5964,0.9103,0.7534,0.3767,0.0,0.0,0.1256,0.0628,0.1883,0.0628,0.722,0.7848,2867.1,31,2000+,True,48.399,36.299,106.88,117.972,161.329,1.5193,1.1394,3.355,3.7032,5.0642,0.073,0.886
4drquvq035kmr2smvzph82bx1,L. de Jong,PSV Eindhoven,846,627,213,407,7,41,30,426,314,379,283,592,442,225,166,29,19,26,15,150,62,8,3,2,1,0,0,74.11,57.69,41.33,73.17,73.71,74.67,74.66,73.78,65.52,37.5,50.0,,26.5694,19.6915,6.6895,12.7822,0.2198,1.2876,0.9422,13.3789,9.8615,11.9029,8.8879,18.5923,13.8814,7.0663,5.2134,0.9108,0.5967,0.8166,0.4711,4.7109,1.9472,0.2512,0.0942,0.0628,0.0314,0.0,0.0,36,30,81,1037.7480810163086,22,12,9,58,42,9.0,1.1306,0.9422,2.5439,32.5915,0.6909,0.3769,0.2827,1.8215,1.319,0.2827,-1.283,-1.273,10,4,9,4,1,0,40.0,0.3141,0.1256,0.2827,0.1256,0.0314,0.0,872,503,66,15,0.0,111,23,1,1,0.0,2,0,0.0,2,1,0.0,0,0,0,61,13,0.0,27.386,15.7972,2.0728,0.4711,0.0,3.4861,0.7223,0.0314,0.0314,0.0,0.0628,0.0,0.0,0.0628,0.0314,0.0,0.0,0.0,0.0,1.9158,0.4083,0.0,22,8,29,17,5,13,11,3,0,2,1,29,224,130,46,26,178,104,73,11,39,23,36,0,1172,268,36.36,58.62,58.04,275,155,56.36,36,16,54,35,0.6909,0.2512,0.9108,0.5339,0.157,0.4083,0.3455,0.0942,0.0,0.0628,0.0314,0.9108,7.0349,4.0828,1.4447,0.8166,5.5903,3.2662,2.2926,0.3455,1.2248,0.7223,1.1306,0.0,36.8078,8.4168,8.6366,4.8679,1.1306,0.5025,1.6959,1.0992,24,29,1,3,0,0,0.7537,0.9108,0.0314,0.0942,0.0,0.0,145,29,26,9,59,10,60,10,133,29,12,0,1632.9764703879803,,44,11.26,4.5539,0.9108,0.8166,0.2827,1.853,0.3141,1.8844,0.3141,4.177,0.9108,0.3769,0.0,51.2852,1.3819,0,0,0,0,0,5,,,,0.0,0.0,0.0,0.0,0.0,0.157,7,0,0,0,0,0,0,100.0,0.2198,0.0,0.0,0.0,0.0,0.0,0.0,18,18,26,40,81,64,23,6,3,0,18,11,79,66,34,32,13,16,0.5653,0.5653,0.8166,1.2562,2.5439,2.01,0.7223,0.1884,0.0942,0.0,0.5653,0.3455,2.4811,2.0728,1.0678,1.005,0.4083,0.5025,2865.7,34,2000+,True,40.65,4.205,40.65,313.987,102.326,1.2767,0.1321,1.2767,9.8611,3.2136,-0.205,-1.093
enimk3ibb10vk3f8vrmmhq7oq,S. El Karouani,FC Utrecht,1403,1025,507,516,2,280,177,684,559,439,289,646,500,588,445,169,80,251,114,89,37,123,29,3,0,0,0,73.06,45.42,41.57,63.21,81.73,65.83,77.4,75.68,47.34,23.58,0.0,,44.1411,32.2485,15.9512,16.2344,0.0629,8.8093,5.5688,21.52,17.5872,13.8118,9.0925,20.3244,15.731,18.4996,14.0006,5.3171,2.517,7.8969,3.5867,2.8001,1.1641,3.8698,0.9124,0.0944,0.0,0.0,0.0,199,107,144,1901.7688690953364,16,12,9,215,119,9.0,6.2609,3.3664,4.5305,59.8333,0.5034,0.3775,0.2832,6.7643,3.744,0.2832,0.895,0.828,126,29,114,26,12,3,23.02,3.9642,0.9124,3.5867,0.818,0.3775,0.0944,797,87,43,4,0.0,68,7,0,0,0,24,4,0.0,0,0,0,1,0,0.0,18,0,0.0,25.0752,2.7372,1.3529,0.1258,0.0,2.1394,0.2202,0.0,0.0,0.0,0.7551,0.1258,0.0,0.0,0.0,0.0,0.0315,0.0,0.0,0.5663,0.0,0.0,53,24,77,57,40,28,9,19,11,7,1,68,59,31,48,24,11,7,131,61,62,8,20,0,1602,49,45.28,74.03,52.54,189,112,59.26,20,112,97,18,1.6675,0.7551,2.4226,1.7933,1.2585,0.8809,0.2832,0.5978,0.3461,0.2202,0.0315,2.1394,1.8563,0.9753,1.5102,0.7551,0.3461,0.2202,4.1215,1.9192,1.9506,0.2517,0.6292,0.0,50.402,1.5416,5.9463,3.5237,0.6292,3.5237,3.0518,0.5663,32,27,11,5,0,0,1.0068,0.8495,0.3461,0.1573,0.0,0.0,12,0,10,0,2,0,0,0,10,0,2,0,225.8005398331727,,4,18.82,0.3775,0.0,0.3146,0.0,0.0629,0.0,0.0,0.0,0.3146,0.0,0.0629,0.0,7.1041,0.1258,5,0,27,0,0,236,,,0.0,0.1573,0.0,0.8495,0.0,0.0,7.425,8,0,0,0,0,0,0,100.0,0.2517,0.0,0.0,0.0,0.0,0.0,0.0,100,95,24,18,4,8,34,41,9,10,0,0,8,4,24,19,41,36,3.1462,2.9889,0.7551,0.5663,0.1258,0.2517,1.0697,1.2899,0.2832,0.3146,0.0,0.0,0.2517,0.1258,0.7551,0.5978,1.2899,1.1326,2860.6,31,2000+,True,74.455,18.372,65.752,57.05,126.67,2.3425,0.578,2.0687,1.7949,3.9853,1.017,-0.217
bdo2grdx1mgm63gii3zar50id,T. Lam,PEC Zwolle,1727,1518,1099,411,8,895,793,766,671,66,54,657,590,871,819,199,109,198,95,159,90,0,0,2,1,0,0,87.9,47.98,56.6,88.6,87.6,81.82,89.8,94.03,54.77,,50.0,,54.3804,47.7993,34.6057,12.9417,0.2519,28.1821,24.9703,24.1201,21.1287,2.0782,1.7004,20.6878,18.5781,27.4264,25.789,6.2662,3.4322,6.2347,2.9914,5.0066,2.834,0.0,0.0,0.063,0.0315,0.0,0.0,145,81,213,3661.7516166693113,8,2,4,153,83,4.0,4.5658,2.5506,6.707,115.3025,0.2519,0.063,0.126,4.8177,2.6135,0.126,0.175,0.0,2,1,2,1,0,0,50.0,0.063,0.0315,0.063,0.0315,0.0,0.0,1174,24,12,0,0.0,25,2,0,0,0,0,0,0,2,0,0.0,0,0,0,10,0,0.0,36.9673,0.7557,0.3779,0.0,0.0,0.7872,0.063,0.0,0.0,0.0,0.0,0.0,0.0,0.063,0.0,0.0,0.0,0.0,0.0,0.3149,0.0,0.0,6,5,34,20,28,5,1,25,18,7,0,150,122,78,93,57,29,21,134,85,49,0,8,0,1967,34,83.33,58.82,63.93,162,103,63.58,8,131,61,1,0.1889,0.1574,1.0706,0.6298,0.8817,0.1574,0.0315,0.7872,0.5668,0.2204,0.0,4.7233,3.8416,2.4561,2.9284,1.7948,0.9132,0.6613,4.2194,2.6765,1.5429,0.0,0.2519,0.0,61.9376,1.0706,5.1011,3.2433,0.2519,4.125,1.9208,0.0315,30,7,18,6,0,0,0.9447,0.2204,0.5668,0.1889,0.0,0.0,29,2,3,0,12,1,14,1,19,1,10,1,471.1656475611374,,2,16.25,0.9132,0.063,0.0945,0.0,0.3779,0.0315,0.4408,0.0315,0.5983,0.0315,0.3149,0.0315,14.8362,0.063,0,0,51,0,0,3,,,,0.0,0.0,1.6059,0.0,0.0,0.0945,13,0,0,0,0,0,0,100.0,0.4093,0.0,0.0,0.0,0.0,0.0,0.0,74,71,5,7,17,12,12,22,10,15,0,2,15,14,11,1,21,13,2.3301,2.2357,0.1574,0.2204,0.5353,0.3779,0.3779,0.6927,0.3149,0.4723,0.0,0.063,0.4723,0.4408,0.3464,0.0315,0.6613,0.4093,2858.2,31,2000+,True,33.373,24.539,147.235,119.751,131.53,1.0509,0.7727,4.6362,3.7708,4.1417,-0.464,0.165
e5xuwwa4qs6zxjd7y52tslih,Q. Timber,Feyenoord Rotterdam,1076,860,460,395,5,61,48,519,434,496,378,668,523,378,320,30,17,36,13,43,19,1,0,13,2,0,0,79.93,36.11,44.19,78.69,83.62,76.21,78.29,84.66,56.67,0.0,15.38,,33.9492,27.1341,14.5136,12.4628,0.1578,1.9246,1.5145,16.3751,13.6933,15.6494,11.9264,21.0762,16.5013,11.9264,10.0964,0.9465,0.5364,1.1358,0.4102,1.3567,0.5995,0.0316,0.0,0.4102,0.0631,0.0,0.0,114,102,175,2245.387235447738,48,27,19,162,129,19.0,3.5968,3.2182,5.5215,70.8448,1.5145,0.8519,0.5995,5.1113,4.0701,0.5995,-0.236,0.125,14,2,13,2,1,0,14.29,0.4417,0.0631,0.4102,0.0631,0.0316,0.0,916,191,72,9,0.0,139,20,0,0,0,0,0,0,4,1,0.0,0,0,0,68,8,0.0,28.901,6.0263,2.2717,0.284,0.0,4.3856,0.631,0.0,0.0,0.0,0.0,0.0,0.0,0.1262,0.0316,0.0,0.0,0.0,0.0,2.1455,0.2524,0.0,90,40,66,42,17,29,20,13,5,5,3,16,23,15,15,11,8,4,138,28,75,35,58,0,1405,99,44.44,63.64,65.22,179,97,54.19,58,50,109,58,2.8396,1.2621,2.0824,1.3252,0.5364,0.915,0.631,0.4102,0.1578,0.1578,0.0947,0.5048,0.7257,0.4733,0.4733,0.3471,0.2524,0.1262,4.3541,0.8834,2.3663,1.1043,1.83,0.0,44.3295,3.1236,5.6477,3.0605,1.83,1.5776,3.4391,1.83,36,58,0,4,0,0,1.1358,1.83,0.0,0.1262,0.0,0.0,63,7,13,2,50,5,0,0,29,4,34,3,1199.0044662492949,,16,19.03,1.9877,0.2209,0.4102,0.0631,1.5776,0.1578,0.0,0.0,0.915,0.1262,1.0727,0.0947,37.8301,0.5048,3,3,25,0,0,11,,,100.0,0.0947,0.0947,0.7888,0.0,0.0,0.3471,5,0,0,0,0,0,0,100.0,0.1578,0.0,0.0,0.0,0.0,0.0,0.0,62,52,33,39,28,35,39,27,8,5,4,3,38,25,50,22,41,25,1.9562,1.6407,1.0412,1.2305,0.8834,1.1043,1.2305,0.8519,0.2524,0.1578,0.1262,0.0947,1.1989,0.7888,1.5776,0.6941,1.2936,0.7888,2852.5,31,2000+,True,86.361,17.011,20.936,30.096,180.573,2.7248,0.5367,0.6606,0.9496,5.6973,1.455,-0.298
bspl2le99ugt2ug4tcqsvp1w5,B. van Polen,PEC Zwolle,1292,1025,560,463,2,437,343,592,489,263,193,620,503,526,422,146,100,197,119,95,54,0,0,56,20,0,0,79.33,60.41,56.84,78.49,82.6,73.38,81.13,80.23,68.49,,35.71,,40.876,32.4287,17.7172,14.6483,0.0633,13.8257,10.8518,18.7296,15.4709,8.3207,6.1061,19.6154,15.9138,16.6415,13.3511,4.6191,3.1638,6.2326,3.7649,3.0056,1.7084,0.0,0.0,1.7717,0.6328,0.0,0.0,145,73,131,1728.7218351863507,8,8,3,153,81,3.0,4.5875,2.3096,4.1445,54.6929,0.2531,0.2531,0.0949,4.8406,2.5627,0.0949,0.184,0.01,56,20,0,0,56,20,35.71,1.7717,0.6328,0.0,0.0,1.7717,0.6328,772,83,34,2,0.0,51,3,0,0,0,13,0,0.0,1,0,0.0,0,0,0,20,2,0.0,24.4244,2.6259,1.0757,0.0633,0.0,1.6135,0.0949,0.0,0.0,0.0,0.4113,0.0,0.0,0.0316,0.0,0.0,0.0,0.0,0.0,0.6328,0.0633,0.0,12,6,34,24,20,10,4,27,13,12,2,113,67,37,47,25,20,12,115,74,36,5,4,1,1524,45,50.0,70.59,55.22,113,67,59.29,5,107,58,11,0.3797,0.1898,1.0757,0.7593,0.6328,0.3164,0.1266,0.8542,0.4113,0.3797,0.0633,3.5751,2.1197,1.1706,1.487,0.7909,0.6328,0.3797,3.6383,2.3412,1.139,0.1582,0.1266,0.0316,48.216,1.4237,3.5751,2.1197,0.1582,3.3852,1.835,0.348,36,10,6,6,0,0,1.139,0.3164,0.1898,0.1898,0.0,0.0,21,0,4,0,15,0,2,0,17,0,4,0,315.5517223963927,,2,15.03,0.6644,0.0,0.1266,0.0,0.4746,0.0,0.0633,0.0,0.5378,0.0,0.1266,0.0,9.9834,0.0633,0,0,21,0,0,212,,,,0.0,0.0,0.6644,0.0,0.0,6.7072,20,0,0,0,0,0,0,100.0,0.6328,0.0,0.0,0.0,0.0,0.0,0.0,71,74,17,17,11,10,15,19,14,13,0,0,15,6,19,15,12,22,2.2463,2.3412,0.5378,0.5378,0.348,0.3164,0.4746,0.6011,0.4429,0.4113,0.0,0.0,0.4746,0.1898,0.6011,0.4746,0.3797,0.696,2844.7,31,2000+,True,33.373,26.502,110.917,65.765,112.88,1.0558,0.8385,3.5092,2.0807,3.5713,-0.458,0.295
5dbx86ca2t7dae8b3t69atii1,W. Willumsson,Go Ahead Eagles,974,705,398,307,0,109,79,488,359,377,267,593,432,304,223,77,50,69,41,84,23,24,5,2,0,0,0,72.38,59.42,27.38,72.48,73.57,70.82,72.85,73.36,64.94,20.83,0.0,,30.8673,22.3423,12.6131,9.7292,0.0,3.4543,2.5036,15.4653,11.3772,11.9476,8.4616,18.7929,13.6906,9.6341,7.0672,2.4402,1.5846,2.1867,1.2993,2.6621,0.7289,0.7606,0.1585,0.0634,0.0,0.0,0.0,104,86,162,2034.4629299930339,31,15,12,135,101,12.0,3.2959,2.7254,5.134,64.4747,0.9824,0.4754,0.3803,4.2783,3.2008,0.3803,-0.364,-0.229,26,5,17,4,9,1,19.23,0.824,0.1585,0.5388,0.1268,0.2852,0.0317,813,270,47,2,0.0,97,6,1,0,0.0,2,0,0.0,1,0,0.0,0,0,0,43,2,0.0,25.765,8.5566,1.4895,0.0634,0.0,3.0741,0.1901,0.0317,0.0,0.0,0.0634,0.0,0.0,0.0317,0.0,0.0,0.0,0.0,0.0,1.3627,0.0634,0.0,82,40,32,17,7,18,7,12,3,6,3,44,106,51,41,22,65,29,154,39,89,26,50,0,1306,99,48.78,53.12,48.11,220,108,49.09,50,49,113,36,2.5987,1.2677,1.0141,0.5388,0.2218,0.5704,0.2218,0.3803,0.0951,0.1901,0.0951,1.3944,3.3593,1.6163,1.2993,0.6972,2.0599,0.919,4.8805,1.236,2.8205,0.824,1.5846,0.0,41.3888,3.1374,6.9721,3.4227,1.5846,1.5529,3.5811,1.1409,20,36,3,1,1,0,0.6338,1.1409,0.0951,0.0317,0.0317,0.0,47,7,30,5,5,0,12,2,33,7,14,0,726.2522336006558,,9,15.45,1.4895,0.2218,0.9507,0.1585,0.1585,0.0,0.3803,0.0634,1.0458,0.2218,0.4437,0.0,23.0158,0.2852,0,0,2,0,0,2,,,,0.0,0.0,0.0634,0.0,0.0,0.0634,6,0,0,0,0,0,0,100.0,0.1901,0.0,0.0,0.0,0.0,0.0,0.0,38,66,20,27,23,24,21,11,6,6,5,2,23,24,32,15,16,16,1.2043,2.0916,0.6338,0.8557,0.7289,0.7606,0.6655,0.3486,0.1901,0.1901,0.1585,0.0634,0.7289,0.7606,1.0141,0.4754,0.5071,0.5071,2839.9,31,2000+,True,29.314,10.993,40.307,97.104,141.075,0.929,0.3484,1.2774,3.0773,4.4708,-0.603,-0.668
672cwl9zj2d6lce6jda350vvu,M. Wieffer,Feyenoord Rotterdam,1860,1552,844,695,13,243,198,1138,966,479,388,974,808,740,637,146,107,137,92,152,63,0,0,14,3,0,0,83.44,67.15,41.45,81.48,84.89,81.0,82.96,86.08,73.29,,21.43,,59.0164,49.2438,26.7795,22.0518,0.4125,7.7102,6.2824,36.1079,30.6504,15.1983,12.3109,30.9043,25.6372,23.4796,20.2115,4.6325,3.395,4.3469,2.9191,4.8228,1.9989,0.0,0.0,0.4442,0.0952,0.0,0.0,166,199,280,3683.6743787957043,45,33,7,211,232,7.0,5.2671,6.3141,8.8842,116.8802,1.4278,1.0471,0.2221,6.6949,7.3612,0.2221,0.473,0.798,14,3,2,0,12,3,21.43,0.4442,0.0952,0.0635,0.0,0.3808,0.0952,1372,141,46,6,0.0,80,9,0,0,0,2,0,0.0,0,0,0,0,0,0,44,6,0.0,43.5325,4.4738,1.4595,0.1904,0.0,2.5383,0.2856,0.0,0.0,0.0,0.0635,0.0,0.0,0.0,0.0,0.0,0.0,0.0,0.0,1.3961,0.1904,0.0,60,34,83,44,26,45,12,50,18,22,10,38,146,90,88,47,58,43,216,53,143,20,29,0,2134,64,56.67,53.01,61.64,289,168,58.13,29,97,210,42,1.9038,1.0788,2.6335,1.3961,0.825,1.4278,0.3808,1.5865,0.5711,0.698,0.3173,1.2057,4.6325,2.8556,2.7922,1.4913,1.8403,1.3644,6.8535,1.6816,4.5373,0.6346,0.9201,0.0,67.7102,2.0307,9.1698,5.3305,0.9201,3.0777,6.6631,1.3326,55,37,1,2,0,0,1.7451,1.174,0.0317,0.0635,0.0,0.0,37,5,5,2,19,2,13,1,27,5,10,0,520.2918005868561,,11,14.06,1.174,0.1586,0.1586,0.0635,0.6029,0.0635,0.4125,0.0317,0.8567,0.1586,0.3173,0.0,16.5085,0.349,0,0,44,0,0,31,,,,0.0,0.0,1.3961,0.0,0.0,0.9836,16,0,0,0,0,0,0,100.0,0.5077,0.0,0.0,0.0,0.0,0.0,0.0,68,98,26,20,18,19,38,45,24,26,3,2,22,15,31,15,47,36,2.1576,3.1095,0.825,0.6346,0.5711,0.6029,1.2057,1.4278,0.7615,0.825,0.0952,0.0635,0.698,0.4759,0.9836,0.4759,1.4913,1.1423,2836.5,29,2000+,True,108.606,65.425,49.723,191.041,282.636,3.446,2.0759,1.5777,6.0616,8.9678,2.282,2.726
9hvw1v4douz0kst032a9l853p,S. van Beek,SC Heerenveen,1864,1608,1125,476,7,901,781,898,787,65,40,738,671,892,807,234,130,240,117,143,75,0,0,12,2,0,0,86.27,48.75,52.45,86.68,87.64,61.54,90.92,90.47,55.56,,16.67,,59.682,51.4853,36.0205,15.2407,0.2241,28.8484,25.0062,28.7524,25.1983,2.0812,1.2807,23.6294,21.4842,28.5602,25.8387,7.4923,4.1624,7.6844,3.7461,4.5786,2.4014,0.0,0.0,0.3842,0.064,0.0,0.0,186,104,226,3555.8253244066327,3,4,0,189,108,0.0,5.9554,3.3299,7.2361,113.8512,0.0961,0.1281,0.0,6.0514,3.458,0.0,0.765,0.525,12,2,1,0,11,2,16.67,0.3842,0.064,0.032,0.0,0.3522,0.064,1172,21,8,1,0.0,31,3,0,0,0,2,0,0.0,1,0,0.0,1,1,0.0,4,0,0.0,37.5253,0.6724,0.2561,0.032,0.0,0.9926,0.0961,0.0,0.0,0.0,0.064,0.0,0.0,0.032,0.0,0.0,0.032,0.032,0.0,0.1281,0.0,0.0,7,3,56,35,39,13,4,52,30,21,1,136,123,78,95,62,28,16,153,95,56,2,3,1,2075,21,42.86,62.5,63.41,186,116,62.37,4,164,90,7,0.2241,0.0961,1.793,1.1206,1.2487,0.4162,0.1281,1.6649,0.9605,0.6724,0.032,4.3545,3.9382,2.4974,3.0417,1.9851,0.8965,0.5123,4.8988,3.0417,1.793,0.064,0.0961,0.032,66.4378,0.6724,5.9554,3.7141,0.1281,5.251,2.8816,0.2241,22,9,6,3,0,0,0.7044,0.2882,0.1921,0.0961,0.0,0.0,15,1,1,1,8,0,6,0,12,1,3,0,220.2145352753651,,2,14.68,0.4803,0.032,0.032,0.032,0.2561,0.0,0.1921,0.0,0.3842,0.032,0.0961,0.0,7.0509,0.064,0,0,47,0,0,10,,,,0.0,0.0,1.5049,0.0,0.0,0.3202,15,0,0,0,0,0,0,100.0,0.4803,0.0,0.0,0.0,0.0,0.0,0.0,97,89,3,5,8,7,19,37,31,21,1,0,7,8,4,4,26,30,3.1058,2.8496,0.0961,0.1601,0.2561,0.2241,0.6083,1.1847,0.9926,0.6724,0.032,0.0,0.2241,0.2561,0.1281,0.1281,0.8325,0.9605,2810.9,30,2000+,True,55.59,51.62,135.005,122.1,151.881,1.7799,1.6528,4.3226,3.9094,4.863,0.372,1.895
6lyedmu2vuf7jig3jmhz9b4ve,D. van der Kust,Sparta Rotterdam,1438,1106,494,609,3,401,286,633,541,404,279,715,567,572,467,151,72,217,107,55,29,67,11,7,3,0,0,76.91,49.31,52.73,71.32,85.47,69.06,79.3,81.64,47.68,16.42,42.86,,46.0586,35.4247,15.8226,19.506,0.0961,12.8439,9.1605,20.2747,17.328,12.94,8.9363,22.9012,18.1608,18.3209,14.9578,4.8365,2.3061,6.9504,3.4272,1.7616,0.9289,2.146,0.3523,0.2242,0.0961,0.0,0.0,152,80,180,2385.37108931507,21,10,8,173,90,8.0,4.8685,2.5624,5.7653,76.4025,0.6726,0.3203,0.2562,5.5411,2.8827,0.2562,0.304,0.308,74,14,73,14,1,0,18.92,2.3702,0.4484,2.3382,0.4484,0.032,0.0,829,48,27,6,0.0,51,7,0,0,0,10,1,0.0,0,0,0,0,0,0,17,5,0.0,26.5525,1.5374,0.8648,0.1922,0.0,1.6335,0.2242,0.0,0.0,0.0,0.3203,0.032,0.0,0.0,0.0,0.0,0.0,0.0,0.0,0.5445,0.1601,0.0,43,18,59,38,36,19,4,37,21,13,3,88,54,20,40,15,14,5,140,81,46,13,18,2,1721,46,41.86,64.41,37.04,156,76,48.72,20,138,78,20,1.3773,0.5765,1.8897,1.2171,1.1531,0.6086,0.1281,1.1851,0.6726,0.4164,0.0961,2.8186,1.7296,0.6406,1.2812,0.4804,0.4484,0.1601,4.4841,2.5944,1.4734,0.4164,0.5765,0.0641,55.123,1.4734,4.9966,2.4343,0.6406,4.4201,2.4983,0.6406,27,18,0,4,0,0,0.8648,0.5765,0.0,0.1281,0.0,0.0,17,1,15,1,1,0,1,0,6,1,11,0,378.27988550401506,,7,22.25,0.5445,0.032,0.4804,0.032,0.032,0.0,0.032,0.0,0.1922,0.032,0.3523,0.0,12.1162,0.2242,1,1,30,0,0,244,,,100.0,0.032,0.032,0.9609,0.0,0.0,7.8152,20,0,0,0,0,0,0,100.0,0.6406,0.0,0.0,0.0,0.0,0.0,0.0,60,92,11,16,6,11,22,37,15,22,0,1,7,10,16,11,29,30,1.9218,2.9467,0.3523,0.5125,0.1922,0.3523,0.7047,1.1851,0.4804,0.7047,0.0,0.032,0.2242,0.3203,0.5125,0.3523,0.9289,0.9609,2809.9,31,2000+,True,55.681,34.919,83.05,50.963,132.125,1.7834,1.1184,2.6601,1.6323,4.2319,0.376,0.845
7udphhcokm6vralyz5gkovxsl,M. Ryan,Alkmaar Zaanstreek,1112,901,860,38,3,1097,889,15,12,0,0,217,216,405,401,490,284,452,244,5,5,0,0,0,0,0,0,81.03,53.98,100.0,81.04,80.0,,99.54,99.01,57.96,,,,35.7021,28.9277,27.6113,1.22,0.0963,35.2205,28.5424,0.4816,0.3853,0.0,0.0,6.967,6.9349,13.003,12.8746,15.732,9.1182,14.512,7.8339,0.1605,0.1605,0.0,0.0,0.0,0.0,0.0,0.0,155,33,83,1358.751006499702,0,0,0,155,33,0.0,4.9765,1.0595,2.6648,43.6243,0.0,0.0,0.0,4.9765,1.0595,0.0,0.349,0.068,0,0,0,0,0,0,,0.0,0.0,0.0,0.0,0.0,0.0,603,0,0,0,0,4,0,0,0,0,0,0,0,0,0,0,0,0,0,0,0,0,19.36,0.0,0.0,0.0,0.0,0.1284,0.0,0.0,0.0,0.0,0.0,0.0,0.0,0.0,0.0,0.0,0.0,0.0,0.0,0.0,0.0,0.0,0,0,0,0,0,0,0,0,0,0,0,6,9,7,9,7,0,0,38,35,3,0,1,0,1121,0,,,77.78,9,7,77.78,1,35,3,0,0.0,0.0,0.0,0.0,0.0,0.0,0.0,0.0,0.0,0.0,0.0,0.1926,0.289,0.2247,0.289,0.2247,0.0,0.0,1.22,1.1237,0.0963,0.0,0.0321,0.0,35.991,0.0,0.289,0.2247,0.0321,1.1237,0.0963,0.0,1,0,0,0,0,0,0.0321,0.0,0.0,0.0,0.0,0.0,0,0,0,0,0,0,0,0,0,0,0,0,0,,0,,0.0,0.0,0.0,0.0,0.0,0.0,0.0,0.0,0.0,0.0,0.0,0.0,0.0,0.0,0,0,46,0,0,0,,,,0.0,0.0,1.4769,0.0,0.0,0.0,82,30,11,218,4,3,10,100.0,2.6327,0.9632,0.3532,6.9991,0.1284,0.0963,0.3211,72,83,0,0,0,0,0,0,0,0,0,0,0,0,0,0,0,0,2.3116,2.6648,0.0,0.0,0.0,0.0,0.0,0.0,0.0,0.0,0.0,0.0,0.0,0.0,0.0,0.0,0.0,0.0,2803.2,29,2000+,True,0.0,0.0,6.584,9.876,41.698,0.0,0.0,0.2114,0.3171,1.3388,-1.668,-1.353
arahlffwma11d06oqmglwjemt,D. Van den Buijs,RKC Waalwijk,1817,1473,984,481,8,803,654,953,774,61,45,483,405,989,885,345,183,326,140,164,89,5,1,2,1,0,0,81.07,42.94,54.27,81.44,81.22,73.77,83.85,89.48,53.04,20.0,50.0,,58.3431,47.2974,31.5958,15.4447,0.2569,25.784,20.9997,30.6004,24.8528,1.9587,1.4449,15.5089,13.0044,31.7564,28.417,11.0778,5.8761,10.4677,4.4953,5.266,2.8578,0.1605,0.0321,0.0642,0.0321,0.0,0.0,280,197,231,4070.171231844384,6,2,0,286,199,0.0,8.9907,6.3256,7.4173,130.6916,0.1927,0.0642,0.0,9.1833,6.3898,0.0,2.053,1.856,7,2,3,1,4,1,28.57,0.2248,0.0642,0.0963,0.0321,0.1284,0.0321,1238,23,16,4,0.0,37,6,0,0,0,0,0,0,3,0,0.0,1,0,0.0,12,4,0.0,39.7517,0.7385,0.5138,0.1284,0.0,1.1881,0.1927,0.0,0.0,0.0,0.0,0.0,0.0,0.0963,0.0,0.0,0.0321,0.0,0.0,0.3853,0.1284,0.0,6,3,52,25,33,16,3,25,17,7,1,143,127,86,94,64,33,22,153,77,71,5,3,1,2058,23,50.0,48.08,67.72,185,114,61.62,4,127,94,9,0.1927,0.0963,1.6697,0.8027,1.0596,0.5138,0.0963,0.8027,0.5459,0.2248,0.0321,4.5917,4.0779,2.7614,3.0183,2.055,1.0596,0.7064,4.9128,2.4724,2.2798,0.1605,0.0963,0.0321,66.0816,0.7385,5.9403,3.6605,0.1284,4.0779,3.0183,0.289,23,7,8,4,0,0,0.7385,0.2248,0.2569,0.1284,0.0,0.0,25,1,14,0,0,0,11,1,11,0,14,1,580.4561816891396,,5,23.22,0.8027,0.0321,0.4495,0.0,0.0,0.0,0.3532,0.0321,0.3532,0.0,0.4495,0.0321,18.6382,0.1605,1,1,43,0,0,6,,,100.0,0.0321,0.0321,1.3807,0.0,0.0,0.1927,30,0,0,0,0,0,0,100.0,0.9633,0.0,0.0,0.0,0.0,0.0,0.0,144,136,8,8,10,15,24,28,11,14,1,0,17,8,7,9,32,20,4.6238,4.3669,0.2569,0.2569,0.3211,0.4816,0.7706,0.8991,0.3532,0.4495,0.0321,0.0,0.5459,0.2569,0.2248,0.289,1.0275,0.6422,2802.9,30,2000+,True,47.531,22.852,130.711,116.086,139.851,1.5262,0.7338,4.1971,3.7275,4.4906,0.081,0.089
ip62fljz9ng6sil4krcq8dm1,J. Hoogma,Heracles Almelo,1615,1348,870,473,5,712,576,850,735,53,37,522,457,824,755,269,136,261,118,123,61,9,2,1,1,0,0,83.47,45.21,49.59,80.9,86.47,69.81,87.55,91.63,50.56,22.22,100.0,,51.9274,43.3425,27.9733,15.2085,0.1608,22.8931,18.5202,27.3302,23.6326,1.7041,1.1897,16.784,14.694,26.4942,24.2757,8.6492,4.3728,8.392,3.7941,3.9548,1.9613,0.2894,0.0643,0.0322,0.0322,0.0,0.0,195,168,199,3356.4456751896228,3,1,1,198,169,1.0,6.2699,5.4017,6.3985,107.9204,0.0965,0.0322,0.0322,6.3663,5.4339,0.0322,0.899,0.658,10,3,10,3,0,0,30.0,0.3215,0.0965,0.3215,0.0965,0.0,0.0,1131,19,14,2,0.0,37,5,0,0,0,2,0,0.0,2,1,0.0,0,0,0,10,1,0.0,36.3653,0.6109,0.4501,0.0643,0.0,1.1897,0.1608,0.0,0.0,0.0,0.0643,0.0,0.0,0.0643,0.0322,0.0,0.0,0.0,0.0,0.3215,0.0322,0.0,9,8,48,30,35,9,4,17,10,7,0,108,118,66,85,44,33,22,126,66,58,2,7,0,1791,21,88.89,62.5,55.93,175,104,59.43,7,111,74,6,0.2894,0.2572,1.5434,0.9646,1.1254,0.2894,0.1286,0.5466,0.3215,0.2251,0.0,3.4725,3.7941,2.1221,2.733,1.4147,1.0611,0.7074,4.0513,2.1221,1.8649,0.0643,0.2251,0.0,57.5864,0.6752,5.6268,3.3439,0.2251,3.569,2.3793,0.1929,27,7,11,6,1,0,0.8681,0.2251,0.3537,0.1929,0.0322,0.0,13,2,4,0,2,0,7,2,11,2,2,0,170.71426008715426,,4,13.13,0.418,0.0643,0.1286,0.0,0.0643,0.0,0.2251,0.0643,0.3537,0.0643,0.0643,0.0,5.489,0.1286,0,0,25,0,0,7,,,,0.0,0.0,0.8038,0.0,0.0,0.2251,27,0,0,0,0,0,0,100.0,0.8681,0.0,0.0,0.0,0.0,0.0,0.0,104,91,6,8,6,7,29,19,5,12,1,1,5,8,11,3,26,22,3.3439,2.9259,0.1929,0.2572,0.1929,0.2251,0.9324,0.6109,0.1608,0.3858,0.0322,0.0322,0.1608,0.2572,0.3537,0.0965,0.836,0.7074,2799.1,30,2000+,True,44.618,15.802,100.39,109.685,117.121,1.4346,0.5081,3.2279,3.5267,3.7658,-0.024,-0.355
7jtag81mvpom3bfgezx8txbdh,T. Haye,SC Heerenveen,1971,1591,919,663,9,371,284,1191,1034,409,273,770,636,820,708,381,247,346,213,88,51,1,0,145,44,0,0,80.72,61.56,57.95,76.55,86.82,66.75,82.6,86.34,64.83,0.0,30.34,,63.383,51.163,29.553,21.3206,0.2894,11.9305,9.1328,38.2999,33.2512,13.1525,8.7791,24.7615,20.4524,26.3694,22.7677,12.2521,7.943,11.1266,6.8496,2.8299,1.64,0.0322,0.0,4.6629,1.4149,0.0,0.0,289,232,226,2891.0592803542827,21,12,2,310,244,2.0,9.2936,7.4606,7.2677,92.9701,0.6753,0.3859,0.0643,9.9689,7.8465,0.0643,2.182,2.19,146,44,58,16,88,28,30.14,4.695,1.4149,1.8652,0.5145,2.8299,0.9004,1305,50,70,4,0.0,124,10,0,0,0,30,3,0.0,1,0,0.0,4,0,0.0,35,1,0.0,41.9659,1.6079,2.251,0.1286,0.0,3.9876,0.3216,0.0,0.0,0.0,0.9647,0.0965,0.0,0.0322,0.0,0.0,0.1286,0.0,0.0,1.1255,0.0322,0.0,44,24,54,36,21,25,8,30,11,17,2,48,52,26,34,17,18,9,230,95,121,14,28,0,2198,12,54.55,66.67,50.0,150,86,57.33,28,127,163,24,1.4149,0.7718,1.7365,1.1577,0.6753,0.8039,0.2573,0.9647,0.3537,0.5467,0.0643,1.5436,1.6722,0.8361,1.0934,0.5467,0.5788,0.2894,7.3963,3.055,3.8911,0.4502,0.9004,0.0,70.6828,0.3859,4.8237,2.7656,0.9004,4.084,5.2417,0.7718,31,16,1,4,1,0,0.9969,0.5145,0.0322,0.1286,0.0322,0.0,47,4,2,0,45,4,0,0,7,4,40,0,1261.2910832756445,,8,26.84,1.5114,0.1286,0.0643,0.0,1.4471,0.1286,0.0,0.0,0.2251,0.1286,1.2863,0.0,40.5603,0.2573,97,49,100,0,0,9,,,50.52,3.1193,1.5757,3.2158,0.0,0.0,0.2894,6,0,0,0,0,0,0,100.0,0.1929,0.0,0.0,0.0,0.0,0.0,0.0,125,164,26,44,22,25,24,30,17,13,3,1,27,20,40,30,32,22,4.0197,5.2739,0.8361,1.4149,0.7075,0.8039,0.7718,0.9647,0.5467,0.4181,0.0965,0.0322,0.8683,0.6432,1.2863,0.9647,1.029,0.7075,2798.7,32,2000+,True,53.605,29.78,47.649,51.62,228.317,1.7238,0.9577,1.5323,1.66,7.3422,0.308,0.529
6q72mpmc478hlf4f7ths9ez56,N. Bakker,Almere City FC,1078,483,482,1,0,1072,481,6,2,0,0,39,37,141,135,898,311,891,300,2,2,0,0,0,0,0,0,44.81,33.67,100.0,44.87,33.33,,94.87,95.74,34.63,,,,34.8692,15.6232,15.5909,0.0323,0.0,34.6751,15.5585,0.1941,0.0647,0.0,0.0,1.2615,1.1968,4.5608,4.3667,29.0469,10.0597,28.8204,9.7039,0.0647,0.0647,0.0,0.0,0.0,0.0,0.0,0.0,283,115,23,515.4609911419222,0,0,0,283,115,0.0,9.154,3.7198,0.744,16.6732,0.0,0.0,0.0,9.154,3.7198,0.0,2.123,1.843,0,0,0,0,0,0,,0.0,0.0,0.0,0.0,0.0,0.0,395,0,1,0,0.0,5,0,0,0,0,0,0,0,0,0,0,1,0,0.0,0,0,0,12.7767,0.0,0.0323,0.0,0.0,0.1617,0.0,0.0,0.0,0.0,0.0,0.0,0.0,0.0,0.0,0.0,0.0323,0.0,0.0,0.0,0.0,0.0,0,0,2,2,2,0,0,0,0,0,0,17,11,11,11,11,0,0,56,56,0,0,0,1,1100,0,,100.0,100.0,13,13,100.0,1,58,0,0,0.0,0.0,0.0647,0.0647,0.0647,0.0,0.0,0.0,0.0,0.0,0.0,0.5499,0.3558,0.3558,0.3558,0.3558,0.0,0.0,1.8114,1.8114,0.0,0.0,0.0,0.0323,35.5808,0.0,0.4205,0.4205,0.0323,1.8761,0.0,0.0,0,1,0,0,0,0,0.0,0.0323,0.0,0.0,0.0,0.0,0,0,0,0,0,0,0,0,0,0,0,0,0,,0,,0.0,0.0,0.0,0.0,0.0,0.0,0.0,0.0,0.0,0.0,0.0,0.0,0.0,0.0,0,0,77,0,0,0,,,,0.0,0.0,2.4907,0.0,0.0,0.0,116,28,24,210,5,4,10,100.0,3.7522,0.9057,0.7763,6.7927,0.1617,0.1294,0.3235,144,139,0,1,0,0,1,1,0,0,0,0,0,0,1,0,2,0,4.6578,4.4961,0.0,0.0323,0.0,0.0,0.0323,0.0323,0.0,0.0,0.0,0.0,0.0,0.0,0.0323,0.0,0.0647,0.0,2782.4,29,2000+,True,1.784,0.0,15.167,9.814,49.963,0.0577,0.0,0.4906,0.3174,1.6161,-1.602,-1.353
d1dq7upxtawnps3wljz6wf9jo,S. Resink,Almere City FC,1055,759,437,322,0,150,92,660,506,245,161,535,379,386,304,134,76,145,68,145,70,1,0,20,5,0,0,71.94,46.9,48.28,61.33,76.67,65.71,70.84,78.76,56.72,0.0,25.0,,34.4121,24.7572,14.2541,10.503,0.0,4.8927,3.0009,21.528,16.5048,7.9914,5.2515,17.4507,12.3623,12.5906,9.9159,4.3708,2.479,4.7296,2.218,4.7296,2.2833,0.0326,0.0,0.6524,0.1631,0.0,0.0,126,122,153,1993.3121461764604,25,16,6,151,138,6.0,4.1099,3.9794,4.9906,65.0182,0.8155,0.5219,0.1957,4.9253,4.5013,0.1957,-0.018,0.046,21,5,7,0,14,5,23.81,0.685,0.1631,0.2283,0.0,0.4567,0.1631,626,64,25,1,0.0,53,6,1,0,0.0,2,0,0.0,1,0,0.0,0,0,0,21,1,0.0,20.419,2.0876,0.8155,0.0326,0.0,1.7288,0.1957,0.0326,0.0,0.0,0.0652,0.0,0.0,0.0326,0.0,0.0,0.0,0.0,0.0,0.685,0.0326,0.0,47,25,74,42,29,31,14,30,10,15,5,60,126,55,62,28,64,27,202,67,119,16,40,1,1326,37,53.19,56.76,43.65,247,122,49.39,41,106,165,35,1.5331,0.8155,2.4137,1.37,0.9459,1.0112,0.4567,0.9785,0.3262,0.4893,0.1631,1.9571,4.1099,1.794,2.0223,0.9133,2.0876,0.8807,6.5889,2.1854,3.8816,0.5219,1.3047,0.0326,43.2517,1.2069,8.0567,3.9794,1.3373,3.4575,5.382,1.1416,58,23,2,8,0,0,1.8919,0.7502,0.0652,0.2609,0.0,0.0,33,1,7,0,22,0,4,1,13,1,20,0,685.9353556114564,,2,20.79,1.0764,0.0326,0.2283,0.0,0.7176,0.0,0.1305,0.0326,0.424,0.0326,0.6524,0.0,22.3739,0.0652,0,0,15,0,0,3,,,,0.0,0.0,0.4893,0.0,0.0,0.0979,7,0,0,0,0,0,0,100.0,0.2283,0.0,0.0,0.0,0.0,0.0,0.0,62,64,12,13,14,19,36,38,14,16,1,0,18,15,14,11,34,40,2.0223,2.0876,0.3914,0.424,0.4567,0.6197,1.1743,1.2395,0.4567,0.5219,0.0326,0.0,0.5871,0.4893,0.4567,0.3588,1.109,1.3047,2759.2,32,2000+,True,66.022,26.766,53.532,112.416,180.223,2.1535,0.8731,1.7461,3.6668,5.8785,0.8,0.363
29s8wk0a2m66rebsfx1jfuuh,D. van den Berg,PEC Zwolle,1416,1151,615,529,7,289,226,843,718,284,207,721,590,552,478,143,83,130,64,54,27,32,8,2,0,0,0,81.29,49.23,50.0,78.2,85.17,72.89,81.83,86.59,58.04,25.0,0.0,,46.5008,37.7983,20.1963,17.3721,0.2299,9.4906,7.4217,27.6837,23.5788,9.3264,6.7978,23.6773,19.3753,18.1274,15.6973,4.6961,2.7257,4.2691,2.1017,1.7733,0.8867,1.0509,0.2627,0.0657,0.0,0.0,0.0,139,124,208,2692.2104907649173,31,16,7,170,140,7.0,4.5647,4.0721,6.8306,88.4109,1.018,0.5254,0.2299,5.5827,4.5975,0.2299,0.175,0.325,34,8,26,6,8,2,23.53,1.1165,0.2627,0.8538,0.197,0.2627,0.0657,1105,108,38,2,0.0,83,5,0,0,0,5,0,0.0,0,0,0,0,0,0,33,2,0.0,36.2877,3.5467,1.2479,0.0657,0.0,2.7257,0.1642,0.0,0.0,0.0,0.1642,0.0,0.0,0.0,0.0,0.0,0.0,0.0,0.0,1.0837,0.0657,0.0,49,27,64,44,32,26,6,24,13,10,1,33,41,17,27,11,14,6,193,89,87,17,30,0,1661,40,55.1,68.75,41.46,154,88,57.14,30,134,123,24,1.6091,0.8867,2.1017,1.4449,1.0509,0.8538,0.197,0.7881,0.4269,0.3284,0.0328,1.0837,1.3464,0.5583,0.8867,0.3612,0.4598,0.197,6.338,2.9227,2.857,0.5583,0.9852,0.0,54.5464,1.3136,5.0573,2.8899,0.9852,4.4005,4.0393,0.7881,40,39,3,7,0,0,1.3136,1.2807,0.0985,0.2299,0.0,0.0,47,5,37,3,9,2,1,0,15,2,32,3,1029.9677539892143,,7,21.91,1.5435,0.1642,1.2151,0.0985,0.2956,0.0657,0.0328,0.0,0.4926,0.0657,1.0509,0.0985,33.8237,0.2299,2,0,32,0,0,6,,,0.0,0.0657,0.0,1.0509,0.0,0.0,0.197,3,0,0,0,0,0,0,100.0,0.0985,0.0,0.0,0.0,0.0,0.0,0.0,76,63,17,21,35,12,37,27,16,8,3,2,28,19,23,15,32,32,2.4958,2.0689,0.5583,0.6896,1.1494,0.3941,1.2151,0.8867,0.5254,0.2627,0.0985,0.0657,0.9195,0.624,0.7553,0.4926,1.0509,1.0509,2740.6,30,2000+,True,62.82,23.558,32.392,40.244,189.443,2.063,0.7736,1.0637,1.3216,6.2212,0.696,0.167
4tc5741xue1eigwcu4t7qtuc5,Iñigo Córdoba,Fortuna Sittard,982,621,328,289,4,168,106,390,280,424,235,581,370,311,212,90,39,99,36,125,45,82,15,13,5,0,0,63.24,36.36,36.0,63.1,71.79,55.42,63.68,68.17,43.33,18.29,38.46,,32.2567,20.3986,10.7741,9.493,0.1314,5.5184,3.4819,12.8107,9.1974,13.9275,7.7193,19.0846,12.1537,10.2157,6.9638,2.9563,1.2811,3.2519,1.1825,4.106,1.4782,2.6935,0.4927,0.427,0.1642,0.0,0.0,135,54,136,1876.1513267793603,36,19,14,171,73,14.0,4.4345,1.7738,4.4673,61.6277,1.1825,0.6241,0.4599,5.617,2.3979,0.4599,0.119,0.34,95,20,78,13,17,7,21.05,3.1206,0.657,2.5621,0.427,0.5584,0.2299,747,240,44,4,0.0,81,11,1,0,0.0,12,1,0.0,3,1,0.0,0,0,0,28,2,0.0,24.5374,7.8835,1.4453,0.1314,0.0,2.6607,0.3613,0.0328,0.0,0.0,0.3942,0.0328,0.0,0.0985,0.0328,0.0,0.0,0.0,0.0,0.9197,0.0657,0.0,121,52,92,62,46,31,15,42,20,14,8,24,109,57,28,20,81,37,198,87,76,35,25,0,1327,138,42.98,67.39,52.29,322,171,53.11,25,153,121,58,3.9746,1.7081,3.022,2.0366,1.511,1.0183,0.4927,1.3796,0.657,0.4599,0.2628,0.7883,3.5804,1.8723,0.9197,0.657,2.6607,1.2154,6.5039,2.8578,2.4964,1.1497,0.8212,0.0,43.5892,4.533,10.577,5.617,0.8212,5.0257,3.9746,1.9052,23,58,0,2,0,0,0.7555,1.9052,0.0,0.0657,0.0,0.0,60,4,36,2,11,1,13,1,46,4,14,0,1049.2174914095674,,8,17.49,1.9709,0.1314,1.1825,0.0657,0.3613,0.0328,0.427,0.0328,1.511,0.1314,0.4599,0.0,34.4646,0.2628,0,0,5,0,0,17,,,,0.0,0.0,0.1642,0.0,0.0,0.5584,6,0,0,0,0,0,0,100.0,0.1971,0.0,0.0,0.0,0.0,0.0,0.0,57,78,21,23,40,20,46,46,27,15,2,2,32,28,29,15,42,50,1.8723,2.5621,0.6898,0.7555,1.3139,0.657,1.511,1.511,0.8869,0.4927,0.0657,0.0657,1.0511,0.9197,0.9526,0.4927,1.3796,1.6424,2739.9,33,2000+,True,80.883,36.925,21.1,95.829,174.074,2.6568,1.2129,0.6931,3.1478,5.718,1.377,1.03
6q77vt9bp8dsq48pa97mfzsa1,T. Lauritsen,Sparta Rotterdam,676,393,199,191,3,19,9,363,209,294,175,449,264,211,123,16,6,17,7,316,132,1,0,7,2,0,0,58.14,41.18,41.77,47.37,57.58,59.52,58.8,58.29,37.5,0.0,28.57,,22.3233,12.9779,6.5715,6.3073,0.0991,0.6274,0.2972,11.9872,6.9017,9.7087,5.779,14.8272,8.718,6.9678,4.0618,0.5284,0.1981,0.5614,0.2312,10.4352,4.359,0.033,0.0,0.2312,0.066,0.0,0.0,38,53,50,959.406622822312,27,7,11,65,60,11.0,1.2549,1.7502,1.6511,31.6822,0.8916,0.2312,0.3632,2.1465,1.9814,0.3632,-1.23,-1.135,8,2,1,0,7,2,25.0,0.2642,0.066,0.033,0.0,0.2312,0.066,670,500,33,8,0.0,60,10,0,0,0,0,0,0,7,2,0.0,0,0,0,26,6,0.0,22.1252,16.5113,1.0897,0.2642,0.0,1.9814,0.3302,0.0,0.0,0.0,0.0,0.0,0.0,0.2312,0.066,0.0,0.0,0.0,0.0,0.8586,0.1981,0.0,26,8,13,4,3,6,4,3,0,3,0,38,360,226,50,31,310,195,59,7,29,23,23,0,945,158,30.77,30.77,62.78,399,238,59.65,23,10,38,27,0.8586,0.2642,0.4293,0.1321,0.0991,0.1981,0.1321,0.0991,0.0,0.0991,0.0,1.2549,11.8882,7.4631,1.6511,1.0237,10.237,6.4394,1.9483,0.2312,0.9577,0.7595,0.7595,0.0,31.2064,5.2176,13.176,7.8594,0.7595,0.3302,1.2549,0.8916,24,40,0,2,0,0,0.7925,1.3209,0.0,0.066,0.0,0.0,88,13,18,4,38,7,32,2,73,12,15,1,1217.7194397991816,,21,13.84,2.906,0.4293,0.5944,0.1321,1.2549,0.2312,1.0567,0.066,2.4107,0.3963,0.4953,0.033,40.2124,0.6935,1,1,0,0,0,0,,,100.0,0.033,0.033,0.0,0.0,0.0,0.0,3,0,0,0,0,0,0,100.0,0.0991,0.0,0.0,0.0,0.0,0.0,0.0,18,20,16,17,44,44,6,7,1,2,9,4,59,29,19,14,7,6,0.5944,0.6605,0.5284,0.5614,1.453,1.453,0.1981,0.2312,0.033,0.066,0.2972,0.1321,1.9483,0.9577,0.6274,0.4623,0.2312,0.1981,2725.4,32,2000+,True,12.269,2.831,35.863,339.751,55.681,0.4052,0.0935,1.1843,11.2195,1.8387,-1.204,-1.169
ad2qplv0aa66l11ipq6yh0hd5,Y. Sugawara,Alkmaar Zaanstreek,1985,1572,876,691,5,507,403,863,756,615,413,940,821,729,580,316,171,357,197,77,51,0,0,178,55,0,0,79.19,55.18,66.23,79.49,87.6,67.15,87.34,79.56,54.11,,30.9,,65.7261,52.0511,29.0056,22.88,0.1656,16.7875,13.3439,28.5751,25.0322,20.3635,13.675,31.1247,27.1844,24.1382,19.2046,10.4632,5.662,11.8208,6.5229,2.5496,1.6887,0.0,0.0,5.8938,1.8211,0.0,0.0,335,143,284,3720.625661005455,35,25,14,370,168,14.0,11.0923,4.7349,9.4036,123.195,1.1589,0.8278,0.4636,12.2512,5.5627,0.4636,2.946,3.16,178,55,52,14,126,41,30.9,5.8938,1.8211,1.7218,0.4636,4.172,1.3576,1224,45,57,7,0.0,93,12,2,1,0.0,35,4,0.0,0,0,0,1,0,0.0,19,2,0.0,40.5283,1.49,1.8873,0.2318,0.0,3.0794,0.3973,0.0662,0.0331,0.0,1.1589,0.1324,0.0,0.0,0.0,0.0,0.0331,0.0,0.0,0.6291,0.0662,0.0,24,14,34,25,17,15,2,18,10,8,0,59,22,9,20,8,2,1,146,75,57,14,9,1,2166,43,58.33,73.53,40.91,80,48,60.0,10,102,80,16,0.7947,0.4636,1.1258,0.8278,0.5629,0.4967,0.0662,0.596,0.3311,0.2649,0.0,1.9536,0.7285,0.298,0.6622,0.2649,0.0662,0.0331,4.8343,2.4834,1.8873,0.4636,0.298,0.0331,71.7192,1.4238,2.6489,1.5893,0.3311,3.3774,2.6489,0.5298,15,13,6,1,0,0,0.4967,0.4304,0.1987,0.0331,0.0,0.0,37,4,4,0,33,4,0,0,19,3,18,1,807.277320510345,,11,21.82,1.2251,0.1324,0.1324,0.0,1.0927,0.1324,0.0,0.0,0.6291,0.0993,0.596,0.0331,26.7301,0.3642,109,45,48,0,0,267,,,41.28,3.6091,1.49,1.5893,0.0,0.0,8.8407,11,0,0,0,0,0,0,100.0,0.3642,0.0,0.0,0.0,0.0,0.0,0.0,147,188,31,26,24,13,17,17,9,9,1,3,15,22,32,25,16,18,4.8674,6.2249,1.0265,0.8609,0.7947,0.4304,0.5629,0.5629,0.298,0.298,0.0331,0.0993,0.4967,0.7285,1.0596,0.8278,0.5298,0.596,2718.1,30,2000+,True,37.309,19.752,64.742,24.141,160.208,1.2354,0.654,2.1437,0.7993,5.3047,-0.252,-0.068
9d4lofwg9ooaoldw2vpt4h36y,E. Linthorst,Go Ahead Eagles,1382,1148,637,508,3,280,240,852,714,250,194,685,581,548,465,149,102,150,90,103,56,3,0,16,2,0,0,83.07,60.0,54.37,85.71,83.8,77.6,84.82,84.85,68.46,0.0,12.5,,45.7936,38.0398,21.1075,16.833,0.0994,9.278,7.9526,28.2317,23.6589,8.2839,6.4283,22.698,19.2519,18.1584,15.4081,4.9372,3.3798,4.9704,2.9822,3.413,1.8556,0.0994,0.0,0.5302,0.0663,0.0,0.0,152,171,173,2309.015568172666,14,10,0,166,181,0.0,5.0366,5.6662,5.7325,76.511,0.4639,0.3314,0.0,5.5005,5.9976,0.0,0.375,0.29,19,2,9,1,10,1,10.53,0.6296,0.0663,0.2982,0.0331,0.3314,0.0331,920,59,31,1,0.0,55,4,0,0,0,3,0,0.0,1,0,0.0,0,0,0,27,1,0.0,30.4849,1.955,1.0272,0.0331,0.0,1.8225,0.1325,0.0,0.0,0.0,0.0994,0.0,0.0,0.0331,0.0,0.0,0.0,0.0,0.0,0.8947,0.0331,0.0,20,12,40,19,16,19,5,39,17,19,3,83,53,24,37,18,16,6,217,85,116,16,13,0,1593,16,60.0,47.5,45.28,113,55,48.67,13,118,154,24,0.6627,0.3976,1.3254,0.6296,0.5302,0.6296,0.1657,1.2923,0.5633,0.6296,0.0994,2.7503,1.7562,0.7953,1.226,0.5964,0.5302,0.1988,7.1905,2.8165,3.8437,0.5302,0.4308,0.0,52.7852,0.5302,3.7443,1.8225,0.4308,3.91,5.1029,0.7953,13,20,0,0,0,0,0.4308,0.6627,0.0,0.0,0.0,0.0,21,1,5,1,14,0,2,0,7,0,14,1,453.33079024873194,,2,21.59,0.6959,0.0331,0.1657,0.0331,0.4639,0.0,0.0663,0.0,0.232,0.0,0.4639,0.0331,15.0215,0.0663,2,0,12,0,0,2,,,0.0,0.0663,0.0,0.3976,0.0,0.0,0.0663,17,0,0,0,0,0,0,100.0,0.5633,0.0,0.0,0.0,0.0,0.0,0.0,83,67,14,16,12,7,16,24,24,15,1,0,8,13,17,14,23,17,2.7503,2.2201,0.4639,0.5302,0.3976,0.232,0.5302,0.7953,0.7953,0.497,0.0331,0.0,0.2651,0.4308,0.5633,0.4639,0.7621,0.5633,2716.1,33,2000+,True,36.643,35.727,76.034,48.552,198.787,1.2142,1.1838,2.5194,1.6088,6.587,-0.276,0.973
4phgw75cred5p93hjq8hiou6t,S. Floranus,Almere City FC,1256,880,499,380,1,382,254,592,444,282,182,548,440,514,351,194,89,311,128,155,89,10,1,27,9,0,0,70.06,41.16,57.42,66.49,75.0,64.54,80.29,68.29,45.88,10.0,33.33,,41.7353,29.2413,16.5811,12.6269,0.0332,12.6934,8.4401,19.6714,14.7536,9.3705,6.0476,18.2093,14.6206,17.0796,11.6633,6.4464,2.9574,10.3341,4.2533,5.1505,2.9574,0.3323,0.0332,0.8972,0.2991,0.0,0.0,182,81,130,1692.7281298079424,6,6,0,188,87,0.0,6.0476,2.6915,4.3197,56.2472,0.1994,0.1994,0.0,6.247,2.8909,0.0,0.804,0.608,37,10,21,6,16,4,27.03,1.2295,0.3323,0.6978,0.1994,0.5317,0.1329,531,27,17,1,0.0,32,1,0,0,0,5,0,0.0,1,0,0.0,0,0,0,11,1,0.0,17.6445,0.8972,0.5649,0.0332,0.0,1.0633,0.0332,0.0,0.0,0.0,0.1661,0.0,0.0,0.0332,0.0,0.0,0.0,0.0,0.0,0.3655,0.0332,0.0,25,12,57,38,35,18,4,38,20,10,8,75,78,41,49,20,29,21,160,94,56,10,17,1,1443,10,48.0,66.67,52.56,160,91,56.88,18,149,84,22,0.8307,0.3987,1.894,1.2627,1.163,0.5981,0.1329,1.2627,0.6646,0.3323,0.2658,2.4922,2.5918,1.3624,1.6282,0.6646,0.9636,0.6978,5.3166,3.1235,1.8608,0.3323,0.5649,0.0332,47.949,0.3323,5.3166,3.0238,0.5981,4.9511,2.7912,0.731,40,14,3,7,0,0,1.3291,0.4652,0.0997,0.2326,0.0,0.0,6,0,3,0,3,0,0,0,1,0,5,0,152.8495933083152,,1,25.47,0.1994,0.0,0.0997,0.0,0.0997,0.0,0.0,0.0,0.0332,0.0,0.1661,0.0,5.079,0.0332,0,0,32,0,0,264,,,,0.0,0.0,1.0633,0.0,0.0,8.7724,13,0,0,0,0,0,0,100.0,0.432,0.0,0.0,0.0,0.0,0.0,0.0,91,91,10,7,2,4,26,31,22,16,0,0,4,2,9,8,31,26,3.0238,3.0238,0.3323,0.2326,0.0665,0.1329,0.8639,1.0301,0.731,0.5317,0.0,0.0,0.1329,0.0665,0.2991,0.2658,1.0301,0.8639,2708.5,29,2000+,True,50.855,33.903,66.914,69.591,142.751,1.6898,1.1266,2.2235,2.3124,4.7434,0.269,0.861
7wjzrrcy3fp8nq6dlanfxvqhh,B. Nuytinck,Nijmegen Eendracht Combinatie,1723,1528,1071,452,5,791,685,899,824,33,19,657,602,877,826,189,100,191,85,124,70,2,0,1,0,0,0,88.68,44.5,56.45,86.6,91.66,57.58,91.63,94.18,52.91,0.0,0.0,,57.4099,50.9126,35.6855,15.0605,0.1666,26.3559,22.824,29.9545,27.4555,1.0996,0.6331,21.8911,20.0585,29.2214,27.5221,6.2974,3.332,6.3641,2.8322,4.1317,2.3324,0.0666,0.0,0.0333,0.0,0.0,0.0,154,84,291,4834.000516026975,3,0,0,157,84,0.0,5.1312,2.7989,9.696,161.0677,0.1,0.0,0.0,5.2312,2.7989,0.0,0.415,0.176,3,0,3,0,0,0,0.0,0.1,0.0,0.1,0.0,0.0,0.0,1233,39,4,0,0.0,16,1,0,0,0,0,0,0,1,0,0.0,0,0,0,3,0,0.0,41.0833,1.2995,0.1333,0.0,0.0,0.5331,0.0333,0.0,0.0,0.0,0.0,0.0,0.0,0.0333,0.0,0.0,0.0,0.0,0.0,0.1,0.0,0.0,1,0,31,21,17,9,5,28,23,5,0,143,142,77,90,52,52,25,130,87,43,0,4,1,1937,32,0.0,67.74,54.23,174,98,56.32,5,127,57,5,0.0333,0.0,1.0329,0.6997,0.5664,0.2999,0.1666,0.933,0.7664,0.1666,0.0,4.7647,4.7314,2.5656,2.9988,1.7326,1.7326,0.833,4.3316,2.8988,1.4327,0.0,0.1333,0.0333,64.5404,1.0662,5.7976,3.2653,0.1666,4.2316,1.8992,0.1666,27,6,8,3,1,0,0.8996,0.1999,0.2666,0.1,0.0333,0.0,20,0,5,0,0,0,15,0,19,0,1,0,231.7209824980841,,0,11.59,0.6664,0.0,0.1666,0.0,0.0,0.0,0.4998,0.0,0.6331,0.0,0.0333,0.0,7.7209,0.0,0,0,30,0,0,0,,,,0.0,0.0,0.9996,0.0,0.0,0.0,55,0,0,0,0,0,0,100.0,1.8326,0.0,0.0,0.0,0.0,0.0,0.0,81,73,1,3,6,14,13,18,17,11,0,0,12,8,3,1,20,11,2.6989,2.4323,0.0333,0.1,0.1999,0.4665,0.4332,0.5998,0.5664,0.3665,0.0,0.0,0.3998,0.2666,0.1,0.0333,0.6664,0.3665,2701.1,31,2000+,True,29.993,27.09,138.353,137.386,125.776,0.9994,0.9026,4.6099,4.5777,4.1908,-0.523,0.421
dficbkp6sp4kw7xihaxneozpx,Y. Namli,PEC Zwolle,1234,930,445,481,4,132,100,600,495,502,335,589,480,466,353,179,97,154,82,22,14,109,25,10,3,0,0,75.36,53.25,63.64,75.76,82.5,66.73,81.49,75.75,54.19,22.94,30.0,,41.3924,31.1953,14.9268,16.1343,0.1342,4.4277,3.3543,20.126,16.6039,16.8387,11.237,19.757,16.1008,15.6312,11.8408,6.0042,3.2537,5.1657,2.7505,0.738,0.4696,3.6562,0.8386,0.3354,0.1006,0.0,0.0,170,85,195,2476.3753845599626,35,22,7,205,107,7.0,5.7024,2.8512,6.5409,83.0658,1.174,0.738,0.2348,6.8764,3.5891,0.2348,0.658,0.875,119,28,42,10,77,18,23.53,3.9917,0.9392,1.4088,0.3354,2.5828,0.6038,915,135,74,7,0.0,129,16,3,0,0.0,21,1,0.0,0,0,0,3,1,0.0,47,5,0.0,30.6921,4.5283,2.4822,0.2348,0.0,4.3271,0.5367,0.1006,0.0,0.0,0.7044,0.0335,0.0,0.0,0.0,0.0,0.1006,0.0335,0.0,1.5765,0.1677,0.0,103,53,37,18,16,11,10,11,7,2,2,20,21,5,10,2,11,3,145,54,73,18,36,1,1534,67,51.46,48.65,23.81,161,76,47.2,37,77,86,30,3.455,1.7778,1.2411,0.6038,0.5367,0.369,0.3354,0.369,0.2348,0.0671,0.0671,0.6709,0.7044,0.1677,0.3354,0.0671,0.369,0.1006,4.8638,1.8113,2.4487,0.6038,1.2076,0.0335,51.4554,2.2474,5.4005,2.5493,1.2411,2.5828,2.8847,1.0063,18,30,2,5,0,0,0.6038,1.0063,0.0671,0.1677,0.0,0.0,63,4,61,3,2,1,0,0,18,1,45,3,1448.9273370472106,,11,23.0,2.1132,0.1342,2.0461,0.1006,0.0671,0.0335,0.0,0.0,0.6038,0.0335,1.5094,0.1006,48.6018,0.369,51,17,35,0,0,20,,,33.33,1.7107,0.5702,1.174,0.0,0.0,0.6709,2,0,0,0,0,0,0,100.0,0.0671,0.0,0.0,0.0,0.0,0.0,0.0,98,72,40,34,31,32,19,18,7,4,2,2,34,29,41,33,15,22,3.2872,2.4151,1.3417,1.1405,1.0398,1.0734,0.6373,0.6038,0.2348,0.1342,0.0671,0.0671,1.1405,0.9728,1.3753,1.1069,0.5031,0.738,2683.1,30,2000+,True,36.318,10.797,19.631,20.613,142.327,1.2182,0.3622,0.6585,0.6914,4.7741,-0.272,-0.641
5m8pflpgynidzk7d9507oujje,D. Rots,FC Twente,1159,816,385,426,5,82,60,465,337,612,419,660,465,401,297,98,54,91,49,78,28,52,8,24,5,0,0,70.41,53.85,35.9,73.17,72.47,68.46,70.45,74.06,55.1,15.38,20.83,,39.0791,27.5139,12.9814,14.3639,0.1686,2.7649,2.0231,15.6789,11.363,20.6354,14.1278,22.2539,15.6789,13.5209,10.0142,3.3044,1.8208,3.0683,1.6522,2.63,0.9441,1.7533,0.2697,0.8092,0.1686,0.0,0.0,195,93,195,2294.082922034608,30,23,13,225,116,13.0,6.575,3.1358,6.575,77.3518,1.0115,0.7755,0.4383,7.5865,3.9113,0.4383,1.028,1.177,76,13,7,2,69,11,17.11,2.5626,0.4383,0.236,0.0674,2.3265,0.3709,1006,199,53,11,0.0,105,21,6,2,0.0,7,2,0.0,3,1,0.0,0,0,0,37,6,0.0,33.9203,6.7099,1.7871,0.3709,0.0,3.5404,0.7081,0.2023,0.0674,0.0,0.236,0.0674,0.0,0.1012,0.0337,0.0,0.0,0.0,0.0,1.2476,0.2023,0.0,156,51,59,38,20,24,15,17,6,7,4,20,111,40,28,8,83,32,142,35,70,37,56,0,1525,132,32.69,64.41,36.04,326,129,39.57,56,61,101,56,5.26,1.7196,1.9894,1.2813,0.6744,0.8092,0.5058,0.5732,0.2023,0.236,0.1349,0.6744,3.7427,1.3487,0.9441,0.2697,2.7986,1.079,4.788,1.1801,2.3603,1.2476,1.8882,0.0,51.4199,4.4508,10.9921,4.3496,1.8882,2.0568,3.4055,1.8882,23,33,0,3,0,0,0.7755,1.1127,0.0,0.1012,0.0,0.0,51,7,42,6,1,0,8,1,32,7,19,0,884.856017944444,,18,17.35,1.7196,0.236,1.4162,0.2023,0.0337,0.0,0.2697,0.0337,1.079,0.236,0.6406,0.0,29.8355,0.6069,2,1,2,0,0,35,,,50.0,0.0674,0.0337,0.0674,0.0,0.0,1.1801,1,0,0,0,0,0,0,100.0,0.0337,0.0,0.0,0.0,0.0,0.0,0.0,123,72,34,19,25,26,33,26,10,7,3,4,26,25,24,29,25,34,4.1473,2.4277,1.1464,0.6406,0.8429,0.8767,1.1127,0.8767,0.3372,0.236,0.1012,0.1349,0.8767,0.8429,0.8092,0.9778,0.8429,1.1464,2669.2,33,2000+,True,67.237,19.373,22.792,126.496,161.824,2.2671,0.6532,0.7685,4.2652,5.4564,0.93,-0.069
8ymqihdfqc7esda7y407lebx1,D. de Wit,Alkmaar Zaanstreek,920,700,291,408,1,119,84,520,403,281,213,647,493,245,192,28,15,27,12,166,68,0,0,9,2,0,0,76.09,44.44,40.96,70.59,77.5,75.8,76.2,78.37,53.57,,22.22,,31.1255,23.6824,9.8451,13.8035,0.0338,4.026,2.8419,17.5927,13.6343,9.5068,7.2062,21.8893,16.6792,8.2889,6.4958,0.9473,0.5075,0.9135,0.406,5.6161,2.3006,0.0,0.0,0.3045,0.0677,0.0,0.0,48,49,105,1209.7129119720662,13,11,3,61,60,3.0,1.6239,1.6578,3.5524,40.9271,0.4398,0.3722,0.1015,2.0638,2.0299,0.1015,-1.074,-1.17,9,2,2,1,7,1,22.22,0.3045,0.0677,0.0677,0.0338,0.2368,0.0338,769,223,24,1,0.0,42,1,1,0,0.0,2,0,0.0,3,1,0.0,0,0,0,18,0,0.0,26.0168,7.5445,0.812,0.0338,0.0,1.4209,0.0338,0.0338,0.0,0.0,0.0677,0.0,0.0,0.1015,0.0338,0.0,0.0,0.0,0.0,0.609,0.0,0.0,18,5,46,25,8,26,12,16,5,10,1,30,185,103,67,39,118,64,57,15,33,9,17,0,1118,89,27.78,54.35,55.68,249,133,53.41,17,28,69,22,0.609,0.1692,1.5563,0.8458,0.2707,0.8796,0.406,0.5413,0.1692,0.3383,0.0338,1.015,6.2589,3.4847,2.2667,1.3194,3.9922,2.1653,1.9284,0.5075,1.1165,0.3045,0.5751,0.0,37.8242,3.0111,8.4242,4.4997,0.5751,0.9473,2.3344,0.7443,68,29,1,7,1,0,2.3006,0.9811,0.0338,0.2368,0.0338,0.0,40,10,3,1,13,6,24,3,38,10,2,0,448.1647771388414,,11,11.2,1.3533,0.3383,0.1015,0.0338,0.4398,0.203,0.812,0.1015,1.2856,0.3383,0.0677,0.0,15.1623,0.3722,0,0,6,0,0,18,,,,0.0,0.0,0.203,0.0,0.0,0.609,6,0,0,0,0,0,0,100.0,0.203,0.0,0.0,0.0,0.0,0.0,0.0,25,23,14,10,18,22,20,26,10,6,5,5,25,15,10,14,26,20,0.8458,0.7781,0.4736,0.3383,0.609,0.7443,0.6766,0.8796,0.3383,0.203,0.1692,0.1692,0.8458,0.5075,0.3383,0.4736,0.8796,0.6766,2660.2,32,2000+,True,50.476,17.557,32.919,203.003,62.547,1.7077,0.594,1.1137,6.868,2.1161,0.289,-0.186
2e0o5pwinz3zhg9pqg5vej9ih,J. Teze,PSV Eindhoven,2095,1793,861,923,9,367,307,1148,1058,580,428,993,876,928,808,174,109,218,141,65,30,0,0,103,27,0,0,85.58,64.68,46.15,83.65,92.16,73.79,88.22,87.07,62.64,,26.21,,71.1134,60.8622,29.2261,31.3306,0.3055,12.4576,10.4209,38.9681,35.9131,19.6877,14.5282,33.7067,29.7352,31.5003,27.427,5.9063,3.6999,7.3999,4.7862,2.2064,1.0183,0.0,0.0,3.4963,0.9165,0.0,0.0,246,188,324,4171.324488556493,35,26,12,281,214,12.0,8.3503,6.3815,10.998,141.5928,1.1881,0.8826,0.4073,9.5384,7.2641,0.4073,1.782,2.007,103,27,0,0,103,27,26.21,3.4963,0.9165,0.0,0.0,3.4963,0.9165,1479,107,60,11,0.0,97,14,3,0,0.0,19,4,0.0,0,0,0,0,0,0,38,7,0.0,50.2037,3.632,2.0367,0.3734,0.0,3.2926,0.4752,0.1018,0.0,0.0,0.6449,0.1358,0.0,0.0,0.0,0.0,0.0,0.0,0.0,1.2899,0.2376,0.0,35,17,51,31,21,22,8,16,8,7,1,36,36,17,26,12,10,5,174,77,85,12,11,0,2253,59,48.57,60.78,47.22,122,65,53.28,11,106,114,21,1.1881,0.5771,1.7312,1.0523,0.7128,0.7468,0.2716,0.5431,0.2716,0.2376,0.0339,1.222,1.222,0.5771,0.8826,0.4073,0.3394,0.1697,5.9063,2.6137,2.8853,0.4073,0.3734,0.0,76.4766,2.0027,4.1412,2.2064,0.3734,3.5981,3.8697,0.7128,20,7,8,4,0,0,0.6789,0.2376,0.2716,0.1358,0.0,0.0,24,3,2,1,20,1,2,1,9,2,15,1,615.1596668842468,,14,25.63,0.8147,0.1018,0.0679,0.0339,0.6789,0.0339,0.0679,0.0339,0.3055,0.0679,0.5092,0.0339,20.8812,0.4752,0,0,30,0,0,219,,,,0.0,0.0,1.0183,0.0,0.0,7.4338,2,0,0,0,0,0,0,100.0,0.0679,0.0,0.0,0.0,0.0,0.0,0.0,125,121,36,24,14,10,24,27,5,11,1,2,14,10,25,35,32,19,4.243,4.1073,1.222,0.8147,0.4752,0.3394,0.8147,0.9165,0.1697,0.3734,0.0339,0.0679,0.4752,0.3394,0.8486,1.1881,1.0862,0.6449,2651.4,30,2000+,True,71.488,22.428,50.462,50.462,243.901,2.4266,0.7613,1.7129,1.7129,8.2791,1.113,0.143
d5g7rl9a83vu3cyyzvu5yveqy,A. MacNulty,PEC Zwolle,1548,1177,647,525,5,573,404,705,586,270,187,682,554,634,516,232,107,270,117,96,37,74,20,0,0,0,0,76.03,43.33,38.54,70.51,83.12,69.26,81.23,81.39,46.12,27.03,,,52.6829,40.0567,22.0193,17.8673,0.1702,19.5009,13.7493,23.9932,19.9433,9.1889,6.3642,23.2104,18.8542,21.5769,17.561,7.8956,3.6415,9.1889,3.9818,3.2672,1.2592,2.5184,0.6807,0.0,0.0,0.0,0.0,200,102,194,2691.8481248833964,16,14,2,216,116,2.0,6.8066,3.4714,6.6024,91.6114,0.5445,0.4765,0.0681,7.3511,3.9478,0.0681,1.126,1.077,74,20,73,20,1,0,27.03,2.5184,0.6807,2.4844,0.6807,0.034,0.0,1040,40,20,3,0.0,45,4,0,0,0,8,1,0.0,1,1,0.0,0,0,0,11,1,0.0,35.3942,1.3613,0.6807,0.1021,0.0,1.5315,0.1361,0.0,0.0,0.0,0.2723,0.034,0.0,0.034,0.034,0.0,0.0,0.0,0.0,0.3744,0.034,0.0,19,11,73,42,48,19,6,36,27,8,1,78,63,39,47,28,16,11,113,65,48,0,8,0,1739,23,57.89,57.53,61.9,155,92,59.35,8,140,75,7,0.6466,0.3744,2.4844,1.4294,1.6336,0.6466,0.2042,1.2252,0.9189,0.2723,0.034,2.6546,2.1441,1.3273,1.5995,0.9529,0.5445,0.3744,3.8457,2.2121,1.6336,0.0,0.2723,0.0,59.1832,0.7828,5.2751,3.131,0.2723,4.7646,2.5525,0.2382,36,18,10,9,0,0,1.2252,0.6126,0.3403,0.3063,0.0,0.0,10,2,6,2,2,0,2,0,8,2,2,0,149.7166197614885,,5,14.97,0.3403,0.0681,0.2042,0.0681,0.0681,0.0,0.0681,0.0,0.2723,0.0681,0.0681,0.0,5.0953,0.1702,0,0,23,0,0,200,,,,0.0,0.0,0.7828,0.0,0.0,6.8066,15,0,0,0,0,0,0,100.0,0.5105,0.0,0.0,0.0,0.0,0.0,0.0,103,97,10,10,7,3,42,31,20,16,2,0,8,2,13,7,32,41,3.5054,3.3012,0.3403,0.3403,0.2382,0.1021,1.4294,1.055,0.6807,0.5445,0.0681,0.0,0.2723,0.0681,0.4424,0.2382,1.0891,1.3953,2644.5,31,2000+,True,71.655,35.336,76.562,61.839,110.917,2.4386,1.2026,2.6056,2.1046,3.7748,1.127,1.01
6ylzm57bvpufg3cenadtv7qhh,D. van Bruggen,Almere City FC,859,623,379,239,5,372,287,464,320,23,16,252,184,429,364,178,75,197,80,199,94,0,0,0,0,0,0,72.53,40.61,47.24,77.15,68.97,69.57,73.02,84.85,42.13,,,,29.252,21.2153,12.9063,8.1388,0.1703,12.6679,9.7734,15.8008,10.8971,0.7832,0.5449,8.5815,6.2658,14.609,12.3955,6.0615,2.554,6.7085,2.7243,6.7766,3.201,0.0,0.0,0.0,0.0,0.0,0.0,94,56,54,936.8352641828067,0,0,0,94,56,0.0,3.201,1.907,1.8389,31.9025,0.0,0.0,0.0,3.201,1.907,0.0,-0.404,-0.687,0,0,0,0,0,0,,0.0,0.0,0.0,0.0,0.0,0.0,388,15,5,0,0.0,14,1,0,0,0,0,0,0,2,0,0.0,0,0,0,3,0,0.0,13.2128,0.5108,0.1703,0.0,0.0,0.4767,0.0341,0.0,0.0,0.0,0.0,0.0,0.0,0.0681,0.0,0.0,0.0,0.0,0.0,0.1022,0.0,0.0,3,3,29,17,14,15,0,56,25,29,2,118,177,89,148,76,29,13,114,73,37,4,0,1,1046,14,100.0,58.62,50.28,209,109,52.15,1,112,81,6,0.1022,0.1022,0.9876,0.5789,0.4767,0.5108,0.0,1.907,0.8513,0.9876,0.0681,4.0183,6.0275,3.0308,5.0399,2.5881,0.9876,0.4427,3.8821,2.4859,1.26,0.1362,0.0,0.0341,35.62,0.4767,7.1172,3.7118,0.0341,3.814,2.7583,0.2043,44,3,17,7,0,1,1.4984,0.1022,0.5789,0.2384,0.0,0.0341,10,0,0,0,4,0,6,0,8,0,2,0,136.64344614344728,,0,13.66,0.3405,0.0,0.0,0.0,0.1362,0.0,0.2043,0.0,0.2724,0.0,0.0681,0.0,4.6532,0.0,0,0,54,0,0,2,,,,0.0,0.0,1.8389,0.0,0.0,0.0681,23,0,0,0,0,0,0,100.0,0.7832,0.0,0.0,0.0,0.0,0.0,0.0,51,43,1,4,3,7,16,13,30,26,0,0,6,4,1,4,14,15,1.7367,1.4643,0.0341,0.1362,0.1022,0.2384,0.5449,0.4427,1.0216,0.8854,0.0,0.0,0.2043,0.1362,0.0341,0.1362,0.4767,0.5108,2642.9,31,2000+,True,25.874,49.963,105.279,157.918,101.71,0.8811,1.7014,3.5851,5.3777,3.4636,-0.658,1.99
bx6j2y1hnu63lawn3rdoep1m2,J. Bakayoko,PSV Eindhoven,1361,1111,323,785,3,69,52,461,414,831,645,892,769,373,290,96,52,90,52,28,18,73,20,56,14,0,0,81.63,57.78,64.29,75.36,89.8,77.62,86.21,77.75,54.17,27.4,25.0,,46.5919,38.0335,11.0574,26.8733,0.1027,2.3621,1.7801,15.7817,14.1727,28.4481,22.0806,30.5363,26.3256,12.7691,9.9277,3.2864,1.7801,3.081,1.7801,0.9585,0.6162,2.499,0.6847,1.9171,0.4793,0.0,0.0,130,34,247,2785.2036790385605,48,29,25,178,63,25.0,4.4504,1.1639,8.4557,95.3474,1.6432,0.9928,0.8558,6.0936,2.1567,0.8558,0.126,0.543,129,34,5,0,124,34,26.36,4.4161,1.1639,0.1712,0.0,4.245,1.1639,1028,208,75,9,0.0,131,14,1,0,0.0,18,2,0.0,0,0,0,0,0,0,56,7,0.0,35.1921,7.1206,2.5675,0.3081,0.0,4.4846,0.4793,0.0342,0.0,0.0,0.6162,0.0685,0.0,0.0,0.0,0.0,0.0,0.0,0.0,1.9171,0.2396,0.0,186,92,33,23,13,10,10,9,3,5,1,4,19,10,7,2,12,8,111,30,58,23,37,0,1761,185,49.46,69.7,52.63,238,125,52.52,37,46,73,34,6.3674,3.1495,1.1297,0.7874,0.445,0.3423,0.3423,0.3081,0.1027,0.1712,0.0342,0.1369,0.6504,0.3423,0.2396,0.0685,0.4108,0.2739,3.7999,1.027,1.9855,0.7874,1.2666,0.0,60.2853,6.3332,8.1476,4.2792,1.2666,1.5747,2.499,1.1639,31,20,0,1,0,0,1.0612,0.6847,0.0,0.0342,0.0,0.0,96,12,78,10,10,0,8,2,54,9,42,3,1849.6783844876304,,21,19.27,3.2864,0.4108,2.6702,0.3423,0.3423,0.0,0.2739,0.0685,1.8486,0.3081,1.4378,0.1027,63.3211,0.7189,35,20,8,0,0,37,,,57.14,1.1982,0.6847,0.2739,0.0,0.0,1.2666,1,0,0,0,0,0,0,100.0,0.0342,0.0,0.0,0.0,0.0,0.0,0.0,69,61,39,36,52,44,22,11,4,5,4,8,47,49,39,36,18,15,2.3621,2.0882,1.3351,1.2324,1.7801,1.5063,0.7531,0.3766,0.1369,0.1712,0.1369,0.2739,1.609,1.6774,1.3351,1.2324,0.6162,0.5135,2629.0,33,2000+,True,46.257,12.616,5.607,26.633,155.592,1.5835,0.4319,0.1919,0.9117,5.3265,0.147,-0.504
7jgtmmk4b2bgn0syidj6ve7kl,J. Clasie,Alkmaar Zaanstreek,1761,1555,926,623,6,305,256,1176,1053,280,246,861,778,719,659,181,118,180,98,58,37,0,0,6,0,0,0,88.3,54.44,63.79,83.93,89.54,87.86,90.36,91.66,65.19,,0.0,,60.3243,53.2676,31.7208,21.3413,0.2055,10.448,8.7695,40.2847,36.0713,9.5916,8.4269,29.4942,26.6509,24.6298,22.5745,6.2003,4.0422,6.166,3.3571,1.9868,1.2675,0.0,0.0,0.2055,0.0,0.0,0.0,185,205,268,3323.0135416945654,14,12,3,199,217,3.0,6.3373,7.0224,9.1805,113.8322,0.4796,0.4111,0.1028,6.8169,7.4335,0.1028,0.927,0.85,6,0,1,0,5,0,0.0,0.2055,0.0,0.0343,0.0,0.1713,0.0,1305,69,27,3,0.0,70,10,0,0,0,0,0,0,0,0,0,0,0,0,27,3,0.0,44.7037,2.3636,0.9249,0.1028,0.0,2.3979,0.3426,0.0,0.0,0.0,0.0,0.0,0.0,0.0,0.0,0.0,0.0,0.0,0.0,0.9249,0.1028,0.0,16,13,63,32,24,34,5,43,19,20,4,35,27,10,17,6,10,4,201,62,124,15,13,0,1899,12,81.25,50.79,37.04,106,55,51.89,13,105,178,24,0.5481,0.4453,2.1581,1.0962,0.8221,1.1647,0.1713,1.473,0.6509,0.6851,0.137,1.1989,0.9249,0.3426,0.5823,0.2055,0.3426,0.137,6.8854,2.1239,4.2477,0.5138,0.4453,0.0,65.0516,0.4111,3.6311,1.8841,0.4453,3.5968,6.0975,0.8221,21,11,0,4,0,0,0.7194,0.3768,0.0,0.137,0.0,0.0,20,3,5,1,15,2,0,0,2,1,18,2,563.175561981396,,6,28.16,0.6851,0.1028,0.1713,0.0343,0.5138,0.0685,0.0,0.0,0.0685,0.0343,0.6166,0.0685,19.292,0.2055,0,0,33,0,0,4,,,,0.0,0.0,1.1304,0.0,0.0,0.137,4,0,0,0,0,0,0,100.0,0.137,0.0,0.0,0.0,0.0,0.0,0.0,90,95,18,9,9,11,31,32,21,22,2,1,8,12,14,13,28,35,3.083,3.2543,0.6166,0.3083,0.3083,0.3768,1.0619,1.0962,0.7194,0.7536,0.0685,0.0343,0.274,0.4111,0.4796,0.4453,0.9592,1.1989,2627.3,28,2000+,True,69.131,47.184,38.406,29.627,220.56,2.3681,1.6163,1.3156,1.0149,7.5554,1.046,1.823
24daij2a9hj0luq5eaxeejzvu,O. Sahraoui,SC Heerenveen,998,779,348,427,4,76,66,414,353,508,360,667,541,291,220,40,18,28,13,21,13,32,2,36,8,0,0,78.06,46.43,61.9,86.84,85.27,70.87,81.11,75.6,45.0,6.25,22.22,,34.2498,26.734,11.9428,14.654,0.1373,2.6082,2.265,14.2078,12.1144,17.4337,12.3546,22.8904,18.5663,9.9867,7.55,1.3727,0.6177,0.9609,0.4461,0.7207,0.4461,1.0982,0.0686,1.2355,0.2745,0.0,0.0,88,52,300,3705.515937954882,80,35,42,168,87,42.0,3.02,1.7846,10.2955,127.1674,2.7455,1.2011,1.4414,5.7655,2.9857,1.4414,-0.481,0.403,68,10,59,6,9,4,14.71,2.3337,0.3432,2.0248,0.2059,0.3089,0.1373,984,242,52,7,0.0,107,13,2,1,0.0,7,2,0.0,0,0,0,0,0,0,43,4,0.0,33.7693,8.3051,1.7846,0.2402,0.0,3.6721,0.4461,0.0686,0.0343,0.0,0.2402,0.0686,0.0,0.0,0.0,0.0,0.0,0.0,0.0,1.4757,0.1373,0.0,276,100,17,12,6,5,6,10,6,4,0,11,20,7,9,4,11,3,100,37,49,14,69,2,1536,206,36.23,70.59,35.0,313,119,38.02,71,49,58,20,9.4719,3.4318,0.5834,0.4118,0.2059,0.1716,0.2059,0.3432,0.2059,0.1373,0.0,0.3775,0.6864,0.2402,0.3089,0.1373,0.3775,0.103,3.4318,1.2698,1.6816,0.4805,2.368,0.0686,52.7131,7.0696,10.7417,4.0839,2.4366,1.6816,1.9905,0.6864,6,66,0,0,0,0,0.2059,2.265,0.0,0.0,0.0,0.0,76,8,26,4,47,4,3,0,59,7,17,1,1186.0971823569903,,15,15.61,2.6082,0.2745,0.8923,0.1373,1.613,0.1373,0.103,0.0,2.0248,0.2402,0.5834,0.0343,40.705,0.5148,8,6,5,0,0,13,,,75.0,0.2745,0.2059,0.1716,0.0,0.0,0.4461,0,0,0,0,0,0,0,,0.0,0.0,0.0,0.0,0.0,0.0,0.0,48,40,27,25,36,40,8,9,2,8,4,4,44,32,31,21,9,8,1.6473,1.3727,0.9266,0.858,1.2355,1.3727,0.2745,0.3089,0.0686,0.2745,0.1373,0.1373,1.51,1.0982,1.0639,0.7207,0.3089,0.2745,2622.5,32,2000+,True,16.876,9.927,10.92,19.854,99.268,0.5792,0.3407,0.3748,0.6814,3.4067,-1.004,-0.683
5fnmjp63t7m9fg3y2fcw6z015,Deroy Duarte,Fortuna Sittard,889,734,376,352,6,185,139,585,489,119,106,445,370,367,315,77,49,90,48,110,52,0,0,2,1,0,0,82.56,53.33,47.27,75.14,83.59,89.08,83.15,85.83,63.64,,50.0,,30.5627,25.234,12.9264,12.1013,0.2063,6.3601,4.7786,20.1115,16.8112,4.0911,3.6441,15.2985,12.7201,12.617,10.8293,2.6472,1.6846,3.0941,1.6502,3.7817,1.7877,0.0,0.0,0.0688,0.0344,0.0,0.0,66,79,93,1203.730768777368,10,7,1,76,86,1.0,2.269,2.7159,3.1972,41.3827,0.3438,0.2407,0.0344,2.6128,2.9566,0.0344,-0.8,-0.937,2,1,1,0,1,1,50.0,0.0688,0.0344,0.0344,0.0,0.0344,0.0344,551,45,24,0,0.0,39,2,0,0,0,1,0,0.0,0,0,0,0,0,0,23,0,0.0,18.9427,1.547,0.8251,0.0,0.0,1.3408,0.0688,0.0,0.0,0.0,0.0344,0.0,0.0,0.0,0.0,0.0,0.0,0.0,0.0,0.7907,0.0,0.0,19,10,64,35,26,34,4,27,16,10,1,43,69,34,40,21,29,13,152,51,88,13,14,0,1054,9,52.63,54.69,49.28,152,79,51.97,14,93,132,18,0.6532,0.3438,2.2002,1.2033,0.8938,1.1689,0.1375,0.9282,0.5501,0.3438,0.0344,1.4783,2.3721,1.1689,1.3751,0.722,0.997,0.4469,5.2256,1.7533,3.0253,0.4469,0.4813,0.0,36.2352,0.3094,5.2256,2.7159,0.4813,3.1972,4.538,0.6188,25,16,0,4,0,0,0.8595,0.5501,0.0,0.1375,0.0,0.0,20,2,3,0,17,2,0,0,4,1,16,1,461.6124466659354,,2,23.08,0.6876,0.0688,0.1031,0.0,0.5844,0.0688,0.0,0.0,0.1375,0.0344,0.5501,0.0344,15.8696,0.0688,0,0,14,0,0,5,,,,0.0,0.0,0.4813,0.0,0.0,0.1719,8,0,0,0,0,0,0,100.0,0.275,0.0,0.0,0.0,0.0,0.0,0.0,35,31,13,11,8,12,31,33,16,11,0,2,12,8,11,13,25,39,1.2033,1.0657,0.4469,0.3782,0.275,0.4125,1.0657,1.1345,0.5501,0.3782,0.0,0.0688,0.4125,0.275,0.3782,0.4469,0.8595,1.3408,2617.9,28,2000+,True,56.266,23.737,37.804,60.662,133.633,1.9344,0.816,1.2997,2.0855,4.5941,0.549,0.25
7a3ik1dbxkirdt58gwvvtyw9,J. Lelieveld,RKC Waalwijk,1461,1115,650,461,4,386,278,656,537,419,300,648,489,631,508,182,118,235,148,81,42,11,4,69,21,0,0,76.32,62.98,51.85,72.02,81.86,71.6,75.46,80.51,64.84,36.36,30.43,,50.7527,38.7332,22.5799,16.0144,0.139,13.409,9.6572,22.7883,18.6545,14.5553,10.4215,22.5104,16.987,21.9199,17.6471,6.3224,4.0991,8.1635,5.1413,2.8138,1.459,0.3821,0.139,2.3969,0.7295,0.0,0.0,306,139,186,2204.399120276389,13,9,6,319,148,6.0,10.6299,4.8286,6.4613,76.5771,0.4516,0.3126,0.2084,11.0815,5.1413,0.2084,2.749,2.662,80,25,1,1,79,24,31.25,2.7791,0.8685,0.0347,0.0347,2.7443,0.8337,857,75,59,4,0.0,91,7,1,1,0.0,16,1,0.0,0,0,0,0,0,0,42,2,0.0,29.7707,2.6054,2.0496,0.139,0.0,3.1612,0.2432,0.0347,0.0347,0.0,0.5558,0.0347,0.0,0.0,0.0,0.0,0.0,0.0,0.0,1.459,0.0695,0.0,21,8,79,58,56,14,9,28,21,6,1,78,54,33,37,27,17,6,130,74,47,9,9,2,1639,38,38.1,73.42,61.11,154,99,64.29,11,151,67,19,0.7295,0.2779,2.7443,2.0148,1.9453,0.4863,0.3126,0.9727,0.7295,0.2084,0.0347,2.7096,1.8759,1.1464,1.2853,0.9379,0.5906,0.2084,4.516,2.5706,1.6327,0.3126,0.3126,0.0695,56.9361,1.3201,5.3497,3.4391,0.3821,5.2455,2.3275,0.66,21,11,3,4,0,0,0.7295,0.3821,0.1042,0.139,0.0,0.0,7,1,2,0,4,1,1,0,5,0,2,1,181.35195013722995,,5,25.91,0.2432,0.0347,0.0695,0.0,0.139,0.0347,0.0347,0.0,0.1737,0.0,0.0695,0.0347,6.2999,0.1737,0,0,18,0,0,262,,,,0.0,0.0,0.6253,0.0,0.0,9.1014,2,0,0,0,0,0,0,100.0,0.0695,0.0,0.0,0.0,0.0,0.0,0.0,149,157,33,26,4,3,44,35,17,11,0,1,4,3,36,23,48,31,5.176,5.4539,1.1464,0.9032,0.139,0.1042,1.5285,1.2158,0.5906,0.3821,0.0,0.0347,0.139,0.1042,1.2506,0.799,1.6674,1.0769,2590.8,34,2000+,True,72.211,25.594,71.297,49.359,118.828,2.5085,0.8891,2.4767,1.7146,4.1279,1.207,0.394
5lvdnoyknuoyr6kdruposgctl,J. Schouten,PSV Eindhoven,1761,1582,930,644,8,393,344,1062,976,306,262,987,873,707,658,67,51,57,39,127,73,1,0,3,0,0,0,89.84,68.42,57.48,87.53,91.9,85.62,88.45,93.07,76.12,0.0,0.0,,61.4374,55.1925,32.4456,22.4677,0.2791,13.7109,12.0014,37.0508,34.0505,10.6757,9.1406,34.4342,30.457,24.6657,22.9562,2.3375,1.7793,1.9886,1.3606,4.4307,2.5468,0.0349,0.0,0.1047,0.0,0.0,0.0,167,162,284,3692.572290483921,19,10,9,186,172,9.0,5.8263,5.6518,9.9081,128.8256,0.6629,0.3489,0.314,6.4891,6.0007,0.314,0.71,0.711,4,0,1,0,3,0,0.0,0.1396,0.0,0.0349,0.0,0.1047,0.0,1340,96,20,2,0.0,73,7,0,0,0,0,0,0,3,1,0.0,0,0,0,17,1,0.0,46.7496,3.3492,0.6978,0.0698,0.0,2.5468,0.2442,0.0,0.0,0.0,0.0,0.0,0.0,0.1047,0.0349,0.0,0.0,0.0,0.0,0.5931,0.0349,0.0,35,17,54,32,17,29,8,43,22,20,1,30,79,50,53,35,26,15,211,79,112,20,23,1,1928,42,48.57,59.26,63.29,168,99,58.93,24,118,161,29,1.2211,0.5931,1.8839,1.1164,0.5931,1.0117,0.2791,1.5002,0.7675,0.6978,0.0349,1.0466,2.7561,1.7444,1.8491,1.2211,0.9071,0.5233,7.3613,2.7561,3.9074,0.6978,0.8024,0.0349,67.2636,1.4653,5.8611,3.4539,0.8373,4.1168,5.6169,1.0117,24,15,1,3,0,0,0.8373,0.5233,0.0349,0.1047,0.0,0.0,22,4,2,0,13,3,7,1,18,4,4,0,293.37976785786765,,6,13.34,0.7675,0.1396,0.0698,0.0,0.4535,0.1047,0.2442,0.0349,0.628,0.1396,0.1396,0.0,10.2354,0.2093,0,0,17,0,0,2,,,,0.0,0.0,0.5931,0.0,0.0,0.0698,6,0,0,0,0,0,0,100.0,0.2093,0.0,0.0,0.0,0.0,0.0,0.0,79,88,12,8,14,8,32,22,18,25,1,3,13,9,9,11,23,31,2.7561,3.0701,0.4187,0.2791,0.4884,0.2791,1.1164,0.7675,0.628,0.8722,0.0349,0.1047,0.4535,0.314,0.314,0.3838,0.8024,1.0815,2579.7,29,2000+,True,75.693,60.274,42.052,110.737,295.765,2.6408,2.1028,1.4671,3.8634,10.3186,1.359,2.779
74c15mfi1h4zrry5fo2q94ul1,R. Bazoer,Alkmaar Zaanstreek,1942,1720,1049,664,7,677,586,1122,1026,143,108,735,685,952,893,255,142,229,111,96,52,0,0,42,12,0,0,88.57,48.47,54.17,86.56,91.44,75.52,93.2,93.8,55.69,,28.57,,68.2761,60.4711,36.8803,23.3447,0.2461,23.8017,20.6024,39.4469,36.0717,5.0275,3.797,25.8409,24.083,33.4701,31.3958,8.9652,4.9924,8.0511,3.9025,3.3751,1.8282,0.0,0.0,1.4766,0.4219,0.0,0.0,166,163,283,4438.582833660942,3,4,0,169,167,0.0,5.8362,5.7307,9.9496,156.05,0.1055,0.1406,0.0,5.9416,5.8713,0.0,0.714,0.478,42,12,15,2,27,10,28.57,1.4766,0.4219,0.5274,0.0703,0.9493,0.3516,1276,2,20,1,0.0,46,1,0,0,0,13,1,0.0,1,0,0.0,0,0,0,6,0,0.0,44.8611,0.0703,0.7032,0.0352,0.0,1.6173,0.0352,0.0,0.0,0.0,0.457,0.0352,0.0,0.0352,0.0,0.0,0.0,0.0,0.0,0.2109,0.0,0.0,5,3,19,16,15,3,1,22,10,12,0,49,56,28,49,22,7,6,165,94,69,2,6,4,2045,5,60.0,84.21,50.0,80,47,58.75,10,119,84,3,0.1758,0.1055,0.668,0.5625,0.5274,0.1055,0.0352,0.7735,0.3516,0.4219,0.0,1.7227,1.9688,0.9844,1.7227,0.7735,0.2461,0.2109,5.801,3.3048,2.4259,0.0703,0.2109,0.1406,71.8973,0.1758,2.8126,1.6524,0.3516,4.1838,2.9532,0.1055,19,25,6,5,0,0,0.668,0.8789,0.2109,0.1758,0.0,0.0,8,0,3,0,5,0,0,0,2,0,6,0,192.37777060738878,,1,24.05,0.2813,0.0,0.1055,0.0,0.1758,0.0,0.0,0.0,0.0703,0.0,0.2109,0.0,6.7635,0.0352,46,25,36,0,0,7,,,54.35,1.6173,0.8789,1.2657,0.0,0.0,0.2461,14,0,0,0,0,0,0,100.0,0.4922,0.0,0.0,0.0,0.0,0.0,0.0,104,62,10,10,4,4,13,6,12,10,0,0,6,2,15,5,11,8,3.6564,2.1798,0.3516,0.3516,0.1406,0.1406,0.457,0.2109,0.4219,0.3516,0.0,0.0,0.2109,0.0703,0.5274,0.1758,0.3867,0.2813,2559.9,30,2000+,True,20.849,24.141,53.768,61.45,181.057,0.733,0.8487,1.8904,2.1604,6.3655,-0.828,0.315
a76yp8gkkg6frtuhh3d6l46i,D. Proper,Nijmegen Eendracht Combinatie,1264,1094,575,516,3,240,196,831,738,193,160,694,601,458,415,112,78,107,67,100,63,2,0,3,2,0,0,86.55,62.62,63.0,81.67,88.81,82.9,86.6,90.61,69.64,0.0,66.67,,44.4462,38.4685,20.2188,18.1442,0.1055,8.4391,6.892,29.2206,25.9504,6.7865,5.6261,24.4032,21.133,16.1047,14.5927,3.9383,2.7427,3.7625,2.3559,3.5163,2.2153,0.0703,0.0,0.1055,0.0703,0.0,0.0,101,117,211,2435.3890563197147,19,11,3,120,128,3.0,3.5515,4.1141,7.4194,85.6359,0.6681,0.3868,0.1055,4.2196,4.5009,0.1055,-0.255,-0.254,5,2,5,2,0,0,40.0,0.1758,0.0703,0.1758,0.0703,0.0,0.0,955,57,27,5,0.0,59,7,1,0,0.0,2,0,0.0,1,1,0.0,0,0,0,23,4,0.0,33.5808,2.0043,0.9494,0.1758,0.0,2.0746,0.2461,0.0352,0.0,0.0,0.0703,0.0,0.0,0.0352,0.0352,0.0,0.0,0.0,0.0,0.8088,0.1407,0.0,37,23,49,25,26,22,1,30,17,11,2,64,91,47,54,26,37,21,137,56,71,10,24,0,1506,38,62.16,51.02,51.65,177,95,53.67,24,99,104,13,1.301,0.8088,1.723,0.8791,0.9142,0.7736,0.0352,1.0549,0.5978,0.3868,0.0703,2.2504,3.1998,1.6527,1.8988,0.9142,1.301,0.7384,4.8173,1.9691,2.4966,0.3516,0.8439,0.0,52.9557,1.3362,6.2239,3.3405,0.8439,3.4811,3.657,0.4571,27,23,0,4,0,0,0.9494,0.8088,0.0,0.1407,0.0,0.0,29,5,6,1,20,3,3,1,20,4,9,1,485.48424027977507,,10,16.74,1.0197,0.1758,0.211,0.0352,0.7033,0.1055,0.1055,0.0352,0.7033,0.1407,0.3165,0.0352,17.0711,0.3516,1,1,20,0,0,5,,,100.0,0.0352,0.0352,0.7033,0.0,0.0,0.1758,11,0,0,0,0,0,0,100.0,0.3868,0.0,0.0,0.0,0.0,0.0,0.0,62,39,15,12,16,13,25,24,17,13,2,3,13,16,14,13,23,26,2.1801,1.3714,0.5274,0.422,0.5626,0.4571,0.8791,0.8439,0.5978,0.4571,0.0703,0.1055,0.4571,0.5626,0.4923,0.4571,0.8088,0.9142,2559.5,28,2000+,True,47.408,29.025,61.92,88.043,132.548,1.667,1.0206,2.1773,3.0959,4.6608,0.243,0.652
8przxwwothu3crflys7ahl4dm,S. Adewoye,RKC Waalwijk,1129,972,609,356,7,503,421,589,527,37,24,363,301,637,594,129,77,137,66,101,58,0,0,1,0,0,0,86.09,48.18,57.43,83.7,89.47,64.86,82.92,93.25,59.69,,0.0,,39.7333,34.208,21.4328,12.5288,0.2464,17.7023,14.8164,20.7289,18.5469,1.3022,0.8446,12.7752,10.5932,22.4182,20.9049,4.5399,2.7099,4.8215,2.3228,3.5545,2.0412,0.0,0.0,0.0352,0.0,0.0,0.0,99,75,118,2193.4048398581845,7,3,0,106,78,0.0,3.4841,2.6395,4.1528,77.1933,0.2464,0.1056,0.0,3.7305,2.7451,0.0,-0.284,-0.462,1,0,0,0,1,0,0.0,0.0352,0.0,0.0,0.0,0.0352,0.0,670,18,6,0,0.0,20,2,0,0,0,0,0,0,1,0,0.0,1,0,0.0,4,0,0.0,23.5796,0.6335,0.2112,0.0,0.0,0.7039,0.0704,0.0,0.0,0.0,0.0,0.0,0.0,0.0352,0.0,0.0,0.0352,0.0,0.0,0.1408,0.0,0.0,9,7,36,24,23,9,4,32,21,11,0,169,110,71,78,53,32,18,127,85,40,2,10,1,1391,26,77.78,66.67,64.55,155,102,65.81,11,129,60,6,0.3167,0.2464,1.267,0.8446,0.8094,0.3167,0.1408,1.1262,0.7391,0.3871,0.0,5.9477,3.8713,2.4987,2.7451,1.8652,1.1262,0.6335,4.4696,2.9914,1.4077,0.0704,0.3519,0.0352,48.954,0.915,5.455,3.5897,0.3871,4.5399,2.1116,0.2112,17,4,10,1,1,0,0.5983,0.1408,0.3519,0.0352,0.0352,0.0,16,1,1,0,4,0,11,1,15,1,1,0,181.57970071184312,,1,11.35,0.5631,0.0352,0.0352,0.0,0.1408,0.0,0.3871,0.0352,0.5279,0.0352,0.0352,0.0,6.3904,0.0352,0,0,31,0,0,7,,,,0.0,0.0,1.091,0.0,0.0,0.2464,36,0,0,0,0,0,0,100.0,1.267,0.0,0.0,0.0,0.0,0.0,0.0,53,46,3,3,10,6,18,18,14,18,0,1,5,11,2,4,14,22,1.8652,1.6189,0.1056,0.1056,0.3519,0.2112,0.6335,0.6335,0.4927,0.6335,0.0,0.0352,0.176,0.3871,0.0704,0.1408,0.4927,0.7743,2557.3,29,2000+,True,32.906,29.25,154.476,100.547,116.086,1.1581,1.0294,5.4365,3.5386,4.0855,-0.341,0.67
9c2i7ddl2uh7kuhwq62klkyui,B. Brobbey,AFC Ajax,530,414,96,314,4,12,10,244,199,274,205,400,316,114,87,16,11,15,9,72,34,0,0,7,0,0,0,78.11,60.0,47.22,83.33,81.56,74.82,79.0,76.32,68.75,,0.0,,18.7914,14.6785,3.4037,11.133,0.1418,0.4255,0.3546,8.6511,7.0556,9.7148,7.2684,14.1822,11.2039,4.0419,3.0846,0.5673,0.39,0.5318,0.3191,2.5528,1.2055,0.0,0.0,0.2482,0.0,0.0,0.0,11,11,60,814.9008101519632,25,7,19,36,18,19.0,0.39,0.39,2.1273,28.8926,0.8864,0.2482,0.6737,1.2764,0.6382,0.6737,-1.597,-1.505,7,0,3,0,4,0,0.0,0.2482,0.0,0.1064,0.0,0.1418,0.0,552,383,45,8,0.0,87,15,1,0,0.0,0,0,0,0,0,0,0,0,0,44,8,0.0,19.5714,13.5794,1.5955,0.2836,0.0,3.0846,0.5318,0.0355,0.0,0.0,0.0,0.0,0.0,0.0,0.0,0.0,0.0,0.0,0.0,1.56,0.2836,0.0,60,28,7,4,0,2,5,0,0,0,0,25,104,65,26,18,78,47,38,3,23,12,39,0,832,234,46.67,57.14,62.5,171,97,56.73,39,3,25,17,2.1273,0.9928,0.2482,0.1418,0.0,0.0709,0.1773,0.0,0.0,0.0,0.0,0.8864,3.6874,2.3046,0.9218,0.6382,2.7655,1.6664,1.3473,0.1064,0.8155,0.4255,1.3828,0.0,29.4989,8.2966,6.0629,3.4392,1.3828,0.1064,0.8864,0.6027,26,53,2,4,0,0,0.9218,1.8791,0.0709,0.1418,0.0,0.0,85,18,25,6,43,10,17,2,81,18,4,0,947.6733255986126,,26,11.15,3.0137,0.6382,0.8864,0.2127,1.5246,0.3546,0.6027,0.0709,2.8719,0.6382,0.1418,0.0,33.6001,0.9218,0,0,6,0,0,1,,,,0.0,0.0,0.2127,0.0,0.0,0.0355,1,0,0,0,0,0,0,100.0,0.0355,0.0,0.0,0.0,0.0,0.0,0.0,4,7,24,21,45,40,2,5,0,0,10,8,37,48,19,26,4,3,0.1418,0.2482,0.8509,0.7446,1.5955,1.4182,0.0709,0.1773,0.0,0.0,0.3546,0.2836,1.3118,1.7019,0.6737,0.9218,0.1418,0.1064,2538.4,30,2000+,True,8.689,0.0,31.031,129.087,47.167,0.3081,0.0,1.1002,4.5768,1.6723,-1.315,-1.353
aboxil79ulfa73pckzsdnwp62,S. Giménez,Feyenoord Rotterdam,394,270,92,176,2,10,7,160,123,224,140,273,188,104,72,17,10,13,7,52,22,5,0,1,1,0,0,68.53,53.85,42.31,70.0,76.88,62.5,68.86,69.23,58.82,0.0,100.0,,14.0463,9.6257,3.2799,6.2745,0.0713,0.3565,0.2496,5.7041,4.385,7.9857,4.9911,9.7326,6.7023,3.7077,2.5668,0.6061,0.3565,0.4635,0.2496,1.8538,0.7843,0.1783,0.0,0.0357,0.0357,0.0,0.0,23,18,55,700.0837145252647,18,11,8,41,29,8.0,0.82,0.6417,1.9608,24.9584,0.6417,0.3922,0.2852,1.4617,1.0339,0.2852,-1.415,-1.426,6,1,4,0,2,1,16.67,0.2139,0.0357,0.1426,0.0,0.0713,0.0357,471,277,27,3,0.0,53,9,3,0,0.0,1,0,0.0,2,0,0.0,0,0,0,21,3,0.0,16.7914,9.8752,0.9626,0.107,0.0,1.8895,0.3209,0.107,0.0,0.0,0.0357,0.0,0.0,0.0713,0.0,0.0,0.0,0.0,0.0,0.7487,0.107,0.0,91,28,8,1,1,4,3,0,0,0,0,9,81,38,12,7,69,31,63,9,30,24,43,0,745,217,30.77,12.5,46.91,180,67,37.22,43,10,34,27,3.2442,0.9982,0.2852,0.0357,0.0357,0.1426,0.107,0.0,0.0,0.0,0.0,0.3209,2.8877,1.3547,0.4278,0.2496,2.4599,1.1052,2.246,0.3209,1.0695,0.8556,1.533,0.0,26.5597,7.7362,6.4171,2.3886,1.533,0.3565,1.2121,0.9626,13,42,0,3,0,0,0.4635,1.4973,0.0,0.107,0.0,0.0,109,23,70,14,22,6,17,3,96,22,13,1,1468.1393205299448,,26,13.47,3.8859,0.82,2.4955,0.4991,0.7843,0.2139,0.6061,0.107,3.4225,0.7843,0.4635,0.0357,52.3401,0.9269,0,0,4,0,0,5,,,,0.0,0.0,0.1426,0.0,0.0,0.1783,2,0,0,0,0,0,0,100.0,0.0713,0.0,0.0,0.0,0.0,0.0,0.0,11,12,16,11,55,54,5,3,0,0,11,12,64,45,17,10,3,5,0.3922,0.4278,0.5704,0.3922,1.9608,1.9251,0.1783,0.107,0.0,0.0,0.3922,0.4278,2.2816,1.6043,0.6061,0.3565,0.107,0.1783,2524.5,30,2000+,True,10.468,0.0,11.777,105.989,82.436,0.3732,0.0,0.4199,3.7786,2.9389,-1.24,-1.353
d4j19ipiaeuetyij08fofgs15,J. Veerman,PSV Eindhoven,2209,1776,1082,689,5,288,237,1182,1007,739,532,967,818,849,707,393,251,326,206,76,48,3,0,211,97,0,0,80.4,63.19,63.16,82.29,85.19,71.99,84.59,83.27,63.87,0.0,45.97,,78.8647,63.4059,38.6291,24.5984,0.1785,10.282,8.4613,42.1992,35.9514,26.3834,18.9932,34.5234,29.2039,30.3106,25.241,14.0307,8.9611,11.6387,7.3545,2.7133,1.7137,0.1071,0.0,7.533,3.463,0.0,0.0,409,291,324,3573.3638688689234,34,32,6,443,323,6.0,14.6019,10.3891,11.5673,127.5746,1.2139,1.1424,0.2142,15.8158,11.5316,0.2142,4.435,4.675,214,97,115,51,99,46,45.33,7.6401,3.463,4.1057,1.8208,3.5345,1.6423,1588,109,140,16,0.0,246,31,0,0,0,79,10,0.0,0,0,0,12,1,0.0,49,5,0.0,56.694,3.8915,4.9982,0.5712,0.0,8.7826,1.1067,0.0,0.0,0.0,2.8204,0.357,0.0,0.0,0.0,0.0,0.4284,0.0357,0.0,1.7494,0.1785,0.0,42,28,68,45,35,24,9,20,9,6,5,33,57,31,40,16,17,15,191,58,110,23,24,1,2431,46,66.67,66.18,54.39,167,104,62.28,25,102,140,37,1.4995,0.9996,2.4277,1.6066,1.2496,0.8568,0.3213,0.714,0.3213,0.2142,0.1785,1.1782,2.035,1.1067,1.4281,0.5712,0.6069,0.5355,6.819,2.0707,3.9272,0.8211,0.8568,0.0357,86.7904,1.6423,5.9622,3.713,0.8925,3.6416,4.9982,1.321,15,11,1,1,0,0,0.5355,0.3927,0.0357,0.0357,0.0,0.0,58,5,5,1,50,4,3,0,26,3,32,2,1218.6872990908978,,21,21.01,2.0707,0.1785,0.1785,0.0357,1.7851,0.1428,0.1071,0.0,0.9282,0.1071,1.1424,0.0714,43.509,0.7497,171,104,87,0,0,21,,,60.82,6.105,3.713,3.106,0.0,0.0,0.7497,4,0,0,0,0,0,0,100.0,0.1428,0.0,0.0,0.0,0.0,0.0,0.0,229,180,78,62,33,25,34,34,7,13,1,4,35,23,82,58,33,35,8.1757,6.4263,2.7847,2.2135,1.1782,0.8925,1.2139,1.2139,0.2499,0.4641,0.0357,0.1428,1.2496,0.8211,2.9275,2.0707,1.1782,1.2496,2520.9,29,2000+,True,95.318,28.035,46.257,79.899,267.73,3.403,1.0009,1.6514,2.8525,9.5584,2.232,0.614
723av2redj2ej6livx0g81wwl,A. Verschueren,Sparta Rotterdam,747,513,253,260,0,116,69,332,246,299,198,448,298,251,189,48,26,63,31,82,31,7,1,36,11,0,0,68.67,49.21,37.8,59.48,74.1,66.22,66.52,75.3,54.17,14.29,30.56,,26.7327,18.3586,9.054,9.3045,0.0,4.1513,2.4693,11.8812,8.8035,10.7002,7.0858,16.0324,10.6644,8.9825,6.7637,1.7178,0.9305,2.2546,1.1094,2.9345,1.1094,0.2505,0.0358,1.2883,0.3937,0.0,0.0,63,48,95,1413.8226161266446,31,12,10,94,60,10.0,2.2546,1.7178,3.3997,50.5961,1.1094,0.4294,0.3579,3.364,2.1472,0.3579,-0.806,-0.618,43,12,10,1,33,11,27.91,1.5388,0.4294,0.3579,0.0358,1.181,0.3937,584,196,44,4,0.0,71,8,0,0,0,10,0,0.0,2,0,0.0,0,0,0,32,4,0.0,20.8994,7.0142,1.5746,0.1431,0.0,2.5409,0.2863,0.0,0.0,0.0,0.3579,0.0,0.0,0.0716,0.0,0.0,0.0,0.0,0.0,1.1452,0.1431,0.0,38,11,53,35,23,23,7,18,5,11,2,23,93,37,32,16,61,21,109,50,47,12,22,1,976,120,28.95,66.04,39.78,184,83,45.11,23,78,81,21,1.3599,0.3937,1.8967,1.2525,0.8231,0.8231,0.2505,0.6442,0.1789,0.3937,0.0716,0.8231,3.3282,1.3241,1.1452,0.5726,2.183,0.7515,3.9008,1.7893,1.682,0.4294,0.7873,0.0358,34.9278,4.2944,6.5848,2.9703,0.8231,2.7914,2.8987,0.7515,46,21,0,3,1,0,1.6462,0.7515,0.0,0.1074,0.0358,0.0,63,10,11,2,36,5,16,3,44,7,19,3,1110.9301544363598,,14,17.63,2.2546,0.3579,0.3937,0.0716,1.2883,0.1789,0.5726,0.1074,1.5746,0.2505,0.6799,0.1074,39.7565,0.501,0,0,2,0,0,5,,,,0.0,0.0,0.0716,0.0,0.0,0.1789,4,0,0,0,0,0,0,100.0,0.1431,0.0,0.0,0.0,0.0,0.0,0.0,38,25,25,19,34,29,27,26,9,9,7,3,38,25,16,28,23,30,1.3599,0.8947,0.8947,0.6799,1.2167,1.0378,0.9662,0.9305,0.3221,0.3221,0.2505,0.1074,1.3599,0.8947,0.5726,1.002,0.8231,1.0736,2514.9,27,2000+,True,50.019,16.988,21.706,87.769,102.869,1.79,0.6079,0.7768,3.141,3.6813,0.384,-0.158
ahwtdhrerarmljk9bh0tcpk6i,S. Steijn,FC Twente,724,531,275,255,1,87,68,341,270,296,193,424,313,235,185,65,33,65,33,64,35,0,0,44,14,0,0,73.34,50.77,54.69,78.16,79.18,65.2,73.82,78.72,50.77,,31.82,,25.9602,19.0398,9.8606,9.1434,0.0359,3.1195,2.4382,12.2271,9.6813,10.6135,6.9203,15.2032,11.2231,8.4263,6.6335,2.3307,1.1833,2.3307,1.1833,2.2948,1.255,0.0,0.0,1.5777,0.502,0.0,0.0,64,60,80,902.449935659808,15,11,8,79,71,8.0,2.2948,2.1514,2.8685,32.3588,0.5378,0.3944,0.2869,2.8327,2.5458,0.2869,-0.789,-0.843,44,14,24,8,20,6,31.82,1.5777,0.502,0.8606,0.2869,0.7171,0.2151,627,192,36,4,0.0,70,10,1,1,0.0,8,1,0.0,4,1,0.0,0,0,0,23,1,0.0,22.4821,6.8845,1.2908,0.1434,0.0,2.51,0.3586,0.0359,0.0359,0.0,0.2869,0.0359,0.0,0.1434,0.0359,0.0,0.0,0.0,0.0,0.8247,0.0359,0.0,34,14,29,17,13,11,5,10,2,7,1,10,53,16,21,7,32,9,93,29,55,9,30,0,960,140,41.18,58.62,30.19,116,47,40.52,30,44,73,15,1.2191,0.502,1.0398,0.6096,0.4661,0.3944,0.1793,0.3586,0.0717,0.251,0.0359,0.3586,1.9004,0.5737,0.753,0.251,1.1474,0.3227,3.3347,1.0398,1.9721,0.3227,1.0757,0.0,34.4223,5.0199,4.1594,1.6853,1.0757,1.5777,2.6175,0.5378,22,24,0,1,0,0,0.7888,0.8606,0.0,0.0359,0.0,0.0,89,17,22,5,62,11,5,1,63,16,26,1,1495.4755526235995,,21,16.8,3.1912,0.6096,0.7888,0.1793,2.2231,0.3944,0.1793,0.0359,2.259,0.5737,0.9323,0.0359,53.6226,0.753,16,6,5,0,0,2,,,37.5,0.5737,0.2151,0.1793,0.0,0.0,0.0717,2,0,0,0,0,0,0,100.0,0.0717,0.0,0.0,0.0,0.0,0.0,0.0,40,24,13,23,53,36,14,15,7,3,11,6,54,35,26,10,16,13,1.4343,0.8606,0.4661,0.8247,1.9004,1.2908,0.502,0.5378,0.251,0.1076,0.3944,0.2151,1.9363,1.255,0.9323,0.3586,0.5737,0.4661,2510.0,34,2000+,True,33.049,11.396,11.396,60.399,105.983,1.185,0.4086,0.4086,2.1657,3.8002,-0.31,-0.55
aeqj9ogm0dntus0wl352w9z6y,C. Widell,SBV Excelsior,1265,1047,630,415,2,715,592,536,448,14,7,389,322,625,563,251,162,237,137,149,70,0,0,1,0,0,0,82.77,57.81,46.98,82.8,83.58,50.0,82.78,90.08,64.54,,0.0,,45.4002,37.5763,22.6104,14.8941,0.0718,25.661,21.2466,19.2368,16.0785,0.5025,0.2512,13.961,11.5564,22.4309,20.2058,9.0083,5.8141,8.5058,4.9169,5.3475,2.5123,0.0,0.0,0.0359,0.0,0.0,0.0,133,67,107,2073.854912781382,1,0,1,134,67,1.0,4.7733,2.4046,3.8402,74.4295,0.0359,0.0,0.0359,4.8092,2.4046,0.0359,0.263,-0.003,1,0,0,0,1,0,0.0,0.0359,0.0,0.0,0.0,0.0359,0.0,829,14,2,0,0.0,13,0,0,0,0,0,0,0,1,0,0.0,0,0,0,1,0,0.0,29.7524,0.5025,0.0718,0.0,0.0,0.4666,0.0,0.0,0.0,0.0,0.0,0.0,0.0,0.0359,0.0,0.0,0.0,0.0,0.0,0.0359,0.0,0.0,2,2,21,11,15,5,1,38,24,14,0,121,77,47,55,35,22,12,99,71,26,2,5,0,1446,18,100.0,52.38,61.04,100,60,60.0,5,110,45,3,0.0718,0.0718,0.7537,0.3948,0.5383,0.1794,0.0359,1.3638,0.8613,0.5025,0.0,4.3426,2.7635,1.6868,1.9739,1.2561,0.7896,0.4307,3.5531,2.5482,0.9331,0.0718,0.1794,0.0,51.8962,0.646,3.5889,2.1534,0.1794,3.9478,1.615,0.1077,12,9,17,2,0,0,0.4307,0.323,0.6101,0.0718,0.0,0.0,11,2,0,0,2,1,9,1,8,1,3,1,203.42142610059614,,2,18.49,0.3948,0.0718,0.0,0.0,0.0718,0.0359,0.323,0.0359,0.2871,0.0359,0.1077,0.0359,7.3007,0.0718,0,0,27,0,0,4,,,,0.0,0.0,0.969,0.0,0.0,0.1436,25,0,0,1,0,0,0,100.0,0.8972,0.0,0.0,0.0359,0.0,0.0,0.0,60,73,1,1,2,9,6,15,24,14,0,2,7,4,1,1,12,9,2.1534,2.6199,0.0359,0.0359,0.0718,0.323,0.2153,0.5383,0.8613,0.5025,0.0,0.0718,0.2512,0.1436,0.0359,0.0359,0.4307,0.323,2507.7,30,2000+,True,19.283,34.894,111.109,70.706,90.908,0.6921,1.2523,3.9876,2.5376,3.2626,-0.875,1.108
1tj9gmnm02s8f12zwzvuwnoph,P. Bochniewicz,SC Heerenveen,1570,1336,842,489,5,691,583,804,694,75,59,665,601,684,605,221,130,213,103,147,82,1,0,0,0,0,0,85.1,48.36,55.78,84.37,86.32,78.67,90.38,88.45,58.82,0.0,,,56.563,48.1326,30.3351,17.6174,0.1801,24.8949,21.004,28.966,25.003,2.7021,2.1256,23.9582,21.6525,24.6427,21.7966,7.9621,4.6836,7.6738,3.7108,5.296,2.9542,0.036,0.0,0.0,0.0,0.0,0.0,181,123,190,2964.4848746635766,4,5,0,185,128,0.0,6.521,4.4314,6.8452,106.8026,0.1441,0.1801,0.0,6.6651,4.6115,0.0,1.005,0.785,1,0,1,0,0,0,0.0,0.036,0.0,0.036,0.0,0.0,0.0,1032,20,12,3,0.0,30,5,0,0,0,0,0,0,1,1,0.0,0,0,0,11,2,0.0,37.1803,0.7205,0.4323,0.1081,0.0,1.0808,0.1801,0.0,0.0,0.0,0.0,0.0,0.0,0.036,0.036,0.0,0.0,0.0,0.0,0.3963,0.0721,0.0,6,3,27,14,19,7,1,25,16,8,1,116,109,70,74,50,35,20,136,77,57,2,6,1,1768,20,50.0,51.85,64.22,142,87,61.27,7,112,72,4,0.2162,0.1081,0.9727,0.5044,0.6845,0.2522,0.036,0.9007,0.5764,0.2882,0.036,4.1792,3.927,2.5219,2.666,1.8014,1.261,0.7205,4.8997,2.7741,2.0536,0.0721,0.2162,0.036,63.6964,0.7205,5.1159,3.1344,0.2522,4.0351,2.594,0.1441,25,15,11,2,0,0,0.9007,0.5404,0.3963,0.0721,0.0,0.0,16,5,2,0,2,2,12,3,13,3,3,2,341.1508687789339,,8,21.32,0.5764,0.1801,0.0721,0.0,0.0721,0.0721,0.4323,0.1081,0.4684,0.1081,0.1081,0.0721,12.2908,0.2882,0,0,28,0,0,1,,,,0.0,0.0,1.0088,0.0,0.0,0.036,33,0,0,0,0,0,0,100.0,1.1889,0.0,0.0,0.0,0.0,0.0,0.0,95,86,6,6,5,11,8,19,12,13,4,1,10,6,7,5,11,16,3.4226,3.0984,0.2162,0.2162,0.1801,0.3963,0.2882,0.6845,0.4323,0.4684,0.1441,0.036,0.3603,0.2162,0.2522,0.1801,0.3963,0.5764,2498.1,29,2000+,True,26.802,24.817,115.151,108.202,135.005,0.9656,0.8941,4.1486,3.8982,4.8639,-0.561,0.404
62n3xzxpwe2j317q24rh5wjpx,André Ramalho,PSV Eindhoven,2277,2033,1543,482,8,697,599,1497,1365,83,69,718,654,1237,1158,322,221,287,177,199,115,0,0,4,2,0,0,89.28,61.67,57.79,85.94,91.18,83.13,91.09,93.61,68.63,,50.0,,82.1626,73.3582,55.6772,17.3924,0.2887,25.1503,21.6141,54.0173,49.2543,2.9949,2.4898,25.9081,23.5987,44.6356,41.7849,11.619,7.9745,10.356,6.3868,7.1807,4.1496,0.0,0.0,0.1443,0.0722,0.0,0.0,325,264,386,6735.879668826241,4,4,0,329,268,0.0,11.7272,9.5261,13.9283,243.0556,0.1443,0.1443,0.0,11.8715,9.6704,0.0,3.215,2.998,4,2,0,0,4,2,50.0,0.1443,0.0722,0.0,0.0,0.1443,0.0722,1579,24,10,0,0.0,48,7,0,0,0,1,0,0.0,0,0,0,0,0,0,9,0,0.0,56.9762,0.866,0.3608,0.0,0.0,1.732,0.2526,0.0,0.0,0.0,0.0361,0.0,0.0,0.0,0.0,0.0,0.0,0.0,0.0,0.3248,0.0,0.0,7,3,48,31,25,22,1,30,14,15,1,99,121,76,93,60,28,16,168,78,89,1,4,2,2469,31,42.86,64.58,62.81,176,110,62.5,6,117,126,3,0.2526,0.1083,1.732,1.1186,0.9021,0.7938,0.0361,1.0825,0.5052,0.5413,0.0361,3.5723,4.3661,2.7424,3.3558,2.165,1.0103,0.5773,6.0621,2.8145,3.2115,0.0361,0.1443,0.0722,89.0907,1.1186,6.3507,3.9692,0.2165,4.2218,4.5465,0.1083,29,20,9,5,0,0,1.0464,0.7217,0.3248,0.1804,0.0,0.0,31,3,2,0,11,1,18,2,25,3,6,0,458.33944817194583,,3,14.79,1.1186,0.1083,0.0722,0.0,0.3969,0.0361,0.6495,0.0722,0.9021,0.1083,0.2165,0.0,16.5386,0.1083,0,0,38,0,0,7,,,,0.0,0.0,1.3712,0.0,0.0,0.2526,27,0,0,0,0,0,0,100.0,0.9743,0.0,0.0,0.0,0.0,0.0,0.0,194,131,5,5,14,17,21,27,10,20,2,1,16,15,8,2,31,17,7.0002,4.727,0.1804,0.1804,0.5052,0.6134,0.7578,0.9743,0.3608,0.7217,0.0722,0.0361,0.5773,0.5413,0.2887,0.0722,1.1186,0.6134,2494.2,33,2000+,True,67.283,42.052,138.771,169.609,235.491,2.4278,1.5174,5.0074,6.1201,8.4974,1.115,1.629
31bs2qi2aa9in77z0iftbkk8a,D. Møller Wolfe,Alkmaar Zaanstreek,1312,1041,499,538,4,334,238,608,532,370,271,747,619,473,380,92,42,144,72,70,28,54,10,0,0,0,0,79.34,50.0,40.0,71.26,87.5,73.24,82.86,80.34,45.65,18.52,,,47.4084,37.6159,18.0311,19.4403,0.1445,12.0689,8.6,21.9697,19.2235,13.3697,9.7924,26.9924,22.3672,17.0916,13.7311,3.3244,1.5176,5.2034,2.6017,2.5294,1.0118,1.9513,0.3613,0.0,0.0,0.0,0.0,129,73,166,2375.1563847783036,35,20,7,164,93,7.0,4.6613,2.6378,5.9983,85.8249,1.2647,0.7227,0.2529,5.926,3.3605,0.2529,0.216,0.471,54,10,54,10,0,0,18.52,1.9513,0.3613,1.9513,0.3613,0.0,0.0,807,78,22,2,0.0,40,2,2,1,0.0,4,0,0.0,0,0,0,0,0,0,16,1,0.0,29.1605,2.8185,0.795,0.0723,0.0,1.4454,0.0723,0.0723,0.0361,0.0,0.1445,0.0,0.0,0.0,0.0,0.0,0.0,0.0,0.0,0.5782,0.0361,0.0,51,17,44,25,26,11,7,30,13,12,5,43,55,30,43,25,12,5,144,86,46,12,17,0,1505,51,33.33,56.82,54.55,150,72,48.0,17,125,69,24,1.8429,0.6143,1.5899,0.9034,0.9395,0.3975,0.2529,1.084,0.4697,0.4336,0.1807,1.5538,1.9874,1.084,1.5538,0.9034,0.4336,0.1807,5.2034,3.1076,1.6622,0.4336,0.6143,0.0,54.3823,1.8429,5.4202,2.6017,0.6143,4.5168,2.4933,0.8672,23,17,1,4,0,0,0.8311,0.6143,0.0361,0.1445,0.0,0.0,14,1,9,0,4,1,1,0,11,1,3,0,220.8030720202121,,3,15.77,0.5059,0.0361,0.3252,0.0,0.1445,0.0361,0.0361,0.0,0.3975,0.0361,0.1084,0.0,7.9786,0.1084,0,0,22,0,0,215,,,,0.0,0.0,0.795,0.0,0.0,7.7689,9,0,0,0,0,0,0,100.0,0.3252,0.0,0.0,0.0,0.0,0.0,0.0,69,60,7,15,7,7,23,21,17,13,1,0,8,6,12,10,26,18,2.4933,2.1681,0.2529,0.542,0.2529,0.2529,0.8311,0.7588,0.6143,0.4697,0.0361,0.0,0.2891,0.2168,0.4336,0.3613,0.9395,0.6504,2490.7,34,2000+,True,48.282,32.919,47.184,60.352,158.013,1.7446,1.1895,1.705,2.1808,5.7097,0.331,0.984
cynuwabb849am6ml1b70yr55h,M. Dijks,Fortuna Sittard,1087,793,502,289,2,347,232,517,428,223,133,442,354,517,379,128,60,220,92,71,34,48,15,0,0,0,0,72.95,41.82,47.89,66.86,82.79,59.64,80.09,73.31,46.88,31.25,,,39.473,28.7968,18.2295,10.4947,0.0726,12.6009,8.4248,18.7742,15.5423,8.098,4.8297,16.0507,12.8551,18.7742,13.7629,4.6482,2.1788,7.989,3.3409,2.5783,1.2347,1.7431,0.5447,0.0,0.0,0.0,0.0,180,93,111,1475.242966092991,23,8,5,203,101,5.0,6.5365,3.3772,4.0308,53.5716,0.8352,0.2905,0.1816,7.3717,3.6677,0.1816,1.012,1.086,48,15,48,15,0,0,31.25,1.7431,0.5447,1.7431,0.5447,0.0,0.0,573,28,26,2,0.0,52,4,1,0,0.0,9,1,0.0,0,0,0,0,0,0,16,1,0.0,20.8078,1.0168,0.9442,0.0726,0.0,1.8883,0.1453,0.0363,0.0,0.0,0.3268,0.0363,0.0,0.0,0.0,0.0,0.0,0.0,0.0,0.581,0.0363,0.0,56,14,56,33,34,14,8,20,13,7,0,51,46,28,30,18,16,10,116,72,42,2,13,0,1268,19,25.0,58.93,60.87,158,75,47.47,13,119,63,10,2.0336,0.5084,2.0336,1.1984,1.2347,0.5084,0.2905,0.7263,0.4721,0.2542,0.0,1.852,1.6704,1.0168,1.0894,0.6536,0.581,0.3631,4.2124,2.6146,1.5252,0.0726,0.4721,0.0,46.0458,0.69,5.7376,2.7235,0.4721,4.3213,2.2878,0.3631,33,30,2,4,0,0,1.1984,1.0894,0.0726,0.1453,0.0,0.0,10,0,8,0,1,0,1,0,4,0,6,0,199.7240301046227,,2,19.97,0.3631,0.0,0.2905,0.0,0.0363,0.0,0.0363,0.0,0.1453,0.0,0.2179,0.0,7.2527,0.0726,0,0,22,0,0,233,,,,0.0,0.0,0.7989,0.0,0.0,8.4611,5,0,0,0,0,0,0,100.0,0.1816,0.0,0.0,0.0,0.0,0.0,0.0,85,95,13,13,5,5,30,26,5,15,0,0,8,2,18,8,26,30,3.0867,3.4498,0.4721,0.4721,0.1816,0.1816,1.0894,0.9442,0.1816,0.5447,0.0,0.0,0.2905,0.0726,0.6536,0.2905,0.9442,1.0894,2478.4,31,2000+,True,49.233,17.583,44.837,40.442,101.983,1.7878,0.6385,1.6282,1.4686,3.7034,0.381,-0.098
7jpreaads35pnnfqbn7hmrmy,S. Mijnans,Alkmaar Zaanstreek,1288,1066,397,664,5,218,170,668,580,402,316,699,593,457,389,132,84,134,79,76,44,36,14,4,0,0,0,82.76,58.96,57.89,77.98,86.83,78.61,84.84,85.12,63.64,38.89,0.0,,46.9179,38.8311,14.4615,24.1875,0.1821,7.9411,6.1926,24.3332,21.1276,14.6436,11.5109,25.4624,21.6012,16.6471,14.1701,4.8084,3.0599,4.8812,2.8777,2.7684,1.6028,1.3114,0.51,0.1457,0.0,0.0,0.0,99,90,160,1957.899350791567,28,15,12,127,105,12.0,3.6063,3.2784,5.8283,71.3202,1.02,0.5464,0.4371,4.6262,3.8248,0.4371,-0.232,-0.081,40,14,17,7,23,7,35.0,1.4571,0.51,0.6193,0.255,0.8378,0.255,1039,163,39,6,0.0,84,12,0,0,0,7,2,0.0,3,1,0.0,0,0,0,29,3,0.0,37.8476,5.9376,1.4207,0.2186,0.0,3.0599,0.4371,0.0,0.0,0.0,0.255,0.0729,0.0,0.1093,0.0364,0.0,0.0,0.0,0.0,1.0564,0.1093,0.0,41,23,44,26,16,19,9,25,12,11,2,40,34,15,18,8,16,7,132,43,69,20,26,0,1517,67,56.1,59.09,44.12,119,64,53.78,26,71,99,31,1.4935,0.8378,1.6028,0.9471,0.5828,0.6921,0.3278,0.9107,0.4371,0.4007,0.0729,1.4571,1.2385,0.5464,0.6557,0.2914,0.5828,0.255,4.8084,1.5664,2.5135,0.7285,0.9471,0.0,55.2596,2.4406,4.3348,2.3313,0.9471,2.5863,3.6063,1.1292,25,15,0,2,0,0,0.9107,0.5464,0.0,0.0729,0.0,0.0,44,4,32,4,10,0,2,0,23,3,21,1,864.9559160676697,,10,19.66,1.6028,0.1457,1.1657,0.1457,0.3643,0.0,0.0729,0.0,0.8378,0.1093,0.765,0.0364,31.5077,0.3643,16,13,29,0,0,5,,,81.25,0.5828,0.4736,1.0564,0.0,0.0,0.1821,5,0,0,0,0,0,0,100.0,0.1821,0.0,0.0,0.0,0.0,0.0,0.0,57,42,23,16,25,19,25,19,14,11,3,1,17,27,14,25,21,23,2.0763,1.5299,0.8378,0.5828,0.9107,0.6921,0.9107,0.6921,0.51,0.4007,0.1093,0.0364,0.6193,0.9835,0.51,0.9107,0.765,0.8378,2470.7,30,2000+,True,48.282,27.433,43.893,37.309,144.845,1.7588,0.9993,1.5989,1.3591,5.2763,0.348,0.611
aklhi0hr28nidjlkw1sokp785,A. Meijers,RKC Waalwijk,1463,1032,511,514,7,354,246,724,559,385,227,653,533,545,396,265,103,277,111,89,46,132,18,4,1,0,0,70.54,40.07,51.69,69.49,77.21,58.96,81.62,72.66,38.87,13.64,25.0,,53.4007,37.6688,18.6519,18.7614,0.2555,12.9213,8.9792,26.4266,20.4039,14.0528,8.2857,23.835,19.4549,19.8929,14.4543,9.6727,3.7596,10.1107,4.0516,3.2486,1.679,4.8181,0.657,0.146,0.0365,0.0,0.0,193,115,148,1757.8292151323442,11,8,3,204,123,3.0,7.0447,4.1976,5.4021,64.1622,0.4015,0.292,0.1095,7.4462,4.4896,0.1095,1.227,1.117,136,19,115,16,21,3,13.97,4.9641,0.6935,4.1976,0.584,0.7665,0.1095,796,57,36,7,0.0,60,7,1,0,0.0,18,4,0.0,0,0,0,0,0,0,17,3,0.0,29.0546,2.0805,1.314,0.2555,0.0,2.19,0.2555,0.0365,0.0,0.0,0.657,0.146,0.0,0.0,0.0,0.0,0.0,0.0,0.0,0.6205,0.1095,0.0,18,5,60,29,39,18,3,30,17,11,2,78,58,33,46,26,12,7,141,79,53,9,16,0,1650,16,27.78,48.33,56.9,136,67,49.26,16,135,82,14,0.657,0.1825,2.19,1.0585,1.4235,0.657,0.1095,1.095,0.6205,0.4015,0.073,2.8471,2.117,1.2045,1.679,0.949,0.438,0.2555,5.1466,2.8836,1.9345,0.3285,0.584,0.0,60.2263,0.584,4.9641,2.4456,0.584,4.9276,2.9931,0.511,25,27,2,7,0,0,0.9125,0.9855,0.073,0.2555,0.0,0.0,8,0,8,0,0,0,0,0,0,0,8,0,209.1179752142375,,7,26.14,0.292,0.0,0.292,0.0,0.0,0.0,0.0,0.0,0.0,0.0,0.292,0.0,7.633,0.2555,31,8,57,0,0,212,,,25.81,1.1315,0.292,2.0805,0.0,0.0,7.7382,13,0,0,0,0,0,0,100.0,0.4745,0.0,0.0,0.0,0.0,0.0,0.0,90,103,15,21,5,3,28,32,18,12,0,0,5,3,20,16,39,21,3.2851,3.7596,0.5475,0.7665,0.1825,0.1095,1.022,1.168,0.657,0.438,0.0,0.0,0.1825,0.1095,0.73,0.584,1.4235,0.7665,2465.7,28,2000+,True,54.844,27.422,71.297,53.015,128.882,2.0018,1.0009,2.6024,1.9351,4.7043,0.626,0.614
en1pg53s5zagsx7wg6tossnah,G. Roemeratoe,RKC Waalwijk,919,742,409,330,3,206,144,593,499,120,99,424,337,386,330,109,75,106,59,110,72,1,0,2,1,0,0,80.74,55.66,65.45,69.9,84.15,82.5,79.48,85.49,68.81,0.0,50.0,,33.5483,27.0869,14.9306,12.0467,0.1095,7.5201,5.2568,21.6476,18.2161,4.3806,3.614,15.4782,12.3023,14.091,12.0467,3.9791,2.7379,3.8696,2.1538,4.0156,2.6284,0.0365,0.0,0.073,0.0365,0.0,0.0,72,105,73,932.1547470809601,3,4,0,75,109,0.0,2.6284,3.833,2.6649,34.0285,0.1095,0.146,0.0,2.7379,3.9791,0.0,-0.647,-0.884,3,1,1,0,2,1,33.33,0.1095,0.0365,0.0365,0.0,0.073,0.0365,523,19,14,2,0.0,26,2,0,0,0,1,0,0.0,1,0,0.0,0,0,0,12,2,0.0,19.0922,0.6936,0.5111,0.073,0.0,0.9491,0.073,0.0,0.0,0.0,0.0365,0.0,0.0,0.0365,0.0,0.0,0.0,0.0,0.0,0.4381,0.073,0.0,18,10,57,31,27,28,2,29,14,15,0,51,64,30,48,23,16,7,156,60,89,7,14,1,1069,2,55.56,54.39,46.88,139,71,51.08,15,101,132,9,0.6571,0.3651,2.0808,1.1317,0.9856,1.0221,0.073,1.0587,0.5111,0.5476,0.0,1.8618,2.3363,1.0952,1.7523,0.8396,0.5841,0.2555,5.6948,2.1903,3.249,0.2555,0.5111,0.0365,39.0241,0.073,5.0742,2.5919,0.5476,3.687,4.8187,0.3285,21,13,0,8,1,0,0.7666,0.4746,0.0,0.292,0.0365,0.0,5,0,0,0,5,0,0,0,2,0,3,0,119.18917457584512,,2,23.84,0.1825,0.0,0.0,0.0,0.1825,0.0,0.0,0.0,0.073,0.0,0.1095,0.0,4.351,0.073,0,0,16,0,0,0,,,,0.0,0.0,0.5841,0.0,0.0,0.0,15,0,0,0,0,0,0,100.0,0.5476,0.0,0.0,0.0,0.0,0.0,0.0,41,31,8,6,5,0,35,22,15,14,0,0,3,2,5,9,34,23,1.4967,1.1317,0.292,0.219,0.1825,0.0,1.2777,0.8031,0.5476,0.5111,0.0,0.0,0.1095,0.073,0.1825,0.3285,1.2412,0.8396,2465.4,29,2000+,True,52.101,26.508,46.617,58.5,142.593,1.902,0.9677,1.7018,2.1356,5.2054,0.512,0.549
dbkr1w2xlwnyssid1tv0jlujt,B. Benamar,FC Volendam,1262,1105,665,437,3,546,484,652,574,64,47,395,341,692,640,175,124,158,105,109,58,0,0,4,0,0,0,87.56,66.46,53.21,88.64,88.04,73.44,86.33,92.49,70.86,,0.0,,46.0733,40.3416,24.2779,15.9541,0.1095,19.9335,17.67,23.8033,20.9557,2.3365,1.7159,14.4207,12.4493,25.2637,23.3652,6.3889,4.527,5.7683,3.8334,3.9794,2.1175,0.0,0.0,0.146,0.0,0.0,0.0,144,101,150,2368.349833034612,6,4,0,150,105,0.0,5.2572,3.6873,5.4762,86.4642,0.219,0.146,0.0,5.4762,3.8334,0.0,0.469,0.28,4,0,3,0,1,0,0.0,0.146,0.0,0.1095,0.0,0.0365,0.0,798,25,4,1,0.0,14,1,0,0,0,0,0,0,0,0,0,0,0,0,4,1,0.0,29.1335,0.9127,0.146,0.0365,0.0,0.5111,0.0365,0.0,0.0,0.0,0.0,0.0,0.0,0.0,0.0,0.0,0.0,0.0,0.0,0.146,0.0365,0.0,11,9,30,19,21,9,0,24,17,6,1,93,84,51,50,30,34,21,129,95,34,0,9,1,1443,23,81.82,63.33,60.71,125,79,63.2,10,133,49,1,0.4016,0.3286,1.0952,0.6937,0.7667,0.3286,0.0,0.8762,0.6206,0.219,0.0365,3.3953,3.0667,1.8619,1.8254,1.0952,1.2413,0.7667,4.7096,3.4683,1.2413,0.0,0.3286,0.0365,52.6813,0.8397,4.5635,2.8841,0.3651,4.8556,1.7889,0.0365,20,7,21,6,0,1,0.7302,0.2556,0.7667,0.219,0.0,0.0365,17,4,1,0,7,1,9,3,14,4,3,0,195.59403395618955,,5,11.51,0.6206,0.146,0.0365,0.0,0.2556,0.0365,0.3286,0.1095,0.5111,0.146,0.1095,0.0,7.1408,0.1825,0,0,45,0,0,7,,,,0.0,0.0,1.6429,0.0,0.0,0.2556,31,0,0,0,0,0,0,100.0,1.1318,0.0,0.0,0.0,0.0,0.0,0.0,75,69,1,3,2,15,22,8,13,11,3,1,12,5,0,4,17,13,2.7381,2.5191,0.0365,0.1095,0.073,0.5476,0.8032,0.2921,0.4746,0.4016,0.1095,0.0365,0.4381,0.1825,0.0,0.146,0.6206,0.4746,2465.2,31,2000+,True,25.557,20.445,79.225,71.558,109.893,0.933,0.7464,2.8924,2.6125,4.012,-0.599,0.114
ca8qw8jztjxwxuc2foa6dfckq,J. Flint,FC Volendam,1199,930,591,334,5,460,361,601,493,138,76,418,343,607,515,174,72,230,76,101,44,11,3,0,0,0,0,77.56,33.04,43.56,78.48,82.03,55.07,82.06,84.84,41.38,27.27,,,43.8552,34.0161,21.6167,12.2165,0.1829,16.8252,13.2041,21.9824,18.0322,5.0475,2.7798,15.289,12.5457,22.2019,18.8369,6.3643,2.6335,8.4126,2.7798,3.6942,1.6094,0.4023,0.1097,0.0,0.0,0.0,0.0,131,87,162,2596.7433392752278,3,3,0,134,90,0.0,4.7915,3.1822,5.9254,94.9796,0.1097,0.1097,0.0,4.9012,3.2919,0.0,0.271,0.036,11,3,8,2,3,1,27.27,0.4023,0.1097,0.2926,0.0732,0.1097,0.0366,794,33,12,2,0.0,36,5,0,0,0,3,1,0.0,2,1,0.0,0,0,0,7,0,0.0,29.0417,1.207,0.4389,0.0732,0.0,1.3168,0.1829,0.0,0.0,0.0,0.1097,0.0366,0.0,0.0732,0.0366,0.0,0.0,0.0,0.0,0.256,0.0,0.0,21,11,52,27,36,14,2,31,23,8,0,136,97,53,64,31,33,22,93,51,38,4,0,2,1438,33,52.38,51.92,54.64,170,91,53.53,2,110,60,6,0.7681,0.4023,1.902,0.9876,1.3168,0.5121,0.0732,1.1339,0.8413,0.2926,0.0,4.9744,3.5479,1.9386,2.3409,1.1339,1.207,0.8047,3.4016,1.8654,1.3899,0.1463,0.0,0.0732,52.5969,1.207,6.218,3.3285,0.0732,4.0234,2.1946,0.2195,20,8,18,4,0,0,0.7315,0.2926,0.6584,0.1463,0.0,0.0,19,1,3,1,3,0,13,0,19,1,0,0,193.67970642625906,,3,10.19,0.695,0.0366,0.1097,0.0366,0.1097,0.0,0.4755,0.0,0.695,0.0366,0.0,0.0,7.0841,0.1097,0,0,13,0,0,102,,,,0.0,0.0,0.4755,0.0,0.0,3.7308,22,0,0,0,0,0,0,100.0,0.8047,0.0,0.0,0.0,0.0,0.0,0.0,56,75,5,7,5,14,28,24,13,18,0,1,8,11,9,3,24,28,2.0483,2.7432,0.1829,0.256,0.1829,0.5121,1.0241,0.8778,0.4755,0.6584,0.0,0.0366,0.2926,0.4023,0.3292,0.1097,0.8778,1.0241,2460.6,28,2000+,True,44.298,26.408,115.857,82.633,79.225,1.6203,0.9659,4.2376,3.0224,2.8978,0.189,0.545
7t19aebk75lrt41hmclk18mhh,D. Siovas,Fortuna Sittard,1104,872,550,316,6,549,431,522,417,33,24,343,287,572,496,189,89,215,86,159,79,3,1,0,0,0,0,78.99,40.0,49.69,78.51,79.89,72.73,83.67,86.71,47.09,33.33,,,40.4149,31.9219,20.1342,11.568,0.2196,20.0976,15.7779,19.1092,15.2654,1.2081,0.8786,12.5564,10.5064,20.9396,18.1574,6.9189,3.2581,7.8707,3.1483,5.8206,2.892,0.1098,0.0366,0.0,0.0,0.0,0.0,104,60,93,1722.7699196202375,2,1,0,106,61,0.0,3.8072,2.1965,3.4045,63.0666,0.0732,0.0366,0.0,3.8804,2.2331,0.0,-0.147,-0.398,3,1,3,1,0,0,33.33,0.1098,0.0366,0.1098,0.0366,0.0,0.0,677,26,3,0,0.0,17,1,0,0,0,1,0,0.0,2,0,0.0,0,0,0,0,0,0,24.7834,0.9518,0.1098,0.0,0.0,0.6223,0.0366,0.0,0.0,0.0,0.0366,0.0,0.0,0.0732,0.0,0.0,0.0,0.0,0.0,0.0,0.0,0.0,6,2,36,17,27,7,2,49,30,18,1,120,157,110,114,79,43,31,125,76,47,2,1,0,1299,23,33.33,47.22,70.06,199,129,64.82,1,133,72,5,0.2196,0.0732,1.3179,0.6223,0.9884,0.2563,0.0732,1.7938,1.0982,0.6589,0.0366,4.3929,5.7474,4.0268,4.1733,2.892,1.5741,1.1348,4.576,2.7822,1.7206,0.0732,0.0366,0.0,47.5534,0.842,7.2849,4.7224,0.0366,4.8688,2.6358,0.183,19,9,19,6,0,0,0.6955,0.3295,0.6955,0.2196,0.0,0.0,20,1,8,0,2,1,10,0,13,0,7,1,397.5779366832748,,1,19.88,0.7322,0.0366,0.2929,0.0,0.0732,0.0366,0.3661,0.0,0.4759,0.0,0.2563,0.0366,14.5544,0.0366,0,0,28,0,0,0,,,,0.0,0.0,1.025,0.0,0.0,0.0,19,0,0,0,0,0,0,100.0,0.6955,0.0,0.0,0.0,0.0,0.0,0.0,52,52,1,2,10,10,20,16,24,25,0,1,15,5,1,2,14,22,1.9036,1.9036,0.0366,0.0732,0.3661,0.3661,0.7322,0.5857,0.8786,0.9152,0.0,0.0366,0.5491,0.183,0.0366,0.0732,0.5125,0.8054,2458.5,27,2000+,True,31.65,43.079,105.5,138.029,109.895,1.1586,1.577,3.8621,5.0529,4.023,-0.34,1.746
5wwqe546ohp130rvi8x8pt0tm,A. Zagré,SBV Excelsior,1209,1018,472,546,0,419,323,539,486,251,209,657,578,432,378,120,62,143,71,36,22,19,1,0,0,0,0,84.2,49.65,61.11,77.09,90.17,83.27,87.98,87.5,51.67,5.26,,,44.4467,37.4249,17.3522,20.0727,0.0,15.4038,11.8745,19.8154,17.8669,9.2276,7.6835,24.1534,21.2491,15.8817,13.8965,4.4116,2.2793,5.2571,2.6102,1.3235,0.8088,0.6985,0.0368,0.0,0.0,0.0,0.0,90,54,243,2681.404600033542,27,17,10,117,71,10.0,3.3087,1.9852,8.9335,98.577,0.9926,0.625,0.3676,4.3013,2.6102,0.3676,-0.358,-0.219,19,1,19,1,0,0,5.26,0.6985,0.0368,0.6985,0.0368,0.0,0.0,730,45,15,3,0.0,40,7,0,0,0,1,0,0.0,0,0,0,0,0,0,14,3,0.0,26.8371,1.6543,0.5514,0.1103,0.0,1.4705,0.2573,0.0,0.0,0.0,0.0368,0.0,0.0,0.0,0.0,0.0,0.0,0.0,0.0,0.5147,0.1103,0.0,75,43,76,48,58,14,4,43,27,10,6,60,34,17,26,11,8,6,178,108,63,7,26,3,1451,33,57.33,63.16,50.0,185,108,58.38,29,193,87,17,2.7572,1.5808,2.794,1.7646,2.1323,0.5147,0.1471,1.5808,0.9926,0.3676,0.2206,2.2058,1.2499,0.625,0.9558,0.4044,0.2941,0.2206,6.5439,3.9704,2.3161,0.2573,0.9558,0.1103,53.3434,1.2132,6.8012,3.9704,1.0661,7.0953,3.1984,0.625,21,25,4,6,1,0,0.772,0.9191,0.1471,0.2206,0.0368,0.0,12,1,7,1,5,0,0,0,9,1,3,0,203.78591779304418,,4,16.98,0.4412,0.0368,0.2573,0.0368,0.1838,0.0,0.0,0.0,0.3309,0.0368,0.1103,0.0,7.4918,0.1471,0,0,20,0,0,187,,,,0.0,0.0,0.7353,0.0,0.0,6.8747,12,0,0,0,0,0,0,100.0,0.4412,0.0,0.0,0.0,0.0,0.0,0.0,51,39,6,9,4,8,42,34,25,18,1,0,8,4,11,4,40,36,1.8749,1.4338,0.2206,0.3309,0.1471,0.2941,1.5441,1.2499,0.9191,0.6617,0.0368,0.0,0.2941,0.1471,0.4044,0.1471,1.4705,1.3235,2448.1,28,2000+,True,69.788,39.485,55.096,31.221,163.45,2.5656,1.4516,2.0255,1.1478,6.0089,1.272,1.499
5gs7jd1eigk4jisxbr9a1yvp,B. Vriends,Sparta Rotterdam,1346,1137,790,344,3,517,424,814,705,15,8,409,354,735,669,202,114,198,93,145,66,0,0,1,1,0,0,84.47,46.97,45.52,82.01,86.61,53.33,86.55,91.02,56.44,,100.0,,49.7413,42.0177,29.1944,12.7125,0.1109,19.1057,15.6689,30.0813,26.0532,0.5543,0.2956,15.1146,13.082,27.1619,24.7228,7.4649,4.2129,7.3171,3.4368,5.3585,2.439,0.0,0.0,0.037,0.037,0.0,0.0,151,90,164,3024.1799619969815,1,0,0,152,90,0.0,5.5802,3.3259,6.0606,111.7583,0.037,0.0,0.0,5.6171,3.3259,0.0,0.606,0.34,1,1,0,0,1,1,100.0,0.037,0.037,0.0,0.0,0.037,0.037,932,13,6,1,0.0,18,2,0,0,0,0,0,0,1,0,0.0,0,0,0,5,1,0.0,34.442,0.4804,0.2217,0.037,0.0,0.6652,0.0739,0.0,0.0,0.0,0.0,0.0,0.0,0.037,0.0,0.0,0.0,0.0,0.0,0.1848,0.037,0.0,11,8,27,18,20,6,1,31,16,15,0,132,140,93,109,73,31,20,113,61,50,2,2,2,1556,19,72.73,66.67,66.43,178,119,66.85,4,97,71,3,0.4065,0.2956,0.9978,0.6652,0.7391,0.2217,0.037,1.1456,0.5913,0.5543,0.0,4.878,5.1737,3.4368,4.0281,2.6977,1.1456,0.7391,4.1759,2.2542,1.8477,0.0739,0.0739,0.0739,57.5018,0.7021,6.578,4.3976,0.1478,3.5846,2.6238,0.1109,21,13,2,3,0,0,0.7761,0.4804,0.0739,0.1109,0.0,0.0,12,2,1,0,5,1,6,1,10,2,2,0,122.67644356924814,,3,10.22,0.4435,0.0739,0.037,0.0,0.1848,0.037,0.2217,0.037,0.3695,0.0739,0.0739,0.0,4.5335,0.1109,0,0,31,0,0,4,,,,0.0,0.0,1.1456,0.0,0.0,0.1478,18,0,0,0,0,0,0,100.0,0.6652,0.0,0.0,0.0,0.0,0.0,0.0,82,69,1,5,7,5,15,12,15,16,0,2,6,6,4,2,10,17,3.0303,2.5499,0.037,0.1848,0.2587,0.1848,0.5543,0.4435,0.5543,0.5913,0.0,0.0739,0.2217,0.2217,0.1478,0.0739,0.3695,0.6282,2435.4,27,2000+,True,25.481,29.256,124.575,132.125,106.644,0.9416,1.0812,4.6037,4.8827,3.941,-0.589,0.772
c2an5ksdu6jbap3x3jp3z9c5x,N. Viergever,FC Utrecht,1367,1172,827,341,4,519,430,790,701,58,41,516,451,725,650,126,71,141,63,122,60,8,3,2,0,0,0,85.74,44.68,49.18,82.85,88.73,70.69,87.4,89.66,56.35,37.5,0.0,,50.5963,43.3788,30.6095,12.6213,0.1481,19.2096,15.9154,29.24,25.9459,2.1467,1.5175,19.0985,16.6927,26.8342,24.0582,4.6636,2.6279,5.2188,2.3318,4.5155,2.2208,0.2961,0.111,0.074,0.0,0.0,0.0,169,107,183,3297.5269780374956,3,1,0,172,108,0.0,6.2551,3.9604,6.7733,122.0503,0.111,0.037,0.0,6.3662,3.9974,0.0,0.892,0.658,10,3,8,2,2,1,30.0,0.3701,0.111,0.2961,0.074,0.074,0.037,873,22,9,0,0.0,30,1,0,0,0,1,0,0.0,0,0,0,0,0,0,8,0,0.0,32.3121,0.8143,0.3331,0.0,0.0,1.1104,0.037,0.0,0.0,0.0,0.037,0.0,0.0,0.0,0.0,0.0,0.0,0.0,0.0,0.2961,0.0,0.0,7,3,32,15,24,5,3,15,10,5,0,107,90,52,78,44,12,8,89,56,32,1,1,1,1550,22,42.86,46.88,57.78,129,70,54.26,2,90,42,4,0.2591,0.111,1.1844,0.5552,0.8883,0.1851,0.111,0.5552,0.3701,0.1851,0.0,3.9604,3.3311,1.9247,2.887,1.6286,0.4442,0.2961,3.2941,2.0727,1.1844,0.037,0.037,0.037,57.3696,0.8143,4.7746,2.5909,0.074,3.3311,1.5545,0.1481,12,6,14,2,1,0,0.4442,0.2221,0.5182,0.074,0.037,0.0,11,3,2,1,0,0,9,2,10,2,1,1,190.45179908792693,,3,17.31,0.4071,0.111,0.074,0.037,0.0,0.0,0.3331,0.074,0.3701,0.074,0.037,0.037,7.0491,0.111,0,0,61,0,0,27,,,,0.0,0.0,2.2578,0.0,0.0,0.9993,22,0,0,0,0,0,0,100.0,0.8143,0.0,0.0,0.0,0.0,0.0,0.0,96,72,4,5,6,5,16,16,4,10,3,0,9,2,7,2,16,16,3.5532,2.6649,0.1481,0.1851,0.2221,0.1851,0.5922,0.5922,0.1481,0.3701,0.111,0.0,0.3331,0.074,0.2591,0.074,0.5922,0.5922,2431.6,27,2000+,True,30.942,14.504,103.463,87.025,86.058,1.1452,0.5368,3.8294,3.221,3.1852,-0.356,-0.298
934ldgpefo90za10cq49k0o6i,R. El Yaakoubi,SBV Excelsior,1219,936,639,295,2,412,317,729,565,78,54,424,335,563,480,232,121,245,116,130,61,1,0,12,0,0,0,76.78,47.35,46.92,76.94,77.5,69.23,79.01,85.26,52.16,0.0,0.0,,45.2226,34.7238,23.7057,10.9439,0.0742,15.2844,11.7601,27.0445,20.9604,2.8937,2.0033,15.7296,12.4279,20.8862,17.8071,8.6068,4.4889,9.089,4.3034,4.8228,2.263,0.0371,0.0,0.4452,0.0,0.0,0.0,161,128,105,1538.2671159396382,6,4,3,167,132,3.0,5.9728,4.7486,3.8953,57.0668,0.2226,0.1484,0.1113,6.1954,4.8969,0.1113,0.772,0.586,13,0,3,0,10,0,0.0,0.4823,0.0,0.1113,0.0,0.371,0.0,701,36,18,4,0.0,34,8,0,0,0,0,0,0,0,0,0,0,0,0,18,4,0.0,26.0058,1.3355,0.6678,0.1484,0.0,1.2613,0.2968,0.0,0.0,0.0,0.0,0.0,0.0,0.0,0.0,0.0,0.0,0.0,0.0,0.6678,0.1484,0.0,9,5,45,27,28,13,4,30,14,15,1,113,94,58,71,44,23,14,131,73,56,2,5,0,1409,19,55.56,60.0,61.7,148,90,60.81,5,115,84,7,0.3339,0.1855,1.6694,1.0016,1.0387,0.4823,0.1484,1.1129,0.5194,0.5565,0.0371,4.1921,3.4872,2.1517,2.634,1.6323,0.8533,0.5194,4.8599,2.7082,2.0775,0.0742,0.1855,0.0,52.2712,0.7049,5.4905,3.3388,0.1855,4.2663,3.1162,0.2597,20,8,8,2,0,0,0.742,0.2968,0.2968,0.0742,0.0,0.0,13,0,1,0,6,0,6,0,9,0,4,0,201.16262314746928,,4,15.47,0.4823,0.0,0.0371,0.0,0.2226,0.0,0.2226,0.0,0.3339,0.0,0.1484,0.0,7.4628,0.1484,0,0,34,0,0,2,,,,0.0,0.0,1.2613,0.0,0.0,0.0742,16,0,0,0,0,0,0,100.0,0.5936,0.0,0.0,0.0,0.0,0.0,0.0,80,81,11,7,5,8,27,18,16,14,0,0,11,2,10,8,26,19,2.9678,3.0049,0.4081,0.2597,0.1855,0.2968,1.0016,0.6678,0.5936,0.5194,0.0,0.0,0.4081,0.0742,0.371,0.2968,0.9646,0.7049,2426.0,27,2000+,True,41.322,27.548,103.763,86.316,120.292,1.533,1.022,3.8494,3.2022,4.4626,0.089,0.655
dgex06nxjy9fdvc12o8keg99l,K. Ogawa,Nijmegen Eendracht Combinatie,328,245,74,170,1,16,10,204,151,108,84,244,179,71,58,13,8,9,5,97,53,1,0,0,0,0,0,74.7,55.56,54.64,62.5,74.02,77.78,73.36,81.69,61.54,0.0,,,12.2155,9.1244,2.7559,6.3312,0.0372,0.5959,0.3724,7.5975,5.6236,4.0222,3.1284,9.0871,6.6664,2.6442,2.1601,0.4842,0.2979,0.3352,0.1862,3.6125,1.9738,0.0372,0.0,0.0,0.0,0.0,0.0,9,11,34,402.6977671875945,10,3,3,19,14,3.0,0.3352,0.4097,1.2662,14.9974,0.3724,0.1117,0.1117,0.7076,0.5214,0.1117,-1.621,-1.747,1,0,1,0,0,0,0.0,0.0372,0.0,0.0372,0.0,0.0,0.0,360,237,7,1,0.0,22,4,0,0,0,0,0,0,3,1,0.0,0,0,0,4,0,0.0,13.4073,8.8265,0.2607,0.0372,0.0,0.8193,0.149,0.0,0.0,0.0,0.0,0.0,0.0,0.1117,0.0372,0.0,0.0,0.0,0.0,0.149,0.0,0.0,27,8,15,12,4,9,2,5,2,2,1,23,162,72,41,24,121,48,38,10,21,7,16,0,564,95,29.63,80.0,44.44,204,92,45.1,16,16,32,10,1.0055,0.2979,0.5586,0.4469,0.149,0.3352,0.0745,0.1862,0.0745,0.0745,0.0372,0.8566,6.0333,2.6815,1.5269,0.8938,4.5063,1.7876,1.4152,0.3724,0.7821,0.2607,0.5959,0.0,21.0047,3.538,7.5975,3.4263,0.5959,0.5959,1.1918,0.3724,17,35,1,1,0,0,0.6331,1.3035,0.0372,0.0372,0.0,0.0,57,11,16,2,21,4,20,5,49,10,8,1,767.5230765784888,,12,13.47,2.1228,0.4097,0.5959,0.0745,0.7821,0.149,0.7448,0.1862,1.8249,0.3724,0.2979,0.0372,28.5844,0.4469,0,0,1,0,0,0,,,,0.0,0.0,0.0372,0.0,0.0,0.0,3,0,0,0,0,0,0,100.0,0.1117,0.0,0.0,0.0,0.0,0.0,0.0,2,7,3,4,27,30,8,7,1,4,9,2,41,16,3,4,6,9,0.0745,0.2607,0.1117,0.149,1.0055,1.1173,0.2979,0.2607,0.0372,0.149,0.3352,0.0745,1.5269,0.5959,0.1117,0.149,0.2235,0.3352,2416.6,32,2000+,True,14.513,4.838,22.253,156.736,36.765,0.5405,0.1802,0.8288,5.8372,1.3692,-1.049,-0.999
7dkhv2l8y6jq20l1dc2ye17je,O. Edvardsen,Go Ahead Eagles,706,492,200,290,2,82,51,284,219,340,222,449,336,187,124,70,32,64,29,47,20,15,2,53,15,0,0,69.69,45.31,42.55,62.2,77.11,65.29,74.83,66.31,45.71,13.33,28.3,,26.3695,18.3765,7.4701,10.8317,0.0747,3.0627,1.9049,10.6076,8.1798,12.6992,8.2918,16.7704,12.5498,6.9846,4.6315,2.6145,1.1952,2.3904,1.0832,1.7555,0.747,0.5603,0.0747,1.9796,0.5603,0.0,0.0,64,36,94,1122.4840587086726,20,10,12,84,46,12.0,2.3904,1.3446,3.511,41.9255,0.747,0.3735,0.4482,3.1375,1.7181,0.4482,-0.748,-0.714,68,17,42,14,26,3,25.0,2.5398,0.635,1.5687,0.5229,0.9711,0.1121,589,205,42,1,0.0,68,5,1,0,0.0,12,1,0.0,1,0,0.0,1,0,0.0,27,0,0.0,21.9995,7.6569,1.5687,0.0374,0.0,2.5398,0.1868,0.0374,0.0,0.0,0.4482,0.0374,0.0,0.0374,0.0,0.0,0.0374,0.0,0.0,1.0085,0.0,0.0,91,31,30,12,9,15,6,18,1,14,3,28,47,27,25,12,22,15,115,45,56,14,42,0,1013,117,34.07,40.0,57.45,168,70,41.67,42,55,85,23,3.3989,1.1579,1.1205,0.4482,0.3362,0.5603,0.2241,0.6723,0.0374,0.5229,0.1121,1.0458,1.7555,1.0085,0.9338,0.4482,0.8217,0.5603,4.2953,1.6808,2.0916,0.5229,1.5687,0.0,37.8362,4.37,6.2749,2.6145,1.5687,2.0543,3.1748,0.8591,13,60,0,0,0,0,0.4856,2.241,0.0,0.0,0.0,0.0,59,7,17,2,33,3,9,2,41,7,18,0,1045.1572940728042,,8,17.71,2.2037,0.2615,0.635,0.0747,1.2326,0.1121,0.3362,0.0747,1.5314,0.2615,0.6723,0.0,39.0372,0.2988,21,16,9,0,0,14,,,76.19,0.7844,0.5976,0.3362,0.0,0.0,0.5229,2,0,0,0,0,0,0,100.0,0.0747,0.0,0.0,0.0,0.0,0.0,0.0,30,34,25,17,38,21,16,14,13,5,5,2,41,18,26,16,18,12,1.1205,1.2699,0.9338,0.635,1.4193,0.7844,0.5976,0.5229,0.4856,0.1868,0.1868,0.0747,1.5314,0.6723,0.9711,0.5976,0.6723,0.4482,2409.6,33,2000+,True,27.482,16.489,25.65,43.055,105.348,1.0265,0.6159,0.958,1.6081,3.9348,-0.492,-0.143
6gabdz53gxhyp8dv6x5the4t1,H. ter Avest,FC Utrecht,1263,967,533,431,3,368,254,533,443,362,270,704,565,458,356,101,46,156,70,100,48,1,0,64,12,0,0,76.56,44.87,48.0,69.02,83.11,74.59,80.26,77.73,45.54,0.0,18.75,,47.2228,36.1555,19.9285,16.1148,0.1122,13.7593,9.4969,19.9285,16.5635,13.535,10.0951,26.3221,21.125,17.1243,13.3106,3.7763,1.7199,5.8327,2.6173,3.7389,1.7947,0.0374,0.0,2.3929,0.4487,0.0,0.0,133,70,182,2015.547155542488,14,8,4,147,78,4.0,4.9728,2.6173,6.8049,75.3601,0.5235,0.2991,0.1496,5.4962,2.9164,0.1496,0.348,0.289,65,12,0,0,65,12,18.46,2.4303,0.4487,0.0,0.0,2.4303,0.4487,721,52,19,1,0.0,35,5,1,1,0.0,9,0,0.0,1,0,0.0,0,0,0,8,0,0.0,26.9577,1.9442,0.7104,0.0374,0.0,1.3086,0.1869,0.0374,0.0374,0.0,0.3365,0.0,0.0,0.0374,0.0,0.0,0.0,0.0,0.0,0.2991,0.0,0.0,9,4,39,27,21,10,8,27,18,9,0,84,60,35,35,21,25,14,95,53,39,3,3,1,1420,42,44.44,69.23,58.33,108,66,61.11,4,92,58,11,0.3365,0.1496,1.4582,1.0095,0.7852,0.3739,0.2991,1.0095,0.673,0.3365,0.0,3.1407,2.2434,1.3086,1.3086,0.7852,0.9347,0.5235,3.552,1.9816,1.4582,0.1122,0.1122,0.0374,53.0929,1.5704,4.0381,2.4677,0.1496,3.4398,2.1686,0.4113,32,21,3,2,0,0,1.1965,0.7852,0.1122,0.0748,0.0,0.0,13,0,1,0,6,0,6,0,13,0,0,0,163.5489719029744,,1,12.58,0.4861,0.0,0.0374,0.0,0.2243,0.0,0.2243,0.0,0.4861,0.0,0.0,0.0,6.115,0.0374,0,0,15,0,0,236,,,,0.0,0.0,0.5608,0.0,0.0,8.8239,14,0,0,0,0,0,0,100.0,0.5235,0.0,0.0,0.0,0.0,0.0,0.0,78,53,9,10,3,9,19,20,12,14,0,0,10,3,11,8,23,16,2.9164,1.9816,0.3365,0.3739,0.1122,0.3365,0.7104,0.7478,0.4487,0.5235,0.0,0.0,0.3739,0.1122,0.4113,0.2991,0.86,0.5982,2407.1,29,2000+,True,37.711,26.107,81.223,58.017,91.86,1.41,0.9761,3.0369,2.1692,3.4346,-0.052,0.565
6sg2ot7z9kfyrlgjkmpqvejqi,D. Rensch,AFC Ajax,1680,1497,840,649,8,469,399,976,898,235,200,812,714,751,706,117,77,141,81,72,42,5,2,9,1,0,0,89.11,57.45,58.33,85.07,92.01,85.11,87.93,94.01,65.81,40.0,11.11,,62.9292,56.0744,31.4646,24.3102,0.2997,17.5677,14.9457,36.5589,33.6372,8.8026,7.4916,30.4158,26.7449,28.1309,26.4452,4.3826,2.8843,5.2816,3.0341,2.697,1.5732,0.1873,0.0749,0.3371,0.0375,0.0,0.0,137,110,293,4257.70993900002,20,11,8,157,121,8.0,5.1317,4.1204,10.9752,159.4847,0.7492,0.412,0.2997,5.8809,4.5324,0.2997,0.415,0.452,14,3,2,2,12,1,21.43,0.5244,0.1124,0.0749,0.0749,0.4495,0.0375,1222,56,16,4,0.0,50,11,0,0,0,3,0,0.0,1,0,0.0,0,0,0,12,4,0.0,45.7735,2.0976,0.5993,0.1498,0.0,1.8729,0.412,0.0,0.0,0.0,0.1124,0.0,0.0,0.0375,0.0,0.0,0.0,0.0,0.0,0.4495,0.1498,0.0,32,13,43,29,23,15,5,32,12,19,1,51,39,20,26,16,13,4,112,56,49,7,10,0,1820,40,40.62,67.44,51.28,114,62,54.39,10,91,83,13,1.1987,0.487,1.6107,1.0863,0.8615,0.5619,0.1873,1.1987,0.4495,0.7117,0.0375,1.9104,1.4609,0.7492,0.9739,0.5993,0.487,0.1498,4.1953,2.0976,1.8354,0.2622,0.3746,0.0,68.1733,1.4983,4.2702,2.3224,0.3746,3.4087,3.109,0.487,15,24,4,2,1,0,0.5619,0.899,0.1498,0.0749,0.0375,0.0,10,2,3,1,6,1,1,0,9,2,1,0,145.49081138048925,,6,14.55,0.3746,0.0749,0.1124,0.0375,0.2247,0.0375,0.0375,0.0,0.3371,0.0749,0.0375,0.0,5.4498,0.2247,0,0,32,0,0,120,,,,0.0,0.0,1.1987,0.0,0.0,4.4949,6,0,0,0,0,0,0,100.0,0.2247,0.0,0.0,0.0,0.0,0.0,0.0,68,69,4,12,3,7,25,18,17,15,1,1,6,4,8,8,21,22,2.5471,2.5846,0.1498,0.4495,0.1124,0.2622,0.9364,0.6742,0.6368,0.5619,0.0375,0.0375,0.2247,0.1498,0.2997,0.2997,0.7866,0.8241,2402.7,28,2000+,True,53.373,39.719,63.302,48.408,139.017,1.9992,1.4878,2.3712,1.8133,5.2073,0.623,1.57
cb8pu5lenbczaooavhaxnzp3p,N. Isimat-Mirin,SBV Vitesse,1324,1087,727,353,7,622,514,669,552,33,21,461,390,667,597,196,100,196,87,163,86,0,0,0,0,0,0,82.1,44.39,52.76,82.64,82.51,63.64,84.6,89.51,51.02,,,,50.0189,41.0654,27.4651,13.3359,0.2645,23.4983,19.4182,25.2739,20.8538,1.2467,0.7934,17.4159,14.7337,25.1983,22.5538,7.4046,3.7779,7.4046,3.2867,6.1579,3.249,0.0,0.0,0.0,0.0,0.0,0.0,107,63,144,2400.1535033150976,6,1,0,113,64,0.0,4.0423,2.3801,5.4401,90.6745,0.2267,0.0378,0.0,4.269,2.4178,0.0,-0.047,-0.233,0,0,0,0,0,0,,0.0,0.0,0.0,0.0,0.0,0.0,843,26,11,1,0.0,24,1,0,0,0,0,0,0,8,1,0.0,0,0,0,3,0,0.0,31.8474,0.9822,0.4156,0.0378,0.0,0.9067,0.0378,0.0,0.0,0.0,0.0,0.0,0.0,0.3022,0.0378,0.0,0.0,0.0,0.0,0.1133,0.0,0.0,10,8,40,25,28,12,0,27,18,9,0,116,119,83,87,58,32,25,141,87,54,0,9,0,1508,27,80.0,62.5,69.75,169,116,68.64,9,133,75,0,0.3778,0.3022,1.5111,0.9445,1.0578,0.4533,0.0,1.02,0.68,0.34,0.0,4.3823,4.4957,3.1356,3.2867,2.1912,1.2089,0.9445,5.3268,3.2867,2.04,0.0,0.34,0.0,56.9702,1.02,6.3846,4.3823,0.34,5.0246,2.8334,0.0,28,13,15,2,0,1,1.0578,0.4911,0.5667,0.0756,0.0,0.0378,6,1,0,0,0,0,6,1,6,1,0,0,60.704464021300296,,2,10.12,0.2267,0.0378,0.0,0.0,0.0,0.0,0.2267,0.0378,0.2267,0.0378,0.0,0.0,2.2933,0.0756,0,0,32,0,0,3,,,,0.0,0.0,1.2089,0.0,0.0,0.1133,21,0,0,0,0,0,0,100.0,0.7934,0.0,0.0,0.0,0.0,0.0,0.0,57,50,6,5,2,4,12,28,15,12,0,1,5,1,6,5,19,21,2.1534,1.8889,0.2267,0.1889,0.0756,0.1511,0.4533,1.0578,0.5667,0.4533,0.0,0.0378,0.1889,0.0378,0.2267,0.1889,0.7178,0.7934,2382.3,27,2000+,True,40.332,27.224,116.964,119.988,142.171,1.5237,1.0285,4.4187,4.533,5.371,0.078,0.668
d3qx3gwypipcl2azrj9ing9ud,C. Arcus,SBV Vitesse,1507,1232,691,537,4,426,344,741,632,340,256,714,601,615,515,178,116,220,133,88,44,2,0,66,22,0,0,81.75,60.45,50.0,80.75,85.29,75.29,84.17,83.74,65.17,0.0,33.33,,57.3246,46.8639,26.2849,20.4269,0.1522,16.2046,13.0854,28.1868,24.0406,12.9332,9.738,27.1598,22.8614,23.3939,19.59,6.7709,4.4125,8.3686,5.0592,3.3474,1.6737,0.0761,0.0,2.5106,0.8369,0.0,0.0,208,132,260,3268.888225115178,25,14,6,233,146,6.0,7.9121,5.0211,9.8901,124.3449,0.951,0.5325,0.2282,8.8631,5.5537,0.2282,1.596,1.72,68,22,0,0,68,22,32.35,2.5866,0.8369,0.0,0.0,2.5866,0.8369,833,41,34,5,0.0,60,8,4,1,0.0,8,1,0.0,1,0,0.0,0,0,0,21,3,0.0,31.6864,1.5596,1.2933,0.1902,0.0,2.2823,0.3043,0.1522,0.038,0.0,0.3043,0.038,0.0,0.038,0.0,0.0,0.0,0.0,0.0,0.7988,0.1141,0.0,29,18,60,39,37,16,7,47,30,15,2,60,47,27,30,19,17,8,165,106,54,5,10,1,1674,17,62.07,65.0,57.45,136,84,61.76,11,173,85,14,1.1031,0.6847,2.2823,1.4835,1.4074,0.6086,0.2663,1.7878,1.1412,0.5706,0.0761,2.2823,1.7878,1.027,1.1412,0.7227,0.6467,0.3043,6.2764,4.0321,2.0541,0.1902,0.3804,0.038,63.6771,0.6467,5.1733,3.1953,0.4184,6.5807,3.2333,0.5325,31,18,5,4,0,0,1.1792,0.6847,0.1902,0.1522,0.0,0.0,11,0,1,0,10,0,0,0,1,0,10,0,301.21160009190334,,5,27.38,0.4184,0.0,0.038,0.0,0.3804,0.0,0.0,0.0,0.038,0.0,0.3804,0.0,11.4578,0.1902,0,0,28,0,0,244,,,,0.0,0.0,1.0651,0.0,0.0,9.2815,3,0,0,0,0,0,0,100.0,0.1141,0.0,0.0,0.0,0.0,0.0,0.0,115,93,17,17,4,7,24,36,26,21,0,0,7,4,16,18,25,35,4.3745,3.5376,0.6467,0.6467,0.1522,0.2663,0.9129,1.3694,0.989,0.7988,0.0,0.0,0.2663,0.1522,0.6086,0.6847,0.951,1.3314,2366.0,30,2000+,True,60.498,47.39,60.498,47.39,166.371,2.3013,1.8027,2.3013,1.8027,6.3286,0.97,2.189
c7n2b2gq381k0o0jizqueii5m,M. Kjølø,FC Twente,1369,1165,647,515,3,268,217,834,737,267,211,636,536,573,513,160,116,153,100,88,55,2,0,12,4,0,0,85.1,65.36,62.5,80.97,88.37,79.03,84.28,89.53,72.5,0.0,33.33,,52.0995,44.3359,24.6226,19.5991,0.1142,10.1992,8.2583,31.7392,28.0477,10.1611,8.0299,24.204,20.3983,21.8064,19.523,6.0891,4.4146,5.8227,3.8057,3.349,2.0931,0.0761,0.0,0.4567,0.1522,0.0,0.0,137,145,177,2241.770708741107,13,10,1,150,155,1.0,5.2138,5.5182,6.736,85.3141,0.4947,0.3806,0.0381,5.7085,5.8988,0.0381,0.45,0.379,14,4,5,0,9,4,28.57,0.5328,0.1522,0.1903,0.0,0.3425,0.1522,976,44,20,0,0.0,44,1,0,0,0,2,0,0.0,1,0,0.0,0,0,0,17,0,0.0,37.1432,1.6745,0.7611,0.0,0.0,1.6745,0.0381,0.0,0.0,0.0,0.0761,0.0,0.0,0.0381,0.0,0.0,0.0,0.0,0.0,0.647,0.0,0.0,17,13,29,19,9,15,5,28,16,12,0,32,64,24,46,13,18,11,185,74,105,6,13,0,1508,7,76.47,65.52,37.5,110,56,50.91,13,99,132,11,0.647,0.4947,1.1036,0.7231,0.3425,0.5708,0.1903,1.0656,0.6089,0.4567,0.0,1.2178,2.4356,0.9134,1.7506,0.4947,0.685,0.4186,7.0405,2.8162,3.9959,0.2283,0.4947,0.0,57.3893,0.2664,4.1862,2.1312,0.4947,3.7676,5.0235,0.4186,19,32,1,3,0,0,0.7231,1.2178,0.0381,0.1142,0.0,0.0,16,1,4,0,12,1,0,0,1,0,15,1,417.6360488896436,,1,26.1,0.6089,0.0381,0.1522,0.0,0.4567,0.0381,0.0,0.0,0.0381,0.0,0.5708,0.0381,15.8938,0.0381,0,0,20,0,0,4,,,,0.0,0.0,0.7611,0.0,0.0,0.1522,3,0,0,0,0,0,0,100.0,0.1142,0.0,0.0,0.0,0.0,0.0,0.0,67,70,13,7,10,6,22,7,14,14,1,0,7,9,10,10,15,14,2.5498,2.664,0.4947,0.2664,0.3806,0.2283,0.8372,0.2664,0.5328,0.5328,0.0381,0.0,0.2664,0.3425,0.3806,0.3806,0.5708,0.5328,2364.9,31,2000+,True,33.049,31.909,36.467,72.935,210.827,1.2577,1.2143,1.3878,2.7757,8.0234,-0.227,1.033
69cvlhfo7ulmz4o5ztlj1wlm2,M. Hilgers,FC Twente,1463,1296,845,448,3,632,547,783,711,48,38,470,426,807,766,186,104,181,85,72,38,0,0,4,1,0,0,88.59,46.96,52.78,86.55,90.8,79.17,90.64,94.92,55.91,,25.0,,55.9917,49.6003,32.3397,17.1458,0.1148,24.1878,20.9347,29.9668,27.2113,1.837,1.4543,17.9878,16.3038,30.8854,29.3162,7.1186,3.9803,6.9272,3.2531,2.7556,1.4543,0.0,0.0,0.1531,0.0383,0.0,0.0,111,87,166,2907.835550973738,7,4,3,118,91,3.0,4.2482,3.3296,6.3531,111.2881,0.2679,0.1531,0.1148,4.5161,3.4827,0.1148,0.04,-0.128,4,1,0,0,4,1,25.0,0.1531,0.0383,0.0,0.0,0.1531,0.0383,965,25,5,0,0.0,21,3,0,0,0,0,0,0,1,0,0.0,0,0,0,4,0,0.0,36.9323,0.9568,0.1914,0.0,0.0,0.8037,0.1148,0.0,0.0,0.0,0.0,0.0,0.0,0.0383,0.0,0.0,0.0,0.0,0.0,0.1531,0.0,0.0,20,8,52,32,32,19,1,26,14,9,3,51,67,31,43,20,24,11,141,75,65,1,4,1,1610,26,40.0,61.54,46.27,139,71,51.08,5,121,93,5,0.7654,0.3062,1.9901,1.2247,1.2247,0.7272,0.0383,0.9951,0.5358,0.3444,0.1148,1.9519,2.5642,1.1864,1.6457,0.7654,0.9185,0.421,5.3963,2.8704,2.4877,0.0383,0.1531,0.0383,61.6176,0.9951,5.3198,2.7173,0.1914,4.6309,3.5593,0.1914,24,17,15,5,1,0,0.9185,0.6506,0.5741,0.1914,0.0383,0.0,15,0,2,0,3,0,10,0,11,0,4,0,244.05134341532082,,0,16.27,0.5741,0.0,0.0765,0.0,0.1148,0.0,0.3827,0.0,0.421,0.0,0.1531,0.0,9.3403,0.0,0,0,62,0,0,7,,,,0.0,0.0,2.3729,0.0,0.0,0.2679,8,0,0,0,0,0,0,100.0,0.3062,0.0,0.0,0.0,0.0,0.0,0.0,64,47,0,5,6,9,30,22,12,14,0,0,11,4,3,2,32,20,2.4494,1.7988,0.0,0.1914,0.2296,0.3444,1.1482,0.842,0.4593,0.5358,0.0,0.0,0.421,0.1531,0.1148,0.0765,1.2247,0.7654,2351.6,28,2000+,True,59.259,29.63,58.12,76.354,160.684,2.2679,1.134,2.2244,2.9222,6.1497,0.931,0.875
b33sm106xc7g3h4bcqtawja7e,C. Bozdoğan,FC Utrecht,1114,889,478,408,3,181,141,693,588,240,160,528,444,444,373,142,72,120,60,76,37,65,16,4,1,0,0,79.8,50.0,48.68,77.9,84.85,66.67,84.09,84.01,50.7,24.62,25.0,,42.8938,34.2303,18.4051,15.7098,0.1155,6.9693,5.4291,26.6835,22.6405,9.241,6.1607,20.3303,17.0959,17.0959,14.3621,5.4676,2.7723,4.6205,2.3103,2.9263,1.4247,2.5028,0.6161,0.154,0.0385,0.0,0.0,97,90,159,2000.7366366225995,14,6,6,111,96,6.0,3.7349,3.4654,6.1222,77.037,0.5391,0.231,0.231,4.274,3.6964,0.231,-0.178,-0.231,69,17,32,5,37,12,24.64,2.6568,0.6546,1.2321,0.1925,1.4247,0.4621,757,57,25,2,0.0,49,3,0,0,0,16,1,0.0,0,0,0,2,0,0.0,7,1,0.0,29.1478,2.1947,0.9626,0.077,0.0,1.8867,0.1155,0.0,0.0,0.0,0.6161,0.0385,0.0,0.0,0.0,0.0,0.077,0.0,0.0,0.2695,0.0385,0.0,51,27,57,37,18,33,6,26,9,13,4,39,62,29,41,18,21,11,170,72,82,16,20,0,1344,26,52.94,64.91,46.77,170,93,54.71,20,99,128,26,1.9637,1.0396,2.1947,1.4247,0.6931,1.2706,0.231,1.0011,0.3465,0.5006,0.154,1.5017,2.3873,1.1166,1.5787,0.6931,0.8086,0.4235,6.5457,2.7723,3.1574,0.6161,0.7701,0.0,51.7498,1.0011,6.5457,3.5809,0.7701,3.8119,4.9286,1.0011,31,44,0,4,0,0,1.1936,1.6942,0.0,0.154,0.0,0.0,33,3,29,2,2,0,2,1,11,2,22,1,772.0357530765865,,5,23.4,1.2706,0.1155,1.1166,0.077,0.077,0.0,0.077,0.0385,0.4235,0.077,0.8471,0.0385,29.7267,0.1925,43,13,43,0,0,10,,,30.23,1.6557,0.5006,1.6557,0.0,0.0,0.385,7,0,0,0,0,0,0,100.0,0.2695,0.0,0.0,0.0,0.0,0.0,0.0,39,58,9,16,14,19,21,36,20,6,2,1,19,14,13,12,27,30,1.5017,2.2333,0.3465,0.6161,0.5391,0.7316,0.8086,1.3862,0.7701,0.231,0.077,0.0385,0.7316,0.5391,0.5006,0.4621,1.0396,1.1551,2337.4,33,2000+,True,55.116,25.141,37.711,59.951,164.38,2.1222,0.968,1.452,2.3084,6.3293,0.764,0.549
87kc5hjp3ry2z624wty5h7g4q,O. Fraulo,FC Utrecht,966,754,373,378,3,138,98,597,497,231,159,473,354,409,345,84,55,83,44,78,33,6,0,17,5,0,0,78.05,53.01,42.31,71.01,83.25,68.83,74.84,84.35,65.48,0.0,29.41,,37.3871,29.1821,14.4362,14.6297,0.1161,5.341,3.7929,23.1057,19.2354,8.9404,6.1538,18.3065,13.7009,15.8295,13.3525,3.2511,2.1287,3.2124,1.7029,3.0188,1.2772,0.2322,0.0,0.658,0.1935,0.0,0.0,72,79,133,1834.7327967960086,19,8,12,91,87,12.0,2.7866,3.0575,5.1475,71.0097,0.7354,0.3096,0.4644,3.522,3.3672,0.4644,-0.58,-0.55,23,5,17,5,6,0,21.74,0.8902,0.1935,0.658,0.1935,0.2322,0.0,715,79,21,5,0.0,41,6,0,0,0,2,0,0.0,1,1,0.0,1,0,0.0,17,4,0.0,27.6727,3.0575,0.8128,0.1935,0.0,1.5868,0.2322,0.0,0.0,0.0,0.0774,0.0,0.0,0.0387,0.0387,0.0,0.0387,0.0,0.0,0.658,0.1548,0.0,34,21,41,28,11,24,6,19,10,6,3,39,54,29,23,13,31,16,126,38,70,18,18,1,1177,56,61.76,68.29,53.7,129,78,60.47,19,59,100,27,1.3159,0.8128,1.5868,1.0837,0.4257,0.9289,0.2322,0.7354,0.387,0.2322,0.1161,1.5094,2.09,1.1224,0.8902,0.5031,1.1998,0.6192,4.8766,1.4707,2.7092,0.6967,0.6967,0.0387,45.5535,2.1674,4.9927,3.0188,0.7354,2.2835,3.8703,1.045,24,29,0,4,1,0,0.9289,1.1224,0.0,0.1548,0.0387,0.0,29,3,8,0,19,3,2,0,17,1,12,2,604.9179674890906,,8,20.86,1.1224,0.1161,0.3096,0.0,0.7354,0.1161,0.0774,0.0,0.658,0.0387,0.4644,0.0774,23.4122,0.3096,1,0,14,0,0,0,,,0.0,0.0387,0.0,0.5418,0.0,0.0,0.0,8,0,0,0,0,0,0,100.0,0.3096,0.0,0.0,0.0,0.0,0.0,0.0,27,45,6,15,10,19,21,20,5,14,2,1,14,15,14,7,22,19,1.045,1.7416,0.2322,0.5805,0.387,0.7354,0.8128,0.7741,0.1935,0.5418,0.0774,0.0387,0.5418,0.5805,0.5418,0.2709,0.8515,0.7354,2325.4,33,2000+,True,39.645,18.372,37.711,52.215,121.835,1.5344,0.7111,1.4595,2.0209,4.7154,0.091,0.044
6ta1z3xjdmq81gwglcm9ghno4,M. de Haan,FC Volendam,563,404,206,195,3,118,79,305,223,140,102,297,208,201,162,65,34,81,34,46,19,1,0,14,3,0,0,71.76,41.98,41.3,66.95,73.11,72.86,70.03,80.6,52.31,0.0,21.43,,22.0458,15.8197,8.0665,7.6357,0.1175,4.6206,3.0935,11.9431,8.7322,5.4821,3.9941,11.6298,8.1448,7.8707,6.3435,2.5452,1.3314,3.1718,1.3314,1.8013,0.744,0.0392,0.0,0.5482,0.1175,0.0,0.0,46,41,56,769.1127417445318,7,9,1,53,50,1.0,1.8013,1.6055,2.1928,30.1167,0.2741,0.3524,0.0392,2.0754,1.9579,0.0392,-0.998,-1.165,15,3,9,1,6,2,20.0,0.5874,0.1175,0.3524,0.0392,0.2349,0.0783,377,51,9,0,0.0,25,2,0,0,0,1,0,0.0,1,0,0.0,0,0,0,7,0,0.0,14.7624,1.997,0.3524,0.0,0.0,0.9789,0.0783,0.0,0.0,0.0,0.0392,0.0,0.0,0.0392,0.0,0.0,0.0,0.0,0.0,0.2741,0.0,0.0,19,11,48,31,22,17,9,11,5,6,0,43,33,15,13,6,20,9,97,45,43,9,26,1,727,32,57.89,64.58,45.45,100,57,57.0,27,72,66,18,0.744,0.4307,1.8796,1.2139,0.8615,0.6657,0.3524,0.4307,0.1958,0.2349,0.0,1.6838,1.2922,0.5874,0.509,0.2349,0.7832,0.3524,3.7983,1.7621,1.6838,0.3524,1.0181,0.0392,28.4676,1.253,3.9158,2.232,1.0573,2.8194,2.5844,0.7048,27,11,1,3,0,0,1.0573,0.4307,0.0392,0.1175,0.0,0.0,36,3,11,1,22,2,3,0,18,2,18,1,702.3659718144753,,3,19.51,1.4097,0.1175,0.4307,0.0392,0.8615,0.0783,0.1175,0.0,0.7048,0.0783,0.7048,0.0392,27.503,0.1175,1,0,3,0,0,5,,,0.0,0.0392,0.0,0.1175,0.0,0.0,0.1958,8,0,0,0,0,0,0,100.0,0.3133,0.0,0.0,0.0,0.0,0.0,0.0,22,24,4,5,18,18,19,29,5,6,2,1,21,15,3,6,27,21,0.8615,0.9398,0.1566,0.1958,0.7048,0.7048,0.744,1.1356,0.1958,0.2349,0.0783,0.0392,0.8223,0.5874,0.1175,0.2349,1.0573,0.8223,2298.4,27,2000+,True,40.891,9.371,36.631,28.112,82.633,1.6012,0.3669,1.4344,1.1008,3.2357,0.167,-0.632
3dc82sro077by40u3qdmhw0r9,B. Ould-Chikh,FC Volendam,614,422,157,262,3,55,36,183,152,376,234,276,212,201,143,137,67,128,62,7,3,111,35,44,12,0,0,68.73,48.44,42.86,65.45,83.06,62.23,76.81,71.14,48.91,31.53,27.27,,24.2794,16.6872,6.2083,10.3603,0.1186,2.1749,1.4236,7.2364,6.0105,14.8682,9.2531,10.9139,8.3831,7.9482,5.6547,5.4174,2.6494,5.0615,2.4517,0.2768,0.1186,4.3893,1.384,1.7399,0.4745,0.0,0.0,89,22,136,1535.3959294618,26,16,10,115,38,10.0,3.5193,0.8699,5.3779,60.7143,1.0281,0.6327,0.3954,4.5475,1.5026,0.3954,-0.269,-0.115,155,47,21,7,134,40,30.32,6.1292,1.8585,0.8304,0.2768,5.2988,1.5817,369,72,49,7,0.0,77,7,1,0,0.0,28,4,0.0,0,0,0,1,0,0.0,19,3,0.0,14.5914,2.8471,1.9376,0.2768,0.0,3.0448,0.2768,0.0395,0.0,0.0,1.1072,0.1582,0.0,0.0,0.0,0.0,0.0395,0.0,0.0,0.7513,0.1186,0.0,170,68,16,9,11,3,2,5,2,2,1,8,16,1,3,0,13,1,110,52,46,12,48,0,922,52,40.0,56.25,6.25,202,78,38.61,48,65,51,15,6.7223,2.6889,0.6327,0.3559,0.435,0.1186,0.0791,0.1977,0.0791,0.0791,0.0395,0.3163,0.6327,0.0395,0.1186,0.0,0.5141,0.0395,4.3497,2.0562,1.819,0.4745,1.8981,0.0,36.4587,2.0562,7.9877,3.0844,1.8981,2.5703,2.0167,0.5931,5,42,0,3,0,0,0.1977,1.6608,0.0,0.1186,0.0,0.0,26,2,23,1,3,1,0,0,12,2,14,0,613.859639138904,,9,23.61,1.0281,0.0791,0.9095,0.0395,0.1186,0.0395,0.0,0.0,0.4745,0.0791,0.5536,0.0,24.2739,0.3559,57,25,25,0,0,30,,,43.86,2.254,0.9886,0.9886,0.0,0.0,1.1863,0,0,0,0,0,0,0,,0.0,0.0,0.0,0.0,0.0,0.0,0.0,39,50,21,28,18,8,7,9,4,1,0,2,15,11,26,23,9,7,1.5422,1.9772,0.8304,1.1072,0.7118,0.3163,0.2768,0.3559,0.1582,0.0395,0.0,0.0791,0.5931,0.435,1.0281,0.9095,0.3559,0.2768,2276.0,25,2000+,True,13.63,4.259,6.815,13.63,93.708,0.539,0.1684,0.2695,0.539,3.7055,-1.05,-1.022
6nd0ifv6ljza9nauxcpejqzft,O. Velanas,PEC Zwolle,702,503,203,297,3,68,48,335,255,299,200,423,336,207,143,72,24,74,22,44,13,10,2,60,11,0,0,71.65,29.73,29.55,70.59,76.12,66.89,79.43,69.08,33.33,20.0,18.33,,27.9384,20.0186,8.0791,11.8201,0.1194,2.7063,1.9103,13.3324,10.1486,11.8997,7.9597,16.8347,13.3722,8.2383,5.6912,2.8655,0.9552,2.9451,0.8756,1.7511,0.5174,0.398,0.0796,2.3879,0.4378,0.0,0.0,60,35,68,849.4471850613799,12,10,3,72,45,3.0,2.3879,1.3929,2.7063,33.8066,0.4776,0.398,0.1194,2.8655,1.7909,0.1194,-0.749,-0.829,70,13,54,8,16,5,18.57,2.7859,0.5174,2.1491,0.3184,0.6368,0.199,546,139,39,6,0.0,70,9,1,0,0.0,13,2,0.0,2,1,0.0,3,0,0.0,20,3,0.0,21.7299,5.532,1.5521,0.2388,0.0,2.7859,0.3582,0.0398,0.0,0.0,0.5174,0.0796,0.0,0.0796,0.0398,0.0,0.1194,0.0,0.0,0.796,0.1194,0.0,40,10,24,18,14,3,7,7,2,4,1,35,66,21,37,10,29,11,78,28,43,7,20,0,917,60,25.0,75.0,31.82,130,49,37.69,20,44,50,15,1.5919,0.398,0.9552,0.7164,0.5572,0.1194,0.2786,0.2786,0.0796,0.1592,0.0398,1.3929,2.6267,0.8358,1.4725,0.398,1.1542,0.4378,3.1043,1.1144,1.7113,0.2786,0.796,0.0,36.4951,2.3879,5.1738,1.9501,0.796,1.7511,1.9899,0.597,19,28,1,5,0,0,0.7562,1.1144,0.0398,0.199,0.0,0.0,41,5,5,1,33,3,3,1,21,4,20,1,807.358571954576,,11,19.69,1.6317,0.199,0.199,0.0398,1.3133,0.1194,0.1194,0.0398,0.8358,0.1592,0.796,0.0398,32.1315,0.4378,37,13,14,0,0,6,,,35.14,1.4725,0.5174,0.5572,0.0,0.0,0.2388,4,0,0,0,0,0,0,100.0,0.1592,0.0,0.0,0.0,0.0,0.0,0.0,27,33,21,18,18,23,6,18,5,2,2,3,22,19,24,15,13,11,1.0746,1.3133,0.8358,0.7164,0.7164,0.9154,0.2388,0.7164,0.199,0.0796,0.0796,0.1194,0.8756,0.7562,0.9552,0.597,0.5174,0.4378,2261.4,31,2000+,True,23.558,6.871,34.355,64.784,76.562,0.9376,0.2735,1.3673,2.5783,3.047,-0.593,-0.815
8n9t52eeli3s39r8ujjhjt7je,J. Kitolano,Sparta Rotterdam,724,603,332,268,3,123,100,445,387,156,116,421,346,259,226,44,31,32,20,46,26,2,1,10,4,0,0,83.29,62.5,56.52,81.3,86.97,74.36,82.19,87.26,70.45,50.0,40.0,,29.0116,24.163,13.3037,10.7391,0.1202,4.9288,4.0071,17.8317,15.5076,6.2511,4.6483,16.87,13.8646,10.3785,9.0561,1.7631,1.2422,1.2823,0.8014,1.8433,1.0419,0.0801,0.0401,0.4007,0.1603,0.0,0.0,73,87,96,1289.1727187379101,24,9,4,97,96,4.0,2.9252,3.4862,3.8468,51.6587,0.9617,0.3606,0.1603,3.8869,3.8468,0.1603,-0.521,-0.395,12,5,9,4,3,1,41.67,0.4809,0.2004,0.3606,0.1603,0.1202,0.0401,512,67,26,2,0.0,45,3,0,0,0,4,1,0.0,2,0,0.0,0,0,0,20,1,0.0,20.5165,2.6848,1.0419,0.0801,0.0,1.8032,0.1202,0.0,0.0,0.0,0.1603,0.0401,0.0,0.0801,0.0,0.0,0.0,0.0,0.0,0.8014,0.0401,0.0,35,16,33,19,13,17,3,6,5,1,0,29,34,9,19,5,15,4,114,37,63,14,17,3,912,36,45.71,57.58,26.47,102,44,43.14,20,55,81,17,1.4025,0.6411,1.3224,0.7614,0.5209,0.6812,0.1202,0.2404,0.2004,0.0401,0.0,1.1621,1.3624,0.3606,0.7614,0.2004,0.6011,0.1603,4.5681,1.4826,2.5245,0.561,0.6812,0.1202,36.545,1.4426,4.0873,1.7631,0.8014,2.2039,3.2458,0.6812,14,29,0,2,0,0,0.561,1.1621,0.0,0.0801,0.0,0.0,25,5,4,0,18,5,3,0,15,5,10,0,450.07144089532056,,7,18.0,1.0018,0.2004,0.1603,0.0,0.7213,0.2004,0.1202,0.0,0.6011,0.2004,0.4007,0.0,18.0349,0.2805,0,0,12,0,0,7,,,,0.0,0.0,0.4809,0.0,0.0,0.2805,16,0,0,0,0,0,0,100.0,0.6411,0.0,0.0,0.0,0.0,0.0,0.0,44,29,14,12,12,13,12,21,3,3,2,3,13,12,16,10,19,14,1.7631,1.1621,0.561,0.4809,0.4809,0.5209,0.4809,0.8415,0.1202,0.1202,0.0801,0.1202,0.5209,0.4809,0.6411,0.4007,0.7614,0.561,2246.0,24,2000+,True,31.144,5.663,27.369,32.088,107.588,1.248,0.2269,1.0967,1.2858,4.3112,-0.238,-0.907
ar7llmzju08n8yrqu8xm1thck,O. Braude,SC Heerenveen,1135,891,363,528,0,334,227,542,456,259,208,536,442,451,373,148,76,186,94,70,40,2,0,37,11,0,0,78.5,50.54,57.14,67.96,84.13,80.31,82.46,82.71,51.35,0.0,29.73,,45.5031,35.721,14.553,21.168,0.0,13.3904,9.1006,21.7293,18.2814,10.3835,8.3389,21.4887,17.7202,18.081,14.9539,5.9334,3.0469,7.4569,3.7685,2.8064,1.6036,0.0802,0.0,1.4834,0.441,0.0,0.0,117,72,123,1514.576114067618,15,7,6,132,79,6.0,4.6906,2.8865,4.9312,60.7207,0.6014,0.2806,0.2405,5.292,3.1672,0.2405,0.228,0.202,39,11,0,0,39,11,28.21,1.5635,0.441,0.0,0.0,1.5635,0.441,647,45,17,3,0.0,38,5,0,0,0,6,1,0.0,0,0,0,0,0,0,11,2,0.0,25.9388,1.8041,0.6815,0.1203,0.0,1.5235,0.2005,0.0,0.0,0.0,0.2405,0.0401,0.0,0.0,0.0,0.0,0.0,0.0,0.0,0.441,0.0802,0.0,22,11,78,52,44,28,6,17,8,7,2,70,40,22,30,19,10,3,124,69,49,6,13,1,1313,15,50.0,66.67,55.0,140,85,60.71,14,121,84,14,0.882,0.441,3.1271,2.0847,1.764,1.1225,0.2405,0.6815,0.3207,0.2806,0.0802,2.8064,1.6036,0.882,1.2027,0.7617,0.4009,0.1203,4.9713,2.7663,1.9645,0.2405,0.5212,0.0401,52.6393,0.6014,5.6127,3.4077,0.5613,4.851,3.3676,0.5613,29,24,3,5,0,1,1.1626,0.9622,0.1203,0.2005,0.0,0.0401,8,0,3,0,5,0,0,0,1,0,7,0,225.14748895977104,,3,28.14,0.3207,0.0,0.1203,0.0,0.2005,0.0,0.0,0.0,0.0401,0.0,0.2806,0.0,9.0264,0.1203,0,0,8,0,0,200,,,,0.0,0.0,0.3207,0.0,0.0,8.0182,10,0,0,0,0,0,0,100.0,0.4009,0.0,0.0,0.0,0.0,0.0,0.0,57,60,7,10,5,3,38,40,9,8,0,0,6,2,8,9,41,37,2.2852,2.4055,0.2806,0.4009,0.2005,0.1203,1.5235,1.6036,0.3608,0.3207,0.0,0.0,0.2405,0.0802,0.3207,0.3608,1.6437,1.4834,2244.9,28,2000+,True,77.429,16.876,69.488,39.707,123.093,3.1042,0.6766,2.7858,1.5919,4.9349,1.89,-0.023
5shfqpd5fj05qrp1jlzd08ftg,C. Twigt,FC Volendam,896,667,352,312,3,140,97,505,416,251,154,414,334,307,235,175,98,160,83,87,42,2,1,79,20,0,0,74.44,51.88,48.28,69.29,82.38,61.35,80.68,76.55,56.0,50.0,25.32,,35.9807,26.7848,14.1353,12.529,0.1205,5.622,3.8952,20.2793,16.7053,10.0794,6.1842,16.625,13.4125,12.3282,9.4369,7.0275,3.9354,6.4251,3.333,3.4937,1.6866,0.0803,0.0402,3.1724,0.8031,0.0,0.0,91,94,104,1365.6796536510426,13,11,2,104,105,2.0,3.6543,3.7748,4.1763,54.8417,0.522,0.4417,0.0803,4.1763,4.2165,0.0803,-0.212,-0.272,81,21,57,10,24,11,25.93,3.2527,0.8433,2.289,0.4016,0.9638,0.4417,588,74,34,0,0.0,56,6,0,0,0,12,0,0.0,0,0,0,1,0,0.0,21,0,0.0,23.6124,2.9716,1.3653,0.0,0.0,2.2488,0.2409,0.0,0.0,0.0,0.4819,0.0,0.0,0.0,0.0,0.0,0.0402,0.0,0.0,0.8433,0.0,0.0,34,16,44,24,21,16,7,19,7,9,3,48,61,31,30,14,31,17,121,54,56,11,22,0,1093,27,47.06,54.55,50.82,139,71,51.08,22,82,81,21,1.3653,0.6425,1.7669,0.9638,0.8433,0.6425,0.2811,0.763,0.2811,0.3614,0.1205,1.9275,2.4496,1.2449,1.2047,0.5622,1.2449,0.6827,4.859,2.1685,2.2488,0.4417,0.8835,0.0,43.8917,1.0842,5.5818,2.8512,0.8835,3.2929,3.2527,0.8433,34,26,0,4,0,0,1.3653,1.0441,0.0,0.1606,0.0,0.0,17,2,2,0,14,2,1,0,10,1,7,1,341.2127597106782,,2,20.07,0.6827,0.0803,0.0803,0.0,0.5622,0.0803,0.0402,0.0,0.4016,0.0402,0.2811,0.0402,13.7021,0.0803,40,9,48,0,0,2,,,22.5,1.6063,0.3614,1.9275,0.0,0.0,0.0803,6,0,0,0,0,0,0,100.0,0.2409,0.0,0.0,0.0,0.0,0.0,0.0,43,48,15,19,3,14,22,22,9,10,0,2,9,8,24,10,25,19,1.7268,1.9275,0.6024,0.763,0.1205,0.5622,0.8835,0.8835,0.3614,0.4016,0.0,0.0803,0.3614,0.3213,0.9638,0.4016,1.0039,0.763,2241.2,26,2000+,True,37.483,16.186,40.891,51.965,103.078,1.5052,0.65,1.6421,2.0868,4.1393,0.057,-0.076
3mp92d5s002hi523kl4zmgrft,O. Boussaid,FC Utrecht,1022,742,392,348,2,94,55,491,403,437,284,468,351,416,318,138,73,121,63,29,13,22,5,74,19,0,0,72.6,52.07,44.83,58.51,82.08,64.99,75.0,76.44,52.9,22.73,25.68,,41.1102,29.8471,15.7683,13.9984,0.0805,3.7812,2.2124,19.7506,16.2108,17.5784,11.424,18.8254,14.1191,16.7337,12.7916,5.5511,2.9364,4.8673,2.5342,1.1665,0.5229,0.885,0.2011,2.9767,0.7643,0.0,0.0,160,97,162,2078.8297758831723,28,17,6,188,114,6.0,6.436,3.9019,6.5165,83.6215,1.1263,0.6838,0.2414,7.5623,4.5857,0.2414,0.969,1.167,96,24,64,16,32,8,25.0,3.8616,0.9654,2.5744,0.6436,1.2872,0.3218,788,135,57,6,0.0,96,8,2,2,0.0,11,1,0.0,1,0,0.0,0,0,0,43,3,0.0,31.6975,5.4304,2.2928,0.2414,0.0,3.8616,0.3218,0.0805,0.0805,0.0,0.4425,0.0402,0.0,0.0402,0.0,0.0,0.0,0.0,0.0,1.7297,0.1207,0.0,82,39,22,13,11,9,2,21,8,12,1,11,9,1,5,1,4,0,143,47,68,28,27,1,1252,68,47.56,59.09,11.11,113,53,46.9,28,66,89,31,3.2985,1.5688,0.885,0.5229,0.4425,0.362,0.0805,0.8447,0.3218,0.4827,0.0402,0.4425,0.362,0.0402,0.2011,0.0402,0.1609,0.0,5.7522,1.8906,2.7353,1.1263,1.0861,0.0402,50.362,2.7353,4.5455,2.1319,1.1263,2.6549,3.58,1.247,5,15,0,2,0,0,0.2011,0.6034,0.0,0.0805,0.0,0.0,49,4,16,0,33,4,0,0,25,3,24,1,1006.0468886942427,,10,20.53,1.971,0.1609,0.6436,0.0,1.3274,0.1609,0.0,0.0,1.0056,0.1207,0.9654,0.0402,40.4685,0.4023,11,6,5,0,0,23,,,54.55,0.4425,0.2414,0.2011,0.0,0.0,0.9252,1,0,0,0,0,0,0,100.0,0.0402,0.0,0.0,0.0,0.0,0.0,0.0,69,91,26,31,19,30,15,7,12,9,2,2,29,20,29,28,9,13,2.7755,3.6605,1.0459,1.247,0.7643,1.2068,0.6034,0.2816,0.4827,0.362,0.0805,0.0805,1.1665,0.8045,1.1665,1.1263,0.362,0.5229,2237.4,31,2000+,True,21.273,20.306,10.636,8.702,138.273,0.8557,0.8168,0.4278,0.35,5.5621,-0.687,0.252
b0me6l44boibnwpbtasxoy02x,S. Dest,PSV Eindhoven,1394,1193,527,663,3,320,276,579,542,495,375,836,747,491,404,67,42,96,60,38,20,58,15,36,8,0,0,85.58,62.5,52.63,86.25,93.61,75.76,89.35,82.28,62.69,25.86,22.22,,56.0765,47.9909,21.1997,26.6705,0.1207,12.8727,11.1027,23.2915,21.8031,19.9124,15.0851,33.6298,30.0496,19.7515,16.2517,2.6952,1.6895,3.8618,2.4136,1.5286,0.8045,2.3332,0.6034,1.4482,0.3218,0.0,0.0,115,90,301,3798.0149748257336,46,31,15,161,121,15.0,4.6261,3.6204,12.1083,152.783,1.8504,1.247,0.6034,6.4766,4.8675,0.6034,0.201,0.705,94,23,83,22,11,1,24.47,3.7813,0.9252,3.3388,0.885,0.4425,0.0402,941,89,40,6,0.0,78,10,1,1,0.0,16,4,0.0,0,0,0,0,0,0,23,1,0.0,37.8537,3.5802,1.6091,0.2414,0.0,3.1377,0.4023,0.0402,0.0402,0.0,0.6436,0.1609,0.0,0.0,0.0,0.0,0.0,0.0,0.0,0.9252,0.0402,0.0,117,65,33,21,18,14,1,11,6,5,0,28,21,7,15,5,6,2,117,69,40,8,28,1,1659,78,55.56,63.64,33.33,171,93,54.39,29,93,59,9,4.7066,2.6148,1.3275,0.8448,0.7241,0.5632,0.0402,0.4425,0.2414,0.2011,0.0,1.1264,0.8448,0.2816,0.6034,0.2011,0.2414,0.0805,4.7066,2.7757,1.6091,0.3218,1.1264,0.0402,66.7367,3.1377,6.8788,3.7411,1.1666,3.7411,2.3734,0.362,11,20,7,1,0,0,0.4425,0.8045,0.2816,0.0402,0.0,0.0,33,2,11,1,22,1,0,0,14,2,19,0,682.595330736315,,8,20.68,1.3275,0.0805,0.4425,0.0402,0.885,0.0402,0.0,0.0,0.5632,0.0805,0.7643,0.0,27.4588,0.3218,0,0,18,0,0,174,,,,0.0,0.0,0.7241,0.0,0.0,6.9995,3,0,0,0,0,0,0,100.0,0.1207,0.0,0.0,0.0,0.0,0.0,0.0,65,50,26,14,13,20,15,18,6,5,0,2,15,18,17,23,17,16,2.6148,2.0114,1.0459,0.5632,0.523,0.8045,0.6034,0.7241,0.2414,0.2011,0.0,0.0805,0.6034,0.7241,0.6839,0.9252,0.6839,0.6436,2237.3,25,2000+,True,46.257,15.419,39.248,29.436,164.002,1.8608,0.6203,1.5788,1.1841,6.5973,0.465,-0.134
5ghvrbmlh0tqos9iohj8f7zzd,K. Sierhuis,Fortuna Sittard,542,361,145,213,3,16,11,275,182,251,168,369,248,149,98,24,15,24,15,135,61,4,1,10,4,0,0,66.61,62.5,45.19,68.75,66.18,66.93,67.21,65.77,62.5,25.0,40.0,,21.846,14.5506,5.8444,8.5852,0.1209,0.6449,0.4434,11.0842,7.3358,10.1169,6.7715,14.873,9.996,6.0056,3.95,0.9674,0.6046,0.9674,0.6046,5.4414,2.4587,0.1612,0.0403,0.4031,0.1612,0.0,0.0,38,28,76,1040.6430872318626,18,13,7,56,41,7.0,1.5316,1.1286,3.0633,41.9445,0.7255,0.524,0.2821,2.2572,1.6526,0.2821,-1.113,-1.088,14,5,9,3,5,2,35.71,0.5643,0.2015,0.3628,0.1209,0.2015,0.0806,519,278,34,4,0.0,67,6,0,0,0,5,3,0.0,3,1,0.0,0,0,0,26,0,0.0,20.919,11.2052,1.3704,0.1612,0.0,2.7005,0.2418,0.0,0.0,0.0,0.2015,0.1209,0.0,0.1209,0.0403,0.0,0.0,0.0,0.0,1.048,0.0,0.0,57,26,11,5,1,4,6,0,0,0,0,11,205,89,32,14,173,75,50,4,34,12,39,0,820,130,45.61,45.45,43.41,273,120,43.96,39,5,38,18,2.2975,1.048,0.4434,0.2015,0.0403,0.1612,0.2418,0.0,0.0,0.0,0.0,0.4434,8.2628,3.5873,1.2898,0.5643,6.973,3.023,2.0153,0.1612,1.3704,0.4837,1.5719,0.0,33.0512,5.2398,11.0036,4.8368,1.5719,0.2015,1.5316,0.7255,28,32,0,4,0,0,1.1286,1.2898,0.0,0.1612,0.0,0.0,84,12,20,1,41,7,23,4,62,9,22,3,1335.903514073344,,16,15.9,3.3857,0.4837,0.8061,0.0403,1.6526,0.2821,0.927,0.1612,2.499,0.3628,0.8867,0.1209,53.8454,0.6449,0,0,1,0,0,4,,,,0.0,0.0,0.0403,0.0,0.0,0.1612,4,0,0,0,0,0,0,100.0,0.1612,0.0,0.0,0.0,0.0,0.0,0.0,18,20,17,17,51,33,7,4,0,0,8,4,55,29,23,11,5,6,0.7255,0.8061,0.6852,0.6852,2.0556,1.3301,0.2821,0.1612,0.0,0.0,0.3225,0.1612,2.2168,1.1689,0.927,0.4434,0.2015,0.2418,2232.9,31,2000+,True,9.671,0.0,9.671,180.229,43.958,0.3898,0.0,0.3898,7.2644,1.7718,-1.221,-1.353
36veg0wk1z3om89daf0clbl5h,R. van Wolfswinkel,FC Twente,545,385,145,239,1,27,20,262,203,256,162,364,252,154,115,27,18,24,14,81,32,5,1,14,3,0,0,70.64,58.33,39.51,74.07,77.48,63.28,69.23,74.68,66.67,20.0,21.43,,22.0024,15.543,5.8539,9.6488,0.0404,1.09,0.8074,10.5773,8.1954,10.3351,6.5402,14.6952,10.1736,6.2172,4.6427,1.09,0.7267,0.9689,0.5652,3.2701,1.2919,0.2019,0.0404,0.5652,0.1211,0.0,0.0,39,32,69,1063.03578821277,21,10,14,60,42,14.0,1.5745,1.2919,2.7856,42.9163,0.8478,0.4037,0.5652,2.4223,1.6956,0.5652,-1.095,-1.018,19,4,9,2,10,2,21.05,0.7671,0.1615,0.3633,0.0807,0.4037,0.0807,468,240,36,2,0.0,65,6,1,0,0.0,1,0,0.0,1,0,0.0,0,0,0,33,2,0.0,18.8938,9.6891,1.4534,0.0807,0.0,2.6241,0.2422,0.0404,0.0,0.0,0.0404,0.0,0.0,0.0404,0.0,0.0,0.0,0.0,0.0,1.3323,0.0807,0.0,30,14,24,14,6,10,8,9,3,5,1,18,119,51,30,13,89,38,58,9,34,15,16,0,755,139,46.67,58.33,42.86,173,79,45.66,16,18,49,24,1.2111,0.5652,0.9689,0.5652,0.2422,0.4037,0.323,0.3633,0.1211,0.2019,0.0404,0.7267,4.8042,2.0589,1.2111,0.5248,3.5931,1.5341,2.3415,0.3633,1.3726,0.6056,0.6459,0.0,30.4804,5.6116,6.9843,3.1893,0.6459,0.7267,1.9782,0.9689,35,30,0,4,0,0,1.413,1.2111,0.0,0.1615,0.0,0.0,60,16,15,1,33,10,12,5,57,15,3,1,756.4045327470625,,18,12.61,2.4223,0.6459,0.6056,0.0404,1.3323,0.4037,0.4845,0.2019,2.3012,0.6056,0.1211,0.0404,30.5371,0.7267,4,4,4,0,0,12,,,100.0,0.1615,0.1615,0.1615,0.0,0.0,0.4845,1,0,0,0,0,0,0,100.0,0.0404,0.0,0.0,0.0,0.0,0.0,0.0,16,23,11,25,25,35,9,15,4,5,6,10,33,27,19,17,16,8,0.6459,0.9285,0.4441,1.0093,1.0093,1.413,0.3633,0.6056,0.1615,0.2019,0.2422,0.4037,1.3323,1.09,0.7671,0.6863,0.6459,0.323,2229.3,33,2000+,True,27.351,10.256,20.513,135.613,66.097,1.1042,0.414,0.8281,5.4749,2.6684,-0.403,-0.539
c3akpx5mnexpkslo0sqqezsru,E. Reijnders,PEC Zwolle,730,530,235,294,1,140,94,325,262,265,174,395,293,273,206,62,31,90,44,47,13,19,2,27,6,0,0,72.6,48.89,27.66,67.14,80.62,65.66,74.18,75.46,50.0,10.53,22.22,,29.6213,21.5059,9.5356,11.9297,0.0406,5.6808,3.8142,13.1876,10.6312,10.7529,7.0604,16.028,11.8891,11.0775,8.3589,2.5158,1.2579,3.6519,1.7854,1.9071,0.5275,0.771,0.0812,1.0956,0.2435,0.0,0.0,71,46,76,1007.2334583874282,14,5,5,85,51,5.0,2.881,1.8665,3.0839,40.8706,0.5681,0.2029,0.2029,3.4491,2.0694,0.2029,-0.54,-0.581,46,8,29,6,17,2,17.39,1.8665,0.3246,1.1767,0.2435,0.6898,0.0812,462,88,28,1,0.0,56,5,1,0,0.0,7,1,0.0,0,0,0,0,0,0,20,0,0.0,18.7466,3.5708,1.1362,0.0406,0.0,2.2723,0.2029,0.0406,0.0,0.0,0.284,0.0406,0.0,0.0,0.0,0.0,0.0,0.0,0.0,0.8115,0.0,0.0,41,13,34,24,16,15,3,22,11,7,4,38,50,13,28,9,22,4,97,42,45,10,16,0,905,57,31.71,70.59,26.0,125,50,40.0,16,69,67,17,1.6637,0.5275,1.3796,0.9739,0.6492,0.6087,0.1217,0.8927,0.4463,0.284,0.1623,1.5419,2.0289,0.5275,1.1362,0.3652,0.8927,0.1623,3.936,1.7042,1.826,0.4058,0.6492,0.0,36.7223,2.3129,5.0721,2.0289,0.6492,2.7998,2.7187,0.6898,14,18,4,2,0,0,0.5681,0.7304,0.1623,0.0812,0.0,0.0,25,3,2,0,22,3,1,0,19,2,6,1,422.7985793370581,,4,16.91,1.0144,0.1217,0.0812,0.0,0.8927,0.1217,0.0406,0.0,0.771,0.0812,0.2435,0.0406,17.1559,0.1623,3,2,4,0,0,79,,,66.67,0.1217,0.0812,0.1623,0.0,0.0,3.2056,3,0,0,0,0,0,0,100.0,0.1217,0.0,0.0,0.0,0.0,0.0,0.0,27,44,13,15,15,10,15,19,8,14,3,0,17,8,17,11,19,15,1.0956,1.7854,0.5275,0.6087,0.6087,0.4058,0.6087,0.771,0.3246,0.5681,0.1217,0.0,0.6898,0.3246,0.6898,0.4463,0.771,0.6087,2218.0,32,2000+,True,33.373,21.595,37.3,49.078,95.212,1.3542,0.8763,1.5135,1.9914,3.8634,-0.116,0.369
e4nlf2a8hs9xju5jgxszkyytx,P. van Amersfoort,SC Heerenveen,438,258,105,151,2,30,20,251,146,157,92,280,160,146,91,12,7,12,7,151,53,1,0,9,0,0,0,58.9,58.33,35.1,66.67,58.17,58.6,57.14,62.33,58.33,0.0,0.0,,17.8533,10.5163,4.2799,6.1549,0.0815,1.2228,0.8152,10.231,5.9511,6.3995,3.75,11.413,6.5217,5.9511,3.7092,0.4891,0.2853,0.4891,0.2853,6.1549,2.1603,0.0408,0.0,0.3668,0.0,0.0,0.0,21,33,40,523.237627874559,13,5,5,34,38,5.0,0.856,1.3451,1.6304,21.3276,0.5299,0.2038,0.2038,1.3859,1.5489,0.2038,-1.4,-1.458,10,0,4,0,6,0,0.0,0.4076,0.0,0.163,0.0,0.2446,0.0,447,292,21,2,0.0,45,8,1,0,0.0,0,0,0,2,0,0.0,0,0,0,18,2,0.0,18.2201,11.9022,0.856,0.0815,0.0,1.8342,0.3261,0.0408,0.0,0.0,0.0,0.0,0.0,0.0815,0.0,0.0,0.0,0.0,0.0,0.7337,0.0815,0.0,23,9,12,6,3,7,2,7,2,4,1,18,194,98,40,19,154,79,39,13,21,5,23,0,660,125,39.13,50.0,50.52,229,113,49.34,23,18,32,8,0.9375,0.3668,0.4891,0.2446,0.1223,0.2853,0.0815,0.2853,0.0815,0.163,0.0408,0.7337,7.9076,3.9946,1.6304,0.7745,6.2772,3.2201,1.5897,0.5299,0.856,0.2038,0.9375,0.0,26.9022,5.0951,9.3342,4.606,0.9375,0.7337,1.3043,0.3261,32,26,0,3,0,0,1.3043,1.0598,0.0,0.1223,0.0,0.0,81,10,11,2,48,5,22,3,71,9,10,1,1093.0470168773656,,12,13.49,3.3016,0.4076,0.4484,0.0815,1.9565,0.2038,0.8967,0.1223,2.894,0.3668,0.4076,0.0408,44.5535,0.4891,0,0,0,0,0,4,,,,0.0,0.0,0.0,0.0,0.0,0.163,2,0,0,0,0,0,0,100.0,0.0815,0.0,0.0,0.0,0.0,0.0,0.0,14,7,10,11,46,35,6,6,2,5,5,5,39,42,11,10,7,5,0.5707,0.2853,0.4076,0.4484,1.875,1.4266,0.2446,0.2446,0.0815,0.2038,0.2038,0.2038,1.5897,1.712,0.4484,0.4076,0.2853,0.2038,2208.0,31,2000+,True,11.912,6.949,17.868,192.581,38.715,0.4855,0.2832,0.7283,7.8498,1.5781,-1.112,-0.796
d8cxurdt9g5gezqlfwae7ooru,M. Meulensteen,SBV Vitesse,1120,901,531,368,2,199,158,755,622,166,121,540,432,446,388,134,81,127,68,74,40,2,0,11,2,0,0,80.45,53.54,54.05,79.4,82.38,72.89,80.0,87.0,60.45,0.0,18.18,,45.7184,36.7788,21.6754,15.0218,0.0816,8.1232,6.4496,30.8191,25.3901,6.7761,4.9392,22.0428,17.6343,18.2057,15.8382,5.4699,3.3064,5.1841,2.7758,3.0207,1.6328,0.0816,0.0,0.449,0.0816,0.0,0.0,105,102,161,2229.977770401408,16,9,2,121,111,2.0,4.2861,4.1636,6.572,91.0278,0.6531,0.3674,0.0816,4.9392,4.531,0.0816,0.056,0.052,13,2,7,2,6,0,15.38,0.5307,0.0816,0.2857,0.0816,0.2449,0.0,791,59,13,0,0.0,36,3,0,0,0,2,0,0.0,0,0,0,1,0,0.0,10,0,0.0,32.2886,2.4084,0.5307,0.0,0.0,1.4695,0.1225,0.0,0.0,0.0,0.0816,0.0,0.0,0.0,0.0,0.0,0.0408,0.0,0.0,0.4082,0.0,0.0,34,18,35,17,15,13,7,31,15,14,2,44,50,26,26,14,24,12,144,55,80,9,18,1,1304,28,52.94,48.57,52.0,119,61,51.26,19,85,107,18,1.3879,0.7348,1.4287,0.6939,0.6123,0.5307,0.2857,1.2654,0.6123,0.5715,0.0816,1.7961,2.041,1.0613,1.0613,0.5715,0.9797,0.4898,5.8781,2.2451,3.2656,0.3674,0.7348,0.0408,53.2293,1.143,4.8576,2.49,0.7756,3.4697,4.3677,0.7348,15,27,3,4,0,1,0.6123,1.1021,0.1225,0.1633,0.0,0.0408,26,1,2,0,20,1,4,0,13,0,13,1,505.25567366522915,,1,19.43,1.0613,0.0408,0.0816,0.0,0.8164,0.0408,0.1633,0.0,0.5307,0.0,0.5307,0.0408,20.6246,0.0408,2,2,16,0,0,10,,,100.0,0.0816,0.0816,0.6531,0.0,0.0,0.4082,14,0,0,0,0,0,0,100.0,0.5715,0.0,0.0,0.0,0.0,0.0,0.0,54,51,9,4,13,13,21,14,16,15,0,1,12,14,9,4,18,17,2.2043,2.0818,0.3674,0.1633,0.5307,0.5307,0.8572,0.5715,0.6531,0.6123,0.0,0.0408,0.4898,0.5715,0.3674,0.1633,0.7348,0.6939,2204.8,27,2000+,True,35.291,31.257,44.365,50.415,145.196,1.4406,1.2759,1.811,2.0579,5.9269,-0.017,1.154
dtcvzfse83ztj96kiizwp6jqi,G. Smal,FC Twente,1498,1150,521,621,8,322,233,668,549,508,368,738,597,566,454,194,99,213,105,70,41,99,26,5,0,0,0,76.77,49.3,58.57,72.36,82.19,72.44,80.89,80.21,51.03,26.26,0.0,,61.4046,47.1397,21.3563,25.4555,0.3279,13.1991,9.5509,27.382,22.5041,20.8235,15.0847,30.2514,24.4717,23.2009,18.6099,7.9523,4.0581,8.7311,4.3041,2.8694,1.6806,4.0581,1.0658,0.205,0.0,0.0,0.0,214,112,225,2814.333786377374,20,20,3,234,132,3.0,8.7721,4.591,9.223,115.3626,0.8198,0.8198,0.123,9.5919,5.4108,0.123,1.961,2.029,104,26,70,12,34,14,25.0,4.2631,1.0658,2.8694,0.4919,1.3937,0.5739,938,63,44,4,0.0,81,8,2,0,0.0,16,2,0.0,3,0,0.0,1,0,0.0,22,2,0.0,38.4496,2.5824,1.8036,0.164,0.0,3.3203,0.3279,0.082,0.0,0.0,0.6559,0.082,0.0,0.123,0.0,0.0,0.041,0.0,0.0,0.9018,0.082,0.0,36,18,34,19,14,13,7,16,8,5,3,35,46,25,24,12,22,13,128,62,63,3,11,0,1645,29,50.0,55.88,54.35,116,62,53.45,11,84,81,13,1.4757,0.7378,1.3937,0.7788,0.5739,0.5329,0.2869,0.6559,0.3279,0.205,0.123,1.4347,1.8856,1.0248,0.9838,0.4919,0.9018,0.5329,5.2469,2.5414,2.5824,0.123,0.4509,0.0,67.4303,1.1887,4.755,2.5414,0.4509,3.4433,3.3203,0.5329,11,17,4,3,0,0,0.4509,0.6968,0.164,0.123,0.0,0.0,24,0,21,0,1,0,2,0,8,0,16,0,613.399137326537,,4,25.56,0.9838,0.0,0.8608,0.0,0.041,0.0,0.082,0.0,0.3279,0.0,0.6559,0.0,25.1439,0.164,40,21,18,0,0,183,,,52.5,1.6396,0.8608,0.7378,0.0,0.0,7.5014,3,0,0,0,0,0,0,100.0,0.123,0.0,0.0,0.0,0.0,0.0,0.0,127,87,26,18,15,9,14,20,11,5,0,0,15,9,18,26,15,19,5.2059,3.5662,1.0658,0.7378,0.6149,0.3689,0.5739,0.8198,0.4509,0.205,0.0,0.0,0.6149,0.3689,0.7378,1.0658,0.6149,0.7788,2195.6,26,2000+,True,38.747,18.234,39.886,52.422,145.869,1.5883,0.7474,1.635,2.1488,5.9793,0.152,0.116
4fcjml5xkrwp4jykruzrzub1m,Q. Hartman,Feyenoord Rotterdam,1727,1399,630,760,9,315,229,908,790,504,380,873,742,706,582,148,75,179,89,103,54,66,17,0,0,0,0,81.01,49.72,52.43,72.7,87.0,75.4,84.99,82.44,50.68,25.76,,,71.0115,57.5247,25.9046,31.25,0.3701,12.9523,9.4161,37.3355,32.4836,20.7237,15.625,35.8964,30.5099,29.0296,23.9309,6.0855,3.0839,7.3602,3.6595,4.2352,2.2204,2.7138,0.699,0.0,0.0,0.0,0.0,228,128,228,2686.188460750238,19,16,14,247,144,14.0,9.375,5.2632,9.375,110.4518,0.7812,0.6579,0.5757,10.1562,5.9211,0.5757,2.217,2.269,66,17,58,13,8,4,25.76,2.7138,0.699,2.3849,0.5345,0.3289,0.1645,1201,49,47,6,0.0,83,11,1,0,0.0,10,0,0.0,0,0,0,2,0,0.0,34,6,0.0,49.3832,2.0148,1.9326,0.2467,0.0,3.4128,0.4523,0.0411,0.0,0.0,0.4112,0.0,0.0,0.0,0.0,0.0,0.0822,0.0,0.0,1.398,0.2467,0.0,25,15,45,25,20,17,8,28,13,10,5,22,56,30,36,17,20,13,129,49,68,12,13,0,1852,57,60.0,55.56,53.57,126,70,55.56,13,82,95,25,1.028,0.6168,1.8503,1.028,0.8224,0.699,0.3289,1.1513,0.5345,0.4112,0.2056,0.9046,2.3026,1.2336,1.4803,0.699,0.8224,0.5345,5.3043,2.0148,2.7961,0.4934,0.5345,0.0,76.1513,2.3438,5.1809,2.8783,0.5345,3.3717,3.9062,1.028,21,5,2,3,0,0,0.8635,0.2056,0.0822,0.1234,0.0,0.0,25,0,23,0,1,0,1,0,10,0,15,0,525.5833206643334,,6,21.02,1.028,0.0,0.9457,0.0,0.0411,0.0,0.0411,0.0,0.4112,0.0,0.6168,0.0,21.6112,0.2467,10,7,29,0,0,156,,,70.0,0.4112,0.2878,1.1924,0.0,0.0,6.4145,1,0,0,0,0,0,0,100.0,0.0411,0.0,0.0,0.0,0.0,0.0,0.0,126,102,19,28,13,12,25,20,19,9,0,0,12,13,27,20,30,15,5.1809,4.1941,0.7812,1.1513,0.5345,0.4934,1.028,0.8224,0.7812,0.3701,0.0,0.0,0.4934,0.5345,1.1102,0.8224,1.2336,0.6168,2188.8,26,2000+,True,58.883,36.638,28.787,73.276,168.797,2.4212,1.5065,1.1837,3.013,6.9407,1.107,1.607
5auzs4fw49qr80b89baetcwt0,C. Lokesa,RKC Waalwijk,554,423,190,230,3,58,35,269,224,227,164,339,275,155,119,60,29,57,27,22,10,2,0,27,6,0,0,76.35,47.37,45.45,60.34,83.27,72.25,81.12,76.77,48.33,0.0,22.22,,22.8286,17.4305,7.8293,9.4776,0.1236,2.39,1.4422,11.0847,9.2303,9.354,6.7579,13.9691,11.3319,6.3871,4.9036,2.4724,1.195,2.3488,1.1126,0.9066,0.4121,0.0824,0.0,1.1126,0.2472,0.0,0.0,49,46,79,992.0255332637234,17,8,10,66,54,10.0,2.0191,1.8955,3.2553,40.8783,0.7005,0.3297,0.4121,2.7197,2.2252,0.4121,-0.906,-0.891,29,6,10,0,19,6,20.69,1.195,0.2472,0.4121,0.0,0.7829,0.2472,491,167,21,2,0.0,51,5,0,0,0,2,0,0.0,0,0,0,0,0,0,19,2,0.0,20.2326,6.8816,0.8653,0.0824,0.0,2.1016,0.206,0.0,0.0,0.0,0.0824,0.0,0.0,0.0,0.0,0.0,0.0,0.0,0.0,0.7829,0.0824,0.0,78,22,30,13,9,13,8,13,8,5,0,18,28,14,8,4,20,10,112,37,67,8,37,0,837,75,28.21,43.33,50.0,136,49,36.03,37,54,85,16,3.2141,0.9066,1.2362,0.5357,0.3709,0.5357,0.3297,0.5357,0.3297,0.206,0.0,0.7417,1.1538,0.5769,0.3297,0.1648,0.8241,0.4121,4.6152,1.5247,2.7609,0.3297,1.5247,0.0,34.4902,3.0905,5.6041,2.0191,1.5247,2.2252,3.5026,0.6593,19,24,0,3,0,0,0.7829,0.989,0.0,0.1236,0.0,0.0,64,1,9,0,47,1,8,0,41,1,23,0,1131.451269305226,,3,17.68,2.6372,0.0412,0.3709,0.0,1.9367,0.0412,0.3297,0.0,1.6895,0.0412,0.9478,0.0,46.6236,0.1236,10,6,2,0,0,4,,,60.0,0.4121,0.2472,0.0824,0.0,0.0,0.1648,2,0,0,0,0,0,0,100.0,0.0824,0.0,0.0,0.0,0.0,0.0,0.0,22,27,9,12,37,27,15,15,4,9,0,1,33,31,5,16,17,13,0.9066,1.1126,0.3709,0.4945,1.5247,1.1126,0.6181,0.6181,0.1648,0.3709,0.0,0.0412,1.3598,1.2774,0.206,0.6593,0.7005,0.5357,2184.1,31,2000+,True,27.422,11.883,16.453,25.594,102.375,1.13,0.4897,0.678,1.0546,4.2186,-0.373,-0.391
9tgbdheyuooa8cfz06l577end,C. Stengs,Feyenoord Rotterdam,1026,802,340,461,1,67,53,393,330,566,419,583,470,352,281,91,51,83,46,21,11,85,29,6,1,0,0,78.17,55.42,52.38,79.1,83.97,74.03,80.62,79.83,56.04,34.12,16.67,,42.3461,33.101,14.0328,19.0269,0.0413,2.7653,2.1875,16.2203,13.6201,23.3605,17.2934,24.0622,19.3983,14.5281,11.5977,3.7558,2.1049,3.4257,1.8986,0.8667,0.454,3.5082,1.1969,0.2476,0.0413,0.0,0.0,141,76,134,1514.8959035664088,32,20,11,173,96,11.0,5.8195,3.1368,5.5306,62.5244,1.3207,0.8255,0.454,7.1402,3.9622,0.454,0.707,0.987,91,30,31,12,60,18,32.97,3.7558,1.2382,1.2795,0.4953,2.4764,0.7429,776,182,76,14,0.0,127,21,4,1,0.0,22,3,0.0,0,0,0,5,2,0.0,45,8,0.0,32.0279,7.5117,3.1368,0.5778,0.0,5.2417,0.8667,0.1651,0.0413,0.0,0.908,0.1238,0.0,0.0,0.0,0.0,0.2064,0.0825,0.0,1.8573,0.3302,0.0,84,41,31,17,4,19,8,3,0,2,1,10,26,10,10,6,16,4,103,28,52,23,37,0,1261,113,48.81,54.84,38.46,141,68,48.23,37,32,73,32,3.4669,1.6922,1.2795,0.7016,0.1651,0.7842,0.3302,0.1238,0.0,0.0825,0.0413,0.4127,1.0731,0.4127,0.4127,0.2476,0.6604,0.1651,4.2511,1.1556,2.1462,0.9493,1.5271,0.0,52.0453,4.6639,5.8195,2.8066,1.5271,1.3207,3.0129,1.3207,24,24,0,2,0,0,0.9906,0.9906,0.0,0.0825,0.0,0.0,44,6,36,4,8,2,0,0,24,5,20,1,816.5927908223833,,20,18.56,1.816,0.2476,1.4858,0.1651,0.3302,0.0825,0.0,0.0,0.9906,0.2064,0.8255,0.0413,33.7033,0.8255,87,47,32,0,0,16,,,54.02,3.5908,1.9398,1.3207,0.0,0.0,0.6604,0,0,0,0,0,0,0,,0.0,0.0,0.0,0.0,0.0,0.0,0.0,85,56,43,33,24,20,22,9,2,1,2,4,27,17,39,37,16,15,3.5082,2.3113,1.7747,1.362,0.9906,0.8255,0.908,0.3715,0.0825,0.0413,0.0825,0.1651,1.1144,0.7016,1.6096,1.5271,0.6604,0.6191,2180.6,29,2000+,True,40.564,3.926,13.085,34.021,134.776,1.6742,0.162,0.5401,1.4042,5.5626,0.251,-1.035
8o13oyr0lqkr5sw7j9ekdan6x,M. Hoedemakers,Nijmegen Eendracht Combinatie,1197,954,557,396,1,187,130,799,675,211,149,596,488,444,373,157,93,155,83,72,37,40,8,6,3,0,0,79.7,53.55,51.39,69.52,84.48,70.62,81.88,84.01,59.24,20.0,50.0,,49.4515,39.4124,23.0112,16.3599,0.0413,7.7255,5.3707,33.009,27.8862,8.717,6.1556,24.6224,20.1607,18.3429,15.4097,6.4861,3.8421,6.4035,3.429,2.9745,1.5286,1.6525,0.3305,0.2479,0.1239,0.0,0.0,119,131,151,1881.188411071077,14,10,3,133,141,3.0,4.9162,5.412,6.2382,77.7172,0.5784,0.4131,0.1239,5.4946,5.8251,0.1239,0.324,0.288,46,11,24,7,22,4,23.91,1.9004,0.4544,0.9915,0.2892,0.9089,0.1653,875,60,27,8,0.0,49,11,0,0,0,7,3,0.0,0,0,0,0,0,0,20,5,0.0,36.1487,2.4788,1.1154,0.3305,0.0,2.0243,0.4544,0.0,0.0,0.0,0.2892,0.1239,0.0,0.0,0.0,0.0,0.0,0.0,0.0,0.8263,0.2066,0.0,26,18,44,35,22,18,4,31,9,14,8,39,41,14,24,7,17,7,128,44,73,11,12,1,1363,25,69.23,79.55,34.15,111,67,60.36,13,75,105,23,1.0741,0.7436,1.8178,1.4459,0.9089,0.7436,0.1653,1.2807,0.3718,0.5784,0.3305,1.6112,1.6938,0.5784,0.9915,0.2892,0.7023,0.2892,5.288,1.8178,3.0158,0.4544,0.4958,0.0413,56.3094,1.0328,4.5857,2.768,0.5371,3.0985,4.3378,0.9502,18,15,1,2,1,0,0.7436,0.6197,0.0413,0.0826,0.0413,0.0,24,1,15,1,7,0,2,0,8,1,16,0,530.069347317448,,9,22.09,0.9915,0.0413,0.6197,0.0413,0.2892,0.0,0.0826,0.0,0.3305,0.0413,0.661,0.0,21.8987,0.3718,24,9,46,0,0,4,,,37.5,0.9915,0.3718,1.9004,0.0,0.0,0.1653,11,0,0,0,0,0,0,100.0,0.4544,0.0,0.0,0.0,0.0,0.0,0.0,69,50,11,16,13,11,21,23,16,15,0,1,15,9,14,13,25,19,2.8506,2.0656,0.4544,0.661,0.5371,0.4544,0.8676,0.9502,0.661,0.6197,0.0,0.0413,0.6197,0.3718,0.5784,0.5371,1.0328,0.7849,2178.5,31,2000+,True,42.57,29.993,37.733,39.668,123.841,1.7587,1.2391,1.5589,1.6388,5.1162,0.348,1.082
66kplyn4wfzukepup1ws0f1ed,A. Halilović,Fortuna Sittard,989,767,352,414,1,110,96,552,460,327,211,414,342,362,287,213,138,182,118,21,13,119,35,1,0,0,0,77.55,64.84,61.9,87.27,83.33,64.53,82.61,79.28,64.79,29.41,0.0,,40.879,31.7029,14.5495,17.1122,0.0413,4.5467,3.968,22.8162,19.0135,13.5161,8.7214,17.1122,14.1361,14.9628,11.8628,8.8041,5.7041,7.5227,4.8774,0.868,0.5373,4.9187,1.4467,0.0413,0.0,0.0,0.0,119,84,153,1897.0904401586129,16,9,3,135,93,3.0,4.9187,3.472,6.3241,78.4138,0.6613,0.372,0.124,5.58,3.844,0.124,0.325,0.324,120,35,61,20,59,15,29.17,4.96,1.4467,2.5214,0.8267,2.4387,0.62,672,57,48,2,0.0,94,6,0,0,0,28,1,0.0,0,0,0,5,0,0.0,15,1,0.0,27.7762,2.356,1.984,0.0827,0.0,3.8854,0.248,0.0,0.0,0.0,1.1573,0.0413,0.0,0.0,0.0,0.0,0.2067,0.0,0.0,0.62,0.0413,0.0,90,46,24,13,9,12,3,9,2,4,3,4,24,5,8,2,16,3,130,58,54,18,19,0,1228,35,51.11,54.17,20.83,138,64,46.38,19,69,70,24,3.72,1.9014,0.992,0.5373,0.372,0.496,0.124,0.372,0.0827,0.1653,0.124,0.1653,0.992,0.2067,0.3307,0.0827,0.6613,0.124,5.3734,2.3974,2.232,0.744,0.7853,0.0,50.7578,1.4467,5.7041,2.6454,0.7853,2.852,2.8934,0.992,15,29,0,1,0,0,0.62,1.1987,0.0,0.0413,0.0,0.0,66,4,57,3,9,1,0,0,25,4,41,0,1406.5138746980506,,6,21.31,2.728,0.1653,2.356,0.124,0.372,0.0413,0.0,0.0,1.0333,0.1653,1.6947,0.0,58.1364,0.248,70,46,53,0,0,8,,,65.71,2.8934,1.9014,2.1907,0.0,0.0,0.3307,2,0,0,0,0,0,0,100.0,0.0827,0.0,0.0,0.0,0.0,0.0,0.0,58,61,21,27,34,32,16,8,7,2,4,0,37,29,32,16,10,14,2.3974,2.5214,0.868,1.116,1.4053,1.3227,0.6613,0.3307,0.2893,0.0827,0.1653,0.0,1.5293,1.1987,1.3227,0.6613,0.4133,0.5787,2177.4,31,2000+,True,21.1,7.912,3.517,21.1,114.291,0.8721,0.327,0.1454,0.8721,4.7241,-0.669,-0.71
1m0qpbce7dob7mdbo7titbqp5,V. Edvardsen,Go Ahead Eagles,458,292,105,187,0,30,24,169,105,259,163,310,196,121,83,27,13,28,13,44,17,2,0,23,7,0,0,63.76,46.43,38.64,80.0,62.13,62.93,63.23,68.6,48.15,0.0,30.43,,18.977,12.0989,4.3506,7.7483,0.0,1.243,0.9944,7.0024,4.3506,10.7316,6.7538,12.8447,8.1212,5.0136,3.4391,1.1187,0.5386,1.1602,0.5386,1.8231,0.7044,0.0829,0.0,0.953,0.29,0.0,0.0,33,11,52,740.8911655866153,10,11,4,43,22,4.0,1.3673,0.4558,2.1546,30.6985,0.4143,0.4558,0.1657,1.7817,0.9116,0.1657,-1.183,-1.29,25,7,9,3,16,4,28.0,1.0359,0.29,0.3729,0.1243,0.663,0.1657,398,209,30,1,0.0,52,2,1,0,0.0,3,0,0.0,0,0,0,0,0,0,26,1,0.0,16.491,8.6598,1.243,0.0414,0.0,2.1546,0.0829,0.0414,0.0,0.0,0.1243,0.0,0.0,0.0,0.0,0.0,0.0,0.0,0.0,1.0773,0.0414,0.0,26,9,5,4,1,2,2,2,0,1,1,14,99,20,23,8,76,12,45,11,17,17,17,0,621,108,34.62,80.0,20.2,130,33,25.38,17,12,20,20,1.0773,0.3729,0.2072,0.1657,0.0414,0.0829,0.0829,0.0829,0.0,0.0414,0.0414,0.5801,4.102,0.8287,0.953,0.3315,3.149,0.4972,1.8646,0.4558,0.7044,0.7044,0.7044,0.0,25.7309,4.4749,5.3865,1.3673,0.7044,0.4972,0.8287,0.8287,18,8,0,3,0,0,0.7458,0.3315,0.0,0.1243,0.0,0.0,61,6,3,1,51,5,7,0,52,6,9,0,910.3227530641398,,7,14.92,2.5275,0.2486,0.1243,0.0414,2.1132,0.2072,0.29,0.0,2.1546,0.2486,0.3729,0.0,37.7188,0.29,0,0,1,0,0,15,,,,0.0,0.0,0.0414,0.0,0.0,0.6215,1,0,0,0,0,0,0,100.0,0.0414,0.0,0.0,0.0,0.0,0.0,0.0,11,22,18,12,27,34,2,3,2,0,4,2,33,28,14,16,2,3,0.4558,0.9116,0.7458,0.4972,1.1187,1.4088,0.0829,0.1243,0.0829,0.0,0.1657,0.0829,1.3673,1.1602,0.5801,0.663,0.0829,0.1243,2172.1,34,2000+,True,4.58,1.832,12.825,90.691,41.223,0.1898,0.0759,0.5314,3.7577,1.7081,-1.451,-1.204
8ozlo6qrdavr86guhclwvh84q,B. Plat,FC Volendam,808,617,387,226,4,284,194,444,360,80,63,329,257,389,311,90,49,111,41,98,53,6,2,6,0,0,0,76.36,36.94,54.08,68.31,81.08,78.75,78.12,79.95,54.44,33.33,0.0,,33.5023,25.5828,16.0463,9.3707,0.1659,11.7755,8.0439,18.4097,14.9267,3.3171,2.6122,13.6414,10.656,16.1292,12.8951,3.7317,2.0317,4.6024,1.7,4.0634,2.1975,0.2488,0.0829,0.2488,0.0,0.0,0.0,69,49,98,1381.27839214134,3,2,0,72,51,0.0,2.861,2.0317,4.0634,57.2722,0.1244,0.0829,0.0,2.9853,2.1146,0.0,-0.548,-0.778,12,2,7,2,5,0,16.67,0.4976,0.0829,0.2902,0.0829,0.2073,0.0,435,25,10,0,0.0,20,1,1,0,0.0,1,0,0.0,0,0,0,0,0,0,8,0,0.0,18.0365,1.0366,0.4146,0.0,0.0,0.8293,0.0415,0.0415,0.0,0.0,0.0415,0.0,0.0,0.0,0.0,0.0,0.0,0.0,0.0,0.3317,0.0,0.0,15,11,90,58,59,29,2,28,21,6,1,68,73,40,55,30,18,10,104,68,33,3,4,0,966,14,73.33,64.44,54.79,178,109,61.24,4,148,68,6,0.6219,0.4561,3.7317,2.4049,2.4463,1.2024,0.0829,1.161,0.8707,0.2488,0.0415,2.8195,3.0268,1.6585,2.2805,1.2439,0.7463,0.4146,4.3122,2.8195,1.3683,0.1244,0.1659,0.0,40.0534,0.5805,7.3804,4.5195,0.1659,6.1366,2.8195,0.2488,22,9,4,3,0,0,0.9122,0.3732,0.1659,0.1244,0.0,0.0,8,0,2,0,4,0,2,0,5,0,3,0,123.66654803060203,,0,15.46,0.3317,0.0,0.0829,0.0,0.1659,0.0,0.0829,0.0,0.2073,0.0,0.1244,0.0,5.1276,0.0,0,0,13,0,0,87,,,,0.0,0.0,0.539,0.0,0.0,3.6073,11,0,0,0,0,0,0,100.0,0.4561,0.0,0.0,0.0,0.0,0.0,0.0,30,39,5,5,3,5,33,57,17,11,0,0,5,3,6,4,46,44,1.2439,1.6171,0.2073,0.2073,0.1244,0.2073,1.3683,2.3634,0.7049,0.4561,0.0,0.0,0.2073,0.1244,0.2488,0.1659,1.9073,1.8244,2170.6,27,2000+,True,76.67,23.853,57.928,62.188,88.596,3.179,0.989,2.4019,2.5785,3.6735,1.976,0.59
21k54i5a6d9bi4f6gplgzxiw9,G. Til,PSV Eindhoven,642,502,222,279,1,55,43,295,249,292,210,408,315,210,172,24,15,23,12,28,16,2,0,33,7,0,0,78.19,52.17,57.14,78.18,84.41,71.92,77.21,81.9,62.5,0.0,21.21,,26.724,20.8964,9.241,11.6137,0.0416,2.2894,1.7899,12.2797,10.3649,12.1548,8.7415,16.9835,13.1123,8.7415,7.1597,0.999,0.6244,0.9574,0.4995,1.1655,0.666,0.0833,0.0,1.3737,0.2914,0.0,0.0,55,52,71,1149.5364514683147,30,20,13,85,72,13.0,2.2894,2.1646,2.9555,47.8508,1.2488,0.8325,0.5411,3.5382,2.9971,0.5411,-0.791,-0.544,35,7,2,0,33,7,20.0,1.4569,0.2914,0.0833,0.0,1.3737,0.2914,583,213,38,8,0.0,64,12,0,0,0,7,1,0.0,1,0,0.0,0,0,0,30,7,0.0,24.2681,8.8664,1.5818,0.333,0.0,2.6641,0.4995,0.0,0.0,0.0,0.2914,0.0416,0.0,0.0416,0.0,0.0,0.0,0.0,0.0,1.2488,0.2914,0.0,27,15,19,10,7,8,4,11,5,3,3,13,39,18,11,3,28,15,61,20,30,11,20,0,824,138,55.56,52.63,46.15,85,43,50.59,20,32,41,18,1.1239,0.6244,0.7909,0.4163,0.2914,0.333,0.1665,0.4579,0.2081,0.1249,0.1249,0.5411,1.6234,0.7493,0.4579,0.1249,1.1655,0.6244,2.5392,0.8325,1.2488,0.4579,0.8325,0.0,34.3,5.7444,3.5382,1.7899,0.8325,1.332,1.7067,0.7493,16,20,0,0,0,0,0.666,0.8325,0.0,0.0,0.0,0.0,66,10,14,2,39,8,13,0,59,10,7,0,832.1693823331665,,18,12.61,2.7473,0.4163,0.5828,0.0833,1.6234,0.333,0.5411,0.0,2.4559,0.4163,0.2914,0.0,34.64,0.7493,0,0,1,0,0,3,,,,0.0,0.0,0.0416,0.0,0.0,0.1249,5,0,0,0,0,0,0,100.0,0.2081,0.0,0.0,0.0,0.0,0.0,0.0,23,32,20,18,38,28,11,8,4,7,6,4,48,18,19,19,8,11,0.9574,1.332,0.8325,0.7493,1.5818,1.1655,0.4579,0.333,0.1665,0.2914,0.2498,0.1665,1.9981,0.7493,0.7909,0.7909,0.333,0.4579,2162.1,30,2000+,True,26.633,15.419,18.222,54.667,85.506,1.1086,0.6418,0.7585,2.2756,3.5593,-0.397,-0.092
1wse4b1hxu37e7t5ty5ykn7c9,J. Šutalo,AFC Ajax,1687,1546,966,572,8,703,634,965,900,19,12,756,697,828,788,103,61,108,57,107,49,0,0,3,0,0,0,91.64,52.78,45.79,90.18,93.26,63.16,92.2,95.17,59.22,,0.0,,70.2461,64.3749,40.2239,23.8179,0.3331,29.2727,26.3996,40.1823,37.4757,0.7912,0.4997,31.4796,29.0229,34.4777,32.8121,4.2889,2.54,4.4971,2.3735,4.4554,2.0403,0.0,0.0,0.1249,0.0,0.0,0.0,116,74,306,4994.267400315102,3,1,0,119,75,0.0,4.8302,3.0813,12.7417,207.9597,0.1249,0.0416,0.0,4.9551,3.123,0.0,0.287,0.059,3,0,0,0,3,0,0.0,0.1249,0.0,0.0,0.0,0.1249,0.0,1247,14,6,0,0.0,18,0,0,0,0,0,0,0,2,0,0.0,0,0,0,4,0,0.0,51.9247,0.583,0.2498,0.0,0.0,0.7495,0.0,0.0,0.0,0.0,0.0,0.0,0.0,0.0833,0.0,0.0,0.0,0.0,0.0,0.1666,0.0,0.0,24,14,29,12,20,9,0,40,21,18,1,86,99,57,66,44,33,13,151,84,65,2,2,0,1862,20,58.33,41.38,57.58,152,83,54.61,2,125,92,3,0.9994,0.583,1.2076,0.4997,0.8328,0.3748,0.0,1.6656,0.8744,0.7495,0.0416,3.581,4.1223,2.3735,2.7482,1.8321,1.3741,0.5413,6.2876,3.4977,2.7066,0.0833,0.0833,0.0,77.5331,0.8328,6.3292,3.4561,0.0833,5.205,3.8309,0.1249,15,15,14,2,0,0,0.6246,0.6246,0.583,0.0833,0.0,0.0,11,1,3,1,4,0,4,0,10,1,1,0,132.63529696221426,,1,12.06,0.458,0.0416,0.1249,0.0416,0.1666,0.0,0.1666,0.0,0.4164,0.0416,0.0416,0.0,5.5229,0.0416,0,0,40,0,0,5,,,,0.0,0.0,1.6656,0.0,0.0,0.2082,15,0,0,0,0,0,0,100.0,0.6246,0.0,0.0,0.0,0.0,0.0,0.0,61,55,2,4,5,6,19,10,15,25,0,1,6,5,2,4,15,14,2.54,2.2902,0.0833,0.1666,0.2082,0.2498,0.7912,0.4164,0.6246,1.041,0.0,0.0416,0.2498,0.2082,0.0833,0.1666,0.6246,0.583,2161.4,23,2000+,True,35.995,49.649,106.745,122.881,187.425,1.4988,2.0674,4.4448,5.1167,7.8043,0.05,2.709
dbg4ducw8j747foxiexle1iad,P. Clement,Sparta Rotterdam,934,719,339,374,6,134,99,478,390,322,230,547,447,300,237,87,35,85,31,63,30,3,0,68,20,0,0,76.98,36.47,47.62,73.88,81.59,71.43,81.72,79.0,40.23,0.0,29.41,,39.3945,30.3262,14.2984,15.7747,0.2531,5.6519,4.1756,20.1612,16.4495,13.5814,9.701,23.0715,18.8537,12.6535,9.9963,3.6695,1.4762,3.5852,1.3075,2.6572,1.2653,0.1265,0.0,2.8681,0.8436,0.0,0.0,93,66,120,1580.8079929692863,25,11,7,118,77,7.0,3.9226,2.7838,5.0614,66.6758,1.0545,0.464,0.2952,4.977,3.2477,0.2952,-0.098,0.068,71,20,42,13,29,7,28.17,2.9947,0.8436,1.7715,0.5483,1.2232,0.2952,624,79,41,3,0.0,68,11,0,0,0,15,2,0.0,0,0,0,2,0,0.0,24,1,0.0,26.3192,3.3321,1.7293,0.1265,0.0,2.8681,0.464,0.0,0.0,0.0,0.6327,0.0844,0.0,0.0,0.0,0.0,0.0844,0.0,0.0,1.0123,0.0422,0.0,31,10,38,18,16,15,7,18,5,12,1,47,61,32,29,17,32,15,116,48,55,13,12,0,1119,43,32.26,47.37,52.46,130,60,46.15,12,69,82,21,1.3075,0.4218,1.6028,0.7592,0.6749,0.6327,0.2952,0.7592,0.2109,0.5061,0.0422,1.9824,2.5729,1.3497,1.2232,0.717,1.3497,0.6327,4.8927,2.0246,2.3198,0.5483,0.5061,0.0,47.1975,1.8137,5.4832,2.5307,0.5061,2.9103,3.4586,0.8857,19,28,0,5,0,0,0.8014,1.181,0.0,0.2109,0.0,0.0,22,2,5,0,15,2,2,0,11,1,11,1,437.6891911861316,,5,19.89,0.9279,0.0844,0.2109,0.0,0.6327,0.0844,0.0844,0.0,0.464,0.0422,0.464,0.0422,18.461,0.2109,38,16,34,0,0,17,,,42.11,1.6028,0.6749,1.4341,0.0,0.0,0.717,12,0,0,0,0,0,0,100.0,0.5061,0.0,0.0,0.0,0.0,0.0,0.0,45,48,21,20,10,12,19,19,6,12,0,2,12,10,19,22,22,16,1.898,2.0246,0.8857,0.8436,0.4218,0.5061,0.8014,0.8014,0.2531,0.5061,0.0,0.0844,0.5061,0.4218,0.8014,0.9279,0.9279,0.6749,2133.8,30,2000+,True,35.863,16.988,44.356,57.569,109.475,1.5126,0.7165,1.8709,2.4282,4.6175,0.066,0.055
awih1xkabe5o6afn6d85ilxw5,A. Noppert,SC Heerenveen,711,523,512,10,1,706,519,5,4,0,0,117,114,257,251,337,158,321,140,0,0,0,0,0,0,0,0,73.56,43.61,,73.51,80.0,,97.44,97.67,46.88,,,,30.031,22.0903,21.6257,0.4224,0.0422,29.8198,21.9213,0.2112,0.169,0.0,0.0,4.9418,4.8151,10.8551,10.6017,14.2341,6.6735,13.5583,5.9133,0.0,0.0,0.0,0.0,0.0,0.0,0.0,0.0,111,15,31,630.2205501812582,0,0,0,111,15,0.0,4.6884,0.6336,1.3094,26.619,0.0,0.0,0.0,4.6884,0.6336,0.0,0.227,-0.055,0,0,0,0,0,0,,0.0,0.0,0.0,0.0,0.0,0.0,309,0,0,0,0,5,1,0,0,0,0,0,0,0,0,0,0,0,0,0,0,0,13.0514,0.0,0.0,0.0,0.0,0.2112,0.0422,0.0,0.0,0.0,0.0,0.0,0.0,0.0,0.0,0.0,0.0,0.0,0.0,0.0,0.0,0.0,0,0,0,0,0,0,0,0,0,0,0,13,5,5,5,5,0,0,31,30,1,0,0,5,728,0,,,100.0,5,5,100.0,5,30,1,0,0.0,0.0,0.0,0.0,0.0,0.0,0.0,0.0,0.0,0.0,0.0,0.5491,0.2112,0.2112,0.2112,0.2112,0.0,0.0,1.3094,1.2671,0.0422,0.0,0.0,0.2112,30.749,0.0,0.2112,0.2112,0.2112,1.2671,0.0422,0.0,1,1,0,0,0,0,0.0422,0.0422,0.0,0.0,0.0,0.0,0,0,0,0,0,0,0,0,0,0,0,0,0,,0,,0.0,0.0,0.0,0.0,0.0,0.0,0.0,0.0,0.0,0.0,0.0,0.0,0.0,0.0,0,0,40,0,0,0,,,,0.0,0.0,1.6895,0.0,0.0,0.0,63,20,6,134,2,3,4,100.0,2.661,0.8448,0.2534,5.6598,0.0845,0.1267,0.169,52,59,0,0,0,0,0,0,0,0,0,0,0,0,0,0,0,0,2.1964,2.492,0.0,0.0,0.0,0.0,0.0,0.0,0.0,0.0,0.0,0.0,0.0,0.0,0.0,0.0,0.0,0.0,2130.8,22,2000+,True,0.0,0.0,12.905,4.963,30.773,0.0,0.0,0.5451,0.2096,1.2998,-1.668,-1.353
98fjpfhrww2qdifsi8viybaol,M. van Ginkel,SBV Vitesse,671,460,248,211,1,70,52,402,278,199,130,431,295,206,146,34,19,36,20,161,50,3,0,2,0,0,0,68.55,55.56,31.06,74.29,69.15,65.33,68.45,70.87,55.88,0.0,0.0,,28.3921,19.464,10.4937,8.9281,0.0423,2.9619,2.2003,17.0099,11.763,8.4203,5.5007,18.237,12.4824,8.7165,6.1777,1.4386,0.8039,1.5233,0.8463,6.8124,2.1157,0.1269,0.0,0.0846,0.0,0.0,0.0,53,63,78,868.3015612793624,8,4,2,61,67,2.0,2.2426,2.6657,3.3004,36.7405,0.3385,0.1693,0.0846,2.5811,2.835,0.0846,-0.811,-0.95,5,0,3,0,2,0,0.0,0.2116,0.0,0.1269,0.0,0.0846,0.0,620,232,21,3,0.0,43,4,0,0,0,0,0,0,0,0,0,0,0,0,21,3,0.0,26.2341,9.8166,0.8886,0.1269,0.0,1.8195,0.1693,0.0,0.0,0.0,0.0,0.0,0.0,0.0,0.0,0.0,0.0,0.0,0.0,0.8886,0.1269,0.0,10,5,13,8,5,3,5,4,2,2,0,39,208,125,44,33,164,92,52,21,23,8,11,0,875,80,50.0,61.54,60.1,231,138,59.74,11,28,28,13,0.4231,0.2116,0.5501,0.3385,0.2116,0.1269,0.2116,0.1693,0.0846,0.0846,0.0,1.6502,8.8011,5.2891,1.8618,1.3963,6.9394,3.8928,2.2003,0.8886,0.9732,0.3385,0.4654,0.0,37.024,3.385,9.7743,5.8392,0.4654,1.1848,1.1848,0.5501,28,25,0,2,1,0,1.1848,1.0578,0.0,0.0846,0.0423,0.0,58,7,13,2,20,4,25,1,50,7,8,0,741.7082074698786,,10,12.79,2.4542,0.2962,0.5501,0.0846,0.8463,0.1693,1.0578,0.0423,2.1157,0.2962,0.3385,0.0,31.384,0.4231,0,0,1,0,0,8,,,,0.0,0.0,0.0423,0.0,0.0,0.3385,5,0,0,0,0,0,0,100.0,0.2116,0.0,0.0,0.0,0.0,0.0,0.0,23,30,9,12,20,38,9,4,4,0,2,5,33,25,11,10,7,6,0.9732,1.2694,0.3808,0.5078,0.8463,1.6079,0.3808,0.1693,0.1693,0.0,0.0846,0.2116,1.3963,1.0578,0.4654,0.4231,0.2962,0.2539,2127.0,30,2000+,True,13.108,4.033,39.324,209.728,52.432,0.5546,0.1706,1.6639,8.8742,2.2186,-1.032,-1.018
qobf1v5kwuz6hj2ooixfw4mi,B. van Rooij,Nijmegen Eendracht Combinatie,1100,841,389,449,3,271,196,525,448,304,197,447,372,493,371,160,98,215,117,77,40,5,0,68,17,0,0,76.45,54.42,51.95,72.32,85.33,64.8,83.22,75.25,61.25,0.0,25.0,,46.5948,35.6239,16.4776,19.0192,0.1271,11.4793,8.3023,22.2384,18.9768,12.8771,8.3447,18.9344,15.7575,20.8829,15.7152,6.7774,4.1512,9.1072,4.956,3.2616,1.6944,0.2118,0.0,2.8804,0.7201,0.0,0.0,144,64,121,1535.9933994165121,12,4,7,156,68,7.0,6.0997,2.711,5.1254,65.063,0.5083,0.1694,0.2965,6.608,2.8804,0.2965,0.826,0.761,73,17,1,0,72,17,23.29,3.0922,0.7201,0.0424,0.0,3.0498,0.7201,653,57,28,3,0.0,57,6,0,0,0,12,1,0.0,0,0,0,0,0,0,16,2,0.0,27.6604,2.4145,1.186,0.1271,0.0,2.4145,0.2542,0.0,0.0,0.0,0.5083,0.0424,0.0,0.0,0.0,0.0,0.0,0.0,0.0,0.6777,0.0847,0.0,36,15,47,23,32,14,1,12,5,5,2,54,52,27,39,20,13,7,105,64,37,4,8,1,1270,33,41.67,48.94,51.92,135,65,48.15,9,101,56,7,1.5249,0.6354,1.9909,0.9743,1.3555,0.593,0.0424,0.5083,0.2118,0.2118,0.0847,2.2874,2.2027,1.1437,1.652,0.8472,0.5507,0.2965,4.4477,2.711,1.5673,0.1694,0.3389,0.0424,53.7958,1.3978,5.7185,2.7533,0.3812,4.2783,2.3721,0.2965,15,19,4,4,0,1,0.6354,0.8048,0.1694,0.1694,0.0,0.0424,18,2,3,1,14,1,1,0,10,2,8,0,344.8905834023336,,5,19.16,0.7625,0.0847,0.1271,0.0424,0.593,0.0424,0.0424,0.0,0.4236,0.0847,0.3389,0.0,14.6092,0.2118,0,0,16,0,0,171,,,,0.0,0.0,0.6777,0.0,0.0,7.2434,6,0,0,0,0,0,0,100.0,0.2542,0.0,0.0,0.0,0.0,0.0,0.0,79,65,14,14,8,10,21,26,6,6,0,2,9,9,15,13,23,24,3.3464,2.7533,0.593,0.593,0.3389,0.4236,0.8895,1.1013,0.2542,0.2542,0.0,0.0847,0.3812,0.3812,0.6354,0.5507,0.9743,1.0166,2124.7,24,2000+,True,45.473,11.61,52.245,50.31,101.588,1.9262,0.4918,2.213,2.1311,4.3032,0.54,-0.387
dvof4p3jx1gi6i9uelbmudl62,K. Kozłowski,SBV Vitesse,650,461,220,241,0,91,65,300,226,259,170,363,272,199,143,88,46,81,42,48,19,7,2,54,18,0,0,70.92,51.85,39.58,71.43,75.33,65.64,74.93,71.86,52.27,28.57,33.33,,27.674,19.6272,9.3666,10.2607,0.0,3.8744,2.7674,12.7726,9.622,11.027,7.2378,15.4548,11.5805,8.4725,6.0883,3.7466,1.9585,3.4486,1.7882,2.0436,0.8089,0.298,0.0852,2.2991,0.7664,0.0,0.0,62,49,135,1590.0821910081493,34,20,14,96,69,14.0,2.6397,2.0862,5.7477,67.6983,1.4476,0.8515,0.5961,4.0872,2.9377,0.5961,-0.642,-0.31,61,20,32,13,29,7,32.79,2.5971,0.8515,1.3624,0.5535,1.2347,0.298,573,158,30,5,0.0,66,8,1,0,0.0,13,1,0.0,1,0,0.0,0,0,0,15,4,0.0,24.3957,6.7269,1.2773,0.2129,0.0,2.81,0.3406,0.0426,0.0,0.0,0.5535,0.0426,0.0,0.0426,0.0,0.0,0.0,0.0,0.0,0.6386,0.1703,0.0,125,49,39,24,15,12,12,13,4,6,3,17,62,27,25,11,37,16,99,47,37,15,46,0,978,97,39.2,61.54,43.55,226,100,44.25,46,66,55,30,5.3219,2.0862,1.6604,1.0218,0.6386,0.5109,0.5109,0.5535,0.1703,0.2555,0.1277,0.7238,2.6397,1.1495,1.0644,0.4683,1.5753,0.6812,4.215,2.001,1.5753,0.6386,1.9585,0.0,41.6387,4.1298,9.622,4.2575,1.9585,2.81,2.3416,1.2773,34,33,0,4,0,0,1.4476,1.405,0.0,0.1703,0.0,0.0,51,3,12,0,30,1,9,2,32,3,19,0,898.7640982094332,,8,17.62,2.1713,0.1277,0.5109,0.0,1.2773,0.0426,0.3832,0.0852,1.3624,0.1277,0.8089,0.0,38.2652,0.3406,24,10,4,0,0,11,,,41.67,1.0218,0.4258,0.1703,0.0,0.0,0.4683,3,0,0,0,0,0,0,100.0,0.1277,0.0,0.0,0.0,0.0,0.0,0.0,33,29,18,12,33,18,26,13,11,2,2,1,31,20,14,16,22,17,1.405,1.2347,0.7664,0.5109,1.405,0.7664,1.107,0.5535,0.4683,0.0852,0.0852,0.0426,1.3198,0.8515,0.5961,0.6812,0.9367,0.7238,2113.9,30,2000+,True,39.324,13.108,17.141,62.515,99.822,1.6742,0.5581,0.7298,2.6616,4.25,0.251,-0.256
6w59kdfilru1152bjutstu2fp,J. de Guzmán,Sparta Rotterdam,1193,889,523,363,3,269,187,726,589,198,113,526,423,475,380,192,86,203,82,66,30,4,0,59,13,0,0,74.52,40.39,45.45,69.52,81.13,57.07,80.42,80.0,44.79,0.0,22.03,,51.1432,38.1109,22.4207,15.5616,0.1286,11.5319,8.0166,31.1232,25.2501,8.4881,4.8442,22.5493,18.1338,20.363,16.2904,8.2309,3.6868,8.7025,3.5153,2.8294,1.2861,0.1715,0.0,2.5293,0.5573,0.0,0.0,139,129,134,1774.667170980753,14,10,2,153,139,2.0,5.9588,5.5302,5.7445,76.0789,0.6002,0.4287,0.0857,6.559,5.9588,0.0857,0.766,0.74,63,13,27,6,36,7,20.63,2.7008,0.5573,1.1575,0.2572,1.5433,0.3001,749,30,32,4,0.0,54,5,0,0,0,11,2,0.0,1,0,0.0,2,0,0.0,18,2,0.0,32.1092,1.2861,1.3718,0.1715,0.0,2.3149,0.2143,0.0,0.0,0.0,0.4716,0.0857,0.0,0.0429,0.0,0.0,0.0857,0.0,0.0,0.7716,0.0857,0.0,22,10,20,9,10,10,0,24,12,10,2,43,45,22,26,12,19,10,156,66,81,9,13,1,1357,15,45.45,45.0,48.89,87,41,47.13,14,88,101,11,0.9431,0.4287,0.8574,0.3858,0.4287,0.4287,0.0,1.0289,0.5144,0.4287,0.0857,1.8434,1.9291,0.9431,1.1146,0.5144,0.8145,0.4287,6.6876,2.8294,3.4724,0.3858,0.5573,0.0429,58.1738,0.643,3.7296,1.7576,0.6002,3.7725,4.3298,0.4716,27,17,2,6,0,0,1.1575,0.7288,0.0857,0.2572,0.0,0.0,25,1,5,0,20,1,0,0,4,1,21,0,591.9393731592666,,5,23.68,1.0717,0.0429,0.2143,0.0,0.8574,0.0429,0.0,0.0,0.1715,0.0429,0.9003,0.0,25.3761,0.2143,20,10,50,0,0,5,,,50.0,0.8574,0.4287,2.1435,0.0,0.0,0.2143,13,0,0,0,0,0,0,100.0,0.5573,0.0,0.0,0.0,0.0,0.0,0.0,84,55,22,10,16,9,10,10,12,12,0,1,9,16,19,13,10,10,3.601,2.3578,0.9431,0.4287,0.6859,0.3858,0.4287,0.4287,0.5144,0.5144,0.0,0.0429,0.3858,0.6859,0.8145,0.5573,0.4287,0.4287,2099.4,32,2000+,True,18.875,22.65,40.581,42.469,147.225,0.8092,0.971,1.7397,1.8206,6.3114,-0.741,0.555
cx3fqj7odbuc6i0kppcie4jmy,J. Jacobs,Almere City FC,895,525,375,148,2,269,157,480,295,146,73,323,228,383,236,189,61,270,87,144,64,2,0,15,3,0,0,58.66,32.22,44.44,58.36,61.46,50.0,70.59,61.62,32.28,0.0,20.0,,38.5186,22.5947,16.1391,6.3695,0.0861,11.5771,6.7569,20.658,12.6961,6.2835,3.1417,13.9011,9.8125,16.4834,10.1568,8.1341,2.6253,11.6201,3.7443,6.1974,2.7544,0.0861,0.0,0.6456,0.1291,0.0,0.0,140,85,80,1207.3879085418241,4,2,0,144,87,0.0,6.0252,3.6582,3.443,51.9629,0.1721,0.0861,0.0,6.1974,3.7443,0.0,0.795,0.587,17,3,0,0,17,3,17.65,0.7316,0.1291,0.0,0.0,0.7316,0.1291,401,25,11,0,0.0,19,0,0,0,0,1,0,0.0,0,0,0,0,0,0,10,0,0.0,17.258,1.0759,0.4734,0.0,0.0,0.8177,0.0,0.0,0.0,0.0,0.043,0.0,0.0,0.0,0.0,0.0,0.0,0.0,0.0,0.4304,0.0,0.0,5,2,57,37,33,20,4,26,16,9,1,67,84,52,64,39,20,13,92,49,39,4,6,0,1031,25,40.0,64.91,61.9,146,91,62.33,6,98,68,9,0.2152,0.0861,2.4531,1.5924,1.4202,0.8607,0.1721,1.119,0.6886,0.3873,0.043,2.8835,3.6151,2.2379,2.7544,1.6785,0.8607,0.5595,3.9594,2.1088,1.6785,0.1721,0.2582,0.0,44.3717,1.0759,6.2835,3.9164,0.2582,4.2177,2.9265,0.3873,35,6,10,7,0,0,1.5063,0.2582,0.4304,0.3013,0.0,0.0,18,2,2,0,12,0,4,2,12,2,6,0,280.68643721733986,,2,15.59,0.7747,0.0861,0.0861,0.0,0.5164,0.0,0.1721,0.0861,0.5164,0.0861,0.2582,0.0,12.08,0.0861,0,0,15,0,0,172,,,,0.0,0.0,0.6456,0.0,0.0,7.4024,6,0,0,0,0,0,0,100.0,0.2582,0.0,0.0,0.0,0.0,0.0,0.0,77,63,6,5,11,7,25,32,12,14,2,0,13,5,6,5,27,30,3.3139,2.7114,0.2582,0.2152,0.4734,0.3013,1.0759,1.3772,0.5164,0.6025,0.0861,0.0,0.5595,0.2152,0.2582,0.2152,1.162,1.2911,2091.2,27,2000+,True,50.855,23.197,59.777,74.944,82.082,2.1887,0.9983,2.5727,3.2254,3.5326,0.841,0.609
eu6pfkiah7otafyryg6ll7y09,L. Brouwers,SC Heerenveen,771,645,277,365,3,100,85,449,386,222,174,459,373,265,235,47,37,33,24,54,28,0,0,10,1,0,0,83.66,72.73,51.85,85.0,85.97,78.38,81.26,88.68,78.72,,10.0,,33.2025,27.7764,11.9288,15.7185,0.1292,4.3064,3.6605,19.3359,16.6228,9.5603,7.4932,19.7665,16.063,11.412,10.1201,2.024,1.5934,1.4211,1.0335,2.3255,1.2058,0.0,0.0,0.4306,0.0431,0.0,0.0,53,50,93,1318.939648815127,18,10,8,71,60,8.0,2.2824,2.1532,4.005,56.7992,0.7752,0.4306,0.3445,3.0576,2.5839,0.3445,-0.794,-0.748,10,1,0,0,10,1,10.0,0.4306,0.0431,0.0,0.0,0.4306,0.0431,593,134,37,1,0.0,58,3,2,0,0.0,1,0,0.0,1,0,0.0,0,0,0,33,1,0.0,25.5371,5.7706,1.5934,0.0431,0.0,2.4977,0.1292,0.0861,0.0,0.0,0.0431,0.0,0.0,0.0431,0.0,0.0,0.0,0.0,0.0,1.4211,0.0431,0.0,29,10,26,11,8,12,6,17,7,8,2,15,55,27,24,13,31,14,81,29,42,10,9,0,918,68,34.48,42.31,49.09,110,48,43.64,9,44,62,18,1.2489,0.4306,1.1197,0.4737,0.3445,0.5168,0.2584,0.7321,0.3014,0.3445,0.0861,0.646,2.3685,1.1627,1.0335,0.5598,1.335,0.6029,3.4882,1.2489,1.8087,0.4306,0.3876,0.0,39.533,2.9284,4.7371,2.0671,0.3876,1.8948,2.67,0.7752,19,19,0,4,0,0,0.8182,0.8182,0.0,0.1723,0.0,0.0,33,6,4,0,19,5,10,1,26,5,7,1,503.1205441928758,,7,15.25,1.4211,0.2584,0.1723,0.0,0.8182,0.2153,0.4306,0.0431,1.1197,0.2153,0.3014,0.0431,21.6665,0.3014,0,0,9,0,0,7,,,,0.0,0.0,0.3876,0.0,0.0,0.3014,5,0,0,0,0,0,0,100.0,0.2153,0.0,0.0,0.0,0.0,0.0,0.0,25,28,17,20,17,16,16,10,12,5,3,3,19,14,17,20,14,12,1.0766,1.2058,0.7321,0.8613,0.7321,0.689,0.689,0.4306,0.5168,0.2153,0.1292,0.1292,0.8182,0.6029,0.7321,0.8613,0.6029,0.5168,2089.9,26,2000+,True,25.81,16.876,14.89,54.598,80.407,1.1115,0.7268,0.6412,2.3512,3.4627,-0.394,0.075
6hrp4zuxh40i3tccmk5s0j5xx,S. Bergwijn,AFC Ajax,921,792,320,468,4,74,59,395,355,452,378,606,527,280,246,35,19,41,23,31,17,2,1,18,4,0,0,85.99,56.1,54.84,79.73,89.87,83.63,86.96,87.86,54.29,50.0,22.22,,39.7268,34.1625,13.803,20.1869,0.1725,3.1919,2.5449,17.0381,15.3127,19.4968,16.3048,26.1395,22.7318,12.0776,10.6111,1.5097,0.8196,1.7685,0.9921,1.3372,0.7333,0.0863,0.0431,0.7764,0.1725,0.0,0.0,81,55,154,2040.8781839797355,49,35,22,130,90,22.0,3.4939,2.3724,6.6427,88.0321,2.1136,1.5097,0.949,5.6075,3.8821,0.949,-0.28,0.336,20,5,16,4,4,1,25.0,0.8627,0.2157,0.6902,0.1725,0.1725,0.0431,802,203,52,5,0.0,91,12,0,0,0,3,1,0.0,3,1,0.0,1,0,0.0,45,3,0.0,34.5938,8.7563,2.243,0.2157,0.0,3.9252,0.5176,0.0,0.0,0.0,0.1294,0.0431,0.0,0.1294,0.0431,0.0,0.0431,0.0,0.0,1.941,0.1294,0.0,91,39,18,12,7,6,5,4,1,2,1,7,23,10,10,5,13,5,84,32,48,4,33,0,1186,125,42.86,66.67,43.48,132,61,46.21,33,40,56,10,3.9252,1.6822,0.7764,0.5176,0.3019,0.2588,0.2157,0.1725,0.0431,0.0863,0.0431,0.3019,0.9921,0.4313,0.4313,0.2157,0.5607,0.2157,3.6233,1.3803,2.0705,0.1725,1.4234,0.0,51.1574,5.3918,5.6937,2.6312,1.4234,1.7254,2.4155,0.4313,13,23,0,5,1,0,0.5607,0.9921,0.0,0.2157,0.0431,0.0,66,12,2,0,62,12,2,0,45,11,21,1,1130.5092597376513,,17,17.13,2.8469,0.5176,0.0863,0.0,2.6743,0.5176,0.0863,0.0,1.941,0.4745,0.9058,0.0431,48.7639,0.7333,11,7,10,0,0,24,,,63.64,0.4745,0.3019,0.4313,0.0,0.0,1.0352,1,0,0,0,0,0,0,100.0,0.0431,0.0,0.0,0.0,0.0,0.0,0.0,46,35,24,28,32,34,14,4,3,1,9,3,37,29,29,23,12,6,1.9842,1.5097,1.0352,1.2078,1.3803,1.4666,0.6039,0.1725,0.1294,0.0431,0.3882,0.1294,1.596,1.2509,1.2509,0.9921,0.5176,0.2588,2086.5,24,2000+,True,22.342,4.965,8.689,28.548,104.263,0.9637,0.2142,0.3748,1.2314,4.4973,-0.564,-0.932
ely6vpyueden4b6ozfmspwgk5,J. Toornstra,FC Utrecht,849,560,310,249,1,89,66,376,267,384,227,399,286,289,199,161,75,151,69,29,17,5,0,145,47,0,0,65.96,45.7,58.62,74.16,71.01,59.11,71.68,68.86,46.58,0.0,32.41,,36.7444,24.2366,13.4167,10.7766,0.0433,3.8519,2.8565,16.2731,11.5557,16.6194,9.8245,17.2686,12.378,12.5078,8.6126,6.968,3.246,6.5352,2.9863,1.2551,0.7358,0.2164,0.0,6.2755,2.0341,0.0,0.0,150,77,90,1110.1270631230893,14,7,7,164,84,7.0,6.4919,3.3325,3.8952,48.0459,0.6059,0.303,0.303,7.0979,3.6355,0.303,0.993,0.969,150,47,62,13,88,34,31.33,6.4919,2.0341,2.6833,0.5626,3.8086,1.4715,554,121,68,8,0.0,94,13,2,2,0.0,34,2,0.0,0,0,0,2,0,0.0,30,4,0.0,23.9769,5.2368,2.943,0.3462,0.0,4.0683,0.5626,0.0866,0.0866,0.0,1.4715,0.0866,0.0,0.0,0.0,0.0,0.0866,0.0,0.0,1.2984,0.1731,0.0,28,11,47,26,22,20,5,14,6,6,2,23,31,6,12,3,19,3,111,33,60,18,7,0,1006,58,39.29,55.32,19.35,106,43,40.57,7,61,86,25,1.2118,0.4761,2.0341,1.1253,0.9522,0.8656,0.2164,0.6059,0.2597,0.2597,0.0866,0.9954,1.3417,0.2597,0.5194,0.1298,0.8223,0.1298,4.804,1.4282,2.5968,0.779,0.303,0.0,43.5393,2.5102,4.5876,1.861,0.303,2.6401,3.722,1.082,24,7,0,3,0,0,1.0387,0.303,0.0,0.1298,0.0,0.0,33,4,10,0,20,4,3,0,23,2,10,2,550.4589725677873,,12,16.68,1.4282,0.1731,0.4328,0.0,0.8656,0.1731,0.1298,0.0,0.9954,0.0866,0.4328,0.0866,23.8237,0.5194,91,38,31,0,0,16,,,41.76,3.9384,1.6446,1.3417,0.0,0.0,0.6925,1,0,0,0,0,0,0,100.0,0.0433,0.0,0.0,0.0,0.0,0.0,0.0,86,64,32,36,16,17,23,24,7,7,2,2,21,12,48,20,25,22,3.722,2.7699,1.3849,1.5581,0.6925,0.7358,0.9954,1.0387,0.303,0.303,0.0866,0.0866,0.9089,0.5194,2.0774,0.8656,1.082,0.9522,2079.5,33,2000+,True,45.446,13.537,22.24,29.975,107.331,1.9669,0.5859,0.9625,1.2973,4.6452,0.586,-0.202
ad9kukqx4xulbvelacgwgqvah,M. Vlap,FC Twente,996,778,331,446,1,81,57,386,309,529,412,596,480,306,252,94,46,83,39,36,19,10,2,64,15,0,0,78.11,46.99,52.78,70.37,80.05,77.88,80.54,82.35,48.94,20.0,23.44,,43.1875,33.7348,14.3525,19.339,0.0434,3.5122,2.4716,16.7373,13.3985,22.9379,17.8647,25.8431,20.8133,13.2685,10.927,4.0759,1.9946,3.599,1.6911,1.561,0.8239,0.4336,0.0867,2.7751,0.6504,0.0,0.0,99,64,196,2368.567763505234,44,29,23,143,93,23.0,4.2927,2.7751,8.4987,102.7034,1.9079,1.2575,0.9973,6.2006,4.0326,0.9973,0.059,0.588,74,17,64,16,10,1,22.97,3.2087,0.7371,2.7751,0.6938,0.4336,0.0434,834,161,39,6,0.0,85,14,1,1,0.0,11,2,0.0,1,1,0.0,0,0,0,26,2,0.0,36.163,6.9811,1.6911,0.2602,0.0,3.6857,0.6071,0.0434,0.0434,0.0,0.477,0.0867,0.0,0.0434,0.0434,0.0,0.0,0.0,0.0,1.1274,0.0867,0.0,65,25,17,14,5,10,2,16,6,6,4,13,26,15,12,7,14,8,89,26,43,20,47,0,1243,108,38.46,82.35,57.69,108,54,50.0,47,37,59,26,2.8185,1.084,0.7371,0.6071,0.2168,0.4336,0.0867,0.6938,0.2602,0.2602,0.1734,0.5637,1.1274,0.6504,0.5203,0.3035,0.6071,0.3469,3.8591,1.1274,1.8645,0.8672,2.038,0.0,53.8977,4.683,4.683,2.3415,2.038,1.6044,2.5583,1.1274,18,23,1,2,0,0,0.7805,0.9973,0.0434,0.0867,0.0,0.0,72,2,12,1,58,1,2,0,34,1,38,1,1449.4400839823159,,8,20.13,3.122,0.0867,0.5203,0.0434,2.5149,0.0434,0.0867,0.0,1.4743,0.0434,1.6477,0.0434,62.8491,0.3469,49,20,17,0,0,23,,,40.82,2.1247,0.8672,0.7371,0.0,0.0,0.9973,0,0,0,0,0,0,0,,0.0,0.0,0.0,0.0,0.0,0.0,0.0,49,50,24,15,30,42,12,5,8,8,1,1,36,36,23,16,5,12,2.1247,2.168,1.0407,0.6504,1.3008,1.8212,0.5203,0.2168,0.3469,0.3469,0.0434,0.0434,1.561,1.561,0.9973,0.6938,0.2168,0.5203,2075.6,29,2000+,True,19.373,18.234,14.815,29.63,101.425,0.84,0.7906,0.6424,1.2848,4.3979,-0.705,0.201
7lpwkpwfw656re3pymntslv55,B. Adekanye,Go Ahead Eagles,500,347,165,182,0,50,40,213,161,237,146,283,209,164,113,53,25,42,17,33,13,44,12,9,3,0,0,69.4,40.48,39.39,80.0,75.59,61.6,73.85,68.9,47.17,27.27,33.33,,21.715,15.0702,7.166,7.9043,0.0,2.1715,1.7372,9.2506,6.9922,10.2929,6.3408,12.2907,9.0769,7.1225,4.9076,2.3018,1.0858,1.8241,0.7383,1.4332,0.5646,1.9109,0.5212,0.3909,0.1303,0.0,0.0,52,29,86,1202.9947987812957,24,13,13,76,42,13.0,2.2584,1.2595,3.735,52.2461,1.0423,0.5646,0.5646,3.3007,1.8241,0.5646,-0.804,-0.644,53,15,3,1,50,14,28.3,2.3018,0.6515,0.1303,0.0434,2.1715,0.608,431,118,32,7,0.0,60,9,1,0,0.0,9,3,0.0,0,0,0,0,0,0,22,4,0.0,18.7183,5.1247,1.3898,0.304,0.0,2.6058,0.3909,0.0434,0.0,0.0,0.3909,0.1303,0.0,0.0,0.0,0.0,0.0,0.0,0.0,0.9555,0.1737,0.0,123,49,19,11,6,10,3,6,0,6,0,12,30,8,10,2,20,6,104,42,44,18,34,0,813,93,39.84,57.89,26.67,172,68,39.53,34,48,60,21,5.3419,2.1281,0.8252,0.4777,0.2606,0.4343,0.1303,0.2606,0.0,0.2606,0.0,0.5212,1.3029,0.3474,0.4343,0.0869,0.8686,0.2606,4.5167,1.8241,1.9109,0.7817,1.4766,0.0,35.3086,4.039,7.47,2.9532,1.4766,2.0846,2.6058,0.912,23,44,0,4,1,0,0.9989,1.9109,0.0,0.1737,0.0434,0.0,46,0,38,0,5,0,3,0,27,0,19,0,873.5078083325135,,7,18.99,1.9978,0.0,1.6503,0.0,0.2172,0.0,0.1303,0.0,1.1726,0.0,0.8252,0.0,37.9364,0.304,0,0,2,0,0,1,,,,0.0,0.0,0.0869,0.0,0.0,0.0434,2,0,0,0,0,0,0,100.0,0.0869,0.0,0.0,0.0,0.0,0.0,0.0,28,24,18,14,24,22,8,10,3,3,0,0,22,24,18,14,8,11,1.216,1.0423,0.7817,0.608,1.0423,0.9555,0.3474,0.4343,0.1303,0.1303,0.0,0.0,0.9555,1.0423,0.7817,0.608,0.3474,0.4777,2072.3,30,2000+,True,17.405,5.496,10.993,27.482,95.271,0.7559,0.2387,0.4774,1.1935,4.1376,-0.802,-0.884
2ekx0fvuf0dsat062oj430d05,G. Nauber,Go Ahead Eagles,931,780,520,258,2,488,409,422,357,21,14,340,303,454,408,137,69,131,56,80,49,0,0,0,0,0,0,83.78,42.75,61.25,83.81,84.6,66.67,89.12,89.87,50.36,,,,40.8015,34.1839,22.7892,11.307,0.0877,21.3868,17.9246,18.4944,15.6457,0.9203,0.6136,14.9007,13.2791,19.8968,17.8808,6.0041,3.024,5.7411,2.4542,3.506,2.1474,0.0,0.0,0.0,0.0,0.0,0.0,111,58,102,1694.467326431474,1,0,0,112,58,0.0,4.8646,2.5419,4.4702,74.2608,0.0438,0.0,0.0,4.9085,2.5419,0.0,0.302,0.039,0,0,0,0,0,0,,0.0,0.0,0.0,0.0,0.0,0.0,610,17,4,1,0.0,13,2,0,0,0,0,0,0,2,1,0.0,0,0,0,2,0,0.0,26.7335,0.745,0.1753,0.0438,0.0,0.5697,0.0877,0.0,0.0,0.0,0.0,0.0,0.0,0.0877,0.0438,0.0,0.0,0.0,0.0,0.0877,0.0,0.0,8,4,16,8,6,9,1,16,12,4,0,110,42,22,28,13,14,9,80,48,28,4,1,1,1087,21,50.0,50.0,52.38,66,34,51.52,2,66,41,5,0.3506,0.1753,0.7012,0.3506,0.263,0.3944,0.0438,0.7012,0.5259,0.1753,0.0,4.8208,1.8407,0.9642,1.2271,0.5697,0.6136,0.3944,3.506,2.1036,1.2271,0.1753,0.0438,0.0438,47.6383,0.9203,2.8925,1.4901,0.0877,2.8925,1.7968,0.2191,8,6,11,3,0,0,0.3506,0.263,0.4821,0.1315,0.0,0.0,13,2,0,0,1,1,12,1,13,2,0,0,123.26916118722535,,3,9.48,0.5697,0.0877,0.0,0.0,0.0438,0.0438,0.5259,0.0438,0.5697,0.0877,0.0,0.0,5.4023,0.1315,0,0,39,0,0,2,,,,0.0,0.0,1.7092,0.0,0.0,0.0877,28,0,0,0,0,0,0,100.0,1.2271,0.0,0.0,0.0,0.0,0.0,0.0,61,50,3,1,5,8,7,9,7,9,1,1,5,8,4,0,9,7,2.6734,2.1913,0.1315,0.0438,0.2191,0.3506,0.3068,0.3944,0.3068,0.3944,0.0438,0.0438,0.2191,0.3506,0.1753,0.0,0.3944,0.3068,2053.6,27,2000+,True,14.657,14.657,100.768,38.475,73.286,0.6424,0.6424,4.4162,1.6862,3.2118,-0.932,-0.091
2ez3q7gik3lm5kp1cunfol52h,D. Oroz,SBV Vitesse,1030,800,536,261,3,410,306,577,464,43,30,391,331,463,395,176,74,183,74,107,53,0,0,9,1,0,0,77.67,40.44,49.53,74.63,80.42,69.77,84.65,85.31,42.05,,11.11,,45.6763,35.4767,23.7694,11.5743,0.133,18.1818,13.5698,25.5876,20.5765,1.9069,1.3304,17.3392,14.6785,20.5322,17.5166,7.8049,3.2816,8.1153,3.2816,4.745,2.3503,0.0,0.0,0.3991,0.0443,0.0,0.0,110,81,140,2201.7538883415873,3,1,0,113,82,0.0,4.878,3.592,6.2084,97.6388,0.133,0.0443,0.0,5.0111,3.6364,0.0,0.308,0.082,9,1,1,0,8,1,11.11,0.3991,0.0443,0.0443,0.0,0.3548,0.0443,682,23,6,0,0.0,14,0,0,0,0,1,0,0.0,1,0,0.0,0,0,0,4,0,0.0,30.2439,1.02,0.2661,0.0,0.0,0.6208,0.0,0.0,0.0,0.0,0.0443,0.0,0.0,0.0443,0.0,0.0,0.0,0.0,0.0,0.1774,0.0,0.0,5,4,34,22,27,5,2,30,13,15,2,79,81,45,49,32,32,13,104,63,40,1,7,1,1178,23,80.0,64.71,55.56,120,71,59.17,8,103,60,5,0.2217,0.1774,1.5078,0.9756,1.1973,0.2217,0.0887,1.3304,0.5765,0.6652,0.0887,3.5033,3.592,1.9956,2.1729,1.4191,1.4191,0.5765,4.612,2.7938,1.7738,0.0443,0.3104,0.0443,52.2395,1.02,5.3215,3.1486,0.3548,4.5676,2.6608,0.2217,26,9,15,9,0,0,1.153,0.3991,0.6652,0.3991,0.0,0.0,19,2,2,0,5,1,12,1,16,1,3,1,324.0809168593511,,2,17.06,0.8426,0.0887,0.0887,0.0,0.2217,0.0443,0.5322,0.0443,0.7095,0.0443,0.133,0.0443,14.3717,0.0887,1,1,25,0,0,45,,,100.0,0.0443,0.0443,1.1086,0.0,0.0,1.9956,12,0,0,0,0,0,0,100.0,0.5322,0.0,0.0,0.0,0.0,0.0,0.0,56,54,3,3,7,12,14,20,16,14,0,2,7,12,3,3,19,15,2.4834,2.3947,0.133,0.133,0.3104,0.5322,0.6208,0.8869,0.7095,0.6208,0.0,0.0887,0.3104,0.5322,0.133,0.133,0.8426,0.6652,2029.5,27,2000+,True,34.282,30.249,79.656,81.673,104.864,1.5203,1.3414,3.5324,3.6219,4.6503,0.074,1.283
b2h6iojtnu8rzb81vw4rbfrop,G. Cox,FC Volendam,985,697,298,396,3,247,146,520,409,218,142,409,328,348,272,228,97,272,117,58,22,66,16,1,0,0,0,70.76,43.01,37.93,59.11,78.65,65.14,80.2,78.16,42.54,24.24,0.0,,43.8167,31.0053,13.2562,17.6157,0.1335,10.9875,6.4947,23.1317,18.194,9.6975,6.3167,18.194,14.5907,15.4804,12.0996,10.1423,4.3149,12.0996,5.2046,2.5801,0.9786,2.9359,0.7117,0.0445,0.0,0.0,0.0,116,79,118,1706.9802711030945,8,6,1,124,85,1.0,5.1601,3.5142,5.2491,75.9333,0.3559,0.2669,0.0445,5.516,3.7811,0.0445,0.427,0.297,67,16,56,10,11,6,23.88,2.9804,0.7117,2.4911,0.4448,0.4893,0.2669,569,40,21,3,0.0,32,4,0,0,0,13,2,0.0,0,0,0,0,0,0,8,1,0.0,25.3114,1.7794,0.9342,0.1335,0.0,1.4235,0.1779,0.0,0.0,0.0,0.5783,0.089,0.0,0.0,0.0,0.0,0.0,0.0,0.0,0.3559,0.0445,0.0,22,13,44,29,30,9,5,36,14,19,3,66,36,20,25,15,11,5,111,57,44,10,11,1,1132,11,59.09,65.91,55.56,102,62,60.78,12,101,72,18,0.9786,0.5783,1.9573,1.29,1.3345,0.4004,0.2224,1.6014,0.6228,0.8452,0.1335,2.9359,1.6014,0.8897,1.1121,0.6673,0.4893,0.2224,4.9377,2.5356,1.9573,0.4448,0.4893,0.0445,50.3559,0.4893,4.5374,2.758,0.5338,4.4929,3.2028,0.8007,11,15,6,3,0,0,0.4893,0.6673,0.2669,0.1335,0.0,0.0,9,0,7,0,1,0,1,0,4,0,5,0,198.63888222323425,,3,22.07,0.4004,0.0,0.3114,0.0,0.0445,0.0,0.0445,0.0,0.1779,0.0,0.2224,0.0,8.8362,0.1335,9,4,12,0,0,134,,,44.44,0.4004,0.1779,0.5338,0.0,0.0,5.9609,12,0,0,0,0,0,0,100.0,0.5338,0.0,0.0,0.0,0.0,0.0,0.0,63,53,11,10,5,4,30,14,21,15,0,0,5,4,12,9,15,29,2.8025,2.3577,0.4893,0.4448,0.2224,0.1779,1.3345,0.6228,0.9342,0.6673,0.0,0.0,0.2224,0.1779,0.5338,0.4004,0.6673,1.29,2023.2,23,2000+,True,37.483,30.668,56.225,30.668,94.559,1.6674,1.3642,2.5011,1.3642,4.2064,0.243,1.328
e8wfxueczkhrj92rytelw5vx1,M. Kramer,RKC Waalwijk,385,261,97,164,0,26,21,208,143,151,97,256,170,115,84,14,7,8,4,108,46,1,0,2,0,0,0,67.79,50.0,42.59,80.77,68.75,64.24,66.41,73.04,50.0,0.0,0.0,,17.2337,11.6831,4.342,7.3411,0.0,1.1638,0.94,9.3107,6.4011,6.7592,4.342,11.4593,7.6097,5.1477,3.7601,0.6267,0.3133,0.3581,0.1791,4.8344,2.0591,0.0448,0.0,0.0895,0.0,0.0,0.0,25,18,28,314.30288372316755,4,5,3,29,23,3.0,1.1191,0.8057,1.2534,14.0691,0.1791,0.2238,0.1343,1.2981,1.0295,0.1343,-1.288,-1.496,3,0,1,0,2,0,0.0,0.1343,0.0,0.0448,0.0,0.0895,0.0,335,204,18,0,0.0,30,1,0,0,0,0,0,0,1,0,0.0,0,0,0,17,0,0.0,14.9955,9.1316,0.8057,0.0,0.0,1.3429,0.0448,0.0,0.0,0.0,0.0,0.0,0.0,0.0448,0.0,0.0,0.0,0.0,0.0,0.761,0.0,0.0,12,5,4,2,0,4,0,0,0,0,0,32,144,72,28,14,116,58,34,11,14,9,8,0,527,72,41.67,50.0,50.0,160,79,49.38,8,11,18,9,0.5372,0.2238,0.1791,0.0895,0.0,0.1791,0.0,0.0,0.0,0.0,0.0,1.4324,6.4458,3.2229,1.2534,0.6267,5.1925,2.5962,1.5219,0.4924,0.6267,0.4029,0.3581,0.0,23.59,3.2229,7.162,3.5363,0.3581,0.4924,0.8057,0.4029,19,16,0,4,0,0,0.8505,0.7162,0.0,0.1791,0.0,0.0,36,8,2,0,21,8,13,0,33,7,3,1,398.07118133804755,,8,11.06,1.6115,0.3581,0.0895,0.0,0.94,0.3581,0.5819,0.0,1.4772,0.3133,0.1343,0.0448,17.8188,0.3581,0,0,0,0,0,2,,,,0.0,0.0,0.0,0.0,0.0,0.0895,4,0,0,0,0,0,0,100.0,0.1791,0.0,0.0,0.0,0.0,0.0,0.0,10,15,6,12,13,23,1,3,0,0,4,4,21,15,7,11,4,0,0.4476,0.6714,0.2686,0.5372,0.5819,1.0295,0.0448,0.1343,0.0,0.0,0.1791,0.1791,0.94,0.6714,0.3133,0.4924,0.1791,0.0,2010.6,29,2000+,True,3.656,0.0,29.25,131.625,31.078,0.1637,0.0,1.3093,5.8919,1.3911,-1.48,-1.353
e0cy0gwf04lohf0xjef0af8fe,Igor Paixão,Feyenoord Rotterdam,788,566,175,390,1,36,18,214,168,538,380,444,363,246,155,98,48,88,40,35,12,8,3,135,41,0,0,71.83,45.45,34.29,50.0,78.5,70.63,81.76,63.01,48.98,37.5,30.37,,35.3363,25.3812,7.8475,17.4888,0.0448,1.6143,0.8072,9.5964,7.5336,24.1256,17.0404,19.9103,16.278,11.0314,6.9507,4.3946,2.1525,3.9462,1.7937,1.5695,0.5381,0.3587,0.1345,6.0538,1.8386,0.0,0.0,89,13,94,1301.535908817355,29,19,9,118,32,9.0,3.991,0.583,4.2152,58.3648,1.3004,0.852,0.4036,5.2915,1.435,0.4036,-0.069,0.202,143,44,71,22,72,22,30.77,6.4126,1.9731,3.1839,0.9865,3.2287,0.9865,598,129,63,3,0.0,106,7,2,0,0.0,35,1,0.0,2,0,0.0,3,0,0.0,21,2,0.0,26.8161,5.7848,2.8251,0.1345,0.0,4.7534,0.3139,0.0897,0.0,0.0,1.5695,0.0448,0.0,0.0897,0.0,0.0,0.1345,0.0,0.0,0.9417,0.0897,0.0,69,29,22,15,5,10,7,9,3,4,2,18,42,21,17,6,25,15,72,16,41,15,18,1,1030,110,42.03,68.18,50.0,133,65,48.87,19,24,55,24,3.0942,1.3004,0.9865,0.6726,0.2242,0.4484,0.3139,0.4036,0.1345,0.1794,0.0897,0.8072,1.8834,0.9417,0.7623,0.2691,1.1211,0.6726,3.2287,0.7175,1.8386,0.6726,0.8072,0.0448,46.1883,4.9327,5.9641,2.9148,0.852,1.0762,2.4664,1.0762,15,38,0,3,0,0,0.6726,1.704,0.0,0.1345,0.0,0.0,72,9,8,0,56,8,8,1,41,5,31,4,1365.4539254836866,,12,18.96,3.2287,0.4036,0.3587,0.0,2.5112,0.3587,0.3587,0.0448,1.8386,0.2242,1.3901,0.1794,61.2311,0.5381,72,38,19,0,0,14,,,52.78,3.2287,1.704,0.852,0.0,0.0,0.6278,0,0,0,0,0,0,0,,0.0,0.0,0.0,0.0,0.0,0.0,0.0,44,45,25,38,41,31,12,10,4,5,7,2,48,24,40,23,12,10,1.9731,2.0179,1.1211,1.704,1.8386,1.3901,0.5381,0.4484,0.1794,0.2242,0.3139,0.0897,2.1525,1.0762,1.7937,1.0314,0.5381,0.4484,2007.0,31,2000+,True,28.787,11.777,23.553,54.957,94.212,1.2909,0.5281,1.0562,2.4644,4.2248,-0.189,-0.315
f2ibn3ej2doay3b4u8ezeix62,D. Ramaj,AFC Ajax,1007,767,760,6,1,997,762,10,5,0,0,204,202,342,327,461,238,430,202,2,1,0,0,0,0,0,0,76.17,46.98,50.0,76.43,50.0,,99.02,95.61,51.63,,,,45.2133,34.4375,34.1232,0.2694,0.0449,44.7643,34.213,0.449,0.2245,0.0,0.0,9.1594,9.0696,15.3555,14.682,20.6984,10.686,19.3066,9.0696,0.0898,0.0449,0.0,0.0,0.0,0.0,0.0,0.0,118,14,109,1884.1716377572097,0,0,0,118,14,0.0,5.2981,0.6286,4.894,84.5974,0.0,0.0,0.0,5.2981,0.6286,0.0,0.486,0.204,0,0,0,0,0,0,,0.0,0.0,0.0,0.0,0.0,0.0,547,0,1,0,0.0,6,1,0,0,0,0,0,0,0,0,0,0,0,0,1,0,0.0,24.5597,0.0,0.0449,0.0,0.0,0.2694,0.0449,0.0,0.0,0.0,0.0,0.0,0.0,0.0,0.0,0.0,0.0,0.0,0.0,0.0449,0.0,0.0,0,0,0,0,0,0,0,0,0,0,0,7,11,8,11,8,0,0,35,34,1,0,1,3,1017,0,,,72.73,11,8,72.73,4,34,1,0,0.0,0.0,0.0,0.0,0.0,0.0,0.0,0.0,0.0,0.0,0.0,0.3143,0.4939,0.3592,0.4939,0.3592,0.0,0.0,1.5715,1.5266,0.0449,0.0,0.0449,0.1347,45.6623,0.0,0.4939,0.3592,0.1796,1.5266,0.0449,0.0,0,2,0,0,0,0,0.0,0.0898,0.0,0.0,0.0,0.0,0,0,0,0,0,0,0,0,0,0,0,0,0,,0,,0.0,0.0,0.0,0.0,0.0,0.0,0.0,0.0,0.0,0.0,0.0,0.0,0.0,0.0,0,0,26,0,0,0,,,,0.0,0.0,1.1674,0.0,0.0,0.0,69,21,7,142,4,1,12,100.0,3.098,0.9429,0.3143,6.3757,0.1796,0.0449,0.5388,59,59,0,1,0,0,0,0,0,0,0,0,0,0,0,1,0,0,2.649,2.649,0.0,0.0449,0.0,0.0,0.0,0.0,0.0,0.0,0.0,0.0,0.0,0.0,0.0,0.0449,0.0,0.0,2004.5,22,2000+,True,0.0,0.0,8.689,13.653,43.443,0.0,0.0,0.3901,0.613,1.9505,-1.668,-1.353
913pg8qqcjp99h5fjybbenob9,P. Sandler,Nijmegen Eendracht Combinatie,1264,1151,798,348,5,531,480,707,649,26,22,413,385,662,620,189,146,180,126,71,41,1,1,1,1,0,0,91.06,70.0,57.75,90.4,91.8,84.62,93.22,93.66,77.25,100.0,100.0,,57.0655,51.9639,36.0271,15.7111,0.2257,23.9729,21.6704,31.9187,29.3002,1.1738,0.9932,18.6456,17.3815,29.8871,27.991,8.5327,6.5914,8.1264,5.6885,3.2054,1.851,0.0451,0.0451,0.0451,0.0451,0.0,0.0,147,98,141,2197.8704597929172,5,2,0,152,100,0.0,6.6366,4.4244,6.3657,99.2267,0.2257,0.0903,0.0,6.8623,4.5147,0.0,1.054,0.869,2,2,0,0,2,2,100.0,0.0903,0.0903,0.0,0.0,0.0903,0.0903,856,12,12,1,0.0,31,4,0,0,0,1,0,0.0,1,0,0.0,0,0,0,10,1,0.0,38.6456,0.5418,0.5418,0.0451,0.0,1.3995,0.1806,0.0,0.0,0.0,0.0451,0.0,0.0,0.0451,0.0,0.0,0.0,0.0,0.0,0.4515,0.0451,0.0,12,5,24,14,16,8,0,17,9,8,0,89,68,46,58,40,10,6,92,58,32,2,4,1,1414,12,41.67,58.33,67.65,104,65,62.5,5,83,48,2,0.5418,0.2257,1.0835,0.6321,0.7223,0.3612,0.0,0.7675,0.4063,0.3612,0.0,4.0181,3.07,2.0767,2.6185,1.8059,0.4515,0.2709,4.1535,2.6185,1.4447,0.0903,0.1806,0.0451,63.8375,0.5418,4.6953,2.9345,0.2257,3.7472,2.167,0.0903,19,10,4,3,0,0,0.8578,0.4515,0.1806,0.1354,0.0,0.0,8,0,0,0,3,0,5,0,8,0,0,0,102.53224972993661,,1,12.82,0.3612,0.0,0.0,0.0,0.1354,0.0,0.2257,0.0,0.3612,0.0,0.0,0.0,4.629,0.0451,1,1,36,0,0,1,,,100.0,0.0451,0.0451,1.6253,0.0,0.0,0.0451,21,0,0,0,0,0,0,100.0,0.9481,0.0,0.0,0.0,0.0,0.0,0.0,94,53,7,5,4,4,14,10,5,12,0,0,5,3,5,7,9,15,4.2438,2.3928,0.316,0.2257,0.1806,0.1806,0.6321,0.4515,0.2257,0.5418,0.0,0.0,0.2257,0.1354,0.2257,0.316,0.4063,0.6772,1993.5,24,1500-2000,True,23.22,16.448,86.108,65.79,89.011,1.0483,0.7426,3.8875,2.9702,4.0186,-0.467,0.106
14csdlb8p0tnj6zqrs148ct1w,J. Ritmeester van de Kamp,Almere City FC,695,495,236,257,2,107,65,341,250,247,180,417,310,224,156,54,29,67,28,80,41,1,0,9,0,0,0,71.22,41.79,51.25,60.75,73.31,72.87,74.34,69.64,53.7,0.0,0.0,,31.5018,22.4365,10.697,11.6489,0.0907,4.8499,2.9462,15.4563,11.3316,11.1956,8.1587,18.9011,14.0512,10.1531,7.0709,2.4476,1.3145,3.0369,1.2691,3.6261,1.8584,0.0453,0.0,0.4079,0.0,0.0,0.0,61,42,84,1027.637804323307,10,16,4,71,58,4.0,2.7649,1.9037,3.8074,46.5791,0.4533,0.7252,0.1813,3.2182,2.6289,0.1813,-0.589,-0.68,10,0,3,0,7,0,0.0,0.4533,0.0,0.136,0.0,0.3173,0.0,400,50,22,1,0.0,45,4,1,0,0.0,0,0,0,2,0,0.0,0,0,0,19,1,0.0,18.1305,2.2663,0.9972,0.0453,0.0,2.0397,0.1813,0.0453,0.0,0.0,0.0,0.0,0.0,0.0907,0.0,0.0,0.0,0.0,0.0,0.8612,0.0453,0.0,33,22,50,32,20,21,9,35,10,17,8,31,54,25,18,10,36,15,123,37,66,20,12,0,833,48,66.67,64.0,46.3,137,79,57.66,12,67,104,37,1.4958,0.9972,2.2663,1.4504,0.9065,0.9519,0.4079,1.5864,0.4533,0.7705,0.3626,1.4051,2.4476,1.1332,0.8159,0.4533,1.6317,0.6799,5.5751,1.6771,2.9915,0.9065,0.5439,0.0,37.7568,2.1757,6.2097,3.5808,0.5439,3.0369,4.7139,1.6771,19,17,1,1,0,0,0.8612,0.7705,0.0453,0.0453,0.0,0.0,15,2,4,1,10,1,1,0,11,2,4,0,272.3916378188984,,3,18.16,0.6799,0.0907,0.1813,0.0453,0.4533,0.0453,0.0453,0.0,0.4986,0.0907,0.1813,0.0,12.3465,0.136,0,0,2,0,0,45,,,,0.0,0.0,0.0907,0.0,0.0,2.0397,5,0,0,0,0,0,0,100.0,0.2266,0.0,0.0,0.0,0.0,0.0,0.0,30,31,14,8,5,10,27,23,19,16,1,1,8,7,14,8,28,22,1.3598,1.4051,0.6346,0.3626,0.2266,0.4533,1.2238,1.0425,0.8612,0.7252,0.0453,0.0453,0.3626,0.3173,0.6346,0.3626,1.2691,0.9972,1985.6,30,1500-2000,True,44.61,31.227,27.658,48.178,109.74,2.022,1.4154,1.2536,2.1837,4.9741,0.649,1.428
6jhavdnaitqn6ydme8a526aui,C. Driouech,SBV Excelsior,674,461,176,284,1,95,58,275,224,304,179,346,260,238,156,90,45,91,44,25,16,35,6,47,10,0,0,68.4,48.35,64.0,61.05,81.45,58.88,75.14,65.55,50.0,17.14,21.28,,30.6209,20.944,7.996,12.9026,0.0454,4.316,2.635,12.4937,10.1767,13.8112,8.1323,15.7193,11.8122,10.8127,7.0873,4.0888,2.0444,4.1343,1.999,1.1358,0.7269,1.5901,0.2726,2.1353,0.4543,0.0,0.0,70,33,110,1605.3675207478652,33,19,8,103,52,8.0,3.1802,1.4992,4.9975,72.9344,1.4992,0.8632,0.3635,4.6795,2.3624,0.3635,-0.413,-0.058,82,16,50,8,32,8,19.51,3.7254,0.7269,2.2716,0.3635,1.4538,0.3635,465,125,35,6,0.0,61,12,2,2,0.0,11,0,0.0,0,0,0,0,0,0,22,4,0.0,21.1257,5.679,1.5901,0.2726,0.0,2.7713,0.5452,0.0909,0.0909,0.0,0.4997,0.0,0.0,0.0,0.0,0.0,0.0,0.0,0.0,0.9995,0.1817,0.0,116,60,36,26,23,12,1,15,3,10,2,27,23,3,4,1,19,2,144,71,60,13,29,0,983,78,51.72,72.22,13.04,175,89,50.86,29,97,82,16,5.2701,2.7259,1.6355,1.1812,1.0449,0.5452,0.0454,0.6815,0.1363,0.4543,0.0909,1.2267,1.0449,0.1363,0.1817,0.0454,0.8632,0.0909,6.5422,3.2256,2.7259,0.5906,1.3175,0.0,44.6593,3.5437,7.9505,4.0434,1.3175,4.4069,3.7254,0.7269,28,26,0,4,0,0,1.2721,1.1812,0.0,0.1817,0.0,0.0,49,6,6,1,41,5,2,0,27,5,22,1,981.6220215892687,,12,20.03,2.2261,0.2726,0.2726,0.0454,1.8627,0.2272,0.0909,0.0,1.2267,0.2272,0.9995,0.0454,44.5967,0.5452,1,0,4,0,0,29,,,0.0,0.0454,0.0,0.1817,0.0,0.0,1.3175,4,0,0,0,0,0,0,100.0,0.1817,0.0,0.0,0.0,0.0,0.0,0.0,39,31,16,19,27,22,23,13,6,9,3,3,28,21,18,17,16,20,1.7718,1.4084,0.7269,0.8632,1.2267,0.9995,1.0449,0.5906,0.2726,0.4089,0.1363,0.1363,1.2721,0.9541,0.8178,0.7723,0.7269,0.9086,1981.0,26,1500-2000,True,33.057,13.774,24.793,21.12,132.229,1.5018,0.6258,1.1264,0.9595,6.0074,0.053,-0.123
7xpi2r1fiagfmhbh0lal8zey2,A. Boutrah,SBV Vitesse,730,587,223,359,5,68,60,356,310,306,217,471,388,201,163,58,36,48,30,13,4,10,2,27,3,0,0,80.41,62.5,30.77,88.24,87.08,70.92,82.38,81.09,62.07,20.0,11.11,,33.1801,26.6805,10.1359,16.3174,0.2273,3.0908,2.7271,16.181,14.0902,13.9084,9.8631,21.408,17.6355,9.1359,7.4087,2.6362,1.6363,2.1817,1.3636,0.5909,0.1818,0.4545,0.0909,1.2272,0.1364,0.0,0.0,46,49,127,1876.4187211787432,42,23,16,88,72,16.0,2.0908,2.2272,5.7724,85.2875,1.909,1.0454,0.7272,3.9998,3.2726,0.7272,-0.875,-0.347,37,5,36,5,1,0,13.51,1.6817,0.2273,1.6363,0.2273,0.0455,0.0,594,114,28,2,0.0,53,4,1,1,0.0,2,0,0.0,0,0,0,0,0,0,25,1,0.0,26.9986,5.1816,1.2727,0.0909,0.0,2.409,0.1818,0.0455,0.0455,0.0,0.0909,0.0,0.0,0.0,0.0,0.0,0.0,0.0,0.0,1.1363,0.0455,0.0,86,31,16,11,7,6,3,15,6,6,3,7,23,3,12,2,11,1,109,41,50,18,30,1,964,87,36.05,68.75,13.04,125,45,36.0,31,54,62,24,3.9089,1.409,0.7272,0.5,0.3182,0.2727,0.1364,0.6818,0.2727,0.2727,0.1364,0.3182,1.0454,0.1364,0.5454,0.0909,0.5,0.0455,4.9543,1.8635,2.2726,0.8181,1.3636,0.0455,43.816,3.9543,5.6815,2.0454,1.409,2.4544,2.818,1.0909,15,31,0,3,0,0,0.6818,1.409,0.0,0.1364,0.0,0.0,44,3,12,0,32,3,0,0,30,3,14,0,854.2853798953702,,5,19.42,1.9999,0.1364,0.5454,0.0,1.4545,0.1364,0.0,0.0,1.3636,0.1364,0.6363,0.0,38.8292,0.2273,3,1,2,0,0,9,,,33.33,0.1364,0.0455,0.0909,0.0,0.0,0.4091,3,0,0,0,0,0,0,100.0,0.1364,0.0,0.0,0.0,0.0,0.0,0.0,22,24,10,18,19,25,8,8,10,5,3,0,24,20,13,15,9,7,0.9999,1.0909,0.4545,0.8181,0.8636,1.1363,0.3636,0.3636,0.4545,0.2273,0.1364,0.0,1.0909,0.909,0.5909,0.6818,0.4091,0.3182,1980.1,29,1500-2000,True,16.133,15.125,7.058,23.191,109.905,0.7333,0.6875,0.3208,1.0541,4.9954,-0.828,-0.002
6p6sdikmka45csxfw0i0q0l3p,E. Hansson,Heracles Almelo,706,524,205,314,5,96,73,236,193,374,258,441,355,214,140,51,29,51,27,8,3,30,11,53,17,0,0,74.22,52.94,37.5,76.04,81.78,68.98,80.5,65.42,56.86,36.67,32.08,,32.1201,23.8399,9.3267,14.2857,0.2275,4.3676,3.3212,10.737,8.7807,17.0155,11.7379,20.0637,16.151,9.7361,6.3694,2.3203,1.3194,2.3203,1.2284,0.364,0.1365,1.3649,0.5005,2.4113,0.7734,0.0,0.0,81,37,96,1229.5623155490669,22,18,10,103,55,10.0,3.6852,1.6833,4.3676,55.9401,1.0009,0.8189,0.455,4.6861,2.5023,0.455,-0.199,-0.056,83,28,80,27,3,1,33.73,3.7762,1.2739,3.6397,1.2284,0.1365,0.0455,528,79,37,7,0.0,65,10,0,0,0,21,5,0.0,0,0,0,0,0,0,16,2,0.0,24.0218,3.5942,1.6833,0.3185,0.0,2.9572,0.455,0.0,0.0,0.0,0.9554,0.2275,0.0,0.0,0.0,0.0,0.0,0.0,0.0,0.7279,0.091,0.0,91,26,13,6,6,2,5,1,0,1,0,16,8,0,6,0,2,0,129,69,45,15,15,0,919,66,28.57,46.15,0.0,112,32,28.57,15,75,48,20,4.1401,1.1829,0.5914,0.273,0.273,0.091,0.2275,0.0455,0.0,0.0455,0.0,0.7279,0.364,0.0,0.273,0.0,0.091,0.0,5.869,3.1392,2.0473,0.6824,0.6824,0.0,41.8107,3.0027,5.0955,1.4559,0.6824,3.4122,2.1838,0.9099,8,5,0,2,0,0,0.364,0.2275,0.0,0.091,0.0,0.0,30,5,0,0,30,5,0,0,19,3,11,2,584.6760594158039,,12,19.49,1.3649,0.2275,0.0,0.0,1.3649,0.2275,0.0,0.0,0.8644,0.1365,0.5005,0.091,26.6004,0.546,6,4,4,0,0,14,,,66.67,0.273,0.182,0.182,0.0,0.0,0.6369,0,0,0,0,0,0,0,,0.0,0.0,0.0,0.0,0.0,0.0,0.0,35,46,15,22,13,17,5,8,0,1,3,2,18,12,25,12,8,5,1.5924,2.0928,0.6824,1.0009,0.5914,0.7734,0.2275,0.364,0.0,0.0455,0.1365,0.091,0.8189,0.546,1.1374,0.546,0.364,0.2275,1978.2,24,1500-2000,True,12.084,0.93,14.873,7.436,119.91,0.5498,0.0423,0.6767,0.3383,5.4554,-1.038,-1.27
alfx6xxo38q6hmydbcr0rw67e,S. Hansen,Nijmegen Eendracht Combinatie,518,365,136,227,2,56,37,193,144,269,184,329,235,168,119,21,11,19,11,27,10,15,3,25,4,0,0,70.46,57.89,37.04,66.07,74.61,68.4,71.43,70.83,52.38,20.0,16.0,,23.623,16.6456,6.2022,10.3522,0.0912,2.5538,1.6874,8.8016,6.567,12.2675,8.3912,15.0038,10.717,7.6615,5.4269,0.9577,0.5016,0.8665,0.5016,1.2313,0.456,0.6841,0.1368,1.1401,0.1824,0.0,0.0,38,7,91,1135.3649800359174,21,13,7,59,20,7.0,1.733,0.3192,4.15,51.7775,0.9577,0.5929,0.3192,2.6907,0.9121,0.3192,-1.027,-0.904,40,7,30,5,10,2,17.5,1.8242,0.3192,1.3681,0.228,0.456,0.0912,428,110,34,5,0.0,69,13,1,0,0.0,7,2,0.0,1,0,0.0,0,0,0,25,3,0.0,19.5186,5.0165,1.5505,0.228,0.0,3.1467,0.5929,0.0456,0.0,0.0,0.3192,0.0912,0.0,0.0456,0.0,0.0,0.0,0.0,0.0,1.1401,0.1368,0.0,111,43,31,16,10,12,9,6,2,3,1,15,41,15,13,6,28,9,94,32,41,21,33,0,794,104,38.74,51.61,36.59,183,74,40.44,33,44,56,31,5.0621,1.961,1.4137,0.7297,0.456,0.5473,0.4104,0.2736,0.0912,0.1368,0.0456,0.6841,1.8698,0.6841,0.5929,0.2736,1.2769,0.4104,4.2868,1.4593,1.8698,0.9577,1.5049,0.0,36.2098,4.7428,8.3456,3.3747,1.5049,2.0066,2.5538,1.4137,11,24,0,3,0,0,0.5016,1.0945,0.0,0.1368,0.0,0.0,28,6,10,1,16,5,2,0,23,5,5,1,440.54468623047273,,11,15.73,1.2769,0.2736,0.456,0.0456,0.7297,0.228,0.0912,0.0,1.0489,0.228,0.228,0.0456,20.0907,0.5016,2,2,1,0,0,5,,,100.0,0.0912,0.0912,0.0456,0.0,0.0,0.228,0,0,0,0,0,0,0,,0.0,0.0,0.0,0.0,0.0,0.0,0.0,22,16,23,11,16,12,19,12,4,2,3,3,9,19,19,15,13,18,1.0033,0.7297,1.0489,0.5016,0.7297,0.5473,0.8665,0.5473,0.1824,0.0912,0.1368,0.1368,0.4104,0.8665,0.8665,0.6841,0.5929,0.8209,1973.5,33,1500-2000,True,29.993,5.805,14.513,39.668,90.946,1.3678,0.2647,0.6619,1.809,4.1475,-0.1,-0.833
9jofs3271wn4cwlkj9hfay7vu,T. Barbet,Almere City FC,767,549,419,128,2,351,248,358,258,58,43,305,237,328,260,134,52,164,60,125,63,4,0,0,0,0,0,71.58,36.59,50.4,70.66,72.07,74.14,77.7,79.27,38.81,0.0,,,35.1996,25.195,19.229,5.8743,0.0918,16.1083,11.3814,16.4296,11.8403,2.6618,1.9734,13.9972,10.8765,15.0528,11.9321,6.1496,2.3864,7.5264,2.7536,5.7366,2.8912,0.1836,0.0,0.0,0.0,0.0,0.0,111,70,82,1180.8002054971719,3,3,1,114,73,1.0,5.0941,3.2125,3.7632,54.19,0.1377,0.1377,0.0459,5.2318,3.3502,0.0459,0.399,0.176,4,0,4,0,0,0,0.0,0.1836,0.0,0.1836,0.0,0.0,0.0,403,13,11,1,0.0,18,2,1,1,0.0,0,0,0,0,0,0,2,0,0.0,8,0,0.0,18.4947,0.5966,0.5048,0.0459,0.0,0.8261,0.0918,0.0459,0.0459,0.0,0.0,0.0,0.0,0.0,0.0,0.0,0.0918,0.0,0.0,0.3671,0.0,0.0,13,8,22,11,13,6,3,24,12,12,0,82,80,39,53,26,27,13,114,69,42,3,9,0,922,18,61.54,50.0,48.75,115,58,50.43,9,94,60,6,0.5966,0.3671,1.0096,0.5048,0.5966,0.2754,0.1377,1.1014,0.5507,0.5507,0.0,3.7632,3.6714,1.7898,2.4323,1.1932,1.2391,0.5966,5.2318,3.1666,1.9275,0.1377,0.413,0.0,42.313,0.8261,5.2777,2.6618,0.413,4.3139,2.7536,0.2754,23,25,13,4,0,0,1.0555,1.1473,0.5966,0.1836,0.0,0.0,7,0,3,0,0,0,4,0,5,0,2,0,109.89480687987663,,1,15.7,0.3212,0.0,0.1377,0.0,0.0,0.0,0.1836,0.0,0.2295,0.0,0.0918,0.0,5.0434,0.0459,0,0,13,0,0,50,,,,0.0,0.0,0.5966,0.0,0.0,2.2946,9,0,0,0,0,0,0,100.0,0.413,0.0,0.0,0.0,0.0,0.0,0.0,49,62,3,8,5,2,8,14,12,12,0,0,2,5,5,6,12,10,2.2487,2.8453,0.1377,0.3671,0.2295,0.0918,0.3671,0.6425,0.5507,0.5507,0.0,0.0,0.0918,0.2295,0.2295,0.2754,0.5507,0.4589,1961.1,29,1500-2000,True,19.628,21.413,73.16,71.375,101.71,0.9008,0.9827,3.3575,3.2756,4.6677,-0.636,0.578
a46irqckxabod18j2c0qfixre,K. Goudmijn,Alkmaar Zaanstreek,1009,820,500,316,4,167,124,578,498,264,198,442,361,407,352,160,107,138,86,42,18,1,0,43,14,0,0,81.27,62.32,42.86,74.25,86.16,75.0,81.67,86.49,66.88,0.0,32.56,,46.4763,37.7706,23.0309,14.5555,0.1842,7.6923,5.7117,26.6237,22.9387,12.1603,9.1202,20.3593,16.6283,18.7471,16.2137,7.3699,4.9286,6.3565,3.9613,1.9346,0.8291,0.0461,0.0,1.9807,0.6449,0.0,0.0,156,134,178,2176.547657761681,25,10,5,181,144,5.0,7.1856,6.1723,8.199,100.2555,1.1515,0.4606,0.2303,8.3372,6.6329,0.2303,1.287,1.496,44,14,19,5,25,9,31.82,2.0267,0.6449,0.8752,0.2303,1.1515,0.4146,735,50,30,3,0.0,50,6,0,0,0,8,2,0.0,0,0,0,0,0,0,22,1,0.0,33.8554,2.3031,1.3819,0.1382,0.0,2.3031,0.2764,0.0,0.0,0.0,0.3685,0.0921,0.0,0.0,0.0,0.0,0.0,0.0,0.0,1.0134,0.0461,0.0,98,47,41,20,18,17,6,13,9,4,0,18,25,9,18,6,7,3,135,52,74,9,25,0,1225,23,47.96,48.78,36.0,164,76,46.34,25,79,95,15,4.514,2.1649,1.8885,0.9212,0.8291,0.783,0.2764,0.5988,0.4146,0.1842,0.0,0.8291,1.1515,0.4146,0.8291,0.2764,0.3224,0.1382,6.2183,2.3952,3.4086,0.4146,1.1515,0.0,56.4256,1.0594,7.5541,3.5007,1.1515,3.6389,4.3759,0.6909,15,32,0,3,0,0,0.6909,1.474,0.0,0.1382,0.0,0.0,22,0,5,0,16,0,1,0,8,0,14,0,491.623640315728,,3,22.35,1.0134,0.0,0.2303,0.0,0.737,0.0,0.0461,0.0,0.3685,0.0,0.6449,0.0,22.645,0.1382,10,5,19,0,0,21,,,50.0,0.4606,0.2303,0.8752,0.0,0.0,0.9673,4,0,0,0,0,0,0,100.0,0.1842,0.0,0.0,0.0,0.0,0.0,0.0,64,92,9,21,10,12,18,23,11,2,0,0,13,9,18,12,17,24,2.948,4.2377,0.4146,0.9673,0.4606,0.5527,0.8291,1.0594,0.5067,0.0921,0.0,0.0,0.5988,0.4146,0.8291,0.5527,0.783,1.1055,1953.9,26,1500-2000,True,44.99,14.265,19.752,27.433,148.137,2.0723,0.6571,0.9098,1.2636,6.8234,0.707,-0.062
ewwo2c7kw1b1okrngjl4j4dm1,S. Lammers,FC Utrecht,476,308,157,148,3,16,9,245,153,215,146,326,212,131,86,19,10,17,9,80,31,8,3,4,1,0,0,64.71,52.94,38.75,56.25,62.45,67.91,65.03,65.65,52.63,37.5,25.0,,21.9884,14.2278,7.2525,6.8367,0.1386,0.7391,0.4157,11.3176,7.0677,9.9317,6.7443,15.0593,9.7932,6.0514,3.9727,0.8777,0.4619,0.7853,0.4157,3.6955,1.432,0.3696,0.1386,0.1848,0.0462,0.0,0.0,43,33,68,793.8799695227547,14,6,12,57,39,12.0,1.9863,1.5244,3.1412,36.6726,0.6467,0.2772,0.5543,2.6331,1.8016,0.5543,-0.92,-0.928,12,4,8,3,4,1,33.33,0.5543,0.1848,0.3696,0.1386,0.1848,0.0462,536,308,27,4,0.0,55,5,1,0,0.0,4,1,0.0,1,0,0.0,0,0,0,21,3,0.0,24.76,14.2278,1.2472,0.1848,0.0,2.5407,0.231,0.0462,0.0,0.0,0.1848,0.0462,0.0,0.0462,0.0,0.0,0.0,0.0,0.0,0.9701,0.1386,0.0,44,17,26,16,3,15,8,4,2,1,1,6,100,54,21,11,79,43,49,4,35,10,36,0,726,120,38.64,61.54,54.0,170,87,51.18,36,9,51,19,2.0325,0.7853,1.201,0.7391,0.1386,0.6929,0.3696,0.1848,0.0924,0.0462,0.0462,0.2772,4.6194,2.4945,0.9701,0.5081,3.6493,1.9863,2.2635,0.1848,1.6168,0.4619,1.663,0.0,33.5369,5.5433,7.853,4.0189,1.663,0.4157,2.3559,0.8777,23,30,0,0,0,0,1.0625,1.3858,0.0,0.0,0.0,0.0,69,11,32,5,23,5,14,1,54,10,15,1,1007.2030840716667,,15,14.6,3.1874,0.5081,1.4782,0.231,1.0625,0.231,0.6467,0.0462,2.4945,0.4619,0.6929,0.0462,46.5269,0.6929,0,0,0,0,0,0,,,,0.0,0.0,0.0,0.0,0.0,0.0,5,0,0,0,0,0,0,100.0,0.231,0.0,0.0,0.0,0.0,0.0,0.0,20,22,13,13,32,36,14,11,2,2,5,6,40,29,16,11,10,16,0.9239,1.0163,0.6005,0.6005,1.4782,1.663,0.6467,0.5081,0.0924,0.0924,0.231,0.2772,1.8478,1.3396,0.7391,0.5081,0.4619,0.7391,1948.3,20,1500-2000,True,25.141,3.868,5.802,96.694,47.38,1.1614,0.1787,0.268,4.4667,2.1887,-0.337,-1.002
4mhahoh3a6rir882ug9hdb5nu,T. Velthuis,Sparta Rotterdam,1150,1012,580,424,8,541,467,597,537,12,8,418,375,587,552,145,85,136,68,70,31,2,2,0,0,0,0,88.0,50.0,44.29,86.32,89.95,66.67,89.71,94.04,58.62,100.0,,,53.2435,46.8543,26.8532,19.6306,0.3704,25.0476,21.6215,27.6403,24.8624,0.5556,0.3704,19.3528,17.362,27.1773,25.5569,6.7133,3.9354,6.2966,3.1483,3.2409,1.4353,0.0926,0.0926,0.0,0.0,0.0,0.0,93,65,147,2907.056756585239,3,2,0,96,67,0.0,4.3058,3.0094,6.8059,134.5929,0.1389,0.0926,0.0,4.4447,3.102,0.0,0.065,-0.158,2,2,1,1,1,1,100.0,0.0926,0.0926,0.0463,0.0463,0.0463,0.0463,745,8,3,0,0.0,11,0,0,0,0,1,0,0.0,0,0,0,0,0,0,2,0,0.0,34.4925,0.3704,0.1389,0.0,0.0,0.5093,0.0,0.0,0.0,0.0,0.0463,0.0,0.0,0.0,0.0,0.0,0.0,0.0,0.0,0.0926,0.0,0.0,2,0,26,18,17,8,1,6,3,3,0,103,89,47,77,39,12,8,77,48,29,0,2,0,1288,10,0.0,69.23,52.81,117,65,55.56,2,68,40,1,0.0926,0.0,1.2038,0.8334,0.7871,0.3704,0.0463,0.2778,0.1389,0.1389,0.0,4.7688,4.1206,2.176,3.565,1.8056,0.5556,0.3704,3.565,2.2223,1.3427,0.0,0.0926,0.0,59.6327,0.463,5.4169,3.0094,0.0926,3.1483,1.8519,0.0463,13,4,6,2,0,0,0.6019,0.1852,0.2778,0.0926,0.0,0.0,5,0,1,0,1,0,3,0,5,0,0,0,42.39352914370562,,0,8.48,0.2315,0.0,0.0463,0.0,0.0463,0.0,0.1389,0.0,0.2315,0.0,0.0,0.0,1.9628,0.0,0,0,13,0,0,4,,,,0.0,0.0,0.6019,0.0,0.0,0.1852,7,0,0,0,0,0,0,100.0,0.3241,0.0,0.0,0.0,0.0,0.0,0.0,52,41,0,3,5,0,9,17,3,3,0,0,3,2,2,1,15,11,2.4075,1.8982,0.0,0.1389,0.2315,0.0,0.4167,0.7871,0.1389,0.1389,0.0,0.0,0.1389,0.0926,0.0926,0.0463,0.6945,0.5093,1943.9,25,1500-2000,True,24.538,5.663,97.206,83.994,72.669,1.1361,0.2622,4.5005,3.8888,3.3645,-0.366,-0.838
2zkaf848fjcdhuii8783pkm7e,Y. Regeer,FC Twente,1120,917,417,499,1,234,179,487,421,399,317,578,484,448,375,94,58,100,55,65,34,8,1,44,8,0,0,81.88,55.0,52.31,76.5,86.45,79.45,83.74,83.71,61.7,12.5,18.18,,52.0554,42.6203,19.3813,23.1925,0.0465,10.8759,8.3196,22.6348,19.5672,18.5447,14.7335,26.8643,22.4954,20.8221,17.4293,4.3689,2.6957,4.6478,2.5563,3.0211,1.5803,0.3718,0.0465,2.045,0.3718,0.0,0.0,102,81,166,2205.152761258843,24,21,8,126,102,8.0,4.7408,3.7647,7.7153,102.4911,1.1155,0.976,0.3718,5.8562,4.7408,0.3718,0.249,0.442,52,9,18,3,34,6,17.31,2.4169,0.4183,0.8366,0.1394,1.5803,0.2789,738,95,28,1,0.0,65,5,1,0,0.0,6,0,0.0,2,0,0.0,0,0,0,19,1,0.0,34.3008,4.4154,1.3014,0.0465,0.0,3.0211,0.2324,0.0465,0.0,0.0,0.2789,0.0,0.0,0.093,0.0,0.0,0.0,0.0,0.0,0.8831,0.0465,0.0,28,14,41,23,20,16,5,14,8,5,1,38,61,29,43,18,18,11,108,54,44,10,13,2,1270,50,50.0,56.1,47.54,130,66,50.77,15,82,65,16,1.3014,0.6507,1.9056,1.069,0.9296,0.7436,0.2324,0.6507,0.3718,0.2324,0.0465,1.7662,2.8352,1.3479,1.9986,0.8366,0.8366,0.5113,5.0196,2.5098,2.045,0.4648,0.6042,0.093,59.0271,2.3239,6.0421,3.0675,0.6972,3.8112,3.0211,0.7436,19,32,4,3,0,0,0.8831,1.4873,0.1859,0.1394,0.0,0.0,12,2,2,0,7,2,3,0,11,1,1,1,170.1062676824872,,3,14.18,0.5577,0.093,0.093,0.0,0.3253,0.093,0.1394,0.0,0.5113,0.0465,0.0465,0.0465,7.9062,0.1394,3,3,16,0,0,127,,,100.0,0.1394,0.1394,0.7436,0.0,0.0,5.9027,2,0,0,0,0,0,0,100.0,0.093,0.0,0.0,0.0,0.0,0.0,0.0,37,65,9,19,6,6,13,28,7,7,1,1,6,6,19,9,21,20,1.7197,3.0211,0.4183,0.8831,0.2789,0.2789,0.6042,1.3014,0.3253,0.3253,0.0465,0.0465,0.2789,0.2789,0.8831,0.4183,0.976,0.9296,1936.4,32,1500-2000,True,46.724,15.954,43.305,69.516,123.077,2.1716,0.7415,2.0127,3.231,5.7204,0.821,0.104
dtglxu78mwbkvog0jnusmdc5x,P. Rommens,Go Ahead Eagles,1285,1003,585,412,6,226,173,713,608,346,222,563,471,507,419,215,113,189,94,63,41,5,1,125,36,0,0,78.05,49.74,65.08,76.55,85.27,64.16,83.66,82.64,52.56,20.0,28.8,,59.7551,46.6415,27.2037,19.1588,0.279,10.5095,8.0448,33.1559,28.2732,16.0897,10.3234,26.1806,21.9024,23.5765,19.4843,9.9979,5.2547,8.7889,4.3712,2.9296,1.9066,0.2325,0.0465,5.8128,1.6741,0.0,0.0,168,150,218,2834.4505997093893,24,16,7,192,166,7.0,7.8123,6.9753,10.1374,131.8077,1.116,0.744,0.3255,8.9284,7.7193,0.3255,1.553,1.747,130,37,70,13,60,24,28.46,6.0453,1.7206,3.2551,0.6045,2.7901,1.116,845,44,52,6,0.0,85,8,0,0,0,29,2,0.0,1,0,0.0,6,2,0.0,16,2,0.0,39.2942,2.0461,2.4181,0.279,0.0,3.9527,0.372,0.0,0.0,0.0,1.3486,0.093,0.0,0.0465,0.0,0.0,0.279,0.093,0.0,0.744,0.093,0.0,10,5,32,18,15,14,3,26,8,14,4,21,25,10,12,6,13,4,129,52,67,10,6,0,1404,23,50.0,56.25,40.0,67,33,49.25,6,75,95,17,0.465,0.2325,1.4881,0.837,0.6975,0.651,0.1395,1.2091,0.372,0.651,0.186,0.9765,1.1626,0.465,0.558,0.279,0.6045,0.186,5.9988,2.4181,3.1156,0.465,0.279,0.0,65.2888,1.0695,3.1156,1.5346,0.279,3.4877,4.4177,0.7905,16,7,0,1,0,0,0.744,0.3255,0.0,0.0465,0.0,0.0,40,6,3,0,37,6,0,0,9,3,31,3,950.2880411332853,,12,23.76,1.8601,0.279,0.1395,0.0,1.7206,0.279,0.0,0.0,0.4185,0.1395,1.4416,0.1395,44.1903,0.558,79,29,67,0,0,5,,,36.71,3.6737,1.3486,3.1156,0.0,0.0,0.2325,8,0,0,0,0,0,0,100.0,0.372,0.0,0.0,0.0,0.0,0.0,0.0,101,64,28,23,22,15,13,19,14,12,3,3,19,21,27,25,12,20,4.6967,2.9761,1.3021,1.0695,1.023,0.6975,0.6045,0.8835,0.651,0.558,0.1395,0.1395,0.8835,0.9765,1.2556,1.1626,0.558,0.93,1935.4,22,1500-2000,True,29.314,23.818,19.237,22.902,118.173,1.3632,1.1076,0.8946,1.065,5.4953,-0.106,0.823
2ylw573o2rkvuczi9nm5t7hed,R. van La Parra,Almere City FC,453,283,94,187,2,34,22,165,110,254,151,299,194,128,79,26,10,19,5,60,13,7,0,39,11,0,0,62.47,26.32,21.67,64.71,66.67,59.45,64.88,61.72,38.46,0.0,28.21,,21.2068,13.2484,4.4005,8.7542,0.0936,1.5917,1.0299,7.7243,5.1495,11.8908,7.0689,13.9974,9.0819,5.9922,3.6983,1.2172,0.4681,0.8895,0.2341,2.8088,0.6086,0.3277,0.0,1.8257,0.515,0.0,0.0,34,17,86,1019.6490370900858,24,12,15,58,29,15.0,1.5917,0.7958,4.026,47.7339,1.1235,0.5618,0.7022,2.7152,1.3576,0.7022,-1.087,-0.893,46,11,16,3,30,8,23.91,2.1534,0.515,0.749,0.1404,1.4044,0.3745,479,228,19,1,0.0,47,3,1,0,0.0,7,1,0.0,0,0,0,0,0,0,11,0,0.0,22.4239,10.6736,0.8895,0.0468,0.0,2.2003,0.1404,0.0468,0.0,0.0,0.3277,0.0468,0.0,0.0,0.0,0.0,0.0,0.0,0.0,0.515,0.0,0.0,129,48,24,15,10,8,6,1,0,0,1,8,133,43,12,5,121,38,96,24,54,18,53,0,831,98,37.21,62.5,32.33,286,106,37.06,53,34,62,25,6.039,2.2471,1.1235,0.7022,0.4681,0.3745,0.2809,0.0468,0.0,0.0,0.0468,0.3745,6.2263,2.013,0.5618,0.2341,5.6645,1.7789,4.4941,1.1235,2.528,0.8427,2.4811,0.0,38.9025,4.5878,13.3888,4.9623,2.4811,1.5917,2.9025,1.1704,39,46,0,1,0,0,1.8257,2.1534,0.0,0.0468,0.0,0.0,38,2,9,1,24,1,5,0,32,2,6,0,621.4913669478027,,3,16.36,1.7789,0.0936,0.4213,0.0468,1.1235,0.0468,0.2341,0.0,1.498,0.0936,0.2809,0.0,29.0945,0.1404,9,3,9,0,0,16,,,33.33,0.4213,0.1404,0.4213,0.0,0.0,0.749,3,0,0,0,0,0,0,100.0,0.1404,0.0,0.0,0.0,0.0,0.0,0.0,11,23,6,13,12,26,7,17,1,0,1,1,20,18,11,8,10,14,0.515,1.0767,0.2809,0.6086,0.5618,1.2172,0.3277,0.7958,0.0468,0.0,0.0468,0.0468,0.9363,0.8427,0.515,0.3745,0.4681,0.6554,1922.5,32,1500-2000,True,21.413,0.892,7.138,118.662,85.65,1.0024,0.0418,0.3342,5.555,4.0096,-0.519,-1.271
3940jh5ermawu3vbzbei6546i,D. Cleonise,RKC Waalwijk,492,347,115,231,1,33,17,142,116,317,214,299,235,146,93,47,19,37,10,15,4,66,19,20,4,0,0,70.53,27.03,26.67,51.52,81.69,67.51,78.6,63.7,40.43,28.79,20.0,,23.1832,16.3508,5.4188,10.8848,0.0471,1.555,0.801,6.6911,5.466,14.9372,10.0838,14.089,11.0733,6.8796,4.3822,2.2147,0.8953,1.7435,0.4712,0.7068,0.1885,3.1099,0.8953,0.9424,0.1885,0.0,0.0,48,14,90,1105.2902743352033,21,10,10,69,24,10.0,2.2618,0.6597,4.2408,52.0817,0.9895,0.4712,0.4712,3.2513,1.1309,0.4712,-0.803,-0.665,86,23,12,1,74,22,26.74,4.0524,1.0838,0.5654,0.0471,3.4869,1.0366,387,116,33,3,0.0,54,6,0,0,0,18,2,0.0,0,0,0,1,0,0.0,14,1,0.0,18.2356,5.466,1.555,0.1414,0.0,2.5445,0.2827,0.0,0.0,0.0,0.8482,0.0942,0.0,0.0,0.0,0.0,0.0471,0.0,0.0,0.6597,0.0471,0.0,99,43,16,9,4,5,7,12,7,4,1,5,16,5,6,1,10,4,84,24,45,15,40,0,736,75,43.43,56.25,31.25,131,57,43.51,40,35,54,23,4.6649,2.0262,0.7539,0.4241,0.1885,0.2356,0.3298,0.5654,0.3298,0.1885,0.0471,0.2356,0.7539,0.2356,0.2827,0.0471,0.4712,0.1885,3.9581,1.1309,2.1204,0.7068,1.8848,0.0,34.6806,3.534,6.1728,2.6859,1.8848,1.6492,2.5445,1.0838,14,40,0,0,0,0,0.6597,1.8848,0.0,0.0,0.0,0.0,35,1,32,1,3,0,0,0,21,1,14,0,658.2729021208025,,4,18.81,1.6492,0.0471,1.5079,0.0471,0.1414,0.0,0.0,0.0,0.9895,0.0471,0.6597,0.0,31.0181,0.1885,19,10,5,0,0,3,,,52.63,0.8953,0.4712,0.2356,0.0,0.0,0.1414,0,0,0,0,0,0,0,,0.0,0.0,0.0,0.0,0.0,0.0,0.0,21,27,13,20,22,13,10,6,5,7,1,0,16,19,23,10,8,8,0.9895,1.2723,0.6126,0.9424,1.0366,0.6126,0.4712,0.2827,0.2356,0.3298,0.0471,0.0,0.7539,0.8953,1.0838,0.4712,0.377,0.377,1910.0,33,1500-2000,True,14.625,10.969,4.57,14.625,76.781,0.6891,0.5169,0.2153,0.6891,3.618,-0.878,-0.337
47l204bkq2qqjhtazusr0019m,Y. Baas,Nijmegen Eendracht Combinatie,763,580,257,321,2,189,133,361,288,213,159,410,325,285,210,68,45,100,58,51,18,26,6,3,1,0,0,76.02,58.0,35.29,70.37,79.78,74.65,79.27,73.68,66.18,23.08,33.33,,35.983,27.3528,12.1201,15.1383,0.0943,8.9132,6.2723,17.0247,13.5821,10.0451,7.4984,19.3356,15.327,13.4406,9.9036,3.2069,2.1222,4.716,2.7353,2.4052,0.8489,1.2262,0.283,0.1415,0.0472,0.0,0.0,68,40,115,1500.9060067378948,15,17,6,83,57,6.0,3.2069,1.8864,5.4234,70.7826,0.7074,0.8017,0.283,3.9143,2.6881,0.283,-0.402,-0.384,29,7,27,6,2,1,24.14,1.3676,0.3301,1.2733,0.283,0.0943,0.0472,496,64,21,4,0.0,47,9,1,0,0.0,6,0,0.0,0,0,0,0,0,0,14,4,0.0,23.3913,3.0182,0.9904,0.1886,0.0,2.2165,0.4244,0.0472,0.0,0.0,0.283,0.0,0.0,0.0,0.0,0.0,0.0,0.0,0.0,0.6602,0.1886,0.0,45,15,67,41,46,17,4,14,7,5,2,27,44,21,21,9,23,12,110,68,37,5,29,1,922,36,33.33,61.19,47.73,156,77,49.36,30,121,59,11,2.1222,0.7074,3.1597,1.9336,2.1694,0.8017,0.1886,0.6602,0.3301,0.2358,0.0943,1.2733,2.075,0.9904,0.9904,0.4244,1.0847,0.5659,5.1876,3.2069,1.7449,0.2358,1.3676,0.0472,43.4815,1.6978,7.3569,3.6313,1.4148,5.7064,2.7824,0.5188,18,21,0,4,0,0,0.8489,0.9904,0.0,0.1886,0.0,0.0,16,3,5,1,8,1,3,1,14,3,2,0,255.89046670709791,,7,15.99,0.7546,0.1415,0.2358,0.0472,0.3773,0.0472,0.1415,0.0472,0.6602,0.1415,0.0943,0.0,12.0678,0.3301,6,4,8,0,0,112,,,66.67,0.283,0.1886,0.3773,0.0,0.0,5.2819,7,0,0,0,0,0,0,100.0,0.3301,0.0,0.0,0.0,0.0,0.0,0.0,28,40,7,14,5,11,34,33,6,8,1,2,6,10,9,12,24,43,1.3205,1.8864,0.3301,0.6602,0.2358,0.5188,1.6034,1.5563,0.283,0.3773,0.0472,0.0943,0.283,0.4716,0.4244,0.5659,1.1318,2.0279,1908.4,28,1500-2000,True,64.823,13.545,26.123,42.57,106.426,3.057,0.6388,1.232,2.0076,5.019,1.836,-0.098
ck3l6a262hves3v6nywarx9pm,Alexandre Penetra,Alkmaar Zaanstreek,1266,1107,743,354,10,593,511,639,575,34,21,418,382,671,609,177,116,175,104,90,46,0,0,8,2,0,0,87.44,59.43,51.11,86.17,89.98,61.76,91.39,90.76,65.54,,25.0,,59.959,52.4286,35.1892,16.7658,0.4736,28.085,24.2014,30.2636,27.2325,1.6103,0.9946,19.7969,18.0919,31.7792,28.8428,8.3829,5.4939,8.2882,4.9255,4.2625,2.1786,0.0,0.0,0.3789,0.0947,0.0,0.0,109,78,187,3340.2489253300887,1,1,0,110,79,0.0,5.1623,3.6942,8.8565,158.1973,0.0474,0.0474,0.0,5.2097,3.7415,0.0,0.428,0.167,8,2,1,0,7,2,25.0,0.3789,0.0947,0.0474,0.0,0.3315,0.0947,924,13,6,0,0.0,13,2,0,0,0,2,0,0.0,0,0,0,0,0,0,4,0,0.0,43.7615,0.6157,0.2842,0.0,0.0,0.6157,0.0947,0.0,0.0,0.0,0.0947,0.0,0.0,0.0,0.0,0.0,0.0,0.0,0.0,0.1894,0.0,0.0,2,0,13,7,10,2,1,20,8,12,0,77,90,42,73,33,17,9,72,48,24,0,1,0,1386,10,0.0,53.85,46.67,105,49,46.67,1,66,38,1,0.0947,0.0,0.6157,0.3315,0.4736,0.0947,0.0474,0.9472,0.3789,0.5683,0.0,3.6468,4.2625,1.9892,3.4573,1.5629,0.8051,0.4262,3.41,2.2733,1.1367,0.0,0.0474,0.0,65.6423,0.4736,4.9729,2.3207,0.0474,3.1258,1.7997,0.0474,8,8,5,0,0,0,0.3789,0.3789,0.2368,0.0,0.0,0.0,13,0,1,0,3,0,9,0,10,0,3,0,181.89891621497517,,0,13.99,0.6157,0.0,0.0474,0.0,0.1421,0.0,0.4262,0.0,0.4736,0.0,0.1421,0.0,8.6149,0.0,0,0,18,0,0,23,,,,0.0,0.0,0.8525,0.0,0.0,1.0893,14,0,0,0,0,0,0,100.0,0.6631,0.0,0.0,0.0,0.0,0.0,0.0,64,45,5,1,6,7,3,10,10,10,0,0,10,3,4,2,3,10,3.0311,2.1312,0.2368,0.0474,0.2842,0.3315,0.1421,0.4736,0.4736,0.4736,0.0,0.0,0.4736,0.1421,0.1894,0.0947,0.1421,0.4736,1900.3,25,1500-2000,True,14.265,21.946,84.493,98.758,79.007,0.6756,1.0394,4.0017,4.6773,3.7418,-0.894,0.689
5el82g04yvl9ai8ws8pxbvaad,M. Pinto,SBV Vitesse,1178,996,518,474,4,349,292,587,531,242,173,575,499,476,421,127,76,131,76,39,19,60,18,0,0,0,0,84.55,58.02,48.72,83.67,90.46,71.49,86.78,88.45,59.84,30.0,,,56.0093,47.3559,24.6289,22.5368,0.1902,16.5936,13.8835,27.9096,25.247,11.5062,8.2255,27.339,23.7255,22.6319,20.0169,6.0384,3.6135,6.2285,3.6135,1.8543,0.9034,2.8528,0.8558,0.0,0.0,0.0,0.0,134,75,205,2527.7261117813723,13,13,2,147,88,2.0,6.3712,3.566,9.7469,120.1835,0.6181,0.6181,0.0951,6.9893,4.1841,0.0951,0.942,0.923,60,18,53,15,7,3,30.0,2.8528,0.8558,2.5199,0.7132,0.3328,0.1426,751,25,29,2,0.0,48,4,0,0,0,10,1,0.0,0,0,0,1,0,0.0,18,1,0.0,35.7071,1.1887,1.3788,0.0951,0.0,2.2822,0.1902,0.0,0.0,0.0,0.4755,0.0475,0.0,0.0,0.0,0.0,0.0475,0.0,0.0,0.8558,0.0475,0.0,15,6,37,27,16,18,3,12,8,2,2,38,23,10,18,10,5,0,111,69,38,4,6,1,1294,18,40.0,72.97,43.48,75,43,57.33,7,93,58,9,0.7132,0.2853,1.7592,1.2837,0.7607,0.8558,0.1426,0.5706,0.3804,0.0951,0.0951,1.8068,1.0936,0.4755,0.8558,0.4755,0.2377,0.0,5.2776,3.2807,1.8068,0.1902,0.2853,0.0475,61.5246,0.8558,3.566,2.0445,0.3328,4.4218,2.7577,0.4279,17,9,1,2,0,0,0.8083,0.4279,0.0475,0.0951,0.0,0.0,13,1,12,1,0,0,1,0,6,0,7,1,296.65869151145307,,3,22.82,0.6181,0.0475,0.5706,0.0475,0.0,0.0,0.0475,0.0,0.2853,0.0,0.3328,0.0475,14.105,0.1426,10,5,33,0,0,137,,,50.0,0.4755,0.2377,1.569,0.0,0.0,6.5138,6,0,0,0,0,0,0,100.0,0.2853,0.0,0.0,0.0,0.0,0.0,0.0,69,65,15,14,9,4,23,14,8,4,1,0,8,5,22,7,22,15,3.2807,3.0905,0.7132,0.6656,0.4279,0.1902,1.0936,0.6656,0.3804,0.1902,0.0475,0.0,0.3804,0.2377,1.046,0.3328,1.046,0.7132,1892.9,23,1500-2000,True,37.307,12.1,38.316,23.191,111.922,1.7738,0.5753,1.8218,1.1026,5.3215,0.365,-0.222
9nix5y8xcj34ps62r34udtqwa,K. Hlynsson,AFC Ajax,721,578,208,369,1,75,48,322,277,324,253,499,416,196,155,26,7,26,7,37,20,0,0,26,5,0,0,80.17,26.92,54.05,64.0,86.02,78.09,83.37,79.08,26.92,,19.23,,34.7098,27.8256,10.0134,17.7641,0.0481,3.6106,2.3108,15.5015,13.3351,15.5978,12.1797,24.0225,20.0267,9.4357,7.4619,1.2517,0.337,1.2517,0.337,1.7812,0.9628,0.0,0.0,1.2517,0.2407,0.0,0.0,44,28,87,1021.2899442981424,20,12,11,64,40,11.0,2.1182,1.348,4.1883,49.1661,0.9628,0.5777,0.5296,3.081,1.9256,0.5296,-0.864,-0.738,26,5,5,2,21,3,19.23,1.2517,0.2407,0.2407,0.0963,1.011,0.1444,593,124,17,1,0.0,41,4,0,0,0,2,0,0.0,2,0,0.0,0,0,0,13,1,0.0,28.5477,5.9695,0.8184,0.0481,0.0,1.9738,0.1926,0.0,0.0,0.0,0.0963,0.0,0.0,0.0963,0.0,0.0,0.0,0.0,0.0,0.6258,0.0481,0.0,29,9,20,13,5,10,5,5,1,2,2,16,24,8,9,4,15,4,84,24,43,17,26,0,898,100,31.03,65.0,33.33,73,30,41.1,26,30,55,24,1.3961,0.4333,0.9628,0.6258,0.2407,0.4814,0.2407,0.2407,0.0481,0.0963,0.0963,0.7703,1.1554,0.3851,0.4333,0.1926,0.7221,0.1926,4.0439,1.1554,2.0701,0.8184,1.2517,0.0,43.2308,4.8141,3.5143,1.4442,1.2517,1.4442,2.6478,1.1554,20,25,0,2,0,0,0.9628,1.2035,0.0,0.0963,0.0,0.0,42,7,8,3,31,4,3,0,29,6,13,1,665.8017461215316,,8,15.85,2.0219,0.337,0.3851,0.1444,1.4924,0.1926,0.1444,0.0,1.3961,0.2888,0.6258,0.0481,32.0525,0.3851,10,5,6,0,0,10,,,50.0,0.4814,0.2407,0.2888,0.0,0.0,0.4814,2,0,0,0,0,0,0,100.0,0.0963,0.0,0.0,0.0,0.0,0.0,0.0,23,21,10,7,24,18,10,10,4,1,2,5,17,25,5,12,6,14,1.1072,1.011,0.4814,0.337,1.1554,0.8665,0.4814,0.4814,0.1926,0.0481,0.0963,0.2407,0.8184,1.2035,0.2407,0.5777,0.2888,0.674,1869.5,25,1500-2000,True,24.824,6.206,19.86,29.789,104.263,1.1951,0.2988,0.9561,1.4341,5.0193,-0.298,-0.766
1e12w0zsray39tnhemg3jy5t5,L. Rosier,Fortuna Sittard,769,585,358,224,3,174,130,493,389,102,66,374,295,298,229,97,61,97,53,137,61,2,0,6,2,0,0,76.07,54.64,44.53,74.71,78.9,64.71,78.88,76.85,62.89,0.0,33.33,,37.0682,28.1988,17.2567,10.7975,0.1446,8.3873,6.2664,23.7641,18.751,4.9167,3.1814,18.028,14.2199,14.3645,11.0385,4.6757,2.9404,4.6757,2.5548,6.6038,2.9404,0.0964,0.0,0.2892,0.0964,0.0,0.0,73,63,95,1190.8813508852218,6,3,0,79,66,0.0,3.5188,3.0368,4.5793,57.4042,0.2892,0.1446,0.0,3.808,3.1814,0.0,-0.269,-0.429,8,2,2,0,6,2,25.0,0.3856,0.0964,0.0964,0.0,0.2892,0.0964,461,31,12,0,0.0,24,0,0,0,0,0,0,0,2,0,0.0,0,0,0,10,0,0.0,22.2216,1.4943,0.5784,0.0,0.0,1.1569,0.0,0.0,0.0,0.0,0.0,0.0,0.0,0.0964,0.0,0.0,0.0,0.0,0.0,0.482,0.0,0.0,11,7,58,31,33,20,5,41,24,14,3,50,79,56,50,33,29,23,136,55,67,14,6,0,910,23,63.64,53.45,70.89,148,94,63.51,6,112,101,22,0.5302,0.3374,2.7958,1.4943,1.5907,0.9641,0.241,1.9763,1.1569,0.6748,0.1446,2.4102,3.808,2.6994,2.4102,1.5907,1.3979,1.1087,6.5556,2.6512,3.2296,0.6748,0.2892,0.0,43.8648,1.1087,7.1341,4.5311,0.2892,5.3987,4.8685,1.0605,35,13,0,4,0,0,1.6871,0.6266,0.0,0.1928,0.0,0.0,20,1,7,0,9,0,4,1,7,1,13,0,419.8793481486582,,1,20.99,0.9641,0.0482,0.3374,0.0,0.4338,0.0,0.1928,0.0482,0.3374,0.0482,0.6266,0.0,20.2395,0.0482,0,0,7,0,0,0,,,,0.0,0.0,0.3374,0.0,0.0,0.0,7,0,0,0,0,0,0,100.0,0.3374,0.0,0.0,0.0,0.0,0.0,0.0,30,43,6,6,7,13,36,22,20,21,1,0,11,9,8,4,26,32,1.4461,2.0727,0.2892,0.2892,0.3374,0.6266,1.7353,1.0605,0.9641,1.0123,0.0482,0.0,0.5302,0.4338,0.3856,0.1928,1.2533,1.5425,1867.1,30,1500-2000,True,50.991,36.046,43.958,69.454,119.566,2.4579,1.7375,2.1189,3.3479,5.7635,1.149,2.061
8inyievyp1az6q3dtlkpynf56,M. Mattsson,Nijmegen Eendracht Combinatie,641,502,235,265,2,82,56,356,300,203,146,416,331,190,156,35,15,39,12,54,34,6,3,11,1,0,0,78.32,30.77,62.96,68.29,84.27,71.92,79.57,82.11,42.86,50.0,9.09,,30.9081,24.2057,11.3314,12.7779,0.0964,3.9539,2.7002,17.1658,14.4656,9.7884,7.0399,20.0589,15.9604,9.1615,7.5221,1.6877,0.7233,1.8805,0.5786,2.6038,1.6394,0.2893,0.1447,0.5304,0.0482,0.0,0.0,48,39,124,1447.6673294293041,30,12,8,78,51,8.0,2.3145,1.8805,5.9791,69.8045,1.4466,0.5786,0.3857,3.7611,2.4591,0.3857,-0.78,-0.449,17,4,14,4,3,0,23.53,0.8197,0.1929,0.6751,0.1929,0.1447,0.0,535,120,30,4,0.0,56,8,0,0,0,4,1,0.0,1,0,0.0,0,0,0,25,3,0.0,25.7969,5.7862,1.4466,0.1929,0.0,2.7002,0.3857,0.0,0.0,0.0,0.1929,0.0482,0.0,0.0482,0.0,0.0,0.0,0.0,0.0,1.2055,0.1447,0.0,81,42,37,18,15,11,11,14,5,5,4,17,52,21,14,4,38,17,109,42,46,21,43,0,889,69,51.85,48.65,40.38,170,81,47.65,43,62,62,36,3.9057,2.0252,1.7841,0.8679,0.7233,0.5304,0.5304,0.6751,0.2411,0.2411,0.1929,0.8197,2.5074,1.0126,0.6751,0.1929,1.8323,0.8197,5.2558,2.0252,2.2181,1.0126,2.0734,0.0,42.8663,3.3271,8.1972,3.9057,2.0734,2.9896,2.9896,1.7359,9,33,1,1,0,0,0.434,1.5912,0.0482,0.0482,0.0,0.0,45,11,8,1,31,9,6,1,29,9,16,2,769.8066714067083,,15,17.11,2.1698,0.5304,0.3857,0.0482,1.4948,0.434,0.2893,0.0482,1.3983,0.434,0.7715,0.0964,37.119,0.7233,4,2,5,0,0,3,,,50.0,0.1929,0.0964,0.2411,0.0,0.0,0.1447,3,0,0,0,0,0,0,100.0,0.1447,0.0,0.0,0.0,0.0,0.0,0.0,18,30,18,12,22,23,18,19,8,6,8,3,26,19,16,14,15,22,0.8679,1.4466,0.8679,0.5786,1.0608,1.109,0.8679,0.9162,0.3857,0.2893,0.3857,0.1447,1.2537,0.9162,0.7715,0.6751,0.7233,1.0608,1866.5,19,1500-2000,True,35.798,13.545,16.448,50.31,105.458,1.7261,0.6531,0.7931,2.4259,5.085,0.31,-0.07
atbvv2os8m7nfs0p128w5a6l1,M. Seuntjens,FC Utrecht,602,358,163,193,2,60,28,295,202,247,128,254,169,210,130,138,59,127,47,29,14,3,0,83,25,0,0,59.47,37.01,48.28,46.67,68.47,51.82,66.54,61.9,42.75,0.0,30.12,,29.0712,17.2882,7.8714,9.3202,0.0966,2.8975,1.3521,14.2459,9.7548,11.9279,6.1813,12.2659,8.1612,10.1411,6.2778,6.6642,2.8492,6.133,2.2697,1.4004,0.6761,0.1449,0.0,4.0082,1.2073,0.0,0.0,78,41,59,785.4180035251879,12,6,6,90,47,6.0,3.7667,1.9799,2.8492,37.9286,0.5795,0.2897,0.2897,4.3462,2.2697,0.2897,-0.164,-0.2,86,25,47,10,39,15,29.07,4.153,1.2073,2.2697,0.4829,1.8834,0.7244,460,132,44,4,0.0,66,4,2,0,0.0,17,2,0.0,1,0,0.0,5,0,0.0,19,2,0.0,22.2139,6.3744,2.1248,0.1932,0.0,3.1872,0.1932,0.0966,0.0,0.0,0.8209,0.0966,0.0,0.0483,0.0,0.0,0.2415,0.0,0.0,0.9175,0.0966,0.0,58,16,18,9,6,9,3,5,3,2,0,16,36,16,16,9,20,7,64,35,22,7,23,0,791,68,27.59,50.0,44.44,112,41,36.61,23,44,33,10,2.8009,0.7727,0.8692,0.4346,0.2897,0.4346,0.1449,0.2415,0.1449,0.0966,0.0,0.7727,1.7385,0.7727,0.7727,0.4346,0.9658,0.338,3.0906,1.6902,1.0624,0.338,1.1107,0.0,38.1982,3.2838,5.4086,1.9799,1.1107,2.1248,1.5936,0.4829,30,16,2,4,0,0,1.4487,0.7727,0.0966,0.1932,0.0,0.0,36,2,5,0,30,2,1,0,20,1,16,1,719.2602360271966,,6,19.98,1.7385,0.0966,0.2415,0.0,1.4487,0.0966,0.0483,0.0,0.9658,0.0483,0.7727,0.0483,34.7338,0.2897,60,26,21,0,0,3,,,43.33,2.8975,1.2556,1.0141,0.0,0.0,0.1449,2,0,0,0,0,0,0,100.0,0.0966,0.0,0.0,0.0,0.0,0.0,0.0,38,40,18,26,14,22,7,11,3,2,0,2,16,20,20,24,9,9,1.8351,1.9316,0.8692,1.2556,0.6761,1.0624,0.338,0.5312,0.1449,0.0966,0.0,0.0966,0.7727,0.9658,0.9658,1.159,0.4346,0.4346,1863.7,27,1500-2000,True,17.405,4.835,15.471,34.81,61.884,0.8405,0.2335,0.7471,1.681,2.9884,-0.705,-0.894
bzsoq42nf6sgdh9oe64n7rnfu,B. Limbombe,Heracles Almelo,378,268,122,144,2,38,26,143,103,197,139,253,192,109,69,16,7,18,8,25,13,9,2,27,3,0,0,70.9,44.44,52.0,68.42,72.03,70.56,75.89,63.3,43.75,22.22,11.11,,18.4731,13.0973,5.9622,7.0374,0.0977,1.8571,1.2706,6.9885,5.0337,9.6275,6.793,12.3642,9.3831,5.3269,3.3721,0.7819,0.3421,0.8797,0.391,1.2218,0.6353,0.4398,0.0977,1.3195,0.1466,0.0,0.0,35,20,76,1018.2037921233566,19,9,9,54,29,9.0,1.7105,0.9774,3.7142,49.7602,0.9285,0.4398,0.4398,2.639,1.4172,0.4398,-1.037,-0.926,36,5,14,3,22,2,13.89,1.7593,0.2444,0.6842,0.1466,1.0752,0.0977,323,94,20,1,0.0,39,3,1,0,0.0,5,0,0.0,1,0,0.0,0,0,0,13,1,0.0,15.7852,4.5938,0.9774,0.0489,0.0,1.906,0.1466,0.0489,0.0,0.0,0.2444,0.0,0.0,0.0489,0.0,0.0,0.0,0.0,0.0,0.6353,0.0489,0.0,96,31,17,9,7,2,8,4,2,2,0,9,32,7,13,5,19,2,83,29,37,17,19,0,614,76,32.29,52.94,21.88,145,47,32.41,19,38,41,25,4.6916,1.515,0.8308,0.4398,0.3421,0.0977,0.391,0.1955,0.0977,0.0977,0.0,0.4398,1.5639,0.3421,0.6353,0.2444,0.9285,0.0977,4.0563,1.4172,1.8082,0.8308,0.9285,0.0,30.0065,3.7142,7.0862,2.2969,0.9285,1.8571,2.0037,1.2218,25,28,0,2,1,0,1.2218,1.3684,0.0,0.0977,0.0489,0.0,32,2,11,1,19,0,2,1,24,2,8,0,588.0524260108755,,3,18.38,1.5639,0.0977,0.5376,0.0489,0.9285,0.0,0.0977,0.0489,1.1729,0.0977,0.391,0.0,28.7384,0.1466,0,0,0,0,0,7,,,,0.0,0.0,0.0,0.0,0.0,0.3421,2,0,0,0,0,0,0,100.0,0.0977,0.0,0.0,0.0,0.0,0.0,0.0,18,17,7,13,12,20,8,9,2,2,2,0,18,14,11,9,10,7,0.8797,0.8308,0.3421,0.6353,0.5864,0.9774,0.391,0.4398,0.0977,0.0977,0.0977,0.0,0.8797,0.6842,0.5376,0.4398,0.4887,0.3421,1841.6,31,1500-2000,True,15.802,3.718,8.366,29.745,77.151,0.7723,0.1817,0.4089,1.4537,3.7704,-0.783,-0.996
9787nemt11c372uird332d13p,J. Gaari,RKC Waalwijk,901,716,396,316,4,385,305,431,357,85,54,281,221,490,427,130,68,165,76,73,41,0,0,18,2,0,0,79.47,46.06,56.16,79.22,82.83,63.53,78.65,87.14,52.31,,11.11,,44.0563,35.0103,19.3633,15.4515,0.1956,18.8254,14.9136,21.0746,17.4563,4.1563,2.6404,13.7401,10.8063,23.9596,20.8791,6.3566,3.325,8.068,3.7162,3.5695,2.0048,0.0,0.0,0.8801,0.0978,0.0,0.0,95,59,104,1736.2659792185752,5,5,0,100,64,0.0,4.6452,2.8849,5.0853,84.8984,0.2445,0.2445,0.0,4.8897,3.1294,0.0,0.209,0.031,18,2,0,0,18,2,11.11,0.8801,0.0978,0.0,0.0,0.8801,0.0978,500,15,6,0,0.0,15,3,0,0,0,2,0,0.0,0,0,0,0,0,0,4,0,0.0,24.4485,0.7335,0.2934,0.0,0.0,0.7335,0.1467,0.0,0.0,0.0,0.0978,0.0,0.0,0.0,0.0,0.0,0.0,0.0,0.0,0.1956,0.0,0.0,18,11,41,23,30,9,2,20,15,3,2,72,49,29,42,23,7,6,103,77,25,1,17,2,1043,7,61.11,56.1,59.18,108,63,58.33,19,122,37,5,0.8801,0.5379,2.0048,1.1246,1.4669,0.4401,0.0978,0.9779,0.7335,0.1467,0.0978,3.5206,2.396,1.418,2.0537,1.1246,0.3423,0.2934,5.0364,3.7651,1.2224,0.0489,0.8313,0.0978,50.9997,0.3423,5.2809,3.0805,0.929,5.9654,1.8092,0.2445,30,5,6,5,0,0,1.4669,0.2445,0.2934,0.2445,0.0,0.0,8,1,0,0,6,0,2,1,3,1,5,0,158.73137682902785,,1,19.84,0.3912,0.0489,0.0,0.0,0.2934,0.0,0.0978,0.0489,0.1467,0.0489,0.2445,0.0,7.7615,0.0489,0,0,28,0,0,56,,,,0.0,0.0,1.3691,0.0,0.0,2.7382,7,0,0,0,0,0,0,100.0,0.3423,0.0,0.0,0.0,0.0,0.0,0.0,51,44,2,4,4,4,21,20,9,11,0,1,2,6,2,4,22,19,2.4938,2.1515,0.0978,0.1956,0.1956,0.1956,1.0268,0.9779,0.4401,0.5379,0.0,0.0489,0.0978,0.2934,0.0978,0.1956,1.0757,0.929,1840.6,29,1500-2000,True,37.476,18.281,65.812,44.789,94.148,1.8325,0.8939,3.218,2.1901,4.6036,0.432,0.404
2tc8y9du64tjno62zll2jhy7e,Y. Cathline,Almere City FC,546,353,155,197,1,67,42,195,145,284,166,346,233,149,100,51,20,52,18,9,2,24,6,45,9,0,0,64.65,34.62,22.22,62.69,74.36,58.45,67.34,67.11,39.22,25.0,20.0,,26.7443,17.2907,7.5922,9.6495,0.049,3.2818,2.0573,9.5515,7.1024,13.911,8.1311,16.9479,11.4129,7.2984,4.8982,2.4981,0.9796,2.5471,0.8817,0.4408,0.098,1.1756,0.2939,2.2042,0.4408,0.0,0.0,61,29,130,1638.0712968419675,35,19,14,96,48,14.0,2.9879,1.4205,6.3677,80.2364,1.7144,0.9307,0.6858,4.7023,2.3511,0.6858,-0.495,-0.049,69,15,57,10,12,5,21.74,3.3798,0.7347,2.792,0.4898,0.5878,0.2449,428,95,21,2,0.0,42,4,2,0,0.0,10,2,0.0,1,0,0.0,0,0,0,8,0,0.0,20.9644,4.6533,1.0286,0.098,0.0,2.0573,0.1959,0.098,0.0,0.0,0.4898,0.098,0.0,0.049,0.0,0.0,0.0,0.0,0.0,0.3919,0.0,0.0,142,58,28,23,10,9,9,9,7,1,1,8,14,2,4,1,10,1,129,51,59,19,35,0,867,79,40.85,82.14,14.29,184,83,45.11,35,68,69,29,6.9555,2.841,1.3715,1.1266,0.4898,0.4408,0.4408,0.4408,0.3429,0.049,0.049,0.3919,0.6858,0.098,0.1959,0.049,0.4898,0.049,6.3187,2.4981,2.89,0.9307,1.7144,0.0,42.4676,3.8696,9.0127,4.0655,1.7144,3.3308,3.3798,1.4205,6,33,0,2,0,0,0.2939,1.6164,0.0,0.098,0.0,0.0,35,4,6,1,29,3,0,0,20,4,15,0,681.0354175440983,,6,19.46,1.7144,0.1959,0.2939,0.049,1.4205,0.1469,0.0,0.0,0.9796,0.1959,0.7347,0.0,33.3587,0.2939,16,11,4,0,0,19,,,68.75,0.7837,0.5388,0.1959,0.0,0.0,0.9307,0,0,0,0,0,0,0,,0.0,0.0,0.0,0.0,0.0,0.0,0.0,25,36,6,15,16,19,9,19,6,3,3,1,22,13,8,13,16,12,1.2246,1.7634,0.2939,0.7347,0.7837,0.9307,0.4408,0.9307,0.2939,0.1469,0.1469,0.049,1.0776,0.6368,0.3919,0.6368,0.7837,0.5878,1837.4,28,1500-2000,True,24.981,8.03,7.138,12.491,115.093,1.2236,0.3933,0.3496,0.6118,5.6375,-0.266,-0.58
aafz6q5ggn9e6m5hprc71lgph,M. van der Hoorn,FC Utrecht,1071,846,600,242,4,453,339,594,492,24,15,303,259,549,486,219,101,221,88,141,66,0,0,1,0,0,0,78.99,39.82,46.81,74.83,82.83,62.5,85.48,88.52,46.12,,0.0,,52.5401,41.5022,29.4342,11.8718,0.1962,22.2228,16.6303,29.1399,24.1361,1.1774,0.7359,14.8643,12.7058,26.9323,23.8417,10.7435,4.9548,10.8416,4.317,6.917,3.2378,0.0,0.0,0.0491,0.0,0.0,0.0,131,96,88,1482.8584742966912,0,1,0,131,97,0.0,6.4265,4.7095,4.317,72.7446,0.0,0.0491,0.0,6.4265,4.7585,0.0,0.965,0.684,1,0,0,0,1,0,0.0,0.0491,0.0,0.0,0.0,0.0491,0.0,646,26,4,0,0.0,15,0,0,0,0,0,0,0,0,0,0,0,0,0,4,0,0.0,31.6908,1.2755,0.1962,0.0,0.0,0.7359,0.0,0.0,0.0,0.0,0.0,0.0,0.0,0.0,0.0,0.0,0.0,0.0,0.0,0.1962,0.0,0.0,7,2,29,19,20,9,0,15,8,7,0,74,103,71,65,50,38,21,101,58,43,0,0,0,1204,31,28.57,65.52,68.93,139,92,66.19,0,86,59,0,0.3434,0.0981,1.4227,0.9321,0.9811,0.4415,0.0,0.7359,0.3925,0.3434,0.0,3.6302,5.0529,3.483,3.1887,2.4529,1.8642,1.0302,4.9548,2.8453,2.1095,0.0,0.0,0.0,59.0646,1.5208,6.8189,4.5132,0.0,4.2189,2.8944,0.0,26,15,10,5,0,0,1.2755,0.7359,0.4906,0.2453,0.0,0.0,15,1,0,0,4,0,11,1,15,1,0,0,173.12139056817244,,1,11.54,0.7359,0.0491,0.0,0.0,0.1962,0.0,0.5396,0.0491,0.7359,0.0491,0.0,0.0,8.4928,0.0491,0,0,51,0,0,0,,,,0.0,0.0,2.5019,0.0,0.0,0.0,5,0,0,0,0,0,0,100.0,0.2453,0.0,0.0,0.0,0.0,0.0,0.0,81,50,1,3,4,11,11,18,7,8,1,0,13,2,4,0,17,12,3.9736,2.4529,0.0491,0.1472,0.1962,0.5396,0.5396,0.883,0.3434,0.3925,0.0491,0.0,0.6377,0.0981,0.1962,0.0,0.834,0.5887,1834.6,22,1500-2000,True,28.041,14.504,71.554,99.595,97.661,1.3756,0.7115,3.5102,4.8858,4.791,-0.091,0.045
akfbttkeqfd8pzhe93ra674kp,S. Sonnenberg,Heracles Almelo,885,775,515,255,5,409,356,457,408,19,11,292,255,488,449,105,71,102,62,78,41,0,0,1,0,0,0,87.57,60.78,52.56,87.04,89.28,57.89,87.33,92.01,67.62,,0.0,,43.4415,38.042,25.2795,12.517,0.2454,20.0764,17.4748,22.4325,20.0273,0.9326,0.54,14.3332,12.517,23.9542,22.0398,5.1541,3.4851,5.0068,3.0434,3.8287,2.0125,0.0,0.0,0.0491,0.0,0.0,0.0,70,61,95,1795.9725359503914,2,0,0,72,61,0.0,3.4361,2.9943,4.6632,88.1579,0.0982,0.0,0.0,3.5342,2.9943,0.0,-0.304,-0.545,1,0,0,0,1,0,0.0,0.0491,0.0,0.0,0.0,0.0491,0.0,612,22,4,0,0.0,17,0,0,0,0,0,0,0,1,0,0.0,0,0,0,3,0,0.0,30.0409,1.0799,0.1963,0.0,0.0,0.8345,0.0,0.0,0.0,0.0,0.0,0.0,0.0,0.0491,0.0,0.0,0.0,0.0,0.0,0.1473,0.0,0.0,0,0,17,11,16,1,0,23,19,4,0,113,52,39,34,26,18,13,70,50,20,0,2,3,1043,22,,64.71,75.0,69,50,72.46,5,85,25,0,0.0,0.0,0.8345,0.54,0.7854,0.0491,0.0,1.129,0.9326,0.1963,0.0,5.5468,2.5525,1.9144,1.6689,1.2762,0.8836,0.6381,3.4361,2.4543,0.9817,0.0,0.0982,0.1473,51.1972,1.0799,3.387,2.4543,0.2454,4.1723,1.2272,0.0,13,7,12,3,0,0,0.6381,0.3436,0.589,0.1473,0.0,0.0,10,1,1,1,3,0,6,0,9,1,1,0,121.14198621692911,,1,12.11,0.4909,0.0491,0.0491,0.0491,0.1473,0.0,0.2945,0.0,0.4418,0.0491,0.0491,0.0,5.9464,0.0491,0,0,19,0,0,3,,,,0.0,0.0,0.9326,0.0,0.0,0.1473,15,0,0,0,0,0,0,100.0,0.7363,0.0,0.0,0.0,0.0,0.0,0.0,35,35,1,3,4,6,6,11,9,14,1,0,8,2,3,1,7,10,1.718,1.718,0.0491,0.1473,0.1963,0.2945,0.2945,0.54,0.4418,0.6872,0.0491,0.0,0.3927,0.0982,0.1473,0.0491,0.3436,0.4909,1833.5,25,1500-2000,True,15.802,21.379,105.037,48.336,65.067,0.7757,1.0494,5.1559,2.3726,3.1939,-0.779,0.709
dse071e8zbzm8l37m64g6e1p0,K. Sano,Nijmegen Eendracht Combinatie,730,584,215,368,1,98,74,455,385,177,125,408,334,259,215,63,35,52,29,48,22,12,3,14,3,0,0,80.0,55.77,45.83,75.51,84.62,70.62,81.86,83.01,55.56,25.0,21.43,,35.8722,28.6978,10.5651,18.0835,0.0491,4.8157,3.6364,22.3587,18.9189,8.6978,6.1425,20.0491,16.4128,12.7273,10.5651,3.0958,1.7199,2.5553,1.4251,2.3587,1.0811,0.5897,0.1474,0.688,0.1474,0.0,0.0,53,43,107,1352.4813949305264,21,13,2,74,56,2.0,2.6044,2.113,5.258,66.461,1.0319,0.6388,0.0983,3.6364,2.7518,0.0983,-0.657,-0.502,26,6,19,3,7,3,23.08,1.2776,0.2948,0.9337,0.1474,0.344,0.1474,626,129,20,3,0.0,36,6,1,0,0.0,5,1,0.0,1,0,0.0,0,0,0,13,2,0.0,30.7617,6.3391,0.9828,0.1474,0.0,1.769,0.2948,0.0491,0.0,0.0,0.2457,0.0491,0.0,0.0491,0.0,0.0,0.0,0.0,0.0,0.6388,0.0983,0.0,69,22,36,19,15,17,4,24,13,9,2,28,43,17,19,7,24,10,102,37,53,12,32,0,976,43,31.88,52.78,39.53,148,58,39.19,32,65,79,18,3.3907,1.0811,1.769,0.9337,0.7371,0.8354,0.1966,1.1794,0.6388,0.4423,0.0983,1.3759,2.113,0.8354,0.9337,0.344,1.1794,0.4914,5.0123,1.8182,2.6044,0.5897,1.5725,0.0,47.9607,2.113,7.2727,2.8501,1.5725,3.1941,3.8821,0.8845,22,36,0,4,0,0,1.0811,1.769,0.0,0.1966,0.0,0.0,30,5,7,1,16,2,7,2,19,4,11,1,520.7242476420741,,8,17.36,1.4742,0.2457,0.344,0.0491,0.7862,0.0983,0.344,0.0983,0.9337,0.1966,0.5405,0.0491,25.5884,0.3931,0,0,4,0,0,10,,,,0.0,0.0,0.1966,0.0,0.0,0.4914,5,0,0,0,0,0,0,100.0,0.2457,0.0,0.0,0.0,0.0,0.0,0.0,25,28,7,13,13,17,16,20,8,16,3,2,18,12,8,12,16,20,1.2285,1.3759,0.344,0.6388,0.6388,0.8354,0.7862,0.9828,0.3931,0.7862,0.1474,0.0983,0.8845,0.5897,0.3931,0.5897,0.7862,0.9828,1831.5,25,1500-2000,True,34.83,23.22,27.09,41.603,98.686,1.7115,1.141,1.3312,2.0444,4.8494,0.294,0.889
d2itdjj8bx0aztqggfgv7amay,B. Tahirović,AFC Ajax,1115,988,495,489,4,208,174,720,652,187,162,532,476,471,437,112,75,103,61,48,25,1,1,1,0,0,0,88.61,59.22,52.08,83.65,90.56,86.63,89.47,92.78,66.96,100.0,0.0,,55.0708,48.7982,24.4485,24.1521,0.1976,10.2733,8.594,35.5614,32.2028,9.2361,8.0013,26.2759,23.51,23.2631,21.5838,5.5318,3.7043,5.0873,3.0128,2.3708,1.2348,0.0494,0.0494,0.0494,0.0,0.0,0.0,95,110,153,1861.169214931625,17,10,1,112,120,1.0,4.6921,5.433,7.5568,91.9247,0.8396,0.4939,0.0494,5.5318,5.9269,0.0494,0.229,0.304,2,1,1,0,1,1,50.0,0.0988,0.0494,0.0494,0.0,0.0494,0.0494,899,45,17,3,0.0,36,9,0,0,0,0,0,0,0,0,0,0,0,0,17,3,0.0,44.4024,2.2226,0.8396,0.1482,0.0,1.7781,0.4445,0.0,0.0,0.0,0.0,0.0,0.0,0.0,0.0,0.0,0.0,0.0,0.0,0.8396,0.1482,0.0,23,10,34,24,10,21,3,26,10,12,4,20,21,10,12,6,9,4,133,54,71,8,13,0,1239,13,43.48,70.59,47.62,78,44,56.41,13,74,104,15,1.136,0.4939,1.6793,1.1854,0.4939,1.0372,0.1482,1.2842,0.4939,0.5927,0.1976,0.9878,1.0372,0.4939,0.5927,0.2963,0.4445,0.1976,6.569,2.6671,3.5068,0.3951,0.6421,0.0,61.1953,0.6421,3.8525,2.1732,0.6421,3.6549,5.1366,0.7409,28,18,2,5,0,0,1.3829,0.889,0.0988,0.247,0.0,0.0,18,2,3,1,13,1,2,0,8,2,10,0,384.38351953501575,,5,21.35,0.889,0.0988,0.1482,0.0494,0.6421,0.0494,0.0988,0.0,0.3951,0.0988,0.4939,0.0,18.985,0.247,0,0,21,0,0,2,,,,0.0,0.0,1.0372,0.0,0.0,0.0988,7,0,0,0,0,0,0,100.0,0.3457,0.0,0.0,0.0,0.0,0.0,0.0,48,47,7,10,6,12,15,19,8,18,0,2,8,10,8,9,12,22,2.3708,2.3214,0.3457,0.4939,0.2963,0.5927,0.7409,0.9384,0.3951,0.889,0.0,0.0988,0.3951,0.4939,0.3951,0.4445,0.5927,1.0866,1822.2,26,1500-2000,True,42.202,32.272,24.824,26.066,165.083,2.0844,1.5939,1.2261,1.2874,8.1536,0.721,1.779
4pe4ugftevr8859yin36nyll,C. Nunnely,SC Heerenveen,410,299,88,208,3,30,26,140,115,240,158,282,214,111,78,17,7,14,7,12,4,6,0,47,10,0,0,72.93,50.0,33.33,86.67,82.14,65.83,75.89,70.27,41.18,0.0,21.28,,20.3261,14.8232,4.3627,10.3118,0.1487,1.4873,1.289,6.9406,5.7012,11.8982,7.833,13.9804,10.6092,5.5029,3.8669,0.8428,0.347,0.6941,0.347,0.5949,0.1983,0.2975,0.0,2.3301,0.4958,0.0,0.0,30,16,62,786.478904678766,17,8,9,47,24,9.0,1.4873,0.7932,3.0737,38.9904,0.8428,0.3966,0.4462,2.3301,1.1898,0.4462,-1.132,-1.057,53,10,7,1,46,9,18.87,2.6275,0.4958,0.347,0.0496,2.2805,0.4462,344,99,17,2,0.0,36,4,0,0,0,7,2,0.0,0,0,0,0,0,0,10,0,0.0,17.0541,4.908,0.8428,0.0992,0.0,1.7847,0.1983,0.0,0.0,0.0,0.347,0.0992,0.0,0.0,0.0,0.0,0.0,0.0,0.0,0.4958,0.0,0.0,62,28,18,10,7,6,5,7,1,4,2,6,38,5,17,3,21,2,65,17,28,20,31,0,589,73,45.16,55.56,13.16,118,43,36.44,31,25,38,27,3.0737,1.3881,0.8924,0.4958,0.347,0.2975,0.2479,0.347,0.0496,0.1983,0.0992,0.2975,1.8839,0.2479,0.8428,0.1487,1.0411,0.0992,3.2224,0.8428,1.3881,0.9915,1.5369,0.0,29.2002,3.619,5.85,2.1318,1.5369,1.2394,1.8839,1.3385,11,21,0,0,0,0,0.5453,1.0411,0.0,0.0,0.0,0.0,28,2,9,0,17,2,2,0,23,2,5,0,470.2659810573136,,4,16.8,1.3881,0.0992,0.4462,0.0,0.8428,0.0992,0.0992,0.0,1.1402,0.0992,0.2479,0.0,23.3138,0.1983,0,0,1,0,0,4,,,,0.0,0.0,0.0496,0.0,0.0,0.1983,1,0,0,0,0,0,0,100.0,0.0496,0.0,0.0,0.0,0.0,0.0,0.0,13,17,12,5,13,15,7,11,6,1,0,2,14,14,7,10,12,6,0.6445,0.8428,0.5949,0.2479,0.6445,0.7436,0.347,0.5453,0.2975,0.0496,0.0,0.0992,0.6941,0.6941,0.347,0.4958,0.5949,0.2975,1815.4,32,1500-2000,True,17.868,6.949,5.956,37.722,64.524,0.8858,0.3445,0.2953,1.8701,3.1988,-0.653,-0.676
cla6c6izphee9prb80c15baei,M. Tielemans,SBV Vitesse,963,839,409,426,4,162,149,564,500,237,190,474,417,387,347,102,75,93,67,30,18,5,1,24,13,0,0,87.12,72.04,60.0,91.98,88.65,80.17,87.97,89.66,73.53,20.0,54.17,,47.7837,41.6308,20.2944,21.1379,0.1985,8.0384,7.3933,27.9854,24.8098,11.7598,9.4277,23.5197,20.6914,19.2028,17.218,5.0612,3.7215,4.6146,3.3245,1.4886,0.8932,0.2481,0.0496,1.1909,0.6451,0.0,0.0,69,72,131,1743.856990295418,20,8,0,89,80,0.0,3.4238,3.5726,6.5002,86.5295,0.9924,0.397,0.0,4.4161,3.9696,0.0,-0.31,-0.17,29,14,12,6,17,8,48.28,1.439,0.6947,0.5954,0.2977,0.8435,0.397,706,35,40,3,0.0,65,5,0,0,0,8,0,0.0,0,0,0,0,0,0,32,3,0.0,35.0314,1.7367,1.9848,0.1489,0.0,3.2253,0.2481,0.0,0.0,0.0,0.397,0.0,0.0,0.0,0.0,0.0,0.0,0.0,0.0,1.5878,0.1489,0.0,25,15,27,21,13,11,3,27,13,11,3,10,19,8,5,1,14,7,104,36,58,10,14,0,1075,11,60.0,77.78,42.11,71,44,61.97,14,62,80,16,1.2405,0.7443,1.3397,1.042,0.6451,0.5458,0.1489,1.3397,0.6451,0.5458,0.1489,0.4962,0.9428,0.397,0.2481,0.0496,0.6947,0.3473,5.1604,1.7863,2.8779,0.4962,0.6947,0.0,53.3411,0.5458,3.523,2.1833,0.6947,3.0764,3.9696,0.7939,8,10,0,3,0,0,0.397,0.4962,0.0,0.1489,0.0,0.0,14,1,3,1,11,0,0,0,3,1,11,0,343.20256703989304,,4,24.51,0.6947,0.0496,0.1489,0.0496,0.5458,0.0,0.0,0.0,0.1489,0.0496,0.5458,0.0,17.0296,0.1985,15,11,38,0,0,2,,,73.33,0.7443,0.5458,1.8855,0.0,0.0,0.0992,3,0,0,0,0,0,0,100.0,0.1489,0.0,0.0,0.0,0.0,0.0,0.0,31,38,18,22,7,7,12,15,13,14,0,1,8,6,25,15,18,9,1.5382,1.8855,0.8932,1.0916,0.3473,0.3473,0.5954,0.7443,0.6451,0.6947,0.0,0.0496,0.397,0.2977,1.2405,0.7443,0.8932,0.4466,1813.8,25,1500-2000,True,27.224,27.224,10.083,19.158,104.864,1.3508,1.3508,0.5003,0.9506,5.2033,-0.12,1.301
tgu7kztdu9azmvirwu8rrip6,K. Saito,Sparta Rotterdam,599,438,161,274,3,42,28,212,170,345,240,395,306,152,114,52,18,42,14,30,16,13,3,55,13,0,0,73.12,33.33,53.33,66.67,80.19,69.57,77.47,75.0,34.62,23.08,23.64,,29.7697,21.7682,8.0015,13.6175,0.1491,2.0874,1.3916,10.5362,8.4488,17.1462,11.9278,19.6311,15.2079,7.5543,5.6657,2.5844,0.8946,2.0874,0.6958,1.491,0.7952,0.6461,0.1491,2.7334,0.6461,0.0,0.0,64,26,95,1185.3892529182033,27,9,16,91,35,16.0,3.1807,1.2922,4.7214,58.9127,1.3419,0.4473,0.7952,4.5226,1.7395,0.7952,-0.413,-0.125,68,16,46,10,22,6,23.53,3.3795,0.7952,2.2862,0.497,1.0934,0.2982,483,140,39,7,0.0,69,10,1,1,0.0,10,1,0.0,0,0,0,0,0,0,28,5,0.0,24.0046,6.9579,1.9383,0.3479,0.0,3.4292,0.497,0.0497,0.0497,0.0,0.497,0.0497,0.0,0.0,0.0,0.0,0.0,0.0,0.0,1.3916,0.2485,0.0,94,38,16,11,8,4,4,5,1,4,0,22,30,11,9,5,21,6,80,34,32,14,31,0,862,106,40.43,68.75,36.67,140,60,42.86,31,43,40,18,4.6717,1.8886,0.7952,0.5467,0.3976,0.1988,0.1988,0.2485,0.0497,0.1988,0.0,1.0934,1.491,0.5467,0.4473,0.2485,1.0437,0.2982,3.9759,1.6898,1.5904,0.6958,1.5407,0.0,42.8406,5.2681,6.9579,2.9819,1.5407,2.1371,1.988,0.8946,13,35,0,0,0,0,0.6461,1.7395,0.0,0.0,0.0,0.0,50,3,8,1,36,1,6,1,34,2,16,1,905.0567102139635,,10,18.1,2.485,0.1491,0.3976,0.0497,1.7892,0.0497,0.2982,0.0497,1.6898,0.0994,0.7952,0.0497,44.9805,0.497,36,9,11,0,0,4,,,25.0,1.7892,0.4473,0.5467,0.0,0.0,0.1988,3,0,0,0,0,0,0,100.0,0.1491,0.0,0.0,0.0,0.0,0.0,0.0,29,35,22,17,31,19,6,10,3,2,0,3,22,28,26,13,11,5,1.4413,1.7395,1.0934,0.8449,1.5407,0.9443,0.2982,0.497,0.1491,0.0994,0.0,0.1491,1.0934,1.3916,1.2922,0.6461,0.5467,0.2485,1810.9,22,1500-2000,True,15.1,4.719,20.763,28.313,75.5,0.7505,0.2345,1.0319,1.4071,3.7523,-0.808,-0.892
armxucjqaulvwfxyufovg3je1,N. Bakboord,Heracles Almelo,845,677,341,334,2,230,167,469,407,146,103,341,277,398,341,106,59,143,85,52,29,0,0,38,9,0,0,80.12,59.44,55.77,72.61,86.78,70.55,81.23,85.68,55.66,,23.68,,42.0817,33.7151,16.9821,16.6335,0.0996,11.4542,8.3167,23.3566,20.2689,7.2709,5.1295,16.9821,13.7948,19.8207,16.9821,5.2789,2.9382,7.1215,4.2331,2.5896,1.4442,0.0,0.0,1.8924,0.4482,0.0,0.0,92,68,114,1502.223407601328,8,5,0,100,73,0.0,4.5817,3.3865,5.6773,74.8119,0.3984,0.249,0.0,4.9801,3.6355,0.0,0.182,0.069,38,9,0,0,38,9,23.68,1.8924,0.4482,0.0,0.0,1.8924,0.4482,503,22,11,1,0.0,20,1,0,0,0,6,1,0.0,0,0,0,0,0,0,5,0,0.0,25.0498,1.0956,0.5478,0.0498,0.0,0.996,0.0498,0.0,0.0,0.0,0.2988,0.0498,0.0,0.0,0.0,0.0,0.0,0.0,0.0,0.249,0.0,0.0,33,12,43,29,30,13,0,17,11,5,1,49,33,14,28,12,5,2,82,50,31,1,16,1,991,6,36.36,67.44,42.42,109,55,50.46,17,91,49,2,1.6434,0.5976,2.1414,1.4442,1.494,0.6474,0.0,0.8466,0.5478,0.249,0.0498,2.4402,1.6434,0.6972,1.3944,0.5976,0.249,0.0996,4.0837,2.49,1.5438,0.0498,0.7968,0.0498,49.3526,0.2988,5.4283,2.739,0.8466,4.5319,2.4402,0.0996,36,26,3,4,0,0,1.7928,1.2948,0.1494,0.1992,0.0,0.0,7,1,2,1,5,0,0,0,4,0,3,1,215.75270070726793,,2,30.82,0.3486,0.0498,0.0996,0.0498,0.249,0.0,0.0,0.0,0.1992,0.0,0.1494,0.0498,10.7447,0.0996,0,0,18,0,0,136,,,,0.0,0.0,0.8964,0.0,0.0,6.7729,9,0,0,0,0,0,0,100.0,0.4482,0.0,0.0,0.0,0.0,0.0,0.0,43,49,5,6,3,4,19,24,8,9,1,0,5,2,7,4,19,24,2.1414,2.4402,0.249,0.2988,0.1494,0.1992,0.9462,1.1952,0.3984,0.4482,0.0498,0.0,0.249,0.0996,0.3486,0.1992,0.9462,1.1952,1807.2,22,1500-2000,True,39.97,15.802,45.547,30.675,76.222,1.9905,0.787,2.2683,1.5276,3.7959,0.613,0.193
90vny1388bdhx8103lp9njac4,J. Amofa,Go Ahead Eagles,772,628,449,176,3,352,277,386,328,34,23,271,235,371,322,130,71,133,57,60,33,0,0,1,0,0,0,81.35,42.86,55.0,78.69,84.97,67.65,86.72,86.79,54.62,,0.0,,38.7161,31.4945,22.5176,8.8265,0.1505,17.653,13.8917,19.3581,16.4493,1.7051,1.1535,13.5908,11.7854,18.6058,16.1484,6.5196,3.5607,6.67,2.8586,3.009,1.655,0.0,0.0,0.0502,0.0,0.0,0.0,116,79,87,1247.9630273125586,2,1,0,118,80,0.0,5.8175,3.9619,4.3631,62.5859,0.1003,0.0502,0.0,5.9178,4.012,0.0,0.706,0.468,1,0,1,0,0,0,0.0,0.0502,0.0,0.0502,0.0,0.0,0.0,489,7,6,0,0.0,15,0,0,0,0,0,0,0,0,0,0,0,0,0,6,0,0.0,24.5236,0.3511,0.3009,0.0,0.0,0.7523,0.0,0.0,0.0,0.0,0.0,0.0,0.0,0.0,0.0,0.0,0.0,0.0,0.0,0.3009,0.0,0.0,16,8,31,19,25,6,0,17,8,9,0,52,39,21,28,16,11,5,82,48,34,0,5,1,882,8,50.0,61.29,53.85,86,48,55.81,6,81,49,0,0.8024,0.4012,1.5547,0.9529,1.2538,0.3009,0.0,0.8526,0.4012,0.4514,0.0,2.6078,1.9559,1.0532,1.4042,0.8024,0.5517,0.2508,4.1123,2.4072,1.7051,0.0,0.2508,0.0502,44.2327,0.4012,4.3129,2.4072,0.3009,4.0622,2.4574,0.0,16,15,15,6,0,1,0.8024,0.7523,0.7523,0.3009,0.0,0.0502,3,1,1,1,0,0,2,0,3,1,0,0,25.64541009561134,,1,8.55,0.1505,0.0502,0.0502,0.0502,0.0,0.0,0.1003,0.0,0.1505,0.0502,0.0,0.0,1.2861,0.0502,0,0,23,0,0,1,,,,0.0,0.0,1.1535,0.0,0.0,0.0502,26,0,0,0,0,0,0,100.0,1.3039,0.0,0.0,0.0,0.0,0.0,0.0,70,46,4,2,0,3,16,15,6,11,0,1,2,1,4,2,15,16,3.5105,2.3069,0.2006,0.1003,0.0,0.1505,0.8024,0.7523,0.3009,0.5517,0.0,0.0502,0.1003,0.0502,0.2006,0.1003,0.7523,0.8024,1794.6,23,1500-2000,True,28.398,15.573,47.636,35.727,75.118,1.4242,0.781,2.389,1.7917,3.7672,-0.036,0.182
7o8auo4uu5mzh7f4a44ucdf8q,D. Min,RKC Waalwijk,308,210,76,134,0,22,12,159,113,127,85,204,141,84,61,20,8,14,5,39,12,2,0,2,0,0,0,68.18,35.71,30.77,54.55,71.07,66.93,69.12,72.62,40.0,0.0,0.0,,15.4895,10.561,3.8221,6.7389,0.0,1.1064,0.6035,7.9962,5.6828,6.3869,4.2747,10.2593,7.091,4.2244,3.0677,1.0058,0.4023,0.7041,0.2515,1.9613,0.6035,0.1006,0.0,0.1006,0.0,0.0,0.0,15,11,40,483.9369165294489,10,5,4,25,16,4.0,0.7544,0.5532,2.0116,24.3375,0.5029,0.2515,0.2012,1.2573,0.8046,0.2012,-1.443,-1.513,4,0,3,0,1,0,0.0,0.2012,0.0,0.1509,0.0,0.0503,0.0,304,185,16,1,0.0,37,1,0,0,0,0,0,0,1,0,0.0,0,0,0,15,1,0.0,15.2883,9.3038,0.8046,0.0503,0.0,1.8608,0.0503,0.0,0.0,0.0,0.0,0.0,0.0,0.0503,0.0,0.0,0.0,0.0,0.0,0.7544,0.0503,0.0,50,23,18,9,0,8,10,3,1,1,1,15,74,30,14,6,60,24,66,14,39,13,44,0,535,75,46.0,50.0,40.54,142,62,43.66,44,15,48,24,2.5145,1.1567,0.9052,0.4526,0.0,0.4023,0.5029,0.1509,0.0503,0.0503,0.0503,0.7544,3.7215,1.5087,0.7041,0.3017,3.0174,1.207,3.3192,0.7041,1.9613,0.6538,2.2128,0.0,26.9055,3.7718,7.1413,3.118,2.2128,0.7544,2.4139,1.207,21,21,0,3,0,0,1.0561,1.0561,0.0,0.1509,0.0,0.0,55,10,9,2,35,7,11,1,44,7,11,3,864.4264792355747,,11,15.72,2.766,0.5029,0.4526,0.1006,1.7602,0.352,0.5532,0.0503,2.2128,0.352,0.5532,0.1509,43.4725,0.5532,0,0,0,0,0,0,,,,0.0,0.0,0.0,0.0,0.0,0.0,3,0,0,0,0,0,0,100.0,0.1509,0.0,0.0,0.0,0.0,0.0,0.0,5,10,8,8,26,29,10,8,2,1,5,5,26,29,9,7,11,7,0.2515,0.5029,0.4023,0.4023,1.3076,1.4584,0.5029,0.4023,0.1006,0.0503,0.2515,0.2515,1.3076,1.4584,0.4526,0.352,0.5532,0.352,1789.6,29,1500-2000,True,16.453,2.742,13.711,67.64,60.328,0.8274,0.1379,0.6895,3.4017,3.0339,-0.72,-1.082
5bm516z74pbsyfemsathj3umt,M. Engels,Heracles Almelo,329,231,83,147,1,24,16,129,112,176,103,175,131,100,69,54,31,50,27,0,0,8,0,56,18,0,0,70.21,54.0,,66.67,86.82,58.52,74.86,69.0,57.41,0.0,32.14,,16.7335,11.7491,4.2215,7.4767,0.0509,1.2207,0.8138,6.5612,5.6965,8.9517,5.2388,8.9008,6.6629,5.0862,3.5095,2.7465,1.5767,2.5431,1.3733,0.0,0.0,0.4069,0.0,2.8483,0.9155,0.0,0.0,38,17,50,558.3872495903845,10,5,7,48,22,7.0,1.9327,0.8647,2.5431,28.4006,0.5086,0.2543,0.356,2.4414,1.119,0.356,-0.943,-1.01,64,18,29,5,35,13,28.12,3.2552,0.9155,1.475,0.2543,1.7802,0.6612,242,116,26,3,0.0,43,5,0,0,0,13,0,0.0,0,0,0,3,1,0.0,10,2,0.0,12.3086,5.9,1.3224,0.1526,0.0,2.1871,0.2543,0.0,0.0,0.0,0.6612,0.0,0.0,0.0,0.0,0.0,0.1526,0.0509,0.0,0.5086,0.1017,0.0,55,18,13,9,8,4,1,0,0,0,0,9,33,5,9,0,24,5,59,23,28,8,24,0,500,59,32.73,69.23,15.15,101,32,31.68,24,31,32,9,2.7974,0.9155,0.6612,0.4578,0.4069,0.2034,0.0509,0.0,0.0,0.0,0.0,0.4578,1.6784,0.2543,0.4578,0.0,1.2207,0.2543,3.0008,1.1698,1.4241,0.4069,1.2207,0.0,25.4309,3.0008,5.137,1.6276,1.2207,1.5767,1.6276,0.4578,22,22,0,4,0,0,1.119,1.119,0.0,0.2034,0.0,0.0,27,5,11,2,15,2,1,1,22,5,5,0,467.33636760050746,,8,17.31,1.3733,0.2543,0.5595,0.1017,0.7629,0.1017,0.0509,0.0509,1.119,0.2543,0.2543,0.0,23.7696,0.4069,40,26,11,0,0,12,,,65.0,2.0345,1.3224,0.5595,0.0,0.0,0.6103,0,0,0,0,0,0,0,,0.0,0.0,0.0,0.0,0.0,0.0,0.0,15,23,8,18,7,20,6,7,0,0,2,3,16,11,14,12,7,6,0.7629,1.1698,0.4069,0.9155,0.356,1.0172,0.3052,0.356,0.0,0.0,0.1017,0.1526,0.8138,0.5595,0.7121,0.6103,0.356,0.3052,1769.5,34,1500-2000,True,12.084,0.0,8.366,30.675,54.842,0.6146,0.0,0.4255,1.5602,2.7894,-0.964,-1.353
9rsuz6bumw4jyw25gpingu25m,C. Sandra,SBV Excelsior,611,489,213,276,0,131,98,362,312,118,79,280,225,258,216,73,48,62,37,42,18,11,1,3,0,0,0,80.03,59.68,42.86,74.81,86.19,66.95,80.36,83.72,65.75,9.09,0.0,,31.117,24.9038,10.8477,14.0561,0.0,6.6716,4.9909,18.4359,15.8895,6.0095,4.0233,14.2598,11.4588,13.1394,11.0005,3.7177,2.4445,3.1575,1.8843,2.139,0.9167,0.5602,0.0509,0.1528,0.0,0.0,0.0,55,47,79,1026.8460806265125,11,8,4,66,55,4.0,2.801,2.3936,4.0233,52.2952,0.5602,0.4074,0.2037,3.3612,2.801,0.2037,-0.574,-0.619,14,1,8,0,6,1,7.14,0.713,0.0509,0.4074,0.0,0.3056,0.0509,448,48,10,1,0.0,30,2,0,0,0,0,0,0,0,0,0,0,0,0,10,1,0.0,22.8158,2.4445,0.5093,0.0509,0.0,1.5278,0.1019,0.0,0.0,0.0,0.0,0.0,0.0,0.0,0.0,0.0,0.0,0.0,0.0,0.5093,0.0509,0.0,33,13,34,17,17,11,6,15,6,8,1,22,36,14,13,3,23,11,77,30,39,8,19,0,767,35,39.39,50.0,38.89,103,44,42.72,19,53,58,15,1.6806,0.6621,1.7316,0.8658,0.8658,0.5602,0.3056,0.7639,0.3056,0.4074,0.0509,1.1204,1.8334,0.713,0.6621,0.1528,1.1713,0.5602,3.9215,1.5278,1.9862,0.4074,0.9676,0.0,39.0618,1.7825,5.2456,2.2408,0.9676,2.6992,2.9538,0.7639,14,7,0,2,0,0,0.713,0.3565,0.0,0.1019,0.0,0.0,21,1,14,0,6,1,1,0,14,1,7,0,338.22174295275056,,2,16.11,1.0695,0.0509,0.713,0.0,0.3056,0.0509,0.0509,0.0,0.713,0.0509,0.3565,0.0,17.225,0.1019,3,2,11,0,0,6,,,66.67,0.1528,0.1019,0.5602,0.0,0.0,0.3056,6,0,0,0,0,0,0,100.0,0.3056,0.0,0.0,0.0,0.0,0.0,0.0,28,27,6,4,10,11,19,15,8,7,1,0,13,8,4,6,11,23,1.426,1.3751,0.3056,0.2037,0.5093,0.5602,0.9676,0.7639,0.4074,0.3565,0.0509,0.0,0.6621,0.4074,0.2037,0.3056,0.5602,1.1713,1767.2,26,1500-2000,True,31.221,13.774,20.202,33.057,70.706,1.59,0.7015,1.0288,1.6835,3.6009,0.154,0.025
1q0v3qpciql8rkyz4qrlvbuju,J. Breum,Go Ahead Eagles,660,489,201,287,1,61,46,273,222,326,221,366,284,221,174,73,31,69,27,24,15,1,0,72,13,0,0,74.09,39.13,62.5,75.41,81.32,67.79,77.6,78.73,42.47,0.0,18.06,,33.6144,24.9052,10.2371,14.6172,0.0509,3.1068,2.3428,13.9041,11.3067,16.6035,11.2557,18.6407,14.4644,11.2557,8.862,3.718,1.5789,3.5142,1.3751,1.2223,0.764,0.0509,0.0,3.667,0.6621,0.0,0.0,73,39,77,906.5782289959959,14,9,7,87,48,7.0,3.718,1.9863,3.9217,46.1728,0.713,0.4584,0.3565,4.431,2.4447,0.3565,-0.185,-0.164,73,13,27,6,46,7,17.81,3.718,0.6621,1.3751,0.3056,2.3428,0.3565,502,113,38,2,0.0,76,5,2,1,0.0,6,0,0.0,2,0,0.0,1,0,0.0,27,1,0.0,25.5673,5.7552,1.9354,0.1019,0.0,3.8707,0.2547,0.1019,0.0509,0.0,0.3056,0.0,0.0,0.1019,0.0,0.0,0.0509,0.0,0.0,1.3751,0.0509,0.0,53,24,29,18,14,8,7,11,4,6,1,18,22,4,11,2,11,2,91,28,48,15,19,0,860,74,45.28,62.07,18.18,104,46,44.23,19,46,62,23,2.6993,1.2223,1.477,0.9168,0.713,0.4074,0.3565,0.5602,0.2037,0.3056,0.0509,0.9168,1.1205,0.2037,0.5602,0.1019,0.5602,0.1019,4.6347,1.4261,2.4447,0.764,0.9677,0.0,43.8006,3.7689,5.2968,2.3428,0.9677,2.3428,3.1577,1.1714,14,21,0,2,0,0,0.713,1.0695,0.0,0.1019,0.0,0.0,57,3,11,1,45,2,1,0,30,3,27,0,1130.902726957188,,5,19.84,2.9031,0.1528,0.5602,0.0509,2.2919,0.1019,0.0509,0.0,1.5279,0.1528,1.3751,0.0,57.5979,0.2547,34,15,14,0,0,13,,,44.12,1.7317,0.764,0.713,0.0,0.0,0.6621,3,0,0,0,0,0,0,100.0,0.1528,0.0,0.0,0.0,0.0,0.0,0.0,28,45,12,26,20,37,15,14,3,8,1,2,25,32,17,21,12,17,1.4261,2.2919,0.6112,1.3242,1.0186,1.8844,0.764,0.713,0.1528,0.4074,0.0509,0.1019,1.2733,1.6298,0.8658,1.0695,0.6112,0.8658,1767.1,34,1500-2000,True,26.566,10.077,16.489,20.154,83.362,1.353,0.5132,0.8398,1.0265,4.2457,-0.117,-0.345
8822s8ns7oyvjqade4oaxzg0l,O. Buur,FC Volendam,658,483,241,242,0,163,113,308,240,187,130,332,267,245,177,81,39,128,69,53,34,0,0,31,3,0,0,73.4,53.91,64.15,69.33,77.92,69.52,80.42,72.24,48.15,,9.68,,33.6745,24.7185,12.3337,12.3849,0.0,8.3419,5.783,15.7625,12.2825,9.5701,6.653,16.9908,13.6643,12.5384,9.0583,4.1453,1.9959,6.5507,3.5312,2.7124,1.74,0.0,0.0,1.5865,0.1535,0.0,0.0,80,47,91,1072.5128875042622,16,12,6,96,59,6.0,4.0942,2.4053,4.6571,54.8881,0.8188,0.6141,0.3071,4.913,3.0194,0.3071,-0.025,0.041,31,3,0,0,31,3,9.68,1.5865,0.1535,0.0,0.0,1.5865,0.1535,336,51,19,1,0.0,32,2,1,0,0.0,3,0,0.0,2,0,0.0,0,0,0,13,1,0.0,17.1955,2.61,0.9724,0.0512,0.0,1.6377,0.1024,0.0512,0.0,0.0,0.1535,0.0,0.0,0.1024,0.0,0.0,0.0,0.0,0.0,0.6653,0.0512,0.0,39,16,42,28,24,12,6,13,6,7,0,52,14,3,13,2,1,1,90,54,33,3,11,0,805,28,41.03,66.67,21.43,95,47,49.47,11,84,52,9,1.9959,0.8188,2.1494,1.433,1.2282,0.6141,0.3071,0.6653,0.3071,0.3582,0.0,2.6612,0.7165,0.1535,0.6653,0.1024,0.0512,0.0512,4.6059,2.7636,1.6888,0.1535,0.5629,0.0,41.1975,1.433,4.8618,2.4053,0.5629,4.2989,2.6612,0.4606,10,15,3,3,0,0,0.5118,0.7677,0.1535,0.1535,0.0,0.0,8,0,0,0,8,0,0,0,4,0,4,0,176.30576928657788,,1,22.04,0.4094,0.0,0.0,0.0,0.4094,0.0,0.0,0.0,0.2047,0.0,0.2047,0.0,9.0228,0.0512,0,0,7,0,0,139,,,,0.0,0.0,0.3582,0.0,0.0,7.1136,6,0,0,0,0,0,0,100.0,0.3071,0.0,0.0,0.0,0.0,0.0,0.0,43,37,9,10,4,4,23,19,6,7,0,0,2,6,13,6,15,27,2.2006,1.8936,0.4606,0.5118,0.2047,0.2047,1.1771,0.9724,0.3071,0.3582,0.0,0.0,0.1024,0.3071,0.6653,0.3071,0.7677,1.3818,1758.6,24,1500-2000,True,35.779,11.075,44.298,11.926,76.67,1.8311,0.5668,2.267,0.6103,3.9237,0.431,-0.239
11ceernyer8po8soj8dmygatx,T. Wellenreuther,Feyenoord Rotterdam,706,566,551,14,1,676,540,30,26,0,0,179,179,285,278,242,109,231,97,1,1,0,0,0,0,0,0,80.17,41.99,100.0,79.88,86.67,,100.0,97.54,45.04,,,,36.2733,29.0803,28.3096,0.7193,0.0514,34.732,27.7445,1.5414,1.3358,0.0,0.0,9.1968,9.1968,14.6429,14.2833,12.4336,5.6003,11.8685,4.9837,0.0514,0.0514,0.0,0.0,0.0,0.0,0.0,0.0,84,25,49,861.2890885725618,0,0,0,84,25,0.0,4.3158,1.2845,2.5176,44.2519,0.0,0.0,0.0,4.3158,1.2845,0.0,0.069,-0.213,0,0,0,0,0,0,,0.0,0.0,0.0,0.0,0.0,0.0,332,0,4,0,0.0,9,0,0,0,0,0,0,0,0,0,0,0,0,0,4,0,0.0,17.0577,0.0,0.2055,0.0,0.0,0.4624,0.0,0.0,0.0,0.0,0.0,0.0,0.0,0.0,0.0,0.0,0.0,0.0,0.0,0.2055,0.0,0.0,0,0,1,1,1,0,0,0,0,0,0,8,0,0,0,0,0,0,46,44,2,0,0,0,717,0,,100.0,,1,1,100.0,0,45,2,0,0.0,0.0,0.0514,0.0514,0.0514,0.0,0.0,0.0,0.0,0.0,0.0,0.411,0.0,0.0,0.0,0.0,0.0,0.0,2.3634,2.2607,0.1028,0.0,0.0,0.0,36.8385,0.0,0.0514,0.0514,0.0,2.312,0.1028,0.0,1,0,0,3,0,0,0.0514,0.0,0.0,0.1541,0.0,0.0,0,0,0,0,0,0,0,0,0,0,0,0,0,,0,,0.0,0.0,0.0,0.0,0.0,0.0,0.0,0.0,0.0,0.0,0.0,0.0,0.0,0.0,0,0,32,0,0,0,,,,0.0,0.0,1.6441,0.0,0.0,0.0,34,20,4,128,0,1,18,100.0,1.7469,1.0276,0.2055,6.5765,0.0,0.0514,0.9248,27,57,1,3,0,0,0,1,0,0,0,0,0,0,1,3,0,1,1.3872,2.9286,0.0514,0.1541,0.0,0.0,0.0,0.0514,0.0,0.0,0.0,0.0,0.0,0.0,0.0514,0.1541,0.0,0.0514,1751.7,19,1500-2000,True,1.309,0.0,10.468,0.0,60.191,0.0673,0.0,0.5378,0.0,3.0925,-1.591,-1.353
eqjelc731e1xrp95bpysx0pka,E. Cornelisse,SBV Vitesse,653,462,247,213,2,166,114,333,250,154,98,293,224,241,183,119,55,140,62,61,31,56,18,1,0,0,0,70.75,44.29,50.82,68.67,75.08,63.64,76.45,75.93,46.22,32.14,0.0,,33.6965,23.8404,12.7458,10.9913,0.1032,8.566,5.8827,17.1836,12.9006,7.9468,5.057,15.1195,11.559,12.4362,9.4433,6.1407,2.8381,7.2244,3.1994,3.1478,1.5997,2.8897,0.9288,0.0516,0.0,0.0,0.0,92,54,70,847.662359785417,4,2,1,96,56,1.0,4.7474,2.7865,3.6122,43.7415,0.2064,0.1032,0.0516,4.9538,2.8897,0.0516,0.252,0.058,57,18,36,13,21,5,31.58,2.9413,0.9288,1.8577,0.6708,1.0837,0.258,345,30,17,0,0.0,28,0,0,0,0,10,0,0.0,1,0,0.0,2,0,0.0,4,0,0.0,17.8029,1.5481,0.8772,0.0,0.0,1.4449,0.0,0.0,0.0,0.0,0.516,0.0,0.0,0.0516,0.0,0.0,0.1032,0.0,0.0,0.2064,0.0,0.0,11,7,30,16,15,14,1,17,10,7,0,37,29,13,17,7,12,6,54,32,19,3,2,1,752,7,63.64,53.33,44.83,70,36,51.43,3,57,40,4,0.5676,0.3612,1.5481,0.8256,0.774,0.7224,0.0516,0.8772,0.516,0.3612,0.0,1.9093,1.4965,0.6708,0.8772,0.3612,0.6192,0.3096,2.7865,1.6513,0.9804,0.1548,0.1032,0.0516,38.8051,0.3612,3.6122,1.8577,0.1548,2.9413,2.0641,0.2064,12,5,4,2,0,0,0.6192,0.258,0.2064,0.1032,0.0,0.0,3,0,3,0,0,0,0,0,0,0,3,0,80.26388545408982,,0,26.75,0.1548,0.0,0.1548,0.0,0.0,0.0,0.0,0.0,0.0,0.0,0.1548,0.0,4.1418,0.0,28,12,36,0,0,81,,,42.86,1.4449,0.6192,1.8577,0.0,0.0,4.1798,4,0,0,0,0,0,0,100.0,0.2064,0.0,0.0,0.0,0.0,0.0,0.0,26,66,1,16,0,3,11,19,8,9,0,0,2,1,12,5,12,18,1.3417,3.4058,0.0516,0.8256,0.0,0.1548,0.5676,0.9804,0.4128,0.4644,0.0,0.0,0.1032,0.0516,0.6192,0.258,0.6192,0.9288,1744.1,27,1500-2000,True,30.249,17.141,37.307,29.241,54.449,1.5609,0.8845,1.9251,1.5089,2.8097,0.121,0.385
25vb30mtetefhp3ix26nlhx0q,M. Tillman,PSV Eindhoven,759,617,214,403,0,56,40,313,273,390,304,472,389,233,199,54,29,47,26,24,12,5,0,25,5,0,0,81.29,55.32,50.0,71.43,87.22,77.95,82.42,85.41,53.7,0.0,20.0,,39.465,32.0816,11.1272,20.9544,0.0,2.9118,2.0798,16.2748,14.1949,20.2785,15.8068,24.5421,20.2265,12.1151,10.3472,2.8078,1.5079,2.4438,1.3519,1.2479,0.624,0.26,0.0,1.2999,0.26,0.0,0.0,68,33,125,1547.590460817263,27,16,13,95,49,13.0,3.5357,1.7159,6.4995,80.4686,1.4039,0.8319,0.6759,4.9396,2.5478,0.6759,-0.262,0.052,30,5,17,1,13,4,16.67,1.5599,0.26,0.8839,0.052,0.6759,0.208,650,153,55,9,0.0,90,11,2,0,0.0,4,0,0.0,1,0,0.0,0,0,0,48,9,0.0,33.7974,7.9554,2.8598,0.468,0.0,4.6796,0.572,0.104,0.0,0.0,0.208,0.0,0.0,0.052,0.0,0.0,0.0,0.0,0.0,2.4958,0.468,0.0,88,38,40,24,17,15,8,15,6,6,3,10,21,13,14,8,7,5,120,31,61,28,38,0,1017,127,43.18,60.0,61.9,149,75,50.34,38,54,82,39,4.5757,1.9759,2.0798,1.2479,0.8839,0.7799,0.416,0.7799,0.312,0.312,0.156,0.52,1.0919,0.6759,0.7279,0.416,0.364,0.26,6.2395,1.6119,3.1718,1.4559,1.9759,0.0,52.88,6.6035,7.7474,3.8997,1.9759,2.8078,4.2637,2.0278,23,47,0,2,0,0,1.1959,2.4438,0.0,0.104,0.0,0.0,51,9,7,1,38,7,6,1,39,9,12,0,741.3764077278798,,18,14.54,2.6518,0.468,0.364,0.052,1.9759,0.364,0.312,0.052,2.0278,0.468,0.624,0.0,38.5487,0.9359,8,5,7,0,0,23,,,62.5,0.416,0.26,0.364,0.0,0.0,1.1959,4,0,0,0,0,0,0,100.0,0.208,0.0,0.0,0.0,0.0,0.0,0.0,23,45,22,33,23,28,16,24,7,8,4,5,28,23,25,30,28,12,1.1959,2.3398,1.1439,1.7159,1.1959,1.4559,0.8319,1.2479,0.364,0.416,0.208,0.26,1.4559,1.1959,1.2999,1.5599,1.4559,0.624,1730.9,28,1500-2000,True,56.069,21.026,14.017,29.436,168.208,2.9154,1.0933,0.7288,1.5306,8.7462,1.673,0.795
4sunqn5rh61b4lmywcei3d17u,Z. Booth,FC Volendam,278,192,58,134,0,35,17,135,110,108,65,179,126,76,55,23,11,27,10,17,4,11,0,11,4,0,0,69.06,37.04,23.53,48.57,81.48,60.19,70.39,72.37,47.83,0.0,36.36,,14.5957,10.0805,3.0452,7.0354,0.0,1.8376,0.8925,7.0879,5.7753,5.6703,3.4127,9.398,6.6153,3.9902,2.8876,1.2076,0.5775,1.4176,0.525,0.8925,0.21,0.5775,0.0,0.5775,0.21,0.0,0.0,24,17,45,664.5303471047398,16,10,4,40,27,4.0,1.2601,0.8925,2.3626,34.8896,0.84,0.525,0.21,2.1001,1.4176,0.21,-1.228,-1.155,22,4,9,0,13,4,18.18,1.1551,0.21,0.4725,0.0,0.6825,0.21,220,78,8,2,0.0,19,3,0,0,0,3,1,0.0,0,0,0,0,0,0,5,1,0.0,11.5506,4.0952,0.42,0.105,0.0,0.9975,0.1575,0.0,0.0,0.0,0.1575,0.0525,0.0,0.0,0.0,0.0,0.0,0.0,0.0,0.2625,0.0525,0.0,38,17,16,8,5,8,3,8,6,2,0,16,59,13,19,4,40,9,53,21,30,2,22,0,447,47,44.74,50.0,22.03,113,38,33.63,22,32,40,5,1.9951,0.8925,0.84,0.42,0.2625,0.42,0.1575,0.42,0.315,0.105,0.0,0.84,3.0977,0.6825,0.9975,0.21,2.1001,0.4725,2.7826,1.1026,1.5751,0.105,1.1551,0.0,23.4687,2.4676,5.9328,1.9951,1.1551,1.6801,2.1001,0.2625,9,12,0,0,0,0,0.4725,0.63,0.0,0.0,0.0,0.0,31,2,6,0,24,2,1,0,23,1,8,1,543.4042212132174,,4,17.53,1.6276,0.105,0.315,0.0,1.2601,0.105,0.0525,0.0,1.2076,0.0525,0.42,0.0525,28.5301,0.21,1,0,0,0,0,1,,,0.0,0.0525,0.0,0.0,0.0,0.0,0.0525,1,0,0,0,0,0,0,100.0,0.0525,0.0,0.0,0.0,0.0,0.0,0.0,9,15,3,5,11,20,5,11,6,2,1,1,16,15,4,4,7,9,0.4725,0.7875,0.1575,0.2625,0.5775,1.0501,0.2625,0.5775,0.315,0.105,0.0525,0.0525,0.84,0.7875,0.21,0.21,0.3675,0.4725,1714.2,27,1500-2000,True,13.63,6.815,13.63,50.261,45.15,0.7156,0.3578,0.7156,2.6388,2.3705,-0.848,-0.65
8gblufcpx2yb27qdg1e12yne1,R. Niemeijer,RKC Waalwijk,400,266,118,147,1,50,28,207,149,143,89,229,155,132,93,39,18,40,17,43,20,1,0,23,4,0,0,66.5,42.5,46.51,56.0,71.98,62.24,67.69,70.45,46.15,0.0,17.39,,21.2189,14.1106,6.2596,7.7979,0.053,2.6524,1.4853,10.9808,7.904,7.5858,4.7212,12.1478,8.2223,7.0022,4.9334,2.0688,0.9549,2.1219,0.9018,2.281,1.0609,0.053,0.0,1.2201,0.2122,0.0,0.0,25,18,34,421.97753117004197,12,6,2,37,24,2.0,1.3262,0.9549,1.8036,22.3848,0.6366,0.3183,0.1061,1.9627,1.2731,0.1061,-1.2,-1.213,24,4,8,1,16,3,16.67,1.2731,0.2122,0.4244,0.053,0.8488,0.1591,313,122,19,1,0.0,35,3,1,1,0.0,4,0,0.0,0,0,0,0,0,0,14,0,0.0,16.6038,6.4718,1.0079,0.053,0.0,1.8567,0.1591,0.053,0.053,0.0,0.2122,0.0,0.0,0.0,0.0,0.0,0.0,0.0,0.0,0.7427,0.0,0.0,33,11,13,7,4,3,6,7,4,2,1,15,57,17,17,2,40,15,57,22,25,10,10,0,543,50,33.33,53.85,29.82,103,35,33.98,10,30,30,17,1.7506,0.5835,0.6896,0.3713,0.2122,0.1591,0.3183,0.3713,0.2122,0.1061,0.053,0.7957,3.0237,0.9018,0.9018,0.1061,2.1219,0.7957,3.0237,1.167,1.3262,0.5305,0.5305,0.0,28.8047,2.6524,5.4639,1.8567,0.5305,1.5914,1.5914,0.9018,20,22,0,1,0,0,1.0609,1.167,0.0,0.053,0.0,0.0,36,2,6,1,18,1,12,0,25,1,11,1,585.8613380770244,,3,16.27,1.9097,0.1061,0.3183,0.053,0.9549,0.053,0.6366,0.0,1.3262,0.053,0.5835,0.053,31.0783,0.1591,14,6,3,0,0,1,,,42.86,0.7427,0.3183,0.1591,0.0,0.0,0.053,1,0,0,0,0,0,0,100.0,0.053,0.0,0.0,0.0,0.0,0.0,0.0,15,10,11,8,13,23,8,5,2,5,1,1,21,15,8,11,9,4,0.7957,0.5305,0.5835,0.4244,0.6896,1.2201,0.4244,0.2652,0.1061,0.2652,0.053,0.053,1.114,0.7957,0.4244,0.5835,0.4774,0.2122,1696.6,29,1500-2000,True,11.883,6.398,13.711,52.101,52.101,0.6304,0.3394,0.7273,2.7638,2.7638,-0.946,-0.686
51tih9z7sxlb4vj3j7tm1ewgl,L. Lamprou,SBV Excelsior,490,345,158,187,0,57,32,214,162,219,151,276,220,154,98,60,27,60,24,34,12,16,5,33,9,0,0,70.41,40.0,35.29,56.14,75.7,68.95,79.71,63.64,45.0,31.25,27.27,,26.0039,18.3089,8.3849,9.9239,0.0,3.0249,1.6982,11.3568,8.5972,11.6221,8.0134,14.6471,11.6752,8.1727,5.2008,3.1842,1.4329,3.1842,1.2737,1.8044,0.6368,0.8491,0.2653,1.7513,0.4776,0.0,0.0,62,30,86,1215.956272437923,22,11,10,84,41,10.0,3.2903,1.5921,4.5639,64.5298,1.1675,0.5838,0.5307,4.4578,2.1758,0.5307,-0.366,-0.153,49,14,23,3,26,11,28.57,2.6004,0.743,1.2206,0.1592,1.3798,0.5838,380,119,22,4,0.0,45,6,0,0,0,11,2,0.0,0,0,0,1,0,0.0,10,2,0.0,20.1663,6.3152,1.1675,0.2123,0.0,2.3881,0.3184,0.0,0.0,0.0,0.5838,0.1061,0.0,0.0,0.0,0.0,0.0531,0.0,0.0,0.5307,0.1061,0.0,54,23,15,10,8,5,2,11,6,4,1,18,47,17,10,5,37,12,73,26,37,10,21,0,698,74,42.59,66.67,36.17,116,50,43.1,21,40,46,13,2.8657,1.2206,0.796,0.5307,0.4246,0.2653,0.1061,0.5838,0.3184,0.2123,0.0531,0.9552,2.4943,0.9022,0.5307,0.2653,1.9636,0.6368,3.874,1.3798,1.9636,0.5307,1.1145,0.0,37.0423,3.9271,6.156,2.6535,1.1145,2.1228,2.4412,0.6899,9,20,0,3,0,1,0.4776,1.0614,0.0,0.1592,0.0,0.0531,50,6,11,2,31,2,8,2,33,6,17,0,832.7223666045072,,10,16.65,2.6535,0.3184,0.5838,0.1061,1.6451,0.1061,0.4246,0.1061,1.7513,0.3184,0.9022,0.0,44.1919,0.5307,1,1,7,0,0,10,,,100.0,0.0531,0.0531,0.3715,0.0,0.0,0.5307,0,0,0,0,0,0,0,,0.0,0.0,0.0,0.0,0.0,0.0,0.0,31,31,11,11,22,28,11,4,7,4,4,2,31,19,12,10,8,7,1.6451,1.6451,0.5838,0.5838,1.1675,1.4859,0.5838,0.2123,0.3715,0.2123,0.2123,0.1061,1.6451,1.0083,0.6368,0.5307,0.4246,0.3715,1695.9,28,1500-2000,True,13.774,10.101,16.529,43.158,67.033,0.731,0.5361,0.8772,2.2904,3.5574,-0.83,-0.3
59ynmlwky3h6m9g2r7a8igi96,T. Parrott,SBV Excelsior,314,216,71,145,0,23,10,144,102,147,104,219,140,80,65,15,11,14,8,44,20,7,2,3,1,0,0,68.79,57.14,45.45,43.48,70.83,70.75,63.93,81.25,73.33,28.57,33.33,,16.6716,11.4683,3.7697,7.6987,0.0,1.2212,0.5309,7.6456,5.4156,7.8048,5.5218,11.6276,7.4332,4.2475,3.4511,0.7964,0.584,0.7433,0.4248,2.3361,1.0619,0.3717,0.1062,0.1593,0.0531,0.0,0.0,16,8,49,797.5382989749627,25,12,10,41,20,10.0,0.8495,0.4248,2.6016,42.3447,1.3274,0.6371,0.5309,2.1769,1.0619,0.5309,-1.402,-1.122,10,3,8,2,2,1,30.0,0.5309,0.1593,0.4248,0.1062,0.1062,0.0531,302,181,19,4,0.0,31,4,0,0,0,2,1,0.0,3,1,0.0,0,0,0,14,2,0.0,16.0345,9.6101,1.0088,0.2124,0.0,1.6459,0.2124,0.0,0.0,0.0,0.1062,0.0531,0.0,0.1593,0.0531,0.0,0.0,0.0,0.0,0.7433,0.1062,0.0,38,16,6,5,2,3,1,1,0,1,0,16,84,31,20,8,64,23,54,15,25,14,18,0,502,93,42.11,83.33,36.9,128,52,40.62,18,17,29,15,2.0176,0.8495,0.3186,0.2655,0.1062,0.1593,0.0531,0.0531,0.0,0.0531,0.0,0.8495,4.4599,1.6459,1.0619,0.4248,3.398,1.2212,2.8671,0.7964,1.3274,0.7433,0.9557,0.0,26.6533,4.9378,6.7961,2.7609,0.9557,0.9026,1.5397,0.7964,7,28,0,2,1,0,0.3717,1.4866,0.0,0.1062,0.0531,0.0,53,10,17,3,28,7,8,0,46,9,7,1,744.7135557079395,,14,14.05,2.814,0.5309,0.9026,0.1593,1.4866,0.3717,0.4248,0.0,2.4423,0.4778,0.3717,0.0531,39.54,0.7433,0,0,0,0,0,5,,,,0.0,0.0,0.0,0.0,0.0,0.2655,3,0,0,0,0,0,0,100.0,0.1593,0.0,0.0,0.0,0.0,0.0,0.0,6,10,11,8,25,28,1,5,0,1,7,3,34,19,13,6,6,0,0.3186,0.5309,0.584,0.4248,1.3274,1.4866,0.0531,0.2655,0.0,0.0531,0.3717,0.1593,1.8052,1.0088,0.6902,0.3186,0.3186,0.0,1695.1,25,1500-2000,True,5.51,0.918,14.692,77.134,49.586,0.2925,0.0487,0.7801,4.0954,2.6327,-1.333,-1.257
ccmmsnrfn58gwi1petlp08f3e,L. Duijvestijn,Almere City FC,604,456,250,206,0,36,26,317,243,251,187,388,287,168,139,48,30,44,24,24,11,0,0,15,4,0,0,75.5,54.55,45.83,72.22,76.66,74.5,73.97,82.74,62.5,,26.67,,32.1847,24.2984,13.3215,10.9769,0.0,1.9183,1.3854,16.8917,12.9485,13.3748,9.9645,20.675,15.2931,8.952,7.4067,2.5577,1.5986,2.3446,1.2789,1.2789,0.5861,0.0,0.0,0.7993,0.2131,0.0,0.0,70,50,114,1328.0289278981884,18,18,7,88,68,7.0,3.73,2.6643,6.0746,70.7653,0.9591,0.9591,0.373,4.6892,3.6234,0.373,-0.18,-0.054,15,4,8,2,7,2,26.67,0.7993,0.2131,0.4263,0.1066,0.373,0.1066,508,154,36,7,0.0,53,10,2,1,0.0,3,0,0.0,0,0,0,0,0,0,31,6,0.0,27.0693,8.206,1.9183,0.373,0.0,2.8242,0.5329,0.1066,0.0533,0.0,0.1599,0.0,0.0,0.0,0.0,0.0,0.0,0.0,0.0,1.6519,0.3197,0.0,38,12,26,18,12,11,3,13,7,6,0,12,52,16,12,5,40,11,92,21,53,18,10,0,760,45,31.58,69.23,30.77,116,46,39.66,10,40,70,21,2.0249,0.6394,1.3854,0.9591,0.6394,0.5861,0.1599,0.6927,0.373,0.3197,0.0,0.6394,2.7709,0.8526,0.6394,0.2664,2.1314,0.5861,4.9023,1.119,2.8242,0.9591,0.5329,0.0,40.4973,2.3979,6.1812,2.4512,0.5329,2.1314,3.73,1.119,19,14,0,2,0,0,1.0124,0.746,0.0,0.1066,0.0,0.0,29,4,3,3,23,1,3,0,18,3,11,1,553.027122600694,,11,19.07,1.5453,0.2131,0.1599,0.1599,1.2256,0.0533,0.1599,0.0,0.9591,0.1599,0.5861,0.0533,29.4686,0.5861,1,1,1,0,0,4,,,100.0,0.0533,0.0533,0.0533,0.0,0.0,0.2131,4,0,0,0,0,0,0,100.0,0.2131,0.0,0.0,0.0,0.0,0.0,0.0,28,42,12,24,8,21,15,11,5,8,2,2,18,11,25,11,12,14,1.492,2.238,0.6394,1.2789,0.4263,1.119,0.7993,0.5861,0.2664,0.4263,0.1066,0.1066,0.9591,0.5861,1.3321,0.5861,0.6394,0.746,1689.0,28,1500-2000,True,23.197,11.598,10.706,46.394,82.082,1.2361,0.618,0.5705,2.4721,4.3738,-0.251,-0.139
dolfy51fw3jycb0cfhoecbo16,H. Akujobi,Almere City FC,680,443,236,204,3,145,84,311,216,224,143,320,256,263,154,97,33,164,51,52,23,1,0,42,10,0,0,65.15,31.1,44.23,57.93,69.45,63.84,80.0,58.56,34.02,0.0,23.81,,36.2495,23.6155,12.5807,10.8748,0.1599,7.7297,4.4779,16.5788,11.5145,11.941,7.6231,17.0586,13.6469,14.02,8.2094,5.1709,1.7592,8.7425,2.7187,2.772,1.2261,0.0533,0.0,2.2389,0.5331,0.0,0.0,87,45,92,1199.321348294945,12,9,2,99,54,2.0,4.6378,2.3989,4.9043,63.9335,0.6397,0.4798,0.1066,5.2775,2.8786,0.1066,0.206,0.196,43,10,0,0,43,10,23.26,2.2922,0.5331,0.0,0.0,2.2922,0.5331,371,40,14,2,0.0,31,4,0,0,0,5,1,0.0,1,0,0.0,1,0,0.0,7,1,0.0,19.7773,2.1323,0.7463,0.1066,0.0,1.6525,0.2132,0.0,0.0,0.0,0.2665,0.0533,0.0,0.0533,0.0,0.0,0.0533,0.0,0.0,0.3732,0.0533,0.0,32,10,39,29,23,13,3,16,7,6,3,33,37,17,18,7,19,10,89,41,42,6,7,0,828,22,31.25,74.36,45.95,108,56,51.85,7,71,61,12,1.7059,0.5331,2.079,1.5459,1.2261,0.693,0.1599,0.8529,0.3732,0.3198,0.1599,1.7592,1.9724,0.9062,0.9595,0.3732,1.0129,0.5331,4.7444,2.1856,2.2389,0.3198,0.3732,0.0,44.1391,1.1728,5.7573,2.9853,0.3732,3.7849,3.2518,0.6397,27,16,3,4,0,0,1.4393,0.8529,0.1599,0.2132,0.0,0.0,15,1,4,1,9,0,2,0,8,0,7,1,386.0649765191008,,3,25.74,0.7996,0.0533,0.2132,0.0533,0.4798,0.0,0.1066,0.0,0.4265,0.0,0.3732,0.0533,20.5804,0.1599,0,0,5,0,0,126,,,,0.0,0.0,0.2665,0.0,0.0,6.7168,11,0,0,0,0,0,0,100.0,0.5864,0.0,0.0,0.0,0.0,0.0,0.0,46,41,4,10,8,7,16,23,8,8,0,1,8,7,5,9,12,27,2.4522,2.1856,0.2132,0.5331,0.4265,0.3732,0.8529,1.2261,0.4265,0.4265,0.0,0.0533,0.4265,0.3732,0.2665,0.4798,0.6397,1.4393,1688.3,23,1500-2000,True,34.795,14.275,29.442,33.011,79.405,1.8549,0.761,1.5695,1.7598,4.2329,0.458,0.142
2teefpvijsbzag4yi7fm1pyol,A. Sampsted,FC Twente,1040,844,426,417,1,350,270,463,403,227,171,523,429,402,353,115,62,166,102,60,34,3,0,33,6,0,0,81.15,61.45,56.67,77.14,87.04,75.33,82.03,87.81,53.91,0.0,18.18,,55.7541,45.2466,22.8377,22.3553,0.0536,18.7634,14.4746,24.8213,21.6047,12.1694,9.1673,28.0379,22.9986,21.5511,18.9242,6.1651,3.3238,8.8992,5.4682,3.2166,1.8227,0.1608,0.0,1.7691,0.3217,0.0,0.0,112,63,120,1429.2078537486234,11,6,2,123,69,2.0,6.0043,3.3774,6.4332,76.6194,0.5897,0.3217,0.1072,6.594,3.6991,0.1072,0.786,0.755,36,6,1,0,35,6,16.67,1.9299,0.3217,0.0536,0.0,1.8763,0.3217,574,25,13,3,0.0,29,4,0,0,0,4,1,0.0,0,0,0,1,0,0.0,8,2,0.0,30.772,1.3402,0.6969,0.1608,0.0,1.5547,0.2144,0.0,0.0,0.0,0.2144,0.0536,0.0,0.0,0.0,0.0,0.0536,0.0,0.0,0.4289,0.1072,0.0,17,6,36,20,25,7,4,30,18,10,2,41,30,14,22,11,8,3,119,63,52,4,7,0,1159,17,35.29,55.56,46.67,83,40,48.19,7,106,69,10,0.9114,0.3217,1.9299,1.0722,1.3402,0.3753,0.2144,1.6083,0.965,0.5361,0.1072,2.198,1.6083,0.7505,1.1794,0.5897,0.4289,0.1608,6.3796,3.3774,2.7877,0.2144,0.3753,0.0,62.1337,0.9114,4.4496,2.1444,0.3753,5.6826,3.6991,0.5361,15,19,6,1,0,0,0.8041,1.0186,0.3217,0.0536,0.0,0.0,10,0,3,0,7,0,0,0,6,0,4,0,196.19508265415055,,3,19.62,0.5361,0.0,0.1608,0.0,0.3753,0.0,0.0,0.0,0.3217,0.0,0.2144,0.0,10.518,0.1608,0,0,25,0,0,196,,,,0.0,0.0,1.3402,0.0,0.0,10.5075,5,0,0,0,0,0,0,100.0,0.268,0.0,0.0,0.0,0.0,0.0,0.0,59,53,9,4,6,4,20,16,17,13,0,0,7,3,8,5,17,19,3.163,2.8413,0.4825,0.2144,0.3217,0.2144,1.0722,0.8578,0.9114,0.6969,0.0,0.0,0.3753,0.1608,0.4289,0.268,0.9114,1.0186,1678.8,24,1500-2000,True,41.026,34.188,46.724,34.188,135.613,2.1994,1.8328,2.5049,1.8328,7.2702,0.853,2.248
egcs7b6ixb62ep08t7jznf9ih,V. Jensen,FC Utrecht,495,389,149,235,5,64,49,266,218,165,122,256,198,200,160,39,31,39,25,42,20,6,1,7,1,0,0,78.59,64.1,47.62,76.56,81.95,73.94,77.34,80.0,79.49,16.67,14.29,,26.964,21.1899,8.1165,12.8011,0.2724,3.4863,2.6692,14.4898,11.8751,8.988,6.6457,13.945,10.7856,10.8946,8.7157,2.1244,1.6887,2.1244,1.3618,2.2879,1.0895,0.3268,0.0545,0.3813,0.0545,0.0,0.0,34,26,37,505.17500091055,14,13,4,48,39,4.0,1.8521,1.4163,2.0155,27.5183,0.7626,0.7081,0.2179,2.6147,2.1244,0.2179,-0.977,-0.936,13,2,3,0,10,2,15.38,0.7081,0.1089,0.1634,0.0,0.5447,0.1089,406,134,24,2,0.0,44,4,1,0,0.0,1,0,0.0,0,0,0,0,0,0,22,2,0.0,22.116,7.2994,1.3073,0.1089,0.0,2.3968,0.2179,0.0545,0.0,0.0,0.0545,0.0,0.0,0.0,0.0,0.0,0.0,0.0,0.0,1.1984,0.1089,0.0,21,5,35,19,15,18,2,7,5,1,1,13,44,16,20,7,24,9,88,28,48,12,13,0,655,81,23.81,54.29,36.36,100,40,40.0,13,48,67,15,1.1439,0.2724,1.9065,1.035,0.8171,0.9805,0.1089,0.3813,0.2724,0.0545,0.0545,0.7081,2.3968,0.8716,1.0895,0.3813,1.3073,0.4903,4.7936,1.5252,2.6147,0.6537,0.7081,0.0,35.6797,4.4123,5.4473,2.1789,0.7081,2.6147,3.6497,0.8171,26,18,0,3,0,0,1.4163,0.9805,0.0,0.1634,0.0,0.0,45,8,21,4,15,3,9,1,36,7,9,1,639.2078918756689,,10,14.2,2.4513,0.4358,1.1439,0.2179,0.8171,0.1634,0.4903,0.0545,1.961,0.3813,0.4903,0.0545,34.8195,0.5447,1,1,1,0,0,5,,,100.0,0.0545,0.0545,0.0545,0.0,0.0,0.2724,3,0,0,0,0,0,0,100.0,0.1634,0.0,0.0,0.0,0.0,0.0,0.0,16,17,7,14,16,29,15,20,1,5,5,3,25,20,19,5,14,21,0.8716,0.926,0.3813,0.7626,0.8716,1.5797,0.8171,1.0895,0.0545,0.2724,0.2724,0.1634,1.3618,1.0895,1.035,0.2724,0.7626,1.1439,1652.2,30,1500-2000,True,33.843,6.769,12.57,42.546,85.091,1.8435,0.3687,0.6847,2.3176,4.6351,0.445,-0.628
cen5nxf8sb8binjr7apt9nb2t,H. Lozano,PSV Eindhoven,653,502,177,322,3,39,32,195,170,419,300,435,360,159,111,59,31,51,26,27,16,6,2,75,18,0,0,76.88,50.98,59.26,82.05,87.18,71.6,82.76,69.81,52.54,33.33,24.0,,36.1506,27.7911,9.7989,17.8262,0.1661,2.1591,1.7715,10.7953,9.4113,23.1962,16.6082,24.0819,19.9299,8.8024,6.145,3.2663,1.7162,2.8234,1.4394,1.4947,0.8858,0.3322,0.1107,4.1521,0.9965,0.0,0.0,58,27,111,1387.1351319252929,29,18,12,87,45,12.0,3.2109,1.4947,6.145,76.7929,1.6055,0.9965,0.6643,4.8164,2.4912,0.6643,-0.4,-0.0,81,20,33,8,48,12,24.69,4.4842,1.1072,1.8269,0.4429,2.6573,0.6643,570,139,42,3,0.0,88,12,1,0,0.0,15,0,0.0,1,0,0.0,0,0,0,25,3,0.0,31.5556,7.6951,2.3252,0.1661,0.0,4.8717,0.6643,0.0554,0.0,0.0,0.8304,0.0,0.0,0.0554,0.0,0.0,0.0,0.0,0.0,1.384,0.1661,0.0,85,32,24,14,8,12,4,15,4,7,4,4,16,7,7,4,9,3,72,25,34,13,20,0,888,117,37.65,58.33,43.75,125,53,42.4,20,37,53,21,4.7057,1.7715,1.3287,0.7751,0.4429,0.6643,0.2214,0.8304,0.2214,0.3875,0.2214,0.2214,0.8858,0.3875,0.3875,0.2214,0.4982,0.1661,3.986,1.384,1.8823,0.7197,1.1072,0.0,49.1604,6.4772,6.9201,2.9341,1.1072,2.0483,2.9341,1.1626,17,29,0,2,0,0,0.9411,1.6055,0.0,0.1107,0.0,0.0,72,6,9,0,60,6,3,0,45,6,27,0,1299.4906104122265,,9,18.05,3.986,0.3322,0.4982,0.0,3.3216,0.3322,0.1661,0.0,2.4912,0.3322,1.4947,0.0,71.9408,0.4982,27,7,7,0,0,11,,,25.93,1.4947,0.3875,0.3875,0.0,0.0,0.609,1,0,0,0,0,0,0,100.0,0.0554,0.0,0.0,0.0,0.0,0.0,0.0,23,35,14,28,37,35,11,13,7,8,5,1,32,40,21,21,11,13,1.2733,1.9376,0.7751,1.5501,2.0483,1.9376,0.609,0.7197,0.3875,0.4429,0.2768,0.0554,1.7715,2.2144,1.1626,1.1626,0.609,0.7197,1625.7,24,1500-2000,True,33.642,21.026,5.607,22.428,100.925,1.8624,1.164,0.3104,1.2416,5.5873,0.467,0.934
avv12sgcucblnbfb790xovf8,R. van Bommel,Alkmaar Zaanstreek,595,421,171,246,4,55,40,239,172,301,209,352,248,192,145,51,28,50,27,35,16,13,5,26,7,0,0,70.76,54.0,45.71,72.73,71.97,69.44,70.45,75.52,54.9,38.46,26.92,,33.1189,23.4337,9.5182,13.6929,0.2226,3.0614,2.2265,13.3032,9.5739,16.7543,11.6334,19.593,13.8042,10.6871,8.071,2.8388,1.5585,2.7831,1.5029,1.9482,0.8906,0.7236,0.2783,1.4472,0.3896,0.0,0.0,64,26,67,811.6461392210857,10,7,7,74,33,7.0,3.5624,1.4472,3.7294,45.1779,0.5566,0.3896,0.3896,4.119,1.8368,0.3896,-0.251,-0.297,39,12,38,12,1,0,30.77,2.1708,0.6679,2.1152,0.6679,0.0557,0.0,496,123,26,1,0.0,56,4,0,0,0,9,0,0.0,0,0,0,0,0,0,17,1,0.0,27.6084,6.8464,1.4472,0.0557,0.0,3.1171,0.2226,0.0,0.0,0.0,0.501,0.0,0.0,0.0,0.0,0.0,0.0,0.0,0.0,0.9463,0.0557,0.0,36,18,35,21,10,18,7,10,4,6,0,10,26,10,12,4,14,6,66,23,31,12,12,0,747,79,50.0,60.0,38.46,97,49,50.52,12,37,55,19,2.0038,1.0019,1.9482,1.1689,0.5566,1.0019,0.3896,0.5566,0.2226,0.334,0.0,0.5566,1.4472,0.5566,0.6679,0.2226,0.7793,0.334,3.6737,1.2802,1.7255,0.6679,0.6679,0.0,41.5796,4.3973,5.3992,2.7274,0.6679,2.0595,3.0614,1.0576,26,14,0,2,0,0,1.4472,0.7793,0.0,0.1113,0.0,0.0,33,6,4,0,26,5,3,1,22,4,11,2,614.76769706558,,7,18.63,1.8368,0.334,0.2226,0.0,1.4472,0.2783,0.167,0.0557,1.2246,0.2226,0.6123,0.1113,34.2192,0.3896,3,2,0,0,0,15,,,66.67,0.167,0.1113,0.0,0.0,0.0,0.8349,0,0,0,0,0,0,0,,0.0,0.0,0.0,0.0,0.0,0.0,0.0,35,29,12,14,16,17,25,10,6,4,6,0,16,17,15,11,15,20,1.9482,1.6142,0.6679,0.7793,0.8906,0.9463,1.3916,0.5566,0.334,0.2226,0.334,0.0,0.8906,0.9463,0.8349,0.6123,0.8349,1.1132,1616.9,29,1500-2000,True,38.406,10.973,10.973,28.53,72.423,2.1378,0.6108,0.6108,1.588,4.0312,0.782,-0.153
6jqn5grsuhuo5at81pzahr6xh,R. Mühren,FC Volendam,211,132,30,101,1,20,11,109,70,82,51,121,80,74,46,16,6,16,5,44,18,1,0,1,0,0,0,62.56,31.25,40.91,55.0,64.22,62.2,66.12,62.16,37.5,0.0,0.0,,11.9269,7.4614,1.6958,5.7091,0.0565,1.1305,0.6218,6.1613,3.9568,4.6351,2.8828,6.8396,4.522,4.1829,2.6002,0.9044,0.3392,0.9044,0.2826,2.4871,1.0175,0.0565,0.0,0.0565,0.0,0.0,0.0,6,5,12,159.63247011021886,3,2,1,9,7,1.0,0.3392,0.2826,0.6783,9.0233,0.1696,0.1131,0.0565,0.5087,0.3957,0.0565,-1.619,-1.831,2,0,2,0,0,0,0.0,0.1131,0.0,0.1131,0.0,0.0,0.0,162,111,12,2,0.0,16,2,1,1,0.0,0,0,0,1,0,0.0,0,0,0,10,1,0.0,9.1571,6.2743,0.6783,0.1131,0.0,0.9044,0.1131,0.0565,0.0565,0.0,0.0,0.0,0.0,0.0565,0.0,0.0,0.0,0.0,0.0,0.5653,0.0565,0.0,11,3,15,8,9,3,3,7,2,3,2,12,63,24,21,12,42,12,30,14,9,7,5,0,318,65,27.27,53.33,38.1,89,35,39.33,5,25,15,12,0.6218,0.1696,0.8479,0.4522,0.5087,0.1696,0.1696,0.3957,0.1131,0.1696,0.1131,0.6783,3.5611,1.3566,1.187,0.6783,2.3741,0.6783,1.6958,0.7914,0.5087,0.3957,0.2826,0.0,17.9751,3.6742,5.0308,1.9784,0.2826,1.4131,0.8479,0.6783,10,7,2,0,1,0,0.5653,0.3957,0.1131,0.0,0.0565,0.0,41,8,7,4,20,2,14,2,37,8,4,0,506.3846993196476,,10,12.35,2.3175,0.4522,0.3957,0.2261,1.1305,0.1131,0.7914,0.1131,2.0914,0.4522,0.2261,0.0,28.6237,0.5653,0,0,0,0,0,0,,,,0.0,0.0,0.0,0.0,0.0,0.0,0,0,0,0,0,0,0,,0.0,0.0,0.0,0.0,0.0,0.0,0.0,4,2,7,5,25,16,8,7,5,2,6,2,27,14,10,2,8,7,0.2261,0.1131,0.3957,0.2826,1.4131,0.9044,0.4522,0.3957,0.2826,0.1131,0.3392,0.1131,1.5262,0.7914,0.5653,0.1131,0.4522,0.3957,1592.2,23,1500-2000,True,12.778,5.963,10.223,53.669,25.557,0.7223,0.3371,0.5779,3.0337,1.4446,-0.84,-0.691
7ugh0uvo5ieoqmzar9lgf1v1m,Róber González,Nijmegen Eendracht Combinatie,424,295,143,151,1,59,39,204,167,161,89,260,189,130,92,34,14,31,10,22,9,31,7,6,1,0,0,69.58,32.26,40.91,66.1,81.86,55.28,72.69,70.77,41.18,22.58,16.67,,24.0727,16.7487,8.1188,8.5731,0.0568,3.3497,2.2142,11.5821,9.4815,9.1408,5.053,14.7615,10.7305,7.3808,5.2233,1.9304,0.7949,1.76,0.5678,1.2491,0.511,1.76,0.3974,0.3407,0.0568,0.0,0.0,35,28,58,727.6956728121651,17,6,4,52,34,4.0,1.9871,1.5897,3.293,41.315,0.9652,0.3407,0.2271,2.9523,1.9304,0.2271,-0.919,-0.793,37,8,9,1,28,7,21.62,2.1007,0.4542,0.511,0.0568,1.5897,0.3974,386,98,25,5,0.0,44,8,0,0,0,5,2,0.0,1,0,0.0,0,0,0,19,3,0.0,21.9152,5.564,1.4194,0.2839,0.0,2.4981,0.4542,0.0,0.0,0.0,0.2839,0.1136,0.0,0.0568,0.0,0.0,0.0,0.0,0.0,1.0787,0.1703,0.0,60,18,27,15,16,8,3,5,1,3,1,13,26,8,16,5,10,3,75,23,37,15,28,0,615,61,30.0,55.56,30.77,113,41,36.28,28,40,48,19,3.4065,1.022,1.5329,0.8516,0.9084,0.4542,0.1703,0.2839,0.0568,0.1703,0.0568,0.7381,1.4762,0.4542,0.9084,0.2839,0.5678,0.1703,4.2581,1.3058,2.1007,0.8516,1.5897,0.0,34.9167,3.4633,6.4156,2.3278,1.5897,2.271,2.7252,1.0787,16,44,0,2,0,0,0.9084,2.4981,0.0,0.1136,0.0,0.0,42,6,34,5,5,1,3,0,29,5,13,1,733.1401235920908,,11,17.46,2.3846,0.3407,1.9304,0.2839,0.2839,0.0568,0.1703,0.0,1.6465,0.2839,0.7381,0.0568,41.6242,0.6245,3,0,4,0,0,1,,,0.0,0.1703,0.0,0.2271,0.0,0.0,0.0568,1,0,0,0,0,0,0,100.0,0.0568,0.0,0.0,0.0,0.0,0.0,0.0,15,20,12,13,14,28,12,15,2,3,2,4,19,23,19,6,15,12,0.8516,1.1355,0.6813,0.7381,0.7949,1.5897,0.6813,0.8516,0.1136,0.1703,0.1136,0.2271,1.0787,1.3058,1.0787,0.3407,0.8516,0.6813,1585.2,30,1500-2000,True,26.123,4.838,12.578,25.155,72.563,1.4831,0.2747,0.7141,1.4282,4.1198,0.032,-0.813
9pgr69ub37hmr76gwbfw7lhw5,J. Bijlow,Feyenoord Rotterdam,708,619,599,20,0,685,599,23,20,0,0,198,198,309,308,201,113,190,102,1,1,0,0,0,0,0,0,87.43,53.68,100.0,87.45,86.96,,100.0,99.68,56.22,,,,40.207,35.1527,34.0169,1.1358,0.0,38.9008,34.0169,1.3062,1.1358,0.0,0.0,11.2443,11.2443,17.548,17.4912,11.4147,6.4172,10.79,5.7925,0.0568,0.0568,0.0,0.0,0.0,0.0,0.0,0.0,65,18,80,1419.7180356836745,0,0,0,65,18,0.0,3.6913,1.0222,4.5432,80.6251,0.0,0.0,0.0,3.6913,1.0222,0.0,-0.196,-0.478,0,0,0,0,0,0,,0.0,0.0,0.0,0.0,0.0,0.0,404,0,0,0,0,3,1,0,0,0,0,0,0,0,0,0,0,0,0,0,0,0,22.943,0.0,0.0,0.0,0.0,0.1704,0.0568,0.0,0.0,0.0,0.0,0.0,0.0,0.0,0.0,0.0,0.0,0.0,0.0,0.0,0.0,0.0,2,2,0,0,0,0,0,0,0,0,0,8,7,7,7,7,0,0,51,49,2,0,0,4,727,0,100.0,,100.0,9,9,100.0,4,49,2,0,0.1136,0.1136,0.0,0.0,0.0,0.0,0.0,0.0,0.0,0.0,0.0,0.4543,0.3975,0.3975,0.3975,0.3975,0.0,0.0,2.8963,2.7827,0.1136,0.0,0.0,0.2272,41.286,0.0,0.5111,0.5111,0.2272,2.7827,0.1136,0.0,0,0,0,1,0,0,0.0,0.0,0.0,0.0568,0.0,0.0,0,0,0,0,0,0,0,0,0,0,0,0,0,,0,,0.0,0.0,0.0,0.0,0.0,0.0,0.0,0.0,0.0,0.0,0.0,0.0,0.0,0.0,0,0,25,0,0,0,,,,0.0,0.0,1.4197,0.0,0.0,0.0,29,19,5,101,3,0,13,100.0,1.6469,1.079,0.2839,5.7357,0.1704,0.0,0.7383,18,47,0,0,0,0,0,0,0,0,0,0,0,0,0,0,0,0,1.0222,2.6691,0.0,0.0,0.0,0.0,0.0,0.0,0.0,0.0,0.0,0.0,0.0,0.0,0.0,0.0,0.0,0.0,1584.8,17,1500-2000,True,0.0,0.0,10.468,9.16,66.734,0.0,0.0,0.5945,0.5202,3.7898,-1.668,-1.353
5curv1gquatwkxsin86fghvkk,C. Neghli,Sparta Rotterdam,574,374,149,223,2,63,35,200,157,311,182,260,182,211,147,103,45,94,37,20,9,98,26,12,2,0,0,65.16,39.36,45.0,55.56,78.5,58.52,70.0,69.67,43.69,26.53,16.67,,32.6219,21.2554,8.468,12.6737,0.1137,3.5804,1.9891,11.3665,8.9227,17.6749,10.3435,14.7765,10.3435,11.9917,8.3544,5.8538,2.5575,5.3423,2.1028,1.1367,0.5115,5.5696,1.4776,0.682,0.1137,0.0,0.0,76,29,72,933.1986289423918,19,11,7,95,40,7.0,4.3193,1.6481,4.0919,53.036,1.0798,0.6252,0.3978,5.3991,2.2733,0.3978,0.071,0.247,110,28,39,14,71,14,25.45,6.2516,1.5913,2.2165,0.7957,4.0351,0.7957,388,105,31,0,0.0,62,5,2,0,0.0,18,0,0.0,1,0,0.0,0,0,0,10,0,0.0,22.051,5.9674,1.7618,0.0,0.0,3.5236,0.2842,0.1137,0.0,0.0,1.023,0.0,0.0,0.0568,0.0,0.0,0.0,0.0,0.0,0.5683,0.0,0.0,58,22,29,16,14,14,1,9,3,5,1,17,21,3,8,0,13,3,77,35,37,5,18,0,738,47,37.93,55.17,14.29,108,41,37.96,18,52,56,7,3.2963,1.2503,1.6481,0.9093,0.7957,0.7957,0.0568,0.5115,0.1705,0.2842,0.0568,0.9662,1.1935,0.1705,0.4547,0.0,0.7388,0.1705,4.3761,1.9891,2.1028,0.2842,1.023,0.0,41.9424,2.6711,6.1379,2.3301,1.023,2.9553,3.1826,0.3978,5,4,0,1,0,0,0.2842,0.2273,0.0,0.0568,0.0,0.0,30,5,26,5,3,0,1,0,11,3,19,2,630.6688510103988,,5,21.02,1.705,0.2842,1.4776,0.2842,0.1705,0.0,0.0568,0.0,0.6252,0.1705,1.0798,0.1137,35.8425,0.2842,58,23,16,0,0,19,,,39.66,3.2963,1.3071,0.9093,0.0,0.0,1.0798,1,0,0,0,0,0,0,100.0,0.0568,0.0,0.0,0.0,0.0,0.0,0.0,29,47,13,18,13,17,12,17,3,6,3,2,17,13,19,12,11,18,1.6481,2.6711,0.7388,1.023,0.7388,0.9662,0.682,0.9662,0.1705,0.341,0.1705,0.1137,0.9662,0.7388,1.0798,0.682,0.6252,1.023,1583.6,27,1500-2000,True,27.369,8.494,16.044,19.819,72.669,1.5554,0.4827,0.9118,1.1264,4.13,0.115,-0.404
34258m1cvslz8r6d17nv4b90q,S. van Ottele,SC Heerenveen,1020,839,569,267,3,386,293,578,500,56,46,318,277,494,445,208,117,197,100,52,27,1,0,4,2,0,0,82.25,50.76,51.92,75.91,86.51,82.14,87.11,90.08,56.25,0.0,50.0,,57.9838,47.6945,32.3459,15.1781,0.1705,21.9429,16.6561,32.8575,28.4234,3.1834,2.615,18.0773,15.7466,28.0824,25.2969,11.8242,6.6511,11.1988,5.6847,2.956,1.5349,0.0568,0.0,0.2274,0.1137,0.0,0.0,115,80,111,1830.1226145556373,6,0,1,121,80,1.0,6.5374,4.5478,6.31,104.0368,0.3411,0.0,0.0568,6.8785,4.5478,0.0568,1.012,0.876,5,2,1,0,4,2,40.0,0.2842,0.1137,0.0568,0.0,0.2274,0.1137,684,20,12,1,0.0,25,1,0,0,0,0,0,0,0,0,0,0,0,0,12,1,0.0,38.8833,1.1369,0.6822,0.0568,0.0,1.4212,0.0568,0.0,0.0,0.0,0.0,0.0,0.0,0.0,0.0,0.0,0.0,0.0,0.0,0.6822,0.0568,0.0,12,8,29,20,19,8,2,22,12,9,1,62,66,32,56,28,10,4,120,52,63,5,4,3,1165,13,66.67,68.97,48.48,107,60,56.07,7,83,80,8,0.6822,0.4548,1.6486,1.1369,1.0801,0.4548,0.1137,1.2506,0.6822,0.5116,0.0568,3.5245,3.7519,1.8191,3.1834,1.5917,0.5685,0.2274,6.8216,2.956,3.5814,0.2842,0.2274,0.1705,66.2266,0.739,6.0826,3.4108,0.3979,4.7183,4.5478,0.4548,12,7,8,1,0,0,0.6822,0.3979,0.4548,0.0568,0.0,0.0,27,0,0,0,22,0,5,0,9,0,18,0,645.5556718985292,,1,23.91,1.5349,0.0,0.0,0.0,1.2506,0.0,0.2842,0.0,0.5116,0.0,1.0232,0.0,36.6978,0.0568,0,0,23,0,0,9,,,,0.0,0.0,1.3075,0.0,0.0,0.5116,11,0,0,0,0,0,0,100.0,0.6253,0.0,0.0,0.0,0.0,0.0,0.0,72,43,7,5,14,13,11,18,13,9,0,0,15,12,6,6,19,10,4.093,2.4444,0.3979,0.2842,0.7959,0.739,0.6253,1.0232,0.739,0.5116,0.0,0.0,0.8527,0.6822,0.3411,0.3411,1.0801,0.5685,1583.2,26,1500-2000,True,28.788,21.839,61.546,65.517,119.122,1.6365,1.2415,3.4987,3.7244,6.7717,0.208,1.087
5gnywqecwvt5yxied85hu4x2i,I. Pandur,Fortuna Sittard,551,379,374,5,0,547,377,4,2,0,0,85,85,177,174,289,120,281,114,0,0,0,0,0,0,0,0,68.78,40.57,,68.92,50.0,,100.0,98.31,41.52,,,,31.6222,21.7511,21.4641,0.287,0.0,31.3927,21.6363,0.2296,0.1148,0.0,0.0,4.8782,4.8782,10.1581,9.986,16.5859,6.8869,16.1268,6.5425,0.0,0.0,0.0,0.0,0.0,0.0,0.0,0.0,85,22,32,573.4380533313276,0,0,0,85,22,0.0,4.8782,1.2626,1.8365,32.91,0.0,0.0,0.0,4.8782,1.2626,0.0,0.308,0.026,0,0,0,0,0,0,,0.0,0.0,0.0,0.0,0.0,0.0,195,0,0,0,0,1,0,0,0,0,0,0,0,0,0,0,0,0,0,0,0,0,11.1912,0.0,0.0,0.0,0.0,0.0574,0.0,0.0,0.0,0.0,0.0,0.0,0.0,0.0,0.0,0.0,0.0,0.0,0.0,0.0,0.0,0.0,1,1,0,0,0,0,0,0,0,0,0,3,7,7,7,7,0,0,20,20,0,0,0,0,559,0,100.0,,100.0,8,8,100.0,0,20,0,0,0.0574,0.0574,0.0,0.0,0.0,0.0,0.0,0.0,0.0,0.0,0.0,0.1722,0.4017,0.4017,0.4017,0.4017,0.0,0.0,1.1478,1.1478,0.0,0.0,0.0,0.0,32.0814,0.0,0.4591,0.4591,0.0,1.1478,0.0,0.0,0,1,0,1,0,0,0.0,0.0574,0.0,0.0574,0.0,0.0,0,0,0,0,0,0,0,0,0,0,0,0,0,,0,,0.0,0.0,0.0,0.0,0.0,0.0,0.0,0.0,0.0,0.0,0.0,0.0,0.0,0.0,0,0,35,0,0,0,,,,0.0,0.0,2.0087,0.0,0.0,0.0,51,23,5,104,4,2,2,100.0,2.9269,1.32,0.287,5.9686,0.2296,0.1148,0.1148,43,42,0,0,0,0,0,0,0,0,0,0,0,0,0,0,0,0,2.4678,2.4104,0.0,0.0,0.0,0.0,0.0,0.0,0.0,0.0,0.0,0.0,0.0,0.0,0.0,0.0,0.0,0.0,1568.2,16,1500-2000,True,0.0,0.0,2.637,6.154,17.583,0.0,0.0,0.1513,0.3532,1.0091,-1.668,-1.353
7joybllup4h9oe6zfhcepjy6t,S. Berghuis,AFC Ajax,1007,756,358,393,5,70,54,421,348,516,354,488,399,338,257,181,100,163,90,24,18,109,29,17,3,0,0,75.07,55.21,75.0,77.14,82.66,68.6,81.76,76.04,55.25,26.61,17.65,,57.9846,43.5317,20.6142,22.6296,0.2879,4.0307,3.1094,24.2418,20.0384,29.7121,20.3839,28.0998,22.975,19.4626,14.7985,10.4223,5.7582,9.3858,5.1823,1.382,1.0365,6.2764,1.6699,0.9789,0.1727,0.0,0.0,174,78,201,2302.172264396669,24,17,11,198,95,11.0,10.0192,4.4914,11.5739,132.5627,1.382,0.9789,0.6334,11.4012,5.4702,0.6334,2.49,2.798,126,32,37,11,89,21,25.4,7.2553,1.8426,2.1305,0.6334,5.1248,1.2092,814,85,47,8,0.0,89,14,1,0,0.0,15,3,0.0,1,0,0.0,0,0,0,30,5,0.0,46.8714,4.8944,2.7063,0.4607,0.0,5.1248,0.8061,0.0576,0.0,0.0,0.8637,0.1727,0.0,0.0576,0.0,0.0,0.0,0.0,0.0,1.7274,0.2879,0.0,49,19,26,15,14,8,4,5,1,4,0,11,10,4,4,0,6,4,59,33,22,4,7,0,1177,74,38.78,57.69,40.0,85,38,44.71,7,48,34,8,2.8215,1.094,1.4971,0.8637,0.8061,0.4607,0.2303,0.2879,0.0576,0.2303,0.0,0.6334,0.5758,0.2303,0.2303,0.0,0.3455,0.2303,3.3973,1.9002,1.2668,0.2303,0.4031,0.0,67.7735,4.261,4.8944,2.1881,0.4031,2.7639,1.9578,0.4607,12,15,0,1,0,0,0.691,0.8637,0.0,0.0576,0.0,0.0,57,5,53,5,4,0,0,0,26,5,31,0,1188.1559753094957,,13,20.84,3.2821,0.2879,3.0518,0.2879,0.2303,0.0,0.0,0.0,1.4971,0.2879,1.785,0.0,68.4159,0.7486,70,33,24,0,0,17,,,47.14,4.0307,1.9002,1.382,0.0,0.0,0.9789,0,0,0,0,0,0,0,,0.0,0.0,0.0,0.0,0.0,0.0,0.0,94,80,20,27,30,27,12,14,2,3,2,3,32,25,24,23,10,16,5.4127,4.6065,1.1516,1.5547,1.7274,1.5547,0.691,0.8061,0.1152,0.1727,0.1152,0.1727,1.8426,1.4395,1.382,1.3244,0.5758,0.9213,1563.0,20,1500-2000,True,32.272,6.206,13.653,12.412,73.232,1.8583,0.3574,0.7862,0.7147,4.2168,0.462,-0.651
c3j7ddqg0yzporam6gieibgiy,C. Brym,Sparta Rotterdam,379,284,111,170,3,39,30,141,118,199,136,227,177,128,92,24,15,24,11,28,15,12,5,29,6,0,0,74.93,45.83,53.57,76.92,83.69,68.34,77.97,71.88,62.5,41.67,20.69,,21.8374,16.3636,6.3956,9.7951,0.1729,2.2471,1.7286,8.1242,6.799,11.4661,7.8361,13.0794,10.1985,7.3752,5.3009,1.3828,0.8643,1.3828,0.6338,1.6133,0.8643,0.6914,0.2881,1.6709,0.3457,0.0,0.0,32,21,73,1114.217037282727,24,14,7,56,35,7.0,1.8438,1.21,4.2061,64.1994,1.3828,0.8067,0.4033,3.2266,2.0166,0.4033,-0.98,-0.676,41,11,29,10,12,1,26.83,2.3624,0.6338,1.6709,0.5762,0.6914,0.0576,310,114,15,1,0.0,40,1,0,0,0,6,1,0.0,0,0,0,0,0,0,9,0,0.0,17.8617,6.5685,0.8643,0.0576,0.0,2.3047,0.0576,0.0,0.0,0.0,0.3457,0.0576,0.0,0.0,0.0,0.0,0.0,0.0,0.0,0.5186,0.0,0.0,60,18,17,12,11,3,3,4,2,2,0,18,73,23,18,8,55,15,75,23,39,13,25,1,579,53,30.0,70.59,31.51,150,53,35.33,26,36,44,16,3.4571,1.0371,0.9795,0.6914,0.6338,0.1729,0.1729,0.2305,0.1152,0.1152,0.0,1.0371,4.2061,1.3252,1.0371,0.4609,3.169,0.8643,4.3214,1.3252,2.2471,0.749,1.4405,0.0576,33.3611,3.0538,8.6428,3.0538,1.4981,2.0743,2.5352,0.9219,15,26,0,1,0,0,0.8643,1.4981,0.0,0.0576,0.0,0.0,35,4,8,1,23,3,4,0,19,4,16,0,674.8394794026137,,5,19.28,2.0166,0.2305,0.4609,0.0576,1.3252,0.1729,0.2305,0.0,1.0948,0.2305,0.9219,0.0,38.8832,0.2881,4,2,2,0,0,3,,,50.0,0.2305,0.1152,0.1152,0.0,0.0,0.1729,0,0,0,0,0,0,0,,0.0,0.0,0.0,0.0,0.0,0.0,0.0,15,17,5,10,16,19,2,15,2,2,4,0,19,16,10,5,5,12,0.8643,0.9795,0.2881,0.5762,0.9219,1.0948,0.1152,0.8643,0.1152,0.1152,0.2305,0.0,1.0948,0.9219,0.5762,0.2881,0.2881,0.6914,1562.0,32,1500-2000,True,16.044,3.775,16.988,68.894,70.781,0.9244,0.2175,0.9788,3.9696,4.0783,-0.609,-0.926
czh4r9efdbw4fvdux0enl127e,M. Manhoef,SBV Vitesse,447,323,134,189,0,27,17,194,162,226,144,256,188,144,109,47,26,49,29,11,3,45,15,6,0,0,0,72.26,59.18,27.27,62.96,83.51,63.72,73.44,75.69,55.32,33.33,0.0,,25.8897,18.7078,7.7611,10.9467,0.0,1.5638,0.9846,11.2362,9.3828,13.0896,8.3403,14.8272,10.8887,8.3403,6.3131,2.7222,1.5059,2.838,1.6796,0.6371,0.1738,2.6063,0.8688,0.3475,0.0,0.0,0.0,54,25,100,1086.1247336767285,19,12,10,73,37,10.0,3.1276,1.448,5.7919,62.907,1.1005,0.695,0.5792,4.2281,2.143,0.5792,-0.435,-0.25,51,15,11,5,40,10,29.41,2.9539,0.8688,0.6371,0.2896,2.3168,0.5792,381,89,28,0,0.0,49,1,0,0,0,13,0,0.0,0,0,0,0,0,0,15,0,0.0,22.0671,5.1548,1.6217,0.0,0.0,2.838,0.0579,0.0,0.0,0.0,0.7529,0.0,0.0,0.0,0.0,0.0,0.0,0.0,0.0,0.8688,0.0,0.0,123,45,27,12,17,8,2,2,0,2,0,5,23,9,6,5,17,4,84,36,34,14,45,0,718,61,36.59,44.44,39.13,173,66,38.15,45,53,44,16,7.124,2.6063,1.5638,0.695,0.9846,0.4634,0.1158,0.1158,0.0,0.1158,0.0,0.2896,1.3321,0.5213,0.3475,0.2896,0.9846,0.2317,4.8652,2.0851,1.9692,0.8109,2.6063,0.0,41.5857,3.533,10.0199,3.8226,2.6063,3.0697,2.5484,0.9267,20,31,0,0,1,0,1.1584,1.7955,0.0,0.0,0.0579,0.0,36,4,32,4,4,0,0,0,26,4,10,0,695.1253952460642,,4,19.31,2.0851,0.2317,1.8534,0.2317,0.2317,0.0,0.0,0.0,1.5059,0.2317,0.5792,0.0,40.2608,0.2317,21,12,10,0,0,12,,,57.14,1.2163,0.695,0.5792,0.0,0.0,0.695,0,0,0,0,0,0,0,,0.0,0.0,0.0,0.0,0.0,0.0,0.0,27,27,14,14,15,21,15,12,1,1,2,2,26,10,14,14,8,19,1.5638,1.5638,0.8109,0.8109,0.8688,1.2163,0.8688,0.695,0.0579,0.0579,0.1158,0.1158,1.5059,0.5792,0.8109,0.8109,0.4634,1.1005,1553.9,18,1500-2000,True,27.224,2.017,5.042,23.191,84.698,1.5768,0.1168,0.292,1.3432,4.9056,0.139,-1.123
3ox3ey99addc8m1ee8qrzuuhh,S. Nieuwpoort,SBV Excelsior,654,589,312,275,2,415,384,235,202,4,3,200,181,389,365,65,43,64,31,36,15,0,0,0,0,0,0,90.06,48.44,41.67,92.53,85.96,75.0,90.5,93.83,66.15,,,,38.0134,34.2353,18.1348,15.9842,0.1162,24.1217,22.3198,13.6593,11.7412,0.2325,0.1744,11.6249,10.5205,22.6104,21.2154,3.7781,2.4994,3.72,1.8019,2.0925,0.8719,0.0,0.0,0.0,0.0,0.0,0.0,29,13,64,1214.748617136722,0,0,0,29,13,0.0,1.6856,0.7556,3.72,70.6067,0.0,0.0,0.0,1.6856,0.7556,0.0,-1.047,-1.331,0,0,0,0,0,0,,0.0,0.0,0.0,0.0,0.0,0.0,445,0,1,0,0.0,3,0,0,0,0,0,0,0,0,0,0,0,0,0,1,0,0.0,25.8654,0.0,0.0581,0.0,0.0,0.1744,0.0,0.0,0.0,0.0,0.0,0.0,0.0,0.0,0.0,0.0,0.0,0.0,0.0,0.0581,0.0,0.0,0,0,14,9,7,7,0,9,6,3,0,52,28,11,22,10,6,1,62,43,17,2,0,1,724,1,,64.29,39.29,42,20,47.62,1,56,27,2,0.0,0.0,0.8137,0.5231,0.4069,0.4069,0.0,0.5231,0.3487,0.1744,0.0,3.0225,1.6275,0.6394,1.2787,0.5812,0.3487,0.0581,3.6037,2.4994,0.9881,0.1162,0.0,0.0581,42.0821,0.0581,2.4412,1.1625,0.0581,3.255,1.5694,0.1162,6,1,12,2,0,0,0.3487,0.0581,0.6975,0.1162,0.0,0.0,1,1,0,0,0,0,1,1,1,1,0,0,6.1547348440042455,,1,6.15,0.0581,0.0581,0.0,0.0,0.0,0.0,0.0581,0.0581,0.0581,0.0581,0.0,0.0,0.3577,0.0581,0,0,10,0,0,2,,,,0.0,0.0,0.5812,0.0,0.0,0.1162,8,0,0,0,0,0,0,100.0,0.465,0.0,0.0,0.0,0.0,0.0,0.0,15,14,1,0,1,0,11,3,6,3,0,1,0,1,0,1,7,7,0.8719,0.8137,0.0581,0.0,0.0581,0.0,0.6394,0.1744,0.3487,0.1744,0.0,0.0581,0.0,0.0581,0.0,0.0581,0.4069,0.4069,1548.4,22,1500-2000,True,12.856,8.264,47.749,25.711,56.932,0.7472,0.4803,2.7754,1.4944,3.3091,-0.812,-0.409
50lnmkk33eoivv4ksly77hkpg,Y. Minteh,Feyenoord Rotterdam,561,363,122,238,3,23,9,152,103,386,251,356,240,166,109,39,14,36,13,35,11,49,11,12,1,0,0,64.71,36.11,31.43,39.13,67.76,65.03,67.42,65.66,35.9,22.45,8.33,,32.6226,21.1087,7.0944,13.8399,0.1745,1.3375,0.5234,8.8389,5.9895,22.4462,14.5959,20.7017,13.9562,9.653,6.3384,2.2679,0.8141,2.0934,0.756,2.0353,0.6397,2.8494,0.6397,0.6978,0.0582,0.0,0.0,53,16,107,1230.9143496818604,25,9,21,78,25,21.0,3.082,0.9304,6.2221,71.5787,1.4538,0.5234,1.2212,4.5358,1.4538,1.2212,-0.455,-0.12,61,12,6,3,55,9,19.67,3.5472,0.6978,0.3489,0.1745,3.1983,0.5234,443,132,32,6,0.0,78,12,0,0,0,7,1,0.0,0,0,0,0,0,0,25,5,0.0,25.7608,7.6759,1.8608,0.3489,0.0,4.5358,0.6978,0.0,0.0,0.0,0.4071,0.0582,0.0,0.0,0.0,0.0,0.0,0.0,0.0,1.4538,0.2908,0.0,129,59,46,30,18,15,13,3,1,2,0,14,34,18,12,8,22,10,77,15,39,23,31,0,848,179,45.74,65.22,52.94,209,107,51.2,31,34,56,36,7.5015,3.4309,2.6749,1.7445,1.0467,0.8723,0.756,0.1745,0.0582,0.1163,0.0,0.8141,1.9771,1.0467,0.6978,0.4652,1.2793,0.5815,4.4776,0.8723,2.2679,1.3375,1.8027,0.0,49.3119,10.409,12.1535,6.2221,1.8027,1.9771,3.2564,2.0934,18,11,0,0,0,0,1.0467,0.6397,0.0,0.0,0.0,0.0,56,10,46,7,9,3,1,0,44,9,12,1,908.2005206584261,,16,16.22,3.2564,0.5815,2.6749,0.4071,0.5234,0.1745,0.0582,0.0,2.5586,0.5234,0.6978,0.0582,52.8126,0.9304,7,4,4,0,0,19,,,57.14,0.4071,0.2326,0.2326,0.0,0.0,1.1049,2,0,0,0,0,0,0,100.0,0.1163,0.0,0.0,0.0,0.0,0.0,0.0,22,31,13,19,31,25,24,22,1,2,5,5,30,26,20,12,21,25,1.2793,1.8027,0.756,1.1049,1.8027,1.4538,1.3956,1.2793,0.0582,0.1163,0.2908,0.2908,1.7445,1.5119,1.163,0.6978,1.2212,1.4538,1547.7,27,1500-2000,True,60.191,3.926,18.319,44.489,100.755,3.5002,0.2283,1.0653,2.5871,5.859,2.344,-0.904
dc119ejc7lls2rd3ywigl2smi,R. Zerrouki,Feyenoord Rotterdam,1171,1006,590,415,1,169,123,736,659,266,224,583,503,476,426,112,77,109,68,65,31,1,1,16,5,0,0,85.91,62.39,47.69,72.78,89.54,84.21,86.28,89.5,68.75,100.0,31.25,,69.6839,59.8651,35.1098,24.6958,0.0595,10.0569,7.3195,43.7979,39.2158,15.8291,13.3298,34.6932,29.9326,28.3258,25.3504,6.6649,4.5821,6.4864,4.0465,3.868,1.8448,0.0595,0.0595,0.9521,0.2975,0.0,0.0,102,165,191,2419.162946783817,23,13,3,125,178,3.0,6.0698,9.8188,11.366,143.9597,1.3687,0.7736,0.1785,7.4385,10.5924,0.1785,0.814,1.114,17,6,8,4,9,2,35.29,1.0116,0.357,0.4761,0.238,0.5356,0.119,889,46,18,0,0.0,43,3,1,0,0.0,4,0,0.0,1,0,0.0,0,0,0,12,0,0.0,52.9027,2.7374,1.0711,0.0,0.0,2.5588,0.1785,0.0595,0.0,0.0,0.238,0.0,0.0,0.0595,0.0,0.0,0.0,0.0,0.0,0.7141,0.0,0.0,10,4,39,24,17,18,4,17,1,13,3,24,49,25,36,19,13,6,100,23,72,5,10,0,1265,16,40.0,61.54,51.02,98,53,54.08,10,41,103,12,0.5951,0.238,2.3208,1.4282,1.0116,1.0711,0.238,1.0116,0.0595,0.7736,0.1785,1.4282,2.9159,1.4877,2.1423,1.1307,0.7736,0.357,5.9508,1.3687,4.2846,0.2975,0.5951,0.0,75.2777,0.9521,5.8318,3.1539,0.5951,2.4398,6.1293,0.7141,26,12,1,3,0,0,1.5472,0.7141,0.0595,0.1785,0.0,0.0,11,0,0,0,11,0,0,0,4,0,7,0,254.69506293632102,,0,23.15,0.6546,0.0,0.0,0.0,0.6546,0.0,0.0,0.0,0.238,0.0,0.4166,0.0,15.1564,0.0,10,4,20,0,0,7,,,40.0,0.5951,0.238,1.1902,0.0,0.0,0.4166,6,0,0,0,0,0,0,100.0,0.357,0.0,0.0,0.0,0.0,0.0,0.0,51,51,6,12,2,9,11,28,8,9,0,0,9,2,13,5,17,22,3.0349,3.0349,0.357,0.7141,0.119,0.5356,0.6546,1.6662,0.4761,0.5356,0.0,0.0,0.5356,0.119,0.7736,0.2975,1.0116,1.3092,1512.4,26,1500-2000,True,51.032,22.245,31.404,64.117,130.85,3.0368,1.3238,1.8688,3.8155,7.7866,1.813,1.248
ubuh5wgnl0o5bn3wirdmectm,M. Eerdhuijzen,Sparta Rotterdam,979,844,531,311,2,450,383,490,434,39,27,337,301,464,429,178,114,174,101,72,38,12,7,0,0,0,0,86.21,58.05,52.78,85.11,88.57,69.23,89.32,92.46,64.04,58.33,,,58.4478,50.3881,31.7015,18.5672,0.1194,26.8657,22.8657,29.2537,25.9104,2.3284,1.6119,20.1194,17.9701,27.7015,25.6119,10.6269,6.806,10.3881,6.0299,4.2985,2.2687,0.7164,0.4179,0.0,0.0,0.0,0.0,111,71,136,2300.1586811337916,4,3,0,115,74,0.0,6.6269,4.2388,8.1194,137.3229,0.2388,0.1791,0.0,6.8657,4.4179,0.0,1.05,0.871,12,7,12,7,0,0,58.33,0.7164,0.4179,0.7164,0.4179,0.0,0.0,662,15,10,0,0.0,22,0,0,0,0,3,0,0.0,3,0,0.0,0,0,0,4,0,0.0,39.5224,0.8955,0.597,0.0,0.0,1.3134,0.0,0.0,0.0,0.0,0.1791,0.0,0.0,0.1791,0.0,0.0,0.0,0.0,0.0,0.2388,0.0,0.0,5,4,20,11,7,11,2,25,9,13,3,87,58,38,39,27,19,11,54,26,26,2,4,1,1108,19,80.0,55.0,65.52,83,53,63.86,5,42,50,7,0.2985,0.2388,1.194,0.6567,0.4179,0.6567,0.1194,1.4925,0.5373,0.7761,0.1791,5.194,3.4627,2.2687,2.3284,1.6119,1.1343,0.6567,3.2239,1.5522,1.5522,0.1194,0.2388,0.0597,66.1493,1.1343,4.9552,3.1642,0.2985,2.5075,2.9851,0.4179,9,4,3,1,0,0,0.5373,0.2388,0.1791,0.0597,0.0,0.0,7,1,3,0,0,0,4,1,6,1,1,0,85.2156387235507,,1,12.17,0.4179,0.0597,0.1791,0.0,0.0,0.0,0.2388,0.0597,0.3582,0.0597,0.0597,0.0,5.0875,0.0597,0,0,17,0,0,8,,,,0.0,0.0,1.0149,0.0,0.0,0.4776,25,0,0,0,0,0,0,100.0,1.4925,0.0,0.0,0.0,0.0,0.0,0.0,63,48,5,5,4,3,8,12,17,8,0,1,3,4,7,3,7,13,3.7612,2.8657,0.2985,0.2985,0.2388,0.1791,0.4776,0.7164,1.0149,0.4776,0.0,0.0597,0.1791,0.2388,0.4179,0.1791,0.4179,0.7761,1507.5,20,1500-2000,True,18.875,23.594,82.106,54.738,50.963,1.1269,1.4086,4.9019,3.2679,3.0426,-0.376,1.415
eztoltv7xuc9xbpxpj1s0ial0,Metinho,Sparta Rotterdam,561,475,253,220,2,85,61,374,329,102,85,241,200,260,231,60,44,63,39,22,10,2,1,1,0,0,0,84.67,61.9,45.45,71.76,87.97,83.33,82.99,88.85,73.33,50.0,0.0,,33.8882,28.6932,15.2829,13.2895,0.1208,5.1346,3.6848,22.5921,19.8738,6.1615,5.1346,14.558,12.0813,15.7058,13.954,3.6244,2.6579,3.8056,2.3559,1.3289,0.6041,0.1208,0.0604,0.0604,0.0,0.0,0.0,46,49,68,889.4681697716351,15,6,3,61,55,3.0,2.7787,2.9599,4.1077,53.7299,0.9061,0.3624,0.1812,3.6848,3.3224,0.1812,-0.583,-0.481,3,1,3,1,0,0,33.33,0.1812,0.0604,0.1812,0.0604,0.0,0.0,378,23,13,1,0.0,30,3,0,0,0,0,0,0,0,0,0,0,0,0,13,1,0.0,22.8337,1.3894,0.7853,0.0604,0.0,1.8122,0.1812,0.0,0.0,0.0,0.0,0.0,0.0,0.0,0.0,0.0,0.0,0.0,0.0,0.7853,0.0604,0.0,32,19,54,35,27,23,4,21,12,8,1,29,35,21,21,11,14,10,92,43,42,7,21,0,689,12,59.38,64.81,60.0,121,75,61.98,21,82,73,12,1.933,1.1477,3.262,2.1142,1.631,1.3894,0.2416,1.2685,0.7249,0.4833,0.0604,1.7518,2.1142,1.2685,1.2685,0.6645,0.8457,0.6041,5.5574,2.5975,2.5371,0.4228,1.2685,0.0,41.6202,0.7249,7.3092,4.5305,1.2685,4.9534,4.4097,0.7249,20,40,0,4,0,0,1.2081,2.4163,0.0,0.2416,0.0,0.0,10,2,2,0,7,2,1,0,6,2,4,0,169.10985771614713,,3,16.91,0.6041,0.1208,0.1208,0.0,0.4228,0.1208,0.0604,0.0,0.3624,0.1208,0.2416,0.0,10.2154,0.1812,0,0,15,0,0,0,,,,0.0,0.0,0.9061,0.0,0.0,0.0,4,0,0,0,0,0,0,100.0,0.2416,0.0,0.0,0.0,0.0,0.0,0.0,18,28,9,4,6,4,19,35,9,12,0,2,3,7,6,7,22,32,1.0873,1.6914,0.5437,0.2416,0.3624,0.2416,1.1477,2.1142,0.5437,0.7249,0.0,0.1208,0.1812,0.4228,0.3624,0.4228,1.3289,1.933,1489.9,25,900-1500,True,50.963,19.819,27.369,33.031,86.825,3.0785,1.1972,1.6533,1.9953,5.2448,1.86,0.999
d29ahwtvs7ls75wdtkf7xr8tm,Z. Buurmeester,PEC Zwolle,583,475,236,236,3,129,97,337,290,117,88,303,243,222,198,58,34,52,28,32,13,0,0,16,5,0,0,81.48,53.85,40.62,75.19,86.05,75.21,80.2,89.19,58.62,,31.25,,35.6163,29.0185,14.4176,14.4176,0.1833,7.8808,5.9259,20.5878,17.7165,7.1477,5.3761,18.5107,14.8452,13.5623,12.0961,3.5433,2.0771,3.1768,1.7106,1.9549,0.7942,0.0,0.0,0.9775,0.3055,0.0,0.0,50,44,69,835.370593075333,3,3,1,53,47,1.0,3.0546,2.688,4.2153,51.034,0.1833,0.1833,0.0611,3.2378,2.8713,0.0611,-0.466,-0.671,16,5,6,2,10,3,31.25,0.9775,0.3055,0.3665,0.1222,0.6109,0.1833,400,44,13,2,0.0,34,5,0,0,0,5,0,0.0,0,0,0,0,0,0,8,2,0.0,24.4366,2.688,0.7942,0.1222,0.0,2.0771,0.3055,0.0,0.0,0.0,0.3055,0.0,0.0,0.0,0.0,0.0,0.0,0.0,0.0,0.4887,0.1222,0.0,23,9,23,15,13,9,1,25,13,9,3,29,54,16,39,10,15,6,96,46,47,3,10,0,691,10,39.13,65.22,29.63,100,40,40.0,10,72,65,7,1.4051,0.5498,1.4051,0.9164,0.7942,0.5498,0.0611,1.5273,0.7942,0.5498,0.1833,1.7717,3.2989,0.9775,2.3826,0.6109,0.9164,0.3665,5.8648,2.8102,2.8713,0.1833,0.6109,0.0,42.2142,0.6109,6.1092,2.4437,0.6109,4.3986,3.9709,0.4276,15,9,1,1,1,0,0.9164,0.5498,0.0611,0.0611,0.0611,0.0,12,1,2,0,9,1,1,0,6,0,6,1,316.02081799853704,,3,26.34,0.7331,0.0611,0.1222,0.0,0.5498,0.0611,0.0611,0.0,0.3665,0.0,0.3665,0.0611,19.3062,0.1833,12,6,8,0,0,4,,,50.0,0.7331,0.3665,0.4887,0.0,0.0,0.2444,6,0,0,0,0,0,0,100.0,0.3665,0.0,0.0,0.0,0.0,0.0,0.0,20,30,6,7,4,8,12,11,16,9,0,1,9,3,5,8,11,12,1.2218,1.8327,0.3665,0.4276,0.2444,0.4887,0.7331,0.672,0.9775,0.5498,0.0,0.0611,0.5498,0.1833,0.3055,0.4887,0.672,0.7331,1473.2,17,900-1500,True,22.576,24.539,28.465,53.005,94.231,1.3792,1.4991,1.739,3.2382,5.7567,-0.087,1.593
e8si4ph9te020gpicg3k2k3u2,R. Roosken,Heracles Almelo,566,400,203,197,0,129,85,221,170,216,145,303,240,178,128,85,32,99,40,38,20,48,9,2,0,0,0,70.67,40.4,52.63,65.89,76.92,67.13,79.21,71.91,37.65,18.75,0.0,,34.7429,24.5533,12.4608,12.0925,0.0,7.9184,5.2176,13.5657,10.4351,13.2588,8.9006,18.5991,14.732,10.9262,7.857,5.2176,1.9643,6.0769,2.4553,2.3326,1.2277,2.9464,0.5524,0.1228,0.0,0.0,0.0,70,39,96,1324.7681201374317,14,13,9,84,52,9.0,4.2968,2.3939,5.8928,81.3185,0.8594,0.798,0.5524,5.1562,3.1919,0.5524,0.061,0.144,50,9,48,9,2,0,18.0,3.0692,0.5524,2.9464,0.5524,0.1228,0.0,341,56,16,2,0.0,28,4,1,1,0.0,4,0,0.0,0,0,0,0,0,0,11,1,0.0,20.9317,3.4375,0.9821,0.1228,0.0,1.7187,0.2455,0.0614,0.0614,0.0,0.2455,0.0,0.0,0.0,0.0,0.0,0.0,0.0,0.0,0.6752,0.0614,0.0,47,18,45,27,22,16,7,28,19,7,2,40,26,18,17,10,9,8,72,43,27,2,12,0,707,18,38.3,60.0,69.23,118,63,53.39,12,84,50,11,2.885,1.1049,2.7622,1.6573,1.3504,0.9821,0.4297,1.7187,1.1663,0.4297,0.1228,2.4553,1.596,1.1049,1.0435,0.6138,0.5524,0.4911,4.4196,2.6395,1.6573,0.1228,0.7366,0.0,43.3979,1.1049,7.2432,3.8671,0.7366,5.1562,3.0692,0.6752,18,16,4,2,0,0,1.1049,0.9821,0.2455,0.1228,0.0,0.0,4,0,4,0,0,0,0,0,1,0,3,0,99.20320302983707,,2,24.8,0.2455,0.0,0.2455,0.0,0.0,0.0,0.0,0.0,0.0614,0.0,0.1841,0.0,6.0894,0.1228,0,0,8,0,0,81,,,,0.0,0.0,0.4911,0.0,0.0,4.972,6,0,0,0,0,0,0,100.0,0.3683,0.0,0.0,0.0,0.0,0.0,0.0,36,34,5,11,3,1,21,24,16,12,0,0,3,1,8,8,29,16,2.2098,2.087,0.3069,0.6752,0.1841,0.0614,1.289,1.4732,0.9821,0.7366,0.0,0.0,0.1841,0.0614,0.4911,0.4911,1.7801,0.9821,1466.2,23,900-1500,True,41.829,26.027,37.181,24.168,66.926,2.5676,1.5976,2.2823,1.4835,4.1081,1.275,1.786
48sqqhgtmfmpqb3602iirspd6,K. Hansen,Almere City FC,303,191,88,102,1,18,6,78,48,207,137,219,145,65,39,19,7,19,6,33,12,5,0,12,3,0,0,63.04,31.58,36.36,33.33,61.54,66.18,66.21,60.0,36.84,0.0,25.0,,18.6551,11.7595,5.418,6.2799,0.0616,1.1082,0.3694,4.8023,2.9553,12.7446,8.4348,13.4834,8.9273,4.0019,2.4011,1.1698,0.431,1.1698,0.3694,2.0317,0.7388,0.3078,0.0,0.7388,0.1847,0.0,0.0,25,12,53,636.565319341448,11,5,9,36,17,9.0,1.5392,0.7388,3.2631,39.192,0.6772,0.3078,0.5541,2.2164,1.0467,0.5541,-1.11,-1.105,17,3,11,2,6,1,17.65,1.0467,0.1847,0.6772,0.1231,0.3694,0.0616,319,149,12,0,0.0,40,4,0,0,0,2,0,0.0,2,0,0.0,0,0,0,8,0,0.0,19.6402,9.1736,0.7388,0.0,0.0,2.4627,0.2463,0.0,0.0,0.0,0.1231,0.0,0.0,0.1231,0.0,0.0,0.0,0.0,0.0,0.4925,0.0,0.0,70,30,11,3,2,5,4,1,0,1,0,7,80,19,7,1,73,18,43,8,19,16,20,0,514,78,42.86,27.27,23.75,161,52,32.3,20,10,25,20,4.3098,1.847,0.6772,0.1847,0.1231,0.3078,0.2463,0.0616,0.0,0.0616,0.0,0.431,4.9254,1.1698,0.431,0.0616,4.4945,1.1082,2.6474,0.4925,1.1698,0.9851,1.2314,0.0,31.6459,4.8023,9.9124,3.2015,1.2314,0.6157,1.5392,1.2314,9,21,0,2,0,0,0.5541,1.2929,0.0,0.1231,0.0,0.0,40,4,7,0,29,3,4,1,32,3,8,1,691.6005782556003,,4,17.29,2.4627,0.2463,0.431,0.0,1.7855,0.1847,0.2463,0.0616,1.9702,0.1847,0.4925,0.0616,42.5804,0.2463,5,4,0,0,0,2,,,80.0,0.3078,0.2463,0.0,0.0,0.0,0.1231,1,0,0,0,0,0,0,100.0,0.0616,0.0,0.0,0.0,0.0,0.0,0.0,11,14,10,2,20,20,7,4,1,0,1,3,20,20,8,4,5,6,0.6772,0.862,0.6157,0.1231,1.2314,1.2314,0.431,0.2463,0.0616,0.0,0.0616,0.1847,1.2314,1.2314,0.4925,0.2463,0.3078,0.3694,1461.8,26,900-1500,True,9.814,0.892,6.245,71.375,38.364,0.6042,0.0549,0.3845,4.3944,2.362,-0.976,-1.245
69gzswoym4jqnrag1wdqfdkyy,J. Wieckhoff,Heracles Almelo,667,516,231,281,4,225,152,289,247,153,117,350,276,250,206,67,34,100,49,21,6,0,0,29,8,0,0,77.36,49.0,28.57,67.56,85.47,76.47,78.86,82.4,50.75,,27.59,,41.0742,31.7756,14.2251,17.3041,0.2463,13.8556,9.3602,17.7968,15.2104,9.4218,7.2049,21.5532,16.9962,15.3951,12.6856,4.1259,2.0937,6.1581,3.0174,1.2932,0.3695,0.0,0.0,1.7858,0.4926,0.0,0.0,56,24,79,972.7083396738417,15,10,1,71,34,1.0,3.4485,1.4779,4.8649,59.8999,0.9237,0.6158,0.0616,4.3722,2.0937,0.0616,-0.299,-0.189,29,8,0,0,29,8,27.59,1.7858,0.4926,0.0,0.0,1.7858,0.4926,381,25,11,1,0.0,13,1,1,0,0.0,4,0,0.0,0,0,0,0,0,0,6,1,0.0,23.4622,1.5395,0.6774,0.0616,0.0,0.8005,0.0616,0.0616,0.0,0.0,0.2463,0.0,0.0,0.0,0.0,0.0,0.0,0.0,0.0,0.3695,0.0616,0.0,38,13,40,26,28,9,3,12,8,3,1,33,26,5,19,2,7,3,85,59,23,3,11,1,792,21,34.21,65.0,19.23,104,44,42.31,12,95,35,7,2.3401,0.8005,2.4632,1.6011,1.7243,0.5542,0.1847,0.739,0.4926,0.1847,0.0616,2.0322,1.6011,0.3079,1.17,0.1232,0.4311,0.1847,5.2343,3.6333,1.4164,0.1847,0.6774,0.0616,48.7718,1.2932,6.4044,2.7095,0.739,5.8502,2.1553,0.4311,11,5,4,3,0,0,0.6774,0.3079,0.2463,0.1847,0.0,0.0,11,0,1,0,8,0,2,0,7,0,4,0,184.25246649158424,,1,16.75,0.6774,0.0,0.0616,0.0,0.4926,0.0,0.1232,0.0,0.4311,0.0,0.2463,0.0,11.3464,0.0616,0,0,2,0,0,137,,,,0.0,0.0,0.1232,0.0,0.0,8.4365,10,0,0,0,0,0,0,100.0,0.6158,0.0,0.0,0.0,0.0,0.0,0.0,33,23,4,7,6,5,17,23,8,4,0,0,10,1,8,3,19,21,2.0322,1.4164,0.2463,0.4311,0.3695,0.3079,1.0469,1.4164,0.4926,0.2463,0.0,0.0,0.6158,0.0616,0.4926,0.1847,1.17,1.2932,1461.5,18,900-1500,True,37.181,11.154,30.675,24.168,79.01,2.2896,0.6869,1.889,1.4883,4.8655,0.956,-0.003
5bjdj7hrhuxjbsa8wc1kw42c5,G. Trauner,Feyenoord Rotterdam,1249,1147,820,317,10,413,385,791,724,45,38,575,542,581,549,93,56,78,45,80,54,0,0,0,0,0,0,91.83,57.69,67.5,93.22,91.53,84.44,94.26,94.49,60.22,,,,77.0354,70.7442,50.5757,19.5518,0.6168,25.4729,23.7459,48.787,44.6546,2.7755,2.3438,35.4646,33.4293,35.8347,33.861,5.736,3.4539,4.8109,2.7755,4.9342,3.3306,0.0,0.0,0.0,0.0,0.0,0.0,127,110,154,2345.8585251366176,3,3,0,130,113,0.0,7.8331,6.7845,9.4984,144.687,0.185,0.185,0.0,8.0181,6.9696,0.0,1.562,1.36,0,0,0,0,0,0,,0.0,0.0,0.0,0.0,0.0,0.0,918,20,7,2,0.0,24,4,0,0,0,0,0,0,0,0,0,0,0,0,7,2,0.0,56.6201,1.2336,0.4317,0.1234,0.0,1.4803,0.2467,0.0,0.0,0.0,0.0,0.0,0.0,0.0,0.0,0.0,0.0,0.0,0.0,0.4317,0.1234,0.0,4,3,27,20,19,7,1,20,8,11,1,50,56,47,36,30,20,17,93,55,38,0,2,1,1349,19,75.0,74.07,83.93,87,70,80.46,3,82,56,2,0.2467,0.185,1.6653,1.2336,1.1719,0.4317,0.0617,1.2336,0.4934,0.6785,0.0617,3.0839,3.4539,2.8988,2.2204,1.8503,1.2336,1.0485,5.736,3.3923,2.3438,0.0,0.1234,0.0617,83.2031,1.1719,5.366,4.3174,0.185,5.0576,3.4539,0.1234,5,6,9,1,0,0,0.3084,0.3701,0.5551,0.0617,0.0,0.0,12,1,0,0,2,0,10,1,11,1,1,0,143.35415030255484,,3,11.95,0.7401,0.0617,0.0,0.0,0.1234,0.0,0.6168,0.0617,0.6785,0.0617,0.0617,0.0,8.8417,0.185,0,0,21,0,0,4,,,,0.0,0.0,1.2952,0.0,0.0,0.2467,2,0,0,0,0,0,0,100.0,0.1234,0.0,0.0,0.0,0.0,0.0,0.0,77,50,3,4,5,7,14,13,12,8,1,0,6,6,3,4,17,10,4.7492,3.0839,0.185,0.2467,0.3084,0.4317,0.8635,0.8018,0.7401,0.4934,0.0617,0.0,0.3701,0.3701,0.185,0.2467,1.0485,0.6168,1459.2,19,900-1500,True,35.33,26.17,65.425,73.276,121.691,2.1791,1.6141,4.0353,4.5195,7.5056,0.83,1.819
cm78w42nflwgvshpnok680mlm,F. Oppegård,Heracles Almelo,626,468,173,293,2,179,126,244,207,203,135,353,289,217,158,56,21,82,33,26,16,38,6,0,0,0,0,74.76,40.24,61.54,70.39,84.84,66.5,81.87,72.81,37.5,15.79,,,38.9142,29.0924,10.7542,18.2138,0.1243,11.1272,7.8326,15.1678,12.8678,12.6191,8.392,21.9436,17.9652,13.4894,9.8218,3.4811,1.3054,5.0974,2.0514,1.6162,0.9946,2.3622,0.373,0.0,0.0,0.0,0.0,52,26,106,1236.369789092896,16,5,6,68,31,6.0,3.2325,1.6162,6.5893,76.8568,0.9946,0.3108,0.373,4.2271,1.9271,0.373,-0.391,-0.251,38,6,38,6,0,0,15.79,2.3622,0.373,2.3622,0.373,0.0,0.0,366,31,8,1,0.0,19,3,0,0,0,3,0,0.0,0,0,0,0,0,0,5,1,0.0,22.7518,1.9271,0.4973,0.0622,0.0,1.1811,0.1865,0.0,0.0,0.0,0.1865,0.0,0.0,0.0,0.0,0.0,0.0,0.0,0.0,0.3108,0.0622,0.0,55,16,39,18,24,13,2,11,6,4,1,40,20,8,17,8,3,0,68,42,24,2,7,0,784,26,29.09,46.15,40.0,114,42,36.84,7,72,41,5,3.419,0.9946,2.4244,1.1189,1.4919,0.8081,0.1243,0.6838,0.373,0.2487,0.0622,2.4865,1.2433,0.4973,1.0568,0.4973,0.1865,0.0,4.2271,2.6109,1.4919,0.1243,0.4351,0.0,48.736,1.6162,7.0866,2.6109,0.4351,4.4758,2.5487,0.3108,9,10,3,1,0,0,0.5595,0.6216,0.1865,0.0622,0.0,0.0,7,0,6,0,1,0,0,0,5,0,2,0,120.36856176866165,,1,17.2,0.4351,0.0,0.373,0.0,0.0622,0.0,0.0,0.0,0.3108,0.0,0.1243,0.0,7.4825,0.0622,0,0,4,0,0,116,,,,0.0,0.0,0.2487,0.0,0.0,7.2109,5,0,0,0,0,0,0,100.0,0.3108,0.0,0.0,0.0,0.0,0.0,0.0,27,25,2,6,6,1,21,18,5,6,0,0,6,1,3,5,16,23,1.6784,1.5541,0.1243,0.373,0.373,0.0622,1.3054,1.1189,0.3108,0.373,0.0,0.0,0.373,0.0622,0.1865,0.3108,0.9946,1.4298,1447.8,15,900-1500,True,36.252,10.225,37.181,18.591,63.208,2.2535,0.6356,2.3113,1.1557,3.9292,0.915,-0.104
8fuul8znu2hzdqkxsotqt6u0a,M. Ugalde,FC Twente,333,218,90,128,0,9,6,155,107,169,105,224,146,95,67,14,5,9,2,47,20,1,0,14,0,0,0,65.47,22.22,42.55,66.67,69.03,62.13,65.18,70.53,35.71,0.0,0.0,,20.788,13.6089,5.6184,7.9906,0.0,0.5618,0.3746,9.6761,6.6796,10.55,6.5548,13.9835,9.1142,5.9305,4.1826,0.874,0.3121,0.5618,0.1249,2.934,1.2485,0.0624,0.0,0.874,0.0,0.0,0.0,14,15,57,886.8157361416753,20,13,9,34,28,9.0,0.874,0.9364,3.5583,55.3606,1.2485,0.8115,0.5618,2.1225,1.7479,0.5618,-1.392,-1.145,15,0,5,0,10,0,0.0,0.9364,0.0,0.3121,0.0,0.6243,0.0,338,177,21,4,0.0,47,7,1,0,0.0,0,0,0,5,1,0.0,0,0,0,15,3,0.0,21.1001,11.0495,1.311,0.2497,0.0,2.934,0.437,0.0624,0.0,0.0,0.0,0.0,0.0,0.3121,0.0624,0.0,0.0,0.0,0.0,0.9364,0.1873,0.0,45,19,14,10,2,6,6,1,0,1,0,6,85,32,15,6,70,26,40,6,16,18,24,0,524,107,42.22,71.43,37.65,144,61,42.36,24,8,23,24,2.8092,1.1861,0.874,0.6243,0.1249,0.3746,0.3746,0.0624,0.0,0.0624,0.0,0.3746,5.3062,1.9976,0.9364,0.3746,4.3698,1.6231,2.4971,0.3746,0.9988,1.1237,1.4982,0.0,32.7114,6.6796,8.9894,3.808,1.4982,0.4994,1.4358,1.4982,23,44,0,3,0,0,1.4358,2.7468,0.0,0.1873,0.0,0.0,64,7,7,3,33,1,24,3,52,7,12,0,895.934857997476,,11,14.0,3.9953,0.437,0.437,0.1873,2.0601,0.0624,1.4982,0.1873,3.2462,0.437,0.7491,0.0,55.9299,0.6867,0,0,0,0,0,1,,,,0.0,0.0,0.0,0.0,0.0,0.0624,1,0,0,0,0,0,0,100.0,0.0624,0.0,0.0,0.0,0.0,0.0,0.0,10,4,13,8,35,29,5,9,1,0,5,2,36,28,11,10,8,6,0.6243,0.2497,0.8115,0.4994,2.1849,1.8104,0.3121,0.5618,0.0624,0.0,0.3121,0.1249,2.2473,1.7479,0.6867,0.6243,0.4994,0.3746,1441.7,18,900-1500,True,15.954,1.14,6.838,96.866,45.584,0.9959,0.0712,0.4269,6.047,2.8456,-0.527,-1.213
4d9yng69t6qbzfukdhcp0j1ii,A. El Azzouzi,PEC Zwolle,809,686,366,316,4,196,154,540,477,73,55,371,310,375,339,63,37,60,31,81,37,1,1,4,1,0,0,84.8,51.67,45.68,78.57,88.33,75.34,83.56,90.4,58.73,100.0,25.0,,50.8556,43.1236,23.0076,19.8645,0.2514,12.321,9.6808,33.9457,29.9853,4.589,3.4574,23.3219,19.4873,23.5734,21.3103,3.9603,2.3259,3.7717,1.9487,5.0918,2.3259,0.0629,0.0629,0.2514,0.0629,0.0,0.0,43,50,129,1816.9225907893224,14,6,1,57,56,1.0,2.7031,3.1431,8.1092,114.216,0.8801,0.3772,0.0629,3.5832,3.5203,0.0629,-0.616,-0.524,5,2,0,0,5,2,40.0,0.3143,0.1257,0.0,0.0,0.3143,0.1257,570,25,15,0,0.0,33,2,0,0,0,1,0,0.0,0,0,0,1,0,0.0,13,0,0.0,35.8315,1.5716,0.9429,0.0,0.0,2.0745,0.1257,0.0,0.0,0.0,0.0629,0.0,0.0,0.0,0.0,0.0,0.0629,0.0,0.0,0.8172,0.0,0.0,20,10,45,27,25,18,2,18,9,7,2,59,66,38,51,30,15,8,93,43,47,3,11,0,975,11,50.0,60.0,57.58,131,75,57.25,11,77,72,7,1.2572,0.6286,2.8288,1.6973,1.5716,1.1315,0.1257,1.1315,0.5658,0.44,0.1257,3.7089,4.1489,2.3888,3.206,1.8859,0.9429,0.5029,5.8462,2.7031,2.9545,0.1886,0.6915,0.0,61.2908,0.6915,8.235,4.7147,0.6915,4.8404,4.5261,0.44,28,23,3,4,0,1,1.7601,1.4458,0.1886,0.2514,0.0,0.0629,9,0,1,0,6,0,2,0,4,0,5,0,161.80168041111185,,0,17.98,0.5658,0.0,0.0629,0.0,0.3772,0.0,0.1257,0.0,0.2514,0.0,0.3143,0.0,10.1712,0.0,0,0,12,0,0,2,,,,0.0,0.0,0.7543,0.0,0.0,0.1257,5,0,0,0,0,0,0,100.0,0.3143,0.0,0.0,0.0,0.0,0.0,0.0,18,25,4,11,3,6,18,27,8,10,0,0,8,1,12,3,28,17,1.1315,1.5716,0.2514,0.6915,0.1886,0.3772,1.1315,1.6973,0.5029,0.6286,0.0,0.0,0.5029,0.0629,0.7543,0.1886,1.7601,1.0687,1431.7,22,900-1500,True,44.171,17.668,57.913,64.784,91.286,2.7767,1.1107,3.6405,4.0725,5.7385,1.514,0.829
1hmy5uxiyr8g915tngl9l8twq,M. van Brederode,Alkmaar Zaanstreek,527,433,187,244,2,55,44,187,161,285,228,327,267,169,146,31,20,29,17,10,5,3,1,25,8,0,0,82.16,58.62,50.0,80.0,86.1,80.0,81.65,86.39,64.52,33.33,32.0,,33.1609,27.246,11.7668,15.3534,0.1258,3.4608,2.7686,11.7668,10.1307,17.9333,14.3466,20.5761,16.8007,10.6341,9.1869,1.9506,1.2585,1.8248,1.0697,0.6292,0.3146,0.1888,0.0629,1.5731,0.5034,0.0,0.0,82,36,103,1154.08639551391,24,13,15,106,49,15.0,5.1598,2.2653,6.4812,72.6196,1.5102,0.818,0.9439,6.6699,3.0833,0.9439,0.427,0.787,28,9,28,9,0,0,32.14,1.7619,0.5663,1.7619,0.5663,0.0,0.0,417,74,24,6,0.0,46,9,0,0,0,4,0,0.0,0,0,0,0,0,0,20,6,0.0,26.2393,4.6564,1.5102,0.3775,0.0,2.8945,0.5663,0.0,0.0,0.0,0.2517,0.0,0.0,0.0,0.0,0.0,0.0,0.0,0.0,1.2585,0.3775,0.0,73,37,29,19,9,13,7,9,2,7,0,5,9,3,4,2,5,1,82,34,37,11,24,0,695,66,50.68,65.52,33.33,111,59,53.15,24,45,57,18,4.5934,2.3282,1.8248,1.1956,0.5663,0.818,0.4405,0.5663,0.1258,0.4405,0.0,0.3146,0.5663,0.1888,0.2517,0.1258,0.3146,0.0629,5.1598,2.1394,2.3282,0.6922,1.5102,0.0,43.7321,4.153,6.9845,3.7125,1.5102,2.8316,3.5867,1.1326,2,20,0,1,0,0,0.1258,1.2585,0.0,0.0629,0.0,0.0,18,2,0,0,17,2,1,0,10,2,8,0,338.57028261408595,,8,18.81,1.1326,0.1258,0.0,0.0,1.0697,0.1258,0.0629,0.0,0.6292,0.1258,0.5034,0.0,21.3041,0.5034,7,4,11,0,0,4,,,57.14,0.4405,0.2517,0.6922,0.0,0.0,0.2517,1,0,0,0,0,0,0,100.0,0.0629,0.0,0.0,0.0,0.0,0.0,0.0,29,53,5,19,10,8,10,19,5,4,0,2,9,9,6,18,18,11,1.8248,3.335,0.3146,1.1956,0.6292,0.5034,0.6292,1.1956,0.3146,0.2517,0.0,0.1258,0.5663,0.5663,0.3775,1.1326,1.1326,0.6922,1430.3,29,900-1500,True,31.822,9.876,5.487,9.876,89.98,2.0024,0.6214,0.3453,0.6214,5.6619,0.627,-0.132
5nhideyjwp2347ryi1n9wfq50,D. Sanches Fernandes,SBV Excelsior,443,335,134,201,0,45,24,178,148,220,163,257,205,148,112,38,18,40,15,21,12,28,7,10,1,0,0,75.62,37.5,57.14,53.33,83.15,74.09,79.77,75.68,47.37,25.0,10.0,,28.5132,21.5619,8.6248,12.9371,0.0,2.8964,1.5447,11.4568,9.5259,14.1601,10.4913,16.5415,13.1946,9.5259,7.2088,2.4458,1.1585,2.5746,0.9655,1.3516,0.7724,1.8022,0.4505,0.6436,0.0644,0.0,0.0,29,29,63,785.0557870027172,13,6,9,42,35,9.0,1.8666,1.8666,4.0549,50.5292,0.8367,0.3862,0.5793,2.7033,2.2527,0.5793,-0.971,-0.898,38,8,4,1,34,7,21.05,2.4458,0.5149,0.2575,0.0644,2.1884,0.4505,364,111,29,1,0.0,48,2,1,0,0.0,9,1,0.0,1,0,0.0,0,0,0,18,0,0.0,23.4284,7.1444,1.8666,0.0644,0.0,3.0895,0.1287,0.0644,0.0,0.0,0.5793,0.0644,0.0,0.0644,0.0,0.0,0.0,0.0,0.0,1.1585,0.0,0.0,59,24,20,11,8,7,5,9,3,5,1,16,29,8,13,4,16,4,67,28,30,9,29,0,620,53,40.68,55.0,27.59,108,43,39.81,29,39,42,15,3.7975,1.5447,1.2873,0.708,0.5149,0.4505,0.3218,0.5793,0.1931,0.3218,0.0644,1.0298,1.8666,0.5149,0.8367,0.2575,1.0298,0.2575,4.3124,1.8022,1.9309,0.5793,1.8666,0.0,39.9056,3.4113,6.9513,2.7676,1.8666,2.5102,2.7033,0.9655,13,16,0,0,0,0,0.8367,1.0298,0.0,0.0,0.0,0.0,21,2,17,1,3,0,1,1,9,2,12,0,407.9556852426358,,3,19.43,1.3516,0.1287,1.0942,0.0644,0.1931,0.0,0.0644,0.0644,0.5793,0.1287,0.7724,0.0,26.2576,0.1931,6,1,3,0,0,8,,,16.67,0.3862,0.0644,0.1931,0.0,0.0,0.5149,0,0,0,0,0,0,0,,0.0,0.0,0.0,0.0,0.0,0.0,0.0,10,19,15,14,12,9,9,11,3,6,0,2,14,7,20,9,10,10,0.6436,1.2229,0.9655,0.9011,0.7724,0.5793,0.5793,0.708,0.1931,0.3862,0.0,0.1287,0.9011,0.4505,1.2873,0.5793,0.6436,0.6436,1398.3,30,900-1500,True,18.365,8.264,14.692,26.63,61.523,1.182,0.5319,0.9456,1.714,3.9599,-0.313,-0.308
dmrznrol8qp7yk53r6ajhnkt0,T. Beelen,Feyenoord Rotterdam,1172,1075,698,367,10,376,341,718,666,78,68,520,483,581,551,71,41,64,33,94,62,0,0,2,2,0,0,91.72,51.56,65.96,90.69,92.76,87.18,92.88,94.84,57.75,,100.0,,75.678,69.4146,45.071,23.6978,0.6457,24.2789,22.0189,46.3625,43.0047,5.0366,4.3909,33.5773,31.1881,37.5161,35.579,4.5846,2.6474,4.1326,2.1309,6.0697,4.0034,0.0,0.0,0.1291,0.1291,0.0,0.0,97,103,162,2493.052434571026,10,5,0,107,108,0.0,6.2635,6.6509,10.4606,160.9806,0.6457,0.3229,0.0,6.9092,6.9737,0.0,0.896,0.889,2,2,0,0,2,2,100.0,0.1291,0.1291,0.0,0.0,0.1291,0.1291,762,8,7,0,0.0,22,1,0,0,0,1,0,0.0,1,0,0.0,0,0,0,5,0,0.0,49.2036,0.5166,0.452,0.0,0.0,1.4206,0.0646,0.0,0.0,0.0,0.0646,0.0,0.0,0.0646,0.0,0.0,0.0,0.0,0.0,0.3229,0.0,0.0,7,6,25,10,19,6,0,16,6,10,0,41,62,38,46,31,16,7,94,46,46,2,2,0,1264,8,85.71,40.0,61.29,94,54,57.45,2,71,62,2,0.452,0.3874,1.6143,0.6457,1.2269,0.3874,0.0,1.0331,0.3874,0.6457,0.0,2.6474,4.0034,2.4537,2.9703,2.0017,1.0331,0.452,6.0697,2.9703,2.9703,0.1291,0.1291,0.0,81.6186,0.5166,6.0697,3.4869,0.1291,4.5846,4.0034,0.1291,10,5,9,1,0,0,0.6457,0.3229,0.5811,0.0646,0.0,0.0,6,0,2,0,2,0,2,0,4,0,2,0,80.22841528949664,,0,13.37,0.3874,0.0,0.1291,0.0,0.1291,0.0,0.1291,0.0,0.2583,0.0,0.1291,0.0,5.1805,0.0,0,0,20,0,0,3,,,,0.0,0.0,1.2914,0.0,0.0,0.1937,7,0,0,0,0,0,0,100.0,0.452,0.0,0.0,0.0,0.0,0.0,0.0,54,43,3,4,3,3,10,15,7,9,0,0,5,1,2,5,12,13,3.4869,2.7766,0.1937,0.2583,0.1937,0.1937,0.6457,0.9686,0.452,0.5811,0.0,0.0,0.3229,0.0646,0.1291,0.3229,0.7749,0.8394,1393.8,20,900-1500,True,32.713,20.936,53.649,81.127,122.999,2.1123,1.3519,3.4642,5.2385,7.9423,0.753,1.303
9p6nlczeycd0ai4dahjxnf8ph,L. Schöne,Nijmegen Eendracht Combinatie,799,650,377,271,2,149,125,479,417,171,108,400,343,292,257,107,50,105,50,48,26,1,0,69,26,0,0,81.35,47.62,54.17,83.89,87.06,63.16,85.75,88.01,46.73,0.0,37.68,,52.2868,42.5362,24.671,17.7343,0.1309,9.7506,8.18,31.3459,27.2886,11.1903,7.0675,26.1761,22.446,19.1086,16.8181,7.0021,3.272,6.8712,3.272,3.1411,1.7014,0.0654,0.0,4.5154,1.7014,0.0,0.0,102,79,104,1205.060431190562,6,3,1,108,82,1.0,6.6749,5.1698,6.8058,78.8595,0.3926,0.1963,0.0654,7.0675,5.3661,0.0654,1.07,0.956,70,26,38,9,32,17,37.14,4.5808,1.7014,2.4867,0.589,2.0941,1.1125,509,29,30,4,0.0,43,7,0,0,0,18,4,0.0,2,0,0.0,0,0,0,10,0,0.0,33.3091,1.8978,1.9632,0.2618,0.0,2.8139,0.4581,0.0,0.0,0.0,1.1779,0.2618,0.0,0.1309,0.0,0.0,0.0,0.0,0.0,0.6544,0.0,0.0,11,4,14,7,7,4,3,13,8,4,1,35,31,15,20,8,11,7,99,41,50,8,12,0,901,8,36.36,50.0,48.39,56,26,46.43,12,56,58,12,0.7198,0.2618,0.9162,0.4581,0.4581,0.2618,0.1963,0.8507,0.5235,0.2618,0.0654,2.2904,2.0286,0.9816,1.3088,0.5235,0.7198,0.4581,6.4786,2.6831,3.272,0.5235,0.7853,0.0,58.9617,0.5235,3.6647,1.7014,0.7853,3.6647,3.7955,0.7853,18,9,1,3,0,0,1.1779,0.589,0.0654,0.1963,0.0,0.0,8,1,0,0,8,1,0,0,3,1,5,0,198.38115465842952,,5,24.8,0.5235,0.0654,0.0,0.0,0.5235,0.0654,0.0,0.0,0.1963,0.0654,0.3272,0.0,12.9821,0.3272,57,24,47,0,0,1,,,42.11,3.7301,1.5706,3.0757,0.0,0.0,0.0654,3,0,0,0,0,0,0,100.0,0.1963,0.0,0.0,0.0,0.0,0.0,0.0,39,63,4,26,2,6,7,7,7,6,1,0,5,3,16,14,9,5,2.5522,4.1227,0.2618,1.7014,0.1309,0.3926,0.4581,0.4581,0.4581,0.3926,0.0654,0.0,0.3272,0.1963,1.047,0.9162,0.589,0.3272,1375.3,24,900-1500,True,13.545,12.578,33.863,29.993,95.783,0.8864,0.8231,2.216,1.9627,6.2681,-0.652,0.264
5n65xhwbd6dm3uynl4h7k920a,E. Llansana,Go Ahead Eagles,738,608,378,227,3,166,134,450,374,122,100,420,348,252,225,66,35,64,27,68,32,2,0,4,1,0,0,82.38,42.19,47.06,80.72,83.11,81.97,82.86,89.29,53.03,0.0,25.0,,48.309,39.7993,24.7436,14.8593,0.1964,10.8662,8.7715,29.4567,24.4818,7.986,6.5459,27.4929,22.7798,16.4957,14.7283,4.3203,2.2911,4.1894,1.7674,4.4512,2.0947,0.1309,0.0,0.2618,0.0655,0.0,0.0,79,73,127,1782.1402230295291,20,13,3,99,86,3.0,5.1713,4.7785,8.3133,116.6577,1.3092,0.851,0.1964,6.4805,5.6295,0.1964,0.432,0.707,6,1,2,0,4,1,16.67,0.3928,0.0655,0.1309,0.0,0.2618,0.0655,510,24,14,0,0.0,37,3,0,0,0,0,0,0,2,0,0.0,0,0,0,12,0,0.0,33.3842,1.571,0.9164,0.0,0.0,2.422,0.1964,0.0,0.0,0.0,0.0,0.0,0.0,0.1309,0.0,0.0,0.0,0.0,0.0,0.7855,0.0,0.0,19,7,51,32,21,22,8,13,4,7,2,31,59,35,37,19,22,16,105,48,49,8,10,0,887,13,36.84,62.75,59.32,129,74,57.36,10,73,78,18,1.2437,0.4582,3.3384,2.0947,1.3746,1.4401,0.5237,0.851,0.2618,0.4582,0.1309,2.0292,3.8621,2.2911,2.422,1.2437,1.4401,1.0473,6.8732,3.142,3.2075,0.5237,0.6546,0.0,58.0624,0.851,8.4443,4.844,0.6546,4.7785,5.1058,1.1783,25,7,1,1,0,0,1.6365,0.4582,0.0655,0.0655,0.0,0.0,25,2,5,0,18,2,2,0,6,1,19,1,601.3103531709112,,2,24.05,1.6365,0.1309,0.3273,0.0,1.1783,0.1309,0.1309,0.0,0.3928,0.0655,1.2437,0.0655,39.3614,0.1309,0,0,6,0,0,6,,,,0.0,0.0,0.3928,0.0,0.0,0.3928,8,0,0,0,0,0,0,100.0,0.5237,0.0,0.0,0.0,0.0,0.0,0.0,23,56,3,11,4,21,12,39,4,9,1,1,18,7,7,7,28,23,1.5056,3.6657,0.1964,0.7201,0.2618,1.3746,0.7855,2.5529,0.2618,0.5891,0.0655,0.0655,1.1783,0.4582,0.4582,0.4582,1.8329,1.5056,1374.9,27,900-1500,True,46.72,11.909,28.398,54.048,96.187,3.0583,0.7796,1.8589,3.5379,6.2963,1.837,0.179
7clxo8giuja0f0hw9jbto3mjt,L. Mbe Soh,Almere City FC,549,409,280,127,2,199,146,325,250,25,13,221,171,264,214,64,24,69,22,105,47,2,0,0,0,0,0,74.5,31.88,44.76,73.37,76.92,52.0,77.38,81.06,37.5,0.0,,,36.0578,26.8627,18.3901,8.3412,0.1314,13.0701,9.5891,21.3457,16.4198,1.642,0.8538,14.5151,11.2311,17.3393,14.0553,4.2035,1.5763,4.5319,1.4449,6.8963,3.0869,0.1314,0.0,0.0,0.0,0.0,0.0,64,52,64,860.5549306337775,2,1,0,66,53,0.0,4.2035,3.4153,4.2035,56.5204,0.1314,0.0657,0.0,4.3348,3.481,0.0,0.021,-0.205,2,0,2,0,0,0,0.0,0.1314,0.0,0.1314,0.0,0.0,0.0,278,9,4,1,0.0,7,1,0,0,0,0,0,0,0,0,0,0,0,0,4,1,0.0,18.2588,0.5911,0.2627,0.0657,0.0,0.4598,0.0657,0.0,0.0,0.0,0.0,0.0,0.0,0.0,0.0,0.0,0.0,0.0,0.0,0.2627,0.0657,0.0,6,5,17,11,10,6,1,14,6,8,0,65,55,22,40,18,15,4,98,63,34,1,4,1,648,10,83.33,64.71,40.0,78,38,48.72,5,79,48,2,0.3941,0.3284,1.1165,0.7225,0.6568,0.3941,0.0657,0.9195,0.3941,0.5254,0.0,4.2691,3.6123,1.4449,2.6272,1.1822,0.9852,0.2627,6.4365,4.1378,2.2331,0.0657,0.2627,0.0657,42.56,0.6568,5.123,2.4958,0.3284,5.1886,3.1526,0.1314,16,2,7,2,0,0,1.0509,0.1314,0.4598,0.1314,0.0,0.0,5,1,0,0,1,0,4,1,5,1,0,0,52.62304490283171,,2,10.52,0.3284,0.0657,0.0,0.0,0.0657,0.0,0.2627,0.0657,0.3284,0.0657,0.0,0.0,3.4562,0.1314,0,0,10,0,0,5,,,,0.0,0.0,0.6568,0.0,0.0,0.3284,12,0,0,0,0,0,0,100.0,0.7881,0.0,0.0,0.0,0.0,0.0,0.0,33,31,1,3,3,2,7,10,5,9,0,1,3,2,2,2,7,10,2.1674,2.0361,0.0657,0.197,0.197,0.1314,0.4598,0.6568,0.3284,0.5911,0.0,0.0657,0.197,0.1314,0.1314,0.1314,0.4598,0.6568,1370.3,20,900-1500,True,15.167,12.491,57.992,49.071,87.435,0.9962,0.8204,3.8089,3.2229,5.7426,-0.526,0.259
arrbpgnwbguhyumc8c1u4jsut,M. Vejinović,Heracles Almelo,854,691,395,293,3,185,154,527,444,142,93,380,331,324,266,150,94,137,87,54,25,1,0,53,13,0,0,80.91,63.5,46.3,83.24,84.25,65.49,87.11,82.1,62.67,0.0,24.53,,56.1842,45.4605,25.9868,19.2763,0.1974,12.1711,10.1316,34.6711,29.2105,9.3421,6.1184,25.0,21.7763,21.3158,17.5,9.8684,6.1842,9.0132,5.7237,3.5526,1.6447,0.0658,0.0,3.4868,0.8553,0.0,0.0,124,99,133,1668.3357055659585,4,0,1,128,99,1.0,8.1579,6.5132,8.75,109.7589,0.2632,0.0,0.0658,8.4211,6.5132,0.0658,1.7,1.532,53,12,23,2,30,10,22.64,3.4868,0.7895,1.5132,0.1316,1.9737,0.6579,557,24,23,1,0.0,41,3,0,0,0,8,1,0.0,0,0,0,8,0,0.0,7,0,0.0,36.6447,1.5789,1.5132,0.0658,0.0,2.6974,0.1974,0.0,0.0,0.0,0.5263,0.0658,0.0,0.0,0.0,0.0,0.5263,0.0,0.0,0.4605,0.0,0.0,8,1,40,28,17,21,2,15,6,8,1,37,28,13,16,8,12,5,81,38,38,5,9,0,955,4,12.5,70.0,46.43,76,42,55.26,9,61,67,8,0.5263,0.0658,2.6316,1.8421,1.1184,1.3816,0.1316,0.9868,0.3947,0.5263,0.0658,2.4342,1.8421,0.8553,1.0526,0.5263,0.7895,0.3289,5.3289,2.5,2.5,0.3289,0.5921,0.0,62.8289,0.2632,5.0,2.7632,0.5921,4.0132,4.4079,0.5263,33,7,1,7,0,0,2.1711,0.4605,0.0658,0.4605,0.0,0.0,7,1,0,0,7,1,0,0,2,1,5,0,176.54437185559607,,2,25.22,0.4605,0.0658,0.0,0.0,0.4605,0.0658,0.0,0.0,0.1316,0.0658,0.3289,0.0,11.6148,0.1316,44,20,63,0,0,11,,,45.45,2.8947,1.3158,4.1447,0.0,0.0,0.7237,7,0,0,0,0,0,0,100.0,0.4605,0.0,0.0,0.0,0.0,0.0,0.0,65,59,10,13,2,5,21,19,7,8,0,1,3,4,13,10,23,17,4.2763,3.8816,0.6579,0.8553,0.1316,0.3289,1.3816,1.25,0.4605,0.5263,0.0,0.0658,0.1974,0.2632,0.8553,0.6579,1.5132,1.1184,1368.0,25,900-1500,True,37.181,13.943,34.393,26.027,75.292,2.4461,0.9173,2.2627,1.7123,4.9534,1.136,0.449
5i0e7e59vav8ynqzt7qrvitt6,J. Hornkamp,Heracles Almelo,282,181,69,112,0,14,11,170,116,98,54,167,103,102,68,13,10,7,4,82,29,1,0,3,1,0,0,64.18,57.14,35.37,78.57,68.24,55.1,61.68,66.67,76.92,0.0,33.33,,18.8,12.0667,4.6,7.4667,0.0,0.9333,0.7333,11.3333,7.7333,6.5333,3.6,11.1333,6.8667,6.8,4.5333,0.8667,0.6667,0.4667,0.2667,5.4667,1.9333,0.0667,0.0,0.2,0.0667,0.0,0.0,19,13,24,217.89904390530702,3,0,2,22,13,2.0,1.2667,0.8667,1.6,14.5266,0.2,0.0,0.1333,1.4667,0.8667,0.1333,-1.225,-1.424,4,1,1,0,3,1,25.0,0.2667,0.0667,0.0667,0.0,0.2,0.0667,274,184,18,3,0.0,28,4,1,0,0.0,1,0,0.0,1,0,0.0,0,0,0,15,3,0.0,18.2667,12.2667,1.2,0.2,0.0,1.8667,0.2667,0.0667,0.0,0.0,0.0667,0.0,0.0,0.0667,0.0,0.0,0.0,0.0,0.0,1.0,0.2,0.0,18,9,12,7,2,5,5,3,1,2,0,16,107,58,19,11,88,47,28,5,17,6,17,0,407,61,50.0,58.33,54.21,137,74,54.01,17,8,24,11,1.2,0.6,0.8,0.4667,0.1333,0.3333,0.3333,0.2,0.0667,0.1333,0.0,1.0667,7.1333,3.8667,1.2667,0.7333,5.8667,3.1333,1.8667,0.3333,1.1333,0.4,1.1333,0.0,27.1333,4.0667,9.1333,4.9333,1.1333,0.5333,1.6,0.7333,23,15,0,2,0,0,1.5333,1.0,0.0,0.1333,0.0,0.0,41,10,4,0,21,6,16,4,34,9,7,1,545.0479788226914,,13,13.29,2.7333,0.6667,0.2667,0.0,1.4,0.4,1.0667,0.2667,2.2667,0.6,0.4667,0.0667,36.3365,0.8667,0,0,1,0,0,0,,,,0.0,0.0,0.0667,0.0,0.0,0.0,5,0,0,0,0,0,0,100.0,0.3333,0.0,0.0,0.0,0.0,0.0,0.0,11,8,6,12,14,27,7,5,2,1,8,2,30,11,15,3,6,6,0.7333,0.5333,0.4,0.8,0.9333,1.8,0.4667,0.3333,0.1333,0.0667,0.5333,0.1333,2.0,0.7333,1.0,0.2,0.4,0.4,1350.0,17,900-1500,True,11.154,2.789,14.873,99.46,26.027,0.7436,0.1859,0.9915,6.6307,1.7351,-0.816,-0.988
42eyoeidtcnf2l4eag73qp36y,P. Aaronson,SBV Vitesse,424,339,156,183,0,52,39,223,187,149,113,237,189,145,126,42,24,40,22,25,11,1,1,29,11,0,0,79.95,55.0,44.0,75.0,83.86,75.84,79.75,86.9,57.14,100.0,37.93,,28.4861,22.7755,10.4807,12.2947,0.0,3.4936,2.6202,14.9821,12.5635,10.0105,7.5918,15.9227,12.6978,9.7417,8.4652,2.8217,1.6124,2.6874,1.4781,1.6796,0.739,0.0672,0.0672,1.9483,0.739,0.0,0.0,29,22,53,781.9734352472194,12,6,3,41,28,3.0,1.9483,1.4781,3.5608,52.5363,0.8062,0.4031,0.2016,2.7546,1.8812,0.2016,-0.936,-0.877,30,12,13,7,17,5,40.0,2.0155,0.8062,0.8734,0.4703,1.1421,0.3359,314,63,29,0,0.0,47,3,0,0,0,7,0,0.0,0,0,0,3,0,0.0,19,0,0.0,21.0958,4.2326,1.9483,0.0,0.0,3.1577,0.2016,0.0,0.0,0.0,0.4703,0.0,0.0,0.0,0.0,0.0,0.2016,0.0,0.0,1.2765,0.0,0.0,24,9,44,25,22,16,6,9,3,3,3,9,34,11,14,4,20,7,51,19,26,6,25,0,543,60,37.5,56.82,32.35,102,45,44.12,25,44,45,15,1.6124,0.6047,2.9561,1.6796,1.4781,1.0749,0.4031,0.6047,0.2016,0.2016,0.2016,0.6047,2.2843,0.739,0.9406,0.2687,1.3437,0.4703,3.4264,1.2765,1.7468,0.4031,1.6796,0.0,36.481,4.0311,6.8528,3.0233,1.6796,2.9561,3.0233,1.0078,16,14,0,4,0,0,1.0749,0.9406,0.0,0.2687,0.0,0.0,38,4,12,2,25,2,1,0,27,4,11,0,646.0488147842868,,4,17.0,2.553,0.2687,0.8062,0.1344,1.6796,0.1344,0.0672,0.0,1.814,0.2687,0.739,0.0,43.4043,0.2687,19,13,6,0,0,1,,,68.42,1.2765,0.8734,0.4031,0.0,0.0,0.0672,3,0,0,0,0,0,0,100.0,0.2016,0.0,0.0,0.0,0.0,0.0,0.0,14,15,14,15,17,21,23,21,9,0,2,2,22,16,14,15,19,25,0.9406,1.0078,0.9406,1.0078,1.1421,1.4109,1.5452,1.4109,0.6047,0.0,0.1344,0.1344,1.4781,1.0749,0.9406,1.0078,1.2765,1.6796,1339.6,14,900-1500,True,44.365,9.075,9.075,34.282,51.424,2.9806,0.6097,0.6097,2.3032,3.4549,1.748,-0.155
30t0ph1icrggc0x62om801ses,G. de Regt,SBV Vitesse,334,206,85,119,2,43,21,120,85,171,100,199,130,103,65,32,11,37,9,37,11,10,1,20,2,0,0,61.68,24.32,29.73,48.84,70.83,58.48,65.33,63.11,34.38,10.0,10.0,,22.5456,13.9053,5.7376,8.0327,0.135,2.9026,1.4175,8.1002,5.7376,11.5428,6.7502,13.4328,8.7752,6.9527,4.3876,2.1601,0.7425,2.4976,0.6075,2.4976,0.7425,0.675,0.0675,1.35,0.135,0.0,0.0,28,10,34,525.4337309410046,11,10,0,39,20,0.0,1.89,0.675,2.2951,35.4677,0.7425,0.675,0.0,2.6326,1.35,0.0,-0.961,-0.928,30,3,15,2,15,1,10.0,2.0251,0.2025,1.0125,0.135,1.0125,0.0675,283,103,18,1,0.0,30,2,2,0,0.0,0,0,0,0,0,0,0,0,0,16,1,0.0,19.103,6.9527,1.215,0.0675,0.0,2.0251,0.135,0.135,0.0,0.0,0.0,0.0,0.0,0.0,0.0,0.0,0.0,0.0,0.0,1.08,0.0675,0.0,45,15,18,14,7,7,4,6,4,1,1,6,44,14,7,3,37,11,50,26,18,6,9,1,482,49,33.33,77.78,31.82,107,43,40.19,10,37,26,11,3.0376,1.0125,1.215,0.945,0.4725,0.4725,0.27,0.405,0.27,0.0675,0.0675,0.405,2.9701,0.945,0.4725,0.2025,2.4976,0.7425,3.3751,1.755,1.215,0.405,0.6075,0.0675,32.5358,3.3076,7.2227,2.9026,0.675,2.4976,1.755,0.7425,23,14,0,3,0,0,1.5525,0.945,0.0,0.2025,0.0,0.0,23,1,9,1,11,0,3,0,15,1,8,0,383.13515016521353,,2,16.66,1.5525,0.0675,0.6075,0.0675,0.7425,0.0,0.2025,0.0,1.0125,0.0675,0.54,0.0,25.8623,0.135,0,0,0,0,0,8,,,,0.0,0.0,0.0,0.0,0.0,0.54,1,0,0,0,0,0,0,100.0,0.0675,0.0,0.0,0.0,0.0,0.0,0.0,11,17,8,10,9,14,10,8,5,1,1,0,16,7,12,6,9,9,0.7425,1.1475,0.54,0.675,0.6075,0.945,0.675,0.54,0.3375,0.0675,0.0675,0.0,1.08,0.4725,0.81,0.405,0.6075,0.6075,1333.3,26,900-1500,True,18.15,6.05,6.05,44.365,50.415,1.2252,0.4084,0.4084,2.9947,3.4031,-0.264,-0.55
4cyftx5l62gw3ijl29y7t51pl,S. Sow,Go Ahead Eagles,254,188,51,137,0,14,12,112,87,128,89,178,129,70,54,6,5,8,5,19,8,0,0,6,1,0,0,74.02,62.5,42.11,85.71,77.68,69.53,72.47,77.14,83.33,,16.67,,17.2009,12.7314,3.4537,9.2777,0.0,0.9481,0.8126,7.5847,5.8916,8.6682,6.0271,12.0542,8.7359,4.7404,3.6569,0.4063,0.3386,0.5418,0.3386,1.2867,0.5418,0.0,0.0,0.4063,0.0677,0.0,0.0,7,6,38,535.2864446653006,13,6,7,20,12,7.0,0.474,0.4063,2.5734,36.2496,0.8804,0.4063,0.474,1.3544,0.8126,0.474,-1.562,-1.472,6,1,0,0,6,1,16.67,0.4063,0.0677,0.0,0.0,0.4063,0.0677,268,163,17,2,0.0,34,6,1,0,0.0,0,0,0,0,0,0,0,0,0,16,2,0.0,18.149,11.0384,1.1512,0.1354,0.0,2.3025,0.4063,0.0677,0.0,0.0,0.0,0.0,0.0,0.0,0.0,0.0,0.0,0.0,0.0,1.0835,0.1354,0.0,45,18,15,9,5,3,7,2,0,2,0,4,59,14,9,1,50,13,32,2,22,8,25,0,434,66,40.0,60.0,23.73,119,41,34.45,25,7,27,15,3.0474,1.219,1.0158,0.6095,0.3386,0.2032,0.474,0.1354,0.0,0.1354,0.0,0.2709,3.9955,0.9481,0.6095,0.0677,3.386,0.8804,2.167,0.1354,1.4898,0.5418,1.693,0.0,29.3905,4.4695,8.0587,2.7765,1.693,0.474,1.8284,1.0158,17,15,1,2,0,0,1.1512,1.0158,0.0677,0.1354,0.0,0.0,29,7,4,2,20,4,5,1,24,7,5,0,365.3736330858917,,9,12.6,1.9639,0.474,0.2709,0.1354,1.3544,0.2709,0.3386,0.0677,1.6253,0.474,0.3386,0.0,24.7431,0.6095,0,0,0,0,0,1,,,,0.0,0.0,0.0,0.0,0.0,0.0677,1,0,0,0,0,0,0,100.0,0.0677,0.0,0.0,0.0,0.0,0.0,0.0,1,6,4,13,3,26,3,12,0,2,4,3,21,8,11,6,10,5,0.0677,0.4063,0.2709,0.8804,0.2032,1.7607,0.2032,0.8126,0.0,0.1354,0.2709,0.2032,1.4221,0.5418,0.7449,0.4063,0.6772,0.3386,1329.0,34,900-1500,True,13.741,1.832,3.664,54.048,29.314,0.9305,0.1241,0.2481,3.6601,1.9851,-0.602,-1.109
4n18t6bixl6ba3bx76hym51qs,A. Gaaei,AFC Ajax,813,617,275,338,4,181,139,372,304,260,174,391,310,331,260,91,47,116,68,52,27,2,0,64,15,0,0,75.89,58.62,51.92,76.8,81.72,66.92,79.28,78.55,51.65,0.0,23.44,,55.7953,42.3441,18.873,23.1966,0.2745,12.4218,9.5394,25.53,20.8632,17.8435,11.9414,26.8339,21.275,22.7162,17.8435,6.2452,3.2256,7.961,4.6668,3.5687,1.853,0.1373,0.0,4.3923,1.0294,0.0,0.0,80,49,100,1505.0067388763787,18,18,4,98,67,4.0,5.4903,3.3628,6.8629,103.287,1.2353,1.2353,0.2745,6.7256,4.5981,0.2745,0.568,0.811,66,15,0,0,66,15,22.73,4.5295,1.0294,0.0,0.0,4.5295,1.0294,559,47,27,2,0.0,45,5,0,0,0,9,1,0.0,0,0,0,0,0,0,18,1,0.0,38.3636,3.2256,1.853,0.1373,0.0,3.0883,0.3431,0.0,0.0,0.0,0.6177,0.0686,0.0,0.0,0.0,0.0,0.0,0.0,0.0,1.2353,0.0686,0.0,21,12,24,13,12,8,4,20,13,5,2,24,42,20,29,14,13,6,78,34,39,5,12,1,918,27,57.14,54.17,47.62,87,45,51.72,13,59,52,11,1.4412,0.8235,1.6471,0.8922,0.8235,0.549,0.2745,1.3726,0.8922,0.3431,0.1373,1.6471,2.8824,1.3726,1.9902,0.9608,0.8922,0.4118,5.3531,2.3334,2.6765,0.3431,0.8235,0.0686,63.0014,1.853,5.9707,3.0883,0.8922,4.0491,3.5687,0.7549,10,6,0,1,0,0,0.6863,0.4118,0.0,0.0686,0.0,0.0,9,1,1,0,8,1,0,0,5,1,4,0,199.5029952138003,,3,22.17,0.6177,0.0686,0.0686,0.0,0.549,0.0686,0.0,0.0,0.3431,0.0686,0.2745,0.0,13.6917,0.2059,0,0,6,0,0,93,,,,0.0,0.0,0.4118,0.0,0.0,6.3825,4,0,0,0,0,0,0,100.0,0.2745,0.0,0.0,0.0,0.0,0.0,0.0,28,52,12,15,4,5,4,20,11,9,1,0,4,5,10,17,12,12,1.9216,3.5687,0.8235,1.0294,0.2745,0.3431,0.2745,1.3726,0.7549,0.6177,0.0686,0.0,0.2745,0.3431,0.6863,1.1667,0.8235,0.8235,1311.4,25,900-1500,True,29.789,24.824,29.789,52.131,96.815,2.0444,1.7036,2.0444,3.5777,6.6443,0.675,1.994
1957std7hji9ca7bd29y8at7u,P. Wålemark,SC Heerenveen,271,152,68,84,0,29,15,99,67,143,70,147,88,100,58,24,6,24,5,15,5,25,3,11,1,0,0,56.09,20.83,33.33,51.72,67.68,48.95,59.86,58.0,25.0,12.0,9.09,,18.7587,10.5215,4.707,5.8145,0.0,2.0074,1.0383,6.8528,4.6377,9.8985,4.8454,10.1754,6.0914,6.922,4.0148,1.6613,0.4153,1.6613,0.3461,1.0383,0.3461,1.7305,0.2077,0.7614,0.0692,0.0,0.0,30,8,34,442.30166914480037,12,3,7,42,11,7.0,2.0766,0.5538,2.3535,30.6162,0.8306,0.2077,0.4845,2.9072,0.7614,0.4845,-0.881,-0.812,36,4,1,1,35,3,11.11,2.4919,0.2769,0.0692,0.0692,2.4227,0.2077,257,70,14,1,0.0,27,4,0,0,0,4,0,0.0,0,0,0,0,0,0,10,1,0.0,17.7896,4.8454,0.9691,0.0692,0.0,1.8689,0.2769,0.0,0.0,0.0,0.2769,0.0,0.0,0.0,0.0,0.0,0.0,0.0,0.0,0.6922,0.0692,0.0,64,18,25,16,11,9,5,9,7,2,0,13,21,6,9,1,12,5,62,22,25,15,10,0,451,59,28.12,64.0,28.57,110,40,36.36,10,40,36,20,4.4301,1.246,1.7305,1.1075,0.7614,0.623,0.3461,0.623,0.4845,0.1384,0.0,0.8999,1.4536,0.4153,0.623,0.0692,0.8306,0.3461,4.2916,1.5228,1.7305,1.0383,0.6922,0.0,31.2183,4.084,7.6142,2.7688,0.6922,2.7688,2.4919,1.3844,16,31,1,2,0,0,1.1075,2.1458,0.0692,0.1384,0.0,0.0,41,3,36,3,2,0,3,0,25,2,16,1,844.6684258514313,,4,20.6,2.838,0.2077,2.4919,0.2077,0.1384,0.0,0.2077,0.0,1.7305,0.1384,1.1075,0.0692,58.468,0.2769,2,0,0,0,0,7,,,0.0,0.1384,0.0,0.0,0.0,0.0,0.4845,2,0,0,0,0,0,0,100.0,0.1384,0.0,0.0,0.0,0.0,0.0,0.0,13,17,7,7,23,18,14,11,5,4,3,0,24,17,7,7,10,15,0.8999,1.1767,0.4845,0.4845,1.5921,1.246,0.9691,0.7614,0.3461,0.2769,0.2077,0.0,1.6613,1.1767,0.4845,0.4845,0.6922,1.0383,1300.2,24,900-1500,True,24.817,8.934,12.905,20.846,61.546,1.7178,0.6184,0.8933,1.443,4.2602,0.301,-0.138
6m158yzashjy4y3dcbresua22,D. Johnson,FC Volendam,272,193,52,141,0,26,16,110,84,136,93,165,129,85,56,22,8,20,6,28,9,14,2,11,3,0,0,70.96,30.0,32.14,61.54,76.36,68.38,78.18,65.88,36.36,14.29,27.27,,19.058,13.5228,3.6434,9.8793,0.0,1.8217,1.1211,7.7073,5.8856,9.529,6.5162,11.5609,9.0385,5.9556,3.9237,1.5415,0.5605,1.4013,0.4204,1.9619,0.6306,0.9809,0.1401,0.7707,0.2102,0.0,0.0,19,10,43,482.21514125274183,6,4,5,25,14,5.0,1.3313,0.7007,3.0128,33.787,0.4204,0.2803,0.3503,1.7517,0.9809,0.3503,-1.198,-1.303,25,5,18,4,7,1,20.0,1.7517,0.3503,1.2612,0.2803,0.4905,0.0701,227,60,12,2,0.0,24,2,0,0,0,3,1,0.0,1,0,0.0,0,0,0,8,1,0.0,15.905,4.204,0.8408,0.1401,0.0,1.6816,0.1401,0.0,0.0,0.0,0.2102,0.0701,0.0,0.0701,0.0,0.0,0.0,0.0,0.0,0.5605,0.0701,0.0,54,12,11,8,4,5,2,11,6,5,0,13,37,15,9,4,28,11,40,15,23,2,18,0,404,35,22.22,72.73,40.54,102,35,34.31,18,25,33,4,3.7836,0.8408,0.7707,0.5605,0.2803,0.3503,0.1401,0.7707,0.4204,0.3503,0.0,0.9109,2.5924,1.051,0.6306,0.2803,1.9619,0.7707,2.8026,1.051,1.6115,0.1401,1.2612,0.0,28.3067,2.4523,7.1467,2.4523,1.2612,1.7517,2.3122,0.2803,12,23,0,2,0,0,0.8408,1.6115,0.0,0.1401,0.0,0.0,17,1,0,0,14,1,3,0,11,1,6,0,313.2780001431103,,3,18.43,1.1911,0.0701,0.0,0.0,0.9809,0.0701,0.2102,0.0,0.7707,0.0701,0.4204,0.0,21.9502,0.2102,0,0,0,0,0,6,,,,0.0,0.0,0.0,0.0,0.0,0.4204,1,0,0,0,0,0,0,100.0,0.0701,0.0,0.0,0.0,0.0,0.0,0.0,12,7,3,9,9,8,8,3,5,6,1,0,12,5,5,7,4,7,0.8408,0.4905,0.2102,0.6306,0.6306,0.5605,0.5605,0.2102,0.3503,0.4204,0.0701,0.0,0.8408,0.3503,0.3503,0.4905,0.2803,0.4905,1284.5,25,900-1500,True,9.371,9.371,11.075,31.52,34.075,0.6566,0.6566,0.776,2.2085,2.3875,-0.916,-0.063
6zrmxstgcv5es4i93ihdcv3ai,M. Ross,Nijmegen Eendracht Combinatie,475,378,258,119,1,236,189,229,184,10,5,149,124,238,212,88,42,87,37,64,32,0,0,0,0,0,0,79.58,42.53,50.0,80.08,80.35,50.0,83.22,89.08,47.73,,,,33.7464,26.8551,18.3296,8.4544,0.071,16.7667,13.4275,16.2693,13.0723,0.7105,0.3552,10.5857,8.8096,16.9087,15.0616,6.252,2.9839,6.1809,2.6287,4.5469,2.2734,0.0,0.0,0.0,0.0,0.0,0.0,63,32,37,663.0902144902147,0,0,0,63,32,0.0,4.4758,2.2734,2.6287,47.1093,0.0,0.0,0.0,4.4758,2.2734,0.0,0.137,-0.145,0,0,0,0,0,0,,0.0,0.0,0.0,0.0,0.0,0.0,312,9,5,0,0.0,9,0,0,0,0,0,0,0,2,0,0.0,0,0,0,3,0,0.0,22.1661,0.6394,0.3552,0.0,0.0,0.6394,0.0,0.0,0.0,0.0,0.0,0.0,0.0,0.1421,0.0,0.0,0.0,0.0,0.0,0.2131,0.0,0.0,1,0,14,8,9,5,0,12,6,6,0,100,61,43,47,35,14,8,27,17,10,0,1,2,595,11,0.0,57.14,70.49,76,51,67.11,3,32,21,0,0.071,0.0,0.9946,0.5684,0.6394,0.3552,0.0,0.8525,0.4263,0.4263,0.0,7.1045,4.3338,3.0549,3.3391,2.4866,0.9946,0.5684,1.9182,1.2078,0.7105,0.0,0.071,0.1421,42.2719,0.7815,5.3994,3.6233,0.2131,2.2734,1.4919,0.0,10,11,7,3,0,0,0.7105,0.7815,0.4973,0.2131,0.0,0.0,5,2,0,0,2,0,3,2,4,2,1,0,56.8986400190735,,2,11.38,0.3552,0.1421,0.0,0.0,0.1421,0.0,0.2131,0.1421,0.2842,0.1421,0.071,0.0,4.0424,0.1421,0,0,24,0,0,0,,,,0.0,0.0,1.7051,0.0,0.0,0.0,8,0,0,0,0,0,0,100.0,0.5684,0.0,0.0,0.0,0.0,0.0,0.0,28,35,1,4,0,5,5,9,3,9,1,1,4,1,2,3,6,8,1.9893,2.4866,0.071,0.2842,0.0,0.3552,0.3552,0.6394,0.2131,0.6394,0.071,0.071,0.2842,0.071,0.1421,0.2131,0.4263,0.5684,1266.8,21,900-1500,True,13.545,11.61,96.751,59.018,26.123,0.9623,0.8248,6.8737,4.1929,1.8559,-0.565,0.268
6yush35gfp1sgyyzicye73rp,P. van Aanholt,PSV Eindhoven,805,689,343,345,1,163,129,435,402,207,158,431,375,320,274,54,40,66,50,21,7,28,9,0,0,0,0,85.59,75.76,33.33,79.14,92.41,76.33,87.01,85.62,74.07,32.14,,,57.2501,49.0004,24.3935,24.5358,0.0711,11.5923,9.1742,30.9364,28.5895,14.7215,11.2367,30.6519,26.6693,22.7578,19.4864,3.8404,2.8447,4.6938,3.5559,1.4935,0.4978,1.9913,0.6401,0.0,0.0,0.0,0.0,73,68,136,1694.9532664653261,23,11,15,96,79,15.0,5.1916,4.836,9.6721,120.5419,1.6357,0.7823,1.0668,6.8273,5.6183,1.0668,0.441,0.854,28,9,28,9,0,0,32.14,1.9913,0.6401,1.9913,0.6401,0.0,0.0,568,64,24,1,0.0,40,5,3,0,0.0,7,1,0.0,0,0,0,0,0,0,14,0,0.0,40.3951,4.5516,1.7068,0.0711,0.0,2.8447,0.3556,0.2134,0.0,0.0,0.4978,0.0711,0.0,0.0,0.0,0.0,0.0,0.0,0.0,0.9957,0.0,0.0,20,6,22,17,13,6,3,15,8,6,1,9,8,3,7,3,1,0,95,48,39,8,7,0,896,52,30.0,77.27,37.5,50,26,52.0,7,69,51,12,1.4224,0.4267,1.5646,1.209,0.9245,0.4267,0.2134,1.0668,0.5689,0.4267,0.0711,0.6401,0.5689,0.2134,0.4978,0.2134,0.0711,0.0,6.7562,3.4137,2.7736,0.5689,0.4978,0.0,63.7218,3.6981,3.5559,1.8491,0.4978,4.9072,3.627,0.8534,6,5,4,0,0,0,0.4267,0.3556,0.2845,0.0,0.0,0.0,26,1,18,0,8,1,0,0,13,1,13,0,519.3545357660678,,2,19.98,1.8491,0.0711,1.2801,0.0,0.5689,0.0711,0.0,0.0,0.9245,0.0711,0.9245,0.0,36.9355,0.1422,1,0,5,0,0,90,,,0.0,0.0711,0.0,0.3556,0.0,0.0,6.4006,1,0,0,0,0,0,0,100.0,0.0711,0.0,0.0,0.0,0.0,0.0,0.0,26,47,7,17,7,19,6,16,5,10,0,1,15,11,17,7,10,12,1.8491,3.3426,0.4978,1.209,0.4978,1.3512,0.4267,1.1379,0.3556,0.7112,0.0,0.0711,1.0668,0.7823,1.209,0.4978,0.7112,0.8534,1265.5,24,900-1500,True,30.838,21.026,12.616,11.214,133.164,2.1931,1.4953,0.8972,0.7975,9.4704,0.846,1.585
bzf3k4wvqvx1tl1mx960wjv85,A. Ouahim,Heracles Almelo,387,302,127,174,1,56,37,212,168,119,97,202,156,152,127,33,19,35,17,20,8,0,0,5,0,0,0,78.04,48.57,40.0,66.07,79.25,81.51,77.23,83.55,57.58,,0.0,,27.5816,21.5236,9.0513,12.401,0.0713,3.9911,2.637,15.1093,11.9734,8.4812,6.9132,14.3966,11.1182,10.8331,9.0513,2.3519,1.3541,2.4945,1.2116,1.4254,0.5702,0.0,0.0,0.3564,0.0,0.0,0.0,26,16,67,821.3136579313114,10,4,2,36,20,2.0,1.853,1.1403,4.7751,58.5352,0.7127,0.2851,0.1425,2.5657,1.4254,0.1425,-0.976,-0.957,5,0,1,0,4,0,0.0,0.3564,0.0,0.0713,0.0,0.2851,0.0,303,56,9,2,0.0,22,3,0,0,0,0,0,0,0,0,0,0,0,0,9,2,0.0,21.5949,3.9911,0.6414,0.1425,0.0,1.5679,0.2138,0.0,0.0,0.0,0.0,0.0,0.0,0.0,0.0,0.0,0.0,0.0,0.0,0.6414,0.1425,0.0,46,15,37,21,15,17,5,11,4,5,2,8,28,8,11,2,17,6,94,42,40,12,24,0,529,24,32.61,56.76,28.57,111,44,39.64,24,61,62,19,3.2784,1.0691,2.637,1.4967,1.0691,1.2116,0.3564,0.784,0.2851,0.3564,0.1425,0.5702,1.9956,0.5702,0.784,0.1425,1.2116,0.4276,6.6994,2.9933,2.8508,0.8552,1.7105,0.0,37.7019,1.7105,7.911,3.1359,1.7105,4.3475,4.4188,1.3541,25,37,0,4,0,0,1.7818,2.637,0.0,0.2851,0.0,0.0,24,2,5,1,17,1,2,0,10,1,14,1,516.9143042020725,,4,21.54,1.7105,0.1425,0.3564,0.0713,1.2116,0.0713,0.1425,0.0,0.7127,0.0713,0.9978,0.0713,36.8406,0.2851,1,1,6,0,0,5,,,100.0,0.0713,0.0713,0.4276,0.0,0.0,0.3564,3,0,0,0,0,0,0,100.0,0.2138,0.0,0.0,0.0,0.0,0.0,0.0,14,12,5,4,11,13,25,12,8,3,1,1,15,9,3,6,19,18,0.9978,0.8552,0.3564,0.2851,0.784,0.9265,1.7818,0.8552,0.5702,0.2138,0.0713,0.0713,1.0691,0.6414,0.2138,0.4276,1.3541,1.2829,1262.8,18,900-1500,True,34.393,10.225,7.436,26.027,87.376,2.4512,0.7287,0.53,1.8549,6.2273,1.141,0.079
bmgl3szbbebwx79jzglf9v209,L. Ivanušec,Feyenoord Rotterdam,685,545,190,350,5,38,28,217,186,430,331,418,352,210,162,57,31,44,23,19,8,6,1,62,26,0,0,79.56,52.27,42.11,73.68,85.71,76.98,84.21,77.14,54.39,16.67,41.94,,49.198,39.1429,13.6462,25.1377,0.3591,2.7292,2.011,15.5853,13.3589,30.8834,23.773,30.0215,25.2813,15.0826,11.6351,4.0938,2.2265,3.1602,1.6519,1.3646,0.5746,0.4309,0.0718,4.453,1.8674,0.0,0.0,82,26,94,1153.6004223881835,23,16,11,105,42,11.0,5.8894,1.8674,6.7513,82.8538,1.6519,1.1492,0.79,7.5413,3.0165,0.79,0.737,1.158,68,27,51,18,17,9,39.71,4.8839,1.9392,3.6629,1.2928,1.221,0.6464,509,98,43,5,0.0,63,9,1,0,0.0,18,2,0.0,1,0,0.0,0,0,0,23,3,0.0,36.5573,7.0385,3.0883,0.3591,0.0,4.5248,0.6464,0.0718,0.0,0.0,1.2928,0.1436,0.0,0.0718,0.0,0.0,0.0,0.0,0.0,1.6519,0.2155,0.0,62,34,20,16,5,8,7,4,1,3,0,11,12,5,4,3,8,2,62,17,30,15,18,0,835,92,54.84,80.0,41.67,94,55,58.51,18,23,41,22,4.453,2.4419,1.4364,1.1492,0.3591,0.5746,0.5028,0.2873,0.0718,0.2155,0.0,0.79,0.8619,0.3591,0.2873,0.2155,0.5746,0.1436,4.453,1.221,2.1547,1.0773,1.2928,0.0,59.9713,6.6076,6.7513,3.9502,1.2928,1.6519,2.9447,1.5801,4,10,0,0,0,0,0.2873,0.7182,0.0,0.0,0.0,0.0,28,3,4,1,23,2,1,0,21,2,7,1,502.00041240244514,,8,17.93,2.011,0.2155,0.2873,0.0718,1.6519,0.1436,0.0718,0.0,1.5083,0.1436,0.5028,0.0718,36.0546,0.5746,54,29,8,0,0,7,,,53.7,3.8784,2.0828,0.5746,0.0,0.0,0.5028,0,0,0,0,0,0,0,,0.0,0.0,0.0,0.0,0.0,0.0,0.0,40,42,20,23,17,11,8,12,1,3,2,1,12,16,16,27,7,13,2.8729,3.0165,1.4364,1.6519,1.221,0.79,0.5746,0.8619,0.0718,0.2155,0.1436,0.0718,0.8619,1.1492,1.1492,1.9392,0.5028,0.9337,1253.1,24,900-1500,True,26.17,5.234,14.394,15.702,81.127,1.8796,0.3759,1.0338,1.1277,5.8267,0.486,-0.614
7m3uhmmzizwmpk64dw750pn11,A. Tahiri,SC Heerenveen,809,721,391,325,5,115,91,488,453,206,177,442,400,308,281,59,40,45,27,15,9,0,0,14,2,0,0,89.12,60.0,60.0,79.13,92.83,85.92,90.5,91.23,67.8,,14.29,,58.1921,51.8622,28.125,23.3776,0.3597,8.2721,6.5457,35.1023,32.5847,14.8178,12.7318,31.7935,28.7724,22.1547,20.2126,4.2439,2.8772,3.2369,1.9421,1.079,0.6474,0.0,0.0,1.007,0.1439,0.0,0.0,49,72,189,2207.5138427413867,14,11,0,63,83,0.0,3.5246,5.179,13.5949,158.7886,1.007,0.7912,0.0,4.5316,5.9703,0.0,-0.267,-0.121,14,2,7,1,7,1,14.29,1.007,0.1439,0.5035,0.0719,0.5035,0.0719,601,27,22,2,0.0,50,4,1,0,0.0,2,0,0.0,0,0,0,0,0,0,19,2,0.0,43.2305,1.9421,1.5825,0.1439,0.0,3.5965,0.2877,0.0719,0.0,0.0,0.1439,0.0,0.0,0.0,0.0,0.0,0.0,0.0,0.0,1.3667,0.1439,0.0,8,4,7,6,2,5,0,4,1,3,0,19,22,8,15,7,7,1,62,25,27,10,9,0,888,12,50.0,85.71,36.36,37,18,48.65,9,28,35,10,0.5754,0.2877,0.5035,0.4316,0.1439,0.3597,0.0,0.2877,0.0719,0.2158,0.0,1.3667,1.5825,0.5754,1.079,0.5035,0.5035,0.0719,4.4597,1.7983,1.9421,0.7193,0.6474,0.0,63.8747,0.8632,2.6614,1.2948,0.6474,2.0141,2.5176,0.7193,5,10,0,2,0,0,0.3597,0.7193,0.0,0.1439,0.0,0.0,12,4,1,0,11,4,0,0,6,4,6,0,223.2745110520387,,6,18.61,0.8632,0.2877,0.0719,0.0,0.7912,0.2877,0.0,0.0,0.4316,0.2877,0.4316,0.0,16.0603,0.4316,8,3,15,0,0,7,,,37.5,0.5754,0.2158,1.079,0.0,0.0,0.5035,3,0,0,0,0,0,0,100.0,0.2158,0.0,0.0,0.0,0.0,0.0,0.0,30,19,12,10,8,4,4,3,2,2,2,2,6,6,11,11,3,4,2.1579,1.3667,0.8632,0.7193,0.5754,0.2877,0.2877,0.2158,0.1439,0.1439,0.1439,0.1439,0.4316,0.4316,0.7912,0.7912,0.2158,0.2877,1251.2,24,900-1500,True,6.949,3.971,18.861,21.839,61.546,0.4998,0.2856,1.3567,1.5709,4.4271,-1.095,-0.792
f2snk84xy67ergwrwoblgt2ad,T. Bruns,Heracles Almelo,517,355,170,185,0,61,39,277,209,179,107,217,149,201,154,99,52,86,44,48,23,4,1,47,8,0,0,68.67,51.16,47.92,63.93,75.45,59.78,68.66,76.62,52.53,25.0,17.02,,38.024,26.1093,12.5031,13.6063,0.0,4.4864,2.8684,20.3726,15.3714,13.165,7.8696,15.9598,10.9586,14.783,11.3263,7.2812,3.8245,6.3251,3.2361,3.5303,1.6916,0.2942,0.0735,3.4567,0.5884,0.0,0.0,55,43,56,732.392381413709,8,6,1,63,49,1.0,4.0451,3.1625,4.1187,53.8656,0.5884,0.4413,0.0735,4.6335,3.6038,0.0735,-0.046,-0.078,51,9,17,3,34,6,17.65,3.7509,0.6619,1.2503,0.2206,2.5006,0.4413,374,75,16,2,0.0,37,6,0,0,0,6,0,0.0,1,0,0.0,1,0,0.0,8,2,0.0,27.5067,5.5161,1.1768,0.1471,0.0,2.7213,0.4413,0.0,0.0,0.0,0.4413,0.0,0.0,0.0735,0.0,0.0,0.0735,0.0,0.0,0.5884,0.1471,0.0,20,7,24,16,11,10,3,6,2,1,3,9,47,16,8,4,39,12,65,26,32,7,7,0,614,17,35.0,66.67,34.04,91,39,42.86,7,39,43,13,1.4709,0.5148,1.7651,1.1768,0.809,0.7355,0.2206,0.4413,0.1471,0.0735,0.2206,0.6619,3.4567,1.1768,0.5884,0.2942,2.8684,0.8826,4.7806,1.9122,2.3535,0.5148,0.5148,0.0,45.1581,1.2503,6.6928,2.8684,0.5148,2.8684,3.1625,0.9561,24,33,1,10,0,0,1.7651,2.4271,0.0735,0.7355,0.0,0.0,18,0,2,0,15,0,1,0,9,0,9,0,356.5127381718175,,2,19.81,1.3239,0.0,0.1471,0.0,1.1032,0.0,0.0735,0.0,0.6619,0.0,0.6619,0.0,26.2206,0.1471,21,8,17,0,0,16,,,38.1,1.5445,0.5884,1.2503,0.0,0.0,1.1768,2,0,0,0,0,0,0,100.0,0.1471,0.0,0.0,0.0,0.0,0.0,0.0,21,34,6,10,5,13,7,17,3,3,0,0,7,11,11,5,12,12,1.5445,2.5006,0.4413,0.7355,0.3677,0.9561,0.5148,1.2503,0.2206,0.2206,0.0,0.0,0.5148,0.809,0.809,0.3677,0.8826,0.8826,1223.7,24,900-1500,True,22.309,5.577,8.366,43.688,60.42,1.6408,0.4102,0.6153,3.2131,4.4437,0.213,-0.547
b2uznyb9b8fxsy57450mbmwru,M. Sankoh,Heracles Almelo,178,133,37,96,0,4,4,106,79,68,50,118,89,50,36,10,8,8,6,18,5,0,0,1,1,0,0,74.72,75.0,27.78,100.0,74.53,73.53,75.42,72.0,80.0,,100.0,,13.1086,9.7946,2.7248,7.0698,0.0,0.2946,0.2946,7.8062,5.8179,5.0078,3.6822,8.69,6.5543,3.6822,2.6512,0.7364,0.5891,0.5891,0.4419,1.3256,0.3682,0.0,0.0,0.0736,0.0736,0.0,0.0,5,9,21,348.2657806816975,12,8,2,17,17,2.0,0.3682,0.6628,1.5465,25.6476,0.8837,0.5891,0.1473,1.2519,1.2519,0.1473,-1.607,-1.515,1,1,1,1,0,0,100.0,0.0736,0.0736,0.0736,0.0736,0.0,0.0,214,139,6,0,0.0,13,0,1,0,0.0,1,0,0.0,0,0,0,0,0,0,4,0,0.0,15.7598,10.2365,0.4419,0.0,0.0,0.9574,0.0,0.0736,0.0,0.0,0.0736,0.0,0.0,0.0,0.0,0.0,0.0,0.0,0.0,0.2946,0.0,0.0,24,7,5,4,0,3,2,1,0,1,0,5,71,27,11,3,60,24,23,6,15,2,17,0,324,58,29.17,80.0,38.03,100,38,38.0,17,6,19,4,1.7674,0.5155,0.3682,0.2946,0.0,0.2209,0.1473,0.0736,0.0,0.0736,0.0,0.3682,5.2287,1.9884,0.8101,0.2209,4.4186,1.7674,1.6938,0.4419,1.1047,0.1473,1.2519,0.0,23.8606,4.2713,7.3644,2.7985,1.2519,0.4419,1.3992,0.2946,12,5,0,2,0,0,0.8837,0.3682,0.0,0.1473,0.0,0.0,38,6,4,0,23,6,11,0,34,6,4,0,437.28740090984985,,6,11.51,2.7985,0.4419,0.2946,0.0,1.6938,0.4419,0.8101,0.0,2.5039,0.4419,0.2946,0.0,32.2035,0.4419,0,0,0,0,0,0,,,,0.0,0.0,0.0,0.0,0.0,0.0,0,0,0,0,0,0,0,,0.0,0.0,0.0,0.0,0.0,0.0,0.0,3,2,5,1,12,26,5,0,1,0,3,3,18,20,2,4,0,5,0.2209,0.1473,0.3682,0.0736,0.8837,1.9147,0.3682,0.0,0.0736,0.0,0.2209,0.2209,1.3256,1.4729,0.1473,0.2946,0.0,0.3682,1222.1,28,900-1500,True,4.648,0.93,4.648,65.997,21.379,0.3423,0.0685,0.3423,4.8603,1.5744,-1.276,-1.218
2rsqkarlkh6z8vrb0clfbz6xh,B. van den Boomen,AFC Ajax,940,745,482,258,5,159,131,552,469,229,145,353,294,379,324,208,127,190,112,31,16,3,0,81,23,0,0,79.26,58.95,51.61,82.39,84.96,63.32,83.29,85.49,61.06,0.0,28.4,,69.3556,54.968,35.5632,19.0359,0.3689,11.7314,9.6655,40.728,34.604,16.8962,10.6985,26.0453,21.6921,27.9636,23.9056,15.3468,9.3704,14.0187,8.2636,2.2873,1.1805,0.2213,0.0,5.9764,1.697,0.0,0.0,135,150,117,1413.67976014245,10,2,2,145,152,2.0,9.9606,11.0674,8.6326,104.305,0.7378,0.1476,0.1476,10.6985,11.215,0.1476,2.465,2.5,84,23,40,7,44,16,27.38,6.1977,1.697,2.9513,0.5165,3.2464,1.1805,730,30,32,2,0.0,50,3,0,0,0,15,1,0.0,0,0,0,3,0,0.0,14,1,0.0,53.8613,2.2135,2.361,0.1476,0.0,3.6891,0.2213,0.0,0.0,0.0,1.1067,0.0738,0.0,0.0,0.0,0.0,0.2213,0.0,0.0,1.033,0.0738,0.0,13,5,21,11,6,12,3,8,1,4,3,8,13,6,6,3,7,3,73,25,39,9,4,2,1006,10,38.46,52.38,46.15,47,22,46.81,6,32,55,15,0.9592,0.3689,1.5494,0.8116,0.4427,0.8854,0.2213,0.5903,0.0738,0.2951,0.2213,0.5903,0.9592,0.4427,0.4427,0.2213,0.5165,0.2213,5.3861,1.8446,2.8775,0.664,0.2951,0.1476,74.2253,0.7378,3.4678,1.6232,0.4427,2.361,4.058,1.1067,10,6,0,1,0,0,0.7378,0.4427,0.0,0.0738,0.0,0.0,20,2,2,0,18,2,0,0,4,0,16,2,484.34579895958103,,4,24.22,1.4757,0.1476,0.1476,0.0,1.3281,0.1476,0.0,0.0,0.2951,0.0,1.1805,0.1476,35.7363,0.2951,48,17,32,0,0,3,,,35.42,3.5416,1.2543,2.361,0.0,0.0,0.2213,4,0,0,0,0,0,0,100.0,0.2951,0.0,0.0,0.0,0.0,0.0,0.0,61,74,19,13,5,15,4,17,3,5,1,1,11,9,23,9,8,13,4.5007,5.4599,1.4019,0.9592,0.3689,1.1067,0.2951,1.2543,0.2213,0.3689,0.0738,0.0738,0.8116,0.664,1.697,0.664,0.5903,0.9592,1219.8,21,900-1500,True,26.066,9.93,9.93,16.136,90.609,1.9232,0.7327,0.7327,1.1906,6.6854,0.536,0.087
2zwe056wfzof0v5jv01dv9uc5,A. Hrustić,Heracles Almelo,586,465,234,231,0,107,88,336,286,143,91,267,230,216,182,103,53,92,46,25,16,44,12,3,1,0,0,79.35,50.0,64.0,82.24,85.12,63.64,86.14,84.26,51.46,27.27,33.33,,43.2401,34.3117,17.2665,17.0452,0.0,7.8954,6.4934,24.793,21.1036,10.5518,6.7148,19.7016,16.9714,15.9383,13.4295,7.6002,3.9108,6.7886,3.3943,1.8447,1.1806,3.2467,0.8855,0.2214,0.0738,0.0,0.0,69,53,101,1162.2193342722155,7,8,1,76,61,1.0,5.0914,3.9108,7.4527,85.7586,0.5165,0.5903,0.0738,5.6079,4.5011,0.0738,0.398,0.336,47,13,19,8,28,5,27.66,3.4681,0.9593,1.402,0.5903,2.0661,0.3689,425,40,16,0,0.0,30,3,0,0,0,8,0,0.0,0,0,0,0,0,0,8,0,0.0,31.3602,2.9515,1.1806,0.0,0.0,2.2137,0.2214,0.0,0.0,0.0,0.5903,0.0,0.0,0.0,0.0,0.0,0.0,0.0,0.0,0.5903,0.0,0.0,17,6,15,10,6,6,3,5,2,2,1,15,7,2,2,2,5,0,62,25,32,5,10,1,684,9,35.29,66.67,28.57,39,18,46.15,11,33,40,9,1.2544,0.4427,1.1068,0.7379,0.4427,0.4427,0.2214,0.3689,0.1476,0.1476,0.0738,1.1068,0.5165,0.1476,0.1476,0.1476,0.3689,0.0,4.5749,1.8447,2.3612,0.3689,0.7379,0.0738,50.4714,0.6641,2.8778,1.3282,0.8117,2.435,2.9515,0.6641,11,19,0,3,0,0,0.8117,1.402,0.0,0.2214,0.0,0.0,22,1,21,1,1,0,0,0,4,0,18,1,535.9663416837739,,1,24.36,1.6234,0.0738,1.5496,0.0738,0.0738,0.0,0.0,0.0,0.2952,0.0,1.3282,0.0738,39.5482,0.0738,23,7,30,0,0,7,,,30.43,1.6971,0.5165,2.2137,0.0,0.0,0.5165,4,0,0,0,0,0,0,100.0,0.2952,0.0,0.0,0.0,0.0,0.0,0.0,27,42,5,11,6,16,9,6,2,3,1,0,18,4,12,4,9,6,1.9923,3.0991,0.3689,0.8117,0.4427,1.1806,0.6641,0.4427,0.1476,0.2214,0.0738,0.0,1.3282,0.2952,0.8855,0.2952,0.6641,0.4427,1219.7,14,900-1500,True,13.943,4.648,13.943,6.507,57.631,1.0288,0.343,1.0288,0.4801,4.2525,-0.489,-0.679
8gde39dg3u3kqhd8pa2mdcn2t,T. Chery,Nijmegen Eendracht Combinatie,562,432,201,227,4,49,39,269,237,244,156,284,238,187,149,91,45,74,36,1,1,77,20,2,1,0,0,76.87,48.65,100.0,79.59,88.1,63.93,83.8,79.68,49.45,25.97,50.0,,41.4794,31.8845,14.8352,16.7541,0.2952,3.6165,2.8785,19.854,17.4922,18.0089,11.5139,20.9611,17.566,13.8019,10.9972,6.7164,3.3213,5.4617,2.657,0.0738,0.0738,5.6831,1.4761,0.1476,0.0738,0.0,0.0,59,40,88,1173.8333886621615,17,9,1,76,49,1.0,4.3546,2.9523,6.495,86.6369,1.2547,0.6643,0.0738,5.6093,3.6165,0.0738,0.086,0.337,79,21,49,15,30,6,26.58,5.8307,1.5499,3.6165,1.1071,2.2142,0.4428,418,83,36,3,0.0,66,7,0,0,0,16,1,0.0,0,0,0,5,0,0.0,15,2,0.0,30.8512,6.126,2.657,0.2214,0.0,4.8712,0.5166,0.0,0.0,0.0,1.1809,0.0738,0.0,0.0,0.0,0.0,0.369,0.0,0.0,1.1071,0.1476,0.0,26,11,8,6,4,4,0,4,2,2,0,3,4,1,4,1,0,0,49,21,22,6,16,0,690,25,42.31,75.0,25.0,38,18,47.37,16,27,28,6,1.919,0.8119,0.5905,0.4428,0.2952,0.2952,0.0,0.2952,0.1476,0.1476,0.0,0.2214,0.2952,0.0738,0.2952,0.0738,0.0,0.0,3.6165,1.5499,1.6237,0.4428,1.1809,0.0,50.9267,1.8452,2.8047,1.3285,1.1809,1.9928,2.0666,0.4428,2,16,0,0,0,0,0.1476,1.1809,0.0,0.0,0.0,0.0,45,5,41,4,4,1,0,0,9,1,36,4,1125.9148305426743,,8,25.02,3.3213,0.369,3.0261,0.2952,0.2952,0.0738,0.0,0.0,0.6643,0.0738,2.657,0.2952,83.1002,0.5905,56,22,23,0,0,6,,,39.29,4.1332,1.6237,1.6976,0.0,0.0,0.4428,4,0,0,0,0,0,0,100.0,0.2952,0.0,0.0,0.0,0.0,0.0,0.0,31,28,18,18,21,24,6,2,0,4,1,4,26,19,22,14,2,6,2.288,2.0666,1.3285,1.3285,1.5499,1.7714,0.4428,0.1476,0.0,0.2952,0.0738,0.2952,1.919,1.4023,1.6237,1.0333,0.1476,0.4428,1219.4,15,900-1500,True,7.74,3.87,2.903,3.87,47.408,0.5713,0.2856,0.2143,0.2856,3.499,-1.013,-0.792
32n3284h95a93yq9h7hbw5hp1,C. Akpom,AFC Ajax,250,187,83,104,0,10,8,123,97,117,82,171,120,70,60,9,7,7,6,43,12,0,0,5,0,0,0,74.8,85.71,27.91,80.0,78.86,70.09,70.18,85.71,77.78,,0.0,,18.5094,13.845,6.1451,7.6999,0.0,0.7404,0.5923,9.1066,7.1816,8.6624,6.0711,12.6604,8.8845,5.1826,4.4423,0.6663,0.5183,0.5183,0.4442,3.1836,0.8885,0.0,0.0,0.3702,0.0,0.0,0.0,18,19,32,495.79450280064304,8,4,4,26,23,4.0,1.3327,1.4067,2.3692,36.7074,0.5923,0.2962,0.2962,1.925,1.7029,0.2962,-1.197,-1.229,5,0,0,0,5,0,0.0,0.3702,0.0,0.0,0.0,0.3702,0.0,250,135,15,2,0.0,25,3,0,0,0,0,0,0,1,0,0.0,0,0,0,14,2,0.0,18.5094,9.9951,1.1106,0.1481,0.0,1.8509,0.2221,0.0,0.0,0.0,0.0,0.0,0.0,0.074,0.0,0.0,0.0,0.0,0.0,1.0365,0.1481,0.0,26,12,15,8,2,10,3,3,1,2,0,13,86,43,17,7,69,36,35,9,18,8,24,0,398,79,46.15,53.33,50.0,127,63,49.61,24,12,30,11,1.925,0.8885,1.1106,0.5923,0.1481,0.7404,0.2221,0.2221,0.074,0.1481,0.0,0.9625,6.3672,3.1836,1.2586,0.5183,5.1086,2.6654,2.5913,0.6663,1.3327,0.5923,1.7769,0.0,29.4669,5.849,9.4028,4.6644,1.7769,0.8885,2.2211,0.8144,11,29,0,0,0,0,0.8144,2.1471,0.0,0.0,0.0,0.0,41,11,6,4,20,3,15,4,39,11,2,0,439.88842829600674,,13,10.73,3.0355,0.8144,0.4442,0.2962,1.4808,0.2221,1.1106,0.2962,2.8875,0.8144,0.1481,0.0,32.5682,0.9625,1,1,0,0,0,0,,,100.0,0.074,0.074,0.0,0.0,0.0,0.0,0,0,0,0,0,0,0,,0.0,0.0,0.0,0.0,0.0,0.0,0.0,4,14,5,10,9,32,7,8,1,2,5,6,19,22,7,8,11,4,0.2962,1.0365,0.3702,0.7404,0.6663,2.3692,0.5183,0.5923,0.074,0.1481,0.3702,0.4442,1.4067,1.6288,0.5183,0.5923,0.8144,0.2962,1215.6,25,900-1500,True,18.618,3.724,16.136,106.745,43.443,1.3784,0.2757,1.1947,7.9031,3.2164,-0.088,-0.811
9lixevzo8exxiia17altfw8ic,W. Goes,Alkmaar Zaanstreek,865,756,450,303,3,335,298,509,443,21,15,314,285,445,406,106,65,102,54,57,29,0,0,3,1,0,0,87.4,52.94,50.88,88.96,87.03,71.43,90.76,91.24,61.32,,33.33,,64.3761,56.264,33.4904,22.5502,0.2233,24.9318,22.1781,37.8814,32.9695,1.5629,1.1163,23.3689,21.2106,33.1183,30.2158,7.8889,4.8375,7.5912,4.0189,4.2421,2.1583,0.0,0.0,0.2233,0.0744,0.0,0.0,72,67,114,1962.7538733220601,2,0,0,74,67,0.0,5.3585,4.9864,8.4842,146.0745,0.1488,0.0,0.0,5.5073,4.9864,0.0,0.512,0.293,3,1,0,0,3,1,33.33,0.2233,0.0744,0.0,0.0,0.2233,0.0744,590,5,9,1,0.0,18,2,0,0,0,1,0,0.0,0,0,0,0,0,0,8,1,0.0,43.9097,0.3721,0.6698,0.0744,0.0,1.3396,0.1488,0.0,0.0,0.0,0.0744,0.0,0.0,0.0,0.0,0.0,0.0,0.0,0.0,0.5954,0.0744,0.0,7,6,17,12,12,4,1,12,4,7,1,46,44,19,34,15,10,4,54,35,17,2,4,0,950,11,85.71,70.59,43.18,68,37,54.41,4,51,28,4,0.521,0.4465,1.2652,0.8931,0.8931,0.2977,0.0744,0.8931,0.2977,0.521,0.0744,3.4235,3.2746,1.414,2.5304,1.1163,0.7442,0.2977,4.0189,2.6048,1.2652,0.1488,0.2977,0.0,70.7021,0.8187,5.0608,2.7537,0.2977,3.7956,2.0839,0.2977,17,7,1,2,0,0,1.2652,0.521,0.0744,0.1488,0.0,0.0,5,0,0,0,2,0,3,0,5,0,0,0,54.262357015777454,,1,10.85,0.3721,0.0,0.0,0.0,0.1488,0.0,0.2233,0.0,0.3721,0.0,0.0,0.0,4.0384,0.0744,0,0,9,0,0,9,,,,0.0,0.0,0.6698,0.0,0.0,0.6698,14,0,0,0,0,0,0,100.0,1.0419,0.0,0.0,0.0,0.0,0.0,0.0,40,32,2,7,4,1,8,9,8,4,0,0,3,2,5,4,11,6,2.9769,2.3815,0.1488,0.521,0.2977,0.0744,0.5954,0.6698,0.5954,0.2977,0.0,0.0,0.2233,0.1488,0.3721,0.2977,0.8187,0.4465,1209.3,15,900-1500,True,18.654,13.168,50.476,48.282,59.255,1.3883,0.98,3.7566,3.5933,4.4099,-0.077,0.573
4umvca76vxg5904ytudgeeqc,S. Bultman,Heracles Almelo,619,492,332,157,3,369,285,242,201,8,6,196,158,304,278,119,56,125,50,49,21,0,0,0,0,0,0,79.48,40.0,42.86,77.24,83.06,75.0,80.61,91.45,47.06,,,,46.2708,36.7774,24.8173,11.7359,0.2243,27.5831,21.304,18.0897,15.0249,0.598,0.4485,14.6512,11.8106,22.7243,20.7807,8.8953,4.186,9.3439,3.7375,3.6628,1.5698,0.0,0.0,0.0,0.0,0.0,0.0,53,21,78,1521.9711914855093,0,0,0,53,21,0.0,3.9618,1.5698,5.8306,113.7686,0.0,0.0,0.0,3.9618,1.5698,0.0,-0.081,-0.363,0,0,0,0,0,0,,0.0,0.0,0.0,0.0,0.0,0.0,450,2,1,0,0.0,4,1,0,0,0,0,0,0,0,0,0,0,0,0,1,0,0.0,33.6379,0.1495,0.0748,0.0,0.0,0.299,0.0748,0.0,0.0,0.0,0.0,0.0,0.0,0.0,0.0,0.0,0.0,0.0,0.0,0.0748,0.0,0.0,3,3,29,22,18,10,1,17,12,5,0,62,40,18,30,12,10,6,53,39,13,1,2,0,714,7,100.0,75.86,45.0,72,43,59.72,2,69,28,2,0.2243,0.2243,2.1678,1.6445,1.3455,0.7475,0.0748,1.2708,0.897,0.3738,0.0,4.6346,2.99,1.3455,2.2425,0.897,0.7475,0.4485,3.9618,2.9153,0.9718,0.0748,0.1495,0.0,53.3721,0.5233,5.3821,3.2143,0.1495,5.1578,2.093,0.1495,4,1,10,1,0,0,0.299,0.0748,0.7475,0.0748,0.0,0.0,2,0,0,0,0,0,2,0,2,0,0,0,20.651565007592865,,0,10.33,0.1495,0.0,0.0,0.0,0.0,0.0,0.1495,0.0,0.1495,0.0,0.0,0.0,1.5437,0.0,0,0,9,0,0,4,,,,0.0,0.0,0.6728,0.0,0.0,0.299,9,0,0,0,0,0,0,100.0,0.6728,0.0,0.0,0.0,0.0,0.0,0.0,33,20,1,0,2,0,10,19,8,9,0,0,0,2,0,1,15,14,2.4668,1.495,0.0748,0.0,0.1495,0.0,0.7475,1.4203,0.598,0.6728,0.0,0.0,0.0,0.1495,0.0,0.0748,1.1213,1.0465,1204.0,14,900-1500,True,26.956,15.802,57.631,37.181,49.265,2.015,1.1812,4.308,2.7793,3.6826,0.641,0.968
a49001euf7xwpx5wodembjbo5,Álvaro Peña,Almere City FC,499,379,201,175,3,50,36,256,203,193,140,290,223,153,123,56,33,52,29,53,27,0,0,20,5,0,0,75.95,55.77,50.94,72.0,79.3,72.54,76.9,80.39,58.93,,25.0,,37.6351,28.5846,15.1596,13.1987,0.2263,3.7711,2.7152,19.3078,15.3105,14.5563,10.559,21.8721,16.8189,11.5394,9.2768,4.2236,2.4889,3.9219,2.1872,3.9973,2.0364,0.0,0.0,1.5084,0.3771,0.0,0.0,57,47,77,1066.271761181067,18,8,4,75,55,4.0,4.299,3.5448,5.8074,80.4194,1.3576,0.6034,0.3017,5.6566,4.1482,0.3017,0.062,0.357,20,5,7,1,13,4,25.0,1.5084,0.3771,0.5279,0.0754,0.9805,0.3017,355,78,13,0,0.0,26,1,0,0,0,2,0,0.0,0,0,0,0,0,0,11,0,0.0,26.7745,5.8828,0.9805,0.0,0.0,1.9609,0.0754,0.0,0.0,0.0,0.1508,0.0,0.0,0.0,0.0,0.0,0.0,0.0,0.0,0.8296,0.0,0.0,30,15,19,11,7,9,3,9,2,5,2,4,52,24,10,4,42,20,64,19,32,13,17,0,605,23,50.0,57.89,46.15,101,50,49.5,17,28,46,18,2.2626,1.1313,1.433,0.8296,0.5279,0.6788,0.2263,0.6788,0.1508,0.3771,0.1508,0.3017,3.9219,1.8101,0.7542,0.3017,3.1677,1.5084,4.827,1.433,2.4135,0.9805,1.2822,0.0,45.6298,1.7347,7.6175,3.7711,1.2822,2.1118,3.4694,1.3576,15,21,0,3,0,0,1.1313,1.5838,0.0,0.2263,0.0,0.0,16,1,5,0,11,1,0,0,6,0,10,1,369.0373791021305,,1,23.06,1.2067,0.0754,0.3771,0.0,0.8296,0.0754,0.0,0.0,0.4525,0.0,0.7542,0.0754,27.8332,0.0754,12,8,12,0,0,4,,,66.67,0.9051,0.6034,0.9051,0.0,0.0,0.3017,3,0,0,0,0,0,0,100.0,0.2263,0.0,0.0,0.0,0.0,0.0,0.0,32,25,6,7,10,6,8,11,7,2,1,0,11,5,10,3,3,16,2.4135,1.8855,0.4525,0.5279,0.7542,0.4525,0.6034,0.8296,0.5279,0.1508,0.0754,0.0,0.8296,0.3771,0.7542,0.2263,0.2263,1.2067,1193.3,23,900-1500,True,16.952,8.03,3.569,46.394,57.1,1.2785,0.6056,0.2692,3.4991,4.3065,-0.203,-0.163
627nw9ji9qfss33q8ce8042c5,M. van der Hart,SC Heerenveen,425,297,282,13,2,424,296,1,1,0,0,68,67,132,131,225,99,218,92,0,0,0,0,0,0,0,0,69.88,42.2,,69.81,100.0,,98.53,99.24,44.0,,,,32.7259,22.8696,21.7146,1.001,0.154,32.6489,22.7926,0.077,0.077,0.0,0.0,5.2361,5.1591,10.1643,10.0873,17.3255,7.6232,16.7864,7.0842,0.0,0.0,0.0,0.0,0.0,0.0,0.0,0.0,71,16,32,571.6330708678335,0,0,0,71,16,0.0,5.4671,1.232,2.4641,44.0169,0.0,0.0,0.0,5.4671,1.232,0.0,0.558,0.276,0,0,0,0,0,0,,0.0,0.0,0.0,0.0,0.0,0.0,199,0,2,0,0.0,3,1,0,0,0,0,0,0,0,0,0,0,0,0,2,0,0.0,15.3234,0.0,0.154,0.0,0.0,0.231,0.077,0.0,0.0,0.0,0.0,0.0,0.0,0.0,0.0,0.0,0.0,0.0,0.0,0.154,0.0,0.0,0,0,0,0,0,0,0,1,1,0,0,4,2,2,2,2,0,0,12,12,0,0,0,0,430,0,,,100.0,2,2,100.0,0,13,0,0,0.0,0.0,0.0,0.0,0.0,0.0,0.0,0.077,0.077,0.0,0.0,0.308,0.154,0.154,0.154,0.154,0.0,0.0,0.924,0.924,0.0,0.0,0.0,0.0,33.1109,0.0,0.154,0.154,0.0,1.001,0.0,0.0,0,0,0,1,0,0,0.0,0.0,0.0,0.077,0.0,0.0,0,0,0,0,0,0,0,0,0,0,0,0,0,,0,,0.0,0.0,0.0,0.0,0.0,0.0,0.0,0.0,0.0,0.0,0.0,0.0,0.0,0.0,0,0,20,0,0,0,,,,0.0,0.0,1.54,0.0,0.0,0.0,36,7,2,63,0,1,2,100.0,2.7721,0.539,0.154,4.8511,0.0,0.077,0.154,35,36,1,1,0,0,0,0,0,1,0,0,0,0,0,2,0,0,2.6951,2.7721,0.077,0.077,0.0,0.0,0.0,0.0,0.0,0.077,0.0,0.0,0.0,0.0,0.0,0.154,0.0,0.0,1168.8,12,900-1500,True,0.0,0.993,3.971,1.985,11.912,0.0,0.0765,0.3058,0.1528,0.9172,-1.668,-1.203
b2a5syitl1nb5ky04j7pdq09h,J. Willems,Heracles Almelo,638,516,263,251,2,187,147,322,275,129,94,250,206,295,257,93,53,116,70,19,9,27,8,1,0,0,0,80.88,60.34,47.37,78.61,85.4,72.87,82.4,87.12,56.99,29.63,0.0,,49.3511,39.9141,20.3438,19.4156,0.1547,14.465,11.3709,24.9076,21.272,9.9785,7.2712,19.3382,15.9347,22.8191,19.8797,7.1938,4.0997,8.9729,5.4147,1.4697,0.6962,2.0885,0.6188,0.0774,0.0,0.0,0.0,68,46,90,1114.5436793855536,4,5,1,72,51,1.0,5.26,3.5582,6.9618,86.2131,0.3094,0.3868,0.0774,5.5694,3.945,0.0774,0.47,0.32,28,8,27,8,1,0,28.57,2.1659,0.6188,2.0885,0.6188,0.0774,0.0,383,31,16,1,0.0,32,4,0,0,0,5,0,0.0,0,0,0,2,0,0.0,9,1,0.0,29.6261,2.3979,1.2376,0.0774,0.0,2.4753,0.3094,0.0,0.0,0.0,0.3868,0.0,0.0,0.0,0.0,0.0,0.1547,0.0,0.0,0.6962,0.0774,0.0,16,8,18,12,14,3,1,10,7,2,1,40,18,7,15,5,3,2,79,49,27,3,18,1,735,9,50.0,66.67,38.89,52,27,51.92,19,70,32,5,1.2376,0.6188,1.3924,0.9282,1.0829,0.2321,0.0774,0.7735,0.5415,0.1547,0.0774,3.0941,1.3924,0.5415,1.1603,0.3868,0.2321,0.1547,6.1109,3.7903,2.0885,0.2321,1.3924,0.0774,56.8543,0.6962,4.0223,2.0885,1.4697,5.4147,2.4753,0.3868,3,17,1,2,0,0,0.2321,1.315,0.0774,0.1547,0.0,0.0,10,0,8,0,2,0,0,0,3,0,7,0,261.18442114032433,,1,26.12,0.7735,0.0,0.6188,0.0,0.1547,0.0,0.0,0.0,0.2321,0.0,0.5415,0.0,20.2034,0.0774,3,3,26,0,0,75,,,100.0,0.2321,0.2321,2.0112,0.0,0.0,5.8015,6,0,0,0,0,0,0,100.0,0.4641,0.0,0.0,0.0,0.0,0.0,0.0,26,42,6,10,2,8,11,7,5,5,0,0,3,7,10,6,10,8,2.0112,3.2488,0.4641,0.7735,0.1547,0.6188,0.8509,0.5415,0.3868,0.3868,0.0,0.0,0.2321,0.5415,0.7735,0.4641,0.7735,0.6188,1163.5,20,900-1500,True,16.732,9.295,37.181,16.732,73.433,1.2943,0.719,2.8761,1.2943,5.6802,-0.185,0.06
dxcsuw39xzusjsj5e1jw53y6t,M. Verrips,Fortuna Sittard,352,167,164,3,0,346,164,6,3,0,0,17,17,61,59,274,91,270,86,0,0,0,0,0,0,0,0,47.44,31.85,,47.4,50.0,,100.0,96.72,33.21,,,,27.3056,12.9547,12.7219,0.2327,0.0,26.8402,12.7219,0.4654,0.2327,0.0,0.0,1.3187,1.3187,4.7319,4.5768,21.255,7.0591,20.9447,6.6713,0.0,0.0,0.0,0.0,0.0,0.0,0.0,0.0,77,25,5,116.66866790106346,0,0,0,77,25,0.0,5.9731,1.9393,0.3879,9.0503,0.0,0.0,0.0,5.9731,1.9393,0.0,0.773,0.491,0,0,0,0,0,0,,0.0,0.0,0.0,0.0,0.0,0.0,113,0,2,0,0.0,5,1,0,0,0,0,0,0,0,0,0,0,0,0,2,0,0.0,8.7657,0.0,0.1551,0.0,0.0,0.3879,0.0776,0.0,0.0,0.0,0.0,0.0,0.0,0.0,0.0,0.0,0.0,0.0,0.0,0.1551,0.0,0.0,0,0,0,0,0,0,0,0,0,0,0,6,4,4,4,4,0,0,18,18,0,0,0,1,362,0,,,100.0,4,4,100.0,1,18,0,0,0.0,0.0,0.0,0.0,0.0,0.0,0.0,0.0,0.0,0.0,0.0,0.4654,0.3103,0.3103,0.3103,0.3103,0.0,0.0,1.3963,1.3963,0.0,0.0,0.0,0.0776,28.0814,0.0,0.3103,0.3103,0.0776,1.3963,0.0,0.0,0,0,0,0,0,0,0.0,0.0,0.0,0.0,0.0,0.0,0,0,0,0,0,0,0,0,0,0,0,0,0,,0,,0.0,0.0,0.0,0.0,0.0,0.0,0.0,0.0,0.0,0.0,0.0,0.0,0.0,0.0,0,0,35,0,0,0,,,,0.0,0.0,2.715,0.0,0.0,0.0,30,11,8,63,0,0,3,100.0,2.3272,0.8533,0.6206,4.8871,0.0,0.0,0.2327,39,38,2,0,0,0,0,0,0,0,0,0,0,0,2,0,0,0,3.0253,2.9478,0.1551,0.0,0.0,0.0,0.0,0.0,0.0,0.0,0.0,0.0,0.0,0.0,0.1551,0.0,0.0,0.0,1160.2,12,900-1500,True,0.0,0.0,5.275,3.517,15.825,0.0,0.0,0.4092,0.2728,1.2276,-1.668,-1.353
6p4fs5rivwt0e45twlsf6ajth,J. Brenet,FC Twente,689,559,315,242,2,175,145,310,259,204,155,401,339,231,191,57,29,69,37,34,20,1,0,15,5,0,0,81.13,53.62,58.82,82.86,83.55,75.98,84.54,82.68,50.88,0.0,33.33,,53.7441,43.6037,24.571,18.8768,0.156,13.6505,11.3105,24.181,20.2028,15.9126,12.0905,31.2793,26.4431,18.0187,14.8986,4.4462,2.2621,5.3822,2.8861,2.6521,1.5601,0.078,0.0,1.17,0.39,0.0,0.0,76,55,118,1420.6699127028214,14,11,5,90,66,5.0,5.9282,4.2902,9.2044,110.8167,1.092,0.858,0.39,7.0203,5.1482,0.39,0.753,0.936,16,5,1,0,15,5,31.25,1.248,0.39,0.078,0.0,1.17,0.39,424,67,18,2,0.0,32,4,0,0,0,2,0,0.0,1,0,0.0,0,0,0,15,2,0.0,33.0733,5.2262,1.4041,0.156,0.0,2.4961,0.312,0.0,0.0,0.0,0.156,0.0,0.0,0.078,0.0,0.0,0.0,0.0,0.0,1.17,0.156,0.0,28,10,31,19,15,11,5,12,6,6,0,11,27,13,13,8,14,5,86,45,38,3,20,1,797,33,35.71,61.29,48.15,86,42,48.84,21,66,55,8,2.1841,0.78,2.4181,1.4821,1.17,0.858,0.39,0.936,0.468,0.468,0.0,0.858,2.1061,1.014,1.014,0.624,1.092,0.39,6.7083,3.5101,2.9641,0.234,1.5601,0.078,62.1685,2.5741,6.7083,3.2761,1.6381,5.1482,4.2902,0.624,17,8,2,1,0,0,1.3261,0.624,0.156,0.078,0.0,0.0,8,2,0,0,4,1,4,1,7,2,1,0,90.39353232765758,,4,11.3,0.624,0.156,0.0,0.0,0.312,0.078,0.312,0.078,0.546,0.156,0.078,0.0,7.051,0.312,0,0,6,0,0,109,,,,0.0,0.0,0.468,0.0,0.0,8.5023,0,0,0,0,0,0,0,,0.0,0.0,0.0,0.0,0.0,0.0,0.0,42,34,7,11,3,5,20,11,8,4,1,1,5,3,12,6,14,17,3.2761,2.6521,0.546,0.858,0.234,0.39,1.5601,0.858,0.624,0.312,0.078,0.078,0.39,0.234,0.936,0.468,1.092,1.3261,1153.8,15,900-1500,True,35.328,13.675,12.536,30.769,98.006,2.7557,1.0667,0.9778,2.4001,7.6448,1.49,0.743
6coor7jll29drx4kgvyt499wq,N. Naujoks,SBV Excelsior,254,151,68,81,2,39,21,129,88,86,42,164,98,72,42,18,11,22,11,52,16,0,0,9,0,0,0,59.45,50.0,30.77,53.85,68.22,48.84,59.76,58.33,61.11,,0.0,,19.8248,11.7856,5.3074,6.3221,0.1561,3.044,1.6391,10.0685,6.8684,6.7123,3.2781,12.8003,7.6489,5.6196,3.2781,1.4049,0.8586,1.7171,0.8586,4.0586,1.2488,0.0,0.0,0.7025,0.0,0.0,0.0,13,16,18,190.71712032585543,3,1,2,16,17,2.0,1.0147,1.2488,1.4049,14.8856,0.2342,0.0781,0.1561,1.2488,1.3269,0.1561,-1.332,-1.517,9,0,2,0,7,0,0.0,0.7025,0.0,0.1561,0.0,0.5464,0.0,203,67,3,0,0.0,11,2,0,0,0,0,0,0,1,0,0.0,0,0,0,2,0,0.0,15.8442,5.2294,0.2342,0.0,0.0,0.8586,0.1561,0.0,0.0,0.0,0.0,0.0,0.0,0.0781,0.0,0.0,0.0,0.0,0.0,0.1561,0.0,0.0,15,4,24,14,9,12,3,9,4,4,1,19,51,25,16,6,35,19,32,14,16,2,19,0,361,25,26.67,58.33,49.02,90,43,47.78,19,27,32,6,1.1708,0.3122,1.8732,1.0927,0.7025,0.9366,0.2342,0.7025,0.3122,0.3122,0.0781,1.483,3.9806,1.9513,1.2488,0.4683,2.7318,1.483,2.4976,1.0927,1.2488,0.1561,1.483,0.0,28.1762,1.9513,7.0245,3.3562,1.483,2.1074,2.4976,0.4683,16,8,0,1,0,0,1.2488,0.6244,0.0,0.0781,0.0,0.0,8,0,0,0,2,0,6,0,8,0,0,0,85.88789764059126,,0,10.74,0.6244,0.0,0.0,0.0,0.1561,0.0,0.4683,0.0,0.6244,0.0,0.0,0.0,6.7036,0.0,1,0,0,0,0,2,,,0.0,0.0781,0.0,0.0,0.0,0.0,0.1561,3,0,0,0,0,0,0,100.0,0.2342,0.0,0.0,0.0,0.0,0.0,0.0,4,9,1,2,4,4,9,15,2,7,0,0,4,4,1,2,16,8,0.3122,0.7025,0.0781,0.1561,0.3122,0.3122,0.7025,1.1708,0.1561,0.5464,0.0,0.0,0.3122,0.3122,0.0781,0.1561,1.2488,0.6244,1153.1,23,900-1500,True,22.038,8.264,17.447,46.831,29.384,1.7201,0.645,1.3617,3.6552,2.2934,0.303,-0.086
czlv3j3qotjfr6z77midggeeh,S. Voet,Fortuna Sittard,431,340,227,112,1,174,143,215,173,42,24,167,137,197,163,67,40,75,42,60,33,5,1,0,0,0,0,78.89,56.0,55.0,82.18,80.47,57.14,82.04,82.74,59.7,20.0,,,34.7986,27.4513,18.3278,9.0428,0.0807,14.0486,11.5457,17.3589,13.9679,3.391,1.9377,13.4834,11.0613,15.9056,13.1605,5.4095,3.2296,6.0554,3.391,4.8444,2.6644,0.4037,0.0807,0.0,0.0,0.0,0.0,34,27,38,588.3586211875976,4,0,3,38,27,3.0,2.7451,2.18,3.0681,47.5036,0.323,0.0,0.2422,3.0681,2.18,0.2422,-0.598,-0.743,5,1,5,1,0,0,20.0,0.4037,0.0807,0.4037,0.0807,0.0,0.0,239,17,4,0,0.0,7,1,0,0,0,1,0,0.0,2,0,0.0,0,0,0,1,0,0.0,19.2967,1.3726,0.323,0.0,0.0,0.5652,0.0807,0.0,0.0,0.0,0.0807,0.0,0.0,0.1615,0.0,0.0,0.0,0.0,0.0,0.0807,0.0,0.0,2,2,24,18,16,5,3,18,13,5,0,49,54,28,33,20,21,8,41,23,17,1,1,0,512,19,100.0,75.0,51.85,80,48,60.0,1,52,27,4,0.1615,0.1615,1.9377,1.4533,1.2918,0.4037,0.2422,1.4533,1.0496,0.4037,0.0,3.9562,4.3599,2.2607,2.6644,1.6148,1.6955,0.6459,3.3103,1.857,1.3726,0.0807,0.0807,0.0,41.3385,1.534,6.4591,3.8755,0.0807,4.1984,2.18,0.323,12,3,5,2,0,0,0.9689,0.2422,0.4037,0.1615,0.0,0.0,7,0,3,0,1,0,3,0,6,0,1,0,104.21076942817615,,0,14.89,0.5652,0.0,0.2422,0.0,0.0807,0.0,0.2422,0.0,0.4844,0.0,0.0807,0.0,8.4139,0.0,0,0,11,0,0,26,,,,0.0,0.0,0.8881,0.0,0.0,2.0992,10,0,0,0,0,0,0,100.0,0.8074,0.0,0.0,0.0,0.0,0.0,0.0,12,22,2,2,3,4,11,13,12,6,0,0,5,2,2,2,14,10,0.9689,1.7763,0.1615,0.1615,0.2422,0.323,0.8881,1.0496,0.9689,0.4844,0.0,0.0,0.4037,0.1615,0.1615,0.1615,1.1303,0.8074,1114.7,21,900-1500,True,21.1,15.825,43.079,47.475,36.046,1.7036,1.2777,3.4782,3.8331,2.9103,0.285,1.158
9vf02r3geinhsy732oxyrcacq,I. Saibari,PSV Eindhoven,487,418,174,241,3,70,60,262,232,155,126,308,261,153,136,26,21,24,18,22,13,1,1,4,2,0,0,85.83,75.0,59.09,85.71,88.55,81.29,84.74,88.89,80.77,100.0,50.0,,39.5863,33.9776,14.1438,19.59,0.2439,5.69,4.8772,21.297,18.8584,12.5993,10.2421,25.0361,21.2157,12.4368,11.0549,2.1134,1.707,1.9509,1.4632,1.7883,1.0567,0.0813,0.0813,0.3251,0.1626,0.0,0.0,41,36,77,1043.894908817845,19,5,5,60,41,5.0,3.3327,2.9263,6.259,84.8542,1.5444,0.4064,0.4064,4.8772,3.3327,0.4064,-0.348,0.026,5,3,3,2,2,1,60.0,0.4064,0.2439,0.2439,0.1626,0.1626,0.0813,440,100,28,6,0.0,56,10,0,0,0,3,1,0.0,1,1,0.0,0,0,0,24,4,0.0,35.7659,8.1286,2.276,0.4877,0.0,4.552,0.8129,0.0,0.0,0.0,0.2439,0.0813,0.0,0.0813,0.0813,0.0,0.0,0.0,0.0,1.9509,0.3251,0.0,51,21,31,20,13,11,7,10,2,7,1,10,14,7,12,7,2,0,81,25,46,10,12,0,655,65,41.18,64.52,50.0,96,48,50.0,12,40,64,18,4.1456,1.707,2.5199,1.6257,1.0567,0.8941,0.569,0.8129,0.1626,0.569,0.0813,0.8129,1.138,0.569,0.9754,0.569,0.1626,0.0,6.5842,2.0322,3.7392,0.8129,0.9754,0.0,53.2424,5.2836,7.8035,3.9017,0.9754,3.2514,5.2023,1.4632,17,13,0,1,0,0,1.3819,1.0567,0.0,0.0813,0.0,0.0,38,5,15,3,22,2,1,0,23,5,15,0,700.971723028431,,11,18.45,3.0889,0.4064,1.2193,0.2439,1.7883,0.1626,0.0813,0.0,1.8696,0.4064,1.2193,0.0,56.9793,0.8941,0,0,2,0,0,4,,,,0.0,0.0,0.1626,0.0,0.0,0.3251,3,0,0,0,0,0,0,100.0,0.2439,0.0,0.0,0.0,0.0,0.0,0.0,14,27,9,19,20,18,9,22,2,8,1,4,20,18,14,14,15,16,1.138,2.1947,0.7316,1.5444,1.6257,1.4632,0.7316,1.7883,0.1626,0.6503,0.0813,0.3251,1.6257,1.4632,1.138,1.138,1.2193,1.3006,1107.2,19,900-1500,True,43.454,14.017,14.017,19.624,113.54,3.5322,1.1394,1.1394,1.5952,9.2292,2.38,0.886
hxqybxg5578sgx0gx5qb834l,I. Lidberg,FC Utrecht,210,118,30,87,1,11,3,112,70,87,45,160,86,48,30,2,2,3,2,47,14,0,0,6,0,0,0,56.19,66.67,29.79,27.27,62.5,51.72,53.75,62.5,100.0,,0.0,,17.1366,9.6292,2.4481,7.0995,0.0816,0.8976,0.2448,9.1395,5.7122,7.0995,3.6721,13.0565,7.0179,3.9169,2.4481,0.1632,0.1632,0.2448,0.1632,3.8353,1.1424,0.0,0.0,0.4896,0.0,0.0,0.0,6,5,20,377.70461211660944,8,4,2,14,9,2.0,0.4896,0.408,1.6321,30.8218,0.6528,0.3264,0.1632,1.1424,0.7344,0.1632,-1.555,-1.562,6,0,1,0,5,0,0.0,0.4896,0.0,0.0816,0.0,0.408,0.0,207,138,6,2,0.0,14,2,0,0,0,0,0,0,0,0,0,0,0,0,6,2,0.0,16.8918,11.2612,0.4896,0.1632,0.0,1.1424,0.1632,0.0,0.0,0.0,0.0,0.0,0.0,0.0,0.0,0.0,0.0,0.0,0.0,0.4896,0.1632,0.0,13,6,9,5,1,2,6,1,0,0,1,9,75,34,22,11,53,23,23,5,13,5,12,0,324,54,46.15,55.56,45.33,97,45,46.39,12,6,15,12,1.0608,0.4896,0.7344,0.408,0.0816,0.1632,0.4896,0.0816,0.0,0.0,0.0816,0.7344,6.1202,2.7745,1.7953,0.8976,4.325,1.8769,1.8769,0.408,1.0608,0.408,0.9792,0.0,26.4394,4.4066,7.9155,3.6721,0.9792,0.4896,1.224,0.9792,12,23,0,1,0,0,0.9792,1.8769,0.0,0.0816,0.0,0.0,27,4,1,1,13,2,13,1,26,4,1,0,272.7738809898455,,6,10.1,2.2033,0.3264,0.0816,0.0816,1.0608,0.1632,1.0608,0.0816,2.1217,0.3264,0.0816,0.0,22.2592,0.4896,0,0,0,0,0,0,,,,0.0,0.0,0.0,0.0,0.0,0.0,0,0,0,0,0,0,0,,0.0,0.0,0.0,0.0,0.0,0.0,0.0,4,1,3,3,8,17,5,3,0,1,2,2,16,11,4,2,3,6,0.3264,0.0816,0.2448,0.2448,0.6528,1.3873,0.408,0.2448,0.0,0.0816,0.1632,0.1632,1.3056,0.8976,0.3264,0.1632,0.2448,0.4896,1102.9,21,900-1500,True,8.702,0.967,8.702,72.521,22.24,0.7101,0.0789,0.7101,5.9179,1.8149,-0.854,-1.198
b157xbo2jovsxkgr3wie3rip6,T. Baeten,Go Ahead Eagles,224,158,57,101,0,15,13,102,72,107,73,153,108,61,43,10,7,10,6,40,13,10,2,1,0,0,0,70.54,60.0,32.5,86.67,70.59,68.22,70.59,70.49,70.0,20.0,0.0,,18.5158,13.0602,4.7116,8.3486,0.0,1.2399,1.0746,8.4313,5.9515,8.8446,6.0342,12.647,8.9273,5.0422,3.5544,0.8266,0.5786,0.8266,0.496,3.3064,1.0746,0.8266,0.1653,0.0827,0.0,0.0,0.0,16,16,37,583.4511614487475,13,10,7,29,26,7.0,1.3226,1.3226,3.0584,48.228,1.0746,0.8266,0.5786,2.3971,2.1492,0.5786,-1.202,-1.028,11,2,10,2,1,0,18.18,0.9093,0.1653,0.8266,0.1653,0.0827,0.0,221,129,20,2,0.0,39,4,2,0,0.0,1,0,0.0,2,0,0.0,0,0,0,15,2,0.0,18.2678,10.6631,1.6532,0.1653,0.0,3.2237,0.3306,0.1653,0.0,0.0,0.0827,0.0,0.0,0.1653,0.0,0.0,0.0,0.0,0.0,1.2399,0.1653,0.0,42,11,16,7,4,6,6,5,1,3,1,10,63,20,11,4,52,16,37,9,18,10,24,0,376,40,26.19,43.75,31.75,121,38,31.4,24,14,27,17,3.4717,0.9093,1.3226,0.5786,0.3306,0.496,0.496,0.4133,0.0827,0.248,0.0827,0.8266,5.2076,1.6532,0.9093,0.3306,4.2983,1.3226,3.0584,0.7439,1.4879,0.8266,1.9838,0.0,31.0801,3.3064,10.0018,3.1411,1.9838,1.1572,2.2318,1.4052,31,19,0,4,0,0,2.5625,1.5705,0.0,0.3306,0.0,0.0,24,0,20,0,3,0,1,0,14,0,10,0,467.9624612135321,,2,19.5,1.9838,0.0,1.6532,0.0,0.248,0.0,0.0827,0.0,1.1572,0.0,0.8266,0.0,38.6817,0.1653,2,0,1,0,0,2,,,0.0,0.1653,0.0,0.0827,0.0,0.0,0.1653,0,0,0,0,0,0,0,,0.0,0.0,0.0,0.0,0.0,0.0,0.0,4,11,3,14,0,23,2,14,2,2,0,0,17,7,7,13,6,10,0.3306,0.9093,0.248,1.1572,0.0,1.9012,0.1653,1.1572,0.1653,0.1653,0.0,0.0,1.4052,0.5786,0.5786,1.0746,0.496,0.8266,1088.8,28,900-1500,True,14.657,4.58,9.161,57.712,33.895,1.2115,0.3786,0.7572,4.7705,2.8018,-0.28,-0.609
536qjh4gcmpo5q68ti87e60kq,S. Mito,Sparta Rotterdam,334,245,84,159,2,52,38,161,125,121,82,190,136,116,92,28,17,31,18,18,8,1,0,22,4,0,0,73.35,58.06,44.44,73.08,77.64,67.77,71.58,79.31,60.71,0.0,18.18,,27.8876,20.4564,7.0136,13.2758,0.167,4.3418,3.1728,13.4428,10.437,10.103,6.8466,15.8642,11.3554,9.6855,7.6816,2.3379,1.4194,2.5884,1.5029,1.5029,0.668,0.0835,0.0,1.8369,0.334,0.0,0.0,37,22,53,678.7272060251483,9,6,5,46,28,5.0,3.0893,1.8369,4.4253,56.6708,0.7515,0.501,0.4175,3.8408,2.3379,0.4175,-0.452,-0.415,23,4,3,0,20,4,17.39,1.9204,0.334,0.2505,0.0,1.6699,0.334,269,48,9,0,0.0,26,3,0,0,0,1,0,0.0,0,0,0,0,0,0,8,0,0.0,22.4603,4.0078,0.7515,0.0,0.0,2.1709,0.2505,0.0,0.0,0.0,0.0835,0.0,0.0,0.0,0.0,0.0,0.0,0.0,0.0,0.668,0.0,0.0,37,9,15,10,7,6,2,7,2,4,1,12,19,5,7,3,12,2,58,21,27,10,17,0,465,32,24.32,66.67,26.32,71,24,33.8,17,30,37,13,3.0893,0.7515,1.2524,0.835,0.5845,0.501,0.167,0.5845,0.167,0.334,0.0835,1.0019,1.5864,0.4175,0.5845,0.2505,1.0019,0.167,4.8427,1.7534,2.2544,0.835,1.4194,0.0,38.8255,2.6719,5.9282,2.0039,1.4194,2.5049,3.0893,1.0854,3,18,0,0,0,0,0.2505,1.5029,0.0,0.0,0.0,0.0,29,2,12,1,15,1,2,0,16,1,13,1,588.2983458981521,,2,20.29,2.4214,0.167,1.0019,0.0835,1.2524,0.0835,0.167,0.0,1.3359,0.0835,1.0854,0.0835,49.1204,0.167,1,1,2,0,0,9,,,100.0,0.0835,0.0835,0.167,0.0,0.0,0.7515,2,0,0,0,0,0,0,100.0,0.167,0.0,0.0,0.0,0.0,0.0,0.0,24,13,6,3,18,11,8,7,6,1,0,2,17,12,6,3,8,7,2.0039,1.0854,0.501,0.2505,1.5029,0.9185,0.668,0.5845,0.501,0.0835,0.0,0.167,1.4194,1.0019,0.501,0.2505,0.668,0.5845,1077.9,19,900-1500,True,14.156,6.606,11.325,17.931,54.738,1.182,0.5516,0.9456,1.4972,4.5704,-0.313,-0.269
71gwdg60saiwwwnnv6is52may,T. Noslin,Fortuna Sittard,300,198,69,128,1,29,22,116,88,155,88,179,125,88,61,33,12,32,10,36,15,2,1,29,4,0,0,66.0,31.25,41.67,75.86,75.86,56.77,69.83,69.32,36.36,50.0,13.79,,25.0976,16.5644,5.7724,10.7083,0.0837,2.4261,1.8405,9.7044,7.362,12.9671,7.362,14.9749,10.4573,7.362,5.1032,2.7607,1.0039,2.6771,0.8366,3.0117,1.2549,0.1673,0.0837,2.4261,0.3346,0.0,0.0,22,16,50,620.4189251485142,13,8,6,35,24,6.0,1.8405,1.3385,4.1829,51.9034,1.0876,0.6693,0.502,2.9281,2.0078,0.502,-0.982,-0.803,31,5,11,2,20,3,16.13,2.5934,0.4183,0.9202,0.1673,1.6732,0.251,253,111,14,2,0.0,29,3,0,0,0,3,1,0.0,0,0,0,0,0,0,11,1,0.0,21.1656,9.2861,1.1712,0.1673,0.0,2.4261,0.251,0.0,0.0,0.0,0.251,0.0837,0.0,0.0,0.0,0.0,0.0,0.0,0.0,0.9202,0.0837,0.0,45,24,16,9,4,10,2,8,3,4,1,5,58,26,7,1,51,25,53,14,32,7,18,0,437,50,53.33,56.25,44.83,119,59,49.58,18,21,46,10,3.7646,2.0078,1.3385,0.7529,0.3346,0.8366,0.1673,0.6693,0.251,0.3346,0.0837,0.4183,4.8522,2.1751,0.5856,0.0837,4.2666,2.0915,4.4339,1.1712,2.6771,0.5856,1.5059,0.0,36.5588,4.1829,9.9554,4.9359,1.5059,1.7568,3.8483,0.8366,17,9,0,2,1,0,1.4222,0.7529,0.0,0.1673,0.0837,0.0,29,3,2,1,18,1,9,1,23,3,6,0,458.1505780773009,,5,15.8,2.4261,0.251,0.1673,0.0837,1.5059,0.0837,0.7529,0.0837,1.9241,0.251,0.502,0.0,38.3283,0.4183,15,9,1,0,0,7,,,60.0,1.2549,0.7529,0.0837,0.0,0.0,0.5856,2,0,0,0,0,0,0,100.0,0.1673,0.0,0.0,0.0,0.0,0.0,0.0,16,6,10,4,14,15,8,8,4,4,3,0,17,12,9,5,9,7,1.3385,0.502,0.8366,0.3346,1.1712,1.2549,0.6693,0.6693,0.3346,0.3346,0.251,0.0,1.4222,1.0039,0.7529,0.4183,0.7529,0.5856,1075.8,13,900-1500,True,14.067,7.033,4.396,50.991,46.596,1.1768,0.5884,0.3678,4.2658,3.8982,-0.319,-0.197
bznrsqachpfr9l2wnfjy8samt,O. Özyakup,Fortuna Sittard,509,393,184,205,4,75,62,260,223,174,108,265,231,144,119,100,43,89,40,11,10,2,1,57,18,0,0,77.21,44.94,90.91,82.67,85.77,62.07,87.17,82.64,43.0,50.0,31.58,,42.9657,33.1739,15.5318,17.3044,0.3376,6.3309,5.2335,21.9471,18.8239,14.6877,9.1165,22.3692,19.4992,12.1553,10.045,8.4412,3.6297,7.5127,3.3765,0.9285,0.8441,0.1688,0.0844,4.8115,1.5194,0.0,0.0,75,44,78,950.110171160239,7,3,2,82,47,2.0,6.3309,3.7141,6.5841,80.2006,0.5909,0.2532,0.1688,6.9218,3.9674,0.1688,0.924,0.895,59,19,35,12,24,7,32.2,4.9803,1.6038,2.9544,1.0129,2.0259,0.5909,323,27,23,2,0.0,37,3,0,0,0,11,2,0.0,0,0,0,3,0,0.0,9,0,0.0,27.2651,2.2791,1.9415,0.1688,0.0,3.1232,0.2532,0.0,0.0,0.0,0.9285,0.1688,0.0,0.0,0.0,0.0,0.2532,0.0,0.0,0.7597,0.0,0.0,20,13,25,18,8,14,3,13,6,6,1,6,7,2,4,1,3,1,81,34,36,11,9,0,594,17,65.0,72.0,28.57,52,33,63.46,9,48,56,15,1.6882,1.0974,2.1103,1.5194,0.6753,1.1818,0.2532,1.0974,0.5065,0.5065,0.0844,0.5065,0.5909,0.1688,0.3376,0.0844,0.2532,0.0844,6.8374,2.87,3.0388,0.9285,0.7597,0.0,50.1407,1.435,4.3894,2.7856,0.7597,4.0518,4.7271,1.2662,10,9,0,3,0,0,0.8441,0.7597,0.0,0.2532,0.0,0.0,17,1,2,0,14,1,1,0,7,1,10,0,382.800982606658,,3,22.52,1.435,0.0844,0.1688,0.0,1.1818,0.0844,0.0844,0.0,0.5909,0.0844,0.8441,0.0,32.313,0.2532,41,23,28,0,0,0,,,56.1,3.4609,1.9415,2.3635,0.0,0.0,0.0,2,0,0,0,0,0,0,100.0,0.1688,0.0,0.0,0.0,0.0,0.0,0.0,35,40,11,12,7,10,12,13,4,9,1,0,6,11,16,7,11,14,2.9544,3.3765,0.9285,1.0129,0.5909,0.8441,1.0129,1.0974,0.3376,0.7597,0.0844,0.0,0.5065,0.9285,1.3506,0.5909,0.9285,1.1818,1066.2,22,900-1500,True,21.979,11.429,5.275,6.154,71.212,1.8553,0.9647,0.4453,0.5195,6.0111,0.458,0.543
7d8qc47gy4mb9mo67e1ic448a,M. Benita,SBV Excelsior,479,361,161,198,2,143,105,211,166,125,90,216,174,193,153,70,34,81,38,43,20,0,0,23,2,0,0,75.37,46.91,46.51,73.43,78.67,72.0,80.56,79.27,48.57,,8.7,,40.7351,30.7002,13.6918,16.8383,0.1701,12.161,8.9294,17.9439,14.117,10.6303,7.6538,18.3691,14.7973,16.4131,13.0114,5.9529,2.8914,6.8884,3.2316,3.6568,1.7008,0.0,0.0,1.956,0.1701,0.0,0.0,51,26,71,911.5257162534974,9,10,3,60,36,3.0,4.3371,2.2111,6.038,77.518,0.7654,0.8504,0.2551,5.1025,3.0615,0.2551,0.078,0.121,23,2,2,0,21,2,8.7,1.956,0.1701,0.1701,0.0,1.7859,0.1701,279,36,2,1,0.0,6,1,0,0,0,1,1,0.0,0,0,0,0,0,0,1,0,0.0,23.7267,3.0615,0.1701,0.085,0.0,0.5103,0.085,0.0,0.0,0.0,0.085,0.085,0.0,0.0,0.0,0.0,0.0,0.0,0.0,0.085,0.0,0.0,11,4,26,17,19,4,3,17,11,5,1,33,40,20,23,11,17,9,44,26,16,2,7,1,565,7,36.36,65.38,50.0,77,41,53.25,8,56,25,6,0.9355,0.3402,2.2111,1.4457,1.6158,0.3402,0.2551,1.4457,0.9355,0.4252,0.085,2.8064,3.4017,1.7008,1.956,0.9355,1.4457,0.7654,3.7419,2.2111,1.3607,0.1701,0.5953,0.085,48.0488,0.5953,6.5482,3.4867,0.6803,4.7624,2.1261,0.5103,4,14,5,2,0,0,0.3402,1.1906,0.4252,0.1701,0.0,0.0,4,0,1,0,3,0,0,0,1,0,3,0,90.28155136021732,,1,22.57,0.3402,0.0,0.085,0.0,0.2551,0.0,0.0,0.0,0.085,0.0,0.2551,0.0,7.6777,0.085,0,0,7,0,0,75,,,,0.0,0.0,0.5953,0.0,0.0,6.3782,5,0,0,0,0,0,0,100.0,0.4252,0.0,0.0,0.0,0.0,0.0,0.0,19,32,1,1,1,3,13,13,9,8,0,0,2,2,1,1,11,15,1.6158,2.7213,0.085,0.085,0.085,0.2551,1.1055,1.1055,0.7654,0.6803,0.0,0.0,0.1701,0.1701,0.085,0.085,0.9355,1.2756,1058.3,20,900-1500,True,23.875,15.61,30.303,36.73,40.403,2.0304,1.3275,2.577,3.1236,3.436,0.659,1.255
9o10vhew3jar8tqnkabw0qoyx,J. Lonwijk,Fortuna Sittard,252,162,75,87,0,29,14,135,95,88,53,145,91,80,62,27,9,30,9,32,11,1,0,7,2,0,0,64.29,30.0,34.38,48.28,70.37,60.23,62.76,77.5,33.33,0.0,28.57,,21.5918,13.8804,6.4261,7.4543,0.0,2.4848,1.1995,11.567,8.1398,7.54,4.5411,12.4238,7.797,6.8545,5.3123,2.3134,0.7711,2.5704,0.7711,2.7418,0.9425,0.0857,0.0,0.5998,0.1714,0.0,0.0,19,20,29,369.539080880407,6,6,2,25,26,2.0,1.628,1.7136,2.4848,31.6627,0.5141,0.5141,0.1714,2.142,2.2277,0.1714,-1.072,-1.137,8,2,3,0,5,2,25.0,0.6855,0.1714,0.257,0.0,0.4284,0.1714,232,97,10,1,0.0,23,2,0,0,0,1,0,0.0,1,0,0.0,0,0,0,8,1,0.0,19.8781,8.3111,0.8568,0.0857,0.0,1.9707,0.1714,0.0,0.0,0.0,0.0857,0.0,0.0,0.0857,0.0,0.0,0.0,0.0,0.0,0.6855,0.0857,0.0,17,5,24,15,8,13,3,13,5,5,3,5,37,18,6,4,31,14,50,17,25,8,7,0,350,52,29.41,62.5,48.65,78,38,48.72,7,30,43,14,1.4566,0.4284,2.0564,1.2852,0.6855,1.1139,0.257,1.1139,0.4284,0.4284,0.257,0.4284,3.1702,1.5423,0.5141,0.3427,2.6561,1.1995,4.2841,1.4566,2.142,0.6855,0.5998,0.0,29.9886,4.4554,6.6832,3.2559,0.5998,2.5704,3.6843,1.1995,24,18,0,3,0,0,2.0564,1.5423,0.0,0.257,0.0,0.0,26,3,3,2,18,1,5,0,20,3,6,0,371.4225657306871,,4,14.29,2.2277,0.257,0.257,0.1714,1.5423,0.0857,0.4284,0.0,1.7136,0.257,0.5141,0.0,31.8241,0.3427,0,0,1,0,0,1,,,,0.0,0.0,0.0857,0.0,0.0,0.0857,0,0,0,0,0,0,0,,0.0,0.0,0.0,0.0,0.0,0.0,0.0,9,10,5,5,14,12,11,13,8,5,2,1,17,9,0,10,9,15,0.7711,0.8568,0.4284,0.4284,1.1995,1.0282,0.9425,1.1139,0.6855,0.4284,0.1714,0.0857,1.4566,0.7711,0.0,0.8568,0.7711,1.2852,1050.4,15,900-1500,True,21.1,11.429,4.396,32.529,43.958,1.8079,0.9793,0.3767,2.7871,3.7664,0.404,0.571
c6i4usq34m3389rtbqptahrai,R. Meissen,Sparta Rotterdam,454,374,208,165,1,181,146,262,220,11,8,146,122,238,224,70,28,73,26,37,19,0,0,0,0,0,0,82.38,35.62,51.35,80.66,83.97,72.73,83.56,94.12,40.0,,,,39.4021,32.459,18.0521,14.3202,0.0868,15.7088,12.6712,22.7387,19.0935,0.9547,0.6943,12.6712,10.5882,20.6557,19.4407,6.0752,2.4301,6.3356,2.2565,3.2112,1.649,0.0,0.0,0.0,0.0,0.0,0.0,48,33,35,723.1011509960292,3,1,0,51,34,0.0,4.1659,2.864,3.0376,62.7571,0.2604,0.0868,0.0,4.4262,2.9508,0.0,0.005,-0.166,0,0,0,0,0,0,,0.0,0.0,0.0,0.0,0.0,0.0,277,3,2,0,0.0,5,0,0,0,0,0,0,0,1,0,0.0,0,0,0,1,0,0.0,24.0405,0.2604,0.1736,0.0,0.0,0.4339,0.0,0.0,0.0,0.0,0.0,0.0,0.0,0.0868,0.0,0.0,0.0,0.0,0.0,0.0868,0.0,0.0,3,0,10,5,7,2,1,10,6,4,0,52,26,14,20,11,6,3,32,18,14,0,0,1,528,5,0.0,50.0,53.85,39,19,48.72,1,31,20,1,0.2604,0.0,0.8679,0.4339,0.6075,0.1736,0.0868,0.8679,0.5207,0.3472,0.0,4.513,2.2565,1.215,1.7358,0.9547,0.5207,0.2604,2.7772,1.5622,1.215,0.0,0.0,0.0868,45.8245,0.4339,3.3848,1.649,0.0868,2.6905,1.7358,0.0868,4,7,3,0,0,0,0.3472,0.6075,0.2604,0.0,0.0,0.0,3,0,0,0,1,0,2,0,3,0,0,0,31.0732103699483,,0,10.36,0.2604,0.0,0.0,0.0,0.0868,0.0,0.1736,0.0,0.2604,0.0,0.0,0.0,2.6968,0.0,0,0,13,0,0,1,,,,0.0,0.0,1.1283,0.0,0.0,0.0868,17,0,0,0,0,0,0,100.0,1.4754,0.0,0.0,0.0,0.0,0.0,0.0,19,29,0,2,1,2,3,7,5,5,0,0,2,1,0,2,7,3,1.649,2.5169,0.0,0.1736,0.0868,0.1736,0.2604,0.6075,0.4339,0.4339,0.0,0.0,0.1736,0.0868,0.0,0.1736,0.6075,0.2604,1037.0,22,900-1500,True,9.438,9.438,49.075,24.538,30.2,0.8191,0.8191,4.2592,2.1296,2.621,-0.729,0.257
28o7vv0jud22hmg4h649yozqh,T. Booth,FC Utrecht,313,206,78,128,0,21,13,127,101,165,92,171,124,106,73,36,9,33,7,21,8,7,1,58,11,0,0,65.81,21.21,38.1,61.9,79.53,55.76,72.51,68.87,25.0,14.29,18.97,,27.2016,17.9027,6.7787,11.124,0.0,1.825,1.1298,11.0371,8.7775,14.3395,7.9954,14.861,10.7764,9.2121,6.3441,3.1286,0.7822,2.8679,0.6083,1.825,0.6952,0.6083,0.0869,5.0406,0.956,0.0,0.0,28,13,50,651.4231631045269,9,4,6,37,17,6.0,2.4334,1.1298,4.3453,56.6127,0.7822,0.3476,0.5214,3.2155,1.4774,0.5214,-0.73,-0.681,65,12,14,5,51,7,18.46,5.6489,1.0429,1.2167,0.4345,4.4322,0.6083,281,78,12,1,0.0,24,2,0,0,0,6,1,0.0,0,0,0,0,0,0,6,0,0.0,24.4206,6.7787,1.0429,0.0869,0.0,2.0857,0.1738,0.0,0.0,0.0,0.5214,0.0869,0.0,0.0,0.0,0.0,0.0,0.0,0.0,0.5214,0.0,0.0,54,19,14,6,6,4,4,8,6,2,0,10,13,8,5,4,8,4,50,17,26,7,17,0,468,39,35.19,42.86,61.54,81,33,40.74,17,29,32,11,4.6929,1.6512,1.2167,0.5214,0.5214,0.3476,0.3476,0.6952,0.5214,0.1738,0.0,0.8691,1.1298,0.6952,0.4345,0.3476,0.6952,0.3476,4.3453,1.4774,2.2596,0.6083,1.4774,0.0,40.6721,3.3893,7.0394,2.8679,1.4774,2.5203,2.781,0.956,9,13,1,1,0,0,0.7822,1.1298,0.0869,0.0869,0.0,0.0,33,5,10,2,19,3,4,0,22,5,11,0,617.898779851732,,6,18.72,2.8679,0.4345,0.8691,0.1738,1.6512,0.2607,0.3476,0.0,1.9119,0.4345,0.956,0.0,53.6992,0.5214,5,1,2,0,0,10,,,20.0,0.4345,0.0869,0.1738,0.0,0.0,0.8691,2,0,0,0,0,0,0,100.0,0.1738,0.0,0.0,0.0,0.0,0.0,0.0,17,11,7,5,19,14,8,6,3,5,5,0,25,8,12,0,8,6,1.4774,0.956,0.6083,0.4345,1.6512,1.2167,0.6952,0.5214,0.2607,0.4345,0.4345,0.0,2.1727,0.6952,1.0429,0.0,0.6952,0.5214,1035.6,19,900-1500,True,13.537,7.736,9.669,12.57,48.347,1.1764,0.6723,0.8403,1.0924,4.2017,-0.32,-0.032
am0ea3bvmnin4gco2ndny2noq,R. Oratmangoen,Fortuna Sittard,352,273,124,147,2,35,26,155,127,162,120,213,165,104,92,35,16,28,13,24,11,1,0,15,5,0,0,77.56,46.43,45.83,74.29,81.94,74.07,77.46,88.46,45.71,0.0,33.33,,30.7185,23.8243,10.8213,12.8285,0.1745,3.0544,2.269,13.5266,11.0831,14.1375,10.4722,18.5882,14.3993,9.0759,8.0287,3.0544,1.3963,2.4435,1.1345,2.0944,0.96,0.0873,0.0,1.309,0.4363,0.0,0.0,32,16,60,740.2765173505366,14,7,2,46,23,2.0,2.7926,1.3963,5.2361,64.6028,1.2218,0.6109,0.1745,4.0144,2.0072,0.1745,-0.578,-0.341,16,5,11,3,5,2,31.25,1.3963,0.4363,0.96,0.2618,0.4363,0.1745,275,67,14,1,0.0,34,3,0,0,0,2,0,0.0,0,0,0,1,0,0.0,11,1,0.0,23.9988,5.847,1.2218,0.0873,0.0,2.9671,0.2618,0.0,0.0,0.0,0.1745,0.0,0.0,0.0,0.0,0.0,0.0873,0.0,0.0,0.96,0.0873,0.0,36,13,10,6,5,1,4,8,3,4,1,7,26,13,12,7,14,6,59,15,35,9,22,0,467,32,36.11,60.0,50.0,72,32,44.44,22,23,40,14,3.1417,1.1345,0.8727,0.5236,0.4363,0.0873,0.3491,0.6981,0.2618,0.3491,0.0873,0.6109,2.269,1.1345,1.0472,0.6109,1.2218,0.5236,5.1488,1.309,3.0544,0.7854,1.9199,0.0,40.7544,2.7926,6.2833,2.7926,1.9199,2.0072,3.4907,1.2218,13,10,0,2,0,0,1.1345,0.8727,0.0,0.1745,0.0,0.0,16,0,2,0,14,0,0,0,7,0,9,0,334.6395101903832,,1,20.91,1.3963,0.0,0.1745,0.0,1.2218,0.0,0.0,0.0,0.6109,0.0,0.7854,0.0,29.2035,0.0873,9,4,1,0,0,5,,,44.44,0.7854,0.3491,0.0873,0.0,0.0,0.4363,1,0,0,0,0,0,0,100.0,0.0873,0.0,0.0,0.0,0.0,0.0,0.0,13,19,9,5,6,10,4,6,4,4,0,0,13,3,10,4,6,4,1.1345,1.6581,0.7854,0.4363,0.5236,0.8727,0.3491,0.5236,0.3491,0.3491,0.0,0.0,1.1345,0.2618,0.8727,0.3491,0.5236,0.3491,1031.3,27,900-1500,True,8.792,7.033,6.154,22.858,51.871,0.7673,0.6138,0.5371,1.9948,4.5267,-0.789,-0.147
8d0ffyx2qnnp0limf5aou92ei,A. Ueda,Feyenoord Rotterdam,175,126,47,79,0,6,3,83,69,86,54,128,95,41,27,6,4,4,4,31,18,1,1,4,0,0,0,72.0,100.0,58.06,50.0,83.13,62.79,74.22,65.85,66.67,100.0,0.0,,15.3061,11.0204,4.1108,6.9096,0.0,0.5248,0.2624,7.2595,6.035,7.5219,4.723,11.1953,8.309,3.586,2.3615,0.5248,0.3499,0.3499,0.3499,2.7114,1.5743,0.0875,0.0875,0.3499,0.0,0.0,0.0,8,12,19,350.67974769620616,10,5,4,18,17,4.0,0.6997,1.0496,1.6618,30.6717,0.8746,0.4373,0.3499,1.5743,1.4869,0.3499,-1.466,-1.378,5,1,1,1,4,0,20.0,0.4373,0.0875,0.0875,0.0875,0.3499,0.0,218,135,12,0,0.0,26,0,1,0,0.0,0,0,0,1,0,0.0,0,0,0,10,0,0.0,19.0671,11.8076,1.0496,0.0,0.0,2.2741,0.0,0.0875,0.0,0.0,0.0,0.0,0.0,0.0875,0.0,0.0,0.0,0.0,0.0,0.8746,0.0,0.0,18,7,7,4,0,5,2,0,0,0,0,11,48,28,6,3,42,25,13,1,10,2,17,0,290,85,38.89,57.14,58.33,73,39,53.42,17,1,15,4,1.5743,0.6122,0.6122,0.3499,0.0,0.4373,0.1749,0.0,0.0,0.0,0.0,0.9621,4.1983,2.449,0.5248,0.2624,3.6735,2.1866,1.137,0.0875,0.8746,0.1749,1.4869,0.0,25.3644,7.4344,6.3848,3.4111,1.4869,0.0875,1.312,0.3499,7,11,0,0,0,0,0.6122,0.9621,0.0,0.0,0.0,0.0,38,5,8,1,26,4,4,0,34,5,4,0,501.37948770280263,,5,13.19,3.3236,0.4373,0.6997,0.0875,2.2741,0.3499,0.3499,0.0,2.9738,0.4373,0.3499,0.0,43.8524,0.4373,0,0,0,0,0,0,,,,0.0,0.0,0.0,0.0,0.0,0.0,1,0,0,0,0,0,0,100.0,0.0875,0.0,0.0,0.0,0.0,0.0,0.0,2,6,0,12,3,35,2,5,0,0,1,4,22,16,8,4,6,1,0.1749,0.5248,0.0,1.0496,0.2624,3.0612,0.1749,0.4373,0.0,0.0,0.0875,0.3499,1.9242,1.3994,0.6997,0.3499,0.5248,0.0875,1029.0,26,900-1500,True,9.16,0.0,14.394,62.808,17.011,0.8012,0.0,1.259,5.4934,1.4878,-0.75,-1.353
1asrguqxyo7rmoyamggwd9oq2,A. Kaplan,AFC Ajax,816,726,506,218,2,310,268,483,441,23,17,354,316,392,367,70,43,77,38,62,30,0,0,0,0,0,0,88.97,49.35,48.39,86.45,91.3,73.91,89.27,93.62,61.43,,,,72.4832,64.4887,44.9467,19.3644,0.1777,27.5365,23.8058,42.9037,39.1729,2.043,1.5101,31.4449,28.0695,34.8204,32.5997,6.2179,3.8196,6.8397,3.3754,5.5073,2.6648,0.0,0.0,0.0,0.0,0.0,0.0,73,52,118,1876.0721818973366,4,3,0,77,55,0.0,6.4844,4.619,10.4816,166.6468,0.3553,0.2665,0.0,6.8397,4.8855,0.0,0.99,0.86,0,0,0,0,0,0,,0.0,0.0,0.0,0.0,0.0,0.0,596,6,4,1,0.0,12,3,0,0,0,0,0,0,0,0,0,0,0,0,4,1,0.0,52.9412,0.533,0.3553,0.0888,0.0,1.0659,0.2665,0.0,0.0,0.0,0.0,0.0,0.0,0.0,0.0,0.0,0.0,0.0,0.0,0.3553,0.0888,0.0,9,6,20,14,10,10,0,9,5,4,0,35,66,43,48,34,18,9,54,31,23,0,1,0,892,6,66.67,70.0,65.15,95,63,66.32,1,46,37,0,0.7994,0.533,1.7765,1.2436,0.8883,0.8883,0.0,0.7994,0.4441,0.3553,0.0,3.109,5.8626,3.8196,4.2637,3.0201,1.5989,0.7994,4.7967,2.7537,2.043,0.0,0.0888,0.0,79.2341,0.533,8.4386,5.5961,0.0888,4.0861,3.2866,0.0,14,12,6,3,1,0,1.2436,1.0659,0.533,0.2665,0.0888,0.0,5,0,2,0,0,0,3,0,4,0,1,0,67.58485048442866,,1,13.52,0.4441,0.0,0.1777,0.0,0.0,0.0,0.2665,0.0,0.3553,0.0,0.0888,0.0,6.0034,0.0888,0,0,11,0,0,1,,,,0.0,0.0,0.9771,0.0,0.0,0.0888,8,0,0,0,0,0,0,100.0,0.7106,0.0,0.0,0.0,0.0,0.0,0.0,42,31,2,2,4,1,12,8,6,3,0,0,3,2,2,2,12,8,3.7308,2.7537,0.1777,0.1777,0.3553,0.0888,1.0659,0.7106,0.533,0.2665,0.0,0.0,0.2665,0.1777,0.1777,0.1777,1.0659,0.7106,1013.2,11,900-1500,True,24.824,11.171,43.443,81.921,67.026,2.2051,0.9923,3.8589,7.2768,5.9538,0.859,0.597
3xckq9ri2ds7uh0cwihiwahux,F. Druijf,PEC Zwolle,251,162,76,85,1,13,7,139,95,99,60,167,109,71,43,13,10,14,9,55,17,1,0,5,1,0,0,64.54,64.29,30.91,53.85,68.35,60.61,65.27,60.56,76.92,0.0,20.0,,22.373,14.4399,6.7743,7.5765,0.0891,1.1588,0.6239,12.3898,8.4679,8.8244,5.3481,14.8856,9.7158,6.3286,3.8328,1.1588,0.8914,1.2479,0.8022,4.9024,1.5153,0.0891,0.0,0.4457,0.0891,0.0,0.0,15,15,14,112.93538220742832,2,0,1,17,15,1.0,1.337,1.337,1.2479,10.0665,0.1783,0.0,0.0891,1.5153,1.337,0.0891,-1.195,-1.403,6,1,1,0,5,1,16.67,0.5348,0.0891,0.0891,0.0,0.4457,0.0891,250,150,10,2,0.0,24,6,0,0,0,1,1,0.0,0,0,0,0,0,0,9,1,0.0,22.2838,13.3703,0.8914,0.1783,0.0,2.1392,0.5348,0.0,0.0,0.0,0.0891,0.0891,0.0,0.0,0.0,0.0,0.0,0.0,0.0,0.8022,0.0891,0.0,14,9,4,3,1,0,3,0,0,0,0,11,79,45,13,9,66,36,24,5,13,6,11,0,354,43,64.29,75.0,56.96,97,57,58.76,11,6,13,9,1.2479,0.8022,0.3565,0.2674,0.0891,0.0,0.2674,0.0,0.0,0.0,0.0,0.9805,7.0417,4.0111,1.1588,0.8022,5.8829,3.2089,2.1392,0.4457,1.1588,0.5348,0.9805,0.0,31.5539,3.8328,8.6461,5.0807,0.9805,0.5348,1.1588,0.8022,12,14,2,2,0,0,1.0696,1.2479,0.1783,0.1783,0.0,0.0,27,5,2,0,14,4,11,1,26,4,1,1,309.0912162639317,,7,11.45,2.4067,0.4457,0.1783,0.0,1.2479,0.3565,0.9805,0.0891,2.3175,0.3565,0.0891,0.0891,27.551,0.6239,0,0,0,0,0,0,,,,0.0,0.0,0.0,0.0,0.0,0.0,3,0,0,0,0,0,0,100.0,0.2674,0.0,0.0,0.0,0.0,0.0,0.0,8,7,6,4,8,19,3,1,0,0,1,4,13,14,7,3,3,1,0.7131,0.6239,0.5348,0.3565,0.7131,1.6936,0.2674,0.0891,0.0,0.0,0.0891,0.3565,1.1588,1.2479,0.6239,0.2674,0.2674,0.0891,1009.7,15,900-1500,True,3.926,0.0,10.797,77.544,23.558,0.3499,0.0,0.9624,6.9119,2.0999,-1.267,-1.353
6my743on19jmzmlq0crx3mq51,D. Warmerdam,Sparta Rotterdam,422,300,131,169,0,107,65,205,166,110,69,202,157,162,120,58,23,66,26,23,12,33,6,1,1,0,0,71.09,39.39,52.17,60.75,80.98,62.73,77.72,74.07,39.66,18.18,100.0,,38.5505,27.4056,11.9671,15.4385,0.0,9.7747,5.9379,18.7272,15.1644,10.0487,6.3033,18.4531,14.3423,14.799,10.9622,5.2984,2.1011,6.0292,2.3752,2.1011,1.0962,3.0146,0.5481,0.0914,0.0914,0.0,0.0,45,30,42,574.9526198384823,5,2,0,50,32,0.0,4.1108,2.7406,3.8368,52.5231,0.4568,0.1827,0.0,4.5676,2.9233,0.0,-0.018,-0.106,34,7,19,4,15,3,20.59,3.106,0.6395,1.7357,0.3654,1.3703,0.2741,276,31,7,0,0.0,17,2,1,0,0.0,3,0,0.0,0,0,0,0,0,0,3,0,0.0,25.2132,2.8319,0.6395,0.0,0.0,1.553,0.1827,0.0914,0.0,0.0,0.2741,0.0,0.0,0.0,0.0,0.0,0.0,0.0,0.0,0.2741,0.0,0.0,5,2,19,13,9,7,3,12,7,5,0,29,21,8,14,5,7,3,41,22,16,3,3,0,483,14,40.0,68.42,38.1,45,23,51.11,3,38,28,6,0.4568,0.1827,1.7357,1.1876,0.8222,0.6395,0.2741,1.0962,0.6395,0.4568,0.0,2.6492,1.9184,0.7308,1.2789,0.4568,0.6395,0.2741,3.7454,2.0097,1.4616,0.2741,0.2741,0.0,44.123,1.2789,4.1108,2.1011,0.2741,3.4714,2.5579,0.5481,5,8,1,1,0,0,0.4568,0.7308,0.0914,0.0914,0.0,0.0,4,0,4,0,0,0,0,0,3,0,1,0,63.4226419337761,,0,15.86,0.3654,0.0,0.3654,0.0,0.0,0.0,0.0,0.0,0.2741,0.0,0.0914,0.0,5.7938,0.0,11,2,11,0,0,55,,,18.18,1.0049,0.1827,1.0049,0.0,0.0,5.0244,1,0,0,0,0,0,0,100.0,0.0914,0.0,0.0,0.0,0.0,0.0,0.0,26,19,3,4,2,2,7,12,7,5,0,0,1,3,4,3,6,13,2.3752,1.7357,0.2741,0.3654,0.1827,0.1827,0.6395,1.0962,0.6395,0.4568,0.0,0.0,0.0914,0.2741,0.3654,0.2741,0.5481,1.1876,985.2,15,900-1500,True,17.931,11.325,27.369,19.819,38.694,1.638,1.0346,2.5002,1.8105,3.5348,0.209,0.68
1mroid71v9bwpx0iaospei9gq,R. Margaret,RKC Waalwijk,238,176,71,104,1,12,8,84,62,142,106,148,120,74,50,16,6,15,5,10,6,5,0,13,5,0,0,73.95,33.33,60.0,66.67,73.81,74.65,81.08,67.57,37.5,0.0,38.46,,21.7749,16.1025,6.4959,9.5151,0.0915,1.0979,0.7319,7.6853,5.6725,12.9918,9.6981,13.5407,10.979,6.7704,4.5746,1.4639,0.5489,1.3724,0.4575,0.9149,0.5489,0.4575,0.0,1.1894,0.4575,0.0,0.0,24,11,57,743.4059752710027,13,7,9,37,18,9.0,2.1958,1.0064,5.215,68.0152,1.1894,0.6404,0.8234,3.3852,1.6468,0.8234,-0.831,-0.609,18,5,11,3,7,2,27.78,1.6468,0.4575,1.0064,0.2745,0.6404,0.183,242,112,15,1,0.0,31,2,1,0,0.0,2,0,0.0,1,0,0.0,0,0,0,11,1,0.0,22.1409,10.247,1.3724,0.0915,0.0,2.8362,0.183,0.0915,0.0,0.0,0.183,0.0,0.0,0.0915,0.0,0.0,0.0,0.0,0.0,1.0064,0.0915,0.0,70,23,19,8,7,6,6,8,3,4,1,5,20,8,7,4,13,4,52,16,28,8,23,0,414,47,32.86,42.11,40.0,109,39,35.78,23,26,38,15,6.4044,2.1043,1.7383,0.7319,0.6404,0.5489,0.5489,0.7319,0.2745,0.366,0.0915,0.4575,1.8298,0.7319,0.6404,0.366,1.1894,0.366,4.7575,1.4639,2.5618,0.7319,2.1043,0.0,37.8774,4.3001,9.9726,3.5682,2.1043,2.3788,3.4767,1.3724,17,15,0,2,0,0,1.5554,1.3724,0.0,0.183,0.0,0.0,19,4,3,1,14,3,2,0,15,4,4,0,329.2342196274479,,5,17.33,1.7383,0.366,0.2745,0.0915,1.2809,0.2745,0.183,0.0,1.3724,0.366,0.366,0.0,30.1221,0.4575,4,4,0,0,0,3,,,100.0,0.366,0.366,0.0,0.0,0.0,0.2745,2,0,0,0,0,0,0,100.0,0.183,0.0,0.0,0.0,0.0,0.0,0.0,5,19,5,10,6,13,6,13,2,6,2,2,7,12,6,9,7,12,0.4575,1.7383,0.4575,0.9149,0.5489,1.1894,0.5489,1.1894,0.183,0.5489,0.183,0.183,0.6404,1.0979,0.5489,0.8234,0.6404,1.0979,983.7,24,900-1500,True,17.367,7.312,4.57,18.281,47.531,1.5889,0.669,0.4181,1.6726,4.3487,0.153,-0.038
8p47d0e54hgl7d86vur1m5nmx,M. Sagnan,FC Utrecht,466,384,257,127,0,218,166,231,206,17,12,142,120,248,224,76,40,75,32,35,17,1,0,0,0,0,0,82.4,42.67,48.57,76.15,89.18,70.59,84.51,90.32,52.63,0.0,,,43.1082,35.5227,23.7743,11.7484,0.0,20.1665,15.3562,21.3691,19.0564,1.5726,1.1101,13.136,11.1008,22.9417,20.7216,7.0305,3.7003,6.938,2.9602,3.2377,1.5726,0.0925,0.0,0.0,0.0,0.0,0.0,41,27,62,969.1969000369949,0,0,0,41,27,0.0,3.7928,2.4977,5.7354,89.6574,0.0,0.0,0.0,3.7928,2.4977,0.0,-0.153,-0.435,1,0,1,0,0,0,0.0,0.0925,0.0,0.0925,0.0,0.0,0.0,317,10,2,0,0.0,8,1,0,0,0,0,0,0,0,0,0,0,0,0,2,0,0.0,29.3247,0.9251,0.185,0.0,0.0,0.7401,0.0925,0.0,0.0,0.0,0.0,0.0,0.0,0.0,0.0,0.0,0.0,0.0,0.0,0.185,0.0,0.0,5,4,23,13,12,10,1,8,4,4,0,62,39,24,22,15,17,9,57,33,22,2,1,1,557,10,80.0,56.52,61.54,67,41,61.19,2,49,36,3,0.4625,0.37,2.1277,1.2026,1.1101,0.9251,0.0925,0.7401,0.37,0.37,0.0,5.7354,3.6078,2.2202,2.0352,1.3876,1.5726,0.8326,5.2729,3.0527,2.0352,0.185,0.0925,0.0925,51.5264,0.9251,6.198,3.7928,0.185,4.5328,3.3302,0.2775,8,2,8,1,0,0,0.7401,0.185,0.7401,0.0925,0.0,0.0,6,1,1,0,0,0,5,1,5,1,1,0,79.89442586993233,,1,13.32,0.555,0.0925,0.0925,0.0,0.0,0.0,0.4625,0.0925,0.4625,0.0925,0.0925,0.0,7.3908,0.0925,0,0,11,0,0,0,,,,0.0,0.0,1.0176,0.0,0.0,0.0,8,0,0,0,0,0,0,100.0,0.7401,0.0,0.0,0.0,0.0,0.0,0.0,24,17,0,2,1,5,13,10,3,5,1,0,3,3,2,0,12,11,2.2202,1.5726,0.0,0.185,0.0925,0.4625,1.2026,0.9251,0.2775,0.4625,0.0925,0.0,0.2775,0.2775,0.185,0.0,1.1101,1.0176,972.9,13,900-1500,True,22.24,7.736,59.951,37.711,55.116,2.0574,0.7156,5.5459,3.4885,5.0986,0.69,0.053
f59t4bsy21u3d4n319rd6rfqi,F. Krastev,PEC Zwolle,397,320,173,146,1,78,59,214,177,105,84,242,194,137,113,18,13,21,14,38,20,3,1,1,1,0,0,80.6,66.67,52.63,75.64,82.71,80.0,80.17,82.48,72.22,33.33,100.0,,36.8199,29.6785,16.0449,13.5408,0.0927,7.2341,5.472,19.8475,16.4159,9.7383,7.7906,22.4444,17.9926,12.7061,10.4802,1.6694,1.2057,1.9477,1.2984,3.5243,1.8549,0.2782,0.0927,0.0927,0.0927,0.0,0.0,46,35,73,860.4146668029384,14,8,5,60,43,5.0,4.2663,3.2461,6.7704,79.7994,1.2984,0.742,0.4637,5.5647,3.988,0.4637,0.048,0.318,4,2,4,2,0,0,50.0,0.371,0.1855,0.371,0.1855,0.0,0.0,297,54,11,1,0.0,24,2,0,0,0,1,0,0.0,0,0,0,0,0,0,10,1,0.0,27.5453,5.0082,1.0202,0.0927,0.0,2.2259,0.1855,0.0,0.0,0.0,0.0927,0.0,0.0,0.0,0.0,0.0,0.0,0.0,0.0,0.9275,0.0927,0.0,50,28,31,20,14,15,2,13,4,5,4,12,16,9,8,3,8,6,74,28,31,15,20,2,522,26,56.0,64.52,56.25,97,57,58.76,22,46,51,21,4.6373,2.5969,2.8751,1.8549,1.2984,1.3912,0.1855,1.2057,0.371,0.4637,0.371,1.1129,1.4839,0.8347,0.742,0.2782,0.742,0.5565,6.8631,2.5969,2.8751,1.3912,1.8549,0.1855,48.413,2.4114,8.9963,5.2865,2.0404,4.2663,4.73,1.9477,14,18,0,2,0,0,1.2984,1.6694,0.0,0.1855,0.0,0.0,12,2,2,1,10,1,0,0,7,2,5,0,217.87715398140259,,3,18.16,1.1129,0.1855,0.1855,0.0927,0.9275,0.0927,0.0,0.0,0.6492,0.1855,0.4637,0.0,20.2071,0.2782,1,0,6,0,0,6,,,0.0,0.0927,0.0,0.5565,0.0,0.0,0.5565,2,0,0,0,0,0,0,100.0,0.1855,0.0,0.0,0.0,0.0,0.0,0.0,22,24,3,8,4,8,16,15,7,6,2,0,10,2,7,4,18,13,2.0404,2.2259,0.2782,0.742,0.371,0.742,1.4839,1.3912,0.6492,0.5565,0.1855,0.0,0.9275,0.1855,0.6492,0.371,1.6694,1.2057,970.4,14,900-1500,True,30.429,12.76,11.779,15.705,72.636,2.8221,1.1834,1.0924,1.4566,6.7366,1.566,0.972
8zzjxnppg44txae0mcs6r1ega,Carlos Forbs,AFC Ajax,310,225,83,141,1,25,16,50,38,235,171,219,163,75,58,16,4,18,6,12,9,23,5,8,1,0,0,72.58,33.33,75.0,64.0,76.0,72.77,74.43,77.33,25.0,21.74,12.5,,28.7837,20.8914,7.7066,13.0919,0.0929,2.3213,1.4856,4.6425,3.5283,21.8199,15.8774,20.3343,15.1346,6.9638,5.3853,1.4856,0.3714,1.6713,0.5571,1.1142,0.8357,2.1356,0.4643,0.7428,0.0929,0.0,0.0,34,3,56,737.6521912011895,11,7,7,45,10,7.0,3.1569,0.2786,5.1996,68.4914,1.0214,0.65,0.65,4.1783,0.9285,0.65,-0.423,-0.271,31,6,23,5,8,1,19.35,2.8784,0.5571,2.1356,0.4643,0.7428,0.0929,247,51,15,2,0.0,29,3,1,0,0.0,4,0,0.0,0,0,0,0,0,0,10,2,0.0,22.9341,4.7354,1.3928,0.1857,0.0,2.6927,0.2786,0.0929,0.0,0.0,0.3714,0.0,0.0,0.0,0.0,0.0,0.0,0.0,0.0,0.9285,0.1857,0.0,49,19,19,12,8,7,4,2,0,2,0,7,8,0,2,0,6,0,37,16,10,11,12,0,445,61,38.78,63.16,0.0,76,31,40.79,12,24,19,15,4.5497,1.7642,1.7642,1.1142,0.7428,0.65,0.3714,0.1857,0.0,0.1857,0.0,0.65,0.7428,0.0,0.1857,0.0,0.5571,0.0,3.4355,1.4856,0.9285,1.0214,1.1142,0.0,41.3185,5.6639,7.0566,2.8784,1.1142,2.2284,1.7642,1.3928,6,9,0,0,0,0,0.5571,0.8357,0.0,0.0,0.0,0.0,19,2,15,1,4,1,0,0,16,2,3,0,281.45376218710726,,4,14.81,1.7642,0.1857,1.3928,0.0929,0.3714,0.0929,0.0,0.0,1.4856,0.1857,0.2786,0.0,26.1331,0.3714,3,2,0,0,0,8,,,66.67,0.2786,0.1857,0.0,0.0,0.0,0.7428,1,0,0,0,0,0,0,100.0,0.0929,0.0,0.0,0.0,0.0,0.0,0.0,16,18,7,8,3,16,8,11,2,0,1,1,5,14,5,10,8,11,1.4856,1.6713,0.65,0.7428,0.2786,1.4856,0.7428,1.0214,0.1857,0.0,0.0929,0.0929,0.4643,1.2999,0.4643,0.9285,0.7428,1.0214,969.3,21,900-1500,True,23.583,2.482,8.689,9.93,45.925,2.1897,0.2305,0.8068,0.922,4.2642,0.842,-0.9
aajft01g5yggw0is5fbfh3105,B. Nieuwkoop,Feyenoord Rotterdam,539,425,207,218,0,85,62,286,241,168,122,302,253,202,156,35,16,50,23,57,30,0,0,18,2,0,0,78.85,46.0,52.63,72.94,84.27,72.62,83.77,77.23,45.71,,11.11,,50.2174,39.5963,19.2857,20.3106,0.0,7.9193,5.7764,26.646,22.4534,15.6522,11.3665,28.1366,23.5714,18.8199,14.5342,3.2609,1.4907,4.6584,2.1429,5.3106,2.795,0.0,0.0,1.677,0.1863,0.0,0.0,58,43,67,857.299132572206,5,6,1,63,49,1.0,5.4037,4.0062,6.2422,79.8726,0.4658,0.559,0.0932,5.8696,4.5652,0.0932,0.531,0.447,18,2,0,0,18,2,11.11,1.677,0.1863,0.0,0.0,1.677,0.1863,337,28,12,1,0.0,20,3,4,1,0.0,1,0,0.0,1,0,0.0,0,0,0,6,0,0.0,31.3975,2.6087,1.118,0.0932,0.0,1.8634,0.2795,0.3727,0.0932,0.0,0.0932,0.0,0.0,0.0932,0.0,0.0,0.0,0.0,0.0,0.559,0.0,0.0,9,4,15,7,7,7,1,16,5,11,0,25,32,20,16,11,16,9,50,16,29,5,6,0,620,29,44.44,46.67,62.5,56,31,55.36,6,28,47,6,0.8385,0.3727,1.3975,0.6522,0.6522,0.6522,0.0932,1.4907,0.4658,1.0248,0.0,2.3292,2.9814,1.8634,1.4907,1.0248,1.4907,0.8385,4.6584,1.4907,2.7019,0.4658,0.559,0.0,57.764,2.7019,5.2174,2.8882,0.559,2.6087,4.3789,0.559,11,6,0,2,1,0,1.0248,0.559,0.0,0.1863,0.0932,0.0,10,1,1,0,8,1,1,0,8,1,2,0,136.07634719264516,,2,13.61,0.9317,0.0932,0.0932,0.0,0.7453,0.0932,0.0932,0.0,0.7453,0.0932,0.1863,0.0,12.6779,0.1863,0,0,6,0,0,76,,,,0.0,0.0,0.559,0.0,0.0,7.0807,2,0,0,0,0,0,0,100.0,0.1863,0.0,0.0,0.0,0.0,0.0,0.0,29,29,6,6,4,6,10,5,11,5,0,1,7,3,8,4,6,9,2.7019,2.7019,0.559,0.559,0.3727,0.559,0.9317,0.4658,1.0248,0.4658,0.0,0.0932,0.6522,0.2795,0.7453,0.3727,0.559,0.8385,966.0,21,900-1500,True,19.628,20.936,32.713,41.872,65.425,1.8287,1.9506,3.0478,3.9011,6.0955,0.428,2.48
174tz9lh744fhcxzabu00746h,L. Le Roux,FC Volendam,328,269,130,139,0,74,58,218,184,36,27,185,158,109,94,34,17,32,16,23,10,1,0,2,0,0,0,82.01,50.0,43.48,78.38,84.4,75.0,85.41,86.24,50.0,0.0,0.0,,30.6383,25.1271,12.1432,12.9839,0.0,6.9123,5.4177,20.3633,17.1873,3.3627,2.5221,17.2807,14.7587,10.1816,8.7805,3.1759,1.588,2.9891,1.4946,2.1484,0.9341,0.0934,0.0,0.1868,0.0,0.0,0.0,22,28,50,580.2332603846007,2,2,1,24,30,1.0,2.055,2.6155,4.6705,54.1993,0.1868,0.1868,0.0934,2.2418,2.8023,0.0934,-0.891,-1.094,3,0,3,0,0,0,0.0,0.2802,0.0,0.2802,0.0,0.0,0.0,240,20,1,0,0.0,6,0,0,0,0,0,0,0,0,0,0,0,0,0,1,0,0.0,22.4183,1.8682,0.0934,0.0,0.0,0.5605,0.0,0.0,0.0,0.0,0.0,0.0,0.0,0.0,0.0,0.0,0.0,0.0,0.0,0.0934,0.0,0.0,9,8,30,18,20,8,2,9,5,4,0,19,16,4,12,1,4,3,55,23,28,4,5,0,388,4,88.89,60.0,25.0,55,30,54.55,5,48,40,6,0.8407,0.7473,2.8023,1.6814,1.8682,0.7473,0.1868,0.8407,0.467,0.3736,0.0,1.7748,1.4946,0.3736,1.1209,0.0934,0.3736,0.2802,5.1375,2.1484,2.6155,0.3736,0.467,0.0,36.2429,0.3736,5.1375,2.8023,0.467,4.4837,3.7364,0.5605,17,4,0,3,0,0,1.588,0.3736,0.0,0.2802,0.0,0.0,3,1,1,1,2,0,0,0,1,1,2,0,61.85638929508966,,1,20.62,0.2802,0.0934,0.0934,0.0934,0.1868,0.0,0.0,0.0,0.0934,0.0934,0.1868,0.0,5.778,0.0934,0,0,2,0,0,2,,,,0.0,0.0,0.1868,0.0,0.0,0.1868,4,0,0,0,0,0,0,100.0,0.3736,0.0,0.0,0.0,0.0,0.0,0.0,9,13,0,1,1,2,12,18,3,6,1,0,1,2,1,0,5,25,0.8407,1.2143,0.0,0.0934,0.0934,0.1868,1.1209,1.6814,0.2802,0.5605,0.0934,0.0,0.0934,0.1868,0.0934,0.0,0.467,2.3352,963.5,14,900-1500,True,25.557,7.667,16.186,13.63,46.854,2.3873,0.7162,1.5119,1.2732,4.3766,1.068,0.054
247ipjjd0cak2sggwbuorx4yy,B. Pereira,Nijmegen Eendracht Combinatie,387,296,133,162,1,120,86,177,157,90,53,203,171,144,106,40,19,50,23,25,9,1,0,32,3,0,0,76.49,46.0,36.0,71.67,88.7,58.89,84.24,73.61,47.5,0.0,9.38,,36.8571,28.1905,12.6667,15.4286,0.0952,11.4286,8.1905,16.8571,14.9524,8.5714,5.0476,19.3333,16.2857,13.7143,10.0952,3.8095,1.8095,4.7619,2.1905,2.381,0.8571,0.0952,0.0,3.0476,0.2857,0.0,0.0,26,14,58,716.2108385157094,5,8,1,31,22,1.0,2.4762,1.3333,5.5238,68.2106,0.4762,0.7619,0.0952,2.9524,2.0952,0.0952,-0.712,-0.792,33,3,1,1,32,2,9.09,3.1429,0.2857,0.0952,0.0952,3.0476,0.1905,220,23,6,0,0.0,10,1,0,0,0,2,0,0.0,0,0,0,0,0,0,4,0,0.0,20.9524,2.1905,0.5714,0.0,0.0,0.9524,0.0952,0.0,0.0,0.0,0.1905,0.0,0.0,0.0,0.0,0.0,0.0,0.0,0.0,0.381,0.0,0.0,19,6,40,26,34,6,0,16,12,3,1,31,22,12,20,12,2,0,51,35,14,2,11,1,478,9,31.58,65.0,54.55,81,44,54.32,12,81,23,3,1.8095,0.5714,3.8095,2.4762,3.2381,0.5714,0.0,1.5238,1.1429,0.2857,0.0952,2.9524,2.0952,1.1429,1.9048,1.1429,0.1905,0.0,4.8571,3.3333,1.3333,0.1905,1.0476,0.0952,45.5238,0.8571,7.7143,4.1905,1.1429,7.7143,2.1905,0.2857,12,20,3,1,0,0,1.1429,1.9048,0.2857,0.0952,0.0,0.0,1,0,0,0,1,0,0,0,0,0,1,0,28.672855612931183,,0,28.67,0.0952,0.0,0.0,0.0,0.0952,0.0,0.0,0.0,0.0,0.0,0.0952,0.0,2.7307,0.0,0,0,9,0,0,73,,,,0.0,0.0,0.8571,0.0,0.0,6.9524,8,0,0,0,0,0,0,100.0,0.7619,0.0,0.0,0.0,0.0,0.0,0.0,13,13,2,4,1,0,19,21,6,10,0,0,1,0,4,2,18,22,1.2381,1.2381,0.1905,0.381,0.0952,0.0,1.8095,2.0,0.5714,0.9524,0.0,0.0,0.0952,0.0,0.381,0.1905,1.7143,2.0952,945.0,16,900-1500,True,38.7,15.48,29.993,21.285,49.343,3.6857,1.4743,2.8565,2.0271,4.6993,2.556,1.544
792zq4joba1qgt0lusvrjantg,L. Zeefuik,FC Volendam,148,81,32,49,0,5,2,89,50,54,29,81,47,59,28,8,6,9,5,54,13,0,0,3,0,0,0,54.73,55.56,24.07,40.0,56.18,53.7,58.02,47.46,75.0,,0.0,,14.1221,7.729,3.0534,4.6756,0.0,0.4771,0.1908,8.4924,4.771,5.1527,2.7672,7.729,4.4847,5.6298,2.6718,0.7634,0.5725,0.8588,0.4771,5.1527,1.2405,0.0,0.0,0.2863,0.0,0.0,0.0,11,11,22,286.1014283560719,5,5,1,16,16,1.0,1.0496,1.0496,2.0992,27.2998,0.4771,0.4771,0.0954,1.5267,1.5267,0.0954,-1.317,-1.398,3,0,0,0,3,0,0.0,0.2863,0.0,0.0,0.0,0.2863,0.0,163,109,6,2,0.0,14,4,0,0,0,0,0,0,2,2,0.0,0,0,0,4,0,0.0,15.5534,10.4008,0.5725,0.1908,0.0,1.3359,0.3817,0.0,0.0,0.0,0.0,0.0,0.0,0.1908,0.1908,0.0,0.0,0.0,0.0,0.3817,0.0,0.0,39,19,7,4,1,5,1,1,0,1,0,11,69,38,7,2,62,36,28,6,17,5,22,0,276,34,48.72,57.14,55.07,115,61,53.04,22,7,23,6,3.7214,1.813,0.6679,0.3817,0.0954,0.4771,0.0954,0.0954,0.0,0.0954,0.0,1.0496,6.584,3.626,0.6679,0.1908,5.916,3.4351,2.6718,0.5725,1.6221,0.4771,2.0992,0.0,26.3359,3.2443,10.9733,5.8206,2.0992,0.6679,2.1947,0.5725,16,11,0,3,0,0,1.5267,1.0496,0.0,0.2863,0.0,0.0,22,3,1,0,15,2,6,1,12,3,10,0,386.7923979201393,,5,17.58,2.0992,0.2863,0.0954,0.0,1.4313,0.1908,0.5725,0.0954,1.145,0.2863,0.9542,0.0,36.9077,0.4771,0,0,1,0,0,0,,,,0.0,0.0,0.0954,0.0,0.0,0.0,0,0,0,0,0,0,0,,0.0,0.0,0.0,0.0,0.0,0.0,0.0,5,6,1,5,8,14,4,3,0,1,0,3,9,13,1,5,2,5,0.4771,0.5725,0.0954,0.4771,0.7634,1.3359,0.3817,0.2863,0.0,0.0954,0.0,0.2863,0.8588,1.2405,0.0954,0.4771,0.1908,0.4771,943.2,22,900-1500,True,5.963,0.852,9.371,58.78,23.853,0.569,0.0813,0.8942,5.6088,2.276,-1.016,-1.193
e9u7cmvaem5p7x9px3yq9f179,B. Sosa,AFC Ajax,630,504,214,288,2,149,121,292,252,189,131,297,258,257,207,76,39,87,49,40,23,54,14,3,1,0,0,80.0,56.32,57.5,81.21,86.3,69.31,86.87,80.54,51.32,25.93,33.33,,60.4542,48.3634,20.5352,27.6362,0.1919,14.2979,11.611,28.02,24.1817,18.1363,12.5706,28.4998,24.7574,24.6615,19.8635,7.2929,3.7424,8.3484,4.702,3.8384,2.2071,5.1818,1.3434,0.2879,0.096,0.0,0.0,84,48,77,1037.184756336689,6,2,0,90,50,0.0,8.0606,4.606,7.3888,99.5273,0.5758,0.1919,0.0,8.6363,4.798,0.0,1.659,1.623,57,15,56,15,1,0,26.32,5.4697,1.4394,5.3737,1.4394,0.096,0.0,430,22,17,4,0.0,27,5,1,1,0.0,9,1,0.0,0,0,0,0,0,0,7,2,0.0,41.2624,2.1111,1.6313,0.3838,0.0,2.5909,0.4798,0.096,0.096,0.0,0.8636,0.096,0.0,0.0,0.0,0.0,0.0,0.0,0.0,0.6717,0.1919,0.0,22,12,22,14,13,6,3,16,10,6,0,19,16,9,14,9,2,0,45,25,17,3,3,0,694,9,54.55,63.64,56.25,60,35,58.33,3,48,29,6,2.1111,1.1515,2.1111,1.3434,1.2475,0.5758,0.2879,1.5353,0.9596,0.5758,0.0,1.8232,1.5353,0.8636,1.3434,0.8636,0.1919,0.0,4.3182,2.399,1.6313,0.2879,0.2879,0.0,66.5956,0.8636,5.7575,3.3586,0.2879,4.606,2.7828,0.5758,4,4,0,1,0,0,0.3838,0.3838,0.0,0.096,0.0,0.0,4,0,4,0,0,0,0,0,1,0,3,0,94.61254974661108,,4,23.65,0.3838,0.0,0.3838,0.0,0.0,0.0,0.0,0.0,0.096,0.0,0.2879,0.0,9.0789,0.3838,4,4,9,0,0,75,,,100.0,0.3838,0.3838,0.8636,0.0,0.0,7.1969,3,0,0,0,0,0,0,100.0,0.2879,0.0,0.0,0.0,0.0,0.0,0.0,39,45,9,8,2,2,10,12,9,7,0,0,2,2,8,9,8,14,3.7424,4.3182,0.8636,0.7677,0.1919,0.1919,0.9596,1.1515,0.8636,0.6717,0.0,0.0,0.1919,0.1919,0.7677,0.8636,0.7677,1.3434,937.9,16,900-1500,True,27.307,19.86,23.583,19.86,55.855,2.6204,1.9057,2.263,1.9057,5.3598,1.335,2.392
dwyl0yii553i57u7azfa7d15g,A. Hadj Moussa,SBV Vitesse,419,271,117,154,0,26,17,162,129,231,125,198,143,127,90,94,38,86,35,13,3,78,17,15,2,0,0,64.68,40.7,23.08,65.38,79.63,54.11,72.22,70.87,40.43,21.79,13.33,,40.3359,26.0884,11.2632,14.8251,0.0,2.5029,1.6365,15.5953,12.4184,22.2377,12.0334,19.0609,13.7662,12.2259,8.664,9.0491,3.6581,8.279,3.3693,1.2515,0.2888,7.5088,1.6365,1.444,0.1925,0.0,0.0,58,37,61,689.1852348228814,6,4,5,64,41,5.0,5.5835,3.5619,5.8723,66.3458,0.5776,0.3851,0.4813,6.1611,3.9469,0.4813,0.607,0.571,93,19,7,2,86,17,20.43,8.9528,1.8291,0.6739,0.1925,8.279,1.6365,287,30,25,2,0.0,48,2,0,0,0,12,2,0.0,0,0,0,2,0,0.0,11,0,0.0,27.6286,2.888,2.4067,0.1925,0.0,4.6208,0.1925,0.0,0.0,0.0,1.1552,0.1925,0.0,0.0,0.0,0.0,0.1925,0.0,0.0,1.0589,0.0,0.0,85,30,6,3,2,3,1,2,0,2,0,5,11,3,7,1,4,2,30,13,12,5,14,0,588,75,35.29,50.0,27.27,102,36,35.29,14,15,17,6,8.1827,2.888,0.5776,0.2888,0.1925,0.2888,0.0963,0.1925,0.0,0.1925,0.0,0.4813,1.0589,0.2888,0.6739,0.0963,0.3851,0.1925,2.888,1.2515,1.1552,0.4813,1.3477,0.0,56.605,7.22,9.8192,3.4656,1.3477,1.444,1.6365,0.5776,10,12,0,3,0,0,0.9627,1.1552,0.0,0.2888,0.0,0.0,34,1,29,1,4,0,1,0,23,1,11,0,633.0699941251847,,3,18.62,3.2731,0.0963,2.7917,0.0963,0.3851,0.0,0.0963,0.0,2.2141,0.0963,1.0589,0.0,60.9437,0.2888,47,12,14,0,0,12,,,25.53,4.5245,1.1552,1.3477,0.0,0.0,1.1552,0,0,0,0,0,0,0,,0.0,0.0,0.0,0.0,0.0,0.0,0.0,25,33,11,14,13,21,1,5,1,1,1,0,23,11,15,10,3,3,2.4067,3.1768,1.0589,1.3477,1.2515,2.0216,0.0963,0.4813,0.0963,0.0963,0.0963,0.0,2.2141,1.0589,1.444,0.9627,0.2888,0.2888,934.9,14,900-1500,True,6.05,2.017,5.042,11.091,30.249,0.5824,0.1942,0.4854,1.0677,2.912,-1.001,-0.971
ad4wk3pirfydouf5exiz5m4fd,K. Belić,Alkmaar Zaanstreek,529,450,229,219,2,92,75,348,309,89,66,268,223,203,189,58,38,55,35,30,18,0,0,1,0,0,0,85.07,63.64,60.0,81.52,88.79,74.16,83.21,93.1,65.52,,0.0,,51.0454,43.4223,22.0971,21.1322,0.193,8.8775,7.2371,33.5799,29.8167,8.588,6.3686,25.8604,21.5182,19.5883,18.2374,5.5967,3.6668,5.3072,3.3773,2.8948,1.7369,0.0,0.0,0.0965,0.0,0.0,0.0,39,47,90,1057.5987968025545,13,6,1,52,53,1.0,3.7633,4.5352,8.6845,102.052,1.2544,0.579,0.0965,5.0177,5.1142,0.0965,-0.165,0.085,1,0,0,0,1,0,0.0,0.0965,0.0,0.0,0.0,0.0965,0.0,402,33,6,1,0.0,16,2,0,0,0,0,0,0,1,0,0.0,0,0,0,5,1,0.0,38.7906,3.1843,0.579,0.0965,0.0,1.5439,0.193,0.0,0.0,0.0,0.0,0.0,0.0,0.0965,0.0,0.0,0.0,0.0,0.0,0.4825,0.0965,0.0,30,14,41,28,17,22,2,18,6,10,2,16,44,17,27,11,17,6,78,22,49,7,10,0,647,14,46.67,68.29,38.64,115,59,51.3,10,45,81,11,2.8948,1.3509,3.9563,2.7018,1.6404,2.1229,0.193,1.7369,0.579,0.9649,0.193,1.5439,4.2457,1.6404,2.6053,1.0614,1.6404,0.579,7.5265,2.1229,4.7282,0.6755,0.9649,0.0,62.4317,1.3509,11.0968,5.6931,0.9649,4.3422,7.816,1.0614,20,13,0,6,0,0,1.9299,1.2544,0.0,0.579,0.0,0.0,15,0,1,0,10,0,4,0,9,0,6,0,265.77101819127313,,1,17.72,1.4474,0.0,0.0965,0.0,0.9649,0.0,0.386,0.0,0.8684,0.0,0.579,0.0,25.6453,0.0965,0,0,7,0,0,0,,,,0.0,0.0,0.6755,0.0,0.0,0.0,5,0,0,0,0,0,0,100.0,0.4825,0.0,0.0,0.0,0.0,0.0,0.0,29,10,5,1,7,8,27,14,9,9,0,0,7,8,2,4,13,28,2.7983,0.9649,0.4825,0.0965,0.6755,0.772,2.6053,1.3509,0.8684,0.8684,0.0,0.0,0.6755,0.772,0.193,0.386,1.2544,2.7018,932.7,14,900-1500,True,44.99,19.752,17.557,48.282,85.59,4.3413,1.906,1.6941,4.6589,8.2589,3.308,2.392
asn8og4yn5gj4it0qe6vulhat,A. Vellios,PEC Zwolle,202,98,34,64,0,9,7,123,59,70,32,124,68,70,29,8,1,4,1,110,31,0,0,2,0,0,0,48.51,25.0,28.18,77.78,47.97,45.71,54.84,41.43,12.5,,0.0,,19.6032,9.5105,3.2995,6.2109,0.0,0.8734,0.6793,11.9366,5.7257,6.7932,3.1055,12.0336,6.5991,6.7932,2.8143,0.7764,0.097,0.3882,0.097,10.675,3.0084,0.0,0.0,0.1941,0.0,0.0,0.0,9,10,12,172.59101241254422,3,3,0,12,13,0.0,0.8734,0.9705,1.1645,16.7492,0.2911,0.2911,0.0,1.1645,1.2616,0.0,-1.392,-1.552,2,0,0,0,2,0,0.0,0.1941,0.0,0.0,0.0,0.1941,0.0,201,145,6,0,0.0,12,1,0,0,0,0,0,0,1,0,0.0,0,0,0,5,0,0.0,19.5061,14.0716,0.5823,0.0,0.0,1.1645,0.097,0.0,0.0,0.0,0.0,0.0,0.0,0.097,0.0,0.0,0.0,0.0,0.0,0.4852,0.0,0.0,5,3,2,2,0,1,1,0,0,0,0,19,127,62,16,10,111,52,13,3,7,3,8,0,299,43,60.0,100.0,48.82,134,67,50.0,8,3,8,4,0.4852,0.2911,0.1941,0.1941,0.0,0.097,0.097,0.0,0.0,0.0,0.0,1.8439,12.3248,6.0168,1.5527,0.9705,10.7721,5.0464,1.2616,0.2911,0.6793,0.2911,0.7764,0.0,29.0166,4.173,13.0041,6.502,0.7764,0.2911,0.7764,0.3882,20,4,0,4,0,0,1.9409,0.3882,0.0,0.3882,0.0,0.0,24,3,1,0,16,2,7,1,24,3,0,0,261.79421933496116,,3,10.91,2.3291,0.2911,0.097,0.0,1.5527,0.1941,0.6793,0.097,2.3291,0.2911,0.0,0.0,25.406,0.2911,0,0,0,0,0,0,,,,0.0,0.0,0.0,0.0,0.0,0.0,0,0,0,0,0,0,0,,0.0,0.0,0.0,0.0,0.0,0.0,0.0,2,7,1,5,4,20,1,1,0,0,0,3,14,10,4,2,2,0,0.1941,0.6793,0.097,0.4852,0.3882,1.9409,0.097,0.097,0.0,0.0,0.0,0.2911,1.3586,0.9705,0.3882,0.1941,0.1941,0.0,927.4,27,900-1500,True,1.963,0.0,18.65,124.659,12.76,0.1905,0.0,1.8099,12.0976,1.2383,-1.45,-1.353
c6ip6gwp8yvchd1n3dv42go9,Mauro Júnior,PSV Eindhoven,685,593,246,343,4,111,91,359,324,215,178,398,345,238,211,49,37,53,34,33,14,20,7,0,0,0,0,86.57,64.15,42.42,81.98,90.25,82.79,86.68,88.66,75.51,35.0,,,66.5336,57.5977,23.8938,33.3153,0.3885,10.7814,8.8388,34.8694,31.4699,20.8828,17.289,38.6575,33.5096,23.1168,20.4943,4.7593,3.5938,5.1479,3.3024,3.2053,1.3598,1.9426,0.6799,0.0,0.0,0.0,0.0,34,43,118,1651.1684829476274,12,7,3,46,50,3.0,3.3024,4.1766,11.4613,160.3768,1.1656,0.6799,0.2914,4.4679,4.8565,0.2914,-0.361,-0.148,20,7,15,5,5,2,35.0,1.9426,0.6799,1.4569,0.4856,0.4856,0.1943,512,54,11,0,0.0,24,1,0,0,0,4,0,0.0,0,0,0,0,0,0,7,0,0.0,49.7302,5.245,1.0684,0.0,0.0,2.3311,0.0971,0.0,0.0,0.0,0.3885,0.0,0.0,0.0,0.0,0.0,0.0,0.0,0.0,0.6799,0.0,0.0,22,10,18,12,8,7,3,7,5,2,0,17,21,11,11,6,10,5,51,23,27,1,6,0,777,16,45.45,66.67,52.38,61,33,54.1,6,36,36,4,2.1368,0.9713,1.7483,1.1656,0.777,0.6799,0.2914,0.6799,0.4856,0.1943,0.0,1.6512,2.0397,1.0684,1.0684,0.5828,0.9713,0.4856,4.9536,2.234,2.6225,0.0971,0.5828,0.0,75.4695,1.5541,5.9249,3.2053,0.5828,3.4967,3.4967,0.3885,4,8,2,0,0,0,0.3885,0.777,0.1943,0.0,0.0,0.0,9,1,6,1,2,0,1,0,2,0,7,1,189.85628456097666,,1,21.1,0.8742,0.0971,0.5828,0.0971,0.1943,0.0,0.0971,0.0,0.1943,0.0,0.6799,0.0971,18.4406,0.0971,2,1,8,0,0,24,,,50.0,0.1943,0.0971,0.777,0.0,0.0,2.3311,2,0,0,0,0,0,0,100.0,0.1943,0.0,0.0,0.0,0.0,0.0,0.0,12,22,4,7,4,5,9,9,6,1,0,1,5,4,5,6,5,13,1.1656,2.1368,0.3885,0.6799,0.3885,0.4856,0.8742,0.8742,0.5828,0.0971,0.0,0.0971,0.4856,0.3885,0.4856,0.5828,0.4856,1.2627,926.6,16,900-1500,True,25.231,9.812,23.829,29.436,71.488,2.4507,0.953,2.3145,2.8591,6.9436,1.141,0.52
a21sngx9u0boxf3n6u5qbkdlh,C. Eiting,FC Twente,543,389,230,159,0,75,52,275,222,193,115,275,222,199,141,69,26,58,22,25,13,58,12,6,2,0,0,71.64,37.93,52.0,69.33,80.73,59.59,80.73,70.85,37.68,20.69,33.33,,52.7754,37.8078,22.3542,15.4536,0.0,7.2894,5.054,26.7279,21.5767,18.7581,11.1771,26.7279,21.5767,19.3413,13.7041,6.7063,2.527,5.6371,2.1382,2.4298,1.2635,5.6371,1.1663,0.5832,0.1944,0.0,0.0,70,60,75,904.9524791453907,18,11,5,88,71,5.0,6.8035,5.8315,7.2894,87.9543,1.7495,1.0691,0.486,8.5529,6.9006,0.486,1.125,1.588,64,14,23,4,41,10,21.88,6.2203,1.3607,2.2354,0.3888,3.9849,0.9719,367,46,22,3,0.0,32,4,0,0,0,10,3,0.0,0,0,0,0,0,0,12,0,0.0,35.6695,4.4708,2.1382,0.2916,0.0,3.1102,0.3888,0.0,0.0,0.0,0.9719,0.2916,0.0,0.0,0.0,0.0,0.0,0.0,0.0,1.1663,0.0,0.0,13,5,21,9,7,11,3,8,1,5,2,20,12,3,9,3,3,0,57,17,35,5,4,0,613,17,38.46,42.86,25.0,46,17,36.96,4,25,51,10,1.2635,0.486,2.041,0.8747,0.6803,1.0691,0.2916,0.7775,0.0972,0.486,0.1944,1.9438,1.1663,0.2916,0.8747,0.2916,0.2916,0.0,5.54,1.6523,3.4017,0.486,0.3888,0.0,59.5788,1.6523,4.4708,1.6523,0.3888,2.4298,4.9568,0.9719,7,6,0,2,0,0,0.6803,0.5832,0.0,0.1944,0.0,0.0,6,0,5,0,1,0,0,0,3,0,3,0,156.46981709724085,,3,26.08,0.5832,0.0,0.486,0.0,0.0972,0.0,0.0,0.0,0.2916,0.0,0.2916,0.0,15.2076,0.2916,45,14,26,0,0,0,,,31.11,4.3737,1.3607,2.527,0.0,0.0,0.0,1,0,0,0,0,0,0,100.0,0.0972,0.0,0.0,0.0,0.0,0.0,0.0,24,46,9,13,2,4,6,15,4,4,0,0,3,3,15,7,9,12,2.3326,4.4708,0.8747,1.2635,0.1944,0.3888,0.5832,1.4579,0.3888,0.3888,0.0,0.0,0.2916,0.2916,1.4579,0.6803,0.8747,1.1663,926.0,23,900-1500,True,23.932,9.117,22.792,13.675,64.957,2.326,0.8861,2.2152,1.3291,6.3133,0.998,0.388
6bklt91zc5vietmdc8r31zl2i,D. Payne,FC Volendam,353,261,128,132,1,104,68,166,131,83,62,183,138,135,104,35,19,52,26,34,11,1,1,10,3,0,0,73.94,50.0,32.35,65.38,78.92,74.7,75.41,77.04,54.29,100.0,30.0,,34.3237,25.3781,12.446,12.8349,0.0972,10.1124,6.6119,16.1409,12.7377,8.0704,6.0285,17.7939,13.4183,13.1266,10.1124,3.4032,1.8475,5.0562,2.5281,3.306,1.0696,0.0972,0.0972,0.9723,0.2917,0.0,0.0,36,18,31,408.59504923267974,6,1,1,42,19,1.0,3.5004,1.7502,3.0143,39.7294,0.5834,0.0972,0.0972,4.0838,1.8475,0.0972,-0.277,-0.312,11,4,0,0,11,4,36.36,1.0696,0.3889,0.0,0.0,1.0696,0.3889,196,35,8,0,0.0,16,1,1,0,0.0,4,0,0.0,0,0,0,0,0,0,3,0,0.0,19.0579,3.4032,0.7779,0.0,0.0,1.5557,0.0972,0.0972,0.0,0.0,0.3889,0.0,0.0,0.0,0.0,0.0,0.0,0.0,0.0,0.2917,0.0,0.0,19,3,33,20,19,13,1,16,11,5,0,34,31,18,17,9,14,9,43,27,15,1,5,0,450,11,15.79,60.61,58.06,83,41,49.4,5,57,33,2,1.8475,0.2917,3.2087,1.9447,1.8475,1.264,0.0972,1.5557,1.0696,0.4862,0.0,3.306,3.0143,1.7502,1.653,0.8751,1.3613,0.8751,4.1811,2.6253,1.4585,0.0972,0.4862,0.0,43.7554,1.0696,8.0704,3.9866,0.4862,5.5424,3.2087,0.1945,11,6,2,2,0,0,1.0696,0.5834,0.1945,0.1945,0.0,0.0,2,0,0,0,0,0,2,0,2,0,0,0,18.42107702737882,,0,9.21,0.1945,0.0,0.0,0.0,0.0,0.0,0.1945,0.0,0.1945,0.0,0.0,0.0,1.7912,0.0,0,0,1,0,0,69,,,,0.0,0.0,0.0972,0.0,0.0,6.7092,3,0,0,0,0,0,0,100.0,0.2917,0.0,0.0,0.0,0.0,0.0,0.0,14,22,6,2,0,2,18,15,10,6,0,0,1,1,3,5,15,18,1.3613,2.1392,0.5834,0.1945,0.0,0.1945,1.7502,1.4585,0.9723,0.5834,0.0,0.0,0.0972,0.0972,0.2917,0.4862,1.4585,1.7502,925.6,15,900-1500,True,28.112,13.63,28.964,26.408,36.631,2.7334,1.3253,2.8163,2.5678,3.5618,1.465,1.251
elakgkn99i1aig691q1hl8ay2,S. Mannsverk,AFC Ajax,620,557,284,271,2,128,112,371,338,121,107,343,313,231,213,46,31,40,27,44,24,1,0,1,0,0,0,89.84,67.5,54.55,87.5,91.11,88.43,91.25,92.21,67.39,0.0,0.0,,60.3308,54.2005,27.6354,26.3704,0.1946,12.4554,10.8985,36.1012,32.89,11.7742,10.4119,33.3766,30.4573,22.4781,20.7266,4.4762,3.0165,3.8923,2.6273,4.2815,2.3354,0.0973,0.0,0.0973,0.0,0.0,0.0,54,52,98,1215.4479122892774,10,9,0,64,61,0.0,5.2546,5.06,9.5362,118.2726,0.9731,0.8758,0.0,6.2277,5.9358,0.0,0.468,0.6,2,0,1,0,1,0,0.0,0.1946,0.0,0.0973,0.0,0.0973,0.0,488,23,7,0,0.0,21,2,0,0,0,0,0,0,1,0,0.0,0,0,0,6,0,0.0,47.4862,2.2381,0.6812,0.0,0.0,2.0435,0.1946,0.0,0.0,0.0,0.0,0.0,0.0,0.0973,0.0,0.0,0.0,0.0,0.0,0.5838,0.0,0.0,13,7,11,7,5,5,1,9,3,6,0,17,34,18,25,13,9,5,44,16,25,3,7,0,689,6,53.85,63.64,52.94,58,32,55.17,7,24,36,4,1.265,0.6812,1.0704,0.6812,0.4865,0.4865,0.0973,0.8758,0.2919,0.5838,0.0,1.6542,3.3085,1.7515,2.4327,1.265,0.8758,0.4865,4.2815,1.5569,2.4327,0.2919,0.6812,0.0,67.0451,0.5838,5.6439,3.1139,0.6812,2.3354,3.5031,0.3892,12,9,3,4,0,0,1.1677,0.8758,0.2919,0.3892,0.0,0.0,7,0,2,0,5,0,0,0,2,0,5,0,157.179901735303,,0,22.45,0.6812,0.0,0.1946,0.0,0.4865,0.0,0.0,0.0,0.1946,0.0,0.4865,0.0,15.2948,0.0,0,0,7,0,0,4,,,,0.0,0.0,0.6812,0.0,0.0,0.3892,4,0,0,0,0,0,0,100.0,0.3892,0.0,0.0,0.0,0.0,0.0,0.0,31,23,2,5,3,4,5,6,6,3,0,0,5,2,2,5,4,7,3.0165,2.2381,0.1946,0.4865,0.2919,0.3892,0.4865,0.5838,0.5838,0.2919,0.0,0.0,0.4865,0.1946,0.1946,0.4865,0.3892,0.6812,924.9,13,900-1500,True,13.653,11.171,21.101,42.202,54.614,1.3285,1.087,2.0533,4.1066,5.3144,-0.145,0.783
36q7nfs7t68aeg3z54rnr31pm,M. Azarkan,FC Utrecht,359,246,114,130,2,33,24,132,101,194,121,200,151,110,73,49,22,47,20,24,13,47,13,9,3,0,0,68.52,42.55,54.17,72.73,76.52,62.37,75.5,66.36,44.9,27.66,33.33,,36.0522,24.7043,11.4483,13.0551,0.2008,3.314,2.4102,13.256,10.1428,19.4823,12.1513,20.0848,15.164,11.0466,7.331,4.9208,2.2093,4.7199,2.0085,2.4102,1.3055,4.7199,1.3055,0.9038,0.3013,0.0,0.0,53,20,38,531.4632648318692,12,5,6,65,25,6.0,5.3225,2.0085,3.8161,53.3717,1.2051,0.5021,0.6025,6.5276,2.5106,0.6025,0.496,0.727,56,16,10,2,46,14,28.57,5.6237,1.6068,1.0042,0.2008,4.6195,1.4059,255,58,16,1,0.0,30,4,0,0,0,8,0,0.0,0,0,0,1,0,0.0,7,1,0.0,25.6081,5.8246,1.6068,0.1004,0.0,3.0127,0.4017,0.0,0.0,0.0,0.8034,0.0,0.0,0.0,0.0,0.0,0.1004,0.0,0.0,0.703,0.1004,0.0,30,16,20,13,9,5,6,6,2,2,2,10,26,9,11,3,15,6,50,19,18,13,17,0,439,26,53.33,65.0,34.62,76,38,50.0,17,30,25,21,3.0127,1.6068,2.0085,1.3055,0.9038,0.5021,0.6025,0.6025,0.2008,0.2008,0.2008,1.0042,2.611,0.9038,1.1047,0.3013,1.5064,0.6025,5.0212,1.9081,1.8076,1.3055,1.7072,0.0,44.0861,2.611,7.6322,3.8161,1.7072,3.0127,2.5106,2.1089,11,29,0,3,0,0,1.1047,2.9123,0.0,0.3013,0.0,0.0,4,0,3,0,0,0,1,0,2,0,2,0,78.8944463531314,,1,19.72,0.4017,0.0,0.3013,0.0,0.0,0.0,0.1004,0.0,0.2008,0.0,0.2008,0.0,7.9229,0.1004,13,7,10,0,0,10,,,53.85,1.3055,0.703,1.0042,0.0,0.0,1.0042,0,0,0,0,0,0,0,,0.0,0.0,0.0,0.0,0.0,0.0,0.0,15,38,4,12,1,3,7,13,4,2,0,0,2,2,10,6,14,6,1.5064,3.8161,0.4017,1.2051,0.1004,0.3013,0.703,1.3055,0.4017,0.2008,0.0,0.0,0.2008,0.2008,1.0042,0.6025,1.4059,0.6025,896.2,19,450-900,True,19.339,5.802,9.669,25.141,48.347,1.9421,0.5827,0.971,2.5248,4.8552,0.558,-0.208
5cvstzkb7l1zxapx0dt4zjkoa,K. Felida,RKC Waalwijk,295,238,127,109,2,75,57,178,149,42,32,142,118,126,103,27,17,37,17,18,10,1,0,2,1,0,0,80.68,45.95,55.56,76.0,83.71,76.19,83.1,81.75,62.96,0.0,50.0,,30.1055,24.2885,12.9607,11.1237,0.2041,7.6539,5.817,18.1653,15.2058,4.2862,3.2657,14.4914,12.0422,12.8586,10.5114,2.7554,1.7349,3.7759,1.7349,1.8369,1.0205,0.1021,0.0,0.2041,0.1021,0.0,0.0,15,18,28,453.0660590436274,3,1,0,18,19,0.0,1.5308,1.8369,2.8575,46.2365,0.3062,0.1021,0.0,1.8369,1.939,0.0,-1.113,-1.267,3,1,1,0,2,1,33.33,0.3062,0.1021,0.1021,0.0,0.2041,0.1021,174,10,6,0,0.0,14,2,0,0,0,1,0,0.0,1,0,0.0,0,0,0,4,0,0.0,17.7571,1.0205,0.6123,0.0,0.0,1.4287,0.2041,0.0,0.0,0.0,0.1021,0.0,0.0,0.1021,0.0,0.0,0.0,0.0,0.0,0.4082,0.0,0.0,6,4,27,22,18,8,1,10,6,4,0,16,17,10,10,4,7,6,66,35,31,0,9,0,348,0,66.67,81.48,58.82,50,36,72.0,9,59,43,1,0.6123,0.4082,2.7554,2.2452,1.8369,0.8164,0.1021,1.0205,0.6123,0.4082,0.0,1.6328,1.7349,1.0205,1.0205,0.4082,0.7144,0.6123,6.7355,3.5718,3.1636,0.0,0.9185,0.0,35.5142,0.0,5.1026,3.6739,0.9185,6.0211,4.3883,0.1021,10,10,1,2,0,0,1.0205,1.0205,0.1021,0.2041,0.0,0.0,5,1,0,0,5,1,0,0,0,0,5,1,134.99921557933388,,1,27.0,0.5103,0.1021,0.0,0.0,0.5103,0.1021,0.0,0.0,0.0,0.0,0.5103,0.1021,13.777,0.1021,0,0,3,0,0,0,,,,0.0,0.0,0.3062,0.0,0.0,0.0,3,0,0,0,0,0,0,100.0,0.3062,0.0,0.0,0.0,0.0,0.0,0.0,4,11,2,4,3,2,13,14,6,4,1,0,3,2,3,3,9,18,0.4082,1.1226,0.2041,0.4082,0.3062,0.2041,1.3267,1.4287,0.6123,0.4082,0.1021,0.0,0.3062,0.2041,0.3062,0.3062,0.9185,1.8369,881.9,17,450-900,True,24.68,9.141,14.625,15.539,60.328,2.5187,0.9329,1.4925,1.5858,6.1566,1.219,0.48
1s7vp9ovsa1jo7tu7nisykn9x,M. van der Maarel,FC Utrecht,432,343,228,115,0,134,102,254,212,44,29,176,146,206,170,50,27,70,34,18,7,1,1,7,3,0,0,79.4,48.57,38.89,76.12,83.46,65.91,82.95,82.52,54.0,100.0,42.86,,45.4259,36.0673,23.9748,12.0925,0.0,14.0904,10.7256,26.7087,22.2923,4.6267,3.0494,18.5068,15.3523,21.6614,17.8759,5.2576,2.8391,7.3607,3.5752,1.8927,0.7361,0.1052,0.1052,0.7361,0.3155,0.0,0.0,57,36,66,1047.1946321027413,1,0,1,58,36,1.0,5.9937,3.7855,6.9401,110.1151,0.1052,0.0,0.1052,6.0988,3.7855,0.1052,0.781,0.545,8,4,1,1,7,3,50.0,0.8412,0.4206,0.1052,0.1052,0.7361,0.3155,254,8,6,1,0.0,15,2,0,0,0,2,1,0.0,0,0,0,0,0,0,4,0,0.0,26.7087,0.8412,0.6309,0.1052,0.0,1.5773,0.2103,0.0,0.0,0.0,0.2103,0.1052,0.0,0.0,0.0,0.0,0.0,0.0,0.0,0.4206,0.0,0.0,1,1,13,5,8,3,2,7,1,5,1,31,23,5,20,3,3,2,30,15,13,2,2,0,485,9,100.0,38.46,21.74,37,11,29.73,2,24,21,5,0.1052,0.1052,1.367,0.5258,0.8412,0.3155,0.2103,0.7361,0.1052,0.5258,0.1052,3.2597,2.4185,0.5258,2.103,0.3155,0.3155,0.2103,3.1546,1.5773,1.367,0.2103,0.2103,0.0,50.9989,0.9464,3.8906,1.1567,0.2103,2.5237,2.2082,0.5258,16,5,5,2,0,0,1.6824,0.5258,0.5258,0.2103,0.0,0.0,6,0,0,0,5,0,1,0,6,0,0,0,76.37362504850921,,1,12.73,0.6309,0.0,0.0,0.0,0.5258,0.0,0.1052,0.0,0.6309,0.0,0.0,0.0,8.0309,0.1052,0,0,10,0,0,54,,,,0.0,0.0,1.0515,0.0,0.0,5.6782,3,0,0,0,0,0,0,100.0,0.3155,0.0,0.0,0.0,0.0,0.0,0.0,32,25,0,6,5,0,7,6,3,3,0,0,4,2,5,1,10,3,3.3649,2.6288,0.0,0.6309,0.5258,0.0,0.7361,0.6309,0.3155,0.3155,0.0,0.0,0.4206,0.2103,0.5258,0.1052,1.0515,0.3155,855.9,16,450-900,True,12.57,6.769,29.975,22.24,29.008,1.3218,0.7118,3.1519,2.3386,3.0503,-0.153,0.046
byirjks50zw1eefkcy8p4hd5h,B. Martins Indi,Alkmaar Zaanstreek,608,531,364,164,3,179,154,358,318,71,59,254,227,280,263,74,41,65,34,40,17,7,3,0,0,0,0,87.34,52.31,42.5,86.03,88.83,83.1,89.37,93.93,55.41,42.86,,,64.6503,56.4627,38.7051,17.4386,0.319,19.0336,16.3752,38.0671,33.8138,7.5496,6.2736,27.0085,24.1375,29.7732,27.9655,7.8686,4.3596,6.9116,3.6153,4.2533,1.8077,0.7443,0.319,0.0,0.0,0.0,0.0,74,69,87,1171.0080893841782,2,1,0,76,70,0.0,7.8686,7.337,9.2509,124.5165,0.2127,0.1063,0.0,8.0813,7.4433,0.0,1.577,1.387,7,3,7,3,0,0,42.86,0.7443,0.319,0.7443,0.319,0.0,0.0,412,7,8,1,0.0,21,2,0,0,0,3,0,0.0,1,1,0.0,0,0,0,4,0,0.0,43.8091,0.7443,0.8507,0.1063,0.0,2.233,0.2127,0.0,0.0,0.0,0.319,0.0,0.0,0.1063,0.1063,0.0,0.0,0.0,0.0,0.4253,0.0,0.0,3,1,9,4,6,3,0,7,2,5,0,24,30,14,21,8,9,6,51,26,25,0,1,1,655,11,33.33,44.44,46.67,42,19,45.24,2,34,33,0,0.319,0.1063,0.957,0.4253,0.638,0.319,0.0,0.7443,0.2127,0.5317,0.0,2.552,3.19,1.4887,2.233,0.8507,0.957,0.638,5.423,2.7647,2.6583,0.0,0.1063,0.1063,69.6479,1.1697,4.466,2.0203,0.2127,3.6153,3.509,0.0,7,4,5,3,0,0,0.7443,0.4253,0.5317,0.319,0.0,0.0,6,1,0,0,2,1,4,0,6,1,0,0,57.67872419957896,,2,9.61,0.638,0.1063,0.0,0.0,0.2127,0.1063,0.4253,0.0,0.638,0.1063,0.0,0.0,6.1331,0.2127,0,0,20,0,0,9,,,,0.0,0.0,2.1267,0.0,0.0,0.957,10,0,0,0,0,0,0,100.0,1.0633,0.0,0.0,0.0,0.0,0.0,0.0,20,54,2,6,3,3,4,5,4,3,1,0,3,3,6,2,4,5,2.1267,5.742,0.2127,0.638,0.319,0.319,0.4253,0.5317,0.4253,0.319,0.1063,0.0,0.319,0.319,0.638,0.2127,0.4253,0.5317,846.4,14,450-900,True,9.876,7.681,26.336,32.919,55.963,1.0501,0.8167,2.8004,3.5004,5.9507,-0.465,0.252
7dwqdyf6cbb8iw4fsh0lo75qt,K. Leerdam,Heracles Almelo,484,418,278,137,3,234,197,238,213,12,8,177,159,243,222,64,37,65,33,29,13,0,0,1,0,0,0,86.36,50.77,44.83,84.19,89.5,66.67,89.83,91.36,57.81,,0.0,,53.0831,45.8445,30.4899,15.0256,0.329,25.6641,21.6061,26.1029,23.361,1.3161,0.8774,19.4126,17.4385,26.6512,24.348,7.0193,4.058,7.1289,3.6193,3.1806,1.4258,0.0,0.0,0.1097,0.0,0.0,0.0,35,19,52,941.0064918972627,1,1,0,36,20,0.0,3.8387,2.0838,5.7031,103.2057,0.1097,0.1097,0.0,3.9483,2.1935,0.0,-0.133,-0.369,1,0,0,0,1,0,0.0,0.1097,0.0,0.0,0.0,0.1097,0.0,316,4,2,1,0.0,7,1,0,0,0,0,0,0,0,0,0,0,0,0,2,1,0.0,34.6576,0.4387,0.2194,0.1097,0.0,0.7677,0.1097,0.0,0.0,0.0,0.0,0.0,0.0,0.0,0.0,0.0,0.0,0.0,0.0,0.2194,0.1097,0.0,2,1,8,6,6,2,0,7,6,1,0,42,20,10,15,8,5,2,42,26,15,1,1,1,539,3,50.0,75.0,50.0,30,17,56.67,2,38,18,1,0.2194,0.1097,0.8774,0.6581,0.6581,0.2194,0.0,0.7677,0.6581,0.1097,0.0,4.6064,2.1935,1.0968,1.6451,0.8774,0.5484,0.2194,4.6064,2.8516,1.6451,0.1097,0.1097,0.1097,59.1153,0.329,3.2903,1.8645,0.2194,4.1677,1.9742,0.1097,6,3,3,0,0,0,0.6581,0.329,0.329,0.0,0.0,0.0,1,0,0,0,0,0,1,0,1,0,0,0,10.71021587084032,,1,10.71,0.1097,0.0,0.0,0.0,0.0,0.0,0.1097,0.0,0.1097,0.0,0.0,0.0,1.1747,0.1097,0,0,13,0,0,4,,,,0.0,0.0,1.4258,0.0,0.0,0.4387,13,0,0,0,0,0,0,100.0,1.4258,0.0,0.0,0.0,0.0,0.0,0.0,15,20,1,1,0,1,4,4,5,2,0,0,0,1,2,0,3,5,1.6451,2.1935,0.1097,0.1097,0.0,0.1097,0.4387,0.4387,0.5484,0.2194,0.0,0.0,0.0,0.1097,0.2194,0.0,0.329,0.5484,820.6,12,450-900,True,7.436,6.507,39.04,18.591,39.04,0.8155,0.7137,4.2817,2.039,4.2817,-0.733,0.049
bhkrpr3gxc5xx0b0dinla5muh,N. Agrafiotis,SBV Excelsior,185,115,46,68,1,4,2,94,59,87,54,130,80,46,31,9,4,9,5,48,13,2,1,1,0,0,0,62.16,55.56,27.08,50.0,62.77,62.07,61.54,67.39,44.44,50.0,0.0,,20.367,12.6606,5.0642,7.4862,0.1101,0.4404,0.2202,10.3486,6.4954,9.578,5.945,14.3119,8.8073,5.0642,3.4128,0.9908,0.4404,0.9908,0.5505,5.2844,1.4312,0.2202,0.1101,0.1101,0.0,0.0,0.0,4,8,19,233.7937127661429,7,4,3,11,12,3.0,0.4404,0.8807,2.0917,25.7388,0.7706,0.4404,0.3303,1.211,1.3211,0.3303,-1.576,-1.533,3,1,1,0,2,1,33.33,0.3303,0.1101,0.1101,0.0,0.2202,0.1101,193,131,14,2,0.0,20,3,2,0,0.0,1,1,0.0,0,0,0,0,0,0,11,1,0.0,21.2477,14.422,1.5413,0.2202,0.0,2.2018,0.3303,0.2202,0.0,0.0,0.1101,0.1101,0.0,0.0,0.0,0.0,0.0,0.0,0.0,1.211,0.1101,0.0,16,3,12,7,2,6,4,1,0,1,0,13,74,39,5,3,69,36,25,1,11,13,8,0,292,45,18.75,58.33,52.7,102,49,48.04,8,3,18,17,1.7615,0.3303,1.3211,0.7706,0.2202,0.6606,0.4404,0.1101,0.0,0.1101,0.0,1.4312,8.1468,4.2936,0.5505,0.3303,7.5963,3.9633,2.7523,0.1101,1.211,1.4312,0.8807,0.0,32.1468,4.9541,11.2294,5.3945,0.8807,0.3303,1.9817,1.8716,13,6,0,0,0,0,1.4312,0.6606,0.0,0.0,0.0,0.0,29,5,7,2,15,2,7,1,24,5,5,0,432.3840953627978,,7,14.91,3.1927,0.5505,0.7706,0.2202,1.6514,0.2202,0.7706,0.1101,2.6422,0.5505,0.5505,0.0,47.6019,0.7706,0,0,0,0,0,1,,,,0.0,0.0,0.0,0.0,0.0,0.1101,1,0,0,0,0,0,0,100.0,0.1101,0.0,0.0,0.0,0.0,0.0,0.0,0,4,7,7,16,13,5,7,0,1,2,3,17,12,9,5,10,2,0.0,0.4404,0.7706,0.7706,1.7615,1.4312,0.5505,0.7706,0.0,0.1101,0.2202,0.3303,1.8716,1.3211,0.9908,0.5505,1.1009,0.2202,817.5,18,450-900,True,11.019,0.918,11.937,67.951,22.956,1.2131,0.1011,1.3142,7.4808,2.5273,-0.278,-1.154
csov8ibh2n0q2w8j72pft9t5h,Z. Bakkali,RKC Waalwijk,269,183,61,122,0,18,10,91,73,160,100,148,110,88,62,33,11,26,6,9,6,9,2,36,3,0,0,68.03,23.08,66.67,55.56,80.22,62.5,74.32,70.45,33.33,22.22,8.33,,29.7092,20.2111,6.737,13.474,0.0,1.988,1.1044,10.0503,8.0623,17.6709,11.0443,16.3456,12.1487,9.719,6.8475,3.6446,1.2149,2.8715,0.6627,0.994,0.6627,0.994,0.2209,3.9759,0.3313,0.0,0.0,20,6,40,488.90950995723847,10,5,3,30,11,3.0,2.2089,0.6627,4.4177,53.9966,1.1044,0.5522,0.3313,3.3133,1.2149,0.3313,-0.825,-0.639,45,5,22,3,23,2,11.11,4.9699,0.5522,2.4297,0.3313,2.5402,0.2209,192,50,8,0,0.0,26,2,0,0,0,4,0,0.0,0,0,0,0,0,0,4,0,0.0,21.2051,5.5221,0.8835,0.0,0.0,2.8715,0.2209,0.0,0.0,0.0,0.4418,0.0,0.0,0.0,0.0,0.0,0.0,0.0,0.0,0.4418,0.0,0.0,34,16,16,9,10,3,3,2,0,1,1,2,8,2,1,0,7,2,36,15,16,5,13,0,361,25,47.06,56.25,25.0,58,27,46.55,13,25,20,9,3.7551,1.7671,1.7671,0.994,1.1044,0.3313,0.3313,0.2209,0.0,0.1104,0.1104,0.2209,0.8835,0.2209,0.1104,0.0,0.7731,0.2209,3.9759,1.6566,1.7671,0.5522,1.4358,0.0,39.8699,2.7611,6.4057,2.982,1.4358,2.7611,2.2089,0.994,11,13,0,0,0,0,1.2149,1.4358,0.0,0.0,0.0,0.0,17,0,3,0,13,0,1,0,11,0,6,0,294.80626656915763,,0,17.34,1.8775,0.0,0.3313,0.0,1.4358,0.0,0.1104,0.0,1.2149,0.0,0.6627,0.0,32.5593,0.0,15,6,5,0,0,2,,,40.0,1.6566,0.6627,0.5522,0.0,0.0,0.2209,0,0,0,0,0,0,0,,0.0,0.0,0.0,0.0,0.0,0.0,0.0,5,15,1,7,10,7,10,6,1,1,0,0,5,12,2,6,7,9,0.5522,1.6566,0.1104,0.7731,1.1044,0.7731,1.1044,0.6627,0.1104,0.1104,0.0,0.0,0.5522,1.3253,0.2209,0.6627,0.7731,0.994,814.9,18,450-900,True,14.625,1.828,1.828,7.312,32.906,1.6152,0.2019,0.2019,0.8076,3.6342,0.183,-0.956
181us5vol7crxrmejhkqau3t,T. Lutonda,RKC Waalwijk,381,305,126,178,1,137,106,167,141,77,58,203,164,147,119,31,22,36,20,18,8,9,1,1,0,0,0,80.05,55.56,44.44,77.37,84.43,75.32,80.79,80.95,70.97,11.11,0.0,,42.1667,33.7555,13.9449,19.7,0.1107,15.1623,11.7314,18.4825,15.605,8.5219,6.4191,22.4668,18.1505,16.2691,13.1702,3.4309,2.4348,3.9843,2.2135,1.9921,0.8854,0.9961,0.1107,0.1107,0.0,0.0,0.0,34,15,41,500.9557636428685,6,5,0,40,20,0.0,3.7629,1.6601,4.5376,55.4427,0.664,0.5534,0.0,4.427,2.2135,0.0,-0.166,-0.166,10,1,10,1,0,0,10.0,1.1067,0.1107,1.1067,0.1107,0.0,0.0,243,10,5,0,0.0,12,1,0,0,0,1,0,0.0,0,0,0,0,0,0,4,0,0.0,26.8938,1.1067,0.5534,0.0,0.0,1.3281,0.1107,0.0,0.0,0.0,0.1107,0.0,0.0,0.0,0.0,0.0,0.0,0.0,0.0,0.4427,0.0,0.0,22,5,28,14,22,5,1,18,12,6,0,33,25,11,23,10,2,1,51,37,13,1,7,0,471,4,22.73,50.0,44.0,75,30,40.0,7,71,24,2,2.4348,0.5534,3.0989,1.5494,2.4348,0.5534,0.1107,1.9921,1.3281,0.664,0.0,3.6522,2.7668,1.2174,2.5455,1.1067,0.2213,0.1107,5.6444,4.0949,1.4388,0.1107,0.7747,0.0,52.1274,0.4427,8.3005,3.3202,0.7747,7.8578,2.6562,0.2213,6,6,1,0,0,0,0.664,0.664,0.1107,0.0,0.0,0.0,1,0,1,0,0,0,0,0,1,0,0,0,14.960678092920785,,0,14.96,0.1107,0.0,0.1107,0.0,0.0,0.0,0.0,0.0,0.1107,0.0,0.0,0.0,1.6558,0.0,0,0,3,0,0,68,,,,0.0,0.0,0.332,0.0,0.0,7.5258,2,0,0,0,0,0,0,100.0,0.2213,0.0,0.0,0.0,0.0,0.0,0.0,13,21,4,1,0,1,14,14,9,9,0,0,1,0,1,4,11,17,1.4388,2.3242,0.4427,0.1107,0.0,0.1107,1.5494,1.5494,0.9961,0.9961,0.0,0.0,0.1107,0.0,0.1107,0.4427,1.2174,1.8815,813.2,13,450-900,True,25.594,16.453,30.164,22.852,46.617,2.8326,1.8209,3.3384,2.5291,5.1593,1.579,2.225
a93cs6sqqb6hj95qayyq2ib1m,Tiago Dantas,Alkmaar Zaanstreek,538,471,263,206,2,109,91,329,300,100,80,275,244,209,188,54,39,53,36,19,13,0,0,7,1,0,0,87.55,67.92,68.42,83.49,91.19,80.0,88.73,89.95,72.22,,14.29,,60.2464,52.7436,29.4513,23.0683,0.224,12.206,10.1904,36.8421,33.5946,11.1982,8.9586,30.7951,27.3236,23.4043,21.0526,6.047,4.3673,5.9351,4.0314,2.1277,1.4558,0.0,0.0,0.7839,0.112,0.0,0.0,48,52,95,1073.6360913413284,6,4,0,54,56,0.0,5.3751,5.8231,10.6383,120.228,0.6719,0.4479,0.0,6.047,6.271,0.0,0.519,0.523,7,1,3,0,4,1,14.29,0.7839,0.112,0.3359,0.0,0.4479,0.112,431,16,8,0,0.0,15,1,0,0,0,0,0,0,0,0,0,0,0,0,8,0,0.0,48.2643,1.7917,0.8959,0.0,0.0,1.6797,0.112,0.0,0.0,0.0,0.0,0.0,0.0,0.0,0.0,0.0,0.0,0.0,0.0,0.8959,0.0,0.0,1,0,14,8,4,6,4,3,1,2,0,5,6,2,4,1,2,1,52,28,21,3,3,0,570,11,0.0,57.14,33.33,21,10,47.62,3,33,29,7,0.112,0.0,1.5677,0.8959,0.4479,0.6719,0.4479,0.3359,0.112,0.224,0.0,0.5599,0.6719,0.224,0.4479,0.112,0.224,0.112,5.8231,3.1355,2.3516,0.3359,0.3359,0.0,63.8298,1.2318,2.3516,1.1198,0.3359,3.6954,3.2475,0.7839,2,5,0,0,0,0,0.224,0.5599,0.0,0.0,0.0,0.0,12,1,2,0,10,1,0,0,8,1,4,0,190.69081281184071,,1,15.89,1.3438,0.112,0.224,0.0,1.1198,0.112,0.0,0.0,0.8959,0.112,0.4479,0.0,21.354,0.112,1,1,5,0,0,4,,,100.0,0.112,0.112,0.5599,0.0,0.0,0.4479,3,0,0,0,0,0,0,100.0,0.3359,0.0,0.0,0.0,0.0,0.0,0.0,18,30,3,5,1,11,7,7,2,1,1,0,10,2,3,5,11,3,2.0157,3.3595,0.3359,0.5599,0.112,1.2318,0.7839,0.7839,0.224,0.112,0.112,0.0,1.1198,0.224,0.3359,0.5599,1.2318,0.3359,803.7,20,450-900,True,15.362,3.292,5.487,6.584,57.06,1.7203,0.3686,0.6144,0.7373,6.3897,0.304,-0.629
25yu90pekqr1lhs098f3uxy39,J. Henderson,AFC Ajax,756,650,343,302,5,138,125,443,393,175,132,357,328,287,258,112,64,100,54,17,10,1,0,39,15,0,0,85.98,54.0,58.82,90.58,88.71,75.43,91.88,89.9,57.14,0.0,38.46,,85.3487,73.3818,38.723,34.0943,0.5645,15.5795,14.1119,50.0125,44.3678,19.7566,14.9022,40.3036,37.0296,32.4009,29.1269,12.6443,7.2253,11.2895,6.0963,1.9192,1.129,0.1129,0.0,4.4029,1.6934,0.0,0.0,86,78,145,1608.4995685385968,5,7,1,91,85,1.0,9.709,8.8058,16.3698,181.5918,0.5645,0.7903,0.1129,10.2735,9.5961,0.1129,2.358,2.319,40,15,11,3,29,12,37.5,4.5158,1.6934,1.2418,0.3387,3.274,1.3547,611,18,25,3,0.0,39,5,0,0,0,12,0,0.0,0,0,0,0,0,0,13,3,0.0,68.9789,2.0321,2.8224,0.3387,0.0,4.4029,0.5645,0.0,0.0,0.0,1.3547,0.0,0.0,0.0,0.0,0.0,0.0,0.0,0.0,1.4676,0.3387,0.0,10,4,13,2,3,8,2,5,4,1,0,9,9,6,7,5,2,1,44,19,22,3,4,0,807,6,40.0,15.38,66.67,32,12,37.5,4,26,31,5,1.129,0.4516,1.4676,0.2258,0.3387,0.9032,0.2258,0.5645,0.4516,0.1129,0.0,1.0161,1.0161,0.6774,0.7903,0.5645,0.2258,0.1129,4.9674,2.145,2.4837,0.3387,0.4516,0.0,91.1064,0.6774,3.6126,1.3547,0.4516,2.9353,3.4997,0.5645,8,4,1,0,0,0,0.9032,0.4516,0.1129,0.0,0.0,0.0,6,0,0,0,6,0,0,0,1,0,5,0,159.82767748557205,,3,26.64,0.6774,0.0,0.0,0.0,0.6774,0.0,0.0,0.0,0.1129,0.0,0.5645,0.0,18.0438,0.3387,23,12,28,0,0,5,,,52.17,2.5966,1.3547,3.1611,0.0,0.0,0.5645,4,0,0,0,0,0,0,100.0,0.4516,0.0,0.0,0.0,0.0,0.0,0.0,50,36,17,8,3,3,10,3,3,2,0,0,4,2,14,11,8,5,5.6448,4.0642,1.9192,0.9032,0.3387,0.3387,1.129,0.3387,0.3387,0.2258,0.0,0.0,0.4516,0.2258,1.5805,1.2418,0.9032,0.5645,797.2,9,450-900,True,16.136,6.206,11.171,11.171,54.614,1.8217,0.7006,1.2612,1.2612,6.1657,0.42,0.024
4cegvsj3s6t0o1l5xap6jypuy,M. Lahdo,Alkmaar Zaanstreek,296,226,74,152,0,19,14,125,105,152,107,192,149,94,72,10,5,9,3,12,6,0,0,13,0,0,0,76.35,33.33,50.0,73.68,84.0,70.39,77.6,76.6,50.0,,0.0,,33.4926,25.572,8.3731,17.1989,0.0,2.1499,1.5841,14.1438,11.8808,17.1989,12.1071,21.7249,16.8594,10.6362,8.1468,1.1315,0.5658,1.0184,0.3395,1.3578,0.6789,0.0,0.0,1.471,0.0,0.0,0.0,19,11,75,1013.6862266839469,21,14,8,40,25,8.0,2.1499,1.2447,8.4863,114.6992,2.3762,1.5841,0.9052,4.526,2.8288,0.9052,-0.85,-0.124,13,0,0,0,13,0,0.0,1.471,0.0,0.0,0.0,1.471,0.0,270,50,9,3,0.0,20,7,1,1,0.0,0,0,0,0,0,0,0,0,0,8,2,0.0,30.5507,5.6575,1.0184,0.3395,0.0,2.263,0.7921,0.1132,0.1132,0.0,0.0,0.0,0.0,0.0,0.0,0.0,0.0,0.0,0.0,0.9052,0.2263,0.0,62,32,11,6,4,7,0,2,0,1,1,2,12,3,2,0,10,3,39,16,19,4,22,0,424,52,51.61,54.55,25.0,85,41,48.24,22,20,27,5,7.0153,3.6208,1.2447,0.6789,0.4526,0.7921,0.0,0.2263,0.0,0.1132,0.1132,0.2263,1.3578,0.3395,0.2263,0.0,1.1315,0.3395,4.4129,1.8104,2.1499,0.4526,2.4893,0.0,47.9759,5.8838,9.6178,4.6392,2.4893,2.263,3.0551,0.5658,13,8,0,0,0,0,1.471,0.9052,0.0,0.0,0.0,0.0,18,3,10,2,8,1,0,0,12,2,6,1,341.514013920255,,6,18.97,2.0367,0.3395,1.1315,0.2263,0.9052,0.1132,0.0,0.0,1.3578,0.2263,0.6789,0.1132,38.6425,0.6789,0,0,0,0,0,1,,,,0.0,0.0,0.0,0.0,0.0,0.1132,0,0,0,0,0,0,0,,0.0,0.0,0.0,0.0,0.0,0.0,0.0,11,8,6,3,10,8,6,5,1,1,1,2,10,8,5,4,8,3,1.2447,0.9052,0.6789,0.3395,1.1315,0.9052,0.6789,0.5658,0.1132,0.1132,0.1132,0.2263,1.1315,0.9052,0.5658,0.4526,0.9052,0.3395,795.4,15,450-900,True,12.07,2.195,2.195,13.168,42.795,1.3657,0.2484,0.2484,1.49,4.8423,-0.103,-0.865
9trasqdd75zjxz4kzplb64xjp,A. Ferati,Fortuna Sittard,349,270,149,121,0,66,51,199,164,84,55,172,139,120,100,57,31,58,30,17,10,11,2,0,0,0,0,77.36,51.72,58.82,77.27,82.41,65.48,80.81,83.33,54.39,18.18,,,39.5841,30.6238,16.8998,13.724,0.0,7.4858,5.7845,22.5709,18.6011,9.5274,6.2382,19.5085,15.7656,13.6106,11.3422,6.465,3.5161,6.5784,3.4026,1.9282,1.1342,1.2476,0.2268,0.0,0.0,0.0,0.0,33,31,39,516.4754451390173,2,2,0,35,33,0.0,3.7429,3.5161,4.4234,58.5794,0.2268,0.2268,0.0,3.9698,3.7429,0.0,-0.174,-0.36,11,2,8,1,3,1,18.18,1.2476,0.2268,0.9074,0.1134,0.3403,0.1134,230,20,13,1,0.0,22,1,0,0,0,1,0,0.0,0,0,0,0,0,0,12,1,0.0,26.087,2.2684,1.4745,0.1134,0.0,2.4953,0.1134,0.0,0.0,0.0,0.1134,0.0,0.0,0.0,0.0,0.0,0.0,0.0,0.0,1.3611,0.1134,0.0,18,9,18,9,6,8,4,8,4,3,1,10,18,9,9,4,9,5,63,23,33,7,9,0,423,15,50.0,50.0,50.0,54,27,50.0,9,33,44,12,2.0416,1.0208,2.0416,1.0208,0.6805,0.9074,0.4537,0.9074,0.4537,0.3403,0.1134,1.1342,2.0416,1.0208,1.0208,0.4537,1.0208,0.5671,7.1456,2.6087,3.7429,0.794,1.0208,0.0,47.9773,1.7013,6.1248,3.0624,1.0208,3.7429,4.9905,1.3611,9,7,0,0,0,0,1.0208,0.794,0.0,0.0,0.0,0.0,14,0,10,0,3,0,1,0,4,0,10,0,318.5996695039403,,1,22.76,1.5879,0.0,1.1342,0.0,0.3403,0.0,0.1134,0.0,0.4537,0.0,1.1342,0.0,36.1361,0.1134,1,1,8,0,0,8,,,100.0,0.1134,0.1134,0.9074,0.0,0.0,0.9074,0,0,0,0,0,0,0,,0.0,0.0,0.0,0.0,0.0,0.0,0.0,11,22,8,5,8,6,14,4,4,4,0,0,7,7,7,6,6,12,1.2476,2.4953,0.9074,0.5671,0.9074,0.6805,1.5879,0.4537,0.4537,0.4537,0.0,0.0,0.794,0.794,0.794,0.6805,0.6805,1.3611,793.5,16,450-900,True,15.825,7.033,8.792,15.825,55.387,1.7949,0.7977,0.9972,1.7949,6.2821,0.389,0.214
80dk8iv6p0202z10qcqy8bfca,S. Scheperman,Heracles Almelo,280,222,94,128,0,69,52,150,125,61,45,151,120,107,90,22,12,20,7,36,12,3,0,0,0,0,0,79.29,35.0,33.33,75.36,83.33,73.77,79.47,84.11,54.55,0.0,,,31.7941,25.2082,10.6737,14.5344,0.0,7.835,5.9046,17.0326,14.1938,6.9266,5.1098,17.1461,13.626,12.1499,10.2195,2.4981,1.3626,2.271,0.7949,4.0878,1.3626,0.3407,0.0,0.0,0.0,0.0,0.0,12,12,28,304.0448922416167,3,3,0,15,15,0.0,1.3626,1.3626,3.1794,34.5244,0.3407,0.3407,0.0,1.7033,1.7033,0.0,-1.185,-1.323,3,0,3,0,0,0,0.0,0.3407,0.0,0.3407,0.0,0.0,0.0,209,50,8,0,0.0,13,1,1,0,0.0,0,0,0,0,0,0,0,0,0,7,0,0.0,23.732,5.6775,0.9084,0.0,0.0,1.4762,0.1136,0.1136,0.0,0.0,0.0,0.0,0.0,0.0,0.0,0.0,0.0,0.0,0.0,0.7949,0.0,0.0,4,3,21,14,7,12,2,8,3,4,1,13,42,25,23,17,19,8,33,15,15,3,2,1,344,32,75.0,66.67,59.52,67,42,62.69,3,25,31,6,0.4542,0.3407,2.3846,1.5897,0.7949,1.3626,0.2271,0.9084,0.3407,0.4542,0.1136,1.4762,4.7691,2.8388,2.6117,1.9304,2.1575,0.9084,3.7472,1.7033,1.7033,0.3407,0.2271,0.1136,39.0613,3.6336,7.6079,4.7691,0.3407,2.8388,3.5201,0.6813,13,4,1,4,0,0,1.4762,0.4542,0.1136,0.4542,0.0,0.0,13,0,6,0,3,0,4,0,12,0,1,0,164.33612336565795,,0,12.64,1.4762,0.0,0.6813,0.0,0.3407,0.0,0.4542,0.0,1.3626,0.0,0.1136,0.0,18.6604,0.0,0,0,6,0,0,1,,,,0.0,0.0,0.6813,0.0,0.0,0.1136,4,0,0,0,0,0,0,100.0,0.4542,0.0,0.0,0.0,0.0,0.0,0.0,5,7,2,6,5,8,9,12,5,3,0,0,9,4,4,4,15,6,0.5678,0.7949,0.2271,0.6813,0.5678,0.9084,1.022,1.3626,0.5678,0.3407,0.0,0.0,1.022,0.4542,0.4542,0.4542,1.7033,0.6813,792.6,22,450-900,True,19.52,7.436,12.084,39.04,30.675,2.2165,0.8444,1.3721,4.433,3.4832,0.872,0.306
6p5u350my0peqmc01f54i2ga1,I. Nicolăescu,SC Heerenveen,110,79,19,59,1,4,3,63,53,43,23,69,48,39,29,2,2,1,1,10,3,1,0,2,0,0,0,71.82,100.0,30.0,75.0,84.13,53.49,69.57,74.36,100.0,0.0,0.0,,12.5603,9.0206,2.1695,6.7369,0.1142,0.4567,0.3426,7.1936,6.0518,4.9099,2.6262,7.8787,5.4808,4.4532,3.3113,0.2284,0.2284,0.1142,0.1142,1.1418,0.3426,0.1142,0.0,0.2284,0.0,0.0,0.0,1,3,11,125.48963317248379,3,3,2,4,6,2.0,0.1142,0.3426,1.256,14.3289,0.3426,0.3426,0.2284,0.4567,0.6851,0.2284,-1.714,-1.853,3,0,1,0,2,0,0.0,0.3426,0.0,0.1142,0.0,0.2284,0.0,93,48,1,0,0.0,8,1,0,0,0,0,0,0,0,0,0,0,0,0,1,0,0.0,10.6191,5.4808,0.1142,0.0,0.0,0.9135,0.1142,0.0,0.0,0.0,0.0,0.0,0.0,0.0,0.0,0.0,0.0,0.0,0.0,0.1142,0.0,0.0,21,6,3,2,0,1,2,1,0,1,0,3,45,15,12,5,33,10,12,2,7,3,15,1,183,45,28.57,66.67,33.33,69,23,33.33,16,2,9,5,2.3979,0.6851,0.3426,0.2284,0.0,0.1142,0.2284,0.1142,0.0,0.1142,0.0,0.3426,5.1383,1.7128,1.3702,0.5709,3.7681,1.1418,1.3702,0.2284,0.7993,0.3426,1.7128,0.1142,20.8957,5.1383,7.8787,2.6262,1.8269,0.2284,1.0277,0.5709,8,5,0,1,0,0,0.9135,0.5709,0.0,0.1142,0.0,0.0,22,5,3,1,11,3,8,1,19,5,3,0,299.02774721678054,,5,13.59,2.5121,0.5709,0.3426,0.1142,1.256,0.3426,0.9135,0.1142,2.1695,0.5709,0.3426,0.0,34.1442,0.5709,0,0,1,0,0,1,,,,0.0,0.0,0.1142,0.0,0.0,0.1142,0,0,0,0,0,0,0,,0.0,0.0,0.0,0.0,0.0,0.0,0.0,1,0,0,1,8,14,1,2,1,0,4,1,12,10,1,0,1,2,0.1142,0.0,0.0,0.1142,0.9135,1.5986,0.1142,0.2284,0.1142,0.0,0.4567,0.1142,1.3702,1.1418,0.1142,0.0,0.1142,0.2284,788.2,19,450-900,True,2.978,0.993,2.978,44.671,11.912,0.34,0.1134,0.34,5.1007,1.3602,-1.278,-1.13
5xbrybr5fxvg6br9b6tq4a4fd,L. Olden Larsen,Nijmegen Eendracht Combinatie,213,139,57,82,0,33,20,105,73,75,46,125,94,73,43,15,2,21,2,24,10,4,1,9,2,0,0,65.26,9.52,41.67,60.61,69.52,61.33,75.2,58.9,13.33,25.0,22.22,,24.4422,15.9505,6.5409,9.4097,0.0,3.7868,2.295,12.049,8.3769,8.6064,5.2786,14.344,10.7867,8.3769,4.9343,1.7213,0.2295,2.4098,0.2295,2.754,1.1475,0.459,0.1148,1.0328,0.2295,0.0,0.0,14,10,15,201.7794074662175,1,2,1,15,12,1.0,1.6065,1.1475,1.7213,23.1546,0.1148,0.2295,0.1148,1.7213,1.377,0.1148,-1.081,-1.316,13,3,8,1,5,2,23.08,1.4918,0.3443,0.918,0.1148,0.5738,0.2295,179,48,7,0,0.0,12,0,1,0,0.0,1,0,0.0,0,0,0,0,0,0,5,0,0.0,20.5406,5.5081,0.8033,0.0,0.0,1.377,0.0,0.1148,0.0,0.0,0.1148,0.0,0.0,0.0,0.0,0.0,0.0,0.0,0.0,0.5738,0.0,0.0,10,2,23,17,11,10,2,4,3,1,0,10,25,8,7,3,18,5,31,18,11,2,9,0,278,15,20.0,73.91,32.0,58,27,46.55,9,32,22,4,1.1475,0.2295,2.6393,1.9508,1.2623,1.1475,0.2295,0.459,0.3443,0.1148,0.0,1.1475,2.8688,0.918,0.8033,0.3443,2.0655,0.5738,3.5573,2.0655,1.2623,0.2295,1.0328,0.0,31.9011,1.7213,6.6556,3.0983,1.0328,3.6721,2.5245,0.459,10,6,0,0,0,0,1.1475,0.6885,0.0,0.0,0.0,0.0,17,1,1,0,12,1,4,0,9,1,8,0,335.8362212849414,,1,19.76,1.9508,0.1148,0.1148,0.0,1.377,0.1148,0.459,0.0,1.0328,0.1148,0.918,0.0,38.5379,0.1148,0,0,0,0,0,1,,,,0.0,0.0,0.0,0.0,0.0,0.1148,1,0,0,0,0,0,0,100.0,0.1148,0.0,0.0,0.0,0.0,0.0,0.0,6,8,2,5,9,8,12,11,0,4,0,1,10,7,3,4,12,11,0.6885,0.918,0.2295,0.5738,1.0328,0.918,1.377,1.2623,0.0,0.459,0.0,0.1148,1.1475,0.8033,0.3443,0.459,1.377,1.2623,784.3,20,450-900,True,22.253,3.87,9.675,24.188,29.993,2.5536,0.4441,1.1102,2.7756,3.4418,1.259,-0.48
4vprka7bsj2a4v2g7kz0b6k2c,S. Hamulić,SBV Vitesse,105,71,21,50,0,4,4,53,43,48,24,68,44,32,25,5,2,6,3,10,5,1,0,7,0,0,0,67.62,50.0,50.0,100.0,81.13,50.0,64.71,78.12,40.0,0.0,0.0,,12.3449,8.3475,2.469,5.8785,0.0,0.4703,0.4703,6.2312,5.0555,5.6434,2.8217,7.9948,5.1731,3.7622,2.9393,0.5879,0.2351,0.7054,0.3527,1.1757,0.5879,0.1176,0.0,0.823,0.0,0.0,0.0,7,7,14,196.52828646725808,5,3,3,12,10,3.0,0.823,0.823,1.646,23.1059,0.5879,0.3527,0.3527,1.4108,1.1757,0.3527,-1.414,-1.448,8,0,6,0,2,0,0.0,0.9406,0.0,0.7054,0.0,0.2351,0.0,118,65,5,1,0.0,11,1,0,0,0,0,0,0,0,0,0,0,0,0,5,1,0.0,13.8733,7.6421,0.5879,0.1176,0.0,1.2933,0.1176,0.0,0.0,0.0,0.0,0.0,0.0,0.0,0.0,0.0,0.0,0.0,0.0,0.5879,0.1176,0.0,18,5,5,4,1,1,3,2,0,1,1,3,35,12,9,4,26,8,11,3,4,4,7,0,190,21,27.78,80.0,34.29,58,21,36.21,7,4,6,8,2.1163,0.5879,0.5879,0.4703,0.1176,0.1176,0.3527,0.2351,0.0,0.1176,0.1176,0.3527,4.115,1.4108,1.0581,0.4703,3.0568,0.9406,1.2933,0.3527,0.4703,0.4703,0.823,0.0,22.3383,2.469,6.8191,2.469,0.823,0.4703,0.7054,0.9406,10,11,0,2,0,0,1.1757,1.2933,0.0,0.2351,0.0,0.0,17,0,1,0,10,0,6,0,11,0,6,0,290.1583145398455,,1,17.07,1.9987,0.0,0.1176,0.0,1.1757,0.0,0.7054,0.0,1.2933,0.0,0.7054,0.0,34.114,0.1176,0,0,0,0,0,1,,,,0.0,0.0,0.0,0.0,0.0,0.1176,0,0,0,0,0,0,0,,0.0,0.0,0.0,0.0,0.0,0.0,0.0,4,3,3,2,9,8,3,2,2,0,0,0,7,10,2,3,1,4,0.4703,0.3527,0.3527,0.2351,1.0581,0.9406,0.3527,0.2351,0.2351,0.0,0.0,0.0,0.823,1.1757,0.2351,0.3527,0.1176,0.4703,765.5,13,450-900,True,5.042,2.017,3.025,35.291,11.091,0.5928,0.2371,0.3556,4.1492,1.304,-0.989,-0.887
cdlnfuy9piyga0wud4nrucvtg,E. Poku,Alkmaar Zaanstreek,198,142,31,110,1,15,12,73,48,110,82,146,107,46,33,6,2,7,2,22,9,6,1,4,2,0,0,71.72,28.57,40.91,80.0,65.75,74.55,73.29,71.74,33.33,16.67,50.0,,23.392,16.7761,3.6624,12.9955,0.1181,1.7721,1.4177,8.6243,5.6708,12.9955,9.6876,17.2486,12.6411,5.4345,3.8987,0.7088,0.2363,0.827,0.2363,2.5991,1.0633,0.7088,0.1181,0.4726,0.2363,0.0,0.0,10,1,28,401.548065098675,10,4,4,20,5,4.0,1.1814,0.1181,3.308,47.4394,1.1814,0.4726,0.4726,2.3628,0.5907,0.4726,-1.261,-1.043,10,3,3,1,7,2,30.0,1.1814,0.3544,0.3544,0.1181,0.827,0.2363,174,48,11,3,0.0,16,4,0,0,0,2,0,0.0,0,0,0,0,0,0,9,3,0.0,20.5566,5.6708,1.2996,0.3544,0.0,1.8903,0.4726,0.0,0.0,0.0,0.2363,0.0,0.0,0.0,0.0,0.0,0.0,0.0,0.0,1.0633,0.3544,0.0,46,12,11,7,4,4,3,5,0,3,2,8,24,5,8,2,16,3,28,6,17,5,13,0,319,42,26.09,63.64,20.83,81,24,29.63,13,10,24,10,5.4345,1.4177,1.2996,0.827,0.4726,0.4726,0.3544,0.5907,0.0,0.3544,0.2363,0.9451,2.8354,0.5907,0.9451,0.2363,1.8903,0.3544,3.308,0.7088,2.0084,0.5907,1.5358,0.0,37.6871,4.9619,9.5694,2.8354,1.5358,1.1814,2.8354,1.1814,9,9,0,1,0,0,1.0633,1.0633,0.0,0.1181,0.0,0.0,21,1,11,0,9,1,1,0,12,1,9,0,385.56528214971627,,4,18.36,2.481,0.1181,1.2996,0.0,1.0633,0.1181,0.1181,0.0,1.4177,0.1181,1.0633,0.0,45.5512,0.4726,0,0,1,0,0,7,,,,0.0,0.0,0.1181,0.0,0.0,0.827,1,0,0,0,0,0,0,100.0,0.1181,0.0,0.0,0.0,0.0,0.0,0.0,3,7,2,9,8,13,1,10,1,4,0,1,6,15,5,6,5,6,0.3544,0.827,0.2363,1.0633,0.9451,1.5358,0.1181,1.1814,0.1181,0.4726,0.0,0.1181,0.7088,1.7721,0.5907,0.7088,0.5907,0.7088,761.8,21,450-900,True,12.07,5.487,8.779,26.336,30.725,1.426,0.6482,1.0372,3.1114,3.6299,-0.034,-0.079
4swz47sf9k2qu5v001pnjz816,Hussein Ali,SC Heerenveen,261,196,69,127,0,73,52,120,98,68,46,125,102,105,78,31,16,52,30,13,9,0,0,20,2,0,0,75.1,57.69,69.23,71.23,81.67,67.65,81.6,74.29,51.61,,10.0,,31.0263,23.2994,8.2024,15.0971,0.0,8.6778,6.1815,14.265,11.6497,8.0835,5.4682,14.8593,12.1252,12.4818,9.2722,3.6851,1.902,6.1815,3.5662,1.5454,1.0699,0.0,0.0,2.3775,0.2377,0.0,0.0,17,9,28,325.8178514254921,3,2,0,20,11,0.0,2.0209,1.0699,3.3285,38.7315,0.3566,0.2377,0.0,2.3775,1.3076,0.0,-0.905,-1.037,20,2,0,0,20,2,10.0,2.3775,0.2377,0.0,0.0,2.3775,0.2377,147,16,5,0,0.0,13,1,1,0,0.0,2,0,0.0,0,0,0,0,0,0,2,0,0.0,17.4746,1.902,0.5944,0.0,0.0,1.5454,0.1189,0.1189,0.0,0.0,0.2377,0.0,0.0,0.0,0.0,0.0,0.0,0.0,0.0,0.2377,0.0,0.0,8,3,11,7,8,2,1,12,8,4,0,25,16,8,14,8,2,0,32,15,16,1,3,0,337,10,37.5,63.64,50.0,35,18,51.43,3,31,22,2,0.951,0.3566,1.3076,0.8321,0.951,0.2377,0.1189,1.4265,0.951,0.4755,0.0,2.9719,1.902,0.951,1.6642,0.951,0.2377,0.0,3.804,1.7831,1.902,0.1189,0.3566,0.0,40.0608,1.1887,4.1606,2.1397,0.3566,3.6851,2.6152,0.2377,6,2,2,0,0,0,0.7132,0.2377,0.2377,0.0,0.0,0.0,6,0,0,0,5,0,1,0,3,0,3,0,112.46151973652276,,0,18.74,0.7132,0.0,0.0,0.0,0.5944,0.0,0.1189,0.0,0.3566,0.0,0.3566,0.0,13.3688,0.0,0,0,3,0,0,49,,,,0.0,0.0,0.3566,0.0,0.0,5.8249,2,0,0,0,0,0,0,100.0,0.2377,0.0,0.0,0.0,0.0,0.0,0.0,7,10,1,4,3,3,4,7,4,8,0,0,3,3,0,5,5,6,0.8321,1.1887,0.1189,0.4755,0.3566,0.3566,0.4755,0.8321,0.4755,0.951,0.0,0.0,0.3566,0.3566,0.0,0.5944,0.5944,0.7132,757.1,15,450-900,True,10.92,11.912,24.817,15.883,31.766,1.2981,1.416,2.9501,1.8881,3.7762,-0.18,1.429
4snaidw6iaeo0k20gjfm35nft,T. Domgjoni,SBV Vitesse,307,239,122,116,1,64,46,176,148,67,45,195,156,98,78,14,5,19,5,32,13,1,0,5,0,0,0,77.85,26.32,40.62,71.88,84.09,67.16,80.0,79.59,35.71,0.0,0.0,,36.6932,28.5657,14.5817,13.8645,0.1195,7.6494,5.498,21.0359,17.6892,8.008,5.3785,23.3068,18.6454,11.7131,9.3227,1.6733,0.5976,2.2709,0.5976,3.8247,1.5538,0.1195,0.0,0.5976,0.0,0.0,0.0,9,21,51,573.3239097771595,5,5,2,14,26,2.0,1.0757,2.51,6.0956,68.5248,0.5976,0.5976,0.239,1.6733,3.1076,0.239,-1.306,-1.336,6,0,4,0,2,0,0.0,0.7171,0.0,0.4781,0.0,0.239,0.0,222,23,3,0,0.0,11,1,0,0,0,0,0,0,0,0,0,0,0,0,3,0,0.0,26.5339,2.749,0.3586,0.0,0.0,1.3147,0.1195,0.0,0.0,0.0,0.0,0.0,0.0,0.0,0.0,0.0,0.0,0.0,0.0,0.3586,0.0,0.0,12,7,15,8,4,7,4,8,4,3,1,15,19,16,9,8,10,8,33,17,14,2,3,0,371,11,58.33,53.33,84.21,46,31,67.39,3,25,24,7,1.4343,0.8367,1.7928,0.9562,0.4781,0.8367,0.4781,0.9562,0.4781,0.3586,0.1195,1.7928,2.2709,1.9124,1.0757,0.9562,1.1952,0.9562,3.9442,2.0319,1.6733,0.239,0.3586,0.0,44.3426,1.3147,5.498,3.7052,0.3586,2.988,2.8685,0.8367,13,5,1,2,0,0,1.5538,0.5976,0.1195,0.239,0.0,0.0,2,0,1,0,0,0,1,0,2,0,0,0,23.753595115466545,,0,11.88,0.239,0.0,0.1195,0.0,0.0,0.0,0.1195,0.0,0.239,0.0,0.0,0.0,2.8391,0.0,2,2,9,0,0,6,,,100.0,0.239,0.239,1.0757,0.0,0.0,0.7171,3,0,0,0,0,0,0,100.0,0.3586,0.0,0.0,0.0,0.0,0.0,0.0,1,8,1,2,0,2,7,8,4,4,0,0,1,1,1,2,7,8,0.1195,0.9562,0.1195,0.239,0.0,0.239,0.8367,0.9562,0.4781,0.4781,0.0,0.0,0.1195,0.1195,0.1195,0.239,0.8367,0.9562,753.0,15,450-900,True,15.125,8.066,15.125,19.158,33.274,1.8078,0.9641,1.8078,2.2898,3.977,0.404,0.541
4qoddvxuknli8073d54hii2cq,X. Blomme,Go Ahead Eagles,256,194,129,64,1,54,31,172,138,30,25,123,92,104,87,29,15,27,11,42,23,0,0,1,1,0,0,75.78,40.74,54.76,57.41,80.23,83.33,74.8,83.65,51.72,,100.0,,30.7405,23.2955,15.4903,7.6851,0.1201,6.4843,3.7225,20.6538,16.571,3.6024,3.002,14.7698,11.0474,12.4883,10.447,3.4823,1.8012,3.2422,1.3209,5.0434,2.7618,0.0,0.0,0.1201,0.1201,0.0,0.0,42,47,26,353.19178673182876,2,0,0,44,47,0.0,5.0434,5.6438,3.1221,42.4113,0.2402,0.0,0.0,5.2835,5.6438,0.0,0.378,0.198,1,1,1,1,0,0,100.0,0.1201,0.1201,0.1201,0.1201,0.0,0.0,138,9,2,0,0.0,10,0,0,0,0,0,0,0,1,0,0.0,0,0,0,1,0,0.0,16.571,1.0807,0.2402,0.0,0.0,1.2008,0.0,0.0,0.0,0.0,0.0,0.0,0.0,0.1201,0.0,0.0,0.0,0.0,0.0,0.1201,0.0,0.0,7,2,29,15,15,7,7,18,10,8,0,20,35,19,21,9,14,10,38,14,22,2,6,0,314,0,28.57,51.72,54.29,71,36,50.7,6,39,37,9,0.8406,0.2402,3.4823,1.8012,1.8012,0.8406,0.8406,2.1614,1.2008,0.9606,0.0,2.4016,4.2028,2.2815,2.5217,1.0807,1.6811,1.2008,4.563,1.6811,2.6418,0.2402,0.7205,0.0,37.7051,0.0,8.5257,4.3229,0.7205,4.6831,4.443,1.0807,12,6,0,3,0,0,1.441,0.7205,0.0,0.3602,0.0,0.0,4,0,0,0,4,0,0,0,0,0,4,0,99.939850906306,,0,24.98,0.4803,0.0,0.0,0.0,0.4803,0.0,0.0,0.0,0.0,0.0,0.4803,0.0,12.0008,0.0,0,0,5,0,0,0,,,,0.0,0.0,0.6004,0.0,0.0,0.0,5,0,0,0,0,0,0,100.0,0.6004,0.0,0.0,0.0,0.0,0.0,0.0,16,26,0,2,0,4,14,15,10,8,0,0,4,0,1,1,17,12,1.9213,3.1221,0.0,0.2402,0.0,0.4803,1.6811,1.8012,1.2008,0.9606,0.0,0.0,0.4803,0.0,0.1201,0.1201,2.0414,1.441,749.5,12,450-900,True,26.566,16.489,18.321,32.062,34.811,3.19,1.98,2.2,3.85,4.1801,1.988,2.538
baghnvel8qsn5k9s79jiyldnu,A. Martha,AFC Ajax,506,416,171,243,2,81,57,251,219,174,140,301,265,165,129,40,22,54,24,16,6,25,5,0,0,0,0,82.21,44.44,37.5,70.37,87.25,80.46,88.04,78.18,55.0,20.0,,,61.185,50.3023,20.6771,29.3833,0.2418,9.7944,6.8924,30.3507,26.4813,21.0399,16.9287,36.3966,32.0435,19.9516,15.5985,4.8368,2.6602,6.5296,2.9021,1.9347,0.7255,3.023,0.6046,0.0,0.0,0.0,0.0,58,37,75,859.7522022200208,11,5,2,69,42,2.0,7.0133,4.474,9.0689,103.9604,1.3301,0.6046,0.2418,8.3434,5.0786,0.2418,1.214,1.499,25,5,24,5,1,0,20.0,3.023,0.6046,2.9021,0.6046,0.1209,0.0,347,31,10,1,0.0,22,2,0,0,0,3,0,0.0,0,0,0,0,0,0,7,1,0.0,41.9589,3.7485,1.2092,0.1209,0.0,2.6602,0.2418,0.0,0.0,0.0,0.3628,0.0,0.0,0.0,0.0,0.0,0.0,0.0,0.0,0.8464,0.1209,0.0,27,14,25,12,13,8,4,11,4,7,0,16,14,6,8,3,6,3,57,26,26,5,4,0,589,16,51.85,48.0,42.86,66,32,48.48,4,43,41,9,3.2648,1.6929,3.023,1.451,1.5719,0.9674,0.4837,1.3301,0.4837,0.8464,0.0,1.9347,1.6929,0.7255,0.9674,0.3628,0.7255,0.3628,6.8924,3.1439,3.1439,0.6046,0.4837,0.0,71.2213,1.9347,7.9807,3.8694,0.4837,5.1995,4.9577,1.0883,4,5,2,0,0,0,0.4837,0.6046,0.2418,0.0,0.0,0.0,2,0,2,0,0,0,0,0,1,0,1,0,50.2764070225582,,1,25.14,0.2418,0.0,0.2418,0.0,0.0,0.0,0.0,0.0,0.1209,0.0,0.1209,0.0,6.0794,0.1209,0,0,3,0,0,57,,,,0.0,0.0,0.3628,0.0,0.0,6.8924,1,0,0,0,0,0,0,100.0,0.1209,0.0,0.0,0.0,0.0,0.0,0.0,25,33,5,5,1,1,14,11,5,6,0,0,2,0,7,3,19,6,3.023,3.9903,0.6046,0.6046,0.1209,0.1209,1.6929,1.3301,0.6046,0.7255,0.0,0.0,0.2418,0.0,0.8464,0.3628,2.2975,0.7255,744.3,9,450-900,True,31.031,13.653,19.86,17.377,70.75,3.7522,1.6509,2.4015,2.1012,8.555,2.633,1.891
619vlbweueymdkq1vu3jm2mwa,I. Sadiq,Alkmaar Zaanstreek,234,177,53,123,1,33,23,95,77,106,77,142,108,72,57,20,12,22,13,19,8,1,0,12,3,0,0,75.64,59.09,42.11,69.7,81.05,72.64,76.06,79.17,60.0,0.0,25.0,,28.3904,21.4748,6.4303,14.9232,0.1213,4.0038,2.7905,11.526,9.3421,12.8606,9.3421,17.2284,13.1033,8.7355,6.9156,2.4265,1.4559,2.6692,1.5772,2.3052,0.9706,0.1213,0.0,1.4559,0.364,0.0,0.0,16,9,32,484.65241318536823,8,4,2,24,13,2.0,1.9412,1.0919,3.8824,58.8012,0.9706,0.4853,0.2427,2.9118,1.5772,0.2427,-0.939,-0.81,13,3,3,0,10,3,23.08,1.5772,0.364,0.364,0.0,1.2133,0.364,203,61,9,5,0.0,15,6,0,0,0,0,0,0,1,0,0.0,0,0,0,8,5,0.0,24.6293,7.4009,1.0919,0.6066,0.0,1.8199,0.728,0.0,0.0,0.0,0.0,0.0,0.0,0.1213,0.0,0.0,0.0,0.0,0.0,0.9706,0.6066,0.0,21,7,16,12,7,7,2,4,4,0,0,7,24,8,7,3,17,5,35,16,13,6,15,0,326,29,33.33,75.0,33.33,61,27,44.26,15,27,20,8,2.5479,0.8493,1.9412,1.4559,0.8493,0.8493,0.2427,0.4853,0.4853,0.0,0.0,0.8493,2.9118,0.9706,0.8493,0.364,2.0626,0.6066,4.2464,1.9412,1.5772,0.728,1.8199,0.0,39.5524,3.5185,7.4009,3.2758,1.8199,3.2758,2.4265,0.9706,12,12,0,3,0,0,1.4559,1.4559,0.0,0.364,0.0,0.0,14,2,2,0,10,1,2,1,9,1,5,1,302.2568685294253,,7,21.59,1.6986,0.2427,0.2427,0.0,1.2133,0.1213,0.2427,0.1213,1.0919,0.1213,0.6066,0.1213,36.6718,0.8493,2,0,1,0,0,6,,,0.0,0.2427,0.0,0.1213,0.0,0.0,0.728,1,0,0,0,0,0,0,100.0,0.1213,0.0,0.0,0.0,0.0,0.0,0.0,5,11,5,4,3,11,6,10,2,2,1,1,8,6,2,7,11,5,0.6066,1.3346,0.6066,0.4853,0.364,1.3346,0.728,1.2133,0.2427,0.2427,0.1213,0.1213,0.9706,0.728,0.2427,0.8493,1.3346,0.6066,741.8,16,450-900,True,17.557,4.389,7.681,26.336,38.406,2.1301,0.5325,0.9319,3.1953,4.6597,0.773,-0.307
ddfwtazsntda1pah2l454py3t,J. Gorter,AFC Ajax,304,242,242,0,0,300,239,4,3,0,0,95,95,95,95,114,52,106,46,0,0,0,0,0,0,0,0,79.61,43.4,,79.67,75.0,,100.0,100.0,45.61,,,,37.0531,29.4962,29.4962,0.0,0.0,36.5655,29.1306,0.4875,0.3657,0.0,0.0,11.5791,11.5791,11.5791,11.5791,13.8949,6.338,12.9198,5.6067,0.0,0.0,0.0,0.0,0.0,0.0,0.0,0.0,30,3,28,445.2299236041506,0,0,0,30,3,0.0,3.6566,0.3657,3.4128,54.2669,0.0,0.0,0.0,3.6566,0.3657,0.0,-0.211,-0.493,0,0,0,0,0,0,,0.0,0.0,0.0,0.0,0.0,0.0,151,0,0,0,0,0,0,0,0,0,0,0,0,0,0,0,0,0,0,0,0,0,18.4047,0.0,0.0,0.0,0.0,0.0,0.0,0.0,0.0,0.0,0.0,0.0,0.0,0.0,0.0,0.0,0.0,0.0,0.0,0.0,0.0,0.0,0,0,0,0,0,0,0,0,0,0,0,4,0,0,0,0,0,0,11,11,0,0,0,1,308,0,,,,0,0,,1,11,0,0,0.0,0.0,0.0,0.0,0.0,0.0,0.0,0.0,0.0,0.0,0.0,0.4875,0.0,0.0,0.0,0.0,0.0,0.0,1.3407,1.3407,0.0,0.0,0.0,0.1219,37.5406,0.0,0.0,0.0,0.1219,1.3407,0.0,0.0,0,1,0,0,0,0,0.0,0.1219,0.0,0.0,0.0,0.0,0,0,0,0,0,0,0,0,0,0,0,0,0,,0,,0.0,0.0,0.0,0.0,0.0,0.0,0.0,0.0,0.0,0.0,0.0,0.0,0.0,0.0,0,0,10,0,0,0,,,,0.0,0.0,1.2189,0.0,0.0,0.0,18,7,2,40,0,1,2,100.0,2.1939,0.8532,0.2438,4.8754,0.0,0.1219,0.2438,9,21,0,0,0,0,0,0,0,0,0,0,0,0,0,0,0,0,1.097,2.5596,0.0,0.0,0.0,0.0,0.0,0.0,0.0,0.0,0.0,0.0,0.0,0.0,0.0,0.0,0.0,0.0,738.4,8,450-900,True,0.0,0.0,4.965,0.0,13.653,0.0,0.0,0.6052,0.0,1.6641,-1.668,-1.353
1v62lh9e2cpqsaww3ggw5togk,G. Kuol,FC Volendam,124,75,31,44,0,22,15,44,32,58,28,75,48,35,20,14,7,11,4,8,4,6,1,7,1,0,0,60.48,36.36,50.0,68.18,72.73,48.28,64.0,57.14,50.0,16.67,14.29,,15.3065,9.258,3.8266,5.4314,0.0,2.7157,1.8516,5.4314,3.9501,7.1595,3.4563,9.258,5.9251,4.3204,2.4688,1.7282,0.8641,1.3578,0.4938,0.9875,0.4938,0.7406,0.1234,0.8641,0.1234,0.0,0.0,8,3,11,114.8233289267587,2,2,1,10,5,1.0,0.9875,0.3703,1.3578,14.1738,0.2469,0.2469,0.1234,1.2344,0.6172,0.1234,-1.344,-1.523,13,2,12,2,1,0,15.38,1.6047,0.2469,1.4813,0.2469,0.1234,0.0,103,21,3,1,0.0,9,1,0,0,0,1,0,0.0,0,0,0,0,0,0,2,1,0.0,12.7143,2.5922,0.3703,0.1234,0.0,1.111,0.1234,0.0,0.0,0.0,0.1234,0.0,0.0,0.0,0.0,0.0,0.0,0.0,0.0,0.2469,0.1234,0.0,32,6,12,5,7,2,3,2,2,0,0,1,8,3,3,2,5,1,36,15,14,7,9,1,196,19,18.75,41.67,37.5,52,14,26.92,10,24,16,10,3.9501,0.7406,1.4813,0.6172,0.8641,0.2469,0.3703,0.2469,0.2469,0.0,0.0,0.1234,0.9875,0.3703,0.3703,0.2469,0.6172,0.1234,4.4438,1.8516,1.7282,0.8641,1.111,0.1234,24.1942,2.3454,6.4189,1.7282,1.2344,2.9626,1.975,1.2344,13,10,0,1,0,0,1.6047,1.2344,0.0,0.1234,0.0,0.0,10,1,2,0,8,1,0,0,8,0,2,1,169.76495956722272,,2,16.98,1.2344,0.1234,0.2469,0.0,0.9875,0.1234,0.0,0.0,0.9875,0.0,0.2469,0.1234,20.9558,0.2469,0,0,1,0,0,2,,,,0.0,0.0,0.1234,0.0,0.0,0.2469,0,0,0,0,0,0,0,,0.0,0.0,0.0,0.0,0.0,0.0,0.0,5,3,1,2,5,5,8,4,1,1,0,1,9,1,3,0,4,8,0.6172,0.3703,0.1234,0.2469,0.6172,0.6172,0.9875,0.4938,0.1234,0.1234,0.0,0.1234,1.111,0.1234,0.3703,0.0,0.4938,0.9875,729.1,15,450-900,True,10.223,1.704,0.852,6.815,30.668,1.2619,0.2103,0.1052,0.8412,3.7857,-0.222,-0.94
dz5odw2c0d2hyx60oxorrf9hx,R. Maulun,FC Volendam,329,261,107,152,2,67,53,185,155,77,53,174,149,108,87,47,25,46,25,22,13,0,0,27,11,0,0,79.33,54.35,59.09,79.1,83.78,68.83,85.63,80.56,53.19,,40.74,,40.7907,32.3598,13.2663,18.8456,0.248,8.3069,6.5712,22.937,19.2175,9.5468,6.5712,21.5732,18.4736,13.3903,10.7866,5.8272,3.0996,5.7033,3.0996,2.7276,1.6118,0.0,0.0,3.3476,1.3638,0.0,0.0,39,23,48,639.4533626049503,8,3,1,47,26,1.0,4.8354,2.8516,5.9512,79.282,0.9919,0.372,0.124,5.8272,3.2236,0.124,0.29,0.429,27,11,21,10,6,1,40.74,3.3476,1.3638,2.6037,1.2398,0.7439,0.124,215,29,14,0,0.0,24,2,0,0,0,10,0,0.0,0,0,0,0,0,0,4,0,0.0,26.6566,3.5955,1.7358,0.0,0.0,2.9756,0.248,0.0,0.0,0.0,1.2398,0.0,0.0,0.0,0.0,0.0,0.0,0.0,0.0,0.4959,0.0,0.0,1,1,5,2,1,3,1,4,1,3,0,7,14,6,5,1,9,5,39,18,17,4,5,0,363,2,100.0,40.0,42.86,20,9,45.0,5,20,23,5,0.124,0.124,0.6199,0.248,0.124,0.372,0.124,0.4959,0.124,0.372,0.0,0.8679,1.7358,0.7439,0.6199,0.124,1.1159,0.6199,4.8354,2.2317,2.1077,0.4959,0.6199,0.0,45.0062,0.248,2.4797,1.1159,0.6199,2.4797,2.8516,0.6199,6,2,0,1,0,0,0.7439,0.248,0.0,0.124,0.0,0.0,3,0,1,0,2,0,0,0,0,0,3,0,70.59774189812222,,0,23.53,0.372,0.0,0.124,0.0,0.248,0.0,0.0,0.0,0.0,0.0,0.372,0.0,8.753,0.0,22,11,10,0,0,2,,,50.0,2.7276,1.3638,1.2398,0.0,0.0,0.248,0,0,0,0,0,0,0,,0.0,0.0,0.0,0.0,0.0,0.0,0.0,24,15,6,8,2,1,3,2,2,2,0,0,2,1,9,5,3,2,2.9756,1.8598,0.7439,0.9919,0.248,0.124,0.372,0.248,0.248,0.248,0.0,0.0,0.248,0.124,1.1159,0.6199,0.372,0.248,725.9,14,450-900,True,4.259,3.408,5.963,11.926,33.224,0.528,0.4225,0.7393,1.4786,4.1192,-1.063,-0.523
124bbojic7k5medlvgvxmcm39,Manel Royo,Almere City FC,412,265,134,130,1,61,37,177,125,174,103,182,144,140,94,90,27,108,42,21,12,58,15,2,0,0,0,64.32,38.89,57.14,60.66,70.62,59.2,79.12,67.14,30.0,25.86,0.0,,51.4286,33.0791,16.7268,16.2275,0.1248,7.6144,4.6186,22.0943,15.6033,21.7198,12.8571,22.7184,17.975,17.4757,11.7337,11.2344,3.3703,13.4813,5.2427,2.6214,1.4979,7.2399,1.8724,0.2497,0.0,0.0,0.0,66,25,62,805.2961478498331,11,8,2,77,33,2.0,8.2386,3.1207,7.7393,100.5224,1.3731,0.9986,0.2497,9.6117,4.1193,0.2497,1.734,2.038,60,15,56,13,4,2,25.0,7.4896,1.8724,6.9903,1.6227,0.4993,0.2497,232,20,9,0,0.0,13,0,0,0,0,7,0,0.0,1,0,0.0,0,0,0,1,0,0.0,28.9598,2.4965,1.1234,0.0,0.0,1.6227,0.0,0.0,0.0,0.0,0.8738,0.0,0.0,0.1248,0.0,0.0,0.0,0.0,0.0,0.1248,0.0,0.0,8,5,16,9,7,6,3,4,1,3,0,14,9,4,7,3,2,1,39,20,15,4,3,0,457,13,62.5,56.25,44.44,33,18,54.55,3,28,24,7,0.9986,0.6241,1.9972,1.1234,0.8738,0.749,0.3745,0.4993,0.1248,0.3745,0.0,1.7476,1.1234,0.4993,0.8738,0.3745,0.2497,0.1248,4.8682,2.4965,1.8724,0.4993,0.3745,0.0,57.0458,1.6227,4.1193,2.2469,0.3745,3.4951,2.9958,0.8738,17,3,0,2,0,0,2.1221,0.3745,0.0,0.2497,0.0,0.0,5,0,5,0,0,0,0,0,1,0,4,0,138.71247639228469,,0,27.74,0.6241,0.0,0.6241,0.0,0.0,0.0,0.0,0.0,0.1248,0.0,0.4993,0.0,17.315,0.0,7,5,2,0,0,95,,,71.43,0.8738,0.6241,0.2497,0.0,0.0,11.8585,0,0,0,0,0,0,0,,0.0,0.0,0.0,0.0,0.0,0.0,0.0,34,32,3,6,2,3,10,6,2,2,0,0,2,3,6,3,8,8,4.2441,3.9945,0.3745,0.749,0.2497,0.3745,1.2483,0.749,0.2497,0.2497,0.0,0.0,0.2497,0.3745,0.749,0.3745,0.9986,0.9986,721.0,12,450-900,True,14.275,3.569,12.491,8.03,34.795,1.7819,0.4455,1.5592,1.0024,4.3433,0.374,-0.478
3ndwckior1wi6ba3rrw10a356,S. Fofana,Fortuna Sittard,260,182,126,56,0,108,67,144,108,8,7,103,75,97,78,60,29,67,28,24,12,0,0,1,0,0,0,70.0,41.79,50.0,62.04,75.0,87.5,72.82,80.41,48.33,,0.0,,33.215,23.2505,16.0965,7.154,0.0,13.797,8.5593,18.396,13.797,1.022,0.8943,13.1583,9.5813,12.3918,9.9645,7.665,3.7048,8.5593,3.577,3.066,1.533,0.0,0.0,0.1278,0.0,0.0,0.0,33,21,24,270.0652972073149,1,0,0,34,21,0.0,4.2158,2.6828,3.066,34.5009,0.1278,0.0,0.0,4.3435,2.6828,0.0,0.027,-0.201,1,0,0,0,1,0,0.0,0.1278,0.0,0.0,0.0,0.1278,0.0,143,1,1,0,0.0,5,0,0,0,0,0,0,0,0,0,0,0,0,0,1,0,0.0,18.2683,0.1278,0.1278,0.0,0.0,0.6388,0.0,0.0,0.0,0.0,0.0,0.0,0.0,0.0,0.0,0.0,0.0,0.0,0.0,0.1278,0.0,0.0,11,6,24,13,17,7,0,4,3,1,0,17,20,9,16,8,4,1,39,23,14,2,3,1,306,3,54.55,54.17,45.0,55,28,50.91,4,43,22,2,1.4053,0.7665,3.066,1.6608,2.1718,0.8943,0.0,0.511,0.3833,0.1278,0.0,2.1718,2.555,1.1498,2.044,1.022,0.511,0.1278,4.9823,2.9383,1.7885,0.2555,0.3833,0.1278,39.0916,0.3833,7.0263,3.577,0.511,5.4933,2.8105,0.2555,6,4,2,0,0,0,0.7665,0.511,0.2555,0.0,0.0,0.0,2,1,0,0,2,1,0,0,0,0,2,1,125.80277062817431,,1,62.9,0.2555,0.1278,0.0,0.0,0.2555,0.1278,0.0,0.0,0.0,0.0,0.2555,0.1278,16.0713,0.1278,0,0,6,0,0,18,,,,0.0,0.0,0.7665,0.0,0.0,2.2995,6,0,0,0,0,0,0,100.0,0.7665,0.0,0.0,0.0,0.0,0.0,0.0,17,16,1,0,1,1,7,17,2,2,0,1,0,2,0,1,14,10,2.1718,2.044,0.1278,0.0,0.1278,0.1278,0.8943,2.1718,0.2555,0.2555,0.0,0.1278,0.0,0.2555,0.0,0.1278,1.7885,1.2775,704.5,11,450-900,True,21.1,3.517,14.946,17.583,34.287,2.6955,0.4493,1.9094,2.2462,4.3802,1.421,-0.47
a2psnkhu3h7m0ng8e7qdietey,S. Tengstedt,Go Ahead Eagles,184,144,57,86,1,26,21,73,52,85,71,121,96,53,43,10,5,10,4,19,3,6,2,0,0,0,0,78.26,40.0,15.79,80.77,71.23,83.53,79.34,81.13,50.0,33.33,,,23.6301,18.4932,7.3202,11.0445,0.1284,3.339,2.6969,9.375,6.6781,10.9161,9.1182,15.5394,12.3288,6.8065,5.5223,1.2842,0.6421,1.2842,0.5137,2.4401,0.3853,0.7705,0.2568,0.0,0.0,0.0,0.0,6,8,26,330.41166623145205,8,6,3,14,14,3.0,0.7705,1.0274,3.339,42.433,1.0274,0.7705,0.3853,1.7979,1.7979,0.3853,-1.436,-1.283,6,2,2,1,4,1,33.33,0.7705,0.2568,0.2568,0.1284,0.5137,0.1284,159,38,8,2,0.0,18,2,0,0,0,1,0,0.0,1,0,0.0,0,0,0,6,2,0.0,20.4195,4.8801,1.0274,0.2568,0.0,2.3116,0.2568,0.0,0.0,0.0,0.1284,0.0,0.0,0.1284,0.0,0.0,0.0,0.0,0.0,0.7705,0.2568,0.0,26,10,9,8,2,5,2,1,0,1,0,4,14,5,7,3,7,2,30,16,9,5,9,0,269,28,38.46,88.89,35.71,49,23,46.94,9,18,15,7,3.339,1.2842,1.1558,1.0274,0.2568,0.6421,0.2568,0.1284,0.0,0.1284,0.0,0.5137,1.7979,0.6421,0.899,0.3853,0.899,0.2568,3.8527,2.0548,1.1558,0.6421,1.1558,0.0,34.5462,3.5959,6.2928,2.9538,1.1558,2.3116,1.9264,0.899,1,5,0,0,0,0,0.1284,0.6421,0.0,0.0,0.0,0.0,22,0,18,0,3,0,1,0,10,0,12,0,432.3579738620882,,2,19.65,2.8253,0.0,2.3116,0.0,0.3853,0.0,0.1284,0.0,1.2842,0.0,1.5411,0.0,55.5254,0.2568,4,1,1,0,0,1,,,25.0,0.5137,0.1284,0.1284,0.0,0.0,0.1284,1,0,0,0,0,0,0,100.0,0.1284,0.0,0.0,0.0,0.0,0.0,0.0,2,4,4,4,10,11,3,6,1,0,0,0,5,17,4,4,7,2,0.2568,0.5137,0.5137,0.5137,1.2842,1.4127,0.3853,0.7705,0.1284,0.0,0.0,0.0,0.6421,2.1832,0.5137,0.5137,0.899,0.2568,700.8,16,450-900,True,8.245,0.916,3.664,12.825,27.482,1.0589,0.1176,0.4705,1.647,3.5294,-0.454,-1.122
brij3tiox17hyfm63ulhg5sr9,J. Bruijn,Heracles Almelo,222,142,60,81,1,33,17,122,92,67,33,117,87,66,41,39,14,43,15,15,7,4,0,20,2,0,0,63.96,34.88,46.67,51.52,75.41,49.25,74.36,62.12,35.9,0.0,10.0,,28.5673,18.2728,7.7209,10.4232,0.1287,4.2465,2.1876,15.6992,11.8387,8.6217,4.2465,15.0558,11.1953,8.493,5.276,5.0186,1.8015,5.5333,1.9302,1.9302,0.9008,0.5147,0.0,2.5736,0.2574,0.0,0.0,13,13,18,275.7256415039066,5,2,3,18,15,3.0,1.6729,1.6729,2.3163,35.4809,0.6434,0.2574,0.386,2.3163,1.9302,0.386,-1.053,-1.063,24,2,12,1,12,1,8.33,3.0884,0.2574,1.5442,0.1287,1.5442,0.1287,156,37,10,2,0.0,15,2,0,0,0,2,1,0.0,0,0,0,1,0,0.0,7,1,0.0,20.0743,4.7612,1.2868,0.2574,0.0,1.9302,0.2574,0.0,0.0,0.0,0.2574,0.1287,0.0,0.0,0.0,0.0,0.1287,0.0,0.0,0.9008,0.1287,0.0,8,0,10,5,7,2,1,4,1,2,1,8,15,5,4,2,11,3,30,18,9,3,10,0,284,16,0.0,50.0,33.33,33,10,30.3,10,26,13,5,1.0295,0.0,1.2868,0.6434,0.9008,0.2574,0.1287,0.5147,0.1287,0.2574,0.1287,1.0295,1.9302,0.6434,0.5147,0.2574,1.4155,0.386,3.8605,2.3163,1.1581,0.386,1.2868,0.0,36.5456,2.0589,4.2465,1.2868,1.2868,3.3457,1.6729,0.6434,10,7,0,1,0,0,1.2868,0.9008,0.0,0.1287,0.0,0.0,11,1,3,1,8,0,0,0,8,1,3,0,219.92650754965962,,3,19.99,1.4155,0.1287,0.386,0.1287,1.0295,0.0,0.0,0.0,1.0295,0.1287,0.386,0.0,28.3005,0.386,16,5,10,0,0,4,,,31.25,2.0589,0.6434,1.2868,0.0,0.0,0.5147,1,0,0,0,0,0,0,100.0,0.1287,0.0,0.0,0.0,0.0,0.0,0.0,10,3,5,5,7,4,8,2,3,1,1,0,10,1,5,5,1,9,1.2868,0.386,0.6434,0.6434,0.9008,0.5147,1.0295,0.2574,0.386,0.1287,0.1287,0.0,1.2868,0.1287,0.6434,0.6434,0.1287,1.1581,699.4,14,450-900,True,9.295,3.718,7.436,13.943,27.886,1.1961,0.4784,0.9569,1.7942,3.5884,-0.297,-0.413
es75u7djersp0p9nefh0wx756,F. Stevanović,RKC Waalwijk,268,167,48,118,1,20,6,91,69,157,92,158,101,68,44,42,22,41,18,13,4,8,0,36,15,0,0,62.31,43.9,30.77,30.0,75.82,58.6,63.92,64.71,52.38,0.0,41.67,,34.6901,21.6166,6.2131,15.274,0.1294,2.5888,0.7766,11.7791,8.9314,20.3222,11.9085,20.4516,13.0735,8.802,5.6954,5.4365,2.8477,5.3071,2.3299,1.6827,0.5178,1.0355,0.0,4.6599,1.9416,0.0,0.0,28,10,48,775.071247558014,15,10,5,43,20,5.0,3.6243,1.2944,6.2131,100.3256,1.9416,1.2944,0.6472,5.5659,2.5888,0.6472,-0.224,0.318,44,15,24,3,20,12,34.09,5.6954,1.9416,3.1066,0.3883,2.5888,1.5533,197,58,13,0,0.0,20,0,0,0,0,12,0,0.0,0,0,0,1,0,0.0,0,0,0,25.4998,7.5076,1.6827,0.0,0.0,2.5888,0.0,0.0,0.0,0.0,1.5533,0.0,0.0,0.0,0.0,0.0,0.1294,0.0,0.0,0.0,0.0,0.0,30,8,12,9,6,3,3,3,1,2,0,4,11,3,3,1,8,2,31,8,17,6,13,0,365,26,26.67,75.0,27.27,53,20,37.74,13,15,22,9,3.8832,1.0355,1.5533,1.165,0.7766,0.3883,0.3883,0.3883,0.1294,0.2589,0.0,0.5178,1.4238,0.3883,0.3883,0.1294,1.0355,0.2589,4.0127,1.0355,2.2005,0.7766,1.6827,0.0,47.2458,3.3655,6.8603,2.5888,1.6827,1.9416,2.8477,1.165,2,4,0,1,0,0,0.2589,0.5178,0.0,0.1294,0.0,0.0,18,2,5,1,12,1,1,0,10,2,8,0,339.8625235371479,,2,18.88,2.3299,0.2589,0.6472,0.1294,1.5533,0.1294,0.1294,0.0,1.2944,0.2589,1.0355,0.0,43.992,0.2589,26,14,8,0,0,3,,,53.85,3.3655,1.8122,1.0355,0.0,0.0,0.3883,0,0,0,0,0,0,0,,0.0,0.0,0.0,0.0,0.0,0.0,0.0,14,14,5,8,7,11,2,10,1,2,1,1,9,9,5,8,6,6,1.8122,1.8122,0.6472,1.0355,0.9061,1.4238,0.2589,1.2944,0.1294,0.2589,0.1294,0.1294,1.165,1.165,0.6472,1.0355,0.7766,0.7766,695.3,16,450-900,True,10.969,2.742,3.656,10.055,28.336,1.4198,0.3549,0.4732,1.3015,3.6678,-0.041,-0.656
7ty1wdxxnusgkl34k5raipbl5,M. van Bergen,FC Twente,236,149,48,100,1,13,12,59,50,164,87,115,82,85,50,36,17,35,15,7,2,14,0,54,13,0,0,63.14,42.86,28.57,92.31,84.75,53.05,71.3,58.82,47.22,0.0,24.07,,31.2629,19.738,6.3586,13.247,0.1325,1.7221,1.5896,7.8157,6.6235,21.7251,11.5249,15.234,10.8625,11.2599,6.6235,4.7689,2.252,4.6364,1.987,0.9273,0.2649,1.8546,0.0,7.1534,1.7221,0.0,0.0,27,5,32,564.8748447011562,16,8,7,43,13,7.0,3.5767,0.6623,4.239,74.8289,2.1195,1.0598,0.9273,5.6962,1.7221,0.9273,-0.245,0.374,68,13,35,5,33,8,19.12,9.0079,1.7221,4.6364,0.6623,4.3715,1.0598,163,43,22,1,0.0,35,2,0,0,0,11,0,0.0,0,0,0,0,0,0,11,1,0.0,21.5926,5.6962,2.9143,0.1325,0.0,4.6364,0.2649,0.0,0.0,0.0,1.4572,0.0,0.0,0.0,0.0,0.0,0.0,0.0,0.0,1.4572,0.1325,0.0,28,9,6,5,3,0,3,4,2,0,2,7,16,3,5,1,11,2,26,7,17,2,7,0,313,38,32.14,83.33,18.75,50,17,34.0,7,12,17,7,3.7092,1.1922,0.7948,0.6623,0.3974,0.0,0.3974,0.5299,0.2649,0.0,0.2649,0.9273,2.1195,0.3974,0.6623,0.1325,1.4572,0.2649,3.4442,0.9273,2.252,0.2649,0.9273,0.0,41.4631,5.0339,6.6235,2.252,0.9273,1.5896,2.252,0.9273,2,5,0,0,0,0,0.2649,0.6623,0.0,0.0,0.0,0.0,18,0,4,0,14,0,0,0,11,0,7,0,376.187244639544,,1,20.9,2.3845,0.0,0.5299,0.0,1.8546,0.0,0.0,0.0,1.4572,0.0,0.9273,0.0,49.8335,0.1325,20,12,0,0,0,2,,,60.0,2.6494,1.5896,0.0,0.0,0.0,0.2649,1,0,0,0,0,0,0,100.0,0.1325,0.0,0.0,0.0,0.0,0.0,0.0,5,22,3,19,4,14,1,5,0,4,0,0,7,11,12,10,3,3,0.6623,2.9143,0.3974,2.5169,0.5299,1.8546,0.1325,0.6623,0.0,0.5299,0.0,0.0,0.9273,1.4572,1.5896,1.3247,0.3974,0.3974,679.4,21,450-900,True,6.838,4.558,7.977,18.234,29.63,0.9058,0.6038,1.0567,2.4155,3.9251,-0.63,-0.166
6o2tffdjtdueojbhahe3w66i2,R. Vita,Fortuna Sittard,277,182,102,80,0,77,43,135,100,65,39,109,77,120,86,48,19,58,23,14,9,30,7,0,0,0,0,65.7,39.66,64.29,55.84,74.07,60.0,70.64,71.67,39.58,23.33,,,37.0101,24.3171,13.6283,10.6888,0.0,10.288,5.7452,18.0374,13.361,8.6847,5.2108,14.5635,10.288,16.0333,11.4905,6.4133,2.5386,7.7494,3.073,1.8705,1.2025,4.0083,0.9353,0.0,0.0,0.0,0.0,42,16,35,416.222445100616,2,1,0,44,17,0.0,5.6116,2.1378,4.6764,55.6117,0.2672,0.1336,0.0,5.8789,2.2714,0.0,0.619,0.451,30,7,24,6,6,1,23.33,4.0083,0.9353,3.2067,0.8017,0.8017,0.1336,150,16,6,1,0.0,16,1,0,0,0,4,0,0.0,0,0,0,0,0,0,2,1,0.0,20.0416,2.1378,0.8017,0.1336,0.0,2.1378,0.1336,0.0,0.0,0.0,0.5344,0.0,0.0,0.0,0.0,0.0,0.0,0.0,0.0,0.2672,0.1336,0.0,21,8,23,17,13,9,1,11,6,4,1,14,12,5,10,4,2,1,47,27,16,4,9,0,346,4,38.1,73.91,41.67,56,30,53.57,9,46,29,6,2.8058,1.0689,3.073,2.2714,1.7369,1.2025,0.1336,1.4697,0.8017,0.5344,0.1336,1.8705,1.6033,0.6681,1.3361,0.5344,0.2672,0.1336,6.2797,3.6075,2.1378,0.5344,1.2025,0.0,46.2292,0.5344,7.4822,4.0083,1.2025,6.1461,3.8747,0.8017,10,11,0,1,0,0,1.3361,1.4697,0.0,0.1336,0.0,0.0,6,0,5,0,1,0,0,0,2,0,4,0,139.16286594008477,,1,23.19,0.8017,0.0,0.6681,0.0,0.1336,0.0,0.0,0.0,0.2672,0.0,0.5344,0.0,18.5936,0.1336,4,1,8,0,0,60,,,25.0,0.5344,0.1336,1.0689,0.0,0.0,8.0166,3,0,0,0,0,0,0,100.0,0.4008,0.0,0.0,0.0,0.0,0.0,0.0,16,26,3,3,2,4,9,14,6,5,0,0,1,5,1,5,18,5,2.1378,3.4739,0.4008,0.4008,0.2672,0.5344,1.2025,1.8705,0.8017,0.6681,0.0,0.0,0.1336,0.6681,0.1336,0.6681,2.405,0.6681,673.6,15,450-900,True,20.221,9.671,12.308,10.55,41.321,2.7017,1.2921,1.6445,1.4096,5.5209,1.428,1.186
60jptu288hf6gcljkbzcdie39,K. Peterson,Fortuna Sittard,201,140,61,79,0,15,10,89,70,97,60,112,82,61,41,28,17,26,16,10,4,5,0,36,15,0,0,69.65,61.54,40.0,66.67,78.65,61.86,73.21,67.21,60.71,0.0,41.67,,27.203,18.9474,8.2556,10.6917,0.0,2.0301,1.3534,12.0451,9.4737,13.1278,8.1203,15.1579,11.0977,8.2556,5.5489,3.7895,2.3008,3.5188,2.1654,1.3534,0.5414,0.6767,0.0,4.8722,2.0301,0.0,0.0,30,10,23,386.2037942813746,9,5,3,39,15,3.0,4.0602,1.3534,3.1128,52.2682,1.218,0.6767,0.406,5.2782,2.0301,0.406,-0.039,0.196,41,15,33,12,8,3,36.59,5.5489,2.0301,4.4662,1.6241,1.0827,0.406,151,36,15,2,0.0,26,2,0,0,0,7,1,0.0,0,0,0,0,0,0,8,1,0.0,20.4361,4.8722,2.0301,0.2707,0.0,3.5188,0.2707,0.0,0.0,0.0,0.9474,0.1353,0.0,0.0,0.0,0.0,0.0,0.0,0.0,1.0827,0.1353,0.0,20,6,2,1,0,1,1,1,1,0,0,2,11,3,2,0,9,3,22,6,15,1,11,1,267,30,30.0,50.0,27.27,33,10,30.3,12,7,16,2,2.7068,0.812,0.2707,0.1353,0.0,0.1353,0.1353,0.1353,0.1353,0.0,0.0,0.2707,1.4887,0.406,0.2707,0.0,1.218,0.406,2.9774,0.812,2.0301,0.1353,1.4887,0.1353,36.1353,4.0602,4.4662,1.3534,1.6241,0.9474,2.1654,0.2707,6,11,0,1,0,0,0.812,1.4887,0.0,0.1353,0.0,0.0,14,0,2,0,9,0,3,0,9,0,5,0,258.2730763187411,,2,18.45,1.8947,0.0,0.2707,0.0,1.218,0.0,0.406,0.0,1.218,0.0,0.6767,0.0,34.9543,0.2707,18,8,12,0,0,3,,,44.44,2.4361,1.0827,1.6241,0.0,0.0,0.406,0,0,0,0,0,0,0,,0.0,0.0,0.0,0.0,0.0,0.0,0.0,13,17,6,9,7,7,1,1,1,0,0,0,9,5,9,6,0,2,1.7594,2.3008,0.812,1.218,0.9474,0.9474,0.1353,0.1353,0.1353,0.0,0.0,0.0,1.218,0.6767,1.218,0.812,0.0,0.2707,665.0,18,450-900,True,1.758,0.879,1.758,9.671,19.342,0.2379,0.119,0.2379,1.3089,2.6177,-1.395,-1.119
3z0aknj901kdnvsp4sld6ejv8,Vivaldo Semedo,FC Volendam,105,63,13,50,0,3,1,71,45,31,17,66,38,34,23,5,2,4,2,22,6,2,0,0,0,0,0,60.0,50.0,27.27,33.33,63.38,54.84,57.58,67.65,40.0,0.0,,,14.2341,8.5404,1.7623,6.7781,0.0,0.4067,0.1356,9.6249,6.1003,4.2024,2.3046,8.9471,5.1514,4.6091,3.1179,0.6778,0.2711,0.5423,0.2711,2.9824,0.8134,0.2711,0.0,0.0,0.0,0.0,0.0,2,4,7,70.01847593077497,1,0,1,3,4,1.0,0.2711,0.5423,0.9489,9.4919,0.1356,0.0,0.1356,0.4067,0.5423,0.1356,-1.648,-1.874,2,0,2,0,0,0,0.0,0.2711,0.0,0.2711,0.0,0.0,0.0,96,63,4,0,0.0,6,1,1,0,0.0,0,0,0,1,0,0.0,0,0,0,2,0,0.0,13.014,8.5404,0.5423,0.0,0.0,0.8134,0.1356,0.1356,0.0,0.0,0.0,0.0,0.0,0.1356,0.0,0.0,0.0,0.0,0.0,0.2711,0.0,0.0,10,7,2,1,0,2,0,0,0,0,0,4,46,21,7,4,39,17,17,0,12,5,9,0,176,23,70.0,50.0,45.65,58,29,50.0,9,0,14,5,1.3556,0.9489,0.2711,0.1356,0.0,0.2711,0.0,0.0,0.0,0.0,0.0,0.5423,6.2359,2.8468,0.9489,0.5423,5.2869,2.3046,2.3046,0.0,1.6268,0.6778,1.2201,0.0,23.859,3.1179,7.8626,3.9313,1.2201,0.0,1.8979,0.6778,14,4,0,1,0,0,1.8979,0.5423,0.0,0.1356,0.0,0.0,22,1,14,0,6,1,2,0,15,1,7,0,382.1655705083954,,1,17.37,2.9824,0.1356,1.8979,0.0,0.8134,0.1356,0.2711,0.0,2.0334,0.1356,0.9489,0.0,51.8074,0.1356,0,0,0,0,0,0,,,,0.0,0.0,0.0,0.0,0.0,0.0,2,0,0,0,0,0,0,100.0,0.2711,0.0,0.0,0.0,0.0,0.0,0.0,1,1,0,4,11,11,1,1,0,0,1,0,11,11,2,2,1,1,0.1356,0.1356,0.0,0.5423,1.4912,1.4912,0.1356,0.1356,0.0,0.0,0.1356,0.0,1.4912,1.4912,0.2711,0.2711,0.1356,0.1356,663.9,13,450-900,True,1.704,0.0,3.408,39.187,14.482,0.231,0.0,0.462,5.3123,1.9632,-1.403,-1.353
dmnk8dz6w8n4fcso88fuvusfe,Zidane Iqbal,FC Utrecht,427,373,215,156,2,56,44,279,255,92,74,191,168,187,169,49,36,49,31,15,9,0,0,4,0,0,0,87.35,63.27,60.0,78.57,91.4,80.43,87.96,90.37,73.47,,0.0,,57.9027,50.5801,29.1547,21.1541,0.2712,7.5938,5.9666,37.8334,34.5789,12.4755,10.0347,25.9003,22.7814,25.3578,22.917,6.6446,4.8817,6.6446,4.2037,2.0341,1.2204,0.0,0.0,0.5424,0.0,0.0,0.0,43,42,65,778.8396110375379,6,4,1,49,46,1.0,5.8309,5.6953,8.8142,105.6133,0.8136,0.5424,0.1356,6.6446,6.2378,0.1356,0.712,0.777,4,0,2,0,2,0,0.0,0.5424,0.0,0.2712,0.0,0.2712,0.0,322,19,7,0,0.0,19,2,0,0,0,0,0,0,0,0,0,0,0,0,7,0,0.0,43.6643,2.5765,0.9492,0.0,0.0,2.5765,0.2712,0.0,0.0,0.0,0.0,0.0,0.0,0.0,0.0,0.0,0.0,0.0,0.0,0.9492,0.0,0.0,11,8,17,10,11,5,1,3,1,1,1,8,9,3,6,2,3,1,43,22,18,3,16,1,480,6,72.73,58.82,33.33,37,21,56.76,17,34,24,5,1.4916,1.0848,2.3053,1.356,1.4916,0.678,0.1356,0.4068,0.1356,0.1356,0.1356,1.0848,1.2204,0.4068,0.8136,0.2712,0.4068,0.1356,5.8309,2.9833,2.4409,0.4068,2.1697,0.1356,65.0896,0.8136,5.0173,2.8477,2.3053,4.6105,3.2545,0.678,8,5,0,0,0,0,1.0848,0.678,0.0,0.0,0.0,0.0,4,0,0,0,4,0,0,0,1,0,3,0,90.27897469965876,,0,22.57,0.5424,0.0,0.0,0.0,0.5424,0.0,0.0,0.0,0.1356,0.0,0.4068,0.0,12.2421,0.0,0,0,3,0,0,3,,,,0.0,0.0,0.4068,0.0,0.0,0.4068,2,0,0,0,0,0,0,100.0,0.2712,0.0,0.0,0.0,0.0,0.0,0.0,14,29,3,4,0,4,6,11,1,2,0,0,2,2,4,3,11,6,1.8984,3.9325,0.4068,0.5424,0.0,0.5424,0.8136,1.4916,0.1356,0.2712,0.0,0.0,0.2712,0.2712,0.5424,0.4068,1.4916,0.8136,663.7,18,450-900,True,16.438,2.901,7.736,8.702,41.579,2.229,0.3934,1.049,1.18,5.6383,0.887,-0.58
bner5siqnwn1fqusfrgujt0fe,M. Bruns,FC Twente,327,289,202,86,1,151,129,169,153,7,7,121,109,176,161,30,19,32,17,29,16,0,0,0,0,0,0,88.38,53.12,55.17,85.43,90.53,100.0,90.08,91.48,63.33,,,,44.4025,39.2426,27.4291,11.6777,0.1358,20.5039,17.5166,22.9481,20.7755,0.9505,0.9505,16.4303,14.8008,23.8986,21.8618,4.0736,2.58,4.3452,2.3084,3.9378,2.1726,0.0,0.0,0.0,0.0,0.0,0.0,33,18,35,536.9546916602262,1,0,0,34,18,0.0,4.481,2.4442,4.7526,72.9118,0.1358,0.0,0.0,4.6168,2.4442,0.0,0.139,-0.085,0,0,0,0,0,0,,0.0,0.0,0.0,0.0,0.0,0.0,197,5,0,0,0,2,0,0,0,0,0,0,0,0,0,0,0,0,0,0,0,0,26.7502,0.6789,0.0,0.0,0.0,0.2716,0.0,0.0,0.0,0.0,0.0,0.0,0.0,0.0,0.0,0.0,0.0,0.0,0.0,0.0,0.0,0.0,1,1,8,6,4,3,1,7,3,4,0,21,39,18,31,14,8,4,34,20,14,0,1,1,375,6,100.0,75.0,46.15,48,25,52.08,2,27,21,1,0.1358,0.1358,1.0863,0.8147,0.5432,0.4074,0.1358,0.9505,0.4074,0.5432,0.0,2.8515,5.2957,2.4442,4.2094,1.901,1.0863,0.5432,4.6168,2.7158,1.901,0.0,0.1358,0.1358,50.9203,0.8147,6.5178,3.3947,0.2716,3.6663,2.8515,0.1358,6,2,1,0,1,0,0.8147,0.2716,0.1358,0.0,0.1358,0.0,5,0,0,0,1,0,4,0,5,0,0,0,48.87096548125821,,0,9.77,0.6789,0.0,0.0,0.0,0.1358,0.0,0.5432,0.0,0.6789,0.0,0.0,0.0,6.6361,0.0,0,0,10,0,0,0,,,,0.0,0.0,1.3579,0.0,0.0,0.0,3,0,0,0,0,0,0,100.0,0.4074,0.0,0.0,0.0,0.0,0.0,0.0,13,20,0,0,0,5,2,6,3,4,0,0,2,3,0,0,3,5,1.7652,2.7158,0.0,0.0,0.0,0.6789,0.2716,0.8147,0.4074,0.5432,0.0,0.0,0.2716,0.4074,0.0,0.0,0.4074,0.6789,662.8,12,450-900,True,9.117,7.977,23.932,44.445,38.747,1.238,1.0832,3.2497,6.0351,5.2614,-0.249,0.775
emglxnqrlqskt8krglv7sziwa,R. Pepi,PSV Eindhoven,152,125,41,84,0,5,3,63,50,84,72,115,97,31,24,6,4,3,2,12,6,2,0,0,0,0,0,82.24,66.67,50.0,60.0,79.37,85.71,84.35,77.42,66.67,0.0,,,20.9655,17.2414,5.6552,11.5862,0.0,0.6897,0.4138,8.6897,6.8966,11.5862,9.931,15.8621,13.3793,4.2759,3.3103,0.8276,0.5517,0.4138,0.2759,1.6552,0.8276,0.2759,0.0,0.0,0.0,0.0,0.0,8,6,26,366.98441425879577,9,3,5,17,9,5.0,1.1034,0.8276,3.5862,50.6185,1.2414,0.4138,0.6897,2.3448,1.2414,0.6897,-1.295,-1.051,2,0,2,0,0,0,0.0,0.2759,0.0,0.2759,0.0,0.0,0.0,155,71,11,2,0.0,24,3,0,0,0,0,0,0,0,0,0,0,0,0,11,2,0.0,21.3793,9.7931,1.5172,0.2759,0.0,3.3103,0.4138,0.0,0.0,0.0,0.0,0.0,0.0,0.0,0.0,0.0,0.0,0.0,0.0,1.5172,0.2759,0.0,9,2,9,3,0,4,5,1,0,1,0,2,17,9,6,1,11,8,24,4,17,3,7,0,227,56,22.22,33.33,52.94,35,14,40.0,7,4,22,8,1.2414,0.2759,1.2414,0.4138,0.0,0.5517,0.6897,0.1379,0.0,0.1379,0.0,0.2759,2.3448,1.2414,0.8276,0.1379,1.5172,1.1034,3.3103,0.5517,2.3448,0.4138,0.9655,0.0,31.3103,7.7241,4.8276,1.931,0.9655,0.5517,3.0345,1.1034,6,3,0,2,0,0,0.8276,0.4138,0.0,0.2759,0.0,0.0,32,7,7,2,19,5,6,0,28,7,4,0,413.72165880693063,,9,12.93,4.4138,0.9655,0.9655,0.2759,2.6207,0.6897,0.8276,0.0,3.8621,0.9655,0.5517,0.0,57.0651,1.2414,0,0,1,0,0,0,,,,0.0,0.0,0.1379,0.0,0.0,0.0,0,0,0,0,0,0,0,,0.0,0.0,0.0,0.0,0.0,0.0,0.0,0,8,0,11,6,26,0,9,0,1,3,4,18,14,5,6,5,4,0.0,1.1034,0.0,1.5172,0.8276,3.5862,0.0,1.2414,0.0,0.1379,0.4138,0.5517,2.4828,1.931,0.6897,0.8276,0.6897,0.5517,652.5,27,450-900,True,12.616,1.402,2.803,23.829,33.642,1.7401,0.1934,0.3866,3.2868,4.6403,0.326,-0.973
ab17bik4y8ilv3ahe50a81ixg,M. Meerdink,Alkmaar Zaanstreek,169,113,45,68,0,4,3,75,48,90,62,114,74,46,33,9,6,6,4,48,19,6,1,1,0,0,0,66.86,66.67,39.58,75.0,64.0,68.89,64.91,71.74,66.67,16.67,0.0,,23.5121,15.7211,6.2606,9.4605,0.0,0.5565,0.4174,10.4344,6.678,12.5213,8.6258,15.8603,10.2953,6.3998,4.5911,1.2521,0.8348,0.8348,0.5565,6.678,2.6434,0.8348,0.1391,0.1391,0.0,0.0,0.0,13,6,22,247.48207752871437,5,5,0,18,11,0.0,1.8086,0.8348,3.0608,34.431,0.6956,0.6956,0.0,2.5043,1.5304,0.0,-0.995,-0.983,7,1,5,1,2,0,14.29,0.9739,0.1391,0.6956,0.1391,0.2783,0.0,163,93,11,0,0.0,22,0,0,0,0,1,0,0.0,0,0,0,0,0,0,10,0,0.0,22.6774,12.9386,1.5304,0.0,0.0,3.0608,0.0,0.0,0.0,0.0,0.1391,0.0,0.0,0.0,0.0,0.0,0.0,0.0,0.0,1.3913,0.0,0.0,10,5,3,1,2,0,1,0,0,0,0,8,48,33,4,3,44,30,5,0,2,3,6,0,236,31,50.0,33.33,68.75,61,39,63.93,6,2,2,4,1.3913,0.6956,0.4174,0.1391,0.2783,0.0,0.1391,0.0,0.0,0.0,0.0,1.113,6.678,4.5911,0.5565,0.4174,6.1215,4.1738,0.6956,0.0,0.2783,0.4174,0.8348,0.0,32.8335,4.3129,8.4866,5.4259,0.8348,0.2783,0.2783,0.5565,14,5,0,0,0,0,1.9478,0.6956,0.0,0.0,0.0,0.0,19,0,11,0,1,0,7,0,17,0,2,0,245.8184900774478,,0,12.94,2.6434,0.0,1.5304,0.0,0.1391,0.0,0.9739,0.0,2.3651,0.0,0.2783,0.0,34.1995,0.0,0,0,1,0,0,2,,,,0.0,0.0,0.1391,0.0,0.0,0.2783,1,0,0,0,0,0,0,100.0,0.1391,0.0,0.0,0.0,0.0,0.0,0.0,6,7,4,7,11,8,3,0,0,0,0,0,12,7,7,4,1,2,0.8348,0.9739,0.5565,0.9739,1.5304,1.113,0.4174,0.0,0.0,0.0,0.0,0.0,1.6695,0.9739,0.9739,0.5565,0.1391,0.2783,646.9,9,450-900,True,3.292,0.0,8.779,52.671,5.487,0.458,0.0,1.2214,7.3279,0.7634,-1.143,-1.353
a185wef6iz1nun1wry40jcgoa,N. Ünüvar,FC Twente,212,162,74,87,1,7,2,81,63,124,97,134,102,58,52,20,8,19,8,4,2,1,1,11,4,0,0,76.42,42.11,50.0,28.57,77.78,78.23,76.12,89.66,40.0,100.0,36.36,,29.7196,22.7103,10.3738,12.1963,0.1402,0.9813,0.2804,11.3551,8.8318,17.3832,13.5981,18.785,14.2991,8.1308,7.2897,2.8037,1.1215,2.6636,1.1215,0.5607,0.2804,0.1402,0.1402,1.5421,0.5607,0.0,0.0,39,15,35,406.8261307890687,8,4,2,47,19,2.0,5.4673,2.1028,4.9065,57.0317,1.1215,0.5607,0.2804,6.5888,2.6636,0.2804,0.558,0.753,12,5,12,5,0,0,41.67,1.6822,0.7009,1.6822,0.7009,0.0,0.0,194,54,17,5,0.0,27,5,0,0,0,1,0,0.0,0,0,0,0,0,0,16,5,0.0,27.1963,7.5701,2.3832,0.7009,0.0,3.785,0.7009,0.0,0.0,0.0,0.1402,0.0,0.0,0.0,0.0,0.0,0.0,0.0,0.0,2.243,0.7009,0.0,19,3,9,4,0,5,4,2,0,1,1,4,5,2,2,1,3,1,29,7,15,7,9,0,287,31,15.79,44.44,40.0,33,9,27.27,9,7,21,12,2.6636,0.4206,1.2617,0.5607,0.0,0.7009,0.5607,0.2804,0.0,0.1402,0.1402,0.5607,0.7009,0.2804,0.2804,0.1402,0.4206,0.1402,4.0654,0.9813,2.1028,0.9813,1.2617,0.0,40.2336,4.3458,4.6262,1.2617,1.2617,0.9813,2.9439,1.6822,6,2,0,0,0,0,0.8411,0.2804,0.0,0.0,0.0,0.0,25,3,5,1,18,2,2,0,10,3,15,0,483.67809021628875,,8,19.35,3.5047,0.4206,0.7009,0.1402,2.5234,0.2804,0.2804,0.0,1.4019,0.4206,2.1028,0.0,67.8053,1.1215,1,1,0,0,0,5,,,100.0,0.1402,0.1402,0.0,0.0,0.0,0.7009,1,0,0,0,0,0,0,100.0,0.1402,0.0,0.0,0.0,0.0,0.0,0.0,4,35,0,17,6,19,0,9,2,0,2,1,13,12,10,7,1,8,0.5607,4.9065,0.0,2.3832,0.8411,2.6636,0.0,1.2617,0.2804,0.0,0.2804,0.1402,1.8224,1.6822,1.4019,0.9813,0.1402,1.1215,642.0,19,450-900,True,10.256,2.279,4.558,5.698,33.049,1.4378,0.3195,0.639,0.7988,4.633,-0.02,-0.725
472gtgjd61tmky6j73s10rkt0,R. Omorowa,SBV Excelsior,133,89,26,63,0,6,6,64,44,63,39,98,64,32,23,3,2,3,2,24,8,0,0,2,1,0,0,66.92,66.67,33.33,100.0,68.75,61.9,65.31,71.88,66.67,,50.0,,18.7353,12.5372,3.6625,8.8746,0.0,0.8452,0.8452,9.0155,6.1982,8.8746,5.4938,13.805,9.0155,4.5077,3.2399,0.4226,0.2817,0.4226,0.2817,3.3808,1.1269,0.0,0.0,0.2817,0.1409,0.0,0.0,4,3,12,182.10051614519998,4,2,2,8,5,2.0,0.5635,0.4226,1.6904,25.652,0.5635,0.2817,0.2817,1.1269,0.7043,0.2817,-1.524,-1.568,2,1,0,0,2,1,50.0,0.2817,0.1409,0.0,0.0,0.2817,0.1409,118,67,3,1,0.0,7,1,0,0,0,0,0,0,0,0,0,0,0,0,3,1,0.0,16.6223,9.4381,0.4226,0.1409,0.0,0.9861,0.1409,0.0,0.0,0.0,0.0,0.0,0.0,0.0,0.0,0.0,0.0,0.0,0.0,0.4226,0.1409,0.0,5,2,7,4,3,3,1,0,0,0,0,9,48,19,6,1,42,18,14,5,8,1,10,0,194,15,40.0,57.14,39.58,60,25,41.67,10,8,11,2,0.7043,0.2817,0.9861,0.5635,0.4226,0.4226,0.1409,0.0,0.0,0.0,0.0,1.2678,6.7616,2.6765,0.8452,0.1409,5.9164,2.5356,1.9721,0.7043,1.1269,0.1409,1.4087,0.0,27.3282,2.113,8.452,3.5217,1.4087,1.1269,1.5495,0.2817,6,7,0,1,0,0,0.8452,0.9861,0.0,0.1409,0.0,0.0,11,2,2,1,5,1,4,0,11,2,0,0,113.38771185634853,,3,10.31,1.5495,0.2817,0.2817,0.1409,0.7043,0.1409,0.5635,0.0,1.5495,0.2817,0.0,0.0,15.9726,0.4226,0,0,0,0,0,1,,,,0.0,0.0,0.0,0.0,0.0,0.1409,0,0,0,0,0,0,0,,0.0,0.0,0.0,0.0,0.0,0.0,0.0,0,4,0,3,0,11,1,6,0,0,0,2,4,7,2,1,2,5,0.0,0.5635,0.0,0.4226,0.0,1.5495,0.1409,0.8452,0.0,0.0,0.0,0.2817,0.5635,0.9861,0.2817,0.1409,0.2817,0.7043,638.9,22,450-900,True,6.428,0.0,8.264,44.076,12.856,0.9055,0.0,1.1641,6.2089,1.811,-0.63,-1.353
cx6fxszjvjam6zb3c3p0dd1jo,M. Godts,AFC Ajax,250,185,47,138,0,10,7,109,87,131,91,150,113,80,61,20,11,18,9,5,3,6,2,11,0,0,0,74.0,50.0,60.0,70.0,79.82,69.47,75.33,76.25,55.0,33.33,0.0,,35.6013,26.3449,6.693,19.6519,0.0,1.4241,0.9968,15.5222,12.3892,18.6551,12.9589,21.3608,16.0918,11.3924,8.6867,2.8481,1.5665,2.5633,1.2816,0.712,0.4272,0.8544,0.2848,1.5665,0.0,0.0,0.0,16,15,54,628.3504117991513,13,7,6,29,22,6.0,2.2785,2.1361,7.6899,89.4803,1.8513,0.9968,0.8544,4.1297,3.1329,0.8544,-0.796,-0.292,17,2,12,2,5,0,11.76,2.4209,0.2848,1.7089,0.2848,0.712,0.0,208,53,7,2,0.0,13,2,0,0,0,2,1,0.0,0,0,0,0,0,0,5,1,0.0,29.6203,7.5475,0.9968,0.2848,0.0,1.8513,0.2848,0.0,0.0,0.0,0.2848,0.1424,0.0,0.0,0.0,0.0,0.0,0.0,0.0,0.712,0.1424,0.0,46,20,10,5,2,5,3,1,0,1,0,3,4,2,1,1,3,1,27,7,17,3,8,0,345,39,43.48,50.0,50.0,60,27,45.0,8,9,23,6,6.5506,2.8481,1.4241,0.712,0.2848,0.712,0.4272,0.1424,0.0,0.1424,0.0,0.4272,0.5696,0.2848,0.1424,0.1424,0.4272,0.1424,3.8449,0.9968,2.4209,0.4272,1.1392,0.0,49.1297,5.5538,8.5443,3.8449,1.1392,1.2816,3.2753,0.8544,1,6,0,0,0,0,0.1424,0.8544,0.0,0.0,0.0,0.0,7,0,0,0,7,0,0,0,5,0,2,0,135.4000575283668,,2,19.34,0.9968,0.0,0.0,0.0,0.9968,0.0,0.0,0.0,0.712,0.0,0.2848,0.0,19.2817,0.2848,1,0,1,0,0,1,,,0.0,0.1424,0.0,0.1424,0.0,0.0,0.1424,0,0,0,0,0,0,0,,0.0,0.0,0.0,0.0,0.0,0.0,0.0,11,5,4,3,5,2,6,4,0,1,0,0,5,2,2,5,5,5,1.5665,0.712,0.5696,0.4272,0.712,0.2848,0.8544,0.5696,0.0,0.1424,0.0,0.0,0.712,0.2848,0.2848,0.712,0.712,0.712,632.0,13,450-900,True,12.412,1.241,3.724,4.965,33.513,1.7675,0.1767,0.5303,0.707,4.7724,0.358,-1.006
c9epkro6fot3km9zak1kswfhm,X. Mbuyamba,FC Volendam,330,265,194,69,2,105,81,212,176,13,8,102,89,178,149,50,27,37,14,30,16,0,0,0,0,0,0,80.3,37.84,53.33,77.14,83.02,61.54,87.25,83.71,54.0,,,,47.2403,37.9354,27.7716,9.8775,0.2863,15.031,11.5954,30.3483,25.1948,1.861,1.1452,14.6016,12.7406,25.4812,21.3297,7.1576,3.8651,5.2966,2.0041,4.2946,2.2904,0.0,0.0,0.0,0.0,0.0,0.0,34,25,39,604.4596396520811,1,0,0,35,25,0.0,4.8672,3.5788,5.5829,86.5299,0.1432,0.0,0.0,5.0103,3.5788,0.0,0.303,0.082,0,0,0,0,0,0,,0.0,0.0,0.0,0.0,0.0,0.0,241,13,1,0,0.0,6,0,0,0,0,0,0,0,0,0,0,0,0,0,1,0,0.0,34.4998,1.861,0.1432,0.0,0.0,0.8589,0.0,0.0,0.0,0.0,0.0,0.0,0.0,0.0,0.0,0.0,0.0,0.0,0.0,0.1432,0.0,0.0,5,2,13,4,7,5,1,14,12,2,0,37,35,19,19,11,16,8,22,11,9,2,2,1,401,6,40.0,30.77,54.29,53,25,47.17,3,30,16,3,0.7158,0.2863,1.861,0.5726,1.0021,0.7158,0.1432,2.0041,1.7178,0.2863,0.0,5.2966,5.0103,2.7199,2.7199,1.5747,2.2904,1.1452,3.1494,1.5747,1.2884,0.2863,0.2863,0.1432,57.4042,0.8589,7.5871,3.5788,0.4295,4.2946,2.2904,0.4295,5,2,3,1,0,0,0.7158,0.2863,0.4295,0.1432,0.0,0.0,7,0,0,0,3,0,4,0,5,0,2,0,100.72011046091215,,0,14.39,1.0021,0.0,0.0,0.0,0.4295,0.0,0.5726,0.0,0.7158,0.0,0.2863,0.0,14.4183,0.0,0,0,7,0,0,1,,,,0.0,0.0,1.0021,0.0,0.0,0.1432,5,0,0,0,0,0,0,100.0,0.7158,0.0,0.0,0.0,0.0,0.0,0.0,16,18,0,1,2,5,9,4,8,6,0,0,4,3,0,1,4,9,2.2904,2.5767,0.0,0.1432,0.2863,0.7158,1.2884,0.5726,1.1452,0.8589,0.0,0.0,0.5726,0.4295,0.0,0.1432,0.5726,1.2884,628.7,9,450-900,True,11.075,11.926,31.52,29.816,18.742,1.5854,1.7072,4.5122,4.2682,2.683,0.149,2.002
mlqit2c8my1ewqy6avrfhf8q,A. Van Hoorenbeeck,FC Twente,328,269,165,102,2,157,124,158,136,13,9,120,100,164,151,44,18,49,17,33,16,2,0,0,0,0,0,82.01,34.69,48.48,78.98,86.08,69.23,83.33,92.07,40.91,0.0,,,46.9839,38.5325,23.6352,14.6109,0.2865,22.4893,17.7622,22.6325,19.4811,1.8622,1.2892,17.1892,14.3244,23.492,21.6298,6.3027,2.5784,7.0189,2.4351,4.727,2.2919,0.2865,0.0,0.0,0.0,0.0,0.0,25,21,43,729.8629960852516,1,0,0,26,21,0.0,3.5811,3.0081,6.1595,104.5483,0.1432,0.0,0.0,3.7243,3.0081,0.0,-0.243,-0.464,2,0,2,0,0,0,0.0,0.2865,0.0,0.2865,0.0,0.0,0.0,233,7,1,0,0.0,3,0,0,0,0,0,0,0,0,0,0,0,0,0,1,0,0.0,33.3758,1.0027,0.1432,0.0,0.0,0.4297,0.0,0.0,0.0,0.0,0.0,0.0,0.0,0.0,0.0,0.0,0.0,0.0,0.0,0.1432,0.0,0.0,1,0,6,4,6,0,0,4,2,1,1,40,33,16,28,14,5,2,25,14,10,1,0,2,384,7,0.0,66.67,48.48,40,20,50.0,2,22,11,2,0.1432,0.0,0.8595,0.573,0.8595,0.0,0.0,0.573,0.2865,0.1432,0.1432,5.7297,4.727,2.2919,4.0108,2.0054,0.7162,0.2865,3.5811,2.0054,1.4324,0.1432,0.0,0.2865,55.0056,1.0027,5.7297,2.8649,0.2865,3.1514,1.5757,0.2865,4,2,3,1,0,0,0.573,0.2865,0.4297,0.1432,0.0,0.0,6,0,1,0,0,0,5,0,5,0,1,0,69.22413167269968,,0,11.54,0.8595,0.0,0.1432,0.0,0.0,0.0,0.7162,0.0,0.7162,0.0,0.1432,0.0,9.9159,0.0,0,0,6,0,0,7,,,,0.0,0.0,0.8595,0.0,0.0,1.0027,8,0,0,0,0,0,0,100.0,1.1459,0.0,0.0,0.0,0.0,0.0,0.0,16,9,1,0,1,5,1,5,0,4,0,0,1,5,0,1,4,2,2.2919,1.2892,0.1432,0.0,0.1432,0.7162,0.1432,0.7162,0.0,0.573,0.0,0.0,0.1432,0.7162,0.0,0.1432,0.573,0.2865,628.3,16,450-900,True,6.838,4.558,45.584,37.607,28.49,0.9795,0.6529,6.5296,5.387,4.081,-0.545,-0.07
1x6fhuy49w4rpnyavwotbf504,T. Gooijer,AFC Ajax,373,324,135,186,3,64,52,178,165,131,107,229,212,119,101,25,11,27,11,16,5,1,0,9,1,0,0,86.86,40.74,31.25,81.25,92.7,81.68,92.58,84.87,44.0,0.0,11.11,,54.0667,46.9641,19.5684,26.9609,0.4349,9.2769,7.5374,25.8013,23.9169,18.9886,15.5097,33.1938,30.7296,17.2492,14.64,3.6238,1.5945,3.9137,1.5945,2.3192,0.7248,0.145,0.0,1.3046,0.145,0.0,0.0,18,24,68,830.6907342100585,7,5,1,25,29,1.0,2.6091,3.4788,9.8567,120.4094,1.0147,0.7248,0.145,3.6238,4.2036,0.145,-0.655,-0.507,10,1,0,0,10,1,10.0,1.4495,0.145,0.0,0.0,1.4495,0.145,242,27,5,1,0.0,5,1,1,1,0.0,0,0,0,0,0,0,0,0,0,4,0,0.0,35.0781,3.9137,0.7248,0.145,0.0,0.7248,0.145,0.145,0.145,0.0,0.0,0.0,0.0,0.0,0.0,0.0,0.0,0.0,0.0,0.5798,0.0,0.0,18,11,28,17,12,9,7,4,3,0,1,14,7,4,3,1,4,3,34,16,16,2,6,1,426,15,61.11,60.71,57.14,53,32,60.38,7,31,25,10,2.6091,1.5945,4.0586,2.4642,1.7394,1.3046,1.0147,0.5798,0.4349,0.0,0.145,2.0293,1.0147,0.5798,0.4349,0.145,0.5798,0.4349,4.9283,2.3192,2.3192,0.2899,0.8697,0.145,61.7491,2.1743,7.6824,4.6384,1.0147,4.4935,3.6238,1.4495,6,3,1,0,0,0,0.8697,0.4349,0.145,0.0,0.0,0.0,4,0,0,0,3,0,1,0,4,0,0,0,63.86991405573154,,1,15.97,0.5798,0.0,0.0,0.0,0.4349,0.0,0.145,0.0,0.5798,0.0,0.0,0.0,9.258,0.145,0,0,2,0,0,41,,,,0.0,0.0,0.2899,0.0,0.0,5.943,0,0,0,0,0,0,0,,0.0,0.0,0.0,0.0,0.0,0.0,0.0,6,12,2,3,4,0,20,8,2,2,0,0,2,2,2,3,19,9,0.8697,1.7394,0.2899,0.4349,0.5798,0.0,2.899,1.1596,0.2899,0.2899,0.0,0.0,0.2899,0.2899,0.2899,0.4349,2.7541,1.3046,620.9,9,450-900,True,34.754,4.965,17.377,8.689,42.202,5.0376,0.7197,2.5188,1.2595,6.1172,4.106,0.061
55e0z1vhb48go6y2io7h80aqy,O. Romeny,FC Utrecht,157,119,36,83,0,12,8,69,56,76,55,89,73,52,37,16,9,11,5,9,5,2,0,8,1,0,0,75.8,45.45,55.56,66.67,81.16,72.37,82.02,71.15,56.25,0.0,12.5,,22.8087,17.2881,5.23,12.0581,0.0,1.7433,1.1622,10.0242,8.1356,11.0412,7.9903,12.9298,10.6053,7.5545,5.3753,2.3245,1.3075,1.5981,0.7264,1.3075,0.7264,0.2906,0.0,1.1622,0.1453,0.0,0.0,11,8,15,125.25286077542134,2,2,2,13,10,2.0,1.5981,1.1622,2.1792,18.1965,0.2906,0.2906,0.2906,1.8886,1.4528,0.2906,-1.085,-1.245,10,1,0,0,10,1,10.0,1.4528,0.1453,0.0,0.0,1.4528,0.1453,130,47,4,0,0.0,14,0,0,0,0,0,0,0,0,0,0,0,0,0,4,0,0.0,18.8862,6.8281,0.5811,0.0,0.0,2.0339,0.0,0.0,0.0,0.0,0.0,0.0,0.0,0.0,0.0,0.0,0.0,0.0,0.0,0.5811,0.0,0.0,16,6,6,3,5,0,1,3,0,2,1,2,13,4,3,0,10,4,22,6,13,3,12,0,213,21,37.5,50.0,30.77,35,13,37.14,12,11,15,5,2.3245,0.8717,0.8717,0.4358,0.7264,0.0,0.1453,0.4358,0.0,0.2906,0.1453,0.2906,1.8886,0.5811,0.4358,0.0,1.4528,0.5811,3.1961,0.8717,1.8886,0.4358,1.7433,0.0,30.9443,3.0508,5.0847,1.8886,1.7433,1.5981,2.1792,0.7264,3,18,0,0,0,0,0.4358,2.615,0.0,0.0,0.0,0.0,11,1,5,0,5,1,1,0,10,1,1,0,143.6330545444758,,1,13.06,1.5981,0.1453,0.7264,0.0,0.7264,0.1453,0.1453,0.0,1.4528,0.1453,0.1453,0.0,20.8668,0.1453,0,0,1,0,0,6,,,,0.0,0.0,0.1453,0.0,0.0,0.8717,0,0,0,0,0,0,0,,0.0,0.0,0.0,0.0,0.0,0.0,0.0,1,10,0,4,4,7,1,5,2,1,0,1,3,8,2,2,4,2,0.1453,1.4528,0.0,0.5811,0.5811,1.0169,0.1453,0.7264,0.2906,0.1453,0.0,0.1453,0.4358,1.1622,0.2906,0.2906,0.5811,0.2906,619.5,16,450-900,True,5.802,2.901,1.934,12.57,21.273,0.8429,0.4215,0.281,1.8262,3.0905,-0.702,-0.525
4utb2o5c0e57kf0iwdavpzg15,S. van der Water,PEC Zwolle,150,100,40,60,0,25,16,66,51,59,33,65,49,57,35,28,16,32,16,6,2,16,4,3,0,0,0,66.67,50.0,33.33,64.0,77.27,55.93,75.38,61.4,57.14,25.0,0.0,,21.8836,14.5891,5.8356,8.7534,0.0,3.6473,2.3343,9.6288,7.4404,8.6076,4.8144,9.4829,7.1486,8.3158,5.1062,4.0849,2.3343,4.6685,2.3343,0.8753,0.2918,2.3343,0.5836,0.4377,0.0,0.0,0.0,15,12,18,209.76126172984686,4,2,1,19,14,1.0,2.1884,1.7507,2.626,30.6022,0.5836,0.2918,0.1459,2.7719,2.0425,0.1459,-0.834,-0.869,19,4,8,3,11,1,21.05,2.7719,0.5836,1.1671,0.4377,1.6048,0.1459,127,38,4,0,0.0,12,1,0,0,0,3,0,0.0,0,0,0,1,0,0.0,0,0,0,18.5281,5.5438,0.5836,0.0,0.0,1.7507,0.1459,0.0,0.0,0.0,0.4377,0.0,0.0,0.0,0.0,0.0,0.1459,0.0,0.0,0.0,0.0,0.0,14,4,15,9,9,4,2,5,1,3,1,8,15,4,4,1,11,3,31,18,7,6,11,0,222,22,28.57,60.0,26.67,44,17,38.64,11,28,14,9,2.0425,0.5836,2.1884,1.313,1.313,0.5836,0.2918,0.7295,0.1459,0.4377,0.1459,1.1671,2.1884,0.5836,0.5836,0.1459,1.6048,0.4377,4.5226,2.626,1.0212,0.8753,1.6048,0.0,32.3877,3.2096,6.4192,2.4801,1.6048,4.0849,2.0425,1.313,8,5,0,0,0,0,1.1671,0.7295,0.0,0.0,0.0,0.0,18,1,14,1,4,0,0,0,10,1,8,0,358.03542953143756,,1,19.89,2.626,0.1459,2.0425,0.1459,0.5836,0.0,0.0,0.0,1.4589,0.1459,1.1671,0.0,52.2341,0.1459,4,2,1,0,0,2,,,50.0,0.5836,0.2918,0.1459,0.0,0.0,0.2918,2,0,0,0,0,0,0,100.0,0.2918,0.0,0.0,0.0,0.0,0.0,0.0,10,5,4,0,7,11,9,6,3,2,1,0,13,5,4,0,6,9,1.4589,0.7295,0.5836,0.0,1.0212,1.6048,1.313,0.8753,0.4377,0.2918,0.1459,0.0,1.8966,0.7295,0.5836,0.0,0.8753,1.313,616.9,12,450-900,True,14.724,4.908,7.853,14.724,30.429,2.1481,0.716,1.1457,2.1481,4.4393,0.794,0.054
1lgrnaje6y7un5dzzll84p91,G. Rulli,AFC Ajax,341,263,261,2,0,340,262,1,1,0,0,72,69,121,112,148,82,145,74,0,0,0,0,0,0,0,0,77.13,51.03,,77.06,100.0,,95.83,92.56,55.41,,,,50.2374,38.7461,38.4515,0.2946,0.0,50.09,38.5988,0.1473,0.1473,0.0,0.0,10.6073,10.1653,17.8262,16.5002,21.8039,12.0805,21.3619,10.9019,0.0,0.0,0.0,0.0,0.0,0.0,0.0,0.0,56,10,36,544.3036716154912,0,0,0,56,10,0.0,8.2501,1.4732,5.3037,80.1888,0.0,0.0,0.0,8.2501,1.4732,0.0,1.739,1.459,0,0,0,0,0,0,,0.0,0.0,0.0,0.0,0.0,0.0,195,0,0,0,0,1,0,0,0,0,0,0,0,0,0,0,0,0,0,0,0,0,28.7281,0.0,0.0,0.0,0.0,0.1473,0.0,0.0,0.0,0.0,0.0,0.0,0.0,0.0,0.0,0.0,0.0,0.0,0.0,0.0,0.0,0.0,1,1,0,0,0,0,0,0,0,0,0,4,4,4,4,4,0,0,8,8,0,0,1,1,350,0,100.0,,100.0,5,5,100.0,2,8,0,0,0.1473,0.1473,0.0,0.0,0.0,0.0,0.0,0.0,0.0,0.0,0.0,0.5893,0.5893,0.5893,0.5893,0.5893,0.0,0.0,1.1786,1.1786,0.0,0.0,0.1473,0.1473,51.5633,0.0,0.7366,0.7366,0.2946,1.1786,0.0,0.0,0,2,0,0,0,0,0.0,0.2946,0.0,0.0,0.0,0.0,0,0,0,0,0,0,0,0,0,0,0,0,0,,0,,0.0,0.0,0.0,0.0,0.0,0.0,0.0,0.0,0.0,0.0,0.0,0.0,0.0,0.0,0,0,16,0,0,0,,,,0.0,0.0,2.3572,0.0,0.0,0.0,18,6,5,48,3,1,5,100.0,2.6518,0.8839,0.7366,7.0715,0.442,0.1473,0.7366,24,32,0,0,0,0,0,0,0,0,0,0,0,0,0,0,0,0,3.5358,4.7144,0.0,0.0,0.0,0.0,0.0,0.0,0.0,0.0,0.0,0.0,0.0,0.0,0.0,0.0,0.0,0.0,610.9,7,450-900,True,0.0,0.0,4.965,4.965,9.93,0.0,0.0,0.7315,0.7315,1.4629,-1.668,-1.353
7ew7g18qo649t8ld44omgib55,N. Lang,PSV Eindhoven,305,241,106,134,1,14,10,123,105,168,126,172,140,103,83,30,18,31,18,7,5,7,0,13,3,0,0,79.02,58.06,71.43,71.43,85.37,75.0,81.4,80.58,60.0,0.0,23.08,,45.3419,35.8276,15.7582,19.9207,0.1487,2.0813,1.4866,18.2854,15.6095,24.9752,18.7314,25.5699,20.8127,15.3122,12.3389,4.4599,2.6759,4.6085,2.6759,1.0406,0.7433,1.0406,0.0,1.9326,0.446,0.0,0.0,43,17,64,837.1486338818222,16,3,12,59,20,12.0,6.3925,2.5273,9.5144,124.4522,2.3786,0.446,1.7839,8.7711,2.9732,1.7839,0.951,1.681,20,3,18,2,2,1,15.0,2.9732,0.446,2.6759,0.2973,0.2973,0.1487,262,45,20,1,0.0,47,5,4,0,0.0,3,1,0.0,0,0,0,0,0,0,13,0,0.0,38.9495,6.6898,2.9732,0.1487,0.0,6.9871,0.7433,0.5946,0.0,0.0,0.446,0.1487,0.0,0.0,0.0,0.0,0.0,0.0,0.0,1.9326,0.0,0.0,37,11,3,1,0,2,1,1,0,1,0,3,4,1,3,1,1,0,29,12,13,4,9,0,400,53,29.73,33.33,25.0,44,13,29.55,9,12,16,5,5.5005,1.6353,0.446,0.1487,0.0,0.2973,0.1487,0.1487,0.0,0.1487,0.0,0.446,0.5946,0.1487,0.446,0.1487,0.1487,0.0,4.3112,1.7839,1.9326,0.5946,1.338,0.0,59.4648,7.8791,6.5411,1.9326,1.338,1.7839,2.3786,0.7433,7,10,0,0,0,0,1.0406,1.4866,0.0,0.0,0.0,0.0,21,4,7,1,14,3,0,0,16,4,5,0,367.45726661577373,,5,17.5,3.1219,0.5946,1.0406,0.1487,2.0813,0.446,0.0,0.0,2.3786,0.5946,0.7433,0.0,54.6269,0.7433,3,3,5,0,0,13,,,100.0,0.446,0.446,0.7433,0.0,0.0,1.9326,0,0,0,0,0,0,0,,0.0,0.0,0.0,0.0,0.0,0.0,0.0,28,15,12,8,10,11,1,2,1,0,3,1,9,12,12,8,2,1,4.1625,2.2299,1.7839,1.1893,1.4866,1.6353,0.1487,0.2973,0.1487,0.0,0.446,0.1487,1.338,1.7839,1.7839,1.1893,0.2973,0.1487,605.4,11,450-900,True,4.205,1.402,4.205,5.607,40.65,0.6251,0.2084,0.6251,0.8335,6.0431,-0.952,-0.943
by85t8ssyumcjcks1jx3v96vo,Y. Taha,FC Twente,283,180,88,92,0,16,9,87,55,180,116,152,97,92,63,39,20,41,18,14,5,36,15,17,4,0,0,63.6,43.9,35.71,56.25,63.22,64.44,63.82,68.48,51.28,41.67,23.53,,42.141,26.8034,13.1039,13.6995,0.0,2.3825,1.3402,12.955,8.1899,26.8034,17.2733,22.634,14.4441,13.6995,9.3812,5.8074,2.9782,6.1052,2.6803,2.0847,0.7445,5.3607,2.2336,2.5314,0.5956,0.0,0.0,48,18,39,462.7960273117483,9,11,3,57,29,3.0,7.1476,2.6803,5.8074,68.914,1.3402,1.638,0.4467,8.4878,4.3183,0.4467,1.271,1.56,53,19,25,10,28,9,35.85,7.8921,2.8293,3.7227,1.4891,4.1694,1.3402,227,36,22,2,0.0,30,2,1,0,0.0,11,1,0.0,0,0,0,0,0,0,10,1,0.0,33.8021,5.3607,3.276,0.2978,0.0,4.4672,0.2978,0.1489,0.0,0.0,1.638,0.1489,0.0,0.0,0.0,0.0,0.0,0.0,0.0,1.4891,0.1489,0.0,25,9,12,8,3,7,2,1,1,0,0,3,12,7,3,2,9,5,31,11,16,4,3,0,357,23,36.0,66.67,58.33,49,24,48.98,3,15,23,6,3.7227,1.3402,1.7869,1.1913,0.4467,1.0424,0.2978,0.1489,0.1489,0.0,0.0,0.4467,1.7869,1.0424,0.4467,0.2978,1.3402,0.7445,4.6161,1.638,2.3825,0.5956,0.4467,0.0,53.1602,3.4249,7.2965,3.5738,0.4467,2.2336,3.4249,0.8934,3,4,0,2,0,0,0.4467,0.5956,0.0,0.2978,0.0,0.0,17,3,15,3,1,0,1,0,6,2,11,1,373.35951719884673,,5,21.96,2.5314,0.4467,2.2336,0.4467,0.1489,0.0,0.1489,0.0,0.8934,0.2978,1.638,0.1489,55.5962,0.7445,4,3,1,0,0,6,,,75.0,0.5956,0.4467,0.1489,0.0,0.0,0.8934,0,0,0,0,0,0,0,,0.0,0.0,0.0,0.0,0.0,0.0,0.0,7,41,5,17,2,15,1,11,1,0,2,1,9,8,12,10,7,5,1.0424,6.1052,0.7445,2.5314,0.2978,2.2336,0.1489,1.638,0.1489,0.0,0.2978,0.1489,1.3402,1.1913,1.7869,1.4891,1.0424,0.7445,604.4,20,450-900,True,13.675,1.14,3.419,13.675,35.328,2.0363,0.1698,0.5091,2.0363,5.2606,0.666,-1.019
5rbr8z5frgawr2ykcmcxbbluy,O. Uddenäs,SBV Excelsior,152,104,34,70,0,27,17,74,56,51,31,96,64,37,32,19,8,23,10,20,7,6,0,0,0,0,0,68.42,43.48,35.0,62.96,75.68,60.78,66.67,86.49,42.11,0.0,,,23.0148,15.747,5.148,10.5989,0.0,4.0882,2.574,11.2046,8.4791,7.7221,4.6938,14.5357,9.6904,5.6023,4.8452,2.8769,1.2113,3.4825,1.5141,3.0283,1.0599,0.9085,0.0,0.0,0.0,0.0,0.0,9,4,13,132.5967354605836,1,0,1,10,4,1.0,1.3627,0.6057,1.9684,20.0769,0.1514,0.0,0.1514,1.5141,0.6057,0.1514,-1.184,-1.404,6,0,5,0,1,0,0.0,0.9085,0.0,0.7571,0.0,0.1514,0.0,110,34,3,0,0.0,11,1,0,0,0,0,0,0,0,0,0,0,0,0,3,0,0.0,16.6555,5.148,0.4542,0.0,0.0,1.6655,0.1514,0.0,0.0,0.0,0.0,0.0,0.0,0.0,0.0,0.0,0.0,0.0,0.0,0.4542,0.0,0.0,8,1,9,6,4,4,1,2,0,2,0,12,21,8,6,3,15,5,28,14,13,1,11,0,209,16,12.5,66.67,38.1,38,15,39.47,11,18,19,2,1.2113,0.1514,1.3627,0.9085,0.6057,0.6057,0.1514,0.3028,0.0,0.3028,0.0,1.817,3.1797,1.2113,0.9085,0.4542,2.2712,0.7571,4.2396,2.1198,1.9684,0.1514,1.6655,0.0,31.6454,2.4226,5.7537,2.2712,1.6655,2.7254,2.8769,0.3028,6,4,0,1,0,0,0.9085,0.6057,0.0,0.1514,0.0,0.0,8,3,4,1,3,1,1,1,6,3,2,0,120.00634979607162,,3,15.0,1.2113,0.4542,0.6057,0.1514,0.4542,0.1514,0.1514,0.1514,0.9085,0.4542,0.3028,0.0,18.1705,0.4542,0,0,0,0,0,9,,,,0.0,0.0,0.0,0.0,0.0,1.3627,0,0,0,0,0,0,0,,0.0,0.0,0.0,0.0,0.0,0.0,0.0,2,7,0,3,1,7,2,7,1,1,2,1,5,3,2,1,4,5,0.3028,1.0599,0.0,0.4542,0.1514,1.0599,0.3028,1.0599,0.1514,0.1514,0.3028,0.1514,0.7571,0.4542,0.3028,0.1514,0.6057,0.7571,594.4,23,450-900,True,8.264,1.837,11.019,19.283,25.711,1.2513,0.2781,1.6684,2.9197,3.893,-0.234,-0.806
d4klz2gxqb1diw57z8c9ttixg,G. van Zwam,SBV Vitesse,322,223,126,97,0,120,80,169,122,33,21,132,98,128,97,62,28,94,37,28,11,0,0,3,0,0,0,69.25,39.36,39.29,66.67,72.19,63.64,74.24,75.78,45.16,,0.0,,50.4966,34.9712,19.7595,15.2117,0.0,18.8186,12.5457,26.5029,19.1323,5.1751,3.2933,20.7005,15.3685,20.0732,15.2117,9.7229,4.391,14.7412,5.8024,4.391,1.725,0.0,0.0,0.4705,0.0,0.0,0.0,46,24,33,451.00044645101997,0,0,0,46,24,0.0,7.2138,3.7637,5.1751,70.7267,0.0,0.0,0.0,7.2138,3.7637,0.0,1.299,1.019,3,0,0,0,3,0,0.0,0.4705,0.0,0.0,0.0,0.4705,0.0,145,7,2,0,0.0,11,1,0,0,0,0,0,0,0,0,0,0,0,0,2,0,0.0,22.7392,1.0978,0.3136,0.0,0.0,1.725,0.1568,0.0,0.0,0.0,0.0,0.0,0.0,0.0,0.0,0.0,0.0,0.0,0.0,0.3136,0.0,0.0,3,3,16,12,10,5,1,6,3,3,0,14,27,13,18,8,9,5,31,20,11,0,4,0,361,5,100.0,75.0,48.15,46,28,60.87,4,33,19,1,0.4705,0.4705,2.5091,1.8819,1.5682,0.7841,0.1568,0.9409,0.4705,0.4705,0.0,2.1955,4.2342,2.0387,2.8228,1.2546,1.4114,0.7841,4.8615,3.1364,1.725,0.0,0.6273,0.0,56.6127,0.7841,7.2138,4.391,0.6273,5.1751,2.9796,0.1568,14,2,2,1,0,1,2.1955,0.3136,0.3136,0.1568,0.0,0.1568,3,0,0,0,1,0,2,0,3,0,0,0,27.531375975481858,,0,9.18,0.4705,0.0,0.0,0.0,0.1568,0.0,0.3136,0.0,0.4705,0.0,0.0,0.0,4.3175,0.0,0,0,9,0,0,78,,,,0.0,0.0,1.4114,0.0,0.0,12.2321,4,0,0,0,0,0,0,100.0,0.6273,0.0,0.0,0.0,0.0,0.0,0.0,14,32,1,1,0,3,5,11,1,5,0,0,2,1,0,2,9,7,2.1955,5.0183,0.1568,0.1568,0.0,0.4705,0.7841,1.725,0.1568,0.7841,0.0,0.0,0.3136,0.1568,0.0,0.3136,1.4114,1.0978,573.9,12,450-900,True,16.133,6.05,14.116,27.224,31.257,2.53,0.9488,2.2137,4.2693,4.9018,1.232,0.511
hjb0mn4fgmfiimwn5odvl8fd,T. Buitink,SBV Vitesse,79,52,20,31,1,3,2,47,33,29,17,38,22,27,21,14,9,10,6,4,1,0,0,8,4,0,0,65.82,60.0,25.0,66.67,70.21,58.62,57.89,77.78,64.29,,50.0,,12.8571,8.4629,3.255,5.0452,0.1627,0.4882,0.3255,7.6492,5.3707,4.7197,2.7667,6.1844,3.5805,4.3942,3.4177,2.2785,1.4647,1.6275,0.9765,0.651,0.1627,0.0,0.0,1.302,0.651,0.0,0.0,9,8,11,169.7673527180632,5,0,1,14,8,1.0,1.4647,1.302,1.7902,27.6294,0.8137,0.0,0.1627,2.2785,1.302,0.1627,-1.141,-1.079,8,4,3,1,5,3,50.0,1.302,0.651,0.4882,0.1627,0.8137,0.4882,85,50,5,2,0.0,6,2,0,0,0,3,1,0.0,0,0,0,0,0,0,2,1,0.0,13.8336,8.1374,0.8137,0.3255,0.0,0.9765,0.3255,0.0,0.0,0.0,0.4882,0.1627,0.0,0.0,0.0,0.0,0.0,0.0,0.0,0.3255,0.1627,0.0,9,2,5,1,1,2,2,0,0,0,0,2,14,1,2,0,12,1,16,3,11,2,6,0,143,21,22.22,20.0,7.14,28,4,14.29,6,4,13,4,1.4647,0.3255,0.8137,0.1627,0.1627,0.3255,0.3255,0.0,0.0,0.0,0.0,0.3255,2.2785,0.1627,0.3255,0.0,1.953,0.1627,2.604,0.4882,1.7902,0.3255,0.9765,0.0,23.2731,3.4177,4.557,0.651,0.9765,0.651,2.1157,0.651,8,0,0,0,0,0,1.302,0.0,0.0,0.0,0.0,0.0,9,1,0,0,9,1,0,0,6,0,3,1,185.3207286757712,,3,20.59,1.4647,0.1627,0.0,0.0,1.4647,0.1627,0.0,0.0,0.9765,0.0,0.4882,0.1627,30.1607,0.4882,0,0,0,0,0,2,,,,0.0,0.0,0.0,0.0,0.0,0.3255,0,0,0,0,0,0,0,,0.0,0.0,0.0,0.0,0.0,0.0,0.0,3,6,0,5,2,7,3,2,0,0,0,1,3,6,4,1,3,2,0.4882,0.9765,0.0,0.8137,0.3255,1.1392,0.4882,0.3255,0.0,0.0,0.0,0.1627,0.4882,0.9765,0.651,0.1627,0.4882,0.3255,553.0,13,450-900,True,5.042,0.0,2.017,14.116,16.133,0.8206,0.0,0.3283,2.2974,2.6256,-0.728,-1.353
ealh7n21gctxxw5ol3l3yxzze,Y. Leliendal,FC Utrecht,248,193,101,92,0,54,34,144,120,50,39,136,119,87,63,25,11,32,15,17,8,6,1,2,0,0,0,77.82,46.88,47.06,62.96,83.33,78.0,87.5,72.41,44.0,16.67,0.0,,40.4568,31.4845,16.4763,15.0082,0.0,8.8091,5.5465,23.491,19.5759,8.1566,6.3622,22.186,19.4127,14.1925,10.2773,4.0783,1.7945,5.2202,2.447,2.7732,1.3051,0.9788,0.1631,0.3263,0.0,0.0,0.0,24,20,33,377.72929527867615,4,6,1,28,26,1.0,3.9152,3.2626,5.3834,61.6198,0.6525,0.9788,0.1631,4.5677,4.2414,0.1631,-0.101,-0.106,8,1,8,1,0,0,12.5,1.3051,0.1631,1.3051,0.1631,0.0,0.0,139,10,3,0,0.0,10,0,0,0,0,0,0,0,0,0,0,0,0,0,3,0,0.0,22.6754,1.6313,0.4894,0.0,0.0,1.6313,0.0,0.0,0.0,0.0,0.0,0.0,0.0,0.0,0.0,0.0,0.0,0.0,0.0,0.4894,0.0,0.0,8,5,14,7,8,5,1,7,5,2,0,22,9,6,9,6,0,0,30,20,9,1,2,0,297,2,62.5,50.0,66.67,31,18,58.06,2,33,16,2,1.3051,0.8157,2.2838,1.1419,1.3051,0.8157,0.1631,1.1419,0.8157,0.3263,0.0,3.5889,1.4682,0.9788,1.4682,0.9788,0.0,0.0,4.894,3.2626,1.4682,0.1631,0.3263,0.0,48.4502,0.3263,5.0571,2.9364,0.3263,5.3834,2.6101,0.3263,4,7,0,1,0,0,0.6525,1.1419,0.0,0.1631,0.0,0.0,3,0,1,0,2,0,0,0,0,0,3,0,75.49111893644783,,0,25.16,0.4894,0.0,0.1631,0.0,0.3263,0.0,0.0,0.0,0.0,0.0,0.4894,0.0,12.315,0.0,0,0,4,0,0,44,,,,0.0,0.0,0.6525,0.0,0.0,7.1778,1,0,0,0,0,0,0,100.0,0.1631,0.0,0.0,0.0,0.0,0.0,0.0,11,13,0,3,0,3,10,4,5,2,0,0,2,1,1,2,11,3,1.7945,2.1207,0.0,0.4894,0.0,0.4894,1.6313,0.6525,0.8157,0.3263,0.0,0.0,0.3263,0.1631,0.1631,0.3263,1.7945,0.4894,551.7,8,450-900,True,13.537,6.769,21.273,8.702,29.008,2.2083,1.1042,3.4703,1.4196,4.7321,0.863,0.817
a8cgbwioykhqztfjgztfn7dud,A. Jahanbakhsh,Feyenoord Rotterdam,321,222,99,123,0,21,13,100,80,200,129,175,127,113,82,33,13,37,17,21,10,0,0,33,7,0,0,69.16,45.95,47.62,61.9,80.0,64.5,72.57,72.57,39.39,,21.21,,52.5846,36.3669,16.2177,20.1493,0.0,3.4401,2.1296,16.3815,13.1052,32.763,21.1321,28.6676,20.8045,18.5111,13.4328,5.4059,2.1296,6.0612,2.7849,3.4401,1.6382,0.0,0.0,5.4059,1.1467,0.0,0.0,54,18,53,619.8247994081335,5,8,2,59,26,2.0,8.846,2.9487,8.6822,101.5366,0.8191,1.3105,0.3276,9.6651,4.2592,0.3276,1.992,2.06,33,7,3,1,30,6,21.21,5.4059,1.1467,0.4914,0.1638,4.9145,0.9829,261,50,16,2,0.0,29,2,0,0,0,4,0,0.0,1,0,0.0,0,0,0,11,2,0.0,42.7557,8.1908,2.621,0.3276,0.0,4.7506,0.3276,0.0,0.0,0.0,0.6553,0.0,0.0,0.1638,0.0,0.0,0.0,0.0,0.0,1.802,0.3276,0.0,25,16,23,13,9,7,7,5,2,1,2,7,18,13,7,3,11,10,38,7,20,11,5,0,397,28,64.0,56.52,72.22,66,42,63.64,5,18,28,20,4.0954,2.621,3.7677,2.1296,1.4743,1.1467,1.1467,0.8191,0.3276,0.1638,0.3276,1.1467,2.9487,2.1296,1.1467,0.4914,1.802,1.6382,6.225,1.1467,3.2763,1.802,0.8191,0.0,65.0346,4.5868,10.8118,6.8802,0.8191,2.9487,4.5868,3.2763,10,3,0,1,0,0,1.6382,0.4914,0.0,0.1638,0.0,0.0,22,0,4,0,18,0,0,0,10,0,12,0,469.696366816221,,2,21.35,3.6039,0.0,0.6553,0.0,2.9487,0.0,0.0,0.0,1.6382,0.0,1.9658,0.0,76.9433,0.3276,2,1,2,0,0,27,,,50.0,0.3276,0.1638,0.3276,0.0,0.0,4.423,0,0,0,0,0,0,0,,0.0,0.0,0.0,0.0,0.0,0.0,0.0,5,49,3,13,6,16,9,14,2,3,0,0,11,11,7,9,14,9,0.8191,8.0269,0.4914,2.1296,0.9829,2.621,1.4743,2.2934,0.3276,0.4914,0.0,0.0,1.802,1.802,1.1467,1.4743,2.2934,1.4743,549.4,16,450-900,True,30.096,6.543,9.16,23.553,49.723,4.9302,1.0718,1.5005,3.8583,8.1454,3.983,0.753
94b7i139jyk6hs6ioqlztg1jp,F. Stokkers,Go Ahead Eagles,112,68,21,47,0,9,8,47,35,56,25,74,47,36,20,2,1,2,1,17,3,1,0,2,0,0,0,60.71,50.0,17.65,88.89,74.47,44.64,63.51,55.56,50.0,0.0,0.0,,18.6356,11.3145,3.4942,7.8203,0.0,1.4975,1.3311,7.8203,5.8236,9.3178,4.1597,12.3128,7.8203,5.99,3.3278,0.3328,0.1664,0.3328,0.1664,2.8286,0.4992,0.1664,0.0,0.3328,0.0,0.0,0.0,7,6,10,106.47032884126716,1,1,1,8,7,1.0,1.1647,0.9983,1.6639,17.7155,0.1664,0.1664,0.1664,1.3311,1.1647,0.1664,-1.269,-1.482,3,0,2,0,1,0,0.0,0.4992,0.0,0.3328,0.0,0.1664,0.0,124,86,9,1,0.0,15,2,0,0,0,0,0,0,0,0,0,0,0,0,9,1,0.0,20.6323,14.3095,1.4975,0.1664,0.0,2.4958,0.3328,0.0,0.0,0.0,0.0,0.0,0.0,0.0,0.0,0.0,0.0,0.0,0.0,1.4975,0.1664,0.0,6,2,7,3,2,4,1,2,0,1,1,3,58,19,4,1,54,18,12,6,4,2,3,0,192,29,33.33,42.86,32.76,71,24,33.8,3,8,9,4,0.9983,0.3328,1.1647,0.4992,0.3328,0.6656,0.1664,0.3328,0.0,0.1664,0.1664,0.4992,9.6506,3.1614,0.6656,0.1664,8.985,2.995,1.9967,0.9983,0.6656,0.3328,0.4992,0.0,31.9468,4.8253,11.8136,3.9933,0.4992,1.3311,1.4975,0.6656,8,5,0,1,0,0,1.3311,0.8319,0.0,0.1664,0.0,0.0,17,1,5,1,9,0,3,0,12,1,5,0,243.90375630806233,,2,14.35,2.8286,0.1664,0.8319,0.1664,1.4975,0.0,0.4992,0.0,1.9967,0.1664,0.8319,0.0,40.583,0.3328,1,0,0,0,0,0,,,0.0,0.1664,0.0,0.0,0.0,0.0,0.0,0,0,0,0,0,0,0,,0.0,0.0,0.0,0.0,0.0,0.0,0.0,0,7,0,9,3,13,3,4,0,2,0,1,9,8,1,8,2,5,0.0,1.1647,0.0,1.4975,0.4992,2.1631,0.4992,0.6656,0.0,0.3328,0.0,0.1664,1.4975,1.3311,0.1664,1.3311,0.3328,0.8319,540.9,16,450-900,True,6.412,1.832,2.748,53.132,10.993,1.0669,0.3048,0.4572,8.8406,1.8291,-0.445,-0.754
88lo5dznd63i444uqhlez78bt,Y. Kitala,Almere City FC,104,53,26,27,0,3,1,46,26,55,26,80,45,22,7,2,1,1,0,37,9,6,0,0,0,0,0,50.96,0.0,24.32,33.33,56.52,47.27,56.25,31.82,50.0,0.0,,,17.3237,8.8284,4.3309,4.4975,0.0,0.4997,0.1666,7.6624,4.3309,9.1616,4.3309,13.3259,7.4958,3.6646,1.166,0.3331,0.1666,0.1666,0.0,6.1632,1.4992,0.9994,0.0,0.0,0.0,0.0,0.0,4,5,9,154.38762739933318,5,3,4,9,8,4.0,0.6663,0.8329,1.4992,25.717,0.8329,0.4997,0.6663,1.4992,1.3326,0.6663,-1.48,-1.41,6,0,6,0,0,0,0.0,0.9994,0.0,0.9994,0.0,0.0,0.0,113,67,4,0,0.0,8,1,1,0,0.0,0,0,0,0,0,0,0,0,0,3,0,0.0,18.8229,11.1605,0.6663,0.0,0.0,1.3326,0.1666,0.1666,0.0,0.0,0.0,0.0,0.0,0.0,0.0,0.0,0.0,0.0,0.0,0.4997,0.0,0.0,15,4,4,3,1,2,1,0,0,0,0,3,66,23,9,2,57,21,19,4,11,4,9,0,173,28,26.67,75.0,34.85,85,30,35.29,9,5,13,5,2.4986,0.6663,0.6663,0.4997,0.1666,0.3331,0.1666,0.0,0.0,0.0,0.0,0.4997,10.9939,3.8312,1.4992,0.3331,9.4947,3.4981,3.1649,0.6663,1.8323,0.6663,1.4992,0.0,28.8173,4.6641,14.1588,4.9972,1.4992,0.8329,2.1655,0.8329,18,16,0,3,0,0,2.9983,2.6652,0.0,0.4997,0.0,0.0,13,2,7,1,3,0,3,1,9,2,4,0,212.12219639502783,,2,16.32,2.1655,0.3331,1.166,0.1666,0.4997,0.0,0.4997,0.1666,1.4992,0.3331,0.6663,0.0,35.3341,0.3331,0,0,0,0,0,0,,,,0.0,0.0,0.0,0.0,0.0,0.0,0,0,0,0,0,0,0,,0.0,0.0,0.0,0.0,0.0,0.0,0.0,1,3,1,3,7,6,1,3,0,0,1,1,8,5,1,3,2,2,0.1666,0.4997,0.1666,0.4997,1.166,0.9994,0.1666,0.4997,0.0,0.0,0.1666,0.1666,1.3326,0.8329,0.1666,0.4997,0.3331,0.3331,540.3,15,450-900,True,3.569,0.0,2.677,58.885,16.952,0.5945,0.0,0.4459,9.8087,2.8238,-0.987,-1.353
b94d67jluhh4076wp2se5fqsq,D. Kasius,Alkmaar Zaanstreek,283,223,102,121,0,73,59,131,110,79,54,143,113,98,82,42,28,42,27,15,8,1,1,15,3,0,0,78.8,64.29,53.33,80.82,83.97,68.35,79.02,83.67,66.67,100.0,20.0,,47.3596,37.3187,17.0695,20.2492,0.0,12.2164,9.8736,21.9226,18.4083,13.2205,9.0368,23.9308,18.9104,16.4001,13.7226,7.0286,4.6858,7.0286,4.5184,2.5102,1.3388,0.1673,0.1673,2.5102,0.502,0.0,0.0,37,20,47,636.3136377730308,9,7,4,46,27,4.0,6.1919,3.347,7.8654,106.4861,1.5061,1.1714,0.6694,7.698,4.5184,0.6694,0.865,1.224,16,4,4,1,12,3,25.0,2.6776,0.6694,0.6694,0.1673,2.0082,0.502,175,18,4,1,0.0,13,2,0,0,0,2,1,0.0,0,0,0,0,0,0,2,0,0.0,29.286,3.0123,0.6694,0.1673,0.0,2.1755,0.3347,0.0,0.0,0.0,0.3347,0.1673,0.0,0.0,0.0,0.0,0.0,0.0,0.0,0.3347,0.0,0.0,26,16,14,11,7,4,3,9,7,2,0,12,2,0,2,0,0,0,37,25,12,0,5,0,348,17,61.54,78.57,0.0,42,27,64.29,5,39,18,3,4.3511,2.6776,2.3429,1.8408,1.1714,0.6694,0.502,1.5061,1.1714,0.3347,0.0,2.0082,0.3347,0.0,0.3347,0.0,0.0,0.0,6.1919,4.1837,2.0082,0.0,0.8367,0.0,58.2373,2.8449,7.0286,4.5184,0.8367,6.5266,3.0123,0.502,5,2,1,0,1,0,0.8367,0.3347,0.1673,0.0,0.1673,0.0,8,0,1,0,7,0,0,0,6,0,2,0,151.08843320206552,,1,18.89,1.3388,0.0,0.1673,0.0,1.1714,0.0,0.0,0.0,1.0041,0.0,0.3347,0.0,25.2844,0.1673,2,1,2,0,0,38,,,50.0,0.3347,0.1673,0.3347,0.0,0.0,6.3592,2,0,0,0,0,0,0,100.0,0.3347,0.0,0.0,0.0,0.0,0.0,0.0,9,28,1,3,1,7,2,12,1,8,0,0,6,2,2,2,6,8,1.5061,4.6858,0.1673,0.502,0.1673,1.1714,0.3347,2.0082,0.1673,1.3388,0.0,0.0,1.0041,0.3347,0.3347,0.3347,1.0041,1.3388,537.8,16,450-900,True,15.362,9.876,13.168,2.195,40.601,2.5708,1.6527,2.2036,0.3673,6.7945,1.278,1.894
dux0skggr99ydjz3kn58p3wmh,M. López,Feyenoord Rotterdam,392,330,178,152,0,69,55,231,203,92,72,229,203,137,115,26,12,33,14,27,14,4,0,0,0,0,0,84.18,42.42,51.85,79.71,87.88,78.26,88.65,83.94,46.15,0.0,,,65.9686,55.5348,29.9551,25.5797,0.0,11.6118,9.2558,38.8743,34.1623,15.4824,12.1167,38.5378,34.1623,23.0553,19.353,4.3755,2.0194,5.5535,2.356,4.5438,2.356,0.6731,0.0,0.0,0.0,0.0,0.0,37,43,59,799.9864403922852,5,1,1,42,44,1.0,6.2266,7.2364,9.9289,134.6275,0.8414,0.1683,0.1683,7.0681,7.4046,0.1683,0.88,0.957,4,0,4,0,0,0,0.0,0.6731,0.0,0.6731,0.0,0.0,0.0,244,8,13,1,0.0,25,2,0,0,0,0,0,0,0,0,0,0,0,0,13,1,0.0,41.0621,1.3463,2.1877,0.1683,0.0,4.2072,0.3366,0.0,0.0,0.0,0.0,0.0,0.0,0.0,0.0,0.0,0.0,0.0,0.0,2.1877,0.1683,0.0,6,4,6,3,4,2,0,2,1,1,0,6,16,9,11,6,5,3,26,10,15,1,3,0,427,11,66.67,50.0,56.25,28,16,57.14,3,15,18,1,1.0097,0.6731,1.0097,0.5049,0.6731,0.3366,0.0,0.3366,0.1683,0.1683,0.0,1.0097,2.6926,1.5146,1.8512,1.0097,0.8414,0.5049,4.3755,1.6829,2.5243,0.1683,0.5049,0.0,71.8586,1.8512,4.712,2.6926,0.5049,2.5243,3.0292,0.1683,4,6,4,1,0,0,0.6731,1.0097,0.6731,0.1683,0.0,0.0,5,0,4,0,0,0,1,0,2,0,3,0,108.70990066061,,1,21.74,0.8414,0.0,0.6731,0.0,0.0,0.0,0.1683,0.0,0.3366,0.0,0.5049,0.0,18.2945,0.1683,0,0,11,0,0,43,,,,0.0,0.0,1.8512,0.0,0.0,7.2364,3,0,0,0,0,0,0,100.0,0.5049,0.0,0.0,0.0,0.0,0.0,0.0,14,23,3,10,1,4,0,6,0,2,0,0,5,0,6,7,3,3,2.356,3.8706,0.5049,1.6829,0.1683,0.6731,0.0,1.0097,0.0,0.3366,0.0,0.0,0.8414,0.0,1.0097,1.178,0.5049,0.5049,534.8,12,450-900,True,7.851,2.617,7.851,20.936,34.021,1.3212,0.4404,1.3212,3.5233,5.7253,-0.154,-0.488
81sfrpdzz1nymxg1b5noo67ai,Y. Vertessen,PSV Eindhoven,156,116,33,82,1,12,6,67,51,77,59,96,73,52,40,8,3,10,4,12,4,1,0,4,0,0,0,74.36,40.0,33.33,50.0,76.12,76.62,76.04,76.92,37.5,0.0,0.0,,26.7174,19.8668,5.6518,14.0438,0.1713,2.0552,1.0276,11.4748,8.7345,13.1874,10.1047,16.4415,12.5024,8.9058,6.8506,1.3701,0.5138,1.7127,0.6851,2.0552,0.6851,0.1713,0.0,0.6851,0.0,0.0,0.0,12,6,30,330.91652227946184,7,5,1,19,11,1.0,2.0552,1.0276,5.138,56.6746,1.1989,0.8563,0.1713,3.254,1.8839,0.1713,-0.891,-0.664,5,0,2,0,3,0,0.0,0.8563,0.0,0.3425,0.0,0.5138,0.0,121,34,8,1,0.0,23,5,0,0,0,0,0,0,0,0,0,0,0,0,8,1,0.0,20.7231,5.823,1.3701,0.1713,0.0,3.9391,0.8563,0.0,0.0,0.0,0.0,0.0,0.0,0.0,0.0,0.0,0.0,0.0,0.0,1.3701,0.1713,0.0,23,9,5,4,3,0,2,1,0,1,0,6,13,5,5,4,8,1,22,6,12,4,10,0,227,30,39.13,80.0,38.46,41,18,43.9,10,9,13,6,3.9391,1.5414,0.8563,0.6851,0.5138,0.0,0.3425,0.1713,0.0,0.1713,0.0,1.0276,2.2265,0.8563,0.8563,0.6851,1.3701,0.1713,3.7678,1.0276,2.0552,0.6851,1.7127,0.0,38.8773,5.138,7.0219,3.0828,1.7127,1.5414,2.2265,1.0276,1,9,0,0,0,0,0.1713,1.5414,0.0,0.0,0.0,0.0,20,3,9,2,10,1,1,0,13,3,7,0,373.16335369491577,,4,18.66,3.4253,0.5138,1.5414,0.3425,1.7127,0.1713,0.1713,0.0,2.2265,0.5138,1.1989,0.0,63.91,0.6851,0,0,0,0,0,3,,,,0.0,0.0,0.0,0.0,0.0,0.5138,1,0,0,0,0,0,0,100.0,0.1713,0.0,0.0,0.0,0.0,0.0,0.0,1,11,3,5,6,14,2,3,1,0,1,2,6,14,4,4,1,4,0.1713,1.8839,0.5138,0.8563,1.0276,2.3977,0.3425,0.5138,0.1713,0.0,0.1713,0.3425,1.0276,2.3977,0.6851,0.6851,0.1713,0.6851,525.5,17,450-900,True,7.009,1.402,8.41,18.222,30.838,1.2004,0.2401,1.4403,3.1208,5.2815,-0.292,-0.881
1t7nph4960rjzu7rgi47sf8ix,J. Odgaard,Alkmaar Zaanstreek,155,106,39,67,0,14,11,61,47,80,48,82,57,57,45,16,4,15,3,21,9,17,5,6,0,0,0,68.39,20.0,42.86,78.57,77.05,60.0,69.51,78.95,25.0,29.41,0.0,,26.6832,18.2479,6.7138,11.534,0.0,2.4101,1.8936,10.5011,8.091,13.772,8.2632,14.1163,9.8125,9.8125,7.7467,2.7544,0.6886,2.5822,0.5164,3.6151,1.5493,2.9265,0.8607,1.0329,0.0,0.0,0.0,15,6,20,223.6832565488794,2,2,1,17,8,1.0,2.5822,1.0329,3.443,38.5071,0.3443,0.3443,0.1721,2.9265,1.3772,0.1721,-0.667,-0.803,23,5,0,0,23,5,21.74,3.9594,0.8607,0.0,0.0,3.9594,0.8607,136,47,9,2,0.0,15,2,1,1,0.0,5,0,0.0,0,0,0,0,0,0,3,1,0.0,23.4124,8.091,1.5493,0.3443,0.0,2.5822,0.3443,0.1721,0.1721,0.0,0.8607,0.0,0.0,0.0,0.0,0.0,0.0,0.0,0.0,0.5164,0.1721,0.0,20,6,12,4,3,5,4,1,0,1,0,4,23,11,6,3,17,8,21,7,12,2,7,0,229,27,30.0,33.33,47.83,55,21,38.18,7,10,18,6,3.443,1.0329,2.0658,0.6886,0.5164,0.8607,0.6886,0.1721,0.0,0.1721,0.0,0.6886,3.9594,1.8936,1.0329,0.5164,2.9265,1.3772,3.6151,1.205,2.0658,0.3443,1.205,0.0,39.4223,4.648,9.4682,3.6151,1.205,1.7215,3.0987,1.0329,11,12,0,0,0,0,1.8936,2.0658,0.0,0.0,0.0,0.0,12,1,9,1,0,0,3,0,10,1,2,0,182.09889133898182,,3,15.17,2.0658,0.1721,1.5493,0.1721,0.0,0.0,0.5164,0.0,1.7215,0.1721,0.3443,0.0,31.3483,0.5164,10,4,4,0,0,1,,,40.0,1.7215,0.6886,0.6886,0.0,0.0,0.1721,1,0,0,0,0,0,0,100.0,0.1721,0.0,0.0,0.0,0.0,0.0,0.0,2,13,0,9,4,8,5,7,1,0,0,1,5,7,7,2,1,11,0.3443,2.2379,0.0,1.5493,0.6886,1.3772,0.8607,1.205,0.1721,0.0,0.0,0.1721,0.8607,1.205,1.205,0.3443,0.1721,1.8936,522.8,17,450-900,True,13.168,1.097,4.389,25.238,23.044,2.2669,0.1888,0.7556,4.3447,3.967,0.93,-0.982
drutqywn51qzby01rhveqk1ec,E. van Ee,SC Heerenveen,184,156,58,98,0,21,16,108,98,55,42,118,97,60,54,6,5,4,3,13,9,2,0,3,2,0,0,84.78,75.0,69.23,76.19,90.74,76.36,82.2,90.0,83.33,0.0,66.67,,31.7302,26.9017,10.0019,16.8998,0.0,3.6214,2.7591,18.6243,16.8998,9.4846,7.2428,20.3487,16.7273,10.3468,9.3121,1.0347,0.8622,0.6898,0.5173,2.2418,1.552,0.3449,0.0,0.5173,0.3449,0.0,0.0,8,9,27,332.9053849898645,4,4,1,12,13,1.0,1.3796,1.552,4.6561,57.4085,0.6898,0.6898,0.1724,2.0694,2.2418,0.1724,-1.177,-1.168,5,2,3,1,2,1,40.0,0.8622,0.3449,0.5173,0.1724,0.3449,0.1724,140,26,5,0,0.0,9,0,0,0,0,2,0,0.0,1,0,0.0,0,0,0,2,0,0.0,24.1426,4.4836,0.8622,0.0,0.0,1.552,0.0,0.0,0.0,0.0,0.3449,0.0,0.0,0.1724,0.0,0.0,0.0,0.0,0.0,0.3449,0.0,0.0,6,3,13,7,4,7,2,5,1,3,1,5,9,6,4,3,5,3,18,7,9,2,4,1,224,10,50.0,53.85,66.67,28,16,57.14,5,12,19,5,1.0347,0.5173,2.2418,1.2071,0.6898,1.2071,0.3449,0.8622,0.1724,0.5173,0.1724,0.8622,1.552,1.0347,0.6898,0.5173,0.8622,0.5173,3.104,1.2071,1.552,0.3449,0.6898,0.1724,38.6281,1.7245,4.8285,2.7591,0.8622,2.0694,3.2765,0.8622,12,8,0,0,1,0,2.0694,1.3796,0.0,0.0,0.1724,0.0,8,0,5,0,3,0,0,0,2,0,6,0,168.52874536892233,,0,21.07,1.3796,0.0,0.8622,0.0,0.5173,0.0,0.0,0.0,0.3449,0.0,1.0347,0.0,29.0622,0.0,1,1,1,0,0,3,,,100.0,0.1724,0.1724,0.1724,0.0,0.0,0.5173,2,0,0,0,0,0,0,100.0,0.3449,0.0,0.0,0.0,0.0,0.0,0.0,1,7,3,2,1,7,2,11,2,3,0,0,3,5,2,3,6,7,0.1724,1.2071,0.5173,0.3449,0.1724,1.2071,0.3449,1.8969,0.3449,0.5173,0.0,0.0,0.5173,0.8622,0.3449,0.5173,1.0347,1.2071,521.9,18,450-900,True,12.905,4.963,4.963,8.934,17.868,2.2254,0.8559,0.8559,1.5406,3.0813,0.883,0.329
811jhcg73gxcrkuq7pkkn4dlh,S. Şahin-Radlinger,Almere City FC,193,69,69,0,0,189,68,4,1,0,0,11,11,15,14,167,44,169,45,0,0,0,0,0,0,0,0,35.75,26.63,,35.98,25.0,,100.0,93.33,26.35,,,,33.6693,12.0372,12.0372,0.0,0.0,32.9715,11.8628,0.6978,0.1745,0.0,0.0,1.919,1.919,2.6168,2.4423,29.1336,7.6759,29.4825,7.8504,0.0,0.0,0.0,0.0,0.0,0.0,0.0,0.0,44,15,1,29.779118925851385,0,0,0,44,15,0.0,7.6759,2.6168,0.1745,5.195,0.0,0.0,0.0,7.6759,2.6168,0.0,1.495,1.215,0,0,0,0,0,0,,0.0,0.0,0.0,0.0,0.0,0.0,59,0,0,0,0,0,0,0,0,0,0,0,0,0,0,0,0,0,0,0,0,0,10.2927,0.0,0.0,0.0,0.0,0.0,0.0,0.0,0.0,0.0,0.0,0.0,0.0,0.0,0.0,0.0,0.0,0.0,0.0,0.0,0.0,0.0,0,0,0,0,0,0,0,0,0,0,0,6,1,1,1,1,0,0,7,7,0,0,0,0,201,0,,,100.0,1,1,100.0,0,7,0,0,0.0,0.0,0.0,0.0,0.0,0.0,0.0,0.0,0.0,0.0,0.0,1.0467,0.1745,0.1745,0.1745,0.1745,0.0,0.0,1.2212,1.2212,0.0,0.0,0.0,0.0,35.0649,0.0,0.1745,0.1745,0.0,1.2212,0.0,0.0,0,0,0,0,0,0,0.0,0.0,0.0,0.0,0.0,0.0,0,0,0,0,0,0,0,0,0,0,0,0,0,,0,,0.0,0.0,0.0,0.0,0.0,0.0,0.0,0.0,0.0,0.0,0.0,0.0,0.0,0.0,0,0,14,0,0,0,,,,0.0,0.0,2.4423,0.0,0.0,0.0,19,3,5,45,1,0,6,100.0,3.3146,0.5234,0.8723,7.8504,0.1745,0.0,1.0467,24,20,0,0,0,0,0,0,0,0,0,0,0,0,0,0,0,0,4.1869,3.489,0.0,0.0,0.0,0.0,0.0,0.0,0.0,0.0,0.0,0.0,0.0,0.0,0.0,0.0,0.0,0.0,515.9,6,450-900,True,0.0,0.0,5.353,0.892,6.245,0.0,0.0,0.9338,0.1556,1.0895,-1.668,-1.353
li3jp671hevmkl35179aqg6i,M. Belkheir,Fortuna Sittard,63,42,17,25,0,4,3,26,22,33,17,39,28,19,10,5,4,4,3,9,1,3,0,1,0,0,0,66.67,75.0,11.11,75.0,84.62,51.52,71.79,52.63,80.0,0.0,0.0,,11.0397,7.3598,2.979,4.3808,0.0,0.7009,0.5257,4.5561,3.8551,5.7827,2.979,6.8341,4.9065,3.3294,1.7523,0.8762,0.7009,0.7009,0.5257,1.5771,0.1752,0.5257,0.0,0.1752,0.0,0.0,0.0,4,5,10,123.17563226045637,4,1,0,8,6,0.0,0.7009,0.8762,1.7523,21.5845,0.7009,0.1752,0.0,1.4019,1.0514,0.0,-1.465,-1.451,4,0,1,0,3,0,0.0,0.7009,0.0,0.1752,0.0,0.5257,0.0,63,40,1,0,0.0,4,0,0,0,0,0,0,0,0,0,0,0,0,0,1,0,0.0,11.0397,7.0093,0.1752,0.0,0.0,0.7009,0.0,0.0,0.0,0.0,0.0,0.0,0.0,0.0,0.0,0.0,0.0,0.0,0.0,0.1752,0.0,0.0,13,7,4,2,1,2,1,0,0,0,0,2,9,3,1,0,8,3,14,5,7,2,6,0,118,19,53.85,50.0,33.33,26,12,46.15,6,6,9,3,2.278,1.2266,0.7009,0.3505,0.1752,0.3505,0.1752,0.0,0.0,0.0,0.0,0.3505,1.5771,0.5257,0.1752,0.0,1.4019,0.5257,2.4533,0.8762,1.2266,0.3505,1.0514,0.0,20.6776,3.3294,4.5561,2.1028,1.0514,1.0514,1.5771,0.5257,11,3,0,1,1,0,1.9276,0.5257,0.0,0.1752,0.1752,0.0,14,1,11,1,0,0,3,0,9,0,5,1,247.65362631315577,,1,17.69,2.4533,0.1752,1.9276,0.1752,0.0,0.0,0.5257,0.0,1.5771,0.0,0.8762,0.1752,43.3972,0.1752,0,0,0,0,0,0,,,,0.0,0.0,0.0,0.0,0.0,0.0,0,0,0,0,0,0,0,,0.0,0.0,0.0,0.0,0.0,0.0,0.0,2,2,0,1,0,14,2,2,0,0,0,1,6,8,1,0,3,1,0.3505,0.3505,0.0,0.1752,0.0,2.4533,0.3505,0.3505,0.0,0.0,0.0,0.1752,1.0514,1.4019,0.1752,0.0,0.5257,0.1752,513.6,15,450-900,True,3.517,0.0,1.758,7.912,12.308,0.6163,0.0,0.3081,1.3864,2.1568,-0.962,-1.353
395y7yj6o1xwr6uaxs4sjnjdh,B. Dost,Nijmegen Eendracht Combinatie,164,89,38,51,0,3,2,102,60,59,27,100,54,59,33,5,2,7,2,76,24,1,0,1,0,0,0,54.27,28.57,31.58,66.67,58.82,45.76,54.0,55.93,40.0,0.0,0.0,,29.3323,15.9181,6.7965,9.1216,0.0,0.5366,0.3577,18.2432,10.7313,10.5525,4.8291,17.8855,9.6582,10.5525,5.9022,0.8943,0.3577,1.252,0.3577,13.593,4.2925,0.1789,0.0,0.1789,0.0,0.0,0.0,7,12,11,203.75969091082598,5,2,2,12,14,2.0,1.252,2.1463,1.9674,36.4435,0.8943,0.3577,0.3577,2.1463,2.504,0.3577,-1.231,-1.135,2,0,1,0,1,0,0.0,0.3577,0.0,0.1789,0.0,0.1789,0.0,161,107,7,3,0.0,10,4,0,0,0,0,0,0,2,1,0.0,0,0,0,5,2,0.0,28.7957,19.1375,1.252,0.5366,0.0,1.7886,0.7154,0.0,0.0,0.0,0.0,0.0,0.0,0.3577,0.1789,0.0,0.0,0.0,0.0,0.8943,0.3577,0.0,2,2,2,0,1,0,1,1,1,0,0,7,72,48,10,6,62,42,5,2,2,1,0,0,194,21,100.0,0.0,66.67,76,50,65.79,0,4,2,2,0.3577,0.3577,0.3577,0.0,0.1789,0.0,0.1789,0.1789,0.1789,0.0,0.0,1.252,12.8776,8.5851,1.7886,1.0731,11.089,7.5119,0.8943,0.3577,0.3577,0.1789,0.0,0.0,34.6979,3.756,13.593,8.9428,0.0,0.7154,0.3577,0.3577,0,3,0,1,0,0,0.0,0.5366,0.0,0.1789,0.0,0.0,7,3,0,0,4,3,3,0,7,3,0,0,74.12285511523231,,6,10.59,1.252,0.5366,0.0,0.0,0.7154,0.5366,0.5366,0.0,1.252,0.5366,0.0,0.0,13.2573,1.0731,0,0,0,0,0,0,,,,0.0,0.0,0.0,0.0,0.0,0.0,0,0,0,0,0,0,0,,0.0,0.0,0.0,0.0,0.0,0.0,0.0,3,4,1,6,4,3,2,0,0,1,1,2,4,3,5,2,0,2,0.5366,0.7154,0.1789,1.0731,0.7154,0.5366,0.3577,0.0,0.0,0.1789,0.1789,0.3577,0.7154,0.5366,0.8943,0.3577,0.0,0.3577,503.2,8,450-900,True,1.935,0.968,6.773,69.66,4.838,0.3461,0.1731,1.2114,12.4591,0.8653,-1.271,-1.013
b8ixf31bdyfqqcwoy4ulai73e,K. Fitz-Jim,SBV Excelsior,200,169,78,91,0,31,25,101,87,68,57,120,101,65,60,15,8,14,7,9,4,0,0,3,2,0,0,84.5,50.0,44.44,80.65,86.14,83.82,84.17,92.31,53.33,,66.67,,36.0144,30.4322,14.0456,16.3866,0.0,5.5822,4.5018,18.1873,15.6663,12.2449,10.2641,21.6086,18.1873,11.7047,10.8043,2.7011,1.4406,2.521,1.2605,1.6206,0.7203,0.0,0.0,0.5402,0.3601,0.0,0.0,13,12,48,563.4773567138104,3,3,3,16,15,3.0,2.3409,2.1609,8.6435,101.4665,0.5402,0.5402,0.5402,2.8812,2.7011,0.5402,-0.769,-0.823,3,2,1,0,2,2,66.67,0.5402,0.3601,0.1801,0.0,0.3601,0.3601,148,22,9,1,0.0,16,1,1,0,0.0,2,0,0.0,0,0,0,0,0,0,6,1,0.0,26.6507,3.9616,1.6206,0.1801,0.0,2.8812,0.1801,0.1801,0.0,0.0,0.3601,0.0,0.0,0.0,0.0,0.0,0.0,0.0,0.0,1.0804,0.1801,0.0,11,6,13,10,2,8,3,5,3,2,0,6,5,1,3,0,2,1,28,12,12,4,5,0,248,13,54.55,76.92,20.0,29,17,58.62,5,17,22,7,1.9808,1.0804,2.3409,1.8007,0.3601,1.4406,0.5402,0.9004,0.5402,0.3601,0.0,1.0804,0.9004,0.1801,0.5402,0.0,0.3601,0.1801,5.042,2.1609,2.1609,0.7203,0.9004,0.0,44.6579,2.3409,5.2221,3.0612,0.9004,3.0612,3.9616,1.2605,8,4,0,1,0,0,1.4406,0.7203,0.0,0.1801,0.0,0.0,8,0,4,0,4,0,0,0,4,0,4,0,173.7260016952287,,1,21.72,1.4406,0.0,0.7203,0.0,0.7203,0.0,0.0,0.0,0.7203,0.0,0.7203,0.0,31.2832,0.1801,4,3,3,0,0,0,,,75.0,0.7203,0.5402,0.5402,0.0,0.0,0.0,0,0,0,0,0,0,0,,0.0,0.0,0.0,0.0,0.0,0.0,0.0,2,11,1,8,1,7,4,9,2,3,0,0,4,4,5,4,4,9,0.3601,1.9808,0.1801,1.4406,0.1801,1.2605,0.7203,1.6206,0.3601,0.5402,0.0,0.0,0.7203,0.7203,0.9004,0.7203,0.7203,1.6206,499.8,12,450-900,True,11.937,4.591,5.51,4.591,25.711,2.1495,0.8267,0.9922,0.8267,4.6298,0.796,0.271
6mdc3sgndh5xy0bogwwm4a2ac,Q. Hoeve,FC Volendam,97,50,13,37,0,5,3,45,21,47,26,61,33,35,17,1,0,2,0,38,7,0,0,1,0,0,0,51.55,0.0,18.42,60.0,46.67,55.32,54.1,48.57,0.0,,0.0,,17.6328,9.0891,2.3632,6.7259,0.0,0.9089,0.5453,8.1802,3.8174,8.5437,4.7263,11.0887,5.9988,6.3624,3.0903,0.1818,0.0,0.3636,0.0,6.9077,1.2725,0.0,0.0,0.1818,0.0,0.0,0.0,3,1,6,129.26586091553173,3,3,1,6,4,1.0,0.5453,0.1818,1.0907,23.4981,0.5453,0.5453,0.1818,1.0907,0.7271,0.1818,-1.531,-1.584,1,0,0,0,1,0,0.0,0.1818,0.0,0.0,0.0,0.1818,0.0,88,62,5,1,0.0,6,1,0,0,0,0,0,0,2,1,0.0,0,0,0,3,0,0.0,15.9968,11.2705,0.9089,0.1818,0.0,1.0907,0.1818,0.0,0.0,0.0,0.0,0.0,0.0,0.3636,0.1818,0.0,0.0,0.0,0.0,0.5453,0.0,0.0,5,2,2,1,1,0,1,0,0,0,0,2,63,38,4,2,59,36,12,3,7,2,8,0,140,22,40.0,50.0,60.32,70,41,58.57,8,4,7,3,0.9089,0.3636,0.3636,0.1818,0.1818,0.0,0.1818,0.0,0.0,0.0,0.0,0.3636,11.4522,6.9077,0.7271,0.3636,10.7251,6.5441,2.1814,0.5453,1.2725,0.3636,1.4543,0.0,25.4494,3.9992,12.7247,7.453,1.4543,0.7271,1.2725,0.5453,4,7,0,3,0,0,0.7271,1.2725,0.0,0.5453,0.0,0.0,6,0,0,0,3,0,3,0,6,0,0,0,57.486058328959615,,1,9.58,1.0907,0.0,0.0,0.0,0.5453,0.0,0.5453,0.0,1.0907,0.0,0.0,0.0,10.4499,0.1818,0,0,0,0,0,0,,,,0.0,0.0,0.0,0.0,0.0,0.0,1,0,0,0,0,0,0,100.0,0.1818,0.0,0.0,0.0,0.0,0.0,0.0,0,3,0,5,0,6,0,2,0,0,0,0,1,5,0,5,1,1,0.0,0.5453,0.0,0.9089,0.0,1.0907,0.0,0.3636,0.0,0.0,0.0,0.0,0.1818,0.9089,0.0,0.9089,0.1818,0.1818,495.1,17,450-900,True,1.704,0.0,1.704,53.669,10.223,0.3098,0.0,0.3098,9.756,1.8584,-1.313,-1.353
axhjtqfa2xxud2tdle8zfxrkl,L. Koopmans,Fortuna Sittard,151,71,70,1,0,148,69,3,2,0,0,14,13,18,18,119,40,115,35,0,0,0,0,0,0,0,0,47.02,30.43,,46.62,66.67,,92.86,100.0,33.61,,,,27.9342,13.1346,12.9496,0.185,0.0,27.3792,12.7646,0.555,0.37,0.0,0.0,2.5899,2.4049,3.3299,3.3299,22.0144,7.3998,21.2744,6.4748,0.0,0.0,0.0,0.0,0.0,0.0,0.0,0.0,30,9,2,42.31671827887867,0,0,0,30,9,0.0,5.5498,1.665,0.37,7.8284,0.0,0.0,0.0,5.5498,1.665,0.0,0.593,0.311,0,0,0,0,0,0,,0.0,0.0,0.0,0.0,0.0,0.0,38,0,0,0,0,1,0,0,0,0,0,0,0,0,0,0,0,0,0,0,0,0,7.0298,0.0,0.0,0.0,0.0,0.185,0.0,0.0,0.0,0.0,0.0,0.0,0.0,0.0,0.0,0.0,0.0,0.0,0.0,0.0,0.0,0.0,0,0,1,1,0,1,0,0,0,0,0,0,1,1,1,1,0,0,12,9,3,0,0,0,151,0,,100.0,100.0,2,2,100.0,0,9,4,0,0.0,0.0,0.185,0.185,0.0,0.185,0.0,0.0,0.0,0.0,0.0,0.0,0.185,0.185,0.185,0.185,0.0,0.0,2.2199,1.665,0.555,0.0,0.0,0.0,27.9342,0.0,0.37,0.37,0.0,1.665,0.74,0.0,0,0,0,0,0,0,0.0,0.0,0.0,0.0,0.0,0.0,0,0,0,0,0,0,0,0,0,0,0,0,0,,0,,0.0,0.0,0.0,0.0,0.0,0.0,0.0,0.0,0.0,0.0,0.0,0.0,0.0,0.0,0,0,16,0,0,0,,,,0.0,0.0,2.9599,0.0,0.0,0.0,13,7,1,33,0,0,3,100.0,2.4049,1.295,0.185,6.1048,0.0,0.0,0.555,17,13,0,0,0,0,1,0,0,0,0,0,0,0,0,0,1,0,3.1449,2.4049,0.0,0.0,0.0,0.0,0.185,0.0,0.0,0.0,0.0,0.0,0.0,0.0,0.0,0.0,0.185,0.0,486.5,5,450-900,True,0.879,0.0,0.0,0.879,10.55,0.1626,0.0,0.0,0.1626,1.9517,-1.482,-1.353
6smh3nwy4forlce6x7qvu9jh1,O. Lingr,Feyenoord Rotterdam,132,105,50,55,0,10,5,69,61,53,39,91,70,30,27,11,8,13,9,14,7,0,0,5,3,0,0,79.55,69.23,50.0,50.0,88.41,73.58,76.92,90.0,72.73,,60.0,,24.4948,19.4845,9.2784,10.2062,0.0,1.8557,0.9278,12.8041,11.3196,9.8351,7.2371,16.8866,12.9897,5.567,5.0103,2.0412,1.4845,2.4124,1.6701,2.5979,1.299,0.0,0.0,0.9278,0.5567,0.0,0.0,12,12,18,286.33177034566165,3,3,2,15,15,2.0,2.2268,2.2268,3.3402,53.1337,0.5567,0.5567,0.3711,2.7835,2.7835,0.3711,-0.818,-0.864,5,3,0,0,5,3,60.0,0.9278,0.5567,0.0,0.0,0.9278,0.5567,130,45,3,0,0.0,10,1,0,0,0,0,0,0,0,0,0,0,0,0,3,0,0.0,24.1237,8.3505,0.5567,0.0,0.0,1.8557,0.1856,0.0,0.0,0.0,0.0,0.0,0.0,0.0,0.0,0.0,0.0,0.0,0.0,0.5567,0.0,0.0,8,5,4,1,1,3,0,1,0,0,1,1,18,9,6,2,12,7,21,5,11,5,7,0,197,36,62.5,25.0,50.0,30,15,50.0,7,6,14,6,1.4845,0.9278,0.7423,0.1856,0.1856,0.5567,0.0,0.1856,0.0,0.0,0.1856,0.1856,3.3402,1.6701,1.1134,0.3711,2.2268,1.299,3.8969,0.9278,2.0412,0.9278,1.299,0.0,36.5567,6.6804,5.567,2.7835,1.299,1.1134,2.5979,1.1134,4,5,0,0,0,0,0.7423,0.9278,0.0,0.0,0.0,0.0,21,3,3,0,13,3,5,0,19,3,2,0,252.15980588203786,,3,12.01,3.8969,0.5567,0.5567,0.0,2.4124,0.5567,0.9278,0.0,3.5258,0.5567,0.3711,0.0,46.7925,0.5567,0,0,0,0,0,0,,,,0.0,0.0,0.0,0.0,0.0,0.0,0,0,0,0,0,0,0,,0.0,0.0,0.0,0.0,0.0,0.0,0.0,0,12,0,3,0,21,0,4,0,1,2,1,10,11,3,0,1,3,0.0,2.2268,0.0,0.5567,0.0,3.8969,0.0,0.7423,0.0,0.1856,0.3711,0.1856,1.8557,2.0412,0.5567,0.0,0.1856,0.5567,485.0,20,450-900,True,5.234,1.309,1.309,23.553,27.479,0.9713,0.2429,0.2429,4.3707,5.0992,-0.555,-0.876
16mtjri8tz6vmxtxwr34y2tp1,M. Branderhorst,FC Utrecht,145,96,94,1,1,145,96,0,0,0,0,21,21,46,42,78,33,79,33,0,0,0,0,0,0,0,0,66.21,41.77,,66.21,,,100.0,91.3,42.31,,,,26.9684,17.8549,17.483,0.186,0.186,26.9684,17.8549,0.0,0.0,0.0,0.0,3.9058,3.9058,8.5555,7.8115,14.5071,6.1376,14.6931,6.1376,0.0,0.0,0.0,0.0,0.0,0.0,0.0,0.0,25,1,8,129.74339855010214,0,0,0,25,1,0.0,4.6497,0.186,1.4879,24.1308,0.0,0.0,0.0,4.6497,0.186,0.0,0.211,-0.071,0,0,0,0,0,0,,0.0,0.0,0.0,0.0,0.0,0.0,60,0,0,0,0,0,0,0,0,0,0,0,0,0,0,0,0,0,0,0,0,0,11.1593,0.0,0.0,0.0,0.0,0.0,0.0,0.0,0.0,0.0,0.0,0.0,0.0,0.0,0.0,0.0,0.0,0.0,0.0,0.0,0.0,0.0,0,0,0,0,0,0,0,0,0,0,0,3,1,1,1,1,0,0,6,6,0,0,0,1,148,0,,,100.0,1,1,100.0,1,6,0,0,0.0,0.0,0.0,0.0,0.0,0.0,0.0,0.0,0.0,0.0,0.0,0.558,0.186,0.186,0.186,0.186,0.0,0.0,1.1159,1.1159,0.0,0.0,0.0,0.186,27.5263,0.0,0.186,0.186,0.186,1.1159,0.0,0.0,0,1,0,0,0,0,0.0,0.186,0.0,0.0,0.0,0.0,0,0,0,0,0,0,0,0,0,0,0,0,0,,0,,0.0,0.0,0.0,0.0,0.0,0.0,0.0,0.0,0.0,0.0,0.0,0.0,0.0,0.0,0,0,8,0,0,0,,,,0.0,0.0,1.4879,0.0,0.0,0.0,11,8,0,29,0,1,1,100.0,2.0459,1.4879,0.0,5.3937,0.0,0.186,0.186,10,15,0,0,0,0,0,0,0,0,0,0,0,0,0,0,0,0,1.8599,2.7898,0.0,0.0,0.0,0.0,0.0,0.0,0.0,0.0,0.0,0.0,0.0,0.0,0.0,0.0,0.0,0.0,483.9,5,450-900,True,0.0,0.0,2.901,0.967,5.802,0.0,0.0,0.5396,0.1799,1.0791,-1.668,-1.353
9sid8vt0mz1ypq4pn8vj6pas5,J. Bruma,RKC Waalwijk,242,198,139,59,0,108,90,126,106,8,2,82,65,129,115,31,18,29,15,24,9,0,0,0,0,0,0,81.82,51.72,37.5,83.33,84.13,25.0,79.27,89.15,58.06,,,,45.8816,37.5395,26.3535,11.186,0.0,20.4761,17.0634,23.8888,20.0969,1.5167,0.3792,15.5467,12.3236,24.4576,21.8032,5.8774,3.4127,5.4982,2.8439,4.5502,1.7063,0.0,0.0,0.0,0.0,0.0,0.0,22,14,31,551.3560830907974,3,1,1,25,15,1.0,4.1711,2.6543,5.8774,104.5335,0.5688,0.1896,0.1896,4.7398,2.8439,0.1896,0.008,-0.033,0,0,0,0,0,0,,0.0,0.0,0.0,0.0,0.0,0.0,170,9,0,0,0,4,1,0,0,0,0,0,0,0,0,0,0,0,0,0,0,0,32.2309,1.7063,0.0,0.0,0.0,0.7584,0.1896,0.0,0.0,0.0,0.0,0.0,0.0,0.0,0.0,0.0,0.0,0.0,0.0,0.0,0.0,0.0,1,1,4,4,3,1,0,4,3,1,0,21,20,12,14,9,6,3,24,12,11,1,2,1,284,4,100.0,100.0,60.0,25,17,68.0,3,18,13,1,0.1896,0.1896,0.7584,0.7584,0.5688,0.1896,0.0,0.7584,0.5688,0.1896,0.0,3.9815,3.7919,2.2751,2.6543,1.7063,1.1376,0.5688,4.5502,2.2751,2.0855,0.1896,0.3792,0.1896,53.8445,0.7584,4.7398,3.2231,0.5688,3.4127,2.4647,0.1896,9,2,2,1,0,1,1.7063,0.3792,0.3792,0.1896,0.0,0.1896,3,0,0,0,1,0,2,0,2,0,1,0,49.702130600465466,,0,16.57,0.5688,0.0,0.0,0.0,0.1896,0.0,0.3792,0.0,0.3792,0.0,0.1896,0.0,9.4232,0.0,0,0,6,0,0,0,,,,0.0,0.0,1.1376,0.0,0.0,0.0,8,0,0,0,0,0,0,100.0,1.5167,0.0,0.0,0.0,0.0,0.0,0.0,11,11,0,0,1,2,2,2,2,2,0,0,3,0,0,0,3,1,2.0855,2.0855,0.0,0.0,0.1896,0.3792,0.3792,0.3792,0.3792,0.3792,0.0,0.0,0.5688,0.0,0.0,0.0,0.5688,0.1896,474.7,12,450-900,True,3.656,3.656,19.195,18.281,21.937,0.6932,0.6932,3.6392,3.466,4.1591,-0.874,0.009
1df9uegp2hsbc4813no3mdvx1,Alessio da Cruz,Fortuna Sittard,88,62,24,37,1,4,4,39,32,45,26,60,41,25,20,3,1,2,1,16,6,0,0,8,3,0,0,70.45,50.0,37.5,100.0,82.05,57.78,68.33,80.0,33.33,,37.5,,16.8511,11.8723,4.5957,7.0851,0.1915,0.766,0.766,7.4681,6.1277,8.617,4.9787,11.4894,7.8511,4.7872,3.8298,0.5745,0.1915,0.383,0.1915,3.0638,1.1489,0.0,0.0,1.5319,0.5745,0.0,0.0,7,5,6,123.36494164033098,2,2,1,9,7,1.0,1.3404,0.9574,1.1489,23.6231,0.383,0.383,0.1915,1.7234,1.3404,0.1915,-1.194,-1.315,8,3,2,1,6,2,37.5,1.5319,0.5745,0.383,0.1915,1.1489,0.383,69,34,6,0,0.0,10,1,0,0,0,2,0,0.0,0,0,0,0,0,0,4,0,0.0,13.2128,6.5106,1.1489,0.0,0.0,1.9149,0.1915,0.0,0.0,0.0,0.383,0.0,0.0,0.0,0.0,0.0,0.0,0.0,0.0,0.766,0.0,0.0,11,3,3,3,2,1,0,1,0,1,0,1,24,9,4,2,20,7,13,2,8,3,5,0,125,11,27.27,100.0,37.5,38,15,39.47,5,4,10,3,2.1064,0.5745,0.5745,0.5745,0.383,0.1915,0.0,0.1915,0.0,0.1915,0.0,0.1915,4.5957,1.7234,0.766,0.383,3.8298,1.3404,2.4894,0.383,1.5319,0.5745,0.9574,0.0,23.9362,2.1064,7.2766,2.8723,0.9574,0.766,1.9149,0.5745,6,7,0,0,0,0,1.1489,1.3404,0.0,0.0,0.0,0.0,2,1,0,0,2,1,0,0,1,1,1,0,41.44137637661029,,1,20.72,0.383,0.1915,0.0,0.0,0.383,0.1915,0.0,0.0,0.1915,0.1915,0.1915,0.0,7.9356,0.1915,3,1,2,0,0,0,,,33.33,0.5745,0.1915,0.383,0.0,0.0,0.0,0,0,0,0,0,0,0,,0.0,0.0,0.0,0.0,0.0,0.0,0.0,2,5,1,5,0,2,1,2,1,0,1,0,1,1,2,4,1,2,0.383,0.9574,0.1915,0.9574,0.0,0.383,0.1915,0.383,0.1915,0.0,0.1915,0.0,0.1915,0.1915,0.383,0.766,0.1915,0.383,470.0,15,450-900,True,2.637,0.879,0.879,21.1,11.429,0.505,0.1683,0.1683,4.0404,2.1885,-1.089,-1.022
b427p4czppyjddx3xuuvc2okp,B. Ramselaar,FC Utrecht,144,113,47,66,0,14,10,64,58,66,45,90,70,48,38,6,5,5,4,8,3,3,0,5,0,0,0,78.47,80.0,37.5,71.43,90.62,68.18,77.78,79.17,83.33,0.0,0.0,,27.7338,21.7633,9.052,12.7113,0.0,2.6963,1.926,12.3261,11.1706,12.7113,8.6668,17.3336,13.4817,9.2446,7.3186,1.1556,0.963,0.963,0.7704,1.5408,0.5778,0.5778,0.0,0.963,0.0,0.0,0.0,10,11,29,362.07231483254174,6,6,3,16,17,3.0,1.926,2.1186,5.5853,69.7336,1.1556,1.1556,0.5778,3.0815,3.2741,0.5778,-0.945,-0.738,8,0,5,0,3,0,0.0,1.5408,0.0,0.963,0.0,0.5778,0.0,113,34,7,0,0.0,12,1,0,0,0,0,0,0,0,0,0,0,0,0,7,0,0.0,21.7633,6.5483,1.3482,0.0,0.0,2.3111,0.1926,0.0,0.0,0.0,0.0,0.0,0.0,0.0,0.0,0.0,0.0,0.0,0.0,1.3482,0.0,0.0,11,2,1,1,0,1,0,3,1,2,0,3,5,1,3,0,2,1,19,8,11,0,1,0,185,15,18.18,100.0,20.0,17,4,23.53,1,9,14,0,2.1186,0.3852,0.1926,0.1926,0.0,0.1926,0.0,0.5778,0.1926,0.3852,0.0,0.5778,0.963,0.1926,0.5778,0.0,0.3852,0.1926,3.6593,1.5408,2.1186,0.0,0.1926,0.0,35.6302,2.8889,3.2741,0.7704,0.1926,1.7334,2.6963,0.0,1,3,0,0,0,0,0.1926,0.5778,0.0,0.0,0.0,0.0,10,1,1,0,8,1,1,0,6,1,4,0,176.07473230081186,,1,17.61,1.926,0.1926,0.1926,0.0,1.5408,0.1926,0.1926,0.0,1.1556,0.1926,0.7704,0.0,33.9112,0.1926,1,0,0,0,0,0,,,0.0,0.1926,0.0,0.0,0.0,0.0,0.0,2,0,0,0,0,0,0,100.0,0.3852,0.0,0.0,0.0,0.0,0.0,0.0,5,5,0,7,3,7,0,1,0,3,0,1,6,4,3,4,1,0,0.963,0.963,0.0,1.3482,0.5778,1.3482,0.0,0.1926,0.0,0.5778,0.0,0.1926,1.1556,0.7704,0.5778,0.7704,0.1926,0.0,467.3,11,450-900,True,0.967,2.901,2.901,4.835,18.372,0.1862,0.5587,0.5587,0.9312,3.5384,-1.455,-0.255
6h0fuh0aamz86pf25qebm0fvu,R. Roefs,Nijmegen Eendracht Combinatie,184,133,130,3,0,184,133,0,0,0,0,34,34,49,49,101,50,95,44,0,0,0,0,0,0,0,0,72.28,46.32,,72.28,,,100.0,100.0,49.5,,,,36.0,26.0217,25.4348,0.587,0.0,36.0,26.0217,0.0,0.0,0.0,0.0,6.6522,6.6522,9.587,9.587,19.7609,9.7826,18.587,8.6087,0.0,0.0,0.0,0.0,0.0,0.0,0.0,0.0,40,3,7,117.4464765809599,0,0,0,40,3,0.0,7.8261,0.587,1.3696,22.9787,0.0,0.0,0.0,7.8261,0.587,0.0,1.559,1.279,0,0,0,0,0,0,,0.0,0.0,0.0,0.0,0.0,0.0,63,0,0,0,0,2,1,0,0,0,0,0,0,0,0,0,0,0,0,0,0,0,12.3261,0.0,0.0,0.0,0.0,0.3913,0.1957,0.0,0.0,0.0,0.0,0.0,0.0,0.0,0.0,0.0,0.0,0.0,0.0,0.0,0.0,0.0,0,0,0,0,0,0,0,0,0,0,0,2,0,0,0,0,0,0,9,9,0,0,0,0,186,0,,,,0,0,,0,9,0,0,0.0,0.0,0.0,0.0,0.0,0.0,0.0,0.0,0.0,0.0,0.0,0.3913,0.0,0.0,0.0,0.0,0.0,0.0,1.7609,1.7609,0.0,0.0,0.0,0.0,36.3913,0.0,0.0,0.0,0.0,1.7609,0.0,0.0,0,0,0,0,0,0,0.0,0.0,0.0,0.0,0.0,0.0,0,0,0,0,0,0,0,0,0,0,0,0,0,,0,,0.0,0.0,0.0,0.0,0.0,0.0,0.0,0.0,0.0,0.0,0.0,0.0,0.0,0.0,0,0,11,0,0,0,,,,0.0,0.0,2.1522,0.0,0.0,0.0,15,10,1,28,0,0,0,100.0,2.9348,1.9565,0.1957,5.4783,0.0,0.0,0.0,15,25,0,0,0,0,0,0,0,0,0,0,0,0,0,0,0,0,2.9348,4.8913,0.0,0.0,0.0,0.0,0.0,0.0,0.0,0.0,0.0,0.0,0.0,0.0,0.0,0.0,0.0,0.0,460.0,5,450-900,True,0.0,0.0,1.935,0.0,8.708,0.0,0.0,0.3786,0.0,1.7037,-1.668,-1.353
b1zeqxuwoyzx1eukf18ptdgq,D. Hall,SC Heerenveen,219,182,91,90,1,64,48,125,108,30,26,109,97,86,71,24,14,28,18,18,5,0,0,5,3,0,0,83.11,64.29,27.78,75.0,86.4,86.67,88.99,82.56,58.33,,60.0,,43.2237,35.9211,17.9605,17.7632,0.1974,12.6316,9.4737,24.6711,21.3158,5.9211,5.1316,21.5132,19.1447,16.9737,14.0132,4.7368,2.7632,5.5263,3.5526,3.5526,0.9868,0.0,0.0,0.9868,0.5921,0.0,0.0,21,16,17,252.21670380721753,1,0,0,22,16,0.0,4.1447,3.1579,3.3553,49.7796,0.1974,0.0,0.0,4.3421,3.1579,0.0,-0.004,-0.202,5,3,0,0,5,3,60.0,0.9868,0.5921,0.0,0.0,0.9868,0.5921,122,3,2,0,0.0,3,0,0,0,0,1,0,0.0,0,0,0,0,0,0,1,0,0.0,24.0789,0.5921,0.3947,0.0,0.0,0.5921,0.0,0.0,0.0,0.0,0.1974,0.0,0.0,0.0,0.0,0.0,0.0,0.0,0.0,0.1974,0.0,0.0,2,1,13,8,11,1,1,5,3,2,0,15,14,8,12,6,2,2,33,21,10,2,1,1,247,3,50.0,61.54,57.14,29,17,58.62,2,35,13,3,0.3947,0.1974,2.5658,1.5789,2.1711,0.1974,0.1974,0.9868,0.5921,0.3947,0.0,2.9605,2.7632,1.5789,2.3684,1.1842,0.3947,0.3947,6.5132,4.1447,1.9737,0.3947,0.1974,0.1974,48.75,0.5921,5.7237,3.3553,0.3947,6.9079,2.5658,0.5921,5,3,3,1,0,0,0.9868,0.5921,0.5921,0.1974,0.0,0.0,1,0,0,0,1,0,0,0,0,0,1,0,29.224774165081236,,0,29.22,0.1974,0.0,0.0,0.0,0.1974,0.0,0.0,0.0,0.0,0.0,0.1974,0.0,5.768,0.0,0,0,2,0,0,38,,,,0.0,0.0,0.3947,0.0,0.0,7.5,0,0,0,0,0,0,0,,0.0,0.0,0.0,0.0,0.0,0.0,0.0,7,14,0,2,0,1,3,10,4,1,0,0,0,1,1,1,4,9,1.3816,2.7632,0.0,0.3947,0.0,0.1974,0.5921,1.9737,0.7895,0.1974,0.0,0.0,0.0,0.1974,0.1974,0.1974,0.7895,1.7763,456.0,11,450-900,True,12.905,4.963,14.89,13.898,32.759,2.547,0.9795,2.9388,2.743,6.4656,1.251,0.572
3uq3lrjyj4mnvq6162b0jyhnt,M. de Wit,Alkmaar Zaanstreek,276,242,121,121,0,74,60,144,134,58,48,151,135,111,99,14,8,18,9,13,9,8,2,0,0,0,0,87.68,50.0,69.23,81.08,93.06,82.76,89.4,89.19,57.14,25.0,,,55.2491,48.4431,24.2215,24.2215,0.0,14.8132,12.0107,28.8256,26.8238,11.6103,9.6085,30.2269,27.024,22.2198,19.8176,2.8025,1.6014,3.6032,1.8016,2.6023,1.8016,1.6014,0.4004,0.0,0.0,0.0,0.0,29,18,48,605.6254330365723,2,2,1,31,20,1.0,5.8052,3.6032,9.6085,121.2328,0.4004,0.4004,0.2002,6.2055,4.0036,0.2002,,,8,2,8,2,0,0,25.0,1.6014,0.4004,1.6014,0.4004,0.0,0.0,178,12,7,0,0.0,9,0,0,0,0,2,0,0.0,0,0,0,0,0,0,5,0,0.0,35.6317,2.4021,1.4012,0.0,0.0,1.8016,0.0,0.0,0.0,0.0,0.4004,0.0,0.0,0.0,0.0,0.0,0.0,0.0,0.0,1.0009,0.0,0.0,6,5,10,7,4,5,1,3,2,1,0,16,5,1,4,1,1,0,25,16,7,2,1,0,314,12,83.33,70.0,20.0,21,13,61.9,1,22,13,3,1.2011,1.0009,2.0018,1.4012,0.8007,1.0009,0.2002,0.6005,0.4004,0.2002,0.0,3.2028,1.0009,0.2002,0.8007,0.2002,0.2002,0.0,5.0044,3.2028,1.4012,0.4004,0.2002,0.0,62.8559,2.4021,4.2037,2.6023,0.2002,4.4039,2.6023,0.6005,6,0,0,1,0,0,1.2011,0.0,0.0,0.2002,0.0,0.0,3,1,2,1,1,0,0,0,3,1,0,0,44.265219941794335,,1,14.76,0.6005,0.2002,0.4004,0.2002,0.2002,0.0,0.0,0.0,0.6005,0.2002,0.0,0.0,8.8609,0.2002,0,0,1,0,0,31,,,,0.0,0.0,0.2002,0.0,0.0,6.2055,3,0,0,0,0,0,0,100.0,0.6005,0.0,0.0,0.0,0.0,0.0,0.0,14,15,3,4,2,1,6,4,2,1,1,0,2,1,2,5,7,3,2.8025,3.0027,0.6005,0.8007,0.4004,0.2002,1.2011,0.8007,0.4004,0.2002,0.2002,0.0,0.4004,0.2002,0.4004,1.0009,1.4012,0.6005,449.6,10,<450,False,10.973,3.292,17.557,5.487,27.433,2.1966,0.659,3.5145,1.0984,5.4915,,
1jr23fmrmezgiaq7k63pro07o,I. Babadi,PSV Eindhoven,228,188,99,87,2,25,20,116,95,87,73,137,116,65,58,26,14,23,12,4,2,2,0,1,0,0,0,82.46,52.17,50.0,80.0,81.9,83.91,84.67,89.23,53.85,0.0,0.0,,47.5992,39.2484,20.6681,18.1628,0.4175,5.2192,4.1754,24.2171,19.833,18.1628,15.2401,28.6013,24.2171,13.5699,12.1086,5.428,2.9228,4.8017,2.5052,0.8351,0.4175,0.4175,0.0,0.2088,0.0,0.0,0.0,18,20,48,511.3672816820496,5,2,1,23,22,1.0,3.7578,4.1754,10.0209,106.7573,1.0438,0.4175,0.2088,4.8017,4.5929,0.2088,,,3,0,1,0,2,0,0.0,0.6263,0.0,0.2088,0.0,0.4175,0.0,205,27,5,0,0.0,12,0,0,0,0,0,0,0,0,0,0,0,0,0,5,0,0.0,42.7975,5.6367,1.0438,0.0,0.0,2.5052,0.0,0.0,0.0,0.0,0.0,0.0,0.0,0.0,0.0,0.0,0.0,0.0,0.0,1.0438,0.0,0.0,18,12,8,3,2,3,3,1,0,1,0,1,1,0,1,0,0,0,34,7,20,7,5,0,277,13,66.67,37.5,0.0,27,15,55.56,5,9,24,10,3.7578,2.5052,1.6701,0.6263,0.4175,0.6263,0.6263,0.2088,0.0,0.2088,0.0,0.2088,0.2088,0.0,0.2088,0.0,0.0,0.0,7.0981,1.4614,4.1754,1.4614,1.0438,0.0,57.8288,2.714,5.6367,3.1315,1.0438,1.8789,5.0104,2.0877,4,2,0,1,0,0,0.8351,0.4175,0.0,0.2088,0.0,0.0,11,1,5,0,6,1,0,0,8,1,3,0,183.1303640939669,,1,16.65,2.2965,0.2088,1.0438,0.0,1.2526,0.2088,0.0,0.0,1.6701,0.2088,0.6263,0.0,38.2318,0.2088,0,0,3,0,0,1,,,,0.0,0.0,0.6263,0.0,0.0,0.2088,0,0,0,0,0,0,0,,0.0,0.0,0.0,0.0,0.0,0.0,0.0,5,13,3,2,3,8,4,4,1,0,0,1,4,7,0,5,2,6,1.0438,2.714,0.6263,0.4175,0.6263,1.6701,0.8351,0.8351,0.2088,0.0,0.0,0.2088,0.8351,1.4614,0.0,1.0438,0.4175,1.2526,431.1,16,<450,False,11.214,1.402,1.402,1.402,47.659,2.3411,0.2927,0.2927,0.2927,9.9497,,
eayvrkzzkk0xu4c5rrxgzlroq,A. Douiri,FC Volendam,138,90,42,48,0,29,18,61,47,48,25,68,52,46,30,24,8,29,10,4,2,3,0,18,3,0,0,65.22,34.48,50.0,62.07,77.05,52.08,76.47,65.22,33.33,0.0,16.67,,29.7556,19.4058,9.0561,10.3498,0.0,6.253,3.8812,13.1529,10.1342,10.3498,5.3905,14.6622,11.2123,9.9185,6.4686,5.1749,1.725,6.253,2.1562,0.8625,0.4312,0.6469,0.0,3.8812,0.6469,0.0,0.0,18,7,17,173.9059319075064,2,1,1,20,8,1.0,3.8812,1.5093,3.6655,37.4977,0.4312,0.2156,0.2156,4.3124,1.725,0.2156,,,21,3,16,3,5,0,14.29,4.528,0.6469,3.4499,0.6469,1.0781,0.0,75,10,5,1,0.0,8,1,0,0,0,3,1,0.0,0,0,0,0,0,0,2,0,0.0,16.1715,2.1562,1.0781,0.2156,0.0,1.725,0.2156,0.0,0.0,0.0,0.6469,0.2156,0.0,0.0,0.0,0.0,0.0,0.0,0.0,0.4312,0.0,0.0,17,6,14,10,7,5,2,6,2,4,0,5,3,0,1,0,2,0,21,14,7,0,4,0,188,14,35.29,71.43,0.0,34,16,47.06,4,23,16,2,3.6655,1.2937,3.0187,2.1562,1.5093,1.0781,0.4312,1.2937,0.4312,0.8625,0.0,1.0781,0.6469,0.0,0.2156,0.0,0.4312,0.0,4.528,3.0187,1.5093,0.0,0.8625,0.0,40.5367,3.0187,7.3311,3.4499,0.8625,4.9593,3.4499,0.4312,5,3,0,1,0,0,1.0781,0.6469,0.0,0.2156,0.0,0.0,5,0,1,0,4,0,0,0,5,0,0,0,92.28786274594428,,1,18.46,1.0781,0.0,0.2156,0.0,0.8625,0.0,0.0,0.0,1.0781,0.0,0.0,0.0,19.8992,0.2156,5,2,3,0,0,17,,,40.0,1.0781,0.4312,0.6469,0.0,0.0,3.6655,0,0,0,0,0,0,0,,0.0,0.0,0.0,0.0,0.0,0.0,0.0,4,14,2,3,1,4,3,11,2,4,0,0,4,1,2,3,4,10,0.8625,3.0187,0.4312,0.6469,0.2156,0.8625,0.6469,2.3718,0.4312,0.8625,0.0,0.0,0.8625,0.2156,0.4312,0.6469,0.8625,2.1562,417.4,11,<450,False,11.926,5.111,4.259,2.556,17.89,2.5715,1.102,0.9183,0.5511,3.8575,,
1rm3t48auz1wqya7tanmjyjje,A. Nankishi,Heracles Almelo,78,57,22,35,0,13,10,34,29,31,18,52,38,21,16,5,3,5,2,7,4,1,1,3,0,0,0,73.08,40.0,57.14,76.92,85.29,58.06,73.08,76.19,60.0,100.0,0.0,,16.875,12.3317,4.7596,7.5721,0.0,2.8125,2.1635,7.3558,6.274,6.7067,3.8942,11.25,8.2212,4.5433,3.4615,1.0817,0.649,1.0817,0.4327,1.5144,0.8654,0.2163,0.2163,0.649,0.0,0.0,0.0,4,3,16,221.22771532143705,5,2,2,9,5,2.0,0.8654,0.649,3.4615,47.8618,1.0817,0.4327,0.4327,1.9471,1.0817,0.4327,,,4,1,0,0,4,1,25.0,0.8654,0.2163,0.0,0.0,0.8654,0.2163,70,19,2,1,0.0,5,3,0,0,0,0,0,0,0,0,0,0,0,0,2,1,0.0,15.1442,4.1106,0.4327,0.2163,0.0,1.0817,0.649,0.0,0.0,0.0,0.0,0.0,0.0,0.0,0.0,0.0,0.0,0.0,0.0,0.4327,0.2163,0.0,24,9,13,8,7,3,3,1,1,0,0,1,10,2,2,0,8,2,30,16,8,6,6,0,138,14,37.5,61.54,20.0,47,19,40.43,6,24,11,9,5.1923,1.9471,2.8125,1.7308,1.5144,0.649,0.649,0.2163,0.2163,0.0,0.0,0.2163,2.1635,0.4327,0.4327,0.0,1.7308,0.4327,6.4904,3.4615,1.7308,1.2981,1.2981,0.0,29.8558,3.0288,10.1683,4.1106,1.2981,5.1923,2.3798,1.9471,3,8,0,0,0,0,0.649,1.7308,0.0,0.0,0.0,0.0,4,3,0,0,4,3,0,0,3,2,1,1,53.53678204080565,,4,13.38,0.8654,0.649,0.0,0.0,0.8654,0.649,0.0,0.0,0.649,0.4327,0.2163,0.2163,11.5825,0.8654,0,0,0,0,0,2,,,,0.0,0.0,0.0,0.0,0.0,0.4327,0,0,0,0,0,0,0,,0.0,0.0,0.0,0.0,0.0,0.0,0.0,0,4,0,2,0,4,3,10,0,1,1,2,1,3,2,0,6,7,0.0,0.8654,0.0,0.4327,0.0,0.8654,0.649,2.1635,0.0,0.2163,0.2163,0.4327,0.2163,0.649,0.4327,0.0,1.2981,1.5144,416.0,10,<450,False,12.084,0.93,0.93,9.295,27.886,2.6143,0.2012,0.2012,2.0109,6.033,,
9pox9siobczxr9fv3fvvx3h1w,S. Vos,AFC Ajax,167,155,55,100,0,31,26,123,118,13,11,90,85,70,67,7,3,8,3,10,7,0,0,0,0,0,0,92.81,37.5,70.0,83.87,95.93,84.62,94.44,95.71,42.86,,,,36.6228,33.9912,12.0614,21.9298,0.0,6.7982,5.7018,26.9737,25.8772,2.8509,2.4123,19.7368,18.6404,15.3509,14.693,1.5351,0.6579,1.7544,0.6579,2.193,1.5351,0.0,0.0,0.0,0.0,0.0,0.0,3,6,25,302.56968378363183,3,1,1,6,7,1.0,0.6579,1.3158,5.4825,66.353,0.6579,0.2193,0.2193,1.3158,1.5351,0.2193,,,0,0,0,0,0,0,,0.0,0.0,0.0,0.0,0.0,0.0,134,9,2,1,0.0,5,1,0,0,0,0,0,0,2,1,0.0,0,0,0,0,0,0,29.386,1.9737,0.4386,0.2193,0.0,1.0965,0.2193,0.0,0.0,0.0,0.0,0.0,0.0,0.4386,0.2193,0.0,0.0,0.0,0.0,0.0,0.0,0.0,6,2,5,5,2,3,0,12,3,8,1,2,6,5,3,3,3,2,18,6,12,0,2,0,196,1,33.33,100.0,83.33,17,12,70.59,2,11,23,1,1.3158,0.4386,1.0965,1.0965,0.4386,0.6579,0.0,2.6316,0.6579,1.7544,0.2193,0.4386,1.3158,1.0965,0.6579,0.6579,0.6579,0.4386,3.9474,1.3158,2.6316,0.0,0.4386,0.0,42.9825,0.2193,3.7281,2.6316,0.4386,2.4123,5.0439,0.2193,5,3,0,3,0,0,1.0965,0.6579,0.0,0.6579,0.0,0.0,3,0,1,0,2,0,0,0,1,0,2,0,66.06908405519822,,1,22.02,0.6579,0.0,0.2193,0.0,0.4386,0.0,0.0,0.0,0.2193,0.0,0.4386,0.0,14.4888,0.2193,0,0,7,0,0,0,,,,0.0,0.0,1.5351,0.0,0.0,0.0,4,0,0,0,0,0,0,100.0,0.8772,0.0,0.0,0.0,0.0,0.0,0.0,0,3,0,2,1,2,3,2,6,6,0,0,1,2,2,0,1,4,0.0,0.6579,0.0,0.4386,0.2193,0.4386,0.6579,0.4386,1.3158,1.3158,0.0,0.0,0.2193,0.4386,0.4386,0.0,0.2193,0.8772,410.4,11,<450,False,6.206,14.895,2.482,7.447,22.342,1.361,3.2664,0.5443,1.6331,4.8996,,
8znaym62oghri26gdn8o6fz84,S. Seymor,SBV Excelsior,203,173,97,76,0,107,90,93,82,3,1,59,50,114,105,30,18,36,16,12,7,0,0,0,0,0,0,85.22,44.44,58.33,84.11,88.17,33.33,84.75,92.11,60.0,,,,45.5952,38.857,21.7869,17.0701,0.0,24.0329,20.2146,20.8884,18.4178,0.6738,0.2246,13.2518,11.2303,25.6052,23.5837,6.7382,4.0429,8.0858,3.5937,2.6953,1.5722,0.0,0.0,0.0,0.0,0.0,0.0,18,14,25,410.4027554400285,0,1,0,18,15,0.0,4.0429,3.1445,5.6152,92.1793,0.0,0.2246,0.0,4.0429,3.3691,0.0,,,0,0,0,0,0,0,,0.0,0.0,0.0,0.0,0.0,0.0,148,1,0,0,0,1,0,0,0,0,0,0,0,0,0,0,0,0,0,0,0,0,33.2418,0.2246,0.0,0.0,0.0,0.2246,0.0,0.0,0.0,0.0,0.0,0.0,0.0,0.0,0.0,0.0,0.0,0.0,0.0,0.0,0.0,0.0,7,3,3,3,3,0,0,5,5,0,0,20,7,4,6,3,1,1,18,11,7,0,1,1,238,1,42.86,100.0,57.14,17,10,58.82,2,19,7,0,1.5722,0.6738,0.6738,0.6738,0.6738,0.0,0.0,1.123,1.123,0.0,0.0,4.4921,1.5722,0.8984,1.3476,0.6738,0.2246,0.2246,4.0429,2.4707,1.5722,0.0,0.2246,0.2246,53.4565,0.2246,3.8183,2.2461,0.4492,4.2675,1.5722,0.0,1,1,3,1,0,0,0.2246,0.2246,0.6738,0.2246,0.0,0.0,1,0,0,0,0,0,1,0,1,0,0,0,13.51676828979471,,0,13.52,0.2246,0.0,0.0,0.0,0.0,0.0,0.2246,0.0,0.2246,0.0,0.0,0.0,3.036,0.0,0,0,2,0,0,0,,,,0.0,0.0,0.4492,0.0,0.0,0.0,0,0,0,0,0,0,0,,0.0,0.0,0.0,0.0,0.0,0.0,0.0,6,12,0,0,1,0,2,1,1,4,0,0,1,0,0,0,1,2,1.3476,2.6953,0.0,0.0,0.2246,0.0,0.4492,0.2246,0.2246,0.8984,0.0,0.0,0.2246,0.0,0.0,0.0,0.2246,0.4492,400.7,9,<450,False,2.755,4.591,18.365,6.428,16.529,0.6188,1.0312,4.1249,1.4438,3.7125,,
70h2g33o2w7f32dtx76wji99m,G. Ávila,AFC Ajax,296,252,153,97,2,105,92,170,146,21,14,94,85,165,149,37,18,37,17,9,4,5,0,0,0,0,0,85.14,45.95,44.44,87.62,85.88,66.67,90.43,90.3,48.65,0.0,,,66.65,56.7426,34.4508,21.8414,0.4503,23.6427,20.7155,38.2787,32.8747,4.7285,3.1524,21.1659,19.1394,37.1529,33.5502,8.3312,4.053,8.3312,3.8279,2.0265,0.9007,1.1258,0.0,0.0,0.0,0.0,0.0,38,22,47,881.3908575865728,2,1,0,40,23,0.0,8.5564,4.9537,10.5829,198.4618,0.4503,0.2252,0.0,9.0068,5.1789,0.0,,,5,0,5,0,0,0,0.0,1.1258,0.0,1.1258,0.0,0.0,0.0,207,8,3,0,0.0,4,0,0,0,0,0,0,0,1,0,0.0,0,0,0,2,0,0.0,46.61,1.8014,0.6755,0.0,0.0,0.9007,0.0,0.0,0.0,0.0,0.0,0.0,0.0,0.2252,0.0,0.0,0.0,0.0,0.0,0.4503,0.0,0.0,0,0,15,10,10,5,0,3,2,1,0,12,9,5,6,3,3,2,25,12,13,0,2,0,320,6,,66.67,55.56,24,15,62.5,2,24,19,0,0.0,0.0,3.3775,2.2517,2.2517,1.1258,0.0,0.6755,0.4503,0.2252,0.0,2.702,2.0265,1.1258,1.351,0.6755,0.6755,0.4503,5.6292,2.702,2.9272,0.0,0.4503,0.0,72.054,1.351,5.4041,3.3775,0.4503,5.4041,4.2782,0.0,6,11,0,1,0,0,1.351,2.4769,0.0,0.2252,0.0,0.0,3,0,1,0,0,0,2,0,3,0,0,0,41.22660149132548,,0,13.74,0.6755,0.0,0.2252,0.0,0.0,0.0,0.4503,0.0,0.6755,0.0,0.0,0.0,9.2829,0.0,0,0,8,0,0,18,,,,0.0,0.0,1.8014,0.0,0.0,4.053,1,0,0,0,0,0,0,100.0,0.2252,0.0,0.0,0.0,0.0,0.0,0.0,22,16,2,1,0,3,8,7,1,2,0,0,0,3,0,3,10,5,4.9537,3.6027,0.4503,0.2252,0.0,0.6755,1.8014,1.5762,0.2252,0.4503,0.0,0.0,0.0,0.6755,0.0,0.6755,2.2517,1.1258,399.7,5,<450,False,18.618,3.724,14.895,11.171,31.031,4.1922,0.8385,3.3539,2.5154,6.9872,,
4e7x4ulb3mcxgnue8c9exvazu,D. Karlsbakk,SC Heerenveen,58,42,8,34,0,0,0,33,26,25,16,44,31,13,10,1,1,1,1,13,5,0,0,0,0,0,0,72.41,100.0,38.46,,78.79,64.0,70.45,76.92,100.0,,,,13.2622,9.6037,1.8293,7.7744,0.0,0.0,0.0,7.5457,5.9451,5.7165,3.6585,10.061,7.0884,2.9726,2.2866,0.2287,0.2287,0.2287,0.2287,2.9726,1.1433,0.0,0.0,0.0,0.0,0.0,0.0,0,0,5,123.0969388658973,3,2,0,3,2,0.0,0.0,0.0,1.1433,28.1472,0.686,0.4573,0.0,0.686,0.4573,0.0,,,0,0,0,0,0,0,,0.0,0.0,0.0,0.0,0.0,0.0,68,40,3,0,0.0,5,0,0,0,0,0,0,0,0,0,0,0,0,0,3,0,0.0,15.5488,9.1463,0.686,0.0,0.0,1.1433,0.0,0.0,0.0,0.0,0.0,0.0,0.0,0.0,0.0,0.0,0.0,0.0,0.0,0.686,0.0,0.0,7,1,4,3,2,1,1,1,1,0,0,1,23,7,2,1,21,6,5,2,1,2,3,0,102,23,14.29,75.0,30.43,34,11,32.35,3,5,2,3,1.6006,0.2287,0.9146,0.686,0.4573,0.2287,0.2287,0.2287,0.2287,0.0,0.0,0.2287,5.2591,1.6006,0.4573,0.2287,4.8018,1.372,1.1433,0.4573,0.2287,0.4573,0.686,0.0,23.3232,5.2591,7.7744,2.5152,0.686,1.1433,0.4573,0.686,5,5,0,0,0,0,1.1433,1.1433,0.0,0.0,0.0,0.0,10,1,3,1,3,0,4,0,10,1,0,0,120.08019327352767,,1,12.01,2.2866,0.2287,0.686,0.2287,0.686,0.0,0.9146,0.0,2.2866,0.2287,0.0,0.0,27.4574,0.2287,0,0,0,0,0,0,,,,0.0,0.0,0.0,0.0,0.0,0.0,0,0,0,0,0,0,0,,0.0,0.0,0.0,0.0,0.0,0.0,0.0,0,0,0,3,0,10,0,4,0,1,0,1,2,8,1,2,0,4,0.0,0.0,0.0,0.686,0.0,2.2866,0.0,0.9146,0.0,0.2287,0.0,0.2287,0.4573,1.8293,0.2287,0.4573,0.0,0.9146,393.6,16,<450,False,3.971,0.993,0.993,22.832,4.963,0.908,0.2271,0.2271,5.2207,1.1348,,
8tqsvu5sw6kn014hdv88zppm1,N. Vesterlund,FC Utrecht,147,109,46,63,0,38,27,76,59,33,23,71,58,67,48,9,3,21,13,12,3,0,0,6,1,0,0,74.15,61.9,25.0,71.05,77.63,69.7,81.69,71.64,33.33,,16.67,,33.6556,24.9555,10.5317,14.4238,0.0,8.7001,6.1816,17.4002,13.508,7.5553,5.2658,16.2554,13.2791,15.3396,10.9896,2.0605,0.6868,4.8079,2.9763,2.7474,0.6868,0.0,0.0,1.3737,0.2289,0.0,0.0,15,2,25,365.2306827420633,3,3,1,18,5,1.0,3.4342,0.4579,5.7237,83.6193,0.6868,0.6868,0.2289,4.1211,1.1447,0.2289,,,6,1,0,0,6,1,16.67,1.3737,0.2289,0.0,0.0,1.3737,0.2289,79,18,1,0,0.0,2,0,0,0,0,1,0,0.0,0,0,0,0,0,0,0,0,0,18.087,4.1211,0.2289,0.0,0.0,0.4579,0.0,0.0,0.0,0.0,0.2289,0.0,0.0,0.0,0.0,0.0,0.0,0.0,0.0,0.0,0.0,0.0,3,3,5,4,5,0,0,1,0,1,0,13,8,4,6,4,2,0,18,6,12,0,0,0,178,2,100.0,80.0,50.0,16,11,68.75,0,11,13,0,0.6868,0.6868,1.1447,0.9158,1.1447,0.0,0.0,0.2289,0.0,0.2289,0.0,2.9763,1.8316,0.9158,1.3737,0.9158,0.4579,0.0,4.1211,1.3737,2.7474,0.0,0.0,0.0,40.753,0.4579,3.6632,2.5184,0.0,2.5184,2.9763,0.0,3,2,1,1,0,0,0.6868,0.4579,0.2289,0.2289,0.0,0.0,0,0,0,0,0,0,0,0,0,0,0,0,0,,0,,0.0,0.0,0.0,0.0,0.0,0.0,0.0,0.0,0.0,0.0,0.0,0.0,0.0,0.0,0,0,1,0,0,26,,,,0.0,0.0,0.2289,0.0,0.0,5.9527,6,0,0,0,0,0,0,100.0,1.3737,0.0,0.0,0.0,0.0,0.0,0.0,6,7,1,0,0,0,1,4,0,1,0,0,0,0,1,0,2,3,1.3737,1.6026,0.2289,0.0,0.0,0.0,0.2289,0.9158,0.0,0.2289,0.0,0.0,0.0,0.0,0.2289,0.0,0.4579,0.6868,393.1,10,<450,False,4.835,0.967,12.57,7.736,17.405,1.107,0.2214,2.8779,1.7712,3.9849,,
dxmulnxbs11kpi1goq5hl9cve,A. Salah-Eddine,AFC Ajax,251,211,88,120,3,44,35,104,96,103,80,159,142,79,64,13,5,15,7,4,2,14,3,0,0,0,0,84.06,46.67,50.0,79.55,92.31,77.67,89.31,81.01,38.46,21.43,,,57.6423,48.4562,20.2092,27.5581,0.689,10.1046,8.0378,23.8836,22.0464,23.654,18.372,36.5144,32.6104,18.1424,14.6976,2.9855,1.1483,3.4448,1.6076,0.9186,0.4593,3.2151,0.689,0.0,0.0,0.0,0.0,32,16,44,557.6012741766564,5,8,2,37,24,2.0,7.3488,3.6744,10.1046,128.0534,1.1483,1.8372,0.4593,8.4971,5.5116,0.4593,,,14,3,14,3,0,0,21.43,3.2151,0.689,3.2151,0.689,0.0,0.0,180,9,9,2,0.0,17,5,0,0,0,2,0,0.0,0,0,0,0,0,0,7,2,0.0,41.3371,2.0669,2.0669,0.4593,0.0,3.9041,1.1483,0.0,0.0,0.0,0.4593,0.0,0.0,0.0,0.0,0.0,0.0,0.0,0.0,1.6076,0.4593,0.0,14,7,13,9,6,4,3,2,1,1,0,6,5,1,4,1,1,0,24,15,5,4,5,1,287,8,50.0,69.23,20.0,32,17,53.12,6,22,10,7,3.2151,1.6076,2.9855,2.0669,1.3779,0.9186,0.689,0.4593,0.2297,0.2297,0.0,1.3779,1.1483,0.2297,0.9186,0.2297,0.2297,0.0,5.5116,3.4448,1.1483,0.9186,1.1483,0.2297,65.9097,1.8372,7.3488,3.9041,1.3779,5.0523,2.2965,1.6076,7,5,0,0,0,0,1.6076,1.1483,0.0,0.0,0.0,0.0,2,0,2,0,0,0,0,0,0,0,2,0,53.72355433315741,,2,26.86,0.4593,0.0,0.4593,0.0,0.0,0.0,0.0,0.0,0.0,0.0,0.4593,0.0,12.3376,0.4593,2,1,4,0,0,26,,,50.0,0.4593,0.2297,0.9186,0.0,0.0,5.9709,1,0,0,0,0,0,0,100.0,0.2297,0.0,0.0,0.0,0.0,0.0,0.0,9,23,2,7,1,1,3,10,0,2,0,0,2,0,9,0,8,5,2.0669,5.282,0.4593,1.6076,0.2297,0.2297,0.689,2.2965,0.0,0.4593,0.0,0.0,0.4593,0.0,2.0669,0.0,1.8372,1.1483,391.9,12,<450,False,16.136,2.482,7.447,6.206,29.789,3.7056,0.57,1.7102,1.4252,6.8411,,
1pezvbb0n8z7hu5063jysg2s4,L. Sauer,Feyenoord Rotterdam,180,135,43,92,0,2,2,54,42,124,91,118,90,51,39,11,6,8,3,6,1,8,2,12,4,0,0,75.0,37.5,16.67,100.0,77.78,73.39,76.27,76.47,54.55,25.0,33.33,,41.6774,31.258,9.9563,21.3018,0.0,0.4631,0.4631,12.5032,9.7247,28.7111,21.0702,27.3218,20.8387,11.8086,9.0301,2.547,1.3892,1.8523,0.6946,1.3892,0.2315,1.8523,0.4631,2.7785,0.9262,0.0,0.0,19,2,32,423.037100984158,10,6,6,29,8,6.0,4.3993,0.4631,7.4093,97.9504,2.3154,1.3892,1.3892,6.7147,1.8523,1.3892,,,20,6,18,5,2,1,30.0,4.6308,1.3892,4.1677,1.1577,0.4631,0.2315,127,16,13,4,0.0,24,5,1,0,0.0,3,2,0.0,0,0,0,0,0,0,9,2,0.0,29.4057,3.7047,3.01,0.9262,0.0,5.557,1.1577,0.2315,0.0,0.0,0.6946,0.4631,0.0,0.0,0.0,0.0,0.0,0.0,0.0,2.0839,0.4631,0.0,18,8,3,1,1,2,0,1,0,1,0,0,7,2,3,1,4,1,18,2,14,2,8,0,234,36,44.44,33.33,28.57,28,11,39.29,8,3,17,2,4.1677,1.8523,0.6946,0.2315,0.2315,0.4631,0.0,0.2315,0.0,0.2315,0.0,0.0,1.6208,0.4631,0.6946,0.2315,0.9262,0.2315,4.1677,0.4631,3.2416,0.4631,1.8523,0.0,54.1806,8.3355,6.4831,2.547,1.8523,0.6946,3.9362,0.4631,5,6,0,1,0,0,1.1577,1.3892,0.0,0.2315,0.0,0.0,11,2,1,0,10,2,0,0,7,2,4,0,202.04134728573248,,6,18.37,2.547,0.4631,0.2315,0.0,2.3154,0.4631,0.0,0.0,1.6208,0.4631,0.9262,0.0,46.7809,1.3892,11,9,2,0,0,2,,,81.82,2.547,2.0839,0.4631,0.0,0.0,0.4631,0,0,0,0,0,0,0,,0.0,0.0,0.0,0.0,0.0,0.0,0.0,0,19,0,13,0,11,0,3,0,1,1,1,5,6,10,3,2,1,0.0,4.3993,0.0,3.01,0.0,2.547,0.0,0.6946,0.0,0.2315,0.2315,0.2315,1.1577,1.3892,2.3154,0.6946,0.4631,0.2315,388.7,13,<450,False,3.926,1.309,0.0,9.16,23.553,0.909,0.3031,0.0,2.1209,5.4535,,
7wrulbqqdeecd5vegsbb1905w,R. Owusu-Oduro,Alkmaar Zaanstreek,142,100,99,1,0,140,99,2,1,0,0,15,15,54,54,73,31,71,30,0,0,0,0,0,0,0,0,70.42,42.25,,70.71,50.0,,100.0,100.0,42.47,,,,33.316,23.4619,23.2273,0.2346,0.0,32.8467,23.2273,0.4692,0.2346,0.0,0.0,3.5193,3.5193,12.6694,12.6694,17.1272,7.2732,16.658,7.0386,0.0,0.0,0.0,0.0,0.0,0.0,0.0,0.0,22,4,11,195.92649027441968,0,0,0,22,4,0.0,5.1616,0.9385,2.5808,45.9682,0.0,0.0,0.0,5.1616,0.9385,0.0,,,0,0,0,0,0,0,,0.0,0.0,0.0,0.0,0.0,0.0,74,0,0,0,0,0,0,0,0,0,0,0,0,0,0,0,0,0,0,0,0,0,17.3618,0.0,0.0,0.0,0.0,0.0,0.0,0.0,0.0,0.0,0.0,0.0,0.0,0.0,0.0,0.0,0.0,0.0,0.0,0.0,0.0,0.0,0,0,0,0,0,0,0,0,0,0,0,1,1,1,1,1,0,0,9,9,0,0,0,0,143,0,,,100.0,1,1,100.0,0,9,0,0,0.0,0.0,0.0,0.0,0.0,0.0,0.0,0.0,0.0,0.0,0.0,0.2346,0.2346,0.2346,0.2346,0.2346,0.0,0.0,2.1116,2.1116,0.0,0.0,0.0,0.0,33.5506,0.0,0.2346,0.2346,0.0,2.1116,0.0,0.0,0,0,0,0,0,0,0.0,0.0,0.0,0.0,0.0,0.0,0,0,0,0,0,0,0,0,0,0,0,0,0,,0,,0.0,0.0,0.0,0.0,0.0,0.0,0.0,0.0,0.0,0.0,0.0,0.0,0.0,0.0,0,0,5,0,0,0,,,,0.0,0.0,1.1731,0.0,0.0,0.0,11,0,2,24,1,0,2,100.0,2.5808,0.0,0.4692,5.6309,0.2346,0.0,0.4692,13,9,0,0,0,0,0,0,0,0,0,0,0,0,0,0,0,0,3.0501,2.1116,0.0,0.0,0.0,0.0,0.0,0.0,0.0,0.0,0.0,0.0,0.0,0.0,0.0,0.0,0.0,0.0,383.6,4,<450,False,0.0,0.0,1.097,1.097,9.876,0.0,0.0,0.2574,0.2574,2.3171,,
i2nzkd9jxs9mxaati81gcmi1,J. Medić,AFC Ajax,299,278,182,94,2,109,98,187,178,3,2,113,105,165,160,21,13,23,13,14,9,0,0,0,0,0,0,92.98,56.52,64.29,89.91,95.19,66.67,92.92,96.97,61.9,,,,70.5374,65.5832,42.9358,22.1756,0.4718,25.7143,23.1193,44.1153,41.9921,0.7077,0.4718,26.6579,24.7706,38.9253,37.7457,4.9541,3.0668,5.426,3.0668,3.3028,2.1232,0.0,0.0,0.0,0.0,0.0,0.0,29,21,35,603.992348301323,1,0,0,30,21,0.0,6.8414,4.9541,8.2569,142.4884,0.2359,0.0,0.0,7.0773,4.9541,0.0,,,0,0,0,0,0,0,,0.0,0.0,0.0,0.0,0.0,0.0,201,3,0,0,0,2,0,0,0,0,0,0,0,0,0,0,0,0,0,0,0,0,47.4181,0.7077,0.0,0.0,0.0,0.4718,0.0,0.0,0.0,0.0,0.0,0.0,0.0,0.0,0.0,0.0,0.0,0.0,0.0,0.0,0.0,0.0,3,1,3,2,2,1,0,2,0,2,0,8,8,5,7,5,1,0,24,15,9,0,0,1,328,3,33.33,66.67,62.5,14,8,57.14,1,17,12,0,0.7077,0.2359,0.7077,0.4718,0.4718,0.2359,0.0,0.4718,0.0,0.4718,0.0,1.8873,1.8873,1.1796,1.6514,1.1796,0.2359,0.0,5.6619,3.5387,2.1232,0.0,0.0,0.2359,77.3788,0.7077,3.3028,1.8873,0.2359,4.0105,2.8309,0.0,2,4,1,1,0,0,0.4718,0.9436,0.2359,0.2359,0.0,0.0,3,1,0,0,1,1,2,0,2,0,1,1,52.20337310008587,,1,17.4,0.7077,0.2359,0.0,0.0,0.2359,0.2359,0.4718,0.0,0.4718,0.0,0.2359,0.2359,12.3153,0.2359,0,0,6,0,0,0,,,,0.0,0.0,1.4155,0.0,0.0,0.0,3,0,0,0,0,0,0,100.0,0.7077,0.0,0.0,0.0,0.0,0.0,0.0,12,17,0,0,3,0,1,2,1,1,1,0,3,0,0,0,3,0,2.8309,4.0105,0.0,0.0,0.7077,0.0,0.2359,0.4718,0.2359,0.2359,0.2359,0.0,0.7077,0.0,0.0,0.0,0.7077,0.0,381.5,6,<450,False,3.724,2.482,9.93,9.93,29.789,0.8785,0.5855,2.3426,2.3426,7.0275,,
5mqog8k9eyi248jvrrp9fo8wk,N. Fichtinger,PEC Zwolle,151,110,57,53,0,49,25,87,74,15,11,86,67,51,38,14,5,18,5,12,7,0,0,3,2,0,0,72.85,27.78,58.33,51.02,85.06,73.33,77.91,74.51,35.71,,66.67,,35.6693,25.9843,13.4646,12.5197,0.0,11.5748,5.9055,20.5512,17.4803,3.5433,2.5984,20.315,15.8268,12.0472,8.9764,3.3071,1.1811,4.252,1.1811,2.8346,1.6535,0.0,0.0,0.7087,0.4724,0.0,0.0,15,8,10,114.555263780867,1,0,0,16,8,0.0,3.5433,1.8898,2.3622,27.0603,0.2362,0.0,0.0,3.7795,1.8898,0.0,,,3,2,1,1,2,1,66.67,0.7087,0.4724,0.2362,0.2362,0.4724,0.2362,84,4,5,0,0.0,6,0,0,0,0,3,0,0.0,0,0,0,0,0,0,2,0,0.0,19.8425,0.9449,1.1811,0.0,0.0,1.4173,0.0,0.0,0.0,0.0,0.7087,0.0,0.0,0.0,0.0,0.0,0.0,0.0,0.0,0.4724,0.0,0.0,0,0,17,7,7,9,1,6,2,4,0,5,9,6,7,6,2,0,25,13,11,1,1,0,173,0,,41.18,66.67,26,13,50.0,1,22,24,2,0.0,0.0,4.0157,1.6535,1.6535,2.126,0.2362,1.4173,0.4724,0.9449,0.0,1.1811,2.126,1.4173,1.6535,1.4173,0.4724,0.0,5.9055,3.0709,2.5984,0.2362,0.2362,0.0,40.8661,0.0,6.1417,3.0709,0.2362,5.1969,5.6693,0.4724,5,2,0,2,0,0,1.1811,0.4724,0.0,0.4724,0.0,0.0,4,0,1,0,3,0,0,0,0,0,4,0,102.3961193753232,,0,25.6,0.9449,0.0,0.2362,0.0,0.7087,0.0,0.0,0.0,0.0,0.0,0.9449,0.0,24.1881,0.0,1,1,0,0,0,0,,,100.0,0.2362,0.2362,0.0,0.0,0.0,0.0,2,0,0,0,0,0,0,100.0,0.4724,0.0,0.0,0.0,0.0,0.0,0.0,6,9,1,4,0,4,9,8,2,4,0,0,1,3,2,3,4,13,1.4173,2.126,0.2362,0.9449,0.0,0.9449,2.126,1.8898,0.4724,0.9449,0.0,0.0,0.2362,0.7087,0.4724,0.7087,0.9449,3.0709,381.0,6,<450,False,16.687,5.889,4.908,8.834,24.539,3.9418,1.3911,1.1594,2.0868,5.7966,,
6hpvm6ktb7nulhdph4497649g,D. van der Haar,PEC Zwolle,150,112,62,50,0,63,39,71,61,16,12,64,51,64,49,22,12,25,11,9,3,2,1,0,0,0,0,74.67,44.0,33.33,61.9,85.92,75.0,79.69,76.56,54.55,50.0,,,35.9904,26.8728,14.876,11.9968,0.0,15.116,9.3575,17.0355,14.6361,3.839,2.8792,15.3559,12.2367,15.3559,11.7569,5.2786,2.8792,5.9984,2.6393,2.1594,0.7198,0.4799,0.2399,0.0,0.0,0.0,0.0,15,12,13,185.49111807115253,0,0,0,15,12,0.0,3.599,2.8792,3.1192,44.506,0.0,0.0,0.0,3.599,2.8792,0.0,,,2,1,2,1,0,0,50.0,0.4799,0.2399,0.4799,0.2399,0.0,0.0,97,2,1,0,0.0,2,0,0,0,0,1,0,0.0,0,0,0,0,0,0,0,0,0,23.2738,0.4799,0.2399,0.0,0.0,0.4799,0.0,0.0,0.0,0.0,0.2399,0.0,0.0,0.0,0.0,0.0,0.0,0.0,0.0,0.0,0.0,0.0,1,1,6,3,5,1,0,6,3,2,1,10,3,1,2,1,1,0,12,7,5,0,1,0,171,1,100.0,50.0,33.33,10,5,50.0,1,15,8,1,0.2399,0.2399,1.4396,0.7198,1.1997,0.2399,0.0,1.4396,0.7198,0.4799,0.2399,2.3994,0.7198,0.2399,0.4799,0.2399,0.2399,0.0,2.8792,1.6796,1.1997,0.0,0.2399,0.0,41.0291,0.2399,2.3994,1.1997,0.2399,3.599,1.9195,0.2399,5,2,1,1,0,0,1.1997,0.4799,0.2399,0.2399,0.0,0.0,1,0,1,0,0,0,0,0,1,0,0,0,16.44518315495453,,0,16.45,0.2399,0.0,0.2399,0.0,0.0,0.0,0.0,0.0,0.2399,0.0,0.0,0.0,3.9458,0.0,0,0,2,0,0,18,,,,0.0,0.0,0.4799,0.0,0.0,4.3188,2,0,0,0,0,0,0,100.0,0.4799,0.0,0.0,0.0,0.0,0.0,0.0,6,9,0,1,0,1,2,4,1,5,0,0,0,1,1,0,3,3,1.4396,2.1594,0.0,0.2399,0.0,0.2399,0.4799,0.9597,0.2399,1.1997,0.0,0.0,0.0,0.2399,0.2399,0.0,0.7198,0.7198,375.1,16,<450,False,5.889,5.889,9.816,2.945,11.779,1.413,1.413,2.3552,0.7066,2.8262,,
7uwe0kxpzg271d8ocms7l2kno,J. van Duiven,Almere City FC,79,39,18,20,1,8,4,28,16,43,19,57,26,20,12,2,1,2,1,37,10,0,0,0,0,0,0,49.37,50.0,27.03,50.0,57.14,44.19,45.61,60.0,50.0,,,,19.118,9.438,4.356,4.84,0.242,1.936,0.968,6.776,3.872,10.406,4.598,13.794,6.292,4.84,2.904,0.484,0.242,0.484,0.242,8.954,2.42,0.0,0.0,0.0,0.0,0.0,0.0,2,3,5,77.66820834254,3,1,2,5,4,2.0,0.484,0.726,1.21,18.7957,0.726,0.242,0.484,1.21,0.968,0.484,,,0,0,0,0,0,0,,0.0,0.0,0.0,0.0,0.0,0.0,64,41,1,0,0.0,2,0,0,0,0,0,0,0,1,0,0.0,0,0,0,0,0,0,15.488,9.922,0.242,0.0,0.0,0.484,0.0,0.0,0.0,0.0,0.0,0.0,0.0,0.242,0.0,0.0,0.0,0.0,0.0,0.0,0.0,0.0,1,0,2,1,0,0,2,0,0,0,0,4,51,22,5,3,46,19,15,7,5,3,4,0,108,11,0.0,50.0,43.14,54,23,42.59,4,7,5,5,0.242,0.0,0.484,0.242,0.0,0.0,0.484,0.0,0.0,0.0,0.0,0.968,12.342,5.324,1.21,0.726,11.132,4.598,3.63,1.694,1.21,0.726,0.968,0.0,26.1361,2.662,13.068,5.566,0.968,1.694,1.21,1.21,4,2,0,1,0,0,0.968,0.484,0.0,0.242,0.0,0.0,6,0,0,0,3,0,3,0,6,0,0,0,82.74624854029263,,0,13.79,1.452,0.0,0.0,0.0,0.726,0.0,0.726,0.0,1.452,0.0,0.0,0.0,20.0246,0.0,0,0,0,0,0,0,,,,0.0,0.0,0.0,0.0,0.0,0.0,0,0,0,0,0,0,0,,0.0,0.0,0.0,0.0,0.0,0.0,0.0,0,2,0,1,2,4,0,2,0,0,0,0,3,3,1,0,0,2,0.0,0.484,0.0,0.242,0.484,0.968,0.0,0.484,0.0,0.0,0.0,0.0,0.726,0.726,0.242,0.0,0.0,0.484,371.9,13,<450,False,1.784,0.0,3.569,45.502,13.383,0.4317,0.0,0.8637,11.0115,3.2387,,
f4pqxviuwzd6a803jfx9bh4o9,M. Boadu,FC Twente,62,45,12,33,0,0,0,20,13,42,32,49,35,12,9,1,1,1,1,10,4,0,0,0,0,0,0,72.58,100.0,40.0,,65.0,76.19,71.43,75.0,100.0,,,,15.2459,11.0656,2.9508,8.1148,0.0,0.0,0.0,4.918,3.1967,10.3279,7.8689,12.0492,8.6066,2.9508,2.2131,0.2459,0.2459,0.2459,0.2459,2.459,0.9836,0.0,0.0,0.0,0.0,0.0,0.0,3,3,14,182.80707428872432,3,2,2,6,5,2.0,0.7377,0.7377,3.4426,44.9526,0.7377,0.4918,0.4918,1.4754,1.2295,0.4918,,,0,0,0,0,0,0,,0.0,0.0,0.0,0.0,0.0,0.0,84,58,1,0,0.0,9,1,0,0,0,0,0,0,0,0,0,0,0,0,1,0,0.0,20.6557,14.2623,0.2459,0.0,0.0,2.2131,0.2459,0.0,0.0,0.0,0.0,0.0,0.0,0.0,0.0,0.0,0.0,0.0,0.0,0.2459,0.0,0.0,15,6,1,1,0,1,0,0,0,0,0,2,16,9,1,0,15,9,3,0,3,0,4,0,122,41,40.0,100.0,56.25,32,16,50.0,4,0,4,0,3.6885,1.4754,0.2459,0.2459,0.0,0.2459,0.0,0.0,0.0,0.0,0.0,0.4918,3.9344,2.2131,0.2459,0.0,3.6885,2.2131,0.7377,0.0,0.7377,0.0,0.9836,0.0,30.0,10.082,7.8689,3.9344,0.9836,0.0,0.9836,0.0,9,5,0,1,0,0,2.2131,1.2295,0.0,0.2459,0.0,0.0,19,3,8,0,7,3,4,0,19,3,0,0,204.56294307541742,,3,10.77,4.6721,0.7377,1.9672,0.0,1.7213,0.7377,0.9836,0.0,4.6721,0.7377,0.0,0.0,50.3024,0.7377,0,0,0,0,0,0,,,,0.0,0.0,0.0,0.0,0.0,0.0,0,0,0,0,0,0,0,,0.0,0.0,0.0,0.0,0.0,0.0,0.0,0,3,0,1,1,18,0,1,0,0,3,0,15,4,0,1,1,0,0.0,0.7377,0.0,0.2459,0.2459,4.4262,0.0,0.2459,0.0,0.0,0.7377,0.0,3.6885,0.9836,0.0,0.2459,0.2459,0.0,366.0,11,<450,False,1.14,0.0,2.279,18.234,3.419,0.2803,0.0,0.5604,4.4838,0.8407,,
dy8wa8cciiae72q2ynm80rlcl,J. Dilrosun,Feyenoord Rotterdam,175,139,43,96,0,10,8,67,60,98,71,91,79,61,50,23,10,19,10,3,2,18,5,8,0,0,0,79.43,52.63,66.67,80.0,89.55,72.45,86.81,81.97,43.48,27.78,0.0,,43.3049,34.3965,10.6406,23.7558,0.0,2.4746,1.9797,16.5796,14.8474,24.2508,17.5694,22.5186,19.5491,15.0949,12.3728,5.6915,2.4746,4.7017,2.4746,0.7424,0.4949,4.4542,1.2373,1.9797,0.0,0.0,0.0,22,5,27,295.223763679461,2,4,1,24,9,1.0,5.444,1.2373,6.6813,73.0551,0.4949,0.9898,0.2475,5.939,2.2271,0.2475,,,26,5,4,1,22,4,19.23,6.4339,1.2373,0.9898,0.2475,5.444,0.9898,129,16,9,1,0.0,19,2,0,0,0,3,1,0.0,0,0,0,0,0,0,6,0,0.0,31.9219,3.9593,2.2271,0.2475,0.0,4.7017,0.4949,0.0,0.0,0.0,0.7424,0.2475,0.0,0.0,0.0,0.0,0.0,0.0,0.0,1.4847,0.0,0.0,16,3,7,5,3,2,2,4,0,4,0,0,3,0,2,0,1,0,16,4,6,6,1,0,215,11,18.75,71.43,0.0,26,8,30.77,1,7,12,8,3.9593,0.7424,1.7322,1.2373,0.7424,0.4949,0.4949,0.9898,0.0,0.9898,0.0,0.0,0.7424,0.0,0.4949,0.0,0.2475,0.0,3.9593,0.9898,1.4847,1.4847,0.2475,0.0,53.2032,2.722,6.4339,1.9797,0.2475,1.7322,2.9695,1.9797,2,12,0,0,0,0,0.4949,2.9695,0.0,0.0,0.0,0.0,7,1,7,1,0,0,0,0,3,1,4,0,158.97579890537034,,2,22.71,1.7322,0.2475,1.7322,0.2475,0.0,0.0,0.0,0.0,0.7424,0.2475,0.9898,0.0,39.3396,0.4949,3,2,2,0,0,7,,,66.67,0.7424,0.4949,0.4949,0.0,0.0,1.7322,1,0,0,0,0,0,0,100.0,0.2475,0.0,0.0,0.0,0.0,0.0,0.0,5,17,2,7,1,6,2,5,2,2,1,0,3,4,7,2,2,5,1.2373,4.2068,0.4949,1.7322,0.2475,1.4847,0.4949,1.2373,0.4949,0.4949,0.2475,0.0,0.7424,0.9898,1.7322,0.4949,0.4949,1.2373,363.7,8,<450,False,9.16,5.234,0.0,3.926,20.936,2.2667,1.2952,0.0,0.9715,5.1808,,
cudl1cjc8kxshfbhatms7aooa,E. Tavşan,Nijmegen Eendracht Combinatie,103,82,20,62,0,10,7,33,30,60,45,61,48,34,29,8,5,6,4,2,0,4,1,4,2,0,0,79.61,66.67,0.0,70.0,90.91,75.0,78.69,85.29,62.5,25.0,50.0,,25.5583,20.3474,4.9628,15.3846,0.0,2.4814,1.737,8.1886,7.4442,14.8883,11.1663,15.1365,11.9107,8.4367,7.196,1.9851,1.2407,1.4888,0.9926,0.4963,0.0,0.9926,0.2481,0.9926,0.4963,0.0,0.0,8,4,21,225.30958760105275,9,2,6,17,6,6.0,1.9851,0.9926,5.2109,55.9081,2.2333,0.4963,1.4888,4.2184,1.4888,1.4888,,,8,3,1,0,7,3,37.5,1.9851,0.7444,0.2481,0.0,1.737,0.7444,91,22,4,0,0.0,11,1,0,0,0,1,0,0.0,0,0,0,0,0,0,3,0,0.0,22.5806,5.4591,0.9926,0.0,0.0,2.7295,0.2481,0.0,0.0,0.0,0.2481,0.0,0.0,0.0,0.0,0.0,0.0,0.0,0.0,0.7444,0.0,0.0,35,9,4,3,1,2,1,0,0,0,0,5,4,2,0,0,4,2,15,6,5,4,6,0,177,30,25.71,75.0,50.0,43,14,32.56,6,7,7,5,8.6849,2.2333,0.9926,0.7444,0.2481,0.4963,0.2481,0.0,0.0,0.0,0.0,1.2407,0.9926,0.4963,0.0,0.0,0.9926,0.4963,3.7221,1.4888,1.2407,0.9926,1.4888,0.0,43.9206,7.4442,10.67,3.4739,1.4888,1.737,1.737,1.2407,6,10,0,2,0,1,1.4888,2.4814,0.0,0.4963,0.0,0.2481,11,2,9,2,2,0,0,0,7,2,4,0,205.57236584947418,,2,18.69,2.7295,0.4963,2.2333,0.4963,0.4963,0.0,0.0,0.0,1.737,0.4963,0.9926,0.0,51.0105,0.4963,1,1,3,0,0,2,,,100.0,0.2481,0.2481,0.7444,0.0,0.0,0.4963,1,0,0,0,0,0,0,100.0,0.2481,0.0,0.0,0.0,0.0,0.0,0.0,4,4,1,3,6,5,1,3,0,0,1,1,6,5,3,1,2,2,0.9926,0.9926,0.2481,0.7444,1.4888,1.2407,0.2481,0.7444,0.0,0.0,0.2481,0.2481,1.4888,1.2407,0.7444,0.2481,0.4963,0.4963,362.7,8,<450,False,3.87,0.0,4.838,3.87,14.513,0.9603,0.0,1.2005,0.9603,3.6012,,
e84kqxlu2bzgcpu0x0cj3z8id,J. Houwen,RKC Waalwijk,155,92,92,0,0,153,91,2,1,0,0,19,19,39,39,97,34,94,32,0,0,0,0,0,0,0,0,59.35,34.04,,59.48,50.0,,100.0,100.0,35.05,,,,39.0428,23.1738,23.1738,0.0,0.0,38.539,22.9219,0.5038,0.2519,0.0,0.0,4.7859,4.7859,9.8237,9.8237,24.4332,8.5642,23.6776,8.0605,0.0,0.0,0.0,0.0,0.0,0.0,0.0,0.0,25,8,9,153.02767529447456,0,0,0,25,8,0.0,6.2972,2.0151,2.267,38.546,0.0,0.0,0.0,6.2972,2.0151,0.0,,,0,0,0,0,0,0,,0.0,0.0,0.0,0.0,0.0,0.0,65,0,2,0,0.0,3,0,0,0,0,0,0,0,0,0,0,0,0,0,2,0,0.0,16.3728,0.0,0.5038,0.0,0.0,0.7557,0.0,0.0,0.0,0.0,0.0,0.0,0.0,0.0,0.0,0.0,0.0,0.0,0.0,0.5038,0.0,0.0,0,0,0,0,0,0,0,0,0,0,0,3,0,0,0,0,0,0,7,6,1,0,0,0,161,0,,,,0,0,,0,6,1,0,0.0,0.0,0.0,0.0,0.0,0.0,0.0,0.0,0.0,0.0,0.0,0.7557,0.0,0.0,0.0,0.0,0.0,0.0,1.7632,1.5113,0.2519,0.0,0.0,0.0,40.5542,0.0,0.0,0.0,0.0,1.5113,0.2519,0.0,0,0,0,0,0,0,0.0,0.0,0.0,0.0,0.0,0.0,0,0,0,0,0,0,0,0,0,0,0,0,0,,0,,0.0,0.0,0.0,0.0,0.0,0.0,0.0,0.0,0.0,0.0,0.0,0.0,0.0,0.0,0,0,6,0,0,0,,,,0.0,0.0,1.5113,0.0,0.0,0.0,15,0,1,31,1,1,0,100.0,3.7783,0.0,0.2519,7.8086,0.2519,0.2519,0.0,8,17,1,1,0,0,0,0,0,0,0,0,0,0,0,2,0,0,2.0151,4.2821,0.2519,0.2519,0.0,0.0,0.0,0.0,0.0,0.0,0.0,0.0,0.0,0.0,0.0,0.5038,0.0,0.0,357.3,4,<450,False,0.0,0.0,2.742,0.0,6.398,0.0,0.0,0.6907,0.0,1.6116,,
1rd0zzpp3dn0y7qtxwc57g7h1,R. Thomas,PEC Zwolle,200,161,79,81,1,40,28,136,113,24,20,99,82,85,68,16,11,18,11,18,10,1,0,0,0,0,0,80.5,61.11,55.56,70.0,83.09,83.33,82.83,80.0,68.75,0.0,,,51.0928,41.1297,20.1817,20.6926,0.2555,10.2186,7.153,34.7431,28.8674,6.1311,5.1093,25.2909,20.9481,21.7144,17.3716,4.0874,2.8101,4.5984,2.8101,4.5984,2.5546,0.2555,0.0,0.0,0.0,0.0,0.0,12,18,31,395.2540047510297,2,0,0,14,18,0.0,3.0656,4.5984,7.9194,100.9732,0.5109,0.0,0.0,3.5765,4.5984,0.0,,,1,0,1,0,0,0,0.0,0.2555,0.0,0.2555,0.0,0.0,0.0,121,10,0,0,0,5,0,0,0,0,0,0,0,0,0,0,0,0,0,0,0,0,30.9112,2.5546,0.0,0.0,0.0,1.2773,0.0,0.0,0.0,0.0,0.0,0.0,0.0,0.0,0.0,0.0,0.0,0.0,0.0,0.0,0.0,0.0,7,1,11,9,4,5,2,6,1,5,0,16,9,4,7,3,2,1,26,14,10,2,1,0,245,3,14.29,81.82,44.44,27,14,51.85,1,19,20,4,1.7882,0.2555,2.8101,2.2992,1.0219,1.2773,0.5109,1.5328,0.2555,1.2773,0.0,4.0874,2.2992,1.0219,1.7882,0.7664,0.5109,0.2555,6.6421,3.5765,2.5546,0.5109,0.2555,0.0,62.5887,0.7664,6.8975,3.5765,0.2555,4.8538,5.1093,1.0219,5,5,0,1,0,0,1.2773,1.2773,0.0,0.2555,0.0,0.0,5,0,1,0,4,0,0,0,2,0,3,0,116.17360281449012,,0,23.23,1.2773,0.0,0.2555,0.0,1.0219,0.0,0.0,0.0,0.5109,0.0,0.7664,0.0,29.6782,0.0,0,0,7,0,0,2,,,,0.0,0.0,1.7882,0.0,0.0,0.5109,2,0,0,0,0,0,0,100.0,0.5109,0.0,0.0,0.0,0.0,0.0,0.0,8,4,0,0,2,3,10,1,5,1,0,0,3,2,0,0,5,6,2.0437,1.0219,0.0,0.0,0.5109,0.7664,2.5546,0.2555,1.2773,0.2555,0.0,0.0,0.7664,0.5109,0.0,0.0,1.2773,1.5328,352.3,7,<450,False,10.797,5.889,15.705,8.834,25.521,2.7582,1.5044,4.0121,2.2568,6.5197,,
a6jwnrv86cly1ti085c9dnn6c,J. Voelkerling Persson,SBV Vitesse,56,37,9,28,0,1,1,31,24,24,12,34,21,18,13,4,3,3,2,13,6,0,0,1,0,0,0,66.07,66.67,46.15,100.0,77.42,50.0,61.76,72.22,75.0,,0.0,,14.6257,9.6634,2.3506,7.3128,0.0,0.2612,0.2612,8.0963,6.2681,6.2681,3.1341,8.8799,5.4846,4.7011,3.3952,1.0447,0.7835,0.7835,0.5223,3.3952,1.567,0.0,0.0,0.2612,0.0,0.0,0.0,2,2,2,82.1260494098061,2,1,1,4,3,1.0,0.5223,0.5223,0.5223,21.4491,0.5223,0.2612,0.2612,1.0447,0.7835,0.2612,,,1,0,0,0,1,0,0.0,0.2612,0.0,0.0,0.0,0.2612,0.0,53,39,2,0,0.0,6,0,0,0,0,0,0,0,0,0,0,0,0,0,2,0,0.0,13.8421,10.1857,0.5223,0.0,0.0,1.567,0.0,0.0,0.0,0.0,0.0,0.0,0.0,0.0,0.0,0.0,0.0,0.0,0.0,0.5223,0.0,0.0,3,3,1,1,0,1,0,0,0,0,0,2,19,10,1,0,18,10,3,1,1,1,3,0,87,11,100.0,100.0,52.63,23,14,60.87,3,1,2,1,0.7835,0.7835,0.2612,0.2612,0.0,0.2612,0.0,0.0,0.0,0.0,0.0,0.5223,4.9623,2.6117,0.2612,0.0,4.7011,2.6117,0.7835,0.2612,0.2612,0.2612,0.7835,0.0,22.722,2.8729,6.007,3.6564,0.7835,0.2612,0.5223,0.2612,13,2,0,1,0,0,3.3952,0.5223,0.0,0.2612,0.0,0.0,3,0,0,0,2,0,1,0,3,0,0,0,38.641581855437096,,0,12.88,0.7835,0.0,0.0,0.0,0.5223,0.0,0.2612,0.0,0.7835,0.0,0.0,0.0,10.0921,0.0,0,0,0,0,0,1,,,,0.0,0.0,0.0,0.0,0.0,0.2612,0,0,0,0,0,0,0,,0.0,0.0,0.0,0.0,0.0,0.0,0.0,1,1,0,2,0,3,0,1,0,0,0,0,2,1,1,1,0,1,0.2612,0.2612,0.0,0.5223,0.0,0.7835,0.0,0.2612,0.0,0.0,0.0,0.0,0.5223,0.2612,0.2612,0.2612,0.0,0.2612,344.6,9,<450,False,1.008,0.0,2.017,19.158,3.025,0.2633,0.0,0.5268,5.0035,0.79,,
685wka5xc8na423mirotcu238,J. Addai,Alkmaar Zaanstreek,78,50,26,24,0,8,6,24,18,46,26,52,33,18,15,8,2,6,1,2,0,6,0,0,0,0,0,64.1,16.67,0.0,75.0,75.0,56.52,63.46,83.33,25.0,0.0,,,21.1957,13.587,7.0652,6.5217,0.0,2.1739,1.6304,6.5217,4.8913,12.5,7.0652,14.1304,8.9674,4.8913,4.0761,2.1739,0.5435,1.6304,0.2717,0.5435,0.0,1.6304,0.0,0.0,0.0,0.0,0.0,9,5,16,126.57793041137147,2,1,3,11,6,3.0,2.4457,1.3587,4.3478,34.3962,0.5435,0.2717,0.8152,2.9891,1.6304,0.8152,,,6,0,0,0,6,0,0.0,1.6304,0.0,0.0,0.0,1.6304,0.0,67,18,3,0,0.0,8,1,0,0,0,0,0,0,0,0,0,0,0,0,3,0,0.0,18.2065,4.8913,0.8152,0.0,0.0,2.1739,0.2717,0.0,0.0,0.0,0.0,0.0,0.0,0.0,0.0,0.0,0.0,0.0,0.0,0.8152,0.0,0.0,26,10,9,7,6,1,2,0,0,0,0,3,5,3,3,2,2,1,15,7,5,3,8,0,142,19,38.46,77.78,60.0,40,20,50.0,8,13,6,5,7.0652,2.7174,2.4457,1.9022,1.6304,0.2717,0.5435,0.0,0.0,0.0,0.0,0.8152,1.3587,0.8152,0.8152,0.5435,0.5435,0.2717,4.0761,1.9022,1.3587,0.8152,2.1739,0.0,38.587,5.163,10.8696,5.4348,2.1739,3.5326,1.6304,1.3587,5,8,0,1,0,0,1.3587,2.1739,0.0,0.2717,0.0,0.0,7,0,6,0,1,0,0,0,4,0,3,0,152.23162110798407,,0,21.75,1.9022,0.0,1.6304,0.0,0.2717,0.0,0.0,0.0,1.087,0.0,0.8152,0.0,41.3673,0.0,0,0,0,0,0,1,,,,0.0,0.0,0.0,0.0,0.0,0.2717,0,0,0,0,0,0,0,,0.0,0.0,0.0,0.0,0.0,0.0,0.0,3,6,1,2,2,5,1,8,0,0,0,0,2,5,3,0,7,2,0.8152,1.6304,0.2717,0.5435,0.5435,1.3587,0.2717,2.1739,0.0,0.0,0.0,0.0,0.5435,1.3587,0.8152,0.0,1.9022,0.5435,331.2,8,<450,False,9.876,0.0,3.292,5.487,16.46,2.6837,0.0,0.8946,1.491,4.4728,,
bymhffiw7brsfpjzsfqq7bvth,Z. Labyad,FC Utrecht,98,61,34,27,0,16,10,44,29,38,22,51,31,27,20,20,10,16,8,12,3,1,0,15,6,0,0,62.24,50.0,25.0,62.5,65.91,57.89,60.78,74.07,50.0,0.0,40.0,,26.703,16.6213,9.2643,7.3569,0.0,4.3597,2.7248,11.9891,7.9019,10.3542,5.9946,13.8965,8.4469,7.3569,5.4496,5.4496,2.7248,4.3597,2.1798,3.2698,0.8174,0.2725,0.0,4.0872,1.6349,0.0,0.0,12,7,9,75.86012810662793,1,1,0,13,8,0.0,3.2698,1.9074,2.4523,20.6703,0.2725,0.2725,0.0,3.5422,2.1798,0.0,,,16,6,7,2,9,4,37.5,4.3597,1.6349,1.9074,0.545,2.4523,1.0899,70,23,8,1,0.0,9,1,0,0,0,4,1,0.0,0,0,0,1,0,0.0,3,0,0.0,19.0736,6.267,2.1798,0.2725,0.0,2.4523,0.2725,0.0,0.0,0.0,1.0899,0.2725,0.0,0.0,0.0,0.0,0.2725,0.0,0.0,0.8174,0.0,0.0,4,1,4,2,2,2,0,2,0,1,1,2,11,6,5,2,6,4,19,10,5,4,2,0,125,3,25.0,50.0,54.55,19,9,47.37,2,12,8,5,1.0899,0.2725,1.0899,0.545,0.545,0.545,0.0,0.545,0.0,0.2725,0.2725,0.545,2.9973,1.6349,1.3624,0.545,1.6349,1.0899,5.1771,2.7248,1.3624,1.0899,0.545,0.0,34.0599,0.8174,5.1771,2.4523,0.545,3.2698,2.1798,1.3624,6,3,0,0,0,0,1.6349,0.8174,0.0,0.0,0.0,0.0,6,0,1,0,3,0,2,0,3,0,3,0,107.80125652896189,,1,17.97,1.6349,0.0,0.2725,0.0,0.8174,0.0,0.545,0.0,0.8174,0.0,0.8174,0.0,29.3736,0.2725,10,3,4,0,0,0,,,30.0,2.7248,0.8174,1.0899,0.0,0.0,0.0,0,0,0,0,0,0,0,,0.0,0.0,0.0,0.0,0.0,0.0,0.0,3,9,1,7,3,3,0,4,1,1,0,0,1,5,5,3,1,3,0.8174,2.4523,0.2725,1.9074,0.8174,0.8174,0.0,1.0899,0.2725,0.2725,0.0,0.0,0.2725,1.3624,1.3624,0.8174,0.2725,0.8174,330.3,9,<450,False,3.868,1.934,1.934,10.636,18.372,1.054,0.527,0.527,2.8981,5.006,,
e3g6htjvpnl86f7ehg7txz4es,S. Karim,FC Volendam,84,57,28,29,0,8,5,45,35,31,17,45,33,31,22,8,2,8,1,4,1,0,0,2,0,0,0,67.86,12.5,25.0,62.5,77.78,54.84,73.33,70.97,25.0,,0.0,,23.5221,15.9614,7.8407,8.1207,0.0,2.2402,1.4001,12.6011,9.8009,8.6808,4.7604,12.6011,9.2408,8.6808,6.1605,2.2402,0.56,2.2402,0.28,1.1201,0.28,0.0,0.0,0.56,0.0,0.0,0.0,10,6,22,209.59555551966085,3,2,2,13,8,2.0,2.8002,1.6801,6.1605,58.692,0.8401,0.56,0.56,3.6403,2.2402,0.56,,,2,0,0,0,2,0,0.0,0.56,0.0,0.0,0.0,0.56,0.0,76,15,3,0,0.0,6,0,0,0,0,0,0,0,0,0,0,0,0,0,3,0,0.0,21.2819,4.2004,0.8401,0.0,0.0,1.6801,0.0,0.0,0.0,0.0,0.0,0.0,0.0,0.0,0.0,0.0,0.0,0.0,0.0,0.8401,0.0,0.0,25,15,9,5,2,4,3,3,1,1,1,1,9,3,3,1,6,2,24,6,17,1,6,0,140,7,60.0,55.56,33.33,43,23,53.49,6,9,22,5,7.0006,4.2004,2.5202,1.4001,0.56,1.1201,0.8401,0.8401,0.28,0.28,0.28,0.28,2.5202,0.8401,0.8401,0.28,1.6801,0.56,6.7206,1.6801,4.7604,0.28,1.6801,0.0,39.2035,1.9602,12.0411,6.4406,1.6801,2.5202,6.1605,1.4001,10,9,0,2,0,1,2.8002,2.5202,0.0,0.56,0.0,0.28,5,0,1,0,4,0,0,0,2,0,3,0,121.97363641155323,,0,24.39,1.4001,0.0,0.28,0.0,1.1201,0.0,0.0,0.0,0.56,0.0,0.8401,0.0,34.1557,0.0,1,0,0,0,0,1,,,0.0,0.28,0.0,0.0,0.0,0.0,0.28,2,0,0,0,0,0,0,100.0,0.56,0.0,0.0,0.0,0.0,0.0,0.0,0,10,0,3,0,5,0,9,0,3,0,0,2,3,1,2,6,3,0.0,2.8002,0.0,0.8401,0.0,1.4001,0.0,2.5202,0.0,0.8401,0.0,0.0,0.56,0.8401,0.28,0.56,1.6801,0.8401,321.4,10,<450,False,7.667,2.556,0.852,7.667,20.445,2.147,0.7157,0.2386,2.147,5.7251,,
dtwnev2zskuahjtw1z66h05qs,S. de Moes,SBV Excelsior,146,118,61,57,0,67,52,70,59,9,7,49,39,76,67,21,12,27,14,12,5,0,0,0,0,0,0,80.82,51.85,41.67,77.61,84.29,77.78,79.59,88.16,57.14,,,,41.5035,33.5439,17.3405,16.2034,0.0,19.0461,14.7821,19.8989,16.772,2.5584,1.9899,13.9292,11.0865,21.6045,19.0461,5.9697,3.4112,7.6753,3.9798,3.4112,1.4214,0.0,0.0,0.0,0.0,0.0,0.0,16,3,15,242.14499605923353,0,0,0,16,3,0.0,4.5483,0.8528,4.2641,68.8346,0.0,0.0,0.0,4.5483,0.8528,0.0,,,0,0,0,0,0,0,,0.0,0.0,0.0,0.0,0.0,0.0,87,1,1,0,0.0,2,0,0,0,0,0,0,0,0,0,0,0,0,0,1,0,0.0,24.7315,0.2843,0.2843,0.0,0.0,0.5685,0.0,0.0,0.0,0.0,0.0,0.0,0.0,0.0,0.0,0.0,0.0,0.0,0.0,0.2843,0.0,0.0,4,2,9,5,7,2,0,7,3,3,1,13,7,6,6,5,1,1,10,6,4,0,1,0,171,1,50.0,55.56,85.71,20,13,65.0,1,16,9,1,1.1371,0.5685,2.5584,1.4214,1.9899,0.5685,0.0,1.9899,0.8528,0.8528,0.2843,3.6955,1.9899,1.7056,1.7056,1.4214,0.2843,0.2843,2.8427,1.7056,1.1371,0.0,0.2843,0.0,48.6102,0.2843,5.6854,3.6955,0.2843,4.5483,2.5584,0.2843,3,0,0,3,0,0,0.8528,0.0,0.0,0.8528,0.0,0.0,0,0,0,0,0,0,0,0,0,0,0,0,0,,0,,0.0,0.0,0.0,0.0,0.0,0.0,0.0,0.0,0.0,0.0,0.0,0.0,0.0,0.0,0,0,4,0,0,17,,,,0.0,0.0,1.1371,0.0,0.0,4.8326,5,0,0,0,0,0,0,100.0,1.4214,0.0,0.0,0.0,0.0,0.0,0.0,8,8,0,1,0,0,2,7,1,6,0,0,0,0,1,0,5,4,2.2742,2.2742,0.0,0.2843,0.0,0.0,0.5685,1.9899,0.2843,1.7056,0.0,0.0,0.0,0.0,0.2843,0.0,1.4214,1.1371,316.6,7,<450,False,8.264,6.428,11.937,6.428,9.183,2.3492,1.8273,3.3933,1.8273,2.6105,,
43s7iusuehp8f7kkfogbfmlpm,C. Webster,SC Heerenveen,133,108,36,72,0,10,9,65,57,58,42,66,60,51,39,16,9,14,7,1,0,3,0,11,4,0,0,81.2,50.0,0.0,90.0,87.69,72.41,90.91,76.47,56.25,0.0,36.36,,37.9037,30.779,10.2597,20.5193,0.0,2.8499,2.5649,18.5244,16.2445,16.5294,11.9696,18.8094,17.0994,14.5345,11.1146,4.5598,2.5649,3.9899,1.9949,0.285,0.0,0.855,0.0,3.1349,1.14,0.0,0.0,9,5,27,370.31553271431346,7,4,1,16,9,1.0,2.5649,1.425,7.6947,105.5364,1.9949,1.14,0.285,4.5598,2.5649,0.285,,,14,4,10,1,4,3,28.57,3.9899,1.14,2.8499,0.285,1.14,0.855,107,10,2,0,0.0,9,1,0,0,0,2,0,0.0,0,0,0,0,0,0,0,0,0,30.494,2.8499,0.57,0.0,0.0,2.5649,0.285,0.0,0.0,0.0,0.57,0.0,0.0,0.0,0.0,0.0,0.0,0.0,0.0,0.0,0.0,0.0,3,2,7,6,1,6,0,2,2,0,0,2,3,0,1,0,2,0,10,5,3,2,6,0,158,9,66.67,85.71,0.0,13,8,61.54,6,8,9,2,0.855,0.57,1.9949,1.7099,0.285,1.7099,0.0,0.57,0.57,0.0,0.0,0.57,0.855,0.0,0.285,0.0,0.57,0.0,2.8499,1.425,0.855,0.57,1.7099,0.0,45.0285,2.5649,3.7049,2.2799,1.7099,2.2799,2.5649,0.57,6,4,0,0,1,0,1.7099,1.14,0.0,0.0,0.285,0.0,10,1,3,0,7,1,0,0,4,1,6,0,237.05116511814364,,1,23.71,2.8499,0.285,0.855,0.0,1.9949,0.285,0.0,0.0,1.14,0.285,1.7099,0.0,67.5573,0.285,7,5,2,0,0,1,,,71.43,1.9949,1.425,0.57,0.0,0.0,0.285,0,0,0,0,0,0,0,,0.0,0.0,0.0,0.0,0.0,0.0,0.0,4,5,1,1,4,6,1,6,1,1,0,1,2,8,0,2,4,3,1.14,1.425,0.285,0.285,1.14,1.7099,0.285,1.7099,0.285,0.285,0.0,0.285,0.57,2.2799,0.0,0.57,1.14,0.855,315.8,13,<450,False,6.949,1.985,1.985,2.978,9.927,1.9804,0.5657,0.5657,0.8487,2.8291,,
19wuvqpmewphgvsfzi4yjl756,I. Griffith,Fortuna Sittard,66,45,21,24,0,5,4,23,17,38,24,47,34,17,10,2,1,4,2,2,1,0,0,6,0,0,0,68.18,50.0,50.0,80.0,73.91,63.16,72.34,58.82,50.0,,0.0,,18.9474,12.9187,6.0287,6.89,0.0,1.4354,1.1483,6.6029,4.8804,10.9091,6.89,13.4928,9.7608,4.8804,2.8708,0.5742,0.2871,1.1483,0.5742,0.5742,0.2871,0.0,0.0,1.7225,0.0,0.0,0.0,1,2,4,48.062806473337275,0,0,0,1,2,0.0,0.2871,0.5742,1.1483,13.7979,0.0,0.0,0.0,0.2871,0.5742,0.0,,,6,0,0,0,6,0,0.0,1.7225,0.0,0.0,0.0,1.7225,0.0,58,13,1,0,0.0,3,1,0,0,0,0,0,0,0,0,0,0,0,0,1,0,0.0,16.6507,3.7321,0.2871,0.0,0.0,0.8612,0.2871,0.0,0.0,0.0,0.0,0.0,0.0,0.0,0.0,0.0,0.0,0.0,0.0,0.2871,0.0,0.0,8,2,5,4,1,2,2,2,2,0,0,1,3,0,1,0,2,0,8,3,3,2,2,0,87,13,25.0,80.0,0.0,16,6,37.5,2,6,5,4,2.2967,0.5742,1.4354,1.1483,0.2871,0.5742,0.5742,0.5742,0.5742,0.0,0.0,0.2871,0.8612,0.0,0.2871,0.0,0.5742,0.0,2.2967,0.8612,0.8612,0.5742,0.5742,0.0,24.9761,3.7321,4.5933,1.7225,0.5742,1.7225,1.4354,1.1483,0,1,0,0,0,0,0.0,0.2871,0.0,0.0,0.0,0.0,1,0,0,0,1,0,0,0,0,0,1,0,18.276199714382635,,0,18.28,0.2871,0.0,0.0,0.0,0.2871,0.0,0.0,0.0,0.0,0.0,0.2871,0.0,5.2468,0.0,2,2,0,0,0,0,,,100.0,0.5742,0.5742,0.0,0.0,0.0,0.0,1,0,0,0,0,0,0,100.0,0.2871,0.0,0.0,0.0,0.0,0.0,0.0,1,0,0,1,0,1,0,5,1,1,0,0,1,0,0,1,0,5,0.2871,0.0,0.0,0.2871,0.0,0.2871,0.0,1.4354,0.2871,0.2871,0.0,0.0,0.2871,0.0,0.0,0.2871,0.0,1.4354,313.5,12,<450,False,4.396,1.758,0.879,2.637,7.033,1.262,0.5047,0.2523,0.757,2.019,,
dzehnxim5noolef8c7j4d8a5m,L. Everink,Go Ahead Eagles,127,104,59,45,0,42,36,52,40,33,28,65,56,55,45,7,3,16,9,6,4,0,0,3,1,0,0,81.89,56.25,66.67,85.71,76.92,84.85,86.15,81.82,42.86,,33.33,,36.6934,30.0482,17.0465,13.0016,0.0,12.1348,10.4013,15.0241,11.557,9.5345,8.0899,18.7801,16.1798,15.8909,13.0016,2.0225,0.8668,4.6228,2.6003,1.7335,1.1557,0.0,0.0,0.8668,0.2889,0.0,0.0,16,8,15,190.5730521338373,1,0,0,17,8,0.0,4.6228,2.3114,4.3339,55.0612,0.2889,0.0,0.0,4.9117,2.3114,0.0,,,3,1,0,0,3,1,33.33,0.8668,0.2889,0.0,0.0,0.8668,0.2889,70,12,2,0,0.0,7,0,0,0,0,1,0,0.0,0,0,0,0,0,0,1,0,0.0,20.2247,3.4671,0.5778,0.0,0.0,2.0225,0.0,0.0,0.0,0.0,0.2889,0.0,0.0,0.0,0.0,0.0,0.0,0.0,0.0,0.2889,0.0,0.0,8,3,7,2,6,1,0,9,5,4,0,6,6,1,4,1,2,0,18,11,3,4,3,0,146,2,37.5,28.57,16.67,21,6,28.57,3,22,8,4,2.3114,0.8668,2.0225,0.5778,1.7335,0.2889,0.0,2.6003,1.4446,1.1557,0.0,1.7335,1.7335,0.2889,1.1557,0.2889,0.5778,0.0,5.2006,3.1782,0.8668,1.1557,0.8668,0.0,42.183,0.5778,6.0674,1.7335,0.8668,6.3563,2.3114,1.1557,3,9,1,0,0,0,0.8668,2.6003,0.2889,0.0,0.0,0.0,1,0,1,0,0,0,0,0,1,0,0,0,13.739694356134699,,0,13.74,0.2889,0.0,0.2889,0.0,0.0,0.0,0.0,0.0,0.2889,0.0,0.0,0.0,3.9697,0.0,0,0,3,0,0,24,,,,0.0,0.0,0.8668,0.0,0.0,6.9342,1,0,0,0,0,0,0,100.0,0.2889,0.0,0.0,0.0,0.0,0.0,0.0,6,10,0,2,1,0,4,3,3,6,0,0,1,0,0,2,5,2,1.7335,2.8892,0.0,0.5778,0.2889,0.0,1.1557,0.8668,0.8668,1.7335,0.0,0.0,0.2889,0.0,0.0,0.5778,1.4446,0.5778,311.5,7,<450,False,6.412,8.245,5.496,5.496,16.489,1.8526,2.3822,1.5879,1.5879,4.7641,,
a339o11ut8s1o9odm6ybc4pka,T. van den Belt,Feyenoord Rotterdam,121,89,39,50,0,18,11,53,46,50,32,90,63,27,24,4,2,4,2,15,5,1,0,2,0,0,0,73.55,50.0,33.33,61.11,86.79,64.0,70.0,88.89,50.0,0.0,0.0,,35.1064,25.8221,11.3153,14.5068,0.0,5.2224,3.1915,15.3772,13.3462,14.5068,9.2843,26.1122,18.2785,7.8337,6.9632,1.1605,0.5803,1.1605,0.5803,4.352,1.4507,0.2901,0.0,0.5803,0.0,0.0,0.0,7,9,8,91.12315253258114,2,1,1,9,10,1.0,2.0309,2.6112,2.3211,26.4381,0.5803,0.2901,0.2901,2.6112,2.9014,0.2901,,,3,0,2,0,1,0,0.0,0.8704,0.0,0.5803,0.0,0.2901,0.0,98,25,2,0,0.0,4,0,0,0,0,0,0,0,0,0,0,0,0,0,2,0,0.0,28.4333,7.2534,0.5803,0.0,0.0,1.1605,0.0,0.0,0.0,0.0,0.0,0.0,0.0,0.0,0.0,0.0,0.0,0.0,0.0,0.5803,0.0,0.0,0,0,8,5,6,0,2,2,0,2,0,2,8,5,4,3,4,2,17,8,6,3,6,0,142,14,,62.5,62.5,16,10,62.5,6,14,8,5,0.0,0.0,2.3211,1.4507,1.7408,0.0,0.5803,0.5803,0.0,0.5803,0.0,0.5803,2.3211,1.4507,1.1605,0.8704,1.1605,0.5803,4.9323,2.3211,1.7408,0.8704,1.7408,0.0,41.1992,4.0619,4.6422,2.9014,1.7408,4.0619,2.3211,1.4507,0,3,0,0,0,0,0.0,0.8704,0.0,0.0,0.0,0.0,8,0,2,0,4,0,2,0,4,0,4,0,151.96108804330743,,0,19.0,2.3211,0.0,0.5803,0.0,1.1605,0.0,0.5803,0.0,1.1605,0.0,1.1605,0.0,44.0893,0.0,0,0,0,0,0,2,,,,0.0,0.0,0.0,0.0,0.0,0.5803,0,0,0,0,0,0,0,,0.0,0.0,0.0,0.0,0.0,0.0,0.0,3,4,0,2,3,5,1,7,1,1,0,0,3,5,0,2,4,4,0.8704,1.1605,0.0,0.5803,0.8704,1.4507,0.2901,2.0309,0.2901,0.2901,0.0,0.0,0.8704,1.4507,0.0,0.5803,1.1605,1.1605,310.2,9,<450,False,10.468,2.617,2.617,10.468,22.245,3.0371,0.7593,0.7593,3.0371,6.4541,,
4gso82x236c4xe0eovfr50sfd,K. Pierie,SBV Excelsior,188,151,96,55,0,91,72,88,73,9,6,59,52,101,84,28,15,33,15,32,20,1,0,1,0,0,0,80.32,45.45,62.5,79.12,82.95,66.67,88.14,83.17,53.57,0.0,0.0,,55.7129,44.7481,28.4491,16.299,0.0,26.9674,21.3368,26.0784,21.6332,2.6671,1.7781,17.4844,15.4099,29.9309,24.893,8.2977,4.4452,9.7794,4.4452,9.483,5.9269,0.2963,0.0,0.2963,0.0,0.0,0.0,14,13,23,384.12134128797993,0,0,0,14,13,0.0,4.1488,3.8525,6.8159,113.8325,0.0,0.0,0.0,4.1488,3.8525,0.0,,,2,0,2,0,0,0,0.0,0.5927,0.0,0.5927,0.0,0.0,0.0,99,2,0,0,0,2,0,0,0,0,0,0,0,0,0,0,0,0,0,0,0,0,29.3382,0.5927,0.0,0.0,0.0,0.5927,0.0,0.0,0.0,0.0,0.0,0.0,0.0,0.0,0.0,0.0,0.0,0.0,0.0,0.0,0.0,0.0,2,1,7,5,5,2,0,8,6,2,0,29,20,12,17,11,3,1,13,10,2,1,1,0,228,5,50.0,71.43,60.0,29,18,62.07,1,21,6,1,0.5927,0.2963,2.0744,1.4817,1.4817,0.5927,0.0,2.3708,1.7781,0.5927,0.0,8.594,5.9269,3.5561,5.0379,3.2598,0.889,0.2963,3.8525,2.9635,0.5927,0.2963,0.2963,0.0,67.5667,1.4817,8.594,5.3342,0.2963,6.2232,1.7781,0.2963,7,1,4,0,0,0,2.0744,0.2963,1.1854,0.0,0.0,0.0,3,1,0,0,2,1,1,0,3,1,0,0,35.94272772739876,,1,11.98,0.889,0.2963,0.0,0.0,0.5927,0.2963,0.2963,0.0,0.889,0.2963,0.0,0.0,10.6515,0.2963,0,0,5,0,0,4,,,,0.0,0.0,1.4817,0.0,0.0,1.1854,1,0,0,0,0,0,0,100.0,0.2963,0.0,0.0,0.0,0.0,0.0,0.0,7,7,0,0,1,2,2,5,6,2,0,1,2,1,0,0,4,3,2.0744,2.0744,0.0,0.0,0.2963,0.5927,0.5927,1.4817,1.7781,0.5927,0.0,0.2963,0.5927,0.2963,0.0,0.0,1.1854,0.889,303.7,5,<450,False,6.428,7.346,26.63,18.365,11.937,1.9049,2.177,7.8917,5.4424,3.5375,,
b8vbhw29ucubzzmgv0nge1omh,D. Mihailović,Alkmaar Zaanstreek,115,96,36,59,1,12,9,63,54,40,33,69,59,36,29,10,8,8,7,10,5,0,0,5,2,0,0,83.48,87.5,50.0,75.0,85.71,82.5,85.51,80.56,80.0,,40.0,,34.2942,28.6282,10.7356,17.5944,0.2982,3.5785,2.6839,18.7873,16.1034,11.9284,9.841,20.5765,17.5944,10.7356,8.6481,2.9821,2.3857,2.3857,2.0875,2.9821,1.4911,0.0,0.0,1.4911,0.5964,0.0,0.0,12,5,11,169.08007877364915,3,1,0,15,6,0.0,3.5785,1.4911,3.2803,50.4215,0.8946,0.2982,0.0,4.4732,1.7893,0.0,,,5,2,2,0,3,2,40.0,1.4911,0.5964,0.5964,0.0,0.8946,0.5964,97,26,9,0,0.0,17,2,1,0,0.0,2,0,0.0,0,0,0,0,0,0,6,0,0.0,28.9264,7.7535,2.6839,0.0,0.0,5.0696,0.5964,0.2982,0.0,0.0,0.5964,0.0,0.0,0.0,0.0,0.0,0.0,0.0,0.0,1.7893,0.0,0.0,4,1,8,6,3,4,1,3,1,2,0,1,7,2,3,1,4,1,15,4,8,3,2,0,131,9,25.0,75.0,28.57,19,9,47.37,2,8,14,4,1.1928,0.2982,2.3857,1.7893,0.8946,1.1928,0.2982,0.8946,0.2982,0.5964,0.0,0.2982,2.0875,0.5964,0.8946,0.2982,1.1928,0.2982,4.4732,1.1928,2.3857,0.8946,0.5964,0.0,39.0656,2.6839,5.666,2.6839,0.5964,2.3857,4.175,1.1928,4,7,0,0,0,0,1.1928,2.0875,0.0,0.0,0.0,0.0,2,0,0,0,1,0,1,0,2,0,0,0,25.583521722515513,,0,12.79,0.5964,0.0,0.0,0.0,0.2982,0.0,0.2982,0.0,0.5964,0.0,0.0,0.0,7.6293,0.0,2,1,2,0,0,0,,,50.0,0.5964,0.2982,0.5964,0.0,0.0,0.0,0,0,0,0,0,0,0,,0.0,0.0,0.0,0.0,0.0,0.0,0.0,2,10,3,6,1,1,4,4,1,2,0,0,1,1,5,4,4,4,0.5964,2.9821,0.8946,1.7893,0.2982,0.2982,1.1928,1.1928,0.2982,0.5964,0.0,0.0,0.2982,0.2982,1.4911,1.1928,1.1928,1.1928,301.8,8,<450,False,8.779,3.292,1.097,7.681,16.46,2.618,0.9817,0.3271,2.2906,4.9085,,
cy959r1pw0dc88ww5pxkn7a50,A. Visser,SBV Vitesse,47,25,7,18,0,2,0,30,15,15,10,29,15,16,10,2,0,2,0,17,4,0,0,0,0,0,0,53.19,0.0,23.53,0.0,50.0,66.67,51.72,62.5,0.0,,,,14.6215,7.7774,2.1777,5.5997,0.0,0.6222,0.0,9.3329,4.6664,4.6664,3.111,9.0218,4.6664,4.9775,3.111,0.6222,0.0,0.6222,0.0,5.2886,1.2444,0.0,0.0,0.0,0.0,0.0,0.0,1,0,0,0,0,0,0,1,0,0.0,0.3111,0.0,0.0,0.0,0.0,0.0,0.0,0.3111,0.0,0.0,,,0,0,0,0,0,0,,0.0,0.0,0.0,0.0,0.0,0.0,38,29,2,0,0.0,3,0,0,0,0,0,0,0,0,0,0,0,0,0,2,0,0.0,11.8216,9.0218,0.6222,0.0,0.0,0.9333,0.0,0.0,0.0,0.0,0.0,0.0,0.0,0.0,0.0,0.0,0.0,0.0,0.0,0.6222,0.0,0.0,0,0,0,0,0,0,0,0,0,0,0,1,33,13,6,4,27,9,4,0,3,1,1,0,66,13,,,39.39,33,13,39.39,1,0,3,1,0.0,0.0,0.0,0.0,0.0,0.0,0.0,0.0,0.0,0.0,0.0,0.3111,10.2662,4.0442,1.8666,1.2444,8.3996,2.7999,1.2444,0.0,0.9333,0.3111,0.3111,0.0,20.5323,4.0442,10.2662,4.0442,0.3111,0.0,0.9333,0.3111,4,2,0,0,0,0,1.2444,0.6222,0.0,0.0,0.0,0.0,7,0,3,0,2,0,2,0,7,0,0,0,86.12342971750773,,0,12.3,2.1777,0.0,0.9333,0.0,0.6222,0.0,0.6222,0.0,2.1777,0.0,0.0,0.0,26.7926,0.0,0,0,0,0,0,1,,,,0.0,0.0,0.0,0.0,0.0,0.3111,0,0,0,0,0,0,0,,0.0,0.0,0.0,0.0,0.0,0.0,0.0,0,1,0,2,2,5,0,0,0,0,0,0,6,1,2,0,0,0,0.0,0.3111,0.0,0.6222,0.6222,1.5555,0.0,0.0,0.0,0.0,0.0,0.0,1.8666,0.3111,0.6222,0.0,0.0,0.0,289.3,9,<450,False,0.0,0.0,1.008,33.274,4.033,0.0,0.0,0.3136,10.3514,1.2546,,
8bvn7mn5tjfj3l2bnpvm75gmi,G. Mikautadze,AFC Ajax,74,50,17,33,0,11,6,33,26,30,18,45,33,22,14,7,3,5,1,1,1,0,0,1,0,0,0,67.57,20.0,100.0,54.55,78.79,60.0,73.33,63.64,42.86,,0.0,,23.393,15.8061,5.3741,10.432,0.0,3.4773,1.8967,10.432,8.2192,9.4837,5.6902,14.2255,10.432,6.9547,4.4257,2.2129,0.9484,1.5806,0.3161,0.3161,0.3161,0.0,0.0,0.3161,0.0,0.0,0.0,1,2,16,192.84597988991152,2,3,0,3,5,0.0,0.3161,0.6322,5.058,60.9629,0.6322,0.9484,0.0,0.9484,1.5806,0.0,,,1,0,1,0,0,0,0.0,0.3161,0.0,0.3161,0.0,0.0,0.0,82,30,1,0,0.0,2,0,0,0,0,0,0,0,0,0,0,0,0,0,1,0,0.0,25.922,9.4837,0.3161,0.0,0.0,0.6322,0.0,0.0,0.0,0.0,0.0,0.0,0.0,0.0,0.0,0.0,0.0,0.0,0.0,0.3161,0.0,0.0,19,5,1,0,1,0,0,0,0,0,0,2,3,1,2,0,1,1,12,5,6,1,5,0,114,8,26.32,0.0,33.33,23,6,26.09,5,6,6,1,6.0063,1.5806,0.3161,0.0,0.3161,0.0,0.0,0.0,0.0,0.0,0.0,0.6322,0.9484,0.3161,0.6322,0.0,0.3161,0.3161,3.7935,1.5806,1.8967,0.3161,1.5806,0.0,36.0379,2.529,7.2708,1.8967,1.5806,1.8967,1.8967,0.3161,1,4,0,0,0,0,0.3161,1.2645,0.0,0.0,0.0,0.0,6,0,2,0,3,0,1,0,4,0,2,0,104.01604255836128,,0,17.34,1.8967,0.0,0.6322,0.0,0.9484,0.0,0.3161,0.0,1.2645,0.0,0.6322,0.0,32.8818,0.0,0,0,0,0,0,1,,,,0.0,0.0,0.0,0.0,0.0,0.3161,0,0,0,0,0,0,0,,0.0,0.0,0.0,0.0,0.0,0.0,0.0,1,0,0,1,1,5,1,0,0,0,0,0,3,3,1,0,1,0,0.3161,0.0,0.0,0.3161,0.3161,1.5806,0.3161,0.0,0.0,0.0,0.0,0.0,0.9484,0.9484,0.3161,0.0,0.3161,0.0,284.7,6,<450,False,1.241,0.0,2.482,3.724,14.895,0.3923,0.0,0.7846,1.1772,4.7086,,
e8esddei2xouu6qd1n72iz3f8,B. van Driel,FC Volendam,50,34,22,12,0,10,6,26,18,14,10,32,23,13,10,5,1,5,1,4,2,0,0,0,0,0,0,68.0,20.0,50.0,60.0,69.23,71.43,71.88,76.92,20.0,,,,16.1929,11.0112,7.1249,3.8863,0.0,3.2386,1.9431,8.4203,5.8294,4.534,3.2386,10.3634,7.4487,4.2101,3.2386,1.6193,0.3239,1.6193,0.3239,1.2954,0.6477,0.0,0.0,0.0,0.0,0.0,0.0,5,5,6,89.19277438019081,2,1,1,7,6,1.0,1.6193,1.6193,1.9431,28.8857,0.6477,0.3239,0.3239,2.267,1.9431,0.3239,,,0,0,0,0,0,0,,0.0,0.0,0.0,0.0,0.0,0.0,30,5,0,0,0,1,0,0,0,0,0,0,0,0,0,0,0,0,0,0,0,0,9.7157,1.6193,0.0,0.0,0.0,0.3239,0.0,0.0,0.0,0.0,0.0,0.0,0.0,0.0,0.0,0.0,0.0,0.0,0.0,0.0,0.0,0.0,2,1,8,7,4,3,1,3,1,2,0,6,4,3,2,2,2,1,9,3,5,1,2,0,73,3,50.0,87.5,75.0,14,11,78.57,2,8,10,2,0.6477,0.3239,2.5909,2.267,1.2954,0.9716,0.3239,0.9716,0.3239,0.6477,0.0,1.9431,1.2954,0.9716,0.6477,0.6477,0.6477,0.3239,2.9147,0.9716,1.6193,0.3239,0.6477,0.0,23.6416,0.9716,4.534,3.5624,0.6477,2.5909,3.2386,0.6477,4,1,0,0,0,0,1.2954,0.3239,0.0,0.0,0.0,0.0,2,0,0,0,2,0,0,0,2,0,0,0,26.158047258310816,,0,13.08,0.6477,0.0,0.0,0.0,0.6477,0.0,0.0,0.0,0.6477,0.0,0.0,0.0,8.4715,0.0,0,0,0,0,0,0,,,,0.0,0.0,0.0,0.0,0.0,0.0,1,0,0,0,0,0,0,100.0,0.3239,0.0,0.0,0.0,0.0,0.0,0.0,2,3,0,0,1,1,3,5,2,1,0,0,0,2,0,0,1,7,0.6477,0.9716,0.0,0.0,0.3239,0.3239,0.9716,1.6193,0.6477,0.3239,0.0,0.0,0.0,0.6477,0.0,0.0,0.3239,2.267,277.9,8,<450,False,6.815,2.556,5.111,3.408,7.667,2.2071,0.8278,1.6552,1.1037,2.483,,
7e9glnj6i9jv30av9ip8pw4,A. Anello,Sparta Rotterdam,99,62,19,42,1,8,5,39,28,52,29,46,34,35,20,18,8,17,7,13,4,1,0,15,5,0,0,62.63,41.18,30.77,62.5,71.79,55.77,73.91,57.14,44.44,0.0,33.33,,32.0965,20.1009,6.1599,13.6167,0.3242,2.5937,1.621,12.6441,9.0778,16.8588,9.402,14.9135,11.0231,11.3473,6.4841,5.8357,2.5937,5.5115,2.2695,4.2147,1.2968,0.3242,0.0,4.8631,1.621,0.0,0.0,14,4,12,115.03546974670127,2,0,1,16,4,1.0,4.5389,1.2968,3.8905,37.2954,0.6484,0.0,0.3242,5.1873,1.2968,0.3242,,,16,5,6,4,10,1,31.25,5.1873,1.621,1.9452,1.2968,3.2421,0.3242,61,14,4,1,0.0,5,1,0,0,0,2,0,0.0,0,0,0,0,0,0,2,1,0.0,19.7767,4.5389,1.2968,0.3242,0.0,1.621,0.3242,0.0,0.0,0.0,0.6484,0.0,0.0,0.0,0.0,0.0,0.0,0.0,0.0,0.6484,0.3242,0.0,13,6,4,3,2,1,1,0,0,0,0,0,2,0,1,0,1,0,14,5,4,5,4,0,131,8,46.15,75.0,0.0,19,9,47.37,4,7,5,6,4.2147,1.9452,1.2968,0.9726,0.6484,0.3242,0.3242,0.0,0.0,0.0,0.0,0.0,0.6484,0.0,0.3242,0.0,0.3242,0.0,4.5389,1.621,1.2968,1.621,1.2968,0.0,42.4712,2.5937,6.1599,2.9179,1.2968,2.2695,1.621,1.9452,2,3,0,0,0,0,0.6484,0.9726,0.0,0.0,0.0,0.0,6,0,2,0,3,0,1,0,3,0,3,0,119.98905807487307,,1,20.0,1.9452,0.0,0.6484,0.0,0.9726,0.0,0.3242,0.0,0.9726,0.0,0.9726,0.0,38.9014,0.3242,6,3,8,0,0,3,,,50.0,1.9452,0.9726,2.5937,0.0,0.0,0.9726,0,0,0,0,0,0,0,,0.0,0.0,0.0,0.0,0.0,0.0,0.0,3,11,0,4,1,5,1,3,0,0,0,0,5,1,4,0,3,1,0.9726,3.5663,0.0,1.2968,0.3242,1.621,0.3242,0.9726,0.0,0.0,0.0,0.0,1.621,0.3242,1.2968,0.0,0.9726,0.3242,277.6,8,<450,False,3.775,0.0,0.0,1.888,13.213,1.2239,0.0,0.0,0.6121,4.2838,,
2nwthqvbk70e2qo35dgp35979,V. van Crooij,Sparta Rotterdam,110,61,27,34,0,14,7,43,31,53,23,40,26,54,27,16,8,23,9,18,5,4,1,12,2,0,0,55.45,39.13,27.78,50.0,72.09,43.4,65.0,50.0,50.0,25.0,16.67,,35.8177,19.8625,8.7916,11.0709,0.0,4.5586,2.2793,14.0014,10.0941,17.2576,7.4891,13.0246,8.466,17.5832,8.7916,5.2098,2.6049,7.4891,2.9305,5.8611,1.6281,1.3025,0.3256,3.9074,0.6512,0.0,0.0,16,5,6,47.81412203511138,0,0,0,16,5,0.0,5.2098,1.6281,1.9537,15.569,0.0,0.0,0.0,5.2098,1.6281,0.0,,,16,3,10,2,6,1,18.75,5.2098,0.9768,3.2562,0.6512,1.9537,0.3256,70,17,8,0,0.0,11,1,0,0,0,2,0,0.0,2,0,0.0,0,0,0,4,0,0.0,22.7931,5.5355,2.6049,0.0,0.0,3.5818,0.3256,0.0,0.0,0.0,0.6512,0.0,0.0,0.6512,0.0,0.0,0.0,0.0,0.0,1.3025,0.0,0.0,1,0,3,1,3,0,0,2,1,1,0,5,15,8,3,2,12,6,11,3,6,2,0,0,128,8,0.0,33.33,53.33,19,9,47.37,0,7,7,2,0.3256,0.0,0.9768,0.3256,0.9768,0.0,0.0,0.6512,0.3256,0.3256,0.0,1.6281,4.8842,2.6049,0.9768,0.6512,3.9074,1.9537,3.5818,0.9768,1.9537,0.6512,0.0,0.0,41.6787,2.6049,6.1867,2.9305,0.0,2.2793,2.2793,0.6512,1,4,0,1,0,0,0.3256,1.3025,0.0,0.3256,0.0,0.0,6,0,1,0,4,0,1,0,2,0,4,0,140.0219790163094,,0,23.34,1.9537,0.0,0.3256,0.0,1.3025,0.0,0.3256,0.0,0.6512,0.0,1.3025,0.0,45.5933,0.0,9,2,3,0,0,10,,,22.22,2.9305,0.6512,0.9768,0.0,0.0,3.2562,1,0,0,0,0,0,0,100.0,0.3256,0.0,0.0,0.0,0.0,0.0,0.0,9,7,6,2,2,4,2,1,2,0,0,0,2,4,3,5,1,2,2.9305,2.2793,1.9537,0.6512,0.6512,1.3025,0.6512,0.3256,0.6512,0.0,0.0,0.0,0.6512,1.3025,0.9768,1.6281,0.3256,0.6512,276.4,3,<450,False,2.831,1.888,4.719,14.156,10.381,0.9218,0.6148,1.5366,4.6094,3.3802,,
cec6shf8ln2n1dibq00ez84yc,A. Milambo,Feyenoord Rotterdam,95,78,33,45,0,8,6,52,45,35,27,66,54,22,20,7,4,4,3,10,6,0,0,2,1,0,0,82.11,75.0,60.0,75.0,86.54,77.14,81.82,90.91,57.14,,50.0,,31.5265,25.885,10.9513,14.9336,0.0,2.6549,1.9912,17.2566,14.9336,11.615,8.9602,21.9027,17.9204,7.3009,6.6372,2.323,1.3274,1.3274,0.9956,3.3186,1.9912,0.0,0.0,0.6637,0.3319,0.0,0.0,7,8,10,120.18697907027784,1,0,1,8,8,1.0,2.323,2.6549,3.3186,39.8851,0.3319,0.0,0.3319,2.6549,2.6549,0.3319,,,2,1,0,0,2,1,50.0,0.6637,0.3319,0.0,0.0,0.6637,0.3319,82,18,7,1,0.0,8,1,0,0,0,0,0,0,0,0,0,0,0,0,7,1,0.0,27.2124,5.9735,2.323,0.3319,0.0,2.6549,0.3319,0.0,0.0,0.0,0.0,0.0,0.0,0.0,0.0,0.0,0.0,0.0,0.0,2.323,0.3319,0.0,7,2,4,2,2,2,0,1,1,0,0,2,4,2,3,1,1,1,14,2,9,3,3,0,127,10,28.57,50.0,50.0,15,6,40.0,3,5,11,3,2.323,0.6637,1.3274,0.6637,0.6637,0.6637,0.0,0.3319,0.3319,0.0,0.0,0.6637,1.3274,0.6637,0.9956,0.3319,0.3319,0.3319,4.646,0.6637,2.9867,0.9956,0.9956,0.0,42.146,3.3186,4.9779,1.9912,0.9956,1.6593,3.6504,0.9956,2,4,0,0,0,0,0.6637,1.3274,0.0,0.0,0.0,0.0,7,1,1,0,6,1,0,0,3,1,4,0,109.84152418430668,,2,15.69,2.323,0.3319,0.3319,0.0,1.9912,0.3319,0.0,0.0,0.9956,0.3319,1.3274,0.0,36.4518,0.6637,0,0,0,0,0,1,,,,0.0,0.0,0.0,0.0,0.0,0.3319,1,0,0,0,0,0,0,100.0,0.3319,0.0,0.0,0.0,0.0,0.0,0.0,4,3,3,4,2,5,3,1,1,0,1,0,5,2,4,3,1,3,1.3274,0.9956,0.9956,1.3274,0.6637,1.6593,0.9956,0.3319,0.3319,0.0,0.3319,0.0,1.6593,0.6637,1.3274,0.9956,0.3319,0.9956,271.2,8,<450,False,5.234,1.309,2.617,5.234,18.319,1.7369,0.4344,0.8685,1.7369,6.0793,,
cxuqd5jlug75nm2blahmxek2c,M. Robberechts,Fortuna Sittard,53,43,10,33,0,3,2,24,20,26,21,38,31,12,10,3,2,3,2,7,4,2,1,1,1,0,0,81.13,66.67,57.14,66.67,83.33,80.77,81.58,83.33,66.67,50.0,100.0,,17.9323,14.5489,3.3835,11.1654,0.0,1.015,0.6767,8.1203,6.7669,8.797,7.1053,12.8571,10.4887,4.0602,3.3835,1.015,0.6767,1.015,0.6767,2.3684,1.3534,0.6767,0.3383,0.3383,0.3383,0.0,0.0,2,2,13,252.82103930803046,6,3,1,8,5,1.0,0.6767,0.6767,4.3985,85.541,2.0301,1.015,0.3383,2.7068,1.6917,0.3383,,,3,2,0,0,3,2,66.67,1.015,0.6767,0.0,0.0,1.015,0.6767,49,13,2,0,0.0,6,0,0,0,0,1,0,0.0,0,0,0,0,0,0,1,0,0.0,16.5789,4.3985,0.6767,0.0,0.0,2.0301,0.0,0.0,0.0,0.0,0.3383,0.0,0.0,0.0,0.0,0.0,0.0,0.0,0.0,0.3383,0.0,0.0,16,1,7,3,2,2,3,2,0,2,0,2,10,4,3,2,7,2,11,2,4,5,1,0,89,6,6.25,42.86,40.0,33,8,24.24,1,4,8,8,5.4135,0.3383,2.3684,1.015,0.6767,0.6767,1.015,0.6767,0.0,0.6767,0.0,0.6767,3.3835,1.3534,1.015,0.6767,2.3684,0.6767,3.7218,0.6767,1.3534,1.6917,0.3383,0.0,30.1128,2.0301,11.1654,2.7068,0.3383,1.3534,2.7068,2.7068,4,10,0,1,0,0,1.3534,3.3835,0.0,0.3383,0.0,0.0,6,1,5,1,0,0,1,0,4,1,2,0,114.45993929843206,,1,19.08,2.0301,0.3383,1.6917,0.3383,0.0,0.0,0.3383,0.0,1.3534,0.3383,0.6767,0.0,38.727,0.3383,1,1,0,0,0,0,,,100.0,0.3383,0.3383,0.0,0.0,0.0,0.0,0,0,0,0,0,0,0,,0.0,0.0,0.0,0.0,0.0,0.0,0.0,1,1,1,1,3,3,1,6,0,2,1,0,5,1,1,1,4,3,0.3383,0.3383,0.3383,0.3383,1.015,1.015,0.3383,2.0301,0.0,0.6767,0.3383,0.0,1.6917,0.3383,0.3383,0.3383,1.3534,1.015,266.0,10,<450,False,6.154,1.758,1.758,8.792,9.671,2.0822,0.5948,0.5948,2.9747,3.2721,,
5leej1ji11foystzd1xj4q961,A. Nalić,Almere City FC,69,40,20,20,0,6,4,30,17,33,19,39,21,22,15,8,4,8,4,10,3,0,0,6,0,0,0,57.97,50.0,30.0,66.67,56.67,57.58,53.85,68.18,50.0,,0.0,,23.8846,13.8462,6.9231,6.9231,0.0,2.0769,1.3846,10.3846,5.8846,11.4231,6.5769,13.5,7.2692,7.6154,5.1923,2.7692,1.3846,2.7692,1.3846,3.4615,1.0385,0.0,0.0,2.0769,0.0,0.0,0.0,5,1,14,154.83157214659968,4,3,4,9,4,4.0,1.7308,0.3462,4.8462,53.5955,1.3846,1.0385,1.3846,3.1154,1.3846,1.3846,,,6,0,2,0,4,0,0.0,2.0769,0.0,0.6923,0.0,1.3846,0.0,70,27,2,0,0.0,6,1,0,0,0,0,0,0,1,0,0.0,0,0,0,1,0,0.0,24.2308,9.3462,0.6923,0.0,0.0,2.0769,0.3462,0.0,0.0,0.0,0.0,0.0,0.0,0.3462,0.0,0.0,0.0,0.0,0.0,0.3462,0.0,0.0,11,5,0,0,0,0,0,0,0,0,0,3,17,6,4,1,13,5,11,4,6,1,8,0,123,15,45.45,,35.29,28,11,39.29,8,4,6,1,3.8077,1.7308,0.0,0.0,0.0,0.0,0.0,0.0,0.0,0.0,0.0,1.0385,5.8846,2.0769,1.3846,0.3462,4.5,1.7308,3.8077,1.3846,2.0769,0.3462,2.7692,0.0,42.5769,5.1923,9.6923,3.8077,2.7692,1.3846,2.0769,0.3462,5,2,0,1,0,0,1.7308,0.6923,0.0,0.3462,0.0,0.0,6,1,0,0,5,0,1,1,5,1,1,0,89.89935315895458,,1,14.98,2.0769,0.3462,0.0,0.0,1.7308,0.0,0.3462,0.3462,1.7308,0.3462,0.3462,0.0,31.119,0.3462,0,0,0,0,0,1,,,,0.0,0.0,0.0,0.0,0.0,0.3462,0,0,0,0,0,0,0,,0.0,0.0,0.0,0.0,0.0,0.0,0.0,1,4,0,2,1,5,0,0,0,0,1,0,3,3,1,1,0,0,0.3462,1.3846,0.0,0.6923,0.3462,1.7308,0.0,0.0,0.0,0.0,0.3462,0.0,1.0385,1.0385,0.3462,0.3462,0.0,0.0,260.0,7,<450,False,0.0,0.0,2.677,15.167,9.814,0.0,0.0,0.9267,5.2501,3.3972,,
f57vs3qmmob743hdk2dxf56cq,S. Sambo,PSV Eindhoven,188,158,69,87,2,50,39,92,82,46,37,100,85,72,66,16,7,21,9,8,3,1,0,5,1,0,0,84.04,42.86,37.5,78.0,89.13,80.43,85.0,91.67,43.75,0.0,20.0,,66.7983,56.139,24.5164,30.912,0.7106,17.7655,13.8571,32.6885,29.1354,16.3443,13.1465,35.531,30.2013,25.5823,23.4505,5.685,2.4872,7.4615,3.1978,2.8425,1.0659,0.3553,0.0,1.7765,0.3553,0.0,0.0,15,12,34,424.8753697308495,1,0,0,16,12,0.0,5.3296,4.2637,12.0805,150.9624,0.3553,0.0,0.0,5.685,4.2637,0.0,,,6,1,0,0,6,1,16.67,2.1319,0.3553,0.0,0.0,2.1319,0.3553,135,3,4,0,0.0,6,1,0,0,0,1,0,0.0,0,0,0,0,0,0,3,0,0.0,47.9668,1.0659,1.4212,0.0,0.0,2.1319,0.3553,0.0,0.0,0.0,0.3553,0.0,0.0,0.0,0.0,0.0,0.0,0.0,0.0,1.0659,0.0,0.0,3,0,3,3,1,1,1,5,2,3,0,5,5,3,4,2,1,1,13,7,6,0,1,0,205,1,0.0,100.0,60.0,11,6,54.55,1,10,10,1,1.0659,0.0,1.0659,1.0659,0.3553,0.3553,0.3553,1.7765,0.7106,1.0659,0.0,1.7765,1.7765,1.0659,1.4212,0.7106,0.3553,0.3553,4.619,2.4872,2.1319,0.0,0.3553,0.0,72.8385,0.3553,3.9084,2.1319,0.3553,3.5531,3.5531,0.3553,2,2,0,0,0,0,0.7106,0.7106,0.0,0.0,0.0,0.0,2,0,2,0,0,0,0,0,0,0,2,0,54.24858174823328,,0,27.12,0.7106,0.0,0.7106,0.0,0.0,0.0,0.0,0.0,0.0,0.0,0.7106,0.0,19.2751,0.0,0,0,0,0,0,21,,,,0.0,0.0,0.0,0.0,0.0,7.4615,1,0,0,0,0,0,0,100.0,0.3553,0.0,0.0,0.0,0.0,0.0,0.0,4,11,1,3,2,0,1,2,3,2,0,0,2,0,1,3,3,0,1.4212,3.9084,0.3553,1.0659,0.7106,0.0,0.3553,0.7106,1.0659,0.7106,0.0,0.0,0.7106,0.0,0.3553,1.0659,1.0659,0.0,253.3,11,<450,False,4.205,7.009,7.009,7.009,18.222,1.4941,2.4904,2.4904,2.4904,6.4745,,
2fadtqb0v2zreactvdosbxy50,Y. Borges Sanches,Nijmegen Eendracht Combinatie,101,86,26,60,0,12,10,32,30,57,46,68,60,27,22,6,4,3,3,0,0,3,0,1,0,0,0,85.15,100.0,,83.33,93.75,80.7,88.24,81.48,66.67,0.0,0.0,,36.0857,30.7265,9.2894,21.4371,0.0,4.2874,3.5728,11.4331,10.7185,20.3652,16.4351,24.2954,21.4371,9.6467,7.8603,2.1437,1.4291,1.0719,1.0719,0.0,0.0,1.0719,0.0,0.3573,0.0,0.0,0.0,10,2,23,302.63941726370086,4,2,3,14,4,3.0,3.5728,0.7146,8.2175,108.1284,1.4291,0.7146,1.0719,5.002,1.4291,1.0719,,,4,0,3,0,1,0,0.0,1.4291,0.0,1.0719,0.0,0.3573,0.0,89,15,4,0,0.0,9,1,1,0,0.0,0,0,0,0,0,0,0,0,0,3,0,0.0,31.7983,5.3593,1.4291,0.0,0.0,3.2156,0.3573,0.3573,0.0,0.0,0.0,0.0,0.0,0.0,0.0,0.0,0.0,0.0,0.0,1.0719,0.0,0.0,22,12,2,1,0,0,2,0,0,0,0,1,0,0,0,0,0,0,9,5,4,0,3,0,148,11,54.55,50.0,,24,13,54.17,3,5,4,2,7.8603,4.2874,0.7146,0.3573,0.0,0.0,0.7146,0.0,0.0,0.0,0.0,0.3573,0.0,0.0,0.0,0.0,0.0,0.0,3.2156,1.7864,1.4291,0.0,1.0719,0.0,52.8781,3.9301,8.5748,4.6447,1.0719,1.7864,1.4291,0.7146,0,3,0,0,0,0,0.0,1.0719,0.0,0.0,0.0,0.0,7,0,2,0,5,0,0,0,1,0,6,0,156.30367201601197,,0,22.33,2.501,0.0,0.7146,0.0,1.7864,0.0,0.0,0.0,0.3573,0.0,2.1437,0.0,55.8449,0.0,0,0,0,0,0,1,,,,0.0,0.0,0.0,0.0,0.0,0.3573,0,0,0,0,0,0,0,,0.0,0.0,0.0,0.0,0.0,0.0,0.0,3,7,1,3,0,7,0,2,0,0,0,0,1,6,2,2,2,0,1.0719,2.501,0.3573,1.0719,0.0,2.501,0.0,0.7146,0.0,0.0,0.0,0.0,0.3573,2.1437,0.7146,0.7146,0.7146,0.0,251.9,8,<450,False,1.935,0.0,0.968,0.0,8.708,0.6913,0.0,0.3459,0.0,3.1112,,
afdwdm1rkz1ir3c0tukfh3jhm,S. Čestić,Heracles Almelo,93,67,42,25,0,56,40,35,25,2,2,25,18,51,41,17,8,16,6,10,4,0,0,0,0,0,0,72.04,37.5,40.0,71.43,71.43,100.0,72.0,80.39,47.06,,,,33.9004,24.4228,15.3098,9.113,0.0,20.4131,14.5808,12.7582,9.113,0.729,0.729,9.113,6.5614,18.5905,14.9453,6.1968,2.9162,5.8323,2.1871,3.6452,1.4581,0.0,0.0,0.0,0.0,0.0,0.0,10,4,7,96.65591443906575,0,0,0,10,4,0.0,3.6452,1.4581,2.5516,35.233,0.0,0.0,0.0,3.6452,1.4581,0.0,,,0,0,0,0,0,0,,0.0,0.0,0.0,0.0,0.0,0.0,67,4,0,0,0,0,0,0,0,0,0,0,0,0,0,0,0,0,0,0,0,0,24.4228,1.4581,0.0,0.0,0.0,0.0,0.0,0.0,0.0,0.0,0.0,0.0,0.0,0.0,0.0,0.0,0.0,0.0,0.0,0.0,0.0,0.0,0,0,3,2,2,1,0,6,4,2,0,11,12,8,9,6,3,2,8,3,5,0,0,0,110,3,,66.67,66.67,15,10,66.67,0,9,8,0,0.0,0.0,1.0936,0.729,0.729,0.3645,0.0,2.1871,1.4581,0.729,0.0,4.0097,4.3742,2.9162,3.2807,2.1871,1.0936,0.729,2.9162,1.0936,1.8226,0.0,0.0,0.0,40.0972,1.0936,5.4678,3.6452,0.0,3.2807,2.9162,0.0,2,0,0,1,0,0,0.729,0.0,0.0,0.3645,0.0,0.0,3,0,0,0,1,0,2,0,3,0,0,0,30.516225098795964,,0,10.17,1.0936,0.0,0.0,0.0,0.3645,0.0,0.729,0.0,1.0936,0.0,0.0,0.0,11.1238,0.0,0,0,2,0,0,0,,,,0.0,0.0,0.729,0.0,0.0,0.0,6,0,0,0,0,0,0,100.0,2.1871,0.0,0.0,0.0,0.0,0.0,0.0,5,5,0,0,1,2,2,1,1,5,0,0,1,2,0,0,2,1,1.8226,1.8226,0.0,0.0,0.3645,0.729,0.729,0.3645,0.3645,1.8226,0.0,0.0,0.3645,0.729,0.0,0.0,0.729,0.3645,246.9,6,<450,False,2.789,5.577,10.225,11.154,7.436,1.0166,2.0329,3.7272,4.0659,2.7106,,
8zmj7mo9zxsoo5trhmmgmgb56,Hugo Novoa,FC Utrecht,93,66,37,28,1,27,17,30,24,36,25,56,44,28,18,9,4,8,4,11,6,0,0,9,0,0,0,70.97,50.0,54.55,62.96,80.0,69.44,78.57,64.29,44.44,,0.0,,34.5155,24.4948,13.732,10.3918,0.3711,10.0206,6.3093,11.134,8.9072,13.3608,9.2784,20.7835,16.3299,10.3918,6.6804,3.3402,1.4845,2.9691,1.4845,4.0825,2.2268,0.0,0.0,3.3402,0.0,0.0,0.0,12,3,15,270.69624619399804,6,3,0,18,6,0.0,4.4536,1.1134,5.567,100.4646,2.2268,1.1134,0.0,6.6804,2.2268,0.0,,,9,0,0,0,9,0,0.0,3.3402,0.0,0.0,0.0,3.3402,0.0,49,4,2,0,0.0,3,0,0,0,0,0,0,0,0,0,0,0,0,0,2,0,0.0,18.1856,1.4845,0.7423,0.0,0.0,1.1134,0.0,0.0,0.0,0.0,0.0,0.0,0.0,0.0,0.0,0.0,0.0,0.0,0.0,0.7423,0.0,0.0,4,1,6,3,2,3,1,3,2,1,0,4,5,3,3,2,2,1,12,4,7,1,2,0,114,1,25.0,50.0,60.0,15,7,46.67,2,8,11,2,1.4845,0.3711,2.2268,1.1134,0.7423,1.1134,0.3711,1.1134,0.7423,0.3711,0.0,1.4845,1.8557,1.1134,1.1134,0.7423,0.7423,0.3711,4.4536,1.4845,2.5979,0.3711,0.7423,0.0,42.3093,0.3711,5.567,2.5979,0.7423,2.9691,4.0825,0.7423,7,1,1,1,0,1,2.5979,0.3711,0.3711,0.3711,0.0,0.3711,0,0,0,0,0,0,0,0,0,0,0,0,0,,0,,0.0,0.0,0.0,0.0,0.0,0.0,0.0,0.0,0.0,0.0,0.0,0.0,0.0,0.0,0,0,2,0,0,13,,,,0.0,0.0,0.7423,0.0,0.0,4.8247,1,0,0,0,0,0,0,100.0,0.3711,0.0,0.0,0.0,0.0,0.0,0.0,6,6,2,0,0,0,4,2,0,3,0,0,0,0,1,1,4,2,2.2268,2.2268,0.7423,0.0,0.0,0.0,1.4845,0.7423,0.0,1.1134,0.0,0.0,0.0,0.0,0.3711,0.3711,1.4845,0.7423,242.5,5,<450,False,5.802,2.901,3.868,4.835,11.603,2.1533,1.0767,1.4355,1.7944,4.3063,,
d7ml58kwwpetvnw46qja9ru5m,A. Descotte,FC Utrecht,42,30,11,18,1,2,2,21,15,19,13,26,21,13,8,3,1,3,1,4,3,1,0,0,0,0,0,71.43,33.33,75.0,100.0,71.43,68.42,80.77,61.54,33.33,0.0,,,15.6977,11.2126,4.1113,6.7276,0.3738,0.7475,0.7475,7.8488,5.6063,7.1013,4.8588,9.7176,7.8488,4.8588,2.99,1.1213,0.3738,1.1213,0.3738,1.495,1.1213,0.3738,0.0,0.0,0.0,0.0,0.0,2,1,7,111.96103428998312,3,2,2,5,3,2.0,0.7475,0.3738,2.6163,41.8459,1.1213,0.7475,0.7475,1.8688,1.1213,0.7475,,,1,0,1,0,0,0,0.0,0.3738,0.0,0.3738,0.0,0.0,0.0,43,24,4,0,0.0,6,0,0,0,0,0,0,0,0,0,0,0,0,0,4,0,0.0,16.0714,8.9701,1.495,0.0,0.0,2.2425,0.0,0.0,0.0,0.0,0.0,0.0,0.0,0.0,0.0,0.0,0.0,0.0,0.0,1.495,0.0,0.0,5,1,3,3,0,1,2,1,0,1,0,1,10,0,3,0,7,0,8,0,5,3,7,0,65,8,20.0,100.0,0.0,18,4,22.22,7,0,7,5,1.8688,0.3738,1.1213,1.1213,0.0,0.3738,0.7475,0.3738,0.0,0.3738,0.0,0.3738,3.7375,0.0,1.1213,0.0,2.6163,0.0,2.99,0.0,1.8688,1.1213,2.6163,0.0,24.294,2.99,6.7276,1.495,2.6163,0.0,2.6163,1.8688,4,0,0,1,0,0,1.495,0.0,0.0,0.3738,0.0,0.0,4,0,1,0,3,0,0,0,3,0,1,0,68.01960656329588,,0,17.0,1.495,0.0,0.3738,0.0,1.1213,0.0,0.0,0.0,1.1213,0.0,0.3738,0.0,25.4226,0.0,0,0,0,0,0,0,,,,0.0,0.0,0.0,0.0,0.0,0.0,0,0,0,0,0,0,0,,0.0,0.0,0.0,0.0,0.0,0.0,0.0,1,1,1,3,1,3,1,2,1,0,0,0,2,2,2,2,2,1,0.3738,0.3738,0.3738,1.1213,0.3738,1.1213,0.3738,0.7475,0.3738,0.0,0.0,0.0,0.7475,0.7475,0.7475,0.7475,0.7475,0.3738,240.8,6,<450,False,2.901,0.967,0.967,9.669,7.736,1.0843,0.3614,0.3614,3.6138,2.8914,,
8uu146mn477td4akf3km45qeh,I. Smeulers,SBV Excelsior,77,61,21,40,0,31,25,34,27,12,9,35,28,34,28,8,5,14,8,6,2,3,1,0,0,0,0,79.22,57.14,33.33,80.65,79.41,75.0,80.0,82.35,62.5,33.33,,,31.5861,25.0228,8.6144,16.4084,0.0,12.7165,10.2552,13.9471,11.0757,4.9225,3.6919,14.3573,11.4859,13.9471,11.4859,3.2817,2.051,5.7429,3.2817,2.4613,0.8204,1.2306,0.4102,0.0,0.0,0.0,0.0,6,4,6,101.36076516893333,3,1,0,9,5,0.0,2.4613,1.6408,2.4613,41.5792,1.2306,0.4102,0.0,3.6919,2.051,0.0,,,3,1,3,1,0,0,33.33,1.2306,0.4102,1.2306,0.4102,0.0,0.0,36,1,1,0,0.0,1,0,0,0,0,0,0,0,0,0,0,0,0,0,1,0,0.0,14.7675,0.4102,0.4102,0.0,0.0,0.4102,0.0,0.0,0.0,0.0,0.0,0.0,0.0,0.0,0.0,0.0,0.0,0.0,0.0,0.4102,0.0,0.0,3,0,5,5,4,1,0,7,3,4,0,7,2,1,1,0,1,1,8,6,2,0,2,0,101,0,0.0,100.0,50.0,10,6,60.0,2,13,7,0,1.2306,0.0,2.051,2.051,1.6408,0.4102,0.0,2.8715,1.2306,1.6408,0.0,2.8715,0.8204,0.4102,0.4102,0.0,0.4102,0.4102,3.2817,2.4613,0.8204,0.0,0.8204,0.0,41.4312,0.0,4.1021,2.4613,0.8204,5.3327,2.8715,0.0,2,0,0,1,0,0,0.8204,0.0,0.0,0.4102,0.0,0.0,0,0,0,0,0,0,0,0,0,0,0,0,0,,0,,0.0,0.0,0.0,0.0,0.0,0.0,0.0,0.0,0.0,0.0,0.0,0.0,0.0,0.0,1,0,1,0,0,17,,,0.0,0.4102,0.0,0.4102,0.0,0.0,6.9736,1,0,0,0,0,0,0,100.0,0.4102,0.0,0.0,0.0,0.0,0.0,0.0,2,4,1,0,0,0,3,2,3,4,0,0,0,0,1,0,4,1,0.8204,1.6408,0.4102,0.0,0.0,0.0,1.2306,0.8204,1.2306,1.6408,0.0,0.0,0.0,0.0,0.4102,0.0,1.6408,0.4102,219.4,6,<450,False,4.591,6.428,6.428,1.837,7.346,1.8833,2.6368,2.6368,0.7536,3.0134,,
b0vrtr2ie4fyllp34g9zq1qi2,M. Lazetić,Fortuna Sittard,32,21,7,14,0,0,0,16,12,16,9,21,14,8,6,3,1,4,1,6,2,1,0,0,0,0,0,65.62,25.0,33.33,,75.0,56.25,66.67,75.0,33.33,0.0,,,13.3272,8.746,2.9153,5.8306,0.0,0.0,0.0,6.6636,4.9977,6.6636,3.7483,8.746,5.8306,3.3318,2.4988,1.2494,0.4165,1.6659,0.4165,2.4988,0.8329,0.4165,0.0,0.0,0.0,0.0,0.0,2,2,3,34.2292578397454,1,0,1,3,2,1.0,0.8329,0.8329,1.2494,14.2556,0.4165,0.0,0.4165,1.2494,0.8329,0.4165,,,1,0,1,0,0,0,0.0,0.4165,0.0,0.4165,0.0,0.0,0.0,31,17,1,0,0.0,3,0,0,0,0,0,0,0,0,0,0,0,0,0,1,0,0.0,12.9107,7.0801,0.4165,0.0,0.0,1.2494,0.0,0.0,0.0,0.0,0.0,0.0,0.0,0.0,0.0,0.0,0.0,0.0,0.0,0.4165,0.0,0.0,5,0,2,1,1,0,1,0,0,0,0,2,10,2,3,0,7,2,5,0,4,1,5,0,52,10,0.0,50.0,20.0,17,3,17.65,5,1,4,2,2.0824,0.0,0.8329,0.4165,0.4165,0.0,0.4165,0.0,0.0,0.0,0.0,0.8329,4.1647,0.8329,1.2494,0.0,2.9153,0.8329,2.0824,0.0,1.6659,0.4165,2.0824,0.0,21.6566,4.1647,7.0801,1.2494,2.0824,0.4165,1.6659,0.8329,1,5,0,1,0,0,0.4165,2.0824,0.0,0.4165,0.0,0.0,3,0,0,0,1,0,2,0,3,0,0,0,40.44696316059521,,0,13.48,1.2494,0.0,0.0,0.0,0.4165,0.0,0.8329,0.0,1.2494,0.0,0.0,0.0,16.8451,0.0,0,0,0,0,0,0,,,,0.0,0.0,0.0,0.0,0.0,0.0,0,0,0,0,0,0,0,,0.0,0.0,0.0,0.0,0.0,0.0,0.0,2,0,1,0,0,3,2,0,0,0,0,0,2,1,0,1,1,1,0.8329,0.0,0.4165,0.0,0.0,1.2494,0.8329,0.0,0.0,0.0,0.0,0.0,0.8329,0.4165,0.0,0.4165,0.4165,0.4165,216.1,8,<450,False,1.758,0.0,1.758,8.792,4.396,0.7322,0.0,0.7322,3.6616,1.8308,,
3ojwbw6v83g9b0u2wssnkzzzd,A. Obispo,PSV Eindhoven,178,161,110,51,0,67,59,97,88,14,14,69,64,92,87,17,10,20,8,11,8,0,0,0,0,0,0,90.45,40.0,72.73,88.06,90.72,100.0,92.75,94.57,58.82,,,,76.0323,68.7708,46.9862,21.7845,0.0,28.6189,25.2017,41.4333,37.589,5.9801,5.9801,29.4732,27.3374,39.2976,37.1618,7.2615,4.2715,8.543,3.4172,4.6986,3.4172,0.0,0.0,0.0,0.0,0.0,0.0,7,8,25,400.2541410719248,0,0,0,7,8,0.0,2.99,3.4172,10.6787,170.9676,0.0,0.0,0.0,2.99,3.4172,0.0,,,0,0,0,0,0,0,,0.0,0.0,0.0,0.0,0.0,0.0,123,1,0,0,0,2,0,0,0,0,0,0,0,0,0,0,0,0,0,0,0,0,52.5392,0.4271,0.0,0.0,0.0,0.8543,0.0,0.0,0.0,0.0,0.0,0.0,0.0,0.0,0.0,0.0,0.0,0.0,0.0,0.0,0.0,0.0,0,0,3,2,3,0,0,1,0,1,0,5,8,5,4,3,4,2,17,9,8,0,0,0,195,1,,66.67,62.5,11,7,63.64,0,12,9,0,0.0,0.0,1.2814,0.8543,1.2814,0.0,0.0,0.4271,0.0,0.4271,0.0,2.1357,3.4172,2.1357,1.7086,1.2814,1.7086,0.8543,7.2615,3.8443,3.4172,0.0,0.0,0.0,83.2938,0.4271,4.6986,2.99,0.0,5.1258,3.8443,0.0,2,1,1,1,0,1,0.8543,0.4271,0.4271,0.4271,0.0,0.4271,3,0,2,0,0,0,1,0,1,0,2,0,72.73556579108535,,0,24.25,1.2814,0.0,0.8543,0.0,0.0,0.0,0.4271,0.0,0.4271,0.0,0.8543,0.0,31.0688,0.0,0,0,0,0,0,1,,,,0.0,0.0,0.0,0.0,0.0,0.4271,2,0,0,0,0,0,0,100.0,0.8543,0.0,0.0,0.0,0.0,0.0,0.0,1,6,0,0,0,3,0,3,1,0,0,0,1,2,0,0,2,1,0.4271,2.5629,0.0,0.0,0.0,1.2814,0.0,1.2814,0.4271,0.0,0.0,0.0,0.4271,0.8543,0.0,0.0,0.8543,0.4271,210.7,9,<450,False,4.205,1.402,7.009,11.214,23.829,1.7962,0.5989,2.9939,4.79,10.1785,,
p7vw4thx5wzo49h6hfabcq5m,M. Kudus,AFC Ajax,70,53,16,37,0,1,1,24,21,45,31,42,31,22,19,6,3,4,1,1,1,7,1,1,0,0,0,75.71,25.0,100.0,100.0,87.5,68.89,73.81,86.36,50.0,14.29,0.0,,30.2594,22.9107,6.9164,15.9942,0.0,0.4323,0.4323,10.3746,9.0778,19.4524,13.4006,18.1556,13.4006,9.5101,8.2133,2.5937,1.2968,1.7291,0.4323,0.4323,0.4323,3.0259,0.4323,0.4323,0.0,0.0,0.0,5,3,17,205.90161349397349,5,2,4,10,5,4.0,2.1614,1.2968,7.3487,89.0065,2.1614,0.8646,1.7291,4.3228,2.1614,1.7291,,,8,1,0,0,8,1,12.5,3.4582,0.4323,0.0,0.0,3.4582,0.4323,67,16,4,1,0.0,9,1,0,0,0,1,1,0.0,0,0,0,0,0,0,3,0,0.0,28.9625,6.9164,1.7291,0.4323,0.0,3.8905,0.4323,0.0,0.0,0.0,0.4323,0.4323,0.0,0.0,0.0,0.0,0.0,0.0,0.0,1.2968,0.0,0.0,18,12,2,2,1,0,1,1,1,0,0,3,3,1,2,1,1,0,9,3,4,2,6,0,109,23,66.67,100.0,33.33,23,15,65.22,6,5,4,3,7.781,5.1873,0.8646,0.8646,0.4323,0.0,0.4323,0.4323,0.4323,0.0,0.0,1.2968,1.2968,0.4323,0.8646,0.4323,0.4323,0.0,3.8905,1.2968,1.7291,0.8646,2.5937,0.0,47.1182,9.9424,9.9424,6.4841,2.5937,2.1614,1.7291,1.2968,2,3,0,0,0,0,0.8646,1.2968,0.0,0.0,0.0,0.0,9,1,6,1,3,0,0,0,7,1,2,0,138.955553863587,,2,15.44,3.8905,0.4323,2.5937,0.4323,1.2968,0.0,0.0,0.0,3.0259,0.4323,0.8646,0.0,60.0672,0.8646,0,0,0,0,0,0,,,,0.0,0.0,0.0,0.0,0.0,0.0,0,0,0,0,0,0,0,,0.0,0.0,0.0,0.0,0.0,0.0,0.0,2,3,0,4,1,8,1,1,1,0,1,0,5,4,1,3,0,2,0.8646,1.2968,0.0,1.7291,0.4323,3.4582,0.4323,0.4323,0.4323,0.0,0.4323,0.0,2.1614,1.7291,0.4323,1.2968,0.0,0.8646,208.2,2,<450,False,2.482,1.241,3.724,3.724,11.171,1.0729,0.5365,1.6098,1.6098,4.829,,
dse1rndtog4qn2mwv966vp6mt,B. van Hintum,PEC Zwolle,129,91,68,23,0,39,30,62,48,28,13,33,23,55,44,41,24,42,23,11,4,13,5,0,0,0,0,70.54,54.76,36.36,76.92,77.42,46.43,69.7,80.0,58.54,38.46,,,56.414,39.7959,29.7376,10.0583,0.0,17.0554,13.1195,27.1137,20.9913,12.2449,5.6851,14.4315,10.0583,24.0525,19.242,17.93,10.4956,18.3673,10.0583,4.8105,1.7493,5.6851,2.1866,0.0,0.0,0.0,0.0,39,25,15,238.03485384391573,1,0,0,40,25,0.0,17.0554,10.9329,6.5598,104.0969,0.4373,0.0,0.0,17.4927,10.9329,0.0,,,13,5,6,4,7,1,38.46,5.6851,2.1866,2.6239,1.7493,3.0612,0.4373,61,1,8,0,0.0,10,0,0,0,0,5,0,0.0,0,0,0,0,0,0,3,0,0.0,26.6764,0.4373,3.4985,0.0,0.0,4.3732,0.0,0.0,0.0,0.0,2.1866,0.0,0.0,0.0,0.0,0.0,0.0,0.0,0.0,1.312,0.0,0.0,2,1,6,3,3,2,1,6,3,3,0,8,6,3,5,2,1,1,12,7,5,0,0,0,145,0,50.0,50.0,50.0,14,7,50.0,0,13,10,1,0.8746,0.4373,2.6239,1.312,1.312,0.8746,0.4373,2.6239,1.312,1.312,0.0,3.4985,2.6239,1.312,2.1866,0.8746,0.4373,0.4373,5.2478,3.0612,2.1866,0.0,0.0,0.0,63.4111,0.0,6.1224,3.0612,0.0,5.6851,4.3732,0.4373,3,0,0,1,0,0,1.312,0.0,0.0,0.4373,0.0,0.0,0,0,0,0,0,0,0,0,0,0,0,0,0,,0,,0.0,0.0,0.0,0.0,0.0,0.0,0.0,0.0,0.0,0.0,0.0,0.0,0.0,0.0,9,5,5,0,0,16,,,55.56,3.9359,2.1866,2.1866,0.0,0.0,6.9971,0,0,0,0,0,0,0,,0.0,0.0,0.0,0.0,0.0,0.0,0.0,17,22,5,3,0,0,4,2,3,3,0,0,0,0,7,1,4,2,7.4344,9.621,2.1866,1.312,0.0,0.0,1.7493,0.8746,1.312,1.312,0.0,0.0,0.0,0.0,3.0612,0.4373,1.7493,0.8746,205.8,3,<450,False,5.889,5.889,7.853,5.889,11.779,2.5754,2.5754,3.4343,2.5754,5.1512,,
26wj6flfqi59vgz6vwjgur2ay,Nico Serrano,PEC Zwolle,68,45,22,23,0,12,11,24,18,32,16,30,21,26,18,12,6,11,6,1,1,12,1,2,1,0,0,66.18,54.55,100.0,91.67,75.0,50.0,70.0,69.23,50.0,8.33,50.0,,29.9853,19.8432,9.7011,10.1421,0.0,5.2915,4.8506,10.583,7.9373,14.1107,7.0554,13.2288,9.2602,11.465,7.9373,5.2915,2.6458,4.8506,2.6458,0.441,0.441,5.2915,0.441,0.8819,0.441,0.0,0.0,11,2,8,137.25245645521676,2,2,2,13,4,2.0,4.8506,0.8819,3.5277,60.5229,0.8819,0.8819,0.8819,5.7325,1.7638,0.8819,,,14,2,9,2,5,0,14.29,6.1734,0.8819,3.9686,0.8819,2.2048,0.0,42,13,4,1,0.0,4,1,0,0,0,1,0,0.0,0,0,0,0,0,0,3,1,0.0,18.5203,5.7325,1.7638,0.441,0.0,1.7638,0.441,0.0,0.0,0.0,0.441,0.0,0.0,0.0,0.0,0.0,0.0,0.0,0.0,1.3229,0.441,0.0,10,3,5,5,3,2,0,0,0,0,0,1,1,0,1,0,0,0,18,5,8,5,8,0,101,6,30.0,100.0,0.0,16,8,50.0,8,8,10,5,4.4096,1.3229,2.2048,2.2048,1.3229,0.8819,0.0,0.0,0.0,0.0,0.0,0.441,0.441,0.0,0.441,0.0,0.0,0.0,7.9373,2.2048,3.5277,2.2048,3.5277,0.0,44.537,2.6458,7.0554,3.5277,3.5277,3.5277,4.4096,2.2048,4,5,0,1,0,0,1.7638,2.2048,0.0,0.441,0.0,0.0,5,0,4,0,0,0,1,0,2,0,3,0,94.02045500852057,,1,18.8,2.2048,0.0,1.7638,0.0,0.0,0.0,0.441,0.0,0.8819,0.0,1.3229,0.0,41.4593,0.441,1,1,1,0,0,2,,,100.0,0.441,0.441,0.441,0.0,0.0,0.8819,0,0,0,0,0,0,0,,0.0,0.0,0.0,0.0,0.0,0.0,0.0,0,11,0,4,0,5,0,5,0,0,0,0,4,1,2,2,4,1,0.0,4.8506,0.0,1.7638,0.0,2.2048,0.0,2.2048,0.0,0.0,0.0,0.0,1.7638,0.441,0.8819,0.8819,1.7638,0.441,204.1,10,<450,False,4.908,0.0,0.982,0.982,17.668,2.1642,0.0,0.433,0.433,7.7909,,
a02jtmvlc1tlstvt96pa1hisq,D. Murkin,FC Volendam,132,81,43,37,1,29,16,53,35,50,30,47,35,54,35,31,11,33,11,8,4,15,2,0,0,0,0,61.36,33.33,50.0,55.17,66.04,60.0,74.47,64.81,35.48,13.33,,,58.551,35.929,19.0734,16.412,0.4436,12.8635,7.0971,23.5091,15.5249,22.1784,13.307,20.8477,15.5249,23.9527,15.5249,13.7506,4.8793,14.6378,4.8793,3.5485,1.7743,6.6535,0.8871,0.0,0.0,0.0,0.0,16,5,18,241.90224821343972,3,1,1,19,6,1.0,7.0971,2.2178,7.9842,107.3002,1.3307,0.4436,0.4436,8.4278,2.6614,0.4436,,,15,2,15,2,0,0,13.33,6.6535,0.8871,6.6535,0.8871,0.0,0.0,62,7,2,0,0.0,3,0,0,0,0,0,0,0,0,0,0,0,0,0,2,0,0.0,27.5012,3.105,0.8871,0.0,0.0,1.3307,0.0,0.0,0.0,0.0,0.0,0.0,0.0,0.0,0.0,0.0,0.0,0.0,0.0,0.8871,0.0,0.0,10,7,5,2,3,2,0,4,2,2,0,7,8,7,5,5,3,2,22,15,7,0,0,0,157,3,70.0,40.0,87.5,23,16,69.57,0,20,11,0,4.4357,3.105,2.2178,0.8871,1.3307,0.8871,0.0,1.7743,0.8871,0.8871,0.0,3.105,3.5485,3.105,2.2178,2.2178,1.3307,0.8871,9.7585,6.6535,3.105,0.0,0.0,0.0,69.6402,1.3307,10.2021,7.0971,0.0,8.8714,4.8793,0.0,2,1,0,1,0,0,0.8871,0.4436,0.0,0.4436,0.0,0.0,2,0,2,0,0,0,0,0,1,0,1,0,33.726555668569475,,0,16.86,0.8871,0.0,0.8871,0.0,0.0,0.0,0.0,0.0,0.4436,0.0,0.4436,0.0,14.96,0.0,0,0,1,0,0,24,,,,0.0,0.0,0.4436,0.0,0.0,10.6456,0,0,0,0,0,0,0,,0.0,0.0,0.0,0.0,0.0,0.0,0.0,7,9,1,1,1,1,5,0,2,2,0,0,0,2,0,2,4,1,3.105,3.9921,0.4436,0.4436,0.4436,0.4436,2.2178,0.0,0.8871,0.8871,0.0,0.0,0.0,0.8871,0.0,0.8871,1.7743,0.4436,202.9,2,<450,False,4.259,3.408,5.963,6.815,18.742,1.8892,1.5117,2.645,3.0229,8.3134,,
4jshezco0cyjgre23nm98fetx,M. Hauptmeijer,PEC Zwolle,99,68,67,1,0,97,66,2,2,0,0,18,18,34,32,47,18,44,14,0,0,0,0,0,0,0,0,68.69,31.82,,68.04,100.0,,100.0,94.12,38.3,,,,44.0,30.2222,29.7778,0.4444,0.0,43.1111,29.3333,0.8889,0.8889,0.0,0.0,8.0,8.0,15.1111,14.2222,20.8889,8.0,19.5556,6.2222,0.0,0.0,0.0,0.0,0.0,0.0,0.0,0.0,11,0,5,66.56804664100002,0,0,0,11,0,0.0,4.8889,0.0,2.2222,29.5858,0.0,0.0,0.0,4.8889,0.0,0.0,,,0,0,0,0,0,0,,0.0,0.0,0.0,0.0,0.0,0.0,42,0,0,0,0,2,0,0,0,0,0,0,0,0,0,0,0,0,0,0,0,0,18.6667,0.0,0.0,0.0,0.0,0.8889,0.0,0.0,0.0,0.0,0.0,0.0,0.0,0.0,0.0,0.0,0.0,0.0,0.0,0.0,0.0,0.0,2,1,0,0,0,0,0,0,0,0,0,2,0,0,0,0,0,0,5,5,0,0,0,0,103,0,50.0,,,2,1,50.0,0,5,0,0,0.8889,0.4444,0.0,0.0,0.0,0.0,0.0,0.0,0.0,0.0,0.0,0.8889,0.0,0.0,0.0,0.0,0.0,0.0,2.2222,2.2222,0.0,0.0,0.0,0.0,45.7778,0.0,0.8889,0.4444,0.0,2.2222,0.0,0.0,0,1,0,0,0,0,0.0,0.4444,0.0,0.0,0.0,0.0,0,0,0,0,0,0,0,0,0,0,0,0,0,,0,,0.0,0.0,0.0,0.0,0.0,0.0,0.0,0.0,0.0,0.0,0.0,0.0,0.0,0.0,0,0,3,0,0,0,,,,0.0,0.0,1.3333,0.0,0.0,0.0,8,5,0,15,1,1,1,100.0,3.5556,2.2222,0.0,6.6667,0.4444,0.4444,0.4444,6,5,0,0,0,0,0,0,0,0,0,0,0,0,0,0,0,0,2.6667,2.2222,0.0,0.0,0.0,0.0,0.0,0.0,0.0,0.0,0.0,0.0,0.0,0.0,0.0,0.0,0.0,0.0,202.5,2,<450,False,0.0,0.0,1.963,0.0,4.908,0.0,0.0,0.8724,0.0,2.1813,,
673zq55hik8gvoj5ednuemg2x,M. Corryn,Almere City FC,59,37,18,19,0,5,2,32,23,22,12,37,27,18,10,4,0,5,0,11,6,0,0,4,0,0,0,62.71,0.0,54.55,40.0,71.88,54.55,72.97,55.56,0.0,,0.0,,26.4706,16.6002,8.0758,8.5244,0.0,2.2433,0.8973,14.3569,10.319,9.8704,5.3838,16.6002,12.1137,8.0758,4.4865,1.7946,0.0,2.2433,0.0,4.9352,2.6919,0.0,0.0,1.7946,0.0,0.0,0.0,2,5,9,103.53559999639988,1,0,2,3,5,2.0,0.8973,2.2433,4.0379,46.4517,0.4487,0.0,0.8973,1.346,2.2433,0.8973,,,4,0,0,0,4,0,0.0,1.7946,0.0,0.0,0.0,1.7946,0.0,35,4,3,0,0.0,4,0,0,0,0,0,0,0,0,0,0,0,0,0,3,0,0.0,15.7029,1.7946,1.346,0.0,0.0,1.7946,0.0,0.0,0.0,0.0,0.0,0.0,0.0,0.0,0.0,0.0,0.0,0.0,0.0,1.346,0.0,0.0,6,2,4,3,3,0,1,3,0,1,2,3,6,3,2,0,4,3,13,3,9,1,2,0,86,7,33.33,75.0,50.0,16,8,50.0,2,6,10,4,2.6919,0.8973,1.7946,1.346,1.346,0.0,0.4487,1.346,0.0,0.4487,0.8973,1.346,2.6919,1.346,0.8973,0.0,1.7946,1.346,5.8325,1.346,4.0379,0.4487,0.8973,0.0,38.5842,3.1406,7.1785,3.5892,0.8973,2.6919,4.4865,1.7946,3,2,0,0,0,0,1.346,0.8973,0.0,0.0,0.0,0.0,2,0,0,0,2,0,0,0,1,0,1,0,41.57990944306759,,0,20.79,0.8973,0.0,0.0,0.0,0.8973,0.0,0.0,0.0,0.4487,0.0,0.4487,0.0,18.655,0.0,2,0,1,0,0,0,,,0.0,0.8973,0.0,0.4487,0.0,0.0,0.0,2,0,0,0,0,0,0,100.0,0.8973,0.0,0.0,0.0,0.0,0.0,0.0,0,2,0,3,0,2,0,4,1,2,0,0,0,2,2,1,1,3,0.0,0.8973,0.0,1.346,0.0,0.8973,0.0,1.7946,0.4487,0.8973,0.0,0.0,0.0,0.8973,0.8973,0.4487,0.4487,1.346,200.6,7,<450,False,3.569,2.677,2.677,5.353,11.598,1.6012,1.201,1.201,2.4016,5.2035,,
ekur9x1kzp8wq0lwfwev0b0bu,K. de Rooij,PEC Zwolle,74,47,24,23,0,5,2,34,22,35,23,53,34,18,11,3,2,3,1,18,8,3,1,0,0,0,0,63.51,33.33,44.44,40.0,64.71,65.71,64.15,61.11,66.67,33.33,,,33.217,21.0973,10.7731,10.3242,0.0,2.2444,0.8978,15.2618,9.8753,15.7107,10.3242,23.7905,15.2618,8.0798,4.9377,1.3466,0.8978,1.3466,0.4489,8.0798,3.591,1.3466,0.4489,0.0,0.0,0.0,0.0,4,2,13,136.9944821757992,4,0,1,8,2,1.0,1.7955,0.8978,5.8354,61.4938,1.7955,0.0,0.4489,3.591,0.8978,0.4489,,,3,1,3,1,0,0,33.33,1.3466,0.4489,1.3466,0.4489,0.0,0.0,62,21,2,0,0.0,7,0,0,0,0,0,0,0,0,0,0,0,0,0,2,0,0.0,27.8304,9.4264,0.8978,0.0,0.0,3.1421,0.0,0.0,0.0,0.0,0.0,0.0,0.0,0.0,0.0,0.0,0.0,0.0,0.0,0.8978,0.0,0.0,5,1,6,3,3,3,0,0,0,0,0,2,15,8,6,2,9,6,7,2,4,1,3,0,97,8,20.0,50.0,53.33,26,12,46.15,3,5,7,1,2.2444,0.4489,2.6933,1.3466,1.3466,1.3466,0.0,0.0,0.0,0.0,0.0,0.8978,6.7332,3.591,2.6933,0.8978,4.0399,2.6933,3.1421,0.8978,1.7955,0.4489,1.3466,0.0,43.5411,3.591,11.6708,5.3865,1.3466,2.2444,3.1421,0.4489,4,2,0,1,0,0,1.7955,0.8978,0.0,0.4489,0.0,0.0,2,0,1,0,1,0,0,0,2,0,0,0,23.206540988285116,,0,11.6,0.8978,0.0,0.4489,0.0,0.4489,0.0,0.0,0.0,0.8978,0.0,0.0,0.0,10.4169,0.0,0,0,0,0,0,4,,,,0.0,0.0,0.0,0.0,0.0,1.7955,1,0,0,0,0,0,0,100.0,0.4489,0.0,0.0,0.0,0.0,0.0,0.0,1,3,0,2,0,2,0,6,0,0,0,0,1,1,2,0,4,2,0.4489,1.3466,0.0,0.8978,0.0,0.8978,0.0,2.6933,0.0,0.0,0.0,0.0,0.4489,0.4489,0.8978,0.0,1.7955,0.8978,200.5,5,<450,False,5.889,0.0,1.963,14.724,6.871,2.6434,0.0,0.8811,6.6093,3.0842,,
5g0q7azk54eryl8vcgyb2oj4l,P. Tytoń,FC Twente,50,30,29,1,0,50,30,0,0,0,0,4,3,15,15,31,12,31,11,0,0,0,0,0,0,0,0,60.0,35.48,,60.0,,,75.0,100.0,38.71,,,,22.4888,13.4933,13.0435,0.4498,0.0,22.4888,13.4933,0.0,0.0,0.0,0.0,1.7991,1.3493,6.7466,6.7466,13.943,5.3973,13.943,4.9475,0.0,0.0,0.0,0.0,0.0,0.0,0.0,0.0,5,0,1,3.3336540012424813,0,0,0,5,0,0.0,2.2489,0.0,0.4498,1.4994,0.0,0.0,0.0,2.2489,0.0,0.0,,,0,0,0,0,0,0,,0.0,0.0,0.0,0.0,0.0,0.0,21,0,0,0,0,1,0,0,0,0,0,0,0,0,0,0,0,0,0,0,0,0,9.4453,0.0,0.0,0.0,0.0,0.4498,0.0,0.0,0.0,0.0,0.0,0.0,0.0,0.0,0.0,0.0,0.0,0.0,0.0,0.0,0.0,0.0,0,0,0,0,0,0,0,0,0,0,0,0,0,0,0,0,0,0,0,0,0,0,0,0,50,0,,,,0,0,,0,0,0,0,0.0,0.0,0.0,0.0,0.0,0.0,0.0,0.0,0.0,0.0,0.0,0.0,0.0,0.0,0.0,0.0,0.0,0.0,0.0,0.0,0.0,0.0,0.0,0.0,22.4888,0.0,0.0,0.0,0.0,0.0,0.0,0.0,0,0,0,0,0,0,0.0,0.0,0.0,0.0,0.0,0.0,0,0,0,0,0,0,0,0,0,0,0,0,0,,0,,0.0,0.0,0.0,0.0,0.0,0.0,0.0,0.0,0.0,0.0,0.0,0.0,0.0,0.0,0,0,2,0,0,0,,,,0.0,0.0,0.8996,0.0,0.0,0.0,5,1,0,14,0,0,1,100.0,2.2489,0.4498,0.0,6.2969,0.0,0.0,0.4498,2,3,0,0,0,0,0,0,0,0,0,0,0,0,0,0,0,0,0.8996,1.3493,0.0,0.0,0.0,0.0,0.0,0.0,0.0,0.0,0.0,0.0,0.0,0.0,0.0,0.0,0.0,0.0,200.1,2,<450,False,0.0,0.0,0.0,0.0,0.0,0.0,0.0,0.0,0.0,0.0,,
dqey55v1t24jngquk81aii8lw,A. Satriano,Heracles Almelo,30,22,6,16,0,1,1,22,15,7,6,13,8,14,11,3,3,2,2,8,6,0,0,0,0,0,0,73.33,100.0,75.0,100.0,68.18,85.71,61.54,78.57,100.0,,,,13.602,9.9748,2.7204,7.2544,0.0,0.4534,0.4534,9.9748,6.801,3.1738,2.7204,5.8942,3.6272,6.3476,4.9874,1.3602,1.3602,0.9068,0.9068,3.6272,2.7204,0.0,0.0,0.0,0.0,0.0,0.0,0,1,1,13.911726851832597,0,0,0,0,1,0.0,0.0,0.4534,0.4534,6.3076,0.0,0.0,0.0,0.0,0.4534,0.0,,,0,0,0,0,0,0,,0.0,0.0,0.0,0.0,0.0,0.0,24,14,0,0,0,1,0,0,0,0,0,0,0,0,0,0,0,0,0,0,0,0,10.8816,6.3476,0.0,0.0,0.0,0.4534,0.0,0.0,0.0,0.0,0.0,0.0,0.0,0.0,0.0,0.0,0.0,0.0,0.0,0.0,0.0,0.0,1,1,2,1,0,2,0,0,0,0,0,0,10,4,3,2,7,2,7,1,6,0,1,0,42,6,100.0,50.0,40.0,13,6,46.15,1,1,8,0,0.4534,0.4534,0.9068,0.4534,0.0,0.9068,0.0,0.0,0.0,0.0,0.0,0.0,4.534,1.8136,1.3602,0.9068,3.1738,0.9068,3.1738,0.4534,2.7204,0.0,0.4534,0.0,19.0428,2.7204,5.8942,2.7204,0.4534,0.4534,3.6272,0.0,0,3,0,0,0,0,0.0,1.3602,0.0,0.0,0.0,0.0,4,0,2,0,2,0,0,0,4,0,0,0,42.09605755606973,,0,10.52,1.8136,0.0,0.9068,0.0,0.9068,0.0,0.0,0.0,1.8136,0.0,0.0,0.0,19.0864,0.0,0,0,0,0,0,0,,,,0.0,0.0,0.0,0.0,0.0,0.0,0,0,0,0,0,0,0,,0.0,0.0,0.0,0.0,0.0,0.0,0.0,0,0,0,0,1,3,1,1,0,0,0,0,1,3,0,0,1,1,0.0,0.0,0.0,0.0,0.4534,1.3602,0.4534,0.4534,0.0,0.0,0.0,0.0,0.4534,1.3602,0.0,0.0,0.4534,0.4534,198.5,6,<450,False,1.859,0.0,0.0,9.295,6.507,0.8429,0.0,0.0,4.2144,2.9503,,
1abb1gcw7arw1nkbuxnccjca1,I. Sangaré,PSV Eindhoven,169,151,85,64,2,19,17,129,115,21,19,94,92,56,48,19,11,15,8,6,5,0,0,0,0,0,0,89.35,53.33,83.33,89.47,89.15,90.48,97.87,85.71,57.89,,,,76.6633,68.498,38.5585,29.0323,0.9073,8.619,7.7117,58.5181,52.1673,9.5262,8.619,42.6411,41.7339,25.4032,21.7742,8.619,4.9899,6.8044,3.629,2.7218,2.2681,0.0,0.0,0.0,0.0,0.0,0.0,21,15,29,347.4946517934188,3,4,0,24,19,0.0,9.5262,6.8044,13.1552,157.6337,1.3609,1.8145,0.0,10.8871,8.619,0.0,,,0,0,0,0,0,0,,0.0,0.0,0.0,0.0,0.0,0.0,143,3,5,1,0.0,8,1,0,0,0,0,0,0,0,0,0,0,0,0,5,1,0.0,64.869,1.3609,2.2681,0.4536,0.0,3.629,0.4536,0.0,0.0,0.0,0.0,0.0,0.0,0.0,0.0,0.0,0.0,0.0,0.0,2.2681,0.4536,0.0,3,2,2,0,1,1,0,2,0,2,0,2,4,1,4,1,0,0,21,6,15,0,2,0,183,1,66.67,0.0,25.0,9,3,33.33,2,7,18,0,1.3609,0.9073,0.9073,0.0,0.4536,0.4536,0.0,0.9073,0.0,0.9073,0.0,0.9073,1.8145,0.4536,1.8145,0.4536,0.0,0.0,9.5262,2.7218,6.8044,0.0,0.9073,0.0,83.0141,0.4536,4.0827,1.3609,0.9073,3.1754,8.1653,0.0,1,3,0,0,0,0,0.4536,1.3609,0.0,0.0,0.0,0.0,2,0,0,0,1,0,1,0,1,0,1,0,34.95139305883848,,1,17.48,0.9073,0.0,0.0,0.0,0.4536,0.0,0.4536,0.0,0.4536,0.0,0.4536,0.0,15.855,0.4536,0,0,3,0,0,1,,,,0.0,0.0,1.3609,0.0,0.0,0.4536,0,0,0,0,0,0,0,,0.0,0.0,0.0,0.0,0.0,0.0,0.0,12,9,3,2,0,2,0,2,0,2,0,0,1,1,4,1,1,1,5.4435,4.0827,1.3609,0.9073,0.0,0.9073,0.0,0.9073,0.0,0.9073,0.0,0.0,0.4536,0.4536,1.8145,0.4536,0.4536,0.4536,198.4,2,<450,False,2.803,2.803,2.803,5.607,29.436,1.2715,1.2715,1.2715,2.5435,13.353,,
1p0xp2onnys7jlru55vfgf1pm,T. Douvikas,FC Utrecht,45,28,10,18,0,1,1,33,20,11,7,34,20,10,7,1,1,1,1,13,7,0,0,2,0,0,0,62.22,100.0,53.85,100.0,60.61,63.64,58.82,70.0,100.0,,0.0,,20.5688,12.7984,4.5708,8.2275,0.0,0.4571,0.4571,15.0838,9.1417,5.0279,3.1996,15.5409,9.1417,4.5708,3.1996,0.4571,0.4571,0.4571,0.4571,5.9421,3.1996,0.0,0.0,0.9142,0.0,0.0,0.0,0,4,5,48.15772826624689,1,0,1,1,4,1.0,0.0,1.8283,2.2854,22.0122,0.4571,0.0,0.4571,0.4571,1.8283,0.4571,,,2,0,1,0,1,0,0.0,0.9142,0.0,0.4571,0.0,0.4571,0.0,43,26,2,0,0.0,3,0,0,0,0,0,0,0,0,0,0,0,0,0,2,0,0.0,19.6546,11.8842,0.9142,0.0,0.0,1.3713,0.0,0.0,0.0,0.0,0.0,0.0,0.0,0.0,0.0,0.0,0.0,0.0,0.0,0.9142,0.0,0.0,6,2,1,1,0,1,0,0,0,0,0,0,19,9,3,1,16,8,4,0,2,2,2,0,69,7,33.33,100.0,47.37,26,12,46.15,2,0,3,2,2.7425,0.9142,0.4571,0.4571,0.0,0.4571,0.0,0.0,0.0,0.0,0.0,0.0,8.6846,4.1138,1.3713,0.4571,7.3134,3.6567,1.8283,0.0,0.9142,0.9142,0.9142,0.0,31.5389,3.1996,11.8842,5.485,0.9142,0.0,1.3713,0.9142,5,4,0,0,0,0,2.2854,1.8283,0.0,0.0,0.0,0.0,5,0,1,0,4,0,0,0,5,0,0,0,73.67611968878296,,0,14.74,2.2854,0.0,0.4571,0.0,1.8283,0.0,0.0,0.0,2.2854,0.0,0.0,0.0,33.6762,0.0,0,0,0,0,0,0,,,,0.0,0.0,0.0,0.0,0.0,0.0,0,0,0,0,0,0,0,,0.0,0.0,0.0,0.0,0.0,0.0,0.0,0,0,0,2,2,3,0,1,0,0,0,0,2,3,1,1,0,1,0.0,0.0,0.0,0.9142,0.9142,1.3713,0.0,0.4571,0.0,0.0,0.0,0.0,0.9142,1.3713,0.4571,0.4571,0.0,0.4571,196.9,2,<450,False,0.967,0.0,0.0,18.372,3.868,0.442,0.0,0.0,8.3976,1.768,,
49zitlyt01houmqy6hk04x36y,L. Wehmeyer,Heracles Almelo,49,35,12,23,0,7,5,20,14,22,16,32,24,15,11,2,0,3,1,4,2,0,0,6,1,0,0,71.43,33.33,50.0,71.43,70.0,72.73,75.0,73.33,0.0,,16.67,,22.8379,16.3128,5.593,10.7198,0.0,3.2626,2.3304,9.3216,6.5251,10.2538,7.4573,14.9146,11.1859,6.9912,5.1269,0.9322,0.0,1.3982,0.4661,1.8643,0.9322,0.0,0.0,2.7965,0.4661,0.0,0.0,4,2,4,56.01999314848388,2,1,1,6,3,1.0,1.8643,0.9322,1.8643,26.1098,0.9322,0.4661,0.4661,2.7965,1.3982,0.4661,,,6,1,0,0,6,1,16.67,2.7965,0.4661,0.0,0.0,2.7965,0.4661,41,15,2,0,0.0,6,0,0,0,0,1,0,0.0,0,0,0,0,0,0,1,0,0.0,19.1093,6.9912,0.9322,0.0,0.0,2.7965,0.0,0.0,0.0,0.0,0.4661,0.0,0.0,0.0,0.0,0.0,0.0,0.0,0.0,0.4661,0.0,0.0,3,2,0,0,0,0,0,0,0,0,0,1,3,2,1,1,2,1,8,6,2,0,4,0,69,4,66.67,,66.67,6,4,66.67,4,6,2,0,1.3982,0.9322,0.0,0.0,0.0,0.0,0.0,0.0,0.0,0.0,0.0,0.4661,1.3982,0.9322,0.4661,0.4661,0.9322,0.4661,3.7286,2.7965,0.9322,0.0,1.8643,0.0,32.1595,1.8643,2.7965,1.8643,1.8643,2.7965,0.9322,0.0,1,2,0,0,0,0,0.4661,0.9322,0.0,0.0,0.0,0.0,3,0,0,0,1,0,2,0,3,0,0,0,30.65264021069122,,0,10.22,1.3982,0.0,0.0,0.0,0.4661,0.0,0.9322,0.0,1.3982,0.0,0.0,0.0,14.2866,0.0,0,0,1,0,0,7,,,,0.0,0.0,0.4661,0.0,0.0,3.2626,1,0,0,0,0,0,0,100.0,0.4661,0.0,0.0,0.0,0.0,0.0,0.0,1,3,0,2,2,1,0,0,0,0,0,0,1,2,0,2,0,0,0.4661,1.3982,0.0,0.9322,0.9322,0.4661,0.0,0.0,0.0,0.0,0.0,0.0,0.4661,0.9322,0.0,0.9322,0.0,0.0,193.1,7,<450,False,0.0,0.0,0.93,2.789,7.436,0.0,0.0,0.4335,1.2999,3.4658,,
3ohbqdzgocvaipgik7plvzpwp,J. Okkels,FC Utrecht,61,43,21,22,0,8,4,20,14,33,25,36,28,22,14,3,1,3,0,8,2,4,0,3,1,0,0,70.49,0.0,25.0,50.0,70.0,75.76,77.78,63.64,33.33,0.0,33.33,,29.1556,20.5523,10.0372,10.5151,0.0,3.8237,1.9118,9.5592,6.6914,15.7727,11.949,17.2066,13.3829,10.5151,6.6914,1.4339,0.478,1.4339,0.0,3.8237,0.9559,1.9118,0.0,1.4339,0.478,0.0,0.0,3,2,4,48.3441116437585,0,1,0,3,3,0.0,1.4339,0.9559,1.9118,23.1066,0.0,0.478,0.0,1.4339,1.4339,0.0,,,7,1,7,1,0,0,14.29,3.3457,0.478,3.3457,0.478,0.0,0.0,41,10,5,1,0.0,7,2,0,0,0,1,0,0.0,0,0,0,0,0,0,4,1,0.0,19.5964,4.7796,2.3898,0.478,0.0,3.3457,0.9559,0.0,0.0,0.0,0.478,0.0,0.0,0.0,0.0,0.0,0.0,0.0,0.0,1.9118,0.478,0.0,4,2,1,0,1,0,0,0,0,0,0,1,6,3,2,1,4,2,7,2,4,1,2,0,72,5,50.0,0.0,50.0,11,5,45.45,2,3,4,1,1.9118,0.9559,0.478,0.0,0.478,0.0,0.0,0.0,0.0,0.0,0.0,0.478,2.8678,1.4339,0.9559,0.478,1.9118,0.9559,3.3457,0.9559,1.9118,0.478,0.9559,0.0,34.4132,2.3898,5.2576,2.3898,0.9559,1.4339,1.9118,0.478,1,2,0,0,0,0,0.478,0.9559,0.0,0.0,0.0,0.0,3,0,0,0,3,0,0,0,2,0,1,0,59.24382177619833,,1,19.75,1.4339,0.0,0.0,0.0,1.4339,0.0,0.0,0.0,0.9559,0.0,0.478,0.0,28.3162,0.478,0,0,0,0,0,1,,,,0.0,0.0,0.0,0.0,0.0,0.478,0,0,0,0,0,0,0,,0.0,0.0,0.0,0.0,0.0,0.0,0.0,1,2,0,5,0,3,0,1,0,0,0,0,1,2,0,5,1,0,0.478,0.9559,0.0,2.3898,0.0,1.4339,0.0,0.478,0.0,0.0,0.0,0.0,0.478,0.9559,0.0,2.3898,0.478,0.0,188.3,5,<450,False,0.967,0.0,0.967,5.802,6.769,0.4622,0.0,0.4622,2.7731,3.2353,,
ayqy2vql1oumokqly9ahfrnx1,P. Hatzidiakos,Alkmaar Zaanstreek,149,130,94,36,0,65,57,75,68,9,5,61,56,67,62,21,12,20,10,4,2,0,0,4,1,0,0,87.25,50.0,50.0,87.69,90.67,55.56,91.8,92.54,57.14,,25.0,,71.254,62.1679,44.9522,17.2157,0.0,31.084,27.2582,35.8661,32.5186,4.3039,2.3911,29.1711,26.78,32.0404,29.6493,10.0425,5.7386,9.5643,4.7821,1.9129,0.9564,0.0,0.0,1.9129,0.4782,0.0,0.0,15,8,24,379.57259536581074,1,0,0,16,8,0.0,7.1732,3.8257,11.4772,181.5172,0.4782,0.0,0.0,7.6514,3.8257,0.0,,,4,1,1,0,3,1,25.0,1.9129,0.4782,0.4782,0.0,1.4346,0.4782,109,2,2,0,0.0,2,0,0,0,0,1,0,0.0,0,0,0,0,0,0,1,0,0.0,52.1254,0.9564,0.9564,0.0,0.0,0.9564,0.0,0.0,0.0,0.0,0.4782,0.0,0.0,0.0,0.0,0.0,0.0,0.0,0.0,0.4782,0.0,0.0,0,0,2,1,2,0,0,1,1,0,0,6,4,2,3,1,1,1,9,7,2,0,2,0,158,4,,50.0,50.0,6,3,50.0,2,10,2,0,0.0,0.0,0.9564,0.4782,0.9564,0.0,0.0,0.4782,0.4782,0.0,0.0,2.8693,1.9129,0.9564,1.4346,0.4782,0.4782,0.4782,4.3039,3.3475,0.9564,0.0,0.9564,0.0,75.5579,1.9129,2.8693,1.4346,0.9564,4.7821,0.9564,0.0,2,0,0,1,0,0,0.9564,0.0,0.0,0.4782,0.0,0.0,2,0,0,0,0,0,2,0,2,0,0,0,21.75279900292695,,0,10.88,0.9564,0.0,0.0,0.0,0.0,0.0,0.9564,0.0,0.9564,0.0,0.0,0.0,10.4025,0.0,0,0,5,0,0,0,,,,0.0,0.0,2.3911,0.0,0.0,0.0,0,0,0,0,0,0,0,,0.0,0.0,0.0,0.0,0.0,0.0,0.0,11,4,1,1,1,1,2,0,0,1,0,0,1,1,2,0,0,2,5.2604,1.9129,0.4782,0.4782,0.4782,0.4782,0.9564,0.0,0.0,0.4782,0.0,0.0,0.4782,0.4782,0.9564,0.0,0.0,0.9564,188.2,2,<450,False,2.195,1.097,6.584,4.389,9.876,1.0497,0.5246,3.1486,2.0989,4.7228,,
3jkzywsfc2vjq3h1kqdhhl2hh,P. Gladon,Fortuna Sittard,36,18,6,12,0,0,0,24,12,12,6,23,13,10,5,3,0,2,0,16,4,0,0,0,0,0,0,50.0,0.0,25.0,,50.0,50.0,56.52,50.0,0.0,,,,17.6375,8.8187,2.9396,5.8792,0.0,0.0,0.0,11.7583,5.8792,5.8792,2.9396,11.2684,6.3691,4.8993,2.4496,1.4698,0.0,0.9799,0.0,7.8389,1.9597,0.0,0.0,0.0,0.0,0.0,0.0,3,2,2,11.120669870263956,0,0,0,3,2,0.0,1.4698,0.9799,0.9799,5.4483,0.0,0.0,0.0,1.4698,0.9799,0.0,,,0,0,0,0,0,0,,0.0,0.0,0.0,0.0,0.0,0.0,38,25,6,0,0.0,7,0,0,0,0,0,0,0,1,0,0.0,0,0,0,5,0,0.0,18.6173,12.2482,2.9396,0.0,0.0,3.4295,0.0,0.0,0.0,0.0,0.0,0.0,0.0,0.4899,0.0,0.0,0.0,0.0,0.0,2.4496,0.0,0.0,0,0,1,1,0,1,0,0,0,0,0,3,19,13,5,3,14,10,5,0,5,0,1,0,56,12,,100.0,68.42,20,14,70.0,1,0,6,0,0.0,0.0,0.4899,0.4899,0.0,0.4899,0.0,0.0,0.0,0.0,0.0,1.4698,9.3087,6.3691,2.4496,1.4698,6.859,4.8993,2.4496,0.0,2.4496,0.0,0.4899,0.0,27.436,5.8792,9.7986,6.859,0.4899,0.0,2.9396,0.0,3,3,0,0,0,0,1.4698,1.4698,0.0,0.0,0.0,0.0,9,0,3,0,4,0,2,0,9,0,0,0,121.54487602779479,,0,13.5,4.4094,0.0,1.4698,0.0,1.9597,0.0,0.9799,0.0,4.4094,0.0,0.0,0.0,59.5484,0.0,0,0,0,0,0,0,,,,0.0,0.0,0.0,0.0,0.0,0.0,0,0,0,0,0,0,0,,0.0,0.0,0.0,0.0,0.0,0.0,0.0,1,2,5,1,6,3,0,1,0,0,0,0,5,4,5,1,0,1,0.4899,0.9799,2.4496,0.4899,2.9396,1.4698,0.0,0.4899,0.0,0.0,0.0,0.0,2.4496,1.9597,2.4496,0.4899,0.0,0.4899,183.7,2,<450,False,0.879,0.0,2.637,16.704,4.396,0.4306,0.0,1.2919,8.1838,2.1537,,
ebnm8xj9pggemio5qay9pcc0l,A. Limbombe,Almere City FC,63,47,15,32,0,10,9,22,19,31,19,35,29,17,14,11,4,12,4,1,1,2,1,9,1,0,0,74.6,33.33,100.0,90.0,86.36,61.29,82.86,82.35,36.36,50.0,11.11,,30.9667,23.1021,7.373,15.7291,0.0,4.9153,4.4238,10.8138,9.3392,15.2376,9.3392,17.2037,14.2545,8.3561,6.8815,5.4069,1.9661,5.8984,1.9661,0.4915,0.4915,0.9831,0.4915,4.4238,0.4915,0.0,0.0,5,3,15,200.98465670807082,2,2,3,7,5,3.0,2.4577,1.4746,7.373,98.7909,0.9831,0.9831,1.4746,3.4407,2.4577,1.4746,,,11,2,7,1,4,1,18.18,5.4069,0.9831,3.4407,0.4915,1.9661,0.4915,51,6,2,0,0.0,3,0,0,0,0,1,0,0.0,0,0,0,0,0,0,1,0,0.0,25.0683,2.9492,0.9831,0.0,0.0,1.4746,0.0,0.0,0.0,0.0,0.4915,0.0,0.0,0.0,0.0,0.0,0.0,0.0,0.0,0.4915,0.0,0.0,7,4,1,0,0,1,0,1,0,0,1,0,3,0,1,0,2,0,4,2,1,1,3,0,86,7,57.14,0.0,0.0,11,4,36.36,3,2,2,2,3.4407,1.9661,0.4915,0.0,0.0,0.4915,0.0,0.4915,0.0,0.0,0.4915,0.0,1.4746,0.0,0.4915,0.0,0.9831,0.0,1.9661,0.9831,0.4915,0.4915,1.4746,0.0,42.272,3.4407,5.4069,1.9661,1.4746,0.9831,0.9831,0.9831,0,4,0,0,0,0,0.0,1.9661,0.0,0.0,0.0,0.0,4,0,1,0,3,0,0,0,2,0,2,0,78.23320608167718,,0,19.56,1.9661,0.0,0.4915,0.0,1.4746,0.0,0.0,0.0,0.9831,0.0,0.9831,0.0,38.4543,0.0,7,2,3,0,0,2,,,28.57,3.4407,0.9831,1.4746,0.0,0.0,0.9831,0,0,0,0,0,0,0,,0.0,0.0,0.0,0.0,0.0,0.0,0.0,4,1,2,0,3,1,0,1,1,0,0,0,2,2,1,1,0,1,1.9661,0.4915,0.9831,0.0,1.4746,0.4915,0.0,0.4915,0.4915,0.0,0.0,0.0,0.9831,0.9831,0.4915,0.4915,0.0,0.4915,183.1,3,<450,False,0.892,0.892,0.0,2.677,3.569,0.4384,0.4384,0.0,1.3158,1.7543,,
ca5n8516u8m6c41u61bbjjbop,S. van Wermeskerken,Nijmegen Eendracht Combinatie,59,48,26,22,0,22,20,28,23,9,5,33,28,19,17,7,3,9,5,7,4,1,1,1,0,0,0,81.36,55.56,57.14,90.91,82.14,55.56,84.85,89.47,42.86,100.0,0.0,,29.3857,23.907,12.9496,10.9574,0.0,10.9574,9.9613,13.9458,11.4555,4.4826,2.4903,16.4361,13.9458,9.4632,8.4671,3.4864,1.4942,4.4826,2.4903,3.4864,1.9923,0.4981,0.4981,0.4981,0.0,0.0,0.0,5,3,5,68.91201353479639,1,0,1,6,3,1.0,2.4903,1.4942,2.4903,34.3225,0.4981,0.0,0.4981,2.9884,1.4942,0.4981,,,2,1,0,0,2,1,50.0,0.9961,0.4981,0.0,0.0,0.9961,0.4981,32,3,0,0,0,1,1,0,0,0,0,0,0,0,0,0,0,0,0,0,0,0,15.938,1.4942,0.0,0.0,0.0,0.4981,0.4981,0.0,0.0,0.0,0.0,0.0,0.0,0.0,0.0,0.0,0.0,0.0,0.0,0.0,0.0,0.0,3,0,4,3,2,1,1,4,3,1,0,7,7,4,3,1,4,3,10,5,4,1,1,0,74,1,0.0,75.0,57.14,14,7,50.0,1,10,6,2,1.4942,0.0,1.9923,1.4942,0.9961,0.4981,0.4981,1.9923,1.4942,0.4981,0.0,3.4864,3.4864,1.9923,1.4942,0.4981,1.9923,1.4942,4.9806,2.4903,1.9923,0.4981,0.4981,0.0,36.8567,0.4981,6.9729,3.4864,0.4981,4.9806,2.9884,0.9961,1,0,0,1,0,0,0.4981,0.0,0.0,0.4981,0.0,0.0,0,0,0,0,0,0,0,0,0,0,0,0,0,,0,,0.0,0.0,0.0,0.0,0.0,0.0,0.0,0.0,0.0,0.0,0.0,0.0,0.0,0.0,0,0,3,0,0,9,,,,0.0,0.0,1.4942,0.0,0.0,4.4826,2,0,0,0,0,0,0,100.0,0.9961,0.0,0.0,0.0,0.0,0.0,0.0,1,4,0,0,0,0,2,2,1,3,0,0,0,0,0,0,0,4,0.4981,1.9923,0.0,0.0,0.0,0.0,0.9961,0.9961,0.4981,1.4942,0.0,0.0,0.0,0.0,0.0,0.0,0.0,1.9923,180.7,3,<450,False,3.87,3.87,6.773,6.773,9.675,1.9275,1.9275,3.3734,3.3734,4.8188,,
8sv52e43pxnirvg2jcbsutrzd,L. Czyborra,PEC Zwolle,85,56,25,31,0,16,12,42,30,27,14,36,21,34,28,15,7,20,10,12,6,8,0,0,0,0,0,65.88,50.0,50.0,75.0,71.43,51.85,58.33,82.35,46.67,0.0,,,42.3588,27.907,12.4585,15.4485,0.0,7.9734,5.9801,20.9302,14.9502,13.4551,6.9767,17.9402,10.4651,16.9435,13.9535,7.4751,3.4884,9.9668,4.9834,5.9801,2.99,3.9867,0.0,0.0,0.0,0.0,0.0,10,5,6,88.00750549902335,2,1,2,12,6,2.0,4.9834,2.4917,2.99,43.8576,0.9967,0.4983,0.9967,5.9801,2.99,0.9967,,,8,0,8,0,0,0,0.0,3.9867,0.0,3.9867,0.0,0.0,0.0,47,2,1,0,0.0,4,0,0,0,0,0,0,0,0,0,0,0,0,0,1,0,0.0,23.4219,0.9967,0.4983,0.0,0.0,1.9934,0.0,0.0,0.0,0.0,0.0,0.0,0.0,0.0,0.0,0.0,0.0,0.0,0.0,0.4983,0.0,0.0,0,0,1,0,1,0,0,1,0,0,1,3,7,4,5,3,2,1,11,5,6,0,0,0,93,4,,0.0,57.14,8,4,50.0,0,6,6,1,0.0,0.0,0.4983,0.0,0.4983,0.0,0.0,0.4983,0.0,0.0,0.4983,1.495,3.4884,1.9934,2.4917,1.495,0.9967,0.4983,5.4817,2.4917,2.99,0.0,0.0,0.0,46.3455,1.9934,3.9867,1.9934,0.0,2.99,2.99,0.4983,7,0,0,1,0,0,3.4884,0.0,0.0,0.4983,0.0,0.0,1,0,1,0,0,0,0,0,0,0,1,0,26.572076038578544,,0,26.57,0.4983,0.0,0.4983,0.0,0.0,0.0,0.0,0.0,0.0,0.0,0.4983,0.0,13.2419,0.0,0,0,2,0,0,10,,,,0.0,0.0,0.9967,0.0,0.0,4.9834,0,0,0,0,0,0,0,,0.0,0.0,0.0,0.0,0.0,0.0,0.0,6,4,1,0,1,0,0,1,1,0,0,0,1,0,1,0,1,0,2.99,1.9934,0.4983,0.0,0.4983,0.0,0.0,0.4983,0.4983,0.0,0.0,0.0,0.4983,0.0,0.4983,0.0,0.4983,0.0,180.6,5,<450,False,0.982,0.982,2.945,6.871,10.797,0.4894,0.4894,1.4676,3.4241,5.3806,,
7zkku0gboniozaks9yx0ous8a,A. Bella-Kotchap,PSV Eindhoven,152,135,105,30,0,23,21,121,109,8,5,53,47,84,82,15,6,13,4,8,4,0,0,1,0,0,0,88.82,30.77,50.0,91.3,90.08,62.5,88.68,97.62,40.0,,0.0,,79.7668,70.8455,55.102,15.7434,0.0,12.07,11.0204,63.4985,57.2012,4.1983,2.6239,27.8134,24.6647,44.0816,43.0321,7.8717,3.1487,6.8222,2.0991,4.1983,2.0991,0.0,0.0,0.5248,0.0,0.0,0.0,9,24,28,447.662915958229,0,1,0,9,25,0.0,4.723,12.5948,14.6939,234.9251,0.0,0.5248,0.0,4.723,13.1195,0.0,,,1,0,0,0,1,0,0.0,0.5248,0.0,0.0,0.0,0.5248,0.0,122,1,0,0,0,4,1,0,0,0,0,0,0,0,0,0,0,0,0,0,0,0,64.0233,0.5248,0.0,0.0,0.0,2.0991,0.5248,0.0,0.0,0.0,0.0,0.0,0.0,0.0,0.0,0.0,0.0,0.0,0.0,0.0,0.0,0.0,0,0,1,0,0,0,1,2,0,2,0,5,7,5,4,3,3,2,9,1,7,1,0,0,163,2,,0.0,71.43,8,5,62.5,0,1,9,2,0.0,0.0,0.5248,0.0,0.0,0.0,0.5248,1.0496,0.0,1.0496,0.0,2.6239,3.6735,2.6239,2.0991,1.5743,1.5743,1.0496,4.723,0.5248,3.6735,0.5248,0.0,0.0,85.5394,1.0496,4.1983,2.6239,0.0,0.5248,4.723,1.0496,0,1,0,0,0,0,0.0,0.5248,0.0,0.0,0.0,0.0,1,0,1,0,0,0,0,0,1,0,0,0,3.559786650910407,,0,3.56,0.5248,0.0,0.5248,0.0,0.0,0.0,0.0,0.0,0.5248,0.0,0.0,0.0,1.8681,0.0,0,0,0,0,0,0,,,,0.0,0.0,0.0,0.0,0.0,0.0,0,0,0,0,0,0,0,,0.0,0.0,0.0,0.0,0.0,0.0,0.0,3,6,0,0,0,1,0,1,2,0,0,0,1,0,0,0,0,1,1.5743,3.1487,0.0,0.0,0.0,0.5248,0.0,0.5248,1.0496,0.0,0.0,0.0,0.5248,0.0,0.0,0.0,0.0,0.5248,171.5,4,<450,False,1.402,2.803,7.009,9.812,12.616,0.7357,1.471,3.6782,5.1492,6.6206,,
1sb4655mgzrdohlltyk9fqlzp,D. van Mieghem,FC Volendam,50,29,13,16,0,4,0,26,19,20,10,18,11,20,14,12,4,10,2,2,1,6,2,1,0,0,0,58.0,20.0,50.0,0.0,73.08,50.0,61.11,70.0,33.33,33.33,0.0,,26.7539,15.5172,6.956,8.5612,0.0,2.1403,0.0,13.912,10.1665,10.7015,5.3508,9.6314,5.8859,10.7015,7.4911,6.4209,2.1403,5.3508,1.0702,1.0702,0.5351,3.2105,1.0702,0.5351,0.0,0.0,0.0,6,7,4,103.24139334603709,1,1,0,7,8,0.0,3.2105,3.7455,2.1403,55.2421,0.5351,0.5351,0.0,3.7455,4.2806,0.0,,,7,2,0,0,7,2,28.57,3.7455,1.0702,0.0,0.0,3.7455,1.0702,33,10,3,0,0.0,5,0,0,0,0,1,0,0.0,0,0,0,0,0,0,2,0,0.0,17.6576,5.3508,1.6052,0.0,0.0,2.6754,0.0,0.0,0.0,0.0,0.5351,0.0,0.0,0.0,0.0,0.0,0.0,0.0,0.0,1.0702,0.0,0.0,0,0,2,0,0,2,0,0,0,0,0,0,1,0,0,0,1,0,7,1,5,1,2,0,54,3,,0.0,0.0,3,0,0.0,2,1,7,1,0.0,0.0,1.0702,0.0,0.0,1.0702,0.0,0.0,0.0,0.0,0.0,0.0,0.5351,0.0,0.0,0.0,0.5351,0.0,3.7455,0.5351,2.6754,0.5351,1.0702,0.0,28.8942,1.6052,1.6052,0.0,1.0702,0.5351,3.7455,0.5351,1,0,0,0,0,0,0.5351,0.0,0.0,0.0,0.0,0.0,2,1,2,1,0,0,0,0,2,1,0,0,29.151957336668875,,1,14.58,1.0702,0.5351,1.0702,0.5351,0.0,0.0,0.0,0.0,1.0702,0.5351,0.0,0.0,15.5986,0.5351,5,1,1,0,0,1,,,20.0,2.6754,0.5351,0.5351,0.0,0.0,0.5351,0,0,0,0,0,0,0,,0.0,0.0,0.0,0.0,0.0,0.0,0.0,5,1,2,1,0,2,2,0,0,0,0,1,0,2,1,2,1,1,2.6754,0.5351,1.0702,0.5351,0.0,1.0702,1.0702,0.0,0.0,0.0,0.0,0.5351,0.0,1.0702,0.5351,1.0702,0.5351,0.5351,168.2,2,<450,False,1.704,0.0,0.0,0.852,5.963,0.9118,0.0,0.0,0.4559,3.1907,,
bn8dwm2y9a8i9a10rba3dmm3u,D. James,Go Ahead Eagles,41,24,6,18,0,10,4,19,14,12,6,20,14,12,7,9,3,9,2,3,0,5,0,0,0,0,0,58.54,22.22,0.0,40.0,73.68,50.0,70.0,58.33,33.33,0.0,,,22.9193,13.4161,3.354,10.0621,0.0,5.5901,2.236,10.6211,7.8261,6.7081,3.354,11.1801,7.8261,6.7081,3.913,5.0311,1.677,5.0311,1.118,1.677,0.0,2.795,0.0,0.0,0.0,0.0,0.0,2,0,1,4.829141642155456,0,0,0,2,0,0.0,1.118,0.0,0.559,2.6995,0.0,0.0,0.0,1.118,0.0,0.0,,,5,0,5,0,0,0,0.0,2.795,0.0,2.795,0.0,0.0,0.0,21,2,1,0,0.0,4,0,1,0,0.0,0,0,0,0,0,0,0,0,0,0,0,0,11.7391,1.118,0.559,0.0,0.0,2.236,0.0,0.559,0.0,0.0,0.0,0.0,0.0,0.0,0.0,0.0,0.0,0.0,0.0,0.0,0.0,0.0,0,0,3,2,3,0,0,2,1,1,0,5,4,1,3,1,1,0,4,2,2,0,0,0,52,6,,66.67,25.0,7,3,42.86,0,6,3,0,0.0,0.0,1.677,1.118,1.677,0.0,0.0,1.118,0.559,0.559,0.0,2.795,2.236,0.559,1.677,0.559,0.559,0.0,2.236,1.118,1.118,0.0,0.0,0.0,29.0683,3.354,3.913,1.677,0.0,3.354,1.677,0.0,2,3,0,0,0,0,1.118,1.677,0.0,0.0,0.0,0.0,3,0,3,0,0,0,0,0,3,0,0,0,44.09469508802394,,0,14.7,1.677,0.0,1.677,0.0,0.0,0.0,0.0,0.0,1.677,0.0,0.0,0.0,24.6492,0.0,0,0,2,0,0,7,,,,0.0,0.0,1.118,0.0,0.0,3.913,0,0,0,0,0,0,0,,0.0,0.0,0.0,0.0,0.0,0.0,0.0,1,1,0,0,1,1,1,2,1,1,0,0,0,3,0,1,2,1,0.559,0.559,0.0,0.0,0.559,0.559,0.559,1.118,0.559,0.559,0.0,0.0,0.0,1.677,0.0,0.559,1.118,0.559,161.0,7,<450,False,2.748,1.832,4.58,3.664,3.664,1.5361,1.0241,2.5602,2.0482,2.0482,,
23snplvy5445j7qepgluw9ppm,I. Takidine,RKC Waalwijk,26,16,8,8,0,2,2,5,4,19,10,13,10,10,5,3,1,2,1,3,2,1,0,5,0,0,0,61.54,50.0,66.67,100.0,80.0,52.63,76.92,50.0,33.33,0.0,0.0,,14.717,9.0566,4.5283,4.5283,0.0,1.1321,1.1321,2.8302,2.2642,10.7547,5.6604,7.3585,5.6604,5.6604,2.8302,1.6981,0.566,1.1321,0.566,1.6981,1.1321,0.566,0.0,2.8302,0.0,0.0,0.0,1,1,5,96.44574967574775,2,1,2,3,2,2.0,0.566,0.566,2.8302,54.5919,1.1321,0.566,1.1321,1.6981,1.1321,1.1321,,,6,0,0,0,6,0,0.0,3.3962,0.0,0.0,0.0,3.3962,0.0,30,13,0,0,0,1,0,0,0,0,0,0,0,0,0,0,0,0,0,0,0,0,16.9811,7.3585,0.0,0.0,0.0,0.566,0.0,0.0,0.0,0.0,0.0,0.0,0.0,0.0,0.0,0.0,0.0,0.0,0.0,0.0,0.0,0.0,4,1,1,1,0,1,0,1,1,0,0,0,5,2,1,0,4,2,3,1,1,1,4,0,46,7,25.0,100.0,40.0,10,4,40.0,4,2,2,1,2.2642,0.566,0.566,0.566,0.0,0.566,0.0,0.566,0.566,0.0,0.0,0.0,2.8302,1.1321,0.566,0.0,2.2642,1.1321,1.6981,0.566,0.566,0.566,2.2642,0.0,26.0377,3.9623,5.6604,2.2642,2.2642,1.1321,1.1321,0.566,1,2,0,0,0,0,0.566,1.1321,0.0,0.0,0.0,0.0,4,0,2,0,2,0,0,0,4,0,0,0,53.72999425938009,,0,13.43,2.2642,0.0,1.1321,0.0,1.1321,0.0,0.0,0.0,2.2642,0.0,0.0,0.0,30.4132,0.0,1,1,0,0,0,0,,,100.0,0.566,0.566,0.0,0.0,0.0,0.0,0,0,0,0,0,0,0,,0.0,0.0,0.0,0.0,0.0,0.0,0.0,0,1,0,0,0,4,0,1,0,1,0,0,1,3,0,0,0,1,0.0,0.566,0.0,0.0,0.0,2.2642,0.0,0.566,0.0,0.566,0.0,0.0,0.566,1.6981,0.0,0.0,0.0,0.566,159.0,8,<450,False,0.914,0.914,0.0,4.57,2.742,0.5174,0.5174,0.0,2.5868,1.5521,,
5v56mooqawkgwrfuhkkp9x7qi,L. Loizou,SC Heerenveen,39,25,12,13,0,3,0,12,10,24,15,28,20,10,5,1,0,2,0,3,2,1,0,1,0,0,0,64.1,0.0,66.67,0.0,83.33,62.5,71.43,50.0,0.0,0.0,0.0,,23.3688,14.98,7.1904,7.7896,0.0,1.7976,0.0,7.1904,5.992,14.3808,8.988,16.7776,11.984,5.992,2.996,0.5992,0.0,1.1984,0.0,1.7976,1.1984,0.5992,0.0,0.5992,0.0,0.0,0.0,3,2,7,92.71352152533225,3,1,0,6,3,0.0,1.7976,1.1984,4.1944,55.554,1.7976,0.5992,0.0,3.5952,1.7976,0.0,,,2,0,0,0,2,0,0.0,1.1984,0.0,0.0,0.0,1.1984,0.0,36,12,0,0,0,1,0,0,0,0,0,0,0,0,0,0,0,0,0,0,0,0,21.5712,7.1904,0.0,0.0,0.0,0.5992,0.0,0.0,0.0,0.0,0.0,0.0,0.0,0.0,0.0,0.0,0.0,0.0,0.0,0.0,0.0,0.0,7,6,0,0,0,0,0,0,0,0,0,1,3,1,1,0,2,1,3,0,2,1,3,0,58,6,85.71,,33.33,10,7,70.0,3,0,2,1,4.1944,3.5952,0.0,0.0,0.0,0.0,0.0,0.0,0.0,0.0,0.0,0.5992,1.7976,0.5992,0.5992,0.0,1.1984,0.5992,1.7976,0.0,1.1984,0.5992,1.7976,0.0,34.7537,3.5952,5.992,4.1944,1.7976,0.0,1.1984,0.5992,2,4,0,0,0,0,1.1984,2.3968,0.0,0.0,0.0,0.0,3,0,1,0,2,0,0,0,2,0,1,0,41.410989898518295,,0,13.8,1.7976,0.0,0.5992,0.0,1.1984,0.0,0.0,0.0,1.1984,0.0,0.5992,0.0,24.8135,0.0,0,0,0,0,0,1,,,,0.0,0.0,0.0,0.0,0.0,0.5992,0,0,0,0,0,0,0,,0.0,0.0,0.0,0.0,0.0,0.0,0.0,1,2,0,0,0,3,0,0,0,0,0,0,2,1,0,0,0,0,0.5992,1.1984,0.0,0.0,0.0,1.7976,0.0,0.0,0.0,0.0,0.0,0.0,1.1984,0.5992,0.0,0.0,0.0,0.0,150.2,5,<450,False,0.0,0.0,0.993,2.978,2.978,0.0,0.0,0.595,1.7844,1.7844,,
dotvgi9g50m2axfw4isamd1ck,M. Jonathans,SBV Vitesse,41,31,15,16,0,2,2,23,17,16,12,24,19,13,9,4,3,4,3,4,0,1,0,0,0,0,0,75.61,75.0,0.0,100.0,73.91,75.0,79.17,69.23,75.0,0.0,,,25.2221,19.0704,9.2276,9.8428,0.0,1.2303,1.2303,14.149,10.458,9.8428,7.3821,14.7642,11.6883,7.9973,5.5366,2.4607,1.8455,2.4607,1.8455,2.4607,0.0,0.6152,0.0,0.0,0.0,0.0,0.0,8,6,9,119.41152137122717,2,0,1,10,6,1.0,4.9214,3.691,5.5366,73.4589,1.2303,0.0,0.6152,6.1517,3.691,0.6152,,,1,0,0,0,1,0,0.0,0.6152,0.0,0.0,0.0,0.6152,0.0,40,9,1,0,0.0,5,2,0,0,0,0,0,0,0,0,0,0,0,0,1,0,0.0,24.607,5.5366,0.6152,0.0,0.0,3.0759,1.2303,0.0,0.0,0.0,0.0,0.0,0.0,0.0,0.0,0.0,0.0,0.0,0.0,0.6152,0.0,0.0,8,3,1,1,1,0,0,1,0,1,0,0,4,2,1,0,3,2,6,4,2,0,1,0,60,6,37.5,100.0,50.0,13,6,46.15,1,5,3,0,4.9214,1.8455,0.6152,0.6152,0.6152,0.0,0.0,0.6152,0.0,0.6152,0.0,0.0,2.4607,1.2303,0.6152,0.0,1.8455,1.2303,3.691,2.4607,1.2303,0.0,0.6152,0.0,36.9105,3.691,7.9973,3.691,0.6152,3.0759,1.8455,0.0,1,5,0,0,0,0,0.6152,3.0759,0.0,0.0,0.0,0.0,3,0,3,0,0,0,0,0,3,0,0,0,45.48981894831748,,0,15.16,1.8455,0.0,1.8455,0.0,0.0,0.0,0.0,0.0,1.8455,0.0,0.0,0.0,27.9842,0.0,0,0,0,0,0,1,,,,0.0,0.0,0.0,0.0,0.0,0.6152,0,0,0,0,0,0,0,,0.0,0.0,0.0,0.0,0.0,0.0,0.0,0,8,0,1,0,3,0,1,0,1,0,0,0,3,1,0,1,0,0.0,4.9214,0.0,0.6152,0.0,1.8455,0.0,0.6152,0.0,0.6152,0.0,0.0,0.0,1.8455,0.6152,0.0,0.6152,0.0,146.3,6,<450,False,1.008,1.008,0.0,4.033,6.05,0.6201,0.6201,0.0,2.481,3.7218,,
dmtsvsqvdoqqtmrset0uz0and,Pascu,Almere City FC,32,14,4,10,0,3,0,12,8,17,6,15,8,11,4,6,2,5,2,1,0,0,0,6,2,0,0,43.75,40.0,0.0,0.0,66.67,35.29,53.33,36.36,33.33,,33.33,,19.8758,8.6957,2.4845,6.2112,0.0,1.8634,0.0,7.4534,4.9689,10.559,3.7267,9.3168,4.9689,6.8323,2.4845,3.7267,1.2422,3.1056,1.2422,0.6211,0.0,0.0,0.0,3.7267,1.2422,0.0,0.0,1,0,1,3.1763129568731014,0,0,0,1,0,0.0,0.6211,0.0,0.6211,1.9729,0.0,0.0,0.0,0.6211,0.0,0.0,,,6,2,1,0,5,2,33.33,3.7267,1.2422,0.6211,0.0,3.1056,1.2422,25,12,1,0,0.0,2,0,0,0,0,0,0,0,0,0,0,0,0,0,1,0,0.0,15.528,7.4534,0.6211,0.0,0.0,1.2422,0.0,0.0,0.0,0.0,0.0,0.0,0.0,0.0,0.0,0.0,0.0,0.0,0.0,0.6211,0.0,0.0,3,1,2,1,2,0,0,1,1,0,0,2,6,1,0,0,6,1,8,4,2,2,1,0,48,3,33.33,50.0,16.67,11,3,27.27,1,7,2,2,1.8634,0.6211,1.2422,0.6211,1.2422,0.0,0.0,0.6211,0.6211,0.0,0.0,1.2422,3.7267,0.6211,0.0,0.0,3.7267,0.6211,4.9689,2.4845,1.2422,1.2422,0.6211,0.0,29.8137,1.8634,6.8323,1.8634,0.6211,4.3478,1.2422,1.2422,1,2,0,0,0,0,0.6211,1.2422,0.0,0.0,0.0,0.0,1,0,0,0,0,0,1,0,1,0,0,0,10.3957008421751,,0,10.4,0.6211,0.0,0.0,0.0,0.0,0.0,0.6211,0.0,0.6211,0.0,0.0,0.0,6.457,0.0,1,0,3,0,0,0,,,0.0,0.6211,0.0,1.8634,0.0,0.0,0.0,0,0,0,0,0,0,0,,0.0,0.0,0.0,0.0,0.0,0.0,0.0,0,1,0,1,1,0,1,1,1,0,0,0,1,0,0,1,2,0,0.0,0.6211,0.0,0.6211,0.6211,0.0,0.6211,0.6211,0.6211,0.0,0.0,0.0,0.6211,0.0,0.0,0.6211,1.2422,0.0,144.9,3,<450,False,1.784,0.892,1.784,5.353,7.138,1.1081,0.554,1.1081,3.3248,4.4335,,
b77p0um20y057708bx6on4d4a,D. Huiberts,PEC Zwolle,16,10,8,2,0,1,1,12,9,3,0,14,10,1,0,1,0,1,0,4,3,0,0,1,0,0,0,62.5,0.0,75.0,100.0,75.0,0.0,71.43,0.0,0.0,,0.0,,10.7143,6.6964,5.3571,1.3393,0.0,0.6696,0.6696,8.0357,6.0268,2.0089,0.0,9.375,6.6964,0.6696,0.0,0.6696,0.0,0.6696,0.0,2.6786,2.0089,0.0,0.0,0.6696,0.0,0.0,0.0,1,4,3,37.18674594343355,0,0,0,1,4,0.0,0.6696,2.6786,2.0089,24.9018,0.0,0.0,0.0,0.6696,2.6786,0.0,,,1,0,0,0,1,0,0.0,0.6696,0.0,0.0,0.0,0.6696,0.0,11,3,0,0,0,0,0,0,0,0,0,0,0,0,0,0,0,0,0,0,0,0,7.3661,2.0089,0.0,0.0,0.0,0.0,0.0,0.0,0.0,0.0,0.0,0.0,0.0,0.0,0.0,0.0,0.0,0.0,0.0,0.0,0.0,0.0,5,1,2,2,0,1,1,4,4,0,0,4,0,0,0,0,0,0,2,1,1,0,4,0,35,3,20.0,100.0,,7,3,42.86,4,5,2,1,3.3482,0.6696,1.3393,1.3393,0.0,0.6696,0.6696,2.6786,2.6786,0.0,0.0,2.6786,0.0,0.0,0.0,0.0,0.0,0.0,1.3393,0.6696,0.6696,0.0,2.6786,0.0,23.4375,2.0089,4.6875,2.0089,2.6786,3.3482,1.3393,0.6696,2,1,0,0,0,0,1.3393,0.6696,0.0,0.0,0.0,0.0,2,0,0,0,2,0,0,0,2,0,0,0,21.709977227655276,,0,10.85,1.3393,0.0,0.0,0.0,1.3393,0.0,0.0,0.0,1.3393,0.0,0.0,0.0,14.5379,0.0,0,0,0,0,0,0,,,,0.0,0.0,0.0,0.0,0.0,0.0,0,0,0,0,0,0,0,,0.0,0.0,0.0,0.0,0.0,0.0,0.0,0,1,0,0,0,2,1,1,1,3,0,0,2,0,0,0,2,0,0.0,0.6696,0.0,0.0,0.0,1.3393,0.6696,0.6696,0.6696,2.0089,0.0,0.0,1.3393,0.0,0.0,0.0,1.3393,0.0,134.4,5,<450,False,1.963,3.926,3.926,0.0,1.963,1.3145,2.629,2.629,0.0,1.3145,,
1kuswan9lk455u02x1ff389re,C. Mamengi,Almere City FC,28,22,17,5,0,8,6,8,8,12,8,13,10,12,11,3,1,3,1,8,7,0,0,0,0,0,0,78.57,33.33,87.5,75.0,100.0,66.67,76.92,91.67,33.33,,,,19.062,14.9773,11.5734,3.4039,0.0,5.4463,4.0847,5.4463,5.4463,8.1694,5.4463,8.8502,6.8079,8.1694,7.4887,2.0424,0.6808,2.0424,0.6808,5.4463,4.7655,0.0,0.0,0.0,0.0,0.0,0.0,4,2,1,5.370103909609199,0,0,0,4,2,0.0,2.7231,1.3616,0.6808,3.6559,0.0,0.0,0.0,2.7231,1.3616,0.0,,,0,0,0,0,0,0,,0.0,0.0,0.0,0.0,0.0,0.0,17,4,0,0,0,4,0,0,0,0,0,0,0,0,0,0,0,0,0,0,0,0,11.5734,2.7231,0.0,0.0,0.0,2.7231,0.0,0.0,0.0,0.0,0.0,0.0,0.0,0.0,0.0,0.0,0.0,0.0,0.0,0.0,0.0,0.0,1,0,4,2,4,0,0,4,2,2,0,6,7,2,0,0,7,2,3,0,1,2,0,0,40,0,0.0,50.0,28.57,12,4,33.33,0,6,3,2,0.6808,0.0,2.7231,1.3616,2.7231,0.0,0.0,2.7231,1.3616,1.3616,0.0,4.0847,4.7655,1.3616,0.0,0.0,4.7655,1.3616,2.0424,0.0,0.6808,1.3616,0.0,0.0,27.2315,0.0,8.1694,2.7231,0.0,4.0847,2.0424,1.3616,0,1,1,0,0,0,0.0,0.6808,0.6808,0.0,0.0,0.0,1,0,1,0,0,0,0,0,0,0,1,0,30.053483142557706,,0,30.05,0.6808,0.0,0.6808,0.0,0.0,0.0,0.0,0.0,0.0,0.0,0.6808,0.0,20.46,0.0,0,0,1,0,0,0,,,,0.0,0.0,0.6808,0.0,0.0,0.0,2,0,0,0,0,0,0,100.0,1.3616,0.0,0.0,0.0,0.0,0.0,0.0,0,4,0,0,0,1,0,4,0,4,0,0,0,1,0,0,1,3,0.0,2.7231,0.0,0.0,0.0,0.6808,0.0,2.7231,0.0,2.7231,0.0,0.0,0.0,0.6808,0.0,0.0,0.6808,2.0424,132.2,9,<450,False,3.569,3.569,5.353,6.245,2.677,2.4297,2.4297,3.6443,4.2515,1.8225,,
7y0acvcg9km8dz51t5ndy23md,M. van Duinen,SBV Excelsior,14,7,2,5,0,2,0,5,3,7,4,5,1,7,4,2,2,2,2,4,0,0,0,2,1,0,0,50.0,100.0,0.0,0.0,60.0,57.14,20.0,57.14,100.0,,50.0,,9.6183,4.8092,1.374,3.4351,0.0,1.374,0.0,3.4351,2.0611,4.8092,2.7481,3.4351,0.687,4.8092,2.7481,1.374,1.374,1.374,1.374,2.7481,0.0,0.0,0.0,1.374,0.687,0.0,0.0,2,1,1,15.327310559912323,1,0,0,3,1,0.0,1.374,0.687,0.687,10.5302,0.687,0.0,0.0,2.0611,0.687,0.0,,,2,1,0,0,2,1,50.0,1.374,0.687,0.0,0.0,1.374,0.687,12,5,0,0,0,0,0,0,0,0,0,0,0,0,0,0,0,0,0,0,0,0,8.2443,3.4351,0.0,0.0,0.0,0.0,0.0,0.0,0.0,0.0,0.0,0.0,0.0,0.0,0.0,0.0,0.0,0.0,0.0,0.0,0.0,0.0,4,1,2,0,0,1,1,1,1,0,0,0,15,6,1,0,14,6,5,3,2,0,1,0,28,3,25.0,0.0,40.0,21,7,33.33,1,4,3,1,2.7481,0.687,1.374,0.0,0.0,0.687,0.687,0.687,0.687,0.0,0.0,0.0,10.3053,4.1221,0.687,0.0,9.6183,4.1221,3.4351,2.0611,1.374,0.0,0.687,0.0,19.2366,2.0611,14.4275,4.8092,0.687,2.7481,2.0611,0.687,2,2,0,1,0,0,1.374,1.374,0.0,0.687,0.0,0.0,1,0,0,0,0,0,1,0,1,0,0,0,8.103466912377685,,0,8.1,0.687,0.0,0.0,0.0,0.0,0.0,0.687,0.0,0.687,0.0,0.0,0.0,5.5673,0.0,0,0,0,0,0,0,,,,0.0,0.0,0.0,0.0,0.0,0.0,0,0,0,0,0,0,0,,0.0,0.0,0.0,0.0,0.0,0.0,0.0,0,2,0,0,0,1,0,2,0,1,0,0,1,0,0,0,1,1,0.0,1.374,0.0,0.0,0.0,0.687,0.0,1.374,0.0,0.687,0.0,0.0,0.687,0.0,0.0,0.0,0.687,0.687,131.0,7,<450,False,1.837,0.918,0.0,13.774,4.591,1.2621,0.6307,0.0,9.4631,3.1541,,
a63ez4ov40p2xkdsi0otez2s,J. Rijkhoff,AFC Ajax,29,21,4,17,0,0,0,15,12,14,9,23,15,6,6,0,0,0,0,4,1,0,0,0,0,0,0,72.41,,25.0,,80.0,64.29,65.22,100.0,,,,,20.6651,14.9644,2.8504,12.114,0.0,0.0,0.0,10.6888,8.5511,9.9762,6.4133,16.3895,10.6888,4.2755,4.2755,0.0,0.0,0.0,0.0,2.8504,0.7126,0.0,0.0,0.0,0.0,0.0,0.0,2,2,5,73.81570518483818,2,1,0,4,3,0.0,1.4252,1.4252,3.5629,52.6003,1.4252,0.7126,0.0,2.8504,2.1378,0.0,,,0,0,0,0,0,0,,0.0,0.0,0.0,0.0,0.0,0.0,24,13,0,0,0,1,0,0,0,0,0,0,0,0,0,0,0,0,0,0,0,0,17.1021,9.2637,0.0,0.0,0.0,0.7126,0.0,0.0,0.0,0.0,0.0,0.0,0.0,0.0,0.0,0.0,0.0,0.0,0.0,0.0,0.0,0.0,1,1,2,1,0,0,2,1,0,0,1,0,6,2,1,1,5,1,3,0,2,1,1,0,39,6,100.0,50.0,33.33,9,4,44.44,1,0,2,4,0.7126,0.7126,1.4252,0.7126,0.0,0.0,1.4252,0.7126,0.0,0.0,0.7126,0.0,4.2755,1.4252,0.7126,0.7126,3.5629,0.7126,2.1378,0.0,1.4252,0.7126,0.7126,0.0,27.791,4.2755,6.4133,2.8504,0.7126,0.0,1.4252,2.8504,1,1,0,0,0,0,0.7126,0.7126,0.0,0.0,0.0,0.0,5,0,1,0,3,0,1,0,3,0,2,0,87.12254900683664,,0,17.42,3.5629,0.0,0.7126,0.0,2.1378,0.0,0.7126,0.0,2.1378,0.0,1.4252,0.0,62.0826,0.0,0,0,0,0,0,1,,,,0.0,0.0,0.0,0.0,0.0,0.7126,0,0,0,0,0,0,0,,0.0,0.0,0.0,0.0,0.0,0.0,0.0,0,2,0,0,0,5,0,2,0,1,0,0,2,3,0,0,2,0,0.0,1.4252,0.0,0.0,0.0,3.5629,0.0,1.4252,0.0,0.7126,0.0,0.0,1.4252,2.1378,0.0,0.0,1.4252,0.0,126.3,8,<450,False,2.482,1.241,0.0,7.447,3.724,1.7686,0.8843,0.0,5.3067,2.6537,,
10ijtddqmzbhx3qtlhbyn4rca,I. El Kadiri,FC Volendam,29,23,9,14,0,2,1,13,11,14,11,17,15,9,6,3,2,3,2,3,2,2,0,1,0,0,0,79.31,66.67,66.67,50.0,84.62,78.57,88.24,66.67,66.67,0.0,0.0,,21.341,16.9256,6.6231,10.3025,0.0,1.4718,0.7359,9.5666,8.0948,10.3025,8.0948,12.5102,11.0384,6.6231,4.4154,2.2077,1.4718,2.2077,1.4718,2.2077,1.4718,1.4718,0.0,0.7359,0.0,0.0,0.0,2,1,5,58.56346770753947,1,0,1,3,1,1.0,1.4718,0.7359,3.6795,43.0966,0.7359,0.0,0.7359,2.2077,0.7359,0.7359,,,3,0,3,0,0,0,0.0,2.2077,0.0,2.2077,0.0,0.0,0.0,21,3,3,0,0.0,4,0,0,0,0,0,0,0,0,0,0,0,0,0,3,0,0.0,15.4538,2.2077,2.2077,0.0,0.0,2.9436,0.0,0.0,0.0,0.0,0.0,0.0,0.0,0.0,0.0,0.0,0.0,0.0,0.0,2.2077,0.0,0.0,8,3,2,2,1,0,1,0,0,0,0,1,4,1,2,1,2,0,4,2,2,0,1,0,45,4,37.5,100.0,25.0,14,6,42.86,1,3,2,1,5.8872,2.2077,1.4718,1.4718,0.7359,0.0,0.7359,0.0,0.0,0.0,0.0,0.7359,2.9436,0.7359,1.4718,0.7359,1.4718,0.0,2.9436,1.4718,1.4718,0.0,0.7359,0.0,33.1153,2.9436,10.3025,4.4154,0.7359,2.2077,1.4718,0.7359,2,0,0,0,0,0,1.4718,0.0,0.0,0.0,0.0,0.0,3,0,0,0,3,0,0,0,2,0,1,0,60.59310620224181,,0,20.2,2.2077,0.0,0.0,0.0,2.2077,0.0,0.0,0.0,1.4718,0.0,0.7359,0.0,44.5902,0.0,0,0,0,0,0,2,,,,0.0,0.0,0.0,0.0,0.0,1.4718,0,0,0,0,0,0,0,,0.0,0.0,0.0,0.0,0.0,0.0,0.0,0,2,0,3,0,3,0,2,0,0,0,0,0,3,0,3,0,2,0.0,1.4718,0.0,2.2077,0.0,2.2077,0.0,1.4718,0.0,0.0,0.0,0.0,0.0,2.2077,0.0,2.2077,0.0,1.4718,122.3,4,<450,False,1.704,0.0,0.852,3.408,3.408,1.254,0.0,0.627,2.5079,2.5079,,
a5rk4aefn3gzqwspp4tpqq49g,J. Antonioli,FC Volendam,19,13,7,6,0,3,1,6,4,10,8,11,7,6,6,2,0,2,0,2,1,0,0,0,0,0,0,68.42,0.0,50.0,33.33,66.67,80.0,63.64,100.0,0.0,,,,14.1206,9.6614,5.2023,4.4591,0.0,2.2296,0.7432,4.4591,2.9727,7.4319,5.9455,8.1751,5.2023,4.4591,4.4591,1.4864,0.0,1.4864,0.0,1.4864,0.7432,0.0,0.0,0.0,0.0,0.0,0.0,2,0,0,0,0,0,0,2,0,0.0,1.4864,0.0,0.0,0.0,0.0,0.0,0.0,1.4864,0.0,0.0,,,0,0,0,0,0,0,,0.0,0.0,0.0,0.0,0.0,0.0,13,4,1,0,0.0,1,0,0,0,0,0,0,0,0,0,0,0,0,0,1,0,0.0,9.6614,2.9727,0.7432,0.0,0.0,0.7432,0.0,0.0,0.0,0.0,0.0,0.0,0.0,0.0,0.0,0.0,0.0,0.0,0.0,0.7432,0.0,0.0,0,0,1,1,1,0,0,0,0,0,0,0,4,0,0,0,4,0,4,1,2,1,0,0,22,0,,100.0,0.0,5,1,20.0,0,2,2,1,0.0,0.0,0.7432,0.7432,0.7432,0.0,0.0,0.0,0.0,0.0,0.0,0.0,2.9727,0.0,0.0,0.0,2.9727,0.0,2.9727,0.7432,1.4864,0.7432,0.0,0.0,16.3501,0.0,3.7159,0.7432,0.0,1.4864,1.4864,0.7432,6,0,0,0,0,0,4.4591,0.0,0.0,0.0,0.0,0.0,0,0,0,0,0,0,0,0,0,0,0,0,0,,0,,0.0,0.0,0.0,0.0,0.0,0.0,0.0,0.0,0.0,0.0,0.0,0.0,0.0,0.0,0,0,0,0,0,0,,,,0.0,0.0,0.0,0.0,0.0,0.0,0,0,0,0,0,0,0,,0.0,0.0,0.0,0.0,0.0,0.0,0.0,0,2,0,1,0,0,0,1,0,0,0,0,0,0,0,1,0,1,0.0,1.4864,0.0,0.7432,0.0,0.0,0.0,0.7432,0.0,0.0,0.0,0.0,0.0,0.0,0.0,0.7432,0.0,0.7432,121.1,3,<450,False,0.852,0.0,0.0,3.408,3.408,0.6332,0.0,0.0,2.5328,2.5328,,
6anvl82jyio52wo87cbxdp4np,S. Klaiber,FC Utrecht,91,70,45,25,0,23,15,50,43,18,12,36,29,42,29,13,12,17,12,6,3,0,0,4,1,0,0,76.92,70.59,50.0,65.22,86.0,66.67,80.56,69.05,92.31,,25.0,,70.3608,54.1237,34.7938,19.3299,0.0,17.7835,11.5979,38.6598,33.2474,13.9175,9.2784,27.8351,22.4227,32.4742,22.4227,10.0515,9.2784,13.1443,9.2784,4.6392,2.3196,0.0,0.0,3.0928,0.7732,0.0,0.0,20,15,19,226.66065560563786,3,1,1,23,16,1.0,15.4639,11.5979,14.6907,175.2531,2.3196,0.7732,0.7732,17.7835,12.3711,0.7732,,,4,1,0,0,4,1,25.0,3.0928,0.7732,0.0,0.0,3.0928,0.7732,51,3,0,0,0,1,0,0,0,0,0,0,0,0,0,0,0,0,0,0,0,0,39.433,2.3196,0.0,0.0,0.0,0.7732,0.0,0.0,0.0,0.0,0.0,0.0,0.0,0.0,0.0,0.0,0.0,0.0,0.0,0.0,0.0,0.0,4,2,7,7,4,2,1,0,0,0,0,3,1,1,1,1,0,0,12,4,7,1,0,0,102,1,50.0,100.0,100.0,12,10,83.33,0,8,9,2,3.0928,1.5464,5.4124,5.4124,3.0928,1.5464,0.7732,0.0,0.0,0.0,0.0,2.3196,0.7732,0.7732,0.7732,0.7732,0.0,0.0,9.2784,3.0928,5.4124,0.7732,0.0,0.0,78.866,0.7732,9.2784,7.732,0.0,6.1856,6.9588,1.5464,0,0,0,0,0,0,0.0,0.0,0.0,0.0,0.0,0.0,1,0,0,0,1,0,0,0,0,0,1,0,31.618996963850705,,0,31.62,0.7732,0.0,0.0,0.0,0.7732,0.0,0.0,0.0,0.0,0.0,0.7732,0.0,24.4477,0.0,0,0,3,0,0,14,,,,0.0,0.0,2.3196,0.0,0.0,10.8247,0,0,0,0,0,0,0,,0.0,0.0,0.0,0.0,0.0,0.0,0.0,8,12,0,0,0,1,3,4,0,0,0,0,0,1,0,0,2,5,6.1856,9.2784,0.0,0.0,0.0,0.7732,2.3196,3.0928,0.0,0.0,0.0,0.0,0.0,0.7732,0.0,0.0,1.5464,3.866,116.4,2,<450,False,6.769,0.0,2.901,0.967,11.603,5.2338,0.0,2.243,0.7477,8.9714,,
31v89l4k38v1wpisz7xhkq38,J. Banel,AFC Ajax,40,32,5,27,0,2,2,14,14,24,16,33,28,7,4,0,0,0,0,2,1,0,0,2,0,0,0,80.0,,50.0,100.0,100.0,66.67,84.85,57.14,,,0.0,,32.2004,25.7603,4.025,21.7352,0.0,1.61,1.61,11.2701,11.2701,19.3202,12.8801,26.5653,22.5403,5.6351,3.22,0.0,0.0,0.0,0.0,1.61,0.805,0.0,0.0,1.61,0.0,0.0,0.0,1,0,10,104.55961940266847,3,3,2,4,3,2.0,0.805,0.0,8.0501,84.1714,2.415,2.415,1.61,3.22,2.415,1.61,,,2,0,0,0,2,0,0.0,1.61,0.0,0.0,0.0,1.61,0.0,33,6,1,0,0.0,3,0,0,0,0,0,0,0,0,0,0,0,0,0,1,0,0.0,26.5653,4.8301,0.805,0.0,0.0,2.415,0.0,0.0,0.0,0.0,0.0,0.0,0.0,0.0,0.0,0.0,0.0,0.0,0.0,0.805,0.0,0.0,7,4,3,2,1,1,1,0,0,0,0,1,1,1,0,0,1,1,4,2,2,0,2,0,59,4,57.14,66.67,100.0,11,7,63.64,2,3,3,1,5.6351,3.22,2.415,1.61,0.805,0.805,0.805,0.0,0.0,0.0,0.0,0.805,0.805,0.805,0.0,0.0,0.805,0.805,3.22,1.61,1.61,0.0,1.61,0.0,47.4955,3.22,8.8551,5.6351,1.61,2.415,2.415,0.805,2,4,0,0,0,0,1.61,3.22,0.0,0.0,0.0,0.0,5,0,3,0,2,0,0,0,3,0,2,0,89.2994129326332,,0,17.86,4.025,0.0,2.415,0.0,1.61,0.0,0.0,0.0,2.415,0.0,1.61,0.0,71.8868,0.0,0,0,1,0,0,1,,,,0.0,0.0,0.805,0.0,0.0,0.805,0,0,0,0,0,0,0,,0.0,0.0,0.0,0.0,0.0,0.0,0.0,0,1,0,1,1,4,1,2,0,0,0,0,4,1,1,0,2,1,0.0,0.805,0.0,0.805,0.805,3.22,0.805,1.61,0.0,0.0,0.0,0.0,3.22,0.805,0.805,0.0,1.61,0.805,111.8,5,<450,False,3.724,0.0,1.241,1.241,4.965,2.9979,0.0,0.999,0.999,3.9969,,
8ijea6poqnpomi075fowev7kk,G. Besselink,FC Twente,31,23,16,7,0,8,7,15,13,8,3,15,11,12,8,4,4,3,3,5,3,0,0,0,0,0,0,74.19,100.0,60.0,87.5,86.67,37.5,73.33,66.67,100.0,,,,25.433,18.8696,13.1267,5.7429,0.0,6.5634,5.7429,12.3063,10.6655,6.5634,2.4613,12.3063,9.0246,9.845,6.5634,3.2817,3.2817,2.4613,2.4613,4.1021,2.4613,0.0,0.0,0.0,0.0,0.0,0.0,4,5,4,34.49209743588831,0,0,0,4,5,0.0,3.2817,4.1021,3.2817,28.298,0.0,0.0,0.0,3.2817,4.1021,0.0,,,0,0,0,0,0,0,,0.0,0.0,0.0,0.0,0.0,0.0,21,4,1,0,0.0,1,0,0,0,0,0,0,0,0,0,0,0,0,0,1,0,0.0,17.2288,3.2817,0.8204,0.0,0.0,0.8204,0.0,0.0,0.0,0.0,0.0,0.0,0.0,0.0,0.0,0.0,0.0,0.0,0.0,0.8204,0.0,0.0,4,1,6,2,2,2,2,1,0,1,0,0,3,0,1,0,2,0,8,4,4,0,1,0,41,3,25.0,33.33,0.0,13,3,23.08,1,6,7,2,3.2817,0.8204,4.9225,1.6408,1.6408,1.6408,1.6408,0.8204,0.0,0.8204,0.0,0.0,2.4613,0.0,0.8204,0.0,1.6408,0.0,6.5634,3.2817,3.2817,0.0,0.8204,0.0,33.6372,2.4613,10.6655,2.4613,0.8204,4.9225,5.7429,1.6408,5,2,0,0,0,0,4.1021,1.6408,0.0,0.0,0.0,0.0,0,0,0,0,0,0,0,0,0,0,0,0,0,,0,,0.0,0.0,0.0,0.0,0.0,0.0,0.0,0.0,0.0,0.0,0.0,0.0,0.0,0.0,0,0,0,0,0,1,,,,0.0,0.0,0.0,0.0,0.0,0.8204,0,0,0,0,0,0,0,,0.0,0.0,0.0,0.0,0.0,0.0,0.0,0,4,0,1,0,0,0,6,0,1,0,0,0,0,0,1,3,3,0.0,3.2817,0.0,0.8204,0.0,0.0,0.0,4.9225,0.0,0.8204,0.0,0.0,0.0,0.0,0.0,0.8204,2.4613,2.4613,109.7,8,<450,False,6.838,1.14,0.0,3.419,9.117,5.61,0.9353,0.0,2.805,7.4798,,
6zzcoo9k4ebqtlux49rbb5fro,M. Dekker,Alkmaar Zaanstreek,42,33,20,13,0,20,14,17,16,5,3,20,17,19,15,3,1,7,3,6,4,2,0,0,0,0,0,78.57,42.86,66.67,70.0,94.12,60.0,85.0,78.95,33.33,0.0,,,34.9676,27.4746,16.6512,10.8233,0.0,16.6512,11.6559,14.1536,13.321,4.1628,2.4977,16.6512,14.1536,15.8187,12.4884,2.4977,0.8326,5.8279,2.4977,4.9954,3.3302,1.6651,0.0,0.0,0.0,0.0,0.0,3,0,3,39.69191591348843,0,0,0,3,0,0.0,2.4977,0.0,2.4977,33.046,0.0,0.0,0.0,2.4977,0.0,0.0,,,2,0,2,0,0,0,0.0,1.6651,0.0,1.6651,0.0,0.0,0.0,21,1,0,0,0,0,0,0,0,0,0,0,0,0,0,0,0,0,0,0,0,0,17.4838,0.8326,0.0,0.0,0.0,0.0,0.0,0.0,0.0,0.0,0.0,0.0,0.0,0.0,0.0,0.0,0.0,0.0,0.0,0.0,0.0,0.0,0,0,4,2,2,2,0,3,2,0,1,4,3,1,2,1,1,0,8,5,3,0,0,0,48,2,,50.0,33.33,7,3,42.86,0,9,5,1,0.0,0.0,3.3302,1.6651,1.6651,1.6651,0.0,2.4977,1.6651,0.0,0.8326,3.3302,2.4977,0.8326,1.6651,0.8326,0.8326,0.0,6.6605,4.1628,2.4977,0.0,0.0,0.0,39.963,1.6651,5.8279,2.4977,0.0,7.4931,4.1628,0.8326,1,1,0,0,0,0,0.8326,0.8326,0.0,0.0,0.0,0.0,0,0,0,0,0,0,0,0,0,0,0,0,0,,0,,0.0,0.0,0.0,0.0,0.0,0.0,0.0,0.0,0.0,0.0,0.0,0.0,0.0,0.0,0,0,1,0,0,3,,,,0.0,0.0,0.8326,0.0,0.0,2.4977,0,0,0,0,0,0,0,,0.0,0.0,0.0,0.0,0.0,0.0,0.0,0,3,0,0,0,0,0,4,0,3,0,0,0,0,0,0,1,3,0.0,2.4977,0.0,0.0,0.0,0.0,0.0,3.3302,0.0,2.4977,0.0,0.0,0.0,0.0,0.0,0.0,0.8326,2.4977,108.1,5,<450,False,4.389,3.292,4.389,3.292,8.779,3.6541,2.7408,3.6541,2.7408,7.3091,,
2x8ywg6gxd17rqfo5a3iharfu,F. Fofana,SBV Vitesse,13,12,7,5,0,0,0,6,5,7,7,11,10,2,2,0,0,0,0,0,0,0,0,0,0,0,0,92.31,,,,83.33,100.0,90.91,100.0,,,,,11.0169,10.1695,5.9322,4.2373,0.0,0.0,0.0,5.0847,4.2373,5.9322,5.9322,9.322,8.4746,1.6949,1.6949,0.0,0.0,0.0,0.0,0.0,0.0,0.0,0.0,0.0,0.0,0.0,0.0,1,2,2,23.980503770981926,0,0,0,1,2,0.0,0.8475,1.6949,1.6949,20.3225,0.0,0.0,0.0,0.8475,1.6949,0.0,,,0,0,0,0,0,0,,0.0,0.0,0.0,0.0,0.0,0.0,19,7,4,0,0.0,5,0,0,0,0,0,0,0,0,0,0,0,0,0,4,0,0.0,16.1017,5.9322,3.3898,0.0,0.0,4.2373,0.0,0.0,0.0,0.0,0.0,0.0,0.0,0.0,0.0,0.0,0.0,0.0,0.0,3.3898,0.0,0.0,2,1,0,0,0,0,0,0,0,0,0,0,3,0,3,0,0,0,3,0,2,1,2,0,26,4,50.0,,0.0,5,1,20.0,2,0,2,1,1.6949,0.8475,0.0,0.0,0.0,0.0,0.0,0.0,0.0,0.0,0.0,0.0,2.5424,0.0,2.5424,0.0,0.0,0.0,2.5424,0.0,1.6949,0.8475,1.6949,0.0,22.0339,3.3898,4.2373,0.8475,1.6949,0.0,1.6949,0.8475,3,4,0,0,0,0,2.5424,3.3898,0.0,0.0,0.0,0.0,0,0,0,0,0,0,0,0,0,0,0,0,0,,0,,0.0,0.0,0.0,0.0,0.0,0.0,0.0,0.0,0.0,0.0,0.0,0.0,0.0,0.0,0,0,0,0,0,0,,,,0.0,0.0,0.0,0.0,0.0,0.0,0,0,0,0,0,0,0,,0.0,0.0,0.0,0.0,0.0,0.0,0.0,1,0,3,1,0,0,0,0,0,0,0,0,0,0,1,3,0,0,0.8475,0.0,2.5424,0.8475,0.0,0.0,0.0,0.0,0.0,0.0,0.0,0.0,0.0,0.0,0.8475,2.5424,0.0,0.0,106.2,3,<450,False,0.0,0.0,0.0,3.025,3.025,0.0,0.0,0.0,2.5636,2.5636,,
awkcni8hs06o4bfpopikjvspg,I. Nazih,FC Volendam,22,15,7,8,0,6,4,12,8,4,3,16,14,2,1,4,0,4,0,2,1,0,0,0,0,0,0,68.18,0.0,50.0,66.67,66.67,75.0,87.5,50.0,0.0,,,,18.75,12.7841,5.9659,6.8182,0.0,5.1136,3.4091,10.2273,6.8182,3.4091,2.5568,13.6364,11.9318,1.7045,0.8523,3.4091,0.0,3.4091,0.0,1.7045,0.8523,0.0,0.0,0.0,0.0,0.0,0.0,0,0,2,36.50279960284031,0,0,0,0,0,0.0,0.0,0.0,1.7045,31.1103,0.0,0.0,0.0,0.0,0.0,0.0,,,0,0,0,0,0,0,,0.0,0.0,0.0,0.0,0.0,0.0,16,4,0,0,0,0,0,0,0,0,0,0,0,0,0,0,0,0,0,0,0,0,13.6364,3.4091,0.0,0.0,0.0,0.0,0.0,0.0,0.0,0.0,0.0,0.0,0.0,0.0,0.0,0.0,0.0,0.0,0.0,0.0,0.0,0.0,1,0,3,0,1,1,1,0,0,0,0,0,2,1,2,1,0,0,6,5,1,0,1,0,27,0,0.0,0.0,50.0,6,1,16.67,1,6,2,1,0.8523,0.0,2.5568,0.0,0.8523,0.8523,0.8523,0.0,0.0,0.0,0.0,0.0,1.7045,0.8523,1.7045,0.8523,0.0,0.0,5.1136,4.2614,0.8523,0.0,0.8523,0.0,23.0114,0.0,5.1136,0.8523,0.8523,5.1136,1.7045,0.8523,3,2,0,0,0,0,2.5568,1.7045,0.0,0.0,0.0,0.0,0,0,0,0,0,0,0,0,0,0,0,0,0,,0,,0.0,0.0,0.0,0.0,0.0,0.0,0.0,0.0,0.0,0.0,0.0,0.0,0.0,0.0,0,0,1,0,0,0,,,,0.0,0.0,0.8523,0.0,0.0,0.0,0,0,0,0,0,0,0,,0.0,0.0,0.0,0.0,0.0,0.0,0.0,0,0,0,0,0,0,1,2,0,0,0,0,0,0,0,0,3,0,0.0,0.0,0.0,0.0,0.0,0.0,0.8523,1.7045,0.0,0.0,0.0,0.0,0.0,0.0,0.0,0.0,2.5568,0.0,105.6,3,<450,False,2.556,0.0,0.0,1.704,5.111,2.1784,0.0,0.0,1.4523,4.356,,
5dlpjii1ynx2jvrlvwzwk3itw,M. Witteveen,SC Heerenveen,22,17,6,11,0,3,0,6,6,13,11,14,12,8,5,0,0,1,0,0,0,1,0,0,0,0,0,77.27,0.0,,0.0,100.0,84.62,85.71,62.5,,0.0,,,18.8213,14.5437,5.1331,9.4106,0.0,2.5665,0.0,5.1331,5.1331,11.1217,9.4106,11.9772,10.2662,6.8441,4.2776,0.0,0.0,0.8555,0.0,0.0,0.0,0.8555,0.0,0.0,0.0,0.0,0.0,2,1,4,63.71925732290112,1,0,0,3,1,0.0,1.711,0.8555,3.4221,54.5127,0.8555,0.0,0.0,2.5665,0.8555,0.0,,,1,0,0,0,1,0,0.0,0.8555,0.0,0.0,0.0,0.8555,0.0,17,4,1,1,0.0,3,1,0,0,0,0,0,0,0,0,0,0,0,0,1,1,0.0,14.5437,3.4221,0.8555,0.8555,0.0,2.5665,0.8555,0.0,0.0,0.0,0.0,0.0,0.0,0.0,0.0,0.0,0.0,0.0,0.0,0.8555,0.8555,0.0,5,1,1,0,1,0,0,1,0,1,0,1,0,0,0,0,0,0,5,4,1,0,4,0,33,2,20.0,0.0,,6,1,16.67,4,5,2,0,4.2776,0.8555,0.8555,0.0,0.8555,0.0,0.0,0.8555,0.0,0.8555,0.0,0.8555,0.0,0.0,0.0,0.0,0.0,0.0,4.2776,3.4221,0.8555,0.0,3.4221,0.0,28.2319,1.711,5.1331,0.8555,3.4221,4.2776,1.711,0.0,2,2,0,0,0,0,1.711,1.711,0.0,0.0,0.0,0.0,1,0,0,0,1,0,0,0,1,0,0,0,9.765236761082638,,1,9.77,0.8555,0.0,0.0,0.0,0.8555,0.0,0.0,0.0,0.8555,0.0,0.0,0.0,8.3543,0.8555,0,0,0,0,0,0,,,,0.0,0.0,0.0,0.0,0.0,0.0,0,0,0,0,0,0,0,,0.0,0.0,0.0,0.0,0.0,0.0,0.0,0,2,0,1,0,1,0,1,0,1,0,0,0,1,0,1,0,1,0.0,1.711,0.0,0.8555,0.0,0.8555,0.0,0.8555,0.0,0.8555,0.0,0.0,0.0,0.8555,0.0,0.8555,0.0,0.8555,105.2,5,<450,False,0.993,0.993,0.993,0.0,4.963,0.8495,0.8495,0.8495,0.0,4.2459,,
49xsd6e4oyjrhtwsdbdm4rj84,L. Hartjes,SBV Excelsior,42,38,15,23,0,3,2,33,30,6,6,19,17,19,17,4,4,3,3,2,1,0,0,0,0,0,0,90.48,100.0,50.0,66.67,90.91,100.0,89.47,89.47,100.0,,,,36.1377,32.696,12.9063,19.7897,0.0,2.5813,1.7208,28.3939,25.8126,5.1625,5.1625,16.348,14.6272,16.348,14.6272,3.4417,3.4417,2.5813,2.5813,1.7208,0.8604,0.0,0.0,0.0,0.0,0.0,0.0,3,7,8,103.96854616693143,0,0,0,3,7,0.0,2.5813,6.0229,6.8834,89.4567,0.0,0.0,0.0,2.5813,6.0229,0.0,,,0,0,0,0,0,0,,0.0,0.0,0.0,0.0,0.0,0.0,29,1,0,0,0,0,0,0,0,0,0,0,0,0,0,0,0,0,0,0,0,0,24.9522,0.8604,0.0,0.0,0.0,0.0,0.0,0.0,0.0,0.0,0.0,0.0,0.0,0.0,0.0,0.0,0.0,0.0,0.0,0.0,0.0,0.0,4,2,3,2,1,2,0,1,0,0,1,0,2,1,2,1,0,0,9,1,8,0,0,0,53,0,50.0,66.67,50.0,9,5,55.56,0,2,10,1,3.4417,1.7208,2.5813,1.7208,0.8604,1.7208,0.0,0.8604,0.0,0.0,0.8604,0.0,1.7208,0.8604,1.7208,0.8604,0.0,0.0,7.7438,0.8604,6.8834,0.0,0.0,0.0,45.6023,0.0,7.7438,4.3021,0.0,1.7208,8.6042,0.8604,0,2,0,0,0,0,0.0,1.7208,0.0,0.0,0.0,0.0,0,0,0,0,0,0,0,0,0,0,0,0,0,,0,,0.0,0.0,0.0,0.0,0.0,0.0,0.0,0.0,0.0,0.0,0.0,0.0,0.0,0.0,0,0,0,0,0,0,,,,0.0,0.0,0.0,0.0,0.0,0.0,0,0,0,0,0,0,0,,0.0,0.0,0.0,0.0,0.0,0.0,0.0,2,1,0,0,0,0,2,1,1,0,0,0,0,0,0,0,0,3,1.7208,0.8604,0.0,0.0,0.0,0.0,1.7208,0.8604,0.8604,0.0,0.0,0.0,0.0,0.0,0.0,0.0,0.0,2.5813,104.6,1,<450,False,2.755,0.918,0.0,1.837,8.264,2.3705,0.7899,0.0,1.5806,7.1105,,
5gyjq8tsjxk396qt4hqlwn3dh,M. Wittek,SBV Vitesse,81,61,37,23,1,15,12,33,28,33,21,43,37,26,17,12,7,14,7,2,1,10,2,1,0,0,0,75.31,50.0,50.0,80.0,84.85,63.64,86.05,65.38,58.33,20.0,0.0,,72.8272,54.8452,33.2667,20.6793,0.8991,13.4865,10.7892,29.6703,25.1748,29.6703,18.8811,38.6613,33.2667,23.3766,15.2847,10.7892,6.2937,12.5874,6.2937,1.7982,0.8991,8.991,1.7982,0.8991,0.0,0.0,0.0,17,10,8,99.37058237503095,1,0,1,18,10,1.0,15.2847,8.991,7.1928,89.3442,0.8991,0.0,0.8991,16.1838,8.991,0.8991,,,11,2,9,2,2,0,18.18,9.8901,1.7982,8.0919,1.7982,1.7982,0.0,44,3,2,0,0.0,4,0,0,0,0,1,0,0.0,0,0,0,0,0,0,1,0,0.0,39.5604,2.6973,1.7982,0.0,0.0,3.5964,0.0,0.0,0.0,0.0,0.8991,0.0,0.0,0.0,0.0,0.0,0.0,0.0,0.0,0.8991,0.0,0.0,0,0,2,1,1,1,0,1,1,0,0,2,1,1,0,0,1,1,5,5,0,0,1,0,89,2,,50.0,100.0,3,2,66.67,1,7,1,0,0.0,0.0,1.7982,0.8991,0.8991,0.8991,0.0,0.8991,0.8991,0.0,0.0,1.7982,0.8991,0.8991,0.0,0.0,0.8991,0.8991,4.4955,4.4955,0.0,0.0,0.8991,0.0,80.02,1.7982,2.6973,1.7982,0.8991,6.2937,0.8991,0.0,2,1,0,0,0,0,1.7982,0.8991,0.0,0.0,0.0,0.0,3,0,3,0,0,0,0,0,1,0,2,0,72.80316461171176,,0,24.27,2.6973,0.0,2.6973,0.0,0.0,0.0,0.0,0.0,0.8991,0.0,1.7982,0.0,65.4574,0.0,7,4,1,0,0,19,,,57.14,6.2937,3.5964,0.8991,0.0,0.0,17.0829,0,0,0,0,0,0,0,,0.0,0.0,0.0,0.0,0.0,0.0,0.0,8,9,0,2,0,3,1,1,1,0,0,0,0,3,0,2,0,2,7.1928,8.0919,0.0,1.7982,0.0,2.6973,0.8991,0.8991,0.8991,0.0,0.0,0.0,0.0,2.6973,0.0,1.7982,0.0,1.7982,100.1,1,<450,False,2.017,1.008,2.017,1.008,5.042,1.8135,0.9063,1.8135,0.9063,4.5333,,
d5v47kueisvcjjz4f69m83sut,J. Drommel,PSV Eindhoven,36,34,34,0,0,35,33,1,1,0,0,11,11,14,14,11,9,11,9,1,1,0,0,0,0,0,0,94.44,81.82,100.0,94.29,100.0,,100.0,100.0,81.82,,,,32.4975,30.6921,30.6921,0.0,0.0,31.5948,29.7894,0.9027,0.9027,0.0,0.0,9.9298,9.9298,12.6379,12.6379,9.9298,8.1244,9.9298,8.1244,0.9027,0.9027,0.0,0.0,0.0,0.0,0.0,0.0,4,1,2,53.52830357140146,0,0,0,4,1,0.0,3.6108,0.9027,1.8054,48.3204,0.0,0.0,0.0,3.6108,0.9027,0.0,,,0,0,0,0,0,0,,0.0,0.0,0.0,0.0,0.0,0.0,17,0,0,0,0,0,0,0,0,0,0,0,0,0,0,0,0,0,0,0,0,0,15.346,0.0,0.0,0.0,0.0,0.0,0.0,0.0,0.0,0.0,0.0,0.0,0.0,0.0,0.0,0.0,0.0,0.0,0.0,0.0,0.0,0.0,0,0,0,0,0,0,0,0,0,0,0,1,0,0,0,0,0,0,3,3,0,0,0,0,37,0,,,,0,0,,0,3,0,0,0.0,0.0,0.0,0.0,0.0,0.0,0.0,0.0,0.0,0.0,0.0,0.9027,0.0,0.0,0.0,0.0,0.0,0.0,2.7081,2.7081,0.0,0.0,0.0,0.0,33.4002,0.0,0.0,0.0,0.0,2.7081,0.0,0.0,0,0,0,0,0,0,0.0,0.0,0.0,0.0,0.0,0.0,0,0,0,0,0,0,0,0,0,0,0,0,0,,0,,0.0,0.0,0.0,0.0,0.0,0.0,0.0,0.0,0.0,0.0,0.0,0.0,0.0,0.0,0,0,0,0,0,0,,,,0.0,0.0,0.0,0.0,0.0,0.0,4,0,0,7,0,0,1,100.0,3.6108,0.0,0.0,6.319,0.0,0.0,0.9027,2,2,0,0,0,0,0,0,0,0,0,0,0,0,0,0,0,0,1.8054,1.8054,0.0,0.0,0.0,0.0,0.0,0.0,0.0,0.0,0.0,0.0,0.0,0.0,0.0,0.0,0.0,0.0,99.7,1,<450,False,0.0,0.0,1.402,0.0,4.205,0.0,0.0,1.2656,0.0,3.7959,,
f1u6wna62ri171clx0pig6dbd,M. Spenkelink,RKC Waalwijk,43,29,27,2,0,43,29,0,0,0,0,13,12,10,10,20,7,20,7,0,0,0,0,0,0,0,0,67.44,35.0,,67.44,,,92.31,100.0,35.0,,,,39.4094,26.5784,24.7454,1.833,0.0,39.4094,26.5784,0.0,0.0,0.0,0.0,11.9145,10.998,9.165,9.165,18.3299,6.4155,18.3299,6.4155,0.0,0.0,0.0,0.0,0.0,0.0,0.0,0.0,7,2,6,94.66118011351989,0,0,0,7,2,0.0,6.4155,1.833,5.499,86.7567,0.0,0.0,0.0,6.4155,1.833,0.0,,,0,0,0,0,0,0,,0.0,0.0,0.0,0.0,0.0,0.0,15,0,0,0,0,0,0,0,0,0,0,0,0,0,0,0,0,0,0,0,0,0,13.7475,0.0,0.0,0.0,0.0,0.0,0.0,0.0,0.0,0.0,0.0,0.0,0.0,0.0,0.0,0.0,0.0,0.0,0.0,0.0,0.0,0.0,0,0,0,0,0,0,0,0,0,0,0,0,0,0,0,0,0,0,2,2,0,0,0,1,44,0,,,,0,0,,1,2,0,0,0.0,0.0,0.0,0.0,0.0,0.0,0.0,0.0,0.0,0.0,0.0,0.0,0.0,0.0,0.0,0.0,0.0,0.0,1.833,1.833,0.0,0.0,0.0,0.9165,40.3259,0.0,0.0,0.0,0.9165,1.833,0.0,0.0,0,0,0,0,0,0,0.0,0.0,0.0,0.0,0.0,0.0,0,0,0,0,0,0,0,0,0,0,0,0,0,,0,,0.0,0.0,0.0,0.0,0.0,0.0,0.0,0.0,0.0,0.0,0.0,0.0,0.0,0.0,0,0,2,0,0,0,,,,0.0,0.0,1.833,0.0,0.0,0.0,10,1,0,10,0,1,0,100.0,9.165,0.9165,0.0,9.165,0.0,0.9165,0.0,2,5,0,0,0,0,0,0,0,0,0,0,0,0,0,0,0,0,1.833,4.5825,0.0,0.0,0.0,0.0,0.0,0.0,0.0,0.0,0.0,0.0,0.0,0.0,0.0,0.0,0.0,0.0,98.2,1,<450,False,0.0,0.0,0.0,0.0,1.828,0.0,0.0,0.0,0.0,1.6754,,
2p6h6ivyzp1fzsayw7r2xn2dx,H. Verhulst,Alkmaar Zaanstreek,46,32,32,0,0,46,32,0,0,0,0,7,7,11,10,28,15,29,15,0,0,0,0,0,0,0,0,69.57,51.72,,69.57,,,100.0,90.91,53.57,,,,42.1589,29.3279,29.3279,0.0,0.0,42.1589,29.3279,0.0,0.0,0.0,0.0,6.4155,6.4155,10.0815,9.165,25.6619,13.7475,26.5784,13.7475,0.0,0.0,0.0,0.0,0.0,0.0,0.0,0.0,15,3,1,17.525674423542164,0,0,0,15,3,0.0,13.7475,2.7495,0.9165,16.0622,0.0,0.0,0.0,13.7475,2.7495,0.0,,,0,0,0,0,0,0,,0.0,0.0,0.0,0.0,0.0,0.0,14,0,0,0,0,0,0,0,0,0,0,0,0,0,0,0,0,0,0,0,0,0,12.831,0.0,0.0,0.0,0.0,0.0,0.0,0.0,0.0,0.0,0.0,0.0,0.0,0.0,0.0,0.0,0.0,0.0,0.0,0.0,0.0,0.0,0,0,0,0,0,0,0,0,0,0,0,1,0,0,0,0,0,0,2,2,0,0,0,0,47,0,,,,0,0,,0,2,0,0,0.0,0.0,0.0,0.0,0.0,0.0,0.0,0.0,0.0,0.0,0.0,0.9165,0.0,0.0,0.0,0.0,0.0,0.0,1.833,1.833,0.0,0.0,0.0,0.0,43.0754,0.0,0.0,0.0,0.0,1.833,0.0,0.0,1,0,0,0,0,0,0.9165,0.0,0.0,0.0,0.0,0.0,0,0,0,0,0,0,0,0,0,0,0,0,0,,0,,0.0,0.0,0.0,0.0,0.0,0.0,0.0,0.0,0.0,0.0,0.0,0.0,0.0,0.0,0,0,4,0,0,0,,,,0.0,0.0,3.666,0.0,0.0,0.0,4,0,0,9,1,1,0,100.0,3.666,0.0,0.0,8.2485,0.9165,0.9165,0.0,6,9,0,0,0,0,0,0,0,0,0,0,0,0,0,0,0,0,5.499,8.2485,0.0,0.0,0.0,0.0,0.0,0.0,0.0,0.0,0.0,0.0,0.0,0.0,0.0,0.0,0.0,0.0,98.2,1,<450,False,0.0,0.0,1.097,0.0,2.195,0.0,0.0,1.0054,0.0,2.0117,,
bdurpi6c2ipwtcuyndq0e6ve2,B. Lauwers,FC Volendam,46,26,25,1,0,45,26,1,0,0,0,4,4,16,14,26,8,26,8,0,0,0,0,0,0,0,0,56.52,30.77,,57.78,0.0,,100.0,87.5,30.77,,,,42.1589,23.8289,22.9124,0.9165,0.0,41.2424,23.8289,0.9165,0.0,0.0,0.0,3.666,3.666,14.664,12.831,23.8289,7.332,23.8289,7.332,0.0,0.0,0.0,0.0,0.0,0.0,0.0,0.0,6,2,4,77.24028602871732,0,0,0,6,2,0.0,5.499,1.833,3.666,70.7905,0.0,0.0,0.0,5.499,1.833,0.0,,,0,0,0,0,0,0,,0.0,0.0,0.0,0.0,0.0,0.0,21,0,1,0,0.0,1,0,0,0,0,0,0,0,0,0,0,0,0,0,1,0,0.0,19.2464,0.0,0.9165,0.0,0.0,0.9165,0.0,0.0,0.0,0.0,0.0,0.0,0.0,0.0,0.0,0.0,0.0,0.0,0.0,0.9165,0.0,0.0,0,0,0,0,0,0,0,0,0,0,0,2,3,3,3,3,0,0,6,6,0,0,0,1,48,0,,,100.0,3,3,100.0,1,6,0,0,0.0,0.0,0.0,0.0,0.0,0.0,0.0,0.0,0.0,0.0,0.0,1.833,2.7495,2.7495,2.7495,2.7495,0.0,0.0,5.499,5.499,0.0,0.0,0.0,0.9165,43.9919,0.0,2.7495,2.7495,0.9165,5.499,0.0,0.0,0,0,0,0,0,0,0.0,0.0,0.0,0.0,0.0,0.0,0,0,0,0,0,0,0,0,0,0,0,0,0,,0,,0.0,0.0,0.0,0.0,0.0,0.0,0.0,0.0,0.0,0.0,0.0,0.0,0.0,0.0,0,0,6,0,0,0,,,,0.0,0.0,5.499,0.0,0.0,0.0,3,4,2,5,0,0,1,100.0,2.7495,3.666,1.833,4.5825,0.0,0.0,0.9165,2,4,1,0,0,0,0,0,0,0,0,0,0,0,0,1,0,0,1.833,3.666,0.9165,0.0,0.0,0.0,0.0,0.0,0.0,0.0,0.0,0.0,0.0,0.0,0.0,0.9165,0.0,0.0,98.2,1,<450,False,0.0,0.0,1.704,2.556,5.111,0.0,0.0,1.5617,2.3426,4.6842,,
3fzqjtehxr65c2xfyytws30q2,T. Hendriks,Fortuna Sittard,24,18,18,0,0,24,18,0,0,0,0,3,3,10,10,11,5,11,5,0,0,0,0,0,0,0,0,75.0,45.45,,75.0,,,100.0,100.0,45.45,,,,23.176,17.382,17.382,0.0,0.0,23.176,17.382,0.0,0.0,0.0,0.0,2.897,2.897,9.6567,9.6567,10.6223,4.8283,10.6223,4.8283,0.0,0.0,0.0,0.0,0.0,0.0,0.0,0.0,4,3,1,16.728658792622916,0,0,0,4,3,0.0,3.8627,2.897,0.9657,16.1543,0.0,0.0,0.0,3.8627,2.897,0.0,,,0,0,0,0,0,0,,0.0,0.0,0.0,0.0,0.0,0.0,5,0,0,0,0,0,0,0,0,0,0,0,0,0,0,0,0,0,0,0,0,0,4.8283,0.0,0.0,0.0,0.0,0.0,0.0,0.0,0.0,0.0,0.0,0.0,0.0,0.0,0.0,0.0,0.0,0.0,0.0,0.0,0.0,0.0,0,0,0,0,0,0,0,0,0,0,0,1,1,1,1,1,0,0,1,1,0,0,0,0,25,0,,,100.0,1,1,100.0,0,1,0,0,0.0,0.0,0.0,0.0,0.0,0.0,0.0,0.0,0.0,0.0,0.0,0.9657,0.9657,0.9657,0.9657,0.9657,0.0,0.0,0.9657,0.9657,0.0,0.0,0.0,0.0,24.1416,0.0,0.9657,0.9657,0.0,0.9657,0.0,0.0,0,0,0,0,0,0,0.0,0.0,0.0,0.0,0.0,0.0,0,0,0,0,0,0,0,0,0,0,0,0,0,,0,,0.0,0.0,0.0,0.0,0.0,0.0,0.0,0.0,0.0,0.0,0.0,0.0,0.0,0.0,0,0,2,0,0,0,,,,0.0,0.0,1.9313,0.0,0.0,0.0,3,3,0,3,0,0,1,100.0,2.897,2.897,0.0,2.897,0.0,0.0,0.9657,1,3,0,0,0,0,0,0,0,0,0,0,0,0,0,0,0,0,0.9657,2.897,0.0,0.0,0.0,0.0,0.0,0.0,0.0,0.0,0.0,0.0,0.0,0.0,0.0,0.0,0.0,0.0,93.2,1,<450,False,0.0,0.0,0.879,0.879,0.879,0.0,0.0,0.8488,0.8488,0.8488,,
6ovzd9akutufagsd8kmxmsei2,J. van Mullem,Sparta Rotterdam,19,11,6,5,0,3,1,16,10,0,0,11,4,8,7,0,0,1,0,7,3,0,0,0,0,0,0,57.89,0.0,42.86,33.33,62.5,,36.36,87.5,,,,,18.4665,10.6911,5.8315,4.8596,0.0,2.9158,0.9719,15.5508,9.7192,0.0,0.0,10.6911,3.8877,7.7754,6.8035,0.0,0.0,0.9719,0.0,6.8035,2.9158,0.0,0.0,0.0,0.0,0.0,0.0,1,2,0,0,0,0,0,1,2,0.0,0.9719,1.9438,0.0,0.0,0.0,0.0,0.0,0.9719,1.9438,0.0,,,0,0,0,0,0,0,,0.0,0.0,0.0,0.0,0.0,0.0,7,0,0,0,0,1,0,0,0,0,0,0,0,0,0,0,0,0,0,0,0,0,6.8035,0.0,0.0,0.0,0.0,0.9719,0.0,0.0,0.0,0.0,0.0,0.0,0.0,0.0,0.0,0.0,0.0,0.0,0.0,0.0,0.0,0.0,0,0,2,0,2,0,0,0,0,0,0,2,5,2,2,1,3,1,3,2,1,0,0,0,26,0,,0.0,40.0,7,2,28.57,0,4,1,0,0.0,0.0,1.9438,0.0,1.9438,0.0,0.0,0.0,0.0,0.0,0.0,1.9438,4.8596,1.9438,1.9438,0.9719,2.9158,0.9719,2.9158,1.9438,0.9719,0.0,0.0,0.0,25.27,0.0,6.8035,1.9438,0.0,3.8877,0.9719,0.0,1,1,0,1,0,0,0.9719,0.9719,0.0,0.9719,0.0,0.0,1,0,0,0,1,0,0,0,0,0,1,0,24.46888883868657,,0,24.47,0.9719,0.0,0.0,0.0,0.9719,0.0,0.0,0.0,0.0,0.0,0.9719,0.0,23.7819,0.0,0,0,0,0,0,0,,,,0.0,0.0,0.0,0.0,0.0,0.0,0,0,0,0,0,0,0,,0.0,0.0,0.0,0.0,0.0,0.0,0.0,0,1,0,0,0,1,0,2,0,0,0,0,1,0,0,0,2,0,0.0,0.9719,0.0,0.0,0.0,0.9719,0.0,1.9438,0.0,0.0,0.0,0.0,0.9719,0.0,0.0,0.0,1.9438,0.0,92.6,3,<450,False,1.888,0.0,1.888,4.719,2.831,1.835,0.0,1.835,4.5865,2.7515,,
6mybntbgl188coqd2dl6ulhm2,J. Braaf,Fortuna Sittard,14,12,2,10,0,2,1,5,5,7,6,11,10,3,2,0,0,0,0,3,3,0,0,0,0,0,0,85.71,,100.0,50.0,100.0,85.71,90.91,66.67,,,,,13.8158,11.8421,1.9737,9.8684,0.0,1.9737,0.9868,4.9342,4.9342,6.9079,5.9211,10.8553,9.8684,2.9605,1.9737,0.0,0.0,0.0,0.0,2.9605,2.9605,0.0,0.0,0.0,0.0,0.0,0.0,0,1,3,60.275946728679955,1,1,0,1,2,0.0,0.0,0.9868,2.9605,59.4828,0.9868,0.9868,0.0,0.9868,1.9737,0.0,,,0,0,0,0,0,0,,0.0,0.0,0.0,0.0,0.0,0.0,15,8,2,0,0.0,3,1,0,0,0,0,0,0,0,0,0,0,0,0,2,0,0.0,14.8026,7.8947,1.9737,0.0,0.0,2.9605,0.9868,0.0,0.0,0.0,0.0,0.0,0.0,0.0,0.0,0.0,0.0,0.0,0.0,1.9737,0.0,0.0,5,1,0,0,0,0,0,0,0,0,0,1,2,0,0,0,2,0,4,2,2,0,0,0,30,4,20.0,,0.0,7,1,14.29,0,2,2,0,4.9342,0.9868,0.0,0.0,0.0,0.0,0.0,0.0,0.0,0.0,0.0,0.9868,1.9737,0.0,0.0,0.0,1.9737,0.0,3.9474,1.9737,1.9737,0.0,0.0,0.0,29.6053,3.9474,6.9079,0.9868,0.0,1.9737,1.9737,0.0,0,0,0,0,0,0,0.0,0.0,0.0,0.0,0.0,0.0,1,0,0,0,1,0,0,0,1,0,0,0,5.853440099633721,,0,5.85,0.9868,0.0,0.0,0.0,0.9868,0.0,0.0,0.0,0.9868,0.0,0.0,0.0,5.7764,0.0,0,0,0,0,0,0,,,,0.0,0.0,0.0,0.0,0.0,0.0,0,0,0,0,0,0,0,,0.0,0.0,0.0,0.0,0.0,0.0,0.0,0,0,0,2,0,1,0,0,0,0,0,0,0,1,0,2,0,0,0.0,0.0,0.0,1.9737,0.0,0.9868,0.0,0.0,0.0,0.0,0.0,0.0,0.0,0.9868,0.0,1.9737,0.0,0.0,91.2,6,<450,False,0.0,0.0,0.879,1.758,3.517,0.0,0.0,0.8674,1.7349,3.4707,,
88523fv89ozrqwnbhgphxual0,M. Egbring,SBV Vitesse,38,25,12,13,0,7,5,22,13,9,7,21,14,14,9,3,2,5,2,1,0,0,0,1,0,0,0,65.79,40.0,0.0,71.43,59.09,77.78,66.67,64.29,66.67,,0.0,,37.6238,24.7525,11.8812,12.8713,0.0,6.9307,4.9505,21.7822,12.8713,8.9109,6.9307,20.7921,13.8614,13.8614,8.9109,2.9703,1.9802,4.9505,1.9802,0.9901,0.0,0.0,0.0,0.9901,0.0,0.0,0.0,5,3,5,37.842010130003565,0,0,0,5,3,0.0,4.9505,2.9703,4.9505,37.4673,0.0,0.0,0.0,4.9505,2.9703,0.0,,,1,0,0,0,1,0,0.0,0.9901,0.0,0.0,0.0,0.9901,0.0,17,3,1,0,0.0,1,0,0,0,0,0,0,0,0,0,0,0,0,0,1,0,0.0,16.8317,2.9703,0.9901,0.0,0.0,0.9901,0.0,0.0,0.0,0.0,0.0,0.0,0.0,0.0,0.0,0.0,0.0,0.0,0.0,0.9901,0.0,0.0,3,1,3,1,1,1,1,4,2,1,1,4,3,2,2,2,1,0,10,6,3,1,1,0,49,0,33.33,33.33,66.67,9,4,44.44,1,9,5,3,2.9703,0.9901,2.9703,0.9901,0.9901,0.9901,0.9901,3.9604,1.9802,0.9901,0.9901,3.9604,2.9703,1.9802,1.9802,1.9802,0.9901,0.0,9.901,5.9406,2.9703,0.9901,0.9901,0.0,48.5149,0.0,8.9109,3.9604,0.9901,8.9109,4.9505,2.9703,2,2,0,0,0,0,1.9802,1.9802,0.0,0.0,0.0,0.0,0,0,0,0,0,0,0,0,0,0,0,0,0,,0,,0.0,0.0,0.0,0.0,0.0,0.0,0.0,0.0,0.0,0.0,0.0,0.0,0.0,0.0,0,0,0,0,0,9,,,,0.0,0.0,0.0,0.0,0.0,8.9109,0,0,0,0,0,0,0,,0.0,0.0,0.0,0.0,0.0,0.0,0.0,0,5,0,1,0,0,0,3,0,4,0,0,0,0,1,0,3,0,0.0,4.9505,0.0,0.9901,0.0,0.0,0.0,2.9703,0.0,3.9604,0.0,0.0,0.0,0.0,0.9901,0.0,2.9703,0.0,90.9,4,<450,False,3.025,4.033,4.033,3.025,10.083,2.995,3.9931,3.9931,2.995,9.9832,,
clebcw5q2ja2ajyb7n09rae39,R. Meir,RKC Waalwijk,46,37,13,23,1,12,8,27,24,7,5,19,14,25,22,2,1,5,3,2,1,0,0,1,0,0,0,80.43,60.0,50.0,66.67,88.89,71.43,73.68,88.0,50.0,,0.0,,45.8472,36.8771,12.9568,22.9236,0.9967,11.9601,7.9734,26.9103,23.9203,6.9767,4.9834,18.9369,13.9535,24.9169,21.9269,1.9934,0.9967,4.9834,2.99,1.9934,0.9967,0.0,0.0,0.9967,0.0,0.0,0.0,7,4,6,57.22503756563738,0,0,0,7,4,0.0,6.9767,3.9867,5.9801,57.0349,0.0,0.0,0.0,6.9767,3.9867,0.0,,,1,0,0,0,1,0,0.0,0.9967,0.0,0.0,0.0,0.9967,0.0,31,1,0,0,0,0,0,0,0,0,0,0,0,0,0,0,0,0,0,0,0,0,30.897,0.9967,0.0,0.0,0.0,0.0,0.0,0.0,0.0,0.0,0.0,0.0,0.0,0.0,0.0,0.0,0.0,0.0,0.0,0.0,0.0,0.0,0,0,2,2,2,0,0,1,1,0,0,0,3,0,3,0,0,0,4,3,1,0,0,0,49,1,,100.0,0.0,5,2,40.0,0,6,1,0,0.0,0.0,1.9934,1.9934,1.9934,0.0,0.0,0.9967,0.9967,0.0,0.0,0.0,2.99,0.0,2.99,0.0,0.0,0.0,3.9867,2.99,0.9967,0.0,0.0,0.0,48.8372,0.9967,4.9834,1.9934,0.0,5.9801,0.9967,0.0,2,0,0,0,0,0,1.9934,0.0,0.0,0.0,0.0,0.0,1,0,0,0,1,0,0,0,1,0,0,0,13.159815196270804,,0,13.16,0.9967,0.0,0.0,0.0,0.9967,0.0,0.0,0.0,0.9967,0.0,0.0,0.0,13.1161,0.0,0,0,1,0,0,6,,,,0.0,0.0,0.9967,0.0,0.0,5.9801,0,0,0,0,0,0,0,,0.0,0.0,0.0,0.0,0.0,0.0,0.0,0,7,0,0,0,1,0,2,0,1,0,0,0,1,0,0,1,1,0.0,6.9767,0.0,0.0,0.0,0.9967,0.0,1.9934,0.0,0.9967,0.0,0.0,0.0,0.9967,0.0,0.0,0.9967,0.9967,90.3,4,<450,False,1.828,0.914,0.0,2.742,3.656,1.8219,0.911,0.0,2.7329,3.6439,,
7qzban9gm72aznhn11qyxwtg4,K. van Oevelen,FC Volendam,44,33,33,0,0,44,33,0,0,0,0,16,16,9,8,19,9,17,7,0,0,0,0,0,0,0,0,75.0,41.18,,75.0,,,100.0,88.89,47.37,,,,44.4944,33.3708,33.3708,0.0,0.0,44.4944,33.3708,0.0,0.0,0.0,0.0,16.1798,16.1798,9.1011,8.0899,19.2135,9.1011,17.191,7.0787,0.0,0.0,0.0,0.0,0.0,0.0,0.0,0.0,7,3,5,94.50128440197288,0,0,0,7,3,0.0,7.0787,3.0337,5.0562,95.5631,0.0,0.0,0.0,7.0787,3.0337,0.0,,,0,0,0,0,0,0,,0.0,0.0,0.0,0.0,0.0,0.0,20,0,0,0,0,1,0,0,0,0,0,0,0,0,0,0,0,0,0,0,0,0,20.2247,0.0,0.0,0.0,0.0,1.0112,0.0,0.0,0.0,0.0,0.0,0.0,0.0,0.0,0.0,0.0,0.0,0.0,0.0,0.0,0.0,0.0,0,0,0,0,0,0,0,0,0,0,0,1,0,0,0,0,0,0,2,2,0,0,0,0,45,0,,,,0,0,,0,2,0,0,0.0,0.0,0.0,0.0,0.0,0.0,0.0,0.0,0.0,0.0,0.0,1.0112,0.0,0.0,0.0,0.0,0.0,0.0,2.0225,2.0225,0.0,0.0,0.0,0.0,45.5056,0.0,0.0,0.0,0.0,2.0225,0.0,0.0,0,1,0,0,0,0,0.0,1.0112,0.0,0.0,0.0,0.0,0,0,0,0,0,0,0,0,0,0,0,0,0,,0,,0.0,0.0,0.0,0.0,0.0,0.0,0.0,0.0,0.0,0.0,0.0,0.0,0.0,0.0,0,0,2,0,0,0,,,,0.0,0.0,2.0225,0.0,0.0,0.0,8,1,2,13,1,0,1,100.0,8.0899,1.0112,2.0225,13.1461,1.0112,0.0,1.0112,4,3,0,0,0,0,0,0,0,0,0,0,0,0,0,0,0,0,4.0449,3.0337,0.0,0.0,0.0,0.0,0.0,0.0,0.0,0.0,0.0,0.0,0.0,0.0,0.0,0.0,0.0,0.0,89.0,1,<450,False,0.0,0.0,0.852,0.0,1.704,0.0,0.0,0.8616,0.0,1.7231,,
baakmd4ndnulbl9npvmq90mvp,D. Klaassen,AFC Ajax,17,12,8,4,0,2,1,8,6,7,5,11,7,6,5,0,0,0,0,0,0,0,0,0,0,0,0,70.59,,,50.0,75.0,71.43,63.64,83.33,,,,,17.2297,12.1622,8.1081,4.0541,0.0,2.027,1.0135,8.1081,6.0811,7.0946,5.0676,11.1486,7.0946,6.0811,5.0676,0.0,0.0,0.0,0.0,0.0,0.0,0.0,0.0,0.0,0.0,0.0,0.0,1,3,4,61.89352119603567,1,0,1,2,3,1.0,1.0135,3.0405,4.0541,62.7299,1.0135,0.0,1.0135,2.027,3.0405,1.0135,,,0,0,0,0,0,0,,0.0,0.0,0.0,0.0,0.0,0.0,16,5,2,0,0.0,3,0,0,0,0,0,0,0,0,0,0,0,0,0,2,0,0.0,16.2162,5.0676,2.027,0.0,0.0,3.0405,0.0,0.0,0.0,0.0,0.0,0.0,0.0,0.0,0.0,0.0,0.0,0.0,0.0,2.027,0.0,0.0,1,1,0,0,0,0,0,1,0,1,0,0,0,0,0,0,0,0,2,0,2,0,0,0,25,5,100.0,,,1,1,100.0,0,0,3,0,1.0135,1.0135,0.0,0.0,0.0,0.0,0.0,1.0135,0.0,1.0135,0.0,0.0,0.0,0.0,0.0,0.0,0.0,0.0,2.027,0.0,2.027,0.0,0.0,0.0,25.3378,5.0676,1.0135,1.0135,0.0,0.0,3.0405,0.0,0,0,0,0,0,0,0.0,0.0,0.0,0.0,0.0,0.0,3,1,0,0,2,1,1,0,3,1,0,0,22.439070887446363,,1,7.48,3.0405,1.0135,0.0,0.0,2.027,1.0135,1.0135,0.0,3.0405,1.0135,0.0,0.0,22.7423,1.0135,0,0,0,0,0,0,,,,0.0,0.0,0.0,0.0,0.0,0.0,0,0,0,0,0,0,0,,0.0,0.0,0.0,0.0,0.0,0.0,0.0,0,1,0,2,0,3,0,0,0,1,0,1,1,2,2,0,0,0,0.0,1.0135,0.0,2.027,0.0,3.0405,0.0,0.0,0.0,1.0135,0.0,1.0135,1.0135,2.027,2.027,0.0,0.0,0.0,88.8,2,<450,False,0.0,1.241,0.0,0.0,2.482,0.0,1.2578,0.0,0.0,2.5155,,
a3qbyj57485msu70fggsk4kr8,P. Saathof,Go Ahead Eagles,38,23,14,8,1,17,9,11,9,10,5,16,9,17,12,5,2,10,4,2,0,0,0,2,0,0,0,60.53,40.0,0.0,52.94,81.82,50.0,56.25,70.59,40.0,,0.0,,38.9522,23.5763,14.3508,8.2005,1.0251,17.426,9.2255,11.2756,9.2255,10.2506,5.1253,16.4009,9.2255,17.426,12.3007,5.1253,2.0501,10.2506,4.1002,2.0501,0.0,0.0,0.0,2.0501,0.0,0.0,0.0,5,4,6,74.02979875766357,1,0,0,6,4,0.0,5.1253,4.1002,6.1503,75.8848,1.0251,0.0,0.0,6.1503,4.1002,0.0,,,2,0,0,0,2,0,0.0,2.0501,0.0,0.0,0.0,2.0501,0.0,21,1,0,0,0,0,0,0,0,0,0,0,0,0,0,0,0,0,0,0,0,0,21.5262,1.0251,0.0,0.0,0.0,0.0,0.0,0.0,0.0,0.0,0.0,0.0,0.0,0.0,0.0,0.0,0.0,0.0,0.0,0.0,0.0,0.0,2,1,5,5,3,2,0,0,0,0,0,5,2,1,2,1,0,0,7,5,2,0,0,0,46,0,50.0,100.0,50.0,9,7,77.78,0,8,4,0,2.0501,1.0251,5.1253,5.1253,3.0752,2.0501,0.0,0.0,0.0,0.0,0.0,5.1253,2.0501,1.0251,2.0501,1.0251,0.0,0.0,7.1754,5.1253,2.0501,0.0,0.0,0.0,47.1526,0.0,9.2255,7.1754,0.0,8.2005,4.1002,0.0,1,0,0,0,0,0,1.0251,0.0,0.0,0.0,0.0,0.0,0,0,0,0,0,0,0,0,0,0,0,0,0,,0,,0.0,0.0,0.0,0.0,0.0,0.0,0.0,0.0,0.0,0.0,0.0,0.0,0.0,0.0,0,0,0,0,0,6,,,,0.0,0.0,0.0,0.0,0.0,6.1503,1,0,0,0,0,0,0,100.0,1.0251,0.0,0.0,0.0,0.0,0.0,0.0,0,5,0,0,0,0,0,5,0,0,0,0,0,0,0,0,1,4,0.0,5.1253,0.0,0.0,0.0,0.0,0.0,5.1253,0.0,0.0,0.0,0.0,0.0,0.0,0.0,0.0,1.0251,4.1002,87.8,4,<450,False,4.58,0.0,4.58,1.832,6.412,4.6948,0.0,4.6948,1.8779,6.5727,,
cvw6enlkjfnrtysck783raf6y,N. Markelo,Fortuna Sittard,27,14,10,4,0,6,4,14,9,7,1,12,7,11,5,4,2,6,2,3,1,0,0,1,0,0,0,51.85,33.33,33.33,66.67,64.29,14.29,58.33,45.45,50.0,,0.0,,27.931,14.4828,10.3448,4.1379,0.0,6.2069,4.1379,14.4828,9.3103,7.2414,1.0345,12.4138,7.2414,11.3793,5.1724,4.1379,2.069,6.2069,2.069,3.1034,1.0345,0.0,0.0,1.0345,0.0,0.0,0.0,4,2,1,3.415280954767853,0,0,0,4,2,0.0,4.1379,2.069,1.0345,3.533,0.0,0.0,0.0,4.1379,2.069,0.0,,,1,0,0,0,1,0,0.0,1.0345,0.0,0.0,0.0,1.0345,0.0,9,0,1,0,0.0,2,0,0,0,0,0,0,0,0,0,0,0,0,0,1,0,0.0,9.3103,0.0,1.0345,0.0,0.0,2.069,0.0,0.0,0.0,0.0,0.0,0.0,0.0,0.0,0.0,0.0,0.0,0.0,0.0,1.0345,0.0,0.0,1,1,2,2,2,0,0,0,0,0,0,2,1,1,0,0,1,1,6,4,2,0,0,0,33,0,100.0,100.0,100.0,4,4,100.0,0,6,2,0,1.0345,1.0345,2.069,2.069,2.069,0.0,0.0,0.0,0.0,0.0,0.0,2.069,1.0345,1.0345,0.0,0.0,1.0345,1.0345,6.2069,4.1379,2.069,0.0,0.0,0.0,34.1379,0.0,4.1379,4.1379,0.0,6.2069,2.069,0.0,0,4,0,1,0,0,0.0,4.1379,0.0,1.0345,0.0,0.0,1,0,0,0,1,0,0,0,0,0,1,0,27.11229331871429,,0,27.11,1.0345,0.0,0.0,0.0,1.0345,0.0,0.0,0.0,0.0,0.0,1.0345,0.0,28.0472,0.0,0,0,0,0,0,9,,,,0.0,0.0,0.0,0.0,0.0,9.3103,0,0,0,0,0,0,0,,0.0,0.0,0.0,0.0,0.0,0.0,0.0,3,1,1,0,0,1,2,0,0,0,0,0,1,0,0,1,0,2,3.1034,1.0345,1.0345,0.0,0.0,1.0345,2.069,0.0,0.0,0.0,0.0,0.0,1.0345,0.0,0.0,1.0345,0.0,2.069,87.0,3,<450,False,1.758,0.0,1.758,0.879,5.275,1.8186,0.0,1.8186,0.9093,5.4569,,
9bgq1tfyfzc3wg9pfr8q510k4,D. Kwakman,Alkmaar Zaanstreek,64,61,34,27,0,5,5,39,38,20,18,33,31,29,28,2,2,2,2,3,3,0,0,2,0,0,0,95.31,100.0,100.0,100.0,97.44,90.0,93.94,96.55,100.0,,0.0,,66.9767,63.8372,35.5814,28.2558,0.0,5.2326,5.2326,40.814,39.7674,20.9302,18.8372,34.5349,32.4419,30.3488,29.3023,2.093,2.093,2.093,2.093,3.1395,3.1395,0.0,0.0,2.093,0.0,0.0,0.0,6,10,14,202.0860503013763,3,0,0,9,10,0.0,6.2791,10.4651,14.6512,211.4854,3.1395,0.0,0.0,9.4186,10.4651,0.0,,,2,0,0,0,2,0,0.0,2.093,0.0,0.0,0.0,2.093,0.0,53,2,3,0,0.0,4,0,0,0,0,0,0,0,1,0,0.0,0,0,0,2,0,0.0,55.4651,2.093,3.1395,0.0,0.0,4.186,0.0,0.0,0.0,0.0,0.0,0.0,0.0,1.0465,0.0,0.0,0.0,0.0,0.0,2.093,0.0,0.0,2,0,1,0,0,1,0,1,0,1,0,0,5,0,3,0,2,0,5,1,4,0,1,0,72,1,0.0,0.0,0.0,8,0,0.0,1,1,6,0,2.093,0.0,1.0465,0.0,0.0,1.0465,0.0,1.0465,0.0,1.0465,0.0,0.0,5.2326,0.0,3.1395,0.0,2.093,0.0,5.2326,1.0465,4.186,0.0,1.0465,0.0,75.3488,1.0465,8.3721,0.0,1.0465,1.0465,6.2791,0.0,3,4,0,0,0,0,3.1395,4.186,0.0,0.0,0.0,0.0,2,0,0,0,2,0,0,0,0,0,2,0,39.38636854381257,,0,19.69,2.093,0.0,0.0,0.0,2.093,0.0,0.0,0.0,0.0,0.0,2.093,0.0,41.2183,0.0,0,0,2,0,0,0,,,,0.0,0.0,2.093,0.0,0.0,0.0,0,0,0,0,0,0,0,,0.0,0.0,0.0,0.0,0.0,0.0,0.0,3,3,1,2,1,1,0,1,0,1,0,0,2,0,2,1,0,1,3.1395,3.1395,1.0465,2.093,1.0465,1.0465,0.0,1.0465,0.0,1.0465,0.0,0.0,2.093,0.0,2.093,1.0465,0.0,1.0465,86.0,3,<450,False,1.097,1.097,0.0,5.487,5.487,1.148,1.148,0.0,5.7422,5.7422,,
5yxt2x26j6ym393evvb5utvdg,R. Rosario,Sparta Rotterdam,25,19,7,12,0,1,1,13,9,11,9,13,9,11,9,1,1,1,1,1,1,0,0,0,0,0,0,76.0,100.0,100.0,100.0,69.23,81.82,69.23,81.82,100.0,,,,26.6904,20.2847,7.4733,12.8114,0.0,1.0676,1.0676,13.879,9.6085,11.7438,9.6085,13.879,9.6085,11.7438,9.6085,1.0676,1.0676,1.0676,1.0676,1.0676,1.0676,0.0,0.0,0.0,0.0,0.0,0.0,1,0,3,36.5827087097196,1,0,1,2,0,1.0,1.0676,0.0,3.2028,39.0563,1.0676,0.0,1.0676,2.1352,0.0,1.0676,,,0,0,0,0,0,0,,0.0,0.0,0.0,0.0,0.0,0.0,23,2,1,0,0.0,2,0,0,0,0,0,0,0,0,0,0,0,0,0,1,0,0.0,24.5552,2.1352,1.0676,0.0,0.0,2.1352,0.0,0.0,0.0,0.0,0.0,0.0,0.0,0.0,0.0,0.0,0.0,0.0,0.0,1.0676,0.0,0.0,4,2,3,3,2,0,1,0,0,0,0,3,4,1,1,0,3,1,4,0,3,1,1,0,39,5,50.0,100.0,25.0,11,6,54.55,1,2,3,2,4.2705,2.1352,3.2028,3.2028,2.1352,0.0,1.0676,0.0,0.0,0.0,0.0,3.2028,4.2705,1.0676,1.0676,0.0,3.2028,1.0676,4.2705,0.0,3.2028,1.0676,1.0676,0.0,41.637,5.3381,11.7438,6.4057,1.0676,2.1352,3.2028,2.1352,1,2,0,0,0,0,1.0676,2.1352,0.0,0.0,0.0,0.0,2,0,0,0,1,0,1,0,1,0,1,0,29.213510731247332,,0,14.61,2.1352,0.0,0.0,0.0,1.0676,0.0,1.0676,0.0,1.0676,0.0,1.0676,0.0,31.1888,0.0,0,0,0,0,0,0,,,,0.0,0.0,0.0,0.0,0.0,0.0,1,0,0,0,0,0,0,100.0,1.0676,0.0,0.0,0.0,0.0,0.0,0.0,0,1,0,1,0,2,0,3,0,0,0,0,2,0,0,1,2,1,0.0,1.0676,0.0,1.0676,0.0,2.1352,0.0,3.2028,0.0,0.0,0.0,0.0,2.1352,0.0,0.0,1.0676,2.1352,1.0676,84.3,6,<450,False,2.831,0.0,2.831,3.775,3.775,3.0224,0.0,3.0224,4.0302,4.0302,,
1txsk5r2tbaelfc7rg0zbbuhg,D. Bobson,PEC Zwolle,18,15,6,9,0,2,1,7,6,9,8,14,12,4,3,0,0,0,0,1,0,0,0,0,0,0,0,83.33,,0.0,50.0,85.71,88.89,85.71,75.0,,,,,20.1242,16.7702,6.7081,10.0621,0.0,2.236,1.118,7.8261,6.7081,10.0621,8.9441,15.6522,13.4161,4.472,3.354,0.0,0.0,0.0,0.0,1.118,0.0,0.0,0.0,0.0,0.0,0.0,0.0,1,0,3,43.51833490223751,1,1,0,2,1,0.0,1.118,0.0,3.354,48.654,1.118,1.118,0.0,2.236,1.118,0.0,,,0,0,0,0,0,0,,0.0,0.0,0.0,0.0,0.0,0.0,12,2,0,0,0,1,0,0,0,0,0,0,0,0,0,0,0,0,0,0,0,0,13.4161,2.236,0.0,0.0,0.0,1.118,0.0,0.0,0.0,0.0,0.0,0.0,0.0,0.0,0.0,0.0,0.0,0.0,0.0,0.0,0.0,0.0,1,1,0,0,0,0,0,0,0,0,0,0,2,1,2,1,0,0,3,1,1,1,0,0,22,0,100.0,,50.0,3,2,66.67,0,1,1,1,1.118,1.118,0.0,0.0,0.0,0.0,0.0,0.0,0.0,0.0,0.0,0.0,2.236,1.118,2.236,1.118,0.0,0.0,3.354,1.118,1.118,1.118,0.0,0.0,24.5963,0.0,3.354,2.236,0.0,1.118,1.118,1.118,0,0,0,0,0,0,0.0,0.0,0.0,0.0,0.0,0.0,0,0,0,0,0,0,0,0,0,0,0,0,0,,0,,0.0,0.0,0.0,0.0,0.0,0.0,0.0,0.0,0.0,0.0,0.0,0.0,0.0,0.0,0,0,0,0,0,0,,,,0.0,0.0,0.0,0.0,0.0,0.0,0,0,0,0,0,0,0,,0.0,0.0,0.0,0.0,0.0,0.0,0.0,0,1,0,0,0,0,0,0,0,0,0,0,0,0,0,0,0,0,0.0,1.118,0.0,0.0,0.0,0.0,0.0,0.0,0.0,0.0,0.0,0.0,0.0,0.0,0.0,0.0,0.0,0.0,80.5,3,<450,False,0.0,0.0,0.0,1.963,2.945,0.0,0.0,0.0,2.1947,3.2925,,
3hgvz4if17suodevp5jubb8fe,F. Mattoir,Almere City FC,19,17,8,8,1,3,3,8,8,8,6,10,9,8,8,1,0,1,0,0,0,0,0,2,0,0,0,89.47,0.0,,100.0,100.0,75.0,90.0,100.0,0.0,,0.0,,21.7834,19.4904,9.172,9.172,1.1465,3.4395,3.4395,9.172,9.172,9.172,6.879,11.465,10.3185,9.172,9.172,1.1465,0.0,1.1465,0.0,0.0,0.0,0.0,0.0,2.293,0.0,0.0,0.0,4,1,4,65.20862352557565,3,1,1,7,2,1.0,4.586,1.1465,4.586,74.7615,3.4395,1.1465,1.1465,8.0255,2.293,1.1465,,,2,0,2,0,0,0,0.0,2.293,0.0,2.293,0.0,0.0,0.0,13,3,0,0,0,0,0,0,0,0,0,0,0,0,0,0,0,0,0,0,0,0,14.9045,3.4395,0.0,0.0,0.0,0.0,0.0,0.0,0.0,0.0,0.0,0.0,0.0,0.0,0.0,0.0,0.0,0.0,0.0,0.0,0.0,0.0,6,1,1,0,1,0,0,0,0,0,0,1,3,0,1,0,2,0,5,3,1,1,4,0,33,1,16.67,0.0,0.0,10,1,10.0,4,4,1,1,6.879,1.1465,1.1465,0.0,1.1465,0.0,0.0,0.0,0.0,0.0,0.0,1.1465,3.4395,0.0,1.1465,0.0,2.293,0.0,5.7325,3.4395,1.1465,1.1465,4.586,0.0,37.8344,1.1465,11.465,1.1465,4.586,4.586,1.1465,1.1465,0,3,0,0,0,0,0.0,3.4395,0.0,0.0,0.0,0.0,0,0,0,0,0,0,0,0,0,0,0,0,0,,0,,0.0,0.0,0.0,0.0,0.0,0.0,0.0,0.0,0.0,0.0,0.0,0.0,0.0,0.0,1,0,3,0,0,0,,,0.0,1.1465,0.0,3.4395,0.0,0.0,0.0,0,0,0,0,0,0,0,,0.0,0.0,0.0,0.0,0.0,0.0,0.0,0,4,0,0,0,0,0,1,0,0,0,0,0,0,0,0,1,0,0.0,4.586,0.0,0.0,0.0,0.0,0.0,1.1465,0.0,0.0,0.0,0.0,0.0,0.0,0.0,0.0,1.1465,0.0,78.5,4,<450,False,0.892,0.0,0.892,2.677,4.461,1.0227,0.0,1.0227,3.0692,5.1145,,
55njsqpc4izy2wogf188whtrd,Pedro Marques,Nijmegen Eendracht Combinatie,28,19,5,14,0,0,0,17,13,11,6,22,15,5,3,1,1,1,1,2,2,1,1,1,0,0,0,67.86,100.0,100.0,,76.47,54.55,68.18,60.0,100.0,100.0,0.0,,33.2016,22.5296,5.9289,16.6008,0.0,0.0,0.0,20.1581,15.415,13.0435,7.1146,26.087,17.7866,5.9289,3.5573,1.1858,1.1858,1.1858,1.1858,2.3715,2.3715,1.1858,1.1858,1.1858,0.0,0.0,0.0,2,2,3,26.20398184294527,0,0,0,2,2,0.0,2.3715,2.3715,3.5573,31.0719,0.0,0.0,0.0,2.3715,2.3715,0.0,,,2,1,2,1,0,0,50.0,2.3715,1.1858,2.3715,1.1858,0.0,0.0,21,8,0,0,0,2,0,0,0,0,0,0,0,0,0,0,0,0,0,0,0,0,24.9012,9.4862,0.0,0.0,0.0,2.3715,0.0,0.0,0.0,0.0,0.0,0.0,0.0,0.0,0.0,0.0,0.0,0.0,0.0,0.0,0.0,0.0,1,1,0,0,0,0,0,0,0,0,0,0,3,1,0,0,3,1,4,1,2,1,0,0,39,5,100.0,,33.33,4,2,50.0,0,1,2,1,1.1858,1.1858,0.0,0.0,0.0,0.0,0.0,0.0,0.0,0.0,0.0,0.0,3.5573,1.1858,0.0,0.0,3.5573,1.1858,4.7431,1.1858,2.3715,1.1858,0.0,0.0,46.2451,5.9289,4.7431,2.3715,0.0,1.1858,2.3715,1.1858,0,3,0,2,0,0,0.0,3.5573,0.0,2.3715,0.0,0.0,3,0,0,0,1,0,2,0,3,0,0,0,32.48264625952561,,0,10.83,3.5573,0.0,0.0,0.0,1.1858,0.0,2.3715,0.0,3.5573,0.0,0.0,0.0,38.517,0.0,0,0,0,0,0,0,,,,0.0,0.0,0.0,0.0,0.0,0.0,0,0,0,0,0,0,0,,0.0,0.0,0.0,0.0,0.0,0.0,0.0,0,2,0,0,0,3,0,0,0,0,0,0,0,3,0,0,0,0,0.0,2.3715,0.0,0.0,0.0,3.5573,0.0,0.0,0.0,0.0,0.0,0.0,0.0,3.5573,0.0,0.0,0.0,0.0,75.9,3,<450,False,0.0,0.0,0.0,2.903,3.87,0.0,0.0,0.0,3.4423,4.5889,,
dafbvyorudvujxw7zswicykmh,O. Wijndal,AFC Ajax,53,44,20,24,0,16,11,22,21,15,12,27,22,23,20,3,2,8,5,1,0,1,1,0,0,0,0,83.02,62.5,0.0,68.75,95.45,80.0,81.48,86.96,66.67,100.0,,,63.5153,52.7297,23.968,28.7617,0.0,19.1744,13.1824,26.3648,25.1664,17.976,14.3808,32.3569,26.3648,27.5632,23.968,3.5952,2.3968,9.5872,5.992,1.1984,0.0,1.1984,1.1984,0.0,0.0,0.0,0.0,6,2,7,129.08456830668152,2,3,0,8,5,0.0,7.1904,2.3968,8.3888,154.6952,2.3968,3.5952,0.0,9.5872,5.992,0.0,,,1,1,1,1,0,0,100.0,1.1984,1.1984,1.1984,1.1984,0.0,0.0,40,3,2,0,0.0,4,0,0,0,0,1,0,0.0,0,0,0,0,0,0,1,0,0.0,47.9361,3.5952,2.3968,0.0,0.0,4.7936,0.0,0.0,0.0,0.0,1.1984,0.0,0.0,0.0,0.0,0.0,0.0,0.0,0.0,1.1984,0.0,0.0,1,0,2,1,2,0,0,1,0,1,0,0,2,2,2,2,0,0,6,3,2,1,0,0,55,0,0.0,50.0,100.0,5,3,60.0,0,5,3,1,1.1984,0.0,2.3968,1.1984,2.3968,0.0,0.0,1.1984,0.0,1.1984,0.0,0.0,2.3968,2.3968,2.3968,2.3968,0.0,0.0,7.1904,3.5952,2.3968,1.1984,0.0,0.0,65.9121,0.0,5.992,3.5952,0.0,5.992,3.5952,1.1984,0,0,0,0,0,0,0.0,0.0,0.0,0.0,0.0,0.0,0,0,0,0,0,0,0,0,0,0,0,0,0,,0,,0.0,0.0,0.0,0.0,0.0,0.0,0.0,0.0,0.0,0.0,0.0,0.0,0.0,0.0,0,0,0,0,0,2,,,,0.0,0.0,0.0,0.0,0.0,2.3968,0,0,0,0,0,0,0,,0.0,0.0,0.0,0.0,0.0,0.0,0.0,0,6,0,2,0,0,0,2,0,1,0,0,0,0,1,1,0,2,0.0,7.1904,0.0,2.3968,0.0,0.0,0.0,2.3968,0.0,1.1984,0.0,0.0,0.0,0.0,1.1984,1.1984,0.0,2.3968,75.1,2,<450,False,2.482,1.241,0.0,2.482,7.447,2.9744,1.4872,0.0,2.9744,8.9245,,
cnqxbvy77blk2ulx06t65it49,A. Fontana,PEC Zwolle,16,10,5,5,0,2,2,9,6,5,2,8,6,6,4,2,0,2,0,1,1,0,0,1,0,0,0,62.5,0.0,100.0,100.0,66.67,40.0,75.0,66.67,0.0,,0.0,,20.1399,12.5874,6.2937,6.2937,0.0,2.5175,2.5175,11.3287,7.5524,6.2937,2.5175,10.0699,7.5524,7.5524,5.035,2.5175,0.0,2.5175,0.0,1.2587,1.2587,0.0,0.0,1.2587,0.0,0.0,0.0,1,0,1,8.439541219758327,0,0,0,1,0,0.0,1.2587,0.0,1.2587,10.6232,0.0,0.0,0.0,1.2587,0.0,0.0,,,1,0,0,0,1,0,0.0,1.2587,0.0,0.0,0.0,1.2587,0.0,11,0,0,0,0,0,0,0,0,0,0,0,0,0,0,0,0,0,0,0,0,0,13.8462,0.0,0.0,0.0,0.0,0.0,0.0,0.0,0.0,0.0,0.0,0.0,0.0,0.0,0.0,0.0,0.0,0.0,0.0,0.0,0.0,0.0,1,0,1,0,1,0,0,1,0,0,1,0,1,0,0,0,1,0,1,0,0,1,0,0,18,1,0.0,0.0,0.0,3,0,0.0,0,1,0,2,1.2587,0.0,1.2587,0.0,1.2587,0.0,0.0,1.2587,0.0,0.0,1.2587,0.0,1.2587,0.0,0.0,0.0,1.2587,0.0,1.2587,0.0,0.0,1.2587,0.0,0.0,22.6573,1.2587,3.7762,0.0,0.0,1.2587,0.0,2.5175,1,0,0,0,0,0,1.2587,0.0,0.0,0.0,0.0,0.0,1,0,0,0,1,0,0,0,1,0,0,0,16.894961260683615,,0,16.89,1.2587,0.0,0.0,0.0,1.2587,0.0,0.0,0.0,1.2587,0.0,0.0,0.0,21.2664,0.0,0,0,0,0,0,0,,,,0.0,0.0,0.0,0.0,0.0,0.0,0,0,0,0,0,0,0,,0.0,0.0,0.0,0.0,0.0,0.0,0.0,0,1,0,0,0,1,0,1,0,1,0,0,0,1,0,0,0,1,0.0,1.2587,0.0,0.0,0.0,1.2587,0.0,1.2587,0.0,1.2587,0.0,0.0,0.0,1.2587,0.0,0.0,0.0,1.2587,71.5,4,<450,False,0.982,0.982,0.0,0.982,0.982,1.2361,1.2361,0.0,1.2361,1.2361,,
2mfslxxrar9a5fbif0ulk7ze,D. Nunumete,SC Heerenveen,39,33,16,16,1,28,26,7,4,4,3,15,13,20,17,4,3,3,2,0,0,1,1,0,0,0,0,84.62,66.67,,92.86,57.14,75.0,86.67,85.0,75.0,100.0,,,50.5036,42.7338,20.7194,20.7194,1.295,36.259,33.6691,9.0647,5.1799,5.1799,3.8849,19.4245,16.8345,25.8993,22.0144,5.1799,3.8849,3.8849,2.5899,0.0,0.0,1.295,1.295,0.0,0.0,0.0,0.0,2,0,6,103.70142654904758,0,0,0,2,0,0.0,2.5899,0.0,7.7698,134.2896,0.0,0.0,0.0,2.5899,0.0,0.0,,,1,1,1,1,0,0,100.0,1.295,1.295,1.295,1.295,0.0,0.0,29,0,1,0,0.0,1,0,0,0,0,1,0,0.0,0,0,0,0,0,0,0,0,0,37.554,0.0,1.295,0.0,0.0,1.295,0.0,0.0,0.0,0.0,1.295,0.0,0.0,0.0,0.0,0.0,0.0,0.0,0.0,0.0,0.0,0.0,0,0,1,0,1,0,0,1,1,0,0,1,0,0,0,0,0,0,3,1,2,0,0,0,41,0,,0.0,,1,0,0.0,0,3,2,0,0.0,0.0,1.295,0.0,1.295,0.0,0.0,1.295,1.295,0.0,0.0,1.295,0.0,0.0,0.0,0.0,0.0,0.0,3.8849,1.295,2.5899,0.0,0.0,0.0,53.0935,0.0,1.295,0.0,0.0,3.8849,2.5899,0.0,2,1,0,0,0,0,2.5899,1.295,0.0,0.0,0.0,0.0,1,0,1,0,0,0,0,0,0,0,1,0,26.474601035709686,,0,26.47,1.295,0.0,1.295,0.0,0.0,0.0,0.0,0.0,0.0,0.0,1.295,0.0,34.2837,0.0,0,0,1,0,0,0,,,,0.0,0.0,1.295,0.0,0.0,0.0,0,0,0,0,0,0,0,,0.0,0.0,0.0,0.0,0.0,0.0,0.0,0,2,0,1,0,1,0,1,0,1,0,0,0,1,0,1,0,1,0.0,2.5899,0.0,1.295,0.0,1.295,0.0,1.295,0.0,1.295,0.0,0.0,0.0,1.295,0.0,1.295,0.0,1.295,69.5,3,<450,False,0.993,0.993,0.993,0.0,2.978,1.2859,1.2859,1.2859,0.0,3.8564,,
1hyepaipbp5bzpm01mtlk9785,D. Pröpper,SBV Vitesse,45,35,17,18,0,6,5,27,23,12,7,24,18,19,15,2,2,1,1,3,2,0,0,2,0,0,0,77.78,100.0,66.67,83.33,85.19,58.33,75.0,78.95,100.0,,0.0,,58.2734,45.3237,22.0144,23.3094,0.0,7.7698,6.4748,34.964,29.7842,15.5396,9.0647,31.0791,23.3094,24.6043,19.4245,2.5899,2.5899,1.295,1.295,3.8849,2.5899,0.0,0.0,2.5899,0.0,0.0,0.0,4,1,7,54.033746554947896,1,0,0,5,1,0.0,5.1799,1.295,9.0647,69.9718,1.295,0.0,0.0,6.4748,1.295,0.0,,,2,0,0,0,2,0,0.0,2.5899,0.0,0.0,0.0,2.5899,0.0,34,1,0,0,0,1,0,0,0,0,0,0,0,0,0,0,0,0,0,0,0,0,44.0288,1.295,0.0,0.0,0.0,1.295,0.0,0.0,0.0,0.0,0.0,0.0,0.0,0.0,0.0,0.0,0.0,0.0,0.0,0.0,0.0,0.0,1,0,1,0,0,1,0,0,0,0,0,0,0,0,0,0,0,0,5,2,2,1,1,0,49,2,0.0,0.0,,2,0,0.0,1,2,3,1,1.295,0.0,1.295,0.0,0.0,1.295,0.0,0.0,0.0,0.0,0.0,0.0,0.0,0.0,0.0,0.0,0.0,0.0,6.4748,2.5899,2.5899,1.295,1.295,0.0,63.4532,2.5899,2.5899,0.0,1.295,2.5899,3.8849,1.295,2,0,0,0,0,0,2.5899,0.0,0.0,0.0,0.0,0.0,1,0,1,0,0,0,0,0,0,0,1,0,22.090700396320617,,0,22.09,1.295,0.0,1.295,0.0,0.0,0.0,0.0,0.0,0.0,0.0,1.295,0.0,28.6067,0.0,0,0,2,0,0,1,,,,0.0,0.0,2.5899,0.0,0.0,1.295,2,0,0,0,0,0,0,100.0,2.5899,0.0,0.0,0.0,0.0,0.0,0.0,4,0,0,0,0,1,1,0,0,0,0,0,1,0,0,0,0,1,5.1799,0.0,0.0,0.0,0.0,1.295,1.295,0.0,0.0,0.0,0.0,0.0,1.295,0.0,0.0,0.0,0.0,1.295,69.5,2,<450,False,1.008,0.0,0.0,0.0,5.042,1.3053,0.0,0.0,0.0,6.5292,,
5r47vtvu418kae5j2rpv6w2dw,M. Rots,FC Twente,48,42,10,32,0,9,6,32,30,7,6,28,26,15,13,5,3,4,2,3,2,1,0,0,0,0,0,87.5,50.0,66.67,66.67,93.75,85.71,92.86,86.67,60.0,0.0,,,63.0657,55.1825,13.1387,42.0438,0.0,11.8248,7.8832,42.0438,39.4161,9.1971,7.8832,36.7883,34.1606,19.708,17.0803,6.5693,3.9416,5.2555,2.6277,3.9416,2.6277,1.3139,0.0,0.0,0.0,0.0,0.0,4,3,9,118.06129418882614,1,1,0,5,4,0.0,5.2555,3.9416,11.8248,155.117,1.3139,1.3139,0.0,6.5693,5.2555,0.0,,,1,0,1,0,0,0,0.0,1.3139,0.0,1.3139,0.0,0.0,0.0,36,0,1,0,0.0,2,0,0,0,0,0,0,0,0,0,0,0,0,0,1,0,0.0,47.2993,0.0,1.3139,0.0,0.0,2.6277,0.0,0.0,0.0,0.0,0.0,0.0,0.0,0.0,0.0,0.0,0.0,0.0,0.0,1.3139,0.0,0.0,5,3,0,0,0,0,0,2,1,1,0,2,0,0,0,0,0,0,4,1,2,1,0,0,58,1,60.0,,,5,3,60.0,0,2,3,1,6.5693,3.9416,0.0,0.0,0.0,0.0,0.0,2.6277,1.3139,1.3139,0.0,2.6277,0.0,0.0,0.0,0.0,0.0,0.0,5.2555,1.3139,2.6277,1.3139,0.0,0.0,76.2044,1.3139,6.5693,3.9416,0.0,2.6277,3.9416,1.3139,0,1,1,0,0,0,0.0,1.3139,1.3139,0.0,0.0,0.0,1,0,1,0,0,0,0,0,1,0,0,0,18.970134422296532,,0,18.97,1.3139,0.0,1.3139,0.0,0.0,0.0,0.0,0.0,1.3139,0.0,0.0,0.0,24.9243,0.0,0,0,1,0,0,1,,,,0.0,0.0,1.3139,0.0,0.0,1.3139,0,0,0,0,0,0,0,,0.0,0.0,0.0,0.0,0.0,0.0,0.0,2,2,1,0,0,1,0,0,2,0,0,0,1,0,1,0,0,0,2.6277,2.6277,1.3139,0.0,0.0,1.3139,0.0,0.0,2.6277,0.0,0.0,0.0,1.3139,0.0,1.3139,0.0,0.0,0.0,68.5,1,<450,False,0.0,2.279,2.279,0.0,4.558,0.0,2.9943,2.9943,0.0,5.9886,,
f593mnttzie8gicqlig2zvzvu,A. van Axel Dongen,AFC Ajax,10,6,4,2,0,0,0,5,4,5,2,3,3,3,1,4,2,4,2,0,0,0,0,2,0,0,0,60.0,50.0,,,80.0,40.0,100.0,33.33,50.0,,0.0,,13.3929,8.0357,5.3571,2.6786,0.0,0.0,0.0,6.6964,5.3571,6.6964,2.6786,4.0179,4.0179,4.0179,1.3393,5.3571,2.6786,5.3571,2.6786,0.0,0.0,0.0,0.0,2.6786,0.0,0.0,0.0,2,0,1,6.300559975113315,0,0,0,2,0,0.0,2.6786,0.0,1.3393,8.4382,0.0,0.0,0.0,2.6786,0.0,0.0,,,2,0,2,0,0,0,0.0,2.6786,0.0,2.6786,0.0,0.0,0.0,8,2,1,0,0.0,1,0,0,0,0,0,0,0,0,0,0,0,0,0,1,0,0.0,10.7143,2.6786,1.3393,0.0,0.0,1.3393,0.0,0.0,0.0,0.0,0.0,0.0,0.0,0.0,0.0,0.0,0.0,0.0,0.0,1.3393,0.0,0.0,3,1,1,0,0,0,1,1,0,1,0,0,0,0,0,0,0,0,4,2,1,1,2,0,15,0,33.33,0.0,,4,1,25.0,2,2,2,2,4.0179,1.3393,1.3393,0.0,0.0,0.0,1.3393,1.3393,0.0,1.3393,0.0,0.0,0.0,0.0,0.0,0.0,0.0,0.0,5.3571,2.6786,1.3393,1.3393,2.6786,0.0,20.0893,0.0,5.3571,1.3393,2.6786,2.6786,2.6786,2.6786,2,1,0,0,0,0,2.6786,1.3393,0.0,0.0,0.0,0.0,1,0,0,0,1,0,0,0,0,0,1,0,25.68163740885694,,0,25.68,1.3393,0.0,0.0,0.0,1.3393,0.0,0.0,0.0,0.0,0.0,1.3393,0.0,34.3951,0.0,0,0,0,0,0,0,,,,0.0,0.0,0.0,0.0,0.0,0.0,0,0,0,0,0,0,0,,0.0,0.0,0.0,0.0,0.0,0.0,0.0,2,0,1,0,1,0,1,0,0,1,0,0,1,0,1,0,1,0,2.6786,0.0,1.3393,0.0,1.3393,0.0,1.3393,0.0,0.0,1.3393,0.0,0.0,1.3393,0.0,1.3393,0.0,1.3393,0.0,67.2,3,<450,False,1.241,1.241,0.0,0.0,4.965,1.6621,1.6621,0.0,0.0,6.6496,,
7sa0cx70w7dc0ahu5sm0ziz11,R. Fernandes,Go Ahead Eagles,25,16,6,10,0,3,1,4,3,18,12,14,11,7,5,4,0,4,0,1,0,0,0,5,0,0,0,64.0,0.0,0.0,33.33,75.0,66.67,78.57,71.43,0.0,,0.0,,33.9879,21.7523,8.1571,13.5952,0.0,4.0785,1.3595,5.4381,4.0785,24.4713,16.3142,19.0332,14.9547,9.5166,6.7976,5.4381,0.0,5.4381,0.0,1.3595,0.0,0.0,0.0,6.7976,0.0,0.0,0.0,4,1,5,82.56650398230344,2,1,1,6,2,1.0,5.4381,1.3595,6.7976,112.2505,2.719,1.3595,1.3595,8.1571,2.719,1.3595,,,5,0,5,0,0,0,0.0,6.7976,0.0,6.7976,0.0,0.0,0.0,18,5,2,0,0.0,3,0,0,0,0,0,0,0,0,0,0,0,0,0,2,0,0.0,24.4713,6.7976,2.719,0.0,0.0,4.0785,0.0,0.0,0.0,0.0,0.0,0.0,0.0,0.0,0.0,0.0,0.0,0.0,0.0,2.719,0.0,0.0,2,1,0,0,0,0,0,0,0,0,0,0,1,0,1,0,0,0,1,1,0,0,1,0,30,3,50.0,,0.0,3,1,33.33,1,1,0,0,2.719,1.3595,0.0,0.0,0.0,0.0,0.0,0.0,0.0,0.0,0.0,0.0,1.3595,0.0,1.3595,0.0,0.0,0.0,1.3595,1.3595,0.0,0.0,1.3595,0.0,40.7855,4.0785,4.0785,1.3595,1.3595,1.3595,0.0,0.0,1,1,0,0,0,0,1.3595,1.3595,0.0,0.0,0.0,0.0,2,0,0,0,2,0,0,0,1,0,1,0,38.70294031397968,,0,19.35,2.719,0.0,0.0,0.0,2.719,0.0,0.0,0.0,1.3595,0.0,1.3595,0.0,52.6173,0.0,1,0,0,0,0,2,,,0.0,1.3595,0.0,0.0,0.0,0.0,2.719,0,0,0,0,0,0,0,,0.0,0.0,0.0,0.0,0.0,0.0,0.0,0,4,0,2,0,2,0,0,0,0,0,0,2,0,1,1,0,0,0.0,5.4381,0.0,2.719,0.0,2.719,0.0,0.0,0.0,0.0,0.0,0.0,2.719,0.0,1.3595,1.3595,0.0,0.0,66.2,6,<450,False,0.0,0.0,0.0,0.916,0.916,0.0,0.0,0.0,1.2453,1.2453,,
2t2mq9pun2hrdvadnpixxvlzo,A. Blake,FC Utrecht,16,14,7,7,0,0,0,6,5,10,9,8,6,6,6,2,2,2,2,1,1,0,0,1,1,0,0,87.5,100.0,100.0,,83.33,90.0,75.0,100.0,100.0,,100.0,,22.188,19.4145,9.7072,9.7072,0.0,0.0,0.0,8.3205,6.9337,13.8675,12.4807,11.094,8.3205,8.3205,8.3205,2.7735,2.7735,2.7735,2.7735,1.3867,1.3867,0.0,0.0,1.3867,1.3867,0.0,0.0,3,2,3,33.04657324545967,0,0,1,3,2,1.0,4.1602,2.7735,4.1602,45.8273,0.0,0.0,1.3867,4.1602,2.7735,1.3867,,,1,1,0,0,1,1,100.0,1.3867,1.3867,0.0,0.0,1.3867,1.3867,14,5,3,1,0.0,4,2,0,0,0,1,1,0.0,0,0,0,0,0,0,2,0,0.0,19.4145,6.9337,4.1602,1.3867,0.0,5.547,2.7735,0.0,0.0,0.0,1.3867,1.3867,0.0,0.0,0.0,0.0,0.0,0.0,0.0,2.7735,0.0,0.0,3,2,0,0,0,0,0,0,0,0,0,0,1,0,0,0,1,0,2,0,2,0,0,0,22,5,66.67,,0.0,4,2,50.0,0,0,2,0,4.1602,2.7735,0.0,0.0,0.0,0.0,0.0,0.0,0.0,0.0,0.0,0.0,1.3867,0.0,0.0,0.0,1.3867,0.0,2.7735,0.0,2.7735,0.0,0.0,0.0,30.5085,6.9337,5.547,2.7735,0.0,0.0,2.7735,0.0,0,2,0,0,0,0,0.0,2.7735,0.0,0.0,0.0,0.0,2,1,0,0,2,1,0,0,2,1,0,0,28.24050674857233,,2,14.12,2.7735,1.3867,0.0,0.0,2.7735,1.3867,0.0,0.0,2.7735,1.3867,0.0,0.0,39.1625,2.7735,0,0,0,0,0,0,,,,0.0,0.0,0.0,0.0,0.0,0.0,0,0,0,0,0,0,0,,0.0,0.0,0.0,0.0,0.0,0.0,0.0,0,3,0,3,0,2,0,0,0,0,1,0,2,0,3,0,0,0,0.0,4.1602,0.0,4.1602,0.0,2.7735,0.0,0.0,0.0,0.0,1.3867,0.0,2.7735,0.0,4.1602,0.0,0.0,0.0,64.9,5,<450,False,0.0,0.0,0.0,0.967,1.934,0.0,0.0,0.0,1.341,2.682,,
g2e3oq7zuglwqsf7vqcs055g,D. van Oorschot,Heracles Almelo,8,6,3,3,0,2,2,2,2,4,2,3,3,5,3,0,0,0,0,0,0,0,0,1,0,0,0,75.0,,,100.0,100.0,50.0,100.0,60.0,,,0.0,,11.9008,8.9256,4.4628,4.4628,0.0,2.9752,2.9752,2.9752,2.9752,5.9504,2.9752,4.4628,4.4628,7.438,4.4628,0.0,0.0,0.0,0.0,0.0,0.0,0.0,0.0,1.4876,0.0,0.0,0.0,1,0,1,4.20495136713851,0,0,0,1,0,0.0,1.4876,0.0,1.4876,6.2553,0.0,0.0,0.0,1.4876,0.0,0.0,,,1,0,0,0,1,0,0.0,1.4876,0.0,0.0,0.0,1.4876,0.0,6,3,2,0,0.0,2,0,0,0,0,0,0,0,0,0,0,0,0,0,2,0,0.0,8.9256,4.4628,2.9752,0.0,0.0,2.9752,0.0,0.0,0.0,0.0,0.0,0.0,0.0,0.0,0.0,0.0,0.0,0.0,0.0,2.9752,0.0,0.0,0,0,1,1,1,0,0,0,0,0,0,1,0,0,0,0,0,0,4,0,3,1,0,0,13,2,,100.0,,1,1,100.0,0,1,3,1,0.0,0.0,1.4876,1.4876,1.4876,0.0,0.0,0.0,0.0,0.0,0.0,1.4876,0.0,0.0,0.0,0.0,0.0,0.0,5.9504,0.0,4.4628,1.4876,0.0,0.0,19.3388,2.9752,1.4876,1.4876,0.0,1.4876,4.4628,1.4876,1,0,0,0,0,0,1.4876,0.0,0.0,0.0,0.0,0.0,1,0,0,0,1,0,0,0,1,0,0,0,16.253978712918258,,0,16.25,1.4876,0.0,0.0,0.0,1.4876,0.0,0.0,0.0,1.4876,0.0,0.0,0.0,24.1795,0.0,0,0,0,0,0,0,,,,0.0,0.0,0.0,0.0,0.0,0.0,0,0,0,0,0,0,0,,0.0,0.0,0.0,0.0,0.0,0.0,0.0,0,1,0,2,0,1,0,1,0,0,0,0,1,0,2,0,0,1,0.0,1.4876,0.0,2.9752,0.0,1.4876,0.0,1.4876,0.0,0.0,0.0,0.0,1.4876,0.0,2.9752,0.0,0.0,1.4876,60.5,4,<450,False,0.93,0.0,0.93,0.0,3.718,1.3835,0.0,1.3835,0.0,5.5309,,
9x5m4qu5fkxbi9aevucd9de6s,H. El Dahri,Sparta Rotterdam,14,9,4,5,0,2,1,10,8,2,0,6,4,7,5,1,0,0,0,1,0,0,0,0,0,0,0,64.29,,0.0,50.0,80.0,0.0,66.67,71.43,0.0,,,,20.9302,13.4551,5.9801,7.4751,0.0,2.99,1.495,14.9502,11.9601,2.99,0.0,8.9701,5.9801,10.4651,7.4751,1.495,0.0,0.0,0.0,1.495,0.0,0.0,0.0,0.0,0.0,0.0,0.0,0,1,3,46.8263125457932,0,0,0,0,1,0.0,0.0,1.495,4.485,70.0061,0.0,0.0,0.0,0.0,1.495,0.0,,,0,0,0,0,0,0,,0.0,0.0,0.0,0.0,0.0,0.0,11,2,0,0,0,0,0,0,0,0,0,0,0,0,0,0,0,0,0,0,0,0,16.4452,2.99,0.0,0.0,0.0,0.0,0.0,0.0,0.0,0.0,0.0,0.0,0.0,0.0,0.0,0.0,0.0,0.0,0.0,0.0,0.0,0.0,2,0,2,2,1,1,0,0,0,0,0,0,3,1,1,0,2,1,3,1,2,0,1,0,21,1,0.0,100.0,33.33,7,3,42.86,1,2,3,0,2.99,0.0,2.99,2.99,1.495,1.495,0.0,0.0,0.0,0.0,0.0,0.0,4.485,1.495,1.495,0.0,2.99,1.495,4.485,1.495,2.99,0.0,1.495,0.0,31.3953,1.495,10.4651,4.485,1.495,2.99,4.485,0.0,1,0,0,1,0,0,1.495,0.0,0.0,1.495,0.0,0.0,0,0,0,0,0,0,0,0,0,0,0,0,0,,0,,0.0,0.0,0.0,0.0,0.0,0.0,0.0,0.0,0.0,0.0,0.0,0.0,0.0,0.0,0,0,0,0,0,0,,,,0.0,0.0,0.0,0.0,0.0,0.0,0,0,0,0,0,0,0,,0.0,0.0,0.0,0.0,0.0,0.0,0.0,0,0,0,0,0,0,0,2,0,0,0,0,0,0,0,0,1,1,0.0,0.0,0.0,0.0,0.0,0.0,0.0,2.99,0.0,0.0,0.0,0.0,0.0,0.0,0.0,0.0,1.495,1.495,60.2,5,<450,False,1.888,0.0,0.0,2.831,2.831,2.8226,0.0,0.0,4.2324,4.2324,,
1ozx13ql151nkmvxmgnkr0rh0,E. Fiemawhle,FC Volendam,6,2,1,1,0,2,0,1,0,3,2,2,1,3,1,1,0,1,0,2,0,1,1,0,0,0,0,33.33,0.0,0.0,0.0,0.0,66.67,50.0,33.33,0.0,100.0,,,9.8901,3.2967,1.6484,1.6484,0.0,3.2967,0.0,1.6484,0.0,4.9451,3.2967,3.2967,1.6484,4.9451,1.6484,1.6484,0.0,1.6484,0.0,3.2967,0.0,1.6484,1.6484,0.0,0.0,0.0,0.0,1,0,1,11.858836747337401,0,0,0,1,0,0.0,1.6484,0.0,1.6484,19.5475,0.0,0.0,0.0,1.6484,0.0,0.0,,,1,1,0,0,1,1,100.0,1.6484,1.6484,0.0,0.0,1.6484,1.6484,5,2,0,0,0,0,0,0,0,0,0,0,0,0,0,0,0,0,0,0,0,0,8.2418,3.2967,0.0,0.0,0.0,0.0,0.0,0.0,0.0,0.0,0.0,0.0,0.0,0.0,0.0,0.0,0.0,0.0,0.0,0.0,0.0,0.0,0,0,1,0,1,0,0,0,0,0,0,1,1,1,1,1,0,0,0,0,0,0,0,0,10,1,,0.0,100.0,2,1,50.0,0,1,0,0,0.0,0.0,1.6484,0.0,1.6484,0.0,0.0,0.0,0.0,0.0,0.0,1.6484,1.6484,1.6484,1.6484,1.6484,0.0,0.0,0.0,0.0,0.0,0.0,0.0,0.0,16.4835,1.6484,3.2967,1.6484,0.0,1.6484,0.0,0.0,0,0,0,0,0,0,0.0,0.0,0.0,0.0,0.0,0.0,0,0,0,0,0,0,0,0,0,0,0,0,0,,0,,0.0,0.0,0.0,0.0,0.0,0.0,0.0,0.0,0.0,0.0,0.0,0.0,0.0,0.0,0,0,0,0,0,0,,,,0.0,0.0,0.0,0.0,0.0,0.0,0,0,0,0,0,0,0,,0.0,0.0,0.0,0.0,0.0,0.0,0.0,0,1,0,0,0,0,0,1,0,0,0,0,0,0,0,0,1,0,0.0,1.6484,0.0,0.0,0.0,0.0,0.0,1.6484,0.0,0.0,0.0,0.0,0.0,0.0,0.0,0.0,1.6484,0.0,54.6,2,<450,False,0.852,0.0,0.852,0.852,0.0,1.4044,0.0,1.4044,1.4044,0.0,,
266bhlksybsxaymm3ufiqlpg4,F. Klomp,FC Volendam,9,8,3,5,0,2,2,6,5,1,1,7,7,1,1,1,0,0,0,2,2,0,0,0,0,0,0,88.89,,100.0,100.0,83.33,100.0,100.0,100.0,0.0,,,,15.2256,13.5338,5.0752,8.4586,0.0,3.3835,3.3835,10.1504,8.4586,1.6917,1.6917,11.8421,11.8421,1.6917,1.6917,1.6917,0.0,0.0,0.0,3.3835,3.3835,0.0,0.0,0.0,0.0,0.0,0.0,0,1,1,19.163497201711383,1,0,0,1,1,0.0,0.0,1.6917,1.6917,32.4195,1.6917,0.0,0.0,1.6917,1.6917,0.0,,,0,0,0,0,0,0,,0.0,0.0,0.0,0.0,0.0,0.0,4,1,0,0,0,0,0,0,0,0,0,0,0,0,0,0,0,0,0,0,0,0,6.7669,1.6917,0.0,0.0,0.0,0.0,0.0,0.0,0.0,0.0,0.0,0.0,0.0,0.0,0.0,0.0,0.0,0.0,0.0,0.0,0.0,0.0,0,0,3,3,2,1,0,0,0,0,0,1,1,0,1,0,0,0,4,1,3,0,0,0,12,0,,100.0,0.0,4,3,75.0,0,3,4,0,0.0,0.0,5.0752,5.0752,3.3835,1.6917,0.0,0.0,0.0,0.0,0.0,1.6917,1.6917,0.0,1.6917,0.0,0.0,0.0,6.7669,1.6917,5.0752,0.0,0.0,0.0,20.3008,0.0,6.7669,5.0752,0.0,5.0752,6.7669,0.0,0,1,0,0,0,0,0.0,1.6917,0.0,0.0,0.0,0.0,1,0,0,0,1,0,0,0,0,0,1,0,25.004723473775908,,0,25.0,1.6917,0.0,0.0,0.0,1.6917,0.0,0.0,0.0,0.0,0.0,1.6917,0.0,42.3012,0.0,0,0,1,0,0,0,,,,0.0,0.0,1.6917,0.0,0.0,0.0,0,0,0,0,0,0,0,,0.0,0.0,0.0,0.0,0.0,0.0,0.0,0,0,0,0,0,1,0,3,0,0,0,0,1,0,0,0,3,0,0.0,0.0,0.0,0.0,0.0,1.6917,0.0,5.0752,0.0,0.0,0.0,0.0,1.6917,0.0,0.0,0.0,5.0752,0.0,53.2,2,<450,False,2.556,0.0,0.852,0.852,3.408,4.3241,0.0,1.4414,1.4414,5.7654,,
dgio69i8qj7x1dzd7q6y7168l,D. Post,Almere City FC,20,17,8,9,0,6,4,13,12,1,1,4,3,12,11,4,3,3,2,0,0,0,0,0,0,0,0,85.0,66.67,,66.67,92.31,100.0,75.0,91.67,75.0,,,,34.5489,29.3666,13.8196,15.547,0.0,10.3647,6.9098,22.4568,20.7294,1.7274,1.7274,6.9098,5.1823,20.7294,19.0019,6.9098,5.1823,5.1823,3.4549,0.0,0.0,0.0,0.0,0.0,0.0,0.0,0.0,3,4,2,32.67169418521247,0,0,0,3,4,0.0,5.1823,6.9098,3.4549,56.4386,0.0,0.0,0.0,5.1823,6.9098,0.0,,,0,0,0,0,0,0,,0.0,0.0,0.0,0.0,0.0,0.0,16,1,0,0,0,1,0,0,0,0,0,0,0,0,0,0,0,0,0,0,0,0,27.6392,1.7274,0.0,0.0,0.0,1.7274,0.0,0.0,0.0,0.0,0.0,0.0,0.0,0.0,0.0,0.0,0.0,0.0,0.0,0.0,0.0,0.0,0,0,0,0,0,0,0,1,0,1,0,1,1,0,0,0,1,0,3,2,1,0,0,0,22,0,,,0.0,1,0,0.0,0,2,2,0,0.0,0.0,0.0,0.0,0.0,0.0,0.0,1.7274,0.0,1.7274,0.0,1.7274,1.7274,0.0,0.0,0.0,1.7274,0.0,5.1823,3.4549,1.7274,0.0,0.0,0.0,38.0038,0.0,1.7274,0.0,0.0,3.4549,3.4549,0.0,0,0,0,0,0,0,0.0,0.0,0.0,0.0,0.0,0.0,1,1,0,0,1,1,0,0,0,0,1,1,25.401858514683532,,1,25.4,1.7274,1.7274,0.0,0.0,1.7274,1.7274,0.0,0.0,0.0,0.0,1.7274,1.7274,43.8804,1.7274,0,0,0,0,0,0,,,,0.0,0.0,0.0,0.0,0.0,0.0,0,0,0,0,0,0,0,,0.0,0.0,0.0,0.0,0.0,0.0,0.0,0,3,0,0,0,1,0,0,0,1,1,0,1,0,0,0,0,0,0.0,5.1823,0.0,0.0,0.0,1.7274,0.0,0.0,0.0,1.7274,1.7274,0.0,1.7274,0.0,0.0,0.0,0.0,0.0,52.1,2,<450,False,0.0,0.892,0.892,0.892,2.677,0.0,1.5409,1.5409,1.5409,4.6244,,
6db1q8hud1d8u2q3lxzfixzze,N. Tjoe-A-On,SC Heerenveen,12,10,5,5,0,5,5,5,4,2,1,5,4,6,5,1,1,2,2,0,0,0,0,0,0,0,0,83.33,100.0,,100.0,80.0,50.0,80.0,83.33,100.0,,,,20.7692,17.3077,8.6538,8.6538,0.0,8.6538,8.6538,8.6538,6.9231,3.4615,1.7308,8.6538,6.9231,10.3846,8.6538,1.7308,1.7308,3.4615,3.4615,0.0,0.0,0.0,0.0,0.0,0.0,0.0,0.0,1,1,1,8.381429532007056,0,0,0,1,1,0.0,1.7308,1.7308,1.7308,14.5063,0.0,0.0,0.0,1.7308,1.7308,0.0,,,0,0,0,0,0,0,,0.0,0.0,0.0,0.0,0.0,0.0,1,0,0,0,0,0,0,0,0,0,0,0,0,0,0,0,0,0,0,0,0,0,1.7308,0.0,0.0,0.0,0.0,0.0,0.0,0.0,0.0,0.0,0.0,0.0,0.0,0.0,0.0,0.0,0.0,0.0,0.0,0.0,0.0,0.0,0,0,1,1,0,1,0,0,0,0,0,0,1,0,1,0,0,0,3,3,0,0,0,0,12,0,,100.0,0.0,2,1,50.0,0,3,1,0,0.0,0.0,1.7308,1.7308,0.0,1.7308,0.0,0.0,0.0,0.0,0.0,0.0,1.7308,0.0,1.7308,0.0,0.0,0.0,5.1923,5.1923,0.0,0.0,0.0,0.0,20.7692,0.0,3.4615,1.7308,0.0,5.1923,1.7308,0.0,1,1,0,0,0,0,1.7308,1.7308,0.0,0.0,0.0,0.0,0,0,0,0,0,0,0,0,0,0,0,0,0,,0,,0.0,0.0,0.0,0.0,0.0,0.0,0.0,0.0,0.0,0.0,0.0,0.0,0.0,0.0,0,0,0,0,0,6,,,,0.0,0.0,0.0,0.0,0.0,10.3846,0,0,0,0,0,0,0,,0.0,0.0,0.0,0.0,0.0,0.0,0.0,0,1,0,0,0,0,0,1,0,0,0,0,0,0,0,0,1,0,0.0,1.7308,0.0,0.0,0.0,0.0,0.0,1.7308,0.0,0.0,0.0,0.0,0.0,0.0,0.0,0.0,1.7308,0.0,52.0,4,<450,False,0.993,0.0,0.0,0.993,2.978,1.7187,0.0,0.0,1.7187,5.1542,,
10rii5jnu060z4qzyn0a36n84,J. Mesbahi,FC Twente,26,21,11,10,0,17,14,9,7,0,0,10,9,12,11,4,1,5,2,0,0,0,0,0,0,0,0,80.77,40.0,,82.35,77.78,,90.0,91.67,25.0,,,,45.1737,36.4865,19.112,17.3745,0.0,29.5367,24.3243,15.6371,12.1622,0.0,0.0,17.3745,15.6371,20.8494,19.112,6.9498,1.7375,8.6873,3.4749,0.0,0.0,0.0,0.0,0.0,0.0,0.0,0.0,3,0,3,50.237823308761,0,0,0,3,0,0.0,5.2124,0.0,5.2124,87.2858,0.0,0.0,0.0,5.2124,0.0,0.0,,,0,0,0,0,0,0,,0.0,0.0,0.0,0.0,0.0,0.0,19,0,0,0,0,0,0,0,0,0,0,0,0,0,0,0,0,0,0,0,0,0,33.0116,0.0,0.0,0.0,0.0,0.0,0.0,0.0,0.0,0.0,0.0,0.0,0.0,0.0,0.0,0.0,0.0,0.0,0.0,0.0,0.0,0.0,0,0,3,2,3,0,0,0,0,0,0,3,1,0,0,0,1,0,4,2,2,0,1,0,30,0,,66.67,0.0,4,2,50.0,1,5,2,0,0.0,0.0,5.2124,3.4749,5.2124,0.0,0.0,0.0,0.0,0.0,0.0,5.2124,1.7375,0.0,0.0,0.0,1.7375,0.0,6.9498,3.4749,3.4749,0.0,1.7375,0.0,52.1236,0.0,6.9498,3.4749,1.7375,8.6873,3.4749,0.0,0,0,0,0,0,0,0.0,0.0,0.0,0.0,0.0,0.0,0,0,0,0,0,0,0,0,0,0,0,0,0,,0,,0.0,0.0,0.0,0.0,0.0,0.0,0.0,0.0,0.0,0.0,0.0,0.0,0.0,0.0,0,0,0,0,0,0,,,,0.0,0.0,0.0,0.0,0.0,0.0,0,0,0,0,0,0,0,,0.0,0.0,0.0,0.0,0.0,0.0,0.0,0,3,0,0,0,0,0,3,0,0,0,0,0,0,0,0,0,3,0.0,5.2124,0.0,0.0,0.0,0.0,0.0,5.2124,0.0,0.0,0.0,0.0,0.0,0.0,0.0,0.0,0.0,5.2124,51.8,2,<450,False,3.419,0.0,3.419,1.14,4.558,5.9403,0.0,5.9403,1.9807,7.9193,,
9tbs38kwcxzwyq1rrqmawk6j8,A. Mazilu,SBV Vitesse,8,8,3,5,0,1,1,2,2,5,5,1,1,6,6,1,1,1,1,0,0,0,0,0,0,0,0,100.0,100.0,,100.0,100.0,100.0,100.0,100.0,100.0,,,,14.8148,14.8148,5.5556,9.2593,0.0,1.8519,1.8519,3.7037,3.7037,9.2593,9.2593,1.8519,1.8519,11.1111,11.1111,1.8519,1.8519,1.8519,1.8519,0.0,0.0,0.0,0.0,0.0,0.0,0.0,0.0,2,0,1,6.403183661273505,0,0,0,2,0,0.0,3.7037,0.0,1.8519,11.8577,0.0,0.0,0.0,3.7037,0.0,0.0,,,0,0,0,0,0,0,,0.0,0.0,0.0,0.0,0.0,0.0,10,2,0,0,0,1,0,0,0,0,0,0,0,0,0,0,0,0,0,0,0,0,18.5185,3.7037,0.0,0.0,0.0,1.8519,0.0,0.0,0.0,0.0,0.0,0.0,0.0,0.0,0.0,0.0,0.0,0.0,0.0,0.0,0.0,0.0,2,0,1,0,0,1,0,0,0,0,0,0,0,0,0,0,0,0,2,0,2,0,1,0,18,1,0.0,0.0,,3,0,0.0,1,0,3,0,3.7037,0.0,1.8519,0.0,0.0,1.8519,0.0,0.0,0.0,0.0,0.0,0.0,0.0,0.0,0.0,0.0,0.0,0.0,3.7037,0.0,3.7037,0.0,1.8519,0.0,33.3333,1.8519,5.5556,0.0,1.8519,0.0,5.5556,0.0,1,2,0,0,0,0,1.8519,3.7037,0.0,0.0,0.0,0.0,1,0,1,0,0,0,0,0,0,0,1,0,28.300826560367454,,0,28.3,1.8519,0.0,1.8519,0.0,0.0,0.0,0.0,0.0,0.0,0.0,1.8519,0.0,52.4089,0.0,0,0,0,0,0,0,,,,0.0,0.0,0.0,0.0,0.0,0.0,0,0,0,0,0,0,0,,0.0,0.0,0.0,0.0,0.0,0.0,0.0,0,2,0,0,0,1,0,1,0,0,0,0,0,1,0,0,0,1,0.0,3.7037,0.0,0.0,0.0,1.8519,0.0,1.8519,0.0,0.0,0.0,0.0,0.0,1.8519,0.0,0.0,0.0,1.8519,48.6,3,<450,False,1.008,0.0,0.0,0.0,2.017,1.8667,0.0,0.0,0.0,3.7352,,
cp866ucakmwqiwxrstkaxwgt0,N. Rossen,Nijmegen Eendracht Combinatie,21,20,10,10,0,4,4,15,14,2,2,9,9,11,10,1,1,0,0,0,0,0,0,0,0,0,0,95.24,,,100.0,93.33,100.0,100.0,90.91,100.0,,,,39.2931,37.422,18.711,18.711,0.0,7.4844,7.4844,28.0665,26.1954,3.7422,3.7422,16.8399,16.8399,20.5821,18.711,1.8711,1.8711,0.0,0.0,0.0,0.0,0.0,0.0,0.0,0.0,0.0,0.0,1,1,1,12.98468035802191,0,0,0,1,1,0.0,1.8711,1.8711,1.8711,24.2957,0.0,0.0,0.0,1.8711,1.8711,0.0,,,0,0,0,0,0,0,,0.0,0.0,0.0,0.0,0.0,0.0,16,1,0,0,0,0,0,0,0,0,0,0,0,0,0,0,0,0,0,0,0,0,29.9376,1.8711,0.0,0.0,0.0,0.0,0.0,0.0,0.0,0.0,0.0,0.0,0.0,0.0,0.0,0.0,0.0,0.0,0.0,0.0,0.0,0.0,0,0,0,0,0,0,0,0,0,0,0,0,1,0,1,0,0,0,4,3,1,0,0,0,21,0,,,0.0,1,0,0.0,0,3,1,0,0.0,0.0,0.0,0.0,0.0,0.0,0.0,0.0,0.0,0.0,0.0,0.0,1.8711,0.0,1.8711,0.0,0.0,0.0,7.4844,5.6133,1.8711,0.0,0.0,0.0,39.2931,0.0,1.8711,0.0,0.0,5.6133,1.8711,0.0,1,0,0,0,0,0,1.8711,0.0,0.0,0.0,0.0,0.0,0,0,0,0,0,0,0,0,0,0,0,0,0,,0,,0.0,0.0,0.0,0.0,0.0,0.0,0.0,0.0,0.0,0.0,0.0,0.0,0.0,0.0,0,0,0,0,0,0,,,,0.0,0.0,0.0,0.0,0.0,0.0,0,0,0,0,0,0,0,,0.0,0.0,0.0,0.0,0.0,0.0,0.0,0,1,0,0,0,0,0,0,0,0,0,0,0,0,0,0,0,0,0.0,1.8711,0.0,0.0,0.0,0.0,0.0,0.0,0.0,0.0,0.0,0.0,0.0,0.0,0.0,0.0,0.0,0.0,48.1,3,<450,False,0.0,0.0,0.0,0.968,3.87,0.0,0.0,0.0,1.8112,7.2412,,
bvwaamcj0bpdrcuoffl6b9rf8,D. Weidmann,RKC Waalwijk,10,8,5,3,0,0,0,4,3,6,5,4,3,5,5,1,0,1,0,1,1,0,0,1,0,0,0,80.0,0.0,100.0,,75.0,83.33,75.0,100.0,0.0,,0.0,,19.0275,15.222,9.5137,5.7082,0.0,0.0,0.0,7.611,5.7082,11.4165,9.5137,7.611,5.7082,9.5137,9.5137,1.9027,0.0,1.9027,0.0,1.9027,1.9027,0.0,0.0,1.9027,0.0,0.0,0.0,1,1,1,19.789114280330995,1,0,0,2,1,0.0,1.9027,1.9027,1.9027,37.6537,1.9027,0.0,0.0,3.8055,1.9027,0.0,,,1,0,1,0,0,0,0.0,1.9027,0.0,1.9027,0.0,0.0,0.0,4,0,1,0,0.0,1,0,0,0,0,0,0,0,0,0,0,0,0,0,1,0,0.0,7.611,0.0,1.9027,0.0,0.0,1.9027,0.0,0.0,0.0,0.0,0.0,0.0,0.0,0.0,0.0,0.0,0.0,0.0,0.0,1.9027,0.0,0.0,2,0,0,0,0,0,0,1,1,0,0,1,2,1,1,0,1,1,4,1,3,0,1,0,15,0,0.0,,50.0,4,1,25.0,1,2,3,0,3.8055,0.0,0.0,0.0,0.0,0.0,0.0,1.9027,1.9027,0.0,0.0,1.9027,3.8055,1.9027,1.9027,0.0,1.9027,1.9027,7.611,1.9027,5.7082,0.0,1.9027,0.0,28.5412,0.0,7.611,1.9027,1.9027,3.8055,5.7082,0.0,3,1,0,0,0,0,5.7082,1.9027,0.0,0.0,0.0,0.0,0,0,0,0,0,0,0,0,0,0,0,0,0,,0,,0.0,0.0,0.0,0.0,0.0,0.0,0.0,0.0,0.0,0.0,0.0,0.0,0.0,0.0,1,1,0,0,0,0,,,100.0,1.9027,1.9027,0.0,0.0,0.0,0.0,0,0,0,0,0,0,0,,0.0,0.0,0.0,0.0,0.0,0.0,0.0,0,1,0,1,0,0,0,0,0,1,0,0,0,0,0,1,0,0,0.0,1.9027,0.0,1.9027,0.0,0.0,0.0,0.0,0.0,1.9027,0.0,0.0,0.0,0.0,0.0,1.9027,0.0,0.0,47.3,3,<450,False,0.0,0.914,0.914,1.828,3.656,0.0,1.7391,1.7391,3.4782,6.9564,,
dn00381nbniepgi4qj7yjkv84,A. Guessand,FC Volendam,7,3,2,1,0,3,1,4,2,0,0,0,0,5,3,2,0,3,0,2,1,0,0,0,0,0,0,42.86,0.0,50.0,33.33,50.0,,,60.0,0.0,,,,13.7856,5.9081,3.9387,1.9694,0.0,5.9081,1.9694,7.8775,3.9387,0.0,0.0,0.0,0.0,9.8468,5.9081,3.9387,0.0,5.9081,0.0,3.9387,1.9694,0.0,0.0,0.0,0.0,0.0,0.0,2,1,0,0,0,0,0,2,1,0.0,3.9387,1.9694,0.0,0.0,0.0,0.0,0.0,3.9387,1.9694,0.0,,,0,0,0,0,0,0,,0.0,0.0,0.0,0.0,0.0,0.0,2,0,0,0,0,0,0,0,0,0,0,0,0,0,0,0,0,0,0,0,0,0,3.9387,0.0,0.0,0.0,0.0,0.0,0.0,0.0,0.0,0.0,0.0,0.0,0.0,0.0,0.0,0.0,0.0,0.0,0.0,0.0,0.0,0.0,0,0,1,1,1,0,0,1,0,1,0,1,1,1,1,1,0,0,1,1,0,0,0,0,9,0,,100.0,100.0,2,2,100.0,0,2,1,0,0.0,0.0,1.9694,1.9694,1.9694,0.0,0.0,1.9694,0.0,1.9694,0.0,1.9694,1.9694,1.9694,1.9694,1.9694,0.0,0.0,1.9694,1.9694,0.0,0.0,0.0,0.0,17.7243,0.0,3.9387,3.9387,0.0,3.9387,1.9694,0.0,1,1,3,0,0,0,1.9694,1.9694,5.9081,0.0,0.0,0.0,0,0,0,0,0,0,0,0,0,0,0,0,0,,0,,0.0,0.0,0.0,0.0,0.0,0.0,0.0,0.0,0.0,0.0,0.0,0.0,0.0,0.0,0,0,1,0,0,0,,,,0.0,0.0,1.9694,0.0,0.0,0.0,0,0,0,0,0,0,0,,0.0,0.0,0.0,0.0,0.0,0.0,0.0,1,1,0,0,0,0,1,0,1,0,0,0,0,0,0,0,0,1,1.9694,1.9694,0.0,0.0,0.0,0.0,1.9694,0.0,1.9694,0.0,0.0,0.0,0.0,0.0,0.0,0.0,0.0,1.9694,45.7,2,<450,False,0.852,0.852,0.852,0.852,0.852,1.6779,1.6779,1.6779,1.6779,1.6779,,
bzg9qk1s5ju680h30l07flx5g,M. Oukhattou,PEC Zwolle,17,10,2,8,0,1,0,8,5,8,5,8,5,4,2,5,3,5,3,3,1,0,0,5,3,0,0,58.82,60.0,33.33,0.0,62.5,62.5,62.5,50.0,60.0,,60.0,,33.7004,19.8238,3.9648,15.859,0.0,1.9824,0.0,15.859,9.9119,15.859,9.9119,15.859,9.9119,7.9295,3.9648,9.9119,5.9471,9.9119,5.9471,5.9471,1.9824,0.0,0.0,9.9119,5.9471,0.0,0.0,3,1,3,27.86316153652426,0,0,0,3,1,0.0,5.9471,1.9824,5.9471,55.2353,0.0,0.0,0.0,5.9471,1.9824,0.0,,,5,3,2,1,3,2,60.0,9.9119,5.9471,3.9648,1.9824,5.9471,3.9648,9,1,4,0,0.0,4,0,0,0,0,3,0,0.0,1,0,0.0,0,0,0,0,0,0,17.8414,1.9824,7.9295,0.0,0.0,7.9295,0.0,0.0,0.0,0.0,5.9471,0.0,0.0,1.9824,0.0,0.0,0.0,0.0,0.0,0.0,0.0,0.0,2,0,0,0,0,0,0,0,0,0,0,1,3,1,0,0,3,1,0,0,0,0,0,0,21,1,0.0,,33.33,5,1,20.0,0,0,0,0,3.9648,0.0,0.0,0.0,0.0,0.0,0.0,0.0,0.0,0.0,0.0,1.9824,5.9471,1.9824,0.0,0.0,5.9471,1.9824,0.0,0.0,0.0,0.0,0.0,0.0,41.63,1.9824,9.9119,1.9824,0.0,0.0,0.0,0.0,0,1,0,0,0,0,0.0,1.9824,0.0,0.0,0.0,0.0,0,0,0,0,0,0,0,0,0,0,0,0,0,,0,,0.0,0.0,0.0,0.0,0.0,0.0,0.0,0.0,0.0,0.0,0.0,0.0,0.0,0.0,4,3,1,0,0,0,,,75.0,7.9295,5.9471,1.9824,0.0,0.0,0.0,1,0,0,0,0,0,0,100.0,1.9824,0.0,0.0,0.0,0.0,0.0,0.0,0,3,0,4,0,0,0,0,0,0,0,0,0,0,0,4,0,0,0.0,5.9471,0.0,7.9295,0.0,0.0,0.0,0.0,0.0,0.0,0.0,0.0,0.0,0.0,0.0,7.9295,0.0,0.0,45.4,2,<450,False,0.0,0.0,0.982,2.945,0.0,0.0,0.0,1.9467,5.8381,0.0,,
7s2zxbtepa7dgr8yl0s48afpw,F. Stam,Alkmaar Zaanstreek,18,15,10,5,0,7,6,8,6,3,3,6,6,6,5,6,4,7,5,3,2,0,0,0,0,0,0,83.33,71.43,66.67,85.71,75.0,100.0,100.0,83.33,66.67,,,,39.0361,32.5301,21.6867,10.8434,0.0,15.1807,13.012,17.3494,13.012,6.506,6.506,13.012,13.012,13.012,10.8434,13.012,8.6747,15.1807,10.8434,6.506,4.3373,0.0,0.0,0.0,0.0,0.0,0.0,3,1,2,18.174260133562775,0,0,0,3,1,0.0,6.506,2.1687,4.3373,39.4141,0.0,0.0,0.0,6.506,2.1687,0.0,,,0,0,0,0,0,0,,0.0,0.0,0.0,0.0,0.0,0.0,10,0,0,0,0,1,0,0,0,0,0,0,0,0,0,0,0,0,0,0,0,0,21.6867,0.0,0.0,0.0,0.0,2.1687,0.0,0.0,0.0,0.0,0.0,0.0,0.0,0.0,0.0,0.0,0.0,0.0,0.0,0.0,0.0,0.0,1,1,0,0,0,0,0,0,0,0,0,1,1,0,0,0,1,0,2,1,0,1,0,0,20,1,100.0,,0.0,2,1,50.0,0,1,0,1,2.1687,2.1687,0.0,0.0,0.0,0.0,0.0,0.0,0.0,0.0,0.0,2.1687,2.1687,0.0,0.0,0.0,2.1687,0.0,4.3373,2.1687,0.0,2.1687,0.0,0.0,43.3735,2.1687,4.3373,2.1687,0.0,2.1687,0.0,2.1687,3,0,0,0,0,0,6.506,0.0,0.0,0.0,0.0,0.0,0,0,0,0,0,0,0,0,0,0,0,0,0,,0,,0.0,0.0,0.0,0.0,0.0,0.0,0.0,0.0,0.0,0.0,0.0,0.0,0.0,0.0,0,0,0,0,0,3,,,,0.0,0.0,0.0,0.0,0.0,6.506,0,0,0,0,0,0,0,,0.0,0.0,0.0,0.0,0.0,0.0,0.0,0,3,0,0,0,0,0,0,0,0,0,0,0,0,0,0,0,0,0.0,6.506,0.0,0.0,0.0,0.0,0.0,0.0,0.0,0.0,0.0,0.0,0.0,0.0,0.0,0.0,0.0,0.0,41.5,1,<450,False,0.0,0.0,1.097,1.097,2.195,0.0,0.0,2.379,2.379,4.7602,,
5b7rnpnnllz8qdc6fx2c5mzje,M. Esajas,Almere City FC,12,8,4,4,0,3,2,6,4,3,2,9,6,3,2,0,0,0,0,0,0,0,0,0,0,0,0,66.67,,,66.67,66.67,66.67,66.67,66.67,,,,,26.2136,17.4757,8.7379,8.7379,0.0,6.5534,4.3689,13.1068,8.7379,6.5534,4.3689,19.6602,13.1068,6.5534,4.3689,0.0,0.0,0.0,0.0,0.0,0.0,0.0,0.0,0.0,0.0,0.0,0.0,0,1,0,0,0,0,0,0,1,0.0,0.0,2.1845,0.0,0.0,0.0,0.0,0.0,0.0,2.1845,0.0,,,0,0,0,0,0,0,,0.0,0.0,0.0,0.0,0.0,0.0,9,0,1,1,0.0,1,1,0,0,0,0,0,0,0,0,0,0,0,0,1,1,0.0,19.6602,0.0,2.1845,2.1845,0.0,2.1845,2.1845,0.0,0.0,0.0,0.0,0.0,0.0,0.0,0.0,0.0,0.0,0.0,0.0,2.1845,2.1845,0.0,0,0,1,1,1,0,0,0,0,0,0,0,0,0,0,0,0,0,1,0,1,0,0,0,13,0,,100.0,,1,1,100.0,0,1,1,0,0.0,0.0,2.1845,2.1845,2.1845,0.0,0.0,0.0,0.0,0.0,0.0,0.0,0.0,0.0,0.0,0.0,0.0,0.0,2.1845,0.0,2.1845,0.0,0.0,0.0,28.3981,0.0,2.1845,2.1845,0.0,2.1845,2.1845,0.0,1,0,0,1,0,0,2.1845,0.0,0.0,2.1845,0.0,0.0,0,0,0,0,0,0,0,0,0,0,0,0,0,,1,,0.0,0.0,0.0,0.0,0.0,0.0,0.0,0.0,0.0,0.0,0.0,0.0,0.0,2.1845,0,0,0,0,0,0,,,,0.0,0.0,0.0,0.0,0.0,0.0,0,0,0,0,0,0,0,,0.0,0.0,0.0,0.0,0.0,0.0,0.0,0,0,0,1,0,0,0,1,0,0,0,0,0,0,1,0,1,0,0.0,0.0,0.0,2.1845,0.0,0.0,0.0,2.1845,0.0,0.0,0.0,0.0,0.0,0.0,2.1845,0.0,2.1845,0.0,41.2,1,<450,False,0.892,0.0,0.0,0.0,0.892,1.9485,0.0,0.0,0.0,1.9485,,
47yvsnwrehtn4mwsjcqk4ewyy,D. Arts,Nijmegen Eendracht Combinatie,14,9,8,1,0,3,2,10,7,1,0,5,3,5,4,4,2,6,3,1,0,0,0,0,0,0,0,64.29,50.0,0.0,66.67,70.0,0.0,60.0,80.0,50.0,,,,31.8182,20.4545,18.1818,2.2727,0.0,6.8182,4.5455,22.7273,15.9091,2.2727,0.0,11.3636,6.8182,11.3636,9.0909,9.0909,4.5455,13.6364,6.8182,2.2727,0.0,0.0,0.0,0.0,0.0,0.0,0.0,6,2,2,36.92810314189674,0,0,0,6,2,0.0,13.6364,4.5455,4.5455,83.9275,0.0,0.0,0.0,13.6364,4.5455,0.0,,,0,0,0,0,0,0,,0.0,0.0,0.0,0.0,0.0,0.0,6,0,0,0,0,0,0,0,0,0,0,0,0,0,0,0,0,0,0,0,0,0,13.6364,0.0,0.0,0.0,0.0,0.0,0.0,0.0,0.0,0.0,0.0,0.0,0.0,0.0,0.0,0.0,0.0,0.0,0.0,0.0,0.0,0.0,0,0,0,0,0,0,0,0,0,0,0,1,1,1,1,1,0,0,1,0,1,0,0,0,18,0,,,100.0,1,1,100.0,0,0,1,0,0.0,0.0,0.0,0.0,0.0,0.0,0.0,0.0,0.0,0.0,0.0,2.2727,2.2727,2.2727,2.2727,2.2727,0.0,0.0,2.2727,0.0,2.2727,0.0,0.0,0.0,40.9091,0.0,2.2727,2.2727,0.0,0.0,2.2727,0.0,1,0,0,1,0,0,2.2727,0.0,0.0,2.2727,0.0,0.0,0,0,0,0,0,0,0,0,0,0,0,0,0,,0,,0.0,0.0,0.0,0.0,0.0,0.0,0.0,0.0,0.0,0.0,0.0,0.0,0.0,0.0,0,0,0,0,0,4,,,,0.0,0.0,0.0,0.0,0.0,9.0909,0,0,0,0,0,0,0,,0.0,0.0,0.0,0.0,0.0,0.0,0.0,0,6,0,0,0,0,0,0,0,0,0,0,0,0,0,0,0,0,0.0,13.6364,0.0,0.0,0.0,0.0,0.0,0.0,0.0,0.0,0.0,0.0,0.0,0.0,0.0,0.0,0.0,0.0,39.6,3,<450,False,0.0,0.0,0.968,0.968,0.968,0.0,0.0,2.2,2.2,2.2,,
4ej8uchqe3rt1s5h6phjo3310,G. Zechiël,Feyenoord Rotterdam,18,16,5,11,0,2,2,13,11,3,3,11,10,6,5,1,1,1,1,3,2,0,0,0,0,0,0,88.89,100.0,66.67,100.0,84.62,100.0,90.91,83.33,100.0,,,,42.9708,38.1963,11.9363,26.2599,0.0,4.7745,4.7745,31.0345,26.2599,7.1618,7.1618,26.2599,23.8727,14.3236,11.9363,2.3873,2.3873,2.3873,2.3873,7.1618,4.7745,0.0,0.0,0.0,0.0,0.0,0.0,4,2,3,39.50960190989417,1,1,0,5,3,0.0,9.5491,4.7745,7.1618,94.32,2.3873,2.3873,0.0,11.9363,7.1618,0.0,,,0,0,0,0,0,0,,0.0,0.0,0.0,0.0,0.0,0.0,18,3,0,0,0,2,0,0,0,0,0,0,0,0,0,0,0,0,0,0,0,0,42.9708,7.1618,0.0,0.0,0.0,4.7745,0.0,0.0,0.0,0.0,0.0,0.0,0.0,0.0,0.0,0.0,0.0,0.0,0.0,0.0,0.0,0.0,1,0,3,0,1,2,0,0,0,0,0,1,0,0,0,0,0,0,1,0,1,0,0,0,23,0,0.0,0.0,,4,0,0.0,0,1,3,0,2.3873,0.0,7.1618,0.0,2.3873,4.7745,0.0,0.0,0.0,0.0,0.0,2.3873,0.0,0.0,0.0,0.0,0.0,0.0,2.3873,0.0,2.3873,0.0,0.0,0.0,54.9072,0.0,9.5491,0.0,0.0,2.3873,7.1618,0.0,1,1,0,0,0,0,2.3873,2.3873,0.0,0.0,0.0,0.0,2,0,1,0,1,0,0,0,0,0,2,0,46.943706306013055,,0,23.47,4.7745,0.0,2.3873,0.0,2.3873,0.0,0.0,0.0,0.0,0.0,4.7745,0.0,112.0672,0.0,0,0,0,0,0,0,,,,0.0,0.0,0.0,0.0,0.0,0.0,0,0,0,0,0,0,0,,0.0,0.0,0.0,0.0,0.0,0.0,0.0,0,4,0,0,0,2,0,3,0,0,0,0,2,0,0,0,3,0,0.0,9.5491,0.0,0.0,0.0,4.7745,0.0,7.1618,0.0,0.0,0.0,0.0,4.7745,0.0,0.0,0.0,7.1618,0.0,37.7,2,<450,False,3.926,0.0,1.309,0.0,1.309,9.3724,0.0,3.1249,0.0,3.1249,,
bd4rr8l425ard803x39ju1ppm,J. Puriël,Almere City FC,5,3,1,2,0,0,0,1,1,4,2,3,2,2,1,0,0,0,0,1,1,0,0,1,0,0,0,60.0,,100.0,,100.0,50.0,66.67,50.0,,,0.0,,12.2283,7.337,2.4457,4.8913,0.0,0.0,0.0,2.4457,2.4457,9.7826,4.8913,7.337,4.8913,4.8913,2.4457,0.0,0.0,0.0,0.0,2.4457,2.4457,0.0,0.0,2.4457,0.0,0.0,0.0,0,0,0,0,0,0,0,0,0,0.0,0.0,0.0,0.0,0.0,0.0,0.0,0.0,0.0,0.0,0.0,,,1,0,0,0,1,0,0.0,2.4457,0.0,0.0,0.0,2.4457,0.0,5,3,1,0,0.0,1,0,1,0,0.0,0,0,0,0,0,0,0,0,0,0,0,0,12.2283,7.337,2.4457,0.0,0.0,2.4457,0.0,2.4457,0.0,0.0,0.0,0.0,0.0,0.0,0.0,0.0,0.0,0.0,0.0,0.0,0.0,0.0,1,0,0,0,0,0,0,0,0,0,0,0,1,0,0,0,1,0,1,1,0,0,2,0,7,2,0.0,,0.0,2,0,0.0,2,1,0,0,2.4457,0.0,0.0,0.0,0.0,0.0,0.0,0.0,0.0,0.0,0.0,0.0,2.4457,0.0,0.0,0.0,2.4457,0.0,2.4457,2.4457,0.0,0.0,4.8913,0.0,17.1196,4.8913,4.8913,0.0,4.8913,2.4457,0.0,0.0,0,1,0,0,0,0,0.0,2.4457,0.0,0.0,0.0,0.0,1,0,1,0,0,0,0,0,0,0,1,0,20.27709486095086,,0,20.28,2.4457,0.0,2.4457,0.0,0.0,0.0,0.0,0.0,0.0,0.0,2.4457,0.0,49.5907,0.0,0,0,1,0,0,0,,,,0.0,0.0,2.4457,0.0,0.0,0.0,0,0,0,0,0,0,0,,0.0,0.0,0.0,0.0,0.0,0.0,0.0,0,0,0,1,0,1,0,0,0,0,0,0,1,0,1,0,0,0,0.0,0.0,0.0,2.4457,0.0,2.4457,0.0,0.0,0.0,0.0,0.0,0.0,2.4457,0.0,2.4457,0.0,0.0,0.0,36.8,1,<450,False,0.0,0.0,0.0,0.892,0.892,0.0,0.0,0.0,2.1815,2.1815,,
aoucm7e5muqfucbv1g4e8hh49,P. Vroegh,RKC Waalwijk,10,6,4,2,0,2,0,6,4,2,2,6,4,2,1,2,1,1,0,1,0,0,0,0,0,0,0,60.0,0.0,0.0,0.0,66.67,100.0,66.67,50.0,50.0,,,,24.7253,14.8352,9.8901,4.9451,0.0,4.9451,0.0,14.8352,9.8901,4.9451,4.9451,14.8352,9.8901,4.9451,2.4725,4.9451,2.4725,2.4725,0.0,2.4725,0.0,0.0,0.0,0.0,0.0,0.0,0.0,0,0,0,0,0,0,0,0,0,0.0,0.0,0.0,0.0,0.0,0.0,0.0,0.0,0.0,0.0,0.0,,,0,0,0,0,0,0,,0.0,0.0,0.0,0.0,0.0,0.0,6,0,1,0,0.0,1,0,0,0,0,0,0,0,0,0,0,0,0,0,1,0,0.0,14.8352,0.0,2.4725,0.0,0.0,2.4725,0.0,0.0,0.0,0.0,0.0,0.0,0.0,0.0,0.0,0.0,0.0,0.0,0.0,2.4725,0.0,0.0,0,0,0,0,0,0,0,0,0,0,0,0,1,1,1,1,0,0,1,0,1,0,0,0,10,0,,,100.0,1,1,100.0,0,0,1,0,0.0,0.0,0.0,0.0,0.0,0.0,0.0,0.0,0.0,0.0,0.0,0.0,2.4725,2.4725,2.4725,2.4725,0.0,0.0,2.4725,0.0,2.4725,0.0,0.0,0.0,24.7253,0.0,2.4725,2.4725,0.0,0.0,2.4725,0.0,0,2,0,0,0,0,0.0,4.9451,0.0,0.0,0.0,0.0,0,0,0,0,0,0,0,0,0,0,0,0,0,,0,,0.0,0.0,0.0,0.0,0.0,0.0,0.0,0.0,0.0,0.0,0.0,0.0,0.0,0.0,0,0,0,0,0,0,,,,0.0,0.0,0.0,0.0,0.0,0.0,0,0,0,0,0,0,0,,0.0,0.0,0.0,0.0,0.0,0.0,0.0,0,0,0,1,0,0,0,0,0,0,0,0,0,0,0,1,0,0,0.0,0.0,0.0,2.4725,0.0,0.0,0.0,0.0,0.0,0.0,0.0,0.0,0.0,0.0,0.0,2.4725,0.0,0.0,36.4,3,<450,False,0.0,0.0,0.0,0.914,0.914,0.0,0.0,0.0,2.2599,2.2599,,
e6x3hs6v8cq74ojgluyny72fo,T. Land,PSV Eindhoven,31,30,23,7,0,3,3,22,21,6,6,21,20,9,9,1,1,1,1,1,1,0,0,0,0,0,0,96.77,100.0,100.0,100.0,95.45,100.0,95.24,100.0,100.0,,,,79.2614,76.7045,58.8068,17.8977,0.0,7.6705,7.6705,56.25,53.6932,15.3409,15.3409,53.6932,51.1364,23.0114,23.0114,2.5568,2.5568,2.5568,2.5568,2.5568,2.5568,0.0,0.0,0.0,0.0,0.0,0.0,4,4,10,145.89642622883466,2,1,0,6,5,0.0,10.2273,10.2273,25.5682,373.0306,5.1136,2.5568,0.0,15.3409,12.7841,0.0,,,0,0,0,0,0,0,,0.0,0.0,0.0,0.0,0.0,0.0,25,2,4,1,0.0,7,1,0,0,0,0,0,0,0,0,0,0,0,0,4,1,0.0,63.9205,5.1136,10.2273,2.5568,0.0,17.8977,2.5568,0.0,0.0,0.0,0.0,0.0,0.0,0.0,0.0,0.0,0.0,0.0,0.0,10.2273,2.5568,0.0,1,0,2,2,0,2,0,0,0,0,0,0,0,0,0,0,0,0,1,0,1,0,2,0,33,1,0.0,100.0,,3,2,66.67,2,0,3,0,2.5568,0.0,5.1136,5.1136,0.0,5.1136,0.0,0.0,0.0,0.0,0.0,0.0,0.0,0.0,0.0,0.0,0.0,0.0,2.5568,0.0,2.5568,0.0,5.1136,0.0,84.375,2.5568,7.6705,5.1136,5.1136,0.0,7.6705,0.0,0,0,0,0,0,0,0.0,0.0,0.0,0.0,0.0,0.0,0,0,0,0,0,0,0,0,0,0,0,0,0,,1,,0.0,0.0,0.0,0.0,0.0,0.0,0.0,0.0,0.0,0.0,0.0,0.0,0.0,2.5568,0,0,0,0,0,0,,,,0.0,0.0,0.0,0.0,0.0,0.0,0,0,0,0,0,0,0,,0.0,0.0,0.0,0.0,0.0,0.0,0.0,0,4,0,4,0,0,0,2,0,0,0,0,0,0,4,0,0,2,0.0,10.2273,0.0,10.2273,0.0,0.0,0.0,5.1136,0.0,0.0,0.0,0.0,0.0,0.0,10.2273,0.0,0.0,5.1136,35.2,3,<450,False,2.803,0.0,0.0,0.0,1.402,7.1668,0.0,0.0,0.0,3.5847,,
e7mkwb7ysbo3ey0obctcp979w,L. Netten,Nijmegen Eendracht Combinatie,7,7,4,3,0,2,2,4,4,1,1,5,5,2,2,0,0,0,0,0,0,0,0,0,0,0,0,100.0,,,100.0,100.0,100.0,100.0,100.0,,,,,18.4211,18.4211,10.5263,7.8947,0.0,5.2632,5.2632,10.5263,10.5263,2.6316,2.6316,13.1579,13.1579,5.2632,5.2632,0.0,0.0,0.0,0.0,0.0,0.0,0.0,0.0,0.0,0.0,0.0,0.0,1,1,1,9.589133902496094,0,0,0,1,1,0.0,2.6316,2.6316,2.6316,25.2346,0.0,0.0,0.0,2.6316,2.6316,0.0,,,0,0,0,0,0,0,,0.0,0.0,0.0,0.0,0.0,0.0,2,0,0,0,0,0,0,0,0,0,0,0,0,0,0,0,0,0,0,0,0,0,5.2632,0.0,0.0,0.0,0.0,0.0,0.0,0.0,0.0,0.0,0.0,0.0,0.0,0.0,0.0,0.0,0.0,0.0,0.0,0.0,0.0,0.0,0,0,1,0,0,1,0,0,0,0,0,5,0,0,0,0,0,0,1,1,0,0,0,0,13,0,,0.0,,1,0,0.0,0,1,1,0,0.0,0.0,2.6316,0.0,0.0,2.6316,0.0,0.0,0.0,0.0,0.0,13.1579,0.0,0.0,0.0,0.0,0.0,0.0,2.6316,2.6316,0.0,0.0,0.0,0.0,34.2105,0.0,2.6316,0.0,0.0,2.6316,2.6316,0.0,1,0,0,1,0,0,2.6316,0.0,0.0,2.6316,0.0,0.0,0,0,0,0,0,0,0,0,0,0,0,0,0,,0,,0.0,0.0,0.0,0.0,0.0,0.0,0.0,0.0,0.0,0.0,0.0,0.0,0.0,0.0,0,0,0,0,0,1,,,,0.0,0.0,0.0,0.0,0.0,2.6316,0,0,0,0,0,0,0,,0.0,0.0,0.0,0.0,0.0,0.0,0.0,0,1,0,0,0,0,0,1,0,0,0,0,0,0,0,0,0,1,0.0,2.6316,0.0,0.0,0.0,0.0,0.0,2.6316,0.0,0.0,0.0,0.0,0.0,0.0,0.0,0.0,0.0,2.6316,34.2,1,<450,False,0.968,0.0,4.838,0.0,0.968,2.5474,0.0,12.7316,0.0,2.5474,,
5i68y1yix8jho6hhje8drhic4,N. Held,FC Utrecht,10,7,4,3,0,1,1,5,4,4,2,4,2,5,4,1,1,1,1,1,0,1,1,0,0,0,0,70.0,100.0,0.0,100.0,80.0,50.0,50.0,80.0,100.0,100.0,,,27.439,19.2073,10.9756,8.2317,0.0,2.7439,2.7439,13.7195,10.9756,10.9756,5.4878,10.9756,5.4878,13.7195,10.9756,2.7439,2.7439,2.7439,2.7439,2.7439,0.0,2.7439,2.7439,0.0,0.0,0.0,0.0,2,3,1,23.144096093820565,1,0,0,3,3,0.0,5.4878,8.2317,2.7439,63.5051,2.7439,0.0,0.0,8.2317,8.2317,0.0,,,1,1,0,0,1,1,100.0,2.7439,2.7439,0.0,0.0,2.7439,2.7439,9,0,0,0,0,0,0,0,0,0,0,0,0,0,0,0,0,0,0,0,0,0,24.6951,0.0,0.0,0.0,0.0,0.0,0.0,0.0,0.0,0.0,0.0,0.0,0.0,0.0,0.0,0.0,0.0,0.0,0.0,0.0,0.0,0.0,0,0,2,1,2,0,0,0,0,0,0,1,0,0,0,0,0,0,0,0,0,0,0,0,11,0,,50.0,,2,1,50.0,0,2,0,0,0.0,0.0,5.4878,2.7439,5.4878,0.0,0.0,0.0,0.0,0.0,0.0,2.7439,0.0,0.0,0.0,0.0,0.0,0.0,0.0,0.0,0.0,0.0,0.0,0.0,30.1829,0.0,5.4878,2.7439,0.0,5.4878,0.0,0.0,0,0,0,0,0,0,0.0,0.0,0.0,0.0,0.0,0.0,0,0,0,0,0,0,0,0,0,0,0,0,0,,0,,0.0,0.0,0.0,0.0,0.0,0.0,0.0,0.0,0.0,0.0,0.0,0.0,0.0,0.0,0,0,0,0,0,0,,,,0.0,0.0,0.0,0.0,0.0,0.0,1,0,0,0,0,0,0,100.0,2.7439,0.0,0.0,0.0,0.0,0.0,0.0,0,2,0,0,0,0,0,2,0,0,0,0,0,0,0,0,0,2,0.0,5.4878,0.0,0.0,0.0,0.0,0.0,5.4878,0.0,0.0,0.0,0.0,0.0,0.0,0.0,0.0,0.0,5.4878,32.8,1,<450,False,1.934,0.0,0.967,0.0,0.0,5.3067,0.0,2.6534,0.0,0.0,,
ab38msf7g1zuovck24ng2453p,T. Handwerker,FC Utrecht,6,3,2,1,0,1,1,3,2,2,0,3,1,3,2,0,0,0,0,1,0,0,0,0,0,0,0,50.0,,0.0,100.0,66.67,0.0,33.33,66.67,,,,,17.7632,8.8816,5.9211,2.9605,0.0,2.9605,2.9605,8.8816,5.9211,5.9211,0.0,8.8816,2.9605,8.8816,5.9211,0.0,0.0,0.0,0.0,2.9605,0.0,0.0,0.0,0.0,0.0,0.0,0.0,1,0,0,0,0,0,0,1,0,0.0,2.9605,0.0,0.0,0.0,0.0,0.0,0.0,2.9605,0.0,0.0,,,0,0,0,0,0,0,,0.0,0.0,0.0,0.0,0.0,0.0,4,1,0,0,0,0,0,0,0,0,0,0,0,0,0,0,0,0,0,0,0,0,11.8421,2.9605,0.0,0.0,0.0,0.0,0.0,0.0,0.0,0.0,0.0,0.0,0.0,0.0,0.0,0.0,0.0,0.0,0.0,0.0,0.0,0.0,0,0,3,3,2,1,0,0,0,0,0,0,0,0,0,0,0,0,1,0,0,1,1,0,8,0,,100.0,,3,3,100.0,1,2,1,1,0.0,0.0,8.8816,8.8816,5.9211,2.9605,0.0,0.0,0.0,0.0,0.0,0.0,0.0,0.0,0.0,0.0,0.0,0.0,2.9605,0.0,0.0,2.9605,2.9605,0.0,23.6842,0.0,8.8816,8.8816,2.9605,5.9211,2.9605,2.9605,0,1,0,0,0,0,0.0,2.9605,0.0,0.0,0.0,0.0,0,0,0,0,0,0,0,0,0,0,0,0,0,,0,,0.0,0.0,0.0,0.0,0.0,0.0,0.0,0.0,0.0,0.0,0.0,0.0,0.0,0.0,0,0,0,0,0,2,,,,0.0,0.0,0.0,0.0,0.0,5.9211,0,0,0,0,0,0,0,,0.0,0.0,0.0,0.0,0.0,0.0,0.0,0,1,0,0,0,0,0,3,0,0,0,0,0,0,0,0,3,0,0.0,2.9605,0.0,0.0,0.0,0.0,0.0,8.8816,0.0,0.0,0.0,0.0,0.0,0.0,0.0,0.0,8.8816,0.0,30.4,2,<450,False,2.901,0.0,0.0,0.0,0.967,8.5885,0.0,0.0,0.0,2.8628,,
4wi7cw12r11f7rob9h04mh15g,F. Marizán,FC Volendam,12,11,4,7,0,3,3,8,7,1,1,6,5,4,4,2,2,1,1,0,0,0,0,0,0,0,0,91.67,100.0,,100.0,87.5,100.0,83.33,100.0,100.0,,,,37.3702,34.2561,12.4567,21.7993,0.0,9.3426,9.3426,24.9135,21.7993,3.1142,3.1142,18.6851,15.5709,12.4567,12.4567,6.2284,6.2284,3.1142,3.1142,0.0,0.0,0.0,0.0,0.0,0.0,0.0,0.0,1,1,1,12.03578867378453,0,0,0,1,1,0.0,3.1142,3.1142,3.1142,37.4817,0.0,0.0,0.0,3.1142,3.1142,0.0,,,0,0,0,0,0,0,,0.0,0.0,0.0,0.0,0.0,0.0,9,0,0,0,0,0,0,0,0,0,0,0,0,0,0,0,0,0,0,0,0,0,28.0277,0.0,0.0,0.0,0.0,0.0,0.0,0.0,0.0,0.0,0.0,0.0,0.0,0.0,0.0,0.0,0.0,0.0,0.0,0.0,0.0,0.0,0,0,1,0,1,0,0,0,0,0,0,1,0,0,0,0,0,0,0,0,0,0,1,0,14,0,,0.0,,1,0,0.0,1,1,0,0,0.0,0.0,3.1142,0.0,3.1142,0.0,0.0,0.0,0.0,0.0,0.0,3.1142,0.0,0.0,0.0,0.0,0.0,0.0,0.0,0.0,0.0,0.0,3.1142,0.0,43.5986,0.0,3.1142,0.0,3.1142,3.1142,0.0,0.0,0,0,0,0,0,0,0.0,0.0,0.0,0.0,0.0,0.0,0,0,0,0,0,0,0,0,0,0,0,0,0,,0,,0.0,0.0,0.0,0.0,0.0,0.0,0.0,0.0,0.0,0.0,0.0,0.0,0.0,0.0,0,0,0,0,0,2,,,,0.0,0.0,0.0,0.0,0.0,6.2284,0,0,0,0,0,0,0,,0.0,0.0,0.0,0.0,0.0,0.0,0.0,0,1,0,0,0,0,0,1,0,0,0,0,0,0,0,0,1,0,0.0,3.1142,0.0,0.0,0.0,0.0,0.0,3.1142,0.0,0.0,0.0,0.0,0.0,0.0,0.0,0.0,3.1142,0.0,28.9,1,<450,False,0.852,0.0,0.852,0.0,0.0,2.6533,0.0,2.6533,0.0,0.0,,
5zkdl1olsiy05l1aw15fk0178,J. Altena,SBV Vitesse,4,2,0,2,0,0,0,3,1,1,1,1,1,3,1,0,0,0,0,0,0,0,0,0,0,0,0,50.0,,,,33.33,100.0,100.0,33.33,,,,,15.0,7.5,0.0,7.5,0.0,0.0,0.0,11.25,3.75,3.75,3.75,3.75,3.75,11.25,3.75,0.0,0.0,0.0,0.0,0.0,0.0,0.0,0.0,0.0,0.0,0.0,0.0,0,0,0,0,0,0,0,0,0,0.0,0.0,0.0,0.0,0.0,0.0,0.0,0.0,0.0,0.0,0.0,,,0,0,0,0,0,0,,0.0,0.0,0.0,0.0,0.0,0.0,3,1,0,0,0,0,0,0,0,0,0,0,0,0,0,0,0,0,0,0,0,0,11.25,3.75,0.0,0.0,0.0,0.0,0.0,0.0,0.0,0.0,0.0,0.0,0.0,0.0,0.0,0.0,0.0,0.0,0.0,0.0,0.0,0.0,0,0,0,0,0,0,0,0,0,0,0,0,1,0,1,0,0,0,0,0,0,0,1,0,6,0,,,0.0,1,0,0.0,1,0,0,0,0.0,0.0,0.0,0.0,0.0,0.0,0.0,0.0,0.0,0.0,0.0,0.0,3.75,0.0,3.75,0.0,0.0,0.0,0.0,0.0,0.0,0.0,3.75,0.0,22.5,0.0,3.75,0.0,3.75,0.0,0.0,0.0,0,0,0,0,0,0,0.0,0.0,0.0,0.0,0.0,0.0,0,0,0,0,0,0,0,0,0,0,0,0,0,,0,,0.0,0.0,0.0,0.0,0.0,0.0,0.0,0.0,0.0,0.0,0.0,0.0,0.0,0.0,0,0,0,0,0,0,,,,0.0,0.0,0.0,0.0,0.0,0.0,0,0,0,0,0,0,0,,0.0,0.0,0.0,0.0,0.0,0.0,0.0,0,0,0,0,0,0,0,0,0,0,0,0,0,0,0,0,0,0,0.0,0.0,0.0,0.0,0.0,0.0,0.0,0.0,0.0,0.0,0.0,0.0,0.0,0.0,0.0,0.0,0.0,0.0,24.0,2,<450,False,0.0,0.0,0.0,1.008,0.0,0.0,0.0,0.0,3.78,0.0,,
8u19xeh9ugvh8f1mh7jnbbhuc,K. Smit,Alkmaar Zaanstreek,12,10,7,3,0,1,1,6,5,5,4,7,5,4,4,1,1,1,1,1,1,0,0,0,0,0,0,83.33,100.0,100.0,100.0,83.33,80.0,71.43,100.0,100.0,,,,50.7042,42.2535,29.5775,12.6761,0.0,4.2254,4.2254,25.3521,21.1268,21.1268,16.9014,29.5775,21.1268,16.9014,16.9014,4.2254,4.2254,4.2254,4.2254,4.2254,4.2254,0.0,0.0,0.0,0.0,0.0,0.0,2,0,2,25.80806185063877,1,0,1,3,0,1.0,8.4507,0.0,8.4507,109.0481,4.2254,0.0,4.2254,12.6761,0.0,4.2254,,,0,0,0,0,0,0,,0.0,0.0,0.0,0.0,0.0,0.0,10,1,0,0,0,0,0,0,0,0,0,0,0,0,0,0,0,0,0,0,0,0,42.2535,4.2254,0.0,0.0,0.0,0.0,0.0,0.0,0.0,0.0,0.0,0.0,0.0,0.0,0.0,0.0,0.0,0.0,0.0,0.0,0.0,0.0,0,0,3,2,2,1,0,1,0,1,0,1,1,0,0,0,1,0,0,0,0,0,0,0,13,1,,66.67,0.0,4,2,50.0,0,2,2,0,0.0,0.0,12.6761,8.4507,8.4507,4.2254,0.0,4.2254,0.0,4.2254,0.0,4.2254,4.2254,0.0,0.0,0.0,4.2254,0.0,0.0,0.0,0.0,0.0,0.0,0.0,54.9296,4.2254,16.9014,8.4507,0.0,8.4507,8.4507,0.0,0,0,0,0,0,0,0.0,0.0,0.0,0.0,0.0,0.0,0,0,0,0,0,0,0,0,0,0,0,0,0,,0,,0.0,0.0,0.0,0.0,0.0,0.0,0.0,0.0,0.0,0.0,0.0,0.0,0.0,0.0,0,0,0,0,0,0,,,,0.0,0.0,0.0,0.0,0.0,0.0,0,0,0,0,0,0,0,,0.0,0.0,0.0,0.0,0.0,0.0,0.0,0,2,0,0,0,0,0,3,0,1,0,0,0,0,0,0,3,0,0.0,8.4507,0.0,0.0,0.0,0.0,0.0,12.6761,0.0,4.2254,0.0,0.0,0.0,0.0,0.0,0.0,12.6761,0.0,21.3,1,<450,False,3.292,1.097,1.097,1.097,0.0,13.9099,4.6352,4.6352,4.6352,0.0,,
d22tv5be1ljmyjzda56z2epec,M. Yüksel,Sparta Rotterdam,9,6,3,3,0,0,0,4,3,5,3,3,3,3,2,3,1,1,1,1,1,3,1,0,0,0,0,66.67,100.0,100.0,,75.0,60.0,100.0,66.67,33.33,33.33,,,42.6316,28.4211,14.2105,14.2105,0.0,0.0,0.0,18.9474,14.2105,23.6842,14.2105,14.2105,14.2105,14.2105,9.4737,14.2105,4.7368,4.7368,4.7368,4.7368,4.7368,14.2105,4.7368,0.0,0.0,0.0,0.0,2,0,0,0,0,0,0,2,0,0.0,9.4737,0.0,0.0,0.0,0.0,0.0,0.0,9.4737,0.0,0.0,,,3,1,3,1,0,0,33.33,14.2105,4.7368,14.2105,4.7368,0.0,0.0,6,0,0,0,0,0,0,0,0,0,0,0,0,0,0,0,0,0,0,0,0,0,28.4211,0.0,0.0,0.0,0.0,0.0,0.0,0.0,0.0,0.0,0.0,0.0,0.0,0.0,0.0,0.0,0.0,0.0,0.0,0.0,0.0,0.0,0,0,1,1,0,1,0,0,0,0,0,0,0,0,0,0,0,0,0,0,0,0,0,0,10,0,,100.0,,1,1,100.0,0,0,1,0,0.0,0.0,4.7368,4.7368,0.0,4.7368,0.0,0.0,0.0,0.0,0.0,0.0,0.0,0.0,0.0,0.0,0.0,0.0,0.0,0.0,0.0,0.0,0.0,0.0,47.3684,0.0,4.7368,4.7368,0.0,0.0,4.7368,0.0,0,0,0,0,0,0,0.0,0.0,0.0,0.0,0.0,0.0,1,0,1,0,0,0,0,0,0,0,1,0,22.862606172525464,,0,22.86,4.7368,0.0,4.7368,0.0,0.0,0.0,0.0,0.0,0.0,0.0,4.7368,0.0,108.2966,0.0,0,0,0,0,0,1,,,,0.0,0.0,0.0,0.0,0.0,4.7368,0,0,0,0,0,0,0,,0.0,0.0,0.0,0.0,0.0,0.0,0.0,0,2,0,0,0,1,0,1,0,0,0,0,1,0,0,0,1,0,0.0,9.4737,0.0,0.0,0.0,4.7368,0.0,4.7368,0.0,0.0,0.0,0.0,4.7368,0.0,0.0,0.0,4.7368,0.0,19.0,2,<450,False,0.944,0.0,0.0,0.0,0.0,4.4716,0.0,0.0,0.0,0.0,,
3f3r8mbjo41z75yvh7xtcb09g,A. Ismaïl,SC Heerenveen,5,3,0,3,0,0,0,4,2,1,1,3,3,2,0,0,0,0,0,0,0,0,0,0,0,0,0,60.0,,,,50.0,100.0,100.0,0.0,,,,,24.8619,14.9171,0.0,14.9171,0.0,0.0,0.0,19.8895,9.9448,4.9724,4.9724,14.9171,14.9171,9.9448,0.0,0.0,0.0,0.0,0.0,0.0,0.0,0.0,0.0,0.0,0.0,0.0,0.0,0,0,0,0,0,0,0,0,0,0.0,0.0,0.0,0.0,0.0,0.0,0.0,0.0,0.0,0.0,0.0,,,0,0,0,0,0,0,,0.0,0.0,0.0,0.0,0.0,0.0,3,1,0,0,0,0,0,0,0,0,0,0,0,0,0,0,0,0,0,0,0,0,14.9171,4.9724,0.0,0.0,0.0,0.0,0.0,0.0,0.0,0.0,0.0,0.0,0.0,0.0,0.0,0.0,0.0,0.0,0.0,0.0,0.0,0.0,0,0,0,0,0,0,0,0,0,0,0,1,2,0,0,0,2,0,0,0,0,0,0,0,7,0,,,0.0,2,0,0.0,0,0,0,0,0.0,0.0,0.0,0.0,0.0,0.0,0.0,0.0,0.0,0.0,0.0,4.9724,9.9448,0.0,0.0,0.0,9.9448,0.0,0.0,0.0,0.0,0.0,0.0,0.0,34.8066,0.0,9.9448,0.0,0.0,0.0,0.0,0.0,2,0,0,0,0,0,9.9448,0.0,0.0,0.0,0.0,0.0,0,0,0,0,0,0,0,0,0,0,0,0,0,,0,,0.0,0.0,0.0,0.0,0.0,0.0,0.0,0.0,0.0,0.0,0.0,0.0,0.0,0.0,0,0,0,0,0,0,,,,0.0,0.0,0.0,0.0,0.0,0.0,0,0,0,0,0,0,0,,0.0,0.0,0.0,0.0,0.0,0.0,0.0,0,0,0,0,0,0,0,0,0,0,0,0,0,0,0,0,0,0,0.0,0.0,0.0,0.0,0.0,0.0,0.0,0.0,0.0,0.0,0.0,0.0,0.0,0.0,0.0,0.0,0.0,0.0,18.1,1,<450,False,0.0,0.0,0.993,1.985,0.0,0.0,0.0,4.9376,9.8702,0.0,,
cn74cq8r7zsppzq52p518sums,J. Bal,Sparta Rotterdam,1,1,0,1,0,0,0,0,0,1,1,0,0,1,1,0,0,0,0,0,0,0,0,0,0,0,0,100.0,,,,,100.0,,100.0,,,,,5.2023,5.2023,0.0,5.2023,0.0,0.0,0.0,0.0,0.0,5.2023,5.2023,0.0,0.0,5.2023,5.2023,0.0,0.0,0.0,0.0,0.0,0.0,0.0,0.0,0.0,0.0,0.0,0.0,0,0,0,0,0,0,0,0,0,0.0,0.0,0.0,0.0,0.0,0.0,0.0,0.0,0.0,0.0,0.0,,,0,0,0,0,0,0,,0.0,0.0,0.0,0.0,0.0,0.0,0,0,0,0,0,0,0,0,0,0,0,0,0,0,0,0,0,0,0,0,0,0,0.0,0.0,0.0,0.0,0.0,0.0,0.0,0.0,0.0,0.0,0.0,0.0,0.0,0.0,0.0,0.0,0.0,0.0,0.0,0.0,0.0,0.0,0,0,0,0,0,0,0,0,0,0,0,0,0,0,0,0,0,0,0,0,0,0,0,0,1,0,,,,0,0,,0,0,0,0,0.0,0.0,0.0,0.0,0.0,0.0,0.0,0.0,0.0,0.0,0.0,0.0,0.0,0.0,0.0,0.0,0.0,0.0,0.0,0.0,0.0,0.0,0.0,0.0,5.2023,0.0,0.0,0.0,0.0,0.0,0.0,0.0,0,0,0,0,0,0,0.0,0.0,0.0,0.0,0.0,0.0,0,0,0,0,0,0,0,0,0,0,0,0,0,,0,,0.0,0.0,0.0,0.0,0.0,0.0,0.0,0.0,0.0,0.0,0.0,0.0,0.0,0.0,0,0,0,0,0,0,,,,0.0,0.0,0.0,0.0,0.0,0.0,0,0,0,0,0,0,0,,0.0,0.0,0.0,0.0,0.0,0.0,0.0,0,0,0,0,0,0,0,0,0,0,0,0,0,0,0,0,0,0,0.0,0.0,0.0,0.0,0.0,0.0,0.0,0.0,0.0,0.0,0.0,0.0,0.0,0.0,0.0,0.0,0.0,0.0,17.3,2,<450,False,0.0,0.0,0.0,0.0,0.0,0.0,0.0,0.0,0.0,0.0,,
51wk4k31q480j6wst4epgt8us,T. Gijselhart,PEC Zwolle,5,3,3,0,0,1,1,4,2,0,0,1,1,1,0,3,2,2,1,0,0,0,0,0,0,0,0,60.0,50.0,,100.0,50.0,,100.0,0.0,66.67,,,,26.1628,15.6977,15.6977,0.0,0.0,5.2326,5.2326,20.9302,10.4651,0.0,0.0,5.2326,5.2326,5.2326,0.0,15.6977,10.4651,10.4651,5.2326,0.0,0.0,0.0,0.0,0.0,0.0,0.0,0.0,0,0,0,0,0,0,0,0,0,0.0,0.0,0.0,0.0,0.0,0.0,0.0,0.0,0.0,0.0,0.0,,,0,0,0,0,0,0,,0.0,0.0,0.0,0.0,0.0,0.0,5,0,0,0,0,0,0,0,0,0,0,0,0,0,0,0,0,0,0,0,0,0,26.1628,0.0,0.0,0.0,0.0,0.0,0.0,0.0,0.0,0.0,0.0,0.0,0.0,0.0,0.0,0.0,0.0,0.0,0.0,0.0,0.0,0.0,0,0,0,0,0,0,0,0,0,0,0,0,1,0,0,0,1,0,0,0,0,0,0,0,6,0,,,0.0,1,0,0.0,0,0,0,0,0.0,0.0,0.0,0.0,0.0,0.0,0.0,0.0,0.0,0.0,0.0,0.0,5.2326,0.0,0.0,0.0,5.2326,0.0,0.0,0.0,0.0,0.0,0.0,0.0,31.3953,0.0,5.2326,0.0,0.0,0.0,0.0,0.0,0,0,0,0,0,0,0.0,0.0,0.0,0.0,0.0,0.0,0,0,0,0,0,0,0,0,0,0,0,0,0,,0,,0.0,0.0,0.0,0.0,0.0,0.0,0.0,0.0,0.0,0.0,0.0,0.0,0.0,0.0,0,0,0,0,0,0,,,,0.0,0.0,0.0,0.0,0.0,0.0,0,0,0,0,0,0,0,,0.0,0.0,0.0,0.0,0.0,0.0,0.0,0,0,0,0,0,0,0,0,0,0,0,0,0,0,0,0,0,0,0.0,0.0,0.0,0.0,0.0,0.0,0.0,0.0,0.0,0.0,0.0,0.0,0.0,0.0,0.0,0.0,0.0,0.0,17.2,1,<450,False,0.0,0.0,0.0,0.982,0.0,0.0,0.0,0.0,5.1384,0.0,,
8j55jduxd0jfxrxh88kdqgcq2,S. Andersen,FC Utrecht,9,9,6,3,0,2,2,7,7,0,0,3,3,4,4,2,2,1,1,1,1,0,0,0,0,0,0,100.0,100.0,100.0,100.0,100.0,,100.0,100.0,100.0,,,,47.929,47.929,31.9527,15.9763,0.0,10.6509,10.6509,37.2781,37.2781,0.0,0.0,15.9763,15.9763,21.3018,21.3018,10.6509,10.6509,5.3254,5.3254,5.3254,5.3254,0.0,0.0,0.0,0.0,0.0,0.0,2,1,1,18.200874264715967,0,0,0,2,1,0.0,10.6509,5.3254,5.3254,96.9277,0.0,0.0,0.0,10.6509,5.3254,0.0,,,0,0,0,0,0,0,,0.0,0.0,0.0,0.0,0.0,0.0,7,0,0,0,0,0,0,0,0,0,0,0,0,0,0,0,0,0,0,0,0,0,37.2781,0.0,0.0,0.0,0.0,0.0,0.0,0.0,0.0,0.0,0.0,0.0,0.0,0.0,0.0,0.0,0.0,0.0,0.0,0.0,0.0,0.0,0,0,0,0,0,0,0,0,0,0,0,0,0,0,0,0,0,0,1,0,1,0,0,0,10,0,,,,0,0,,0,0,1,0,0.0,0.0,0.0,0.0,0.0,0.0,0.0,0.0,0.0,0.0,0.0,0.0,0.0,0.0,0.0,0.0,0.0,0.0,5.3254,0.0,5.3254,0.0,0.0,0.0,53.2544,0.0,0.0,0.0,0.0,0.0,5.3254,0.0,0,0,0,0,0,0,0.0,0.0,0.0,0.0,0.0,0.0,0,0,0,0,0,0,0,0,0,0,0,0,0,,0,,0.0,0.0,0.0,0.0,0.0,0.0,0.0,0.0,0.0,0.0,0.0,0.0,0.0,0.0,0,0,0,0,0,0,,,,0.0,0.0,0.0,0.0,0.0,0.0,0,0,0,0,0,0,0,,0.0,0.0,0.0,0.0,0.0,0.0,0.0,0,2,0,0,0,0,0,0,0,0,0,0,0,0,0,0,0,0,0.0,10.6509,0.0,0.0,0.0,0.0,0.0,0.0,0.0,0.0,0.0,0.0,0.0,0.0,0.0,0.0,0.0,0.0,16.9,1,<450,False,0.0,0.0,0.0,0.0,0.967,0.0,0.0,0.0,0.0,5.1497,,
95138z7cunha28l5ptzjnnggk,J. van de Haar,FC Utrecht,3,3,1,2,0,0,0,1,1,2,2,3,3,0,0,0,0,0,0,1,1,0,0,0,0,0,0,100.0,,100.0,,100.0,100.0,100.0,,,,,,16.3636,16.3636,5.4545,10.9091,0.0,0.0,0.0,5.4545,5.4545,10.9091,10.9091,16.3636,16.3636,0.0,0.0,0.0,0.0,0.0,0.0,5.4545,5.4545,0.0,0.0,0.0,0.0,0.0,0.0,0,0,1,14.557599390009337,1,1,0,1,1,0.0,0.0,0.0,5.4545,79.4051,5.4545,5.4545,0.0,5.4545,5.4545,0.0,,,0,0,0,0,0,0,,0.0,0.0,0.0,0.0,0.0,0.0,3,1,0,0,0,0,0,0,0,0,0,0,0,0,0,0,0,0,0,0,0,0,16.3636,5.4545,0.0,0.0,0.0,0.0,0.0,0.0,0.0,0.0,0.0,0.0,0.0,0.0,0.0,0.0,0.0,0.0,0.0,0.0,0.0,0.0,0,0,0,0,0,0,0,0,0,0,0,0,1,1,1,1,0,0,0,0,0,0,0,0,5,0,,,100.0,1,1,100.0,0,0,0,0,0.0,0.0,0.0,0.0,0.0,0.0,0.0,0.0,0.0,0.0,0.0,0.0,5.4545,5.4545,5.4545,5.4545,0.0,0.0,0.0,0.0,0.0,0.0,0.0,0.0,27.2727,0.0,5.4545,5.4545,0.0,0.0,0.0,0.0,1,0,0,0,0,0,5.4545,0.0,0.0,0.0,0.0,0.0,0,0,0,0,0,0,0,0,0,0,0,0,0,,0,,0.0,0.0,0.0,0.0,0.0,0.0,0.0,0.0,0.0,0.0,0.0,0.0,0.0,0.0,0,0,0,0,0,0,,,,0.0,0.0,0.0,0.0,0.0,0.0,0,0,0,0,0,0,0,,0.0,0.0,0.0,0.0,0.0,0.0,0.0,0,0,0,0,0,0,0,0,0,0,0,0,0,0,0,0,0,0,0.0,0.0,0.0,0.0,0.0,0.0,0.0,0.0,0.0,0.0,0.0,0.0,0.0,0.0,0.0,0.0,0.0,0.0,16.5,1,<450,False,0.0,0.0,0.0,0.967,0.0,0.0,0.0,0.0,5.2745,0.0,,
dnyy30xb9biyituq11td12gpg,M. Mau-Asam,FC Volendam,6,5,4,1,0,0,0,4,3,2,2,5,4,1,1,0,0,0,0,0,0,0,0,0,0,0,0,83.33,,,,75.0,100.0,80.0,100.0,,,,,33.5404,27.9503,22.3602,5.5901,0.0,0.0,0.0,22.3602,16.7702,11.1801,11.1801,27.9503,22.3602,5.5901,5.5901,0.0,0.0,0.0,0.0,0.0,0.0,0.0,0.0,0.0,0.0,0.0,0.0,0,0,0,0,0,0,0,0,0,0.0,0.0,0.0,0.0,0.0,0.0,0.0,0.0,0.0,0.0,0.0,,,0,0,0,0,0,0,,0.0,0.0,0.0,0.0,0.0,0.0,6,0,0,0,0,0,0,0,0,0,0,0,0,0,0,0,0,0,0,0,0,0,33.5404,0.0,0.0,0.0,0.0,0.0,0.0,0.0,0.0,0.0,0.0,0.0,0.0,0.0,0.0,0.0,0.0,0.0,0.0,0.0,0.0,0.0,0,0,0,0,0,0,0,0,0,0,0,0,0,0,0,0,0,0,0,0,0,0,0,0,6,0,,,,0,0,,0,0,0,0,0.0,0.0,0.0,0.0,0.0,0.0,0.0,0.0,0.0,0.0,0.0,0.0,0.0,0.0,0.0,0.0,0.0,0.0,0.0,0.0,0.0,0.0,0.0,0.0,33.5404,0.0,0.0,0.0,0.0,0.0,0.0,0.0,0,0,0,0,0,0,0.0,0.0,0.0,0.0,0.0,0.0,0,0,0,0,0,0,0,0,0,0,0,0,0,,0,,0.0,0.0,0.0,0.0,0.0,0.0,0.0,0.0,0.0,0.0,0.0,0.0,0.0,0.0,0,0,0,0,0,0,,,,0.0,0.0,0.0,0.0,0.0,0.0,0,0,0,0,0,0,0,,0.0,0.0,0.0,0.0,0.0,0.0,0.0,0,0,0,0,0,0,0,0,0,0,0,0,0,0,0,0,0,0,0.0,0.0,0.0,0.0,0.0,0.0,0.0,0.0,0.0,0.0,0.0,0.0,0.0,0.0,0.0,0.0,0.0,0.0,16.1,1,<450,False,0.0,0.0,0.0,0.0,0.0,0.0,0.0,0.0,0.0,0.0,,
7dsmjrquw8fyr70fnkvkx8iui,J. Udenhout,SBV Excelsior,7,4,1,3,0,3,0,2,2,2,2,3,2,3,2,1,0,2,0,0,0,0,0,0,0,0,0,57.14,0.0,,0.0,100.0,100.0,66.67,66.67,0.0,,,,43.4483,24.8276,6.2069,18.6207,0.0,18.6207,0.0,12.4138,12.4138,12.4138,12.4138,18.6207,12.4138,18.6207,12.4138,6.2069,0.0,12.4138,0.0,0.0,0.0,0.0,0.0,0.0,0.0,0.0,0.0,1,0,0,0,0,0,0,1,0,0.0,6.2069,0.0,0.0,0.0,0.0,0.0,0.0,6.2069,0.0,0.0,,,0,0,0,0,0,0,,0.0,0.0,0.0,0.0,0.0,0.0,3,0,0,0,0,0,0,0,0,0,0,0,0,0,0,0,0,0,0,0,0,0,18.6207,0.0,0.0,0.0,0.0,0.0,0.0,0.0,0.0,0.0,0.0,0.0,0.0,0.0,0.0,0.0,0.0,0.0,0.0,0.0,0.0,0.0,0,0,0,0,0,0,0,0,0,0,0,0,0,0,0,0,0,0,0,0,0,0,0,0,7,0,,,,0,0,,0,0,0,0,0.0,0.0,0.0,0.0,0.0,0.0,0.0,0.0,0.0,0.0,0.0,0.0,0.0,0.0,0.0,0.0,0.0,0.0,0.0,0.0,0.0,0.0,0.0,0.0,43.4483,0.0,0.0,0.0,0.0,0.0,0.0,0.0,0,0,0,0,0,0,0.0,0.0,0.0,0.0,0.0,0.0,0,0,0,0,0,0,0,0,0,0,0,0,0,,0,,0.0,0.0,0.0,0.0,0.0,0.0,0.0,0.0,0.0,0.0,0.0,0.0,0.0,0.0,0,0,0,0,0,3,,,,0.0,0.0,0.0,0.0,0.0,18.6207,0,0,0,0,0,0,0,,0.0,0.0,0.0,0.0,0.0,0.0,0.0,0,1,0,0,0,0,0,0,0,0,0,0,0,0,0,0,0,0,0.0,6.2069,0.0,0.0,0.0,0.0,0.0,0.0,0.0,0.0,0.0,0.0,0.0,0.0,0.0,0.0,0.0,0.0,14.5,2,<450,False,0.0,0.0,0.0,0.0,0.0,0.0,0.0,0.0,0.0,0.0,,
b4hb7nvompt0rzlqchdb6chlg,C. Demircioğlu,FC Volendam,1,1,0,1,0,0,0,1,1,0,0,1,1,0,0,0,0,0,0,1,1,0,0,0,0,0,0,100.0,,100.0,,100.0,,100.0,,,,,,6.9767,6.9767,0.0,6.9767,0.0,0.0,0.0,6.9767,6.9767,0.0,0.0,6.9767,6.9767,0.0,0.0,0.0,0.0,0.0,0.0,6.9767,6.9767,0.0,0.0,0.0,0.0,0.0,0.0,0,0,0,0,0,0,0,0,0,0.0,0.0,0.0,0.0,0.0,0.0,0.0,0.0,0.0,0.0,0.0,,,0,0,0,0,0,0,,0.0,0.0,0.0,0.0,0.0,0.0,1,1,0,0,0,0,0,0,0,0,0,0,0,0,0,0,0,0,0,0,0,0,6.9767,6.9767,0.0,0.0,0.0,0.0,0.0,0.0,0.0,0.0,0.0,0.0,0.0,0.0,0.0,0.0,0.0,0.0,0.0,0.0,0.0,0.0,0,0,0,0,0,0,0,0,0,0,0,0,1,1,0,0,1,1,1,0,1,0,2,0,2,0,,,100.0,1,1,100.0,2,0,1,0,0.0,0.0,0.0,0.0,0.0,0.0,0.0,0.0,0.0,0.0,0.0,0.0,6.9767,6.9767,0.0,0.0,6.9767,6.9767,6.9767,0.0,6.9767,0.0,13.9535,0.0,13.9535,0.0,6.9767,6.9767,13.9535,0.0,6.9767,0.0,0,0,0,0,0,0,0.0,0.0,0.0,0.0,0.0,0.0,0,0,0,0,0,0,0,0,0,0,0,0,0,,0,,0.0,0.0,0.0,0.0,0.0,0.0,0.0,0.0,0.0,0.0,0.0,0.0,0.0,0.0,0,0,0,0,0,0,,,,0.0,0.0,0.0,0.0,0.0,0.0,0,0,0,0,0,0,0,,0.0,0.0,0.0,0.0,0.0,0.0,0.0,0,0,0,0,0,0,0,0,0,0,0,0,0,0,0,0,0,0,0.0,0.0,0.0,0.0,0.0,0.0,0.0,0.0,0.0,0.0,0.0,0.0,0.0,0.0,0.0,0.0,0.0,0.0,12.9,1,<450,False,0.0,0.0,0.0,0.852,0.852,0.0,0.0,0.0,5.9442,5.9442,,
5yt3hbvzpaqv8lrjgt4ahb78q,R. Ledezma,PSV Eindhoven,6,6,2,4,0,0,0,2,2,4,4,5,5,1,1,0,0,0,0,0,0,0,0,0,0,0,0,100.0,,,,100.0,100.0,100.0,100.0,,,,,45.0,45.0,15.0,30.0,0.0,0.0,0.0,15.0,15.0,30.0,30.0,37.5,37.5,7.5,7.5,0.0,0.0,0.0,0.0,0.0,0.0,0.0,0.0,0.0,0.0,0.0,0.0,0,1,1,26.638093193770455,1,1,0,1,2,0.0,0.0,7.5,7.5,199.7857,7.5,7.5,0.0,7.5,15.0,0.0,,,0,0,0,0,0,0,,0.0,0.0,0.0,0.0,0.0,0.0,7,2,0,0,0,0,0,0,0,0,0,0,0,0,0,0,0,0,0,0,0,0,52.5,15.0,0.0,0.0,0.0,0.0,0.0,0.0,0.0,0.0,0.0,0.0,0.0,0.0,0.0,0.0,0.0,0.0,0.0,0.0,0.0,0.0,0,0,0,0,0,0,0,0,0,0,0,0,0,0,0,0,0,0,1,0,0,1,0,0,8,2,,,,0,0,,0,0,0,1,0.0,0.0,0.0,0.0,0.0,0.0,0.0,0.0,0.0,0.0,0.0,0.0,0.0,0.0,0.0,0.0,0.0,0.0,7.5,0.0,0.0,7.5,0.0,0.0,60.0,15.0,0.0,0.0,0.0,0.0,0.0,7.5,0,0,0,0,0,0,0.0,0.0,0.0,0.0,0.0,0.0,1,0,0,0,1,0,0,0,0,0,1,0,27.05208755345879,,0,27.05,7.5,0.0,0.0,0.0,7.5,0.0,0.0,0.0,0.0,0.0,7.5,0.0,202.8907,0.0,0,0,0,0,0,0,,,,0.0,0.0,0.0,0.0,0.0,0.0,0,0,0,0,0,0,0,,0.0,0.0,0.0,0.0,0.0,0.0,0.0,0,0,0,0,0,1,0,0,0,0,0,0,1,0,0,0,0,0,0.0,0.0,0.0,0.0,0.0,7.5,0.0,0.0,0.0,0.0,0.0,0.0,7.5,0.0,0.0,0.0,0.0,0.0,12.0,1,<450,False,0.0,0.0,0.0,0.0,1.402,0.0,0.0,0.0,0.0,10.515,,
d9wjrxhmo0dlczkg0fpnf3e1h,B. Waterman,PSV Eindhoven,5,5,5,0,0,5,5,0,0,0,0,0,0,4,4,1,1,1,1,0,0,0,0,0,0,0,0,100.0,100.0,,100.0,,,,100.0,100.0,,,,37.5,37.5,37.5,0.0,0.0,37.5,37.5,0.0,0.0,0.0,0.0,0.0,0.0,30.0,30.0,7.5,7.5,7.5,7.5,0.0,0.0,0.0,0.0,0.0,0.0,0.0,0.0,1,0,1,13.65476751907552,0,0,0,1,0,0.0,7.5,0.0,7.5,102.4108,0.0,0.0,0.0,7.5,0.0,0.0,,,0,0,0,0,0,0,,0.0,0.0,0.0,0.0,0.0,0.0,2,0,0,0,0,0,0,0,0,0,0,0,0,0,0,0,0,0,0,0,0,0,15.0,0.0,0.0,0.0,0.0,0.0,0.0,0.0,0.0,0.0,0.0,0.0,0.0,0.0,0.0,0.0,0.0,0.0,0.0,0.0,0.0,0.0,0,0,0,0,0,0,0,0,0,0,0,0,0,0,0,0,0,0,0,0,0,0,0,0,5,0,,,,0,0,,0,0,0,0,0.0,0.0,0.0,0.0,0.0,0.0,0.0,0.0,0.0,0.0,0.0,0.0,0.0,0.0,0.0,0.0,0.0,0.0,0.0,0.0,0.0,0.0,0.0,0.0,37.5,0.0,0.0,0.0,0.0,0.0,0.0,0.0,0,0,0,0,0,0,0.0,0.0,0.0,0.0,0.0,0.0,0,0,0,0,0,0,0,0,0,0,0,0,0,,0,,0.0,0.0,0.0,0.0,0.0,0.0,0.0,0.0,0.0,0.0,0.0,0.0,0.0,0.0,0,0,0,0,0,0,,,,0.0,0.0,0.0,0.0,0.0,0.0,1,0,0,1,0,0,0,100.0,7.5,0.0,0.0,7.5,0.0,0.0,0.0,0,1,0,0,0,0,0,0,0,0,0,0,0,0,0,0,0,0,0.0,7.5,0.0,0.0,0.0,0.0,0.0,0.0,0.0,0.0,0.0,0.0,0.0,0.0,0.0,0.0,0.0,0.0,12.0,1,<450,False,0.0,0.0,0.0,0.0,0.0,0.0,0.0,0.0,0.0,0.0,,
c8j50o9oqu2okdpjsr3nvnhsl,A. El Ghazi,PSV Eindhoven,4,3,2,1,0,0,0,3,3,1,0,3,2,1,1,0,0,0,0,0,0,0,0,0,0,0,0,75.0,,,,100.0,0.0,66.67,100.0,,,,,30.5085,22.8814,15.2542,7.6271,0.0,0.0,0.0,22.8814,22.8814,7.6271,0.0,22.8814,15.2542,7.6271,7.6271,0.0,0.0,0.0,0.0,0.0,0.0,0.0,0.0,0.0,0.0,0.0,0.0,1,0,2,19.19239942623529,0,0,1,1,0,1.0,7.6271,0.0,15.2542,146.3827,0.0,0.0,7.6271,7.6271,0.0,7.6271,,,0,0,0,0,0,0,,0.0,0.0,0.0,0.0,0.0,0.0,7,1,0,0,0,1,0,0,0,0,0,0,0,0,0,0,0,0,0,0,0,0,53.3898,7.6271,0.0,0.0,0.0,7.6271,0.0,0.0,0.0,0.0,0.0,0.0,0.0,0.0,0.0,0.0,0.0,0.0,0.0,0.0,0.0,0.0,2,2,0,0,0,0,0,0,0,0,0,0,0,0,0,0,0,0,0,0,0,0,0,0,9,2,100.0,,,2,2,100.0,0,0,0,0,15.2542,15.2542,0.0,0.0,0.0,0.0,0.0,0.0,0.0,0.0,0.0,0.0,0.0,0.0,0.0,0.0,0.0,0.0,0.0,0.0,0.0,0.0,0.0,0.0,68.6441,15.2542,15.2542,15.2542,0.0,0.0,0.0,0.0,0,0,0,0,0,0,0.0,0.0,0.0,0.0,0.0,0.0,3,0,1,0,2,0,0,0,2,0,1,0,57.16735207696893,,0,19.06,22.8814,0.0,7.6271,0.0,15.2542,0.0,0.0,0.0,15.2542,0.0,7.6271,0.0,436.0222,0.0,0,0,0,0,0,0,,,,0.0,0.0,0.0,0.0,0.0,0.0,0,0,0,0,0,0,0,,0.0,0.0,0.0,0.0,0.0,0.0,0.0,0,1,0,0,0,3,0,0,0,0,0,0,0,3,0,0,0,0,0.0,7.6271,0.0,0.0,0.0,22.8814,0.0,0.0,0.0,0.0,0.0,0.0,0.0,22.8814,0.0,0.0,0.0,0.0,11.8,1,<450,False,0.0,0.0,0.0,0.0,0.0,0.0,0.0,0.0,0.0,0.0,,
43hn1o0jlkg2cqg1mmx06ilbe,Sergi Rosanas,Sparta Rotterdam,0,0,0,0,0,0,0,0,0,0,0,0,0,0,0,0,0,0,0,0,0,0,0,0,0,0,0,,,,,,,,,,,,,0.0,0.0,0.0,0.0,0.0,0.0,0.0,0.0,0.0,0.0,0.0,0.0,0.0,0.0,0.0,0.0,0.0,0.0,0.0,0.0,0.0,0.0,0.0,0.0,0.0,0.0,0.0,0,0,0,0,0,0,0,0,0,0.0,0.0,0.0,0.0,0.0,0.0,0.0,0.0,0.0,0.0,0.0,,,0,0,0,0,0,0,,0.0,0.0,0.0,0.0,0.0,0.0,0,0,0,0,0,0,0,0,0,0,0,0,0,0,0,0,0,0,0,0,0,0,0.0,0.0,0.0,0.0,0.0,0.0,0.0,0.0,0.0,0.0,0.0,0.0,0.0,0.0,0.0,0.0,0.0,0.0,0.0,0.0,0.0,0.0,0,0,1,1,1,0,0,0,0,0,0,0,0,0,0,0,0,0,0,0,0,0,0,0,0,0,,100.0,,1,1,100.0,0,1,0,0,0.0,0.0,8.0357,8.0357,8.0357,0.0,0.0,0.0,0.0,0.0,0.0,0.0,0.0,0.0,0.0,0.0,0.0,0.0,0.0,0.0,0.0,0.0,0.0,0.0,0.0,0.0,8.0357,8.0357,0.0,8.0357,0.0,0.0,0,0,0,0,0,0,0.0,0.0,0.0,0.0,0.0,0.0,0,0,0,0,0,0,0,0,0,0,0,0,0,,0,,0.0,0.0,0.0,0.0,0.0,0.0,0.0,0.0,0.0,0.0,0.0,0.0,0.0,0.0,0,0,0,0,0,0,,,,0.0,0.0,0.0,0.0,0.0,0.0,0,0,0,0,0,0,0,,0.0,0.0,0.0,0.0,0.0,0.0,0.0,0,0,0,0,0,0,0,1,0,0,0,0,0,0,0,0,1,0,0.0,0.0,0.0,0.0,0.0,0.0,0.0,8.0357,0.0,0.0,0.0,0.0,0.0,0.0,0.0,0.0,8.0357,0.0,11.2,2,<450,False,0.944,0.0,0.0,0.0,0.0,7.5857,0.0,0.0,0.0,0.0,,
clf1gaibzuksl1a4acfu7y0ic,J. Uneken,PSV Eindhoven,0,0,0,0,0,0,0,0,0,0,0,0,0,0,0,0,0,0,0,0,0,0,0,0,0,0,0,,,,,,,,,,,,,0.0,0.0,0.0,0.0,0.0,0.0,0.0,0.0,0.0,0.0,0.0,0.0,0.0,0.0,0.0,0.0,0.0,0.0,0.0,0.0,0.0,0.0,0.0,0.0,0.0,0.0,0.0,0,0,0,0,0,0,0,0,0,0.0,0.0,0.0,0.0,0.0,0.0,0.0,0.0,0.0,0.0,0.0,,,0,0,0,0,0,0,,0.0,0.0,0.0,0.0,0.0,0.0,1,0,0,0,0,0,0,0,0,0,0,0,0,0,0,0,0,0,0,0,0,0,13.8462,0.0,0.0,0.0,0.0,0.0,0.0,0.0,0.0,0.0,0.0,0.0,0.0,0.0,0.0,0.0,0.0,0.0,0.0,0.0,0.0,0.0,0,0,0,0,0,0,0,0,0,0,0,0,1,0,0,0,1,0,0,0,0,0,0,0,1,1,,,0.0,1,0,0.0,0,0,0,0,0.0,0.0,0.0,0.0,0.0,0.0,0.0,0.0,0.0,0.0,0.0,0.0,13.8462,0.0,0.0,0.0,13.8462,0.0,0.0,0.0,0.0,0.0,0.0,0.0,13.8462,13.8462,13.8462,0.0,0.0,0.0,0.0,0.0,0,0,0,0,0,0,0.0,0.0,0.0,0.0,0.0,0.0,1,1,0,0,1,1,0,0,1,1,0,0,9.346571617443475,,1,9.35,13.8462,13.8462,0.0,0.0,13.8462,13.8462,0.0,0.0,13.8462,13.8462,0.0,0.0,129.4141,13.8462,0,0,0,0,0,0,,,,0.0,0.0,0.0,0.0,0.0,0.0,0,0,0,0,0,0,0,,0.0,0.0,0.0,0.0,0.0,0.0,0.0,0,0,0,0,0,1,0,0,0,0,1,0,1,0,0,0,0,0,0.0,0.0,0.0,0.0,0.0,13.8462,0.0,0.0,0.0,0.0,13.8462,0.0,13.8462,0.0,0.0,0.0,0.0,0.0,6.5,1,<450,False,0.0,0.0,0.0,1.402,0.0,0.0,0.0,0.0,19.4123,0.0,,
a69sa0h7lgpmlav961cpejbe2,D. Huisman,SBV Vitesse,0,0,0,0,0,0,0,0,0,0,0,0,0,0,0,0,0,0,0,0,0,0,0,0,0,0,0,,,,,,,,,,,,,0.0,0.0,0.0,0.0,0.0,0.0,0.0,0.0,0.0,0.0,0.0,0.0,0.0,0.0,0.0,0.0,0.0,0.0,0.0,0.0,0.0,0.0,0.0,0.0,0.0,0.0,0.0,0,0,0,0,0,0,0,0,0,0.0,0.0,0.0,0.0,0.0,0.0,0.0,0.0,0.0,0.0,0.0,,,0,0,0,0,0,0,,0.0,0.0,0.0,0.0,0.0,0.0,0,0,0,0,0,0,0,0,0,0,0,0,0,0,0,0,0,0,0,0,0,0,0.0,0.0,0.0,0.0,0.0,0.0,0.0,0.0,0.0,0.0,0.0,0.0,0.0,0.0,0.0,0.0,0.0,0.0,0.0,0.0,0.0,0.0,0,0,0,0,0,0,0,0,0,0,0,0,0,0,0,0,0,0,0,0,0,0,0,0,0,0,,,,0,0,,0,0,0,0,0.0,0.0,0.0,0.0,0.0,0.0,0.0,0.0,0.0,0.0,0.0,0.0,0.0,0.0,0.0,0.0,0.0,0.0,0.0,0.0,0.0,0.0,0.0,0.0,0.0,0.0,0.0,0.0,0.0,0.0,0.0,0.0,0,0,0,0,0,0,0.0,0.0,0.0,0.0,0.0,0.0,0,0,0,0,0,0,0,0,0,0,0,0,0,,0,,0.0,0.0,0.0,0.0,0.0,0.0,0.0,0.0,0.0,0.0,0.0,0.0,0.0,0.0,0,0,0,0,0,0,,,,0.0,0.0,0.0,0.0,0.0,0.0,0,0,0,0,0,0,0,,0.0,0.0,0.0,0.0,0.0,0.0,0.0,0,0,0,0,0,0,0,0,0,0,0,0,0,0,0,0,0,0,0.0,0.0,0.0,0.0,0.0,0.0,0.0,0.0,0.0,0.0,0.0,0.0,0.0,0.0,0.0,0.0,0.0,0.0,3.7,1,<450,False,0.0,0.0,0.0,0.0,0.0,0.0,0.0,0.0,0.0,0.0,,
dntkkj0c91fqm6643op261mhg,S. Hermsen,Fortuna Sittard,0,0,0,0,0,0,0,0,0,0,0,0,0,0,0,0,0,0,0,0,0,0,0,0,0,0,0,,,,,,,,,,,,,0.0,0.0,0.0,0.0,0.0,0.0,0.0,0.0,0.0,0.0,0.0,0.0,0.0,0.0,0.0,0.0,0.0,0.0,0.0,0.0,0.0,0.0,0.0,0.0,0.0,0.0,0.0,0,0,0,0,0,0,0,0,0,0.0,0.0,0.0,0.0,0.0,0.0,0.0,0.0,0.0,0.0,0.0,,,0,0,0,0,0,0,,0.0,0.0,0.0,0.0,0.0,0.0,0,0,0,0,0,0,0,0,0,0,0,0,0,0,0,0,0,0,0,0,0,0,0.0,0.0,0.0,0.0,0.0,0.0,0.0,0.0,0.0,0.0,0.0,0.0,0.0,0.0,0.0,0.0,0.0,0.0,0.0,0.0,0.0,0.0,0,0,0,0,0,0,0,0,0,0,0,0,0,0,0,0,0,0,0,0,0,0,0,0,0,0,,,,0,0,,0,0,0,0,0.0,0.0,0.0,0.0,0.0,0.0,0.0,0.0,0.0,0.0,0.0,0.0,0.0,0.0,0.0,0.0,0.0,0.0,0.0,0.0,0.0,0.0,0.0,0.0,0.0,0.0,0.0,0.0,0.0,0.0,0.0,0.0,0,0,0,0,0,0,0.0,0.0,0.0,0.0,0.0,0.0,0,0,0,0,0,0,0,0,0,0,0,0,0,,0,,0.0,0.0,0.0,0.0,0.0,0.0,0.0,0.0,0.0,0.0,0.0,0.0,0.0,0.0,0,0,0,0,0,0,,,,0.0,0.0,0.0,0.0,0.0,0.0,0,0,0,0,0,0,0,,0.0,0.0,0.0,0.0,0.0,0.0,0.0,0,0,0,0,0,0,0,0,0,0,0,0,0,0,0,0,0,0,0.0,0.0,0.0,0.0,0.0,0.0,0.0,0.0,0.0,0.0,0.0,0.0,0.0,0.0,0.0,0.0,0.0,0.0,2.4,1,<450,False,0.0,0.0,0.0,0.0,0.0,0.0,0.0,0.0,0.0,0.0,,
djekc2mhsntvqyvsq26ru115g,D. Bisschops,Fortuna Sittard,0,0,0,0,0,0,0,0,0,0,0,0,0,0,0,0,0,0,0,0,0,0,0,0,0,0,0,,,,,,,,,,,,,0.0,0.0,0.0,0.0,0.0,0.0,0.0,0.0,0.0,0.0,0.0,0.0,0.0,0.0,0.0,0.0,0.0,0.0,0.0,0.0,0.0,0.0,0.0,0.0,0.0,0.0,0.0,0,0,0,0,0,0,0,0,0,0.0,0.0,0.0,0.0,0.0,0.0,0.0,0.0,0.0,0.0,0.0,,,0,0,0,0,0,0,,0.0,0.0,0.0,0.0,0.0,0.0,0,0,0,0,0,0,0,0,0,0,0,0,0,0,0,0,0,0,0,0,0,0,0.0,0.0,0.0,0.0,0.0,0.0,0.0,0.0,0.0,0.0,0.0,0.0,0.0,0.0,0.0,0.0,0.0,0.0,0.0,0.0,0.0,0.0,0,0,0,0,0,0,0,0,0,0,0,0,0,0,0,0,0,0,0,0,0,0,0,0,0,0,,,,0,0,,0,0,0,0,0.0,0.0,0.0,0.0,0.0,0.0,0.0,0.0,0.0,0.0,0.0,0.0,0.0,0.0,0.0,0.0,0.0,0.0,0.0,0.0,0.0,0.0,0.0,0.0,0.0,0.0,0.0,0.0,0.0,0.0,0.0,0.0,0,0,0,0,0,0,0.0,0.0,0.0,0.0,0.0,0.0,0,0,0,0,0,0,0,0,0,0,0,0,0,,0,,0.0,0.0,0.0,0.0,0.0,0.0,0.0,0.0,0.0,0.0,0.0,0.0,0.0,0.0,0,0,0,0,0,0,,,,0.0,0.0,0.0,0.0,0.0,0.0,0,0,0,0,0,0,0,,0.0,0.0,0.0,0.0,0.0,0.0,0.0,0,0,0,0,0,0,0,0,0,0,0,0,0,0,0,0,0,0,0.0,0.0,0.0,0.0,0.0,0.0,0.0,0.0,0.0,0.0,0.0,0.0,0.0,0.0,0.0,0.0,0.0,0.0,2.0,1,<450,False,0.0,0.0,0.0,0.0,0.0,0.0,0.0,0.0,0.0,0.0,,
49pcpdulrofklvwsde6ohkkq,Y. Schoonderwaldt,Sparta Rotterdam,0,0,0,0,0,0,0,0,0,0,0,0,0,0,0,0,0,0,0,0,0,0,0,0,0,0,0,,,,,,,,,,,,,,,,,,,,,,,,,,,,,,,,,,,,,,,,0,0,0,0,0,0,0,0,0,0.0,,,,,,,,,,,,,0,0,0,0,0,0,,,,,,,,0,0,0,0,0,0,0,0,0,0,0,0,0,0,0,0,0,0,0,0,0,0,,,,,,,,,,,,,,,,,,,,,,,0,0,0,0,0,0,0,0,0,0,0,0,0,0,0,0,0,0,0,0,0,0,0,0,0,0,,,,0,0,,0,0,0,0,,,,,,,,,,,,,,,,,,,,,,,,,,,,,,,,,0,0,0,0,0,0,,,,,,,0,0,0,0,0,0,0,0,0,0,0,0,0,,0,,,,,,,,,,,,,,,,0,0,0,0,0,0,,,,,,,,,,0,0,0,0,0,0,0,,,,,,,,,0,0,0,0,0,0,0,0,0,0,0,0,0,0,0,0,0,0,,,,,,,,,,,,,,,,,,,0.0,0,<450,False,0.0,0.0,0.0,0.0,0.0,,,,,,,
