matchInfo/id,matchInfo/coverageLevel,matchInfo/date,matchInfo/time,matchInfo/week,matchInfo/numberOfPeriods,matchInfo/periodLength,matchInfo/var,matchInfo/lastUpdated,matchInfo/description,matchInfo/sport/id,matchInfo/sport/name,matchInfo/ruleset/id,matchInfo/ruleset/name,matchInfo/competition/id,matchInfo/competition/name,matchInfo/competition/knownName,matchInfo/competition/sponsorName,matchInfo/competition/competitionCode,matchInfo/competition/competitionFormat,matchInfo/competition/country/id,matchInfo/competition/country/name,matchInfo/tournamentCalendar/id,matchInfo/tournamentCalendar/startDate,matchInfo/tournamentCalendar/endDate,matchInfo/tournamentCalendar/name,matchInfo/stage/id,matchInfo/stage/formatId,matchInfo/stage/startDate,matchInfo/stage/endDate,matchInfo/stage/name,matchInfo/venue/id,matchInfo/venue/neutral,matchInfo/venue/longName,matchInfo/venue/shortName,matchInfo/venue/latitude,matchInfo/venue/longitude,liveData/matchDetails/periodId,liveData/matchDetails/matchStatus,matchInfo/localDate,matchInfo/localTime,liveData/matchDetails/winner,liveData/matchDetails/matchLengthMin,liveData/matchDetails/matchLengthSec,liveData/matchDetails/period,liveData/matchDetails/scores/ht/home,liveData/matchDetails/scores/ht/away,liveData/matchDetails/scores/ft/home,liveData/matchDetails/scores/ft/away,liveData/matchDetails/scores/total/home,liveData/matchDetails/scores/total/away,liveData/goal,liveData/card,liveData/substitute,liveData/matchDetailsExtra/matchOfficial,liveData/matchDetailsExtra/attendance,liveData/VAR,matchInfo/contestant/0/id,matchInfo/contestant/0/name,matchInfo/contestant/0/shortName,matchInfo/contestant/0/officialName,matchInfo/contestant/0/code,matchInfo/contestant/0/position,matchInfo/contestant/0/country,matchInfo/contestant/1/id,matchInfo/contestant/1/name,matchInfo/contestant/1/shortName,matchInfo/contestant/1/officialName,matchInfo/contestant/1/code,matchInfo/contestant/1/position,matchInfo/contestant/1/country
s0zvhlxc1mjugwmfzjs18t1w,13,2027-04-24Z,,30,2,45,1,2026-07-25T17:26:35Z,Sparta Praha vs Zbrojovka Brno,289u5typ3vp4ifwh5thalohmq,Soccer,79plas4983031idr6vw83nuel,Men,bu1l7ckihyr0errxw61p0m05,Czech Liga,Czech First League,Chance liga,CZL,Domestic league,5md5tpwr2nmqao528prx43jr7,Czechia,ei2lksxq5fb6mh8yzxqatwnx0,2026-07-25Z,2027-05-24Z,2026/2027,ejo28sdb3kcl4zgkwjbc8ncb8,e2q01r9o9jwiq1fls93d1sslx,2026-07-25Z,2027-04-24Z,Regular Season,94ni823vpqbxjv7m1k39cylmr,no,epet ARENA,epet ARENA,50.099816060,14.415827394,16,Fixture,,,,,,,,,,,,,,,,,,,5ocdn3a6s75u0d0dy0rbou0xc,Sparta Praha,Sparta,AC Sparta Praha,ACS,home,"{""id"": ""5md5tpwr2nmqao528prx43jr7"", ""name"": ""Czechia""}",6k350zwynsc23f0sxw9akgc6y,Zbrojovka Brno,Zbrojovka,FC Zbrojovka Brno,BRN,away,"{""id"": ""5md5tpwr2nmqao528prx43jr7"", ""name"": ""Czechia""}"
rpbq85pxjoga7wiuayz433tg,13,2027-04-24Z,,30,2,45,1,2026-07-25T14:19:01Z,Bohemians 1905 vs Teplice,289u5typ3vp4ifwh5thalohmq,Soccer,79plas4983031idr6vw83nuel,Men,bu1l7ckihyr0errxw61p0m05,Czech Liga,Czech First League,Chance liga,CZL,Domestic league,5md5tpwr2nmqao528prx43jr7,Czechia,ei2lksxq5fb6mh8yzxqatwnx0,2026-07-25Z,2027-05-24Z,2026/2027,ejo28sdb3kcl4zgkwjbc8ncb8,e2q01r9o9jwiq1fls93d1sslx,2026-07-25Z,2027-04-24Z,Regular Season,9cj96q0e19jjqiphv07dsff62,no,Stadion Ďolíček,Stadion Ďolíček,50.066998168,14.454191029,16,Fixture,,,,,,,,,,,,,,,,,,,bqcrqg0367eqzrt4vjb5apu6g,Bohemians 1905,Bohemians,Bohemians Praha 1905,BOH,home,"{""id"": ""5md5tpwr2nmqao528prx43jr7"", ""name"": ""Czechia""}",41eivtin75c5fu33x3zfx956b,Teplice,Teplice,FK Teplice,TEP,away,"{""id"": ""5md5tpwr2nmqao528prx43jr7"", ""name"": ""Czechia""}"
rdjnmpaue1wzk4u3voi5rvo4,13,2027-04-24Z,,30,2,45,1,2026-07-24T13:42:21Z,Baník Ostrava vs Zlín,289u5typ3vp4ifwh5thalohmq,Soccer,79plas4983031idr6vw83nuel,Men,bu1l7ckihyr0errxw61p0m05,Czech Liga,Czech First League,Chance liga,CZL,Domestic league,5md5tpwr2nmqao528prx43jr7,Czechia,ei2lksxq5fb6mh8yzxqatwnx0,2026-07-25Z,2027-05-24Z,2026/2027,ejo28sdb3kcl4zgkwjbc8ncb8,e2q01r9o9jwiq1fls93d1sslx,2026-07-25Z,2027-04-24Z,Regular Season,1xwzje85tz7gwpynab7es9ieg,no,Městský stadion - Vítkovice Aréna,Městský stadion - Vítkovice Aréna,49.804348544,18.255988955,16,Fixture,,,,,,,,,,,,,,,,,,,dfvvrv84skv23rsn1k6kt4slc,Baník Ostrava,Ostrava,FC Baník Ostrava,FCB,home,"{""id"": ""5md5tpwr2nmqao528prx43jr7"", ""name"": ""Czechia""}",aj1nbeiatqrs6e47mnhjidn15,Zlín,Zlín,FC Zlín,ZLI,away,"{""id"": ""5md5tpwr2nmqao528prx43jr7"", ""name"": ""Czechia""}"
r1p5s8i7hbw5td7ad2tq7ok4,13,2027-04-24Z,,30,2,45,1,2026-07-24T13:29:22Z,Pardubice vs Hradec Králové,289u5typ3vp4ifwh5thalohmq,Soccer,79plas4983031idr6vw83nuel,Men,bu1l7ckihyr0errxw61p0m05,Czech Liga,Czech First League,Chance liga,CZL,Domestic league,5md5tpwr2nmqao528prx43jr7,Czechia,ei2lksxq5fb6mh8yzxqatwnx0,2026-07-25Z,2027-05-24Z,2026/2027,ejo28sdb3kcl4zgkwjbc8ncb8,e2q01r9o9jwiq1fls93d1sslx,2026-07-25Z,2027-04-24Z,Regular Season,29ligd0aeeadk5h0bv13j9yj8,no,Stadion Arnošta Košťála,Stadion Arnošta Košťála,50.041041815,15.771190566,16,Fixture,,,,,,,,,,,,,,,,,,,4xbgquadoen1b303u4hi9nhg9,Pardubice,Pardubice,FK Pardubice,PCE,home,"{""id"": ""5md5tpwr2nmqao528prx43jr7"", ""name"": ""Czechia""}",1v75g4bk8vzrvu0jmaro6lila,Hradec Králové,Hradec Kr.,FC Hradec Králové,HKR,away,"{""id"": ""5md5tpwr2nmqao528prx43jr7"", ""name"": ""Czechia""}"
qpva5wkp1xxk0j4amc8n9qms,13,2027-04-24Z,,30,2,45,1,2026-07-26T12:21:32Z,Slovácko vs Slavia Praha,289u5typ3vp4ifwh5thalohmq,Soccer,79plas4983031idr6vw83nuel,Men,bu1l7ckihyr0errxw61p0m05,Czech Liga,Czech First League,Chance liga,CZL,Domestic league,5md5tpwr2nmqao528prx43jr7,Czechia,ei2lksxq5fb6mh8yzxqatwnx0,2026-07-25Z,2027-05-24Z,2026/2027,ejo28sdb3kcl4zgkwjbc8ncb8,e2q01r9o9jwiq1fls93d1sslx,2026-07-25Z,2027-04-24Z,Regular Season,d0xo4iuobvbd1ov2hx3mn89hl,no,Městský fotbalový stadion Miroslava Valenty,Městský fotbalový stadion Miroslava Valenty,49.065515573,17.471448183,16,Fixture,,,,,,,,,,,,,,,,,,,bp5x8iw8pstucx6s4iqht6xqf,Slovácko,Slovácko,1. FC Slovácko,FCS,home,"{""id"": ""5md5tpwr2nmqao528prx43jr7"", ""name"": ""Czechia""}",8kpapuorr6hf0vosnovbreqqd,Slavia Praha,Slavia,SK Slavia Praha,SLA,away,"{""id"": ""5md5tpwr2nmqao528prx43jr7"", ""name"": ""Czechia""}"
qe75v0qm9ont71qy8aoyy9ec,13,2027-04-24Z,,30,2,45,1,2026-07-26T09:20:59Z,Sigma Olomouc vs Jablonec,289u5typ3vp4ifwh5thalohmq,Soccer,79plas4983031idr6vw83nuel,Men,bu1l7ckihyr0errxw61p0m05,Czech Liga,Czech First League,Chance liga,CZL,Domestic league,5md5tpwr2nmqao528prx43jr7,Czechia,ei2lksxq5fb6mh8yzxqatwnx0,2026-07-25Z,2027-05-24Z,2026/2027,ejo28sdb3kcl4zgkwjbc8ncb8,e2q01r9o9jwiq1fls93d1sslx,2026-07-25Z,2027-04-24Z,Regular Season,dh99x428jggw1l8w7r39teeod,no,Andrův stadion,Andrův stadion,49.600120824,17.248245478,16,Fixture,,,,,,,,,,,,,,,,,,,dchxm00ei80l8ljbcfpdill8k,Sigma Olomouc,Olomouc,SK Sigma Olomouc,OLO,home,"{""id"": ""5md5tpwr2nmqao528prx43jr7"", ""name"": ""Czechia""}",bdz8tx20ekj1ryi2e2u13jdl,Jablonec,Jablonec,FK Jablonec,FKJ,away,"{""id"": ""5md5tpwr2nmqao528prx43jr7"", ""name"": ""Czechia""}"
q2jf85z3zzx67dndo7pcgjdg,13,2027-04-24Z,,30,2,45,1,2026-07-25T10:06:07Z,Mladá Boleslav vs Artis Brno,289u5typ3vp4ifwh5thalohmq,Soccer,79plas4983031idr6vw83nuel,Men,bu1l7ckihyr0errxw61p0m05,Czech Liga,Czech First League,Chance liga,CZL,Domestic league,5md5tpwr2nmqao528prx43jr7,Czechia,ei2lksxq5fb6mh8yzxqatwnx0,2026-07-25Z,2027-05-24Z,2026/2027,ejo28sdb3kcl4zgkwjbc8ncb8,e2q01r9o9jwiq1fls93d1sslx,2026-07-25Z,2027-04-24Z,Regular Season,dmt7kj588jheugqzw6kmgni5l,no,Lokotrans Aréna,Lokotrans Aréna,50.427180471,14.916987419,16,Fixture,,,,,,,,,,,,,,,,,,,2qui2adwsi022vu84b8gdw4z0,Mladá Boleslav,Ml. Boleslav,FK Mladá Boleslav,MBL,home,"{""id"": ""5md5tpwr2nmqao528prx43jr7"", ""name"": ""Czechia""}",6onh4wiqdb8r50qa6oyxlbafg,Artis Brno,Artis,SK Artis Brno,ARB,away,"{""id"": ""5md5tpwr2nmqao528prx43jr7"", ""name"": ""Czechia""}"
pqp3h1jx76k83zj6ogo0zod0,13,2027-04-24Z,,30,2,45,1,2026-07-24T01:41:57Z,Slovan Liberec vs Viktoria Plzeň,289u5typ3vp4ifwh5thalohmq,Soccer,79plas4983031idr6vw83nuel,Men,bu1l7ckihyr0errxw61p0m05,Czech Liga,Czech First League,Chance liga,CZL,Domestic league,5md5tpwr2nmqao528prx43jr7,Czechia,ei2lksxq5fb6mh8yzxqatwnx0,2026-07-25Z,2027-05-24Z,2026/2027,ejo28sdb3kcl4zgkwjbc8ncb8,e2q01r9o9jwiq1fls93d1sslx,2026-07-25Z,2027-04-24Z,Regular Season,2979bmbkg8c2rzguycikc4izd,no,Stadion u Nisy,Stadion u Nisy,50.776201411,15.050035715,16,Fixture,,,,,,,,,,,,,,,,,,,2c4rs2vp0tyjiqa7y3gfttf24,Slovan Liberec,Liberec,FC Slovan Liberec,LIB,home,"{""id"": ""5md5tpwr2nmqao528prx43jr7"", ""name"": ""Czechia""}",c6fx1460nlkawjgh67sp7a1hd,Viktoria Plzeň,Plzeň,FC Viktoria Plzeň,PLZ,away,"{""id"": ""5md5tpwr2nmqao528prx43jr7"", ""name"": ""Czechia""}"
peuyzq2zs9x49h9vei5eh1xw,13,2027-04-17Z,,29,2,45,1,2026-07-24T13:29:17Z,Zbrojovka Brno vs Pardubice,289u5typ3vp4ifwh5thalohmq,Soccer,79plas4983031idr6vw83nuel,Men,bu1l7ckihyr0errxw61p0m05,Czech Liga,Czech First League,Chance liga,CZL,Domestic league,5md5tpwr2nmqao528prx43jr7,Czechia,ei2lksxq5fb6mh8yzxqatwnx0,2026-07-25Z,2027-05-24Z,2026/2027,ejo28sdb3kcl4zgkwjbc8ncb8,e2q01r9o9jwiq1fls93d1sslx,2026-07-25Z,2027-04-24Z,Regular Season,68vgjjgn8036ntz351r3c9mw0,no,ShipEx Aréna,ShipEx Aréna,49.227197061,16.586501598,16,Fixture,,,,,,,,,,,,,,,,,,,6k350zwynsc23f0sxw9akgc6y,Zbrojovka Brno,Zbrojovka,FC Zbrojovka Brno,BRN,home,"{""id"": ""5md5tpwr2nmqao528prx43jr7"", ""name"": ""Czechia""}",4xbgquadoen1b303u4hi9nhg9,Pardubice,Pardubice,FK Pardubice,PCE,away,"{""id"": ""5md5tpwr2nmqao528prx43jr7"", ""name"": ""Czechia""}"
p33b79jlp009n9215nq4gqhg,13,2027-04-17Z,,29,2,45,1,2026-07-24T13:42:21Z,Teplice vs Baník Ostrava,289u5typ3vp4ifwh5thalohmq,Soccer,79plas4983031idr6vw83nuel,Men,bu1l7ckihyr0errxw61p0m05,Czech Liga,Czech First League,Chance liga,CZL,Domestic league,5md5tpwr2nmqao528prx43jr7,Czechia,ei2lksxq5fb6mh8yzxqatwnx0,2026-07-25Z,2027-05-24Z,2026/2027,ejo28sdb3kcl4zgkwjbc8ncb8,e2q01r9o9jwiq1fls93d1sslx,2026-07-25Z,2027-04-24Z,Regular Season,47vp4hvc9krq6q7ey16tt5xc1,no,AGC Aréna Na Stínadlech,AGC Aréna Na Stínadlech,50.640071736,13.817807436,16,Fixture,,,,,,,,,,,,,,,,,,,41eivtin75c5fu33x3zfx956b,Teplice,Teplice,FK Teplice,TEP,home,"{""id"": ""5md5tpwr2nmqao528prx43jr7"", ""name"": ""Czechia""}",dfvvrv84skv23rsn1k6kt4slc,Baník Ostrava,Ostrava,FC Baník Ostrava,FCB,away,"{""id"": ""5md5tpwr2nmqao528prx43jr7"", ""name"": ""Czechia""}"
or7mgfipnlkk25y0wd85yolw,13,2027-04-17Z,,29,2,45,1,2026-07-25T10:06:07Z,Zlín vs Mladá Boleslav,289u5typ3vp4ifwh5thalohmq,Soccer,79plas4983031idr6vw83nuel,Men,bu1l7ckihyr0errxw61p0m05,Czech Liga,Czech First League,Chance liga,CZL,Domestic league,5md5tpwr2nmqao528prx43jr7,Czechia,ei2lksxq5fb6mh8yzxqatwnx0,2026-07-25Z,2027-05-24Z,2026/2027,ejo28sdb3kcl4zgkwjbc8ncb8,e2q01r9o9jwiq1fls93d1sslx,2026-07-25Z,2027-04-24Z,Regular Season,9ydptb7ki97jxrfex1l4tvcq6,no,Stadion Letná,Stadion Letná,49.231309756,17.669309378,16,Fixture,,,,,,,,,,,,,,,,,,,aj1nbeiatqrs6e47mnhjidn15,Zlín,Zlín,FC Zlín,ZLI,home,"{""id"": ""5md5tpwr2nmqao528prx43jr7"", ""name"": ""Czechia""}",2qui2adwsi022vu84b8gdw4z0,Mladá Boleslav,Ml. Boleslav,FK Mladá Boleslav,MBL,away,"{""id"": ""5md5tpwr2nmqao528prx43jr7"", ""name"": ""Czechia""}"
ofd6w40ut1fxde5lwsv9er6c,13,2027-04-17Z,,29,2,45,1,2026-07-26T12:21:32Z,Hradec Králové vs Slovácko,289u5typ3vp4ifwh5thalohmq,Soccer,79plas4983031idr6vw83nuel,Men,bu1l7ckihyr0errxw61p0m05,Czech Liga,Czech First League,Chance liga,CZL,Domestic league,5md5tpwr2nmqao528prx43jr7,Czechia,ei2lksxq5fb6mh8yzxqatwnx0,2026-07-25Z,2027-05-24Z,2026/2027,ejo28sdb3kcl4zgkwjbc8ncb8,e2q01r9o9jwiq1fls93d1sslx,2026-07-25Z,2027-04-24Z,Regular Season,b1by4990boxacbvh10n5jv5sk,no,FINEP Arena,FINEP Arena,50.206416871,15.845450177,16,Fixture,,,,,,,,,,,,,,,,,,,1v75g4bk8vzrvu0jmaro6lila,Hradec Králové,Hradec Kr.,FC Hradec Králové,HKR,home,"{""id"": ""5md5tpwr2nmqao528prx43jr7"", ""name"": ""Czechia""}",bp5x8iw8pstucx6s4iqht6xqf,Slovácko,Slovácko,1. FC Slovácko,FCS,away,"{""id"": ""5md5tpwr2nmqao528prx43jr7"", ""name"": ""Czechia""}"
o3k9nbm7b6m71zypz8m2xyc4,13,2027-04-17Z,,29,2,45,1,2026-07-26T09:20:59Z,Slavia Praha vs Sigma Olomouc,289u5typ3vp4ifwh5thalohmq,Soccer,79plas4983031idr6vw83nuel,Men,bu1l7ckihyr0errxw61p0m05,Czech Liga,Czech First League,Chance liga,CZL,Domestic league,5md5tpwr2nmqao528prx43jr7,Czechia,ei2lksxq5fb6mh8yzxqatwnx0,2026-07-25Z,2027-05-24Z,2026/2027,ejo28sdb3kcl4zgkwjbc8ncb8,e2q01r9o9jwiq1fls93d1sslx,2026-07-25Z,2027-04-24Z,Regular Season,7c48dqxoem7bdglaflo26dizy,no,Fortuna Arena,Fortuna Arena,50.067525002,14.471139908,16,Fixture,,,,,,,,,,,,,,,,,,,8kpapuorr6hf0vosnovbreqqd,Slavia Praha,Slavia,SK Slavia Praha,SLA,home,"{""id"": ""5md5tpwr2nmqao528prx43jr7"", ""name"": ""Czechia""}",dchxm00ei80l8ljbcfpdill8k,Sigma Olomouc,Olomouc,SK Sigma Olomouc,OLO,away,"{""id"": ""5md5tpwr2nmqao528prx43jr7"", ""name"": ""Czechia""}"
nrribh57356tlrtlikrmxk44,13,2027-04-17Z,,29,2,45,1,2026-07-24T12:48:32Z,Jablonec vs Artis Brno,289u5typ3vp4ifwh5thalohmq,Soccer,79plas4983031idr6vw83nuel,Men,bu1l7ckihyr0errxw61p0m05,Czech Liga,Czech First League,Chance liga,CZL,Domestic league,5md5tpwr2nmqao528prx43jr7,Czechia,ei2lksxq5fb6mh8yzxqatwnx0,2026-07-25Z,2027-05-24Z,2026/2027,ejo28sdb3kcl4zgkwjbc8ncb8,e2q01r9o9jwiq1fls93d1sslx,2026-07-25Z,2027-04-24Z,Regular Season,477e2cn5x9m53k0djxbcmds8b,no,Stadion Střelnice,Stadion Střelnice,50.714915207,15.162243247,16,Fixture,,,,,,,,,,,,,,,,,,,bdz8tx20ekj1ryi2e2u13jdl,Jablonec,Jablonec,FK Jablonec,FKJ,home,"{""id"": ""5md5tpwr2nmqao528prx43jr7"", ""name"": ""Czechia""}",6onh4wiqdb8r50qa6oyxlbafg,Artis Brno,Artis,SK Artis Brno,ARB,away,"{""id"": ""5md5tpwr2nmqao528prx43jr7"", ""name"": ""Czechia""}"
nfxhht18qavy2lkaiqpc2xhw,13,2027-04-17Z,,29,2,45,1,2026-07-25T17:26:35Z,Slovan Liberec vs Sparta Praha,289u5typ3vp4ifwh5thalohmq,Soccer,79plas4983031idr6vw83nuel,Men,bu1l7ckihyr0errxw61p0m05,Czech Liga,Czech First League,Chance liga,CZL,Domestic league,5md5tpwr2nmqao528prx43jr7,Czechia,ei2lksxq5fb6mh8yzxqatwnx0,2026-07-25Z,2027-05-24Z,2026/2027,ejo28sdb3kcl4zgkwjbc8ncb8,e2q01r9o9jwiq1fls93d1sslx,2026-07-25Z,2027-04-24Z,Regular Season,2979bmbkg8c2rzguycikc4izd,no,Stadion u Nisy,Stadion u Nisy,50.776201411,15.050035715,16,Fixture,,,,,,,,,,,,,,,,,,,2c4rs2vp0tyjiqa7y3gfttf24,Slovan Liberec,Liberec,FC Slovan Liberec,LIB,home,"{""id"": ""5md5tpwr2nmqao528prx43jr7"", ""name"": ""Czechia""}",5ocdn3a6s75u0d0dy0rbou0xc,Sparta Praha,Sparta,AC Sparta Praha,ACS,away,"{""id"": ""5md5tpwr2nmqao528prx43jr7"", ""name"": ""Czechia""}"
n467p41e0rhnpwb51flgwems,13,2027-04-17Z,,29,2,45,1,2026-07-25T14:19:01Z,Viktoria Plzeň vs Bohemians 1905,289u5typ3vp4ifwh5thalohmq,Soccer,79plas4983031idr6vw83nuel,Men,bu1l7ckihyr0errxw61p0m05,Czech Liga,Czech First League,Chance liga,CZL,Domestic league,5md5tpwr2nmqao528prx43jr7,Czechia,ei2lksxq5fb6mh8yzxqatwnx0,2026-07-25Z,2027-05-24Z,2026/2027,ejo28sdb3kcl4zgkwjbc8ncb8,e2q01r9o9jwiq1fls93d1sslx,2026-07-25Z,2027-04-24Z,Regular Season,d601gpjtfe63bz3lcrpdc9n3l,no,Doosan Aréna,Doosan Aréna,49.750074229,13.385446072,16,Fixture,,,,,,,,,,,,,,,,,,,c6fx1460nlkawjgh67sp7a1hd,Viktoria Plzeň,Plzeň,FC Viktoria Plzeň,PLZ,home,"{""id"": ""5md5tpwr2nmqao528prx43jr7"", ""name"": ""Czechia""}",bqcrqg0367eqzrt4vjb5apu6g,Bohemians 1905,Bohemians,Bohemians Praha 1905,BOH,away,"{""id"": ""5md5tpwr2nmqao528prx43jr7"", ""name"": ""Czechia""}"
ms9lsh5m3g8504c96aov3wgk,13,2027-04-10Z,,28,2,45,1,2026-07-24T12:48:32Z,Artis Brno vs Slavia Praha,289u5typ3vp4ifwh5thalohmq,Soccer,79plas4983031idr6vw83nuel,Men,bu1l7ckihyr0errxw61p0m05,Czech Liga,Czech First League,Chance liga,CZL,Domestic league,5md5tpwr2nmqao528prx43jr7,Czechia,ei2lksxq5fb6mh8yzxqatwnx0,2026-07-25Z,2027-05-24Z,2026/2027,ejo28sdb3kcl4zgkwjbc8ncb8,e2q01r9o9jwiq1fls93d1sslx,2026-07-25Z,2027-04-24Z,Regular Season,68vgjjgn8036ntz351r3c9mw0,no,ShipEx Aréna,ShipEx Aréna,49.227197061,16.586501598,16,Fixture,,,,,,,,,,,,,,,,,,,6onh4wiqdb8r50qa6oyxlbafg,Artis Brno,Artis,SK Artis Brno,ARB,home,"{""id"": ""5md5tpwr2nmqao528prx43jr7"", ""name"": ""Czechia""}",8kpapuorr6hf0vosnovbreqqd,Slavia Praha,Slavia,SK Slavia Praha,SLA,away,"{""id"": ""5md5tpwr2nmqao528prx43jr7"", ""name"": ""Czechia""}"
mghjragk940ztoax36mfzac4,13,2027-04-10Z,,28,2,45,1,2026-07-25T10:06:07Z,Mladá Boleslav vs Jablonec,289u5typ3vp4ifwh5thalohmq,Soccer,79plas4983031idr6vw83nuel,Men,bu1l7ckihyr0errxw61p0m05,Czech Liga,Czech First League,Chance liga,CZL,Domestic league,5md5tpwr2nmqao528prx43jr7,Czechia,ei2lksxq5fb6mh8yzxqatwnx0,2026-07-25Z,2027-05-24Z,2026/2027,ejo28sdb3kcl4zgkwjbc8ncb8,e2q01r9o9jwiq1fls93d1sslx,2026-07-25Z,2027-04-24Z,Regular Season,dmt7kj588jheugqzw6kmgni5l,no,Lokotrans Aréna,Lokotrans Aréna,50.427180471,14.916987419,16,Fixture,,,,,,,,,,,,,,,,,,,2qui2adwsi022vu84b8gdw4z0,Mladá Boleslav,Ml. Boleslav,FK Mladá Boleslav,MBL,home,"{""id"": ""5md5tpwr2nmqao528prx43jr7"", ""name"": ""Czechia""}",bdz8tx20ekj1ryi2e2u13jdl,Jablonec,Jablonec,FK Jablonec,FKJ,away,"{""id"": ""5md5tpwr2nmqao528prx43jr7"", ""name"": ""Czechia""}"
m4okth79ushafrpob0tdwopg,13,2027-04-10Z,,28,2,45,1,2026-07-26T09:20:59Z,Sigma Olomouc vs Hradec Králové,289u5typ3vp4ifwh5thalohmq,Soccer,79plas4983031idr6vw83nuel,Men,bu1l7ckihyr0errxw61p0m05,Czech Liga,Czech First League,Chance liga,CZL,Domestic league,5md5tpwr2nmqao528prx43jr7,Czechia,ei2lksxq5fb6mh8yzxqatwnx0,2026-07-25Z,2027-05-24Z,2026/2027,ejo28sdb3kcl4zgkwjbc8ncb8,e2q01r9o9jwiq1fls93d1sslx,2026-07-25Z,2027-04-24Z,Regular Season,dh99x428jggw1l8w7r39teeod,no,Andrův stadion,Andrův stadion,49.600120824,17.248245478,16,Fixture,,,,,,,,,,,,,,,,,,,dchxm00ei80l8ljbcfpdill8k,Sigma Olomouc,Olomouc,SK Sigma Olomouc,OLO,home,"{""id"": ""5md5tpwr2nmqao528prx43jr7"", ""name"": ""Czechia""}",1v75g4bk8vzrvu0jmaro6lila,Hradec Králové,Hradec Kr.,FC Hradec Králové,HKR,away,"{""id"": ""5md5tpwr2nmqao528prx43jr7"", ""name"": ""Czechia""}"
lsu6xbty2a8kbciytsn8qp78,13,2027-04-10Z,,28,2,45,1,2026-07-26T12:21:27Z,Slovácko vs Zlín,289u5typ3vp4ifwh5thalohmq,Soccer,79plas4983031idr6vw83nuel,Men,bu1l7ckihyr0errxw61p0m05,Czech Liga,Czech First League,Chance liga,CZL,Domestic league,5md5tpwr2nmqao528prx43jr7,Czechia,ei2lksxq5fb6mh8yzxqatwnx0,2026-07-25Z,2027-05-24Z,2026/2027,ejo28sdb3kcl4zgkwjbc8ncb8,e2q01r9o9jwiq1fls93d1sslx,2026-07-25Z,2027-04-24Z,Regular Season,d0xo4iuobvbd1ov2hx3mn89hl,no,Městský fotbalový stadion Miroslava Valenty,Městský fotbalový stadion Miroslava Valenty,49.065515573,17.471448183,16,Fixture,,,,,,,,,,,,,,,,,,,bp5x8iw8pstucx6s4iqht6xqf,Slovácko,Slovácko,1. FC Slovácko,FCS,home,"{""id"": ""5md5tpwr2nmqao528prx43jr7"", ""name"": ""Czechia""}",aj1nbeiatqrs6e47mnhjidn15,Zlín,Zlín,FC Zlín,ZLI,away,"{""id"": ""5md5tpwr2nmqao528prx43jr7"", ""name"": ""Czechia""}"
lfrkq070hiht7dme7puycg0k,13,2027-04-10Z,,28,2,45,1,2026-07-24T13:29:17Z,Pardubice vs Teplice,289u5typ3vp4ifwh5thalohmq,Soccer,79plas4983031idr6vw83nuel,Men,bu1l7ckihyr0errxw61p0m05,Czech Liga,Czech First League,Chance liga,CZL,Domestic league,5md5tpwr2nmqao528prx43jr7,Czechia,ei2lksxq5fb6mh8yzxqatwnx0,2026-07-25Z,2027-05-24Z,2026/2027,ejo28sdb3kcl4zgkwjbc8ncb8,e2q01r9o9jwiq1fls93d1sslx,2026-07-25Z,2027-04-24Z,Regular Season,29ligd0aeeadk5h0bv13j9yj8,no,Stadion Arnošta Košťála,Stadion Arnošta Košťála,50.041041815,15.771190566,16,Fixture,,,,,,,,,,,,,,,,,,,4xbgquadoen1b303u4hi9nhg9,Pardubice,Pardubice,FK Pardubice,PCE,home,"{""id"": ""5md5tpwr2nmqao528prx43jr7"", ""name"": ""Czechia""}",41eivtin75c5fu33x3zfx956b,Teplice,Teplice,FK Teplice,TEP,away,"{""id"": ""5md5tpwr2nmqao528prx43jr7"", ""name"": ""Czechia""}"
l3xefe8wy2ydrjzhduyv4qhg,13,2027-04-10Z,,28,2,45,1,2026-07-24T13:42:21Z,Baník Ostrava vs Zbrojovka Brno,289u5typ3vp4ifwh5thalohmq,Soccer,79plas4983031idr6vw83nuel,Men,bu1l7ckihyr0errxw61p0m05,Czech Liga,Czech First League,Chance liga,CZL,Domestic league,5md5tpwr2nmqao528prx43jr7,Czechia,ei2lksxq5fb6mh8yzxqatwnx0,2026-07-25Z,2027-05-24Z,2026/2027,ejo28sdb3kcl4zgkwjbc8ncb8,e2q01r9o9jwiq1fls93d1sslx,2026-07-25Z,2027-04-24Z,Regular Season,1xwzje85tz7gwpynab7es9ieg,no,Městský stadion - Vítkovice Aréna,Městský stadion - Vítkovice Aréna,49.804348544,18.255988955,16,Fixture,,,,,,,,,,,,,,,,,,,dfvvrv84skv23rsn1k6kt4slc,Baník Ostrava,Ostrava,FC Baník Ostrava,FCB,home,"{""id"": ""5md5tpwr2nmqao528prx43jr7"", ""name"": ""Czechia""}",6k350zwynsc23f0sxw9akgc6y,Zbrojovka Brno,Zbrojovka,FC Zbrojovka Brno,BRN,away,"{""id"": ""5md5tpwr2nmqao528prx43jr7"", ""name"": ""Czechia""}"
ks5zfd2mb37toik0ngds1ixg,13,2027-04-10Z,,28,2,45,1,2026-07-25T14:19:03Z,Bohemians 1905 vs Slovan Liberec,289u5typ3vp4ifwh5thalohmq,Soccer,79plas4983031idr6vw83nuel,Men,bu1l7ckihyr0errxw61p0m05,Czech Liga,Czech First League,Chance liga,CZL,Domestic league,5md5tpwr2nmqao528prx43jr7,Czechia,ei2lksxq5fb6mh8yzxqatwnx0,2026-07-25Z,2027-05-24Z,2026/2027,ejo28sdb3kcl4zgkwjbc8ncb8,e2q01r9o9jwiq1fls93d1sslx,2026-07-25Z,2027-04-24Z,Regular Season,9cj96q0e19jjqiphv07dsff62,no,Stadion Ďolíček,Stadion Ďolíček,50.066998168,14.454191029,16,Fixture,,,,,,,,,,,,,,,,,,,bqcrqg0367eqzrt4vjb5apu6g,Bohemians 1905,Bohemians,Bohemians Praha 1905,BOH,home,"{""id"": ""5md5tpwr2nmqao528prx43jr7"", ""name"": ""Czechia""}",2c4rs2vp0tyjiqa7y3gfttf24,Slovan Liberec,Liberec,FC Slovan Liberec,LIB,away,"{""id"": ""5md5tpwr2nmqao528prx43jr7"", ""name"": ""Czechia""}"
kgfgtlv9k7vbyh2isi7b7das,13,2027-04-10Z,,28,2,45,1,2026-07-25T17:26:35Z,Sparta Praha vs Viktoria Plzeň,289u5typ3vp4ifwh5thalohmq,Soccer,79plas4983031idr6vw83nuel,Men,bu1l7ckihyr0errxw61p0m05,Czech Liga,Czech First League,Chance liga,CZL,Domestic league,5md5tpwr2nmqao528prx43jr7,Czechia,ei2lksxq5fb6mh8yzxqatwnx0,2026-07-25Z,2027-05-24Z,2026/2027,ejo28sdb3kcl4zgkwjbc8ncb8,e2q01r9o9jwiq1fls93d1sslx,2026-07-25Z,2027-04-24Z,Regular Season,94ni823vpqbxjv7m1k39cylmr,no,epet ARENA,epet ARENA,50.099816060,14.415827394,16,Fixture,,,,,,,,,,,,,,,,,,,5ocdn3a6s75u0d0dy0rbou0xc,Sparta Praha,Sparta,AC Sparta Praha,ACS,home,"{""id"": ""5md5tpwr2nmqao528prx43jr7"", ""name"": ""Czechia""}",c6fx1460nlkawjgh67sp7a1hd,Viktoria Plzeň,Plzeň,FC Viktoria Plzeň,PLZ,away,"{""id"": ""5md5tpwr2nmqao528prx43jr7"", ""name"": ""Czechia""}"
k4d5of0xdfpk0yyvphzbxvro,13,2027-04-03Z,,27,2,45,1,2026-07-24T13:30:17Z,Slavia Praha vs Jablonec,289u5typ3vp4ifwh5thalohmq,Soccer,79plas4983031idr6vw83nuel,Men,bu1l7ckihyr0errxw61p0m05,Czech Liga,Czech First League,Chance liga,CZL,Domestic league,5md5tpwr2nmqao528prx43jr7,Czechia,ei2lksxq5fb6mh8yzxqatwnx0,2026-07-25Z,2027-05-24Z,2026/2027,ejo28sdb3kcl4zgkwjbc8ncb8,e2q01r9o9jwiq1fls93d1sslx,2026-07-25Z,2027-04-24Z,Regular Season,7c48dqxoem7bdglaflo26dizy,no,Fortuna Arena,Fortuna Arena,50.067525002,14.471139908,16,Fixture,,,,,,,,,,,,,,,,,,,8kpapuorr6hf0vosnovbreqqd,Slavia Praha,Slavia,SK Slavia Praha,SLA,home,"{""id"": ""5md5tpwr2nmqao528prx43jr7"", ""name"": ""Czechia""}",bdz8tx20ekj1ryi2e2u13jdl,Jablonec,Jablonec,FK Jablonec,FKJ,away,"{""id"": ""5md5tpwr2nmqao528prx43jr7"", ""name"": ""Czechia""}"
jsnxcv2klkidnqb4gddv77ro,13,2027-04-03Z,,27,2,45,1,2026-07-24T12:49:17Z,Zlín vs Artis Brno,289u5typ3vp4ifwh5thalohmq,Soccer,79plas4983031idr6vw83nuel,Men,bu1l7ckihyr0errxw61p0m05,Czech Liga,Czech First League,Chance liga,CZL,Domestic league,5md5tpwr2nmqao528prx43jr7,Czechia,ei2lksxq5fb6mh8yzxqatwnx0,2026-07-25Z,2027-05-24Z,2026/2027,ejo28sdb3kcl4zgkwjbc8ncb8,e2q01r9o9jwiq1fls93d1sslx,2026-07-25Z,2027-04-24Z,Regular Season,9ydptb7ki97jxrfex1l4tvcq6,no,Stadion Letná,Stadion Letná,49.231309756,17.669309378,16,Fixture,,,,,,,,,,,,,,,,,,,aj1nbeiatqrs6e47mnhjidn15,Zlín,Zlín,FC Zlín,ZLI,home,"{""id"": ""5md5tpwr2nmqao528prx43jr7"", ""name"": ""Czechia""}",6onh4wiqdb8r50qa6oyxlbafg,Artis Brno,Artis,SK Artis Brno,ARB,away,"{""id"": ""5md5tpwr2nmqao528prx43jr7"", ""name"": ""Czechia""}"
jgw70fw68e3j6nlf9hy7o9p0,13,2027-04-03Z,,27,2,45,1,2026-07-25T10:06:07Z,Hradec Králové vs Mladá Boleslav,289u5typ3vp4ifwh5thalohmq,Soccer,79plas4983031idr6vw83nuel,Men,bu1l7ckihyr0errxw61p0m05,Czech Liga,Czech First League,Chance liga,CZL,Domestic league,5md5tpwr2nmqao528prx43jr7,Czechia,ei2lksxq5fb6mh8yzxqatwnx0,2026-07-25Z,2027-05-24Z,2026/2027,ejo28sdb3kcl4zgkwjbc8ncb8,e2q01r9o9jwiq1fls93d1sslx,2026-07-25Z,2027-04-24Z,Regular Season,b1by4990boxacbvh10n5jv5sk,no,FINEP Arena,FINEP Arena,50.206416871,15.845450177,16,Fixture,,,,,,,,,,,,,,,,,,,1v75g4bk8vzrvu0jmaro6lila,Hradec Králové,Hradec Kr.,FC Hradec Králové,HKR,home,"{""id"": ""5md5tpwr2nmqao528prx43jr7"", ""name"": ""Czechia""}",2qui2adwsi022vu84b8gdw4z0,Mladá Boleslav,Ml. Boleslav,FK Mladá Boleslav,MBL,away,"{""id"": ""5md5tpwr2nmqao528prx43jr7"", ""name"": ""Czechia""}"
j50jwpl6g10517ubc7xmac5w,13,2027-04-03Z,,27,2,45,1,2026-07-26T09:20:59Z,Zbrojovka Brno vs Sigma Olomouc,289u5typ3vp4ifwh5thalohmq,Soccer,79plas4983031idr6vw83nuel,Men,bu1l7ckihyr0errxw61p0m05,Czech Liga,Czech First League,Chance liga,CZL,Domestic league,5md5tpwr2nmqao528prx43jr7,Czechia,ei2lksxq5fb6mh8yzxqatwnx0,2026-07-25Z,2027-05-24Z,2026/2027,ejo28sdb3kcl4zgkwjbc8ncb8,e2q01r9o9jwiq1fls93d1sslx,2026-07-25Z,2027-04-24Z,Regular Season,68vgjjgn8036ntz351r3c9mw0,no,ShipEx Aréna,ShipEx Aréna,49.227197061,16.586501598,16,Fixture,,,,,,,,,,,,,,,,,,,6k350zwynsc23f0sxw9akgc6y,Zbrojovka Brno,Zbrojovka,FC Zbrojovka Brno,BRN,home,"{""id"": ""5md5tpwr2nmqao528prx43jr7"", ""name"": ""Czechia""}",dchxm00ei80l8ljbcfpdill8k,Sigma Olomouc,Olomouc,SK Sigma Olomouc,OLO,away,"{""id"": ""5md5tpwr2nmqao528prx43jr7"", ""name"": ""Czechia""}"
it66uuyn55evtiemg874vac4,13,2027-04-03Z,,27,2,45,1,2026-07-26T12:21:27Z,Teplice vs Slovácko,289u5typ3vp4ifwh5thalohmq,Soccer,79plas4983031idr6vw83nuel,Men,bu1l7ckihyr0errxw61p0m05,Czech Liga,Czech First League,Chance liga,CZL,Domestic league,5md5tpwr2nmqao528prx43jr7,Czechia,ei2lksxq5fb6mh8yzxqatwnx0,2026-07-25Z,2027-05-24Z,2026/2027,ejo28sdb3kcl4zgkwjbc8ncb8,e2q01r9o9jwiq1fls93d1sslx,2026-07-25Z,2027-04-24Z,Regular Season,47vp4hvc9krq6q7ey16tt5xc1,no,AGC Aréna Na Stínadlech,AGC Aréna Na Stínadlech,50.640071736,13.817807436,16,Fixture,,,,,,,,,,,,,,,,,,,41eivtin75c5fu33x3zfx956b,Teplice,Teplice,FK Teplice,TEP,home,"{""id"": ""5md5tpwr2nmqao528prx43jr7"", ""name"": ""Czechia""}",bp5x8iw8pstucx6s4iqht6xqf,Slovácko,Slovácko,1. FC Slovácko,FCS,away,"{""id"": ""5md5tpwr2nmqao528prx43jr7"", ""name"": ""Czechia""}"
ih9wwdkozj4fcvii86xl2vpw,13,2027-04-03Z,,27,2,45,1,2026-07-24T13:29:17Z,Slovan Liberec vs Pardubice,289u5typ3vp4ifwh5thalohmq,Soccer,79plas4983031idr6vw83nuel,Men,bu1l7ckihyr0errxw61p0m05,Czech Liga,Czech First League,Chance liga,CZL,Domestic league,5md5tpwr2nmqao528prx43jr7,Czechia,ei2lksxq5fb6mh8yzxqatwnx0,2026-07-25Z,2027-05-24Z,2026/2027,ejo28sdb3kcl4zgkwjbc8ncb8,e2q01r9o9jwiq1fls93d1sslx,2026-07-25Z,2027-04-24Z,Regular Season,2979bmbkg8c2rzguycikc4izd,no,Stadion u Nisy,Stadion u Nisy,50.776201411,15.050035715,16,Fixture,,,,,,,,,,,,,,,,,,,2c4rs2vp0tyjiqa7y3gfttf24,Slovan Liberec,Liberec,FC Slovan Liberec,LIB,home,"{""id"": ""5md5tpwr2nmqao528prx43jr7"", ""name"": ""Czechia""}",4xbgquadoen1b303u4hi9nhg9,Pardubice,Pardubice,FK Pardubice,PCE,away,"{""id"": ""5md5tpwr2nmqao528prx43jr7"", ""name"": ""Czechia""}"
i5by4iea0ao0aqz7mvq7efpw,13,2027-04-03Z,,27,2,45,1,2026-07-24T13:42:21Z,Viktoria Plzeň vs Baník Ostrava,289u5typ3vp4ifwh5thalohmq,Soccer,79plas4983031idr6vw83nuel,Men,bu1l7ckihyr0errxw61p0m05,Czech Liga,Czech First League,Chance liga,CZL,Domestic league,5md5tpwr2nmqao528prx43jr7,Czechia,ei2lksxq5fb6mh8yzxqatwnx0,2026-07-25Z,2027-05-24Z,2026/2027,ejo28sdb3kcl4zgkwjbc8ncb8,e2q01r9o9jwiq1fls93d1sslx,2026-07-25Z,2027-04-24Z,Regular Season,d601gpjtfe63bz3lcrpdc9n3l,no,Doosan Aréna,Doosan Aréna,49.750074229,13.385446072,16,Fixture,,,,,,,,,,,,,,,,,,,c6fx1460nlkawjgh67sp7a1hd,Viktoria Plzeň,Plzeň,FC Viktoria Plzeň,PLZ,home,"{""id"": ""5md5tpwr2nmqao528prx43jr7"", ""name"": ""Czechia""}",dfvvrv84skv23rsn1k6kt4slc,Baník Ostrava,Ostrava,FC Baník Ostrava,FCB,away,"{""id"": ""5md5tpwr2nmqao528prx43jr7"", ""name"": ""Czechia""}"
htjrvem7slshbnagxgsxf7ro,13,2027-04-03Z,,27,2,45,1,2026-07-25T17:26:35Z,Sparta Praha vs Bohemians 1905,289u5typ3vp4ifwh5thalohmq,Soccer,79plas4983031idr6vw83nuel,Men,bu1l7ckihyr0errxw61p0m05,Czech Liga,Czech First League,Chance liga,CZL,Domestic league,5md5tpwr2nmqao528prx43jr7,Czechia,ei2lksxq5fb6mh8yzxqatwnx0,2026-07-25Z,2027-05-24Z,2026/2027,ejo28sdb3kcl4zgkwjbc8ncb8,e2q01r9o9jwiq1fls93d1sslx,2026-07-25Z,2027-04-24Z,Regular Season,94ni823vpqbxjv7m1k39cylmr,no,epet ARENA,epet ARENA,50.099816060,14.415827394,16,Fixture,,,,,,,,,,,,,,,,,,,5ocdn3a6s75u0d0dy0rbou0xc,Sparta Praha,Sparta,AC Sparta Praha,ACS,home,"{""id"": ""5md5tpwr2nmqao528prx43jr7"", ""name"": ""Czechia""}",bqcrqg0367eqzrt4vjb5apu6g,Bohemians 1905,Bohemians,Bohemians Praha 1905,BOH,away,"{""id"": ""5md5tpwr2nmqao528prx43jr7"", ""name"": ""Czechia""}"
hhrj9ld1ziijs2ddo8grs5jo,13,2027-03-20Z,,26,2,45,1,2026-07-26T12:21:27Z,Slovácko vs Sparta Praha,289u5typ3vp4ifwh5thalohmq,Soccer,79plas4983031idr6vw83nuel,Men,bu1l7ckihyr0errxw61p0m05,Czech Liga,Czech First League,Chance liga,CZL,Domestic league,5md5tpwr2nmqao528prx43jr7,Czechia,ei2lksxq5fb6mh8yzxqatwnx0,2026-07-25Z,2027-05-24Z,2026/2027,ejo28sdb3kcl4zgkwjbc8ncb8,e2q01r9o9jwiq1fls93d1sslx,2026-07-25Z,2027-04-24Z,Regular Season,d0xo4iuobvbd1ov2hx3mn89hl,no,Městský fotbalový stadion Miroslava Valenty,Městský fotbalový stadion Miroslava Valenty,49.065515573,17.471448183,16,Fixture,,,,,,,,,,,,,,,,,,,bp5x8iw8pstucx6s4iqht6xqf,Slovácko,Slovácko,1. FC Slovácko,FCS,home,"{""id"": ""5md5tpwr2nmqao528prx43jr7"", ""name"": ""Czechia""}",5ocdn3a6s75u0d0dy0rbou0xc,Sparta Praha,Sparta,AC Sparta Praha,ACS,away,"{""id"": ""5md5tpwr2nmqao528prx43jr7"", ""name"": ""Czechia""}"
h5v464agh2oih18qdth2oo44,13,2027-03-20Z,,26,2,45,1,2026-07-24T13:42:21Z,Baník Ostrava vs Slovan Liberec,289u5typ3vp4ifwh5thalohmq,Soccer,79plas4983031idr6vw83nuel,Men,bu1l7ckihyr0errxw61p0m05,Czech Liga,Czech First League,Chance liga,CZL,Domestic league,5md5tpwr2nmqao528prx43jr7,Czechia,ei2lksxq5fb6mh8yzxqatwnx0,2026-07-25Z,2027-05-24Z,2026/2027,ejo28sdb3kcl4zgkwjbc8ncb8,e2q01r9o9jwiq1fls93d1sslx,2026-07-25Z,2027-04-24Z,Regular Season,1xwzje85tz7gwpynab7es9ieg,no,Městský stadion - Vítkovice Aréna,Městský stadion - Vítkovice Aréna,49.804348544,18.255988955,16,Fixture,,,,,,,,,,,,,,,,,,,dfvvrv84skv23rsn1k6kt4slc,Baník Ostrava,Ostrava,FC Baník Ostrava,FCB,home,"{""id"": ""5md5tpwr2nmqao528prx43jr7"", ""name"": ""Czechia""}",2c4rs2vp0tyjiqa7y3gfttf24,Slovan Liberec,Liberec,FC Slovan Liberec,LIB,away,"{""id"": ""5md5tpwr2nmqao528prx43jr7"", ""name"": ""Czechia""}"
gu5gw8f8ls4yeqw12may9zis,13,2027-03-20Z,,26,2,45,1,2026-07-25T14:19:02Z,Bohemians 1905 vs Zbrojovka Brno,289u5typ3vp4ifwh5thalohmq,Soccer,79plas4983031idr6vw83nuel,Men,bu1l7ckihyr0errxw61p0m05,Czech Liga,Czech First League,Chance liga,CZL,Domestic league,5md5tpwr2nmqao528prx43jr7,Czechia,ei2lksxq5fb6mh8yzxqatwnx0,2026-07-25Z,2027-05-24Z,2026/2027,ejo28sdb3kcl4zgkwjbc8ncb8,e2q01r9o9jwiq1fls93d1sslx,2026-07-25Z,2027-04-24Z,Regular Season,9cj96q0e19jjqiphv07dsff62,no,Stadion Ďolíček,Stadion Ďolíček,50.066998168,14.454191029,16,Fixture,,,,,,,,,,,,,,,,,,,bqcrqg0367eqzrt4vjb5apu6g,Bohemians 1905,Bohemians,Bohemians Praha 1905,BOH,home,"{""id"": ""5md5tpwr2nmqao528prx43jr7"", ""name"": ""Czechia""}",6k350zwynsc23f0sxw9akgc6y,Zbrojovka Brno,Zbrojovka,FC Zbrojovka Brno,BRN,away,"{""id"": ""5md5tpwr2nmqao528prx43jr7"", ""name"": ""Czechia""}"
gicztawwad95ilz5ke7elxck,13,2027-03-20Z,,26,2,45,1,2026-07-24T12:48:36Z,Artis Brno vs Teplice,289u5typ3vp4ifwh5thalohmq,Soccer,79plas4983031idr6vw83nuel,Men,bu1l7ckihyr0errxw61p0m05,Czech Liga,Czech First League,Chance liga,CZL,Domestic league,5md5tpwr2nmqao528prx43jr7,Czechia,ei2lksxq5fb6mh8yzxqatwnx0,2026-07-25Z,2027-05-24Z,2026/2027,ejo28sdb3kcl4zgkwjbc8ncb8,e2q01r9o9jwiq1fls93d1sslx,2026-07-25Z,2027-04-24Z,Regular Season,68vgjjgn8036ntz351r3c9mw0,no,ShipEx Aréna,ShipEx Aréna,49.227197061,16.586501598,16,Fixture,,,,,,,,,,,,,,,,,,,6onh4wiqdb8r50qa6oyxlbafg,Artis Brno,Artis,SK Artis Brno,ARB,home,"{""id"": ""5md5tpwr2nmqao528prx43jr7"", ""name"": ""Czechia""}",41eivtin75c5fu33x3zfx956b,Teplice,Teplice,FK Teplice,TEP,away,"{""id"": ""5md5tpwr2nmqao528prx43jr7"", ""name"": ""Czechia""}"
g6k89zlgf80o5h4cvgf6os2c,13,2027-03-20Z,,26,2,45,1,2026-07-26T09:20:59Z,Sigma Olomouc vs Zlín,289u5typ3vp4ifwh5thalohmq,Soccer,79plas4983031idr6vw83nuel,Men,bu1l7ckihyr0errxw61p0m05,Czech Liga,Czech First League,Chance liga,CZL,Domestic league,5md5tpwr2nmqao528prx43jr7,Czechia,ei2lksxq5fb6mh8yzxqatwnx0,2026-07-25Z,2027-05-24Z,2026/2027,ejo28sdb3kcl4zgkwjbc8ncb8,e2q01r9o9jwiq1fls93d1sslx,2026-07-25Z,2027-04-24Z,Regular Season,dh99x428jggw1l8w7r39teeod,no,Andrův stadion,Andrův stadion,49.600120824,17.248245478,16,Fixture,,,,,,,,,,,,,,,,,,,dchxm00ei80l8ljbcfpdill8k,Sigma Olomouc,Olomouc,SK Sigma Olomouc,OLO,home,"{""id"": ""5md5tpwr2nmqao528prx43jr7"", ""name"": ""Czechia""}",aj1nbeiatqrs6e47mnhjidn15,Zlín,Zlín,FC Zlín,ZLI,away,"{""id"": ""5md5tpwr2nmqao528prx43jr7"", ""name"": ""Czechia""}"
fuh6cdafms0a61s2yigsshzo,13,2027-03-20Z,,26,2,45,1,2026-07-21T14:03:16Z,Jablonec vs Hradec Králové,289u5typ3vp4ifwh5thalohmq,Soccer,79plas4983031idr6vw83nuel,Men,bu1l7ckihyr0errxw61p0m05,Czech Liga,Czech First League,Chance liga,CZL,Domestic league,5md5tpwr2nmqao528prx43jr7,Czechia,ei2lksxq5fb6mh8yzxqatwnx0,2026-07-25Z,2027-05-24Z,2026/2027,ejo28sdb3kcl4zgkwjbc8ncb8,e2q01r9o9jwiq1fls93d1sslx,2026-07-25Z,2027-04-24Z,Regular Season,477e2cn5x9m53k0djxbcmds8b,no,Stadion Střelnice,Stadion Střelnice,50.714915207,15.162243247,16,Fixture,,,,,,,,,,,,,,,,,,,bdz8tx20ekj1ryi2e2u13jdl,Jablonec,Jablonec,FK Jablonec,FKJ,home,"{""id"": ""5md5tpwr2nmqao528prx43jr7"", ""name"": ""Czechia""}",1v75g4bk8vzrvu0jmaro6lila,Hradec Králové,Hradec Kr.,FC Hradec Králové,HKR,away,"{""id"": ""5md5tpwr2nmqao528prx43jr7"", ""name"": ""Czechia""}"
fiphclg4f37eg5fc6gstpf6c,13,2027-03-20Z,,26,2,45,1,2026-07-25T10:06:07Z,Mladá Boleslav vs Slavia Praha,289u5typ3vp4ifwh5thalohmq,Soccer,79plas4983031idr6vw83nuel,Men,bu1l7ckihyr0errxw61p0m05,Czech Liga,Czech First League,Chance liga,CZL,Domestic league,5md5tpwr2nmqao528prx43jr7,Czechia,ei2lksxq5fb6mh8yzxqatwnx0,2026-07-25Z,2027-05-24Z,2026/2027,ejo28sdb3kcl4zgkwjbc8ncb8,e2q01r9o9jwiq1fls93d1sslx,2026-07-25Z,2027-04-24Z,Regular Season,dmt7kj588jheugqzw6kmgni5l,no,Lokotrans Aréna,Lokotrans Aréna,50.427180471,14.916987419,16,Fixture,,,,,,,,,,,,,,,,,,,2qui2adwsi022vu84b8gdw4z0,Mladá Boleslav,Ml. Boleslav,FK Mladá Boleslav,MBL,home,"{""id"": ""5md5tpwr2nmqao528prx43jr7"", ""name"": ""Czechia""}",8kpapuorr6hf0vosnovbreqqd,Slavia Praha,Slavia,SK Slavia Praha,SLA,away,"{""id"": ""5md5tpwr2nmqao528prx43jr7"", ""name"": ""Czechia""}"
f6uaavryibamg8vbncsu4vf8,13,2027-03-20Z,,26,2,45,1,2026-07-24T13:29:15Z,Pardubice vs Viktoria Plzeň,289u5typ3vp4ifwh5thalohmq,Soccer,79plas4983031idr6vw83nuel,Men,bu1l7ckihyr0errxw61p0m05,Czech Liga,Czech First League,Chance liga,CZL,Domestic league,5md5tpwr2nmqao528prx43jr7,Czechia,ei2lksxq5fb6mh8yzxqatwnx0,2026-07-25Z,2027-05-24Z,2026/2027,ejo28sdb3kcl4zgkwjbc8ncb8,e2q01r9o9jwiq1fls93d1sslx,2026-07-25Z,2027-04-24Z,Regular Season,29ligd0aeeadk5h0bv13j9yj8,no,Stadion Arnošta Košťála,Stadion Arnošta Košťála,50.041041815,15.771190566,16,Fixture,,,,,,,,,,,,,,,,,,,4xbgquadoen1b303u4hi9nhg9,Pardubice,Pardubice,FK Pardubice,PCE,home,"{""id"": ""5md5tpwr2nmqao528prx43jr7"", ""name"": ""Czechia""}",c6fx1460nlkawjgh67sp7a1hd,Viktoria Plzeň,Plzeň,FC Viktoria Plzeň,PLZ,away,"{""id"": ""5md5tpwr2nmqao528prx43jr7"", ""name"": ""Czechia""}"
euuybescq6jaqfq7w3ihek2c,13,2027-03-13Z,,25,2,45,1,2026-07-25T17:26:35Z,Sparta Praha vs Baník Ostrava,289u5typ3vp4ifwh5thalohmq,Soccer,79plas4983031idr6vw83nuel,Men,bu1l7ckihyr0errxw61p0m05,Czech Liga,Czech First League,Chance liga,CZL,Domestic league,5md5tpwr2nmqao528prx43jr7,Czechia,ei2lksxq5fb6mh8yzxqatwnx0,2026-07-25Z,2027-05-24Z,2026/2027,ejo28sdb3kcl4zgkwjbc8ncb8,e2q01r9o9jwiq1fls93d1sslx,2026-07-25Z,2027-04-24Z,Regular Season,94ni823vpqbxjv7m1k39cylmr,no,epet ARENA,epet ARENA,50.099816060,14.415827394,16,Fixture,,,,,,,,,,,,,,,,,,,5ocdn3a6s75u0d0dy0rbou0xc,Sparta Praha,Sparta,AC Sparta Praha,ACS,home,"{""id"": ""5md5tpwr2nmqao528prx43jr7"", ""name"": ""Czechia""}",dfvvrv84skv23rsn1k6kt4slc,Baník Ostrava,Ostrava,FC Baník Ostrava,FCB,away,"{""id"": ""5md5tpwr2nmqao528prx43jr7"", ""name"": ""Czechia""}"
ej4a535wggwggk8d00ph9xck,13,2027-03-13Z,,25,2,45,1,2026-07-24T13:29:15Z,Zlín vs Pardubice,289u5typ3vp4ifwh5thalohmq,Soccer,79plas4983031idr6vw83nuel,Men,bu1l7ckihyr0errxw61p0m05,Czech Liga,Czech First League,Chance liga,CZL,Domestic league,5md5tpwr2nmqao528prx43jr7,Czechia,ei2lksxq5fb6mh8yzxqatwnx0,2026-07-25Z,2027-05-24Z,2026/2027,ejo28sdb3kcl4zgkwjbc8ncb8,e2q01r9o9jwiq1fls93d1sslx,2026-07-25Z,2027-04-24Z,Regular Season,9ydptb7ki97jxrfex1l4tvcq6,no,Stadion Letná,Stadion Letná,49.231309756,17.669309378,16,Fixture,,,,,,,,,,,,,,,,,,,aj1nbeiatqrs6e47mnhjidn15,Zlín,Zlín,FC Zlín,ZLI,home,"{""id"": ""5md5tpwr2nmqao528prx43jr7"", ""name"": ""Czechia""}",4xbgquadoen1b303u4hi9nhg9,Pardubice,Pardubice,FK Pardubice,PCE,away,"{""id"": ""5md5tpwr2nmqao528prx43jr7"", ""name"": ""Czechia""}"
e78ibav4lhvpajo2gwuaef4k,13,2027-03-13Z,,25,2,45,1,2026-07-24T13:30:17Z,Hradec Králové vs Slavia Praha,289u5typ3vp4ifwh5thalohmq,Soccer,79plas4983031idr6vw83nuel,Men,bu1l7ckihyr0errxw61p0m05,Czech Liga,Czech First League,Chance liga,CZL,Domestic league,5md5tpwr2nmqao528prx43jr7,Czechia,ei2lksxq5fb6mh8yzxqatwnx0,2026-07-25Z,2027-05-24Z,2026/2027,ejo28sdb3kcl4zgkwjbc8ncb8,e2q01r9o9jwiq1fls93d1sslx,2026-07-25Z,2027-04-24Z,Regular Season,b1by4990boxacbvh10n5jv5sk,no,FINEP Arena,FINEP Arena,50.206416871,15.845450177,16,Fixture,,,,,,,,,,,,,,,,,,,1v75g4bk8vzrvu0jmaro6lila,Hradec Králové,Hradec Kr.,FC Hradec Králové,HKR,home,"{""id"": ""5md5tpwr2nmqao528prx43jr7"", ""name"": ""Czechia""}",8kpapuorr6hf0vosnovbreqqd,Slavia Praha,Slavia,SK Slavia Praha,SLA,away,"{""id"": ""5md5tpwr2nmqao528prx43jr7"", ""name"": ""Czechia""}"
dvgglun1mbo0jtbnbdj89udw,13,2027-03-13Z,,25,2,45,1,2026-07-25T14:19:02Z,Bohemians 1905 vs Artis Brno,289u5typ3vp4ifwh5thalohmq,Soccer,79plas4983031idr6vw83nuel,Men,bu1l7ckihyr0errxw61p0m05,Czech Liga,Czech First League,Chance liga,CZL,Domestic league,5md5tpwr2nmqao528prx43jr7,Czechia,ei2lksxq5fb6mh8yzxqatwnx0,2026-07-25Z,2027-05-24Z,2026/2027,ejo28sdb3kcl4zgkwjbc8ncb8,e2q01r9o9jwiq1fls93d1sslx,2026-07-25Z,2027-04-24Z,Regular Season,9cj96q0e19jjqiphv07dsff62,no,Stadion Ďolíček,Stadion Ďolíček,50.066998168,14.454191029,16,Fixture,,,,,,,,,,,,,,,,,,,bqcrqg0367eqzrt4vjb5apu6g,Bohemians 1905,Bohemians,Bohemians Praha 1905,BOH,home,"{""id"": ""5md5tpwr2nmqao528prx43jr7"", ""name"": ""Czechia""}",6onh4wiqdb8r50qa6oyxlbafg,Artis Brno,Artis,SK Artis Brno,ARB,away,"{""id"": ""5md5tpwr2nmqao528prx43jr7"", ""name"": ""Czechia""}"
djq707bqxg0fwesd17h0bifo,13,2027-03-13Z,,25,2,45,1,2026-07-23T07:28:18Z,Viktoria Plzeň vs Jablonec,289u5typ3vp4ifwh5thalohmq,Soccer,79plas4983031idr6vw83nuel,Men,bu1l7ckihyr0errxw61p0m05,Czech Liga,Czech First League,Chance liga,CZL,Domestic league,5md5tpwr2nmqao528prx43jr7,Czechia,ei2lksxq5fb6mh8yzxqatwnx0,2026-07-25Z,2027-05-24Z,2026/2027,ejo28sdb3kcl4zgkwjbc8ncb8,e2q01r9o9jwiq1fls93d1sslx,2026-07-25Z,2027-04-24Z,Regular Season,d601gpjtfe63bz3lcrpdc9n3l,no,Doosan Aréna,Doosan Aréna,49.750074229,13.385446072,16,Fixture,,,,,,,,,,,,,,,,,,,c6fx1460nlkawjgh67sp7a1hd,Viktoria Plzeň,Plzeň,FC Viktoria Plzeň,PLZ,home,"{""id"": ""5md5tpwr2nmqao528prx43jr7"", ""name"": ""Czechia""}",bdz8tx20ekj1ryi2e2u13jdl,Jablonec,Jablonec,FK Jablonec,FKJ,away,"{""id"": ""5md5tpwr2nmqao528prx43jr7"", ""name"": ""Czechia""}"
d832g5e740m3760kdd1r2xp0,13,2027-03-13Z,,25,2,45,1,2026-07-25T10:06:07Z,Teplice vs Mladá Boleslav,289u5typ3vp4ifwh5thalohmq,Soccer,79plas4983031idr6vw83nuel,Men,bu1l7ckihyr0errxw61p0m05,Czech Liga,Czech First League,Chance liga,CZL,Domestic league,5md5tpwr2nmqao528prx43jr7,Czechia,ei2lksxq5fb6mh8yzxqatwnx0,2026-07-25Z,2027-05-24Z,2026/2027,ejo28sdb3kcl4zgkwjbc8ncb8,e2q01r9o9jwiq1fls93d1sslx,2026-07-25Z,2027-04-24Z,Regular Season,47vp4hvc9krq6q7ey16tt5xc1,no,AGC Aréna Na Stínadlech,AGC Aréna Na Stínadlech,50.640071736,13.817807436,16,Fixture,,,,,,,,,,,,,,,,,,,41eivtin75c5fu33x3zfx956b,Teplice,Teplice,FK Teplice,TEP,home,"{""id"": ""5md5tpwr2nmqao528prx43jr7"", ""name"": ""Czechia""}",2qui2adwsi022vu84b8gdw4z0,Mladá Boleslav,Ml. Boleslav,FK Mladá Boleslav,MBL,away,"{""id"": ""5md5tpwr2nmqao528prx43jr7"", ""name"": ""Czechia""}"
cwhm1d9li2a8cd5mpg0rkff8,13,2027-03-13Z,,25,2,45,1,2026-07-26T09:20:59Z,Slovan Liberec vs Sigma Olomouc,289u5typ3vp4ifwh5thalohmq,Soccer,79plas4983031idr6vw83nuel,Men,bu1l7ckihyr0errxw61p0m05,Czech Liga,Czech First League,Chance liga,CZL,Domestic league,5md5tpwr2nmqao528prx43jr7,Czechia,ei2lksxq5fb6mh8yzxqatwnx0,2026-07-25Z,2027-05-24Z,2026/2027,ejo28sdb3kcl4zgkwjbc8ncb8,e2q01r9o9jwiq1fls93d1sslx,2026-07-25Z,2027-04-24Z,Regular Season,2979bmbkg8c2rzguycikc4izd,no,Stadion u Nisy,Stadion u Nisy,50.776201411,15.050035715,16,Fixture,,,,,,,,,,,,,,,,,,,2c4rs2vp0tyjiqa7y3gfttf24,Slovan Liberec,Liberec,FC Slovan Liberec,LIB,home,"{""id"": ""5md5tpwr2nmqao528prx43jr7"", ""name"": ""Czechia""}",dchxm00ei80l8ljbcfpdill8k,Sigma Olomouc,Olomouc,SK Sigma Olomouc,OLO,away,"{""id"": ""5md5tpwr2nmqao528prx43jr7"", ""name"": ""Czechia""}"
ckm4wppiljodbhxwlptp6jo4,13,2027-03-13Z,,25,2,45,1,2026-07-26T12:21:27Z,Zbrojovka Brno vs Slovácko,289u5typ3vp4ifwh5thalohmq,Soccer,79plas4983031idr6vw83nuel,Men,bu1l7ckihyr0errxw61p0m05,Czech Liga,Czech First League,Chance liga,CZL,Domestic league,5md5tpwr2nmqao528prx43jr7,Czechia,ei2lksxq5fb6mh8yzxqatwnx0,2026-07-25Z,2027-05-24Z,2026/2027,ejo28sdb3kcl4zgkwjbc8ncb8,e2q01r9o9jwiq1fls93d1sslx,2026-07-25Z,2027-04-24Z,Regular Season,68vgjjgn8036ntz351r3c9mw0,no,ShipEx Aréna,ShipEx Aréna,49.227197061,16.586501598,16,Fixture,,,,,,,,,,,,,,,,,,,6k350zwynsc23f0sxw9akgc6y,Zbrojovka Brno,Zbrojovka,FC Zbrojovka Brno,BRN,home,"{""id"": ""5md5tpwr2nmqao528prx43jr7"", ""name"": ""Czechia""}",bp5x8iw8pstucx6s4iqht6xqf,Slovácko,Slovácko,1. FC Slovácko,FCS,away,"{""id"": ""5md5tpwr2nmqao528prx43jr7"", ""name"": ""Czechia""}"
c8rvsr58hog6h2202ywy1s0k,13,2027-03-06Z,,24,2,45,1,2026-07-24T13:30:17Z,Slavia Praha vs Zlín,289u5typ3vp4ifwh5thalohmq,Soccer,79plas4983031idr6vw83nuel,Men,bu1l7ckihyr0errxw61p0m05,Czech Liga,Czech First League,Chance liga,CZL,Domestic league,5md5tpwr2nmqao528prx43jr7,Czechia,ei2lksxq5fb6mh8yzxqatwnx0,2026-07-25Z,2027-05-24Z,2026/2027,ejo28sdb3kcl4zgkwjbc8ncb8,e2q01r9o9jwiq1fls93d1sslx,2026-07-25Z,2027-04-24Z,Regular Season,7c48dqxoem7bdglaflo26dizy,no,Fortuna Arena,Fortuna Arena,50.067525002,14.471139908,16,Fixture,,,,,,,,,,,,,,,,,,,8kpapuorr6hf0vosnovbreqqd,Slavia Praha,Slavia,SK Slavia Praha,SLA,home,"{""id"": ""5md5tpwr2nmqao528prx43jr7"", ""name"": ""Czechia""}",aj1nbeiatqrs6e47mnhjidn15,Zlín,Zlín,FC Zlín,ZLI,away,"{""id"": ""5md5tpwr2nmqao528prx43jr7"", ""name"": ""Czechia""}"
bwzrxf8woein74uf3p3y07x0,13,2027-03-06Z,,24,2,45,1,2026-07-24T12:48:36Z,Artis Brno vs Hradec Králové,289u5typ3vp4ifwh5thalohmq,Soccer,79plas4983031idr6vw83nuel,Men,bu1l7ckihyr0errxw61p0m05,Czech Liga,Czech First League,Chance liga,CZL,Domestic league,5md5tpwr2nmqao528prx43jr7,Czechia,ei2lksxq5fb6mh8yzxqatwnx0,2026-07-25Z,2027-05-24Z,2026/2027,ejo28sdb3kcl4zgkwjbc8ncb8,e2q01r9o9jwiq1fls93d1sslx,2026-07-25Z,2027-04-24Z,Regular Season,68vgjjgn8036ntz351r3c9mw0,no,ShipEx Aréna,ShipEx Aréna,49.227197061,16.586501598,16,Fixture,,,,,,,,,,,,,,,,,,,6onh4wiqdb8r50qa6oyxlbafg,Artis Brno,Artis,SK Artis Brno,ARB,home,"{""id"": ""5md5tpwr2nmqao528prx43jr7"", ""name"": ""Czechia""}",1v75g4bk8vzrvu0jmaro6lila,Hradec Králové,Hradec Kr.,FC Hradec Králové,HKR,away,"{""id"": ""5md5tpwr2nmqao528prx43jr7"", ""name"": ""Czechia""}"
bl52wcpwsteqll35ea10b8yc,13,2027-03-06Z,,24,2,45,1,2026-07-25T17:26:35Z,Pardubice vs Sparta Praha,289u5typ3vp4ifwh5thalohmq,Soccer,79plas4983031idr6vw83nuel,Men,bu1l7ckihyr0errxw61p0m05,Czech Liga,Czech First League,Chance liga,CZL,Domestic league,5md5tpwr2nmqao528prx43jr7,Czechia,ei2lksxq5fb6mh8yzxqatwnx0,2026-07-25Z,2027-05-24Z,2026/2027,ejo28sdb3kcl4zgkwjbc8ncb8,e2q01r9o9jwiq1fls93d1sslx,2026-07-25Z,2027-04-24Z,Regular Season,29ligd0aeeadk5h0bv13j9yj8,no,Stadion Arnošta Košťála,Stadion Arnošta Košťála,50.041041815,15.771190566,16,Fixture,,,,,,,,,,,,,,,,,,,4xbgquadoen1b303u4hi9nhg9,Pardubice,Pardubice,FK Pardubice,PCE,home,"{""id"": ""5md5tpwr2nmqao528prx43jr7"", ""name"": ""Czechia""}",5ocdn3a6s75u0d0dy0rbou0xc,Sparta Praha,Sparta,AC Sparta Praha,ACS,away,"{""id"": ""5md5tpwr2nmqao528prx43jr7"", ""name"": ""Czechia""}"
b99nwaqwys9mco1m3wa7ik9g,13,2027-03-06Z,,24,2,45,1,2026-07-25T14:19:02Z,Baník Ostrava vs Bohemians 1905,289u5typ3vp4ifwh5thalohmq,Soccer,79plas4983031idr6vw83nuel,Men,bu1l7ckihyr0errxw61p0m05,Czech Liga,Czech First League,Chance liga,CZL,Domestic league,5md5tpwr2nmqao528prx43jr7,Czechia,ei2lksxq5fb6mh8yzxqatwnx0,2026-07-25Z,2027-05-24Z,2026/2027,ejo28sdb3kcl4zgkwjbc8ncb8,e2q01r9o9jwiq1fls93d1sslx,2026-07-25Z,2027-04-24Z,Regular Season,1xwzje85tz7gwpynab7es9ieg,no,Městský stadion - Vítkovice Aréna,Městský stadion - Vítkovice Aréna,49.804348544,18.255988955,16,Fixture,,,,,,,,,,,,,,,,,,,dfvvrv84skv23rsn1k6kt4slc,Baník Ostrava,Ostrava,FC Baník Ostrava,FCB,home,"{""id"": ""5md5tpwr2nmqao528prx43jr7"", ""name"": ""Czechia""}",bqcrqg0367eqzrt4vjb5apu6g,Bohemians 1905,Bohemians,Bohemians Praha 1905,BOH,away,"{""id"": ""5md5tpwr2nmqao528prx43jr7"", ""name"": ""Czechia""}"
axgau0yi1glyxcm46rnleyac,13,2027-03-06Z,,24,2,45,1,2026-07-26T12:21:27Z,Slovácko vs Slovan Liberec,289u5typ3vp4ifwh5thalohmq,Soccer,79plas4983031idr6vw83nuel,Men,bu1l7ckihyr0errxw61p0m05,Czech Liga,Czech First League,Chance liga,CZL,Domestic league,5md5tpwr2nmqao528prx43jr7,Czechia,ei2lksxq5fb6mh8yzxqatwnx0,2026-07-25Z,2027-05-24Z,2026/2027,ejo28sdb3kcl4zgkwjbc8ncb8,e2q01r9o9jwiq1fls93d1sslx,2026-07-25Z,2027-04-24Z,Regular Season,d0xo4iuobvbd1ov2hx3mn89hl,no,Městský fotbalový stadion Miroslava Valenty,Městský fotbalový stadion Miroslava Valenty,49.065515573,17.471448183,16,Fixture,,,,,,,,,,,,,,,,,,,bp5x8iw8pstucx6s4iqht6xqf,Slovácko,Slovácko,1. FC Slovácko,FCS,home,"{""id"": ""5md5tpwr2nmqao528prx43jr7"", ""name"": ""Czechia""}",2c4rs2vp0tyjiqa7y3gfttf24,Slovan Liberec,Liberec,FC Slovan Liberec,LIB,away,"{""id"": ""5md5tpwr2nmqao528prx43jr7"", ""name"": ""Czechia""}"
aljrpoa9vkhmhhneu7299ono,13,2027-03-06Z,,24,2,45,1,2026-07-21T14:03:16Z,Jablonec vs Zbrojovka Brno,289u5typ3vp4ifwh5thalohmq,Soccer,79plas4983031idr6vw83nuel,Men,bu1l7ckihyr0errxw61p0m05,Czech Liga,Czech First League,Chance liga,CZL,Domestic league,5md5tpwr2nmqao528prx43jr7,Czechia,ei2lksxq5fb6mh8yzxqatwnx0,2026-07-25Z,2027-05-24Z,2026/2027,ejo28sdb3kcl4zgkwjbc8ncb8,e2q01r9o9jwiq1fls93d1sslx,2026-07-25Z,2027-04-24Z,Regular Season,477e2cn5x9m53k0djxbcmds8b,no,Stadion Střelnice,Stadion Střelnice,50.714915207,15.162243247,16,Fixture,,,,,,,,,,,,,,,,,,,bdz8tx20ekj1ryi2e2u13jdl,Jablonec,Jablonec,FK Jablonec,FKJ,home,"{""id"": ""5md5tpwr2nmqao528prx43jr7"", ""name"": ""Czechia""}",6k350zwynsc23f0sxw9akgc6y,Zbrojovka Brno,Zbrojovka,FC Zbrojovka Brno,BRN,away,"{""id"": ""5md5tpwr2nmqao528prx43jr7"", ""name"": ""Czechia""}"
a9pfi4ej2bju6hyqjfrflkic,13,2027-03-06Z,,24,2,45,1,2026-07-26T09:20:59Z,Sigma Olomouc vs Teplice,289u5typ3vp4ifwh5thalohmq,Soccer,79plas4983031idr6vw83nuel,Men,bu1l7ckihyr0errxw61p0m05,Czech Liga,Czech First League,Chance liga,CZL,Domestic league,5md5tpwr2nmqao528prx43jr7,Czechia,ei2lksxq5fb6mh8yzxqatwnx0,2026-07-25Z,2027-05-24Z,2026/2027,ejo28sdb3kcl4zgkwjbc8ncb8,e2q01r9o9jwiq1fls93d1sslx,2026-07-25Z,2027-04-24Z,Regular Season,dh99x428jggw1l8w7r39teeod,no,Andrův stadion,Andrův stadion,49.600120824,17.248245478,16,Fixture,,,,,,,,,,,,,,,,,,,dchxm00ei80l8ljbcfpdill8k,Sigma Olomouc,Olomouc,SK Sigma Olomouc,OLO,home,"{""id"": ""5md5tpwr2nmqao528prx43jr7"", ""name"": ""Czechia""}",41eivtin75c5fu33x3zfx956b,Teplice,Teplice,FK Teplice,TEP,away,"{""id"": ""5md5tpwr2nmqao528prx43jr7"", ""name"": ""Czechia""}"
9xplq45rrwxauv31oyin2bkk,13,2027-03-06Z,,24,2,45,1,2026-07-25T10:06:07Z,Mladá Boleslav vs Viktoria Plzeň,289u5typ3vp4ifwh5thalohmq,Soccer,79plas4983031idr6vw83nuel,Men,bu1l7ckihyr0errxw61p0m05,Czech Liga,Czech First League,Chance liga,CZL,Domestic league,5md5tpwr2nmqao528prx43jr7,Czechia,ei2lksxq5fb6mh8yzxqatwnx0,2026-07-25Z,2027-05-24Z,2026/2027,ejo28sdb3kcl4zgkwjbc8ncb8,e2q01r9o9jwiq1fls93d1sslx,2026-07-25Z,2027-04-24Z,Regular Season,dmt7kj588jheugqzw6kmgni5l,no,Lokotrans Aréna,Lokotrans Aréna,50.427180471,14.916987419,16,Fixture,,,,,,,,,,,,,,,,,,,2qui2adwsi022vu84b8gdw4z0,Mladá Boleslav,Ml. Boleslav,FK Mladá Boleslav,MBL,home,"{""id"": ""5md5tpwr2nmqao528prx43jr7"", ""name"": ""Czechia""}",c6fx1460nlkawjgh67sp7a1hd,Viktoria Plzeň,Plzeň,FC Viktoria Plzeň,PLZ,away,"{""id"": ""5md5tpwr2nmqao528prx43jr7"", ""name"": ""Czechia""}"
9llbcnhjy07i8njfwf241gk4,13,2027-02-27Z,,23,2,45,1,2026-07-24T13:30:17Z,Viktoria Plzeň vs Slavia Praha,289u5typ3vp4ifwh5thalohmq,Soccer,79plas4983031idr6vw83nuel,Men,bu1l7ckihyr0errxw61p0m05,Czech Liga,Czech First League,Chance liga,CZL,Domestic league,5md5tpwr2nmqao528prx43jr7,Czechia,ei2lksxq5fb6mh8yzxqatwnx0,2026-07-25Z,2027-05-24Z,2026/2027,ejo28sdb3kcl4zgkwjbc8ncb8,e2q01r9o9jwiq1fls93d1sslx,2026-07-25Z,2027-04-24Z,Regular Season,d601gpjtfe63bz3lcrpdc9n3l,no,Doosan Aréna,Doosan Aréna,49.750074229,13.385446072,16,Fixture,,,,,,,,,,,,,,,,,,,c6fx1460nlkawjgh67sp7a1hd,Viktoria Plzeň,Plzeň,FC Viktoria Plzeň,PLZ,home,"{""id"": ""5md5tpwr2nmqao528prx43jr7"", ""name"": ""Czechia""}",8kpapuorr6hf0vosnovbreqqd,Slavia Praha,Slavia,SK Slavia Praha,SLA,away,"{""id"": ""5md5tpwr2nmqao528prx43jr7"", ""name"": ""Czechia""}"
99t7f6ryip6spbu8khubg9as,13,2027-02-27Z,,23,2,45,1,2026-07-23T09:28:00Z,Zlín vs Jablonec,289u5typ3vp4ifwh5thalohmq,Soccer,79plas4983031idr6vw83nuel,Men,bu1l7ckihyr0errxw61p0m05,Czech Liga,Czech First League,Chance liga,CZL,Domestic league,5md5tpwr2nmqao528prx43jr7,Czechia,ei2lksxq5fb6mh8yzxqatwnx0,2026-07-25Z,2027-05-24Z,2026/2027,ejo28sdb3kcl4zgkwjbc8ncb8,e2q01r9o9jwiq1fls93d1sslx,2026-07-25Z,2027-04-24Z,Regular Season,9ydptb7ki97jxrfex1l4tvcq6,no,Stadion Letná,Stadion Letná,49.231309756,17.669309378,16,Fixture,,,,,,,,,,,,,,,,,,,aj1nbeiatqrs6e47mnhjidn15,Zlín,Zlín,FC Zlín,ZLI,home,"{""id"": ""5md5tpwr2nmqao528prx43jr7"", ""name"": ""Czechia""}",bdz8tx20ekj1ryi2e2u13jdl,Jablonec,Jablonec,FK Jablonec,FKJ,away,"{""id"": ""5md5tpwr2nmqao528prx43jr7"", ""name"": ""Czechia""}"
8xtozkjayh8jrq8s6hg3cqvo,13,2027-02-27Z,,23,2,45,1,2026-07-23T08:43:38Z,Teplice vs Hradec Králové,289u5typ3vp4ifwh5thalohmq,Soccer,79plas4983031idr6vw83nuel,Men,bu1l7ckihyr0errxw61p0m05,Czech Liga,Czech First League,Chance liga,CZL,Domestic league,5md5tpwr2nmqao528prx43jr7,Czechia,ei2lksxq5fb6mh8yzxqatwnx0,2026-07-25Z,2027-05-24Z,2026/2027,ejo28sdb3kcl4zgkwjbc8ncb8,e2q01r9o9jwiq1fls93d1sslx,2026-07-25Z,2027-04-24Z,Regular Season,47vp4hvc9krq6q7ey16tt5xc1,no,AGC Aréna Na Stínadlech,AGC Aréna Na Stínadlech,50.640071736,13.817807436,16,Fixture,,,,,,,,,,,,,,,,,,,41eivtin75c5fu33x3zfx956b,Teplice,Teplice,FK Teplice,TEP,home,"{""id"": ""5md5tpwr2nmqao528prx43jr7"", ""name"": ""Czechia""}",1v75g4bk8vzrvu0jmaro6lila,Hradec Králové,Hradec Kr.,FC Hradec Králové,HKR,away,"{""id"": ""5md5tpwr2nmqao528prx43jr7"", ""name"": ""Czechia""}"
8luzbfmq2q67dydxq2da25g4,13,2027-02-27Z,,23,2,45,1,2026-07-24T12:48:36Z,Slovan Liberec vs Artis Brno,289u5typ3vp4ifwh5thalohmq,Soccer,79plas4983031idr6vw83nuel,Men,bu1l7ckihyr0errxw61p0m05,Czech Liga,Czech First League,Chance liga,CZL,Domestic league,5md5tpwr2nmqao528prx43jr7,Czechia,ei2lksxq5fb6mh8yzxqatwnx0,2026-07-25Z,2027-05-24Z,2026/2027,ejo28sdb3kcl4zgkwjbc8ncb8,e2q01r9o9jwiq1fls93d1sslx,2026-07-25Z,2027-04-24Z,Regular Season,2979bmbkg8c2rzguycikc4izd,no,Stadion u Nisy,Stadion u Nisy,50.776201411,15.050035715,16,Fixture,,,,,,,,,,,,,,,,,,,2c4rs2vp0tyjiqa7y3gfttf24,Slovan Liberec,Liberec,FC Slovan Liberec,LIB,home,"{""id"": ""5md5tpwr2nmqao528prx43jr7"", ""name"": ""Czechia""}",6onh4wiqdb8r50qa6oyxlbafg,Artis Brno,Artis,SK Artis Brno,ARB,away,"{""id"": ""5md5tpwr2nmqao528prx43jr7"", ""name"": ""Czechia""}"
8a4ketk1454kd11kzp139qms,13,2027-02-27Z,,23,2,45,1,2026-07-25T10:06:07Z,Zbrojovka Brno vs Mladá Boleslav,289u5typ3vp4ifwh5thalohmq,Soccer,79plas4983031idr6vw83nuel,Men,bu1l7ckihyr0errxw61p0m05,Czech Liga,Czech First League,Chance liga,CZL,Domestic league,5md5tpwr2nmqao528prx43jr7,Czechia,ei2lksxq5fb6mh8yzxqatwnx0,2026-07-25Z,2027-05-24Z,2026/2027,ejo28sdb3kcl4zgkwjbc8ncb8,e2q01r9o9jwiq1fls93d1sslx,2026-07-25Z,2027-04-24Z,Regular Season,68vgjjgn8036ntz351r3c9mw0,no,ShipEx Aréna,ShipEx Aréna,49.227197061,16.586501598,16,Fixture,,,,,,,,,,,,,,,,,,,6k350zwynsc23f0sxw9akgc6y,Zbrojovka Brno,Zbrojovka,FC Zbrojovka Brno,BRN,home,"{""id"": ""5md5tpwr2nmqao528prx43jr7"", ""name"": ""Czechia""}",2qui2adwsi022vu84b8gdw4z0,Mladá Boleslav,Ml. Boleslav,FK Mladá Boleslav,MBL,away,"{""id"": ""5md5tpwr2nmqao528prx43jr7"", ""name"": ""Czechia""}"
7yalogy0261buk9hstddois4,13,2027-02-27Z,,23,2,45,1,2026-07-26T09:20:59Z,Sparta Praha vs Sigma Olomouc,289u5typ3vp4ifwh5thalohmq,Soccer,79plas4983031idr6vw83nuel,Men,bu1l7ckihyr0errxw61p0m05,Czech Liga,Czech First League,Chance liga,CZL,Domestic league,5md5tpwr2nmqao528prx43jr7,Czechia,ei2lksxq5fb6mh8yzxqatwnx0,2026-07-25Z,2027-05-24Z,2026/2027,ejo28sdb3kcl4zgkwjbc8ncb8,e2q01r9o9jwiq1fls93d1sslx,2026-07-25Z,2027-04-24Z,Regular Season,94ni823vpqbxjv7m1k39cylmr,no,epet ARENA,epet ARENA,50.099816060,14.415827394,16,Fixture,,,,,,,,,,,,,,,,,,,5ocdn3a6s75u0d0dy0rbou0xc,Sparta Praha,Sparta,AC Sparta Praha,ACS,home,"{""id"": ""5md5tpwr2nmqao528prx43jr7"", ""name"": ""Czechia""}",dchxm00ei80l8ljbcfpdill8k,Sigma Olomouc,Olomouc,SK Sigma Olomouc,OLO,away,"{""id"": ""5md5tpwr2nmqao528prx43jr7"", ""name"": ""Czechia""}"
7midzily9xx2q6hd5lk8fytw,13,2027-02-27Z,,23,2,45,1,2026-07-26T12:21:27Z,Baník Ostrava vs Slovácko,289u5typ3vp4ifwh5thalohmq,Soccer,79plas4983031idr6vw83nuel,Men,bu1l7ckihyr0errxw61p0m05,Czech Liga,Czech First League,Chance liga,CZL,Domestic league,5md5tpwr2nmqao528prx43jr7,Czechia,ei2lksxq5fb6mh8yzxqatwnx0,2026-07-25Z,2027-05-24Z,2026/2027,ejo28sdb3kcl4zgkwjbc8ncb8,e2q01r9o9jwiq1fls93d1sslx,2026-07-25Z,2027-04-24Z,Regular Season,1xwzje85tz7gwpynab7es9ieg,no,Městský stadion - Vítkovice Aréna,Městský stadion - Vítkovice Aréna,49.804348544,18.255988955,16,Fixture,,,,,,,,,,,,,,,,,,,dfvvrv84skv23rsn1k6kt4slc,Baník Ostrava,Ostrava,FC Baník Ostrava,FCB,home,"{""id"": ""5md5tpwr2nmqao528prx43jr7"", ""name"": ""Czechia""}",bp5x8iw8pstucx6s4iqht6xqf,Slovácko,Slovácko,1. FC Slovácko,FCS,away,"{""id"": ""5md5tpwr2nmqao528prx43jr7"", ""name"": ""Czechia""}"
7aq0lav7tlx3a2tb3tmepq1g,13,2027-02-27Z,,23,2,45,1,2026-07-25T14:19:02Z,Bohemians 1905 vs Pardubice,289u5typ3vp4ifwh5thalohmq,Soccer,79plas4983031idr6vw83nuel,Men,bu1l7ckihyr0errxw61p0m05,Czech Liga,Czech First League,Chance liga,CZL,Domestic league,5md5tpwr2nmqao528prx43jr7,Czechia,ei2lksxq5fb6mh8yzxqatwnx0,2026-07-25Z,2027-05-24Z,2026/2027,ejo28sdb3kcl4zgkwjbc8ncb8,e2q01r9o9jwiq1fls93d1sslx,2026-07-25Z,2027-04-24Z,Regular Season,9cj96q0e19jjqiphv07dsff62,no,Stadion Ďolíček,Stadion Ďolíček,50.066998168,14.454191029,16,Fixture,,,,,,,,,,,,,,,,,,,bqcrqg0367eqzrt4vjb5apu6g,Bohemians 1905,Bohemians,Bohemians Praha 1905,BOH,home,"{""id"": ""5md5tpwr2nmqao528prx43jr7"", ""name"": ""Czechia""}",4xbgquadoen1b303u4hi9nhg9,Pardubice,Pardubice,FK Pardubice,PCE,away,"{""id"": ""5md5tpwr2nmqao528prx43jr7"", ""name"": ""Czechia""}"
6yym66gjdpn8jzdq7sgoz0no,13,2027-02-20Z,,22,2,45,1,2026-07-24T13:30:17Z,Slavia Praha vs Teplice,289u5typ3vp4ifwh5thalohmq,Soccer,79plas4983031idr6vw83nuel,Men,bu1l7ckihyr0errxw61p0m05,Czech Liga,Czech First League,Chance liga,CZL,Domestic league,5md5tpwr2nmqao528prx43jr7,Czechia,ei2lksxq5fb6mh8yzxqatwnx0,2026-07-25Z,2027-05-24Z,2026/2027,ejo28sdb3kcl4zgkwjbc8ncb8,e2q01r9o9jwiq1fls93d1sslx,2026-07-25Z,2027-04-24Z,Regular Season,7c48dqxoem7bdglaflo26dizy,no,Fortuna Arena,Fortuna Arena,50.067525002,14.471139908,16,Fixture,,,,,,,,,,,,,,,,,,,8kpapuorr6hf0vosnovbreqqd,Slavia Praha,Slavia,SK Slavia Praha,SLA,home,"{""id"": ""5md5tpwr2nmqao528prx43jr7"", ""name"": ""Czechia""}",41eivtin75c5fu33x3zfx956b,Teplice,Teplice,FK Teplice,TEP,away,"{""id"": ""5md5tpwr2nmqao528prx43jr7"", ""name"": ""Czechia""}"
6n19p803dngrkt8d96samd5g,13,2027-02-20Z,,22,2,45,1,2026-07-25T17:26:35Z,Jablonec vs Sparta Praha,289u5typ3vp4ifwh5thalohmq,Soccer,79plas4983031idr6vw83nuel,Men,bu1l7ckihyr0errxw61p0m05,Czech Liga,Czech First League,Chance liga,CZL,Domestic league,5md5tpwr2nmqao528prx43jr7,Czechia,ei2lksxq5fb6mh8yzxqatwnx0,2026-07-25Z,2027-05-24Z,2026/2027,ejo28sdb3kcl4zgkwjbc8ncb8,e2q01r9o9jwiq1fls93d1sslx,2026-07-25Z,2027-04-24Z,Regular Season,477e2cn5x9m53k0djxbcmds8b,no,Stadion Střelnice,Stadion Střelnice,50.714915207,15.162243247,16,Fixture,,,,,,,,,,,,,,,,,,,bdz8tx20ekj1ryi2e2u13jdl,Jablonec,Jablonec,FK Jablonec,FKJ,home,"{""id"": ""5md5tpwr2nmqao528prx43jr7"", ""name"": ""Czechia""}",5ocdn3a6s75u0d0dy0rbou0xc,Sparta Praha,Sparta,AC Sparta Praha,ACS,away,"{""id"": ""5md5tpwr2nmqao528prx43jr7"", ""name"": ""Czechia""}"
6b6405o0md5yc31b4wjzhono,13,2027-02-20Z,,22,2,45,1,2026-07-24T12:48:36Z,Artis Brno vs Zbrojovka Brno,289u5typ3vp4ifwh5thalohmq,Soccer,79plas4983031idr6vw83nuel,Men,bu1l7ckihyr0errxw61p0m05,Czech Liga,Czech First League,Chance liga,CZL,Domestic league,5md5tpwr2nmqao528prx43jr7,Czechia,ei2lksxq5fb6mh8yzxqatwnx0,2026-07-25Z,2027-05-24Z,2026/2027,ejo28sdb3kcl4zgkwjbc8ncb8,e2q01r9o9jwiq1fls93d1sslx,2026-07-25Z,2027-04-24Z,Regular Season,68vgjjgn8036ntz351r3c9mw0,no,ShipEx Aréna,ShipEx Aréna,49.227197061,16.586501598,16,Fixture,,,,,,,,,,,,,,,,,,,6onh4wiqdb8r50qa6oyxlbafg,Artis Brno,Artis,SK Artis Brno,ARB,home,"{""id"": ""5md5tpwr2nmqao528prx43jr7"", ""name"": ""Czechia""}",6k350zwynsc23f0sxw9akgc6y,Zbrojovka Brno,Zbrojovka,FC Zbrojovka Brno,BRN,away,"{""id"": ""5md5tpwr2nmqao528prx43jr7"", ""name"": ""Czechia""}"
5zeu3meolz0cpnp8mfb3bswk,13,2027-02-20Z,,22,2,45,1,2026-07-23T09:28:00Z,Hradec Králové vs Zlín,289u5typ3vp4ifwh5thalohmq,Soccer,79plas4983031idr6vw83nuel,Men,bu1l7ckihyr0errxw61p0m05,Czech Liga,Czech First League,Chance liga,CZL,Domestic league,5md5tpwr2nmqao528prx43jr7,Czechia,ei2lksxq5fb6mh8yzxqatwnx0,2026-07-25Z,2027-05-24Z,2026/2027,ejo28sdb3kcl4zgkwjbc8ncb8,e2q01r9o9jwiq1fls93d1sslx,2026-07-25Z,2027-04-24Z,Regular Season,b1by4990boxacbvh10n5jv5sk,no,FINEP Arena,FINEP Arena,50.206416871,15.845450177,16,Fixture,,,,,,,,,,,,,,,,,,,1v75g4bk8vzrvu0jmaro6lila,Hradec Králové,Hradec Kr.,FC Hradec Králové,HKR,home,"{""id"": ""5md5tpwr2nmqao528prx43jr7"", ""name"": ""Czechia""}",aj1nbeiatqrs6e47mnhjidn15,Zlín,Zlín,FC Zlín,ZLI,away,"{""id"": ""5md5tpwr2nmqao528prx43jr7"", ""name"": ""Czechia""}"
5nodnbiirzyo9q6kx2y0ap78,13,2027-02-20Z,,22,2,45,1,2026-07-24T13:29:15Z,Pardubice vs Baník Ostrava,289u5typ3vp4ifwh5thalohmq,Soccer,79plas4983031idr6vw83nuel,Men,bu1l7ckihyr0errxw61p0m05,Czech Liga,Czech First League,Chance liga,CZL,Domestic league,5md5tpwr2nmqao528prx43jr7,Czechia,ei2lksxq5fb6mh8yzxqatwnx0,2026-07-25Z,2027-05-24Z,2026/2027,ejo28sdb3kcl4zgkwjbc8ncb8,e2q01r9o9jwiq1fls93d1sslx,2026-07-25Z,2027-04-24Z,Regular Season,29ligd0aeeadk5h0bv13j9yj8,no,Stadion Arnošta Košťála,Stadion Arnošta Košťála,50.041041815,15.771190566,16,Fixture,,,,,,,,,,,,,,,,,,,4xbgquadoen1b303u4hi9nhg9,Pardubice,Pardubice,FK Pardubice,PCE,home,"{""id"": ""5md5tpwr2nmqao528prx43jr7"", ""name"": ""Czechia""}",dfvvrv84skv23rsn1k6kt4slc,Baník Ostrava,Ostrava,FC Baník Ostrava,FCB,away,"{""id"": ""5md5tpwr2nmqao528prx43jr7"", ""name"": ""Czechia""}"
5bt6yepyjekxu8kahves00es,13,2027-02-20Z,,22,2,45,1,2026-07-26T12:21:27Z,Slovácko vs Bohemians 1905,289u5typ3vp4ifwh5thalohmq,Soccer,79plas4983031idr6vw83nuel,Men,bu1l7ckihyr0errxw61p0m05,Czech Liga,Czech First League,Chance liga,CZL,Domestic league,5md5tpwr2nmqao528prx43jr7,Czechia,ei2lksxq5fb6mh8yzxqatwnx0,2026-07-25Z,2027-05-24Z,2026/2027,ejo28sdb3kcl4zgkwjbc8ncb8,e2q01r9o9jwiq1fls93d1sslx,2026-07-25Z,2027-04-24Z,Regular Season,d0xo4iuobvbd1ov2hx3mn89hl,no,Městský fotbalový stadion Miroslava Valenty,Městský fotbalový stadion Miroslava Valenty,49.065515573,17.471448183,16,Fixture,,,,,,,,,,,,,,,,,,,bp5x8iw8pstucx6s4iqht6xqf,Slovácko,Slovácko,1. FC Slovácko,FCS,home,"{""id"": ""5md5tpwr2nmqao528prx43jr7"", ""name"": ""Czechia""}",bqcrqg0367eqzrt4vjb5apu6g,Bohemians 1905,Bohemians,Bohemians Praha 1905,BOH,away,"{""id"": ""5md5tpwr2nmqao528prx43jr7"", ""name"": ""Czechia""}"
501r3fraiz2cyv1bo1d6zz10,13,2027-02-20Z,,22,2,45,1,2026-07-25T10:06:07Z,Mladá Boleslav vs Slovan Liberec,289u5typ3vp4ifwh5thalohmq,Soccer,79plas4983031idr6vw83nuel,Men,bu1l7ckihyr0errxw61p0m05,Czech Liga,Czech First League,Chance liga,CZL,Domestic league,5md5tpwr2nmqao528prx43jr7,Czechia,ei2lksxq5fb6mh8yzxqatwnx0,2026-07-25Z,2027-05-24Z,2026/2027,ejo28sdb3kcl4zgkwjbc8ncb8,e2q01r9o9jwiq1fls93d1sslx,2026-07-25Z,2027-04-24Z,Regular Season,dmt7kj588jheugqzw6kmgni5l,no,Lokotrans Aréna,Lokotrans Aréna,50.427180471,14.916987419,16,Fixture,,,,,,,,,,,,,,,,,,,2qui2adwsi022vu84b8gdw4z0,Mladá Boleslav,Ml. Boleslav,FK Mladá Boleslav,MBL,home,"{""id"": ""5md5tpwr2nmqao528prx43jr7"", ""name"": ""Czechia""}",2c4rs2vp0tyjiqa7y3gfttf24,Slovan Liberec,Liberec,FC Slovan Liberec,LIB,away,"{""id"": ""5md5tpwr2nmqao528prx43jr7"", ""name"": ""Czechia""}"
4o6cu1y4ubiwzh41rs9b0tuc,13,2027-02-20Z,,22,2,45,1,2026-07-26T09:20:59Z,Sigma Olomouc vs Viktoria Plzeň,289u5typ3vp4ifwh5thalohmq,Soccer,79plas4983031idr6vw83nuel,Men,bu1l7ckihyr0errxw61p0m05,Czech Liga,Czech First League,Chance liga,CZL,Domestic league,5md5tpwr2nmqao528prx43jr7,Czechia,ei2lksxq5fb6mh8yzxqatwnx0,2026-07-25Z,2027-05-24Z,2026/2027,ejo28sdb3kcl4zgkwjbc8ncb8,e2q01r9o9jwiq1fls93d1sslx,2026-07-25Z,2027-04-24Z,Regular Season,dh99x428jggw1l8w7r39teeod,no,Andrův stadion,Andrův stadion,49.600120824,17.248245478,16,Fixture,,,,,,,,,,,,,,,,,,,dchxm00ei80l8ljbcfpdill8k,Sigma Olomouc,Olomouc,SK Sigma Olomouc,OLO,home,"{""id"": ""5md5tpwr2nmqao528prx43jr7"", ""name"": ""Czechia""}",c6fx1460nlkawjgh67sp7a1hd,Viktoria Plzeň,Plzeň,FC Viktoria Plzeň,PLZ,away,"{""id"": ""5md5tpwr2nmqao528prx43jr7"", ""name"": ""Czechia""}"
4ceoggyllcfudrg5ui2dm1hw,13,2027-02-13Z,,21,2,45,1,2026-07-24T13:30:17Z,Zbrojovka Brno vs Slavia Praha,289u5typ3vp4ifwh5thalohmq,Soccer,79plas4983031idr6vw83nuel,Men,bu1l7ckihyr0errxw61p0m05,Czech Liga,Czech First League,Chance liga,CZL,Domestic league,5md5tpwr2nmqao528prx43jr7,Czechia,ei2lksxq5fb6mh8yzxqatwnx0,2026-07-25Z,2027-05-24Z,2026/2027,ejo28sdb3kcl4zgkwjbc8ncb8,e2q01r9o9jwiq1fls93d1sslx,2026-07-25Z,2027-04-24Z,Regular Season,68vgjjgn8036ntz351r3c9mw0,no,ShipEx Aréna,ShipEx Aréna,49.227197061,16.586501598,16,Fixture,,,,,,,,,,,,,,,,,,,6k350zwynsc23f0sxw9akgc6y,Zbrojovka Brno,Zbrojovka,FC Zbrojovka Brno,BRN,home,"{""id"": ""5md5tpwr2nmqao528prx43jr7"", ""name"": ""Czechia""}",8kpapuorr6hf0vosnovbreqqd,Slavia Praha,Slavia,SK Slavia Praha,SLA,away,"{""id"": ""5md5tpwr2nmqao528prx43jr7"", ""name"": ""Czechia""}"
40i7bt7ce2hcbfbx3s2vssgk,13,2027-02-13Z,,21,2,45,1,2026-07-23T09:28:00Z,Teplice vs Zlín,289u5typ3vp4ifwh5thalohmq,Soccer,79plas4983031idr6vw83nuel,Men,bu1l7ckihyr0errxw61p0m05,Czech Liga,Czech First League,Chance liga,CZL,Domestic league,5md5tpwr2nmqao528prx43jr7,Czechia,ei2lksxq5fb6mh8yzxqatwnx0,2026-07-25Z,2027-05-24Z,2026/2027,ejo28sdb3kcl4zgkwjbc8ncb8,e2q01r9o9jwiq1fls93d1sslx,2026-07-25Z,2027-04-24Z,Regular Season,47vp4hvc9krq6q7ey16tt5xc1,no,AGC Aréna Na Stínadlech,AGC Aréna Na Stínadlech,50.640071736,13.817807436,16,Fixture,,,,,,,,,,,,,,,,,,,41eivtin75c5fu33x3zfx956b,Teplice,Teplice,FK Teplice,TEP,home,"{""id"": ""5md5tpwr2nmqao528prx43jr7"", ""name"": ""Czechia""}",aj1nbeiatqrs6e47mnhjidn15,Zlín,Zlín,FC Zlín,ZLI,away,"{""id"": ""5md5tpwr2nmqao528prx43jr7"", ""name"": ""Czechia""}"
3omkquup6rrh9j32o82v7pxw,13,2027-02-13Z,,21,2,45,1,2026-07-25T17:26:35Z,Sparta Praha vs Hradec Králové,289u5typ3vp4ifwh5thalohmq,Soccer,79plas4983031idr6vw83nuel,Men,bu1l7ckihyr0errxw61p0m05,Czech Liga,Czech First League,Chance liga,CZL,Domestic league,5md5tpwr2nmqao528prx43jr7,Czechia,ei2lksxq5fb6mh8yzxqatwnx0,2026-07-25Z,2027-05-24Z,2026/2027,ejo28sdb3kcl4zgkwjbc8ncb8,e2q01r9o9jwiq1fls93d1sslx,2026-07-25Z,2027-04-24Z,Regular Season,94ni823vpqbxjv7m1k39cylmr,no,epet ARENA,epet ARENA,50.099816060,14.415827394,16,Fixture,,,,,,,,,,,,,,,,,,,5ocdn3a6s75u0d0dy0rbou0xc,Sparta Praha,Sparta,AC Sparta Praha,ACS,home,"{""id"": ""5md5tpwr2nmqao528prx43jr7"", ""name"": ""Czechia""}",1v75g4bk8vzrvu0jmaro6lila,Hradec Králové,Hradec Kr.,FC Hradec Králové,HKR,away,"{""id"": ""5md5tpwr2nmqao528prx43jr7"", ""name"": ""Czechia""}"
3cru1m7694ro3mq3ggt64t1w,13,2027-02-13Z,,21,2,45,1,2026-07-24T01:41:56Z,Slovan Liberec vs Jablonec,289u5typ3vp4ifwh5thalohmq,Soccer,79plas4983031idr6vw83nuel,Men,bu1l7ckihyr0errxw61p0m05,Czech Liga,Czech First League,Chance liga,CZL,Domestic league,5md5tpwr2nmqao528prx43jr7,Czechia,ei2lksxq5fb6mh8yzxqatwnx0,2026-07-25Z,2027-05-24Z,2026/2027,ejo28sdb3kcl4zgkwjbc8ncb8,e2q01r9o9jwiq1fls93d1sslx,2026-07-25Z,2027-04-24Z,Regular Season,2979bmbkg8c2rzguycikc4izd,no,Stadion u Nisy,Stadion u Nisy,50.776201411,15.050035715,16,Fixture,,,,,,,,,,,,,,,,,,,2c4rs2vp0tyjiqa7y3gfttf24,Slovan Liberec,Liberec,FC Slovan Liberec,LIB,home,"{""id"": ""5md5tpwr2nmqao528prx43jr7"", ""name"": ""Czechia""}",bdz8tx20ekj1ryi2e2u13jdl,Jablonec,Jablonec,FK Jablonec,FKJ,away,"{""id"": ""5md5tpwr2nmqao528prx43jr7"", ""name"": ""Czechia""}"
312h1i0q4vlr3leafyr2abdg,13,2027-02-13Z,,21,2,45,1,2026-07-24T12:48:36Z,Viktoria Plzeň vs Artis Brno,289u5typ3vp4ifwh5thalohmq,Soccer,79plas4983031idr6vw83nuel,Men,bu1l7ckihyr0errxw61p0m05,Czech Liga,Czech First League,Chance liga,CZL,Domestic league,5md5tpwr2nmqao528prx43jr7,Czechia,ei2lksxq5fb6mh8yzxqatwnx0,2026-07-25Z,2027-05-24Z,2026/2027,ejo28sdb3kcl4zgkwjbc8ncb8,e2q01r9o9jwiq1fls93d1sslx,2026-07-25Z,2027-04-24Z,Regular Season,d601gpjtfe63bz3lcrpdc9n3l,no,Doosan Aréna,Doosan Aréna,49.750074229,13.385446072,16,Fixture,,,,,,,,,,,,,,,,,,,c6fx1460nlkawjgh67sp7a1hd,Viktoria Plzeň,Plzeň,FC Viktoria Plzeň,PLZ,home,"{""id"": ""5md5tpwr2nmqao528prx43jr7"", ""name"": ""Czechia""}",6onh4wiqdb8r50qa6oyxlbafg,Artis Brno,Artis,SK Artis Brno,ARB,away,"{""id"": ""5md5tpwr2nmqao528prx43jr7"", ""name"": ""Czechia""}"
2p9h71iuoalvx148vur9v66s,13,2027-02-13Z,,21,2,45,1,2026-07-25T10:06:07Z,Baník Ostrava vs Mladá Boleslav,289u5typ3vp4ifwh5thalohmq,Soccer,79plas4983031idr6vw83nuel,Men,bu1l7ckihyr0errxw61p0m05,Czech Liga,Czech First League,Chance liga,CZL,Domestic league,5md5tpwr2nmqao528prx43jr7,Czechia,ei2lksxq5fb6mh8yzxqatwnx0,2026-07-25Z,2027-05-24Z,2026/2027,ejo28sdb3kcl4zgkwjbc8ncb8,e2q01r9o9jwiq1fls93d1sslx,2026-07-25Z,2027-04-24Z,Regular Season,1xwzje85tz7gwpynab7es9ieg,no,Městský stadion - Vítkovice Aréna,Městský stadion - Vítkovice Aréna,49.804348544,18.255988955,16,Fixture,,,,,,,,,,,,,,,,,,,dfvvrv84skv23rsn1k6kt4slc,Baník Ostrava,Ostrava,FC Baník Ostrava,FCB,home,"{""id"": ""5md5tpwr2nmqao528prx43jr7"", ""name"": ""Czechia""}",2qui2adwsi022vu84b8gdw4z0,Mladá Boleslav,Ml. Boleslav,FK Mladá Boleslav,MBL,away,"{""id"": ""5md5tpwr2nmqao528prx43jr7"", ""name"": ""Czechia""}"
2dfjuenjkto7afxxa4kmzn6c,13,2027-02-13Z,,21,2,45,1,2026-07-26T09:20:59Z,Bohemians 1905 vs Sigma Olomouc,289u5typ3vp4ifwh5thalohmq,Soccer,79plas4983031idr6vw83nuel,Men,bu1l7ckihyr0errxw61p0m05,Czech Liga,Czech First League,Chance liga,CZL,Domestic league,5md5tpwr2nmqao528prx43jr7,Czechia,ei2lksxq5fb6mh8yzxqatwnx0,2026-07-25Z,2027-05-24Z,2026/2027,ejo28sdb3kcl4zgkwjbc8ncb8,e2q01r9o9jwiq1fls93d1sslx,2026-07-25Z,2027-04-24Z,Regular Season,9cj96q0e19jjqiphv07dsff62,no,Stadion Ďolíček,Stadion Ďolíček,50.066998168,14.454191029,16,Fixture,,,,,,,,,,,,,,,,,,,bqcrqg0367eqzrt4vjb5apu6g,Bohemians 1905,Bohemians,Bohemians Praha 1905,BOH,home,"{""id"": ""5md5tpwr2nmqao528prx43jr7"", ""name"": ""Czechia""}",dchxm00ei80l8ljbcfpdill8k,Sigma Olomouc,Olomouc,SK Sigma Olomouc,OLO,away,"{""id"": ""5md5tpwr2nmqao528prx43jr7"", ""name"": ""Czechia""}"
21ndkntwhbo4fpwp2imiuj2s,13,2027-02-13Z,,21,2,45,1,2026-07-26T12:21:27Z,Pardubice vs Slovácko,289u5typ3vp4ifwh5thalohmq,Soccer,79plas4983031idr6vw83nuel,Men,bu1l7ckihyr0errxw61p0m05,Czech Liga,Czech First League,Chance liga,CZL,Domestic league,5md5tpwr2nmqao528prx43jr7,Czechia,ei2lksxq5fb6mh8yzxqatwnx0,2026-07-25Z,2027-05-24Z,2026/2027,ejo28sdb3kcl4zgkwjbc8ncb8,e2q01r9o9jwiq1fls93d1sslx,2026-07-25Z,2027-04-24Z,Regular Season,29ligd0aeeadk5h0bv13j9yj8,no,Stadion Arnošta Košťála,Stadion Arnošta Košťála,50.041041815,15.771190566,16,Fixture,,,,,,,,,,,,,,,,,,,4xbgquadoen1b303u4hi9nhg9,Pardubice,Pardubice,FK Pardubice,PCE,home,"{""id"": ""5md5tpwr2nmqao528prx43jr7"", ""name"": ""Czechia""}",bp5x8iw8pstucx6s4iqht6xqf,Slovácko,Slovácko,1. FC Slovácko,FCS,away,"{""id"": ""5md5tpwr2nmqao528prx43jr7"", ""name"": ""Czechia""}"
q78bc31pbfswbnr3ob5ocgk,13,2027-02-06Z,,20,2,45,1,2026-07-24T01:41:56Z,Hradec Králové vs Slovan Liberec,289u5typ3vp4ifwh5thalohmq,Soccer,79plas4983031idr6vw83nuel,Men,bu1l7ckihyr0errxw61p0m05,Czech Liga,Czech First League,Chance liga,CZL,Domestic league,5md5tpwr2nmqao528prx43jr7,Czechia,ei2lksxq5fb6mh8yzxqatwnx0,2026-07-25Z,2027-05-24Z,2026/2027,ejo28sdb3kcl4zgkwjbc8ncb8,e2q01r9o9jwiq1fls93d1sslx,2026-07-25Z,2027-04-24Z,Regular Season,b1by4990boxacbvh10n5jv5sk,no,FINEP Arena,FINEP Arena,50.206416871,15.845450177,16,Fixture,,,,,,,,,,,,,,,,,,,1v75g4bk8vzrvu0jmaro6lila,Hradec Králové,Hradec Kr.,FC Hradec Králové,HKR,home,"{""id"": ""5md5tpwr2nmqao528prx43jr7"", ""name"": ""Czechia""}",2c4rs2vp0tyjiqa7y3gfttf24,Slovan Liberec,Liberec,FC Slovan Liberec,LIB,away,"{""id"": ""5md5tpwr2nmqao528prx43jr7"", ""name"": ""Czechia""}"
f5cniei06ohmdf4s98rh96dck,13,2027-02-06Z,,20,2,45,1,2026-07-25T14:19:01Z,Mladá Boleslav vs Bohemians 1905,289u5typ3vp4ifwh5thalohmq,Soccer,79plas4983031idr6vw83nuel,Men,bu1l7ckihyr0errxw61p0m05,Czech Liga,Czech First League,Chance liga,CZL,Domestic league,5md5tpwr2nmqao528prx43jr7,Czechia,ei2lksxq5fb6mh8yzxqatwnx0,2026-07-25Z,2027-05-24Z,2026/2027,ejo28sdb3kcl4zgkwjbc8ncb8,e2q01r9o9jwiq1fls93d1sslx,2026-07-25Z,2027-04-24Z,Regular Season,dmt7kj588jheugqzw6kmgni5l,no,Lokotrans Aréna,Lokotrans Aréna,50.427180471,14.916987419,16,Fixture,,,,,,,,,,,,,,,,,,,2qui2adwsi022vu84b8gdw4z0,Mladá Boleslav,Ml. Boleslav,FK Mladá Boleslav,MBL,home,"{""id"": ""5md5tpwr2nmqao528prx43jr7"", ""name"": ""Czechia""}",bqcrqg0367eqzrt4vjb5apu6g,Bohemians 1905,Bohemians,Bohemians Praha 1905,BOH,away,"{""id"": ""5md5tpwr2nmqao528prx43jr7"", ""name"": ""Czechia""}"
f50wjvf5l7aonbfz8d2sbq1p0,13,2027-02-06Z,,20,2,45,1,2026-07-26T12:21:27Z,Slovácko vs Viktoria Plzeň,289u5typ3vp4ifwh5thalohmq,Soccer,79plas4983031idr6vw83nuel,Men,bu1l7ckihyr0errxw61p0m05,Czech Liga,Czech First League,Chance liga,CZL,Domestic league,5md5tpwr2nmqao528prx43jr7,Czechia,ei2lksxq5fb6mh8yzxqatwnx0,2026-07-25Z,2027-05-24Z,2026/2027,ejo28sdb3kcl4zgkwjbc8ncb8,e2q01r9o9jwiq1fls93d1sslx,2026-07-25Z,2027-04-24Z,Regular Season,d0xo4iuobvbd1ov2hx3mn89hl,no,Městský fotbalový stadion Miroslava Valenty,Městský fotbalový stadion Miroslava Valenty,49.065515573,17.471448183,16,Fixture,,,,,,,,,,,,,,,,,,,bp5x8iw8pstucx6s4iqht6xqf,Slovácko,Slovácko,1. FC Slovácko,FCS,home,"{""id"": ""5md5tpwr2nmqao528prx43jr7"", ""name"": ""Czechia""}",c6fx1460nlkawjgh67sp7a1hd,Viktoria Plzeň,Plzeň,FC Viktoria Plzeň,PLZ,away,"{""id"": ""5md5tpwr2nmqao528prx43jr7"", ""name"": ""Czechia""}"
ehsatt1aq71tu9lu4z63z10,13,2027-02-06Z,,20,2,45,1,2026-07-24T12:48:36Z,Artis Brno vs Pardubice,289u5typ3vp4ifwh5thalohmq,Soccer,79plas4983031idr6vw83nuel,Men,bu1l7ckihyr0errxw61p0m05,Czech Liga,Czech First League,Chance liga,CZL,Domestic league,5md5tpwr2nmqao528prx43jr7,Czechia,ei2lksxq5fb6mh8yzxqatwnx0,2026-07-25Z,2027-05-24Z,2026/2027,ejo28sdb3kcl4zgkwjbc8ncb8,e2q01r9o9jwiq1fls93d1sslx,2026-07-25Z,2027-04-24Z,Regular Season,68vgjjgn8036ntz351r3c9mw0,no,ShipEx Aréna,ShipEx Aréna,49.227197061,16.586501598,16,Fixture,,,,,,,,,,,,,,,,,,,6onh4wiqdb8r50qa6oyxlbafg,Artis Brno,Artis,SK Artis Brno,ARB,home,"{""id"": ""5md5tpwr2nmqao528prx43jr7"", ""name"": ""Czechia""}",4xbgquadoen1b303u4hi9nhg9,Pardubice,Pardubice,FK Pardubice,PCE,away,"{""id"": ""5md5tpwr2nmqao528prx43jr7"", ""name"": ""Czechia""}"
2nfclrgc3nl9bgo591fmbdg,13,2027-02-06Z,,20,2,45,1,2026-07-26T09:20:59Z,Sigma Olomouc vs Baník Ostrava,289u5typ3vp4ifwh5thalohmq,Soccer,79plas4983031idr6vw83nuel,Men,bu1l7ckihyr0errxw61p0m05,Czech Liga,Czech First League,Chance liga,CZL,Domestic league,5md5tpwr2nmqao528prx43jr7,Czechia,ei2lksxq5fb6mh8yzxqatwnx0,2026-07-25Z,2027-05-24Z,2026/2027,ejo28sdb3kcl4zgkwjbc8ncb8,e2q01r9o9jwiq1fls93d1sslx,2026-07-25Z,2027-04-24Z,Regular Season,dh99x428jggw1l8w7r39teeod,no,Andrův stadion,Andrův stadion,49.600120824,17.248245478,16,Fixture,,,,,,,,,,,,,,,,,,,dchxm00ei80l8ljbcfpdill8k,Sigma Olomouc,Olomouc,SK Sigma Olomouc,OLO,home,"{""id"": ""5md5tpwr2nmqao528prx43jr7"", ""name"": ""Czechia""}",dfvvrv84skv23rsn1k6kt4slc,Baník Ostrava,Ostrava,FC Baník Ostrava,FCB,away,"{""id"": ""5md5tpwr2nmqao528prx43jr7"", ""name"": ""Czechia""}"
1pt6y3qb44fpxn4ph0msktg4,13,2027-02-06Z,,20,2,45,1,2026-07-23T08:43:38Z,Jablonec vs Teplice,289u5typ3vp4ifwh5thalohmq,Soccer,79plas4983031idr6vw83nuel,Men,bu1l7ckihyr0errxw61p0m05,Czech Liga,Czech First League,Chance liga,CZL,Domestic league,5md5tpwr2nmqao528prx43jr7,Czechia,ei2lksxq5fb6mh8yzxqatwnx0,2026-07-25Z,2027-05-24Z,2026/2027,ejo28sdb3kcl4zgkwjbc8ncb8,e2q01r9o9jwiq1fls93d1sslx,2026-07-25Z,2027-04-24Z,Regular Season,477e2cn5x9m53k0djxbcmds8b,no,Stadion Střelnice,Stadion Střelnice,50.714915207,15.162243247,16,Fixture,,,,,,,,,,,,,,,,,,,bdz8tx20ekj1ryi2e2u13jdl,Jablonec,Jablonec,FK Jablonec,FKJ,home,"{""id"": ""5md5tpwr2nmqao528prx43jr7"", ""name"": ""Czechia""}",41eivtin75c5fu33x3zfx956b,Teplice,Teplice,FK Teplice,TEP,away,"{""id"": ""5md5tpwr2nmqao528prx43jr7"", ""name"": ""Czechia""}"
1dufw9309v7tnzo3fg2wkj6c,13,2027-02-06Z,,20,2,45,1,2026-07-25T17:26:35Z,Slavia Praha vs Sparta Praha,289u5typ3vp4ifwh5thalohmq,Soccer,79plas4983031idr6vw83nuel,Men,bu1l7ckihyr0errxw61p0m05,Czech Liga,Czech First League,Chance liga,CZL,Domestic league,5md5tpwr2nmqao528prx43jr7,Czechia,ei2lksxq5fb6mh8yzxqatwnx0,2026-07-25Z,2027-05-24Z,2026/2027,ejo28sdb3kcl4zgkwjbc8ncb8,e2q01r9o9jwiq1fls93d1sslx,2026-07-25Z,2027-04-24Z,Regular Season,7c48dqxoem7bdglaflo26dizy,no,Fortuna Arena,Fortuna Arena,50.067525002,14.471139908,16,Fixture,,,,,,,,,,,,,,,,,,,8kpapuorr6hf0vosnovbreqqd,Slavia Praha,Slavia,SK Slavia Praha,SLA,home,"{""id"": ""5md5tpwr2nmqao528prx43jr7"", ""name"": ""Czechia""}",5ocdn3a6s75u0d0dy0rbou0xc,Sparta Praha,Sparta,AC Sparta Praha,ACS,away,"{""id"": ""5md5tpwr2nmqao528prx43jr7"", ""name"": ""Czechia""}"
11yxwvf2yijghbt12crmbsb8,13,2027-02-06Z,,20,2,45,1,2026-07-23T09:28:00Z,Zlín vs Zbrojovka Brno,289u5typ3vp4ifwh5thalohmq,Soccer,79plas4983031idr6vw83nuel,Men,bu1l7ckihyr0errxw61p0m05,Czech Liga,Czech First League,Chance liga,CZL,Domestic league,5md5tpwr2nmqao528prx43jr7,Czechia,ei2lksxq5fb6mh8yzxqatwnx0,2026-07-25Z,2027-05-24Z,2026/2027,ejo28sdb3kcl4zgkwjbc8ncb8,e2q01r9o9jwiq1fls93d1sslx,2026-07-25Z,2027-04-24Z,Regular Season,9ydptb7ki97jxrfex1l4tvcq6,no,Stadion Letná,Stadion Letná,49.231309756,17.669309378,16,Fixture,,,,,,,,,,,,,,,,,,,aj1nbeiatqrs6e47mnhjidn15,Zlín,Zlín,FC Zlín,ZLI,home,"{""id"": ""5md5tpwr2nmqao528prx43jr7"", ""name"": ""Czechia""}",6k350zwynsc23f0sxw9akgc6y,Zbrojovka Brno,Zbrojovka,FC Zbrojovka Brno,BRN,away,"{""id"": ""5md5tpwr2nmqao528prx43jr7"", ""name"": ""Czechia""}"
f4p985ej9atbrn1fh0lzeil90,13,2027-01-30Z,,19,2,45,1,2026-07-23T08:43:37Z,Zbrojovka Brno vs Teplice,289u5typ3vp4ifwh5thalohmq,Soccer,79plas4983031idr6vw83nuel,Men,bu1l7ckihyr0errxw61p0m05,Czech Liga,Czech First League,Chance liga,CZL,Domestic league,5md5tpwr2nmqao528prx43jr7,Czechia,ei2lksxq5fb6mh8yzxqatwnx0,2026-07-25Z,2027-05-24Z,2026/2027,ejo28sdb3kcl4zgkwjbc8ncb8,e2q01r9o9jwiq1fls93d1sslx,2026-07-25Z,2027-04-24Z,Regular Season,68vgjjgn8036ntz351r3c9mw0,no,ShipEx Aréna,ShipEx Aréna,49.227197061,16.586501598,16,Fixture,,,,,,,,,,,,,,,,,,,6k350zwynsc23f0sxw9akgc6y,Zbrojovka Brno,Zbrojovka,FC Zbrojovka Brno,BRN,home,"{""id"": ""5md5tpwr2nmqao528prx43jr7"", ""name"": ""Czechia""}",41eivtin75c5fu33x3zfx956b,Teplice,Teplice,FK Teplice,TEP,away,"{""id"": ""5md5tpwr2nmqao528prx43jr7"", ""name"": ""Czechia""}"
f4dhduvm2s0uc65ptmfdqneac,13,2027-01-30Z,,19,2,45,1,2026-07-24T01:41:56Z,Slovan Liberec vs Zlín,289u5typ3vp4ifwh5thalohmq,Soccer,79plas4983031idr6vw83nuel,Men,bu1l7ckihyr0errxw61p0m05,Czech Liga,Czech First League,Chance liga,CZL,Domestic league,5md5tpwr2nmqao528prx43jr7,Czechia,ei2lksxq5fb6mh8yzxqatwnx0,2026-07-25Z,2027-05-24Z,2026/2027,ejo28sdb3kcl4zgkwjbc8ncb8,e2q01r9o9jwiq1fls93d1sslx,2026-07-25Z,2027-04-24Z,Regular Season,2979bmbkg8c2rzguycikc4izd,no,Stadion u Nisy,Stadion u Nisy,50.776201411,15.050035715,16,Fixture,,,,,,,,,,,,,,,,,,,2c4rs2vp0tyjiqa7y3gfttf24,Slovan Liberec,Liberec,FC Slovan Liberec,LIB,home,"{""id"": ""5md5tpwr2nmqao528prx43jr7"", ""name"": ""Czechia""}",aj1nbeiatqrs6e47mnhjidn15,Zlín,Zlín,FC Zlín,ZLI,away,"{""id"": ""5md5tpwr2nmqao528prx43jr7"", ""name"": ""Czechia""}"
f41nremndbif4z35kuagq4a38,13,2027-01-30Z,,19,2,45,1,2026-07-23T07:28:18Z,Viktoria Plzeň vs Hradec Králové,289u5typ3vp4ifwh5thalohmq,Soccer,79plas4983031idr6vw83nuel,Men,bu1l7ckihyr0errxw61p0m05,Czech Liga,Czech First League,Chance liga,CZL,Domestic league,5md5tpwr2nmqao528prx43jr7,Czechia,ei2lksxq5fb6mh8yzxqatwnx0,2026-07-25Z,2027-05-24Z,2026/2027,ejo28sdb3kcl4zgkwjbc8ncb8,e2q01r9o9jwiq1fls93d1sslx,2026-07-25Z,2027-04-24Z,Regular Season,d601gpjtfe63bz3lcrpdc9n3l,no,Doosan Aréna,Doosan Aréna,49.750074229,13.385446072,16,Fixture,,,,,,,,,,,,,,,,,,,c6fx1460nlkawjgh67sp7a1hd,Viktoria Plzeň,Plzeň,FC Viktoria Plzeň,PLZ,home,"{""id"": ""5md5tpwr2nmqao528prx43jr7"", ""name"": ""Czechia""}",1v75g4bk8vzrvu0jmaro6lila,Hradec Králové,Hradec Kr.,FC Hradec Králové,HKR,away,"{""id"": ""5md5tpwr2nmqao528prx43jr7"", ""name"": ""Czechia""}"
f3pw8ainjm0rid45mir5t5tlg,13,2027-01-30Z,,19,2,45,1,2026-07-25T14:19:01Z,Bohemians 1905 vs Slavia Praha,289u5typ3vp4ifwh5thalohmq,Soccer,79plas4983031idr6vw83nuel,Men,bu1l7ckihyr0errxw61p0m05,Czech Liga,Czech First League,Chance liga,CZL,Domestic league,5md5tpwr2nmqao528prx43jr7,Czechia,ei2lksxq5fb6mh8yzxqatwnx0,2026-07-25Z,2027-05-24Z,2026/2027,ejo28sdb3kcl4zgkwjbc8ncb8,e2q01r9o9jwiq1fls93d1sslx,2026-07-25Z,2027-04-24Z,Regular Season,9cj96q0e19jjqiphv07dsff62,no,Stadion Ďolíček,Stadion Ďolíček,50.066998168,14.454191029,16,Fixture,,,,,,,,,,,,,,,,,,,bqcrqg0367eqzrt4vjb5apu6g,Bohemians 1905,Bohemians,Bohemians Praha 1905,BOH,home,"{""id"": ""5md5tpwr2nmqao528prx43jr7"", ""name"": ""Czechia""}",8kpapuorr6hf0vosnovbreqqd,Slavia Praha,Slavia,SK Slavia Praha,SLA,away,"{""id"": ""5md5tpwr2nmqao528prx43jr7"", ""name"": ""Czechia""}"
f3e2w2bxe7q1t7z0zcsmkr6l0,13,2027-01-30Z,,19,2,45,1,2026-07-24T13:42:21Z,Baník Ostrava vs Jablonec,289u5typ3vp4ifwh5thalohmq,Soccer,79plas4983031idr6vw83nuel,Men,bu1l7ckihyr0errxw61p0m05,Czech Liga,Czech First League,Chance liga,CZL,Domestic league,5md5tpwr2nmqao528prx43jr7,Czechia,ei2lksxq5fb6mh8yzxqatwnx0,2026-07-25Z,2027-05-24Z,2026/2027,ejo28sdb3kcl4zgkwjbc8ncb8,e2q01r9o9jwiq1fls93d1sslx,2026-07-25Z,2027-04-24Z,Regular Season,1xwzje85tz7gwpynab7es9ieg,no,Městský stadion - Vítkovice Aréna,Městský stadion - Vítkovice Aréna,49.804348544,18.255988955,16,Fixture,,,,,,,,,,,,,,,,,,,dfvvrv84skv23rsn1k6kt4slc,Baník Ostrava,Ostrava,FC Baník Ostrava,FCB,home,"{""id"": ""5md5tpwr2nmqao528prx43jr7"", ""name"": ""Czechia""}",bdz8tx20ekj1ryi2e2u13jdl,Jablonec,Jablonec,FK Jablonec,FKJ,away,"{""id"": ""5md5tpwr2nmqao528prx43jr7"", ""name"": ""Czechia""}"
f3297frxdzwhq8mp92sj275lg,13,2027-01-30Z,,19,2,45,1,2026-07-25T17:26:35Z,Sparta Praha vs Artis Brno,289u5typ3vp4ifwh5thalohmq,Soccer,79plas4983031idr6vw83nuel,Men,bu1l7ckihyr0errxw61p0m05,Czech Liga,Czech First League,Chance liga,CZL,Domestic league,5md5tpwr2nmqao528prx43jr7,Czechia,ei2lksxq5fb6mh8yzxqatwnx0,2026-07-25Z,2027-05-24Z,2026/2027,ejo28sdb3kcl4zgkwjbc8ncb8,e2q01r9o9jwiq1fls93d1sslx,2026-07-25Z,2027-04-24Z,Regular Season,94ni823vpqbxjv7m1k39cylmr,no,epet ARENA,epet ARENA,50.099816060,14.415827394,16,Fixture,,,,,,,,,,,,,,,,,,,5ocdn3a6s75u0d0dy0rbou0xc,Sparta Praha,Sparta,AC Sparta Praha,ACS,home,"{""id"": ""5md5tpwr2nmqao528prx43jr7"", ""name"": ""Czechia""}",6onh4wiqdb8r50qa6oyxlbafg,Artis Brno,Artis,SK Artis Brno,ARB,away,"{""id"": ""5md5tpwr2nmqao528prx43jr7"", ""name"": ""Czechia""}"
f2qd5kjidveqiffmdtiuqw2dw,13,2027-01-30Z,,19,2,45,1,2026-07-26T12:21:27Z,Slovácko vs Mladá Boleslav,289u5typ3vp4ifwh5thalohmq,Soccer,79plas4983031idr6vw83nuel,Men,bu1l7ckihyr0errxw61p0m05,Czech Liga,Czech First League,Chance liga,CZL,Domestic league,5md5tpwr2nmqao528prx43jr7,Czechia,ei2lksxq5fb6mh8yzxqatwnx0,2026-07-25Z,2027-05-24Z,2026/2027,ejo28sdb3kcl4zgkwjbc8ncb8,e2q01r9o9jwiq1fls93d1sslx,2026-07-25Z,2027-04-24Z,Regular Season,d0xo4iuobvbd1ov2hx3mn89hl,no,Městský fotbalový stadion Miroslava Valenty,Městský fotbalový stadion Miroslava Valenty,49.065515573,17.471448183,16,Fixture,,,,,,,,,,,,,,,,,,,bp5x8iw8pstucx6s4iqht6xqf,Slovácko,Slovácko,1. FC Slovácko,FCS,home,"{""id"": ""5md5tpwr2nmqao528prx43jr7"", ""name"": ""Czechia""}",2qui2adwsi022vu84b8gdw4z0,Mladá Boleslav,Ml. Boleslav,FK Mladá Boleslav,MBL,away,"{""id"": ""5md5tpwr2nmqao528prx43jr7"", ""name"": ""Czechia""}"
f2ehalvszjfr21mkci0jt5fdg,13,2027-01-30Z,,19,2,45,1,2026-07-26T09:20:59Z,Pardubice vs Sigma Olomouc,289u5typ3vp4ifwh5thalohmq,Soccer,79plas4983031idr6vw83nuel,Men,bu1l7ckihyr0errxw61p0m05,Czech Liga,Czech First League,Chance liga,CZL,Domestic league,5md5tpwr2nmqao528prx43jr7,Czechia,ei2lksxq5fb6mh8yzxqatwnx0,2026-07-25Z,2027-05-24Z,2026/2027,ejo28sdb3kcl4zgkwjbc8ncb8,e2q01r9o9jwiq1fls93d1sslx,2026-07-25Z,2027-04-24Z,Regular Season,29ligd0aeeadk5h0bv13j9yj8,no,Stadion Arnošta Košťála,Stadion Arnošta Košťála,50.041041815,15.771190566,16,Fixture,,,,,,,,,,,,,,,,,,,4xbgquadoen1b303u4hi9nhg9,Pardubice,Pardubice,FK Pardubice,PCE,home,"{""id"": ""5md5tpwr2nmqao528prx43jr7"", ""name"": ""Czechia""}",dchxm00ei80l8ljbcfpdill8k,Sigma Olomouc,Olomouc,SK Sigma Olomouc,OLO,away,"{""id"": ""5md5tpwr2nmqao528prx43jr7"", ""name"": ""Czechia""}"
f22ho56a6d5szcnoo7s7ny61g,13,2026-12-12Z,14:00:00Z,18,2,45,1,2026-07-21T13:13:49Z,Hradec Králové vs Zbrojovka Brno,289u5typ3vp4ifwh5thalohmq,Soccer,79plas4983031idr6vw83nuel,Men,bu1l7ckihyr0errxw61p0m05,Czech Liga,Czech First League,Chance liga,CZL,Domestic league,5md5tpwr2nmqao528prx43jr7,Czechia,ei2lksxq5fb6mh8yzxqatwnx0,2026-07-25Z,2027-05-24Z,2026/2027,ejo28sdb3kcl4zgkwjbc8ncb8,e2q01r9o9jwiq1fls93d1sslx,2026-07-25Z,2027-04-24Z,Regular Season,b1by4990boxacbvh10n5jv5sk,no,FINEP Arena,FINEP Arena,50.206416871,15.845450177,16,Fixture,2026-12-12,15:00:00,,,,,,,,,,,,,,,,,1v75g4bk8vzrvu0jmaro6lila,Hradec Králové,Hradec Kr.,FC Hradec Králové,HKR,home,"{""id"": ""5md5tpwr2nmqao528prx43jr7"", ""name"": ""Czechia""}",6k350zwynsc23f0sxw9akgc6y,Zbrojovka Brno,Zbrojovka,FC Zbrojovka Brno,BRN,away,"{""id"": ""5md5tpwr2nmqao528prx43jr7"", ""name"": ""Czechia""}"
f1qjeo6d2fgxo5dst73c5s3kk,13,2026-12-12Z,14:00:00Z,18,2,45,1,2026-07-26T12:21:27Z,Sigma Olomouc vs Slovácko,289u5typ3vp4ifwh5thalohmq,Soccer,79plas4983031idr6vw83nuel,Men,bu1l7ckihyr0errxw61p0m05,Czech Liga,Czech First League,Chance liga,CZL,Domestic league,5md5tpwr2nmqao528prx43jr7,Czechia,ei2lksxq5fb6mh8yzxqatwnx0,2026-07-25Z,2027-05-24Z,2026/2027,ejo28sdb3kcl4zgkwjbc8ncb8,e2q01r9o9jwiq1fls93d1sslx,2026-07-25Z,2027-04-24Z,Regular Season,dh99x428jggw1l8w7r39teeod,no,Andrův stadion,Andrův stadion,49.600120824,17.248245478,16,Fixture,2026-12-12,15:00:00,,,,,,,,,,,,,,,,,dchxm00ei80l8ljbcfpdill8k,Sigma Olomouc,Olomouc,SK Sigma Olomouc,OLO,home,"{""id"": ""5md5tpwr2nmqao528prx43jr7"", ""name"": ""Czechia""}",bp5x8iw8pstucx6s4iqht6xqf,Slovácko,Slovácko,1. FC Slovácko,FCS,away,"{""id"": ""5md5tpwr2nmqao528prx43jr7"", ""name"": ""Czechia""}"
f1ekfm2a70j3rzut7vnyy1zx0,13,2026-12-12Z,14:00:00Z,18,2,45,1,2026-07-25T10:06:07Z,Mladá Boleslav vs Pardubice,289u5typ3vp4ifwh5thalohmq,Soccer,79plas4983031idr6vw83nuel,Men,bu1l7ckihyr0errxw61p0m05,Czech Liga,Czech First League,Chance liga,CZL,Domestic league,5md5tpwr2nmqao528prx43jr7,Czechia,ei2lksxq5fb6mh8yzxqatwnx0,2026-07-25Z,2027-05-24Z,2026/2027,ejo28sdb3kcl4zgkwjbc8ncb8,e2q01r9o9jwiq1fls93d1sslx,2026-07-25Z,2027-04-24Z,Regular Season,dmt7kj588jheugqzw6kmgni5l,no,Lokotrans Aréna,Lokotrans Aréna,50.427180471,14.916987419,16,Fixture,2026-12-12,15:00:00,,,,,,,,,,,,,,,,,2qui2adwsi022vu84b8gdw4z0,Mladá Boleslav,Ml. Boleslav,FK Mladá Boleslav,MBL,home,"{""id"": ""5md5tpwr2nmqao528prx43jr7"", ""name"": ""Czechia""}",4xbgquadoen1b303u4hi9nhg9,Pardubice,Pardubice,FK Pardubice,PCE,away,"{""id"": ""5md5tpwr2nmqao528prx43jr7"", ""name"": ""Czechia""}"
f12qqar93arbodueoq4b163v8,13,2026-12-12Z,14:00:00Z,18,2,45,1,2026-07-24T12:48:32Z,Artis Brno vs Baník Ostrava,289u5typ3vp4ifwh5thalohmq,Soccer,79plas4983031idr6vw83nuel,Men,bu1l7ckihyr0errxw61p0m05,Czech Liga,Czech First League,Chance liga,CZL,Domestic league,5md5tpwr2nmqao528prx43jr7,Czechia,ei2lksxq5fb6mh8yzxqatwnx0,2026-07-25Z,2027-05-24Z,2026/2027,ejo28sdb3kcl4zgkwjbc8ncb8,e2q01r9o9jwiq1fls93d1sslx,2026-07-25Z,2027-04-24Z,Regular Season,68vgjjgn8036ntz351r3c9mw0,no,ShipEx Aréna,ShipEx Aréna,49.227197061,16.586501598,16,Fixture,2026-12-12,15:00:00,,,,,,,,,,,,,,,,,6onh4wiqdb8r50qa6oyxlbafg,Artis Brno,Artis,SK Artis Brno,ARB,home,"{""id"": ""5md5tpwr2nmqao528prx43jr7"", ""name"": ""Czechia""}",dfvvrv84skv23rsn1k6kt4slc,Baník Ostrava,Ostrava,FC Baník Ostrava,FCB,away,"{""id"": ""5md5tpwr2nmqao528prx43jr7"", ""name"": ""Czechia""}"
f0r333fyjk7zlwz8ypot49qfo,13,2026-12-12Z,14:00:00Z,18,2,45,1,2026-07-25T14:19:01Z,Jablonec vs Bohemians 1905,289u5typ3vp4ifwh5thalohmq,Soccer,79plas4983031idr6vw83nuel,Men,bu1l7ckihyr0errxw61p0m05,Czech Liga,Czech First League,Chance liga,CZL,Domestic league,5md5tpwr2nmqao528prx43jr7,Czechia,ei2lksxq5fb6mh8yzxqatwnx0,2026-07-25Z,2027-05-24Z,2026/2027,ejo28sdb3kcl4zgkwjbc8ncb8,e2q01r9o9jwiq1fls93d1sslx,2026-07-25Z,2027-04-24Z,Regular Season,477e2cn5x9m53k0djxbcmds8b,no,Stadion Střelnice,Stadion Střelnice,50.714915207,15.162243247,16,Fixture,2026-12-12,15:00:00,,,,,,,,,,,,,,,,,bdz8tx20ekj1ryi2e2u13jdl,Jablonec,Jablonec,FK Jablonec,FKJ,home,"{""id"": ""5md5tpwr2nmqao528prx43jr7"", ""name"": ""Czechia""}",bqcrqg0367eqzrt4vjb5apu6g,Bohemians 1905,Bohemians,Bohemians Praha 1905,BOH,away,"{""id"": ""5md5tpwr2nmqao528prx43jr7"", ""name"": ""Czechia""}"
f0fcdexab5cbclvpxp3d6a5uc,13,2026-12-12Z,14:00:00Z,18,2,45,1,2026-07-25T17:26:35Z,Teplice vs Sparta Praha,289u5typ3vp4ifwh5thalohmq,Soccer,79plas4983031idr6vw83nuel,Men,bu1l7ckihyr0errxw61p0m05,Czech Liga,Czech First League,Chance liga,CZL,Domestic league,5md5tpwr2nmqao528prx43jr7,Czechia,ei2lksxq5fb6mh8yzxqatwnx0,2026-07-25Z,2027-05-24Z,2026/2027,ejo28sdb3kcl4zgkwjbc8ncb8,e2q01r9o9jwiq1fls93d1sslx,2026-07-25Z,2027-04-24Z,Regular Season,47vp4hvc9krq6q7ey16tt5xc1,no,AGC Aréna Na Stínadlech,AGC Aréna Na Stínadlech,50.640071736,13.817807436,16,Fixture,2026-12-12,15:00:00,,,,,,,,,,,,,,,,,41eivtin75c5fu33x3zfx956b,Teplice,Teplice,FK Teplice,TEP,home,"{""id"": ""5md5tpwr2nmqao528prx43jr7"", ""name"": ""Czechia""}",5ocdn3a6s75u0d0dy0rbou0xc,Sparta Praha,Sparta,AC Sparta Praha,ACS,away,"{""id"": ""5md5tpwr2nmqao528prx43jr7"", ""name"": ""Czechia""}"
f03gbukm61lpiq8jc1533r95g,13,2026-12-12Z,14:00:00Z,18,2,45,1,2026-07-24T13:30:56Z,Slavia Praha vs Slovan Liberec,289u5typ3vp4ifwh5thalohmq,Soccer,79plas4983031idr6vw83nuel,Men,bu1l7ckihyr0errxw61p0m05,Czech Liga,Czech First League,Chance liga,CZL,Domestic league,5md5tpwr2nmqao528prx43jr7,Czechia,ei2lksxq5fb6mh8yzxqatwnx0,2026-07-25Z,2027-05-24Z,2026/2027,ejo28sdb3kcl4zgkwjbc8ncb8,e2q01r9o9jwiq1fls93d1sslx,2026-07-25Z,2027-04-24Z,Regular Season,7c48dqxoem7bdglaflo26dizy,no,Fortuna Arena,Fortuna Arena,50.067525002,14.471139908,16,Fixture,2026-12-12,15:00:00,,,,,,,,,,,,,,,,,8kpapuorr6hf0vosnovbreqqd,Slavia Praha,Slavia,SK Slavia Praha,SLA,home,"{""id"": ""5md5tpwr2nmqao528prx43jr7"", ""name"": ""Czechia""}",2c4rs2vp0tyjiqa7y3gfttf24,Slovan Liberec,Liberec,FC Slovan Liberec,LIB,away,"{""id"": ""5md5tpwr2nmqao528prx43jr7"", ""name"": ""Czechia""}"
ezrnxgxs0161ncgcdckiwyxhw,13,2026-12-12Z,14:00:00Z,18,2,45,1,2026-07-23T09:28:29Z,Zlín vs Viktoria Plzeň,289u5typ3vp4ifwh5thalohmq,Soccer,79plas4983031idr6vw83nuel,Men,bu1l7ckihyr0errxw61p0m05,Czech Liga,Czech First League,Chance liga,CZL,Domestic league,5md5tpwr2nmqao528prx43jr7,Czechia,ei2lksxq5fb6mh8yzxqatwnx0,2026-07-25Z,2027-05-24Z,2026/2027,ejo28sdb3kcl4zgkwjbc8ncb8,e2q01r9o9jwiq1fls93d1sslx,2026-07-25Z,2027-04-24Z,Regular Season,9ydptb7ki97jxrfex1l4tvcq6,no,Stadion Letná,Stadion Letná,49.231309756,17.669309378,16,Fixture,2026-12-12,15:00:00,,,,,,,,,,,,,,,,,aj1nbeiatqrs6e47mnhjidn15,Zlín,Zlín,FC Zlín,ZLI,home,"{""id"": ""5md5tpwr2nmqao528prx43jr7"", ""name"": ""Czechia""}",c6fx1460nlkawjgh67sp7a1hd,Viktoria Plzeň,Plzeň,FC Viktoria Plzeň,PLZ,away,"{""id"": ""5md5tpwr2nmqao528prx43jr7"", ""name"": ""Czechia""}"
ezeer5emed6h0y2akftc4tic4,13,2026-12-05Z,14:00:00Z,17,2,45,1,2026-07-24T01:41:56Z,Slovan Liberec vs Zbrojovka Brno,289u5typ3vp4ifwh5thalohmq,Soccer,79plas4983031idr6vw83nuel,Men,bu1l7ckihyr0errxw61p0m05,Czech Liga,Czech First League,Chance liga,CZL,Domestic league,5md5tpwr2nmqao528prx43jr7,Czechia,ei2lksxq5fb6mh8yzxqatwnx0,2026-07-25Z,2027-05-24Z,2026/2027,ejo28sdb3kcl4zgkwjbc8ncb8,e2q01r9o9jwiq1fls93d1sslx,2026-07-25Z,2027-04-24Z,Regular Season,2979bmbkg8c2rzguycikc4izd,no,Stadion u Nisy,Stadion u Nisy,50.776201411,15.050035715,16,Fixture,2026-12-05,15:00:00,,,,,,,,,,,,,,,,,2c4rs2vp0tyjiqa7y3gfttf24,Slovan Liberec,Liberec,FC Slovan Liberec,LIB,home,"{""id"": ""5md5tpwr2nmqao528prx43jr7"", ""name"": ""Czechia""}",6k350zwynsc23f0sxw9akgc6y,Zbrojovka Brno,Zbrojovka,FC Zbrojovka Brno,BRN,away,"{""id"": ""5md5tpwr2nmqao528prx43jr7"", ""name"": ""Czechia""}"
ez2n4ravb47ua3c0zaberorv8,13,2026-12-05Z,14:00:00Z,17,2,45,1,2026-07-23T08:43:37Z,Viktoria Plzeň vs Teplice,289u5typ3vp4ifwh5thalohmq,Soccer,79plas4983031idr6vw83nuel,Men,bu1l7ckihyr0errxw61p0m05,Czech Liga,Czech First League,Chance liga,CZL,Domestic league,5md5tpwr2nmqao528prx43jr7,Czechia,ei2lksxq5fb6mh8yzxqatwnx0,2026-07-25Z,2027-05-24Z,2026/2027,ejo28sdb3kcl4zgkwjbc8ncb8,e2q01r9o9jwiq1fls93d1sslx,2026-07-25Z,2027-04-24Z,Regular Season,d601gpjtfe63bz3lcrpdc9n3l,no,Doosan Aréna,Doosan Aréna,49.750074229,13.385446072,16,Fixture,2026-12-05,15:00:00,,,,,,,,,,,,,,,,,c6fx1460nlkawjgh67sp7a1hd,Viktoria Plzeň,Plzeň,FC Viktoria Plzeň,PLZ,home,"{""id"": ""5md5tpwr2nmqao528prx43jr7"", ""name"": ""Czechia""}",41eivtin75c5fu33x3zfx956b,Teplice,Teplice,FK Teplice,TEP,away,"{""id"": ""5md5tpwr2nmqao528prx43jr7"", ""name"": ""Czechia""}"
eyqr5nxastxt7az1yvhd5wzro,13,2026-12-05Z,14:00:00Z,17,2,45,1,2026-07-25T14:19:01Z,Bohemians 1905 vs Zlín,289u5typ3vp4ifwh5thalohmq,Soccer,79plas4983031idr6vw83nuel,Men,bu1l7ckihyr0errxw61p0m05,Czech Liga,Czech First League,Chance liga,CZL,Domestic league,5md5tpwr2nmqao528prx43jr7,Czechia,ei2lksxq5fb6mh8yzxqatwnx0,2026-07-25Z,2027-05-24Z,2026/2027,ejo28sdb3kcl4zgkwjbc8ncb8,e2q01r9o9jwiq1fls93d1sslx,2026-07-25Z,2027-04-24Z,Regular Season,9cj96q0e19jjqiphv07dsff62,no,Stadion Ďolíček,Stadion Ďolíček,50.066998168,14.454191029,16,Fixture,2026-12-05,15:00:00,,,,,,,,,,,,,,,,,bqcrqg0367eqzrt4vjb5apu6g,Bohemians 1905,Bohemians,Bohemians Praha 1905,BOH,home,"{""id"": ""5md5tpwr2nmqao528prx43jr7"", ""name"": ""Czechia""}",aj1nbeiatqrs6e47mnhjidn15,Zlín,Zlín,FC Zlín,ZLI,away,"{""id"": ""5md5tpwr2nmqao528prx43jr7"", ""name"": ""Czechia""}"
eyezm11cmjds1lgjr281o5o9g,13,2026-12-05Z,14:00:00Z,17,2,45,1,2026-07-24T13:42:21Z,Baník Ostrava vs Hradec Králové,289u5typ3vp4ifwh5thalohmq,Soccer,79plas4983031idr6vw83nuel,Men,bu1l7ckihyr0errxw61p0m05,Czech Liga,Czech First League,Chance liga,CZL,Domestic league,5md5tpwr2nmqao528prx43jr7,Czechia,ei2lksxq5fb6mh8yzxqatwnx0,2026-07-25Z,2027-05-24Z,2026/2027,ejo28sdb3kcl4zgkwjbc8ncb8,e2q01r9o9jwiq1fls93d1sslx,2026-07-25Z,2027-04-24Z,Regular Season,1xwzje85tz7gwpynab7es9ieg,no,Městský stadion - Vítkovice Aréna,Městský stadion - Vítkovice Aréna,49.804348544,18.255988955,16,Fixture,2026-12-05,15:00:00,,,,,,,,,,,,,,,,,dfvvrv84skv23rsn1k6kt4slc,Baník Ostrava,Ostrava,FC Baník Ostrava,FCB,home,"{""id"": ""5md5tpwr2nmqao528prx43jr7"", ""name"": ""Czechia""}",1v75g4bk8vzrvu0jmaro6lila,Hradec Králové,Hradec Kr.,FC Hradec Králové,HKR,away,"{""id"": ""5md5tpwr2nmqao528prx43jr7"", ""name"": ""Czechia""}"
ey30mhfekaztq3mqv9gpjyhw4,13,2026-12-05Z,14:00:00Z,17,2,45,1,2026-07-24T13:29:14Z,Pardubice vs Slavia Praha,289u5typ3vp4ifwh5thalohmq,Soccer,79plas4983031idr6vw83nuel,Men,bu1l7ckihyr0errxw61p0m05,Czech Liga,Czech First League,Chance liga,CZL,Domestic league,5md5tpwr2nmqao528prx43jr7,Czechia,ei2lksxq5fb6mh8yzxqatwnx0,2026-07-25Z,2027-05-24Z,2026/2027,ejo28sdb3kcl4zgkwjbc8ncb8,e2q01r9o9jwiq1fls93d1sslx,2026-07-25Z,2027-04-24Z,Regular Season,29ligd0aeeadk5h0bv13j9yj8,no,Stadion Arnošta Košťála,Stadion Arnošta Košťála,50.041041815,15.771190566,16,Fixture,2026-12-05,15:00:00,,,,,,,,,,,,,,,,,4xbgquadoen1b303u4hi9nhg9,Pardubice,Pardubice,FK Pardubice,PCE,home,"{""id"": ""5md5tpwr2nmqao528prx43jr7"", ""name"": ""Czechia""}",8kpapuorr6hf0vosnovbreqqd,Slavia Praha,Slavia,SK Slavia Praha,SLA,away,"{""id"": ""5md5tpwr2nmqao528prx43jr7"", ""name"": ""Czechia""}"
exr7r37k8pa5f4smjw6viikgk,13,2026-12-05Z,14:00:00Z,17,2,45,1,2026-07-26T12:21:27Z,Slovácko vs Jablonec,289u5typ3vp4ifwh5thalohmq,Soccer,79plas4983031idr6vw83nuel,Men,bu1l7ckihyr0errxw61p0m05,Czech Liga,Czech First League,Chance liga,CZL,Domestic league,5md5tpwr2nmqao528prx43jr7,Czechia,ei2lksxq5fb6mh8yzxqatwnx0,2026-07-25Z,2027-05-24Z,2026/2027,ejo28sdb3kcl4zgkwjbc8ncb8,e2q01r9o9jwiq1fls93d1sslx,2026-07-25Z,2027-04-24Z,Regular Season,d0xo4iuobvbd1ov2hx3mn89hl,no,Městský fotbalový stadion Miroslava Valenty,Městský fotbalový stadion Miroslava Valenty,49.065515573,17.471448183,16,Fixture,2026-12-05,15:00:00,,,,,,,,,,,,,,,,,bp5x8iw8pstucx6s4iqht6xqf,Slovácko,Slovácko,1. FC Slovácko,FCS,home,"{""id"": ""5md5tpwr2nmqao528prx43jr7"", ""name"": ""Czechia""}",bdz8tx20ekj1ryi2e2u13jdl,Jablonec,Jablonec,FK Jablonec,FKJ,away,"{""id"": ""5md5tpwr2nmqao528prx43jr7"", ""name"": ""Czechia""}"
exf5bkrlq42lbr4ngb99p1d78,13,2026-12-05Z,14:00:00Z,17,2,45,1,2026-07-26T09:20:59Z,Sigma Olomouc vs Artis Brno,289u5typ3vp4ifwh5thalohmq,Soccer,79plas4983031idr6vw83nuel,Men,bu1l7ckihyr0errxw61p0m05,Czech Liga,Czech First League,Chance liga,CZL,Domestic league,5md5tpwr2nmqao528prx43jr7,Czechia,ei2lksxq5fb6mh8yzxqatwnx0,2026-07-25Z,2027-05-24Z,2026/2027,ejo28sdb3kcl4zgkwjbc8ncb8,e2q01r9o9jwiq1fls93d1sslx,2026-07-25Z,2027-04-24Z,Regular Season,dh99x428jggw1l8w7r39teeod,no,Andrův stadion,Andrův stadion,49.600120824,17.248245478,16,Fixture,2026-12-05,15:00:00,,,,,,,,,,,,,,,,,dchxm00ei80l8ljbcfpdill8k,Sigma Olomouc,Olomouc,SK Sigma Olomouc,OLO,home,"{""id"": ""5md5tpwr2nmqao528prx43jr7"", ""name"": ""Czechia""}",6onh4wiqdb8r50qa6oyxlbafg,Artis Brno,Artis,SK Artis Brno,ARB,away,"{""id"": ""5md5tpwr2nmqao528prx43jr7"", ""name"": ""Czechia""}"
ex3920d6je930m5e17iikuluc,13,2026-12-05Z,14:00:00Z,17,2,45,1,2026-07-25T17:26:35Z,Sparta Praha vs Mladá Boleslav,289u5typ3vp4ifwh5thalohmq,Soccer,79plas4983031idr6vw83nuel,Men,bu1l7ckihyr0errxw61p0m05,Czech Liga,Czech First League,Chance liga,CZL,Domestic league,5md5tpwr2nmqao528prx43jr7,Czechia,ei2lksxq5fb6mh8yzxqatwnx0,2026-07-25Z,2027-05-24Z,2026/2027,ejo28sdb3kcl4zgkwjbc8ncb8,e2q01r9o9jwiq1fls93d1sslx,2026-07-25Z,2027-04-24Z,Regular Season,94ni823vpqbxjv7m1k39cylmr,no,epet ARENA,epet ARENA,50.099816060,14.415827394,16,Fixture,2026-12-05,15:00:00,,,,,,,,,,,,,,,,,5ocdn3a6s75u0d0dy0rbou0xc,Sparta Praha,Sparta,AC Sparta Praha,ACS,home,"{""id"": ""5md5tpwr2nmqao528prx43jr7"", ""name"": ""Czechia""}",2qui2adwsi022vu84b8gdw4z0,Mladá Boleslav,Ml. Boleslav,FK Mladá Boleslav,MBL,away,"{""id"": ""5md5tpwr2nmqao528prx43jr7"", ""name"": ""Czechia""}"
ewrggmqqc7nb3sbzn854jmej8,13,2026-11-28Z,14:00:00Z,16,2,45,1,2026-07-26T09:20:59Z,Mladá Boleslav vs Sigma Olomouc,289u5typ3vp4ifwh5thalohmq,Soccer,79plas4983031idr6vw83nuel,Men,bu1l7ckihyr0errxw61p0m05,Czech Liga,Czech First League,Chance liga,CZL,Domestic league,5md5tpwr2nmqao528prx43jr7,Czechia,ei2lksxq5fb6mh8yzxqatwnx0,2026-07-25Z,2027-05-24Z,2026/2027,ejo28sdb3kcl4zgkwjbc8ncb8,e2q01r9o9jwiq1fls93d1sslx,2026-07-25Z,2027-04-24Z,Regular Season,dmt7kj588jheugqzw6kmgni5l,no,Lokotrans Aréna,Lokotrans Aréna,50.427180471,14.916987419,16,Fixture,2026-11-28,15:00:00,,,,,,,,,,,,,,,,,2qui2adwsi022vu84b8gdw4z0,Mladá Boleslav,Ml. Boleslav,FK Mladá Boleslav,MBL,home,"{""id"": ""5md5tpwr2nmqao528prx43jr7"", ""name"": ""Czechia""}",dchxm00ei80l8ljbcfpdill8k,Sigma Olomouc,Olomouc,SK Sigma Olomouc,OLO,away,"{""id"": ""5md5tpwr2nmqao528prx43jr7"", ""name"": ""Czechia""}"
ewfovrwfnwv9d3j01dhjimfis,13,2026-11-28Z,14:00:00Z,16,2,45,1,2026-07-26T12:21:27Z,Artis Brno vs Slovácko,289u5typ3vp4ifwh5thalohmq,Soccer,79plas4983031idr6vw83nuel,Men,bu1l7ckihyr0errxw61p0m05,Czech Liga,Czech First League,Chance liga,CZL,Domestic league,5md5tpwr2nmqao528prx43jr7,Czechia,ei2lksxq5fb6mh8yzxqatwnx0,2026-07-25Z,2027-05-24Z,2026/2027,ejo28sdb3kcl4zgkwjbc8ncb8,e2q01r9o9jwiq1fls93d1sslx,2026-07-25Z,2027-04-24Z,Regular Season,68vgjjgn8036ntz351r3c9mw0,no,ShipEx Aréna,ShipEx Aréna,49.227197061,16.586501598,16,Fixture,2026-11-28,15:00:00,,,,,,,,,,,,,,,,,6onh4wiqdb8r50qa6oyxlbafg,Artis Brno,Artis,SK Artis Brno,ARB,home,"{""id"": ""5md5tpwr2nmqao528prx43jr7"", ""name"": ""Czechia""}",bp5x8iw8pstucx6s4iqht6xqf,Slovácko,Slovácko,1. FC Slovácko,FCS,away,"{""id"": ""5md5tpwr2nmqao528prx43jr7"", ""name"": ""Czechia""}"
ew3r44i6cagsums3kmcbuj47o,13,2026-11-28Z,14:00:00Z,16,2,45,1,2026-07-24T13:29:14Z,Jablonec vs Pardubice,289u5typ3vp4ifwh5thalohmq,Soccer,79plas4983031idr6vw83nuel,Men,bu1l7ckihyr0errxw61p0m05,Czech Liga,Czech First League,Chance liga,CZL,Domestic league,5md5tpwr2nmqao528prx43jr7,Czechia,ei2lksxq5fb6mh8yzxqatwnx0,2026-07-25Z,2027-05-24Z,2026/2027,ejo28sdb3kcl4zgkwjbc8ncb8,e2q01r9o9jwiq1fls93d1sslx,2026-07-25Z,2027-04-24Z,Regular Season,477e2cn5x9m53k0djxbcmds8b,no,Stadion Střelnice,Stadion Střelnice,50.714915207,15.162243247,16,Fixture,2026-11-28,15:00:00,,,,,,,,,,,,,,,,,bdz8tx20ekj1ryi2e2u13jdl,Jablonec,Jablonec,FK Jablonec,FKJ,home,"{""id"": ""5md5tpwr2nmqao528prx43jr7"", ""name"": ""Czechia""}",4xbgquadoen1b303u4hi9nhg9,Pardubice,Pardubice,FK Pardubice,PCE,away,"{""id"": ""5md5tpwr2nmqao528prx43jr7"", ""name"": ""Czechia""}"
evrzx85c1lt0kg9doiu0k15hw,13,2026-11-28Z,14:00:00Z,16,2,45,1,2026-07-24T13:30:19Z,Slavia Praha vs Baník Ostrava,289u5typ3vp4ifwh5thalohmq,Soccer,79plas4983031idr6vw83nuel,Men,bu1l7ckihyr0errxw61p0m05,Czech Liga,Czech First League,Chance liga,CZL,Domestic league,5md5tpwr2nmqao528prx43jr7,Czechia,ei2lksxq5fb6mh8yzxqatwnx0,2026-07-25Z,2027-05-24Z,2026/2027,ejo28sdb3kcl4zgkwjbc8ncb8,e2q01r9o9jwiq1fls93d1sslx,2026-07-25Z,2027-04-24Z,Regular Season,7c48dqxoem7bdglaflo26dizy,no,Fortuna Arena,Fortuna Arena,50.067525002,14.471139908,16,Fixture,2026-11-28,15:00:00,,,,,,,,,,,,,,,,,8kpapuorr6hf0vosnovbreqqd,Slavia Praha,Slavia,SK Slavia Praha,SLA,home,"{""id"": ""5md5tpwr2nmqao528prx43jr7"", ""name"": ""Czechia""}",dfvvrv84skv23rsn1k6kt4slc,Baník Ostrava,Ostrava,FC Baník Ostrava,FCB,away,"{""id"": ""5md5tpwr2nmqao528prx43jr7"", ""name"": ""Czechia""}"
evg78cmx3bf1e7p3nt3dqlzpw,13,2026-11-28Z,14:00:00Z,16,2,45,1,2026-07-25T14:19:01Z,Hradec Králové vs Bohemians 1905,289u5typ3vp4ifwh5thalohmq,Soccer,79plas4983031idr6vw83nuel,Men,bu1l7ckihyr0errxw61p0m05,Czech Liga,Czech First League,Chance liga,CZL,Domestic league,5md5tpwr2nmqao528prx43jr7,Czechia,ei2lksxq5fb6mh8yzxqatwnx0,2026-07-25Z,2027-05-24Z,2026/2027,ejo28sdb3kcl4zgkwjbc8ncb8,e2q01r9o9jwiq1fls93d1sslx,2026-07-25Z,2027-04-24Z,Regular Season,b1by4990boxacbvh10n5jv5sk,no,FINEP Arena,FINEP Arena,50.206416871,15.845450177,16,Fixture,2026-11-28,15:00:00,,,,,,,,,,,,,,,,,1v75g4bk8vzrvu0jmaro6lila,Hradec Králové,Hradec Kr.,FC Hradec Králové,HKR,home,"{""id"": ""5md5tpwr2nmqao528prx43jr7"", ""name"": ""Czechia""}",bqcrqg0367eqzrt4vjb5apu6g,Bohemians 1905,Bohemians,Bohemians Praha 1905,BOH,away,"{""id"": ""5md5tpwr2nmqao528prx43jr7"", ""name"": ""Czechia""}"
ev4d5imul45g4fdnep7or9gd0,13,2026-11-28Z,14:00:00Z,16,2,45,1,2026-07-25T17:26:35Z,Zlín vs Sparta Praha,289u5typ3vp4ifwh5thalohmq,Soccer,79plas4983031idr6vw83nuel,Men,bu1l7ckihyr0errxw61p0m05,Czech Liga,Czech First League,Chance liga,CZL,Domestic league,5md5tpwr2nmqao528prx43jr7,Czechia,ei2lksxq5fb6mh8yzxqatwnx0,2026-07-25Z,2027-05-24Z,2026/2027,ejo28sdb3kcl4zgkwjbc8ncb8,e2q01r9o9jwiq1fls93d1sslx,2026-07-25Z,2027-04-24Z,Regular Season,9ydptb7ki97jxrfex1l4tvcq6,no,Stadion Letná,Stadion Letná,49.231309756,17.669309378,16,Fixture,2026-11-28,15:00:00,,,,,,,,,,,,,,,,,aj1nbeiatqrs6e47mnhjidn15,Zlín,Zlín,FC Zlín,ZLI,home,"{""id"": ""5md5tpwr2nmqao528prx43jr7"", ""name"": ""Czechia""}",5ocdn3a6s75u0d0dy0rbou0xc,Sparta Praha,Sparta,AC Sparta Praha,ACS,away,"{""id"": ""5md5tpwr2nmqao528prx43jr7"", ""name"": ""Czechia""}"
eusjsntwltxlkwyxl0czx2lg4,13,2026-11-28Z,14:00:00Z,16,2,45,1,2026-07-24T01:41:56Z,Teplice vs Slovan Liberec,289u5typ3vp4ifwh5thalohmq,Soccer,79plas4983031idr6vw83nuel,Men,bu1l7ckihyr0errxw61p0m05,Czech Liga,Czech First League,Chance liga,CZL,Domestic league,5md5tpwr2nmqao528prx43jr7,Czechia,ei2lksxq5fb6mh8yzxqatwnx0,2026-07-25Z,2027-05-24Z,2026/2027,ejo28sdb3kcl4zgkwjbc8ncb8,e2q01r9o9jwiq1fls93d1sslx,2026-07-25Z,2027-04-24Z,Regular Season,47vp4hvc9krq6q7ey16tt5xc1,no,AGC Aréna Na Stínadlech,AGC Aréna Na Stínadlech,50.640071736,13.817807436,16,Fixture,2026-11-28,15:00:00,,,,,,,,,,,,,,,,,41eivtin75c5fu33x3zfx956b,Teplice,Teplice,FK Teplice,TEP,home,"{""id"": ""5md5tpwr2nmqao528prx43jr7"", ""name"": ""Czechia""}",2c4rs2vp0tyjiqa7y3gfttf24,Slovan Liberec,Liberec,FC Slovan Liberec,LIB,away,"{""id"": ""5md5tpwr2nmqao528prx43jr7"", ""name"": ""Czechia""}"
eugu4hihbuzbdokc8r9zcdc0k,13,2026-11-28Z,14:00:00Z,16,2,45,1,2026-07-23T07:28:18Z,Zbrojovka Brno vs Viktoria Plzeň,289u5typ3vp4ifwh5thalohmq,Soccer,79plas4983031idr6vw83nuel,Men,bu1l7ckihyr0errxw61p0m05,Czech Liga,Czech First League,Chance liga,CZL,Domestic league,5md5tpwr2nmqao528prx43jr7,Czechia,ei2lksxq5fb6mh8yzxqatwnx0,2026-07-25Z,2027-05-24Z,2026/2027,ejo28sdb3kcl4zgkwjbc8ncb8,e2q01r9o9jwiq1fls93d1sslx,2026-07-25Z,2027-04-24Z,Regular Season,68vgjjgn8036ntz351r3c9mw0,no,ShipEx Aréna,ShipEx Aréna,49.227197061,16.586501598,16,Fixture,2026-11-28,15:00:00,,,,,,,,,,,,,,,,,6k350zwynsc23f0sxw9akgc6y,Zbrojovka Brno,Zbrojovka,FC Zbrojovka Brno,BRN,home,"{""id"": ""5md5tpwr2nmqao528prx43jr7"", ""name"": ""Czechia""}",c6fx1460nlkawjgh67sp7a1hd,Viktoria Plzeň,Plzeň,FC Viktoria Plzeň,PLZ,away,"{""id"": ""5md5tpwr2nmqao528prx43jr7"", ""name"": ""Czechia""}"
eu4xboq902cp4sh8umidx4b2s,13,2026-11-21Z,14:00:00Z,15,2,45,1,2026-07-24T13:29:12Z,Pardubice vs Zbrojovka Brno,289u5typ3vp4ifwh5thalohmq,Soccer,79plas4983031idr6vw83nuel,Men,bu1l7ckihyr0errxw61p0m05,Czech Liga,Czech First League,Chance liga,CZL,Domestic league,5md5tpwr2nmqao528prx43jr7,Czechia,ei2lksxq5fb6mh8yzxqatwnx0,2026-07-25Z,2027-05-24Z,2026/2027,ejo28sdb3kcl4zgkwjbc8ncb8,e2q01r9o9jwiq1fls93d1sslx,2026-07-25Z,2027-04-24Z,Regular Season,29ligd0aeeadk5h0bv13j9yj8,no,Stadion Arnošta Košťála,Stadion Arnošta Košťála,50.041041815,15.771190566,16,Fixture,2026-11-21,15:00:00,,,,,,,,,,,,,,,,,4xbgquadoen1b303u4hi9nhg9,Pardubice,Pardubice,FK Pardubice,PCE,home,"{""id"": ""5md5tpwr2nmqao528prx43jr7"", ""name"": ""Czechia""}",6k350zwynsc23f0sxw9akgc6y,Zbrojovka Brno,Zbrojovka,FC Zbrojovka Brno,BRN,away,"{""id"": ""5md5tpwr2nmqao528prx43jr7"", ""name"": ""Czechia""}"
ett7b5jbk03j63nlk3u70neok,13,2026-11-21Z,14:00:00Z,15,2,45,1,2026-07-24T13:42:21Z,Baník Ostrava vs Teplice,289u5typ3vp4ifwh5thalohmq,Soccer,79plas4983031idr6vw83nuel,Men,bu1l7ckihyr0errxw61p0m05,Czech Liga,Czech First League,Chance liga,CZL,Domestic league,5md5tpwr2nmqao528prx43jr7,Czechia,ei2lksxq5fb6mh8yzxqatwnx0,2026-07-25Z,2027-05-24Z,2026/2027,ejo28sdb3kcl4zgkwjbc8ncb8,e2q01r9o9jwiq1fls93d1sslx,2026-07-25Z,2027-04-24Z,Regular Season,1xwzje85tz7gwpynab7es9ieg,no,Městský stadion - Vítkovice Aréna,Městský stadion - Vítkovice Aréna,49.804348544,18.255988955,16,Fixture,2026-11-21,15:00:00,,,,,,,,,,,,,,,,,dfvvrv84skv23rsn1k6kt4slc,Baník Ostrava,Ostrava,FC Baník Ostrava,FCB,home,"{""id"": ""5md5tpwr2nmqao528prx43jr7"", ""name"": ""Czechia""}",41eivtin75c5fu33x3zfx956b,Teplice,Teplice,FK Teplice,TEP,away,"{""id"": ""5md5tpwr2nmqao528prx43jr7"", ""name"": ""Czechia""}"
ethbdcvye7vqefly1l8ukttec,13,2026-11-21Z,14:00:00Z,15,2,45,1,2026-07-25T10:06:07Z,Mladá Boleslav vs Zlín,289u5typ3vp4ifwh5thalohmq,Soccer,79plas4983031idr6vw83nuel,Men,bu1l7ckihyr0errxw61p0m05,Czech Liga,Czech First League,Chance liga,CZL,Domestic league,5md5tpwr2nmqao528prx43jr7,Czechia,ei2lksxq5fb6mh8yzxqatwnx0,2026-07-25Z,2027-05-24Z,2026/2027,ejo28sdb3kcl4zgkwjbc8ncb8,e2q01r9o9jwiq1fls93d1sslx,2026-07-25Z,2027-04-24Z,Regular Season,dmt7kj588jheugqzw6kmgni5l,no,Lokotrans Aréna,Lokotrans Aréna,50.427180471,14.916987419,16,Fixture,2026-11-21,15:00:00,,,,,,,,,,,,,,,,,2qui2adwsi022vu84b8gdw4z0,Mladá Boleslav,Ml. Boleslav,FK Mladá Boleslav,MBL,home,"{""id"": ""5md5tpwr2nmqao528prx43jr7"", ""name"": ""Czechia""}",aj1nbeiatqrs6e47mnhjidn15,Zlín,Zlín,FC Zlín,ZLI,away,"{""id"": ""5md5tpwr2nmqao528prx43jr7"", ""name"": ""Czechia""}"
et5hlmiyec2r7d6ddp60poh78,13,2026-11-21Z,14:00:00Z,15,2,45,1,2026-07-26T12:21:27Z,Slovácko vs Hradec Králové,289u5typ3vp4ifwh5thalohmq,Soccer,79plas4983031idr6vw83nuel,Men,bu1l7ckihyr0errxw61p0m05,Czech Liga,Czech First League,Chance liga,CZL,Domestic league,5md5tpwr2nmqao528prx43jr7,Czechia,ei2lksxq5fb6mh8yzxqatwnx0,2026-07-25Z,2027-05-24Z,2026/2027,ejo28sdb3kcl4zgkwjbc8ncb8,e2q01r9o9jwiq1fls93d1sslx,2026-07-25Z,2027-04-24Z,Regular Season,d0xo4iuobvbd1ov2hx3mn89hl,no,Městský fotbalový stadion Miroslava Valenty,Městský fotbalový stadion Miroslava Valenty,49.065515573,17.471448183,16,Fixture,2026-11-21,15:00:00,,,,,,,,,,,,,,,,,bp5x8iw8pstucx6s4iqht6xqf,Slovácko,Slovácko,1. FC Slovácko,FCS,home,"{""id"": ""5md5tpwr2nmqao528prx43jr7"", ""name"": ""Czechia""}",1v75g4bk8vzrvu0jmaro6lila,Hradec Králové,Hradec Kr.,FC Hradec Králové,HKR,away,"{""id"": ""5md5tpwr2nmqao528prx43jr7"", ""name"": ""Czechia""}"
estst53fdvhihzhapxstiqihg,13,2026-11-21Z,14:00:00Z,15,2,45,1,2026-07-26T09:20:59Z,Sigma Olomouc vs Slavia Praha,289u5typ3vp4ifwh5thalohmq,Soccer,79plas4983031idr6vw83nuel,Men,bu1l7ckihyr0errxw61p0m05,Czech Liga,Czech First League,Chance liga,CZL,Domestic league,5md5tpwr2nmqao528prx43jr7,Czechia,ei2lksxq5fb6mh8yzxqatwnx0,2026-07-25Z,2027-05-24Z,2026/2027,ejo28sdb3kcl4zgkwjbc8ncb8,e2q01r9o9jwiq1fls93d1sslx,2026-07-25Z,2027-04-24Z,Regular Season,dh99x428jggw1l8w7r39teeod,no,Andrův stadion,Andrův stadion,49.600120824,17.248245478,16,Fixture,2026-11-21,15:00:00,,,,,,,,,,,,,,,,,dchxm00ei80l8ljbcfpdill8k,Sigma Olomouc,Olomouc,SK Sigma Olomouc,OLO,home,"{""id"": ""5md5tpwr2nmqao528prx43jr7"", ""name"": ""Czechia""}",8kpapuorr6hf0vosnovbreqqd,Slavia Praha,Slavia,SK Slavia Praha,SLA,away,"{""id"": ""5md5tpwr2nmqao528prx43jr7"", ""name"": ""Czechia""}"
eshz1676bjk6lvfrkn4cheln8,13,2026-11-21Z,14:00:00Z,15,2,45,1,2026-07-24T12:48:31Z,Artis Brno vs Jablonec,289u5typ3vp4ifwh5thalohmq,Soccer,79plas4983031idr6vw83nuel,Men,bu1l7ckihyr0errxw61p0m05,Czech Liga,Czech First League,Chance liga,CZL,Domestic league,5md5tpwr2nmqao528prx43jr7,Czechia,ei2lksxq5fb6mh8yzxqatwnx0,2026-07-25Z,2027-05-24Z,2026/2027,ejo28sdb3kcl4zgkwjbc8ncb8,e2q01r9o9jwiq1fls93d1sslx,2026-07-25Z,2027-04-24Z,Regular Season,68vgjjgn8036ntz351r3c9mw0,no,ShipEx Aréna,ShipEx Aréna,49.227197061,16.586501598,16,Fixture,2026-11-21,15:00:00,,,,,,,,,,,,,,,,,6onh4wiqdb8r50qa6oyxlbafg,Artis Brno,Artis,SK Artis Brno,ARB,home,"{""id"": ""5md5tpwr2nmqao528prx43jr7"", ""name"": ""Czechia""}",bdz8tx20ekj1ryi2e2u13jdl,Jablonec,Jablonec,FK Jablonec,FKJ,away,"{""id"": ""5md5tpwr2nmqao528prx43jr7"", ""name"": ""Czechia""}"
es64hwb6qzic38gxouugqozys,13,2026-11-21Z,14:00:00Z,15,2,45,1,2026-07-25T17:26:35Z,Sparta Praha vs Slovan Liberec,289u5typ3vp4ifwh5thalohmq,Soccer,79plas4983031idr6vw83nuel,Men,bu1l7ckihyr0errxw61p0m05,Czech Liga,Czech First League,Chance liga,CZL,Domestic league,5md5tpwr2nmqao528prx43jr7,Czechia,ei2lksxq5fb6mh8yzxqatwnx0,2026-07-25Z,2027-05-24Z,2026/2027,ejo28sdb3kcl4zgkwjbc8ncb8,e2q01r9o9jwiq1fls93d1sslx,2026-07-25Z,2027-04-24Z,Regular Season,94ni823vpqbxjv7m1k39cylmr,no,epet ARENA,epet ARENA,50.099816060,14.415827394,16,Fixture,2026-11-21,15:00:00,,,,,,,,,,,,,,,,,5ocdn3a6s75u0d0dy0rbou0xc,Sparta Praha,Sparta,AC Sparta Praha,ACS,home,"{""id"": ""5md5tpwr2nmqao528prx43jr7"", ""name"": ""Czechia""}",2c4rs2vp0tyjiqa7y3gfttf24,Slovan Liberec,Liberec,FC Slovan Liberec,LIB,away,"{""id"": ""5md5tpwr2nmqao528prx43jr7"", ""name"": ""Czechia""}"
erue1st66tptgcycr9ekexr84,13,2026-11-21Z,14:00:00Z,15,2,45,1,2026-07-25T14:19:01Z,Bohemians 1905 vs Viktoria Plzeň,289u5typ3vp4ifwh5thalohmq,Soccer,79plas4983031idr6vw83nuel,Men,bu1l7ckihyr0errxw61p0m05,Czech Liga,Czech First League,Chance liga,CZL,Domestic league,5md5tpwr2nmqao528prx43jr7,Czechia,ei2lksxq5fb6mh8yzxqatwnx0,2026-07-25Z,2027-05-24Z,2026/2027,ejo28sdb3kcl4zgkwjbc8ncb8,e2q01r9o9jwiq1fls93d1sslx,2026-07-25Z,2027-04-24Z,Regular Season,9cj96q0e19jjqiphv07dsff62,no,Stadion Ďolíček,Stadion Ďolíček,50.066998168,14.454191029,16,Fixture,2026-11-21,15:00:00,,,,,,,,,,,,,,,,,bqcrqg0367eqzrt4vjb5apu6g,Bohemians 1905,Bohemians,Bohemians Praha 1905,BOH,home,"{""id"": ""5md5tpwr2nmqao528prx43jr7"", ""name"": ""Czechia""}",c6fx1460nlkawjgh67sp7a1hd,Viktoria Plzeň,Plzeň,FC Viktoria Plzeň,PLZ,away,"{""id"": ""5md5tpwr2nmqao528prx43jr7"", ""name"": ""Czechia""}"
erihsdygp3kqli0rjvcok62hg,13,2026-11-07Z,14:00:00Z,14,2,45,1,2026-07-24T12:48:31Z,Slavia Praha vs Artis Brno,289u5typ3vp4ifwh5thalohmq,Soccer,79plas4983031idr6vw83nuel,Men,bu1l7ckihyr0errxw61p0m05,Czech Liga,Czech First League,Chance liga,CZL,Domestic league,5md5tpwr2nmqao528prx43jr7,Czechia,ei2lksxq5fb6mh8yzxqatwnx0,2026-07-25Z,2027-05-24Z,2026/2027,ejo28sdb3kcl4zgkwjbc8ncb8,e2q01r9o9jwiq1fls93d1sslx,2026-07-25Z,2027-04-24Z,Regular Season,7c48dqxoem7bdglaflo26dizy,no,Fortuna Arena,Fortuna Arena,50.067525002,14.471139908,16,Fixture,2026-11-07,15:00:00,,,,,,,,,,,,,,,,,8kpapuorr6hf0vosnovbreqqd,Slavia Praha,Slavia,SK Slavia Praha,SLA,home,"{""id"": ""5md5tpwr2nmqao528prx43jr7"", ""name"": ""Czechia""}",6onh4wiqdb8r50qa6oyxlbafg,Artis Brno,Artis,SK Artis Brno,ARB,away,"{""id"": ""5md5tpwr2nmqao528prx43jr7"", ""name"": ""Czechia""}"
er6plv1ceo599q2fcqy2fohlg,13,2026-11-07Z,14:00:00Z,14,2,45,1,2026-07-25T10:06:07Z,Jablonec vs Mladá Boleslav,289u5typ3vp4ifwh5thalohmq,Soccer,79plas4983031idr6vw83nuel,Men,bu1l7ckihyr0errxw61p0m05,Czech Liga,Czech First League,Chance liga,CZL,Domestic league,5md5tpwr2nmqao528prx43jr7,Czechia,ei2lksxq5fb6mh8yzxqatwnx0,2026-07-25Z,2027-05-24Z,2026/2027,ejo28sdb3kcl4zgkwjbc8ncb8,e2q01r9o9jwiq1fls93d1sslx,2026-07-25Z,2027-04-24Z,Regular Season,477e2cn5x9m53k0djxbcmds8b,no,Stadion Střelnice,Stadion Střelnice,50.714915207,15.162243247,16,Fixture,2026-11-07,15:00:00,,,,,,,,,,,,,,,,,bdz8tx20ekj1ryi2e2u13jdl,Jablonec,Jablonec,FK Jablonec,FKJ,home,"{""id"": ""5md5tpwr2nmqao528prx43jr7"", ""name"": ""Czechia""}",2qui2adwsi022vu84b8gdw4z0,Mladá Boleslav,Ml. Boleslav,FK Mladá Boleslav,MBL,away,"{""id"": ""5md5tpwr2nmqao528prx43jr7"", ""name"": ""Czechia""}"
equom9x8b40n1rioatqri8tn8,13,2026-11-07Z,14:00:00Z,14,2,45,1,2026-07-26T09:20:59Z,Hradec Králové vs Sigma Olomouc,289u5typ3vp4ifwh5thalohmq,Soccer,79plas4983031idr6vw83nuel,Men,bu1l7ckihyr0errxw61p0m05,Czech Liga,Czech First League,Chance liga,CZL,Domestic league,5md5tpwr2nmqao528prx43jr7,Czechia,ei2lksxq5fb6mh8yzxqatwnx0,2026-07-25Z,2027-05-24Z,2026/2027,ejo28sdb3kcl4zgkwjbc8ncb8,e2q01r9o9jwiq1fls93d1sslx,2026-07-25Z,2027-04-24Z,Regular Season,b1by4990boxacbvh10n5jv5sk,no,FINEP Arena,FINEP Arena,50.206416871,15.845450177,16,Fixture,2026-11-07,15:00:00,,,,,,,,,,,,,,,,,1v75g4bk8vzrvu0jmaro6lila,Hradec Králové,Hradec Kr.,FC Hradec Králové,HKR,home,"{""id"": ""5md5tpwr2nmqao528prx43jr7"", ""name"": ""Czechia""}",dchxm00ei80l8ljbcfpdill8k,Sigma Olomouc,Olomouc,SK Sigma Olomouc,OLO,away,"{""id"": ""5md5tpwr2nmqao528prx43jr7"", ""name"": ""Czechia""}"
eqixddnsii4zekxnsabi3cvmc,13,2026-11-07Z,14:00:00Z,14,2,45,1,2026-07-26T12:21:27Z,Zlín vs Slovácko,289u5typ3vp4ifwh5thalohmq,Soccer,79plas4983031idr6vw83nuel,Men,bu1l7ckihyr0errxw61p0m05,Czech Liga,Czech First League,Chance liga,CZL,Domestic league,5md5tpwr2nmqao528prx43jr7,Czechia,ei2lksxq5fb6mh8yzxqatwnx0,2026-07-25Z,2027-05-24Z,2026/2027,ejo28sdb3kcl4zgkwjbc8ncb8,e2q01r9o9jwiq1fls93d1sslx,2026-07-25Z,2027-04-24Z,Regular Season,9ydptb7ki97jxrfex1l4tvcq6,no,Stadion Letná,Stadion Letná,49.231309756,17.669309378,16,Fixture,2026-11-07,15:00:00,,,,,,,,,,,,,,,,,aj1nbeiatqrs6e47mnhjidn15,Zlín,Zlín,FC Zlín,ZLI,home,"{""id"": ""5md5tpwr2nmqao528prx43jr7"", ""name"": ""Czechia""}",bp5x8iw8pstucx6s4iqht6xqf,Slovácko,Slovácko,1. FC Slovácko,FCS,away,"{""id"": ""5md5tpwr2nmqao528prx43jr7"", ""name"": ""Czechia""}"
eq74pm9gkx49i1xs8kszs70gk,13,2026-11-07Z,14:00:00Z,14,2,45,1,2026-07-24T13:29:12Z,Teplice vs Pardubice,289u5typ3vp4ifwh5thalohmq,Soccer,79plas4983031idr6vw83nuel,Men,bu1l7ckihyr0errxw61p0m05,Czech Liga,Czech First League,Chance liga,CZL,Domestic league,5md5tpwr2nmqao528prx43jr7,Czechia,ei2lksxq5fb6mh8yzxqatwnx0,2026-07-25Z,2027-05-24Z,2026/2027,ejo28sdb3kcl4zgkwjbc8ncb8,e2q01r9o9jwiq1fls93d1sslx,2026-07-25Z,2027-04-24Z,Regular Season,47vp4hvc9krq6q7ey16tt5xc1,no,AGC Aréna Na Stínadlech,AGC Aréna Na Stínadlech,50.640071736,13.817807436,16,Fixture,2026-11-07,15:00:00,,,,,,,,,,,,,,,,,41eivtin75c5fu33x3zfx956b,Teplice,Teplice,FK Teplice,TEP,home,"{""id"": ""5md5tpwr2nmqao528prx43jr7"", ""name"": ""Czechia""}",4xbgquadoen1b303u4hi9nhg9,Pardubice,Pardubice,FK Pardubice,PCE,away,"{""id"": ""5md5tpwr2nmqao528prx43jr7"", ""name"": ""Czechia""}"
epuz9zblh8yrmeio6jiutagb8,13,2026-11-07Z,14:00:00Z,14,2,45,1,2026-07-24T13:42:21Z,Zbrojovka Brno vs Baník Ostrava,289u5typ3vp4ifwh5thalohmq,Soccer,79plas4983031idr6vw83nuel,Men,bu1l7ckihyr0errxw61p0m05,Czech Liga,Czech First League,Chance liga,CZL,Domestic league,5md5tpwr2nmqao528prx43jr7,Czechia,ei2lksxq5fb6mh8yzxqatwnx0,2026-07-25Z,2027-05-24Z,2026/2027,ejo28sdb3kcl4zgkwjbc8ncb8,e2q01r9o9jwiq1fls93d1sslx,2026-07-25Z,2027-04-24Z,Regular Season,68vgjjgn8036ntz351r3c9mw0,no,ShipEx Aréna,ShipEx Aréna,49.227197061,16.586501598,16,Fixture,2026-11-07,15:00:00,,,,,,,,,,,,,,,,,6k350zwynsc23f0sxw9akgc6y,Zbrojovka Brno,Zbrojovka,FC Zbrojovka Brno,BRN,home,"{""id"": ""5md5tpwr2nmqao528prx43jr7"", ""name"": ""Czechia""}",dfvvrv84skv23rsn1k6kt4slc,Baník Ostrava,Ostrava,FC Baník Ostrava,FCB,away,"{""id"": ""5md5tpwr2nmqao528prx43jr7"", ""name"": ""Czechia""}"
epj73368j85c7t2hxn33df310,13,2026-11-07Z,14:00:00Z,14,2,45,1,2026-07-25T14:19:01Z,Slovan Liberec vs Bohemians 1905,289u5typ3vp4ifwh5thalohmq,Soccer,79plas4983031idr6vw83nuel,Men,bu1l7ckihyr0errxw61p0m05,Czech Liga,Czech First League,Chance liga,CZL,Domestic league,5md5tpwr2nmqao528prx43jr7,Czechia,ei2lksxq5fb6mh8yzxqatwnx0,2026-07-25Z,2027-05-24Z,2026/2027,ejo28sdb3kcl4zgkwjbc8ncb8,e2q01r9o9jwiq1fls93d1sslx,2026-07-25Z,2027-04-24Z,Regular Season,2979bmbkg8c2rzguycikc4izd,no,Stadion u Nisy,Stadion u Nisy,50.776201411,15.050035715,16,Fixture,2026-11-07,15:00:00,,,,,,,,,,,,,,,,,2c4rs2vp0tyjiqa7y3gfttf24,Slovan Liberec,Liberec,FC Slovan Liberec,LIB,home,"{""id"": ""5md5tpwr2nmqao528prx43jr7"", ""name"": ""Czechia""}",bqcrqg0367eqzrt4vjb5apu6g,Bohemians 1905,Bohemians,Bohemians Praha 1905,BOH,away,"{""id"": ""5md5tpwr2nmqao528prx43jr7"", ""name"": ""Czechia""}"
ep7axbr7hlgw2mxgkp3bk9fdg,13,2026-11-07Z,14:00:00Z,14,2,45,1,2026-07-25T17:26:35Z,Viktoria Plzeň vs Sparta Praha,289u5typ3vp4ifwh5thalohmq,Soccer,79plas4983031idr6vw83nuel,Men,bu1l7ckihyr0errxw61p0m05,Czech Liga,Czech First League,Chance liga,CZL,Domestic league,5md5tpwr2nmqao528prx43jr7,Czechia,ei2lksxq5fb6mh8yzxqatwnx0,2026-07-25Z,2027-05-24Z,2026/2027,ejo28sdb3kcl4zgkwjbc8ncb8,e2q01r9o9jwiq1fls93d1sslx,2026-07-25Z,2027-04-24Z,Regular Season,d601gpjtfe63bz3lcrpdc9n3l,no,Doosan Aréna,Doosan Aréna,49.750074229,13.385446072,16,Fixture,2026-11-07,15:00:00,,,,,,,,,,,,,,,,,c6fx1460nlkawjgh67sp7a1hd,Viktoria Plzeň,Plzeň,FC Viktoria Plzeň,PLZ,home,"{""id"": ""5md5tpwr2nmqao528prx43jr7"", ""name"": ""Czechia""}",5ocdn3a6s75u0d0dy0rbou0xc,Sparta Praha,Sparta,AC Sparta Praha,ACS,away,"{""id"": ""5md5tpwr2nmqao528prx43jr7"", ""name"": ""Czechia""}"
eovfncunntej7yoknfx5vsglw,13,2026-10-31Z,14:00:00Z,13,2,45,1,2026-07-24T13:30:19Z,Jablonec vs Slavia Praha,289u5typ3vp4ifwh5thalohmq,Soccer,79plas4983031idr6vw83nuel,Men,bu1l7ckihyr0errxw61p0m05,Czech Liga,Czech First League,Chance liga,CZL,Domestic league,5md5tpwr2nmqao528prx43jr7,Czechia,ei2lksxq5fb6mh8yzxqatwnx0,2026-07-25Z,2027-05-24Z,2026/2027,ejo28sdb3kcl4zgkwjbc8ncb8,e2q01r9o9jwiq1fls93d1sslx,2026-07-25Z,2027-04-24Z,Regular Season,477e2cn5x9m53k0djxbcmds8b,no,Stadion Střelnice,Stadion Střelnice,50.714915207,15.162243247,16,Fixture,2026-10-31,15:00:00,,,,,,,,,,,,,,,,,bdz8tx20ekj1ryi2e2u13jdl,Jablonec,Jablonec,FK Jablonec,FKJ,home,"{""id"": ""5md5tpwr2nmqao528prx43jr7"", ""name"": ""Czechia""}",8kpapuorr6hf0vosnovbreqqd,Slavia Praha,Slavia,SK Slavia Praha,SLA,away,"{""id"": ""5md5tpwr2nmqao528prx43jr7"", ""name"": ""Czechia""}"
eojhyr4l28yenbmfhy79rqtck,13,2026-10-31Z,14:00:00Z,13,2,45,1,2026-07-24T12:48:31Z,Artis Brno vs Zlín,289u5typ3vp4ifwh5thalohmq,Soccer,79plas4983031idr6vw83nuel,Men,bu1l7ckihyr0errxw61p0m05,Czech Liga,Czech First League,Chance liga,CZL,Domestic league,5md5tpwr2nmqao528prx43jr7,Czechia,ei2lksxq5fb6mh8yzxqatwnx0,2026-07-25Z,2027-05-24Z,2026/2027,ejo28sdb3kcl4zgkwjbc8ncb8,e2q01r9o9jwiq1fls93d1sslx,2026-07-25Z,2027-04-24Z,Regular Season,68vgjjgn8036ntz351r3c9mw0,no,ShipEx Aréna,ShipEx Aréna,49.227197061,16.586501598,16,Fixture,2026-10-31,15:00:00,,,,,,,,,,,,,,,,,6onh4wiqdb8r50qa6oyxlbafg,Artis Brno,Artis,SK Artis Brno,ARB,home,"{""id"": ""5md5tpwr2nmqao528prx43jr7"", ""name"": ""Czechia""}",aj1nbeiatqrs6e47mnhjidn15,Zlín,Zlín,FC Zlín,ZLI,away,"{""id"": ""5md5tpwr2nmqao528prx43jr7"", ""name"": ""Czechia""}"
eo7ils0thy49x1lbbq30rwges,13,2026-10-31Z,14:00:00Z,13,2,45,1,2026-07-25T10:06:07Z,Mladá Boleslav vs Hradec Králové,289u5typ3vp4ifwh5thalohmq,Soccer,79plas4983031idr6vw83nuel,Men,bu1l7ckihyr0errxw61p0m05,Czech Liga,Czech First League,Chance liga,CZL,Domestic league,5md5tpwr2nmqao528prx43jr7,Czechia,ei2lksxq5fb6mh8yzxqatwnx0,2026-07-25Z,2027-05-24Z,2026/2027,ejo28sdb3kcl4zgkwjbc8ncb8,e2q01r9o9jwiq1fls93d1sslx,2026-07-25Z,2027-04-24Z,Regular Season,dmt7kj588jheugqzw6kmgni5l,no,Lokotrans Aréna,Lokotrans Aréna,50.427180471,14.916987419,16,Fixture,2026-10-31,15:00:00,,,,,,,,,,,,,,,,,2qui2adwsi022vu84b8gdw4z0,Mladá Boleslav,Ml. Boleslav,FK Mladá Boleslav,MBL,home,"{""id"": ""5md5tpwr2nmqao528prx43jr7"", ""name"": ""Czechia""}",1v75g4bk8vzrvu0jmaro6lila,Hradec Králové,Hradec Kr.,FC Hradec Králové,HKR,away,"{""id"": ""5md5tpwr2nmqao528prx43jr7"", ""name"": ""Czechia""}"
envcy0c7rima6cy8vvkwm4tuc,13,2026-10-31Z,14:00:00Z,13,2,45,1,2026-07-26T09:20:59Z,Sigma Olomouc vs Zbrojovka Brno,289u5typ3vp4ifwh5thalohmq,Soccer,79plas4983031idr6vw83nuel,Men,bu1l7ckihyr0errxw61p0m05,Czech Liga,Czech First League,Chance liga,CZL,Domestic league,5md5tpwr2nmqao528prx43jr7,Czechia,ei2lksxq5fb6mh8yzxqatwnx0,2026-07-25Z,2027-05-24Z,2026/2027,ejo28sdb3kcl4zgkwjbc8ncb8,e2q01r9o9jwiq1fls93d1sslx,2026-07-25Z,2027-04-24Z,Regular Season,dh99x428jggw1l8w7r39teeod,no,Andrův stadion,Andrův stadion,49.600120824,17.248245478,16,Fixture,2026-10-31,15:00:00,,,,,,,,,,,,,,,,,dchxm00ei80l8ljbcfpdill8k,Sigma Olomouc,Olomouc,SK Sigma Olomouc,OLO,home,"{""id"": ""5md5tpwr2nmqao528prx43jr7"", ""name"": ""Czechia""}",6k350zwynsc23f0sxw9akgc6y,Zbrojovka Brno,Zbrojovka,FC Zbrojovka Brno,BRN,away,"{""id"": ""5md5tpwr2nmqao528prx43jr7"", ""name"": ""Czechia""}"
enji1wpwexmk0svw8ukwhcems,13,2026-10-31Z,14:00:00Z,13,2,45,1,2026-07-26T12:21:27Z,Slovácko vs Teplice,289u5typ3vp4ifwh5thalohmq,Soccer,79plas4983031idr6vw83nuel,Men,bu1l7ckihyr0errxw61p0m05,Czech Liga,Czech First League,Chance liga,CZL,Domestic league,5md5tpwr2nmqao528prx43jr7,Czechia,ei2lksxq5fb6mh8yzxqatwnx0,2026-07-25Z,2027-05-24Z,2026/2027,ejo28sdb3kcl4zgkwjbc8ncb8,e2q01r9o9jwiq1fls93d1sslx,2026-07-25Z,2027-04-24Z,Regular Season,d0xo4iuobvbd1ov2hx3mn89hl,no,Městský fotbalový stadion Miroslava Valenty,Městský fotbalový stadion Miroslava Valenty,49.065515573,17.471448183,16,Fixture,2026-10-31,15:00:00,,,,,,,,,,,,,,,,,bp5x8iw8pstucx6s4iqht6xqf,Slovácko,Slovácko,1. FC Slovácko,FCS,home,"{""id"": ""5md5tpwr2nmqao528prx43jr7"", ""name"": ""Czechia""}",41eivtin75c5fu33x3zfx956b,Teplice,Teplice,FK Teplice,TEP,away,"{""id"": ""5md5tpwr2nmqao528prx43jr7"", ""name"": ""Czechia""}"
en7m9c9fsx9xldc7oxcedncwk,13,2026-10-31Z,14:00:00Z,13,2,45,1,2026-07-24T13:29:11Z,Pardubice vs Slovan Liberec,289u5typ3vp4ifwh5thalohmq,Soccer,79plas4983031idr6vw83nuel,Men,bu1l7ckihyr0errxw61p0m05,Czech Liga,Czech First League,Chance liga,CZL,Domestic league,5md5tpwr2nmqao528prx43jr7,Czechia,ei2lksxq5fb6mh8yzxqatwnx0,2026-07-25Z,2027-05-24Z,2026/2027,ejo28sdb3kcl4zgkwjbc8ncb8,e2q01r9o9jwiq1fls93d1sslx,2026-07-25Z,2027-04-24Z,Regular Season,29ligd0aeeadk5h0bv13j9yj8,no,Stadion Arnošta Košťála,Stadion Arnošta Košťála,50.041041815,15.771190566,16,Fixture,2026-10-31,15:00:00,,,,,,,,,,,,,,,,,4xbgquadoen1b303u4hi9nhg9,Pardubice,Pardubice,FK Pardubice,PCE,home,"{""id"": ""5md5tpwr2nmqao528prx43jr7"", ""name"": ""Czechia""}",2c4rs2vp0tyjiqa7y3gfttf24,Slovan Liberec,Liberec,FC Slovan Liberec,LIB,away,"{""id"": ""5md5tpwr2nmqao528prx43jr7"", ""name"": ""Czechia""}"
emvkfck9qfn35fbd4qjaoanmc,13,2026-10-31Z,14:00:00Z,13,2,45,1,2026-07-24T13:42:21Z,Baník Ostrava vs Viktoria Plzeň,289u5typ3vp4ifwh5thalohmq,Soccer,79plas4983031idr6vw83nuel,Men,bu1l7ckihyr0errxw61p0m05,Czech Liga,Czech First League,Chance liga,CZL,Domestic league,5md5tpwr2nmqao528prx43jr7,Czechia,ei2lksxq5fb6mh8yzxqatwnx0,2026-07-25Z,2027-05-24Z,2026/2027,ejo28sdb3kcl4zgkwjbc8ncb8,e2q01r9o9jwiq1fls93d1sslx,2026-07-25Z,2027-04-24Z,Regular Season,1xwzje85tz7gwpynab7es9ieg,no,Městský stadion - Vítkovice Aréna,Městský stadion - Vítkovice Aréna,49.804348544,18.255988955,16,Fixture,2026-10-31,15:00:00,,,,,,,,,,,,,,,,,dfvvrv84skv23rsn1k6kt4slc,Baník Ostrava,Ostrava,FC Baník Ostrava,FCB,home,"{""id"": ""5md5tpwr2nmqao528prx43jr7"", ""name"": ""Czechia""}",c6fx1460nlkawjgh67sp7a1hd,Viktoria Plzeň,Plzeň,FC Viktoria Plzeň,PLZ,away,"{""id"": ""5md5tpwr2nmqao528prx43jr7"", ""name"": ""Czechia""}"
emjm58y4sm12zurw36y9kcd90,13,2026-10-31Z,14:00:00Z,13,2,45,1,2026-07-25T17:26:35Z,Bohemians 1905 vs Sparta Praha,289u5typ3vp4ifwh5thalohmq,Soccer,79plas4983031idr6vw83nuel,Men,bu1l7ckihyr0errxw61p0m05,Czech Liga,Czech First League,Chance liga,CZL,Domestic league,5md5tpwr2nmqao528prx43jr7,Czechia,ei2lksxq5fb6mh8yzxqatwnx0,2026-07-25Z,2027-05-24Z,2026/2027,ejo28sdb3kcl4zgkwjbc8ncb8,e2q01r9o9jwiq1fls93d1sslx,2026-07-25Z,2027-04-24Z,Regular Season,9cj96q0e19jjqiphv07dsff62,no,Stadion Ďolíček,Stadion Ďolíček,50.066998168,14.454191029,16,Fixture,2026-10-31,15:00:00,,,,,,,,,,,,,,,,,bqcrqg0367eqzrt4vjb5apu6g,Bohemians 1905,Bohemians,Bohemians Praha 1905,BOH,home,"{""id"": ""5md5tpwr2nmqao528prx43jr7"", ""name"": ""Czechia""}",5ocdn3a6s75u0d0dy0rbou0xc,Sparta Praha,Sparta,AC Sparta Praha,ACS,away,"{""id"": ""5md5tpwr2nmqao528prx43jr7"", ""name"": ""Czechia""}"
em7o6xxrzkfmg9btlks08z3tg,13,2026-10-24Z,13:00:00Z,12,2,45,1,2026-07-26T12:21:27Z,Sparta Praha vs Slovácko,289u5typ3vp4ifwh5thalohmq,Soccer,79plas4983031idr6vw83nuel,Men,bu1l7ckihyr0errxw61p0m05,Czech Liga,Czech First League,Chance liga,CZL,Domestic league,5md5tpwr2nmqao528prx43jr7,Czechia,ei2lksxq5fb6mh8yzxqatwnx0,2026-07-25Z,2027-05-24Z,2026/2027,ejo28sdb3kcl4zgkwjbc8ncb8,e2q01r9o9jwiq1fls93d1sslx,2026-07-25Z,2027-04-24Z,Regular Season,94ni823vpqbxjv7m1k39cylmr,no,epet ARENA,epet ARENA,50.099816060,14.415827394,16,Fixture,2026-10-24,15:00:00,,,,,,,,,,,,,,,,,5ocdn3a6s75u0d0dy0rbou0xc,Sparta Praha,Sparta,AC Sparta Praha,ACS,home,"{""id"": ""5md5tpwr2nmqao528prx43jr7"", ""name"": ""Czechia""}",bp5x8iw8pstucx6s4iqht6xqf,Slovácko,Slovácko,1. FC Slovácko,FCS,away,"{""id"": ""5md5tpwr2nmqao528prx43jr7"", ""name"": ""Czechia""}"
elvuj5oiru8pu6p8vw0ce60ic,13,2026-10-24Z,13:00:00Z,12,2,45,1,2026-07-24T13:42:20Z,Slovan Liberec vs Baník Ostrava,289u5typ3vp4ifwh5thalohmq,Soccer,79plas4983031idr6vw83nuel,Men,bu1l7ckihyr0errxw61p0m05,Czech Liga,Czech First League,Chance liga,CZL,Domestic league,5md5tpwr2nmqao528prx43jr7,Czechia,ei2lksxq5fb6mh8yzxqatwnx0,2026-07-25Z,2027-05-24Z,2026/2027,ejo28sdb3kcl4zgkwjbc8ncb8,e2q01r9o9jwiq1fls93d1sslx,2026-07-25Z,2027-04-24Z,Regular Season,2979bmbkg8c2rzguycikc4izd,no,Stadion u Nisy,Stadion u Nisy,50.776201411,15.050035715,16,Fixture,2026-10-24,15:00:00,,,,,,,,,,,,,,,,,2c4rs2vp0tyjiqa7y3gfttf24,Slovan Liberec,Liberec,FC Slovan Liberec,LIB,home,"{""id"": ""5md5tpwr2nmqao528prx43jr7"", ""name"": ""Czechia""}",dfvvrv84skv23rsn1k6kt4slc,Baník Ostrava,Ostrava,FC Baník Ostrava,FCB,away,"{""id"": ""5md5tpwr2nmqao528prx43jr7"", ""name"": ""Czechia""}"
eljpwvcfw09a32lbhgrahgu8k,13,2026-10-24Z,13:00:00Z,12,2,45,1,2026-07-25T14:19:01Z,Zbrojovka Brno vs Bohemians 1905,289u5typ3vp4ifwh5thalohmq,Soccer,79plas4983031idr6vw83nuel,Men,bu1l7ckihyr0errxw61p0m05,Czech Liga,Czech First League,Chance liga,CZL,Domestic league,5md5tpwr2nmqao528prx43jr7,Czechia,ei2lksxq5fb6mh8yzxqatwnx0,2026-07-25Z,2027-05-24Z,2026/2027,ejo28sdb3kcl4zgkwjbc8ncb8,e2q01r9o9jwiq1fls93d1sslx,2026-07-25Z,2027-04-24Z,Regular Season,68vgjjgn8036ntz351r3c9mw0,no,ShipEx Aréna,ShipEx Aréna,49.227197061,16.586501598,16,Fixture,2026-10-24,15:00:00,,,,,,,,,,,,,,,,,6k350zwynsc23f0sxw9akgc6y,Zbrojovka Brno,Zbrojovka,FC Zbrojovka Brno,BRN,home,"{""id"": ""5md5tpwr2nmqao528prx43jr7"", ""name"": ""Czechia""}",bqcrqg0367eqzrt4vjb5apu6g,Bohemians 1905,Bohemians,Bohemians Praha 1905,BOH,away,"{""id"": ""5md5tpwr2nmqao528prx43jr7"", ""name"": ""Czechia""}"
el7xi1a55ze1dh7k1h6gsh9g4,13,2026-10-24Z,13:00:00Z,12,2,45,1,2026-07-24T12:48:55Z,Teplice vs Artis Brno,289u5typ3vp4ifwh5thalohmq,Soccer,79plas4983031idr6vw83nuel,Men,bu1l7ckihyr0errxw61p0m05,Czech Liga,Czech First League,Chance liga,CZL,Domestic league,5md5tpwr2nmqao528prx43jr7,Czechia,ei2lksxq5fb6mh8yzxqatwnx0,2026-07-25Z,2027-05-24Z,2026/2027,ejo28sdb3kcl4zgkwjbc8ncb8,e2q01r9o9jwiq1fls93d1sslx,2026-07-25Z,2027-04-24Z,Regular Season,47vp4hvc9krq6q7ey16tt5xc1,no,AGC Aréna Na Stínadlech,AGC Aréna Na Stínadlech,50.640071736,13.817807436,16,Fixture,2026-10-24,15:00:00,,,,,,,,,,,,,,,,,41eivtin75c5fu33x3zfx956b,Teplice,Teplice,FK Teplice,TEP,home,"{""id"": ""5md5tpwr2nmqao528prx43jr7"", ""name"": ""Czechia""}",6onh4wiqdb8r50qa6oyxlbafg,Artis Brno,Artis,SK Artis Brno,ARB,away,"{""id"": ""5md5tpwr2nmqao528prx43jr7"", ""name"": ""Czechia""}"
ekw8x7qj6ciano1yyjwaq36l0,13,2026-10-24Z,13:00:00Z,12,2,45,1,2026-07-26T09:20:59Z,Zlín vs Sigma Olomouc,289u5typ3vp4ifwh5thalohmq,Soccer,79plas4983031idr6vw83nuel,Men,bu1l7ckihyr0errxw61p0m05,Czech Liga,Czech First League,Chance liga,CZL,Domestic league,5md5tpwr2nmqao528prx43jr7,Czechia,ei2lksxq5fb6mh8yzxqatwnx0,2026-07-25Z,2027-05-24Z,2026/2027,ejo28sdb3kcl4zgkwjbc8ncb8,e2q01r9o9jwiq1fls93d1sslx,2026-07-25Z,2027-04-24Z,Regular Season,9ydptb7ki97jxrfex1l4tvcq6,no,Stadion Letná,Stadion Letná,49.231309756,17.669309378,16,Fixture,2026-10-24,15:00:00,,,,,,,,,,,,,,,,,aj1nbeiatqrs6e47mnhjidn15,Zlín,Zlín,FC Zlín,ZLI,home,"{""id"": ""5md5tpwr2nmqao528prx43jr7"", ""name"": ""Czechia""}",dchxm00ei80l8ljbcfpdill8k,Sigma Olomouc,Olomouc,SK Sigma Olomouc,OLO,away,"{""id"": ""5md5tpwr2nmqao528prx43jr7"", ""name"": ""Czechia""}"
ekkccsnnlojy03vorb307zq50,13,2026-10-24Z,13:00:00Z,12,2,45,1,2026-07-21T14:03:16Z,Hradec Králové vs Jablonec,289u5typ3vp4ifwh5thalohmq,Soccer,79plas4983031idr6vw83nuel,Men,bu1l7ckihyr0errxw61p0m05,Czech Liga,Czech First League,Chance liga,CZL,Domestic league,5md5tpwr2nmqao528prx43jr7,Czechia,ei2lksxq5fb6mh8yzxqatwnx0,2026-07-25Z,2027-05-24Z,2026/2027,ejo28sdb3kcl4zgkwjbc8ncb8,e2q01r9o9jwiq1fls93d1sslx,2026-07-25Z,2027-04-24Z,Regular Season,b1by4990boxacbvh10n5jv5sk,no,FINEP Arena,FINEP Arena,50.206416871,15.845450177,16,Fixture,2026-10-24,15:00:00,,,,,,,,,,,,,,,,,1v75g4bk8vzrvu0jmaro6lila,Hradec Králové,Hradec Kr.,FC Hradec Králové,HKR,home,"{""id"": ""5md5tpwr2nmqao528prx43jr7"", ""name"": ""Czechia""}",bdz8tx20ekj1ryi2e2u13jdl,Jablonec,Jablonec,FK Jablonec,FKJ,away,"{""id"": ""5md5tpwr2nmqao528prx43jr7"", ""name"": ""Czechia""}"
ek8b8obckt42z61hpi4rmtces,13,2026-10-24Z,13:00:00Z,12,2,45,1,2026-07-25T10:06:07Z,Slavia Praha vs Mladá Boleslav,289u5typ3vp4ifwh5thalohmq,Soccer,79plas4983031idr6vw83nuel,Men,bu1l7ckihyr0errxw61p0m05,Czech Liga,Czech First League,Chance liga,CZL,Domestic league,5md5tpwr2nmqao528prx43jr7,Czechia,ei2lksxq5fb6mh8yzxqatwnx0,2026-07-25Z,2027-05-24Z,2026/2027,ejo28sdb3kcl4zgkwjbc8ncb8,e2q01r9o9jwiq1fls93d1sslx,2026-07-25Z,2027-04-24Z,Regular Season,7c48dqxoem7bdglaflo26dizy,no,Fortuna Arena,Fortuna Arena,50.067525002,14.471139908,16,Fixture,2026-10-24,15:00:00,,,,,,,,,,,,,,,,,8kpapuorr6hf0vosnovbreqqd,Slavia Praha,Slavia,SK Slavia Praha,SLA,home,"{""id"": ""5md5tpwr2nmqao528prx43jr7"", ""name"": ""Czechia""}",2qui2adwsi022vu84b8gdw4z0,Mladá Boleslav,Ml. Boleslav,FK Mladá Boleslav,MBL,away,"{""id"": ""5md5tpwr2nmqao528prx43jr7"", ""name"": ""Czechia""}"
ejwdq4877nqy5619vuqsefbis,13,2026-10-24Z,13:00:00Z,12,2,45,1,2026-07-24T13:29:11Z,Viktoria Plzeň vs Pardubice,289u5typ3vp4ifwh5thalohmq,Soccer,79plas4983031idr6vw83nuel,Men,bu1l7ckihyr0errxw61p0m05,Czech Liga,Czech First League,Chance liga,CZL,Domestic league,5md5tpwr2nmqao528prx43jr7,Czechia,ei2lksxq5fb6mh8yzxqatwnx0,2026-07-25Z,2027-05-24Z,2026/2027,ejo28sdb3kcl4zgkwjbc8ncb8,e2q01r9o9jwiq1fls93d1sslx,2026-07-25Z,2027-04-24Z,Regular Season,d601gpjtfe63bz3lcrpdc9n3l,no,Doosan Aréna,Doosan Aréna,49.750074229,13.385446072,16,Fixture,2026-10-24,15:00:00,,,,,,,,,,,,,,,,,c6fx1460nlkawjgh67sp7a1hd,Viktoria Plzeň,Plzeň,FC Viktoria Plzeň,PLZ,home,"{""id"": ""5md5tpwr2nmqao528prx43jr7"", ""name"": ""Czechia""}",4xbgquadoen1b303u4hi9nhg9,Pardubice,Pardubice,FK Pardubice,PCE,away,"{""id"": ""5md5tpwr2nmqao528prx43jr7"", ""name"": ""Czechia""}"
ejkfx1mfhcmdgfmminzpp8kd0,13,2026-10-17Z,13:00:00Z,11,2,45,1,2026-07-25T17:26:35Z,Baník Ostrava vs Sparta Praha,289u5typ3vp4ifwh5thalohmq,Soccer,79plas4983031idr6vw83nuel,Men,bu1l7ckihyr0errxw61p0m05,Czech Liga,Czech First League,Chance liga,CZL,Domestic league,5md5tpwr2nmqao528prx43jr7,Czechia,ei2lksxq5fb6mh8yzxqatwnx0,2026-07-25Z,2027-05-24Z,2026/2027,ejo28sdb3kcl4zgkwjbc8ncb8,e2q01r9o9jwiq1fls93d1sslx,2026-07-25Z,2027-04-24Z,Regular Season,1xwzje85tz7gwpynab7es9ieg,no,Městský stadion - Vítkovice Aréna,Městský stadion - Vítkovice Aréna,49.804348544,18.255988955,16,Fixture,2026-10-17,15:00:00,,,,,,,,,,,,,,,,,dfvvrv84skv23rsn1k6kt4slc,Baník Ostrava,Ostrava,FC Baník Ostrava,FCB,home,"{""id"": ""5md5tpwr2nmqao528prx43jr7"", ""name"": ""Czechia""}",5ocdn3a6s75u0d0dy0rbou0xc,Sparta Praha,Sparta,AC Sparta Praha,ACS,away,"{""id"": ""5md5tpwr2nmqao528prx43jr7"", ""name"": ""Czechia""}"
ej8mcqtryt092io141gm2ii38,13,2026-10-17Z,13:00:00Z,11,2,45,1,2026-07-24T13:29:11Z,Pardubice vs Zlín,289u5typ3vp4ifwh5thalohmq,Soccer,79plas4983031idr6vw83nuel,Men,bu1l7ckihyr0errxw61p0m05,Czech Liga,Czech First League,Chance liga,CZL,Domestic league,5md5tpwr2nmqao528prx43jr7,Czechia,ei2lksxq5fb6mh8yzxqatwnx0,2026-07-25Z,2027-05-24Z,2026/2027,ejo28sdb3kcl4zgkwjbc8ncb8,e2q01r9o9jwiq1fls93d1sslx,2026-07-25Z,2027-04-24Z,Regular Season,29ligd0aeeadk5h0bv13j9yj8,no,Stadion Arnošta Košťála,Stadion Arnošta Košťála,50.041041815,15.771190566,16,Fixture,2026-10-17,15:00:00,,,,,,,,,,,,,,,,,4xbgquadoen1b303u4hi9nhg9,Pardubice,Pardubice,FK Pardubice,PCE,home,"{""id"": ""5md5tpwr2nmqao528prx43jr7"", ""name"": ""Czechia""}",aj1nbeiatqrs6e47mnhjidn15,Zlín,Zlín,FC Zlín,ZLI,away,"{""id"": ""5md5tpwr2nmqao528prx43jr7"", ""name"": ""Czechia""}"
eiwl75zvdh80rjxe6sigrww7o,13,2026-10-17Z,13:00:00Z,11,2,45,1,2026-07-24T13:30:19Z,Slavia Praha vs Hradec Králové,289u5typ3vp4ifwh5thalohmq,Soccer,79plas4983031idr6vw83nuel,Men,bu1l7ckihyr0errxw61p0m05,Czech Liga,Czech First League,Chance liga,CZL,Domestic league,5md5tpwr2nmqao528prx43jr7,Czechia,ei2lksxq5fb6mh8yzxqatwnx0,2026-07-25Z,2027-05-24Z,2026/2027,ejo28sdb3kcl4zgkwjbc8ncb8,e2q01r9o9jwiq1fls93d1sslx,2026-07-25Z,2027-04-24Z,Regular Season,7c48dqxoem7bdglaflo26dizy,no,Fortuna Arena,Fortuna Arena,50.067525002,14.471139908,16,Fixture,2026-10-17,15:00:00,,,,,,,,,,,,,,,,,8kpapuorr6hf0vosnovbreqqd,Slavia Praha,Slavia,SK Slavia Praha,SLA,home,"{""id"": ""5md5tpwr2nmqao528prx43jr7"", ""name"": ""Czechia""}",1v75g4bk8vzrvu0jmaro6lila,Hradec Králové,Hradec Kr.,FC Hradec Králové,HKR,away,"{""id"": ""5md5tpwr2nmqao528prx43jr7"", ""name"": ""Czechia""}"
eijf4fs6h6y1lpc45w5cj3ytw,13,2026-10-17Z,13:00:00Z,11,2,45,1,2026-07-25T14:19:00Z,Artis Brno vs Bohemians 1905,289u5typ3vp4ifwh5thalohmq,Soccer,79plas4983031idr6vw83nuel,Men,bu1l7ckihyr0errxw61p0m05,Czech Liga,Czech First League,Chance liga,CZL,Domestic league,5md5tpwr2nmqao528prx43jr7,Czechia,ei2lksxq5fb6mh8yzxqatwnx0,2026-07-25Z,2027-05-24Z,2026/2027,ejo28sdb3kcl4zgkwjbc8ncb8,e2q01r9o9jwiq1fls93d1sslx,2026-07-25Z,2027-04-24Z,Regular Season,68vgjjgn8036ntz351r3c9mw0,no,ShipEx Aréna,ShipEx Aréna,49.227197061,16.586501598,16,Fixture,2026-10-17,15:00:00,,,,,,,,,,,,,,,,,6onh4wiqdb8r50qa6oyxlbafg,Artis Brno,Artis,SK Artis Brno,ARB,home,"{""id"": ""5md5tpwr2nmqao528prx43jr7"", ""name"": ""Czechia""}",bqcrqg0367eqzrt4vjb5apu6g,Bohemians 1905,Bohemians,Bohemians Praha 1905,BOH,away,"{""id"": ""5md5tpwr2nmqao528prx43jr7"", ""name"": ""Czechia""}"
ei7szhv5v72x9cg2cl2jjr2tw,13,2026-10-17Z,13:00:00Z,11,2,45,1,2026-07-23T07:28:18Z,Jablonec vs Viktoria Plzeň,289u5typ3vp4ifwh5thalohmq,Soccer,79plas4983031idr6vw83nuel,Men,bu1l7ckihyr0errxw61p0m05,Czech Liga,Czech First League,Chance liga,CZL,Domestic league,5md5tpwr2nmqao528prx43jr7,Czechia,ei2lksxq5fb6mh8yzxqatwnx0,2026-07-25Z,2027-05-24Z,2026/2027,ejo28sdb3kcl4zgkwjbc8ncb8,e2q01r9o9jwiq1fls93d1sslx,2026-07-25Z,2027-04-24Z,Regular Season,477e2cn5x9m53k0djxbcmds8b,no,Stadion Střelnice,Stadion Střelnice,50.714915207,15.162243247,16,Fixture,2026-10-17,15:00:00,,,,,,,,,,,,,,,,,bdz8tx20ekj1ryi2e2u13jdl,Jablonec,Jablonec,FK Jablonec,FKJ,home,"{""id"": ""5md5tpwr2nmqao528prx43jr7"", ""name"": ""Czechia""}",c6fx1460nlkawjgh67sp7a1hd,Viktoria Plzeň,Plzeň,FC Viktoria Plzeň,PLZ,away,"{""id"": ""5md5tpwr2nmqao528prx43jr7"", ""name"": ""Czechia""}"
ehvxn9vpw5v7sqwktz6rqjnys,13,2026-10-17Z,13:00:00Z,11,2,45,1,2026-07-25T10:06:07Z,Mladá Boleslav vs Teplice,289u5typ3vp4ifwh5thalohmq,Soccer,79plas4983031idr6vw83nuel,Men,bu1l7ckihyr0errxw61p0m05,Czech Liga,Czech First League,Chance liga,CZL,Domestic league,5md5tpwr2nmqao528prx43jr7,Czechia,ei2lksxq5fb6mh8yzxqatwnx0,2026-07-25Z,2027-05-24Z,2026/2027,ejo28sdb3kcl4zgkwjbc8ncb8,e2q01r9o9jwiq1fls93d1sslx,2026-07-25Z,2027-04-24Z,Regular Season,dmt7kj588jheugqzw6kmgni5l,no,Lokotrans Aréna,Lokotrans Aréna,50.427180471,14.916987419,16,Fixture,2026-10-17,15:00:00,,,,,,,,,,,,,,,,,2qui2adwsi022vu84b8gdw4z0,Mladá Boleslav,Ml. Boleslav,FK Mladá Boleslav,MBL,home,"{""id"": ""5md5tpwr2nmqao528prx43jr7"", ""name"": ""Czechia""}",41eivtin75c5fu33x3zfx956b,Teplice,Teplice,FK Teplice,TEP,away,"{""id"": ""5md5tpwr2nmqao528prx43jr7"", ""name"": ""Czechia""}"
ehk771opqut3s3i4c0bd9l7h0,13,2026-10-17Z,13:00:00Z,11,2,45,1,2026-07-26T09:20:59Z,Sigma Olomouc vs Slovan Liberec,289u5typ3vp4ifwh5thalohmq,Soccer,79plas4983031idr6vw83nuel,Men,bu1l7ckihyr0errxw61p0m05,Czech Liga,Czech First League,Chance liga,CZL,Domestic league,5md5tpwr2nmqao528prx43jr7,Czechia,ei2lksxq5fb6mh8yzxqatwnx0,2026-07-25Z,2027-05-24Z,2026/2027,ejo28sdb3kcl4zgkwjbc8ncb8,e2q01r9o9jwiq1fls93d1sslx,2026-07-25Z,2027-04-24Z,Regular Season,dh99x428jggw1l8w7r39teeod,no,Andrův stadion,Andrův stadion,49.600120824,17.248245478,16,Fixture,2026-10-17,15:00:00,,,,,,,,,,,,,,,,,dchxm00ei80l8ljbcfpdill8k,Sigma Olomouc,Olomouc,SK Sigma Olomouc,OLO,home,"{""id"": ""5md5tpwr2nmqao528prx43jr7"", ""name"": ""Czechia""}",2c4rs2vp0tyjiqa7y3gfttf24,Slovan Liberec,Liberec,FC Slovan Liberec,LIB,away,"{""id"": ""5md5tpwr2nmqao528prx43jr7"", ""name"": ""Czechia""}"
eh8cqggcrpxcn39nvji01lg5w,13,2026-10-17Z,13:00:00Z,11,2,45,1,2026-07-26T12:21:27Z,Slovácko vs Zbrojovka Brno,289u5typ3vp4ifwh5thalohmq,Soccer,79plas4983031idr6vw83nuel,Men,bu1l7ckihyr0errxw61p0m05,Czech Liga,Czech First League,Chance liga,CZL,Domestic league,5md5tpwr2nmqao528prx43jr7,Czechia,ei2lksxq5fb6mh8yzxqatwnx0,2026-07-25Z,2027-05-24Z,2026/2027,ejo28sdb3kcl4zgkwjbc8ncb8,e2q01r9o9jwiq1fls93d1sslx,2026-07-25Z,2027-04-24Z,Regular Season,d0xo4iuobvbd1ov2hx3mn89hl,no,Městský fotbalový stadion Miroslava Valenty,Městský fotbalový stadion Miroslava Valenty,49.065515573,17.471448183,16,Fixture,2026-10-17,15:00:00,,,,,,,,,,,,,,,,,bp5x8iw8pstucx6s4iqht6xqf,Slovácko,Slovácko,1. FC Slovácko,FCS,home,"{""id"": ""5md5tpwr2nmqao528prx43jr7"", ""name"": ""Czechia""}",6k350zwynsc23f0sxw9akgc6y,Zbrojovka Brno,Zbrojovka,FC Zbrojovka Brno,BRN,away,"{""id"": ""5md5tpwr2nmqao528prx43jr7"", ""name"": ""Czechia""}"
egwhtba4pysvfc4apj1yr7axg,13,2026-10-10Z,13:00:00Z,10,2,45,1,2026-07-24T13:30:17Z,Zlín vs Slavia Praha,289u5typ3vp4ifwh5thalohmq,Soccer,79plas4983031idr6vw83nuel,Men,bu1l7ckihyr0errxw61p0m05,Czech Liga,Czech First League,Chance liga,CZL,Domestic league,5md5tpwr2nmqao528prx43jr7,Czechia,ei2lksxq5fb6mh8yzxqatwnx0,2026-07-25Z,2027-05-24Z,2026/2027,ejo28sdb3kcl4zgkwjbc8ncb8,e2q01r9o9jwiq1fls93d1sslx,2026-07-25Z,2027-04-24Z,Regular Season,9ydptb7ki97jxrfex1l4tvcq6,no,Stadion Letná,Stadion Letná,49.231309756,17.669309378,16,Fixture,2026-10-10,15:00:00,,,,,,,,,,,,,,,,,aj1nbeiatqrs6e47mnhjidn15,Zlín,Zlín,FC Zlín,ZLI,home,"{""id"": ""5md5tpwr2nmqao528prx43jr7"", ""name"": ""Czechia""}",8kpapuorr6hf0vosnovbreqqd,Slavia Praha,Slavia,SK Slavia Praha,SLA,away,"{""id"": ""5md5tpwr2nmqao528prx43jr7"", ""name"": ""Czechia""}"
egknbrhef48agwd3zrpcadbmc,13,2026-10-10Z,13:00:00Z,10,2,45,1,2026-07-24T12:48:32Z,Hradec Králové vs Artis Brno,289u5typ3vp4ifwh5thalohmq,Soccer,79plas4983031idr6vw83nuel,Men,bu1l7ckihyr0errxw61p0m05,Czech Liga,Czech First League,Chance liga,CZL,Domestic league,5md5tpwr2nmqao528prx43jr7,Czechia,ei2lksxq5fb6mh8yzxqatwnx0,2026-07-25Z,2027-05-24Z,2026/2027,ejo28sdb3kcl4zgkwjbc8ncb8,e2q01r9o9jwiq1fls93d1sslx,2026-07-25Z,2027-04-24Z,Regular Season,b1by4990boxacbvh10n5jv5sk,no,FINEP Arena,FINEP Arena,50.206416871,15.845450177,16,Fixture,2026-10-10,15:00:00,,,,,,,,,,,,,,,,,1v75g4bk8vzrvu0jmaro6lila,Hradec Králové,Hradec Kr.,FC Hradec Králové,HKR,home,"{""id"": ""5md5tpwr2nmqao528prx43jr7"", ""name"": ""Czechia""}",6onh4wiqdb8r50qa6oyxlbafg,Artis Brno,Artis,SK Artis Brno,ARB,away,"{""id"": ""5md5tpwr2nmqao528prx43jr7"", ""name"": ""Czechia""}"
eg8vaiobf43d4zrs7r8n0hyqc,13,2026-10-10Z,13:00:00Z,10,2,45,1,2026-07-25T17:26:35Z,Sparta Praha vs Pardubice,289u5typ3vp4ifwh5thalohmq,Soccer,79plas4983031idr6vw83nuel,Men,bu1l7ckihyr0errxw61p0m05,Czech Liga,Czech First League,Chance liga,CZL,Domestic league,5md5tpwr2nmqao528prx43jr7,Czechia,ei2lksxq5fb6mh8yzxqatwnx0,2026-07-25Z,2027-05-24Z,2026/2027,ejo28sdb3kcl4zgkwjbc8ncb8,e2q01r9o9jwiq1fls93d1sslx,2026-07-25Z,2027-04-24Z,Regular Season,94ni823vpqbxjv7m1k39cylmr,no,epet ARENA,epet ARENA,50.099816060,14.415827394,16,Fixture,2026-10-10,15:00:00,,,,,,,,,,,,,,,,,5ocdn3a6s75u0d0dy0rbou0xc,Sparta Praha,Sparta,AC Sparta Praha,ACS,home,"{""id"": ""5md5tpwr2nmqao528prx43jr7"", ""name"": ""Czechia""}",4xbgquadoen1b303u4hi9nhg9,Pardubice,Pardubice,FK Pardubice,PCE,away,"{""id"": ""5md5tpwr2nmqao528prx43jr7"", ""name"": ""Czechia""}"
efx2nm03bxwpqmkk0b38x6yok,13,2026-10-10Z,13:00:00Z,10,2,45,1,2026-07-25T14:19:00Z,Bohemians 1905 vs Baník Ostrava,289u5typ3vp4ifwh5thalohmq,Soccer,79plas4983031idr6vw83nuel,Men,bu1l7ckihyr0errxw61p0m05,Czech Liga,Czech First League,Chance liga,CZL,Domestic league,5md5tpwr2nmqao528prx43jr7,Czechia,ei2lksxq5fb6mh8yzxqatwnx0,2026-07-25Z,2027-05-24Z,2026/2027,ejo28sdb3kcl4zgkwjbc8ncb8,e2q01r9o9jwiq1fls93d1sslx,2026-07-25Z,2027-04-24Z,Regular Season,9cj96q0e19jjqiphv07dsff62,no,Stadion Ďolíček,Stadion Ďolíček,50.066998168,14.454191029,16,Fixture,2026-10-10,15:00:00,,,,,,,,,,,,,,,,,bqcrqg0367eqzrt4vjb5apu6g,Bohemians 1905,Bohemians,Bohemians Praha 1905,BOH,home,"{""id"": ""5md5tpwr2nmqao528prx43jr7"", ""name"": ""Czechia""}",dfvvrv84skv23rsn1k6kt4slc,Baník Ostrava,Ostrava,FC Baník Ostrava,FCB,away,"{""id"": ""5md5tpwr2nmqao528prx43jr7"", ""name"": ""Czechia""}"
efl6j95j44597ugx2aibayuqc,13,2026-10-10Z,13:00:00Z,10,2,45,1,2026-07-26T12:21:27Z,Slovan Liberec vs Slovácko,289u5typ3vp4ifwh5thalohmq,Soccer,79plas4983031idr6vw83nuel,Men,bu1l7ckihyr0errxw61p0m05,Czech Liga,Czech First League,Chance liga,CZL,Domestic league,5md5tpwr2nmqao528prx43jr7,Czechia,ei2lksxq5fb6mh8yzxqatwnx0,2026-07-25Z,2027-05-24Z,2026/2027,ejo28sdb3kcl4zgkwjbc8ncb8,e2q01r9o9jwiq1fls93d1sslx,2026-07-25Z,2027-04-24Z,Regular Season,2979bmbkg8c2rzguycikc4izd,no,Stadion u Nisy,Stadion u Nisy,50.776201411,15.050035715,16,Fixture,2026-10-10,15:00:00,,,,,,,,,,,,,,,,,2c4rs2vp0tyjiqa7y3gfttf24,Slovan Liberec,Liberec,FC Slovan Liberec,LIB,home,"{""id"": ""5md5tpwr2nmqao528prx43jr7"", ""name"": ""Czechia""}",bp5x8iw8pstucx6s4iqht6xqf,Slovácko,Slovácko,1. FC Slovácko,FCS,away,"{""id"": ""5md5tpwr2nmqao528prx43jr7"", ""name"": ""Czechia""}"
ef9eebud17j5l4dsmnnsl7n6c,13,2026-10-10Z,13:00:00Z,10,2,45,1,2026-07-21T14:03:16Z,Zbrojovka Brno vs Jablonec,289u5typ3vp4ifwh5thalohmq,Soccer,79plas4983031idr6vw83nuel,Men,bu1l7ckihyr0errxw61p0m05,Czech Liga,Czech First League,Chance liga,CZL,Domestic league,5md5tpwr2nmqao528prx43jr7,Czechia,ei2lksxq5fb6mh8yzxqatwnx0,2026-07-25Z,2027-05-24Z,2026/2027,ejo28sdb3kcl4zgkwjbc8ncb8,e2q01r9o9jwiq1fls93d1sslx,2026-07-25Z,2027-04-24Z,Regular Season,68vgjjgn8036ntz351r3c9mw0,no,ShipEx Aréna,ShipEx Aréna,49.227197061,16.586501598,16,Fixture,2026-10-10,15:00:00,,,,,,,,,,,,,,,,,6k350zwynsc23f0sxw9akgc6y,Zbrojovka Brno,Zbrojovka,FC Zbrojovka Brno,BRN,home,"{""id"": ""5md5tpwr2nmqao528prx43jr7"", ""name"": ""Czechia""}",bdz8tx20ekj1ryi2e2u13jdl,Jablonec,Jablonec,FK Jablonec,FKJ,away,"{""id"": ""5md5tpwr2nmqao528prx43jr7"", ""name"": ""Czechia""}"
eexjzghkstiyhotj6dpcd1jis,13,2026-10-10Z,13:00:00Z,10,2,45,1,2026-07-26T09:20:59Z,Teplice vs Sigma Olomouc,289u5typ3vp4ifwh5thalohmq,Soccer,79plas4983031idr6vw83nuel,Men,bu1l7ckihyr0errxw61p0m05,Czech Liga,Czech First League,Chance liga,CZL,Domestic league,5md5tpwr2nmqao528prx43jr7,Czechia,ei2lksxq5fb6mh8yzxqatwnx0,2026-07-25Z,2027-05-24Z,2026/2027,ejo28sdb3kcl4zgkwjbc8ncb8,e2q01r9o9jwiq1fls93d1sslx,2026-07-25Z,2027-04-24Z,Regular Season,47vp4hvc9krq6q7ey16tt5xc1,no,AGC Aréna Na Stínadlech,AGC Aréna Na Stínadlech,50.640071736,13.817807436,16,Fixture,2026-10-10,15:00:00,,,,,,,,,,,,,,,,,41eivtin75c5fu33x3zfx956b,Teplice,Teplice,FK Teplice,TEP,home,"{""id"": ""5md5tpwr2nmqao528prx43jr7"", ""name"": ""Czechia""}",dchxm00ei80l8ljbcfpdill8k,Sigma Olomouc,Olomouc,SK Sigma Olomouc,OLO,away,"{""id"": ""5md5tpwr2nmqao528prx43jr7"", ""name"": ""Czechia""}"
eelotc26sutmfd70g4qjxzfh0,13,2026-10-10Z,13:00:00Z,10,2,45,1,2026-07-25T10:06:07Z,Viktoria Plzeň vs Mladá Boleslav,289u5typ3vp4ifwh5thalohmq,Soccer,79plas4983031idr6vw83nuel,Men,bu1l7ckihyr0errxw61p0m05,Czech Liga,Czech First League,Chance liga,CZL,Domestic league,5md5tpwr2nmqao528prx43jr7,Czechia,ei2lksxq5fb6mh8yzxqatwnx0,2026-07-25Z,2027-05-24Z,2026/2027,ejo28sdb3kcl4zgkwjbc8ncb8,e2q01r9o9jwiq1fls93d1sslx,2026-07-25Z,2027-04-24Z,Regular Season,d601gpjtfe63bz3lcrpdc9n3l,no,Doosan Aréna,Doosan Aréna,49.750074229,13.385446072,16,Fixture,2026-10-10,15:00:00,,,,,,,,,,,,,,,,,c6fx1460nlkawjgh67sp7a1hd,Viktoria Plzeň,Plzeň,FC Viktoria Plzeň,PLZ,home,"{""id"": ""5md5tpwr2nmqao528prx43jr7"", ""name"": ""Czechia""}",2qui2adwsi022vu84b8gdw4z0,Mladá Boleslav,Ml. Boleslav,FK Mladá Boleslav,MBL,away,"{""id"": ""5md5tpwr2nmqao528prx43jr7"", ""name"": ""Czechia""}"
ee9ukckxkxma3o3jy5ct1zwus,13,2026-09-19Z,13:00:00Z,9,2,45,1,2026-07-24T13:30:17Z,Slavia Praha vs Viktoria Plzeň,289u5typ3vp4ifwh5thalohmq,Soccer,79plas4983031idr6vw83nuel,Men,bu1l7ckihyr0errxw61p0m05,Czech Liga,Czech First League,Chance liga,CZL,Domestic league,5md5tpwr2nmqao528prx43jr7,Czechia,ei2lksxq5fb6mh8yzxqatwnx0,2026-07-25Z,2027-05-24Z,2026/2027,ejo28sdb3kcl4zgkwjbc8ncb8,e2q01r9o9jwiq1fls93d1sslx,2026-07-25Z,2027-04-24Z,Regular Season,7c48dqxoem7bdglaflo26dizy,no,Fortuna Arena,Fortuna Arena,50.067525002,14.471139908,16,Fixture,2026-09-19,15:00:00,,,,,,,,,,,,,,,,,8kpapuorr6hf0vosnovbreqqd,Slavia Praha,Slavia,SK Slavia Praha,SLA,home,"{""id"": ""5md5tpwr2nmqao528prx43jr7"", ""name"": ""Czechia""}",c6fx1460nlkawjgh67sp7a1hd,Viktoria Plzeň,Plzeň,FC Viktoria Plzeň,PLZ,away,"{""id"": ""5md5tpwr2nmqao528prx43jr7"", ""name"": ""Czechia""}"
edxyga6r67ejxkgwy1yl4g1zo,13,2026-09-19Z,13:00:00Z,9,2,45,1,2026-07-23T09:28:02Z,Jablonec vs Zlín,289u5typ3vp4ifwh5thalohmq,Soccer,79plas4983031idr6vw83nuel,Men,bu1l7ckihyr0errxw61p0m05,Czech Liga,Czech First League,Chance liga,CZL,Domestic league,5md5tpwr2nmqao528prx43jr7,Czechia,ei2lksxq5fb6mh8yzxqatwnx0,2026-07-25Z,2027-05-24Z,2026/2027,ejo28sdb3kcl4zgkwjbc8ncb8,e2q01r9o9jwiq1fls93d1sslx,2026-07-25Z,2027-04-24Z,Regular Season,477e2cn5x9m53k0djxbcmds8b,no,Stadion Střelnice,Stadion Střelnice,50.714915207,15.162243247,16,Fixture,2026-09-19,15:00:00,,,,,,,,,,,,,,,,,bdz8tx20ekj1ryi2e2u13jdl,Jablonec,Jablonec,FK Jablonec,FKJ,home,"{""id"": ""5md5tpwr2nmqao528prx43jr7"", ""name"": ""Czechia""}",aj1nbeiatqrs6e47mnhjidn15,Zlín,Zlín,FC Zlín,ZLI,away,"{""id"": ""5md5tpwr2nmqao528prx43jr7"", ""name"": ""Czechia""}"
edlzq7jirynaelyj2t4bbfvv8,13,2026-09-19Z,13:00:00Z,9,2,45,1,2026-07-23T08:43:37Z,Hradec Králové vs Teplice,289u5typ3vp4ifwh5thalohmq,Soccer,79plas4983031idr6vw83nuel,Men,bu1l7ckihyr0errxw61p0m05,Czech Liga,Czech First League,Chance liga,CZL,Domestic league,5md5tpwr2nmqao528prx43jr7,Czechia,ei2lksxq5fb6mh8yzxqatwnx0,2026-07-25Z,2027-05-24Z,2026/2027,ejo28sdb3kcl4zgkwjbc8ncb8,e2q01r9o9jwiq1fls93d1sslx,2026-07-25Z,2027-04-24Z,Regular Season,b1by4990boxacbvh10n5jv5sk,no,FINEP Arena,FINEP Arena,50.206416871,15.845450177,16,Fixture,2026-09-19,15:00:00,,,,,,,,,,,,,,,,,1v75g4bk8vzrvu0jmaro6lila,Hradec Králové,Hradec Kr.,FC Hradec Králové,HKR,home,"{""id"": ""5md5tpwr2nmqao528prx43jr7"", ""name"": ""Czechia""}",41eivtin75c5fu33x3zfx956b,Teplice,Teplice,FK Teplice,TEP,away,"{""id"": ""5md5tpwr2nmqao528prx43jr7"", ""name"": ""Czechia""}"
eda4gy11mkca4g02fxoqvgob8,13,2026-09-19Z,13:00:00Z,9,2,45,1,2026-07-24T12:48:31Z,Artis Brno vs Slovan Liberec,289u5typ3vp4ifwh5thalohmq,Soccer,79plas4983031idr6vw83nuel,Men,bu1l7ckihyr0errxw61p0m05,Czech Liga,Czech First League,Chance liga,CZL,Domestic league,5md5tpwr2nmqao528prx43jr7,Czechia,ei2lksxq5fb6mh8yzxqatwnx0,2026-07-25Z,2027-05-24Z,2026/2027,ejo28sdb3kcl4zgkwjbc8ncb8,e2q01r9o9jwiq1fls93d1sslx,2026-07-25Z,2027-04-24Z,Regular Season,68vgjjgn8036ntz351r3c9mw0,no,ShipEx Aréna,ShipEx Aréna,49.227197061,16.586501598,16,Fixture,2026-09-19,15:00:00,,,,,,,,,,,,,,,,,6onh4wiqdb8r50qa6oyxlbafg,Artis Brno,Artis,SK Artis Brno,ARB,home,"{""id"": ""5md5tpwr2nmqao528prx43jr7"", ""name"": ""Czechia""}",2c4rs2vp0tyjiqa7y3gfttf24,Slovan Liberec,Liberec,FC Slovan Liberec,LIB,away,"{""id"": ""5md5tpwr2nmqao528prx43jr7"", ""name"": ""Czechia""}"
ecyc9wrc1h1uatl4azosqa5uc,13,2026-09-19Z,13:00:00Z,9,2,45,1,2026-07-25T10:06:07Z,Mladá Boleslav vs Zbrojovka Brno,289u5typ3vp4ifwh5thalohmq,Soccer,79plas4983031idr6vw83nuel,Men,bu1l7ckihyr0errxw61p0m05,Czech Liga,Czech First League,Chance liga,CZL,Domestic league,5md5tpwr2nmqao528prx43jr7,Czechia,ei2lksxq5fb6mh8yzxqatwnx0,2026-07-25Z,2027-05-24Z,2026/2027,ejo28sdb3kcl4zgkwjbc8ncb8,e2q01r9o9jwiq1fls93d1sslx,2026-07-25Z,2027-04-24Z,Regular Season,dmt7kj588jheugqzw6kmgni5l,no,Lokotrans Aréna,Lokotrans Aréna,50.427180471,14.916987419,16,Fixture,2026-09-19,15:00:00,,,,,,,,,,,,,,,,,2qui2adwsi022vu84b8gdw4z0,Mladá Boleslav,Ml. Boleslav,FK Mladá Boleslav,MBL,home,"{""id"": ""5md5tpwr2nmqao528prx43jr7"", ""name"": ""Czechia""}",6k350zwynsc23f0sxw9akgc6y,Zbrojovka Brno,Zbrojovka,FC Zbrojovka Brno,BRN,away,"{""id"": ""5md5tpwr2nmqao528prx43jr7"", ""name"": ""Czechia""}"
ecmh8a2da3fsf3gwfs0k0l0k4,13,2026-09-19Z,13:00:00Z,9,2,45,1,2026-07-26T09:20:59Z,Sigma Olomouc vs Sparta Praha,289u5typ3vp4ifwh5thalohmq,Soccer,79plas4983031idr6vw83nuel,Men,bu1l7ckihyr0errxw61p0m05,Czech Liga,Czech First League,Chance liga,CZL,Domestic league,5md5tpwr2nmqao528prx43jr7,Czechia,ei2lksxq5fb6mh8yzxqatwnx0,2026-07-25Z,2027-05-24Z,2026/2027,ejo28sdb3kcl4zgkwjbc8ncb8,e2q01r9o9jwiq1fls93d1sslx,2026-07-25Z,2027-04-24Z,Regular Season,dh99x428jggw1l8w7r39teeod,no,Andrův stadion,Andrův stadion,49.600120824,17.248245478,16,Fixture,2026-09-19,15:00:00,,,,,,,,,,,,,,,,,dchxm00ei80l8ljbcfpdill8k,Sigma Olomouc,Olomouc,SK Sigma Olomouc,OLO,home,"{""id"": ""5md5tpwr2nmqao528prx43jr7"", ""name"": ""Czechia""}",5ocdn3a6s75u0d0dy0rbou0xc,Sparta Praha,Sparta,AC Sparta Praha,ACS,away,"{""id"": ""5md5tpwr2nmqao528prx43jr7"", ""name"": ""Czechia""}"
ecaka4e8tdoeg6zyiogm408b8,13,2026-09-19Z,13:00:00Z,9,2,45,1,2026-07-26T12:21:27Z,Slovácko vs Baník Ostrava,289u5typ3vp4ifwh5thalohmq,Soccer,79plas4983031idr6vw83nuel,Men,bu1l7ckihyr0errxw61p0m05,Czech Liga,Czech First League,Chance liga,CZL,Domestic league,5md5tpwr2nmqao528prx43jr7,Czechia,ei2lksxq5fb6mh8yzxqatwnx0,2026-07-25Z,2027-05-24Z,2026/2027,ejo28sdb3kcl4zgkwjbc8ncb8,e2q01r9o9jwiq1fls93d1sslx,2026-07-25Z,2027-04-24Z,Regular Season,d0xo4iuobvbd1ov2hx3mn89hl,no,Městský fotbalový stadion Miroslava Valenty,Městský fotbalový stadion Miroslava Valenty,49.065515573,17.471448183,16,Fixture,2026-09-19,15:00:00,,,,,,,,,,,,,,,,,bp5x8iw8pstucx6s4iqht6xqf,Slovácko,Slovácko,1. FC Slovácko,FCS,home,"{""id"": ""5md5tpwr2nmqao528prx43jr7"", ""name"": ""Czechia""}",dfvvrv84skv23rsn1k6kt4slc,Baník Ostrava,Ostrava,FC Baník Ostrava,FCB,away,"{""id"": ""5md5tpwr2nmqao528prx43jr7"", ""name"": ""Czechia""}"
ebyrxwfed8qqwpv6jzk7l2xas,13,2026-09-19Z,13:00:00Z,9,2,45,1,2026-07-25T14:19:00Z,Pardubice vs Bohemians 1905,289u5typ3vp4ifwh5thalohmq,Soccer,79plas4983031idr6vw83nuel,Men,bu1l7ckihyr0errxw61p0m05,Czech Liga,Czech First League,Chance liga,CZL,Domestic league,5md5tpwr2nmqao528prx43jr7,Czechia,ei2lksxq5fb6mh8yzxqatwnx0,2026-07-25Z,2027-05-24Z,2026/2027,ejo28sdb3kcl4zgkwjbc8ncb8,e2q01r9o9jwiq1fls93d1sslx,2026-07-25Z,2027-04-24Z,Regular Season,29ligd0aeeadk5h0bv13j9yj8,no,Stadion Arnošta Košťála,Stadion Arnošta Košťála,50.041041815,15.771190566,16,Fixture,2026-09-19,15:00:00,,,,,,,,,,,,,,,,,4xbgquadoen1b303u4hi9nhg9,Pardubice,Pardubice,FK Pardubice,PCE,home,"{""id"": ""5md5tpwr2nmqao528prx43jr7"", ""name"": ""Czechia""}",bqcrqg0367eqzrt4vjb5apu6g,Bohemians 1905,Bohemians,Bohemians Praha 1905,BOH,away,"{""id"": ""5md5tpwr2nmqao528prx43jr7"", ""name"": ""Czechia""}"
ebn47hgucjd8ew6ozbvualvro,13,2026-09-12Z,13:00:00Z,8,2,45,1,2026-07-24T13:30:17Z,Teplice vs Slavia Praha,289u5typ3vp4ifwh5thalohmq,Soccer,79plas4983031idr6vw83nuel,Men,bu1l7ckihyr0errxw61p0m05,Czech Liga,Czech First League,Chance liga,CZL,Domestic league,5md5tpwr2nmqao528prx43jr7,Czechia,ei2lksxq5fb6mh8yzxqatwnx0,2026-07-25Z,2027-05-24Z,2026/2027,ejo28sdb3kcl4zgkwjbc8ncb8,e2q01r9o9jwiq1fls93d1sslx,2026-07-25Z,2027-04-24Z,Regular Season,47vp4hvc9krq6q7ey16tt5xc1,no,AGC Aréna Na Stínadlech,AGC Aréna Na Stínadlech,50.640071736,13.817807436,16,Fixture,2026-09-12,15:00:00,,,,,,,,,,,,,,,,,41eivtin75c5fu33x3zfx956b,Teplice,Teplice,FK Teplice,TEP,home,"{""id"": ""5md5tpwr2nmqao528prx43jr7"", ""name"": ""Czechia""}",8kpapuorr6hf0vosnovbreqqd,Slavia Praha,Slavia,SK Slavia Praha,SLA,away,"{""id"": ""5md5tpwr2nmqao528prx43jr7"", ""name"": ""Czechia""}"
ebbey91yvqmvk3qw9gqptgphw,13,2026-09-12Z,13:00:00Z,8,2,45,1,2026-07-25T17:26:35Z,Sparta Praha vs Jablonec,289u5typ3vp4ifwh5thalohmq,Soccer,79plas4983031idr6vw83nuel,Men,bu1l7ckihyr0errxw61p0m05,Czech Liga,Czech First League,Chance liga,CZL,Domestic league,5md5tpwr2nmqao528prx43jr7,Czechia,ei2lksxq5fb6mh8yzxqatwnx0,2026-07-25Z,2027-05-24Z,2026/2027,ejo28sdb3kcl4zgkwjbc8ncb8,e2q01r9o9jwiq1fls93d1sslx,2026-07-25Z,2027-04-24Z,Regular Season,94ni823vpqbxjv7m1k39cylmr,no,epet ARENA,epet ARENA,50.099816060,14.415827394,16,Fixture,2026-09-12,15:00:00,,,,,,,,,,,,,,,,,5ocdn3a6s75u0d0dy0rbou0xc,Sparta Praha,Sparta,AC Sparta Praha,ACS,home,"{""id"": ""5md5tpwr2nmqao528prx43jr7"", ""name"": ""Czechia""}",bdz8tx20ekj1ryi2e2u13jdl,Jablonec,Jablonec,FK Jablonec,FKJ,away,"{""id"": ""5md5tpwr2nmqao528prx43jr7"", ""name"": ""Czechia""}"
eazgrrdqpa9jhu7txiresqp78,13,2026-09-12Z,13:00:00Z,8,2,45,1,2026-07-24T12:48:32Z,Zbrojovka Brno vs Artis Brno,289u5typ3vp4ifwh5thalohmq,Soccer,79plas4983031idr6vw83nuel,Men,bu1l7ckihyr0errxw61p0m05,Czech Liga,Czech First League,Chance liga,CZL,Domestic league,5md5tpwr2nmqao528prx43jr7,Czechia,ei2lksxq5fb6mh8yzxqatwnx0,2026-07-25Z,2027-05-24Z,2026/2027,ejo28sdb3kcl4zgkwjbc8ncb8,e2q01r9o9jwiq1fls93d1sslx,2026-07-25Z,2027-04-24Z,Regular Season,68vgjjgn8036ntz351r3c9mw0,no,ShipEx Aréna,ShipEx Aréna,49.227197061,16.586501598,16,Fixture,2026-09-12,15:00:00,,,,,,,,,,,,,,,,,6k350zwynsc23f0sxw9akgc6y,Zbrojovka Brno,Zbrojovka,FC Zbrojovka Brno,BRN,home,"{""id"": ""5md5tpwr2nmqao528prx43jr7"", ""name"": ""Czechia""}",6onh4wiqdb8r50qa6oyxlbafg,Artis Brno,Artis,SK Artis Brno,ARB,away,"{""id"": ""5md5tpwr2nmqao528prx43jr7"", ""name"": ""Czechia""}"
eanrkelu76ovnj1cle8euw7x0,13,2026-09-12Z,13:00:00Z,8,2,45,1,2026-07-23T09:28:02Z,Zlín vs Hradec Králové,289u5typ3vp4ifwh5thalohmq,Soccer,79plas4983031idr6vw83nuel,Men,bu1l7ckihyr0errxw61p0m05,Czech Liga,Czech First League,Chance liga,CZL,Domestic league,5md5tpwr2nmqao528prx43jr7,Czechia,ei2lksxq5fb6mh8yzxqatwnx0,2026-07-25Z,2027-05-24Z,2026/2027,ejo28sdb3kcl4zgkwjbc8ncb8,e2q01r9o9jwiq1fls93d1sslx,2026-07-25Z,2027-04-24Z,Regular Season,9ydptb7ki97jxrfex1l4tvcq6,no,Stadion Letná,Stadion Letná,49.231309756,17.669309378,16,Fixture,2026-09-12,15:00:00,,,,,,,,,,,,,,,,,aj1nbeiatqrs6e47mnhjidn15,Zlín,Zlín,FC Zlín,ZLI,home,"{""id"": ""5md5tpwr2nmqao528prx43jr7"", ""name"": ""Czechia""}",1v75g4bk8vzrvu0jmaro6lila,Hradec Králové,Hradec Kr.,FC Hradec Králové,HKR,away,"{""id"": ""5md5tpwr2nmqao528prx43jr7"", ""name"": ""Czechia""}"
eabuvut3ikfhdkb5f23dormdw,13,2026-09-12Z,13:00:00Z,8,2,45,1,2026-07-24T13:29:11Z,Baník Ostrava vs Pardubice,289u5typ3vp4ifwh5thalohmq,Soccer,79plas4983031idr6vw83nuel,Men,bu1l7ckihyr0errxw61p0m05,Czech Liga,Czech First League,Chance liga,CZL,Domestic league,5md5tpwr2nmqao528prx43jr7,Czechia,ei2lksxq5fb6mh8yzxqatwnx0,2026-07-25Z,2027-05-24Z,2026/2027,ejo28sdb3kcl4zgkwjbc8ncb8,e2q01r9o9jwiq1fls93d1sslx,2026-07-25Z,2027-04-24Z,Regular Season,1xwzje85tz7gwpynab7es9ieg,no,Městský stadion - Vítkovice Aréna,Městský stadion - Vítkovice Aréna,49.804348544,18.255988955,16,Fixture,2026-09-12,15:00:00,,,,,,,,,,,,,,,,,dfvvrv84skv23rsn1k6kt4slc,Baník Ostrava,Ostrava,FC Baník Ostrava,FCB,home,"{""id"": ""5md5tpwr2nmqao528prx43jr7"", ""name"": ""Czechia""}",4xbgquadoen1b303u4hi9nhg9,Pardubice,Pardubice,FK Pardubice,PCE,away,"{""id"": ""5md5tpwr2nmqao528prx43jr7"", ""name"": ""Czechia""}"
e9zzsr764t9n6k7lcqajpjbis,13,2026-09-12Z,13:00:00Z,8,2,45,1,2026-07-26T12:21:27Z,Bohemians 1905 vs Slovácko,289u5typ3vp4ifwh5thalohmq,Soccer,79plas4983031idr6vw83nuel,Men,bu1l7ckihyr0errxw61p0m05,Czech Liga,Czech First League,Chance liga,CZL,Domestic league,5md5tpwr2nmqao528prx43jr7,Czechia,ei2lksxq5fb6mh8yzxqatwnx0,2026-07-25Z,2027-05-24Z,2026/2027,ejo28sdb3kcl4zgkwjbc8ncb8,e2q01r9o9jwiq1fls93d1sslx,2026-07-25Z,2027-04-24Z,Regular Season,9cj96q0e19jjqiphv07dsff62,no,Stadion Ďolíček,Stadion Ďolíček,50.066998168,14.454191029,16,Fixture,2026-09-12,15:00:00,,,,,,,,,,,,,,,,,bqcrqg0367eqzrt4vjb5apu6g,Bohemians 1905,Bohemians,Bohemians Praha 1905,BOH,home,"{""id"": ""5md5tpwr2nmqao528prx43jr7"", ""name"": ""Czechia""}",bp5x8iw8pstucx6s4iqht6xqf,Slovácko,Slovácko,1. FC Slovácko,FCS,away,"{""id"": ""5md5tpwr2nmqao528prx43jr7"", ""name"": ""Czechia""}"
e9oa75hfg00zj29ucxfkcikus,13,2026-09-12Z,13:00:00Z,8,2,45,1,2026-07-25T10:06:07Z,Slovan Liberec vs Mladá Boleslav,289u5typ3vp4ifwh5thalohmq,Soccer,79plas4983031idr6vw83nuel,Men,bu1l7ckihyr0errxw61p0m05,Czech Liga,Czech First League,Chance liga,CZL,Domestic league,5md5tpwr2nmqao528prx43jr7,Czechia,ei2lksxq5fb6mh8yzxqatwnx0,2026-07-25Z,2027-05-24Z,2026/2027,ejo28sdb3kcl4zgkwjbc8ncb8,e2q01r9o9jwiq1fls93d1sslx,2026-07-25Z,2027-04-24Z,Regular Season,2979bmbkg8c2rzguycikc4izd,no,Stadion u Nisy,Stadion u Nisy,50.776201411,15.050035715,16,Fixture,2026-09-12,15:00:00,,,,,,,,,,,,,,,,,2c4rs2vp0tyjiqa7y3gfttf24,Slovan Liberec,Liberec,FC Slovan Liberec,LIB,home,"{""id"": ""5md5tpwr2nmqao528prx43jr7"", ""name"": ""Czechia""}",2qui2adwsi022vu84b8gdw4z0,Mladá Boleslav,Ml. Boleslav,FK Mladá Boleslav,MBL,away,"{""id"": ""5md5tpwr2nmqao528prx43jr7"", ""name"": ""Czechia""}"
e9ci2ed0mywfwhuqmigxqcc2c,13,2026-09-12Z,13:00:00Z,8,2,45,1,2026-07-26T09:20:59Z,Viktoria Plzeň vs Sigma Olomouc,289u5typ3vp4ifwh5thalohmq,Soccer,79plas4983031idr6vw83nuel,Men,bu1l7ckihyr0errxw61p0m05,Czech Liga,Czech First League,Chance liga,CZL,Domestic league,5md5tpwr2nmqao528prx43jr7,Czechia,ei2lksxq5fb6mh8yzxqatwnx0,2026-07-25Z,2027-05-24Z,2026/2027,ejo28sdb3kcl4zgkwjbc8ncb8,e2q01r9o9jwiq1fls93d1sslx,2026-07-25Z,2027-04-24Z,Regular Season,d601gpjtfe63bz3lcrpdc9n3l,no,Doosan Aréna,Doosan Aréna,49.750074229,13.385446072,16,Fixture,2026-09-12,15:00:00,,,,,,,,,,,,,,,,,c6fx1460nlkawjgh67sp7a1hd,Viktoria Plzeň,Plzeň,FC Viktoria Plzeň,PLZ,home,"{""id"": ""5md5tpwr2nmqao528prx43jr7"", ""name"": ""Czechia""}",dchxm00ei80l8ljbcfpdill8k,Sigma Olomouc,Olomouc,SK Sigma Olomouc,OLO,away,"{""id"": ""5md5tpwr2nmqao528prx43jr7"", ""name"": ""Czechia""}"
e90mw3yjw3b9cn3ncvolhr7ys,13,2026-09-05Z,13:00:00Z,7,2,45,1,2026-07-24T13:30:17Z,Slavia Praha vs Zbrojovka Brno,289u5typ3vp4ifwh5thalohmq,Soccer,79plas4983031idr6vw83nuel,Men,bu1l7ckihyr0errxw61p0m05,Czech Liga,Czech First League,Chance liga,CZL,Domestic league,5md5tpwr2nmqao528prx43jr7,Czechia,ei2lksxq5fb6mh8yzxqatwnx0,2026-07-25Z,2027-05-24Z,2026/2027,ejo28sdb3kcl4zgkwjbc8ncb8,e2q01r9o9jwiq1fls93d1sslx,2026-07-25Z,2027-04-24Z,Regular Season,7c48dqxoem7bdglaflo26dizy,no,Fortuna Arena,Fortuna Arena,50.067525002,14.471139908,16,Fixture,2026-09-05,15:00:00,,,,,,,,,,,,,,,,,8kpapuorr6hf0vosnovbreqqd,Slavia Praha,Slavia,SK Slavia Praha,SLA,home,"{""id"": ""5md5tpwr2nmqao528prx43jr7"", ""name"": ""Czechia""}",6k350zwynsc23f0sxw9akgc6y,Zbrojovka Brno,Zbrojovka,FC Zbrojovka Brno,BRN,away,"{""id"": ""5md5tpwr2nmqao528prx43jr7"", ""name"": ""Czechia""}"
e8osmmzfhcnsllpdkeyvpamms,13,2026-09-05Z,13:00:00Z,7,2,45,1,2026-07-23T09:28:02Z,Zlín vs Teplice,289u5typ3vp4ifwh5thalohmq,Soccer,79plas4983031idr6vw83nuel,Men,bu1l7ckihyr0errxw61p0m05,Czech Liga,Czech First League,Chance liga,CZL,Domestic league,5md5tpwr2nmqao528prx43jr7,Czechia,ei2lksxq5fb6mh8yzxqatwnx0,2026-07-25Z,2027-05-24Z,2026/2027,ejo28sdb3kcl4zgkwjbc8ncb8,e2q01r9o9jwiq1fls93d1sslx,2026-07-25Z,2027-04-24Z,Regular Season,9ydptb7ki97jxrfex1l4tvcq6,no,Stadion Letná,Stadion Letná,49.231309756,17.669309378,16,Fixture,2026-09-05,15:00:00,,,,,,,,,,,,,,,,,aj1nbeiatqrs6e47mnhjidn15,Zlín,Zlín,FC Zlín,ZLI,home,"{""id"": ""5md5tpwr2nmqao528prx43jr7"", ""name"": ""Czechia""}",41eivtin75c5fu33x3zfx956b,Teplice,Teplice,FK Teplice,TEP,away,"{""id"": ""5md5tpwr2nmqao528prx43jr7"", ""name"": ""Czechia""}"
e8cz25sc5yyeowjbaqhjoxmvo,13,2026-09-05Z,13:00:00Z,7,2,45,1,2026-07-25T17:26:35Z,Hradec Králové vs Sparta Praha,289u5typ3vp4ifwh5thalohmq,Soccer,79plas4983031idr6vw83nuel,Men,bu1l7ckihyr0errxw61p0m05,Czech Liga,Czech First League,Chance liga,CZL,Domestic league,5md5tpwr2nmqao528prx43jr7,Czechia,ei2lksxq5fb6mh8yzxqatwnx0,2026-07-25Z,2027-05-24Z,2026/2027,ejo28sdb3kcl4zgkwjbc8ncb8,e2q01r9o9jwiq1fls93d1sslx,2026-07-25Z,2027-04-24Z,Regular Season,b1by4990boxacbvh10n5jv5sk,no,FINEP Arena,FINEP Arena,50.206416871,15.845450177,16,Fixture,2026-09-05,15:00:00,,,,,,,,,,,,,,,,,1v75g4bk8vzrvu0jmaro6lila,Hradec Králové,Hradec Kr.,FC Hradec Králové,HKR,home,"{""id"": ""5md5tpwr2nmqao528prx43jr7"", ""name"": ""Czechia""}",5ocdn3a6s75u0d0dy0rbou0xc,Sparta Praha,Sparta,AC Sparta Praha,ACS,away,"{""id"": ""5md5tpwr2nmqao528prx43jr7"", ""name"": ""Czechia""}"
e815ptz128en747jwdf7pllp0,13,2026-09-05Z,13:00:00Z,7,2,45,1,2026-07-24T01:41:55Z,Jablonec vs Slovan Liberec,289u5typ3vp4ifwh5thalohmq,Soccer,79plas4983031idr6vw83nuel,Men,bu1l7ckihyr0errxw61p0m05,Czech Liga,Czech First League,Chance liga,CZL,Domestic league,5md5tpwr2nmqao528prx43jr7,Czechia,ei2lksxq5fb6mh8yzxqatwnx0,2026-07-25Z,2027-05-24Z,2026/2027,ejo28sdb3kcl4zgkwjbc8ncb8,e2q01r9o9jwiq1fls93d1sslx,2026-07-25Z,2027-04-24Z,Regular Season,477e2cn5x9m53k0djxbcmds8b,no,Stadion Střelnice,Stadion Střelnice,50.714915207,15.162243247,16,Fixture,2026-09-05,15:00:00,,,,,,,,,,,,,,,,,bdz8tx20ekj1ryi2e2u13jdl,Jablonec,Jablonec,FK Jablonec,FKJ,home,"{""id"": ""5md5tpwr2nmqao528prx43jr7"", ""name"": ""Czechia""}",2c4rs2vp0tyjiqa7y3gfttf24,Slovan Liberec,Liberec,FC Slovan Liberec,LIB,away,"{""id"": ""5md5tpwr2nmqao528prx43jr7"", ""name"": ""Czechia""}"
e7p9s1r0yde9gp8spiyjtvxuc,13,2026-09-05Z,13:00:00Z,7,2,45,1,2026-07-24T12:48:31Z,Artis Brno vs Viktoria Plzeň,289u5typ3vp4ifwh5thalohmq,Soccer,79plas4983031idr6vw83nuel,Men,bu1l7ckihyr0errxw61p0m05,Czech Liga,Czech First League,Chance liga,CZL,Domestic league,5md5tpwr2nmqao528prx43jr7,Czechia,ei2lksxq5fb6mh8yzxqatwnx0,2026-07-25Z,2027-05-24Z,2026/2027,ejo28sdb3kcl4zgkwjbc8ncb8,e2q01r9o9jwiq1fls93d1sslx,2026-07-25Z,2027-04-24Z,Regular Season,68vgjjgn8036ntz351r3c9mw0,no,ShipEx Aréna,ShipEx Aréna,49.227197061,16.586501598,16,Fixture,2026-09-05,15:00:00,,,,,,,,,,,,,,,,,6onh4wiqdb8r50qa6oyxlbafg,Artis Brno,Artis,SK Artis Brno,ARB,home,"{""id"": ""5md5tpwr2nmqao528prx43jr7"", ""name"": ""Czechia""}",c6fx1460nlkawjgh67sp7a1hd,Viktoria Plzeň,Plzeň,FC Viktoria Plzeň,PLZ,away,"{""id"": ""5md5tpwr2nmqao528prx43jr7"", ""name"": ""Czechia""}"
e7ddbel4vzkfdz7hr9kj8jris,13,2026-09-05Z,13:00:00Z,7,2,45,1,2026-07-25T10:06:07Z,Mladá Boleslav vs Baník Ostrava,289u5typ3vp4ifwh5thalohmq,Soccer,79plas4983031idr6vw83nuel,Men,bu1l7ckihyr0errxw61p0m05,Czech Liga,Czech First League,Chance liga,CZL,Domestic league,5md5tpwr2nmqao528prx43jr7,Czechia,ei2lksxq5fb6mh8yzxqatwnx0,2026-07-25Z,2027-05-24Z,2026/2027,ejo28sdb3kcl4zgkwjbc8ncb8,e2q01r9o9jwiq1fls93d1sslx,2026-07-25Z,2027-04-24Z,Regular Season,dmt7kj588jheugqzw6kmgni5l,no,Lokotrans Aréna,Lokotrans Aréna,50.427180471,14.916987419,16,Fixture,2026-09-05,15:00:00,,,,,,,,,,,,,,,,,2qui2adwsi022vu84b8gdw4z0,Mladá Boleslav,Ml. Boleslav,FK Mladá Boleslav,MBL,home,"{""id"": ""5md5tpwr2nmqao528prx43jr7"", ""name"": ""Czechia""}",dfvvrv84skv23rsn1k6kt4slc,Baník Ostrava,Ostrava,FC Baník Ostrava,FCB,away,"{""id"": ""5md5tpwr2nmqao528prx43jr7"", ""name"": ""Czechia""}"
e71fh3dz2sepkdw0ij865ygpg,13,2026-09-05Z,13:00:00Z,7,2,45,1,2026-07-26T09:20:59Z,Sigma Olomouc vs Bohemians 1905,289u5typ3vp4ifwh5thalohmq,Soccer,79plas4983031idr6vw83nuel,Men,bu1l7ckihyr0errxw61p0m05,Czech Liga,Czech First League,Chance liga,CZL,Domestic league,5md5tpwr2nmqao528prx43jr7,Czechia,ei2lksxq5fb6mh8yzxqatwnx0,2026-07-25Z,2027-05-24Z,2026/2027,ejo28sdb3kcl4zgkwjbc8ncb8,e2q01r9o9jwiq1fls93d1sslx,2026-07-25Z,2027-04-24Z,Regular Season,dh99x428jggw1l8w7r39teeod,no,Andrův stadion,Andrův stadion,49.600120824,17.248245478,16,Fixture,2026-09-05,15:00:00,,,,,,,,,,,,,,,,,dchxm00ei80l8ljbcfpdill8k,Sigma Olomouc,Olomouc,SK Sigma Olomouc,OLO,home,"{""id"": ""5md5tpwr2nmqao528prx43jr7"", ""name"": ""Czechia""}",bqcrqg0367eqzrt4vjb5apu6g,Bohemians 1905,Bohemians,Bohemians Praha 1905,BOH,away,"{""id"": ""5md5tpwr2nmqao528prx43jr7"", ""name"": ""Czechia""}"
e6poh5qnnias7w5t2q4n1klck,13,2026-09-05Z,13:00:00Z,7,2,45,1,2026-07-26T12:21:27Z,Slovácko vs Pardubice,289u5typ3vp4ifwh5thalohmq,Soccer,79plas4983031idr6vw83nuel,Men,bu1l7ckihyr0errxw61p0m05,Czech Liga,Czech First League,Chance liga,CZL,Domestic league,5md5tpwr2nmqao528prx43jr7,Czechia,ei2lksxq5fb6mh8yzxqatwnx0,2026-07-25Z,2027-05-24Z,2026/2027,ejo28sdb3kcl4zgkwjbc8ncb8,e2q01r9o9jwiq1fls93d1sslx,2026-07-25Z,2027-04-24Z,Regular Season,d0xo4iuobvbd1ov2hx3mn89hl,no,Městský fotbalový stadion Miroslava Valenty,Městský fotbalový stadion Miroslava Valenty,49.065515573,17.471448183,16,Fixture,2026-09-05,15:00:00,,,,,,,,,,,,,,,,,bp5x8iw8pstucx6s4iqht6xqf,Slovácko,Slovácko,1. FC Slovácko,FCS,home,"{""id"": ""5md5tpwr2nmqao528prx43jr7"", ""name"": ""Czechia""}",4xbgquadoen1b303u4hi9nhg9,Pardubice,Pardubice,FK Pardubice,PCE,away,"{""id"": ""5md5tpwr2nmqao528prx43jr7"", ""name"": ""Czechia""}"
e6dvujb4uh25nkw4nd3mcvvo4,13,2026-08-29Z,15:00:00Z,6,2,45,1,2026-07-23T08:43:37Z,Teplice vs Jablonec,289u5typ3vp4ifwh5thalohmq,Soccer,79plas4983031idr6vw83nuel,Men,bu1l7ckihyr0errxw61p0m05,Czech Liga,Czech First League,Chance liga,CZL,Domestic league,5md5tpwr2nmqao528prx43jr7,Czechia,ei2lksxq5fb6mh8yzxqatwnx0,2026-07-25Z,2027-05-24Z,2026/2027,ejo28sdb3kcl4zgkwjbc8ncb8,e2q01r9o9jwiq1fls93d1sslx,2026-07-25Z,2027-04-24Z,Regular Season,47vp4hvc9krq6q7ey16tt5xc1,no,AGC Aréna Na Stínadlech,AGC Aréna Na Stínadlech,50.640071736,13.817807436,16,Fixture,2026-08-29,17:00:00,,,,,,,,,,,,,,,,,41eivtin75c5fu33x3zfx956b,Teplice,Teplice,FK Teplice,TEP,home,"{""id"": ""5md5tpwr2nmqao528prx43jr7"", ""name"": ""Czechia""}",bdz8tx20ekj1ryi2e2u13jdl,Jablonec,Jablonec,FK Jablonec,FKJ,away,"{""id"": ""5md5tpwr2nmqao528prx43jr7"", ""name"": ""Czechia""}"
e6201zhptcins0ysky253cq38,13,2026-08-29Z,15:00:00Z,6,2,45,1,2026-07-25T17:26:35Z,Sparta Praha vs Slavia Praha,289u5typ3vp4ifwh5thalohmq,Soccer,79plas4983031idr6vw83nuel,Men,bu1l7ckihyr0errxw61p0m05,Czech Liga,Czech First League,Chance liga,CZL,Domestic league,5md5tpwr2nmqao528prx43jr7,Czechia,ei2lksxq5fb6mh8yzxqatwnx0,2026-07-25Z,2027-05-24Z,2026/2027,ejo28sdb3kcl4zgkwjbc8ncb8,e2q01r9o9jwiq1fls93d1sslx,2026-07-25Z,2027-04-24Z,Regular Season,94ni823vpqbxjv7m1k39cylmr,no,epet ARENA,epet ARENA,50.099816060,14.415827394,16,Fixture,2026-08-29,17:00:00,,,,,,,,,,,,,,,,,5ocdn3a6s75u0d0dy0rbou0xc,Sparta Praha,Sparta,AC Sparta Praha,ACS,home,"{""id"": ""5md5tpwr2nmqao528prx43jr7"", ""name"": ""Czechia""}",8kpapuorr6hf0vosnovbreqqd,Slavia Praha,Slavia,SK Slavia Praha,SLA,away,"{""id"": ""5md5tpwr2nmqao528prx43jr7"", ""name"": ""Czechia""}"
e5q9rf2cnzcgvbi2vjahci7f8,13,2026-08-29Z,15:00:00Z,6,2,45,1,2026-07-23T09:28:02Z,Zbrojovka Brno vs Zlín,289u5typ3vp4ifwh5thalohmq,Soccer,79plas4983031idr6vw83nuel,Men,bu1l7ckihyr0errxw61p0m05,Czech Liga,Czech First League,Chance liga,CZL,Domestic league,5md5tpwr2nmqao528prx43jr7,Czechia,ei2lksxq5fb6mh8yzxqatwnx0,2026-07-25Z,2027-05-24Z,2026/2027,ejo28sdb3kcl4zgkwjbc8ncb8,e2q01r9o9jwiq1fls93d1sslx,2026-07-25Z,2027-04-24Z,Regular Season,68vgjjgn8036ntz351r3c9mw0,no,ShipEx Aréna,ShipEx Aréna,49.227197061,16.586501598,16,Fixture,2026-08-29,17:00:00,,,,,,,,,,,,,,,,,6k350zwynsc23f0sxw9akgc6y,Zbrojovka Brno,Zbrojovka,FC Zbrojovka Brno,BRN,home,"{""id"": ""5md5tpwr2nmqao528prx43jr7"", ""name"": ""Czechia""}",aj1nbeiatqrs6e47mnhjidn15,Zlín,Zlín,FC Zlín,ZLI,away,"{""id"": ""5md5tpwr2nmqao528prx43jr7"", ""name"": ""Czechia""}"
e5eitj12yba30u5rcummky13o,13,2026-08-29Z,15:00:00Z,6,2,45,1,2026-07-24T01:41:55Z,Slovan Liberec vs Hradec Králové,289u5typ3vp4ifwh5thalohmq,Soccer,79plas4983031idr6vw83nuel,Men,bu1l7ckihyr0errxw61p0m05,Czech Liga,Czech First League,Chance liga,CZL,Domestic league,5md5tpwr2nmqao528prx43jr7,Czechia,ei2lksxq5fb6mh8yzxqatwnx0,2026-07-25Z,2027-05-24Z,2026/2027,ejo28sdb3kcl4zgkwjbc8ncb8,e2q01r9o9jwiq1fls93d1sslx,2026-07-25Z,2027-04-24Z,Regular Season,2979bmbkg8c2rzguycikc4izd,no,Stadion u Nisy,Stadion u Nisy,50.776201411,15.050035715,16,Fixture,2026-08-29,17:00:00,,,,,,,,,,,,,,,,,2c4rs2vp0tyjiqa7y3gfttf24,Slovan Liberec,Liberec,FC Slovan Liberec,LIB,home,"{""id"": ""5md5tpwr2nmqao528prx43jr7"", ""name"": ""Czechia""}",1v75g4bk8vzrvu0jmaro6lila,Hradec Králové,Hradec Kr.,FC Hradec Králové,HKR,away,"{""id"": ""5md5tpwr2nmqao528prx43jr7"", ""name"": ""Czechia""}"
e52umkk0wwv9hin9ebg9s6j2s,13,2026-08-29Z,15:00:00Z,6,2,45,1,2026-07-24T12:48:36Z,Pardubice vs Artis Brno,289u5typ3vp4ifwh5thalohmq,Soccer,79plas4983031idr6vw83nuel,Men,bu1l7ckihyr0errxw61p0m05,Czech Liga,Czech First League,Chance liga,CZL,Domestic league,5md5tpwr2nmqao528prx43jr7,Czechia,ei2lksxq5fb6mh8yzxqatwnx0,2026-07-25Z,2027-05-24Z,2026/2027,ejo28sdb3kcl4zgkwjbc8ncb8,e2q01r9o9jwiq1fls93d1sslx,2026-07-25Z,2027-04-24Z,Regular Season,29ligd0aeeadk5h0bv13j9yj8,no,Stadion Arnošta Košťála,Stadion Arnošta Košťála,50.041041815,15.771190566,16,Fixture,2026-08-29,17:00:00,,,,,,,,,,,,,,,,,4xbgquadoen1b303u4hi9nhg9,Pardubice,Pardubice,FK Pardubice,PCE,home,"{""id"": ""5md5tpwr2nmqao528prx43jr7"", ""name"": ""Czechia""}",6onh4wiqdb8r50qa6oyxlbafg,Artis Brno,Artis,SK Artis Brno,ARB,away,"{""id"": ""5md5tpwr2nmqao528prx43jr7"", ""name"": ""Czechia""}"
e4r2s6m7b0ffs14d5k87nfwno,13,2026-08-29Z,15:00:00Z,6,2,45,1,2026-07-26T09:20:59Z,Baník Ostrava vs Sigma Olomouc,289u5typ3vp4ifwh5thalohmq,Soccer,79plas4983031idr6vw83nuel,Men,bu1l7ckihyr0errxw61p0m05,Czech Liga,Czech First League,Chance liga,CZL,Domestic league,5md5tpwr2nmqao528prx43jr7,Czechia,ei2lksxq5fb6mh8yzxqatwnx0,2026-07-25Z,2027-05-24Z,2026/2027,ejo28sdb3kcl4zgkwjbc8ncb8,e2q01r9o9jwiq1fls93d1sslx,2026-07-25Z,2027-04-24Z,Regular Season,1xwzje85tz7gwpynab7es9ieg,no,Městský stadion - Vítkovice Aréna,Městský stadion - Vítkovice Aréna,49.804348544,18.255988955,16,Fixture,2026-08-29,17:00:00,,,,,,,,,,,,,,,,,dfvvrv84skv23rsn1k6kt4slc,Baník Ostrava,Ostrava,FC Baník Ostrava,FCB,home,"{""id"": ""5md5tpwr2nmqao528prx43jr7"", ""name"": ""Czechia""}",dchxm00ei80l8ljbcfpdill8k,Sigma Olomouc,Olomouc,SK Sigma Olomouc,OLO,away,"{""id"": ""5md5tpwr2nmqao528prx43jr7"", ""name"": ""Czechia""}"
e4f60npg7vg7rr6slzfy9x7o4,13,2026-08-29Z,15:00:00Z,6,2,45,1,2026-07-25T14:19:00Z,Bohemians 1905 vs Mladá Boleslav,289u5typ3vp4ifwh5thalohmq,Soccer,79plas4983031idr6vw83nuel,Men,bu1l7ckihyr0errxw61p0m05,Czech Liga,Czech First League,Chance liga,CZL,Domestic league,5md5tpwr2nmqao528prx43jr7,Czechia,ei2lksxq5fb6mh8yzxqatwnx0,2026-07-25Z,2027-05-24Z,2026/2027,ejo28sdb3kcl4zgkwjbc8ncb8,e2q01r9o9jwiq1fls93d1sslx,2026-07-25Z,2027-04-24Z,Regular Season,9cj96q0e19jjqiphv07dsff62,no,Stadion Ďolíček,Stadion Ďolíček,50.066998168,14.454191029,16,Fixture,2026-08-29,17:00:00,,,,,,,,,,,,,,,,,bqcrqg0367eqzrt4vjb5apu6g,Bohemians 1905,Bohemians,Bohemians Praha 1905,BOH,home,"{""id"": ""5md5tpwr2nmqao528prx43jr7"", ""name"": ""Czechia""}",2qui2adwsi022vu84b8gdw4z0,Mladá Boleslav,Ml. Boleslav,FK Mladá Boleslav,MBL,away,"{""id"": ""5md5tpwr2nmqao528prx43jr7"", ""name"": ""Czechia""}"
e43abbqz6oclu6m8k1poo0owk,13,2026-08-29Z,15:00:00Z,6,2,45,1,2026-07-26T12:21:27Z,Viktoria Plzeň vs Slovácko,289u5typ3vp4ifwh5thalohmq,Soccer,79plas4983031idr6vw83nuel,Men,bu1l7ckihyr0errxw61p0m05,Czech Liga,Czech First League,Chance liga,CZL,Domestic league,5md5tpwr2nmqao528prx43jr7,Czechia,ei2lksxq5fb6mh8yzxqatwnx0,2026-07-25Z,2027-05-24Z,2026/2027,ejo28sdb3kcl4zgkwjbc8ncb8,e2q01r9o9jwiq1fls93d1sslx,2026-07-25Z,2027-04-24Z,Regular Season,d601gpjtfe63bz3lcrpdc9n3l,no,Doosan Aréna,Doosan Aréna,49.750074229,13.385446072,16,Fixture,2026-08-29,17:00:00,,,,,,,,,,,,,,,,,c6fx1460nlkawjgh67sp7a1hd,Viktoria Plzeň,Plzeň,FC Viktoria Plzeň,PLZ,home,"{""id"": ""5md5tpwr2nmqao528prx43jr7"", ""name"": ""Czechia""}",bp5x8iw8pstucx6s4iqht6xqf,Slovácko,Slovácko,1. FC Slovácko,FCS,away,"{""id"": ""5md5tpwr2nmqao528prx43jr7"", ""name"": ""Czechia""}"
e1gkmdd8nqoxb62fg6kokqsd0,13,2026-08-23Z,18:00:00Z,5,2,45,1,2026-07-26T09:20:59Z,Sigma Olomouc vs Pardubice,289u5typ3vp4ifwh5thalohmq,Soccer,79plas4983031idr6vw83nuel,Men,bu1l7ckihyr0errxw61p0m05,Czech Liga,Czech First League,Chance liga,CZL,Domestic league,5md5tpwr2nmqao528prx43jr7,Czechia,ei2lksxq5fb6mh8yzxqatwnx0,2026-07-25Z,2027-05-24Z,2026/2027,ejo28sdb3kcl4zgkwjbc8ncb8,e2q01r9o9jwiq1fls93d1sslx,2026-07-25Z,2027-04-24Z,Regular Season,dh99x428jggw1l8w7r39teeod,no,Andrův stadion,Andrův stadion,49.600120824,17.248245478,16,Fixture,2026-08-23,20:00:00,,,,,,,,,,,,,,,,,dchxm00ei80l8ljbcfpdill8k,Sigma Olomouc,Olomouc,SK Sigma Olomouc,OLO,home,"{""id"": ""5md5tpwr2nmqao528prx43jr7"", ""name"": ""Czechia""}",4xbgquadoen1b303u4hi9nhg9,Pardubice,Pardubice,FK Pardubice,PCE,away,"{""id"": ""5md5tpwr2nmqao528prx43jr7"", ""name"": ""Czechia""}"
e3rhc0a46rfp0q4wxte1qgdg4,13,2026-08-23Z,15:00:00Z,5,2,45,1,2026-07-23T08:43:37Z,Teplice vs Zbrojovka Brno,289u5typ3vp4ifwh5thalohmq,Soccer,79plas4983031idr6vw83nuel,Men,bu1l7ckihyr0errxw61p0m05,Czech Liga,Czech First League,Chance liga,CZL,Domestic league,5md5tpwr2nmqao528prx43jr7,Czechia,ei2lksxq5fb6mh8yzxqatwnx0,2026-07-25Z,2027-05-24Z,2026/2027,ejo28sdb3kcl4zgkwjbc8ncb8,e2q01r9o9jwiq1fls93d1sslx,2026-07-25Z,2027-04-24Z,Regular Season,47vp4hvc9krq6q7ey16tt5xc1,no,AGC Aréna Na Stínadlech,AGC Aréna Na Stínadlech,50.640071736,13.817807436,16,Fixture,2026-08-23,17:00:00,,,,,,,,,,,,,,,,,41eivtin75c5fu33x3zfx956b,Teplice,Teplice,FK Teplice,TEP,home,"{""id"": ""5md5tpwr2nmqao528prx43jr7"", ""name"": ""Czechia""}",6k350zwynsc23f0sxw9akgc6y,Zbrojovka Brno,Zbrojovka,FC Zbrojovka Brno,BRN,away,"{""id"": ""5md5tpwr2nmqao528prx43jr7"", ""name"": ""Czechia""}"
e33onve9a2ufq07har0ns0ydw,13,2026-08-23Z,15:00:00Z,5,2,45,1,2026-07-23T07:28:18Z,Hradec Králové vs Viktoria Plzeň,289u5typ3vp4ifwh5thalohmq,Soccer,79plas4983031idr6vw83nuel,Men,bu1l7ckihyr0errxw61p0m05,Czech Liga,Czech First League,Chance liga,CZL,Domestic league,5md5tpwr2nmqao528prx43jr7,Czechia,ei2lksxq5fb6mh8yzxqatwnx0,2026-07-25Z,2027-05-24Z,2026/2027,ejo28sdb3kcl4zgkwjbc8ncb8,e2q01r9o9jwiq1fls93d1sslx,2026-07-25Z,2027-04-24Z,Regular Season,b1by4990boxacbvh10n5jv5sk,no,FINEP Arena,FINEP Arena,50.206416871,15.845450177,16,Fixture,2026-08-23,17:00:00,,,,,,,,,,,,,,,,,1v75g4bk8vzrvu0jmaro6lila,Hradec Králové,Hradec Kr.,FC Hradec Králové,HKR,home,"{""id"": ""5md5tpwr2nmqao528prx43jr7"", ""name"": ""Czechia""}",c6fx1460nlkawjgh67sp7a1hd,Viktoria Plzeň,Plzeň,FC Viktoria Plzeň,PLZ,away,"{""id"": ""5md5tpwr2nmqao528prx43jr7"", ""name"": ""Czechia""}"
e2ftdp6xr2p3hap1zcvijvehg,13,2026-08-23Z,13:00:00Z,5,2,45,1,2026-07-24T13:42:20Z,Jablonec vs Baník Ostrava,289u5typ3vp4ifwh5thalohmq,Soccer,79plas4983031idr6vw83nuel,Men,bu1l7ckihyr0errxw61p0m05,Czech Liga,Czech First League,Chance liga,CZL,Domestic league,5md5tpwr2nmqao528prx43jr7,Czechia,ei2lksxq5fb6mh8yzxqatwnx0,2026-07-25Z,2027-05-24Z,2026/2027,ejo28sdb3kcl4zgkwjbc8ncb8,e2q01r9o9jwiq1fls93d1sslx,2026-07-25Z,2027-04-24Z,Regular Season,477e2cn5x9m53k0djxbcmds8b,no,Stadion Střelnice,Stadion Střelnice,50.714915207,15.162243247,16,Fixture,2026-08-23,15:00:00,,,,,,,,,,,,,,,,,bdz8tx20ekj1ryi2e2u13jdl,Jablonec,Jablonec,FK Jablonec,FKJ,home,"{""id"": ""5md5tpwr2nmqao528prx43jr7"", ""name"": ""Czechia""}",dfvvrv84skv23rsn1k6kt4slc,Baník Ostrava,Ostrava,FC Baník Ostrava,FCB,away,"{""id"": ""5md5tpwr2nmqao528prx43jr7"", ""name"": ""Czechia""}"
e2rs4viw43m78poxzxt8b0xsk,13,2026-08-22Z,18:00:00Z,5,2,45,1,2026-07-25T14:19:00Z,Slavia Praha vs Bohemians 1905,289u5typ3vp4ifwh5thalohmq,Soccer,79plas4983031idr6vw83nuel,Men,bu1l7ckihyr0errxw61p0m05,Czech Liga,Czech First League,Chance liga,CZL,Domestic league,5md5tpwr2nmqao528prx43jr7,Czechia,ei2lksxq5fb6mh8yzxqatwnx0,2026-07-25Z,2027-05-24Z,2026/2027,ejo28sdb3kcl4zgkwjbc8ncb8,e2q01r9o9jwiq1fls93d1sslx,2026-07-25Z,2027-04-24Z,Regular Season,7c48dqxoem7bdglaflo26dizy,no,Fortuna Arena,Fortuna Arena,50.067525002,14.471139908,16,Fixture,2026-08-22,20:00:00,,,,,,,,,,,,,,,,,8kpapuorr6hf0vosnovbreqqd,Slavia Praha,Slavia,SK Slavia Praha,SLA,home,"{""id"": ""5md5tpwr2nmqao528prx43jr7"", ""name"": ""Czechia""}",bqcrqg0367eqzrt4vjb5apu6g,Bohemians 1905,Bohemians,Bohemians Praha 1905,BOH,away,"{""id"": ""5md5tpwr2nmqao528prx43jr7"", ""name"": ""Czechia""}"
e3fmft17vu6x2ivxjla8uqk2c,13,2026-08-22Z,15:00:00Z,5,2,45,1,2026-07-24T01:41:55Z,Zlín vs Slovan Liberec,289u5typ3vp4ifwh5thalohmq,Soccer,79plas4983031idr6vw83nuel,Men,bu1l7ckihyr0errxw61p0m05,Czech Liga,Czech First League,Chance liga,CZL,Domestic league,5md5tpwr2nmqao528prx43jr7,Czechia,ei2lksxq5fb6mh8yzxqatwnx0,2026-07-25Z,2027-05-24Z,2026/2027,ejo28sdb3kcl4zgkwjbc8ncb8,e2q01r9o9jwiq1fls93d1sslx,2026-07-25Z,2027-04-24Z,Regular Season,9ydptb7ki97jxrfex1l4tvcq6,no,Stadion Letná,Stadion Letná,49.231309756,17.669309378,16,Fixture,2026-08-22,17:00:00,,,,,,,,,,,,,,,,,aj1nbeiatqrs6e47mnhjidn15,Zlín,Zlín,FC Zlín,ZLI,home,"{""id"": ""5md5tpwr2nmqao528prx43jr7"", ""name"": ""Czechia""}",2c4rs2vp0tyjiqa7y3gfttf24,Slovan Liberec,Liberec,FC Slovan Liberec,LIB,away,"{""id"": ""5md5tpwr2nmqao528prx43jr7"", ""name"": ""Czechia""}"
e244h5teh5n0vngwgd10bltzo,13,2026-08-22Z,15:00:00Z,5,2,45,1,2026-07-25T17:26:35Z,Artis Brno vs Sparta Praha,289u5typ3vp4ifwh5thalohmq,Soccer,79plas4983031idr6vw83nuel,Men,bu1l7ckihyr0errxw61p0m05,Czech Liga,Czech First League,Chance liga,CZL,Domestic league,5md5tpwr2nmqao528prx43jr7,Czechia,ei2lksxq5fb6mh8yzxqatwnx0,2026-07-25Z,2027-05-24Z,2026/2027,ejo28sdb3kcl4zgkwjbc8ncb8,e2q01r9o9jwiq1fls93d1sslx,2026-07-25Z,2027-04-24Z,Regular Season,68vgjjgn8036ntz351r3c9mw0,no,ShipEx Aréna,ShipEx Aréna,49.227197061,16.586501598,16,Fixture,2026-08-22,17:00:00,,,,,,,,,,,,,,,,,6onh4wiqdb8r50qa6oyxlbafg,Artis Brno,Artis,SK Artis Brno,ARB,home,"{""id"": ""5md5tpwr2nmqao528prx43jr7"", ""name"": ""Czechia""}",5ocdn3a6s75u0d0dy0rbou0xc,Sparta Praha,Sparta,AC Sparta Praha,ACS,away,"{""id"": ""5md5tpwr2nmqao528prx43jr7"", ""name"": ""Czechia""}"
e1sernpd7vlys61qt1dl6ok5w,13,2026-08-22Z,15:00:00Z,5,2,45,1,2026-07-26T12:21:27Z,Mladá Boleslav vs Slovácko,289u5typ3vp4ifwh5thalohmq,Soccer,79plas4983031idr6vw83nuel,Men,bu1l7ckihyr0errxw61p0m05,Czech Liga,Czech First League,Chance liga,CZL,Domestic league,5md5tpwr2nmqao528prx43jr7,Czechia,ei2lksxq5fb6mh8yzxqatwnx0,2026-07-25Z,2027-05-24Z,2026/2027,ejo28sdb3kcl4zgkwjbc8ncb8,e2q01r9o9jwiq1fls93d1sslx,2026-07-25Z,2027-04-24Z,Regular Season,dmt7kj588jheugqzw6kmgni5l,no,Lokotrans Aréna,Lokotrans Aréna,50.427180471,14.916987419,16,Fixture,2026-08-22,17:00:00,,,,,,,,,,,,,,,,,2qui2adwsi022vu84b8gdw4z0,Mladá Boleslav,Ml. Boleslav,FK Mladá Boleslav,MBL,home,"{""id"": ""5md5tpwr2nmqao528prx43jr7"", ""name"": ""Czechia""}",bp5x8iw8pstucx6s4iqht6xqf,Slovácko,Slovácko,1. FC Slovácko,FCS,away,"{""id"": ""5md5tpwr2nmqao528prx43jr7"", ""name"": ""Czechia""}"
dz5e8ka8o9zfwxn0b3m8lobo4,13,2026-08-16Z,18:00:00Z,4,2,45,1,2026-07-24T13:30:17Z,Slovan Liberec vs Slavia Praha,289u5typ3vp4ifwh5thalohmq,Soccer,79plas4983031idr6vw83nuel,Men,bu1l7ckihyr0errxw61p0m05,Czech Liga,Czech First League,Chance liga,CZL,Domestic league,5md5tpwr2nmqao528prx43jr7,Czechia,ei2lksxq5fb6mh8yzxqatwnx0,2026-07-25Z,2027-05-24Z,2026/2027,ejo28sdb3kcl4zgkwjbc8ncb8,e2q01r9o9jwiq1fls93d1sslx,2026-07-25Z,2027-04-24Z,Regular Season,2979bmbkg8c2rzguycikc4izd,no,Stadion u Nisy,Stadion u Nisy,50.776201411,15.050035715,16,Fixture,2026-08-16,20:00:00,,,,,,,,,,,,,,,,,2c4rs2vp0tyjiqa7y3gfttf24,Slovan Liberec,Liberec,FC Slovan Liberec,LIB,home,"{""id"": ""5md5tpwr2nmqao528prx43jr7"", ""name"": ""Czechia""}",8kpapuorr6hf0vosnovbreqqd,Slavia Praha,Slavia,SK Slavia Praha,SLA,away,"{""id"": ""5md5tpwr2nmqao528prx43jr7"", ""name"": ""Czechia""}"
e14r7n508px39sxuel67hb76c,13,2026-08-16Z,15:00:00Z,4,2,45,1,2026-07-21T13:13:48Z,Zbrojovka Brno vs Hradec Králové,289u5typ3vp4ifwh5thalohmq,Soccer,79plas4983031idr6vw83nuel,Men,bu1l7ckihyr0errxw61p0m05,Czech Liga,Czech First League,Chance liga,CZL,Domestic league,5md5tpwr2nmqao528prx43jr7,Czechia,ei2lksxq5fb6mh8yzxqatwnx0,2026-07-25Z,2027-05-24Z,2026/2027,ejo28sdb3kcl4zgkwjbc8ncb8,e2q01r9o9jwiq1fls93d1sslx,2026-07-25Z,2027-04-24Z,Regular Season,68vgjjgn8036ntz351r3c9mw0,no,ShipEx Aréna,ShipEx Aréna,49.227197061,16.586501598,16,Fixture,2026-08-16,17:00:00,,,,,,,,,,,,,,,,,6k350zwynsc23f0sxw9akgc6y,Zbrojovka Brno,Zbrojovka,FC Zbrojovka Brno,BRN,home,"{""id"": ""5md5tpwr2nmqao528prx43jr7"", ""name"": ""Czechia""}",1v75g4bk8vzrvu0jmaro6lila,Hradec Králové,Hradec Kr.,FC Hradec Králové,HKR,away,"{""id"": ""5md5tpwr2nmqao528prx43jr7"", ""name"": ""Czechia""}"
dzt0ezl6r46nekhkixppgi3h0,13,2026-08-16Z,15:00:00Z,4,2,45,1,2026-07-25T14:19:00Z,Bohemians 1905 vs Jablonec,289u5typ3vp4ifwh5thalohmq,Soccer,79plas4983031idr6vw83nuel,Men,bu1l7ckihyr0errxw61p0m05,Czech Liga,Czech First League,Chance liga,CZL,Domestic league,5md5tpwr2nmqao528prx43jr7,Czechia,ei2lksxq5fb6mh8yzxqatwnx0,2026-07-25Z,2027-05-24Z,2026/2027,ejo28sdb3kcl4zgkwjbc8ncb8,e2q01r9o9jwiq1fls93d1sslx,2026-07-25Z,2027-04-24Z,Regular Season,9cj96q0e19jjqiphv07dsff62,no,Stadion Ďolíček,Stadion Ďolíček,50.066998168,14.454191029,16,Fixture,2026-08-16,17:00:00,,,,,,,,,,,,,,,,,bqcrqg0367eqzrt4vjb5apu6g,Bohemians 1905,Bohemians,Bohemians Praha 1905,BOH,home,"{""id"": ""5md5tpwr2nmqao528prx43jr7"", ""name"": ""Czechia""}",bdz8tx20ekj1ryi2e2u13jdl,Jablonec,Jablonec,FK Jablonec,FKJ,away,"{""id"": ""5md5tpwr2nmqao528prx43jr7"", ""name"": ""Czechia""}"
e04wggb9xvo7fsy4dek6s3lzo,13,2026-08-16Z,13:00:00Z,4,2,45,1,2026-07-24T12:48:31Z,Baník Ostrava vs Artis Brno,289u5typ3vp4ifwh5thalohmq,Soccer,79plas4983031idr6vw83nuel,Men,bu1l7ckihyr0errxw61p0m05,Czech Liga,Czech First League,Chance liga,CZL,Domestic league,5md5tpwr2nmqao528prx43jr7,Czechia,ei2lksxq5fb6mh8yzxqatwnx0,2026-07-25Z,2027-05-24Z,2026/2027,ejo28sdb3kcl4zgkwjbc8ncb8,e2q01r9o9jwiq1fls93d1sslx,2026-07-25Z,2027-04-24Z,Regular Season,1xwzje85tz7gwpynab7es9ieg,no,Městský stadion - Vítkovice Aréna,Městský stadion - Vítkovice Aréna,49.804348544,18.255988955,16,Fixture,2026-08-16,15:00:00,,,,,,,,,,,,,,,,,dfvvrv84skv23rsn1k6kt4slc,Baník Ostrava,Ostrava,FC Baník Ostrava,FCB,home,"{""id"": ""5md5tpwr2nmqao528prx43jr7"", ""name"": ""Czechia""}",6onh4wiqdb8r50qa6oyxlbafg,Artis Brno,Artis,SK Artis Brno,ARB,away,"{""id"": ""5md5tpwr2nmqao528prx43jr7"", ""name"": ""Czechia""}"
dythnnhtdtz9bemgnjemx1tsk,13,2026-08-15Z,18:00:00Z,4,2,45,1,2026-07-23T09:28:01Z,Viktoria Plzeň vs Zlín,289u5typ3vp4ifwh5thalohmq,Soccer,79plas4983031idr6vw83nuel,Men,bu1l7ckihyr0errxw61p0m05,Czech Liga,Czech First League,Chance liga,CZL,Domestic league,5md5tpwr2nmqao528prx43jr7,Czechia,ei2lksxq5fb6mh8yzxqatwnx0,2026-07-25Z,2027-05-24Z,2026/2027,ejo28sdb3kcl4zgkwjbc8ncb8,e2q01r9o9jwiq1fls93d1sslx,2026-07-25Z,2027-04-24Z,Regular Season,d601gpjtfe63bz3lcrpdc9n3l,no,Doosan Aréna,Doosan Aréna,49.750074229,13.385446072,16,Fixture,2026-08-15,20:00:00,,,,,,,,,,,,,,,,,c6fx1460nlkawjgh67sp7a1hd,Viktoria Plzeň,Plzeň,FC Viktoria Plzeň,PLZ,home,"{""id"": ""5md5tpwr2nmqao528prx43jr7"", ""name"": ""Czechia""}",aj1nbeiatqrs6e47mnhjidn15,Zlín,Zlín,FC Zlín,ZLI,away,"{""id"": ""5md5tpwr2nmqao528prx43jr7"", ""name"": ""Czechia""}"
e0sx9yjzfsogm43j07sx7do2c,13,2026-08-15Z,15:00:00Z,4,2,45,1,2026-07-26T12:21:27Z,Slovácko vs Sigma Olomouc,289u5typ3vp4ifwh5thalohmq,Soccer,79plas4983031idr6vw83nuel,Men,bu1l7ckihyr0errxw61p0m05,Czech Liga,Czech First League,Chance liga,CZL,Domestic league,5md5tpwr2nmqao528prx43jr7,Czechia,ei2lksxq5fb6mh8yzxqatwnx0,2026-07-25Z,2027-05-24Z,2026/2027,ejo28sdb3kcl4zgkwjbc8ncb8,e2q01r9o9jwiq1fls93d1sslx,2026-07-25Z,2027-04-24Z,Regular Season,d0xo4iuobvbd1ov2hx3mn89hl,no,Městský fotbalový stadion Miroslava Valenty,Městský fotbalový stadion Miroslava Valenty,49.065515573,17.471448183,16,Fixture,2026-08-15,17:00:00,,,,,,,,,,,,,,,,,bp5x8iw8pstucx6s4iqht6xqf,Slovácko,Slovácko,1. FC Slovácko,FCS,home,"{""id"": ""5md5tpwr2nmqao528prx43jr7"", ""name"": ""Czechia""}",dchxm00ei80l8ljbcfpdill8k,Sigma Olomouc,Olomouc,SK Sigma Olomouc,OLO,away,"{""id"": ""5md5tpwr2nmqao528prx43jr7"", ""name"": ""Czechia""}"
e0go2y9aifhlhxegvl8967pck,13,2026-08-15Z,15:00:00Z,4,2,45,1,2026-07-25T10:06:07Z,Pardubice vs Mladá Boleslav,289u5typ3vp4ifwh5thalohmq,Soccer,79plas4983031idr6vw83nuel,Men,bu1l7ckihyr0errxw61p0m05,Czech Liga,Czech First League,Chance liga,CZL,Domestic league,5md5tpwr2nmqao528prx43jr7,Czechia,ei2lksxq5fb6mh8yzxqatwnx0,2026-07-25Z,2027-05-24Z,2026/2027,ejo28sdb3kcl4zgkwjbc8ncb8,e2q01r9o9jwiq1fls93d1sslx,2026-07-25Z,2027-04-24Z,Regular Season,29ligd0aeeadk5h0bv13j9yj8,no,Stadion Arnošta Košťála,Stadion Arnošta Košťála,50.041041815,15.771190566,16,Fixture,2026-08-15,17:00:00,,,,,,,,,,,,,,,,,4xbgquadoen1b303u4hi9nhg9,Pardubice,Pardubice,FK Pardubice,PCE,home,"{""id"": ""5md5tpwr2nmqao528prx43jr7"", ""name"": ""Czechia""}",2qui2adwsi022vu84b8gdw4z0,Mladá Boleslav,Ml. Boleslav,FK Mladá Boleslav,MBL,away,"{""id"": ""5md5tpwr2nmqao528prx43jr7"", ""name"": ""Czechia""}"
dzh4tjdypi2bd3s2n0kusc7pw,13,2026-08-15Z,15:00:00Z,4,2,45,1,2026-07-25T17:26:35Z,Sparta Praha vs Teplice,289u5typ3vp4ifwh5thalohmq,Soccer,79plas4983031idr6vw83nuel,Men,bu1l7ckihyr0errxw61p0m05,Czech Liga,Czech First League,Chance liga,CZL,Domestic league,5md5tpwr2nmqao528prx43jr7,Czechia,ei2lksxq5fb6mh8yzxqatwnx0,2026-07-25Z,2027-05-24Z,2026/2027,ejo28sdb3kcl4zgkwjbc8ncb8,e2q01r9o9jwiq1fls93d1sslx,2026-07-25Z,2027-04-24Z,Regular Season,94ni823vpqbxjv7m1k39cylmr,no,epet ARENA,epet ARENA,50.099816060,14.415827394,16,Fixture,2026-08-15,17:00:00,,,,,,,,,,,,,,,,,5ocdn3a6s75u0d0dy0rbou0xc,Sparta Praha,Sparta,AC Sparta Praha,ACS,home,"{""id"": ""5md5tpwr2nmqao528prx43jr7"", ""name"": ""Czechia""}",41eivtin75c5fu33x3zfx956b,Teplice,Teplice,FK Teplice,TEP,away,"{""id"": ""5md5tpwr2nmqao528prx43jr7"", ""name"": ""Czechia""}"
dwj6x6m9fux9qgpjp7ajt1dzo,13,2026-08-09Z,18:00:00Z,3,2,45,1,2026-07-26T09:20:59Z,Artis Brno vs Sigma Olomouc,289u5typ3vp4ifwh5thalohmq,Soccer,79plas4983031idr6vw83nuel,Men,bu1l7ckihyr0errxw61p0m05,Czech Liga,Czech First League,Chance liga,CZL,Domestic league,5md5tpwr2nmqao528prx43jr7,Czechia,ei2lksxq5fb6mh8yzxqatwnx0,2026-07-25Z,2027-05-24Z,2026/2027,ejo28sdb3kcl4zgkwjbc8ncb8,e2q01r9o9jwiq1fls93d1sslx,2026-07-25Z,2027-04-24Z,Regular Season,68vgjjgn8036ntz351r3c9mw0,no,ShipEx Aréna,ShipEx Aréna,49.227197061,16.586501598,16,Fixture,2026-08-09,20:00:00,,,,,,,,,,,,,,,,,6onh4wiqdb8r50qa6oyxlbafg,Artis Brno,Artis,SK Artis Brno,ARB,home,"{""id"": ""5md5tpwr2nmqao528prx43jr7"", ""name"": ""Czechia""}",dchxm00ei80l8ljbcfpdill8k,Sigma Olomouc,Olomouc,SK Sigma Olomouc,OLO,away,"{""id"": ""5md5tpwr2nmqao528prx43jr7"", ""name"": ""Czechia""}"
dxifdx5hbjbsbpwwkzduonqj8,13,2026-08-09Z,15:00:00Z,3,2,45,1,2026-07-24T13:42:20Z,Hradec Králové vs Baník Ostrava,289u5typ3vp4ifwh5thalohmq,Soccer,79plas4983031idr6vw83nuel,Men,bu1l7ckihyr0errxw61p0m05,Czech Liga,Czech First League,Chance liga,CZL,Domestic league,5md5tpwr2nmqao528prx43jr7,Czechia,ei2lksxq5fb6mh8yzxqatwnx0,2026-07-25Z,2027-05-24Z,2026/2027,ejo28sdb3kcl4zgkwjbc8ncb8,e2q01r9o9jwiq1fls93d1sslx,2026-07-25Z,2027-04-24Z,Regular Season,b1by4990boxacbvh10n5jv5sk,no,FINEP Arena,FINEP Arena,50.206416871,15.845450177,16,Fixture,2026-08-09,17:00:00,,,,,,,,,,,,,,,,,1v75g4bk8vzrvu0jmaro6lila,Hradec Králové,Hradec Kr.,FC Hradec Králové,HKR,home,"{""id"": ""5md5tpwr2nmqao528prx43jr7"", ""name"": ""Czechia""}",dfvvrv84skv23rsn1k6kt4slc,Baník Ostrava,Ostrava,FC Baník Ostrava,FCB,away,"{""id"": ""5md5tpwr2nmqao528prx43jr7"", ""name"": ""Czechia""}"
dwv0zrg1aq9drbsozedks1gk4,13,2026-08-09Z,15:00:00Z,3,2,45,1,2026-07-26T12:21:27Z,Jablonec vs Slovácko,289u5typ3vp4ifwh5thalohmq,Soccer,79plas4983031idr6vw83nuel,Men,bu1l7ckihyr0errxw61p0m05,Czech Liga,Czech First League,Chance liga,CZL,Domestic league,5md5tpwr2nmqao528prx43jr7,Czechia,ei2lksxq5fb6mh8yzxqatwnx0,2026-07-25Z,2027-05-24Z,2026/2027,ejo28sdb3kcl4zgkwjbc8ncb8,e2q01r9o9jwiq1fls93d1sslx,2026-07-25Z,2027-04-24Z,Regular Season,477e2cn5x9m53k0djxbcmds8b,no,Stadion Střelnice,Stadion Střelnice,50.714915207,15.162243247,16,Fixture,2026-08-09,17:00:00,,,,,,,,,,,,,,,,,bdz8tx20ekj1ryi2e2u13jdl,Jablonec,Jablonec,FK Jablonec,FKJ,home,"{""id"": ""5md5tpwr2nmqao528prx43jr7"", ""name"": ""Czechia""}",bp5x8iw8pstucx6s4iqht6xqf,Slovácko,Slovácko,1. FC Slovácko,FCS,away,"{""id"": ""5md5tpwr2nmqao528prx43jr7"", ""name"": ""Czechia""}"
dx6pj6muzituddgbt8b8xjyfo,13,2026-08-09Z,13:00:00Z,3,2,45,1,2026-07-24T13:29:11Z,Slavia Praha vs Pardubice,289u5typ3vp4ifwh5thalohmq,Soccer,79plas4983031idr6vw83nuel,Men,bu1l7ckihyr0errxw61p0m05,Czech Liga,Czech First League,Chance liga,CZL,Domestic league,5md5tpwr2nmqao528prx43jr7,Czechia,ei2lksxq5fb6mh8yzxqatwnx0,2026-07-25Z,2027-05-24Z,2026/2027,ejo28sdb3kcl4zgkwjbc8ncb8,e2q01r9o9jwiq1fls93d1sslx,2026-07-25Z,2027-04-24Z,Regular Season,7c48dqxoem7bdglaflo26dizy,no,Fortuna Arena,Fortuna Arena,50.067525002,14.471139908,16,Fixture,2026-08-09,15:00:00,,,,,,,,,,,,,,,,,8kpapuorr6hf0vosnovbreqqd,Slavia Praha,Slavia,SK Slavia Praha,SLA,home,"{""id"": ""5md5tpwr2nmqao528prx43jr7"", ""name"": ""Czechia""}",4xbgquadoen1b303u4hi9nhg9,Pardubice,Pardubice,FK Pardubice,PCE,away,"{""id"": ""5md5tpwr2nmqao528prx43jr7"", ""name"": ""Czechia""}"
dw7h932p0dt79dbsgt1yv1nv8,13,2026-08-08Z,18:00:00Z,3,2,45,1,2026-07-25T17:26:35Z,Mladá Boleslav vs Sparta Praha,289u5typ3vp4ifwh5thalohmq,Soccer,79plas4983031idr6vw83nuel,Men,bu1l7ckihyr0errxw61p0m05,Czech Liga,Czech First League,Chance liga,CZL,Domestic league,5md5tpwr2nmqao528prx43jr7,Czechia,ei2lksxq5fb6mh8yzxqatwnx0,2026-07-25Z,2027-05-24Z,2026/2027,ejo28sdb3kcl4zgkwjbc8ncb8,e2q01r9o9jwiq1fls93d1sslx,2026-07-25Z,2027-04-24Z,Regular Season,dmt7kj588jheugqzw6kmgni5l,no,Lokotrans Aréna,Lokotrans Aréna,50.427180471,14.916987419,16,Fixture,2026-08-08,20:00:00,,,,,,,,,,,,,,,,,2qui2adwsi022vu84b8gdw4z0,Mladá Boleslav,Ml. Boleslav,FK Mladá Boleslav,MBL,home,"{""id"": ""5md5tpwr2nmqao528prx43jr7"", ""name"": ""Czechia""}",5ocdn3a6s75u0d0dy0rbou0xc,Sparta Praha,Sparta,AC Sparta Praha,ACS,away,"{""id"": ""5md5tpwr2nmqao528prx43jr7"", ""name"": ""Czechia""}"
dy5we9xs6m8et0788fx3eh6ok,13,2026-08-08Z,15:00:00Z,3,2,45,1,2026-07-23T08:43:37Z,Teplice vs Viktoria Plzeň,289u5typ3vp4ifwh5thalohmq,Soccer,79plas4983031idr6vw83nuel,Men,bu1l7ckihyr0errxw61p0m05,Czech Liga,Czech First League,Chance liga,CZL,Domestic league,5md5tpwr2nmqao528prx43jr7,Czechia,ei2lksxq5fb6mh8yzxqatwnx0,2026-07-25Z,2027-05-24Z,2026/2027,ejo28sdb3kcl4zgkwjbc8ncb8,e2q01r9o9jwiq1fls93d1sslx,2026-07-25Z,2027-04-24Z,Regular Season,47vp4hvc9krq6q7ey16tt5xc1,no,AGC Aréna Na Stínadlech,AGC Aréna Na Stínadlech,50.640071736,13.817807436,16,Fixture,2026-08-08,17:00:00,,,,,,,,,,,,,,,,,41eivtin75c5fu33x3zfx956b,Teplice,Teplice,FK Teplice,TEP,home,"{""id"": ""5md5tpwr2nmqao528prx43jr7"", ""name"": ""Czechia""}",c6fx1460nlkawjgh67sp7a1hd,Viktoria Plzeň,Plzeň,FC Viktoria Plzeň,PLZ,away,"{""id"": ""5md5tpwr2nmqao528prx43jr7"", ""name"": ""Czechia""}"
dxu8c3864z96rpl4r73bfmz2s,13,2026-08-08Z,15:00:00Z,3,2,45,1,2026-07-25T14:19:00Z,Zlín vs Bohemians 1905,289u5typ3vp4ifwh5thalohmq,Soccer,79plas4983031idr6vw83nuel,Men,bu1l7ckihyr0errxw61p0m05,Czech Liga,Czech First League,Chance liga,CZL,Domestic league,5md5tpwr2nmqao528prx43jr7,Czechia,ei2lksxq5fb6mh8yzxqatwnx0,2026-07-25Z,2027-05-24Z,2026/2027,ejo28sdb3kcl4zgkwjbc8ncb8,e2q01r9o9jwiq1fls93d1sslx,2026-07-25Z,2027-04-24Z,Regular Season,9ydptb7ki97jxrfex1l4tvcq6,no,Stadion Letná,Stadion Letná,49.231309756,17.669309378,16,Fixture,2026-08-08,17:00:00,,,,,,,,,,,,,,,,,aj1nbeiatqrs6e47mnhjidn15,Zlín,Zlín,FC Zlín,ZLI,home,"{""id"": ""5md5tpwr2nmqao528prx43jr7"", ""name"": ""Czechia""}",bqcrqg0367eqzrt4vjb5apu6g,Bohemians 1905,Bohemians,Bohemians Praha 1905,BOH,away,"{""id"": ""5md5tpwr2nmqao528prx43jr7"", ""name"": ""Czechia""}"
dyhoo0ahf1wd1ifg4di8mhgyc,13,2026-08-07Z,17:00:00Z,3,2,45,1,2026-07-24T01:41:55Z,Zbrojovka Brno vs Slovan Liberec,289u5typ3vp4ifwh5thalohmq,Soccer,79plas4983031idr6vw83nuel,Men,bu1l7ckihyr0errxw61p0m05,Czech Liga,Czech First League,Chance liga,CZL,Domestic league,5md5tpwr2nmqao528prx43jr7,Czechia,ei2lksxq5fb6mh8yzxqatwnx0,2026-07-25Z,2027-05-24Z,2026/2027,ejo28sdb3kcl4zgkwjbc8ncb8,e2q01r9o9jwiq1fls93d1sslx,2026-07-25Z,2027-04-24Z,Regular Season,68vgjjgn8036ntz351r3c9mw0,no,ShipEx Aréna,ShipEx Aréna,49.227197061,16.586501598,16,Fixture,2026-08-07,19:00:00,,,,,,,,,,,,,,,,,6k350zwynsc23f0sxw9akgc6y,Zbrojovka Brno,Zbrojovka,FC Zbrojovka Brno,BRN,home,"{""id"": ""5md5tpwr2nmqao528prx43jr7"", ""name"": ""Czechia""}",2c4rs2vp0tyjiqa7y3gfttf24,Slovan Liberec,Liberec,FC Slovan Liberec,LIB,away,"{""id"": ""5md5tpwr2nmqao528prx43jr7"", ""name"": ""Czechia""}"
dv80sywf18navj3cglu5vqm8k,13,2026-08-02Z,18:00:00Z,2,2,45,1,2026-07-24T13:29:11Z,Pardubice vs Jablonec,289u5typ3vp4ifwh5thalohmq,Soccer,79plas4983031idr6vw83nuel,Men,bu1l7ckihyr0errxw61p0m05,Czech Liga,Czech First League,Chance liga,CZL,Domestic league,5md5tpwr2nmqao528prx43jr7,Czechia,ei2lksxq5fb6mh8yzxqatwnx0,2026-07-25Z,2027-05-24Z,2026/2027,ejo28sdb3kcl4zgkwjbc8ncb8,e2q01r9o9jwiq1fls93d1sslx,2026-07-25Z,2027-04-24Z,Regular Season,29ligd0aeeadk5h0bv13j9yj8,no,Stadion Arnošta Košťála,Stadion Arnošta Košťála,50.041041815,15.771190566,16,Fixture,2026-08-02,20:00:00,,,,,,,,,,,,,,,,,4xbgquadoen1b303u4hi9nhg9,Pardubice,Pardubice,FK Pardubice,PCE,home,"{""id"": ""5md5tpwr2nmqao528prx43jr7"", ""name"": ""Czechia""}",bdz8tx20ekj1ryi2e2u13jdl,Jablonec,Jablonec,FK Jablonec,FKJ,away,"{""id"": ""5md5tpwr2nmqao528prx43jr7"", ""name"": ""Czechia""}"
duk9hab5wbrm9bp1vt375dmvo,13,2026-08-02Z,15:30:00Z,2,2,45,1,2026-07-25T14:19:00Z,Bohemians 1905 vs Hradec Králové,289u5typ3vp4ifwh5thalohmq,Soccer,79plas4983031idr6vw83nuel,Men,bu1l7ckihyr0errxw61p0m05,Czech Liga,Czech First League,Chance liga,CZL,Domestic league,5md5tpwr2nmqao528prx43jr7,Czechia,ei2lksxq5fb6mh8yzxqatwnx0,2026-07-25Z,2027-05-24Z,2026/2027,ejo28sdb3kcl4zgkwjbc8ncb8,e2q01r9o9jwiq1fls93d1sslx,2026-07-25Z,2027-04-24Z,Regular Season,9cj96q0e19jjqiphv07dsff62,no,Stadion Ďolíček,Stadion Ďolíček,50.066998168,14.454191029,16,Fixture,2026-08-02,17:30:00,,,,,,,,,,,,,,,,,bqcrqg0367eqzrt4vjb5apu6g,Bohemians 1905,Bohemians,Bohemians Praha 1905,BOH,home,"{""id"": ""5md5tpwr2nmqao528prx43jr7"", ""name"": ""Czechia""}",1v75g4bk8vzrvu0jmaro6lila,Hradec Králové,Hradec Kr.,FC Hradec Králové,HKR,away,"{""id"": ""5md5tpwr2nmqao528prx43jr7"", ""name"": ""Czechia""}"
dvvprrttavn0x3l9sdacuod1w,13,2026-08-02Z,13:00:00Z,2,2,45,1,2026-07-26T09:20:59Z,Sigma Olomouc vs Mladá Boleslav,289u5typ3vp4ifwh5thalohmq,Soccer,79plas4983031idr6vw83nuel,Men,bu1l7ckihyr0errxw61p0m05,Czech Liga,Czech First League,Chance liga,CZL,Domestic league,5md5tpwr2nmqao528prx43jr7,Czechia,ei2lksxq5fb6mh8yzxqatwnx0,2026-07-25Z,2027-05-24Z,2026/2027,ejo28sdb3kcl4zgkwjbc8ncb8,e2q01r9o9jwiq1fls93d1sslx,2026-07-25Z,2027-04-24Z,Regular Season,dh99x428jggw1l8w7r39teeod,no,Andrův stadion,Andrův stadion,49.600120824,17.248245478,16,Fixture,2026-08-02,15:00:00,,,,,,,,,,,,,,,,,dchxm00ei80l8ljbcfpdill8k,Sigma Olomouc,Olomouc,SK Sigma Olomouc,OLO,home,"{""id"": ""5md5tpwr2nmqao528prx43jr7"", ""name"": ""Czechia""}",2qui2adwsi022vu84b8gdw4z0,Mladá Boleslav,Ml. Boleslav,FK Mladá Boleslav,MBL,away,"{""id"": ""5md5tpwr2nmqao528prx43jr7"", ""name"": ""Czechia""}"
dtkpa5kxp5qvoillj4hbv31n8,13,2026-08-01Z,18:00:00Z,2,2,45,1,2026-07-23T07:28:18Z,Viktoria Plzeň vs Zbrojovka Brno,289u5typ3vp4ifwh5thalohmq,Soccer,79plas4983031idr6vw83nuel,Men,bu1l7ckihyr0errxw61p0m05,Czech Liga,Czech First League,Chance liga,CZL,Domestic league,5md5tpwr2nmqao528prx43jr7,Czechia,ei2lksxq5fb6mh8yzxqatwnx0,2026-07-25Z,2027-05-24Z,2026/2027,ejo28sdb3kcl4zgkwjbc8ncb8,e2q01r9o9jwiq1fls93d1sslx,2026-07-25Z,2027-04-24Z,Regular Season,d601gpjtfe63bz3lcrpdc9n3l,no,Doosan Aréna,Doosan Aréna,49.750074229,13.385446072,16,Fixture,2026-08-01,20:00:00,,,,,,,,,,,,,,,,,c6fx1460nlkawjgh67sp7a1hd,Viktoria Plzeň,Plzeň,FC Viktoria Plzeň,PLZ,home,"{""id"": ""5md5tpwr2nmqao528prx43jr7"", ""name"": ""Czechia""}",6k350zwynsc23f0sxw9akgc6y,Zbrojovka Brno,Zbrojovka,FC Zbrojovka Brno,BRN,away,"{""id"": ""5md5tpwr2nmqao528prx43jr7"", ""name"": ""Czechia""}"
dvjwtfkd7k82gy90wxp0045qs,13,2026-08-01Z,15:00:00Z,2,2,45,1,2026-07-26T12:21:27Z,Slovácko vs Artis Brno,289u5typ3vp4ifwh5thalohmq,Soccer,79plas4983031idr6vw83nuel,Men,bu1l7ckihyr0errxw61p0m05,Czech Liga,Czech First League,Chance liga,CZL,Domestic league,5md5tpwr2nmqao528prx43jr7,Czechia,ei2lksxq5fb6mh8yzxqatwnx0,2026-07-25Z,2027-05-24Z,2026/2027,ejo28sdb3kcl4zgkwjbc8ncb8,e2q01r9o9jwiq1fls93d1sslx,2026-07-25Z,2027-04-24Z,Regular Season,d0xo4iuobvbd1ov2hx3mn89hl,no,Městský fotbalový stadion Miroslava Valenty,Městský fotbalový stadion Miroslava Valenty,49.065515573,17.471448183,16,Fixture,2026-08-01,17:00:00,,,,,,,,,,,,,,,,,bp5x8iw8pstucx6s4iqht6xqf,Slovácko,Slovácko,1. FC Slovácko,FCS,home,"{""id"": ""5md5tpwr2nmqao528prx43jr7"", ""name"": ""Czechia""}",6onh4wiqdb8r50qa6oyxlbafg,Artis Brno,Artis,SK Artis Brno,ARB,away,"{""id"": ""5md5tpwr2nmqao528prx43jr7"", ""name"": ""Czechia""}"
duw495dcnnljh7hemplbl5k44,13,2026-08-01Z,15:00:00Z,2,2,45,1,2026-07-24T13:30:17Z,Baník Ostrava vs Slavia Praha,289u5typ3vp4ifwh5thalohmq,Soccer,79plas4983031idr6vw83nuel,Men,bu1l7ckihyr0errxw61p0m05,Czech Liga,Czech First League,Chance liga,CZL,Domestic league,5md5tpwr2nmqao528prx43jr7,Czechia,ei2lksxq5fb6mh8yzxqatwnx0,2026-07-25Z,2027-05-24Z,2026/2027,ejo28sdb3kcl4zgkwjbc8ncb8,e2q01r9o9jwiq1fls93d1sslx,2026-07-25Z,2027-04-24Z,Regular Season,1xwzje85tz7gwpynab7es9ieg,no,Městský stadion - Vítkovice Aréna,Městský stadion - Vítkovice Aréna,49.804348544,18.255988955,16,Fixture,2026-08-01,17:00:00,,,,,,,,,,,,,,,,,dfvvrv84skv23rsn1k6kt4slc,Baník Ostrava,Ostrava,FC Baník Ostrava,FCB,home,"{""id"": ""5md5tpwr2nmqao528prx43jr7"", ""name"": ""Czechia""}",8kpapuorr6hf0vosnovbreqqd,Slavia Praha,Slavia,SK Slavia Praha,SLA,away,"{""id"": ""5md5tpwr2nmqao528prx43jr7"", ""name"": ""Czechia""}"
dtwha3g4tp7v6oc5nemzoy904,13,2026-08-01Z,15:00:00Z,2,2,45,1,2026-07-24T01:41:55Z,Slovan Liberec vs Teplice,289u5typ3vp4ifwh5thalohmq,Soccer,79plas4983031idr6vw83nuel,Men,bu1l7ckihyr0errxw61p0m05,Czech Liga,Czech First League,Chance liga,CZL,Domestic league,5md5tpwr2nmqao528prx43jr7,Czechia,ei2lksxq5fb6mh8yzxqatwnx0,2026-07-25Z,2027-05-24Z,2026/2027,ejo28sdb3kcl4zgkwjbc8ncb8,e2q01r9o9jwiq1fls93d1sslx,2026-07-25Z,2027-04-24Z,Regular Season,2979bmbkg8c2rzguycikc4izd,no,Stadion u Nisy,Stadion u Nisy,50.776201411,15.050035715,16,Fixture,2026-08-01,17:00:00,,,,,,,,,,,,,,,,,2c4rs2vp0tyjiqa7y3gfttf24,Slovan Liberec,Liberec,FC Slovan Liberec,LIB,home,"{""id"": ""5md5tpwr2nmqao528prx43jr7"", ""name"": ""Czechia""}",41eivtin75c5fu33x3zfx956b,Teplice,Teplice,FK Teplice,TEP,away,"{""id"": ""5md5tpwr2nmqao528prx43jr7"", ""name"": ""Czechia""}"
du8cj47odost9657n1ekoox78,13,2026-07-31Z,17:00:00Z,2,2,45,1,2026-07-25T17:26:35Z,Sparta Praha vs Zlín,289u5typ3vp4ifwh5thalohmq,Soccer,79plas4983031idr6vw83nuel,Men,bu1l7ckihyr0errxw61p0m05,Czech Liga,Czech First League,Chance liga,CZL,Domestic league,5md5tpwr2nmqao528prx43jr7,Czechia,ei2lksxq5fb6mh8yzxqatwnx0,2026-07-25Z,2027-05-24Z,2026/2027,ejo28sdb3kcl4zgkwjbc8ncb8,e2q01r9o9jwiq1fls93d1sslx,2026-07-25Z,2027-04-24Z,Regular Season,94ni823vpqbxjv7m1k39cylmr,no,epet ARENA,epet ARENA,50.099816060,14.415827394,16,Fixture,2026-07-31,19:00:00,,,,,,,,,,,,,,,,,5ocdn3a6s75u0d0dy0rbou0xc,Sparta Praha,Sparta,AC Sparta Praha,ACS,home,"{""id"": ""5md5tpwr2nmqao528prx43jr7"", ""name"": ""Czechia""}",aj1nbeiatqrs6e47mnhjidn15,Zlín,Zlín,FC Zlín,ZLI,away,"{""id"": ""5md5tpwr2nmqao528prx43jr7"", ""name"": ""Czechia""}"
dqt1ywsyx2nqjkrnzf4ewasd0,13,2026-07-27Z,16:00:00Z,1,2,45,1,2026-07-25T10:06:07Z,Artis Brno vs Mladá Boleslav,289u5typ3vp4ifwh5thalohmq,Soccer,79plas4983031idr6vw83nuel,Men,bu1l7ckihyr0errxw61p0m05,Czech Liga,Czech First League,Chance liga,CZL,Domestic league,5md5tpwr2nmqao528prx43jr7,Czechia,ei2lksxq5fb6mh8yzxqatwnx0,2026-07-25Z,2027-05-24Z,2026/2027,ejo28sdb3kcl4zgkwjbc8ncb8,e2q01r9o9jwiq1fls93d1sslx,2026-07-25Z,2027-04-24Z,Regular Season,68vgjjgn8036ntz351r3c9mw0,no,ShipEx Aréna,ShipEx Aréna,49.227197061,16.586501598,16,Fixture,2026-07-27,18:00:00,,,,,,,,,,,,,,,,,6onh4wiqdb8r50qa6oyxlbafg,Artis Brno,Artis,SK Artis Brno,ARB,home,"{""id"": ""5md5tpwr2nmqao528prx43jr7"", ""name"": ""Czechia""}",2qui2adwsi022vu84b8gdw4z0,Mladá Boleslav,Ml. Boleslav,FK Mladá Boleslav,MBL,away,"{""id"": ""5md5tpwr2nmqao528prx43jr7"", ""name"": ""Czechia""}"
ds11wwhrx8yjqb7uht5njsu1g,13,2026-07-26Z,18:00:00Z,1,2,45,1,2026-07-26T19:53:45Z,Hradec Králové vs Pardubice,289u5typ3vp4ifwh5thalohmq,Soccer,79plas4983031idr6vw83nuel,Men,bu1l7ckihyr0errxw61p0m05,Czech Liga,Czech First League,Chance liga,CZL,Domestic league,5md5tpwr2nmqao528prx43jr7,Czechia,ei2lksxq5fb6mh8yzxqatwnx0,2026-07-25Z,2027-05-24Z,2026/2027,ejo28sdb3kcl4zgkwjbc8ncb8,e2q01r9o9jwiq1fls93d1sslx,2026-07-25Z,2027-04-24Z,Regular Season,b1by4990boxacbvh10n5jv5sk,no,FINEP Arena,FINEP Arena,50.206416871,15.845450177,14,Played,2026-07-26,20:00:00,home,95.0,45.0,"[{'id': 1, 'start': '2026-07-26T18:00:40Z', 'end': '2026-07-26T18:47:34Z', 'lengthMin': 46, 'lengthSec': 54, 'announcedInjuryTime': 60}, {'id': 2, 'start': '2026-07-26T19:04:41Z', 'end': '2026-07-26T19:53:32Z', 'lengthMin': 48, 'lengthSec': 51, 'announcedInjuryTime': 180}]",1.0,0.0,2.0,1.0,2.0,1.0,"[{'contestantId': '1v75g4bk8vzrvu0jmaro6lila', 'periodId': 1, 'timeMin': 44, 'timeMinSec': '43:16', 'lastUpdated': '2026-07-26T18:44:34Z', 'timestamp': '2026-07-26T18:43:57Z', 'type': 'G', 'scorerId': 'a39nidkjopd50d1gk58soo1cl', 'scorerName': 'M. van Buren', 'optaEventId': '2949434921', 'homeScore': 1, 'awayScore': 0}, {'contestantId': '1v75g4bk8vzrvu0jmaro6lila', 'periodId': 2, 'timeMin': 56, 'timeMinSec': '55:20', 'lastUpdated': '2026-07-26T19:15:56Z', 'timestamp': '2026-07-26T19:15:01Z', 'type': 'G', 'scorerId': '77r4hf2uohwyjw93tfx6sk9gp', 'scorerName': 'F. Čech', 'assistPlayerId': '3bh2udfj5run303fagtx1s8vd', 'assistPlayerName': 'D. Horák', 'optaEventId': '2949448707', 'homeScore': 2, 'awayScore': 0}, {'contestantId': '4xbgquadoen1b303u4hi9nhg9', 'periodId': 2, 'timeMin': 60, 'timeMinSec': '59:13', 'lastUpdated': '2026-07-26T19:19:39Z', 'timestamp': '2026-07-26T19:18:54Z', 'type': 'G', 'scorerId': '9plkv3xyfpehai7ykea3mrxuc', 'scorerName': 'T. Boledovič', 'assistPlayerId': 'demb824ov7b94i3wurdvsavis', 'assistPlayerName': 'J. Trédl', 'optaEventId': '2949450905', 'homeScore': 2, 'awayScore': 1}]","[{'contestantId': '1v75g4bk8vzrvu0jmaro6lila', 'periodId': 1, 'timeMin': 38, 'timeMinSec': '37:43', 'lastUpdated': '2026-07-26T18:38:31Z', 'timestamp': '2026-07-26T18:38:24Z', 'type': 'YC', 'playerId': 'xbp16o2bijkl84w1lklyua51', 'playerName': 'S. Dancák', 'optaEventId': '2949432343', 'cardReason': 'Foul'}, {'contestantId': '4xbgquadoen1b303u4hi9nhg9', 'periodId': 2, 'timeMin': 67, 'timeMinSec': '66:33', 'lastUpdated': '2026-07-26T19:26:26Z', 'timestamp': '2026-07-26T19:26:14Z', 'type': 'YC', 'playerId': '967nbt67qy1hcw8mijqmkdt5', 'playerName': 'V. Patrák', 'optaEventId': '2949454571', 'cardReason': 'Foul'}, {'contestantId': '4xbgquadoen1b303u4hi9nhg9', 'periodId': 2, 'timeMin': 69, 'timeMinSec': '68:51', 'lastUpdated': '2026-07-26T19:28:36Z', 'timestamp': '2026-07-26T19:28:32Z', 'type': 'YC', 'playerId': 'dy5id5li7v8wb5wjromm1ug44', 'playerName': 'V. Samuel', 'optaEventId': '2949455927', 'cardReason': 'Foul'}, {'contestantId': '1v75g4bk8vzrvu0jmaro6lila', 'periodId': 2, 'timeMin': 88, 'timeMinSec': '87:07', 'lastUpdated': '2026-07-26T19:46:59Z', 'timestamp': '2026-07-26T19:46:48Z', 'type': 'YC', 'playerId': '8pqbe4ifb4zsbm6g3d1zy6fah', 'playerName': 'T. Wiesner', 'optaEventId': '2949466815', 'cardReason': 'Foul'}]","[{'contestantId': '4xbgquadoen1b303u4hi9nhg9', 'periodId': 2, 'timeMin': 46, 'timeMinSec': '45:00', 'lastUpdated': '2026-07-26T19:04:01Z', 'timestamp': '2026-07-26T19:03:57Z', 'playerOnId': 'egd0soczfzl4sfqjg1h1cd0yc', 'playerOnName': 'T. Jelínek', 'playerOffId': '6ylf2fimuffty7tjuqvdlx5d6', 'playerOffName': 'S. Šimek', 'subReason': 'Tactical'}, {'contestantId': '4xbgquadoen1b303u4hi9nhg9', 'periodId': 2, 'timeMin': 46, 'timeMinSec': '45:00', 'lastUpdated': '2026-07-26T19:04:10Z', 'timestamp': '2026-07-26T19:03:57Z', 'playerOnId': '7d652ns7jnbtq16jpq06qml1w', 'playerOnName': 'D. Smékal', 'playerOffId': '4hwlycgbyl3s2jtqzc9dxuyuh', 'playerOffName': 'V. Drchal', 'subReason': 'Tactical'}, {'contestantId': '4xbgquadoen1b303u4hi9nhg9', 'periodId': 2, 'timeMin': 61, 'timeMinSec': '60:17', 'lastUpdated': '2026-07-26T19:20:03Z', 'timestamp': '2026-07-26T19:19:58Z', 'playerOnId': 'dy5id5li7v8wb5wjromm1ug44', 'playerOnName': 'V. Samuel', 'playerOffId': 'eq790ntit6131xw3ag2x0siui', 'playerOffName': 'A. Tanko', 'subReason': 'Tactical'}, {'contestantId': '1v75g4bk8vzrvu0jmaro6lila', 'periodId': 2, 'timeMin': 61, 'timeMinSec': '60:31', 'lastUpdated': '2026-07-26T19:20:19Z', 'timestamp': '2026-07-26T19:20:12Z', 'playerOnId': '5rlyn13uzbrn3wevjkj8agzc9', 'playerOnName': 'J. Kučera', 'playerOffId': 'a39nidkjopd50d1gk58soo1cl', 'playerOffName': 'M. van Buren', 'subReason': 'Tactical'}, {'contestantId': '1v75g4bk8vzrvu0jmaro6lila', 'periodId': 2, 'timeMin': 61, 'timeMinSec': '60:39', 'lastUpdated': '2026-07-26T19:20:25Z', 'timestamp': '2026-07-26T19:20:20Z', 'playerOnId': '67sn4t5twr0ludex2p8nowr11', 'playerOnName': 'A. Vlkanova', 'playerOffId': 'xbp16o2bijkl84w1lklyua51', 'playerOffName': 'S. Dancák', 'subReason': 'Tactical'}, {'contestantId': '4xbgquadoen1b303u4hi9nhg9', 'periodId': 2, 'timeMin': 77, 'timeMinSec': '76:51', 'lastUpdated': '2026-07-26T19:36:36Z', 'timestamp': '2026-07-26T19:36:32Z', 'playerOnId': '74yc9dl83jxyrhzti2qhv2w6i', 'playerOnName': 'G. Botos', 'playerOffId': 'demb824ov7b94i3wurdvsavis', 'playerOffName': 'J. Trédl', 'subReason': 'Tactical'}, {'contestantId': '4xbgquadoen1b303u4hi9nhg9', 'periodId': 2, 'timeMin': 78, 'timeMinSec': '77:11', 'lastUpdated': '2026-07-26T19:36:57Z', 'timestamp': '2026-07-26T19:36:52Z', 'playerOnId': '27chkyk622r5lmd02mnnz8jys', 'playerOnName': 'M. Traore', 'playerOffId': '967nbt67qy1hcw8mijqmkdt5', 'playerOffName': 'V. Patrák', 'subReason': 'Injury'}, {'contestantId': '1v75g4bk8vzrvu0jmaro6lila', 'periodId': 2, 'timeMin': 87, 'timeMinSec': '86:43', 'lastUpdated': '2026-07-26T19:46:33Z', 'timestamp': '2026-07-26T19:46:24Z', 'playerOnId': 'cf3ufh2lfaers984e4bv0lk2d', 'playerOnName': 'D. Trubač', 'playerOffId': '4wbrkcm2bxeps49cjf747or2s', 'playerOffName': 'T. Slončík', 'subReason': 'Tactical'}, {'contestantId': '1v75g4bk8vzrvu0jmaro6lila', 'periodId': 2, 'timeMin': 94, 'timeMinSec': '93:24', 'lastUpdated': '2026-07-26T19:53:13Z', 'timestamp': '2026-07-26T19:53:05Z', 'playerOnId': 'dwtsvr6ry7yst8geoofdzbtgp', 'playerOnName': 'M. Regža', 'playerOffId': 'cg3fk0cm3r2edv5u9ng4ef4yd', 'playerOffName': 'O. Mihálik', 'subReason': 'Tactical'}, {'contestantId': '1v75g4bk8vzrvu0jmaro6lila', 'periodId': 2, 'timeMin': 94, 'timeMinSec': '93:32', 'lastUpdated': '2026-07-26T19:53:18Z', 'timestamp': '2026-07-26T19:53:13Z', 'playerOnId': '1j9ty6ncoes22t954ygd6mpsk', 'playerOnName': 'D. Ludvíček', 'playerOffId': '8pqbe4ifb4zsbm6g3d1zy6fah', 'playerOffName': 'T. Wiesner', 'subReason': 'Tactical'}]","[{'id': '9uja8q2hpjiwggs338bddxal1', 'type': 'Main', 'firstName': 'Ondřej', 'lastName': 'Berka', 'shortFirstName': 'Ondrej', 'shortLastName': 'Berka'}, {'id': '4o62o8qacg19xhg74v5zoflyh', 'type': 'Assistant referee 1', 'firstName': 'Matěj', 'lastName': 'Vlček', 'shortFirstName': 'Matej', 'shortLastName': 'Vlcek'}, {'id': '5mklpzhp4gk4e1ixvnrwwoley', 'type': 'Assistant referee 2', 'firstName': 'Jiří', 'lastName': 'Pečenka', 'shortFirstName': 'Jiri', 'shortLastName': 'Pecenka'}, {'id': 'bb1kkg13ireh89p9a1piyuyvo', 'type': 'Fourth official', 'firstName': 'Jakub', 'lastName': 'Wulkan', 'shortFirstName': 'Jakub', 'shortLastName': 'Wulkan'}, {'id': 'crc2x737s2zrm81mfbwto6a51', 'type': 'Video Assistant Referee', 'firstName': 'Jana', 'lastName': 'Adámková', 'shortFirstName': 'Jana', 'shortLastName': 'Adámková'}, {'id': 'bf1sjzzaxz9fqud2z5405a6l1', 'type': 'Assistant VAR Official', 'firstName': 'Miroslav', 'lastName': 'Zelinka', 'shortFirstName': 'Miroslav', 'shortLastName': 'Zelinka'}]",,,1v75g4bk8vzrvu0jmaro6lila,Hradec Králové,Hradec Kr.,FC Hradec Králové,HKR,home,"{""id"": ""5md5tpwr2nmqao528prx43jr7"", ""name"": ""Czechia""}",4xbgquadoen1b303u4hi9nhg9,Pardubice,Pardubice,FK Pardubice,PCE,away,"{""id"": ""5md5tpwr2nmqao528prx43jr7"", ""name"": ""Czechia""}"
dr7qxosilpwjafaq7kq454u1g,13,2026-07-26Z,15:30:00Z,1,2,45,1,2026-07-26T17:36:59Z,Jablonec vs Sigma Olomouc,289u5typ3vp4ifwh5thalohmq,Soccer,79plas4983031idr6vw83nuel,Men,bu1l7ckihyr0errxw61p0m05,Czech Liga,Czech First League,Chance liga,CZL,Domestic league,5md5tpwr2nmqao528prx43jr7,Czechia,ei2lksxq5fb6mh8yzxqatwnx0,2026-07-25Z,2027-05-24Z,2026/2027,ejo28sdb3kcl4zgkwjbc8ncb8,e2q01r9o9jwiq1fls93d1sslx,2026-07-25Z,2027-04-24Z,Regular Season,477e2cn5x9m53k0djxbcmds8b,no,Stadion Střelnice,Stadion Střelnice,50.714915207,15.162243247,14,Played,2026-07-26,17:30:00,home,96.0,12.0,"[{'id': 1, 'start': '2026-07-26T15:31:50Z', 'end': '2026-07-26T16:18:45Z', 'lengthMin': 46, 'lengthSec': 55, 'announcedInjuryTime': 60}, {'id': 2, 'start': '2026-07-26T16:34:37Z', 'end': '2026-07-26T17:23:54Z', 'lengthMin': 49, 'lengthSec': 17, 'announcedInjuryTime': 180}]",0.0,1.0,2.0,1.0,2.0,1.0,"[{'contestantId': 'dchxm00ei80l8ljbcfpdill8k', 'periodId': 1, 'timeMin': 9, 'timeMinSec': '8:38', 'lastUpdated': '2026-07-26T15:41:19Z', 'timestamp': '2026-07-26T15:40:28Z', 'type': 'G', 'scorerId': '4oubhd9ynqsn29p2mqwhw02ui', 'scorerName': 'L. Lurvink', 'assistPlayerId': 'db4zz1wfrrkxgkl5mwce73q50', 'assistPlayerName': 'F. Krivak', 'optaEventId': '2949360123', 'homeScore': 0, 'awayScore': 1}, {'contestantId': 'bdz8tx20ekj1ryi2e2u13jdl', 'periodId': 2, 'timeMin': 58, 'timeMinSec': '57:57', 'lastUpdated': '2026-07-26T16:48:36Z', 'timestamp': '2026-07-26T16:47:35Z', 'type': 'G', 'scorerId': '8fofcgnxsc650zuzlm6i2ryp6', 'scorerName': 'M. Cedidla', 'assistPlayerId': '3p95pudljhqzrnegmko7z56uh', 'assistPlayerName': 'R. Sedláček', 'optaEventId': '2949394507', 'homeScore': 1, 'awayScore': 1}, {'contestantId': 'bdz8tx20ekj1ryi2e2u13jdl', 'periodId': 2, 'timeMin': 67, 'timeMinSec': '66:10', 'lastUpdated': '2026-07-26T16:56:45Z', 'timestamp': '2026-07-26T16:55:47Z', 'type': 'G', 'scorerId': '5nb8n31f2vntmbe008uxee5ed', 'scorerName': 'J. Suchan', 'assistPlayerId': '7joketqhv90x0eyr2cuyxa25m', 'assistPlayerName': 'S. Nebyla', 'optaEventId': '2949397467', 'homeScore': 2, 'awayScore': 1}]","[{'contestantId': 'dchxm00ei80l8ljbcfpdill8k', 'periodId': 1, 'timeMin': 15, 'timeMinSec': '14:35', 'lastUpdated': '2026-07-26T15:46:58Z', 'timestamp': '2026-07-26T15:46:26Z', 'type': 'YC', 'playerId': 'al7bdbzd91zkuh6ilsvw3fsru', 'playerName': 'V. Sejk', 'optaEventId': '2949364011', 'cardReason': 'Foul'}, {'contestantId': 'bdz8tx20ekj1ryi2e2u13jdl', 'periodId': 2, 'timeMin': 72, 'timeMinSec': '71:29', 'lastUpdated': '2026-07-26T17:01:23Z', 'timestamp': '2026-07-26T17:01:07Z', 'type': 'YC', 'playerId': 'bgjsocfbqa7vget1jf1n6o8dm', 'playerName': 'J. Sláma', 'optaEventId': '2949398869', 'cardReason': 'Foul'}, {'contestantId': 'dchxm00ei80l8ljbcfpdill8k', 'periodId': 2, 'timeMin': 88, 'timeMinSec': '87:52', 'lastUpdated': '2026-07-26T17:18:22Z', 'timestamp': '2026-07-26T17:17:30Z', 'type': 'YC', 'playerId': 'dpxm073kfzuc64sx4m2m36z56', 'playerName': 'J. Šíp', 'optaEventId': '2949405531', 'cardReason': 'Dissent'}]","[{'contestantId': 'dchxm00ei80l8ljbcfpdill8k', 'periodId': 2, 'timeMin': 60, 'timeMinSec': '59:20', 'lastUpdated': '2026-07-26T16:49:42Z', 'timestamp': '2026-07-26T16:48:58Z', 'playerOnId': '6po5zochya9bx4ofzhuvbcglw', 'playerOnName': 'D. Tkáč', 'playerOffId': '41dpaf86yifqltfknko0ow9yi', 'playerOffName': 'M. Soldo', 'subReason': 'Tactical'}, {'contestantId': 'dchxm00ei80l8ljbcfpdill8k', 'periodId': 2, 'timeMin': 60, 'timeMinSec': '59:27', 'lastUpdated': '2026-07-26T16:49:10Z', 'timestamp': '2026-07-26T16:49:05Z', 'playerOnId': '2ajvbnkl3znpich7x6k5a8w2y', 'playerOnName': 'D. Janošek', 'playerOffId': 'db4zz1wfrrkxgkl5mwce73q50', 'playerOffName': 'F. Krivak', 'subReason': 'Tactical'}, {'contestantId': 'dchxm00ei80l8ljbcfpdill8k', 'periodId': 2, 'timeMin': 65, 'timeMinSec': '64:14', 'lastUpdated': '2026-07-26T16:53:58Z', 'timestamp': '2026-07-26T16:53:52Z', 'playerOnId': 'dpxm073kfzuc64sx4m2m36z56', 'playerOnName': 'J. Šíp', 'playerOffId': 'a8ecnu3j5kjs73odj8hbe9coa', 'playerOffName': 'J. Spáčil', 'subReason': 'Tactical'}, {'contestantId': 'bdz8tx20ekj1ryi2e2u13jdl', 'periodId': 2, 'timeMin': 70, 'timeMinSec': '69:35', 'lastUpdated': '2026-07-26T16:59:10Z', 'timestamp': '2026-07-26T16:59:13Z', 'playerOnId': '5poctr282gyyf123ouhs0pduy', 'playerOnName': 'F. Vecheta', 'playerOffId': 'dcou83rgnu1d5q4p6q3ee8r1l', 'playerOffName': 'L. Jawo', 'subReason': 'Tactical'}, {'contestantId': 'bdz8tx20ekj1ryi2e2u13jdl', 'periodId': 2, 'timeMin': 70, 'timeMinSec': '69:46', 'lastUpdated': '2026-07-26T16:59:22Z', 'timestamp': '2026-07-26T16:59:24Z', 'playerOnId': 'bqy1z1xzk1io11we0v5tjior9', 'playerOnName': 'F. Zorvan', 'playerOffId': '5nb8n31f2vntmbe008uxee5ed', 'playerOffName': 'J. Suchan', 'subReason': 'Tactical'}, {'contestantId': 'bdz8tx20ekj1ryi2e2u13jdl', 'periodId': 2, 'timeMin': 70, 'timeMinSec': '70:00', 'lastUpdated': '2026-07-26T16:59:31Z', 'timestamp': '2026-07-26T16:59:38Z', 'playerOnId': 'blg56dgsdwg410mbybccbynf8', 'playerOnName': 'N. Okeke', 'playerOffId': '3p95pudljhqzrnegmko7z56uh', 'playerOffName': 'R. Sedláček', 'subReason': 'Tactical'}, {'contestantId': 'bdz8tx20ekj1ryi2e2u13jdl', 'periodId': 2, 'timeMin': 80, 'timeMinSec': '79:10', 'lastUpdated': '2026-07-26T17:09:04Z', 'timestamp': '2026-07-26T17:08:48Z', 'playerOnId': 'f37bii3trrybzssblyq6x9wk4', 'playerOnName': 'H. Ahl', 'playerOffId': '713as8ulfv31hz6bahrctmimt', 'playerOffName': 'V. Tchanturishvili', 'subReason': 'Tactical'}, {'contestantId': 'dchxm00ei80l8ljbcfpdill8k', 'periodId': 2, 'timeMin': 83, 'timeMinSec': '82:59', 'lastUpdated': '2026-07-26T17:13:03Z', 'timestamp': '2026-07-26T17:12:37Z', 'playerOnId': '6ygn74c36ruuaxzdeohncohec', 'playerOnName': 'M. Mikulenka', 'playerOffId': '24ag393ieajcfwhg66ui2zotm', 'playerOffName': 'A. Ghali', 'subReason': 'Tactical'}, {'contestantId': 'dchxm00ei80l8ljbcfpdill8k', 'periodId': 2, 'timeMin': 84, 'timeMinSec': '83:04', 'lastUpdated': '2026-07-26T17:12:54Z', 'timestamp': '2026-07-26T17:12:42Z', 'playerOnId': 'bj7wa7p08hledgc7c1qux9q8k', 'playerOnName': 'J. Fiala', 'playerOffId': '2jtsn4w1j0qp3hhw0oycnbnfu', 'playerOffName': 'M. Beran', 'subReason': 'Tactical'}, {'contestantId': 'bdz8tx20ekj1ryi2e2u13jdl', 'periodId': 2, 'timeMin': 84, 'timeMinSec': '83:22', 'lastUpdated': '2026-07-26T17:13:03Z', 'timestamp': '2026-07-26T17:13:00Z', 'playerOnId': 'c8s2egmvso9z18fn76uw4kded', 'playerOnName': 'F. Novák', 'playerOffId': '1jjin4rv03nnpbdgr7qr0gzys', 'playerOffName': 'D. Pavlović', 'subReason': 'Tactical'}]","[{'id': 'cajsep31jr4nuuu08h0v65gr8', 'type': 'Main', 'firstName': 'Jan', 'lastName': 'Všetečka', 'shortFirstName': 'Jan', 'shortLastName': 'Vsetecka'}, {'id': 'doz1mf37hqkoh564gkpflpu6s', 'type': 'Assistant referee 1', 'firstName': 'David', 'lastName': 'Zoufalý', 'shortFirstName': 'David', 'shortLastName': 'Zoufaly'}, {'id': 'dkuvdywjznlj4latwj9xdtf1m', 'type': 'Assistant referee 2', 'firstName': 'Michael', 'lastName': 'Novák', 'shortFirstName': 'Michal', 'shortLastName': 'Novák'}, {'id': '341xxz1vzy7havqnfvanpl3o', 'type': 'Fourth official', 'firstName': 'Matěj', 'lastName': 'Kubečka', 'shortFirstName': 'Matej', 'shortLastName': 'Kubecka'}, {'id': '23ao2vxs6qparggdp7wgr1444', 'type': 'Video Assistant Referee', 'firstName': 'Michael', 'lastName': 'Kvítek', 'shortFirstName': 'Michael', 'shortLastName': 'Kvítek'}, {'id': 'ch4u8xh7u5imotyifvdbl0id', 'type': 'Assistant VAR Official', 'firstName': 'Jakub', 'lastName': 'Hrabovský', 'shortFirstName': 'Jakub', 'shortLastName': 'Hrabovsky'}]",2877,,bdz8tx20ekj1ryi2e2u13jdl,Jablonec,Jablonec,FK Jablonec,FKJ,home,"{""id"": ""5md5tpwr2nmqao528prx43jr7"", ""name"": ""Czechia""}",dchxm00ei80l8ljbcfpdill8k,Sigma Olomouc,Olomouc,SK Sigma Olomouc,OLO,away,"{""id"": ""5md5tpwr2nmqao528prx43jr7"", ""name"": ""Czechia""}"
drmbrhqnoq68dsoidhshchbtg,13,2026-07-26Z,13:00:00Z,1,2,45,1,2026-07-26T15:02:12Z,Slavia Praha vs Slovácko,289u5typ3vp4ifwh5thalohmq,Soccer,79plas4983031idr6vw83nuel,Men,bu1l7ckihyr0errxw61p0m05,Czech Liga,Czech First League,Chance liga,CZL,Domestic league,5md5tpwr2nmqao528prx43jr7,Czechia,ei2lksxq5fb6mh8yzxqatwnx0,2026-07-25Z,2027-05-24Z,2026/2027,ejo28sdb3kcl4zgkwjbc8ncb8,e2q01r9o9jwiq1fls93d1sslx,2026-07-25Z,2027-04-24Z,Regular Season,7c48dqxoem7bdglaflo26dizy,no,Fortuna Arena,Fortuna Arena,50.067525002,14.471139908,14,Played,2026-07-26,15:00:00,home,99.0,58.0,"[{'id': 1, 'start': '2026-07-26T13:00:31Z', 'end': '2026-07-26T13:50:35Z', 'lengthMin': 50, 'lengthSec': 4, 'announcedInjuryTime': 300}, {'id': 2, 'start': '2026-07-26T14:07:03Z', 'end': '2026-07-26T14:56:57Z', 'lengthMin': 49, 'lengthSec': 54, 'announcedInjuryTime': 240}]",4.0,1.0,5.0,1.0,5.0,1.0,"[{'contestantId': 'bp5x8iw8pstucx6s4iqht6xqf', 'periodId': 1, 'timeMin': 12, 'timeMinSec': '11:25', 'lastUpdated': '2026-07-26T13:12:45Z', 'timestamp': '2026-07-26T13:11:56Z', 'type': 'G', 'scorerId': '846noswumd4tahm2f7p9g6iac', 'scorerName': 'P. Juroška', 'assistPlayerId': '4b9bxb3uczx84zgihljmacqtx', 'assistPlayerName': 'D. Puškáč', 'optaEventId': '2949298857', 'homeScore': 0, 'awayScore': 1}, {'contestantId': '8kpapuorr6hf0vosnovbreqqd', 'periodId': 1, 'timeMin': 14, 'timeMinSec': '13:22', 'lastUpdated': '2026-07-26T13:14:59Z', 'timestamp': '2026-07-26T13:13:53Z', 'type': 'G', 'scorerId': 'cxnlzyy9fxaca1u53y4soqk89', 'scorerName': 'M. Chytil', 'assistPlayerId': '71bvjduiimaomxmjznjxwdfys', 'assistPlayerName': ""A. N'Guessan"", 'optaEventId': '2949299839', 'homeScore': 1, 'awayScore': 1}, {'contestantId': '8kpapuorr6hf0vosnovbreqqd', 'periodId': 1, 'timeMin': 16, 'timeMinSec': '15:54', 'lastUpdated': '2026-07-26T13:16:54Z', 'timestamp': '2026-07-26T13:16:25Z', 'type': 'G', 'scorerId': '6hv9tqpqwe60p2z34uzr91l3o', 'scorerName': 'W. Nowak', 'optaEventId': '2949301027', 'homeScore': 2, 'awayScore': 1}, {'contestantId': '8kpapuorr6hf0vosnovbreqqd', 'periodId': 1, 'timeMin': 35, 'timeMinSec': '34:28', 'lastUpdated': '2026-07-26T13:35:57Z', 'timestamp': '2026-07-26T13:34:59Z', 'type': 'G', 'scorerId': '7l7sbjk9egj7qmtr9iuozxq8k', 'scorerName': 'A. Ouanda', 'assistPlayerId': 'cr8xd43b3omkv85qgiwpiducp', 'assistPlayerName': 'D. Šturm', 'secondAssistPlayerId': 'e26wtdkze96ekloalfx49hw5w', 'secondAssistPlayerName': 'J. Kolísek', 'optaEventId': '2949309339', 'homeScore': 3, 'awayScore': 1}, {'contestantId': '8kpapuorr6hf0vosnovbreqqd', 'periodId': 1, 'timeMin': 46, 'timeMinSec': '45:51', 'lastUpdated': '2026-07-26T13:51:16Z', 'timestamp': '2026-07-26T13:46:22Z', 'type': 'G', 'scorerId': '6hv9tqpqwe60p2z34uzr91l3o', 'scorerName': 'W. Nowak', 'optaEventId': '2949314505', 'homeScore': 4, 'awayScore': 1}, {'contestantId': '8kpapuorr6hf0vosnovbreqqd', 'periodId': 2, 'timeMin': 75, 'timeMinSec': '75:00', 'lastUpdated': '2026-07-26T14:37:18Z', 'timestamp': '2026-07-26T14:37:04Z', 'type': 'PG', 'scorerId': 'cxnlzyy9fxaca1u53y4soqk89', 'scorerName': 'M. Chytil', 'optaEventId': '2949330051', 'homeScore': 5, 'awayScore': 1}]","[{'contestantId': '8kpapuorr6hf0vosnovbreqqd', 'periodId': 1, 'timeMin': 18, 'timeMinSec': '17:29', 'lastUpdated': '2026-07-26T13:18:07Z', 'timestamp': '2026-07-26T13:18:00Z', 'type': 'YC', 'playerId': 'e26wtdkze96ekloalfx49hw5w', 'playerName': 'J. Kolísek', 'optaEventId': '2949301809', 'cardReason': 'Foul'}, {'contestantId': '8kpapuorr6hf0vosnovbreqqd', 'periodId': 1, 'timeMin': 42, 'timeMinSec': '41:45', 'lastUpdated': '2026-07-26T13:42:22Z', 'timestamp': '2026-07-26T13:42:16Z', 'type': 'YC', 'playerId': '6hv9tqpqwe60p2z34uzr91l3o', 'playerName': 'W. Nowak', 'optaEventId': '2949312655', 'cardReason': 'Foul'}, {'contestantId': 'bp5x8iw8pstucx6s4iqht6xqf', 'periodId': 2, 'timeMin': 60, 'timeMinSec': '59:21', 'lastUpdated': '2026-07-26T14:21:34Z', 'timestamp': '2026-07-26T14:21:25Z', 'type': 'RC', 'playerId': '846noswumd4tahm2f7p9g6iac', 'playerName': 'P. Juroška', 'optaEventId': '2949325323', 'cardReason': 'Serious Foul'}, {'contestantId': '8kpapuorr6hf0vosnovbreqqd', 'periodId': 2, 'timeMin': 85, 'timeMinSec': '84:08', 'lastUpdated': '2026-07-26T14:46:22Z', 'timestamp': '2026-07-26T14:46:12Z', 'type': 'YC', 'playerId': 'cr8xd43b3omkv85qgiwpiducp', 'playerName': 'D. Šturm', 'optaEventId': '2949334175', 'cardReason': 'Foul'}, {'contestantId': '8kpapuorr6hf0vosnovbreqqd', 'periodId': 2, 'timeMin': 95, 'timeMinSec': '94:16', 'lastUpdated': '2026-07-26T14:56:34Z', 'timestamp': '2026-07-26T14:56:20Z', 'type': 'RC', 'playerId': '5qmcavsj5qtswsjc2djmxn5sk', 'playerName': 'M. Konečný', 'optaEventId': '2949337855', 'cardReason': 'Serious Foul'}]","[{'contestantId': 'bp5x8iw8pstucx6s4iqht6xqf', 'periodId': 2, 'timeMin': 46, 'timeMinSec': '45:00', 'lastUpdated': '2026-07-26T14:06:06Z', 'timestamp': '2026-07-26T14:06:00Z', 'playerOnId': '50i05npy0v93nfhir5xh0ooic', 'playerOnName': 'G. Niarchos', 'playerOffId': '4b9bxb3uczx84zgihljmacqtx', 'playerOffName': 'D. Puškáč', 'subReason': 'Tactical'}, {'contestantId': 'bp5x8iw8pstucx6s4iqht6xqf', 'periodId': 2, 'timeMin': 46, 'timeMinSec': '45:00', 'lastUpdated': '2026-07-26T14:06:09Z', 'timestamp': '2026-07-26T14:06:00Z', 'playerOnId': '5t6hvxsin1u46ir4x0e641vmy', 'playerOnName': 'A. Dolžnikov', 'playerOffId': 'aprzekzw2al3nf4dglv6eicb9', 'playerOffName': 'M. Havlík', 'subReason': 'Tactical'}, {'contestantId': '8kpapuorr6hf0vosnovbreqqd', 'periodId': 2, 'timeMin': 46, 'timeMinSec': '45:00', 'lastUpdated': '2026-07-26T14:06:42Z', 'timestamp': '2026-07-26T14:06:00Z', 'playerOnId': '3yskowb0w7b6ltgap7gl7zcpg', 'playerOnName': 'A. Labík', 'playerOffId': 'e26wtdkze96ekloalfx49hw5w', 'playerOffName': 'J. Kolísek', 'subReason': 'Tactical'}, {'contestantId': '8kpapuorr6hf0vosnovbreqqd', 'periodId': 2, 'timeMin': 65, 'timeMinSec': '64:29', 'lastUpdated': '2026-07-26T14:26:31Z', 'timestamp': '2026-07-26T14:26:33Z', 'playerOnId': 'bjpmvbkbhw7ynfyvtqehg68t0', 'playerOnName': 'E. Ayaosi', 'playerOffId': '7l7sbjk9egj7qmtr9iuozxq8k', 'playerOffName': 'A. Ouanda', 'subReason': 'Tactical'}, {'contestantId': '8kpapuorr6hf0vosnovbreqqd', 'periodId': 2, 'timeMin': 65, 'timeMinSec': '64:30', 'lastUpdated': '2026-07-26T14:26:38Z', 'timestamp': '2026-07-26T14:26:34Z', 'playerOnId': 'afiwqfoykw6heldn8f3gwhi50', 'playerOnName': 'P. Kačor', 'playerOffId': '6hv9tqpqwe60p2z34uzr91l3o', 'playerOffName': 'W. Nowak', 'subReason': 'Tactical'}, {'contestantId': '8kpapuorr6hf0vosnovbreqqd', 'periodId': 2, 'timeMin': 65, 'timeMinSec': '64:31', 'lastUpdated': '2026-07-26T14:26:43Z', 'timestamp': '2026-07-26T14:26:35Z', 'playerOnId': '5lwvt18g3d2qpuce2nqul4cet', 'playerOnName': 'L. Provod', 'playerOffId': '5d5lq645qloercy4ihpy2xlp0', 'playerOffName': 'E. Piták', 'subReason': 'Tactical'}, {'contestantId': 'bp5x8iw8pstucx6s4iqht6xqf', 'periodId': 2, 'timeMin': 77, 'timeMinSec': '76:02', 'lastUpdated': '2026-07-26T14:38:11Z', 'timestamp': '2026-07-26T14:38:06Z', 'playerOnId': '8zvsos5fsrrf9aizqmyhtt9m', 'playerOnName': 'M. Šviderský', 'playerOffId': '6ft0p23uh329gr0xc2cdni1ud', 'playerOffName': 'Gigli Ndefe', 'subReason': 'Tactical'}, {'contestantId': '8kpapuorr6hf0vosnovbreqqd', 'periodId': 2, 'timeMin': 77, 'timeMinSec': '76:18', 'lastUpdated': '2026-07-26T14:38:30Z', 'timestamp': '2026-07-26T14:38:22Z', 'playerOnId': 'driu8wojk2aig2t9yesy71vro', 'playerOnName': 'Š. Chaloupek', 'playerOffId': 'cxnlzyy9fxaca1u53y4soqk89', 'playerOffName': 'M. Chytil', 'subReason': 'Tactical'}, {'contestantId': 'bp5x8iw8pstucx6s4iqht6xqf', 'periodId': 2, 'timeMin': 81, 'timeMinSec': '80:42', 'lastUpdated': '2026-07-26T14:42:53Z', 'timestamp': '2026-07-26T14:42:46Z', 'playerOnId': '3zm27zj8masdyfu4n3tz0w0es', 'playerOnName': 'J. Behiratche', 'playerOffId': 'ccwck1qk925jr4grqm2cuxb6d', 'playerOffName': 'D. Štěpánek', 'subReason': 'Tactical'}, {'contestantId': 'bp5x8iw8pstucx6s4iqht6xqf', 'periodId': 2, 'timeMin': 85, 'timeMinSec': '84:42', 'lastUpdated': '2026-07-26T14:46:57Z', 'timestamp': '2026-07-26T14:46:46Z', 'playerOnId': '9uctfb1sznb11w13lklqtg8wk', 'playerOnName': 'F. Hruška', 'playerOffId': '9hwxz4jig9tzvusschssz9r6d', 'playerOffName': 'T. Kostadinov', 'subReason': 'Tactical'}]","[{'id': '9x029xkwn2ntkos9enigqyaqd', 'type': 'Main', 'firstName': 'Ondřej', 'lastName': 'Pechanec', 'shortFirstName': 'Ondrej', 'shortLastName': 'Pechanec'}, {'id': '66injir22thxdpzoyp479pmtx', 'type': 'Assistant referee 1', 'firstName': 'Jaroslav', 'lastName': 'Kubr', 'shortFirstName': 'Jaroslav', 'shortLastName': 'Kubr'}, {'id': '97tp5ioqophhgce9e6yjhh990', 'type': 'Assistant referee 2', 'firstName': 'Lukáš', 'lastName': 'Slavíček', 'shortFirstName': 'Lukás', 'shortLastName': 'Slavícek'}, {'id': 'bsatlcbrxqyfgo9bbt6pgqyfp', 'type': 'Fourth official', 'firstName': 'Pavel', 'lastName': 'Orel', 'shortFirstName': 'Pavel', 'shortLastName': 'Orel'}, {'id': '9qwmjl5v1ceob56lhgx9etv4l', 'type': 'Video Assistant Referee', 'firstName': 'Tomáš', 'lastName': 'Kocourek', 'shortFirstName': 'Tomás', 'shortLastName': 'Kocourek'}, {'id': 'beyndptng80jjf9h5818id6mt', 'type': 'Assistant VAR Official', 'firstName': 'Pavel', 'lastName': 'Ochotnicky', 'shortFirstName': 'Pavel', 'shortLastName': 'Ochotnicky'}]",,"[{'contestantId': 'bp5x8iw8pstucx6s4iqht6xqf', 'periodId': 2, 'timeMin': 59, 'timeMinSec': '58:28', 'lastUpdated': '2026-07-26T14:20:49Z', 'timestamp': '2026-07-26T14:20:32Z', 'type': 'Card upgrade', 'decision': 'Cancelled', 'outcome': 'Card upgraded', 'playerId': '846noswumd4tahm2f7p9g6iac', 'playerName': 'P. Juroška', 'optaEventId': '2949325145'}]",8kpapuorr6hf0vosnovbreqqd,Slavia Praha,Slavia,SK Slavia Praha,SLA,home,"{""id"": ""5md5tpwr2nmqao528prx43jr7"", ""name"": ""Czechia""}",bp5x8iw8pstucx6s4iqht6xqf,Slovácko,Slovácko,1. FC Slovácko,FCS,away,"{""id"": ""5md5tpwr2nmqao528prx43jr7"", ""name"": ""Czechia""}"
dt8w0gxhi458xz82f8f4g33tg,13,2026-07-25Z,18:00:00Z,1,2,45,1,2026-07-25T20:07:04Z,Zbrojovka Brno vs Sparta Praha,289u5typ3vp4ifwh5thalohmq,Soccer,79plas4983031idr6vw83nuel,Men,bu1l7ckihyr0errxw61p0m05,Czech Liga,Czech First League,Chance liga,CZL,Domestic league,5md5tpwr2nmqao528prx43jr7,Czechia,ei2lksxq5fb6mh8yzxqatwnx0,2026-07-25Z,2027-05-24Z,2026/2027,ejo28sdb3kcl4zgkwjbc8ncb8,e2q01r9o9jwiq1fls93d1sslx,2026-07-25Z,2027-04-24Z,Regular Season,68vgjjgn8036ntz351r3c9mw0,no,ShipEx Aréna,ShipEx Aréna,49.227197061,16.586501598,14,Played,2026-07-25,20:00:00,home,100.0,11.0,"[{'id': 1, 'start': '2026-07-25T18:00:43Z', 'end': '2026-07-25T18:49:45Z', 'lengthMin': 49, 'lengthSec': 2, 'announcedInjuryTime': 240}, {'id': 2, 'start': '2026-07-25T19:05:29Z', 'end': '2026-07-25T19:56:38Z', 'lengthMin': 51, 'lengthSec': 9, 'announcedInjuryTime': 360}]",1.0,0.0,3.0,1.0,3.0,1.0,"[{'contestantId': '6k350zwynsc23f0sxw9akgc6y', 'periodId': 1, 'timeMin': 34, 'timeMinSec': '33:38', 'lastUpdated': '2026-07-25T18:35:04Z', 'timestamp': '2026-07-25T18:34:21Z', 'type': 'G', 'scorerId': '9ctd54hlsaxfi1tsha385di7e', 'scorerName': 'D. Vašulín', 'assistPlayerId': '7mrry8ob9798f759i6qgx9c0k', 'assistPlayerName': 'T. Vachoušek', 'optaEventId': '2948941995', 'homeScore': 1, 'awayScore': 0}, {'contestantId': '5ocdn3a6s75u0d0dy0rbou0xc', 'periodId': 2, 'timeMin': 50, 'timeMinSec': '49:40', 'lastUpdated': '2026-07-25T19:10:56Z', 'timestamp': '2026-07-25T19:10:10Z', 'type': 'G', 'scorerId': '3uwnuj4kbsjiy88i1jrkzwqqy', 'scorerName': 'J. Mercado', 'optaEventId': '2948955085', 'homeScore': 1, 'awayScore': 1}, {'contestantId': '6k350zwynsc23f0sxw9akgc6y', 'periodId': 2, 'timeMin': 64, 'timeMinSec': '63:59', 'lastUpdated': '2026-07-25T19:25:01Z', 'timestamp': '2026-07-25T19:24:28Z', 'type': 'G', 'scorerId': '7mrry8ob9798f759i6qgx9c0k', 'scorerName': 'T. Vachoušek', 'assistPlayerId': 'ebsazlpxhbm1pozbtj8g3scq2', 'assistPlayerName': 'F. Vedral', 'secondAssistPlayerId': 'vncfk6axwmcp7u1i75qrjhii', 'secondAssistPlayerName': 'A. Dante', 'optaEventId': '2948961551', 'homeScore': 2, 'awayScore': 1}, {'contestantId': '6k350zwynsc23f0sxw9akgc6y', 'periodId': 2, 'timeMin': 81, 'timeMinSec': '80:26', 'lastUpdated': '2026-07-25T19:41:28Z', 'timestamp': '2026-07-25T19:40:56Z', 'type': 'G', 'scorerId': 'cy5vomqx7zkwmooy89tjcl250', 'scorerName': 'L. Ezeh', 'assistPlayerId': 'vncfk6axwmcp7u1i75qrjhii', 'assistPlayerName': 'A. Dante', 'optaEventId': '2948968709', 'homeScore': 3, 'awayScore': 1}]","[{'contestantId': '6k350zwynsc23f0sxw9akgc6y', 'periodId': 2, 'timeMin': 95, 'timeMinSec': '94:55', 'lastUpdated': '2026-07-25T19:55:59Z', 'timestamp': '2026-07-25T19:55:25Z', 'type': 'YC', 'teamOfficialId': '64wc7lkexulw4plr6scfb9al1', 'officialName': 'M. Svědík', 'optaEventId': '2948973533', 'cardReason': 'Dissent'}]","[{'contestantId': '6k350zwynsc23f0sxw9akgc6y', 'periodId': 2, 'timeMin': 64, 'timeMinSec': '63:22', 'lastUpdated': '2026-07-25T19:23:58Z', 'timestamp': '2026-07-25T19:23:52Z', 'playerOnId': '8745dcpgyzxlfyx3z16xbtsk5', 'playerOnName': 'J. Janetzký', 'playerOffId': '9tjr2pq3er096jxb4vbgdfbpw', 'playerOffName': 'L. Saal', 'subReason': 'Tactical'}, {'contestantId': '6k350zwynsc23f0sxw9akgc6y', 'periodId': 2, 'timeMin': 64, 'timeMinSec': '63:28', 'lastUpdated': '2026-07-25T19:24:04Z', 'timestamp': '2026-07-25T19:23:58Z', 'playerOnId': '8juh3g4obrxod9f2xq0q3kkq1', 'playerOnName': 'A. Vaníček', 'playerOffId': 'bcluo7om6nax75ogy916qv9xw', 'playerOffName': 'L. Penxa', 'subReason': 'Tactical'}, {'contestantId': '5ocdn3a6s75u0d0dy0rbou0xc', 'periodId': 2, 'timeMin': 66, 'timeMinSec': '65:51', 'lastUpdated': '2026-07-25T19:26:26Z', 'timestamp': '2026-07-25T19:26:21Z', 'playerOnId': 'bxz335pd0yjui8s9juvf48q38', 'playerOnName': 'M. Vojta', 'playerOffId': '10esz9pvzonegry7p78n3ce09', 'playerOffName': 'J. Kuchta', 'subReason': 'Tactical'}, {'contestantId': '5ocdn3a6s75u0d0dy0rbou0xc', 'periodId': 2, 'timeMin': 67, 'timeMinSec': '66:06', 'lastUpdated': '2026-07-25T19:26:41Z', 'timestamp': '2026-07-25T19:26:36Z', 'playerOnId': '6ajl37s0de73x36nhufcoejje', 'playerOnName': 'M. Ryneš', 'playerOffId': 'a0c7uephm9jijirsv7ho3hjze', 'playerOffName': 'J. Alcócer', 'subReason': 'Tactical'}, {'contestantId': '6k350zwynsc23f0sxw9akgc6y', 'periodId': 2, 'timeMin': 72, 'timeMinSec': '71:51', 'lastUpdated': '2026-07-25T19:32:28Z', 'timestamp': '2026-07-25T19:32:21Z', 'playerOnId': '50ouxa3rpx76ihoqmgo9cqmtw', 'playerOnName': 'E. Hunál', 'playerOffId': '7mrry8ob9798f759i6qgx9c0k', 'playerOffName': 'T. Vachoušek', 'subReason': 'Tactical'}, {'contestantId': '5ocdn3a6s75u0d0dy0rbou0xc', 'periodId': 2, 'timeMin': 72, 'timeMinSec': '71:56', 'lastUpdated': '2026-07-25T19:32:32Z', 'timestamp': '2026-07-25T19:32:26Z', 'playerOnId': 'd9y3zs8qysymkc7kbprgtej9w', 'playerOnName': 'D. Hollý', 'playerOffId': '447xbdl414dk1mbi68hr37ris', 'playerOffName': 'H. Sochůrek', 'subReason': 'Tactical'}, {'contestantId': '6k350zwynsc23f0sxw9akgc6y', 'periodId': 2, 'timeMin': 80, 'timeMinSec': '79:45', 'lastUpdated': '2026-07-25T19:40:03Z', 'timestamp': '2026-07-25T19:40:14Z', 'playerOnId': 'e7vqlke3m2c0nabg6zdedp4a', 'playerOnName': 'O. Velich', 'playerOffId': '9ctd54hlsaxfi1tsha385di7e', 'playerOffName': 'D. Vašulín', 'subReason': 'Tactical'}, {'contestantId': '6k350zwynsc23f0sxw9akgc6y', 'periodId': 2, 'timeMin': 80, 'timeMinSec': '79:45', 'lastUpdated': '2026-07-25T19:40:21Z', 'timestamp': '2026-07-25T19:40:15Z', 'playerOnId': '2hxf7t0ba60uqwyv0lsy1u6dx', 'playerOnName': 'J. Zmrhal', 'playerOffId': '6xe9jlpa7tsm2jww8dxs28yxh', 'playerOffName': 'P. Čavoš', 'subReason': 'Tactical'}, {'contestantId': '5ocdn3a6s75u0d0dy0rbou0xc', 'periodId': 2, 'timeMin': 83, 'timeMinSec': '82:38', 'lastUpdated': '2026-07-25T19:43:15Z', 'timestamp': '2026-07-25T19:43:08Z', 'playerOnId': '1v62lh9e2cpqsaww3ggw5togk', 'playerOnName': 'G. Kuol', 'playerOffId': '1z99j6x60xzougmh2dg5s3z6d', 'playerOffName': 'L. Haraslín', 'subReason': 'Tactical'}, {'contestantId': '5ocdn3a6s75u0d0dy0rbou0xc', 'periodId': 2, 'timeMin': 83, 'timeMinSec': '82:41', 'lastUpdated': '2026-07-25T19:43:15Z', 'timestamp': '2026-07-25T19:43:11Z', 'playerOnId': '9z5py8a1jpdx5zl7a47sd34es', 'playerOnName': 'M. Suchomel', 'playerOffId': 'shbxc528h0udd6rdf3ax2itx', 'playerOffName': 'P. Kadeřábek', 'subReason': 'Tactical'}]","[{'id': '35l2bcqh2s5yu51axcnzqsvtg', 'type': 'Main', 'firstName': 'Jan', 'lastName': 'Beneš', 'shortFirstName': 'Jan', 'shortLastName': 'Beneš'}, {'id': '8dnviwhqpgwwdefze2lrspd04', 'type': 'Assistant referee 1', 'firstName': 'Adam', 'lastName': 'Beneš', 'shortFirstName': 'Adam', 'shortLastName': 'Beneš'}, {'id': '4zn7sn4kbkwbn4pzgia77eu0a', 'type': 'Assistant referee 2', 'firstName': 'Lukáš', 'lastName': 'Matoušek', 'shortFirstName': 'Lukás', 'shortLastName': 'Matousek'}, {'id': 'bb1kkg13ireh89p9a1piyuyvo', 'type': 'Fourth official', 'firstName': 'Jakub', 'lastName': 'Wulkan', 'shortFirstName': 'Jakub', 'shortLastName': 'Wulkan'}, {'id': 'beyndptng80jjf9h5818id6mt', 'type': 'Video Assistant Referee', 'firstName': 'Pavel', 'lastName': 'Ochotnicky', 'shortFirstName': 'Pavel', 'shortLastName': 'Ochotnicky'}, {'id': '23ao2vxs6qparggdp7wgr1444', 'type': 'Assistant VAR Official', 'firstName': 'Michael', 'lastName': 'Kvítek', 'shortFirstName': 'Michael', 'shortLastName': 'Kvítek'}]",10600,,6k350zwynsc23f0sxw9akgc6y,Zbrojovka Brno,Zbrojovka,FC Zbrojovka Brno,BRN,home,"{""id"": ""5md5tpwr2nmqao528prx43jr7"", ""name"": ""Czechia""}",5ocdn3a6s75u0d0dy0rbou0xc,Sparta Praha,Sparta,AC Sparta Praha,ACS,away,"{""id"": ""5md5tpwr2nmqao528prx43jr7"", ""name"": ""Czechia""}"
dsucj2khz6rge41u0wgg8dc0k,13,2026-07-25Z,15:00:00Z,1,2,45,1,2026-07-25T17:50:41Z,Teplice vs Bohemians 1905,289u5typ3vp4ifwh5thalohmq,Soccer,79plas4983031idr6vw83nuel,Men,bu1l7ckihyr0errxw61p0m05,Czech Liga,Czech First League,Chance liga,CZL,Domestic league,5md5tpwr2nmqao528prx43jr7,Czechia,ei2lksxq5fb6mh8yzxqatwnx0,2026-07-25Z,2027-05-24Z,2026/2027,ejo28sdb3kcl4zgkwjbc8ncb8,e2q01r9o9jwiq1fls93d1sslx,2026-07-25Z,2027-04-24Z,Regular Season,47vp4hvc9krq6q7ey16tt5xc1,no,AGC Aréna Na Stínadlech,AGC Aréna Na Stínadlech,50.640071736,13.817807436,14,Played,2026-07-25,17:00:00,home,97.0,4.0,"[{'id': 1, 'start': '2026-07-25T15:00:24Z', 'end': '2026-07-25T15:47:25Z', 'lengthMin': 47, 'lengthSec': 1, 'announcedInjuryTime': 120}, {'id': 2, 'start': '2026-07-25T16:03:09Z', 'end': '2026-07-25T16:53:12Z', 'lengthMin': 50, 'lengthSec': 3, 'announcedInjuryTime': 300}]",1.0,0.0,3.0,1.0,3.0,1.0,"[{'contestantId': '41eivtin75c5fu33x3zfx956b', 'periodId': 1, 'timeMin': 20, 'timeMinSec': '19:36', 'lastUpdated': '2026-07-25T15:20:37Z', 'timestamp': '2026-07-25T15:20:01Z', 'type': 'G', 'scorerId': 'cfdo1h4sk3lgm6ifd42oicqtx', 'scorerName': 'M. Pulkrab', 'optaEventId': '2948862433', 'homeScore': 1, 'awayScore': 0}, {'contestantId': '41eivtin75c5fu33x3zfx956b', 'periodId': 2, 'timeMin': 55, 'timeMinSec': '54:41', 'lastUpdated': '2026-07-25T16:13:33Z', 'timestamp': '2026-07-25T16:12:51Z', 'type': 'G', 'scorerId': 'cfdo1h4sk3lgm6ifd42oicqtx', 'scorerName': 'M. Pulkrab', 'optaEventId': '2948888637', 'homeScore': 2, 'awayScore': 0}, {'contestantId': 'bqcrqg0367eqzrt4vjb5apu6g', 'periodId': 2, 'timeMin': 67, 'timeMinSec': '66:30', 'lastUpdated': '2026-07-25T16:25:44Z', 'timestamp': '2026-07-25T16:24:39Z', 'type': 'G', 'scorerId': '8d66eij88wfg6nal7s9xe5vjd', 'scorerName': 'L. Almási', 'assistPlayerId': '6za3yitvynb3riv1l8y4qup5h', 'assistPlayerName': 'M. Havel', 'optaEventId': '2948894227', 'homeScore': 2, 'awayScore': 1}, {'contestantId': '41eivtin75c5fu33x3zfx956b', 'periodId': 2, 'timeMin': 83, 'timeMinSec': '82:28', 'lastUpdated': '2026-07-25T16:41:22Z', 'timestamp': '2026-07-25T16:40:38Z', 'type': 'G', 'scorerId': '73by8coqx38r9kfh2ns7n66s', 'scorerName': 'J. Auta', 'optaEventId': '2948900387', 'homeScore': 3, 'awayScore': 1}]","[{'contestantId': '41eivtin75c5fu33x3zfx956b', 'periodId': 1, 'timeMin': 17, 'timeMinSec': '16:55', 'lastUpdated': '2026-07-25T15:17:31Z', 'timestamp': '2026-07-25T15:17:20Z', 'type': 'YC', 'playerId': '4lx29wbwxbamo5go47tth9gtm', 'playerName': 'M. Radosta', 'optaEventId': '2948860963', 'cardReason': 'Foul'}, {'contestantId': 'bqcrqg0367eqzrt4vjb5apu6g', 'periodId': 2, 'timeMin': 53, 'timeMinSec': '52:31', 'lastUpdated': '2026-07-25T16:10:58Z', 'timestamp': '2026-07-25T16:10:40Z', 'type': 'YC', 'playerId': '6za3yitvynb3riv1l8y4qup5h', 'playerName': 'M. Havel', 'optaEventId': '2948887309', 'cardReason': 'Foul'}, {'contestantId': '41eivtin75c5fu33x3zfx956b', 'periodId': 2, 'timeMin': 64, 'timeMinSec': '63:57', 'lastUpdated': '2026-07-25T16:22:23Z', 'timestamp': '2026-07-25T16:22:06Z', 'type': 'YC', 'playerId': '837n4oi7l69fz84lf5ra9m5g4', 'playerName': 'I. Hopi', 'optaEventId': '2948893289', 'cardReason': 'Foul'}]","[{'contestantId': '41eivtin75c5fu33x3zfx956b', 'periodId': 2, 'timeMin': 62, 'timeMinSec': '61:42', 'lastUpdated': '2026-07-25T16:20:01Z', 'timestamp': '2026-07-25T16:19:51Z', 'playerOnId': '837n4oi7l69fz84lf5ra9m5g4', 'playerOnName': 'I. Hopi', 'playerOffId': 'dfjd4y5a331n9bm2ez6un02c', 'playerOffName': 'M. Riznič', 'subReason': 'Tactical'}, {'contestantId': 'bqcrqg0367eqzrt4vjb5apu6g', 'periodId': 2, 'timeMin': 63, 'timeMinSec': '62:32', 'lastUpdated': '2026-07-25T16:20:46Z', 'timestamp': '2026-07-25T16:20:42Z', 'playerOnId': '9lgmu38j7uji6ia8jhqy5l785', 'playerOnName': 'J. Vondra', 'playerOffId': '76nqspzculap4o1dvvhdwn2ll', 'playerOffName': 'D. Heidenreich', 'subReason': 'Tactical'}, {'contestantId': 'bqcrqg0367eqzrt4vjb5apu6g', 'periodId': 2, 'timeMin': 63, 'timeMinSec': '62:41', 'lastUpdated': '2026-07-25T16:20:56Z', 'timestamp': '2026-07-25T16:20:50Z', 'playerOnId': '8th1h67uitbd8iicy3su0du96', 'playerOnName': 'D. Vala', 'playerOffId': 'cafkkaxe4b5ou0woqk1ul8zx1', 'playerOffName': 'J. Kovařík', 'subReason': 'Tactical'}, {'contestantId': 'bqcrqg0367eqzrt4vjb5apu6g', 'periodId': 2, 'timeMin': 71, 'timeMinSec': '70:27', 'lastUpdated': '2026-07-25T16:28:42Z', 'timestamp': '2026-07-25T16:28:37Z', 'playerOnId': '5ylvu8z3m6rgk3dxshx1c0duc', 'playerOnName': 'V. Zeman', 'playerOffId': '5ox853udgbhtmp40d1cgbx1ih', 'playerOffName': 'V. Smrž', 'subReason': 'Injury'}, {'contestantId': '41eivtin75c5fu33x3zfx956b', 'periodId': 2, 'timeMin': 78, 'timeMinSec': '77:16', 'lastUpdated': '2026-07-25T16:35:31Z', 'timestamp': '2026-07-25T16:35:26Z', 'playerOnId': '9ifw7n37ar70xxtjc7w0pwwd1', 'playerOnName': 'L. Takács', 'playerOffId': 'dj91g7x3c6d31jkgegr8i9btg', 'playerOffName': 'D. Večerka', 'subReason': 'Injury'}, {'contestantId': '41eivtin75c5fu33x3zfx956b', 'periodId': 2, 'timeMin': 78, 'timeMinSec': '77:36', 'lastUpdated': '2026-07-25T16:35:52Z', 'timestamp': '2026-07-25T16:35:46Z', 'playerOnId': '73by8coqx38r9kfh2ns7n66s', 'playerOnName': 'J. Auta', 'playerOffId': '6qlo3uoijwqc0ef5k23w83r9x', 'playerOffName': 'L. Krejčí', 'subReason': 'Tactical'}, {'contestantId': 'bqcrqg0367eqzrt4vjb5apu6g', 'periodId': 2, 'timeMin': 82, 'timeMinSec': '81:03', 'lastUpdated': '2026-07-25T16:39:18Z', 'timestamp': '2026-07-25T16:39:13Z', 'playerOnId': '4ejd8sm6tf9h0z8cw0ped9xck', 'playerOnName': 'M. Banda', 'playerOffId': '2gfrz7llszxg2i8ij1jqm8dlh', 'playerOffName': 'V. Pilař', 'subReason': 'Tactical'}, {'contestantId': 'bqcrqg0367eqzrt4vjb5apu6g', 'periodId': 2, 'timeMin': 82, 'timeMinSec': '81:09', 'lastUpdated': '2026-07-25T16:39:24Z', 'timestamp': '2026-07-25T16:39:19Z', 'playerOnId': '76t06nb0hfzwo2gs6n0wmgf10', 'playerOnName': 'Š. Černý', 'playerOffId': '61vqg8nghobdb5fhr6kbmnyll', 'playerOffName': 'J. Matoušek', 'subReason': 'Tactical'}, {'contestantId': '41eivtin75c5fu33x3zfx956b', 'periodId': 2, 'timeMin': 88, 'timeMinSec': '87:15', 'lastUpdated': '2026-07-25T16:45:31Z', 'timestamp': '2026-07-25T16:45:24Z', 'playerOnId': '7ymz8ft07isr70o8d8ovtpey1', 'playerOnName': 'D. Mareček', 'playerOffId': 'cfdo1h4sk3lgm6ifd42oicqtx', 'playerOffName': 'M. Pulkrab', 'subReason': 'Injury'}, {'contestantId': '41eivtin75c5fu33x3zfx956b', 'periodId': 2, 'timeMin': 88, 'timeMinSec': '87:21', 'lastUpdated': '2026-07-25T16:45:37Z', 'timestamp': '2026-07-25T16:45:30Z', 'playerOnId': 'be7780ylv09ru3173kb0eqstm', 'playerOnName': 'M. Náprstek', 'playerOffId': '3cfoswqxyk4xr6w4vf6vn7d2h', 'playerOffName': 'M. Čermák', 'subReason': 'Tactical'}]","[{'id': '6z07y3bgtbtieakqdoxdeswlw', 'type': 'Main', 'firstName': 'Vojtěch', 'lastName': 'Opočenský', 'shortFirstName': 'Vojtech', 'shortLastName': 'Opocensky'}, {'id': 'bsiswgx02ynoo8a30u46qb5xx', 'type': 'Assistant referee 1', 'firstName': 'Jiří', 'lastName': 'Kříž', 'shortFirstName': 'Jirí', 'shortLastName': 'Kriz'}, {'id': 'cw4bfbpf18vfnyyswjktsrifo', 'type': 'Assistant referee 2', 'firstName': 'Václav', 'lastName': 'Ježek', 'shortFirstName': 'Vaclav', 'shortLastName': 'Jezek'}, {'id': 'vk32es76vjbbjsnu1jdmii38', 'type': 'Fourth official', 'firstName': 'Tomás', 'lastName': 'Mankovecky', 'shortFirstName': 'Tomás', 'shortLastName': 'Mankovecky'}, {'id': 'bf1sjzzaxz9fqud2z5405a6l1', 'type': 'Video Assistant Referee', 'firstName': 'Miroslav', 'lastName': 'Zelinka', 'shortFirstName': 'Miroslav', 'shortLastName': 'Zelinka'}, {'id': 'crc2x737s2zrm81mfbwto6a51', 'type': 'Assistant VAR Official', 'firstName': 'Jana', 'lastName': 'Adámková', 'shortFirstName': 'Jana', 'shortLastName': 'Adámková'}]",5095,,41eivtin75c5fu33x3zfx956b,Teplice,Teplice,FK Teplice,TEP,home,"{""id"": ""5md5tpwr2nmqao528prx43jr7"", ""name"": ""Czechia""}",bqcrqg0367eqzrt4vjb5apu6g,Bohemians 1905,Bohemians,Bohemians Praha 1905,BOH,away,"{""id"": ""5md5tpwr2nmqao528prx43jr7"", ""name"": ""Czechia""}"
dsfr4s7smag36vkhoqn9sg3kk,13,2026-07-25Z,15:00:00Z,1,2,45,1,2026-07-25T17:19:51Z,Zlín vs Baník Ostrava,289u5typ3vp4ifwh5thalohmq,Soccer,79plas4983031idr6vw83nuel,Men,bu1l7ckihyr0errxw61p0m05,Czech Liga,Czech First League,Chance liga,CZL,Domestic league,5md5tpwr2nmqao528prx43jr7,Czechia,ei2lksxq5fb6mh8yzxqatwnx0,2026-07-25Z,2027-05-24Z,2026/2027,ejo28sdb3kcl4zgkwjbc8ncb8,e2q01r9o9jwiq1fls93d1sslx,2026-07-25Z,2027-04-24Z,Regular Season,9ydptb7ki97jxrfex1l4tvcq6,no,Stadion Letná,Stadion Letná,49.231309756,17.669309378,14,Played,2026-07-25,17:00:00,away,94.0,47.0,"[{'id': 1, 'start': '2026-07-25T15:00:15Z', 'end': '2026-07-25T15:45:34Z', 'lengthMin': 45, 'lengthSec': 19}, {'id': 2, 'start': '2026-07-25T16:01:55Z', 'end': '2026-07-25T16:51:23Z', 'lengthMin': 49, 'lengthSec': 28, 'announcedInjuryTime': 240}]",0.0,0.0,0.0,1.0,0.0,1.0,"[{'contestantId': 'dfvvrv84skv23rsn1k6kt4slc', 'periodId': 2, 'timeMin': 60, 'timeMinSec': '59:06', 'lastUpdated': '2026-07-25T16:17:02Z', 'timestamp': '2026-07-25T16:16:02Z', 'type': 'G', 'scorerId': '428kqbonea29aiv0drqpqh2hh', 'scorerName': 'V. Jurečka', 'assistPlayerId': '3y1hr2kxzhzcmv1dllixjbo5w', 'assistPlayerName': 'A. Musák', 'optaEventId': '2948890405', 'homeScore': 0, 'awayScore': 1}]","[{'contestantId': 'aj1nbeiatqrs6e47mnhjidn15', 'periodId': 2, 'timeMin': 72, 'timeMinSec': '71:04', 'lastUpdated': '2026-07-25T16:28:11Z', 'timestamp': '2026-07-25T16:28:00Z', 'type': 'YC', 'playerId': '80cmrj6gc8fb953dr7h91ual0', 'playerName': 'T. Hellebrand', 'optaEventId': '2948895317', 'cardReason': 'Foul'}, {'contestantId': 'aj1nbeiatqrs6e47mnhjidn15', 'periodId': 2, 'timeMin': 91, 'timeMinSec': '90:39', 'lastUpdated': '2026-07-25T16:47:41Z', 'timestamp': '2026-07-25T16:47:34Z', 'type': 'YC', 'playerId': '2xdnx2egg51d9cnec3h1lba3t', 'playerName': 'M. Pišoja', 'optaEventId': '2948904149', 'cardReason': 'Foul'}, {'contestantId': 'aj1nbeiatqrs6e47mnhjidn15', 'periodId': 2, 'timeMin': 92, 'timeMinSec': '91:37', 'lastUpdated': '2026-07-25T16:48:57Z', 'timestamp': '2026-07-25T16:48:33Z', 'type': 'YC', 'playerId': 'abm9chfqtlt7fwzwu00vx0e6t', 'playerName': 'T. Poznar', 'optaEventId': '2948904535', 'cardReason': 'Foul'}]","[{'contestantId': 'aj1nbeiatqrs6e47mnhjidn15', 'periodId': 2, 'timeMin': 64, 'timeMinSec': '64:00', 'lastUpdated': '2026-07-25T16:21:02Z', 'timestamp': '2026-07-25T16:20:56Z', 'playerOnId': 'abm9chfqtlt7fwzwu00vx0e6t', 'playerOnName': 'T. Poznar', 'playerOffId': 'r2qv824sfah5ofxkyd7e08pg', 'playerOffName': 'D. Šmiga', 'subReason': 'Tactical'}, {'contestantId': 'aj1nbeiatqrs6e47mnhjidn15', 'periodId': 2, 'timeMin': 65, 'timeMinSec': '64:17', 'lastUpdated': '2026-07-25T16:21:17Z', 'timestamp': '2026-07-25T16:21:13Z', 'playerOnId': 'j0kr8o8z9tvprq2blwoofj10', 'playerOnName': 'F. Dorňák', 'playerOffId': '9jgpq53fiudlh6q210nvhtd5h', 'playerOffName': 'L. Bartošák', 'subReason': 'Tactical'}, {'contestantId': 'dfvvrv84skv23rsn1k6kt4slc', 'periodId': 2, 'timeMin': 66, 'timeMinSec': '65:52', 'lastUpdated': '2026-07-25T16:23:00Z', 'timestamp': '2026-07-25T16:22:48Z', 'playerOnId': 'cu414j6tqk82k4yc7rzd4rysp', 'playerOnName': 'F. Kubala', 'playerOffId': '3y1hr2kxzhzcmv1dllixjbo5w', 'playerOffName': 'A. Musák', 'subReason': 'Tactical'}, {'contestantId': 'dfvvrv84skv23rsn1k6kt4slc', 'periodId': 2, 'timeMin': 66, 'timeMinSec': '65:54', 'lastUpdated': '2026-07-25T16:22:54Z', 'timestamp': '2026-07-25T16:22:50Z', 'playerOnId': '5wgwd67f9n3qshemsag55cjdg', 'playerOnName': 'D. Gilbert', 'playerOffId': '428kqbonea29aiv0drqpqh2hh', 'playerOffName': 'V. Jurečka', 'subReason': 'Tactical'}, {'contestantId': 'aj1nbeiatqrs6e47mnhjidn15', 'periodId': 2, 'timeMin': 75, 'timeMinSec': '74:46', 'lastUpdated': '2026-07-25T16:31:47Z', 'timestamp': '2026-07-25T16:31:42Z', 'playerOnId': 'f1jtc84nzr9xc460sn8csbk0k', 'playerOnName': 'T. Fojtu', 'playerOffId': '8mh53t7xicq7stqgqxqcer9ck', 'playerOffName': 'T. Ulbrich', 'subReason': 'Tactical'}, {'contestantId': 'aj1nbeiatqrs6e47mnhjidn15', 'periodId': 2, 'timeMin': 75, 'timeMinSec': '74:57', 'lastUpdated': '2026-07-25T16:31:59Z', 'timestamp': '2026-07-25T16:31:52Z', 'playerOnId': 'evl8feb4btmjfp6yz61syf0iy', 'playerOnName': 'M. Cupák', 'playerOffId': '80cmrj6gc8fb953dr7h91ual0', 'playerOffName': 'T. Hellebrand', 'subReason': 'Tactical'}, {'contestantId': 'dfvvrv84skv23rsn1k6kt4slc', 'periodId': 2, 'timeMin': 78, 'timeMinSec': '77:29', 'lastUpdated': '2026-07-25T16:34:31Z', 'timestamp': '2026-07-25T16:34:25Z', 'playerOnId': 'bowlrae6ezghypthbq6zao55g', 'playerOnName': 'V. Škrkoň', 'playerOffId': '7i50ep9riukrbrm9iywvy5nv8', 'playerOffName': 'A. Gning', 'subReason': 'Tactical'}, {'contestantId': 'dfvvrv84skv23rsn1k6kt4slc', 'periodId': 2, 'timeMin': 78, 'timeMinSec': '77:33', 'lastUpdated': '2026-07-25T16:34:34Z', 'timestamp': '2026-07-25T16:34:29Z', 'playerOnId': '9udih61a8rpolajfiwzfu0bmd', 'playerOnName': 'D. Holzer', 'playerOffId': 'cen47oljunpmotfb2bgomqfbo', 'playerOffName': 'D. Planka', 'subReason': 'Injury'}, {'contestantId': 'aj1nbeiatqrs6e47mnhjidn15', 'periodId': 2, 'timeMin': 89, 'timeMinSec': '88:23', 'lastUpdated': '2026-07-25T16:45:26Z', 'timestamp': '2026-07-25T16:45:19Z', 'playerOnId': '5amx1lepyd3c1nnc5at505zbo', 'playerOnName': 'M. Toure', 'playerOffId': 'e9hgvxi5mkl4ug3f452sofytw', 'playerOffName': 'F. Appiah', 'subReason': 'Tactical'}, {'contestantId': 'dfvvrv84skv23rsn1k6kt4slc', 'periodId': 2, 'timeMin': 90, 'timeMinSec': '89:21', 'lastUpdated': '2026-07-25T16:46:23Z', 'timestamp': '2026-07-25T16:46:17Z', 'playerOnId': 'e2tr6610dr5kvfl5ohu7sdzp', 'playerOnName': 'M. Frydrych', 'playerOffId': '9vw2oyy2bom3l943iptf61v6c', 'playerOffName': 'A. Bewene', 'subReason': 'Tactical'}]","[{'id': '5la446vnnsoijnxm0mugfg67e', 'type': 'Main', 'firstName': 'Dalibor', 'lastName': 'Černý', 'shortFirstName': 'Dalibor', 'shortLastName': 'Cerny'}, {'id': 'can6d3ta9ghozcmcsm4htry1g', 'type': 'Assistant referee 1', 'firstName': 'Marek', 'lastName': 'Malimánek', 'shortFirstName': 'Marek', 'shortLastName': 'Malimánek'}, {'id': '2rebkggx2siw0oyp63unoiplg', 'type': 'Assistant referee 2', 'firstName': 'David', 'lastName': 'Žurovec', 'shortFirstName': 'David', 'shortLastName': 'Zurovec'}, {'id': '341xxz1vzy7havqnfvanpl3o', 'type': 'Fourth official', 'firstName': 'Matěj', 'lastName': 'Kubečka', 'shortFirstName': 'Matej', 'shortLastName': 'Kubecka'}, {'id': '1demlokx3jf1ki4t8ryxh8out', 'type': 'Video Assistant Referee', 'firstName': 'Jiri', 'lastName': 'Adam', 'shortFirstName': 'Jiri', 'shortLastName': 'Adam'}, {'id': 'ch4u8xh7u5imotyifvdbl0id', 'type': 'Assistant VAR Official', 'firstName': 'Jakub', 'lastName': 'Hrabovský', 'shortFirstName': 'Jakub', 'shortLastName': 'Hrabovsky'}]",5513,,aj1nbeiatqrs6e47mnhjidn15,Zlín,Zlín,FC Zlín,ZLI,home,"{""id"": ""5md5tpwr2nmqao528prx43jr7"", ""name"": ""Czechia""}",dfvvrv84skv23rsn1k6kt4slc,Baník Ostrava,Ostrava,FC Baník Ostrava,FCB,away,"{""id"": ""5md5tpwr2nmqao528prx43jr7"", ""name"": ""Czechia""}"
dqb4eynr593fzdmj7k3r5785w,13,2026-07-25Z,15:00:00Z,1,2,45,1,2026-07-25T17:19:50Z,Viktoria Plzeň vs Slovan Liberec,289u5typ3vp4ifwh5thalohmq,Soccer,79plas4983031idr6vw83nuel,Men,bu1l7ckihyr0errxw61p0m05,Czech Liga,Czech First League,Chance liga,CZL,Domestic league,5md5tpwr2nmqao528prx43jr7,Czechia,ei2lksxq5fb6mh8yzxqatwnx0,2026-07-25Z,2027-05-24Z,2026/2027,ejo28sdb3kcl4zgkwjbc8ncb8,e2q01r9o9jwiq1fls93d1sslx,2026-07-25Z,2027-04-24Z,Regular Season,d601gpjtfe63bz3lcrpdc9n3l,no,Doosan Aréna,Doosan Aréna,49.750074229,13.385446072,14,Played,2026-07-25,17:00:00,away,96.0,37.0,"[{'id': 1, 'start': '2026-07-25T15:01:09Z', 'end': '2026-07-25T15:47:26Z', 'lengthMin': 46, 'lengthSec': 17, 'announcedInjuryTime': 60}, {'id': 2, 'start': '2026-07-25T16:03:53Z', 'end': '2026-07-25T16:54:13Z', 'lengthMin': 50, 'lengthSec': 20, 'announcedInjuryTime': 300}]",0.0,1.0,1.0,3.0,1.0,3.0,"[{'contestantId': 'c6fx1460nlkawjgh67sp7a1hd', 'periodId': 1, 'timeMin': 27, 'timeMinSec': '26:32', 'lastUpdated': '2026-07-25T15:29:04Z', 'timestamp': '2026-07-25T15:27:42Z', 'type': 'OG', 'scorerId': 'cx081k5lkivuv5esvs04s7r3d', 'scorerName': 'T. Ladra', 'optaEventId': '2948865823', 'homeScore': 0, 'awayScore': 1}, {'contestantId': 'c6fx1460nlkawjgh67sp7a1hd', 'periodId': 2, 'timeMin': 51, 'timeMinSec': '50:30', 'lastUpdated': '2026-07-25T16:10:21Z', 'timestamp': '2026-07-25T16:09:24Z', 'type': 'PG', 'scorerId': '20aj0zcehiq6qz6kgxnlb24iy', 'scorerName': 'D. Krčík', 'optaEventId': '2948886547', 'homeScore': 1, 'awayScore': 1}, {'contestantId': '2c4rs2vp0tyjiqa7y3gfttf24', 'periodId': 2, 'timeMin': 76, 'timeMinSec': '75:34', 'lastUpdated': '2026-07-25T16:35:28Z', 'timestamp': '2026-07-25T16:34:28Z', 'type': 'G', 'scorerId': '20u1fl1nr2r79lqyonfpewoic', 'scorerName': 'S. Afolabi', 'assistPlayerId': '73akea5hi9ygl6lbnd5thp79w', 'assistPlayerName': 'P. Dulay', 'optaEventId': '2948897553', 'homeScore': 1, 'awayScore': 2}, {'contestantId': '2c4rs2vp0tyjiqa7y3gfttf24', 'periodId': 2, 'timeMin': 95, 'timeMinSec': '94:11', 'lastUpdated': '2026-07-25T16:53:17Z', 'timestamp': '2026-07-25T16:53:05Z', 'type': 'G', 'scorerId': '73akea5hi9ygl6lbnd5thp79w', 'scorerName': 'P. Dulay', 'optaEventId': '2948905973', 'homeScore': 1, 'awayScore': 3}]","[{'contestantId': '2c4rs2vp0tyjiqa7y3gfttf24', 'periodId': 1, 'timeMin': 44, 'timeMinSec': '43:20', 'lastUpdated': '2026-07-25T15:45:10Z', 'timestamp': '2026-07-25T15:44:29Z', 'type': 'YC', 'playerId': 'dn9eq343mhbkqe90tnsi4fhii', 'playerName': 'J. Koželuh', 'optaEventId': '2948875477', 'cardReason': 'Foul'}, {'contestantId': '2c4rs2vp0tyjiqa7y3gfttf24', 'periodId': 2, 'timeMin': 47, 'timeMinSec': '46:21', 'lastUpdated': '2026-07-25T16:05:21Z', 'timestamp': '2026-07-25T16:05:14Z', 'type': 'YC', 'playerId': 'eau0au7g5dqxc7zwp8ia40qju', 'playerName': 'P. Hodouš', 'optaEventId': '2948884253', 'cardReason': 'Foul'}, {'contestantId': 'c6fx1460nlkawjgh67sp7a1hd', 'periodId': 2, 'timeMin': 55, 'timeMinSec': '54:25', 'lastUpdated': '2026-07-25T16:13:33Z', 'timestamp': '2026-07-25T16:13:19Z', 'type': 'YC', 'playerId': 'a145j0ygpazk4wq1qo8wiamz9', 'playerName': 'M. Vydra', 'optaEventId': '2948888901', 'cardReason': 'Foul'}, {'contestantId': '2c4rs2vp0tyjiqa7y3gfttf24', 'periodId': 2, 'timeMin': 74, 'timeMinSec': '73:12', 'lastUpdated': '2026-07-25T16:32:14Z', 'timestamp': '2026-07-25T16:32:06Z', 'type': 'YC', 'playerId': '2ijin6mf3w7hbzuju1jpmoq8l', 'playerName': 'L. Masopust', 'optaEventId': '2948896659', 'cardReason': 'Foul'}, {'contestantId': '2c4rs2vp0tyjiqa7y3gfttf24', 'periodId': 2, 'timeMin': 79, 'timeMinSec': '78:43', 'lastUpdated': '2026-07-25T16:37:45Z', 'timestamp': '2026-07-25T16:37:36Z', 'type': 'YC', 'playerId': 'azph2f84zhlvg4wd8tleydkdm', 'playerName': 'R. Krollis', 'optaEventId': '2948898871', 'cardReason': 'Foul'}, {'contestantId': 'c6fx1460nlkawjgh67sp7a1hd', 'periodId': 2, 'timeMin': 82, 'timeMinSec': '81:24', 'lastUpdated': '2026-07-25T16:40:27Z', 'timestamp': '2026-07-25T16:40:17Z', 'type': 'YC', 'playerId': 'c1k7kuw3phizkxjpqwb38wlw', 'playerName': 'S. Boháč', 'optaEventId': '2948900167', 'cardReason': 'Foul'}, {'contestantId': '2c4rs2vp0tyjiqa7y3gfttf24', 'periodId': 2, 'timeMin': 90, 'timeMinSec': '89:35', 'lastUpdated': '2026-07-25T16:48:36Z', 'timestamp': '2026-07-25T16:48:29Z', 'type': 'YC', 'playerId': '73akea5hi9ygl6lbnd5thp79w', 'playerName': 'P. Dulay', 'optaEventId': '2948904461', 'cardReason': 'Foul'}]","[{'contestantId': 'c6fx1460nlkawjgh67sp7a1hd', 'periodId': 2, 'timeMin': 46, 'timeMinSec': '45:00', 'lastUpdated': '2026-07-25T16:03:14Z', 'timestamp': '2026-07-25T16:03:09Z', 'playerOnId': '7jn5h7jsuo99i3pvnodqhhpuc', 'playerOnName': 'S. Pirgić', 'playerOffId': '4riunfstr4l3lqrrd0lffv7fu', 'playerOffName': 'L. Červ', 'subReason': 'Tactical'}, {'contestantId': 'c6fx1460nlkawjgh67sp7a1hd', 'periodId': 2, 'timeMin': 46, 'timeMinSec': '45:00', 'lastUpdated': '2026-07-25T16:03:37Z', 'timestamp': '2026-07-25T16:03:09Z', 'playerOnId': 'a3q75g4ni6a5w8ajin85rsacq', 'playerOnName': 'C. Kabongo', 'playerOffId': '5nqonu6ea844ish2k3m5le3je', 'playerOffName': 'D. Višinský', 'subReason': 'Tactical'}, {'contestantId': 'c6fx1460nlkawjgh67sp7a1hd', 'periodId': 2, 'timeMin': 46, 'timeMinSec': '45:00', 'lastUpdated': '2026-07-25T16:03:44Z', 'timestamp': '2026-07-25T16:03:09Z', 'playerOnId': 'c1k7kuw3phizkxjpqwb38wlw', 'playerOnName': 'S. Boháč', 'playerOffId': '96deivn85excx5vovtoh758no', 'playerOffName': 'A. Memić', 'subReason': 'Tactical'}, {'contestantId': 'c6fx1460nlkawjgh67sp7a1hd', 'periodId': 2, 'timeMin': 46, 'timeMinSec': '45:00', 'lastUpdated': '2026-07-25T16:04:29Z', 'timestamp': '2026-07-25T16:03:09Z', 'playerOnId': 'a145j0ygpazk4wq1qo8wiamz9', 'playerOnName': 'M. Vydra', 'playerOffId': '6vxucvj17fyi50b1ce4k43sb8', 'playerOffName': 'S. Lawal', 'subReason': 'Tactical'}, {'contestantId': '2c4rs2vp0tyjiqa7y3gfttf24', 'periodId': 2, 'timeMin': 62, 'timeMinSec': '61:45', 'lastUpdated': '2026-07-25T16:20:44Z', 'timestamp': '2026-07-25T16:20:39Z', 'playerOnId': '20u1fl1nr2r79lqyonfpewoic', 'playerOnName': 'S. Afolabi', 'playerOffId': 'eau0au7g5dqxc7zwp8ia40qju', 'playerOffName': 'P. Hodouš', 'subReason': 'Tactical'}, {'contestantId': '2c4rs2vp0tyjiqa7y3gfttf24', 'periodId': 2, 'timeMin': 62, 'timeMinSec': '61:55', 'lastUpdated': '2026-07-25T16:20:53Z', 'timestamp': '2026-07-25T16:20:49Z', 'playerOnId': '7bdvpsz3j3cr38n0ltxqaj5jp', 'playerOnName': 'J. Mikula', 'playerOffId': 'dn9eq343mhbkqe90tnsi4fhii', 'playerOffName': 'J. Koželuh', 'subReason': 'Tactical'}, {'contestantId': '2c4rs2vp0tyjiqa7y3gfttf24', 'periodId': 2, 'timeMin': 75, 'timeMinSec': '74:21', 'lastUpdated': '2026-07-25T16:33:20Z', 'timestamp': '2026-07-25T16:33:15Z', 'playerOnId': '8yw0no16xd4sgbpvwx95d7uac', 'playerOnName': 'F. Faye', 'playerOffId': '8uvwdn4qumwhi0pl5kx9dx3sa', 'playerOffName': 'V. Stránský', 'subReason': 'Tactical'}, {'contestantId': '2c4rs2vp0tyjiqa7y3gfttf24', 'periodId': 2, 'timeMin': 75, 'timeMinSec': '74:30', 'lastUpdated': '2026-07-25T16:33:30Z', 'timestamp': '2026-07-25T16:33:24Z', 'playerOnId': 'azph2f84zhlvg4wd8tleydkdm', 'playerOnName': 'R. Krollis', 'playerOffId': '6marp4xhjkoal9ax2zx9kap78', 'playerOffName': 'L. Mašek', 'subReason': 'Tactical'}, {'contestantId': 'c6fx1460nlkawjgh67sp7a1hd', 'periodId': 2, 'timeMin': 81, 'timeMinSec': '80:48', 'lastUpdated': '2026-07-25T16:39:48Z', 'timestamp': '2026-07-25T16:39:41Z', 'playerOnId': '45uvqc6sygrc8f7qnxynj105w', 'playerOnName': 'B. Faal', 'playerOffId': 'cx081k5lkivuv5esvs04s7r3d', 'playerOffName': 'T. Ladra', 'subReason': 'Tactical'}, {'contestantId': '2c4rs2vp0tyjiqa7y3gfttf24', 'periodId': 2, 'timeMin': 86, 'timeMinSec': '85:43', 'lastUpdated': '2026-07-25T16:44:43Z', 'timestamp': '2026-07-25T16:44:37Z', 'playerOnId': '59clzbjr79ql4nsqgoni54uwa', 'playerOnName': 'L. Letenay', 'playerOffId': 'gq4abws0ogyk223tpkxy5ex', 'playerOffName': 'V. Kušej', 'subReason': 'Tactical'}]","[{'id': '1t3bq0i30erkyiqfs7ey8ems', 'type': 'Main', 'firstName': 'Karel', 'lastName': 'Rouček', 'shortFirstName': 'Karel', 'shortLastName': 'Roucek'}, {'id': 'ejiex1bka90x4weeb2mr41ixg', 'type': 'Assistant referee 1', 'firstName': 'Lukáš', 'lastName': 'Machač', 'shortFirstName': 'Lukás', 'shortLastName': 'Machac'}, {'id': '79ibuvli9g6519edl38qhoamt', 'type': 'Assistant referee 2', 'firstName': 'Petr', 'lastName': 'Kotalík', 'shortFirstName': 'Petr', 'shortLastName': 'Kotalík'}, {'id': 'bsatlcbrxqyfgo9bbt6pgqyfp', 'type': 'Fourth official', 'firstName': 'Pavel', 'lastName': 'Orel', 'shortFirstName': 'Pavel', 'shortLastName': 'Orel'}, {'id': '9qwmjl5v1ceob56lhgx9etv4l', 'type': 'Video Assistant Referee', 'firstName': 'Tomáš', 'lastName': 'Kocourek', 'shortFirstName': 'Tomás', 'shortLastName': 'Kocourek'}, {'id': '5d2pzjjw1yymz8mkdfjywi1nt', 'type': 'Assistant VAR Official', 'firstName': 'Kamil', 'lastName': 'Hájek', 'shortFirstName': 'Kamil', 'shortLastName': 'Hájek'}]",10068,"[{'contestantId': 'c6fx1460nlkawjgh67sp7a1hd', 'periodId': 2, 'timeMin': 49, 'timeMinSec': '48:28', 'lastUpdated': '2026-07-25T16:07:43Z', 'timestamp': '2026-07-25T16:07:22Z', 'type': 'Penalty not awarded', 'decision': 'Cancelled', 'outcome': 'Penalty', 'playerId': 'ama1ibpjcfu206icrfmkgfavp', 'playerName': 'P. Hrošovský', 'optaEventId': '2948885535'}]",c6fx1460nlkawjgh67sp7a1hd,Viktoria Plzeň,Plzeň,FC Viktoria Plzeň,PLZ,home,"{""id"": ""5md5tpwr2nmqao528prx43jr7"", ""name"": ""Czechia""}",2c4rs2vp0tyjiqa7y3gfttf24,Slovan Liberec,Liberec,FC Slovan Liberec,LIB,away,"{""id"": ""5md5tpwr2nmqao528prx43jr7"", ""name"": ""Czechia""}"
